商品,订单号,订单状态,商品数量(件),是否审核中,支付时间,承诺发货时间,承诺送达时间,发货时间,确认收货时间,商品id,商品规格,样式ID,商品一级类目,商品二级类目,商品三级类目,商品四级类目,商家编码-规格维度,商家编码-商品维度,商家备注,买家留言,售后状态,消费者资料,订单成交时间,消费者资料上传时间,赠品名称,赠品id,赠品规格,赠品数量,团ID,团身份,是否已开始配送,配送员是否已送达,配送状态,同城是否普通快递,集运类型,赠品订单号,商品总价(元),邮费(元),店铺优惠折扣(元),平台优惠折扣(元),多多支付立减金额(元),上门安装费(元),送货入户费(元),送货入户并安装费(元),用户实付金额(元),商家实收金额(元),快递单号,快递公司,省,市,区,街道/镇,配送员手机号,是否抽奖或0元试用,是否顺丰加价,用户购买手机号,旅行类信息,充值号码,是否门店自提,门店名称,门店自定义编码,关联货品编码,货品名称,货品类型,子货品,仓库名称,仓库所在地址,海淘清关订单号,支付ID,支付方式,保税仓,是否直播间成交,是否直播间引导成交,预约配送时间,是否节能补贴,是否分期,分期期数,手续费承担方,是否无痕发货,订单来源,是否社区团购,小区送达情况,分期方式,是否已上传证件照片
【重磅新品】云米净水器600G小海豚升级版厨下式RO反渗透直饮家用,251106-482124787340788,待发货,1	,正常,2025-11-07 00:01:38,2025-11-11 00:01:38,,	,	,225501370546	,【24年新品】600G升级版6年长效,1600502140541	,厨房电器,净水器/净水设备及配件耗材,净水器,	,6923185653684	,6923185616399	,延迟发货已登 [viomi莉莉sk 11/07 09:00],	,无售后或售后取消,,2025-11-07 00:01:38,	,,,,,,,否,否,	,否,	,,558.99	,0.0	,0.0	,55.89	,15.0	,0.0	,0.0	,0.0	,503.1	,558.99	,	,	,山西省,长治市,沁县,,,否,否,	,	,	,否,	,	,	,	,	,	,	,	,	,	,	,	,否,是,	,否,否,,	,否,	,否,,,否
【重磅新品】云米净水器600G小海豚升级版厨下式RO反渗透直饮家用,251106-064906882583218,待发货,1	,正常,2025-11-06 23:56:42,2025-11-07 23:56:42,,	,	,225501370546	,【24年新品】600G升级版6年长效,1600502140541	,厨房电器,净水器/净水设备及配件耗材,净水器,	,6923185653684	,6923185616399	,主播：梦如 场控：文蓝	权益：直播间抽奖10元红包,	,无售后或售后取消,,2025-11-06 23:56:42,	,,,,,,,否,否,	,否,	,,558.99	,0.0	,0.0	,30.0	,0.0	,0.0	,0.0	,0.0	,528.99	,558.99	,	,	,浙江省,宁波市,北仑区,,,否,否,	,	,	,否,	,	,	,	,	,	,	,	,	,	,	,	,是,是,	,否,否,,	,否,	,否,,,否
【母婴直饮】云米净水器 SE 600G+ 新升级厨下式RO反渗透直饮家用,251106-145018120552512,未发货，退款成功,1	,正常,2025-11-06 23:54:23,2025-11-07 23:54:24,,	,	,819506595979	,【24年新品】600G升级版6年长效,1787046011387	,厨房电器,净水器/净水设备及配件耗材,净水器,	,6923185653684	,6923185616399	,聚水潭已取消发货，仅退款  诚11.7,	,退款成功,,2025-11-06 23:54:24,	,,,,,,,否,否,	,否,	,,748.0	,0.0	,139.6	,50.0	,0.0	,0.0	,0.0	,0.0	,558.4	,608.4	,	,	,山西省,太原市,万柏林区,,,否,否,	,	,	,否,	,	,	,	,	,	,	,	,	,	,	,	,否,否,	,否,否,,	,否,	,否,,,否
【重磅新品】云米净水器600G小海豚升级版厨下式RO反渗透直饮家用,251106-400671403642386,待发货,1	,正常,2025-11-06 23:51:42,2025-11-07 23:51:43,,	,	,225501370546	,【24年新品】600G升级版6年长效,1600502140541	,厨房电器,净水器/净水设备及配件耗材,净水器,	,6923185653684	,6923185616399	,	,	,无售后或售后取消,,2025-11-06 23:51:43,	,,,,,,,否,否,	,否,	,,558.99	,0.0	,0.0	,55.89	,0.0	,0.0	,0.0	,0.0	,503.1	,558.99	,	,	,四川省,成都市,青羊区,,,否,否,	,	,	,否,	,	,	,	,	,	,	,	,	,	,	,	,否,否,	,否,否,,	,否,	,否,,,否
【母婴直饮】云米净水器 SE 600G+ 新升级厨下式RO反渗透直饮家用,251106-273185533464050,已发货，待收货,1	,正常,2025-11-06 23:50:32,2025-11-07 23:50:32,,2025-11-07 09:30:28,	,819506595979	,【24年新品】600G升级版6年长效,1787046011387	,厨房电器,净水器/净水设备及配件耗材,净水器,	,6923185653684	,6923185616399	,	,	,无售后或售后取消,,2025-11-06 23:50:32,	,,,,,,,否,否,	,否,	,,748.0	,0.0	,138.2	,57.0	,0.0	,0.0	,0.0	,0.0	,552.8	,609.8	,JDV023905977100,京东配送,辽宁省,沈阳市,于洪区,,,否,否,	,	,	,否,	,	,	,	,	,	,	,	,	,	,	,	,否,否,	,否,否,,	,否,	,否,,,否
【母婴直饮】云米净水器 SE 600G+ 新升级厨下式RO反渗透直饮家用,251106-561260797453789,待付款,1	,正常,	,	,,	,	,819506595979	,【24年新品】600G升级版6年长效,1787046011387	,厨房电器,净水器/净水设备及配件耗材,净水器,	,6923185653684	,6923185616399	,	,	,无售后或售后取消,,	,	,,,,,,,否,否,	,否,	,,748.0	,0.0	,149.6	,0.0	,0.0	,0.0	,0.0	,0.0	,598.4	,598.4	,	,	,****,****,****,****,,否,否,	,	,	,否,	,	,	,	,	,	,	,	,	,	,	,	,否,否,	,否,	,,	,否,	,否,,,否
【母婴直饮】云米净水器 SE 600G+ 新升级厨下式RO反渗透直饮家用,251106-421160610152512,已取消,1	,正常,	,	,,	,	,819506595979	,【24年新品】600G升级版6年长效,1787046011387	,厨房电器,净水器/净水设备及配件耗材,净水器,	,6923185653684	,6923185616399	,	,	,无售后或售后取消,,	,	,,,,,,,否,否,	,否,	,,748.0	,0.0	,139.6	,50.0	,0.0	,0.0	,0.0	,0.0	,558.4	,608.4	,	,	,****,****,****,****,,否,否,	,	,	,否,	,	,	,	,	,	,	,	,	,	,	,	,否,否,	,否,	,,	,否,	,否,,,否
【重磅新品】云米净水器600G小海豚升级版厨下式RO反渗透直饮家用,251106-400031803753800,已取消,1	,正常,	,	,,	,	,225501370546	,【24年新品】600G升级版6年长效,1600502140541	,厨房电器,净水器/净水设备及配件耗材,净水器,	,6923185653684	,6923185616399	,	,	,无售后或售后取消,,	,	,,,,,,,否,否,	,否,	,,558.99	,0.0	,0.0	,0.35	,0.0	,0.0	,0.0	,0.0	,558.64	,558.99	,	,	,****,****,****,****,,否,否,	,	,	,否,	,	,	,	,	,	,	,	,	,	,	,	,否,否,	,否,	,,	,否,	,否,,,否
【重磅新品】云米净水器600G小海豚升级版厨下式RO反渗透直饮家用,251106-283707993641039,已取消,1	,正常,	,	,,	,	,225501370546	,【24年新品】600G升级版6年长效,1600502140541	,厨房电器,净水器/净水设备及配件耗材,净水器,	,6923185653684	,6923185616399	,	,	,无售后或售后取消,,	,	,,,,,,,否,否,	,否,	,,558.99	,0.0	,0.0	,0.0	,0.0	,0.0	,0.0	,0.0	,558.99	,558.99	,	,	,****,****,****,****,,否,否,	,	,	,否,	,	,	,	,	,	,	,	,	,	,	,	,否,否,	,否,	,,	,否,	,否,,,否
【重磅新品】云米净水器600G小海豚升级版厨下式RO反渗透直饮家用,251106-614287306340076,已发货，待收货,1	,正常,2025-11-06 23:32:36,2025-11-07 23:32:36,,2025-11-07 09:44:49,	,225501370546	,【24年新品】600G升级版6年长效,1600502140541	,厨房电器,净水器/净水设备及配件耗材,净水器,	,6923185653684	,6923185616399	,	,	,无售后或售后取消,,2025-11-06 23:32:36,	,,,,,,,否,否,	,否,	,,558.99	,0.0	,0.0	,0.0	,1.11	,0.0	,0.0	,0.0	,558.99	,558.99	,JDV023903909952,京东大件物流,山西省,临汾市,汾西县,,,否,否,	,	,	,否,	,	,	,	,	,	,	,	,	,	,	,	,否,否,	,否,否,,	,否,	,否,,,否
【重磅新品】云米净水器600G小海豚升级版厨下式RO反渗透直饮家用,251106-052554657283914,已发货，待收货,1	,正常,2025-11-06 23:27:53,2025-11-07 23:27:53,,2025-11-07 09:21:08,	,225501370546	,【24年新品】600G升级版6年长效,1600502140541	,厨房电器,净水器/净水设备及配件耗材,净水器,	,6923185653684	,6923185616399	,	,	,无售后或售后取消,,2025-11-06 23:27:53,	,,,,,,,否,否,	,否,	,,558.99	,0.0	,0.0	,0.0	,0.0	,0.0	,0.0	,0.0	,558.99	,558.99	,JDV023905338999,京东大件物流,福建省,泉州市,石狮市,,,否,否,	,	,	,否,	,	,	,	,	,	,	,	,	,	,	,	,否,否,	,否,否,,	,否,	,否,,,否
【重磅新品】云米净水器600G小海豚升级版厨下式RO反渗透直饮家用,251106-597101187403550,已发货，待收货,1	,正常,2025-11-06 23:24:56,2025-11-07 23:24:56,,2025-11-07 09:45:08,	,225501370546	,【24年新品】600G升级版6年长效,1600502140541	,厨房电器,净水器/净水设备及配件耗材,净水器,	,6923185653684	,6923185616399	,	,	,无售后或售后取消,,2025-11-06 23:24:56,	,,,,,,,否,否,	,否,	,,558.99	,0.0	,0.0	,0.0	,0.0	,0.0	,0.0	,0.0	,558.99	,558.99	,JDV023904023211,京东大件物流,河南省,郑州市,高新技术开发区,,,否,否,	,	,	,否,	,	,	,	,	,	,	,	,	,	,	,	,否,否,	,否,否,,	,否,	,否,,,否
Viomi云米净水器1000G厨下式RO反渗透直饮过滤器净饮小海豚2,251106-596681715223397,待付款,1	,正常,	,	,,	,	,205458105137	,小海豚2包安装1000G大加仑,1802849942800	,厨房电器,净水器/净水设备及配件耗材,净水器,	,6923185654865	,	,	,	,无售后或售后取消,,	,	,,,,,,,否,否,	,否,	,,999.0	,0.0	,100.0	,89.9	,0.0	,0.0	,0.0	,0.0	,809.1	,899.0	,	,	,****,****,****,****,,否,否,	,	,	,否,	,	,	,	,	,	,	,	,	,	,	,	,否,否,	,否,	,,	,否,	,否,,,否
VIOMI云米净水器大通量小海豚800G反渗透RO厨下式家用长效滤芯,251106-222644180480339,已发货，待收货,1	,正常,2025-11-06 23:23:38,2025-11-07 23:23:38,,2025-11-07 09:14:30,	,837957770723	,800G大通量纯水机,1809123722986	,厨房电器,净水器/净水设备及配件耗材,净水器,	,6923185653974	,	,	,	,无售后或售后取消,,2025-11-06 23:23:38,	,,,,,,,否,否,	,否,	,,699.0	,0.0	,10.0	,50.0	,0.0	,0.0	,0.0	,0.0	,639.0	,689.0	,JDV023905330811,京东大件物流,广东省,阳江市,江城区,,,否,否,	,	,	,否,	,	,	,	,	,	,	,	,	,	,	,	,否,是,	,否,否,,	,否,	,否,,,否
【母婴直饮】云米净水器 SE 600G+ 新升级厨下式RO反渗透直饮家用,251106-328959280700842,已发货，待收货,1	,正常,2025-11-06 23:12:07,2025-11-07 23:12:07,,2025-11-07 09:29:04,	,819506595979	,【24年新品】600G升级版6年长效,1787046011387	,厨房电器,净水器/净水设备及配件耗材,净水器,	,6923185653684	,6923185616399	,	,	,无售后或售后取消,,2025-11-06 23:12:07,	,,,,,,,否,否,	,否,	,,748.0	,0.0	,141.0	,43.0	,0.0	,0.0	,0.0	,0.0	,564.0	,607.0	,JDV023904036530,京东配送,山东省,威海市,乳山市,,,否,否,	,	,	,否,	,	,	,	,	,	,	,	,	,	,	,	,否,否,	,否,否,,	,否,	,否,,,否
【母婴直饮】云米净水器 SE 600G+ 新升级厨下式RO反渗透直饮家用,251106-510866234940842,未发货，退款成功,1	,正常,2025-11-06 23:10:35,2025-11-07 23:10:36,,	,	,819506595979	,【24年新品】600G升级版6年长效,1787046011387	,厨房电器,净水器/净水设备及配件耗材,净水器,	,6923185653684	,6923185616399	,聚水潭已取消发货，仅退款  诚11.7,	,退款成功,,2025-11-06 23:10:36,	,,,,,,,否,否,	,否,	,,748.0	,0.0	,141.0	,43.0	,0.0	,0.0	,0.0	,0.0	,564.0	,607.0	,	,	,山东省,威海市,乳山市,,,否,否,	,	,	,否,	,	,	,	,	,	,	,	,	,	,	,	,否,否,	,否,否,,	,否,	,否,,,否
云米净水器滤芯家用小海豚小蓝调小白龙系列专用RO反渗透,251106-250735542563866,未发货，退款成功,1	,正常,2025-11-06 23:07:35,2025-11-08 23:07:35,,	,	,232467205433	,5in1 复合滤芯,1647394585330	,厨房电器,净水器/净水设备及配件耗材,净水器,	,6923185627425	,	,ZX2511070067132待拦截11.7诚,	,退款成功,,2025-11-06 23:07:35,	,,,,,,,否,否,	,否,	,,149.0	,0.0	,0.0	,0.0	,0.13	,0.0	,0.0	,0.0	,149.0	,149.0	,	,	,湖南省,怀化市,鹤城区,,,否,否,	,	,	,否,	,	,	,	,	,	,	,	,	,	,	,	,否,否,	,否,否,,	,否,	,否,,,否
【重磅新品】云米净水器600G小海豚升级版厨下式RO反渗透直饮家用,251106-204241661473557,已发货，待收货,1	,正常,2025-11-06 23:06:19,2025-11-07 23:06:19,,2025-11-07 09:21:08,	,225501370546	,【24年新品】600G升级版6年长效,1600502140541	,厨房电器,净水器/净水设备及配件耗材,净水器,	,6923185653684	,6923185616399	,	,	,无售后或售后取消,,2025-11-06 23:06:19,	,,,,,,,否,否,	,否,	,,558.99	,0.0	,0.0	,0.0	,0.0	,0.0	,0.0	,0.0	,558.99	,558.99	,JDV023905318912,京东大件物流,湖北省,武汉市,黄陂区,,,否,否,	,	,	,否,	,	,	,	,	,	,	,	,	,	,	,	,否,否,	,否,否,,	,否,	,否,,,否
云米净水器滤芯小蓝调小海豚600G+专用复合滤芯RO反渗透滤芯过滤,251106-483362086490207,已发货，待收货,1	,正常,2025-11-06 23:03:12,2025-11-07 23:03:13,,2025-11-07 09:09:35,	,296967601341	,5in1复合滤芯 2年长效,1600193054565	,厨房电器,净水器/净水设备及配件耗材,净水器,	,6923185627425	,	,补差后返到手价99,	,无售后或售后取消,,2025-11-06 23:03:13,	,,,,,,,否,否,	,否,	,,299.0	,0.0	,0.0	,0.0	,0.0	,0.0	,0.0	,0.0	,299.0	,299.0	,JDV023905297546,京东配送,河南省,焦作市,沁阳市,,,否,否,	,	,	,否,	,	,	,	,	,	,	,	,	,	,	,	,否,否,	,否,否,,	,否,	,否,,,否
【冷热直饮套装】云米净水器家用厨下管线机套装一键即热制冷直饮,251106-657939535443848,待付款,1	,正常,	,	,,	,	,480070620581	,【冷热净水直饮套装】新品净水器+冷热管线机,1620106386127	,厨房电器,净水器/净水设备及配件耗材,净水器,	,S2407170910001,	,	,	,无售后或售后取消,,	,	,,,,,,,否,否,	,否,	,,1429.0	,0.0	,0.0	,0.0	,0.0	,0.0	,0.0	,0.0	,1429.0	,1429.0	,	,	,****,****,****,****,,否,否,	,	,	,否,	,	,	,	,	,	,	,	,	,	,	,	,否,否,	,否,	,,	,否,	,否,,,否
云米净水器滤芯小蓝调小海豚600G+专用复合滤芯RO反渗透滤芯过滤,251106-518311186802666,已发货，待收货,1	,正常,2025-11-06 22:54:28,2025-11-07 22:54:28,,2025-11-07 09:15:22,	,296967601341	,5in1复合滤芯 2年长效,1600193054565	,厨房电器,净水器/净水设备及配件耗材,净水器,	,6923185627425	,	,补差后返 到手价99==已建单拦截：ZX2511070067167，卫11.7,	,售后处理中,,2025-11-06 22:54:28,	,,,,,,,否,否,	,否,	,,299.0	,0.0	,0.0	,0.0	,0.0	,0.0	,0.0	,0.0	,299.0	,299.0	,JDV023902637784,京东大件物流,四川省,成都市,青白江区,,,否,否,	,	,	,否,	,	,	,	,	,	,	,	,	,	,	,	,是,是,	,否,否,,	,否,	,否,,,否
云米净水器滤芯家用小海豚小蓝调小白龙系列专用RO反渗透,251106-405410967112366,已发货，待收货,1	,正常,2025-11-06 22:53:59,2025-11-08 22:53:59,,2025-11-07 09:15:22,	,232467205433	,5in1 复合滤芯,1647394585330	,厨房电器,净水器/净水设备及配件耗材,净水器,	,6923185627425	,	,补差后返 到手价99,	,无售后或售后取消,,2025-11-06 22:53:59,	,,,,,,,否,否,	,否,	,,149.0	,0.0	,1.49	,9.17	,0.04	,0.0	,0.0	,0.0	,138.34	,147.51	,JDV023905277664,京东大件物流,吉林省,长春市,南关区,,,否,否,	,	,	,否,	,	,	,	,	,	,	,	,	,	,	,	,否,否,	,否,否,,	,否,	,否,,,否
云米净水器滤芯家用小海豚小蓝调小白龙系列专用RO反渗透,251106-233612275272366,已发货，待收货,1	,正常,2025-11-06 22:53:59,2025-11-08 22:53:59,,2025-11-07 09:06:31,	,232467205433	,600G RO反渗透,1358951046252	,厨房电器,净水器/净水设备及配件耗材,净水器,	,6923185618379	,	,补差后返 到手价458,	,无售后或售后取消,,2025-11-06 22:53:59,	,,,,,,,否,否,	,否,	,,549.0	,0.0	,5.49	,33.83	,0.16	,0.0	,0.0	,0.0	,509.68	,543.51	,JDV023905278232,京东配送,吉林省,长春市,南关区,,,否,否,	,	,	,否,	,	,	,	,	,	,	,	,	,	,	,	,否,否,	,否,否,,	,否,	,否,,,否
【重磅新品】云米净水器600G小海豚升级版厨下式RO反渗透直饮家用,251106-121970440562666,未发货，退款成功,1	,正常,2025-11-06 22:50:15,2025-11-07 22:50:15,,	,	,225501370546	,【24年新品】600G升级版6年长效,1600502140541	,厨房电器,净水器/净水设备及配件耗材,净水器,	,6923185653684	,6923185616399	,主播：梦如 场控：文蓝	权益：直播间抽奖10元红包ZX2511070067132待拦截11.7诚,	,退款成功,,2025-11-06 22:50:15,	,,,,,,,否,否,	,否,	,,558.99	,0.0	,0.0	,3.0	,0.0	,0.0	,0.0	,0.0	,555.99	,558.99	,	,	,四川省,成都市,青白江区,,,否,否,	,	,	,否,	,	,	,	,	,	,	,	,	,	,	,	,是,是,	,否,否,,	,否,	,否,,,否
【冷热直饮套装】云米净水器家用厨下管线机套装一键即热制冷直饮,251106-170362170963848,未发货，退款成功,1	,正常,2025-11-06 22:48:10,2025-11-07 22:48:10,,	,	,480070620581	,【冷热净水直饮套装】新品净水器+冷热管线机,1620106386127	,厨房电器,净水器/净水设备及配件耗材,净水器,	,S2407170910001,	,聚水潭已取消发货，仅退款  诚11.7,	,退款成功,,2025-11-06 22:48:10,	,,,,,,,否,否,	,否,	,,1429.0	,0.0	,0.0	,0.0	,0.0	,0.0	,0.0	,0.0	,1429.0	,1429.0	,	,	,重庆市,重庆市,江北区,,,否,否,	,	,	,否,	,	,	,	,	,	,	,	,	,	,	,	,否,否,	,否,是,3	,商家,否,	,否,,花呗分期,否
云米净水器滤芯家用小海豚小蓝调小白龙系列专用RO反渗透,251106-031069314653619,已发货，待收货,1	,正常,2025-11-06 22:42:41,2025-11-08 22:42:41,,2025-11-07 09:05:32,	,232467205433	,5in1 复合滤芯,1647394585330	,厨房电器,净水器/净水设备及配件耗材,净水器,	,6923185627425	,	,补差后返到手价109,	,无售后或售后取消,,2025-11-06 22:42:41,	,,,,,,,否,否,	,否,	,,149.0	,0.0	,0.0	,0.0	,0.0	,0.0	,0.0	,0.0	,149.0	,149.0	,JDV023905277620,京东配送,山东省,济宁市,兖州区,,,否,否,	,	,	,否,	,	,	,	,	,	,	,	,	,	,	,	,否,否,	,否,否,,	,否,	,否,,,否
云米净水器滤芯家用小海豚小蓝调小白龙系列专用RO反渗透,251106-565685818973619,待付款,1	,正常,	,	,,	,	,232467205433	,5in1 复合滤芯,1647394585330	,厨房电器,净水器/净水设备及配件耗材,净水器,	,6923185627425	,	,	,	,无售后或售后取消,,	,	,,,,,,,否,否,	,否,	,,149.0	,0.0	,0.0	,0.0	,0.0	,0.0	,0.0	,0.0	,149.0	,149.0	,	,	,****,****,****,****,,否,否,	,	,	,否,	,	,	,	,	,	,	,	,	,	,	,	,否,否,	,否,	,,	,否,	,否,,,否
【重磅新品】云米净水器600G小海豚升级版厨下式RO反渗透直饮家用,251106-573738903922666,已取消,1	,正常,	,	,,	,	,225501370546	,【24年新品】600G升级版6年长效,1600502140541	,厨房电器,净水器/净水设备及配件耗材,净水器,	,6923185653684	,6923185616399	,	,	,无售后或售后取消,,	,	,,,,,,,否,否,	,否,	,,558.99	,0.0	,0.0	,3.0	,0.0	,0.0	,0.0	,0.0	,555.99	,558.99	,	,	,****,****,****,****,,否,否,	,	,	,否,	,	,	,	,	,	,	,	,	,	,	,	,否,否,	,否,	,,	,否,	,否,,,否
【重磅新品】云米净水器600G小海豚升级版厨下式RO反渗透直饮家用,251106-304863035762666,未发货，退款成功,1	,正常,2025-11-06 22:37:32,2025-11-07 22:37:32,,	,	,225501370546	,【24年新品】600G升级版6年长效,1600502140541	,厨房电器,净水器/净水设备及配件耗材,净水器,	,6923185653684	,6923185616399	,聚水潭已取消发货，仅退款  诚11.7,	,退款成功,,2025-11-06 22:37:32,	,,,,,,,否,否,	,否,	,,558.99	,0.0	,0.0	,3.0	,0.2	,0.0	,0.0	,0.0	,555.99	,558.99	,	,	,四川省,成都市,青白江区,,,否,否,	,	,	,否,	,	,	,	,	,	,	,	,	,	,	,	,否,否,	,否,否,,	,否,	,否,,,否
VIOMI云米净水器大通量小海豚800G反渗透RO厨下式家用长效滤芯,251106-490523902330471,已发货，待收货,1	,正常,2025-11-06 22:36:12,2025-11-07 22:36:12,,2025-11-07 09:13:33,	,837957770723	,800G大通量纯水机,1809123722986	,厨房电器,净水器/净水设备及配件耗材,净水器,	,6923185653974	,	,	,	,无售后或售后取消,,2025-11-06 22:36:12,	,,,,,,,否,否,	,否,	,,699.0	,0.0	,10.0	,68.9	,1.24	,0.0	,0.0	,0.0	,620.1	,689.0	,JDV023905330425,京东大件物流,江苏省,盐城市,射阳县,,,否,否,	,	,	,否,	,	,	,	,	,	,	,	,	,	,	,	,否,否,	,否,否,,	,否,	,否,,,否
【重磅新品】云米净水器600G小海豚升级版厨下式RO反渗透直饮家用,251106-368155103602666,未发货，退款成功,1	,正常,2025-11-06 22:32:05,2025-11-07 22:32:05,,	,	,225501370546	,【24年新品】600G升级版6年长效,1600502140541	,厨房电器,净水器/净水设备及配件耗材,净水器,	,6923185653684	,6923185616399	,聚水潭已取消发货，仅退款  诚11.7,	,退款成功,,2025-11-06 22:32:05,	,,,,,,,否,否,	,否,	,,558.99	,0.0	,0.0	,0.0	,5.0	,0.0	,0.0	,0.0	,558.99	,558.99	,	,	,四川省,成都市,青白江区,,,否,否,	,	,	,否,	,	,	,	,	,	,	,	,	,	,	,	,否,否,	,否,否,,	,否,	,否,,,否
【重磅新品】云米净水器600G小海豚升级版厨下式RO反渗透直饮家用,251106-601442281842666,已取消,1	,正常,	,	,,	,	,225501370546	,【24年新品】600G升级版6年长效,1600502140541	,厨房电器,净水器/净水设备及配件耗材,净水器,	,6923185653684	,6923185616399	,	,	,无售后或售后取消,,	,	,,,,,,,否,否,	,否,	,,558.99	,0.0	,0.0	,3.0	,0.0	,0.0	,0.0	,0.0	,555.99	,558.99	,	,	,****,****,****,****,,否,否,	,	,	,否,	,	,	,	,	,	,	,	,	,	,	,	,否,否,	,否,	,,	,否,	,否,,,否
【重磅新品】云米净水器600G小海豚升级版厨下式RO反渗透直饮家用,251106-680410560881077,已发货，待收货,1	,正常,2025-11-06 22:31:15,2025-11-07 22:31:15,,2025-11-07 09:21:08,	,225501370546	,【24年新品】600G升级版6年长效,1600502140541	,厨房电器,净水器/净水设备及配件耗材,净水器,	,6923185653684	,6923185616399	,	,	,无售后或售后取消,,2025-11-06 22:31:15,	,,,,,,,否,否,	,否,	,,558.99	,0.0	,0.0	,0.0	,0.0	,0.0	,0.0	,0.0	,558.99	,558.99	,JDV023905344095,京东大件物流,广东省,佛山市,南海区,,,否,否,	,	,	,否,	,	,	,	,	,	,	,	,	,	,	,	,否,否,	,否,是,3	,商家,否,	,否,,花呗分期,否
【母婴直饮】云米净水器 SE 600G+ 新升级厨下式RO反渗透直饮家用,251106-542438920603514,已发货，待收货,1	,正常,2025-11-06 22:32:23,2025-11-07 22:32:23,,2025-11-07 09:23:54,	,819506595979	,【24年新品】600G升级版6年长效,1787046011387	,厨房电器,净水器/净水设备及配件耗材,净水器,	,6923185653684	,6923185616399	,	,	,无售后或售后取消,,2025-11-06 22:32:23,	,,,,,,,否,否,	,否,	,,748.0	,0.0	,134.64	,74.8	,0.0	,0.0	,0.0	,0.0	,538.56	,613.36	,JDV023902873567,京东配送,陕西省,西安市,碑林区,,,否,否,	,	,	,否,	,	,	,	,	,	,	,	,	,	,	,	,否,否,	,否,否,,	,否,	,否,,,否
【母婴直饮】云米净水器 SE 600G+ 新升级厨下式RO反渗透直饮家用,251106-074186811711959,已发货，待收货,1	,正常,2025-11-06 22:31:58,2025-12-06 22:31:58,,2025-11-07 09:15:21,	,819506595979	,【24年新品】600G升级版6年长效,1787046011387	,厨房电器,净水器/净水设备及配件耗材,净水器,	,6923185653684	,6923185616399	,主播：梦如 场控：文蓝	权益：直播间抽奖10元红包,	,无售后或售后取消,,2025-11-06 22:31:58,	,,,,,,,否,否,	,否,	,,748.0	,0.0	,134.64	,74.8	,0.0	,0.0	,0.0	,0.0	,538.56	,613.36	,JDV023905326401,京东配送,浙江省,宁波市,慈溪市,,,否,否,	,	,	,否,	,	,	,	,	,	,	,	,	,	,	,	,否,是,	,否,是,3	,商家,否,	,否,,信用卡分期,否
【重磅新品】云米净水器600G小海豚升级版厨下式RO反渗透直饮家用,251106-416599304610813,已取消,1	,正常,	,	,,	,	,225501370546	,【24年新品】600G升级版6年长效,1600502140541	,厨房电器,净水器/净水设备及配件耗材,净水器,	,6923185653684	,6923185616399	,	,	,无售后或售后取消,,	,	,,,,,,,否,否,	,否,	,,558.99	,0.0	,0.0	,0.0	,0.0	,0.0	,0.0	,0.0	,558.99	,558.99	,	,	,****,****,****,****,,否,否,	,	,	,否,	,	,	,	,	,	,	,	,	,	,	,	,否,否,	,否,	,,	,否,	,否,,,否
云米23立方油烟机燃气灶套装家用厨房顶侧大吸力油烟机5.0KW灶具,251106-156730693183446,待发货,1	,正常,2025-11-06 22:06:39,2025-11-07 22:06:39,,	,	,209837375742	,"【烟灶联动】瞬吸烟机+5.0KW灶,天然气",1792607150009	,大家电,厨房大电,烟灶消套装,	,S2409261034001,	,	,	,无售后或售后取消,,2025-11-06 22:06:39,	,,,,,,,否,否,	,否,	,,1250.0	,0.0	,0.0	,3.0	,0.0	,0.0	,0.0	,0.0	,1247.0	,1250.0	,	,	,四川省,绵阳市,安州区,,,否,否,	,	,	,否,	,	,	,	,	,	,	,	,	,	,	,	,否,否,	,否,否,,	,否,	,否,,,否
云米净水器滤芯家用小海豚小蓝调小白龙系列专用RO反渗透,251106-005127616833465,已发货，待收货,1	,正常,2025-11-06 22:03:13,2025-11-08 22:03:13,,2025-11-07 09:22:31,	,232467205433	,5in1 复合滤芯,1647394585330	,厨房电器,净水器/净水设备及配件耗材,净水器,	,6923185627425	,	,补差后返到手价109，晒单再返10,	,无售后或售后取消,,2025-11-06 22:03:13,	,,,,,,,否,否,	,否,	,,149.0	,0.0	,0.0	,0.0	,0.0	,0.0	,0.0	,0.0	,149.0	,149.0	,JDV023905545091,京东配送,江苏省,徐州市,泉山区,,,否,否,	,	,	,否,	,	,	,	,	,	,	,	,	,	,	,	,否,否,	,否,否,,	,否,	,否,,,否
【重磅新品】云米净水器600G小海豚升级版厨下式RO反渗透直饮家用,251106-408902766992079,已发货，待收货,1	,正常,2025-11-06 21:55:58,2025-11-07 21:55:58,,2025-11-07 09:21:08,	,225501370546	,【24年新品】600G升级版6年长效,1600502140541	,厨房电器,净水器/净水设备及配件耗材,净水器,	,6923185653684	,6923185616399	,	,	,无售后或售后取消,,2025-11-06 21:55:58,	,,,,,,,否,否,	,否,	,,558.99	,0.0	,0.0	,0.0	,0.0	,0.0	,0.0	,0.0	,558.99	,558.99	,JDV023905353410,京东大件物流,江苏省,苏州市,太仓市,,,否,否,	,	,	,否,	,	,	,	,	,	,	,	,	,	,	,	,否,否,	,否,否,,	,否,	,否,,,否
云米净水器滤芯小蓝调小海豚600G+专用复合滤芯RO反渗透滤芯过滤,251106-582609835580309,已发货，待收货,1	,正常,2025-11-06 21:55:45,2025-11-07 21:55:45,,2025-11-07 09:09:38,	,296967601341	,5in1复合滤芯 2年长效,1600193054565	,厨房电器,净水器/净水设备及配件耗材,净水器,	,6923185627425	,	,	,	,无售后或售后取消,,2025-11-06 21:55:45,	,,,,,,,否,否,	,否,	,,299.0	,0.0	,0.0	,20.0	,0.0	,0.0	,0.0	,0.0	,279.0	,299.0	,JDV023905318517,京东配送,山东省,青岛市,市北区,,,否,否,	,	,	,否,	,	,	,	,	,	,	,	,	,	,	,	,是,是,	,否,否,,	,否,	,否,,,否
【冷热直饮套装】云米净水器家用厨下管线机套装一键即热制冷直饮,251106-022187906643848,已取消,1	,正常,	,	,,	,	,480070620581	,【冷热净水直饮套装】新品净水器+冷热管线机,1620106386127	,厨房电器,净水器/净水设备及配件耗材,净水器,	,S2407170910001,	,	,	,无售后或售后取消,,	,	,,,,,,,否,否,	,否,	,,1429.0	,0.0	,0.0	,0.0	,0.0	,0.0	,0.0	,0.0	,1429.0	,1429.0	,	,	,****,****,****,****,,否,否,	,	,	,否,	,	,	,	,	,	,	,	,	,	,	,	,否,否,	,否,	,,	,否,	,否,,,否
【重磅新品】云米净水器600G小海豚升级版厨下式RO反渗透直饮家用,251106-555000819260309,未发货，退款成功,1	,正常,2025-11-06 21:53:19,2025-11-07 21:53:19,,	,	,225501370546	,【24年新品】600G升级版6年长效,1600502140541	,厨房电器,净水器/净水设备及配件耗材,净水器,	,6923185653684	,6923185616399	,主播：梦如 场控：文蓝	权益：直播间抽奖10元红包  ZX2511070067132待拦截11.7诚,	,退款成功,,2025-11-06 21:53:19,	,,,,,,,否,否,	,否,	,,558.99	,0.0	,0.0	,3.0	,0.0	,0.0	,0.0	,0.0	,555.99	,558.99	,	,	,山东省,青岛市,市北区,,,否,否,	,	,	,否,	,	,	,	,	,	,	,	,	,	,	,	,是,是,	,否,否,,	,否,	,否,,,否
云米净水器滤芯小蓝调小海豚600G+专用复合滤芯RO反渗透滤芯过滤,251106-435431687810970,已发货，待收货,1	,正常,2025-11-06 21:51:01,2025-11-07 21:51:01,,2025-11-07 09:12:28,	,296967601341	,5in1复合滤芯 2年长效,1600193054565	,厨房电器,净水器/净水设备及配件耗材,净水器,	,6923185627425	,	,	,	,无售后或售后取消,,2025-11-06 21:51:01,	,,,,,,,否,否,	,否,	,,299.0	,0.0	,0.0	,0.0	,0.2	,0.0	,0.0	,0.0	,299.0	,299.0	,JDV023905315206,京东大件物流,广西壮族自治区,玉林市,玉州区,,,否,否,	,	,	,否,	,	,	,	,	,	,	,	,	,	,	,	,是,是,	,否,否,,	,否,	,否,,,否
【重磅新品】云米净水器600G小海豚升级版厨下式RO反渗透直饮家用,251106-198872983892835,已发货，待收货,1	,正常,2025-11-06 21:48:53,2025-11-07 21:48:54,,2025-11-07 09:44:49,	,225501370546	,【24年新品】600G升级版6年长效,1600502140541	,厨房电器,净水器/净水设备及配件耗材,净水器,	,6923185653684	,6923185616399	,	,	,无售后或售后取消,,2025-11-06 21:48:54,	,,,,,,,否,否,	,否,	,,558.99	,0.0	,0.0	,0.0	,0.0	,0.0	,0.0	,0.0	,558.99	,558.99	,JDV023902887301,京东大件物流,辽宁省,大连市,沙河口区,,,否,否,	,	,	,否,	,	,	,	,	,	,	,	,	,	,	,	,否,否,	,否,否,,	,否,	,否,,,否
云米净水器滤芯S2、Fast厨下1A400G600G 1号复合滤芯RO反渗透滤芯,251106-216111593821790,已发货，待收货,1	,正常,2025-11-06 21:44:59,2025-11-07 21:44:59,,2025-11-07 09:36:32,	,224216987554	,【1号】5in1复合滤芯,1441791890512	,厨房电器,净水器/净水设备及配件耗材,净水器,	,6923185614258	,	,	,	,无售后或售后取消,,2025-11-06 21:44:59,	,,,,,,,否,否,	,否,	,,156.0	,0.0	,0.0	,5.0	,0.0	,0.0	,0.0	,0.0	,151.0	,156.0	,JDV023901927613,京东配送,山东省,济南市,历下区,,,否,否,	,	,	,否,	,	,	,	,	,	,	,	,	,	,	,	,否,是,	,否,否,,	,否,	,否,,,否
【重磅新品】云米净水器600G小海豚升级版厨下式RO反渗透直饮家用,251106-382814154370970,已发货，待收货,1	,正常,2025-11-06 21:43:53,2025-11-07 21:43:53,,2025-11-07 09:21:08,	,225501370546	,【24年新品】600G升级版6年长效,1600502140541	,厨房电器,净水器/净水设备及配件耗材,净水器,	,6923185653684	,6923185616399	,主播：梦如 场控：文蓝	权益：直播间抽奖10元红包,	,无售后或售后取消,,2025-11-06 21:43:53,	,,,,,,,否,否,	,否,	,,558.99	,0.0	,0.0	,100.0	,0.2	,0.0	,0.0	,0.0	,458.99	,558.99	,JDV023905318436,京东大件物流,广西壮族自治区,玉林市,玉州区,,,否,否,	,	,	,否,	,	,	,	,	,	,	,	,	,	,	,	,是,是,	,否,否,,	,否,	,否,,,否
云米净水器滤芯S2、Fast厨下1A400G600G 1号复合滤芯RO反渗透滤芯,251106-165129818461790,已取消,1	,正常,	,	,,	,	,224216987554	,【1号】5in1复合滤芯,1441791890512	,厨房电器,净水器/净水设备及配件耗材,净水器,	,6923185614258	,	,	,	,无售后或售后取消,,	,	,,,,,,,否,否,	,否,	,,156.0	,0.0	,0.0	,0.0	,0.0	,0.0	,0.0	,0.0	,156.0	,156.0	,	,	,****,****,****,****,,否,否,	,	,	,否,	,	,	,	,	,	,	,	,	,	,	,	,否,否,	,否,	,,	,否,	,否,,,否
【重磅新品】云米净水器600G小海豚升级版厨下式RO反渗透直饮家用,251106-614822132040845,已发货，待收货,1	,正常,2025-11-06 21:20:54,2025-11-07 21:20:54,,2025-11-07 09:21:08,	,225501370546	,【24年新品】600G升级版6年长效,1600502140541	,厨房电器,净水器/净水设备及配件耗材,净水器,	,6923185653684	,6923185616399	,	,	,无售后或售后取消,,2025-11-06 21:20:54,	,,,,,,,否,否,	,否,	,,558.99	,0.0	,0.0	,0.0	,0.0	,0.0	,0.0	,0.0	,558.99	,558.99	,JDV023905349574,京东大件物流,广东省,珠海市,香洲区,,,否,否,	,	,	,否,	,	,	,	,	,	,	,	,	,	,	,	,否,否,	,否,否,,	,否,	,否,,,否
云米净水器滤芯小蓝调小海豚600G+专用复合滤芯RO反渗透滤芯过滤,251106-577943703992451,已发货，待收货,2	,正常,2025-11-06 21:15:48,2025-11-07 21:15:48,,2025-11-07 09:09:35,	,296967601341	,5in1复合滤芯 2年长效,1600193054565	,厨房电器,净水器/净水设备及配件耗材,净水器,	,6923185627425	,	,补差后返到手价198,	,无售后或售后取消,,2025-11-06 21:15:48,	,,,,,,,否,否,	,否,	,,598.0	,0.0	,5.98	,0.0	,0.0	,0.0	,0.0	,0.0	,592.02	,592.02	,JDV023905394045,京东配送,山西省,忻州市,忻府区,,,否,否,	,	,	,否,	,	,	,	,	,	,	,	,	,	,	,	,否,否,	,否,否,,	,否,	,否,,,否
【重磅新品】云米净水器600G小海豚升级版厨下式RO反渗透直饮家用,251106-461383995832451,已发货，待收货,1	,正常,2025-11-06 21:12:52,2025-11-07 21:12:52,,2025-11-07 09:44:49,	,225501370546	,【24年新品】600G升级版6年长效,1600502140541	,厨房电器,净水器/净水设备及配件耗材,净水器,	,6923185653684	,6923185616399	,	,	,无售后或售后取消,,2025-11-06 21:12:52,	,,,,,,,否,否,	,否,	,,558.99	,0.0	,0.0	,0.0	,15.0	,0.0	,0.0	,0.0	,558.99	,558.99	,JDV023902512759,京东大件物流,山西省,忻州市,忻府区,,,否,否,	,	,	,否,	,	,	,	,	,	,	,	,	,	,	,	,否,否,	,否,否,,	,否,	,否,,,否
云米净水器滤芯小蓝调小海豚600G+专用复合滤芯RO反渗透滤芯过滤,251106-056811927892926,已发货，待收货,2	,正常,2025-11-06 20:57:43,2025-11-07 20:57:43,,2025-11-07 09:14:23,	,296967601341	,5in1复合滤芯 2年长效,1600193054565	,厨房电器,净水器/净水设备及配件耗材,净水器,	,6923185627425	,	,补差后返到手价198,	,无售后或售后取消,,2025-11-06 20:57:43,	,,,,,,,否,否,	,否,	,,598.0	,0.0	,5.98	,24.0	,0.0	,0.0	,0.0	,0.0	,568.02	,592.02	,JDV023905585132,京东大件物流,上海市,上海市,浦东新区,,,否,否,	,	,	,否,	,	,	,	,	,	,	,	,	,	,	,	,否,否,	,否,否,,	,否,	,否,,,否
【母婴直饮】云米净水器 SE 600G+ 新升级厨下式RO反渗透直饮家用,251106-136619005593003,待付款,1	,正常,	,	,,	,	,819506595979	,【24年新品】600G升级版6年长效,1787046011387	,厨房电器,净水器/净水设备及配件耗材,净水器,	,6923185653684	,6923185616399	,	,	,无售后或售后取消,,	,	,,,,,,,否,否,	,否,	,,748.0	,0.0	,139.6	,50.0	,0.0	,0.0	,0.0	,0.0	,558.4	,608.4	,	,	,****,****,****,****,,否,否,	,	,	,否,	,	,	,	,	,	,	,	,	,	,	,	,否,否,	,否,	,,	,否,	,否,,,否
【冷热直饮套装】云米净水器家用厨下管线机套装一键即热制冷直饮,251106-128408645132486,待付款,1	,正常,	,	,,	,	,480070620581	,【净热直饮套装】新品净水器+制热管线机,1620106386126	,厨房电器,净水器/净水设备及配件耗材,净水器,	,S2405281401001,	,	,	,无售后或售后取消,,	,	,,,,,,,否,否,	,否,	,,1349.0	,0.0	,0.0	,6.0	,0.0	,0.0	,0.0	,0.0	,1343.0	,1349.0	,	,	,****,****,****,****,,否,否,	,	,	,否,	,	,	,	,	,	,	,	,	,	,	,	,否,否,	,否,	,,	,否,	,否,,,否
【重磅新品】云米净水器600G小海豚升级版厨下式RO反渗透直饮家用,251106-647453744671944,未发货，退款成功,1	,正常,2025-11-06 20:32:23,2025-11-07 20:32:23,,	,	,225501370546	,【24年新品】600G升级版6年长效,1600502140541	,厨房电器,净水器/净水设备及配件耗材,净水器,	,6923185653684	,6923185616399	,ZX2511070067132待拦截11.7诚,	,退款成功,,2025-11-06 20:32:23,	,,,,,,,否,否,	,否,	,,558.99	,0.0	,0.0	,5.0	,0.0	,0.0	,0.0	,0.0	,553.99	,558.99	,	,	,广东省,东莞市,寮步镇,,,否,否,	,	,	,否,	,	,	,	,	,	,	,	,	,	,	,	,否,否,	,否,否,,	,否,	,否,,,否
【重磅新品】云米净水器600G小海豚升级版厨下式RO反渗透直饮家用,251106-006260078881099,未发货，退款成功,1	,正常,2025-11-06 20:31:28,2025-11-07 20:31:29,,	,	,225501370546	,【24年新品】600G升级版6年长效,1600502140541	,厨房电器,净水器/净水设备及配件耗材,净水器,	,6923185653684	,6923185616399	,ZX2511070067132待拦截11.7诚,	,退款成功,,2025-11-06 20:31:29,	,,,,,,,否,否,	,否,	,,558.99	,0.0	,0.0	,0.0	,0.0	,0.0	,0.0	,0.0	,558.99	,558.99	,	,	,辽宁省,沈阳市,沈河区,,,否,否,	,	,	,否,	,	,	,	,	,	,	,	,	,	,	,	,否,否,	,否,否,,	,否,	,否,,,否
云米净水器滤芯家用小海豚小蓝调小白龙系列专用RO反渗透,251106-472719112511018,已发货，待收货,1	,正常,2025-11-06 20:31:06,2025-11-08 20:31:06,,2025-11-07 09:30:34,	,232467205433	,5in1 复合滤芯,1647394585330	,厨房电器,净水器/净水设备及配件耗材,净水器,	,6923185627425	,	,补差后返到手价109,	,无售后或售后取消,,2025-11-06 20:31:06,	,,,,,,,否,否,	,否,	,,149.0	,0.0	,0.0	,0.0	,0.13	,0.0	,0.0	,0.0	,149.0	,149.0	,JDV023905562371,京东配送,湖北省,武汉市,江夏区,,,否,否,	,	,	,否,	,	,	,	,	,	,	,	,	,	,	,	,否,是,	,否,否,,	,否,	,否,,,否
【重磅新品】云米净水器600G小海豚升级版厨下式RO反渗透直饮家用,251106-419367565601099,已取消,1	,正常,	,	,,	,	,225501370546	,【24年新品】600G升级版6年长效,1600502140541	,厨房电器,净水器/净水设备及配件耗材,净水器,	,6923185653684	,6923185616399	,	,	,无售后或售后取消,,	,	,,,,,,,否,否,	,否,	,,558.99	,0.0	,0.0	,0.0	,0.0	,0.0	,0.0	,0.0	,558.99	,558.99	,	,	,****,****,****,****,,否,否,	,	,	,否,	,	,	,	,	,	,	,	,	,	,	,	,否,否,	,否,	,,	,否,	,否,,,否
【重磅新品】云米净水器600G小海豚升级版厨下式RO反渗透直饮家用,251106-578981783853865,已发货，待收货,1	,正常,2025-11-06 20:15:12,2025-11-07 20:15:12,,2025-11-07 09:44:49,	,225501370546	,【24年新品】600G升级版6年长效,1600502140541	,厨房电器,净水器/净水设备及配件耗材,净水器,	,6923185653684	,6923185616399	,	,	,无售后或售后取消,,2025-11-06 20:15:12,	,,,,,,,否,否,	,否,	,,558.99	,0.0	,0.0	,0.0	,0.0	,0.0	,0.0	,0.0	,558.99	,558.99	,JDV023901711111,京东大件物流,河南省,郑州市,惠济区,,,否,否,	,	,	,否,	,	,	,	,	,	,	,	,	,	,	,	,否,否,	,否,否,,	,否,	,否,,,否
云米AI油烟机双腔大吸力Smart双腔一级能效23m³大风压智清洁节能,251106-235342415440725,未发货，退款成功,1	,正常,2025-11-06 19:59:06,2025-11-07 19:59:06,,	,	,750412983827	,AI双腔强吸油烟机,1737582711971	,大家电,厨房大电,油烟机,	,6923185649229	,6923185649229	,聚水潭已取消发货，仅退款  诚11.7,	,退款成功,,2025-11-06 19:59:06,	,,,,,,,否,否,	,否,	,,799.0	,0.0	,0.0	,79.9	,1.43	,0.0	,0.0	,0.0	,719.1	,799.0	,	,	,江苏省,盐城市,盐都区,,,否,否,	,	,	,否,	,	,	,	,	,	,	,	,	,	,	,	,否,否,	,否,否,,	,否,	,否,,,否
云米净水器滤芯家用小海豚小蓝调小白龙系列专用RO反渗透,251106-590495096333429,已发货，待收货,1	,正常,2025-11-06 19:57:50,2025-11-08 19:57:50,,2025-11-07 09:15:23,	,232467205433	,5in1 复合滤芯,1647394585330	,厨房电器,净水器/净水设备及配件耗材,净水器,	,6923185627425	,	,补差后返 到手价109,	,无售后或售后取消,,2025-11-06 19:57:50,	,,,,,,,否,否,	,否,	,,149.0	,0.0	,0.0	,0.0	,0.0	,0.0	,0.0	,0.0	,149.0	,149.0	,JDV023905303712,京东大件物流,广东省,广州市,海珠区,,,否,否,	,	,	,否,	,	,	,	,	,	,	,	,	,	,	,	,否,是,	,否,否,,	,否,	,否,,,否
VIOMI云米净水器大通量小海豚800G反渗透RO厨下式家用长效滤芯,251106-122872153692802,已发货，待收货,1	,正常,2025-11-06 19:57:28,2025-11-07 19:57:28,,2025-11-07 09:13:33,	,837957770723	,800G大通量纯水机,1809123722986	,厨房电器,净水器/净水设备及配件耗材,净水器,	,6923185653974	,	,	,	,无售后或售后取消,,2025-11-06 19:57:28,	,,,,,,,否,否,	,否,	,,699.0	,0.0	,10.0	,68.9	,0.0	,0.0	,0.0	,0.0	,620.1	,689.0	,JDV023905277233,京东大件物流,福建省,泉州市,晋江市,,,否,否,	,	,	,否,	,	,	,	,	,	,	,	,	,	,	,	,否,否,	,否,否,,	,否,	,否,,,否
云米即热净水器厨房家用直饮RO反渗透加热净饮一体机1000G,251106-154392358412246,已发货，待收货,1	,正常,2025-11-06 19:57:22,2025-11-07 19:57:22,,2025-11-07 09:08:31,	,846360072018	,即热直饮 1000G大通量,1807240839093	,厨房电器,净水器/净水设备及配件耗材,净水器,	,6923185651116	,6923185651116	,补差后返到手价1295,	,无售后或售后取消,,2025-11-06 19:57:22,	,,,,,,,否,否,	,否,	,,1498.0	,0.0	,0.0	,82.0	,0.0	,0.0	,0.0	,0.0	,1416.0	,1498.0	,JDV023905296888,京东配送,河南省,焦作市,山阳区,,,否,否,	,	,	,否,	,	,	,	,	,	,	,	,	,	,	,	,否,是,	,否,否,,	,否,	,否,,,否
云米净水器滤芯家用小海豚小蓝调小白龙系列专用RO反渗透,251106-355226119693429,待付款,1	,正常,	,	,,	,	,232467205433	,5in1 复合滤芯,1647394585330	,厨房电器,净水器/净水设备及配件耗材,净水器,	,6923185627425	,	,	,	,无售后或售后取消,,	,	,,,,,,,否,否,	,否,	,,149.0	,0.0	,0.0	,0.0	,0.0	,0.0	,0.0	,0.0	,149.0	,149.0	,	,	,****,****,****,****,,否,否,	,	,	,否,	,	,	,	,	,	,	,	,	,	,	,	,否,否,	,否,	,,	,否,	,否,,,否
【重磅新品】云米净水器600G小海豚升级版厨下式RO反渗透直饮家用,251106-672976126252267,已发货，待收货,1	,正常,2025-11-06 19:56:00,2025-11-07 19:56:00,,2025-11-07 09:44:49,	,225501370546	,【24年新品】600G升级版6年长效,1600502140541	,厨房电器,净水器/净水设备及配件耗材,净水器,	,6923185653684	,6923185616399	,	,	,无售后或售后取消,,2025-11-06 19:56:00,	,,,,,,,否,否,	,否,	,,558.99	,0.0	,0.0	,50.0	,0.0	,0.0	,0.0	,0.0	,508.99	,558.99	,JDV023901711103,京东大件物流,河北省,邢台市,信都区,,,否,否,	,	,	,否,	,	,	,	,	,	,	,	,	,	,	,	,否,否,	,否,否,,	,否,	,否,,,否
Viomi云米净水器1000G厨下式RO反渗透直饮过滤器净饮小海豚2,251106-517199706512029,未发货，退款成功,1	,正常,2025-11-06 19:53:10,2025-11-07 19:53:10,,	,	,205458105137	,小海豚2包安装1000G大加仑,1802849942800	,厨房电器,净水器/净水设备及配件耗材,净水器,	,6923185654865	,	,聚水潭已取消发货，仅退款  诚11.7,	,退款成功,,2025-11-06 19:53:10,	,,,,,,,否,否,	,否,	,,999.0	,0.0	,100.0	,0.0	,0.0	,0.0	,0.0	,0.0	,899.0	,899.0	,	,	,甘肃省,兰州市,城关区,,,否,否,	,	,	,否,	,	,	,	,	,	,	,	,	,	,	,	,否,否,	,否,否,,	,否,	,否,,,否
云米22m³顶侧大吸力蓝调低噪油烟机猛火天燃气灶智能套装家用厨房,251106-519181463061144,待发货,1	,正常,2025-11-06 19:48:58,2025-11-07 19:48:58,,	,	,388827922980	,【烟灶套装】顶侧双吸+5.0猛火灶（液）,1752816957653	,大家电,厨房大电,烟灶消套装,	,S2411211436001,S2409261025001,补差后返 到手价1099元,	,无售后或售后取消,,2025-11-06 19:48:58,	,,,,,,,否,否,	,否,	,,1699.0	,0.0	,0.0	,0.0	,0.0	,0.0	,0.0	,0.0	,1699.0	,1699.0	,	,	,广东省,汕头市,潮阳区,,,否,否,	,	,	,否,	,	,	,	,	,	,	,	,	,	,	,	,否,否,	,否,否,,	,否,	,否,,,否
【重磅新品】云米净水器600G小海豚升级版厨下式RO反渗透直饮家用,251106-374719147612802,未发货，退款成功,1	,正常,2025-11-06 19:47:28,2025-11-07 19:47:28,,	,	,225501370546	,【24年新品】600G升级版6年长效,1600502140541	,厨房电器,净水器/净水设备及配件耗材,净水器,	,6923185653684	,6923185616399	,聚水潭已取消发货，仅退款  诚11.7,	,退款成功,,2025-11-06 19:47:28,	,,,,,,,否,否,	,否,	,,558.99	,0.0	,0.0	,55.89	,1.0	,0.0	,0.0	,0.0	,503.1	,558.99	,	,	,福建省,泉州市,晋江市,,,否,否,	,	,	,否,	,	,	,	,	,	,	,	,	,	,	,	,否,否,	,否,否,,	,否,	,否,,,否
【母婴直饮】云米净水器 SE 600G+ 新升级厨下式RO反渗透直饮家用,251106-097077194333633,已发货，待收货,1	,正常,2025-11-06 23:42:41,2025-11-07 23:42:41,,2025-11-07 09:29:45,	,819506595979	,【24年新品】600G升级版6年长效,1787046011387	,厨房电器,净水器/净水设备及配件耗材,净水器,	,6923185653684	,6923185616399	,	,	,无售后或售后取消,,2025-11-06 23:42:41,	,,,,,,,否,否,	,否,	,,748.0	,0.0	,129.6	,100.0	,0.0	,0.0	,0.0	,0.0	,518.4	,618.4	,JDV023903889828,京东配送,吉林省,吉林市,昌邑区,,,否,否,	,	,	,否,	,	,	,	,	,	,	,	,	,	,	,	,否,否,	,否,否,,	,否,	,否,,,否
云米顶侧双吸大吸力低噪油烟机猛火液化气聚能灶智能套装家用厨房,251106-006826247701144,未发货，退款成功,1	,正常,2025-11-06 19:33:30,2025-11-07 19:33:30,,	,	,674950510509	,【烟灶套装】顶侧双吸烟机+5.0KW灶（天）,1744061180430	,大家电,厨房大电,烟灶消套装,	,S2405071349001,S2501061036001,聚水潭已取消发货，仅退款  诚11.7,	,退款成功,,2025-11-06 19:33:30,	,,,,,,,否,否,	,否,	,,1079.0	,0.0	,0.0	,0.0	,0.0	,0.0	,0.0	,0.0	,1079.0	,1079.0	,	,	,广东省,汕头市,潮阳区,,,否,否,	,	,	,否,	,	,	,	,	,	,	,	,	,	,	,	,否,否,	,否,否,,	,否,	,否,,,否
云米顶侧双吸大吸力低噪油烟机猛火液化气聚能灶智能套装家用厨房,251106-218365959701144,已取消,1	,正常,	,	,,	,	,674950510509	,【烟灶套装】顶侧双吸烟机+5.0KW灶（天）,1744061180430	,大家电,厨房大电,烟灶消套装,	,S2405071349001,S2501061036001,	,	,无售后或售后取消,,	,	,,,,,,,否,否,	,否,	,,1079.0	,0.0	,0.0	,0.0	,0.0	,0.0	,0.0	,0.0	,1079.0	,1079.0	,	,	,****,****,****,****,,否,否,	,	,	,否,	,	,	,	,	,	,	,	,	,	,	,	,否,否,	,否,	,,	,否,	,否,,,否
【母婴直饮】云米净水器 SE 600G+ 新升级厨下式RO反渗透直饮家用,251106-065431170610929,已发货，待收货,1	,正常,2025-11-06 19:29:44,2025-11-07 19:29:44,,2025-11-07 09:12:24,	,819506595979	,【24年新品】600G升级版6年长效,1787046011387	,厨房电器,净水器/净水设备及配件耗材,净水器,	,6923185653684	,6923185616399	,主播：小圆 场控：文蓝	权益：直播间抽奖10元红包,	,无售后或售后取消,,2025-11-06 19:29:44,	,,,,,,,否,否,	,否,	,,748.0	,0.0	,129.6	,100.0	,0.0	,0.0	,0.0	,0.0	,518.4	,618.4	,JDV023905351933,京东大件物流,广东省,肇庆市,广宁县,,,否,否,	,	,	,否,	,	,	,	,	,	,	,	,	,	,	,	,是,是,	,否,是,3	,商家,否,	,否,,信用卡分期,否
【重磅新品】云米净水器600G小海豚升级版厨下式RO反渗透直饮家用,251106-581844396411871,已发货，待收货,1	,正常,2025-11-06 19:27:37,2025-11-15 19:27:37,,2025-11-07 09:21:09,	,225501370546	,【24年新品】600G升级版6年长效,1600502140541	,厨房电器,净水器/净水设备及配件耗材,净水器,	,6923185653684	,6923185616399	,已登记延迟 [viomi范范sk 11/07 01:16],	,无售后或售后取消,,2025-11-06 19:27:37,	,,,,,,,否,否,	,否,	,,558.99	,0.0	,0.0	,55.89	,0.0	,0.0	,0.0	,0.0	,503.1	,558.99	,JDV023905334896,京东大件物流,湖北省,武汉市,东西湖区,,,否,否,	,	,	,否,	,	,	,	,	,	,	,	,	,	,	,	,否,否,	,否,否,,	,否,	,否,,,否
VIOMI云米净水器大通量小海豚800G反渗透RO厨下式家用长效滤芯,251106-000062994741595,已发货，待收货,1	,正常,2025-11-06 19:23:43,2025-11-07 19:23:43,,2025-11-07 09:12:32,	,837957770723	,800G大通量纯水机,1809123722986	,厨房电器,净水器/净水设备及配件耗材,净水器,	,6923185653974	,	,	,	,无售后或售后取消,,2025-11-06 19:23:43,	,,,,,,,否,否,	,否,	,,699.0	,0.0	,10.0	,96.46	,0.0	,0.0	,0.0	,0.0	,592.54	,689.0	,JDV023905304522,京东大件物流,福建省,泉州市,石狮市,,,否,否,	,	,	,否,	,	,	,	,	,	,	,	,	,	,	,	,否,否,	,否,否,,	,否,	,否,,,否
云米新品鲲鹏PRO油烟机28m³大吸力易清洁挥手智控烟灶联动小噪音,251106-480059092590022,已发货，待收货,1	,正常,2025-11-06 19:14:45,2025-11-07 19:14:45,,2025-11-07 08:58:24,	,763759392708	,【新品】小噪音大吸力油烟机,1748828925108	,大家电,厨房大电,油烟机,	,6923185605379	,6923185605379	,晒单返200+保温杯，赠送空气炸锅,	,无售后或售后取消,,2025-11-06 19:14:45,	,,,,,,,否,否,	,否,	,,1999.0	,0.0	,0.0	,100.0	,0.0	,0.0	,0.0	,0.0	,1899.0	,1999.0	,JDV023905294918,京东配送,上海市,上海市,嘉定区,,,否,否,	,	,	,否,	,	,	,	,	,	,	,	,	,	,	,	,否,否,	,否,否,,	,否,	,否,,,否
云米冷热管线机饮水机壁挂式双出水台式管线机UV杀菌Master3,251106-681123561760150,已取消,1	,正常,	,	,,	,	,604410073495	,即热管线机Master2S,1633858930719	,厨房电器,饮水机,饮水机,	,6923185652526	,6923185651345	,	,	,无售后或售后取消,,	,	,,,,,,,否,否,	,否,	,,832.0	,0.0	,0.0	,0.0	,0.0	,0.0	,0.0	,0.0	,832.0	,832.0	,	,	,****,****,****,****,,否,否,	,	,	,否,	,	,	,	,	,	,	,	,	,	,	,	,否,否,	,否,	,,	,否,	,否,,,否
【重磅新品】云米净水器600G小海豚升级版厨下式RO反渗透直饮家用,251106-140341471620275,已取消,1	,正常,	,	,,	,	,225501370546	,【24年新品】600G升级版6年长效,1600502140541	,厨房电器,净水器/净水设备及配件耗材,净水器,	,6923185653684	,6923185616399	,	,	,无售后或售后取消,,	,	,,,,,,,否,否,	,否,	,,558.99	,0.0	,0.0	,0.0	,0.0	,0.0	,0.0	,0.0	,558.99	,558.99	,	,	,****,****,****,****,,否,否,	,	,	,否,	,	,	,	,	,	,	,	,	,	,	,	,否,否,	,否,	,,	,否,	,否,,,否
【母婴直饮】云米净水器 SE 600G+ 新升级厨下式RO反渗透直饮家用,251106-080258045490929,未发货，退款成功,1	,正常,2025-11-06 18:56:45,2025-11-07 18:56:46,,	,	,819506595979	,【24年新品】600G升级版6年长效,1787046011387	,厨房电器,净水器/净水设备及配件耗材,净水器,	,6923185653684	,6923185616399	,聚水潭已取消发货，仅退款  诚11.7,	,退款成功,,2025-11-06 18:56:46,	,,,,,,,否,否,	,否,	,,748.0	,0.0	,129.6	,100.0	,0.0	,0.0	,0.0	,0.0	,518.4	,618.4	,	,	,广东省,肇庆市,广宁县,,,否,否,	,	,	,否,	,	,	,	,	,	,	,	,	,	,	,	,否,否,	,否,是,3	,商家,否,	,否,,信用卡分期,否
Viomi云米净水器1000G厨下式RO反渗透直饮过滤器净饮小海豚2,251106-402380561980533,已发货，待收货,1	,正常,2025-11-06 18:53:52,2025-11-07 18:53:52,,2025-11-07 09:08:23,	,205458105137	,小海豚2包安装1000G大加仑,1802849942800	,厨房电器,净水器/净水设备及配件耗材,净水器,	,6923185654865	,	,主播：小圆 场控：文蓝	权益：直播间抽奖10元红包,	,无售后或售后取消,,2025-11-06 18:53:52,	,,,,,,,否,否,	,否,	,,999.0	,0.0	,100.0	,100.0	,5.0	,0.0	,0.0	,0.0	,799.0	,899.0	,JDV023905328740,京东配送,辽宁省,盘锦市,兴隆台区,,,否,否,	,	,	,否,	,	,	,	,	,	,	,	,	,	,	,	,是,是,	,否,否,,	,否,	,否,,,否
【冷热直饮套装】云米净水器家用厨下管线机套装一键即热制冷直饮,251106-507804434762305,已发货，待收货,1	,正常,2025-11-06 18:53:08,2025-11-07 18:53:08,,2025-11-07 09:15:23,	,480070620581	,【冷热净水直饮套装】新品净水器+冷热管线机,1620106386127	,厨房电器,净水器/净水设备及配件耗材,净水器,	,S2407170910001,	,	,	,无售后或售后取消,,2025-11-06 18:53:08,	,,,,,,,否,否,	,否,	,,1429.0	,0.0	,0.0	,142.9	,0.0	,0.0	,0.0	,0.0	,1286.1	,1429.0	,JDV023905374928,京东配送,广西壮族自治区,南宁市,西乡塘区,,,否,否,	,	,	,否,	,	,	,	,	,	,	,	,	,	,	,	,否,是,	,否,否,,	,否,	,否,,,否
【重磅新品】云米净水器600G小海豚升级版厨下式RO反渗透直饮家用,251106-316229557810929,未发货，退款成功,1	,正常,2025-11-06 18:37:11,2025-11-07 18:37:11,,	,	,225501370546	,【24年新品】600G升级版6年长效,1600502140541	,厨房电器,净水器/净水设备及配件耗材,净水器,	,6923185653684	,6923185616399	,聚水潭已取消发货，仅退款  诚11.7,	,退款成功,,2025-11-06 18:37:11,	,,,,,,,否,否,	,否,	,,558.99	,0.0	,0.0	,55.89	,0.0	,0.0	,0.0	,0.0	,503.1	,558.99	,	,	,广东省,肇庆市,广宁县,,,否,否,	,	,	,否,	,	,	,	,	,	,	,	,	,	,	,	,否,否,	,否,是,3	,商家,否,	,否,,信用卡分期,否
【重磅新品】云米净水器600G小海豚升级版厨下式RO反渗透直饮家用,251106-060513349211675,已发货，待收货,1	,正常,2025-11-06 18:31:15,2025-11-07 18:31:15,,2025-11-07 09:44:49,	,225501370546	,【24年新品】600G升级版6年长效,1600502140541	,厨房电器,净水器/净水设备及配件耗材,净水器,	,6923185653684	,6923185616399	,	,	,无售后或售后取消,,2025-11-06 18:31:15,	,,,,,,,否,否,	,否,	,,558.99	,0.0	,0.0	,0.0	,1.11	,0.0	,0.0	,0.0	,558.99	,558.99	,JDV023900171419,京东大件物流,山东省,济宁市,任城区,,,否,否,	,	,	,否,	,	,	,	,	,	,	,	,	,	,	,	,否,是,	,否,否,,	,否,	,否,,,否
【重磅新品】云米净水器600G小海豚升级版厨下式RO反渗透直饮家用,251106-535528752720465,已取消,1	,正常,	,	,,	,	,225501370546	,【24年新品】600G升级版6年长效,1600502140541	,厨房电器,净水器/净水设备及配件耗材,净水器,	,6923185653684	,6923185616399	,	,	,无售后或售后取消,,	,	,,,,,,,否,否,	,否,	,,558.99	,0.0	,0.0	,0.0	,0.0	,0.0	,0.0	,0.0	,558.99	,558.99	,	,	,****,****,****,****,,否,否,	,	,	,否,	,	,	,	,	,	,	,	,	,	,	,	,否,否,	,否,	,,	,否,	,否,,,否
【重磅新品】云米净水器600G小海豚升级版厨下式RO反渗透直饮家用,251106-522956368262936,待发货,1	,正常,2025-11-06 18:17:59,2025-12-07 18:17:59,,	,	,225501370546	,【24年新品】600G升级版6年长效,1600502140541	,厨房电器,净水器/净水设备及配件耗材,净水器,	,6923185653684	,6923185616399	,	,	,无售后或售后取消,,2025-11-06 18:17:59,	,,,,,,,否,否,	,否,	,,558.99	,0.0	,0.0	,0.0	,0.0	,0.0	,0.0	,0.0	,558.99	,558.99	,	,	,河北省,唐山市,滦州市,,,否,否,	,	,	,否,	,	,	,	,	,	,	,	,	,	,	,	,否,否,	,否,否,,	,否,	,否,,,否
【重磅新品】云米净水器600G小海豚升级版厨下式RO反渗透直饮家用,251106-278428445071129,已发货，待收货,1	,正常,2025-11-06 18:14:15,2025-11-07 18:14:15,,2025-11-07 09:21:10,	,225501370546	,【24年新品】600G升级版6年长效,1600502140541	,厨房电器,净水器/净水设备及配件耗材,净水器,	,6923185653684	,6923185616399	,	,	,无售后或售后取消,,2025-11-06 18:14:15,	,,,,,,,否,否,	,否,	,,558.99	,0.0	,0.0	,0.0	,0.0	,0.0	,0.0	,0.0	,558.99	,558.99	,JDV023905283911,京东大件物流,浙江省,杭州市,拱墅区,,,否,否,	,	,	,否,	,	,	,	,	,	,	,	,	,	,	,	,否,否,	,否,否,,	,否,	,否,,,否
【母婴直饮】云米净水器 SE 600G+ 新升级厨下式RO反渗透直饮家用,251106-205814525453052,待付款,1	,正常,	,	,,	,	,819506595979	,【24年新品】600G升级版6年长效,1787046011387	,厨房电器,净水器/净水设备及配件耗材,净水器,	,6923185653684	,6923185616399	,	,	,无售后或售后取消,,	,	,,,,,,,否,否,	,否,	,,748.0	,0.0	,134.64	,74.8	,0.0	,0.0	,0.0	,0.0	,538.56	,613.36	,	,	,****,****,****,****,,否,否,	,	,	,否,	,	,	,	,	,	,	,	,	,	,	,	,否,否,	,否,	,,	,否,	,否,,,否
Viomi云米净水器1000G厨下式RO反渗透直饮过滤器净饮小海豚2,251106-361863637341213,已取消,1	,正常,	,	,,	,	,205458105137	,小海豚2包安装1000G大加仑,1802849942800	,厨房电器,净水器/净水设备及配件耗材,净水器,	,6923185654865	,	,	,	,无售后或售后取消,,	,	,,,,,,,否,否,	,否,	,,999.0	,0.0	,100.0	,100.0	,0.0	,0.0	,0.0	,0.0	,799.0	,899.0	,	,	,****,****,****,****,,否,否,	,	,	,否,	,	,	,	,	,	,	,	,	,	,	,	,否,否,	,否,	,,	,否,	,否,,,否
【重磅新品】云米净水器600G小海豚升级版厨下式RO反渗透直饮家用,251106-421003344292152,已取消,1	,正常,	,	,,	,	,225501370546	,【24年新品】600G升级版6年长效,1600502140541	,厨房电器,净水器/净水设备及配件耗材,净水器,	,6923185653684	,6923185616399	,	,	,无售后或售后取消,,	,	,,,,,,,否,否,	,否,	,,558.99	,0.0	,0.0	,0.0	,0.0	,0.0	,0.0	,0.0	,558.99	,558.99	,	,	,****,****,****,****,,否,否,	,	,	,否,	,	,	,	,	,	,	,	,	,	,	,	,否,否,	,否,	,,	,否,	,否,,,否
【重磅新品】云米净水器600G小海豚升级版厨下式RO反渗透直饮家用,251106-020111747492152,已取消,1	,正常,	,	,,	,	,225501370546	,【24年新品】600G升级版6年长效,1600502140541	,厨房电器,净水器/净水设备及配件耗材,净水器,	,6923185653684	,6923185616399	,	,	,无售后或售后取消,,	,	,,,,,,,否,否,	,否,	,,558.99	,0.0	,0.0	,0.0	,0.0	,0.0	,0.0	,0.0	,558.99	,558.99	,	,	,****,****,****,****,,否,否,	,	,	,否,	,	,	,	,	,	,	,	,	,	,	,	,否,否,	,否,	,,	,否,	,否,,,否
【重磅新品】云米净水器600G小海豚升级版厨下式RO反渗透直饮家用,251106-371070113323116,已发货，待收货,1	,正常,2025-11-06 17:54:48,2025-11-07 17:54:48,,2025-11-07 09:21:10,	,225501370546	,【24年新品】600G升级版6年长效,1600502140541	,厨房电器,净水器/净水设备及配件耗材,净水器,	,6923185653684	,6923185616399	,	,	,无售后或售后取消,,2025-11-06 17:54:48,	,,,,,,,否,否,	,否,	,,558.99	,0.0	,0.0	,55.89	,0.0	,0.0	,0.0	,0.0	,503.1	,558.99	,JDV023905269628,京东大件物流,上海市,上海市,浦东新区,,,否,否,	,	,	,否,	,	,	,	,	,	,	,	,	,	,	,	,否,否,	,否,否,,	,否,	,否,,,否
云米净水器滤芯家用小海豚小蓝调小白龙系列专用RO反渗透,251106-216468099420835,已发货，待收货,1	,正常,2025-11-06 17:53:52,2025-11-08 17:53:52,,2025-11-06 19:13:48,	,232467205433	,5in1 复合滤芯,1647394585330	,厨房电器,净水器/净水设备及配件耗材,净水器,	,6923185627425	,	,补差后返 到手价109,	,无售后或售后取消,,2025-11-06 17:53:52,	,,,,,,,否,否,	,否,	,,149.0	,0.0	,0.0	,5.0	,0.0	,0.0	,0.0	,0.0	,144.0	,149.0	,JDV023898954614,京东配送,四川省,成都市,金牛区,,,否,否,	,	,	,否,	,	,	,	,	,	,	,	,	,	,	,	,否,否,	,否,否,,	,否,	,否,,,否
【母婴直饮】云米净水器 SE 600G+ 新升级厨下式RO反渗透直饮家用,251106-396445663551497,待付款,1	,正常,	,	,,	,	,819506595979	,【24年新品】600G升级版6年长效,1787046011387	,厨房电器,净水器/净水设备及配件耗材,净水器,	,6923185653684	,6923185616399	,	,	,无售后或售后取消,,	,	,,,,,,,否,否,	,否,	,,748.0	,0.0	,129.6	,100.0	,0.0	,0.0	,0.0	,0.0	,518.4	,618.4	,	,	,****,****,****,****,,否,否,	,	,	,否,	,	,	,	,	,	,	,	,	,	,	,	,否,否,	,否,	,,	,否,	,否,,,否
云米3000W速热电热水器家用浴室免换镁棒一级能效抑菌内胆免清洗,251106-656702226741023,未发货，退款成功,1	,正常,2025-11-06 17:46:10,2025-11-07 17:46:11,,	,	,369876178838	,速热3000W免换镁棒电热水器60L,1799960621871	,大家电,热水器,电热水器,	,6923185611899	,6923185611882	,ZX2511070067132待拦截11.7诚,	,退款成功,,2025-11-06 17:46:11,	,,,,,,,否,否,	,否,	,,750.0	,0.0	,0.0	,37.5	,0.0	,0.0	,0.0	,0.0	,712.5	,750.0	,	,	,河北省,石家庄市,正定县,,,否,否,	,	,	,否,	,	,	,	,	,	,	,	,	,	,	,	,否,否,	,否,是,3	,商家,否,	,否,,花呗分期,否
VIOMI云米净水器1000G厨下直饮小体积净水机RO机智显龙头3秒满杯,251106-405882816052214,已取消,1	,正常,	,	,,	,	,842195971715	,1000G大通量RO净水器,1803617356458	,厨房电器,净水器/净水设备及配件耗材,净水器,	,6923185654247	,	,	,	,无售后或售后取消,,	,	,,,,,,,否,否,	,否,	,,805.0	,0.0	,6.0	,0.0	,0.0	,0.0	,0.0	,0.0	,799.0	,799.0	,	,	,****,****,****,****,,否,否,	,	,	,否,	,	,	,	,	,	,	,	,	,	,	,	,否,否,	,否,	,,	,否,	,否,,,否
【重磅新品】云米净水器600G小海豚升级版厨下式RO反渗透直饮家用,251106-633277059494003,已发货，待收货,1	,正常,2025-11-06 17:30:15,2025-11-07 17:30:15,2025-11-08 23:59:59,2025-11-07 09:21:10,	,225501370546	,【24年新品】600G升级版6年长效,1600502140541	,厨房电器,净水器/净水设备及配件耗材,净水器,	,6923185653684	,6923185616399	,	,	,无售后或售后取消,,2025-11-06 17:30:15,	,,,,,,,否,否,	,否,	,,558.99	,0.0	,0.0	,83.0	,0.0	,0.0	,0.0	,0.0	,475.99	,558.99	,JDV023905256417,京东大件物流,上海市,上海市,普陀区,,,否,否,	,	,	,否,	,	,	,	,	,	,	,	,	,	,	,	,否,否,	,否,否,,	,否,	,否,,,否
【重磅新品】云米净水器600G小海豚升级版厨下式RO反渗透直饮家用,251106-253881280933423,已发货，待收货,1	,正常,2025-11-06 17:22:23,2025-11-07 17:22:23,,2025-11-07 09:44:49,	,225501370546	,【24年新品】600G升级版6年长效,1600502140541	,厨房电器,净水器/净水设备及配件耗材,净水器,	,6923185653684	,6923185616399	,	,	,无售后或售后取消,,2025-11-06 17:22:23,	,,,,,,,否,否,	,否,	,,558.99	,0.0	,0.0	,0.0	,0.0	,0.0	,0.0	,0.0	,558.99	,558.99	,JDV023899419114,京东大件物流,山东省,聊城市,临清市,,,否,否,	,	,	,否,	,	,	,	,	,	,	,	,	,	,	,	,否,否,	,否,是,3	,商家,否,	,否,,信用卡分期,否
VIOMI云米净水器1000G厨下直饮小体积净水机RO机智显龙头3秒满杯,251106-249340936561500,已取消,1	,正常,	,	,,	,	,842195971715	,1000G大通量RO净水器,1803617356458	,厨房电器,净水器/净水设备及配件耗材,净水器,	,6923185654247	,	,	,	,无售后或售后取消,,	,	,,,,,,,否,否,	,否,	,,805.0	,0.0	,6.0	,0.0	,0.0	,0.0	,0.0	,0.0	,799.0	,799.0	,	,	,****,****,****,****,,否,否,	,	,	,否,	,	,	,	,	,	,	,	,	,	,	,	,否,否,	,否,	,,	,否,	,否,,,否
【重磅新品】云米净水器600G小海豚升级版厨下式RO反渗透直饮家用,251106-247726118443850,已发货，待收货,1	,正常,2025-11-06 17:16:07,2025-11-07 17:16:07,,2025-11-07 09:21:11,	,225501370546	,【24年新品】600G升级版6年长效,1600502140541	,厨房电器,净水器/净水设备及配件耗材,净水器,	,6923185653684	,6923185616399	,	,	,无售后或售后取消,,2025-11-06 17:16:07,	,,,,,,,否,否,	,否,	,,558.99	,0.0	,0.0	,0.0	,0.0	,0.0	,0.0	,0.0	,558.99	,558.99	,JDV023905334042,京东大件物流,广东省,深圳市,坪山区,,,否,否,	,	,	,否,	,	,	,	,	,	,	,	,	,	,	,	,否,否,	,否,否,,	,否,	,否,,,否
VIOMI云米净水器1000G厨下直饮小体积净水机RO机智显龙头3秒满杯,251106-098849319281500,已取消,1	,正常,	,	,,	,	,842195971715	,1000G大通量RO净水器,1803617356458	,厨房电器,净水器/净水设备及配件耗材,净水器,	,6923185654247	,	,	,	,无售后或售后取消,,	,	,,,,,,,否,否,	,否,	,,805.0	,0.0	,6.0	,0.0	,0.0	,0.0	,0.0	,0.0	,799.0	,799.0	,	,	,****,****,****,****,,否,否,	,	,	,否,	,	,	,	,	,	,	,	,	,	,	,	,否,否,	,否,	,,	,否,	,否,,,否
【重磅新品】云米净水器600G小海豚升级版厨下式RO反渗透直饮家用,251106-394809853580334,已发货，待收货,1	,正常,2025-11-06 17:11:16,2025-11-07 17:11:16,,2025-11-07 09:21:11,	,225501370546	,【24年新品】600G升级版6年长效,1600502140541	,厨房电器,净水器/净水设备及配件耗材,净水器,	,6923185653684	,6923185616399	,	,	,无售后或售后取消,,2025-11-06 17:11:16,	,,,,,,,否,否,	,否,	,,558.99	,0.0	,0.0	,0.0	,0.0	,0.0	,0.0	,0.0	,558.99	,558.99	,JDV023905584995,京东大件物流,上海市,上海市,青浦区,,,否,否,	,	,	,否,	,	,	,	,	,	,	,	,	,	,	,	,否,否,	,否,否,,	,否,	,否,,,否
【重磅新品】云米净水器600G小海豚升级版厨下式RO反渗透直饮家用,251106-317812928103047,已取消,1	,正常,	,	,,	,	,225501370546	,【24年新品】600G升级版6年长效,1600502140541	,厨房电器,净水器/净水设备及配件耗材,净水器,	,6923185653684	,6923185616399	,	,	,无售后或售后取消,,	,	,,,,,,,否,否,	,否,	,,558.99	,0.0	,0.0	,0.0	,0.0	,0.0	,0.0	,0.0	,558.99	,558.99	,	,	,****,****,****,****,,否,否,	,	,	,否,	,	,	,	,	,	,	,	,	,	,	,	,否,否,	,否,	,,	,否,	,否,,,否
【重磅新品】云米净水器600G小海豚升级版厨下式RO反渗透直饮家用,251106-501533970861397,未发货，退款成功,1	,正常,2025-11-06 17:04:43,2025-11-07 17:04:43,,	,	,225501370546	,【24年新品】600G升级版6年长效,1600502140541	,厨房电器,净水器/净水设备及配件耗材,净水器,	,6923185653684	,6923185616399	,聚水潭已取消发货 已退款   叶11.6,	,退款成功,,2025-11-06 17:04:43,	,,,,,,,否,否,	,否,	,,558.99	,0.0	,0.0	,0.0	,0.0	,0.0	,0.0	,0.0	,558.99	,558.99	,	,	,福建省,福州市,福清市,,,否,否,	,	,	,否,	,	,	,	,	,	,	,	,	,	,	,	,否,否,	,否,否,,	,否,	,否,,,否
【重磅新品】云米净水器600G小海豚升级版厨下式RO反渗透直饮家用,251106-145804542381397,未发货，退款成功,1	,正常,2025-11-06 16:57:24,2025-11-07 16:57:24,,	,	,225501370546	,【24年新品】600G升级版6年长效,1600502140541	,厨房电器,净水器/净水设备及配件耗材,净水器,	,6923185653684	,6923185616399	,聚水潭已取消发货 已退款   叶11.6,	,退款成功,,2025-11-06 16:57:24,	,,,,,,,否,否,	,否,	,,558.99	,0.0	,0.0	,0.0	,0.2	,0.0	,0.0	,0.0	,558.99	,558.99	,	,	,福建省,福州市,福清市,,,否,否,	,	,	,否,	,	,	,	,	,	,	,	,	,	,	,	,否,否,	,否,否,,	,否,	,否,,,否
【重磅新品】云米净水器600G小海豚升级版厨下式RO反渗透直饮家用,251106-174776727981397,已取消,1	,正常,	,	,,	,	,225501370546	,【24年新品】600G升级版6年长效,1600502140541	,厨房电器,净水器/净水设备及配件耗材,净水器,	,6923185653684	,6923185616399	,	,	,无售后或售后取消,,	,	,,,,,,,否,否,	,否,	,,558.99	,0.0	,0.0	,0.0	,0.0	,0.0	,0.0	,0.0	,558.99	,558.99	,	,	,****,****,****,****,,否,否,	,	,	,否,	,	,	,	,	,	,	,	,	,	,	,	,否,否,	,否,	,,	,否,	,否,,,否
【重磅新品】云米净水器600G小海豚升级版厨下式RO反渗透直饮家用,251106-019943933563393,已发货，待收货,1	,正常,2025-11-06 16:54:41,2025-11-07 16:54:41,,2025-11-07 09:21:11,	,225501370546	,【24年新品】600G升级版6年长效,1600502140541	,厨房电器,净水器/净水设备及配件耗材,净水器,	,6923185653684	,6923185616399	,	,	,无售后或售后取消,,2025-11-06 16:54:41,	,,,,,,,否,否,	,否,	,,558.99	,0.0	,0.0	,55.89	,0.0	,0.0	,0.0	,0.0	,503.1	,558.99	,JDV023905589954,京东大件物流,浙江省,台州市,临海市,,,否,否,	,	,	,否,	,	,	,	,	,	,	,	,	,	,	,	,否,否,	,否,否,,	,否,	,否,,,否
【重磅新品】云米净水器600G小海豚升级版厨下式RO反渗透直饮家用,251106-302807785074088,已发货，待收货,1	,正常,2025-11-06 16:45:23,2025-11-07 16:45:23,,2025-11-07 09:44:49,	,225501370546	,【24年新品】600G升级版6年长效,1600502140541	,厨房电器,净水器/净水设备及配件耗材,净水器,	,6923185653684	,6923185616399	,	,	,无售后或售后取消,,2025-11-06 16:45:23,	,,,,,,,否,否,	,否,	,,558.99	,0.0	,0.0	,3.0	,0.0	,0.0	,0.0	,0.0	,555.99	,558.99	,JDV023899614549,京东大件物流,河北省,石家庄市,桥西区,,,否,否,	,	,	,否,	,	,	,	,	,	,	,	,	,	,	,	,否,否,	,否,否,,	,否,	,否,,,否
Viomi云米净水器1000G厨下式RO反渗透直饮过滤器净饮小海豚2,251106-492621043283356,已发货，待收货,1	,正常,2025-11-06 16:35:45,2025-11-07 16:35:45,,2025-11-07 09:15:24,	,205458105137	,小海豚2包安装1000G大加仑,1802849942800	,厨房电器,净水器/净水设备及配件耗材,净水器,	,6923185654865	,	,	,	,无售后或售后取消,,2025-11-06 16:35:45,	,,,,,,,否,否,	,否,	,,999.0	,0.0	,100.0	,89.9	,15.0	,0.0	,0.0	,0.0	,809.1	,899.0	,JDV023905333097,京东配送,吉林省,通化市,辉南县,,,否,否,	,	,	,否,	,	,	,	,	,	,	,	,	,	,	,	,否,否,	,否,否,,	,否,	,否,,,否
云米智能AI门锁3D指纹密码蓝牙可连大容量续航家用公寓自动安全,251106-509796707940622,已发货，待收货,1	,正常,2025-11-06 16:26:47,2025-11-07 16:26:48,,2025-11-07 09:15:45,	,743885774552	,"云米蓝调指纹密码锁LBT11C,黑色",1734954999916	,基础建材,智能门锁/电子锁,智能门锁/电子锁,	,6923185655381	,6923185655381	,导向片尺寸260*24mm,	,无售后或售后取消,,2025-11-06 16:26:48,	,,,,,,,否,否,	,否,	,,661.0	,0.0	,40.0	,70.0	,0.0	,0.0	,0.0	,0.0	,551.0	,621.0	,JDV023899710912,京东配送,重庆市,重庆市,北碚区,,,否,否,	,	,	,否,	,	,	,	,	,	,	,	,	,	,	,	,否,否,	,否,否,,	,否,	,否,,,否
【重磅新品】云米净水器600G小海豚升级版厨下式RO反渗透直饮家用,251106-167939960400877,待发货,1	,正常,2025-11-06 16:22:35,2026-01-15 16:22:35,,	,	,225501370546	,【24年新品】600G升级版6年长效,1600502140541	,厨房电器,净水器/净水设备及配件耗材,净水器,	,6923185653684	,6923185616399	,	,	,无售后或售后取消,,2025-11-06 16:22:35,	,,,,,,,否,否,	,否,	,,558.99	,0.0	,0.0	,55.89	,1.0	,0.0	,0.0	,0.0	,503.1	,558.99	,	,	,湖南省,长沙市,岳麓区,,,否,否,	,	,	,否,	,	,	,	,	,	,	,	,	,	,	,	,否,否,	,否,否,,	,否,	,否,,,否
【重磅新品】云米净水器600G小海豚升级版厨下式RO反渗透直饮家用,251106-625014270262778,已发货，待收货,1	,正常,2025-11-06 16:20:44,2025-11-07 16:20:44,,2025-11-07 09:21:12,	,225501370546	,【24年新品】600G升级版6年长效,1600502140541	,厨房电器,净水器/净水设备及配件耗材,净水器,	,6923185653684	,6923185616399	,	,	,无售后或售后取消,,2025-11-06 16:20:44,	,,,,,,,否,否,	,否,	,,558.99	,0.0	,0.0	,0.0	,0.0	,0.0	,0.0	,0.0	,558.99	,558.99	,JDV023897890724,京东大件物流,吉林省,通化市,梅河口市,,,否,否,	,	,	,否,	,	,	,	,	,	,	,	,	,	,	,	,否,否,	,否,否,,	,否,	,否,,,否
VIOMI云米净水器大通量小海豚800G反渗透RO厨下式家用长效滤芯,251106-128922426972322,已发货，待收货,1	,正常,2025-11-06 16:26:32,2025-11-07 16:26:32,,2025-11-07 09:15:24,	,837957770723	,800G大通量纯水机,1809123722986	,厨房电器,净水器/净水设备及配件耗材,净水器,	,6923185653974	,	,	,	,无售后或售后取消,,2025-11-06 16:26:32,	,,,,,,,否,否,	,否,	,,699.0	,0.0	,10.0	,54.0	,0.0	,0.0	,0.0	,0.0	,635.0	,689.0	,JDV023905280096,京东大件物流,河南省,商丘市,睢阳区,,,否,否,	,	,	,否,	,	,	,	,	,	,	,	,	,	,	,	,否,否,	,否,否,,	,否,	,否,,,否
【母婴直饮】云米净水器 SE 600G+ 新升级厨下式RO反渗透直饮家用,251106-334705518940572,已发货，待收货,1	,正常,2025-11-06 16:05:10,2025-11-07 16:05:10,,2025-11-06 19:05:15,	,819506595979	,【24年新品】600G升级版6年长效,1787046011387	,厨房电器,净水器/净水设备及配件耗材,净水器,	,6923185653684	,6923185616399	,	,	,无售后或售后取消,,2025-11-06 16:05:10,	,,,,,,,否,否,	,否,	,,748.0	,0.0	,131.64	,89.76	,0.0	,0.0	,0.0	,0.0	,526.6	,616.36	,JDV023898453863,京东配送,湖南省,长沙市,芙蓉区,,,否,否,	,	,	,否,	,	,	,	,	,	,	,	,	,	,	,	,否,否,	,否,否,,	,否,	,否,,,否
VIOMI云米净水器大通量小海豚800G反渗透RO厨下式家用长效滤芯,251106-087545659792627,已取消,1	,正常,	,	,,	,	,837957770723	,800G大通量纯水机,1809123722986	,厨房电器,净水器/净水设备及配件耗材,净水器,	,6923185653974	,	,	,	,无售后或售后取消,,	,	,,,,,,,否,否,	,否,	,,699.0	,0.0	,10.0	,200.0	,0.0	,0.0	,0.0	,0.0	,489.0	,689.0	,	,	,****,****,****,****,,否,否,	,	,	,否,	,	,	,	,	,	,	,	,	,	,	,	,否,否,	,否,	,,	,否,	,否,,,否
云米60升AI速热高温抑菌电热水器3000W一级节能变频增容家用租房,251106-081851922783008,待付款,1	,正常,	,	,,	,	,226368376224	,3000W速热安全60L热水器,1737176648260	,大家电,热水器,电热水器,	,6923185602224	,6923185602224	,	,	,无售后或售后取消,,	,	,,,,,,,否,否,	,否,	,,655.0	,0.0	,0.0	,20.0	,0.0	,0.0	,0.0	,0.0	,635.0	,655.0	,	,	,****,****,****,****,,否,否,	,	,	,否,	,	,	,	,	,	,	,	,	,	,	,	,否,否,	,否,	,,	,否,	,否,,,否
云米净水器滤芯小蓝调小海豚600G+专用复合滤芯RO反渗透滤芯过滤,251106-286387157373973,已发货，待收货,1	,正常,2025-11-06 15:48:05,2025-11-07 15:48:06,,2025-11-06 19:05:19,	,296967601341	,5in1复合滤芯 2年长效,1600193054565	,厨房电器,净水器/净水设备及配件耗材,净水器,	,6923185627425	,	,到手价99 [viomi莉莉sk 11/06 15:48],	,无售后或售后取消,,2025-11-06 15:48:06,	,,,,,,,否,否,	,否,	,,299.0	,0.0	,0.0	,20.0	,0.2	,0.0	,0.0	,0.0	,279.0	,299.0	,JDV023898462459,京东配送,福建省,漳州市,龙海区,,,否,否,	,	,	,否,	,	,	,	,	,	,	,	,	,	,	,	,否,否,	,否,否,,	,否,	,否,,,否
【购买前须联系客服确认】补收差价专用商品,251106-238205017742273,已收货,30000	,正常,2025-11-06 16:02:47,2025-11-07 16:02:47,,2025-11-06 16:02:57,2025-11-06 16:02:57,322805615497	,	,1061861892357	,虚拟商品,个性定制/设计服务/DIY,个人定制原材料,	,	,	,二线 [viomi诺诺sk 11/06 16:04],	,无售后或售后取消,,2025-11-06 16:02:47,	,,,,,,,否,否,	,否,	,,300.0	,0.0	,0.0	,0.0	,0.0	,0.0	,0.0	,0.0	,300.0	,300.0	,	,	,	,	,	,,,否,否,	,	,	,否,	,	,	,	,	,	,	,	,	,	,	,	,否,是,	,否,否,,	,否,	,否,,,否
【重磅新品】云米净水器600G小海豚升级版厨下式RO反渗透直饮家用,251106-468755464490405,已取消,1	,正常,	,	,,	,	,225501370546	,【24年新品】600G升级版6年长效,1600502140541	,厨房电器,净水器/净水设备及配件耗材,净水器,	,6923185653684	,6923185616399	,	,	,无售后或售后取消,,	,	,,,,,,,否,否,	,否,	,,558.99	,0.0	,0.0	,0.0	,0.0	,0.0	,0.0	,0.0	,558.99	,558.99	,	,	,****,****,****,****,,否,否,	,	,	,否,	,	,	,	,	,	,	,	,	,	,	,	,否,否,	,否,	,,	,否,	,否,,,否
【母婴直饮】云米净水器 SE 600G+ 新升级厨下式RO反渗透直饮家用,251106-323307466361911,已发货，待收货,1	,正常,2025-11-06 15:32:44,2025-11-07 15:32:44,,2025-11-06 19:14:15,	,819506595979	,【24年新品】600G升级版6年长效,1787046011387	,厨房电器,净水器/净水设备及配件耗材,净水器,	,6923185653684	,6923185616399	,	,	,无售后或售后取消,,2025-11-06 15:32:44,	,,,,,,,否,否,	,否,	,,748.0	,0.0	,145.6	,20.0	,0.0	,0.0	,0.0	,0.0	,582.4	,602.4	,JDV023898534369,京东配送,广东省,佛山市,南海区,,,否,否,	,	,	,否,	,	,	,	,	,	,	,	,	,	,	,	,否,否,	,否,否,,	,否,	,否,,,否
【母婴直饮】云米净水器 SE 600G+ 新升级厨下式RO反渗透直饮家用,251106-565560011121989,待发货,1	,正常,2025-11-06 15:26:25,2025-11-08 15:26:26,,	,	,819506595979	,【24年新品】600G升级版6年长效,1787046011387	,厨房电器,净水器/净水设备及配件耗材,净水器,	,6923185653684	,6923185616399	,	,	,无售后或售后取消,,2025-11-06 15:26:26,	,,,,,,,否,否,	,否,	,,748.0	,0.0	,129.6	,100.0	,0.0	,0.0	,0.0	,0.0	,518.4	,618.4	,	,	,安徽省,合肥市,长丰县,,,否,否,	,	,	,否,	,	,	,	,	,	,	,	,	,	,	,	,否,否,	,否,否,,	,否,	,否,,,否
【重磅新品】云米净水器600G小海豚升级版厨下式RO反渗透直饮家用,251106-020730427783740,已发货，待收货,1	,正常,2025-11-06 14:53:44,2025-11-07 14:53:44,,2025-11-06 20:30:27,	,225501370546	,【24年新品】600G升级版6年长效,1600502140541	,厨房电器,净水器/净水设备及配件耗材,净水器,	,6923185653684	,6923185616399	,	,	,无售后或售后取消,,2025-11-06 14:53:44,	,,,,,,,否,否,	,否,	,,558.99	,0.0	,0.0	,0.0	,0.2	,0.0	,0.0	,0.0	,558.99	,558.99	,JDV023897278805,京东大件物流,四川省,成都市,新都区,,,否,否,	,	,	,否,	,	,	,	,	,	,	,	,	,	,	,	,否,否,	,否,否,,	,否,	,否,,,否
【重磅新品】云米净水器600G小海豚升级版厨下式RO反渗透直饮家用,251106-002076229940946,已发货，待收货,1	,正常,2025-11-06 14:45:06,2025-11-07 14:45:06,,2025-11-06 20:30:27,	,225501370546	,【24年新品】600G升级版6年长效,1600502140541	,厨房电器,净水器/净水设备及配件耗材,净水器,	,6923185653684	,6923185616399	,	,	,无售后或售后取消,,2025-11-06 14:45:06,	,,,,,,,否,否,	,否,	,,558.99	,0.0	,0.0	,0.0	,0.0	,0.0	,0.0	,0.0	,558.99	,558.99	,JDV023896895217,京东大件物流,北京市,北京市,顺义区,,,否,否,	,	,	,否,	,	,	,	,	,	,	,	,	,	,	,	,否,否,	,否,否,,	,否,	,否,,,否
【母婴直饮】云米净水器 SE 600G+ 新升级厨下式RO反渗透直饮家用,251106-342433482253420,未发货，退款成功,1	,正常,2025-11-06 14:31:21,2025-11-07 14:31:22,,	,	,819506595979	,【24年新品】600G升级版6年长效,1787046011387	,厨房电器,净水器/净水设备及配件耗材,净水器,	,6923185653684	,6923185616399	,聚水潭已取消发货 已退款   叶11.6,	,退款成功,,2025-11-06 14:31:22,	,,,,,,,否,否,	,否,	,,748.0	,0.0	,149.6	,0.0	,0.0	,0.0	,0.0	,0.0	,598.4	,598.4	,	,	,河南省,商丘市,夏邑县,,,否,否,	,	,	,否,	,	,	,	,	,	,	,	,	,	,	,	,否,否,	,否,否,,	,否,	,否,,,否
【母婴直饮】云米净水器 SE 600G+ 新升级厨下式RO反渗透直饮家用,251106-541925086873761,未发货，退款成功,1	,审核中，请勿发货,2025-11-06 14:30:18,2025-11-07 14:30:19,,	,	,819506595979	,【24年新品】600G升级版6年长效,1787046011387	,厨房电器,净水器/净水设备及配件耗材,净水器,	,6923185653684	,6923185616399	,聚水潭已取消发货 已退款   叶11.6,	,退款成功,,2025-11-06 14:30:19,	,,,,,,,否,否,	,否,	,,748.0	,0.0	,129.6	,100.0	,0.0	,0.0	,0.0	,0.0	,518.4	,618.4	,	,	,四川省,乐山市,市中区,,,否,否,	,	,	,否,	,	,	,	,	,	,	,	,	,	,	,	,否,否,	,否,	,,	,否,	,否,,,否
云米23立方油烟机燃气灶套装家用厨房顶侧大吸力油烟机5.0KW灶具,251106-134752509590770,已发货，待收货,1	,正常,2025-11-06 14:28:53,2025-11-07 14:28:53,,2025-11-06 19:49:23,	,209837375742	,"【烟灶联动】瞬吸烟机+5.0KW灶,天然气",1792607150009	,大家电,厨房大电,烟灶消套装,	,S2409261034001,	,	,	,无售后或售后取消,,2025-11-06 14:28:53,	,,,,,,,否,否,	,否,	,,1250.0	,0.0	,0.0	,0.0	,0.0	,0.0	,0.0	,0.0	,1250.0	,1250.0	,JDV023897240746,京东配送,内蒙古自治区,呼伦贝尔市,莫力达瓦达斡尔族自治旗,,,否,否,	,	,	,否,	,	,	,	,	,	,	,	,	,	,	,	,否,否,	,否,否,,	,否,	,否,,,否
【重磅新品】云米净水器600G小海豚升级版厨下式RO反渗透直饮家用,251106-298466742683599,已发货，待收货,1	,正常,2025-11-06 14:22:28,2025-11-07 14:22:29,,2025-11-06 20:30:27,	,225501370546	,【24年新品】600G升级版6年长效,1600502140541	,厨房电器,净水器/净水设备及配件耗材,净水器,	,6923185653684	,6923185616399	,	,	,无售后或售后取消,,2025-11-06 14:22:29,	,,,,,,,否,否,	,否,	,,558.99	,0.0	,0.0	,0.0	,0.0	,0.0	,0.0	,0.0	,558.99	,558.99	,JDV023896867594,京东大件物流,山东省,日照市,岚山区,,,否,否,	,	,	,否,	,	,	,	,	,	,	,	,	,	,	,	,否,否,	,否,是,3	,商家,否,	,否,,信用卡分期,否
云米顶侧大吸力蓝调油烟机家用厨房节能自清洁一级能效可挥手智控,251106-619939182892936,已发货，待收货,1	,正常,2025-11-06 14:22:51,2025-11-07 14:22:51,,2025-11-06 19:01:12,	,657344402006	,云米智清洁挥手智控单烟机,1723825075586	,大家电,厨房大电,油烟机,	,6923185650973	,6923185650973	,	,	,无售后或售后取消,,2025-11-06 14:22:51,	,,,,,,,否,否,	,否,	,,839.0	,0.0	,48.0	,32.0	,0.0	,0.0	,0.0	,0.0	,759.0	,791.0	,JDV023897278823,京东配送,福建省,莆田市,荔城区,,,否,否,	,	,	,否,	,	,	,	,	,	,	,	,	,	,	,	,否,否,	,否,否,,	,否,	,否,,,否
云米无线手持吸尘器家用立式除螨大吸力吸尘机A9长续航宠物家庭,251106-556133291600657,待发货,1	,正常,2025-11-06 14:18:03,2025-11-07 14:18:03,,	,	,823432069145	,云米吸尘器【长续航】,1789783831646	,生活电器,吸尘器,吸尘器,	,6923185611844	,6923185611844	,	,	,无售后或售后取消,,2025-11-06 14:18:03,	,,,,,,,否,否,	,否,中国香港集运/转运,,602.0	,0.0	,0.0	,0.0	,0.0	,0.0	,0.0	,0.0	,602.0	,602.0	,	,	,广东省,珠海市,斗门区,,,否,否,	,	,	,否,	,	,	,	,	,	,	,	,	,	,	,	,否,否,	,否,否,,	,否,	,否,,,否
云米净饮机X2系列滤芯X2mini mango复合滤芯5in1/6in1 RO反渗透,251106-014575244940313,已发货，待收货,1	,正常,2025-11-06 14:13:14,2025-11-08 14:13:15,,2025-11-06 19:06:25,	,243153009643	,X2/X2 Pro  5合1滤芯,1360931817930	,厨房电器,净水器/净水设备及配件耗材,净水器,	,6923185614258	,6923185614258	,	,	,无售后或售后取消,,2025-11-06 14:13:15,	,,,,,,,否,否,	,否,	,,147.0	,0.0	,0.0	,0.0	,0.0	,0.0	,0.0	,0.0	,147.0	,147.0	,JDV023893534670,京东配送,贵州省,遵义市,汇川区,,,否,否,	,	,	,否,	,	,	,	,	,	,	,	,	,	,	,	,否,否,	,否,否,,	,否,	,否,,,否
【重磅新品】云米净水器600G小海豚升级版厨下式RO反渗透直饮家用,251106-258148943443786,已发货，待收货,1	,正常,2025-11-06 14:12:40,2025-11-07 14:12:41,,2025-11-06 20:30:28,	,225501370546	,【24年新品】600G升级版6年长效,1600502140541	,厨房电器,净水器/净水设备及配件耗材,净水器,	,6923185653684	,6923185616399	,	,	,无售后或售后取消,,2025-11-06 14:12:41,	,,,,,,,否,否,	,否,	,,558.99	,0.0	,0.0	,0.0	,0.0	,0.0	,0.0	,0.0	,558.99	,558.99	,JDV023896336929,京东大件物流,湖南省,怀化市,鹤城区,,,否,否,	,	,	,否,	,	,	,	,	,	,	,	,	,	,	,	,否,否,	,否,否,,	,否,	,否,,,否
云米净水器滤芯小蓝调小海豚600G+专用复合滤芯RO反渗透滤芯过滤,251106-686649546331109,已发货，待收货,1	,正常,2025-11-06 14:00:28,2025-11-07 14:00:28,,2025-11-06 17:13:06,	,296967601341	,5in1复合滤芯 2年长效,1600193054565	,厨房电器,净水器/净水设备及配件耗材,净水器,	,6923185627425	,	,到手价99元 [viomi轩轩 11/06 16:05],	,无售后或售后取消,,2025-11-06 14:00:28,	,,,,,,,否,否,	,否,	,,299.0	,0.0	,0.0	,0.0	,0.0	,0.0	,0.0	,0.0	,299.0	,299.0	,JDV023896205898,京东配送,江西省,南昌市,南昌县,,,否,否,	,	,	,否,	,	,	,	,	,	,	,	,	,	,	,	,否,否,	,否,否,,	,否,	,否,,,否
云米60升AI速热高温抑菌电热水器3000W一级节能变频增容家用租房,251106-056308569710798,已发货，待收货,1	,正常,2025-11-06 14:00:24,2025-11-07 14:00:25,,2025-11-06 19:04:03,	,226368376224	,3000W速热安全60L热水器,1737176648260	,大家电,热水器,电热水器,	,6923185602224	,6923185602224	,后返到手价640元+晒单返10元,	,无售后或售后取消,,2025-11-06 14:00:25,	,,,,,,,否,否,	,否,	,,655.0	,0.0	,0.0	,0.0	,0.0	,0.0	,0.0	,0.0	,655.0	,655.0	,JDV023896308040,京东配送,山东省,东营市,广饶县,,,否,否,	,	,	,否,	,	,	,	,	,	,	,	,	,	,	,	,否,否,	,否,否,,	,否,	,否,,,否
云米60升AI速热高温抑菌电热水器3000W一级节能变频增容家用租房,251106-685454159470798,待付款,1	,正常,	,	,,	,	,226368376224	,3000W速热安全60L热水器,1737176648260	,大家电,热水器,电热水器,	,6923185602224	,6923185602224	,	,	,无售后或售后取消,,	,	,,,,,,,否,否,	,否,	,,655.0	,0.0	,0.0	,0.0	,0.0	,0.0	,0.0	,0.0	,655.0	,655.0	,	,	,****,****,****,****,,否,否,	,	,	,否,	,	,	,	,	,	,	,	,	,	,	,	,否,否,	,否,	,,	,否,	,否,,,否
云米顶侧大吸力蓝调油烟机家用厨房节能自清洁一级能效可挥手智控,251106-136335921540670,已发货，待收货,1	,正常,2025-11-06 13:53:29,2025-11-07 13:53:29,,2025-11-06 19:15:15,	,657344402006	,云米智清洁挥手智控单烟机,1723825075586	,大家电,厨房大电,油烟机,	,6923185650973	,6923185650973	,	,	,无售后或售后取消,,2025-11-06 13:53:29,	,,,,,,,否,否,	,否,	,,839.0	,0.0	,48.0	,32.0	,0.0	,0.0	,0.0	,0.0	,759.0	,791.0	,JDV023896298830,京东配送,黑龙江省,佳木斯市,向阳区,,,否,否,	,	,	,否,	,	,	,	,	,	,	,	,	,	,	,	,否,否,	,否,否,,	,否,	,否,,,否
【重磅新品】云米净水器600G小海豚升级版厨下式RO反渗透直饮家用,251106-342192320001299,已发货，待收货,1	,正常,2025-11-06 13:51:50,2025-11-07 13:51:50,,2025-11-06 20:30:28,	,225501370546	,【24年新品】600G升级版6年长效,1600502140541	,厨房电器,净水器/净水设备及配件耗材,净水器,	,6923185653684	,6923185616399	,	,	,无售后或售后取消,,2025-11-06 13:51:50,	,,,,,,,否,否,	,否,	,,558.99	,0.0	,0.0	,0.0	,0.0	,0.0	,0.0	,0.0	,558.99	,558.99	,JDV023896317310,京东大件物流,陕西省,西安市,未央区,,,否,否,	,	,	,否,	,	,	,	,	,	,	,	,	,	,	,	,否,否,	,否,否,,	,否,	,否,,,否
【重磅新品】云米净水器600G小海豚升级版厨下式RO反渗透直饮家用,251106-298697419123786,待发货,1	,正常,2025-11-06 13:49:57,2025-11-20 13:49:57,,	,	,225501370546	,【24年新品】600G升级版6年长效,1600502140541	,厨房电器,净水器/净水设备及配件耗材,净水器,	,6923185653684	,6923185616399	,	,	,无售后或售后取消,,2025-11-06 13:49:57,	,,,,,,,否,否,	,否,	,,558.99	,0.0	,0.0	,50.0	,0.0	,0.0	,0.0	,0.0	,508.99	,558.99	,	,	,浙江省,宁波市,宁海县,,,否,否,	,	,	,否,	,	,	,	,	,	,	,	,	,	,	,	,否,否,	,否,是,3	,商家,否,	,否,,信用卡分期,否
云米净水器滤芯小蓝调小海豚600G+专用复合滤芯RO反渗透滤芯过滤,251106-580271511101360,已发货，待收货,2	,正常,2025-11-06 13:49:09,2025-11-07 13:49:10,,2025-11-06 18:55:06,	,296967601341	,5in1复合滤芯 2年长效,1600193054565	,厨房电器,净水器/净水设备及配件耗材,净水器,	,6923185627425	,	,到手价198元,	,无售后或售后取消,,2025-11-06 13:49:10,	,,,,,,,否,否,	,否,	,,598.0	,0.0	,5.98	,0.0	,0.0	,0.0	,0.0	,0.0	,592.02	,592.02	,JDV023896731678,京东配送,广东省,汕头市,金平区,,,否,否,	,	,	,否,	,	,	,	,	,	,	,	,	,	,	,	,否,否,	,否,否,,	,否,	,否,,,否
云米顶侧大吸力蓝调油烟机家用厨房节能自清洁一级能效可挥手智控,251106-077447893380670,未发货，退款成功,1	,正常,2025-11-06 13:49:33,2025-11-07 13:49:33,,	,	,657344402006	,云米智清洁挥手智控单烟机,1723825075586	,大家电,厨房大电,油烟机,	,6923185650973	,6923185650973	,聚水潭已取消发货 已退款   叶11.6,	,退款成功,,2025-11-06 13:49:33,	,,,,,,,否,否,	,否,	,,839.0	,0.0	,48.0	,32.0	,0.0	,0.0	,0.0	,0.0	,759.0	,791.0	,	,	,黑龙江省,佳木斯市,向阳区,,,否,否,	,	,	,否,	,	,	,	,	,	,	,	,	,	,	,	,否,否,	,否,否,,	,否,	,否,,,否
【母婴直饮】云米净水器 SE 600G+ 新升级厨下式RO反渗透直饮家用,251106-413925383741360,已发货，待收货,1	,正常,2025-11-06 13:47:17,2025-11-07 13:47:17,,2025-11-06 19:06:13,	,819506595979	,【24年新品】600G升级版6年长效,1787046011387	,厨房电器,净水器/净水设备及配件耗材,净水器,	,6923185653684	,6923185616399	,	,	,无售后或售后取消,,2025-11-06 13:47:17,	,,,,,,,否,否,	,否,	,,748.0	,0.0	,134.64	,74.8	,0.0	,0.0	,0.0	,0.0	,538.56	,613.36	,JDV023896337064,京东配送,广东省,汕头市,龙湖区,,,否,否,	,	,	,否,	,	,	,	,	,	,	,	,	,	,	,	,否,否,	,否,否,,	,否,	,否,,,否
【重磅新品】云米净水器600G小海豚升级版厨下式RO反渗透直饮家用,251106-668655971943201,已发货，待收货,1	,正常,2025-11-06 13:40:54,2025-11-07 13:40:54,,2025-11-06 20:30:28,	,225501370546	,【24年新品】600G升级版6年长效,1600502140541	,厨房电器,净水器/净水设备及配件耗材,净水器,	,6923185653684	,6923185616399	,	,	,无售后或售后取消,,2025-11-06 13:40:54,	,,,,,,,否,否,	,否,	,,558.99	,0.0	,0.0	,0.0	,0.0	,0.0	,0.0	,0.0	,558.99	,558.99	,JDV023896268547,京东大件物流,四川省,自贡市,沿滩区,,,否,否,	,	,	,否,	,	,	,	,	,	,	,	,	,	,	,	,否,否,	,否,否,,	,否,	,否,,,否
【母婴直饮】云米净水器 SE 600G+ 新升级厨下式RO反渗透直饮家用,251106-115112753580595,待付款,1	,正常,	,	,,	,	,819506595979	,【24年新品】600G升级版6年长效,1787046011387	,厨房电器,净水器/净水设备及配件耗材,净水器,	,6923185653684	,6923185616399	,	,	,无售后或售后取消,,	,	,,,,,,,否,否,	,否,	,,748.0	,0.0	,130.15	,97.24	,0.0	,0.0	,0.0	,0.0	,520.61	,617.85	,	,	,****,****,****,****,,否,否,	,	,	,否,	,	,	,	,	,	,	,	,	,	,	,	,否,否,	,否,	,,	,否,	,否,,,否
云米净水器滤芯小蓝调小海豚600G+专用复合滤芯RO反渗透滤芯过滤,251106-371426670941379,已发货，待收货,2	,正常,2025-11-06 13:34:24,2025-11-07 13:34:24,,2025-11-06 19:22:00,	,296967601341	,5in1复合滤芯 2年长效,1600193054565	,厨房电器,净水器/净水设备及配件耗材,净水器,	,6923185627425	,	,后返到手价198,	,无售后或售后取消,,2025-11-06 13:34:24,	,,,,,,,否,否,	,否,	,,598.0	,0.0	,5.98	,0.0	,0.0	,0.0	,0.0	,0.0	,592.02	,592.02	,JDV023892495333,京东配送,四川省,内江市,东兴区,,,否,否,	,	,	,否,	,	,	,	,	,	,	,	,	,	,	,	,否,否,	,否,否,,	,否,	,否,,,否
云米鲲鹏PRO烟机28m³大吸力聚能猛火灶一级能效烟灶联动厨电套装,251106-010349483662740,已发货，待收货,1	,正常,2025-11-06 13:30:32,2025-11-07 13:30:33,,2025-11-06 19:05:07,	,784230725200	,"【烟灶套装】鲲鹏PRO大吸力烟机+5.2灶具,液化气",1763233003377	,大家电,厨房大电,烟灶消套装,	,S2505171043001,	,自补到手价2399元 赠品送保温杯、空气炸锅;奇门回传单号:JDV023893032069,	,无售后或售后取消,,2025-11-06 13:30:33,	,,,,,,,否,否,	,否,	,,2599.0	,0.0	,0.0	,0.0	,0.0	,0.0	,0.0	,0.0	,2599.0	,2599.0	,JDV023893010171,京东配送,江西省,赣州市,南康区,,,否,否,	,	,	,否,	,	,	,	,	,	,	,	,	,	,	,	,否,否,	,否,否,,	,否,	,否,,,否
VIOMI云米净水器大通量小海豚800G反渗透RO厨下式家用长效滤芯,251106-290591916420461,已发货，待收货,1	,正常,2025-11-06 13:30:17,2025-11-07 13:30:18,,2025-11-06 18:54:10,	,837957770723	,800G大通量纯水机,1809123722986	,厨房电器,净水器/净水设备及配件耗材,净水器,	,6923185653974	,	,	,	,无售后或售后取消,,2025-11-06 13:30:18,	,,,,,,,否,否,	,否,	,,699.0	,0.0	,10.0	,68.9	,1.24	,0.0	,0.0	,0.0	,620.1	,689.0	,JDV023896299012,京东配送,江苏省,南京市,建邺区,,,否,否,	,	,	,否,	,	,	,	,	,	,	,	,	,	,	,	,否,否,	,否,否,,	,否,	,否,,,否
【母婴直饮】云米净水器 SE 600G+ 新升级厨下式RO反渗透直饮家用,251106-038734477661379,已发货，待收货,1	,正常,2025-11-06 13:28:39,2025-11-07 13:28:39,,2025-11-06 19:45:22,	,819506595979	,【24年新品】600G升级版6年长效,1787046011387	,厨房电器,净水器/净水设备及配件耗材,净水器,	,6923185653684	,6923185616399	,	,	,无售后或售后取消,,2025-11-06 13:28:39,	,,,,,,,否,否,	,否,	,,748.0	,0.0	,129.6	,100.0	,0.0	,0.0	,0.0	,0.0	,518.4	,618.4	,JDV023896298579,京东配送,四川省,内江市,东兴区,,,否,否,	,	,	,否,	,	,	,	,	,	,	,	,	,	,	,	,否,否,	,否,否,,	,否,	,否,,,否
【母婴直饮】云米净水器 SE 600G+ 新升级厨下式RO反渗透直饮家用,251106-011198871853210,已发货，待收货,1	,正常,2025-11-06 13:24:41,2025-11-07 13:24:42,,2025-11-06 19:14:15,	,819506595979	,【24年新品】600G升级版6年长效,1787046011387	,厨房电器,净水器/净水设备及配件耗材,净水器,	,6923185653684	,6923185616399	,	,	,无售后或售后取消,,2025-11-06 13:24:42,	,,,,,,,否,否,	,否,	,,748.0	,0.0	,134.64	,74.8	,0.0	,0.0	,0.0	,0.0	,538.56	,613.36	,JDV023896317400,京东配送,广东省,东莞市,虎门镇,,,否,否,	,	,	,否,	,	,	,	,	,	,	,	,	,	,	,	,否,否,	,否,否,,	,否,	,否,,,否
【重磅新品】云米净水器600G小海豚升级版厨下式RO反渗透直饮家用,251106-056413469061339,已发货，待收货,1	,正常,2025-11-06 13:23:19,2025-11-07 13:23:19,,2025-11-06 20:30:27,	,225501370546	,【24年新品】600G升级版6年长效,1600502140541	,厨房电器,净水器/净水设备及配件耗材,净水器,	,6923185653684	,6923185616399	,	,	,无售后或售后取消,,2025-11-06 13:23:19,	,,,,,,,否,否,	,否,	,,558.99	,0.0	,0.0	,0.0	,0.2	,0.0	,0.0	,0.0	,558.99	,558.99	,JDV023896338432,京东大件物流,甘肃省,兰州市,七里河区,,,否,否,	,	,	,否,	,	,	,	,	,	,	,	,	,	,	,	,否,否,	,否,否,,	,否,	,否,,,否
VIOMI云米净水器1000G厨下直饮小体积净水机RO机智显龙头3秒满杯,251106-582882496944067,已发货，待收货,1	,正常,2025-11-06 13:16:07,2025-11-07 13:16:07,,2025-11-06 20:30:27,	,842195971715	,1000G大通量RO净水器,1803617356458	,厨房电器,净水器/净水设备及配件耗材,净水器,	,6923185654247	,	,	,	,无售后或售后取消,,2025-11-06 13:16:07,	,,,,,,,否,否,	,否,	,,805.0	,0.0	,6.0	,0.0	,5.0	,0.0	,0.0	,0.0	,799.0	,799.0	,JDV023896268619,京东大件物流,广东省,广州市,天河区,,,否,否,	,	,	,否,	,	,	,	,	,	,	,	,	,	,	,	,否,否,	,否,否,,	,否,	,否,,,否
【重磅新品】云米净水器600G小海豚升级版厨下式RO反渗透直饮家用,251106-119118261902917,已取消,1	,正常,	,	,,	,	,225501370546	,【24年新品】600G升级版6年长效,1600502140541	,厨房电器,净水器/净水设备及配件耗材,净水器,	,6923185653684	,6923185616399	,	,	,无售后或售后取消,,	,	,,,,,,,否,否,	,否,	,,558.99	,0.0	,0.0	,0.0	,0.0	,0.0	,0.0	,0.0	,558.99	,558.99	,	,	,****,****,****,****,,否,否,	,	,	,否,	,	,	,	,	,	,	,	,	,	,	,	,否,否,	,否,	,,	,否,	,否,,,否
【重磅新品】云米净水器600G小海豚升级版厨下式RO反渗透直饮家用,251106-517073815073002,已取消,1	,正常,	,	,,	,	,225501370546	,【24年新品】600G升级版6年长效,1600502140541	,厨房电器,净水器/净水设备及配件耗材,净水器,	,6923185653684	,6923185616399	,	,	,无售后或售后取消,,	,	,,,,,,,否,否,	,否,	,,558.99	,0.0	,0.0	,0.0	,0.0	,0.0	,0.0	,0.0	,558.99	,558.99	,	,	,****,****,****,****,,否,否,	,	,	,否,	,	,	,	,	,	,	,	,	,	,	,	,否,否,	,否,	,,	,否,	,否,,,否
云米即热净水器厨房家用直饮RO反渗透加热净饮一体机1000G,251106-686198679871848,已取消,1	,正常,	,	,,	,	,364990106384	,即热直饮 1000G大通量,1455593712429	,厨房电器,净水器/净水设备及配件耗材,净水器,	,6923185651116	,6923185651116	,	,	,无售后或售后取消,,	,	,,,,,,,否,否,	,否,	,,1499.0	,0.0	,0.0	,20.0	,0.0	,0.0	,0.0	,0.0	,1479.0	,1499.0	,	,	,****,****,****,****,,否,否,	,	,	,否,	,	,	,	,	,	,	,	,	,	,	,	,否,否,	,否,	,,	,否,	,否,,,否
云米智能AI门锁3D指纹密码蓝牙可连大容量续航家用公寓自动安全,251106-346921397794038,已取消,1	,正常,	,	,,	,	,743885774552	,"云米蓝调指纹密码锁LBT11C,黑色",1734954999916	,基础建材,智能门锁/电子锁,智能门锁/电子锁,	,6923185655381	,6923185655381	,	,	,无售后或售后取消,,	,	,,,,,,,否,否,	,否,	,,661.0	,0.0	,40.0	,70.0	,0.0	,0.0	,0.0	,0.0	,551.0	,621.0	,	,	,****,****,****,****,,否,否,	,	,	,否,	,	,	,	,	,	,	,	,	,	,	,	,否,否,	,否,	,,	,否,	,否,,,否
【重磅新品】云米净水器600G小海豚升级版厨下式RO反渗透直饮家用,251106-664388309281099,已取消,1	,正常,	,	,,	,	,225501370546	,【24年新品】600G升级版6年长效,1600502140541	,厨房电器,净水器/净水设备及配件耗材,净水器,	,6923185653684	,6923185616399	,	,	,无售后或售后取消,,	,	,,,,,,,否,否,	,否,	,,558.99	,0.0	,0.0	,0.0	,0.0	,0.0	,0.0	,0.0	,558.99	,558.99	,	,	,****,****,****,****,,否,否,	,	,	,否,	,	,	,	,	,	,	,	,	,	,	,	,否,否,	,否,	,,	,否,	,否,,,否
【重磅新品】云米净水器600G小海豚升级版厨下式RO反渗透直饮家用,251106-014061432340922,已发货，待收货,1	,正常,2025-11-06 12:32:40,2025-11-07 12:32:40,,2025-11-06 20:30:28,	,225501370546	,【24年新品】600G升级版6年长效,1600502140541	,厨房电器,净水器/净水设备及配件耗材,净水器,	,6923185653684	,6923185616399	,	,	,无售后或售后取消,,2025-11-06 12:32:40,	,,,,,,,否,否,	,否,	,,558.99	,0.0	,0.0	,0.0	,0.0	,0.0	,0.0	,0.0	,558.99	,558.99	,JDV023896308112,京东大件物流,海南省,海口市,美兰区,,,否,否,	,	,	,否,	,	,	,	,	,	,	,	,	,	,	,	,否,否,	,否,否,,	,否,	,否,,,否
【重磅新品】云米净水器600G小海豚升级版厨下式RO反渗透直饮家用,251106-327742922253420,已发货，待收货,1	,正常,2025-11-06 12:30:20,2025-11-07 12:30:20,,2025-11-06 17:30:37,	,225501370546	,【24年新品】600G升级版6年长效,1600502140541	,厨房电器,净水器/净水设备及配件耗材,净水器,	,6923185653684	,6923185616399	,	,	,无售后或售后取消,,2025-11-06 12:30:20,	,,,,,,,否,否,	,否,	,,558.99	,0.0	,0.0	,0.0	,0.0	,0.0	,0.0	,0.0	,558.99	,558.99	,JDV023893748285,京东大件物流,河南省,商丘市,夏邑县,,,否,否,	,	,	,否,	,	,	,	,	,	,	,	,	,	,	,	,否,否,	,否,否,,	,否,	,否,,,否
云米大容量洗碗机10套家用嵌入式智目洗全自动热风烘干除菌消毒,251106-151309566383438,待发货,1	,正常,2025-11-06 12:33:23,2025-11-07 12:33:24,,	,	,245008294548	,智目洗双重烘干10套,1693923633934	,大家电,厨房大电,洗碗机,	,6923185680758	,6923185680758	,	,	,无售后或售后取消,,2025-11-06 12:33:24,	,,,,,,,否,否,	,否,	,,2098.0	,0.0	,0.0	,0.0	,4.19	,0.0	,0.0	,0.0	,2098.0	,2098.0	,	,	,河南省,新乡市,红旗区,,,否,否,	,	,	,否,	,	,	,	,	,	,	,	,	,	,	,	,否,否,	,否,否,,	,否,	,否,,,否
Viomi云米净水器1000G厨下式RO反渗透直饮过滤器净饮小海豚2,251106-606706101821878,已发货，待收货,1	,正常,2025-11-06 12:26:45,2025-11-07 12:26:45,,2025-11-06 18:54:06,	,205458105137	,小海豚2包安装1000G大加仑,1802849942800	,厨房电器,净水器/净水设备及配件耗材,净水器,	,6923185654865	,	,	,	,无售后或售后取消,,2025-11-06 12:26:45,	,,,,,,,否,否,	,否,	,,999.0	,0.0	,100.0	,89.9	,0.0	,0.0	,0.0	,0.0	,809.1	,899.0	,JDV023896325410,京东配送,浙江省,杭州市,江干区,,,否,否,	,	,	,否,	,	,	,	,	,	,	,	,	,	,	,	,否,否,	,否,否,,	,否,	,否,,,否
云米60L速热电热水器3000W一级节能变频增容租房安全已接入米家AP,251106-239494796861226,已发货，待收货,1	,正常,2025-11-06 12:27:02,2025-11-07 12:27:03,,2025-11-06 16:01:47,	,208071231700	,双管变频速热60L,1660917678582	,大家电,热水器,电热水器,	,6923185602224	,6923185602224	,	,	,无售后或售后取消,,2025-11-06 12:27:03,	,,,,,,,否,否,	,否,	,,699.0	,0.0	,0.0	,0.0	,0.0	,0.0	,0.0	,0.0	,699.0	,699.0	,JDV023892306280,京东大件物流,浙江省,台州市,黄岩区,,,否,否,	,	,	,否,	,	,	,	,	,	,	,	,	,	,	,	,否,否,	,否,否,,	,否,	,否,,,否
云米电热水器家用洗澡租房储水式速热抑菌节能省电卫生间40/60升,251106-408703527321520,已发货，待收货,1	,正常,2025-11-06 12:26:07,2025-11-07 12:26:08,,2025-11-06 21:14:19,	,227645754240	,"速热抑菌洗-40L,全国联保送货上门安装8年质保",1645458252843	,大家电,热水器,电热水器,	,6923185681281	,	,	,	,无售后或售后取消,,2025-11-06 12:26:08,	,,,,,,,否,否,	,否,	,,379.0	,0.0	,0.0	,3.0	,0.0	,0.0	,0.0	,0.0	,376.0	,379.0	,JDLD12890649047,京东大件物流,湖北省,恩施土家族苗族自治州,宣恩县,,,否,否,	,	,	,否,	,	,	,	,	,	,	,	,	,	,	,	,否,否,	,否,否,,	,否,	,否,,,否
云米60L速热电热水器3000W一级节能变频增容租房安全已接入米家AP,251106-675461230141226,已发货，待收货,1	,正常,2025-11-06 12:26:11,2025-11-07 12:26:12,,2025-11-06 16:01:47,	,208071231700	,双管变频速热60L,1660917678582	,大家电,热水器,电热水器,	,6923185602224	,6923185602224	,	,	,无售后或售后取消,,2025-11-06 12:26:12,	,,,,,,,否,否,	,否,	,,699.0	,0.0	,0.0	,0.0	,5.0	,0.0	,0.0	,0.0	,699.0	,699.0	,JDV023892299924,京东大件物流,河北省,唐山市,滦州市,,,否,否,	,	,	,否,	,	,	,	,	,	,	,	,	,	,	,	,否,否,	,否,否,,	,否,	,否,,,否
【重磅新品】云米净水器600G小海豚升级版厨下式RO反渗透直饮家用,251106-001510019430714,未发货，退款成功,1	,正常,2025-11-06 12:24:49,2025-11-07 12:24:50,,	,	,225501370546	,【24年新品】600G升级版6年长效,1600502140541	,厨房电器,净水器/净水设备及配件耗材,净水器,	,6923185653684	,6923185616399	,聚水潭已取消发货 已退款   叶11.6,	,退款成功,,2025-11-06 12:24:50,	,,,,,,,否,否,	,否,	,,558.99	,0.0	,0.0	,55.89	,0.0	,0.0	,0.0	,0.0	,503.1	,558.99	,	,	,山东省,潍坊市,青州市,,,否,否,	,	,	,否,	,	,	,	,	,	,	,	,	,	,	,	,否,否,	,否,否,,	,否,	,否,,,否
云米净水器滤芯小蓝调小海豚600G+专用复合滤芯RO反渗透滤芯过滤,251106-597960967740207,已发货，待收货,1	,正常,2025-11-06 12:15:33,2025-11-07 12:15:34,,2025-11-06 20:27:24,	,296967601341	,5in1复合滤芯 2年长效,1600193054565	,厨房电器,净水器/净水设备及配件耗材,净水器,	,6923185627425	,	,加购复合滤芯到手价99一根（客服邀请下单时添加的备注） [viomi华华 11/06 12:20],	,无售后或售后取消,,2025-11-06 12:15:34,	,,,,,,,否,否,	,否,	,,299.0	,0.0	,0.0	,0.0	,0.0	,0.0	,0.0	,0.0	,299.0	,299.0	,JDV023891133373,京东大件物流,重庆市,重庆市,江北区,,,否,否,	,	,	,否,	,	,	,	,	,	,	,	,	,	,	,	,否,否,	,否,否,,	,否,	,否,,,否
【重磅新品】云米净水器600G小海豚升级版厨下式RO反渗透直饮家用,251106-036175900220207,已发货，待收货,1	,正常,2025-11-06 12:11:55,2025-11-07 12:11:55,,2025-11-06 20:30:28,	,225501370546	,【24年新品】600G升级版6年长效,1600502140541	,厨房电器,净水器/净水设备及配件耗材,净水器,	,6923185653684	,6923185616399	,	,	,无售后或售后取消,,2025-11-06 12:11:55,	,,,,,,,否,否,	,否,	,,558.99	,0.0	,0.0	,0.0	,6.0	,0.0	,0.0	,0.0	,558.99	,558.99	,JDV023896298174,京东大件物流,重庆市,重庆市,江北区,,,否,否,	,	,	,否,	,	,	,	,	,	,	,	,	,	,	,	,否,否,	,否,否,,	,否,	,否,,,否
【重磅新品】云米净水器600G小海豚升级版厨下式RO反渗透直饮家用,251106-609820382760567,已发货，待收货,1	,正常,2025-11-06 12:07:35,2025-11-07 12:07:36,,2025-11-06 16:01:46,	,225501370546	,【24年新品】600G升级版6年长效,1600502140541	,厨房电器,净水器/净水设备及配件耗材,净水器,	,6923185653684	,6923185616399	,	,	,无售后或售后取消,,2025-11-06 12:07:36,	,,,,,,,否,否,	,否,	,,558.99	,0.0	,0.0	,3.0	,0.0	,0.0	,0.0	,0.0	,555.99	,558.99	,JDV023892336879,京东大件物流,广东省,中山市,南朗镇,,,否,否,	,	,	,否,	,	,	,	,	,	,	,	,	,	,	,	,否,否,	,否,否,,	,否,	,否,,,否
云米净水器滤芯小蓝调小海豚600G+专用复合滤芯RO反渗透滤芯过滤,251106-002768248460897,已发货，待收货,1	,正常,2025-11-06 12:07:49,2025-11-07 12:07:49,,2025-11-06 16:01:47,	,296967601341	,5in1复合滤芯 2年长效,1600193054565	,厨房电器,净水器/净水设备及配件耗材,净水器,	,6923185627425	,	,后返到手价99,	,无售后或售后取消,,2025-11-06 12:07:49,	,,,,,,,否,否,	,否,	,,299.0	,0.0	,0.0	,0.0	,0.0	,0.0	,0.0	,0.0	,299.0	,299.0	,JDV023892294103,京东配送,内蒙古自治区,呼伦贝尔市,满洲里市,,,否,否,	,	,	,否,	,	,	,	,	,	,	,	,	,	,	,	,否,否,	,否,否,,	,否,	,否,,,否
【重磅新品】云米净水器600G小海豚升级版厨下式RO反渗透直饮家用,251106-188806622860897,已发货，待收货,1	,正常,2025-11-06 12:06:29,2025-11-07 12:06:30,,2025-11-06 17:30:51,	,225501370546	,【24年新品】600G升级版6年长效,1600502140541	,厨房电器,净水器/净水设备及配件耗材,净水器,	,6923185653684	,6923185616399	,	,	,无售后或售后取消,,2025-11-06 12:06:30,	,,,,,,,否,否,	,否,	,,558.99	,0.0	,0.0	,0.0	,0.0	,0.0	,0.0	,0.0	,558.99	,558.99	,JDV023892095113,京东大件物流,内蒙古自治区,呼伦贝尔市,扎赉诺尔区,,,否,否,	,	,	,否,	,	,	,	,	,	,	,	,	,	,	,	,否,否,	,否,否,,	,否,	,否,,,否
VIOMI云米净水器大通量小海豚800G反渗透RO厨下式家用长效滤芯,251106-216866506280022,已发货，待收货,2	,正常,2025-11-06 12:05:40,2025-11-07 12:05:40,,2025-11-06 16:01:47,	,837957770723	,800G大通量纯水机,1809123722986	,厨房电器,净水器/净水设备及配件耗材,净水器,	,6923185653974	,	,	,	,无售后或售后取消,,2025-11-06 12:05:40,	,,,,,,,否,否,	,否,	,,1398.0	,0.0	,83.88	,0.0	,0.0	,0.0	,0.0	,0.0	,1314.12	,1314.12	,JDV023892400861,京东大件物流,安徽省,蚌埠市,蚌山区,,,否,否,	,	,	,否,	,	,	,	,	,	,	,	,	,	,	,	,否,否,	,否,否,,	,否,	,否,,,否
【重磅新品】云米净水器600G小海豚升级版厨下式RO反渗透直饮家用,251106-087629566283312,已发货，待收货,1	,正常,2025-11-06 12:05:51,2025-11-07 12:05:52,,2025-11-06 16:01:46,	,225501370546	,【24年新品】600G升级版6年长效,1600502140541	,厨房电器,净水器/净水设备及配件耗材,净水器,	,6923185653684	,6923185616399	,	,	,无售后或售后取消,,2025-11-06 12:05:52,	,,,,,,,否,否,	,否,	,,558.99	,0.0	,0.0	,0.0	,0.0	,0.0	,0.0	,0.0	,558.99	,558.99	,JDV023892290368,京东大件物流,广东省,江门市,蓬江区,,,否,否,	,	,	,否,	,	,	,	,	,	,	,	,	,	,	,	,否,否,	,否,否,,	,否,	,否,,,否
Viomi云米净水器1000G厨下式RO反渗透直饮过滤器净饮小海豚2,251106-499321423470123,已发货，待收货,1	,正常,2025-11-06 12:03:26,2025-11-07 12:03:26,,2025-11-06 16:02:20,	,205458105137	,小海豚2包安装1000G大加仑,1802849942800	,厨房电器,净水器/净水设备及配件耗材,净水器,	,6923185654865	,	,	,	,无售后或售后取消,,2025-11-06 12:03:26,	,,,,,,,否,否,	,否,	,,999.0	,0.0	,100.0	,50.0	,1.69	,0.0	,0.0	,0.0	,849.0	,899.0	,JDV023892286820,京东大件物流,广东省,深圳市,龙岗区,,,否,否,	,	,	,否,	,	,	,	,	,	,	,	,	,	,	,	,否,否,	,否,否,,	,否,	,否,,,否
【重磅新品】云米净水器600G小海豚升级版厨下式RO反渗透直饮家用,251106-511799509401984,已发货，待收货,2	,正常,2025-11-06 11:59:35,2025-11-07 11:59:35,,2025-11-06 17:31:07,	,225501370546	,【24年新品】600G升级版6年长效,1600502140541	,厨房电器,净水器/净水设备及配件耗材,净水器,	,6923185653684	,6923185616399	,	,	,无售后或售后取消,,2025-11-06 11:59:35,	,,,,,,,否,否,	,否,	,,1117.98	,0.0	,11.17	,5.0	,40.0	,0.0	,0.0	,0.0	,1101.81	,1106.81	,JDV023891943202,京东大件物流,河北省,秦皇岛市,海港区,,,否,否,	,	,	,否,	,	,	,	,	,	,	,	,	,	,	,	,否,否,	,否,是,3	,商家,否,	,否,,信用卡分期,否
【重磅新品】云米净水器600G小海豚升级版厨下式RO反渗透直饮家用,251106-022020176201836,已发货，待收货,1	,正常,2025-11-06 11:56:32,2025-11-07 11:56:32,,2025-11-06 16:01:47,	,225501370546	,【24年新品】600G升级版6年长效,1600502140541	,厨房电器,净水器/净水设备及配件耗材,净水器,	,6923185653684	,6923185616399	,	,	,无售后或售后取消,,2025-11-06 11:56:32,	,,,,,,,否,否,	,否,	,,558.99	,0.0	,0.0	,0.0	,0.0	,0.0	,0.0	,0.0	,558.99	,558.99	,JDV023892331805,京东大件物流,上海市,上海市,闵行区,,,否,否,	,	,	,否,	,	,	,	,	,	,	,	,	,	,	,	,否,否,	,否,否,,	,否,	,否,,,否
【重磅新品】云米净水器600G小海豚升级版厨下式RO反渗透直饮家用,251106-102645174570751,已发货，待收货,1	,正常,2025-11-06 11:53:27,2025-11-07 11:53:27,,2025-11-06 16:01:46,	,225501370546	,【24年新品】600G升级版6年长效,1600502140541	,厨房电器,净水器/净水设备及配件耗材,净水器,	,6923185653684	,6923185616399	,	,	,无售后或售后取消,,2025-11-06 11:53:27,	,,,,,,,否,否,	,否,	,,558.99	,0.0	,0.0	,0.0	,0.0	,0.0	,0.0	,0.0	,558.99	,558.99	,JDV023892290422,京东大件物流,湖南省,长沙市,雨花区,,,否,否,	,	,	,否,	,	,	,	,	,	,	,	,	,	,	,	,否,否,	,否,否,,	,否,	,否,,,否
【冷热直饮套装】云米净水器家用厨下管线机套装一键即热制冷直饮,251106-084326531393306,已发货，待收货,1	,正常,2025-11-06 13:58:07,2025-11-07 13:58:07,,2025-11-06 19:28:10,	,480070620581	,【冷热净水直饮套装】新品净水器+冷热管线机,1620106386127	,厨房电器,净水器/净水设备及配件耗材,净水器,	,S2407170910001,	,	,	,无售后或售后取消,,2025-11-06 13:58:07,	,,,,,,,否,否,	,否,	,,1429.0	,0.0	,0.0	,100.0	,0.0	,0.0	,0.0	,0.0	,1329.0	,1429.0	,JDV023896719204,京东配送,广东省,深圳市,龙华区,,,否,否,	,	,	,否,	,	,	,	,	,	,	,	,	,	,	,	,否,否,	,否,是,6	,商家,否,	,否,,信用卡分期,否
云米水槽下水器垃圾处理器粉碎机下水道厨余搅碎机抑菌厨房家用,251106-615220580720933,待发货,1	,正常,2025-11-06 11:48:13,2025-11-07 11:48:14,,	,	,826132418811	,【智能】厨余垃圾处理器,1791634668325	,厨房电器,食物垃圾处理机,食物垃圾处理机,	,6923185610250	,6923185610250	,已登记延迟发货 [viomi诺诺sk 11/06 14:14],	,无售后或售后取消,,2025-11-06 11:48:14,	,,,,,,,否,否,	,否,	,,889.0	,0.0	,48.0	,32.0	,0.0	,0.0	,0.0	,0.0	,809.0	,841.0	,	,	,四川省,成都市,成华区,,,否,否,	,	,	,否,	,	,	,	,	,	,	,	,	,	,	,	,否,否,	,否,否,,	,否,	,否,,,否
【冷热直饮套装】云米净水器家用厨下管线机套装一键即热制冷直饮,251106-540058663233306,已取消,1	,正常,	,	,,	,	,480070620581	,【冷热净水直饮套装】新品净水器+冷热管线机,1620106386127	,厨房电器,净水器/净水设备及配件耗材,净水器,	,S2407170910001,	,	,	,无售后或售后取消,,	,	,,,,,,,否,否,	,否,	,,1429.0	,0.0	,0.0	,71.45	,0.0	,0.0	,0.0	,0.0	,1357.55	,1429.0	,	,	,****,****,****,****,,否,否,	,	,	,否,	,	,	,	,	,	,	,	,	,	,	,	,否,否,	,否,	,,	,否,	,否,,,否
【重磅新品】云米净水器600G小海豚升级版厨下式RO反渗透直饮家用,251106-140404386093661,已取消,1	,正常,	,	,,	,	,225501370546	,【24年新品】600G升级版6年长效,1600502140541	,厨房电器,净水器/净水设备及配件耗材,净水器,	,6923185653684	,6923185616399	,	,	,无售后或售后取消,,	,	,,,,,,,否,否,	,否,	,,558.99	,0.0	,0.0	,0.0	,0.0	,0.0	,0.0	,0.0	,558.99	,558.99	,	,	,****,****,****,****,,否,否,	,	,	,否,	,	,	,	,	,	,	,	,	,	,	,	,否,否,	,否,	,,	,否,	,否,,,否
云米顶侧大吸力蓝调油烟机家用厨房节能自清洁一级能效可挥手智控,251106-129058814360490,已取消,1	,正常,	,	,,	,	,657344402006	,云米智清洁挥手智控单烟机,1723825075586	,大家电,厨房大电,油烟机,	,6923185650973	,6923185650973	,	,	,无售后或售后取消,,	,	,,,,,,,否,否,	,否,	,,839.0	,0.0	,48.0	,32.0	,0.0	,0.0	,0.0	,0.0	,759.0	,791.0	,	,	,****,****,****,****,,否,否,	,	,	,否,	,	,	,	,	,	,	,	,	,	,	,	,否,否,	,否,	,,	,否,	,否,,,否
【重磅新品】云米净水器600G小海豚升级版厨下式RO反渗透直饮家用,251106-324156854703949,已发货，待收货,1	,正常,2025-11-06 11:04:36,2025-11-07 11:04:37,,2025-11-06 16:01:47,	,225501370546	,【24年新品】600G升级版6年长效,1600502140541	,厨房电器,净水器/净水设备及配件耗材,净水器,	,6923185653684	,6923185616399	,	,	,无售后或售后取消,,2025-11-06 11:04:37,	,,,,,,,否,否,	,否,	,,558.99	,0.0	,0.0	,0.0	,0.0	,0.0	,0.0	,0.0	,558.99	,558.99	,JDV023892294202,京东大件物流,四川省,凉山彝族自治州,会东县,,,否,否,	,	,	,否,	,	,	,	,	,	,	,	,	,	,	,	,否,否,	,否,否,,	,否,	,否,,,否
VIOMI云米净水器大通量小海豚800G反渗透RO厨下式家用长效滤芯,251106-072477643133082,已取消,1	,正常,	,	,,	,	,837957770723	,800G大通量纯水机,1809123722986	,厨房电器,净水器/净水设备及配件耗材,净水器,	,6923185653974	,	,	,	,无售后或售后取消,,	,	,,,,,,,否,否,	,否,	,,699.0	,0.0	,10.0	,48.23	,0.0	,0.0	,0.0	,0.0	,640.77	,689.0	,	,	,****,****,****,****,,否,否,	,	,	,否,	,	,	,	,	,	,	,	,	,	,	,	,否,否,	,否,	,,	,否,	,否,,,否
【重磅新品】云米净水器600G小海豚升级版厨下式RO反渗透直饮家用,251106-033984355910680,已取消,1	,正常,	,	,,	,	,225501370546	,【24年新品】600G升级版6年长效,1600502140541	,厨房电器,净水器/净水设备及配件耗材,净水器,	,6923185653684	,6923185616399	,	,	,无售后或售后取消,,	,	,,,,,,,否,否,	,否,	,,558.99	,0.0	,0.0	,0.0	,0.0	,0.0	,0.0	,0.0	,558.99	,558.99	,	,	,****,****,****,****,,否,否,	,	,	,否,	,	,	,	,	,	,	,	,	,	,	,	,否,否,	,否,	,,	,否,	,否,,,否
VIOMI云米净水器1000G厨下直饮小体积净水机RO机智显龙头3秒满杯,251106-530338301532866,已取消,1	,正常,	,	,,	,	,842195971715	,1000G大通量RO净水器,1803617356458	,厨房电器,净水器/净水设备及配件耗材,净水器,	,6923185654247	,	,	,	,无售后或售后取消,,	,	,,,,,,,否,否,	,否,	,,805.0	,0.0	,6.0	,0.0	,0.0	,0.0	,0.0	,0.0	,799.0	,799.0	,	,	,****,****,****,****,,否,否,	,	,	,否,	,	,	,	,	,	,	,	,	,	,	,	,否,否,	,否,	,,	,否,	,否,,,否
【冷热直饮套装】云米净水器家用厨下管线机套装一键即热制冷直饮,251106-472142333473723,已取消,1	,正常,	,	,,	,	,480070620581	,【冷热净水直饮套装】新品净水器+冷热管线机,1620106386127	,厨房电器,净水器/净水设备及配件耗材,净水器,	,S2407170910001,	,	,	,无售后或售后取消,,	,	,,,,,,,否,否,	,否,	,,1429.0	,0.0	,0.0	,69.0	,0.0	,0.0	,0.0	,0.0	,1360.0	,1429.0	,	,	,****,****,****,****,,否,否,	,	,	,否,	,	,	,	,	,	,	,	,	,	,	,	,否,否,	,否,	,,	,否,	,否,,,否
VIOMI云米净水器1000G厨下直饮小体积净水机RO机智显龙头3秒满杯,251106-663088023062395,已发货，待收货,1	,正常,2025-11-06 10:58:45,2025-11-07 10:58:45,,2025-11-06 16:01:47,	,842195971715	,1000G大通量RO净水器,1803617356458	,厨房电器,净水器/净水设备及配件耗材,净水器,	,6923185654247	,	,	,	,无售后或售后取消,,2025-11-06 10:58:45,	,,,,,,,否,否,	,否,	,,805.0	,0.0	,6.0	,0.0	,0.0	,0.0	,0.0	,0.0	,799.0	,799.0	,JDV023892318466,京东大件物流,广东省,广州市,番禺区,,,否,否,	,	,	,否,	,	,	,	,	,	,	,	,	,	,	,	,否,否,	,否,否,,	,否,	,否,,,否
【重磅新品】云米净水器600G小海豚升级版厨下式RO反渗透直饮家用,251106-147429813810929,已取消,1	,正常,	,	,,	,	,225501370546	,【24年新品】600G升级版6年长效,1600502140541	,厨房电器,净水器/净水设备及配件耗材,净水器,	,6923185653684	,6923185616399	,	,	,无售后或售后取消,,	,	,,,,,,,否,否,	,否,	,,558.99	,0.0	,0.0	,0.0	,0.0	,0.0	,0.0	,0.0	,558.99	,558.99	,	,	,****,****,****,****,,否,否,	,	,	,否,	,	,	,	,	,	,	,	,	,	,	,	,否,否,	,否,	,,	,否,	,否,,,否
【重磅新品】云米净水器600G小海豚升级版厨下式RO反渗透直饮家用,251106-351262492230884,已发货，待收货,1	,正常,2025-11-06 10:41:40,2025-11-07 10:41:41,,2025-11-06 16:01:47,	,225501370546	,【24年新品】600G升级版6年长效,1600502140541	,厨房电器,净水器/净水设备及配件耗材,净水器,	,6923185653684	,6923185616399	,	,	,无售后或售后取消,,2025-11-06 10:41:41,	,,,,,,,否,否,	,否,	,,558.99	,0.0	,0.0	,0.0	,0.0	,0.0	,0.0	,0.0	,558.99	,558.99	,JDV023892279208,京东大件物流,江苏省,南通市,通州区,,,否,否,	,	,	,否,	,	,	,	,	,	,	,	,	,	,	,	,否,否,	,否,否,,	,否,	,否,,,否
【重磅新品】云米净水器600G小海豚升级版厨下式RO反渗透直饮家用,251106-370745044613410,已发货，待收货,1	,正常,2025-11-06 10:39:11,2025-11-07 10:39:11,,2025-11-06 16:01:47,	,225501370546	,【24年新品】600G升级版6年长效,1600502140541	,厨房电器,净水器/净水设备及配件耗材,净水器,	,6923185653684	,6923185616399	,	,	,无售后或售后取消,,2025-11-06 10:39:11,	,,,,,,,否,否,	,否,	,,558.99	,0.0	,0.0	,0.0	,1.11	,0.0	,0.0	,0.0	,558.99	,558.99	,JDV023892306370,京东大件物流,四川省,达州市,大竹县,,,否,否,	,	,	,否,	,	,	,	,	,	,	,	,	,	,	,	,否,否,	,否,否,,	,否,	,否,,,否
云米即热净水器厨房家用直饮RO反渗透加热净饮一体机1000G,251106-480122048902369,已发货，待收货,1	,正常,2025-11-06 10:36:38,2025-11-07 10:36:38,,2025-11-06 16:01:48,	,364990106384	,即热直饮 1000G大通量,1455593712429	,厨房电器,净水器/净水设备及配件耗材,净水器,	,6923185651116	,6923185651116	,	,	,无售后或售后取消,,2025-11-06 10:36:38,	,,,,,,,否,否,	,否,	,,1668.85	,0.0	,333.77	,0.0	,0.0	,0.0	,0.0	,0.0	,1335.08	,1335.08	,JDV023892285965,京东配送,山西省,太原市,尖草坪区,,,否,否,	,	,	,否,	,	,	,	,	,	,	,	,	,	,	,	,否,否,	,否,否,,	,否,	,否,,,否
云米净水器滤芯小蓝调小海豚600G+专用复合滤芯RO反渗透滤芯过滤,251106-668089762173082,已发货，待收货,1	,正常,2025-11-06 10:28:51,2025-11-07 10:28:51,,2025-11-06 16:01:48,	,296967601341	,5in1复合滤芯 2年长效,1600193054565	,厨房电器,净水器/净水设备及配件耗材,净水器,	,6923185627425	,	,到手价99元,	,无售后或售后取消,,2025-11-06 10:28:51,	,,,,,,,否,否,	,否,	,,299.0	,0.0	,0.0	,0.0	,0.0	,0.0	,0.0	,0.0	,299.0	,299.0	,JDV023892277685,京东大件物流,天津市,天津市,东丽区,,,否,否,	,	,	,否,	,	,	,	,	,	,	,	,	,	,	,	,否,否,	,否,否,,	,否,	,否,,,否
Viomi云米净水器1000G厨下式RO反渗透直饮过滤器净饮小海豚2,251106-480122007113876,已发货，待收货,1	,正常,2025-11-06 10:29:19,2025-11-07 10:29:19,,2025-11-06 16:01:47,	,205458105137	,小海豚2包安装1000G大加仑,1802849942800	,厨房电器,净水器/净水设备及配件耗材,净水器,	,6923185654865	,	,	,	,无售后或售后取消,,2025-11-06 10:29:19,	,,,,,,,否,否,	,否,	,,999.0	,0.0	,100.0	,98.89	,0.2	,0.0	,0.0	,0.0	,800.11	,899.0	,JDV023892313597,京东配送,湖北省,荆州市,监利市,,,否,否,	,	,	,否,	,	,	,	,	,	,	,	,	,	,	,	,否,否,	,否,否,,	,否,	,否,,,否
云米净水器滤芯小蓝调小海豚600G+专用复合滤芯RO反渗透滤芯过滤,251106-368700363133082,已取消,1	,正常,	,	,,	,	,296967601341	,5in1复合滤芯 2年长效,1600193054565	,厨房电器,净水器/净水设备及配件耗材,净水器,	,6923185627425	,	,	,	,无售后或售后取消,,	,	,,,,,,,否,否,	,否,	,,299.0	,0.0	,0.0	,100.0	,0.0	,0.0	,0.0	,0.0	,199.0	,299.0	,	,	,****,****,****,****,,否,否,	,	,	,否,	,	,	,	,	,	,	,	,	,	,	,	,否,否,	,否,	,,	,否,	,否,,,否
云米净水器Super2Y1200G家用直饮厨下式RO反渗透鲜活泉无陈水,251106-255758190232886,已发货，待收货,1	,正常,2025-11-06 10:24:33,2025-11-07 10:24:33,,2025-11-06 16:01:47,	,849000374681	,Super2Y 1200G（包安装）,1809523164736	,厨房电器,净水器/净水设备及配件耗材,净水器,	,6923185653981	,6923185651291	,	,	,无售后或售后取消,,2025-11-06 10:24:33,	,,,,,,,否,否,	,否,	,,1299.0	,0.0	,0.0	,129.9	,0.2	,0.0	,0.0	,0.0	,1169.1	,1299.0	,JDV023892297819,京东大件物流,广东省,汕头市,金平区,,,否,否,	,	,	,否,	,	,	,	,	,	,	,	,	,	,	,	,否,否,	,否,否,,	,否,	,否,,,否
【母婴直饮】云米净水器 SE 600G+ 新升级厨下式RO反渗透直饮家用,251106-398354092380000,已取消,1	,正常,	,	,,	,	,819506595979	,【24年新品】600G升级版6年长效,1787046011387	,厨房电器,净水器/净水设备及配件耗材,净水器,	,6923185653684	,6923185616399	,	,	,无售后或售后取消,,	,	,,,,,,,否,否,	,否,	,,748.0	,0.0	,149.6	,0.0	,0.0	,0.0	,0.0	,0.0	,598.4	,598.4	,	,	,****,****,****,****,,否,否,	,	,	,否,	,	,	,	,	,	,	,	,	,	,	,	,否,否,	,否,	,,	,否,	,否,,,否
【母婴直饮】云米净水器 SE 600G+ 新升级厨下式RO反渗透直饮家用,251106-062002368860000,已取消,1	,正常,	,	,,	,	,819506595979	,【24年新品】600G升级版6年长效,1787046011387	,厨房电器,净水器/净水设备及配件耗材,净水器,	,6923185653684	,6923185616399	,	,	,无售后或售后取消,,	,	,,,,,,,否,否,	,否,	,,748.0	,0.0	,129.6	,100.0	,0.0	,0.0	,0.0	,0.0	,518.4	,618.4	,	,	,****,****,****,****,,否,否,	,	,	,否,	,	,	,	,	,	,	,	,	,	,	,	,否,否,	,否,	,,	,否,	,否,,,否
【重磅新品】云米净水器600G小海豚升级版厨下式RO反渗透直饮家用,251106-462128453191414,已发货，待收货,1	,正常,2025-11-06 10:21:41,2025-11-07 10:21:41,,2025-11-06 16:01:47,	,225501370546	,【24年新品】600G升级版6年长效,1600502140541	,厨房电器,净水器/净水设备及配件耗材,净水器,	,6923185653684	,6923185616399	,	,	,无售后或售后取消,,2025-11-06 10:21:41,	,,,,,,,否,否,	,否,	,,558.99	,0.0	,0.0	,30.0	,0.0	,0.0	,0.0	,0.0	,528.99	,558.99	,JDV023892286640,京东大件物流,湖北省,武汉市,汉阳区,,,否,否,	,	,	,否,	,	,	,	,	,	,	,	,	,	,	,	,否,否,	,否,否,,	,否,	,否,,,否
【重磅新品】云米净水器600G小海豚升级版厨下式RO反渗透直饮家用,251106-074134351442989,已取消,1	,正常,	,	,,	,	,225501370546	,【24年新品】600G升级版6年长效,1600502140541	,厨房电器,净水器/净水设备及配件耗材,净水器,	,6923185653684	,6923185616399	,	,	,无售后或售后取消,,	,	,,,,,,,否,否,	,否,	,,558.99	,0.0	,0.0	,0.0	,0.0	,0.0	,0.0	,0.0	,558.99	,558.99	,	,	,****,****,****,****,,否,否,	,	,	,否,	,	,	,	,	,	,	,	,	,	,	,	,否,否,	,否,	,,	,否,	,否,,,否
【重磅新品】云米净水器600G小海豚升级版厨下式RO反渗透直饮家用,251106-415246599690424,已取消,1	,正常,	,	,,	,	,225501370546	,【24年新品】600G升级版6年长效,1600502140541	,厨房电器,净水器/净水设备及配件耗材,净水器,	,6923185653684	,6923185616399	,	,	,无售后或售后取消,,	,	,,,,,,,否,否,	,否,	,,558.99	,0.0	,0.0	,0.0	,0.0	,0.0	,0.0	,0.0	,558.99	,558.99	,	,	,****,****,****,****,,否,否,	,	,	,否,	,	,	,	,	,	,	,	,	,	,	,	,否,否,	,否,	,,	,否,	,否,,,否
【母婴直饮】云米净水器 SE 600G+ 新升级厨下式RO反渗透直饮家用,251106-336404222261104,已取消,1	,正常,	,	,,	,	,819506595979	,【24年新品】600G升级版6年长效,1787046011387	,厨房电器,净水器/净水设备及配件耗材,净水器,	,6923185653684	,6923185616399	,	,	,无售后或售后取消,,	,	,,,,,,,否,否,	,否,	,,748.0	,0.0	,149.6	,0.0	,0.0	,0.0	,0.0	,0.0	,598.4	,598.4	,	,	,****,****,****,****,,否,否,	,	,	,否,	,	,	,	,	,	,	,	,	,	,	,	,否,否,	,否,	,,	,否,	,否,,,否
【重磅新品】云米净水器600G小海豚升级版厨下式RO反渗透直饮家用,251106-283209899620014,已发货，待收货,1	,正常,2025-11-06 10:10:56,2025-11-07 10:10:56,,2025-11-06 17:31:21,	,225501370546	,【24年新品】600G升级版6年长效,1600502140541	,厨房电器,净水器/净水设备及配件耗材,净水器,	,6923185653684	,6923185616399	,	,	,无售后或售后取消,,2025-11-06 10:10:56,	,,,,,,,否,否,	,否,	,,558.99	,0.0	,0.0	,0.0	,0.0	,0.0	,0.0	,0.0	,558.99	,558.99	,JDV023891561952,京东大件物流,天津市,天津市,蓟州区,,,否,否,	,	,	,否,	,	,	,	,	,	,	,	,	,	,	,	,否,否,	,否,否,,	,否,	,否,,,否
云米净水器滤芯小蓝调小海豚600G+专用复合滤芯RO反渗透滤芯过滤,251106-242325993762024,已发货，待收货,1	,正常,2025-11-06 10:05:47,2025-11-07 10:05:48,,2025-11-06 13:43:01,	,296967601341	,5in1复合滤芯 2年长效,1600193054565	,厨房电器,净水器/净水设备及配件耗材,净水器,	,6923185627425	,	,	,	,无售后或售后取消,,2025-11-06 10:05:48,	,,,,,,,否,否,	,否,	,,299.0	,0.0	,0.0	,0.0	,0.0	,0.0	,0.0	,0.0	,299.0	,299.0	,JDV023889102532,京东大件物流,上海市,上海市,松江区,,,否,否,	,	,	,否,	,	,	,	,	,	,	,	,	,	,	,	,否,否,	,否,否,,	,否,	,否,,,否
【母婴直饮】云米净水器 SE 600G+ 新升级厨下式RO反渗透直饮家用,251106-051390789922024,已发货，待收货,1	,正常,2025-11-06 10:00:56,2025-11-07 10:00:56,,2025-11-06 16:01:48,	,819506595979	,【24年新品】600G升级版6年长效,1787046011387	,厨房电器,净水器/净水设备及配件耗材,净水器,	,6923185653684	,6923185616399	,	,	,无售后或售后取消,,2025-11-06 10:00:56,	,,,,,,,否,否,	,否,	,,748.0	,0.0	,129.6	,100.0	,0.0	,0.0	,0.0	,0.0	,518.4	,618.4	,JDV023892254368,京东大件物流,上海市,上海市,松江区,,,否,否,	,	,	,否,	,	,	,	,	,	,	,	,	,	,	,	,否,否,	,否,否,,	,否,	,否,,,否
【重磅新品】云米净水器600G小海豚升级版厨下式RO反渗透直饮家用,251106-289994258781853,已发货，待收货,1	,正常,2025-11-06 10:00:45,2025-11-07 10:00:46,,2025-11-06 16:01:48,	,225501370546	,【24年新品】600G升级版6年长效,1600502140541	,厨房电器,净水器/净水设备及配件耗材,净水器,	,6923185653684	,6923185616399	,	,	,无售后或售后取消,,2025-11-06 10:00:46,	,,,,,,,否,否,	,否,	,,558.99	,0.0	,0.0	,30.0	,15.0	,0.0	,0.0	,0.0	,528.99	,558.99	,JDV023892318133,京东大件物流,湖北省,十堰市,张湾区,,,否,否,	,	,	,否,	,	,	,	,	,	,	,	,	,	,	,	,否,否,	,否,否,,	,否,	,否,,,否
VIOMI云米净水器大通量小海豚800G反渗透RO厨下式家用长效滤芯,251106-212756140320001,已发货，待收货,1	,正常,2025-11-06 10:02:59,2025-11-07 10:03:00,,2025-11-06 16:01:47,	,837957770723	,800G大通量纯水机,1809123722986	,厨房电器,净水器/净水设备及配件耗材,净水器,	,6923185653974	,	,	,	,无售后或售后取消,,2025-11-06 10:03:00,	,,,,,,,否,否,	,否,	,,699.0	,0.0	,0.0	,43.0	,8.0	,0.0	,0.0	,0.0	,656.0	,699.0	,JDV023892306091,京东配送,福建省,厦门市,思明区,,,否,否,	,	,	,否,	,	,	,	,	,	,	,	,	,	,	,	,否,否,	,否,否,,	,否,	,否,,,否
【母婴直饮】云米净水器 SE 600G+ 新升级厨下式RO反渗透直饮家用,251106-359409979714079,已取消,1	,正常,	,	,,	,	,819506595979	,【24年新品】600G升级版6年长效,1787046011387	,厨房电器,净水器/净水设备及配件耗材,净水器,	,6923185653684	,6923185616399	,	,	,无售后或售后取消,,	,	,,,,,,,否,否,	,否,	,,748.0	,0.0	,139.6	,50.0	,0.0	,0.0	,0.0	,0.0	,558.4	,608.4	,	,	,****,****,****,****,,否,否,	,	,	,否,	,	,	,	,	,	,	,	,	,	,	,	,否,否,	,否,	,,	,否,	,否,,,否
【重磅新品】云米净水器600G小海豚升级版厨下式RO反渗透直饮家用,251106-013642001992574,已发货，待收货,1	,正常,2025-11-06 09:53:13,2025-11-07 09:53:13,,2025-11-06 16:01:48,	,225501370546	,【24年新品】600G升级版6年长效,1600502140541	,厨房电器,净水器/净水设备及配件耗材,净水器,	,6923185653684	,6923185616399	,	,	,无售后或售后取消,,2025-11-06 09:53:13,	,,,,,,,否,否,	,否,	,,558.99	,0.0	,0.0	,0.0	,0.0	,0.0	,0.0	,0.0	,558.99	,558.99	,JDV023892278954,京东大件物流,浙江省,杭州市,西湖区,,,否,否,	,	,	,否,	,	,	,	,	,	,	,	,	,	,	,	,否,否,	,否,否,,	,否,	,否,,,否
【重磅新品】云米净水器600G小海豚升级版厨下式RO反渗透直饮家用,251106-049838897550862,已发货，待收货,1	,正常,2025-11-06 09:43:51,2025-11-07 09:43:52,,2025-11-06 16:01:48,	,225501370546	,【24年新品】600G升级版6年长效,1600502140541	,厨房电器,净水器/净水设备及配件耗材,净水器,	,6923185653684	,6923185616399	,	,	,无售后或售后取消,,2025-11-06 09:43:52,	,,,,,,,否,否,	,否,	,,558.99	,0.0	,0.0	,0.0	,0.0	,0.0	,0.0	,0.0	,558.99	,558.99	,JDV023892300961,京东大件物流,湖北省,黄冈市,蕲春县,,,否,否,	,	,	,否,	,	,	,	,	,	,	,	,	,	,	,	,否,否,	,否,否,,	,否,	,否,,,否
【重磅新品】云米净水器600G小海豚升级版厨下式RO反渗透直饮家用,251106-521498857883599,未发货，退款成功,1	,正常,2025-11-06 09:28:15,2025-11-07 09:28:15,,	,	,225501370546	,【24年新品】600G升级版6年长效,1600502140541	,厨房电器,净水器/净水设备及配件耗材,净水器,	,6923185653684	,6923185616399	,聚水潭已取消发货 已退款 卫11.6,	,退款成功,,2025-11-06 09:28:15,	,,,,,,,否,否,	,否,	,,558.99	,0.0	,0.0	,3.0	,6.0	,0.0	,0.0	,0.0	,555.99	,558.99	,	,	,山东省,济南市,章丘区,,,否,否,	,	,	,否,	,	,	,	,	,	,	,	,	,	,	,	,否,否,	,否,否,,	,否,	,否,,,否
【重磅新品】云米净水器600G小海豚升级版厨下式RO反渗透直饮家用,251106-369801347412926,已发货，待收货,1	,正常,2025-11-06 09:21:17,2025-11-07 09:21:17,,2025-11-06 16:01:47,	,225501370546	,【24年新品】600G升级版6年长效,1600502140541	,厨房电器,净水器/净水设备及配件耗材,净水器,	,6923185653684	,6923185616399	,	,	,无售后或售后取消,,2025-11-06 09:21:17,	,,,,,,,否,否,	,否,	,,558.99	,0.0	,0.0	,55.89	,0.0	,0.0	,0.0	,0.0	,503.1	,558.99	,JDV023892297648,京东大件物流,上海市,上海市,浦东新区,,,否,否,	,	,	,否,	,	,	,	,	,	,	,	,	,	,	,	,否,否,	,否,是,3	,商家,否,	,否,,信用卡分期,否
【重磅新品】云米净水器600G小海豚升级版厨下式RO反渗透直饮家用,251106-096552958241828,已发货，待收货,1	,正常,2025-11-06 09:18:39,2025-11-07 09:18:39,,2025-11-06 16:01:48,	,225501370546	,【24年新品】600G升级版6年长效,1600502140541	,厨房电器,净水器/净水设备及配件耗材,净水器,	,6923185653684	,6923185616399	,	,	,无售后或售后取消,,2025-11-06 09:18:39,	,,,,,,,否,否,	,否,	,,558.99	,0.0	,0.0	,0.0	,5.0	,0.0	,0.0	,0.0	,558.99	,558.99	,JDV023892297665,京东大件物流,安徽省,亳州市,利辛县,,,否,否,	,	,	,否,	,	,	,	,	,	,	,	,	,	,	,	,否,否,	,否,否,,	,否,	,否,,,否
云米净水器滤芯家用小海豚小蓝调小白龙系列专用RO反渗透,251106-455648264500114,已发货，待收货,1	,正常,2025-11-06 10:46:52,2025-11-08 10:46:52,,2025-11-06 19:10:04,	,232467205433	,5in1 复合滤芯,1647394585330	,厨房电器,净水器/净水设备及配件耗材,净水器,	,6923185627425	,	,	,	,无售后或售后取消,,2025-11-06 10:46:52,	,,,,,,,否,否,	,否,	,,149.0	,0.0	,0.0	,9.0	,0.0	,0.0	,0.0	,0.0	,140.0	,149.0	,JDV023889524783,京东配送,重庆市,重庆市,万州区,,,否,否,	,	,	,否,	,	,	,	,	,	,	,	,	,	,	,	,否,否,	,否,否,,	,否,	,否,,,否
【母婴直饮】云米净水器 SE 600G+ 新升级厨下式RO反渗透直饮家用,251106-665688533373082,未发货，退款成功,1	,正常,2025-11-06 09:12:03,2025-11-07 09:12:03,,	,	,819506595979	,【24年新品】600G升级版6年长效,1787046011387	,厨房电器,净水器/净水设备及配件耗材,净水器,	,6923185653684	,6923185616399	,聚水潭已取消发货 已退款 卫11.6,	,退款成功,,2025-11-06 09:12:03,	,,,,,,,否,否,	,否,	,,748.0	,0.0	,129.6	,100.0	,0.0	,0.0	,0.0	,0.0	,518.4	,618.4	,	,	,天津市,天津市,东丽区,,,否,否,	,	,	,否,	,	,	,	,	,	,	,	,	,	,	,	,否,否,	,否,是,3	,商家,否,	,否,,信用卡分期,否
云米智能AI门锁3D指纹密码蓝牙可连大容量续航家用公寓自动安全,251106-491666839140622,已取消,1	,正常,	,	,,	,	,743885774552	,"云米蓝调指纹密码锁LBT11C,黑色",1734954999916	,基础建材,智能门锁/电子锁,智能门锁/电子锁,	,6923185655381	,6923185655381	,	,	,无售后或售后取消,,	,	,,,,,,,否,否,	,否,	,,661.0	,0.0	,40.0	,70.0	,0.0	,0.0	,0.0	,0.0	,551.0	,621.0	,	,	,****,****,****,****,,否,否,	,	,	,否,	,	,	,	,	,	,	,	,	,	,	,	,否,否,	,否,	,,	,否,	,否,,,否
【母婴直饮】云米净水器 SE 600G+ 新升级厨下式RO反渗透直饮家用,251106-244538437183031,已发货，待收货,1	,正常,2025-11-06 09:14:50,2025-11-07 09:14:50,,2025-11-06 13:43:23,	,819506595979	,【24年新品】600G升级版6年长效,1787046011387	,厨房电器,净水器/净水设备及配件耗材,净水器,	,6923185653684	,6923185616399	,	,	,无售后或售后取消,,2025-11-06 09:14:50,	,,,,,,,否,否,	,否,	,,748.0	,0.0	,134.64	,74.8	,0.0	,0.0	,0.0	,0.0	,538.56	,613.36	,JDV023890668162,京东大件物流,天津市,天津市,北辰区,,,否,否,	,	,	,否,	,	,	,	,	,	,	,	,	,	,	,	,否,否,	,否,否,,	,否,	,否,,,否
云米智能AI门锁3D指纹密码蓝牙可连大容量续航家用公寓自动安全,251106-020279498353123,未发货，退款成功,1	,正常,2025-11-06 09:05:03,2025-11-07 09:05:04,,	,	,743885774552	,"云米蓝调指纹密码锁LBT11C,黑色",1734954999916	,基础建材,智能门锁/电子锁,智能门锁/电子锁,	,6923185655381	,6923185655381	,送电池==聚水潭已取消发货 已退款   叶11.6,	,退款成功,,2025-11-06 09:05:04,	,,,,,,,否,否,	,否,中国新疆中转,,661.0	,0.0	,40.0	,70.0	,0.0	,0.0	,0.0	,0.0	,551.0	,621.0	,	,	,陕西省,咸阳市,渭城区,,,否,否,	,	,	,否,	,	,	,	,	,	,	,	,	,	,	,	,否,否,	,否,否,,	,否,	,否,,,否
云米智能AI门锁3D指纹密码蓝牙可连大容量续航家用公寓自动安全,251106-229994677873123,未发货，退款成功,1	,正常,2025-11-06 08:55:32,2025-11-07 08:55:32,,	,	,743885774552	,"云米蓝调指纹密码锁LBT11C,黑色",1734954999916	,基础建材,智能门锁/电子锁,智能门锁/电子锁,	,6923185655381	,6923185655381	,送电池==聚水潭已取消发货 已退款 卫11.6,	,退款成功,,2025-11-06 08:55:32,	,,,,,,,否,否,	,否,中国新疆中转,,661.0	,0.0	,40.0	,70.0	,0.0	,0.0	,0.0	,0.0	,551.0	,621.0	,	,	,陕西省,西安市,高陵区,,,否,否,	,	,	,否,	,	,	,	,	,	,	,	,	,	,	,	,否,否,	,否,否,,	,否,	,否,,,否
【母婴直饮】云米净水器 SE 600G+ 新升级厨下式RO反渗透直饮家用,251106-556353482313646,待发货,1	,正常,2025-11-06 08:55:15,2025-12-07 08:55:15,,	,	,819506595979	,【24年新品】600G升级版6年长效,1787046011387	,厨房电器,净水器/净水设备及配件耗材,净水器,	,6923185653684	,6923185616399	,	,	,无售后或售后取消,,2025-11-06 08:55:15,	,,,,,,,否,否,	,否,	,,748.0	,0.0	,142.12	,37.4	,0.0	,0.0	,0.0	,0.0	,568.48	,605.88	,	,	,天津市,天津市,红桥区,,,否,否,	,	,	,否,	,	,	,	,	,	,	,	,	,	,	,	,否,否,	,否,否,,	,否,	,否,,,否
【重磅新品】云米净水器600G小海豚升级版厨下式RO反渗透直饮家用,251106-300060515952537,已发货，待收货,1	,正常,2025-11-06 08:53:06,2025-11-07 08:53:07,,2025-11-06 13:43:01,	,225501370546	,【24年新品】600G升级版6年长效,1600502140541	,厨房电器,净水器/净水设备及配件耗材,净水器,	,6923185653684	,6923185616399	,	,	,无售后或售后取消,,2025-11-06 08:53:07,	,,,,,,,否,否,	,否,	,,558.99	,0.0	,0.0	,55.89	,1.0	,0.0	,0.0	,0.0	,503.1	,558.99	,JDV023888811687,京东大件物流,北京市,北京市,海淀区,,,否,否,	,	,	,否,	,	,	,	,	,	,	,	,	,	,	,	,否,否,	,否,否,,	,否,	,否,,,否
云米顶侧大吸力蓝调油烟机家用厨房节能自清洁一级能效可挥手智控,251106-284248062253533,已发货，待收货,1	,正常,2025-11-06 08:50:22,2025-11-07 08:50:22,,2025-11-06 16:01:48,	,657344402006	,云米智清洁挥手智控单烟机,1723825075586	,大家电,厨房大电,油烟机,	,6923185650973	,6923185650973	,	,	,无售后或售后取消,,2025-11-06 08:50:22,	,,,,,,,否,否,	,否,	,,839.0	,0.0	,0.0	,100.0	,0.0	,0.0	,0.0	,0.0	,739.0	,839.0	,JDV023892289647,京东大件物流,陕西省,渭南市,华阴市,,,否,否,	,	,	,否,	,	,	,	,	,	,	,	,	,	,	,	,否,否,	,否,否,,	,否,	,否,,,否
云米顶侧双吸大吸力低噪油烟机猛火液化气聚能灶智能套装家用厨房,251106-446955569493234,待发货,1	,正常,2025-11-06 08:43:00,2026-02-05 08:43:00,,	,	,674950510509	,【烟灶套装】顶侧双吸烟机+5.0KW灶（天）,1744061180430	,大家电,厨房大电,烟灶消套装,	,S2405071349001,S2501061036001,	,	,无售后或售后取消,,2025-11-06 08:43:00,	,,,,,,,否,否,	,否,	,,1079.0	,0.0	,0.0	,107.9	,0.0	,0.0	,0.0	,0.0	,971.1	,1079.0	,	,	,湖南省,益阳市,赫山区,,,否,否,	,	,	,否,	,	,	,	,	,	,	,	,	,	,	,	,否,否,	,否,否,,	,否,	,否,,,否
【母婴直饮】云米净水器 SE 600G+ 新升级厨下式RO反渗透直饮家用,251106-094980094353068,已发货，待收货,1	,正常,2025-11-06 08:40:46,2025-11-07 08:40:46,,2025-11-06 13:43:01,	,819506595979	,【24年新品】600G升级版6年长效,1787046011387	,厨房电器,净水器/净水设备及配件耗材,净水器,	,6923185653684	,6923185616399	,	,	,无售后或售后取消,,2025-11-06 08:40:46,	,,,,,,,否,否,	,否,	,,748.0	,0.0	,129.6	,100.0	,0.0	,0.0	,0.0	,0.0	,518.4	,618.4	,JDV023888809535,京东大件物流,山东省,日照市,莒县,,,否,否,	,	,	,否,	,	,	,	,	,	,	,	,	,	,	,	,否,否,	,否,否,,	,否,	,否,,,否
【重磅新品】云米净水器600G小海豚升级版厨下式RO反渗透直饮家用,251106-497800998402648,已取消,1	,正常,	,	,,	,	,225501370546	,【24年新品】600G升级版6年长效,1600502140541	,厨房电器,净水器/净水设备及配件耗材,净水器,	,6923185653684	,6923185616399	,	,	,无售后或售后取消,,	,	,,,,,,,否,否,	,否,	,,558.99	,0.0	,0.0	,55.89	,0.0	,0.0	,0.0	,0.0	,503.1	,558.99	,	,	,****,****,****,****,,否,否,	,	,	,否,	,	,	,	,	,	,	,	,	,	,	,	,否,否,	,否,	,,	,否,	,否,,,否
云米顶侧双吸大吸力低噪油烟机猛火液化气聚能灶智能套装家用厨房,251106-614507549013234,已取消,1	,正常,	,	,,	,	,674950510509	,【烟灶套装】顶侧双吸烟机+5.0KW灶（天）,1744061180430	,大家电,厨房大电,烟灶消套装,	,S2405071349001,S2501061036001,	,	,无售后或售后取消,,	,	,,,,,,,否,否,	,否,	,,1079.0	,0.0	,0.0	,5.0	,0.0	,0.0	,0.0	,0.0	,1074.0	,1079.0	,	,	,****,****,****,****,,否,否,	,	,	,否,	,	,	,	,	,	,	,	,	,	,	,	,否,否,	,否,	,,	,否,	,否,,,否
【重磅新品】云米净水器600G小海豚升级版厨下式RO反渗透直饮家用,251106-339004701072971,已发货，待收货,1	,正常,2025-11-06 08:09:07,2025-11-07 08:09:07,,2025-11-06 16:01:48,	,225501370546	,【24年新品】600G升级版6年长效,1600502140541	,厨房电器,净水器/净水设备及配件耗材,净水器,	,6923185653684	,6923185616399	,	,	,无售后或售后取消,,2025-11-06 08:09:07,	,,,,,,,否,否,	,否,	,,558.99	,0.0	,0.0	,55.89	,0.0	,0.0	,0.0	,0.0	,503.1	,558.99	,JDV023892317682,京东大件物流,宁夏回族自治区,中卫市,沙坡头区,,,否,否,	,	,	,否,	,	,	,	,	,	,	,	,	,	,	,	,否,否,	,否,否,,	,否,	,否,,,否
【母婴直饮】云米净水器 SE 600G+ 新升级厨下式RO反渗透直饮家用,251106-601379357050739,已取消,1	,正常,	,	,,	,	,819506595979	,【24年新品】600G升级版6年长效,1787046011387	,厨房电器,净水器/净水设备及配件耗材,净水器,	,6923185653684	,6923185616399	,	,	,无售后或售后取消,,	,	,,,,,,,否,否,	,否,	,,748.0	,0.0	,139.6	,50.0	,0.0	,0.0	,0.0	,0.0	,558.4	,608.4	,	,	,****,****,****,****,,否,否,	,	,	,否,	,	,	,	,	,	,	,	,	,	,	,	,否,否,	,否,	,,	,否,	,否,,,否
【重磅新品】云米净水器600G小海豚升级版厨下式RO反渗透直饮家用,251106-352342577481836,已取消,1	,正常,	,	,,	,	,225501370546	,【24年新品】600G升级版6年长效,1600502140541	,厨房电器,净水器/净水设备及配件耗材,净水器,	,6923185653684	,6923185616399	,	,	,无售后或售后取消,,	,	,,,,,,,否,否,	,否,	,,558.99	,0.0	,0.0	,0.0	,0.0	,0.0	,0.0	,0.0	,558.99	,558.99	,	,	,****,****,****,****,,否,否,	,	,	,否,	,	,	,	,	,	,	,	,	,	,	,	,否,否,	,否,	,,	,否,	,否,,,否
云米顶侧大吸力蓝调油烟机家用厨房节能自清洁一级能效可挥手智控,251106-423352102510926,未发货，退款成功,1	,正常,2025-11-06 07:49:29,2025-11-07 07:49:29,,	,	,657344402006	,云米智清洁挥手智控单烟机,1723825075586	,大家电,厨房大电,油烟机,	,6923185650973	,6923185650973	,聚水潭已取消发货 已退款 卫11.6,	,退款成功,,2025-11-06 07:49:29,	,,,,,,,否,否,	,否,	,,839.0	,0.0	,48.0	,32.0	,0.0	,0.0	,0.0	,0.0	,759.0	,791.0	,	,	,陕西省,渭南市,华阴市,,,否,否,	,	,	,否,	,	,	,	,	,	,	,	,	,	,	,	,否,否,	,否,否,,	,否,	,否,,,否
【重磅新品】云米净水器600G小海豚升级版厨下式RO反渗透直饮家用,251106-046493940041836,已取消,1	,正常,	,	,,	,	,225501370546	,【24年新品】600G升级版6年长效,1600502140541	,厨房电器,净水器/净水设备及配件耗材,净水器,	,6923185653684	,6923185616399	,	,	,无售后或售后取消,,	,	,,,,,,,否,否,	,否,	,,558.99	,0.0	,0.0	,0.0	,0.0	,0.0	,0.0	,0.0	,558.99	,558.99	,	,	,****,****,****,****,,否,否,	,	,	,否,	,	,	,	,	,	,	,	,	,	,	,	,否,否,	,否,	,,	,否,	,否,,,否
【重磅新品】云米净水器600G小海豚升级版厨下式RO反渗透直饮家用,251106-640700956970967,已取消,1	,正常,	,	,,	,	,225501370546	,【24年新品】600G升级版6年长效,1600502140541	,厨房电器,净水器/净水设备及配件耗材,净水器,	,6923185653684	,6923185616399	,	,	,无售后或售后取消,,	,	,,,,,,,否,否,	,否,	,,558.99	,0.0	,0.0	,0.0	,0.0	,0.0	,0.0	,0.0	,558.99	,558.99	,	,	,****,****,****,****,,否,否,	,	,	,否,	,	,	,	,	,	,	,	,	,	,	,	,否,否,	,否,	,,	,否,	,否,,,否
【重磅新品】云米净水器600G小海豚升级版厨下式RO反渗透直饮家用,251106-338281173290967,已取消,1	,正常,	,	,,	,	,225501370546	,【24年新品】600G升级版6年长效,1600502140541	,厨房电器,净水器/净水设备及配件耗材,净水器,	,6923185653684	,6923185616399	,	,	,无售后或售后取消,,	,	,,,,,,,否,否,	,否,	,,558.99	,0.0	,0.0	,0.0	,0.0	,0.0	,0.0	,0.0	,558.99	,558.99	,	,	,****,****,****,****,,否,否,	,	,	,否,	,	,	,	,	,	,	,	,	,	,	,	,否,否,	,否,	,,	,否,	,否,,,否
【重磅新品】云米净水器600G小海豚升级版厨下式RO反渗透直饮家用,251106-419535296032907,已取消,1	,正常,	,	,,	,	,225501370546	,【24年新品】600G升级版6年长效,1600502140541	,厨房电器,净水器/净水设备及配件耗材,净水器,	,6923185653684	,6923185616399	,	,	,无售后或售后取消,,	,	,,,,,,,否,否,	,否,	,,558.99	,0.0	,0.0	,0.0	,0.0	,0.0	,0.0	,0.0	,558.99	,558.99	,	,	,****,****,****,****,,否,否,	,	,	,否,	,	,	,	,	,	,	,	,	,	,	,	,否,否,	,否,	,,	,否,	,否,,,否
【母婴直饮】云米净水器 SE 600G+ 新升级厨下式RO反渗透直饮家用,251106-202291351840903,已发货，待收货,1	,正常,2025-11-06 06:41:01,2025-11-07 06:41:01,,2025-11-06 16:01:48,	,819506595979	,【24年新品】600G升级版6年长效,1787046011387	,厨房电器,净水器/净水设备及配件耗材,净水器,	,6923185653684	,6923185616399	,	,	,无售后或售后取消,,2025-11-06 06:41:01,	,,,,,,,否,否,	,否,	,,748.0	,0.0	,130.15	,97.24	,0.0	,0.0	,0.0	,0.0	,520.61	,617.85	,JDV023892273564,京东大件物流,上海市,上海市,松江区,,,否,否,	,	,	,否,	,	,	,	,	,	,	,	,	,	,	,	,否,否,	,否,否,,	,否,	,否,,,否
【重磅新品】云米净水器600G小海豚升级版厨下式RO反渗透直饮家用,251106-224542114080903,已发货，退款成功,1	,正常,2025-11-06 06:32:17,2025-11-07 06:32:18,,2025-11-06 16:01:48,	,225501370546	,【24年新品】600G升级版6年长效,1600502140541	,厨房电器,净水器/净水设备及配件耗材,净水器,	,6923185653684	,6923185616399	,ZX2511060067457拦截 [viomi慧慧sk 11/06 17:17],	,退款成功,,2025-11-06 06:32:18,	,,,,,,,否,否,	,否,	,,558.99	,0.0	,0.0	,0.0	,0.0	,0.0	,0.0	,0.0	,558.99	,558.99	,JDV023892256734,京东大件物流,上海市,上海市,松江区,,,否,否,	,	,	,否,	,	,	,	,	,	,	,	,	,	,	,	,否,否,	,否,是,3	,商家,否,	,否,,信用卡分期,否
【重磅新品】云米净水器600G小海豚升级版厨下式RO反渗透直饮家用,251106-445351237244082,已发货，待收货,1	,正常,2025-11-06 06:24:56,2025-11-07 06:24:57,,2025-11-06 13:43:02,	,225501370546	,【24年新品】600G升级版6年长效,1600502140541	,厨房电器,净水器/净水设备及配件耗材,净水器,	,6923185653684	,6923185616399	,	,	,无售后或售后取消,,2025-11-06 06:24:57,	,,,,,,,否,否,	,否,	,,558.99	,0.0	,0.0	,0.0	,0.0	,0.0	,0.0	,0.0	,558.99	,558.99	,JDV023886239200,京东大件物流,辽宁省,大连市,金州区,,,否,否,	,	,	,否,	,	,	,	,	,	,	,	,	,	,	,	,否,否,	,否,否,,	,否,	,否,,,否
Viomi云米净水器1000G厨下式RO反渗透直饮过滤器净饮小海豚2,251106-459989327490304,已取消,1	,正常,	,	,,	,	,205458105137	,小海豚2包安装1000G大加仑,1802849942800	,厨房电器,净水器/净水设备及配件耗材,净水器,	,6923185654865	,	,	,	,无售后或售后取消,,	,	,,,,,,,否,否,	,否,	,,999.0	,0.0	,100.0	,100.0	,0.0	,0.0	,0.0	,0.0	,799.0	,899.0	,	,	,****,****,****,****,,否,否,	,	,	,否,	,	,	,	,	,	,	,	,	,	,	,	,否,否,	,否,	,,	,否,	,否,,,否
【重磅新品】云米净水器600G小海豚升级版厨下式RO反渗透直饮家用,251106-307673198143640,已发货，待收货,1	,正常,2025-11-06 06:08:01,2025-11-07 06:08:02,,2025-11-06 16:01:49,	,225501370546	,【24年新品】600G升级版6年长效,1600502140541	,厨房电器,净水器/净水设备及配件耗材,净水器,	,6923185653684	,6923185616399	,拦截ZX2511060067488,	,售后处理中,,2025-11-06 06:08:02,	,,,,,,,否,否,	,否,	,,558.99	,0.0	,0.0	,0.0	,0.0	,0.0	,0.0	,0.0	,558.99	,558.99	,JDV023892282466,京东大件物流,江苏省,连云港市,东海县,,,否,否,	,	,	,否,	,	,	,	,	,	,	,	,	,	,	,	,否,否,	,否,否,,	,否,	,否,,,否
云米顶侧大吸力蓝调油烟机家用厨房节能自清洁一级能效可挥手智控,251106-460429801900644,已发货，待收货,1	,正常,2025-11-06 05:21:49,2025-11-07 05:21:50,,2025-11-06 13:43:02,	,657344402006	,云米智清洁挥手智控单烟机,1723825075586	,大家电,厨房大电,油烟机,	,6923185650973	,6923185650973	,	,	,无售后或售后取消,,2025-11-06 05:21:50,	,,,,,,,否,否,	,否,	,,839.0	,0.0	,48.0	,32.0	,6.0	,0.0	,0.0	,0.0	,759.0	,791.0	,JDV023889108400,京东大件物流,安徽省,合肥市,庐江县,,,否,否,	,	,	,否,	,	,	,	,	,	,	,	,	,	,	,	,否,否,	,否,否,,	,否,	,否,,,否
云米净水器Super2Y1200G家用直饮厨下式RO反渗透鲜活泉无陈水,251106-217694943583089,已发货，待收货,1	,正常,2025-11-06 05:09:50,2025-11-07 05:09:50,,2025-11-06 16:01:49,	,849000374681	,Super2Y 1200G（包安装）,1809523164736	,厨房电器,净水器/净水设备及配件耗材,净水器,	,6923185653981	,6923185651291	,	,	,无售后或售后取消,,2025-11-06 05:09:50,	,,,,,,,否,否,	,否,	,,1299.0	,0.0	,0.0	,100.0	,0.0	,0.0	,0.0	,0.0	,1199.0	,1299.0	,JDV023892276166,京东大件物流,山西省,太原市,清徐县,,,否,否,	,	,	,否,	,	,	,	,	,	,	,	,	,	,	,	,否,否,	,否,否,,	,否,	,否,,,否
云米矿泉台式净饮机即热式饮水机直饮家用矿化加热一体机净水器,251106-511055020352443,已取消,1	,正常,	,	,,	,	,826920121377	,spuer2,1792670253677	,厨房电器,台式净饮机,台式净饮机,	,6923185615415	,6923185615415	,	,	,无售后或售后取消,,	,	,,,,,,,否,否,	,否,	,,2199.0	,0.0	,0.0	,50.0	,0.0	,0.0	,0.0	,0.0	,2149.0	,2199.0	,	,	,****,****,****,****,,否,否,	,	,	,否,	,	,	,	,	,	,	,	,	,	,	,	,否,否,	,否,	,,	,否,	,否,,,否
【冷热直饮套装】云米净水器家用厨下管线机套装一键即热制冷直饮,251106-125525061203848,已取消,1	,正常,	,	,,	,	,480070620581	,【冷热净水直饮套装】新品净水器+冷热管线机,1620106386127	,厨房电器,净水器/净水设备及配件耗材,净水器,	,S2407170910001,	,	,	,无售后或售后取消,,	,	,,,,,,,否,否,	,否,	,,1429.0	,0.0	,0.0	,0.0	,0.0	,0.0	,0.0	,0.0	,1429.0	,1429.0	,	,	,****,****,****,****,,否,否,	,	,	,否,	,	,	,	,	,	,	,	,	,	,	,	,否,否,	,否,	,,	,否,	,否,,,否
VIOMI云米净水器1000G厨下直饮小体积净水机RO机智显龙头3秒满杯,251106-198694715750163,已发货，待收货,1	,正常,2025-11-06 03:09:12,2025-11-07 03:09:12,,2025-11-06 16:01:49,	,842195971715	,1000G大通量RO净水器,1803617356458	,厨房电器,净水器/净水设备及配件耗材,净水器,	,6923185654247	,	,	,	,无售后或售后取消,,2025-11-06 03:09:12,	,,,,,,,否,否,	,否,	,,805.0	,0.0	,6.0	,3.0	,6.0	,0.0	,0.0	,0.0	,796.0	,799.0	,JDV023892273250,京东大件物流,浙江省,金华市,浦江县,,,否,否,	,	,	,否,	,	,	,	,	,	,	,	,	,	,	,	,否,否,	,否,否,,	,否,	,否,,,否
【母婴直饮】云米净水器 SE 600G+ 新升级厨下式RO反渗透直饮家用,251106-661378906500245,未发货，退款成功,1	,正常,2025-11-06 03:01:25,2025-11-07 03:01:25,,	,	,819506595979	,【24年新品】600G升级版6年长效,1787046011387	,厨房电器,净水器/净水设备及配件耗材,净水器,	,6923185653684	,6923185616399	,拦截	ZX2511060067372,	,退款成功,,2025-11-06 03:01:25,	,,,,,,,否,否,	,否,	,,748.0	,0.0	,129.6	,100.0	,0.0	,0.0	,0.0	,0.0	,518.4	,618.4	,	,	,广东省,广州市,番禺区,,,否,否,	,	,	,否,	,	,	,	,	,	,	,	,	,	,	,	,否,否,	,否,否,,	,否,	,否,,,否
云米智能AI门锁3D指纹密码蓝牙可连大容量续航家用公寓自动安全,251106-582368642643971,已取消,1	,正常,	,	,,	,	,743885774552	,"云米蓝调指纹密码锁LBT11C,黑色",1734954999916	,基础建材,智能门锁/电子锁,智能门锁/电子锁,	,6923185655381	,6923185655381	,	,	,无售后或售后取消,,	,	,,,,,,,否,否,	,否,	,,661.0	,0.0	,40.0	,100.0	,0.0	,0.0	,0.0	,0.0	,521.0	,621.0	,	,	,****,****,****,****,,否,否,	,	,	,否,	,	,	,	,	,	,	,	,	,	,	,	,否,否,	,否,	,,	,否,	,否,,,否
【重磅新品】云米净水器600G小海豚升级版厨下式RO反渗透直饮家用,251106-352426401281347,已发货，待收货,1	,正常,2025-11-06 02:33:25,2025-11-07 02:33:26,,2025-11-06 13:43:02,	,225501370546	,【24年新品】600G升级版6年长效,1600502140541	,厨房电器,净水器/净水设备及配件耗材,净水器,	,6923185653684	,6923185616399	,	,	,无售后或售后取消,,2025-11-06 02:33:26,	,,,,,,,否,否,	,否,	,,558.99	,0.0	,0.0	,50.0	,0.0	,0.0	,0.0	,0.0	,508.99	,558.99	,JDV023886684140,京东大件物流,河南省,安阳市,滑县,,,否,否,	,	,	,否,	,	,	,	,	,	,	,	,	,	,	,	,否,否,	,否,否,,	,否,	,否,,,否
【重磅新品】云米净水器600G小海豚升级版厨下式RO反渗透直饮家用,251106-678114137680237,已取消,1	,正常,	,	,,	,	,225501370546	,【24年新品】600G升级版6年长效,1600502140541	,厨房电器,净水器/净水设备及配件耗材,净水器,	,6923185653684	,6923185616399	,	,	,无售后或售后取消,,	,	,,,,,,,否,否,	,否,	,,558.99	,0.0	,0.0	,0.0	,0.0	,0.0	,0.0	,0.0	,558.99	,558.99	,	,	,****,****,****,****,,否,否,	,	,	,否,	,	,	,	,	,	,	,	,	,	,	,	,否,否,	,否,	,,	,否,	,否,,,否
【重磅新品】云米净水器600G小海豚升级版厨下式RO反渗透直饮家用,251106-541128169072026,已发货，待收货,1	,正常,2025-11-06 01:59:58,2025-11-07 01:59:59,,2025-11-06 16:01:48,	,225501370546	,【24年新品】600G升级版6年长效,1600502140541	,厨房电器,净水器/净水设备及配件耗材,净水器,	,6923185653684	,6923185616399	,	,	,无售后或售后取消,,2025-11-06 01:59:59,	,,,,,,,否,否,	,否,	,,558.99	,0.0	,0.0	,0.0	,0.0	,0.0	,0.0	,0.0	,558.99	,558.99	,JDV023892292662,京东大件物流,广西壮族自治区,南宁市,青秀区,,,否,否,	,	,	,否,	,	,	,	,	,	,	,	,	,	,	,	,否,否,	,否,否,,	,否,	,否,,,否
【重磅新品】云米净水器600G小海豚升级版厨下式RO反渗透直饮家用,251106-481013348751526,已取消,1	,正常,	,	,,	,	,225501370546	,【24年新品】600G升级版6年长效,1600502140541	,厨房电器,净水器/净水设备及配件耗材,净水器,	,6923185653684	,6923185616399	,	,	,无售后或售后取消,,	,	,,,,,,,否,否,	,否,	,,558.99	,0.0	,0.0	,0.0	,0.0	,0.0	,0.0	,0.0	,558.99	,558.99	,	,	,****,****,****,****,,否,否,	,	,	,否,	,	,	,	,	,	,	,	,	,	,	,	,否,否,	,否,	,,	,否,	,否,,,否
【重磅新品】云米净水器600G小海豚升级版厨下式RO反渗透直饮家用,251106-645356634490804,未发货，退款成功,1	,正常,2025-11-06 01:47:36,2025-11-07 01:47:36,,	,	,225501370546	,【24年新品】600G升级版6年长效,1600502140541	,厨房电器,净水器/净水设备及配件耗材,净水器,	,6923185653684	,6923185616399	,拦截	ZX2511060067372,	,退款成功,,2025-11-06 01:47:36,	,,,,,,,否,否,	,否,	,,558.99	,0.0	,0.0	,0.0	,15.0	,0.0	,0.0	,0.0	,558.99	,558.99	,	,	,广东省,中山市,火炬开发区,,,否,否,	,	,	,否,	,	,	,	,	,	,	,	,	,	,	,	,否,否,	,否,否,,	,否,	,否,,,否
【重磅新品】云米净水器600G小海豚升级版厨下式RO反渗透直饮家用,251106-612420872561989,未发货，退款成功,1	,正常,2025-11-06 01:28:15,2025-11-10 01:28:15,,	,	,225501370546	,【24年新品】600G升级版6年长效,1600502140541	,厨房电器,净水器/净水设备及配件耗材,净水器,	,6923185653684	,6923185616399	,拦截ZX2511060067479,	,退款成功,,2025-11-06 01:28:15,	,,,,,,,否,否,	,否,	,,558.99	,0.0	,0.0	,0.0	,16.0	,0.0	,0.0	,0.0	,558.99	,558.99	,	,	,安徽省,合肥市,长丰县,,,否,否,	,	,	,否,	,	,	,	,	,	,	,	,	,	,	,	,否,否,	,否,是,3	,商家,否,	,否,,信用卡分期,否
【重磅新品】云米净水器600G小海豚升级版厨下式RO反渗透直饮家用,251106-128398211383813,已发货，待收货,1	,正常,2025-11-06 01:09:50,2025-11-07 01:09:51,,2025-11-06 16:01:49,	,225501370546	,【24年新品】600G升级版6年长效,1600502140541	,厨房电器,净水器/净水设备及配件耗材,净水器,	,6923185653684	,6923185616399	,	,	,无售后或售后取消,,2025-11-06 01:09:51,	,,,,,,,否,否,	,否,	,,558.99	,0.0	,0.0	,0.0	,0.0	,0.0	,0.0	,0.0	,558.99	,558.99	,JDV023892282430,京东大件物流,福建省,福州市,闽侯县,,,否,否,	,	,	,否,	,	,	,	,	,	,	,	,	,	,	,	,否,否,	,否,否,,	,否,	,否,,,否
云米顶侧大吸力蓝调油烟机家用厨房节能自清洁一级能效可挥手智控,251106-236999197091828,已发货，待收货,1	,正常,2025-11-06 00:45:11,2025-11-07 00:45:12,,2025-11-06 16:01:49,	,657344402006	,云米智清洁挥手智控单烟机,1723825075586	,大家电,厨房大电,油烟机,	,6923185650973	,6923185650973	,	,	,无售后或售后取消,,2025-11-06 00:45:12,	,,,,,,,否,否,	,否,	,,839.0	,0.0	,48.0	,32.0	,0.0	,0.0	,0.0	,0.0	,759.0	,791.0	,JDV023892312069,京东配送,湖南省,常德市,临澧县,,,否,否,	,	,	,否,	,	,	,	,	,	,	,	,	,	,	,	,否,否,	,否,否,,	,否,	,否,,,否
【重磅新品】云米净水器600G小海豚升级版厨下式RO反渗透直饮家用,251106-256796342642663,已发货，待收货,1	,正常,2025-11-06 00:39:37,2025-11-07 00:39:37,,2025-11-06 13:43:02,	,225501370546	,【24年新品】600G升级版6年长效,1600502140541	,厨房电器,净水器/净水设备及配件耗材,净水器,	,6923185653684	,6923185616399	,	,	,无售后或售后取消,,2025-11-06 00:39:37,	,,,,,,,否,否,	,否,	,,558.99	,0.0	,0.0	,0.0	,0.0	,0.0	,0.0	,0.0	,558.99	,558.99	,JDV023886222146,京东大件物流,山东省,烟台市,莱州市,,,否,否,	,	,	,否,	,	,	,	,	,	,	,	,	,	,	,	,否,否,	,否,否,,	,否,	,否,,,否
Viomi云米净水器1000G厨下式RO反渗透直饮过滤器净饮小海豚2,251106-311437586001911,已发货，待收货,1	,正常,2025-11-06 00:25:57,2025-11-07 00:25:57,,2025-11-06 16:01:49,	,205458105137	,小海豚2包安装1000G大加仑,1802849942800	,厨房电器,净水器/净水设备及配件耗材,净水器,	,6923185654865	,	,	,	,无售后或售后取消,,2025-11-06 00:25:57,	,,,,,,,否,否,	,否,	,,999.0	,0.0	,100.0	,89.9	,0.0	,0.0	,0.0	,0.0	,809.1	,899.0	,JDV023892256330,京东大件物流,江苏省,常州市,天宁区,,,否,否,	,	,	,否,	,	,	,	,	,	,	,	,	,	,	,	,否,否,	,否,否,,	,否,	,否,,,否
云米净水器滤芯家用小海豚小蓝调小白龙系列专用RO反渗透,251106-060964226650417,已发货，待收货,1	,正常,2025-11-06 00:24:53,2025-11-08 00:24:53,,2025-11-06 09:45:06,	,232467205433	,5in1 复合滤芯,1647394585330	,厨房电器,净水器/净水设备及配件耗材,净水器,	,6923185627425	,	,后返到手价109元 ,	,无售后或售后取消,,2025-11-06 00:24:53,	,,,,,,,否,否,	,否,	,,149.0	,0.0	,0.0	,4.0	,0.0	,0.0	,0.0	,0.0	,145.0	,149.0	,JDV023885820196,京东大件物流,上海市,上海市,宝山区,,,否,否,	,	,	,否,	,	,	,	,	,	,	,	,	,	,	,	,否,否,	,否,否,,	,否,	,否,,,否
【母婴直饮】云米净水器 SE 600G+ 新升级厨下式RO反渗透直饮家用,251106-672116304283599,已发货，待收货,1	,正常,2025-11-06 00:21:47,2025-11-07 00:21:47,,2025-11-06 13:43:01,	,819506595979	,【24年新品】600G升级版6年长效,1787046011387	,厨房电器,净水器/净水设备及配件耗材,净水器,	,6923185653684	,6923185616399	,	,	,无售后或售后取消,,2025-11-06 00:21:47,	,,,,,,,否,否,	,否,	,,748.0	,0.0	,139.6	,50.0	,0.0	,0.0	,0.0	,0.0	,558.4	,608.4	,JDV023886668120,京东大件物流,山东省,济南市,章丘区,,,否,否,	,	,	,否,	,	,	,	,	,	,	,	,	,	,	,	,否,否,	,否,是,3	,商家,否,	,否,,信用卡分期,否
【重磅新品】云米净水器600G小海豚升级版厨下式RO反渗透直饮家用,251106-048916150614021,已发货，待收货,1	,正常,2025-11-06 00:19:39,2025-11-07 00:19:40,,2025-11-06 16:01:49,	,225501370546	,【24年新品】600G升级版6年长效,1600502140541	,厨房电器,净水器/净水设备及配件耗材,净水器,	,6923185653684	,6923185616399	,	,	,无售后或售后取消,,2025-11-06 00:19:40,	,,,,,,,否,否,	,否,	,,558.99	,0.0	,0.0	,50.0	,5.0	,0.0	,0.0	,0.0	,508.99	,558.99	,JDV023892295775,京东大件物流,江苏省,淮安市,淮阴区,,,否,否,	,	,	,否,	,	,	,	,	,	,	,	,	,	,	,	,否,否,	,否,否,,	,否,	,否,,,否
【重磅新品】云米净水器600G小海豚升级版厨下式RO反渗透直饮家用,251106-361968473731965,已发货，待收货,2	,正常,2025-11-06 00:19:17,2025-11-07 00:19:17,,2025-11-06 16:01:50,	,225501370546	,【24年新品】600G升级版6年长效,1600502140541	,厨房电器,净水器/净水设备及配件耗材,净水器,	,6923185653684	,6923185616399	,	,	,无售后或售后取消,,2025-11-06 00:19:17,	,,,,,,,否,否,	,否,	,,1117.98	,0.0	,11.17	,0.0	,0.0	,0.0	,0.0	,0.0	,1106.81	,1106.81	,JDV023892427330,京东大件物流,湖北省,武汉市,洪山区,,,否,否,	,	,	,否,	,	,	,	,	,	,	,	,	,	,	,	,否,否,	,否,是,12	,消费者,否,	,否,,花呗分期,否
【重磅新品】云米净水器600G小海豚升级版厨下式RO反渗透直饮家用,251106-570278613403599,未发货，退款成功,1	,正常,2025-11-06 00:16:27,2025-11-07 00:16:27,,	,	,225501370546	,【24年新品】600G升级版6年长效,1600502140541	,厨房电器,净水器/净水设备及配件耗材,净水器,	,6923185653684	,6923185616399	,聚水潭已取消发货 已退款 卫11.6,	,退款成功,,2025-11-06 00:16:27,	,,,,,,,否,否,	,否,	,,558.99	,0.0	,0.0	,0.0	,0.0	,0.0	,0.0	,0.0	,558.99	,558.99	,	,	,山东省,济南市,章丘区,,,否,否,	,	,	,否,	,	,	,	,	,	,	,	,	,	,	,	,否,否,	,否,是,3	,商家,否,	,否,,信用卡分期,否
【母婴直饮】云米净水器 SE 600G+ 新升级厨下式RO反渗透直饮家用,251106-233549360693086,已取消,1	,正常,	,	,,	,	,819506595979	,【24年新品】600G升级版6年长效,1787046011387	,厨房电器,净水器/净水设备及配件耗材,净水器,	,6923185653684	,6923185616399	,	,	,无售后或售后取消,,	,	,,,,,,,否,否,	,否,	,,748.0	,0.0	,131.64	,89.76	,0.0	,0.0	,0.0	,0.0	,526.6	,616.36	,	,	,****,****,****,****,,否,否,	,	,	,否,	,	,	,	,	,	,	,	,	,	,	,	,否,否,	,否,	,,	,否,	,否,,,否
云米即热净水器厨房家用直饮RO反渗透加热净饮一体机1000G,251106-365460242870464,已发货，待收货,1	,正常,2025-11-06 00:09:57,2025-11-07 00:09:57,,2025-11-06 16:01:50,	,364990106384	,即热直饮 1000G大通量,1455593712429	,厨房电器,净水器/净水设备及配件耗材,净水器,	,6923185651116	,6923185651116	,	,	,无售后或售后取消,,2025-11-06 00:09:57,	,,,,,,,否,否,	,否,	,,1668.85	,0.0	,318.17	,78.0	,0.0	,0.0	,0.0	,0.0	,1272.68	,1350.68	,JDV023892292546,京东大件物流,江苏省,苏州市,张家港市,,,否,否,	,	,	,否,	,	,	,	,	,	,	,	,	,	,	,	,否,否,	,否,是,6	,商家,否,	,否,,信用卡分期,否
【重磅新品】云米净水器600G小海豚升级版厨下式RO反渗透直饮家用,251106-211812359713723,已取消,1	,正常,	,	,,	,	,225501370546	,【24年新品】600G升级版6年长效,1600502140541	,厨房电器,净水器/净水设备及配件耗材,净水器,	,6923185653684	,6923185616399	,	,	,无售后或售后取消,,	,	,,,,,,,否,否,	,否,	,,558.99	,0.0	,0.0	,0.0	,0.0	,0.0	,0.0	,0.0	,558.99	,558.99	,	,	,****,****,****,****,,否,否,	,	,	,否,	,	,	,	,	,	,	,	,	,	,	,	,否,否,	,否,	,,	,否,	,否,,,否