商品,订单号,订单状态,商品数量(件),是否审核中,支付时间,承诺发货时间,承诺送达时间,发货时间,确认收货时间,商品id,商品规格,样式ID,商品一级类目,商品二级类目,商品三级类目,商品四级类目,商家编码-规格维度,商家编码-商品维度,商家备注,买家留言,售后状态,消费者资料,订单成交时间,消费者资料上传时间,赠品名称,赠品id,赠品规格,赠品数量,团ID,团身份,是否已开始配送,配送员是否已送达,配送状态,同城是否普通快递,集运类型,赠品订单号,商品总价(元),邮费(元),店铺优惠折扣(元),平台优惠折扣(元),多多支付立减金额(元),上门安装费(元),送货入户费(元),送货入户并安装费(元),用户实付金额(元),商家实收金额(元),快递单号,快递公司,省,市,区,街道/镇,配送员手机号,是否抽奖或0元试用,是否顺丰加价,用户购买手机号,旅行类信息,充值号码,是否门店自提,门店名称,门店自定义编码,关联货品编码,货品名称,货品类型,子货品,仓库名称,仓库所在地址,海淘清关订单号,支付ID,支付方式,保税仓,是否直播间成交,是否直播间引导成交,预约配送时间,是否节能补贴,是否分期,分期期数,手续费承担方,是否无痕发货,订单来源,是否社区团购,小区送达情况,分期方式,是否已上传证件照片
云米智能电热水器小蓝调节能变频速热家用浴室洗澡抑菌50L/60L,251104-417265150381556,待付款,1	,正常,	,	,,	,	,434684719975	,安全保护8倍增容大水量50L,1733881750461	,大家电,热水器,电热水器,	,6923185649076	,	,	,	,无售后或售后取消,,	,	,,,,,,,否,否,	,否,	,,599.0	,0.0	,0.0	,0.0	,0.0	,0.0	,0.0	,0.0	,599.0	,599.0	,	,	,****,****,****,****,,否,否,	,	,	,否,	,	,	,	,	,	,	,	,	,	,	,	,否,否,	,否,	,,	,否,	,否,,,否
【重磅新品】云米净水器600G小海豚升级版厨下式RO反渗透直饮家用,251104-618172259850222,待发货,1	,正常,2025-11-04 23:52:43,2025-11-05 23:52:44,,	,	,225501370546	,【24年新品】600G升级版6年长效,1600502140541	,厨房电器,净水器/净水设备及配件耗材,净水器,	,6923185653684	,6923185616399	,	,	,无售后或售后取消,,2025-11-04 23:52:44,	,,,,,,,否,否,	,否,	,,559.0	,0.0	,0.0	,0.0	,0.2	,0.0	,0.0	,0.0	,559.0	,559.0	,	,	,广东省,汕头市,南澳县,,,否,否,	,	,	,否,	,	,	,	,	,	,	,	,	,	,	,	,否,否,	,否,否,,	,否,	,否,,,否
【重磅新品】云米净水器600G小海豚升级版厨下式RO反渗透直饮家用,251104-427724685753819,待发货,1	,正常,2025-11-04 23:48:25,2025-11-05 23:48:25,,	,	,225501370546	,【24年新品】600G升级版6年长效,1600502140541	,厨房电器,净水器/净水设备及配件耗材,净水器,	,6923185653684	,6923185616399	,	,	,无售后或售后取消,,2025-11-04 23:48:25,	,,,,,,,否,否,	,否,	,,559.0	,0.0	,0.0	,55.9	,0.0	,0.0	,0.0	,0.0	,503.1	,559.0	,	,	,福建省,福州市,闽侯县,,,否,否,	,	,	,否,	,	,	,	,	,	,	,	,	,	,	,	,否,否,	,否,否,,	,否,	,否,,,否
云米3000W速热电热水器家用浴室免换镁棒一级能效抑菌内胆免清洗,251104-108553838143528,待发货,1	,正常,2025-11-04 23:44:11,2025-11-05 23:44:12,,	,	,369876178838	,速热3000W免换镁棒电热水器60L,1799960621871	,大家电,热水器,电热水器,	,6923185611899	,6923185611882	,	,	,无售后或售后取消,,2025-11-04 23:44:12,	,,,,,,,否,否,	,否,	,,750.0	,0.0	,0.0	,70.9	,0.0	,0.0	,0.0	,0.0	,679.1	,750.0	,	,	,山西省,太原市,万柏林区,,,否,否,	,	,	,否,	,	,	,	,	,	,	,	,	,	,	,	,否,是,	,否,否,,	,否,	,否,,,否
云米即热净水器厨房家用直饮RO反渗透加热净饮一体机1000G,251104-550276984420964,待发货,1	,正常,2025-11-04 23:43:55,2025-11-12 23:43:55,,	,	,846360072018	,即热直饮 1000G大通量,1807240839093	,厨房电器,净水器/净水设备及配件耗材,净水器,	,6923185651116	,6923185651116	,	,	,无售后或售后取消,,2025-11-04 23:43:55,	,,,,,,,否,否,	,否,	,,1618.0	,0.0	,324.0	,90.0	,0.0	,0.0	,0.0	,0.0	,1204.0	,1294.0	,	,	,陕西省,汉中市,汉台区,,,否,否,	,	,	,否,	,	,	,	,	,	,	,	,	,	,	,	,否,否,	,否,否,,	,否,	,否,,,否
【重磅新品】云米净水器600G小海豚升级版厨下式RO反渗透直饮家用,251104-310299933110790,待发货,1	,正常,2025-11-04 23:34:37,2025-11-05 23:34:37,,	,	,225501370546	,【24年新品】600G升级版6年长效,1600502140541	,厨房电器,净水器/净水设备及配件耗材,净水器,	,6923185653684	,6923185616399	,	,	,无售后或售后取消,,2025-11-04 23:34:37,	,,,,,,,否,否,	,否,	,,559.0	,0.0	,0.0	,0.0	,0.0	,0.0	,0.0	,0.0	,559.0	,559.0	,	,	,辽宁省,大连市,西岗区,,,否,否,	,	,	,否,	,	,	,	,	,	,	,	,	,	,	,	,否,否,	,否,否,,	,否,	,否,,,否
云米电热水器50/60升洗澡家用浴室速热大容量省电防漏电警示安全,251104-147419380070851,待发货,1	,正常,2025-11-04 23:31:23,2025-11-05 23:31:24,,	,	,691819698413	,50L速热加长防电墙5倍增容,1683563098525	,大家电,热水器,电热水器,	,6923185614920	,	,	,	,无售后或售后取消,,2025-11-04 23:31:24,	,,,,,,,否,否,	,否,	,,493.0	,0.0	,0.0	,0.0	,0.0	,0.0	,0.0	,0.0	,493.0	,493.0	,	,	,福建省,漳州市,龙海区,,,否,否,	,	,	,否,	,	,	,	,	,	,	,	,	,	,	,	,否,否,	,否,否,,	,否,	,否,,,否
云米电热水器50/60升洗澡家用浴室速热大容量省电防漏电警示安全,251104-115076043110851,已取消,1	,正常,	,	,,	,	,691819698413	,50L速热加长防电墙5倍增容,1683563098525	,大家电,热水器,电热水器,	,6923185614920	,	,	,	,无售后或售后取消,,	,	,,,,,,,否,否,	,否,	,,493.0	,0.0	,0.0	,0.0	,0.0	,0.0	,0.0	,0.0	,493.0	,493.0	,	,	,****,****,****,****,,否,否,	,	,	,否,	,	,	,	,	,	,	,	,	,	,	,	,否,否,	,否,	,,	,否,	,否,,,否
【重磅新品】云米净水器600G小海豚升级版厨下式RO反渗透直饮家用,251104-475324771880760,待发货,1	,正常,2025-11-04 23:28:38,2025-11-05 23:28:38,,	,	,225501370546	,【24年新品】600G升级版6年长效,1600502140541	,厨房电器,净水器/净水设备及配件耗材,净水器,	,6923185653684	,6923185616399	,	,	,无售后或售后取消,,2025-11-04 23:28:38,	,,,,,,,否,否,	,否,	,,559.0	,0.0	,0.0	,55.9	,0.0	,0.0	,0.0	,0.0	,503.1	,559.0	,	,	,江苏省,南京市,雨花台区,,,否,否,	,	,	,否,	,	,	,	,	,	,	,	,	,	,	,	,否,是,	,否,否,,	,否,	,否,,,否
【重磅新品】云米净水器600G小海豚升级版厨下式RO反渗透直饮家用,251104-572595945841817,待发货,1	,正常,2025-11-04 23:21:46,2025-11-05 23:21:46,,	,	,225501370546	,【24年新品】600G升级版6年长效,1600502140541	,厨房电器,净水器/净水设备及配件耗材,净水器,	,6923185653684	,6923185616399	,	,	,无售后或售后取消,,2025-11-04 23:21:46,	,,,,,,,否,否,	,否,	,,559.0	,0.0	,0.0	,0.0	,0.0	,0.0	,0.0	,0.0	,559.0	,559.0	,	,	,云南省,昆明市,盘龙区,,,否,否,	,	,	,否,	,	,	,	,	,	,	,	,	,	,	,	,否,是,	,否,否,,	,否,	,否,,,否
【重磅新品】云米净水器600G小海豚升级版厨下式RO反渗透直饮家用,251104-635594412350510,待发货,1	,正常,2025-11-04 23:19:44,2025-11-05 23:19:44,,	,	,225501370546	,【24年新品】600G升级版6年长效,1600502140541	,厨房电器,净水器/净水设备及配件耗材,净水器,	,6923185653684	,6923185616399	,	,	,无售后或售后取消,,2025-11-04 23:19:44,	,,,,,,,否,否,	,否,	,,559.0	,0.0	,0.0	,0.0	,0.0	,0.0	,0.0	,0.0	,559.0	,559.0	,	,	,四川省,成都市,武侯区,,,否,否,	,	,	,否,	,	,	,	,	,	,	,	,	,	,	,	,否,否,	,否,是,3	,商家,否,	,否,,花呗分期,否
云米电热水器家用洗澡租房储水式速热抑菌节能省电卫生间40/60升,251104-163394414950851,未发货，退款成功,1	,正常,2025-11-04 23:18:51,2025-11-05 23:18:52,,	,	,227645754240	,"速热抑菌洗-40L,全国联保送货上门安装8年质保",1645458252843	,大家电,热水器,电热水器,	,6923185681281	,	,	,	,退款成功,,2025-11-04 23:18:52,	,,,,,,,否,否,	,否,	,,379.0	,0.0	,0.0	,18.95	,0.2	,0.0	,0.0	,0.0	,360.05	,379.0	,	,	,福建省,漳州市,龙海区,,,否,否,	,	,	,否,	,	,	,	,	,	,	,	,	,	,	,	,否,否,	,否,否,,	,否,	,否,,,否
【重磅新品】云米净水器600G小海豚升级版厨下式RO反渗透直饮家用,251104-059585401172363,待发货,1	,正常,2025-11-04 23:18:45,2025-11-05 23:18:45,,	,	,225501370546	,【24年新品】600G升级版6年长效,1600502140541	,厨房电器,净水器/净水设备及配件耗材,净水器,	,6923185653684	,6923185616399	,	,	,无售后或售后取消,,2025-11-04 23:18:45,	,,,,,,,否,否,	,否,	,,559.0	,0.0	,0.0	,0.0	,0.0	,0.0	,0.0	,0.0	,559.0	,559.0	,	,	,安徽省,宿州市,萧县,,,否,否,	,	,	,否,	,	,	,	,	,	,	,	,	,	,	,	,否,否,	,否,否,,	,否,	,否,,,否
云米全自动智能门锁人脸猫眼密码指纹安全防撬大屏锁已接入米家AP,251104-516156373283191,待付款,1	,正常,	,	,,	,	,804409121514	,LBT16A【人脸猫眼】智能门锁,1778430742491	,基础建材,智能门锁/电子锁,智能门锁/电子锁,	,6923185652724	,	,	,	,无售后或售后取消,,	,	,,,,,,,否,否,	,否,	,,849.0	,0.0	,0.0	,0.0	,0.0	,0.0	,0.0	,0.0	,849.0	,849.0	,	,	,****,****,****,****,,否,否,	,	,	,否,	,	,	,	,	,	,	,	,	,	,	,	,否,否,	,否,	,,	,否,	,否,,,否
【母婴直饮】云米净水器 SE 600G+ 新升级厨下式RO反渗透直饮家用,251104-234451188032557,待发货,1	,正常,2025-11-04 23:12:26,2025-11-05 23:12:26,,	,	,819506595979	,【24年新品】600G升级版6年长效,1787046011387	,厨房电器,净水器/净水设备及配件耗材,净水器,	,6923185653684	,6923185616399	,	,	,无售后或售后取消,,2025-11-04 23:12:26,	,,,,,,,否,否,	,否,	,,748.0	,0.0	,134.64	,74.8	,0.0	,0.0	,0.0	,0.0	,538.56	,613.36	,	,	,山西省,太原市,迎泽区,,,否,否,	,	,	,否,	,	,	,	,	,	,	,	,	,	,	,	,否,否,	,否,否,,	,否,	,否,,,否
云米顶侧大吸力蓝调油烟机家用厨房节能自清洁一级能效可挥手智控,251104-063171541352539,待发货,1	,正常,2025-11-04 23:09:30,2025-11-05 23:09:30,,	,	,657344402006	,云米智清洁挥手智控单烟机,1723825075586	,大家电,厨房大电,油烟机,	,6923185650973	,6923185650973	,	,	,无售后或售后取消,,2025-11-04 23:09:30,	,,,,,,,否,否,	,否,	,,839.0	,0.0	,42.0	,79.7	,1.43	,0.0	,0.0	,0.0	,717.3	,797.0	,	,	,北京市,北京市,密云区,,,否,否,	,	,	,否,	,	,	,	,	,	,	,	,	,	,	,	,否,否,	,否,否,,	,否,	,否,,,否
【重磅新品】云米净水器600G小海豚升级版厨下式RO反渗透直饮家用,251104-153836654983043,待发货,1	,正常,2025-11-04 23:03:18,2025-11-25 23:03:18,,	,	,225501370546	,【24年新品】600G升级版6年长效,1600502140541	,厨房电器,净水器/净水设备及配件耗材,净水器,	,6923185653684	,6923185616399	,	,	,无售后或售后取消,,2025-11-04 23:03:18,	,,,,,,,否,否,	,否,	,,559.0	,0.0	,0.0	,50.0	,0.0	,0.0	,0.0	,0.0	,509.0	,559.0	,	,	,广东省,深圳市,龙岗区,,,否,否,	,	,	,否,	,	,	,	,	,	,	,	,	,	,	,	,否,是,	,否,是,3	,商家,否,	,否,,信用卡分期,否
云米智能AI门锁3D指纹密码蓝牙可连大容量续航家用公寓自动安全,251104-558623649354045,待发货,1	,正常,2025-11-04 23:01:36,2025-11-05 23:01:36,,	,	,743885774552	,"云米蓝调指纹密码锁LBT11C,黑色",1734954999916	,基础建材,智能门锁/电子锁,智能门锁/电子锁,	,6923185655381	,6923185655381	,主播：小圆 场控：文蓝	权益：直播间抽奖10元红包,	,无售后或售后取消,,2025-11-04 23:01:36,	,,,,,,,否,否,	,否,	,,661.0	,0.0	,40.0	,70.0	,1.1	,0.0	,0.0	,0.0	,551.0	,621.0	,	,	,安徽省,淮南市,凤台县,,,否,否,	,	,	,否,	,	,	,	,	,	,	,	,	,	,	,	,是,是,	,否,否,,	,否,	,否,,,否
云米即热净水器厨房家用直饮RO反渗透加热净饮一体机1000G,251104-181933259151352,待发货,1	,正常,2025-11-04 22:57:20,2025-11-05 22:57:20,,	,	,364990106384	,即热直饮 1000G大通量,1455593712429	,厨房电器,净水器/净水设备及配件耗材,净水器,	,6923185651116	,6923185651116	,主播：小圆 场控：文蓝	权益：直播间抽奖10元红包，后返，赠送复合滤芯1根,	,无售后或售后取消,,2025-11-04 22:57:20,	,,,,,,,否,否,	,否,	,,1668.85	,0.0	,315.77	,90.0	,0.0	,0.0	,0.0	,0.0	,1263.08	,1353.08	,	,	,辽宁省,葫芦岛市,龙港区,,,否,否,	,	,	,否,	,	,	,	,	,	,	,	,	,	,	,	,是,是,	,否,否,,	,否,	,否,,,否
【重磅新品】云米净水器600G小海豚升级版厨下式RO反渗透直饮家用,251104-193215864433106,待发货,1	,正常,2025-11-04 22:58:53,2025-11-05 22:58:53,,	,	,225501370546	,【24年新品】600G升级版6年长效,1600502140541	,厨房电器,净水器/净水设备及配件耗材,净水器,	,6923185653684	,6923185616399	,	,	,无售后或售后取消,,2025-11-04 22:58:53,	,,,,,,,否,否,	,否,	,,559.0	,0.0	,0.0	,0.0	,0.0	,0.0	,0.0	,0.0	,559.0	,559.0	,	,	,河南省,郑州市,管城回族区,,,否,否,	,	,	,否,	,	,	,	,	,	,	,	,	,	,	,	,否,否,	,否,否,,	,否,	,否,,,否
【冷热直饮套装】云米净水器家用厨下管线机套装一键即热制冷直饮,251104-080724672952354,待发货,1	,正常,2025-11-04 22:51:59,2025-11-05 22:52:00,,	,	,480070620581	,【冷热净水直饮套装】新品净水器+冷热管线机,1620106386127	,厨房电器,净水器/净水设备及配件耗材,净水器,	,S2407170910001,	,主播：小圆 场控：文蓝	权益：直播间抽奖50元红包，后返，赠送汤锅,	,无售后或售后取消,,2025-11-04 22:52:00,	,,,,,,,否,否,	,否,	,,1429.0	,0.0	,0.0	,70.0	,2.71	,0.0	,0.0	,0.0	,1359.0	,1429.0	,	,	,山西省,吕梁市,岚县,,,否,否,	,	,	,否,	,	,	,	,	,	,	,	,	,	,	,	,否,是,	,否,否,,	,否,	,否,,,否
【冷热直饮套装】云米净水器家用厨下管线机套装一键即热制冷直饮,251104-236668916152354,已取消,1	,正常,	,	,,	,	,480070620581	,【冷热净水直饮套装】新品净水器+冷热管线机,1620106386127	,厨房电器,净水器/净水设备及配件耗材,净水器,	,S2407170910001,	,	,	,无售后或售后取消,,	,	,,,,,,,否,否,	,否,	,,1429.0	,0.0	,0.0	,70.0	,0.0	,0.0	,0.0	,0.0	,1359.0	,1429.0	,	,	,****,****,****,****,,否,否,	,	,	,否,	,	,	,	,	,	,	,	,	,	,	,	,是,否,	,否,	,,	,否,	,否,,,否
云米矿泉台式净饮机即热式饮水机直饮家用矿化加热一体机净水器,251104-023561572740069,已取消,1	,正常,	,	,,	,	,826920121377	,spuer2,1792670253677	,厨房电器,台式净饮机,台式净饮机,	,6923185615415	,6923185615415	,	,	,无售后或售后取消,,	,	,,,,,,,否,否,	,否,	,,1139.0	,0.0	,167.85	,20.0	,0.0	,0.0	,0.0	,0.0	,951.15	,971.15	,	,	,****,****,****,****,,否,否,	,	,	,否,	,	,	,	,	,	,	,	,	,	,	,	,否,否,	,否,	,,	,否,	,否,,,否
【冷热直饮套装】云米净水器家用厨下管线机套装一键即热制冷直饮,251104-599077743032354,未发货，退款成功,1	,正常,2025-11-04 22:46:21,2025-11-05 22:46:21,,	,	,480070620581	,【冷热净水直饮套装】新品净水器+冷热管线机,1620106386127	,厨房电器,净水器/净水设备及配件耗材,净水器,	,S2407170910001,	,	,	,退款成功,,2025-11-04 22:46:21,	,,,,,,,否,否,	,否,	,,1429.0	,0.0	,0.0	,70.0	,2.71	,0.0	,0.0	,0.0	,1359.0	,1429.0	,	,	,山西省,太原市,娄烦县,,,否,否,	,	,	,否,	,	,	,	,	,	,	,	,	,	,	,	,否,是,	,否,否,,	,否,	,否,,,否
【冷热直饮套装】云米净水器家用厨下管线机套装一键即热制冷直饮,251104-036086813112354,已取消,1	,正常,	,	,,	,	,480070620581	,【冷热净水直饮套装】新品净水器+冷热管线机,1620106386127	,厨房电器,净水器/净水设备及配件耗材,净水器,	,S2407170910001,	,	,	,无售后或售后取消,,	,	,,,,,,,否,否,	,否,	,,1429.0	,0.0	,0.0	,70.0	,0.0	,0.0	,0.0	,0.0	,1359.0	,1429.0	,	,	,****,****,****,****,,否,否,	,	,	,否,	,	,	,	,	,	,	,	,	,	,	,	,是,否,	,否,	,,	,否,	,否,,,否
【母婴直饮】云米净水器 SE 600G+ 新升级厨下式RO反渗透直饮家用,251104-277568602500260,未发货，退款成功,1	,正常,2025-11-04 22:38:20,2025-11-05 22:38:20,,	,	,819506595979	,【24年新品】600G升级版6年长效,1787046011387	,厨房电器,净水器/净水设备及配件耗材,净水器,	,6923185653684	,6923185616399	,	,	,退款成功,,2025-11-04 22:38:20,	,,,,,,,否,否,	,否,	,,748.0	,0.0	,129.6	,100.0	,0.0	,0.0	,0.0	,0.0	,518.4	,618.4	,	,	,安徽省,亳州市,谯城区,,,否,否,	,	,	,否,	,	,	,	,	,	,	,	,	,	,	,	,是,是,	,否,否,,	,否,	,否,,,否
【重磅新品】云米净水器600G小海豚升级版厨下式RO反渗透直饮家用,251104-479146821121656,已取消,1	,正常,	,	,,	,	,225501370546	,【24年新品】600G升级版6年长效,1600502140541	,厨房电器,净水器/净水设备及配件耗材,净水器,	,6923185653684	,6923185616399	,	,	,无售后或售后取消,,	,	,,,,,,,否,否,	,否,	,,559.0	,0.0	,0.0	,3.0	,0.0	,0.0	,0.0	,0.0	,556.0	,559.0	,	,	,****,****,****,****,,否,否,	,	,	,否,	,	,	,	,	,	,	,	,	,	,	,	,否,否,	,否,	,,	,否,	,否,,,否
云米蒸烤一体机厨房家用嵌入式蒸烤箱45L大蒸汽电烤箱VSO4501-B,251104-123008489010659,待发货,1	,正常,2025-11-04 22:35:24,2025-11-05 22:35:24,,	,	,403868159413	,黑色45L 大容量,1262647022971	,大家电,全屋互联网智能电器,全屋互联网智能电器,	,6923185606314	,6923185606314	,	,	,无售后或售后取消,,2025-11-04 22:35:24,	,,,,,,,否,否,	,否,	,,1529.0	,0.0	,0.0	,3.0	,0.0	,0.0	,0.0	,0.0	,1526.0	,1529.0	,	,	,广东省,佛山市,顺德区,,,否,否,	,	,	,否,	,	,	,	,	,	,	,	,	,	,	,	,否,是,	,否,否,,	,否,	,否,,,否
VIOMI云米净水器1000G厨下直饮小体积净水机RO机智显龙头3秒满杯,251104-243316835941821,已取消,1	,正常,	,	,,	,	,842195971715	,1000G大通量RO净水器,1803617356458	,厨房电器,净水器/净水设备及配件耗材,净水器,	,6923185654247	,	,	,	,无售后或售后取消,,	,	,,,,,,,否,否,	,否,	,,866.99	,0.0	,0.0	,0.0	,0.0	,0.0	,0.0	,0.0	,866.99	,866.99	,	,	,****,****,****,****,,否,否,	,	,	,否,	,	,	,	,	,	,	,	,	,	,	,	,否,否,	,否,	,,	,否,	,否,,,否
【冷热直饮套装】云米净水器家用厨下管线机套装一键即热制冷直饮,251104-422078124472354,已取消,1	,正常,	,	,,	,	,480070620581	,【冷热净水直饮套装】新品净水器+冷热管线机,1620106386127	,厨房电器,净水器/净水设备及配件耗材,净水器,	,S2407170910001,	,	,	,无售后或售后取消,,	,	,,,,,,,否,否,	,否,	,,1429.0	,0.0	,0.0	,70.0	,0.0	,0.0	,0.0	,0.0	,1359.0	,1429.0	,	,	,****,****,****,****,,否,否,	,	,	,否,	,	,	,	,	,	,	,	,	,	,	,	,是,否,	,否,	,,	,否,	,否,,,否
【重磅新品】云米净水器600G小海豚升级版厨下式RO反渗透直饮家用,251104-603188160891614,未发货，退款成功,1	,正常,2025-11-04 22:22:50,2025-11-05 22:22:50,,	,	,225501370546	,【24年新品】600G升级版6年长效,1600502140541	,厨房电器,净水器/净水设备及配件耗材,净水器,	,6923185653684	,6923185616399	,	,	,退款成功,,2025-11-04 22:22:50,	,,,,,,,否,否,	,否,	,,559.0	,0.0	,0.0	,0.0	,0.0	,0.0	,0.0	,0.0	,559.0	,559.0	,	,	,河南省,驻马店市,驿城区,,,否,否,	,	,	,否,	,	,	,	,	,	,	,	,	,	,	,	,否,是,	,否,否,,	,否,	,否,,,否
【冷热直饮套装】云米净水器家用厨下管线机套装一键即热制冷直饮,251104-351430295992354,已取消,1	,正常,	,	,,	,	,480070620581	,【冷热净水直饮套装】新品净水器+冷热管线机,1620106386127	,厨房电器,净水器/净水设备及配件耗材,净水器,	,S2407170910001,	,	,	,无售后或售后取消,,	,	,,,,,,,否,否,	,否,	,,1429.0	,0.0	,0.0	,70.0	,0.0	,0.0	,0.0	,0.0	,1359.0	,1429.0	,	,	,****,****,****,****,,否,否,	,	,	,否,	,	,	,	,	,	,	,	,	,	,	,	,是,否,	,否,	,,	,否,	,否,,,否
【重磅新品】云米净水器600G小海豚升级版厨下式RO反渗透直饮家用,251104-265530960311485,待发货,1	,正常,2025-11-04 22:13:31,2025-11-05 22:13:31,,	,	,225501370546	,【24年新品】600G升级版6年长效,1600502140541	,厨房电器,净水器/净水设备及配件耗材,净水器,	,6923185653684	,6923185616399	,	,	,无售后或售后取消,,2025-11-04 22:13:31,	,,,,,,,否,否,	,否,	,,559.0	,0.0	,0.0	,55.9	,0.0	,0.0	,0.0	,0.0	,503.1	,559.0	,	,	,吉林省,辽源市,龙山区,,,否,否,	,	,	,否,	,	,	,	,	,	,	,	,	,	,	,	,否,否,	,否,否,,	,否,	,否,,,否
【重磅新品】云米净水器600G小海豚升级版厨下式RO反渗透直饮家用,251104-284405338500770,待发货,1	,正常,2025-11-04 22:11:18,2025-11-05 22:11:19,,	,	,225501370546	,【24年新品】600G升级版6年长效,1600502140541	,厨房电器,净水器/净水设备及配件耗材,净水器,	,6923185653684	,6923185616399	,	,	,无售后或售后取消,,2025-11-04 22:11:19,	,,,,,,,否,否,	,否,	,,559.0	,0.0	,0.0	,0.0	,0.0	,0.0	,0.0	,0.0	,559.0	,559.0	,	,	,山东省,烟台市,芝罘区,,,否,否,	,	,	,否,	,	,	,	,	,	,	,	,	,	,	,	,是,是,	,否,否,,	,否,	,否,,,否
【超薄零平嵌】云米500升十字四门全域养鲜一级变频风冷无霜冰箱,251104-347052469871116,待发货,1	,正常,2025-11-04 22:09:50,2025-11-05 22:09:50,,	,	,490426355421	,云米养鲜抗菌冰箱,1723315555072	,大家电,冰箱,厨房冰箱,	,6923185651123	,6923185651123	,	,	,无售后或售后取消,,2025-11-04 22:09:50,	,,,,,,,否,否,	,否,	,,3199.0	,0.0	,0.0	,100.0	,0.0	,0.0	,0.0	,0.0	,3099.0	,3199.0	,	,	,云南省,红河哈尼族彝族自治州,建水县,,,否,否,	,	,	,否,	,	,	,	,	,	,	,	,	,	,	,	,否,否,	,否,否,,	,否,	,否,,,否
【重磅新品】云米净水器600G小海豚升级版厨下式RO反渗透直饮家用,251104-266773522820770,已取消,1	,正常,	,	,,	,	,225501370546	,【24年新品】600G升级版6年长效,1600502140541	,厨房电器,净水器/净水设备及配件耗材,净水器,	,6923185653684	,6923185616399	,	,	,无售后或售后取消,,	,	,,,,,,,否,否,	,否,	,,559.0	,0.0	,0.0	,0.0	,0.0	,0.0	,0.0	,0.0	,559.0	,559.0	,	,	,****,****,****,****,,否,否,	,	,	,否,	,	,	,	,	,	,	,	,	,	,	,	,是,否,	,否,	,,	,否,	,否,,,否
【超薄零平嵌】云米500升十字四门全域养鲜一级变频风冷无霜冰箱,251104-360699686511116,已取消,1	,正常,	,	,,	,	,490426355421	,云米养鲜抗菌冰箱,1723315555072	,大家电,冰箱,厨房冰箱,	,6923185651123	,6923185651123	,	,	,无售后或售后取消,,	,	,,,,,,,否,否,	,否,	,,3199.0	,0.0	,0.0	,100.0	,0.0	,0.0	,0.0	,0.0	,3099.0	,3199.0	,	,	,****,****,****,****,,否,否,	,	,	,否,	,	,	,	,	,	,	,	,	,	,	,	,否,否,	,否,	,,	,否,	,否,,,否
云米16即热零冷水燃气热水器智能低水压双调恒温防冻安全保护速热,251104-428935779871466,待发货,1	,正常,2025-11-04 22:12:52,2025-11-05 22:12:52,,	,	,216845252864	,云米即开即热16L零冷水热水器,1731415907130	,大家电,热水器,燃气热水器,	,6923185611226	,6923185611226	,	,	,无售后或售后取消,,2025-11-04 22:12:52,	,,,,,,,否,否,	,否,	,,979.0	,0.0	,0.0	,3.0	,0.0	,0.0	,0.0	,0.0	,976.0	,979.0	,	,	,河北省,邢台市,宁晋县,,,否,否,	,	,	,否,	,	,	,	,	,	,	,	,	,	,	,	,否,否,	,否,否,,	,否,	,否,,,否
【重磅新品】云米净水器600G小海豚升级版厨下式RO反渗透直饮家用,251104-416206098812749,未发货，退款成功,1	,正常,2025-11-04 22:02:11,2025-11-05 22:02:11,,	,	,225501370546	,【24年新品】600G升级版6年长效,1600502140541	,厨房电器,净水器/净水设备及配件耗材,净水器,	,6923185653684	,6923185616399	,	,	,退款成功,,2025-11-04 22:02:11,	,,,,,,,否,否,	,否,	,,559.0	,0.0	,0.0	,0.0	,0.2	,0.0	,0.0	,0.0	,559.0	,559.0	,	,	,辽宁省,大连市,甘井子区,,,否,否,	,	,	,否,	,	,	,	,	,	,	,	,	,	,	,	,否,是,	,否,否,,	,否,	,否,,,否
【重磅新品】云米净水器600G小海豚升级版厨下式RO反渗透直饮家用,251104-664718621052749,已取消,1	,正常,	,	,,	,	,225501370546	,【24年新品】600G升级版6年长效,1600502140541	,厨房电器,净水器/净水设备及配件耗材,净水器,	,6923185653684	,6923185616399	,	,	,无售后或售后取消,,	,	,,,,,,,否,否,	,否,	,,559.0	,0.0	,0.0	,0.0	,0.0	,0.0	,0.0	,0.0	,559.0	,559.0	,	,	,****,****,****,****,,否,否,	,	,	,否,	,	,	,	,	,	,	,	,	,	,	,	,否,否,	,否,	,,	,否,	,否,,,否
【重磅新品】云米净水器600G小海豚升级版厨下式RO反渗透直饮家用,251104-422523759020134,待发货,1	,正常,2025-11-04 21:57:54,2025-11-05 21:57:54,,	,	,225501370546	,【24年新品】600G升级版6年长效,1600502140541	,厨房电器,净水器/净水设备及配件耗材,净水器,	,6923185653684	,6923185616399	,	,	,无售后或售后取消,,2025-11-04 21:57:54,	,,,,,,,否,否,	,否,	,,559.0	,0.0	,0.0	,0.0	,0.0	,0.0	,0.0	,0.0	,559.0	,559.0	,	,	,山东省,枣庄市,台儿庄区,,,否,否,	,	,	,否,	,	,	,	,	,	,	,	,	,	,	,	,否,否,	,否,否,,	,否,	,否,,,否
【重磅新品】云米净水器600G小海豚升级版厨下式RO反渗透直饮家用,251104-092432002561113,已取消,1	,正常,	,	,,	,	,225501370546	,【24年新品】600G升级版6年长效,1600502140541	,厨房电器,净水器/净水设备及配件耗材,净水器,	,6923185653684	,6923185616399	,	,	,无售后或售后取消,,	,	,,,,,,,否,否,	,否,	,,559.0	,0.0	,0.0	,55.9	,0.0	,0.0	,0.0	,0.0	,503.1	,559.0	,	,	,****,****,****,****,,否,否,	,	,	,否,	,	,	,	,	,	,	,	,	,	,	,	,否,否,	,否,	,,	,否,	,否,,,否
云米净水器滤芯小蓝调小海豚600G+专用复合滤芯RO反渗透滤芯过滤,251104-216305518140512,待发货,1	,正常,2025-11-04 21:55:10,2025-11-05 21:55:10,,	,	,296967601341	,5in1复合滤芯 2年长效,1600193054565	,厨房电器,净水器/净水设备及配件耗材,净水器,	,6923185627425	,	,后返，到手价99,	,无售后或售后取消,,2025-11-04 21:55:10,	,,,,,,,否,否,	,否,	,,299.0	,0.0	,0.0	,0.0	,0.0	,0.0	,0.0	,0.0	,299.0	,299.0	,	,	,河北省,保定市,安新县,,,否,否,	,	,	,否,	,	,	,	,	,	,	,	,	,	,	,	,否,否,	,否,否,,	,否,	,否,,,否
【重磅新品】云米净水器600G小海豚升级版厨下式RO反渗透直饮家用,251104-159063816543021,已取消,1	,正常,	,	,,	,	,225501370546	,【24年新品】600G升级版6年长效,1600502140541	,厨房电器,净水器/净水设备及配件耗材,净水器,	,6923185653684	,6923185616399	,	,	,无售后或售后取消,,	,	,,,,,,,否,否,	,否,	,,559.0	,0.0	,0.0	,0.0	,0.0	,0.0	,0.0	,0.0	,559.0	,559.0	,	,	,****,****,****,****,,否,否,	,	,	,否,	,	,	,	,	,	,	,	,	,	,	,	,否,否,	,否,	,,	,否,	,否,,,否
【重磅新品】云米净水器600G小海豚升级版厨下式RO反渗透直饮家用,251104-482350231162930,未发货，退款成功,1	,正常,2025-11-04 21:52:15,2025-11-05 21:52:16,,	,	,225501370546	,【24年新品】600G升级版6年长效,1600502140541	,厨房电器,净水器/净水设备及配件耗材,净水器,	,6923185653684	,6923185616399	,	,	,退款成功,,2025-11-04 21:52:16,	,,,,,,,否,否,	,否,	,,559.0	,0.0	,0.0	,0.0	,0.0	,0.0	,0.0	,0.0	,559.0	,559.0	,	,	,福建省,福州市,长乐区,,,否,否,	,	,	,否,	,	,	,	,	,	,	,	,	,	,	,	,否,是,	,否,否,,	,否,	,否,,,否
【重磅新品】云米净水器600G小海豚升级版厨下式RO反渗透直饮家用,251104-645576835452218,待发货,1	,正常,2025-11-04 21:47:57,2025-11-05 21:47:58,,	,	,225501370546	,【24年新品】600G升级版6年长效,1600502140541	,厨房电器,净水器/净水设备及配件耗材,净水器,	,6923185653684	,6923185616399	,主播：小圆 场控：文蓝	权益：直播间抽奖10元红包,	,无售后或售后取消,,2025-11-04 21:47:58,	,,,,,,,否,否,	,否,	,,559.0	,0.0	,0.0	,0.0	,0.0	,0.0	,0.0	,0.0	,559.0	,559.0	,	,	,湖南省,长沙市,望城区,,,否,否,	,	,	,否,	,	,	,	,	,	,	,	,	,	,	,	,是,是,	,否,否,,	,否,	,否,,,否
【重磅新品】云米净水器600G小海豚升级版厨下式RO反渗透直饮家用,251104-035363243630434,待发货,1	,正常,2025-11-04 21:41:41,2025-11-05 21:41:41,,	,	,225501370546	,【24年新品】600G升级版6年长效,1600502140541	,厨房电器,净水器/净水设备及配件耗材,净水器,	,6923185653684	,6923185616399	,	,	,无售后或售后取消,,2025-11-04 21:41:41,	,,,,,,,否,否,	,否,	,,559.0	,0.0	,0.0	,3.0	,0.0	,0.0	,0.0	,0.0	,556.0	,559.0	,	,	,山东省,威海市,环翠区,,,否,否,	,	,	,否,	,	,	,	,	,	,	,	,	,	,	,	,否,否,	,否,否,,	,否,	,否,,,否
【重磅新品】云米净水器600G小海豚升级版厨下式RO反渗透直饮家用,251104-594322429522222,待发货,1	,正常,2025-11-04 21:37:53,2025-11-05 21:37:53,,	,	,225501370546	,【24年新品】600G升级版6年长效,1600502140541	,厨房电器,净水器/净水设备及配件耗材,净水器,	,6923185653684	,6923185616399	,	,	,无售后或售后取消,,2025-11-04 21:37:53,	,,,,,,,否,否,	,否,	,,559.0	,0.0	,0.0	,0.0	,0.2	,0.0	,0.0	,0.0	,559.0	,559.0	,	,	,四川省,德阳市,罗江区,,,否,否,	,	,	,否,	,	,	,	,	,	,	,	,	,	,	,	,否,否,	,否,否,,	,否,	,否,,,否
【重磅新品】云米净水器600G小海豚升级版厨下式RO反渗透直饮家用,251104-211146534432637,待发货,1	,正常,2025-11-04 21:33:47,2025-11-05 21:33:47,,	,	,225501370546	,【24年新品】600G升级版6年长效,1600502140541	,厨房电器,净水器/净水设备及配件耗材,净水器,	,6923185653684	,6923185616399	,	,	,无售后或售后取消,,2025-11-04 21:33:47,	,,,,,,,否,否,	,否,	,,559.0	,0.0	,0.0	,0.0	,0.0	,0.0	,0.0	,0.0	,559.0	,559.0	,	,	,辽宁省,沈阳市,沈北新区,,,否,否,	,	,	,否,	,	,	,	,	,	,	,	,	,	,	,	,否,否,	,否,否,,	,否,	,否,,,否
云米净水器滤芯家用小海豚小蓝调小白龙系列专用RO反渗透,251104-499316212110437,未发货，退款成功,1	,正常,2025-11-04 21:26:23,2025-11-06 21:26:23,,	,	,232467205433	,5in1 复合滤芯,1647394585330	,厨房电器,净水器/净水设备及配件耗材,净水器,	,6923185627425	,	,后返到手价109元,	,退款成功,,2025-11-04 21:26:23,	,,,,,,,否,否,	,否,	,,149.0	,0.0	,0.0	,0.0	,0.0	,0.0	,0.0	,0.0	,149.0	,149.0	,	,	,吉林省,长春市,榆树市,,,否,否,	,	,	,否,	,	,	,	,	,	,	,	,	,	,	,	,否,否,	,否,否,,	,否,	,否,,,否
云米净水器滤芯家用小海豚小蓝调小白龙系列专用RO反渗透,251104-041612766830070,未发货，退款成功,1	,正常,2025-11-04 21:19:55,2025-11-06 21:19:55,,	,	,232467205433	,5in1 复合滤芯,1647394585330	,厨房电器,净水器/净水设备及配件耗材,净水器,	,6923185627425	,	,	,	,退款成功,,2025-11-04 21:19:55,	,,,,,,,否,否,	,否,	,,149.0	,0.0	,0.0	,0.0	,0.0	,0.0	,0.0	,0.0	,149.0	,149.0	,	,	,吉林省,长春市,朝阳区,,,否,否,	,	,	,否,	,	,	,	,	,	,	,	,	,	,	,	,否,否,	,否,否,,	,否,	,否,,,否
云米净水器滤芯小蓝调小海豚600G+专用复合滤芯RO反渗透滤芯过滤,251104-558204218943156,未发货，退款成功,1	,正常,2025-11-04 21:19:35,2025-11-05 21:19:36,,	,	,296967601341	,5in1复合滤芯 2年长效,1600193054565	,厨房电器,净水器/净水设备及配件耗材,净水器,	,6923185627425	,	,99 [viomi英英sk 11/04 21:30],	,退款成功,,2025-11-04 21:19:36,	,,,,,,,否,否,	,否,	,,299.0	,0.0	,0.0	,0.0	,0.0	,0.0	,0.0	,0.0	,299.0	,299.0	,	,	,甘肃省,兰州市,永登县,,,否,否,	,	,	,否,	,	,	,	,	,	,	,	,	,	,	,	,否,是,	,否,否,,	,否,	,否,,,否
【重磅新品】云米净水器600G小海豚升级版厨下式RO反渗透直饮家用,251104-328466481552079,已取消,1	,正常,	,	,,	,	,225501370546	,【24年新品】600G升级版6年长效,1600502140541	,厨房电器,净水器/净水设备及配件耗材,净水器,	,6923185653684	,6923185616399	,	,	,无售后或售后取消,,	,	,,,,,,,否,否,	,否,	,,559.0	,0.0	,0.0	,0.0	,0.0	,0.0	,0.0	,0.0	,559.0	,559.0	,	,	,****,****,****,****,,否,否,	,	,	,否,	,	,	,	,	,	,	,	,	,	,	,	,否,否,	,否,	,,	,否,	,否,,,否
云米净水器滤芯家用小海豚小蓝调小白龙系列专用RO反渗透,251104-391894812160132,待发货,1	,正常,2025-11-04 21:14:39,2025-11-06 21:14:39,,	,	,232467205433	,5in1 复合滤芯,1647394585330	,厨房电器,净水器/净水设备及配件耗材,净水器,	,6923185627425	,	,后返，到手价99,	,无售后或售后取消,,2025-11-04 21:14:39,	,,,,,,,否,否,	,否,	,,149.0	,0.0	,0.0	,0.0	,0.0	,0.0	,0.0	,0.0	,149.0	,149.0	,	,	,江苏省,苏州市,昆山市,,,否,否,	,	,	,否,	,	,	,	,	,	,	,	,	,	,	,	,否,是,	,否,否,,	,否,	,否,,,否
云米智能AI门锁3D指纹密码蓝牙可连大容量续航家用公寓自动安全,251104-072005721651620,待发货,1	,正常,2025-11-04 21:21:09,2025-11-05 21:21:09,,	,	,743885774552	,"云米蓝调指纹密码锁LBT11C,黑色",1734954999916	,基础建材,智能门锁/电子锁,智能门锁/电子锁,	,6923185655381	,6923185655381	,	,	,无售后或售后取消,,2025-11-04 21:21:09,	,,,,,,,否,否,	,否,	,,661.0	,0.0	,40.0	,70.0	,0.0	,0.0	,0.0	,0.0	,551.0	,621.0	,	,	,海南省,省直辖县级行政区划,陵水黎族自治县,,,否,否,	,	,	,否,	,	,	,	,	,	,	,	,	,	,	,	,否,否,	,否,否,,	,否,	,否,,,否
云米净水器滤芯小蓝调小海豚600G+专用复合滤芯RO反渗透滤芯过滤,251104-378625093143899,待发货,1	,正常,2025-11-04 21:11:08,2025-11-05 21:11:08,,	,	,296967601341	,5in1复合滤芯 2年长效,1600193054565	,厨房电器,净水器/净水设备及配件耗材,净水器,	,6923185627425	,	,后返到手价99,	,无售后或售后取消,,2025-11-04 21:11:08,	,,,,,,,否,否,	,否,	,,299.0	,0.0	,0.0	,0.0	,0.2	,0.0	,0.0	,0.0	,299.0	,299.0	,	,	,湖南省,长沙市,岳麓区,,,否,否,	,	,	,否,	,	,	,	,	,	,	,	,	,	,	,	,否,否,	,否,否,,	,否,	,否,,,否
【重磅新品】云米净水器600G小海豚升级版厨下式RO反渗透直饮家用,251104-519338801461143,待发货,1	,正常,2025-11-04 21:09:24,2025-11-05 21:09:25,,	,	,225501370546	,【24年新品】600G升级版6年长效,1600502140541	,厨房电器,净水器/净水设备及配件耗材,净水器,	,6923185653684	,6923185616399	,	,	,无售后或售后取消,,2025-11-04 21:09:25,	,,,,,,,否,否,	,否,	,,559.0	,0.0	,0.0	,0.0	,3.0	,0.0	,0.0	,0.0	,559.0	,559.0	,	,	,广东省,韶关市,武江区,,,否,否,	,	,	,否,	,	,	,	,	,	,	,	,	,	,	,	,否,否,	,否,否,,	,否,	,否,,,否
【重磅新品】云米净水器600G小海豚升级版厨下式RO反渗透直饮家用,251104-588062441781143,已取消,1	,正常,	,	,,	,	,225501370546	,【24年新品】600G升级版6年长效,1600502140541	,厨房电器,净水器/净水设备及配件耗材,净水器,	,6923185653684	,6923185616399	,	,	,无售后或售后取消,,	,	,,,,,,,否,否,	,否,	,,559.0	,0.0	,0.0	,0.0	,0.0	,0.0	,0.0	,0.0	,559.0	,559.0	,	,	,****,****,****,****,,否,否,	,	,	,否,	,	,	,	,	,	,	,	,	,	,	,	,否,否,	,否,	,,	,否,	,否,,,否
云米即热净水器厨房家用直饮RO反渗透加热净饮一体机1000G,251104-389755758923740,已取消,1	,正常,	,	,,	,	,846360072018	,即热直饮 1000G大通量,1807240839093	,厨房电器,净水器/净水设备及配件耗材,净水器,	,6923185651116	,6923185651116	,	,	,无售后或售后取消,,	,	,,,,,,,否,否,	,否,	,,1618.0	,0.0	,324.0	,100.0	,0.0	,0.0	,0.0	,0.0	,1194.0	,1294.0	,	,	,****,****,****,****,,否,否,	,	,	,否,	,	,	,	,	,	,	,	,	,	,	,	,否,否,	,否,	,,	,否,	,否,,,否
云米顶侧大吸力蓝调油烟机家用厨房节能自清洁一级能效可挥手智控,251104-468629666120289,待发货,1	,正常,2025-11-04 20:55:00,2025-11-05 20:55:00,,	,	,657344402006	,云米智清洁挥手智控单烟机,1723825075586	,大家电,厨房大电,油烟机,	,6923185650973	,6923185650973	,	,	,无售后或售后取消,,2025-11-04 20:55:00,	,,,,,,,否,否,	,否,	,,839.0	,0.0	,42.0	,39.85	,0.0	,0.0	,0.0	,0.0	,757.15	,797.0	,	,	,贵州省,毕节市,七星关区,,,否,否,	,	,	,否,	,	,	,	,	,	,	,	,	,	,	,	,否,否,	,否,否,,	,否,	,否,,,否
【重磅新品】云米净水器600G小海豚升级版厨下式RO反渗透直饮家用,251104-411429793291744,待发货,1	,正常,2025-11-04 20:51:22,2025-11-05 20:51:22,,	,	,225501370546	,【24年新品】600G升级版6年长效,1600502140541	,厨房电器,净水器/净水设备及配件耗材,净水器,	,6923185653684	,6923185616399	,	,	,无售后或售后取消,,2025-11-04 20:51:22,	,,,,,,,否,否,	,否,	,,559.0	,0.0	,0.0	,0.0	,0.0	,0.0	,0.0	,0.0	,559.0	,559.0	,	,	,福建省,厦门市,翔安区,,,否,否,	,	,	,否,	,	,	,	,	,	,	,	,	,	,	,	,否,是,	,否,否,,	,否,	,否,,,否
【母婴直饮】云米净水器 SE 600G+ 新升级厨下式RO反渗透直饮家用,251104-299232203170431,待付款,1	,正常,	,	,,	,	,819506595979	,【24年新品】600G升级版6年长效,1787046011387	,厨房电器,净水器/净水设备及配件耗材,净水器,	,6923185653684	,6923185616399	,	,	,无售后或售后取消,,	,	,,,,,,,否,否,	,否,	,,748.0	,0.0	,134.64	,74.8	,0.0	,0.0	,0.0	,0.0	,538.56	,613.36	,	,	,****,****,****,****,,否,否,	,	,	,否,	,	,	,	,	,	,	,	,	,	,	,	,否,否,	,否,	,,	,否,	,否,,,否
【母婴直饮】云米净水器 SE 600G+ 新升级厨下式RO反渗透直饮家用,251104-218512760420222,待发货,1	,正常,2025-11-04 20:52:49,2025-11-05 20:52:50,,	,	,819506595979	,【24年新品】600G升级版6年长效,1787046011387	,厨房电器,净水器/净水设备及配件耗材,净水器,	,6923185653684	,6923185616399	,	,	,无售后或售后取消,,2025-11-04 20:52:50,	,,,,,,,否,否,	,否,	,,748.0	,0.0	,134.64	,74.8	,0.0	,0.0	,0.0	,0.0	,538.56	,613.36	,	,	,山东省,日照市,东港区,,,否,否,	,	,	,否,	,	,	,	,	,	,	,	,	,	,	,	,否,是,	,否,是,3	,商家,否,	,否,,信用卡分期,否
【重磅新品】云米净水器600G小海豚升级版厨下式RO反渗透直饮家用,251104-335072489070795,待发货,1	,正常,2025-11-04 20:37:41,2025-11-05 20:37:42,,	,	,225501370546	,【24年新品】600G升级版6年长效,1600502140541	,厨房电器,净水器/净水设备及配件耗材,净水器,	,6923185653684	,6923185616399	,	,	,无售后或售后取消,,2025-11-04 20:37:42,	,,,,,,,否,否,	,否,	,,559.0	,0.0	,0.0	,0.0	,0.0	,0.0	,0.0	,0.0	,559.0	,559.0	,	,	,北京市,北京市,房山区,,,否,否,	,	,	,否,	,	,	,	,	,	,	,	,	,	,	,	,否,否,	,否,否,,	,否,	,否,,,否
【重磅新品】云米净水器600G小海豚升级版厨下式RO反渗透直饮家用,251104-369476299042525,已取消,1	,正常,	,	,,	,	,225501370546	,【24年新品】600G升级版6年长效,1600502140541	,厨房电器,净水器/净水设备及配件耗材,净水器,	,6923185653684	,6923185616399	,	,	,无售后或售后取消,,	,	,,,,,,,否,否,	,否,	,,559.0	,0.0	,0.0	,0.0	,0.0	,0.0	,0.0	,0.0	,559.0	,559.0	,	,	,****,****,****,****,,否,否,	,	,	,否,	,	,	,	,	,	,	,	,	,	,	,	,否,否,	,否,	,,	,否,	,否,,,否
云米净水器滤芯小蓝调小海豚600G+专用复合滤芯RO反渗透滤芯过滤,251104-216877002303156,未发货，退款成功,1	,正常,2025-11-04 20:27:37,2025-11-05 20:27:37,,	,	,296967601341	,5in1复合滤芯 2年长效,1600193054565	,厨房电器,净水器/净水设备及配件耗材,净水器,	,6923185627425	,	,后返，到手价99,	,退款成功,,2025-11-04 20:27:37,	,,,,,,,否,否,	,否,	,,299.0	,0.0	,0.0	,0.0	,0.0	,0.0	,0.0	,0.0	,299.0	,299.0	,	,	,甘肃省,兰州市,永登县,,,否,否,	,	,	,否,	,	,	,	,	,	,	,	,	,	,	,	,否,是,	,否,否,,	,否,	,否,,,否
【母婴直饮】云米净水器 SE 600G+ 新升级厨下式RO反渗透直饮家用,251104-108349428002610,待发货,1	,正常,2025-11-04 20:24:57,2025-11-05 20:24:57,,	,	,819506595979	,【24年新品】600G升级版6年长效,1787046011387	,厨房电器,净水器/净水设备及配件耗材,净水器,	,6923185653684	,6923185616399	,	,	,无售后或售后取消,,2025-11-04 20:24:57,	,,,,,,,否,否,	,否,	,,748.0	,0.0	,141.8	,39.0	,0.0	,0.0	,0.0	,0.0	,567.2	,606.2	,	,	,福建省,宁德市,霞浦县,,,否,否,	,	,	,否,	,	,	,	,	,	,	,	,	,	,	,	,否,是,	,否,否,,	,否,	,否,,,否
【母婴直饮】云米净水器 SE 600G+ 新升级厨下式RO反渗透直饮家用,251104-100694771283588,已取消,1	,正常,	,	,,	,	,819506595979	,【24年新品】600G升级版6年长效,1787046011387	,厨房电器,净水器/净水设备及配件耗材,净水器,	,6923185653684	,6923185616399	,	,	,无售后或售后取消,,	,	,,,,,,,否,否,	,否,	,,748.0	,0.0	,149.6	,0.0	,0.0	,0.0	,0.0	,0.0	,598.4	,598.4	,	,	,****,****,****,****,,否,否,	,	,	,否,	,	,	,	,	,	,	,	,	,	,	,	,否,否,	,否,	,,	,否,	,否,,,否
【重磅新品】云米净水器600G小海豚升级版厨下式RO反渗透直饮家用,251104-253409369631104,已取消,1	,正常,	,	,,	,	,225501370546	,【24年新品】600G升级版6年长效,1600502140541	,厨房电器,净水器/净水设备及配件耗材,净水器,	,6923185653684	,6923185616399	,	,	,无售后或售后取消,,	,	,,,,,,,否,否,	,否,	,,559.0	,0.0	,0.0	,0.0	,0.0	,0.0	,0.0	,0.0	,559.0	,559.0	,	,	,****,****,****,****,,否,否,	,	,	,否,	,	,	,	,	,	,	,	,	,	,	,	,否,否,	,否,	,,	,否,	,否,,,否
【重磅新品】云米净水器600G小海豚升级版厨下式RO反渗透直饮家用,251104-667355779512257,待发货,1	,正常,2025-11-04 20:15:09,2025-11-05 20:15:09,,	,	,225501370546	,【24年新品】600G升级版6年长效,1600502140541	,厨房电器,净水器/净水设备及配件耗材,净水器,	,6923185653684	,6923185616399	,	,	,无售后或售后取消,,2025-11-04 20:15:09,	,,,,,,,否,否,	,否,	,,559.0	,0.0	,0.0	,0.0	,0.0	,0.0	,0.0	,0.0	,559.0	,559.0	,	,	,广东省,江门市,台山市,,,否,否,	,	,	,否,	,	,	,	,	,	,	,	,	,	,	,	,否,否,	,否,否,,	,否,	,否,,,否
云米顶侧大吸力蓝调油烟机家用厨房节能自清洁一级能效可挥手智控,251104-431048660493909,已取消,1	,正常,	,	,,	,	,657344402006	,云米智清洁挥手智控单烟机,1723825075586	,大家电,厨房大电,油烟机,	,6923185650973	,6923185650973	,	,	,无售后或售后取消,,	,	,,,,,,,否,否,	,否,	,,839.0	,0.0	,42.0	,39.85	,0.0	,0.0	,0.0	,0.0	,757.15	,797.0	,	,	,****,****,****,****,,否,否,	,	,	,否,	,	,	,	,	,	,	,	,	,	,	,	,否,否,	,否,	,,	,否,	,否,,,否
【冷热直饮套装】云米净水器家用厨下管线机套装一键即热制冷直饮,251104-666695156152354,已取消,1	,正常,	,	,,	,	,480070620581	,【冷热净水直饮套装】新品净水器+冷热管线机,1620106386127	,厨房电器,净水器/净水设备及配件耗材,净水器,	,S2407170910001,	,	,	,无售后或售后取消,,	,	,,,,,,,否,否,	,否,	,,1429.0	,0.0	,0.0	,100.0	,0.0	,0.0	,0.0	,0.0	,1329.0	,1429.0	,	,	,****,****,****,****,,否,否,	,	,	,否,	,	,	,	,	,	,	,	,	,	,	,	,否,否,	,否,	,,	,否,	,否,,,否
云米智能洗碗机10套热风烘干消毒嵌入式洗烘存一体家用IronA1,251104-471649565111649,待发货,1	,正常,2025-11-04 20:00:13,2025-11-05 20:00:14,,	,	,223485946991	,Iron A1消毒除菌洗碗机10套,1357746713795	,大家电,厨房大电,洗碗机,	,6923185616375	,6923185616375	,	,	,无售后或售后取消,,2025-11-04 20:00:14,	,,,,,,,否,否,	,否,	,,1559.0	,0.0	,0.0	,20.0	,0.2	,0.0	,0.0	,0.0	,1539.0	,1559.0	,	,	,黑龙江省,哈尔滨市,松北区,,,否,否,	,	,	,否,	,	,	,	,	,	,	,	,	,	,	,	,否,否,	,否,否,,	,否,	,否,,,否
云米电热水器50/60升洗澡家用浴室速热大容量省电防漏电警示安全,251104-461646097941221,待发货,1	,正常,2025-11-04 19:58:39,2025-11-05 19:58:39,,	,	,691819698413	,60L速热加长防电墙5倍增容,1683563098526	,大家电,热水器,电热水器,	,6923185614937	,	,	,	,无售后或售后取消,,2025-11-04 19:58:39,	,,,,,,,否,否,	,否,	,,592.0	,0.0	,0.0	,29.0	,0.2	,0.0	,0.0	,0.0	,563.0	,592.0	,	,	,江西省,抚州市,东乡区,,,否,否,	,	,	,否,	,	,	,	,	,	,	,	,	,	,	,	,否,否,	,否,否,,	,否,	,否,,,否
【重磅新品】云米净水器600G小海豚升级版厨下式RO反渗透直饮家用,251104-224447731203250,待发货,1	,正常,2025-11-04 19:58:43,2025-11-05 19:58:43,,	,	,225501370546	,【24年新品】600G升级版6年长效,1600502140541	,厨房电器,净水器/净水设备及配件耗材,净水器,	,6923185653684	,6923185616399	,	,	,无售后或售后取消,,2025-11-04 19:58:43,	,,,,,,,否,否,	,否,	,,559.0	,0.0	,0.0	,0.0	,0.0	,0.0	,0.0	,0.0	,559.0	,559.0	,	,	,安徽省,马鞍山市,当涂县,,,否,否,	,	,	,否,	,	,	,	,	,	,	,	,	,	,	,	,否,否,	,否,否,,	,否,	,否,,,否
云米净水器滤芯小蓝调小海豚600G+专用复合滤芯RO反渗透滤芯过滤,251104-144252638733166,待发货,1	,正常,2025-11-04 19:53:37,2025-11-05 19:53:37,,	,	,296967601341	,5in1复合滤芯 2年长效,1600193054565	,厨房电器,净水器/净水设备及配件耗材,净水器,	,6923185627425	,	,后返，到手价99,	,无售后或售后取消,,2025-11-04 19:53:37,	,,,,,,,否,否,	,否,	,,299.0	,0.0	,0.0	,0.0	,0.0	,0.0	,0.0	,0.0	,299.0	,299.0	,	,	,北京市,北京市,丰台区,,,否,否,	,	,	,否,	,	,	,	,	,	,	,	,	,	,	,	,是,是,	,否,否,,	,否,	,否,,,否
【重磅新品】云米净水器600G小海豚升级版厨下式RO反渗透直饮家用,251104-490712624653166,待发货,1	,正常,2025-11-04 19:51:13,2025-11-05 19:51:13,,	,	,225501370546	,【24年新品】600G升级版6年长效,1600502140541	,厨房电器,净水器/净水设备及配件耗材,净水器,	,6923185653684	,6923185616399	,主播：晓楠 场控：文蓝	权益：直播间抽奖10元红包,	,无售后或售后取消,,2025-11-04 19:51:13,	,,,,,,,否,否,	,否,	,,559.0	,0.0	,0.0	,0.0	,0.0	,0.0	,0.0	,0.0	,559.0	,559.0	,	,	,北京市,北京市,丰台区,,,否,否,	,	,	,否,	,	,	,	,	,	,	,	,	,	,	,	,是,是,	,否,是,24	,消费者,否,	,否,,信用卡分期,否
云米60升AI速热高温抑菌电热水器3000W一级节能变频增容家用租房,251104-570551191192708,待发货,1	,正常,2025-11-04 19:50:00,2025-11-05 19:50:00,,	,	,226368376224	,3000W速热安全60L热水器,1737176648260	,大家电,热水器,电热水器,	,6923185602224	,6923185602224	,	,	,无售后或售后取消,,2025-11-04 19:50:00,	,,,,,,,否,否,	,否,	,,655.0	,0.0	,0.0	,0.0	,0.0	,0.0	,0.0	,0.0	,655.0	,655.0	,	,	,辽宁省,丹东市,凤城市,,,否,否,	,	,	,否,	,	,	,	,	,	,	,	,	,	,	,	,否,否,	,否,否,,	,否,	,否,,,否
云米电热水器家用洗澡租房储水式速热抑菌节能省电卫生间40/60升,251104-092327197041400,待发货,1	,正常,2025-11-04 19:44:44,2025-11-05 19:44:45,,	,	,227645754240	,"速热抑菌洗-40L,全国联保送货上门安装8年质保",1645458252843	,大家电,热水器,电热水器,	,6923185681281	,	,	,	,无售后或售后取消,,2025-11-04 19:44:45,	,,,,,,,否,否,	,否,	,,379.0	,0.0	,0.0	,18.95	,0.0	,0.0	,0.0	,0.0	,360.05	,379.0	,	,	,广西壮族自治区,百色市,隆林各族自治县,,,否,否,	,	,	,否,	,	,	,	,	,	,	,	,	,	,	,	,否,否,	,否,否,,	,否,	,否,,,否
云米AI燃气热水器智控恒温防冻节能安全水质净化精准控温13L强排,251104-350025162361795,待发货,1	,正常,2025-11-04 19:40:57,2025-11-05 19:40:58,,	,	,773161065181	,智控恒温燃气热水器,1755671371526	,大家电,热水器,燃气热水器,	,6923185655688	,6923185655688	,	,	,无售后或售后取消,,2025-11-04 19:40:58,	,,,,,,,否,否,	,否,	,,539.0	,0.0	,0.0	,53.9	,0.0	,0.0	,0.0	,0.0	,485.1	,539.0	,	,	,广东省,深圳市,南山区,,,否,否,	,	,	,否,	,	,	,	,	,	,	,	,	,	,	,	,否,是,	,否,否,,	,否,	,否,,,否
【母婴直饮】云米净水器 SE 600G+ 新升级厨下式RO反渗透直饮家用,251104-574179264092429,未发货，退款成功,1	,正常,2025-11-04 19:39:17,2025-11-05 19:39:17,,	,	,819506595979	,【24年新品】600G升级版6年长效,1787046011387	,厨房电器,净水器/净水设备及配件耗材,净水器,	,6923185653684	,6923185616399	,	,	,退款成功,,2025-11-04 19:39:17,	,,,,,,,否,否,	,否,	,,748.0	,0.0	,134.64	,74.8	,0.0	,0.0	,0.0	,0.0	,538.56	,613.36	,	,	,福建省,漳州市,漳浦县,,,否,否,	,	,	,否,	,	,	,	,	,	,	,	,	,	,	,	,否,否,	,否,否,,	,否,	,否,,,否
【重磅新品】云米净水器600G小海豚升级版厨下式RO反渗透直饮家用,251104-277967050383822,已取消,1	,正常,	,	,,	,	,225501370546	,【24年新品】600G升级版6年长效,1600502140541	,厨房电器,净水器/净水设备及配件耗材,净水器,	,6923185653684	,6923185616399	,	,	,无售后或售后取消,,	,	,,,,,,,否,否,	,否,	,,559.0	,0.0	,0.0	,3.0	,0.0	,0.0	,0.0	,0.0	,556.0	,559.0	,	,	,****,****,****,****,,否,否,	,	,	,否,	,	,	,	,	,	,	,	,	,	,	,	,否,否,	,否,	,,	,否,	,否,,,否
云米智能电热水器小蓝调节能变频速热家用浴室洗澡抑菌50L/60L,251104-476231779922950,待发货,1	,正常,2025-11-04 19:31:15,2025-11-05 19:31:15,,	,	,434684719975	,安全保护8倍增容大水量50L,1733881750461	,大家电,热水器,电热水器,	,6923185649076	,	,	,	,无售后或售后取消,,2025-11-04 19:31:15,	,,,,,,,否,否,	,否,	,,599.0	,0.0	,0.0	,0.0	,5.0	,0.0	,0.0	,0.0	,599.0	,599.0	,	,	,广东省,茂名市,高州市,,,否,否,	,	,	,否,	,	,	,	,	,	,	,	,	,	,	,	,否,否,	,否,否,,	,否,	,否,,,否
【重磅新品】云米净水器600G小海豚升级版厨下式RO反渗透直饮家用,251104-094308933143899,待发货,1	,正常,2025-11-04 19:28:44,2025-11-05 19:28:44,,	,	,225501370546	,【24年新品】600G升级版6年长效,1600502140541	,厨房电器,净水器/净水设备及配件耗材,净水器,	,6923185653684	,6923185616399	,	,	,无售后或售后取消,,2025-11-04 19:28:44,	,,,,,,,否,否,	,否,	,,559.0	,0.0	,0.0	,55.9	,0.04	,0.0	,0.0	,0.0	,503.1	,559.0	,	,	,湖南省,长沙市,岳麓区,,,否,否,	,	,	,否,	,	,	,	,	,	,	,	,	,	,	,	,否,否,	,否,否,,	,否,	,否,,,否
云米全自动智能门锁人脸猫眼密码指纹安全防撬大屏锁已接入米家AP,251104-449472130602128,待付款,1	,正常,	,	,,	,	,804409121514	,LBT16A【人脸猫眼】智能门锁,1778430742491	,基础建材,智能门锁/电子锁,智能门锁/电子锁,	,6923185652724	,	,	,	,无售后或售后取消,,	,	,,,,,,,否,否,	,否,	,,849.0	,0.0	,0.0	,100.0	,0.0	,0.0	,0.0	,0.0	,749.0	,849.0	,	,	,****,****,****,****,,否,否,	,	,	,否,	,	,	,	,	,	,	,	,	,	,	,	,否,否,	,否,	,,	,否,	,否,,,否
【重磅新品】云米净水器600G小海豚升级版厨下式RO反渗透直饮家用,251104-603822549343150,待发货,1	,正常,2025-11-04 19:25:40,2025-12-05 19:25:40,,	,	,225501370546	,【24年新品】600G升级版6年长效,1600502140541	,厨房电器,净水器/净水设备及配件耗材,净水器,	,6923185653684	,6923185616399	,	,	,无售后或售后取消,,2025-11-04 19:25:40,	,,,,,,,否,否,	,否,	,,559.0	,0.0	,0.0	,55.9	,0.0	,0.0	,0.0	,0.0	,503.1	,559.0	,	,	,安徽省,安庆市,迎江区,,,否,否,	,	,	,否,	,	,	,	,	,	,	,	,	,	,	,	,否,否,	,否,否,,	,否,	,否,,,否
【重磅新品】云米净水器600G小海豚升级版厨下式RO反渗透直饮家用,251104-031509737072367,待发货,1	,正常,2025-11-04 19:21:21,2025-11-05 19:21:21,,	,	,225501370546	,【24年新品】600G升级版6年长效,1600502140541	,厨房电器,净水器/净水设备及配件耗材,净水器,	,6923185653684	,6923185616399	,	,	,无售后或售后取消,,2025-11-04 19:21:21,	,,,,,,,否,否,	,否,	,,559.0	,0.0	,0.0	,0.0	,0.0	,0.0	,0.0	,0.0	,559.0	,559.0	,	,	,山西省,太原市,尖草坪区,,,否,否,	,	,	,否,	,	,	,	,	,	,	,	,	,	,	,	,否,是,	,否,否,,	,否,	,否,,,否
云米智能电器多功能电烤箱家用烘焙小型蛋糕烤鸡翅披萨全自动16L,251104-634566755893852,已取消,1	,正常,	,	,,	,	,231833573024	,黑色16L,1390597610941	,大家电,全屋互联网智能电器,全屋互联网智能电器,	,6923185603221	,6923185603221	,	,	,无售后或售后取消,,	,	,,,,,,,否,否,	,否,	,,174.0	,0.0	,9.0	,0.0	,0.0	,0.0	,0.0	,0.0	,165.0	,165.0	,	,	,****,****,****,****,,否,否,	,	,	,否,	,	,	,	,	,	,	,	,	,	,	,	,否,否,	,否,	,,	,否,	,否,,,否
云米智能门锁锂电池5000mAh-AMS21D,251104-366791923303935,待发货,1	,正常,2025-11-04 19:10:22,2025-11-05 19:10:22,,	,	,705715580268	,锂电池5000mAh（适配型号请咨询客服）,1696330908984	,五金工具,机电五金,电池/电力配件,	,6923185652953	,6923185652953	,	,	,无售后或售后取消,,2025-11-04 19:10:22,	,,,,,,,否,否,	,否,	,,114.0	,0.0	,0.0	,0.0	,0.0	,0.0	,0.0	,0.0	,114.0	,114.0	,	,	,福建省,三明市,三元区,,,否,否,	,	,	,否,	,	,	,	,	,	,	,	,	,	,	,	,否,是,	,否,否,,	,否,	,否,,,否
【母婴直饮】云米净水器 SE 600G+ 新升级厨下式RO反渗透直饮家用,251104-633277069663950,待发货,1	,正常,2025-11-04 19:04:06,2025-11-05 19:04:07,,	,	,819506595979	,【24年新品】600G升级版6年长效,1787046011387	,厨房电器,净水器/净水设备及配件耗材,净水器,	,6923185653684	,6923185616399	,	,	,无售后或售后取消,,2025-11-04 19:04:07,	,,,,,,,否,否,	,否,	,,748.0	,0.0	,134.64	,74.8	,0.0	,0.0	,0.0	,0.0	,538.56	,613.36	,	,	,河北省,唐山市,路南区,,,否,否,	,	,	,否,	,	,	,	,	,	,	,	,	,	,	,	,否,否,	,否,是,3	,商家,否,	,否,,信用卡分期,否
云米顶侧大吸力蓝调油烟机家用厨房节能自清洁一级能效可挥手智控,251104-490104502673119,未发货，退款成功,1	,正常,2025-11-04 19:00:36,2025-11-05 19:00:36,,	,	,657344402006	,云米智清洁挥手智控单烟机,1723825075586	,大家电,厨房大电,油烟机,	,6923185650973	,6923185650973	,聚水潭已取消发货 已退款   叶11.4,	,退款成功,,2025-11-04 19:00:36,	,,,,,,,否,否,	,否,	,,839.0	,0.0	,42.0	,39.85	,0.0	,0.0	,0.0	,0.0	,757.15	,797.0	,	,	,广西壮族自治区,南宁市,横州市,,,否,否,	,	,	,否,	,	,	,	,	,	,	,	,	,	,	,	,否,否,	,否,否,,	,否,	,否,,,否
【母婴直饮】云米净水器 SE 600G+ 新升级厨下式RO反渗透直饮家用,251104-668928581203950,已取消,1	,正常,	,	,,	,	,819506595979	,【24年新品】600G升级版6年长效,1787046011387	,厨房电器,净水器/净水设备及配件耗材,净水器,	,6923185653684	,6923185616399	,	,	,无售后或售后取消,,	,	,,,,,,,否,否,	,否,	,,748.0	,0.0	,145.6	,20.0	,0.0	,0.0	,0.0	,0.0	,582.4	,602.4	,	,	,****,****,****,****,,否,否,	,	,	,否,	,	,	,	,	,	,	,	,	,	,	,	,否,否,	,否,	,,	,否,	,否,,,否
云米AI燃气热水器智控恒温防冻节能安全水质净化精准控温13L强排,251104-678344824441795,未发货，退款成功,1	,正常,2025-11-04 18:58:54,2025-11-05 18:58:54,,	,	,773161065181	,智控恒温燃气热水器,1755671371526	,大家电,热水器,燃气热水器,	,6923185655688	,6923185655688	,聚水潭已取消发货 已退款   叶11.4,	,退款成功,,2025-11-04 18:58:54,	,,,,,,,否,否,	,否,	,,539.0	,0.0	,0.0	,53.9	,0.0	,0.0	,0.0	,0.0	,485.1	,539.0	,	,	,广东省,深圳市,南山区,,,否,否,	,	,	,否,	,	,	,	,	,	,	,	,	,	,	,	,否,是,	,否,否,,	,否,	,否,,,否
【母婴直饮】云米净水器 SE 600G+ 新升级厨下式RO反渗透直饮家用,251104-400598013523950,待付款,1	,正常,	,	,,	,	,819506595979	,【24年新品】600G升级版6年长效,1787046011387	,厨房电器,净水器/净水设备及配件耗材,净水器,	,6923185653684	,6923185616399	,	,	,无售后或售后取消,,	,	,,,,,,,否,否,	,否,	,,748.0	,0.0	,134.64	,74.8	,0.0	,0.0	,0.0	,0.0	,538.56	,613.36	,	,	,****,****,****,****,,否,否,	,	,	,否,	,	,	,	,	,	,	,	,	,	,	,	,否,否,	,否,	,,	,否,	,否,,,否
【重磅新品】云米净水器600G小海豚升级版厨下式RO反渗透直饮家用,251104-284604557683222,待发货,1	,正常,2025-11-04 18:59:39,2025-11-05 18:59:39,,	,	,225501370546	,【24年新品】600G升级版6年长效,1600502140541	,厨房电器,净水器/净水设备及配件耗材,净水器,	,6923185653684	,6923185616399	,	,	,无售后或售后取消,,2025-11-04 18:59:39,	,,,,,,,否,否,	,否,	,,559.0	,0.0	,0.0	,55.9	,0.0	,0.0	,0.0	,0.0	,503.1	,559.0	,	,	,广东省,湛江市,雷州市,,,否,否,	,	,	,否,	,	,	,	,	,	,	,	,	,	,	,	,否,否,	,否,否,,	,否,	,否,,,否
云米净水器滤芯小蓝调小海豚600G+专用复合滤芯RO反渗透滤芯过滤,251104-680955758143031,待发货,2	,正常,2025-11-04 18:48:04,2025-11-05 18:48:04,,	,	,296967601341	,5in1复合滤芯 2年长效,1600193054565	,厨房电器,净水器/净水设备及配件耗材,净水器,	,6923185627425	,	,到手99/根,	,无售后或售后取消,,2025-11-04 18:48:04,	,,,,,,,否,否,	,否,	,,598.0	,0.0	,5.98	,43.0	,0.0	,0.0	,0.0	,0.0	,549.02	,592.02	,	,	,天津市,天津市,西青区,,,否,否,	,	,	,否,	,	,	,	,	,	,	,	,	,	,	,	,是,是,	,否,否,,	,否,	,否,,,否
【重磅新品】云米净水器600G小海豚升级版厨下式RO反渗透直饮家用,251104-243227717183031,待发货,1	,正常,2025-11-04 18:45:20,2025-11-05 18:45:20,,	,	,225501370546	,【24年新品】600G升级版6年长效,1600502140541	,厨房电器,净水器/净水设备及配件耗材,净水器,	,6923185653684	,6923185616399	,主播：晓楠 场控：文蓝	权益：直播间抽奖10元红包,	,无售后或售后取消,,2025-11-04 18:45:20,	,,,,,,,否,否,	,否,	,,559.0	,0.0	,0.0	,0.0	,0.0	,0.0	,0.0	,0.0	,559.0	,559.0	,	,	,天津市,天津市,西青区,,,否,否,	,	,	,否,	,	,	,	,	,	,	,	,	,	,	,	,是,是,	,否,否,,	,否,	,否,,,否
【重磅新品】云米净水器600G小海豚升级版厨下式RO反渗透直饮家用,251104-611802233161307,待发货,1	,正常,2025-11-04 18:42:01,2025-11-05 18:42:02,,	,	,225501370546	,【24年新品】600G升级版6年长效,1600502140541	,厨房电器,净水器/净水设备及配件耗材,净水器,	,6923185653684	,6923185616399	,	,	,无售后或售后取消,,2025-11-04 18:42:02,	,,,,,,,否,否,	,否,	,,559.0	,0.0	,0.0	,0.0	,0.0	,0.0	,0.0	,0.0	,559.0	,559.0	,	,	,北京市,北京市,通州区,,,否,否,	,	,	,否,	,	,	,	,	,	,	,	,	,	,	,	,否,否,	,否,否,,	,否,	,否,,,否
【重磅新品】云米净水器600G小海豚升级版厨下式RO反渗透直饮家用,251104-480698745161535,待发货,1	,正常,2025-11-04 18:28:39,2025-11-05 18:28:39,,	,	,225501370546	,【24年新品】600G升级版6年长效,1600502140541	,厨房电器,净水器/净水设备及配件耗材,净水器,	,6923185653684	,6923185616399	,	,	,无售后或售后取消,,2025-11-04 18:28:39,	,,,,,,,否,否,	,否,	,,559.0	,0.0	,0.0	,0.0	,0.0	,0.0	,0.0	,0.0	,559.0	,559.0	,	,	,江苏省,苏州市,昆山市,,,否,否,	,	,	,否,	,	,	,	,	,	,	,	,	,	,	,	,否,否,	,否,否,,	,否,	,否,,,否
云米即热净水器厨房家用直饮RO反渗透加热净饮一体机1000G,251104-136713346623174,待发货,1	,正常,2025-11-04 18:28:02,2025-11-05 18:28:02,,	,	,846360072018	,即热直饮 1000G大通量,1807240839093	,厨房电器,净水器/净水设备及配件耗材,净水器,	,6923185651116	,6923185651116	,	,	,无售后或售后取消,,2025-11-04 18:28:02,	,,,,,,,否,否,	,否,	,,1618.0	,0.0	,324.0	,100.0	,0.0	,0.0	,0.0	,0.0	,1194.0	,1294.0	,	,	,四川省,德阳市,绵竹市,,,否,否,	,	,	,否,	,	,	,	,	,	,	,	,	,	,	,	,否,否,	,否,是,3	,商家,否,	,否,,信用卡分期,否
VIOMI云米净水器1000G厨下直饮小体积净水机RO机智显龙头3秒满杯,251104-053791987321706,已取消,1	,正常,	,	,,	,	,842195971715	,1000G大通量RO净水器,1803617356458	,厨房电器,净水器/净水设备及配件耗材,净水器,	,6923185654247	,	,	,	,无售后或售后取消,,	,	,,,,,,,否,否,	,否,	,,866.99	,0.0	,0.0	,86.69	,0.0	,0.0	,0.0	,0.0	,780.3	,866.99	,	,	,****,****,****,****,,否,否,	,	,	,否,	,	,	,	,	,	,	,	,	,	,	,	,否,否,	,否,	,,	,否,	,否,,,否
云米即热净水器厨房家用直饮RO反渗透加热净饮一体机1000G,251104-199911042623174,未发货，退款成功,1	,正常,2025-11-04 18:21:05,2025-11-05 18:21:06,,	,	,846360072018	,即热直饮 1000G大通量,1807240839093	,厨房电器,净水器/净水设备及配件耗材,净水器,	,6923185651116	,6923185651116	,聚水潭已取消发货 已退款   叶11.4,	,退款成功,,2025-11-04 18:21:06,	,,,,,,,否,否,	,否,	,,1618.0	,0.0	,324.0	,100.0	,0.0	,0.0	,0.0	,0.0	,1194.0	,1294.0	,	,	,四川省,德阳市,绵竹市,,,否,否,	,	,	,否,	,	,	,	,	,	,	,	,	,	,	,	,否,否,	,否,否,,	,否,	,否,,,否
【重磅新品】云米净水器600G小海豚升级版厨下式RO反渗透直饮家用,251104-057556354653769,已取消,1	,正常,	,	,,	,	,225501370546	,【24年新品】600G升级版6年长效,1600502140541	,厨房电器,净水器/净水设备及配件耗材,净水器,	,6923185653684	,6923185616399	,	,	,无售后或售后取消,,	,	,,,,,,,否,否,	,否,	,,559.0	,0.0	,0.0	,0.0	,0.0	,0.0	,0.0	,0.0	,559.0	,559.0	,	,	,****,****,****,****,,否,否,	,	,	,否,	,	,	,	,	,	,	,	,	,	,	,	,否,否,	,否,	,,	,否,	,否,,,否
【重磅新品】云米净水器600G小海豚升级版厨下式RO反渗透直饮家用,251104-544001257090688,待发货,1	,正常,2025-11-04 17:45:58,2025-11-05 17:45:58,,	,	,225501370546	,【24年新品】600G升级版6年长效,1600502140541	,厨房电器,净水器/净水设备及配件耗材,净水器,	,6923185653684	,6923185616399	,	,	,无售后或售后取消,,2025-11-04 17:45:58,	,,,,,,,否,否,	,否,	,,559.0	,0.0	,0.0	,0.0	,0.0	,0.0	,0.0	,0.0	,559.0	,559.0	,	,	,吉林省,长春市,高新技术开发区,,,否,否,	,	,	,否,	,	,	,	,	,	,	,	,	,	,	,	,否,否,	,否,否,,	,否,	,否,,,否
云米净水器Super2Y1200G家用直饮厨下式RO反渗透鲜活泉无陈水,251104-085752625590337,待付款,1	,正常,	,	,,	,	,309520593154	,【重磅新品鲜活泉】Super2Y 1200G,1639354395067	,厨房电器,净水器/净水设备及配件耗材,净水器,	,6923185653981	,6923185651291	,	,	,无售后或售后取消,,	,	,,,,,,,否,否,	,否,	,,2499.0	,0.0	,0.0	,0.0	,0.0	,0.0	,0.0	,0.0	,2499.0	,2499.0	,	,	,****,****,****,****,,否,否,	,	,	,否,	,	,	,	,	,	,	,	,	,	,	,	,是,否,	,否,	,,	,否,	,否,,,否
【重磅新品】云米净水器600G小海豚升级版厨下式RO反渗透直饮家用,251104-345233242530755,待发货,1	,正常,2025-11-04 17:41:55,2025-11-05 17:41:55,,	,	,225501370546	,【24年新品】600G升级版6年长效,1600502140541	,厨房电器,净水器/净水设备及配件耗材,净水器,	,6923185653684	,6923185616399	,	,	,无售后或售后取消,,2025-11-04 17:41:55,	,,,,,,,否,否,	,否,	,,559.0	,0.0	,0.0	,0.0	,15.0	,0.0	,0.0	,0.0	,559.0	,559.0	,	,	,广东省,佛山市,三水区,,,否,否,	,	,	,否,	,	,	,	,	,	,	,	,	,	,	,	,否,否,	,否,否,,	,否,	,否,,,否
云米3000W速热电热水器家用浴室免换镁棒一级能效抑菌内胆免清洗,251104-635227358801997,待发货,1	,正常,2025-11-04 17:40:49,2025-11-05 17:40:50,,	,	,369876178838	,速热3000W免换镁棒电热水器60L,1799960621871	,大家电,热水器,电热水器,	,6923185611899	,6923185611882	,	,	,无售后或售后取消,,2025-11-04 17:40:50,	,,,,,,,否,否,	,否,	,,750.0	,0.0	,0.0	,75.0	,0.0	,0.0	,0.0	,0.0	,675.0	,750.0	,	,	,广东省,梅州市,大埔县,,,否,否,	,	,	,否,	,	,	,	,	,	,	,	,	,	,	,	,否,否,	,否,否,,	,否,	,否,,,否
【重磅新品】云米净水器600G小海豚升级版厨下式RO反渗透直饮家用,251104-404813310370755,已取消,1	,正常,	,	,,	,	,225501370546	,【24年新品】600G升级版6年长效,1600502140541	,厨房电器,净水器/净水设备及配件耗材,净水器,	,6923185653684	,6923185616399	,	,	,无售后或售后取消,,	,	,,,,,,,否,否,	,否,	,,559.0	,0.0	,0.0	,0.0	,0.0	,0.0	,0.0	,0.0	,559.0	,559.0	,	,	,****,****,****,****,,否,否,	,	,	,否,	,	,	,	,	,	,	,	,	,	,	,	,否,否,	,否,	,,	,否,	,否,,,否
云米3000W速热电热水器家用浴室免换镁棒一级能效抑菌内胆免清洗,251104-531271544401997,未发货，退款成功,1	,正常,2025-11-04 17:36:36,2025-11-05 17:36:36,,	,	,369876178838	,速热3000W免换镁棒电热水器60L,1799960621871	,大家电,热水器,电热水器,	,6923185611899	,6923185611882	,聚水潭已取消发货 已退款   叶11.4,	,退款成功,,2025-11-04 17:36:36,	,,,,,,,否,否,	,否,	,,750.0	,0.0	,0.0	,75.0	,0.0	,0.0	,0.0	,0.0	,675.0	,750.0	,	,	,广东省,梅州市,大埔县,,,否,否,	,	,	,否,	,	,	,	,	,	,	,	,	,	,	,	,否,否,	,否,否,,	,否,	,否,,,否
【重磅新品】云米净水器600G小海豚升级版厨下式RO反渗透直饮家用,251104-194542354772354,已取消,1	,正常,	,	,,	,	,225501370546	,【24年新品】600G升级版6年长效,1600502140541	,厨房电器,净水器/净水设备及配件耗材,净水器,	,6923185653684	,6923185616399	,	,	,无售后或售后取消,,	,	,,,,,,,否,否,	,否,	,,559.0	,0.0	,0.0	,55.9	,0.0	,0.0	,0.0	,0.0	,503.1	,559.0	,	,	,****,****,****,****,,否,否,	,	,	,否,	,	,	,	,	,	,	,	,	,	,	,	,否,否,	,否,	,,	,否,	,否,,,否
【重磅新品】云米净水器600G小海豚升级版厨下式RO反渗透直饮家用,251104-632941515170755,已取消,1	,正常,	,	,,	,	,225501370546	,【24年新品】600G升级版6年长效,1600502140541	,厨房电器,净水器/净水设备及配件耗材,净水器,	,6923185653684	,6923185616399	,	,	,无售后或售后取消,,	,	,,,,,,,否,否,	,否,	,,559.0	,0.0	,0.0	,0.0	,0.0	,0.0	,0.0	,0.0	,559.0	,559.0	,	,	,****,****,****,****,,否,否,	,	,	,否,	,	,	,	,	,	,	,	,	,	,	,	,否,否,	,否,	,,	,否,	,否,,,否
【重磅新品】云米净水器600G小海豚升级版厨下式RO反渗透直饮家用,251104-246562220412218,已取消,1	,正常,	,	,,	,	,225501370546	,【24年新品】600G升级版6年长效,1600502140541	,厨房电器,净水器/净水设备及配件耗材,净水器,	,6923185653684	,6923185616399	,	,	,无售后或售后取消,,	,	,,,,,,,否,否,	,否,	,,559.0	,0.0	,0.0	,0.0	,0.0	,0.0	,0.0	,0.0	,559.0	,559.0	,	,	,****,****,****,****,,否,否,	,	,	,否,	,	,	,	,	,	,	,	,	,	,	,	,否,否,	,否,	,,	,否,	,否,,,否
【购买前须联系客服确认】补收差价专用商品,251104-329137590663589,已收货,28700	,正常,2025-11-04 17:20:01,2025-11-05 17:20:01,,2025-11-04 17:20:11,2025-11-04 17:20:11,322805615497	,	,1061861892357	,虚拟商品,个性定制/设计服务/DIY,个人定制原材料,	,	,	,二线 [viomi英英sk 11/04 17:25],	,无售后或售后取消,,2025-11-04 17:20:01,	,,,,,,,否,否,	,否,	,,287.0	,0.0	,0.0	,0.0	,0.0	,0.0	,0.0	,0.0	,287.0	,287.0	,	,	,	,	,	,,,否,否,	,	,	,否,	,	,	,	,	,	,	,	,	,	,	,	,否,否,	,否,否,,	,否,	,否,,,否
云米电热水器家用洗澡租房储水式速热抑菌节能省电卫生间40/60升,251104-122117241202161,已发货，待收货,1	,正常,2025-11-04 17:14:22,2025-11-05 17:14:22,,2025-11-04 19:18:56,	,227645754240	,"速热抑菌洗-40L,全国联保送货上门安装8年质保",1645458252843	,大家电,热水器,电热水器,	,6923185681281	,	,	,	,无售后或售后取消,,2025-11-04 17:14:22,	,,,,,,,否,否,	,否,	,,379.0	,0.0	,0.0	,50.0	,0.0	,0.0	,0.0	,0.0	,329.0	,379.0	,JDLD12888464027,京东大件物流,北京市,北京市,通州区,,,否,否,	,	,	,否,	,	,	,	,	,	,	,	,	,	,	,	,否,否,	,否,否,,	,否,	,否,,,否
【母婴直饮】云米净水器 SE 600G+ 新升级厨下式RO反渗透直饮家用,251104-478916154943156,已取消,1	,正常,	,	,,	,	,819506595979	,【24年新品】600G升级版6年长效,1787046011387	,厨房电器,净水器/净水设备及配件耗材,净水器,	,6923185653684	,6923185616399	,	,	,无售后或售后取消,,	,	,,,,,,,否,否,	,否,	,,748.0	,0.0	,149.6	,0.0	,0.0	,0.0	,0.0	,0.0	,598.4	,598.4	,	,	,****,****,****,****,,否,否,	,	,	,否,	,	,	,	,	,	,	,	,	,	,	,	,否,否,	,否,	,,	,否,	,否,,,否
【购买前须联系客服确认】补收差价专用商品,251104-028269689242318,已收货,30000	,正常,2025-11-04 17:01:22,2025-11-05 17:01:22,,2025-11-04 17:01:32,2025-11-04 17:01:32,322805615497	,	,1061861892357	,虚拟商品,个性定制/设计服务/DIY,个人定制原材料,	,	,	,	,	,无售后或售后取消,,2025-11-04 17:01:22,	,,,,,,,否,否,	,否,	,,300.0	,0.0	,0.0	,0.0	,0.0	,0.0	,0.0	,0.0	,300.0	,300.0	,	,	,	,	,	,,,否,否,	,	,	,否,	,	,	,	,	,	,	,	,	,	,	,	,否,否,	,否,否,,	,否,	,否,,,否
VIOMI云米净水器1000G厨下直饮小体积净水机RO机智显龙头3秒满杯,251104-214853282160575,待发货,1	,正常,2025-11-04 16:59:24,2025-11-05 16:59:25,,	,	,842195971715	,1000G大通量RO净水器,1803617356458	,厨房电器,净水器/净水设备及配件耗材,净水器,	,6923185654247	,	,	,	,无售后或售后取消,,2025-11-04 16:59:25,	,,,,,,,否,否,	,否,	,,866.99	,0.0	,0.0	,100.0	,15.0	,0.0	,0.0	,0.0	,766.99	,866.99	,	,	,北京市,北京市,顺义区,,,否,否,	,	,	,否,	,	,	,	,	,	,	,	,	,	,	,	,否,否,	,否,否,,	,否,	,否,,,否
云米净水器滤芯小蓝调小海豚600G+专用复合滤芯RO反渗透滤芯过滤,251104-055899646271461,已发货，待收货,2	,正常,2025-11-04 16:57:54,2025-11-05 16:57:54,,2025-11-04 20:41:44,	,296967601341	,5in1复合滤芯 2年长效,1600193054565	,厨房电器,净水器/净水设备及配件耗材,净水器,	,6923185627425	,	,补差后返 到手价99,	,无售后或售后取消,,2025-11-04 16:57:54,	,,,,,,,否,否,	,否,	,,598.0	,0.0	,5.98	,0.0	,0.0	,0.0	,0.0	,0.0	,592.02	,592.02	,JDV023856243091,京东大件物流,山西省,太原市,小店区,,,否,否,	,	,	,否,	,	,	,	,	,	,	,	,	,	,	,	,否,否,	,否,否,,	,否,	,否,,,否
【重磅新品】云米净水器600G小海豚升级版厨下式RO反渗透直饮家用,251104-306456881492026,已取消,1	,正常,	,	,,	,	,225501370546	,【24年新品】600G升级版6年长效,1600502140541	,厨房电器,净水器/净水设备及配件耗材,净水器,	,6923185653684	,6923185616399	,	,	,无售后或售后取消,,	,	,,,,,,,否,否,	,否,	,,559.0	,0.0	,0.0	,0.0	,0.0	,0.0	,0.0	,0.0	,559.0	,559.0	,	,	,****,****,****,****,,否,否,	,	,	,否,	,	,	,	,	,	,	,	,	,	,	,	,否,否,	,否,	,,	,否,	,否,,,否
【重磅新品】云米净水器600G小海豚升级版厨下式RO反渗透直饮家用,251104-350947950911461,待发货,1	,正常,2025-11-04 16:56:12,2025-11-05 16:56:12,,	,	,225501370546	,【24年新品】600G升级版6年长效,1600502140541	,厨房电器,净水器/净水设备及配件耗材,净水器,	,6923185653684	,6923185616399	,	,	,无售后或售后取消,,2025-11-04 16:56:12,	,,,,,,,否,否,	,否,	,,559.0	,0.0	,0.0	,55.9	,0.0	,0.0	,0.0	,0.0	,503.1	,559.0	,	,	,山西省,太原市,小店区,,,否,否,	,	,	,否,	,	,	,	,	,	,	,	,	,	,	,	,否,否,	,否,否,,	,否,	,否,,,否
【重磅新品】云米净水器600G小海豚升级版厨下式RO反渗透直饮家用,251104-476976279070328,已取消,1	,正常,	,	,,	,	,225501370546	,【24年新品】600G升级版6年长效,1600502140541	,厨房电器,净水器/净水设备及配件耗材,净水器,	,6923185653684	,6923185616399	,	,	,无售后或售后取消,,	,	,,,,,,,否,否,	,否,	,,559.0	,0.0	,0.0	,0.0	,0.0	,0.0	,0.0	,0.0	,559.0	,559.0	,	,	,****,****,****,****,,否,否,	,	,	,否,	,	,	,	,	,	,	,	,	,	,	,	,否,否,	,否,	,,	,否,	,否,,,否
云米净水器滤芯家用小海豚小蓝调小白龙系列专用RO反渗透,251104-059821310311650,已发货，待收货,1	,正常,2025-11-04 16:47:45,2025-11-06 16:47:46,,2025-11-04 20:41:44,	,232467205433	,5in1 复合滤芯,1647394585330	,厨房电器,净水器/净水设备及配件耗材,净水器,	,6923185627425	,	,99换购一颗复合滤芯 [viomi华华 11/04 16:56],	,无售后或售后取消,,2025-11-04 16:47:46,	,,,,,,,否,否,	,否,	,,149.0	,0.0	,0.0	,0.0	,0.0	,0.0	,0.0	,0.0	,149.0	,149.0	,JDV023856318736,京东大件物流,天津市,天津市,红桥区,,,否,否,	,	,	,否,	,	,	,	,	,	,	,	,	,	,	,	,否,否,	,否,否,,	,否,	,否,,,否
【母婴直饮】云米净水器 SE 600G+ 新升级厨下式RO反渗透直饮家用,251104-172731984311007,待发货,1	,正常,2025-11-04 16:46:25,2025-11-05 16:46:25,,	,	,819506595979	,【24年新品】600G升级版6年长效,1787046011387	,厨房电器,净水器/净水设备及配件耗材,净水器,	,6923185653684	,6923185616399	,	,	,无售后或售后取消,,2025-11-04 16:46:25,	,,,,,,,否,否,	,否,	,,748.0	,0.0	,129.6	,100.0	,0.0	,0.0	,0.0	,0.0	,518.4	,618.4	,	,	,山东省,临沂市,河东区,,,否,否,	,	,	,否,	,	,	,	,	,	,	,	,	,	,	,	,否,否,	,否,否,,	,否,	,否,,,否
云米即热净水器厨房家用直饮RO反渗透加热净饮一体机1000G,251104-330993549680138,待发货,1	,正常,2025-11-04 16:35:29,2026-01-04 16:35:29,,	,	,846360072018	,即热直饮 1000G大通量,1807240839093	,厨房电器,净水器/净水设备及配件耗材,净水器,	,6923185651116	,6923185651116	,	,	,无售后或售后取消,,2025-11-04 16:35:29,	,,,,,,,否,否,	,否,	,,1618.0	,0.0	,324.0	,80.0	,0.0	,0.0	,0.0	,0.0	,1214.0	,1294.0	,	,	,江苏省,宿迁市,沭阳县,,,否,否,	,	,	,否,	,	,	,	,	,	,	,	,	,	,	,	,否,否,	,否,否,,	,否,	,否,,,否
【重磅新品】云米净水器600G小海豚升级版厨下式RO反渗透直饮家用,251104-073714931312054,待发货,1	,正常,2025-11-04 16:33:55,2025-11-05 16:33:55,,	,	,225501370546	,【24年新品】600G升级版6年长效,1600502140541	,厨房电器,净水器/净水设备及配件耗材,净水器,	,6923185653684	,6923185616399	,	,	,无售后或售后取消,,2025-11-04 16:33:55,	,,,,,,,否,否,	,否,	,,559.0	,0.0	,0.0	,0.0	,15.0	,0.0	,0.0	,0.0	,559.0	,559.0	,	,	,河南省,南阳市,卧龙区,,,否,否,	,	,	,否,	,	,	,	,	,	,	,	,	,	,	,	,否,否,	,否,否,,	,否,	,否,,,否
VIOMI云米净水器1000G厨下直饮小体积净水机RO机智显龙头3秒满杯,251104-190190732890859,待发货,1	,正常,2025-11-04 16:26:32,2025-11-05 16:26:32,,	,	,842195971715	,1000G大通量RO净水器,1803617356458	,厨房电器,净水器/净水设备及配件耗材,净水器,	,6923185654247	,	,	,	,无售后或售后取消,,2025-11-04 16:26:32,	,,,,,,,否,否,	,否,	,,866.99	,0.0	,0.0	,86.69	,0.0	,0.0	,0.0	,0.0	,780.3	,866.99	,	,	,北京市,北京市,昌平区,,,否,否,	,	,	,否,	,	,	,	,	,	,	,	,	,	,	,	,否,否,	,否,否,,	,否,	,否,,,否
VIOMI云米净水器1000G厨下直饮小体积净水机RO机智显龙头3秒满杯,251104-316879685210859,未发货，退款成功,1	,正常,2025-11-04 16:24:03,2025-11-05 16:24:03,,	,	,842195971715	,1000G大通量RO净水器,1803617356458	,厨房电器,净水器/净水设备及配件耗材,净水器,	,6923185654247	,	,聚水潭已取消发货 已退款   叶11.4,	,退款成功,,2025-11-04 16:24:03,	,,,,,,,否,否,	,否,	,,866.99	,0.0	,0.0	,0.0	,0.0	,0.0	,0.0	,0.0	,866.99	,866.99	,	,	,北京市,北京市,昌平区,,,否,否,	,	,	,否,	,	,	,	,	,	,	,	,	,	,	,	,否,否,	,否,否,,	,否,	,否,,,否
【重磅新品】云米净水器600G小海豚升级版厨下式RO反渗透直饮家用,251104-111620995402773,待发货,1	,正常,2025-11-04 16:21:53,2025-11-05 16:21:53,,	,	,225501370546	,【24年新品】600G升级版6年长效,1600502140541	,厨房电器,净水器/净水设备及配件耗材,净水器,	,6923185653684	,6923185616399	,主播：晓楠 场控：文蓝	权益：直播间抽奖10元红包,	,无售后或售后取消,,2025-11-04 16:21:53,	,,,,,,,否,否,	,否,	,,559.0	,0.0	,0.0	,0.0	,0.0	,0.0	,0.0	,0.0	,559.0	,559.0	,	,	,广东省,汕头市,潮阳区,,,否,否,	,	,	,否,	,	,	,	,	,	,	,	,	,	,	,	,是,是,	,否,是,3	,商家,否,	,否,,信用卡分期,否
云米电热水器家用洗澡租房储水式速热抑菌节能省电卫生间40/60升,251104-674140014171720,待发货,1	,正常,2025-11-04 16:15:19,2025-11-05 16:15:19,,	,	,227645754240	,"速热抑菌洗-40L,全国联保送货上门安装8年质保",1645458252843	,大家电,热水器,电热水器,	,6923185681281	,	,	,	,无售后或售后取消,,2025-11-04 16:15:19,	,,,,,,,否,否,	,否,	,,379.0	,0.0	,0.0	,22.74	,0.0	,0.0	,0.0	,0.0	,356.26	,379.0	,	,	,河北省,邢台市,巨鹿县,,,否,否,	,	,	,否,	,	,	,	,	,	,	,	,	,	,	,	,否,否,	,否,否,,	,否,	,否,,,否
【重磅新品】云米净水器600G小海豚升级版厨下式RO反渗透直饮家用,251104-256450260604067,已取消,1	,正常,	,	,,	,	,225501370546	,【24年新品】600G升级版6年长效,1600502140541	,厨房电器,净水器/净水设备及配件耗材,净水器,	,6923185653684	,6923185616399	,	,	,无售后或售后取消,,	,	,,,,,,,否,否,	,否,	,,559.0	,0.0	,0.0	,0.0	,0.0	,0.0	,0.0	,0.0	,559.0	,559.0	,	,	,****,****,****,****,,否,否,	,	,	,否,	,	,	,	,	,	,	,	,	,	,	,	,否,否,	,否,	,,	,否,	,否,,,否
【重磅新品】云米净水器600G小海豚升级版厨下式RO反渗透直饮家用,251104-023184043644067,已取消,1	,正常,	,	,,	,	,225501370546	,【24年新品】600G升级版6年长效,1600502140541	,厨房电器,净水器/净水设备及配件耗材,净水器,	,6923185653684	,6923185616399	,	,	,无售后或售后取消,,	,	,,,,,,,否,否,	,否,	,,559.0	,0.0	,0.0	,0.0	,0.0	,0.0	,0.0	,0.0	,559.0	,559.0	,	,	,****,****,****,****,,否,否,	,	,	,否,	,	,	,	,	,	,	,	,	,	,	,	,否,否,	,否,	,,	,否,	,否,,,否
云米顶侧双吸大吸力低噪油烟机猛火液化气聚能灶智能套装家用厨房,251104-324366559571345,已取消,1	,正常,	,	,,	,	,674950510509	,【烟灶套装】顶侧双吸烟机+5.0KW灶（天）,1744061180430	,大家电,厨房大电,烟灶消套装,	,S2405071349001,S2501061036001,	,	,无售后或售后取消,,	,	,,,,,,,否,否,	,否,	,,1079.0	,0.0	,0.0	,0.0	,0.0	,0.0	,0.0	,0.0	,1079.0	,1079.0	,	,	,****,****,****,****,,否,否,	,	,	,否,	,	,	,	,	,	,	,	,	,	,	,	,否,否,	,否,	,,	,否,	,否,,,否
VIOMI云米净水器1000G厨下直饮小体积净水机RO机智显龙头3秒满杯,251104-597352793633058,已发货，待收货,1	,正常,2025-11-04 15:54:38,2025-11-05 15:54:38,,2025-11-04 20:41:46,	,842195971715	,1000G大通量RO净水器,1803617356458	,厨房电器,净水器/净水设备及配件耗材,净水器,	,6923185654247	,	,	,	,无售后或售后取消,,2025-11-04 15:54:38,	,,,,,,,否,否,	,否,	,,866.99	,0.0	,0.0	,0.0	,0.0	,0.0	,0.0	,0.0	,866.99	,866.99	,JDV023854819182,京东大件物流,天津市,天津市,东丽区,,,否,否,	,	,	,否,	,	,	,	,	,	,	,	,	,	,	,	,否,否,	,否,否,,	,否,	,否,,,否
云米小厨宝6L电热水器厨房卫生间出水恒温储水式小型速热神器加热,251104-167856064033058,已发货，待收货,1	,正常,2025-11-04 15:54:38,2025-11-05 15:54:38,,2025-11-04 20:41:45,	,208073193570	,热水即刻有-【6L】,1801828025682	,大家电,热水器,厨宝,	,6923185611233	,6923185611233	,	,	,无售后或售后取消,,2025-11-04 15:54:38,	,,,,,,,否,否,	,否,	,,280.0	,0.0	,0.0	,0.0	,0.0	,0.0	,0.0	,0.0	,280.0	,280.0	,JDV023854286949,京东大件物流,天津市,天津市,东丽区,,,否,否,	,	,	,否,	,	,	,	,	,	,	,	,	,	,	,	,否,否,	,否,否,,	,否,	,否,,,否
云米净水器滤芯小蓝调小海豚600G+专用复合滤芯RO反渗透滤芯过滤,251104-463302889903211,待发货,1	,正常,2025-11-04 15:52:41,2025-11-05 15:52:41,,	,	,296967601341	,5in1复合滤芯 2年长效,1600193054565	,厨房电器,净水器/净水设备及配件耗材,净水器,	,6923185627425	,	,到手价99,	,无售后或售后取消,,2025-11-04 15:52:41,	,,,,,,,否,否,	,否,	,,299.0	,0.0	,0.0	,18.53	,0.0	,0.0	,0.0	,0.0	,280.47	,299.0	,	,	,陕西省,咸阳市,秦都区,,,否,否,	,	,	,否,	,	,	,	,	,	,	,	,	,	,	,	,否,否,	,否,否,,	,否,	,否,,,否
云米净水器滤芯小蓝调小海豚600G+专用复合滤芯RO反渗透滤芯过滤,251104-289763541423211,已发货，待收货,1	,正常,2025-11-04 15:51:18,2025-11-05 15:51:18,,2025-11-04 20:41:45,	,296967601341	,5in1复合滤芯 2年长效,1600193054565	,厨房电器,净水器/净水设备及配件耗材,净水器,	,6923185627425	,	,到手价99,	,无售后或售后取消,,2025-11-04 15:51:18,	,,,,,,,否,否,	,否,	,,299.0	,0.0	,0.0	,0.0	,0.0	,0.0	,0.0	,0.0	,299.0	,299.0	,JDV023854763338,京东大件物流,陕西省,咸阳市,秦都区,,,否,否,	,	,	,否,	,	,	,	,	,	,	,	,	,	,	,	,否,否,	,否,否,,	,否,	,否,,,否
云米净水器滤芯小蓝调小海豚600G+专用复合滤芯RO反渗透滤芯过滤,251104-234776174143918,已发货，待收货,2	,正常,2025-11-04 15:49:29,2025-12-05 15:49:29,,2025-11-04 20:41:46,	,296967601341	,5in1复合滤芯 2年长效,1600193054565	,厨房电器,净水器/净水设备及配件耗材,净水器,	,6923185627425	,	,已登记延迟发货 [viomi诺诺sk 11/04 15:51],	,无售后或售后取消,,2025-11-04 15:49:29,	,,,,,,,否,否,	,否,	,,598.0	,0.0	,5.98	,0.0	,0.0	,0.0	,0.0	,0.0	,592.02	,592.02	,JDV023854889849,京东大件物流,河南省,周口市,川汇区,,,否,否,	,	,	,否,	,	,	,	,	,	,	,	,	,	,	,	,否,否,	,否,否,,	,否,	,否,,,否
【重磅新品】云米净水器600G小海豚升级版厨下式RO反渗透直饮家用,251104-184130025903211,已发货，待收货,1	,正常,2025-11-04 15:44:44,2025-11-05 15:44:44,,2025-11-04 20:41:45,	,225501370546	,【24年新品】600G升级版6年长效,1600502140541	,厨房电器,净水器/净水设备及配件耗材,净水器,	,6923185653684	,6923185616399	,	,	,无售后或售后取消,,2025-11-04 15:44:44,	,,,,,,,否,否,	,否,	,,559.0	,0.0	,0.0	,55.9	,5.0	,0.0	,0.0	,0.0	,503.1	,559.0	,JDV023855828253,京东大件物流,陕西省,咸阳市,秦都区,,,否,否,	,	,	,否,	,	,	,	,	,	,	,	,	,	,	,	,否,否,	,否,否,,	,否,	,否,,,否
【重磅新品】云米净水器600G小海豚升级版厨下式RO反渗透直饮家用,251104-414869154090405,待发货,1	,正常,2025-11-04 15:39:54,2025-11-05 15:39:54,,	,	,225501370546	,【24年新品】600G升级版6年长效,1600502140541	,厨房电器,净水器/净水设备及配件耗材,净水器,	,6923185653684	,6923185616399	,	,	,无售后或售后取消,,2025-11-04 15:39:54,	,,,,,,,否,否,	,否,	,,559.0	,0.0	,0.0	,0.0	,0.0	,0.0	,0.0	,0.0	,559.0	,559.0	,	,	,安徽省,阜阳市,界首市,,,否,否,	,	,	,否,	,	,	,	,	,	,	,	,	,	,	,	,否,否,	,否,否,,	,否,	,否,,,否
云米3000W速热电热水器家用浴室免换镁棒一级能效抑菌内胆免清洗,251104-108800295251406,已发货，待收货,1	,正常,2025-11-04 15:31:07,2025-11-05 15:31:07,,2025-11-04 20:41:45,	,369876178838	,速热3000W免换镁棒电热水器60L,1799960621871	,大家电,热水器,电热水器,	,6923185611899	,6923185611882	,	,	,无售后或售后取消,,2025-11-04 15:31:07,	,,,,,,,否,否,	,否,	,,750.0	,0.0	,0.0	,0.0	,0.0	,0.0	,0.0	,0.0	,750.0	,750.0	,JDV023854195726,京东大件物流,河南省,商丘市,夏邑县,,,否,否,	,	,	,否,	,	,	,	,	,	,	,	,	,	,	,	,否,否,	,否,否,,	,否,	,否,,,否
云米即热净水器厨房家用直饮RO反渗透加热净饮一体机1000G,251104-450321466951046,已发货，待收货,1	,正常,2025-11-04 15:17:13,2025-11-05 15:17:13,,2025-11-04 20:42:11,	,846360072018	,即热直饮 1000G大通量,1807240839093	,厨房电器,净水器/净水设备及配件耗材,净水器,	,6923185651116	,6923185651116	,	,	,无售后或售后取消,,2025-11-04 15:17:13,	,,,,,,,否,否,	,否,	,,1618.0	,0.0	,324.0	,100.0	,0.0	,0.0	,0.0	,0.0	,1194.0	,1294.0	,JDV023856336637,京东大件物流,陕西省,西安市,雁塔区,,,否,否,	,	,	,否,	,	,	,	,	,	,	,	,	,	,	,	,否,否,	,否,否,,	,否,	,否,,,否
【重磅新品】云米净水器600G小海豚升级版厨下式RO反渗透直饮家用,251104-038566663723326,已发货，待收货,1	,正常,2025-11-04 15:14:52,2025-11-05 15:14:52,,2025-11-04 20:41:45,	,225501370546	,【24年新品】600G升级版6年长效,1600502140541	,厨房电器,净水器/净水设备及配件耗材,净水器,	,6923185653684	,6923185616399	,	,	,无售后或售后取消,,2025-11-04 15:14:52,	,,,,,,,否,否,	,否,	,,559.0	,0.0	,0.0	,0.0	,0.0	,0.0	,0.0	,0.0	,559.0	,559.0	,JDV023855791857,京东大件物流,天津市,天津市,北辰区,,,否,否,	,	,	,否,	,	,	,	,	,	,	,	,	,	,	,	,否,否,	,否,否,,	,否,	,否,,,否
VIOMI云米净水器1000G厨下直饮小体积净水机RO机智显龙头3秒满杯,251104-159278722682402,已取消,1	,正常,	,	,,	,	,842195971715	,1000G大通量RO净水器,1803617356458	,厨房电器,净水器/净水设备及配件耗材,净水器,	,6923185654247	,	,	,	,无售后或售后取消,,	,	,,,,,,,否,否,	,否,	,,866.99	,0.0	,0.0	,95.36	,0.0	,0.0	,0.0	,0.0	,771.63	,866.99	,	,	,****,****,****,****,,否,否,	,	,	,否,	,	,	,	,	,	,	,	,	,	,	,	,否,否,	,否,	,,	,否,	,否,,,否
云米蒸烤一体机厨房家用嵌入式蒸烤箱45L大蒸汽电烤箱VSO4501-B,251104-234356785493491,已发货，待收货,1	,正常,2025-11-04 15:07:15,2025-11-05 15:07:15,,2025-11-04 23:30:57,	,403868159413	,黑色45L 大容量,1262647022971	,大家电,全屋互联网智能电器,全屋互联网智能电器,	,6923185606314	,6923185606314	,	,	,无售后或售后取消,,2025-11-04 15:07:15,	,,,,,,,否,否,	,否,	,,1529.0	,0.0	,0.0	,90.0	,0.0	,0.0	,0.0	,0.0	,1439.0	,1529.0	,JDLD12888370202,京东大件物流,河南省,周口市,川汇区,,,否,否,	,	,	,否,	,	,	,	,	,	,	,	,	,	,	,	,否,否,	,否,否,,	,否,	,否,,,否
云米23立方油烟机燃气灶套装家用厨房顶侧大吸力油烟机5.0KW灶具,251104-083854640703446,已发货，待收货,1	,正常,2025-11-04 15:05:30,2025-11-05 15:05:30,,2025-11-04 20:41:45,	,209837375742	,"【烟灶联动】瞬吸烟机+5.0KW灶,天然气",1792607150009	,大家电,厨房大电,烟灶消套装,	,S2409261034001,	,	,	,无售后或售后取消,,2025-11-04 15:05:30,	,,,,,,,否,否,	,否,	,,1250.0	,0.0	,0.0	,0.0	,0.0	,0.0	,0.0	,0.0	,1250.0	,1250.0	,JDV023856288170,京东大件物流,四川省,绵阳市,安州区,,,否,否,	,	,	,否,	,	,	,	,	,	,	,	,	,	,	,	,否,否,	,否,否,,	,否,	,否,,,否
云米双腔大吸力手势控制智清洁油烟机聚能猛火灶安全烟灶联动套装,251104-611990946083271,已发货，待收货,1	,正常,2025-11-04 15:05:19,2025-11-05 15:05:20,,2025-11-04 20:41:44,	,848589244342	,"【烟灶套装】双腔劲吸烟机+5.0KW灶,天然气灶",1809146217030	,大家电,厨房大电,烟灶消套装,	,S2209231819001,	,补差后返 到手价1099元,	,无售后或售后取消,,2025-11-04 15:05:20,	,,,,,,,否,否,	,否,中国新疆中转,,1299.0	,0.0	,0.0	,0.0	,0.2	,0.0	,0.0	,0.0	,1299.0	,1299.0	,JDV023856222562,京东大件物流,陕西省,咸阳市,渭城区,,,否,否,	,	,	,否,	,	,	,	,	,	,	,	,	,	,	,	,否,否,	,否,否,,	,否,	,否,,,否
【购买前须联系客服确认】补收差价专用商品,251104-612326521203432,已收货,30000	,正常,2025-11-04 15:03:14,2025-11-05 15:03:14,,2025-11-04 15:03:25,2025-11-04 15:03:25,322805615497	,	,1061861892357	,虚拟商品,个性定制/设计服务/DIY,个人定制原材料,	,	,	,二线 [viomi莉莉sk 11/04 15:15],	,无售后或售后取消,,2025-11-04 15:03:14,	,,,,,,,否,否,	,否,	,,300.0	,0.0	,0.0	,0.0	,0.0	,0.0	,0.0	,0.0	,300.0	,300.0	,	,	,	,	,	,,,否,否,	,	,	,否,	,	,	,	,	,	,	,	,	,	,	,	,否,否,	,否,否,,	,否,	,否,,,否
云米即热净水器厨房家用直饮RO反渗透加热净饮一体机1000G,251104-195119071671188,已取消,1	,正常,	,	,,	,	,846360072018	,即热直饮 1000G大通量,1807240839093	,厨房电器,净水器/净水设备及配件耗材,净水器,	,6923185651116	,6923185651116	,	,	,无售后或售后取消,,	,	,,,,,,,否,否,	,否,中国新疆中转,,1618.0	,0.0	,324.0	,80.0	,0.0	,0.0	,0.0	,0.0	,1214.0	,1294.0	,	,	,****,****,****,****,,否,否,	,	,	,否,	,	,	,	,	,	,	,	,	,	,	,	,否,否,	,否,	,,	,否,	,否,,,否
云米净水器滤芯小蓝调小海豚600G+专用复合滤芯RO反渗透滤芯过滤,251104-015623862620000,已发货，待收货,1	,正常,2025-11-04 15:25:46,2025-11-05 15:25:46,,2025-11-04 20:41:45,	,296967601341	,5in1复合滤芯 2年长效,1600193054565	,厨房电器,净水器/净水设备及配件耗材,净水器,	,6923185627425	,	,补差后返 到手价99,	,无售后或售后取消,,2025-11-04 15:25:46,	,,,,,,,否,否,	,否,	,,299.0	,0.0	,0.0	,0.0	,2.99	,0.0	,0.0	,0.0	,299.0	,299.0	,JDV023854106915,京东大件物流,山东省,烟台市,莱山区,,,否,否,	,	,	,否,	,	,	,	,	,	,	,	,	,	,	,	,否,否,	,否,否,,	,否,	,否,,,否
【重磅新品】云米净水器600G小海豚升级版厨下式RO反渗透直饮家用,251104-275366551071420,待发货,1	,正常,2025-11-04 14:45:28,2025-11-05 14:45:28,,	,	,225501370546	,【24年新品】600G升级版6年长效,1600502140541	,厨房电器,净水器/净水设备及配件耗材,净水器,	,6923185653684	,6923185616399	,	,	,无售后或售后取消,,2025-11-04 14:45:28,	,,,,,,,否,否,	,否,	,,559.0	,0.0	,0.0	,55.9	,0.0	,0.0	,0.0	,0.0	,503.1	,559.0	,	,	,湖北省,襄阳市,襄城区,,,否,否,	,	,	,否,	,	,	,	,	,	,	,	,	,	,	,	,否,否,	,否,否,,	,否,	,否,,,否
【重磅新品】云米净水器600G小海豚升级版厨下式RO反渗透直饮家用,251104-433334525443660,已取消,1	,正常,	,	,,	,	,225501370546	,【24年新品】600G升级版6年长效,1600502140541	,厨房电器,净水器/净水设备及配件耗材,净水器,	,6923185653684	,6923185616399	,	,	,无售后或售后取消,,	,	,,,,,,,否,否,	,否,	,,559.0	,0.0	,0.0	,0.0	,0.0	,0.0	,0.0	,0.0	,559.0	,559.0	,	,	,****,****,****,****,,否,否,	,	,	,否,	,	,	,	,	,	,	,	,	,	,	,	,否,否,	,否,	,,	,否,	,否,,,否
【重磅新品】云米净水器600G小海豚升级版厨下式RO反渗透直饮家用,251104-002894087711420,已取消,1	,正常,	,	,,	,	,225501370546	,【24年新品】600G升级版6年长效,1600502140541	,厨房电器,净水器/净水设备及配件耗材,净水器,	,6923185653684	,6923185616399	,	,	,无售后或售后取消,,	,	,,,,,,,否,否,	,否,	,,559.0	,0.0	,0.0	,55.9	,0.0	,0.0	,0.0	,0.0	,503.1	,559.0	,	,	,****,****,****,****,,否,否,	,	,	,否,	,	,	,	,	,	,	,	,	,	,	,	,否,否,	,否,	,,	,否,	,否,,,否
【重磅新品】云米净水器600G小海豚升级版厨下式RO反渗透直饮家用,251104-141872392501072,已取消,1	,正常,	,	,,	,	,225501370546	,【24年新品】600G升级版6年长效,1600502140541	,厨房电器,净水器/净水设备及配件耗材,净水器,	,6923185653684	,6923185616399	,	,	,无售后或售后取消,,	,	,,,,,,,否,否,	,否,	,,559.0	,0.0	,0.0	,0.0	,0.0	,0.0	,0.0	,0.0	,559.0	,559.0	,	,	,****,****,****,****,,否,否,	,	,	,否,	,	,	,	,	,	,	,	,	,	,	,	,否,否,	,否,	,,	,否,	,否,,,否
【重磅新品】云米净水器600G小海豚升级版厨下式RO反渗透直饮家用,251104-216258332303984,已取消,1	,正常,	,	,,	,	,225501370546	,【24年新品】600G升级版6年长效,1600502140541	,厨房电器,净水器/净水设备及配件耗材,净水器,	,6923185653684	,6923185616399	,	,	,无售后或售后取消,,	,	,,,,,,,否,否,	,否,	,,559.0	,0.0	,0.0	,0.0	,0.0	,0.0	,0.0	,0.0	,559.0	,559.0	,	,	,****,****,****,****,,否,否,	,	,	,否,	,	,	,	,	,	,	,	,	,	,	,	,否,否,	,否,	,,	,否,	,否,,,否
云米23立方油烟机燃气灶套装家用厨房顶侧大吸力油烟机5.0KW灶具,251104-193567199611237,已发货，待收货,1	,正常,2025-11-04 14:27:52,2025-11-05 14:27:52,,2025-11-04 20:41:44,	,209837375742	,"【烟灶联动】瞬吸烟机+5.0KW灶,天然气",1792607150009	,大家电,厨房大电,烟灶消套装,	,S2409261034001,	,	,	,无售后或售后取消,,2025-11-04 14:27:52,	,,,,,,,否,否,	,否,	,,1250.0	,0.0	,0.0	,87.5	,0.0	,0.0	,0.0	,0.0	,1162.5	,1250.0	,JDV023856272405,京东大件物流,河南省,南阳市,卧龙区,,,否,否,	,	,	,否,	,	,	,	,	,	,	,	,	,	,	,	,否,否,	,否,否,,	,否,	,否,,,否
云米即热净水器厨房家用直饮RO反渗透加热净饮一体机1000G,251104-304317754980964,已发货，待收货,1	,正常,2025-11-04 14:14:03,2025-11-05 14:14:03,,2025-11-04 20:41:45,	,364990106384	,即热直饮 1000G大通量,1455593712429	,厨房电器,净水器/净水设备及配件耗材,净水器,	,6923185651116	,6923185651116	,	,	,售后处理中,,2025-11-04 14:14:03,	,,,,,,,否,否,	,否,	,,1668.85	,0.0	,315.77	,90.0	,0.0	,0.0	,0.0	,0.0	,1263.08	,1353.08	,JDV023854819300,京东大件物流,陕西省,汉中市,汉台区,,,否,否,	,	,	,否,	,	,	,	,	,	,	,	,	,	,	,	,否,否,	,否,否,,	,否,	,否,,,否
云米电热水器50/60升洗澡家用浴室速热大容量省电防漏电警示安全,251104-607985344021221,已发货，待收货,1	,正常,2025-11-04 14:13:51,2025-11-05 14:13:51,,2025-11-04 19:18:59,	,691819698413	,60L速热加长防电墙5倍增容,1683563098526	,大家电,热水器,电热水器,	,6923185614937	,	,拦截ZX2511040065942	 ,	,售后处理中,,2025-11-04 14:13:51,	,,,,,,,否,否,	,否,	,,592.0	,0.0	,0.0	,0.0	,3.0	,0.0	,0.0	,0.0	,592.0	,592.0	,JDLD12888067208,京东大件物流,江西省,抚州市,东乡区,,,否,否,	,	,	,否,	,	,	,	,	,	,	,	,	,	,	,	,否,否,	,否,否,,	,否,	,否,,,否
【重磅新品】云米净水器600G小海豚升级版厨下式RO反渗透直饮家用,251104-076483213653302,已发货，待收货,1	,正常,2025-11-04 14:12:57,2025-11-05 14:12:57,,2025-11-04 20:41:45,	,225501370546	,【24年新品】600G升级版6年长效,1600502140541	,厨房电器,净水器/净水设备及配件耗材,净水器,	,6923185653684	,6923185616399	,	,	,无售后或售后取消,,2025-11-04 14:12:57,	,,,,,,,否,否,	,否,	,,559.0	,0.0	,0.0	,1.0	,0.0	,0.0	,0.0	,0.0	,558.0	,559.0	,JDV023854813136,京东大件物流,广东省,广州市,天河区,,,否,否,	,	,	,否,	,	,	,	,	,	,	,	,	,	,	,	,否,否,	,否,否,,	,否,	,否,,,否
【重磅新品】云米净水器600G小海豚升级版厨下式RO反渗透直饮家用,251104-210197604702747,已取消,1	,正常,	,	,,	,	,225501370546	,【24年新品】600G升级版6年长效,1600502140541	,厨房电器,净水器/净水设备及配件耗材,净水器,	,6923185653684	,6923185616399	,	,	,无售后或售后取消,,	,	,,,,,,,否,否,	,否,	,,559.0	,0.0	,0.0	,0.0	,0.0	,0.0	,0.0	,0.0	,559.0	,559.0	,	,	,****,****,****,****,,否,否,	,	,	,否,	,	,	,	,	,	,	,	,	,	,	,	,否,否,	,否,	,,	,否,	,否,,,否
【重磅新品】云米净水器600G小海豚升级版厨下式RO反渗透直饮家用,251104-483949361540236,已取消,1	,正常,	,	,,	,	,225501370546	,【24年新品】600G升级版6年长效,1600502140541	,厨房电器,净水器/净水设备及配件耗材,净水器,	,6923185653684	,6923185616399	,	,	,无售后或售后取消,,	,	,,,,,,,否,否,	,否,	,,559.0	,0.0	,0.0	,0.0	,0.0	,0.0	,0.0	,0.0	,559.0	,559.0	,	,	,****,****,****,****,,否,否,	,	,	,否,	,	,	,	,	,	,	,	,	,	,	,	,否,否,	,否,	,,	,否,	,否,,,否
【母婴直饮】云米净水器 SE 600G+ 新升级厨下式RO反渗透直饮家用,251104-463219003742747,已取消,1	,正常,	,	,,	,	,819506595979	,【24年新品】600G升级版6年长效,1787046011387	,厨房电器,净水器/净水设备及配件耗材,净水器,	,6923185653684	,6923185616399	,	,	,无售后或售后取消,,	,	,,,,,,,否,否,	,否,	,,748.0	,0.0	,139.6	,50.0	,0.0	,0.0	,0.0	,0.0	,558.4	,608.4	,	,	,****,****,****,****,,否,否,	,	,	,否,	,	,	,	,	,	,	,	,	,	,	,	,否,否,	,否,	,,	,否,	,否,,,否
云米小厨宝6L即热式厨房台下洗碗热水宝上出水储水式小型电热水器,251104-324838387224049,待付款,1	,正常,	,	,,	,	,205451808289	,"热水即刻有6L,小厨宝",1752480784258	,大家电,热水器,电热水器,	,6923185611233	,6923185611233	,	,	,无售后或售后取消,,	,	,,,,,,,否,否,	,否,	,,289.0	,0.0	,0.0	,0.0	,0.0	,0.0	,0.0	,0.0	,289.0	,289.0	,	,	,****,****,****,****,,否,否,	,	,	,否,	,	,	,	,	,	,	,	,	,	,	,	,否,否,	,否,	,,	,否,	,否,,,否
云米小厨宝6L即热式厨房台下洗碗热水宝上出水储水式小型电热水器,251104-267785377304049,待付款,1	,正常,	,	,,	,	,205451808289	,"热水即刻有6L,小厨宝",1752480784258	,大家电,热水器,电热水器,	,6923185611233	,6923185611233	,	,	,无售后或售后取消,,	,	,,,,,,,否,否,	,否,	,,289.0	,0.0	,0.0	,0.0	,0.0	,0.0	,0.0	,0.0	,289.0	,289.0	,	,	,****,****,****,****,,否,否,	,	,	,否,	,	,	,	,	,	,	,	,	,	,	,	,否,否,	,否,	,,	,否,	,否,,,否
云米小厨宝6L即热式厨房台下洗碗热水宝上出水储水式小型电热水器,251104-110310233624049,待付款,1	,正常,	,	,,	,	,205451808289	,"热水即刻有6L,小厨宝",1752480784258	,大家电,热水器,电热水器,	,6923185611233	,6923185611233	,	,	,无售后或售后取消,,	,	,,,,,,,否,否,	,否,	,,289.0	,0.0	,0.0	,14.45	,0.0	,0.0	,0.0	,0.0	,274.55	,289.0	,	,	,****,****,****,****,,否,否,	,	,	,否,	,	,	,	,	,	,	,	,	,	,	,	,否,否,	,否,	,,	,否,	,否,,,否
【母婴直饮】云米净水器 SE 600G+ 新升级厨下式RO反渗透直饮家用,251104-563232140860234,已发货，待收货,1	,正常,2025-11-04 13:55:20,2025-11-05 13:55:20,,2025-11-04 20:41:45,	,819506595979	,【24年新品】600G升级版6年长效,1787046011387	,厨房电器,净水器/净水设备及配件耗材,净水器,	,6923185653684	,6923185616399	,	,	,无售后或售后取消,,2025-11-04 13:55:20,	,,,,,,,否,否,	,否,	,,748.0	,0.0	,130.15	,97.24	,0.0	,0.0	,0.0	,0.0	,520.61	,617.85	,JDV023852733110,京东大件物流,河北省,石家庄市,桥西区,,,否,否,	,	,	,否,	,	,	,	,	,	,	,	,	,	,	,	,否,否,	,否,否,,	,否,	,否,,,否
云米净水器滤芯小蓝调小海豚600G+专用复合滤芯RO反渗透滤芯过滤,251104-213920059783030,已发货，待收货,1	,正常,2025-11-04 13:52:24,2025-11-05 13:52:24,,2025-11-04 20:41:46,	,296967601341	,5in1复合滤芯 2年长效,1600193054565	,厨房电器,净水器/净水设备及配件耗材,净水器,	,6923185627425	,	,补差后返 到手价99,	,无售后或售后取消,,2025-11-04 13:52:24,	,,,,,,,否,否,	,否,	,,299.0	,0.0	,0.0	,0.0	,0.0	,0.0	,0.0	,0.0	,299.0	,299.0	,JDV023851128204,京东大件物流,河北省,廊坊市,大厂回族自治县,,,否,否,	,	,	,否,	,	,	,	,	,	,	,	,	,	,	,	,否,否,	,否,否,,	,否,	,否,,,否
云米净水器滤芯小蓝调小海豚600G+专用复合滤芯RO反渗透滤芯过滤,251104-229680157063030,已取消,1	,正常,	,	,,	,	,296967601341	,5in1复合滤芯 2年长效,1600193054565	,厨房电器,净水器/净水设备及配件耗材,净水器,	,6923185627425	,	,	,	,无售后或售后取消,,	,	,,,,,,,否,否,	,否,	,,299.0	,0.0	,0.0	,0.0	,0.0	,0.0	,0.0	,0.0	,299.0	,299.0	,	,	,****,****,****,****,,否,否,	,	,	,否,	,	,	,	,	,	,	,	,	,	,	,	,否,否,	,否,	,,	,否,	,否,,,否
【重磅新品】云米净水器600G小海豚升级版厨下式RO反渗透直饮家用,251104-293664222823236,已发货，待收货,1	,正常,2025-11-04 13:46:52,2025-11-05 13:46:52,,2025-11-04 20:41:46,	,225501370546	,【24年新品】600G升级版6年长效,1600502140541	,厨房电器,净水器/净水设备及配件耗材,净水器,	,6923185653684	,6923185616399	,	,	,无售后或售后取消,,2025-11-04 13:46:52,	,,,,,,,否,否,	,否,	,,559.0	,0.0	,0.0	,0.0	,1.11	,0.0	,0.0	,0.0	,559.0	,559.0	,JDV023854087284,京东大件物流,新疆维吾尔自治区,乌鲁木齐市,沙依巴克区,,,否,否,	,	,	,否,	,	,	,	,	,	,	,	,	,	,	,	,否,否,	,否,否,,	,否,	,否,,,否
【母婴直饮】云米净水器 SE 600G+ 新升级厨下式RO反渗透直饮家用,251104-574829371012647,待付款,1	,正常,	,	,,	,	,819506595979	,【24年新品】600G升级版6年长效,1787046011387	,厨房电器,净水器/净水设备及配件耗材,净水器,	,6923185653684	,6923185616399	,	,	,无售后或售后取消,,	,	,,,,,,,否,否,	,否,	,,748.0	,0.0	,129.6	,100.0	,0.0	,0.0	,0.0	,0.0	,518.4	,618.4	,	,	,****,****,****,****,,否,否,	,	,	,否,	,	,	,	,	,	,	,	,	,	,	,	,否,否,	,否,	,,	,否,	,否,,,否
云米双腔大吸力手势控制智清洁油烟机聚能猛火灶安全烟灶联动套装,251104-584539226473817,已发货，待收货,1	,正常,2025-11-04 13:40:59,2025-11-05 13:40:59,,2025-11-04 20:41:44,	,818698470695	,"【烟灶套装】双腔劲吸烟机+5.0KW灶,液化气灶",1786567894378	,大家电,厨房大电,烟灶消套装,	,S2509151408001,	,	,	,无售后或售后取消,,2025-11-04 13:40:59,	,,,,,,,否,否,	,否,	,,1199.0	,0.0	,0.0	,119.9	,0.0	,0.0	,0.0	,0.0	,1079.1	,1199.0	,JDV023856288153,京东大件物流,贵州省,贵阳市,开阳县,,,否,否,	,	,	,否,	,	,	,	,	,	,	,	,	,	,	,	,否,否,	,否,否,,	,否,	,否,,,否
云米即热净水器厨房家用直饮RO反渗透加热净饮一体机1000G,251104-334181189161438,已发货，待收货,1	,正常,2025-11-04 13:37:41,2025-11-05 13:37:41,,2025-11-04 20:41:45,	,846360072018	,即热直饮 1000G大通量,1807240839093	,厨房电器,净水器/净水设备及配件耗材,净水器,	,6923185651116	,6923185651116	,	,	,无售后或售后取消,,2025-11-04 13:37:41,	,,,,,,,否,否,	,否,	,,1618.0	,0.0	,324.0	,100.0	,0.2	,0.0	,0.0	,0.0	,1194.0	,1294.0	,JDV023854071670,京东大件物流,河北省,承德市,承德县,,,否,否,	,	,	,否,	,	,	,	,	,	,	,	,	,	,	,	,否,否,	,否,否,,	,否,	,否,,,否
【重磅新品】云米净水器600G小海豚升级版厨下式RO反渗透直饮家用,251104-268634745220377,已取消,1	,正常,	,	,,	,	,225501370546	,【24年新品】600G升级版6年长效,1600502140541	,厨房电器,净水器/净水设备及配件耗材,净水器,	,6923185653684	,6923185616399	,	,	,无售后或售后取消,,	,	,,,,,,,否,否,	,否,	,,559.0	,0.0	,0.0	,55.9	,0.0	,0.0	,0.0	,0.0	,503.1	,559.0	,	,	,****,****,****,****,,否,否,	,	,	,否,	,	,	,	,	,	,	,	,	,	,	,	,否,否,	,否,	,,	,否,	,否,,,否
【重磅新品】云米净水器600G小海豚升级版厨下式RO反渗透直饮家用,251104-096762611253595,已发货，待收货,1	,正常,2025-11-04 13:31:23,2025-11-05 13:31:23,,2025-11-04 20:41:45,	,225501370546	,【24年新品】600G升级版6年长效,1600502140541	,厨房电器,净水器/净水设备及配件耗材,净水器,	,6923185653684	,6923185616399	,	,	,无售后或售后取消,,2025-11-04 13:31:23,	,,,,,,,否,否,	,否,	,,559.0	,0.0	,0.0	,0.0	,1.11	,0.0	,0.0	,0.0	,559.0	,559.0	,JDV023852945707,京东大件物流,内蒙古自治区,乌兰察布市,集宁区,,,否,否,	,	,	,否,	,	,	,	,	,	,	,	,	,	,	,	,否,否,	,否,否,,	,否,	,否,,,否
云米顶侧双吸大吸力低噪油烟机猛火液化气聚能灶智能套装家用厨房,251104-652717668722323,已发货，待收货,1	,正常,2025-11-04 13:25:16,2025-11-05 13:25:16,,2025-11-04 20:41:44,	,674950510509	,【烟灶套装】顶侧双吸烟机+5.0KW灶（天）,1744061180430	,大家电,厨房大电,烟灶消套装,	,S2405071349001,S2501061036001,ZX2511050066659==	ZX2511050066658 [viomi诺诺sk 11/05 08:40],	,售后处理中,,2025-11-04 13:25:16,	,,,,,,,否,否,	,否,	,,1079.0	,0.0	,0.0	,53.95	,2.05	,0.0	,0.0	,0.0	,1025.05	,1079.0	,JDV023856277812,京东大件物流,河北省,邢台市,襄都区,,,否,否,	,	,	,否,	,	,	,	,	,	,	,	,	,	,	,	,否,否,	,否,否,,	,否,	,否,,,否
【重磅新品】云米净水器600G小海豚升级版厨下式RO反渗透直饮家用,251104-476284250502596,已发货，待收货,1	,正常,2025-11-04 13:23:59,2025-11-05 13:23:59,,2025-11-04 17:53:58,	,225501370546	,【24年新品】600G升级版6年长效,1600502140541	,厨房电器,净水器/净水设备及配件耗材,净水器,	,6923185653684	,6923185616399	,	,	,无售后或售后取消,,2025-11-04 13:23:59,	,,,,,,,否,否,	,否,	,,559.0	,0.0	,0.0	,0.0	,0.0	,0.0	,0.0	,0.0	,559.0	,559.0	,JDV023853615577,京东大件物流,江苏省,无锡市,宜兴市,,,否,否,	,	,	,否,	,	,	,	,	,	,	,	,	,	,	,	,否,否,	,否,否,,	,否,	,否,,,否
云米小厨宝6L即热式厨房台下洗碗热水宝上出水储水式小型电热水器,251104-109051973952779,已发货，待收货,1	,正常,2025-11-04 13:16:23,2025-11-05 13:16:23,,2025-11-04 20:41:45,	,205451808289	,"热水即刻有6L,小厨宝",1752480784258	,大家电,热水器,电热水器,	,6923185611233	,6923185611233	,	,	,无售后或售后取消,,2025-11-04 13:16:23,	,,,,,,,否,否,	,否,	,,289.0	,0.0	,0.0	,14.44	,0.0	,0.0	,0.0	,0.0	,274.56	,289.0	,JDV023854156162,京东大件物流,福建省,泉州市,丰泽区,,,否,否,	,	,	,否,	,	,	,	,	,	,	,	,	,	,	,	,否,否,	,否,否,,	,否,	,否,,,否
【重磅新品】云米净水器600G小海豚升级版厨下式RO反渗透直饮家用,251104-318599381380919,未发货，退款成功,1	,正常,2025-11-04 13:03:22,2025-11-05 13:03:22,,	,	,225501370546	,【24年新品】600G升级版6年长效,1600502140541	,厨房电器,净水器/净水设备及配件耗材,净水器,	,6923185653684	,6923185616399	,拦截	ZX2511040065949,	,退款成功,,2025-11-04 13:03:22,	,,,,,,,否,否,	,否,	,,559.0	,0.0	,0.0	,0.0	,0.0	,0.0	,0.0	,0.0	,559.0	,559.0	,	,	,江苏省,淮安市,涟水县,,,否,否,	,	,	,否,	,	,	,	,	,	,	,	,	,	,	,	,否,否,	,否,否,,	,否,	,否,,,否
【重磅新品】云米净水器600G小海豚升级版厨下式RO反渗透直饮家用,251104-482806403491171,已发货，待收货,1	,正常,2025-11-04 12:57:38,2025-11-05 12:57:38,,2025-11-04 20:41:45,	,225501370546	,【24年新品】600G升级版6年长效,1600502140541	,厨房电器,净水器/净水设备及配件耗材,净水器,	,6923185653684	,6923185616399	,	,	,无售后或售后取消,,2025-11-04 12:57:38,	,,,,,,,否,否,	,否,	,,559.0	,0.0	,0.0	,0.0	,0.0	,0.0	,0.0	,0.0	,559.0	,559.0	,JDV023852877620,京东大件物流,山东省,菏泽市,曹县,,,否,否,	,	,	,否,	,	,	,	,	,	,	,	,	,	,	,	,否,否,	,否,是,3	,商家,否,	,否,,信用卡分期,否
云米净水器滤芯小蓝调小海豚600G+专用复合滤芯RO反渗透滤芯过滤,251104-320958697872701,已发货，待收货,1	,正常,2025-11-04 12:46:31,2025-11-05 12:46:31,,2025-11-04 16:45:11,	,296967601341	,5in1复合滤芯 2年长效,1600193054565	,厨房电器,净水器/净水设备及配件耗材,净水器,	,6923185627425	,	,到手价149,	,无售后或售后取消,,2025-11-04 12:46:31,	,,,,,,,否,否,	,否,	,,299.0	,0.0	,0.0	,0.0	,0.0	,0.0	,0.0	,0.0	,299.0	,299.0	,JDV023850740491,京东大件物流,北京市,北京市,丰台区,,,否,否,	,	,	,否,	,	,	,	,	,	,	,	,	,	,	,	,否,否,	,否,否,,	,否,	,否,,,否
【冷热直饮套装】云米净水器家用厨下管线机套装一键即热制冷直饮,251104-126500226671341,已发货，待收货,1	,正常,2025-11-04 12:42:06,2025-11-05 12:42:06,,2025-11-04 20:41:46,	,480070620581	,【净热直饮套装】新品净水器+制热管线机,1620106386126	,厨房电器,净水器/净水设备及配件耗材,净水器,	,S2405281401001,	,	,	,无售后或售后取消,,2025-11-04 12:42:06,	,,,,,,,否,否,	,否,	,,1349.0	,0.0	,0.0	,134.9	,0.0	,0.0	,0.0	,0.0	,1214.1	,1349.0	,JDV023855828082,京东大件物流,广西壮族自治区,贵港市,港北区,,,否,否,	,	,	,否,	,	,	,	,	,	,	,	,	,	,	,	,否,否,	,否,否,,	,否,	,否,,,否
VIOMI云米净水器1000G厨下直饮小体积净水机RO机智显龙头3秒满杯,251104-092662689431411,已取消,1	,正常,	,	,,	,	,842195971715	,1000G大通量RO净水器,1803617356458	,厨房电器,净水器/净水设备及配件耗材,净水器,	,6923185654247	,	,	,	,无售后或售后取消,,	,	,,,,,,,否,否,	,否,中国新疆中转,,866.99	,0.0	,0.0	,20.0	,0.0	,0.0	,0.0	,0.0	,846.99	,866.99	,	,	,****,****,****,****,,否,否,	,	,	,否,	,	,	,	,	,	,	,	,	,	,	,	,否,否,	,否,	,,	,否,	,否,,,否
【重磅新品】云米净水器600G小海豚升级版厨下式RO反渗透直饮家用,251104-113109911092962,已发货，待收货,1	,正常,2025-11-04 12:31:20,2025-11-05 12:31:21,,2025-11-04 16:45:10,	,225501370546	,【24年新品】600G升级版6年长效,1600502140541	,厨房电器,净水器/净水设备及配件耗材,净水器,	,6923185653684	,6923185616399	,	,	,无售后或售后取消,,2025-11-04 12:31:21,	,,,,,,,否,否,	,否,	,,559.0	,0.0	,0.0	,0.0	,1.11	,0.0	,0.0	,0.0	,559.0	,559.0	,JDV023851878046,京东大件物流,安徽省,铜陵市,铜官区,,,否,否,	,	,	,否,	,	,	,	,	,	,	,	,	,	,	,	,否,否,	,否,否,,	,否,	,否,,,否
云米智能洗碗机10套热风烘干消毒嵌入式洗烘存一体家用IronA1,251104-291640502563697,已取消,1	,正常,	,	,,	,	,223485946991	,Iron A1消毒除菌洗碗机10套,1357746713795	,大家电,厨房大电,洗碗机,	,6923185616375	,6923185616375	,	,	,无售后或售后取消,,	,	,,,,,,,否,否,	,否,	,,1559.0	,0.0	,0.0	,67.0	,0.0	,0.0	,0.0	,0.0	,1492.0	,1559.0	,	,	,****,****,****,****,,否,否,	,	,	,否,	,	,	,	,	,	,	,	,	,	,	,	,否,否,	,否,	,,	,否,	,否,,,否
【重磅新品】云米净水器600G小海豚升级版厨下式RO反渗透直饮家用,251104-204052897282730,已发货，待收货,1	,正常,2025-11-04 12:26:41,2025-11-05 12:26:41,,2025-11-04 20:41:46,	,225501370546	,【24年新品】600G升级版6年长效,1600502140541	,厨房电器,净水器/净水设备及配件耗材,净水器,	,6923185653684	,6923185616399	,	,	,无售后或售后取消,,2025-11-04 12:26:41,	,,,,,,,否,否,	,否,	,,559.0	,0.0	,0.0	,3.0	,0.0	,0.0	,0.0	,0.0	,556.0	,559.0	,JDV023851119643,京东大件物流,广东省,广州市,天河区,,,否,否,	,	,	,否,	,	,	,	,	,	,	,	,	,	,	,	,否,否,	,否,否,,	,否,	,否,,,否
VIOMI云米净水器1000G厨下直饮小体积净水机RO机智显龙头3秒满杯,251104-394684076431222,已取消,1	,正常,	,	,,	,	,842195971715	,1000G大通量RO净水器,1803617356458	,厨房电器,净水器/净水设备及配件耗材,净水器,	,6923185654247	,	,	,	,无售后或售后取消,,	,	,,,,,,,否,否,	,否,	,,866.99	,0.0	,0.0	,40.0	,0.0	,0.0	,0.0	,0.0	,826.99	,866.99	,	,	,****,****,****,****,,否,否,	,	,	,否,	,	,	,	,	,	,	,	,	,	,	,	,否,否,	,否,	,,	,否,	,否,,,否
云米净水器滤芯小蓝调小海豚600G+专用复合滤芯RO反渗透滤芯过滤,251104-457944604162065,已发货，待收货,1	,正常,2025-11-04 12:12:33,2025-11-05 12:12:33,,2025-11-04 15:12:18,	,296967601341	,5in1复合滤芯 2年长效,1600193054565	,厨房电器,净水器/净水设备及配件耗材,净水器,	,6923185627425	,	,	,	,无售后或售后取消,,2025-11-04 12:12:33,	,,,,,,,否,否,	,否,	,,299.0	,0.0	,0.0	,0.0	,0.0	,0.0	,0.0	,0.0	,299.0	,299.0	,JDV023849643130,京东大件物流,湖北省,恩施土家族苗族自治州,恩施市,,,否,否,	,	,	,否,	,	,	,	,	,	,	,	,	,	,	,	,否,否,	,否,否,,	,否,	,否,,,否
【母婴直饮】云米净水器 SE 600G+ 新升级厨下式RO反渗透直饮家用,251104-247002570313945,已发货，待收货,1	,正常,2025-11-04 12:11:39,2025-11-05 12:11:40,,2025-11-04 15:12:46,	,819506595979	,【24年新品】600G升级版6年长效,1787046011387	,厨房电器,净水器/净水设备及配件耗材,净水器,	,6923185653684	,6923185616399	,	,	,无售后或售后取消,,2025-11-04 12:11:40,	,,,,,,,否,否,	,否,	,,748.0	,0.0	,136.2	,67.0	,0.0	,0.0	,0.0	,0.0	,544.8	,611.8	,JDV023851222811,京东大件物流,山东省,淄博市,淄川区,,,否,否,	,	,	,否,	,	,	,	,	,	,	,	,	,	,	,	,否,否,	,否,否,,	,否,	,否,,,否
【重磅新品】云米净水器600G小海豚升级版厨下式RO反渗透直饮家用,251104-156929912391295,已发货，待收货,1	,正常,2025-11-04 12:10:55,2025-11-05 12:10:55,,2025-11-04 16:45:10,	,225501370546	,【24年新品】600G升级版6年长效,1600502140541	,厨房电器,净水器/净水设备及配件耗材,净水器,	,6923185653684	,6923185616399	,赠送检测笔,	,无售后或售后取消,,2025-11-04 12:10:55,	,,,,,,,否,否,	,否,	,,559.0	,0.0	,0.0	,30.0	,16.0	,0.0	,0.0	,0.0	,529.0	,559.0	,JDV023851890026,京东大件物流,江西省,吉安市,吉州区,,,否,否,	,	,	,否,	,	,	,	,	,	,	,	,	,	,	,	,否,否,	,否,是,3	,商家,否,	,否,,信用卡分期,否
【重磅新品】云米净水器600G小海豚升级版厨下式RO反渗透直饮家用,251104-505896015362065,已发货，待收货,1	,正常,2025-11-04 12:06:41,2025-11-05 12:06:42,,2025-11-04 16:45:10,	,225501370546	,【24年新品】600G升级版6年长效,1600502140541	,厨房电器,净水器/净水设备及配件耗材,净水器,	,6923185653684	,6923185616399	,	,	,无售后或售后取消,,2025-11-04 12:06:42,	,,,,,,,否,否,	,否,	,,559.0	,0.0	,0.0	,0.0	,0.0	,0.0	,0.0	,0.0	,559.0	,559.0	,JDV023851878118,京东大件物流,湖北省,恩施土家族苗族自治州,恩施市,,,否,否,	,	,	,否,	,	,	,	,	,	,	,	,	,	,	,	,否,否,	,否,否,,	,否,	,否,,,否
云米净水器滤芯小蓝调小海豚600G+专用复合滤芯RO反渗透滤芯过滤,251104-679309504103896,已发货，待收货,1	,正常,2025-11-04 12:06:19,2025-11-05 12:06:19,,2025-11-04 16:45:11,	,296967601341	,5in1复合滤芯 2年长效,1600193054565	,厨房电器,净水器/净水设备及配件耗材,净水器,	,6923185627425	,	,	,	,无售后或售后取消,,2025-11-04 12:06:19,	,,,,,,,否,否,	,否,	,,299.0	,0.0	,0.0	,0.0	,0.0	,0.0	,0.0	,0.0	,299.0	,299.0	,JDV023850759202,京东大件物流,山东省,济南市,槐荫区,,,否,否,	,	,	,否,	,	,	,	,	,	,	,	,	,	,	,	,否,否,	,否,否,,	,否,	,否,,,否
云米即热净水器厨房家用直饮RO反渗透加热净饮一体机1000G,251104-627310672240933,待发货,1	,正常,2025-11-04 11:56:44,2025-12-05 11:56:44,,	,	,846360072018	,即热直饮 1000G大通量,1807240839093	,厨房电器,净水器/净水设备及配件耗材,净水器,	,6923185651116	,6923185651116	,延迟发货已登 [viomi莉莉sk 11/04 12:09],	,无售后或售后取消,,2025-11-04 11:56:44,	,,,,,,,否,否,	,否,	,,1618.0	,0.0	,324.0	,129.4	,0.0	,0.0	,0.0	,0.0	,1164.6	,1294.0	,	,	,四川省,成都市,成华区,,,否,否,	,	,	,否,	,	,	,	,	,	,	,	,	,	,	,	,否,否,	,否,否,,	,否,	,否,,,否
云米顶侧双吸大吸力低噪油烟机猛火液化气聚能灶智能套装家用厨房,251104-534742330991148,待发货,1	,正常,2025-11-04 11:49:47,2025-12-05 11:49:48,,	,	,674950510509	,【烟灶套装】顶侧双吸烟机+5.0KW灶（天）,1744061180430	,大家电,厨房大电,烟灶消套装,	,S2405071349001,S2501061036001,已登记延迟发货 [viomi诺诺sk 11/04 11:53],	,无售后或售后取消,,2025-11-04 11:49:48,	,,,,,,,否,否,	,否,	,,1079.0	,0.0	,0.0	,50.0	,0.0	,0.0	,0.0	,0.0	,1029.0	,1079.0	,	,	,黑龙江省,大庆市,让胡路区,,,否,否,	,	,	,否,	,	,	,	,	,	,	,	,	,	,	,	,否,否,	,否,否,,	,否,	,否,,,否
VIOMI云米净水器1000G厨下直饮小体积净水机RO机智显龙头3秒满杯,251104-179988098591158,已发货，待收货,1	,正常,2025-11-04 11:44:00,2025-11-05 11:44:00,,2025-11-04 15:12:17,	,842195971715	,1000G大通量RO净水器,1803617356458	,厨房电器,净水器/净水设备及配件耗材,净水器,	,6923185654247	,	,	,	,无售后或售后取消,,2025-11-04 11:44:00,	,,,,,,,否,否,	,否,	,,866.99	,0.0	,0.0	,100.0	,15.0	,0.0	,0.0	,0.0	,766.99	,866.99	,JDV023850759893,京东大件物流,辽宁省,鞍山市,立山区,,,否,否,	,	,	,否,	,	,	,	,	,	,	,	,	,	,	,	,否,否,	,否,否,,	,否,	,否,,,否
【重磅新品】云米净水器600G小海豚升级版厨下式RO反渗透直饮家用,251104-391873872171018,待发货,1	,正常,2025-11-04 11:42:46,2025-12-05 11:42:47,,	,	,225501370546	,【24年新品】600G升级版6年长效,1600502140541	,厨房电器,净水器/净水设备及配件耗材,净水器,	,6923185653684	,6923185616399	,延迟发货已登 [viomi莉莉sk 11/04 11:46],	,无售后或售后取消,,2025-11-04 11:42:47,	,,,,,,,否,否,	,否,	,,559.0	,0.0	,0.0	,50.0	,0.0	,0.0	,0.0	,0.0	,509.0	,559.0	,	,	,四川省,成都市,蒲江县,,,否,否,	,	,	,否,	,	,	,	,	,	,	,	,	,	,	,	,否,否,	,否,否,,	,否,	,否,,,否
云米即热净水器厨房家用直饮RO反渗透加热净饮一体机1000G,251104-563745953400559,已取消,1	,正常,	,	,,	,	,364990106384	,即热直饮 1000G大通量,1455593712429	,厨房电器,净水器/净水设备及配件耗材,净水器,	,6923185651116	,6923185651116	,	,	,无售后或售后取消,,	,	,,,,,,,否,否,	,否,	,,1668.85	,0.0	,317.08	,83.44	,0.0	,0.0	,0.0	,0.0	,1268.33	,1351.77	,	,	,****,****,****,****,,否,否,	,	,	,否,	,	,	,	,	,	,	,	,	,	,	,	,否,否,	,否,	,,	,否,	,否,,,否
云米即热净水器厨房家用直饮RO反渗透加热净饮一体机1000G,251104-632480079480559,已取消,1	,正常,	,	,,	,	,846360072018	,即热直饮 1000G大通量,1807240839093	,厨房电器,净水器/净水设备及配件耗材,净水器,	,6923185651116	,6923185651116	,	,	,无售后或售后取消,,	,	,,,,,,,否,否,	,否,	,,1618.0	,0.0	,324.0	,100.0	,0.0	,0.0	,0.0	,0.0	,1194.0	,1294.0	,	,	,****,****,****,****,,否,否,	,	,	,否,	,	,	,	,	,	,	,	,	,	,	,	,否,否,	,否,	,,	,否,	,否,,,否
云米电热水器家用洗澡租房储水式速热抑菌节能省电卫生间40/60升,251104-561502011773022,未发货，退款成功,1	,正常,2025-11-04 11:41:28,2025-11-05 11:41:29,,	,	,227645754240	,"速热抑菌洗-40L,全国联保送货上门安装8年质保",1645458252843	,大家电,热水器,电热水器,	,6923185681281	,	,聚水潭已取消发货  已退款  11.4,	,退款成功,,2025-11-04 11:41:29,	,,,,,,,否,否,	,否,	,,379.0	,0.0	,0.0	,37.9	,0.0	,0.0	,0.0	,0.0	,341.1	,379.0	,	,	,江西省,九江市,永修县,,,否,否,	,	,	,否,	,	,	,	,	,	,	,	,	,	,	,	,否,否,	,否,否,,	,否,	,否,,,否
Viomi云米净水器1000G厨下式RO反渗透直饮过滤器净饮小海豚2,251104-303185272462268,已发货，待收货,1	,正常,2025-11-04 11:35:19,2025-11-05 11:35:20,,2025-11-04 15:12:18,	,205458105137	,小海豚2包安装1000G大加仑,1802849942800	,厨房电器,净水器/净水设备及配件耗材,净水器,	,6923185654865	,	,	,	,无售后或售后取消,,2025-11-04 11:35:20,	,,,,,,,否,否,	,否,	,,999.0	,0.0	,0.0	,0.0	,0.0	,0.0	,0.0	,0.0	,999.0	,999.0	,JDV023850778021,京东大件物流,广东省,揭阳市,揭东区,,,否,否,	,	,	,否,	,	,	,	,	,	,	,	,	,	,	,	,否,否,	,否,否,,	,否,	,否,,,否
云米智能双胆电热水器扁桶家用速热储水式60L超薄抑菌节能大水量,251104-325310236273732,已发货，待收货,1	,正常,2025-11-04 11:32:50,2025-11-05 11:32:50,,2025-11-04 20:41:46,	,290130975552	,"纤薄安全节能60L,双胆扁桶",1756848157332	,大家电,热水器,电热水器,	,6923185610410	,6923185610410	,ZX2511040065883 催发,	,无售后或售后取消,,2025-11-04 11:32:50,	,,,,,,,否,否,	,否,	,,739.0	,0.0	,0.0	,73.9	,0.0	,0.0	,0.0	,0.0	,665.1	,739.0	,JDV023854135220,京东大件物流,广西壮族自治区,玉林市,福绵区,,,否,否,	,	,	,否,	,	,	,	,	,	,	,	,	,	,	,	,否,否,	,否,否,,	,否,	,否,,,否
【母婴直饮】云米净水器 SE 600G+ 新升级厨下式RO反渗透直饮家用,251104-591375942061710,待发货,1	,审核中，请勿发货,2025-11-05 08:58:58,2025-11-06 08:58:58,,	,	,819506595979	,【24年新品】600G升级版6年长效,1787046011387	,厨房电器,净水器/净水设备及配件耗材,净水器,	,6923185653684	,6923185616399	,	,	,无售后或售后取消,,2025-11-05 08:58:58,	,,,,,,,否,否,	,否,	,,748.0	,0.0	,129.6	,100.0	,0.0	,0.0	,0.0	,0.0	,518.4	,618.4	,	,	,福建省,漳州市,云霄县,,,否,否,	,	,	,否,	,	,	,	,	,	,	,	,	,	,	,	,否,否,	,否,	,,	,否,	,否,,,否
云米净水器滤芯家用小海豚小蓝调小白龙系列专用RO反渗透,251104-221721475373107,已发货，待收货,1	,正常,2025-11-04 11:29:30,2025-11-06 11:29:30,,2025-11-04 15:12:18,	,232467205433	,5in1 复合滤芯,1647394585330	,厨房电器,净水器/净水设备及配件耗材,净水器,	,6923185627425	,	,	,	,无售后或售后取消,,2025-11-04 11:29:30,	,,,,,,,否,否,	,否,	,,149.0	,0.0	,0.0	,0.0	,0.0	,0.0	,0.0	,0.0	,149.0	,149.0	,JDV023849643058,京东大件物流,江苏省,南通市,如皋市,,,否,否,	,	,	,否,	,	,	,	,	,	,	,	,	,	,	,	,否,否,	,否,否,,	,否,	,否,,,否
【重磅新品】云米净水器600G小海豚升级版厨下式RO反渗透直饮家用,251104-283545516393422,已发货，待收货,1	,正常,2025-11-04 11:29:59,2025-11-05 11:29:59,,2025-11-04 15:12:17,	,225501370546	,【24年新品】600G升级版6年长效,1600502140541	,厨房电器,净水器/净水设备及配件耗材,净水器,	,6923185653684	,6923185616399	,	,	,无售后或售后取消,,2025-11-04 11:29:59,	,,,,,,,否,否,	,否,	,,559.0	,0.0	,0.0	,55.9	,15.0	,0.0	,0.0	,0.0	,503.1	,559.0	,JDV023849976694,京东大件物流,内蒙古自治区,锡林郭勒盟,多伦县,,,否,否,	,	,	,否,	,	,	,	,	,	,	,	,	,	,	,	,否,否,	,否,否,,	,否,	,否,,,否
云米小厨宝6L电热水器厨房卫生间出水恒温储水式小型速热神器加热,251104-173916895521283,已取消,1	,正常,	,	,,	,	,208073193570	,热水即刻有-【6L】,1801828025682	,大家电,热水器,厨宝,	,6923185611233	,6923185611233	,	,	,无售后或售后取消,,	,	,,,,,,,否,否,	,否,	,,254.0	,0.0	,0.0	,20.0	,0.0	,0.0	,0.0	,0.0	,234.0	,254.0	,	,	,****,****,****,****,,否,否,	,	,	,否,	,	,	,	,	,	,	,	,	,	,	,	,否,否,	,否,	,,	,否,	,否,,,否
云米净水器滤芯小蓝调小海豚600G+专用复合滤芯RO反渗透滤芯过滤,251104-375505611110426,已发货，待收货,1	,正常,2025-11-04 11:21:35,2025-11-05 11:21:35,,2025-11-04 20:41:47,	,296967601341	,5in1复合滤芯 2年长效,1600193054565	,厨房电器,净水器/净水设备及配件耗材,净水器,	,6923185627425	,	,补差后返 到手价99 ZX2511040065883 催发,	,无售后或售后取消,,2025-11-04 11:21:35,	,,,,,,,否,否,	,否,	,,299.0	,0.0	,0.0	,0.0	,0.2	,0.0	,0.0	,0.0	,299.0	,299.0	,JDV023847941733,京东大件物流,重庆市,重庆市,铜梁区,,,否,否,	,	,	,否,	,	,	,	,	,	,	,	,	,	,	,	,否,否,	,否,否,,	,否,	,否,,,否
【重磅新品】云米净水器600G小海豚升级版厨下式RO反渗透直饮家用,251104-664692406601535,已取消,1	,正常,	,	,,	,	,225501370546	,【24年新品】600G升级版6年长效,1600502140541	,厨房电器,净水器/净水设备及配件耗材,净水器,	,6923185653684	,6923185616399	,	,	,无售后或售后取消,,	,	,,,,,,,否,否,	,否,	,,559.0	,0.0	,0.0	,3.0	,0.0	,0.0	,0.0	,0.0	,556.0	,559.0	,	,	,****,****,****,****,,否,否,	,	,	,否,	,	,	,	,	,	,	,	,	,	,	,	,否,否,	,否,	,,	,否,	,否,,,否
云米净水器滤芯小蓝调小海豚600G+专用复合滤芯RO反渗透滤芯过滤,251104-024631120230426,已发货，待收货,1	,正常,2025-11-04 11:13:32,2025-11-05 11:13:32,,2025-11-04 20:41:47,	,296967601341	,5in1复合滤芯 2年长效,1600193054565	,厨房电器,净水器/净水设备及配件耗材,净水器,	,6923185627425	,	,补差后返 到手价99 ZX2511040065883 催发,	,无售后或售后取消,,2025-11-04 11:13:32,	,,,,,,,否,否,	,否,	,,299.0	,0.0	,0.0	,0.0	,0.2	,0.0	,0.0	,0.0	,299.0	,299.0	,JDV023847765226,京东大件物流,重庆市,重庆市,铜梁区,,,否,否,	,	,	,否,	,	,	,	,	,	,	,	,	,	,	,	,否,否,	,否,否,,	,否,	,否,,,否
【重磅新品】云米净水器600G小海豚升级版厨下式RO反渗透直饮家用,251104-139460667693734,已取消,1	,正常,	,	,,	,	,225501370546	,【24年新品】600G升级版6年长效,1600502140541	,厨房电器,净水器/净水设备及配件耗材,净水器,	,6923185653684	,6923185616399	,	,	,无售后或售后取消,,	,	,,,,,,,否,否,	,否,	,,559.0	,0.0	,0.0	,55.9	,0.0	,0.0	,0.0	,0.0	,503.1	,559.0	,	,	,****,****,****,****,,否,否,	,	,	,否,	,	,	,	,	,	,	,	,	,	,	,	,否,否,	,否,	,,	,否,	,否,,,否
【重磅新品】云米净水器600G小海豚升级版厨下式RO反渗透直饮家用,251104-626975107430426,已发货，待收货,1	,正常,2025-11-04 11:08:27,2025-11-05 11:08:28,,2025-11-04 16:45:11,	,225501370546	,【24年新品】600G升级版6年长效,1600502140541	,厨房电器,净水器/净水设备及配件耗材,净水器,	,6923185653684	,6923185616399	,	,	,无售后或售后取消,,2025-11-04 11:08:28,	,,,,,,,否,否,	,否,	,,559.0	,0.0	,0.0	,83.0	,0.2	,0.0	,0.0	,0.0	,476.0	,559.0	,JDV023850753910,京东大件物流,重庆市,重庆市,铜梁区,,,否,否,	,	,	,否,	,	,	,	,	,	,	,	,	,	,	,	,否,否,	,否,否,,	,否,	,否,,,否
云米顶侧双吸大吸力低噪油烟机猛火液化气聚能灶智能套装家用厨房,251104-071565329991004,已取消,1	,正常,	,	,,	,	,674950510509	,【烟灶套装】顶侧双吸烟机+5.0KW灶（天）,1744061180430	,大家电,厨房大电,烟灶消套装,	,S2405071349001,S2501061036001,	,	,无售后或售后取消,,	,	,,,,,,,否,否,	,否,	,,1079.0	,0.0	,0.0	,48.0	,0.0	,0.0	,0.0	,0.0	,1031.0	,1079.0	,	,	,****,****,****,****,,否,否,	,	,	,否,	,	,	,	,	,	,	,	,	,	,	,	,否,否,	,否,	,,	,否,	,否,,,否
【重磅新品】云米净水器600G小海豚升级版厨下式RO反渗透直饮家用,251104-606454495660466,未发货，退款成功,1	,正常,2025-11-04 10:59:00,2025-11-05 10:59:00,,	,	,225501370546	,【24年新品】600G升级版6年长效,1600502140541	,厨房电器,净水器/净水设备及配件耗材,净水器,	,6923185653684	,6923185616399	,聚水潭已取消发货  已退款  11.4,	,退款成功,,2025-11-04 10:59:00,	,,,,,,,否,否,	,否,	,,559.0	,0.0	,0.0	,0.0	,1.11	,0.0	,0.0	,0.0	,559.0	,559.0	,	,	,上海市,上海市,浦东新区,,,否,否,	,	,	,否,	,	,	,	,	,	,	,	,	,	,	,	,否,否,	,否,否,,	,否,	,否,,,否
【重磅新品】云米净水器600G小海豚升级版厨下式RO反渗透直饮家用,251104-355572191541104,已取消,1	,正常,	,	,,	,	,225501370546	,【24年新品】600G升级版6年长效,1600502140541	,厨房电器,净水器/净水设备及配件耗材,净水器,	,6923185653684	,6923185616399	,	,	,无售后或售后取消,,	,	,,,,,,,否,否,	,否,	,,559.0	,0.0	,0.0	,0.0	,0.0	,0.0	,0.0	,0.0	,559.0	,559.0	,	,	,****,****,****,****,,否,否,	,	,	,否,	,	,	,	,	,	,	,	,	,	,	,	,否,否,	,否,	,,	,否,	,否,,,否
VIOMI云米净水器1000G厨下直饮小体积净水机RO机智显龙头3秒满杯,251104-107751739700890,待发货,1	,正常,2025-11-04 10:55:06,2025-12-05 10:55:07,,	,	,842195971715	,1000G大通量RO净水器,1803617356458	,厨房电器,净水器/净水设备及配件耗材,净水器,	,6923185654247	,	,	,	,无售后或售后取消,,2025-11-04 10:55:07,	,,,,,,,否,否,	,否,	,,866.99	,0.0	,0.0	,86.69	,0.0	,0.0	,0.0	,0.0	,780.3	,866.99	,	,	,湖北省,武汉市,东西湖区,,,否,否,	,	,	,否,	,	,	,	,	,	,	,	,	,	,	,	,否,否,	,否,否,,	,否,	,否,,,否
【重磅新品】云米净水器600G小海豚升级版厨下式RO反渗透直饮家用,251104-460681418273002,已取消,1	,正常,	,	,,	,	,225501370546	,【24年新品】600G升级版6年长效,1600502140541	,厨房电器,净水器/净水设备及配件耗材,净水器,	,6923185653684	,6923185616399	,	,	,无售后或售后取消,,	,	,,,,,,,否,否,	,否,	,,559.0	,0.0	,0.0	,0.0	,0.0	,0.0	,0.0	,0.0	,559.0	,559.0	,	,	,****,****,****,****,,否,否,	,	,	,否,	,	,	,	,	,	,	,	,	,	,	,	,否,否,	,否,	,,	,否,	,否,,,否
云米净水器滤芯小蓝调小海豚600G+专用复合滤芯RO反渗透滤芯过滤,251104-383653015103918,已发货，待收货,2	,正常,2025-11-04 10:43:25,2025-11-05 10:43:26,,2025-11-04 15:12:19,	,296967601341	,5in1复合滤芯 2年长效,1600193054565	,厨房电器,净水器/净水设备及配件耗材,净水器,	,6923185627425	,	,	ZX2511040065830拦截 [viomi诺诺sk 11/04 15:49],	,售后处理中,,2025-11-04 10:43:26,	,,,,,,,否,否,	,否,	,,598.0	,0.0	,5.98	,0.0	,0.0	,0.0	,0.0	,0.0	,592.02	,592.02	,JDV023846955683,京东大件物流,河南省,郑州市,金水区,,,否,否,	,	,	,否,	,	,	,	,	,	,	,	,	,	,	,	,否,否,	,否,否,,	,否,	,否,,,否
【母婴直饮】云米净水器 SE 600G+ 新升级厨下式RO反渗透直饮家用,251104-542375943830042,已发货，待收货,1	,正常,2025-11-04 10:35:13,2025-11-05 10:35:13,,2025-11-04 16:45:11,	,819506595979	,【24年新品】600G升级版6年长效,1787046011387	,厨房电器,净水器/净水设备及配件耗材,净水器,	,6923185653684	,6923185616399	,	,	,无售后或售后取消,,2025-11-04 10:35:13,	,,,,,,,否,否,	,否,	,,748.0	,0.0	,134.64	,74.8	,0.0	,0.0	,0.0	,0.0	,538.56	,613.36	,JDV023850745127,京东大件物流,宁夏回族自治区,中卫市,沙坡头区,,,否,否,	,	,	,否,	,	,	,	,	,	,	,	,	,	,	,	,否,否,	,否,是,3	,商家,否,	,否,,信用卡分期,否
云米净水器滤芯家用小海豚小蓝调小白龙系列专用RO反渗透,251104-440265654683914,未发货，退款成功,1	,正常,2025-11-04 10:55:08,2025-11-06 10:55:08,,	,	,232467205433	,5in1 复合滤芯,1647394585330	,厨房电器,净水器/净水设备及配件耗材,净水器,	,6923185627425	,	,聚水潭已取消发货  已退款  11.4,	,退款成功,,2025-11-04 10:55:08,	,,,,,,,否,否,	,否,	,,149.0	,0.0	,0.0	,0.0	,0.0	,0.0	,0.0	,0.0	,149.0	,149.0	,	,	,辽宁省,铁岭市,银州区,,,否,否,	,	,	,否,	,	,	,	,	,	,	,	,	,	,	,	,否,否,	,否,否,,	,否,	,否,,,否
【母婴直饮】云米净水器 SE 600G+ 新升级厨下式RO反渗透直饮家用,251104-597206044962573,已发货，待收货,1	,正常,2025-11-04 10:34:54,2025-11-05 10:34:54,,2025-11-04 15:12:18,	,819506595979	,【24年新品】600G升级版6年长效,1787046011387	,厨房电器,净水器/净水设备及配件耗材,净水器,	,6923185653684	,6923185616399	,	,	,无售后或售后取消,,2025-11-04 10:34:54,	,,,,,,,否,否,	,否,	,,748.0	,0.0	,129.6	,100.0	,0.0	,0.0	,0.0	,0.0	,518.4	,618.4	,JDV023848596230,京东大件物流,辽宁省,沈阳市,康平县,,,否,否,	,	,	,否,	,	,	,	,	,	,	,	,	,	,	,	,否,否,	,否,否,,	,否,	,否,,,否
【重磅新品】云米净水器600G小海豚升级版厨下式RO反渗透直饮家用,251104-093040187032519,已发货，待收货,1	,正常,2025-11-04 10:33:47,2025-11-05 10:33:47,,2025-11-04 15:12:18,	,225501370546	,【24年新品】600G升级版6年长效,1600502140541	,厨房电器,净水器/净水设备及配件耗材,净水器,	,6923185653684	,6923185616399	,	,	,无售后或售后取消,,2025-11-04 10:33:47,	,,,,,,,否,否,	,否,	,,559.0	,0.0	,0.0	,0.0	,0.0	,0.0	,0.0	,0.0	,559.0	,559.0	,JDV023849687525,京东大件物流,江苏省,南通市,启东市,,,否,否,	,	,	,否,	,	,	,	,	,	,	,	,	,	,	,	,否,否,	,否,否,,	,否,	,否,,,否
云米净水器滤芯小蓝调小海豚600G+专用复合滤芯RO反渗透滤芯过滤,251104-593200464193191,已发货，待收货,2	,正常,2025-11-04 10:32:36,2025-11-05 10:32:36,,2025-11-04 16:45:11,	,296967601341	,5in1复合滤芯 2年长效,1600193054565	,厨房电器,净水器/净水设备及配件耗材,净水器,	,6923185627425	,	,补差后返 到手价 99/支,	,无售后或售后取消,,2025-11-04 10:32:36,	,,,,,,,否,否,	,否,	,,598.0	,0.0	,5.98	,0.0	,0.0	,0.0	,0.0	,0.0	,592.02	,592.02	,JDV023850788739,京东大件物流,广东省,佛山市,南海区,,,否,否,	,	,	,否,	,	,	,	,	,	,	,	,	,	,	,	,否,否,	,否,否,,	,否,	,否,,,否
【重磅新品】云米净水器600G小海豚升级版厨下式RO反渗透直饮家用,251104-497549381953191,已发货，待收货,1	,正常,2025-11-04 10:32:04,2025-11-05 10:32:04,,2025-11-04 16:45:11,	,225501370546	,【24年新品】600G升级版6年长效,1600502140541	,厨房电器,净水器/净水设备及配件耗材,净水器,	,6923185653684	,6923185616399	,	,	,无售后或售后取消,,2025-11-04 10:32:04,	,,,,,,,否,否,	,否,	,,559.0	,0.0	,0.0	,0.0	,0.0	,0.0	,0.0	,0.0	,559.0	,559.0	,JDV023850738942,京东大件物流,广东省,佛山市,南海区,,,否,否,	,	,	,否,	,	,	,	,	,	,	,	,	,	,	,	,否,否,	,否,否,,	,否,	,否,,,否
云米净水器滤芯家用小海豚小蓝调小白龙系列专用RO反渗透,251104-636412311963914,已发货，待收货,1	,正常,2025-11-04 10:30:30,2025-11-06 10:30:30,,2025-11-04 15:12:19,	,232467205433	,5in1 复合滤芯,1647394585330	,厨房电器,净水器/净水设备及配件耗材,净水器,	,6923185627425	,	,	,	,无售后或售后取消,,2025-11-04 10:30:30,	,,,,,,,否,否,	,否,	,,149.0	,0.0	,0.0	,0.0	,0.0	,0.0	,0.0	,0.0	,149.0	,149.0	,JDV023846807113,京东大件物流,辽宁省,铁岭市,银州区,,,否,否,	,	,	,否,	,	,	,	,	,	,	,	,	,	,	,	,否,否,	,否,否,,	,否,	,否,,,否
【重磅新品】云米净水器600G小海豚升级版厨下式RO反渗透直饮家用,251104-214664506912241,已取消,1	,正常,	,	,,	,	,225501370546	,【24年新品】600G升级版6年长效,1600502140541	,厨房电器,净水器/净水设备及配件耗材,净水器,	,6923185653684	,6923185616399	,	,	,无售后或售后取消,,	,	,,,,,,,否,否,	,否,	,,559.0	,0.0	,0.0	,0.0	,0.0	,0.0	,0.0	,0.0	,559.0	,559.0	,	,	,****,****,****,****,,否,否,	,	,	,否,	,	,	,	,	,	,	,	,	,	,	,	,否,否,	,否,	,,	,否,	,否,,,否
【母婴直饮】云米净水器 SE 600G+ 新升级厨下式RO反渗透直饮家用,251104-372747814463156,未发货，退款成功,1	,正常,2025-11-04 20:25:07,2025-11-05 20:25:08,,	,	,819506595979	,【24年新品】600G升级版6年长效,1787046011387	,厨房电器,净水器/净水设备及配件耗材,净水器,	,6923185653684	,6923185616399	,	,	,退款成功,,2025-11-04 20:25:08,	,,,,,,,否,否,	,否,	,,748.0	,0.0	,129.6	,100.0	,0.0	,0.0	,0.0	,0.0	,518.4	,618.4	,	,	,甘肃省,兰州市,永登县,,,否,否,	,	,	,否,	,	,	,	,	,	,	,	,	,	,	,	,否,是,	,否,否,,	,否,	,否,,,否
【重磅新品】云米净水器600G小海豚升级版厨下式RO反渗透直饮家用,251104-124759652642316,已发货，待收货,1	,正常,2025-11-04 10:20:33,2025-11-05 10:20:34,,2025-11-04 15:12:18,	,225501370546	,【24年新品】600G升级版6年长效,1600502140541	,厨房电器,净水器/净水设备及配件耗材,净水器,	,6923185653684	,6923185616399	,	,	,无售后或售后取消,,2025-11-04 10:20:34,	,,,,,,,否,否,	,否,	,,559.0	,0.0	,0.0	,55.9	,0.2	,0.0	,0.0	,0.0	,503.1	,559.0	,JDV023849741984,京东大件物流,江苏省,无锡市,梁溪区,,,否,否,	,	,	,否,	,	,	,	,	,	,	,	,	,	,	,	,否,否,	,否,否,,	,否,	,否,,,否
【重磅新品】云米净水器600G小海豚升级版厨下式RO反渗透直饮家用,251104-309896189563261,已取消,1	,正常,	,	,,	,	,225501370546	,【24年新品】600G升级版6年长效,1600502140541	,厨房电器,净水器/净水设备及配件耗材,净水器,	,6923185653684	,6923185616399	,	,	,无售后或售后取消,,	,	,,,,,,,否,否,	,否,	,,559.0	,0.0	,0.0	,55.9	,0.0	,0.0	,0.0	,0.0	,503.1	,559.0	,	,	,****,****,****,****,,否,否,	,	,	,否,	,	,	,	,	,	,	,	,	,	,	,	,否,否,	,否,	,,	,否,	,否,,,否
云米净水器滤芯家用小海豚小蓝调小白龙系列专用RO反渗透,251104-066458764901407,已发货，待收货,1	,正常,2025-11-04 10:12:48,2025-11-06 10:12:49,,2025-11-04 16:45:11,	,232467205433	,5in1 复合滤芯,1647394585330	,厨房电器,净水器/净水设备及配件耗材,净水器,	,6923185627425	,	,	,	,无售后或售后取消,,2025-11-04 10:12:49,	,,,,,,,否,否,	,否,	,,149.0	,0.0	,0.0	,0.0	,0.0	,0.0	,0.0	,0.0	,149.0	,149.0	,JDV023846747838,京东大件物流,湖南省,长沙市,望城区,,,否,否,	,	,	,否,	,	,	,	,	,	,	,	,	,	,	,	,否,否,	,否,否,,	,否,	,否,,,否
云米AI燃气热水器智控恒温防冻节能安全水质净化精准控温13L强排,251104-619876226590524,已取消,1	,正常,	,	,,	,	,773161065181	,智控恒温燃气热水器,1755671371526	,大家电,热水器,燃气热水器,	,6923185655688	,6923185655688	,	,	,无售后或售后取消,,	,	,,,,,,,否,否,	,否,	,,539.0	,0.0	,0.0	,3.0	,0.0	,0.0	,0.0	,0.0	,536.0	,539.0	,	,	,****,****,****,****,,否,否,	,	,	,否,	,	,	,	,	,	,	,	,	,	,	,	,否,否,	,否,	,,	,否,	,否,,,否
【重磅新品】云米净水器600G小海豚升级版厨下式RO反渗透直饮家用,251104-295415396642316,已取消,1	,正常,	,	,,	,	,225501370546	,【24年新品】600G升级版6年长效,1600502140541	,厨房电器,净水器/净水设备及配件耗材,净水器,	,6923185653684	,6923185616399	,	,	,无售后或售后取消,,	,	,,,,,,,否,否,	,否,	,,559.0	,0.0	,0.0	,55.9	,0.0	,0.0	,0.0	,0.0	,503.1	,559.0	,	,	,****,****,****,****,,否,否,	,	,	,否,	,	,	,	,	,	,	,	,	,	,	,	,否,否,	,否,	,,	,否,	,否,,,否
【重磅新品】云米净水器600G小海豚升级版厨下式RO反渗透直饮家用,251104-481694912951293,已取消,1	,正常,	,	,,	,	,225501370546	,【24年新品】600G升级版6年长效,1600502140541	,厨房电器,净水器/净水设备及配件耗材,净水器,	,6923185653684	,6923185616399	,	,	,无售后或售后取消,,	,	,,,,,,,否,否,	,否,	,,559.0	,0.0	,0.0	,5.0	,0.0	,0.0	,0.0	,0.0	,554.0	,559.0	,	,	,****,****,****,****,,否,否,	,	,	,否,	,	,	,	,	,	,	,	,	,	,	,	,否,否,	,否,	,,	,否,	,否,,,否
云米全自动智能门锁人脸猫眼密码指纹安全防撬大屏锁已接入米家AP,251104-603979856292132,未发货，退款成功,1	,正常,2025-11-04 10:07:27,2025-11-05 10:07:27,,	,	,804409121514	,LBT16A【人脸猫眼】智能门锁,1778430742491	,基础建材,智能门锁/电子锁,智能门锁/电子锁,	,6923185652724	,	,晒单返50 聚水潭已取消发货  已退款  11.4,	,退款成功,,2025-11-04 10:07:27,	,,,,,,,否,否,	,否,	,,849.0	,0.0	,0.0	,100.0	,0.0	,0.0	,0.0	,0.0	,749.0	,849.0	,	,	,山西省,运城市,闻喜县,,,否,否,	,	,	,否,	,	,	,	,	,	,	,	,	,	,	,	,否,否,	,否,否,,	,否,	,否,,,否
云米即热净水器厨房家用直饮RO反渗透加热净饮一体机1000G,251104-322541985361551,已发货，待收货,1	,正常,2025-11-04 09:58:58,2025-11-05 09:58:59,,2025-11-04 16:45:11,	,846360072018	,即热直饮 1000G大通量,1807240839093	,厨房电器,净水器/净水设备及配件耗材,净水器,	,6923185651116	,6923185651116	,	,	,无售后或售后取消,,2025-11-04 09:58:59,	,,,,,,,否,否,	,否,	,,1618.0	,0.0	,324.0	,100.0	,15.0	,0.0	,0.0	,0.0	,1194.0	,1294.0	,JDV023850749221,京东大件物流,福建省,泉州市,丰泽区,,,否,否,	,	,	,否,	,	,	,	,	,	,	,	,	,	,	,	,否,否,	,否,否,,	,否,	,否,,,否
云米净水器滤芯小蓝调小海豚600G+专用复合滤芯RO反渗透滤芯过滤,251104-521268160880210,已发货，待收货,1	,正常,2025-11-04 09:46:34,2025-11-05 09:46:34,,2025-11-04 20:41:46,	,296967601341	,5in1复合滤芯 2年长效,1600193054565	,厨房电器,净水器/净水设备及配件耗材,净水器,	,6923185627425	,	,补差后返 到手价99 ZX2511040065883 催发,	,无售后或售后取消,,2025-11-04 09:46:34,	,,,,,,,否,否,	,否,	,,299.0	,0.0	,0.0	,10.0	,0.0	,0.0	,0.0	,0.0	,289.0	,299.0	,JDV023848767815,京东大件物流,四川省,成都市,青羊区,,,否,否,	,	,	,否,	,	,	,	,	,	,	,	,	,	,	,	,否,否,	,否,否,,	,否,	,否,,,否
云米顶侧双吸大吸力低噪油烟机猛火液化气聚能灶智能套装家用厨房,251104-381398566553962,已发货，待收货,1	,正常,2025-11-04 09:45:51,2025-11-05 09:45:52,,2025-11-04 20:41:46,	,674950510509	,【烟灶套装】顶侧双吸烟机+5.0KW灶（天）,1744061180430	,大家电,厨房大电,烟灶消套装,	,S2405071349001,S2501061036001,收货晒单赠送清洁剂 ZX2511040065883 催发,	,无售后或售后取消,,2025-11-04 09:45:52,	,,,,,,,否,否,	,否,	,,1079.0	,0.0	,0.0	,50.0	,40.0	,0.0	,0.0	,0.0	,1029.0	,1079.0	,JDV023851100664,京东大件物流,四川省,广元市,利州区,,,否,否,	,	,	,否,	,	,	,	,	,	,	,	,	,	,	,	,否,否,	,否,是,3	,消费者,否,	,否,,信用卡分期,否
云米即热净水器厨房家用直饮RO反渗透加热净饮一体机1000G,251104-292647093841551,已取消,1	,正常,	,	,,	,	,846360072018	,即热直饮 1000G大通量,1807240839093	,厨房电器,净水器/净水设备及配件耗材,净水器,	,6923185651116	,6923185651116	,	,	,无售后或售后取消,,	,	,,,,,,,否,否,	,否,	,,1618.0	,0.0	,324.0	,100.0	,0.0	,0.0	,0.0	,0.0	,1194.0	,1294.0	,	,	,****,****,****,****,,否,否,	,	,	,否,	,	,	,	,	,	,	,	,	,	,	,	,否,否,	,否,	,,	,否,	,否,,,否
云米智能双胆电热水器扁桶家用速热储水式60L超薄抑菌节能大水量,251104-081883307631457,已发货，待收货,1	,正常,2025-11-04 09:50:14,2025-11-05 09:50:14,,2025-11-04 16:45:11,	,290130975552	,"纤薄安全节能60L,双胆扁桶",1756848157332	,大家电,热水器,电热水器,	,6923185610410	,6923185610410	,	,	,无售后或售后取消,,2025-11-04 09:50:14,	,,,,,,,否,否,	,否,	,,739.0	,0.0	,0.0	,36.95	,0.0	,0.0	,0.0	,0.0	,702.05	,739.0	,JDV023850724561,京东大件物流,江西省,南昌市,安义县,,,否,否,	,	,	,否,	,	,	,	,	,	,	,	,	,	,	,	,否,否,	,否,否,,	,否,	,否,,,否
云米即热净水器厨房家用直饮RO反渗透加热净饮一体机1000G,251104-589918389912433,已发货，待收货,1	,正常,2025-11-04 09:36:21,2025-11-05 09:36:21,,2025-11-04 15:12:19,	,846360072018	,即热直饮 1000G大通量,1807240839093	,厨房电器,净水器/净水设备及配件耗材,净水器,	,6923185651116	,6923185651116	,	,	,无售后或售后取消,,2025-11-04 09:36:21,	,,,,,,,否,否,	,否,	,,1618.0	,0.0	,324.0	,100.0	,0.2	,0.0	,0.0	,0.0	,1194.0	,1294.0	,JDV023850738590,京东大件物流,宁夏回族自治区,银川市,金凤区,,,否,否,	,	,	,否,	,	,	,	,	,	,	,	,	,	,	,	,否,否,	,否,否,,	,否,	,否,,,否
云米AI燃气热水器智控恒温防冻节能安全水质净化精准控温13L强排,251104-078234304814069,已取消,1	,正常,	,	,,	,	,773161065181	,智控恒温燃气热水器,1755671371526	,大家电,热水器,燃气热水器,	,6923185655688	,6923185655688	,	,	,无售后或售后取消,,	,	,,,,,,,否,否,	,否,	,,539.0	,0.0	,0.0	,0.0	,0.0	,0.0	,0.0	,0.0	,539.0	,539.0	,	,	,****,****,****,****,,否,否,	,	,	,否,	,	,	,	,	,	,	,	,	,	,	,	,否,否,	,否,	,,	,否,	,否,,,否
【重磅新品】云米净水器600G小海豚升级版厨下式RO反渗透直饮家用,251104-102341025292951,已取消,1	,正常,	,	,,	,	,225501370546	,【24年新品】600G升级版6年长效,1600502140541	,厨房电器,净水器/净水设备及配件耗材,净水器,	,6923185653684	,6923185616399	,	,	,无售后或售后取消,,	,	,,,,,,,否,否,	,否,	,,559.0	,0.0	,0.0	,0.0	,0.0	,0.0	,0.0	,0.0	,559.0	,559.0	,	,	,****,****,****,****,,否,否,	,	,	,否,	,	,	,	,	,	,	,	,	,	,	,	,否,否,	,否,	,,	,否,	,否,,,否
云米净水器滤芯小蓝调小海豚600G+专用复合滤芯RO反渗透滤芯过滤,251104-062002348322706,已发货，待收货,1	,正常,2025-11-04 09:28:03,2025-11-05 09:28:03,,2025-11-04 14:29:37,	,296967601341	,5in1复合滤芯 2年长效,1600193054565	,厨房电器,净水器/净水设备及配件耗材,净水器,	,6923185627425	,	,到手价99元,	,无售后或售后取消,,2025-11-04 09:28:03,	,,,,,,,否,否,	,否,	,,299.0	,0.0	,0.0	,0.0	,0.0	,0.0	,0.0	,0.0	,299.0	,299.0	,JDV023845368067,京东大件物流,湖北省,武汉市,江夏区,,,否,否,	,	,	,否,	,	,	,	,	,	,	,	,	,	,	,	,否,否,	,否,否,,	,否,	,否,,,否
云米蓝调2双胆电热水器60L超短超薄速热增容大水量3000W杀菌安全,251104-282245209742831,已发货，待收货,1	,正常,2025-11-04 09:24:56,2025-11-05 09:24:56,,2025-11-04 20:41:46,	,846212481564	,超薄超短电热水器60L,1807140932949	,大家电,热水器,电热水器,	,6923185657057	,6923185657057	,ZX2511040065883 催发,	,无售后或售后取消,,2025-11-04 09:24:56,	,,,,,,,否,否,	,否,	,,1019.15	,0.0	,0.0	,50.0	,0.0	,0.0	,0.0	,0.0	,969.15	,1019.15	,JDV023854071204,京东大件物流,云南省,昆明市,东川区,,,否,否,	,	,	,否,	,	,	,	,	,	,	,	,	,	,	,	,否,否,	,否,否,,	,否,	,否,,,否
云米智能双胆电热水器扁桶家用速热储水式60L超薄抑菌节能大水量,251104-262374714993732,未发货，退款成功,1	,正常,2025-11-04 09:23:12,2025-11-05 09:23:12,,	,	,290130975552	,"纤薄安全节能60L,双胆扁桶",1756848157332	,大家电,热水器,电热水器,	,6923185610410	,6923185610410	,已挂起锁定 无需发货 已退款成功 11.4,	,退款成功,,2025-11-04 09:23:12,	,,,,,,,否,否,	,否,	,,739.0	,0.0	,0.0	,0.0	,0.0	,0.0	,0.0	,0.0	,739.0	,739.0	,	,	,广西壮族自治区,玉林市,福绵区,,,否,否,	,	,	,否,	,	,	,	,	,	,	,	,	,	,	,	,否,否,	,否,否,,	,否,	,否,,,否
VIOMI云米净水器1000G厨下直饮小体积净水机RO机智显龙头3秒满杯,251104-219823490613995,已取消,1	,正常,	,	,,	,	,842195971715	,1000G大通量RO净水器,1803617356458	,厨房电器,净水器/净水设备及配件耗材,净水器,	,6923185654247	,	,	,	,无售后或售后取消,,	,	,,,,,,,否,否,	,否,	,,866.99	,0.0	,0.0	,100.0	,0.0	,0.0	,0.0	,0.0	,766.99	,866.99	,	,	,****,****,****,****,,否,否,	,	,	,否,	,	,	,	,	,	,	,	,	,	,	,	,否,否,	,否,	,,	,否,	,否,,,否
Viomi云米净水器1000G厨下式RO反渗透直饮过滤器净饮小海豚2,251104-530474647882165,已发货，待收货,1	,正常,2025-11-04 09:19:34,2025-11-05 09:19:34,,2025-11-04 15:12:19,	,205458105137	,小海豚2包安装1000G大加仑,1802849942800	,厨房电器,净水器/净水设备及配件耗材,净水器,	,6923185654865	,	,	,	,无售后或售后取消,,2025-11-04 09:19:34,	,,,,,,,否,否,	,否,	,,999.0	,0.0	,0.0	,99.9	,5.0	,0.0	,0.0	,0.0	,899.1	,999.0	,JDV023850771864,京东大件物流,福建省,泉州市,惠安县,,,否,否,	,	,	,否,	,	,	,	,	,	,	,	,	,	,	,	,否,否,	,否,否,,	,否,	,否,,,否
【重磅新品】云米净水器600G小海豚升级版厨下式RO反渗透直饮家用,251104-353915409940883,已发货，待收货,1	,正常,2025-11-04 09:18:37,2025-11-05 09:18:37,,2025-11-04 16:45:11,	,225501370546	,【24年新品】600G升级版6年长效,1600502140541	,厨房电器,净水器/净水设备及配件耗材,净水器,	,6923185653684	,6923185616399	,	,	,无售后或售后取消,,2025-11-04 09:18:37,	,,,,,,,否,否,	,否,	,,559.0	,0.0	,0.0	,0.0	,0.0	,0.0	,0.0	,0.0	,559.0	,559.0	,JDV023850739895,京东大件物流,陕西省,咸阳市,渭城区,,,否,否,	,	,	,否,	,	,	,	,	,	,	,	,	,	,	,	,否,否,	,否,是,3	,商家,否,	,否,,信用卡分期,否
【重磅新品】云米净水器600G小海豚升级版厨下式RO反渗透直饮家用,251104-476787577240785,已发货，待收货,1	,正常,2025-11-04 09:09:48,2025-11-05 09:09:49,,2025-11-04 14:29:37,	,225501370546	,【24年新品】600G升级版6年长效,1600502140541	,厨房电器,净水器/净水设备及配件耗材,净水器,	,6923185653684	,6923185616399	,	,	,无售后或售后取消,,2025-11-04 09:09:49,	,,,,,,,否,否,	,否,	,,559.0	,0.0	,0.0	,0.0	,0.0	,0.0	,0.0	,0.0	,559.0	,559.0	,JDV023849664046,京东大件物流,江苏省,常州市,金坛区,,,否,否,	,	,	,否,	,	,	,	,	,	,	,	,	,	,	,	,否,否,	,否,否,,	,否,	,否,,,否
VIOMI云米净水器1000G厨下直饮小体积净水机RO机智显龙头3秒满杯,251104-444963305890333,未发货，退款成功,1	,正常,2025-11-04 09:09:44,2025-11-05 09:09:44,,	,	,842195971715	,1000G大通量RO净水器,1803617356458	,厨房电器,净水器/净水设备及配件耗材,净水器,	,6923185654247	,	,聚水潭已取消发货  已退款  11.4,	,退款成功,,2025-11-04 09:09:44,	,,,,,,,否,否,	,否,	,,866.99	,0.0	,0.0	,50.0	,15.0	,0.0	,0.0	,0.0	,816.99	,866.99	,	,	,辽宁省,鞍山市,立山区,,,否,否,	,	,	,否,	,	,	,	,	,	,	,	,	,	,	,	,否,否,	,否,否,,	,否,	,否,,,否
【母婴直饮】云米净水器 SE 600G+ 新升级厨下式RO反渗透直饮家用,251104-291189583363734,已发货，待收货,1	,正常,2025-11-04 09:06:03,2025-11-05 09:06:04,,2025-11-04 14:29:37,	,819506595979	,【24年新品】600G升级版6年长效,1787046011387	,厨房电器,净水器/净水设备及配件耗材,净水器,	,6923185653684	,6923185616399	,	,	,无售后或售后取消,,2025-11-04 09:06:04,	,,,,,,,否,否,	,否,	,,748.0	,0.0	,130.15	,97.24	,0.0	,0.0	,0.0	,0.0	,520.61	,617.85	,JDV023849690270,京东大件物流,湖北省,黄石市,下陆区,,,否,否,	,	,	,否,	,	,	,	,	,	,	,	,	,	,	,	,否,否,	,否,否,,	,否,	,否,,,否
【重磅新品】云米净水器600G小海豚升级版厨下式RO反渗透直饮家用,251104-578436492803734,未发货，退款成功,1	,正常,2025-11-04 09:00:29,2025-11-05 09:00:29,,	,	,225501370546	,【24年新品】600G升级版6年长效,1600502140541	,厨房电器,净水器/净水设备及配件耗材,净水器,	,6923185653684	,6923185616399	,聚水潭已取消发货，仅退款  诚11.4,	,退款成功,,2025-11-04 09:00:29,	,,,,,,,否,否,	,否,	,,559.0	,0.0	,0.0	,0.0	,15.0	,0.0	,0.0	,0.0	,559.0	,559.0	,	,	,湖北省,黄石市,下陆区,,,否,否,	,	,	,否,	,	,	,	,	,	,	,	,	,	,	,	,否,否,	,否,否,,	,否,	,否,,,否
【重磅新品】云米净水器600G小海豚升级版厨下式RO反渗透直饮家用,251104-150407790951680,已取消,1	,正常,	,	,,	,	,225501370546	,【24年新品】600G升级版6年长效,1600502140541	,厨房电器,净水器/净水设备及配件耗材,净水器,	,6923185653684	,6923185616399	,	,	,无售后或售后取消,,	,	,,,,,,,否,否,	,否,	,,559.0	,0.0	,0.0	,55.9	,0.0	,0.0	,0.0	,0.0	,503.1	,559.0	,	,	,****,****,****,****,,否,否,	,	,	,否,	,	,	,	,	,	,	,	,	,	,	,	,否,否,	,否,	,,	,否,	,否,,,否
云米小厨宝6L电热水器厨房卫生间出水恒温储水式小型速热神器加热,251104-172218150540488,已发货，待收货,1	,正常,2025-11-04 08:53:44,2025-11-05 08:53:44,,2025-11-04 15:12:18,	,208073193570	,热水即刻有-【6L】,1801828025682	,大家电,热水器,厨宝,	,6923185611233	,6923185611233	,	,	,无售后或售后取消,,2025-11-04 08:53:44,	,,,,,,,否,否,	,否,	,,254.0	,0.0	,0.0	,20.0	,0.0	,0.0	,0.0	,0.0	,234.0	,254.0	,JDV023850734246,京东大件物流,福建省,宁德市,屏南县,,,否,否,	,	,	,否,	,	,	,	,	,	,	,	,	,	,	,	,否,否,	,否,否,,	,否,	,否,,,否
云米即热净水器厨房家用直饮RO反渗透加热净饮一体机1000G,251104-582557448503090,已发货，待收货,1	,正常,2025-11-04 08:48:41,2025-11-05 08:48:41,,2025-11-04 15:12:19,	,846360072018	,即热直饮 1000G大通量,1807240839093	,厨房电器,净水器/净水设备及配件耗材,净水器,	,6923185651116	,6923185651116	,	,	,无售后或售后取消,,2025-11-04 08:48:41,	,,,,,,,否,否,	,否,	,,1618.0	,0.0	,324.0	,80.0	,0.0	,0.0	,0.0	,0.0	,1214.0	,1294.0	,JDV023850752883,京东大件物流,上海市,上海市,青浦区,,,否,否,	,	,	,否,	,	,	,	,	,	,	,	,	,	,	,	,否,否,	,否,否,,	,否,	,否,,,否
云米智能双胆电热水器扁桶家用速热储水式60L超薄抑菌节能大水量,251104-148939794843034,已取消,1	,正常,	,	,,	,	,290130975552	,"纤薄安全节能60L,双胆扁桶",1756848157332	,大家电,热水器,电热水器,	,6923185610410	,6923185610410	,	,	,无售后或售后取消,,	,	,,,,,,,否,否,	,否,	,,739.0	,0.0	,0.0	,100.0	,0.0	,0.0	,0.0	,0.0	,639.0	,739.0	,	,	,****,****,****,****,,否,否,	,	,	,否,	,	,	,	,	,	,	,	,	,	,	,	,否,否,	,否,	,,	,否,	,否,,,否
云米智能AI门锁3D指纹密码蓝牙可连大容量续航家用公寓自动安全,251104-219425031791038,已发货，待收货,1	,正常,2025-11-04 08:45:28,2025-11-05 08:45:29,,2025-11-04 15:12:18,	,743885774552	,"云米蓝调指纹密码锁LBT11C,黑色",1734954999916	,基础建材,智能门锁/电子锁,智能门锁/电子锁,	,6923185655381	,6923185655381	,	,	,无售后或售后取消,,2025-11-04 08:45:29,	,,,,,,,否,否,	,否,	,,662.0	,0.0	,34.0	,100.0	,1.05	,0.0	,0.0	,0.0	,528.0	,628.0	,JDV023849687427,京东大件物流,湖北省,武汉市,洪山区,,,否,否,	,	,	,否,	,	,	,	,	,	,	,	,	,	,	,	,否,否,	,否,否,,	,否,	,否,,,否
云米即热净水器厨房家用直饮RO反渗透加热净饮一体机1000G,251104-082522939000801,已取消,1	,正常,	,	,,	,	,846360072018	,即热直饮 1000G大通量,1807240839093	,厨房电器,净水器/净水设备及配件耗材,净水器,	,6923185651116	,6923185651116	,	,	,无售后或售后取消,,	,	,,,,,,,否,否,	,否,	,,1618.0	,0.0	,324.0	,80.0	,0.0	,0.0	,0.0	,0.0	,1214.0	,1294.0	,	,	,****,****,****,****,,否,否,	,	,	,否,	,	,	,	,	,	,	,	,	,	,	,	,否,否,	,否,	,,	,否,	,否,,,否
【重磅新品】云米净水器600G小海豚升级版厨下式RO反渗透直饮家用,251104-313524262432280,已发货，待收货,1	,正常,2025-11-04 08:27:56,2025-11-05 08:27:57,,2025-11-04 16:45:11,	,225501370546	,【24年新品】600G升级版6年长效,1600502140541	,厨房电器,净水器/净水设备及配件耗材,净水器,	,6923185653684	,6923185616399	,	,	,无售后或售后取消,,2025-11-04 08:27:57,	,,,,,,,否,否,	,否,	,,559.0	,0.0	,0.0	,0.0	,0.0	,0.0	,0.0	,0.0	,559.0	,559.0	,JDV023846638164,京东大件物流,新疆维吾尔自治区,和田地区,民丰县,,,否,否,	,	,	,否,	,	,	,	,	,	,	,	,	,	,	,	,否,否,	,否,否,,	,否,	,否,,,否
云米净水器滤芯小蓝调小海豚600G+专用复合滤芯RO反渗透滤芯过滤,251104-326002286112280,待发货,2	,正常,2025-11-04 08:52:07,2025-11-05 08:52:07,,	,	,296967601341	,5in1复合滤芯 2年长效,1600193054565	,厨房电器,净水器/净水设备及配件耗材,净水器,	,6923185627425	,	,待提供大陆手机号 13999439221  ZX2511040065883 催发,	,无售后或售后取消,,2025-11-04 08:52:07,	,,,,,,,否,否,	,否,中国新疆中转,,598.0	,0.0	,5.98	,0.0	,0.0	,0.0	,0.0	,0.0	,592.02	,592.02	,	,	,陕西省,咸阳市,渭城区,,,否,否,	,	,	,否,	,	,	,	,	,	,	,	,	,	,	,	,否,否,	,否,否,,	,否,	,否,,,否
VIOMI云米净水器1000G厨下直饮小体积净水机RO机智显龙头3秒满杯,251104-231966010973076,待发货,1	,正常,2025-11-04 08:23:01,2025-12-05 08:23:02,,	,	,842195971715	,1000G大通量RO净水器,1803617356458	,厨房电器,净水器/净水设备及配件耗材,净水器,	,6923185654247	,	,延迟发货已登 [viomi莉莉sk 11/04 09:38],	,无售后或售后取消,,2025-11-04 08:23:02,	,,,,,,,否,否,	,否,	,,866.99	,0.0	,0.0	,100.0	,0.2	,0.0	,0.0	,0.0	,766.99	,866.99	,	,	,河北省,邢台市,信都区,,,否,否,	,	,	,否,	,	,	,	,	,	,	,	,	,	,	,	,否,否,	,否,否,,	,否,	,否,,,否
云米小厨宝6L电热水器厨房卫生间出水恒温储水式小型速热神器加热,251104-488552537632501,已取消,1	,正常,	,	,,	,	,208073193570	,热水即刻有-【6L】,1801828025682	,大家电,热水器,厨宝,	,6923185611233	,6923185611233	,	,	,无售后或售后取消,,	,	,,,,,,,否,否,	,否,	,,254.0	,0.0	,0.0	,20.0	,0.0	,0.0	,0.0	,0.0	,234.0	,254.0	,	,	,****,****,****,****,,否,否,	,	,	,否,	,	,	,	,	,	,	,	,	,	,	,	,否,否,	,否,	,,	,否,	,否,,,否
【重磅新品】云米净水器600G小海豚升级版厨下式RO反渗透直饮家用,251104-502404257430259,已发货，待收货,1	,正常,2025-11-04 08:13:13,2025-11-05 08:13:13,,2025-11-04 14:29:37,	,225501370546	,【24年新品】600G升级版6年长效,1600502140541	,厨房电器,净水器/净水设备及配件耗材,净水器,	,6923185653684	,6923185616399	,	,	,无售后或售后取消,,2025-11-04 08:13:13,	,,,,,,,否,否,	,否,	,,559.0	,0.0	,0.0	,0.0	,1.11	,0.0	,0.0	,0.0	,559.0	,559.0	,JDV023845222404,京东大件物流,山西省,长治市,沁源县,,,否,否,	,	,	,否,	,	,	,	,	,	,	,	,	,	,	,	,否,否,	,否,否,,	,否,	,否,,,否
云米小厨宝6L电热水器厨房卫生间出水恒温储水式小型速热神器加热,251104-542575215000954,未发货，退款成功,1	,正常,2025-11-04 08:12:33,2025-11-05 08:12:34,,	,	,208073193570	,热水即刻有-【6L】,1801828025682	,大家电,热水器,厨宝,	,6923185611233	,6923185611233	,聚水潭已取消发货，仅退款  诚11.4,	,退款成功,,2025-11-04 08:12:34,	,,,,,,,否,否,	,否,	,,254.0	,0.0	,0.0	,17.78	,0.0	,0.0	,0.0	,0.0	,236.22	,254.0	,	,	,江苏省,泰州市,兴化市,,,否,否,	,	,	,否,	,	,	,	,	,	,	,	,	,	,	,	,否,否,	,否,否,,	,否,	,否,,,否
【重磅新品】云米净水器600G小海豚升级版厨下式RO反渗透直饮家用,251104-606999682701321,已发货，待收货,1	,正常,2025-11-04 08:12:46,2025-11-05 08:12:46,,2025-11-04 16:45:11,	,225501370546	,【24年新品】600G升级版6年长效,1600502140541	,厨房电器,净水器/净水设备及配件耗材,净水器,	,6923185653684	,6923185616399	,	,	,无售后或售后取消,,2025-11-04 08:12:46,	,,,,,,,否,否,	,否,	,,559.0	,0.0	,0.0	,0.0	,0.0	,0.0	,0.0	,0.0	,559.0	,559.0	,JDV023846616313,京东大件物流,福建省,漳州市,芗城区,,,否,否,	,	,	,否,	,	,	,	,	,	,	,	,	,	,	,	,否,否,	,否,否,,	,否,	,否,,,否
云米智能双胆电热水器扁桶家用速热储水式60L超薄抑菌节能大水量,251104-194007591323034,已取消,1	,正常,	,	,,	,	,290130975552	,"纤薄安全节能60L,双胆扁桶",1756848157332	,大家电,热水器,电热水器,	,6923185610410	,6923185610410	,	,	,无售后或售后取消,,	,	,,,,,,,否,否,	,否,	,,739.0	,0.0	,0.0	,100.0	,0.0	,0.0	,0.0	,0.0	,639.0	,739.0	,	,	,****,****,****,****,,否,否,	,	,	,否,	,	,	,	,	,	,	,	,	,	,	,	,否,否,	,否,	,,	,否,	,否,,,否
【母婴直饮】云米净水器 SE 600G+ 新升级厨下式RO反渗透直饮家用,251104-492537168283202,已发货，待收货,1	,正常,2025-11-04 08:15:36,2025-11-05 08:15:36,,2025-11-04 14:29:37,	,819506595979	,【24年新品】600G升级版6年长效,1787046011387	,厨房电器,净水器/净水设备及配件耗材,净水器,	,6923185653684	,6923185616399	,	,	,无售后或售后取消,,2025-11-04 08:15:36,	,,,,,,,否,否,	,否,	,,748.0	,0.0	,139.6	,50.0	,0.0	,0.0	,0.0	,0.0	,558.4	,608.4	,JDV023845155703,京东大件物流,天津市,天津市,河西区,,,否,否,	,	,	,否,	,	,	,	,	,	,	,	,	,	,	,	,否,否,	,否,否,,	,否,	,否,,,否
【重磅新品】云米净水器600G小海豚升级版厨下式RO反渗透直饮家用,251104-491331274272280,已取消,1	,正常,	,	,,	,	,225501370546	,【24年新品】600G升级版6年长效,1600502140541	,厨房电器,净水器/净水设备及配件耗材,净水器,	,6923185653684	,6923185616399	,	,	,无售后或售后取消,,	,	,,,,,,,否,否,	,否,	,,559.0	,0.0	,0.0	,0.0	,0.0	,0.0	,0.0	,0.0	,559.0	,559.0	,	,	,****,****,****,****,,否,否,	,	,	,否,	,	,	,	,	,	,	,	,	,	,	,	,否,否,	,否,	,,	,否,	,否,,,否
【重磅新品】云米净水器600G小海豚升级版厨下式RO反渗透直饮家用,251104-054966382230259,已取消,1	,正常,	,	,,	,	,225501370546	,【24年新品】600G升级版6年长效,1600502140541	,厨房电器,净水器/净水设备及配件耗材,净水器,	,6923185653684	,6923185616399	,	,	,无售后或售后取消,,	,	,,,,,,,否,否,	,否,	,,559.0	,0.0	,0.0	,0.0	,0.0	,0.0	,0.0	,0.0	,559.0	,559.0	,	,	,****,****,****,****,,否,否,	,	,	,否,	,	,	,	,	,	,	,	,	,	,	,	,否,否,	,否,	,,	,否,	,否,,,否
云米顶侧大吸力蓝调油烟机家用厨房节能自清洁一级能效可挥手智控,251104-531890204252864,已发货，待收货,1	,正常,2025-11-04 07:46:47,2025-11-05 07:46:47,,2025-11-04 14:29:39,	,657344402006	,云米智清洁挥手智控单烟机,1723825075586	,大家电,厨房大电,油烟机,	,6923185650973	,6923185650973	,	,	,无售后或售后取消,,2025-11-04 07:46:47,	,,,,,,,否,否,	,否,	,,839.0	,0.0	,42.0	,20.0	,0.0	,0.0	,0.0	,0.0	,777.0	,797.0	,JDV023845405265,京东大件物流,安徽省,合肥市,瑶海区,,,否,否,	,	,	,否,	,	,	,	,	,	,	,	,	,	,	,	,否,否,	,否,否,,	,否,	,否,,,否
云米矿泉台式净饮机即热式饮水机直饮家用矿化加热一体机净水器,251104-225401977121429,已发货，待收货,1	,正常,2025-11-04 07:36:53,2025-11-06 07:36:53,,2025-11-04 15:12:20,	,826920121377	,spuer2,1792670253677	,厨房电器,台式净饮机,台式净饮机,	,6923185615415	,6923185615415	,	,	,无售后或售后取消,,2025-11-04 07:36:53,	,,,,,,,否,否,	,否,	,,1139.0	,0.0	,153.76	,113.9	,0.0	,0.0	,0.0	,0.0	,871.34	,985.24	,JDV023844806952,京东大件物流,辽宁省,沈阳市,沈北新区,,,否,否,	,	,	,否,	,	,	,	,	,	,	,	,	,	,	,	,否,否,	,否,否,,	,否,	,否,,,否
云米矿泉台式净饮机即热式饮水机直饮家用矿化加热一体机净水器,251104-049429942561429,已取消,1	,正常,	,	,,	,	,826920121377	,spuer2,1792670253677	,厨房电器,台式净饮机,台式净饮机,	,6923185615415	,6923185615415	,	,	,无售后或售后取消,,	,	,,,,,,,否,否,	,否,	,,1139.0	,0.0	,153.76	,113.9	,0.0	,0.0	,0.0	,0.0	,871.34	,985.24	,	,	,****,****,****,****,,否,否,	,	,	,否,	,	,	,	,	,	,	,	,	,	,	,	,否,否,	,否,	,,	,否,	,否,,,否
云米AI燃气热水器智控恒温防冻节能安全水质净化精准控温13L强排,251104-453110741431747,已发货，待收货,1	,正常,2025-11-04 07:10:34,2025-11-05 07:10:34,,2025-11-04 14:29:38,	,773161065181	,智控恒温燃气热水器,1755671371526	,大家电,热水器,燃气热水器,	,6923185655688	,6923185655688	,	,	,无售后或售后取消,,2025-11-04 07:10:34,	,,,,,,,否,否,	,否,	,,539.0	,0.0	,0.0	,50.0	,0.0	,0.0	,0.0	,0.0	,489.0	,539.0	,JDV023849659823,京东大件物流,河南省,郑州市,惠济区,,,否,否,	,	,	,否,	,	,	,	,	,	,	,	,	,	,	,	,否,否,	,否,否,,	,否,	,否,,,否
【重磅新品】云米净水器600G小海豚升级版厨下式RO反渗透直饮家用,251104-593116588373501,未发货，退款成功,1	,正常,2025-11-04 07:08:37,2025-11-05 07:08:37,,	,	,225501370546	,【24年新品】600G升级版6年长效,1600502140541	,厨房电器,净水器/净水设备及配件耗材,净水器,	,6923185653684	,6923185616399	,聚水潭已取消发货，仅退款  诚11.4 ,	,退款成功,,2025-11-04 07:08:37,	,,,,,,,否,否,	,否,	,,559.0	,0.0	,0.0	,50.0	,0.0	,0.0	,0.0	,0.0	,509.0	,559.0	,	,	,广东省,深圳市,福田区,,,否,否,	,	,	,否,	,	,	,	,	,	,	,	,	,	,	,	,否,否,	,否,否,,	,否,	,否,,,否
【重磅新品】云米净水器600G小海豚升级版厨下式RO反渗透直饮家用,251104-372831752632547,未发货，退款成功,1	,正常,2025-11-04 07:02:33,2025-11-05 07:02:33,,	,	,225501370546	,【24年新品】600G升级版6年长效,1600502140541	,厨房电器,净水器/净水设备及配件耗材,净水器,	,6923185653684	,6923185616399	,ZX2511040065790 拦截 11.4,	,退款成功,,2025-11-04 07:02:33,	,,,,,,,否,否,	,否,	,,559.0	,0.0	,0.0	,0.0	,0.2	,0.0	,0.0	,0.0	,559.0	,559.0	,	,	,河南省,平顶山市,鲁山县,,,否,否,	,	,	,否,	,	,	,	,	,	,	,	,	,	,	,	,否,否,	,否,否,,	,否,	,否,,,否
【母婴直饮】云米净水器 SE 600G+ 新升级厨下式RO反渗透直饮家用,251104-164175593761603,已发货，待收货,1	,正常,2025-11-04 07:01:41,2025-11-05 07:01:41,,2025-11-04 14:29:38,	,819506595979	,【24年新品】600G升级版6年长效,1787046011387	,厨房电器,净水器/净水设备及配件耗材,净水器,	,6923185653684	,6923185616399	,	,	,无售后或售后取消,,2025-11-04 07:01:41,	,,,,,,,否,否,	,否,	,,748.0	,0.0	,129.6	,100.0	,0.0	,0.0	,0.0	,0.0	,518.4	,618.4	,JDV023845397675,京东大件物流,上海市,上海市,长宁区,,,否,否,	,	,	,否,	,	,	,	,	,	,	,	,	,	,	,	,否,否,	,否,否,,	,否,	,否,,,否
【冷热直饮套装】云米净水器家用厨下管线机套装一键即热制冷直饮,251104-072184021432454,已取消,1	,正常,	,	,,	,	,480070620581	,【冷热净水直饮套装】新品净水器+冷热管线机,1620106386127	,厨房电器,净水器/净水设备及配件耗材,净水器,	,S2407170910001,	,	,	,无售后或售后取消,,	,	,,,,,,,否,否,	,否,	,,1429.0	,0.0	,0.0	,0.0	,0.0	,0.0	,0.0	,0.0	,1429.0	,1429.0	,	,	,****,****,****,****,,否,否,	,	,	,否,	,	,	,	,	,	,	,	,	,	,	,	,否,否,	,否,	,,	,否,	,否,,,否
【重磅新品】云米净水器600G小海豚升级版厨下式RO反渗透直饮家用,251104-267051385261795,已发货，待收货,1	,正常,2025-11-04 06:48:27,2025-11-05 06:48:28,,2025-11-04 14:29:39,	,225501370546	,【24年新品】600G升级版6年长效,1600502140541	,厨房电器,净水器/净水设备及配件耗材,净水器,	,6923185653684	,6923185616399	,	,	,无售后或售后取消,,2025-11-04 06:48:28,	,,,,,,,否,否,	,否,	,,559.0	,0.0	,0.0	,15.0	,1.08	,0.0	,0.0	,0.0	,544.0	,559.0	,JDV023844168826,京东大件物流,天津市,天津市,滨海新区,,,否,否,	,	,	,否,	,	,	,	,	,	,	,	,	,	,	,	,否,否,	,否,否,,	,否,	,否,,,否
云米AI燃气热水器智控恒温防冻节能安全水质净化精准控温13L强排,251104-580156178873220,未发货，退款成功,1	,正常,2025-11-04 06:31:27,2025-11-05 06:31:27,,	,	,773161065181	,智控恒温燃气热水器,1755671371526	,大家电,热水器,燃气热水器,	,6923185655688	,6923185655688	,ZX2511040065790 拦截 11.4,	,退款成功,,2025-11-04 06:31:27,	,,,,,,,否,否,	,否,	,,539.0	,0.0	,0.0	,53.9	,0.0	,0.0	,0.0	,0.0	,485.1	,539.0	,	,	,广东省,珠海市,香洲区,,,否,否,	,	,	,否,	,	,	,	,	,	,	,	,	,	,	,	,否,否,	,否,否,,	,否,	,否,,,否
【重磅新品】云米净水器600G小海豚升级版厨下式RO反渗透直饮家用,251104-639474081333456,已发货，待收货,1	,正常,2025-11-04 06:30:49,2025-11-05 06:30:49,,2025-11-04 14:29:39,	,225501370546	,【24年新品】600G升级版6年长效,1600502140541	,厨房电器,净水器/净水设备及配件耗材,净水器,	,6923185653684	,6923185616399	,	,	,无售后或售后取消,,2025-11-04 06:30:49,	,,,,,,,否,否,	,否,	,,559.0	,0.0	,0.0	,3.0	,0.0	,0.0	,0.0	,0.0	,556.0	,559.0	,JDV023844333077,京东大件物流,河北省,廊坊市,大厂回族自治县,,,否,否,	,	,	,否,	,	,	,	,	,	,	,	,	,	,	,	,否,否,	,否,否,,	,否,	,否,,,否
云米AI油烟机双腔大吸力Smart双腔一级能效23m³大风压智清洁节能,251104-406302256642835,已发货，待收货,1	,正常,2025-11-04 06:30:29,2025-11-05 06:30:29,,2025-11-04 16:45:12,	,750412983827	,AI双腔强吸油烟机,1737582711971	,大家电,厨房大电,油烟机,	,6923185649229	,6923185649229	,	,	,无售后或售后取消,,2025-11-04 06:30:29,	,,,,,,,否,否,	,否,	,,799.0	,0.0	,40.0	,75.9	,0.0	,0.0	,0.0	,0.0	,683.1	,759.0	,JDV023846596449,京东大件物流,安徽省,合肥市,肥西县,,,否,否,	,	,	,否,	,	,	,	,	,	,	,	,	,	,	,	,否,否,	,否,否,,	,否,	,否,,,否
云米AI油烟机双腔大吸力Smart双腔一级能效23m³大风压智清洁节能,251104-415781383682835,已取消,1	,正常,	,	,,	,	,750412983827	,AI双腔强吸油烟机,1737582711971	,大家电,厨房大电,油烟机,	,6923185649229	,6923185649229	,	,	,无售后或售后取消,,	,	,,,,,,,否,否,	,否,	,,799.0	,0.0	,40.0	,75.9	,0.0	,0.0	,0.0	,0.0	,683.1	,759.0	,	,	,****,****,****,****,,否,否,	,	,	,否,	,	,	,	,	,	,	,	,	,	,	,	,否,否,	,否,	,,	,否,	,否,,,否
【重磅新品】云米净水器600G小海豚升级版厨下式RO反渗透直饮家用,251104-340493606440037,已发货，待收货,1	,正常,2025-11-04 05:29:49,2025-11-05 05:29:49,,2025-11-04 14:29:39,	,225501370546	,【24年新品】600G升级版6年长效,1600502140541	,厨房电器,净水器/净水设备及配件耗材,净水器,	,6923185653684	,6923185616399	,	,	,无售后或售后取消,,2025-11-04 05:29:49,	,,,,,,,否,否,	,否,	,,559.0	,0.0	,0.0	,104.0	,0.0	,0.0	,0.0	,0.0	,455.0	,559.0	,JDV023844333032,京东大件物流,河北省,石家庄市,辛集市,,,否,否,	,	,	,否,	,	,	,	,	,	,	,	,	,	,	,	,否,否,	,否,否,,	,否,	,否,,,否
【重磅新品】云米净水器600G小海豚升级版厨下式RO反渗透直饮家用,251104-504365084200037,未发货，退款成功,1	,正常,2025-11-04 05:23:35,2025-11-05 05:23:36,,	,	,225501370546	,【24年新品】600G升级版6年长效,1600502140541	,厨房电器,净水器/净水设备及配件耗材,净水器,	,6923185653684	,6923185616399	,聚水潭已取消发货，仅退款  诚11.4,	,退款成功,,2025-11-04 05:23:36,	,,,,,,,否,否,	,否,	,,559.0	,0.0	,0.0	,104.0	,0.0	,0.0	,0.0	,0.0	,455.0	,559.0	,	,	,河北省,石家庄市,辛集市,,,否,否,	,	,	,否,	,	,	,	,	,	,	,	,	,	,	,	,否,否,	,否,否,,	,否,	,否,,,否
【母婴直饮】云米净水器 SE 600G+ 新升级厨下式RO反渗透直饮家用,251104-145815017043357,未发货，退款成功,1	,正常,2025-11-04 05:17:10,2025-11-05 05:17:11,,	,	,819506595979	,【24年新品】600G升级版6年长效,1787046011387	,厨房电器,净水器/净水设备及配件耗材,净水器,	,6923185653684	,6923185616399	,聚水潭已取消发货，仅退款  诚11.4,	,退款成功,,2025-11-04 05:17:11,	,,,,,,,否,否,	,否,	,,748.0	,0.0	,139.6	,50.0	,0.0	,0.0	,0.0	,0.0	,558.4	,608.4	,	,	,河北省,石家庄市,辛集市,,,否,否,	,	,	,否,	,	,	,	,	,	,	,	,	,	,	,	,否,否,	,否,否,,	,否,	,否,,,否
云米60升AI速热高温抑菌电热水器3000W一级节能变频增容家用租房,251104-623881776752977,已取消,1	,正常,	,	,,	,	,226368376224	,3000W速热安全60L热水器,1737176648260	,大家电,热水器,电热水器,	,6923185602224	,6923185602224	,	,	,无售后或售后取消,,	,	,,,,,,,否,否,	,否,	,,610.0	,0.0	,0.0	,61.0	,0.0	,0.0	,0.0	,0.0	,549.0	,610.0	,	,	,****,****,****,****,,否,否,	,	,	,否,	,	,	,	,	,	,	,	,	,	,	,	,否,否,	,否,	,,	,否,	,否,,,否
【重磅新品】云米净水器600G小海豚升级版厨下式RO反渗透直饮家用,251104-192770292051827,已发货，待收货,1	,正常,2025-11-04 04:12:25,2025-11-05 04:12:25,,2025-11-04 16:45:12,	,225501370546	,【24年新品】600G升级版6年长效,1600502140541	,厨房电器,净水器/净水设备及配件耗材,净水器,	,6923185653684	,6923185616399	,	,	,无售后或售后取消,,2025-11-04 04:12:25,	,,,,,,,否,否,	,否,	,,559.0	,0.0	,0.0	,0.0	,0.0	,0.0	,0.0	,0.0	,559.0	,559.0	,JDV023844808618,京东大件物流,广东省,潮州市,湘桥区,,,否,否,	,	,	,否,	,	,	,	,	,	,	,	,	,	,	,	,否,否,	,否,否,,	,否,	,否,,,否
云米AI油烟机双腔大吸力Smart双腔一级能效23m³大风压智清洁节能,251104-370189299253035,已发货，待收货,1	,正常,2025-11-04 02:29:02,2025-11-05 02:29:02,,2025-11-04 16:45:12,	,750412983827	,AI双腔强吸油烟机,1737582711971	,大家电,厨房大电,油烟机,	,6923185649229	,6923185649229	,	,	,无售后或售后取消,,2025-11-04 02:29:02,	,,,,,,,否,否,	,否,	,,799.0	,0.0	,40.0	,50.0	,0.0	,0.0	,0.0	,0.0	,709.0	,759.0	,JDV023844807107,京东大件物流,河南省,许昌市,禹州市,,,否,否,	,	,	,否,	,	,	,	,	,	,	,	,	,	,	,	,否,否,	,否,否,,	,否,	,否,,,否
云米水槽下水器垃圾处理器粉碎机下水道厨余搅碎机抑菌厨房家用,251104-584077853071048,待发货,1	,正常,2025-11-04 02:24:14,2025-11-05 02:24:14,,	,	,826132418811	,【智能】厨余垃圾处理器,1791634668325	,厨房电器,食物垃圾处理机,食物垃圾处理机,	,6923185610250	,6923185610250	,库存不足 6号到货,	,无售后或售后取消,,2025-11-04 02:24:14,	,,,,,,,否,否,	,否,	,,889.0	,0.0	,0.0	,100.0	,0.0	,0.0	,0.0	,0.0	,789.0	,889.0	,	,	,广东省,深圳市,福田区,,,否,否,	,	,	,否,	,	,	,	,	,	,	,	,	,	,	,	,否,否,	,否,否,,	,否,	,否,,,否
云米智能双胆电热水器扁桶家用速热储水式60L超薄抑菌节能大水量,251104-634283702662728,已发货，待收货,1	,正常,2025-11-04 02:13:22,2025-11-05 02:13:22,,2025-11-04 16:45:13,	,290130975552	,"纤薄安全节能60L,双胆扁桶",1756848157332	,大家电,热水器,电热水器,	,6923185610410	,6923185610410	,	,	,无售后或售后取消,,2025-11-04 02:13:22,	,,,,,,,否,否,	,否,	,,739.0	,0.0	,0.0	,73.9	,0.0	,0.0	,0.0	,0.0	,665.1	,739.0	,JDV023844791570,京东大件物流,广东省,清远市,英德市,,,否,否,	,	,	,否,	,	,	,	,	,	,	,	,	,	,	,	,否,否,	,否,是,3	,商家,否,	,否,,信用卡分期,否
云米智能双胆电热水器扁桶家用速热储水式60L超薄抑菌节能大水量,251104-584602119743545,已取消,1	,正常,	,	,,	,	,290130975552	,"纤薄安全节能60L,双胆扁桶",1756848157332	,大家电,热水器,电热水器,	,6923185610410	,6923185610410	,	,	,无售后或售后取消,,	,	,,,,,,,否,否,	,否,	,,739.0	,0.0	,0.0	,57.0	,0.0	,0.0	,0.0	,0.0	,682.0	,739.0	,	,	,****,****,****,****,,否,否,	,	,	,否,	,	,	,	,	,	,	,	,	,	,	,	,否,否,	,否,	,,	,否,	,否,,,否
【重磅新品】云米净水器600G小海豚升级版厨下式RO反渗透直饮家用,251104-506713904760117,已取消,1	,正常,	,	,,	,	,225501370546	,【24年新品】600G升级版6年长效,1600502140541	,厨房电器,净水器/净水设备及配件耗材,净水器,	,6923185653684	,6923185616399	,	,	,无售后或售后取消,,	,	,,,,,,,否,否,	,否,	,,559.0	,0.0	,0.0	,0.0	,0.0	,0.0	,0.0	,0.0	,559.0	,559.0	,	,	,****,****,****,****,,否,否,	,	,	,否,	,	,	,	,	,	,	,	,	,	,	,	,否,否,	,否,	,,	,否,	,否,,,否
【重磅新品】云米净水器600G小海豚升级版厨下式RO反渗透直饮家用,251104-048370891120328,已取消,1	,正常,	,	,,	,	,225501370546	,【24年新品】600G升级版6年长效,1600502140541	,厨房电器,净水器/净水设备及配件耗材,净水器,	,6923185653684	,6923185616399	,	,	,无售后或售后取消,,	,	,,,,,,,否,否,	,否,	,,559.0	,0.0	,0.0	,55.9	,0.0	,0.0	,0.0	,0.0	,503.1	,559.0	,	,	,****,****,****,****,,否,否,	,	,	,否,	,	,	,	,	,	,	,	,	,	,	,	,否,否,	,否,	,,	,否,	,否,,,否
【重磅新品】云米净水器600G小海豚升级版厨下式RO反渗透直饮家用,251104-190935273842677,已发货，待收货,1	,正常,2025-11-04 01:16:08,2025-11-05 01:16:08,,2025-11-04 14:29:39,	,225501370546	,【24年新品】600G升级版6年长效,1600502140541	,厨房电器,净水器/净水设备及配件耗材,净水器,	,6923185653684	,6923185616399	,	,	,无售后或售后取消,,2025-11-04 01:16:08,	,,,,,,,否,否,	,否,	,,559.0	,0.0	,0.0	,0.0	,0.0	,0.0	,0.0	,0.0	,559.0	,559.0	,JDV023844361930,京东大件物流,四川省,成都市,龙泉驿区,,,否,否,	,	,	,否,	,	,	,	,	,	,	,	,	,	,	,	,否,否,	,否,否,,	,否,	,否,,,否
云米顶侧大吸力蓝调油烟机家用厨房节能自清洁一级能效可挥手智控,251104-622434783583203,已发货，待收货,1	,正常,2025-11-04 01:15:06,2025-11-05 01:15:07,,2025-11-04 16:45:12,	,657344402006	,云米智清洁挥手智控单烟机,1723825075586	,大家电,厨房大电,油烟机,	,6923185650973	,6923185650973	,	,	,无售后或售后取消,,2025-11-04 01:15:07,	,,,,,,,否,否,	,否,	,,839.0	,0.0	,42.0	,100.0	,0.0	,0.0	,0.0	,0.0	,697.0	,797.0	,JDV023844823090,京东大件物流,辽宁省,鞍山市,铁东区,,,否,否,	,	,	,否,	,	,	,	,	,	,	,	,	,	,	,	,否,否,	,否,否,,	,否,	,否,,,否
【重磅新品】云米净水器600G小海豚升级版厨下式RO反渗透直饮家用,251104-650211509812620,已取消,1	,正常,	,	,,	,	,225501370546	,【24年新品】600G升级版6年长效,1600502140541	,厨房电器,净水器/净水设备及配件耗材,净水器,	,6923185653684	,6923185616399	,	,	,无售后或售后取消,,	,	,,,,,,,否,否,	,否,	,,559.0	,0.0	,0.0	,50.0	,0.0	,0.0	,0.0	,0.0	,509.0	,559.0	,	,	,****,****,****,****,,否,否,	,	,	,否,	,	,	,	,	,	,	,	,	,	,	,	,否,否,	,否,	,,	,否,	,否,,,否
【冷热直饮套装】云米净水器家用厨下管线机套装一键即热制冷直饮,251104-179222690160210,已发货，待收货,1	,正常,2025-11-04 00:57:22,2025-11-05 00:57:22,,2025-11-04 16:45:12,	,480070620581	,【冷热净水直饮套装】新品净水器+冷热管线机,1620106386127	,厨房电器,净水器/净水设备及配件耗材,净水器,	,S2407170910001,	,	,	,无售后或售后取消,,2025-11-04 00:57:22,	,,,,,,,否,否,	,否,	,,1429.0	,0.0	,0.0	,50.0	,1.11	,0.0	,0.0	,0.0	,1379.0	,1429.0	,JDV023844792723,京东大件物流,四川省,成都市,青羊区,,,否,否,	,	,	,否,	,	,	,	,	,	,	,	,	,	,	,	,否,否,	,否,否,,	,否,	,否,,,否
【重磅新品】云米净水器600G小海豚升级版厨下式RO反渗透直饮家用,251104-617233794680002,已取消,1	,正常,	,	,,	,	,225501370546	,【24年新品】600G升级版6年长效,1600502140541	,厨房电器,净水器/净水设备及配件耗材,净水器,	,6923185653684	,6923185616399	,	,	,无售后或售后取消,,	,	,,,,,,,否,否,	,否,	,,559.0	,0.0	,0.0	,0.0	,0.0	,0.0	,0.0	,0.0	,559.0	,559.0	,	,	,****,****,****,****,,否,否,	,	,	,否,	,	,	,	,	,	,	,	,	,	,	,	,否,否,	,否,	,,	,否,	,否,,,否
【重磅新品】云米净水器600G小海豚升级版厨下式RO反渗透直饮家用,251104-184192919882598,已取消,1	,正常,	,	,,	,	,225501370546	,【24年新品】600G升级版6年长效,1600502140541	,厨房电器,净水器/净水设备及配件耗材,净水器,	,6923185653684	,6923185616399	,	,	,无售后或售后取消,,	,	,,,,,,,否,否,	,否,	,,559.0	,0.0	,0.0	,3.0	,0.0	,0.0	,0.0	,0.0	,556.0	,559.0	,	,	,****,****,****,****,,否,否,	,	,	,否,	,	,	,	,	,	,	,	,	,	,	,	,否,否,	,否,	,,	,否,	,否,,,否
云米23立方油烟机燃气灶套装家用厨房顶侧大吸力油烟机5.0KW灶具,251104-230686769512959,已发货，待收货,1	,正常,2025-11-04 00:31:41,2025-11-05 00:31:41,,2025-11-04 16:45:11,	,209837375742	,"【烟灶联动】瞬吸烟机+5.0KW灶,液化气",1792607150010	,大家电,厨房大电,烟灶消套装,	,S2411211431001,	,奇门回传单号:JDV023850748464,	,无售后或售后取消,,2025-11-04 00:31:41,	,,,,,,,否,否,	,否,	,,1250.0	,0.0	,0.0	,62.5	,0.0	,0.0	,0.0	,0.0	,1187.5	,1250.0	,JDV023850748464,京东大件物流,广东省,湛江市,雷州市,,,否,否,	,	,	,否,	,	,	,	,	,	,	,	,	,	,	,	,否,否,	,否,否,,	,否,	,否,,,否
云米23立方油烟机燃气灶套装家用厨房顶侧大吸力油烟机5.0KW灶具,251104-655035021672959,未发货，退款成功,1	,正常,2025-11-04 00:24:53,2025-11-05 00:24:53,,	,	,209837375742	,"【烟灶联动】瞬吸烟机+5.0KW灶,液化气",1792607150010	,大家电,厨房大电,烟灶消套装,	,S2411211431001,	,聚水潭已取消发货，仅退款  诚11.4,	,退款成功,,2025-11-04 00:24:53,	,,,,,,,否,否,	,否,	,,1250.0	,0.0	,0.0	,0.0	,0.0	,0.0	,0.0	,0.0	,1250.0	,1250.0	,	,	,广东省,湛江市,雷州市,,,否,否,	,	,	,否,	,	,	,	,	,	,	,	,	,	,	,	,否,否,	,否,否,,	,否,	,否,,,否
【重磅新品】云米净水器600G小海豚升级版厨下式RO反渗透直饮家用,251104-273636411031840,已发货，待收货,1	,正常,2025-11-04 00:24:50,2025-11-05 00:24:50,,2025-11-04 14:29:38,	,225501370546	,【24年新品】600G升级版6年长效,1600502140541	,厨房电器,净水器/净水设备及配件耗材,净水器,	,6923185653684	,6923185616399	,	,	,无售后或售后取消,,2025-11-04 00:24:50,	,,,,,,,否,否,	,否,	,,559.0	,0.0	,0.0	,0.0	,0.0	,0.0	,0.0	,0.0	,559.0	,559.0	,JDV023844329315,京东大件物流,新疆维吾尔自治区,哈密市,伊州区,,,否,否,	,	,	,否,	,	,	,	,	,	,	,	,	,	,	,	,否,否,	,否,否,,	,否,	,否,,,否
【重磅新品】云米净水器600G小海豚升级版厨下式RO反渗透直饮家用,251104-544284352101413,已发货，待收货,1	,正常,2025-11-04 00:22:45,2025-11-05 00:22:45,,2025-11-04 16:45:12,	,225501370546	,【24年新品】600G升级版6年长效,1600502140541	,厨房电器,净水器/净水设备及配件耗材,净水器,	,6923185653684	,6923185616399	,	,	,无售后或售后取消,,2025-11-04 00:22:45,	,,,,,,,否,否,	,否,	,,559.0	,0.0	,0.0	,0.0	,15.0	,0.0	,0.0	,0.0	,559.0	,559.0	,JDV023844839622,京东大件物流,广东省,汕头市,澄海区,,,否,否,	,	,	,否,	,	,	,	,	,	,	,	,	,	,	,	,否,否,	,否,否,,	,否,	,否,,,否
Viomi云米净水器1000G厨下式RO反渗透直饮过滤器净饮小海豚2,251104-508475543881181,已取消,1	,正常,	,	,,	,	,205458105137	,小海豚2包安装1000G大加仑,1802849942800	,厨房电器,净水器/净水设备及配件耗材,净水器,	,6923185654865	,	,	,	,无售后或售后取消,,	,	,,,,,,,否,否,	,否,	,,999.0	,0.0	,0.0	,0.0	,0.0	,0.0	,0.0	,0.0	,999.0	,999.0	,	,	,****,****,****,****,,否,否,	,	,	,否,	,	,	,	,	,	,	,	,	,	,	,	,否,否,	,否,	,,	,否,	,否,,,否
【母婴直饮】云米净水器 SE 600G+ 新升级厨下式RO反渗透直饮家用,251104-433481367961354,已发货，待收货,1	,正常,2025-11-04 00:13:46,2025-11-05 00:13:46,,2025-11-04 14:29:38,	,819506595979	,【24年新品】600G升级版6年长效,1787046011387	,厨房电器,净水器/净水设备及配件耗材,净水器,	,6923185653684	,6923185616399	,	,	,无售后或售后取消,,2025-11-04 00:13:46,	,,,,,,,否,否,	,否,	,,748.0	,0.0	,139.6	,50.0	,0.0	,0.0	,0.0	,0.0	,558.4	,608.4	,JDV023844747400,京东大件物流,辽宁省,大连市,金州区,,,否,否,	,	,	,否,	,	,	,	,	,	,	,	,	,	,	,	,否,否,	,否,是,3	,商家,否,	,否,,信用卡分期,否
【重磅新品】云米净水器600G小海豚升级版厨下式RO反渗透直饮家用,251104-409678702902012,已发货，待收货,1	,正常,2025-11-04 00:02:40,2025-11-05 00:02:40,,2025-11-04 16:45:12,	,225501370546	,【24年新品】600G升级版6年长效,1600502140541	,厨房电器,净水器/净水设备及配件耗材,净水器,	,6923185653684	,6923185616399	,	,	,无售后或售后取消,,2025-11-04 00:02:40,	,,,,,,,否,否,	,否,	,,559.0	,0.0	,0.0	,0.0	,0.0	,0.0	,0.0	,0.0	,559.0	,559.0	,JDV023850758626,京东大件物流,四川省,成都市,双流区,,,否,否,	,	,	,否,	,	,	,	,	,	,	,	,	,	,	,	,否,否,	,否,否,,	,否,	,否,,,否
【重磅新品】云米净水器600G小海豚升级版厨下式RO反渗透直饮家用,251104-409678651001747,已发货，待收货,1	,正常,2025-11-04 00:02:08,2025-11-05 00:02:09,,2025-11-04 14:29:39,	,225501370546	,【24年新品】600G升级版6年长效,1600502140541	,厨房电器,净水器/净水设备及配件耗材,净水器,	,6923185653684	,6923185616399	,	,	,无售后或售后取消,,2025-11-04 00:02:09,	,,,,,,,否,否,	,否,	,,559.0	,0.0	,0.0	,0.0	,0.0	,0.0	,0.0	,0.0	,559.0	,559.0	,JDV023844362300,京东大件物流,辽宁省,盘锦市,大洼区,,,否,否,	,	,	,否,	,	,	,	,	,	,	,	,	,	,	,	,否,否,	,否,否,,	,否,	,否,,,否
【母婴直饮】云米净水器 SE 600G+ 新升级厨下式RO反渗透直饮家用,251104-347582032281354,已取消,1	,正常,	,	,,	,	,819506595979	,【24年新品】600G升级版6年长效,1787046011387	,厨房电器,净水器/净水设备及配件耗材,净水器,	,6923185653684	,6923185616399	,	,	,无售后或售后取消,,	,	,,,,,,,否,否,	,否,	,,748.0	,0.0	,149.6	,0.0	,0.0	,0.0	,0.0	,0.0	,598.4	,598.4	,	,	,****,****,****,****,,否,否,	,	,	,否,	,	,	,	,	,	,	,	,	,	,	,	,否,否,	,否,	,,	,否,	,否,,,否