商品,订单号,订单状态,商品数量(件),是否审核中,支付时间,承诺发货时间,承诺送达时间,发货时间,确认收货时间,商品id,商品规格,样式ID,商品一级类目,商品二级类目,商品三级类目,商品四级类目,商家编码-规格维度,商家编码-商品维度,商家备注,买家留言,售后状态,消费者资料,订单成交时间,消费者资料上传时间,赠品名称,赠品id,赠品规格,赠品数量,团ID,团身份,是否已开始配送,配送员是否已送达,配送状态,同城是否普通快递,集运类型,赠品订单号,商品总价(元),邮费(元),店铺优惠折扣(元),平台优惠折扣(元),多多支付立减金额(元),上门安装费(元),送货入户费(元),送货入户并安装费(元),用户实付金额(元),商家实收金额(元),快递单号,快递公司,省,市,区,街道/镇,配送员手机号,是否抽奖或0元试用,是否顺丰加价,用户购买手机号,旅行类信息,充值号码,是否门店自提,门店名称,门店自定义编码,关联货品编码,货品名称,货品类型,子货品,仓库名称,仓库所在地址,海淘清关订单号,支付ID,支付方式,保税仓,是否直播间成交,是否直播间引导成交,预约配送时间,是否节能补贴,是否分期,分期期数,手续费承担方,是否无痕发货,订单来源,是否社区团购,小区送达情况,分期方式,是否已上传证件照片
【重磅新品】云米净水器600G小海豚升级版厨下式RO反渗透直饮家用,251112-465405243024016,已取消,1	,正常,	,	,,	,	,225501370546	,【24年新品】600G升级版6年长效,1600502140541	,厨房电器,净水器/净水设备及配件耗材,净水器,	,6923185653684	,6923185616399	,	,	,无售后或售后取消,,	,	,,,,,,,否,否,	,否,	,,559.0	,0.0	,10.0	,0.0	,0.0	,0.0	,0.0	,0.0	,549.0	,549.0	,	,	,****,****,****,****,,否,否,	,	,	,否,	,	,	,	,	,	,	,	,	,	,	,	,否,否,	,否,	,,	,否,	,否,,,否
云米智能电热水器小蓝调节能变频速热家用浴室洗澡抑菌50L/60L,251112-451857662372719,待付款,1	,正常,	,	,,	,	,434684719975	,安全保护8倍增容大水量60L,1733881750462	,大家电,热水器,电热水器,	,6923185649083	,	,	,	,无售后或售后取消,,	,	,,,,,,,否,否,	,否,	,,699.0	,0.0	,0.0	,0.0	,0.0	,0.0	,0.0	,0.0	,699.0	,699.0	,	,	,****,****,****,****,,否,否,	,	,	,否,	,	,	,	,	,	,	,	,	,	,	,	,否,否,	,否,	,,	,否,	,否,,,否
【重磅新品】云米净水器600G小海豚升级版厨下式RO反渗透直饮家用,251112-283833874720850,已取消,1	,正常,	,	,,	,	,225501370546	,【24年新品】600G升级版6年长效,1600502140541	,厨房电器,净水器/净水设备及配件耗材,净水器,	,6923185653684	,6923185616399	,	,	,无售后或售后取消,,	,	,,,,,,,否,否,	,否,	,,559.0	,0.0	,10.0	,0.0	,0.0	,0.0	,0.0	,0.0	,549.0	,549.0	,	,	,****,****,****,****,,否,否,	,	,	,否,	,	,	,	,	,	,	,	,	,	,	,	,是,否,	,否,	,,	,否,	,否,,,否
Viomi云米净水器1000G厨下式RO反渗透直饮过滤器净饮小海豚2,251112-225889554783845,待发货,1	,正常,2025-11-12 23:44:54,2025-12-30 23:44:54,,	,	,205458105137	,小海豚2包安装1000G大加仑,1802849942800	,厨房电器,净水器/净水设备及配件耗材,净水器,	,6923185654865	,	,主播：小圆 场控：文蓝	权益：直播间抽奖10元红包,	,无售后或售后取消,,2025-11-12 23:44:54,	,,,,,,,否,否,	,否,	,,863.0	,0.0	,0.0	,3.0	,0.0	,0.0	,0.0	,0.0	,860.0	,863.0	,	,	,福建省,漳州市,龙海区,,,否,否,	,	,	,否,	,	,	,	,	,	,	,	,	,	,	,	,是,是,	,否,否,,	,否,	,否,,,否
【重磅新品】云米净水器600G小海豚升级版厨下式RO反渗透直饮家用,251112-046394325293482,已取消,1	,正常,	,	,,	,	,225501370546	,【24年新品】600G升级版6年长效,1600502140541	,厨房电器,净水器/净水设备及配件耗材,净水器,	,6923185653684	,6923185616399	,	,	,无售后或售后取消,,	,	,,,,,,,否,否,	,否,	,,559.0	,0.0	,10.0	,3.0	,0.0	,0.0	,0.0	,0.0	,546.0	,549.0	,	,	,****,****,****,****,,否,否,	,	,	,否,	,	,	,	,	,	,	,	,	,	,	,	,否,否,	,否,	,,	,否,	,否,,,否
云米净水器滤芯小蓝调小海豚600G+专用复合滤芯RO反渗透滤芯过滤,251112-553254929973455,待发货,1	,正常,2025-11-12 23:35:25,2025-11-13 23:35:25,,	,	,296967601341	,5in1复合滤芯 2年长效,1600193054565	,厨房电器,净水器/净水设备及配件耗材,净水器配件耗材,	,6923185627425	,	,	,	,无售后或售后取消,,2025-11-12 23:35:25,	,,,,,,,否,否,	,否,	,,299.0	,0.0	,0.0	,0.0	,0.0	,0.0	,0.0	,0.0	,299.0	,299.0	,	,	,上海市,上海市,普陀区,,,否,否,	,	,	,否,	,	,	,	,	,	,	,	,	,	,	,	,否,否,	,否,否,,	,否,	,否,,,否
【母婴直饮】云米净水器 SE 600G+ 新升级厨下式RO反渗透直饮家用,251112-198458764941033,待发货,1	,正常,2025-11-12 23:34:58,2025-11-13 23:34:58,,	,	,819506595979	,【24年新品】600G升级版6年长效,1787046011387	,厨房电器,净水器/净水设备及配件耗材,净水器,	,6923185653684	,6923185616399	,	,	,无售后或售后取消,,2025-11-12 23:34:58,	,,,,,,,否,否,	,否,	,,748.0	,0.0	,157.6	,0.0	,0.0	,0.0	,0.0	,0.0	,590.4	,590.4	,	,	,浙江省,杭州市,拱墅区,,,否,否,	,	,	,否,	,	,	,	,	,	,	,	,	,	,	,	,否,否,	,否,否,,	,否,	,否,,,否
【重磅新品】云米净水器600G小海豚升级版厨下式RO反渗透直饮家用,251112-040170985013455,待发货,1	,正常,2025-11-12 23:32:41,2025-11-13 23:32:42,,	,	,225501370546	,【24年新品】600G升级版6年长效,1600502140541	,厨房电器,净水器/净水设备及配件耗材,净水器,	,6923185653684	,6923185616399	,	,	,无售后或售后取消,,2025-11-12 23:32:42,	,,,,,,,否,否,	,否,	,,559.0	,0.0	,10.0	,0.0	,0.0	,0.0	,0.0	,0.0	,549.0	,549.0	,	,	,上海市,上海市,普陀区,,,否,否,	,	,	,否,	,	,	,	,	,	,	,	,	,	,	,	,否,否,	,否,否,,	,否,	,否,,,否
【重磅新品】云米净水器600G小海豚升级版厨下式RO反渗透直饮家用,251112-295892488501497,已取消,1	,正常,	,	,,	,	,225501370546	,【24年新品】600G升级版6年长效,1600502140541	,厨房电器,净水器/净水设备及配件耗材,净水器,	,6923185653684	,6923185616399	,	,	,无售后或售后取消,,	,	,,,,,,,否,否,	,否,	,,559.0	,0.0	,10.0	,54.9	,0.0	,0.0	,0.0	,0.0	,494.1	,549.0	,	,	,****,****,****,****,,否,否,	,	,	,否,	,	,	,	,	,	,	,	,	,	,	,	,否,否,	,否,	,,	,否,	,否,,,否
【重磅新品】云米净水器600G小海豚升级版厨下式RO反渗透直饮家用,251112-564249239063686,待发货,1	,正常,2025-11-12 23:24:50,2025-11-13 23:24:50,,	,	,225501370546	,【24年新品】600G升级版6年长效,1600502140541	,厨房电器,净水器/净水设备及配件耗材,净水器,	,6923185653684	,6923185616399	,主播：小圆 场控：文蓝	权益：直播间抽奖10元红包,	,无售后或售后取消,,2025-11-12 23:24:50,	,,,,,,,否,否,	,否,	,,559.0	,0.0	,10.0	,0.0	,5.0	,0.0	,0.0	,0.0	,549.0	,549.0	,	,	,湖南省,长沙市,芙蓉区,,,否,否,	,	,	,否,	,	,	,	,	,	,	,	,	,	,	,	,是,是,	,否,否,,	,否,	,否,,,否
云米蓝调2双胆电热水器60L超短超薄速热增容大水量3000W杀菌安全,251112-306000740683801,待发货,1	,正常,2025-11-12 23:19:21,2025-11-13 23:19:21,,	,	,846212481564	,超薄超短电热水器60L,1807140932949	,大家电,热水器,电热水器,	,6923185657057	,6923185657057	,	,	,无售后或售后取消,,2025-11-12 23:19:21,	,,,,,,,否,否,	,否,	,,882.0	,0.0	,0.0	,0.0	,0.0	,0.0	,0.0	,0.0	,882.0	,882.0	,	,	,内蒙古自治区,鄂尔多斯市,东胜区,,,否,否,	,	,	,否,	,	,	,	,	,	,	,	,	,	,	,	,否,否,	,否,否,,	,否,	,否,,,否
【母婴直饮】云米净水器 SE 600G+ 新升级厨下式RO反渗透直饮家用,251112-072157817241227,待发货,1	,正常,2025-11-12 23:15:43,2025-11-13 23:15:43,,	,	,819506595979	,【24年新品】600G升级版6年长效,1787046011387	,厨房电器,净水器/净水设备及配件耗材,净水器,	,6923185653684	,6923185616399	,	,	,无售后或售后取消,,2025-11-12 23:15:43,	,,,,,,,否,否,	,否,	,,748.0	,0.0	,137.6	,100.0	,0.0	,0.0	,0.0	,0.0	,510.4	,610.4	,	,	,广东省,佛山市,顺德区,,,否,否,	,	,	,否,	,	,	,	,	,	,	,	,	,	,	,	,否,否,	,否,否,,	,否,	,否,,,否
【重磅新品】云米净水器600G小海豚升级版厨下式RO反渗透直饮家用,251112-075230103093455,已取消,1	,正常,	,	,,	,	,225501370546	,【24年新品】600G升级版6年长效,1600502140541	,厨房电器,净水器/净水设备及配件耗材,净水器,	,6923185653684	,6923185616399	,	,	,无售后或售后取消,,	,	,,,,,,,否,否,	,否,	,,559.0	,0.0	,10.0	,0.0	,0.0	,0.0	,0.0	,0.0	,549.0	,549.0	,	,	,****,****,****,****,,否,否,	,	,	,否,	,	,	,	,	,	,	,	,	,	,	,	,否,否,	,否,	,,	,否,	,否,,,否
VIOMI云米净水器1000G厨下直饮小体积净水机RO机智显龙头3秒满杯,251112-212048331052132,已取消,1	,正常,	,	,,	,	,842195971715	,1000G大通量RO净水器,1803617356458	,厨房电器,净水器/净水设备及配件耗材,净水器,	,6923185654247	,	,	,	,无售后或售后取消,,	,	,,,,,,,否,否,	,否,	,,823.0	,0.0	,24.0	,0.0	,0.0	,0.0	,0.0	,0.0	,799.0	,799.0	,	,	,****,****,****,****,,否,否,	,	,	,否,	,	,	,	,	,	,	,	,	,	,	,	,否,否,	,否,	,,	,否,	,否,,,否
云米净水器滤芯小蓝调小海豚600G+专用复合滤芯RO反渗透滤芯过滤,251112-410554284363513,待发货,1	,正常,2025-11-12 22:59:55,2025-11-13 22:59:55,,	,	,296967601341	,5in1复合滤芯 2年长效,1600193054565	,厨房电器,净水器/净水设备及配件耗材,净水器配件耗材,	,6923185627425	,	,	,	,无售后或售后取消,,2025-11-12 22:59:55,	,,,,,,,否,否,	,否,	,,299.0	,0.0	,0.0	,0.0	,0.0	,0.0	,0.0	,0.0	,299.0	,299.0	,	,	,湖南省,永州市,零陵区,,,否,否,	,	,	,否,	,	,	,	,	,	,	,	,	,	,	,	,否,否,	,否,否,,	,否,	,否,,,否
【重磅新品】云米净水器600G小海豚升级版厨下式RO反渗透直饮家用,251112-342994491001284,待发货,1	,正常,2025-11-12 22:52:48,2025-11-13 22:52:48,,	,	,225501370546	,【24年新品】600G升级版6年长效,1600502140541	,厨房电器,净水器/净水设备及配件耗材,净水器,	,6923185653684	,6923185616399	,	,	,无售后或售后取消,,2025-11-12 22:52:48,	,,,,,,,否,否,	,否,	,,559.0	,0.0	,10.0	,100.0	,0.0	,0.0	,0.0	,0.0	,449.0	,549.0	,	,	,江苏省,苏州市,相城区,,,否,否,	,	,	,否,	,	,	,	,	,	,	,	,	,	,	,	,否,是,	,否,否,,	,否,	,否,,,否
云米双腔大吸力手势控制智清洁油烟机聚能猛火灶安全烟灶联动套装,251112-266427461130557,待发货,1	,正常,2025-11-12 22:49:09,2025-11-13 22:49:09,,	,	,818698470695	,"【烟灶套装】双腔劲吸烟机+5.0KW灶,天然气灶",1786567894377	,大家电,厨房大电,烟灶消套装,	,S2209231819001,	,	,	,无售后或售后取消,,2025-11-12 22:49:09,	,,,,,,,否,否,	,否,	,,1199.0	,0.0	,0.0	,0.0	,2.39	,0.0	,0.0	,0.0	,1199.0	,1199.0	,	,	,吉林省,长春市,南关区,,,否,否,	,	,	,否,	,	,	,	,	,	,	,	,	,	,	,	,否,是,	,否,否,,	,否,	,否,,,否
【重磅新品】云米净水器600G小海豚升级版厨下式RO反渗透直饮家用,251112-134034255451996,待发货,1	,正常,2025-11-12 22:46:54,2025-11-13 22:46:54,,	,	,225501370546	,【24年新品】600G升级版6年长效,1600502140541	,厨房电器,净水器/净水设备及配件耗材,净水器,	,6923185653684	,6923185616399	,	,	,无售后或售后取消,,2025-11-12 22:46:54,	,,,,,,,否,否,	,否,	,,559.0	,0.0	,0.0	,50.0	,0.0	,0.0	,0.0	,0.0	,509.0	,559.0	,	,	,广东省,东莞市,东城区,,,否,否,	,	,	,否,	,	,	,	,	,	,	,	,	,	,	,	,否,是,	,否,否,,	,否,	,否,,,否
云米净水器滤芯家用小海豚小蓝调小白龙系列专用RO反渗透,251112-625984192802561,待发货,1	,正常,2025-11-12 22:36:07,2025-11-14 22:36:07,,	,	,232467205433	,5in1 复合滤芯,1647394585330	,厨房电器,净水器/净水设备及配件耗材,净水器配件耗材,	,6923185627425	,	,	,	,无售后或售后取消,,2025-11-12 22:36:07,	,,,,,,,否,否,	,否,	,,149.0	,0.0	,0.0	,0.0	,0.14	,0.0	,0.0	,0.0	,149.0	,149.0	,	,	,海南省,省直辖县级行政区划,临高县,,,否,否,	,	,	,否,	,	,	,	,	,	,	,	,	,	,	,	,否,否,	,否,否,,	,否,	,否,,,否
云米顶侧双吸烟灶套装22m³大吸力抽油烟机聚能猛火灶节能燃气家用,251112-313414161930557,待付款,1	,正常,	,	,,	,	,382839923175	,【两件套】顶侧双吸烟机+5.2KW灶（天）,1743705224006	,大家电,厨房大电,烟灶消套装,	,S2309261029001,蓝调套装,	,	,无售后或售后取消,,	,	,,,,,,,否,否,	,否,	,,1218.0	,0.0	,0.0	,0.0	,0.0	,0.0	,0.0	,0.0	,1218.0	,1218.0	,	,	,****,****,****,****,,否,否,	,	,	,否,	,	,	,	,	,	,	,	,	,	,	,	,否,否,	,否,	,,	,否,	,否,,,否
云米小厨宝6L电热水器厨房卫生间出水恒温储水式小型速热神器加热,251112-598181200240933,待发货,1	,正常,2025-11-12 22:30:03,2025-11-13 22:30:04,,	,	,208073193570	,热水即刻有-【6L】,1801828025682	,大家电,热水器,厨宝,	,6923185611233	,6923185611233	,	,	,无售后或售后取消,,2025-11-12 22:30:04,	,,,,,,,否,否,	,否,	,,267.0	,0.0	,14.0	,6.0	,0.0	,0.0	,0.0	,0.0	,247.0	,253.0	,	,	,四川省,成都市,成华区,,,否,否,	,	,	,否,	,	,	,	,	,	,	,	,	,	,	,	,否,否,	,否,否,,	,否,	,否,,,否
云米净水器滤芯家用小海豚小蓝调小白龙系列专用RO反渗透,251112-556851545720780,待发货,1	,正常,2025-11-12 22:28:14,2025-11-14 22:28:15,,	,	,232467205433	,5in1 复合滤芯,1647394585330	,厨房电器,净水器/净水设备及配件耗材,净水器配件耗材,	,6923185627425	,	,补差后返到手价109,	,无售后或售后取消,,2025-11-12 22:28:15,	,,,,,,,否,否,	,否,	,,149.0	,0.0	,0.0	,0.0	,0.0	,0.0	,0.0	,0.0	,149.0	,149.0	,	,	,山西省,太原市,阳曲县,,,否,否,	,	,	,否,	,	,	,	,	,	,	,	,	,	,	,	,否,否,	,否,否,,	,否,	,否,,,否
【重磅新品】云米净水器600G小海豚升级版厨下式RO反渗透直饮家用,251112-297087844672638,已取消,1	,正常,	,	,,	,	,225501370546	,【24年新品】600G升级版6年长效,1600502140541	,厨房电器,净水器/净水设备及配件耗材,净水器,	,6923185653684	,6923185616399	,	,	,无售后或售后取消,,	,	,,,,,,,否,否,	,否,	,,559.0	,0.0	,10.0	,0.0	,0.0	,0.0	,0.0	,0.0	,549.0	,549.0	,	,	,****,****,****,****,,否,否,	,	,	,否,	,	,	,	,	,	,	,	,	,	,	,	,否,否,	,否,	,,	,否,	,否,,,否
【母婴直饮】云米净水器 SE 600G+ 新升级厨下式RO反渗透直饮家用,251112-339408330342595,待发货,1	,正常,2025-11-12 22:31:03,2025-11-13 22:31:03,,	,	,819506595979	,【24年新品】600G升级版6年长效,1787046011387	,厨房电器,净水器/净水设备及配件耗材,净水器,	,6923185653684	,6923185616399	,	,	,无售后或售后取消,,2025-11-12 22:31:03,	,,,,,,,否,否,	,否,	,,748.0	,0.0	,137.6	,100.0	,0.0	,0.0	,0.0	,0.0	,510.4	,610.4	,	,	,北京市,北京市,西城区,,,否,否,	,	,	,否,	,	,	,	,	,	,	,	,	,	,	,	,否,否,	,否,否,,	,否,	,否,,,否
【重磅新品】云米净水器600G小海豚升级版厨下式RO反渗透直饮家用,251112-546648911371324,待发货,1	,正常,2025-11-12 22:26:01,2025-11-13 22:26:01,,	,	,225501370546	,【24年新品】600G升级版6年长效,1600502140541	,厨房电器,净水器/净水设备及配件耗材,净水器,	,6923185653684	,6923185616399	,	,	,无售后或售后取消,,2025-11-12 22:26:01,	,,,,,,,否,否,	,否,	,,559.0	,0.0	,10.0	,0.0	,1.09	,0.0	,0.0	,0.0	,549.0	,549.0	,	,	,江苏省,连云港市,海州区,,,否,否,	,	,	,否,	,	,	,	,	,	,	,	,	,	,	,	,否,否,	,否,否,,	,否,	,否,,,否
【重磅新品】云米净水器600G小海豚升级版厨下式RO反渗透直饮家用,251112-007958751623345,已取消,1	,正常,	,	,,	,	,225501370546	,【24年新品】600G升级版6年长效,1600502140541	,厨房电器,净水器/净水设备及配件耗材,净水器,	,6923185653684	,6923185616399	,	,	,无售后或售后取消,,	,	,,,,,,,否,否,	,否,	,,559.0	,0.0	,10.0	,0.0	,0.0	,0.0	,0.0	,0.0	,549.0	,549.0	,	,	,****,****,****,****,,否,否,	,	,	,否,	,	,	,	,	,	,	,	,	,	,	,	,否,否,	,否,	,,	,否,	,否,,,否
【重磅新品】云米净水器600G小海豚升级版厨下式RO反渗透直饮家用,251112-170304488971324,已取消,1	,正常,	,	,,	,	,225501370546	,【24年新品】600G升级版6年长效,1600502140541	,厨房电器,净水器/净水设备及配件耗材,净水器,	,6923185653684	,6923185616399	,	,	,无售后或售后取消,,	,	,,,,,,,否,否,	,否,	,,559.0	,0.0	,0.0	,0.0	,0.0	,0.0	,0.0	,0.0	,559.0	,559.0	,	,	,****,****,****,****,,否,否,	,	,	,否,	,	,	,	,	,	,	,	,	,	,	,	,否,否,	,否,	,,	,否,	,否,,,否
【重磅新品】云米净水器600G小海豚升级版厨下式RO反渗透直饮家用,251112-233187601931324,已取消,1	,正常,	,	,,	,	,225501370546	,【24年新品】600G升级版6年长效,1600502140541	,厨房电器,净水器/净水设备及配件耗材,净水器,	,6923185653684	,6923185616399	,	,	,无售后或售后取消,,	,	,,,,,,,否,否,	,否,	,,559.0	,0.0	,10.0	,0.0	,0.0	,0.0	,0.0	,0.0	,549.0	,549.0	,	,	,****,****,****,****,,否,否,	,	,	,否,	,	,	,	,	,	,	,	,	,	,	,	,否,否,	,否,	,,	,否,	,否,,,否
【重磅新品】云米净水器600G小海豚升级版厨下式RO反渗透直饮家用,251112-321902405930597,已取消,1	,正常,	,	,,	,	,225501370546	,【24年新品】600G升级版6年长效,1600502140541	,厨房电器,净水器/净水设备及配件耗材,净水器,	,6923185653684	,6923185616399	,	,	,无售后或售后取消,,	,	,,,,,,,否,否,	,否,	,,559.0	,0.0	,10.0	,0.0	,0.0	,0.0	,0.0	,0.0	,549.0	,549.0	,	,	,****,****,****,****,,否,否,	,	,	,否,	,	,	,	,	,	,	,	,	,	,	,	,否,否,	,否,	,,	,否,	,否,,,否
【母婴直饮】云米净水器 SE 600G+ 新升级厨下式RO反渗透直饮家用,251112-257766223481261,待发货,1	,正常,2025-11-12 22:07:49,2025-11-13 22:07:50,,	,	,819506595979	,【24年新品】600G升级版6年长效,1787046011387	,厨房电器,净水器/净水设备及配件耗材,净水器,	,6923185653684	,6923185616399	,	,	,无售后或售后取消,,2025-11-12 22:07:50,	,,,,,,,否,否,	,否,	,,748.0	,0.0	,138.41	,95.94	,0.0	,0.0	,0.0	,0.0	,513.65	,609.59	,	,	,内蒙古自治区,赤峰市,翁牛特旗,,,否,否,	,	,	,否,	,	,	,	,	,	,	,	,	,	,	,	,否,是,	,否,否,,	,否,	,否,,,否
【重磅新品】云米净水器600G小海豚升级版厨下式RO反渗透直饮家用,251112-072215478712753,待发货,1	,正常,2025-11-12 22:06:38,2025-11-13 22:06:38,,	,	,225501370546	,【24年新品】600G升级版6年长效,1600502140541	,厨房电器,净水器/净水设备及配件耗材,净水器,	,6923185653684	,6923185616399	,	,	,无售后或售后取消,,2025-11-12 22:06:38,	,,,,,,,否,否,	,否,	,,559.0	,0.0	,10.0	,0.0	,0.0	,0.0	,0.0	,0.0	,549.0	,549.0	,	,	,广东省,中山市,港口镇,,,否,否,	,	,	,否,	,	,	,	,	,	,	,	,	,	,	,	,否,否,	,否,否,,	,否,	,否,,,否
【重磅新品】云米净水器600G小海豚升级版厨下式RO反渗透直饮家用,251112-540567160441261,未发货，退款成功,1	,正常,2025-11-12 22:05:00,2025-11-13 22:05:01,,	,	,225501370546	,【24年新品】600G升级版6年长效,1600502140541	,厨房电器,净水器/净水设备及配件耗材,净水器,	,6923185653684	,6923185616399	,聚水潭已取消发货 已退款 卫11.13,	,退款成功,,2025-11-12 22:05:01,	,,,,,,,否,否,	,否,	,,559.0	,0.0	,10.0	,0.0	,0.0	,0.0	,0.0	,0.0	,549.0	,549.0	,	,	,内蒙古自治区,赤峰市,翁牛特旗,,,否,否,	,	,	,否,	,	,	,	,	,	,	,	,	,	,	,	,否,是,	,否,否,,	,否,	,否,,,否
云米AI燃气热水器智控恒温防冻节能安全水质净化精准控温13L强排,251112-547886231172684,待发货,1	,正常,2025-11-12 22:02:43,2025-11-13 22:02:43,,	,	,773161065181	,智控恒温燃气热水器,1755671371526	,大家电,热水器,燃气热水器,	,6923185655688	,6923185655688	,	,	,无售后或售后取消,,2025-11-12 22:02:43,	,,,,,,,否,否,	,否,	,,588.0	,0.0	,0.0	,29.4	,0.0	,0.0	,0.0	,0.0	,558.6	,588.0	,	,	,山西省,朔州市,朔城区,,,否,否,	,	,	,否,	,	,	,	,	,	,	,	,	,	,	,	,否,否,	,否,否,,	,否,	,否,,,否
云米AI燃气热水器智控恒温防冻节能安全水质净化精准控温13L强排,251112-429564915332684,已取消,1	,正常,	,	,,	,	,773161065181	,智控恒温燃气热水器,1755671371526	,大家电,热水器,燃气热水器,	,6923185655688	,6923185655688	,	,	,无售后或售后取消,,	,	,,,,,,,否,否,	,否,	,,588.0	,0.0	,0.0	,29.4	,0.0	,0.0	,0.0	,0.0	,558.6	,588.0	,	,	,****,****,****,****,,否,否,	,	,	,否,	,	,	,	,	,	,	,	,	,	,	,	,否,否,	,否,	,,	,否,	,否,,,否
云米净水器滤芯家用小海豚小蓝调小白龙系列专用RO反渗透,251112-263512430171328,待发货,1	,正常,2025-11-12 21:58:39,2025-11-14 21:58:39,,	,	,232467205433	,5in1 复合滤芯,1647394585330	,厨房电器,净水器/净水设备及配件耗材,净水器配件耗材,	,6923185627425	,	,	,	,无售后或售后取消,,2025-11-12 21:58:39,	,,,,,,,否,否,	,否,	,,149.0	,0.0	,0.0	,0.0	,0.0	,0.0	,0.0	,0.0	,149.0	,149.0	,	,	,黑龙江省,绥化市,青冈县,,,否,否,	,	,	,否,	,	,	,	,	,	,	,	,	,	,	,	,否,否,	,否,否,,	,否,	,否,,,否
【重磅新品】云米净水器600G小海豚升级版厨下式RO反渗透直饮家用,251112-383600628010597,已取消,1	,正常,	,	,,	,	,225501370546	,【24年新品】600G升级版6年长效,1600502140541	,厨房电器,净水器/净水设备及配件耗材,净水器,	,6923185653684	,6923185616399	,	,	,无售后或售后取消,,	,	,,,,,,,否,否,	,否,	,,559.0	,0.0	,10.0	,0.0	,0.0	,0.0	,0.0	,0.0	,549.0	,549.0	,	,	,****,****,****,****,,否,否,	,	,	,否,	,	,	,	,	,	,	,	,	,	,	,	,否,否,	,否,	,,	,否,	,否,,,否
云米蒸烤一体机厨房家用嵌入式蒸烤箱45L大蒸汽电烤箱VSO4501-B,251112-402433042733661,已取消,1	,正常,	,	,,	,	,403868159413	,黑色45L 大容量,1262647022971	,大家电,全屋互联网智能电器,全屋互联网智能电器,	,6923185606314	,6923185606314	,	,	,无售后或售后取消,,	,	,,,,,,,否,否,	,否,	,,1609.0	,0.0	,81.0	,0.0	,0.0	,0.0	,0.0	,0.0	,1528.0	,1528.0	,	,	,****,****,****,****,,否,否,	,	,	,否,	,	,	,	,	,	,	,	,	,	,	,	,否,否,	,否,	,,	,否,	,否,,,否
云米蒸烤一体机厨房家用嵌入式蒸烤箱45L大蒸汽电烤箱VSO4501-B,251112-348704028973661,待发货,1	,正常,2025-11-12 21:52:36,2025-11-13 21:52:36,,	,	,403868159413	,黑色45L 大容量,1262647022971	,大家电,全屋互联网智能电器,全屋互联网智能电器,	,6923185606314	,6923185606314	,	,	,无售后或售后取消,,2025-11-12 21:52:36,	,,,,,,,否,否,	,否,	,,1609.0	,0.0	,81.0	,0.0	,0.0	,0.0	,0.0	,0.0	,1528.0	,1528.0	,	,	,上海市,上海市,宝山区,,,否,否,	,	,	,否,	,	,	,	,	,	,	,	,	,	,	,	,否,否,	,否,否,,	,否,	,否,,,否
【重磅新品】云米净水器600G小海豚升级版厨下式RO反渗透直饮家用,251112-439106998672051,待发货,1	,正常,2025-11-12 21:51:28,2025-11-13 21:51:28,,	,	,225501370546	,【24年新品】600G升级版6年长效,1600502140541	,厨房电器,净水器/净水设备及配件耗材,净水器,	,6923185653684	,6923185616399	,	,	,无售后或售后取消,,2025-11-12 21:51:28,	,,,,,,,否,否,	,否,	,,559.0	,0.0	,0.0	,0.0	,0.2	,0.0	,0.0	,0.0	,559.0	,559.0	,	,	,河南省,郑州市,新郑市,,,否,否,	,	,	,否,	,	,	,	,	,	,	,	,	,	,	,	,否,否,	,否,否,,	,否,	,否,,,否
云米净水器滤芯小蓝调小海豚600G+专用复合滤芯RO反渗透滤芯过滤,251112-318227095183451,待发货,1	,正常,2025-11-12 21:45:24,2025-11-13 21:45:24,,	,	,296967601341	,5in1复合滤芯 2年长效,1600193054565	,厨房电器,净水器/净水设备及配件耗材,净水器配件耗材,	,6923185627425	,	,补差后返到手价99,	,无售后或售后取消,,2025-11-12 21:45:24,	,,,,,,,否,否,	,否,	,,299.0	,0.0	,0.0	,0.0	,0.0	,0.0	,0.0	,0.0	,299.0	,299.0	,	,	,广东省,广州市,白云区,,,否,否,	,	,	,否,	,	,	,	,	,	,	,	,	,	,	,	,否,是,	,否,否,,	,否,	,否,,,否
【重磅新品】云米净水器600G小海豚升级版厨下式RO反渗透直饮家用,251112-014978915923910,待发货,1	,正常,2025-11-12 21:42:03,2025-11-13 21:42:04,,	,	,225501370546	,【24年新品】600G升级版6年长效,1600502140541	,厨房电器,净水器/净水设备及配件耗材,净水器,	,6923185653684	,6923185616399	,	,	,无售后或售后取消,,2025-11-12 21:42:04,	,,,,,,,否,否,	,否,	,,559.0	,0.0	,10.0	,0.0	,0.0	,0.0	,0.0	,0.0	,549.0	,549.0	,	,	,广东省,珠海市,斗门区,,,否,否,	,	,	,否,	,	,	,	,	,	,	,	,	,	,	,	,否,否,	,否,否,,	,否,	,否,,,否
【重磅新品】云米净水器600G小海豚升级版厨下式RO反渗透直饮家用,251112-560516308623451,待发货,1	,正常,2025-11-12 21:44:12,2025-11-13 21:44:12,,	,	,225501370546	,【24年新品】600G升级版6年长效,1600502140541	,厨房电器,净水器/净水设备及配件耗材,净水器,	,6923185653684	,6923185616399	,	,	,无售后或售后取消,,2025-11-12 21:44:12,	,,,,,,,否,否,	,否,	,,559.0	,0.0	,10.0	,0.0	,0.0	,0.0	,0.0	,0.0	,549.0	,549.0	,	,	,广东省,广州市,白云区,,,否,否,	,	,	,否,	,	,	,	,	,	,	,	,	,	,	,	,否,是,	,否,是,3	,商家,否,	,否,,信用卡分期,否
【重磅新品】云米净水器600G小海豚升级版厨下式RO反渗透直饮家用,251112-287042455081574,待发货,1	,正常,2025-11-12 21:40:05,2025-11-13 21:40:06,,	,	,225501370546	,【24年新品】600G升级版6年长效,1600502140541	,厨房电器,净水器/净水设备及配件耗材,净水器,	,6923185653684	,6923185616399	,	,	,无售后或售后取消,,2025-11-12 21:40:06,	,,,,,,,否,否,	,否,	,,559.0	,0.0	,10.0	,54.9	,0.0	,0.0	,0.0	,0.0	,494.1	,549.0	,	,	,江苏省,苏州市,太仓市,,,否,否,	,	,	,否,	,	,	,	,	,	,	,	,	,	,	,	,否,否,	,否,否,,	,否,	,否,,,否
云米净水器滤芯小蓝调小海豚600G+专用复合滤芯RO反渗透滤芯过滤,251112-278087626393719,待发货,1	,正常,2025-11-12 21:26:28,2025-11-13 21:26:28,,	,	,296967601341	,5in1复合滤芯 2年长效,1600193054565	,厨房电器,净水器/净水设备及配件耗材,净水器配件耗材,	,6923185627425	,	,到手价99元,	,无售后或售后取消,,2025-11-12 21:26:28,	,,,,,,,否,否,	,否,	,,299.0	,0.0	,0.0	,0.0	,1.0	,0.0	,0.0	,0.0	,299.0	,299.0	,	,	,福建省,泉州市,惠安县,,,否,否,	,	,	,否,	,	,	,	,	,	,	,	,	,	,	,	,否,是,	,否,否,,	,否,	,否,,,否
云米净水器Super2Y1200G家用直饮厨下式RO反渗透鲜活泉无陈水,251112-555855429951182,已取消,1	,正常,	,	,,	,	,849000374681	,Super2Y 1200G（包安装）,1809523164736	,厨房电器,净水器/净水设备及配件耗材,净水器,	,6923185653981	,6923185653981	,	,	,无售后或售后取消,,	,	,,,,,,,否,否,	,否,	,,1198.2	,0.0	,0.0	,0.0	,0.0	,0.0	,0.0	,0.0	,1198.2	,1198.2	,	,	,****,****,****,****,,否,否,	,	,	,否,	,	,	,	,	,	,	,	,	,	,	,	,是,否,	,否,	,,	,否,	,否,,,否
【重磅新品】云米净水器600G小海豚升级版厨下式RO反渗透直饮家用,251112-263014325811017,待发货,1	,正常,2025-11-12 21:21:13,2025-11-13 21:21:13,,	,	,225501370546	,【24年新品】600G升级版6年长效,1600502140541	,厨房电器,净水器/净水设备及配件耗材,净水器,	,6923185653684	,6923185616399	,	,	,无售后或售后取消,,2025-11-12 21:21:13,	,,,,,,,否,否,	,否,	,,559.0	,0.0	,10.0	,0.0	,0.0	,0.0	,0.0	,0.0	,549.0	,549.0	,	,	,广东省,肇庆市,高要区,,,否,否,	,	,	,否,	,	,	,	,	,	,	,	,	,	,	,	,否,否,	,否,否,,	,否,	,否,,,否
云米净水器Super2Y1200G家用直饮厨下式RO反渗透鲜活泉无陈水,251112-484992684351182,已取消,1	,正常,	,	,,	,	,849000374681	,Super2Y 1200G（包安装）,1809523164736	,厨房电器,净水器/净水设备及配件耗材,净水器,	,6923185653981	,6923185653981	,	,	,无售后或售后取消,,	,	,,,,,,,否,否,	,否,	,,1198.2	,0.0	,0.0	,0.0	,0.0	,0.0	,0.0	,0.0	,1198.2	,1198.2	,	,	,****,****,****,****,,否,否,	,	,	,否,	,	,	,	,	,	,	,	,	,	,	,	,是,否,	,否,	,,	,否,	,否,,,否
云米冷热管线机饮水机壁挂式双出水台式管线机UV杀菌Master3,251112-353375414703594,待发货,1	,正常,2025-11-12 21:20:08,2026-01-20 21:20:09,,	,	,604410073495	,冷热双出水管线机Super2E,1623096067471	,厨房电器,饮水机,饮水机,	,6923185650966	,6923185651345	,	,	,无售后或售后取消,,2025-11-12 21:20:09,	,,,,,,,否,否,	,否,	,,1175.0	,0.0	,0.0	,0.0	,0.0	,0.0	,0.0	,0.0	,1175.0	,1175.0	,	,	,湖南省,长沙市,芙蓉区,,,否,否,	,	,	,否,	,	,	,	,	,	,	,	,	,	,	,	,否,否,	,否,否,,	,否,	,否,,,否
云米蒸烤一体机厨房家用嵌入式蒸烤箱45L大蒸汽电烤箱VSO4501-B,251112-361868869933661,已取消,1	,正常,	,	,,	,	,403868159413	,黑色45L 大容量,1262647022971	,大家电,全屋互联网智能电器,全屋互联网智能电器,	,6923185606314	,6923185606314	,	,	,无售后或售后取消,,	,	,,,,,,,否,否,	,否,	,,1609.0	,0.0	,81.0	,0.0	,0.0	,0.0	,0.0	,0.0	,1528.0	,1528.0	,	,	,****,****,****,****,,否,否,	,	,	,否,	,	,	,	,	,	,	,	,	,	,	,	,否,否,	,否,	,,	,否,	,否,,,否
【重磅新品】云米净水器600G小海豚升级版厨下式RO反渗透直饮家用,251112-162240981280424,待发货,1	,正常,2025-11-12 21:18:04,2025-11-13 21:18:05,,	,	,225501370546	,【24年新品】600G升级版6年长效,1600502140541	,厨房电器,净水器/净水设备及配件耗材,净水器,	,6923185653684	,6923185616399	,	,	,无售后或售后取消,,2025-11-12 21:18:05,	,,,,,,,否,否,	,否,	,,559.0	,0.0	,10.0	,0.0	,0.0	,0.0	,0.0	,0.0	,549.0	,549.0	,	,	,广东省,深圳市,福田区,,,否,否,	,	,	,否,	,	,	,	,	,	,	,	,	,	,	,	,是,是,	,否,否,,	,否,	,否,,,否
【重磅新品】云米净水器600G小海豚升级版厨下式RO反渗透直饮家用,251112-200115546453599,已取消,1	,正常,	,	,,	,	,225501370546	,【24年新品】600G升级版6年长效,1600502140541	,厨房电器,净水器/净水设备及配件耗材,净水器,	,6923185653684	,6923185616399	,	,	,无售后或售后取消,,	,	,,,,,,,否,否,	,否,	,,559.0	,0.0	,10.0	,0.0	,0.0	,0.0	,0.0	,0.0	,549.0	,549.0	,	,	,****,****,****,****,,否,否,	,	,	,否,	,	,	,	,	,	,	,	,	,	,	,	,否,否,	,否,	,,	,否,	,否,,,否
云米F3 1000G尼莫蓝/S2/Q5/X2系列净水器净饮机滤芯家用通用系列,251112-584801328652404,待发货,1	,正常,2025-11-12 21:13:40,2025-11-14 21:13:40,,	,	,291141614396	,F3 5合1（更多适用型号见图）,1360766685918	,厨房电器,净水器/净水设备及配件耗材,净水器配件耗材,	,6923185614258	,	,	,	,无售后或售后取消,,2025-11-12 21:13:40,	,,,,,,,否,否,	,否,	,,156.0	,0.0	,10.0	,0.0	,0.0	,0.0	,0.0	,0.0	,146.0	,146.0	,	,	,广东省,深圳市,龙岗区,,,否,否,	,	,	,否,	,	,	,	,	,	,	,	,	,	,	,	,否,否,	,否,否,,	,否,	,否,,,否
VIOMI云米净水器1000G厨下直饮小体积净水机RO机智显龙头3秒满杯,251112-211628859032348,待发货,1	,正常,2025-11-12 21:09:20,2025-11-13 21:09:20,,	,	,842195971715	,1000G大通量RO净水器,1803617356458	,厨房电器,净水器/净水设备及配件耗材,净水器,	,6923185654247	,	,	,	,无售后或售后取消,,2025-11-12 21:09:20,	,,,,,,,否,否,	,否,	,,823.0	,0.0	,24.0	,7.0	,1.58	,0.0	,0.0	,0.0	,792.0	,799.0	,	,	,宁夏回族自治区,银川市,兴庆区,,,否,否,	,	,	,否,	,	,	,	,	,	,	,	,	,	,	,	,否,否,	,否,否,,	,否,	,否,,,否
【重磅新品】云米净水器600G小海豚升级版厨下式RO反渗透直饮家用,251112-163483491993446,待发货,1	,正常,2025-11-12 21:05:58,2025-11-13 21:05:58,,	,	,225501370546	,【24年新品】600G升级版6年长效,1600502140541	,厨房电器,净水器/净水设备及配件耗材,净水器,	,6923185653684	,6923185616399	,	,	,无售后或售后取消,,2025-11-12 21:05:58,	,,,,,,,否,否,	,否,	,,559.0	,0.0	,10.0	,0.0	,0.0	,0.0	,0.0	,0.0	,549.0	,549.0	,	,	,辽宁省,本溪市,平山区,,,否,否,	,	,	,否,	,	,	,	,	,	,	,	,	,	,	,	,否,否,	,否,否,,	,否,	,否,,,否
【重磅新品】云米净水器600G小海豚升级版厨下式RO反渗透直饮家用,251112-556348260641331,待发货,1	,正常,2025-11-12 21:02:52,2025-11-13 21:02:52,,	,	,225501370546	,【24年新品】600G升级版6年长效,1600502140541	,厨房电器,净水器/净水设备及配件耗材,净水器,	,6923185653684	,6923185616399	,主播：小圆 场控：文蓝	权益：直播间抽奖10元红包,	,无售后或售后取消,,2025-11-12 21:02:52,	,,,,,,,否,否,	,否,	,,559.0	,0.0	,10.0	,0.0	,0.0	,0.0	,0.0	,0.0	,549.0	,549.0	,	,	,黑龙江省,哈尔滨市,道外区,,,否,否,	,	,	,否,	,	,	,	,	,	,	,	,	,	,	,	,否,否,	,否,否,,	,否,	,否,,,否
云米蒸烤一体机厨房家用嵌入式蒸烤箱45L大蒸汽电烤箱VSO4501-B,251112-521294323212167,待发货,1	,正常,2025-11-12 20:54:56,2025-11-13 20:54:56,,	,	,403868159413	,黑色45L 大容量,1262647022971	,大家电,全屋互联网智能电器,全屋互联网智能电器,	,6923185606314	,6923185606314	,	,	,无售后或售后取消,,2025-11-12 20:54:56,	,,,,,,,否,否,	,否,	,,1609.0	,0.0	,81.0	,0.0	,0.0	,0.0	,0.0	,0.0	,1528.0	,1528.0	,	,	,云南省,昆明市,呈贡区,,,否,否,	,	,	,否,	,	,	,	,	,	,	,	,	,	,	,	,否,否,	,否,否,,	,否,	,否,,,否
【重磅新品】云米净水器600G小海豚升级版厨下式RO反渗透直饮家用,251112-351466954373389,已取消,1	,正常,	,	,,	,	,225501370546	,【24年新品】600G升级版6年长效,1600502140541	,厨房电器,净水器/净水设备及配件耗材,净水器,	,6923185653684	,6923185616399	,	,	,无售后或售后取消,,	,	,,,,,,,否,否,	,否,	,,559.0	,0.0	,10.0	,0.0	,0.0	,0.0	,0.0	,0.0	,549.0	,549.0	,	,	,****,****,****,****,,否,否,	,	,	,否,	,	,	,	,	,	,	,	,	,	,	,	,是,否,	,否,	,,	,否,	,否,,,否
【重磅新品】云米净水器600G小海豚升级版厨下式RO反渗透直饮家用,251112-565879836980190,未发货，退款成功,1	,正常,2025-11-12 20:43:45,2025-12-13 20:43:45,,	,	,225501370546	,【24年新品】600G升级版6年长效,1600502140541	,厨房电器,净水器/净水设备及配件耗材,净水器,	,6923185653684	,6923185616399	,聚水潭已取消发货 已退款 卫11.13,	,退款成功,,2025-11-12 20:43:45,	,,,,,,,否,否,	,否,	,,559.0	,0.0	,0.0	,55.9	,0.2	,0.0	,0.0	,0.0	,503.1	,559.0	,	,	,广东省,广州市,海珠区,,,否,否,	,	,	,否,	,	,	,	,	,	,	,	,	,	,	,	,否,是,	,否,否,,	,否,	,否,,,否
云米净水器滤芯小蓝调小海豚600G+专用复合滤芯RO反渗透滤芯过滤,251112-257137067530292,待发货,1	,正常,2025-11-12 20:38:56,2025-11-13 20:38:56,,	,	,296967601341	,5in1复合滤芯 2年长效,1600193054565	,厨房电器,净水器/净水设备及配件耗材,净水器配件耗材,	,6923185627425	,	,到手价99元,	,无售后或售后取消,,2025-11-12 20:38:56,	,,,,,,,否,否,	,否,	,,299.0	,0.0	,0.0	,23.0	,0.2	,0.0	,0.0	,0.0	,276.0	,299.0	,	,	,广东省,佛山市,顺德区,,,否,否,	,	,	,否,	,	,	,	,	,	,	,	,	,	,	,	,否,是,	,否,否,,	,否,	,否,,,否
【重磅新品】云米净水器600G小海豚升级版厨下式RO反渗透直饮家用,251112-430676457780190,未发货，退款成功,1	,正常,2025-11-12 20:32:21,2025-11-13 20:32:21,,	,	,225501370546	,【24年新品】600G升级版6年长效,1600502140541	,厨房电器,净水器/净水设备及配件耗材,净水器,	,6923185653684	,6923185616399	,聚水潭已取消发货 已退款   叶11.12,	,退款成功,,2025-11-12 20:32:21,	,,,,,,,否,否,	,否,	,,559.0	,0.0	,0.0	,55.9	,0.2	,0.0	,0.0	,0.0	,503.1	,559.0	,	,	,广东省,广州市,海珠区,,,否,否,	,	,	,否,	,	,	,	,	,	,	,	,	,	,	,	,否,是,	,否,否,,	,否,	,否,,,否
【母婴直饮】云米净水器 SE 600G+ 新升级厨下式RO反渗透直饮家用,251112-118955712010292,待发货,1	,正常,2025-11-12 20:31:10,2025-11-13 20:31:10,,	,	,819506595979	,【24年新品】600G升级版6年长效,1787046011387	,厨房电器,净水器/净水设备及配件耗材,净水器,	,6923185653684	,6923185616399	,	,	,无售后或售后取消,,2025-11-12 20:31:10,	,,,,,,,否,否,	,否,	,,748.0	,0.0	,143.6	,70.0	,0.0	,0.0	,0.0	,0.0	,534.4	,604.4	,	,	,广东省,佛山市,顺德区,,,否,否,	,	,	,否,	,	,	,	,	,	,	,	,	,	,	,	,否,是,	,否,否,,	,否,	,否,,,否
云米蓝调2双胆电热水器60L超短超薄速热增容大水量3000W杀菌安全,251112-685422681700352,待发货,2	,正常,2025-11-12 20:29:57,2025-11-13 20:29:57,,	,	,846212481564	,超薄超短电热水器60L,1807140932949	,大家电,热水器,电热水器,	,6923185657057	,6923185657057	,	,	,无售后或售后取消,,2025-11-12 20:29:57,	,,,,,,,否,否,	,否,	,,1764.0	,0.0	,88.2	,167.58	,0.2	,0.0	,0.0	,0.0	,1508.22	,1675.8	,	,	,江苏省,徐州市,鼓楼区,,,否,否,	,	,	,否,	,	,	,	,	,	,	,	,	,	,	,	,否,否,	,否,否,,	,否,	,否,,,否
【重磅新品】云米净水器600G小海豚升级版厨下式RO反渗透直饮家用,251112-205484224083940,待发货,1	,正常,2025-11-12 20:30:08,2025-11-13 20:30:08,,	,	,225501370546	,【24年新品】600G升级版6年长效,1600502140541	,厨房电器,净水器/净水设备及配件耗材,净水器,	,6923185653684	,6923185616399	,	,	,无售后或售后取消,,2025-11-12 20:30:08,	,,,,,,,否,否,	,否,	,,559.0	,0.0	,10.0	,0.0	,0.2	,0.0	,0.0	,0.0	,549.0	,549.0	,	,	,河北省,石家庄市,裕华区,,,否,否,	,	,	,否,	,	,	,	,	,	,	,	,	,	,	,	,否,否,	,否,否,,	,否,	,否,,,否
【重磅新品】云米净水器600G小海豚升级版厨下式RO反渗透直饮家用,251112-223163215502302,待发货,1	,正常,2025-11-12 20:31:53,2025-11-13 20:31:53,,	,	,225501370546	,【24年新品】600G升级版6年长效,1600502140541	,厨房电器,净水器/净水设备及配件耗材,净水器,	,6923185653684	,6923185616399	,	,	,无售后或售后取消,,2025-11-12 20:31:53,	,,,,,,,否,否,	,否,	,,559.0	,0.0	,10.0	,0.0	,0.0	,0.0	,0.0	,0.0	,549.0	,549.0	,	,	,山西省,大同市,新荣区,,,否,否,	,	,	,否,	,	,	,	,	,	,	,	,	,	,	,	,否,否,	,否,否,,	,否,	,否,,,否
【重磅新品】云米净水器600G小海豚升级版厨下式RO反渗透直饮家用,251112-185037033871714,待发货,1	,正常,2025-11-12 20:28:35,2025-11-13 20:28:35,,	,	,225501370546	,【24年新品】600G升级版6年长效,1600502140541	,厨房电器,净水器/净水设备及配件耗材,净水器,	,6923185653684	,6923185616399	,	,	,无售后或售后取消,,2025-11-12 20:28:35,	,,,,,,,否,否,	,否,	,,559.0	,0.0	,10.0	,0.0	,0.0	,0.0	,0.0	,0.0	,549.0	,549.0	,	,	,广东省,广州市,海珠区,,,否,否,	,	,	,否,	,	,	,	,	,	,	,	,	,	,	,	,否,否,	,否,否,,	,否,	,否,,,否
云米净水器滤芯小蓝调小海豚600G+专用复合滤芯RO反渗透滤芯过滤,251112-366881021460672,待发货,1	,正常,2025-11-12 20:29:49,2025-11-13 20:29:49,,	,	,296967601341	,5in1复合滤芯 2年长效,1600193054565	,厨房电器,净水器/净水设备及配件耗材,净水器配件耗材,	,6923185627425	,	,补差后返到手价99,	,无售后或售后取消,,2025-11-12 20:29:49,	,,,,,,,否,否,	,否,	,,299.0	,0.0	,0.0	,0.0	,0.2	,0.0	,0.0	,0.0	,299.0	,299.0	,	,	,内蒙古自治区,赤峰市,敖汉旗,,,否,否,	,	,	,否,	,	,	,	,	,	,	,	,	,	,	,	,是,是,	,否,否,,	,否,	,否,,,否
云米蓝调2双胆电热水器60L超短超薄速热增容大水量3000W杀菌安全,251112-655512082020352,未发货，退款成功,2	,正常,2025-11-12 20:26:52,2025-11-13 20:26:53,,	,	,846212481564	,超薄超短电热水器60L,1807140932949	,大家电,热水器,电热水器,	,6923185657057	,6923185657057	,聚水潭已取消发货 已退款   叶11.12,	,退款成功,,2025-11-12 20:26:53,	,,,,,,,否,否,	,否,	,,1764.0	,0.0	,88.2	,167.58	,0.2	,0.0	,0.0	,0.0	,1508.22	,1675.8	,	,	,江苏省,徐州市,鼓楼区,,,否,否,	,	,	,否,	,	,	,	,	,	,	,	,	,	,	,	,否,否,	,否,否,,	,否,	,否,,,否
【重磅新品】云米净水器600G小海豚升级版厨下式RO反渗透直饮家用,251112-104301872660672,未发货，退款成功,1	,正常,2025-11-12 20:26:48,2025-11-13 20:26:48,,	,	,225501370546	,【24年新品】600G升级版6年长效,1600502140541	,厨房电器,净水器/净水设备及配件耗材,净水器,	,6923185653684	,6923185616399	,已建单拦截：ZX2511130066122，卫11.13,	,退款成功,,2025-11-12 20:26:48,	,,,,,,,否,否,	,否,	,,559.0	,0.0	,10.0	,0.0	,0.0	,0.0	,0.0	,0.0	,549.0	,549.0	,	,	,内蒙古自治区,赤峰市,敖汉旗,,,否,否,	,	,	,否,	,	,	,	,	,	,	,	,	,	,	,	,否,是,	,否,否,,	,否,	,否,,,否
【重磅新品】云米净水器600G小海豚升级版厨下式RO反渗透直饮家用,251112-552919395952968,待发货,1	,正常,2025-11-12 20:24:22,2025-11-13 20:24:22,,	,	,225501370546	,【24年新品】600G升级版6年长效,1600502140541	,厨房电器,净水器/净水设备及配件耗材,净水器,	,6923185653684	,6923185616399	,	,	,无售后或售后取消,,2025-11-12 20:24:22,	,,,,,,,否,否,	,否,	,,559.0	,0.0	,10.0	,54.9	,0.0	,0.0	,0.0	,0.0	,494.1	,549.0	,	,	,北京市,北京市,房山区,,,否,否,	,	,	,否,	,	,	,	,	,	,	,	,	,	,	,	,否,否,	,否,否,,	,否,	,否,,,否
【重磅新品】云米净水器600G小海豚升级版厨下式RO反渗透直饮家用,251112-253005688462302,已取消,1	,正常,	,	,,	,	,225501370546	,【24年新品】600G升级版6年长效,1600502140541	,厨房电器,净水器/净水设备及配件耗材,净水器,	,6923185653684	,6923185616399	,	,	,无售后或售后取消,,	,	,,,,,,,否,否,	,否,	,,559.0	,0.0	,10.0	,0.0	,0.0	,0.0	,0.0	,0.0	,549.0	,549.0	,	,	,****,****,****,****,,否,否,	,	,	,否,	,	,	,	,	,	,	,	,	,	,	,	,否,否,	,否,	,,	,否,	,否,,,否
【重磅新品】云米净水器600G小海豚升级版厨下式RO反渗透直饮家用,251112-658028643873537,已取消,1	,正常,	,	,,	,	,225501370546	,【24年新品】600G升级版6年长效,1600502140541	,厨房电器,净水器/净水设备及配件耗材,净水器,	,6923185653684	,6923185616399	,	,	,无售后或售后取消,,	,	,,,,,,,否,否,	,否,	,,559.0	,0.0	,0.0	,55.9	,0.0	,0.0	,0.0	,0.0	,503.1	,559.0	,	,	,****,****,****,****,,否,否,	,	,	,否,	,	,	,	,	,	,	,	,	,	,	,	,否,否,	,否,	,,	,否,	,否,,,否
【重磅新品】云米净水器600G小海豚升级版厨下式RO反渗透直饮家用,251112-072425152033537,待发货,1	,正常,2025-11-12 20:18:49,2025-11-13 20:18:49,,	,	,225501370546	,【24年新品】600G升级版6年长效,1600502140541	,厨房电器,净水器/净水设备及配件耗材,净水器,	,6923185653684	,6923185616399	,	,	,无售后或售后取消,,2025-11-12 20:18:49,	,,,,,,,否,否,	,否,	,,559.0	,0.0	,10.0	,54.9	,0.0	,0.0	,0.0	,0.0	,494.1	,549.0	,	,	,江苏省,盐城市,射阳县,,,否,否,	,	,	,否,	,	,	,	,	,	,	,	,	,	,	,	,否,否,	,否,否,,	,否,	,否,,,否
【重磅新品】云米净水器600G小海豚升级版厨下式RO反渗透直饮家用,251112-180874197290933,待发货,1	,正常,2025-11-12 20:18:52,2025-11-13 20:18:52,,	,	,225501370546	,【24年新品】600G升级版6年长效,1600502140541	,厨房电器,净水器/净水设备及配件耗材,净水器,	,6923185653684	,6923185616399	,	,	,无售后或售后取消,,2025-11-12 20:18:52,	,,,,,,,否,否,	,否,	,,559.0	,0.0	,10.0	,0.0	,0.0	,0.0	,0.0	,0.0	,549.0	,549.0	,	,	,广东省,河源市,连平县,,,否,否,	,	,	,否,	,	,	,	,	,	,	,	,	,	,	,	,否,否,	,否,否,,	,否,	,否,,,否
【重磅新品】云米净水器600G小海豚升级版厨下式RO反渗透直饮家用,251112-261378547280140,已取消,1	,正常,	,	,,	,	,225501370546	,【24年新品】600G升级版6年长效,1600502140541	,厨房电器,净水器/净水设备及配件耗材,净水器,	,6923185653684	,6923185616399	,	,	,无售后或售后取消,,	,	,,,,,,,否,否,	,否,	,,559.0	,0.0	,10.0	,0.0	,0.0	,0.0	,0.0	,0.0	,549.0	,549.0	,	,	,****,****,****,****,,否,否,	,	,	,否,	,	,	,	,	,	,	,	,	,	,	,	,否,否,	,否,	,,	,否,	,否,,,否
【重磅新品】云米净水器600G小海豚升级版厨下式RO反渗透直饮家用,251112-214858524960445,待发货,1	,正常,2025-11-12 20:01:03,2025-11-13 20:01:04,,	,	,225501370546	,【24年新品】600G升级版6年长效,1600502140541	,厨房电器,净水器/净水设备及配件耗材,净水器,	,6923185653684	,6923185616399	,	,	,无售后或售后取消,,2025-11-12 20:01:04,	,,,,,,,否,否,	,否,	,,559.0	,0.0	,10.0	,0.0	,1.09	,0.0	,0.0	,0.0	,549.0	,549.0	,	,	,河北省,唐山市,路北区,,,否,否,	,	,	,否,	,	,	,	,	,	,	,	,	,	,	,	,否,否,	,否,否,,	,否,	,否,,,否
【重磅新品】云米净水器600G小海豚升级版厨下式RO反渗透直饮家用,251112-390227638700883,待发货,1	,正常,2025-11-12 19:56:10,2025-11-13 19:56:10,,	,	,225501370546	,【24年新品】600G升级版6年长效,1600502140541	,厨房电器,净水器/净水设备及配件耗材,净水器,	,6923185653684	,6923185616399	,	,	,无售后或售后取消,,2025-11-12 19:56:10,	,,,,,,,否,否,	,否,	,,559.0	,0.0	,10.0	,0.0	,0.0	,0.0	,0.0	,0.0	,549.0	,549.0	,	,	,天津市,天津市,滨海新区,,,否,否,	,	,	,否,	,	,	,	,	,	,	,	,	,	,	,	,否,否,	,否,否,,	,否,	,否,,,否
VIOMI云米净水器1000G厨下直饮小体积净水机RO机智显龙头3秒满杯,251112-390620823951383,待发货,1	,正常,2025-11-12 19:53:38,2025-11-13 19:53:38,,	,	,842195971715	,1000G大通量RO净水器,1803617356458	,厨房电器,净水器/净水设备及配件耗材,净水器,	,6923185654247	,	,	,	,无售后或售后取消,,2025-11-12 19:53:38,	,,,,,,,否,否,	,否,	,,823.0	,0.0	,24.0	,79.9	,0.0	,0.0	,0.0	,0.0	,719.1	,799.0	,	,	,贵州省,贵阳市,南明区,,,否,否,	,	,	,否,	,	,	,	,	,	,	,	,	,	,	,	,否,否,	,否,否,,	,否,	,否,,,否
Viomi云米净水器1000G厨下式RO反渗透直饮过滤器净饮小海豚2,251112-133258330410675,待发货,1	,正常,2025-11-12 19:52:32,2025-11-13 19:52:33,,	,	,205458105137	,小海豚2包安装1000G大加仑,1802849942800	,厨房电器,净水器/净水设备及配件耗材,净水器,	,6923185654865	,	,	,	,无售后或售后取消,,2025-11-12 19:52:33,	,,,,,,,否,否,	,否,	,,863.0	,0.0	,0.0	,0.0	,0.0	,0.0	,0.0	,0.0	,863.0	,863.0	,	,	,河北省,唐山市,滦州市,,,否,否,	,	,	,否,	,	,	,	,	,	,	,	,	,	,	,	,否,否,	,否,否,,	,否,	,否,,,否
【重磅新品】云米净水器600G小海豚升级版厨下式RO反渗透直饮家用,251112-416373881141967,已取消,1	,正常,	,	,,	,	,225501370546	,【24年新品】600G升级版6年长效,1600502140541	,厨房电器,净水器/净水设备及配件耗材,净水器,	,6923185653684	,6923185616399	,	,	,无售后或售后取消,,	,	,,,,,,,否,否,	,否,	,,559.0	,0.0	,10.0	,50.0	,0.0	,0.0	,0.0	,0.0	,499.0	,549.0	,	,	,****,****,****,****,,否,否,	,	,	,否,	,	,	,	,	,	,	,	,	,	,	,	,否,否,	,否,	,,	,否,	,否,,,否
【母婴直饮】云米净水器 SE 600G+ 新升级厨下式RO反渗透直饮家用,251112-673552853301967,已取消,1	,正常,	,	,,	,	,819506595979	,【24年新品】600G升级版6年长效,1787046011387	,厨房电器,净水器/净水设备及配件耗材,净水器,	,6923185653684	,6923185616399	,	,	,无售后或售后取消,,	,	,,,,,,,否,否,	,否,	,,748.0	,0.0	,134.64	,74.8	,0.0	,0.0	,0.0	,0.0	,538.56	,613.36	,	,	,****,****,****,****,,否,否,	,	,	,否,	,	,	,	,	,	,	,	,	,	,	,	,否,否,	,否,	,,	,否,	,否,,,否
Viomi云米净水器1000G厨下式RO反渗透直饮过滤器净饮小海豚2,251112-381372383530675,未发货，退款成功,1	,正常,2025-11-12 19:46:50,2025-11-13 19:46:50,,	,	,205458105137	,小海豚2包安装1000G大加仑,1802849942800	,厨房电器,净水器/净水设备及配件耗材,净水器,	,6923185654865	,	,聚水潭已取消发货 已退款   叶11.12,	,退款成功,,2025-11-12 19:46:50,	,,,,,,,否,否,	,否,	,,863.0	,0.0	,0.0	,0.0	,5.0	,0.0	,0.0	,0.0	,863.0	,863.0	,	,	,天津市,天津市,北辰区,,,否,否,	,	,	,否,	,	,	,	,	,	,	,	,	,	,	,	,否,否,	,否,否,,	,否,	,否,,,否
VIOMI云米净水器1000G厨下直饮小体积净水机RO机智显龙头3秒满杯,251112-003680571761955,已取消,1	,正常,	,	,,	,	,842195971715	,1000G大通量RO净水器,1803617356458	,厨房电器,净水器/净水设备及配件耗材,净水器,	,6923185654247	,	,	,	,无售后或售后取消,,	,	,,,,,,,否,否,	,否,	,,823.0	,0.0	,24.0	,3.0	,0.0	,0.0	,0.0	,0.0	,796.0	,799.0	,	,	,****,****,****,****,,否,否,	,	,	,否,	,	,	,	,	,	,	,	,	,	,	,	,否,否,	,否,	,,	,否,	,否,,,否
【重磅新品】云米净水器600G小海豚升级版厨下式RO反渗透直饮家用,251112-586185449043786,已取消,1	,正常,	,	,,	,	,225501370546	,【24年新品】600G升级版6年长效,1600502140541	,厨房电器,净水器/净水设备及配件耗材,净水器,	,6923185653684	,6923185616399	,	,	,无售后或售后取消,,	,	,,,,,,,否,否,	,否,	,,559.0	,0.0	,0.0	,0.0	,0.0	,0.0	,0.0	,0.0	,559.0	,559.0	,	,	,****,****,****,****,,否,否,	,	,	,否,	,	,	,	,	,	,	,	,	,	,	,	,否,否,	,否,	,,	,否,	,否,,,否
云米净水器滤芯家用小海豚小蓝调小白龙系列专用RO反渗透,251112-151372449372922,待付款,1	,正常,	,	,,	,	,232467205433	,400G RO反渗透,1358951046251	,厨房电器,净水器/净水设备及配件耗材,净水器配件耗材,	,6923185618362	,	,	,	,无售后或售后取消,,	,	,,,,,,,否,否,	,否,	,,359.0	,0.0	,0.0	,0.0	,0.0	,0.0	,0.0	,0.0	,359.0	,359.0	,	,	,****,****,****,****,,否,否,	,	,	,否,	,	,	,	,	,	,	,	,	,	,	,	,否,否,	,否,	,,	,否,	,否,,,否
【重磅新品】云米净水器600G小海豚升级版厨下式RO反渗透直饮家用,251112-224232784233935,待发货,1	,正常,2025-11-12 19:28:40,2025-11-13 19:28:40,,	,	,225501370546	,【24年新品】600G升级版6年长效,1600502140541	,厨房电器,净水器/净水设备及配件耗材,净水器,	,6923185653684	,6923185616399	,	,	,无售后或售后取消,,2025-11-12 19:28:40,	,,,,,,,否,否,	,否,	,,559.0	,0.0	,10.0	,30.0	,0.0	,0.0	,0.0	,0.0	,519.0	,549.0	,	,	,云南省,曲靖市,麒麟区,,,否,否,	,	,	,否,	,	,	,	,	,	,	,	,	,	,	,	,否,否,	,否,否,,	,否,	,否,,,否
【重磅新品】云米净水器600G小海豚升级版厨下式RO反渗透直饮家用,251112-142905208331866,待发货,1	,正常,2025-11-12 19:27:05,2025-11-13 19:27:05,,	,	,225501370546	,【24年新品】600G升级版6年长效,1600502140541	,厨房电器,净水器/净水设备及配件耗材,净水器,	,6923185653684	,6923185616399	,	,延迟发货,无售后或售后取消,,2025-11-12 19:27:05,	,,,,,,,否,否,	,否,	,,559.0	,0.0	,0.0	,50.0	,0.0	,0.0	,0.0	,0.0	,509.0	,559.0	,	,	,黑龙江省,鹤岗市,南山区,,,否,否,	,	,	,否,	,	,	,	,	,	,	,	,	,	,	,	,否,否,	,否,否,,	,否,	,否,,,否
【重磅新品】云米净水器600G小海豚升级版厨下式RO反渗透直饮家用,251112-559189901740326,已取消,1	,正常,	,	,,	,	,225501370546	,【24年新品】600G升级版6年长效,1600502140541	,厨房电器,净水器/净水设备及配件耗材,净水器,	,6923185653684	,6923185616399	,	,	,无售后或售后取消,,	,	,,,,,,,否,否,	,否,	,,559.0	,0.0	,10.0	,0.0	,0.0	,0.0	,0.0	,0.0	,549.0	,549.0	,	,	,****,****,****,****,,否,否,	,	,	,否,	,	,	,	,	,	,	,	,	,	,	,	,否,否,	,否,	,,	,否,	,否,,,否
【重磅新品】云米净水器600G小海豚升级版厨下式RO反渗透直饮家用,251112-367704215852913,未发货，退款成功,1	,正常,2025-11-12 19:14:11,2025-11-13 19:14:11,,	,	,225501370546	,【24年新品】600G升级版6年长效,1600502140541	,厨房电器,净水器/净水设备及配件耗材,净水器,	,6923185653684	,6923185616399	,聚水潭已取消发货 已退款   叶11.12,	,退款成功,,2025-11-12 19:14:11,	,,,,,,,否,否,	,否,	,,559.0	,0.0	,0.0	,55.9	,0.0	,0.0	,0.0	,0.0	,503.1	,559.0	,	,	,山西省,大同市,新荣区,,,否,否,	,	,	,否,	,	,	,	,	,	,	,	,	,	,	,	,否,否,	,否,否,,	,否,	,否,,,否
【重磅新品】云米净水器600G小海豚升级版厨下式RO反渗透直饮家用,251112-031289525760412,待发货,1	,正常,2025-11-12 18:51:00,2025-12-13 18:51:00,,	,	,225501370546	,【24年新品】600G升级版6年长效,1600502140541	,厨房电器,净水器/净水设备及配件耗材,净水器,	,6923185653684	,6923185616399	,	,延迟发货,无售后或售后取消,,2025-11-12 18:51:00,	,,,,,,,否,否,	,否,	,,559.0	,0.0	,0.0	,55.9	,0.0	,0.0	,0.0	,0.0	,503.1	,559.0	,	,	,黑龙江省,鹤岗市,南山区,,,否,否,	,	,	,否,	,	,	,	,	,	,	,	,	,	,	,	,否,否,	,否,否,,	,否,	,否,,,否
VIOMI云米净水器1000G厨下直饮小体积净水机RO机智显龙头3秒满杯,251112-607555427922723,待发货,2	,正常,2025-11-12 18:48:56,2025-11-13 18:48:57,,	,	,309517106373	,复合滤芯,1803020722098	,厨房电器,净水器/净水设备及配件耗材,净水器,	,6923185653998	,	,补差后返到手价198,	,无售后或售后取消,,2025-11-12 18:48:57,	,,,,,,,否,否,	,否,	,,598.0	,0.0	,59.8	,0.0	,0.0	,0.0	,0.0	,0.0	,538.2	,538.2	,	,	,上海市,上海市,浦东新区,,,否,否,	,	,	,否,	,	,	,	,	,	,	,	,	,	,	,	,否,否,	,否,否,,	,否,	,否,,,否
【重磅新品】云米净水器600G小海豚升级版厨下式RO反渗透直饮家用,251112-219278241313411,待发货,1	,正常,2025-11-12 18:38:18,2025-11-13 18:38:19,,	,	,225501370546	,【24年新品】600G升级版6年长效,1600502140541	,厨房电器,净水器/净水设备及配件耗材,净水器,	,6923185653684	,6923185616399	,	,	,无售后或售后取消,,2025-11-12 18:38:19,	,,,,,,,否,否,	,否,	,,559.0	,0.0	,10.0	,0.0	,0.0	,0.0	,0.0	,0.0	,549.0	,549.0	,	,	,黑龙江省,齐齐哈尔市,昂昂溪区,,,否,否,	,	,	,否,	,	,	,	,	,	,	,	,	,	,	,	,否,是,	,否,否,,	,否,	,否,,,否
【母婴直饮】云米净水器 SE 600G+ 新升级厨下式RO反渗透直饮家用,251112-094696958282097,已取消,1	,正常,	,	,,	,	,819506595979	,【24年新品】600G升级版6年长效,1787046011387	,厨房电器,净水器/净水设备及配件耗材,净水器,	,6923185653684	,6923185616399	,	,	,无售后或售后取消,,	,	,,,,,,,否,否,	,否,	,,748.0	,0.0	,134.64	,74.8	,0.0	,0.0	,0.0	,0.0	,538.56	,613.36	,	,	,****,****,****,****,,否,否,	,	,	,否,	,	,	,	,	,	,	,	,	,	,	,	,否,否,	,否,	,,	,否,	,否,,,否
【重磅新品】云米净水器600G小海豚升级版厨下式RO反渗透直饮家用,251112-038409388443318,待发货,1	,正常,2025-11-12 18:28:01,2025-12-13 18:28:01,,	,	,225501370546	,【24年新品】600G升级版6年长效,1600502140541	,厨房电器,净水器/净水设备及配件耗材,净水器,	,6923185653684	,6923185616399	,	,延迟发货,无售后或售后取消,,2025-11-12 18:28:01,	,,,,,,,否,否,	,否,	,,559.0	,0.0	,10.0	,54.9	,0.0	,0.0	,0.0	,0.0	,494.1	,549.0	,	,	,黑龙江省,鹤岗市,南山区,,,否,否,	,	,	,否,	,	,	,	,	,	,	,	,	,	,	,	,否,否,	,否,否,,	,否,	,否,,,否
云米60升AI速热高温抑菌电热水器3000W一级节能变频增容家用租房,251112-347529561632572,待发货,1	,正常,2025-11-12 18:27:09,2025-11-13 18:27:09,,	,	,226368376224	,3000W速热安全60L热水器,1737176648260	,大家电,热水器,电热水器,	,6923185602224	,6923185602224	,	,	,无售后或售后取消,,2025-11-12 18:27:09,	,,,,,,,否,否,	,否,	,,610.0	,0.0	,0.0	,3.0	,0.2	,0.0	,0.0	,0.0	,607.0	,610.0	,	,	,河北省,邢台市,平乡县,,,否,否,	,	,	,否,	,	,	,	,	,	,	,	,	,	,	,	,否,否,	,否,否,,	,否,	,否,,,否
【重磅新品】云米净水器600G小海豚升级版厨下式RO反渗透直饮家用,251112-576050961990820,未发货，退款成功,1	,正常,2025-11-12 18:16:01,2025-11-13 18:16:01,,	,	,225501370546	,【24年新品】600G升级版6年长效,1600502140541	,厨房电器,净水器/净水设备及配件耗材,净水器,	,6923185653684	,6923185616399	,聚水潭已取消发货 已退款   叶11.12,	,退款成功,,2025-11-12 18:16:01,	,,,,,,,否,否,	,否,	,,559.0	,0.0	,10.0	,3.0	,0.0	,0.0	,0.0	,0.0	,546.0	,549.0	,	,	,浙江省,宁波市,海曙区,,,否,否,	,	,	,否,	,	,	,	,	,	,	,	,	,	,	,	,否,是,	,否,否,,	,否,	,否,,,否
【重磅新品】云米净水器600G小海豚升级版厨下式RO反渗透直饮家用,251112-481978007972403,已取消,1	,正常,	,	,,	,	,225501370546	,【24年新品】600G升级版6年长效,1600502140541	,厨房电器,净水器/净水设备及配件耗材,净水器,	,6923185653684	,6923185616399	,	,	,无售后或售后取消,,	,	,,,,,,,否,否,	,否,	,,559.0	,0.0	,10.0	,0.0	,0.0	,0.0	,0.0	,0.0	,549.0	,549.0	,	,	,****,****,****,****,,否,否,	,	,	,否,	,	,	,	,	,	,	,	,	,	,	,	,否,否,	,否,	,,	,否,	,否,,,否
【重磅新品】云米净水器600G小海豚升级版厨下式RO反渗透直饮家用,251112-206590493023300,已取消,1	,正常,	,	,,	,	,225501370546	,【24年新品】600G升级版6年长效,1600502140541	,厨房电器,净水器/净水设备及配件耗材,净水器,	,6923185653684	,6923185616399	,	,	,无售后或售后取消,,	,	,,,,,,,否,否,	,否,	,,559.0	,0.0	,0.0	,0.0	,0.0	,0.0	,0.0	,0.0	,559.0	,559.0	,	,	,****,****,****,****,,否,否,	,	,	,否,	,	,	,	,	,	,	,	,	,	,	,	,否,否,	,否,	,,	,否,	,否,,,否
【重磅新品】云米净水器600G小海豚升级版厨下式RO反渗透直饮家用,251112-271969237343300,已取消,1	,正常,	,	,,	,	,225501370546	,【24年新品】600G升级版6年长效,1600502140541	,厨房电器,净水器/净水设备及配件耗材,净水器,	,6923185653684	,6923185616399	,	,	,无售后或售后取消,,	,	,,,,,,,否,否,	,否,	,,559.0	,0.0	,10.0	,0.0	,0.0	,0.0	,0.0	,0.0	,549.0	,549.0	,	,	,****,****,****,****,,否,否,	,	,	,否,	,	,	,	,	,	,	,	,	,	,	,	,否,否,	,否,	,,	,否,	,否,,,否
【重磅新品】云米净水器600G小海豚升级版厨下式RO反渗透直饮家用,251112-255564235110794,已取消,1	,正常,	,	,,	,	,225501370546	,【24年新品】600G升级版6年长效,1600502140541	,厨房电器,净水器/净水设备及配件耗材,净水器,	,6923185653684	,6923185616399	,	,	,无售后或售后取消,,	,	,,,,,,,否,否,	,否,	,,559.0	,0.0	,10.0	,30.0	,0.0	,0.0	,0.0	,0.0	,519.0	,549.0	,	,	,****,****,****,****,,否,否,	,	,	,否,	,	,	,	,	,	,	,	,	,	,	,	,否,否,	,否,	,,	,否,	,否,,,否
VIOMI云米净水器1000G厨下直饮小体积净水机RO机智显龙头3秒满杯,251112-138417355050558,待发货,1	,正常,2025-11-12 18:05:58,2025-11-13 18:05:58,,	,	,842195971715	,1000G大通量RO净水器,1803617356458	,厨房电器,净水器/净水设备及配件耗材,净水器,	,6923185654247	,	,	,	,无售后或售后取消,,2025-11-12 18:05:58,	,,,,,,,否,否,	,否,	,,823.0	,0.0	,24.0	,0.0	,1.59	,0.0	,0.0	,0.0	,799.0	,799.0	,	,	,湖北省,宜昌市,伍家岗区,,,否,否,	,	,	,否,	,	,	,	,	,	,	,	,	,	,	,	,否,否,	,否,否,,	,否,	,否,,,否
【重磅新品】云米净水器600G小海豚升级版厨下式RO反渗透直饮家用,251112-337998016110962,已取消,1	,正常,	,	,,	,	,225501370546	,【24年新品】600G升级版6年长效,1600502140541	,厨房电器,净水器/净水设备及配件耗材,净水器,	,6923185653684	,6923185616399	,	,	,无售后或售后取消,,	,	,,,,,,,否,否,	,否,	,,559.0	,0.0	,10.0	,0.0	,0.0	,0.0	,0.0	,0.0	,549.0	,549.0	,	,	,****,****,****,****,,否,否,	,	,	,否,	,	,	,	,	,	,	,	,	,	,	,	,否,否,	,否,	,,	,否,	,否,,,否
云米60升AI速热高温抑菌电热水器3000W一级节能变频增容家用租房,251112-213794210091830,待发货,1	,正常,2025-11-12 17:57:01,2025-11-13 17:57:01,,	,	,226368376224	,3000W速热安全60L热水器,1737176648260	,大家电,热水器,电热水器,	,6923185602224	,6923185602224	,	,	,无售后或售后取消,,2025-11-12 17:57:01,	,,,,,,,否,否,	,否,	,,610.0	,0.0	,0.0	,0.0	,0.0	,0.0	,0.0	,0.0	,610.0	,610.0	,	,	,云南省,文山壮族苗族自治州,丘北县,,,否,否,	,	,	,否,	,	,	,	,	,	,	,	,	,	,	,	,否,否,	,否,否,,	,否,	,否,,,否
云米小厨宝6L电热水器厨房卫生间出水恒温储水式小型速热神器加热,251112-512926707240657,待发货,1	,正常,2025-11-12 17:56:22,2025-11-13 17:56:23,,	,	,208073193570	,热水即刻有-【6L】,1801828025682	,大家电,热水器,厨宝,	,6923185611233	,6923185611233	,	,	,无售后或售后取消,,2025-11-12 17:56:23,	,,,,,,,否,否,	,否,	,,267.0	,0.0	,14.0	,15.0	,0.0	,0.0	,0.0	,0.0	,238.0	,253.0	,	,	,陕西省,安康市,旬阳市,,,否,否,	,	,	,否,	,	,	,	,	,	,	,	,	,	,	,	,否,否,	,否,否,,	,否,	,否,,,否
云米净水器滤芯小蓝调小海豚600G+专用复合滤芯RO反渗透滤芯过滤,251112-145584309890688,待发货,2	,正常,2025-11-12 17:56:22,2025-11-13 17:56:22,,	,	,296967601341	,5in1复合滤芯 2年长效,1600193054565	,厨房电器,净水器/净水设备及配件耗材,净水器配件耗材,	,6923185627425	,	,	,	,无售后或售后取消,,2025-11-12 17:56:22,	,,,,,,,否,否,	,否,	,,598.0	,0.0	,5.98	,51.0	,0.0	,0.0	,0.0	,0.0	,541.02	,592.02	,	,	,吉林省,长春市,经济技术开发区,,,否,否,	,	,	,否,	,	,	,	,	,	,	,	,	,	,	,	,否,否,	,否,否,,	,否,	,否,,,否
云米净水器滤芯家用小海豚小蓝调小白龙系列专用RO反渗透,251112-613422283123092,已发货，待收货,1	,正常,2025-11-12 17:43:38,2025-11-14 17:43:38,,2025-11-12 19:23:51,	,232467205433	,5in1 复合滤芯,1647394585330	,厨房电器,净水器/净水设备及配件耗材,净水器配件耗材,	,6923185627425	,	,补差后返到手价109，晒单在返10,	,无售后或售后取消,,2025-11-12 17:43:38,	,,,,,,,否,否,	,否,	,,149.0	,0.0	,0.0	,0.0	,0.0	,0.0	,0.0	,0.0	,149.0	,149.0	,JDV024030523656,京东大件物流,天津市,天津市,宝坻区,,,否,否,	,	,	,否,	,	,	,	,	,	,	,	,	,	,	,	,否,否,	,否,否,,	,否,	,否,,,否
云米净水器滤芯PP棉前置后置RO反渗透1号2号3号4号通用装C/V系列,251112-433612460383678,待付款,1	,正常,	,	,,	,	,205467667434	,1号PP棉滤芯超能升级版,760402645809	,厨房电器,净水器/净水设备及配件耗材,净水器配件耗材,	,6923185600190	,	,	,	,无售后或售后取消,,	,	,,,,,,,否,否,	,否,	,,39.0	,0.0	,0.0	,0.0	,0.0	,0.0	,0.0	,0.0	,39.0	,39.0	,	,	,****,****,****,****,,否,否,	,	,	,否,	,	,	,	,	,	,	,	,	,	,	,	,否,否,	,否,	,,	,否,	,否,,,否
【重磅新品】云米净水器600G小海豚升级版厨下式RO反渗透直饮家用,251112-683257414050281,已取消,1	,正常,	,	,,	,	,225501370546	,【24年新品】600G升级版6年长效,1600502140541	,厨房电器,净水器/净水设备及配件耗材,净水器,	,6923185653684	,6923185616399	,	,	,无售后或售后取消,,	,	,,,,,,,否,否,	,否,	,,559.0	,0.0	,10.0	,0.0	,0.0	,0.0	,0.0	,0.0	,549.0	,549.0	,	,	,****,****,****,****,,否,否,	,	,	,否,	,	,	,	,	,	,	,	,	,	,	,	,否,否,	,否,	,,	,否,	,否,,,否
【母婴直饮】云米净水器 SE 600G+ 新升级厨下式RO反渗透直饮家用,251112-584355704450890,待发货,1	,正常,2025-11-12 17:28:58,2025-11-13 17:28:58,,	,	,819506595979	,【24年新品】600G升级版6年长效,1787046011387	,厨房电器,净水器/净水设备及配件耗材,净水器,	,6923185653684	,6923185616399	,主播：晓楠 场控：文蓝	权益：直播间抽奖10元红包,	,无售后或售后取消,,2025-11-12 17:28:58,	,,,,,,,否,否,	,否,	,,748.0	,0.0	,138.2	,57.0	,0.0	,0.0	,0.0	,0.0	,552.8	,609.8	,	,	,北京市,北京市,大兴区,,,否,否,	,	,	,否,	,	,	,	,	,	,	,	,	,	,	,	,是,是,	,否,是,3	,商家,否,	,否,,信用卡分期,否
【重磅新品】云米净水器600G小海豚升级版厨下式RO反渗透直饮家用,251112-001724925573227,待发货,1	,正常,2025-11-12 17:26:51,2025-11-13 17:26:51,,	,	,225501370546	,【24年新品】600G升级版6年长效,1600502140541	,厨房电器,净水器/净水设备及配件耗材,净水器,	,6923185653684	,6923185616399	,	,	,无售后或售后取消,,2025-11-12 17:26:51,	,,,,,,,否,否,	,否,	,,559.0	,0.0	,10.0	,0.0	,0.0	,0.0	,0.0	,0.0	,549.0	,549.0	,	,	,山西省,大同市,平城区,,,否,否,	,	,	,否,	,	,	,	,	,	,	,	,	,	,	,	,否,否,	,否,否,,	,否,	,否,,,否
云米顶侧双吸烟灶套装22m³大吸力抽油烟机聚能猛火灶节能燃气家用,251112-131176917332311,待发货,1	,正常,2025-11-12 17:20:09,2025-11-13 17:20:09,,	,	,382839923175	,【两件套】顶侧双吸烟机+5.2KW灶（天）,1743705224006	,大家电,厨房大电,烟灶消套装,	,S2309261029001,蓝调套装,	,	,无售后或售后取消,,2025-11-12 17:20:09,	,,,,,,,否,否,	,否,	,,1218.0	,0.0	,0.0	,121.8	,0.0	,0.0	,0.0	,0.0	,1096.2	,1218.0	,	,	,山东省,聊城市,东阿县,,,否,否,	,	,	,否,	,	,	,	,	,	,	,	,	,	,	,	,否,否,	,否,否,,	,否,	,否,,,否
【重磅新品】云米净水器600G小海豚升级版厨下式RO反渗透直饮家用,251112-359724562860466,待发货,1	,正常,2025-11-12 17:18:17,2025-11-13 17:18:18,,	,	,225501370546	,【24年新品】600G升级版6年长效,1600502140541	,厨房电器,净水器/净水设备及配件耗材,净水器,	,6923185653684	,6923185616399	,	,	,无售后或售后取消,,2025-11-12 17:18:18,	,,,,,,,否,否,	,否,	,,559.0	,0.0	,10.0	,0.0	,0.0	,0.0	,0.0	,0.0	,549.0	,549.0	,	,	,四川省,内江市,东兴区,,,否,否,	,	,	,否,	,	,	,	,	,	,	,	,	,	,	,	,否,否,	,否,否,,	,否,	,否,,,否
云米智能AI门锁3D指纹密码蓝牙可连大容量续航家用公寓自动安全,251112-632941473313483,待发货,1	,正常,2025-11-12 17:18:18,2025-11-13 17:18:19,,	,	,743885774552	,"云米蓝调指纹密码锁LBT11C,黑色",1734954999916	,基础建材,智能门锁/电子锁,智能门锁/电子锁,	,6923185655381	,6923185655381	,	,	,无售后或售后取消,,2025-11-12 17:18:19,	,,,,,,,否,否,	,否,	,,662.0	,0.0	,70.0	,24.0	,0.0	,0.0	,0.0	,0.0	,568.0	,592.0	,	,	,河南省,郑州市,巩义市,,,否,否,	,	,	,否,	,	,	,	,	,	,	,	,	,	,	,	,否,否,	,否,否,,	,否,	,否,,,否
【重磅新品】云米净水器600G小海豚升级版厨下式RO反渗透直饮家用,251112-180659197511719,已取消,1	,正常,	,	,,	,	,225501370546	,【24年新品】600G升级版6年长效,1600502140541	,厨房电器,净水器/净水设备及配件耗材,净水器,	,6923185653684	,6923185616399	,	,	,无售后或售后取消,,	,	,,,,,,,否,否,	,否,	,,559.0	,0.0	,0.0	,0.0	,0.0	,0.0	,0.0	,0.0	,559.0	,559.0	,	,	,****,****,****,****,,否,否,	,	,	,否,	,	,	,	,	,	,	,	,	,	,	,	,否,否,	,否,	,,	,否,	,否,,,否
【重磅新品】云米净水器600G小海豚升级版厨下式RO反渗透直饮家用,251112-081956707911719,已取消,1	,正常,	,	,,	,	,225501370546	,【24年新品】600G升级版6年长效,1600502140541	,厨房电器,净水器/净水设备及配件耗材,净水器,	,6923185653684	,6923185616399	,	,	,无售后或售后取消,,	,	,,,,,,,否,否,	,否,	,,559.0	,0.0	,10.0	,0.0	,0.0	,0.0	,0.0	,0.0	,549.0	,549.0	,	,	,****,****,****,****,,否,否,	,	,	,否,	,	,	,	,	,	,	,	,	,	,	,	,否,否,	,否,	,,	,否,	,否,,,否
【重磅新品】云米净水器600G小海豚升级版厨下式RO反渗透直饮家用,251112-234084144770890,未发货，退款成功,1	,正常,2025-11-12 17:01:58,2025-11-13 17:01:58,,	,	,225501370546	,【24年新品】600G升级版6年长效,1600502140541	,厨房电器,净水器/净水设备及配件耗材,净水器,	,6923185653684	,6923185616399	,主播：晓楠 场控：文蓝	权益：直播间抽奖10元红包==聚水潭已取消发货 已退款   叶11.12,	,退款成功,,2025-11-12 17:01:58,	,,,,,,,否,否,	,否,	,,559.0	,0.0	,0.0	,0.0	,0.0	,0.0	,0.0	,0.0	,559.0	,559.0	,	,	,北京市,北京市,大兴区,,,否,否,	,	,	,否,	,	,	,	,	,	,	,	,	,	,	,	,是,是,	,否,是,3	,商家,否,	,否,,信用卡分期,否
Viomi云米净水器1000G厨下式RO反渗透直饮过滤器净饮小海豚2,251112-182557120023395,已取消,1	,正常,	,	,,	,	,205458105137	,小海豚2包安装1000G大加仑,1802849942800	,厨房电器,净水器/净水设备及配件耗材,净水器,	,6923185654865	,	,	,	,无售后或售后取消,,	,	,,,,,,,否,否,	,否,	,,863.0	,0.0	,0.0	,0.0	,0.0	,0.0	,0.0	,0.0	,863.0	,863.0	,	,	,****,****,****,****,,否,否,	,	,	,否,	,	,	,	,	,	,	,	,	,	,	,	,否,否,	,否,	,,	,否,	,否,,,否
云米小厨宝6L电热水器厨房卫生间出水恒温储水式小型速热神器加热,251112-186730442320358,未发货，退款成功,1	,正常,2025-11-12 16:54:18,2025-11-13 16:54:18,,	,	,208073193570	,热水即刻有-【6L】,1801828025682	,大家电,热水器,厨宝,	,6923185611233	,6923185611233	,聚水潭已取消发货 已退款   叶11.12,	,退款成功,,2025-11-12 16:54:18,	,,,,,,,否,否,	,否,	,,267.0	,0.0	,14.0	,0.0	,0.0	,0.0	,0.0	,0.0	,253.0	,253.0	,	,	,江苏省,无锡市,新吴区,,,否,否,	,	,	,否,	,	,	,	,	,	,	,	,	,	,	,	,否,否,	,否,否,,	,否,	,否,,,否
云米智能AI门锁3D指纹密码蓝牙可连大容量续航家用公寓自动安全,251112-265310749000829,已发货，待收货,1	,正常,2025-11-12 16:50:05,2025-11-13 16:50:05,,2025-11-12 21:19:57,	,743885774552	,"云米蓝调指纹密码锁LBT11C,黑色",1734954999916	,基础建材,智能门锁/电子锁,智能门锁/电子锁,	,6923185655381	,6923185655381	,	,	,无售后或售后取消,,2025-11-12 16:50:05,	,,,,,,,否,否,	,否,中国新疆中转,,661.0	,0.0	,76.0	,24.0	,1.12	,0.0	,0.0	,0.0	,561.0	,585.0	,JDV024031363931,京东大件物流,陕西省,咸阳市,渭城区,,,否,否,	,	,	,否,	,	,	,	,	,	,	,	,	,	,	,	,否,否,	,否,否,,	,否,	,否,,,否
【重磅新品】云米净水器600G小海豚升级版厨下式RO反渗透直饮家用,251112-361129582211900,待发货,1	,正常,2025-11-12 16:40:47,2025-11-13 16:40:48,,	,	,225501370546	,【24年新品】600G升级版6年长效,1600502140541	,厨房电器,净水器/净水设备及配件耗材,净水器,	,6923185653684	,6923185616399	,	,	,无售后或售后取消,,2025-11-12 16:40:48,	,,,,,,,否,否,	,否,	,,559.0	,0.0	,10.0	,0.0	,0.0	,0.0	,0.0	,0.0	,549.0	,549.0	,	,	,福建省,福州市,福清市,,,否,否,	,	,	,否,	,	,	,	,	,	,	,	,	,	,	,	,否,否,	,否,否,,	,否,	,否,,,否
Viomi云米净水器1000G厨下式RO反渗透直饮过滤器净饮小海豚2,251112-291556564570014,已取消,1	,正常,	,	,,	,	,205458105137	,小海豚2包安装1000G大加仑,1802849942800	,厨房电器,净水器/净水设备及配件耗材,净水器,	,6923185654865	,	,	,	,无售后或售后取消,,	,	,,,,,,,否,否,	,否,	,,863.0	,0.0	,0.0	,0.0	,0.0	,0.0	,0.0	,0.0	,863.0	,863.0	,	,	,****,****,****,****,,否,否,	,	,	,否,	,	,	,	,	,	,	,	,	,	,	,	,否,否,	,否,	,,	,否,	,否,,,否
云米顶侧双吸大吸力低噪油烟机猛火液化气聚能灶智能套装家用厨房,251112-318830026361305,未发货，退款成功,1	,正常,2025-11-12 16:28:47,2025-11-13 16:28:48,,	,	,674950510509	,【烟灶套装】顶侧双吸烟机+5.0KW灶（天）,1744061180430	,大家电,厨房大电,烟灶消套装,	,S2405071349001,S2501061036001,聚水潭已取消发货 已退款   叶11.12,	,退款成功,,2025-11-12 16:28:48,	,,,,,,,否,否,	,否,	,,1079.0	,0.0	,0.0	,0.0	,0.0	,0.0	,0.0	,0.0	,1079.0	,1079.0	,	,	,浙江省,绍兴市,越城区,,,否,否,	,	,	,否,	,	,	,	,	,	,	,	,	,	,	,	,否,否,	,否,否,,	,否,	,否,,,否
【重磅新品】云米净水器600G小海豚升级版厨下式RO反渗透直饮家用,251112-440422961542199,待发货,1	,正常,2025-11-12 16:24:06,2025-11-13 16:24:06,,	,	,225501370546	,【24年新品】600G升级版6年长效,1600502140541	,厨房电器,净水器/净水设备及配件耗材,净水器,	,6923185653684	,6923185616399	,	,	,无售后或售后取消,,2025-11-12 16:24:06,	,,,,,,,否,否,	,否,	,,559.0	,0.0	,10.0	,0.0	,0.0	,0.0	,0.0	,0.0	,549.0	,549.0	,	,	,湖南省,岳阳市,云溪区,,,否,否,	,	,	,否,	,	,	,	,	,	,	,	,	,	,	,	,否,否,	,否,否,,	,否,	,否,,,否
【重磅新品】云米净水器600G小海豚升级版厨下式RO反渗透直饮家用,251112-065148096820392,待发货,1	,正常,2025-11-12 16:19:19,2025-11-13 16:19:19,,	,	,225501370546	,【24年新品】600G升级版6年长效,1600502140541	,厨房电器,净水器/净水设备及配件耗材,净水器,	,6923185653684	,6923185616399	,	,	,无售后或售后取消,,2025-11-12 16:19:19,	,,,,,,,否,否,	,否,	,,559.0	,0.0	,10.0	,54.9	,0.0	,0.0	,0.0	,0.0	,494.1	,549.0	,	,	,上海市,上海市,杨浦区,,,否,否,	,	,	,否,	,	,	,	,	,	,	,	,	,	,	,	,否,否,	,否,否,,	,否,	,否,,,否
云米小厨宝6L电热水器厨房卫生间出水恒温储水式小型速热神器加热,251112-404467248681193,待发货,1	,正常,2025-11-12 16:14:06,2025-11-13 16:14:07,,	,	,208073193570	,热水即刻有-【6L】,1801828025682	,大家电,热水器,厨宝,	,6923185611233	,6923185611233	,	,	,无售后或售后取消,,2025-11-12 16:14:07,	,,,,,,,否,否,	,否,	,,267.0	,0.0	,14.0	,0.0	,0.0	,0.0	,0.0	,0.0	,253.0	,253.0	,	,	,江苏省,无锡市,滨湖区,,,否,否,	,	,	,否,	,	,	,	,	,	,	,	,	,	,	,	,否,否,	,否,否,,	,否,	,否,,,否
【重磅新品】云米净水器600G小海豚升级版厨下式RO反渗透直饮家用,251112-332880986443073,已发货，待收货,1	,正常,2025-11-12 16:09:46,2025-11-13 16:09:46,,2025-11-12 19:23:52,	,225501370546	,【24年新品】600G升级版6年长效,1600502140541	,厨房电器,净水器/净水设备及配件耗材,净水器,	,6923185653684	,6923185616399	,	,	,无售后或售后取消,,2025-11-12 16:09:46,	,,,,,,,否,否,	,否,	,,559.0	,0.0	,10.0	,0.0	,0.0	,0.0	,0.0	,0.0	,549.0	,549.0	,JDV024030414289,京东大件物流,福建省,泉州市,南安市,,,否,否,	,	,	,否,	,	,	,	,	,	,	,	,	,	,	,	,否,否,	,否,否,,	,否,	,否,,,否
【重磅新品】云米净水器600G小海豚升级版厨下式RO反渗透直饮家用,251112-059517253931796,已发货，待收货,1	,正常,2025-11-12 16:08:53,2025-11-13 16:08:53,,2025-11-12 19:23:51,	,225501370546	,【24年新品】600G升级版6年长效,1600502140541	,厨房电器,净水器/净水设备及配件耗材,净水器,	,6923185653684	,6923185616399	,	,	,无售后或售后取消,,2025-11-12 16:08:53,	,,,,,,,否,否,	,否,	,,559.0	,0.0	,10.0	,0.0	,1.09	,0.0	,0.0	,0.0	,549.0	,549.0	,JDV024030320438,京东大件物流,天津市,天津市,北辰区,,,否,否,	,	,	,否,	,	,	,	,	,	,	,	,	,	,	,	,否,否,	,否,否,,	,否,	,否,,,否
【重磅新品】云米净水器600G小海豚升级版厨下式RO反渗透直饮家用,251112-011093993833253,待发货,1	,正常,2025-11-12 16:07:31,2025-11-13 16:07:31,,	,	,225501370546	,【24年新品】600G升级版6年长效,1600502140541	,厨房电器,净水器/净水设备及配件耗材,净水器,	,6923185653684	,6923185616399	,	,	,无售后或售后取消,,2025-11-12 16:07:31,	,,,,,,,否,否,	,否,	,,559.0	,0.0	,10.0	,0.0	,1.09	,0.0	,0.0	,0.0	,549.0	,549.0	,	,	,江苏省,无锡市,新吴区,,,否,否,	,	,	,否,	,	,	,	,	,	,	,	,	,	,	,	,否,否,	,否,否,,	,否,	,否,,,否
云米无线手持吸尘器家用立式除螨大吸力吸尘机A9长续航宠物家庭,251112-062107164240413,已取消,1	,正常,	,	,,	,	,823432069145	,云米吸尘器【长续航】,1789783831646	,生活电器,吸尘器,吸尘器,	,6923185611844	,6923185611844	,	,	,无售后或售后取消,,	,	,,,,,,,否,否,	,否,	,,602.0	,0.0	,36.0	,24.0	,0.0	,0.0	,0.0	,0.0	,542.0	,566.0	,	,	,****,****,****,****,,否,否,	,	,	,否,	,	,	,	,	,	,	,	,	,	,	,	,否,否,	,否,	,,	,否,	,否,,,否
云米净水器滤芯小蓝调小海豚600G+专用复合滤芯RO反渗透滤芯过滤,251112-300333166222876,待发货,1	,正常,2025-11-12 15:54:27,2025-11-13 15:54:27,,	,	,296967601341	,5in1复合滤芯 2年长效,1600193054565	,厨房电器,净水器/净水设备及配件耗材,净水器配件耗材,	,6923185627425	,	,补差后返到手价99,	,无售后或售后取消,,2025-11-12 15:54:27,	,,,,,,,否,否,	,否,	,,299.0	,0.0	,0.0	,0.0	,0.2	,0.0	,0.0	,0.0	,299.0	,299.0	,	,	,上海市,上海市,闵行区,,,否,否,	,	,	,否,	,	,	,	,	,	,	,	,	,	,	,	,否,否,	,否,否,,	,否,	,否,,,否
【重磅新品】云米净水器600G小海豚升级版厨下式RO反渗透直饮家用,251112-350151001742292,已发货，待收货,1	,正常,2025-11-12 15:44:32,2025-11-13 15:44:33,,2025-11-12 19:23:52,	,225501370546	,【24年新品】600G升级版6年长效,1600502140541	,厨房电器,净水器/净水设备及配件耗材,净水器,	,6923185653684	,6923185616399	,	,	,无售后或售后取消,,2025-11-12 15:44:33,	,,,,,,,否,否,	,否,	,,559.0	,0.0	,10.0	,0.0	,0.0	,0.0	,0.0	,0.0	,549.0	,549.0	,JDV024030358659,京东大件物流,山东省,临沂市,河东区,,,否,否,	,	,	,否,	,	,	,	,	,	,	,	,	,	,	,	,否,否,	,否,否,,	,否,	,否,,,否
云米净水器滤芯小蓝调小海豚600G+专用复合滤芯RO反渗透滤芯过滤,251112-594972578122121,已发货，待收货,1	,正常,2025-11-12 15:44:09,2025-11-13 15:44:09,,2025-11-12 19:23:52,	,296967601341	,5in1复合滤芯 2年长效,1600193054565	,厨房电器,净水器/净水设备及配件耗材,净水器配件耗材,	,6923185627425	,	,后返到手价99,	,无售后或售后取消,,2025-11-12 15:44:09,	,,,,,,,否,否,	,否,	,,299.0	,0.0	,0.0	,9.0	,0.2	,0.0	,0.0	,0.0	,290.0	,299.0	,JDV024028886023,京东大件物流,陕西省,西安市,阎良区,,,否,否,	,	,	,否,	,	,	,	,	,	,	,	,	,	,	,	,否,否,	,否,否,,	,否,	,否,,,否
【重磅新品】云米净水器600G小海豚升级版厨下式RO反渗透直饮家用,251112-564563874122121,已发货，待收货,1	,正常,2025-11-12 15:42:43,2025-11-13 15:42:43,,2025-11-12 19:23:52,	,225501370546	,【24年新品】600G升级版6年长效,1600502140541	,厨房电器,净水器/净水设备及配件耗材,净水器,	,6923185653684	,6923185616399	,	,	,无售后或售后取消,,2025-11-12 15:42:43,	,,,,,,,否,否,	,否,	,,559.0	,0.0	,10.0	,10.0	,3.0	,0.0	,0.0	,0.0	,539.0	,549.0	,JDV024030393875,京东大件物流,陕西省,西安市,阎良区,,,否,否,	,	,	,否,	,	,	,	,	,	,	,	,	,	,	,	,否,否,	,否,否,,	,否,	,否,,,否
云米净水器滤芯小蓝调小海豚600G+专用复合滤芯RO反渗透滤芯过滤,251112-219550860931187,已发货，待收货,1	,正常,2025-11-12 15:35:38,2025-11-13 15:35:38,,2025-11-12 19:23:52,	,296967601341	,5in1复合滤芯 2年长效,1600193054565	,厨房电器,净水器/净水设备及配件耗材,净水器配件耗材,	,6923185627425	,	,后返，到手价99,	,无售后或售后取消,,2025-11-12 15:35:38,	,,,,,,,否,否,	,否,	,,299.0	,0.0	,0.0	,0.0	,0.2	,0.0	,0.0	,0.0	,299.0	,299.0	,JDV024028793754,京东大件物流,四川省,眉山市,青神县,,,否,否,	,	,	,否,	,	,	,	,	,	,	,	,	,	,	,	,否,否,	,否,否,,	,否,	,否,,,否
【重磅新品】云米净水器600G小海豚升级版厨下式RO反渗透直饮家用,251112-384680619651187,已发货，待收货,1	,正常,2025-11-12 15:33:45,2025-11-13 15:33:45,,2025-11-12 19:23:51,	,225501370546	,【24年新品】600G升级版6年长效,1600502140541	,厨房电器,净水器/净水设备及配件耗材,净水器,	,6923185653684	,6923185616399	,	,	,无售后或售后取消,,2025-11-12 15:33:45,	,,,,,,,否,否,	,否,	,,559.0	,0.0	,10.0	,0.0	,1.09	,0.0	,0.0	,0.0	,549.0	,549.0	,JDV024030303904,京东大件物流,四川省,眉山市,青神县,,,否,否,	,	,	,否,	,	,	,	,	,	,	,	,	,	,	,	,否,否,	,否,否,,	,否,	,否,,,否
【重磅新品】云米净水器600G小海豚升级版厨下式RO反渗透直饮家用,251112-284667430443705,已发货，待收货,1	,正常,2025-11-12 15:28:34,2025-11-13 15:28:34,,2025-11-12 19:23:52,	,225501370546	,【24年新品】600G升级版6年长效,1600502140541	,厨房电器,净水器/净水设备及配件耗材,净水器,	,6923185653684	,6923185616399	,	,	,无售后或售后取消,,2025-11-12 15:28:34,	,,,,,,,否,否,	,否,	,,559.0	,0.0	,10.0	,0.0	,1.09	,0.0	,0.0	,0.0	,549.0	,549.0	,JDV024030414261,京东大件物流,陕西省,咸阳市,泾阳县,,,否,否,	,	,	,否,	,	,	,	,	,	,	,	,	,	,	,	,否,否,	,否,否,,	,否,	,否,,,否
【重磅新品】云米净水器600G小海豚升级版厨下式RO反渗透直饮家用,251112-527318402672027,已发货，待收货,1	,正常,2025-11-12 15:15:44,2025-11-13 15:15:44,,2025-11-12 19:23:51,	,225501370546	,【24年新品】600G升级版6年长效,1600502140541	,厨房电器,净水器/净水设备及配件耗材,净水器,	,6923185653684	,6923185616399	,	,	,无售后或售后取消,,2025-11-12 15:15:44,	,,,,,,,否,否,	,否,	,,559.0	,0.0	,10.0	,0.2	,0.0	,0.0	,0.0	,0.0	,548.8	,549.0	,JDV024030335207,京东大件物流,广东省,汕头市,潮阳区,,,否,否,	,	,	,否,	,	,	,	,	,	,	,	,	,	,	,	,否,否,	,否,否,,	,否,	,否,,,否
云米电热水器50/60升洗澡家用浴室速热大容量省电防漏电安全保温,251112-413243871592785,待付款,1	,正常,	,	,,	,	,436320010098	,"速热长效保温安全电热水器,50L【2-3人】",1756921788832	,大家电,热水器,电热水器,	,6923185614920	,6923185614920	,	,	,无售后或售后取消,,	,	,,,,,,,否,否,	,否,	,,699.0	,0.0	,0.0	,0.0	,0.0	,0.0	,0.0	,0.0	,699.0	,699.0	,	,	,****,****,****,****,,否,否,	,	,	,否,	,	,	,	,	,	,	,	,	,	,	,	,否,否,	,否,	,,	,否,	,否,,,否
云米电热水器50/60升洗澡家用浴室速热大容量省电防漏电安全保温,251112-111788747112785,待付款,1	,正常,	,	,,	,	,436320010098	,"速热长效保温安全电热水器,50L【2-3人】",1756921788832	,大家电,热水器,电热水器,	,6923185614920	,6923185614920	,	,	,无售后或售后取消,,	,	,,,,,,,否,否,	,否,	,,699.0	,0.0	,0.0	,0.0	,0.0	,0.0	,0.0	,0.0	,699.0	,699.0	,	,	,****,****,****,****,,否,否,	,	,	,否,	,	,	,	,	,	,	,	,	,	,	,	,否,否,	,否,	,,	,否,	,否,,,否
云米电热水器50/60升洗澡家用浴室速热大容量省电防漏电安全保温,251112-557695680872785,已发货，待收货,1	,正常,2025-11-12 15:06:36,2025-11-13 15:06:36,,2025-11-12 20:32:30,	,436320010098	,"速热长效保温安全电热水器,50L【2-3人】",1756921788832	,大家电,热水器,电热水器,	,6923185614920	,6923185614920	,后返，到手价459,	,无售后或售后取消,,2025-11-12 15:06:36,	,,,,,,,否,否,	,否,	,,699.0	,0.0	,0.0	,0.0	,0.0	,0.0	,0.0	,0.0	,699.0	,699.0	,JDLD12901946153,京东大件物流,陕西省,西安市,新城区,,,否,否,	,	,	,否,	,	,	,	,	,	,	,	,	,	,	,	,否,否,	,否,否,,	,否,	,否,,,否
VIOMI云米净水器1000G厨下直饮小体积净水机RO机智显龙头3秒满杯,251112-370902372720995,已发货，待收货,1	,正常,2025-11-12 15:00:58,2025-11-13 15:00:58,,2025-11-12 19:23:52,	,842195971715	,1000G大通量RO净水器,1803617356458	,厨房电器,净水器/净水设备及配件耗材,净水器,	,6923185654247	,	,	,	,无售后或售后取消,,2025-11-12 15:00:58,	,,,,,,,否,否,	,否,	,,823.0	,0.0	,24.0	,79.9	,0.0	,0.0	,0.0	,0.0	,719.1	,799.0	,JDV024028774100,京东大件物流,山西省,临汾市,尧都区,,,否,否,	,	,	,否,	,	,	,	,	,	,	,	,	,	,	,	,否,否,	,否,否,,	,否,	,否,,,否
【重磅新品】云米净水器600G小海豚升级版厨下式RO反渗透直饮家用,251112-538517204552805,未发货，退款成功,1	,审核中，请勿发货,2025-11-12 15:00:30,2025-11-13 15:00:30,,	,	,225501370546	,【24年新品】600G升级版6年长效,1600502140541	,厨房电器,净水器/净水设备及配件耗材,净水器,	,6923185653684	,6923185616399	,聚水潭已取消发货 已退款   叶11.12,	,退款成功,,2025-11-12 15:00:30,	,,,,,,,否,否,	,否,	,,559.0	,0.0	,10.0	,0.0	,0.0	,0.0	,0.0	,0.0	,549.0	,549.0	,	,	,广东省,东莞市,万江区,,,否,否,	,	,	,否,	,	,	,	,	,	,	,	,	,	,	,	,否,否,	,否,	,,	,否,	,否,,,否
云米净水器滤芯小蓝调小海豚600G+专用复合滤芯RO反渗透滤芯过滤,251112-418109274480796,已发货，待收货,1	,正常,2025-11-12 14:57:39,2025-11-13 14:57:39,,2025-11-12 19:23:52,	,296967601341	,5in1复合滤芯 2年长效,1600193054565	,厨房电器,净水器/净水设备及配件耗材,净水器配件耗材,	,6923185627425	,	,	,	,无售后或售后取消,,2025-11-12 14:57:39,	,,,,,,,否,否,	,否,	,,299.0	,0.0	,0.0	,0.0	,0.2	,0.0	,0.0	,0.0	,299.0	,299.0	,JDV024027084251,京东大件物流,北京市,北京市,海淀区,,,否,否,	,	,	,否,	,	,	,	,	,	,	,	,	,	,	,	,否,否,	,否,否,,	,否,	,否,,,否
云米净水器滤芯小蓝调小海豚600G+专用复合滤芯RO反渗透滤芯过滤,251112-264576724561663,已发货，待收货,1	,正常,2025-11-12 14:57:09,2025-11-13 14:57:09,,2025-11-12 19:23:52,	,296967601341	,5in1复合滤芯 2年长效,1600193054565	,厨房电器,净水器/净水设备及配件耗材,净水器配件耗材,	,6923185627425	,	,	,	,无售后或售后取消,,2025-11-12 14:57:09,	,,,,,,,否,否,	,否,	,,299.0	,0.0	,0.0	,0.0	,0.0	,0.0	,0.0	,0.0	,299.0	,299.0	,JDV024027110946,京东大件物流,广东省,广州市,白云区,,,否,否,	,	,	,否,	,	,	,	,	,	,	,	,	,	,	,	,否,否,	,否,否,,	,否,	,否,,,否
云米16即热零冷水燃气热水器智能低水压双调恒温防冻安全保护速热,251112-510153275790215,待付款,1	,正常,	,	,,	,	,216845252864	,云米即开即热16L零冷水热水器,1731415907130	,大家电,热水器,燃气热水器,	,6923185611226	,6923185611226	,	,	,无售后或售后取消,,	,	,,,,,,,否,否,	,否,	,,933.0	,0.0	,0.0	,20.0	,0.0	,0.0	,0.0	,0.0	,913.0	,933.0	,	,	,****,****,****,****,,否,否,	,	,	,否,	,	,	,	,	,	,	,	,	,	,	,	,否,否,	,否,	,,	,否,	,否,,,否
云米16即热零冷水燃气热水器智能低水压双调恒温防冻安全保护速热,251112-435882627470215,待付款,1	,正常,	,	,,	,	,216845252864	,云米即开即热16L零冷水热水器,1731415907130	,大家电,热水器,燃气热水器,	,6923185611226	,6923185611226	,	,	,无售后或售后取消,,	,	,,,,,,,否,否,	,否,	,,933.0	,0.0	,0.0	,30.0	,0.0	,0.0	,0.0	,0.0	,903.0	,933.0	,	,	,****,****,****,****,,否,否,	,	,	,否,	,	,	,	,	,	,	,	,	,	,	,	,否,否,	,否,	,,	,否,	,否,,,否
云米16即热零冷水燃气热水器智能低水压双调恒温防冻安全保护速热,251112-341217196430215,待付款,1	,正常,	,	,,	,	,216845252864	,云米即开即热16L零冷水热水器,1731415907130	,大家电,热水器,燃气热水器,	,6923185611226	,6923185611226	,	,	,无售后或售后取消,,	,	,,,,,,,否,否,	,否,	,,933.0	,0.0	,0.0	,46.65	,0.0	,0.0	,0.0	,0.0	,886.35	,933.0	,	,	,****,****,****,****,,否,否,	,	,	,否,	,	,	,	,	,	,	,	,	,	,	,	,否,否,	,否,	,,	,否,	,否,,,否
云米净水器滤芯小蓝调小海豚600G+专用复合滤芯RO反渗透滤芯过滤,251112-111044226641663,未发货，退款成功,2	,正常,2025-11-12 14:52:55,2025-11-13 14:52:56,,	,	,296967601341	,5in1复合滤芯 2年长效,1600193054565	,厨房电器,净水器/净水设备及配件耗材,净水器配件耗材,	,6923185627425	,	,聚水潭已取消发货 已退款   叶11.12,	,退款成功,,2025-11-12 14:52:56,	,,,,,,,否,否,	,否,	,,598.0	,0.0	,5.98	,0.0	,0.0	,0.0	,0.0	,0.0	,592.02	,592.02	,	,	,广东省,广州市,白云区,,,否,否,	,	,	,否,	,	,	,	,	,	,	,	,	,	,	,	,否,否,	,否,否,,	,否,	,否,,,否
【重磅新品】云米净水器600G小海豚升级版厨下式RO反渗透直饮家用,251112-485910167920796,已发货，待收货,1	,正常,2025-11-12 14:51:40,2025-11-13 14:51:40,,2025-11-12 19:23:52,	,225501370546	,【24年新品】600G升级版6年长效,1600502140541	,厨房电器,净水器/净水设备及配件耗材,净水器,	,6923185653684	,6923185616399	,	,	,无售后或售后取消,,2025-11-12 14:51:40,	,,,,,,,否,否,	,否,	,,559.0	,0.0	,10.0	,30.0	,1.03	,0.0	,0.0	,0.0	,519.0	,549.0	,JDV024028789542,京东大件物流,北京市,北京市,海淀区,,,否,否,	,	,	,否,	,	,	,	,	,	,	,	,	,	,	,	,否,否,	,否,否,,	,否,	,否,,,否
【母婴直饮】云米净水器 SE 600G+ 新升级厨下式RO反渗透直饮家用,251112-342643217980339,已发货，待收货,1	,正常,2025-11-12 14:35:21,2025-11-13 14:35:21,,2025-11-12 19:23:51,	,819506595979	,【24年新品】600G升级版6年长效,1787046011387	,厨房电器,净水器/净水设备及配件耗材,净水器,	,6923185653684	,6923185616399	,	,	,无售后或售后取消,,2025-11-12 14:35:21,	,,,,,,,否,否,	,否,	,,748.0	,0.0	,141.36	,81.18	,0.0	,0.0	,0.0	,0.0	,525.46	,606.64	,JDV024028807157,京东大件物流,广东省,深圳市,罗湖区,,,否,否,	,	,	,否,	,	,	,	,	,	,	,	,	,	,	,	,否,否,	,否,否,,	,否,	,否,,,否
【母婴直饮】云米净水器 SE 600G+ 新升级厨下式RO反渗透直饮家用,251112-004802548153469,已发货，待收货,1	,正常,2025-11-12 14:30:49,2025-11-13 14:30:50,,2025-11-12 19:23:51,	,819506595979	,【24年新品】600G升级版6年长效,1787046011387	,厨房电器,净水器/净水设备及配件耗材,净水器,	,6923185653684	,6923185616399	,	,	,无售后或售后取消,,2025-11-12 14:30:50,	,,,,,,,否,否,	,否,	,,748.0	,0.0	,138.41	,95.94	,0.0	,0.0	,0.0	,0.0	,513.65	,609.59	,JDV024028789443,京东大件物流,河南省,郑州市,惠济区,,,否,否,	,	,	,否,	,	,	,	,	,	,	,	,	,	,	,	,否,否,	,否,否,,	,否,	,否,,,否
【母婴直饮】云米净水器 SE 600G+ 新升级厨下式RO反渗透直饮家用,251112-101858711131430,已取消,1	,正常,	,	,,	,	,819506595979	,【24年新品】600G升级版6年长效,1787046011387	,厨房电器,净水器/净水设备及配件耗材,净水器,	,6923185653684	,6923185616399	,	,	,无售后或售后取消,,	,	,,,,,,,否,否,	,否,	,,748.0	,0.0	,150.6	,35.0	,0.0	,0.0	,0.0	,0.0	,562.4	,597.4	,	,	,****,****,****,****,,否,否,	,	,	,否,	,	,	,	,	,	,	,	,	,	,	,	,否,否,	,否,	,,	,否,	,否,,,否
【母婴直饮】云米净水器 SE 600G+ 新升级厨下式RO反渗透直饮家用,251112-502278459793000,已取消,1	,正常,	,	,,	,	,819506595979	,【24年新品】600G升级版6年长效,1787046011387	,厨房电器,净水器/净水设备及配件耗材,净水器,	,6923185653684	,6923185616399	,	,	,无售后或售后取消,,	,	,,,,,,,否,否,	,否,	,,748.0	,0.0	,138.41	,95.94	,0.0	,0.0	,0.0	,0.0	,513.65	,609.59	,	,	,****,****,****,****,,否,否,	,	,	,否,	,	,	,	,	,	,	,	,	,	,	,	,否,否,	,否,	,,	,否,	,否,,,否
【重磅新品】云米净水器600G小海豚升级版厨下式RO反渗透直饮家用,251112-216562429500652,已发货，待收货,1	,正常,2025-11-12 14:16:04,2025-11-13 14:16:04,,2025-11-12 19:23:52,	,225501370546	,【24年新品】600G升级版6年长效,1600502140541	,厨房电器,净水器/净水设备及配件耗材,净水器,	,6923185653684	,6923185616399	,	,	,无售后或售后取消,,2025-11-12 14:16:04,	,,,,,,,否,否,	,否,	,,559.0	,0.0	,10.0	,0.0	,0.0	,0.0	,0.0	,0.0	,549.0	,549.0	,JDV024028789408,京东大件物流,辽宁省,朝阳市,凌源市,,,否,否,	,	,	,否,	,	,	,	,	,	,	,	,	,	,	,	,否,否,	,否,否,,	,否,	,否,,,否
云米净水器滤芯小蓝调小海豚600G+专用复合滤芯RO反渗透滤芯过滤,251112-456382256773341,已发货，待收货,1	,正常,2025-11-12 14:15:30,2025-11-13 14:15:31,,2025-11-12 19:23:53,	,296967601341	,5in1复合滤芯 2年长效,1600193054565	,厨房电器,净水器/净水设备及配件耗材,净水器配件耗材,	,6923185627425	,	,后返，到手价99,	,无售后或售后取消,,2025-11-12 14:15:31,	,,,,,,,否,否,	,否,	,,299.0	,0.0	,0.0	,0.0	,0.0	,0.0	,0.0	,0.0	,299.0	,299.0	,JDV024025953733,京东大件物流,湖北省,十堰市,郧西县,,,否,否,	,	,	,否,	,	,	,	,	,	,	,	,	,	,	,	,否,否,	,否,否,,	,否,	,否,,,否
【重磅新品】云米净水器600G小海豚升级版厨下式RO反渗透直饮家用,251112-495599020320089,已取消,1	,正常,	,	,,	,	,225501370546	,【24年新品】600G升级版6年长效,1600502140541	,厨房电器,净水器/净水设备及配件耗材,净水器,	,6923185653684	,6923185616399	,	,	,无售后或售后取消,,	,	,,,,,,,否,否,	,否,	,,559.0	,0.0	,10.0	,0.0	,0.0	,0.0	,0.0	,0.0	,549.0	,549.0	,	,	,****,****,****,****,,否,否,	,	,	,否,	,	,	,	,	,	,	,	,	,	,	,	,否,否,	,否,	,,	,否,	,否,,,否
云米即热净水器厨房家用直饮RO反渗透加热净饮一体机1000G,251112-192896110893382,已发货，待收货,1	,正常,2025-11-12 14:40:13,2025-11-13 14:40:13,,2025-11-12 19:23:53,	,846360072018	,即热直饮 1000G大通量,1807240839093	,厨房电器,净水器/净水设备及配件耗材,净水器,	,6923185651116	,6923185651116	,	,	,无售后或售后取消,,2025-11-12 14:40:13,	,,,,,,,否,否,	,否,	,,1498.0	,0.0	,0.0	,100.0	,40.0	,0.0	,0.0	,0.0	,1398.0	,1498.0	,JDV024028784062,京东大件物流,山西省,朔州市,朔城区,,,否,否,	,	,	,否,	,	,	,	,	,	,	,	,	,	,	,	,否,否,	,否,是,3	,商家,否,	,否,,信用卡分期,否
云米即热净水器厨房家用直饮RO反渗透加热净饮一体机1000G,251112-348651579693382,已取消,1	,正常,	,	,,	,	,846360072018	,即热直饮 1000G大通量,1807240839093	,厨房电器,净水器/净水设备及配件耗材,净水器,	,6923185651116	,6923185651116	,	,	,无售后或售后取消,,	,	,,,,,,,否,否,	,否,	,,1498.0	,0.0	,0.0	,100.0	,0.0	,0.0	,0.0	,0.0	,1398.0	,1498.0	,	,	,****,****,****,****,,否,否,	,	,	,否,	,	,	,	,	,	,	,	,	,	,	,	,否,否,	,否,	,,	,否,	,否,,,否
【重磅新品】云米净水器600G小海豚升级版厨下式RO反渗透直饮家用,251112-046179315333797,已发货，待收货,1	,正常,2025-11-12 14:11:41,2025-11-13 14:11:42,,2025-11-12 19:23:52,	,225501370546	,【24年新品】600G升级版6年长效,1600502140541	,厨房电器,净水器/净水设备及配件耗材,净水器,	,6923185653684	,6923185616399	,	,	,无售后或售后取消,,2025-11-12 14:11:42,	,,,,,,,否,否,	,否,	,,559.0	,0.0	,10.0	,0.0	,1.09	,0.0	,0.0	,0.0	,549.0	,549.0	,JDV024028796184,京东大件物流,广东省,深圳市,南山区,,,否,否,	,	,	,否,	,	,	,	,	,	,	,	,	,	,	,	,否,否,	,否,否,,	,否,	,否,,,否
【重磅新品】云米净水器600G小海豚升级版厨下式RO反渗透直饮家用,251112-571798986320140,已取消,1	,正常,	,	,,	,	,225501370546	,【24年新品】600G升级版6年长效,1600502140541	,厨房电器,净水器/净水设备及配件耗材,净水器,	,6923185653684	,6923185616399	,	,	,无售后或售后取消,,	,	,,,,,,,否,否,	,否,	,,559.0	,0.0	,10.0	,0.0	,0.0	,0.0	,0.0	,0.0	,549.0	,549.0	,	,	,****,****,****,****,,否,否,	,	,	,否,	,	,	,	,	,	,	,	,	,	,	,	,否,否,	,否,	,,	,否,	,否,,,否
【母婴直饮】云米净水器 SE 600G+ 新升级厨下式RO反渗透直饮家用,251112-083718325830655,未发货，退款成功,1	,正常,2025-11-12 13:52:23,2025-11-13 13:52:23,,	,	,819506595979	,【24年新品】600G升级版6年长效,1787046011387	,厨房电器,净水器/净水设备及配件耗材,净水器,	,6923185653684	,6923185616399	,聚水潭已取消发货 已退款   叶11.12,	,退款成功,,2025-11-12 13:52:23,	,,,,,,,否,否,	,否,	,,748.0	,0.0	,10.0	,47.36	,0.0	,0.0	,0.0	,0.0	,690.64	,738.0	,	,	,江西省,宜春市,丰城市,,,否,否,	,	,	,否,	,	,	,	,	,	,	,	,	,	,	,	,否,否,	,否,否,,	,否,	,否,,,否
【重磅新品】云米净水器600G小海豚升级版厨下式RO反渗透直饮家用,251112-638918356613341,已发货，待收货,1	,正常,2025-11-12 13:49:26,2025-11-13 13:49:26,,2025-11-12 19:23:52,	,225501370546	,【24年新品】600G升级版6年长效,1600502140541	,厨房电器,净水器/净水设备及配件耗材,净水器,	,6923185653684	,6923185616399	,	,	,无售后或售后取消,,2025-11-12 13:49:26,	,,,,,,,否,否,	,否,	,,559.0	,0.0	,10.0	,54.9	,0.2	,0.0	,0.0	,0.0	,494.1	,549.0	,JDV024027662590,京东大件物流,湖北省,十堰市,郧西县,,,否,否,	,	,	,否,	,	,	,	,	,	,	,	,	,	,	,	,否,否,	,否,否,,	,否,	,否,,,否
【重磅新品】云米净水器600G小海豚升级版厨下式RO反渗透直饮家用,251112-673374605734064,已取消,1	,正常,	,	,,	,	,225501370546	,【24年新品】600G升级版6年长效,1600502140541	,厨房电器,净水器/净水设备及配件耗材,净水器,	,6923185653684	,6923185616399	,	,	,无售后或售后取消,,	,	,,,,,,,否,否,	,否,	,,559.0	,0.0	,10.0	,0.0	,0.0	,0.0	,0.0	,0.0	,549.0	,549.0	,	,	,****,****,****,****,,否,否,	,	,	,否,	,	,	,	,	,	,	,	,	,	,	,	,否,否,	,否,	,,	,否,	,否,,,否
【重磅新品】云米净水器600G小海豚升级版厨下式RO反渗透直饮家用,251112-678669893983788,已发货，待收货,1	,正常,2025-11-12 13:41:54,2025-11-13 13:41:54,,2025-11-12 19:23:52,	,225501370546	,【24年新品】600G升级版6年长效,1600502140541	,厨房电器,净水器/净水设备及配件耗材,净水器,	,6923185653684	,6923185616399	,	,	,无售后或售后取消,,2025-11-12 13:41:54,	,,,,,,,否,否,	,否,	,,559.0	,0.0	,10.0	,54.9	,0.0	,0.0	,0.0	,0.0	,494.1	,549.0	,JDV024027642682,京东大件物流,江西省,抚州市,东乡区,,,否,否,	,	,	,否,	,	,	,	,	,	,	,	,	,	,	,	,否,否,	,否,否,,	,否,	,否,,,否
云米小厨宝6L电热水器厨房卫生间出水恒温储水式小型速热神器加热,251112-459496506960358,已取消,1	,正常,	,	,,	,	,208073193570	,热水即刻有-【6L】,1801828025682	,大家电,热水器,厨宝,	,6923185611233	,6923185611233	,	,	,无售后或售后取消,,	,	,,,,,,,否,否,	,否,	,,267.0	,0.0	,14.0	,0.0	,0.0	,0.0	,0.0	,0.0	,253.0	,253.0	,	,	,****,****,****,****,,否,否,	,	,	,否,	,	,	,	,	,	,	,	,	,	,	,	,否,否,	,否,	,,	,否,	,否,,,否
云米智能AI门锁3D指纹密码蓝牙可连大容量续航家用公寓自动安全,251112-080562101771545,已发货，待收货,1	,正常,2025-11-12 13:25:25,2025-11-13 13:25:25,,2025-11-12 19:23:52,	,743885774552	,"云米蓝调指纹密码锁LBT11C,黑色",1734954999916	,基础建材,智能门锁/电子锁,智能门锁/电子锁,	,6923185655381	,6923185655381	,	,	,无售后或售后取消,,2025-11-12 13:25:25,	,,,,,,,否,否,	,否,	,,661.0	,0.0	,76.0	,24.0	,0.0	,0.0	,0.0	,0.0	,561.0	,585.0	,JDV024028825696,京东大件物流,广东省,揭阳市,普宁市,,,否,否,	,	,	,否,	,	,	,	,	,	,	,	,	,	,	,	,否,否,	,否,否,,	,否,	,否,,,否
云米智能AI门锁3D指纹密码蓝牙可连大容量续航家用公寓自动安全,251112-352720002571545,已取消,1	,正常,	,	,,	,	,743885774552	,"云米蓝调指纹密码锁LBT11C,黑色",1734954999916	,基础建材,智能门锁/电子锁,智能门锁/电子锁,	,6923185655381	,6923185655381	,	,	,无售后或售后取消,,	,	,,,,,,,否,否,	,否,	,,661.0	,0.0	,76.0	,24.0	,0.0	,0.0	,0.0	,0.0	,561.0	,585.0	,	,	,****,****,****,****,,否,否,	,	,	,否,	,	,	,	,	,	,	,	,	,	,	,	,否,否,	,否,	,,	,否,	,否,,,否
【重磅新品】云米净水器600G小海豚升级版厨下式RO反渗透直饮家用,251112-136986028420198,已发货，待收货,1	,正常,2025-11-12 13:15:31,2025-11-13 13:15:31,,2025-11-12 19:23:52,	,225501370546	,【24年新品】600G升级版6年长效,1600502140541	,厨房电器,净水器/净水设备及配件耗材,净水器,	,6923185653684	,6923185616399	,	,	,无售后或售后取消,,2025-11-12 13:15:31,	,,,,,,,否,否,	,否,	,,559.0	,0.0	,10.0	,54.9	,5.0	,0.0	,0.0	,0.0	,494.1	,549.0	,JDV024027055228,京东大件物流,山西省,朔州市,朔城区,,,否,否,	,	,	,否,	,	,	,	,	,	,	,	,	,	,	,	,否,否,	,否,否,,	,否,	,否,,,否
Viomi云米净水器1000G厨下式RO反渗透直饮过滤器净饮小海豚2,251112-641697114482090,已发货，待收货,1	,正常,2025-11-12 13:06:38,2025-11-13 13:06:38,,2025-11-12 19:23:52,	,205458105137	,小海豚2包安装1000G大加仑,1802849942800	,厨房电器,净水器/净水设备及配件耗材,净水器,	,6923185654865	,	,	,	,无售后或售后取消,,2025-11-12 13:06:38,	,,,,,,,否,否,	,否,	,,863.0	,0.0	,0.0	,86.3	,0.0	,0.0	,0.0	,0.0	,776.7	,863.0	,JDV024026946882,京东大件物流,黑龙江省,哈尔滨市,宾县,,,否,否,	,	,	,否,	,	,	,	,	,	,	,	,	,	,	,	,否,否,	,否,否,,	,否,	,否,,,否
【重磅新品】云米净水器600G小海豚升级版厨下式RO反渗透直饮家用,251112-452680773190188,已取消,1	,正常,	,	,,	,	,225501370546	,【24年新品】600G升级版6年长效,1600502140541	,厨房电器,净水器/净水设备及配件耗材,净水器,	,6923185653684	,6923185616399	,	,	,无售后或售后取消,,	,	,,,,,,,否,否,	,否,	,,559.0	,0.0	,10.0	,0.0	,0.0	,0.0	,0.0	,0.0	,549.0	,549.0	,	,	,****,****,****,****,,否,否,	,	,	,否,	,	,	,	,	,	,	,	,	,	,	,	,否,否,	,否,	,,	,否,	,否,,,否
【重磅新品】云米净水器600G小海豚升级版厨下式RO反渗透直饮家用,251112-019262400852833,已发货，待收货,1	,正常,2025-11-12 12:56:16,2025-11-13 12:56:17,,2025-11-12 19:23:53,	,225501370546	,【24年新品】600G升级版6年长效,1600502140541	,厨房电器,净水器/净水设备及配件耗材,净水器,	,6923185653684	,6923185616399	,	,	,无售后或售后取消,,2025-11-12 12:56:17,	,,,,,,,否,否,	,否,	,,559.0	,0.0	,10.0	,0.0	,0.0	,0.0	,0.0	,0.0	,549.0	,549.0	,JDV024026904225,京东大件物流,河南省,商丘市,睢阳区,,,否,否,	,	,	,否,	,	,	,	,	,	,	,	,	,	,	,	,否,否,	,否,否,,	,否,	,否,,,否
【母婴直饮】云米净水器 SE 600G+ 新升级厨下式RO反渗透直饮家用,251112-554581388922558,已发货，待收货,1	,正常,2025-11-12 12:51:06,2025-11-13 12:51:06,,2025-11-12 19:23:53,	,819506595979	,【24年新品】600G升级版6年长效,1787046011387	,厨房电器,净水器/净水设备及配件耗材,净水器,	,6923185653684	,6923185616399	,	,	,无售后或售后取消,,2025-11-12 12:51:06,	,,,,,,,否,否,	,否,	,,748.0	,0.0	,136.8	,64.0	,0.0	,0.0	,0.0	,0.0	,547.2	,611.2	,JDV024025967053,京东大件物流,上海市,上海市,浦东新区,,,否,否,	,	,	,否,	,	,	,	,	,	,	,	,	,	,	,	,否,否,	,否,否,,	,否,	,否,,,否
VIOMI云米净水器1000G厨下直饮小体积净水机RO机智显龙头3秒满杯,251112-143004854693961,已发货，待收货,2	,正常,2025-11-12 12:48:27,2025-11-13 12:48:27,,2025-11-12 19:23:53,	,309517106373	,复合滤芯,1803020722098	,厨房电器,净水器/净水设备及配件耗材,净水器,	,6923185653998	,	,后返到手价99一个,	,无售后或售后取消,,2025-11-12 12:48:27,	,,,,,,,否,否,	,否,	,,598.0	,0.0	,59.8	,48.0	,0.2	,0.0	,0.0	,0.0	,490.2	,538.2	,JDV024026924600,京东大件物流,安徽省,宣城市,宁国市,,,否,否,	,	,	,否,	,	,	,	,	,	,	,	,	,	,	,	,否,否,	,否,否,,	,否,	,否,,,否
【重磅新品】云米净水器600G小海豚升级版厨下式RO反渗透直饮家用,251112-312203067833723,已发货，待收货,1	,正常,2025-11-12 12:42:16,2025-11-15 12:42:16,,2025-11-12 19:23:53,	,225501370546	,【24年新品】600G升级版6年长效,1600502140541	,厨房电器,净水器/净水设备及配件耗材,净水器,	,6923185653684	,6923185616399	,	,	,无售后或售后取消,,2025-11-12 12:42:16,	,,,,,,,否,否,	,否,	,,559.0	,0.0	,10.0	,0.0	,0.0	,0.0	,0.0	,0.0	,549.0	,549.0	,JDV024026911479,京东大件物流,云南省,楚雄彝族自治州,元谋县,,,否,否,	,	,	,否,	,	,	,	,	,	,	,	,	,	,	,	,否,否,	,否,否,,	,否,	,否,,,否
云米小厨宝6L电热水器厨房卫生间出水恒温储水式小型速热神器加热,251112-491404664351758,已取消,1	,正常,	,	,,	,	,208073193570	,热水即刻有-【6L】,1801828025682	,大家电,热水器,厨宝,	,6923185611233	,6923185611233	,	,	,无售后或售后取消,,	,	,,,,,,,否,否,	,否,	,,267.0	,0.0	,14.0	,0.0	,0.0	,0.0	,0.0	,0.0	,253.0	,253.0	,	,	,****,****,****,****,,否,否,	,	,	,否,	,	,	,	,	,	,	,	,	,	,	,	,否,否,	,否,	,,	,否,	,否,,,否
云米净水器滤芯小蓝调小海豚600G+专用复合滤芯RO反渗透滤芯过滤,251112-355897218600050,已发货，待收货,1	,正常,2025-11-12 12:37:13,2025-11-13 12:37:13,,2025-11-12 16:00:48,	,296967601341	,5in1复合滤芯 2年长效,1600193054565	,厨房电器,净水器/净水设备及配件耗材,净水器配件耗材,	,6923185627425	,	,后返到手价99,	,无售后或售后取消,,2025-11-12 12:37:13,	,,,,,,,否,否,	,否,	,,299.0	,0.0	,0.0	,0.0	,0.0	,0.0	,0.0	,0.0	,299.0	,299.0	,JDV024024327111,京东大件物流,湖北省,省直辖县级行政区划,天门市,,,否,否,	,	,	,否,	,	,	,	,	,	,	,	,	,	,	,	,否,否,	,否,否,,	,否,	,否,,,否
云米净水器滤芯小蓝调小海豚600G+专用复合滤芯RO反渗透滤芯过滤,251112-055029306920050,已发货，待收货,1	,正常,2025-11-12 12:33:08,2025-11-13 12:33:08,,2025-11-12 16:00:48,	,296967601341	,5in1复合滤芯 2年长效,1600193054565	,厨房电器,净水器/净水设备及配件耗材,净水器配件耗材,	,6923185627425	,	,后返到手价99,	,无售后或售后取消,,2025-11-12 12:33:08,	,,,,,,,否,否,	,否,	,,299.0	,0.0	,0.0	,0.0	,0.0	,0.0	,0.0	,0.0	,299.0	,299.0	,JDV024024386645,京东大件物流,湖北省,省直辖县级行政区划,天门市,,,否,否,	,	,	,否,	,	,	,	,	,	,	,	,	,	,	,	,否,否,	,否,否,,	,否,	,否,,,否
云米智能AI门锁3D指纹密码蓝牙可连大容量续航家用公寓自动安全,251112-651008437821987,已发货，待收货,1	,正常,2025-11-12 12:32:59,2025-11-28 12:32:59,,2025-11-12 19:23:53,	,743885774552	,"云米蓝调指纹密码锁LBT11C,黑色",1734954999916	,基础建材,智能门锁/电子锁,智能门锁/电子锁,	,6923185655381	,6923185655381	,	,	,无售后或售后取消,,2025-11-12 12:32:59,	,,,,,,,否,否,	,否,	,,661.0	,0.0	,76.0	,24.0	,0.0	,0.0	,0.0	,0.0	,561.0	,585.0	,JDV024024986754,京东大件物流,河北省,沧州市,沧县,,,否,否,	,	,	,否,	,	,	,	,	,	,	,	,	,	,	,	,否,否,	,否,否,,	,否,	,否,,,否
云米即热净水器厨房家用直饮RO反渗透加热净饮一体机1000G,251112-410140096841541,已发货，待收货,1	,正常,2025-11-12 12:23:05,2025-11-13 12:23:06,,2025-11-12 19:23:52,	,846360072018	,即热直饮 1000G大通量,1807240839093	,厨房电器,净水器/净水设备及配件耗材,净水器,	,6923185651116	,6923185651116	,后返到手价1295,	,无售后或售后取消,,2025-11-12 12:23:06,	,,,,,,,否,否,	,否,	,,1498.0	,0.0	,60.0	,40.0	,0.2	,0.0	,0.0	,0.0	,1398.0	,1438.0	,JDV024026927578,京东大件物流,山东省,泰安市,泰山区,,,否,否,	,	,	,否,	,	,	,	,	,	,	,	,	,	,	,	,否,否,	,否,否,,	,否,	,否,,,否
【重磅新品】云米净水器600G小海豚升级版厨下式RO反渗透直饮家用,251112-595958197783079,已发货，待收货,1	,正常,2025-11-12 12:22:47,2025-11-13 12:22:47,,2025-11-12 19:23:53,	,225501370546	,【24年新品】600G升级版6年长效,1600502140541	,厨房电器,净水器/净水设备及配件耗材,净水器,	,6923185653684	,6923185616399	,	,	,无售后或售后取消,,2025-11-12 12:22:47,	,,,,,,,否,否,	,否,	,,559.0	,0.0	,0.0	,0.0	,1.11	,0.0	,0.0	,0.0	,559.0	,559.0	,JDV024025976960,京东大件物流,江苏省,苏州市,姑苏区,,,否,否,	,	,	,否,	,	,	,	,	,	,	,	,	,	,	,	,否,否,	,否,否,,	,否,	,否,,,否
云米净水器滤芯小蓝调小海豚600G+专用复合滤芯RO反渗透滤芯过滤,251112-288746443183182,已发货，待收货,1	,正常,2025-11-12 12:21:51,2025-11-13 12:21:51,2025-11-13 23:59:59,2025-11-12 19:23:53,	,296967601341	,5in1复合滤芯 2年长效,1600193054565	,厨房电器,净水器/净水设备及配件耗材,净水器配件耗材,	,6923185627425	,	,	,	,无售后或售后取消,,2025-11-12 12:21:51,	,,,,,,,否,否,	,否,	,,299.0	,0.0	,0.0	,0.0	,0.0	,0.0	,0.0	,0.0	,299.0	,299.0	,JDV024024847974,京东大件物流,福建省,漳州市,芗城区,,,否,否,	,	,	,否,	,	,	,	,	,	,	,	,	,	,	,	,否,否,	,否,否,,	,否,	,否,,,否
【重磅新品】云米净水器600G小海豚升级版厨下式RO反渗透直饮家用,251112-282759022103079,已取消,1	,正常,	,	,,	,	,225501370546	,【24年新品】600G升级版6年长效,1600502140541	,厨房电器,净水器/净水设备及配件耗材,净水器,	,6923185653684	,6923185616399	,	,	,无售后或售后取消,,	,	,,,,,,,否,否,	,否,	,,559.0	,0.0	,0.0	,0.0	,0.0	,0.0	,0.0	,0.0	,559.0	,559.0	,	,	,****,****,****,****,,否,否,	,	,	,否,	,	,	,	,	,	,	,	,	,	,	,	,否,否,	,否,	,,	,否,	,否,,,否
云米净水器滤芯小蓝调小海豚600G+专用复合滤芯RO反渗透滤芯过滤,251112-647569150383182,已发货，待收货,1	,正常,2025-11-12 12:19:53,2025-11-13 12:19:53,2025-11-13 23:59:59,2025-11-12 19:23:53,	,296967601341	,5in1复合滤芯 2年长效,1600193054565	,厨房电器,净水器/净水设备及配件耗材,净水器配件耗材,	,6923185627425	,	,	,	,无售后或售后取消,,2025-11-12 12:19:53,	,,,,,,,否,否,	,否,	,,299.0	,0.0	,0.0	,0.0	,0.0	,0.0	,0.0	,0.0	,299.0	,299.0	,JDV024024808305,京东大件物流,福建省,漳州市,芗城区,,,否,否,	,	,	,否,	,	,	,	,	,	,	,	,	,	,	,	,否,否,	,否,否,,	,否,	,否,,,否
【重磅新品】云米净水器600G小海豚升级版厨下式RO反渗透直饮家用,251112-453907659181693,已发货，待收货,1	,正常,2025-11-12 12:18:02,2025-11-13 12:18:03,,2025-11-12 19:23:52,	,225501370546	,【24年新品】600G升级版6年长效,1600502140541	,厨房电器,净水器/净水设备及配件耗材,净水器,	,6923185653684	,6923185616399	,	,	,无售后或售后取消,,2025-11-12 12:18:03,	,,,,,,,否,否,	,否,	,,559.0	,0.0	,0.0	,10.0	,8.0	,0.0	,0.0	,0.0	,549.0	,559.0	,JDV024026916382,京东大件物流,山西省,太原市,尖草坪区,,,否,否,	,	,	,否,	,	,	,	,	,	,	,	,	,	,	,	,否,否,	,否,否,,	,否,	,否,,,否
【重磅新品】云米净水器600G小海豚升级版厨下式RO反渗透直饮家用,251112-407476683183182,已发货，待收货,1	,正常,2025-11-12 12:16:20,2025-11-13 12:16:20,,2025-11-12 19:23:53,	,225501370546	,【24年新品】600G升级版6年长效,1600502140541	,厨房电器,净水器/净水设备及配件耗材,净水器,	,6923185653684	,6923185616399	,	,	,无售后或售后取消,,2025-11-12 12:16:20,	,,,,,,,否,否,	,否,	,,559.0	,0.0	,0.0	,0.0	,0.0	,0.0	,0.0	,0.0	,559.0	,559.0	,JDV024026916193,京东大件物流,福建省,漳州市,芗城区,,,否,否,	,	,	,否,	,	,	,	,	,	,	,	,	,	,	,	,否,否,	,否,否,,	,否,	,否,,,否
【重磅新品】云米净水器600G小海豚升级版厨下式RO反渗透直饮家用,251112-407025815983182,已取消,1	,正常,	,	,,	,	,225501370546	,【24年新品】600G升级版6年长效,1600502140541	,厨房电器,净水器/净水设备及配件耗材,净水器,	,6923185653684	,6923185616399	,	,	,无售后或售后取消,,	,	,,,,,,,否,否,	,否,	,,559.0	,0.0	,0.0	,0.0	,0.0	,0.0	,0.0	,0.0	,559.0	,559.0	,	,	,****,****,****,****,,否,否,	,	,	,否,	,	,	,	,	,	,	,	,	,	,	,	,否,否,	,否,	,,	,否,	,否,,,否
云米即热净水器厨房家用直饮RO反渗透加热净饮一体机1000G,251112-511264756041541,未发货，退款成功,1	,正常,2025-11-12 12:16:16,2025-11-13 12:16:17,,	,	,846360072018	,即热直饮 1000G大通量,1807240839093	,厨房电器,净水器/净水设备及配件耗材,净水器,	,6923185651116	,6923185651116	,聚水潭已取消发货  已退款  11.12,	,退款成功,,2025-11-12 12:16:17,	,,,,,,,否,否,	,否,	,,1498.0	,0.0	,60.0	,40.0	,0.2	,0.0	,0.0	,0.0	,1398.0	,1438.0	,	,	,山东省,泰安市,泰山区,,,否,否,	,	,	,否,	,	,	,	,	,	,	,	,	,	,	,	,否,否,	,否,否,,	,否,	,否,,,否
【重磅新品】云米净水器600G小海豚升级版厨下式RO反渗透直饮家用,251112-226828040570871,已发货，待收货,2	,正常,2025-11-12 12:16:15,2025-11-13 12:16:15,,2025-11-12 19:23:53,	,225501370546	,【24年新品】600G升级版6年长效,1600502140541	,厨房电器,净水器/净水设备及配件耗材,净水器,	,6923185653684	,6923185616399	,	,	,无售后或售后取消,,2025-11-12 12:16:15,	,,,,,,,否,否,	,否,	,,1118.0	,0.0	,11.18	,0.0	,10.0	,0.0	,0.0	,0.0	,1106.82	,1106.82	,JDV024025918974,京东大件物流,江苏省,苏州市,姑苏区,,,否,否,	,	,	,否,	,	,	,	,	,	,	,	,	,	,	,	,否,否,	,否,否,,	,否,	,否,,,否
【重磅新品】云米净水器600G小海豚升级版厨下式RO反渗透直饮家用,251112-601977045370871,已取消,2	,正常,	,	,,	,	,225501370546	,【24年新品】600G升级版6年长效,1600502140541	,厨房电器,净水器/净水设备及配件耗材,净水器,	,6923185653684	,6923185616399	,	,	,无售后或售后取消,,	,	,,,,,,,否,否,	,否,	,,1118.0	,0.0	,11.18	,0.0	,0.0	,0.0	,0.0	,0.0	,1106.82	,1106.82	,	,	,****,****,****,****,,否,否,	,	,	,否,	,	,	,	,	,	,	,	,	,	,	,	,否,否,	,否,	,,	,否,	,否,,,否
【重磅新品】云米净水器600G小海豚升级版厨下式RO反渗透直饮家用,251112-393310441903182,未发货，退款成功,1	,正常,2025-11-12 12:13:54,2025-11-13 12:13:54,,	,	,225501370546	,【24年新品】600G升级版6年长效,1600502140541	,厨房电器,净水器/净水设备及配件耗材,净水器,	,6923185653684	,6923185616399	,聚水潭已取消发货  已退款  11.12,	,退款成功,,2025-11-12 12:13:54,	,,,,,,,否,否,	,否,	,,559.0	,0.0	,10.0	,0.0	,0.0	,0.0	,0.0	,0.0	,549.0	,549.0	,	,	,福建省,漳州市,芗城区,,,否,否,	,	,	,否,	,	,	,	,	,	,	,	,	,	,	,	,否,否,	,否,否,,	,否,	,否,,,否
【重磅新品】云米净水器600G小海豚升级版厨下式RO反渗透直饮家用,251112-396456128023079,已取消,1	,正常,	,	,,	,	,225501370546	,【24年新品】600G升级版6年长效,1600502140541	,厨房电器,净水器/净水设备及配件耗材,净水器,	,6923185653684	,6923185616399	,	,	,无售后或售后取消,,	,	,,,,,,,否,否,	,否,	,,559.0	,0.0	,0.0	,0.0	,0.0	,0.0	,0.0	,0.0	,559.0	,559.0	,	,	,****,****,****,****,,否,否,	,	,	,否,	,	,	,	,	,	,	,	,	,	,	,	,否,否,	,否,	,,	,否,	,否,,,否
【重磅新品】云米净水器600G小海豚升级版厨下式RO反渗透直饮家用,251112-596293731863079,未发货，退款成功,1	,正常,2025-11-12 12:16:18,2025-11-13 12:16:18,,	,	,225501370546	,【24年新品】600G升级版6年长效,1600502140541	,厨房电器,净水器/净水设备及配件耗材,净水器,	,6923185653684	,6923185616399	,聚水潭已取消发货  已退款  11.12,	,退款成功,,2025-11-12 12:16:18,	,,,,,,,否,否,	,否,	,,559.0	,0.0	,10.0	,0.0	,10.0	,0.0	,0.0	,0.0	,549.0	,549.0	,	,	,江苏省,无锡市,新吴区,,,否,否,	,	,	,否,	,	,	,	,	,	,	,	,	,	,	,	,否,否,	,否,否,,	,否,	,否,,,否
【重磅新品】云米净水器600G小海豚升级版厨下式RO反渗透直饮家用,251112-623755947591779,已取消,1	,正常,	,	,,	,	,225501370546	,【24年新品】600G升级版6年长效,1600502140541	,厨房电器,净水器/净水设备及配件耗材,净水器,	,6923185653684	,6923185616399	,	,	,无售后或售后取消,,	,	,,,,,,,否,否,	,否,	,,559.0	,0.0	,10.0	,0.0	,0.0	,0.0	,0.0	,0.0	,549.0	,549.0	,	,	,****,****,****,****,,否,否,	,	,	,否,	,	,	,	,	,	,	,	,	,	,	,	,否,否,	,否,	,,	,否,	,否,,,否
云米净水器滤芯小蓝调小海豚600G+专用复合滤芯RO反渗透滤芯过滤,251112-193147737693847,已发货，待收货,1	,正常,2025-11-12 12:08:56,2025-11-13 12:08:56,,2025-11-12 19:23:53,	,296967601341	,5in1复合滤芯 2年长效,1600193054565	,厨房电器,净水器/净水设备及配件耗材,净水器配件耗材,	,6923185627425	,	,	,	,无售后或售后取消,,2025-11-12 12:08:56,	,,,,,,,否,否,	,否,	,,299.0	,0.0	,0.0	,0.0	,0.0	,0.0	,0.0	,0.0	,299.0	,299.0	,JDV024024828356,京东大件物流,河北省,保定市,满城区,,,否,否,	,	,	,否,	,	,	,	,	,	,	,	,	,	,	,	,否,否,	,否,否,,	,否,	,否,,,否
【重磅新品】云米净水器600G小海豚升级版厨下式RO反渗透直饮家用,251112-351503696282101,已发货，待收货,1	,正常,2025-11-12 12:05:07,2025-11-13 12:05:07,,2025-11-12 19:23:53,	,225501370546	,【24年新品】600G升级版6年长效,1600502140541	,厨房电器,净水器/净水设备及配件耗材,净水器,	,6923185653684	,6923185616399	,	,	,无售后或售后取消,,2025-11-12 12:05:07,	,,,,,,,否,否,	,否,	,,559.0	,0.0	,0.0	,0.0	,5.0	,0.0	,0.0	,0.0	,559.0	,559.0	,JDV024026911506,京东大件物流,四川省,成都市,锦江区,,,否,否,	,	,	,否,	,	,	,	,	,	,	,	,	,	,	,	,否,否,	,否,否,,	,否,	,否,,,否
云米净水器滤芯家用小海豚小蓝调小白龙系列专用RO反渗透,251112-407560589691994,已发货，待收货,1	,正常,2025-11-12 12:04:27,2025-11-14 12:04:27,,2025-11-12 19:23:54,	,232467205433	,5in1 复合滤芯,1647394585330	,厨房电器,净水器/净水设备及配件耗材,净水器配件耗材,	,6923185627425	,	,	,	,无售后或售后取消,,2025-11-12 12:04:27,	,,,,,,,否,否,	,否,	,,149.0	,0.0	,0.0	,0.0	,0.0	,0.0	,0.0	,0.0	,149.0	,149.0	,JDV024024811841,京东大件物流,福建省,泉州市,晋江市,,,否,否,	,	,	,否,	,	,	,	,	,	,	,	,	,	,	,	,否,否,	,否,否,,	,否,	,否,,,否
【重磅新品】云米净水器600G小海豚升级版厨下式RO反渗透直饮家用,251112-552851217951169,已发货，待收货,1	,正常,2025-11-12 12:04:13,2025-11-13 12:04:13,,2025-11-12 19:23:53,	,225501370546	,【24年新品】600G升级版6年长效,1600502140541	,厨房电器,净水器/净水设备及配件耗材,净水器,	,6923185653684	,6923185616399	,	,	,无售后或售后取消,,2025-11-12 12:04:13,	,,,,,,,否,否,	,否,	,,559.0	,0.0	,10.0	,54.9	,0.2	,0.0	,0.0	,0.0	,494.1	,549.0	,JDV024026911524,京东大件物流,辽宁省,大连市,旅顺口区,,,否,否,	,	,	,否,	,	,	,	,	,	,	,	,	,	,	,	,否,否,	,否,否,,	,否,	,否,,,否
云米即热净水器厨房家用直饮RO反渗透加热净饮一体机1000G,251112-388277277100741,已发货，待收货,1	,正常,2025-11-12 12:03:05,2025-11-13 12:03:06,,2025-11-12 19:23:53,	,846360072018	,即热直饮 1000G大通量,1807240839093	,厨房电器,净水器/净水设备及配件耗材,净水器,	,6923185651116	,6923185651116	,	,	,无售后或售后取消,,2025-11-12 12:03:06,	,,,,,,,否,否,	,否,	,,1498.0	,0.0	,0.0	,100.0	,0.0	,0.0	,0.0	,0.0	,1398.0	,1498.0	,JDV024026897410,京东大件物流,广东省,韶关市,仁化县,,,否,否,	,	,	,否,	,	,	,	,	,	,	,	,	,	,	,	,否,否,	,否,否,,	,否,	,否,,,否
【重磅新品】云米净水器600G小海豚升级版厨下式RO反渗透直饮家用,251112-584360926731866,未发货，退款成功,1	,正常,2025-11-12 11:53:06,2025-12-13 11:53:07,,	,	,225501370546	,【24年新品】600G升级版6年长效,1600502140541	,厨房电器,净水器/净水设备及配件耗材,净水器,	,6923185653684	,6923185616399	,聚水潭已取消发货  已退款  11.12,延迟发货,退款成功,,2025-11-12 11:53:07,	,,,,,,,否,否,	,否,	,,559.0	,0.0	,10.0	,54.9	,0.0	,0.0	,0.0	,0.0	,494.1	,549.0	,	,	,黑龙江省,鹤岗市,南山区,,,否,否,	,	,	,否,	,	,	,	,	,	,	,	,	,	,	,	,否,否,	,否,否,,	,否,	,否,,,否
【母婴直饮】云米净水器 SE 600G+ 新升级厨下式RO反渗透直饮家用,251112-359955249472629,已发货，待收货,1	,正常,2025-11-12 11:51:02,2025-11-13 11:51:02,,2025-11-12 16:00:47,	,819506595979	,【24年新品】600G升级版6年长效,1787046011387	,厨房电器,净水器/净水设备及配件耗材,净水器,	,6923185653684	,6923185616399	,	,	,无售后或售后取消,,2025-11-12 11:51:02,	,,,,,,,否,否,	,否,	,,748.0	,0.0	,137.6	,100.0	,0.0	,0.0	,0.0	,0.0	,510.4	,610.4	,JDV024024798206,京东大件物流,新疆维吾尔自治区,伊犁哈萨克自治州,奎屯市,,,否,否,	,	,	,否,	,	,	,	,	,	,	,	,	,	,	,	,否,否,	,否,否,,	,否,	,否,,,否
【重磅新品】云米净水器600G小海豚升级版厨下式RO反渗透直饮家用,251112-037612491072629,已取消,1	,正常,	,	,,	,	,225501370546	,【24年新品】600G升级版6年长效,1600502140541	,厨房电器,净水器/净水设备及配件耗材,净水器,	,6923185653684	,6923185616399	,	,	,无售后或售后取消,,	,	,,,,,,,否,否,	,否,	,,559.0	,0.0	,0.0	,0.0	,0.0	,0.0	,0.0	,0.0	,559.0	,559.0	,	,	,****,****,****,****,,否,否,	,	,	,否,	,	,	,	,	,	,	,	,	,	,	,	,否,否,	,否,	,,	,否,	,否,,,否
云米3000W速热电热水器家用浴室免换镁棒一级能效抑菌内胆免清洗,251112-011114965371566,已发货，待收货,1	,正常,2025-11-12 11:46:23,2025-11-13 11:46:23,,2025-11-12 19:23:53,	,369876178838	,速热3000W免换镁棒电热水器60L,1799960621871	,大家电,热水器,电热水器,	,6923185611899	,6923185611882	,	,	,无售后或售后取消,,2025-11-12 11:46:23,	,,,,,,,否,否,	,否,	,,750.0	,0.0	,0.0	,75.0	,0.0	,0.0	,0.0	,0.0	,675.0	,750.0	,JDV024024881717,京东大件物流,江苏省,徐州市,铜山区,,,否,否,	,	,	,否,	,	,	,	,	,	,	,	,	,	,	,	,否,否,	,否,否,,	,否,	,否,,,否
【重磅新品】云米净水器600G小海豚升级版厨下式RO反渗透直饮家用,251112-185954496091219,已发货，待收货,1	,正常,2025-11-12 11:43:57,2025-11-13 11:43:57,,2025-11-12 16:00:47,	,225501370546	,【24年新品】600G升级版6年长效,1600502140541	,厨房电器,净水器/净水设备及配件耗材,净水器,	,6923185653684	,6923185616399	,	,	,无售后或售后取消,,2025-11-12 11:43:57,	,,,,,,,否,否,	,否,	,,559.0	,0.0	,10.0	,30.0	,0.0	,0.0	,0.0	,0.0	,519.0	,549.0	,JDV024024797934,京东大件物流,山东省,青岛市,胶州市,,,否,否,	,	,	,否,	,	,	,	,	,	,	,	,	,	,	,	,否,否,	,否,否,,	,否,	,否,,,否
【母婴直饮】云米净水器 SE 600G+ 新升级厨下式RO反渗透直饮家用,251112-675995983482558,未发货，退款成功,1	,正常,2025-11-12 11:43:37,2025-11-13 11:43:38,,	,	,819506595979	,【24年新品】600G升级版6年长效,1787046011387	,厨房电器,净水器/净水设备及配件耗材,净水器,	,6923185653684	,6923185616399	,聚水潭已取消发货  已退款  11.12,	,退款成功,,2025-11-12 11:43:38,	,,,,,,,否,否,	,否,	,,748.0	,0.0	,136.8	,64.0	,0.0	,0.0	,0.0	,0.0	,547.2	,611.2	,	,	,上海市,上海市,浦东新区,,,否,否,	,	,	,否,	,	,	,	,	,	,	,	,	,	,	,	,否,否,	,否,否,,	,否,	,否,,,否
【母婴直饮】云米净水器 SE 600G+ 新升级厨下式RO反渗透直饮家用,251112-614926979371399,已发货，待收货,1	,正常,2025-11-12 11:42:56,2025-11-13 11:42:56,,2025-11-12 16:00:47,	,819506595979	,【24年新品】600G升级版6年长效,1787046011387	,厨房电器,净水器/净水设备及配件耗材,净水器,	,6923185653684	,6923185616399	,	,	,无售后或售后取消,,2025-11-12 11:42:56,	,,,,,,,否,否,	,否,	,,748.0	,0.0	,142.84	,73.8	,0.0	,0.0	,0.0	,0.0	,531.36	,605.16	,JDV024024840120,京东大件物流,重庆市,重庆市,渝北区,,,否,否,	,	,	,否,	,	,	,	,	,	,	,	,	,	,	,	,否,否,	,否,否,,	,否,	,否,,,否
【母婴直饮】云米净水器 SE 600G+ 新升级厨下式RO反渗透直饮家用,251112-119841769082558,已取消,1	,正常,	,	,,	,	,819506595979	,【24年新品】600G升级版6年长效,1787046011387	,厨房电器,净水器/净水设备及配件耗材,净水器,	,6923185653684	,6923185616399	,	,	,无售后或售后取消,,	,	,,,,,,,否,否,	,否,	,,748.0	,0.0	,149.6	,0.0	,0.0	,0.0	,0.0	,0.0	,598.4	,598.4	,	,	,****,****,****,****,,否,否,	,	,	,否,	,	,	,	,	,	,	,	,	,	,	,	,否,否,	,否,	,,	,否,	,否,,,否
【母婴直饮】云米净水器 SE 600G+ 新升级厨下式RO反渗透直饮家用,251112-510667015802558,已取消,1	,正常,	,	,,	,	,819506595979	,【24年新品】600G升级版6年长效,1787046011387	,厨房电器,净水器/净水设备及配件耗材,净水器,	,6923185653684	,6923185616399	,	,	,无售后或售后取消,,	,	,,,,,,,否,否,	,否,	,,748.0	,0.0	,157.6	,0.0	,0.0	,0.0	,0.0	,0.0	,590.4	,590.4	,	,	,****,****,****,****,,否,否,	,	,	,否,	,	,	,	,	,	,	,	,	,	,	,	,否,否,	,否,	,,	,否,	,否,,,否
【母婴直饮】云米净水器 SE 600G+ 新升级厨下式RO反渗透直饮家用,251112-195213411962590,已发货，待收货,1	,正常,2025-11-12 11:40:42,2025-11-13 11:40:42,,2025-11-12 16:00:47,	,819506595979	,【24年新品】600G升级版6年长效,1787046011387	,厨房电器,净水器/净水设备及配件耗材,净水器,	,6923185653684	,6923185616399	,	,	,无售后或售后取消,,2025-11-12 11:40:42,	,,,,,,,否,否,	,否,	,,748.0	,0.0	,147.6	,50.0	,0.0	,0.0	,0.0	,0.0	,550.4	,600.4	,JDV024024829291,京东大件物流,广东省,珠海市,香洲区,,,否,否,	,	,	,否,	,	,	,	,	,	,	,	,	,	,	,	,否,否,	,否,是,3	,商家,否,	,否,,信用卡分期,否
【重磅新品】云米净水器600G小海豚升级版厨下式RO反渗透直饮家用,251112-131617297982874,已取消,1	,正常,	,	,,	,	,225501370546	,【24年新品】600G升级版6年长效,1600502140541	,厨房电器,净水器/净水设备及配件耗材,净水器,	,6923185653684	,6923185616399	,	,	,无售后或售后取消,,	,	,,,,,,,否,否,	,否,	,,559.0	,0.0	,10.0	,54.9	,0.0	,0.0	,0.0	,0.0	,494.1	,549.0	,	,	,****,****,****,****,,否,否,	,	,	,否,	,	,	,	,	,	,	,	,	,	,	,	,否,否,	,否,	,,	,否,	,否,,,否
【重磅新品】云米净水器600G小海豚升级版厨下式RO反渗透直饮家用,251112-558052185630424,已发货，待收货,1	,正常,2025-11-12 11:39:21,2025-11-13 11:39:22,,2025-11-12 16:00:47,	,225501370546	,【24年新品】600G升级版6年长效,1600502140541	,厨房电器,净水器/净水设备及配件耗材,净水器,	,6923185653684	,6923185616399	,	,	,无售后或售后取消,,2025-11-12 11:39:22,	,,,,,,,否,否,	,否,	,,559.0	,0.0	,0.0	,0.0	,0.0	,0.0	,0.0	,0.0	,559.0	,559.0	,JDV024024794246,京东大件物流,山东省,济南市,历城区,,,否,否,	,	,	,否,	,	,	,	,	,	,	,	,	,	,	,	,否,否,	,否,否,,	,否,	,否,,,否
【母婴直饮】云米净水器 SE 600G+ 新升级厨下式RO反渗透直饮家用,251112-323517181541409,已发货，待收货,1	,正常,2025-11-12 11:38:26,2025-11-13 11:38:27,,2025-11-12 19:23:53,	,819506595979	,【24年新品】600G升级版6年长效,1787046011387	,厨房电器,净水器/净水设备及配件耗材,净水器,	,6923185653684	,6923185616399	,	,	,无售后或售后取消,,2025-11-12 11:38:27,	,,,,,,,否,否,	,否,	,,748.0	,0.0	,142.6	,75.0	,0.0	,0.0	,0.0	,0.0	,530.4	,605.4	,JDV024024944726,京东大件物流,江苏省,镇江市,丹阳市,,,否,否,	,	,	,否,	,	,	,	,	,	,	,	,	,	,	,	,否,否,	,否,否,,	,否,	,否,,,否
【重磅新品】云米净水器600G小海豚升级版厨下式RO反渗透直饮家用,251112-488007308901409,未发货，退款成功,1	,正常,2025-11-12 11:35:31,2025-11-13 11:35:32,,	,	,225501370546	,【24年新品】600G升级版6年长效,1600502140541	,厨房电器,净水器/净水设备及配件耗材,净水器,	,6923185653684	,6923185616399	,聚水潭已取消发货  已退款  11.12,	,退款成功,,2025-11-12 11:35:32,	,,,,,,,否,否,	,否,	,,559.0	,0.0	,10.0	,0.0	,0.0	,0.0	,0.0	,0.0	,549.0	,549.0	,	,	,江苏省,镇江市,丹阳市,,,否,否,	,	,	,否,	,	,	,	,	,	,	,	,	,	,	,	,否,否,	,否,否,,	,否,	,否,,,否
【重磅新品】云米净水器600G小海豚升级版厨下式RO反渗透直饮家用,251112-579359291761786,已收货,1	,正常,2025-11-12 11:29:25,2025-11-13 11:29:26,,2025-11-12 16:00:47,2025-11-13 08:39:04,225501370546	,【24年新品】600G升级版6年长效,1600502140541	,厨房电器,净水器/净水设备及配件耗材,净水器,	,6923185653684	,6923185616399	,	,	,无售后或售后取消,,2025-11-12 11:29:26,	,,,,,,,否,否,	,否,	,,559.0	,0.0	,10.0	,0.0	,0.0	,0.0	,0.0	,0.0	,549.0	,549.0	,JDV024024844745,京东大件物流,广东省,东莞市,万江区,,,否,否,	,	,	,否,	,	,	,	,	,	,	,	,	,	,	,	,否,否,	,否,否,,	,否,	,否,,,否
【重磅新品】云米净水器600G小海豚升级版厨下式RO反渗透直饮家用,251112-584644052551268,已发货，待收货,1	,正常,2025-11-12 11:27:32,2025-11-13 11:27:32,,2025-11-12 16:00:46,	,225501370546	,【24年新品】600G升级版6年长效,1600502140541	,厨房电器,净水器/净水设备及配件耗材,净水器,	,6923185653684	,6923185616399	,	,	,无售后或售后取消,,2025-11-12 11:27:32,	,,,,,,,否,否,	,否,	,,559.0	,0.0	,10.0	,0.0	,0.0	,0.0	,0.0	,0.0	,549.0	,549.0	,JDV024024814487,京东大件物流,山东省,泰安市,泰山区,,,否,否,	,	,	,否,	,	,	,	,	,	,	,	,	,	,	,	,否,否,	,否,否,,	,否,	,否,,,否
Viomi云米净水器1000G厨下式RO反渗透直饮过滤器净饮小海豚2,251112-523616939610782,已取消,1	,正常,	,	,,	,	,205458105137	,小海豚2包安装1000G大加仑,1802849942800	,厨房电器,净水器/净水设备及配件耗材,净水器,	,6923185654865	,	,	,	,无售后或售后取消,,	,	,,,,,,,否,否,	,否,	,,863.0	,0.0	,0.0	,0.0	,0.0	,0.0	,0.0	,0.0	,863.0	,863.0	,	,	,****,****,****,****,,否,否,	,	,	,否,	,	,	,	,	,	,	,	,	,	,	,	,否,否,	,否,	,,	,否,	,否,,,否
Viomi云米净水器1000G厨下式RO反渗透直饮过滤器净饮小海豚2,251112-018748556890782,已取消,1	,正常,	,	,,	,	,205458105137	,小海豚2包安装1000G大加仑,1802849942800	,厨房电器,净水器/净水设备及配件耗材,净水器,	,6923185654865	,	,	,	,无售后或售后取消,,	,	,,,,,,,否,否,	,否,	,,863.0	,0.0	,0.0	,0.0	,0.0	,0.0	,0.0	,0.0	,863.0	,863.0	,	,	,****,****,****,****,,否,否,	,	,	,否,	,	,	,	,	,	,	,	,	,	,	,	,否,否,	,否,	,,	,否,	,否,,,否
【重磅新品】云米净水器600G小海豚升级版厨下式RO反渗透直饮家用,251112-470359785792339,已发货，待收货,1	,正常,2025-11-12 11:18:32,2025-11-13 11:18:33,,2025-11-12 16:00:47,	,225501370546	,【24年新品】600G升级版6年长效,1600502140541	,厨房电器,净水器/净水设备及配件耗材,净水器,	,6923185653684	,6923185616399	,	,	,无售后或售后取消,,2025-11-12 11:18:33,	,,,,,,,否,否,	,否,	,,559.0	,0.0	,10.0	,50.0	,0.2	,0.0	,0.0	,0.0	,499.0	,549.0	,JDV024024840156,京东大件物流,重庆市,重庆市,九龙坡区,,,否,否,	,	,	,否,	,	,	,	,	,	,	,	,	,	,	,	,否,否,	,否,否,,	,否,	,否,,,否
【重磅新品】云米净水器600G小海豚升级版厨下式RO反渗透直饮家用,251112-114598909530524,已发货，待收货,1	,正常,2025-11-12 11:16:51,2025-11-13 11:16:51,,2025-11-12 16:00:47,	,225501370546	,【24年新品】600G升级版6年长效,1600502140541	,厨房电器,净水器/净水设备及配件耗材,净水器,	,6923185653684	,6923185616399	,	,	,无售后或售后取消,,2025-11-12 11:16:51,	,,,,,,,否,否,	,否,	,,559.0	,0.0	,10.0	,0.0	,1.09	,0.0	,0.0	,0.0	,549.0	,549.0	,JDV024024849091,京东大件物流,陕西省,西安市,雁塔区,,,否,否,	,	,	,否,	,	,	,	,	,	,	,	,	,	,	,	,否,否,	,否,否,,	,否,	,否,,,否
【重磅新品】云米净水器600G小海豚升级版厨下式RO反渗透直饮家用,251112-292730969671674,已取消,1	,正常,	,	,,	,	,225501370546	,【24年新品】600G升级版6年长效,1600502140541	,厨房电器,净水器/净水设备及配件耗材,净水器,	,6923185653684	,6923185616399	,	,	,无售后或售后取消,,	,	,,,,,,,否,否,	,否,	,,559.0	,0.0	,0.0	,0.0	,0.0	,0.0	,0.0	,0.0	,559.0	,559.0	,	,	,****,****,****,****,,否,否,	,	,	,否,	,	,	,	,	,	,	,	,	,	,	,	,否,否,	,否,	,,	,否,	,否,,,否
【重磅新品】云米净水器600G小海豚升级版厨下式RO反渗透直饮家用,251112-383862730311674,未发货，退款成功,1	,正常,2025-11-12 11:07:34,2025-11-13 11:07:34,,	,	,225501370546	,【24年新品】600G升级版6年长效,1600502140541	,厨房电器,净水器/净水设备及配件耗材,净水器,	,6923185653684	,6923185616399	,拦截	ZX2511120067549,	,退款成功,,2025-11-12 11:07:34,	,,,,,,,否,否,	,否,	,,559.0	,0.0	,10.0	,0.0	,0.0	,0.0	,0.0	,0.0	,549.0	,549.0	,	,	,上海市,上海市,奉贤区,,,否,否,	,	,	,否,	,	,	,	,	,	,	,	,	,	,	,	,否,否,	,否,否,,	,否,	,否,,,否
【重磅新品】云米净水器600G小海豚升级版厨下式RO反渗透直饮家用,251112-013589562980783,已取消,1	,正常,	,	,,	,	,225501370546	,【24年新品】600G升级版6年长效,1600502140541	,厨房电器,净水器/净水设备及配件耗材,净水器,	,6923185653684	,6923185616399	,	,	,无售后或售后取消,,	,	,,,,,,,否,否,	,否,	,,559.0	,0.0	,10.0	,0.98	,0.0	,0.0	,0.0	,0.0	,548.02	,549.0	,	,	,****,****,****,****,,否,否,	,	,	,否,	,	,	,	,	,	,	,	,	,	,	,	,否,否,	,否,	,,	,否,	,否,,,否
【重磅新品】云米净水器600G小海豚升级版厨下式RO反渗透直饮家用,251112-584644062743960,已发货，待收货,1	,正常,2025-11-12 11:02:46,2025-11-13 11:02:47,,2025-11-12 16:00:47,	,225501370546	,【24年新品】600G升级版6年长效,1600502140541	,厨房电器,净水器/净水设备及配件耗材,净水器,	,6923185653684	,6923185616399	,	,	,无售后或售后取消,,2025-11-12 11:02:47,	,,,,,,,否,否,	,否,	,,559.0	,0.0	,10.0	,0.0	,0.0	,0.0	,0.0	,0.0	,549.0	,549.0	,JDV024024383316,京东大件物流,湖北省,鄂州市,鄂城区,,,否,否,	,	,	,否,	,	,	,	,	,	,	,	,	,	,	,	,否,否,	,否,是,3	,商家,否,	,否,,花呗分期,否
云米净水器滤芯小蓝调小海豚600G+专用复合滤芯RO反渗透滤芯过滤,251112-000377557311902,已发货，待收货,1	,正常,2025-11-12 10:59:43,2025-11-13 10:59:43,,2025-11-12 19:23:54,	,296967601341	,5in1复合滤芯 2年长效,1600193054565	,厨房电器,净水器/净水设备及配件耗材,净水器配件耗材,	,6923185627425	,	,后返，到手价99,	,无售后或售后取消,,2025-11-12 10:59:43,	,,,,,,,否,否,	,否,	,,299.0	,0.0	,0.0	,3.0	,0.0	,0.0	,0.0	,0.0	,296.0	,299.0	,JDV024021633349,京东大件物流,广东省,佛山市,禅城区,,,否,否,	,	,	,否,	,	,	,	,	,	,	,	,	,	,	,	,否,否,	,否,否,,	,否,	,否,,,否
【重磅新品】云米净水器600G小海豚升级版厨下式RO反渗透直饮家用,251112-548845709632890,已发货，待收货,1	,正常,2025-11-12 10:56:07,2025-11-13 10:56:08,,2025-11-12 16:00:47,	,225501370546	,【24年新品】600G升级版6年长效,1600502140541	,厨房电器,净水器/净水设备及配件耗材,净水器,	,6923185653684	,6923185616399	,	,	,无售后或售后取消,,2025-11-12 10:56:08,	,,,,,,,否,否,	,否,	,,559.0	,0.0	,0.0	,0.0	,0.0	,0.0	,0.0	,0.0	,559.0	,559.0	,JDV024024800809,京东大件物流,广东省,珠海市,斗门区,,,否,否,	,	,	,否,	,	,	,	,	,	,	,	,	,	,	,	,否,否,	,否,否,,	,否,	,否,,,否
【重磅新品】云米净水器600G小海豚升级版厨下式RO反渗透直饮家用,251112-660519074112890,已取消,1	,正常,	,	,,	,	,225501370546	,【24年新品】600G升级版6年长效,1600502140541	,厨房电器,净水器/净水设备及配件耗材,净水器,	,6923185653684	,6923185616399	,	,	,无售后或售后取消,,	,	,,,,,,,否,否,	,否,	,,559.0	,0.0	,0.0	,0.0	,0.0	,0.0	,0.0	,0.0	,559.0	,559.0	,	,	,****,****,****,****,,否,否,	,	,	,否,	,	,	,	,	,	,	,	,	,	,	,	,否,否,	,否,	,,	,否,	,否,,,否
【重磅新品】云米净水器600G小海豚升级版厨下式RO反渗透直饮家用,251112-272640325962012,已发货，待收货,1	,正常,2025-11-12 10:55:01,2025-11-13 10:55:01,,2025-11-12 16:00:47,	,225501370546	,【24年新品】600G升级版6年长效,1600502140541	,厨房电器,净水器/净水设备及配件耗材,净水器,	,6923185653684	,6923185616399	,	,	,无售后或售后取消,,2025-11-12 10:55:01,	,,,,,,,否,否,	,否,	,,559.0	,0.0	,10.0	,0.0	,1.09	,0.0	,0.0	,0.0	,549.0	,549.0	,JDV024024828868,京东大件物流,重庆市,重庆市,长寿区,,,否,否,	,	,	,否,	,	,	,	,	,	,	,	,	,	,	,	,否,否,	,否,否,,	,否,	,否,,,否
【重磅新品】云米净水器600G小海豚升级版厨下式RO反渗透直饮家用,251112-402527372823960,已取消,1	,正常,	,	,,	,	,225501370546	,【24年新品】600G升级版6年长效,1600502140541	,厨房电器,净水器/净水设备及配件耗材,净水器,	,6923185653684	,6923185616399	,	,	,无售后或售后取消,,	,	,,,,,,,否,否,	,否,	,,559.0	,0.0	,10.0	,0.0	,0.0	,0.0	,0.0	,0.0	,549.0	,549.0	,	,	,****,****,****,****,,否,否,	,	,	,否,	,	,	,	,	,	,	,	,	,	,	,	,否,否,	,否,	,,	,否,	,否,,,否
【重磅新品】云米净水器600G小海豚升级版厨下式RO反渗透直饮家用,251112-396823171383198,未发货，退款成功,1	,正常,2025-11-12 10:43:26,2025-11-13 10:43:26,,	,	,225501370546	,【24年新品】600G升级版6年长效,1600502140541	,厨房电器,净水器/净水设备及配件耗材,净水器,	,6923185653684	,6923185616399	,聚水潭已取消发货  已退款  11.12,	,退款成功,,2025-11-12 10:43:26,	,,,,,,,否,否,	,否,	,,559.0	,0.0	,0.0	,0.0	,0.0	,0.0	,0.0	,0.0	,559.0	,559.0	,	,	,海南省,海口市,美兰区,,,否,否,	,	,	,否,	,	,	,	,	,	,	,	,	,	,	,	,否,否,	,否,否,,	,否,	,否,,,否
云米净水器滤芯家用小海豚小蓝调小白龙系列专用RO反渗透,251112-161963056703195,已发货，待收货,1	,正常,2025-11-12 10:42:14,2025-11-14 10:42:15,,2025-11-12 19:23:53,	,232467205433	,600G RO反渗透,1358951046252	,厨房电器,净水器/净水设备及配件耗材,净水器配件耗材,	,6923185618379	,	,	,	,无售后或售后取消,,2025-11-12 10:42:15,	,,,,,,,否,否,	,否,	,,549.0	,0.0	,0.0	,48.0	,5.0	,0.0	,0.0	,0.0	,501.0	,549.0	,JDV024024811140,京东大件物流,广东省,佛山市,三水区,,,否,否,	,	,	,否,	,	,	,	,	,	,	,	,	,	,	,	,否,否,	,否,否,,	,否,	,否,,,否
【重磅新品】云米净水器600G小海豚升级版厨下式RO反渗透直饮家用,251112-597782761792890,未发货，退款成功,1	,正常,2025-11-12 10:40:54,2025-11-13 10:40:54,,	,	,225501370546	,【24年新品】600G升级版6年长效,1600502140541	,厨房电器,净水器/净水设备及配件耗材,净水器,	,6923185653684	,6923185616399	,聚水潭已取消发货  已退款  11.12,	,退款成功,,2025-11-12 10:40:54,	,,,,,,,否,否,	,否,	,,559.0	,0.0	,0.0	,0.0	,0.0	,0.0	,0.0	,0.0	,559.0	,559.0	,	,	,海南省,儋州市,那大镇,,,否,否,	,	,	,否,	,	,	,	,	,	,	,	,	,	,	,	,否,否,	,否,否,,	,否,	,否,,,否
【母婴直饮】云米净水器 SE 600G+ 新升级厨下式RO反渗透直饮家用,251112-357186998633870,已发货，待收货,1	,正常,2025-11-12 10:39:09,2025-11-13 10:39:09,,2025-11-12 16:00:48,	,819506595979	,【24年新品】600G升级版6年长效,1787046011387	,厨房电器,净水器/净水设备及配件耗材,净水器,	,6923185653684	,6923185616399	,	,	,无售后或售后取消,,2025-11-12 10:39:09,	,,,,,,,否,否,	,否,	,,748.0	,0.0	,157.6	,0.0	,0.0	,0.0	,0.0	,0.0	,590.4	,590.4	,JDV024020736371,京东大件物流,青海省,西宁市,城中区,,,否,否,	,	,	,否,	,	,	,	,	,	,	,	,	,	,	,	,否,否,	,否,否,,	,否,	,否,,,否
云米电热水器50/60升洗澡家用浴室速热大容量省电防漏电警示安全,251112-480121986631775,已发货，待收货,2	,正常,2025-11-12 10:37:51,2025-11-13 10:37:51,,2025-11-12 16:41:06,	,691819698413	,50L速热加长防电墙5倍增容,1683563098525	,大家电,热水器,电热水器,	,6923185614920	,	,	,	,无售后或售后取消,,2025-11-12 10:37:51,	,,,,,,,否,否,	,否,	,,986.0	,0.0	,39.44	,0.0	,0.0	,0.0	,0.0	,0.0	,946.56	,946.56	,JDLD12901222555,京东大件物流,浙江省,嘉兴市,秀洲区,,,否,否,	,	,	,否,	,	,	,	,	,	,	,	,	,	,	,	,否,否,	,否,否,,	,否,	,否,,,否
【母婴直饮】云米净水器 SE 600G+ 新升级厨下式RO反渗透直饮家用,251112-279214887223198,已发货，待收货,1	,正常,2025-11-12 10:36:55,2025-11-13 10:36:55,,2025-11-12 16:00:48,	,819506595979	,【24年新品】600G升级版6年长效,1787046011387	,厨房电器,净水器/净水设备及配件耗材,净水器,	,6923185653684	,6923185616399	,	,	,无售后或售后取消,,2025-11-12 10:36:55,	,,,,,,,否,否,	,否,	,,748.0	,0.0	,149.6	,0.0	,0.0	,0.0	,0.0	,0.0	,598.4	,598.4	,JDV024020750582,京东大件物流,海南省,海口市,美兰区,,,否,否,	,	,	,否,	,	,	,	,	,	,	,	,	,	,	,	,否,否,	,否,否,,	,否,	,否,,,否
【重磅新品】云米净水器600G小海豚升级版厨下式RO反渗透直饮家用,251112-623839813141140,已发货，待收货,1	,正常,2025-11-12 10:23:04,2025-11-13 10:23:05,,2025-11-12 16:00:49,	,225501370546	,【24年新品】600G升级版6年长效,1600502140541	,厨房电器,净水器/净水设备及配件耗材,净水器,	,6923185653684	,6923185616399	,	,	,无售后或售后取消,,2025-11-12 10:23:05,	,,,,,,,否,否,	,否,	,,559.0	,0.0	,10.0	,0.0	,0.0	,0.0	,0.0	,0.0	,549.0	,549.0	,JDV024023218905,京东大件物流,江苏省,常州市,新北区,,,否,否,	,	,	,否,	,	,	,	,	,	,	,	,	,	,	,	,否,否,	,否,否,,	,否,	,否,,,否
【重磅新品】云米净水器600G小海豚升级版厨下式RO反渗透直饮家用,251112-511380067861140,已取消,1	,正常,	,	,,	,	,225501370546	,【24年新品】600G升级版6年长效,1600502140541	,厨房电器,净水器/净水设备及配件耗材,净水器,	,6923185653684	,6923185616399	,	,	,无售后或售后取消,,	,	,,,,,,,否,否,	,否,	,,559.0	,0.0	,10.0	,0.0	,0.0	,0.0	,0.0	,0.0	,549.0	,549.0	,	,	,****,****,****,****,,否,否,	,	,	,否,	,	,	,	,	,	,	,	,	,	,	,	,否,否,	,否,	,,	,否,	,否,,,否
云米AI油烟机双腔大吸力Smart双腔一级能效23m³大风压智清洁节能,251112-245136104991729,已发货，待收货,1	,正常,2025-11-12 10:15:09,2025-11-13 10:15:10,,2025-11-12 16:00:48,	,750412983827	,AI双腔强吸油烟机,1737582711971	,大家电,厨房大电,油烟机,	,6923185649229	,6923185649229	,	,	,无售后或售后取消,,2025-11-12 10:15:10,	,,,,,,,否,否,	,否,	,,789.0	,0.0	,0.0	,39.45	,0.0	,0.0	,0.0	,0.0	,749.55	,789.0	,JDV024024808601,京东大件物流,江苏省,常州市,天宁区,,,否,否,	,	,	,否,	,	,	,	,	,	,	,	,	,	,	,	,否,否,	,否,否,,	,否,	,否,,,否
【重磅新品】云米净水器600G小海豚升级版厨下式RO反渗透直饮家用,251112-160977415823585,已发货，待收货,1	,正常,2025-11-12 10:10:23,2025-11-13 10:10:23,,2025-11-12 16:00:48,	,225501370546	,【24年新品】600G升级版6年长效,1600502140541	,厨房电器,净水器/净水设备及配件耗材,净水器,	,6923185653684	,6923185616399	,	,	,无售后或售后取消,,2025-11-12 10:10:23,	,,,,,,,否,否,	,否,	,,559.0	,0.0	,0.0	,0.0	,0.0	,0.0	,0.0	,0.0	,559.0	,559.0	,JDV024024808591,京东大件物流,广东省,深圳市,龙岗区,,,否,否,	,	,	,否,	,	,	,	,	,	,	,	,	,	,	,	,否,否,	,否,否,,	,否,	,否,,,否
【重磅新品】云米净水器600G小海豚升级版厨下式RO反渗透直饮家用,251112-584727980442002,已取消,1	,正常,	,	,,	,	,225501370546	,【24年新品】600G升级版6年长效,1600502140541	,厨房电器,净水器/净水设备及配件耗材,净水器,	,6923185653684	,6923185616399	,	,	,无售后或售后取消,,	,	,,,,,,,否,否,	,否,	,,559.0	,0.0	,0.0	,0.0	,0.0	,0.0	,0.0	,0.0	,559.0	,559.0	,	,	,****,****,****,****,,否,否,	,	,	,否,	,	,	,	,	,	,	,	,	,	,	,	,否,否,	,否,	,,	,否,	,否,,,否
【重磅新品】云米净水器600G小海豚升级版厨下式RO反渗透直饮家用,251112-172050388560221,已发货，待收货,1	,正常,2025-11-12 10:01:13,2025-11-13 10:01:13,,2025-11-12 16:00:49,	,225501370546	,【24年新品】600G升级版6年长效,1600502140541	,厨房电器,净水器/净水设备及配件耗材,净水器,	,6923185653684	,6923185616399	,	,	,无售后或售后取消,,2025-11-12 10:01:13,	,,,,,,,否,否,	,否,	,,559.0	,0.0	,10.0	,0.0	,0.0	,0.0	,0.0	,0.0	,549.0	,549.0	,JDV024024848156,京东大件物流,广东省,广州市,番禺区,,,否,否,	,	,	,否,	,	,	,	,	,	,	,	,	,	,	,	,否,否,	,否,否,,	,否,	,否,,,否
【重磅新品】云米净水器600G小海豚升级版厨下式RO反渗透直饮家用,251112-052659556723756,已取消,1	,正常,	,	,,	,	,225501370546	,【24年新品】600G升级版6年长效,1600502140541	,厨房电器,净水器/净水设备及配件耗材,净水器,	,6923185653684	,6923185616399	,	,	,无售后或售后取消,,	,	,,,,,,,否,否,	,否,	,,559.0	,0.0	,10.0	,0.0	,0.0	,0.0	,0.0	,0.0	,549.0	,549.0	,	,	,****,****,****,****,,否,否,	,	,	,否,	,	,	,	,	,	,	,	,	,	,	,	,否,否,	,否,	,,	,否,	,否,,,否
云米电热水器50/60升洗澡家用浴室速热大容量省电防漏电警示安全,251112-141358600602118,已发货，待收货,5	,正常,2025-11-12 09:59:08,2025-11-13 09:59:08,,2025-11-12 13:42:34,	,691819698413	,60L速热加长防电墙5倍增容,1683563098526	,大家电,热水器,电热水器,	,6923185614937	,	,后返，送5个花洒，到手价528/台,	,无售后或售后取消,,2025-11-12 09:59:08,	,,,,,,,否,否,	,否,	,,2960.0	,0.0	,118.4	,0.0	,5.68	,0.0	,0.0	,0.0	,2841.6	,2841.6	,JDLD12901138934,京东大件物流,甘肃省,酒泉市,肃州区,,,否,否,	,	,	,否,	,	,	,	,	,	,	,	,	,	,	,	,否,否,	,否,否,,	,否,	,否,,,否
云米净水器滤芯小蓝调小海豚600G+专用复合滤芯RO反渗透滤芯过滤,251112-080698416671600,已发货，待收货,2	,正常,2025-11-12 09:49:22,2025-11-13 09:49:22,,2025-11-12 19:23:54,	,296967601341	,5in1复合滤芯 2年长效,1600193054565	,厨房电器,净水器/净水设备及配件耗材,净水器配件耗材,	,6923185627425	,	,后返到手价198,	,无售后或售后取消,,2025-11-12 09:49:22,	,,,,,,,否,否,	,否,	,,598.0	,0.0	,5.98	,0.0	,5.0	,0.0	,0.0	,0.0	,592.02	,592.02	,JDV024019149122,京东大件物流,山西省,晋中市,榆次区,,,否,否,	,	,	,否,	,	,	,	,	,	,	,	,	,	,	,	,否,否,	,否,否,,	,否,	,否,,,否
【重磅新品】云米净水器600G小海豚升级版厨下式RO反渗透直饮家用,251112-539890880892230,已发货，待收货,1	,正常,2025-11-12 09:47:06,2025-11-13 09:47:06,,2025-11-12 16:00:48,	,225501370546	,【24年新品】600G升级版6年长效,1600502140541	,厨房电器,净水器/净水设备及配件耗材,净水器,	,6923185653684	,6923185616399	,	,	,无售后或售后取消,,2025-11-12 09:47:06,	,,,,,,,否,否,	,否,	,,559.0	,0.0	,10.0	,54.9	,0.0	,0.0	,0.0	,0.0	,494.1	,549.0	,JDV024021564542,京东大件物流,广东省,广州市,番禺区,,,否,否,	,	,	,否,	,	,	,	,	,	,	,	,	,	,	,	,否,否,	,否,否,,	,否,	,否,,,否
【母婴直饮】云米净水器 SE 600G+ 新升级厨下式RO反渗透直饮家用,251112-340608991662816,未发货，退款成功,1	,正常,2025-11-12 09:55:53,2025-11-13 09:55:54,,	,	,819506595979	,【24年新品】600G升级版6年长效,1787046011387	,厨房电器,净水器/净水设备及配件耗材,净水器,	,6923185653684	,6923185616399	,聚水潭已取消发货，仅退款  诚11.12,	,退款成功,,2025-11-12 09:55:54,	,,,,,,,否,否,	,否,	,,748.0	,0.0	,147.6	,50.0	,0.0	,0.0	,0.0	,0.0	,550.4	,600.4	,	,	,山东省,泰安市,泰山区,,,否,否,	,	,	,否,	,	,	,	,	,	,	,	,	,	,	,	,否,否,	,否,否,,	,否,	,否,,,否
【重磅新品】云米净水器600G小海豚升级版厨下式RO反渗透直饮家用,251112-024494743183439,已取消,1	,正常,	,	,,	,	,225501370546	,【24年新品】600G升级版6年长效,1600502140541	,厨房电器,净水器/净水设备及配件耗材,净水器,	,6923185653684	,6923185616399	,	,	,无售后或售后取消,,	,	,,,,,,,否,否,	,否,	,,559.0	,0.0	,10.0	,0.0	,0.0	,0.0	,0.0	,0.0	,549.0	,549.0	,	,	,****,****,****,****,,否,否,	,	,	,否,	,	,	,	,	,	,	,	,	,	,	,	,否,否,	,否,	,,	,否,	,否,,,否
【重磅新品】云米净水器600G小海豚升级版厨下式RO反渗透直饮家用,251112-585325689160885,已发货，待收货,1	,正常,2025-11-12 09:41:56,2025-11-13 09:41:56,,2025-11-12 16:00:49,	,225501370546	,【24年新品】600G升级版6年长效,1600502140541	,厨房电器,净水器/净水设备及配件耗材,净水器,	,6923185653684	,6923185616399	,	,	,无售后或售后取消,,2025-11-12 09:41:56,	,,,,,,,否,否,	,否,	,,559.0	,0.0	,10.0	,0.0	,0.0	,0.0	,0.0	,0.0	,549.0	,549.0	,JDV024021558126,京东大件物流,山东省,枣庄市,市中区,,,否,否,	,	,	,否,	,	,	,	,	,	,	,	,	,	,	,	,否,否,	,否,否,,	,否,	,否,,,否
【重磅新品】云米净水器600G小海豚升级版厨下式RO反渗透直饮家用,251112-331203275051399,未发货，退款成功,1	,正常,2025-11-12 09:38:40,2025-11-13 09:38:40,,	,	,225501370546	,【24年新品】600G升级版6年长效,1600502140541	,厨房电器,净水器/净水设备及配件耗材,净水器,	,6923185653684	,6923185616399	,聚水潭已取消发货  已退款  11.12,	,退款成功,,2025-11-12 09:38:40,	,,,,,,,否,否,	,否,	,,559.0	,0.0	,10.0	,54.9	,0.0	,0.0	,0.0	,0.0	,494.1	,549.0	,	,	,重庆市,重庆市,渝北区,,,否,否,	,	,	,否,	,	,	,	,	,	,	,	,	,	,	,	,否,否,	,否,否,,	,否,	,否,,,否
【母婴直饮】云米净水器 SE 600G+ 新升级厨下式RO反渗透直饮家用,251112-123616652831600,已发货，待收货,1	,正常,2025-11-12 09:37:55,2025-11-13 09:37:55,,2025-11-12 16:00:48,	,819506595979	,【24年新品】600G升级版6年长效,1787046011387	,厨房电器,净水器/净水设备及配件耗材,净水器,	,6923185653684	,6923185616399	,	,	,无售后或售后取消,,2025-11-12 09:37:55,	,,,,,,,否,否,	,否,	,,748.0	,0.0	,137.6	,100.0	,0.0	,0.0	,0.0	,0.0	,510.4	,610.4	,JDV024021553168,京东大件物流,山西省,晋中市,榆次区,,,否,否,	,	,	,否,	,	,	,	,	,	,	,	,	,	,	,	,否,否,	,否,否,,	,否,	,否,,,否
云米电热水器家用洗澡租房储水式速热抑菌节能省电卫生间40/60升,251112-488720309863851,已发货，待收货,1	,正常,2025-11-12 09:33:20,2025-11-13 09:33:20,,2025-11-12 11:31:34,	,227645754240	,"速热抑菌洗-40L,全国联保送货上门安装8年质保",1645458252843	,大家电,热水器,电热水器,	,6923185681281	,	,	,	,无售后或售后取消,,2025-11-12 09:33:20,	,,,,,,,否,否,	,否,	,,379.0	,0.0	,0.0	,0.0	,0.0	,0.0	,0.0	,0.0	,379.0	,379.0	,JDLD12900959140,京东大件物流,福建省,泉州市,惠安县,,,否,否,	,	,	,否,	,	,	,	,	,	,	,	,	,	,	,	,否,否,	,否,否,,	,否,	,否,,,否
云米电热水器50/60升洗澡家用浴室速热大容量省电防漏电警示安全,251112-492809808282118,未发货，退款成功,5	,正常,2025-11-12 09:22:52,2025-11-13 09:22:52,,	,	,691819698413	,60L速热加长防电墙5倍增容,1683563098526	,大家电,热水器,电热水器,	,6923185614937	,	,聚水潭已取消发货，仅退款  诚11.12,	,退款成功,,2025-11-12 09:22:52,	,,,,,,,否,否,	,否,	,,2960.0	,0.0	,118.4	,0.0	,5.68	,0.0	,0.0	,0.0	,2841.6	,2841.6	,	,	,甘肃省,酒泉市,肃州区,,,否,否,	,	,	,否,	,	,	,	,	,	,	,	,	,	,	,	,否,否,	,否,否,,	,否,	,否,,,否
Viomi云米净水器1000G厨下式RO反渗透直饮过滤器净饮小海豚2,251112-670459512463439,未发货，退款成功,1	,正常,2025-11-12 09:15:23,2025-11-13 09:15:23,,	,	,205458105137	,小海豚2包安装1000G大加仑,1802849942800	,厨房电器,净水器/净水设备及配件耗材,净水器,	,6923185654865	,	,聚水潭已取消发货，仅退款  诚11.12,	,退款成功,,2025-11-12 09:15:23,	,,,,,,,否,否,	,否,	,,863.0	,0.0	,0.0	,0.0	,0.0	,0.0	,0.0	,0.0	,863.0	,863.0	,	,	,河南省,新乡市,新乡县,,,否,否,	,	,	,否,	,	,	,	,	,	,	,	,	,	,	,	,否,否,	,否,否,,	,否,	,否,,,否
【重磅新品】云米净水器600G小海豚升级版厨下式RO反渗透直饮家用,251112-046410002043115,已取消,1	,正常,	,	,,	,	,225501370546	,【24年新品】600G升级版6年长效,1600502140541	,厨房电器,净水器/净水设备及配件耗材,净水器,	,6923185653684	,6923185616399	,	,	,无售后或售后取消,,	,	,,,,,,,否,否,	,否,	,,559.0	,0.0	,0.0	,0.0	,0.0	,0.0	,0.0	,0.0	,559.0	,559.0	,	,	,****,****,****,****,,否,否,	,	,	,否,	,	,	,	,	,	,	,	,	,	,	,	,否,否,	,否,	,,	,否,	,否,,,否
云米净水器滤芯家用小海豚小蓝调小白龙系列专用RO反渗透,251112-485490768260806,已发货，待收货,1	,正常,2025-11-12 09:08:25,2025-11-14 09:08:25,,2025-11-12 16:00:49,	,232467205433	,5in1 复合滤芯,1647394585330	,厨房电器,净水器/净水设备及配件耗材,净水器配件耗材,	,6923185627425	,	,	,	,无售后或售后取消,,2025-11-12 09:08:25,	,,,,,,,否,否,	,否,	,,149.0	,0.0	,0.0	,0.0	,0.0	,0.0	,0.0	,0.0	,149.0	,149.0	,JDV024017745832,京东大件物流,江苏省,无锡市,惠山区,,,否,否,	,	,	,否,	,	,	,	,	,	,	,	,	,	,	,	,否,否,	,否,否,,	,否,	,否,,,否
【母婴直饮】云米净水器 SE 600G+ 新升级厨下式RO反渗透直饮家用,251112-091435865671254,已发货，待收货,1	,正常,2025-11-12 08:53:57,2025-11-13 08:53:57,,2025-11-12 11:27:36,	,819506595979	,【24年新品】600G升级版6年长效,1787046011387	,厨房电器,净水器/净水设备及配件耗材,净水器,	,6923185653684	,6923185616399	,	,	,无售后或售后取消,,2025-11-12 08:53:57,	,,,,,,,否,否,	,否,	,,748.0	,0.0	,157.6	,0.0	,0.0	,0.0	,0.0	,0.0	,590.4	,590.4	,JDV024017629526,京东大件物流,广东省,广州市,白云区,,,否,否,	,	,	,否,	,	,	,	,	,	,	,	,	,	,	,	,否,否,	,否,否,,	,否,	,否,,,否
【重磅新品】云米净水器600G小海豚升级版厨下式RO反渗透直饮家用,251112-056969141790240,已发货，待收货,1	,正常,2025-11-12 08:54:04,2025-11-13 08:54:04,,2025-11-12 16:00:48,	,225501370546	,【24年新品】600G升级版6年长效,1600502140541	,厨房电器,净水器/净水设备及配件耗材,净水器,	,6923185653684	,6923185616399	,	,	,无售后或售后取消,,2025-11-12 08:54:04,	,,,,,,,否,否,	,否,	,,559.0	,0.0	,10.0	,0.0	,0.0	,0.0	,0.0	,0.0	,549.0	,549.0	,JDV024020100173,京东大件物流,广东省,佛山市,三水区,,,否,否,	,	,	,否,	,	,	,	,	,	,	,	,	,	,	,	,否,否,	,否,否,,	,否,	,否,,,否
【母婴直饮】云米净水器 SE 600G+ 新升级厨下式RO反渗透直饮家用,251112-387616642682920,已取消,1	,正常,	,	,,	,	,819506595979	,【24年新品】600G升级版6年长效,1787046011387	,厨房电器,净水器/净水设备及配件耗材,净水器,	,6923185653684	,6923185616399	,	,	,无售后或售后取消,,	,	,,,,,,,否,否,	,否,	,,748.0	,0.0	,157.6	,0.0	,0.0	,0.0	,0.0	,0.0	,590.4	,590.4	,	,	,****,****,****,****,,否,否,	,	,	,否,	,	,	,	,	,	,	,	,	,	,	,	,否,否,	,否,	,,	,否,	,否,,,否
云米净水器滤芯小蓝调小海豚600G+专用复合滤芯RO反渗透滤芯过滤,251112-296631672460788,已发货，待收货,2	,正常,2025-11-12 08:51:00,2025-11-13 08:51:00,,2025-11-12 19:23:54,	,296967601341	,5in1复合滤芯 2年长效,1600193054565	,厨房电器,净水器/净水设备及配件耗材,净水器配件耗材,	,6923185627425	,	,待返394.02,	,无售后或售后取消,,2025-11-12 08:51:00,	,,,,,,,否,否,	,否,	,,598.0	,0.0	,5.98	,55.0	,15.0	,0.0	,0.0	,0.0	,537.02	,592.02	,JDV024020103027,京东大件物流,山西省,长治市,沁县,,,否,否,	,	,	,否,	,	,	,	,	,	,	,	,	,	,	,	,否,否,	,否,否,,	,否,	,否,,,否
云米小厨宝6L电热水器厨房卫生间出水恒温储水式小型速热神器加热,251112-471062331833279,已发货，待收货,1	,正常,2025-11-12 08:51:37,2025-11-13 08:51:37,,2025-11-12 16:00:48,	,208073193570	,热水即刻有-【6L】,1801828025682	,大家电,热水器,厨宝,	,6923185611233	,6923185611233	,	,	,无售后或售后取消,,2025-11-12 08:51:37,	,,,,,,,否,否,	,否,	,,267.0	,0.0	,14.0	,12.65	,0.0	,0.0	,0.0	,0.0	,240.35	,253.0	,JDV024020746676,京东大件物流,江苏省,南通市,如东县,,,否,否,	,	,	,否,	,	,	,	,	,	,	,	,	,	,	,	,否,否,	,否,否,,	,否,	,否,,,否
云米顶侧大吸力蓝调油烟机家用厨房节能自清洁一级能效可挥手智控,251112-633644071322118,已发货，待收货,5	,正常,2025-11-12 08:49:52,2025-11-13 08:49:52,,2025-11-12 16:00:48,	,657344402006	,云米智清洁挥手智控单烟机,1723825075586	,大家电,厨房大电,油烟机,	,6923185650973	,6923185650973	,"奇门回传单号:JDV024021513441,JDV024021540163,JDV024021633709,JDV024021553095",	,无售后或售后取消,,2025-11-12 08:49:52,	,,,,,,,否,否,	,否,	,,4190.0	,0.0	,210.0	,100.0	,10.0	,0.0	,0.0	,0.0	,3880.0	,3980.0	,JDV024021553095,京东大件物流,甘肃省,酒泉市,肃州区,,,否,否,	,	,	,否,	,	,	,	,	,	,	,	,	,	,	,	,否,否,	,否,否,,	,否,	,否,,,否
【重磅新品】云米净水器600G小海豚升级版厨下式RO反渗透直饮家用,251112-151760442940339,未发货，退款成功,1	,正常,2025-11-12 08:49:49,2025-11-13 08:49:50,,	,	,225501370546	,【24年新品】600G升级版6年长效,1600502140541	,厨房电器,净水器/净水设备及配件耗材,净水器,	,6923185653684	,6923185616399	,拦截	ZX2511120067549,	,退款成功,,2025-11-12 08:49:50,	,,,,,,,否,否,	,否,	,,559.0	,0.0	,10.0	,0.0	,2.74	,0.0	,0.0	,0.0	,549.0	,549.0	,	,	,广东省,深圳市,罗湖区,,,否,否,	,	,	,否,	,	,	,	,	,	,	,	,	,	,	,	,否,否,	,否,否,,	,否,	,否,,,否
云米净水器滤芯小蓝调小海豚600G+专用复合滤芯RO反渗透滤芯过滤,251112-380549261621793,已发货，待收货,2	,正常,2025-11-12 08:48:30,2025-11-13 08:48:30,,2025-11-12 10:55:22,	,296967601341	,5in1复合滤芯 2年长效,1600193054565	,厨房电器,净水器/净水设备及配件耗材,净水器配件耗材,	,6923185627425	,	,	,	,无售后或售后取消,,2025-11-12 08:48:30,	,,,,,,,否,否,	,否,	,,598.0	,0.0	,5.98	,0.0	,0.0	,0.0	,0.0	,0.0	,592.02	,592.02	,JDV024017358527,京东配送,北京市,北京市,朝阳区,,,否,否,	,	,	,否,	,	,	,	,	,	,	,	,	,	,	,	,否,否,	,否,否,,	,否,	,否,,,否
【母婴直饮】云米净水器 SE 600G+ 新升级厨下式RO反渗透直饮家用,251112-471062320701823,未发货，退款成功,1	,正常,2025-11-12 08:41:33,2025-11-13 08:41:33,,	,	,819506595979	,【24年新品】600G升级版6年长效,1787046011387	,厨房电器,净水器/净水设备及配件耗材,净水器,	,6923185653684	,6923185616399	,聚水潭已取消发货，仅退款  诚11.12,	,退款成功,,2025-11-12 08:41:33,	,,,,,,,否,否,	,否,	,,748.0	,0.0	,138.41	,95.94	,0.0	,0.0	,0.0	,0.0	,513.65	,609.59	,	,	,浙江省,杭州市,萧山区,,,否,否,	,	,	,否,	,	,	,	,	,	,	,	,	,	,	,	,否,否,	,否,否,,	,否,	,否,,,否
【重磅新品】云米净水器600G小海豚升级版厨下式RO反渗透直饮家用,251112-228222636420100,已发货，待收货,1	,正常,2025-11-12 08:39:18,2025-11-13 08:39:19,,2025-11-12 16:00:48,	,225501370546	,【24年新品】600G升级版6年长效,1600502140541	,厨房电器,净水器/净水设备及配件耗材,净水器,	,6923185653684	,6923185616399	,	,	,无售后或售后取消,,2025-11-12 08:39:19,	,,,,,,,否,否,	,否,	,,559.0	,0.0	,10.0	,100.0	,0.0	,0.0	,0.0	,0.0	,449.0	,549.0	,JDV024020106769,京东大件物流,黑龙江省,佳木斯市,向阳区,,,否,否,	,	,	,否,	,	,	,	,	,	,	,	,	,	,	,	,否,否,	,否,否,,	,否,	,否,,,否
【重磅新品】云米净水器600G小海豚升级版厨下式RO反渗透直饮家用,251112-302954627460100,已取消,1	,正常,	,	,,	,	,225501370546	,【24年新品】600G升级版6年长效,1600502140541	,厨房电器,净水器/净水设备及配件耗材,净水器,	,6923185653684	,6923185616399	,	,	,无售后或售后取消,,	,	,,,,,,,否,否,	,否,	,,559.0	,0.0	,10.0	,100.0	,0.0	,0.0	,0.0	,0.0	,449.0	,549.0	,	,	,****,****,****,****,,否,否,	,	,	,否,	,	,	,	,	,	,	,	,	,	,	,	,否,否,	,否,	,,	,否,	,否,,,否
【冷热直饮套装】云米净水器家用厨下管线机套装一键即热制冷直饮,251112-677013154230190,已发货，待收货,1	,正常,2025-11-12 08:27:09,2025-11-13 08:27:09,,2025-11-12 13:00:30,	,480070620581	,【冷热净水直饮套装】新品净水器+冷热管线机,1620106386127	,厨房电器,净水器/净水设备及配件耗材,净水器,	,S2407170910001,	,后返到手价1349 送崔大煌汤锅,	,无售后或售后取消,,2025-11-12 08:27:09,	,,,,,,,否,否,	,否,	,,1434.0	,0.0	,0.0	,0.0	,0.0	,0.0	,0.0	,0.0	,1434.0	,1434.0	,JDV024017353344,京东大件物流,黑龙江省,哈尔滨市,依兰县,,,否,否,	,	,	,否,	,	,	,	,	,	,	,	,	,	,	,	,否,否,	,否,否,,	,否,	,否,,,否
【重磅新品】云米净水器600G小海豚升级版厨下式RO反渗透直饮家用,251112-610040594752909,已发货，待收货,1	,正常,2025-11-12 08:24:56,2025-11-13 08:24:57,,2025-11-12 16:00:49,	,225501370546	,【24年新品】600G升级版6年长效,1600502140541	,厨房电器,净水器/净水设备及配件耗材,净水器,	,6923185653684	,6923185616399	,	,	,无售后或售后取消,,2025-11-12 08:24:57,	,,,,,,,否,否,	,否,	,,559.0	,0.0	,10.0	,1.33	,1.09	,0.0	,0.0	,0.0	,547.67	,549.0	,JDV024020103053,京东大件物流,河北省,石家庄市,桥西区,,,否,否,	,	,	,否,	,	,	,	,	,	,	,	,	,	,	,	,否,否,	,否,否,,	,否,	,否,,,否
【重磅新品】云米净水器600G小海豚升级版厨下式RO反渗透直饮家用,251112-198013109792373,已发货，待收货,1	,正常,2025-11-12 08:22:35,2025-11-13 08:22:36,,2025-11-12 16:00:49,	,225501370546	,【24年新品】600G升级版6年长效,1600502140541	,厨房电器,净水器/净水设备及配件耗材,净水器,	,6923185653684	,6923185616399	,	,	,无售后或售后取消,,2025-11-12 08:22:36,	,,,,,,,否,否,	,否,	,,559.0	,0.0	,10.0	,0.0	,6.0	,0.0	,0.0	,0.0	,549.0	,549.0	,JDV024020120118,京东大件物流,河北省,石家庄市,长安区,,,否,否,	,	,	,否,	,	,	,	,	,	,	,	,	,	,	,	,否,否,	,否,否,,	,否,	,否,,,否
VIOMI云米净水器600G小蓝调厨下式RO反渗透直饮家用6年长效,251112-648753999422620,已取消,1	,正常,	,	,,	,	,850883552953	,RO反渗透除去重金属,1811278299045	,厨房电器,净水器/净水设备及配件耗材,净水器,	,6923185653592	,6923185653592	,	,	,无售后或售后取消,,	,	,,,,,,,否,否,	,否,	,,699.0	,0.0	,0.0	,0.0	,0.0	,0.0	,0.0	,0.0	,699.0	,699.0	,	,	,****,****,****,****,,否,否,	,	,	,否,	,	,	,	,	,	,	,	,	,	,	,	,否,否,	,否,	,,	,否,	,否,,,否
云米小厨宝6L即热式厨房台下洗碗热水宝上出水储水式小型电热水器,251112-442373271140554,已发货，待收货,1	,正常,2025-11-12 08:05:47,2025-11-13 08:05:48,,2025-11-12 13:56:02,	,205451808289	,"热水即刻有6L,小厨宝",1752480784258	,大家电,热水器,电热水器,	,6923185611233	,6923185611233	,	,	,无售后或售后取消,,2025-11-12 08:05:48,	,,,,,,,否,否,	,否,	,,289.0	,0.0	,0.0	,14.45	,0.0	,0.0	,0.0	,0.0	,274.55	,289.0	,JDV024018364745,京东大件物流,江苏省,常州市,溧阳市,,,否,否,	,	,	,否,	,	,	,	,	,	,	,	,	,	,	,	,否,否,	,否,否,,	,否,	,否,,,否
【重磅新品】云米净水器600G小海豚升级版厨下式RO反渗透直饮家用,251112-078108454492562,已取消,1	,正常,	,	,,	,	,225501370546	,【24年新品】600G升级版6年长效,1600502140541	,厨房电器,净水器/净水设备及配件耗材,净水器,	,6923185653684	,6923185616399	,	,	,无售后或售后取消,,	,	,,,,,,,否,否,	,否,	,,559.0	,0.0	,10.0	,0.0	,0.0	,0.0	,0.0	,0.0	,549.0	,549.0	,	,	,****,****,****,****,,否,否,	,	,	,否,	,	,	,	,	,	,	,	,	,	,	,	,否,否,	,否,	,,	,否,	,否,,,否
云米智能AI门锁3D指纹密码蓝牙可连大容量续航家用公寓自动安全,251112-292468835890139,已发货，待收货,1	,正常,2025-11-12 07:52:16,2025-11-13 07:52:16,,2025-11-12 16:00:49,	,743885774552	,"云米蓝调指纹密码锁LBT11C,黑色",1734954999916	,基础建材,智能门锁/电子锁,智能门锁/电子锁,	,6923185655381	,6923185655381	,	,	,无售后或售后取消,,2025-11-12 07:52:16,	,,,,,,,否,否,	,否,	,,661.0	,0.0	,76.0	,24.0	,0.0	,0.0	,0.0	,0.0	,561.0	,585.0	,JDV024018116634,京东大件物流,安徽省,池州市,贵池区,,,否,否,	,	,	,否,	,	,	,	,	,	,	,	,	,	,	,	,否,否,	,否,否,,	,否,	,否,,,否
【重磅新品】云米净水器600G小海豚升级版厨下式RO反渗透直饮家用,251112-646552031640887,已发货，待收货,1	,正常,2025-11-12 07:51:16,2025-11-13 07:51:17,,2025-11-12 16:00:48,	,225501370546	,【24年新品】600G升级版6年长效,1600502140541	,厨房电器,净水器/净水设备及配件耗材,净水器,	,6923185653684	,6923185616399	,	,	,无售后或售后取消,,2025-11-12 07:51:17,	,,,,,,,否,否,	,否,	,,559.0	,0.0	,0.0	,5.0	,5.0	,0.0	,0.0	,0.0	,554.0	,559.0	,JDV024019409563,京东大件物流,上海市,上海市,徐汇区,,,否,否,	,	,	,否,	,	,	,	,	,	,	,	,	,	,	,	,否,否,	,否,否,,	,否,	,否,,,否
VIOMI云米净水器1000G厨下直饮小体积净水机RO机智显龙头3秒满杯,251112-512082593362723,已发货，待收货,1	,正常,2025-11-12 07:44:49,2025-11-13 07:44:50,,2025-11-12 13:00:29,	,842195971715	,1000G大通量RO净水器,1803617356458	,厨房电器,净水器/净水设备及配件耗材,净水器,	,6923185654247	,	,	,	,无售后或售后取消,,2025-11-12 07:44:50,	,,,,,,,否,否,	,否,	,,823.0	,0.0	,24.0	,0.0	,0.0	,0.0	,0.0	,0.0	,799.0	,799.0	,JDV024017383736,京东大件物流,河南省,周口市,沈丘县,,,否,否,	,	,	,否,	,	,	,	,	,	,	,	,	,	,	,	,否,否,	,否,否,,	,否,	,否,,,否
【重磅新品】云米净水器600G小海豚升级版厨下式RO反渗透直饮家用,251112-682602022401120,已取消,1	,正常,	,	,,	,	,225501370546	,【24年新品】600G升级版6年长效,1600502140541	,厨房电器,净水器/净水设备及配件耗材,净水器,	,6923185653684	,6923185616399	,	,	,无售后或售后取消,,	,	,,,,,,,否,否,	,否,	,,559.0	,0.0	,10.0	,0.0	,0.0	,0.0	,0.0	,0.0	,549.0	,549.0	,	,	,****,****,****,****,,否,否,	,	,	,否,	,	,	,	,	,	,	,	,	,	,	,	,否,否,	,否,	,,	,否,	,否,,,否
VIOMI云米净水器1000G厨下直饮小体积净水机RO机智显龙头3秒满杯,251112-480038100562723,已取消,1	,正常,	,	,,	,	,842195971715	,1000G大通量RO净水器,1803617356458	,厨房电器,净水器/净水设备及配件耗材,净水器,	,6923185654247	,	,	,	,无售后或售后取消,,	,	,,,,,,,否,否,	,否,	,,823.0	,0.0	,0.0	,0.0	,0.0	,0.0	,0.0	,0.0	,823.0	,823.0	,	,	,****,****,****,****,,否,否,	,	,	,否,	,	,	,	,	,	,	,	,	,	,	,	,否,否,	,否,	,,	,否,	,否,,,否
VIOMI云米净水器1000G厨下直饮小体积净水机RO机智显龙头3秒满杯,251112-609044426322723,已取消,1	,正常,	,	,,	,	,842195971715	,1000G大通量RO净水器,1803617356458	,厨房电器,净水器/净水设备及配件耗材,净水器,	,6923185654247	,	,	,	,无售后或售后取消,,	,	,,,,,,,否,否,	,否,	,,823.0	,0.0	,24.0	,0.0	,0.0	,0.0	,0.0	,0.0	,799.0	,799.0	,	,	,****,****,****,****,,否,否,	,	,	,否,	,	,	,	,	,	,	,	,	,	,	,	,否,否,	,否,	,,	,否,	,否,,,否
VIOMI云米净水器600G小蓝调厨下式RO反渗透直饮家用6年长效,251112-541379838263809,已取消,1	,正常,	,	,,	,	,850883552953	,RO反渗透除去重金属,1811278299045	,厨房电器,净水器/净水设备及配件耗材,净水器,	,6923185653592	,6923185653592	,	,	,无售后或售后取消,,	,	,,,,,,,否,否,	,否,	,,699.0	,0.0	,0.0	,41.94	,0.0	,0.0	,0.0	,0.0	,657.06	,699.0	,	,	,****,****,****,****,,否,否,	,	,	,否,	,	,	,	,	,	,	,	,	,	,	,	,否,否,	,否,	,,	,否,	,否,,,否
【重磅新品】云米净水器600G小海豚升级版厨下式RO反渗透直饮家用,251112-072571952722304,已发货，待收货,1	,正常,2025-11-12 07:41:17,2025-11-13 07:41:17,,2025-11-12 13:00:29,	,225501370546	,【24年新品】600G升级版6年长效,1600502140541	,厨房电器,净水器/净水设备及配件耗材,净水器,	,6923185653684	,6923185616399	,	,	,无售后或售后取消,,2025-11-12 07:41:17,	,,,,,,,否,否,	,否,	,,559.0	,0.0	,10.0	,0.0	,0.2	,0.0	,0.0	,0.0	,549.0	,549.0	,JDV024017298864,京东大件物流,广东省,惠州市,惠城区,,,否,否,	,	,	,否,	,	,	,	,	,	,	,	,	,	,	,	,否,否,	,否,否,,	,否,	,否,,,否
【母婴直饮】云米净水器 SE 600G+ 新升级厨下式RO反渗透直饮家用,251112-000734062903809,已取消,1	,正常,	,	,,	,	,819506595979	,【24年新品】600G升级版6年长效,1787046011387	,厨房电器,净水器/净水设备及配件耗材,净水器,	,6923185653684	,6923185616399	,	,	,无售后或售后取消,,	,	,,,,,,,否,否,	,否,	,,748.0	,0.0	,148.74	,44.28	,0.0	,0.0	,0.0	,0.0	,554.98	,599.26	,	,	,****,****,****,****,,否,否,	,	,	,否,	,	,	,	,	,	,	,	,	,	,	,	,否,否,	,否,	,,	,否,	,否,,,否
【重磅新品】云米净水器600G小海豚升级版厨下式RO反渗透直饮家用,251112-252717351312095,已发货，待收货,1	,正常,2025-11-12 07:41:18,2025-11-13 07:41:19,,2025-11-12 11:27:37,	,225501370546	,【24年新品】600G升级版6年长效,1600502140541	,厨房电器,净水器/净水设备及配件耗材,净水器,	,6923185653684	,6923185616399	,	,	,无售后或售后取消,,2025-11-12 07:41:19,	,,,,,,,否,否,	,否,	,,559.0	,0.0	,10.0	,0.0	,0.0	,0.0	,0.0	,0.0	,549.0	,549.0	,JDV024017387533,京东大件物流,吉林省,辽源市,龙山区,,,否,否,	,	,	,否,	,	,	,	,	,	,	,	,	,	,	,	,否,否,	,否,否,,	,否,	,否,,,否
云米无线手持吸尘器家用立式除螨大吸力吸尘机A9长续航宠物家庭,251112-601096220240657,已发货，待收货,1	,正常,2025-11-12 07:26:37,2025-11-13 07:26:37,,2025-11-12 19:23:54,	,823432069145	,云米吸尘器【长续航】,1789783831646	,生活电器,吸尘器,吸尘器,	,6923185611844	,6923185611844	,17801202339	,	,无售后或售后取消,,2025-11-12 07:26:37,	,,,,,,,否,否,	,否,中国香港集运/转运,,602.0	,0.0	,36.0	,24.0	,0.0	,0.0	,0.0	,0.0	,542.0	,566.0	,JDV024028841698,京东大件物流,广东省,珠海市,斗门区,,,否,否,	,	,	,否,	,	,	,	,	,	,	,	,	,	,	,	,否,否,	,否,否,,	,否,	,否,,,否
云米顶侧大吸力蓝调油烟机家用厨房节能自清洁一级能效可挥手智控,251112-312328885803033,已发货，待收货,1	,正常,2025-11-12 07:22:07,2025-11-13 07:22:07,,2025-11-12 11:12:25,	,657344402006	,云米智清洁挥手智控单烟机,1723825075586	,大家电,厨房大电,油烟机,	,6923185650973	,6923185650973	,	,	,无售后或售后取消,,2025-11-12 07:22:07,	,,,,,,,否,否,	,否,	,,838.0	,0.0	,42.0	,71.0	,0.0	,0.0	,0.0	,0.0	,725.0	,796.0	,JDV024017371783,京东大件物流,山东省,枣庄市,薛城区,,,否,否,	,	,	,否,	,	,	,	,	,	,	,	,	,	,	,	,否,否,	,否,否,,	,否,	,否,,,否
云米顶侧大吸力蓝调油烟机家用厨房节能自清洁一级能效可挥手智控,251112-004739581483033,未发货，退款成功,1	,正常,2025-11-12 07:18:39,2025-11-13 07:18:39,,	,	,657344402006	,云米智清洁挥手智控单烟机,1723825075586	,大家电,厨房大电,油烟机,	,6923185650973	,6923185650973	,聚水潭已取消发货，仅退款  诚11.12,	,退款成功,,2025-11-12 07:18:39,	,,,,,,,否,否,	,否,	,,838.0	,0.0	,42.0	,63.68	,0.0	,0.0	,0.0	,0.0	,732.32	,796.0	,	,	,山东省,枣庄市,薛城区,,,否,否,	,	,	,否,	,	,	,	,	,	,	,	,	,	,	,	,否,否,	,否,是,3	,消费者,否,	,否,,花呗分期,否
【重磅新品】云米净水器600G小海豚升级版厨下式RO反渗透直饮家用,251112-650389778042670,已取消,1	,正常,	,	,,	,	,225501370546	,【24年新品】600G升级版6年长效,1600502140541	,厨房电器,净水器/净水设备及配件耗材,净水器,	,6923185653684	,6923185616399	,	,	,无售后或售后取消,,	,	,,,,,,,否,否,	,否,	,,559.0	,0.0	,0.0	,55.9	,0.0	,0.0	,0.0	,0.0	,503.1	,559.0	,	,	,****,****,****,****,,否,否,	,	,	,否,	,	,	,	,	,	,	,	,	,	,	,	,否,否,	,否,	,,	,否,	,否,,,否
【重磅新品】云米净水器600G小海豚升级版厨下式RO反渗透直饮家用,251112-300448530803584,已取消,1	,正常,	,	,,	,	,225501370546	,【24年新品】600G升级版6年长效,1600502140541	,厨房电器,净水器/净水设备及配件耗材,净水器,	,6923185653684	,6923185616399	,	,	,无售后或售后取消,,	,	,,,,,,,否,否,	,否,	,,559.0	,0.0	,0.0	,55.9	,0.0	,0.0	,0.0	,0.0	,503.1	,559.0	,	,	,****,****,****,****,,否,否,	,	,	,否,	,	,	,	,	,	,	,	,	,	,	,	,否,否,	,否,	,,	,否,	,否,,,否
【重磅新品】云米净水器600G小海豚升级版厨下式RO反渗透直饮家用,251112-510079823482670,未发货，退款成功,1	,正常,2025-11-12 07:14:34,2025-11-13 07:14:34,,	,	,225501370546	,【24年新品】600G升级版6年长效,1600502140541	,厨房电器,净水器/净水设备及配件耗材,净水器,	,6923185653684	,6923185616399	,聚水潭已取消发货，仅退款  诚11.12,	,退款成功,,2025-11-12 07:14:34,	,,,,,,,否,否,	,否,	,,559.0	,0.0	,0.0	,55.9	,0.0	,0.0	,0.0	,0.0	,503.1	,559.0	,	,	,广东省,惠州市,惠城区,,,否,否,	,	,	,否,	,	,	,	,	,	,	,	,	,	,	,	,否,否,	,否,否,,	,否,	,否,,,否
【重磅新品】云米净水器600G小海豚升级版厨下式RO反渗透直饮家用,251112-323401817722670,已取消,1	,正常,	,	,,	,	,225501370546	,【24年新品】600G升级版6年长效,1600502140541	,厨房电器,净水器/净水设备及配件耗材,净水器,	,6923185653684	,6923185616399	,	,	,无售后或售后取消,,	,	,,,,,,,否,否,	,否,	,,559.0	,0.0	,0.0	,55.9	,0.0	,0.0	,0.0	,0.0	,503.1	,559.0	,	,	,****,****,****,****,,否,否,	,	,	,否,	,	,	,	,	,	,	,	,	,	,	,	,否,否,	,否,	,,	,否,	,否,,,否
【母婴直饮】云米净水器 SE 600G+ 新升级厨下式RO反渗透直饮家用,251112-566094805433846,已取消,1	,正常,	,	,,	,	,819506595979	,【24年新品】600G升级版6年长效,1787046011387	,厨房电器,净水器/净水设备及配件耗材,净水器,	,6923185653684	,6923185616399	,	,	,无售后或售后取消,,	,	,,,,,,,否,否,	,否,	,,748.0	,0.0	,137.6	,100.0	,0.0	,0.0	,0.0	,0.0	,510.4	,610.4	,	,	,****,****,****,****,,否,否,	,	,	,否,	,	,	,	,	,	,	,	,	,	,	,	,否,否,	,否,	,,	,否,	,否,,,否
【重磅新品】云米净水器600G小海豚升级版厨下式RO反渗透直饮家用,251112-565937488293961,已发货，退款成功,1	,正常,2025-11-12 06:50:21,2025-11-13 06:50:21,,2025-11-12 11:27:37,	,225501370546	,【24年新品】600G升级版6年长效,1600502140541	,厨房电器,净水器/净水设备及配件耗材,净水器,	,6923185653684	,6923185616399	,拦截ZX2511120067403,	,退款成功,,2025-11-12 06:50:21,	,,,,,,,否,否,	,否,	,,559.0	,0.0	,10.0	,3.0	,0.0	,0.0	,0.0	,0.0	,546.0	,549.0	,JDV024017405831,京东大件物流,安徽省,宣城市,宁国市,,,否,否,	,	,	,否,	,	,	,	,	,	,	,	,	,	,	,	,否,否,	,否,否,,	,否,	,否,,,否
【重磅新品】云米净水器600G小海豚升级版厨下式RO反渗透直饮家用,251112-171295455664091,已取消,1	,正常,	,	,,	,	,225501370546	,【24年新品】600G升级版6年长效,1600502140541	,厨房电器,净水器/净水设备及配件耗材,净水器,	,6923185653684	,6923185616399	,	,	,无售后或售后取消,,	,	,,,,,,,否,否,	,否,	,,559.0	,0.0	,10.0	,0.0	,0.0	,0.0	,0.0	,0.0	,549.0	,549.0	,	,	,****,****,****,****,,否,否,	,	,	,否,	,	,	,	,	,	,	,	,	,	,	,	,否,否,	,否,	,,	,否,	,否,,,否
VIOMI云米净水器1000G厨下直饮小体积净水机RO机智显龙头3秒满杯,251112-576507144613961,已发货，待收货,1	,正常,2025-11-12 06:46:55,2025-11-13 06:46:55,,2025-11-12 13:00:29,	,842195971715	,1000G大通量RO净水器,1803617356458	,厨房电器,净水器/净水设备及配件耗材,净水器,	,6923185654247	,	,	,	,无售后或售后取消,,2025-11-12 06:46:55,	,,,,,,,否,否,	,否,	,,823.0	,0.0	,24.0	,3.17	,1.59	,0.0	,0.0	,0.0	,795.83	,799.0	,JDV024017333346,京东大件物流,安徽省,宣城市,宁国市,,,否,否,	,	,	,否,	,	,	,	,	,	,	,	,	,	,	,	,否,否,	,否,否,,	,否,	,否,,,否
云米顶侧大吸力蓝调油烟机家用厨房节能自清洁一级能效可挥手智控,251112-418560110140108,已发货，待收货,1	,正常,2025-11-12 06:44:05,2025-11-13 06:44:05,,2025-11-12 16:00:49,	,657344402006	,云米智清洁挥手智控单烟机,1723825075586	,大家电,厨房大电,油烟机,	,6923185650973	,6923185650973	,	,	,无售后或售后取消,,2025-11-12 06:44:05,	,,,,,,,否,否,	,否,	,,838.0	,0.0	,42.0	,63.68	,0.0	,0.0	,0.0	,0.0	,732.32	,796.0	,JDV024017748890,京东大件物流,湖北省,咸宁市,咸安区,,,否,否,	,	,	,否,	,	,	,	,	,	,	,	,	,	,	,	,否,否,	,否,否,,	,否,	,否,,,否
【重磅新品】云米净水器600G小海豚升级版厨下式RO反渗透直饮家用,251112-041670490540046,已取消,1	,正常,	,	,,	,	,225501370546	,【24年新品】600G升级版6年长效,1600502140541	,厨房电器,净水器/净水设备及配件耗材,净水器,	,6923185653684	,6923185616399	,	,	,无售后或售后取消,,	,	,,,,,,,否,否,	,否,	,,559.0	,0.0	,10.0	,0.0	,0.0	,0.0	,0.0	,0.0	,549.0	,549.0	,	,	,****,****,****,****,,否,否,	,	,	,否,	,	,	,	,	,	,	,	,	,	,	,	,否,否,	,否,	,,	,否,	,否,,,否
【重磅新品】云米净水器600G小海豚升级版厨下式RO反渗透直饮家用,251112-390720407183283,已发货，待收货,1	,正常,2025-11-12 06:29:02,2025-11-13 06:29:03,,2025-11-12 11:27:37,	,225501370546	,【24年新品】600G升级版6年长效,1600502140541	,厨房电器,净水器/净水设备及配件耗材,净水器,	,6923185653684	,6923185616399	,	,	,无售后或售后取消,,2025-11-12 06:29:03,	,,,,,,,否,否,	,否,	,,559.0	,0.0	,10.0	,0.0	,0.0	,0.0	,0.0	,0.0	,549.0	,549.0	,JDV024017405724,京东大件物流,山西省,太原市,小店区,,,否,否,	,	,	,否,	,	,	,	,	,	,	,	,	,	,	,	,否,否,	,否,否,,	,否,	,否,,,否
【重磅新品】云米净水器600G小海豚升级版厨下式RO反渗透直饮家用,251112-190977185420042,已取消,1	,正常,	,	,,	,	,225501370546	,【24年新品】600G升级版6年长效,1600502140541	,厨房电器,净水器/净水设备及配件耗材,净水器,	,6923185653684	,6923185616399	,	,	,无售后或售后取消,,	,	,,,,,,,否,否,	,否,	,,559.0	,0.0	,10.0	,0.0	,0.0	,0.0	,0.0	,0.0	,549.0	,549.0	,	,	,****,****,****,****,,否,否,	,	,	,否,	,	,	,	,	,	,	,	,	,	,	,	,否,否,	,否,	,,	,否,	,否,,,否
【重磅新品】云米净水器600G小海豚升级版厨下式RO反渗透直饮家用,251112-126342940263868,已取消,1	,正常,	,	,,	,	,225501370546	,【24年新品】600G升级版6年长效,1600502140541	,厨房电器,净水器/净水设备及配件耗材,净水器,	,6923185653684	,6923185616399	,	,	,无售后或售后取消,,	,	,,,,,,,否,否,	,否,	,,559.0	,0.0	,10.0	,0.0	,0.0	,0.0	,0.0	,0.0	,549.0	,549.0	,	,	,****,****,****,****,,否,否,	,	,	,否,	,	,	,	,	,	,	,	,	,	,	,	,否,否,	,否,	,,	,否,	,否,,,否
VIOMI云米净水器大通量小海豚800G反渗透RO厨下式家用长效滤芯,251112-606580314492988,已发货，待收货,1	,正常,2025-11-12 06:11:43,2025-11-13 06:11:43,,2025-11-12 13:00:30,	,837957770723	,800G大通量纯水机,1809123722986	,厨房电器,净水器/净水设备及配件耗材,净水器配件耗材,	,6923185653974	,	,	,	,无售后或售后取消,,2025-11-12 06:11:43,	,,,,,,,否,否,	,否,	,,882.9	,0.0	,177.0	,100.0	,1.21	,0.0	,0.0	,0.0	,605.9	,705.9	,JDV024017298309,京东大件物流,浙江省,温州市,鹿城区,,,否,否,	,	,	,否,	,	,	,	,	,	,	,	,	,	,	,	,否,否,	,否,否,,	,否,	,否,,,否
【母婴直饮】云米净水器 SE 600G+ 新升级厨下式RO反渗透直饮家用,251112-494865006972988,未发货，退款成功,1	,正常,2025-11-12 06:10:36,2025-11-13 06:10:36,,	,	,819506595979	,【24年新品】600G升级版6年长效,1787046011387	,厨房电器,净水器/净水设备及配件耗材,净水器,	,6923185653684	,6923185616399	,聚水潭已取消发货，仅退款  诚11.12,	,退款成功,,2025-11-12 06:10:36,	,,,,,,,否,否,	,否,	,,748.0	,0.0	,147.6	,50.0	,0.0	,0.0	,0.0	,0.0	,550.4	,600.4	,	,	,浙江省,温州市,鹿城区,,,否,否,	,	,	,否,	,	,	,	,	,	,	,	,	,	,	,	,否,否,	,否,否,,	,否,	,否,,,否
VIOMI云米净水器大通量小海豚800G反渗透RO厨下式家用长效滤芯,251112-450436800073603,已取消,1	,正常,	,	,,	,	,837957770723	,800G大通量纯水机,1809123722986	,厨房电器,净水器/净水设备及配件耗材,净水器配件耗材,	,6923185653974	,	,	,	,无售后或售后取消,,	,	,,,,,,,否,否,	,否,	,,882.9	,0.0	,177.0	,100.0	,0.0	,0.0	,0.0	,0.0	,605.9	,705.9	,	,	,****,****,****,****,,否,否,	,	,	,否,	,	,	,	,	,	,	,	,	,	,	,	,否,否,	,否,	,,	,否,	,否,,,否
【重磅新品】云米净水器600G小海豚升级版厨下式RO反渗透直饮家用,251112-249340967231110,未发货，退款成功,1	,正常,2025-11-12 05:39:19,2025-11-13 05:39:19,,	,	,225501370546	,【24年新品】600G升级版6年长效,1600502140541	,厨房电器,净水器/净水设备及配件耗材,净水器,	,6923185653684	,6923185616399	,聚水潭已取消发货，仅退款  诚11.12,	,退款成功,,2025-11-12 05:39:19,	,,,,,,,否,否,	,否,	,,559.0	,0.0	,10.0	,0.0	,1.09	,0.0	,0.0	,0.0	,549.0	,549.0	,	,	,山东省,济南市,市中区,,,否,否,	,	,	,否,	,	,	,	,	,	,	,	,	,	,	,	,否,否,	,否,否,,	,否,	,否,,,否
云米AI燃气热水器智控恒温防冻节能安全水质净化精准控温13L强排,251112-220337313362185,已发货，待收货,1	,正常,2025-11-12 05:25:07,2025-11-13 05:25:08,,2025-11-12 11:15:20,	,773161065181	,智控恒温燃气热水器,1755671371526	,大家电,热水器,燃气热水器,	,6923185655688	,6923185655688	,	,	,无售后或售后取消,,2025-11-12 05:25:08,	,,,,,,,否,否,	,否,	,,588.0	,0.0	,0.0	,48.0	,0.0	,0.0	,0.0	,0.0	,540.0	,588.0	,JDV024017341959,京东大件物流,辽宁省,沈阳市,皇姑区,,,否,否,	,	,	,否,	,	,	,	,	,	,	,	,	,	,	,	,否,否,	,否,否,,	,否,	,否,,,否
【重磅新品】云米净水器600G小海豚升级版厨下式RO反渗透直饮家用,251112-540247365193603,已取消,1	,正常,	,	,,	,	,225501370546	,【24年新品】600G升级版6年长效,1600502140541	,厨房电器,净水器/净水设备及配件耗材,净水器,	,6923185653684	,6923185616399	,	,	,无售后或售后取消,,	,	,,,,,,,否,否,	,否,	,,559.0	,0.0	,10.0	,0.0	,0.0	,0.0	,0.0	,0.0	,549.0	,549.0	,	,	,****,****,****,****,,否,否,	,	,	,否,	,	,	,	,	,	,	,	,	,	,	,	,否,否,	,否,	,,	,否,	,否,,,否
云米60升AI速热高温抑菌电热水器3000W一级节能变频增容家用租房,251112-029622310442955,已取消,1	,正常,	,	,,	,	,226368376224	,3000W速热安全60L热水器,1737176648260	,大家电,热水器,电热水器,	,6923185602224	,6923185602224	,	,	,无售后或售后取消,,	,	,,,,,,,否,否,	,否,	,,610.0	,0.0	,0.0	,48.8	,0.0	,0.0	,0.0	,0.0	,561.2	,610.0	,	,	,****,****,****,****,,否,否,	,	,	,否,	,	,	,	,	,	,	,	,	,	,	,	,否,否,	,否,	,,	,否,	,否,,,否
【重磅新品】云米净水器600G小海豚升级版厨下式RO反渗透直饮家用,251112-110750656913854,已取消,1	,正常,	,	,,	,	,225501370546	,【24年新品】600G升级版6年长效,1600502140541	,厨房电器,净水器/净水设备及配件耗材,净水器,	,6923185653684	,6923185616399	,	,	,无售后或售后取消,,	,	,,,,,,,否,否,	,否,	,,559.0	,0.0	,0.0	,19.0	,0.0	,0.0	,0.0	,0.0	,540.0	,559.0	,	,	,****,****,****,****,,否,否,	,	,	,否,	,	,	,	,	,	,	,	,	,	,	,	,否,否,	,否,	,,	,否,	,否,,,否
【重磅新品】云米净水器600G小海豚升级版厨下式RO反渗透直饮家用,251112-303594258730069,已发货，待收货,1	,正常,2025-11-12 04:48:32,2025-11-13 04:48:32,,2025-11-12 11:27:37,	,225501370546	,【24年新品】600G升级版6年长效,1600502140541	,厨房电器,净水器/净水设备及配件耗材,净水器,	,6923185653684	,6923185616399	,	,	,无售后或售后取消,,2025-11-12 04:48:32,	,,,,,,,否,否,	,否,	,,559.0	,0.0	,10.0	,0.0	,0.0	,0.0	,0.0	,0.0	,549.0	,549.0	,JDV024017385490,京东大件物流,江西省,宜春市,袁州区,,,否,否,	,	,	,否,	,	,	,	,	,	,	,	,	,	,	,	,否,否,	,否,否,,	,否,	,否,,,否
【重磅新品】云米净水器600G小海豚升级版厨下式RO反渗透直饮家用,251112-393572585770069,已取消,1	,正常,	,	,,	,	,225501370546	,【24年新品】600G升级版6年长效,1600502140541	,厨房电器,净水器/净水设备及配件耗材,净水器,	,6923185653684	,6923185616399	,	,	,无售后或售后取消,,	,	,,,,,,,否,否,	,否,	,,559.0	,0.0	,10.0	,0.0	,0.0	,0.0	,0.0	,0.0	,549.0	,549.0	,	,	,****,****,****,****,,否,否,	,	,	,否,	,	,	,	,	,	,	,	,	,	,	,	,否,否,	,否,	,,	,否,	,否,,,否
云米即热净水器厨房家用直饮RO反渗透加热净饮一体机1000G,251112-617370109552700,已取消,1	,正常,	,	,,	,	,846360072018	,即热直饮 1000G大通量,1807240839093	,厨房电器,净水器/净水设备及配件耗材,净水器,	,6923185651116	,6923185651116	,	,	,无售后或售后取消,,	,	,,,,,,,否,否,	,否,	,,1498.0	,0.0	,60.0	,40.0	,0.0	,0.0	,0.0	,0.0	,1398.0	,1438.0	,	,	,****,****,****,****,,否,否,	,	,	,否,	,	,	,	,	,	,	,	,	,	,	,	,否,否,	,否,	,,	,否,	,否,,,否
VIOMI云米净水器大通量小海豚800G反渗透RO厨下式家用长效滤芯,251112-586384678512984,未发货，退款成功,1	,正常,2025-11-12 03:57:59,2025-11-13 03:57:59,,	,	,837957770723	,800G大通量纯水机,1809123722986	,厨房电器,净水器/净水设备及配件耗材,净水器配件耗材,	,6923185653974	,	,聚水潭已取消发货，仅退款  诚11.12,	,退款成功,,2025-11-12 03:57:59,	,,,,,,,否,否,	,否,	,,882.9	,0.0	,177.0	,35.0	,0.0	,0.0	,0.0	,0.0	,670.9	,705.9	,	,	,福建省,福州市,福清市,,,否,否,	,	,	,否,	,	,	,	,	,	,	,	,	,	,	,	,否,否,	,否,否,,	,否,	,否,,,否
云米顶侧大吸力蓝调油烟机家用厨房节能自清洁一级能效可挥手智控,251112-138307234172680,已发货，待收货,1	,正常,2025-11-12 03:29:04,2025-11-13 03:29:04,,2025-11-12 11:12:25,	,657344402006	,云米智清洁挥手智控单烟机,1723825075586	,大家电,厨房大电,油烟机,	,6923185650973	,6923185650973	,	,	,无售后或售后取消,,2025-11-12 03:29:04,	,,,,,,,否,否,	,否,	,,838.0	,0.0	,42.0	,63.68	,0.2	,0.0	,0.0	,0.0	,732.32	,796.0	,JDV024017322680,京东大件物流,陕西省,咸阳市,秦都区,,,否,否,	,	,	,否,	,	,	,	,	,	,	,	,	,	,	,	,否,否,	,否,否,,	,否,	,否,,,否
【重磅新品】云米净水器600G小海豚升级版厨下式RO反渗透直饮家用,251112-007759470173203,已发货，待收货,1	,正常,2025-11-12 02:46:08,2025-11-13 02:46:09,,2025-11-12 11:27:38,	,225501370546	,【24年新品】600G升级版6年长效,1600502140541	,厨房电器,净水器/净水设备及配件耗材,净水器,	,6923185653684	,6923185616399	,	,	,无售后或售后取消,,2025-11-12 02:46:09,	,,,,,,,否,否,	,否,	,,559.0	,0.0	,10.0	,0.0	,0.0	,0.0	,0.0	,0.0	,549.0	,549.0	,JDV024017338646,京东大件物流,广东省,汕尾市,城区,,,否,否,	,	,	,否,	,	,	,	,	,	,	,	,	,	,	,	,否,否,	,否,否,,	,否,	,否,,,否
VIOMI云米净水器大通量小海豚800G反渗透RO厨下式家用长效滤芯,251112-165842850113006,已取消,1	,正常,	,	,,	,	,837957770723	,800G大通量纯水机,1809123722986	,厨房电器,净水器/净水设备及配件耗材,净水器配件耗材,	,6923185653974	,	,	,	,无售后或售后取消,,	,	,,,,,,,否,否,	,否,	,,882.9	,0.0	,177.0	,100.0	,0.0	,0.0	,0.0	,0.0	,605.9	,705.9	,	,	,****,****,****,****,,否,否,	,	,	,否,	,	,	,	,	,	,	,	,	,	,	,	,否,否,	,否,	,,	,否,	,否,,,否
【重磅新品】云米净水器600G小海豚升级版厨下式RO反渗透直饮家用,251112-276666795671355,已发货，待收货,1	,正常,2025-11-12 02:18:54,2025-11-13 02:18:55,,2025-11-12 11:27:38,	,225501370546	,【24年新品】600G升级版6年长效,1600502140541	,厨房电器,净水器/净水设备及配件耗材,净水器,	,6923185653684	,6923185616399	,	,	,无售后或售后取消,,2025-11-12 02:18:55,	,,,,,,,否,否,	,否,	,,559.0	,0.0	,10.0	,0.0	,0.0	,0.0	,0.0	,0.0	,549.0	,549.0	,JDV024017341528,京东大件物流,上海市,上海市,浦东新区,,,否,否,	,	,	,否,	,	,	,	,	,	,	,	,	,	,	,	,否,否,	,否,否,,	,否,	,否,,,否
【重磅新品】云米净水器600G小海豚升级版厨下式RO反渗透直饮家用,251112-549600684363657,已发货，待收货,1	,正常,2025-11-12 02:12:36,2025-11-13 02:12:36,,2025-11-12 11:27:38,	,225501370546	,【24年新品】600G升级版6年长效,1600502140541	,厨房电器,净水器/净水设备及配件耗材,净水器,	,6923185653684	,6923185616399	,	,	,无售后或售后取消,,2025-11-12 02:12:36,	,,,,,,,否,否,	,否,	,,559.0	,0.0	,10.0	,50.0	,0.2	,0.0	,0.0	,0.0	,499.0	,549.0	,JDV024017345244,京东大件物流,湖北省,荆州市,监利市,,,否,否,	,	,	,否,	,	,	,	,	,	,	,	,	,	,	,	,否,否,	,否,否,,	,否,	,否,,,否
云米小厨宝6L电热水器厨房卫生间出水恒温储水式小型速热神器加热,251112-034991051070932,未发货，退款成功,1	,正常,2025-11-12 02:11:05,2025-11-13 02:11:05,,	,	,208073193570	,热水即刻有-【6L】,1801828025682	,大家电,热水器,厨宝,	,6923185611233	,6923185611233	,聚水潭已取消发货，仅退款  诚11.12,	,退款成功,,2025-11-12 02:11:05,	,,,,,,,否,否,	,否,	,,267.0	,0.0	,14.0	,50.0	,0.0	,0.0	,0.0	,0.0	,203.0	,253.0	,	,	,湖南省,永州市,东安县,,,否,否,	,	,	,否,	,	,	,	,	,	,	,	,	,	,	,	,否,否,	,否,否,,	,否,	,否,,,否
VIOMI云米净水器大通量小海豚800G反渗透RO厨下式家用长效滤芯,251112-662951770460465,未发货，退款成功,1	,正常,2025-11-12 02:05:38,2025-11-13 02:05:38,,	,	,837957770723	,800G大通量纯水机,1809123722986	,厨房电器,净水器/净水设备及配件耗材,净水器配件耗材,	,6923185653974	,	,聚水潭已取消发货，仅退款  诚11.12,	,退款成功,,2025-11-12 02:05:38,	,,,,,,,否,否,	,否,	,,882.9	,0.0	,177.0	,91.76	,0.0	,0.0	,0.0	,0.0	,614.14	,705.9	,	,	,广西壮族自治区,南宁市,兴宁区,,,否,否,	,	,	,否,	,	,	,	,	,	,	,	,	,	,	,	,否,否,	,否,否,,	,否,	,否,,,否
【重磅新品】云米净水器600G小海豚升级版厨下式RO反渗透直饮家用,251112-406134494820002,已发货，待收货,1	,正常,2025-11-12 01:55:48,2025-11-13 01:55:48,,2025-11-12 11:27:39,	,225501370546	,【24年新品】600G升级版6年长效,1600502140541	,厨房电器,净水器/净水设备及配件耗材,净水器,	,6923185653684	,6923185616399	,	,	,无售后或售后取消,,2025-11-12 01:55:48,	,,,,,,,否,否,	,否,	,,559.0	,0.0	,0.0	,3.0	,2.0	,0.0	,0.0	,0.0	,556.0	,559.0	,JDV024017364763,京东大件物流,四川省,成都市,新都区,,,否,否,	,	,	,否,	,	,	,	,	,	,	,	,	,	,	,	,否,否,	,否,否,,	,否,	,否,,,否
【重磅新品】云米净水器600G小海豚升级版厨下式RO反渗透直饮家用,251112-124507984220017,已发货，待收货,1	,正常,2025-11-12 01:52:43,2025-11-13 01:52:43,,2025-11-12 11:27:36,	,225501370546	,【24年新品】600G升级版6年长效,1600502140541	,厨房电器,净水器/净水设备及配件耗材,净水器,	,6923185653684	,6923185616399	,	,	,无售后或售后取消,,2025-11-12 01:52:43,	,,,,,,,否,否,	,否,	,,559.0	,0.0	,10.0	,0.0	,0.0	,0.0	,0.0	,0.0	,549.0	,549.0	,JDV024017677100,京东大件物流,广东省,佛山市,顺德区,,,否,否,	,	,	,否,	,	,	,	,	,	,	,	,	,	,	,	,否,否,	,否,否,,	,否,	,否,,,否
云米智能电热水器小蓝调节能变频速热家用浴室洗澡抑菌50L/60L,251112-647621547533679,未发货，退款成功,1	,正常,2025-11-12 01:51:49,2025-11-13 01:51:49,,	,	,434684719975	,安全保护8倍增容大水量50L,1733881750461	,大家电,热水器,电热水器,	,6923185649076	,	,聚水潭已取消发货，仅退款  诚11.12,	,退款成功,,2025-11-12 01:51:49,	,,,,,,,否,否,	,否,	,,599.0	,0.0	,0.0	,29.95	,0.0	,0.0	,0.0	,0.0	,569.05	,599.0	,	,	,广西壮族自治区,南宁市,江南区,,,否,否,	,	,	,否,	,	,	,	,	,	,	,	,	,	,	,	,否,否,	,否,否,,	,否,	,否,,,否
云米16即热零冷水燃气热水器智能低水压双调恒温防冻安全保护速热,251112-447091904951482,已发货，待收货,1	,正常,2025-11-12 01:42:57,2025-11-13 01:42:57,,2025-11-12 11:15:20,	,216845252864	,云米即开即热16L零冷水热水器,1731415907130	,大家电,热水器,燃气热水器,	,6923185611226	,6923185611226	,ZX2511120067566拦截 [viomi慧慧sk 11/12 22:56],	,无售后或售后取消,,2025-11-12 01:42:57,	,,,,,,,否,否,	,否,	,,933.0	,0.0	,0.0	,46.65	,0.0	,0.0	,0.0	,0.0	,886.35	,933.0	,JDV024017347826,京东大件物流,重庆市,重庆市,北碚区,,,否,否,	,	,	,否,	,	,	,	,	,	,	,	,	,	,	,	,否,否,	,否,否,,	,否,	,否,,,否
云米净水器滤芯家用小海豚小蓝调小白龙系列专用RO反渗透,251112-275293150860259,已发货，待收货,1	,正常,2025-11-12 01:23:34,2025-11-14 01:23:34,,2025-11-12 10:51:27,	,232467205433	,600G RO反渗透,1358951046252	,厨房电器,净水器/净水设备及配件耗材,净水器配件耗材,	,6923185618379	,	,	,	,无售后或售后取消,,2025-11-12 01:23:34,	,,,,,,,否,否,	,否,	,,549.0	,0.0	,0.0	,43.92	,8.0	,0.0	,0.0	,0.0	,505.08	,549.0	,JDV024017341787,京东配送,四川省,南充市,西充县,,,否,否,	,	,	,否,	,	,	,	,	,	,	,	,	,	,	,	,否,否,	,否,否,,	,否,	,否,,,否
云米净水器滤芯S2、Fast厨下1A400G600G 1号复合滤芯RO反渗透滤芯,251112-070653110694068,已取消,1	,正常,	,	,,	,	,224216987554	,【2号】 RO反渗透600G,1734513752412	,厨房电器,净水器/净水设备及配件耗材,净水器配件耗材,	,6923185614265	,	,	,	,无售后或售后取消,,	,	,,,,,,,否,否,	,否,	,,599.0	,0.0	,0.0	,48.0	,0.0	,0.0	,0.0	,0.0	,551.0	,599.0	,	,	,****,****,****,****,,否,否,	,	,	,否,	,	,	,	,	,	,	,	,	,	,	,	,否,否,	,否,	,,	,否,	,否,,,否
【母婴直饮】云米净水器 SE 600G+ 新升级厨下式RO反渗透直饮家用,251112-628736735603973,已发货，待收货,1	,正常,2025-11-12 00:59:39,2025-11-13 00:59:39,,2025-11-12 11:27:36,	,819506595979	,【24年新品】600G升级版6年长效,1787046011387	,厨房电器,净水器/净水设备及配件耗材,净水器,	,6923185653684	,6923185616399	,	,	,无售后或售后取消,,2025-11-12 00:59:39,	,,,,,,,否,否,	,否,	,,748.0	,0.0	,137.6	,100.0	,0.0	,0.0	,0.0	,0.0	,510.4	,610.4	,JDV024017383601,京东大件物流,广东省,揭阳市,揭东区,,,否,否,	,	,	,否,	,	,	,	,	,	,	,	,	,	,	,	,否,否,	,否,否,,	,否,	,否,,,否
【重磅新品】云米净水器600G小海豚升级版厨下式RO反渗透直饮家用,251112-240480500153199,已发货，待收货,1	,正常,2025-11-12 00:57:24,2025-11-13 00:57:24,,2025-11-12 13:00:30,	,225501370546	,【24年新品】600G升级版6年长效,1600502140541	,厨房电器,净水器/净水设备及配件耗材,净水器,	,6923185653684	,6923185616399	,	,	,无售后或售后取消,,2025-11-12 00:57:24,	,,,,,,,否,否,	,否,	,,559.0	,0.0	,10.0	,0.0	,1.09	,0.0	,0.0	,0.0	,549.0	,549.0	,JDV024017292639,京东大件物流,安徽省,合肥市,庐阳区,,,否,否,	,	,	,否,	,	,	,	,	,	,	,	,	,	,	,	,否,否,	,否,否,,	,否,	,否,,,否
【母婴直饮】云米净水器 SE 600G+ 新升级厨下式RO反渗透直饮家用,251112-528524306854068,已发货，待收货,1	,正常,2025-11-12 00:55:26,2025-11-13 00:55:27,,2025-11-12 13:00:30,	,819506595979	,【24年新品】600G升级版6年长效,1787046011387	,厨房电器,净水器/净水设备及配件耗材,净水器,	,6923185653684	,6923185616399	,	,	,无售后或售后取消,,2025-11-12 00:55:27,	,,,,,,,否,否,	,否,	,,748.0	,0.0	,137.4	,61.0	,0.0	,0.0	,0.0	,0.0	,549.6	,610.6	,JDV024017330061,京东大件物流,湖北省,荆门市,钟祥市,,,否,否,	,	,	,否,	,	,	,	,	,	,	,	,	,	,	,	,否,否,	,否,否,,	,否,	,否,,,否
【重磅新品】云米净水器600G小海豚升级版厨下式RO反渗透直饮家用,251112-601631015292445,已发货，待收货,1	,正常,2025-11-12 00:50:52,2025-11-13 00:50:53,,2025-11-12 13:00:30,	,225501370546	,【24年新品】600G升级版6年长效,1600502140541	,厨房电器,净水器/净水设备及配件耗材,净水器,	,6923185653684	,6923185616399	,	,	,无售后或售后取消,,2025-11-12 00:50:53,	,,,,,,,否,否,	,否,	,,559.0	,0.0	,0.0	,5.0	,0.0	,0.0	,0.0	,0.0	,554.0	,559.0	,JDV024017292306,京东大件物流,安徽省,亳州市,蒙城县,,,否,否,	,	,	,否,	,	,	,	,	,	,	,	,	,	,	,	,否,否,	,否,否,,	,否,	,否,,,否
【母婴直饮】云米净水器 SE 600G+ 新升级厨下式RO反渗透直饮家用,251112-686293041574068,未发货，退款成功,1	,正常,2025-11-12 00:49:52,2025-11-13 00:49:52,,	,	,819506595979	,【24年新品】600G升级版6年长效,1787046011387	,厨房电器,净水器/净水设备及配件耗材,净水器,	,6923185653684	,6923185616399	,聚水潭已取消发货，仅退款  诚11.12,	,退款成功,,2025-11-12 00:49:52,	,,,,,,,否,否,	,否,	,,748.0	,0.0	,10.0	,50.0	,0.0	,0.0	,0.0	,0.0	,688.0	,738.0	,	,	,湖北省,荆门市,钟祥市,,,否,否,	,	,	,否,	,	,	,	,	,	,	,	,	,	,	,	,否,否,	,否,否,,	,否,	,否,,,否
【重磅新品】云米净水器600G小海豚升级版厨下式RO反渗透直饮家用,251112-010202672741078,已发货，待收货,1	,正常,2025-11-12 00:36:57,2025-11-13 00:36:58,,2025-11-12 13:00:30,	,225501370546	,【24年新品】600G升级版6年长效,1600502140541	,厨房电器,净水器/净水设备及配件耗材,净水器,	,6923185653684	,6923185616399	,	,	,无售后或售后取消,,2025-11-12 00:36:58,	,,,,,,,否,否,	,否,	,,559.0	,0.0	,0.0	,0.0	,0.0	,0.0	,0.0	,0.0	,559.0	,559.0	,JDV024017329771,京东大件物流,河南省,郑州市,管城回族区,,,否,否,	,	,	,否,	,	,	,	,	,	,	,	,	,	,	,	,否,否,	,否,否,,	,否,	,否,,,否
【母婴直饮】云米净水器 SE 600G+ 新升级厨下式RO反渗透直饮家用,251112-219750080101399,已发货，待收货,1	,正常,2025-11-12 00:34:03,2025-11-13 00:34:03,,2025-11-12 13:00:30,	,819506595979	,【24年新品】600G升级版6年长效,1787046011387	,厨房电器,净水器/净水设备及配件耗材,净水器,	,6923185653684	,6923185616399	,	,	,无售后或售后取消,,2025-11-12 00:34:03,	,,,,,,,否,否,	,否,	,,748.0	,0.0	,145.4	,61.0	,0.0	,0.0	,0.0	,0.0	,541.6	,602.6	,JDV024017302764,京东大件物流,山东省,德州市,德城区,,,否,否,	,	,	,否,	,	,	,	,	,	,	,	,	,	,	,	,否,否,	,否,否,,	,否,	,否,,,否
云米净水器滤芯小蓝调小海豚600G+专用复合滤芯RO反渗透滤芯过滤,251112-544840139133110,已发货，待收货,1	,正常,2025-11-12 00:31:48,2025-11-13 00:31:49,,2025-11-12 16:00:49,	,296967601341	,5in1复合滤芯 2年长效,1600193054565	,厨房电器,净水器/净水设备及配件耗材,净水器配件耗材,	,6923185627425	,	,	,	,无售后或售后取消,,2025-11-12 00:31:49,	,,,,,,,否,否,	,否,	,,299.0	,0.0	,0.0	,0.0	,0.2	,0.0	,0.0	,0.0	,299.0	,299.0	,JDV024017752241,京东大件物流,湖北省,宜昌市,伍家岗区,,,否,否,	,	,	,否,	,	,	,	,	,	,	,	,	,	,	,	,否,否,	,否,否,,	,否,	,否,,,否
云米电热水器免换镁棒1级能效钛芯防护抑菌内胆免清洗3000W速热,251112-375075705211566,已取消,1	,正常,	,	,,	,	,215513269171	,"【免更换镁棒技术】抑菌健康洗,50L",1757655804682	,大家电,热水器,电热水器,	,6923185611882	,镁棒50/60L,	,	,无售后或售后取消,,	,	,,,,,,,否,否,	,否,	,,703.0	,0.0	,0.0	,63.27	,0.0	,0.0	,0.0	,0.0	,639.73	,703.0	,	,	,****,****,****,****,,否,否,	,	,	,否,	,	,	,	,	,	,	,	,	,	,	,	,否,否,	,否,	,,	,否,	,否,,,否
【重磅新品】云米净水器600G小海豚升级版厨下式RO反渗透直饮家用,251112-670889460021793,已发货，待收货,1	,正常,2025-11-12 00:24:45,2025-11-13 00:24:45,,2025-11-12 11:27:39,	,225501370546	,【24年新品】600G升级版6年长效,1600502140541	,厨房电器,净水器/净水设备及配件耗材,净水器,	,6923185653684	,6923185616399	,	,	,无售后或售后取消,,2025-11-12 00:24:45,	,,,,,,,否,否,	,否,	,,559.0	,0.0	,10.0	,5.0	,15.0	,0.0	,0.0	,0.0	,544.0	,549.0	,JDV024017326056,京东大件物流,北京市,北京市,朝阳区,,,否,否,	,	,	,否,	,	,	,	,	,	,	,	,	,	,	,	,否,否,	,否,否,,	,否,	,否,,,否
云米净水器滤芯小海豚2 1000G 专用复合一体芯RO反渗透滤芯过滤,251112-622319450414081,未发货，退款成功,1	,正常,2025-11-12 00:15:00,2025-11-13 00:15:00,,	,	,820799210391	,云米复合一体芯1000G-标准版,1787955186932	,厨房电器,净水器/净水设备及配件耗材,净水器配件耗材,	,6923185654872	,6923185654872	,聚水潭已取消发货，仅退款  诚11.12,	,退款成功,,2025-11-12 00:15:00,	,,,,,,,否,否,	,否,	,,599.0	,0.0	,0.0	,20.0	,0.0	,0.0	,0.0	,0.0	,579.0	,599.0	,	,	,广东省,河源市,连平县,,,否,否,	,	,	,否,	,	,	,	,	,	,	,	,	,	,	,	,否,否,	,否,否,,	,否,	,否,,,否
云米电热水器50/60升洗澡家用浴室速热大容量省电防漏电警示安全,251112-477227937431291,未发货，退款成功,1	,正常,2025-11-12 00:06:51,2025-11-13 00:06:51,,	,	,691819698413	,50L速热加长防电墙5倍增容,1683563098525	,大家电,热水器,电热水器,	,6923185614920	,	,聚水潭已取消发货，仅退款  诚11.12,	,退款成功,,2025-11-12 00:06:51,	,,,,,,,否,否,	,否,	,,493.0	,0.0	,0.0	,0.0	,0.0	,0.0	,0.0	,0.0	,493.0	,493.0	,	,	,广东省,广州市,荔湾区,,,否,否,	,	,	,否,	,	,	,	,	,	,	,	,	,	,	,	,否,否,	,否,否,,	,否,	,否,,,否
【重磅新品】云米净水器600G小海豚升级版厨下式RO反渗透直饮家用,251112-521362501150424,未发货，退款成功,1	,正常,2025-11-12 00:06:51,2025-11-13 00:06:52,,	,	,225501370546	,【24年新品】600G升级版6年长效,1600502140541	,厨房电器,净水器/净水设备及配件耗材,净水器,	,6923185653684	,6923185616399	,ZX2511120067422 拦截 11.12,	,退款成功,,2025-11-12 00:06:52,	,,,,,,,否,否,	,否,	,,559.0	,0.0	,10.0	,0.0	,0.0	,0.0	,0.0	,0.0	,549.0	,549.0	,	,	,山东省,济南市,历城区,,,否,否,	,	,	,否,	,	,	,	,	,	,	,	,	,	,	,	,否,否,	,否,否,,	,否,	,否,,,否
云米净水器滤芯小海豚2 1000G 专用复合一体芯RO反渗透滤芯过滤,251112-105906256174081,已发货，待收货,1	,正常,2025-11-12 00:08:55,2025-11-13 00:08:56,,2025-11-12 10:55:26,	,820799210391	,云米复合一体芯1000G-标准版,1787955186932	,厨房电器,净水器/净水设备及配件耗材,净水器配件耗材,	,6923185654872	,6923185654872	,	,	,无售后或售后取消,,2025-11-12 00:08:56,	,,,,,,,否,否,	,否,	,,599.0	,0.0	,0.0	,60.0	,0.0	,0.0	,0.0	,0.0	,539.0	,599.0	,JDV024017331590,京东配送,广东省,河源市,连平县,,,否,否,	,	,	,否,	,	,	,	,	,	,	,	,	,	,	,	,否,否,	,否,否,,	,否,	,否,,,否
云米小厨宝6L电热水器厨房卫生间出水恒温储水式小型速热神器加热,251112-241854134562250,已发货，待收货,1	,正常,2025-11-12 00:06:03,2025-11-13 00:06:03,,2025-11-12 13:00:30,	,208073193570	,热水即刻有-【6L】,1801828025682	,大家电,热水器,厨宝,	,6923185611233	,6923185611233	,	,	,无售后或售后取消,,2025-11-12 00:06:03,	,,,,,,,否,否,	,否,	,,267.0	,0.0	,14.0	,50.0	,0.0	,0.0	,0.0	,0.0	,203.0	,253.0	,JDV024017386067,京东大件物流,广西壮族自治区,南宁市,良庆区,,,否,否,	,	,	,否,	,	,	,	,	,	,	,	,	,	,	,	,否,否,	,否,否,,	,否,	,否,,,否
【重磅新品】云米净水器600G小海豚升级版厨下式RO反渗透直饮家用,251112-491247378051230,已取消,1	,正常,	,	,,	,	,225501370546	,【24年新品】600G升级版6年长效,1600502140541	,厨房电器,净水器/净水设备及配件耗材,净水器,	,6923185653684	,6923185616399	,	,	,无售后或售后取消,,	,	,,,,,,,否,否,	,否,	,,559.0	,0.0	,10.0	,5.0	,0.0	,0.0	,0.0	,0.0	,544.0	,549.0	,	,	,****,****,****,****,,否,否,	,	,	,否,	,	,	,	,	,	,	,	,	,	,	,	,否,否,	,否,	,,	,否,	,否,,,否
VIOMI云米净水器大通量小海豚800G反渗透RO厨下式家用长效滤芯,251112-365460263263761,已发货，待收货,1	,正常,2025-11-12 00:03:30,2025-11-13 00:03:30,,2025-11-12 13:00:29,	,837957770723	,800G大通量纯水机,1809123722986	,厨房电器,净水器/净水设备及配件耗材,净水器配件耗材,	,6923185653974	,	,	,	,无售后或售后取消,,2025-11-12 00:03:30,	,,,,,,,否,否,	,否,	,,882.9	,0.0	,177.0	,91.76	,0.0	,0.0	,0.0	,0.0	,614.14	,705.9	,JDV024017658343,京东大件物流,江西省,鹰潭市,贵溪市,,,否,否,	,	,	,否,	,	,	,	,	,	,	,	,	,	,	,	,否,否,	,否,否,,	,否,	,否,,,否
【重磅新品】云米净水器600G小海豚升级版厨下式RO反渗透直饮家用,251112-273636431423420,已取消,1	,正常,	,	,,	,	,225501370546	,【24年新品】600G升级版6年长效,1600502140541	,厨房电器,净水器/净水设备及配件耗材,净水器,	,6923185653684	,6923185616399	,	,	,无售后或售后取消,,	,	,,,,,,,否,否,	,否,	,,559.0	,0.0	,0.0	,0.0	,0.0	,0.0	,0.0	,0.0	,559.0	,559.0	,	,	,****,****,****,****,,否,否,	,	,	,否,	,	,	,	,	,	,	,	,	,	,	,	,否,否,	,否,	,,	,否,	,否,,,否
云米智能电热水器小蓝调节能变频速热家用浴室洗澡抑菌50L/60L,251112-369497249431291,未发货，退款成功,1	,正常,2025-11-12 00:01:17,2025-11-13 00:01:17,,	,	,434684719975	,安全保护8倍增容大水量50L,1733881750461	,大家电,热水器,电热水器,	,6923185649076	,	,聚水潭已取消发货，仅退款  诚11.12,	,退款成功,,2025-11-12 00:01:17,	,,,,,,,否,否,	,否,	,,599.0	,0.0	,0.0	,0.0	,0.0	,0.0	,0.0	,0.0	,599.0	,599.0	,	,	,广东省,广州市,荔湾区,,,否,否,	,	,	,否,	,	,	,	,	,	,	,	,	,	,	,	,否,否,	,否,否,,	,否,	,否,,,否
【重磅新品】云米净水器600G小海豚升级版厨下式RO反渗透直饮家用,251112-231546612142551,已发货，待收货,1	,正常,2025-11-12 00:01:19,2025-11-13 00:01:19,,2025-11-12 11:27:37,	,225501370546	,【24年新品】600G升级版6年长效,1600502140541	,厨房电器,净水器/净水设备及配件耗材,净水器,	,6923185653684	,6923185616399	,	,	,无售后或售后取消,,2025-11-12 00:01:19,	,,,,,,,否,否,	,否,	,,559.0	,0.0	,0.0	,0.0	,0.0	,0.0	,0.0	,0.0	,559.0	,559.0	,JDV024017354855,京东大件物流,广东省,汕尾市,陆丰市,,,否,否,	,	,	,否,	,	,	,	,	,	,	,	,	,	,	,	,否,否,	,否,否,,	,否,	,否,,,否
云米净水器滤芯小蓝调小海豚600G+专用复合滤芯RO反渗透滤芯过滤,251112-235552162192202,已发货，退款成功,1	,正常,2025-11-12 00:00:27,2025-11-13 00:00:27,,2025-11-12 09:29:28,	,296967601341	,5in1复合滤芯 2年长效,1600193054565	,厨房电器,净水器/净水设备及配件耗材,净水器配件耗材,	,6923185627425	,	,拦截	ZX2511120067405  已拦截成功  操作退款 11.12,	,退款成功,,2025-11-12 00:00:27,	,,,,,,,否,否,	,否,	,,299.0	,0.0	,0.0	,0.0	,0.0	,0.0	,0.0	,0.0	,299.0	,299.0	,JDV024015745232,京东配送,河北省,沧州市,肃宁县,,,否,否,	,	,	,否,	,	,	,	,	,	,	,	,	,	,	,	,是,是,	,否,否,,	,否,	,否,,,否
【重磅新品】云米净水器600G小海豚升级版厨下式RO反渗透直饮家用,251112-367463022881263,已发货，待收货,1	,正常,2025-11-12 00:00:13,2025-11-13 00:00:14,,2025-11-12 11:27:39,	,225501370546	,【24年新品】600G升级版6年长效,1600502140541	,厨房电器,净水器/净水设备及配件耗材,净水器,	,6923185653684	,6923185616399	,	,	,无售后或售后取消,,2025-11-12 00:00:14,	,,,,,,,否,否,	,否,	,,559.0	,0.0	,10.0	,0.0	,0.0	,0.0	,0.0	,0.0	,549.0	,549.0	,JDV024017328099,京东大件物流,广东省,深圳市,龙岗区,,,否,否,	,	,	,否,	,	,	,	,	,	,	,	,	,	,	,	,否,是,	,否,否,,	,否,	,否,,,否
VIOMI云米净水器600G小蓝调厨下式RO反渗透直饮家用6年长效,251112-423624742463420,已取消,1	,正常,	,	,,	,	,850883552953	,RO反渗透除去重金属,1811278299045	,厨房电器,净水器/净水设备及配件耗材,净水器,	,6923185653592	,6923185653592	,	,	,无售后或售后取消,,	,	,,,,,,,否,否,	,否,	,,699.0	,0.0	,0.0	,0.0	,0.0	,0.0	,0.0	,0.0	,699.0	,699.0	,	,	,****,****,****,****,,否,否,	,	,	,否,	,	,	,	,	,	,	,	,	,	,	,	,否,否,	,否,	,,	,否,	,否,,,否