商品,订单号,订单状态,商品数量(件),是否审核中,支付时间,承诺发货时间,承诺送达时间,发货时间,确认收货时间,商品id,商品规格,样式ID,商品一级类目,商品二级类目,商品三级类目,商品四级类目,商家编码-规格维度,商家编码-商品维度,商家备注,买家留言,售后状态,消费者资料,订单成交时间,消费者资料上传时间,赠品名称,赠品id,赠品规格,赠品数量,团ID,团身份,是否已开始配送,配送员是否已送达,配送状态,同城是否普通快递,集运类型,赠品订单号,商品总价(元),邮费(元),店铺优惠折扣(元),平台优惠折扣(元),多多支付立减金额(元),上门安装费(元),送货入户费(元),送货入户并安装费(元),用户实付金额(元),商家实收金额(元),快递单号,快递公司,省,市,区,街道/镇,配送员手机号,是否抽奖或0元试用,是否顺丰加价,用户购买手机号,旅行类信息,充值号码,是否门店自提,门店名称,门店自定义编码,关联货品编码,货品名称,货品类型,子货品,仓库名称,仓库所在地址,海淘清关订单号,支付ID,支付方式,保税仓,是否直播间成交,是否直播间引导成交,预约配送时间,是否节能补贴,是否分期,分期期数,手续费承担方,是否无痕发货,订单来源,是否社区团购,小区送达情况,分期方式,是否已上传证件照片
【重磅新品】云米净水器600G小海豚升级版厨下式RO反渗透直饮家用,251026-388497488192071,已取消,1	,正常,	,	,,	,	,225501370546	,【24年新品】600G升级版6年长效,1600502140541	,厨房电器,净水器/净水设备及配件耗材,净水器,	,6923185653684	,6923185616399	,	,	,无售后或售后取消,,	,	,,,,,,,否,否,	,否,	,,559.0	,0.0	,0.0	,0.0	,0.0	,0.0	,0.0	,0.0	,559.0	,559.0	,	,	,****,****,****,****,,否,否,	,	,	,否,	,	,	,	,	,	,	,	,	,	,	,	,否,否,	,否,	,,	,否,	,否,,,否
【重磅新品】云米净水器600G小海豚升级版厨下式RO反渗透直饮家用,251026-086769692272563,已取消,1	,正常,	,	,,	,	,225501370546	,【24年新品】600G升级版6年长效,1600502140541	,厨房电器,净水器/净水设备及配件耗材,净水器,	,6923185653684	,6923185616399	,	,	,无售后或售后取消,,	,	,,,,,,,否,否,	,否,	,,559.0	,0.0	,0.0	,0.0	,0.0	,0.0	,0.0	,0.0	,559.0	,559.0	,	,	,****,****,****,****,,否,否,	,	,	,否,	,	,	,	,	,	,	,	,	,	,	,	,否,否,	,否,	,,	,否,	,否,,,否
【重磅新品】云米净水器600G小海豚升级版厨下式RO反渗透直饮家用,251026-677338191510090,待发货,1	,正常,2025-10-26 23:26:09,2025-10-27 23:26:10,,	,	,225501370546	,【24年新品】600G升级版6年长效,1600502140541	,厨房电器,净水器/净水设备及配件耗材,净水器,	,6923185653684	,6923185616399	,	,	,无售后或售后取消,,2025-10-26 23:26:10,	,,,,,,,否,否,	,否,	,,559.0	,0.0	,0.0	,3.0	,0.0	,0.0	,0.0	,0.0	,556.0	,559.0	,	,	,广东省,佛山市,顺德区,,,否,否,	,	,	,否,	,	,	,	,	,	,	,	,	,	,	,	,否,是,	,否,否,,	,否,	,否,,,否
【重磅新品】云米净水器600G小海豚升级版厨下式RO反渗透直饮家用,251026-272430600603830,待发货,1	,正常,2025-10-26 23:24:17,2025-10-27 23:24:18,,	,	,225501370546	,【24年新品】600G升级版6年长效,1600502140541	,厨房电器,净水器/净水设备及配件耗材,净水器,	,6923185653684	,6923185616399	,	,	,无售后或售后取消,,2025-10-26 23:24:18,	,,,,,,,否,否,	,否,	,,559.0	,0.0	,0.0	,0.0	,0.0	,0.0	,0.0	,0.0	,559.0	,559.0	,	,	,河南省,濮阳市,濮阳县,,,否,否,	,	,	,否,	,	,	,	,	,	,	,	,	,	,	,	,否,否,	,否,否,,	,否,	,否,,,否
【重磅新品】云米净水器600G小海豚升级版厨下式RO反渗透直饮家用,251026-621092606241046,已取消,1	,正常,	,	,,	,	,225501370546	,【24年新品】600G升级版6年长效,1600502140541	,厨房电器,净水器/净水设备及配件耗材,净水器,	,6923185653684	,6923185616399	,	,	,无售后或售后取消,,	,	,,,,,,,否,否,	,否,	,,559.0	,0.0	,0.0	,0.0	,0.0	,0.0	,0.0	,0.0	,559.0	,559.0	,	,	,****,****,****,****,,否,否,	,	,	,否,	,	,	,	,	,	,	,	,	,	,	,	,否,否,	,否,	,,	,否,	,否,,,否
云米小厨宝6L电热水器厨房卫生间出水恒温储水式小型速热神器加热,251026-080761361950656,待发货,1	,正常,2025-10-26 23:05:51,2025-10-27 23:05:51,,	,	,208073193570	,热水即刻有-【6L】,1801828025682	,大家电,热水器,厨宝,	,6923185611233	,6923185611233	,	,	,无售后或售后取消,,2025-10-26 23:05:51,	,,,,,,,否,否,	,否,	,,280.0	,0.0	,0.0	,0.0	,0.0	,0.0	,0.0	,0.0	,280.0	,280.0	,	,	,浙江省,舟山市,嵊泗县,,,否,否,	,	,	,否,	,	,	,	,	,	,	,	,	,	,	,	,否,否,	,否,否,,	,否,	,否,,,否
云米净水器滤芯小蓝调小海豚600G+专用复合滤芯RO反渗透滤芯过滤,251026-253860288071119,待发货,2	,正常,2025-10-26 22:57:15,2025-10-27 22:57:16,,	,	,296967601341	,5in1复合滤芯 2年长效,1600193054565	,厨房电器,净水器/净水设备及配件耗材,净水器,	,6923185627425	,	,	,	,无售后或售后取消,,2025-10-26 22:57:16,	,,,,,,,否,否,	,否,	,,598.0	,0.0	,5.98	,0.0	,0.0	,0.0	,0.0	,0.0	,592.02	,592.02	,	,	,辽宁省,大连市,甘井子区,,,否,否,	,	,	,否,	,	,	,	,	,	,	,	,	,	,	,	,否,否,	,否,否,,	,否,	,否,,,否
云米净水器滤芯家用小海豚小蓝调小白龙系列专用RO反渗透,251026-411597565511119,待发货,1	,正常,2025-10-26 22:54:17,2025-10-28 22:54:18,,	,	,232467205433	,5in1 复合滤芯,1647394585330	,厨房电器,净水器/净水设备及配件耗材,净水器,	,6923185627425	,	,	,	,无售后或售后取消,,2025-10-26 22:54:18,	,,,,,,,否,否,	,否,	,,149.0	,0.0	,0.0	,0.0	,0.16	,0.0	,0.0	,0.0	,149.0	,149.0	,	,	,辽宁省,大连市,甘井子区,,,否,否,	,	,	,否,	,	,	,	,	,	,	,	,	,	,	,	,否,否,	,否,否,,	,否,	,否,,,否
【重磅新品】云米净水器600G小海豚升级版厨下式RO反渗透直饮家用,251026-555682403941094,已取消,1	,正常,	,	,,	,	,225501370546	,【24年新品】600G升级版6年长效,1600502140541	,厨房电器,净水器/净水设备及配件耗材,净水器,	,6923185653684	,6923185616399	,	,	,无售后或售后取消,,	,	,,,,,,,否,否,	,否,	,,559.0	,0.0	,0.0	,83.0	,0.0	,0.0	,0.0	,0.0	,476.0	,559.0	,	,	,****,****,****,****,,否,否,	,	,	,否,	,	,	,	,	,	,	,	,	,	,	,	,否,否,	,否,	,,	,否,	,否,,,否
【重磅新品】云米净水器600G小海豚升级版厨下式RO反渗透直饮家用,251026-664755258961425,已取消,1	,正常,	,	,,	,	,225501370546	,【24年新品】600G升级版6年长效,1600502140541	,厨房电器,净水器/净水设备及配件耗材,净水器,	,6923185653684	,6923185616399	,	,	,无售后或售后取消,,	,	,,,,,,,否,否,	,否,	,,559.0	,0.0	,0.0	,0.0	,0.0	,0.0	,0.0	,0.0	,559.0	,559.0	,	,	,****,****,****,****,,否,否,	,	,	,否,	,	,	,	,	,	,	,	,	,	,	,	,否,否,	,否,	,,	,否,	,否,,,否
【重磅新品】云米净水器600G小海豚升级版厨下式RO反渗透直饮家用,251026-109817382481425,已取消,1	,正常,	,	,,	,	,225501370546	,【24年新品】600G升级版6年长效,1600502140541	,厨房电器,净水器/净水设备及配件耗材,净水器,	,6923185653684	,6923185616399	,	,	,无售后或售后取消,,	,	,,,,,,,否,否,	,否,	,,559.0	,0.0	,0.0	,0.0	,0.0	,0.0	,0.0	,0.0	,559.0	,559.0	,	,	,****,****,****,****,,否,否,	,	,	,否,	,	,	,	,	,	,	,	,	,	,	,	,否,否,	,否,	,,	,否,	,否,,,否
【重磅新品】云米净水器600G小海豚升级版厨下式RO反渗透直饮家用,251026-320990155141187,未发货，退款成功,1	,正常,2025-10-26 22:38:28,2025-10-27 22:38:28,,	,	,225501370546	,【24年新品】600G升级版6年长效,1600502140541	,厨房电器,净水器/净水设备及配件耗材,净水器,	,6923185653684	,6923185616399	,	,	,退款成功,,2025-10-26 22:38:28,	,,,,,,,否,否,	,否,	,,559.0	,0.0	,0.0	,0.0	,0.0	,0.0	,0.0	,0.0	,559.0	,559.0	,	,	,河北省,石家庄市,长安区,,,否,否,	,	,	,否,	,	,	,	,	,	,	,	,	,	,	,	,否,否,	,否,否,,	,否,	,否,,,否
【重磅新品】云米净水器600G小海豚升级版厨下式RO反渗透直饮家用,251026-020164144711119,待发货,1	,正常,2025-10-26 22:35:43,2025-10-27 22:35:43,,	,	,225501370546	,【24年新品】600G升级版6年长效,1600502140541	,厨房电器,净水器/净水设备及配件耗材,净水器,	,6923185653684	,6923185616399	,	,	,无售后或售后取消,,2025-10-26 22:35:43,	,,,,,,,否,否,	,否,	,,559.0	,0.0	,0.0	,0.0	,1.11	,0.0	,0.0	,0.0	,559.0	,559.0	,	,	,辽宁省,大连市,甘井子区,,,否,否,	,	,	,否,	,	,	,	,	,	,	,	,	,	,	,	,否,否,	,否,否,,	,否,	,否,,,否
【重磅新品】云米净水器600G小海豚升级版厨下式RO反渗透直饮家用,251026-014428455250288,待发货,1	,正常,2025-10-26 22:28:17,2025-10-27 22:28:18,,	,	,225501370546	,【24年新品】600G升级版6年长效,1600502140541	,厨房电器,净水器/净水设备及配件耗材,净水器,	,6923185653684	,6923185616399	,	,	,无售后或售后取消,,2025-10-26 22:28:18,	,,,,,,,否,否,	,否,	,,559.0	,0.0	,0.0	,55.9	,5.0	,0.0	,0.0	,0.0	,503.1	,559.0	,	,	,河北省,廊坊市,霸州市,,,否,否,	,	,	,否,	,	,	,	,	,	,	,	,	,	,	,	,否,否,	,否,否,,	,否,	,否,,,否
【重磅新品】云米净水器600G小海豚升级版厨下式RO反渗透直饮家用,251026-322772672003923,待发货,1	,正常,2025-10-26 22:28:09,2025-10-27 22:28:09,,	,	,225501370546	,【24年新品】600G升级版6年长效,1600502140541	,厨房电器,净水器/净水设备及配件耗材,净水器,	,6923185653684	,6923185616399	,	,	,无售后或售后取消,,2025-10-26 22:28:09,	,,,,,,,否,否,	,否,	,,559.0	,0.0	,0.0	,0.0	,2.0	,0.0	,0.0	,0.0	,559.0	,559.0	,	,	,山东省,淄博市,张店区,,,否,否,	,	,	,否,	,	,	,	,	,	,	,	,	,	,	,	,否,否,	,否,否,,	,否,	,否,,,否
云米净水器滤芯小蓝调小海豚600G+专用复合滤芯RO反渗透滤芯过滤,251026-036270261891900,待发货,1	,正常,2025-10-26 22:18:34,2025-10-27 22:18:34,,	,	,296967601341	,5in1复合滤芯 2年长效,1600193054565	,厨房电器,净水器/净水设备及配件耗材,净水器,	,6923185627425	,	,到手价99元,	,无售后或售后取消,,2025-10-26 22:18:34,	,,,,,,,否,否,	,否,	,,299.0	,0.0	,0.0	,0.0	,0.0	,0.0	,0.0	,0.0	,299.0	,299.0	,	,	,山东省,潍坊市,坊子区,,,否,否,	,	,	,否,	,	,	,	,	,	,	,	,	,	,	,	,否,是,	,否,否,,	,否,	,否,,,否
【重磅新品】云米净水器600G小海豚升级版厨下式RO反渗透直饮家用,251026-217705377411900,待发货,1	,正常,2025-10-26 22:18:14,2025-10-27 22:18:14,,	,	,225501370546	,【24年新品】600G升级版6年长效,1600502140541	,厨房电器,净水器/净水设备及配件耗材,净水器,	,6923185653684	,6923185616399	,	,	,无售后或售后取消,,2025-10-26 22:18:14,	,,,,,,,否,否,	,否,	,,559.0	,0.0	,0.0	,0.0	,0.0	,0.0	,0.0	,0.0	,559.0	,559.0	,	,	,山东省,潍坊市,坊子区,,,否,否,	,	,	,否,	,	,	,	,	,	,	,	,	,	,	,	,否,是,	,否,否,,	,否,	,否,,,否
云米小厨宝6L电热水器厨房卫生间出水恒温储水式小型速热神器加热,251026-603570911542991,待发货,1	,正常,2025-10-26 22:10:08,2025-10-27 22:10:08,,	,	,208073193570	,热水即刻有-【6L】,1801828025682	,大家电,热水器,厨宝,	,6923185611233	,6923185611233	,	,	,无售后或售后取消,,2025-10-26 22:10:08,	,,,,,,,否,否,	,否,	,,280.0	,0.0	,0.0	,0.0	,0.0	,0.0	,0.0	,0.0	,280.0	,280.0	,	,	,江苏省,徐州市,泉山区,,,否,否,	,	,	,否,	,	,	,	,	,	,	,	,	,	,	,	,否,是,	,否,否,,	,否,	,否,,,否
【重磅新品】云米净水器600G小海豚升级版厨下式RO反渗透直饮家用,251026-394705016340897,待发货,1	,正常,2025-10-26 22:00:45,2025-10-27 22:00:45,2025-10-28 23:59:59,	,	,225501370546	,【24年新品】600G升级版6年长效,1600502140541	,厨房电器,净水器/净水设备及配件耗材,净水器,	,6923185653684	,6923185616399	,	,	,无售后或售后取消,,2025-10-26 22:00:45,	,,,,,,,否,否,	,否,	,,559.0	,0.0	,0.0	,0.0	,0.0	,0.0	,0.0	,0.0	,559.0	,559.0	,	,	,广东省,佛山市,南海区,,,否,否,	,	,	,否,	,	,	,	,	,	,	,	,	,	,	,	,否,否,	,否,否,,	,否,	,否,,,否
云米小厨宝6L电热水器厨房卫生间出水恒温储水式小型速热神器加热,251026-142941940153661,未发货，退款成功,1	,正常,2025-10-26 21:54:04,2025-10-27 21:54:05,,	,	,208073193570	,热水即刻有-【6L】,1801828025682	,大家电,热水器,厨宝,	,6923185611233	,6923185611233	,	,	,退款成功,,2025-10-26 21:54:05,	,,,,,,,否,否,	,否,	,,280.0	,0.0	,0.0	,30.0	,0.0	,0.0	,0.0	,0.0	,250.0	,280.0	,	,	,广东省,深圳市,龙岗区,,,否,否,	,	,	,否,	,	,	,	,	,	,	,	,	,	,	,	,否,否,	,否,否,,	,否,	,否,,,否
云米60升AI速热高温抑菌电热水器3000W一级节能变频增容家用租房,251026-073861711483549,待付款,1	,正常,	,	,,	,	,226368376224	,3000W速热安全60L热水器,1737176648260	,大家电,热水器,电热水器,	,6923185602224	,6923185602224	,	,	,无售后或售后取消,,	,	,,,,,,,否,否,	,否,	,,656.0	,0.0	,0.0	,0.0	,0.0	,0.0	,0.0	,0.0	,656.0	,656.0	,	,	,****,****,****,****,,否,否,	,	,	,否,	,	,	,	,	,	,	,	,	,	,	,	,否,否,	,否,	,,	,否,	,否,,,否
【重磅新品】云米净水器600G小海豚升级版厨下式RO反渗透直饮家用,251026-108129195603151,待发货,1	,正常,2025-10-26 21:30:18,2025-10-27 21:30:18,,	,	,225501370546	,【24年新品】600G升级版6年长效,1600502140541	,厨房电器,净水器/净水设备及配件耗材,净水器,	,6923185653684	,6923185616399	,	,	,无售后或售后取消,,2025-10-26 21:30:18,	,,,,,,,否,否,	,否,	,,559.0	,0.0	,0.0	,0.0	,0.0	,0.0	,0.0	,0.0	,559.0	,559.0	,	,	,河南省,洛阳市,洛龙区,,,否,否,	,	,	,否,	,	,	,	,	,	,	,	,	,	,	,	,否,是,	,否,否,,	,否,	,否,,,否
云米10公斤超薄滚筒洗衣机除菌家用全自动洗烘干一体机Super2S,251026-119254608270141,待发货,1	,正常,2025-10-26 21:28:26,2025-10-27 21:28:27,,	,	,205633837378	,洗净比1.11洗衣机,1689655082280	,大家电,洗衣机,洗衣机,	,6923185653455	,6923185653455	,到手价2078+晒单送洗衣凝珠 [viomi莉莉sk 10/26 21:29],	,无售后或售后取消,,2025-10-26 21:28:27,	,,,,,,,否,否,	,否,	,,2799.0	,0.0	,0.0	,0.0	,0.0	,0.0	,0.0	,0.0	,2799.0	,2799.0	,	,	,吉林省,长春市,高新技术开发区,,,否,否,	,	,	,否,	,	,	,	,	,	,	,	,	,	,	,	,否,是,	,否,是,3	,商家,否,	,否,,花呗分期,否
云米10公斤超薄滚筒洗衣机除菌家用全自动洗烘干一体机Super2S,251026-183710595470141,已取消,1	,正常,	,	,,	,	,205633837378	,洗净比1.11洗衣机,1689655082280	,大家电,洗衣机,洗衣机,	,6923185653455	,6923185653455	,	,	,无售后或售后取消,,	,	,,,,,,,否,否,	,否,	,,2799.0	,0.0	,0.0	,0.0	,0.0	,0.0	,0.0	,0.0	,2799.0	,2799.0	,	,	,****,****,****,****,,否,否,	,	,	,否,	,	,	,	,	,	,	,	,	,	,	,	,否,否,	,否,	,,	,否,	,否,,,否
【重磅新品】云米净水器600G小海豚升级版厨下式RO反渗透直饮家用,251026-580051310100413,待发货,1	,正常,2025-10-26 21:21:22,2025-10-27 21:21:22,,	,	,225501370546	,【24年新品】600G升级版6年长效,1600502140541	,厨房电器,净水器/净水设备及配件耗材,净水器,	,6923185653684	,6923185616399	,	,	,无售后或售后取消,,2025-10-26 21:21:22,	,,,,,,,否,否,	,否,	,,559.0	,0.0	,0.0	,0.0	,0.0	,0.0	,0.0	,0.0	,559.0	,559.0	,	,	,广东省,江门市,新会区,,,否,否,	,	,	,否,	,	,	,	,	,	,	,	,	,	,	,	,否,否,	,否,是,3	,商家,否,	,否,,信用卡分期,否
【重磅新品】云米净水器600G小海豚升级版厨下式RO反渗透直饮家用,251026-465620253071118,待发货,1	,正常,2025-10-26 20:51:54,2025-10-27 20:51:54,,	,	,225501370546	,【24年新品】600G升级版6年长效,1600502140541	,厨房电器,净水器/净水设备及配件耗材,净水器,	,6923185653684	,6923185616399	,	,	,无售后或售后取消,,2025-10-26 20:51:54,	,,,,,,,否,否,	,否,	,,559.0	,0.0	,0.0	,3.0	,0.0	,0.0	,0.0	,0.0	,556.0	,559.0	,	,	,广东省,汕尾市,城区,,,否,否,	,	,	,否,	,	,	,	,	,	,	,	,	,	,	,	,否,否,	,否,否,,	,否,	,否,,,否
云米电热水器50/60升洗澡家用浴室速热大容量省电防漏电警示安全,251026-159561879863578,待付款,2	,正常,	,	,,	,	,691819698413	,50L速热加长防电墙5倍增容,1683563098525	,大家电,热水器,电热水器,	,6923185614920	,	,	,	,无售后或售后取消,,	,	,,,,,,,否,否,	,否,	,,984.0	,0.0	,39.36	,45.0	,0.0	,0.0	,0.0	,0.0	,899.64	,944.64	,	,	,****,****,****,****,,否,否,	,	,	,否,	,	,	,	,	,	,	,	,	,	,	,	,否,否,	,否,	,,	,否,	,否,,,否
【重磅新品】云米净水器600G小海豚升级版厨下式RO反渗透直饮家用,251026-075434595941794,待发货,1	,正常,2025-10-26 20:30:43,2025-10-27 20:30:43,,	,	,225501370546	,【24年新品】600G升级版6年长效,1600502140541	,厨房电器,净水器/净水设备及配件耗材,净水器,	,6923185653684	,6923185616399	,	,	,无售后或售后取消,,2025-10-26 20:30:43,	,,,,,,,否,否,	,否,	,,559.0	,0.0	,0.0	,0.0	,0.0	,0.0	,0.0	,0.0	,559.0	,559.0	,	,	,辽宁省,锦州市,凌河区,,,否,否,	,	,	,否,	,	,	,	,	,	,	,	,	,	,	,	,否,否,	,否,否,,	,否,	,否,,,否
【重磅新品】云米净水器600G小海豚升级版厨下式RO反渗透直饮家用,251026-530044762484093,待发货,1	,正常,2025-10-26 20:26:27,2025-10-27 20:26:27,,	,	,225501370546	,【24年新品】600G升级版6年长效,1600502140541	,厨房电器,净水器/净水设备及配件耗材,净水器,	,6923185653684	,6923185616399	,	,	,无售后或售后取消,,2025-10-26 20:26:27,	,,,,,,,否,否,	,否,	,,559.0	,0.0	,0.0	,0.0	,0.0	,0.0	,0.0	,0.0	,559.0	,559.0	,	,	,北京市,北京市,房山区,,,否,否,	,	,	,否,	,	,	,	,	,	,	,	,	,	,	,	,否,否,	,否,否,,	,否,	,否,,,否
【重磅新品】云米净水器600G小海豚升级版厨下式RO反渗透直饮家用,251026-226377100893684,待发货,1	,正常,2025-10-26 20:17:49,2025-10-27 20:17:50,,	,	,225501370546	,【24年新品】600G升级版6年长效,1600502140541	,厨房电器,净水器/净水设备及配件耗材,净水器,	,6923185653684	,6923185616399	,	,	,无售后或售后取消,,2025-10-26 20:17:50,	,,,,,,,否,否,	,否,	,,559.0	,0.0	,0.0	,0.0	,5.0	,0.0	,0.0	,0.0	,559.0	,559.0	,	,	,黑龙江省,佳木斯市,抚远市,,,否,否,	,	,	,否,	,	,	,	,	,	,	,	,	,	,	,	,否,否,	,否,否,,	,否,	,否,,,否
【重磅新品】云米净水器600G小海豚升级版厨下式RO反渗透直饮家用,251026-531942664602579,已取消,1	,正常,	,	,,	,	,225501370546	,【24年新品】600G升级版6年长效,1600502140541	,厨房电器,净水器/净水设备及配件耗材,净水器,	,6923185653684	,6923185616399	,	,	,无售后或售后取消,,	,	,,,,,,,否,否,	,否,	,,559.0	,0.0	,0.0	,0.0	,0.0	,0.0	,0.0	,0.0	,559.0	,559.0	,	,	,****,****,****,****,,否,否,	,	,	,否,	,	,	,	,	,	,	,	,	,	,	,	,否,否,	,否,	,,	,否,	,否,,,否
【重磅新品】云米净水器600G小海豚升级版厨下式RO反渗透直饮家用,251026-054693752450276,未发货，退款成功,1	,正常,2025-10-26 20:07:09,2025-10-27 20:07:10,,	,	,225501370546	,【24年新品】600G升级版6年长效,1600502140541	,厨房电器,净水器/净水设备及配件耗材,净水器,	,6923185653684	,6923185616399	,	,	,退款成功,,2025-10-26 20:07:10,	,,,,,,,否,否,	,否,	,,559.0	,0.0	,0.0	,0.0	,0.2	,0.0	,0.0	,0.0	,559.0	,559.0	,	,	,湖北省,武汉市,江岸区,,,否,否,	,	,	,否,	,	,	,	,	,	,	,	,	,	,	,	,否,否,	,否,否,,	,否,	,否,,,否
【重磅新品】云米净水器600G小海豚升级版厨下式RO反渗透直饮家用,251026-160998366792207,待发货,1	,正常,2025-10-26 19:26:45,2025-10-27 19:26:45,,	,	,225501370546	,【24年新品】600G升级版6年长效,1600502140541	,厨房电器,净水器/净水设备及配件耗材,净水器,	,6923185653684	,6923185616399	,	,	,无售后或售后取消,,2025-10-26 19:26:45,	,,,,,,,否,否,	,否,	,,559.0	,0.0	,0.0	,0.0	,0.0	,0.0	,0.0	,0.0	,559.0	,559.0	,	,	,河南省,郑州市,二七区,,,否,否,	,	,	,否,	,	,	,	,	,	,	,	,	,	,	,	,否,否,	,否,否,,	,否,	,否,,,否
【重磅新品】云米净水器600G小海豚升级版厨下式RO反渗透直饮家用,251026-612756364872207,已取消,1	,正常,	,	,,	,	,225501370546	,【24年新品】600G升级版6年长效,1600502140541	,厨房电器,净水器/净水设备及配件耗材,净水器,	,6923185653684	,6923185616399	,	,	,无售后或售后取消,,	,	,,,,,,,否,否,	,否,	,,559.0	,0.0	,0.0	,0.0	,0.0	,0.0	,0.0	,0.0	,559.0	,559.0	,	,	,****,****,****,****,,否,否,	,	,	,否,	,	,	,	,	,	,	,	,	,	,	,	,否,否,	,否,	,,	,否,	,否,,,否
【重磅新品】云米净水器600G小海豚升级版厨下式RO反渗透直饮家用,251026-053498427762151,未发货，退款成功,1	,正常,2025-10-26 19:13:40,2025-10-27 19:13:41,,	,	,225501370546	,【24年新品】600G升级版6年长效,1600502140541	,厨房电器,净水器/净水设备及配件耗材,净水器,	,6923185653684	,6923185616399	,聚水潭已取消发货 已退款   叶10.26,	,退款成功,,2025-10-26 19:13:41,	,,,,,,,否,否,	,否,	,,559.0	,0.0	,0.0	,55.9	,2.0	,0.0	,0.0	,0.0	,503.1	,559.0	,	,	,山东省,济南市,高新区,,,否,否,	,	,	,否,	,	,	,	,	,	,	,	,	,	,	,	,否,是,	,否,否,,	,否,	,否,,,否
【小海豚1000G管线机套装】云米净水器家用厨下一键即热制冷直饮,251026-004068555172500,待发货,1	,正常,2025-10-26 19:09:31,2025-10-27 19:09:31,,	,	,246986456918	,【0陈水冷热2件套】1000G+管线机2E,1751903219858	,厨房电器,净水器/净水设备及配件耗材,净水器,	,S2503111808001,	,	,	,无售后或售后取消,,2025-10-26 19:09:31,	,,,,,,,否,否,	,否,	,,1699.0	,0.0	,339.8	,0.0	,0.0	,0.0	,0.0	,0.0	,1359.2	,1359.2	,	,	,四川省,广元市,昭化区,,,否,否,	,	,	,否,	,	,	,	,	,	,	,	,	,	,	,	,否,是,	,否,否,,	,否,	,否,,,否
【小海豚1000G管线机套装】云米净水器家用厨下一键即热制冷直饮,251026-504721631652500,已取消,1	,正常,	,	,,	,	,246986456918	,【0陈水冷热2件套】1000G+管线机2E,1751903219858	,厨房电器,净水器/净水设备及配件耗材,净水器,	,S2503111808001,	,	,	,无售后或售后取消,,	,	,,,,,,,否,否,	,否,	,,1699.0	,0.0	,339.8	,0.0	,0.0	,0.0	,0.0	,0.0	,1359.2	,1359.2	,	,	,****,****,****,****,,否,否,	,	,	,否,	,	,	,	,	,	,	,	,	,	,	,	,否,否,	,否,	,,	,否,	,否,,,否
云米净水器滤芯家用小海豚小蓝调小白龙系列专用RO反渗透,251026-216625323661535,待发货,1	,正常,2025-10-26 19:04:44,2025-10-28 19:04:45,,	,	,232467205433	,5in1 复合滤芯,1647394585330	,厨房电器,净水器/净水设备及配件耗材,净水器,	,6923185627425	,	,	,	,无售后或售后取消,,2025-10-26 19:04:45,	,,,,,,,否,否,	,否,	,,149.0	,0.0	,0.0	,0.0	,0.15	,0.0	,0.0	,0.0	,149.0	,149.0	,	,	,江苏省,无锡市,梁溪区,,,否,否,	,	,	,否,	,	,	,	,	,	,	,	,	,	,	,	,否,否,	,否,否,,	,否,	,否,,,否
云米净水器滤芯家用小海豚小蓝调小白龙系列专用RO反渗透,251026-288243064461535,待发货,1	,正常,2025-10-26 19:03:03,2025-10-28 19:03:03,,	,	,232467205433	,600G RO反渗透,1358951046252	,厨房电器,净水器/净水设备及配件耗材,净水器,	,6923185618379	,	,	,	,无售后或售后取消,,2025-10-26 19:03:03,	,,,,,,,否,否,	,否,	,,549.0	,0.0	,0.0	,50.0	,0.2	,0.0	,0.0	,0.0	,499.0	,549.0	,	,	,江苏省,无锡市,梁溪区,,,否,否,	,	,	,否,	,	,	,	,	,	,	,	,	,	,	,	,否,否,	,否,否,,	,否,	,否,,,否
云米净水器滤芯家用小海豚小蓝调小白龙系列专用RO反渗透,251026-095598754092918,待发货,2	,正常,2025-10-26 18:53:54,2025-10-28 18:53:54,,	,	,232467205433	,5in1 复合滤芯,1647394585330	,厨房电器,净水器/净水设备及配件耗材,净水器,	,6923185627425	,	,到手价218,	,无售后或售后取消,,2025-10-26 18:53:54,	,,,,,,,否,否,	,否,	,,298.0	,0.0	,2.98	,0.0	,0.0	,0.0	,0.0	,0.0	,295.02	,295.02	,	,	,福建省,泉州市,石狮市,,,否,否,	,	,	,否,	,	,	,	,	,	,	,	,	,	,	,	,否,否,	,否,否,,	,否,	,否,,,否
【重磅新品】云米净水器600G小海豚升级版厨下式RO反渗透直饮家用,251026-017039440171917,未发货，退款成功,1	,正常,2025-10-26 18:47:50,2025-10-27 18:47:50,,	,	,225501370546	,【24年新品】600G升级版6年长效,1600502140541	,厨房电器,净水器/净水设备及配件耗材,净水器,	,6923185653684	,6923185616399	,	,	,退款成功,,2025-10-26 18:47:50,	,,,,,,,否,否,	,否,	,,559.0	,0.0	,0.0	,0.0	,0.0	,0.0	,0.0	,0.0	,559.0	,559.0	,	,	,浙江省,温州市,鹿城区,,,否,否,	,	,	,否,	,	,	,	,	,	,	,	,	,	,	,	,否,否,	,否,否,,	,否,	,否,,,否
【重磅新品】云米净水器600G小海豚升级版厨下式RO反渗透直饮家用,251026-564438055321026,已取消,1	,正常,	,	,,	,	,225501370546	,【24年新品】600G升级版6年长效,1600502140541	,厨房电器,净水器/净水设备及配件耗材,净水器,	,6923185653684	,6923185616399	,	,	,无售后或售后取消,,	,	,,,,,,,否,否,	,否,	,,559.0	,0.0	,0.0	,0.0	,0.0	,0.0	,0.0	,0.0	,559.0	,559.0	,	,	,****,****,****,****,,否,否,	,	,	,否,	,	,	,	,	,	,	,	,	,	,	,	,否,否,	,否,	,,	,否,	,否,,,否
云米净水器滤芯小蓝调小海豚600G+专用复合滤芯RO反渗透滤芯过滤,251026-185514083993229,待发货,1	,正常,2025-10-26 18:33:24,2025-10-27 18:33:24,,	,	,296967601341	,5in1复合滤芯 2年长效,1600193054565	,厨房电器,净水器/净水设备及配件耗材,净水器,	,6923185627425	,	,补差后返到手价99,	,无售后或售后取消,,2025-10-26 18:33:24,	,,,,,,,否,否,	,否,	,,299.0	,0.0	,0.0	,13.0	,0.0	,0.0	,0.0	,0.0	,286.0	,299.0	,	,	,福建省,福州市,鼓楼区,,,否,否,	,	,	,否,	,	,	,	,	,	,	,	,	,	,	,	,否,否,	,否,否,,	,否,	,否,,,否
【重磅新品】云米净水器600G小海豚升级版厨下式RO反渗透直饮家用,251026-176464873113229,待发货,1	,正常,2025-10-26 18:30:26,2025-10-27 18:30:26,,	,	,225501370546	,【24年新品】600G升级版6年长效,1600502140541	,厨房电器,净水器/净水设备及配件耗材,净水器,	,6923185653684	,6923185616399	,	,	,无售后或售后取消,,2025-10-26 18:30:26,	,,,,,,,否,否,	,否,	,,559.0	,0.0	,0.0	,0.0	,5.0	,0.0	,0.0	,0.0	,559.0	,559.0	,	,	,福建省,福州市,鼓楼区,,,否,否,	,	,	,否,	,	,	,	,	,	,	,	,	,	,	,	,否,否,	,否,否,,	,否,	,否,,,否
云米即热净水器厨房家用直饮RO反渗透加热净饮一体机1000G,251026-013883216212649,待发货,1	,正常,2025-10-26 18:05:55,2025-11-26 18:05:55,,	,	,364990106384	,即热直饮 1000G大通量,1455593712429	,厨房电器,净水器/净水设备及配件耗材,净水器,	,6923185651116	,6923185651116	,直播间中奖5元红包===已登记延迟发货 [viomi诺诺sk 10/26 18:32],	,无售后或售后取消,,2025-10-26 18:05:55,	,,,,,,,否,否,	,否,	,,1668.85	,0.0	,303.77	,150.0	,0.0	,0.0	,0.0	,0.0	,1215.08	,1365.08	,	,	,四川省,成都市,郫都区,,,否,否,	,	,	,否,	,	,	,	,	,	,	,	,	,	,	,	,是,是,	,否,否,,	,否,	,否,,,否
云米即热净水器厨房家用直饮RO反渗透加热净饮一体机1000G,251026-405463447892649,未发货，退款成功,1	,正常,2025-10-26 18:02:50,2025-10-27 18:02:50,,	,	,364990106384	,即热直饮 1000G大通量,1455593712429	,厨房电器,净水器/净水设备及配件耗材,净水器,	,6923185651116	,6923185651116	,聚水潭已取消发货 已退款   叶10.26,	,退款成功,,2025-10-26 18:02:50,	,,,,,,,否,否,	,否,	,,1668.85	,0.0	,323.77	,50.0	,0.0	,0.0	,0.0	,0.0	,1295.08	,1345.08	,	,	,四川省,成都市,郫都区,,,否,否,	,	,	,否,	,	,	,	,	,	,	,	,	,	,	,	,否,否,	,否,否,,	,否,	,否,,,否
云米24m³大吸力顶侧3吸油烟机聚能猛火灶 烟灶智能联动套装嵌入式,251026-447794430272099,待发货,1	,正常,2025-10-26 17:59:27,2025-10-27 17:59:27,,	,	,205936193873	,"【爆款】单烟机+5.0KW猛火灶,天然气",1662367362948	,大家电,厨房大电,烟灶消套装,	,S2409261037001,6923185649762	,内含装修补贴100元+晒单清洁剂+直播间下单中奖50元红包,	,无售后或售后取消,,2025-10-26 17:59:27,	,,,,,,,否,否,	,否,	,,1499.0	,0.0	,0.0	,48.0	,2.9	,0.0	,0.0	,0.0	,1451.0	,1499.0	,	,	,四川省,成都市,大邑县,,,否,否,	,	,	,否,	,	,	,	,	,	,	,	,	,	,	,	,否,是,	,否,否,,	,否,	,否,,,否
【重磅新品】云米净水器600G小海豚升级版厨下式RO反渗透直饮家用,251026-142396648961390,待发货,1	,正常,2025-10-26 17:57:45,2025-10-27 17:57:45,,	,	,225501370546	,【24年新品】600G升级版6年长效,1600502140541	,厨房电器,净水器/净水设备及配件耗材,净水器,	,6923185653684	,6923185616399	,	,	,无售后或售后取消,,2025-10-26 17:57:45,	,,,,,,,否,否,	,否,	,,559.0	,0.0	,0.0	,0.0	,0.0	,0.0	,0.0	,0.0	,559.0	,559.0	,	,	,广东省,汕头市,濠江区,,,否,否,	,	,	,否,	,	,	,	,	,	,	,	,	,	,	,	,否,否,	,否,否,,	,否,	,否,,,否
云米小厨宝6L即热式厨房台下洗碗热水宝上出水储水式小型电热水器,251026-139020213820480,待发货,1	,正常,2025-10-26 17:52:22,2025-10-27 17:52:22,,	,	,205451808289	,"热水即刻有6L,小厨宝",1752480784258	,大家电,热水器,电热水器,	,6923185611233	,6923185611233	,	,	,无售后或售后取消,,2025-10-26 17:52:22,	,,,,,,,否,否,	,否,	,,289.0	,0.0	,0.0	,0.0	,0.0	,0.0	,0.0	,0.0	,289.0	,289.0	,	,	,北京市,北京市,通州区,,,否,否,	,	,	,否,	,	,	,	,	,	,	,	,	,	,	,	,否,否,	,否,否,,	,否,	,否,,,否
云米净水器滤芯小蓝调小海豚600G+专用复合滤芯RO反渗透滤芯过滤,251026-681847099693976,待发货,1	,正常,2025-10-26 17:51:53,2025-10-27 17:51:53,,	,	,296967601341	,5in1复合滤芯 2年长效,1600193054565	,厨房电器,净水器/净水设备及配件耗材,净水器,	,6923185627425	,	,补差后返到手价99,	,无售后或售后取消,,2025-10-26 17:51:53,	,,,,,,,否,否,	,否,	,,299.0	,0.0	,0.0	,0.0	,0.74	,0.0	,0.0	,0.0	,299.0	,299.0	,	,	,山西省,晋城市,城区,,,否,否,	,	,	,否,	,	,	,	,	,	,	,	,	,	,	,	,否,否,	,否,否,,	,否,	,否,,,否
【重磅新品】云米净水器600G小海豚升级版厨下式RO反渗透直饮家用,251026-338249716013976,待发货,1	,正常,2025-10-26 17:51:53,2025-10-27 17:51:53,,	,	,225501370546	,【24年新品】600G升级版6年长效,1600502140541	,厨房电器,净水器/净水设备及配件耗材,净水器,	,6923185653684	,6923185616399	,	,	,无售后或售后取消,,2025-10-26 17:51:53,	,,,,,,,否,否,	,否,	,,559.0	,0.0	,0.0	,55.9	,1.26	,0.0	,0.0	,0.0	,503.1	,559.0	,	,	,山西省,晋城市,城区,,,否,否,	,	,	,否,	,	,	,	,	,	,	,	,	,	,	,	,否,否,	,否,否,,	,否,	,否,,,否
云米24m³大吸力顶侧3吸油烟机聚能猛火灶 烟灶智能联动套装嵌入式,251026-080090284352099,未发货，退款成功,1	,正常,2025-10-26 17:47:20,2025-10-27 17:47:21,,	,	,205936193873	,"【爆款】单烟机+5.0KW猛火灶,天然气",1662367362948	,大家电,厨房大电,烟灶消套装,	,S2409261037001,6923185649762	,内含装修补贴100元+晒单清洁剂+直播间下单中奖50元红包==聚水潭已取消发货 已退款   叶10.26,	,退款成功,,2025-10-26 17:47:21,	,,,,,,,否,否,	,否,	,,1499.0	,0.0	,20.0	,0.0	,2.95	,0.0	,0.0	,0.0	,1479.0	,1479.0	,	,	,四川省,成都市,大邑县,,,否,否,	,	,	,否,	,	,	,	,	,	,	,	,	,	,	,	,是,是,	,否,否,,	,否,	,否,,,否
【重磅新品】云米净水器600G小海豚升级版厨下式RO反渗透直饮家用,251026-232836329033695,未发货，退款成功,1	,正常,2025-10-26 17:44:19,2025-10-27 17:44:19,,	,	,225501370546	,【24年新品】600G升级版6年长效,1600502140541	,厨房电器,净水器/净水设备及配件耗材,净水器,	,6923185653684	,6923185616399	,	,	,退款成功,,2025-10-26 17:44:19,	,,,,,,,否,否,	,否,	,,559.0	,0.0	,0.0	,0.0	,15.0	,0.0	,0.0	,0.0	,559.0	,559.0	,	,	,江苏省,泰州市,姜堰区,,,否,否,	,	,	,否,	,	,	,	,	,	,	,	,	,	,	,	,否,是,	,否,否,,	,否,	,否,,,否
【母婴直饮】云米净水器 SE 600G+ 新升级厨下式RO反渗透直饮家用,251026-306781898313695,已取消,1	,正常,	,	,,	,	,819506595979	,【24年新品】600G升级版6年长效,1787046011387	,厨房电器,净水器/净水设备及配件耗材,净水器,	,6923185653684	,6923185616399	,	,	,无售后或售后取消,,	,	,,,,,,,否,否,	,否,	,,748.7	,0.0	,139.74	,50.0	,0.0	,0.0	,0.0	,0.0	,558.96	,608.96	,	,	,****,****,****,****,,否,否,	,	,	,否,	,	,	,	,	,	,	,	,	,	,	,	,否,否,	,否,	,,	,否,	,否,,,否
【重磅新品】云米净水器600G小海豚升级版厨下式RO反渗透直饮家用,251026-089600837211223,已取消,1	,正常,	,	,,	,	,225501370546	,【24年新品】600G升级版6年长效,1600502140541	,厨房电器,净水器/净水设备及配件耗材,净水器,	,6923185653684	,6923185616399	,	,	,无售后或售后取消,,	,	,,,,,,,否,否,	,否,	,,559.0	,0.0	,0.0	,0.0	,0.0	,0.0	,0.0	,0.0	,559.0	,559.0	,	,	,****,****,****,****,,否,否,	,	,	,否,	,	,	,	,	,	,	,	,	,	,	,	,否,否,	,否,	,,	,否,	,否,,,否
【重磅新品】云米净水器600G小海豚升级版厨下式RO反渗透直饮家用,251026-087168140891223,已取消,1	,正常,	,	,,	,	,225501370546	,【24年新品】600G升级版6年长效,1600502140541	,厨房电器,净水器/净水设备及配件耗材,净水器,	,6923185653684	,6923185616399	,	,	,无售后或售后取消,,	,	,,,,,,,否,否,	,否,	,,559.0	,0.0	,0.0	,0.0	,0.0	,0.0	,0.0	,0.0	,559.0	,559.0	,	,	,****,****,****,****,,否,否,	,	,	,否,	,	,	,	,	,	,	,	,	,	,	,	,否,否,	,否,	,,	,否,	,否,,,否
云米净水器滤芯家用小海豚小蓝调小白龙系列专用RO反渗透,251026-565140580710882,已发货，待收货,1	,正常,2025-10-26 17:17:55,2025-10-28 17:17:55,,2025-10-26 19:53:08,	,232467205433	,5in1 复合滤芯,1647394585330	,厨房电器,净水器/净水设备及配件耗材,净水器,	,6923185627425	,	,补差后返到手价109,	,无售后或售后取消,,2025-10-26 17:17:55,	,,,,,,,否,否,	,否,	,,149.0	,0.0	,0.0	,0.0	,0.0	,0.0	,0.0	,0.0	,149.0	,149.0	,JDV023677666475,京东大件物流,福建省,福州市,福清市,,,否,否,	,	,	,否,	,	,	,	,	,	,	,	,	,	,	,	,否,否,	,否,否,,	,否,	,否,,,否
【小海豚1000G管线机套装】云米净水器家用厨下一键即热制冷直饮,251026-469153923402142,待发货,1	,正常,2025-10-26 17:08:05,2025-10-27 17:08:05,,	,	,246986456918	,【0陈水冷热2件套】1000G+管线机2E,1751903219858	,厨房电器,净水器/净水设备及配件耗材,净水器,	,S2503111808001,	,直播间中奖5元红包,	,无售后或售后取消,,2025-10-26 17:08:05,	,,,,,,,否,否,	,否,	,,1699.0	,0.0	,319.8	,100.0	,0.0	,0.0	,0.0	,0.0	,1279.2	,1379.2	,	,	,辽宁省,本溪市,明山区,,,否,否,	,	,	,否,	,	,	,	,	,	,	,	,	,	,	,	,是,是,	,否,否,,	,否,	,否,,,否
云米矿泉台式净饮机即热式饮水机直饮家用矿化加热一体机净水器,251026-158492270180689,已取消,1	,正常,	,	,,	,	,826920121377	,spuer2,1792670253677	,厨房电器,台式净饮机,台式净饮机,	,6923185615415	,6923185615415	,	,	,无售后或售后取消,,	,	,,,,,,,否,否,	,否,	,,1184.0	,0.0	,168.72	,59.2	,0.0	,0.0	,0.0	,0.0	,956.08	,1015.28	,	,	,****,****,****,****,,否,否,	,	,	,否,	,	,	,	,	,	,	,	,	,	,	,	,否,否,	,否,	,,	,否,	,否,,,否
【冷热直饮套装】云米净水器家用厨下管线机套装一键即热制冷直饮,251026-631809001110793,已发货，待收货,1	,正常,2025-10-26 16:55:57,2025-10-27 16:55:58,,2025-10-26 19:53:09,	,480070620581	,【冷热净水直饮套装】新品净水器+冷热管线机,1620106386127	,厨房电器,净水器/净水设备及配件耗材,净水器,	,S2407170910001,	,	,	,无售后或售后取消,,2025-10-26 16:55:58,	,,,,,,,否,否,	,否,	,,1429.0	,0.0	,0.0	,0.0	,2.85	,0.0	,0.0	,0.0	,1429.0	,1429.0	,JDV023677450692,京东大件物流,湖南省,长沙市,雨花区,,,否,否,	,	,	,否,	,	,	,	,	,	,	,	,	,	,	,	,否,否,	,否,否,,	,否,	,否,,,否
【小海豚1000G管线机套装】云米净水器家用厨下一键即热制冷直饮,251026-483540386130156,已取消,1	,正常,	,	,,	,	,246986456918	,【0陈水冷热2件套】1000G+管线机2E,1751903219858	,厨房电器,净水器/净水设备及配件耗材,净水器,	,S2503111808001,	,	,	,无售后或售后取消,,	,	,,,,,,,否,否,	,否,	,,1699.0	,0.0	,339.8	,0.0	,0.0	,0.0	,0.0	,0.0	,1359.2	,1359.2	,	,	,****,****,****,****,,否,否,	,	,	,否,	,	,	,	,	,	,	,	,	,	,	,	,是,否,	,否,	,,	,否,	,否,,,否
【重磅新品】云米净水器600G小海豚升级版厨下式RO反渗透直饮家用,251026-281668534630083,已取消,1	,正常,	,	,,	,	,225501370546	,【24年新品】600G升级版6年长效,1600502140541	,厨房电器,净水器/净水设备及配件耗材,净水器,	,6923185653684	,6923185616399	,	,	,无售后或售后取消,,	,	,,,,,,,否,否,	,否,	,,559.0	,0.0	,0.0	,5.0	,0.0	,0.0	,0.0	,0.0	,554.0	,559.0	,	,	,****,****,****,****,,否,否,	,	,	,否,	,	,	,	,	,	,	,	,	,	,	,	,否,否,	,否,	,,	,否,	,否,,,否
【重磅新品】云米净水器600G小海豚升级版厨下式RO反渗透直饮家用,251026-317771016530156,已取消,1	,正常,	,	,,	,	,225501370546	,【24年新品】600G升级版6年长效,1600502140541	,厨房电器,净水器/净水设备及配件耗材,净水器,	,6923185653684	,6923185616399	,	,	,无售后或售后取消,,	,	,,,,,,,否,否,	,否,	,,559.0	,0.0	,0.0	,0.0	,0.0	,0.0	,0.0	,0.0	,559.0	,559.0	,	,	,****,****,****,****,,否,否,	,	,	,否,	,	,	,	,	,	,	,	,	,	,	,	,是,否,	,否,	,,	,否,	,否,,,否
云米净水器滤芯小蓝调小海豚600G+专用复合滤芯RO反渗透滤芯过滤,251026-508947371631470,待发货,2	,正常,2025-10-26 16:01:46,2025-10-27 16:01:47,,	,	,296967601341	,5in1复合滤芯 2年长效,1600193054565	,厨房电器,净水器/净水设备及配件耗材,净水器,	,6923185627425	,	,差价198 [viomi莉莉sk 10/26 16:02],	,无售后或售后取消,,2025-10-26 16:01:47,	,,,,,,,否,否,	,否,	,,598.0	,0.0	,5.98	,0.0	,0.0	,0.0	,0.0	,0.0	,592.02	,592.02	,	,	,江西省,九江市,浔阳区,,,否,否,	,	,	,否,	,	,	,	,	,	,	,	,	,	,	,	,否,否,	,否,否,,	,否,	,否,,,否
【母婴直饮】云米净水器 SE 600G+ 新升级厨下式RO反渗透直饮家用,251026-465787973193695,已取消,1	,正常,	,	,,	,	,819506595979	,【24年新品】600G升级版6年长效,1787046011387	,厨房电器,净水器/净水设备及配件耗材,净水器,	,6923185653684	,6923185616399	,	,	,无售后或售后取消,,	,	,,,,,,,否,否,	,否,	,,748.7	,0.0	,139.74	,50.0	,0.0	,0.0	,0.0	,0.0	,558.96	,608.96	,	,	,****,****,****,****,,否,否,	,	,	,否,	,	,	,	,	,	,	,	,	,	,	,	,否,否,	,否,	,,	,否,	,否,,,否
【母婴直饮】云米净水器 SE 600G+ 新升级厨下式RO反渗透直饮家用,251026-593179471433695,已取消,1	,正常,	,	,,	,	,819506595979	,【24年新品】600G升级版6年长效,1787046011387	,厨房电器,净水器/净水设备及配件耗材,净水器,	,6923185653684	,6923185616399	,	,	,无售后或售后取消,,	,	,,,,,,,否,否,	,否,	,,748.7	,0.0	,149.74	,0.0	,0.0	,0.0	,0.0	,0.0	,598.96	,598.96	,	,	,****,****,****,****,,否,否,	,	,	,否,	,	,	,	,	,	,	,	,	,	,	,	,否,否,	,否,	,,	,否,	,否,,,否
云米净水器滤芯家用小海豚小蓝调小白龙系列专用RO反渗透,251026-389441206653578,已发货，待收货,1	,正常,2025-10-26 15:33:22,2025-10-28 15:33:22,,2025-10-26 19:53:09,	,232467205433	,5in1 复合滤芯,1647394585330	,厨房电器,净水器/净水设备及配件耗材,净水器,	,6923185627425	,	,补差后返到手价109，晒单在返10 ,	,无售后或售后取消,,2025-10-26 15:33:22,	,,,,,,,否,否,	,否,	,,149.0	,0.0	,0.0	,0.0	,0.0	,0.0	,0.0	,0.0	,149.0	,149.0	,JDV023675783585,京东大件物流,山东省,聊城市,东昌府区,,,否,否,	,	,	,否,	,	,	,	,	,	,	,	,	,	,	,	,否,否,	,否,否,,	,否,	,否,,,否
云米净水器滤芯家用小海豚小蓝调小白龙系列专用RO反渗透,251026-047311819133578,已发货，待收货,1	,正常,2025-10-26 15:31:39,2025-10-28 15:31:40,,2025-10-26 17:55:22,	,232467205433	,5in1 复合滤芯,1647394585330	,厨房电器,净水器/净水设备及配件耗材,净水器,	,6923185627425	,	,补差后返到手价109，晒单在返10,	,无售后或售后取消,,2025-10-26 15:31:40,	,,,,,,,否,否,	,否,	,,149.0	,0.0	,0.0	,0.0	,0.0	,0.0	,0.0	,0.0	,149.0	,149.0	,JDV023675441713,京东大件物流,山东省,聊城市,东昌府区,,,否,否,	,	,	,否,	,	,	,	,	,	,	,	,	,	,	,	,否,否,	,否,否,,	,否,	,否,,,否
【重磅新品】云米净水器600G小海豚升级版厨下式RO反渗透直饮家用,251026-247977746062018,已发货，待收货,1	,正常,2025-10-26 15:21:26,2025-10-27 15:21:26,,2025-10-26 19:53:09,	,225501370546	,【24年新品】600G升级版6年长效,1600502140541	,厨房电器,净水器/净水设备及配件耗材,净水器,	,6923185653684	,6923185616399	,	,	,无售后或售后取消,,2025-10-26 15:21:26,	,,,,,,,否,否,	,否,	,,559.0	,0.0	,0.0	,0.0	,16.0	,0.0	,0.0	,0.0	,559.0	,559.0	,JDV023677169829,京东大件物流,山东省,枣庄市,滕州市,,,否,否,	,	,	,否,	,	,	,	,	,	,	,	,	,	,	,	,否,否,	,否,是,3	,商家,否,	,否,,信用卡分期,否
【重磅新品】云米净水器600G小海豚升级版厨下式RO反渗透直饮家用,251026-511348610650429,已发货，待收货,1	,正常,2025-10-26 14:40:03,2025-10-27 14:40:03,,2025-10-26 17:55:22,	,225501370546	,【24年新品】600G升级版6年长效,1600502140541	,厨房电器,净水器/净水设备及配件耗材,净水器,	,6923185653684	,6923185616399	,	,	,无售后或售后取消,,2025-10-26 14:40:03,	,,,,,,,否,否,	,否,	,,559.0	,0.0	,0.0	,0.0	,0.0	,0.0	,0.0	,0.0	,559.0	,559.0	,JDV023675648073,京东大件物流,陕西省,西安市,新城区,,,否,否,	,	,	,否,	,	,	,	,	,	,	,	,	,	,	,	,否,否,	,否,否,,	,否,	,否,,,否
【重磅新品】云米净水器600G小海豚升级版厨下式RO反渗透直饮家用,251026-534218053171903,已发货，待收货,1	,正常,2025-10-26 14:38:58,2025-10-27 14:38:58,,2025-10-26 19:53:09,	,225501370546	,【24年新品】600G升级版6年长效,1600502140541	,厨房电器,净水器/净水设备及配件耗材,净水器,	,6923185653684	,6923185616399	,	,	,无售后或售后取消,,2025-10-26 14:38:58,	,,,,,,,否,否,	,否,	,,559.0	,0.0	,0.0	,7.0	,15.0	,0.0	,0.0	,0.0	,552.0	,559.0	,JDV023677169703,京东大件物流,天津市,天津市,河北区,,,否,否,	,	,	,否,	,	,	,	,	,	,	,	,	,	,	,	,否,否,	,否,否,,	,否,	,否,,,否
【重磅新品】云米净水器600G小海豚升级版厨下式RO反渗透直饮家用,251026-354020247130429,已取消,1	,正常,	,	,,	,	,225501370546	,【24年新品】600G升级版6年长效,1600502140541	,厨房电器,净水器/净水设备及配件耗材,净水器,	,6923185653684	,6923185616399	,	,	,无售后或售后取消,,	,	,,,,,,,否,否,	,否,	,,559.0	,0.0	,0.0	,0.0	,0.0	,0.0	,0.0	,0.0	,559.0	,559.0	,	,	,****,****,****,****,,否,否,	,	,	,否,	,	,	,	,	,	,	,	,	,	,	,	,否,否,	,否,	,,	,否,	,否,,,否
云米净水器滤芯家用小海豚小蓝调小白龙系列专用RO反渗透,251026-527612066091451,已发货，待收货,1	,正常,2025-10-26 14:09:40,2025-10-28 14:09:40,,2025-10-26 17:55:22,	,232467205433	,5in1 复合滤芯,1647394585330	,厨房电器,净水器/净水设备及配件耗材,净水器,	,6923185627425	,	,	,	,无售后或售后取消,,2025-10-26 14:09:40,	,,,,,,,否,否,	,否,	,,149.0	,0.0	,0.0	,0.0	,0.0	,0.0	,0.0	,0.0	,149.0	,149.0	,JDV023673862177,京东大件物流,北京市,北京市,海淀区,,,否,否,	,	,	,否,	,	,	,	,	,	,	,	,	,	,	,	,否,否,	,否,否,,	,否,	,否,,,否
云米净水器滤芯家用小海豚小蓝调小白龙系列专用RO反渗透,251026-217034320171451,已取消,1	,正常,	,	,,	,	,232467205433	,5in1 复合滤芯,1647394585330	,厨房电器,净水器/净水设备及配件耗材,净水器,	,6923185627425	,	,	,	,无售后或售后取消,,	,	,,,,,,,否,否,	,否,	,,149.0	,0.0	,0.0	,0.0	,0.0	,0.0	,0.0	,0.0	,149.0	,149.0	,	,	,****,****,****,****,,否,否,	,	,	,否,	,	,	,	,	,	,	,	,	,	,	,	,否,否,	,否,	,,	,否,	,否,,,否
云米净水器滤芯家用小海豚小蓝调小白龙系列专用RO反渗透,251026-013191104082983,未发货，退款成功,1	,正常,2025-10-26 13:52:19,2025-10-28 13:52:20,,	,	,232467205433	,5in1 复合滤芯,1647394585330	,厨房电器,净水器/净水设备及配件耗材,净水器,	,6923185627425	,	,拦截	ZX2510260061438,	,退款成功,,2025-10-26 13:52:20,	,,,,,,,否,否,	,否,	,,149.0	,0.0	,0.0	,0.0	,0.18	,0.0	,0.0	,0.0	,149.0	,149.0	,	,	,黑龙江省,鸡西市,虎林市,,,否,否,	,	,	,否,	,	,	,	,	,	,	,	,	,	,	,	,否,否,	,否,否,,	,否,	,否,,,否
【重磅新品】云米净水器600G小海豚升级版厨下式RO反渗透直饮家用,251026-498639911251534,已发货，待收货,1	,正常,2025-10-26 13:47:28,2025-10-27 13:47:28,,2025-10-26 19:53:10,	,225501370546	,【24年新品】600G升级版6年长效,1600502140541	,厨房电器,净水器/净水设备及配件耗材,净水器,	,6923185653684	,6923185616399	,	,	,无售后或售后取消,,2025-10-26 13:47:28,	,,,,,,,否,否,	,否,	,,559.0	,0.0	,0.0	,0.0	,0.2	,0.0	,0.0	,0.0	,559.0	,559.0	,JDV023677169693,京东大件物流,广东省,中山市,小榄镇,,,否,否,	,	,	,否,	,	,	,	,	,	,	,	,	,	,	,	,否,否,	,否,否,,	,否,	,否,,,否
【母婴直饮】云米净水器 SE 600G+ 新升级厨下式RO反渗透直饮家用,251026-088961205791652,未发货，退款成功,1	,正常,2025-10-26 13:45:13,2025-10-27 13:45:13,,	,	,819506595979	,【24年新品】600G升级版6年长效,1787046011387	,厨房电器,净水器/净水设备及配件耗材,净水器,	,6923185653684	,6923185616399	,聚水潭已取消发货 已退款   叶10.26,	,退款成功,,2025-10-26 13:45:13,	,,,,,,,否,否,	,否,	,,748.7	,0.0	,0.0	,55.16	,0.0	,0.0	,0.0	,0.0	,693.54	,748.7	,	,	,广东省,阳江市,江城区,,,否,否,	,	,	,否,	,	,	,	,	,	,	,	,	,	,	,	,否,否,	,否,否,,	,否,	,否,,,否
【重磅新品】云米净水器600G小海豚升级版厨下式RO反渗透直饮家用,251026-643248996643825,已发货，待收货,1	,正常,2025-10-26 13:43:24,2025-10-27 13:43:24,,2025-10-26 19:53:10,	,225501370546	,【24年新品】600G升级版6年长效,1600502140541	,厨房电器,净水器/净水设备及配件耗材,净水器,	,6923185653684	,6923185616399	,	,	,无售后或售后取消,,2025-10-26 13:43:24,	,,,,,,,否,否,	,否,	,,559.0	,0.0	,0.0	,0.0	,0.0	,0.0	,0.0	,0.0	,559.0	,559.0	,JDV023677162406,京东大件物流,北京市,北京市,朝阳区,,,否,否,	,	,	,否,	,	,	,	,	,	,	,	,	,	,	,	,否,否,	,否,否,,	,否,	,否,,,否
云米顶侧双吸大吸力低噪油烟机猛火液化气聚能灶智能套装家用厨房,251026-375935547764063,已发货，待收货,1	,正常,2025-10-26 13:41:24,2025-10-27 13:41:24,,2025-10-26 19:53:08,	,674950510509	,【烟灶套装】顶侧双吸烟机+5.0KW灶（天）,1744061180430	,大家电,厨房大电,烟灶消套装,	,S2405071349001,S2501061036001,奇门回传单号:JDV023677633636,	,无售后或售后取消,,2025-10-26 13:41:24,	,,,,,,,否,否,	,否,	,,1187.0	,0.0	,60.0	,40.0	,0.2	,0.0	,0.0	,0.0	,1087.0	,1127.0	,JDV023677633636,京东大件物流,河北省,保定市,竞秀区,,,否,否,	,	,	,否,	,	,	,	,	,	,	,	,	,	,	,	,否,否,	,否,否,,	,否,	,否,,,否
【重磅新品】云米净水器600G小海豚升级版厨下式RO反渗透直饮家用,251026-160232926732652,已取消,1	,正常,	,	,,	,	,225501370546	,【24年新品】600G升级版6年长效,1600502140541	,厨房电器,净水器/净水设备及配件耗材,净水器,	,6923185653684	,6923185616399	,	,	,无售后或售后取消,,	,	,,,,,,,否,否,	,否,	,,559.0	,0.0	,0.0	,0.0	,0.0	,0.0	,0.0	,0.0	,559.0	,559.0	,	,	,****,****,****,****,,否,否,	,	,	,否,	,	,	,	,	,	,	,	,	,	,	,	,否,否,	,否,	,,	,否,	,否,,,否
【重磅新品】云米净水器600G小海豚升级版厨下式RO反渗透直饮家用,251026-673206833463714,已发货，待收货,1	,正常,2025-10-26 13:01:16,2025-10-27 13:01:17,,2025-10-26 17:55:22,	,225501370546	,【24年新品】600G升级版6年长效,1600502140541	,厨房电器,净水器/净水设备及配件耗材,净水器,	,6923185653684	,6923185616399	,	,	,无售后或售后取消,,2025-10-26 13:01:17,	,,,,,,,否,否,	,否,	,,559.0	,0.0	,0.0	,55.9	,0.0	,0.0	,0.0	,0.0	,503.1	,559.0	,JDV023675447437,京东大件物流,安徽省,滁州市,琅琊区,,,否,否,	,	,	,否,	,	,	,	,	,	,	,	,	,	,	,	,否,否,	,否,否,,	,否,	,否,,,否
【母婴直饮】云米净水器 SE 600G+ 新升级厨下式RO反渗透直饮家用,251026-639463647541350,已发货，待收货,1	,正常,2025-10-26 12:59:40,2025-10-27 12:59:40,,2025-10-26 19:53:10,	,819506595979	,【24年新品】600G升级版6年长效,1787046011387	,厨房电器,净水器/净水设备及配件耗材,净水器,	,6923185653684	,6923185616399	,	,不用升级，请发跟商品一致的se 600+,无售后或售后取消,,2025-10-26 12:59:40,	,,,,,,,否,否,	,否,	,,748.7	,0.0	,141.94	,39.0	,0.0	,0.0	,0.0	,0.0	,567.76	,606.76	,JDV023677176166,京东大件物流,广东省,揭阳市,榕城区,,,否,否,	,	,	,否,	,	,	,	,	,	,	,	,	,	,	,	,否,否,	,否,否,,	,否,	,否,,,否
【母婴直饮】云米净水器 SE 600G+ 新升级厨下式RO反渗透直饮家用,251026-365439271221350,已取消,1	,正常,	,	,,	,	,819506595979	,【24年新品】600G升级版6年长效,1787046011387	,厨房电器,净水器/净水设备及配件耗材,净水器,	,6923185653684	,6923185616399	,	,	,无售后或售后取消,,	,	,,,,,,,否,否,	,否,	,,748.7	,0.0	,141.94	,39.0	,0.0	,0.0	,0.0	,0.0	,567.76	,606.76	,	,	,****,****,****,****,,否,否,	,	,	,否,	,	,	,	,	,	,	,	,	,	,	,	,否,否,	,否,	,,	,否,	,否,,,否
【小海豚1000G管线机套装】云米净水器家用厨下一键即热制冷直饮,251026-434550873631392,已取消,1	,正常,	,	,,	,	,246986456918	,【0陈水冷热2件套】1000G+管线机2E,1751903219858	,厨房电器,净水器/净水设备及配件耗材,净水器,	,S2503111808001,	,	,	,无售后或售后取消,,	,	,,,,,,,否,否,	,否,	,,1699.0	,0.0	,339.8	,0.0	,0.0	,0.0	,0.0	,0.0	,1359.2	,1359.2	,	,	,****,****,****,****,,否,否,	,	,	,否,	,	,	,	,	,	,	,	,	,	,	,	,否,否,	,否,	,,	,否,	,否,,,否
云米即热净水器厨房家用直饮RO反渗透加热净饮一体机1000G,251026-193818847540873,已发货，待收货,1	,正常,2025-10-26 12:48:06,2025-10-27 12:48:07,,2025-10-26 16:23:24,	,364990106384	,即热直饮 1000G大通量,1455593712429	,厨房电器,净水器/净水设备及配件耗材,净水器,	,6923185651116	,6923185651116	,后返，赠原装复合滤芯1根,	,无售后或售后取消,,2025-10-26 12:48:07,	,,,,,,,否,否,	,否,	,,1668.85	,0.0	,333.77	,0.0	,0.0	,0.0	,0.0	,0.0	,1335.08	,1335.08	,JDV023673050252,京东大件物流,甘肃省,白银市,白银区,,,否,否,	,	,	,否,	,	,	,	,	,	,	,	,	,	,	,	,否,否,	,否,否,,	,否,	,否,,,否
云米即热净水器厨房家用直饮RO反渗透加热净饮一体机1000G,251026-279036577350399,已取消,1	,正常,	,	,,	,	,364990106384	,即热直饮 1000G大通量,1455593712429	,厨房电器,净水器/净水设备及配件耗材,净水器,	,6923185651116	,6923185651116	,	,	,无售后或售后取消,,	,	,,,,,,,否,否,	,否,	,,1668.85	,0.0	,315.77	,90.0	,0.0	,0.0	,0.0	,0.0	,1263.08	,1353.08	,	,	,****,****,****,****,,否,否,	,	,	,否,	,	,	,	,	,	,	,	,	,	,	,	,否,否,	,否,	,,	,否,	,否,,,否
【重磅新品】云米净水器600G小海豚升级版厨下式RO反渗透直饮家用,251026-251081561671775,已发货，待收货,1	,正常,2025-10-26 12:41:43,2025-10-27 12:41:43,,2025-10-26 19:53:10,	,225501370546	,【24年新品】600G升级版6年长效,1600502140541	,厨房电器,净水器/净水设备及配件耗材,净水器,	,6923185653684	,6923185616399	,	,	,无售后或售后取消,,2025-10-26 12:41:43,	,,,,,,,否,否,	,否,	,,559.0	,0.0	,0.0	,15.0	,0.0	,0.0	,0.0	,0.0	,544.0	,559.0	,JDV023677180989,京东大件物流,山西省,太原市,迎泽区,,,否,否,	,	,	,否,	,	,	,	,	,	,	,	,	,	,	,	,否,否,	,否,否,,	,否,	,否,,,否
【母婴直饮】云米净水器 SE 600G+ 新升级厨下式RO反渗透直饮家用,251026-239809380661350,未发货，退款成功,1	,正常,2025-10-26 12:42:16,2025-10-27 12:42:16,,	,	,819506595979	,【24年新品】600G升级版6年长效,1787046011387	,厨房电器,净水器/净水设备及配件耗材,净水器,	,6923185653684	,6923185616399	,聚水潭已取消发货 已退款   叶10.26,	,退款成功,,2025-10-26 12:42:16,	,,,,,,,否,否,	,否,	,,748.7	,0.0	,141.94	,39.0	,0.0	,0.0	,0.0	,0.0	,567.76	,606.76	,	,	,广东省,揭阳市,榕城区,,,否,否,	,	,	,否,	,	,	,	,	,	,	,	,	,	,	,	,否,否,	,否,否,,	,否,	,否,,,否
云米顶侧双吸大吸力低噪油烟机猛火液化气聚能灶智能套装家用厨房,251026-379563578942558,已发货，待收货,1	,正常,2025-10-26 12:33:54,2025-10-27 12:33:54,,2025-10-26 19:53:08,	,674950510509	,【烟灶套装】顶侧双吸烟机+5.0KW灶（天）,1744061180430	,大家电,厨房大电,烟灶消套装,	,S2405071349001,S2501061036001,奇门回传单号:JDV023677655163,	,无售后或售后取消,,2025-10-26 12:33:54,	,,,,,,,否,否,	,否,	,,1187.0	,0.0	,60.0	,40.0	,0.0	,0.0	,0.0	,0.0	,1087.0	,1127.0	,JDV023677655163,京东大件物流,黑龙江省,齐齐哈尔市,富拉尔基区,,,否,否,	,	,	,否,	,	,	,	,	,	,	,	,	,	,	,	,否,否,	,否,否,,	,否,	,否,,,否
【重磅新品】云米净水器600G小海豚升级版厨下式RO反渗透直饮家用,251026-046053465711470,已发货，待收货,1	,正常,2025-10-26 12:30:30,2025-10-27 12:30:30,,2025-10-26 17:55:22,	,225501370546	,【24年新品】600G升级版6年长效,1600502140541	,厨房电器,净水器/净水设备及配件耗材,净水器,	,6923185653684	,6923185616399	,	,	,无售后或售后取消,,2025-10-26 12:30:30,	,,,,,,,否,否,	,否,	,,559.0	,0.0	,0.0	,0.0	,0.0	,0.0	,0.0	,0.0	,559.0	,559.0	,JDV023675466264,京东大件物流,江西省,九江市,浔阳区,,,否,否,	,	,	,否,	,	,	,	,	,	,	,	,	,	,	,	,否,否,	,否,是,3	,商家,否,	,否,,信用卡分期,否
【重磅新品】云米净水器600G小海豚升级版厨下式RO反渗透直饮家用,251026-237785607791470,已取消,1	,正常,	,	,,	,	,225501370546	,【24年新品】600G升级版6年长效,1600502140541	,厨房电器,净水器/净水设备及配件耗材,净水器,	,6923185653684	,6923185616399	,	,	,无售后或售后取消,,	,	,,,,,,,否,否,	,否,	,,559.0	,0.0	,0.0	,0.0	,0.0	,0.0	,0.0	,0.0	,559.0	,559.0	,	,	,****,****,****,****,,否,否,	,	,	,否,	,	,	,	,	,	,	,	,	,	,	,	,否,否,	,否,	,,	,否,	,否,,,否
【重磅新品】云米净水器600G小海豚升级版厨下式RO反渗透直饮家用,251026-177534410342523,已发货，待收货,1	,正常,2025-10-26 12:16:35,2025-10-27 12:16:35,,2025-10-26 17:55:22,	,225501370546	,【24年新品】600G升级版6年长效,1600502140541	,厨房电器,净水器/净水设备及配件耗材,净水器,	,6923185653684	,6923185616399	,	,	,无售后或售后取消,,2025-10-26 12:16:35,	,,,,,,,否,否,	,否,	,,559.0	,0.0	,0.0	,55.9	,0.0	,0.0	,0.0	,0.0	,503.1	,559.0	,JDV023675338007,京东大件物流,浙江省,温州市,乐清市,,,否,否,	,	,	,否,	,	,	,	,	,	,	,	,	,	,	,	,否,否,	,否,否,,	,否,	,否,,,否
【重磅新品】云米净水器600G小海豚升级版厨下式RO反渗透直饮家用,251026-631158935992607,已取消,1	,正常,	,	,,	,	,225501370546	,【24年新品】600G升级版6年长效,1600502140541	,厨房电器,净水器/净水设备及配件耗材,净水器,	,6923185653684	,6923185616399	,	,	,无售后或售后取消,,	,	,,,,,,,否,否,	,否,	,,559.0	,0.0	,0.0	,1.0	,0.0	,0.0	,0.0	,0.0	,558.0	,559.0	,	,	,****,****,****,****,,否,否,	,	,	,否,	,	,	,	,	,	,	,	,	,	,	,	,否,否,	,否,	,,	,否,	,否,,,否
【重磅新品】云米净水器600G小海豚升级版厨下式RO反渗透直饮家用,251026-219288758703678,已取消,1	,正常,	,	,,	,	,225501370546	,【24年新品】600G升级版6年长效,1600502140541	,厨房电器,净水器/净水设备及配件耗材,净水器,	,6923185653684	,6923185616399	,	,	,无售后或售后取消,,	,	,,,,,,,否,否,	,否,	,,559.0	,0.0	,0.0	,0.0	,0.0	,0.0	,0.0	,0.0	,559.0	,559.0	,	,	,****,****,****,****,,否,否,	,	,	,否,	,	,	,	,	,	,	,	,	,	,	,	,否,否,	,否,	,,	,否,	,否,,,否
【重磅新品】云米净水器600G小海豚升级版厨下式RO反渗透直饮家用,251026-158932724143678,已取消,1	,正常,	,	,,	,	,225501370546	,【24年新品】600G升级版6年长效,1600502140541	,厨房电器,净水器/净水设备及配件耗材,净水器,	,6923185653684	,6923185616399	,	,	,无售后或售后取消,,	,	,,,,,,,否,否,	,否,	,,559.0	,0.0	,0.0	,0.0	,0.0	,0.0	,0.0	,0.0	,559.0	,559.0	,	,	,****,****,****,****,,否,否,	,	,	,否,	,	,	,	,	,	,	,	,	,	,	,	,否,否,	,否,	,,	,否,	,否,,,否
【小海豚1000G管线机套装】云米净水器家用厨下一键即热制冷直饮,251026-177198896672581,已发货，待收货,1	,正常,2025-10-26 11:58:48,2025-10-27 11:58:48,,2025-10-26 16:23:23,	,246986456918	,【0陈水冷热2件套】1000G+管线机2E,1751903219858	,厨房电器,净水器/净水设备及配件耗材,净水器,	,S2503111808001,	,	,	,无售后或售后取消,,2025-10-26 11:58:48,	,,,,,,,否,否,	,否,	,,1699.0	,0.0	,319.8	,100.0	,0.0	,0.0	,0.0	,0.0	,1279.2	,1379.2	,JDV023673242752,京东大件物流,安徽省,阜阳市,临泉县,,,否,否,	,	,	,否,	,	,	,	,	,	,	,	,	,	,	,	,否,否,	,否,否,,	,否,	,否,,,否
【重磅新品】云米净水器600G小海豚升级版厨下式RO反渗透直饮家用,251026-524560689573784,已发货，待收货,1	,正常,2025-10-26 11:56:21,2025-10-27 11:56:22,,2025-10-26 17:55:22,	,225501370546	,【24年新品】600G升级版6年长效,1600502140541	,厨房电器,净水器/净水设备及配件耗材,净水器,	,6923185653684	,6923185616399	,	,	,无售后或售后取消,,2025-10-26 11:56:22,	,,,,,,,否,否,	,否,	,,559.0	,0.0	,0.0	,0.0	,0.0	,0.0	,0.0	,0.0	,559.0	,559.0	,JDV023675477684,京东大件物流,湖北省,宜昌市,枝江市,,,否,否,	,	,	,否,	,	,	,	,	,	,	,	,	,	,	,	,否,否,	,否,否,,	,否,	,否,,,否
【重磅新品】云米净水器600G小海豚升级版厨下式RO反渗透直饮家用,251026-149852003960097,已发货，待收货,1	,正常,2025-10-26 11:51:53,2025-10-27 11:51:53,,2025-10-26 19:53:10,	,225501370546	,【24年新品】600G升级版6年长效,1600502140541	,厨房电器,净水器/净水设备及配件耗材,净水器,	,6923185653684	,6923185616399	,	,	,无售后或售后取消,,2025-10-26 11:51:53,	,,,,,,,否,否,	,否,	,,559.0	,0.0	,0.0	,3.0	,0.0	,0.0	,0.0	,0.0	,556.0	,559.0	,JDV023677187675,京东大件物流,海南省,海口市,秀英区,,,否,否,	,	,	,否,	,	,	,	,	,	,	,	,	,	,	,	,否,否,	,否,否,,	,否,	,否,,,否
【重磅新品】云米净水器600G小海豚升级版厨下式RO反渗透直饮家用,251026-297963363983878,已取消,1	,正常,	,	,,	,	,225501370546	,【24年新品】600G升级版6年长效,1600502140541	,厨房电器,净水器/净水设备及配件耗材,净水器,	,6923185653684	,6923185616399	,	,	,无售后或售后取消,,	,	,,,,,,,否,否,	,否,	,,559.0	,0.0	,0.0	,55.9	,0.0	,0.0	,0.0	,0.0	,503.1	,559.0	,	,	,****,****,****,****,,否,否,	,	,	,否,	,	,	,	,	,	,	,	,	,	,	,	,否,否,	,否,	,,	,否,	,否,,,否
【重磅新品】云米净水器600G小海豚升级版厨下式RO反渗透直饮家用,251026-238593052970796,已发货，待收货,1	,正常,2025-10-26 11:42:48,2025-10-27 11:42:48,,2025-10-26 17:55:22,	,225501370546	,【24年新品】600G升级版6年长效,1600502140541	,厨房电器,净水器/净水设备及配件耗材,净水器,	,6923185653684	,6923185616399	,	,	,无售后或售后取消,,2025-10-26 11:42:48,	,,,,,,,否,否,	,否,	,,559.0	,0.0	,0.0	,0.0	,0.0	,0.0	,0.0	,0.0	,559.0	,559.0	,JDV023673556177,京东大件物流,四川省,乐山市,市中区,,,否,否,	,	,	,否,	,	,	,	,	,	,	,	,	,	,	,	,否,否,	,否,否,,	,否,	,否,,,否
【重磅新品】云米净水器600G小海豚升级版厨下式RO反渗透直饮家用,251026-175122747722708,已取消,1	,正常,	,	,,	,	,225501370546	,【24年新品】600G升级版6年长效,1600502140541	,厨房电器,净水器/净水设备及配件耗材,净水器,	,6923185653684	,6923185616399	,	,	,无售后或售后取消,,	,	,,,,,,,否,否,	,否,	,,559.0	,0.0	,0.0	,0.0	,0.0	,0.0	,0.0	,0.0	,559.0	,559.0	,	,	,****,****,****,****,,否,否,	,	,	,否,	,	,	,	,	,	,	,	,	,	,	,	,否,否,	,否,	,,	,否,	,否,,,否
【重磅新品】云米净水器600G小海豚升级版厨下式RO反渗透直饮家用,251026-151477358922708,已取消,1	,正常,	,	,,	,	,225501370546	,【24年新品】600G升级版6年长效,1600502140541	,厨房电器,净水器/净水设备及配件耗材,净水器,	,6923185653684	,6923185616399	,	,	,无售后或售后取消,,	,	,,,,,,,否,否,	,否,	,,559.0	,0.0	,0.0	,0.0	,0.0	,0.0	,0.0	,0.0	,559.0	,559.0	,	,	,****,****,****,****,,否,否,	,	,	,否,	,	,	,	,	,	,	,	,	,	,	,	,否,否,	,否,	,,	,否,	,否,,,否
【冷热直饮套装】云米净水器家用厨下管线机套装一键即热制冷直饮,251026-556856840540463,已发货，待收货,1	,正常,2025-10-26 11:37:20,2025-10-27 11:37:20,,2025-10-26 16:23:23,	,480070620581	,【冷热净水直饮套装】新品净水器+冷热管线机,1620106386127	,厨房电器,净水器/净水设备及配件耗材,净水器,	,S2407170910001,	,	,	,无售后或售后取消,,2025-10-26 11:37:20,	,,,,,,,否,否,	,否,	,,1429.0	,0.0	,0.0	,50.0	,6.0	,0.0	,0.0	,0.0	,1379.0	,1429.0	,JDV023673262858,京东大件物流,湖北省,宜昌市,夷陵区,,,否,否,	,	,	,否,	,	,	,	,	,	,	,	,	,	,	,	,否,否,	,否,否,,	,否,	,否,,,否
【重磅新品】云米净水器600G小海豚升级版厨下式RO反渗透直饮家用,251026-011890901423502,已发货，待收货,1	,正常,2025-10-26 11:19:03,2025-10-27 11:19:03,,2025-10-26 16:23:23,	,225501370546	,【24年新品】600G升级版6年长效,1600502140541	,厨房电器,净水器/净水设备及配件耗材,净水器,	,6923185653684	,6923185616399	,	,	,无售后或售后取消,,2025-10-26 11:19:03,	,,,,,,,否,否,	,否,	,,559.0	,0.0	,0.0	,0.0	,1.11	,0.0	,0.0	,0.0	,559.0	,559.0	,JDV023673023522,京东大件物流,江西省,宜春市,袁州区,,,否,否,	,	,	,否,	,	,	,	,	,	,	,	,	,	,	,	,否,否,	,否,否,,	,否,	,否,,,否
云米净水器滤芯家用小海豚小蓝调小白龙系列专用RO反渗透,251026-028699563590885,已发货，待收货,1	,正常,2025-10-26 11:11:12,2025-10-28 11:11:12,,2025-10-26 16:23:24,	,232467205433	,5in1 复合滤芯,1647394585330	,厨房电器,净水器/净水设备及配件耗材,净水器,	,6923185627425	,	,	,	,无售后或售后取消,,2025-10-26 11:11:12,	,,,,,,,否,否,	,否,	,,149.0	,0.0	,0.0	,29.8	,0.0	,0.0	,0.0	,0.0	,119.2	,149.0	,JDV023672993352,京东大件物流,湖南省,长沙市,天心区,,,否,否,	,	,	,否,	,	,	,	,	,	,	,	,	,	,	,	,否,否,	,否,否,,	,否,	,否,,,否
【重磅新品】云米净水器600G小海豚升级版厨下式RO反渗透直饮家用,251026-129436281131747,未发货，退款成功,1	,正常,2025-10-26 10:53:17,2025-10-27 10:53:17,,	,	,225501370546	,【24年新品】600G升级版6年长效,1600502140541	,厨房电器,净水器/净水设备及配件耗材,净水器,	,6923185653684	,6923185616399	,聚水潭已取消发货 已退款   叶10.26,	,退款成功,,2025-10-26 10:53:17,	,,,,,,,否,否,	,否,	,,559.0	,0.0	,0.0	,0.0	,0.0	,0.0	,0.0	,0.0	,559.0	,559.0	,	,	,广东省,东莞市,莞城区,,,否,否,	,	,	,否,	,	,	,	,	,	,	,	,	,	,	,	,否,否,	,否,否,,	,否,	,否,,,否
云米双腔大吸力手势控制智清洁油烟机聚能猛火灶安全烟灶联动套装,251026-022062088603045,未发货，退款成功,1	,正常,2025-10-26 10:40:15,2025-10-27 10:40:16,,	,	,818688568550	,"【烟灶套装】双腔劲吸烟机+5.2KW灶,天然气灶",1786564457087	,大家电,厨房大电,烟灶消套装,	,S2509151411001,	,拦截ZX2510260061440	 ,	,退款成功,,2025-10-26 10:40:16,	,,,,,,,否,否,	,否,	,,1299.0	,0.0	,0.0	,0.0	,10.0	,0.0	,0.0	,0.0	,1299.0	,1299.0	,	,	,山东省,青岛市,胶州市,,,否,否,	,	,	,否,	,	,	,	,	,	,	,	,	,	,	,	,否,否,	,否,否,,	,否,	,否,,,否
云米净水器滤芯家用小海豚小蓝调小白龙系列专用RO反渗透,251026-004204839243924,已发货，待收货,1	,正常,2025-10-26 10:33:01,2025-10-28 10:33:02,,2025-10-26 14:04:53,	,232467205433	,5in1 复合滤芯,1647394585330	,厨房电器,净水器/净水设备及配件耗材,净水器,	,6923185627425	,	,后返，到手价109,	,无售后或售后取消,,2025-10-26 10:33:02,	,,,,,,,否,否,	,否,	,,149.0	,0.0	,0.0	,7.0	,1.06	,0.0	,0.0	,0.0	,142.0	,149.0	,JDV023672484718,京东大件物流,湖北省,黄冈市,武穴市,,,否,否,	,	,	,否,	,	,	,	,	,	,	,	,	,	,	,	,否,否,	,否,否,,	,否,	,否,,,否
【重磅新品】云米净水器600G小海豚升级版厨下式RO反渗透直饮家用,251026-362178220321043,已发货，待收货,1	,正常,2025-10-26 10:22:40,2025-10-27 10:22:40,,2025-10-26 16:23:23,	,225501370546	,【24年新品】600G升级版6年长效,1600502140541	,厨房电器,净水器/净水设备及配件耗材,净水器,	,6923185653684	,6923185616399	,	,	,无售后或售后取消,,2025-10-26 10:22:40,	,,,,,,,否,否,	,否,	,,559.0	,0.0	,0.0	,0.0	,0.0	,0.0	,0.0	,0.0	,559.0	,559.0	,JDV023673023289,京东大件物流,山东省,东营市,广饶县,,,否,否,	,	,	,否,	,	,	,	,	,	,	,	,	,	,	,	,否,否,	,否,否,,	,否,	,否,,,否
【重磅新品】云米净水器600G小海豚升级版厨下式RO反渗透直饮家用,251026-328225277523370,已发货，待收货,1	,正常,2025-10-26 10:22:36,2025-10-27 10:22:37,,2025-10-26 16:23:23,	,225501370546	,【24年新品】600G升级版6年长效,1600502140541	,厨房电器,净水器/净水设备及配件耗材,净水器,	,6923185653684	,6923185616399	,	,	,无售后或售后取消,,2025-10-26 10:22:37,	,,,,,,,否,否,	,否,	,,559.0	,0.0	,0.0	,0.0	,0.0	,0.0	,0.0	,0.0	,559.0	,559.0	,JDV023672999084,京东大件物流,内蒙古自治区,兴安盟,乌兰浩特市,,,否,否,	,	,	,否,	,	,	,	,	,	,	,	,	,	,	,	,否,否,	,否,否,,	,否,	,否,,,否
云米净水器滤芯家用小海豚小蓝调小白龙系列专用RO反渗透,251026-397494208051481,已发货，待收货,1	,正常,2025-10-26 09:58:52,2025-10-28 09:58:52,,2025-10-26 16:23:24,	,232467205433	,5in1 复合滤芯,1647394585330	,厨房电器,净水器/净水设备及配件耗材,净水器,	,6923185627425	,	,补差后返到价109,	,无售后或售后取消,,2025-10-26 09:58:52,	,,,,,,,否,否,	,否,	,,149.0	,0.0	,0.0	,29.8	,0.0	,0.0	,0.0	,0.0	,119.2	,149.0	,JDV023673062402,京东大件物流,广东省,珠海市,香洲区,,,否,否,	,	,	,否,	,	,	,	,	,	,	,	,	,	,	,	,否,否,	,否,否,,	,否,	,否,,,否
【重磅新品】云米净水器600G小海豚升级版厨下式RO反渗透直饮家用,251026-273332334163521,未发货，退款成功,1	,正常,2025-10-26 09:45:44,2025-10-27 09:45:44,,	,	,225501370546	,【24年新品】600G升级版6年长效,1600502140541	,厨房电器,净水器/净水设备及配件耗材,净水器,	,6923185653684	,6923185616399	,聚水潭已取消发货  已退款  委10.26,	,退款成功,,2025-10-26 09:45:44,	,,,,,,,否,否,	,否,	,,559.0	,0.0	,0.0	,0.0	,0.0	,0.0	,0.0	,0.0	,559.0	,559.0	,	,	,江西省,上饶市,广丰区,,,否,否,	,	,	,否,	,	,	,	,	,	,	,	,	,	,	,	,否,否,	,否,否,,	,否,	,否,,,否
云米净水器滤芯家用小海豚小蓝调小白龙系列专用RO反渗透,251026-294419239213116,已发货，待收货,1	,正常,2025-10-26 09:45:23,2025-10-28 09:45:23,,2025-10-26 16:23:25,	,232467205433	,5in1 复合滤芯,1647394585330	,厨房电器,净水器/净水设备及配件耗材,净水器,	,6923185627425	,	,后返，到手价109,	,无售后或售后取消,,2025-10-26 09:45:23,	,,,,,,,否,否,	,否,	,,149.0	,0.0	,0.0	,0.0	,0.0	,0.0	,0.0	,0.0	,149.0	,149.0	,JDV023673022990,京东大件物流,广东省,潮州市,潮安区,,,否,否,	,	,	,否,	,	,	,	,	,	,	,	,	,	,	,	,否,否,	,否,否,,	,否,	,否,,,否
【重磅新品】云米净水器600G小海豚升级版厨下式RO反渗透直饮家用,251026-550890391123270,已发货，待收货,1	,正常,2025-10-26 09:44:08,2025-10-27 09:44:08,,2025-10-26 16:23:24,	,225501370546	,【24年新品】600G升级版6年长效,1600502140541	,厨房电器,净水器/净水设备及配件耗材,净水器,	,6923185653684	,6923185616399	,	,	,无售后或售后取消,,2025-10-26 09:44:08,	,,,,,,,否,否,	,否,	,,559.0	,0.0	,0.0	,0.0	,15.0	,0.0	,0.0	,0.0	,559.0	,559.0	,JDV023673042701,京东大件物流,福建省,漳州市,芗城区,,,否,否,	,	,	,否,	,	,	,	,	,	,	,	,	,	,	,	,否,否,	,否,否,,	,否,	,否,,,否
【重磅新品】云米净水器600G小海豚升级版厨下式RO反渗透直饮家用,251026-041292930643521,未发货，退款成功,1	,正常,2025-10-26 09:44:01,2025-10-27 09:44:01,,	,	,225501370546	,【24年新品】600G升级版6年长效,1600502140541	,厨房电器,净水器/净水设备及配件耗材,净水器,	,6923185653684	,6923185616399	,聚水潭已取消发货  已退款  委10.26,	,退款成功,,2025-10-26 09:44:01,	,,,,,,,否,否,	,否,	,,559.0	,0.0	,0.0	,0.0	,0.0	,0.0	,0.0	,0.0	,559.0	,559.0	,	,	,江西省,上饶市,广丰区,,,否,否,	,	,	,否,	,	,	,	,	,	,	,	,	,	,	,	,否,否,	,否,否,,	,否,	,否,,,否
云米电热水器50/60升洗澡家用浴室速热大容量省电防漏电警示安全,251026-651134319003368,未发货，退款成功,1	,正常,2025-10-26 09:41:29,2025-10-27 09:41:30,,	,	,691819698413	,50L速热加长防电墙5倍增容,1683563098525	,大家电,热水器,电热水器,	,6923185614920	,	,聚水潭已取消发货  已退款  委10.26,	,退款成功,,2025-10-26 09:41:30,	,,,,,,,否,否,	,否,	,,492.0	,0.0	,0.0	,36.9	,0.0	,0.0	,0.0	,0.0	,455.1	,492.0	,	,	,辽宁省,鞍山市,立山区,,,否,否,	,	,	,否,	,	,	,	,	,	,	,	,	,	,	,	,否,否,	,否,否,,	,否,	,否,,,否
【小海豚1000G管线机套装】云米净水器家用厨下一键即热制冷直饮,251026-097706319371594,已取消,1	,正常,	,	,,	,	,246986456918	,【0陈水冷热2件套】1000G+管线机2E,1751903219858	,厨房电器,净水器/净水设备及配件耗材,净水器,	,S2503111808001,	,	,	,无售后或售后取消,,	,	,,,,,,,否,否,	,否,	,,1699.0	,0.0	,329.8	,50.0	,0.0	,0.0	,0.0	,0.0	,1319.2	,1369.2	,	,	,****,****,****,****,,否,否,	,	,	,否,	,	,	,	,	,	,	,	,	,	,	,	,否,否,	,否,	,,	,否,	,否,,,否
云米净水器滤芯家用小海豚小蓝调小白龙系列专用RO反渗透,251026-660907005580717,已发货，待收货,1	,正常,2025-10-26 09:35:50,2025-10-28 09:35:50,,2025-10-26 16:23:25,	,232467205433	,5in1 复合滤芯,1647394585330	,厨房电器,净水器/净水设备及配件耗材,净水器,	,6923185627425	,	,	,	,无售后或售后取消,,2025-10-26 09:35:50,	,,,,,,,否,否,	,否,	,,149.0	,0.0	,0.0	,3.0	,0.18	,0.0	,0.0	,0.0	,146.0	,149.0	,JDV023670449296,京东大件物流,云南省,昆明市,盘龙区,,,否,否,	,	,	,否,	,	,	,	,	,	,	,	,	,	,	,	,否,否,	,否,否,,	,否,	,否,,,否
云米净水器滤芯小蓝调小海豚600G+专用复合滤芯RO反渗透滤芯过滤,251026-156971876643490,已发货，待收货,1	,正常,2025-10-26 09:29:34,2025-10-27 09:29:34,,2025-10-26 14:04:54,	,296967601341	,5in1复合滤芯 2年长效,1600193054565	,厨房电器,净水器/净水设备及配件耗材,净水器,	,6923185627425	,	,后返，到手价99,	,无售后或售后取消,,2025-10-26 09:29:34,	,,,,,,,否,否,	,否,	,,299.0	,0.0	,0.0	,0.0	,0.0	,0.0	,0.0	,0.0	,299.0	,299.0	,JDV023670123021,京东大件物流,河北省,沧州市,任丘市,,,否,否,	,	,	,否,	,	,	,	,	,	,	,	,	,	,	,	,否,否,	,否,否,,	,否,	,否,,,否
云米矿泉台式净饮机即热式饮水机直饮家用矿化加热一体机净水器,251026-540331272601844,已发货，待收货,1	,正常,2025-10-26 09:29:06,2025-10-28 09:29:06,,2025-10-26 16:23:24,	,826920121377	,spuer2,1792670253677	,厨房电器,台式净饮机,台式净饮机,	,6923185615415	,6923185615415	,	,	,无售后或售后取消,,2025-10-26 09:29:06,	,,,,,,,否,否,	,否,	,,1184.0	,0.0	,168.72	,59.2	,0.0	,0.0	,0.0	,0.0	,956.08	,1015.28	,JDV023673069538,京东大件物流,黑龙江省,鹤岗市,工农区,,,否,否,	,	,	,否,	,	,	,	,	,	,	,	,	,	,	,	,否,否,	,否,否,,	,否,	,否,,,否
云米顶侧双吸大吸力低噪油烟机猛火液化气聚能灶智能套装家用厨房,251026-242147694091594,已发货，待收货,1	,正常,2025-10-26 09:14:05,2025-10-27 09:14:05,,2025-10-26 16:23:23,	,674950510509	,【烟灶套装】顶侧双吸烟机+5.0KW灶（天）,1744061180430	,大家电,厨房大电,烟灶消套装,	,S2405071349001,S2501061036001,	,	,无售后或售后取消,,2025-10-26 09:14:05,	,,,,,,,否,否,	,否,	,,1187.0	,0.0	,60.0	,40.0	,0.0	,0.0	,0.0	,0.0	,1087.0	,1127.0	,JDV023673174129,京东大件物流,山西省,忻州市,繁峙县,,,否,否,	,	,	,否,	,	,	,	,	,	,	,	,	,	,	,	,否,否,	,否,否,,	,否,	,否,,,否
【冷热直饮套装】云米净水器家用厨下管线机套装一键即热制冷直饮,251026-085312171641632,已取消,1	,正常,	,	,,	,	,480070620581	,【冷热净水直饮套装】新品净水器+冷热管线机,1620106386127	,厨房电器,净水器/净水设备及配件耗材,净水器,	,S2407170910001,	,	,	,无售后或售后取消,,	,	,,,,,,,否,否,	,否,	,,1429.0	,0.0	,0.0	,142.9	,0.0	,0.0	,0.0	,0.0	,1286.1	,1429.0	,	,	,****,****,****,****,,否,否,	,	,	,否,	,	,	,	,	,	,	,	,	,	,	,	,否,否,	,否,	,,	,否,	,否,,,否
云米净水器滤芯小蓝调小海豚600G+专用复合滤芯RO反渗透滤芯过滤,251026-222665121392097,未发货，退款成功,2	,正常,2025-10-26 09:04:36,2025-10-27 09:04:37,,	,	,296967601341	,5in1复合滤芯 2年长效,1600193054565	,厨房电器,净水器/净水设备及配件耗材,净水器,	,6923185627425	,	,后返，到手价99/根==拦截	ZX2510260061438,	,退款成功,,2025-10-26 09:04:37,	,,,,,,,否,否,	,否,	,,598.0	,0.0	,5.98	,33.0	,0.0	,0.0	,0.0	,0.0	,559.02	,592.02	,	,	,辽宁省,沈阳市,于洪区,,,否,否,	,	,	,否,	,	,	,	,	,	,	,	,	,	,	,	,否,否,	,否,否,,	,否,	,否,,,否
【重磅新品】云米净水器600G小海豚升级版厨下式RO反渗透直饮家用,251026-152966295041326,已发货，待收货,1	,正常,2025-10-26 09:02:34,2025-10-27 09:02:34,,2025-10-26 16:23:24,	,225501370546	,【24年新品】600G升级版6年长效,1600502140541	,厨房电器,净水器/净水设备及配件耗材,净水器,	,6923185653684	,6923185616399	,	,	,无售后或售后取消,,2025-10-26 09:02:34,	,,,,,,,否,否,	,否,	,,559.0	,0.0	,0.0	,0.0	,0.0	,0.0	,0.0	,0.0	,559.0	,559.0	,JDV023672980096,京东大件物流,安徽省,合肥市,瑶海区,,,否,否,	,	,	,否,	,	,	,	,	,	,	,	,	,	,	,	,否,否,	,否,否,,	,否,	,否,,,否
【重磅新品】云米净水器600G小海豚升级版厨下式RO反渗透直饮家用,251026-586300823152097,未发货，退款成功,1	,正常,2025-10-26 09:03:19,2025-10-27 09:03:19,,	,	,225501370546	,【24年新品】600G升级版6年长效,1600502140541	,厨房电器,净水器/净水设备及配件耗材,净水器,	,6923185653684	,6923185616399	,拦截	ZX2510260061438,	,退款成功,,2025-10-26 09:03:19,	,,,,,,,否,否,	,否,	,,559.0	,0.0	,0.0	,0.0	,0.0	,0.0	,0.0	,0.0	,559.0	,559.0	,	,	,辽宁省,沈阳市,于洪区,,,否,否,	,	,	,否,	,	,	,	,	,	,	,	,	,	,	,	,否,否,	,否,否,,	,否,	,否,,,否
云米净水器滤芯小蓝调小海豚600G+专用复合滤芯RO反渗透滤芯过滤,251026-257572258151702,已发货，待收货,1	,正常,2025-10-26 08:45:03,2025-10-27 08:45:03,,2025-10-26 14:04:53,	,296967601341	,5in1复合滤芯 2年长效,1600193054565	,厨房电器,净水器/净水设备及配件耗材,净水器,	,6923185627425	,	,补差后返 到手价99一支,	,无售后或售后取消,,2025-10-26 08:45:03,	,,,,,,,否,否,	,否,	,,299.0	,0.0	,0.0	,0.0	,5.0	,0.0	,0.0	,0.0	,299.0	,299.0	,JDV023670243827,京东大件物流,北京市,北京市,丰台区,,,否,否,	,	,	,否,	,	,	,	,	,	,	,	,	,	,	,	,否,否,	,否,否,,	,否,	,否,,,否
【重磅新品】云米净水器600G小海豚升级版厨下式RO反渗透直饮家用,251026-112910681661369,已发货，待收货,1	,正常,2025-10-26 08:43:49,2025-10-27 08:43:49,,2025-10-26 16:23:24,	,225501370546	,【24年新品】600G升级版6年长效,1600502140541	,厨房电器,净水器/净水设备及配件耗材,净水器,	,6923185653684	,6923185616399	,	,	,无售后或售后取消,,2025-10-26 08:43:49,	,,,,,,,否,否,	,否,	,,559.0	,0.0	,0.0	,0.0	,1.07	,0.0	,0.0	,0.0	,559.0	,559.0	,JDV023673013344,京东大件物流,内蒙古自治区,鄂尔多斯市,东胜区,,,否,否,	,	,	,否,	,	,	,	,	,	,	,	,	,	,	,	,否,否,	,否,否,,	,否,	,否,,,否
云米小厨宝6L电热水器厨房卫生间出水恒温储水式小型速热神器加热,251026-552893181463155,未发货，退款成功,1	,正常,2025-10-26 08:41:53,2025-10-27 08:41:53,,	,	,208073193570	,热水即刻有-【6L】,1801828025682	,大家电,热水器,厨宝,	,6923185611233	,6923185611233	,聚水潭已取消发货 已退款   叶10.26,	,退款成功,,2025-10-26 08:41:53,	,,,,,,,否,否,	,否,	,,280.0	,0.0	,0.0	,50.0	,0.0	,0.0	,0.0	,0.0	,230.0	,280.0	,	,	,四川省,成都市,双流区,,,否,否,	,	,	,否,	,	,	,	,	,	,	,	,	,	,	,	,否,否,	,否,否,,	,否,	,否,,,否
云米小厨宝6L电热水器厨房卫生间出水恒温储水式小型速热神器加热,251026-401457835543155,已发货，待收货,1	,正常,2025-10-26 10:23:40,2025-10-27 10:23:40,,2025-10-26 16:23:24,	,208073193570	,热水即刻有-【6L】,1801828025682	,大家电,热水器,厨宝,	,6923185611233	,6923185611233	,	,	,无售后或售后取消,,2025-10-26 10:23:40,	,,,,,,,否,否,	,否,	,,280.0	,0.0	,0.0	,50.0	,0.0	,0.0	,0.0	,0.0	,230.0	,280.0	,JDV023672178924,京东大件物流,四川省,成都市,双流区,,,否,否,	,	,	,否,	,	,	,	,	,	,	,	,	,	,	,	,否,否,	,否,否,,	,否,	,否,,,否
【重磅新品】云米净水器600G小海豚升级版厨下式RO反渗透直饮家用,251026-639264407911702,已发货，待收货,1	,正常,2025-10-26 08:32:38,2025-10-27 08:32:38,,2025-10-26 16:23:24,	,225501370546	,【24年新品】600G升级版6年长效,1600502140541	,厨房电器,净水器/净水设备及配件耗材,净水器,	,6923185653684	,6923185616399	,	,	,无售后或售后取消,,2025-10-26 08:32:38,	,,,,,,,否,否,	,否,	,,559.0	,0.0	,0.0	,0.0	,15.0	,0.0	,0.0	,0.0	,559.0	,559.0	,JDV023673023029,京东大件物流,北京市,北京市,丰台区,,,否,否,	,	,	,否,	,	,	,	,	,	,	,	,	,	,	,	,否,否,	,否,否,,	,否,	,否,,,否
【母婴直饮】云米净水器 SE 600G+ 新升级厨下式RO反渗透直饮家用,251026-581341069710039,待发货,1	,正常,2025-10-26 08:27:26,2025-12-26 08:27:26,,	,	,819506595979	,【24年新品】600G升级版6年长效,1787046011387	,厨房电器,净水器/净水设备及配件耗材,净水器,	,6923185653684	,6923185616399	,	,	,无售后或售后取消,,2025-10-26 08:27:26,	,,,,,,,否,否,	,否,	,,748.7	,0.0	,134.76	,74.87	,0.0	,0.0	,0.0	,0.0	,539.07	,613.94	,	,	,重庆市,重庆市,璧山区,,,否,否,	,	,	,否,	,	,	,	,	,	,	,	,	,	,	,	,否,否,	,否,否,,	,否,	,否,,,否
【重磅新品】云米净水器600G小海豚升级版厨下式RO反渗透直饮家用,251026-255978380802525,已发货，待收货,1	,正常,2025-10-26 08:20:18,2025-10-27 08:20:19,,2025-10-26 16:23:25,	,225501370546	,【24年新品】600G升级版6年长效,1600502140541	,厨房电器,净水器/净水设备及配件耗材,净水器,	,6923185653684	,6923185616399	,	,	,无售后或售后取消,,2025-10-26 08:20:19,	,,,,,,,否,否,	,否,	,,559.0	,0.0	,0.0	,55.9	,1.0	,0.0	,0.0	,0.0	,503.1	,559.0	,JDV023670263761,京东大件物流,四川省,成都市,双流区,,,否,否,	,	,	,否,	,	,	,	,	,	,	,	,	,	,	,	,否,否,	,否,否,,	,否,	,否,,,否
【小海豚1000G管线机套装】云米净水器家用厨下一键即热制冷直饮,251026-566493222432581,未发货，退款成功,1	,正常,2025-10-26 07:10:31,2025-10-27 07:10:31,,	,	,246986456918	,【0陈水2件套】1000G+净热管线机2S,1751903219859	,厨房电器,净水器/净水设备及配件耗材,净水器,	,S2503111807001,	,聚水潭已取消发货  已退款  委10.26,	,退款成功,,2025-10-26 07:10:31,	,,,,,,,否,否,	,否,	,,1749.0	,0.0	,329.8	,100.0	,0.0	,0.0	,0.0	,0.0	,1319.2	,1419.2	,	,	,安徽省,阜阳市,临泉县,,,否,否,	,	,	,否,	,	,	,	,	,	,	,	,	,	,	,	,否,否,	,否,否,,	,否,	,否,,,否
【重磅新品】云米净水器600G小海豚升级版厨下式RO反渗透直饮家用,251026-193829281330188,已取消,1	,正常,	,	,,	,	,225501370546	,【24年新品】600G升级版6年长效,1600502140541	,厨房电器,净水器/净水设备及配件耗材,净水器,	,6923185653684	,6923185616399	,	,	,无售后或售后取消,,	,	,,,,,,,否,否,	,否,	,,559.0	,0.0	,0.0	,0.0	,0.0	,0.0	,0.0	,0.0	,559.0	,559.0	,	,	,****,****,****,****,,否,否,	,	,	,否,	,	,	,	,	,	,	,	,	,	,	,	,否,否,	,否,	,,	,否,	,否,,,否
【重磅新品】云米净水器600G小海豚升级版厨下式RO反渗透直饮家用,251026-406134484510688,已取消,1	,正常,	,	,,	,	,225501370546	,【24年新品】600G升级版6年长效,1600502140541	,厨房电器,净水器/净水设备及配件耗材,净水器,	,6923185653684	,6923185616399	,	,	,无售后或售后取消,,	,	,,,,,,,否,否,	,否,	,,559.0	,0.0	,0.0	,0.0	,0.0	,0.0	,0.0	,0.0	,559.0	,559.0	,	,	,****,****,****,****,,否,否,	,	,	,否,	,	,	,	,	,	,	,	,	,	,	,	,否,否,	,否,	,,	,否,	,否,,,否
【重磅新品】云米净水器600G小海豚升级版厨下式RO反渗透直饮家用,251026-174357297462422,已取消,1	,正常,	,	,,	,	,225501370546	,【24年新品】600G升级版6年长效,1600502140541	,厨房电器,净水器/净水设备及配件耗材,净水器,	,6923185653684	,6923185616399	,	,	,无售后或售后取消,,	,	,,,,,,,否,否,	,否,	,,559.0	,0.0	,0.0	,55.9	,0.0	,0.0	,0.0	,0.0	,503.1	,559.0	,	,	,****,****,****,****,,否,否,	,	,	,否,	,	,	,	,	,	,	,	,	,	,	,	,否,否,	,否,	,,	,否,	,否,,,否
【重磅新品】云米净水器600G小海豚升级版厨下式RO反渗透直饮家用,251026-494141520302524,已取消,1	,正常,	,	,,	,	,225501370546	,【24年新品】600G升级版6年长效,1600502140541	,厨房电器,净水器/净水设备及配件耗材,净水器,	,6923185653684	,6923185616399	,	,	,无售后或售后取消,,	,	,,,,,,,否,否,	,否,	,,559.0	,0.0	,0.0	,0.0	,0.0	,0.0	,0.0	,0.0	,559.0	,559.0	,	,	,****,****,****,****,,否,否,	,	,	,否,	,	,	,	,	,	,	,	,	,	,	,	,否,否,	,否,	,,	,否,	,否,,,否
【重磅新品】云米净水器600G小海豚升级版厨下式RO反渗透直饮家用,251026-367064594783911,已取消,1	,正常,	,	,,	,	,225501370546	,【24年新品】600G升级版6年长效,1600502140541	,厨房电器,净水器/净水设备及配件耗材,净水器,	,6923185653684	,6923185616399	,	,	,无售后或售后取消,,	,	,,,,,,,否,否,	,否,	,,559.0	,0.0	,0.0	,0.0	,0.0	,0.0	,0.0	,0.0	,559.0	,559.0	,	,	,****,****,****,****,,否,否,	,	,	,否,	,	,	,	,	,	,	,	,	,	,	,	,否,否,	,否,	,,	,否,	,否,,,否
【重磅新品】云米净水器600G小海豚升级版厨下式RO反渗透直饮家用,251026-561124544811951,未发货，退款成功,1	,正常,2025-10-26 00:05:10,2025-10-27 00:05:11,,	,	,225501370546	,【24年新品】600G升级版6年长效,1600502140541	,厨房电器,净水器/净水设备及配件耗材,净水器,	,6923185653684	,6923185616399	,聚水潭已取消发货  已退款  委10.26,	,退款成功,,2025-10-26 00:05:11,	,,,,,,,否,否,	,否,	,,559.0	,0.0	,0.0	,55.9	,0.0	,0.0	,0.0	,0.0	,503.1	,559.0	,	,	,山西省,晋城市,城区,,,否,否,	,	,	,否,	,	,	,	,	,	,	,	,	,	,	,	,否,否,	,否,是,3	,商家,否,	,否,,信用卡分期,否
云米净水器滤芯家用小海豚小蓝调小白龙系列专用RO反渗透,251025-193588171132624,已发货，待收货,1	,正常,2025-10-25 23:55:43,2025-10-27 23:55:43,,2025-10-26 11:25:27,	,232467205433	,5in1 复合滤芯,1647394585330	,厨房电器,净水器/净水设备及配件耗材,净水器,	,6923185627425	,	,到手价109,	,无售后或售后取消,,2025-10-25 23:55:43,	,,,,,,,否,否,	,否,	,,149.0	,0.0	,0.0	,3.0	,0.0	,0.0	,0.0	,0.0	,146.0	,149.0	,JDV023665703371,京东大件物流,重庆市,重庆市,江北区,,,否,否,	,	,	,否,	,	,	,	,	,	,	,	,	,	,	,	,是,是,	,否,否,,	,否,	,否,,,否
云米净饮机X2系列滤芯X2mini mango复合滤芯5in1/6in1 RO反渗透,251025-059622111612624,未发货，退款成功,1	,正常,2025-10-25 23:51:03,2025-10-27 23:51:03,,	,	,243153009643	,5in1复合滤芯,1647361685369	,厨房电器,净水器/净水设备及配件耗材,净水器,	,6923185627425	,6923185614258	,到手价109  聚水潭已取消发货  已退款  委10.26,	,退款成功,,2025-10-25 23:51:03,	,,,,,,,否,否,	,否,	,,149.0	,0.0	,0.0	,6.0	,0.0	,0.0	,0.0	,0.0	,143.0	,149.0	,	,	,重庆市,重庆市,江北区,,,否,否,	,	,	,否,	,	,	,	,	,	,	,	,	,	,	,	,是,是,	,否,否,,	,否,	,否,,,否
【重磅新品】云米净水器600G小海豚升级版厨下式RO反渗透直饮家用,251025-362492772732624,已取消,1	,正常,	,	,,	,	,225501370546	,【24年新品】600G升级版6年长效,1600502140541	,厨房电器,净水器/净水设备及配件耗材,净水器,	,6923185653684	,6923185616399	,	,	,无售后或售后取消,,	,	,,,,,,,否,否,	,否,	,,559.0	,0.0	,0.0	,0.0	,0.0	,0.0	,0.0	,0.0	,559.0	,559.0	,	,	,****,****,****,****,,否,否,	,	,	,否,	,	,	,	,	,	,	,	,	,	,	,	,否,否,	,否,	,,	,否,	,否,,,否
云米净水器滤芯家用小海豚小蓝调小白龙系列专用RO反渗透,251025-187579768412407,已发货，待收货,1	,正常,2025-10-26 09:01:58,2025-10-28 09:01:58,,2025-10-26 14:04:54,	,232467205433	,5in1 复合滤芯,1647394585330	,厨房电器,净水器/净水设备及配件耗材,净水器,	,6923185627425	,	,	,	,无售后或售后取消,,2025-10-26 09:01:58,	,,,,,,,否,否,	,否,	,,149.0	,0.0	,0.0	,0.0	,0.0	,0.0	,0.0	,0.0	,149.0	,149.0	,JDV023672540842,京东大件物流,湖北省,黄石市,大冶市,,,否,否,	,	,	,否,	,	,	,	,	,	,	,	,	,	,	,	,否,否,	,否,否,,	,否,	,否,,,否
【重磅新品】云米净水器600G小海豚升级版厨下式RO反渗透直饮家用,251025-256072794492624,已取消,1	,正常,	,	,,	,	,225501370546	,【24年新品】600G升级版6年长效,1600502140541	,厨房电器,净水器/净水设备及配件耗材,净水器,	,6923185653684	,6923185616399	,	,	,无售后或售后取消,,	,	,,,,,,,否,否,	,否,	,,559.0	,0.0	,0.0	,0.0	,0.0	,0.0	,0.0	,0.0	,559.0	,559.0	,	,	,****,****,****,****,,否,否,	,	,	,否,	,	,	,	,	,	,	,	,	,	,	,	,否,否,	,否,	,,	,否,	,否,,,否
云米净水器滤芯小蓝调小海豚600G+专用复合滤芯RO反渗透滤芯过滤,251025-634388518492407,已发货，待收货,1	,正常,2025-10-26 09:02:30,2025-10-27 09:02:30,,2025-10-26 14:04:54,	,296967601341	,5in1复合滤芯 2年长效,1600193054565	,厨房电器,净水器/净水设备及配件耗材,净水器,	,6923185627425	,	,	,	,无售后或售后取消,,2025-10-26 09:02:30,	,,,,,,,否,否,	,否,	,,299.0	,0.0	,0.0	,0.0	,0.0	,0.0	,0.0	,0.0	,299.0	,299.0	,JDV023672510162,京东大件物流,湖北省,黄石市,大冶市,,,否,否,	,	,	,否,	,	,	,	,	,	,	,	,	,	,	,	,否,否,	,否,否,,	,否,	,否,,,否
【母婴直饮】云米净水器 SE 600G+ 新升级厨下式RO反渗透直饮家用,251025-577859786360962,已发货，待收货,1	,正常,2025-10-25 23:32:10,2025-10-26 23:32:10,,2025-10-26 14:04:54,	,819506595979	,【24年新品】600G升级版6年长效,1787046011387	,厨房电器,净水器/净水设备及配件耗材,净水器,	,6923185653684	,6923185616399	,	,	,无售后或售后取消,,2025-10-25 23:32:10,	,,,,,,,否,否,	,否,	,,748.7	,0.0	,145.74	,20.0	,0.0	,0.0	,0.0	,0.0	,582.96	,602.96	,JDV023667716274,京东大件物流,上海市,上海市,黄浦区,,,否,否,	,	,	,否,	,	,	,	,	,	,	,	,	,	,	,	,否,否,	,否,否,,	,否,	,否,,,否
云米净水器滤芯小蓝调小海豚600G+专用复合滤芯RO反渗透滤芯过滤,251025-169837862441969,已发货，待收货,1	,正常,2025-10-25 23:03:20,2025-10-26 23:03:21,,2025-10-26 11:25:28,	,296967601341	,5in1复合滤芯 2年长效,1600193054565	,厨房电器,净水器/净水设备及配件耗材,净水器,	,6923185627425	,	,补差后返到手价99,	,无售后或售后取消,,2025-10-25 23:03:21,	,,,,,,,否,否,	,否,	,,299.0	,0.0	,0.0	,0.0	,0.0	,0.0	,0.0	,0.0	,299.0	,299.0	,JDV023665164882,京东大件物流,云南省,玉溪市,通海县,,,否,否,	,	,	,否,	,	,	,	,	,	,	,	,	,	,	,	,否,是,	,否,否,,	,否,	,否,,,否
【重磅新品】云米净水器600G小海豚升级版厨下式RO反渗透直饮家用,251025-426361525801969,已发货，待收货,1	,正常,2025-10-25 23:00:34,2025-10-26 23:00:34,,2025-10-26 16:23:25,	,225501370546	,【24年新品】600G升级版6年长效,1600502140541	,厨房电器,净水器/净水设备及配件耗材,净水器,	,6923185653684	,6923185616399	,	,	,无售后或售后取消,,2025-10-25 23:00:34,	,,,,,,,否,否,	,否,	,,559.0	,0.0	,0.0	,0.0	,0.0	,0.0	,0.0	,0.0	,559.0	,559.0	,JDV023670150120,京东大件物流,云南省,玉溪市,通海县,,,否,否,	,	,	,否,	,	,	,	,	,	,	,	,	,	,	,	,否,否,	,否,否,,	,否,	,否,,,否
【重磅新品】云米净水器600G小海豚升级版厨下式RO反渗透直饮家用,251025-073201098332407,已发货，待收货,1	,正常,2025-10-25 22:55:36,2025-10-26 22:55:36,,2025-10-26 11:26:21,	,225501370546	,【24年新品】600G升级版6年长效,1600502140541	,厨房电器,净水器/净水设备及配件耗材,净水器,	,6923185653684	,6923185616399	,	,	,无售后或售后取消,,2025-10-25 22:55:36,	,,,,,,,否,否,	,否,	,,559.0	,0.0	,0.0	,83.0	,0.0	,0.0	,0.0	,0.0	,476.0	,559.0	,JDV023667830548,京东大件物流,湖北省,黄石市,大冶市,,,否,否,	,	,	,否,	,	,	,	,	,	,	,	,	,	,	,	,否,否,	,否,否,,	,否,	,否,,,否
云米顶侧大吸力蓝调油烟机家用厨房节能自清洁一级能效可挥手智控,251025-580575619361917,已发货，待收货,1	,正常,2025-10-25 22:35:37,2025-10-26 22:35:37,,2025-10-26 11:25:27,	,657344402006	,云米智清洁挥手智控单烟机,1723825075586	,大家电,厨房大电,油烟机,	,6923185650973	,6923185650973	,	,	,无售后或售后取消,,2025-10-25 22:35:37,	,,,,,,,否,否,	,否,	,,819.0	,0.0	,0.0	,40.95	,0.0	,0.0	,0.0	,0.0	,778.05	,819.0	,JDV023667752463,京东大件物流,甘肃省,庆阳市,西峰区,,,否,否,	,	,	,否,	,	,	,	,	,	,	,	,	,	,	,	,否,否,	,否,否,,	,否,	,否,,,否
云米小厨宝6L电热水器厨房卫生间出水恒温储水式小型速热神器加热,251025-087765860732316,已取消,1	,正常,	,	,,	,	,208073193570	,热水即刻有-【6L】,1801828025682	,大家电,热水器,厨宝,	,6923185611233	,6923185611233	,	,	,无售后或售后取消,,	,	,,,,,,,否,否,	,否,	,,280.0	,0.0	,0.0	,50.0	,0.0	,0.0	,0.0	,0.0	,230.0	,280.0	,	,	,****,****,****,****,,否,否,	,	,	,否,	,	,	,	,	,	,	,	,	,	,	,	,否,否,	,否,	,,	,否,	,否,,,否
【小海豚1000G管线机套装】云米净水器家用厨下一键即热制冷直饮,251025-457651044651397,已发货，待收货,1	,正常,2025-10-25 22:31:04,2025-10-26 22:31:05,,2025-10-26 11:25:27,	,246986456918	,【0陈水冷热2件套】1000G+管线机2E,1751903219858	,厨房电器,净水器/净水设备及配件耗材,净水器,	,S2503111808001,	,	,	,无售后或售后取消,,2025-10-25 22:31:05,	,,,,,,,否,否,	,否,	,,1699.0	,0.0	,0.0	,20.0	,0.0	,0.0	,0.0	,0.0	,1679.0	,1699.0	,JDV023667676908,京东大件物流,江苏省,徐州市,丰县,,,否,否,	,	,	,否,	,	,	,	,	,	,	,	,	,	,	,	,否,否,	,否,否,,	,否,	,否,,,否
【重磅新品】云米净水器600G小海豚升级版厨下式RO反渗透直饮家用,251025-621627338290321,已发货，待收货,1	,正常,2025-10-25 22:28:48,2025-10-26 22:28:48,,2025-10-26 11:26:21,	,225501370546	,【24年新品】600G升级版6年长效,1600502140541	,厨房电器,净水器/净水设备及配件耗材,净水器,	,6923185653684	,6923185616399	,直播间中奖10元红包,	,无售后或售后取消,,2025-10-25 22:28:48,	,,,,,,,否,否,	,否,	,,559.0	,0.0	,0.0	,55.9	,16.0	,0.0	,0.0	,0.0	,503.1	,559.0	,JDV023667696571,京东大件物流,广东省,东莞市,南城区,,,否,否,	,	,	,否,	,	,	,	,	,	,	,	,	,	,	,	,是,是,	,否,是,3	,商家,否,	,否,,信用卡分期,否
云米矿泉台式净饮机即热式饮水机直饮家用矿化加热一体机净水器,251025-034959562340689,已取消,1	,正常,	,	,,	,	,826920121377	,spuer2,1792670253677	,厨房电器,台式净饮机,台式净饮机,	,6923185615415	,6923185615415	,	,	,无售后或售后取消,,	,	,,,,,,,否,否,	,否,	,,1184.0	,0.0	,168.72	,59.2	,0.0	,0.0	,0.0	,0.0	,956.08	,1015.28	,	,	,****,****,****,****,,否,否,	,	,	,否,	,	,	,	,	,	,	,	,	,	,	,	,否,否,	,否,	,,	,否,	,否,,,否
云米净水器滤芯小蓝调小海豚600G+专用复合滤芯RO反渗透滤芯过滤,251025-213102150062798,已发货，待收货,1	,正常,2025-10-25 22:14:13,2025-10-26 22:14:13,,2025-10-26 11:25:28,	,296967601341	,5in1复合滤芯 2年长效,1600193054565	,厨房电器,净水器/净水设备及配件耗材,净水器,	,6923185627425	,	,到手价99 [viomi莉莉sk 10/25 22:17],	,无售后或售后取消,,2025-10-25 22:14:13,	,,,,,,,否,否,	,否,	,,299.0	,0.0	,0.0	,0.0	,0.2	,0.0	,0.0	,0.0	,299.0	,299.0	,JDV023667853730,京东大件物流,湖北省,武汉市,洪山区,,,否,否,	,	,	,否,	,	,	,	,	,	,	,	,	,	,	,	,否,是,	,否,否,,	,否,	,否,,,否
云米净水器滤芯家用小海豚小蓝调小白龙系列专用RO反渗透,251025-256565635492205,已发货，待收货,1	,正常,2025-10-25 22:13:25,2025-10-27 22:13:25,,2025-10-26 11:25:28,	,232467205433	,5in1 复合滤芯,1647394585330	,厨房电器,净水器/净水设备及配件耗材,净水器,	,6923185627425	,	,补差后返到手价109,	,无售后或售后取消,,2025-10-25 22:13:25,	,,,,,,,否,否,	,否,	,,149.0	,0.0	,0.0	,0.0	,0.0	,0.0	,0.0	,0.0	,149.0	,149.0	,JDV023664658300,京东大件物流,山东省,威海市,乳山市,,,否,否,	,	,	,否,	,	,	,	,	,	,	,	,	,	,	,	,否,否,	,否,否,,	,否,	,否,,,否
云米大容量洗碗机10套家用嵌入式智目洗全自动热风烘干除菌消毒,251025-450006946223438,已取消,1	,正常,	,	,,	,	,245008294548	,智目洗双重烘干10套,1693923633934	,大家电,厨房大电,洗碗机,	,6923185680758	,6923185680758	,	,	,无售后或售后取消,,	,	,,,,,,,否,否,	,否,	,,2098.0	,0.0	,0.0	,0.0	,0.0	,0.0	,0.0	,0.0	,2098.0	,2098.0	,	,	,****,****,****,****,,否,否,	,	,	,否,	,	,	,	,	,	,	,	,	,	,	,	,否,否,	,否,	,,	,否,	,否,,,否
云米大容量洗碗机10套家用嵌入式智目洗全自动热风烘干除菌消毒,251025-009112195503438,已取消,1	,正常,	,	,,	,	,245008294548	,智目洗双重烘干10套,1693923633934	,大家电,厨房大电,洗碗机,	,6923185680758	,6923185680758	,	,	,无售后或售后取消,,	,	,,,,,,,否,否,	,否,	,,2098.0	,0.0	,0.0	,0.0	,0.0	,0.0	,0.0	,0.0	,2098.0	,2098.0	,	,	,****,****,****,****,,否,否,	,	,	,否,	,	,	,	,	,	,	,	,	,	,	,	,否,否,	,否,	,,	,否,	,否,,,否
【25年新品0陈水】云米净水器小海豚2 1000G家用直饮厨下RO反渗透,251025-039604753981997,已发货，待收货,1	,正常,2025-10-25 22:09:31,2025-10-26 22:09:31,,2025-10-26 11:25:27,	,244055989700	,【25年新品0陈水】1000G大通量母婴直饮,1695405849863	,厨房电器,净水器/净水设备及配件耗材,净水器,	,6923185654865	,6923185654865	,	,	,无售后或售后取消,,2025-10-25 22:09:31,	,,,,,,,否,否,	,否,	,,949.0	,0.0	,0.0	,90.0	,1.71	,0.0	,0.0	,0.0	,859.0	,949.0	,JDV023667732817,京东大件物流,江苏省,泰州市,泰兴市,,,否,否,	,	,	,否,	,	,	,	,	,	,	,	,	,	,	,	,否,是,	,否,否,,	,否,	,否,,,否
【重磅新品】云米净水器600G小海豚升级版厨下式RO反渗透直饮家用,251025-028154345780639,已发货，待收货,1	,正常,2025-10-25 22:08:46,2025-10-26 22:08:46,,2025-10-26 11:26:21,	,225501370546	,【24年新品】600G升级版6年长效,1600502140541	,厨房电器,净水器/净水设备及配件耗材,净水器,	,6923185653684	,6923185616399	,	,	,无售后或售后取消,,2025-10-25 22:08:46,	,,,,,,,否,否,	,否,	,,559.0	,0.0	,0.0	,83.0	,0.0	,0.0	,0.0	,0.0	,476.0	,559.0	,JDV023667678571,京东大件物流,天津市,天津市,津南区,,,否,否,	,	,	,否,	,	,	,	,	,	,	,	,	,	,	,	,否,是,	,否,否,,	,否,	,否,,,否
【重磅新品】云米净水器600G小海豚升级版厨下式RO反渗透直饮家用,251025-588712517222758,已取消,1	,正常,	,	,,	,	,225501370546	,【24年新品】600G升级版6年长效,1600502140541	,厨房电器,净水器/净水设备及配件耗材,净水器,	,6923185653684	,6923185616399	,	,	,无售后或售后取消,,	,	,,,,,,,否,否,	,否,	,,559.0	,0.0	,0.0	,0.0	,0.0	,0.0	,0.0	,0.0	,559.0	,559.0	,	,	,****,****,****,****,,否,否,	,	,	,否,	,	,	,	,	,	,	,	,	,	,	,	,否,否,	,否,	,,	,否,	,否,,,否
【重磅新品】云米净水器600G小海豚升级版厨下式RO反渗透直饮家用,251025-112501757542758,已发货，待收货,1	,正常,2025-10-25 22:01:17,2025-10-26 22:01:18,,2025-10-26 11:26:21,	,225501370546	,【24年新品】600G升级版6年长效,1600502140541	,厨房电器,净水器/净水设备及配件耗材,净水器,	,6923185653684	,6923185616399	,	,	,无售后或售后取消,,2025-10-25 22:01:18,	,,,,,,,否,否,	,否,	,,559.0	,0.0	,0.0	,0.0	,0.0	,0.0	,0.0	,0.0	,559.0	,559.0	,JDV023665411314,京东大件物流,重庆市,重庆市,万州区,,,否,否,	,	,	,否,	,	,	,	,	,	,	,	,	,	,	,	,否,否,	,否,否,,	,否,	,否,,,否
云米全自动智能马桶水箱泡沫盾抗菌即热恒温座圈离座冲水小鲸鱼2,251025-048297438730437,已发货，待收货,1	,正常,2025-10-25 21:55:31,2025-10-26 21:55:32,,2025-10-26 14:16:17,	,237591380789	,【智能马桶】300mm,1771263282619	,家装主材,卫浴陶瓷,智能坐便器,	,6923185654599	,小鲸鱼,页面50元装修补贴+晒单赠保温杯+直播间中奖10元红包,	,无售后或售后取消,,2025-10-25 21:55:32,	,,,,,,,否,否,	,否,	,,1264.0	,0.0	,76.0	,100.0	,0.2	,0.0	,0.0	,0.0	,1088.0	,1188.0	,JDLD12876476098,京东大件物流,江西省,吉安市,吉州区,,,否,否,	,	,	,否,	,	,	,	,	,	,	,	,	,	,	,	,是,是,	,否,否,,	,否,	,否,,,否
【重磅新品】云米净水器600G小海豚升级版厨下式RO反渗透直饮家用,251025-483750132081114,已取消,1	,正常,	,	,,	,	,225501370546	,【24年新品】600G升级版6年长效,1600502140541	,厨房电器,净水器/净水设备及配件耗材,净水器,	,6923185653684	,6923185616399	,	,	,无售后或售后取消,,	,	,,,,,,,否,否,	,否,	,,559.0	,0.0	,0.0	,0.0	,0.0	,0.0	,0.0	,0.0	,559.0	,559.0	,	,	,****,****,****,****,,否,否,	,	,	,否,	,	,	,	,	,	,	,	,	,	,	,	,否,否,	,否,	,,	,否,	,否,,,否
【重磅新品】云米净水器600G小海豚升级版厨下式RO反渗透直饮家用,251025-332839063921114,已取消,1	,正常,	,	,,	,	,225501370546	,【24年新品】600G升级版6年长效,1600502140541	,厨房电器,净水器/净水设备及配件耗材,净水器,	,6923185653684	,6923185616399	,	,	,无售后或售后取消,,	,	,,,,,,,否,否,	,否,	,,559.0	,0.0	,0.0	,3.8	,0.0	,0.0	,0.0	,0.0	,555.2	,559.0	,	,	,****,****,****,****,,否,否,	,	,	,否,	,	,	,	,	,	,	,	,	,	,	,	,否,否,	,否,	,,	,否,	,否,,,否
【重磅新品】云米净水器600G小海豚升级版厨下式RO反渗透直饮家用,251025-126689032480240,已发货，待收货,1	,正常,2025-10-25 21:35:52,2025-10-26 21:35:52,,2025-10-26 11:26:22,	,225501370546	,【24年新品】600G升级版6年长效,1600502140541	,厨房电器,净水器/净水设备及配件耗材,净水器,	,6923185653684	,6923185616399	,	,	,无售后或售后取消,,2025-10-25 21:35:52,	,,,,,,,否,否,	,否,	,,559.0	,0.0	,0.0	,0.0	,0.0	,0.0	,0.0	,0.0	,559.0	,559.0	,JDV023667853803,京东大件物流,安徽省,淮南市,寿县,,,否,否,	,	,	,否,	,	,	,	,	,	,	,	,	,	,	,	,否,否,	,否,否,,	,否,	,否,,,否
【昆仑矿泉1000G】云米净水器Super2E厨下式饮水机天然低钠净水机,251025-202050189603573,已取消,1	,正常,	,	,,	,	,227636399053	,【昆仑矿泉】天然好水1000G,1639010612741	,厨房电器,净水器/净水设备及配件耗材,净水器,	,6923185654254	,	,	,	,无售后或售后取消,,	,	,,,,,,,否,否,	,否,	,,1760.0	,0.0	,10.0	,0.0	,0.0	,0.0	,0.0	,0.0	,1750.0	,1750.0	,	,	,****,****,****,****,,否,否,	,	,	,否,	,	,	,	,	,	,	,	,	,	,	,	,否,否,	,否,	,,	,否,	,否,,,否
【重磅新品】云米净水器600G小海豚升级版厨下式RO反渗透直饮家用,251025-343744222873492,已发货，待收货,1	,正常,2025-10-25 21:33:51,2025-10-26 21:33:51,,2025-10-26 11:26:22,	,225501370546	,【24年新品】600G升级版6年长效,1600502140541	,厨房电器,净水器/净水设备及配件耗材,净水器,	,6923185653684	,6923185616399	,	,	,无售后或售后取消,,2025-10-25 21:33:51,	,,,,,,,否,否,	,否,	,,559.0	,0.0	,0.0	,0.0	,15.0	,0.0	,0.0	,0.0	,559.0	,559.0	,JDV023667802360,京东大件物流,江苏省,南京市,秦淮区,,,否,否,	,	,	,否,	,	,	,	,	,	,	,	,	,	,	,	,否,否,	,否,否,,	,否,	,否,,,否
【重磅新品】云米净水器600G小海豚升级版厨下式RO反渗透直饮家用,251025-566503677492516,已发货，待收货,1	,正常,2025-10-25 21:25:49,2025-10-26 21:25:49,,2025-10-26 11:26:22,	,225501370546	,【24年新品】600G升级版6年长效,1600502140541	,厨房电器,净水器/净水设备及配件耗材,净水器,	,6923185653684	,6923185616399	,	,	,无售后或售后取消,,2025-10-25 21:25:49,	,,,,,,,否,否,	,否,	,,559.0	,0.0	,0.0	,0.0	,0.0	,0.0	,0.0	,0.0	,559.0	,559.0	,JDV023665034671,京东大件物流,四川省,巴中市,巴州区,,,否,否,	,	,	,否,	,	,	,	,	,	,	,	,	,	,	,	,否,否,	,否,否,,	,否,	,否,,,否
【重磅新品】云米净水器600G小海豚升级版厨下式RO反渗透直饮家用,251025-240616804740112,已取消,1	,正常,	,	,,	,	,225501370546	,【24年新品】600G升级版6年长效,1600502140541	,厨房电器,净水器/净水设备及配件耗材,净水器,	,6923185653684	,6923185616399	,	,	,无售后或售后取消,,	,	,,,,,,,否,否,	,否,	,,559.0	,0.0	,0.0	,0.0	,0.0	,0.0	,0.0	,0.0	,559.0	,559.0	,	,	,****,****,****,****,,否,否,	,	,	,否,	,	,	,	,	,	,	,	,	,	,	,	,否,否,	,否,	,,	,否,	,否,,,否
【重磅新品】云米净水器600G小海豚升级版厨下式RO反渗透直饮家用,251025-593441657130943,已发货，待收货,1	,正常,2025-10-25 21:20:16,2025-10-26 21:20:16,,2025-10-26 11:26:22,	,225501370546	,【24年新品】600G升级版6年长效,1600502140541	,厨房电器,净水器/净水设备及配件耗材,净水器,	,6923185653684	,6923185616399	,	,	,无售后或售后取消,,2025-10-25 21:20:16,	,,,,,,,否,否,	,否,	,,559.0	,0.0	,0.0	,0.0	,1.11	,0.0	,0.0	,0.0	,559.0	,559.0	,JDV023667720343,京东大件物流,山西省,晋城市,高平市,,,否,否,	,	,	,否,	,	,	,	,	,	,	,	,	,	,	,	,否,否,	,否,否,,	,否,	,否,,,否
云米净水器滤芯小蓝调小海豚600G+专用复合滤芯RO反渗透滤芯过滤,251025-151131318630201,已发货，待收货,1	,正常,2025-10-25 21:20:05,2025-10-26 21:20:05,,2025-10-26 11:25:28,	,296967601341	,5in1复合滤芯 2年长效,1600193054565	,厨房电器,净水器/净水设备及配件耗材,净水器,	,6923185627425	,	,补差后返到手价99,	,无售后或售后取消,,2025-10-25 21:20:05,	,,,,,,,否,否,	,否,	,,299.0	,0.0	,0.0	,0.0	,0.0	,0.0	,0.0	,0.0	,299.0	,299.0	,JDV023664099192,京东大件物流,内蒙古自治区,锡林郭勒盟,锡林浩特市,,,否,否,	,	,	,否,	,	,	,	,	,	,	,	,	,	,	,	,否,否,	,否,否,,	,否,	,否,,,否
【重磅新品】云米净水器600G小海豚升级版厨下式RO反渗透直饮家用,251025-430755101030201,已发货，待收货,1	,正常,2025-10-25 21:19:36,2025-10-26 21:19:36,,2025-10-26 11:26:22,	,225501370546	,【24年新品】600G升级版6年长效,1600502140541	,厨房电器,净水器/净水设备及配件耗材,净水器,	,6923185653684	,6923185616399	,	,	,无售后或售后取消,,2025-10-25 21:19:36,	,,,,,,,否,否,	,否,	,,559.0	,0.0	,0.0	,0.0	,0.0	,0.0	,0.0	,0.0	,559.0	,559.0	,JDV023667716077,京东大件物流,内蒙古自治区,锡林郭勒盟,锡林浩特市,,,否,否,	,	,	,否,	,	,	,	,	,	,	,	,	,	,	,	,否,否,	,否,否,,	,否,	,否,,,否
【重磅新品】云米净水器600G小海豚升级版厨下式RO反渗透直饮家用,251025-538506750382798,已发货，待收货,1	,正常,2025-10-25 21:13:17,2025-10-26 21:13:17,,2025-10-26 11:26:23,	,225501370546	,【24年新品】600G升级版6年长效,1600502140541	,厨房电器,净水器/净水设备及配件耗材,净水器,	,6923185653684	,6923185616399	,	,	,无售后或售后取消,,2025-10-25 21:13:17,	,,,,,,,否,否,	,否,	,,559.0	,0.0	,0.0	,0.0	,1.11	,0.0	,0.0	,0.0	,559.0	,559.0	,JDV023667800713,京东大件物流,湖北省,武汉市,洪山区,,,否,否,	,	,	,否,	,	,	,	,	,	,	,	,	,	,	,	,否,是,	,否,否,,	,否,	,否,,,否
云米智能AI门锁3D指纹密码蓝牙可连大容量续航家用公寓自动安全,251025-581844375182685,已发货，待收货,1	,正常,2025-10-25 21:02:46,2025-10-26 21:02:47,,2025-10-26 11:25:28,	,743885774552	,"云米蓝调指纹密码锁LBT11C,黑色",1734954999916	,基础建材,智能门锁/电子锁,智能门锁/电子锁,	,6923185655381	,6923185655381	,	,	,无售后或售后取消,,2025-10-25 21:02:47,	,,,,,,,否,否,	,否,	,,660.0	,0.0	,40.0	,0.0	,0.0	,0.0	,0.0	,0.0	,620.0	,620.0	,JDV023667678213,京东大件物流,黑龙江省,双鸭山市,集贤县,,,否,否,	,	,	,否,	,	,	,	,	,	,	,	,	,	,	,	,否,否,	,否,否,,	,否,	,否,,,否
【冷热直饮套装】云米净水器家用厨下管线机套装一键即热制冷直饮,251025-515742185851436,未发货，退款成功,1	,正常,2025-10-25 21:02:35,2025-10-26 21:02:36,,	,	,480070620581	,【冷热净水直饮套装】新品净水器+冷热管线机,1620106386127	,厨房电器,净水器/净水设备及配件耗材,净水器,	,S2407170910001,	,聚水潭已取消发货  已退款  委10.26,	,退款成功,,2025-10-25 21:02:36,	,,,,,,,否,否,	,否,	,,1429.0	,0.0	,0.0	,0.0	,0.0	,0.0	,0.0	,0.0	,1429.0	,1429.0	,	,	,江西省,鹰潭市,余江区,,,否,否,	,	,	,否,	,	,	,	,	,	,	,	,	,	,	,	,否,否,	,否,否,,	,否,	,否,,,否
【重磅新品】云米净水器600G小海豚升级版厨下式RO反渗透直饮家用,251025-410936972931346,已发货，待收货,1	,正常,2025-10-25 21:00:55,2025-10-26 21:00:55,,2025-10-26 11:26:23,	,225501370546	,【24年新品】600G升级版6年长效,1600502140541	,厨房电器,净水器/净水设备及配件耗材,净水器,	,6923185653684	,6923185616399	,	,	,无售后或售后取消,,2025-10-25 21:00:55,	,,,,,,,否,否,	,否,	,,559.0	,0.0	,0.0	,0.0	,0.0	,0.0	,0.0	,0.0	,559.0	,559.0	,JDV023667739844,京东大件物流,广东省,佛山市,顺德区,,,否,否,	,	,	,否,	,	,	,	,	,	,	,	,	,	,	,	,否,否,	,否,否,,	,否,	,否,,,否
【重磅新品】云米净水器600G小海豚升级版厨下式RO反渗透直饮家用,251025-266275407491346,已取消,1	,正常,	,	,,	,	,225501370546	,【24年新品】600G升级版6年长效,1600502140541	,厨房电器,净水器/净水设备及配件耗材,净水器,	,6923185653684	,6923185616399	,	,	,无售后或售后取消,,	,	,,,,,,,否,否,	,否,	,,559.0	,0.0	,0.0	,0.0	,0.0	,0.0	,0.0	,0.0	,559.0	,559.0	,	,	,****,****,****,****,,否,否,	,	,	,否,	,	,	,	,	,	,	,	,	,	,	,	,否,否,	,否,	,,	,否,	,否,,,否
【母婴直饮】云米净水器 SE 600G+ 新升级厨下式RO反渗透直饮家用,251025-097779782062798,未发货，退款成功,1	,正常,2025-10-25 20:52:25,2025-10-26 20:52:25,,	,	,819506595979	,【24年新品】600G升级版6年长效,1787046011387	,厨房电器,净水器/净水设备及配件耗材,净水器,	,6923185653684	,6923185616399	,聚水潭已取消发货  已退款  委10.26,	,退款成功,,2025-10-25 20:52:25,	,,,,,,,否,否,	,否,	,,748.7	,0.0	,143.74	,30.0	,0.0	,0.0	,0.0	,0.0	,574.96	,604.96	,	,	,湖北省,武汉市,洪山区,,,否,否,	,	,	,否,	,	,	,	,	,	,	,	,	,	,	,	,否,是,	,否,否,,	,否,	,否,,,否
【重磅新品】云米净水器600G小海豚升级版厨下式RO反渗透直饮家用,251025-110163444142373,已发货，待收货,1	,正常,2025-10-25 20:40:20,2025-10-26 20:40:20,,2025-10-26 11:26:22,	,225501370546	,【24年新品】600G升级版6年长效,1600502140541	,厨房电器,净水器/净水设备及配件耗材,净水器,	,6923185653684	,6923185616399	,	,	,无售后或售后取消,,2025-10-25 20:40:20,	,,,,,,,否,否,	,否,	,,559.0	,0.0	,0.0	,0.0	,0.0	,0.0	,0.0	,0.0	,559.0	,559.0	,JDV023664354605,京东大件物流,四川省,成都市,郫都区,,,否,否,	,	,	,否,	,	,	,	,	,	,	,	,	,	,	,	,否,否,	,否,否,,	,否,	,否,,,否
【小海豚1000G管线机套装】云米净水器家用厨下一键即热制冷直饮,251025-510132231691594,已取消,1	,正常,	,	,,	,	,246986456918	,【0陈水冷热2件套】1000G+管线机2E,1751903219858	,厨房电器,净水器/净水设备及配件耗材,净水器,	,S2503111808001,	,	,	,无售后或售后取消,,	,	,,,,,,,否,否,	,否,	,,1699.0	,0.0	,339.8	,0.0	,0.0	,0.0	,0.0	,0.0	,1359.2	,1359.2	,	,	,****,****,****,****,,否,否,	,	,	,否,	,	,	,	,	,	,	,	,	,	,	,	,否,否,	,否,	,,	,否,	,否,,,否
【重磅新品】云米净水器600G小海豚升级版厨下式RO反渗透直饮家用,251025-194898839062732,已取消,1	,正常,	,	,,	,	,225501370546	,【24年新品】600G升级版6年长效,1600502140541	,厨房电器,净水器/净水设备及配件耗材,净水器,	,6923185653684	,6923185616399	,	,	,无售后或售后取消,,	,	,,,,,,,否,否,	,否,	,,559.0	,0.0	,0.0	,1.0	,0.0	,0.0	,0.0	,0.0	,558.0	,559.0	,	,	,****,****,****,****,,否,否,	,	,	,否,	,	,	,	,	,	,	,	,	,	,	,	,否,否,	,否,	,,	,否,	,否,,,否
云米23立方油烟机燃气灶套装家用厨房顶侧大吸力油烟机5.0KW灶具,251025-623577679360193,已取消,1	,正常,	,	,,	,	,209837375742	,"【烟灶联动】瞬吸烟机+5.0KW灶,液化气",1792607150010	,大家电,厨房大电,烟灶消套装,	,S2411211431001,	,	,	,无售后或售后取消,,	,	,,,,,,,否,否,	,否,	,,1399.0	,0.0	,0.0	,20.0	,0.0	,0.0	,0.0	,0.0	,1379.0	,1399.0	,	,	,****,****,****,****,,否,否,	,	,	,否,	,	,	,	,	,	,	,	,	,	,	,	,否,否,	,否,	,,	,否,	,否,,,否
云米智能AI门锁3D指纹密码蓝牙可连大容量续航家用公寓自动安全,251025-120082983200945,已取消,1	,正常,	,	,,	,	,743885774552	,"云米蓝调指纹密码锁LBT11C,黑色",1734954999916	,基础建材,智能门锁/电子锁,智能门锁/电子锁,	,6923185655381	,6923185655381	,	,	,无售后或售后取消,,	,	,,,,,,,否,否,	,否,	,,660.0	,0.0	,40.0	,0.0	,0.0	,0.0	,0.0	,0.0	,620.0	,620.0	,	,	,****,****,****,****,,否,否,	,	,	,否,	,	,	,	,	,	,	,	,	,	,	,	,否,否,	,否,	,,	,否,	,否,,,否
【重磅新品】云米净水器600G小海豚升级版厨下式RO反渗透直饮家用,251025-637618153870980,已发货，待收货,1	,正常,2025-10-25 20:06:19,2025-10-26 20:06:19,,2025-10-26 14:04:54,	,225501370546	,【24年新品】600G升级版6年长效,1600502140541	,厨房电器,净水器/净水设备及配件耗材,净水器,	,6923185653684	,6923185616399	,	,	,无售后或售后取消,,2025-10-25 20:06:19,	,,,,,,,否,否,	,否,	,,559.0	,0.0	,0.0	,0.0	,0.0	,0.0	,0.0	,0.0	,559.0	,559.0	,JDV023667811837,京东大件物流,江苏省,无锡市,江阴市,,,否,否,	,	,	,否,	,	,	,	,	,	,	,	,	,	,	,	,否,否,	,否,否,,	,否,	,否,,,否
【重磅新品】云米净水器600G小海豚升级版厨下式RO反渗透直饮家用,251025-560537321863862,已发货，待收货,1	,正常,2025-10-25 20:06:00,2025-10-26 20:06:00,,2025-10-26 11:26:23,	,225501370546	,【24年新品】600G升级版6年长效,1600502140541	,厨房电器,净水器/净水设备及配件耗材,净水器,	,6923185653684	,6923185616399	,	,	,无售后或售后取消,,2025-10-25 20:06:00,	,,,,,,,否,否,	,否,	,,559.0	,0.0	,0.0	,1.76	,0.0	,0.0	,0.0	,0.0	,557.24	,559.0	,JDV023664448734,京东大件物流,四川省,成都市,青羊区,,,否,否,	,	,	,否,	,	,	,	,	,	,	,	,	,	,	,	,否,否,	,否,否,,	,否,	,否,,,否
云米23立方油烟机燃气灶套装家用厨房顶侧大吸力油烟机5.0KW灶具,251025-153941512632498,已发货，待收货,1	,正常,2025-10-25 20:03:12,2025-10-26 20:03:12,,2025-10-26 11:25:29,	,209837375742	,"【烟灶联动】瞬吸烟机+5.0KW灶,天然气",1792607150009	,大家电,厨房大电,烟灶消套装,	,S2409261034001,	,	,	,无售后或售后取消,,2025-10-25 20:03:12,	,,,,,,,否,否,	,否,	,,1345.0	,0.0	,60.0	,40.0	,0.0	,0.0	,0.0	,0.0	,1245.0	,1285.0	,JDV023667720091,京东大件物流,河南省,濮阳市,濮阳县,,,否,否,	,	,	,否,	,	,	,	,	,	,	,	,	,	,	,	,否,是,	,否,否,,	,否,	,否,,,否
【母婴直饮】云米净水器 SE 600G+ 新升级厨下式RO反渗透直饮家用,251025-191218357843483,已取消,1	,正常,	,	,,	,	,819506595979	,【24年新品】600G升级版6年长效,1787046011387	,厨房电器,净水器/净水设备及配件耗材,净水器,	,6923185653684	,6923185616399	,	,	,无售后或售后取消,,	,	,,,,,,,否,否,	,否,	,,748.7	,0.0	,149.74	,0.0	,0.0	,0.0	,0.0	,0.0	,598.96	,598.96	,	,	,****,****,****,****,,否,否,	,	,	,否,	,	,	,	,	,	,	,	,	,	,	,	,否,否,	,否,	,,	,否,	,否,,,否
【小海豚1000G管线机套装】云米净水器家用厨下一键即热制冷直饮,251025-490261778762142,已取消,1	,正常,	,	,,	,	,246986456918	,【0陈水冷热2件套】1000G+管线机2E,1751903219858	,厨房电器,净水器/净水设备及配件耗材,净水器,	,S2503111808001,	,	,	,无售后或售后取消,,	,	,,,,,,,否,否,	,否,	,,1699.0	,0.0	,319.8	,100.0	,0.0	,0.0	,0.0	,0.0	,1279.2	,1379.2	,	,	,****,****,****,****,,否,否,	,	,	,否,	,	,	,	,	,	,	,	,	,	,	,	,否,否,	,否,	,,	,否,	,否,,,否
云米净水器滤芯1234号滤芯厨上厨下通用RO反渗透家用400G/600G,251025-363405012583143,已取消,1	,正常,	,	,,	,	,296957182528	,"3号RO反渗透滤芯,400G",1600683136686	,厨房电器,净水器/净水设备及配件耗材,净水器,	,6923185600138	,	,	,	,无售后或售后取消,,	,	,,,,,,,否,否,	,否,	,,439.0	,0.0	,0.0	,10.0	,0.0	,0.0	,0.0	,0.0	,429.0	,439.0	,	,	,****,****,****,****,,否,否,	,	,	,否,	,	,	,	,	,	,	,	,	,	,	,	,是,否,	,否,	,,	,否,	,否,,,否
云米全自动智能马桶水箱泡沫盾抗菌即热恒温座圈离座冲水小鲸鱼2,251025-537709842752327,已发货，待收货,1	,正常,2025-10-25 19:49:05,2025-10-26 19:49:05,,2025-10-26 14:05:45,	,237591380789	,【智能马桶】300mm,1771263282619	,家装主材,卫浴陶瓷,智能坐便器,	,6923185654599	,小鲸鱼,	,	,无售后或售后取消,,2025-10-25 19:49:05,	,,,,,,,否,否,	,否,	,,1299.0	,0.0	,0.0	,64.95	,0.2	,0.0	,0.0	,0.0	,1234.05	,1299.0	,JDLD12876404504,京东大件物流,浙江省,丽水市,莲都区,,,否,否,	,	,	,否,	,	,	,	,	,	,	,	,	,	,	,	,否,否,	,否,否,,	,否,	,否,,,否
【小海豚1000G管线机套装】云米净水器家用厨下一键即热制冷直饮,251025-362838781523711,已取消,1	,正常,	,	,,	,	,246986456918	,【0陈水冷热2件套】1000G+管线机2E,1751903219858	,厨房电器,净水器/净水设备及配件耗材,净水器,	,S2503111808001,	,	,	,无售后或售后取消,,	,	,,,,,,,否,否,	,否,	,,1699.0	,0.0	,339.2	,3.0	,0.0	,0.0	,0.0	,0.0	,1356.8	,1359.8	,	,	,****,****,****,****,,否,否,	,	,	,否,	,	,	,	,	,	,	,	,	,	,	,	,否,否,	,否,	,,	,否,	,否,,,否
【重磅新品】云米净水器600G小海豚升级版厨下式RO反渗透直饮家用,251025-458699620640945,已发货，待收货,1	,正常,2025-10-25 19:37:33,2025-10-26 19:37:33,,2025-10-26 11:26:24,	,225501370546	,【24年新品】600G升级版6年长效,1600502140541	,厨房电器,净水器/净水设备及配件耗材,净水器,	,6923185653684	,6923185616399	,	,	,无售后或售后取消,,2025-10-25 19:37:33,	,,,,,,,否,否,	,否,	,,559.0	,0.0	,0.0	,55.9	,0.0	,0.0	,0.0	,0.0	,503.1	,559.0	,JDV023663480874,京东大件物流,新疆维吾尔自治区,自治区直辖县级行政区划,阿拉尔市,,,否,否,	,	,	,否,	,	,	,	,	,	,	,	,	,	,	,	,否,否,	,否,否,,	,否,	,否,,,否
【重磅新品】云米净水器600G小海豚升级版厨下式RO反渗透直饮家用,251025-615639990620860,已取消,1	,正常,	,	,,	,	,225501370546	,【24年新品】600G升级版6年长效,1600502140541	,厨房电器,净水器/净水设备及配件耗材,净水器,	,6923185653684	,6923185616399	,	,	,无售后或售后取消,,	,	,,,,,,,否,否,	,否,	,,559.0	,0.0	,0.0	,0.0	,0.0	,0.0	,0.0	,0.0	,559.0	,559.0	,	,	,****,****,****,****,,否,否,	,	,	,否,	,	,	,	,	,	,	,	,	,	,	,	,否,否,	,否,	,,	,否,	,否,,,否
【重磅新品】云米净水器600G小海豚升级版厨下式RO反渗透直饮家用,251025-657939556710201,未发货，退款成功,1	,正常,2025-10-25 19:29:55,2025-10-26 19:29:55,,	,	,225501370546	,【24年新品】600G升级版6年长效,1600502140541	,厨房电器,净水器/净水设备及配件耗材,净水器,	,6923185653684	,6923185616399	,聚水潭已取消发货 已退款   叶10.25,	,退款成功,,2025-10-25 19:29:55,	,,,,,,,否,否,	,否,	,,559.0	,0.0	,0.0	,0.0	,0.0	,0.0	,0.0	,0.0	,559.0	,559.0	,	,	,内蒙古自治区,锡林郭勒盟,锡林浩特市,,,否,否,	,	,	,否,	,	,	,	,	,	,	,	,	,	,	,	,否,否,	,否,否,,	,否,	,否,,,否
云米净水器滤芯小蓝调小海豚600G+专用复合滤芯RO反渗透滤芯过滤,251025-293486006630201,未发货，退款成功,1	,正常,2025-10-25 19:29:37,2025-10-26 19:29:37,,	,	,296967601341	,5in1复合滤芯 2年长效,1600193054565	,厨房电器,净水器/净水设备及配件耗材,净水器,	,6923185627425	,	,补差后返到手价99==聚水潭已取消发货 已退款   叶10.25,	,退款成功,,2025-10-25 19:29:37,	,,,,,,,否,否,	,否,	,,299.0	,0.0	,0.0	,0.0	,0.0	,0.0	,0.0	,0.0	,299.0	,299.0	,	,	,内蒙古自治区,锡林郭勒盟,锡林浩特市,,,否,否,	,	,	,否,	,	,	,	,	,	,	,	,	,	,	,	,否,否,	,否,否,,	,否,	,否,,,否
【母婴直饮】云米净水器 SE 600G+ 新升级厨下式RO反渗透直饮家用,251025-645304184441701,已发货，待收货,1	,正常,2025-10-25 19:23:49,2025-10-26 19:23:50,,2025-10-26 11:25:29,	,819506595979	,【24年新品】600G升级版6年长效,1787046011387	,厨房电器,净水器/净水设备及配件耗材,净水器,	,6923185653684	,6923185616399	,	,	,无售后或售后取消,,2025-10-25 19:23:50,	,,,,,,,否,否,	,否,	,,748.7	,0.0	,131.77	,89.84	,0.0	,0.0	,0.0	,0.0	,527.09	,616.93	,JDV023667725221,京东大件物流,山东省,聊城市,东昌府区,,,否,否,	,	,	,否,	,	,	,	,	,	,	,	,	,	,	,	,否,否,	,否,否,,	,否,	,否,,,否
【重磅新品】云米净水器600G小海豚升级版厨下式RO反渗透直饮家用,251025-375956477560616,已发货，待收货,1	,正常,2025-10-25 19:06:54,2025-10-26 19:06:54,,2025-10-26 11:26:24,	,225501370546	,【24年新品】600G升级版6年长效,1600502140541	,厨房电器,净水器/净水设备及配件耗材,净水器,	,6923185653684	,6923185616399	,	,	,无售后或售后取消,,2025-10-25 19:06:54,	,,,,,,,否,否,	,否,	,,559.0	,0.0	,0.0	,83.0	,0.0	,0.0	,0.0	,0.0	,476.0	,559.0	,JDV023667696284,京东大件物流,河南省,许昌市,禹州市,,,否,否,	,	,	,否,	,	,	,	,	,	,	,	,	,	,	,	,否,否,	,否,否,,	,否,	,否,,,否
【重磅新品】云米净水器600G小海豚升级版厨下式RO反渗透直饮家用,251025-399727685240616,未发货，退款成功,1	,正常,2025-10-25 19:05:28,2025-10-26 19:05:28,,	,	,225501370546	,【24年新品】600G升级版6年长效,1600502140541	,厨房电器,净水器/净水设备及配件耗材,净水器,	,6923185653684	,6923185616399	,聚水潭已取消发货 已退款   叶10.25,	,退款成功,,2025-10-25 19:05:28,	,,,,,,,否,否,	,否,	,,559.0	,0.0	,0.0	,83.0	,0.0	,0.0	,0.0	,0.0	,476.0	,559.0	,	,	,河南省,许昌市,禹州市,,,否,否,	,	,	,否,	,	,	,	,	,	,	,	,	,	,	,	,否,否,	,否,否,,	,否,	,否,,,否
【重磅新品】云米净水器600G小海豚升级版厨下式RO反渗透直饮家用,251025-045277550182368,已发货，待收货,1	,正常,2025-10-25 19:04:53,2025-10-26 19:04:53,,2025-10-26 11:26:23,	,225501370546	,【24年新品】600G升级版6年长效,1600502140541	,厨房电器,净水器/净水设备及配件耗材,净水器,	,6923185653684	,6923185616399	,	,	,无售后或售后取消,,2025-10-25 19:04:53,	,,,,,,,否,否,	,否,	,,559.0	,0.0	,0.0	,55.89	,0.0	,0.0	,0.0	,0.0	,503.11	,559.0	,JDV023667782326,京东大件物流,江西省,抚州市,黎川县,,,否,否,	,	,	,否,	,	,	,	,	,	,	,	,	,	,	,	,否,否,	,否,否,,	,否,	,否,,,否
云米小厨宝6L电热水器厨房卫生间出水恒温储水式小型速热神器加热,251025-278774495651675,已发货，待收货,1	,正常,2025-10-25 18:56:28,2025-10-26 18:56:28,,2025-10-26 11:25:30,	,208073193570	,热水即刻有-【6L】,1801828025682	,大家电,热水器,厨宝,	,6923185611233	,6923185611233	,	,	,无售后或售后取消,,2025-10-25 18:56:28,	,,,,,,,否,否,	,否,	,,259.0	,0.0	,0.0	,0.0	,0.0	,0.0	,0.0	,0.0	,259.0	,259.0	,JDV023667719712,京东大件物流,河北省,石家庄市,裕华区,,,否,否,	,	,	,否,	,	,	,	,	,	,	,	,	,	,	,	,否,是,	,否,否,,	,否,	,否,,,否
【重磅新品】云米净水器600G小海豚升级版厨下式RO反渗透直饮家用,251025-182976519782368,未发货，退款成功,1	,正常,2025-10-25 18:56:08,2025-10-26 18:56:08,,	,	,225501370546	,【24年新品】600G升级版6年长效,1600502140541	,厨房电器,净水器/净水设备及配件耗材,净水器,	,6923185653684	,6923185616399	,聚水潭已取消发货 已退款   叶10.25,	,退款成功,,2025-10-25 18:56:08,	,,,,,,,否,否,	,否,	,,559.0	,0.0	,0.0	,55.9	,0.0	,0.0	,0.0	,0.0	,503.1	,559.0	,	,	,江西省,抚州市,黎川县,,,否,否,	,	,	,否,	,	,	,	,	,	,	,	,	,	,	,	,否,否,	,否,否,,	,否,	,否,,,否
【重磅新品】云米净水器600G小海豚升级版厨下式RO反渗透直饮家用,251025-175091300703135,已发货，待收货,1	,正常,2025-10-25 18:54:40,2025-10-26 18:54:40,,2025-10-26 11:26:23,	,225501370546	,【24年新品】600G升级版6年长效,1600502140541	,厨房电器,净水器/净水设备及配件耗材,净水器,	,6923185653684	,6923185616399	,	,	,无售后或售后取消,,2025-10-25 18:54:40,	,,,,,,,否,否,	,否,	,,559.0	,0.0	,0.0	,0.0	,0.0	,0.0	,0.0	,0.0	,559.0	,559.0	,JDV023667739591,京东大件物流,广东省,潮州市,饶平县,,,否,否,	,	,	,否,	,	,	,	,	,	,	,	,	,	,	,	,否,否,	,否,否,,	,否,	,否,,,否
云米小厨宝6L电热水器厨房卫生间出水恒温储水式小型速热神器加热,251025-070978179491675,已取消,1	,正常,	,	,,	,	,208073193570	,热水即刻有-【6L】,1801828025682	,大家电,热水器,厨宝,	,6923185611233	,6923185611233	,	,	,无售后或售后取消,,	,	,,,,,,,否,否,	,否,	,,259.0	,0.0	,0.0	,0.0	,0.0	,0.0	,0.0	,0.0	,259.0	,259.0	,	,	,****,****,****,****,,否,否,	,	,	,否,	,	,	,	,	,	,	,	,	,	,	,	,否,否,	,否,	,,	,否,	,否,,,否
云米净饮机X2系列滤芯X2mini mango复合滤芯5in1/6in1 RO反渗透,251025-064948867470241,已发货，待收货,1	,正常,2025-10-25 18:49:23,2025-10-27 18:49:23,,2025-10-26 11:25:30,	,243153009643	,X2/X2 Pro RO反渗透滤芯,1360931817931	,厨房电器,净水器/净水设备及配件耗材,净水器,	,6923185616177	,6923185614258	,	,	,无售后或售后取消,,2025-10-25 18:49:23,	,,,,,,,否,否,	,否,	,,189.0	,0.0	,0.0	,0.0	,0.0	,0.0	,0.0	,0.0	,189.0	,189.0	,JDV023667719703,京东大件物流,四川省,成都市,双流区,,,否,否,	,	,	,否,	,	,	,	,	,	,	,	,	,	,	,	,否,否,	,否,否,,	,否,	,否,,,否
云米水槽下水器垃圾处理器粉碎机下水道厨余搅碎机抑菌厨房家用,251025-162508368252192,已发货，待收货,1	,正常,2025-10-25 18:44:40,2025-10-26 18:44:41,,2025-10-26 11:25:29,	,826132418811	,【智能】厨余垃圾处理器,1791634668325	,厨房电器,食物垃圾处理机,食物垃圾处理机,	,6923185610250	,6923185610250	,	,	,无售后或售后取消,,2025-10-25 18:44:41,	,,,,,,,否,否,	,否,	,,889.0	,0.0	,48.0	,32.0	,0.0	,0.0	,0.0	,0.0	,809.0	,841.0	,JDV023667677950,京东大件物流,浙江省,杭州市,临安区,,,否,否,	,	,	,否,	,	,	,	,	,	,	,	,	,	,	,	,否,否,	,否,否,,	,否,	,否,,,否
云米智能AI门锁3D指纹密码蓝牙可连大容量续航家用公寓自动安全,251025-474155651410914,已发货，待收货,1	,正常,2025-10-25 18:34:28,2025-10-26 18:34:28,,2025-10-26 11:25:29,	,743885774552	,"云米蓝调指纹密码锁LBT11C,黑色",1734954999916	,基础建材,智能门锁/电子锁,智能门锁/电子锁,	,6923185655381	,6923185655381	,	,	,无售后或售后取消,,2025-10-25 18:34:28,	,,,,,,,否,否,	,否,	,,660.0	,0.0	,40.0	,50.0	,1.14	,0.0	,0.0	,0.0	,570.0	,620.0	,JDV023667715726,京东大件物流,福建省,福州市,平潭县,,,否,否,	,	,	,否,	,	,	,	,	,	,	,	,	,	,	,	,否,否,	,否,否,,	,否,	,否,,,否
【重磅新品】云米净水器600G小海豚升级版厨下式RO反渗透直饮家用,251025-273363843414089,已发货，待收货,1	,正常,2025-10-25 18:31:57,2025-10-26 18:31:57,,2025-10-26 11:26:23,	,225501370546	,【24年新品】600G升级版6年长效,1600502140541	,厨房电器,净水器/净水设备及配件耗材,净水器,	,6923185653684	,6923185616399	,	,	,无售后或售后取消,,2025-10-25 18:31:57,	,,,,,,,否,否,	,否,	,,559.0	,0.0	,0.0	,55.9	,1.0	,0.0	,0.0	,0.0	,503.1	,559.0	,JDV023667811720,京东大件物流,浙江省,杭州市,萧山区,,,否,否,	,	,	,否,	,	,	,	,	,	,	,	,	,	,	,	,否,否,	,否,否,,	,否,	,否,,,否
云米顶侧大吸力蓝调油烟机家用厨房节能自清洁一级能效可挥手智控,251025-685055752630550,已取消,1	,正常,	,	,,	,	,657344402006	,云米智清洁挥手智控单烟机,1723825075586	,大家电,厨房大电,油烟机,	,6923185650973	,6923185650973	,	,	,无售后或售后取消,,	,	,,,,,,,否,否,	,否,	,,789.0	,0.0	,0.0	,0.0	,0.0	,0.0	,0.0	,0.0	,789.0	,789.0	,	,	,****,****,****,****,,否,否,	,	,	,否,	,	,	,	,	,	,	,	,	,	,	,	,否,否,	,否,	,,	,否,	,否,,,否
云米60升AI速热高温抑菌电热水器3000W一级节能变频增容家用租房,251025-492579121443128,已发货，待收货,1	,正常,2025-10-25 18:20:26,2025-10-26 18:20:26,,2025-10-26 11:25:31,	,226368376224	,3000W速热安全60L热水器,1737176648260	,大家电,热水器,电热水器,	,6923185602224	,6923185602224	,差价84，到手价572 [viomi诺诺sk 10/25 18:21],	,无售后或售后取消,,2025-10-25 18:20:26,	,,,,,,,否,否,	,否,	,,656.0	,0.0	,0.0	,0.0	,0.0	,0.0	,0.0	,0.0	,656.0	,656.0	,JDV023667706464,京东大件物流,山东省,青岛市,市南区,,,否,否,	,	,	,否,	,	,	,	,	,	,	,	,	,	,	,	,否,否,	,否,否,,	,否,	,否,,,否
云米100L消毒柜家用超薄嵌入式大容量厨房独立消毒烘干ZTD100A-1,251025-569754315130165,已取消,1	,正常,	,	,,	,	,220820325711	,嵌入式100L消毒柜,1644782695193	,大家电,厨房大电,消毒柜,	,6923185604303	,6923185604303	,	,	,无售后或售后取消,,	,	,,,,,,,否,否,	,否,	,,840.0	,0.0	,0.0	,0.0	,0.0	,0.0	,0.0	,0.0	,840.0	,840.0	,	,	,****,****,****,****,,否,否,	,	,	,否,	,	,	,	,	,	,	,	,	,	,	,	,否,否,	,否,	,,	,否,	,否,,,否
【母婴直饮】云米净水器 SE 600G+ 新升级厨下式RO反渗透直饮家用,251025-491362793892086,已取消,1	,正常,	,	,,	,	,819506595979	,【24年新品】600G升级版6年长效,1787046011387	,厨房电器,净水器/净水设备及配件耗材,净水器,	,6923185653684	,6923185616399	,	,	,无售后或售后取消,,	,	,,,,,,,否,否,	,否,	,,748.7	,0.0	,145.74	,20.0	,0.0	,0.0	,0.0	,0.0	,582.96	,602.96	,	,	,****,****,****,****,,否,否,	,	,	,否,	,	,	,	,	,	,	,	,	,	,	,	,否,否,	,否,	,,	,否,	,否,,,否
【母婴直饮】云米净水器 SE 600G+ 新升级厨下式RO反渗透直饮家用,251025-289679675812086,已取消,1	,正常,	,	,,	,	,819506595979	,【24年新品】600G升级版6年长效,1787046011387	,厨房电器,净水器/净水设备及配件耗材,净水器,	,6923185653684	,6923185616399	,	,	,无售后或售后取消,,	,	,,,,,,,否,否,	,否,	,,748.7	,0.0	,139.74	,50.0	,0.0	,0.0	,0.0	,0.0	,558.96	,608.96	,	,	,****,****,****,****,,否,否,	,	,	,否,	,	,	,	,	,	,	,	,	,	,	,	,否,否,	,否,	,,	,否,	,否,,,否
云米60升AI速热高温抑菌电热水器3000W一级节能变频增容家用租房,251025-363069520220705,已发货，待收货,1	,正常,2025-10-25 18:12:04,2025-10-26 18:12:04,,2025-10-26 11:25:31,	,226368376224	,3000W速热安全60L热水器,1737176648260	,大家电,热水器,电热水器,	,6923185602224	,6923185602224	,	,	,无售后或售后取消,,2025-10-25 18:12:04,	,,,,,,,否,否,	,否,	,,656.0	,0.0	,0.0	,0.0	,0.0	,0.0	,0.0	,0.0	,656.0	,656.0	,JDV023667724402,京东大件物流,江西省,抚州市,崇仁县,,,否,否,	,	,	,否,	,	,	,	,	,	,	,	,	,	,	,	,否,否,	,否,否,,	,否,	,否,,,否
云米智能双胆电热水器扁桶家用速热储水式60L超薄抑菌节能大水量,251025-323055829410927,已发货，待收货,1	,正常,2025-10-25 18:06:50,2025-10-26 18:06:50,,2025-10-26 11:25:30,	,290130975552	,"纤薄安全节能60L,双胆扁桶",1756848157332	,大家电,热水器,电热水器,	,6923185610410	,6923185610410	,	,	,无售后或售后取消,,2025-10-25 18:06:50,	,,,,,,,否,否,	,否,	,,797.0	,0.0	,0.0	,39.85	,0.0	,0.0	,0.0	,0.0	,757.15	,797.0	,JDV023667724599,京东大件物流,北京市,北京市,昌平区,,,否,否,	,	,	,否,	,	,	,	,	,	,	,	,	,	,	,	,否,否,	,否,否,,	,否,	,否,,,否
【重磅新品】云米净水器600G小海豚升级版厨下式RO反渗透直饮家用,251025-099950324010403,已取消,1	,正常,	,	,,	,	,225501370546	,【24年新品】600G升级版6年长效,1600502140541	,厨房电器,净水器/净水设备及配件耗材,净水器,	,6923185653684	,6923185616399	,	,	,无售后或售后取消,,	,	,,,,,,,否,否,	,否,	,,559.0	,0.0	,0.0	,0.0	,0.0	,0.0	,0.0	,0.0	,559.0	,559.0	,	,	,****,****,****,****,,否,否,	,	,	,否,	,	,	,	,	,	,	,	,	,	,	,	,否,否,	,否,	,,	,否,	,否,,,否
云米净水器滤芯小蓝调小海豚600G+专用复合滤芯RO反渗透滤芯过滤,251025-340210532652267,已发货，待收货,1	,正常,2025-10-25 17:44:05,2025-10-26 17:44:06,,2025-10-26 11:25:31,	,296967601341	,5in1复合滤芯 2年长效,1600193054565	,厨房电器,净水器/净水设备及配件耗材,净水器,	,6923185627425	,	,	,	,无售后或售后取消,,2025-10-25 17:44:06,	,,,,,,,否,否,	,否,	,,299.0	,0.0	,0.0	,7.0	,0.0	,0.0	,0.0	,0.0	,292.0	,299.0	,JDV023661267631,京东大件物流,河北省,邢台市,信都区,,,否,否,	,	,	,否,	,	,	,	,	,	,	,	,	,	,	,	,否,否,	,否,否,,	,否,	,否,,,否
【重磅新品】云米净水器600G小海豚升级版厨下式RO反渗透直饮家用,251025-662280651111537,已发货，待收货,1	,正常,2025-10-25 17:44:54,2025-10-26 17:44:54,,2025-10-26 11:26:24,	,225501370546	,【24年新品】600G升级版6年长效,1600502140541	,厨房电器,净水器/净水设备及配件耗材,净水器,	,6923185653684	,6923185616399	,	,	,无售后或售后取消,,2025-10-25 17:44:54,	,,,,,,,否,否,	,否,	,,559.0	,0.0	,0.0	,0.0	,0.2	,0.0	,0.0	,0.0	,559.0	,559.0	,JDV023662369222,京东大件物流,四川省,成都市,龙泉驿区,,,否,否,	,	,	,否,	,	,	,	,	,	,	,	,	,	,	,	,否,否,	,否,否,,	,否,	,否,,,否
【重磅新品】云米净水器600G小海豚升级版厨下式RO反渗透直饮家用,251025-490198843820920,已发货，待收货,1	,正常,2025-10-25 17:42:58,2025-10-26 17:42:58,,2025-10-26 11:26:25,	,225501370546	,【24年新品】600G升级版6年长效,1600502140541	,厨房电器,净水器/净水设备及配件耗材,净水器,	,6923185653684	,6923185616399	,	,	,无售后或售后取消,,2025-10-25 17:42:58,	,,,,,,,否,否,	,否,	,,559.0	,0.0	,0.0	,0.0	,0.0	,0.0	,0.0	,0.0	,559.0	,559.0	,JDV023667830260,京东大件物流,安徽省,合肥市,肥东县,,,否,否,	,	,	,否,	,	,	,	,	,	,	,	,	,	,	,	,否,否,	,否,否,,	,否,	,否,,,否
云米净水器滤芯小蓝调小海豚600G+专用复合滤芯RO反渗透滤芯过滤,251025-521121318542034,未发货，退款成功,1	,正常,2025-10-25 17:30:40,2025-10-26 17:30:41,,	,	,296967601341	,5in1复合滤芯 2年长效,1600193054565	,厨房电器,净水器/净水设备及配件耗材,净水器,	,6923185627425	,	,补差后返到手价99==拦截	ZX2510250061189 ,	,退款成功,,2025-10-25 17:30:41,	,,,,,,,否,否,	,否,	,,299.0	,0.0	,0.0	,0.0	,0.0	,0.0	,0.0	,0.0	,299.0	,299.0	,	,	,辽宁省,大连市,沙河口区,,,否,否,	,	,	,否,	,	,	,	,	,	,	,	,	,	,	,	,否,是,	,否,否,,	,否,	,否,,,否
云米顶侧大吸力蓝调油烟机家用厨房节能自清洁一级能效可挥手智控,251025-091289086302729,已发货，待收货,1	,正常,2025-10-25 17:29:23,2025-10-26 17:29:23,,2025-10-26 11:25:29,	,657344402006	,云米智清洁挥手智控单烟机,1723825075586	,大家电,厨房大电,油烟机,	,6923185650973	,6923185650973	,	,	,无售后或售后取消,,2025-10-25 17:29:23,	,,,,,,,否,否,	,否,	,,789.0	,0.0	,0.0	,30.0	,0.0	,0.0	,0.0	,0.0	,759.0	,789.0	,JDV023667706698,京东大件物流,内蒙古自治区,鄂尔多斯市,伊金霍洛旗,,,否,否,	,	,	,否,	,	,	,	,	,	,	,	,	,	,	,	,否,否,	,否,否,,	,否,	,否,,,否
云米净水器滤芯小蓝调小海豚600G+专用复合滤芯RO反渗透滤芯过滤,251025-542690547342034,未发货，退款成功,1	,正常,2025-10-25 17:22:27,2025-10-26 17:22:27,,	,	,296967601341	,5in1复合滤芯 2年长效,1600193054565	,厨房电器,净水器/净水设备及配件耗材,净水器,	,6923185627425	,	,补差后返到手价99==拦截	ZX2510250061189,	,退款成功,,2025-10-25 17:22:27,	,,,,,,,否,否,	,否,	,,299.0	,0.0	,0.0	,0.0	,0.0	,0.0	,0.0	,0.0	,299.0	,299.0	,	,	,辽宁省,大连市,沙河口区,,,否,否,	,	,	,否,	,	,	,	,	,	,	,	,	,	,	,	,否,是,	,否,否,,	,否,	,否,,,否
【重磅新品】云米净水器600G小海豚升级版厨下式RO反渗透直饮家用,251025-004162854542034,未发货，退款成功,1	,正常,2025-10-25 17:22:01,2025-10-26 17:22:01,,	,	,225501370546	,【24年新品】600G升级版6年长效,1600502140541	,厨房电器,净水器/净水设备及配件耗材,净水器,	,6923185653684	,6923185616399	,聚水潭已取消发货 已退款   叶10.25,	,退款成功,,2025-10-25 17:22:01,	,,,,,,,否,否,	,否,	,,559.0	,0.0	,0.0	,0.0	,2.0	,0.0	,0.0	,0.0	,559.0	,559.0	,	,	,辽宁省,大连市,沙河口区,,,否,否,	,	,	,否,	,	,	,	,	,	,	,	,	,	,	,	,否,是,	,否,否,,	,否,	,否,,,否
【重磅新品】云米净水器600G小海豚升级版厨下式RO反渗透直饮家用,251025-470915489423165,已发货，待收货,1	,正常,2025-10-25 17:20:44,2025-10-26 17:20:44,,2025-10-26 11:26:25,	,225501370546	,【24年新品】600G升级版6年长效,1600502140541	,厨房电器,净水器/净水设备及配件耗材,净水器,	,6923185653684	,6923185616399	,	,	,无售后或售后取消,,2025-10-25 17:20:44,	,,,,,,,否,否,	,否,	,,559.0	,0.0	,0.0	,55.9	,0.0	,0.0	,0.0	,0.0	,503.1	,559.0	,JDV023667739098,京东大件物流,广东省,汕头市,金平区,,,否,否,	,	,	,否,	,	,	,	,	,	,	,	,	,	,	,	,否,否,	,否,否,,	,否,	,否,,,否
云米电热水器50/60升洗澡家用浴室速热大容量省电防漏电警示安全,251025-317194299732154,已发货，待收货,1	,正常,2025-10-25 17:17:33,2025-10-26 17:17:33,,2025-10-25 21:03:03,	,691819698413	,50L速热加长防电墙5倍增容,1683563098525	,大家电,热水器,电热水器,	,6923185614920	,	,	,	,无售后或售后取消,,2025-10-25 17:17:33,	,,,,,,,否,否,	,否,	,,492.0	,0.0	,0.0	,0.0	,0.0	,0.0	,0.0	,0.0	,492.0	,492.0	,JDLD12876288932,京东大件物流,广东省,汕头市,潮南区,,,否,否,	,	,	,否,	,	,	,	,	,	,	,	,	,	,	,	,否,否,	,否,否,,	,否,	,否,,,否
云米AI燃气热水器智控恒温防冻节能安全水质净化精准控温13L强排,251025-200624116060291,已发货，待收货,1	,正常,2025-10-25 17:14:49,2025-10-26 17:14:49,,2025-10-26 11:25:29,	,773161065181	,智控恒温燃气热水器,1755671371526	,大家电,热水器,燃气热水器,	,6923185655688	,6923185655688	,	,	,无售后或售后取消,,2025-10-25 17:14:49,	,,,,,,,否,否,	,否,	,,698.99	,0.0	,0.0	,34.94	,0.0	,0.0	,0.0	,0.0	,664.05	,698.99	,JDV023667698427,京东大件物流,山东省,青岛市,平度市,,,否,否,	,	,	,否,	,	,	,	,	,	,	,	,	,	,	,	,否,否,	,否,否,,	,否,	,否,,,否
云米智能洗碗机10套热风烘干消毒嵌入式洗烘存一体家用IronA1,251025-218198229352713,待发货,1	,正常,2025-10-25 17:16:19,2025-11-05 17:16:19,,	,	,223485946991	,Iron A1消毒除菌洗碗机10套,1357746713795	,大家电,厨房大电,洗碗机,	,6923185616375	,6923185616375	,	,	,无售后或售后取消,,2025-10-25 17:16:19,	,,,,,,,否,否,	,否,	,,1559.0	,0.0	,0.0	,0.0	,3.11	,0.0	,0.0	,0.0	,1559.0	,1559.0	,	,	,四川省,泸州市,合江县,,,否,否,	,	,	,否,	,	,	,	,	,	,	,	,	,	,	,	,否,否,	,否,否,,	,否,	,否,,,否
【母婴直饮】云米净水器 SE 600G+ 新升级厨下式RO反渗透直饮家用,251025-603088494080326,已取消,1	,正常,	,	,,	,	,819506595979	,【24年新品】600G升级版6年长效,1787046011387	,厨房电器,净水器/净水设备及配件耗材,净水器,	,6923185653684	,6923185616399	,	,	,无售后或售后取消,,	,	,,,,,,,否,否,	,否,	,,748.7	,0.0	,148.74	,5.0	,0.0	,0.0	,0.0	,0.0	,594.96	,599.96	,	,	,****,****,****,****,,否,否,	,	,	,否,	,	,	,	,	,	,	,	,	,	,	,	,否,否,	,否,	,,	,否,	,否,,,否
云米顶侧大吸力蓝调油烟机家用厨房节能自清洁一级能效可挥手智控,251025-407875172751128,已发货，待收货,1	,正常,2025-10-25 17:03:19,2025-10-26 17:03:19,,2025-10-25 19:49:14,	,657344402006	,云米智清洁挥手智控单烟机,1723825075586	,大家电,厨房大电,油烟机,	,6923185650973	,6923185650973	,	,	,无售后或售后取消,,2025-10-25 17:03:19,	,,,,,,,否,否,	,否,	,,789.0	,0.0	,0.0	,39.45	,0.0	,0.0	,0.0	,0.0	,749.55	,789.0	,JDV023661299885,京东大件物流,福建省,莆田市,城厢区,,,否,否,	,	,	,否,	,	,	,	,	,	,	,	,	,	,	,	,否,否,	,否,否,,	,否,	,否,,,否
云米电热水器家用洗澡租房储水式速热抑菌节能省电卫生间40/60升,251025-080656504450256,已发货，待收货,1	,正常,2025-10-25 17:01:29,2025-10-26 17:01:29,,2025-10-25 21:02:55,	,227645754240	,"速热抑菌洗-40L,全国联保送货上门安装8年质保",1645458252843	,大家电,热水器,电热水器,	,6923185681281	,	,	,	,无售后或售后取消,,2025-10-25 17:01:29,	,,,,,,,否,否,	,否,	,,377.33	,0.0	,0.0	,14.0	,0.2	,0.0	,0.0	,0.0	,363.33	,377.33	,JDLD12876264347,京东大件物流,福建省,福州市,晋安区,,,否,否,	,	,	,否,	,	,	,	,	,	,	,	,	,	,	,	,否,否,	,否,否,,	,否,	,否,,,否
【重磅新品】云米净水器600G小海豚升级版厨下式RO反渗透直饮家用,251025-397305526682781,已发货，待收货,1	,正常,2025-10-25 16:50:48,2025-10-26 16:50:48,,2025-10-26 11:26:24,	,225501370546	,【24年新品】600G升级版6年长效,1600502140541	,厨房电器,净水器/净水设备及配件耗材,净水器,	,6923185653684	,6923185616399	,	,	,无售后或售后取消,,2025-10-25 16:50:48,	,,,,,,,否,否,	,否,	,,559.0	,0.0	,0.0	,0.0	,0.0	,0.0	,0.0	,0.0	,559.0	,559.0	,JDV023667817083,京东大件物流,安徽省,合肥市,包河区,,,否,否,	,	,	,否,	,	,	,	,	,	,	,	,	,	,	,	,否,否,	,否,否,,	,否,	,否,,,否
云米净水器滤芯家用小海豚小蓝调小白龙系列专用RO反渗透,251025-158314032662943,已发货，待收货,1	,正常,2025-10-25 16:44:02,2025-10-27 16:44:03,,2025-10-25 19:48:47,	,232467205433	,5in1 复合滤芯,1647394585330	,厨房电器,净水器/净水设备及配件耗材,净水器,	,6923185627425	,	,补差后返到手价109,	,无售后或售后取消,,2025-10-25 16:44:03,	,,,,,,,否,否,	,否,	,,149.0	,0.0	,0.0	,7.0	,0.18	,0.0	,0.0	,0.0	,142.0	,149.0	,JDV023660369386,京东大件物流,福建省,泉州市,晋江市,,,否,否,	,	,	,否,	,	,	,	,	,	,	,	,	,	,	,	,否,否,	,否,否,,	,否,	,否,,,否
云米智能AI门锁3D指纹密码蓝牙可连大容量续航家用公寓自动安全,251025-332377690500905,已发货，待收货,1	,正常,2025-10-25 16:42:24,2025-10-26 16:42:25,,2025-10-26 11:25:31,	,743885774552	,"云米蓝调指纹密码锁LBT11C,黑色",1734954999916	,基础建材,智能门锁/电子锁,智能门锁/电子锁,	,6923185655381	,6923185655381	,	,	,无售后或售后取消,,2025-10-25 16:42:25,	,,,,,,,否,否,	,否,	,,660.0	,0.0	,40.0	,2.78	,1.23	,0.0	,0.0	,0.0	,617.22	,620.0	,JDV023667811593,京东大件物流,江苏省,苏州市,相城区,,,否,否,	,	,	,否,	,	,	,	,	,	,	,	,	,	,	,	,否,否,	,否,否,,	,否,	,否,,,否
【重磅新品】云米净水器600G小海豚升级版厨下式RO反渗透直饮家用,251025-229732585803640,已发货，待收货,1	,正常,2025-10-25 16:33:33,2025-10-26 16:33:33,,2025-10-26 11:26:26,	,225501370546	,【24年新品】600G升级版6年长效,1600502140541	,厨房电器,净水器/净水设备及配件耗材,净水器,	,6923185653684	,6923185616399	,	,	,无售后或售后取消,,2025-10-25 16:33:33,	,,,,,,,否,否,	,否,	,,559.0	,0.0	,0.0	,3.0	,1.11	,0.0	,0.0	,0.0	,556.0	,559.0	,JDV023667853507,京东大件物流,湖北省,武汉市,硚口区,,,否,否,	,	,	,否,	,	,	,	,	,	,	,	,	,	,	,	,否,否,	,否,否,,	,否,	,否,,,否
【重磅新品】云米净水器600G小海豚升级版厨下式RO反渗透直饮家用,251025-216908491083640,未发货，退款成功,1	,正常,2025-10-25 16:31:56,2025-10-26 16:31:57,,	,	,225501370546	,【24年新品】600G升级版6年长效,1600502140541	,厨房电器,净水器/净水设备及配件耗材,净水器,	,6923185653684	,6923185616399	,聚水潭已取消发货 已退款   叶10.25,	,退款成功,,2025-10-25 16:31:57,	,,,,,,,否,否,	,否,	,,559.0	,0.0	,0.0	,3.0	,1.11	,0.0	,0.0	,0.0	,556.0	,559.0	,	,	,湖北省,武汉市,武汉经济技术开发区,,,否,否,	,	,	,否,	,	,	,	,	,	,	,	,	,	,	,	,否,否,	,否,否,,	,否,	,否,,,否
云米电热水器家用洗澡租房储水式速热抑菌节能省电卫生间40/60升,251025-495850636871151,已取消,1	,正常,	,	,,	,	,227645754240	,"速热抑菌洗-40L,全国联保送货上门安装8年质保",1645458252843	,大家电,热水器,电热水器,	,6923185681281	,	,	,	,无售后或售后取消,,	,	,,,,,,,否,否,	,否,	,,377.33	,0.0	,0.0	,0.0	,0.0	,0.0	,0.0	,0.0	,377.33	,377.33	,	,	,****,****,****,****,,否,否,	,	,	,否,	,	,	,	,	,	,	,	,	,	,	,	,否,否,	,否,	,,	,否,	,否,,,否
云米矿泉台式净饮机即热式饮水机直饮家用矿化加热一体机净水器,251025-404939149613012,已取消,1	,正常,	,	,,	,	,826920121377	,spuer2,1792670253677	,厨房电器,台式净饮机,台式净饮机,	,6923185615415	,6923185615415	,	,	,无售后或售后取消,,	,	,,,,,,,否,否,	,否,	,,1184.0	,0.0	,177.6	,0.0	,0.0	,0.0	,0.0	,0.0	,1006.4	,1006.4	,	,	,****,****,****,****,,否,否,	,	,	,否,	,	,	,	,	,	,	,	,	,	,	,	,否,否,	,否,	,,	,否,	,否,,,否
【重磅新品】云米净水器600G小海豚升级版厨下式RO反渗透直饮家用,251025-221763418471850,已取消,1	,正常,	,	,,	,	,225501370546	,【24年新品】600G升级版6年长效,1600502140541	,厨房电器,净水器/净水设备及配件耗材,净水器,	,6923185653684	,6923185616399	,	,	,无售后或售后取消,,	,	,,,,,,,否,否,	,否,	,,559.0	,0.0	,0.0	,0.0	,0.0	,0.0	,0.0	,0.0	,559.0	,559.0	,	,	,****,****,****,****,,否,否,	,	,	,否,	,	,	,	,	,	,	,	,	,	,	,	,否,否,	,否,	,,	,否,	,否,,,否
【重磅新品】云米净水器600G小海豚升级版厨下式RO反渗透直饮家用,251025-257383472770460,已取消,1	,正常,	,	,,	,	,225501370546	,【24年新品】600G升级版6年长效,1600502140541	,厨房电器,净水器/净水设备及配件耗材,净水器,	,6923185653684	,6923185616399	,	,	,无售后或售后取消,,	,	,,,,,,,否,否,	,否,	,,559.0	,0.0	,0.0	,0.0	,0.0	,0.0	,0.0	,0.0	,559.0	,559.0	,	,	,****,****,****,****,,否,否,	,	,	,否,	,	,	,	,	,	,	,	,	,	,	,	,否,否,	,否,	,,	,否,	,否,,,否
云米智能双胆电热水器扁桶家用速热储水式60L超薄抑菌节能大水量,251025-034624039220722,已发货，待收货,1	,正常,2025-10-25 16:07:06,2025-10-26 16:07:06,,2025-10-25 19:48:47,	,290130975552	,"纤薄安全节能60L,双胆扁桶",1756848157332	,大家电,热水器,电热水器,	,6923185610410	,6923185610410	,	,	,无售后或售后取消,,2025-10-25 16:07:06,	,,,,,,,否,否,	,否,	,,797.0	,0.0	,0.0	,0.0	,0.0	,0.0	,0.0	,0.0	,797.0	,797.0	,JDV023660369161,京东大件物流,北京市,北京市,丰台区,,,否,否,	,	,	,否,	,	,	,	,	,	,	,	,	,	,	,	,否,否,	,否,否,,	,否,	,否,,,否
【重磅新品】云米净水器600G小海豚升级版厨下式RO反渗透直饮家用,251025-249372393872066,已发货，待收货,1	,正常,2025-10-25 16:03:26,2025-10-26 16:03:26,,2025-10-25 19:48:46,	,225501370546	,【24年新品】600G升级版6年长效,1600502140541	,厨房电器,净水器/净水设备及配件耗材,净水器,	,6923185653684	,6923185616399	,	,	,无售后或售后取消,,2025-10-25 16:03:26,	,,,,,,,否,否,	,否,	,,559.0	,0.0	,0.0	,0.0	,0.0	,0.0	,0.0	,0.0	,559.0	,559.0	,JDV023661020385,京东大件物流,北京市,北京市,朝阳区,,,否,否,	,	,	,否,	,	,	,	,	,	,	,	,	,	,	,	,否,否,	,否,否,,	,否,	,否,,,否
【重磅新品】云米净水器600G小海豚升级版厨下式RO反渗透直饮家用,251025-048601525852110,已发货，待收货,1	,正常,2025-10-25 16:02:44,2025-10-26 16:02:44,,2025-10-25 19:48:47,	,225501370546	,【24年新品】600G升级版6年长效,1600502140541	,厨房电器,净水器/净水设备及配件耗材,净水器,	,6923185653684	,6923185616399	,	,	,无售后或售后取消,,2025-10-25 16:02:44,	,,,,,,,否,否,	,否,	,,559.0	,0.0	,0.0	,0.0	,0.2	,0.0	,0.0	,0.0	,559.0	,559.0	,JDV023661070659,京东大件物流,福建省,福州市,福清市,,,否,否,	,	,	,否,	,	,	,	,	,	,	,	,	,	,	,	,否,否,	,否,否,,	,否,	,否,,,否
云米净水器滤芯家用小海豚小蓝调小白龙系列专用RO反渗透,251025-389441186191385,已发货，待收货,1	,正常,2025-10-25 15:51:11,2025-10-27 15:51:11,,2025-10-25 19:48:48,	,232467205433	,5in1 复合滤芯,1647394585330	,厨房电器,净水器/净水设备及配件耗材,净水器,	,6923185627425	,	,后返到手价109,	,无售后或售后取消,,2025-10-25 15:51:11,	,,,,,,,否,否,	,否,	,,149.0	,0.0	,0.0	,0.0	,0.0	,0.0	,0.0	,0.0	,149.0	,149.0	,JDV023659120250,京东大件物流,山东省,德州市,禹城市,,,否,否,	,	,	,否,	,	,	,	,	,	,	,	,	,	,	,	,否,否,	,否,否,,	,否,	,否,,,否
云米净水器滤芯小蓝调小海豚600G+专用复合滤芯RO反渗透滤芯过滤,251025-450908711270257,已发货，待收货,1	,正常,2025-10-25 15:47:16,2025-10-26 15:47:16,,2025-10-25 19:48:47,	,296967601341	,5in1复合滤芯 2年长效,1600193054565	,厨房电器,净水器/净水设备及配件耗材,净水器,	,6923185627425	,	,后返，到手价99,	,无售后或售后取消,,2025-10-25 15:47:16,	,,,,,,,否,否,	,否,	,,299.0	,0.0	,0.0	,3.0	,0.0	,0.0	,0.0	,0.0	,296.0	,299.0	,JDV023660376101,京东大件物流,广东省,揭阳市,榕城区,,,否,否,	,	,	,否,	,	,	,	,	,	,	,	,	,	,	,	,否,否,	,否,否,,	,否,	,否,,,否
【重磅新品】云米净水器600G小海豚升级版厨下式RO反渗透直饮家用,251025-578205847910257,已发货，待收货,1	,正常,2025-10-25 15:45:50,2025-10-26 15:45:50,,2025-10-25 19:48:46,	,225501370546	,【24年新品】600G升级版6年长效,1600502140541	,厨房电器,净水器/净水设备及配件耗材,净水器,	,6923185653684	,6923185616399	,	,	,无售后或售后取消,,2025-10-25 15:45:50,	,,,,,,,否,否,	,否,	,,559.0	,0.0	,0.0	,55.9	,0.0	,0.0	,0.0	,0.0	,503.1	,559.0	,JDV023661193588,京东大件物流,广东省,揭阳市,榕城区,,,否,否,	,	,	,否,	,	,	,	,	,	,	,	,	,	,	,	,否,否,	,否,是,3	,商家,否,	,否,,信用卡分期,否
【重磅新品】云米净水器600G小海豚升级版厨下式RO反渗透直饮家用,251025-643595005462608,已取消,1	,正常,	,	,,	,	,225501370546	,【24年新品】600G升级版6年长效,1600502140541	,厨房电器,净水器/净水设备及配件耗材,净水器,	,6923185653684	,6923185616399	,	,	,无售后或售后取消,,	,	,,,,,,,否,否,	,否,	,,559.0	,0.0	,0.0	,0.0	,0.0	,0.0	,0.0	,0.0	,559.0	,559.0	,	,	,****,****,****,****,,否,否,	,	,	,否,	,	,	,	,	,	,	,	,	,	,	,	,否,否,	,否,	,,	,否,	,否,,,否
【重磅新品】云米净水器600G小海豚升级版厨下式RO反渗透直饮家用,251025-369151188632483,已发货，待收货,1	,正常,2025-10-25 15:28:32,2025-10-26 15:28:32,,2025-10-26 11:26:26,	,225501370546	,【24年新品】600G升级版6年长效,1600502140541	,厨房电器,净水器/净水设备及配件耗材,净水器,	,6923185653684	,6923185616399	,	,	,无售后或售后取消,,2025-10-25 15:28:32,	,,,,,,,否,否,	,否,	,,559.0	,0.0	,0.0	,55.9	,0.0	,0.0	,0.0	,0.0	,503.1	,559.0	,JDV023667800327,京东大件物流,江西省,抚州市,黎川县,,,否,否,	,	,	,否,	,	,	,	,	,	,	,	,	,	,	,	,否,否,	,否,否,,	,否,	,否,,,否
云米顶侧大吸力蓝调油烟机家用厨房节能自清洁一级能效可挥手智控,251025-121163006303742,已取消,1	,正常,	,	,,	,	,657344402006	,云米智清洁挥手智控单烟机,1723825075586	,大家电,厨房大电,油烟机,	,6923185650973	,6923185650973	,	,	,无售后或售后取消,,	,	,,,,,,,否,否,	,否,	,,789.0	,0.0	,0.0	,0.0	,0.0	,0.0	,0.0	,0.0	,789.0	,789.0	,	,	,****,****,****,****,,否,否,	,	,	,否,	,	,	,	,	,	,	,	,	,	,	,	,否,否,	,否,	,,	,否,	,否,,,否
云米顶侧大吸力蓝调油烟机家用厨房节能自清洁一级能效可挥手智控,251025-356956280473899,已发货，待收货,1	,正常,2025-10-25 15:10:02,2025-10-26 15:10:02,,2025-10-25 19:48:47,	,657344402006	,云米智清洁挥手智控单烟机,1723825075586	,大家电,厨房大电,油烟机,	,6923185650973	,6923185650973	,	,	,无售后或售后取消,,2025-10-25 15:10:02,	,,,,,,,否,否,	,否,	,,789.0	,0.0	,0.0	,100.0	,0.0	,0.0	,0.0	,0.0	,689.0	,789.0	,JDV023660369306,京东大件物流,河北省,廊坊市,霸州市,,,否,否,	,	,	,否,	,	,	,	,	,	,	,	,	,	,	,	,否,否,	,否,否,,	,否,	,否,,,否
【重磅新品】云米净水器600G小海豚升级版厨下式RO反渗透直饮家用,251025-632060721540293,已取消,1	,正常,	,	,,	,	,225501370546	,【24年新品】600G升级版6年长效,1600502140541	,厨房电器,净水器/净水设备及配件耗材,净水器,	,6923185653684	,6923185616399	,	,	,无售后或售后取消,,	,	,,,,,,,否,否,	,否,	,,559.0	,0.0	,0.0	,0.0	,0.0	,0.0	,0.0	,0.0	,559.0	,559.0	,	,	,****,****,****,****,,否,否,	,	,	,否,	,	,	,	,	,	,	,	,	,	,	,	,否,否,	,否,	,,	,否,	,否,,,否
【重磅新品】云米净水器600G小海豚升级版厨下式RO反渗透直饮家用,251025-217642494281671,已发货，待收货,1	,正常,2025-10-25 14:57:25,2025-10-26 14:57:25,,2025-10-25 19:48:47,	,225501370546	,【24年新品】600G升级版6年长效,1600502140541	,厨房电器,净水器/净水设备及配件耗材,净水器,	,6923185653684	,6923185616399	,	,	,无售后或售后取消,,2025-10-25 14:57:25,	,,,,,,,否,否,	,否,	,,559.0	,0.0	,0.0	,0.0	,0.0	,0.0	,0.0	,0.0	,559.0	,559.0	,JDV023660363186,京东大件物流,北京市,北京市,海淀区,,,否,否,	,	,	,否,	,	,	,	,	,	,	,	,	,	,	,	,否,否,	,否,否,,	,否,	,否,,,否
云米净水器滤芯小蓝调小海豚600G+专用复合滤芯RO反渗透滤芯过滤,251025-276341747221709,已发货，退款成功,1	,正常,2025-10-25 14:57:22,2025-10-26 14:57:22,,2025-10-25 19:48:48,	,296967601341	,5in1复合滤芯 2年长效,1600193054565	,厨房电器,净水器/净水设备及配件耗材,净水器,	,6923185627425	,	,99 [viomi英英sk 10/25 14:58]===退款200 [viomi诺诺sk 10/26 17:45]==【补差】平台已退200元 叶10.26,	,退款成功,,2025-10-25 14:57:22,	,,,,,,,否,否,	,否,	,,299.0	,0.0	,0.0	,0.0	,0.2	,0.0	,0.0	,0.0	,299.0	,299.0	,JDV023660375705,京东大件物流,广东省,茂名市,化州市,,,否,否,	,	,	,否,	,	,	,	,	,	,	,	,	,	,	,	,否,否,	,否,否,,	,否,	,否,,,否
云米小厨宝6L电热水器厨房卫生间出水恒温储水式小型速热神器加热,251025-120397566380870,已发货，待收货,1	,正常,2025-10-25 14:41:48,2025-10-26 14:41:48,,2025-10-25 19:48:48,	,208073193570	,热水即刻有-【6L】,1801828025682	,大家电,热水器,厨宝,	,6923185611233	,6923185611233	,	,	,无售后或售后取消,,2025-10-25 14:41:48,	,,,,,,,否,否,	,否,	,,259.0	,0.0	,0.0	,9.0	,0.0	,0.0	,0.0	,0.0	,250.0	,259.0	,JDV023660368486,京东大件物流,江苏省,宿迁市,泗阳县,,,否,否,	,	,	,否,	,	,	,	,	,	,	,	,	,	,	,	,否,否,	,否,否,,	,否,	,否,,,否
【母婴直饮】云米净水器 SE 600G+ 新升级厨下式RO反渗透直饮家用,251025-022659776803490,已发货，待收货,1	,正常,2025-10-25 14:36:29,2025-10-26 14:36:29,,2025-10-25 19:48:48,	,819506595979	,【24年新品】600G升级版6年长效,1787046011387	,厨房电器,净水器/净水设备及配件耗材,净水器,	,6923185653684	,6923185616399	,	,	,无售后或售后取消,,2025-10-25 14:36:29,	,,,,,,,否,否,	,否,	,,748.7	,0.0	,149.74	,0.0	,0.0	,0.0	,0.0	,0.0	,598.96	,598.96	,JDV023660384030,京东大件物流,河北省,沧州市,任丘市,,,否,否,	,	,	,否,	,	,	,	,	,	,	,	,	,	,	,	,否,否,	,否,否,,	,否,	,否,,,否
【重磅新品】云米净水器600G小海豚升级版厨下式RO反渗透直饮家用,251025-202763190660293,已取消,1	,正常,	,	,,	,	,225501370546	,【24年新品】600G升级版6年长效,1600502140541	,厨房电器,净水器/净水设备及配件耗材,净水器,	,6923185653684	,6923185616399	,	,	,无售后或售后取消,,	,	,,,,,,,否,否,	,否,	,,559.0	,0.0	,0.0	,0.0	,0.0	,0.0	,0.0	,0.0	,559.0	,559.0	,	,	,****,****,****,****,,否,否,	,	,	,否,	,	,	,	,	,	,	,	,	,	,	,	,否,否,	,否,	,,	,否,	,否,,,否
云米小厨宝6L电热水器厨房卫生间出水恒温储水式小型速热神器加热,251025-393813748052168,已发货，待收货,1	,正常,2025-10-25 14:26:07,2025-10-26 14:26:07,,2025-10-25 19:48:48,	,208073193570	,热水即刻有-【6L】,1801828025682	,大家电,热水器,厨宝,	,6923185611233	,6923185611233	,	,	,无售后或售后取消,,2025-10-25 14:26:07,	,,,,,,,否,否,	,否,	,,259.0	,0.0	,0.0	,0.0	,0.2	,0.0	,0.0	,0.0	,259.0	,259.0	,JDV023660336465,京东大件物流,江苏省,淮安市,淮安区,,,否,否,	,	,	,否,	,	,	,	,	,	,	,	,	,	,	,	,否,否,	,否,否,,	,否,	,否,,,否
【重磅新品】云米净水器600G小海豚升级版厨下式RO反渗透直饮家用,251025-507374487100639,已发货，待收货,1	,正常,2025-10-25 14:24:19,2025-10-26 14:24:19,,2025-10-25 19:48:47,	,225501370546	,【24年新品】600G升级版6年长效,1600502140541	,厨房电器,净水器/净水设备及配件耗材,净水器,	,6923185653684	,6923185616399	,	,	,无售后或售后取消,,2025-10-25 14:24:19,	,,,,,,,否,否,	,否,	,,559.0	,0.0	,0.0	,0.0	,0.0	,0.0	,0.0	,0.0	,559.0	,559.0	,JDV023660368880,京东大件物流,重庆市,重庆市,璧山区,,,否,否,	,	,	,否,	,	,	,	,	,	,	,	,	,	,	,	,否,否,	,否,否,,	,否,	,否,,,否
【母婴直饮】云米净水器 SE 600G+ 新升级厨下式RO反渗透直饮家用,251025-472907856213982,已发货，待收货,1	,正常,2025-10-25 14:20:53,2025-10-26 14:20:53,,2025-10-25 19:48:47,	,819506595979	,【24年新品】600G升级版6年长效,1787046011387	,厨房电器,净水器/净水设备及配件耗材,净水器,	,6923185653684	,6923185616399	,	,	,无售后或售后取消,,2025-10-25 14:20:53,	,,,,,,,否,否,	,否,	,,748.7	,0.0	,138.34	,57.0	,0.0	,0.0	,0.0	,0.0	,553.36	,610.36	,JDV023660368970,京东大件物流,福建省,莆田市,荔城区,,,否,否,	,	,	,否,	,	,	,	,	,	,	,	,	,	,	,	,否,否,	,否,是,3	,商家,否,	,否,,信用卡分期,否
【重磅新品】云米净水器600G小海豚升级版厨下式RO反渗透直饮家用,251025-567961270611834,已发货，待收货,1	,正常,2025-10-25 14:18:35,2025-10-26 14:18:36,,2025-10-25 19:48:48,	,225501370546	,【24年新品】600G升级版6年长效,1600502140541	,厨房电器,净水器/净水设备及配件耗材,净水器,	,6923185653684	,6923185616399	,	,	,无售后或售后取消,,2025-10-25 14:18:36,	,,,,,,,否,否,	,否,	,,559.0	,0.0	,0.0	,0.0	,0.0	,0.0	,0.0	,0.0	,559.0	,559.0	,JDV023660404352,京东大件物流,广东省,潮州市,潮安区,,,否,否,	,	,	,否,	,	,	,	,	,	,	,	,	,	,	,	,否,否,	,否,否,,	,否,	,否,,,否
【母婴直饮】云米净水器 SE 600G+ 新升级厨下式RO反渗透直饮家用,251025-163997366663942,未发货，退款成功,1	,正常,2025-10-25 14:17:48,2025-10-26 14:17:49,,	,	,819506595979	,【24年新品】600G升级版6年长效,1787046011387	,厨房电器,净水器/净水设备及配件耗材,净水器,	,6923185653684	,6923185616399	,聚水潭已取消发货 已退款   叶10.25,	,退款成功,,2025-10-25 14:17:49,	,,,,,,,否,否,	,否,	,,748.7	,0.0	,143.94	,29.0	,0.0	,0.0	,0.0	,0.0	,575.76	,604.76	,	,	,山东省,威海市,环翠区,,,否,否,	,	,	,否,	,	,	,	,	,	,	,	,	,	,	,	,否,否,	,否,否,,	,否,	,否,,,否
云米净水器滤芯家用小海豚小蓝调小白龙系列专用RO反渗透,251025-417144553812833,已发货，待收货,1	,正常,2025-10-25 14:04:51,2025-10-27 14:04:51,,2025-10-25 19:48:49,	,232467205433	,5in1 复合滤芯,1647394585330	,厨房电器,净水器/净水设备及配件耗材,净水器,	,6923185627425	,	,	,	,无售后或售后取消,,2025-10-25 14:04:51,	,,,,,,,否,否,	,否,	,,149.0	,0.0	,0.0	,0.0	,0.0	,0.0	,0.0	,0.0	,149.0	,149.0	,JDV023660318671,京东大件物流,广东省,广州市,白云区,,,否,否,	,	,	,否,	,	,	,	,	,	,	,	,	,	,	,	,否,否,	,否,否,,	,否,	,否,,,否
云米60L速热电热水器3000W一级节能变频增容租房安全已接入米家AP,251025-222235257222433,已取消,1	,正常,	,	,,	,	,208071231700	,双管变频速热60L,1660917678582	,大家电,热水器,电热水器,	,6923185602224	,6923185602224	,	,	,无售后或售后取消,,	,	,,,,,,,否,否,	,否,	,,699.0	,0.0	,0.0	,34.95	,0.0	,0.0	,0.0	,0.0	,664.05	,699.0	,	,	,****,****,****,****,,否,否,	,	,	,否,	,	,	,	,	,	,	,	,	,	,	,	,否,否,	,否,	,,	,否,	,否,,,否
云米智能双胆电热水器扁桶家用速热储水式60L超薄抑菌节能大水量,251025-208467433050877,已发货，待收货,1	,正常,2025-10-25 13:57:42,2025-10-26 13:57:43,,2025-10-25 19:48:50,	,290130975552	,"纤薄安全节能60L,双胆扁桶",1756848157332	,大家电,热水器,电热水器,	,6923185610410	,6923185610410	,	,	,无售后或售后取消,,2025-10-25 13:57:43,	,,,,,,,否,否,	,否,	,,797.0	,0.0	,0.0	,3.0	,0.0	,0.0	,0.0	,0.0	,794.0	,797.0	,JDV023660383651,京东大件物流,山西省,忻州市,原平市,,,否,否,	,	,	,否,	,	,	,	,	,	,	,	,	,	,	,	,否,否,	,否,否,,	,否,	,否,,,否
【重磅新品】云米净水器600G小海豚升级版厨下式RO反渗透直饮家用,251025-253755472163490,未发货，退款成功,1	,正常,2025-10-25 13:57:05,2025-10-26 13:57:05,,	,	,225501370546	,【24年新品】600G升级版6年长效,1600502140541	,厨房电器,净水器/净水设备及配件耗材,净水器,	,6923185653684	,6923185616399	,聚水潭已取消发货 已退款   叶10.25,	,退款成功,,2025-10-25 13:57:05,	,,,,,,,否,否,	,否,	,,559.0	,0.0	,0.0	,0.0	,0.0	,0.0	,0.0	,0.0	,559.0	,559.0	,	,	,河北省,沧州市,任丘市,,,否,否,	,	,	,否,	,	,	,	,	,	,	,	,	,	,	,	,否,否,	,否,否,,	,否,	,否,,,否
【小海豚1000G管线机套装】云米净水器家用厨下一键即热制冷直饮,251025-551729251841418,未发货，退款成功,1	,正常,2025-10-25 13:49:47,2025-10-26 13:49:48,,	,	,246986456918	,【0陈水冷热2件套】1000G+管线机2E,1751903219858	,厨房电器,净水器/净水设备及配件耗材,净水器,	,S2503111808001,	,购买滤芯终身半价==拦截	ZX2510250061157	 ,	,退款成功,,2025-10-25 13:49:48,	,,,,,,,否,否,	,否,	,,1699.0	,0.0	,339.8	,0.0	,0.0	,0.0	,0.0	,0.0	,1359.2	,1359.2	,	,	,安徽省,合肥市,包河区,,,否,否,	,	,	,否,	,	,	,	,	,	,	,	,	,	,	,	,否,否,	,否,否,,	,否,	,否,,,否
【重磅新品】云米净水器600G小海豚升级版厨下式RO反渗透直饮家用,251025-187946822020293,已取消,1	,正常,	,	,,	,	,225501370546	,【24年新品】600G升级版6年长效,1600502140541	,厨房电器,净水器/净水设备及配件耗材,净水器,	,6923185653684	,6923185616399	,	,	,无售后或售后取消,,	,	,,,,,,,否,否,	,否,	,,559.0	,0.0	,0.0	,0.0	,0.0	,0.0	,0.0	,0.0	,559.0	,559.0	,	,	,****,****,****,****,,否,否,	,	,	,否,	,	,	,	,	,	,	,	,	,	,	,	,否,否,	,否,	,,	,否,	,否,,,否
【重磅新品】云米净水器600G小海豚升级版厨下式RO反渗透直饮家用,251025-536996759162987,已发货，待收货,1	,正常,2025-10-25 13:39:56,2025-10-26 13:39:56,,2025-10-25 19:48:47,	,225501370546	,【24年新品】600G升级版6年长效,1600502140541	,厨房电器,净水器/净水设备及配件耗材,净水器,	,6923185653684	,6923185616399	,	,	,无售后或售后取消,,2025-10-25 13:39:56,	,,,,,,,否,否,	,否,	,,559.0	,0.0	,0.0	,5.0	,0.0	,0.0	,0.0	,0.0	,554.0	,559.0	,JDV023660348920,京东大件物流,广东省,惠州市,惠东县,,,否,否,	,	,	,否,	,	,	,	,	,	,	,	,	,	,	,	,否,否,	,否,否,,	,否,	,否,,,否
云米全自动智能马桶2Pro一体座圈加热妇洗泡沫盾抗菌可冲洗带水箱,251025-038734446942234,已取消,1	,正常,	,	,,	,	,248791771968	,"300mm,【大冲力】多种冲洗模式",1752476543651	,家装主材,卫浴陶瓷,智能坐便器,	,6923185654575	,	,	,	,无售后或售后取消,,	,	,,,,,,,否,否,	,否,	,,2341.0	,0.0	,141.0	,100.0	,0.0	,0.0	,0.0	,0.0	,2100.0	,2200.0	,	,	,****,****,****,****,,否,否,	,	,	,否,	,	,	,	,	,	,	,	,	,	,	,	,否,否,	,否,	,,	,否,	,否,,,否
【母婴直饮】云米净水器 SE 600G+ 新升级厨下式RO反渗透直饮家用,251025-345495365940332,已取消,1	,正常,	,	,,	,	,819506595979	,【24年新品】600G升级版6年长效,1787046011387	,厨房电器,净水器/净水设备及配件耗材,净水器,	,6923185653684	,6923185616399	,	,	,无售后或售后取消,,	,	,,,,,,,否,否,	,否,	,,748.7	,0.0	,133.27	,82.35	,0.0	,0.0	,0.0	,0.0	,533.08	,615.43	,	,	,****,****,****,****,,否,否,	,	,	,否,	,	,	,	,	,	,	,	,	,	,	,	,否,否,	,否,	,,	,否,	,否,,,否
【重磅新品】云米净水器600G小海豚升级版厨下式RO反渗透直饮家用,251025-107500049943934,已发货，待收货,1	,正常,2025-10-25 13:26:55,2025-10-26 13:26:55,,2025-10-25 19:48:48,	,225501370546	,【24年新品】600G升级版6年长效,1600502140541	,厨房电器,净水器/净水设备及配件耗材,净水器,	,6923185653684	,6923185616399	,	,	,无售后或售后取消,,2025-10-25 13:26:55,	,,,,,,,否,否,	,否,	,,559.0	,0.0	,0.0	,0.0	,0.0	,0.0	,0.0	,0.0	,559.0	,559.0	,JDV023660336411,京东大件物流,福建省,漳州市,芗城区,,,否,否,	,	,	,否,	,	,	,	,	,	,	,	,	,	,	,	,否,否,	,否,是,3	,商家,否,	,否,,信用卡分期,否
【小海豚1000G管线机套装】云米净水器家用厨下一键即热制冷直饮,251025-536996769281598,已发货，待收货,1	,正常,2025-10-25 13:24:02,2025-10-26 13:24:02,,2025-10-25 19:48:48,	,246986456918	,【0陈水冷热2件套】1000G+管线机2E,1751903219858	,厨房电器,净水器/净水设备及配件耗材,净水器,	,S2503111808001,	,	,	,无售后或售后取消,,2025-10-25 13:24:02,	,,,,,,,否,否,	,否,	,,1699.0	,0.0	,321.8	,90.0	,0.0	,0.0	,0.0	,0.0	,1287.2	,1377.2	,JDV023660493523,京东大件物流,广东省,中山市,坦洲镇,,,否,否,	,	,	,否,	,	,	,	,	,	,	,	,	,	,	,	,否,否,	,否,是,6	,商家,否,	,否,,信用卡分期,否
云米净水器滤芯小蓝调小海豚600G+专用复合滤芯RO反渗透滤芯过滤,251025-139984955690086,已收货，退款成功,2	,正常,2025-10-25 13:23:17,2025-10-26 13:23:18,,2025-10-25 17:00:56,2025-10-26 10:18:13,296967601341	,5in1复合滤芯 2年长效,1600193054565	,厨房电器,净水器/净水设备及配件耗材,净水器,	,6923185627425	,	,后返，到手价99/根=差价394.02仅退款 [viomi恩恩sk 10/26 10:40] 【补差】平台已退394.02元   10.26,	,退款成功,,2025-10-25 13:23:18,	,,,,,,,否,否,	,否,	,,598.0	,0.0	,5.98	,3.0	,5.0	,0.0	,0.0	,0.0	,589.02	,592.02	,JDV023656954182,京东大件物流,安徽省,阜阳市,颍东区,,,否,否,	,	,	,否,	,	,	,	,	,	,	,	,	,	,	,	,否,否,	,否,否,,	,否,	,否,,,否
【重磅新品】云米净水器600G小海豚升级版厨下式RO反渗透直饮家用,251025-376795380112763,已发货，待收货,1	,正常,2025-10-25 13:16:34,2025-10-26 13:16:34,,2025-10-25 19:48:48,	,225501370546	,【24年新品】600G升级版6年长效,1600502140541	,厨房电器,净水器/净水设备及配件耗材,净水器,	,6923185653684	,6923185616399	,	,	,无售后或售后取消,,2025-10-25 13:16:34,	,,,,,,,否,否,	,否,	,,559.0	,0.0	,0.0	,0.0	,0.0	,0.0	,0.0	,0.0	,559.0	,559.0	,JDV023657322455,京东大件物流,上海市,上海市,奉贤区,,,否,否,	,	,	,否,	,	,	,	,	,	,	,	,	,	,	,	,否,否,	,否,否,,	,否,	,否,,,否
【重磅新品】云米净水器600G小海豚升级版厨下式RO反渗透直饮家用,251025-651815851542608,未发货，退款成功,1	,正常,2025-10-25 13:15:25,2025-10-26 13:15:26,,	,	,225501370546	,【24年新品】600G升级版6年长效,1600502140541	,厨房电器,净水器/净水设备及配件耗材,净水器,	,6923185653684	,6923185616399	,聚水潭已取消发货  已退款  委10.25,	,退款成功,,2025-10-25 13:15:26,	,,,,,,,否,否,	,否,	,,559.0	,0.0	,0.0	,0.0	,0.0	,0.0	,0.0	,0.0	,559.0	,559.0	,	,	,浙江省,金华市,东阳市,,,否,否,	,	,	,否,	,	,	,	,	,	,	,	,	,	,	,	,否,否,	,否,是,3	,商家,否,	,否,,信用卡分期,否
【重磅新品】云米净水器600G小海豚升级版厨下式RO反渗透直饮家用,251025-112092802582608,已发货，待收货,1	,正常,2025-10-25 13:17:07,2025-10-26 13:17:07,,2025-10-25 19:48:48,	,225501370546	,【24年新品】600G升级版6年长效,1600502140541	,厨房电器,净水器/净水设备及配件耗材,净水器,	,6923185653684	,6923185616399	,13516911673安装 [viomi莉莉sk 10/26 22:41],	,无售后或售后取消,,2025-10-25 13:17:07,	,,,,,,,否,否,	,否,	,,559.0	,0.0	,0.0	,0.0	,0.0	,0.0	,0.0	,0.0	,559.0	,559.0	,JDV023657748944,京东大件物流,浙江省,金华市,东阳市,,,否,否,	,	,	,否,	,	,	,	,	,	,	,	,	,	,	,	,否,否,	,否,是,3	,商家,否,	,否,,信用卡分期,否
【母婴直饮】云米净水器 SE 600G+ 新升级厨下式RO反渗透直饮家用,251025-303971766672763,已取消,1	,正常,	,	,,	,	,819506595979	,【24年新品】600G升级版6年长效,1787046011387	,厨房电器,净水器/净水设备及配件耗材,净水器,	,6923185653684	,6923185616399	,	,	,无售后或售后取消,,	,	,,,,,,,否,否,	,否,	,,748.7	,0.0	,149.74	,0.0	,0.0	,0.0	,0.0	,0.0	,598.96	,598.96	,	,	,****,****,****,****,,否,否,	,	,	,否,	,	,	,	,	,	,	,	,	,	,	,	,否,否,	,否,	,,	,否,	,否,,,否
云米23m³顶侧大吸力超薄智能油烟机厨房app挥手智控易清洁一级,251025-211413952902661,已取消,1	,正常,	,	,,	,	,219486126363	,挥手智控单烟机,1689355640209	,大家电,厨房大电,油烟机,	,6923185613664	,6923185613664	,	,	,无售后或售后取消,,	,	,,,,,,,否,否,	,否,	,,1199.0	,0.0	,0.0	,0.0	,0.0	,0.0	,0.0	,0.0	,1199.0	,1199.0	,	,	,****,****,****,****,,否,否,	,	,	,否,	,	,	,	,	,	,	,	,	,	,	,	,否,否,	,否,	,,	,否,	,否,,,否
【重磅新品】云米净水器600G小海豚升级版厨下式RO反渗透直饮家用,251025-652801534351431,已发货，待收货,1	,正常,2025-10-25 13:08:03,2025-10-26 13:08:03,,2025-10-25 19:48:48,	,225501370546	,【24年新品】600G升级版6年长效,1600502140541	,厨房电器,净水器/净水设备及配件耗材,净水器,	,6923185653684	,6923185616399	,	,	,无售后或售后取消,,2025-10-25 13:08:03,	,,,,,,,否,否,	,否,	,,559.0	,0.0	,0.0	,55.9	,1.0	,0.0	,0.0	,0.0	,503.1	,559.0	,JDV023660355697,京东大件物流,山东省,枣庄市,市中区,,,否,否,	,	,	,否,	,	,	,	,	,	,	,	,	,	,	,	,否,否,	,否,否,,	,否,	,否,,,否
【母婴直饮】云米净水器 SE 600G+ 新升级厨下式RO反渗透直饮家用,251025-078580365730927,已发货，待收货,1	,正常,2025-10-25 13:06:02,2025-10-26 13:06:03,,2025-10-25 19:48:48,	,819506595979	,【24年新品】600G升级版6年长效,1787046011387	,厨房电器,净水器/净水设备及配件耗材,净水器,	,6923185653684	,6923185616399	,	,	,无售后或售后取消,,2025-10-25 13:06:03,	,,,,,,,否,否,	,否,	,,748.7	,0.0	,130.27	,97.33	,0.0	,0.0	,0.0	,0.0	,521.1	,618.43	,JDV023660362367,京东大件物流,北京市,北京市,昌平区,,,否,否,	,	,	,否,	,	,	,	,	,	,	,	,	,	,	,	,否,否,	,否,否,,	,否,	,否,,,否
云米小厨宝6L电热水器厨房卫生间出水恒温储水式小型速热神器加热,251025-385550979490927,已发货，待收货,1	,正常,2025-10-25 13:02:18,2025-10-26 13:02:18,,2025-10-25 19:48:50,	,208073193570	,热水即刻有-【6L】,1801828025682	,大家电,热水器,厨宝,	,6923185611233	,6923185611233	,	,	,无售后或售后取消,,2025-10-25 13:02:18,	,,,,,,,否,否,	,否,	,,259.0	,0.0	,0.0	,0.0	,0.0	,0.0	,0.0	,0.0	,259.0	,259.0	,JDV023660375147,京东大件物流,北京市,北京市,昌平区,,,否,否,	,	,	,否,	,	,	,	,	,	,	,	,	,	,	,	,否,否,	,否,否,,	,否,	,否,,,否
云米小厨宝6L电热水器厨房卫生间出水恒温储水式小型速热神器加热,251025-515521974593924,已发货，待收货,2	,正常,2025-10-25 12:59:47,2025-10-26 12:59:47,,2025-10-25 19:48:49,	,208073193570	,热水即刻有-【6L】,1801828025682	,大家电,热水器,厨宝,	,6923185611233	,6923185611233	,	,	,无售后或售后取消,,2025-10-25 12:59:47,	,,,,,,,否,否,	,否,	,,518.0	,0.0	,10.36	,50.0	,0.0	,0.0	,0.0	,0.0	,457.64	,507.64	,JDV023660473329,京东大件物流,上海市,上海市,浦东新区,,,否,否,	,	,	,否,	,	,	,	,	,	,	,	,	,	,	,	,否,否,	,否,否,,	,否,	,否,,,否
云米智能双胆电热水器扁桶家用速热储水式60L超薄抑菌节能大水量,251025-550376651170927,未发货，退款成功,1	,正常,2025-10-25 12:49:00,2025-10-26 12:49:01,,	,	,290130975552	,"纤薄安全节能60L,双胆扁桶",1756848157332	,大家电,热水器,电热水器,	,6923185610410	,6923185610410	,拦截	ZX2510250061157	 ,	,退款成功,,2025-10-25 12:49:01,	,,,,,,,否,否,	,否,	,,797.0	,0.0	,0.0	,0.0	,0.0	,0.0	,0.0	,0.0	,797.0	,797.0	,	,	,北京市,北京市,昌平区,,,否,否,	,	,	,否,	,	,	,	,	,	,	,	,	,	,	,	,否,否,	,否,否,,	,否,	,否,,,否
【重磅新品】云米净水器600G小海豚升级版厨下式RO反渗透直饮家用,251025-683262687541850,已发货，待收货,1	,正常,2025-10-25 12:45:21,2025-10-26 12:45:21,,2025-10-25 19:48:48,	,225501370546	,【24年新品】600G升级版6年长效,1600502140541	,厨房电器,净水器/净水设备及配件耗材,净水器,	,6923185653684	,6923185616399	,	,	,无售后或售后取消,,2025-10-25 12:45:21,	,,,,,,,否,否,	,否,	,,559.0	,0.0	,0.0	,0.0	,15.0	,0.0	,0.0	,0.0	,559.0	,559.0	,JDV023657308333,京东大件物流,浙江省,杭州市,上城区,,,否,否,	,	,	,否,	,	,	,	,	,	,	,	,	,	,	,	,否,否,	,否,否,,	,否,	,否,,,否
云米小厨宝6L电热水器厨房卫生间出水恒温储水式小型速热神器加热,251025-253346496920157,已发货，待收货,1	,正常,2025-10-25 12:36:49,2025-10-26 12:36:49,,2025-10-25 19:48:47,	,208073193570	,热水即刻有-【6L】,1801828025682	,大家电,热水器,厨宝,	,6923185611233	,6923185611233	,	,	,无售后或售后取消,,2025-10-25 12:36:49,	,,,,,,,否,否,	,否,	,,259.0	,0.0	,0.0	,20.72	,0.0	,0.0	,0.0	,0.0	,238.28	,259.0	,JDV023660368692,京东大件物流,广东省,汕头市,澄海区,,,否,否,	,	,	,否,	,	,	,	,	,	,	,	,	,	,	,	,否,否,	,否,否,,	,否,	,否,,,否
云米顶侧双吸大吸力低噪油烟机猛火液化气聚能灶智能套装家用厨房,251025-292678561291059,待发货,1	,正常,2025-10-25 12:33:42,2026-01-22 12:33:43,,	,	,674950510509	,【烟灶套装】顶侧双吸烟机+5.0KW灶（天）,1744061180430	,大家电,厨房大电,烟灶消套装,	,S2405071349001,S2501061036001,已登记延迟 [viomi范范sk 10/26 13:17],	,无售后或售后取消,,2025-10-25 12:33:43,	,,,,,,,否,否,	,否,	,,1187.0	,0.0	,60.0	,40.0	,0.0	,0.0	,0.0	,0.0	,1087.0	,1127.0	,	,	,天津市,天津市,河北区,,,否,否,	,	,	,否,	,	,	,	,	,	,	,	,	,	,	,	,否,否,	,否,否,,	,否,	,否,,,否
云米超薄零嵌510L大容量冰箱美妆舱底部散热一级变频双开门风冷,251025-031467825481562,已发货，待收货,1	,正常,2025-10-25 12:33:16,2025-10-26 12:33:17,,2025-10-25 15:51:06,	,791519887797	,风冷无霜一级变频冰箱【超薄平嵌】,1769160148095	,大家电,冰箱,嵌入式冰箱,	,6975525840551	,	,自补到手价2549元,	,无售后或售后取消,,2025-10-25 12:33:17,	,,,,,,,否,否,	,否,	,,2789.0	,0.0	,0.0	,0.0	,0.0	,0.0	,0.0	,0.0	,2789.0	,2789.0	,JDLD12875958606,京东大件物流,贵州省,毕节市,赫章县,,,否,否,	,	,	,否,	,	,	,	,	,	,	,	,	,	,	,	,否,否,	,否,否,,	,否,	,否,,,否
【重磅新品】云米净水器600G小海豚升级版厨下式RO反渗透直饮家用,251025-599554855311431,未发货，退款成功,1	,正常,2025-10-25 12:26:16,2025-10-26 12:26:16,,	,	,225501370546	,【24年新品】600G升级版6年长效,1600502140541	,厨房电器,净水器/净水设备及配件耗材,净水器,	,6923185653684	,6923185616399	,聚水潭已取消发货  已退款  委10.25,	,退款成功,,2025-10-25 12:26:16,	,,,,,,,否,否,	,否,	,,559.0	,0.0	,0.0	,0.0	,0.0	,0.0	,0.0	,0.0	,559.0	,559.0	,	,	,山东省,枣庄市,市中区,,,否,否,	,	,	,否,	,	,	,	,	,	,	,	,	,	,	,	,否,否,	,否,否,,	,否,	,否,,,否
云米净水器滤芯家用小海豚小蓝调小白龙系列专用RO反渗透,251025-137845829241668,已发货，待收货,1	,正常,2025-10-25 12:25:49,2025-10-27 12:25:49,,2025-10-25 19:48:49,	,232467205433	,5in1 复合滤芯,1647394585330	,厨房电器,净水器/净水设备及配件耗材,净水器,	,6923185627425	,	,109	,	,无售后或售后取消,,2025-10-25 12:25:49,	,,,,,,,否,否,	,否,	,,149.0	,0.0	,0.0	,0.0	,0.18	,0.0	,0.0	,0.0	,149.0	,149.0	,JDV023660403354,京东大件物流,福建省,漳州市,龙海区,,,否,否,	,	,	,否,	,	,	,	,	,	,	,	,	,	,	,	,否,否,	,否,否,,	,否,	,否,,,否
云米净水器滤芯小蓝调小海豚600G+专用复合滤芯RO反渗透滤芯过滤,251025-595790435940181,已收货，退款成功,1	,正常,2025-10-25 12:19:26,2025-10-26 12:19:26,,2025-10-25 17:00:56,2025-10-26 19:33:06,296967601341	,5in1复合滤芯 2年长效,1600193054565	,厨房电器,净水器/净水设备及配件耗材,净水器,	,6923185627425	,	,后返到手价99=差价200仅退款 [viomi莉莉sk 10/26 19:40],	,退款成功,,2025-10-25 12:19:26,	,,,,,,,否,否,	,否,	,,299.0	,0.0	,0.0	,0.0	,0.0	,0.0	,0.0	,0.0	,299.0	,299.0	,JDV023657001866,京东大件物流,江苏省,徐州市,新沂市,,,否,否,	,	,	,否,	,	,	,	,	,	,	,	,	,	,	,	,否,否,	,否,否,,	,否,	,否,,,否
云米顶侧双吸大吸力低噪油烟机猛火液化气聚能灶智能套装家用厨房,251025-238341384503152,未发货，退款成功,1	,正常,2025-10-25 12:14:31,2025-10-26 12:14:31,,	,	,674950510509	,【烟灶套装】顶侧双吸烟机+5.0KW灶（天）,1744061180430	,大家电,厨房大电,烟灶消套装,	,S2405071349001,S2501061036001,聚水潭已取消发货  已退款  委10.25,	,退款成功,,2025-10-25 12:14:31,	,,,,,,,否,否,	,否,	,,1187.0	,0.0	,60.0	,40.0	,0.0	,0.0	,0.0	,0.0	,1087.0	,1127.0	,	,	,湖南省,长沙市,芙蓉区,,,否,否,	,	,	,否,	,	,	,	,	,	,	,	,	,	,	,	,否,否,	,否,否,,	,否,	,否,,,否
【重磅新品】云米净水器600G小海豚升级版厨下式RO反渗透直饮家用,251025-668708432250636,已发货，待收货,1	,正常,2025-10-25 12:09:24,2025-10-26 12:09:24,,2025-10-25 19:48:50,	,225501370546	,【24年新品】600G升级版6年长效,1600502140541	,厨房电器,净水器/净水设备及配件耗材,净水器,	,6923185653684	,6923185616399	,	,	,无售后或售后取消,,2025-10-25 12:09:24,	,,,,,,,否,否,	,否,	,,559.0	,0.0	,0.0	,0.0	,0.0	,0.0	,0.0	,0.0	,559.0	,559.0	,JDV023660347813,京东大件物流,广东省,惠州市,惠阳区,,,否,否,	,	,	,否,	,	,	,	,	,	,	,	,	,	,	,	,否,否,	,否,否,,	,否,	,否,,,否
【重磅新品】云米净水器600G小海豚升级版厨下式RO反渗透直饮家用,251025-383820766820181,已发货，待收货,1	,正常,2025-10-25 12:08:53,2025-10-26 12:08:53,,2025-10-25 19:48:50,	,225501370546	,【24年新品】600G升级版6年长效,1600502140541	,厨房电器,净水器/净水设备及配件耗材,净水器,	,6923185653684	,6923185616399	,	,	,无售后或售后取消,,2025-10-25 12:08:53,	,,,,,,,否,否,	,否,	,,559.0	,0.0	,0.0	,0.0	,0.0	,0.0	,0.0	,0.0	,559.0	,559.0	,JDV023656996544,京东大件物流,江苏省,徐州市,新沂市,,,否,否,	,	,	,否,	,	,	,	,	,	,	,	,	,	,	,	,否,否,	,否,否,,	,否,	,否,,,否
【冷热直饮套装】云米净水器家用厨下管线机套装一键即热制冷直饮,251025-612410386762106,未发货，退款成功,1	,正常,2025-10-25 12:06:31,2025-10-26 12:06:31,,	,	,480070620581	,【冷热净水直饮套装】新品净水器+冷热管线机,1620106386127	,厨房电器,净水器/净水设备及配件耗材,净水器,	,S2407170910001,	,聚水潭已取消发货  已退款  委10.25,	,退款成功,,2025-10-25 12:06:31,	,,,,,,,否,否,	,否,	,,1429.0	,0.0	,0.0	,33.0	,0.0	,0.0	,0.0	,0.0	,1396.0	,1429.0	,	,	,山西省,阳泉市,平定县,,,否,否,	,	,	,否,	,	,	,	,	,	,	,	,	,	,	,	,否,否,	,否,否,,	,否,	,否,,,否
【冷热直饮套装】云米净水器家用厨下管线机套装一键即热制冷直饮,251025-411010414922106,已取消,1	,正常,	,	,,	,	,480070620581	,【冷热净水直饮套装】新品净水器+冷热管线机,1620106386127	,厨房电器,净水器/净水设备及配件耗材,净水器,	,S2407170910001,	,	,	,无售后或售后取消,,	,	,,,,,,,否,否,	,否,	,,1429.0	,0.0	,0.0	,42.0	,0.0	,0.0	,0.0	,0.0	,1387.0	,1429.0	,	,	,****,****,****,****,,否,否,	,	,	,否,	,	,	,	,	,	,	,	,	,	,	,	,否,否,	,否,	,,	,否,	,否,,,否
【重磅新品】云米净水器600G小海豚升级版厨下式RO反渗透直饮家用,251025-229690580503494,已发货，待收货,1	,正常,2025-10-25 12:05:35,2025-10-26 12:05:36,,2025-10-25 19:48:49,	,225501370546	,【24年新品】600G升级版6年长效,1600502140541	,厨房电器,净水器/净水设备及配件耗材,净水器,	,6923185653684	,6923185616399	,	,	,无售后或售后取消,,2025-10-25 12:05:36,	,,,,,,,否,否,	,否,	,,559.0	,0.0	,0.0	,55.9	,2.0	,0.0	,0.0	,0.0	,503.1	,559.0	,JDV023656994907,京东大件物流,江苏省,南京市,溧水区,,,否,否,	,	,	,否,	,	,	,	,	,	,	,	,	,	,	,	,否,否,	,否,否,,	,否,	,否,,,否
【重磅新品】云米净水器600G小海豚升级版厨下式RO反渗透直饮家用,251025-418297966190894,已发货，待收货,1	,正常,2025-10-25 12:03:15,2025-10-26 12:03:15,,2025-10-25 19:48:49,	,225501370546	,【24年新品】600G升级版6年长效,1600502140541	,厨房电器,净水器/净水设备及配件耗材,净水器,	,6923185653684	,6923185616399	,	,	,无售后或售后取消,,2025-10-25 12:03:15,	,,,,,,,否,否,	,否,	,,559.0	,0.0	,0.0	,0.0	,0.0	,0.0	,0.0	,0.0	,559.0	,559.0	,JDV023660336186,京东大件物流,广东省,深圳市,宝安区,,,否,否,	,	,	,否,	,	,	,	,	,	,	,	,	,	,	,	,否,否,	,否,否,,	,否,	,否,,,否
【重磅新品】云米净水器600G小海豚升级版厨下式RO反渗透直饮家用,251025-572270876232949,未发货，退款成功,1	,正常,2025-10-25 11:59:36,2025-10-26 11:59:36,,	,	,225501370546	,【24年新品】600G升级版6年长效,1600502140541	,厨房电器,净水器/净水设备及配件耗材,净水器,	,6923185653684	,6923185616399	,聚水潭已取消发货  已退款  委10.25,	,退款成功,,2025-10-25 11:59:36,	,,,,,,,否,否,	,否,	,,559.0	,0.0	,0.0	,50.0	,0.0	,0.0	,0.0	,0.0	,509.0	,559.0	,	,	,山东省,日照市,东港区,,,否,否,	,	,	,否,	,	,	,	,	,	,	,	,	,	,	,	,否,否,	,否,否,,	,否,	,否,,,否
【重磅新品】云米净水器600G小海豚升级版厨下式RO反渗透直饮家用,251025-042257672541971,已发货，待收货,1	,正常,2025-10-25 11:48:30,2025-10-26 11:48:30,,2025-10-25 19:48:50,	,225501370546	,【24年新品】600G升级版6年长效,1600502140541	,厨房电器,净水器/净水设备及配件耗材,净水器,	,6923185653684	,6923185616399	,	,	,无售后或售后取消,,2025-10-25 11:48:30,	,,,,,,,否,否,	,否,	,,559.0	,0.0	,0.0	,0.0	,12.08	,0.0	,0.0	,0.0	,559.0	,559.0	,JDV023660375049,京东大件物流,天津市,天津市,东丽区,,,否,否,	,	,	,否,	,	,	,	,	,	,	,	,	,	,	,	,否,否,	,否,否,,	,否,	,否,,,否
云米双腔大吸力手势控制智清洁油烟机聚能猛火灶安全烟灶联动套装【10月26日发完】,251025-684132995380353,已发货，待收货,1	,正常,2025-10-25 11:47:49,2025-10-26 23:59:59,,2025-10-25 19:48:48,	,818698470695	,"【烟灶套装】双腔劲吸烟机+5.0KW灶,天然气灶",1786567894377	,大家电,厨房大电,烟灶消套装,	,S2209231819001,	,	,	,无售后或售后取消,,2025-10-25 11:47:49,	,,,,,,,否,否,	,否,	,,1199.0	,0.0	,0.0	,0.0	,0.0	,0.0	,0.0	,0.0	,1199.0	,1199.0	,JDV023660336392,京东大件物流,辽宁省,大连市,金州区,,,否,否,	,	,	,否,	,	,	,	,	,	,	,	,	,	,	,	,否,否,	,否,否,,	,否,	,否,,,否
云米净水器滤芯家用小海豚小蓝调小白龙系列专用RO反渗透,251025-618838178152866,已发货，待收货,1	,正常,2025-10-25 11:43:05,2025-10-27 11:43:05,,2025-10-25 19:48:49,	,232467205433	,5in1 复合滤芯,1647394585330	,厨房电器,净水器/净水设备及配件耗材,净水器,	,6923185627425	,	,	,	,无售后或售后取消,,2025-10-25 11:43:05,	,,,,,,,否,否,	,否,	,,149.0	,0.0	,0.0	,0.0	,0.0	,0.0	,0.0	,0.0	,149.0	,149.0	,JDV023657466695,京东大件物流,陕西省,西安市,阎良区,,,否,否,	,	,	,否,	,	,	,	,	,	,	,	,	,	,	,	,否,否,	,否,否,,	,否,	,否,,,否
云米冷热管线机饮水机壁挂式双出水台式管线机UV杀菌Master3,251025-040055683402106,已发货，待收货,1	,正常,2025-10-25 11:31:41,2025-10-26 11:31:41,,2025-10-25 19:48:49,	,604410073495	,即热管线机Master2S,1633858930719	,厨房电器,饮水机,饮水机,	,6923185652526	,6923185651345	,	,	,无售后或售后取消,,2025-10-25 11:31:41,	,,,,,,,否,否,	,否,	,,832.0	,0.0	,0.0	,37.0	,0.0	,0.0	,0.0	,0.0	,795.0	,832.0	,JDV023660380727,京东大件物流,山西省,阳泉市,平定县,,,否,否,	,	,	,否,	,	,	,	,	,	,	,	,	,	,	,	,否,否,	,否,否,,	,否,	,否,,,否
【重磅新品】云米净水器600G小海豚升级版厨下式RO反渗透直饮家用,251025-116779958662430,已发货，待收货,2	,正常,2025-10-25 11:31:52,2025-10-26 11:31:52,,2025-10-25 19:48:50,	,225501370546	,【24年新品】600G升级版6年长效,1600502140541	,厨房电器,净水器/净水设备及配件耗材,净水器,	,6923185653684	,6923185616399	,	,	,无售后或售后取消,,2025-10-25 11:31:52,	,,,,,,,否,否,	,否,	,,1118.0	,0.0	,11.18	,11.89	,2.18	,0.0	,0.0	,0.0	,1094.93	,1106.82	,JDV023660507645,京东大件物流,福建省,三明市,清流县,,,否,否,	,	,	,否,	,	,	,	,	,	,	,	,	,	,	,	,否,否,	,否,否,,	,否,	,否,,,否
云米净水器滤芯家用小海豚小蓝调小白龙系列专用RO反渗透,251025-080834752130366,已发货，待收货,1	,正常,2025-10-25 11:28:34,2025-10-27 11:28:35,,2025-10-25 17:00:57,	,232467205433	,5in1 复合滤芯,1647394585330	,厨房电器,净水器/净水设备及配件耗材,净水器,	,6923185627425	,	,后返，到手价109,	,无售后或售后取消,,2025-10-25 11:28:35,	,,,,,,,否,否,	,否,	,,149.0	,0.0	,0.0	,0.0	,0.0	,0.0	,0.0	,0.0	,149.0	,149.0	,JDV023656555240,京东大件物流,云南省,昆明市,五华区,,,否,否,	,	,	,否,	,	,	,	,	,	,	,	,	,	,	,	,否,否,	,否,否,,	,否,	,否,,,否
云米即热净水器厨房家用直饮RO反渗透加热净饮一体机1000G,251025-397651514983406,待发货,1	,正常,2025-10-25 11:25:57,2025-12-10 11:25:57,,	,	,364990106384	,即热直饮 1000G大通量,1455593712429	,厨房电器,净水器/净水设备及配件耗材,净水器,	,6923185651116	,6923185651116	,后返，送原装复合滤芯1根,	,无售后或售后取消,,2025-10-25 11:25:57,	,,,,,,,否,否,	,否,	,,1668.85	,0.0	,333.77	,0.0	,0.0	,0.0	,0.0	,0.0	,1335.08	,1335.08	,	,	,天津市,天津市,红桥区,,,否,否,	,	,	,否,	,	,	,	,	,	,	,	,	,	,	,	,否,否,	,否,否,,	,否,	,否,,,否
云米净水器滤芯小蓝调小海豚600G+专用复合滤芯RO反渗透滤芯过滤,251025-524801820210543,已发货，待收货,1	,正常,2025-10-25 11:24:28,2025-10-26 11:24:28,,2025-10-25 19:48:47,	,296967601341	,5in1复合滤芯 2年长效,1600193054565	,厨房电器,净水器/净水设备及配件耗材,净水器,	,6923185627425	,	,后返，到手价99,	,无售后或售后取消,,2025-10-25 11:24:28,	,,,,,,,否,否,	,否,	,,299.0	,0.0	,0.0	,0.0	,0.2	,0.0	,0.0	,0.0	,299.0	,299.0	,JDV023657706448,京东大件物流,安徽省,黄山市,屯溪区,,,否,否,	,	,	,否,	,	,	,	,	,	,	,	,	,	,	,	,否,否,	,否,否,,	,否,	,否,,,否
【重磅新品】云米净水器600G小海豚升级版厨下式RO反渗透直饮家用,251025-395711670592432,已取消,1	,正常,	,	,,	,	,225501370546	,【24年新品】600G升级版6年长效,1600502140541	,厨房电器,净水器/净水设备及配件耗材,净水器,	,6923185653684	,6923185616399	,	,	,无售后或售后取消,,	,	,,,,,,,否,否,	,否,	,,559.0	,0.0	,0.0	,0.0	,0.0	,0.0	,0.0	,0.0	,559.0	,559.0	,	,	,****,****,****,****,,否,否,	,	,	,否,	,	,	,	,	,	,	,	,	,	,	,	,否,否,	,否,	,,	,否,	,否,,,否
【重磅新品】云米净水器600G小海豚升级版厨下式RO反渗透直饮家用,251025-203318894130543,已发货，待收货,1	,正常,2025-10-25 11:22:37,2025-10-26 11:22:37,,2025-10-25 19:48:48,	,225501370546	,【24年新品】600G升级版6年长效,1600502140541	,厨房电器,净水器/净水设备及配件耗材,净水器,	,6923185653684	,6923185616399	,	,	,无售后或售后取消,,2025-10-25 11:22:37,	,,,,,,,否,否,	,否,	,,559.0	,0.0	,0.0	,0.0	,1.11	,0.0	,0.0	,0.0	,559.0	,559.0	,JDV023658323767,京东大件物流,安徽省,黄山市,屯溪区,,,否,否,	,	,	,否,	,	,	,	,	,	,	,	,	,	,	,	,否,否,	,否,否,,	,否,	,否,,,否
云米电热水器50/60升洗澡家用浴室速热大容量省电防漏电警示安全,251025-053225798020520,已发货，待收货,2	,正常,2025-10-25 11:17:09,2025-10-26 11:17:10,,2025-10-25 21:02:55,	,691819698413	,60L速热加长防电墙5倍增容,1683563098526	,大家电,热水器,电热水器,	,6923185614937	,	,	,	,无售后或售后取消,,2025-10-25 11:17:10,	,,,,,,,否,否,	,否,	,,1184.0	,0.0	,47.36	,78.0	,0.0	,0.0	,0.0	,0.0	,1058.64	,1136.64	,JDLD12875927565,京东大件物流,贵州省,六盘水市,水城区,,,否,否,	,	,	,否,	,	,	,	,	,	,	,	,	,	,	,	,否,否,	,否,否,,	,否,	,否,,,否
【重磅新品】云米净水器600G小海豚升级版厨下式RO反渗透直饮家用,251025-211854354783771,已发货，待收货,1	,正常,2025-10-25 11:16:45,2025-10-26 11:16:45,,2025-10-25 19:48:50,	,225501370546	,【24年新品】600G升级版6年长效,1600502140541	,厨房电器,净水器/净水设备及配件耗材,净水器,	,6923185653684	,6923185616399	,	,	,无售后或售后取消,,2025-10-25 11:16:45,	,,,,,,,否,否,	,否,	,,559.0	,0.0	,0.0	,0.0	,3.0	,0.0	,0.0	,0.0	,559.0	,559.0	,JDV023660403246,京东大件物流,河南省,郑州市,金水区,,,否,否,	,	,	,否,	,	,	,	,	,	,	,	,	,	,	,	,否,否,	,否,否,,	,否,	,否,,,否
【母婴直饮】云米净水器 SE 600G+ 新升级厨下式RO反渗透直饮家用,251025-595800890932691,已发货，待收货,1	,正常,2025-10-25 11:14:41,2025-10-26 11:14:41,,2025-10-25 19:48:51,	,819506595979	,【24年新品】600G升级版6年长效,1787046011387	,厨房电器,净水器/净水设备及配件耗材,净水器,	,6923185653684	,6923185616399	,	,	,无售后或售后取消,,2025-10-25 11:14:41,	,,,,,,,否,否,	,否,	,,748.7	,0.0	,0.0	,0.0	,0.0	,0.0	,0.0	,0.0	,748.7	,748.7	,JDV023660355086,京东大件物流,山东省,滨州市,滨城区,,,否,否,	,	,	,否,	,	,	,	,	,	,	,	,	,	,	,	,否,否,	,否,否,,	,否,	,否,,,否
【母婴直饮】云米净水器 SE 600G+ 新升级厨下式RO反渗透直饮家用,251025-591197642292691,已发货，待收货,1	,正常,2025-10-25 11:11:42,2025-10-26 11:11:42,,2025-10-25 19:48:51,	,819506595979	,【24年新品】600G升级版6年长效,1787046011387	,厨房电器,净水器/净水设备及配件耗材,净水器,	,6923185653684	,6923185616399	,	,	,无售后或售后取消,,2025-10-25 11:11:42,	,,,,,,,否,否,	,否,	,,748.7	,0.0	,0.0	,0.0	,0.0	,0.0	,0.0	,0.0	,748.7	,748.7	,JDV023660383436,京东大件物流,山东省,滨州市,滨城区,,,否,否,	,	,	,否,	,	,	,	,	,	,	,	,	,	,	,	,否,否,	,否,否,,	,否,	,否,,,否
云米小厨宝6L电热水器厨房卫生间出水恒温储水式小型速热神器加热,251025-511380057753943,已发货，待收货,1	,正常,2025-10-25 11:00:42,2025-10-26 11:00:42,,2025-10-25 19:48:50,	,208073193570	,热水即刻有-【6L】,1801828025682	,大家电,热水器,厨宝,	,6923185611233	,6923185611233	,ZX2510250061106,	,无售后或售后取消,,2025-10-25 11:00:42,	,,,,,,,否,否,	,否,	,,259.0	,0.0	,0.0	,40.0	,0.0	,0.0	,0.0	,0.0	,219.0	,259.0	,JDV023660367890,京东大件物流,河南省,许昌市,禹州市,,,否,否,	,	,	,否,	,	,	,	,	,	,	,	,	,	,	,	,否,否,	,否,否,,	,否,	,否,,,否
云米净饮机X2系列滤芯X2mini mango复合滤芯5in1/6in1 RO反渗透,251025-446022357394019,已发货，待收货,1	,正常,2025-10-25 10:57:43,2025-10-27 10:57:43,,2025-10-25 19:48:51,	,243153009643	,X2mini/mango 6合1滤芯,1360803955963	,厨房电器,净水器/净水设备及配件耗材,净水器,	,6923185623281	,6923185614258	,	,	,无售后或售后取消,,2025-10-25 10:57:43,	,,,,,,,否,否,	,否,	,,319.0	,0.0	,0.0	,20.0	,0.0	,0.0	,0.0	,0.0	,299.0	,319.0	,JDV023660347974,京东大件物流,浙江省,温州市,鹿城区,,,否,否,	,	,	,否,	,	,	,	,	,	,	,	,	,	,	,	,否,否,	,否,否,,	,否,	,否,,,否
【重磅新品】云米净水器600G小海豚升级版厨下式RO反渗透直饮家用,251025-578960822560444,待发货,1	,正常,2025-10-25 10:54:50,2026-01-22 10:54:50,,	,	,225501370546	,【24年新品】600G升级版6年长效,1600502140541	,厨房电器,净水器/净水设备及配件耗材,净水器,	,6923185653684	,6923185616399	,	,	,无售后或售后取消,,2025-10-25 10:54:50,	,,,,,,,否,否,	,否,	,,559.0	,0.0	,0.0	,0.0	,6.0	,0.0	,0.0	,0.0	,559.0	,559.0	,	,	,广东省,肇庆市,端州区,,,否,否,	,	,	,否,	,	,	,	,	,	,	,	,	,	,	,	,否,否,	,否,否,,	,否,	,否,,,否
云米小厨宝6L电热水器厨房卫生间出水恒温储水式小型速热神器加热,251025-676876818073943,已取消,1	,正常,	,	,,	,	,208073193570	,热水即刻有-【6L】,1801828025682	,大家电,热水器,厨宝,	,6923185611233	,6923185611233	,	,	,无售后或售后取消,,	,	,,,,,,,否,否,	,否,	,,259.0	,0.0	,0.0	,3.0	,0.0	,0.0	,0.0	,0.0	,256.0	,259.0	,	,	,****,****,****,****,,否,否,	,	,	,否,	,	,	,	,	,	,	,	,	,	,	,	,否,否,	,否,	,,	,否,	,否,,,否
云米电热水器家用洗澡租房储水式速热抑菌节能省电卫生间40/60升,251025-596660723210709,已取消,1	,正常,	,	,,	,	,227645754240	,"速热抑菌洗-40L,全国联保送货上门安装8年质保",1645458252843	,大家电,热水器,电热水器,	,6923185681281	,	,	,	,无售后或售后取消,,	,	,,,,,,,否,否,	,否,	,,377.33	,0.0	,0.0	,0.0	,0.0	,0.0	,0.0	,0.0	,377.33	,377.33	,	,	,****,****,****,****,,否,否,	,	,	,否,	,	,	,	,	,	,	,	,	,	,	,	,否,否,	,否,	,,	,否,	,否,,,否
云米净水器滤芯家用小海豚小蓝调小白龙系列专用RO反渗透,251025-398186268242983,未发货，退款成功,1	,正常,2025-10-25 10:48:13,2025-10-27 10:48:13,,	,	,232467205433	,5in1 复合滤芯,1647394585330	,厨房电器,净水器/净水设备及配件耗材,净水器,	,6923185627425	,	,聚水潭已取消发货  已退款  委10.25,	,退款成功,,2025-10-25 10:48:13,	,,,,,,,否,否,	,否,	,,149.0	,0.0	,0.0	,0.0	,0.16	,0.0	,0.0	,0.0	,149.0	,149.0	,	,	,黑龙江省,鸡西市,虎林市,,,否,否,	,	,	,否,	,	,	,	,	,	,	,	,	,	,	,	,否,否,	,否,否,,	,否,	,否,,,否
云米电热水器家用洗澡租房储水式速热抑菌节能省电卫生间40/60升,251025-490240797103325,已取消,1	,正常,	,	,,	,	,227645754240	,"速热抑菌洗-40L,全国联保送货上门安装8年质保",1645458252843	,大家电,热水器,电热水器,	,6923185681281	,	,	,	,无售后或售后取消,,	,	,,,,,,,否,否,	,否,	,,377.33	,0.0	,0.0	,18.86	,0.0	,0.0	,0.0	,0.0	,358.47	,377.33	,	,	,****,****,****,****,,否,否,	,	,	,否,	,	,	,	,	,	,	,	,	,	,	,	,否,否,	,否,	,,	,否,	,否,,,否
【重磅新品】云米净水器600G小海豚升级版厨下式RO反渗透直饮家用,251025-453593065840323,未发货，退款成功,1	,审核中，请勿发货,2025-10-25 10:41:55,2025-10-26 10:41:55,,	,	,225501370546	,【24年新品】600G升级版6年长效,1600502140541	,厨房电器,净水器/净水设备及配件耗材,净水器,	,6923185653684	,6923185616399	,聚水潭已取消发货  已退款  委10.25,	,退款成功,,2025-10-25 10:41:55,	,,,,,,,否,否,	,否,	,,559.0	,0.0	,0.0	,0.0	,6.0	,0.0	,0.0	,0.0	,559.0	,559.0	,	,	,广西壮族自治区,贵港市,港北区,,,否,否,	,	,	,否,	,	,	,	,	,	,	,	,	,	,	,	,否,否,	,否,	,,	,否,	,否,,,否
【重磅新品】云米净水器600G小海豚升级版厨下式RO反渗透直饮家用,251025-233329211780293,已取消,1	,正常,	,	,,	,	,225501370546	,【24年新品】600G升级版6年长效,1600502140541	,厨房电器,净水器/净水设备及配件耗材,净水器,	,6923185653684	,6923185616399	,	,	,无售后或售后取消,,	,	,,,,,,,否,否,	,否,	,,559.0	,0.0	,0.0	,0.0	,0.0	,0.0	,0.0	,0.0	,559.0	,559.0	,	,	,****,****,****,****,,否,否,	,	,	,否,	,	,	,	,	,	,	,	,	,	,	,	,否,否,	,否,	,,	,否,	,否,,,否
【母婴直饮】云米净水器 SE 600G+ 新升级厨下式RO反渗透直饮家用,251025-603665262960323,已发货，待收货,1	,正常,2025-10-25 10:41:16,2025-10-26 10:41:17,,2025-10-25 19:48:49,	,819506595979	,【24年新品】600G升级版6年长效,1787046011387	,厨房电器,净水器/净水设备及配件耗材,净水器,	,6923185653684	,6923185616399	,ZX2510250061106,	,无售后或售后取消,,2025-10-25 10:41:17,	,,,,,,,否,否,	,否,	,,748.7	,0.0	,149.74	,0.0	,0.0	,0.0	,0.0	,0.0	,598.96	,598.96	,JDV023660344206,京东大件物流,广西壮族自治区,贵港市,港北区,,,否,否,	,	,	,否,	,	,	,	,	,	,	,	,	,	,	,	,否,否,	,否,否,,	,否,	,否,,,否
云米小厨宝6L电热水器厨房卫生间出水恒温储水式小型速热神器加热,251025-518216814963576,未发货，退款成功,1	,正常,2025-10-25 10:42:40,2025-10-26 10:42:40,,	,	,208073193570	,热水即刻有-【6L】,1801828025682	,大家电,热水器,厨宝,	,6923185611233	,6923185611233	,拦截	ZX2510250061157	 ,	,退款成功,,2025-10-25 10:42:40,	,,,,,,,否,否,	,否,	,,259.0	,0.0	,0.0	,0.0	,0.0	,0.0	,0.0	,0.0	,259.0	,259.0	,	,	,湖北省,襄阳市,樊城区,,,否,否,	,	,	,否,	,	,	,	,	,	,	,	,	,	,	,	,否,否,	,否,否,,	,否,	,否,,,否
【小海豚1000G管线机套装】云米净水器家用厨下一键即热制冷直饮,251025-140656054603401,已发货，待收货,1	,正常,2025-10-25 10:33:50,2025-10-26 10:33:50,,2025-10-25 19:48:49,	,246986456918	,【0陈水冷热2件套】1000G+管线机2E,1751903219858	,厨房电器,净水器/净水设备及配件耗材,净水器,	,S2503111808001,	,ZX2510250061106,	,无售后或售后取消,,2025-10-25 10:33:50,	,,,,,,,否,否,	,否,	,,1699.0	,0.0	,309.8	,150.0	,0.0	,0.0	,0.0	,0.0	,1239.2	,1389.2	,JDV023660480941,京东大件物流,河北省,石家庄市,藁城区,,,否,否,	,	,	,否,	,	,	,	,	,	,	,	,	,	,	,	,否,否,	,否,否,,	,否,	,否,,,否
云米净水器滤芯家用小海豚小蓝调小白龙系列专用RO反渗透,251025-179474338140508,已发货，待收货,1	,正常,2025-10-25 10:33:46,2025-10-27 10:33:47,,2025-10-25 19:48:51,	,232467205433	,5in1 复合滤芯,1647394585330	,厨房电器,净水器/净水设备及配件耗材,净水器,	,6923185627425	,	,后返，到手价109,	,无售后或售后取消,,2025-10-25 10:33:47,	,,,,,,,否,否,	,否,	,,149.0	,0.0	,0.0	,0.0	,0.0	,0.0	,0.0	,0.0	,149.0	,149.0	,JDV023656587333,京东大件物流,黑龙江省,黑河市,逊克县,,,否,否,	,	,	,否,	,	,	,	,	,	,	,	,	,	,	,	,否,否,	,否,否,,	,否,	,否,,,否
云米净水器滤芯小蓝调小海豚600G+专用复合滤芯RO反渗透滤芯过滤,251025-213091695021351,已发货，待收货,1	,正常,2025-10-25 10:29:08,2025-10-26 10:29:08,,2025-10-25 19:48:49,	,296967601341	,5in1复合滤芯 2年长效,1600193054565	,厨房电器,净水器/净水设备及配件耗材,净水器,	,6923185627425	,	,后返到手价99  ZX2510250061106,	,无售后或售后取消,,2025-10-25 10:29:08,	,,,,,,,否,否,	,否,	,,299.0	,0.0	,0.0	,0.0	,0.0	,0.0	,0.0	,0.0	,299.0	,299.0	,JDV023660336276,京东大件物流,广东省,清远市,清城区,,,否,否,	,	,	,否,	,	,	,	,	,	,	,	,	,	,	,	,否,否,	,否,否,,	,否,	,否,,,否
【重磅新品】云米净水器600G小海豚升级版厨下式RO反渗透直饮家用,251025-204430447012321,已发货，待收货,1	,正常,2025-10-25 10:22:27,2025-10-26 10:22:27,,2025-10-25 19:48:51,	,225501370546	,【24年新品】600G升级版6年长效,1600502140541	,厨房电器,净水器/净水设备及配件耗材,净水器,	,6923185653684	,6923185616399	,ZX2510250061106,	,无售后或售后取消,,2025-10-25 10:22:27,	,,,,,,,否,否,	,否,	,,559.0	,0.0	,0.0	,0.0	,0.0	,0.0	,0.0	,0.0	,559.0	,559.0	,JDV023660426887,京东大件物流,河南省,三门峡市,渑池县,,,否,否,	,	,	,否,	,	,	,	,	,	,	,	,	,	,	,	,否,否,	,否,否,,	,否,	,否,,,否
【重磅新品】云米净水器600G小海豚升级版厨下式RO反渗透直饮家用,251025-493061456301351,已发货，待收货,1	,正常,2025-10-25 10:16:52,2025-10-26 10:16:52,,2025-10-25 19:48:48,	,225501370546	,【24年新品】600G升级版6年长效,1600502140541	,厨房电器,净水器/净水设备及配件耗材,净水器,	,6923185653684	,6923185616399	,ZX2510250061106,	,无售后或售后取消,,2025-10-25 10:16:52,	,,,,,,,否,否,	,否,	,,559.0	,0.0	,0.0	,5.0	,0.0	,0.0	,0.0	,0.0	,554.0	,559.0	,JDV023660403804,京东大件物流,广东省,清远市,清城区,,,否,否,	,	,	,否,	,	,	,	,	,	,	,	,	,	,	,	,否,否,	,否,否,,	,否,	,否,,,否
Viomi云米净水器1000G厨下式RO反渗透直饮过滤器净饮小海豚2,251025-361842686280970,已发货，待收货,1	,正常,2025-10-25 10:08:46,2025-10-26 10:08:46,,2025-10-25 19:48:50,	,205458105137	,小海豚2包安装1000G大加仑,1802849942800	,厨房电器,净水器/净水设备及配件耗材,净水器,	,6923185654865	,	,ZX2510250061106,	,无售后或售后取消,,2025-10-25 10:08:46,	,,,,,,,否,否,	,否,	,,929.0	,0.0	,0.0	,90.0	,0.0	,0.0	,0.0	,0.0	,839.0	,929.0	,JDV023660344097,京东大件物流,山东省,济南市,市中区,,,否,否,	,	,	,否,	,	,	,	,	,	,	,	,	,	,	,	,否,否,	,否,否,,	,否,	,否,,,否
【重磅新品】云米净水器600G小海豚升级版厨下式RO反渗透直饮家用,251025-485920653700578,已取消,1	,正常,	,	,,	,	,225501370546	,【24年新品】600G升级版6年长效,1600502140541	,厨房电器,净水器/净水设备及配件耗材,净水器,	,6923185653684	,6923185616399	,	,	,无售后或售后取消,,	,	,,,,,,,否,否,	,否,	,,559.0	,0.0	,0.0	,0.0	,0.0	,0.0	,0.0	,0.0	,559.0	,559.0	,	,	,****,****,****,****,,否,否,	,	,	,否,	,	,	,	,	,	,	,	,	,	,	,	,否,否,	,否,	,,	,否,	,否,,,否
Viomi云米净水器1000G厨下式RO反渗透直饮过滤器净饮小海豚2,251025-256313966920970,未发货，退款成功,1	,正常,2025-10-25 09:46:30,2025-10-26 09:46:30,,	,	,205458105137	,小海豚2包安装1000G大加仑,1802849942800	,厨房电器,净水器/净水设备及配件耗材,净水器,	,6923185654865	,	,聚水潭已取消发货  已退款  委10.25,	,退款成功,,2025-10-25 09:46:30,	,,,,,,,否,否,	,否,	,,929.0	,0.0	,0.0	,85.0	,0.0	,0.0	,0.0	,0.0	,844.0	,929.0	,	,	,山东省,济南市,市中区,,,否,否,	,	,	,否,	,	,	,	,	,	,	,	,	,	,	,	,否,否,	,否,否,,	,否,	,否,,,否
【重磅新品】云米净水器600G小海豚升级版厨下式RO反渗透直饮家用,251025-215388024341274,已发货，待收货,1	,正常,2025-10-25 09:45:58,2025-10-26 09:45:59,,2025-10-25 19:48:49,	,225501370546	,【24年新品】600G升级版6年长效,1600502140541	,厨房电器,净水器/净水设备及配件耗材,净水器,	,6923185653684	,6923185616399	,ZX2510250061106,	,无售后或售后取消,,2025-10-25 09:45:59,	,,,,,,,否,否,	,否,	,,559.0	,0.0	,0.0	,0.0	,0.0	,0.0	,0.0	,0.0	,559.0	,559.0	,JDV023656996643,京东大件物流,江苏省,苏州市,太仓市,,,否,否,	,	,	,否,	,	,	,	,	,	,	,	,	,	,	,	,否,否,	,否,否,,	,否,	,否,,,否
云米矿泉台式净饮机即热式饮水机直饮家用矿化加热一体机净水器,251025-264587231553415,已发货，待收货,1	,正常,2025-10-25 09:35:47,2025-10-27 09:35:47,,2025-10-25 19:48:50,	,826920121377	,spuer2,1792670253677	,厨房电器,台式净饮机,台式净饮机,	,6923185615415	,6923185615415	,	,	,无售后或售后取消,,2025-10-25 09:35:47,	,,,,,,,否,否,	,否,	,,1184.0	,0.0	,177.15	,3.0	,0.0	,0.0	,0.0	,0.0	,1003.85	,1006.85	,JDV023660400645,京东大件物流,天津市,天津市,和平区,,,否,否,	,	,	,否,	,	,	,	,	,	,	,	,	,	,	,	,否,否,	,否,否,,	,否,	,否,,,否
云米顶侧大吸力蓝调油烟机家用厨房节能自清洁一级能效可挥手智控,251025-546412981880222,已取消,1	,正常,	,	,,	,	,657344402006	,云米智清洁挥手智控单烟机,1723825075586	,大家电,厨房大电,油烟机,	,6923185650973	,6923185650973	,	,	,无售后或售后取消,,	,	,,,,,,,否,否,	,否,	,,789.0	,0.0	,0.0	,39.45	,0.0	,0.0	,0.0	,0.0	,749.55	,789.0	,	,	,****,****,****,****,,否,否,	,	,	,否,	,	,	,	,	,	,	,	,	,	,	,	,否,否,	,否,	,,	,否,	,否,,,否
【重磅新品】云米净水器600G小海豚升级版厨下式RO反渗透直饮家用,251025-209547456072811,已发货，待收货,1	,正常,2025-10-25 09:35:22,2025-10-26 09:35:22,,2025-10-25 19:48:51,	,225501370546	,【24年新品】600G升级版6年长效,1600502140541	,厨房电器,净水器/净水设备及配件耗材,净水器,	,6923185653684	,6923185616399	,ZX2510250061106,	,无售后或售后取消,,2025-10-25 09:35:22,	,,,,,,,否,否,	,否,	,,559.0	,0.0	,0.0	,0.0	,0.0	,0.0	,0.0	,0.0	,559.0	,559.0	,JDV023656556750,京东大件物流,河南省,郑州市,金水区,,,否,否,	,	,	,否,	,	,	,	,	,	,	,	,	,	,	,	,否,否,	,否,否,,	,否,	,否,,,否
云米60升AI速热高温抑菌电热水器3000W一级节能变频增容家用租房,251025-542375943781738,已发货，待收货,1	,正常,2025-10-25 09:33:30,2025-10-26 09:33:30,,2025-10-25 19:48:50,	,226368376224	,3000W速热安全60L热水器,1737176648260	,大家电,热水器,电热水器,	,6923185602224	,6923185602224	,ZX2510250061106,	,无售后或售后取消,,2025-10-25 09:33:30,	,,,,,,,否,否,	,否,	,,656.0	,0.0	,0.0	,0.0	,0.0	,0.0	,0.0	,0.0	,656.0	,656.0	,JDV023660360675,京东大件物流,辽宁省,葫芦岛市,龙港区,,,否,否,	,	,	,否,	,	,	,	,	,	,	,	,	,	,	,	,否,否,	,否,否,,	,否,	,否,,,否
云米电热水器家用洗澡租房储水式速热抑菌节能省电卫生间40/60升,251025-005840648492251,已发货，待收货,1	,正常,2025-10-25 09:32:24,2025-10-26 09:32:25,,2025-10-25 21:03:03,	,227645754240	,"速热抑菌洗-40L,全国联保送货上门安装8年质保",1645458252843	,大家电,热水器,电热水器,	,6923185681281	,	,ZX2510250061106,	,无售后或售后取消,,2025-10-25 09:32:25,	,,,,,,,否,否,	,否,	,,377.33	,0.0	,0.0	,22.0	,3.0	,0.0	,0.0	,0.0	,355.33	,377.33	,JDLD12875908395,京东大件物流,山东省,烟台市,牟平区,,,否,否,	,	,	,否,	,	,	,	,	,	,	,	,	,	,	,	,否,否,	,否,否,,	,否,	,否,,,否
云米3000W速热电热水器家用浴室免换镁棒一级能效抑菌内胆免清洗,251025-083644977481505,已发货，待收货,1	,正常,2025-10-25 09:30:02,2025-10-26 09:30:02,,2025-10-25 17:00:56,	,369876178838	,速热3000W免换镁棒电热水器60L,1799960621871	,大家电,热水器,电热水器,	,6923185611899	,6923185611882	,	,	,无售后或售后取消,,2025-10-25 09:30:02,	,,,,,,,否,否,	,否,	,,823.0	,0.0	,0.0	,0.0	,0.0	,0.0	,0.0	,0.0	,823.0	,823.0	,JDV023656570415,京东大件物流,云南省,大理白族自治州,大理市,,,否,否,	,	,	,否,	,	,	,	,	,	,	,	,	,	,	,	,否,否,	,否,否,,	,否,	,否,,,否
【小海豚1000G管线机套装】云米净水器家用厨下一键即热制冷直饮,251025-440968158783865,已发货，待收货,1	,正常,2025-10-25 09:27:47,2025-10-26 09:27:48,,2025-10-25 19:48:51,	,246986456918	,【0陈水冷热2件套】1000G+管线机2E,1751903219858	,厨房电器,净水器/净水设备及配件耗材,净水器,	,S2503111808001,	,ZX2510250061106,	,无售后或售后取消,,2025-10-25 09:27:48,	,,,,,,,否,否,	,否,	,,1699.0	,0.0	,305.82	,169.9	,0.0	,0.0	,0.0	,0.0	,1223.28	,1393.18	,JDV023660518192,京东大件物流,江苏省,徐州市,丰县,,,否,否,	,	,	,否,	,	,	,	,	,	,	,	,	,	,	,	,否,否,	,否,否,,	,否,	,否,,,否
云米小厨宝6L电热水器厨房卫生间出水恒温储水式小型速热神器加热,251025-305722846813148,已发货，待收货,1	,正常,2025-10-25 09:24:34,2025-10-26 09:24:35,,2025-10-25 19:48:49,	,208073193570	,热水即刻有-【6L】,1801828025682	,大家电,热水器,厨宝,	,6923185611233	,6923185611233	,ZX2510250061106,	,无售后或售后取消,,2025-10-25 09:24:35,	,,,,,,,否,否,	,否,	,,259.0	,0.0	,0.0	,0.0	,0.0	,0.0	,0.0	,0.0	,259.0	,259.0	,JDV023660403534,京东大件物流,陕西省,汉中市,南郑区,,,否,否,	,	,	,否,	,	,	,	,	,	,	,	,	,	,	,	,否,否,	,否,否,,	,否,	,否,,,否
【小海豚1000G管线机套装】云米净水器家用厨下一键即热制冷直饮,251025-579044708641225,已取消,1	,正常,	,	,,	,	,246986456918	,【0陈水冷热2件套】1000G+管线机2E,1751903219858	,厨房电器,净水器/净水设备及配件耗材,净水器,	,S2503111808001,	,	,	,无售后或售后取消,,	,	,,,,,,,否,否,	,否,	,,1699.0	,0.0	,339.2	,3.0	,0.0	,0.0	,0.0	,0.0	,1356.8	,1359.8	,	,	,****,****,****,****,,否,否,	,	,	,否,	,	,	,	,	,	,	,	,	,	,	,	,否,否,	,否,	,,	,否,	,否,,,否
【重磅新品】云米净水器600G小海豚升级版厨下式RO反渗透直饮家用,251025-160421680750084,已发货，待收货,1	,正常,2025-10-25 09:15:27,2025-10-26 09:15:27,,2025-10-25 19:48:49,	,225501370546	,【24年新品】600G升级版6年长效,1600502140541	,厨房电器,净水器/净水设备及配件耗材,净水器,	,6923185653684	,6923185616399	,ZX2510250061106=15618113489安装 [viomi莉莉sk 10/26 15:58],	,无售后或售后取消,,2025-10-25 09:15:27,	,,,,,,,否,否,	,否,	,,559.0	,0.0	,0.0	,0.0	,0.0	,0.0	,0.0	,0.0	,559.0	,559.0	,JDV023657010246,京东大件物流,上海市,上海市,闵行区,,,否,否,	,	,	,否,	,	,	,	,	,	,	,	,	,	,	,	,否,否,	,否,否,,	,否,	,否,,,否
云米小厨宝6L电热水器厨房卫生间出水恒温储水式小型速热神器加热,251025-624500446792811,已发货，待收货,1	,正常,2025-10-25 09:12:56,2025-10-26 09:12:56,,2025-10-25 19:48:51,	,208073193570	,热水即刻有-【6L】,1801828025682	,大家电,热水器,厨宝,	,6923185611233	,6923185611233	,ZX2510250061106,	,无售后或售后取消,,2025-10-25 09:12:56,	,,,,,,,否,否,	,否,	,,259.0	,0.0	,0.0	,0.0	,0.0	,0.0	,0.0	,0.0	,259.0	,259.0	,JDV023660335933,京东大件物流,河南省,郑州市,金水区,,,否,否,	,	,	,否,	,	,	,	,	,	,	,	,	,	,	,	,否,否,	,否,否,,	,否,	,否,,,否
云米净水器滤芯PP棉前置后置RO反渗透1号2号3号4号通用装C/V系列,251025-641990726010224,已取消,1	,正常,	,	,,	,	,205467667434	,2号前置活性炭超能 升级版,1734505276913	,厨房电器,净水器/净水设备及配件耗材,净水器,	,6923185680772	,	,	,	,无售后或售后取消,,	,	,,,,,,,否,否,	,否,	,,53.0	,0.0	,0.0	,3.0	,0.0	,0.0	,0.0	,0.0	,50.0	,53.0	,	,	,****,****,****,****,,否,否,	,	,	,否,	,	,	,	,	,	,	,	,	,	,	,	,否,否,	,否,	,,	,否,	,否,,,否
【重磅新品】云米净水器600G小海豚升级版厨下式RO反渗透直饮家用,251025-261577818460440,已发货，待收货,1	,正常,2025-10-25 09:02:55,2025-10-26 09:02:55,,2025-10-25 19:48:51,	,225501370546	,【24年新品】600G升级版6年长效,1600502140541	,厨房电器,净水器/净水设备及配件耗材,净水器,	,6923185653684	,6923185616399	,ZX2510250061106,	,无售后或售后取消,,2025-10-25 09:02:55,	,,,,,,,否,否,	,否,	,,559.0	,0.0	,0.0	,0.0	,0.0	,0.0	,0.0	,0.0	,559.0	,559.0	,JDV023660318636,京东大件物流,山东省,烟台市,开发区,,,否,否,	,	,	,否,	,	,	,	,	,	,	,	,	,	,	,	,否,否,	,否,否,,	,否,	,否,,,否
【母婴直饮】云米净水器 SE 600G+ 新升级厨下式RO反渗透直饮家用,251025-043683704402455,已取消,1	,正常,	,	,,	,	,819506595979	,【24年新品】600G升级版6年长效,1787046011387	,厨房电器,净水器/净水设备及配件耗材,净水器,	,6923185653684	,6923185616399	,	,	,无售后或售后取消,,	,	,,,,,,,否,否,	,否,	,,748.7	,0.0	,139.74	,50.0	,0.0	,0.0	,0.0	,0.0	,558.96	,608.96	,	,	,****,****,****,****,,否,否,	,	,	,否,	,	,	,	,	,	,	,	,	,	,	,	,否,否,	,否,	,,	,否,	,否,,,否
【母婴直饮】云米净水器 SE 600G+ 新升级厨下式RO反渗透直饮家用,251025-171211538732347,已发货，待收货,1	,正常,2025-10-25 08:55:45,2025-10-26 08:55:45,,2025-10-25 19:48:51,	,819506595979	,【24年新品】600G升级版6年长效,1787046011387	,厨房电器,净水器/净水设备及配件耗材,净水器,	,6923185653684	,6923185616399	,ZX2510250061106,	,无售后或售后取消,,2025-10-25 08:55:45,	,,,,,,,否,否,	,否,	,,748.7	,0.0	,137.76	,59.89	,0.0	,0.0	,0.0	,0.0	,551.05	,610.94	,JDV023660426761,京东大件物流,山东省,枣庄市,滕州市,,,否,否,	,	,	,否,	,	,	,	,	,	,	,	,	,	,	,	,否,否,	,否,否,,	,否,	,否,,,否
云米净水器滤芯家用小海豚小蓝调小白龙系列专用RO反渗透,251025-199198042522780,已收货,1	,正常,2025-10-25 08:54:03,2025-10-27 08:54:04,,2025-10-25 17:00:56,2025-10-26 10:50:49,232467205433	,5in1 复合滤芯,1647394585330	,厨房电器,净水器/净水设备及配件耗材,净水器,	,6923185627425	,	,	,	,无售后或售后取消,,2025-10-25 08:54:04,	,,,,,,,否,否,	,否,	,,149.0	,0.0	,0.0	,20.86	,0.0	,0.0	,0.0	,0.0	,128.14	,149.0	,JDV023656530742,京东大件物流,云南省,昭通市,水富市,,,否,否,	,	,	,否,	,	,	,	,	,	,	,	,	,	,	,	,否,否,	,否,否,,	,否,	,否,,,否
【重磅新品】云米净水器600G小海豚升级版厨下式RO反渗透直饮家用,251025-098157259092293,已发货，待收货,1	,正常,2025-10-25 08:25:56,2025-10-26 08:25:56,,2025-10-25 19:48:50,	,225501370546	,【24年新品】600G升级版6年长效,1600502140541	,厨房电器,净水器/净水设备及配件耗材,净水器,	,6923185653684	,6923185616399	,ZX2510250061106,	,无售后或售后取消,,2025-10-25 08:25:56,	,,,,,,,否,否,	,否,	,,559.0	,0.0	,0.0	,55.9	,1.0	,0.0	,0.0	,0.0	,503.1	,559.0	,JDV023660360576,京东大件物流,天津市,天津市,河东区,,,否,否,	,	,	,否,	,	,	,	,	,	,	,	,	,	,	,	,否,否,	,否,否,,	,否,	,否,,,否
云米小厨宝6L电热水器厨房卫生间出水恒温储水式小型速热神器加热,251025-271717558590765,已发货，待收货,1	,正常,2025-10-25 08:21:44,2025-10-26 08:21:44,,2025-10-25 19:48:51,	,208073193570	,热水即刻有-【6L】,1801828025682	,大家电,热水器,厨宝,	,6923185611233	,6923185611233	,ZX2510250061106,	,无售后或售后取消,,2025-10-25 08:21:44,	,,,,,,,否,否,	,否,	,,259.0	,0.0	,0.0	,0.0	,0.0	,0.0	,0.0	,0.0	,259.0	,259.0	,JDV023660427095,京东大件物流,山东省,烟台市,芝罘区,,,否,否,	,	,	,否,	,	,	,	,	,	,	,	,	,	,	,	,否,否,	,否,否,,	,否,	,否,,,否
云米智能电热水器小蓝调节能变频速热家用浴室洗澡抑菌50L/60L,251025-158251107912909,已发货，待收货,1	,正常,2025-10-25 08:18:29,2025-10-26 08:18:30,,2025-10-25 19:48:50,	,434684719975	,安全保护8倍增容大水量60L,1733881750462	,大家电,热水器,电热水器,	,6923185649083	,	,晒单送淋蓬头  ZX2510250061106,	,无售后或售后取消,,2025-10-25 08:18:30,	,,,,,,,否,否,	,否,	,,699.0	,0.0	,0.0	,48.93	,15.0	,0.0	,0.0	,0.0	,650.07	,699.0	,JDV023660335916,京东大件物流,内蒙古自治区,呼和浩特市,赛罕区,,,否,否,	,	,	,否,	,	,	,	,	,	,	,	,	,	,	,	,否,否,	,否,否,,	,否,	,否,,,否
【母婴直饮】云米净水器 SE 600G+ 新升级厨下式RO反渗透直饮家用,251025-509251479911473,已发货，待收货,1	,正常,2025-10-25 08:15:43,2025-10-26 08:15:43,,2025-10-25 19:48:49,	,819506595979	,【24年新品】600G升级版6年长效,1787046011387	,厨房电器,净水器/净水设备及配件耗材,净水器,	,6923185653684	,6923185616399	,ZX2510250061106,	,无售后或售后取消,,2025-10-25 08:15:43,	,,,,,,,否,否,	,否,	,,748.7	,0.0	,145.74	,20.0	,0.0	,0.0	,0.0	,0.0	,582.96	,602.96	,JDV023660344196,京东大件物流,福建省,莆田市,仙游县,,,否,否,	,	,	,否,	,	,	,	,	,	,	,	,	,	,	,	,否,否,	,否,否,,	,否,	,否,,,否
【母婴直饮】云米净水器 SE 600G+ 新升级厨下式RO反渗透直饮家用,251025-545353941351473,已取消,1	,正常,	,	,,	,	,819506595979	,【24年新品】600G升级版6年长效,1787046011387	,厨房电器,净水器/净水设备及配件耗材,净水器,	,6923185653684	,6923185616399	,	,	,无售后或售后取消,,	,	,,,,,,,否,否,	,否,	,,748.7	,0.0	,149.74	,0.0	,0.0	,0.0	,0.0	,0.0	,598.96	,598.96	,	,	,****,****,****,****,,否,否,	,	,	,否,	,	,	,	,	,	,	,	,	,	,	,	,否,否,	,否,	,,	,否,	,否,,,否
云米净水器滤芯家用小海豚小蓝调小白龙系列专用RO反渗透,251025-014281685390225,已收货，退款成功,1	,正常,2025-10-25 08:14:01,2025-10-27 08:14:01,,2025-10-25 17:00:56,2025-10-26 12:15:14,232467205433	,5in1 复合滤芯,1647394585330	,厨房电器,净水器/净水设备及配件耗材,净水器,	,6923185627425	,	,后返，到手价109,	,退款成功,,2025-10-25 08:14:01,	,,,,,,,否,否,	,否,	,,149.0	,0.0	,0.0	,13.41	,0.0	,0.0	,0.0	,0.0	,135.59	,149.0	,JDV023656996561,京东大件物流,江苏省,宿迁市,宿豫区,,,否,否,	,	,	,否,	,	,	,	,	,	,	,	,	,	,	,	,否,否,	,否,否,,	,否,	,否,,,否
云米顶侧双吸大吸力低噪油烟机猛火液化气聚能灶智能套装家用厨房,251025-250074908293186,已取消,1	,正常,	,	,,	,	,674950510509	,【烟灶套装】顶侧双吸烟机+5.0KW灶（天）,1744061180430	,大家电,厨房大电,烟灶消套装,	,S2405071349001,S2501061036001,	,	,无售后或售后取消,,	,	,,,,,,,否,否,	,否,	,,1187.0	,0.0	,0.0	,50.0	,0.0	,0.0	,0.0	,0.0	,1137.0	,1187.0	,	,	,****,****,****,****,,否,否,	,	,	,否,	,	,	,	,	,	,	,	,	,	,	,	,否,否,	,否,	,,	,否,	,否,,,否
【重磅新品】云米净水器600G小海豚升级版厨下式RO反渗透直饮家用,251025-058196006403978,已取消,1	,正常,	,	,,	,	,225501370546	,【24年新品】600G升级版6年长效,1600502140541	,厨房电器,净水器/净水设备及配件耗材,净水器,	,6923185653684	,6923185616399	,	,	,无售后或售后取消,,	,	,,,,,,,否,否,	,否,	,,559.0	,0.0	,0.0	,0.0	,0.0	,0.0	,0.0	,0.0	,559.0	,559.0	,	,	,****,****,****,****,,否,否,	,	,	,否,	,	,	,	,	,	,	,	,	,	,	,	,否,否,	,否,	,,	,否,	,否,,,否
【小海豚1000G管线机套装】云米净水器家用厨下一键即热制冷直饮,251025-600016176703865,未发货，退款成功,1	,正常,2025-10-25 07:41:46,2025-10-26 07:41:46,,	,	,246986456918	,【0陈水冷热2件套】1000G+管线机2E,1751903219858	,厨房电器,净水器/净水设备及配件耗材,净水器,	,S2503111808001,	,聚水潭已取消发货  已退款  委10.25,	,退款成功,,2025-10-25 07:41:46,	,,,,,,,否,否,	,否,	,,1699.0	,0.0	,305.82	,169.9	,0.0	,0.0	,0.0	,0.0	,1223.28	,1393.18	,	,	,江苏省,徐州市,丰县,,,否,否,	,	,	,否,	,	,	,	,	,	,	,	,	,	,	,	,否,否,	,否,否,,	,否,	,否,,,否
云米智能双胆电热水器扁桶家用速热储水式60L超薄抑菌节能大水量,251025-460597543291126,已发货，待收货,1	,正常,2025-10-25 07:40:59,2025-10-26 07:40:59,,2025-10-25 19:48:47,	,290130975552	,"纤薄安全节能60L,双胆扁桶",1756848157332	,大家电,热水器,电热水器,	,6923185610410	,6923185610410	,ZX2510250061106,	,无售后或售后取消,,2025-10-25 07:40:59,	,,,,,,,否,否,	,否,	,,797.0	,0.0	,0.0	,50.0	,1.05	,0.0	,0.0	,0.0	,747.0	,797.0	,JDV023660348615,京东大件物流,山东省,青岛市,莱西市,,,否,否,	,	,	,否,	,	,	,	,	,	,	,	,	,	,	,	,否,否,	,否,否,,	,否,	,否,,,否
【母婴直饮】云米净水器 SE 600G+ 新升级厨下式RO反渗透直饮家用,251025-594815260272465,已发货，待收货,1	,正常,2025-10-25 07:02:21,2025-10-26 07:02:22,,2025-10-25 19:48:50,	,819506595979	,【24年新品】600G升级版6年长效,1787046011387	,厨房电器,净水器/净水设备及配件耗材,净水器,	,6923185653684	,6923185616399	,ZX2510250061106,	,无售后或售后取消,,2025-10-25 07:02:22,	,,,,,,,否,否,	,否,	,,748.7	,0.0	,129.74	,100.0	,0.0	,0.0	,0.0	,0.0	,518.96	,618.96	,JDV023656954201,京东大件物流,江苏省,南通市,启东市,,,否,否,	,	,	,否,	,	,	,	,	,	,	,	,	,	,	,	,否,否,	,否,否,,	,否,	,否,,,否
云米智能双胆电热水器扁桶家用速热储水式60L超薄抑菌节能大水量,251025-492012838461744,未发货，退款成功,1	,审核中，请勿发货,2025-10-25 06:59:41,2025-10-26 06:59:41,,	,	,290130975552	,"纤薄安全节能60L,双胆扁桶",1756848157332	,大家电,热水器,电热水器,	,6923185610410	,6923185610410	,聚水潭已取消发货  已退款  委10.25,	,退款成功,,2025-10-25 06:59:41,	,,,,,,,否,否,	,否,	,,797.0	,0.0	,0.0	,75.48	,0.0	,0.0	,0.0	,0.0	,721.52	,797.0	,	,	,安徽省,合肥市,瑶海区,,,否,否,	,	,	,否,	,	,	,	,	,	,	,	,	,	,	,	,否,否,	,否,	,,	,否,	,否,,,否
云米小厨宝6L电热水器厨房卫生间出水恒温储水式小型速热神器加热,251025-148415454781744,未发货，退款成功,1	,审核中，请勿发货,2025-10-25 06:59:41,2025-10-26 06:59:41,,	,	,208073193570	,热水即刻有-【6L】,1801828025682	,大家电,热水器,厨宝,	,6923185611233	,6923185611233	,聚水潭已取消发货  已退款  委10.25,	,退款成功,,2025-10-25 06:59:41,	,,,,,,,否,否,	,否,	,,259.0	,0.0	,0.0	,24.52	,0.0	,0.0	,0.0	,0.0	,234.48	,259.0	,	,	,安徽省,合肥市,瑶海区,,,否,否,	,	,	,否,	,	,	,	,	,	,	,	,	,	,	,	,否,否,	,否,	,,	,否,	,否,,,否
【25年新品0陈水】云米净水器小海豚2 1000G家用直饮厨下RO反渗透,251025-044637950280970,未发货，退款成功,1	,正常,2025-10-25 06:59:19,2025-10-26 06:59:19,,	,	,244055989700	,【25年新品0陈水】1000G大通量母婴直饮,1695405849863	,厨房电器,净水器/净水设备及配件耗材,净水器,	,6923185654865	,6923185654865	,聚水潭已取消发货  已退款  委10.25,	,退款成功,,2025-10-25 06:59:19,	,,,,,,,否,否,	,否,	,,949.0	,0.0	,0.0	,90.0	,0.0	,0.0	,0.0	,0.0	,859.0	,949.0	,	,	,山东省,济南市,市中区,,,否,否,	,	,	,否,	,	,	,	,	,	,	,	,	,	,	,	,否,否,	,否,否,,	,否,	,否,,,否
【母婴直饮】云米净水器 SE 600G+ 新升级厨下式RO反渗透直饮家用,251025-066112786852631,已取消,1	,正常,	,	,,	,	,819506595979	,【24年新品】600G升级版6年长效,1787046011387	,厨房电器,净水器/净水设备及配件耗材,净水器,	,6923185653684	,6923185616399	,	,	,无售后或售后取消,,	,	,,,,,,,否,否,	,否,	,,748.7	,0.0	,131.77	,89.84	,0.0	,0.0	,0.0	,0.0	,527.09	,616.93	,	,	,****,****,****,****,,否,否,	,	,	,否,	,	,	,	,	,	,	,	,	,	,	,	,否,否,	,否,	,,	,否,	,否,,,否
【重磅新品】云米净水器600G小海豚升级版厨下式RO反渗透直饮家用,251025-531554711933711,已取消,1	,正常,	,	,,	,	,225501370546	,【24年新品】600G升级版6年长效,1600502140541	,厨房电器,净水器/净水设备及配件耗材,净水器,	,6923185653684	,6923185616399	,	,	,无售后或售后取消,,	,	,,,,,,,否,否,	,否,	,,559.0	,0.0	,0.0	,0.0	,0.0	,0.0	,0.0	,0.0	,559.0	,559.0	,	,	,****,****,****,****,,否,否,	,	,	,否,	,	,	,	,	,	,	,	,	,	,	,	,否,否,	,否,	,,	,否,	,否,,,否
【重磅新品】云米净水器600G小海豚升级版厨下式RO反渗透直饮家用,251025-100013238670842,已发货，待收货,1	,正常,2025-10-25 06:33:17,2025-10-26 06:33:17,,2025-10-25 19:48:50,	,225501370546	,【24年新品】600G升级版6年长效,1600502140541	,厨房电器,净水器/净水设备及配件耗材,净水器,	,6923185653684	,6923185616399	,ZX2510250061106,	,无售后或售后取消,,2025-10-25 06:33:17,	,,,,,,,否,否,	,否,	,,559.0	,0.0	,0.0	,0.0	,0.0	,0.0	,0.0	,0.0	,559.0	,559.0	,JDV023660328760,京东大件物流,内蒙古自治区,赤峰市,红山区,,,否,否,	,	,	,否,	,	,	,	,	,	,	,	,	,	,	,	,否,否,	,否,否,,	,否,	,否,,,否
【重磅新品】云米净水器600G小海豚升级版厨下式RO反渗透直饮家用,251025-339717732650567,已取消,1	,正常,	,	,,	,	,225501370546	,【24年新品】600G升级版6年长效,1600502140541	,厨房电器,净水器/净水设备及配件耗材,净水器,	,6923185653684	,6923185616399	,	,	,无售后或售后取消,,	,	,,,,,,,否,否,	,否,	,,559.0	,0.0	,0.0	,0.0	,0.0	,0.0	,0.0	,0.0	,559.0	,559.0	,	,	,****,****,****,****,,否,否,	,	,	,否,	,	,	,	,	,	,	,	,	,	,	,	,否,否,	,否,	,,	,否,	,否,,,否
【重磅新品】云米净水器600G小海豚升级版厨下式RO反渗透直饮家用,251025-242787294792310,已取消,1	,正常,	,	,,	,	,225501370546	,【24年新品】600G升级版6年长效,1600502140541	,厨房电器,净水器/净水设备及配件耗材,净水器,	,6923185653684	,6923185616399	,	,	,无售后或售后取消,,	,	,,,,,,,否,否,	,否,	,,559.0	,0.0	,0.0	,0.0	,0.0	,0.0	,0.0	,0.0	,559.0	,559.0	,	,	,****,****,****,****,,否,否,	,	,	,否,	,	,	,	,	,	,	,	,	,	,	,	,否,否,	,否,	,,	,否,	,否,,,否
【母婴直饮】云米净水器 SE 600G+ 新升级厨下式RO反渗透直饮家用,251025-570435879213831,已发货，待收货,1	,正常,2025-10-25 06:17:35,2025-10-26 06:17:36,,2025-10-25 19:48:48,	,819506595979	,【24年新品】600G升级版6年长效,1787046011387	,厨房电器,净水器/净水设备及配件耗材,净水器,	,6923185653684	,6923185616399	,ZX2510250061106,	,无售后或售后取消,,2025-10-25 06:17:36,	,,,,,,,否,否,	,否,	,,748.7	,0.0	,134.74	,75.0	,0.0	,0.0	,0.0	,0.0	,538.96	,613.96	,JDV023657302044,京东大件物流,江苏省,常州市,天宁区,,,否,否,	,	,	,否,	,	,	,	,	,	,	,	,	,	,	,	,否,否,	,否,否,,	,否,	,否,,,否
【重磅新品】云米净水器600G小海豚升级版厨下式RO反渗透直饮家用,251025-372496187732409,已发货，待收货,1	,正常,2025-10-25 04:10:47,2025-10-26 04:10:47,,2025-10-25 19:48:50,	,225501370546	,【24年新品】600G升级版6年长效,1600502140541	,厨房电器,净水器/净水设备及配件耗材,净水器,	,6923185653684	,6923185616399	,ZX2510250061106==18938883884安装 [viomi恩恩sk 10/26 15:22],	,无售后或售后取消,,2025-10-25 04:10:47,	,,,,,,,否,否,	,否,	,,559.0	,0.0	,0.0	,0.0	,0.0	,0.0	,0.0	,0.0	,559.0	,559.0	,JDV023660339111,京东大件物流,广东省,韶关市,南雄市,,,否,否,	,	,	,否,	,	,	,	,	,	,	,	,	,	,	,	,否,否,	,否,否,,	,否,	,否,,,否
【重磅新品】云米净水器600G小海豚升级版厨下式RO反渗透直饮家用,251025-190505326121223,已取消,1	,正常,	,	,,	,	,225501370546	,【24年新品】600G升级版6年长效,1600502140541	,厨房电器,净水器/净水设备及配件耗材,净水器,	,6923185653684	,6923185616399	,	,	,无售后或售后取消,,	,	,,,,,,,否,否,	,否,	,,559.0	,0.0	,0.0	,3.0	,0.0	,0.0	,0.0	,0.0	,556.0	,559.0	,	,	,****,****,****,****,,否,否,	,	,	,否,	,	,	,	,	,	,	,	,	,	,	,	,否,否,	,否,	,,	,否,	,否,,,否
【母婴直饮】云米净水器 SE 600G+ 新升级厨下式RO反渗透直饮家用,251025-085448476283838,未发货，退款成功,1	,正常,2025-10-25 01:33:24,2025-10-26 01:33:24,,	,	,819506595979	,【24年新品】600G升级版6年长效,1787046011387	,厨房电器,净水器/净水设备及配件耗材,净水器,	,6923185653684	,6923185616399	,聚水潭已取消发货  已退款  委10.25,	,退款成功,,2025-10-25 01:33:24,	,,,,,,,否,否,	,否,	,,748.7	,0.0	,129.74	,100.0	,0.0	,0.0	,0.0	,0.0	,518.96	,618.96	,	,	,广东省,潮州市,潮安区,,,否,否,	,	,	,否,	,	,	,	,	,	,	,	,	,	,	,	,否,否,	,否,是,3	,商家,否,	,否,,信用卡分期,否
云米矿泉台式净饮机即热式饮水机直饮家用矿化加热一体机净水器,251025-510719506792271,已取消,1	,正常,	,	,,	,	,826920121377	,spuer2,1792670253677	,厨房电器,台式净饮机,台式净饮机,	,6923185615415	,6923185615415	,	,	,无售后或售后取消,,	,	,,,,,,,否,否,	,否,	,,1184.0	,0.0	,162.6	,100.0	,0.0	,0.0	,0.0	,0.0	,921.4	,1021.4	,	,	,****,****,****,****,,否,否,	,	,	,否,	,	,	,	,	,	,	,	,	,	,	,	,否,否,	,否,	,,	,否,	,否,,,否
【重磅新品】云米净水器600G小海豚升级版厨下式RO反渗透直饮家用,251025-310881872213982,已取消,1	,正常,	,	,,	,	,225501370546	,【24年新品】600G升级版6年长效,1600502140541	,厨房电器,净水器/净水设备及配件耗材,净水器,	,6923185653684	,6923185616399	,	,	,无售后或售后取消,,	,	,,,,,,,否,否,	,否,	,,559.0	,0.0	,0.0	,0.0	,0.0	,0.0	,0.0	,0.0	,559.0	,559.0	,	,	,****,****,****,****,,否,否,	,	,	,否,	,	,	,	,	,	,	,	,	,	,	,	,否,否,	,否,	,,	,否,	,否,,,否
【重磅新品】云米净水器600G小海豚升级版厨下式RO反渗透直饮家用,251025-330972588373982,未发货，退款成功,1	,正常,2025-10-25 00:41:26,2025-10-26 00:41:27,,	,	,225501370546	,【24年新品】600G升级版6年长效,1600502140541	,厨房电器,净水器/净水设备及配件耗材,净水器,	,6923185653684	,6923185616399	,聚水潭已取消发货  已退款  委10.25,	,退款成功,,2025-10-25 00:41:27,	,,,,,,,否,否,	,否,	,,559.0	,0.0	,0.0	,0.0	,0.0	,0.0	,0.0	,0.0	,559.0	,559.0	,	,	,福建省,莆田市,荔城区,,,否,否,	,	,	,否,	,	,	,	,	,	,	,	,	,	,	,	,否,否,	,否,否,,	,否,	,否,,,否
云米顶侧大吸力蓝调油烟机家用厨房节能自清洁一级能效可挥手智控,251025-621700748921770,已发货，退款成功,1	,正常,2025-10-25 00:36:56,2025-10-26 00:36:56,,2025-10-25 19:48:51,	,657344402006	,云米智清洁挥手智控单烟机,1723825075586	,大家电,厨房大电,油烟机,	,6923185650973	,6923185650973	,ZX2510250061106===已建单拦截ZX2510250061198 [viomi诺诺sk 10/25 22:42],	,退款成功,,2025-10-25 00:36:56,	,,,,,,,否,否,	,否,	,,789.0	,0.0	,0.0	,71.07	,0.0	,0.0	,0.0	,0.0	,717.93	,789.0	,JDV023660335798,京东大件物流,广东省,汕头市,龙湖区,,,否,否,	,	,	,否,	,	,	,	,	,	,	,	,	,	,	,	,否,否,	,否,否,,	,否,	,否,,,否
云米矿泉台式净饮机即热式饮水机直饮家用矿化加热一体机净水器,251025-131627794792271,已取消,1	,正常,	,	,,	,	,826920121377	,spuer2,1792670253677	,厨房电器,台式净饮机,台式净饮机,	,6923185615415	,6923185615415	,	,	,无售后或售后取消,,	,	,,,,,,,否,否,	,否,	,,1184.0	,0.0	,162.6	,100.0	,0.0	,0.0	,0.0	,0.0	,921.4	,1021.4	,	,	,****,****,****,****,,否,否,	,	,	,否,	,	,	,	,	,	,	,	,	,	,	,	,否,否,	,否,	,,	,否,	,否,,,否
【重磅新品】云米净水器600G小海豚升级版厨下式RO反渗透直饮家用,251025-249823312221062,已发货，待收货,1	,正常,2025-10-25 00:05:02,2025-10-26 00:05:02,,2025-10-25 09:52:33,	,225501370546	,【24年新品】600G升级版6年长效,1600502140541	,厨房电器,净水器/净水设备及配件耗材,净水器,	,6923185653684	,6923185616399	,	,	,无售后或售后取消,,2025-10-25 00:05:02,	,,,,,,,否,否,	,否,	,,559.0	,0.0	,0.0	,0.0	,0.0	,0.0	,0.0	,0.0	,559.0	,559.0	,JDV023649215345,京东大件物流,广西壮族自治区,玉林市,玉州区,,,否,否,	,	,	,否,	,	,	,	,	,	,	,	,	,	,	,	,否,否,	,否,否,,	,否,	,否,,,否
【母婴直饮】云米净水器 SE 600G+ 新升级厨下式RO反渗透直饮家用,251025-393404813710574,已发货，待收货,1	,正常,2025-10-25 00:04:09,2025-10-26 00:04:10,,2025-10-25 09:51:46,	,819506595979	,【24年新品】600G升级版6年长效,1787046011387	,厨房电器,净水器/净水设备及配件耗材,净水器,	,6923185653684	,6923185616399	,	,	,无售后或售后取消,,2025-10-25 00:04:10,	,,,,,,,否,否,	,否,	,,748.7	,0.0	,131.77	,89.84	,0.0	,0.0	,0.0	,0.0	,527.09	,616.93	,JDV023649204410,京东大件物流,广东省,佛山市,三水区,,,否,否,	,	,	,否,	,	,	,	,	,	,	,	,	,	,	,	,否,是,	,否,否,,	,否,	,否,,,否