商品,订单号,订单状态,商品数量(件),是否审核中,支付时间,承诺发货时间,承诺送达时间,发货时间,确认收货时间,商品id,商品规格,样式ID,商品一级类目,商品二级类目,商品三级类目,商品四级类目,商家编码-规格维度,商家编码-商品维度,商家备注,买家留言,售后状态,消费者资料,订单成交时间,消费者资料上传时间,赠品名称,赠品id,赠品规格,赠品数量,团ID,团身份,是否已开始配送,配送员是否已送达,配送状态,同城是否普通快递,集运类型,赠品订单号,商品总价(元),邮费(元),店铺优惠折扣(元),平台优惠折扣(元),多多支付立减金额(元),上门安装费(元),送货入户费(元),送货入户并安装费(元),用户实付金额(元),商家实收金额(元),快递单号,快递公司,省,市,区,街道/镇,配送员手机号,是否抽奖或0元试用,是否顺丰加价,用户购买手机号,旅行类信息,充值号码,是否门店自提,门店名称,门店自定义编码,关联货品编码,货品名称,货品类型,子货品,仓库名称,仓库所在地址,海淘清关订单号,支付ID,支付方式,保税仓,是否直播间成交,是否直播间引导成交,预约配送时间,是否节能补贴,是否分期,分期期数,手续费承担方,是否无痕发货,订单来源,是否社区团购,小区送达情况,分期方式,是否已上传证件照片
【冷热直饮套装】云米净水器家用厨下管线机套装一键即热制冷直饮,251105-647936099873723,待付款,1	,正常,	,	,,	,	,480070620581	,【冷热净水直饮套装】新品净水器+冷热管线机,1620106386127	,厨房电器,净水器/净水设备及配件耗材,净水器,	,S2407170910001,	,	,	,无售后或售后取消,,	,	,,,,,,,否,否,	,否,	,,1429.0	,0.0	,0.0	,50.0	,0.0	,0.0	,0.0	,0.0	,1379.0	,1429.0	,	,	,****,****,****,****,,否,否,	,	,	,否,	,	,	,	,	,	,	,	,	,	,	,	,否,否,	,否,	,,	,否,	,否,,,否
【母婴直饮】云米净水器 SE 600G+ 新升级厨下式RO反渗透直饮家用,251105-581886329243599,待发货,1	,正常,2025-11-06 00:20:53,2025-11-07 00:20:53,,	,	,819506595979	,【24年新品】600G升级版6年长效,1787046011387	,厨房电器,净水器/净水设备及配件耗材,净水器,	,6923185653684	,6923185616399	,	,	,无售后或售后取消,,2025-11-06 00:20:53,	,,,,,,,否,否,	,否,	,,748.0	,0.0	,149.6	,0.0	,0.0	,0.0	,0.0	,0.0	,598.4	,598.4	,	,	,山东省,济南市,章丘区,,,否,否,	,	,	,否,	,	,	,	,	,	,	,	,	,	,	,	,否,否,	,否,是,3	,商家,否,	,否,,信用卡分期,否
【重磅新品】云米净水器600G小海豚升级版厨下式RO反渗透直饮家用,251105-158093863262497,已取消,1	,正常,	,	,,	,	,225501370546	,【24年新品】600G升级版6年长效,1600502140541	,厨房电器,净水器/净水设备及配件耗材,净水器,	,6923185653684	,6923185616399	,	,	,无售后或售后取消,,	,	,,,,,,,否,否,	,否,	,,558.99	,0.0	,0.0	,83.0	,0.0	,0.0	,0.0	,0.0	,475.99	,558.99	,	,	,****,****,****,****,,否,否,	,	,	,否,	,	,	,	,	,	,	,	,	,	,	,	,否,否,	,否,	,,	,否,	,否,,,否
【重磅新品】云米净水器600G小海豚升级版厨下式RO反渗透直饮家用,251105-500265131542508,待发货,1	,正常,2025-11-05 23:44:56,2025-11-06 23:44:56,,	,	,225501370546	,【24年新品】600G升级版6年长效,1600502140541	,厨房电器,净水器/净水设备及配件耗材,净水器,	,6923185653684	,6923185616399	,	,	,无售后或售后取消,,2025-11-05 23:44:56,	,,,,,,,否,否,	,否,	,,558.99	,0.0	,0.0	,0.0	,0.0	,0.0	,0.0	,0.0	,558.99	,558.99	,	,	,安徽省,宿州市,埇桥区,,,否,否,	,	,	,否,	,	,	,	,	,	,	,	,	,	,	,	,否,否,	,否,是,3	,商家,否,	,否,,花呗分期,否
【重磅新品】云米净水器600G小海豚升级版厨下式RO反渗透直饮家用,251105-428406260123599,待发货,1	,正常,2025-11-05 23:41:15,2025-11-06 23:41:15,,	,	,225501370546	,【24年新品】600G升级版6年长效,1600502140541	,厨房电器,净水器/净水设备及配件耗材,净水器,	,6923185653684	,6923185616399	,	,	,无售后或售后取消,,2025-11-05 23:41:15,	,,,,,,,否,否,	,否,	,,558.99	,0.0	,0.0	,3.0	,16.0	,0.0	,0.0	,0.0	,555.99	,558.99	,	,	,山东省,济南市,章丘区,,,否,否,	,	,	,否,	,	,	,	,	,	,	,	,	,	,	,	,否,是,	,否,是,3	,商家,否,	,否,,信用卡分期,否
【重磅新品】云米净水器600G小海豚升级版厨下式RO反渗透直饮家用,251105-237481510422508,已取消,1	,正常,	,	,,	,	,225501370546	,【24年新品】600G升级版6年长效,1600502140541	,厨房电器,净水器/净水设备及配件耗材,净水器,	,6923185653684	,6923185616399	,	,	,无售后或售后取消,,	,	,,,,,,,否,否,	,否,	,,558.99	,0.0	,0.0	,0.0	,0.0	,0.0	,0.0	,0.0	,558.99	,558.99	,	,	,****,****,****,****,,否,否,	,	,	,否,	,	,	,	,	,	,	,	,	,	,	,	,否,否,	,否,	,,	,否,	,否,,,否
云米冷热管线机饮水机壁挂式双出水台式管线机UV杀菌Master3,251105-269138071971864,待付款,1	,正常,	,	,,	,	,604410073495	,冷热双出水管线机Super2E,1623096067471	,厨房电器,饮水机,饮水机,	,6923185650966	,6923185651345	,	,	,无售后或售后取消,,	,	,,,,,,,否,否,	,否,	,,1175.0	,0.0	,0.0	,0.0	,0.0	,0.0	,0.0	,0.0	,1175.0	,1175.0	,	,	,****,****,****,****,,否,否,	,	,	,否,	,	,	,	,	,	,	,	,	,	,	,	,否,否,	,否,	,,	,否,	,否,,,否
【重磅新品】云米净水器600G小海豚升级版厨下式RO反渗透直饮家用,251105-234115591713723,已取消,1	,正常,	,	,,	,	,225501370546	,【24年新品】600G升级版6年长效,1600502140541	,厨房电器,净水器/净水设备及配件耗材,净水器,	,6923185653684	,6923185616399	,	,	,无售后或售后取消,,	,	,,,,,,,否,否,	,否,	,,558.99	,0.0	,0.0	,0.0	,0.0	,0.0	,0.0	,0.0	,558.99	,558.99	,	,	,****,****,****,****,,否,否,	,	,	,否,	,	,	,	,	,	,	,	,	,	,	,	,否,否,	,否,	,,	,否,	,否,,,否
【母婴直饮】云米净水器 SE 600G+ 新升级厨下式RO反渗透直饮家用,251105-607586937163291,待付款,1	,正常,	,	,,	,	,819506595979	,【24年新品】600G升级版6年长效,1787046011387	,厨房电器,净水器/净水设备及配件耗材,净水器,	,6923185653684	,6923185616399	,	,	,无售后或售后取消,,	,	,,,,,,,否,否,	,否,	,,748.0	,0.0	,149.6	,0.0	,0.0	,0.0	,0.0	,0.0	,598.4	,598.4	,	,	,****,****,****,****,,否,否,	,	,	,否,	,	,	,	,	,	,	,	,	,	,	,	,否,否,	,否,	,,	,否,	,否,,,否
【母婴直饮】云米净水器 SE 600G+ 新升级厨下式RO反渗透直饮家用,251105-473977393553724,待付款,1	,正常,	,	,,	,	,819506595979	,【24年新品】600G升级版6年长效,1787046011387	,厨房电器,净水器/净水设备及配件耗材,净水器,	,6923185653684	,6923185616399	,	,	,无售后或售后取消,,	,	,,,,,,,否,否,	,否,	,,748.0	,0.0	,142.12	,37.4	,0.0	,0.0	,0.0	,0.0	,568.48	,605.88	,	,	,****,****,****,****,,否,否,	,	,	,否,	,	,	,	,	,	,	,	,	,	,	,	,否,否,	,否,	,,	,否,	,否,,,否
VIOMI云米净水器大通量小海豚800G反渗透RO厨下式家用长效滤芯,251105-352090887691454,待发货,1	,正常,2025-11-05 23:27:23,2025-11-06 23:27:24,,	,	,837957770723	,800G大通量纯水机,1809123722986	,厨房电器,净水器/净水设备及配件耗材,净水器,	,6923185653974	,	,	,	,无售后或售后取消,,2025-11-05 23:27:24,	,,,,,,,否,否,	,否,	,,699.0	,0.0	,0.0	,0.0	,0.0	,0.0	,0.0	,0.0	,699.0	,699.0	,	,	,河南省,郑州市,惠济区,,,否,否,	,	,	,否,	,	,	,	,	,	,	,	,	,	,	,	,否,是,	,否,否,,	,否,	,否,,,否
云米智能电热水器小蓝调节能变频速热家用浴室洗澡抑菌50L/60L,251105-184318759230601,待发货,2	,正常,2025-11-05 23:20:24,2025-11-06 23:20:24,,	,	,434684719975	,安全保护8倍增容大水量50L,1733881750461	,大家电,热水器,电热水器,	,6923185649076	,	,补差后返到手价569一台，一共到手价569*2=1138，送花洒,	,无售后或售后取消,,2025-11-05 23:20:24,	,,,,,,,否,否,	,否,	,,1198.0	,0.0	,23.96	,0.0	,0.2	,0.0	,0.0	,0.0	,1174.04	,1174.04	,	,	,青海省,西宁市,城中区,,,否,否,	,	,	,否,	,	,	,	,	,	,	,	,	,	,	,	,否,否,	,否,否,,	,否,	,否,,,否
云米净水器滤芯小蓝调小海豚600G+专用复合滤芯RO反渗透滤芯过滤,251105-400461678180490,待发货,1	,正常,2025-11-05 23:15:13,2025-11-06 23:15:13,,	,	,296967601341	,5in1复合滤芯 2年长效,1600193054565	,厨房电器,净水器/净水设备及配件耗材,净水器,	,6923185627425	,	,	,	,无售后或售后取消,,2025-11-05 23:15:13,	,,,,,,,否,否,	,否,	,,299.0	,0.0	,0.0	,9.0	,0.0	,0.0	,0.0	,0.0	,290.0	,299.0	,	,	,河南省,郑州市,管城回族区,,,否,否,	,	,	,否,	,	,	,	,	,	,	,	,	,	,	,	,是,是,	,否,否,,	,否,	,否,,,否
云米小厨宝6L即热式厨房台下洗碗热水宝上出水储水式小型电热水器,251105-586363727440648,待付款,1	,正常,	,	,,	,	,205451808289	,"热水即刻有6L,小厨宝",1752480784258	,大家电,热水器,电热水器,	,6923185611233	,6923185611233	,	,	,无售后或售后取消,,	,	,,,,,,,否,否,	,否,	,,289.0	,0.0	,0.0	,14.45	,0.0	,0.0	,0.0	,0.0	,274.55	,289.0	,	,	,****,****,****,****,,否,否,	,	,	,否,	,	,	,	,	,	,	,	,	,	,	,	,否,否,	,否,	,,	,否,	,否,,,否
云米净水器滤芯小蓝调小海豚600G+专用复合滤芯RO反渗透滤芯过滤,251105-278376036643115,待发货,2	,正常,2025-11-05 23:15:24,2025-11-06 23:15:25,,	,	,296967601341	,5in1复合滤芯 2年长效,1600193054565	,厨房电器,净水器/净水设备及配件耗材,净水器,	,6923185627425	,	,后返到手价198,	,无售后或售后取消,,2025-11-05 23:15:25,	,,,,,,,否,否,	,否,	,,598.0	,0.0	,5.98	,0.0	,0.0	,0.0	,0.0	,0.0	,592.02	,592.02	,	,	,福建省,泉州市,晋江市,,,否,否,	,	,	,否,	,	,	,	,	,	,	,	,	,	,	,	,否,否,	,否,否,,	,否,	,否,,,否
【母婴直饮】云米净水器 SE 600G+ 新升级厨下式RO反渗透直饮家用,251105-597289920870083,待付款,1	,正常,	,	,,	,	,819506595979	,【24年新品】600G升级版6年长效,1787046011387	,厨房电器,净水器/净水设备及配件耗材,净水器,	,6923185653684	,6923185616399	,	,	,无售后或售后取消,,	,	,,,,,,,否,否,	,否,	,,748.0	,0.0	,129.6	,100.0	,0.0	,0.0	,0.0	,0.0	,518.4	,618.4	,	,	,****,****,****,****,,否,否,	,	,	,否,	,	,	,	,	,	,	,	,	,	,	,	,否,否,	,否,	,,	,否,	,否,,,否
【重磅新品】云米净水器600G小海豚升级版厨下式RO反渗透直饮家用,251105-572763676260490,待发货,1	,正常,2025-11-05 23:09:14,2025-11-06 23:09:15,,	,	,225501370546	,【24年新品】600G升级版6年长效,1600502140541	,厨房电器,净水器/净水设备及配件耗材,净水器,	,6923185653684	,6923185616399	,主播：梦如 场控：文蓝	权益：直播间抽奖乐扣保鲜盒,	,无售后或售后取消,,2025-11-05 23:09:15,	,,,,,,,否,否,	,否,	,,558.99	,0.0	,0.0	,0.0	,0.0	,0.0	,0.0	,0.0	,558.99	,558.99	,	,	,河南省,郑州市,管城回族区,,,否,否,	,	,	,否,	,	,	,	,	,	,	,	,	,	,	,	,是,是,	,否,否,,	,否,	,否,,,否
云米蓝调2双胆电热水器60L超短超薄速热增容大水量3000W杀菌安全,251105-075728166511325,已取消,5	,正常,	,	,,	,	,846212481564	,超薄超短电热水器60L,1807140932949	,大家电,热水器,电热水器,	,6923185657057	,6923185657057	,	,	,无售后或售后取消,,	,	,,,,,,,否,否,	,否,	,,5095.0	,0.0	,254.75	,484.02	,0.0	,0.0	,0.0	,0.0	,4356.23	,4840.25	,	,	,****,****,****,****,,否,否,	,	,	,否,	,	,	,	,	,	,	,	,	,	,	,	,否,否,	,否,	,,	,否,	,否,,,否
【重磅新品】云米净水器600G小海豚升级版厨下式RO反渗透直饮家用,251105-461688051210403,待发货,1	,正常,2025-11-05 22:58:15,2025-11-06 22:58:15,,	,	,225501370546	,【24年新品】600G升级版6年长效,1600502140541	,厨房电器,净水器/净水设备及配件耗材,净水器,	,6923185653684	,6923185616399	,	,	,无售后或售后取消,,2025-11-05 22:58:15,	,,,,,,,否,否,	,否,	,,558.99	,0.0	,0.0	,0.0	,0.0	,0.0	,0.0	,0.0	,558.99	,558.99	,	,	,河北省,石家庄市,桥西区,,,否,否,	,	,	,否,	,	,	,	,	,	,	,	,	,	,	,	,否,否,	,否,否,,	,否,	,否,,,否
【重磅新品】云米净水器600G小海豚升级版厨下式RO反渗透直饮家用,251105-318064607523115,待发货,1	,正常,2025-11-05 22:57:45,2025-11-06 22:57:46,,	,	,225501370546	,【24年新品】600G升级版6年长效,1600502140541	,厨房电器,净水器/净水设备及配件耗材,净水器,	,6923185653684	,6923185616399	,	,	,无售后或售后取消,,2025-11-05 22:57:46,	,,,,,,,否,否,	,否,	,,558.99	,0.0	,0.0	,0.0	,0.0	,0.0	,0.0	,0.0	,558.99	,558.99	,	,	,福建省,泉州市,晋江市,,,否,否,	,	,	,否,	,	,	,	,	,	,	,	,	,	,	,	,否,否,	,否,否,,	,否,	,否,,,否
【重磅新品】云米净水器600G小海豚升级版厨下式RO反渗透直饮家用,251105-110457034330459,待发货,1	,正常,2025-11-05 22:57:05,2025-11-06 22:57:05,,	,	,225501370546	,【24年新品】600G升级版6年长效,1600502140541	,厨房电器,净水器/净水设备及配件耗材,净水器,	,6923185653684	,6923185616399	,	,	,无售后或售后取消,,2025-11-05 22:57:05,	,,,,,,,否,否,	,否,	,,558.99	,0.0	,0.0	,0.0	,0.0	,0.0	,0.0	,0.0	,558.99	,558.99	,	,	,广东省,汕尾市,陆丰市,,,否,否,	,	,	,否,	,	,	,	,	,	,	,	,	,	,	,	,否,否,	,否,否,,	,否,	,否,,,否
【重磅新品】云米净水器600G小海豚升级版厨下式RO反渗透直饮家用,251105-385739660802428,待发货,1	,正常,2025-11-05 22:55:58,2025-11-06 22:55:58,,	,	,225501370546	,【24年新品】600G升级版6年长效,1600502140541	,厨房电器,净水器/净水设备及配件耗材,净水器,	,6923185653684	,6923185616399	,	,	,无售后或售后取消,,2025-11-05 22:55:58,	,,,,,,,否,否,	,否,	,,558.99	,0.0	,0.0	,0.0	,1.11	,0.0	,0.0	,0.0	,558.99	,558.99	,	,	,四川省,眉山市,彭山区,,,否,否,	,	,	,否,	,	,	,	,	,	,	,	,	,	,	,	,否,否,	,否,否,,	,否,	,否,,,否
【重磅新品】云米净水器600G小海豚升级版厨下式RO反渗透直饮家用,251105-524172736803115,已取消,1	,正常,	,	,,	,	,225501370546	,【24年新品】600G升级版6年长效,1600502140541	,厨房电器,净水器/净水设备及配件耗材,净水器,	,6923185653684	,6923185616399	,	,	,无售后或售后取消,,	,	,,,,,,,否,否,	,否,	,,558.99	,0.0	,0.0	,0.0	,0.0	,0.0	,0.0	,0.0	,558.99	,558.99	,	,	,****,****,****,****,,否,否,	,	,	,否,	,	,	,	,	,	,	,	,	,	,	,	,否,否,	,否,	,,	,否,	,否,,,否
Viomi云米净水器1000G厨下式RO反渗透直饮过滤器净饮小海豚2,251105-569408243262874,待发货,1	,正常,2025-11-05 22:50:33,2025-11-06 22:50:33,,	,	,205458105137	,小海豚2包安装1000G大加仑,1802849942800	,厨房电器,净水器/净水设备及配件耗材,净水器,	,6923185654865	,	,	,	,无售后或售后取消,,2025-11-05 22:50:33,	,,,,,,,否,否,	,否,	,,999.0	,0.0	,100.0	,89.9	,0.0	,0.0	,0.0	,0.0	,809.1	,899.0	,	,	,湖南省,常德市,鼎城区,,,否,否,	,	,	,否,	,	,	,	,	,	,	,	,	,	,	,	,否,否,	,否,否,,	,否,	,否,,,否
【母婴直饮】云米净水器 SE 600G+ 新升级厨下式RO反渗透直饮家用,251105-109817392693879,未发货，退款成功,1	,正常,2025-11-05 22:48:23,2025-11-06 22:48:23,,	,	,819506595979	,【24年新品】600G升级版6年长效,1787046011387	,厨房电器,净水器/净水设备及配件耗材,净水器,	,6923185653684	,6923185616399	,	,	,退款成功,,2025-11-05 22:48:23,	,,,,,,,否,否,	,否,	,,748.0	,0.0	,134.64	,74.8	,0.0	,0.0	,0.0	,0.0	,538.56	,613.36	,	,	,山东省,威海市,乳山市,,,否,否,	,	,	,否,	,	,	,	,	,	,	,	,	,	,	,	,否,否,	,否,否,,	,否,	,否,,,否
【重磅新品】云米净水器600G小海豚升级版厨下式RO反渗透直饮家用,251105-237481510543211,待发货,1	,正常,2025-11-05 22:42:26,2025-11-06 22:42:27,,	,	,225501370546	,【24年新品】600G升级版6年长效,1600502140541	,厨房电器,净水器/净水设备及配件耗材,净水器,	,6923185653684	,6923185616399	,	,	,无售后或售后取消,,2025-11-05 22:42:27,	,,,,,,,否,否,	,否,	,,558.99	,0.0	,0.0	,0.0	,1.11	,0.0	,0.0	,0.0	,558.99	,558.99	,	,	,内蒙古自治区,鄂尔多斯市,东胜区,,,否,否,	,	,	,否,	,	,	,	,	,	,	,	,	,	,	,	,否,是,	,否,否,,	,否,	,否,,,否
云米净水器滤芯小蓝调小海豚600G+专用复合滤芯RO反渗透滤芯过滤,251105-219225854371443,待发货,1	,正常,2025-11-05 22:27:49,2025-11-06 22:27:49,,	,	,296967601341	,5in1复合滤芯 2年长效,1600193054565	,厨房电器,净水器/净水设备及配件耗材,净水器,	,6923185627425	,	,补差后返到手价99,	,无售后或售后取消,,2025-11-05 22:27:49,	,,,,,,,否,否,	,否,	,,299.0	,0.0	,0.0	,3.0	,0.0	,0.0	,0.0	,0.0	,296.0	,299.0	,	,	,重庆市,重庆市,南岸区,,,否,否,	,	,	,否,	,	,	,	,	,	,	,	,	,	,	,	,否,是,	,否,否,,	,否,	,否,,,否
【重磅新品】云米净水器600G小海豚升级版厨下式RO反渗透直饮家用,251105-492421835171443,待发货,1	,正常,2025-11-05 22:25:28,2025-11-06 22:25:28,,	,	,225501370546	,【24年新品】600G升级版6年长效,1600502140541	,厨房电器,净水器/净水设备及配件耗材,净水器,	,6923185653684	,6923185616399	,	,	,无售后或售后取消,,2025-11-05 22:25:28,	,,,,,,,否,否,	,否,	,,558.99	,0.0	,0.0	,3.0	,0.0	,0.0	,0.0	,0.0	,555.99	,558.99	,	,	,重庆市,重庆市,南岸区,,,否,否,	,	,	,否,	,	,	,	,	,	,	,	,	,	,	,	,否,是,	,否,否,,	,否,	,否,,,否
【母婴直饮】云米净水器 SE 600G+ 新升级厨下式RO反渗透直饮家用,251105-446001375582673,待发货,1	,正常,2025-11-05 22:18:52,2025-11-06 22:18:52,,	,	,819506595979	,【24年新品】600G升级版6年长效,1787046011387	,厨房电器,净水器/净水设备及配件耗材,净水器,	,6923185653684	,6923185616399	,	,	,无售后或售后取消,,2025-11-05 22:18:52,	,,,,,,,否,否,	,否,	,,748.0	,0.0	,129.6	,100.0	,0.0	,0.0	,0.0	,0.0	,518.4	,618.4	,	,	,北京市,北京市,朝阳区,,,否,否,	,	,	,否,	,	,	,	,	,	,	,	,	,	,	,	,否,否,	,否,否,,	,否,	,否,,,否
VIOMI云米净水器1000G厨下直饮小体积净水机RO机智显龙头3秒满杯,251105-611844114010859,未发货，退款成功,1	,正常,2025-11-05 22:17:02,2025-11-06 22:17:02,,	,	,842195971715	,1000G大通量RO净水器,1803617356458	,厨房电器,净水器/净水设备及配件耗材,净水器,	,6923185654247	,	,	,	,退款成功,,2025-11-05 22:17:02,	,,,,,,,否,否,	,否,	,,805.0	,0.0	,0.0	,80.5	,1.44	,0.0	,0.0	,0.0	,724.5	,805.0	,	,	,北京市,北京市,昌平区,,,否,否,	,	,	,否,	,	,	,	,	,	,	,	,	,	,	,	,否,否,	,否,否,,	,否,	,否,,,否
【母婴直饮】云米净水器 SE 600G+ 新升级厨下式RO反渗透直饮家用,251105-439531609632459,待发货,1	,正常,2025-11-05 22:05:24,2025-11-06 22:05:24,,	,	,819506595979	,【24年新品】600G升级版6年长效,1787046011387	,厨房电器,净水器/净水设备及配件耗材,净水器,	,6923185653684	,6923185616399	,	,	,无售后或售后取消,,2025-11-05 22:05:24,	,,,,,,,否,否,	,否,	,,748.0	,0.0	,134.64	,74.8	,0.0	,0.0	,0.0	,0.0	,538.56	,613.36	,	,	,湖北省,武汉市,江岸区,,,否,否,	,	,	,否,	,	,	,	,	,	,	,	,	,	,	,	,否,否,	,否,否,,	,否,	,否,,,否
云米AI燃气热水器智控恒温防冻节能安全水质净化精准控温13L强排,251105-473201457492797,待发货,1	,正常,2025-11-05 21:59:00,2025-11-06 21:59:01,,	,	,773161065181	,智控恒温燃气热水器,1755671371526	,大家电,热水器,燃气热水器,	,6923185655688	,6923185655688	,主播：梦如  场控：文蓝	权益：直播间抽奖10元红包,	,无售后或售后取消,,2025-11-05 21:59:01,	,,,,,,,否,否,	,否,	,,588.0	,0.0	,0.0	,29.4	,0.0	,0.0	,0.0	,0.0	,558.6	,588.0	,	,	,广西壮族自治区,梧州市,长洲区,,,否,否,	,	,	,否,	,	,	,	,	,	,	,	,	,	,	,	,是,是,	,否,否,,	,否,	,否,,,否
云米顶侧大吸力蓝调油烟机家用厨房节能自清洁一级能效可挥手智控,251105-509314352780280,待发货,1	,正常,2025-11-05 21:43:27,2025-11-06 21:43:28,,	,	,657344402006	,云米智清洁挥手智控单烟机,1723825075586	,大家电,厨房大电,油烟机,	,6923185650973	,6923185650973	,	,	,无售后或售后取消,,2025-11-05 21:43:28,	,,,,,,,否,否,	,否,	,,839.0	,0.0	,48.0	,32.0	,0.0	,0.0	,0.0	,0.0	,759.0	,791.0	,	,	,湖南省,邵阳市,邵东市,,,否,否,	,	,	,否,	,	,	,	,	,	,	,	,	,	,	,	,否,否,	,否,否,,	,否,	,否,,,否
云米顶侧大吸力蓝调油烟机家用厨房节能自清洁一级能效可挥手智控,251105-474417743491352,已取消,1	,正常,	,	,,	,	,657344402006	,云米智清洁挥手智控单烟机,1723825075586	,大家电,厨房大电,油烟机,	,6923185650973	,6923185650973	,	,	,无售后或售后取消,,	,	,,,,,,,否,否,	,否,	,,839.0	,0.0	,48.0	,32.0	,0.0	,0.0	,0.0	,0.0	,759.0	,791.0	,	,	,****,****,****,****,,否,否,	,	,	,否,	,	,	,	,	,	,	,	,	,	,	,	,否,否,	,否,	,,	,否,	,否,,,否
VIOMI云米净水器1000G厨下直饮小体积净水机RO机智显龙头3秒满杯,251105-205374113383146,待发货,1	,正常,2025-11-05 21:35:13,2025-11-06 21:35:14,,	,	,842195971715	,1000G大通量RO净水器,1803617356458	,厨房电器,净水器/净水设备及配件耗材,净水器,	,6923185654247	,	,	,	,无售后或售后取消,,2025-11-05 21:35:14,	,,,,,,,否,否,	,否,	,,805.0	,0.0	,6.0	,15.0	,0.0	,0.0	,0.0	,0.0	,784.0	,799.0	,	,	,福建省,泉州市,鲤城区,,,否,否,	,	,	,否,	,	,	,	,	,	,	,	,	,	,	,	,否,否,	,否,否,,	,否,	,否,,,否
【重磅新品】云米净水器600G小海豚升级版厨下式RO反渗透直饮家用,251105-061415114290754,待发货,1	,正常,2025-11-05 21:31:30,2025-11-06 21:31:30,,	,	,225501370546	,【24年新品】600G升级版6年长效,1600502140541	,厨房电器,净水器/净水设备及配件耗材,净水器,	,6923185653684	,6923185616399	,	,	,无售后或售后取消,,2025-11-05 21:31:30,	,,,,,,,否,否,	,否,	,,558.99	,0.0	,0.0	,0.0	,0.0	,0.0	,0.0	,0.0	,558.99	,558.99	,	,	,江苏省,南京市,玄武区,,,否,否,	,	,	,否,	,	,	,	,	,	,	,	,	,	,	,	,否,否,	,否,否,,	,否,	,否,,,否
【重磅新品】云米净水器600G小海豚升级版厨下式RO反渗透直饮家用,251105-293653789101821,待发货,1	,正常,2025-11-05 21:30:51,2025-11-06 21:30:51,,	,	,225501370546	,【24年新品】600G升级版6年长效,1600502140541	,厨房电器,净水器/净水设备及配件耗材,净水器,	,6923185653684	,6923185616399	,	,	,无售后或售后取消,,2025-11-05 21:30:51,	,,,,,,,否,否,	,否,	,,558.99	,0.0	,0.0	,55.89	,0.0	,0.0	,0.0	,0.0	,503.1	,558.99	,	,	,广东省,江门市,鹤山市,,,否,否,	,	,	,否,	,	,	,	,	,	,	,	,	,	,	,	,否,是,	,否,否,,	,否,	,否,,,否
云米电热水器家用洗澡租房储水式速热抑菌节能省电卫生间40/60升,251105-363321158042580,已取消,1	,正常,	,	,,	,	,227645754240	,"速热抑菌洗-40L,全国联保送货上门安装8年质保",1645458252843	,大家电,热水器,电热水器,	,6923185681281	,	,	,	,无售后或售后取消,,	,	,,,,,,,否,否,	,否,	,,379.0	,0.0	,0.0	,50.0	,0.0	,0.0	,0.0	,0.0	,329.0	,379.0	,	,	,****,****,****,****,,否,否,	,	,	,否,	,	,	,	,	,	,	,	,	,	,	,	,否,否,	,否,	,,	,否,	,否,,,否
VIOMI云米净水器1000G厨下直饮小体积净水机RO机智显龙头3秒满杯,251105-162204291500157,待发货,1	,正常,2025-11-05 21:23:53,2025-11-06 21:23:53,,	,	,842195971715	,1000G大通量RO净水器,1803617356458	,厨房电器,净水器/净水设备及配件耗材,净水器,	,6923185654247	,	,	,	,无售后或售后取消,,2025-11-05 21:23:53,	,,,,,,,否,否,	,否,	,,805.0	,0.0	,6.0	,0.0	,0.0	,0.0	,0.0	,0.0	,799.0	,799.0	,	,	,山东省,潍坊市,青州市,,,否,否,	,	,	,否,	,	,	,	,	,	,	,	,	,	,	,	,否,否,	,否,否,,	,否,	,否,,,否
云米电热水器家用洗澡租房储水式速热抑菌节能省电卫生间40/60升,251105-579380242842580,已取消,1	,正常,	,	,,	,	,227645754240	,"速热抑菌洗-40L,全国联保送货上门安装8年质保",1645458252843	,大家电,热水器,电热水器,	,6923185681281	,	,	,	,无售后或售后取消,,	,	,,,,,,,否,否,	,否,	,,379.0	,0.0	,0.0	,18.95	,0.0	,0.0	,0.0	,0.0	,360.05	,379.0	,	,	,****,****,****,****,,否,否,	,	,	,否,	,	,	,	,	,	,	,	,	,	,	,	,否,否,	,否,	,,	,否,	,否,,,否
云米电热水器家用洗澡租房储水式速热抑菌节能省电卫生间40/60升,251105-285380503962580,已取消,1	,正常,	,	,,	,	,227645754240	,"速热抑菌洗-40L,全国联保送货上门安装8年质保",1645458252843	,大家电,热水器,电热水器,	,6923185681281	,	,	,	,无售后或售后取消,,	,	,,,,,,,否,否,	,否,	,,379.0	,0.0	,0.0	,0.0	,0.0	,0.0	,0.0	,0.0	,379.0	,379.0	,	,	,****,****,****,****,,否,否,	,	,	,否,	,	,	,	,	,	,	,	,	,	,	,	,否,否,	,否,	,,	,否,	,否,,,否
VIOMI云米净水器1000G厨下直饮小体积净水机RO机智显龙头3秒满杯,251105-140949635362517,待发货,1	,正常,2025-11-05 21:18:33,2025-11-06 21:18:33,,	,	,842195971715	,1000G大通量RO净水器,1803617356458	,厨房电器,净水器/净水设备及配件耗材,净水器,	,6923185654247	,	,	,	,无售后或售后取消,,2025-11-05 21:18:33,	,,,,,,,否,否,	,否,	,,805.0	,0.0	,6.0	,79.9	,3.59	,0.0	,0.0	,0.0	,719.1	,799.0	,	,	,安徽省,合肥市,庐江县,,,否,否,	,	,	,否,	,	,	,	,	,	,	,	,	,	,	,	,否,否,	,否,否,,	,否,	,否,,,否
云米全自动智能门锁人脸猫眼密码指纹安全防撬大屏锁已接入米家AP,251105-557045563793439,待发货,1	,正常,2025-11-05 21:23:45,2025-11-06 21:23:45,,	,	,804409121514	,LBT16A【人脸猫眼】智能门锁,1778430742491	,基础建材,智能门锁/电子锁,智能门锁/电子锁,	,6923185652724	,	,后返，50装修补贴,	,无售后或售后取消,,2025-11-05 21:23:45,	,,,,,,,否,否,	,否,	,,849.0	,0.0	,0.0	,42.45	,0.0	,0.0	,0.0	,0.0	,806.55	,849.0	,	,	,河北省,廊坊市,三河市,,,否,否,	,	,	,否,	,	,	,	,	,	,	,	,	,	,	,	,否,否,	,否,否,,	,否,	,否,,,否
云米智能AI门锁3D指纹密码蓝牙可连大容量续航家用公寓自动安全,251105-510184660580659,待发货,1	,正常,2025-11-05 21:10:58,2025-11-06 21:10:58,,	,	,743885774552	,"云米蓝调指纹密码锁LBT11C,黑色",1734954999916	,基础建材,智能门锁/电子锁,智能门锁/电子锁,	,6923185655381	,6923185655381	,后返，送电池或返50,	,无售后或售后取消,,2025-11-05 21:10:58,	,,,,,,,否,否,	,否,	,,661.0	,0.0	,40.0	,70.0	,0.0	,0.0	,0.0	,0.0	,551.0	,621.0	,	,	,江苏省,南通市,如东县,,,否,否,	,	,	,否,	,	,	,	,	,	,	,	,	,	,	,	,否,否,	,否,否,,	,否,	,否,,,否
【重磅新品】云米净水器600G小海豚升级版厨下式RO反渗透直饮家用,251105-271560292731649,已取消,1	,正常,	,	,,	,	,225501370546	,【24年新品】600G升级版6年长效,1600502140541	,厨房电器,净水器/净水设备及配件耗材,净水器,	,6923185653684	,6923185616399	,	,	,无售后或售后取消,,	,	,,,,,,,否,否,	,否,	,,558.99	,0.0	,0.0	,5.0	,0.0	,0.0	,0.0	,0.0	,553.99	,558.99	,	,	,****,****,****,****,,否,否,	,	,	,否,	,	,	,	,	,	,	,	,	,	,	,	,否,否,	,否,	,,	,否,	,否,,,否
VIOMI云米净水器大通量小海豚800G反渗透RO厨下式家用长效滤芯,251105-068377700673865,已取消,1	,正常,	,	,,	,	,837957770723	,800G大通量纯水机,1809123722986	,厨房电器,净水器/净水设备及配件耗材,净水器,	,6923185653974	,	,	,	,无售后或售后取消,,	,	,,,,,,,否,否,	,否,	,,699.0	,0.0	,0.0	,76.89	,0.0	,0.0	,0.0	,0.0	,622.11	,699.0	,	,	,****,****,****,****,,否,否,	,	,	,否,	,	,	,	,	,	,	,	,	,	,	,	,否,否,	,否,	,,	,否,	,否,,,否
【重磅新品】云米净水器600G小海豚升级版厨下式RO反渗透直饮家用,251105-632207449661213,已取消,1	,正常,	,	,,	,	,225501370546	,【24年新品】600G升级版6年长效,1600502140541	,厨房电器,净水器/净水设备及配件耗材,净水器,	,6923185653684	,6923185616399	,	,	,无售后或售后取消,,	,	,,,,,,,否,否,	,否,	,,558.99	,0.0	,0.0	,0.0	,0.0	,0.0	,0.0	,0.0	,558.99	,558.99	,	,	,****,****,****,****,,否,否,	,	,	,否,	,	,	,	,	,	,	,	,	,	,	,	,否,否,	,否,	,,	,否,	,否,,,否
【重磅新品】云米净水器600G小海豚升级版厨下式RO反渗透直饮家用,251105-261105927692099,待发货,1	,正常,2025-11-05 21:06:55,2025-11-06 21:06:55,,	,	,225501370546	,【24年新品】600G升级版6年长效,1600502140541	,厨房电器,净水器/净水设备及配件耗材,净水器,	,6923185653684	,6923185616399	,	,	,无售后或售后取消,,2025-11-05 21:06:55,	,,,,,,,否,否,	,否,	,,558.99	,0.0	,0.0	,0.0	,0.0	,0.0	,0.0	,0.0	,558.99	,558.99	,	,	,内蒙古自治区,巴彦淖尔市,杭锦后旗,,,否,否,	,	,	,否,	,	,	,	,	,	,	,	,	,	,	,	,否,是,	,否,否,,	,否,	,否,,,否
【重磅新品】云米净水器600G小海豚升级版厨下式RO反渗透直饮家用,251105-019828610571623,待发货,1	,正常,2025-11-05 21:02:48,2025-11-06 21:02:48,,	,	,225501370546	,【24年新品】600G升级版6年长效,1600502140541	,厨房电器,净水器/净水设备及配件耗材,净水器,	,6923185653684	,6923185616399	,	,	,无售后或售后取消,,2025-11-05 21:02:48,	,,,,,,,否,否,	,否,	,,558.99	,0.0	,0.0	,0.0	,0.0	,0.0	,0.0	,0.0	,558.99	,558.99	,	,	,浙江省,宁波市,鄞州区,,,否,否,	,	,	,否,	,	,	,	,	,	,	,	,	,	,	,	,否,否,	,否,否,,	,否,	,否,,,否
【重磅新品】云米净水器600G小海豚升级版厨下式RO反渗透直饮家用,251105-052460337592451,已取消,1	,正常,	,	,,	,	,225501370546	,【24年新品】600G升级版6年长效,1600502140541	,厨房电器,净水器/净水设备及配件耗材,净水器,	,6923185653684	,6923185616399	,	,	,无售后或售后取消,,	,	,,,,,,,否,否,	,否,	,,558.99	,0.0	,0.0	,0.0	,0.0	,0.0	,0.0	,0.0	,558.99	,558.99	,	,	,****,****,****,****,,否,否,	,	,	,否,	,	,	,	,	,	,	,	,	,	,	,	,否,否,	,否,	,,	,否,	,否,,,否
【重磅新品】云米净水器600G小海豚升级版厨下式RO反渗透直饮家用,251105-291367831181793,待发货,1	,正常,2025-11-05 20:46:48,2025-11-06 20:46:48,,	,	,225501370546	,【24年新品】600G升级版6年长效,1600502140541	,厨房电器,净水器/净水设备及配件耗材,净水器,	,6923185653684	,6923185616399	,	,	,无售后或售后取消,,2025-11-05 20:46:48,	,,,,,,,否,否,	,否,	,,558.99	,0.0	,0.0	,55.89	,0.0	,0.0	,0.0	,0.0	,503.1	,558.99	,	,	,北京市,北京市,西城区,,,否,否,	,	,	,否,	,	,	,	,	,	,	,	,	,	,	,	,否,否,	,否,否,,	,否,	,否,,,否
【重磅新品】云米净水器600G小海豚升级版厨下式RO反渗透直饮家用,251105-663329216140793,待发货,1	,正常,2025-11-05 20:42:03,2025-11-06 20:42:04,,	,	,225501370546	,【24年新品】600G升级版6年长效,1600502140541	,厨房电器,净水器/净水设备及配件耗材,净水器,	,6923185653684	,6923185616399	,	,	,无售后或售后取消,,2025-11-05 20:42:04,	,,,,,,,否,否,	,否,	,,558.99	,0.0	,0.0	,0.0	,15.0	,0.0	,0.0	,0.0	,558.99	,558.99	,	,	,山东省,临沂市,河东区,,,否,否,	,	,	,否,	,	,	,	,	,	,	,	,	,	,	,	,否,否,	,否,否,,	,否,	,否,,,否
【重磅新品】云米净水器600G小海豚升级版厨下式RO反渗透直饮家用,251105-303353065100793,已取消,1	,正常,	,	,,	,	,225501370546	,【24年新品】600G升级版6年长效,1600502140541	,厨房电器,净水器/净水设备及配件耗材,净水器,	,6923185653684	,6923185616399	,	,	,无售后或售后取消,,	,	,,,,,,,否,否,	,否,	,,558.99	,0.0	,0.0	,0.0	,0.0	,0.0	,0.0	,0.0	,558.99	,558.99	,	,	,****,****,****,****,,否,否,	,	,	,否,	,	,	,	,	,	,	,	,	,	,	,	,否,否,	,否,	,,	,否,	,否,,,否
云米智能AI门锁3D指纹密码蓝牙可连大容量续航家用公寓自动安全,251105-499101274543407,待发货,1	,正常,2025-11-05 20:36:47,2025-12-15 20:36:47,,	,	,743885774552	,"云米蓝调指纹密码锁LBT11C,黑色",1734954999916	,基础建材,智能门锁/电子锁,智能门锁/电子锁,	,6923185655381	,6923185655381	,页面活动50和送电池二选一，客户选的是送一块电池,	,无售后或售后取消,,2025-11-05 20:36:47,	,,,,,,,否,否,	,否,	,,661.0	,0.0	,40.0	,62.1	,0.0	,0.0	,0.0	,0.0	,558.9	,621.0	,	,	,江苏省,无锡市,滨湖区,,,否,否,	,	,	,否,	,	,	,	,	,	,	,	,	,	,	,	,否,否,	,否,否,,	,否,	,否,,,否
云米智能AI门锁3D指纹密码蓝牙可连大容量续航家用公寓自动安全,251105-540278812204040,已取消,1	,正常,	,	,,	,	,743885774552	,"云米蓝调指纹密码锁LBT11C,黑色",1734954999916	,基础建材,智能门锁/电子锁,智能门锁/电子锁,	,6923185655381	,6923185655381	,	,	,无售后或售后取消,,	,	,,,,,,,否,否,	,否,	,,661.0	,0.0	,40.0	,70.0	,0.0	,0.0	,0.0	,0.0	,551.0	,621.0	,	,	,****,****,****,****,,否,否,	,	,	,否,	,	,	,	,	,	,	,	,	,	,	,	,否,否,	,否,	,,	,否,	,否,,,否
云米AI燃气热水器智控恒温防冻节能安全水质净化精准控温13L强排,251105-564773589313370,已取消,1	,正常,	,	,,	,	,773161065181	,智控恒温燃气热水器,1755671371526	,大家电,热水器,燃气热水器,	,6923185655688	,6923185655688	,	,	,无售后或售后取消,,	,	,,,,,,,否,否,	,否,	,,588.0	,0.0	,0.0	,0.0	,0.0	,0.0	,0.0	,0.0	,588.0	,588.0	,	,	,****,****,****,****,,否,否,	,	,	,否,	,	,	,	,	,	,	,	,	,	,	,	,否,否,	,否,	,,	,否,	,否,,,否
【母婴直饮】云米净水器 SE 600G+ 新升级厨下式RO反渗透直饮家用,251105-639065157250224,待发货,1	,正常,2025-11-05 20:29:53,2025-11-06 20:29:53,,	,	,819506595979	,【24年新品】600G升级版6年长效,1787046011387	,厨房电器,净水器/净水设备及配件耗材,净水器,	,6923185653684	,6923185616399	,	,	,无售后或售后取消,,2025-11-05 20:29:53,	,,,,,,,否,否,	,否,	,,748.0	,0.0	,139.6	,50.0	,0.0	,0.0	,0.0	,0.0	,558.4	,608.4	,	,	,河北省,石家庄市,辛集市,,,否,否,	,	,	,否,	,	,	,	,	,	,	,	,	,	,	,	,否,是,	,否,否,,	,否,	,否,,,否
【冷热直饮套装】云米净水器家用厨下管线机套装一键即热制冷直饮,251105-109985196352712,已取消,3	,正常,	,	,,	,	,480070620581	,【冷热净水直饮套装】新品净水器+冷热管线机,1620106386127	,厨房电器,净水器/净水设备及配件耗材,净水器,	,S2407170910001,	,	,	,无售后或售后取消,,	,	,,,,,,,否,否,	,否,	,,4287.0	,0.0	,42.87	,50.0	,0.0	,0.0	,0.0	,0.0	,4194.13	,4244.13	,	,	,****,****,****,****,,否,否,	,	,	,否,	,	,	,	,	,	,	,	,	,	,	,	,否,否,	,否,	,,	,否,	,否,,,否
云米即热净水器厨房家用直饮RO反渗透加热净饮一体机1000G,251105-340808189510030,已取消,1	,正常,	,	,,	,	,846360072018	,即热直饮 1000G大通量,1807240839093	,厨房电器,净水器/净水设备及配件耗材,净水器,	,6923185651116	,6923185651116	,	,	,无售后或售后取消,,	,	,,,,,,,否,否,	,否,	,,1498.0	,0.0	,0.0	,149.8	,0.0	,0.0	,0.0	,0.0	,1348.2	,1498.0	,	,	,****,****,****,****,,否,否,	,	,	,否,	,	,	,	,	,	,	,	,	,	,	,	,否,否,	,否,	,,	,否,	,否,,,否
【重磅新品】云米净水器600G小海豚升级版厨下式RO反渗透直饮家用,251105-629313390173108,待发货,1	,正常,2025-11-05 20:07:58,2025-11-06 20:07:59,,	,	,225501370546	,【24年新品】600G升级版6年长效,1600502140541	,厨房电器,净水器/净水设备及配件耗材,净水器,	,6923185653684	,6923185616399	,	,	,无售后或售后取消,,2025-11-05 20:07:59,	,,,,,,,否,否,	,否,	,,558.99	,0.0	,0.0	,0.0	,0.0	,0.0	,0.0	,0.0	,558.99	,558.99	,	,	,重庆市,重庆市,长寿区,,,否,否,	,	,	,否,	,	,	,	,	,	,	,	,	,	,	,	,否,否,	,否,否,,	,否,	,否,,,否
【重磅新品】云米净水器600G小海豚升级版厨下式RO反渗透直饮家用,251105-465494371840822,未发货，退款成功,1	,正常,2025-11-05 20:04:28,2025-11-06 20:04:28,,	,	,225501370546	,【24年新品】600G升级版6年长效,1600502140541	,厨房电器,净水器/净水设备及配件耗材,净水器,	,6923185653684	,6923185616399	,	,	,退款成功,,2025-11-05 20:04:28,	,,,,,,,否,否,	,否,	,,558.99	,0.0	,0.0	,0.0	,1.11	,0.0	,0.0	,0.0	,558.99	,558.99	,	,	,浙江省,杭州市,淳安县,,,否,否,	,	,	,否,	,	,	,	,	,	,	,	,	,	,	,	,否,否,	,否,否,,	,否,	,否,,,否
【重磅新品】云米净水器600G小海豚升级版厨下式RO反渗透直饮家用,251105-448580893083599,已取消,1	,正常,	,	,,	,	,225501370546	,【24年新品】600G升级版6年长效,1600502140541	,厨房电器,净水器/净水设备及配件耗材,净水器,	,6923185653684	,6923185616399	,	,	,无售后或售后取消,,	,	,,,,,,,否,否,	,否,	,,558.99	,0.0	,0.0	,3.0	,0.0	,0.0	,0.0	,0.0	,555.99	,558.99	,	,	,****,****,****,****,,否,否,	,	,	,否,	,	,	,	,	,	,	,	,	,	,	,	,否,否,	,否,	,,	,否,	,否,,,否
【重磅新品】云米净水器600G小海豚升级版厨下式RO反渗透直饮家用,251105-341374482843599,已取消,1	,正常,	,	,,	,	,225501370546	,【24年新品】600G升级版6年长效,1600502140541	,厨房电器,净水器/净水设备及配件耗材,净水器,	,6923185653684	,6923185616399	,	,	,无售后或售后取消,,	,	,,,,,,,否,否,	,否,	,,558.99	,0.0	,0.0	,3.0	,0.0	,0.0	,0.0	,0.0	,555.99	,558.99	,	,	,****,****,****,****,,否,否,	,	,	,否,	,	,	,	,	,	,	,	,	,	,	,	,否,否,	,否,	,,	,否,	,否,,,否
VIOMI云米净水器大通量小海豚800G反渗透RO厨下式家用长效滤芯,251105-249928097301958,待发货,1	,正常,2025-11-05 19:55:07,2025-11-06 19:55:07,,	,	,837957770723	,800G大通量纯水机,1809123722986	,厨房电器,净水器/净水设备及配件耗材,净水器,	,6923185653974	,	,	,	,无售后或售后取消,,2025-11-05 19:55:07,	,,,,,,,否,否,	,否,	,,699.0	,0.0	,0.0	,50.0	,0.0	,0.0	,0.0	,0.0	,649.0	,699.0	,	,	,北京市,北京市,房山区,,,否,否,	,	,	,否,	,	,	,	,	,	,	,	,	,	,	,	,否,否,	,否,否,,	,否,	,否,,,否
VIOMI云米净水器大通量小海豚800G反渗透RO厨下式家用长效滤芯,251105-436406883963745,待发货,1	,正常,2025-11-05 19:50:31,2025-11-06 19:50:31,,	,	,837957770723	,800G大通量纯水机,1809123722986	,厨房电器,净水器/净水设备及配件耗材,净水器,	,6923185653974	,	,	,	,无售后或售后取消,,2025-11-05 19:50:31,	,,,,,,,否,否,	,否,	,,699.0	,0.0	,0.0	,69.9	,0.0	,0.0	,0.0	,0.0	,629.1	,699.0	,	,	,山西省,太原市,万柏林区,,,否,否,	,	,	,否,	,	,	,	,	,	,	,	,	,	,	,	,否,否,	,否,否,,	,否,	,否,,,否
【重磅新品】云米净水器600G小海豚升级版厨下式RO反渗透直饮家用,251105-424316802610778,待发货,1	,正常,2025-11-05 19:51:12,2025-11-06 19:51:13,,	,	,225501370546	,【24年新品】600G升级版6年长效,1600502140541	,厨房电器,净水器/净水设备及配件耗材,净水器,	,6923185653684	,6923185616399	,	,	,无售后或售后取消,,2025-11-05 19:51:13,	,,,,,,,否,否,	,否,	,,558.99	,0.0	,0.0	,0.0	,0.0	,0.0	,0.0	,0.0	,558.99	,558.99	,	,	,河南省,郑州市,巩义市,,,否,否,	,	,	,否,	,	,	,	,	,	,	,	,	,	,	,	,否,否,	,否,否,,	,否,	,否,,,否
【重磅新品】云米净水器600G小海豚升级版厨下式RO反渗透直饮家用,251105-550104021303460,未发货，退款成功,1	,正常,2025-11-05 19:48:40,2025-11-06 19:48:41,,	,	,225501370546	,【24年新品】600G升级版6年长效,1600502140541	,厨房电器,净水器/净水设备及配件耗材,净水器,	,6923185653684	,6923185616399	,聚水潭已取消发货 已退款   叶11.5,	,退款成功,,2025-11-05 19:48:41,	,,,,,,,否,否,	,否,	,,558.99	,0.0	,0.0	,0.0	,16.0	,0.0	,0.0	,0.0	,558.99	,558.99	,	,	,河南省,洛阳市,栾川县,,,否,否,	,	,	,否,	,	,	,	,	,	,	,	,	,	,	,	,否,否,	,否,是,3	,商家,否,	,否,,信用卡分期,否
【重磅新品】云米净水器600G小海豚升级版厨下式RO反渗透直饮家用,251105-433890281010778,已取消,1	,正常,	,	,,	,	,225501370546	,【24年新品】600G升级版6年长效,1600502140541	,厨房电器,净水器/净水设备及配件耗材,净水器,	,6923185653684	,6923185616399	,	,	,无售后或售后取消,,	,	,,,,,,,否,否,	,否,	,,558.99	,0.0	,0.0	,0.0	,0.0	,0.0	,0.0	,0.0	,558.99	,558.99	,	,	,****,****,****,****,,否,否,	,	,	,否,	,	,	,	,	,	,	,	,	,	,	,	,否,否,	,否,	,,	,否,	,否,,,否
【重磅新品】云米净水器600G小海豚升级版厨下式RO反渗透直饮家用,251105-548992530851320,待发货,1	,正常,2025-11-05 19:36:10,2025-11-06 19:36:10,,	,	,225501370546	,【24年新品】600G升级版6年长效,1600502140541	,厨房电器,净水器/净水设备及配件耗材,净水器,	,6923185653684	,6923185616399	,	,	,无售后或售后取消,,2025-11-05 19:36:10,	,,,,,,,否,否,	,否,	,,558.99	,0.0	,0.0	,50.0	,0.0	,0.0	,0.0	,0.0	,508.99	,558.99	,	,	,江西省,赣州市,上犹县,,,否,否,	,	,	,否,	,	,	,	,	,	,	,	,	,	,	,	,否,否,	,否,否,,	,否,	,否,,,否
云米小厨宝6L电热水器厨房卫生间出水恒温储水式小型速热神器加热,251105-084945180290152,待发货,1	,正常,2025-11-05 19:32:06,2025-11-06 19:32:06,,	,	,208073193570	,热水即刻有-【6L】,1801828025682	,大家电,热水器,厨宝,	,6923185611233	,6923185611233	,	,	,无售后或售后取消,,2025-11-05 19:32:06,	,,,,,,,否,否,	,否,	,,280.0	,0.0	,0.0	,50.0	,5.0	,0.0	,0.0	,0.0	,230.0	,280.0	,	,	,福建省,莆田市,仙游县,,,否,否,	,	,	,否,	,	,	,	,	,	,	,	,	,	,	,	,否,否,	,否,否,,	,否,	,否,,,否
【重磅新品】云米净水器600G小海豚升级版厨下式RO反渗透直饮家用,251105-172291530302234,待发货,1	,正常,2025-11-05 19:30:44,2025-11-06 19:30:45,,	,	,225501370546	,【24年新品】600G升级版6年长效,1600502140541	,厨房电器,净水器/净水设备及配件耗材,净水器,	,6923185653684	,6923185616399	,	,	,无售后或售后取消,,2025-11-05 19:30:45,	,,,,,,,否,否,	,否,	,,558.99	,0.0	,0.0	,55.89	,0.0	,0.0	,0.0	,0.0	,503.1	,558.99	,	,	,广东省,广州市,天河区,,,否,否,	,	,	,否,	,	,	,	,	,	,	,	,	,	,	,	,否,否,	,否,否,,	,否,	,否,,,否
【重磅新品】云米净水器600G小海豚升级版厨下式RO反渗透直饮家用,251105-583134123582234,已取消,1	,正常,	,	,,	,	,225501370546	,【24年新品】600G升级版6年长效,1600502140541	,厨房电器,净水器/净水设备及配件耗材,净水器,	,6923185653684	,6923185616399	,	,	,无售后或售后取消,,	,	,,,,,,,否,否,	,否,	,,558.99	,0.0	,0.0	,55.89	,0.0	,0.0	,0.0	,0.0	,503.1	,558.99	,	,	,****,****,****,****,,否,否,	,	,	,否,	,	,	,	,	,	,	,	,	,	,	,	,否,否,	,否,	,,	,否,	,否,,,否
云米小厨宝6L电热水器厨房卫生间出水恒温储水式小型速热神器加热,251105-443369460062340,待发货,1	,正常,2025-11-05 19:12:42,2025-11-06 19:12:43,,	,	,208073193570	,热水即刻有-【6L】,1801828025682	,大家电,热水器,厨宝,	,6923185611233	,6923185611233	,	,	,无售后或售后取消,,2025-11-05 19:12:43,	,,,,,,,否,否,	,否,	,,280.0	,0.0	,0.0	,0.0	,0.0	,0.0	,0.0	,0.0	,280.0	,280.0	,	,	,安徽省,蚌埠市,五河县,,,否,否,	,	,	,否,	,	,	,	,	,	,	,	,	,	,	,	,是,是,	,否,否,,	,否,	,否,,,否
云米60升AI速热高温抑菌电热水器3000W一级节能变频增容家用租房,251105-497790522990798,待付款,1	,正常,	,	,,	,	,226368376224	,3000W速热安全60L热水器,1737176648260	,大家电,热水器,电热水器,	,6923185602224	,6923185602224	,	,	,无售后或售后取消,,	,	,,,,,,,否,否,	,否,	,,655.0	,0.0	,0.0	,0.0	,0.0	,0.0	,0.0	,0.0	,655.0	,655.0	,	,	,****,****,****,****,,否,否,	,	,	,否,	,	,	,	,	,	,	,	,	,	,	,	,否,否,	,否,	,,	,否,	,否,,,否
【重磅新品】云米净水器600G小海豚升级版厨下式RO反渗透直饮家用,251105-406679796013946,已取消,1	,正常,	,	,,	,	,225501370546	,【24年新品】600G升级版6年长效,1600502140541	,厨房电器,净水器/净水设备及配件耗材,净水器,	,6923185653684	,6923185616399	,	,	,无售后或售后取消,,	,	,,,,,,,否,否,	,否,	,,558.99	,0.0	,0.0	,0.0	,0.0	,0.0	,0.0	,0.0	,558.99	,558.99	,	,	,****,****,****,****,,否,否,	,	,	,否,	,	,	,	,	,	,	,	,	,	,	,	,否,否,	,否,	,,	,否,	,否,,,否
【重磅新品】云米净水器600G小海豚升级版厨下式RO反渗透直饮家用,251105-318735696173946,已取消,1	,正常,	,	,,	,	,225501370546	,【24年新品】600G升级版6年长效,1600502140541	,厨房电器,净水器/净水设备及配件耗材,净水器,	,6923185653684	,6923185616399	,	,	,无售后或售后取消,,	,	,,,,,,,否,否,	,否,	,,558.99	,0.0	,0.0	,0.0	,0.0	,0.0	,0.0	,0.0	,558.99	,558.99	,	,	,****,****,****,****,,否,否,	,	,	,否,	,	,	,	,	,	,	,	,	,	,	,	,否,否,	,否,	,,	,否,	,否,,,否
云米AI油烟机双腔大吸力Smart双腔一级能效23m³大风压智清洁节能,251105-240837015871025,已取消,1	,正常,	,	,,	,	,750412983827	,AI双腔强吸油烟机,1737582711971	,大家电,厨房大电,油烟机,	,6923185649229	,6923185649229	,	,	,无售后或售后取消,,	,	,,,,,,,否,否,	,否,	,,799.0	,0.0	,0.0	,39.95	,0.0	,0.0	,0.0	,0.0	,759.05	,799.0	,	,	,****,****,****,****,,否,否,	,	,	,否,	,	,	,	,	,	,	,	,	,	,	,	,否,否,	,否,	,,	,否,	,否,,,否
【重磅新品】云米净水器600G小海豚升级版厨下式RO反渗透直饮家用,251105-394893760090937,待发货,1	,正常,2025-11-05 18:56:52,2025-12-06 18:56:52,,	,	,225501370546	,【24年新品】600G升级版6年长效,1600502140541	,厨房电器,净水器/净水设备及配件耗材,净水器,	,6923185653684	,6923185616399	,	,延迟发货,无售后或售后取消,,2025-11-05 18:56:52,	,,,,,,,否,否,	,否,	,,558.99	,0.0	,0.0	,50.0	,0.0	,0.0	,0.0	,0.0	,508.99	,558.99	,	,	,黑龙江省,鹤岗市,南山区,,,否,否,	,	,	,否,	,	,	,	,	,	,	,	,	,	,	,	,否,否,	,否,否,,	,否,	,否,,,否
云米净水器滤芯小蓝调小海豚600G+专用复合滤芯RO反渗透滤芯过滤,251105-513697431903881,待发货,2	,正常,2025-11-05 19:07:21,2025-11-06 19:07:22,,	,	,296967601341	,5in1复合滤芯 2年长效,1600193054565	,厨房电器,净水器/净水设备及配件耗材,净水器,	,6923185627425	,	,后返，到手价99/根,	,无售后或售后取消,,2025-11-05 19:07:22,	,,,,,,,否,否,	,否,	,,598.0	,0.0	,5.98	,0.0	,0.0	,0.0	,0.0	,0.0	,592.02	,592.02	,	,	,黑龙江省,齐齐哈尔市,建华区,,,否,否,	,	,	,否,	,	,	,	,	,	,	,	,	,	,	,	,否,否,	,否,否,,	,否,	,否,,,否
云米净水器滤芯小蓝调小海豚600G+专用复合滤芯RO反渗透滤芯过滤,251105-382940004703881,已取消,2	,正常,	,	,,	,	,296967601341	,5in1复合滤芯 2年长效,1600193054565	,厨房电器,净水器/净水设备及配件耗材,净水器,	,6923185627425	,	,	,	,无售后或售后取消,,	,	,,,,,,,否,否,	,否,	,,598.0	,0.0	,5.98	,0.0	,0.0	,0.0	,0.0	,0.0	,592.02	,592.02	,	,	,****,****,****,****,,否,否,	,	,	,否,	,	,	,	,	,	,	,	,	,	,	,	,否,否,	,否,	,,	,否,	,否,,,否
云米电热水器家用洗澡租房储水式速热抑菌节能省电卫生间40/60升,251105-156416151972920,已取消,1	,正常,	,	,,	,	,227645754240	,"速热抑菌洗-40L,全国联保送货上门安装8年质保",1645458252843	,大家电,热水器,电热水器,	,6923185681281	,	,	,	,无售后或售后取消,,	,	,,,,,,,否,否,	,否,	,,379.0	,0.0	,0.0	,0.0	,0.0	,0.0	,0.0	,0.0	,379.0	,379.0	,	,	,****,****,****,****,,否,否,	,	,	,否,	,	,	,	,	,	,	,	,	,	,	,	,否,否,	,否,	,,	,否,	,否,,,否
【重磅新品】云米净水器600G小海豚升级版厨下式RO反渗透直饮家用,251105-171232520543881,已取消,1	,正常,	,	,,	,	,225501370546	,【24年新品】600G升级版6年长效,1600502140541	,厨房电器,净水器/净水设备及配件耗材,净水器,	,6923185653684	,6923185616399	,	,	,无售后或售后取消,,	,	,,,,,,,否,否,	,否,	,,558.99	,0.0	,0.0	,0.0	,0.0	,0.0	,0.0	,0.0	,558.99	,558.99	,	,	,****,****,****,****,,否,否,	,	,	,否,	,	,	,	,	,	,	,	,	,	,	,	,否,否,	,否,	,,	,否,	,否,,,否
【重磅新品】云米净水器600G小海豚升级版厨下式RO反渗透直饮家用,251105-255558992223881,待发货,1	,正常,2025-11-05 18:49:53,2025-11-06 18:49:53,,	,	,225501370546	,【24年新品】600G升级版6年长效,1600502140541	,厨房电器,净水器/净水设备及配件耗材,净水器,	,6923185653684	,6923185616399	,	,	,无售后或售后取消,,2025-11-05 18:49:53,	,,,,,,,否,否,	,否,	,,558.99	,0.0	,0.0	,0.0	,0.2	,0.0	,0.0	,0.0	,558.99	,558.99	,	,	,黑龙江省,齐齐哈尔市,建华区,,,否,否,	,	,	,否,	,	,	,	,	,	,	,	,	,	,	,	,否,否,	,否,否,,	,否,	,否,,,否
【重磅新品】云米净水器600G小海豚升级版厨下式RO反渗透直饮家用,251105-400094738820176,已取消,1	,正常,	,	,,	,	,225501370546	,【24年新品】600G升级版6年长效,1600502140541	,厨房电器,净水器/净水设备及配件耗材,净水器,	,6923185653684	,6923185616399	,	,	,无售后或售后取消,,	,	,,,,,,,否,否,	,否,	,,558.99	,0.0	,0.0	,0.0	,0.0	,0.0	,0.0	,0.0	,558.99	,558.99	,	,	,****,****,****,****,,否,否,	,	,	,否,	,	,	,	,	,	,	,	,	,	,	,	,否,否,	,否,	,,	,否,	,否,,,否
【重磅新品】云米净水器600G小海豚升级版厨下式RO反渗透直饮家用,251105-003449895292889,待发货,1	,正常,2025-11-05 18:30:23,2025-11-06 18:30:24,,	,	,225501370546	,【24年新品】600G升级版6年长效,1600502140541	,厨房电器,净水器/净水设备及配件耗材,净水器,	,6923185653684	,6923185616399	,	,	,无售后或售后取消,,2025-11-05 18:30:24,	,,,,,,,否,否,	,否,	,,558.99	,0.0	,0.0	,0.0	,0.0	,0.0	,0.0	,0.0	,558.99	,558.99	,	,	,河北省,保定市,竞秀区,,,否,否,	,	,	,否,	,	,	,	,	,	,	,	,	,	,	,	,否,否,	,否,否,,	,否,	,否,,,否
【重磅新品】云米净水器600G小海豚升级版厨下式RO反渗透直饮家用,251105-604745306550705,已取消,1	,正常,	,	,,	,	,225501370546	,【24年新品】600G升级版6年长效,1600502140541	,厨房电器,净水器/净水设备及配件耗材,净水器,	,6923185653684	,6923185616399	,	,	,无售后或售后取消,,	,	,,,,,,,否,否,	,否,	,,558.99	,0.0	,0.0	,0.0	,0.0	,0.0	,0.0	,0.0	,558.99	,558.99	,	,	,****,****,****,****,,否,否,	,	,	,否,	,	,	,	,	,	,	,	,	,	,	,	,否,否,	,否,	,,	,否,	,否,,,否
【重磅新品】云米净水器600G小海豚升级版厨下式RO反渗透直饮家用,251105-388434531843425,待发货,1	,正常,2025-11-05 18:28:45,2025-11-06 18:28:45,,	,	,225501370546	,【24年新品】600G升级版6年长效,1600502140541	,厨房电器,净水器/净水设备及配件耗材,净水器,	,6923185653684	,6923185616399	,	,	,无售后或售后取消,,2025-11-05 18:28:45,	,,,,,,,否,否,	,否,	,,558.99	,0.0	,0.0	,0.0	,0.0	,0.0	,0.0	,0.0	,558.99	,558.99	,	,	,江苏省,淮安市,涟水县,,,否,否,	,	,	,否,	,	,	,	,	,	,	,	,	,	,	,	,否,否,	,否,否,,	,否,	,否,,,否
【重磅新品】云米净水器600G小海豚升级版厨下式RO反渗透直饮家用,251105-058447644163425,已取消,1	,正常,	,	,,	,	,225501370546	,【24年新品】600G升级版6年长效,1600502140541	,厨房电器,净水器/净水设备及配件耗材,净水器,	,6923185653684	,6923185616399	,	,	,无售后或售后取消,,	,	,,,,,,,否,否,	,否,	,,558.99	,0.0	,0.0	,0.0	,0.0	,0.0	,0.0	,0.0	,558.99	,558.99	,	,	,****,****,****,****,,否,否,	,	,	,否,	,	,	,	,	,	,	,	,	,	,	,	,否,否,	,否,	,,	,否,	,否,,,否
【重磅新品】云米净水器600G小海豚升级版厨下式RO反渗透直饮家用,251105-444019515010749,未发货，退款成功,1	,正常,2025-11-05 18:27:55,2025-11-06 18:27:56,,	,	,225501370546	,【24年新品】600G升级版6年长效,1600502140541	,厨房电器,净水器/净水设备及配件耗材,净水器,	,6923185653684	,6923185616399	,聚水潭已取消发货 已退款   叶11.5,	,退款成功,,2025-11-05 18:27:56,	,,,,,,,否,否,	,否,	,,558.99	,0.0	,0.0	,0.0	,0.0	,0.0	,0.0	,0.0	,558.99	,558.99	,	,	,广东省,中山市,五桂山镇,,,否,否,	,	,	,否,	,	,	,	,	,	,	,	,	,	,	,	,否,否,	,否,否,,	,否,	,否,,,否
【重磅新品】云米净水器600G小海豚升级版厨下式RO反渗透直饮家用,251105-420468498050749,待发货,1	,正常,2025-11-05 18:28:54,2025-11-06 18:28:54,,	,	,225501370546	,【24年新品】600G升级版6年长效,1600502140541	,厨房电器,净水器/净水设备及配件耗材,净水器,	,6923185653684	,6923185616399	,	,	,无售后或售后取消,,2025-11-05 18:28:54,	,,,,,,,否,否,	,否,	,,558.99	,0.0	,0.0	,0.0	,0.0	,0.0	,0.0	,0.0	,558.99	,558.99	,	,	,广东省,中山市,五桂山镇,,,否,否,	,	,	,否,	,	,	,	,	,	,	,	,	,	,	,	,否,否,	,否,否,,	,否,	,否,,,否
【重磅新品】云米净水器600G小海豚升级版厨下式RO反渗透直饮家用,251105-585430484630343,待发货,1	,正常,2025-11-05 18:19:36,2025-11-06 18:19:36,,	,	,225501370546	,【24年新品】600G升级版6年长效,1600502140541	,厨房电器,净水器/净水设备及配件耗材,净水器,	,6923185653684	,6923185616399	,	,	,无售后或售后取消,,2025-11-05 18:19:36,	,,,,,,,否,否,	,否,	,,558.99	,0.0	,0.0	,0.0	,0.0	,0.0	,0.0	,0.0	,558.99	,558.99	,	,	,河南省,郑州市,巩义市,,,否,否,	,	,	,否,	,	,	,	,	,	,	,	,	,	,	,	,否,否,	,否,否,,	,否,	,否,,,否
【重磅新品】云米净水器600G小海豚升级版厨下式RO反渗透直饮家用,251105-643762757270343,已取消,1	,正常,	,	,,	,	,225501370546	,【24年新品】600G升级版6年长效,1600502140541	,厨房电器,净水器/净水设备及配件耗材,净水器,	,6923185653684	,6923185616399	,	,	,无售后或售后取消,,	,	,,,,,,,否,否,	,否,	,,558.99	,0.0	,0.0	,0.0	,0.0	,0.0	,0.0	,0.0	,558.99	,558.99	,	,	,****,****,****,****,,否,否,	,	,	,否,	,	,	,	,	,	,	,	,	,	,	,	,否,否,	,否,	,,	,否,	,否,,,否
【重磅新品】云米净水器600G小海豚升级版厨下式RO反渗透直饮家用,251105-546339571350343,已取消,1	,正常,	,	,,	,	,225501370546	,【24年新品】600G升级版6年长效,1600502140541	,厨房电器,净水器/净水设备及配件耗材,净水器,	,6923185653684	,6923185616399	,	,	,无售后或售后取消,,	,	,,,,,,,否,否,	,否,	,,558.99	,0.0	,0.0	,0.0	,0.0	,0.0	,0.0	,0.0	,558.99	,558.99	,	,	,****,****,****,****,,否,否,	,	,	,否,	,	,	,	,	,	,	,	,	,	,	,	,否,否,	,否,	,,	,否,	,否,,,否
【重磅新品】云米净水器600G小海豚升级版厨下式RO反渗透直饮家用,251105-119705474581232,待发货,1	,正常,2025-11-05 17:57:23,2025-11-06 17:57:23,,	,	,225501370546	,【24年新品】600G升级版6年长效,1600502140541	,厨房电器,净水器/净水设备及配件耗材,净水器,	,6923185653684	,6923185616399	,	,	,无售后或售后取消,,2025-11-05 17:57:23,	,,,,,,,否,否,	,否,	,,558.99	,0.0	,0.0	,55.89	,0.0	,0.0	,0.0	,0.0	,503.1	,558.99	,	,	,河南省,郑州市,管城回族区,,,否,否,	,	,	,否,	,	,	,	,	,	,	,	,	,	,	,	,否,否,	,否,否,,	,否,	,否,,,否
【重磅新品】云米净水器600G小海豚升级版厨下式RO反渗透直饮家用,251105-269368738114039,待发货,1	,正常,2025-11-05 17:57:51,2025-11-06 17:57:51,,	,	,225501370546	,【24年新品】600G升级版6年长效,1600502140541	,厨房电器,净水器/净水设备及配件耗材,净水器,	,6923185653684	,6923185616399	,	,	,无售后或售后取消,,2025-11-05 17:57:51,	,,,,,,,否,否,	,否,	,,558.99	,0.0	,0.0	,55.89	,0.0	,0.0	,0.0	,0.0	,503.1	,558.99	,	,	,黑龙江省,哈尔滨市,呼兰区,,,否,否,	,	,	,否,	,	,	,	,	,	,	,	,	,	,	,	,否,否,	,否,否,,	,否,	,否,,,否
【重磅新品】云米净水器600G小海豚升级版厨下式RO反渗透直饮家用,251105-070558728514039,已取消,1	,正常,	,	,,	,	,225501370546	,【24年新品】600G升级版6年长效,1600502140541	,厨房电器,净水器/净水设备及配件耗材,净水器,	,6923185653684	,6923185616399	,	,	,无售后或售后取消,,	,	,,,,,,,否,否,	,否,	,,558.99	,0.0	,0.0	,0.0	,0.0	,0.0	,0.0	,0.0	,558.99	,558.99	,	,	,****,****,****,****,,否,否,	,	,	,否,	,	,	,	,	,	,	,	,	,	,	,	,否,否,	,否,	,,	,否,	,否,,,否
【母婴直饮】云米净水器 SE 600G+ 新升级厨下式RO反渗透直饮家用,251105-052156188272243,待发货,1	,正常,2025-11-05 17:34:26,2025-11-06 17:34:26,,	,	,819506595979	,【24年新品】600G升级版6年长效,1787046011387	,厨房电器,净水器/净水设备及配件耗材,净水器,	,6923185653684	,6923185616399	,	,	,无售后或售后取消,,2025-11-05 17:34:26,	,,,,,,,否,否,	,否,	,,748.0	,0.0	,138.6	,55.0	,0.0	,0.0	,0.0	,0.0	,554.4	,609.4	,	,	,河南省,平顶山市,汝州市,,,否,否,	,	,	,否,	,	,	,	,	,	,	,	,	,	,	,	,否,是,	,否,否,,	,否,	,否,,,否
云米顶侧大吸力蓝调油烟机家用厨房节能自清洁一级能效可挥手智控,251105-492967115053533,已取消,1	,正常,	,	,,	,	,657344402006	,云米智清洁挥手智控单烟机,1723825075586	,大家电,厨房大电,油烟机,	,6923185650973	,6923185650973	,	,	,无售后或售后取消,,	,	,,,,,,,否,否,	,否,	,,839.0	,0.0	,48.0	,32.0	,0.0	,0.0	,0.0	,0.0	,759.0	,791.0	,	,	,****,****,****,****,,否,否,	,	,	,否,	,	,	,	,	,	,	,	,	,	,	,	,否,否,	,否,	,,	,否,	,否,,,否
云米AI燃气热水器智控恒温防冻节能安全水质净化精准控温13L强排,251105-591742974363533,待发货,1	,正常,2025-11-05 17:26:58,2025-11-06 17:26:58,,	,	,773161065181	,智控恒温燃气热水器,1755671371526	,大家电,热水器,燃气热水器,	,6923185655688	,6923185655688	,	,	,无售后或售后取消,,2025-11-05 17:26:58,	,,,,,,,否,否,	,否,	,,539.0	,0.0	,0.0	,43.0	,0.0	,0.0	,0.0	,0.0	,496.0	,539.0	,	,	,陕西省,西安市,未央区,,,否,否,	,	,	,否,	,	,	,	,	,	,	,	,	,	,	,	,否,否,	,否,否,,	,否,	,否,,,否
【重磅新品】云米净水器600G小海豚升级版厨下式RO反渗透直饮家用,251105-404729444712964,已取消,1	,正常,	,	,,	,	,225501370546	,【24年新品】600G升级版6年长效,1600502140541	,厨房电器,净水器/净水设备及配件耗材,净水器,	,6923185653684	,6923185616399	,	,	,无售后或售后取消,,	,	,,,,,,,否,否,	,否,	,,558.99	,0.0	,0.0	,0.99	,0.0	,0.0	,0.0	,0.0	,558.0	,558.99	,	,	,****,****,****,****,,否,否,	,	,	,否,	,	,	,	,	,	,	,	,	,	,	,	,否,否,	,否,	,,	,否,	,否,,,否
Viomi云米净水器1000G厨下式RO反渗透直饮过滤器净饮小海豚2,251105-585472437811313,已发货，待收货,1	,正常,2025-11-05 17:28:04,2025-11-06 17:28:04,,2025-11-05 20:30:02,	,205458105137	,小海豚2包安装1000G大加仑,1802849942800	,厨房电器,净水器/净水设备及配件耗材,净水器,	,6923185654865	,	,主播：小圆 场控：文蓝	权益：直播间抽奖10元红包=17280442712拦截 [viomi莉莉sk 11/06 09:02],	,售后处理中,,2025-11-05 17:28:04,	,,,,,,,否,否,	,否,	,,999.0	,0.0	,100.0	,0.0	,0.0	,0.0	,0.0	,0.0	,899.0	,899.0	,JDV023878618422,京东大件物流,辽宁省,鞍山市,海城市,,,否,否,	,	,	,否,	,	,	,	,	,	,	,	,	,	,	,	,是,是,	,否,否,,	,否,	,否,,,否
【重磅新品】云米净水器600G小海豚升级版厨下式RO反渗透直饮家用,251105-643500655011155,待发货,1	,正常,2025-11-05 17:17:05,2025-11-06 17:17:05,,	,	,225501370546	,【24年新品】600G升级版6年长效,1600502140541	,厨房电器,净水器/净水设备及配件耗材,净水器,	,6923185653684	,6923185616399	,	,	,无售后或售后取消,,2025-11-05 17:17:05,	,,,,,,,否,否,	,否,	,,558.99	,0.0	,0.0	,0.0	,0.0	,0.0	,0.0	,0.0	,558.99	,558.99	,	,	,山东省,济南市,市中区,,,否,否,	,	,	,否,	,	,	,	,	,	,	,	,	,	,	,	,否,否,	,否,否,,	,否,	,否,,,否
【重磅新品】云米净水器600G小海豚升级版厨下式RO反渗透直饮家用,251105-511044503040964,待发货,1	,正常,2025-11-05 17:13:48,2025-11-06 17:13:48,,	,	,225501370546	,【24年新品】600G升级版6年长效,1600502140541	,厨房电器,净水器/净水设备及配件耗材,净水器,	,6923185653684	,6923185616399	,送tds笔,	,无售后或售后取消,,2025-11-05 17:13:48,	,,,,,,,否,否,	,否,	,,558.99	,0.0	,0.0	,0.0	,0.0	,0.0	,0.0	,0.0	,558.99	,558.99	,	,	,新疆维吾尔自治区,克孜勒苏柯尔克孜自治州,阿克陶县,,,否,否,	,	,	,否,	,	,	,	,	,	,	,	,	,	,	,	,否,否,	,否,否,,	,否,	,否,,,否
【重磅新品】云米净水器600G小海豚升级版厨下式RO反渗透直饮家用,251105-281333021033150,待发货,1	,正常,2025-11-05 17:13:16,2025-11-06 17:13:17,,	,	,225501370546	,【24年新品】600G升级版6年长效,1600502140541	,厨房电器,净水器/净水设备及配件耗材,净水器,	,6923185653684	,6923185616399	,	,	,无售后或售后取消,,2025-11-05 17:13:17,	,,,,,,,否,否,	,否,	,,558.99	,0.0	,0.0	,0.0	,0.0	,0.0	,0.0	,0.0	,558.99	,558.99	,	,	,北京市,北京市,丰台区,,,否,否,	,	,	,否,	,	,	,	,	,	,	,	,	,	,	,	,否,否,	,否,否,,	,否,	,否,,,否
【冷热直饮套装】云米净水器家用厨下管线机套装一键即热制冷直饮,251105-016399778162995,待付款,1	,正常,	,	,,	,	,480070620581	,【净热直饮套装】新品净水器+制热管线机,1620106386126	,厨房电器,净水器/净水设备及配件耗材,净水器,	,S2405281401001,	,	,	,无售后或售后取消,,	,	,,,,,,,否,否,	,否,	,,1349.0	,0.0	,0.0	,0.0	,0.0	,0.0	,0.0	,0.0	,1349.0	,1349.0	,	,	,****,****,****,****,,否,否,	,	,	,否,	,	,	,	,	,	,	,	,	,	,	,	,否,否,	,否,	,,	,否,	,否,,,否
云米净水器滤芯S2、Fast厨下1A400G600G 1号复合滤芯RO反渗透滤芯,251105-449524549162860,已发货，待收货,1	,正常,2025-11-05 16:58:33,2025-11-06 16:58:33,,2025-11-05 20:29:26,	,224216987554	,【1号】5in1复合滤芯,1441791890512	,厨房电器,净水器/净水设备及配件耗材,净水器,	,6923185614258	,	,补差后返到手价147，晒单在返10,	,无售后或售后取消,,2025-11-05 16:58:33,	,,,,,,,否,否,	,否,	,,156.0	,0.0	,0.0	,0.0	,0.0	,0.0	,0.0	,0.0	,156.0	,156.0	,JDV023878079770,京东大件物流,河北省,石家庄市,桥西区,,,否,否,	,	,	,否,	,	,	,	,	,	,	,	,	,	,	,	,否,否,	,否,否,,	,否,	,否,,,否
【重磅新品】云米净水器600G小海豚升级版厨下式RO反渗透直饮家用,251105-498084155773082,待发货,1	,正常,2025-11-05 16:56:36,2025-11-06 16:56:36,,	,	,225501370546	,【24年新品】600G升级版6年长效,1600502140541	,厨房电器,净水器/净水设备及配件耗材,净水器,	,6923185653684	,6923185616399	,	,	,无售后或售后取消,,2025-11-05 16:56:36,	,,,,,,,否,否,	,否,	,,558.99	,0.0	,0.0	,5.0	,0.0	,0.0	,0.0	,0.0	,553.99	,558.99	,	,	,天津市,天津市,东丽区,,,否,否,	,	,	,否,	,	,	,	,	,	,	,	,	,	,	,	,否,否,	,否,是,3	,商家,否,	,否,,信用卡分期,否
【重磅新品】云米净水器600G小海豚升级版厨下式RO反渗透直饮家用,251105-060775514493082,已取消,1	,正常,	,	,,	,	,225501370546	,【24年新品】600G升级版6年长效,1600502140541	,厨房电器,净水器/净水设备及配件耗材,净水器,	,6923185653684	,6923185616399	,	,	,无售后或售后取消,,	,	,,,,,,,否,否,	,否,	,,558.99	,0.0	,0.0	,100.0	,0.0	,0.0	,0.0	,0.0	,458.99	,558.99	,	,	,****,****,****,****,,否,否,	,	,	,否,	,	,	,	,	,	,	,	,	,	,	,	,否,否,	,否,	,,	,否,	,否,,,否
【母婴直饮】云米净水器 SE 600G+ 新升级厨下式RO反渗透直饮家用,251105-100642362891646,已取消,1	,正常,	,	,,	,	,819506595979	,【24年新品】600G升级版6年长效,1787046011387	,厨房电器,净水器/净水设备及配件耗材,净水器,	,6923185653684	,6923185616399	,	,	,无售后或售后取消,,	,	,,,,,,,否,否,	,否,	,,748.0	,0.0	,149.6	,0.0	,0.0	,0.0	,0.0	,0.0	,598.4	,598.4	,	,	,****,****,****,****,,否,否,	,	,	,否,	,	,	,	,	,	,	,	,	,	,	,	,否,否,	,否,	,,	,否,	,否,,,否
【重磅新品】云米净水器600G小海豚升级版厨下式RO反渗透直饮家用,251105-088699061803215,未发货，退款成功,1	,正常,2025-11-05 16:50:08,2025-11-06 16:50:08,,	,	,225501370546	,【24年新品】600G升级版6年长效,1600502140541	,厨房电器,净水器/净水设备及配件耗材,净水器,	,6923185653684	,6923185616399	,	,	,退款成功,,2025-11-05 16:50:08,	,,,,,,,否,否,	,否,	,,558.99	,0.0	,0.0	,100.0	,0.0	,0.0	,0.0	,0.0	,458.99	,558.99	,	,	,山东省,淄博市,博山区,,,否,否,	,	,	,否,	,	,	,	,	,	,	,	,	,	,	,	,否,否,	,否,否,,	,否,	,否,,,否
云米顶侧大吸力蓝调油烟机家用厨房节能自清洁一级能效可挥手智控,251105-427189932333533,已取消,1	,正常,	,	,,	,	,657344402006	,云米智清洁挥手智控单烟机,1723825075586	,大家电,厨房大电,油烟机,	,6923185650973	,6923185650973	,	,	,无售后或售后取消,,	,	,,,,,,,否,否,	,否,	,,839.0	,0.0	,48.0	,32.0	,0.0	,0.0	,0.0	,0.0	,759.0	,791.0	,	,	,****,****,****,****,,否,否,	,	,	,否,	,	,	,	,	,	,	,	,	,	,	,	,否,否,	,否,	,,	,否,	,否,,,否
VIOMI云米净水器1000G厨下直饮小体积净水机RO机智显龙头3秒满杯,251105-208089987473341,待发货,1	,正常,2025-11-05 16:42:17,2025-11-06 16:42:17,,	,	,842195971715	,1000G大通量RO净水器,1803617356458	,厨房电器,净水器/净水设备及配件耗材,净水器,	,6923185654247	,	,	,	,无售后或售后取消,,2025-11-05 16:42:17,	,,,,,,,否,否,	,否,	,,805.0	,0.0	,6.0	,0.0	,1.59	,0.0	,0.0	,0.0	,799.0	,799.0	,	,	,湖南省,娄底市,涟源市,,,否,否,	,	,	,否,	,	,	,	,	,	,	,	,	,	,	,	,否,否,	,否,否,,	,否,	,否,,,否
【母婴直饮】云米净水器 SE 600G+ 新升级厨下式RO反渗透直饮家用,251105-370724125043080,待发货,1	,正常,2025-11-05 16:39:51,2025-11-06 16:39:51,,	,	,819506595979	,【24年新品】600G升级版6年长效,1787046011387	,厨房电器,净水器/净水设备及配件耗材,净水器,	,6923185653684	,6923185616399	,	,	,无售后或售后取消,,2025-11-05 16:39:51,	,,,,,,,否,否,	,否,	,,748.0	,0.0	,134.64	,74.8	,0.0	,0.0	,0.0	,0.0	,538.56	,613.36	,	,	,江苏省,苏州市,太仓市,,,否,否,	,	,	,否,	,	,	,	,	,	,	,	,	,	,	,	,否,否,	,否,否,,	,否,	,否,,,否
【重磅新品】云米净水器600G小海豚升级版厨下式RO反渗透直饮家用,251105-211277616790343,已取消,1	,正常,	,	,,	,	,225501370546	,【24年新品】600G升级版6年长效,1600502140541	,厨房电器,净水器/净水设备及配件耗材,净水器,	,6923185653684	,6923185616399	,	,	,无售后或售后取消,,	,	,,,,,,,否,否,	,否,	,,558.99	,0.0	,0.0	,0.0	,0.0	,0.0	,0.0	,0.0	,558.99	,558.99	,	,	,****,****,****,****,,否,否,	,	,	,否,	,	,	,	,	,	,	,	,	,	,	,	,否,否,	,否,	,,	,否,	,否,,,否
【重磅新品】云米净水器600G小海豚升级版厨下式RO反渗透直饮家用,251105-060901343563550,已取消,1	,正常,	,	,,	,	,225501370546	,【24年新品】600G升级版6年长效,1600502140541	,厨房电器,净水器/净水设备及配件耗材,净水器,	,6923185653684	,6923185616399	,	,	,无售后或售后取消,,	,	,,,,,,,否,否,	,否,	,,558.99	,0.0	,0.0	,0.0	,0.0	,0.0	,0.0	,0.0	,558.99	,558.99	,	,	,****,****,****,****,,否,否,	,	,	,否,	,	,	,	,	,	,	,	,	,	,	,	,否,否,	,否,	,,	,否,	,否,,,否
云米电热水器家用洗澡租房储水式速热抑菌节能省电卫生间40/60升,251105-565560000881400,已发货，待收货,1	,正常,2025-11-05 16:26:49,2025-11-06 16:26:49,,2025-11-05 19:10:46,	,227645754240	,"速热抑菌洗-40L,全国联保送货上门安装8年质保",1645458252843	,大家电,热水器,电热水器,	,6923185681281	,	,	,	,无售后或售后取消,,2025-11-05 16:26:49,	,,,,,,,否,否,	,否,	,,379.0	,0.0	,0.0	,0.0	,0.2	,0.0	,0.0	,0.0	,379.0	,379.0	,JDLD12889705208,京东大件物流,广西壮族自治区,百色市,隆林各族自治县,,,否,否,	,	,	,否,	,	,	,	,	,	,	,	,	,	,	,	,否,否,	,否,否,,	,否,	,否,,,否
【重磅新品】云米净水器600G小海豚升级版厨下式RO反渗透直饮家用,251105-539670669692333,已取消,1	,正常,	,	,,	,	,225501370546	,【24年新品】600G升级版6年长效,1600502140541	,厨房电器,净水器/净水设备及配件耗材,净水器,	,6923185653684	,6923185616399	,	,	,无售后或售后取消,,	,	,,,,,,,否,否,	,否,	,,558.99	,0.0	,0.0	,0.0	,0.0	,0.0	,0.0	,0.0	,558.99	,558.99	,	,	,****,****,****,****,,否,否,	,	,	,否,	,	,	,	,	,	,	,	,	,	,	,	,否,否,	,否,	,,	,否,	,否,,,否
【重磅新品】云米净水器600G小海豚升级版厨下式RO反渗透直饮家用,251105-243668140383150,待发货,1	,正常,2025-11-05 16:13:04,2026-01-08 16:13:04,,	,	,225501370546	,【24年新品】600G升级版6年长效,1600502140541	,厨房电器,净水器/净水设备及配件耗材,净水器,	,6923185653684	,6923185616399	,延迟发货1.8 [viomi范范sk 11/05 17:12],	,无售后或售后取消,,2025-11-05 16:13:04,	,,,,,,,否,否,	,否,	,,558.99	,0.0	,0.0	,55.89	,0.0	,0.0	,0.0	,0.0	,503.1	,558.99	,	,	,安徽省,安庆市,迎江区,,,否,否,	,	,	,否,	,	,	,	,	,	,	,	,	,	,	,	,否,否,	,否,否,,	,否,	,否,,,否
云米60升AI速热高温抑菌电热水器3000W一级节能变频增容家用租房,251105-227415232863008,待付款,1	,正常,	,	,,	,	,226368376224	,3000W速热安全60L热水器,1737176648260	,大家电,热水器,电热水器,	,6923185602224	,6923185602224	,	,	,无售后或售后取消,,	,	,,,,,,,否,否,	,否,	,,655.0	,0.0	,0.0	,20.0	,0.0	,0.0	,0.0	,0.0	,635.0	,655.0	,	,	,****,****,****,****,,否,否,	,	,	,否,	,	,	,	,	,	,	,	,	,	,	,	,否,否,	,否,	,,	,否,	,否,,,否
【重磅新品】云米净水器600G小海豚升级版厨下式RO反渗透直饮家用,251105-431426169233624,已发货，待收货,1	,正常,2025-11-05 15:52:24,2025-11-06 15:52:24,,2025-11-05 20:29:26,	,225501370546	,【24年新品】600G升级版6年长效,1600502140541	,厨房电器,净水器/净水设备及配件耗材,净水器,	,6923185653684	,6923185616399	,	,	,无售后或售后取消,,2025-11-05 15:52:24,	,,,,,,,否,否,	,否,	,,559.0	,0.0	,0.0	,50.0	,0.0	,0.0	,0.0	,0.0	,509.0	,559.0	,JDV023878033970,京东大件物流,河南省,新乡市,卫辉市,,,否,否,	,	,	,否,	,	,	,	,	,	,	,	,	,	,	,	,否,否,	,否,否,,	,否,	,否,,,否
【重磅新品】云米净水器600G小海豚升级版厨下式RO反渗透直饮家用,251105-225443857992890,已发货，待收货,1	,正常,2025-11-05 15:51:46,2025-11-06 15:51:46,,2025-11-05 20:29:26,	,225501370546	,【24年新品】600G升级版6年长效,1600502140541	,厨房电器,净水器/净水设备及配件耗材,净水器,	,6923185653684	,6923185616399	,	,	,无售后或售后取消,,2025-11-05 15:51:46,	,,,,,,,否,否,	,否,	,,559.0	,0.0	,0.0	,0.0	,0.0	,0.0	,0.0	,0.0	,559.0	,559.0	,JDV023878123738,京东大件物流,浙江省,宁波市,鄞州区,,,否,否,	,	,	,否,	,	,	,	,	,	,	,	,	,	,	,	,否,否,	,否,否,,	,否,	,否,,,否
Viomi云米净水器1000G厨下式RO反渗透直饮过滤器净饮小海豚2,251105-123606156831392,已发货，待收货,1	,正常,2025-11-05 15:51:04,2025-11-06 15:51:04,,2025-11-05 20:29:27,	,205458105137	,小海豚2包安装1000G大加仑,1802849942800	,厨房电器,净水器/净水设备及配件耗材,净水器,	,6923185654865	,	,	,	,无售后或售后取消,,2025-11-05 15:51:04,	,,,,,,,否,否,	,否,	,,999.0	,0.0	,100.0	,89.9	,16.0	,0.0	,0.0	,0.0	,809.1	,899.0	,JDV023878075595,京东大件物流,上海市,上海市,虹口区,,,否,否,	,	,	,否,	,	,	,	,	,	,	,	,	,	,	,	,否,否,	,否,是,3	,商家,否,	,否,,信用卡分期,否
【重磅新品】云米净水器600G小海豚升级版厨下式RO反渗透直饮家用,251105-554539497820163,待发货,1	,正常,2025-11-05 15:48:22,2025-11-20 15:48:22,,	,	,225501370546	,【24年新品】600G升级版6年长效,1600502140541	,厨房电器,净水器/净水设备及配件耗材,净水器,	,6923185653684	,6923185616399	,	,	,无售后或售后取消,,2025-11-05 15:48:22,	,,,,,,,否,否,	,否,	,,559.0	,0.0	,0.0	,0.0	,0.0	,0.0	,0.0	,0.0	,559.0	,559.0	,	,	,广东省,汕头市,龙湖区,,,否,否,	,	,	,否,	,	,	,	,	,	,	,	,	,	,	,	,否,否,	,否,否,,	,否,	,否,,,否
云米顶侧双吸大吸力低噪油烟机猛火液化气聚能灶智能套装家用厨房,251105-306310080851345,已发货，待收货,1	,正常,2025-11-05 15:41:44,2025-11-06 15:41:45,,2025-11-05 20:29:26,	,674950510509	,【烟灶套装】顶侧双吸烟机+5.0KW灶（天）,1744061180430	,大家电,厨房大电,烟灶消套装,	,S2405071349001,S2501061036001,	,	,无售后或售后取消,,2025-11-05 15:41:45,	,,,,,,,否,否,	,否,	,,1079.0	,0.0	,0.0	,0.0	,0.0	,0.0	,0.0	,0.0	,1079.0	,1079.0	,JDV023878378239,京东大件物流,河南省,濮阳市,华龙区,,,否,否,	,	,	,否,	,	,	,	,	,	,	,	,	,	,	,	,否,否,	,否,否,,	,否,	,否,,,否
云米60L速热电热水器3000W一级节能变频增容租房安全已接入米家AP,251105-292405921301717,待付款,1	,正常,	,	,,	,	,208071231700	,双管变频速热60L,1660917678582	,大家电,热水器,电热水器,	,6923185602224	,6923185602224	,	,	,无售后或售后取消,,	,	,,,,,,,否,否,	,否,	,,699.0	,0.0	,0.0	,20.0	,0.0	,0.0	,0.0	,0.0	,679.0	,699.0	,	,	,****,****,****,****,,否,否,	,	,	,否,	,	,	,	,	,	,	,	,	,	,	,	,否,否,	,否,	,,	,否,	,否,,,否
【重磅新品】云米净水器600G小海豚升级版厨下式RO反渗透直饮家用,251105-360636793252137,已发货，待收货,1	,正常,2025-11-05 15:37:03,2025-11-06 15:37:03,,2025-11-05 20:29:26,	,225501370546	,【24年新品】600G升级版6年长效,1600502140541	,厨房电器,净水器/净水设备及配件耗材,净水器,	,6923185653684	,6923185616399	,	,	,无售后或售后取消,,2025-11-05 15:37:03,	,,,,,,,否,否,	,否,	,,559.0	,0.0	,0.0	,0.0	,0.0	,0.0	,0.0	,0.0	,559.0	,559.0	,JDV023878110940,京东大件物流,海南省,海口市,琼山区,,,否,否,	,	,	,否,	,	,	,	,	,	,	,	,	,	,	,	,否,否,	,否,是,12	,消费者,否,	,否,,花呗分期,否
云米净水器滤芯小蓝调小海豚600G+专用复合滤芯RO反渗透滤芯过滤,251105-356148898233705,已发货，待收货,1	,正常,2025-11-05 15:36:28,2025-11-06 15:36:29,,2025-11-05 20:29:26,	,296967601341	,5in1复合滤芯 2年长效,1600193054565	,厨房电器,净水器/净水设备及配件耗材,净水器,	,6923185627425	,	,	,	,无售后或售后取消,,2025-11-05 15:36:29,	,,,,,,,否,否,	,否,	,,299.0	,0.0	,0.0	,3.0	,0.0	,0.0	,0.0	,0.0	,296.0	,299.0	,JDV023875487978,京东大件物流,四川省,泸州市,古蔺县,,,否,否,	,	,	,否,	,	,	,	,	,	,	,	,	,	,	,	,否,否,	,否,否,,	,否,	,否,,,否
【重磅新品】云米净水器600G小海豚升级版厨下式RO反渗透直饮家用,251105-086193017153482,已发货，待收货,1	,正常,2025-11-05 15:31:15,2025-11-06 15:31:16,,2025-11-05 20:29:25,	,225501370546	,【24年新品】600G升级版6年长效,1600502140541	,厨房电器,净水器/净水设备及配件耗材,净水器,	,6923185653684	,6923185616399	,	,	,无售后或售后取消,,2025-11-05 15:31:16,	,,,,,,,否,否,	,否,	,,559.0	,0.0	,0.0	,0.0	,0.0	,0.0	,0.0	,0.0	,559.0	,559.0	,JDV023878321567,京东大件物流,广东省,潮州市,潮安区,,,否,否,	,	,	,否,	,	,	,	,	,	,	,	,	,	,	,	,否,否,	,否,否,,	,否,	,否,,,否
【重磅新品】云米净水器600G小海豚升级版厨下式RO反渗透直饮家用,251105-332975358250558,已取消,1	,正常,	,	,,	,	,225501370546	,【24年新品】600G升级版6年长效,1600502140541	,厨房电器,净水器/净水设备及配件耗材,净水器,	,6923185653684	,6923185616399	,	,	,无售后或售后取消,,	,	,,,,,,,否,否,	,否,	,,559.0	,0.0	,0.0	,3.0	,0.0	,0.0	,0.0	,0.0	,556.0	,559.0	,	,	,****,****,****,****,,否,否,	,	,	,否,	,	,	,	,	,	,	,	,	,	,	,	,否,否,	,否,	,,	,否,	,否,,,否
【重磅新品】云米净水器600G小海豚升级版厨下式RO反渗透直饮家用,251105-665678005840364,已发货，待收货,1	,正常,2025-11-05 15:26:58,2025-11-06 15:26:58,,2025-11-05 20:29:26,	,225501370546	,【24年新品】600G升级版6年长效,1600502140541	,厨房电器,净水器/净水设备及配件耗材,净水器,	,6923185653684	,6923185616399	,	,	,无售后或售后取消,,2025-11-05 15:26:58,	,,,,,,,否,否,	,否,	,,559.0	,0.0	,0.0	,50.0	,5.03	,0.0	,0.0	,0.0	,509.0	,559.0	,JDV023877878296,京东大件物流,河南省,南阳市,西峡县,,,否,否,	,	,	,否,	,	,	,	,	,	,	,	,	,	,	,	,否,否,	,否,否,,	,否,	,否,,,否
云米净水器滤芯小蓝调小海豚600G+专用复合滤芯RO反渗透滤芯过滤,251105-558303823440364,已发货，待收货,1	,正常,2025-11-05 15:26:58,2025-11-06 15:26:58,,2025-11-05 20:29:27,	,296967601341	,5in1复合滤芯 2年长效,1600193054565	,厨房电器,净水器/净水设备及配件耗材,净水器,	,6923185627425	,	,	,	,无售后或售后取消,,2025-11-05 15:26:58,	,,,,,,,否,否,	,否,	,,299.0	,0.0	,0.0	,0.0	,2.97	,0.0	,0.0	,0.0	,299.0	,299.0	,JDV023876531143,京东大件物流,河南省,南阳市,西峡县,,,否,否,	,	,	,否,	,	,	,	,	,	,	,	,	,	,	,	,否,否,	,否,否,,	,否,	,否,,,否
【重磅新品】云米净水器600G小海豚升级版厨下式RO反渗透直饮家用,251105-419944210020435,已发货，待收货,1	,正常,2025-11-05 15:08:03,2025-11-06 15:08:03,,2025-11-05 20:29:26,	,225501370546	,【24年新品】600G升级版6年长效,1600502140541	,厨房电器,净水器/净水设备及配件耗材,净水器,	,6923185653684	,6923185616399	,	,	,无售后或售后取消,,2025-11-05 15:08:03,	,,,,,,,否,否,	,否,	,,559.0	,0.0	,0.0	,0.0	,0.0	,0.0	,0.0	,0.0	,559.0	,559.0	,JDV023878084201,京东大件物流,广东省,汕头市,龙湖区,,,否,否,	,	,	,否,	,	,	,	,	,	,	,	,	,	,	,	,否,否,	,否,否,,	,否,	,否,,,否
云米智能AI门锁3D指纹密码蓝牙可连大容量续航家用公寓自动安全,251105-662888855862174,未发货，退款成功,1	,正常,2025-11-05 15:01:12,2025-11-06 15:01:12,,	,	,743885774552	,"云米蓝调指纹密码锁LBT11C,黑色",1734954999916	,基础建材,智能门锁/电子锁,智能门锁/电子锁,	,6923185655381	,6923185655381	,聚水潭已取消发货  已退款  11.5,	,退款成功,,2025-11-05 15:01:12,	,,,,,,,否,否,	,否,	,,661.0	,0.0	,40.0	,70.0	,0.0	,0.0	,0.0	,0.0	,551.0	,621.0	,	,	,福建省,福州市,平潭县,,,否,否,	,	,	,否,	,	,	,	,	,	,	,	,	,	,	,	,否,否,	,否,否,,	,否,	,否,,,否
【重磅新品】云米净水器600G小海豚升级版厨下式RO反渗透直饮家用,251105-500967719343122,已取消,1	,正常,	,	,,	,	,225501370546	,【24年新品】600G升级版6年长效,1600502140541	,厨房电器,净水器/净水设备及配件耗材,净水器,	,6923185653684	,6923185616399	,	,	,无售后或售后取消,,	,	,,,,,,,否,否,	,否,	,,559.0	,0.0	,0.0	,0.0	,0.0	,0.0	,0.0	,0.0	,559.0	,559.0	,	,	,****,****,****,****,,否,否,	,	,	,否,	,	,	,	,	,	,	,	,	,	,	,	,否,否,	,否,	,,	,否,	,否,,,否
云米即热净水器厨房家用直饮RO反渗透加热净饮一体机1000G,251105-506221053523237,已取消,1	,正常,	,	,,	,	,364990106384	,即热直饮 1000G大通量,1455593712429	,厨房电器,净水器/净水设备及配件耗材,净水器,	,6923185651116	,6923185651116	,	,	,无售后或售后取消,,	,	,,,,,,,否,否,	,否,	,,1668.85	,0.0	,300.39	,166.88	,0.0	,0.0	,0.0	,0.0	,1201.58	,1368.46	,	,	,****,****,****,****,,否,否,	,	,	,否,	,	,	,	,	,	,	,	,	,	,	,	,否,否,	,否,	,,	,否,	,否,,,否
云米AI燃气热水器智控恒温防冻节能安全水质净化精准控温13L强排,251105-209589420353370,已发货，待收货,1	,正常,2025-11-05 14:44:36,2025-11-06 14:44:36,,2025-11-05 17:39:25,	,773161065181	,智控恒温燃气热水器,1755671371526	,大家电,热水器,燃气热水器,	,6923185655688	,6923185655688	,	,	,无售后或售后取消,,2025-11-05 14:44:36,	,,,,,,,否,否,	,否,	,,539.0	,0.0	,0.0	,0.0	,0.0	,0.0	,0.0	,0.0	,539.0	,539.0	,JDV023876548197,京东大件物流,江苏省,盐城市,阜宁县,,,否,否,	,	,	,否,	,	,	,	,	,	,	,	,	,	,	,	,否,否,	,否,否,,	,否,	,否,,,否
云米AI燃气热水器智控恒温防冻节能安全水质净化精准控温13L强排,251105-004079020353370,已取消,1	,正常,	,	,,	,	,773161065181	,智控恒温燃气热水器,1755671371526	,大家电,热水器,燃气热水器,	,6923185655688	,6923185655688	,	,	,无售后或售后取消,,	,	,,,,,,,否,否,	,否,	,,539.0	,0.0	,0.0	,0.0	,0.0	,0.0	,0.0	,0.0	,539.0	,539.0	,	,	,****,****,****,****,,否,否,	,	,	,否,	,	,	,	,	,	,	,	,	,	,	,	,否,否,	,否,	,,	,否,	,否,,,否
【母婴直饮】云米净水器 SE 600G+ 新升级厨下式RO反渗透直饮家用,251105-469332149833572,已取消,1	,正常,	,	,,	,	,819506595979	,【24年新品】600G升级版6年长效,1787046011387	,厨房电器,净水器/净水设备及配件耗材,净水器,	,6923185653684	,6923185616399	,	,	,无售后或售后取消,,	,	,,,,,,,否,否,	,否,	,,748.0	,0.0	,149.6	,0.0	,0.0	,0.0	,0.0	,0.0	,598.4	,598.4	,	,	,****,****,****,****,,否,否,	,	,	,否,	,	,	,	,	,	,	,	,	,	,	,	,否,否,	,否,	,,	,否,	,否,,,否
云米净水器滤芯小蓝调小海豚600G+专用复合滤芯RO反渗透滤芯过滤,251105-384334621103855,已发货，待收货,1	,正常,2025-11-05 14:40:20,2025-11-06 14:40:20,,2025-11-05 17:39:26,	,296967601341	,5in1复合滤芯 2年长效,1600193054565	,厨房电器,净水器/净水设备及配件耗材,净水器,	,6923185627425	,	,补差后返 到手价99,	,无售后或售后取消,,2025-11-05 14:40:20,	,,,,,,,否,否,	,否,	,,299.0	,0.0	,0.0	,0.0	,0.0	,0.0	,0.0	,0.0	,299.0	,299.0	,JDV023876542357,京东大件物流,上海市,上海市,嘉定区,,,否,否,	,	,	,否,	,	,	,	,	,	,	,	,	,	,	,	,否,否,	,否,否,,	,否,	,否,,,否
【重磅新品】云米净水器600G小海豚升级版厨下式RO反渗透直饮家用,251105-030817698223855,已发货，待收货,1	,正常,2025-11-05 14:38:39,2025-11-06 14:38:40,,2025-11-05 20:29:26,	,225501370546	,【24年新品】600G升级版6年长效,1600502140541	,厨房电器,净水器/净水设备及配件耗材,净水器,	,6923185653684	,6923185616399	,	,	,无售后或售后取消,,2025-11-05 14:38:40,	,,,,,,,否,否,	,否,	,,559.0	,0.0	,0.0	,0.0	,0.0	,0.0	,0.0	,0.0	,559.0	,559.0	,JDV023876527839,京东大件物流,上海市,上海市,嘉定区,,,否,否,	,	,	,否,	,	,	,	,	,	,	,	,	,	,	,	,否,否,	,否,否,,	,否,	,否,,,否
VIOMI云米净水器1000G厨下直饮小体积净水机RO机智显龙头3秒满杯,251105-017836316172448,已发货，待收货,1	,正常,2025-11-05 14:36:20,2025-11-06 14:36:21,,2025-11-05 20:29:26,	,842195971715	,1000G大通量RO净水器,1803617356458	,厨房电器,净水器/净水设备及配件耗材,净水器,	,6923185654247	,	,	,	,无售后或售后取消,,2025-11-05 14:36:21,	,,,,,,,否,否,	,否,	,,805.0	,0.0	,6.0	,95.88	,0.0	,0.0	,0.0	,0.0	,703.12	,799.0	,JDV023876526076,京东大件物流,四川省,宜宾市,叙州区,,,否,否,	,	,	,否,	,	,	,	,	,	,	,	,	,	,	,	,否,否,	,否,否,,	,否,	,否,,,否
云米净水器滤芯小蓝调小海豚600G+专用复合滤芯RO反渗透滤芯过滤,251105-313283059233698,已发货，待收货,1	,正常,2025-11-05 14:34:14,2025-11-06 14:34:15,,2025-11-05 20:29:27,	,296967601341	,5in1复合滤芯 2年长效,1600193054565	,厨房电器,净水器/净水设备及配件耗材,净水器,	,6923185627425	,	,	,	,无售后或售后取消,,2025-11-05 14:34:15,	,,,,,,,否,否,	,否,	,,299.0	,0.0	,0.0	,9.0	,0.0	,0.0	,0.0	,0.0	,290.0	,299.0	,JDV023876511730,京东大件物流,山西省,晋中市,昔阳县,,,否,否,	,	,	,否,	,	,	,	,	,	,	,	,	,	,	,	,否,否,	,否,否,,	,否,	,否,,,否
云米净水器滤芯家用小海豚小蓝调小白龙系列专用RO反渗透,251105-350528509533329,待发货,1	,正常,2025-11-06 00:03:12,2025-11-08 00:03:13,,	,	,232467205433	,5in1 复合滤芯,1647394585330	,厨房电器,净水器/净水设备及配件耗材,净水器,	,6923185627425	,	,	,	,无售后或售后取消,,2025-11-06 00:03:13,	,,,,,,,否,否,	,否,	,,149.0	,0.0	,0.0	,26.82	,0.0	,0.0	,0.0	,0.0	,122.18	,149.0	,	,	,广东省,深圳市,福田区,,,否,否,	,	,	,否,	,	,	,	,	,	,	,	,	,	,	,	,否,否,	,否,否,,	,否,	,否,,,否
Viomi云米净水器1000G厨下式RO反渗透直饮过滤器净饮小海豚2,251105-099908370721630,已取消,1	,正常,	,	,,	,	,205458105137	,小海豚2包安装1000G大加仑,1802849942800	,厨房电器,净水器/净水设备及配件耗材,净水器,	,6923185654865	,	,	,	,无售后或售后取消,,	,	,,,,,,,否,否,	,否,	,,999.0	,0.0	,100.0	,89.9	,0.0	,0.0	,0.0	,0.0	,809.1	,899.0	,	,	,****,****,****,****,,否,否,	,	,	,否,	,	,	,	,	,	,	,	,	,	,	,	,否,否,	,否,	,,	,否,	,否,,,否
【重磅新品】云米净水器600G小海豚升级版厨下式RO反渗透直饮家用,251105-469332149761424,已发货，待收货,1	,正常,2025-11-05 14:29:24,2025-11-06 14:29:24,,2025-11-05 20:29:26,	,225501370546	,【24年新品】600G升级版6年长效,1600502140541	,厨房电器,净水器/净水设备及配件耗材,净水器,	,6923185653684	,6923185616399	,	,	,无售后或售后取消,,2025-11-05 14:29:24,	,,,,,,,否,否,	,否,	,,559.0	,0.0	,0.0	,0.0	,0.2	,0.0	,0.0	,0.0	,559.0	,559.0	,JDV023876557233,京东大件物流,贵州省,贵阳市,南明区,,,否,否,	,	,	,否,	,	,	,	,	,	,	,	,	,	,	,	,否,否,	,否,否,,	,否,	,否,,,否
【重磅新品】云米净水器600G小海豚升级版厨下式RO反渗透直饮家用,251105-351954552400364,已取消,1	,正常,	,	,,	,	,225501370546	,【24年新品】600G升级版6年长效,1600502140541	,厨房电器,净水器/净水设备及配件耗材,净水器,	,6923185653684	,6923185616399	,	,	,无售后或售后取消,,	,	,,,,,,,否,否,	,否,	,,559.0	,0.0	,0.0	,50.0	,0.0	,0.0	,0.0	,0.0	,509.0	,559.0	,	,	,****,****,****,****,,否,否,	,	,	,否,	,	,	,	,	,	,	,	,	,	,	,	,否,否,	,否,	,,	,否,	,否,,,否
云米AI油烟机双腔大吸力Smart双腔一级能效23m³大风压智清洁节能,251105-124801595751630,待发货,1	,正常,2025-11-05 14:21:13,2025-11-06 14:21:13,,	,	,750412983827	,AI双腔强吸油烟机,1737582711971	,大家电,厨房大电,油烟机,	,6923185649229	,6923185649229	,	,	,无售后或售后取消,,2025-11-05 14:21:13,	,,,,,,,否,否,	,否,	,,799.0	,0.0	,0.0	,39.0	,15.0	,0.0	,0.0	,0.0	,760.0	,799.0	,	,	,江苏省,南通市,崇川区,,,否,否,	,	,	,否,	,	,	,	,	,	,	,	,	,	,	,	,否,否,	,否,否,,	,否,	,否,,,否
【重磅新品】云米净水器600G小海豚升级版厨下式RO反渗透直饮家用,251105-639075684713945,已发货，待收货,1	,正常,2025-11-05 14:08:12,2025-11-06 14:08:12,,2025-11-05 20:29:27,	,225501370546	,【24年新品】600G升级版6年长效,1600502140541	,厨房电器,净水器/净水设备及配件耗材,净水器,	,6923185653684	,6923185616399	,	,	,无售后或售后取消,,2025-11-05 14:08:12,	,,,,,,,否,否,	,否,	,,559.0	,0.0	,0.0	,55.9	,0.01	,0.0	,0.0	,0.0	,503.1	,559.0	,JDV023876530953,京东大件物流,安徽省,亳州市,谯城区,,,否,否,	,	,	,否,	,	,	,	,	,	,	,	,	,	,	,	,否,否,	,否,否,,	,否,	,否,,,否
【重磅新品】云米净水器600G小海豚升级版厨下式RO反渗透直饮家用,251105-249414295083215,已取消,1	,正常,	,	,,	,	,225501370546	,【24年新品】600G升级版6年长效,1600502140541	,厨房电器,净水器/净水设备及配件耗材,净水器,	,6923185653684	,6923185616399	,	,	,无售后或售后取消,,	,	,,,,,,,否,否,	,否,	,,559.0	,0.0	,0.0	,100.0	,0.0	,0.0	,0.0	,0.0	,459.0	,559.0	,	,	,****,****,****,****,,否,否,	,	,	,否,	,	,	,	,	,	,	,	,	,	,	,	,否,否,	,否,	,,	,否,	,否,,,否
【重磅新品】云米净水器600G小海豚升级版厨下式RO反渗透直饮家用,251105-078307725623382,已发货，待收货,1	,正常,2025-11-05 13:54:36,2025-11-06 13:54:36,,2025-11-05 20:29:27,	,225501370546	,【24年新品】600G升级版6年长效,1600502140541	,厨房电器,净水器/净水设备及配件耗材,净水器,	,6923185653684	,6923185616399	,	,	,无售后或售后取消,,2025-11-05 13:54:36,	,,,,,,,否,否,	,否,	,,559.0	,0.0	,0.0	,0.0	,0.0	,0.0	,0.0	,0.0	,559.0	,559.0	,JDV023876525518,京东大件物流,广东省,汕头市,龙湖区,,,否,否,	,	,	,否,	,	,	,	,	,	,	,	,	,	,	,	,否,否,	,否,否,,	,否,	,否,,,否
【重磅新品】云米净水器600G小海豚升级版厨下式RO反渗透直饮家用,251105-307620748870798,已发货，待收货,1	,正常,2025-11-05 13:47:37,2025-11-06 13:47:37,,2025-11-05 20:29:26,	,225501370546	,【24年新品】600G升级版6年长效,1600502140541	,厨房电器,净水器/净水设备及配件耗材,净水器,	,6923185653684	,6923185616399	,	,	,无售后或售后取消,,2025-11-05 13:47:37,	,,,,,,,否,否,	,否,	,,559.0	,0.0	,0.0	,0.0	,0.0	,0.0	,0.0	,0.0	,559.0	,559.0	,JDV023874664362,京东大件物流,河北省,秦皇岛市,海港区,,,否,否,	,	,	,否,	,	,	,	,	,	,	,	,	,	,	,	,否,否,	,否,否,,	,否,	,否,,,否
【重磅新品】云米净水器600G小海豚升级版厨下式RO反渗透直饮家用,251105-378798108163425,未发货，退款成功,1	,正常,2025-11-05 13:45:35,2025-11-06 13:45:35,,	,	,225501370546	,【24年新品】600G升级版6年长效,1600502140541	,厨房电器,净水器/净水设备及配件耗材,净水器,	,6923185653684	,6923185616399	,拦截	ZX2511050067013	 ,	,退款成功,,2025-11-05 13:45:35,	,,,,,,,否,否,	,否,	,,559.0	,0.0	,0.0	,0.0	,0.0	,0.0	,0.0	,0.0	,559.0	,559.0	,	,	,江苏省,淮安市,涟水县,,,否,否,	,	,	,否,	,	,	,	,	,	,	,	,	,	,	,	,否,否,	,否,否,,	,否,	,否,,,否
【重磅新品】云米净水器600G小海豚升级版厨下式RO反渗透直饮家用,251105-415645058671798,已发货，待收货,1	,正常,2025-11-05 13:44:31,2025-11-06 13:44:32,,2025-11-05 20:29:27,	,225501370546	,【24年新品】600G升级版6年长效,1600502140541	,厨房电器,净水器/净水设备及配件耗材,净水器,	,6923185653684	,6923185616399	,	,	,无售后或售后取消,,2025-11-05 13:44:32,	,,,,,,,否,否,	,否,	,,559.0	,0.0	,0.0	,0.0	,1.11	,0.0	,0.0	,0.0	,559.0	,559.0	,JDV023874431606,京东大件物流,山东省,临沂市,平邑县,,,否,否,	,	,	,否,	,	,	,	,	,	,	,	,	,	,	,	,否,否,	,否,否,,	,否,	,否,,,否
云米双腔大吸力手势控制智清洁油烟机聚能猛火灶安全烟灶联动套装,251105-247002580592147,已发货，待收货,1	,正常,2025-11-05 13:36:57,2025-11-06 13:36:58,,2025-11-05 20:29:25,	,818698470695	,"【烟灶套装】双腔劲吸烟机+5.0KW灶,液化气灶",1786567894378	,大家电,厨房大电,烟灶消套装,	,S2509151408001,	,	,	,无售后或售后取消,,2025-11-05 13:36:58,	,,,,,,,否,否,	,否,	,,1199.0	,0.0	,0.0	,20.0	,0.0	,0.0	,0.0	,0.0	,1179.0	,1199.0	,JDV023878340656,京东大件物流,江苏省,苏州市,张家港市,,,否,否,	,	,	,否,	,	,	,	,	,	,	,	,	,	,	,	,否,否,	,否,否,,	,否,	,否,,,否
【重磅新品】云米净水器600G小海豚升级版厨下式RO反渗透直饮家用,251105-451988702723425,已取消,1	,正常,	,	,,	,	,225501370546	,【24年新品】600G升级版6年长效,1600502140541	,厨房电器,净水器/净水设备及配件耗材,净水器,	,6923185653684	,6923185616399	,	,	,无售后或售后取消,,	,	,,,,,,,否,否,	,否,	,,559.0	,0.0	,0.0	,0.0	,0.0	,0.0	,0.0	,0.0	,559.0	,559.0	,	,	,****,****,****,****,,否,否,	,	,	,否,	,	,	,	,	,	,	,	,	,	,	,	,否,否,	,否,	,,	,否,	,否,,,否
云米AI燃气热水器 智控恒温防冻节能安全水质净化精准控温13L强排,251105-418801272432147,已发货，待收货,1	,正常,2025-11-05 13:35:37,2025-11-06 13:35:37,,2025-11-05 17:39:26,	,774960777953	,智控恒温燃气热水器,1756760299679	,大家电,热水器,燃气热水器,	,6923185655688	,6923185655688	,	,	,无售后或售后取消,,2025-11-05 13:35:37,	,,,,,,,否,否,	,否,	,,698.0	,0.0	,0.0	,0.0	,0.0	,0.0	,0.0	,0.0	,698.0	,698.0	,JDV023876562238,京东大件物流,江苏省,苏州市,张家港市,,,否,否,	,	,	,否,	,	,	,	,	,	,	,	,	,	,	,	,否,否,	,否,否,,	,否,	,否,,,否
【重磅新品】云米净水器600G小海豚升级版厨下式RO反渗透直饮家用,251105-662291136801970,已发货，待收货,1	,正常,2025-11-05 13:34:56,2025-11-06 13:34:56,,2025-11-05 20:29:26,	,225501370546	,【24年新品】600G升级版6年长效,1600502140541	,厨房电器,净水器/净水设备及配件耗材,净水器,	,6923185653684	,6923185616399	,	,	,无售后或售后取消,,2025-11-05 13:34:56,	,,,,,,,否,否,	,否,	,,559.0	,0.0	,0.0	,0.0	,0.0	,0.0	,0.0	,0.0	,559.0	,559.0	,JDV023876521198,京东大件物流,广东省,云浮市,云城区,,,否,否,	,	,	,否,	,	,	,	,	,	,	,	,	,	,	,	,否,否,	,否,是,3	,商家,否,	,否,,花呗分期,否
【冷热直饮套装】云米净水器家用厨下管线机套装一键即热制冷直饮,251105-292196258171302,待付款,1	,正常,	,	,,	,	,480070620581	,【冷热净水直饮套装】新品净水器+冷热管线机,1620106386127	,厨房电器,净水器/净水设备及配件耗材,净水器,	,S2407170910001,	,	,	,无售后或售后取消,,	,	,,,,,,,否,否,	,否,	,,1429.0	,0.0	,0.0	,50.0	,0.0	,0.0	,0.0	,0.0	,1379.0	,1429.0	,	,	,****,****,****,****,,否,否,	,	,	,否,	,	,	,	,	,	,	,	,	,	,	,	,否,否,	,否,	,,	,否,	,否,,,否
云米矿泉台式净饮机即热式饮水机直饮家用矿化加热一体机净水器,251105-256869742902506,已取消,1	,正常,	,	,,	,	,826920121377	,spuer2,1792670253677	,厨房电器,台式净饮机,台式净饮机,	,6923185615415	,6923185615415	,	,	,无售后或售后取消,,	,	,,,,,,,否,否,	,否,	,,1139.0	,0.0	,170.85	,0.0	,0.0	,0.0	,0.0	,0.0	,968.15	,968.15	,	,	,****,****,****,****,,否,否,	,	,	,否,	,	,	,	,	,	,	,	,	,	,	,	,否,否,	,否,	,,	,否,	,否,,,否
云米矿泉台式净饮机即热式饮水机直饮家用矿化加热一体机净水器,251105-365187602050876,已取消,1	,正常,	,	,,	,	,826920121377	,spuer2,1792670253677	,厨房电器,台式净饮机,台式净饮机,	,6923185615415	,6923185615415	,	,	,无售后或售后取消,,	,	,,,,,,,否,否,	,否,	,,1139.0	,0.0	,170.85	,0.0	,0.0	,0.0	,0.0	,0.0	,968.15	,968.15	,	,	,****,****,****,****,,否,否,	,	,	,否,	,	,	,	,	,	,	,	,	,	,	,	,否,否,	,否,	,,	,否,	,否,,,否
云米智能AI门锁3D指纹密码蓝牙可连大容量续航家用公寓自动安全,251105-206464684433858,已发货，待收货,1	,正常,2025-11-05 13:10:37,2025-11-06 13:10:37,,2025-11-05 20:29:26,	,743885774552	,"云米蓝调指纹密码锁LBT11C,黑色",1734954999916	,基础建材,智能门锁/电子锁,智能门锁/电子锁,	,6923185655381	,6923185655381	,	,	,无售后或售后取消,,2025-11-05 13:10:37,	,,,,,,,否,否,	,否,	,,661.0	,0.0	,40.0	,43.0	,1.15	,0.0	,0.0	,0.0	,578.0	,621.0	,JDV023876533087,京东大件物流,河南省,新乡市,原阳县,,,否,否,	,	,	,否,	,	,	,	,	,	,	,	,	,	,	,	,否,否,	,否,否,,	,否,	,否,,,否
云米智能AI门锁3D指纹密码蓝牙可连大容量续航家用公寓自动安全,251105-110310254993858,未发货，退款成功,1	,正常,2025-11-05 13:04:57,2025-11-06 13:04:57,,	,	,743885774552	,"云米蓝调指纹密码锁LBT11C,黑色",1734954999916	,基础建材,智能门锁/电子锁,智能门锁/电子锁,	,6923185655381	,6923185655381	,聚水潭已取消发货 已退款   叶11.5,	,退款成功,,2025-11-05 13:04:57,	,,,,,,,否,否,	,否,	,,661.0	,0.0	,40.0	,35.0	,1.17	,0.0	,0.0	,0.0	,586.0	,621.0	,	,	,河南省,新乡市,原阳县,,,否,否,	,	,	,否,	,	,	,	,	,	,	,	,	,	,	,	,否,否,	,否,否,,	,否,	,否,,,否
云米智能AI门锁3D指纹密码蓝牙可连大容量续航家用公寓自动安全,251105-267187700113858,已取消,1	,正常,	,	,,	,	,743885774552	,"云米蓝调指纹密码锁LBT11C,黑色",1734954999916	,基础建材,智能门锁/电子锁,智能门锁/电子锁,	,6923185655381	,6923185655381	,	,	,无售后或售后取消,,	,	,,,,,,,否,否,	,否,	,,661.0	,0.0	,40.0	,43.0	,0.0	,0.0	,0.0	,0.0	,578.0	,621.0	,	,	,****,****,****,****,,否,否,	,	,	,否,	,	,	,	,	,	,	,	,	,	,	,	,否,否,	,否,	,,	,否,	,否,,,否
云米智能AI门锁3D指纹密码蓝牙可连大容量续航家用公寓自动安全,251105-670711170661756,已发货，待收货,1	,正常,2025-11-05 12:57:42,2025-11-06 12:57:43,,2025-11-05 20:29:27,	,743885774552	,"云米蓝调指纹密码锁LBT11C,黑色",1734954999916	,基础建材,智能门锁/电子锁,智能门锁/电子锁,	,6923185655381	,6923185655381	,	,	,无售后或售后取消,,2025-11-05 12:57:43,	,,,,,,,否,否,	,否,	,,661.0	,0.0	,40.0	,70.0	,15.0	,0.0	,0.0	,0.0	,551.0	,621.0	,JDV023876525570,京东大件物流,黑龙江省,齐齐哈尔市,建华区,,,否,否,	,	,	,否,	,	,	,	,	,	,	,	,	,	,	,	,否,否,	,否,否,,	,否,	,否,,,否
【重磅新品】云米净水器600G小海豚升级版厨下式RO反渗透直饮家用,251105-655968202332546,已发货，待收货,1	,正常,2025-11-05 12:52:11,2025-11-06 12:52:11,,2025-11-05 20:29:27,	,225501370546	,【24年新品】600G升级版6年长效,1600502140541	,厨房电器,净水器/净水设备及配件耗材,净水器,	,6923185653684	,6923185616399	,	,	,无售后或售后取消,,2025-11-05 12:52:11,	,,,,,,,否,否,	,否,	,,559.0	,0.0	,0.0	,0.0	,16.0	,0.0	,0.0	,0.0	,559.0	,559.0	,JDV023876526948,京东大件物流,广东省,广州市,番禺区,,,否,否,	,	,	,否,	,	,	,	,	,	,	,	,	,	,	,	,否,否,	,否,是,3	,商家,否,	,否,,信用卡分期,否
云米全自动智能马桶2Pro一体座圈加热妇洗泡沫盾抗菌可冲洗带水箱,251105-377204304263056,已取消,2	,正常,	,	,,	,	,248791771968	,"400mm,【大冲力】多种冲洗模式",1752476543652	,家装主材,卫浴陶瓷,智能坐便器,	,6923185654582	,	,	,	,无售后或售后取消,,	,	,,,,,,,否,否,	,否,	,,4746.0	,0.0	,286.0	,446.0	,0.0	,0.0	,0.0	,0.0	,4014.0	,4460.0	,	,	,****,****,****,****,,否,否,	,	,	,否,	,	,	,	,	,	,	,	,	,	,	,	,否,否,	,否,	,,	,否,	,否,,,否
【重磅新品】云米净水器600G小海豚升级版厨下式RO反渗透直饮家用,251105-557800517212546,已发货，待收货,1	,正常,2025-11-05 12:50:35,2025-11-06 12:50:35,,2025-11-05 20:29:27,	,225501370546	,【24年新品】600G升级版6年长效,1600502140541	,厨房电器,净水器/净水设备及配件耗材,净水器,	,6923185653684	,6923185616399	,	,	,无售后或售后取消,,2025-11-05 12:50:35,	,,,,,,,否,否,	,否,	,,559.0	,0.0	,0.0	,0.0	,15.0	,0.0	,0.0	,0.0	,559.0	,559.0	,JDV023876511532,京东大件物流,广东省,广州市,番禺区,,,否,否,	,	,	,否,	,	,	,	,	,	,	,	,	,	,	,	,否,否,	,否,否,,	,否,	,否,,,否
【母婴直饮】云米净水器 SE 600G+ 新升级厨下式RO反渗透直饮家用,251105-608740329053061,待付款,1	,正常,	,	,,	,	,819506595979	,【24年新品】600G升级版6年长效,1787046011387	,厨房电器,净水器/净水设备及配件耗材,净水器,	,6923185653684	,6923185616399	,	,	,无售后或售后取消,,	,	,,,,,,,否,否,	,否,	,,748.0	,0.0	,149.6	,0.0	,0.0	,0.0	,0.0	,0.0	,598.4	,598.4	,	,	,****,****,****,****,,否,否,	,	,	,否,	,	,	,	,	,	,	,	,	,	,	,	,否,否,	,否,	,,	,否,	,否,,,否
【冷热直饮套装】云米净水器家用厨下管线机套装一键即热制冷直饮,251105-635709703821742,未发货，退款成功,1	,正常,2025-11-05 12:35:11,2025-11-06 12:35:11,,	,	,480070620581	,【净热直饮套装】新品净水器+制热管线机,1620106386126	,厨房电器,净水器/净水设备及配件耗材,净水器,	,S2405281401001,	,ZX2511050066965 催发==拦截ZX2511050067013	 ,	,退款成功,,2025-11-05 12:35:11,	,,,,,,,否,否,	,否,	,,1349.0	,0.0	,0.0	,80.0	,6.0	,0.0	,0.0	,0.0	,1269.0	,1349.0	,	,	,广东省,广州市,黄埔区,,,否,否,	,	,	,否,	,	,	,	,	,	,	,	,	,	,	,	,否,否,	,否,否,,	,否,	,否,,,否
云米AI燃气热水器智控恒温防冻节能安全水质净化精准控温13L强排,251105-032075978263793,已发货，待收货,1	,正常,2025-11-05 12:31:36,2025-11-06 12:31:37,,2025-11-05 15:44:58,	,773161065181	,智控恒温燃气热水器,1755671371526	,大家电,热水器,燃气热水器,	,6923185655688	,6923185655688	,	,	,无售后或售后取消,,2025-11-05 12:31:37,	,,,,,,,否,否,	,否,	,,539.0	,0.0	,0.0	,0.0	,0.0	,0.0	,0.0	,0.0	,539.0	,539.0	,JDV023870720501,京东大件物流,江苏省,镇江市,丹阳市,,,否,否,	,	,	,否,	,	,	,	,	,	,	,	,	,	,	,	,否,否,	,否,否,,	,否,	,否,,,否
【母婴直饮】云米净水器 SE 600G+ 新升级厨下式RO反渗透直饮家用,251105-081432419851189,待付款,1	,正常,	,	,,	,	,819506595979	,【24年新品】600G升级版6年长效,1787046011387	,厨房电器,净水器/净水设备及配件耗材,净水器,	,6923185653684	,6923185616399	,	,	,无售后或售后取消,,	,	,,,,,,,否,否,	,否,	,,748.0	,0.0	,129.6	,100.0	,0.0	,0.0	,0.0	,0.0	,518.4	,618.4	,	,	,****,****,****,****,,否,否,	,	,	,否,	,	,	,	,	,	,	,	,	,	,	,	,否,否,	,否,	,,	,否,	,否,,,否
云米即热净水器厨房家用直饮RO反渗透加热净饮一体机1000G,251105-310389041542723,已取消,1	,正常,	,	,,	,	,846360072018	,即热直饮 1000G大通量,1807240839093	,厨房电器,净水器/净水设备及配件耗材,净水器,	,6923185651116	,6923185651116	,	,	,无售后或售后取消,,	,	,,,,,,,否,否,	,否,	,,1498.0	,0.0	,0.0	,0.0	,0.0	,0.0	,0.0	,0.0	,1498.0	,1498.0	,	,	,****,****,****,****,,否,否,	,	,	,否,	,	,	,	,	,	,	,	,	,	,	,	,否,否,	,否,	,,	,否,	,否,,,否
【重磅新品】云米净水器600G小海豚升级版厨下式RO反渗透直饮家用,251105-056874842441840,已取消,1	,正常,	,	,,	,	,225501370546	,【24年新品】600G升级版6年长效,1600502140541	,厨房电器,净水器/净水设备及配件耗材,净水器,	,6923185653684	,6923185616399	,	,	,无售后或售后取消,,	,	,,,,,,,否,否,	,否,	,,559.0	,0.0	,0.0	,0.0	,0.0	,0.0	,0.0	,0.0	,559.0	,559.0	,	,	,****,****,****,****,,否,否,	,	,	,否,	,	,	,	,	,	,	,	,	,	,	,	,否,否,	,否,	,,	,否,	,否,,,否
【重磅新品】云米净水器600G小海豚升级版厨下式RO反渗透直饮家用,251105-309036378533511,已发货，待收货,1	,正常,2025-11-05 12:12:42,2025-11-06 12:12:43,,2025-11-05 20:29:27,	,225501370546	,【24年新品】600G升级版6年长效,1600502140541	,厨房电器,净水器/净水设备及配件耗材,净水器,	,6923185653684	,6923185616399	,ZX2511050066965 催发,	,无售后或售后取消,,2025-11-05 12:12:43,	,,,,,,,否,否,	,否,	,,559.0	,0.0	,0.0	,0.0	,0.0	,0.0	,0.0	,0.0	,559.0	,559.0	,JDV023873271586,京东大件物流,山东省,青岛市,胶州市,,,否,否,	,	,	,否,	,	,	,	,	,	,	,	,	,	,	,	,否,否,	,否,否,,	,否,	,否,,,否
【重磅新品】云米净水器600G小海豚升级版厨下式RO反渗透直饮家用,251105-547985856144031,已发货，待收货,1	,正常,2025-11-05 12:10:48,2025-11-06 12:10:48,,2025-11-05 20:29:27,	,225501370546	,【24年新品】600G升级版6年长效,1600502140541	,厨房电器,净水器/净水设备及配件耗材,净水器,	,6923185653684	,6923185616399	,ZX2511050066965 催发,	,无售后或售后取消,,2025-11-05 12:10:48,	,,,,,,,否,否,	,否,	,,559.0	,0.0	,0.0	,0.0	,0.2	,0.0	,0.0	,0.0	,559.0	,559.0	,JDV023873044453,京东大件物流,山东省,济宁市,嘉祥县,,,否,否,	,	,	,否,	,	,	,	,	,	,	,	,	,	,	,	,否,否,	,否,否,,	,否,	,否,,,否
Viomi云米净水器1000G厨下式RO反渗透直饮过滤器净饮小海豚2,251105-660990871093406,未发货，退款成功,1	,正常,2025-11-05 12:10:20,2025-11-06 12:10:20,,	,	,205458105137	,小海豚2包安装1000G大加仑,1802849942800	,厨房电器,净水器/净水设备及配件耗材,净水器,	,6923185654865	,	,聚水潭已取消发货 已退款   叶11.5,	,退款成功,,2025-11-05 12:10:20,	,,,,,,,否,否,	,否,	,,999.0	,0.0	,100.0	,100.0	,0.0	,0.0	,0.0	,0.0	,799.0	,899.0	,	,	,山东省,德州市,德城区,,,否,否,	,	,	,否,	,	,	,	,	,	,	,	,	,	,	,	,否,否,	,否,否,,	,否,	,否,,,否
云米即热净水器厨房家用直饮RO反渗透加热净饮一体机1000G,251105-233150923093575,已取消,1	,正常,	,	,,	,	,364990106384	,即热直饮 1000G大通量,1455593712429	,厨房电器,净水器/净水设备及配件耗材,净水器,	,6923185651116	,6923185651116	,	,	,无售后或售后取消,,	,	,,,,,,,否,否,	,否,	,,1668.85	,0.0	,333.77	,0.0	,0.0	,0.0	,0.0	,0.0	,1335.08	,1335.08	,	,	,****,****,****,****,,否,否,	,	,	,否,	,	,	,	,	,	,	,	,	,	,	,	,否,否,	,否,	,,	,否,	,否,,,否
云米净水器滤芯S2、Fast厨下1A400G600G 1号复合滤芯RO反渗透滤芯,251105-130002490963604,已发货，待收货,1	,正常,2025-11-05 11:52:22,2025-11-06 11:52:22,,2025-11-05 15:45:00,	,224216987554	,【2号】 RO反渗透600G,1734513752412	,厨房电器,净水器/净水设备及配件耗材,净水器,	,6923185614265	,	,	,	,无售后或售后取消,,2025-11-05 11:52:22,	,,,,,,,否,否,	,否,	,,599.0	,0.0	,0.0	,0.0	,0.0	,0.0	,0.0	,0.0	,599.0	,599.0	,JDV023871389082,京东大件物流,山西省,运城市,河津市,,,否,否,	,	,	,否,	,	,	,	,	,	,	,	,	,	,	,	,否,否,	,否,否,,	,否,	,否,,,否
【重磅新品】云米净水器600G小海豚升级版厨下式RO反渗透直饮家用,251105-020782856553955,已发货，待收货,1	,正常,2025-11-05 11:51:39,2025-11-06 11:51:40,,2025-11-05 15:44:58,	,225501370546	,【24年新品】600G升级版6年长效,1600502140541	,厨房电器,净水器/净水设备及配件耗材,净水器,	,6923185653684	,6923185616399	,	,	,无售后或售后取消,,2025-11-05 11:51:40,	,,,,,,,否,否,	,否,	,,559.0	,0.0	,0.0	,0.0	,1.11	,0.0	,0.0	,0.0	,559.0	,559.0	,JDV023871041540,京东大件物流,内蒙古自治区,呼和浩特市,托克托县,,,否,否,	,	,	,否,	,	,	,	,	,	,	,	,	,	,	,	,否,否,	,否,否,,	,否,	,否,,,否
云米净水器滤芯S2、Fast厨下1A400G600G 1号复合滤芯RO反渗透滤芯,251105-235195635283604,已发货，待收货,1	,正常,2025-11-05 11:51:34,2025-11-06 11:51:34,,2025-11-05 15:45:00,	,224216987554	,【1号】5in1复合滤芯,1441791890512	,厨房电器,净水器/净水设备及配件耗材,净水器,	,6923185614258	,	,	,	,无售后或售后取消,,2025-11-05 11:51:34,	,,,,,,,否,否,	,否,	,,156.0	,0.0	,0.0	,0.0	,0.0	,0.0	,0.0	,0.0	,156.0	,156.0	,JDV023869610242,京东大件物流,山西省,运城市,河津市,,,否,否,	,	,	,否,	,	,	,	,	,	,	,	,	,	,	,	,否,否,	,否,否,,	,否,	,否,,,否
【重磅新品】云米净水器600G小海豚升级版厨下式RO反渗透直饮家用,251105-641183332650884,待发货,1	,正常,2025-11-05 11:43:15,2026-02-04 11:43:15,,	,	,225501370546	,【24年新品】600G升级版6年长效,1600502140541	,厨房电器,净水器/净水设备及配件耗材,净水器,	,6923185653684	,6923185616399	,	,	,无售后或售后取消,,2025-11-05 11:43:15,	,,,,,,,否,否,	,否,	,,559.0	,0.0	,0.0	,0.0	,0.2	,0.0	,0.0	,0.0	,559.0	,559.0	,	,	,福建省,泉州市,晋江市,,,否,否,	,	,	,否,	,	,	,	,	,	,	,	,	,	,	,	,否,否,	,否,否,,	,否,	,否,,,否
【重磅新品】云米净水器600G小海豚升级版厨下式RO反渗透直饮家用,251105-285128835370884,未发货，退款成功,1	,正常,2025-11-05 11:38:49,2025-11-06 11:38:49,,	,	,225501370546	,【24年新品】600G升级版6年长效,1600502140541	,厨房电器,净水器/净水设备及配件耗材,净水器,	,6923185653684	,6923185616399	,聚水潭已取消发货，仅退款  诚11.5,	,退款成功,,2025-11-05 11:38:49,	,,,,,,,否,否,	,否,	,,559.0	,0.0	,0.0	,0.0	,0.2	,0.0	,0.0	,0.0	,559.0	,559.0	,	,	,福建省,泉州市,晋江市,,,否,否,	,	,	,否,	,	,	,	,	,	,	,	,	,	,	,	,否,否,	,否,否,,	,否,	,否,,,否
【重磅新品】云米净水器600G小海豚升级版厨下式RO反渗透直饮家用,251105-178069236040160,已发货，待收货,1	,正常,2025-11-05 11:38:31,2025-11-06 11:38:31,,2025-11-05 17:39:26,	,225501370546	,【24年新品】600G升级版6年长效,1600502140541	,厨房电器,净水器/净水设备及配件耗材,净水器,	,6923185653684	,6923185616399	,	,	,无售后或售后取消,,2025-11-05 11:38:31,	,,,,,,,否,否,	,否,	,,559.0	,0.0	,0.0	,0.0	,1.11	,0.0	,0.0	,0.0	,559.0	,559.0	,JDV023871419690,京东大件物流,广东省,广州市,越秀区,,,否,否,	,	,	,否,	,	,	,	,	,	,	,	,	,	,	,	,否,否,	,否,否,,	,否,	,否,,,否
【母婴直饮】云米净水器 SE 600G+ 新升级厨下式RO反渗透直饮家用,251105-230309282090980,未发货，退款成功,1	,正常,2025-11-05 11:34:44,2025-11-06 11:34:44,,	,	,819506595979	,【24年新品】600G升级版6年长效,1787046011387	,厨房电器,净水器/净水设备及配件耗材,净水器,	,6923185653684	,6923185616399	,聚水潭已取消发货，仅退款  诚11.5,	,退款成功,,2025-11-05 11:34:44,	,,,,,,,否,否,	,否,	,,748.0	,0.0	,145.6	,20.0	,0.0	,0.0	,0.0	,0.0	,582.4	,602.4	,	,	,江西省,南昌市,西湖区,,,否,否,	,	,	,否,	,	,	,	,	,	,	,	,	,	,	,	,否,否,	,否,否,,	,否,	,否,,,否
【重磅新品】云米净水器600G小海豚升级版厨下式RO反渗透直饮家用,251105-134857439573042,已取消,1	,正常,	,	,,	,	,225501370546	,【24年新品】600G升级版6年长效,1600502140541	,厨房电器,净水器/净水设备及配件耗材,净水器,	,6923185653684	,6923185616399	,	,	,无售后或售后取消,,	,	,,,,,,,否,否,	,否,	,,559.0	,0.0	,0.0	,0.0	,0.0	,0.0	,0.0	,0.0	,559.0	,559.0	,	,	,****,****,****,****,,否,否,	,	,	,否,	,	,	,	,	,	,	,	,	,	,	,	,否,否,	,否,	,,	,否,	,否,,,否
云米电热水器家用洗澡租房储水式速热抑菌节能省电卫生间40/60升,251105-343807168910607,已发货，待收货,1	,正常,2025-11-05 11:25:35,2025-11-06 11:25:35,,2025-11-05 13:58:39,	,227645754240	,"速热抑菌洗-40L,全国联保送货上门安装8年质保",1645458252843	,大家电,热水器,电热水器,	,6923185681281	,	,	,	,无售后或售后取消,,2025-11-05 11:25:35,	,,,,,,,否,否,	,否,	,,379.0	,0.0	,0.0	,0.0	,1.13	,0.0	,0.0	,0.0	,379.0	,379.0	,JDLD12889073263,京东大件物流,北京市,北京市,朝阳区,,,否,否,	,	,	,否,	,	,	,	,	,	,	,	,	,	,	,	,否,否,	,否,否,,	,否,	,否,,,否
云米净水器滤芯家用小海豚小蓝调小白龙系列专用RO反渗透,251105-276488569272833,已发货，待收货,1	,正常,2025-11-05 11:25:30,2025-11-07 11:25:31,,2025-11-05 17:39:26,	,232467205433	,5in1 复合滤芯,1647394585330	,厨房电器,净水器/净水设备及配件耗材,净水器,	,6923185627425	,	,	,	,无售后或售后取消,,2025-11-05 11:25:31,	,,,,,,,否,否,	,否,	,,149.0	,0.0	,0.0	,29.8	,0.0	,0.0	,0.0	,0.0	,119.2	,149.0	,JDV023876562202,京东大件物流,浙江省,温州市,平阳县,,,否,否,	,	,	,否,	,	,	,	,	,	,	,	,	,	,	,	,否,否,	,否,否,,	,否,	,否,,,否
云米净水器滤芯小蓝调小海豚600G+专用复合滤芯RO反渗透滤芯过滤,251105-662825899663387,已发货，待收货,1	,正常,2025-11-05 11:21:28,2025-11-06 11:21:28,,2025-11-05 15:45:00,	,296967601341	,5in1复合滤芯 2年长效,1600193054565	,厨房电器,净水器/净水设备及配件耗材,净水器,	,6923185627425	,	,到手价99 [viomi莉莉sk 11/05 11:59],	,无售后或售后取消,,2025-11-05 11:21:28,	,,,,,,,否,否,	,否,	,,299.0	,0.0	,0.0	,0.0	,0.0	,0.0	,0.0	,0.0	,299.0	,299.0	,JDV023871459740,京东大件物流,广东省,佛山市,顺德区,,,否,否,	,	,	,否,	,	,	,	,	,	,	,	,	,	,	,	,否,否,	,否,否,,	,否,	,否,,,否
【母婴直饮】云米净水器 SE 600G+ 新升级厨下式RO反渗透直饮家用,251105-067245186664059,未发货，退款成功,1	,正常,2025-11-05 11:19:57,2025-11-06 11:19:57,,	,	,819506595979	,【24年新品】600G升级版6年长效,1787046011387	,厨房电器,净水器/净水设备及配件耗材,净水器,	,6923185653684	,6923185616399	,聚水潭已取消发货，仅退款  诚11.5,	,退款成功,,2025-11-05 11:19:57,	,,,,,,,否,否,	,否,	,,748.0	,0.0	,0.0	,49.77	,9.11	,0.0	,0.0	,0.0	,698.23	,748.0	,	,	,江西省,上饶市,德兴市,,,否,否,	,	,	,否,	,	,	,	,	,	,	,	,	,	,	,	,否,否,	,否,否,,	,否,	,否,,,否
【重磅新品】云米净水器600G小海豚升级版厨下式RO反渗透直饮家用,251105-049220237673945,未发货，退款成功,1	,正常,2025-11-05 11:17:58,2025-11-06 11:17:58,,	,	,225501370546	,【24年新品】600G升级版6年长效,1600502140541	,厨房电器,净水器/净水设备及配件耗材,净水器,	,6923185653684	,6923185616399	,ZX2511050066877  拦截 11.5,	,退款成功,,2025-11-05 11:17:58,	,,,,,,,否,否,	,否,	,,559.0	,0.0	,0.0	,55.9	,1.82	,0.0	,0.0	,0.0	,503.1	,559.0	,	,	,安徽省,亳州市,谯城区,,,否,否,	,	,	,否,	,	,	,	,	,	,	,	,	,	,	,	,否,否,	,否,否,,	,否,	,否,,,否
云米顶侧双吸大吸力低噪油烟机猛火液化气聚能灶智能套装家用厨房,251105-192644442492552,未发货，退款成功,1	,正常,2025-11-05 11:15:12,2025-12-06 11:15:13,,	,	,674950510509	,【烟灶套装】顶侧双吸烟机+5.0KW灶（天）,1744061180430	,大家电,厨房大电,烟灶消套装,	,S2405071349001,S2501061036001,聚水潭已取消发货，仅退款  诚11.5,	,退款成功,,2025-11-05 11:15:13,	,,,,,,,否,否,	,否,	,,1079.0	,0.0	,0.0	,100.0	,0.0	,0.0	,0.0	,0.0	,979.0	,1079.0	,	,	,江苏省,徐州市,云龙区,,,否,否,	,	,	,否,	,	,	,	,	,	,	,	,	,	,	,	,否,否,	,否,否,,	,否,	,否,,,否
【重磅新品】云米净水器600G小海豚升级版厨下式RO反渗透直饮家用,251105-517336011050980,已发货，待收货,1	,正常,2025-11-05 11:14:58,2025-11-06 11:14:58,,2025-11-05 15:44:58,	,225501370546	,【24年新品】600G升级版6年长效,1600502140541	,厨房电器,净水器/净水设备及配件耗材,净水器,	,6923185653684	,6923185616399	,	,	,无售后或售后取消,,2025-11-05 11:14:58,	,,,,,,,否,否,	,否,	,,559.0	,0.0	,0.0	,0.0	,0.2	,0.0	,0.0	,0.0	,559.0	,559.0	,JDV023871402952,京东大件物流,江西省,南昌市,西湖区,,,否,否,	,	,	,否,	,	,	,	,	,	,	,	,	,	,	,	,否,否,	,否,否,,	,否,	,否,,,否
【重磅新品】云米净水器600G小海豚升级版厨下式RO反渗透直饮家用,251105-628002722083095,已取消,1	,正常,	,	,,	,	,225501370546	,【24年新品】600G升级版6年长效,1600502140541	,厨房电器,净水器/净水设备及配件耗材,净水器,	,6923185653684	,6923185616399	,	,	,无售后或售后取消,,	,	,,,,,,,否,否,	,否,	,,559.0	,0.0	,0.0	,55.9	,0.0	,0.0	,0.0	,0.0	,503.1	,559.0	,	,	,****,****,****,****,,否,否,	,	,	,否,	,	,	,	,	,	,	,	,	,	,	,	,否,否,	,否,	,,	,否,	,否,,,否
云米净水器滤芯小蓝调小海豚600G+专用复合滤芯RO反渗透滤芯过滤,251105-653577428503899,已发货，待收货,1	,正常,2025-11-05 11:01:21,2025-11-06 11:01:21,,2025-11-05 15:45:00,	,296967601341	,5in1复合滤芯 2年长效,1600193054565	,厨房电器,净水器/净水设备及配件耗材,净水器,	,6923185627425	,	,后返到手价99 [viomi华华 11/05 11:01],	,无售后或售后取消,,2025-11-05 11:01:21,	,,,,,,,否,否,	,否,	,,299.0	,0.0	,0.0	,0.0	,0.2	,0.0	,0.0	,0.0	,299.0	,299.0	,JDV023871478344,京东大件物流,湖南省,长沙市,岳麓区,,,否,否,	,	,	,否,	,	,	,	,	,	,	,	,	,	,	,	,否,否,	,否,否,,	,否,	,否,,,否
【重磅新品】云米净水器600G小海豚升级版厨下式RO反渗透直饮家用,251105-123354560931320,未发货，退款成功,1	,正常,2025-11-05 10:58:13,2025-11-06 10:58:13,,	,	,225501370546	,【24年新品】600G升级版6年长效,1600502140541	,厨房电器,净水器/净水设备及配件耗材,净水器,	,6923185653684	,6923185616399	,聚水潭已取消发货，仅退款  诚11.5,	,退款成功,,2025-11-05 10:58:13,	,,,,,,,否,否,	,否,	,,559.0	,0.0	,0.0	,55.9	,1.28	,0.0	,0.0	,0.0	,503.1	,559.0	,	,	,江西省,赣州市,上犹县,,,否,否,	,	,	,否,	,	,	,	,	,	,	,	,	,	,	,	,否,否,	,否,否,,	,否,	,否,,,否
云米小厨宝6L即热式厨房台下洗碗热水宝上出水储水式小型电热水器,251105-247264714264049,已发货，待收货,1	,正常,2025-11-05 10:55:16,2025-11-06 10:55:17,,2025-11-05 20:29:27,	,205451808289	,"热水即刻有6L,小厨宝",1752480784258	,大家电,热水器,电热水器,	,6923185611233	,6923185611233	,ZX2511050066965 催发,	,无售后或售后取消,,2025-11-05 10:55:17,	,,,,,,,否,否,	,否,	,,289.0	,0.0	,0.0	,14.45	,0.0	,0.0	,0.0	,0.0	,274.55	,289.0	,JDV023876555971,京东大件物流,云南省,曲靖市,麒麟区,,,否,否,	,	,	,否,	,	,	,	,	,	,	,	,	,	,	,	,否,否,	,否,否,,	,否,	,否,,,否
【重磅新品】云米净水器600G小海豚升级版厨下式RO反渗透直饮家用,251105-084074893750227,已取消,1	,正常,	,	,,	,	,225501370546	,【24年新品】600G升级版6年长效,1600502140541	,厨房电器,净水器/净水设备及配件耗材,净水器,	,6923185653684	,6923185616399	,	,	,无售后或售后取消,,	,	,,,,,,,否,否,	,否,	,,559.0	,0.0	,0.0	,0.0	,0.0	,0.0	,0.0	,0.0	,559.0	,559.0	,	,	,****,****,****,****,,否,否,	,	,	,否,	,	,	,	,	,	,	,	,	,	,	,	,否,否,	,否,	,,	,否,	,否,,,否
云米净水器滤芯小蓝调小海豚600G+专用复合滤芯RO反渗透滤芯过滤,251105-676153300583610,已发货，待收货,1	,正常,2025-11-05 10:47:26,2025-11-06 10:47:26,,2025-11-05 15:45:00,	,296967601341	,5in1复合滤芯 2年长效,1600193054565	,厨房电器,净水器/净水设备及配件耗材,净水器,	,6923185627425	,	,补差后返 到手价99,	,无售后或售后取消,,2025-11-05 10:47:26,	,,,,,,,否,否,	,否,	,,299.0	,0.0	,0.0	,0.0	,0.0	,0.0	,0.0	,0.0	,299.0	,299.0	,JDV023871383188,京东大件物流,海南省,海口市,龙华区,,,否,否,	,	,	,否,	,	,	,	,	,	,	,	,	,	,	,	,否,否,	,否,否,,	,否,	,否,,,否
【重磅新品】云米净水器600G小海豚升级版厨下式RO反渗透直饮家用,251105-392985321063610,已发货，待收货,1	,正常,2025-11-05 10:44:21,2025-11-06 10:44:21,,2025-11-05 15:44:58,	,225501370546	,【24年新品】600G升级版6年长效,1600502140541	,厨房电器,净水器/净水设备及配件耗材,净水器,	,6923185653684	,6923185616399	,	,	,无售后或售后取消,,2025-11-05 10:44:21,	,,,,,,,否,否,	,否,	,,559.0	,0.0	,0.0	,55.9	,0.0	,0.0	,0.0	,0.0	,503.1	,559.0	,JDV023871402853,京东大件物流,海南省,海口市,龙华区,,,否,否,	,	,	,否,	,	,	,	,	,	,	,	,	,	,	,	,否,否,	,否,否,,	,否,	,否,,,否
云米即热净水器厨房家用直饮RO反渗透加热净饮一体机1000G,251105-636150105651336,已发货，待收货,1	,正常,2025-11-05 10:40:11,2025-11-06 10:40:11,,2025-11-05 15:44:59,	,364990106384	,即热直饮 1000G大通量,1455593712429	,厨房电器,净水器/净水设备及配件耗材,净水器,	,6923185651116	,6923185651116	,	,	,无售后或售后取消,,2025-11-05 10:40:11,	,,,,,,,否,否,	,否,	,,1668.85	,0.0	,317.08	,83.44	,0.0	,0.0	,0.0	,0.0	,1268.33	,1351.77	,JDV023871478874,京东大件物流,辽宁省,葫芦岛市,连山区,,,否,否,	,	,	,否,	,	,	,	,	,	,	,	,	,	,	,	,否,否,	,否,否,,	,否,	,否,,,否
云米净水器滤芯小蓝调小海豚600G+专用复合滤芯RO反渗透滤芯过滤,251105-525661662803305,已发货，待收货,1	,正常,2025-11-05 10:39:56,2025-11-06 10:39:56,,2025-11-05 15:45:00,	,296967601341	,5in1复合滤芯 2年长效,1600193054565	,厨房电器,净水器/净水设备及配件耗材,净水器,	,6923185627425	,	,补差后返 到手价99,	,无售后或售后取消,,2025-11-05 10:39:56,	,,,,,,,否,否,	,否,	,,299.0	,0.0	,0.0	,0.0	,0.0	,0.0	,0.0	,0.0	,299.0	,299.0	,JDV023869159484,京东大件物流,浙江省,杭州市,拱墅区,,,否,否,	,	,	,否,	,	,	,	,	,	,	,	,	,	,	,	,否,否,	,否,否,,	,否,	,否,,,否
【重磅新品】云米净水器600G小海豚升级版厨下式RO反渗透直饮家用,251105-225936688680592,已取消,1	,正常,	,	,,	,	,225501370546	,【24年新品】600G升级版6年长效,1600502140541	,厨房电器,净水器/净水设备及配件耗材,净水器,	,6923185653684	,6923185616399	,	,	,无售后或售后取消,,	,	,,,,,,,否,否,	,否,	,,559.0	,0.0	,0.0	,0.0	,0.0	,0.0	,0.0	,0.0	,559.0	,559.0	,	,	,****,****,****,****,,否,否,	,	,	,否,	,	,	,	,	,	,	,	,	,	,	,	,否,否,	,否,	,,	,否,	,否,,,否
云米净水器滤芯小蓝调小海豚600G+专用复合滤芯RO反渗透滤芯过滤,251105-317582251632626,已发货，待收货,1	,正常,2025-11-05 10:32:19,2025-11-06 10:32:19,,2025-11-05 15:45:00,	,296967601341	,5in1复合滤芯 2年长效,1600193054565	,厨房电器,净水器/净水设备及配件耗材,净水器,	,6923185627425	,	,滤芯到手价99一根，限购两根（客服邀请下单时添加的备注） [viomi华华 11/05 10:39],	,无售后或售后取消,,2025-11-05 10:32:19,	,,,,,,,否,否,	,否,	,,299.0	,0.0	,0.0	,9.0	,0.0	,0.0	,0.0	,0.0	,290.0	,299.0	,JDV023871401881,京东大件物流,黑龙江省,黑河市,孙吴县,,,否,否,	,	,	,否,	,	,	,	,	,	,	,	,	,	,	,	,否,否,	,否,否,,	,否,	,否,,,否
云米即热净水器厨房家用直饮RO反渗透加热净饮一体机1000G,251105-443138741811336,未发货，退款成功,1	,正常,2025-11-05 10:38:21,2025-11-06 10:38:22,,	,	,364990106384	,即热直饮 1000G大通量,1455593712429	,厨房电器,净水器/净水设备及配件耗材,净水器,	,6923185651116	,6923185651116	,聚水潭已取消发货，仅退款  诚11.5,	,退款成功,,2025-11-05 10:38:22,	,,,,,,,否,否,	,否,	,,1668.85	,0.0	,317.08	,83.44	,0.0	,0.0	,0.0	,0.0	,1268.33	,1351.77	,	,	,辽宁省,葫芦岛市,连山区,,,否,否,	,	,	,否,	,	,	,	,	,	,	,	,	,	,	,	,否,否,	,否,否,,	,否,	,否,,,否
【重磅新品】云米净水器600G小海豚升级版厨下式RO反渗透直饮家用,251105-247600289363305,已发货，待收货,1	,正常,2025-11-05 10:30:55,2025-11-06 10:30:55,,2025-11-05 15:44:59,	,225501370546	,【24年新品】600G升级版6年长效,1600502140541	,厨房电器,净水器/净水设备及配件耗材,净水器,	,6923185653684	,6923185616399	,	,	,无售后或售后取消,,2025-11-05 10:30:55,	,,,,,,,否,否,	,否,	,,559.0	,0.0	,0.0	,0.0	,0.0	,0.0	,0.0	,0.0	,559.0	,559.0	,JDV023871431986,京东大件物流,浙江省,杭州市,拱墅区,,,否,否,	,	,	,否,	,	,	,	,	,	,	,	,	,	,	,	,否,否,	,否,否,,	,否,	,否,,,否
【重磅新品】云米净水器600G小海豚升级版厨下式RO反渗透直饮家用,251105-467906076282523,已发货，待收货,1	,正常,2025-11-05 10:27:56,2025-11-06 10:27:56,,2025-11-05 15:45:00,	,225501370546	,【24年新品】600G升级版6年长效,1600502140541	,厨房电器,净水器/净水设备及配件耗材,净水器,	,6923185653684	,6923185616399	,	,	,无售后或售后取消,,2025-11-05 10:27:56,	,,,,,,,否,否,	,否,	,,559.0	,0.0	,0.0	,6.7	,0.0	,0.0	,0.0	,0.0	,552.3	,559.0	,JDV023871427252,京东大件物流,新疆维吾尔自治区,阿克苏地区,阿克苏市,,,否,否,	,	,	,否,	,	,	,	,	,	,	,	,	,	,	,	,否,否,	,否,否,,	,否,	,否,,,否
【重磅新品】云米净水器600G小海豚升级版厨下式RO反渗透直饮家用,251105-251857497743916,已取消,1	,正常,	,	,,	,	,225501370546	,【24年新品】600G升级版6年长效,1600502140541	,厨房电器,净水器/净水设备及配件耗材,净水器,	,6923185653684	,6923185616399	,	,	,无售后或售后取消,,	,	,,,,,,,否,否,	,否,	,,559.0	,0.0	,0.0	,0.0	,0.0	,0.0	,0.0	,0.0	,559.0	,559.0	,	,	,****,****,****,****,,否,否,	,	,	,否,	,	,	,	,	,	,	,	,	,	,	,	,否,否,	,否,	,,	,否,	,否,,,否
【重磅新品】云米净水器600G小海豚升级版厨下式RO反渗透直饮家用,251105-124424056350328,已取消,1	,正常,	,	,,	,	,225501370546	,【24年新品】600G升级版6年长效,1600502140541	,厨房电器,净水器/净水设备及配件耗材,净水器,	,6923185653684	,6923185616399	,	,	,无售后或售后取消,,	,	,,,,,,,否,否,	,否,	,,559.0	,0.0	,0.0	,5.0	,0.0	,0.0	,0.0	,0.0	,554.0	,559.0	,	,	,****,****,****,****,,否,否,	,	,	,否,	,	,	,	,	,	,	,	,	,	,	,	,否,否,	,否,	,,	,否,	,否,,,否
【重磅新品】云米净水器600G小海豚升级版厨下式RO反渗透直饮家用,251105-163745646110328,已取消,1	,正常,	,	,,	,	,225501370546	,【24年新品】600G升级版6年长效,1600502140541	,厨房电器,净水器/净水设备及配件耗材,净水器,	,6923185653684	,6923185616399	,	,	,无售后或售后取消,,	,	,,,,,,,否,否,	,否,	,,559.0	,0.0	,0.0	,5.0	,0.0	,0.0	,0.0	,0.0	,554.0	,559.0	,	,	,****,****,****,****,,否,否,	,	,	,否,	,	,	,	,	,	,	,	,	,	,	,	,否,否,	,否,	,,	,否,	,否,,,否
云米净水器滤芯家用小海豚小蓝调小白龙系列专用RO反渗透,251105-337201108610370,已取消,1	,正常,	,	,,	,	,232467205433	,5in1 复合滤芯,1647394585330	,厨房电器,净水器/净水设备及配件耗材,净水器,	,6923185627425	,	,	,	,无售后或售后取消,,	,	,,,,,,,否,否,	,否,	,,149.0	,0.0	,0.0	,5.0	,0.0	,0.0	,0.0	,0.0	,144.0	,149.0	,	,	,****,****,****,****,,否,否,	,	,	,否,	,	,	,	,	,	,	,	,	,	,	,	,否,否,	,否,	,,	,否,	,否,,,否
【母婴直饮】云米净水器 SE 600G+ 新升级厨下式RO反渗透直饮家用,251105-276572434031833,已取消,1	,正常,	,	,,	,	,819506595979	,【24年新品】600G升级版6年长效,1787046011387	,厨房电器,净水器/净水设备及配件耗材,净水器,	,6923185653684	,6923185616399	,	,	,无售后或售后取消,,	,	,,,,,,,否,否,	,否,	,,748.0	,0.0	,0.0	,97.24	,0.0	,0.0	,0.0	,0.0	,650.76	,748.0	,	,	,****,****,****,****,,否,否,	,	,	,否,	,	,	,	,	,	,	,	,	,	,	,	,否,否,	,否,	,,	,否,	,否,,,否
云米小厨宝6L电热水器厨房卫生间出水恒温储水式小型速热神器加热,251105-453876160111833,已发货，待收货,1	,正常,2025-11-05 10:19:53,2025-11-06 10:19:53,,2025-11-05 15:45:00,	,208073193570	,热水即刻有-【6L】,1801828025682	,大家电,热水器,厨宝,	,6923185611233	,6923185611233	,	,	,无售后或售后取消,,2025-11-05 10:19:53,	,,,,,,,否,否,	,否,	,,280.0	,0.0	,0.0	,14.0	,0.0	,0.0	,0.0	,0.0	,266.0	,280.0	,JDV023871427010,京东大件物流,湖南省,郴州市,永兴县,,,否,否,	,	,	,否,	,	,	,	,	,	,	,	,	,	,	,	,否,否,	,否,否,,	,否,	,否,,,否
【重磅新品】云米净水器600G小海豚升级版厨下式RO反渗透直饮家用,251105-171022784112626,已发货，待收货,1	,正常,2025-11-05 10:21:07,2025-11-06 10:21:07,,2025-11-05 15:44:59,	,225501370546	,【24年新品】600G升级版6年长效,1600502140541	,厨房电器,净水器/净水设备及配件耗材,净水器,	,6923185653684	,6923185616399	,	,	,无售后或售后取消,,2025-11-05 10:21:07,	,,,,,,,否,否,	,否,	,,559.0	,0.0	,0.0	,0.0	,12.0	,0.0	,0.0	,0.0	,559.0	,559.0	,JDV023870306096,京东大件物流,黑龙江省,黑河市,孙吴县,,,否,否,	,	,	,否,	,	,	,	,	,	,	,	,	,	,	,	,否,否,	,否,否,,	,否,	,否,,,否
云米16即热零冷水燃气热水器智能低水压双调恒温防冻安全保护速热,251105-192413776263589,已取消,1	,正常,	,	,,	,	,216845252864	,云米即开即热16L零冷水热水器,1731415907130	,大家电,热水器,燃气热水器,	,6923185611226	,6923185611226	,	,	,无售后或售后取消,,	,	,,,,,,,否,否,	,否,	,,979.0	,0.0	,0.0	,40.0	,0.0	,0.0	,0.0	,0.0	,939.0	,979.0	,	,	,****,****,****,****,,否,否,	,	,	,否,	,	,	,	,	,	,	,	,	,	,	,	,否,否,	,否,	,,	,否,	,否,,,否
【重磅新品】云米净水器600G小海豚升级版厨下式RO反渗透直饮家用,251105-142228908462863,已发货，待收货,1	,正常,2025-11-05 10:15:31,2025-11-06 10:15:31,,2025-11-05 15:44:59,	,225501370546	,【24年新品】600G升级版6年长效,1600502140541	,厨房电器,净水器/净水设备及配件耗材,净水器,	,6923185653684	,6923185616399	,	,	,无售后或售后取消,,2025-11-05 10:15:31,	,,,,,,,否,否,	,否,	,,559.0	,0.0	,0.0	,55.9	,0.0	,0.0	,0.0	,0.0	,503.1	,559.0	,JDV023871402737,京东大件物流,湖南省,衡阳市,衡东县,,,否,否,	,	,	,否,	,	,	,	,	,	,	,	,	,	,	,	,否,否,	,否,否,,	,否,	,否,,,否
【重磅新品】云米净水器600G小海豚升级版厨下式RO反渗透直饮家用,251105-357019164190328,已取消,1	,正常,	,	,,	,	,225501370546	,【24年新品】600G升级版6年长效,1600502140541	,厨房电器,净水器/净水设备及配件耗材,净水器,	,6923185653684	,6923185616399	,	,	,无售后或售后取消,,	,	,,,,,,,否,否,	,否,	,,559.0	,0.0	,0.0	,5.0	,0.0	,0.0	,0.0	,0.0	,554.0	,559.0	,	,	,****,****,****,****,,否,否,	,	,	,否,	,	,	,	,	,	,	,	,	,	,	,	,否,否,	,否,	,,	,否,	,否,,,否
【重磅新品】云米净水器600G小海豚升级版厨下式RO反渗透直饮家用,251105-620138350232335,已发货，待收货,1	,正常,2025-11-05 10:07:27,2025-11-06 10:07:27,,2025-11-05 15:44:59,	,225501370546	,【24年新品】600G升级版6年长效,1600502140541	,厨房电器,净水器/净水设备及配件耗材,净水器,	,6923185653684	,6923185616399	,	,	,无售后或售后取消,,2025-11-05 10:07:27,	,,,,,,,否,否,	,否,	,,559.0	,0.0	,0.0	,3.0	,5.0	,0.0	,0.0	,0.0	,556.0	,559.0	,JDV023870267109,京东大件物流,辽宁省,朝阳市,双塔区,,,否,否,	,	,	,否,	,	,	,	,	,	,	,	,	,	,	,	,否,否,	,否,否,,	,否,	,否,,,否
云米矿泉台式净饮机即热式饮水机直饮家用矿化加热一体机净水器,251105-415078817321301,已发货，待收货,1	,正常,2025-11-05 09:50:01,2025-11-07 09:50:01,,2025-11-05 15:03:18,	,826920121377	,spuer2,1792670253677	,厨房电器,台式净饮机,台式净饮机,	,6923185615415	,6923185615415	,	,	,无售后或售后取消,,2025-11-05 09:50:01,	,,,,,,,否,否,	,否,	,,1139.0	,0.0	,161.25	,64.0	,0.0	,0.0	,0.0	,0.0	,913.75	,977.75	,JDV023871437071,京东大件物流,浙江省,杭州市,萧山区,,,否,否,	,	,	,否,	,	,	,	,	,	,	,	,	,	,	,	,否,否,	,否,否,,	,否,	,否,,,否
【重磅新品】云米净水器600G小海豚升级版厨下式RO反渗透直饮家用,251105-198589836911833,已取消,1	,正常,	,	,,	,	,225501370546	,【24年新品】600G升级版6年长效,1600502140541	,厨房电器,净水器/净水设备及配件耗材,净水器,	,6923185653684	,6923185616399	,	,	,无售后或售后取消,,	,	,,,,,,,否,否,	,否,	,,559.0	,0.0	,0.0	,0.0	,0.0	,0.0	,0.0	,0.0	,559.0	,559.0	,	,	,****,****,****,****,,否,否,	,	,	,否,	,	,	,	,	,	,	,	,	,	,	,	,否,否,	,否,	,,	,否,	,否,,,否
云米全自动智能门锁人脸猫眼密码指纹安全防撬大屏锁已接入米家AP,251105-320727959073456,已取消,1	,正常,	,	,,	,	,804409121514	,LBT16A【人脸猫眼】智能门锁,1778430742491	,基础建材,智能门锁/电子锁,智能门锁/电子锁,	,6923185652724	,	,	,	,无售后或售后取消,,	,	,,,,,,,否,否,	,否,	,,849.0	,0.0	,0.0	,0.0	,0.0	,0.0	,0.0	,0.0	,849.0	,849.0	,	,	,****,****,****,****,,否,否,	,	,	,否,	,	,	,	,	,	,	,	,	,	,	,	,否,否,	,否,	,,	,否,	,否,,,否
VIOMI云米净水器1000G厨下直饮小体积净水机RO机智显龙头3秒满杯,251105-468021440101926,已发货，待收货,1	,正常,2025-11-05 09:12:24,2025-11-06 09:12:24,,2025-11-05 15:03:18,	,842195971715	,1000G大通量RO净水器,1803617356458	,厨房电器,净水器/净水设备及配件耗材,净水器,	,6923185654247	,	,	,	,无售后或售后取消,,2025-11-05 09:12:24,	,,,,,,,否,否,	,否,	,,805.0	,0.0	,6.0	,0.0	,0.0	,0.0	,0.0	,0.0	,799.0	,799.0	,JDV023871399702,京东大件物流,上海市,上海市,奉贤区,,,否,否,	,	,	,否,	,	,	,	,	,	,	,	,	,	,	,	,否,否,	,否,否,,	,否,	,否,,,否
VIOMI云米净水器1000G厨下直饮小体积净水机RO机智显龙头3秒满杯,251105-279256809780890,待发货,1	,正常,2025-11-05 09:10:26,2025-12-06 09:10:26,,	,	,842195971715	,1000G大通量RO净水器,1803617356458	,厨房电器,净水器/净水设备及配件耗材,净水器,	,6923185654247	,	,延迟发货已登 [viomi莉莉sk 11/05 09:39],	,无售后或售后取消,,2025-11-05 09:10:26,	,,,,,,,否,否,	,否,	,,805.0	,0.0	,0.0	,80.5	,0.0	,0.0	,0.0	,0.0	,724.5	,805.0	,	,	,湖北省,武汉市,东西湖区,,,否,否,	,	,	,否,	,	,	,	,	,	,	,	,	,	,	,	,否,否,	,否,否,,	,否,	,否,,,否
云米净水器滤芯小蓝调小海豚600G+专用复合滤芯RO反渗透滤芯过滤,251105-562686860911471,已发货，待收货,1	,正常,2025-11-05 09:09:25,2025-11-06 09:09:25,,2025-11-05 15:03:19,	,296967601341	,5in1复合滤芯 2年长效,1600193054565	,厨房电器,净水器/净水设备及配件耗材,净水器,	,6923185627425	,	,到手价99元,	,无售后或售后取消,,2025-11-05 09:09:25,	,,,,,,,否,否,	,否,	,,299.0	,0.0	,0.0	,0.0	,0.0	,0.0	,0.0	,0.0	,299.0	,299.0	,JDV023871358007,京东大件物流,黑龙江省,齐齐哈尔市,建华区,,,否,否,	,	,	,否,	,	,	,	,	,	,	,	,	,	,	,	,否,否,	,否,否,,	,否,	,否,,,否
【冷热直饮套装】云米净水器家用厨下管线机套装一键即热制冷直饮,251105-571819988530744,已发货，待收货,1	,正常,2025-11-05 09:08:15,2025-11-06 09:08:15,,2025-11-05 15:03:18,	,480070620581	,【冷热净水直饮套装】新品净水器+冷热管线机,1620106386127	,厨房电器,净水器/净水设备及配件耗材,净水器,	,S2407170910001,	,	,	,无售后或售后取消,,2025-11-05 09:08:15,	,,,,,,,否,否,	,否,	,,1429.0	,0.0	,0.0	,100.0	,0.0	,0.0	,0.0	,0.0	,1329.0	,1429.0	,JDV023871380353,京东大件物流,湖南省,怀化市,通道侗族自治县,,,否,否,	,	,	,否,	,	,	,	,	,	,	,	,	,	,	,	,否,否,	,否,否,,	,否,	,否,,,否
【冷热直饮套装】云米净水器家用厨下管线机套装一键即热制冷直饮,251105-514001497650744,未发货，退款成功,1	,正常,2025-11-05 09:03:15,2025-11-06 09:03:15,,	,	,480070620581	,【冷热净水直饮套装】新品净水器+冷热管线机,1620106386127	,厨房电器,净水器/净水设备及配件耗材,净水器,	,S2407170910001,	,聚水潭已取消发货  已退款  11.5,	,退款成功,,2025-11-05 09:03:15,	,,,,,,,否,否,	,否,	,,1429.0	,0.0	,0.0	,100.0	,0.0	,0.0	,0.0	,0.0	,1329.0	,1429.0	,	,	,湖南省,怀化市,通道侗族自治县,,,否,否,	,	,	,否,	,	,	,	,	,	,	,	,	,	,	,	,否,否,	,否,否,,	,否,	,否,,,否
VIOMI云米净水器1000G厨下直饮小体积净水机RO机智显龙头3秒满杯,251105-124256336180890,待发货,1	,正常,2025-11-05 09:03:44,2025-12-06 09:03:44,,	,	,842195971715	,1000G大通量RO净水器,1803617356458	,厨房电器,净水器/净水设备及配件耗材,净水器,	,6923185654247	,	,延迟发货已登 [viomi莉莉sk 11/05 09:39],	,无售后或售后取消,,2025-11-05 09:03:44,	,,,,,,,否,否,	,否,	,,805.0	,0.0	,0.0	,50.0	,0.0	,0.0	,0.0	,0.0	,755.0	,805.0	,	,	,湖北省,武汉市,东西湖区,,,否,否,	,	,	,否,	,	,	,	,	,	,	,	,	,	,	,	,否,否,	,否,否,,	,否,	,否,,,否
【重磅新品】云米净水器600G小海豚升级版厨下式RO反渗透直饮家用,251105-090796203671928,已取消,1	,正常,	,	,,	,	,225501370546	,【24年新品】600G升级版6年长效,1600502140541	,厨房电器,净水器/净水设备及配件耗材,净水器,	,6923185653684	,6923185616399	,	,	,无售后或售后取消,,	,	,,,,,,,否,否,	,否,	,,559.0	,0.0	,0.0	,0.0	,0.0	,0.0	,0.0	,0.0	,559.0	,559.0	,	,	,****,****,****,****,,否,否,	,	,	,否,	,	,	,	,	,	,	,	,	,	,	,	,否,否,	,否,	,,	,否,	,否,,,否
云米全自动智能门锁人脸猫眼密码指纹安全防撬大屏锁已接入米家AP,251105-318976826913456,未发货，退款成功,1	,正常,2025-11-05 08:55:12,2025-11-06 08:55:12,,	,	,804409121514	,LBT16A【人脸猫眼】智能门锁,1778430742491	,基础建材,智能门锁/电子锁,智能门锁/电子锁,	,6923185652724	,	,聚水潭已取消发货  已退款  11.5,	,退款成功,,2025-11-05 08:55:12,	,,,,,,,否,否,	,否,	,,849.0	,0.0	,0.0	,0.0	,0.2	,0.0	,0.0	,0.0	,849.0	,849.0	,	,	,江苏省,南通市,崇川区,,,否,否,	,	,	,否,	,	,	,	,	,	,	,	,	,	,	,	,否,否,	,否,否,,	,否,	,否,,,否
VIOMI云米净水器1000G厨下直饮小体积净水机RO机智显龙头3秒满杯,251105-402653243791900,未发货，退款成功,1	,审核中，请勿发货,2025-11-05 08:48:06,2025-11-06 08:48:06,,	,	,842195971715	,1000G大通量RO净水器,1803617356458	,厨房电器,净水器/净水设备及配件耗材,净水器,	,6923185654247	,	,聚水潭已取消发货，仅退款  诚11.5,	,退款成功,,2025-11-05 08:48:06,	,,,,,,,否,否,	,否,	,,805.0	,0.0	,0.0	,80.5	,0.2	,0.0	,0.0	,0.0	,724.5	,805.0	,	,	,安徽省,合肥市,庐江县,,,否,否,	,	,	,否,	,	,	,	,	,	,	,	,	,	,	,	,否,否,	,否,	,,	,否,	,否,,,否
【重磅新品】云米净水器600G小海豚升级版厨下式RO反渗透直饮家用,251105-453267975794005,已发货，待收货,1	,正常,2025-11-05 08:39:45,2025-11-06 08:39:45,,2025-11-05 15:03:19,	,225501370546	,【24年新品】600G升级版6年长效,1600502140541	,厨房电器,净水器/净水设备及配件耗材,净水器,	,6923185653684	,6923185616399	,	,	,无售后或售后取消,,2025-11-05 08:39:45,	,,,,,,,否,否,	,否,	,,559.0	,0.0	,0.0	,0.0	,0.0	,0.0	,0.0	,0.0	,559.0	,559.0	,JDV023871477804,京东大件物流,浙江省,金华市,武义县,,,否,否,	,	,	,否,	,	,	,	,	,	,	,	,	,	,	,	,否,否,	,否,否,,	,否,	,否,,,否
云米净水器滤芯小蓝调小海豚600G+专用复合滤芯RO反渗透滤芯过滤,251105-235111760203360,已发货，待收货,1	,正常,2025-11-05 08:39:32,2025-11-06 08:39:32,,2025-11-05 15:03:19,	,296967601341	,5in1复合滤芯 2年长效,1600193054565	,厨房电器,净水器/净水设备及配件耗材,净水器,	,6923185627425	,	,到手价99元,	,无售后或售后取消,,2025-11-05 08:39:32,	,,,,,,,否,否,	,否,	,,299.0	,0.0	,0.0	,0.0	,0.0	,0.0	,0.0	,0.0	,299.0	,299.0	,JDV023871378040,京东大件物流,广东省,中山市,火炬开发区,,,否,否,	,	,	,否,	,	,	,	,	,	,	,	,	,	,	,	,否,否,	,否,否,,	,否,	,否,,,否
【重磅新品】云米净水器600G小海豚升级版厨下式RO反渗透直饮家用,251105-027179159883360,已发货，待收货,1	,正常,2025-11-05 08:36:49,2025-11-06 08:36:49,,2025-11-05 15:03:19,	,225501370546	,【24年新品】600G升级版6年长效,1600502140541	,厨房电器,净水器/净水设备及配件耗材,净水器,	,6923185653684	,6923185616399	,	,	,无售后或售后取消,,2025-11-05 08:36:49,	,,,,,,,否,否,	,否,	,,559.0	,0.0	,0.0	,0.0	,0.0	,0.0	,0.0	,0.0	,559.0	,559.0	,JDV023871408605,京东大件物流,广东省,中山市,火炬开发区,,,否,否,	,	,	,否,	,	,	,	,	,	,	,	,	,	,	,	,否,否,	,否,否,,	,否,	,否,,,否
云米蒸烤一体机厨房家用嵌入式蒸烤箱45L大蒸汽电烤箱VSO4501-B,251105-109838353951447,已发货，待收货,1	,正常,2025-11-05 08:25:33,2025-11-06 08:25:33,,2025-11-05 21:29:57,	,403868159413	,黑色45L 大容量,1262647022971	,大家电,全屋互联网智能电器,全屋互联网智能电器,	,6923185606314	,6923185606314	,ZX2511050066965 催发,	,无售后或售后取消,,2025-11-05 08:25:33,	,,,,,,,否,否,	,否,	,,1529.0	,0.0	,0.0	,0.0	,0.0	,0.0	,0.0	,0.0	,1529.0	,1529.0	,JDLD12888769719,京东大件物流,江苏省,宿迁市,宿城区,,,否,否,	,	,	,否,	,	,	,	,	,	,	,	,	,	,	,	,否,否,	,否,否,,	,否,	,否,,,否
【重磅新品】云米净水器600G小海豚升级版厨下式RO反渗透直饮家用,251105-679005438382373,已取消,1	,正常,	,	,,	,	,225501370546	,【24年新品】600G升级版6年长效,1600502140541	,厨房电器,净水器/净水设备及配件耗材,净水器,	,6923185653684	,6923185616399	,	,	,无售后或售后取消,,	,	,,,,,,,否,否,	,否,	,,559.0	,0.0	,0.0	,0.0	,0.0	,0.0	,0.0	,0.0	,559.0	,559.0	,	,	,****,****,****,****,,否,否,	,	,	,否,	,	,	,	,	,	,	,	,	,	,	,	,否,否,	,否,	,,	,否,	,否,,,否
【重磅新品】云米净水器600G小海豚升级版厨下式RO反渗透直饮家用,251105-546832454062373,已发货，待收货,1	,正常,2025-11-05 08:26:15,2025-11-06 08:26:15,,2025-11-05 15:03:19,	,225501370546	,【24年新品】600G升级版6年长效,1600502140541	,厨房电器,净水器/净水设备及配件耗材,净水器,	,6923185653684	,6923185616399	,	,	,无售后或售后取消,,2025-11-05 08:26:15,	,,,,,,,否,否,	,否,	,,559.0	,0.0	,0.0	,0.0	,0.0	,0.0	,0.0	,0.0	,559.0	,559.0	,JDV023871459166,京东大件物流,浙江省,舟山市,嵊泗县,,,否,否,	,	,	,否,	,	,	,	,	,	,	,	,	,	,	,	,否,否,	,否,否,,	,否,	,否,,,否
云米净水器滤芯家用小海豚小蓝调小白龙系列专用RO反渗透,251105-291189614990437,已发货，待收货,1	,正常,2025-11-05 08:15:50,2025-11-07 08:15:50,,2025-11-05 15:03:20,	,232467205433	,5in1 复合滤芯,1647394585330	,厨房电器,净水器/净水设备及配件耗材,净水器,	,6923185627425	,	,	,	,无售后或售后取消,,2025-11-05 08:15:50,	,,,,,,,否,否,	,否,	,,149.0	,0.0	,0.0	,0.0	,0.0	,0.0	,0.0	,0.0	,149.0	,149.0	,JDV023871417200,京东大件物流,吉林省,长春市,高新技术开发区,,,否,否,	,	,	,否,	,	,	,	,	,	,	,	,	,	,	,	,否,否,	,否,否,,	,否,	,否,,,否
【重磅新品】云米净水器600G小海豚升级版厨下式RO反渗透直饮家用,251105-458898850182080,已发货，待收货,1	,正常,2025-11-05 08:13:34,2025-11-06 08:13:35,,2025-11-05 15:03:19,	,225501370546	,【24年新品】600G升级版6年长效,1600502140541	,厨房电器,净水器/净水设备及配件耗材,净水器,	,6923185653684	,6923185616399	,	,	,无售后或售后取消,,2025-11-05 08:13:35,	,,,,,,,否,否,	,否,	,,559.0	,0.0	,0.0	,0.0	,1.11	,0.0	,0.0	,0.0	,559.0	,559.0	,JDV023867367989,京东大件物流,北京市,北京市,顺义区,,,否,否,	,	,	,否,	,	,	,	,	,	,	,	,	,	,	,	,否,否,	,否,否,,	,否,	,否,,,否
【重磅新品】云米净水器600G小海豚升级版厨下式RO反渗透直饮家用,251105-154832750160364,未发货，退款成功,1	,正常,2025-11-05 08:12:38,2025-11-06 08:12:39,,	,	,225501370546	,【24年新品】600G升级版6年长效,1600502140541	,厨房电器,净水器/净水设备及配件耗材,净水器,	,6923185653684	,6923185616399	,ZX2511050066864待拦截11.5诚,	,退款成功,,2025-11-05 08:12:39,	,,,,,,,否,否,	,否,	,,559.0	,0.0	,0.0	,55.9	,15.0	,0.0	,0.0	,0.0	,503.1	,559.0	,	,	,河南省,南阳市,西峡县,,,否,否,	,	,	,否,	,	,	,	,	,	,	,	,	,	,	,	,否,否,	,否,否,,	,否,	,否,,,否
【重磅新品】云米净水器600G小海豚升级版厨下式RO反渗透直饮家用,251105-245849136641131,已取消,1	,正常,	,	,,	,	,225501370546	,【24年新品】600G升级版6年长效,1600502140541	,厨房电器,净水器/净水设备及配件耗材,净水器,	,6923185653684	,6923185616399	,	,	,无售后或售后取消,,	,	,,,,,,,否,否,	,否,	,,559.0	,0.0	,0.0	,83.0	,0.0	,0.0	,0.0	,0.0	,476.0	,559.0	,	,	,****,****,****,****,,否,否,	,	,	,否,	,	,	,	,	,	,	,	,	,	,	,	,否,否,	,否,	,,	,否,	,否,,,否
【重磅新品】云米净水器600G小海豚升级版厨下式RO反渗透直饮家用,251105-509775715841131,未发货，退款成功,1	,正常,2025-11-05 08:09:35,2025-11-06 08:09:36,,	,	,225501370546	,【24年新品】600G升级版6年长效,1600502140541	,厨房电器,净水器/净水设备及配件耗材,净水器,	,6923185653684	,6923185616399	,聚水潭已取消发货  已退款  11.5,	,退款成功,,2025-11-05 08:09:36,	,,,,,,,否,否,	,否,	,,559.0	,0.0	,0.0	,83.0	,0.0	,0.0	,0.0	,0.0	,476.0	,559.0	,	,	,广东省,清远市,佛冈县,,,否,否,	,	,	,否,	,	,	,	,	,	,	,	,	,	,	,	,否,否,	,否,否,,	,否,	,否,,,否
云米全自动智能门锁人脸猫眼密码指纹安全防撬大屏锁已接入米家AP,251105-426508358072787,未发货，退款成功,1	,正常,2025-11-05 08:09:27,2025-11-06 08:09:27,,	,	,804409121514	,LBT16A【人脸猫眼】智能门锁,1778430742491	,基础建材,智能门锁/电子锁,智能门锁/电子锁,	,6923185652724	,	,聚水潭已取消发货  已退款  11.5,	,退款成功,,2025-11-05 08:09:27,	,,,,,,,否,否,	,否,	,,849.0	,0.0	,0.0	,76.41	,0.0	,0.0	,0.0	,0.0	,772.59	,849.0	,	,	,山东省,滨州市,无棣县,,,否,否,	,	,	,否,	,	,	,	,	,	,	,	,	,	,	,	,否,否,	,否,否,,	,否,	,否,,,否
【重磅新品】云米净水器600G小海豚升级版厨下式RO反渗透直饮家用,251105-532278187640781,已取消,1	,正常,	,	,,	,	,225501370546	,【24年新品】600G升级版6年长效,1600502140541	,厨房电器,净水器/净水设备及配件耗材,净水器,	,6923185653684	,6923185616399	,	,	,无售后或售后取消,,	,	,,,,,,,否,否,	,否,	,,559.0	,0.0	,0.0	,0.0	,0.0	,0.0	,0.0	,0.0	,559.0	,559.0	,	,	,****,****,****,****,,否,否,	,	,	,否,	,	,	,	,	,	,	,	,	,	,	,	,否,否,	,否,	,,	,否,	,否,,,否
云米顶侧双吸大吸力低噪油烟机猛火液化气聚能灶智能套装家用厨房,251105-670669217291594,已取消,1	,正常,	,	,,	,	,674950510509	,【烟灶套装】顶侧双吸烟机+5.0KW灶（天）,1744061180430	,大家电,厨房大电,烟灶消套装,	,S2405071349001,S2501061036001,	,	,无售后或售后取消,,	,	,,,,,,,否,否,	,否,	,,1079.0	,0.0	,0.0	,53.95	,0.0	,0.0	,0.0	,0.0	,1025.05	,1079.0	,	,	,****,****,****,****,,否,否,	,	,	,否,	,	,	,	,	,	,	,	,	,	,	,	,否,否,	,否,	,,	,否,	,否,,,否
【母婴直饮】云米净水器 SE 600G+ 新升级厨下式RO反渗透直饮家用,251105-051747253893381,已取消,1	,正常,	,	,,	,	,819506595979	,【24年新品】600G升级版6年长效,1787046011387	,厨房电器,净水器/净水设备及配件耗材,净水器,	,6923185653684	,6923185616399	,	,	,无售后或售后取消,,	,	,,,,,,,否,否,	,否,	,,748.0	,0.0	,129.6	,100.0	,0.0	,0.0	,0.0	,0.0	,518.4	,618.4	,	,	,****,****,****,****,,否,否,	,	,	,否,	,	,	,	,	,	,	,	,	,	,	,	,否,否,	,否,	,,	,否,	,否,,,否
【重磅新品】云米净水器600G小海豚升级版厨下式RO反渗透直饮家用,251105-633256098182080,未发货，退款成功,1	,正常,2025-11-05 07:52:28,2025-11-06 07:52:28,,	,	,225501370546	,【24年新品】600G升级版6年长效,1600502140541	,厨房电器,净水器/净水设备及配件耗材,净水器,	,6923185653684	,6923185616399	,聚水潭已取消发货  已退款  11.5,	,退款成功,,2025-11-05 07:52:28,	,,,,,,,否,否,	,否,	,,559.0	,0.0	,0.0	,0.0	,1.11	,0.0	,0.0	,0.0	,559.0	,559.0	,	,	,北京市,北京市,顺义区,,,否,否,	,	,	,否,	,	,	,	,	,	,	,	,	,	,	,	,否,否,	,否,否,,	,否,	,否,,,否
云米电热水器家用洗澡租房储水式速热抑菌节能省电卫生间40/60升,251105-371552500081400,已发货，待收货,1	,正常,2025-11-05 07:47:38,2025-11-06 07:47:38,,2025-11-05 13:58:18,	,227645754240	,"速热抑菌洗-40L,全国联保送货上门安装8年质保",1645458252843	,大家电,热水器,电热水器,	,6923185681281	,	,	,	,无售后或售后取消,,2025-11-05 07:47:38,	,,,,,,,否,否,	,否,	,,379.0	,0.0	,0.0	,18.95	,0.0	,0.0	,0.0	,0.0	,360.05	,379.0	,JDLD12888913019,京东大件物流,广西壮族自治区,百色市,隆林各族自治县,,,否,否,	,	,	,否,	,	,	,	,	,	,	,	,	,	,	,	,否,否,	,否,否,,	,否,	,否,,,否
云米智能洗碗机10套热风烘干消毒嵌入式洗烘存一体家用IronA1,251105-191553923363697,已发货，待收货,1	,正常,2025-11-05 07:18:33,2025-11-06 07:18:33,,2025-11-05 15:03:20,	,223485946991	,Iron A1消毒除菌洗碗机10套,1357746713795	,大家电,厨房大电,洗碗机,	,6923185616375	,6923185616375	,	,	,无售后或售后取消,,2025-11-05 07:18:33,	,,,,,,,否,否,	,否,	,,1559.0	,0.0	,0.0	,90.0	,0.0	,0.0	,0.0	,0.0	,1469.0	,1559.0	,JDV023871457977,京东大件物流,广东省,佛山市,顺德区,,,否,否,	,	,	,否,	,	,	,	,	,	,	,	,	,	,	,	,否,否,	,否,是,3	,商家,否,	,否,,花呗分期,否
云米智能洗碗机10套热风烘干消毒嵌入式洗烘存一体家用IronA1,251105-202280855843697,未发货，退款成功,1	,正常,2025-11-05 07:16:09,2025-11-06 07:16:09,,	,	,223485946991	,Iron A1消毒除菌洗碗机10套,1357746713795	,大家电,厨房大电,洗碗机,	,6923185616375	,6923185616375	,聚水潭已取消发货  已退款  11.5,	,退款成功,,2025-11-05 07:16:09,	,,,,,,,否,否,	,否,	,,1559.0	,0.0	,0.0	,90.0	,0.0	,0.0	,0.0	,0.0	,1469.0	,1559.0	,	,	,广东省,佛山市,顺德区,,,否,否,	,	,	,否,	,	,	,	,	,	,	,	,	,	,	,	,否,否,	,否,是,3	,商家,否,	,否,,花呗分期,否
【母婴直饮】云米净水器 SE 600G+ 新升级厨下式RO反渗透直饮家用,251105-671476683132183,已发货，待收货,1	,正常,2025-11-05 06:57:17,2025-11-06 06:57:17,,2025-11-05 11:23:27,	,819506595979	,【24年新品】600G升级版6年长效,1787046011387	,厨房电器,净水器/净水设备及配件耗材,净水器,	,6923185653684	,6923185616399	,	,	,无售后或售后取消,,2025-11-05 06:57:17,	,,,,,,,否,否,	,否,	,,748.0	,0.0	,141.6	,40.0	,0.0	,0.0	,0.0	,0.0	,566.4	,606.4	,JDV023864838406,京东大件物流,辽宁省,盘锦市,盘山县,,,否,否,	,	,	,否,	,	,	,	,	,	,	,	,	,	,	,	,否,否,	,否,否,,	,否,	,否,,,否
云米顶侧双吸大吸力低噪油烟机猛火液化气聚能灶智能套装家用厨房,251105-281301522000298,已发货，待收货,1	,正常,2025-11-05 06:55:32,2025-11-06 06:55:32,,2025-11-05 20:29:27,	,674950510509	,【烟灶套装】顶侧双吸烟机+5.0KW灶（天）,1744061180430	,大家电,厨房大电,烟灶消套装,	,S2405071349001,S2501061036001,ZX2511050066965 催发,	,无售后或售后取消,,2025-11-05 06:55:32,	,,,,,,,否,否,	,否,	,,1079.0	,0.0	,0.0	,100.0	,0.0	,0.0	,0.0	,0.0	,979.0	,1079.0	,JDV023876520271,京东大件物流,河北省,邢台市,襄都区,,,否,否,	,	,	,否,	,	,	,	,	,	,	,	,	,	,	,	,否,否,	,否,否,,	,否,	,否,,,否
【重磅新品】云米净水器600G小海豚升级版厨下式RO反渗透直饮家用,251105-071450048900919,已发货，待收货,1	,正常,2025-11-05 06:50:40,2025-11-06 06:50:41,,2025-11-05 13:56:19,	,225501370546	,【24年新品】600G升级版6年长效,1600502140541	,厨房电器,净水器/净水设备及配件耗材,净水器,	,6923185653684	,6923185616399	,	,	,无售后或售后取消,,2025-11-05 06:50:41,	,,,,,,,否,否,	,否,	,,559.0	,0.0	,0.0	,0.0	,0.0	,0.0	,0.0	,0.0	,559.0	,559.0	,JDV023865055406,京东大件物流,江苏省,淮安市,涟水县,,,否,否,	,	,	,否,	,	,	,	,	,	,	,	,	,	,	,	,否,否,	,否,否,,	,否,	,否,,,否
【母婴直饮】云米净水器 SE 600G+ 新升级厨下式RO反渗透直饮家用,251105-453918103122757,已取消,1	,正常,	,	,,	,	,819506595979	,【24年新品】600G升级版6年长效,1787046011387	,厨房电器,净水器/净水设备及配件耗材,净水器,	,6923185653684	,6923185616399	,	,	,无售后或售后取消,,	,	,,,,,,,否,否,	,否,	,,748.0	,0.0	,142.12	,37.4	,0.0	,0.0	,0.0	,0.0	,568.48	,605.88	,	,	,****,****,****,****,,否,否,	,	,	,否,	,	,	,	,	,	,	,	,	,	,	,	,否,否,	,否,	,,	,否,	,否,,,否
【母婴直饮】云米净水器 SE 600G+ 新升级厨下式RO反渗透直饮家用,251105-093260429743316,已取消,1	,正常,	,	,,	,	,819506595979	,【24年新品】600G升级版6年长效,1787046011387	,厨房电器,净水器/净水设备及配件耗材,净水器,	,6923185653684	,6923185616399	,	,	,无售后或售后取消,,	,	,,,,,,,否,否,	,否,	,,748.0	,0.0	,134.64	,74.8	,0.0	,0.0	,0.0	,0.0	,538.56	,613.36	,	,	,****,****,****,****,,否,否,	,	,	,否,	,	,	,	,	,	,	,	,	,	,	,	,否,否,	,否,	,,	,否,	,否,,,否
【重磅新品】云米净水器600G小海豚升级版厨下式RO反渗透直饮家用,251105-406742690172749,已发货，待收货,1	,正常,2025-11-05 06:25:53,2025-11-06 06:25:53,,2025-11-05 11:23:27,	,225501370546	,【24年新品】600G升级版6年长效,1600502140541	,厨房电器,净水器/净水设备及配件耗材,净水器,	,6923185653684	,6923185616399	,	,	,无售后或售后取消,,2025-11-05 06:25:53,	,,,,,,,否,否,	,否,	,,559.0	,0.0	,0.0	,0.0	,0.0	,0.0	,0.0	,0.0	,559.0	,559.0	,JDV023864367013,京东大件物流,辽宁省,大连市,甘井子区,,,否,否,	,	,	,否,	,	,	,	,	,	,	,	,	,	,	,	,否,否,	,否,否,,	,否,	,否,,,否
【母婴直饮】云米净水器 SE 600G+ 新升级厨下式RO反渗透直饮家用,251105-293024591361004,已取消,1	,正常,	,	,,	,	,819506595979	,【24年新品】600G升级版6年长效,1787046011387	,厨房电器,净水器/净水设备及配件耗材,净水器,	,6923185653684	,6923185616399	,	,	,无售后或售后取消,,	,	,,,,,,,否,否,	,否,	,,748.0	,0.0	,139.6	,50.0	,0.0	,0.0	,0.0	,0.0	,558.4	,608.4	,	,	,****,****,****,****,,否,否,	,	,	,否,	,	,	,	,	,	,	,	,	,	,	,	,否,否,	,否,	,,	,否,	,否,,,否
云米矿泉台式净饮机即热式饮水机直饮家用矿化加热一体机净水器,251105-007591760192443,已取消,1	,正常,	,	,,	,	,826920121377	,spuer2,1792670253677	,厨房电器,台式净饮机,台式净饮机,	,6923185615415	,6923185615415	,	,	,无售后或售后取消,,	,	,,,,,,,否,否,	,否,	,,1139.0	,0.0	,153.76	,113.9	,0.0	,0.0	,0.0	,0.0	,871.34	,985.24	,	,	,****,****,****,****,,否,否,	,	,	,否,	,	,	,	,	,	,	,	,	,	,	,	,否,否,	,否,	,,	,否,	,否,,,否
【重磅新品】云米净水器600G小海豚升级版厨下式RO反渗透直饮家用,251105-052743390821450,已发货，待收货,1	,正常,2025-11-05 05:55:06,2025-11-06 05:55:06,,2025-11-05 11:23:27,	,225501370546	,【24年新品】600G升级版6年长效,1600502140541	,厨房电器,净水器/净水设备及配件耗材,净水器,	,6923185653684	,6923185616399	,	,	,无售后或售后取消,,2025-11-05 05:55:06,	,,,,,,,否,否,	,否,	,,559.0	,0.0	,0.0	,55.9	,0.0	,0.0	,0.0	,0.0	,503.1	,559.0	,JDV023864420986,京东大件物流,北京市,北京市,房山区,,,否,否,	,	,	,否,	,	,	,	,	,	,	,	,	,	,	,	,否,否,	,否,是,3	,商家,否,	,否,,信用卡分期,否
【重磅新品】云米净水器600G小海豚升级版厨下式RO反渗透直饮家用,251105-386012321300370,已取消,1	,正常,	,	,,	,	,225501370546	,【24年新品】600G升级版6年长效,1600502140541	,厨房电器,净水器/净水设备及配件耗材,净水器,	,6923185653684	,6923185616399	,	,	,无售后或售后取消,,	,	,,,,,,,否,否,	,否,	,,559.0	,0.0	,0.0	,0.0	,0.0	,0.0	,0.0	,0.0	,559.0	,559.0	,	,	,****,****,****,****,,否,否,	,	,	,否,	,	,	,	,	,	,	,	,	,	,	,	,否,否,	,否,	,,	,否,	,否,,,否
【重磅新品】云米净水器600G小海豚升级版厨下式RO反渗透直饮家用,251105-103830045051614,已发货，待收货,1	,正常,2025-11-05 05:48:59,2025-11-06 05:48:59,,2025-11-05 11:23:27,	,225501370546	,【24年新品】600G升级版6年长效,1600502140541	,厨房电器,净水器/净水设备及配件耗材,净水器,	,6923185653684	,6923185616399	,	,	,无售后或售后取消,,2025-11-05 05:48:59,	,,,,,,,否,否,	,否,	,,559.0	,0.0	,0.0	,0.0	,5.0	,0.0	,0.0	,0.0	,559.0	,559.0	,JDV023864405883,京东大件物流,河南省,驻马店市,驿城区,,,否,否,	,	,	,否,	,	,	,	,	,	,	,	,	,	,	,	,否,否,	,否,否,,	,否,	,否,,,否
【母婴直饮】云米净水器 SE 600G+ 新升级厨下式RO反渗透直饮家用,251105-266264931970510,已发货，待收货,1	,正常,2025-11-05 05:28:41,2025-11-06 05:28:42,,2025-11-05 15:03:20,	,819506595979	,【24年新品】600G升级版6年长效,1787046011387	,厨房电器,净水器/净水设备及配件耗材,净水器,	,6923185653684	,6923185616399	,延迟发货已登待确认卡片 [viomi莉莉sk 11/05 14:34],	,无售后或售后取消,,2025-11-05 05:28:42,	,,,,,,,否,否,	,否,	,,748.0	,0.0	,129.6	,100.0	,0.0	,0.0	,0.0	,0.0	,518.4	,618.4	,JDV023871364576,京东大件物流,湖南省,长沙市,岳麓区,,,否,否,	,	,	,否,	,	,	,	,	,	,	,	,	,	,	,	,否,否,	,否,否,,	,否,	,否,,,否
云米AI燃气热水器智控恒温防冻节能安全水质净化精准控温13L强排,251105-325236825752403,已发货，待收货,3	,正常,2025-11-05 05:14:56,2025-11-06 05:14:56,,2025-11-05 13:56:20,	,773161065181	,智控恒温燃气热水器,1755671371526	,大家电,热水器,燃气热水器,	,6923185655688	,6923185655688	,	,	,无售后或售后取消,,2025-11-05 05:14:56,	,,,,,,,否,否,	,否,	,,1617.0	,0.0	,80.85	,0.0	,0.0	,0.0	,0.0	,0.0	,1536.15	,1536.15	,JDV023865045262,京东大件物流,湖北省,武汉市,江夏区,,,否,否,	,	,	,否,	,	,	,	,	,	,	,	,	,	,	,	,否,否,	,否,否,,	,否,	,否,,,否
云米AI燃气热水器智控恒温防冻节能安全水质净化精准控温13L强排,251105-531554639510015,已取消,1	,正常,	,	,,	,	,773161065181	,智控恒温燃气热水器,1755671371526	,大家电,热水器,燃气热水器,	,6923185655688	,6923185655688	,	,	,无售后或售后取消,,	,	,,,,,,,否,否,	,否,	,,539.0	,0.0	,0.0	,53.9	,0.0	,0.0	,0.0	,0.0	,485.1	,539.0	,	,	,****,****,****,****,,否,否,	,	,	,否,	,	,	,	,	,	,	,	,	,	,	,	,否,否,	,否,	,,	,否,	,否,,,否
【母婴直饮】云米净水器 SE 600G+ 新升级厨下式RO反渗透直饮家用,251105-651438333563015,未发货，退款成功,1	,正常,2025-11-05 02:57:58,2025-11-06 02:57:58,,	,	,819506595979	,【24年新品】600G升级版6年长效,1787046011387	,厨房电器,净水器/净水设备及配件耗材,净水器,	,6923185653684	,6923185616399	,聚水潭已取消发货  已退款  11.5,	,退款成功,,2025-11-05 02:57:58,	,,,,,,,否,否,	,否,	,,748.0	,0.0	,139.6	,50.0	,0.0	,0.0	,0.0	,0.0	,558.4	,608.4	,	,	,四川省,成都市,金牛区,,,否,否,	,	,	,否,	,	,	,	,	,	,	,	,	,	,	,	,否,否,	,否,否,,	,否,	,否,,,否
【母婴直饮】云米净水器 SE 600G+ 新升级厨下式RO反渗透直饮家用,251105-659407541883015,已取消,1	,正常,	,	,,	,	,819506595979	,【24年新品】600G升级版6年长效,1787046011387	,厨房电器,净水器/净水设备及配件耗材,净水器,	,6923185653684	,6923185616399	,	,	,无售后或售后取消,,	,	,,,,,,,否,否,	,否,	,,748.0	,0.0	,139.6	,50.0	,0.0	,0.0	,0.0	,0.0	,558.4	,608.4	,	,	,****,****,****,****,,否,否,	,	,	,否,	,	,	,	,	,	,	,	,	,	,	,	,否,否,	,否,	,,	,否,	,否,,,否
【母婴直饮】云米净水器 SE 600G+ 新升级厨下式RO反渗透直饮家用,251105-328089024900347,已取消,1	,正常,	,	,,	,	,819506595979	,【24年新品】600G升级版6年长效,1787046011387	,厨房电器,净水器/净水设备及配件耗材,净水器,	,6923185653684	,6923185616399	,	,	,无售后或售后取消,,	,	,,,,,,,否,否,	,否,	,,748.0	,0.0	,117.6	,160.0	,0.0	,0.0	,0.0	,0.0	,470.4	,630.4	,	,	,****,****,****,****,,否,否,	,	,	,否,	,	,	,	,	,	,	,	,	,	,	,	,否,否,	,否,	,,	,否,	,否,,,否
云米AI燃气热水器智控恒温防冻节能安全水质净化精准控温13L强排,251105-128513534280383,已取消,1	,正常,	,	,,	,	,773161065181	,智控恒温燃气热水器,1755671371526	,大家电,热水器,燃气热水器,	,6923185655688	,6923185655688	,	,	,无售后或售后取消,,	,	,,,,,,,否,否,	,否,	,,539.0	,0.0	,0.0	,53.9	,0.0	,0.0	,0.0	,0.0	,485.1	,539.0	,	,	,****,****,****,****,,否,否,	,	,	,否,	,	,	,	,	,	,	,	,	,	,	,	,否,否,	,否,	,,	,否,	,否,,,否
【重磅新品】云米净水器600G小海豚升级版厨下式RO反渗透直饮家用,251105-639138578820347,已取消,1	,正常,	,	,,	,	,225501370546	,【24年新品】600G升级版6年长效,1600502140541	,厨房电器,净水器/净水设备及配件耗材,净水器,	,6923185653684	,6923185616399	,	,	,无售后或售后取消,,	,	,,,,,,,否,否,	,否,	,,559.0	,0.0	,0.0	,100.0	,0.0	,0.0	,0.0	,0.0	,459.0	,559.0	,	,	,****,****,****,****,,否,否,	,	,	,否,	,	,	,	,	,	,	,	,	,	,	,	,否,否,	,否,	,,	,否,	,否,,,否
【重磅新品】云米净水器600G小海豚升级版厨下式RO反渗透直饮家用,251105-434917947780347,已取消,1	,正常,	,	,,	,	,225501370546	,【24年新品】600G升级版6年长效,1600502140541	,厨房电器,净水器/净水设备及配件耗材,净水器,	,6923185653684	,6923185616399	,	,	,无售后或售后取消,,	,	,,,,,,,否,否,	,否,	,,559.0	,0.0	,0.0	,160.0	,0.0	,0.0	,0.0	,0.0	,399.0	,559.0	,	,	,****,****,****,****,,否,否,	,	,	,否,	,	,	,	,	,	,	,	,	,	,	,	,否,否,	,否,	,,	,否,	,否,,,否
【母婴直饮】云米净水器 SE 600G+ 新升级厨下式RO反渗透直饮家用,251105-682256012923015,已发货，待收货,1	,正常,2025-11-05 01:03:04,2025-11-06 01:03:05,,2025-11-05 15:03:19,	,819506595979	,【24年新品】600G升级版6年长效,1787046011387	,厨房电器,净水器/净水设备及配件耗材,净水器,	,6923185653684	,6923185616399	,	,	,无售后或售后取消,,2025-11-05 01:03:05,	,,,,,,,否,否,	,否,	,,748.0	,0.0	,139.2	,52.0	,0.0	,0.0	,0.0	,0.0	,556.8	,608.8	,JDV023871458094,京东大件物流,四川省,成都市,金牛区,,,否,否,	,	,	,否,	,	,	,	,	,	,	,	,	,	,	,	,否,否,	,否,否,,	,否,	,否,,,否
云米水槽下水器垃圾处理器粉碎机下水道厨余搅碎机抑菌厨房家用,251105-207209163120933,已发货，待收货,1	,正常,2025-11-05 00:57:03,2025-11-06 00:57:03,,2025-11-05 20:29:28,	,826132418811	,【智能】厨余垃圾处理器,1791634668325	,厨房电器,食物垃圾处理机,食物垃圾处理机,	,6923185610250	,6923185610250	,库存不足 6号到货,	,无售后或售后取消,,2025-11-05 00:57:03,	,,,,,,,否,否,	,否,	,,889.0	,0.0	,0.0	,50.0	,0.0	,0.0	,0.0	,0.0	,839.0	,889.0	,JDV023876521764,京东大件物流,四川省,成都市,成华区,,,否,否,	,	,	,否,	,	,	,	,	,	,	,	,	,	,	,	,否,否,	,否,否,,	,否,	,否,,,否
【重磅新品】云米净水器600G小海豚升级版厨下式RO反渗透直饮家用,251105-142784632332956,已发货，待收货,1	,正常,2025-11-05 00:30:05,2025-11-06 00:30:05,,2025-11-05 15:03:19,	,225501370546	,【24年新品】600G升级版6年长效,1600502140541	,厨房电器,净水器/净水设备及配件耗材,净水器,	,6923185653684	,6923185616399	,	,	,无售后或售后取消,,2025-11-05 00:30:05,	,,,,,,,否,否,	,否,	,,559.0	,0.0	,0.0	,0.0	,5.0	,0.0	,0.0	,0.0	,559.0	,559.0	,JDV023871412393,京东大件物流,陕西省,铜川市,印台区,,,否,否,	,	,	,否,	,	,	,	,	,	,	,	,	,	,	,	,否,否,	,否,否,,	,否,	,否,,,否
【母婴直饮】云米净水器 SE 600G+ 新升级厨下式RO反渗透直饮家用,251105-299746015590977,已发货，待收货,1	,正常,2025-11-05 00:29:26,2025-11-06 00:29:26,,2025-11-05 15:03:20,	,819506595979	,【24年新品】600G升级版6年长效,1787046011387	,厨房电器,净水器/净水设备及配件耗材,净水器,	,6923185653684	,6923185616399	,	,	,无售后或售后取消,,2025-11-05 00:29:26,	,,,,,,,否,否,	,否,	,,748.0	,0.0	,133.14	,82.28	,0.0	,0.0	,0.0	,0.0	,532.58	,614.86	,JDV023871368382,京东大件物流,福建省,漳州市,漳浦县,,,否,否,	,	,	,否,	,	,	,	,	,	,	,	,	,	,	,	,否,否,	,否,否,,	,否,	,否,,,否
云米智能电热水器小蓝调节能变频速热家用浴室洗澡抑菌50L/60L,251105-023247010082471,已发货，待收货,1	,正常,2025-11-05 00:29:19,2025-11-06 00:29:19,,2025-11-05 15:03:19,	,434684719975	,安全保护8倍增容大水量50L,1733881750461	,大家电,热水器,电热水器,	,6923185649076	,	,	,	,无售后或售后取消,,2025-11-05 00:29:19,	,,,,,,,否,否,	,否,	,,599.0	,0.0	,0.0	,29.95	,0.0	,0.0	,0.0	,0.0	,569.05	,599.0	,JDV023871412996,京东大件物流,广东省,深圳市,宝安区,,,否,否,	,	,	,否,	,	,	,	,	,	,	,	,	,	,	,	,否,否,	,否,否,,	,否,	,否,,,否
云米AI燃气热水器智控恒温防冻节能安全水质净化精准控温13L强排,251105-578352648520404,已取消,1	,正常,	,	,,	,	,773161065181	,智控恒温燃气热水器,1755671371526	,大家电,热水器,燃气热水器,	,6923185655688	,6923185655688	,	,	,无售后或售后取消,,	,	,,,,,,,否,否,	,否,	,,539.0	,0.0	,0.0	,53.9	,0.0	,0.0	,0.0	,0.0	,485.1	,539.0	,	,	,****,****,****,****,,否,否,	,	,	,否,	,	,	,	,	,	,	,	,	,	,	,	,否,否,	,否,	,,	,否,	,否,,,否
【重磅新品】云米净水器600G小海豚升级版厨下式RO反渗透直饮家用,251105-507038932552710,已发货，待收货,1	,正常,2025-11-05 00:23:08,2025-11-06 00:23:08,,2025-11-05 11:23:28,	,225501370546	,【24年新品】600G升级版6年长效,1600502140541	,厨房电器,净水器/净水设备及配件耗材,净水器,	,6923185653684	,6923185616399	,	,	,无售后或售后取消,,2025-11-05 00:23:08,	,,,,,,,否,否,	,否,	,,559.0	,0.0	,0.0	,55.9	,0.0	,0.0	,0.0	,0.0	,503.1	,559.0	,JDV023864420994,京东大件物流,河北省,石家庄市,桥西区,,,否,否,	,	,	,否,	,	,	,	,	,	,	,	,	,	,	,	,否,否,	,否,否,,	,否,	,否,,,否
云米净水器滤芯家用小海豚小蓝调小白龙系列专用RO反渗透,251105-441429542402080,已发货，待收货,1	,正常,2025-11-05 00:20:25,2025-11-07 00:20:25,,2025-11-05 09:35:33,	,232467205433	,5in1 复合滤芯,1647394585330	,厨房电器,净水器/净水设备及配件耗材,净水器,	,6923185627425	,	,	,	,无售后或售后取消,,2025-11-05 00:20:25,	,,,,,,,否,否,	,否,	,,149.0	,0.0	,0.0	,0.0	,0.0	,0.0	,0.0	,0.0	,149.0	,149.0	,JDV023863803343,京东大件物流,广东省,佛山市,南海区,,,否,否,	,	,	,否,	,	,	,	,	,	,	,	,	,	,	,	,否,否,	,否,否,,	,否,	,否,,,否
云米净水器滤芯家用小海豚小蓝调小白龙系列专用RO反渗透,251105-577104780802080,已取消,1	,正常,	,	,,	,	,232467205433	,5in1 复合滤芯,1647394585330	,厨房电器,净水器/净水设备及配件耗材,净水器,	,6923185627425	,	,	,	,无售后或售后取消,,	,	,,,,,,,否,否,	,否,	,,149.0	,0.0	,0.0	,0.0	,0.0	,0.0	,0.0	,0.0	,149.0	,149.0	,	,	,****,****,****,****,,否,否,	,	,	,否,	,	,	,	,	,	,	,	,	,	,	,	,否,否,	,否,	,,	,否,	,否,,,否
云米AI燃气热水器智控恒温防冻节能安全水质净化精准控温13L强排,251105-507521287730659,未发货，退款成功,1	,正常,2025-11-05 00:09:11,2025-11-06 00:09:11,,	,	,773161065181	,智控恒温燃气热水器,1755671371526	,大家电,热水器,燃气热水器,	,6923185655688	,6923185655688	,聚水潭已取消发货  已退款  11.5,	,退款成功,,2025-11-05 00:09:11,	,,,,,,,否,否,	,否,	,,539.0	,0.0	,0.0	,26.95	,0.0	,0.0	,0.0	,0.0	,512.05	,539.0	,	,	,广东省,佛山市,顺德区,,,否,否,	,	,	,否,	,	,	,	,	,	,	,	,	,	,	,	,否,否,	,否,否,,	,否,	,否,,,否
【重磅新品】云米净水器600G小海豚升级版厨下式RO反渗透直饮家用,251105-176800427652869,已发货，待收货,1	,正常,2025-11-05 00:07:54,2025-11-06 00:07:54,,2025-11-05 11:47:05,	,225501370546	,【24年新品】600G升级版6年长效,1600502140541	,厨房电器,净水器/净水设备及配件耗材,净水器,	,6923185653684	,6923185616399	,	,	,无售后或售后取消,,2025-11-05 00:07:54,	,,,,,,,否,否,	,否,	,,559.0	,0.0	,0.0	,55.9	,0.0	,0.0	,0.0	,0.0	,503.1	,559.0	,JDV023864938179,京东大件物流,河南省,信阳市,光山县,,,否,否,	,	,	,否,	,	,	,	,	,	,	,	,	,	,	,	,否,否,	,否,否,,	,否,	,否,,,否
【重磅新品】云米净水器600G小海豚升级版厨下式RO反渗透直饮家用,251105-377634168353723,已取消,1	,正常,	,	,,	,	,225501370546	,【24年新品】600G升级版6年长效,1600502140541	,厨房电器,净水器/净水设备及配件耗材,净水器,	,6923185653684	,6923185616399	,	,	,无售后或售后取消,,	,	,,,,,,,否,否,	,否,	,,559.0	,0.0	,0.0	,0.0	,0.0	,0.0	,0.0	,0.0	,559.0	,559.0	,	,	,****,****,****,****,,否,否,	,	,	,否,	,	,	,	,	,	,	,	,	,	,	,	,否,否,	,否,	,,	,否,	,否,,,否