商品,订单号,订单状态,商品数量(件),是否审核中,支付时间,承诺发货时间,承诺送达时间,发货时间,确认收货时间,商品id,商品规格,样式ID,商品一级类目,商品二级类目,商品三级类目,商品四级类目,商家编码-规格维度,商家编码-商品维度,商家备注,买家留言,售后状态,消费者资料,订单成交时间,消费者资料上传时间,赠品名称,赠品id,赠品规格,赠品数量,团ID,团身份,是否已开始配送,配送员是否已送达,配送状态,同城是否普通快递,集运类型,赠品订单号,商品总价(元),邮费(元),店铺优惠折扣(元),平台优惠折扣(元),多多支付立减金额(元),上门安装费(元),送货入户费(元),送货入户并安装费(元),用户实付金额(元),商家实收金额(元),快递单号,快递公司,省,市,区,街道/镇,配送员手机号,是否抽奖或0元试用,是否顺丰加价,用户购买手机号,旅行类信息,充值号码,是否门店自提,门店名称,门店自定义编码,关联货品编码,货品名称,货品类型,子货品,仓库名称,仓库所在地址,海淘清关订单号,支付ID,支付方式,保税仓,是否直播间成交,是否直播间引导成交,预约配送时间,是否节能补贴,是否分期,分期期数,手续费承担方,是否无痕发货,订单来源,是否社区团购,小区送达情况,分期方式,是否已上传证件照片
【重磅新品】云米净水器600G小海豚升级版厨下式RO反渗透直饮家用,251022-300406576643980,待发货,1	,正常,2025-10-22 23:59:08,2025-10-23 23:59:08,,	,	,225501370546	,【24年新品】600G升级版6年长效,1600502140541	,厨房电器,净水器/净水设备及配件耗材,净水器,	,6923185653684	,6923185616399	,直播间下单中10元红包,	,无售后或售后取消,,2025-10-22 23:59:08,	,,,,,,,否,否,	,否,	,,559.0	,0.0	,0.0	,0.0	,0.2	,0.0	,0.0	,0.0	,559.0	,559.0	,	,	,广东省,广州市,白云区,,,否,否,	,	,	,否,	,	,	,	,	,	,	,	,	,	,	,	,是,是,	,否,否,,	,否,	,否,,,否
【重磅新品】云米净水器600G小海豚升级版厨下式RO反渗透直饮家用,251022-167468111363980,已取消,1	,正常,	,	,,	,	,225501370546	,【24年新品】600G升级版6年长效,1600502140541	,厨房电器,净水器/净水设备及配件耗材,净水器,	,6923185653684	,6923185616399	,	,	,无售后或售后取消,,	,	,,,,,,,否,否,	,否,	,,559.0	,0.0	,0.0	,0.0	,0.0	,0.0	,0.0	,0.0	,559.0	,559.0	,	,	,****,****,****,****,,否,否,	,	,	,否,	,	,	,	,	,	,	,	,	,	,	,	,是,否,	,否,	,,	,否,	,否,,,否
云米智能双胆电热水器扁桶家用速热储水式60L超薄抑菌节能大水量,251022-512984368711645,已发货，待收货,1	,正常,2025-10-22 23:58:19,2025-10-23 23:58:19,,2025-10-23 11:15:23,	,290130975552	,"纤薄安全节能60L,双胆扁桶",1756848157332	,大家电,热水器,电热水器,	,6923185610410	,6923185610410	,直播间抽转盘10元红包,	,无售后或售后取消,,2025-10-22 23:58:19,	,,,,,,,否,否,	,否,	,,799.0	,0.0	,0.0	,39.95	,0.0	,0.0	,0.0	,0.0	,759.05	,799.0	,JDV023608411370,京东大件物流,广西壮族自治区,南宁市,兴宁区,,,否,否,	,	,	,否,	,	,	,	,	,	,	,	,	,	,	,	,是,是,	,否,否,,	,否,	,否,,,否
云米小厨宝6L电热水器厨房卫生间出水恒温储水式小型速热神器加热,251022-099038031463415,已发货，待收货,1	,正常,2025-10-22 23:43:33,2025-10-23 23:43:34,,2025-10-23 10:30:17,	,208073193570	,热水即刻有-【6L】,1801828025682	,大家电,热水器,厨宝,	,6923185611233	,6923185611233	,	,	,无售后或售后取消,,2025-10-22 23:43:34,	,,,,,,,否,否,	,否,	,,280.0	,0.0	,0.0	,0.0	,0.2	,0.0	,0.0	,0.0	,280.0	,280.0	,JDV023608464451,京东大件物流,天津市,天津市,宁河区,,,否,否,	,	,	,否,	,	,	,	,	,	,	,	,	,	,	,	,否,否,	,否,否,,	,否,	,否,,,否
【购买前须联系客服确认】补收差价专用商品,251022-525976287643971,已收货,19800	,正常,2025-10-22 23:37:57,2025-10-23 23:37:57,,2025-10-22 23:37:57,2025-10-22 23:37:57,223913643375	,	,805145692879	,虚拟商品,个性定制/设计服务/DIY,个人定制原材料,	,	,	,	,	,售后处理中,,2025-10-22 23:37:57,	,,,,,,,否,否,	,否,	,,198.0	,0.0	,0.0	,0.0	,0.0	,0.0	,0.0	,0.0	,198.0	,198.0	,	,	,	,	,	,,,否,否,	,	,	,否,	,	,	,	,	,	,	,	,	,	,	,	,否,否,	,否,否,,	,否,	,否,,,否
【购买前须联系客服确认】补收差价专用商品,251022-362450839963971,待付款,19800	,正常,	,	,,	,	,223913643375	,	,805145692879	,虚拟商品,个性定制/设计服务/DIY,个人定制原材料,	,	,	,	,	,无售后或售后取消,,	,	,,,,,,,否,否,	,否,	,,198.0	,0.0	,0.0	,0.0	,0.0	,0.0	,0.0	,0.0	,198.0	,198.0	,	,	,****,****,****,****,,否,否,	,	,	,否,	,	,	,	,	,	,	,	,	,	,	,	,否,否,	,否,	,,	,否,	,否,,,否
【重磅新品】云米净水器600G小海豚升级版厨下式RO反渗透直饮家用,251022-452921967003971,未发货，退款成功,1	,正常,2025-10-22 23:34:49,2025-10-23 23:34:49,,	,	,225501370546	,【24年新品】600G升级版6年长效,1600502140541	,厨房电器,净水器/净水设备及配件耗材,净水器,	,6923185653684	,6923185616399	,聚水潭已取消发货 已退款 卫10.23,	,退款成功,,2025-10-22 23:34:49,	,,,,,,,否,否,	,否,	,,559.0	,0.0	,0.0	,50.0	,0.0	,0.0	,0.0	,0.0	,509.0	,559.0	,	,	,广东省,茂名市,化州市,,,否,否,	,	,	,否,	,	,	,	,	,	,	,	,	,	,	,	,否,否,	,否,否,,	,否,	,否,,,否
【小海豚1000G管线机套装】云米净水器家用厨下一键即热制冷直饮,251022-211822887320094,待付款,1	,正常,	,	,,	,	,246986456918	,【0陈水2件套】1000G+净热管线机2S,1751903219859	,厨房电器,净水器/净水设备及配件耗材,净水器,	,S2503111807001,	,	,	,无售后或售后取消,,	,	,,,,,,,否,否,	,否,	,,1795.0	,0.0	,359.0	,0.0	,0.0	,0.0	,0.0	,0.0	,1436.0	,1436.0	,	,	,****,****,****,****,,否,否,	,	,	,否,	,	,	,	,	,	,	,	,	,	,	,	,否,否,	,否,	,,	,否,	,否,,,否
【重磅新品】云米净水器600G小海豚升级版厨下式RO反渗透直饮家用,251022-603361123993761,未发货，退款成功,1	,审核中，请勿发货,2025-10-22 23:32:53,2025-10-23 23:32:53,,	,	,225501370546	,【24年新品】600G升级版6年长效,1600502140541	,厨房电器,净水器/净水设备及配件耗材,净水器,	,6923185653684	,6923185616399	,聚水潭已取消发货 已退款 卫10.23,	,退款成功,,2025-10-22 23:32:53,	,,,,,,,否,否,	,否,	,,559.0	,0.0	,0.0	,0.0	,1.11	,0.0	,0.0	,0.0	,559.0	,559.0	,	,	,四川省,乐山市,市中区,,,否,否,	,	,	,否,	,	,	,	,	,	,	,	,	,	,	,	,否,否,	,否,	,,	,否,	,否,,,否
云米智能电热水器小蓝调节能变频速热家用浴室洗澡抑菌50L/60L,251022-502173550200961,已取消,1	,正常,	,	,,	,	,434684719975	,安全保护8倍增容大水量50L,1733881750461	,大家电,热水器,电热水器,	,6923185649076	,	,	,	,无售后或售后取消,,	,	,,,,,,,否,否,	,否,	,,558.0	,0.0	,0.0	,27.9	,0.0	,0.0	,0.0	,0.0	,530.1	,558.0	,	,	,****,****,****,****,,否,否,	,	,	,否,	,	,	,	,	,	,	,	,	,	,	,	,否,否,	,否,	,,	,否,	,否,,,否
【重磅新品】云米净水器600G小海豚升级版厨下式RO反渗透直饮家用,251022-481107700111499,待发货,1	,正常,2025-10-22 22:54:06,2025-10-23 22:54:06,,	,	,225501370546	,【24年新品】600G升级版6年长效,1600502140541	,厨房电器,净水器/净水设备及配件耗材,净水器,	,6923185653684	,6923185616399	,	,	,无售后或售后取消,,2025-10-22 22:54:06,	,,,,,,,否,否,	,否,	,,559.0	,0.0	,0.0	,0.0	,0.2	,0.0	,0.0	,0.0	,559.0	,559.0	,	,	,河南省,平顶山市,汝州市,,,否,否,	,	,	,否,	,	,	,	,	,	,	,	,	,	,	,	,否,否,	,否,否,,	,否,	,否,,,否
云米F3 1000G尼莫蓝/S2/Q5/X2系列净水器净饮机滤芯家用通用系列,251022-037004254804077,已发货，待收货,1	,正常,2025-10-22 22:53:37,2025-10-24 22:53:37,,2025-10-23 10:30:18,	,291141614396	,F3 5合1（更多适用型号见图）,1360766685918	,厨房电器,净水器/净水设备及配件耗材,净水器,	,6923185614258	,	,晒单返10,	,无售后或售后取消,,2025-10-22 22:53:37,	,,,,,,,否,否,	,否,	,,156.0	,0.0	,10.0	,0.0	,0.0	,0.0	,0.0	,0.0	,146.0	,146.0	,JDV023608395753,京东大件物流,广东省,云浮市,罗定市,,,否,否,	,	,	,否,	,	,	,	,	,	,	,	,	,	,	,	,否,否,	,否,否,,	,否,	,否,,,否
云米净水器滤芯家用小海豚小蓝调小白龙系列专用RO反渗透,251022-298236045681487,已发货，待收货,1	,正常,2025-10-22 22:50:01,2025-10-24 22:50:02,,2025-10-23 09:34:29,	,232467205433	,5in1 复合滤芯,1647394585330	,厨房电器,净水器/净水设备及配件耗材,净水器,	,6923185627425	,	,补差 后返到手价109,	,无售后或售后取消,,2025-10-22 22:50:02,	,,,,,,,否,否,	,否,	,,149.0	,0.0	,0.0	,0.0	,0.0	,0.0	,0.0	,0.0	,149.0	,149.0	,JDV023608438342,京东配送,广东省,佛山市,高明区,,,否,否,	,	,	,否,	,	,	,	,	,	,	,	,	,	,	,	,否,否,	,否,否,,	,否,	,否,,,否
【重磅新品】云米净水器600G小海豚升级版厨下式RO反渗透直饮家用,251022-245545111963971,未发货，退款成功,1	,正常,2025-10-22 22:49:33,2025-10-23 22:49:33,,	,	,225501370546	,【24年新品】600G升级版6年长效,1600502140541	,厨房电器,净水器/净水设备及配件耗材,净水器,	,6923185653684	,6923185616399	,聚水潭已取消发货 已退款 卫10.23,	,退款成功,,2025-10-22 22:49:33,	,,,,,,,否,否,	,否,	,,559.0	,0.0	,0.0	,50.0	,0.0	,0.0	,0.0	,0.0	,509.0	,559.0	,	,	,广东省,茂名市,化州市,,,否,否,	,	,	,否,	,	,	,	,	,	,	,	,	,	,	,	,否,否,	,否,否,,	,否,	,否,,,否
【母婴直饮】云米净水器 SE 600G+ 新升级厨下式RO反渗透直饮家用,251022-152389630320739,未发货，退款成功,1	,正常,2025-10-22 22:45:15,2025-10-23 22:45:15,,	,	,819506595979	,【24年新品】600G升级版6年长效,1787046011387	,厨房电器,净水器/净水设备及配件耗材,净水器,	,6923185653684	,6923185616399	,聚水潭已取消发货 已退款 卫10.23,	,退款成功,,2025-10-22 22:45:15,	,,,,,,,否,否,	,否,	,,799.0	,0.0	,139.8	,100.0	,0.0	,0.0	,0.0	,0.0	,559.2	,659.2	,	,	,上海市,上海市,长宁区,,,否,否,	,	,	,否,	,	,	,	,	,	,	,	,	,	,	,	,否,是,	,否,否,,	,否,	,否,,,否
【重磅新品】云米净水器600G小海豚升级版厨下式RO反渗透直饮家用,251022-615430285610086,未发货，退款成功,1	,正常,2025-10-22 22:37:34,2025-10-23 22:37:35,,	,	,225501370546	,【24年新品】600G升级版6年长效,1600502140541	,厨房电器,净水器/净水设备及配件耗材,净水器,	,6923185653684	,6923185616399	,聚水潭已取消发货 已退款 卫10.23,	,退款成功,,2025-10-22 22:37:35,	,,,,,,,否,否,	,否,	,,559.0	,0.0	,0.0	,0.0	,0.2	,0.0	,0.0	,0.0	,559.0	,559.0	,	,	,安徽省,阜阳市,颍东区,,,否,否,	,	,	,否,	,	,	,	,	,	,	,	,	,	,	,	,否,是,	,否,否,,	,否,	,否,,,否
【重磅新品】云米净水器600G小海豚升级版厨下式RO反渗透直饮家用,251022-472257676810020,已发货，待收货,1	,正常,2025-10-22 22:24:35,2025-10-23 22:24:35,,2025-10-23 09:24:36,	,225501370546	,【24年新品】600G升级版6年长效,1600502140541	,厨房电器,净水器/净水设备及配件耗材,净水器,	,6923185653684	,6923185616399	,直播间下单轮盘抽奖10元红包,	,无售后或售后取消,,2025-10-22 22:24:35,	,,,,,,,否,否,	,否,	,,559.0	,0.0	,0.0	,0.0	,0.0	,0.0	,0.0	,0.0	,559.0	,559.0	,JDV023608208807,京东大件物流,安徽省,安庆市,迎江区,,,否,否,	,	,	,否,	,	,	,	,	,	,	,	,	,	,	,	,是,是,	,否,否,,	,否,	,否,,,否
云米顶侧大吸力蓝调油烟机家用厨房节能自清洁一级能效可挥手智控,251022-348085369250085,已发货，待收货,1	,正常,2025-10-22 22:12:45,2025-10-23 22:12:45,,2025-10-23 09:23:10,	,657344402006	,云米智清洁挥手智控单烟机,1723825075586	,大家电,厨房大电,油烟机,	,6923185650973	,6923185650973	,	,	,无售后或售后取消,,2025-10-22 22:12:45,	,,,,,,,否,否,	,否,	,,819.0	,0.0	,0.0	,17.9	,0.0	,0.0	,0.0	,0.0	,801.1	,819.0	,JDV023608225591,京东大件物流,浙江省,杭州市,拱墅区,,,否,否,	,	,	,否,	,	,	,	,	,	,	,	,	,	,	,	,否,否,	,否,否,,	,否,	,否,,,否
【重磅新品】云米净水器600G小海豚升级版厨下式RO反渗透直饮家用,251022-027934124423753,已发货，待收货,1	,正常,2025-10-22 22:04:12,2025-10-23 22:04:12,,2025-10-23 10:30:17,	,225501370546	,【24年新品】600G升级版6年长效,1600502140541	,厨房电器,净水器/净水设备及配件耗材,净水器,	,6923185653684	,6923185616399	,	,	,无售后或售后取消,,2025-10-22 22:04:12,	,,,,,,,否,否,	,否,	,,559.0	,0.0	,0.0	,55.9	,0.0	,0.0	,0.0	,0.0	,503.1	,559.0	,JDV023608464523,京东大件物流,广西壮族自治区,南宁市,横州市,,,否,否,	,	,	,否,	,	,	,	,	,	,	,	,	,	,	,	,否,是,	,否,否,,	,否,	,否,,,否
【重磅新品】云米净水器600G小海豚升级版厨下式RO反渗透直饮家用,251022-636800243333562,已取消,1	,正常,	,	,,	,	,225501370546	,【24年新品】600G升级版6年长效,1600502140541	,厨房电器,净水器/净水设备及配件耗材,净水器,	,6923185653684	,6923185616399	,	,	,无售后或售后取消,,	,	,,,,,,,否,否,	,否,	,,559.0	,0.0	,0.0	,0.0	,0.0	,0.0	,0.0	,0.0	,559.0	,559.0	,	,	,****,****,****,****,,否,否,	,	,	,否,	,	,	,	,	,	,	,	,	,	,	,	,否,否,	,否,	,,	,否,	,否,,,否
【套装】云米净水器厨下式RO反渗透净水机直饮家用前置冷热管线机,251022-048161165631794,已取消,1	,正常,	,	,,	,	,618393449055	,【新品套装】净水器+前置+冷热管线机,1601793029969	,厨房电器,净水器/净水设备及配件耗材,净水器,	,S2405281403001,	,	,	,无售后或售后取消,,	,	,,,,,,,否,否,	,否,	,,3103.0	,0.0	,0.0	,0.0	,0.0	,0.0	,0.0	,0.0	,3103.0	,3103.0	,	,	,****,****,****,****,,否,否,	,	,	,否,	,	,	,	,	,	,	,	,	,	,	,	,否,否,	,否,	,,	,否,	,否,,,否
【重磅新品】云米净水器600G小海豚升级版厨下式RO反渗透直饮家用,251022-154014923182136,已取消,1	,正常,	,	,,	,	,225501370546	,【24年新品】600G升级版6年长效,1600502140541	,厨房电器,净水器/净水设备及配件耗材,净水器,	,6923185653684	,6923185616399	,	,	,无售后或售后取消,,	,	,,,,,,,否,否,	,否,	,,559.0	,0.0	,0.0	,0.0	,0.0	,0.0	,0.0	,0.0	,559.0	,559.0	,	,	,****,****,****,****,,否,否,	,	,	,否,	,	,	,	,	,	,	,	,	,	,	,	,否,否,	,否,	,,	,否,	,否,,,否
云米智能双胆电热水器扁桶家用速热储水式60L超薄抑菌节能大水量,251022-113969753633387,已发货，待收货,1	,正常,2025-10-22 21:49:48,2025-10-23 21:49:48,,2025-10-23 10:30:17,	,290130975552	,"纤薄安全节能60L,双胆扁桶",1756848157332	,大家电,热水器,电热水器,	,6923185610410	,6923185610410	,	,	,无售后或售后取消,,2025-10-22 21:49:48,	,,,,,,,否,否,	,否,	,,799.0	,0.0	,0.0	,37.3	,0.0	,0.0	,0.0	,0.0	,761.7	,799.0	,JDV023608443993,京东大件物流,内蒙古自治区,通辽市,科尔沁区,,,否,否,	,	,	,否,	,	,	,	,	,	,	,	,	,	,	,	,否,是,	,否,否,,	,否,	,否,,,否
【重磅新品】云米净水器600G小海豚升级版厨下式RO反渗透直饮家用,251022-577492774530078,已取消,1	,正常,	,	,,	,	,225501370546	,【24年新品】600G升级版6年长效,1600502140541	,厨房电器,净水器/净水设备及配件耗材,净水器,	,6923185653684	,6923185616399	,	,	,无售后或售后取消,,	,	,,,,,,,否,否,	,否,	,,559.0	,0.0	,0.0	,0.0	,0.0	,0.0	,0.0	,0.0	,559.0	,559.0	,	,	,****,****,****,****,,否,否,	,	,	,否,	,	,	,	,	,	,	,	,	,	,	,	,否,否,	,否,	,,	,否,	,否,,,否
云米净水器滤芯小蓝调小海豚600G+专用复合滤芯RO反渗透滤芯过滤,251022-606003587400810,待发货,1	,正常,2025-10-22 21:39:43,2025-10-23 21:39:43,,	,	,296967601341	,5in1复合滤芯 2年长效,1600193054565	,厨房电器,净水器/净水设备及配件耗材,净水器,	,6923185627425	,	,	,	,无售后或售后取消,,2025-10-22 21:39:43,	,,,,,,,否,否,	,否,	,,299.0	,0.0	,0.0	,0.0	,0.0	,0.0	,0.0	,0.0	,299.0	,299.0	,	,	,河北省,廊坊市,三河市,,,否,否,	,	,	,否,	,	,	,	,	,	,	,	,	,	,	,	,否,是,	,否,否,,	,否,	,否,,,否
【重磅新品】云米净水器600G小海豚升级版厨下式RO反渗透直饮家用,251022-105958664580794,已发货，待收货,1	,正常,2025-10-22 21:40:05,2025-10-23 21:40:05,,2025-10-23 10:30:17,	,225501370546	,【24年新品】600G升级版6年长效,1600502140541	,厨房电器,净水器/净水设备及配件耗材,净水器,	,6923185653684	,6923185616399	,	,	,无售后或售后取消,,2025-10-22 21:40:05,	,,,,,,,否,否,	,否,	,,559.0	,0.0	,0.0	,0.0	,0.0	,0.0	,0.0	,0.0	,559.0	,559.0	,JDV023608208842,京东大件物流,江西省,宜春市,袁州区,,,否,否,	,	,	,否,	,	,	,	,	,	,	,	,	,	,	,	,否,否,	,否,是,3	,商家,否,	,否,,信用卡分期,否
【重磅新品】云米净水器600G小海豚升级版厨下式RO反渗透直饮家用,251022-549841856903218,已取消,1	,正常,	,	,,	,	,225501370546	,【24年新品】600G升级版6年长效,1600502140541	,厨房电器,净水器/净水设备及配件耗材,净水器,	,6923185653684	,6923185616399	,	,	,无售后或售后取消,,	,	,,,,,,,否,否,	,否,	,,559.0	,0.0	,0.0	,0.0	,0.0	,0.0	,0.0	,0.0	,559.0	,559.0	,	,	,****,****,****,****,,否,否,	,	,	,否,	,	,	,	,	,	,	,	,	,	,	,	,否,否,	,否,	,,	,否,	,否,,,否
【重磅新品】云米净水器600G小海豚升级版厨下式RO反渗透直饮家用,251022-229480927623218,未发货，退款成功,1	,正常,2025-10-22 21:33:52,2025-10-23 21:33:52,,	,	,225501370546	,【24年新品】600G升级版6年长效,1600502140541	,厨房电器,净水器/净水设备及配件耗材,净水器,	,6923185653684	,6923185616399	,聚水潭已取消发货 已退款 卫10.23,	,退款成功,,2025-10-22 21:33:52,	,,,,,,,否,否,	,否,	,,559.0	,0.0	,0.0	,0.0	,1.11	,0.0	,0.0	,0.0	,559.0	,559.0	,	,	,湖北省,孝感市,孝南区,,,否,否,	,	,	,否,	,	,	,	,	,	,	,	,	,	,	,	,否,否,	,否,否,,	,否,	,否,,,否
【重磅新品】云米净水器600G小海豚升级版厨下式RO反渗透直饮家用,251022-142543470920810,待发货,1	,正常,2025-10-22 21:32:18,2025-10-23 21:32:18,,	,	,225501370546	,【24年新品】600G升级版6年长效,1600502140541	,厨房电器,净水器/净水设备及配件耗材,净水器,	,6923185653684	,6923185616399	,直播间下单轮盘抽奖10元红包,	,无售后或售后取消,,2025-10-22 21:32:18,	,,,,,,,否,否,	,否,	,,559.0	,0.0	,0.0	,0.0	,0.0	,0.0	,0.0	,0.0	,559.0	,559.0	,	,	,河北省,廊坊市,三河市,,,否,否,	,	,	,否,	,	,	,	,	,	,	,	,	,	,	,	,是,是,	,否,否,,	,否,	,否,,,否
【重磅新品】云米净水器600G小海豚升级版厨下式RO反渗透直饮家用,251022-496804861563485,已发货，待收货,1	,正常,2025-10-22 21:31:19,2025-10-23 21:31:20,,2025-10-23 10:30:17,	,225501370546	,【24年新品】600G升级版6年长效,1600502140541	,厨房电器,净水器/净水设备及配件耗材,净水器,	,6923185653684	,6923185616399	,	,	,无售后或售后取消,,2025-10-22 21:31:20,	,,,,,,,否,否,	,否,	,,559.0	,0.0	,0.0	,0.0	,0.2	,0.0	,0.0	,0.0	,559.0	,559.0	,JDV023608438630,京东大件物流,广东省,东莞市,中堂镇,,,否,否,	,	,	,否,	,	,	,	,	,	,	,	,	,	,	,	,否,是,	,否,否,,	,否,	,否,,,否
【重磅新品】云米净水器600G小海豚升级版厨下式RO反渗透直饮家用,251022-357858035253604,已取消,1	,正常,	,	,,	,	,225501370546	,【24年新品】600G升级版6年长效,1600502140541	,厨房电器,净水器/净水设备及配件耗材,净水器,	,6923185653684	,6923185616399	,	,	,无售后或售后取消,,	,	,,,,,,,否,否,	,否,	,,559.0	,0.0	,0.0	,0.0	,0.0	,0.0	,0.0	,0.0	,559.0	,559.0	,	,	,****,****,****,****,,否,否,	,	,	,否,	,	,	,	,	,	,	,	,	,	,	,	,否,否,	,否,	,,	,否,	,否,,,否
云米净水器滤芯小蓝调小海豚600G+专用复合滤芯RO反渗透滤芯过滤,251022-079230440981724,未发货，退款成功,1	,正常,2025-10-22 21:26:13,2025-10-23 21:26:13,,	,	,296967601341	,5in1复合滤芯 2年长效,1600193054565	,厨房电器,净水器/净水设备及配件耗材,净水器,	,6923185627425	,	,聚水潭已取消发货 已退款 卫10.23,	,退款成功,,2025-10-22 21:26:13,	,,,,,,,否,否,	,否,	,,299.0	,0.0	,0.0	,0.0	,0.0	,0.0	,0.0	,0.0	,299.0	,299.0	,	,	,河南省,南阳市,宛城区,,,否,否,	,	,	,否,	,	,	,	,	,	,	,	,	,	,	,	,否,是,	,否,否,,	,否,	,否,,,否
云米净水器滤芯小蓝调小海豚600G+专用复合滤芯RO反渗透滤芯过滤,251022-380989621781724,已取消,2	,正常,	,	,,	,	,296967601341	,5in1复合滤芯 2年长效,1600193054565	,厨房电器,净水器/净水设备及配件耗材,净水器,	,6923185627425	,	,	,	,无售后或售后取消,,	,	,,,,,,,否,否,	,否,	,,598.0	,0.0	,5.98	,0.0	,0.0	,0.0	,0.0	,0.0	,592.02	,592.02	,	,	,****,****,****,****,,否,否,	,	,	,否,	,	,	,	,	,	,	,	,	,	,	,	,否,否,	,否,	,,	,否,	,否,,,否
【重磅新品】云米净水器600G小海豚升级版厨下式RO反渗透直饮家用,251022-123543304553107,待发货,1	,正常,2025-10-22 21:17:45,2025-10-23 21:17:45,,	,	,225501370546	,【24年新品】600G升级版6年长效,1600502140541	,厨房电器,净水器/净水设备及配件耗材,净水器,	,6923185653684	,6923185616399	,	,	,无售后或售后取消,,2025-10-22 21:17:45,	,,,,,,,否,否,	,否,	,,559.0	,0.0	,0.0	,0.0	,0.0	,0.0	,0.0	,0.0	,559.0	,559.0	,	,	,河南省,驻马店市,西平县,,,否,否,	,	,	,否,	,	,	,	,	,	,	,	,	,	,	,	,否,否,	,否,否,,	,否,	,否,,,否
【重磅新品】云米净水器600G小海豚升级版厨下式RO反渗透直饮家用,251022-428794191381724,待发货,1	,正常,2025-10-22 21:15:22,2025-10-23 21:15:22,,	,	,225501370546	,【24年新品】600G升级版6年长效,1600502140541	,厨房电器,净水器/净水设备及配件耗材,净水器,	,6923185653684	,6923185616399	,	,	,无售后或售后取消,,2025-10-22 21:15:22,	,,,,,,,否,否,	,否,	,,559.0	,0.0	,0.0	,30.0	,0.0	,0.0	,0.0	,0.0	,529.0	,559.0	,	,	,河南省,南阳市,宛城区,,,否,否,	,	,	,否,	,	,	,	,	,	,	,	,	,	,	,	,否,是,	,否,否,,	,否,	,否,,,否
【重磅新品】云米净水器600G小海豚升级版厨下式RO反渗透直饮家用,251022-429056407983039,已发货，待收货,1	,正常,2025-10-22 21:10:22,2025-10-23 21:10:22,,2025-10-23 10:30:18,	,225501370546	,【24年新品】600G升级版6年长效,1600502140541	,厨房电器,净水器/净水设备及配件耗材,净水器,	,6923185653684	,6923185616399	,	,	,无售后或售后取消,,2025-10-22 21:10:22,	,,,,,,,否,否,	,否,	,,559.0	,0.0	,0.0	,0.0	,0.0	,0.0	,0.0	,0.0	,559.0	,559.0	,JDV023608414817,京东大件物流,云南省,昆明市,西山区,,,否,否,	,	,	,否,	,	,	,	,	,	,	,	,	,	,	,	,否,是,	,否,否,,	,否,	,否,,,否
云米小厨宝6L电热水器厨房卫生间出水恒温储水式小型速热神器加热,251022-406438613432875,已发货，待收货,1	,正常,2025-10-22 21:09:42,2025-10-23 21:09:43,,2025-10-23 10:30:18,	,208073193570	,热水即刻有-【6L】,1801828025682	,大家电,热水器,厨宝,	,6923185611233	,6923185611233	,	,	,无售后或售后取消,,2025-10-22 21:09:43,	,,,,,,,否,否,	,否,	,,280.0	,0.0	,0.0	,20.0	,0.0	,0.0	,0.0	,0.0	,260.0	,280.0	,JDV023608411101,京东大件物流,福建省,宁德市,蕉城区,,,否,否,	,	,	,否,	,	,	,	,	,	,	,	,	,	,	,	,否,否,	,否,否,,	,否,	,否,,,否
云米60升AI速热高温抑菌电热水器3000W一级节能变频增容家用租房,251022-078328645151646,已发货，待收货,1	,正常,2025-10-22 21:06:24,2025-10-23 21:06:24,,2025-10-23 10:30:17,	,226368376224	,3000W速热安全60L热水器,1737176648260	,大家电,热水器,电热水器,	,6923185602224	,6923185602224	,	,	,无售后或售后取消,,2025-10-22 21:06:24,	,,,,,,,否,否,	,否,	,,610.0	,0.0	,0.0	,30.5	,0.0	,0.0	,0.0	,0.0	,579.5	,610.0	,JDV023608395933,京东大件物流,山东省,聊城市,茌平区,,,否,否,	,	,	,否,	,	,	,	,	,	,	,	,	,	,	,	,否,否,	,否,否,,	,否,	,否,,,否
【重磅新品】云米净水器600G小海豚升级版厨下式RO反渗透直饮家用,251022-544903011840984,待发货,1	,正常,2025-10-22 21:02:41,2025-10-23 21:02:41,,	,	,225501370546	,【24年新品】600G升级版6年长效,1600502140541	,厨房电器,净水器/净水设备及配件耗材,净水器,	,6923185653684	,6923185616399	,	,	,无售后或售后取消,,2025-10-22 21:02:41,	,,,,,,,否,否,	,否,	,,559.0	,0.0	,0.0	,0.0	,0.0	,0.0	,0.0	,0.0	,559.0	,559.0	,	,	,山东省,滨州市,邹平市,,,否,否,	,	,	,否,	,	,	,	,	,	,	,	,	,	,	,	,否,否,	,否,否,,	,否,	,否,,,否
【重磅新品】云米净水器600G小海豚升级版厨下式RO反渗透直饮家用,251022-659994744320960,待发货,1	,正常,2025-10-22 20:53:25,2025-10-23 20:53:25,,	,	,225501370546	,【24年新品】600G升级版6年长效,1600502140541	,厨房电器,净水器/净水设备及配件耗材,净水器,	,6923185653684	,6923185616399	,	,	,无售后或售后取消,,2025-10-22 20:53:25,	,,,,,,,否,否,	,否,	,,559.0	,0.0	,0.0	,0.0	,0.0	,0.0	,0.0	,0.0	,559.0	,559.0	,	,	,辽宁省,本溪市,明山区,,,否,否,	,	,	,否,	,	,	,	,	,	,	,	,	,	,	,	,否,是,	,否,否,,	,否,	,否,,,否
【重磅新品】云米净水器600G小海豚升级版厨下式RO反渗透直饮家用,251022-042026964593229,待发货,1	,正常,2025-10-22 20:48:21,2025-10-23 20:48:21,,	,	,225501370546	,【24年新品】600G升级版6年长效,1600502140541	,厨房电器,净水器/净水设备及配件耗材,净水器,	,6923185653684	,6923185616399	,	,	,无售后或售后取消,,2025-10-22 20:48:21,	,,,,,,,否,否,	,否,	,,559.0	,0.0	,0.0	,0.0	,0.0	,0.0	,0.0	,0.0	,559.0	,559.0	,	,	,山西省,晋中市,榆次区,,,否,否,	,	,	,否,	,	,	,	,	,	,	,	,	,	,	,	,否,是,	,否,否,,	,否,	,否,,,否
云米智能AI门锁3D指纹密码蓝牙可连大容量续航家用公寓自动安全,251022-557255267940677,已发货，待收货,1	,正常,2025-10-22 20:47:29,2025-10-23 20:47:29,,2025-10-23 09:23:10,	,743885774552	,"云米蓝调指纹密码锁LBT11C,黑色",1734954999916	,基础建材,智能门锁/电子锁,智能门锁/电子锁,	,6923185655381	,6923185655381	,直播间抽转盘10元红包,	,无售后或售后取消,,2025-10-22 20:47:29,	,,,,,,,否,否,	,否,	,,660.0	,0.0	,40.0	,70.0	,0.0	,0.0	,0.0	,0.0	,550.0	,620.0	,JDV023608205971,京东配送,江苏省,常州市,天宁区,,,否,否,	,	,	,否,	,	,	,	,	,	,	,	,	,	,	,	,否,是,	,否,否,,	,否,	,否,,,否
【重磅新品】云米净水器600G小海豚升级版厨下式RO反渗透直饮家用,251022-473704732273229,已取消,1	,正常,	,	,,	,	,225501370546	,【24年新品】600G升级版6年长效,1600502140541	,厨房电器,净水器/净水设备及配件耗材,净水器,	,6923185653684	,6923185616399	,	,	,无售后或售后取消,,	,	,,,,,,,否,否,	,否,	,,559.0	,0.0	,0.0	,0.0	,0.0	,0.0	,0.0	,0.0	,559.0	,559.0	,	,	,****,****,****,****,,否,否,	,	,	,否,	,	,	,	,	,	,	,	,	,	,	,	,否,否,	,否,	,,	,否,	,否,,,否
【重磅新品】云米净水器600G小海豚升级版厨下式RO反渗透直饮家用,251022-352835356180178,已取消,1	,正常,	,	,,	,	,225501370546	,【24年新品】600G升级版6年长效,1600502140541	,厨房电器,净水器/净水设备及配件耗材,净水器,	,6923185653684	,6923185616399	,	,	,无售后或售后取消,,	,	,,,,,,,否,否,	,否,	,,559.0	,0.0	,0.0	,0.0	,0.0	,0.0	,0.0	,0.0	,559.0	,559.0	,	,	,****,****,****,****,,否,否,	,	,	,否,	,	,	,	,	,	,	,	,	,	,	,	,否,否,	,否,	,,	,否,	,否,,,否
云米净水器滤芯家用小海豚小蓝调小白龙系列专用RO反渗透,251022-611592476271950,待发货,1	,正常,2025-10-22 20:32:24,2025-10-24 20:32:25,,	,	,232467205433	,5in1 复合滤芯,1647394585330	,厨房电器,净水器/净水设备及配件耗材,净水器,	,6923185627425	,	,补差后返到手价109,	,无售后或售后取消,,2025-10-22 20:32:25,	,,,,,,,否,否,	,否,	,,149.0	,0.0	,0.0	,0.0	,0.0	,0.0	,0.0	,0.0	,149.0	,149.0	,	,	,河南省,郑州市,中原区,,,否,否,	,	,	,否,	,	,	,	,	,	,	,	,	,	,	,	,否,否,	,否,否,,	,否,	,否,,,否
【重磅新品】云米净水器600G小海豚升级版厨下式RO反渗透直饮家用,251022-024830297663723,待发货,1	,正常,2025-10-22 20:30:35,2025-10-23 20:30:35,,	,	,225501370546	,【24年新品】600G升级版6年长效,1600502140541	,厨房电器,净水器/净水设备及配件耗材,净水器,	,6923185653684	,6923185616399	,	,	,无售后或售后取消,,2025-10-22 20:30:35,	,,,,,,,否,否,	,否,	,,559.0	,0.0	,0.0	,55.9	,0.0	,0.0	,0.0	,0.0	,503.1	,559.0	,	,	,山东省,济南市,历下区,,,否,否,	,	,	,否,	,	,	,	,	,	,	,	,	,	,	,	,否,否,	,否,否,,	,否,	,否,,,否
【重磅新品】云米净水器600G小海豚升级版厨下式RO反渗透直饮家用,251022-236978214500829,已取消,1	,正常,	,	,,	,	,225501370546	,【24年新品】600G升级版6年长效,1600502140541	,厨房电器,净水器/净水设备及配件耗材,净水器,	,6923185653684	,6923185616399	,	,	,无售后或售后取消,,	,	,,,,,,,否,否,	,否,	,,559.0	,0.0	,0.0	,0.0	,0.0	,0.0	,0.0	,0.0	,559.0	,559.0	,	,	,****,****,****,****,,否,否,	,	,	,否,	,	,	,	,	,	,	,	,	,	,	,	,否,否,	,否,	,,	,否,	,否,,,否
云米智能电热水器小蓝调节能变频速热家用浴室洗澡抑菌50L/60L,251022-532729086321515,已取消,1	,正常,	,	,,	,	,434684719975	,安全保护8倍增容大水量60L,1733881750462	,大家电,热水器,电热水器,	,6923185649083	,	,	,	,无售后或售后取消,,	,	,,,,,,,否,否,	,否,	,,723.98	,0.0	,0.0	,36.19	,0.0	,0.0	,0.0	,0.0	,687.79	,723.98	,	,	,****,****,****,****,,否,否,	,	,	,否,	,	,	,	,	,	,	,	,	,	,	,	,否,否,	,否,	,,	,否,	,否,,,否
【重磅新品】云米净水器600G小海豚升级版厨下式RO反渗透直饮家用,251022-514473367180259,未发货，退款成功,1	,正常,2025-10-22 20:19:35,2025-10-23 20:19:35,,	,	,225501370546	,【24年新品】600G升级版6年长效,1600502140541	,厨房电器,净水器/净水设备及配件耗材,净水器,	,6923185653684	,6923185616399	,聚水潭已取消发货 已退款   叶10.22,	,退款成功,,2025-10-22 20:19:35,	,,,,,,,否,否,	,否,	,,559.0	,0.0	,0.0	,55.9	,0.0	,0.0	,0.0	,0.0	,503.1	,559.0	,	,	,江苏省,淮安市,清江浦区,,,否,否,	,	,	,否,	,	,	,	,	,	,	,	,	,	,	,	,否,否,	,否,否,,	,否,	,否,,,否
【重磅新品】云米净水器600G小海豚升级版厨下式RO反渗透直饮家用,251022-136105244991088,已取消,1	,正常,	,	,,	,	,225501370546	,【24年新品】600G升级版6年长效,1600502140541	,厨房电器,净水器/净水设备及配件耗材,净水器,	,6923185653684	,6923185616399	,	,	,无售后或售后取消,,	,	,,,,,,,否,否,	,否,	,,559.0	,0.0	,0.0	,0.0	,0.0	,0.0	,0.0	,0.0	,559.0	,559.0	,	,	,****,****,****,****,,否,否,	,	,	,否,	,	,	,	,	,	,	,	,	,	,	,	,否,否,	,否,	,,	,否,	,否,,,否
【重磅新品】云米净水器600G小海豚升级版厨下式RO反渗透直饮家用,251022-503526275371157,已取消,1	,正常,	,	,,	,	,225501370546	,【24年新品】600G升级版6年长效,1600502140541	,厨房电器,净水器/净水设备及配件耗材,净水器,	,6923185653684	,6923185616399	,	,	,无售后或售后取消,,	,	,,,,,,,否,否,	,否,	,,559.0	,0.0	,0.0	,0.0	,0.0	,0.0	,0.0	,0.0	,559.0	,559.0	,	,	,****,****,****,****,,否,否,	,	,	,否,	,	,	,	,	,	,	,	,	,	,	,	,否,否,	,否,	,,	,否,	,否,,,否
【重磅新品】云米净水器600G小海豚升级版厨下式RO反渗透直饮家用,251022-319459182100178,已取消,1	,正常,	,	,,	,	,225501370546	,【24年新品】600G升级版6年长效,1600502140541	,厨房电器,净水器/净水设备及配件耗材,净水器,	,6923185653684	,6923185616399	,	,	,无售后或售后取消,,	,	,,,,,,,否,否,	,否,	,,559.0	,0.0	,0.0	,0.0	,0.0	,0.0	,0.0	,0.0	,559.0	,559.0	,	,	,****,****,****,****,,否,否,	,	,	,否,	,	,	,	,	,	,	,	,	,	,	,	,否,否,	,否,	,,	,否,	,否,,,否
云米净水器滤芯小蓝调小海豚600G+专用复合滤芯RO反渗透滤芯过滤,251022-173990233671373,已发货，待收货,2	,正常,2025-10-22 20:09:04,2025-10-23 20:09:05,,2025-10-23 10:30:19,	,296967601341	,5in1复合滤芯 2年长效,1600193054565	,厨房电器,净水器/净水设备及配件耗材,净水器,	,6923185627425	,	,补差后返到手价198,	,无售后或售后取消,,2025-10-22 20:09:05,	,,,,,,,否,否,	,否,	,,598.0	,0.0	,5.98	,0.0	,0.0	,0.0	,0.0	,0.0	,592.02	,592.02	,JDV023602882076,京东大件物流,四川省,成都市,成华区,,,否,否,	,	,	,否,	,	,	,	,	,	,	,	,	,	,	,	,否,是,	,否,否,,	,否,	,否,,,否
【重磅新品】云米净水器600G小海豚升级版厨下式RO反渗透直饮家用,251022-354009761351373,未发货，退款成功,1	,正常,2025-10-22 20:06:00,2025-10-23 20:06:00,,	,	,225501370546	,【24年新品】600G升级版6年长效,1600502140541	,厨房电器,净水器/净水设备及配件耗材,净水器,	,6923185653684	,6923185616399	,已建单拦截：ZX2510230062116，卫10.23 ,	,退款成功,,2025-10-22 20:06:00,	,,,,,,,否,否,	,否,	,,559.0	,0.0	,0.0	,55.9	,0.0	,0.0	,0.0	,0.0	,503.1	,559.0	,	,	,四川省,成都市,成华区,,,否,否,	,	,	,否,	,	,	,	,	,	,	,	,	,	,	,	,否,是,	,否,否,,	,否,	,否,,,否
【重磅新品】云米净水器600G小海豚升级版厨下式RO反渗透直饮家用,251022-244087570731329,已取消,1	,正常,	,	,,	,	,225501370546	,【24年新品】600G升级版6年长效,1600502140541	,厨房电器,净水器/净水设备及配件耗材,净水器,	,6923185653684	,6923185616399	,	,	,无售后或售后取消,,	,	,,,,,,,否,否,	,否,	,,559.0	,0.0	,0.0	,0.42	,0.0	,0.0	,0.0	,0.0	,558.58	,559.0	,	,	,****,****,****,****,,否,否,	,	,	,否,	,	,	,	,	,	,	,	,	,	,	,	,否,否,	,否,	,,	,否,	,否,,,否
云米净水器滤芯家用小海豚小蓝调小白龙系列专用RO反渗透,251022-455040079372235,待发货,1	,正常,2025-10-22 20:01:47,2025-10-24 20:01:47,,	,	,232467205433	,5in1 复合滤芯,1647394585330	,厨房电器,净水器/净水设备及配件耗材,净水器,	,6923185627425	,	,补差后返到手价109,	,无售后或售后取消,,2025-10-22 20:01:47,	,,,,,,,否,否,	,否,	,,149.0	,0.0	,0.0	,0.0	,0.0	,0.0	,0.0	,0.0	,149.0	,149.0	,	,	,吉林省,长春市,高新技术开发区,,,否,否,	,	,	,否,	,	,	,	,	,	,	,	,	,	,	,	,否,否,	,否,否,,	,否,	,否,,,否
【重磅新品】云米净水器600G小海豚升级版厨下式RO反渗透直饮家用,251022-678816652922120,已取消,1	,正常,	,	,,	,	,225501370546	,【24年新品】600G升级版6年长效,1600502140541	,厨房电器,净水器/净水设备及配件耗材,净水器,	,6923185653684	,6923185616399	,	,	,无售后或售后取消,,	,	,,,,,,,否,否,	,否,	,,559.0	,0.0	,0.0	,0.0	,0.0	,0.0	,0.0	,0.0	,559.0	,559.0	,	,	,****,****,****,****,,否,否,	,	,	,否,	,	,	,	,	,	,	,	,	,	,	,	,否,否,	,否,	,,	,否,	,否,,,否
【重磅新品】云米净水器600G小海豚升级版厨下式RO反渗透直饮家用,251022-450363399701161,已取消,1	,正常,	,	,,	,	,225501370546	,【24年新品】600G升级版6年长效,1600502140541	,厨房电器,净水器/净水设备及配件耗材,净水器,	,6923185653684	,6923185616399	,	,	,无售后或售后取消,,	,	,,,,,,,否,否,	,否,	,,559.0	,0.0	,0.0	,0.0	,0.0	,0.0	,0.0	,0.0	,559.0	,559.0	,	,	,****,****,****,****,,否,否,	,	,	,否,	,	,	,	,	,	,	,	,	,	,	,	,否,否,	,否,	,,	,否,	,否,,,否
【重磅新品】云米净水器600G小海豚升级版厨下式RO反渗透直饮家用,251022-360102019421314,已取消,1	,正常,	,	,,	,	,225501370546	,【24年新品】600G升级版6年长效,1600502140541	,厨房电器,净水器/净水设备及配件耗材,净水器,	,6923185653684	,6923185616399	,	,	,无售后或售后取消,,	,	,,,,,,,否,否,	,否,	,,559.0	,0.0	,0.0	,100.0	,0.0	,0.0	,0.0	,0.0	,459.0	,559.0	,	,	,****,****,****,****,,否,否,	,	,	,否,	,	,	,	,	,	,	,	,	,	,	,	,否,否,	,否,	,,	,否,	,否,,,否
云米23立方油烟机燃气灶套装家用厨房顶侧大吸力油烟机5.0KW灶具,251022-196681438722463,已取消,1	,正常,	,	,,	,	,209837375742	,"【烟灶联动】瞬吸烟机+5.0KW灶,天然气",1792607150009	,大家电,厨房大电,烟灶消套装,	,S2409261034001,	,	,	,无售后或售后取消,,	,	,,,,,,,否,否,	,否,	,,1345.0	,0.0	,60.0	,40.0	,0.0	,0.0	,0.0	,0.0	,1245.0	,1285.0	,	,	,****,****,****,****,,否,否,	,	,	,否,	,	,	,	,	,	,	,	,	,	,	,	,否,否,	,否,	,,	,否,	,否,,,否
【重磅新品】云米净水器600G小海豚升级版厨下式RO反渗透直饮家用,251022-552536697191996,已发货，待收货,1	,正常,2025-10-22 19:55:04,2025-10-23 19:55:04,,2025-10-23 10:30:18,	,225501370546	,【24年新品】600G升级版6年长效,1600502140541	,厨房电器,净水器/净水设备及配件耗材,净水器,	,6923185653684	,6923185616399	,	,	,无售后或售后取消,,2025-10-22 19:55:04,	,,,,,,,否,否,	,否,	,,559.0	,0.0	,0.0	,3.0	,0.0	,0.0	,0.0	,0.0	,556.0	,559.0	,JDV023608410534,京东大件物流,四川省,自贡市,贡井区,,,否,否,	,	,	,否,	,	,	,	,	,	,	,	,	,	,	,	,否,是,	,否,否,,	,否,	,否,,,否
【重磅新品】云米净水器600G小海豚升级版厨下式RO反渗透直饮家用,251022-349857431942385,已发货，待收货,1	,正常,2025-10-22 19:52:40,2025-10-23 19:52:41,,2025-10-23 09:24:36,	,225501370546	,【24年新品】600G升级版6年长效,1600502140541	,厨房电器,净水器/净水设备及配件耗材,净水器,	,6923185653684	,6923185616399	,	,	,无售后或售后取消,,2025-10-22 19:52:41,	,,,,,,,否,否,	,否,	,,559.0	,0.0	,0.0	,0.0	,0.0	,0.0	,0.0	,0.0	,559.0	,559.0	,JDV023608261798,京东大件物流,安徽省,宿州市,砀山县,,,否,否,	,	,	,否,	,	,	,	,	,	,	,	,	,	,	,	,否,否,	,否,否,,	,否,	,否,,,否
【重磅新品】云米净水器600G小海豚升级版厨下式RO反渗透直饮家用,251022-429895196182172,未发货，退款成功,1	,正常,2025-10-22 19:48:56,2025-10-23 19:48:56,,	,	,225501370546	,【24年新品】600G升级版6年长效,1600502140541	,厨房电器,净水器/净水设备及配件耗材,净水器,	,6923185653684	,6923185616399	,OFC已取消发货 已锁单 卫10.23,	,退款成功,,2025-10-22 19:48:56,	,,,,,,,否,否,	,否,	,,559.0	,0.0	,0.0	,0.0	,0.0	,0.0	,0.0	,0.0	,559.0	,559.0	,	,	,辽宁省,沈阳市,新民市,,,否,否,	,	,	,否,	,	,	,	,	,	,	,	,	,	,	,	,否,否,	,否,否,,	,否,	,否,,,否
云米智能AI门锁3D指纹密码蓝牙可连大容量续航家用公寓自动安全,251022-416704110093837,已取消,1	,正常,	,	,,	,	,743885774552	,"云米蓝调指纹密码锁LBT11C,黑色",1734954999916	,基础建材,智能门锁/电子锁,智能门锁/电子锁,	,6923185655381	,6923185655381	,	,	,无售后或售后取消,,	,	,,,,,,,否,否,	,否,	,,660.0	,0.0	,40.0	,70.0	,0.0	,0.0	,0.0	,0.0	,550.0	,620.0	,	,	,****,****,****,****,,否,否,	,	,	,否,	,	,	,	,	,	,	,	,	,	,	,	,否,否,	,否,	,,	,否,	,否,,,否
viomi云米净水器800G反渗透RO厨下式家用长效滤芯,251022-111201544532354,待发货,1	,正常,2025-10-22 19:34:05,2025-10-24 19:34:05,,	,	,837957770723	,	,1800120524656	,厨房电器,净水器/净水设备及配件耗材,净水器,	,MR862-C,6923185653974	,	,	,无售后或售后取消,,2025-10-22 19:34:05,	,,,,,,,否,否,	,否,	,,799.0	,0.0	,0.0	,100.0	,15.0	,0.0	,0.0	,0.0	,699.0	,799.0	,	,	,江苏省,宿迁市,宿迁经济开发区,,,否,否,	,	,	,否,	,	,	,	,	,	,	,	,	,	,	,	,否,是,	,否,否,,	,否,	,否,,,否
云米净水器滤芯PP棉前置后置RO反渗透1号2号3号4号通用装C/V系列,251022-122169659714066,已发货，待收货,1	,正常,2025-10-22 19:32:10,2025-10-24 19:32:11,,2025-10-23 10:30:19,	,205467667434	,1号PP棉滤芯超能升级版,760402645809	,厨房电器,净水器/净水设备及配件耗材,净水器,	,6923185600190	,	,	,	,无售后或售后取消,,2025-10-22 19:32:11,	,,,,,,,否,否,	,否,	,,39.0	,0.0	,0.0	,0.0	,0.0	,0.0	,0.0	,0.0	,39.0	,39.0	,JDV023608355525,京东大件物流,广东省,茂名市,电白区,,,否,否,	,	,	,否,	,	,	,	,	,	,	,	,	,	,	,	,否,否,	,否,否,,	,否,	,否,,,否
【重磅新品】云米净水器600G小海豚升级版厨下式RO反渗透直饮家用,251022-685988954441767,未发货，退款成功,1	,正常,2025-10-22 19:17:12,2025-10-23 19:17:12,,	,	,225501370546	,【24年新品】600G升级版6年长效,1600502140541	,厨房电器,净水器/净水设备及配件耗材,净水器,	,6923185653684	,6923185616399	,聚水潭已取消发货 已退款   叶10.22,	,退款成功,,2025-10-22 19:17:12,	,,,,,,,否,否,	,否,	,,559.0	,0.0	,0.0	,55.9	,0.0	,0.0	,0.0	,0.0	,503.1	,559.0	,	,	,四川省,成都市,青羊区,,,否,否,	,	,	,否,	,	,	,	,	,	,	,	,	,	,	,	,否,是,	,否,否,,	,否,	,否,,,否
云米净水器滤芯家用小海豚小蓝调小白龙系列专用RO反渗透,251022-435756766743229,待发货,1	,正常,2025-10-22 19:11:12,2025-10-24 19:11:12,,	,	,232467205433	,5in1 复合滤芯,1647394585330	,厨房电器,净水器/净水设备及配件耗材,净水器,	,6923185627425	,	,补差后返 到手价109元，晒单返10,	,无售后或售后取消,,2025-10-22 19:11:12,	,,,,,,,否,否,	,否,	,,149.0	,0.0	,0.0	,8.94	,0.0	,0.0	,0.0	,0.0	,140.06	,149.0	,	,	,天津市,天津市,武清区,,,否,否,	,	,	,否,	,	,	,	,	,	,	,	,	,	,	,	,否,否,	,否,否,,	,否,	,否,,,否
云米24m³大吸力顶侧3吸油烟机聚能猛火灶 烟灶智能联动套装嵌入式,251022-578614750770830,已发货，待收货,1	,正常,2025-10-22 19:11:32,2025-10-23 19:11:32,,2025-10-23 10:30:19,	,205936193873	,"【热销套装】单烟机+5.2KW聚能灶,天然气",1604718199168	,大家电,厨房大电,烟灶消套装,	,S2302131157001,6923185649762	,	,	,无售后或售后取消,,2025-10-22 19:11:32,	,,,,,,,否,否,	,否,	,,1599.0	,0.0	,20.0	,0.0	,0.0	,0.0	,0.0	,0.0	,1579.0	,1579.0	,JDV023608394844,京东大件物流,河北省,邯郸市,武安市,,,否,否,	,	,	,否,	,	,	,	,	,	,	,	,	,	,	,	,是,是,	,否,否,,	,否,	,否,,,否
【重磅新品】云米净水器600G小海豚升级版厨下式RO反渗透直饮家用,251022-294524076354066,已发货，待收货,1	,正常,2025-10-22 19:10:24,2025-10-23 19:10:25,,2025-10-23 10:30:18,	,225501370546	,【24年新品】600G升级版6年长效,1600502140541	,厨房电器,净水器/净水设备及配件耗材,净水器,	,6923185653684	,6923185616399	,	,	,无售后或售后取消,,2025-10-22 19:10:25,	,,,,,,,否,否,	,否,	,,559.0	,0.0	,0.0	,0.0	,0.0	,0.0	,0.0	,0.0	,559.0	,559.0	,JDV023608378420,京东大件物流,广东省,茂名市,电白区,,,否,否,	,	,	,否,	,	,	,	,	,	,	,	,	,	,	,	,否,否,	,否,否,,	,否,	,否,,,否
【重磅新品】云米净水器600G小海豚升级版厨下式RO反渗透直饮家用,251022-347256931861724,已发货，待收货,1	,正常,2025-10-22 19:09:46,2026-01-21 19:09:46,,2025-10-23 10:30:18,	,225501370546	,【24年新品】600G升级版6年长效,1600502140541	,厨房电器,净水器/净水设备及配件耗材,净水器,	,6923185653684	,6923185616399	,	,	,无售后或售后取消,,2025-10-22 19:09:46,	,,,,,,,否,否,	,否,	,,559.0	,0.0	,0.0	,50.0	,0.0	,0.0	,0.0	,0.0	,509.0	,559.0	,JDV023608428416,京东大件物流,广东省,广州市,海珠区,,,否,否,	,	,	,否,	,	,	,	,	,	,	,	,	,	,	,	,否,否,	,否,否,,	,否,	,否,,,否
云米23立方油烟机燃气灶套装家用厨房顶侧大吸力油烟机5.0KW灶具,251022-173822451263968,已取消,1	,正常,	,	,,	,	,209837375742	,"【烟灶联动】瞬吸烟机+5.0KW灶,天然气",1792607150009	,大家电,厨房大电,烟灶消套装,	,S2409261034001,	,	,	,无售后或售后取消,,	,	,,,,,,,否,否,	,否,	,,1345.0	,0.0	,60.0	,40.0	,0.0	,0.0	,0.0	,0.0	,1245.0	,1285.0	,	,	,****,****,****,****,,否,否,	,	,	,否,	,	,	,	,	,	,	,	,	,	,	,	,否,否,	,否,	,,	,否,	,否,,,否
云米顶侧双吸大吸力低噪油烟机猛火液化气聚能灶智能套装家用厨房,251022-643070697010830,未发货，退款成功,1	,正常,2025-10-22 19:01:44,2025-10-23 19:01:44,,	,	,674950510509	,【烟灶套装】顶侧双吸烟机+5.0KW灶（天）,1744061180430	,大家电,厨房大电,烟灶消套装,	,S2405071349001,S2501061036001,聚水潭已取消发货 已退款   叶10.22,	,退款成功,,2025-10-22 19:01:44,	,,,,,,,否,否,	,否,	,,1187.0	,0.0	,60.0	,40.0	,0.0	,0.0	,0.0	,0.0	,1087.0	,1127.0	,	,	,河北省,邯郸市,武安市,,,否,否,	,	,	,否,	,	,	,	,	,	,	,	,	,	,	,	,否,否,	,否,否,,	,否,	,否,,,否
【重磅新品】云米净水器600G小海豚升级版厨下式RO反渗透直饮家用,251022-420311242391327,待发货,1	,正常,2025-10-22 18:59:26,2025-10-23 18:59:26,,	,	,225501370546	,【24年新品】600G升级版6年长效,1600502140541	,厨房电器,净水器/净水设备及配件耗材,净水器,	,6923185653684	,6923185616399	,	,	,无售后或售后取消,,2025-10-22 18:59:26,	,,,,,,,否,否,	,否,	,,559.0	,0.0	,0.0	,55.9	,15.0	,0.0	,0.0	,0.0	,503.1	,559.0	,	,	,山东省,泰安市,泰山区,,,否,否,	,	,	,否,	,	,	,	,	,	,	,	,	,	,	,	,否,否,	,否,否,,	,否,	,否,,,否
【重磅新品】云米净水器600G小海豚升级版厨下式RO反渗透直饮家用,251022-654101758351779,已发货，待收货,1	,正常,2025-10-22 18:59:14,2025-10-23 18:59:15,,2025-10-23 10:30:18,	,225501370546	,【24年新品】600G升级版6年长效,1600502140541	,厨房电器,净水器/净水设备及配件耗材,净水器,	,6923185653684	,6923185616399	,	,	,无售后或售后取消,,2025-10-22 18:59:15,	,,,,,,,否,否,	,否,	,,559.0	,0.0	,0.0	,0.0	,15.0	,0.0	,0.0	,0.0	,559.0	,559.0	,JDV023608405762,京东大件物流,贵州省,贵阳市,清镇市,,,否,否,	,	,	,否,	,	,	,	,	,	,	,	,	,	,	,	,否,否,	,否,是,3	,商家,否,	,否,,信用卡分期,否
【重磅新品】云米净水器600G小海豚升级版厨下式RO反渗透直饮家用,251022-209274816023444,已取消,1	,正常,	,	,,	,	,225501370546	,【24年新品】600G升级版6年长效,1600502140541	,厨房电器,净水器/净水设备及配件耗材,净水器,	,6923185653684	,6923185616399	,	,	,无售后或售后取消,,	,	,,,,,,,否,否,	,否,	,,559.0	,0.0	,0.0	,0.0	,0.0	,0.0	,0.0	,0.0	,559.0	,559.0	,	,	,****,****,****,****,,否,否,	,	,	,否,	,	,	,	,	,	,	,	,	,	,	,	,否,否,	,否,	,,	,否,	,否,,,否
【重磅新品】云米净水器600G小海豚升级版厨下式RO反渗透直饮家用,251022-035704072623632,已发货，待收货,1	,正常,2025-10-22 19:00:06,2025-10-23 19:00:07,,2025-10-23 10:30:18,	,225501370546	,【24年新品】600G升级版6年长效,1600502140541	,厨房电器,净水器/净水设备及配件耗材,净水器,	,6923185653684	,6923185616399	,	,	,无售后或售后取消,,2025-10-22 19:00:07,	,,,,,,,否,否,	,否,	,,559.0	,0.0	,0.0	,0.0	,0.0	,0.0	,0.0	,0.0	,559.0	,559.0	,JDV023608410452,京东大件物流,福建省,泉州市,南安市,,,否,否,	,	,	,否,	,	,	,	,	,	,	,	,	,	,	,	,否,否,	,否,否,,	,否,	,否,,,否
【重磅新品】云米净水器600G小海豚升级版厨下式RO反渗透直饮家用,251022-449136607631779,已取消,1	,正常,	,	,,	,	,225501370546	,【24年新品】600G升级版6年长效,1600502140541	,厨房电器,净水器/净水设备及配件耗材,净水器,	,6923185653684	,6923185616399	,	,	,无售后或售后取消,,	,	,,,,,,,否,否,	,否,	,,559.0	,0.0	,0.0	,0.0	,0.0	,0.0	,0.0	,0.0	,559.0	,559.0	,	,	,****,****,****,****,,否,否,	,	,	,否,	,	,	,	,	,	,	,	,	,	,	,	,否,否,	,否,	,,	,否,	,否,,,否
云米电热水器50/60升洗澡家用浴室速热大容量省电防漏电警示安全,251022-022481529252610,已取消,1	,正常,	,	,,	,	,691819698413	,50L速热加长防电墙5倍增容,1683563098525	,大家电,热水器,电热水器,	,6923185614920	,	,	,	,无售后或售后取消,,	,	,,,,,,,否,否,	,否,	,,492.0	,0.0	,0.0	,3.0	,0.0	,0.0	,0.0	,0.0	,489.0	,492.0	,	,	,****,****,****,****,,否,否,	,	,	,否,	,	,	,	,	,	,	,	,	,	,	,	,否,否,	,否,	,,	,否,	,否,,,否
【重磅新品】云米净水器600G小海豚升级版厨下式RO反渗透直饮家用,251022-122442258071327,已取消,1	,正常,	,	,,	,	,225501370546	,【24年新品】600G升级版6年长效,1600502140541	,厨房电器,净水器/净水设备及配件耗材,净水器,	,6923185653684	,6923185616399	,	,	,无售后或售后取消,,	,	,,,,,,,否,否,	,否,	,,559.0	,0.0	,0.0	,55.9	,0.0	,0.0	,0.0	,0.0	,503.1	,559.0	,	,	,****,****,****,****,,否,否,	,	,	,否,	,	,	,	,	,	,	,	,	,	,	,	,否,否,	,否,	,,	,否,	,否,,,否
云米60升AI速热高温抑菌电热水器3000W一级节能变频增容家用租房,251022-416924331521366,未发货，退款成功,1	,正常,2025-10-22 18:44:25,2025-10-23 18:44:25,,	,	,226368376224	,3000W速热安全60L热水器,1737176648260	,大家电,热水器,电热水器,	,6923185602224	,6923185602224	,聚水潭已取消发货 已退款   叶10.22,	,退款成功,,2025-10-22 18:44:25,	,,,,,,,否,否,	,否,	,,656.0	,0.0	,0.0	,32.8	,0.0	,0.0	,0.0	,0.0	,623.2	,656.0	,	,	,河南省,三门峡市,渑池县,,,否,否,	,	,	,否,	,	,	,	,	,	,	,	,	,	,	,	,否,否,	,否,否,,	,否,	,否,,,否
【重磅新品】云米净水器600G小海豚升级版厨下式RO反渗透直饮家用,251022-544735281551061,已发货，待收货,2	,正常,2025-10-22 18:37:09,2025-10-23 18:37:09,,2025-10-23 10:30:18,	,225501370546	,【24年新品】600G升级版6年长效,1600502140541	,厨房电器,净水器/净水设备及配件耗材,净水器,	,6923185653684	,6923185616399	,	,	,无售后或售后取消,,2025-10-22 18:37:09,	,,,,,,,否,否,	,否,	,,1118.0	,0.0	,11.18	,15.0	,40.0	,0.0	,0.0	,0.0	,1091.82	,1106.82	,JDV023608448763,京东大件物流,湖南省,岳阳市,汨罗市,,,否,否,	,	,	,否,	,	,	,	,	,	,	,	,	,	,	,	,否,是,	,否,是,3	,商家,否,	,否,,信用卡分期,否
云米智能电热水器小蓝调节能变频速热家用浴室洗澡抑菌50L/60L,251022-406899996970614,待发货,1	,正常,2025-10-22 18:33:49,2025-10-23 18:33:49,,	,	,434684719975	,安全保护8倍增容大水量50L,1733881750461	,大家电,热水器,电热水器,	,6923185649076	,	,	,	,无售后或售后取消,,2025-10-22 18:33:49,	,,,,,,,否,否,	,否,	,,558.0	,0.0	,0.0	,44.64	,1.02	,0.0	,0.0	,0.0	,513.36	,558.0	,	,	,内蒙古自治区,巴彦淖尔市,磴口县,,,否,否,	,	,	,否,	,	,	,	,	,	,	,	,	,	,	,	,否,否,	,否,否,,	,否,	,否,,,否
【重磅新品】云米净水器600G小海豚升级版厨下式RO反渗透直饮家用,251022-021747536280934,已发货，待收货,1	,正常,2025-10-22 18:35:44,2025-10-23 18:35:45,,2025-10-23 09:24:36,	,225501370546	,【24年新品】600G升级版6年长效,1600502140541	,厨房电器,净水器/净水设备及配件耗材,净水器,	,6923185653684	,6923185616399	,	,	,无售后或售后取消,,2025-10-22 18:35:45,	,,,,,,,否,否,	,否,	,,559.0	,0.0	,0.0	,0.0	,0.0	,0.0	,0.0	,0.0	,559.0	,559.0	,JDV023608264220,京东大件物流,江西省,鹰潭市,贵溪市,,,否,否,	,	,	,否,	,	,	,	,	,	,	,	,	,	,	,	,否,否,	,否,否,,	,否,	,否,,,否
【重磅新品】云米净水器600G小海豚升级版厨下式RO反渗透直饮家用,251022-146884544083730,已取消,1	,正常,	,	,,	,	,225501370546	,【24年新品】600G升级版6年长效,1600502140541	,厨房电器,净水器/净水设备及配件耗材,净水器,	,6923185653684	,6923185616399	,	,	,无售后或售后取消,,	,	,,,,,,,否,否,	,否,	,,559.0	,0.0	,0.0	,0.0	,0.0	,0.0	,0.0	,0.0	,559.0	,559.0	,	,	,****,****,****,****,,否,否,	,	,	,否,	,	,	,	,	,	,	,	,	,	,	,	,否,否,	,否,	,,	,否,	,否,,,否
【重磅新品】云米净水器600G小海豚升级版厨下式RO反渗透直饮家用,251022-038346473771358,已发货，待收货,1	,正常,2025-10-22 18:31:28,2025-10-23 18:31:28,,2025-10-23 10:30:18,	,225501370546	,【24年新品】600G升级版6年长效,1600502140541	,厨房电器,净水器/净水设备及配件耗材,净水器,	,6923185653684	,6923185616399	,	,	,无售后或售后取消,,2025-10-22 18:31:28,	,,,,,,,否,否,	,否,	,,559.0	,0.0	,0.0	,0.0	,0.0	,0.0	,0.0	,0.0	,559.0	,559.0	,JDV023608395232,京东大件物流,广东省,佛山市,顺德区,,,否,否,	,	,	,否,	,	,	,	,	,	,	,	,	,	,	,	,否,否,	,否,否,,	,否,	,否,,,否
云米净水器滤芯小蓝调小海豚600G+专用复合滤芯RO反渗透滤芯过滤,251022-029506988340332,待发货,2	,正常,2025-10-22 18:26:18,2025-10-23 18:26:19,,	,	,296967601341	,5in1复合滤芯 2年长效,1600193054565	,厨房电器,净水器/净水设备及配件耗材,净水器,	,6923185627425	,	,补差后返到手价198,	,无售后或售后取消,,2025-10-22 18:26:19,	,,,,,,,否,否,	,否,	,,598.0	,0.0	,5.98	,0.0	,0.0	,0.0	,0.0	,0.0	,592.02	,592.02	,	,	,山东省,烟台市,开发区,,,否,否,	,	,	,否,	,	,	,	,	,	,	,	,	,	,	,	,否,否,	,否,否,,	,否,	,否,,,否
【重磅新品】云米净水器600G小海豚升级版厨下式RO反渗透直饮家用,251022-055239043380332,待发货,1	,正常,2025-10-22 18:25:41,2025-10-23 18:25:42,,	,	,225501370546	,【24年新品】600G升级版6年长效,1600502140541	,厨房电器,净水器/净水设备及配件耗材,净水器,	,6923185653684	,6923185616399	,	,	,无售后或售后取消,,2025-10-22 18:25:42,	,,,,,,,否,否,	,否,	,,559.0	,0.0	,0.0	,0.0	,0.0	,0.0	,0.0	,0.0	,559.0	,559.0	,	,	,山东省,烟台市,开发区,,,否,否,	,	,	,否,	,	,	,	,	,	,	,	,	,	,	,	,否,否,	,否,否,,	,否,	,否,,,否
【重磅新品】云米净水器600G小海豚升级版厨下式RO反渗透直饮家用,251022-614192965930517,已发货，待收货,1	,正常,2025-10-22 18:06:58,2025-10-23 18:06:58,,2025-10-23 10:30:19,	,225501370546	,【24年新品】600G升级版6年长效,1600502140541	,厨房电器,净水器/净水设备及配件耗材,净水器,	,6923185653684	,6923185616399	,	,	,无售后或售后取消,,2025-10-22 18:06:58,	,,,,,,,否,否,	,否,	,,559.0	,0.0	,0.0	,55.9	,5.0	,0.0	,0.0	,0.0	,503.1	,559.0	,JDV023608385772,京东大件物流,福建省,漳州市,芗城区,,,否,否,	,	,	,否,	,	,	,	,	,	,	,	,	,	,	,	,否,否,	,否,否,,	,否,	,否,,,否
云米净水器滤芯小蓝调小海豚600G+专用复合滤芯RO反渗透滤芯过滤,251022-430304192860204,待发货,2	,正常,2025-10-22 18:04:30,2025-10-23 18:04:30,,	,	,296967601341	,5in1复合滤芯 2年长效,1600193054565	,厨房电器,净水器/净水设备及配件耗材,净水器,	,6923185627425	,	,补差后返到手价198,	,无售后或售后取消,,2025-10-22 18:04:30,	,,,,,,,否,否,	,否,	,,598.0	,0.0	,5.98	,0.0	,0.2	,0.0	,0.0	,0.0	,592.02	,592.02	,	,	,辽宁省,鞍山市,立山区,,,否,否,	,	,	,否,	,	,	,	,	,	,	,	,	,	,	,	,否,是,	,否,否,,	,否,	,否,,,否
【重磅新品】云米净水器600G小海豚升级版厨下式RO反渗透直饮家用,251022-592581804380204,待发货,1	,正常,2025-10-22 18:04:02,2025-10-23 18:04:02,,	,	,225501370546	,【24年新品】600G升级版6年长效,1600502140541	,厨房电器,净水器/净水设备及配件耗材,净水器,	,6923185653684	,6923185616399	,	,	,无售后或售后取消,,2025-10-22 18:04:02,	,,,,,,,否,否,	,否,	,,559.0	,0.0	,0.0	,0.0	,1.11	,0.0	,0.0	,0.0	,559.0	,559.0	,	,	,辽宁省,鞍山市,立山区,,,否,否,	,	,	,否,	,	,	,	,	,	,	,	,	,	,	,	,否,是,	,否,否,,	,否,	,否,,,否
【重磅新品】云米净水器600G小海豚升级版厨下式RO反渗透直饮家用,251022-232574184961098,待发货,1	,正常,2025-10-22 17:57:41,2025-10-23 17:57:41,,	,	,225501370546	,【24年新品】600G升级版6年长效,1600502140541	,厨房电器,净水器/净水设备及配件耗材,净水器,	,6923185653684	,6923185616399	,直播间抽转盘10元红包,	,无售后或售后取消,,2025-10-22 17:57:41,	,,,,,,,否,否,	,否,	,,559.0	,0.0	,0.0	,0.0	,0.0	,0.0	,0.0	,0.0	,559.0	,559.0	,	,	,山东省,滨州市,惠民县,,,否,否,	,	,	,否,	,	,	,	,	,	,	,	,	,	,	,	,是,是,	,否,否,,	,否,	,否,,,否
【小海豚1000G管线机套装】云米净水器家用厨下一键即热制冷直饮,251022-550586345761225,已取消,1	,正常,	,	,,	,	,246986456918	,【0陈水冷热2件套】1000G+管线机2E,1751903219858	,厨房电器,净水器/净水设备及配件耗材,净水器,	,S2503111808001,	,	,	,无售后或售后取消,,	,	,,,,,,,否,否,	,否,	,,1824.0	,0.0	,344.8	,100.0	,0.0	,0.0	,0.0	,0.0	,1379.2	,1479.2	,	,	,****,****,****,****,,否,否,	,	,	,否,	,	,	,	,	,	,	,	,	,	,	,	,否,否,	,否,	,,	,否,	,否,,,否
【重磅新品】云米净水器600G小海豚升级版厨下式RO反渗透直饮家用,251022-543172861553783,未发货，退款成功,1	,正常,2025-10-22 17:46:22,2025-10-23 17:46:23,,	,	,225501370546	,【24年新品】600G升级版6年长效,1600502140541	,厨房电器,净水器/净水设备及配件耗材,净水器,	,6923185653684	,6923185616399	,聚水潭已取消发货 已退款   叶10.22,	,退款成功,,2025-10-22 17:46:23,	,,,,,,,否,否,	,否,	,,559.0	,0.0	,0.0	,0.0	,0.0	,0.0	,0.0	,0.0	,559.0	,559.0	,	,	,江苏省,淮安市,涟水县,,,否,否,	,	,	,否,	,	,	,	,	,	,	,	,	,	,	,	,否,否,	,否,否,,	,否,	,否,,,否
云米电热水器家用洗澡租房储水式速热抑菌节能省电卫生间40/60升,251022-562875646383425,未发货，退款成功,1	,正常,2025-10-22 17:43:51,2025-10-23 17:43:51,,	,	,227645754240	,"速热抑菌洗-40L,全国联保送货上门安装8年质保",1645458252843	,大家电,热水器,电热水器,	,6923185681281	,	,聚水潭已取消发货 已退款   叶10.22,	,退款成功,,2025-10-22 17:43:51,	,,,,,,,否,否,	,否,	,,467.0	,0.0	,0.0	,23.35	,0.0	,0.0	,0.0	,0.0	,443.65	,467.0	,	,	,辽宁省,抚顺市,望花区,,,否,否,	,	,	,否,	,	,	,	,	,	,	,	,	,	,	,	,否,否,	,否,否,,	,否,	,否,,,否
【重磅新品】云米净水器600G小海豚升级版厨下式RO反渗透直饮家用,251022-348808824470905,待发货,1	,正常,2025-10-22 17:37:08,2025-10-23 17:37:08,,	,	,225501370546	,【24年新品】600G升级版6年长效,1600502140541	,厨房电器,净水器/净水设备及配件耗材,净水器,	,6923185653684	,6923185616399	,	,	,无售后或售后取消,,2025-10-22 17:37:08,	,,,,,,,否,否,	,否,	,,559.0	,0.0	,0.0	,0.0	,15.0	,0.0	,0.0	,0.0	,559.0	,559.0	,	,	,内蒙古自治区,呼和浩特市,回民区,,,否,否,	,	,	,否,	,	,	,	,	,	,	,	,	,	,	,	,否,否,	,否,否,,	,否,	,否,,,否
【小海豚1000G管线机套装】云米净水器家用厨下一键即热制冷直饮,251022-677831001663865,已取消,1	,正常,	,	,,	,	,246986456918	,【0陈水冷热2件套】1000G+管线机2E,1751903219858	,厨房电器,净水器/净水设备及配件耗材,净水器,	,S2503111808001,	,	,	,无售后或售后取消,,	,	,,,,,,,否,否,	,否,	,,1824.0	,0.0	,328.32	,182.4	,0.0	,0.0	,0.0	,0.0	,1313.28	,1495.68	,	,	,****,****,****,****,,否,否,	,	,	,否,	,	,	,	,	,	,	,	,	,	,	,	,否,否,	,否,	,,	,否,	,否,,,否
【重磅新品】云米净水器600G小海豚升级版厨下式RO反渗透直饮家用,251022-020111705711999,已取消,1	,正常,	,	,,	,	,225501370546	,【24年新品】600G升级版6年长效,1600502140541	,厨房电器,净水器/净水设备及配件耗材,净水器,	,6923185653684	,6923185616399	,	,	,无售后或售后取消,,	,	,,,,,,,否,否,	,否,	,,559.0	,0.0	,0.0	,1.22	,0.0	,0.0	,0.0	,0.0	,557.78	,559.0	,	,	,****,****,****,****,,否,否,	,	,	,否,	,	,	,	,	,	,	,	,	,	,	,	,否,否,	,否,	,,	,否,	,否,,,否
【重磅新品】云米净水器600G小海豚升级版厨下式RO反渗透直饮家用,251022-128282868030310,已取消,1	,正常,	,	,,	,	,225501370546	,【24年新品】600G升级版6年长效,1600502140541	,厨房电器,净水器/净水设备及配件耗材,净水器,	,6923185653684	,6923185616399	,	,	,无售后或售后取消,,	,	,,,,,,,否,否,	,否,	,,559.0	,0.0	,0.0	,0.0	,0.0	,0.0	,0.0	,0.0	,559.0	,559.0	,	,	,****,****,****,****,,否,否,	,	,	,否,	,	,	,	,	,	,	,	,	,	,	,	,否,否,	,否,	,,	,否,	,否,,,否
【重磅新品】云米净水器600G小海豚升级版厨下式RO反渗透直饮家用,251022-063061368450304,已取消,1	,正常,	,	,,	,	,225501370546	,【24年新品】600G升级版6年长效,1600502140541	,厨房电器,净水器/净水设备及配件耗材,净水器,	,6923185653684	,6923185616399	,	,	,无售后或售后取消,,	,	,,,,,,,否,否,	,否,	,,559.0	,0.0	,0.0	,0.0	,0.0	,0.0	,0.0	,0.0	,559.0	,559.0	,	,	,****,****,****,****,,否,否,	,	,	,否,	,	,	,	,	,	,	,	,	,	,	,	,否,否,	,否,	,,	,否,	,否,,,否
【重磅新品】云米净水器600G小海豚升级版厨下式RO反渗透直饮家用,251022-493355026004075,待发货,1	,正常,2025-10-22 17:12:21,2025-10-23 17:12:21,,	,	,225501370546	,【24年新品】600G升级版6年长效,1600502140541	,厨房电器,净水器/净水设备及配件耗材,净水器,	,6923185653684	,6923185616399	,	,	,无售后或售后取消,,2025-10-22 17:12:21,	,,,,,,,否,否,	,否,	,,559.0	,0.0	,0.0	,0.0	,0.0	,0.0	,0.0	,0.0	,559.0	,559.0	,	,	,山东省,日照市,东港区,,,否,否,	,	,	,否,	,	,	,	,	,	,	,	,	,	,	,	,否,否,	,否,否,,	,否,	,否,,,否
云米智能电热水器小蓝调节能变频速热家用浴室洗澡抑菌50L/60L,251022-404079255083675,已发货，待收货,1	,正常,2025-10-22 17:09:10,2025-10-23 17:09:10,,2025-10-22 19:10:46,	,434684719975	,安全保护8倍增容大水量50L,1733881750461	,大家电,热水器,电热水器,	,6923185649076	,	,	,	,无售后或售后取消,,2025-10-22 17:09:10,	,,,,,,,否,否,	,否,	,,558.0	,0.0	,0.0	,0.0	,0.0	,0.0	,0.0	,0.0	,558.0	,558.0	,JDV023599364774,京东配送,辽宁省,阜新市,细河区,,,否,否,	,	,	,否,	,	,	,	,	,	,	,	,	,	,	,	,否,是,	,否,否,,	,否,	,否,,,否
云米全自动智能马桶水箱泡沫盾抗菌即热恒温座圈离座冲水小鲸鱼2,251022-337054307943155,待发货,2	,正常,2025-10-22 17:07:40,2025-10-23 17:07:41,,	,	,237591380789	,【智能马桶】300mm,1771263282619	,家装主材,卫浴陶瓷,智能坐便器,	,6923185654599	,小鲸鱼,	,	,无售后或售后取消,,2025-10-22 17:07:41,	,,,,,,,否,否,	,否,	,,2528.0	,0.0	,152.0	,100.0	,0.2	,0.0	,0.0	,0.0	,2276.0	,2376.0	,	,	,广东省,深圳市,龙华区,,,否,否,	,	,	,否,	,	,	,	,	,	,	,	,	,	,	,	,否,否,	,否,否,,	,否,	,否,,,否
【重磅新品】云米净水器600G小海豚升级版厨下式RO反渗透直饮家用,251022-021244188252504,已取消,1	,正常,	,	,,	,	,225501370546	,【24年新品】600G升级版6年长效,1600502140541	,厨房电器,净水器/净水设备及配件耗材,净水器,	,6923185653684	,6923185616399	,	,	,无售后或售后取消,,	,	,,,,,,,否,否,	,否,	,,559.0	,0.0	,0.0	,0.0	,0.0	,0.0	,0.0	,0.0	,559.0	,559.0	,	,	,****,****,****,****,,否,否,	,	,	,否,	,	,	,	,	,	,	,	,	,	,	,	,否,否,	,否,	,,	,否,	,否,,,否
云米电热水器50/60升洗澡家用浴室速热大容量省电防漏电警示安全,251022-520492193323675,未发货，退款成功,1	,正常,2025-10-22 17:04:04,2025-10-23 17:04:04,,	,	,691819698413	,50L速热加长防电墙5倍增容,1683563098525	,大家电,热水器,电热水器,	,6923185614920	,	,聚水潭已取消发货 已退款   叶10.22,	,退款成功,,2025-10-22 17:04:04,	,,,,,,,否,否,	,否,	,,492.0	,0.0	,0.0	,0.0	,0.0	,0.0	,0.0	,0.0	,492.0	,492.0	,	,	,辽宁省,阜新市,细河区,,,否,否,	,	,	,否,	,	,	,	,	,	,	,	,	,	,	,	,否,是,	,否,否,,	,否,	,否,,,否
云米净水器滤芯家用小海豚小蓝调小白龙系列专用RO反渗透,251022-587999537572652,已发货，待收货,1	,正常,2025-10-22 17:03:28,2025-10-24 17:03:29,,2025-10-22 19:00:26,	,232467205433	,5in1 复合滤芯,1647394585330	,厨房电器,净水器/净水设备及配件耗材,净水器,	,6923185627425	,	,补差后返到手价109,	,无售后或售后取消,,2025-10-22 17:03:29,	,,,,,,,否,否,	,否,	,,149.0	,0.0	,0.0	,0.0	,0.18	,0.0	,0.0	,0.0	,149.0	,149.0	,JDV023599405670,京东配送,广西壮族自治区,柳州市,鱼峰区,,,否,否,	,	,	,否,	,	,	,	,	,	,	,	,	,	,	,	,否,否,	,否,否,,	,否,	,否,,,否
云米净水器滤芯家用小海豚小蓝调小白龙系列专用RO反渗透,251022-347047248292652,未发货，退款成功,1	,正常,2025-10-22 17:01:44,2025-10-24 17:01:44,,	,	,232467205433	,5in1 复合滤芯,1647394585330	,厨房电器,净水器/净水设备及配件耗材,净水器,	,6923185627425	,	,聚水潭已取消发货 已退款   叶10.22,	,退款成功,,2025-10-22 17:01:44,	,,,,,,,否,否,	,否,	,,149.0	,0.0	,0.0	,0.0	,0.12	,0.0	,0.0	,0.0	,149.0	,149.0	,	,	,广西壮族自治区,柳州市,鱼峰区,,,否,否,	,	,	,否,	,	,	,	,	,	,	,	,	,	,	,	,否,否,	,否,否,,	,否,	,否,,,否
【小海豚1000G管线机套装】云米净水器家用厨下一键即热制冷直饮,251022-438891978303865,已取消,1	,正常,	,	,,	,	,246986456918	,【0陈水冷热2件套】1000G+管线机2E,1751903219858	,厨房电器,净水器/净水设备及配件耗材,净水器,	,S2503111808001,	,	,	,无售后或售后取消,,	,	,,,,,,,否,否,	,否,	,,1824.0	,0.0	,328.32	,182.4	,0.0	,0.0	,0.0	,0.0	,1313.28	,1495.68	,	,	,****,****,****,****,,否,否,	,	,	,否,	,	,	,	,	,	,	,	,	,	,	,	,否,否,	,否,	,,	,否,	,否,,,否
【重磅新品】云米净水器600G小海豚升级版厨下式RO反渗透直饮家用,251022-050080007761329,已取消,1	,正常,	,	,,	,	,225501370546	,【24年新品】600G升级版6年长效,1600502140541	,厨房电器,净水器/净水设备及配件耗材,净水器,	,6923185653684	,6923185616399	,	,	,无售后或售后取消,,	,	,,,,,,,否,否,	,否,	,,559.0	,0.0	,0.0	,3.0	,0.0	,0.0	,0.0	,0.0	,556.0	,559.0	,	,	,****,****,****,****,,否,否,	,	,	,否,	,	,	,	,	,	,	,	,	,	,	,	,否,否,	,否,	,,	,否,	,否,,,否
【重磅新品】云米净水器600G小海豚升级版厨下式RO反渗透直饮家用,251022-566524711302674,已发货，待收货,1	,正常,2025-10-22 16:55:29,2025-10-23 16:55:30,,2025-10-23 09:24:36,	,225501370546	,【24年新品】600G升级版6年长效,1600502140541	,厨房电器,净水器/净水设备及配件耗材,净水器,	,6923185653684	,6923185616399	,	,	,无售后或售后取消,,2025-10-22 16:55:30,	,,,,,,,否,否,	,否,	,,559.0	,0.0	,0.0	,50.0	,15.0	,0.0	,0.0	,0.0	,509.0	,559.0	,JDV023608213990,京东大件物流,江苏省,盐城市,盐都区,,,否,否,	,	,	,否,	,	,	,	,	,	,	,	,	,	,	,	,否,否,	,否,否,,	,否,	,否,,,否
【重磅新品】云米净水器600G小海豚升级版厨下式RO反渗透直饮家用,251022-495515082271869,已发货，待收货,1	,正常,2025-10-22 16:46:34,2025-10-23 16:46:35,,2025-10-23 09:24:36,	,225501370546	,【24年新品】600G升级版6年长效,1600502140541	,厨房电器,净水器/净水设备及配件耗材,净水器,	,6923185653684	,6923185616399	,	,	,无售后或售后取消,,2025-10-22 16:46:35,	,,,,,,,否,否,	,否,	,,559.0	,0.0	,0.0	,3.0	,0.0	,0.0	,0.0	,0.0	,556.0	,559.0	,JDV023608205495,京东大件物流,安徽省,阜阳市,界首市,,,否,否,	,	,	,否,	,	,	,	,	,	,	,	,	,	,	,	,否,否,	,否,否,,	,否,	,否,,,否
【重磅新品】云米净水器600G小海豚升级版厨下式RO反渗透直饮家用,251022-436459282070742,已取消,1	,正常,	,	,,	,	,225501370546	,【24年新品】600G升级版6年长效,1600502140541	,厨房电器,净水器/净水设备及配件耗材,净水器,	,6923185653684	,6923185616399	,	,	,无售后或售后取消,,	,	,,,,,,,否,否,	,否,	,,559.0	,0.0	,0.0	,3.0	,0.0	,0.0	,0.0	,0.0	,556.0	,559.0	,	,	,****,****,****,****,,否,否,	,	,	,否,	,	,	,	,	,	,	,	,	,	,	,	,否,否,	,否,	,,	,否,	,否,,,否
【重磅新品】云米净水器600G小海豚升级版厨下式RO反渗透直饮家用,251022-591323513240066,已取消,1	,正常,	,	,,	,	,225501370546	,【24年新品】600G升级版6年长效,1600502140541	,厨房电器,净水器/净水设备及配件耗材,净水器,	,6923185653684	,6923185616399	,	,	,无售后或售后取消,,	,	,,,,,,,否,否,	,否,	,,559.0	,0.0	,0.0	,0.0	,0.0	,0.0	,0.0	,0.0	,559.0	,559.0	,	,	,****,****,****,****,,否,否,	,	,	,否,	,	,	,	,	,	,	,	,	,	,	,	,否,否,	,否,	,,	,否,	,否,,,否
【重磅新品】云米净水器600G小海豚升级版厨下式RO反渗透直饮家用,251022-129037790772899,已发货，待收货,1	,正常,2025-10-22 16:23:30,2025-10-23 16:23:30,,2025-10-23 10:30:19,	,225501370546	,【24年新品】600G升级版6年长效,1600502140541	,厨房电器,净水器/净水设备及配件耗材,净水器,	,6923185653684	,6923185616399	,	,	,无售后或售后取消,,2025-10-22 16:23:30,	,,,,,,,否,否,	,否,	,,559.0	,0.0	,0.0	,0.0	,0.0	,0.0	,0.0	,0.0	,559.0	,559.0	,JDV023608418920,京东大件物流,四川省,自贡市,荣县,,,否,否,	,	,	,否,	,	,	,	,	,	,	,	,	,	,	,	,否,否,	,否,否,,	,否,	,否,,,否
【重磅新品】云米净水器600G小海豚升级版厨下式RO反渗透直饮家用,251022-098010478923806,已发货，待收货,1	,正常,2025-10-22 16:23:14,2025-10-23 16:23:14,,2025-10-23 10:30:20,	,225501370546	,【24年新品】600G升级版6年长效,1600502140541	,厨房电器,净水器/净水设备及配件耗材,净水器,	,6923185653684	,6923185616399	,	,	,无售后或售后取消,,2025-10-22 16:23:14,	,,,,,,,否,否,	,否,	,,559.0	,0.0	,0.0	,0.0	,0.0	,0.0	,0.0	,0.0	,559.0	,559.0	,JDV023608409990,京东大件物流,云南省,临沧市,耿马傣族佤族自治县,,,否,否,	,	,	,否,	,	,	,	,	,	,	,	,	,	,	,	,否,否,	,否,否,,	,否,	,否,,,否
云米智能电热水器小蓝调节能变频速热家用浴室洗澡抑菌50L/60L,251022-017291056683675,未发货，退款成功,1	,正常,2025-10-22 16:18:11,2025-10-23 16:18:11,,	,	,434684719975	,安全保护8倍增容大水量50L,1733881750461	,大家电,热水器,电热水器,	,6923185649076	,	,聚水潭已取消发货 已退款   叶10.22,	,退款成功,,2025-10-22 16:18:11,	,,,,,,,否,否,	,否,	,,558.0	,0.0	,0.0	,0.0	,0.0	,0.0	,0.0	,0.0	,558.0	,558.0	,	,	,辽宁省,阜新市,细河区,,,否,否,	,	,	,否,	,	,	,	,	,	,	,	,	,	,	,	,是,是,	,否,否,,	,否,	,否,,,否
【重磅新品】云米净水器600G小海豚升级版厨下式RO反渗透直饮家用,251022-666244299082773,已发货，待收货,1	,正常,2025-10-22 16:14:39,2025-10-23 16:14:40,,2025-10-23 10:30:20,	,225501370546	,【24年新品】600G升级版6年长效,1600502140541	,厨房电器,净水器/净水设备及配件耗材,净水器,	,6923185653684	,6923185616399	,	,	,无售后或售后取消,,2025-10-22 16:14:40,	,,,,,,,否,否,	,否,	,,559.0	,0.0	,0.0	,0.0	,0.0	,0.0	,0.0	,0.0	,559.0	,559.0	,JDV023608374999,京东大件物流,广西壮族自治区,南宁市,宾阳县,,,否,否,	,	,	,否,	,	,	,	,	,	,	,	,	,	,	,	,否,是,	,否,否,,	,否,	,否,,,否
云米智能双胆电热水器扁桶家用速热储水式60L超薄抑菌节能大水量,251022-610669698702024,未发货，退款成功,1	,正常,2025-10-22 16:12:35,2025-10-23 16:12:35,,	,	,290130975552	,"纤薄安全节能60L,双胆扁桶",1756848157332	,大家电,热水器,电热水器,	,6923185610410	,6923185610410	,聚水潭已取消发货 已退款   叶10.22,	,退款成功,,2025-10-22 16:12:35,	,,,,,,,否,否,	,否,	,,799.0	,0.0	,0.0	,39.95	,0.0	,0.0	,0.0	,0.0	,759.05	,799.0	,	,	,广西壮族自治区,南宁市,邕宁区,,,否,否,	,	,	,否,	,	,	,	,	,	,	,	,	,	,	,	,否,否,	,否,否,,	,否,	,否,,,否
【重磅新品】云米净水器600G小海豚升级版厨下式RO反渗透直饮家用,251022-431426147984023,未发货，退款成功,1	,审核中，请勿发货,2025-10-22 16:11:55,2025-10-23 16:11:55,,	,	,225501370546	,【24年新品】600G升级版6年长效,1600502140541	,厨房电器,净水器/净水设备及配件耗材,净水器,	,6923185653684	,6923185616399	,聚水潭已取消发货 已退款   叶10.22,	,退款成功,,2025-10-22 16:11:55,	,,,,,,,否,否,	,否,	,,559.0	,0.0	,0.0	,55.9	,0.0	,0.0	,0.0	,0.0	,503.1	,559.0	,	,	,湖北省,武汉市,东西湖区,,,否,否,	,	,	,否,	,	,	,	,	,	,	,	,	,	,	,	,否,否,	,否,	,,	,否,	,否,,,否
【重磅新品】云米净水器600G小海豚升级版厨下式RO反渗透直饮家用,251022-584958615133402,已取消,1	,正常,	,	,,	,	,225501370546	,【24年新品】600G升级版6年长效,1600502140541	,厨房电器,净水器/净水设备及配件耗材,净水器,	,6923185653684	,6923185616399	,	,	,无售后或售后取消,,	,	,,,,,,,否,否,	,否,	,,559.0	,0.0	,0.0	,0.0	,0.0	,0.0	,0.0	,0.0	,559.0	,559.0	,	,	,****,****,****,****,,否,否,	,	,	,否,	,	,	,	,	,	,	,	,	,	,	,	,否,否,	,否,	,,	,否,	,否,,,否
云米净水器滤芯小蓝调小海豚600G+专用复合滤芯RO反渗透滤芯过滤,251022-543665764640658,已发货，待收货,1	,正常,2025-10-22 15:55:42,2025-10-23 15:55:42,,2025-10-22 19:17:30,	,296967601341	,600G RO反渗透滤芯 6年长效,1600193586339	,厨房电器,净水器/净水设备及配件耗材,净水器,	,6923185618379	,	,补差后返到手价349元一支,	,无售后或售后取消,,2025-10-22 15:55:42,	,,,,,,,否,否,	,否,	,,699.0	,0.0	,0.0	,0.0	,0.0	,0.0	,0.0	,0.0	,699.0	,699.0	,JDV023598988546,京东配送,北京市,北京市,西城区,,,否,否,	,	,	,否,	,	,	,	,	,	,	,	,	,	,	,	,否,否,	,否,否,,	,否,	,否,,,否
云米净水器滤芯小蓝调小海豚600G+专用复合滤芯RO反渗透滤芯过滤,251022-522358700320658,已发货，待收货,1	,正常,2025-10-22 15:55:10,2025-10-23 15:55:10,,2025-10-22 19:11:48,	,296967601341	,5in1复合滤芯 2年长效,1600193054565	,厨房电器,净水器/净水设备及配件耗材,净水器,	,6923185627425	,	,补差 后返到手价99一支,	,无售后或售后取消,,2025-10-22 15:55:10,	,,,,,,,否,否,	,否,	,,299.0	,0.0	,0.0	,0.0	,0.0	,0.0	,0.0	,0.0	,299.0	,299.0	,JDV023597545353,京东配送,北京市,北京市,西城区,,,否,否,	,	,	,否,	,	,	,	,	,	,	,	,	,	,	,	,否,否,	,否,否,,	,否,	,否,,,否
云米净水器滤芯小蓝调小海豚600G+专用复合滤芯RO反渗透滤芯过滤,251022-324282693920658,未发货，退款成功,1	,正常,2025-10-22 15:52:16,2025-10-23 15:52:16,,	,	,296967601341	,600G RO反渗透滤芯 6年长效,1600193586339	,厨房电器,净水器/净水设备及配件耗材,净水器,	,6923185618379	,	,聚水潭已取消发货 已退款   叶10.22,	,退款成功,,2025-10-22 15:52:16,	,,,,,,,否,否,	,否,	,,699.0	,0.0	,0.0	,0.0	,0.0	,0.0	,0.0	,0.0	,699.0	,699.0	,	,	,北京市,北京市,丰台区,,,否,否,	,	,	,否,	,	,	,	,	,	,	,	,	,	,	,	,否,否,	,否,否,,	,否,	,否,,,否
云米净水器滤芯小蓝调小海豚600G+专用复合滤芯RO反渗透滤芯过滤,251022-557056069920658,未发货，退款成功,1	,正常,2025-10-22 15:51:42,2025-10-23 15:51:42,,	,	,296967601341	,5in1复合滤芯 2年长效,1600193054565	,厨房电器,净水器/净水设备及配件耗材,净水器,	,6923185627425	,	,聚水潭已取消发货 已退款   叶10.22,	,退款成功,,2025-10-22 15:51:42,	,,,,,,,否,否,	,否,	,,299.0	,0.0	,0.0	,0.0	,0.0	,0.0	,0.0	,0.0	,299.0	,299.0	,	,	,北京市,北京市,丰台区,,,否,否,	,	,	,否,	,	,	,	,	,	,	,	,	,	,	,	,否,否,	,否,否,,	,否,	,否,,,否
云米新品鲲鹏PRO油烟机28m³大吸力易清洁挥手智控烟灶联动小噪音,251022-604661358142428,已发货，待收货,1	,正常,2025-10-22 15:48:08,2025-12-28 15:48:08,,2025-10-22 19:29:38,	,763759392708	,【新品】小噪音大吸力油烟机,1748828925108	,大家电,厨房大电,油烟机,	,6923185605379	,6923185605379	,空气炸锅加晒单返100  ZX2510230062087 待拦截10.23,	,售后处理中,,2025-10-22 15:48:08,	,,,,,,,否,否,	,否,	,,1999.0	,0.0	,0.0	,99.95	,0.0	,0.0	,0.0	,0.0	,1899.05	,1999.0	,JDV023600139148,京东配送,山西省,临汾市,洪洞县,,,否,否,	,	,	,否,	,	,	,	,	,	,	,	,	,	,	,	,否,否,	,否,否,,	,否,	,否,,,否
云米新品鲲鹏PRO油烟机28m³大吸力易清洁挥手智控烟灶联动小噪音,251022-437109399102428,已取消,1	,正常,	,	,,	,	,763759392708	,【新品】小噪音大吸力油烟机,1748828925108	,大家电,厨房大电,油烟机,	,6923185605379	,6923185605379	,	,	,无售后或售后取消,,	,	,,,,,,,否,否,	,否,	,,1999.0	,0.0	,0.0	,99.95	,0.0	,0.0	,0.0	,0.0	,1899.05	,1999.0	,	,	,****,****,****,****,,否,否,	,	,	,否,	,	,	,	,	,	,	,	,	,	,	,	,否,否,	,否,	,,	,否,	,否,,,否
云米净水器滤芯家用小海豚小蓝调小白龙系列专用RO反渗透,251022-506640546232957,已发货，待收货,1	,正常,2025-10-22 15:42:14,2025-10-24 15:42:14,,2025-10-22 19:22:51,	,232467205433	,5in1 复合滤芯,1647394585330	,厨房电器,净水器/净水设备及配件耗材,净水器,	,6923185627425	,	,	,	,无售后或售后取消,,2025-10-22 15:42:14,	,,,,,,,否,否,	,否,	,,149.0	,0.0	,0.0	,0.0	,0.74	,0.0	,0.0	,0.0	,149.0	,149.0	,JDV023597228283,京东配送,北京市,北京市,海淀区,,,否,否,	,	,	,否,	,	,	,	,	,	,	,	,	,	,	,	,否,否,	,否,否,,	,否,	,否,,,否
【重磅新品】云米净水器600G小海豚升级版厨下式RO反渗透直饮家用,251022-022575911200658,待发货,1	,正常,2025-10-22 15:38:22,2025-10-23 15:38:22,,	,	,225501370546	,【24年新品】600G升级版6年长效,1600502140541	,厨房电器,净水器/净水设备及配件耗材,净水器,	,6923185653684	,6923185616399	,	,	,无售后或售后取消,,2025-10-22 15:38:22,	,,,,,,,否,否,	,否,	,,559.0	,0.0	,0.0	,0.0	,0.0	,0.0	,0.0	,0.0	,559.0	,559.0	,	,	,北京市,北京市,西城区,,,否,否,	,	,	,否,	,	,	,	,	,	,	,	,	,	,	,	,否,否,	,否,否,,	,否,	,否,,,否
云米智能电热水器小蓝调节能变频速热家用浴室洗澡抑菌50L/60L,251022-684929923480667,已取消,1	,正常,	,	,,	,	,434684719975	,安全保护8倍增容大水量50L,1733881750461	,大家电,热水器,电热水器,	,6923185649076	,	,	,	,无售后或售后取消,,	,	,,,,,,,否,否,	,否,	,,558.0	,0.0	,0.0	,27.9	,0.0	,0.0	,0.0	,0.0	,530.1	,558.0	,	,	,****,****,****,****,,否,否,	,	,	,否,	,	,	,	,	,	,	,	,	,	,	,	,否,否,	,否,	,,	,否,	,否,,,否
云米智能AI门锁3D指纹密码蓝牙可连大容量续航家用公寓自动安全,251022-020394873191236,待发货,1	,正常,2025-10-22 15:27:04,2025-10-23 15:27:04,,	,	,743885774552	,"云米蓝调指纹密码锁LBT11C,黑色",1734954999916	,基础建材,智能门锁/电子锁,智能门锁/电子锁,	,6923185655381	,6923185655381	,补差后返到手价590，晒单再返50  ZX2510230062094催发  手机号异常 16601108849,	,无售后或售后取消,,2025-10-22 15:27:04,	,,,,,,,否,否,	,否,中国香港集运/转运,,660.0	,0.0	,40.0	,70.0	,0.0	,0.0	,0.0	,0.0	,550.0	,620.0	,	,	,广东省,东莞市,常平镇,,,否,否,	,	,	,否,	,	,	,	,	,	,	,	,	,	,	,	,否,否,	,否,否,,	,否,	,否,,,否
【重磅新品】云米净水器600G小海豚升级版厨下式RO反渗透直饮家用,251022-482271567411940,已发货，待收货,1	,正常,2025-10-22 15:26:24,2025-10-23 15:26:24,,2025-10-23 10:30:20,	,225501370546	,【24年新品】600G升级版6年长效,1600502140541	,厨房电器,净水器/净水设备及配件耗材,净水器,	,6923185653684	,6923185616399	,ZX2510230062094催发,	,无售后或售后取消,,2025-10-22 15:26:24,	,,,,,,,否,否,	,否,	,,559.0	,0.0	,0.0	,0.0	,15.0	,0.0	,0.0	,0.0	,559.0	,559.0	,JDV023608385548,京东大件物流,广东省,深圳市,龙岗区,,,否,否,	,	,	,否,	,	,	,	,	,	,	,	,	,	,	,	,否,否,	,否,否,,	,否,	,否,,,否
云米60升AI速热高温抑菌电热水器3000W一级节能变频增容家用租房,251022-255045168702156,待付款,1	,正常,	,	,,	,	,226368376224	,3000W速热安全60L热水器,1737176648260	,大家电,热水器,电热水器,	,6923185602224	,6923185602224	,	,	,无售后或售后取消,,	,	,,,,,,,否,否,	,否,	,,656.0	,0.0	,0.0	,0.0	,0.0	,0.0	,0.0	,0.0	,656.0	,656.0	,	,	,****,****,****,****,,否,否,	,	,	,否,	,	,	,	,	,	,	,	,	,	,	,	,否,否,	,否,	,,	,否,	,否,,,否
云米净水器滤芯小蓝调小海豚600G+专用复合滤芯RO反渗透滤芯过滤,251022-133651546540791,未发货，退款成功,1	,正常,2025-10-22 15:30:16,2025-10-23 15:30:17,,	,	,296967601341	,5in1复合滤芯 2年长效,1600193054565	,厨房电器,净水器/净水设备及配件耗材,净水器,	,6923185627425	,	,补差后返到手价99,	,退款成功,,2025-10-22 15:30:17,	,,,,,,,否,否,	,否,	,,299.0	,0.0	,0.0	,0.0	,0.0	,0.0	,0.0	,0.0	,299.0	,299.0	,	,	,江苏省,盐城市,亭湖区,,,否,否,	,	,	,否,	,	,	,	,	,	,	,	,	,	,	,	,否,否,	,否,否,,	,否,	,否,,,否
【重磅新品】云米净水器600G小海豚升级版厨下式RO反渗透直饮家用,251022-231871660340761,已取消,1	,正常,	,	,,	,	,225501370546	,【24年新品】600G升级版6年长效,1600502140541	,厨房电器,净水器/净水设备及配件耗材,净水器,	,6923185653684	,6923185616399	,	,	,无售后或售后取消,,	,	,,,,,,,否,否,	,否,	,,559.0	,0.0	,0.0	,0.0	,0.0	,0.0	,0.0	,0.0	,559.0	,559.0	,	,	,****,****,****,****,,否,否,	,	,	,否,	,	,	,	,	,	,	,	,	,	,	,	,否,否,	,否,	,,	,否,	,否,,,否
【重磅新品】云米净水器600G小海豚升级版厨下式RO反渗透直饮家用,251022-499248064940791,已取消,1	,正常,	,	,,	,	,225501370546	,【24年新品】600G升级版6年长效,1600502140541	,厨房电器,净水器/净水设备及配件耗材,净水器,	,6923185653684	,6923185616399	,	,	,无售后或售后取消,,	,	,,,,,,,否,否,	,否,	,,559.0	,0.0	,0.0	,0.0	,0.0	,0.0	,0.0	,0.0	,559.0	,559.0	,	,	,****,****,****,****,,否,否,	,	,	,否,	,	,	,	,	,	,	,	,	,	,	,	,否,否,	,否,	,,	,否,	,否,,,否
云米净水器滤芯家用小海豚小蓝调小白龙系列专用RO反渗透,251022-674140024340272,已发货，待收货,1	,正常,2025-10-22 15:07:46,2025-10-24 15:07:46,,2025-10-22 17:42:00,	,232467205433	,5in1 复合滤芯,1647394585330	,厨房电器,净水器/净水设备及配件耗材,净水器,	,6923185627425	,	,补差后返 到手价109,	,无售后或售后取消,,2025-10-22 15:07:46,	,,,,,,,否,否,	,否,	,,149.0	,0.0	,0.0	,7.0	,0.0	,0.0	,0.0	,0.0	,142.0	,149.0	,JDV023596215002,京东配送,重庆市,重庆市,渝北区,,,否,否,	,	,	,否,	,	,	,	,	,	,	,	,	,	,	,	,否,否,	,否,否,,	,否,	,否,,,否
【重磅新品】云米净水器600G小海豚升级版厨下式RO反渗透直饮家用,251022-683168315820791,未发货，退款成功,1	,正常,2025-10-22 15:07:18,2025-10-23 15:07:19,,	,	,225501370546	,【24年新品】600G升级版6年长效,1600502140541	,厨房电器,净水器/净水设备及配件耗材,净水器,	,6923185653684	,6923185616399	,拦截	ZX2510220063059,	,退款成功,,2025-10-22 15:07:19,	,,,,,,,否,否,	,否,	,,559.0	,0.0	,0.0	,0.0	,0.0	,0.0	,0.0	,0.0	,559.0	,559.0	,	,	,江苏省,盐城市,亭湖区,,,否,否,	,	,	,否,	,	,	,	,	,	,	,	,	,	,	,	,否,否,	,否,否,,	,否,	,否,,,否
云米净水器滤芯小蓝调小海豚600G+专用复合滤芯RO反渗透滤芯过滤,251022-364589924780791,已取消,1	,正常,	,	,,	,	,296967601341	,5in1复合滤芯 2年长效,1600193054565	,厨房电器,净水器/净水设备及配件耗材,净水器,	,6923185627425	,	,	,	,无售后或售后取消,,	,	,,,,,,,否,否,	,否,	,,299.0	,0.0	,0.0	,0.0	,0.0	,0.0	,0.0	,0.0	,299.0	,299.0	,	,	,****,****,****,****,,否,否,	,	,	,否,	,	,	,	,	,	,	,	,	,	,	,	,否,否,	,否,	,,	,否,	,否,,,否
【重磅新品】云米净水器600G小海豚升级版厨下式RO反渗透直饮家用,251022-192791232940791,已取消,1	,正常,	,	,,	,	,225501370546	,【24年新品】600G升级版6年长效,1600502140541	,厨房电器,净水器/净水设备及配件耗材,净水器,	,6923185653684	,6923185616399	,	,	,无售后或售后取消,,	,	,,,,,,,否,否,	,否,	,,559.0	,0.0	,0.0	,0.0	,0.0	,0.0	,0.0	,0.0	,559.0	,559.0	,	,	,****,****,****,****,,否,否,	,	,	,否,	,	,	,	,	,	,	,	,	,	,	,	,否,否,	,否,	,,	,否,	,否,,,否
【重磅新品】云米净水器600G小海豚升级版厨下式RO反渗透直饮家用,251022-612662023722095,未发货，退款成功,1	,正常,2025-10-22 15:01:48,2025-10-23 15:01:48,,	,	,225501370546	,【24年新品】600G升级版6年长效,1600502140541	,厨房电器,净水器/净水设备及配件耗材,净水器,	,6923185653684	,6923185616399	,聚水潭已取消发货 已退款   叶10.22,	,退款成功,,2025-10-22 15:01:48,	,,,,,,,否,否,	,否,	,,559.0	,0.0	,0.0	,5.0	,1.1	,0.0	,0.0	,0.0	,554.0	,559.0	,	,	,广东省,中山市,古镇,,,否,否,	,	,	,否,	,	,	,	,	,	,	,	,	,	,	,	,否,否,	,否,否,,	,否,	,否,,,否
云米净水器滤芯小蓝调小海豚600G+专用复合滤芯RO反渗透滤芯过滤,251022-219162919323591,已发货，待收货,2	,正常,2025-10-22 14:59:35,2025-10-23 14:59:35,,2025-10-22 16:57:11,	,296967601341	,5in1复合滤芯 2年长效,1600193054565	,厨房电器,净水器/净水设备及配件耗材,净水器,	,6923185627425	,	,补差后返到手价99一支,	,无售后或售后取消,,2025-10-22 14:59:35,	,,,,,,,否,否,	,否,	,,598.0	,0.0	,5.98	,0.0	,0.0	,0.0	,0.0	,0.0	,592.02	,592.02	,JDV023597122607,京东配送,上海市,上海市,浦东新区,,,否,否,	,	,	,否,	,	,	,	,	,	,	,	,	,	,	,	,否,否,	,否,否,,	,否,	,否,,,否
【重磅新品】云米净水器600G小海豚升级版厨下式RO反渗透直饮家用,251022-547807619483591,已发货，待收货,1	,正常,2025-10-22 14:57:37,2025-10-23 14:57:37,,2025-10-23 09:24:37,	,225501370546	,【24年新品】600G升级版6年长效,1600502140541	,厨房电器,净水器/净水设备及配件耗材,净水器,	,6923185653684	,6923185616399	,	,	,无售后或售后取消,,2025-10-22 14:57:37,	,,,,,,,否,否,	,否,	,,559.0	,0.0	,0.0	,0.0	,0.0	,0.0	,0.0	,0.0	,559.0	,559.0	,JDV023608205342,京东大件物流,上海市,上海市,浦东新区,,,否,否,	,	,	,否,	,	,	,	,	,	,	,	,	,	,	,	,否,否,	,否,否,,	,否,	,否,,,否
云米智能双胆电热水器扁桶家用速热储水式60L超薄抑菌节能大水量,251022-433858844223545,已发货，待收货,1	,正常,2025-10-22 14:49:58,2025-10-23 14:49:58,,2025-10-22 20:20:43,	,290130975552	,"纤薄安全节能60L,双胆扁桶",1756848157332	,大家电,热水器,电热水器,	,6923185610410	,6923185610410	,	,	,无售后或售后取消,,2025-10-22 14:49:58,	,,,,,,,否,否,	,否,	,,799.0	,0.0	,0.0	,35.0	,0.0	,0.0	,0.0	,0.0	,764.0	,799.0	,JDV023600079405,京东配送,福建省,莆田市,涵江区,,,否,否,	,	,	,否,	,	,	,	,	,	,	,	,	,	,	,	,否,否,	,否,否,,	,否,	,否,,,否
云米顶侧双吸大吸力低噪油烟机猛火液化气聚能灶智能套装家用厨房,251022-367316232523864,已发货，待收货,1	,正常,2025-10-22 14:48:13,2025-10-23 14:48:13,,2025-10-23 10:30:20,	,674950510509	,【烟灶套装】顶侧双吸烟机+5.0KW灶（天）,1744061180430	,大家电,厨房大电,烟灶消套装,	,S2405071349001,S2501061036001,ZX2510230062094催发,	,无售后或售后取消,,2025-10-22 14:48:13,	,,,,,,,否,否,	,否,	,,1187.0	,0.0	,60.0	,40.0	,0.0	,0.0	,0.0	,0.0	,1087.0	,1127.0	,JDV023608358207,京东大件物流,辽宁省,沈阳市,新民市,,,否,否,	,	,	,否,	,	,	,	,	,	,	,	,	,	,	,	,否,否,	,否,否,,	,否,	,否,,,否
【重磅新品】云米净水器600G小海豚升级版厨下式RO反渗透直饮家用,251022-558366779763266,已取消,1	,正常,	,	,,	,	,225501370546	,【24年新品】600G升级版6年长效,1600502140541	,厨房电器,净水器/净水设备及配件耗材,净水器,	,6923185653684	,6923185616399	,	,	,无售后或售后取消,,	,	,,,,,,,否,否,	,否,	,,559.0	,0.0	,0.0	,0.0	,0.0	,0.0	,0.0	,0.0	,559.0	,559.0	,	,	,****,****,****,****,,否,否,	,	,	,否,	,	,	,	,	,	,	,	,	,	,	,	,否,否,	,否,	,,	,否,	,否,,,否
【重磅新品】云米净水器600G小海豚升级版厨下式RO反渗透直饮家用,251022-556898731573430,已取消,1	,正常,	,	,,	,	,225501370546	,【24年新品】600G升级版6年长效,1600502140541	,厨房电器,净水器/净水设备及配件耗材,净水器,	,6923185653684	,6923185616399	,	,	,无售后或售后取消,,	,	,,,,,,,否,否,	,否,	,,559.0	,0.0	,0.0	,0.0	,0.0	,0.0	,0.0	,0.0	,559.0	,559.0	,	,	,****,****,****,****,,否,否,	,	,	,否,	,	,	,	,	,	,	,	,	,	,	,	,否,否,	,否,	,,	,否,	,否,,,否
【重磅新品】云米净水器600G小海豚升级版厨下式RO反渗透直饮家用,251022-154570658203591,已取消,1	,正常,	,	,,	,	,225501370546	,【24年新品】600G升级版6年长效,1600502140541	,厨房电器,净水器/净水设备及配件耗材,净水器,	,6923185653684	,6923185616399	,	,	,无售后或售后取消,,	,	,,,,,,,否,否,	,否,	,,559.0	,0.0	,0.0	,0.0	,0.0	,0.0	,0.0	,0.0	,559.0	,559.0	,	,	,****,****,****,****,,否,否,	,	,	,否,	,	,	,	,	,	,	,	,	,	,	,	,否,否,	,否,	,,	,否,	,否,,,否
云米全自动智能门锁人脸猫眼密码指纹安全防撬大屏锁已接入米家AP,251022-474092726663031,已发货，待收货,1	,正常,2025-10-22 14:48:47,2025-10-23 14:48:47,,2025-10-22 19:26:18,	,804409121514	,LBT16A【人脸猫眼】智能门锁,1778430742491	,基础建材,智能门锁/电子锁,智能门锁/电子锁,	,6923185652724	,	,	,	,无售后或售后取消,,2025-10-22 14:48:47,	,,,,,,,否,否,	,否,	,,849.0	,0.0	,0.0	,100.0	,0.0	,0.0	,0.0	,0.0	,749.0	,849.0	,JDV023599690027,京东配送,山西省,太原市,小店区,,,否,否,	,	,	,否,	,	,	,	,	,	,	,	,	,	,	,	,否,否,	,否,是,3	,消费者,否,	,否,,花呗分期,否
【重磅新品】云米净水器600G小海豚升级版厨下式RO反渗透直饮家用,251022-585734633900791,已取消,1	,正常,	,	,,	,	,225501370546	,【24年新品】600G升级版6年长效,1600502140541	,厨房电器,净水器/净水设备及配件耗材,净水器,	,6923185653684	,6923185616399	,	,	,无售后或售后取消,,	,	,,,,,,,否,否,	,否,	,,559.0	,0.0	,0.0	,0.0	,0.0	,0.0	,0.0	,0.0	,559.0	,559.0	,	,	,****,****,****,****,,否,否,	,	,	,否,	,	,	,	,	,	,	,	,	,	,	,	,否,否,	,否,	,,	,否,	,否,,,否
viomi云米净水器800G反渗透RO厨下式家用长效滤芯,251022-044595986752714,待发货,1	,正常,2025-10-22 14:45:37,2025-10-24 14:45:37,,	,	,837957770723	,	,1800120524656	,厨房电器,净水器/净水设备及配件耗材,净水器,	,MR862-C,6923185653974	,	,	,无售后或售后取消,,2025-10-22 14:45:37,	,,,,,,,否,否,	,否,	,,799.0	,0.0	,0.0	,100.0	,0.0	,0.0	,0.0	,0.0	,699.0	,799.0	,	,	,广东省,揭阳市,惠来县,,,否,否,	,	,	,否,	,	,	,	,	,	,	,	,	,	,	,	,否,否,	,否,否,,	,否,	,否,,,否
【重磅新品】云米净水器600G小海豚升级版厨下式RO反渗透直饮家用,251022-680746043020813,已取消,1	,正常,	,	,,	,	,225501370546	,【24年新品】600G升级版6年长效,1600502140541	,厨房电器,净水器/净水设备及配件耗材,净水器,	,6923185653684	,6923185616399	,	,	,无售后或售后取消,,	,	,,,,,,,否,否,	,否,	,,559.0	,0.0	,0.0	,0.0	,0.0	,0.0	,0.0	,0.0	,559.0	,559.0	,	,	,****,****,****,****,,否,否,	,	,	,否,	,	,	,	,	,	,	,	,	,	,	,	,否,否,	,否,	,,	,否,	,否,,,否
【重磅新品】云米净水器600G小海豚升级版厨下式RO反渗透直饮家用,251022-258369175861636,已取消,1	,正常,	,	,,	,	,225501370546	,【24年新品】600G升级版6年长效,1600502140541	,厨房电器,净水器/净水设备及配件耗材,净水器,	,6923185653684	,6923185616399	,	,	,无售后或售后取消,,	,	,,,,,,,否,否,	,否,	,,559.0	,0.0	,0.0	,0.0	,0.0	,0.0	,0.0	,0.0	,559.0	,559.0	,	,	,****,****,****,****,,否,否,	,	,	,否,	,	,	,	,	,	,	,	,	,	,	,	,否,否,	,否,	,,	,否,	,否,,,否
云米净水器滤芯小蓝调小海豚600G+专用复合滤芯RO反渗透滤芯过滤,251022-280357845372981,已发货，待收货,2	,正常,2025-10-22 14:26:26,2025-10-23 14:26:26,,2025-10-22 19:22:51,	,296967601341	,5in1复合滤芯 2年长效,1600193054565	,厨房电器,净水器/净水设备及配件耗材,净水器,	,6923185627425	,	,后返到手价99一个,	,无售后或售后取消,,2025-10-22 14:26:26,	,,,,,,,否,否,	,否,	,,598.0	,0.0	,5.98	,20.0	,0.0	,0.0	,0.0	,0.0	,572.02	,592.02	,JDV023598599584,京东配送,河南省,新乡市,红旗区,,,否,否,	,	,	,否,	,	,	,	,	,	,	,	,	,	,	,	,否,否,	,否,否,,	,否,	,否,,,否
【新鲜0陈水】云米净水器小海豚21000G厨下直饮小体积净水机RO机,251022-370294136443856,已发货，待收货,1	,正常,2025-10-22 14:25:35,2025-10-23 14:25:35,,2025-10-23 10:30:17,	,309517106373	,【新鲜0陈水】1000G大通量RO净水器,1734374586129	,厨房电器,净水器/净水设备及配件耗材,净水器,	,6923185654247	,	,ZX2510230062094催发,	,无售后或售后取消,,2025-10-22 14:25:35,	,,,,,,,否,否,	,否,	,,872.0	,0.0	,0.0	,0.0	,0.0	,0.0	,0.0	,0.0	,872.0	,872.0	,JDV023608399156,京东大件物流,湖北省,武汉市,江岸区,,,否,否,	,	,	,否,	,	,	,	,	,	,	,	,	,	,	,	,否,否,	,否,否,,	,否,	,否,,,否
【重磅新品】云米净水器600G小海豚升级版厨下式RO反渗透直饮家用,251022-669390016892981,已发货，待收货,1	,正常,2025-10-22 14:20:07,2025-10-23 14:20:07,,2025-10-22 21:11:22,	,225501370546	,【24年新品】600G升级版6年长效,1600502140541	,厨房电器,净水器/净水设备及配件耗材,净水器,	,6923185653684	,6923185616399	,	,	,无售后或售后取消,,2025-10-22 14:20:07,	,,,,,,,否,否,	,否,	,,559.0	,0.0	,0.0	,55.9	,0.0	,0.0	,0.0	,0.0	,503.1	,559.0	,JDV023598599603,京东大件物流,河南省,新乡市,红旗区,,,否,否,	,	,	,否,	,	,	,	,	,	,	,	,	,	,	,	,否,否,	,否,否,,	,否,	,否,,,否
云米全自动智能马桶水箱泡沫盾抗菌即热恒温座圈离座冲水小鲸鱼2,251022-366550750853850,已取消,1	,正常,	,	,,	,	,237591380789	,【智能马桶】400mm,1771263282620	,家装主材,卫浴陶瓷,智能坐便器,	,6923185654605	,小鲸鱼,	,	,无售后或售后取消,,	,	,,,,,,,否,否,	,否,	,,1264.0	,0.0	,76.0	,0.0	,0.0	,0.0	,0.0	,0.0	,1188.0	,1188.0	,	,	,****,****,****,****,,否,否,	,	,	,否,	,	,	,	,	,	,	,	,	,	,	,	,否,否,	,否,	,,	,否,	,否,,,否
【重磅新品】云米净水器600G小海豚升级版厨下式RO反渗透直饮家用,251022-162571251320033,已取消,1	,正常,	,	,,	,	,225501370546	,【24年新品】600G升级版6年长效,1600502140541	,厨房电器,净水器/净水设备及配件耗材,净水器,	,6923185653684	,6923185616399	,	,	,无售后或售后取消,,	,	,,,,,,,否,否,	,否,	,,559.0	,0.0	,0.0	,55.9	,0.0	,0.0	,0.0	,0.0	,503.1	,559.0	,	,	,****,****,****,****,,否,否,	,	,	,否,	,	,	,	,	,	,	,	,	,	,	,	,否,否,	,否,	,,	,否,	,否,,,否
【新鲜0陈水】云米净水器小海豚21000G厨下直饮小体积净水机RO机,251022-021768487222255,未发货，退款成功,1	,正常,2025-10-22 13:51:47,2025-10-23 13:51:47,,	,	,309517106373	,【新鲜0陈水】1000G大通量RO净水器,1734374586129	,厨房电器,净水器/净水设备及配件耗材,净水器,	,6923185654247	,	,拦截	ZX2510220063059,	,退款成功,,2025-10-22 13:51:47,	,,,,,,,否,否,	,否,	,,872.0	,0.0	,0.0	,57.0	,0.2	,0.0	,0.0	,0.0	,815.0	,872.0	,	,	,北京市,北京市,丰台区,,,否,否,	,	,	,否,	,	,	,	,	,	,	,	,	,	,	,	,否,否,	,否,否,,	,否,	,否,,,否
【重磅新品】云米净水器600G小海豚升级版厨下式RO反渗透直饮家用,251022-607985344121469,已发货，待收货,1	,正常,2025-10-22 13:47:16,2025-10-23 13:47:16,,2025-10-22 21:11:02,	,225501370546	,【24年新品】600G升级版6年长效,1600502140541	,厨房电器,净水器/净水设备及配件耗材,净水器,	,6923185653684	,6923185616399	,	,	,无售后或售后取消,,2025-10-22 13:47:16,	,,,,,,,否,否,	,否,	,,559.0	,0.0	,0.0	,0.0	,0.0	,0.0	,0.0	,0.0	,559.0	,559.0	,JDV023596947850,京东大件物流,河南省,许昌市,禹州市,,,否,否,	,	,	,否,	,	,	,	,	,	,	,	,	,	,	,	,否,否,	,否,否,,	,否,	,否,,,否
【重磅新品】云米净水器600G小海豚升级版厨下式RO反渗透直饮家用,251022-436983621992013,已发货，待收货,1	,正常,2025-10-22 13:45:46,2025-10-23 13:45:46,,2025-10-22 21:11:02,	,225501370546	,【24年新品】600G升级版6年长效,1600502140541	,厨房电器,净水器/净水设备及配件耗材,净水器,	,6923185653684	,6923185616399	,	,	,无售后或售后取消,,2025-10-22 13:45:46,	,,,,,,,否,否,	,否,	,,559.0	,0.0	,0.0	,0.0	,0.0	,0.0	,0.0	,0.0	,559.0	,559.0	,JDV023596939373,京东大件物流,内蒙古自治区,呼和浩特市,玉泉区,,,否,否,	,	,	,否,	,	,	,	,	,	,	,	,	,	,	,	,否,否,	,否,是,3	,商家,否,	,否,,信用卡分期,否
【重磅新品】云米净水器600G小海豚升级版厨下式RO反渗透直饮家用,251022-315160052072585,已取消,1	,正常,	,	,,	,	,225501370546	,【24年新品】600G升级版6年长效,1600502140541	,厨房电器,净水器/净水设备及配件耗材,净水器,	,6923185653684	,6923185616399	,	,	,无售后或售后取消,,	,	,,,,,,,否,否,	,否,	,,559.0	,0.0	,0.0	,0.0	,0.0	,0.0	,0.0	,0.0	,559.0	,559.0	,	,	,****,****,****,****,,否,否,	,	,	,否,	,	,	,	,	,	,	,	,	,	,	,	,否,否,	,否,	,,	,否,	,否,,,否
云米小厨宝6L电热水器厨房卫生间出水恒温储水式小型速热神器加热,251022-467119716711256,已发货，待收货,1	,正常,2025-10-22 13:40:12,2025-10-23 13:40:12,,2025-10-22 19:29:20,	,208073193570	,热水即刻有-【6L】,1801828025682	,大家电,热水器,厨宝,	,6923185611233	,6923185611233	,	,	,无售后或售后取消,,2025-10-22 13:40:12,	,,,,,,,否,否,	,否,	,,280.0	,0.0	,0.0	,0.0	,0.0	,0.0	,0.0	,0.0	,280.0	,280.0	,JDV023594184663,京东配送,浙江省,宁波市,余姚市,,,否,否,	,	,	,否,	,	,	,	,	,	,	,	,	,	,	,	,否,否,	,否,否,,	,否,	,否,,,否
【重磅新品】云米净水器600G小海豚升级版厨下式RO反渗透直饮家用,251022-409039071670232,已发货，待收货,1	,正常,2025-10-22 13:39:48,2025-10-23 13:39:49,,2025-10-22 21:11:02,	,225501370546	,【24年新品】600G升级版6年长效,1600502140541	,厨房电器,净水器/净水设备及配件耗材,净水器,	,6923185653684	,6923185616399	,	,	,无售后或售后取消,,2025-10-22 13:39:49,	,,,,,,,否,否,	,否,	,,559.0	,0.0	,0.0	,0.0	,15.0	,0.0	,0.0	,0.0	,559.0	,559.0	,JDV023596975310,京东大件物流,辽宁省,鞍山市,岫岩满族自治县,,,否,否,	,	,	,否,	,	,	,	,	,	,	,	,	,	,	,	,否,否,	,否,否,,	,否,	,否,,,否
云米智能AI门锁3D指纹密码蓝牙可连大容量续航家用公寓自动安全,251022-039783053684063,已发货，待收货,1	,正常,2025-10-22 13:46:51,2025-10-23 13:46:51,,2025-10-22 18:51:16,	,743885774552	,"云米蓝调指纹密码锁LBT11C,黑色",1734954999916	,基础建材,智能门锁/电子锁,智能门锁/电子锁,	,6923185655381	,6923185655381	,	,	,无售后或售后取消,,2025-10-22 13:46:51,	,,,,,,,否,否,	,否,	,,660.0	,0.0	,40.0	,70.0	,0.0	,0.0	,0.0	,0.0	,550.0	,620.0	,JDV023599007862,京东配送,河北省,保定市,竞秀区,,,否,否,	,	,	,否,	,	,	,	,	,	,	,	,	,	,	,	,否,否,	,否,否,,	,否,	,否,,,否
【重磅新品】云米净水器600G小海豚升级版厨下式RO反渗透直饮家用,251022-637964152332345,已发货，待收货,1	,正常,2025-10-22 13:38:49,2025-10-23 13:38:49,,2025-10-22 21:11:02,	,225501370546	,【24年新品】600G升级版6年长效,1600502140541	,厨房电器,净水器/净水设备及配件耗材,净水器,	,6923185653684	,6923185616399	,	,	,无售后或售后取消,,2025-10-22 13:38:49,	,,,,,,,否,否,	,否,	,,559.0	,0.0	,0.0	,5.0	,0.0	,0.0	,0.0	,0.0	,554.0	,559.0	,JDV023599019859,京东大件物流,广东省,广州市,从化区,,,否,否,	,	,	,否,	,	,	,	,	,	,	,	,	,	,	,	,否,否,	,否,否,,	,否,	,否,,,否
云米净饮机X2系列滤芯X2mini mango复合滤芯5in1/6in1 RO反渗透,251022-284583586121230,已发货，待收货,1	,正常,2025-10-22 13:38:14,2025-10-24 13:38:14,,2025-10-22 19:17:24,	,243153009643	,5in1复合滤芯,1647361685369	,厨房电器,净水器/净水设备及配件耗材,净水器,	,6923185627425	,6923185614258	,	,	,无售后或售后取消,,2025-10-22 13:38:14,	,,,,,,,否,否,	,否,	,,149.0	,0.0	,0.0	,15.0	,0.0	,0.0	,0.0	,0.0	,134.0	,149.0	,JDV023599020086,京东配送,广东省,汕头市,潮阳区,,,否,否,	,	,	,否,	,	,	,	,	,	,	,	,	,	,	,	,否,否,	,否,否,,	,否,	,否,,,否
【重磅新品】云米净水器600G小海豚升级版厨下式RO反渗透直饮家用,251022-541327388253461,已发货，待收货,1	,正常,2025-10-22 13:33:46,2025-10-23 13:33:46,,2025-10-22 21:11:01,	,225501370546	,【24年新品】600G升级版6年长效,1600502140541	,厨房电器,净水器/净水设备及配件耗材,净水器,	,6923185653684	,6923185616399	,	,	,无售后或售后取消,,2025-10-22 13:33:46,	,,,,,,,否,否,	,否,	,,559.0	,0.0	,0.0	,30.0	,0.0	,0.0	,0.0	,0.0	,529.0	,559.0	,JDV023599010482,京东大件物流,湖南省,长沙市,长沙县,,,否,否,	,	,	,否,	,	,	,	,	,	,	,	,	,	,	,	,否,否,	,否,否,,	,否,	,否,,,否
【母婴直饮】云米净水器 SE 600G+ 新升级厨下式RO反渗透直饮家用,251022-633717429790914,已取消,1	,正常,	,	,,	,	,819506595979	,【24年新品】600G升级版6年长效,1787046011387	,厨房电器,净水器/净水设备及配件耗材,净水器,	,6923185653684	,6923185616399	,	,	,无售后或售后取消,,	,	,,,,,,,否,否,	,否,	,,799.0	,0.0	,152.2	,38.0	,0.0	,0.0	,0.0	,0.0	,608.8	,646.8	,	,	,****,****,****,****,,否,否,	,	,	,否,	,	,	,	,	,	,	,	,	,	,	,	,否,否,	,否,	,,	,否,	,否,,,否
【小海豚1000G管线机套装】云米净水器家用厨下一键即热制冷直饮,251022-410748229201099,已发货，待收货,1	,正常,2025-10-22 13:29:29,2025-10-23 13:29:29,,2025-10-22 19:00:22,	,246986456918	,【0陈水2件套】1000G+净热管线机2S,1751903219859	,厨房电器,净水器/净水设备及配件耗材,净水器,	,S2503111807001,	,	,	,无售后或售后取消,,2025-10-22 13:29:29,	,,,,,,,否,否,	,否,	,,1795.0	,0.0	,341.05	,89.75	,0.0	,0.0	,0.0	,0.0	,1364.2	,1453.95	,JDV023599027025,京东配送,安徽省,亳州市,蒙城县,,,否,否,	,	,	,否,	,	,	,	,	,	,	,	,	,	,	,	,否,否,	,否,否,,	,否,	,否,,,否
【重磅新品】云米净水器600G小海豚升级版厨下式RO反渗透直饮家用,251022-330259556773572,未发货，退款成功,1	,正常,2025-10-22 13:24:00,2025-10-23 13:24:01,,	,	,225501370546	,【24年新品】600G升级版6年长效,1600502140541	,厨房电器,净水器/净水设备及配件耗材,净水器,	,6923185653684	,6923185616399	,聚水潭已取消发货 已退款   叶10.22,	,退款成功,,2025-10-22 13:24:01,	,,,,,,,否,否,	,否,	,,559.0	,0.0	,0.0	,0.0	,0.0	,0.0	,0.0	,0.0	,559.0	,559.0	,	,	,黑龙江省,哈尔滨市,道外区,,,否,否,	,	,	,否,	,	,	,	,	,	,	,	,	,	,	,	,否,否,	,否,否,,	,否,	,否,,,否
【重磅新品】云米净水器600G小海豚升级版厨下式RO反渗透直饮家用,251022-637628639583215,已发货，待收货,1	,正常,2025-10-22 13:24:36,2025-10-23 13:24:37,,2025-10-23 09:24:37,	,225501370546	,【24年新品】600G升级版6年长效,1600502140541	,厨房电器,净水器/净水设备及配件耗材,净水器,	,6923185653684	,6923185616399	,	,	,无售后或售后取消,,2025-10-22 13:24:37,	,,,,,,,否,否,	,否,	,,559.0	,0.0	,0.0	,3.0	,0.0	,0.0	,0.0	,0.0	,556.0	,559.0	,JDV023608244087,京东大件物流,江苏省,徐州市,鼓楼区,,,否,否,	,	,	,否,	,	,	,	,	,	,	,	,	,	,	,	,否,否,	,否,否,,	,否,	,否,,,否
【新鲜0陈水】云米净水器小海豚21000G厨下直饮小体积净水机RO机,251022-028961697314041,已发货，待收货,1	,正常,2025-10-22 13:17:26,2025-10-23 13:17:26,,2025-10-23 10:30:18,	,309517106373	,【新鲜0陈水】1000G大通量RO净水器,1734374586129	,厨房电器,净水器/净水设备及配件耗材,净水器,	,6923185654247	,	,ZX2510230062194 拦截 10.23,	,售后处理中,,2025-10-22 13:17:26,	,,,,,,,否,否,	,否,	,,872.0	,0.0	,0.0	,30.0	,0.0	,0.0	,0.0	,0.0	,842.0	,872.0	,JDV023608443562,京东大件物流,四川省,绵阳市,安州区,,,否,否,	,	,	,否,	,	,	,	,	,	,	,	,	,	,	,	,否,否,	,否,否,,	,否,	,否,,,否
【重磅新品】云米净水器600G小海豚升级版厨下式RO反渗透直饮家用,251022-042740017533088,已发货，待收货,1	,正常,2025-10-22 13:13:21,2025-10-23 13:13:21,,2025-10-22 21:11:01,	,225501370546	,【24年新品】600G升级版6年长效,1600502140541	,厨房电器,净水器/净水设备及配件耗材,净水器,	,6923185653684	,6923185616399	,	,	,无售后或售后取消,,2025-10-22 13:13:21,	,,,,,,,否,否,	,否,	,,559.0	,0.0	,0.0	,55.9	,0.0	,0.0	,0.0	,0.0	,503.1	,559.0	,JDV023599119607,京东大件物流,福建省,莆田市,仙游县,,,否,否,	,	,	,否,	,	,	,	,	,	,	,	,	,	,	,	,否,否,	,否,否,,	,否,	,否,,,否
【重磅新品】云米净水器600G小海豚升级版厨下式RO反渗透直饮家用,251022-437245766061020,已取消,1	,正常,	,	,,	,	,225501370546	,【24年新品】600G升级版6年长效,1600502140541	,厨房电器,净水器/净水设备及配件耗材,净水器,	,6923185653684	,6923185616399	,	,	,无售后或售后取消,,	,	,,,,,,,否,否,	,否,	,,559.0	,0.0	,0.0	,0.0	,0.0	,0.0	,0.0	,0.0	,559.0	,559.0	,	,	,****,****,****,****,,否,否,	,	,	,否,	,	,	,	,	,	,	,	,	,	,	,	,否,否,	,否,	,,	,否,	,否,,,否
云米全自动智能马桶水箱泡沫盾抗菌即热恒温座圈离座冲水小鲸鱼2,251022-646530997873450,已取消,1	,正常,	,	,,	,	,237591380789	,【智能马桶】300mm,1771263282619	,家装主材,卫浴陶瓷,智能坐便器,	,6923185654599	,小鲸鱼,	,	,无售后或售后取消,,	,	,,,,,,,否,否,	,否,	,,1264.0	,0.0	,76.0	,80.0	,0.0	,0.0	,0.0	,0.0	,1108.0	,1188.0	,	,	,****,****,****,****,,否,否,	,	,	,否,	,	,	,	,	,	,	,	,	,	,	,	,否,否,	,否,	,,	,否,	,否,,,否
【重磅新品】云米净水器600G小海豚升级版厨下式RO反渗透直饮家用,251022-421296914831096,已发货，待收货,1	,正常,2025-10-22 12:53:58,2025-10-23 12:53:59,,2025-10-22 21:11:02,	,225501370546	,【24年新品】600G升级版6年长效,1600502140541	,厨房电器,净水器/净水设备及配件耗材,净水器,	,6923185653684	,6923185616399	,	,	,无售后或售后取消,,2025-10-22 12:53:59,	,,,,,,,否,否,	,否,	,,559.0	,0.0	,0.0	,55.9	,5.0	,0.0	,0.0	,0.0	,503.1	,559.0	,JDV023599080160,京东大件物流,广东省,深圳市,坪山区,,,否,否,	,	,	,否,	,	,	,	,	,	,	,	,	,	,	,	,否,否,	,否,否,,	,否,	,否,,,否
【重磅新品】云米净水器600G小海豚升级版厨下式RO反渗透直饮家用,251022-606622237071096,已取消,1	,正常,	,	,,	,	,225501370546	,【24年新品】600G升级版6年长效,1600502140541	,厨房电器,净水器/净水设备及配件耗材,净水器,	,6923185653684	,6923185616399	,	,	,无售后或售后取消,,	,	,,,,,,,否,否,	,否,	,,559.0	,0.0	,0.0	,55.9	,0.0	,0.0	,0.0	,0.0	,503.1	,559.0	,	,	,****,****,****,****,,否,否,	,	,	,否,	,	,	,	,	,	,	,	,	,	,	,	,否,否,	,否,	,,	,否,	,否,,,否
【重磅新品】云米净水器600G小海豚升级版厨下式RO反渗透直饮家用,251022-390835781941801,已发货，待收货,1	,正常,2025-10-22 12:42:06,2025-10-23 12:42:07,,2025-10-22 21:11:02,	,225501370546	,【24年新品】600G升级版6年长效,1600502140541	,厨房电器,净水器/净水设备及配件耗材,净水器,	,6923185653684	,6923185616399	,	,	,无售后或售后取消,,2025-10-22 12:42:07,	,,,,,,,否,否,	,否,	,,559.0	,0.0	,0.0	,0.0	,0.0	,0.0	,0.0	,0.0	,559.0	,559.0	,JDV023599035718,京东大件物流,陕西省,安康市,汉滨区,,,否,否,	,	,	,否,	,	,	,	,	,	,	,	,	,	,	,	,否,否,	,否,否,,	,否,	,否,,,否
【重磅新品】云米净水器600G小海豚升级版厨下式RO反渗透直饮家用,251022-638918388011951,已发货，待收货,1	,正常,2025-10-22 12:40:25,2025-10-23 12:40:25,,2025-10-22 21:11:02,	,225501370546	,【24年新品】600G升级版6年长效,1600502140541	,厨房电器,净水器/净水设备及配件耗材,净水器,	,6923185653684	,6923185616399	,	,	,无售后或售后取消,,2025-10-22 12:40:25,	,,,,,,,否,否,	,否,	,,559.0	,0.0	,0.0	,3.0	,15.0	,0.0	,0.0	,0.0	,556.0	,559.0	,JDV023596222112,京东大件物流,山西省,晋城市,城区,,,否,否,	,	,	,否,	,	,	,	,	,	,	,	,	,	,	,	,否,否,	,否,否,,	,否,	,否,,,否
【重磅新品】云米净水器600G小海豚升级版厨下式RO反渗透直饮家用,251022-213175539211409,已发货，待收货,1	,正常,2025-10-22 12:34:13,2025-10-23 12:34:14,,2025-10-22 17:42:18,	,225501370546	,【24年新品】600G升级版6年长效,1600502140541	,厨房电器,净水器/净水设备及配件耗材,净水器,	,6923185653684	,6923185616399	,	,	,无售后或售后取消,,2025-10-22 12:34:14,	,,,,,,,否,否,	,否,	,,559.0	,0.0	,0.0	,0.0	,0.0	,0.0	,0.0	,0.0	,559.0	,559.0	,JDV023597150362,京东大件物流,江西省,九江市,浔阳区,,,否,否,	,	,	,否,	,	,	,	,	,	,	,	,	,	,	,	,否,否,	,否,否,,	,否,	,否,,,否
【重磅新品】云米净水器600G小海豚升级版厨下式RO反渗透直饮家用,251022-130967222680872,已取消,1	,正常,	,	,,	,	,225501370546	,【24年新品】600G升级版6年长效,1600502140541	,厨房电器,净水器/净水设备及配件耗材,净水器,	,6923185653684	,6923185616399	,	,	,无售后或售后取消,,	,	,,,,,,,否,否,	,否,	,,559.0	,0.0	,0.0	,55.9	,0.0	,0.0	,0.0	,0.0	,503.1	,559.0	,	,	,****,****,****,****,,否,否,	,	,	,否,	,	,	,	,	,	,	,	,	,	,	,	,否,否,	,否,	,,	,否,	,否,,,否
【重磅新品】云米净水器600G小海豚升级版厨下式RO反渗透直饮家用,251022-136419787171807,已取消,1	,正常,	,	,,	,	,225501370546	,【24年新品】600G升级版6年长效,1600502140541	,厨房电器,净水器/净水设备及配件耗材,净水器,	,6923185653684	,6923185616399	,	,	,无售后或售后取消,,	,	,,,,,,,否,否,	,否,	,,559.0	,0.0	,0.0	,3.0	,0.0	,0.0	,0.0	,0.0	,556.0	,559.0	,	,	,****,****,****,****,,否,否,	,	,	,否,	,	,	,	,	,	,	,	,	,	,	,	,否,否,	,否,	,,	,否,	,否,,,否
【重磅新品】云米净水器600G小海豚升级版厨下式RO反渗透直饮家用,251022-574483403123943,已取消,1	,正常,	,	,,	,	,225501370546	,【24年新品】600G升级版6年长效,1600502140541	,厨房电器,净水器/净水设备及配件耗材,净水器,	,6923185653684	,6923185616399	,	,	,无售后或售后取消,,	,	,,,,,,,否,否,	,否,	,,559.0	,0.0	,0.0	,0.0	,0.0	,0.0	,0.0	,0.0	,559.0	,559.0	,	,	,****,****,****,****,,否,否,	,	,	,否,	,	,	,	,	,	,	,	,	,	,	,	,否,否,	,否,	,,	,否,	,否,,,否
【重磅新品】云米净水器600G小海豚升级版厨下式RO反渗透直饮家用,251022-375683879221801,已取消,1	,正常,	,	,,	,	,225501370546	,【24年新品】600G升级版6年长效,1600502140541	,厨房电器,净水器/净水设备及配件耗材,净水器,	,6923185653684	,6923185616399	,	,	,无售后或售后取消,,	,	,,,,,,,否,否,	,否,	,,559.0	,0.0	,0.0	,0.0	,0.0	,0.0	,0.0	,0.0	,559.0	,559.0	,	,	,****,****,****,****,,否,否,	,	,	,否,	,	,	,	,	,	,	,	,	,	,	,	,否,否,	,否,	,,	,否,	,否,,,否
云米智能AI门锁3D指纹密码蓝牙可连大容量续航家用公寓自动安全,251022-257572216380519,已发货，待收货,1	,正常,2025-10-22 12:13:24,2025-10-23 12:13:24,,2025-10-22 18:56:19,	,743885774552	,"云米蓝调指纹密码锁LBT11C,黑色",1734954999916	,基础建材,智能门锁/电子锁,智能门锁/电子锁,	,6923185655381	,6923185655381	,	,	,无售后或售后取消,,2025-10-22 12:13:24,	,,,,,,,否,否,	,否,	,,660.0	,0.0	,40.0	,70.0	,1.1	,0.0	,0.0	,0.0	,550.0	,620.0	,JDV023599020050,京东配送,吉林省,长春市,公主岭市,,,否,否,	,	,	,否,	,	,	,	,	,	,	,	,	,	,	,	,否,否,	,否,否,,	,否,	,否,,,否
【母婴直饮】云米净水器 SE 600G+ 新升级厨下式RO反渗透直饮家用,251022-372810791271253,已取消,1	,正常,	,	,,	,	,819506595979	,【24年新品】600G升级版6年长效,1787046011387	,厨房电器,净水器/净水设备及配件耗材,净水器,	,6923185653684	,6923185616399	,	,	,无售后或售后取消,,	,	,,,,,,,否,否,	,否,	,,799.0	,0.0	,149.8	,50.0	,0.0	,0.0	,0.0	,0.0	,599.2	,649.2	,	,	,****,****,****,****,,否,否,	,	,	,否,	,	,	,	,	,	,	,	,	,	,	,	,否,否,	,否,	,,	,否,	,否,,,否
云米顶侧双吸大吸力低噪油烟机猛火液化气聚能灶智能套装家用厨房,251022-161354955172412,已发货，待收货,1	,正常,2025-10-22 12:08:47,2025-10-23 12:08:47,,2025-10-22 19:42:32,	,674950510509	,【烟灶套装】顶侧双吸烟机+5.0KW灶（天）,1744061180430	,大家电,厨房大电,烟灶消套装,	,S2405071349001,S2501061036001,	,	,无售后或售后取消,,2025-10-22 12:08:47,	,,,,,,,否,否,	,否,	,,1187.0	,0.0	,60.0	,40.0	,2.17	,0.0	,0.0	,0.0	,1087.0	,1127.0	,JDV023599179464,京东配送,黑龙江省,哈尔滨市,香坊区,,,否,否,	,	,	,否,	,	,	,	,	,	,	,	,	,	,	,	,否,否,	,否,否,,	,否,	,否,,,否
【重磅新品】云米净水器600G小海豚升级版厨下式RO反渗透直饮家用,251022-131837488703984,已取消,1	,正常,	,	,,	,	,225501370546	,【24年新品】600G升级版6年长效,1600502140541	,厨房电器,净水器/净水设备及配件耗材,净水器,	,6923185653684	,6923185616399	,	,	,无售后或售后取消,,	,	,,,,,,,否,否,	,否,	,,559.0	,0.0	,0.0	,0.0	,0.0	,0.0	,0.0	,0.0	,559.0	,559.0	,	,	,****,****,****,****,,否,否,	,	,	,否,	,	,	,	,	,	,	,	,	,	,	,	,否,否,	,否,	,,	,否,	,否,,,否
【重磅新品】云米净水器600G小海豚升级版厨下式RO反渗透直饮家用,251022-270165624331409,已取消,1	,正常,	,	,,	,	,225501370546	,【24年新品】600G升级版6年长效,1600502140541	,厨房电器,净水器/净水设备及配件耗材,净水器,	,6923185653684	,6923185616399	,	,	,无售后或售后取消,,	,	,,,,,,,否,否,	,否,	,,559.0	,0.0	,0.0	,0.0	,0.0	,0.0	,0.0	,0.0	,559.0	,559.0	,	,	,****,****,****,****,,否,否,	,	,	,否,	,	,	,	,	,	,	,	,	,	,	,	,否,否,	,否,	,,	,否,	,否,,,否
【母婴直饮】云米净水器 SE 600G+ 新升级厨下式RO反渗透直饮家用,251022-403072622233040,已发货，待收货,1	,正常,2025-10-22 11:44:24,2025-10-23 11:44:24,,2025-10-22 16:57:37,	,819506595979	,【24年新品】600G升级版6年长效,1787046011387	,厨房电器,净水器/净水设备及配件耗材,净水器,	,6923185653684	,6923185616399	,	,	,无售后或售后取消,,2025-10-22 11:44:24,	,,,,,,,否,否,	,否,	,,799.0	,0.0	,155.8	,20.0	,0.0	,0.0	,0.0	,0.0	,623.2	,643.2	,JDV023594147557,京东配送,重庆市,重庆市,大渡口区,,,否,否,	,	,	,否,	,	,	,	,	,	,	,	,	,	,	,	,否,否,	,否,否,,	,否,	,否,,,否
【重磅新品】云米净水器600G小海豚升级版厨下式RO反渗透直饮家用,251022-074700603832443,已发货，待收货,1	,正常,2025-10-22 11:39:17,2025-10-23 11:39:17,,2025-10-22 21:11:03,	,225501370546	,【24年新品】600G升级版6年长效,1600502140541	,厨房电器,净水器/净水设备及配件耗材,净水器,	,6923185653684	,6923185616399	,ZX2510230062125已建单拦截 [viomi诺诺sk 10/23 10:16],	,售后处理中,,2025-10-22 11:39:17,	,,,,,,,否,否,	,否,	,,559.0	,0.0	,0.0	,0.0	,1.11	,0.0	,0.0	,0.0	,559.0	,559.0	,JDV023593640848,京东大件物流,山东省,潍坊市,安丘市,,,否,否,	,	,	,否,	,	,	,	,	,	,	,	,	,	,	,	,否,否,	,否,否,,	,否,	,否,,,否
【新鲜0陈水】云米净水器小海豚21000G厨下直饮小体积净水机RO机,251022-547860026890089,已发货，待收货,1	,正常,2025-10-22 11:28:10,2025-10-23 11:28:10,,2025-10-23 10:30:17,	,309517106373	,【新鲜0陈水】1000G大通量RO净水器,1734374586129	,厨房电器,净水器/净水设备及配件耗材,净水器,	,6923185654247	,	,ZX2510230062094催发,	,无售后或售后取消,,2025-10-22 11:28:10,	,,,,,,,否,否,	,否,	,,872.0	,0.0	,0.0	,10.22	,0.0	,0.0	,0.0	,0.0	,861.78	,872.0	,JDV023608395358,京东大件物流,上海市,上海市,浦东新区,,,否,否,	,	,	,否,	,	,	,	,	,	,	,	,	,	,	,	,否,否,	,否,否,,	,否,	,否,,,否
【重磅新品】云米净水器600G小海豚升级版厨下式RO反渗透直饮家用,251022-655024494131448,已取消,1	,正常,	,	,,	,	,225501370546	,【24年新品】600G升级版6年长效,1600502140541	,厨房电器,净水器/净水设备及配件耗材,净水器,	,6923185653684	,6923185616399	,	,	,无售后或售后取消,,	,	,,,,,,,否,否,	,否,	,,559.0	,0.0	,0.0	,0.0	,0.0	,0.0	,0.0	,0.0	,559.0	,559.0	,	,	,****,****,****,****,,否,否,	,	,	,否,	,	,	,	,	,	,	,	,	,	,	,	,否,否,	,否,	,,	,否,	,否,,,否
云米矿泉台式净饮机即热式饮水机直饮家用矿化加热一体机净水器,251022-339665251913287,已发货，待收货,1	,正常,2025-10-22 11:26:09,2025-10-24 11:26:09,,2025-10-22 17:42:00,	,826920121377	,spuer2,1792670253677	,厨房电器,台式净饮机,台式净饮机,	,6923185615415	,6923185615415	,	,	,无售后或售后取消,,2025-10-22 11:26:09,	,,,,,,,否,否,	,否,	,,1385.0	,0.0	,200.25	,50.0	,0.0	,0.0	,0.0	,0.0	,1134.75	,1184.75	,JDV023594015851,京东配送,浙江省,嘉兴市,南湖区,,,否,否,	,	,	,否,	,	,	,	,	,	,	,	,	,	,	,	,否,否,	,否,否,,	,否,	,否,,,否
【重磅新品】云米净水器600G小海豚升级版厨下式RO反渗透直饮家用,251022-550460526962649,未发货，退款成功,1	,正常,2025-10-22 11:24:58,2025-10-23 11:24:58,,	,	,225501370546	,【24年新品】600G升级版6年长效,1600502140541	,厨房电器,净水器/净水设备及配件耗材,净水器,	,6923185653684	,6923185616399	,聚水潭已取消发货，仅退款  诚10.22,	,退款成功,,2025-10-22 11:24:58,	,,,,,,,否,否,	,否,	,,559.0	,0.0	,0.0	,0.0	,1.11	,0.0	,0.0	,0.0	,559.0	,559.0	,	,	,江苏省,徐州市,铜山区,,,否,否,	,	,	,否,	,	,	,	,	,	,	,	,	,	,	,	,否,否,	,否,否,,	,否,	,否,,,否
【重磅新品】云米净水器600G小海豚升级版厨下式RO反渗透直饮家用,251022-247002601113136,已取消,1	,正常,	,	,,	,	,225501370546	,【24年新品】600G升级版6年长效,1600502140541	,厨房电器,净水器/净水设备及配件耗材,净水器,	,6923185653684	,6923185616399	,	,	,无售后或售后取消,,	,	,,,,,,,否,否,	,否,	,,559.0	,0.0	,0.0	,0.0	,0.0	,0.0	,0.0	,0.0	,559.0	,559.0	,	,	,****,****,****,****,,否,否,	,	,	,否,	,	,	,	,	,	,	,	,	,	,	,	,否,否,	,否,	,,	,否,	,否,,,否
【重磅新品】云米净水器600G小海豚升级版厨下式RO反渗透直饮家用,251022-007403006322649,已取消,1	,正常,	,	,,	,	,225501370546	,【24年新品】600G升级版6年长效,1600502140541	,厨房电器,净水器/净水设备及配件耗材,净水器,	,6923185653684	,6923185616399	,	,	,无售后或售后取消,,	,	,,,,,,,否,否,	,否,	,,559.0	,0.0	,0.0	,0.0	,0.0	,0.0	,0.0	,0.0	,559.0	,559.0	,	,	,****,****,****,****,,否,否,	,	,	,否,	,	,	,	,	,	,	,	,	,	,	,	,否,否,	,否,	,,	,否,	,否,,,否
【重磅新品】云米净水器600G小海豚升级版厨下式RO反渗透直饮家用,251022-270469711383486,已发货，待收货,1	,正常,2025-10-22 11:22:28,2025-10-23 11:22:28,,2025-10-22 17:42:00,	,225501370546	,【24年新品】600G升级版6年长效,1600502140541	,厨房电器,净水器/净水设备及配件耗材,净水器,	,6923185653684	,6923185616399	,	,	,无售后或售后取消,,2025-10-22 11:22:28,	,,,,,,,否,否,	,否,	,,559.0	,0.0	,0.0	,55.9	,0.0	,0.0	,0.0	,0.0	,503.1	,559.0	,JDV023594054319,京东大件物流,福建省,福州市,鼓楼区,,,否,否,	,	,	,否,	,	,	,	,	,	,	,	,	,	,	,	,否,否,	,否,否,,	,否,	,否,,,否
【母婴直饮】云米净水器 SE 600G+ 新升级厨下式RO反渗透直饮家用,251022-192812193331360,已取消,1	,正常,	,	,,	,	,819506595979	,【24年新品】600G升级版6年长效,1787046011387	,厨房电器,净水器/净水设备及配件耗材,净水器,	,6923185653684	,6923185616399	,	,	,无售后或售后取消,,	,	,,,,,,,否,否,	,否,	,,799.0	,0.0	,147.0	,64.0	,0.0	,0.0	,0.0	,0.0	,588.0	,652.0	,	,	,****,****,****,****,,否,否,	,	,	,否,	,	,	,	,	,	,	,	,	,	,	,	,否,否,	,否,	,,	,否,	,否,,,否
【重磅新品】云米净水器600G小海豚升级版厨下式RO反渗透直饮家用,251022-359955229063387,已发货，待收货,1	,正常,2025-10-22 11:08:54,2025-10-23 11:08:54,,2025-10-22 17:42:00,	,225501370546	,【24年新品】600G升级版6年长效,1600502140541	,厨房电器,净水器/净水设备及配件耗材,净水器,	,6923185653684	,6923185616399	,	,	,无售后或售后取消,,2025-10-22 11:08:54,	,,,,,,,否,否,	,否,	,,559.0	,0.0	,0.0	,0.0	,0.0	,0.0	,0.0	,0.0	,559.0	,559.0	,JDV023594250905,京东大件物流,安徽省,阜阳市,颍泉区,,,否,否,	,	,	,否,	,	,	,	,	,	,	,	,	,	,	,	,否,否,	,否,否,,	,否,	,否,,,否
【重磅新品】云米净水器600G小海豚升级版厨下式RO反渗透直饮家用,251022-574326116661656,已取消,1	,正常,	,	,,	,	,225501370546	,【24年新品】600G升级版6年长效,1600502140541	,厨房电器,净水器/净水设备及配件耗材,净水器,	,6923185653684	,6923185616399	,	,	,无售后或售后取消,,	,	,,,,,,,否,否,	,否,	,,559.0	,0.0	,0.0	,0.0	,0.0	,0.0	,0.0	,0.0	,559.0	,559.0	,	,	,****,****,****,****,,否,否,	,	,	,否,	,	,	,	,	,	,	,	,	,	,	,	,否,否,	,否,	,,	,否,	,否,,,否
云米鲲鹏PRO烟机28m³大吸力聚能猛火灶一级能效烟灶联动厨电套装,251022-448287281461377,未发货，退款成功,1	,正常,2025-10-22 11:02:41,2025-10-23 11:02:42,,	,	,784230725200	,"【烟灶套装】鲲鹏PRO大吸力烟机+5.0灶具,液化气",1763233003375	,大家电,厨房大电,烟灶消套装,	,S2505171048001,	,聚水潭已取消发货，仅退款  诚10.22,	,退款成功,,2025-10-22 11:02:42,	,,,,,,,否,否,	,否,	,,2499.0	,0.0	,124.95	,22.54	,3.92	,0.0	,0.0	,0.0	,2351.51	,2374.05	,	,	,江西省,宜春市,靖安县,,,否,否,	,	,	,否,	,	,	,	,	,	,	,	,	,	,	,	,否,否,	,否,否,,	,否,	,否,,,否
云米鲲鹏PRO烟机28m³大吸力聚能猛火灶一级能效烟灶联动厨电套装,251022-104689897781377,已发货，待收货,1	,正常,2025-10-22 11:02:41,2026-01-21 11:02:42,,2025-10-22 17:21:16,	,784230725200	,"【烟灶套装】鲲鹏PRO大吸力烟机+5.2灶具,天然气",1763233003376	,大家电,厨房大电,烟灶消套装,	,S2505161744001,	,	,	,无售后或售后取消,,2025-10-22 11:02:42,	,,,,,,,否,否,	,否,	,,2599.0	,0.0	,129.95	,23.46	,4.08	,0.0	,0.0	,0.0	,2445.59	,2469.05	,JDV023594042025,京东配送,江西省,宜春市,靖安县,,,否,否,	,	,	,否,	,	,	,	,	,	,	,	,	,	,	,	,否,否,	,否,否,,	,否,	,否,,,否
云米净水器滤芯小蓝调小海豚600G+专用复合滤芯RO反渗透滤芯过滤,251022-271256143382828,已发货，待收货,1	,正常,2025-10-22 10:59:08,2025-10-23 10:59:08,,2025-10-22 17:42:00,	,296967601341	,5in1复合滤芯 2年长效,1600193054565	,厨房电器,净水器/净水设备及配件耗材,净水器,	,6923185627425	,	,	,	,无售后或售后取消,,2025-10-22 10:59:08,	,,,,,,,否,否,	,否,	,,299.0	,0.0	,0.0	,50.0	,0.0	,0.0	,0.0	,0.0	,249.0	,299.0	,JDV023593225436,京东配送,河南省,驻马店市,驿城区,,,否,否,	,	,	,否,	,	,	,	,	,	,	,	,	,	,	,	,否,否,	,否,否,,	,否,	,否,,,否
【重磅新品】云米净水器600G小海豚升级版厨下式RO反渗透直饮家用,251022-161963077183389,已取消,1	,正常,	,	,,	,	,225501370546	,【24年新品】600G升级版6年长效,1600502140541	,厨房电器,净水器/净水设备及配件耗材,净水器,	,6923185653684	,6923185616399	,	,	,无售后或售后取消,,	,	,,,,,,,否,否,	,否,	,,559.0	,0.0	,0.0	,0.0	,0.0	,0.0	,0.0	,0.0	,559.0	,559.0	,	,	,****,****,****,****,,否,否,	,	,	,否,	,	,	,	,	,	,	,	,	,	,	,	,否,否,	,否,	,,	,否,	,否,,,否
云米电热水器家用洗澡租房储水式速热抑菌节能省电卫生间40/60升,251022-611907060032057,已发货，待收货,1	,正常,2025-10-22 10:54:48,2025-10-23 10:54:48,,2025-10-22 16:05:29,	,227645754240	,"速热抑菌洗-40L,全国联保送货上门安装8年质保",1645458252843	,大家电,热水器,电热水器,	,6923185681281	,	,	,	,无售后或售后取消,,2025-10-22 10:54:48,	,,,,,,,否,否,	,否,	,,467.0	,0.0	,24.0	,16.0	,0.0	,0.0	,0.0	,0.0	,427.0	,443.0	,JDLD12872056110,京东大件物流,江西省,吉安市,吉州区,,,否,否,	,	,	,否,	,	,	,	,	,	,	,	,	,	,	,	,否,否,	,否,否,,	,否,	,否,,,否
云米全自动智能马桶2Pro一体座圈加热妇洗泡沫盾抗菌可冲洗带水箱,251022-270469701160484,待发货,1	,正常,2025-10-22 10:54:23,2025-11-22 10:54:23,,	,	,248791771968	,"300mm,【大冲力】多种冲洗模式",1752476543651	,家装主材,卫浴陶瓷,智能坐便器,	,6923185654575	,	,晒单返30+赠送保温杯 [viomi莉莉sk 10/22 19:04],	,无售后或售后取消,,2025-10-22 10:54:23,	,,,,,,,否,否,	,否,	,,2341.0	,0.0	,141.0	,220.0	,0.0	,0.0	,0.0	,0.0	,1980.0	,2200.0	,	,	,江西省,南昌市,东湖区,,,否,否,	,	,	,否,	,	,	,	,	,	,	,	,	,	,	,	,否,否,	,否,否,,	,否,	,否,,,否
云米净水器滤芯小蓝调小海豚600G+专用复合滤芯RO反渗透滤芯过滤,251022-679697477163993,未发货，退款成功,1	,正常,2025-10-22 10:52:12,2025-10-23 10:52:12,,	,	,296967601341	,5in1复合滤芯 2年长效,1600193054565	,厨房电器,净水器/净水设备及配件耗材,净水器,	,6923185627425	,	,聚水潭已取消发货，仅退款  诚10.22,	,退款成功,,2025-10-22 10:52:12,	,,,,,,,否,否,	,否,	,,299.0	,0.0	,0.0	,0.0	,0.0	,0.0	,0.0	,0.0	,299.0	,299.0	,	,	,吉林省,长春市,公主岭市,,,否,否,	,	,	,否,	,	,	,	,	,	,	,	,	,	,	,	,否,否,	,否,否,,	,否,	,否,,,否
云米鲲鹏PRO烟机28m³大吸力聚能猛火灶一级能效烟灶联动厨电套装,251022-229858404661377,未发货，退款成功,1	,正常,2025-10-22 10:47:21,2025-10-23 10:47:22,,	,	,784230725200	,"【烟灶套装】鲲鹏PRO大吸力烟机+5.2灶具,天然气",1763233003376	,大家电,厨房大电,烟灶消套装,	,S2505161744001,	,聚水潭已取消发货，仅退款  诚10.22,	,退款成功,,2025-10-22 10:47:22,	,,,,,,,否,否,	,否,	,,2599.0	,0.0	,0.0	,5.0	,12.0	,0.0	,0.0	,0.0	,2594.0	,2599.0	,	,	,江西省,宜春市,靖安县,,,否,否,	,	,	,否,	,	,	,	,	,	,	,	,	,	,	,	,否,否,	,否,否,,	,否,	,否,,,否
【重磅新品】云米净水器600G小海豚升级版厨下式RO反渗透直饮家用,251022-083477153323993,未发货，退款成功,1	,正常,2025-10-22 10:45:11,2025-10-23 10:45:12,,	,	,225501370546	,【24年新品】600G升级版6年长效,1600502140541	,厨房电器,净水器/净水设备及配件耗材,净水器,	,6923185653684	,6923185616399	,聚水潭已取消发货，仅退款  诚10.22,	,退款成功,,2025-10-22 10:45:12,	,,,,,,,否,否,	,否,	,,559.0	,0.0	,0.0	,0.0	,5.0	,0.0	,0.0	,0.0	,559.0	,559.0	,	,	,吉林省,长春市,公主岭市,,,否,否,	,	,	,否,	,	,	,	,	,	,	,	,	,	,	,	,否,否,	,否,否,,	,否,	,否,,,否
云米全自动智能马桶2Pro一体座圈加热妇洗泡沫盾抗菌可冲洗带水箱,251022-383915148840484,未发货，退款成功,1	,正常,2025-10-22 10:44:11,2025-11-22 10:44:11,,	,	,248791771968	,"300mm,【大冲力】多种冲洗模式",1752476543651	,家装主材,卫浴陶瓷,智能坐便器,	,6923185654575	,	,聚水潭已取消发货，仅退款  诚10.22,	,退款成功,,2025-10-22 10:44:11,	,,,,,,,否,否,	,否,	,,2341.0	,0.0	,141.0	,100.0	,0.0	,0.0	,0.0	,0.0	,2100.0	,2200.0	,	,	,江西省,南昌市,东湖区,,,否,否,	,	,	,否,	,	,	,	,	,	,	,	,	,	,	,	,否,否,	,否,否,,	,否,	,否,,,否
云米顶侧双吸大吸力低噪油烟机猛火液化气聚能灶智能套装家用厨房,251022-686565650072952,已发货，待收货,1	,正常,2025-10-22 10:43:46,2025-10-23 10:43:46,,2025-10-22 19:26:12,	,674950510509	,【烟灶套装】顶侧双吸烟机+5.0KW灶（天）,1744061180430	,大家电,厨房大电,烟灶消套装,	,S2405071349001,S2501061036001,	,	,无售后或售后取消,,2025-10-22 10:43:46,	,,,,,,,否,否,	,否,	,,1187.0	,0.0	,60.0	,40.0	,0.0	,0.0	,0.0	,0.0	,1087.0	,1127.0	,JDV023594326494,京东配送,河南省,许昌市,禹州市,,,否,否,	,	,	,否,	,	,	,	,	,	,	,	,	,	,	,	,否,否,	,否,否,,	,否,	,否,,,否
云米顶侧双吸大吸力低噪油烟机猛火液化气聚能灶智能套装家用厨房,251022-521404454552952,已取消,1	,正常,	,	,,	,	,674950510509	,【烟灶套装】顶侧双吸烟机+5.0KW灶（天）,1744061180430	,大家电,厨房大电,烟灶消套装,	,S2405071349001,S2501061036001,	,	,无售后或售后取消,,	,	,,,,,,,否,否,	,否,	,,1187.0	,0.0	,60.0	,40.0	,0.0	,0.0	,0.0	,0.0	,1087.0	,1127.0	,	,	,****,****,****,****,,否,否,	,	,	,否,	,	,	,	,	,	,	,	,	,	,	,	,否,否,	,否,	,,	,否,	,否,,,否
云米全自动智能马桶2Pro一体座圈加热妇洗泡沫盾抗菌可冲洗带水箱,251022-639379729960484,已取消,1	,正常,	,	,,	,	,248791771968	,"300mm,【大冲力】多种冲洗模式",1752476543651	,家装主材,卫浴陶瓷,智能坐便器,	,6923185654575	,	,	,	,无售后或售后取消,,	,	,,,,,,,否,否,	,否,	,,2341.0	,0.0	,141.0	,100.0	,0.0	,0.0	,0.0	,0.0	,2100.0	,2200.0	,	,	,****,****,****,****,,否,否,	,	,	,否,	,	,	,	,	,	,	,	,	,	,	,	,否,否,	,否,	,,	,否,	,否,,,否
【重磅新品】云米净水器600G小海豚升级版厨下式RO反渗透直饮家用,251022-505560460823857,未发货，退款成功,1	,正常,2025-10-22 10:40:16,2025-10-23 10:40:16,,	,	,225501370546	,【24年新品】600G升级版6年长效,1600502140541	,厨房电器,净水器/净水设备及配件耗材,净水器,	,6923185653684	,6923185616399	,聚水潭已取消发货 已退款   叶10.22,	,退款成功,,2025-10-22 10:40:16,	,,,,,,,否,否,	,否,	,,559.0	,0.0	,0.0	,0.0	,1.11	,0.0	,0.0	,0.0	,559.0	,559.0	,	,	,四川省,成都市,双流区,,,否,否,	,	,	,否,	,	,	,	,	,	,	,	,	,	,	,	,否,否,	,否,否,,	,否,	,否,,,否
云米60升AI速热高温抑菌电热水器3000W一级节能变频增容家用租房,251022-003156231733970,未发货，退款成功,1	,正常,2025-10-22 10:34:36,2025-10-23 10:34:36,,	,	,226368376224	,3000W速热安全60L热水器,1737176648260	,大家电,热水器,电热水器,	,6923185602224	,6923185602224	,聚水潭已取消发货，仅退款  诚10.22,	,退款成功,,2025-10-22 10:34:36,	,,,,,,,否,否,	,否,	,,656.0	,0.0	,0.0	,0.0	,0.0	,0.0	,0.0	,0.0	,656.0	,656.0	,	,	,浙江省,杭州市,上城区,,,否,否,	,	,	,否,	,	,	,	,	,	,	,	,	,	,	,	,否,否,	,否,否,,	,否,	,否,,,否
云米顶侧双吸大吸力低噪油烟机猛火液化气聚能灶智能套装家用厨房,251022-547860016780566,已取消,1	,正常,	,	,,	,	,674950510509	,【烟灶套装】顶侧双吸烟机+5.0KW灶（天）,1744061180430	,大家电,厨房大电,烟灶消套装,	,S2405071349001,S2501061036001,	,	,无售后或售后取消,,	,	,,,,,,,否,否,	,否,	,,1187.0	,0.0	,60.0	,40.0	,0.0	,0.0	,0.0	,0.0	,1087.0	,1127.0	,	,	,****,****,****,****,,否,否,	,	,	,否,	,	,	,	,	,	,	,	,	,	,	,	,否,否,	,否,	,,	,否,	,否,,,否
【重磅新品】云米净水器600G小海豚升级版厨下式RO反渗透直饮家用,251022-552285038983586,已发货，待收货,1	,正常,2025-10-22 10:29:42,2025-10-23 10:29:42,,2025-10-22 17:42:01,	,225501370546	,【24年新品】600G升级版6年长效,1600502140541	,厨房电器,净水器/净水设备及配件耗材,净水器,	,6923185653684	,6923185616399	,	,	,无售后或售后取消,,2025-10-22 10:29:42,	,,,,,,,否,否,	,否,	,,559.0	,0.0	,0.0	,0.0	,0.0	,0.0	,0.0	,0.0	,559.0	,559.0	,JDV023594041960,京东大件物流,甘肃省,陇南市,康县,,,否,否,	,	,	,否,	,	,	,	,	,	,	,	,	,	,	,	,否,否,	,否,否,,	,否,	,否,,,否
【重磅新品】云米净水器600G小海豚升级版厨下式RO反渗透直饮家用,251022-368700342630083,已取消,1	,正常,	,	,,	,	,225501370546	,【24年新品】600G升级版6年长效,1600502140541	,厨房电器,净水器/净水设备及配件耗材,净水器,	,6923185653684	,6923185616399	,	,	,无售后或售后取消,,	,	,,,,,,,否,否,	,否,	,,559.0	,0.0	,0.0	,5.0	,0.0	,0.0	,0.0	,0.0	,554.0	,559.0	,	,	,****,****,****,****,,否,否,	,	,	,否,	,	,	,	,	,	,	,	,	,	,	,	,否,否,	,否,	,,	,否,	,否,,,否
【重磅新品】云米净水器600G小海豚升级版厨下式RO反渗透直饮家用,251022-487220887883640,已发货，待收货,1	,正常,2025-10-22 10:26:37,2025-10-23 10:26:38,,2025-10-22 17:42:00,	,225501370546	,【24年新品】600G升级版6年长效,1600502140541	,厨房电器,净水器/净水设备及配件耗材,净水器,	,6923185653684	,6923185616399	,	,	,无售后或售后取消,,2025-10-22 10:26:38,	,,,,,,,否,否,	,否,	,,559.0	,0.0	,0.0	,0.0	,1.11	,0.0	,0.0	,0.0	,559.0	,559.0	,JDV023594250886,京东大件物流,湖北省,武汉市,武汉经济技术开发区,,,否,否,	,	,	,否,	,	,	,	,	,	,	,	,	,	,	,	,否,否,	,否,否,,	,否,	,否,,,否
云米智能双胆电热水器扁桶家用速热储水式60L超薄抑菌节能大水量,251022-528167790913441,已取消,1	,正常,	,	,,	,	,290130975552	,"纤薄安全节能60L,双胆扁桶",1756848157332	,大家电,热水器,电热水器,	,6923185610410	,6923185610410	,	,	,无售后或售后取消,,	,	,,,,,,,否,否,	,否,	,,799.0	,0.0	,0.0	,30.0	,0.0	,0.0	,0.0	,0.0	,769.0	,799.0	,	,	,****,****,****,****,,否,否,	,	,	,否,	,	,	,	,	,	,	,	,	,	,	,	,否,否,	,否,	,,	,否,	,否,,,否
云米顶侧双吸大吸力低噪油烟机猛火液化气聚能灶智能套装家用厨房,251022-680494384792952,已取消,1	,正常,	,	,,	,	,674950510509	,【烟灶套装】顶侧双吸烟机+5.0KW灶（天）,1744061180430	,大家电,厨房大电,烟灶消套装,	,S2405071349001,S2501061036001,	,	,无售后或售后取消,,	,	,,,,,,,否,否,	,否,	,,1187.0	,0.0	,0.0	,100.0	,0.0	,0.0	,0.0	,0.0	,1087.0	,1187.0	,	,	,****,****,****,****,,否,否,	,	,	,否,	,	,	,	,	,	,	,	,	,	,	,	,否,否,	,否,	,,	,否,	,否,,,否
云米全自动智能马桶2Pro一体座圈加热妇洗泡沫盾抗菌可冲洗带水箱,251022-407162099300182,已取消,2	,正常,	,	,,	,	,248791771968	,"300mm,【大冲力】多种冲洗模式",1752476543651	,家装主材,卫浴陶瓷,智能坐便器,	,6923185654575	,	,	,	,无售后或售后取消,,	,	,,,,,,,否,否,	,否,	,,4682.0	,0.0	,282.0	,150.0	,0.0	,0.0	,0.0	,0.0	,4250.0	,4400.0	,	,	,****,****,****,****,,否,否,	,	,	,否,	,	,	,	,	,	,	,	,	,	,	,	,否,否,	,否,	,,	,否,	,否,,,否
【重磅新品】云米净水器600G小海豚升级版厨下式RO反渗透直饮家用,251022-602113328693827,未发货，退款成功,1	,正常,2025-10-22 10:12:33,2025-10-23 10:12:33,,	,	,225501370546	,【24年新品】600G升级版6年长效,1600502140541	,厨房电器,净水器/净水设备及配件耗材,净水器,	,6923185653684	,6923185616399	,聚水潭已取消发货，仅退款  诚10.22,	,退款成功,,2025-10-22 10:12:33,	,,,,,,,否,否,	,否,	,,559.0	,0.0	,0.0	,0.0	,0.0	,0.0	,0.0	,0.0	,559.0	,559.0	,	,	,辽宁省,阜新市,彰武县,,,否,否,	,	,	,否,	,	,	,	,	,	,	,	,	,	,	,	,否,否,	,否,否,,	,否,	,否,,,否
云米蒸烤一体机厨房家用嵌入式蒸烤箱45L大蒸汽电烤箱VSO4501-B,251022-123616674102863,已发货，待收货,1	,正常,2025-10-22 10:08:20,2025-10-23 10:08:20,,2025-10-22 20:45:03,	,403868159413	,黑色45L 大容量,1262647022971	,大家电,全屋互联网智能电器,全屋互联网智能电器,	,6923185606314	,6923185606314	,	,	,无售后或售后取消,,2025-10-22 10:08:20,	,,,,,,,否,否,	,否,	,,1529.0	,0.0	,0.0	,0.0	,0.0	,0.0	,0.0	,0.0	,1529.0	,1529.0	,JDLD12871910264,京东大件物流,浙江省,嘉兴市,嘉善县,,,否,否,	,	,	,否,	,	,	,	,	,	,	,	,	,	,	,	,否,否,	,否,否,,	,否,	,否,,,否
云米净水器滤芯小蓝调小海豚600G+专用复合滤芯RO反渗透滤芯过滤,251022-649152510253281,已发货，待收货,2	,正常,2025-10-22 10:07:03,2025-10-23 10:07:03,,2025-10-22 17:32:30,	,296967601341	,5in1复合滤芯 2年长效,1600193054565	,厨房电器,净水器/净水设备及配件耗材,净水器,	,6923185627425	,	,99一支 [viomi英英sk 10/22 10:08],	,无售后或售后取消,,2025-10-22 10:07:03,	,,,,,,,否,否,	,否,	,,598.0	,0.0	,5.98	,43.0	,2.0	,0.0	,0.0	,0.0	,549.02	,592.02	,JDV023594170625,京东配送,广东省,广州市,番禺区,,,否,否,	,	,	,否,	,	,	,	,	,	,	,	,	,	,	,	,否,否,	,否,否,,	,否,	,否,,,否
云米顶侧双吸大吸力低噪油烟机猛火液化气聚能灶智能套装家用厨房,251022-188408174232952,已取消,1	,正常,	,	,,	,	,674950510509	,【烟灶套装】顶侧双吸烟机+5.0KW灶（天）,1744061180430	,大家电,厨房大电,烟灶消套装,	,S2405071349001,S2501061036001,	,	,无售后或售后取消,,	,	,,,,,,,否,否,	,否,	,,1187.0	,0.0	,0.0	,100.0	,0.0	,0.0	,0.0	,0.0	,1087.0	,1187.0	,	,	,****,****,****,****,,否,否,	,	,	,否,	,	,	,	,	,	,	,	,	,	,	,	,否,否,	,否,	,,	,否,	,否,,,否
【重磅新品】云米净水器600G小海豚升级版厨下式RO反渗透直饮家用,251022-142658834772782,未发货，退款成功,1	,正常,2025-10-22 09:58:19,2025-10-23 09:58:19,,	,	,225501370546	,【24年新品】600G升级版6年长效,1600502140541	,厨房电器,净水器/净水设备及配件耗材,净水器,	,6923185653684	,6923185616399	,聚水潭已取消发货，仅退款  诚10.22,	,退款成功,,2025-10-22 09:58:19,	,,,,,,,否,否,	,否,	,,559.0	,0.0	,0.0	,55.9	,0.0	,0.0	,0.0	,0.0	,503.1	,559.0	,	,	,青海省,海东市,民和回族土族自治县,,,否,否,	,	,	,否,	,	,	,	,	,	,	,	,	,	,	,	,否,否,	,否,否,,	,否,	,否,,,否
【重磅新品】云米净水器600G小海豚升级版厨下式RO反渗透直饮家用,251022-023246979462780,未发货，退款成功,1	,正常,2025-10-22 09:55:52,2025-10-23 09:55:53,,	,	,225501370546	,【24年新品】600G升级版6年长效,1600502140541	,厨房电器,净水器/净水设备及配件耗材,净水器,	,6923185653684	,6923185616399	,聚水潭已取消发货，仅退款  诚10.22,	,退款成功,,2025-10-22 09:55:53,	,,,,,,,否,否,	,否,	,,559.0	,0.0	,0.0	,55.9	,0.0	,0.0	,0.0	,0.0	,503.1	,559.0	,	,	,广东省,佛山市,南海区,,,否,否,	,	,	,否,	,	,	,	,	,	,	,	,	,	,	,	,否,否,	,否,否,,	,否,	,否,,,否
【重磅新品】云米净水器600G小海豚升级版厨下式RO反渗透直饮家用,251022-031572693280001,已发货，待收货,1	,正常,2025-10-22 09:53:53,2025-10-23 09:53:53,,2025-10-22 17:42:01,	,225501370546	,【24年新品】600G升级版6年长效,1600502140541	,厨房电器,净水器/净水设备及配件耗材,净水器,	,6923185653684	,6923185616399	,	,	,无售后或售后取消,,2025-10-22 09:53:53,	,,,,,,,否,否,	,否,	,,559.0	,0.0	,0.0	,0.0	,0.0	,0.0	,0.0	,0.0	,559.0	,559.0	,JDV023594032798,京东大件物流,四川省,乐山市,市中区,,,否,否,	,	,	,否,	,	,	,	,	,	,	,	,	,	,	,	,否,否,	,否,否,,	,否,	,否,,,否
【重磅新品】云米净水器600G小海豚升级版厨下式RO反渗透直饮家用,251022-012509571462358,已取消,1	,正常,	,	,,	,	,225501370546	,【24年新品】600G升级版6年长效,1600502140541	,厨房电器,净水器/净水设备及配件耗材,净水器,	,6923185653684	,6923185616399	,	,	,无售后或售后取消,,	,	,,,,,,,否,否,	,否,	,,559.0	,0.0	,0.0	,0.0	,0.0	,0.0	,0.0	,0.0	,559.0	,559.0	,	,	,****,****,****,****,,否,否,	,	,	,否,	,	,	,	,	,	,	,	,	,	,	,	,否,否,	,否,	,,	,否,	,否,,,否
【重磅新品】云米净水器600G小海豚升级版厨下式RO反渗透直饮家用,251022-650893146410543,已取消,1	,正常,	,	,,	,	,225501370546	,【24年新品】600G升级版6年长效,1600502140541	,厨房电器,净水器/净水设备及配件耗材,净水器,	,6923185653684	,6923185616399	,	,	,无售后或售后取消,,	,	,,,,,,,否,否,	,否,	,,559.0	,0.0	,0.0	,0.0	,0.0	,0.0	,0.0	,0.0	,559.0	,559.0	,	,	,****,****,****,****,,否,否,	,	,	,否,	,	,	,	,	,	,	,	,	,	,	,	,否,否,	,否,	,,	,否,	,否,,,否
云米净水器滤芯小蓝调小海豚600G+专用复合滤芯RO反渗透滤芯过滤,251022-589698178652766,已发货，待收货,1	,正常,2025-10-22 09:47:11,2025-10-23 09:47:12,,2025-10-22 17:18:41,	,296967601341	,5in1复合滤芯 2年长效,1600193054565	,厨房电器,净水器/净水设备及配件耗材,净水器,	,6923185627425	,	,	,	,无售后或售后取消,,2025-10-22 09:47:12,	,,,,,,,否,否,	,否,	,,299.0	,0.0	,0.0	,0.0	,0.0	,0.0	,0.0	,0.0	,299.0	,299.0	,JDV023589111050,京东配送,辽宁省,大连市,普兰店区,,,否,否,	,	,	,否,	,	,	,	,	,	,	,	,	,	,	,	,否,否,	,否,否,,	,否,	,否,,,否
云米净水器滤芯小蓝调小海豚600G+专用复合滤芯RO反渗透滤芯过滤,251022-651469790853423,已发货，待收货,2	,正常,2025-10-22 09:42:56,2025-10-23 09:42:57,,2025-10-22 14:15:28,	,296967601341	,5in1复合滤芯 2年长效,1600193054565	,厨房电器,净水器/净水设备及配件耗材,净水器,	,6923185627425	,	,	,	,无售后或售后取消,,2025-10-22 09:42:57,	,,,,,,,否,否,	,否,	,,598.0	,0.0	,5.98	,9.0	,0.0	,0.0	,0.0	,0.0	,583.02	,592.02	,JDV023590249630,京东大件物流,江苏省,南京市,溧水区,,,否,否,	,	,	,否,	,	,	,	,	,	,	,	,	,	,	,	,否,否,	,否,否,,	,否,	,否,,,否
云米小厨宝6L电热水器厨房卫生间出水恒温储水式小型速热神器加热,251022-106178865554034,已发货，待收货,2	,正常,2025-10-22 09:44:18,2025-10-23 09:44:18,,2025-10-22 16:32:10,	,208073193570	,热水即刻有-【6L】,1801828025682	,大家电,热水器,厨宝,	,6923185611233	,6923185611233	,	,	,无售后或售后取消,,2025-10-22 09:44:18,	,,,,,,,否,否,	,否,	,,560.0	,0.0	,11.2	,0.0	,0.0	,0.0	,0.0	,0.0	,548.8	,548.8	,JDV023594190622,京东配送,河北省,沧州市,东光县,,,否,否,	,	,	,否,	,	,	,	,	,	,	,	,	,	,	,	,否,否,	,否,否,,	,否,	,否,,,否
【重磅新品】云米净水器600G小海豚升级版厨下式RO反渗透直饮家用,251022-267806318213423,已发货，待收货,1	,正常,2025-10-22 09:40:18,2025-10-23 09:40:18,,2025-10-22 14:15:28,	,225501370546	,【24年新品】600G升级版6年长效,1600502140541	,厨房电器,净水器/净水设备及配件耗材,净水器,	,6923185653684	,6923185616399	,	,	,无售后或售后取消,,2025-10-22 09:40:18,	,,,,,,,否,否,	,否,	,,559.0	,0.0	,0.0	,55.9	,0.0	,0.0	,0.0	,0.0	,503.1	,559.0	,JDV023592918380,京东大件物流,江苏省,南京市,溧水区,,,否,否,	,	,	,否,	,	,	,	,	,	,	,	,	,	,	,	,否,否,	,否,否,,	,否,	,否,,,否
【重磅新品】云米净水器600G小海豚升级版厨下式RO反渗透直饮家用,251022-318892971593313,已取消,1	,正常,	,	,,	,	,225501370546	,【24年新品】600G升级版6年长效,1600502140541	,厨房电器,净水器/净水设备及配件耗材,净水器,	,6923185653684	,6923185616399	,	,	,无售后或售后取消,,	,	,,,,,,,否,否,	,否,	,,559.0	,0.0	,0.0	,0.0	,0.0	,0.0	,0.0	,0.0	,559.0	,559.0	,	,	,****,****,****,****,,否,否,	,	,	,否,	,	,	,	,	,	,	,	,	,	,	,	,否,否,	,否,	,,	,否,	,否,,,否
【母婴直饮】云米净水器 SE 600G+ 新升级厨下式RO反渗透直饮家用,251022-082218872350914,已取消,1	,正常,	,	,,	,	,819506595979	,【24年新品】600G升级版6年长效,1787046011387	,厨房电器,净水器/净水设备及配件耗材,净水器,	,6923185653684	,6923185616399	,	,	,无售后或售后取消,,	,	,,,,,,,否,否,	,否,	,,799.0	,0.0	,152.2	,38.0	,0.0	,0.0	,0.0	,0.0	,608.8	,646.8	,	,	,****,****,****,****,,否,否,	,	,	,否,	,	,	,	,	,	,	,	,	,	,	,	,否,否,	,否,	,,	,否,	,否,,,否
【重磅新品】云米净水器600G小海豚升级版厨下式RO反渗透直饮家用,251022-548111726950817,已取消,1	,正常,	,	,,	,	,225501370546	,【24年新品】600G升级版6年长效,1600502140541	,厨房电器,净水器/净水设备及配件耗材,净水器,	,6923185653684	,6923185616399	,	,	,无售后或售后取消,,	,	,,,,,,,否,否,	,否,	,,559.0	,0.0	,0.0	,0.0	,0.0	,0.0	,0.0	,0.0	,559.0	,559.0	,	,	,****,****,****,****,,否,否,	,	,	,否,	,	,	,	,	,	,	,	,	,	,	,	,否,否,	,否,	,,	,否,	,否,,,否
云米全自动智能马桶水箱泡沫盾抗菌即热恒温座圈离座冲水小鲸鱼2,251022-385771128383156,已取消,1	,正常,	,	,,	,	,237591380789	,【智能马桶】400mm,1771263282620	,家装主材,卫浴陶瓷,智能坐便器,	,6923185654605	,小鲸鱼,	,	,无售后或售后取消,,	,	,,,,,,,否,否,	,否,	,,1264.0	,0.0	,76.0	,80.0	,0.0	,0.0	,0.0	,0.0	,1108.0	,1188.0	,	,	,****,****,****,****,,否,否,	,	,	,否,	,	,	,	,	,	,	,	,	,	,	,	,否,否,	,否,	,,	,否,	,否,,,否
【重磅新品】云米净水器600G小海豚升级版厨下式RO反渗透直饮家用,251022-106954770062806,已发货，待收货,1	,正常,2025-10-22 09:33:02,2025-10-23 09:33:03,,2025-10-22 14:15:28,	,225501370546	,【24年新品】600G升级版6年长效,1600502140541	,厨房电器,净水器/净水设备及配件耗材,净水器,	,6923185653684	,6923185616399	,13851746996安装 [viomi英英sk 10/23 12:34],	,无售后或售后取消,,2025-10-22 09:33:03,	,,,,,,,否,否,	,否,	,,559.0	,0.0	,0.0	,30.0	,0.0	,0.0	,0.0	,0.0	,529.0	,559.0	,JDV023592884577,京东大件物流,江苏省,南京市,江宁区,,,否,否,	,	,	,否,	,	,	,	,	,	,	,	,	,	,	,	,否,否,	,否,否,,	,否,	,否,,,否
【重磅新品】云米净水器600G小海豚升级版厨下式RO反渗透直饮家用,251022-534448781750300,已取消,1	,正常,	,	,,	,	,225501370546	,【24年新品】600G升级版6年长效,1600502140541	,厨房电器,净水器/净水设备及配件耗材,净水器,	,6923185653684	,6923185616399	,	,	,无售后或售后取消,,	,	,,,,,,,否,否,	,否,	,,559.0	,0.0	,0.0	,0.0	,0.0	,0.0	,0.0	,0.0	,559.0	,559.0	,	,	,****,****,****,****,,否,否,	,	,	,否,	,	,	,	,	,	,	,	,	,	,	,	,否,否,	,否,	,,	,否,	,否,,,否
【重磅新品】云米净水器600G小海豚升级版厨下式RO反渗透直饮家用,251022-017385418392376,已取消,1	,正常,	,	,,	,	,225501370546	,【24年新品】600G升级版6年长效,1600502140541	,厨房电器,净水器/净水设备及配件耗材,净水器,	,6923185653684	,6923185616399	,	,	,无售后或售后取消,,	,	,,,,,,,否,否,	,否,	,,559.0	,0.0	,0.0	,0.0	,0.0	,0.0	,0.0	,0.0	,559.0	,559.0	,	,	,****,****,****,****,,否,否,	,	,	,否,	,	,	,	,	,	,	,	,	,	,	,	,否,否,	,否,	,,	,否,	,否,,,否
云米全自动智能马桶2Pro一体座圈加热妇洗泡沫盾抗菌可冲洗带水箱,251022-233801008740182,已取消,1	,正常,	,	,,	,	,248791771968	,"300mm,【大冲力】多种冲洗模式",1752476543651	,家装主材,卫浴陶瓷,智能坐便器,	,6923185654575	,	,	,	,无售后或售后取消,,	,	,,,,,,,否,否,	,否,	,,2341.0	,0.0	,141.0	,150.0	,0.0	,0.0	,0.0	,0.0	,2050.0	,2200.0	,	,	,****,****,****,****,,否,否,	,	,	,否,	,	,	,	,	,	,	,	,	,	,	,	,否,否,	,否,	,,	,否,	,否,,,否
【重磅新品】云米净水器600G小海豚升级版厨下式RO反渗透直饮家用,251022-489664038420226,未发货，退款成功,1	,正常,2025-10-22 09:22:31,2025-10-23 09:22:31,,	,	,225501370546	,【24年新品】600G升级版6年长效,1600502140541	,厨房电器,净水器/净水设备及配件耗材,净水器,	,6923185653684	,6923185616399	,聚水潭已取消发货，仅退款  诚10.22,	,退款成功,,2025-10-22 09:22:31,	,,,,,,,否,否,	,否,	,,559.0	,0.0	,0.0	,3.0	,0.0	,0.0	,0.0	,0.0	,556.0	,559.0	,	,	,河北省,衡水市,桃城区,,,否,否,	,	,	,否,	,	,	,	,	,	,	,	,	,	,	,	,否,否,	,否,否,,	,否,	,否,,,否
云米全自动智能马桶水箱泡沫盾抗菌即热恒温座圈离座冲水小鲸鱼2,251022-034330448182536,待发货,1	,正常,2025-10-22 09:18:32,2025-10-23 09:18:33,,	,	,237591380789	,【智能马桶】400mm,1771263282620	,家装主材,卫浴陶瓷,智能坐便器,	,6923185654605	,小鲸鱼,ZX2510230062094催发,	,无售后或售后取消,,2025-10-22 09:18:33,	,,,,,,,否,否,	,否,	,,1264.0	,0.0	,76.0	,91.0	,0.0	,0.0	,0.0	,0.0	,1097.0	,1188.0	,	,	,上海市,上海市,宝山区,,,否,否,	,	,	,否,	,	,	,	,	,	,	,	,	,	,	,	,否,否,	,否,否,,	,否,	,否,,,否
云米净水器滤芯小蓝调小海豚600G+专用复合滤芯RO反渗透滤芯过滤,251022-423498924453631,已发货，待收货,2	,正常,2025-10-22 09:18:15,2025-10-23 09:18:15,,2025-10-22 16:36:49,	,296967601341	,5in1复合滤芯 2年长效,1600193054565	,厨房电器,净水器/净水设备及配件耗材,净水器,	,6923185627425	,	,	,	,无售后或售后取消,,2025-10-22 09:18:15,	,,,,,,,否,否,	,否,	,,598.0	,0.0	,5.98	,3.0	,0.0	,0.0	,0.0	,0.0	,589.02	,592.02	,JDV023589130149,京东配送,内蒙古自治区,呼和浩特市,土默特左旗,,,否,否,	,	,	,否,	,	,	,	,	,	,	,	,	,	,	,	,否,否,	,否,否,,	,否,	,否,,,否
云米净水器滤芯小蓝调小海豚600G+专用复合滤芯RO反渗透滤芯过滤,251022-100516544901844,已发货，待收货,1	,正常,2025-10-22 09:14:02,2025-10-23 09:14:02,,2025-10-22 14:15:29,	,296967601341	,5in1复合滤芯 2年长效,1600193054565	,厨房电器,净水器/净水设备及配件耗材,净水器,	,6923185627425	,	,	,	,无售后或售后取消,,2025-10-22 09:14:02,	,,,,,,,否,否,	,否,	,,299.0	,0.0	,0.0	,0.0	,0.2	,0.0	,0.0	,0.0	,299.0	,299.0	,JDV023590260961,京东大件物流,江苏省,南通市,海门区,,,否,否,	,	,	,否,	,	,	,	,	,	,	,	,	,	,	,	,否,否,	,否,否,,	,否,	,否,,,否
【重磅新品】云米净水器600G小海豚升级版厨下式RO反渗透直饮家用,251022-584895762771231,已取消,1	,正常,	,	,,	,	,225501370546	,【24年新品】600G升级版6年长效,1600502140541	,厨房电器,净水器/净水设备及配件耗材,净水器,	,6923185653684	,6923185616399	,	,	,无售后或售后取消,,	,	,,,,,,,否,否,	,否,	,,559.0	,0.0	,0.0	,0.0	,0.0	,0.0	,0.0	,0.0	,559.0	,559.0	,	,	,****,****,****,****,,否,否,	,	,	,否,	,	,	,	,	,	,	,	,	,	,	,	,否,否,	,否,	,,	,否,	,否,,,否
【重磅新品】云米净水器600G小海豚升级版厨下式RO反渗透直饮家用,251022-183437934981638,已取消,1	,正常,	,	,,	,	,225501370546	,【24年新品】600G升级版6年长效,1600502140541	,厨房电器,净水器/净水设备及配件耗材,净水器,	,6923185653684	,6923185616399	,	,	,无售后或售后取消,,	,	,,,,,,,否,否,	,否,	,,559.0	,0.0	,0.0	,0.0	,0.0	,0.0	,0.0	,0.0	,559.0	,559.0	,	,	,****,****,****,****,,否,否,	,	,	,否,	,	,	,	,	,	,	,	,	,	,	,	,否,否,	,否,	,,	,否,	,否,,,否
【重磅新品】云米净水器600G小海豚升级版厨下式RO反渗透直饮家用,251022-114431127060851,已取消,1	,正常,	,	,,	,	,225501370546	,【24年新品】600G升级版6年长效,1600502140541	,厨房电器,净水器/净水设备及配件耗材,净水器,	,6923185653684	,6923185616399	,	,	,无售后或售后取消,,	,	,,,,,,,否,否,	,否,	,,559.0	,0.0	,0.0	,5.0	,0.0	,0.0	,0.0	,0.0	,554.0	,559.0	,	,	,****,****,****,****,,否,否,	,	,	,否,	,	,	,	,	,	,	,	,	,	,	,	,否,否,	,否,	,,	,否,	,否,,,否
【重磅新品】云米净水器600G小海豚升级版厨下式RO反渗透直饮家用,251022-613888889221844,已发货，待收货,1	,正常,2025-10-22 09:10:34,2025-10-23 09:10:34,,2025-10-22 14:15:45,	,225501370546	,【24年新品】600G升级版6年长效,1600502140541	,厨房电器,净水器/净水设备及配件耗材,净水器,	,6923185653684	,6923185616399	,	,	,无售后或售后取消,,2025-10-22 09:10:34,	,,,,,,,否,否,	,否,	,,559.0	,0.0	,0.0	,0.0	,5.59	,0.0	,0.0	,0.0	,559.0	,559.0	,JDV023592889122,京东大件物流,江苏省,南通市,海门区,,,否,否,	,	,	,否,	,	,	,	,	,	,	,	,	,	,	,	,否,否,	,否,否,,	,否,	,否,,,否
【重磅新品】云米净水器600G小海豚升级版厨下式RO反渗透直饮家用,251022-128429596220565,已取消,1	,正常,	,	,,	,	,225501370546	,【24年新品】600G升级版6年长效,1600502140541	,厨房电器,净水器/净水设备及配件耗材,净水器,	,6923185653684	,6923185616399	,	,	,无售后或售后取消,,	,	,,,,,,,否,否,	,否,	,,559.0	,0.0	,0.0	,0.0	,0.0	,0.0	,0.0	,0.0	,559.0	,559.0	,	,	,****,****,****,****,,否,否,	,	,	,否,	,	,	,	,	,	,	,	,	,	,	,	,否,否,	,否,	,,	,否,	,否,,,否
【重磅新品】云米净水器600G小海豚升级版厨下式RO反渗透直饮家用,251022-079891023502806,未发货，退款成功,1	,正常,2025-10-22 09:04:32,2025-10-23 09:04:32,,	,	,225501370546	,【24年新品】600G升级版6年长效,1600502140541	,厨房电器,净水器/净水设备及配件耗材,净水器,	,6923185653684	,6923185616399	,聚水潭已取消发货，仅退款  诚10.22,	,退款成功,,2025-10-22 09:04:32,	,,,,,,,否,否,	,否,	,,559.0	,0.0	,0.0	,30.0	,0.0	,0.0	,0.0	,0.0	,529.0	,559.0	,	,	,江苏省,南京市,江宁区,,,否,否,	,	,	,否,	,	,	,	,	,	,	,	,	,	,	,	,否,否,	,否,否,,	,否,	,否,,,否
【重磅新品】云米净水器600G小海豚升级版厨下式RO反渗透直饮家用,251022-183972739470856,已发货，待收货,1	,正常,2025-10-22 09:01:21,2025-10-23 09:01:21,,2025-10-22 17:42:01,	,225501370546	,【24年新品】600G升级版6年长效,1600502140541	,厨房电器,净水器/净水设备及配件耗材,净水器,	,6923185653684	,6923185616399	,	,	,无售后或售后取消,,2025-10-22 09:01:21,	,,,,,,,否,否,	,否,	,,559.0	,0.0	,0.0	,0.0	,0.0	,0.0	,0.0	,0.0	,559.0	,559.0	,JDV023594006079,京东大件物流,广东省,珠海市,香洲区,,,否,否,	,	,	,否,	,	,	,	,	,	,	,	,	,	,	,	,否,否,	,否,否,,	,否,	,否,,,否
【重磅新品】云米净水器600G小海豚升级版厨下式RO反渗透直饮家用,251022-279141435033761,未发货，退款成功,1	,审核中，请勿发货,2025-10-22 08:51:05,2025-10-23 08:51:05,,	,	,225501370546	,【24年新品】600G升级版6年长效,1600502140541	,厨房电器,净水器/净水设备及配件耗材,净水器,	,6923185653684	,6923185616399	,聚水潭已取消发货，仅退款  诚10.22,	,退款成功,,2025-10-22 08:51:05,	,,,,,,,否,否,	,否,	,,559.0	,0.0	,0.0	,0.0	,1.11	,0.0	,0.0	,0.0	,559.0	,559.0	,	,	,四川省,乐山市,市中区,,,否,否,	,	,	,否,	,	,	,	,	,	,	,	,	,	,	,	,否,否,	,否,	,,	,否,	,否,,,否
【重磅新品】云米净水器600G小海豚升级版厨下式RO反渗透直饮家用,251022-196345863741109,已发货，待收货,1	,正常,2025-10-22 08:51:01,2025-10-23 08:51:02,,2025-10-22 17:42:01,	,225501370546	,【24年新品】600G升级版6年长效,1600502140541	,厨房电器,净水器/净水设备及配件耗材,净水器,	,6923185653684	,6923185616399	,	,	,无售后或售后取消,,2025-10-22 08:51:02,	,,,,,,,否,否,	,否,	,,559.0	,0.0	,0.0	,3.0	,0.2	,0.0	,0.0	,0.0	,556.0	,559.0	,JDV023594005206,京东大件物流,四川省,资阳市,乐至县,,,否,否,	,	,	,否,	,	,	,	,	,	,	,	,	,	,	,	,否,否,	,否,否,,	,否,	,否,,,否
【重磅新品】云米净水器600G小海豚升级版厨下式RO反渗透直饮家用,251022-409458470461109,未发货，退款成功,1	,正常,2025-10-22 08:49:48,2025-10-23 08:49:49,,	,	,225501370546	,【24年新品】600G升级版6年长效,1600502140541	,厨房电器,净水器/净水设备及配件耗材,净水器,	,6923185653684	,6923185616399	,聚水潭已取消发货，仅退款  诚10.22,	,退款成功,,2025-10-22 08:49:49,	,,,,,,,否,否,	,否,	,,559.0	,0.0	,0.0	,3.0	,1.11	,0.0	,0.0	,0.0	,556.0	,559.0	,	,	,四川省,成都市,都江堰市,,,否,否,	,	,	,否,	,	,	,	,	,	,	,	,	,	,	,	,否,否,	,否,否,,	,否,	,否,,,否
【重磅新品】云米净水器600G小海豚升级版厨下式RO反渗透直饮家用,251022-300951836203250,已取消,1	,正常,	,	,,	,	,225501370546	,【24年新品】600G升级版6年长效,1600502140541	,厨房电器,净水器/净水设备及配件耗材,净水器,	,6923185653684	,6923185616399	,	,	,无售后或售后取消,,	,	,,,,,,,否,否,	,否,	,,559.0	,0.0	,0.0	,0.0	,0.0	,0.0	,0.0	,0.0	,559.0	,559.0	,	,	,****,****,****,****,,否,否,	,	,	,否,	,	,	,	,	,	,	,	,	,	,	,	,否,否,	,否,	,,	,否,	,否,,,否
【重磅新品】云米净水器600G小海豚升级版厨下式RO反渗透直饮家用,251022-311856995921821,已取消,1	,正常,	,	,,	,	,225501370546	,【24年新品】600G升级版6年长效,1600502140541	,厨房电器,净水器/净水设备及配件耗材,净水器,	,6923185653684	,6923185616399	,	,	,无售后或售后取消,,	,	,,,,,,,否,否,	,否,	,,559.0	,0.0	,0.0	,0.0	,0.0	,0.0	,0.0	,0.0	,559.0	,559.0	,	,	,****,****,****,****,,否,否,	,	,	,否,	,	,	,	,	,	,	,	,	,	,	,	,否,否,	,否,	,,	,否,	,否,,,否
【重磅新品】云米净水器600G小海豚升级版厨下式RO反渗透直饮家用,251022-026979940740668,未发货，退款成功,1	,正常,2025-10-22 08:34:26,2025-10-23 08:34:26,,	,	,225501370546	,【24年新品】600G升级版6年长效,1600502140541	,厨房电器,净水器/净水设备及配件耗材,净水器,	,6923185653684	,6923185616399	,聚水潭已取消发货，仅退款  诚10.22,	,退款成功,,2025-10-22 08:34:26,	,,,,,,,否,否,	,否,	,,559.0	,0.0	,0.0	,0.0	,0.2	,0.0	,0.0	,0.0	,559.0	,559.0	,	,	,湖北省,武汉市,江岸区,,,否,否,	,	,	,否,	,	,	,	,	,	,	,	,	,	,	,	,否,否,	,否,否,,	,否,	,否,,,否
【重磅新品】云米净水器600G小海豚升级版厨下式RO反渗透直饮家用,251022-178111199523060,已取消,1	,正常,	,	,,	,	,225501370546	,【24年新品】600G升级版6年长效,1600502140541	,厨房电器,净水器/净水设备及配件耗材,净水器,	,6923185653684	,6923185616399	,	,	,无售后或售后取消,,	,	,,,,,,,否,否,	,否,	,,559.0	,0.0	,0.0	,0.0	,0.0	,0.0	,0.0	,0.0	,559.0	,559.0	,	,	,****,****,****,****,,否,否,	,	,	,否,	,	,	,	,	,	,	,	,	,	,	,	,否,否,	,否,	,,	,否,	,否,,,否
云米净水器滤芯小蓝调小海豚600G+专用复合滤芯RO反渗透滤芯过滤,251022-644549230912333,已发货，待收货,2	,正常,2025-10-22 08:27:02,2025-10-23 08:27:02,,2025-10-22 14:15:28,	,296967601341	,5in1复合滤芯 2年长效,1600193054565	,厨房电器,净水器/净水设备及配件耗材,净水器,	,6923185627425	,	,后返到手价99一个,	,无售后或售后取消,,2025-10-22 08:27:02,	,,,,,,,否,否,	,否,	,,598.0	,0.0	,5.98	,0.0	,0.0	,0.0	,0.0	,0.0	,592.02	,592.02	,JDV023590261196,京东大件物流,安徽省,合肥市,包河区,,,否,否,	,	,	,否,	,	,	,	,	,	,	,	,	,	,	,	,否,否,	,否,否,,	,否,	,否,,,否
【重磅新品】云米净水器600G小海豚升级版厨下式RO反渗透直饮家用,251022-638236792382109,已发货，待收货,1	,正常,2025-10-22 08:25:23,2025-10-23 08:25:24,,2025-10-22 17:42:01,	,225501370546	,【24年新品】600G升级版6年长效,1600502140541	,厨房电器,净水器/净水设备及配件耗材,净水器,	,6923185653684	,6923185616399	,	,	,无售后或售后取消,,2025-10-22 08:25:24,	,,,,,,,否,否,	,否,	,,559.0	,0.0	,0.0	,0.0	,0.0	,0.0	,0.0	,0.0	,559.0	,559.0	,JDV023590382353,京东大件物流,内蒙古自治区,赤峰市,元宝山区,,,否,否,	,	,	,否,	,	,	,	,	,	,	,	,	,	,	,	,否,否,	,否,否,,	,否,	,否,,,否
【重磅新品】云米净水器600G小海豚升级版厨下式RO反渗透直饮家用,251022-562686912832333,已发货，待收货,1	,正常,2025-10-22 08:22:04,2025-10-23 08:22:05,,2025-10-22 14:15:28,	,225501370546	,【24年新品】600G升级版6年长效,1600502140541	,厨房电器,净水器/净水设备及配件耗材,净水器,	,6923185653684	,6923185616399	,	,	,无售后或售后取消,,2025-10-22 08:22:05,	,,,,,,,否,否,	,否,	,,559.0	,0.0	,0.0	,0.0	,0.0	,0.0	,0.0	,0.0	,559.0	,559.0	,JDV023591034673,京东大件物流,安徽省,合肥市,包河区,,,否,否,	,	,	,否,	,	,	,	,	,	,	,	,	,	,	,	,否,否,	,否,否,,	,否,	,否,,,否
云米净饮机X2系列滤芯X2mini mango复合滤芯5in1/6in1 RO反渗透,251022-020363363890780,已取消,1	,正常,	,	,,	,	,243153009643	,X2/X2 Pro  5合1滤芯,1360931817930	,厨房电器,净水器/净水设备及配件耗材,净水器,	,6923185614258	,6923185614258	,	,	,无售后或售后取消,,	,	,,,,,,,否,否,	,否,	,,147.0	,0.0	,0.0	,0.0	,0.0	,0.0	,0.0	,0.0	,147.0	,147.0	,	,	,****,****,****,****,,否,否,	,	,	,否,	,	,	,	,	,	,	,	,	,	,	,	,否,否,	,否,	,,	,否,	,否,,,否
云米净水器滤芯家用小海豚小蓝调小白龙系列专用RO反渗透,251022-536839504161088,已发货，待收货,1	,正常,2025-10-22 08:16:54,2025-10-24 08:16:55,,2025-10-22 16:32:36,	,232467205433	,5in1 复合滤芯,1647394585330	,厨房电器,净水器/净水设备及配件耗材,净水器,	,6923185627425	,	,后返到手价109,	,无售后或售后取消,,2025-10-22 08:16:55,	,,,,,,,否,否,	,否,	,,149.0	,0.0	,0.0	,0.0	,0.0	,0.0	,0.0	,0.0	,149.0	,149.0	,JDV023589102536,京东配送,陕西省,西安市,长安区,,,否,否,	,	,	,否,	,	,	,	,	,	,	,	,	,	,	,	,否,否,	,否,否,,	,否,	,否,,,否
【重磅新品】云米净水器600G小海豚升级版厨下式RO反渗透直饮家用,251022-395627804970543,已取消,1	,正常,	,	,,	,	,225501370546	,【24年新品】600G升级版6年长效,1600502140541	,厨房电器,净水器/净水设备及配件耗材,净水器,	,6923185653684	,6923185616399	,	,	,无售后或售后取消,,	,	,,,,,,,否,否,	,否,	,,559.0	,0.0	,0.0	,0.0	,0.0	,0.0	,0.0	,0.0	,559.0	,559.0	,	,	,****,****,****,****,,否,否,	,	,	,否,	,	,	,	,	,	,	,	,	,	,	,	,否,否,	,否,	,,	,否,	,否,,,否
【母婴直饮】云米净水器 SE 600G+ 新升级厨下式RO反渗透直饮家用,251022-123396493751108,已发货，待收货,1	,正常,2025-10-22 08:09:54,2025-10-23 08:09:54,,2025-10-22 17:04:23,	,819506595979	,【24年新品】600G升级版6年长效,1787046011387	,厨房电器,净水器/净水设备及配件耗材,净水器,	,6923185653684	,6923185616399	,	,	,无售后或售后取消,,2025-10-22 08:09:54,	,,,,,,,否,否,	,否,	,,799.0	,0.0	,151.81	,39.95	,0.0	,0.0	,0.0	,0.0	,607.24	,647.19	,JDV023594060285,京东配送,广西壮族自治区,南宁市,邕宁区,,,否,否,	,	,	,否,	,	,	,	,	,	,	,	,	,	,	,	,否,否,	,否,否,,	,否,	,否,,,否
云米智能AI门锁3D指纹密码蓝牙可连大容量续航家用公寓自动安全,251022-329095585332924,已发货，待收货,1	,正常,2025-10-22 08:09:14,2025-10-23 08:09:14,,2025-10-22 17:18:13,	,743885774552	,"云米蓝调指纹密码锁LBT11C,黑色",1734954999916	,基础建材,智能门锁/电子锁,智能门锁/电子锁,	,6923185655381	,6923185655381	,	,	,无售后或售后取消,,2025-10-22 08:09:14,	,,,,,,,否,否,	,否,	,,660.0	,0.0	,40.0	,74.4	,0.0	,0.0	,0.0	,0.0	,545.6	,620.0	,JDV023590859568,京东配送,四川省,德阳市,绵竹市,,,否,否,	,	,	,否,	,	,	,	,	,	,	,	,	,	,	,	,否,否,	,否,否,,	,否,	,否,,,否
【重磅新品】云米净水器600G小海豚升级版厨下式RO反渗透直饮家用,251022-263622530572855,已取消,1	,正常,	,	,,	,	,225501370546	,【24年新品】600G升级版6年长效,1600502140541	,厨房电器,净水器/净水设备及配件耗材,净水器,	,6923185653684	,6923185616399	,	,	,无售后或售后取消,,	,	,,,,,,,否,否,	,否,	,,559.0	,0.0	,0.0	,0.0	,0.0	,0.0	,0.0	,0.0	,559.0	,559.0	,	,	,****,****,****,****,,否,否,	,	,	,否,	,	,	,	,	,	,	,	,	,	,	,	,否,否,	,否,	,,	,否,	,否,,,否
【重磅新品】云米净水器600G小海豚升级版厨下式RO反渗透直饮家用,251022-065703852443920,未发货，退款成功,1	,正常,2025-10-22 08:09:45,2025-10-23 08:09:46,,	,	,225501370546	,【24年新品】600G升级版6年长效,1600502140541	,厨房电器,净水器/净水设备及配件耗材,净水器,	,6923185653684	,6923185616399	,拦截	ZX2510220063058,	,退款成功,,2025-10-22 08:09:46,	,,,,,,,否,否,	,否,	,,559.0	,0.0	,0.0	,55.9	,0.0	,0.0	,0.0	,0.0	,503.1	,559.0	,	,	,广东省,云浮市,罗定市,,,否,否,	,	,	,否,	,	,	,	,	,	,	,	,	,	,	,	,否,否,	,否,否,,	,否,	,否,,,否
【重磅新品】云米净水器600G小海豚升级版厨下式RO反渗透直饮家用,251022-193074306621109,未发货，退款成功,1	,正常,2025-10-22 07:56:44,2025-10-23 07:56:44,,	,	,225501370546	,【24年新品】600G升级版6年长效,1600502140541	,厨房电器,净水器/净水设备及配件耗材,净水器,	,6923185653684	,6923185616399	,聚水潭已取消发货，仅退款  诚10.22,	,退款成功,,2025-10-22 07:56:44,	,,,,,,,否,否,	,否,	,,559.0	,0.0	,0.0	,0.0	,0.0	,0.0	,0.0	,0.0	,559.0	,559.0	,	,	,四川省,成都市,都江堰市,,,否,否,	,	,	,否,	,	,	,	,	,	,	,	,	,	,	,	,否,否,	,否,否,,	,否,	,否,,,否
【重磅新品】云米净水器600G小海豚升级版厨下式RO反渗透直饮家用,251022-127569784450149,已发货，待收货,1	,正常,2025-10-22 07:49:49,2025-10-23 07:49:49,,2025-10-22 14:15:28,	,225501370546	,【24年新品】600G升级版6年长效,1600502140541	,厨房电器,净水器/净水设备及配件耗材,净水器,	,6923185653684	,6923185616399	,	,	,无售后或售后取消,,2025-10-22 07:49:49,	,,,,,,,否,否,	,否,	,,559.0	,0.0	,0.0	,0.0	,0.0	,0.0	,0.0	,0.0	,559.0	,559.0	,JDV023591019490,京东大件物流,江苏省,无锡市,惠山区,,,否,否,	,	,	,否,	,	,	,	,	,	,	,	,	,	,	,	,否,否,	,否,否,,	,否,	,否,,,否
【重磅新品】云米净水器600G小海豚升级版厨下式RO反渗透直饮家用,251022-440370480770149,已取消,1	,正常,	,	,,	,	,225501370546	,【24年新品】600G升级版6年长效,1600502140541	,厨房电器,净水器/净水设备及配件耗材,净水器,	,6923185653684	,6923185616399	,	,	,无售后或售后取消,,	,	,,,,,,,否,否,	,否,	,,559.0	,0.0	,0.0	,0.0	,0.0	,0.0	,0.0	,0.0	,559.0	,559.0	,	,	,****,****,****,****,,否,否,	,	,	,否,	,	,	,	,	,	,	,	,	,	,	,	,否,否,	,否,	,,	,否,	,否,,,否
【新鲜0陈水】云米净水器小海豚21000G厨下直饮小体积净水机RO机,251022-101921636701213,已取消,1	,正常,	,	,,	,	,309517106373	,【新鲜0陈水】1000G大通量RO净水器,1734374586129	,厨房电器,净水器/净水设备及配件耗材,净水器,	,6923185654247	,	,	,	,无售后或售后取消,,	,	,,,,,,,否,否,	,否,	,,872.0	,0.0	,0.0	,95.92	,0.0	,0.0	,0.0	,0.0	,776.08	,872.0	,	,	,****,****,****,****,,否,否,	,	,	,否,	,	,	,	,	,	,	,	,	,	,	,	,否,否,	,否,	,,	,否,	,否,,,否
【重磅新品】云米净水器600G小海豚升级版厨下式RO反渗透直饮家用,251022-362094282371841,已发货，待收货,1	,正常,2025-10-22 07:34:45,2025-10-23 07:34:45,,2025-10-22 14:15:28,	,225501370546	,【24年新品】600G升级版6年长效,1600502140541	,厨房电器,净水器/净水设备及配件耗材,净水器,	,6923185653684	,6923185616399	,	,	,无售后或售后取消,,2025-10-22 07:34:45,	,,,,,,,否,否,	,否,	,,559.0	,0.0	,0.0	,0.0	,1.11	,0.0	,0.0	,0.0	,559.0	,559.0	,JDV023590208887,京东大件物流,上海市,上海市,宝山区,,,否,否,	,	,	,否,	,	,	,	,	,	,	,	,	,	,	,	,否,否,	,否,否,,	,否,	,否,,,否
【重磅新品】云米净水器600G小海豚升级版厨下式RO反渗透直饮家用,251022-114735214211841,已取消,1	,正常,	,	,,	,	,225501370546	,【24年新品】600G升级版6年长效,1600502140541	,厨房电器,净水器/净水设备及配件耗材,净水器,	,6923185653684	,6923185616399	,	,	,无售后或售后取消,,	,	,,,,,,,否,否,	,否,	,,559.0	,0.0	,0.0	,0.0	,0.0	,0.0	,0.0	,0.0	,559.0	,559.0	,	,	,****,****,****,****,,否,否,	,	,	,否,	,	,	,	,	,	,	,	,	,	,	,	,否,否,	,否,	,,	,否,	,否,,,否
【重磅新品】云米净水器600G小海豚升级版厨下式RO反渗透直饮家用,251022-573046843711275,已取消,1	,正常,	,	,,	,	,225501370546	,【24年新品】600G升级版6年长效,1600502140541	,厨房电器,净水器/净水设备及配件耗材,净水器,	,6923185653684	,6923185616399	,	,	,无售后或售后取消,,	,	,,,,,,,否,否,	,否,	,,559.0	,0.0	,0.0	,0.0	,0.0	,0.0	,0.0	,0.0	,559.0	,559.0	,	,	,****,****,****,****,,否,否,	,	,	,否,	,	,	,	,	,	,	,	,	,	,	,	,否,否,	,否,	,,	,否,	,否,,,否
【重磅新品】云米净水器600G小海豚升级版厨下式RO反渗透直饮家用,251022-287100126851841,未发货，退款成功,1	,正常,2025-10-22 07:31:34,2025-10-23 07:31:34,,	,	,225501370546	,【24年新品】600G升级版6年长效,1600502140541	,厨房电器,净水器/净水设备及配件耗材,净水器,	,6923185653684	,6923185616399	,聚水潭已取消发货，仅退款  诚10.22,	,退款成功,,2025-10-22 07:31:34,	,,,,,,,否,否,	,否,	,,559.0	,0.0	,0.0	,0.0	,1.11	,0.0	,0.0	,0.0	,559.0	,559.0	,	,	,上海市,上海市,宝山区,,,否,否,	,	,	,否,	,	,	,	,	,	,	,	,	,	,	,	,否,否,	,否,否,,	,否,	,否,,,否
云米双腔大吸力手势控制智清洁油烟机聚能猛火灶安全烟灶联动套装【10月26日发完】,251022-128681316740318,已取消,1	,正常,	,	,,	,	,818698470695	,"【烟灶套装】双腔劲吸烟机+5.0KW灶,液化气灶",1786567894378	,大家电,厨房大电,烟灶消套装,	,S2509151408001,	,	,	,无售后或售后取消,,	,	,,,,,,,否,否,	,否,	,,1199.0	,0.0	,0.0	,0.0	,0.0	,0.0	,0.0	,0.0	,1199.0	,1199.0	,	,	,****,****,****,****,,否,否,	,	,	,否,	,	,	,	,	,	,	,	,	,	,	,	,否,否,	,否,	,,	,否,	,否,,,否
云米双腔大吸力手势控制智清洁油烟机聚能猛火灶安全烟灶联动套装【10月26日发完】,251022-558849134980318,已取消,1	,正常,	,	,,	,	,818698470695	,"【烟灶套装】双腔劲吸烟机+5.0KW灶,液化气灶",1786567894378	,大家电,厨房大电,烟灶消套装,	,S2509151408001,	,	,	,无售后或售后取消,,	,	,,,,,,,否,否,	,否,	,,1199.0	,0.0	,0.0	,0.0	,0.0	,0.0	,0.0	,0.0	,1199.0	,1199.0	,	,	,****,****,****,****,,否,否,	,	,	,否,	,	,	,	,	,	,	,	,	,	,	,	,否,否,	,否,	,,	,否,	,否,,,否
云米矿泉台式净饮机即热式饮水机直饮家用矿化加热一体机净水器,251022-359619705244031,已取消,1	,正常,	,	,,	,	,826920121377	,spuer2,1792670253677	,厨房电器,台式净饮机,台式净饮机,	,6923185615415	,6923185615415	,	,	,无售后或售后取消,,	,	,,,,,,,否,否,	,否,	,,1385.0	,0.0	,207.75	,0.0	,0.0	,0.0	,0.0	,0.0	,1177.25	,1177.25	,	,	,****,****,****,****,,否,否,	,	,	,否,	,	,	,	,	,	,	,	,	,	,	,	,否,否,	,否,	,,	,否,	,否,,,否
【重磅新品】云米净水器600G小海豚升级版厨下式RO反渗透直饮家用,251022-323066283560397,已发货，待收货,1	,正常,2025-10-22 07:00:55,2025-10-23 07:00:55,,2025-10-22 17:42:03,	,225501370546	,【24年新品】600G升级版6年长效,1600502140541	,厨房电器,净水器/净水设备及配件耗材,净水器,	,6923185653684	,6923185616399	,	,	,无售后或售后取消,,2025-10-22 07:00:55,	,,,,,,,否,否,	,否,	,,559.0	,0.0	,0.0	,0.0	,1.11	,0.0	,0.0	,0.0	,559.0	,559.0	,JDV023594020219,京东大件物流,广东省,佛山市,高明区,,,否,否,	,	,	,否,	,	,	,	,	,	,	,	,	,	,	,	,否,否,	,否,否,,	,否,	,否,,,否
【重磅新品】云米净水器600G小海豚升级版厨下式RO反渗透直饮家用,251022-424180487803311,已取消,1	,正常,	,	,,	,	,225501370546	,【24年新品】600G升级版6年长效,1600502140541	,厨房电器,净水器/净水设备及配件耗材,净水器,	,6923185653684	,6923185616399	,	,	,无售后或售后取消,,	,	,,,,,,,否,否,	,否,	,,559.0	,0.0	,0.0	,0.0	,0.0	,0.0	,0.0	,0.0	,559.0	,559.0	,	,	,****,****,****,****,,否,否,	,	,	,否,	,	,	,	,	,	,	,	,	,	,	,	,否,否,	,否,	,,	,否,	,否,,,否
【重磅新品】云米净水器600G小海豚升级版厨下式RO反渗透直饮家用,251022-216268807743403,已发货，待收货,1	,正常,2025-10-22 06:44:20,2025-10-23 06:44:20,,2025-10-22 17:42:02,	,225501370546	,【24年新品】600G升级版6年长效,1600502140541	,厨房电器,净水器/净水设备及配件耗材,净水器,	,6923185653684	,6923185616399	,	,	,无售后或售后取消,,2025-10-22 06:44:20,	,,,,,,,否,否,	,否,	,,559.0	,0.0	,0.0	,0.0	,0.0	,0.0	,0.0	,0.0	,559.0	,559.0	,JDV023589054331,京东大件物流,天津市,天津市,宝坻区,,,否,否,	,	,	,否,	,	,	,	,	,	,	,	,	,	,	,	,否,否,	,否,否,,	,否,	,否,,,否
【重磅新品】云米净水器600G小海豚升级版厨下式RO反渗透直饮家用,251022-206957525340573,已取消,1	,正常,	,	,,	,	,225501370546	,【24年新品】600G升级版6年长效,1600502140541	,厨房电器,净水器/净水设备及配件耗材,净水器,	,6923185653684	,6923185616399	,	,	,无售后或售后取消,,	,	,,,,,,,否,否,	,否,	,,559.0	,0.0	,0.0	,0.0	,0.0	,0.0	,0.0	,0.0	,559.0	,559.0	,	,	,****,****,****,****,,否,否,	,	,	,否,	,	,	,	,	,	,	,	,	,	,	,	,否,否,	,否,	,,	,否,	,否,,,否
【重磅新品】云米净水器600G小海豚升级版厨下式RO反渗透直饮家用,251022-037329375610026,已发货，待收货,1	,正常,2025-10-22 06:16:12,2025-10-23 06:16:13,,2025-10-22 17:42:01,	,225501370546	,【24年新品】600G升级版6年长效,1600502140541	,厨房电器,净水器/净水设备及配件耗材,净水器,	,6923185653684	,6923185616399	,	,	,无售后或售后取消,,2025-10-22 06:16:13,	,,,,,,,否,否,	,否,	,,559.0	,0.0	,0.0	,0.0	,0.2	,0.0	,0.0	,0.0	,559.0	,559.0	,JDV023589404566,京东大件物流,吉林省,通化市,东昌区,,,否,否,	,	,	,否,	,	,	,	,	,	,	,	,	,	,	,	,否,否,	,否,否,,	,否,	,否,,,否
【重磅新品】云米净水器600G小海豚升级版厨下式RO反渗透直饮家用,251022-327459806832075,已取消,1	,正常,	,	,,	,	,225501370546	,【24年新品】600G升级版6年长效,1600502140541	,厨房电器,净水器/净水设备及配件耗材,净水器,	,6923185653684	,6923185616399	,	,	,无售后或售后取消,,	,	,,,,,,,否,否,	,否,	,,559.0	,0.0	,0.0	,0.0	,0.0	,0.0	,0.0	,0.0	,559.0	,559.0	,	,	,****,****,****,****,,否,否,	,	,	,否,	,	,	,	,	,	,	,	,	,	,	,	,否,否,	,否,	,,	,否,	,否,,,否
【重磅新品】云米净水器600G小海豚升级版厨下式RO反渗透直饮家用,251022-386379334060522,未发货，退款成功,1	,正常,2025-10-22 05:57:18,2025-10-23 05:57:18,,	,	,225501370546	,【24年新品】600G升级版6年长效,1600502140541	,厨房电器,净水器/净水设备及配件耗材,净水器,	,6923185653684	,6923185616399	,拦截	ZX2510220063060,	,退款成功,,2025-10-22 05:57:18,	,,,,,,,否,否,	,否,	,,559.0	,0.0	,0.0	,0.0	,1.11	,0.0	,0.0	,0.0	,559.0	,559.0	,	,	,黑龙江省,哈尔滨市,松北区,,,否,否,	,	,	,否,	,	,	,	,	,	,	,	,	,	,	,	,否,否,	,否,否,,	,否,	,否,,,否
【重磅新品】云米净水器600G小海豚升级版厨下式RO反渗透直饮家用,251022-062253975191310,未发货，退款成功,1	,正常,2025-10-22 05:56:46,2025-10-23 05:56:46,,	,	,225501370546	,【24年新品】600G升级版6年长效,1600502140541	,厨房电器,净水器/净水设备及配件耗材,净水器,	,6923185653684	,6923185616399	,聚水潭已取消发货，仅退款  诚10.22 ,	,退款成功,,2025-10-22 05:56:46,	,,,,,,,否,否,	,否,	,,559.0	,0.0	,0.0	,0.0	,0.0	,0.0	,0.0	,0.0	,559.0	,559.0	,	,	,黑龙江省,哈尔滨市,松北区,,,否,否,	,	,	,否,	,	,	,	,	,	,	,	,	,	,	,	,否,否,	,否,否,,	,否,	,否,,,否
云米全自动智能马桶水箱泡沫盾抗菌即热恒温座圈离座冲水小鲸鱼2,251022-351744889190335,未发货，退款成功,1	,正常,2025-10-22 03:43:14,2025-10-23 03:43:14,,	,	,237591380789	,【智能马桶】400mm,1771263282620	,家装主材,卫浴陶瓷,智能坐便器,	,6923185654605	,小鲸鱼,聚水潭已取消发货，仅退款  诚10.22,	,退款成功,,2025-10-22 03:43:14,	,,,,,,,否,否,	,否,	,,1264.0	,0.0	,76.0	,118.8	,0.0	,0.0	,0.0	,0.0	,1069.2	,1188.0	,	,	,四川省,成都市,金牛区,,,否,否,	,	,	,否,	,	,	,	,	,	,	,	,	,	,	,	,否,否,	,否,否,,	,否,	,否,,,否
【重磅新品】云米净水器600G小海豚升级版厨下式RO反渗透直饮家用,251022-032988270963547,已取消,1	,正常,	,	,,	,	,225501370546	,【24年新品】600G升级版6年长效,1600502140541	,厨房电器,净水器/净水设备及配件耗材,净水器,	,6923185653684	,6923185616399	,	,	,无售后或售后取消,,	,	,,,,,,,否,否,	,否,	,,559.0	,0.0	,0.0	,0.0	,0.0	,0.0	,0.0	,0.0	,559.0	,559.0	,	,	,****,****,****,****,,否,否,	,	,	,否,	,	,	,	,	,	,	,	,	,	,	,	,否,否,	,否,	,,	,否,	,否,,,否
【重磅新品】云米净水器600G小海豚升级版厨下式RO反渗透直饮家用,251022-332859973190806,已取消,2	,正常,	,	,,	,	,225501370546	,【24年新品】600G升级版6年长效,1600502140541	,厨房电器,净水器/净水设备及配件耗材,净水器,	,6923185653684	,6923185616399	,	,	,无售后或售后取消,,	,	,,,,,,,否,否,	,否,	,,1118.0	,0.0	,11.18	,110.68	,0.0	,0.0	,0.0	,0.0	,996.14	,1106.82	,	,	,****,****,****,****,,否,否,	,	,	,否,	,	,	,	,	,	,	,	,	,	,	,	,否,否,	,否,	,,	,否,	,否,,,否
【重磅新品】云米净水器600G小海豚升级版厨下式RO反渗透直饮家用,251022-379458742703618,已发货，待收货,1	,正常,2025-10-22 01:26:47,2025-10-23 01:26:47,,2025-10-22 17:42:02,	,225501370546	,【24年新品】600G升级版6年长效,1600502140541	,厨房电器,净水器/净水设备及配件耗材,净水器,	,6923185653684	,6923185616399	,	,	,无售后或售后取消,,2025-10-22 01:26:47,	,,,,,,,否,否,	,否,	,,559.0	,0.0	,0.0	,0.0	,0.0	,0.0	,0.0	,0.0	,559.0	,559.0	,JDV023594058826,京东大件物流,湖南省,长沙市,岳麓区,,,否,否,	,	,	,否,	,	,	,	,	,	,	,	,	,	,	,	,否,否,	,否,否,,	,否,	,否,,,否
【重磅新品】云米净水器600G小海豚升级版厨下式RO反渗透直饮家用,251022-115343398432072,已取消,1	,正常,	,	,,	,	,225501370546	,【24年新品】600G升级版6年长效,1600502140541	,厨房电器,净水器/净水设备及配件耗材,净水器,	,6923185653684	,6923185616399	,	,	,无售后或售后取消,,	,	,,,,,,,否,否,	,否,	,,559.0	,0.0	,0.0	,0.0	,0.0	,0.0	,0.0	,0.0	,559.0	,559.0	,	,	,****,****,****,****,,否,否,	,	,	,否,	,	,	,	,	,	,	,	,	,	,	,	,否,否,	,否,	,,	,否,	,否,,,否
【重磅新品】云米净水器600G小海豚升级版厨下式RO反渗透直饮家用,251022-003114330483717,已发货，待收货,1	,正常,2025-10-22 01:02:31,2025-10-23 01:02:31,,2025-10-22 17:42:03,	,225501370546	,【24年新品】600G升级版6年长效,1600502140541	,厨房电器,净水器/净水设备及配件耗材,净水器,	,6923185653684	,6923185616399	,	,	,无售后或售后取消,,2025-10-22 01:02:31,	,,,,,,,否,否,	,否,	,,559.0	,0.0	,0.0	,0.0	,0.0	,0.0	,0.0	,0.0	,559.0	,559.0	,JDV023589096226,京东大件物流,北京市,北京市,丰台区,,,否,否,	,	,	,否,	,	,	,	,	,	,	,	,	,	,	,	,否,否,	,否,否,,	,否,	,否,,,否
【重磅新品】云米净水器600G小海豚升级版厨下式RO反渗透直饮家用,251022-149254346302105,已取消,1	,正常,	,	,,	,	,225501370546	,【24年新品】600G升级版6年长效,1600502140541	,厨房电器,净水器/净水设备及配件耗材,净水器,	,6923185653684	,6923185616399	,	,	,无售后或售后取消,,	,	,,,,,,,否,否,	,否,	,,559.0	,0.0	,0.0	,0.0	,0.0	,0.0	,0.0	,0.0	,559.0	,559.0	,	,	,****,****,****,****,,否,否,	,	,	,否,	,	,	,	,	,	,	,	,	,	,	,	,否,否,	,否,	,,	,否,	,否,,,否
【重磅新品】云米净水器600G小海豚升级版厨下式RO反渗透直饮家用,251022-686523696690217,已取消,1	,正常,	,	,,	,	,225501370546	,【24年新品】600G升级版6年长效,1600502140541	,厨房电器,净水器/净水设备及配件耗材,净水器,	,6923185653684	,6923185616399	,	,	,无售后或售后取消,,	,	,,,,,,,否,否,	,否,	,,559.0	,0.0	,0.0	,55.9	,0.0	,0.0	,0.0	,0.0	,503.1	,559.0	,	,	,****,****,****,****,,否,否,	,	,	,否,	,	,	,	,	,	,	,	,	,	,	,	,否,否,	,否,	,,	,否,	,否,,,否
云米净饮机X2系列滤芯X2mini mango复合滤芯5in1/6in1 RO反渗透,251022-557894910351721,已发货，待收货,1	,正常,2025-10-22 00:36:57,2025-10-24 00:36:57,,2025-10-22 17:42:03,	,243153009643	,X2mini/mango 6合1滤芯,1360803955963	,厨房电器,净水器/净水设备及配件耗材,净水器,	,6923185623281	,6923185614258	,	,	,无售后或售后取消,,2025-10-22 00:36:57,	,,,,,,,否,否,	,否,	,,319.0	,0.0	,0.0	,50.0	,0.0	,0.0	,0.0	,0.0	,269.0	,319.0	,JDV023593952518,京东大件物流,四川省,成都市,成华区,,,否,否,	,	,	,否,	,	,	,	,	,	,	,	,	,	,	,	,否,否,	,否,否,,	,否,	,否,,,否
云米全自动智能马桶水箱泡沫盾抗菌即热恒温座圈离座冲水小鲸鱼2,251022-461761493430273,已取消,1	,正常,	,	,,	,	,237591380789	,【智能马桶】400mm,1771263282620	,家装主材,卫浴陶瓷,智能坐便器,	,6923185654605	,小鲸鱼,	,	,无售后或售后取消,,	,	,,,,,,,否,否,	,否,	,,1264.0	,0.0	,76.0	,91.0	,0.0	,0.0	,0.0	,0.0	,1097.0	,1188.0	,	,	,****,****,****,****,,否,否,	,	,	,否,	,	,	,	,	,	,	,	,	,	,	,	,否,否,	,否,	,,	,否,	,否,,,否
【小海豚1000G管线机套装】云米净水器家用厨下一键即热制冷直饮,251022-032264711682150,已取消,1	,正常,	,	,,	,	,246986456918	,【0陈水冷热2件套】1000G+管线机2E,1751903219858	,厨房电器,净水器/净水设备及配件耗材,净水器,	,S2503111808001,	,	,	,无售后或售后取消,,	,	,,,,,,,否,否,	,否,	,,1824.0	,0.0	,344.8	,100.0	,0.0	,0.0	,0.0	,0.0	,1379.2	,1479.2	,	,	,****,****,****,****,,否,否,	,	,	,否,	,	,	,	,	,	,	,	,	,	,	,	,否,否,	,否,	,,	,否,	,否,,,否
【重磅新品】云米净水器600G小海豚升级版厨下式RO反渗透直饮家用,251022-531764364850568,已发货，待收货,1	,正常,2025-10-22 00:29:54,2025-10-23 00:29:54,,2025-10-22 14:15:29,	,225501370546	,【24年新品】600G升级版6年长效,1600502140541	,厨房电器,净水器/净水设备及配件耗材,净水器,	,6923185653684	,6923185616399	,	,	,无售后或售后取消,,2025-10-22 00:29:54,	,,,,,,,否,否,	,否,	,,559.0	,0.0	,0.0	,55.9	,0.0	,0.0	,0.0	,0.0	,503.1	,559.0	,JDV023590229004,京东大件物流,浙江省,宁波市,鄞州区,,,否,否,	,	,	,否,	,	,	,	,	,	,	,	,	,	,	,	,否,否,	,否,是,3	,商家,否,	,否,,信用卡分期,否
云米净水器滤芯PP棉前置后置RO反渗透1号2号3号4号通用装C/V系列,251022-212074576282892,已取消,1	,正常,	,	,,	,	,205467667434	,1号PP棉滤芯超能升级版,760402645809	,厨房电器,净水器/净水设备及配件耗材,净水器,	,6923185600190	,	,	,	,无售后或售后取消,,	,	,,,,,,,否,否,	,否,	,,39.0	,0.0	,0.0	,0.0	,0.0	,0.0	,0.0	,0.0	,39.0	,39.0	,	,	,****,****,****,****,,否,否,	,	,	,否,	,	,	,	,	,	,	,	,	,	,	,	,否,否,	,否,	,,	,否,	,否,,,否
【新鲜0陈水】云米净水器小海豚21000G厨下直饮小体积净水机RO机,251022-475225178431651,已取消,1	,正常,	,	,,	,	,309517106373	,【新鲜0陈水】1000G大通量RO净水器,1734374586129	,厨房电器,净水器/净水设备及配件耗材,净水器,	,6923185654247	,	,	,	,无售后或售后取消,,	,	,,,,,,,否,否,	,否,	,,872.0	,0.0	,0.0	,50.0	,0.0	,0.0	,0.0	,0.0	,822.0	,872.0	,	,	,****,****,****,****,,否,否,	,	,	,否,	,	,	,	,	,	,	,	,	,	,	,	,否,否,	,否,	,,	,否,	,否,,,否
【重磅新品】云米净水器600G小海豚升级版厨下式RO反渗透直饮家用,251022-429213684083890,未发货，退款成功,1	,正常,2025-10-22 00:04:24,2025-10-23 00:04:25,,	,	,225501370546	,【24年新品】600G升级版6年长效,1600502140541	,厨房电器,净水器/净水设备及配件耗材,净水器,	,6923185653684	,6923185616399	,聚水潭已取消发货，仅退款  诚10.22,	,退款成功,,2025-10-22 00:04:25,	,,,,,,,否,否,	,否,	,,559.0	,0.0	,0.0	,55.9	,15.0	,0.0	,0.0	,0.0	,503.1	,559.0	,	,	,山东省,青岛市,城阳区,,,否,否,	,	,	,否,	,	,	,	,	,	,	,	,	,	,	,	,否,否,	,否,否,,	,否,	,否,,,否