商品,订单号,订单状态,商品数量(件),是否审核中,支付时间,承诺发货时间,承诺送达时间,发货时间,确认收货时间,商品id,商品规格,样式ID,商品一级类目,商品二级类目,商品三级类目,商品四级类目,商家编码-规格维度,商家编码-商品维度,商家备注,买家留言,售后状态,消费者资料,订单成交时间,消费者资料上传时间,赠品名称,赠品id,赠品规格,赠品数量,团ID,团身份,是否已开始配送,配送员是否已送达,配送状态,同城是否普通快递,集运类型,赠品订单号,商品总价(元),邮费(元),店铺优惠折扣(元),平台优惠折扣(元),多多支付立减金额(元),上门安装费(元),送货入户费(元),送货入户并安装费(元),用户实付金额(元),商家实收金额(元),快递单号,快递公司,省,市,区,街道/镇,配送员手机号,是否抽奖或0元试用,是否顺丰加价,用户购买手机号,旅行类信息,充值号码,是否门店自提,门店名称,门店自定义编码,关联货品编码,货品名称,货品类型,子货品,仓库名称,仓库所在地址,海淘清关订单号,支付ID,支付方式,保税仓,是否直播间成交,是否直播间引导成交,预约配送时间,是否节能补贴,是否分期,分期期数,手续费承担方,是否无痕发货,订单来源,是否社区团购,小区送达情况,分期方式,是否已上传证件照片
VIOMI云米净水器1000G厨下直饮小体积净水机RO机智显龙头3秒满杯,251119-263213596982467,未发货，退款成功,1	,正常,2025-11-19 23:56:45,2025-11-20 23:56:45,,	,	,842195971715	,1000G大通量RO净水器,1803617356458	,厨房电器,净水器/净水设备及配件耗材,净水器,	,6923185654247	,	,	,	,退款成功,,2025-11-19 23:56:45,	,,,,,,,否,否,	,否,	,,823.0	,0.0	,24.0	,79.9	,0.2	,0.0	,0.0	,0.0	,719.1	,799.0	,	,	,天津市,天津市,静海区,,,否,否,	,	,	,否,	,	,	,	,	,	,	,	,	,	,	,	,否,否,	,否,否,,	,否,	,否,,,否
【重磅新品】云米净水器600G小海豚升级版厨下式RO反渗透直饮家用,251119-223556452763710,未发货，退款成功,1	,正常,2025-11-19 23:50:21,2025-11-20 23:50:21,,	,	,225501370546	,小海豚600G,1813468330532	,厨房电器,净水器/净水设备及配件耗材,净水器,	,6923185653684	,6923185616399	,	,	,退款成功,,2025-11-19 23:50:21,	,,,,,,,否,否,	,否,	,,559.0	,0.0	,0.0	,0.0	,0.0	,0.0	,0.0	,0.0	,559.0	,559.0	,	,	,广东省,佛山市,顺德区,,,否,否,	,	,	,否,	,	,	,	,	,	,	,	,	,	,	,	,是,是,	,否,否,,	,否,	,否,,,否
【母婴直饮】云米净水器 SE 600G+ 新升级厨下式RO反渗透直饮家用,251119-611047196243384,待发货,1	,正常,2025-11-19 23:27:37,2025-11-20 23:27:37,,	,	,819506595979	,【24年新品】600G升级版6年长效,1787046011387	,厨房电器,净水器/净水设备及配件耗材,净水器,	,6923185653684	,6923185616399	,	,	,无售后或售后取消,,2025-11-19 23:27:37,	,,,,,,,否,否,	,否,	,,748.0	,0.0	,134.64	,74.8	,0.0	,0.0	,0.0	,0.0	,538.56	,613.36	,	,	,广东省,深圳市,龙岗区,,,否,否,	,	,	,否,	,	,	,	,	,	,	,	,	,	,	,	,是,是,	,否,否,,	,否,	,否,,,否
【母婴直饮】云米净水器 SE 600G+ 新升级厨下式RO反渗透直饮家用,251119-492411328151169,未发货，退款成功,1	,正常,2025-11-19 23:23:20,2025-11-20 23:23:21,,	,	,819506595979	,【24年新品】600G升级版6年长效,1787046011387	,厨房电器,净水器/净水设备及配件耗材,净水器,	,6923185653684	,6923185616399	,	,	,退款成功,,2025-11-19 23:23:21,	,,,,,,,否,否,	,否,	,,748.0	,0.0	,138.09	,57.53	,0.0	,0.0	,0.0	,0.0	,552.38	,609.91	,	,	,江西省,南昌市,青山湖区,,,否,否,	,	,	,否,	,	,	,	,	,	,	,	,	,	,	,	,否,否,	,否,否,,	,否,	,否,,,否
【6年套装】云米净水器600G小海豚升级版厨下式RO反渗透直饮家用,251119-028101896520276,已取消,1	,正常,	,	,,	,	,852932116812	,小海豚600G+6年滤芯套装,1812983769340	,厨房电器,净水器/净水设备及配件耗材,净水器,	,S2508151538001,	,	,	,无售后或售后取消,,	,	,,,,,,,否,否,	,否,	,,764.28	,0.0	,0.0	,68.78	,0.0	,0.0	,0.0	,0.0	,695.5	,764.28	,	,	,****,****,****,****,,否,否,	,	,	,否,	,	,	,	,	,	,	,	,	,	,	,	,否,否,	,否,	,,	,否,	,否,,,否
【重磅新品】云米净水器600G小海豚升级版厨下式RO反渗透直饮家用,251119-081579230860108,待发货,1	,正常,2025-11-19 23:03:20,2025-11-20 23:03:20,,	,	,225501370546	,小海豚600G,1813468330532	,厨房电器,净水器/净水设备及配件耗材,净水器,	,6923185653684	,6923185616399	,	,	,无售后或售后取消,,2025-11-19 23:03:20,	,,,,,,,否,否,	,否,	,,559.0	,0.0	,0.0	,30.0	,0.0	,0.0	,0.0	,0.0	,529.0	,559.0	,	,	,广东省,潮州市,饶平县,,,否,否,	,	,	,否,	,	,	,	,	,	,	,	,	,	,	,	,否,否,	,否,否,,	,否,	,否,,,否
【重磅新品】云米净水器600G小海豚升级版厨下式RO反渗透直饮家用,251119-416683148940108,已取消,1	,正常,	,	,,	,	,225501370546	,小海豚600G,1813468330532	,厨房电器,净水器/净水设备及配件耗材,净水器,	,6923185653684	,6923185616399	,	,	,无售后或售后取消,,	,	,,,,,,,否,否,	,否,	,,559.0	,0.0	,0.0	,0.0	,0.0	,0.0	,0.0	,0.0	,559.0	,559.0	,	,	,****,****,****,****,,否,否,	,	,	,否,	,	,	,	,	,	,	,	,	,	,	,	,否,否,	,否,	,,	,否,	,否,,,否
【重磅新品】云米净水器600G小海豚升级版厨下式RO反渗透直饮家用,251119-374582843020108,已取消,1	,正常,	,	,,	,	,225501370546	,小海豚600G,1813468330532	,厨房电器,净水器/净水设备及配件耗材,净水器,	,6923185653684	,6923185616399	,	,	,无售后或售后取消,,	,	,,,,,,,否,否,	,否,	,,559.0	,0.0	,0.0	,0.0	,0.0	,0.0	,0.0	,0.0	,559.0	,559.0	,	,	,****,****,****,****,,否,否,	,	,	,否,	,	,	,	,	,	,	,	,	,	,	,	,否,否,	,否,	,,	,否,	,否,,,否
【母婴直饮】云米净水器 SE 600G+ 新升级厨下式RO反渗透直饮家用,251119-176842391911523,待付款,1	,正常,	,	,,	,	,819506595979	,【24年新品】600G升级版6年长效,1787046011387	,厨房电器,净水器/净水设备及配件耗材,净水器,	,6923185653684	,6923185616399	,	,	,无售后或售后取消,,	,	,,,,,,,否,否,	,否,	,,748.0	,0.0	,134.64	,74.8	,0.0	,0.0	,0.0	,0.0	,538.56	,613.36	,	,	,****,****,****,****,,否,否,	,	,	,否,	,	,	,	,	,	,	,	,	,	,	,	,否,否,	,否,	,,	,否,	,否,,,否
【重磅新品】云米净水器600G小海豚升级版厨下式RO反渗透直饮家用,251119-333090690711277,待发货,1	,正常,2025-11-19 22:44:39,2025-11-20 22:44:40,,	,	,225501370546	,小海豚600G,1813468330532	,厨房电器,净水器/净水设备及配件耗材,净水器,	,6923185653684	,6923185616399	,	,	,无售后或售后取消,,2025-11-19 22:44:40,	,,,,,,,否,否,	,否,	,,559.0	,0.0	,0.0	,50.0	,0.0	,0.0	,0.0	,0.0	,509.0	,559.0	,	,	,安徽省,宣城市,宁国市,,,否,否,	,	,	,否,	,	,	,	,	,	,	,	,	,	,	,	,否,否,	,否,否,,	,否,	,否,,,否
【6年套装】云米净水器600G小海豚升级版厨下式RO反渗透直饮家用,251119-326212043040278,待发货,1	,正常,2025-11-19 22:37:24,2025-11-20 22:37:24,,	,	,852932116812	,小海豚600G+6年滤芯套装,1812983769340	,厨房电器,净水器/净水设备及配件耗材,净水器,	,S2508151538001,	,后返，送TDS笔，直播间中奖10元红包,	,无售后或售后取消,,2025-11-19 22:37:24,	,,,,,,,否,否,	,否,	,,764.28	,0.0	,0.0	,100.0	,0.0	,0.0	,0.0	,0.0	,664.28	,764.28	,	,	,重庆市,县,丰都县,,,否,否,	,	,	,否,	,	,	,	,	,	,	,	,	,	,	,	,否,是,	,否,否,,	,否,	,否,,,否
云米60升AI速热高温抑菌电热水器3000W一级节能变频增容家用租房,251119-323989040650315,已发货，待收货,1	,正常,2025-11-19 22:36:52,2025-11-20 22:36:53,2025-11-21 23:59:59,2025-11-20 09:11:29,	,226368376224	,3000W速热安全60L热水器,1737176648260	,大家电,热水器,电热水器,	,6923185602224	,6923185602224	,	,	,无售后或售后取消,,2025-11-19 22:36:53,	,,,,,,,否,否,	,否,	,,654.0	,0.0	,36.0	,24.0	,0.0	,0.0	,0.0	,0.0	,594.0	,618.0	,JDV024160033828,京东大件物流,广东省,广州市,荔湾区,,,否,否,	,	,	,否,	,	,	,	,	,	,	,	,	,	,	,	,否,否,	,否,否,,	,否,	,否,,,否
【母婴直饮】云米净水器 SE 600G+ 新升级厨下式RO反渗透直饮家用,251119-646111567513408,已取消,1	,正常,	,	,,	,	,819506595979	,【24年新品】600G升级版6年长效,1787046011387	,厨房电器,净水器/净水设备及配件耗材,净水器,	,6923185653684	,6923185616399	,	,	,无售后或售后取消,,	,	,,,,,,,否,否,	,否,	,,748.0	,0.0	,134.64	,74.8	,0.0	,0.0	,0.0	,0.0	,538.56	,613.36	,	,	,****,****,****,****,,否,否,	,	,	,否,	,	,	,	,	,	,	,	,	,	,	,	,否,否,	,否,	,,	,否,	,否,,,否
【母婴直饮】云米净水器 SE 600G+ 新升级厨下式RO反渗透直饮家用,251119-264849333782469,待发货,1	,正常,2025-11-19 22:35:02,2025-11-20 22:35:02,,	,	,819506595979	,【24年新品】600G升级版6年长效,1787046011387	,厨房电器,净水器/净水设备及配件耗材,净水器,	,6923185653684	,6923185616399	,	,	,无售后或售后取消,,2025-11-19 22:35:02,	,,,,,,,否,否,	,否,	,,748.0	,0.0	,149.6	,0.0	,0.0	,0.0	,0.0	,0.0	,598.4	,598.4	,	,	,广东省,广州市,白云区,,,否,否,	,	,	,否,	,	,	,	,	,	,	,	,	,	,	,	,否,否,	,否,否,,	,否,	,否,,,否
【母婴直饮】云米净水器 SE 600G+ 新升级厨下式RO反渗透直饮家用,251119-146486095382469,已取消,1	,正常,	,	,,	,	,819506595979	,【24年新品】600G升级版6年长效,1787046011387	,厨房电器,净水器/净水设备及配件耗材,净水器,	,6923185653684	,6923185616399	,	,	,无售后或售后取消,,	,	,,,,,,,否,否,	,否,	,,748.0	,0.0	,149.6	,0.0	,0.0	,0.0	,0.0	,0.0	,598.4	,598.4	,	,	,****,****,****,****,,否,否,	,	,	,否,	,	,	,	,	,	,	,	,	,	,	,	,否,否,	,否,	,,	,否,	,否,,,否
【重磅新品】云米净水器600G小海豚升级版厨下式RO反渗透直饮家用,251119-522547371542469,已取消,1	,正常,	,	,,	,	,225501370546	,小海豚600G,1813468330532	,厨房电器,净水器/净水设备及配件耗材,净水器,	,6923185653684	,6923185616399	,	,	,无售后或售后取消,,	,	,,,,,,,否,否,	,否,	,,559.0	,0.0	,0.0	,0.0	,0.0	,0.0	,0.0	,0.0	,559.0	,559.0	,	,	,****,****,****,****,,否,否,	,	,	,否,	,	,	,	,	,	,	,	,	,	,	,	,否,否,	,否,	,,	,否,	,否,,,否
【重磅新品】云米净水器600G小海豚升级版厨下式RO反渗透直饮家用,251119-322772692502469,已取消,1	,正常,	,	,,	,	,225501370546	,小海豚600G,1813468330532	,厨房电器,净水器/净水设备及配件耗材,净水器,	,6923185653684	,6923185616399	,	,	,无售后或售后取消,,	,	,,,,,,,否,否,	,否,	,,559.0	,0.0	,0.0	,0.0	,0.0	,0.0	,0.0	,0.0	,559.0	,559.0	,	,	,****,****,****,****,,否,否,	,	,	,否,	,	,	,	,	,	,	,	,	,	,	,	,否,否,	,否,	,,	,否,	,否,,,否
云米净水器滤芯小蓝调小海豚600G+专用复合滤芯RO反渗透滤芯过滤,251119-460293435012153,待发货,2	,正常,2025-11-19 22:28:40,2025-11-20 22:28:41,,	,	,296967601341	,5in1复合滤芯 2年长效,1600193054565	,厨房电器,净水器/净水设备及配件耗材,净水器配件耗材,	,6923185627425	,	,每根到手价99,	,无售后或售后取消,,2025-11-19 22:28:41,	,,,,,,,否,否,	,否,	,,598.0	,0.0	,5.98	,0.0	,0.0	,0.0	,0.0	,0.0	,592.02	,592.02	,	,	,天津市,天津市,武清区,,,否,否,	,	,	,否,	,	,	,	,	,	,	,	,	,	,	,	,是,是,	,否,否,,	,否,	,否,,,否
【重磅新品】云米净水器600G小海豚升级版厨下式RO反渗透直饮家用,251119-416746073732153,待发货,1	,正常,2025-11-19 22:25:44,2025-11-20 22:25:45,,	,	,225501370546	,小海豚600G,1813468330532	,厨房电器,净水器/净水设备及配件耗材,净水器,	,6923185653684	,6923185616399	,直播间中奖10元红包,	,无售后或售后取消,,2025-11-19 22:25:45,	,,,,,,,否,否,	,否,	,,559.0	,0.0	,0.0	,0.0	,0.0	,0.0	,0.0	,0.0	,559.0	,559.0	,	,	,天津市,天津市,武清区,,,否,否,	,	,	,否,	,	,	,	,	,	,	,	,	,	,	,	,是,是,	,否,否,,	,否,	,否,,,否
【重磅新品】云米净水器600G小海豚升级版厨下式RO反渗透直饮家用,251119-066123210352908,已取消,1	,正常,	,	,,	,	,225501370546	,小海豚600G,1813468330532	,厨房电器,净水器/净水设备及配件耗材,净水器,	,6923185653684	,6923185616399	,	,	,无售后或售后取消,,	,	,,,,,,,否,否,	,否,	,,559.0	,0.0	,0.0	,0.0	,0.0	,0.0	,0.0	,0.0	,559.0	,559.0	,	,	,****,****,****,****,,否,否,	,	,	,否,	,	,	,	,	,	,	,	,	,	,	,	,否,否,	,否,	,,	,否,	,否,,,否
【重磅新品】云米净水器600G小海豚升级版厨下式RO反渗透直饮家用,251119-046776993412153,已取消,1	,正常,	,	,,	,	,225501370546	,小海豚600G,1813468330532	,厨房电器,净水器/净水设备及配件耗材,净水器,	,6923185653684	,6923185616399	,	,	,无售后或售后取消,,	,	,,,,,,,否,否,	,否,	,,559.0	,0.0	,0.0	,0.0	,0.0	,0.0	,0.0	,0.0	,559.0	,559.0	,	,	,****,****,****,****,,否,否,	,	,	,否,	,	,	,	,	,	,	,	,	,	,	,	,是,否,	,否,	,,	,否,	,否,,,否
VIOMI云米净水器1000G厨下直饮小体积净水机RO机智显龙头3秒满杯,251119-033743235360343,待发货,1	,正常,2025-11-19 22:08:55,2025-11-20 22:08:55,,	,	,842195971715	,1000G大通量RO净水器,1803617356458	,厨房电器,净水器/净水设备及配件耗材,净水器,	,6923185654247	,	,	,	,无售后或售后取消,,2025-11-19 22:08:55,	,,,,,,,否,否,	,否,	,,823.0	,0.0	,24.0	,0.0	,1.59	,0.0	,0.0	,0.0	,799.0	,799.0	,	,	,广东省,深圳市,宝安区,,,否,否,	,	,	,否,	,	,	,	,	,	,	,	,	,	,	,	,否,否,	,否,否,,	,否,	,否,,,否
【重磅新品】云米净水器600G小海豚升级版厨下式RO反渗透直饮家用,251119-643280474420379,待发货,1	,正常,2025-11-19 22:07:58,2025-11-20 22:07:58,,	,	,225501370546	,小海豚600G,1813468330532	,厨房电器,净水器/净水设备及配件耗材,净水器,	,6923185653684	,6923185616399	,	,	,无售后或售后取消,,2025-11-19 22:07:58,	,,,,,,,否,否,	,否,	,,559.0	,0.0	,0.0	,0.0	,0.0	,0.0	,0.0	,0.0	,559.0	,559.0	,	,	,福建省,莆田市,仙游县,,,否,否,	,	,	,否,	,	,	,	,	,	,	,	,	,	,	,	,否,否,	,否,否,,	,否,	,否,,,否
【母婴直饮】云米净水器 SE 600G+ 新升级厨下式RO反渗透直饮家用,251119-151414402602099,待发货,1	,正常,2025-11-19 22:04:07,2025-11-20 22:04:08,,	,	,819506595979	,【24年新品】600G升级版6年长效,1787046011387	,厨房电器,净水器/净水设备及配件耗材,净水器,	,6923185653684	,6923185616399	,	,	,无售后或售后取消,,2025-11-19 22:04:08,	,,,,,,,否,否,	,否,	,,748.0	,0.0	,139.6	,50.0	,0.0	,0.0	,0.0	,0.0	,558.4	,608.4	,	,	,河南省,商丘市,夏邑县,,,否,否,	,	,	,否,	,	,	,	,	,	,	,	,	,	,	,	,否,否,	,否,是,3	,商家,否,	,否,,信用卡分期,否
【重磅新品】云米净水器600G小海豚升级版厨下式RO反渗透直饮家用,251119-365722397003073,待发货,1	,正常,2025-11-19 22:01:09,2025-11-20 22:01:10,2025-11-21 23:59:59,	,	,225501370546	,小海豚600G,1813468330532	,厨房电器,净水器/净水设备及配件耗材,净水器,	,6923185653684	,6923185616399	,	,	,无售后或售后取消,,2025-11-19 22:01:10,	,,,,,,,否,否,	,否,	,,559.0	,0.0	,0.0	,33.54	,0.0	,0.0	,0.0	,0.0	,525.46	,559.0	,	,	,福建省,泉州市,南安市,,,否,否,	,	,	,否,	,	,	,	,	,	,	,	,	,	,	,	,否,否,	,否,否,,	,否,	,否,,,否
云米小厨宝6L电热水器厨房卫生间出水恒温储水式小型速热神器加热,251119-657048277412770,已发货，待收货,1	,正常,2025-11-19 22:00:26,2025-11-20 22:00:27,,2025-11-20 09:11:30,	,208073193570	,热水即刻有-【6L】,1801828025682	,大家电,热水器,厨宝,	,6923185611233	,6923185611233	,	,	,无售后或售后取消,,2025-11-19 22:00:27,	,,,,,,,否,否,	,否,	,,280.0	,0.0	,12.0	,8.0	,5.0	,0.0	,0.0	,0.0	,260.0	,268.0	,JDV024160209058,京东大件物流,上海市,上海市,松江区,,,否,否,	,	,	,否,	,	,	,	,	,	,	,	,	,	,	,	,否,否,	,否,否,,	,否,	,否,,,否
云米智能AI门锁3D指纹密码蓝牙可连大容量续航家用公寓自动安全,251119-669631147520279,待发货,1	,正常,2025-11-19 21:50:21,2025-12-20 21:50:21,,	,	,743885774552	,"云米蓝调指纹密码锁LBT11C,黑色",1734954999916	,基础建材,智能门锁/电子锁,智能门锁/电子锁,	,6923185655381	,6923185655381	,延迟发货已登 [viomi莉莉sk 11/19 21:56],	,无售后或售后取消,,2025-11-19 21:50:21,	,,,,,,,否,否,	,否,	,,661.0	,0.0	,40.0	,70.0	,0.0	,0.0	,0.0	,0.0	,551.0	,621.0	,	,	,广东省,深圳市,福田区,,,否,否,	,	,	,否,	,	,	,	,	,	,	,	,	,	,	,	,否,否,	,否,否,,	,否,	,否,,,否
云米智能AI门锁3D指纹密码蓝牙可连大容量续航家用公寓自动安全,251119-451118374523317,待发货,1	,正常,2025-11-19 21:47:32,2025-11-20 21:47:33,,	,	,743885774552	,"云米蓝调指纹密码锁LBT11C,黑色",1734954999916	,基础建材,智能门锁/电子锁,智能门锁/电子锁,	,6923185655381	,6923185655381	,	,	,无售后或售后取消,,2025-11-19 21:47:33,	,,,,,,,否,否,	,否,	,,661.0	,0.0	,40.0	,70.0	,0.0	,0.0	,0.0	,0.0	,551.0	,621.0	,	,	,重庆市,重庆市,渝北区,,,否,否,	,	,	,否,	,	,	,	,	,	,	,	,	,	,	,	,否,否,	,否,否,,	,否,	,否,,,否
【重磅新品】云米净水器600G小海豚升级版厨下式RO反渗透直饮家用,251119-643269926473928,待发货,1	,正常,2025-11-19 21:44:03,2025-11-20 21:44:03,,	,	,225501370546	,小海豚600G,1813468330532	,厨房电器,净水器/净水设备及配件耗材,净水器,	,6923185653684	,6923185616399	,直播间中奖10元红包,	,无售后或售后取消,,2025-11-19 21:44:03,	,,,,,,,否,否,	,否,	,,559.0	,0.0	,0.0	,0.0	,0.0	,0.0	,0.0	,0.0	,559.0	,559.0	,	,	,内蒙古自治区,呼和浩特市,新城区,,,否,否,	,	,	,否,	,	,	,	,	,	,	,	,	,	,	,	,是,是,	,否,否,,	,否,	,否,,,否
云米智能AI门锁3D指纹密码蓝牙可连大容量续航家用公寓自动安全,251119-656943357440279,未发货，退款成功,1	,正常,2025-11-19 21:45:58,2025-12-20 21:45:58,,	,	,743885774552	,"云米蓝调指纹密码锁LBT11C,黑色",1734954999916	,基础建材,智能门锁/电子锁,智能门锁/电子锁,	,6923185655381	,6923185655381	,	,	,退款成功,,2025-11-19 21:45:58,	,,,,,,,否,否,	,否,	,,661.0	,0.0	,40.0	,70.0	,0.0	,0.0	,0.0	,0.0	,551.0	,621.0	,	,	,广东省,深圳市,龙华区,,,否,否,	,	,	,否,	,	,	,	,	,	,	,	,	,	,	,	,否,否,	,否,否,,	,否,	,否,,,否
云米3000W速热电热水器家用浴室免换镁棒一级能效抑菌内胆免清洗,251119-435788213841386,待付款,1	,正常,	,	,,	,	,369876178838	,速热3000W免换镁棒电热水器60L,1799960621871	,大家电,热水器,电热水器,	,6923185611899	,6923185611882	,	,	,无售后或售后取消,,	,	,,,,,,,否,否,	,否,	,,790.0	,0.0	,36.0	,24.0	,0.0	,0.0	,0.0	,0.0	,730.0	,754.0	,	,	,****,****,****,****,,否,否,	,	,	,否,	,	,	,	,	,	,	,	,	,	,	,	,否,否,	,否,	,,	,否,	,否,,,否
【重磅新品】云米净水器600G小海豚升级版厨下式RO反渗透直饮家用,251119-237586378270906,待发货,1	,正常,2025-11-19 21:38:51,2025-11-20 21:38:51,,	,	,225501370546	,小海豚600G,1813468330532	,厨房电器,净水器/净水设备及配件耗材,净水器,	,6923185653684	,6923185616399	,	,	,无售后或售后取消,,2025-11-19 21:38:51,	,,,,,,,否,否,	,否,	,,559.0	,0.0	,0.0	,0.0	,0.2	,0.0	,0.0	,0.0	,559.0	,559.0	,	,	,重庆市,重庆市,九龙坡区,,,否,否,	,	,	,否,	,	,	,	,	,	,	,	,	,	,	,	,否,是,	,否,否,,	,否,	,否,,,否
云米净水器滤芯家用小海豚小蓝调小白龙系列专用RO反渗透,251119-569838159393761,已发货，待收货,1	,正常,2025-11-19 21:35:58,2025-11-21 21:35:58,,2025-11-20 09:11:30,	,232467205433	,5in1 复合滤芯,1647394585330	,厨房电器,净水器/净水设备及配件耗材,净水器配件耗材,	,6923185627425	,	,	,	,无售后或售后取消,,2025-11-19 21:35:58,	,,,,,,,否,否,	,否,	,,149.0	,0.0	,0.0	,0.0	,0.0	,0.0	,0.0	,0.0	,149.0	,149.0	,JDV024160012956,京东大件物流,福建省,厦门市,湖里区,,,否,否,	,	,	,否,	,	,	,	,	,	,	,	,	,	,	,	,否,否,	,否,否,,	,否,	,否,,,否
【重磅新品】云米净水器600G小海豚升级版厨下式RO反渗透直饮家用,251119-322688816671823,待发货,1	,正常,2025-11-19 21:32:36,2025-11-20 21:32:36,,	,	,225501370546	,小海豚600G,1813468330532	,厨房电器,净水器/净水设备及配件耗材,净水器,	,6923185653684	,6923185616399	,	,	,无售后或售后取消,,2025-11-19 21:32:36,	,,,,,,,否,否,	,否,	,,559.0	,0.0	,0.0	,0.0	,2.0	,0.0	,0.0	,0.0	,559.0	,559.0	,	,	,河南省,郑州市,巩义市,,,否,否,	,	,	,否,	,	,	,	,	,	,	,	,	,	,	,	,否,否,	,否,否,,	,否,	,否,,,否
【重磅新品】云米净水器600G小海豚升级版厨下式RO反渗透直饮家用,251119-301570496031823,已取消,1	,正常,	,	,,	,	,225501370546	,小海豚600G,1813468330532	,厨房电器,净水器/净水设备及配件耗材,净水器,	,6923185653684	,6923185616399	,	,	,无售后或售后取消,,	,	,,,,,,,否,否,	,否,	,,559.0	,0.0	,0.0	,0.0	,0.0	,0.0	,0.0	,0.0	,559.0	,559.0	,	,	,****,****,****,****,,否,否,	,	,	,否,	,	,	,	,	,	,	,	,	,	,	,	,否,否,	,否,	,,	,否,	,否,,,否
云米60升AI速热高温抑菌电热水器3000W一级节能变频增容家用租房,251119-109628638864018,已发货，待收货,1	,正常,2025-11-19 21:31:08,2025-11-20 21:31:08,,2025-11-20 09:11:29,	,226368376224	,3000W速热安全60L热水器,1737176648260	,大家电,热水器,电热水器,	,6923185602224	,6923185602224	,	,	,无售后或售后取消,,2025-11-19 21:31:08,	,,,,,,,否,否,	,否,	,,654.0	,0.0	,36.0	,24.0	,0.0	,0.0	,0.0	,0.0	,594.0	,618.0	,JDV024159984871,京东大件物流,吉林省,长春市,朝阳区,,,否,否,	,	,	,否,	,	,	,	,	,	,	,	,	,	,	,	,否,否,	,否,否,,	,否,	,否,,,否
【重磅新品】云米净水器600G小海豚升级版厨下式RO反渗透直饮家用,251119-333740807692905,已取消,1	,正常,	,	,,	,	,225501370546	,小海豚600G,1813468330532	,厨房电器,净水器/净水设备及配件耗材,净水器,	,6923185653684	,6923185616399	,	,	,无售后或售后取消,,	,	,,,,,,,否,否,	,否,	,,559.0	,0.0	,0.0	,0.0	,0.0	,0.0	,0.0	,0.0	,559.0	,559.0	,	,	,****,****,****,****,,否,否,	,	,	,否,	,	,	,	,	,	,	,	,	,	,	,	,否,否,	,否,	,,	,否,	,否,,,否
【6年套装】云米净水器600G小海豚升级版厨下式RO反渗透直饮家用,251119-001530991030270,已取消,1	,正常,	,	,,	,	,852932116812	,小海豚600G+6年滤芯套装,1812983769340	,厨房电器,净水器/净水设备及配件耗材,净水器,	,S2508151538001,	,	,	,无售后或售后取消,,	,	,,,,,,,否,否,	,否,	,,764.28	,0.0	,0.0	,68.78	,0.0	,0.0	,0.0	,0.0	,695.5	,764.28	,	,	,****,****,****,****,,否,否,	,	,	,否,	,	,	,	,	,	,	,	,	,	,	,	,否,否,	,否,	,,	,否,	,否,,,否
【购买前须联系客服确认】补收差价专用商品,251119-333342380360100,已收货,30000	,正常,2025-11-19 21:26:50,2025-11-20 21:26:50,,2025-11-19 21:27:00,2025-11-19 21:27:00,322805615497	,	,1061861892357	,虚拟商品,个性定制/设计服务/DIY,个人定制原材料,	,	,	,	,	,无售后或售后取消,,2025-11-19 21:26:50,	,,,,,,,否,否,	,否,	,,300.0	,0.0	,0.0	,0.0	,0.0	,0.0	,0.0	,0.0	,300.0	,300.0	,	,	,	,	,	,,,否,否,	,	,	,否,	,	,	,	,	,	,	,	,	,	,	,	,否,否,	,否,否,,	,否,	,否,,,否
云米净水器滤芯小蓝调小海豚600G+专用复合滤芯RO反渗透滤芯过滤,251119-460733826670083,待发货,1	,正常,2025-11-19 21:26:41,2025-11-20 21:26:41,,	,	,296967601341	,5in1复合滤芯 2年长效,1600193054565	,厨房电器,净水器/净水设备及配件耗材,净水器配件耗材,	,6923185627425	,	,后返，到手价99,	,无售后或售后取消,,2025-11-19 21:26:41,	,,,,,,,否,否,	,否,	,,299.0	,0.0	,0.0	,0.0	,0.0	,0.0	,0.0	,0.0	,299.0	,299.0	,	,	,江苏省,无锡市,江阴市,,,否,否,	,	,	,否,	,	,	,	,	,	,	,	,	,	,	,	,否,是,	,否,否,,	,否,	,否,,,否
云米净水器滤芯家用小海豚小蓝调小白龙系列专用RO反渗透,251119-041439762022032,待发货,1	,正常,2025-11-19 21:26:10,2025-11-21 21:26:10,,	,	,232467205433	,5in1 复合滤芯,1647394585330	,厨房电器,净水器/净水设备及配件耗材,净水器配件耗材,	,6923185627425	,	,后返，到手价109,	,无售后或售后取消,,2025-11-19 21:26:10,	,,,,,,,否,否,	,否,	,,149.0	,0.0	,0.0	,0.0	,1.0	,0.0	,0.0	,0.0	,149.0	,149.0	,	,	,河南省,濮阳市,华龙区,,,否,否,	,	,	,否,	,	,	,	,	,	,	,	,	,	,	,	,否,是,	,否,否,,	,否,	,否,,,否
【重磅新品】云米净水器600G小海豚升级版厨下式RO反渗透直饮家用,251119-224730826350083,待发货,1	,正常,2025-11-19 21:16:23,2025-11-20 21:16:23,,	,	,225501370546	,小海豚600G,1813468330532	,厨房电器,净水器/净水设备及配件耗材,净水器,	,6923185653684	,6923185616399	,	,	,无售后或售后取消,,2025-11-19 21:16:23,	,,,,,,,否,否,	,否,	,,559.0	,0.0	,0.0	,0.0	,0.0	,0.0	,0.0	,0.0	,559.0	,559.0	,	,	,江苏省,无锡市,江阴市,,,否,否,	,	,	,否,	,	,	,	,	,	,	,	,	,	,	,	,否,否,	,否,否,,	,否,	,否,,,否
【重磅新品】云米净水器600G小海豚升级版厨下式RO反渗透直饮家用,251119-521603683870374,待发货,1	,正常,2025-11-19 21:10:55,2025-11-20 21:10:56,,	,	,225501370546	,小海豚600G,1813468330532	,厨房电器,净水器/净水设备及配件耗材,净水器,	,6923185653684	,6923185616399	,	,	,无售后或售后取消,,2025-11-19 21:10:56,	,,,,,,,否,否,	,否,	,,559.0	,0.0	,0.0	,0.0	,1.11	,0.0	,0.0	,0.0	,559.0	,559.0	,	,	,广东省,深圳市,罗湖区,,,否,否,	,	,	,否,	,	,	,	,	,	,	,	,	,	,	,	,否,否,	,否,否,,	,否,	,否,,,否
云米小厨宝6L电热水器厨房卫生间出水恒温储水式小型速热神器加热,251119-302828808491610,已发货，待收货,1	,正常,2025-11-19 21:04:15,2025-11-20 21:04:15,,2025-11-20 09:11:30,	,208073193570	,热水即刻有-【6L】,1801828025682	,大家电,热水器,厨宝,	,6923185611233	,6923185611233	,	,	,无售后或售后取消,,2025-11-19 21:04:15,	,,,,,,,否,否,	,否,	,,280.0	,0.0	,0.0	,99.0	,0.18	,0.0	,0.0	,0.0	,181.0	,280.0	,JDV024160219344,京东大件物流,浙江省,嘉兴市,嘉善县,,,否,否,	,	,	,否,	,	,	,	,	,	,	,	,	,	,	,	,否,否,	,否,否,,	,否,	,否,,,否
【6年套装】云米净水器600G小海豚升级版厨下式RO反渗透直饮家用,251119-167604457850791,未发货，退款成功,1	,正常,2025-11-19 20:58:34,2025-11-20 20:58:34,,	,	,852932116812	,小海豚600G+6年滤芯套装,1812983769340	,厨房电器,净水器/净水设备及配件耗材,净水器,	,S2508151538001,	,	,	,退款成功,,2025-11-19 20:58:34,	,,,,,,,否,否,	,否,	,,764.28	,0.0	,0.0	,50.0	,0.0	,0.0	,0.0	,0.0	,714.28	,764.28	,	,	,河南省,信阳市,光山县,,,否,否,	,	,	,否,	,	,	,	,	,	,	,	,	,	,	,	,否,否,	,否,否,,	,否,	,否,,,否
【重磅新品】云米净水器600G小海豚升级版厨下式RO反渗透直饮家用,251119-112805886301904,待发货,1	,正常,2025-11-19 20:54:17,2025-11-20 20:54:17,,	,	,225501370546	,小海豚600G,1813468330532	,厨房电器,净水器/净水设备及配件耗材,净水器,	,6923185653684	,6923185616399	,	,	,无售后或售后取消,,2025-11-19 20:54:17,	,,,,,,,否,否,	,否,	,,559.0	,0.0	,0.0	,0.0	,0.0	,0.0	,0.0	,0.0	,559.0	,559.0	,	,	,江苏省,徐州市,鼓楼区,,,否,否,	,	,	,否,	,	,	,	,	,	,	,	,	,	,	,	,否,是,	,否,是,3	,商家,否,	,否,,信用卡分期,否
【重磅新品】云米净水器600G小海豚升级版厨下式RO反渗透直饮家用,251119-111987976530341,待发货,1	,正常,2025-11-19 20:38:51,2025-11-20 20:38:51,,	,	,225501370546	,小海豚600G,1813468330532	,厨房电器,净水器/净水设备及配件耗材,净水器,	,6923185653684	,6923185616399	,	,	,无售后或售后取消,,2025-11-19 20:38:51,	,,,,,,,否,否,	,否,	,,559.0	,0.0	,0.0	,0.0	,0.0	,0.0	,0.0	,0.0	,559.0	,559.0	,	,	,河北省,石家庄市,桥西区,,,否,否,	,	,	,否,	,	,	,	,	,	,	,	,	,	,	,	,否,是,	,否,否,,	,否,	,否,,,否
【重磅新品】云米净水器600G小海豚升级版厨下式RO反渗透直饮家用,251119-555137134123300,未发货，退款成功,1	,正常,2025-11-19 20:31:02,2025-11-20 20:31:02,,	,	,225501370546	,小海豚600G,1813468330532	,厨房电器,净水器/净水设备及配件耗材,净水器,	,6923185653684	,6923185616399	,	,	,退款成功,,2025-11-19 20:31:02,	,,,,,,,否,否,	,否,	,,559.0	,0.0	,0.0	,50.0	,1.01	,0.0	,0.0	,0.0	,509.0	,559.0	,	,	,吉林省,长春市,净月区,,,否,否,	,	,	,否,	,	,	,	,	,	,	,	,	,	,	,	,否,否,	,否,否,,	,否,	,否,,,否
VIOMI云米净水器大通量小海豚800G反渗透RO厨下式家用长效滤芯,251119-592581783090145,待付款,1	,正常,	,	,,	,	,837957770723	,800G大通量纯水机,1809123722986	,厨房电器,净水器/净水设备及配件耗材,净水器,	,6923185653974	,	,	,	,无售后或售后取消,,	,	,,,,,,,否,否,	,否,	,,759.0	,0.0	,0.0	,48.0	,0.0	,0.0	,0.0	,0.0	,711.0	,759.0	,	,	,****,****,****,****,,否,否,	,	,	,否,	,	,	,	,	,	,	,	,	,	,	,	,否,否,	,否,	,,	,否,	,否,,,否
云米5.0KW智能燃气灶大火力爆炒灶具一级节能家用厨房双灶头台嵌,251119-099730091602870,未发货，退款成功,1	,正常,2025-11-19 20:21:31,2025-11-20 20:21:31,,	,	,623266189560	,5.0KW精焰猛火灶（天然气）,1690346386816	,大家电,厨房大电,燃气灶,	,6923185649656	,	,	,	,退款成功,,2025-11-19 20:21:31,	,,,,,,,否,否,	,否,	,,444.0	,0.0	,0.0	,0.0	,0.0	,0.0	,0.0	,0.0	,444.0	,444.0	,	,	,江苏省,常州市,钟楼区,,,否,否,	,	,	,否,	,	,	,	,	,	,	,	,	,	,	,	,否,否,	,否,否,,	,否,	,否,,,否
【6年套装】云米净水器600G小海豚升级版厨下式RO反渗透直饮家用,251119-172889249333970,待发货,1	,正常,2025-11-19 20:20:57,2025-11-20 20:20:57,,	,	,852932116812	,小海豚600G+6年滤芯套装,1812983769340	,厨房电器,净水器/净水设备及配件耗材,净水器,	,S2508151538001,	,后返，送TDS笔,	,无售后或售后取消,,2025-11-19 20:20:57,	,,,,,,,否,否,	,否,	,,764.28	,0.0	,0.0	,100.0	,0.2	,0.0	,0.0	,0.0	,664.28	,764.28	,	,	,山西省,晋中市,介休市,,,否,否,	,	,	,否,	,	,	,	,	,	,	,	,	,	,	,	,否,否,	,否,否,,	,否,	,否,,,否
云米顶侧双吸烟灶套装22m³大吸力抽油烟机聚能猛火灶节能燃气家用,251119-472006039131009,已发货，待收货,1	,正常,2025-11-19 20:07:48,2025-11-20 20:07:48,,2025-11-20 09:11:29,	,382839923175	,【两件套】顶侧双吸烟机+5.2KW灶（天）,1743705224006	,大家电,厨房大电,烟灶消套装,	,S2309261029001,蓝调套装,	,	,无售后或售后取消,,2025-11-19 20:07:48,	,,,,,,,否,否,	,否,	,,1218.0	,0.0	,60.0	,40.0	,2.23	,0.0	,0.0	,0.0	,1118.0	,1158.0	,JDV024160300328,京东大件物流,湖北省,鄂州市,鄂城区,,,否,否,	,	,	,否,	,	,	,	,	,	,	,	,	,	,	,	,否,否,	,否,否,,	,否,	,否,,,否
【6年套装】云米净水器600G小海豚升级版厨下式RO反渗透直饮家用,251119-092106923562469,已取消,1	,正常,	,	,,	,	,852932116812	,小海豚600G+6年滤芯套装,1812983769340	,厨房电器,净水器/净水设备及配件耗材,净水器,	,S2508151538001,	,	,	,无售后或售后取消,,	,	,,,,,,,否,否,	,否,	,,764.28	,0.0	,0.0	,91.71	,0.0	,0.0	,0.0	,0.0	,672.57	,764.28	,	,	,****,****,****,****,,否,否,	,	,	,否,	,	,	,	,	,	,	,	,	,	,	,	,否,否,	,否,	,,	,否,	,否,,,否
【母婴直饮】云米净水器 SE 600G+ 新升级厨下式RO反渗透直饮家用,251119-204902316470635,待发货,1	,正常,2025-11-19 19:56:27,2025-11-20 19:56:27,,	,	,819506595979	,【24年新品】600G升级版6年长效,1787046011387	,厨房电器,净水器/净水设备及配件耗材,净水器,	,6923185653684	,6923185616399	,	,	,无售后或售后取消,,2025-11-19 19:56:27,	,,,,,,,否,否,	,否,	,,748.0	,0.0	,149.6	,0.0	,0.0	,0.0	,0.0	,0.0	,598.4	,598.4	,	,	,广东省,广州市,海珠区,,,否,否,	,	,	,否,	,	,	,	,	,	,	,	,	,	,	,	,否,否,	,否,是,3	,商家,否,	,否,,信用卡分期,否
【重磅新品】云米净水器600G小海豚升级版厨下式RO反渗透直饮家用,251119-225758441010632,已发货，待收货,1	,正常,2025-11-19 19:54:39,2025-11-20 19:54:39,,2025-11-20 09:11:30,	,852161740747	,小海豚600G+6年滤芯套装,1812658223669	,厨房电器,净水器/净水设备及配件耗材,净水器,	,S2508151538001,	,	,	,无售后或售后取消,,2025-11-19 19:54:39,	,,,,,,,否,否,	,否,	,,764.9	,0.0	,0.0	,100.0	,0.0	,0.0	,0.0	,0.0	,664.9	,764.9	,JDV024160000169,京东大件物流,广西壮族自治区,柳州市,鱼峰区,,,否,否,	,	,	,否,	,	,	,	,	,	,	,	,	,	,	,	,否,否,	,否,否,,	,否,	,否,,,否
【重磅新品】云米净水器600G小海豚升级版厨下式RO反渗透直饮家用,251119-267911248173038,未发货，退款成功,1	,正常,2025-11-19 19:55:29,2025-11-20 19:55:29,,	,	,225501370546	,小海豚600G,1813468330532	,厨房电器,净水器/净水设备及配件耗材,净水器,	,6923185653684	,6923185616399	,	,	,退款成功,,2025-11-19 19:55:29,	,,,,,,,否,否,	,否,	,,559.0	,0.0	,0.0	,0.0	,0.0	,0.0	,0.0	,0.0	,559.0	,559.0	,	,	,河南省,安阳市,北关区,,,否,否,	,	,	,否,	,	,	,	,	,	,	,	,	,	,	,	,否,是,	,否,否,,	,否,	,否,,,否
云米顶侧大吸力蓝调油烟机家用厨房节能自清洁一级能效可挥手智控,251119-259889621362274,已取消,1	,正常,	,	,,	,	,657344402006	,云米智清洁挥手智控单烟机,1723825075586	,大家电,厨房大电,油烟机,	,6923185650973	,6923185650973	,	,	,无售后或售后取消,,	,	,,,,,,,否,否,	,否,	,,839.0	,0.0	,48.0	,32.0	,0.0	,0.0	,0.0	,0.0	,759.0	,791.0	,	,	,****,****,****,****,,否,否,	,	,	,否,	,	,	,	,	,	,	,	,	,	,	,	,否,否,	,否,	,,	,否,	,否,,,否
云米顶侧大吸力蓝调油烟机家用厨房节能自清洁一级能效可挥手智控,251119-555472699762274,已取消,1	,正常,	,	,,	,	,657344402006	,云米智清洁挥手智控单烟机,1723825075586	,大家电,厨房大电,油烟机,	,6923185650973	,6923185650973	,	,	,无售后或售后取消,,	,	,,,,,,,否,否,	,否,	,,839.0	,0.0	,48.0	,32.0	,0.0	,0.0	,0.0	,0.0	,759.0	,791.0	,	,	,****,****,****,****,,否,否,	,	,	,否,	,	,	,	,	,	,	,	,	,	,	,	,否,否,	,否,	,,	,否,	,否,,,否
云米5.0KW智能燃气灶大火力爆炒灶具一级节能家用厨房双灶头台嵌,251119-140477744640644,已发货，待收货,1	,正常,2025-11-19 19:53:21,2025-11-20 19:53:21,,2025-11-20 09:11:30,	,623266189560	,5.0KW精焰猛火灶（天然气）,1690346386816	,大家电,厨房大电,燃气灶,	,6923185649656	,	,后返，送清洁剂，返10元,	,无售后或售后取消,,2025-11-19 19:53:21,	,,,,,,,否,否,	,否,	,,444.0	,0.0	,0.0	,1.0	,0.0	,0.0	,0.0	,0.0	,443.0	,444.0	,JDV024159943411,京东大件物流,北京市,北京市,丰台区,,,否,否,	,	,	,否,	,	,	,	,	,	,	,	,	,	,	,	,否,否,	,否,否,,	,否,	,否,,,否
【重磅新品】云米净水器600G小海豚升级版厨下式RO反渗透直饮家用,251119-360112483871031,未发货，退款成功,1	,正常,2025-11-19 19:46:56,2025-11-20 19:46:56,,	,	,225501370546	,小海豚600G,1813468330532	,厨房电器,净水器/净水设备及配件耗材,净水器,	,6923185653684	,6923185616399	,	,	,退款成功,,2025-11-19 19:46:56,	,,,,,,,否,否,	,否,	,,559.0	,0.0	,0.0	,33.54	,0.0	,0.0	,0.0	,0.0	,525.46	,559.0	,	,	,山东省,滨州市,滨城区,,,否,否,	,	,	,否,	,	,	,	,	,	,	,	,	,	,	,	,否,否,	,否,否,,	,否,	,否,,,否
【重磅新品】云米净水器600G小海豚升级版厨下式RO反渗透直饮家用,251119-313712995871031,未发货，退款成功,1	,正常,2025-11-19 19:28:37,2025-11-20 19:28:37,,	,	,225501370546	,小海豚600G,1813468330532	,厨房电器,净水器/净水设备及配件耗材,净水器,	,6923185653684	,6923185616399	,聚水潭已取消发货 已退款   叶11.19,	,退款成功,,2025-11-19 19:28:37,	,,,,,,,否,否,	,否,	,,559.0	,0.0	,0.0	,33.54	,2.0	,0.0	,0.0	,0.0	,525.46	,559.0	,	,	,山东省,滨州市,滨城区,,,否,否,	,	,	,否,	,	,	,	,	,	,	,	,	,	,	,	,否,否,	,否,否,,	,否,	,否,,,否
【重磅新品】云米净水器600G小海豚升级版厨下式RO反渗透直饮家用,251119-568212856361234,待发货,1	,正常,2025-11-19 19:28:06,2025-11-20 19:28:06,,	,	,225501370546	,小海豚600G,1813468330532	,厨房电器,净水器/净水设备及配件耗材,净水器,	,6923185653684	,6923185616399	,	,	,无售后或售后取消,,2025-11-19 19:28:06,	,,,,,,,否,否,	,否,	,,559.0	,0.0	,0.0	,0.0	,0.2	,0.0	,0.0	,0.0	,559.0	,559.0	,	,	,浙江省,金华市,婺城区,,,否,否,	,	,	,否,	,	,	,	,	,	,	,	,	,	,	,	,否,否,	,否,否,,	,否,	,否,,,否
云米AI燃气热水器智控恒温防冻节能安全水质净化精准控温13L强排,251119-084693501453171,未发货，退款成功,1	,审核中，请勿发货,2025-11-19 19:28:08,2025-11-20 19:28:08,,	,	,773161065181	,智控恒温燃气热水器,1755671371526	,大家电,热水器,燃气热水器,	,6923185655688	,6923185655688	,	,	,退款成功,,2025-11-19 19:28:08,	,,,,,,,否,否,	,否,	,,588.0	,0.0	,0.0	,34.13	,0.0	,0.0	,0.0	,0.0	,553.87	,588.0	,	,	,江西省,南昌市,青山湖区,,,否,否,	,	,	,否,	,	,	,	,	,	,	,	,	,	,	,	,否,否,	,否,	,,	,否,	,否,,,否
【重磅新品】云米净水器600G小海豚升级版厨下式RO反渗透直饮家用,251119-135937420922567,待发货,1	,正常,2025-11-19 19:21:15,2025-11-20 19:21:15,,	,	,225501370546	,小海豚600G,1813468330532	,厨房电器,净水器/净水设备及配件耗材,净水器,	,6923185653684	,6923185616399	,	,	,无售后或售后取消,,2025-11-19 19:21:15,	,,,,,,,否,否,	,否,	,,559.0	,0.0	,0.0	,33.54	,0.0	,0.0	,0.0	,0.0	,525.46	,559.0	,	,	,山东省,临沂市,兰山区,,,否,否,	,	,	,否,	,	,	,	,	,	,	,	,	,	,	,	,否,否,	,否,否,,	,否,	,否,,,否
云米净水器滤芯家用小海豚小蓝调小白龙系列专用RO反渗透,251119-358571087411341,待发货,1	,正常,2025-11-19 19:12:58,2025-11-21 19:12:58,,	,	,232467205433	,5in1 复合滤芯,1647394585330	,厨房电器,净水器/净水设备及配件耗材,净水器配件耗材,	,6923185627425	,	,	,	,无售后或售后取消,,2025-11-19 19:12:58,	,,,,,,,否,否,	,否,	,,149.0	,0.0	,0.0	,0.0	,0.14	,0.0	,0.0	,0.0	,149.0	,149.0	,	,	,山西省,太原市,杏花岭区,,,否,否,	,	,	,否,	,	,	,	,	,	,	,	,	,	,	,	,否,是,	,否,否,,	,否,	,否,,,否
【母婴直饮】云米净水器 SE 600G+ 新升级厨下式RO反渗透直饮家用,251119-150596492801478,待付款,1	,正常,	,	,,	,	,819506595979	,【24年新品】600G升级版6年长效,1787046011387	,厨房电器,净水器/净水设备及配件耗材,净水器,	,6923185653684	,6923185616399	,	,	,无售后或售后取消,,	,	,,,,,,,否,否,	,否,	,,748.0	,0.0	,129.6	,100.0	,0.0	,0.0	,0.0	,0.0	,518.4	,618.4	,	,	,****,****,****,****,,否,否,	,	,	,否,	,	,	,	,	,	,	,	,	,	,	,	,否,否,	,否,	,,	,否,	,否,,,否
【重磅新品】云米净水器600G小海豚升级版厨下式RO反渗透直饮家用,251119-396886044190160,待发货,1	,正常,2025-11-19 18:59:22,2025-11-20 18:59:23,,	,	,225501370546	,小海豚600G,1813468330532	,厨房电器,净水器/净水设备及配件耗材,净水器,	,6923185653684	,6923185616399	,	,	,无售后或售后取消,,2025-11-19 18:59:23,	,,,,,,,否,否,	,否,	,,559.0	,0.0	,0.0	,0.0	,0.0	,0.0	,0.0	,0.0	,559.0	,559.0	,	,	,山西省,吕梁市,兴县,,,否,否,	,	,	,否,	,	,	,	,	,	,	,	,	,	,	,	,否,否,	,否,否,,	,否,	,否,,,否
云米顶侧大吸力蓝调油烟机家用厨房节能自清洁一级能效可挥手智控,251119-146328788553655,已发货，待收货,1	,正常,2025-11-19 18:48:06,2025-11-20 18:48:06,,2025-11-20 09:11:30,	,657344402006	,云米智清洁挥手智控单烟机,1723825075586	,大家电,厨房大电,油烟机,	,6923185650973	,6923185650973	,	,	,无售后或售后取消,,2025-11-19 18:48:06,	,,,,,,,否,否,	,否,	,,839.0	,0.0	,48.0	,32.0	,0.0	,0.0	,0.0	,0.0	,759.0	,791.0	,JDV024160300093,京东大件物流,江苏省,连云港市,赣榆区,,,否,否,	,	,	,否,	,	,	,	,	,	,	,	,	,	,	,	,否,否,	,否,否,,	,否,	,否,,,否
【重磅新品】云米净水器600G小海豚升级版厨下式RO反渗透直饮家用,251119-625297385761628,待发货,1	,正常,2025-11-19 18:48:13,2025-11-20 18:48:13,,	,	,225501370546	,小海豚600G,1813468330532	,厨房电器,净水器/净水设备及配件耗材,净水器,	,6923185653684	,6923185616399	,	,	,无售后或售后取消,,2025-11-19 18:48:13,	,,,,,,,否,否,	,否,	,,559.0	,0.0	,0.0	,33.54	,0.0	,0.0	,0.0	,0.0	,525.46	,559.0	,	,	,福建省,泉州市,晋江市,,,否,否,	,	,	,否,	,	,	,	,	,	,	,	,	,	,	,	,否,否,	,否,否,,	,否,	,否,,,否
【重磅新品】云米净水器600G小海豚升级版厨下式RO反渗透直饮家用,251119-155797502272275,已取消,1	,正常,	,	,,	,	,225501370546	,小海豚600G,1813468330532	,厨房电器,净水器/净水设备及配件耗材,净水器,	,6923185653684	,6923185616399	,	,	,无售后或售后取消,,	,	,,,,,,,否,否,	,否,	,,559.0	,0.0	,0.0	,0.0	,0.0	,0.0	,0.0	,0.0	,559.0	,559.0	,	,	,****,****,****,****,,否,否,	,	,	,否,	,	,	,	,	,	,	,	,	,	,	,	,否,否,	,否,	,,	,否,	,否,,,否
【6年套装】云米净水器600G小海豚升级版厨下式RO反渗透直饮家用,251119-326400745002469,已取消,1	,正常,	,	,,	,	,852932116812	,小海豚600G+6年滤芯套装,1812983769340	,厨房电器,净水器/净水设备及配件耗材,净水器,	,S2508151538001,	,	,	,无售后或售后取消,,	,	,,,,,,,否,否,	,否,	,,764.28	,0.0	,0.0	,91.71	,0.0	,0.0	,0.0	,0.0	,672.57	,764.28	,	,	,****,****,****,****,,否,否,	,	,	,否,	,	,	,	,	,	,	,	,	,	,	,	,否,否,	,否,	,,	,否,	,否,,,否
【重磅新品】云米净水器600G小海豚升级版厨下式RO反渗透直饮家用,251119-530579536192275,待发货,1	,正常,2025-11-19 18:45:48,2025-11-20 18:45:48,,	,	,225501370546	,小海豚600G,1813468330532	,厨房电器,净水器/净水设备及配件耗材,净水器,	,6923185653684	,6923185616399	,	,	,无售后或售后取消,,2025-11-19 18:45:48,	,,,,,,,否,否,	,否,	,,559.0	,0.0	,0.0	,0.0	,0.0	,0.0	,0.0	,0.0	,559.0	,559.0	,	,	,山东省,济宁市,邹城市,,,否,否,	,	,	,否,	,	,	,	,	,	,	,	,	,	,	,	,否,否,	,否,否,,	,否,	,否,,,否
【重磅新品】云米净水器600G小海豚升级版厨下式RO反渗透直饮家用,251119-449388296550802,待发货,1	,正常,2025-11-19 18:31:38,2025-11-20 18:31:38,2025-11-21 23:59:59,	,	,225501370546	,小海豚600G,1813468330532	,厨房电器,净水器/净水设备及配件耗材,净水器,	,6923185653684	,6923185616399	,	,	,无售后或售后取消,,2025-11-19 18:31:38,	,,,,,,,否,否,	,否,	,,559.0	,0.0	,0.0	,0.0	,0.0	,0.0	,0.0	,0.0	,559.0	,559.0	,	,	,广东省,佛山市,顺德区,,,否,否,	,	,	,否,	,	,	,	,	,	,	,	,	,	,	,	,否,否,	,否,否,,	,否,	,否,,,否
云米60L速热电热水器3000W一级节能变频增容租房安全已接入米家AP,251119-648911265412755,待付款,1	,正常,	,	,,	,	,208071231700	,双管变频速热60L,1660917678582	,大家电,热水器,电热水器,	,6923185602224	,6923185602224	,	,	,无售后或售后取消,,	,	,,,,,,,否,否,	,否,	,,699.0	,0.0	,0.0	,0.0	,0.0	,0.0	,0.0	,0.0	,699.0	,699.0	,	,	,****,****,****,****,,否,否,	,	,	,否,	,	,	,	,	,	,	,	,	,	,	,	,是,否,	,否,	,,	,否,	,否,,,否
【重磅新品】云米净水器600G小海豚升级版厨下式RO反渗透直饮家用,251119-303143329341772,已取消,1	,正常,	,	,,	,	,225501370546	,小海豚600G,1813468330532	,厨房电器,净水器/净水设备及配件耗材,净水器,	,6923185653684	,6923185616399	,	,	,无售后或售后取消,,	,	,,,,,,,否,否,	,否,	,,559.0	,0.0	,0.0	,50.0	,0.0	,0.0	,0.0	,0.0	,509.0	,559.0	,	,	,****,****,****,****,,否,否,	,	,	,否,	,	,	,	,	,	,	,	,	,	,	,	,否,否,	,否,	,,	,否,	,否,,,否
云米小厨宝6L电热水器厨房卫生间出水恒温储水式小型速热神器加热,251119-014355065140150,未发货，退款成功,1	,正常,2025-11-19 18:15:57,2025-11-20 18:15:57,,	,	,208073193570	,热水即刻有-【6L】,1801828025682	,大家电,热水器,厨宝,	,6923185611233	,6923185611233	,	,	,退款成功,,2025-11-19 18:15:57,	,,,,,,,否,否,	,否,	,,280.0	,0.0	,0.0	,20.0	,0.0	,0.0	,0.0	,0.0	,260.0	,280.0	,	,	,上海市,上海市,松江区,,,否,否,	,	,	,否,	,	,	,	,	,	,	,	,	,	,	,	,否,否,	,否,否,,	,否,	,否,,,否
【重磅新品】云米净水器600G小海豚升级版厨下式RO反渗透直饮家用,251119-675618568563756,已取消,1	,正常,	,	,,	,	,225501370546	,小海豚600G,1813468330532	,厨房电器,净水器/净水设备及配件耗材,净水器,	,6923185653684	,6923185616399	,	,	,无售后或售后取消,,	,	,,,,,,,否,否,	,否,	,,559.0	,0.0	,0.0	,30.0	,0.0	,0.0	,0.0	,0.0	,529.0	,559.0	,	,	,****,****,****,****,,否,否,	,	,	,否,	,	,	,	,	,	,	,	,	,	,	,	,否,否,	,否,	,,	,否,	,否,,,否
VIOMI云米净水器1000G厨下直饮小体积净水机RO机智显龙头3秒满杯,251119-196303972722756,已取消,1	,正常,	,	,,	,	,842195971715	,1000G大通量RO净水器,1803617356458	,厨房电器,净水器/净水设备及配件耗材,净水器,	,6923185654247	,	,	,	,无售后或售后取消,,	,	,,,,,,,否,否,	,否,	,,823.0	,0.0	,24.0	,0.0	,0.0	,0.0	,0.0	,0.0	,799.0	,799.0	,	,	,****,****,****,****,,否,否,	,	,	,否,	,	,	,	,	,	,	,	,	,	,	,	,否,否,	,否,	,,	,否,	,否,,,否
【冷热直饮套装】云米净水器家用厨下管线机套装一键即热制冷直饮,251119-644098363800698,待发货,1	,正常,2025-11-19 17:50:30,2025-11-20 17:50:30,,	,	,480070620581	,【冷热净水直饮套装】新品净水器+冷热管线机,1620106386127	,厨房电器,净水器/净水设备及配件耗材,净水器,	,S2407170910001,	,	,	,无售后或售后取消,,2025-11-19 17:50:30,	,,,,,,,否,否,	,否,	,,1434.0	,0.0	,0.0	,0.0	,2.86	,0.0	,0.0	,0.0	,1434.0	,1434.0	,	,	,安徽省,宣城市,宣州区,,,否,否,	,	,	,否,	,	,	,	,	,	,	,	,	,	,	,	,否,否,	,否,否,,	,否,	,否,,,否
云米净水器滤芯小蓝调小海豚600G+专用复合滤芯RO反渗透滤芯过滤,251119-092494958930959,待发货,1	,正常,2025-11-19 17:37:44,2025-11-20 17:37:44,,	,	,296967601341	,5in1复合滤芯 2年长效,1600193054565	,厨房电器,净水器/净水设备及配件耗材,净水器配件耗材,	,6923185627425	,	,到手价99,	,无售后或售后取消,,2025-11-19 17:37:44,	,,,,,,,否,否,	,否,中国新疆中转,,299.0	,0.0	,0.0	,0.0	,0.0	,0.0	,0.0	,0.0	,299.0	,299.0	,	,	,陕西省,咸阳市,秦都区,,,否,否,	,	,	,否,	,	,	,	,	,	,	,	,	,	,	,	,是,是,	,否,否,,	,否,	,否,,,否
云米小厨宝6L电热水器厨房卫生间出水恒温储水式小型速热神器加热,251119-523187003010152,未发货，退款成功,1	,审核中，请勿发货,2025-11-19 17:37:22,2025-11-20 17:37:22,,	,	,208073193570	,热水即刻有-【6L】,1801828025682	,大家电,热水器,厨宝,	,6923185611233	,6923185611233	,聚水潭已取消发货 已退款   叶11.19,	,退款成功,,2025-11-19 17:37:22,	,,,,,,,否,否,	,否,	,,280.0	,0.0	,0.0	,42.0	,0.2	,0.0	,0.0	,0.0	,238.0	,280.0	,	,	,福建省,莆田市,仙游县,,,否,否,	,	,	,否,	,	,	,	,	,	,	,	,	,	,	,	,否,否,	,否,	,,	,否,	,否,,,否
【重磅新品】云米净水器600G小海豚升级版厨下式RO反渗透直饮家用,251119-533746235730959,待发货,1	,正常,2025-11-19 17:33:55,2025-11-20 17:33:55,,	,	,225501370546	,小海豚600G,1813468330532	,厨房电器,净水器/净水设备及配件耗材,净水器,	,6923185653684	,6923185616399	,直播间中奖10元红包,	,无售后或售后取消,,2025-11-19 17:33:55,	,,,,,,,否,否,	,否,	,,559.0	,0.0	,0.0	,0.0	,0.0	,0.0	,0.0	,0.0	,559.0	,559.0	,	,	,新疆维吾尔自治区,喀什地区,疏勒县,,,否,否,	,	,	,否,	,	,	,	,	,	,	,	,	,	,	,	,是,是,	,否,否,,	,否,	,否,,,否
【母婴直饮】云米净水器 SE 600G+ 新升级厨下式RO反渗透直饮家用,251119-000891317802145,未发货，退款成功,1	,正常,2025-11-19 18:06:27,2025-11-20 18:06:28,,	,	,819506595979	,【24年新品】600G升级版6年长效,1787046011387	,厨房电器,净水器/净水设备及配件耗材,净水器,	,6923185653684	,6923185616399	,聚水潭已取消发货 已退款   叶11.19,	,退款成功,,2025-11-19 18:06:28,	,,,,,,,否,否,	,否,	,,748.0	,0.0	,149.0	,3.0	,0.0	,0.0	,0.0	,0.0	,596.0	,599.0	,	,	,河南省,驻马店市,上蔡县,,,否,否,	,	,	,否,	,	,	,	,	,	,	,	,	,	,	,	,否,否,	,否,否,,	,否,	,否,,,否
云米电热水器免换镁棒1级能效钛芯防护抑菌内胆免清洗3000W速热,251119-049702540880760,已发货，待收货,1	,正常,2025-11-19 17:30:36,2025-11-20 17:30:36,,2025-11-20 09:11:30,	,215513269171	,"【免更换镁棒技术】抑菌健康洗,50L",1757655804682	,大家电,热水器,电热水器,	,6923185611882	,镁棒50/60L,	,	,无售后或售后取消,,2025-11-19 17:30:36,	,,,,,,,否,否,	,否,	,,703.0	,0.0	,0.0	,100.0	,0.0	,0.0	,0.0	,0.0	,603.0	,703.0	,JDV024159949422,京东大件物流,福建省,宁德市,福安市,,,否,否,	,	,	,否,	,	,	,	,	,	,	,	,	,	,	,	,否,否,	,否,否,,	,否,	,否,,,否
【重磅新品】云米净水器600G小海豚升级版厨下式RO反渗透直饮家用,251119-162434978130959,未发货，退款成功,1	,正常,2025-11-19 17:28:25,2025-11-20 17:28:25,,	,	,225501370546	,小海豚600G,1813468330532	,厨房电器,净水器/净水设备及配件耗材,净水器,	,6923185653684	,6923185616399	,聚水潭已取消发货 已退款   叶11.19,	,退款成功,,2025-11-19 17:28:25,	,,,,,,,否,否,	,否,	,,559.0	,0.0	,0.0	,0.0	,1.11	,0.0	,0.0	,0.0	,559.0	,559.0	,	,	,新疆维吾尔自治区,喀什地区,疏勒县,,,否,否,	,	,	,否,	,	,	,	,	,	,	,	,	,	,	,	,否,否,	,否,否,,	,否,	,否,,,否
云米净饮机X2系列滤芯X2mini mango复合滤芯5in1/6in1 RO反渗透,251119-113843976523182,待付款,1	,正常,	,	,,	,	,243153009643	,X2mini/mango 6合1滤芯,1360803955963	,厨房电器,净水器/净水设备及配件耗材,净水器配件耗材,	,6923185623281	,6923185614258	,	,	,无售后或售后取消,,	,	,,,,,,,否,否,	,否,	,,319.0	,0.0	,0.0	,60.0	,0.0	,0.0	,0.0	,0.0	,259.0	,319.0	,	,	,****,****,****,****,,否,否,	,	,	,否,	,	,	,	,	,	,	,	,	,	,	,	,否,否,	,否,	,,	,否,	,否,,,否
云米小厨宝6L电热水器厨房卫生间出水恒温储水式小型速热神器加热,251119-674790151693407,已发货，待收货,1	,正常,2025-11-19 17:21:41,2025-11-20 17:21:41,,2025-11-19 20:58:44,	,208073193570	,热水即刻有-【6L】,1801828025682	,大家电,热水器,厨宝,	,6923185611233	,6923185611233	,	,	,无售后或售后取消,,2025-11-19 17:21:41,	,,,,,,,否,否,	,否,	,,280.0	,0.0	,12.0	,8.0	,0.0	,0.0	,0.0	,0.0	,260.0	,268.0	,JDV024154122718,京东大件物流,山东省,淄博市,博山区,,,否,否,	,	,	,否,	,	,	,	,	,	,	,	,	,	,	,	,否,否,	,否,否,,	,否,	,否,,,否
云米小厨宝6L电热水器厨房卫生间出水恒温储水式小型速热神器加热,251119-094634022413407,已取消,1	,正常,	,	,,	,	,208073193570	,热水即刻有-【6L】,1801828025682	,大家电,热水器,厨宝,	,6923185611233	,6923185611233	,	,	,无售后或售后取消,,	,	,,,,,,,否,否,	,否,	,,280.0	,0.0	,12.0	,8.0	,0.0	,0.0	,0.0	,0.0	,260.0	,268.0	,	,	,****,****,****,****,,否,否,	,	,	,否,	,	,	,	,	,	,	,	,	,	,	,	,否,否,	,否,	,,	,否,	,否,,,否
云米小厨宝6L电热水器厨房卫生间出水恒温储水式小型速热神器加热,251119-243185774093407,已取消,1	,正常,	,	,,	,	,208073193570	,热水即刻有-【6L】,1801828025682	,大家电,热水器,厨宝,	,6923185611233	,6923185611233	,	,	,无售后或售后取消,,	,	,,,,,,,否,否,	,否,	,,280.0	,0.0	,12.0	,8.0	,0.0	,0.0	,0.0	,0.0	,260.0	,268.0	,	,	,****,****,****,****,,否,否,	,	,	,否,	,	,	,	,	,	,	,	,	,	,	,	,否,否,	,否,	,,	,否,	,否,,,否
云米净水器滤芯家用小海豚小蓝调小白龙系列专用RO反渗透,251119-157118687653804,待付款,1	,正常,	,	,,	,	,232467205433	,5in1 复合滤芯,1647394585330	,厨房电器,净水器/净水设备及配件耗材,净水器配件耗材,	,6923185627425	,	,	,	,无售后或售后取消,,	,	,,,,,,,否,否,	,否,	,,149.0	,0.0	,0.0	,0.0	,0.0	,0.0	,0.0	,0.0	,149.0	,149.0	,	,	,****,****,****,****,,否,否,	,	,	,否,	,	,	,	,	,	,	,	,	,	,	,	,否,否,	,否,	,,	,否,	,否,,,否
云米小厨宝6L电热水器厨房卫生间出水恒温储水式小型速热神器加热,251119-117104985613407,已取消,1	,正常,	,	,,	,	,208073193570	,热水即刻有-【6L】,1801828025682	,大家电,热水器,厨宝,	,6923185611233	,6923185611233	,	,	,无售后或售后取消,,	,	,,,,,,,否,否,	,否,	,,280.0	,0.0	,12.0	,8.0	,0.0	,0.0	,0.0	,0.0	,260.0	,268.0	,	,	,****,****,****,****,,否,否,	,	,	,否,	,	,	,	,	,	,	,	,	,	,	,	,否,否,	,否,	,,	,否,	,否,,,否
云米净水器滤芯家用小海豚小蓝调小白龙系列专用RO反渗透,251119-316355439013804,已发货，待收货,1	,正常,2025-11-19 17:10:28,2025-11-21 17:10:28,,2025-11-19 20:58:23,	,232467205433	,5in1 复合滤芯,1647394585330	,厨房电器,净水器/净水设备及配件耗材,净水器配件耗材,	,6923185627425	,	,后返，到手价109,	,无售后或售后取消,,2025-11-19 17:10:28,	,,,,,,,否,否,	,否,	,,149.0	,0.0	,0.0	,0.0	,6.8	,0.0	,0.0	,0.0	,149.0	,149.0	,JDV024153839737,京东大件物流,广东省,广州市,黄埔区,,,否,否,	,	,	,否,	,	,	,	,	,	,	,	,	,	,	,	,否,否,	,否,否,,	,否,	,否,,,否
云米小厨宝6L电热水器厨房卫生间出水恒温储水式小型速热神器加热,251119-323055797773407,已取消,1	,正常,	,	,,	,	,208073193570	,热水即刻有-【6L】,1801828025682	,大家电,热水器,厨宝,	,6923185611233	,6923185611233	,	,	,无售后或售后取消,,	,	,,,,,,,否,否,	,否,	,,280.0	,0.0	,12.0	,8.0	,0.0	,0.0	,0.0	,0.0	,260.0	,268.0	,	,	,****,****,****,****,,否,否,	,	,	,否,	,	,	,	,	,	,	,	,	,	,	,	,否,否,	,否,	,,	,否,	,否,,,否
【重磅新品】云米净水器600G小海豚升级版厨下式RO反渗透直饮家用,251119-369654525452048,已取消,1	,正常,	,	,,	,	,225501370546	,小海豚600G,1813468330532	,厨房电器,净水器/净水设备及配件耗材,净水器,	,6923185653684	,6923185616399	,	,	,无售后或售后取消,,	,	,,,,,,,否,否,	,否,	,,559.0	,0.0	,0.0	,0.0	,0.0	,0.0	,0.0	,0.0	,559.0	,559.0	,	,	,****,****,****,****,,否,否,	,	,	,否,	,	,	,	,	,	,	,	,	,	,	,	,否,否,	,否,	,,	,否,	,否,,,否
云米60升AI速热高温抑菌电热水器3000W一级节能变频增容家用租房,251119-323223569932907,待付款,1	,正常,	,	,,	,	,226368376224	,3000W速热安全60L热水器,1737176648260	,大家电,热水器,电热水器,	,6923185602224	,6923185602224	,	,	,无售后或售后取消,,	,	,,,,,,,否,否,	,否,	,,654.0	,0.0	,36.0	,24.0	,0.0	,0.0	,0.0	,0.0	,594.0	,618.0	,	,	,****,****,****,****,,否,否,	,	,	,否,	,	,	,	,	,	,	,	,	,	,	,	,否,否,	,否,	,,	,否,	,否,,,否
云米60升AI速热高温抑菌电热水器3000W一级节能变频增容家用租房,251119-302807795212907,待付款,1	,正常,	,	,,	,	,226368376224	,3000W速热安全60L热水器,1737176648260	,大家电,热水器,电热水器,	,6923185602224	,6923185602224	,	,	,无售后或售后取消,,	,	,,,,,,,否,否,	,否,	,,654.0	,0.0	,36.0	,24.0	,0.0	,0.0	,0.0	,0.0	,594.0	,618.0	,	,	,****,****,****,****,,否,否,	,	,	,否,	,	,	,	,	,	,	,	,	,	,	,	,否,否,	,否,	,,	,否,	,否,,,否
云米即热净水器厨房家用直饮RO反渗透加热净饮一体机1000G,251119-304653309570725,已发货，待收货,1	,正常,2025-11-19 16:26:40,2025-11-20 16:26:40,,2025-11-19 20:58:23,	,846360072018	,即热直饮 1000G大通量,1807240839093	,厨房电器,净水器/净水设备及配件耗材,净水器,	,6923185651116	,6923185651116	,	,	,无售后或售后取消,,2025-11-19 16:26:40,	,,,,,,,否,否,	,否,	,,1999.0	,0.0	,0.0	,0.0	,0.0	,0.0	,0.0	,0.0	,1999.0	,1999.0	,JDV024152751422,京东大件物流,海南省,三亚市,吉阳区,,,否,否,	,	,	,否,	,	,	,	,	,	,	,	,	,	,	,	,否,否,	,否,否,,	,否,	,否,,,否
云米净水器滤芯小蓝调小海豚600G+专用复合滤芯RO反渗透滤芯过滤,251119-506084800900507,已发货，待收货,1	,正常,2025-11-19 16:26:04,2025-11-20 16:26:05,,2025-11-19 20:58:23,	,296967601341	,5in1复合滤芯 2年长效,1600193054565	,厨房电器,净水器/净水设备及配件耗材,净水器配件耗材,	,6923185627425	,	,到手价99,	,无售后或售后取消,,2025-11-19 16:26:05,	,,,,,,,否,否,	,否,	,,299.0	,0.0	,0.0	,0.0	,0.0	,0.0	,0.0	,0.0	,299.0	,299.0	,JDV024152647768,京东大件物流,河南省,开封市,兰考县,,,否,否,	,	,	,否,	,	,	,	,	,	,	,	,	,	,	,	,是,是,	,否,否,,	,否,	,否,,,否
【重磅新品】云米净水器600G小海豚升级版厨下式RO反渗透直饮家用,251119-017920213380507,待发货,1	,正常,2025-11-19 16:24:35,2025-11-20 16:24:35,,	,	,225501370546	,小海豚600G,1813468330532	,厨房电器,净水器/净水设备及配件耗材,净水器,	,6923185653684	,6923185616399	,直播间中奖10元红包,	,无售后或售后取消,,2025-11-19 16:24:35,	,,,,,,,否,否,	,否,	,,559.0	,0.0	,0.0	,0.0	,0.0	,0.0	,0.0	,0.0	,559.0	,559.0	,	,	,河南省,开封市,兰考县,,,否,否,	,	,	,否,	,	,	,	,	,	,	,	,	,	,	,	,是,是,	,否,否,,	,否,	,否,,,否
【重磅新品】云米净水器600G小海豚升级版厨下式RO反渗透直饮家用,251119-430429980240091,待发货,1	,正常,2025-11-19 16:14:33,2025-11-20 16:14:33,,	,	,225501370546	,小海豚600G,1813468330532	,厨房电器,净水器/净水设备及配件耗材,净水器,	,6923185653684	,6923185616399	,	,	,无售后或售后取消,,2025-11-19 16:14:33,	,,,,,,,否,否,	,否,	,,559.0	,0.0	,0.0	,3.0	,0.0	,0.0	,0.0	,0.0	,556.0	,559.0	,	,	,陕西省,西安市,鄠邑区,,,否,否,	,	,	,否,	,	,	,	,	,	,	,	,	,	,	,	,否,否,	,否,否,,	,否,	,否,,,否
【6年套装】云米净水器600G小海豚升级版厨下式RO反渗透直饮家用,251119-461394491762495,已发货，待收货,1	,正常,2025-11-19 15:49:54,2025-11-20 15:49:54,,2025-11-19 20:58:23,	,852932116812	,小海豚600G+6年滤芯套装,1812983769340	,厨房电器,净水器/净水设备及配件耗材,净水器,	,S2508151538001,	,	,	,无售后或售后取消,,2025-11-19 15:49:54,	,,,,,,,否,否,	,否,	,,764.28	,0.0	,0.0	,0.0	,0.0	,0.0	,0.0	,0.0	,764.28	,764.28	,JDV024152495066,京东大件物流,广西壮族自治区,南宁市,西乡塘区,,,否,否,	,	,	,否,	,	,	,	,	,	,	,	,	,	,	,	,否,否,	,否,否,,	,否,	,否,,,否
【6年套装】云米净水器600G小海豚升级版厨下式RO反渗透直饮家用,251119-658652588322689,已发货，待收货,1	,正常,2025-11-19 15:52:34,2025-11-20 15:52:34,,2025-11-19 20:58:22,	,852932116812	,小海豚600G+6年滤芯套装,1812983769340	,厨房电器,净水器/净水设备及配件耗材,净水器,	,S2508151538001,	,赠送tds笔,	,无售后或售后取消,,2025-11-19 15:52:34,	,,,,,,,否,否,	,否,	,,764.28	,0.0	,0.0	,50.0	,3.57	,0.0	,0.0	,0.0	,714.28	,764.28	,JDV024153833312,京东大件物流,山东省,济宁市,任城区,,,否,否,	,	,	,否,	,	,	,	,	,	,	,	,	,	,	,	,否,否,	,否,否,,	,否,	,否,,,否
VIOMI云米净水器1000G厨下直饮小体积净水机RO机智显龙头3秒满杯,251119-560275188052480,已发货，待收货,1	,正常,2025-11-19 15:45:30,2025-11-20 15:45:30,,2025-11-19 20:58:22,	,842195971715	,1000G大通量RO净水器,1803617356458	,厨房电器,净水器/净水设备及配件耗材,净水器,	,6923185654247	,	,	,	,无售后或售后取消,,2025-11-19 15:45:30,	,,,,,,,否,否,	,否,	,,823.0	,0.0	,24.0	,0.0	,0.0	,0.0	,0.0	,0.0	,799.0	,799.0	,JDV024153855082,京东大件物流,江苏省,淮安市,清江浦区,,,否,否,	,	,	,否,	,	,	,	,	,	,	,	,	,	,	,	,否,否,	,否,否,,	,否,	,否,,,否
【6年套装】云米净水器600G小海豚升级版厨下式RO反渗透直饮家用,251119-343555500452348,已取消,1	,正常,	,	,,	,	,852932116812	,小海豚600G+6年滤芯套装,1812983769340	,厨房电器,净水器/净水设备及配件耗材,净水器,	,S2508151538001,	,	,	,无售后或售后取消,,	,	,,,,,,,否,否,	,否,	,,764.28	,0.0	,0.0	,76.42	,0.0	,0.0	,0.0	,0.0	,687.86	,764.28	,	,	,****,****,****,****,,否,否,	,	,	,否,	,	,	,	,	,	,	,	,	,	,	,	,否,否,	,否,	,,	,否,	,否,,,否
【母婴直饮】云米净水器 SE 600G+ 新升级厨下式RO反渗透直饮家用,251119-477248950610407,已发货，待收货,1	,正常,2025-11-19 14:54:58,2025-11-20 14:54:58,,2025-11-19 20:58:23,	,819506595979	,【24年新品】600G升级版6年长效,1787046011387	,厨房电器,净水器/净水设备及配件耗材,净水器,	,6923185653684	,6923185616399	,	,	,无售后或售后取消,,2025-11-19 14:54:58,	,,,,,,,否,否,	,否,	,,748.0	,0.0	,142.12	,37.4	,0.0	,0.0	,0.0	,0.0	,568.48	,605.88	,JDV024152379155,京东大件物流,山东省,青岛市,城阳区,,,否,否,	,	,	,否,	,	,	,	,	,	,	,	,	,	,	,	,否,否,	,否,否,,	,否,	,否,,,否
【母婴直饮】云米净水器 SE 600G+ 新升级厨下式RO反渗透直饮家用,251119-377655170562509,已发货，待收货,1	,正常,2025-11-19 14:48:52,2025-11-20 14:48:52,,2025-11-19 20:58:24,	,819506595979	,【24年新品】600G升级版6年长效,1787046011387	,厨房电器,净水器/净水设备及配件耗材,净水器,	,6923185653684	,6923185616399	,	,	,无售后或售后取消,,2025-11-19 14:48:52,	,,,,,,,否,否,	,否,	,,748.0	,0.0	,139.6	,50.0	,0.0	,0.0	,0.0	,0.0	,558.4	,608.4	,JDV024152488810,京东大件物流,江苏省,无锡市,滨湖区,,,否,否,	,	,	,否,	,	,	,	,	,	,	,	,	,	,	,	,否,否,	,否,否,,	,否,	,否,,,否
云米净水器滤芯家用小海豚小蓝调小白龙系列专用RO反渗透,251119-362419330613980,已发货，待收货,1	,正常,2025-11-19 14:47:23,2025-11-21 14:47:23,,2025-11-19 20:58:24,	,232467205433	,5in1 复合滤芯,1647394585330	,厨房电器,净水器/净水设备及配件耗材,净水器配件耗材,	,6923185627425	,	,	,	,无售后或售后取消,,2025-11-19 14:47:23,	,,,,,,,否,否,	,否,	,,149.0	,0.0	,0.0	,0.0	,0.0	,0.0	,0.0	,0.0	,149.0	,149.0	,JDV024150831767,京东大件物流,广东省,汕头市,潮阳区,,,否,否,	,	,	,否,	,	,	,	,	,	,	,	,	,	,	,	,否,否,	,否,否,,	,否,	,否,,,否
云米净水器滤芯家用小海豚小蓝调小白龙系列专用RO反渗透,251119-538684956192702,未发货，退款成功,1	,正常,2025-11-19 14:40:29,2025-11-21 14:40:29,,	,	,232467205433	,400G RO反渗透,1358951046251	,厨房电器,净水器/净水设备及配件耗材,净水器配件耗材,	,6923185618362	,	,聚水潭已取消发货 已退款   叶11.19,	,退款成功,,2025-11-19 14:40:29,	,,,,,,,否,否,	,否,	,,359.0	,0.0	,0.0	,0.0	,0.0	,0.0	,0.0	,0.0	,359.0	,359.0	,	,	,四川省,南充市,蓬安县,,,否,否,	,	,	,否,	,	,	,	,	,	,	,	,	,	,	,	,否,否,	,否,否,,	,否,	,否,,,否
云米净水器滤芯家用小海豚小蓝调小白龙系列专用RO反渗透,251119-633465751143033,已发货，待收货,1	,正常,2025-11-19 14:40:23,2025-11-21 14:40:23,,2025-11-19 17:05:44,	,232467205433	,5in1 复合滤芯,1647394585330	,厨房电器,净水器/净水设备及配件耗材,净水器配件耗材,	,6923185627425	,	,	,	,无售后或售后取消,,2025-11-19 14:40:23,	,,,,,,,否,否,	,否,	,,149.0	,0.0	,0.0	,0.0	,0.0	,0.0	,0.0	,0.0	,149.0	,149.0	,JDV024152279488,京东大件物流,浙江省,嘉兴市,嘉善县,,,否,否,	,	,	,否,	,	,	,	,	,	,	,	,	,	,	,	,否,否,	,否,否,,	,否,	,否,,,否
云米净水器滤芯家用小海豚小蓝调小白龙系列专用RO反渗透,251119-047752168992702,未发货，退款成功,1	,正常,2025-11-19 14:40:16,2025-11-21 14:40:16,,	,	,232467205433	,5in1 复合滤芯,1647394585330	,厨房电器,净水器/净水设备及配件耗材,净水器配件耗材,	,6923185627425	,	,聚水潭已取消发货 已退款   叶11.19,	,退款成功,,2025-11-19 14:40:16,	,,,,,,,否,否,	,否,	,,149.0	,0.0	,0.0	,0.0	,0.0	,0.0	,0.0	,0.0	,149.0	,149.0	,	,	,四川省,南充市,蓬安县,,,否,否,	,	,	,否,	,	,	,	,	,	,	,	,	,	,	,	,否,否,	,否,否,,	,否,	,否,,,否
云米小厨宝6L电热水器厨房卫生间出水恒温储水式小型速热神器加热,251119-137720041851869,已发货，待收货,1	,正常,2025-11-19 14:28:05,2025-11-20 14:28:06,,2025-11-19 20:58:24,	,208073193570	,热水即刻有-【6L】,1801828025682	,大家电,热水器,厨宝,	,6923185611233	,6923185611233	,	,	,无售后或售后取消,,2025-11-19 14:28:06,	,,,,,,,否,否,	,否,	,,280.0	,0.0	,0.0	,0.0	,0.0	,0.0	,0.0	,0.0	,280.0	,280.0	,JDV024150831596,京东大件物流,湖南省,湘西土家族苗族自治州,龙山县,,,否,否,	,	,	,否,	,	,	,	,	,	,	,	,	,	,	,	,否,否,	,否,否,,	,否,	,否,,,否
【重磅新品】云米净水器600G小海豚升级版厨下式RO反渗透直饮家用,251119-517157691003695,已取消,1	,正常,	,	,,	,	,225501370546	,小海豚600G,1813468330532	,厨房电器,净水器/净水设备及配件耗材,净水器,	,6923185653684	,6923185616399	,	,	,无售后或售后取消,,	,	,,,,,,,否,否,	,否,	,,559.0	,0.0	,0.0	,5.0	,0.0	,0.0	,0.0	,0.0	,554.0	,559.0	,	,	,****,****,****,****,,否,否,	,	,	,否,	,	,	,	,	,	,	,	,	,	,	,	,否,否,	,否,	,,	,否,	,否,,,否
【重磅新品】云米净水器600G小海豚升级版厨下式RO反渗透直饮家用,251119-465295163711959,待发货,1	,正常,2025-11-19 14:17:15,2025-12-20 14:17:15,,	,	,852161740747	,小海豚600G+6年滤芯套装,1812658223669	,厨房电器,净水器/净水设备及配件耗材,净水器,	,S2508151538001,	,延迟发货 [viomi慧慧sk 11/19 14:58],	,无售后或售后取消,,2025-11-19 14:17:15,	,,,,,,,否,否,	,否,	,,764.9	,0.0	,0.0	,100.0	,1.32	,0.0	,0.0	,0.0	,664.9	,764.9	,	,	,浙江省,宁波市,慈溪市,,,否,否,	,	,	,否,	,	,	,	,	,	,	,	,	,	,	,	,否,否,	,否,否,,	,否,	,否,,,否
【重磅新品】云米净水器600G小海豚升级版厨下式RO反渗透直饮家用,251119-083634491730785,已取消,1	,正常,	,	,,	,	,225501370546	,小海豚600G,1813468330532	,厨房电器,净水器/净水设备及配件耗材,净水器,	,6923185653684	,6923185616399	,	,	,无售后或售后取消,,	,	,,,,,,,否,否,	,否,	,,559.0	,0.0	,0.0	,0.0	,0.0	,0.0	,0.0	,0.0	,559.0	,559.0	,	,	,****,****,****,****,,否,否,	,	,	,否,	,	,	,	,	,	,	,	,	,	,	,	,否,否,	,否,	,,	,否,	,否,,,否
【母婴直饮】云米净水器 SE 600G+ 新升级厨下式RO反渗透直饮家用,251119-165947718072629,已发货，待收货,1	,正常,2025-11-19 14:21:00,2025-11-20 14:21:00,,2025-11-19 20:58:23,	,819506595979	,【24年新品】600G升级版6年长效,1787046011387	,厨房电器,净水器/净水设备及配件耗材,净水器,	,6923185653684	,6923185616399	,	,	,无售后或售后取消,,2025-11-19 14:21:00,	,,,,,,,否,否,	,否,	,,748.0	,0.0	,129.6	,100.0	,0.0	,0.0	,0.0	,0.0	,518.4	,618.4	,JDV024152479747,京东大件物流,江西省,上饶市,玉山县,,,否,否,	,	,	,否,	,	,	,	,	,	,	,	,	,	,	,	,否,否,	,否,否,,	,否,	,否,,,否
云米双腔大吸力手势控制智清洁油烟机聚能猛火灶安全烟灶联动套装,251119-009070231990240,待发货,1	,正常,2025-11-19 14:08:14,2026-02-18 14:08:14,,	,	,818698470695	,"【烟灶套装】双腔劲吸烟机+5.0KW灶,天然气灶",1786567894377	,大家电,厨房大电,烟灶消套装,	,S2209231819001,	,延迟发货,	,无售后或售后取消,,2025-11-19 14:08:14,	,,,,,,,否,否,	,否,	,,1199.0	,0.0	,0.0	,100.0	,0.0	,0.0	,0.0	,0.0	,1099.0	,1199.0	,	,	,江西省,景德镇市,珠山区,,,否,否,	,	,	,否,	,	,	,	,	,	,	,	,	,	,	,	,否,否,	,否,否,,	,否,	,否,,,否
【6年套装】云米净水器600G小海豚升级版厨下式RO反渗透直饮家用,251119-320340037940687,已取消,1	,正常,	,	,,	,	,852932116812	,小海豚600G+6年滤芯套装,1812983769340	,厨房电器,净水器/净水设备及配件耗材,净水器,	,S2508151538001,	,	,	,无售后或售后取消,,	,	,,,,,,,否,否,	,否,	,,764.28	,0.0	,0.0	,50.0	,0.0	,0.0	,0.0	,0.0	,714.28	,764.28	,	,	,****,****,****,****,,否,否,	,	,	,否,	,	,	,	,	,	,	,	,	,	,	,	,否,否,	,否,	,,	,否,	,否,,,否
【重磅新品】云米净水器600G小海豚升级版厨下式RO反渗透直饮家用,251119-092778064210785,已取消,1	,正常,	,	,,	,	,225501370546	,小海豚600G,1813468330532	,厨房电器,净水器/净水设备及配件耗材,净水器,	,6923185653684	,6923185616399	,	,	,无售后或售后取消,,	,	,,,,,,,否,否,	,否,	,,559.0	,0.0	,0.0	,0.0	,0.0	,0.0	,0.0	,0.0	,559.0	,559.0	,	,	,****,****,****,****,,否,否,	,	,	,否,	,	,	,	,	,	,	,	,	,	,	,	,否,否,	,否,	,,	,否,	,否,,,否
【重磅新品】云米净水器600G小海豚升级版厨下式RO反渗透直饮家用,251119-625496604973775,已发货，待收货,1	,正常,2025-11-19 13:59:06,2025-11-20 13:59:06,,2025-11-19 20:58:23,	,225501370546	,小海豚600G,1813468330532	,厨房电器,净水器/净水设备及配件耗材,净水器,	,6923185653684	,6923185616399	,ZX2511190065502拦截 [viomi英英sk 11/19 22:00]==仓配 [viomi英英sk 11/19 22:35],	,无售后或售后取消,,2025-11-19 13:59:06,	,,,,,,,否,否,	,否,	,,559.0	,0.0	,0.0	,0.0	,1.11	,0.0	,0.0	,0.0	,559.0	,559.0	,JDV024152462001,京东大件物流,福建省,厦门市,湖里区,,,否,否,	,	,	,否,	,	,	,	,	,	,	,	,	,	,	,	,否,否,	,否,否,,	,否,	,否,,,否
【重磅新品】云米净水器600G小海豚升级版厨下式RO反渗透直饮家用,251119-293181919533775,已取消,1	,正常,	,	,,	,	,225501370546	,小海豚600G,1813468330532	,厨房电器,净水器/净水设备及配件耗材,净水器,	,6923185653684	,6923185616399	,	,	,无售后或售后取消,,	,	,,,,,,,否,否,	,否,	,,559.0	,0.0	,0.0	,0.0	,0.0	,0.0	,0.0	,0.0	,559.0	,559.0	,	,	,****,****,****,****,,否,否,	,	,	,否,	,	,	,	,	,	,	,	,	,	,	,	,否,否,	,否,	,,	,否,	,否,,,否
"云米智能门锁霸王锁体适用eyeLink 2C,eLink 2Pro,eyeLink 2F",251119-315390727821885,已发货，待收货,1	,正常,2025-11-19 13:54:03,2025-11-21 13:54:03,,2025-11-19 20:58:25,	,264080849667	,霸王锁体（机械锁体）【适配咨询客服】,1812202409163	,基础建材,智能门锁/电子锁,智能门锁/电子锁,	,6923185622154	,6923185622154	,	,	,无售后或售后取消,,2025-11-19 13:54:03,	,,,,,,,否,否,	,否,	,,150.0	,0.0	,0.0	,0.0	,0.0	,0.0	,0.0	,0.0	,150.0	,150.0	,JDV024150831272,京东大件物流,贵州省,遵义市,红花岗区,,,否,否,	,	,	,否,	,	,	,	,	,	,	,	,	,	,	,	,否,否,	,否,否,,	,否,	,否,,,否
"云米智能门锁霸王锁体适用eyeLink 2C,eLink 2Pro,eyeLink 2F",251119-302367413901885,已取消,1	,正常,	,	,,	,	,264080849667	,霸王锁体（机械锁体）【适配咨询客服】,1812202409163	,基础建材,智能门锁/电子锁,智能门锁/电子锁,	,6923185622154	,6923185622154	,	,	,无售后或售后取消,,	,	,,,,,,,否,否,	,否,	,,150.0	,0.0	,0.0	,0.0	,0.0	,0.0	,0.0	,0.0	,150.0	,150.0	,	,	,****,****,****,****,,否,否,	,	,	,否,	,	,	,	,	,	,	,	,	,	,	,	,否,否,	,否,	,,	,否,	,否,,,否
【重磅新品】云米净水器600G小海豚升级版厨下式RO反渗透直饮家用,251119-001814054530104,待付款,1	,正常,	,	,,	,	,852161740747	,小海豚600G+6年滤芯套装,1812658223669	,厨房电器,净水器/净水设备及配件耗材,净水器,	,S2508151538001,	,	,	,无售后或售后取消,,	,	,,,,,,,否,否,	,否,	,,764.9	,0.0	,0.0	,100.0	,0.0	,0.0	,0.0	,0.0	,664.9	,764.9	,	,	,****,****,****,****,,否,否,	,	,	,否,	,	,	,	,	,	,	,	,	,	,	,	,否,否,	,否,	,,	,否,	,否,,,否
云米电热水器家用洗澡租房储水式速热抑菌安全节能省电卫生间40升,251119-199103680801949,已发货，待收货,1	,正常,2025-11-19 13:50:43,2025-11-20 13:50:44,,2025-11-19 15:48:38,	,227645754240	,"速热抑菌洗-40L,全国联保送货上门安装8年质保",1645458252843	,大家电,热水器,电热水器,	,6923185681281	,	,补差后返 到手价385元,	,无售后或售后取消,,2025-11-19 13:50:44,	,,,,,,,否,否,	,否,	,,467.0	,0.0	,0.0	,0.0	,0.2	,0.0	,0.0	,0.0	,467.0	,467.0	,JDLD12910183332,京东大件物流,浙江省,温州市,平阳县,,,否,否,	,	,	,否,	,	,	,	,	,	,	,	,	,	,	,	,否,否,	,否,否,,	,否,	,否,,,否
【重磅新品】云米净水器600G小海豚升级版厨下式RO反渗透直饮家用,251119-232584712630709,已发货，待收货,1	,正常,2025-11-19 13:48:35,2025-11-20 13:48:35,,2025-11-19 20:58:23,	,225501370546	,小海豚600G,1813468330532	,厨房电器,净水器/净水设备及配件耗材,净水器,	,6923185653684	,6923185616399	,	,	,无售后或售后取消,,2025-11-19 13:48:35,	,,,,,,,否,否,	,否,	,,559.0	,0.0	,50.0	,50.0	,0.0	,0.0	,0.0	,0.0	,459.0	,509.0	,JDV024152482215,京东大件物流,福建省,福州市,福清市,,,否,否,	,	,	,否,	,	,	,	,	,	,	,	,	,	,	,	,否,否,	,否,否,,	,否,	,否,,,否
【母婴直饮】云米净水器 SE 600G+ 新升级厨下式RO反渗透直饮家用,251119-279623800422167,未发货，退款成功,1	,正常,2025-11-19 13:39:45,2025-11-20 13:39:46,,	,	,819506595979	,【24年新品】600G升级版6年长效,1787046011387	,厨房电器,净水器/净水设备及配件耗材,净水器,	,6923185653684	,6923185616399	,聚水潭已取消发货 已退款   叶11.19,	,退款成功,,2025-11-19 13:39:46,	,,,,,,,否,否,	,否,	,,748.0	,0.0	,134.64	,74.8	,0.0	,0.0	,0.0	,0.0	,538.56	,613.36	,	,	,四川省,眉山市,仁寿县,,,否,否,	,	,	,否,	,	,	,	,	,	,	,	,	,	,	,	,否,否,	,否,否,,	,否,	,否,,,否
【6年套装】云米净水器600G小海豚升级版厨下式RO反渗透直饮家用,251119-015456028162912,已取消,1	,正常,	,	,,	,	,852932116812	,小海豚600G+6年滤芯套装,1812983769340	,厨房电器,净水器/净水设备及配件耗材,净水器,	,S2508151538001,	,	,	,无售后或售后取消,,	,	,,,,,,,否,否,	,否,	,,764.28	,0.0	,0.0	,100.0	,0.0	,0.0	,0.0	,0.0	,664.28	,764.28	,	,	,****,****,****,****,,否,否,	,	,	,否,	,	,	,	,	,	,	,	,	,	,	,	,否,否,	,否,	,,	,否,	,否,,,否
云米AI燃气热水器智控恒温防冻节能安全水质净化精准控温13L强排,251119-166377561603426,未发货，退款成功,1	,审核中，请勿发货,2025-11-19 13:32:38,2025-11-20 13:32:38,,	,	,773161065181	,智控恒温燃气热水器,1755671371526	,大家电,热水器,燃气热水器,	,6923185655688	,6923185655688	,聚水潭已取消发货 已退款   叶11.19,	,退款成功,,2025-11-19 13:32:38,	,,,,,,,否,否,	,否,	,,588.0	,0.0	,0.0	,29.11	,0.0	,0.0	,0.0	,0.0	,558.89	,588.0	,	,	,江西省,南昌市,青山湖区,,,否,否,	,	,	,否,	,	,	,	,	,	,	,	,	,	,	,	,否,否,	,否,	,,	,否,	,否,,,否
云米23立方大吸力烟灶套装顶吸油烟机家用厨房5.0KW液化气灶flash,251119-536818521703028,已发货，待收货,2	,正常,2025-11-19 13:28:00,2025-11-20 13:28:00,,2025-11-19 17:05:19,	,674947704528	,【性价比之王】烟机+5.0KW灶（液化气）,1663768081383	,大家电,厨房大电,烟灶消套装,	,S2411211431001,S2411211431001,补差后返 到手价1199元，最终到手价1199*2=2398元;奇门回传单号:JDV024148910465,	,无售后或售后取消,,2025-11-19 13:28:00,	,,,,,,,否,否,	,否,	,,4198.0	,0.0	,41.98	,0.0	,0.0	,0.0	,0.0	,0.0	,4156.02	,4156.02	,JDV024148910465,京东大件物流,山东省,威海市,文登区,,,否,否,	,	,	,否,	,	,	,	,	,	,	,	,	,	,	,	,否,否,	,否,否,,	,否,	,否,,,否
【重磅新品】云米净水器600G小海豚升级版厨下式RO反渗透直饮家用,251119-599554803313574,已发货，待收货,1	,正常,2025-11-19 13:19:14,2025-11-20 13:19:14,,2025-11-19 20:58:23,	,225501370546	,小海豚600G,1813468330532	,厨房电器,净水器/净水设备及配件耗材,净水器,	,6923185653684	,6923185616399	,	,	,无售后或售后取消,,2025-11-19 13:19:14,	,,,,,,,否,否,	,否,	,,559.0	,0.0	,0.0	,0.0	,0.0	,0.0	,0.0	,0.0	,559.0	,559.0	,JDV024152473861,京东大件物流,福建省,莆田市,城厢区,,,否,否,	,	,	,否,	,	,	,	,	,	,	,	,	,	,	,	,否,否,	,否,否,,	,否,	,否,,,否
【重磅新品】云米净水器600G小海豚升级版厨下式RO反渗透直饮家用,251119-107667843364025,已发货，待收货,1	,正常,2025-11-19 13:09:38,2025-11-20 13:09:38,,2025-11-19 20:58:24,	,225501370546	,小海豚600G,1813468330532	,厨房电器,净水器/净水设备及配件耗材,净水器,	,6923185653684	,6923185616399	,	,	,无售后或售后取消,,2025-11-19 13:09:38,	,,,,,,,否,否,	,否,	,,559.0	,0.0	,0.0	,0.0	,1.11	,0.0	,0.0	,0.0	,559.0	,559.0	,JDV024152482018,京东大件物流,青海省,西宁市,城东区,,,否,否,	,	,	,否,	,	,	,	,	,	,	,	,	,	,	,	,否,否,	,否,否,,	,否,	,否,,,否
【重磅新品】云米净水器600G小海豚升级版厨下式RO反渗透直饮家用,251119-498042212781784,未发货，退款成功,1	,正常,2025-11-19 13:05:40,2025-11-20 13:05:40,,	,	,225501370546	,小海豚600G,1813468330532	,厨房电器,净水器/净水设备及配件耗材,净水器,	,6923185653684	,6923185616399	,聚水潭已取消发货 已退款   叶11.19,	,退款成功,,2025-11-19 13:05:40,	,,,,,,,否,否,	,否,	,,559.0	,0.0	,0.0	,0.0	,0.0	,0.0	,0.0	,0.0	,559.0	,559.0	,	,	,重庆市,重庆市,沙坪坝区,,,否,否,	,	,	,否,	,	,	,	,	,	,	,	,	,	,	,	,否,否,	,否,否,,	,否,	,否,,,否
【重磅新品】云米净水器600G小海豚升级版厨下式RO反渗透直饮家用,251119-367788050071250,已取消,1	,正常,	,	,,	,	,225501370546	,小海豚600G,1813468330532	,厨房电器,净水器/净水设备及配件耗材,净水器,	,6923185653684	,6923185616399	,	,	,无售后或售后取消,,	,	,,,,,,,否,否,	,否,	,,559.0	,0.0	,0.0	,0.0	,0.0	,0.0	,0.0	,0.0	,559.0	,559.0	,	,	,****,****,****,****,,否,否,	,	,	,否,	,	,	,	,	,	,	,	,	,	,	,	,否,否,	,否,	,,	,否,	,否,,,否
云米净水器滤芯家用小海豚小蓝调小白龙系列专用RO反渗透,251119-299483871662947,已发货，待收货,1	,正常,2025-11-19 13:02:59,2025-11-21 13:02:59,,2025-11-19 17:05:20,	,232467205433	,5in1 复合滤芯,1647394585330	,厨房电器,净水器/净水设备及配件耗材,净水器配件耗材,	,6923185627425	,	,	,	,无售后或售后取消,,2025-11-19 13:02:59,	,,,,,,,否,否,	,否,	,,149.0	,0.0	,0.0	,0.0	,1.0	,0.0	,0.0	,0.0	,149.0	,149.0	,JDV024148168037,京东大件物流,天津市,天津市,滨海新区,,,否,否,	,	,	,否,	,	,	,	,	,	,	,	,	,	,	,	,否,否,	,否,否,,	,否,	,否,,,否
【重磅新品】云米净水器600G小海豚升级版厨下式RO反渗透直饮家用,251119-587129239951990,已发货，待收货,1	,正常,2025-11-19 13:00:59,2025-11-20 13:00:59,,2025-11-19 20:58:24,	,225501370546	,小海豚600G,1813468330532	,厨房电器,净水器/净水设备及配件耗材,净水器,	,6923185653684	,6923185616399	,	,	,无售后或售后取消,,2025-11-19 13:00:59,	,,,,,,,否,否,	,否,	,,559.0	,0.0	,0.0	,30.0	,0.0	,0.0	,0.0	,0.0	,529.0	,559.0	,JDV024150852332,京东大件物流,新疆维吾尔自治区,巴音郭楞蒙古自治州,库尔勒市,,,否,否,	,	,	,否,	,	,	,	,	,	,	,	,	,	,	,	,否,否,	,否,否,,	,否,	,否,,,否
云米净水器滤芯小蓝调小海豚600G+专用复合滤芯RO反渗透滤芯过滤,251119-304485516863535,已发货，待收货,2	,正常,2025-11-19 12:58:53,2025-11-20 12:58:54,2025-11-20 23:59:59,2025-11-19 17:05:20,	,296967601341	,5in1复合滤芯 2年长效,1600193054565	,厨房电器,净水器/净水设备及配件耗材,净水器配件耗材,	,6923185627425	,	,	,	,无售后或售后取消,,2025-11-19 12:58:54,	,,,,,,,否,否,	,否,	,,598.0	,0.0	,5.98	,9.0	,0.0	,0.0	,0.0	,0.0	,583.02	,592.02	,JDV024148848067,京东大件物流,广东省,佛山市,禅城区,,,否,否,	,	,	,否,	,	,	,	,	,	,	,	,	,	,	,	,否,否,	,否,否,,	,否,	,否,,,否
云米净水器滤芯小蓝调小海豚600G+专用复合滤芯RO反渗透滤芯过滤,251119-156510471743535,未发货，退款成功,2	,正常,2025-11-19 12:55:40,2025-11-20 12:55:40,2025-11-20 23:59:59,	,	,296967601341	,5in1复合滤芯 2年长效,1600193054565	,厨房电器,净水器/净水设备及配件耗材,净水器配件耗材,	,6923185627425	,	,聚水潭已取消发货 已退款   叶11.19,	,退款成功,,2025-11-19 12:55:40,	,,,,,,,否,否,	,否,	,,598.0	,0.0	,5.98	,0.0	,0.0	,0.0	,0.0	,0.0	,592.02	,592.02	,	,	,广东省,佛山市,禅城区,,,否,否,	,	,	,否,	,	,	,	,	,	,	,	,	,	,	,	,否,否,	,否,否,,	,否,	,否,,,否
【重磅新品】云米净水器600G小海豚升级版厨下式RO反渗透直饮家用,251119-260686497343535,已发货，待收货,1	,正常,2025-11-19 12:52:00,2025-11-20 12:52:01,,2025-11-19 20:58:24,	,225501370546	,小海豚600G,1813468330532	,厨房电器,净水器/净水设备及配件耗材,净水器,	,6923185653684	,6923185616399	,	,	,无售后或售后取消,,2025-11-19 12:52:01,	,,,,,,,否,否,	,否,	,,559.0	,0.0	,0.0	,0.0	,0.0	,0.0	,0.0	,0.0	,559.0	,559.0	,JDV024150806675,京东大件物流,广东省,佛山市,禅城区,,,否,否,	,	,	,否,	,	,	,	,	,	,	,	,	,	,	,	,否,否,	,否,否,,	,否,	,否,,,否
【重磅新品】云米净水器600G小海豚升级版厨下式RO反渗透直饮家用,251119-421747781183535,已取消,1	,正常,	,	,,	,	,225501370546	,小海豚600G,1813468330532	,厨房电器,净水器/净水设备及配件耗材,净水器,	,6923185653684	,6923185616399	,	,	,无售后或售后取消,,	,	,,,,,,,否,否,	,否,	,,559.0	,0.0	,0.0	,0.0	,0.0	,0.0	,0.0	,0.0	,559.0	,559.0	,	,	,****,****,****,****,,否,否,	,	,	,否,	,	,	,	,	,	,	,	,	,	,	,	,否,否,	,否,	,,	,否,	,否,,,否
云米前置过滤器Super智能自动冲洗全屋前置净水器家用自来水冲洗,251119-551362312630570,已发货，待收货,1	,正常,2025-11-19 12:33:11,2025-11-21 12:33:11,,2025-11-19 17:05:20,	,573873753845	,全自动前置过滤器Super,1537803249260	,厨房电器,净水器/净水设备及配件耗材,净水器,	,6923185649885	,6923185649885	,	,	,无售后或售后取消,,2025-11-19 12:33:11,	,,,,,,,否,否,	,否,	,,599.0	,0.0	,0.0	,0.0	,0.2	,0.0	,0.0	,0.0	,599.0	,599.0	,JDV024148783895,京东大件物流,湖北省,荆门市,掇刀区,,,否,否,	,	,	,否,	,	,	,	,	,	,	,	,	,	,	,	,否,否,	,否,否,,	,否,	,否,,,否
VIOMI云米净水器1000G厨下直饮小体积净水机RO机智显龙头3秒满杯,251119-531711998351188,已取消,1	,正常,	,	,,	,	,842195971715	,1000G大通量RO净水器,1803617356458	,厨房电器,净水器/净水设备及配件耗材,净水器,	,6923185654247	,	,	,	,无售后或售后取消,,	,	,,,,,,,否,否,	,否,	,,823.0	,0.0	,24.0	,20.0	,0.0	,0.0	,0.0	,0.0	,779.0	,799.0	,	,	,****,****,****,****,,否,否,	,	,	,否,	,	,	,	,	,	,	,	,	,	,	,	,否,否,	,否,	,,	,否,	,否,,,否
【重磅新品】云米净水器600G小海豚升级版厨下式RO反渗透直饮家用,251119-037371328930281,已发货，待收货,1	,正常,2025-11-19 12:02:10,2025-11-20 12:02:10,,2025-11-19 17:05:20,	,225501370546	,小海豚600G,1813468330532	,厨房电器,净水器/净水设备及配件耗材,净水器,	,6923185653684	,6923185616399	,	,	,无售后或售后取消,,2025-11-19 12:02:10,	,,,,,,,否,否,	,否,	,,559.0	,0.0	,0.0	,0.0	,1.11	,0.0	,0.0	,0.0	,559.0	,559.0	,JDV024148815352,京东大件物流,宁夏回族自治区,吴忠市,同心县,,,否,否,	,	,	,否,	,	,	,	,	,	,	,	,	,	,	,	,否,否,	,否,否,,	,否,	,否,,,否
云米净水器滤芯小蓝调小海豚600G+专用复合滤芯RO反渗透滤芯过滤,251119-604399286683232,已发货，待收货,2	,正常,2025-11-19 11:59:26,2025-11-20 11:59:26,,2025-11-19 17:05:21,	,296967601341	,5in1复合滤芯 2年长效,1600193054565	,厨房电器,净水器/净水设备及配件耗材,净水器配件耗材,	,6923185627425	,	,补差后返 到手价198元,	,无售后或售后取消,,2025-11-19 11:59:26,	,,,,,,,否,否,	,否,	,,598.0	,0.0	,5.98	,0.0	,0.0	,0.0	,0.0	,0.0	,592.02	,592.02	,JDV024147913372,京东大件物流,安徽省,马鞍山市,花山区,,,否,否,	,	,	,否,	,	,	,	,	,	,	,	,	,	,	,	,否,否,	,否,否,,	,否,	,否,,,否
【重磅新品】云米净水器600G小海豚升级版厨下式RO反渗透直饮家用,251119-271423977883232,已取消,1	,正常,	,	,,	,	,225501370546	,小海豚600G,1813468330532	,厨房电器,净水器/净水设备及配件耗材,净水器,	,6923185653684	,6923185616399	,	,	,无售后或售后取消,,	,	,,,,,,,否,否,	,否,	,,559.0	,0.0	,0.0	,50.0	,0.0	,0.0	,0.0	,0.0	,509.0	,559.0	,	,	,****,****,****,****,,否,否,	,	,	,否,	,	,	,	,	,	,	,	,	,	,	,	,否,否,	,否,	,,	,否,	,否,,,否
【重磅新品】云米净水器600G小海豚升级版厨下式RO反渗透直饮家用,251119-519936469403232,已发货，待收货,1	,正常,2025-11-19 11:53:45,2025-11-20 11:53:45,,2025-11-19 17:05:19,	,225501370546	,小海豚600G,1813468330532	,厨房电器,净水器/净水设备及配件耗材,净水器,	,6923185653684	,6923185616399	,	,	,无售后或售后取消,,2025-11-19 11:53:45,	,,,,,,,否,否,	,否,	,,559.0	,0.0	,0.0	,50.0	,0.0	,0.0	,0.0	,0.0	,509.0	,559.0	,JDV024148807683,京东大件物流,安徽省,马鞍山市,花山区,,,否,否,	,	,	,否,	,	,	,	,	,	,	,	,	,	,	,	,否,否,	,否,否,,	,否,	,否,,,否
【母婴直饮】云米净水器 SE 600G+ 新升级厨下式RO反渗透直饮家用,251119-127821494610407,已取消,1	,正常,	,	,,	,	,819506595979	,【24年新品】600G升级版6年长效,1787046011387	,厨房电器,净水器/净水设备及配件耗材,净水器,	,6923185653684	,6923185616399	,	,	,无售后或售后取消,,	,	,,,,,,,否,否,	,否,	,,748.0	,0.0	,134.64	,74.8	,0.0	,0.0	,0.0	,0.0	,538.56	,613.36	,	,	,****,****,****,****,,否,否,	,	,	,否,	,	,	,	,	,	,	,	,	,	,	,	,否,否,	,否,	,,	,否,	,否,,,否
【重磅新品】云米净水器600G小海豚升级版厨下式RO反渗透直饮家用,251119-479052439150193,已发货，待收货,1	,正常,2025-11-19 11:35:16,2025-11-20 11:35:16,,2025-11-19 17:05:20,	,225501370546	,小海豚600G,1813468330532	,厨房电器,净水器/净水设备及配件耗材,净水器,	,6923185653684	,6923185616399	,	,	,无售后或售后取消,,2025-11-19 11:35:16,	,,,,,,,否,否,	,否,	,,559.0	,0.0	,0.0	,0.0	,0.0	,0.0	,0.0	,0.0	,559.0	,559.0	,JDV024148603745,京东大件物流,黑龙江省,牡丹江市,海林市,,,否,否,	,	,	,否,	,	,	,	,	,	,	,	,	,	,	,	,否,否,	,否,否,,	,否,	,否,,,否
【母婴直饮】云米净水器 SE 600G+ 新升级厨下式RO反渗透直饮家用,251119-306047947100934,待付款,1	,正常,	,	,,	,	,819506595979	,【24年新品】600G升级版6年长效,1787046011387	,厨房电器,净水器/净水设备及配件耗材,净水器,	,6923185653684	,6923185616399	,	,	,无售后或售后取消,,	,	,,,,,,,否,否,	,否,	,,748.0	,0.0	,145.6	,20.0	,0.0	,0.0	,0.0	,0.0	,582.4	,602.4	,	,	,****,****,****,****,,否,否,	,	,	,否,	,	,	,	,	,	,	,	,	,	,	,	,否,否,	,否,	,,	,否,	,否,,,否
【6年套装】云米净水器600G小海豚升级版厨下式RO反渗透直饮家用,251119-485343925853268,未发货，退款成功,1	,正常,2025-11-19 11:07:57,2025-11-20 11:07:57,,	,	,852932116812	,小海豚600G+6年滤芯套装,1812983769340	,厨房电器,净水器/净水设备及配件耗材,净水器,	,S2508151538001,	,聚水潭已取消发货 已退款   叶11.19,	,退款成功,,2025-11-19 11:07:57,	,,,,,,,否,否,	,否,	,,764.28	,0.0	,0.0	,56.56	,0.0	,0.0	,0.0	,0.0	,707.72	,764.28	,	,	,山东省,济宁市,金乡县,,,否,否,	,	,	,否,	,	,	,	,	,	,	,	,	,	,	,	,否,否,	,否,否,,	,否,	,否,,,否
【重磅新品】云米净水器600G小海豚升级版厨下式RO反渗透直饮家用,251119-455344177531454,已发货，待收货,1	,正常,2025-11-19 11:03:53,2025-11-20 11:03:54,,2025-11-19 17:05:19,	,225501370546	,小海豚600G,1813468330532	,厨房电器,净水器/净水设备及配件耗材,净水器,	,6923185653684	,6923185616399	,	,	,无售后或售后取消,,2025-11-19 11:03:54,	,,,,,,,否,否,	,否,	,,559.0	,0.0	,0.0	,0.0	,0.0	,0.0	,0.0	,0.0	,559.0	,559.0	,JDV024148788998,京东大件物流,安徽省,阜阳市,颍泉区,,,否,否,	,	,	,否,	,	,	,	,	,	,	,	,	,	,	,	,否,否,	,否,否,,	,否,	,否,,,否
云米小厨宝6L电热水器厨房卫生间出水恒温储水式小型速热神器加热,251119-480719727022747,已发货，待收货,1	,正常,2025-11-19 10:58:30,2025-11-20 10:58:30,,2025-11-19 17:05:20,	,208073193570	,热水即刻有-【6L】,1801828025682	,大家电,热水器,厨宝,	,6923185611233	,6923185611233	,	,	,无售后或售后取消,,2025-11-19 10:58:30,	,,,,,,,否,否,	,否,	,,280.0	,0.0	,0.0	,50.0	,0.0	,0.0	,0.0	,0.0	,230.0	,280.0	,JDV024148797485,京东大件物流,山东省,枣庄市,市中区,,,否,否,	,	,	,否,	,	,	,	,	,	,	,	,	,	,	,	,否,否,	,否,否,,	,否,	,否,,,否
云米净水器滤芯家用小海豚小蓝调小白龙系列专用RO反渗透,251119-405127831191250,已发货，待收货,1	,正常,2025-11-19 10:55:37,2025-11-21 10:55:37,,2025-11-19 17:05:21,	,232467205433	,5in1 复合滤芯,1647394585330	,厨房电器,净水器/净水设备及配件耗材,净水器配件耗材,	,6923185627425	,	,到手价109 [viomi华华 11/19 10:57],	,无售后或售后取消,,2025-11-19 10:55:37,	,,,,,,,否,否,	,否,	,,149.0	,0.0	,0.0	,0.0	,0.0	,0.0	,0.0	,0.0	,149.0	,149.0	,JDV024145801020,京东大件物流,内蒙古自治区,乌海市,海勃湾区,,,否,否,	,	,	,否,	,	,	,	,	,	,	,	,	,	,	,	,否,否,	,否,否,,	,否,	,否,,,否
云米水槽下水器垃圾处理器粉碎机下水道厨余搅碎机抑菌厨房家用,251119-214328983860274,已发货，待收货,1	,正常,2025-11-19 10:49:14,2025-11-20 10:49:14,2025-11-21 23:59:59,2025-11-19 17:05:20,	,852614628903	,【智能】厨余垃圾处理器,1812695452997	,厨房电器,食物垃圾处理机,食物垃圾处理机,	,6923185610250	,6923185610250	,	,	,无售后或售后取消,,2025-11-19 10:49:14,	,,,,,,,否,否,	,否,	,,889.0	,0.0	,48.0	,32.0	,0.0	,0.0	,0.0	,0.0	,809.0	,841.0	,JDV024148802349,京东大件物流,上海市,上海市,浦东新区,,,否,否,	,	,	,否,	,	,	,	,	,	,	,	,	,	,	,	,否,否,	,否,否,,	,否,	,否,,,否
【重磅新品】云米净水器600G小海豚升级版厨下式RO反渗透直饮家用,251119-322154054000796,已发货，待收货,1	,正常,2025-11-19 10:48:42,2025-11-20 10:48:42,2025-11-20 23:59:59,2025-11-19 17:05:20,	,225501370546	,小海豚600G,1813468330532	,厨房电器,净水器/净水设备及配件耗材,净水器,	,6923185653684	,6923185616399	,	,	,无售后或售后取消,,2025-11-19 10:48:42,	,,,,,,,否,否,	,否,	,,559.0	,0.0	,0.0	,0.0	,0.0	,0.0	,0.0	,0.0	,559.0	,559.0	,JDV024148788665,京东大件物流,广东省,中山市,火炬开发区,,,否,否,	,	,	,否,	,	,	,	,	,	,	,	,	,	,	,	,否,否,	,否,是,3	,商家,否,	,否,,信用卡分期,否
【重磅新品】云米净水器600G小海豚升级版厨下式RO反渗透直饮家用,251119-358130665112593,已发货，待收货,1	,正常,2025-11-19 10:18:53,2025-11-20 10:18:54,2025-11-21 23:59:59,2025-11-19 17:05:20,	,225501370546	,小海豚600G,1813468330532	,厨房电器,净水器/净水设备及配件耗材,净水器,	,6923185653684	,6923185616399	,	,	,无售后或售后取消,,2025-11-19 10:18:54,	,,,,,,,否,否,	,否,	,,559.0	,0.0	,0.0	,33.54	,16.0	,0.0	,0.0	,0.0	,525.46	,559.0	,JDV024148846168,京东大件物流,福建省,南平市,政和县,,,否,否,	,	,	,否,	,	,	,	,	,	,	,	,	,	,	,	,否,否,	,否,是,3	,商家,否,	,否,,信用卡分期,否
云米顶侧双吸烟灶套装22m³大吸力抽油烟机聚能猛火灶节能燃气家用,251119-102477371013980,已发货，待收货,1	,正常,2025-11-19 10:13:48,2025-11-20 10:13:48,,2025-11-19 17:05:19,	,382839923175	,【两件套】顶侧双吸烟机+5.2KW灶（天）,1743705224006	,大家电,厨房大电,烟灶消套装,	,S2309261029001,蓝调套装,	,	,无售后或售后取消,,2025-11-19 10:13:48,	,,,,,,,否,否,	,否,	,,1218.0	,0.0	,60.0	,40.0	,0.0	,0.0	,0.0	,0.0	,1118.0	,1158.0	,JDV024148936807,京东大件物流,河南省,濮阳市,华龙区,,,否,否,	,	,	,否,	,	,	,	,	,	,	,	,	,	,	,	,否,否,	,否,否,,	,否,	,否,,,否
云米顶侧双吸烟灶套装22m³大吸力抽油烟机聚能猛火灶节能燃气家用,251119-215335575173980,已取消,1	,正常,	,	,,	,	,382839923175	,【两件套】顶侧双吸烟机+5.2KW灶（天）,1743705224006	,大家电,厨房大电,烟灶消套装,	,S2309261029001,蓝调套装,	,	,无售后或售后取消,,	,	,,,,,,,否,否,	,否,	,,1218.0	,0.0	,60.0	,40.0	,0.0	,0.0	,0.0	,0.0	,1118.0	,1158.0	,	,	,****,****,****,****,,否,否,	,	,	,否,	,	,	,	,	,	,	,	,	,	,	,	,否,否,	,否,	,,	,否,	,否,,,否
Viomi云米净水器1000G厨下式RO反渗透直饮过滤器净饮小海豚2,251119-429077369202495,未发货，退款成功,1	,正常,2025-11-19 10:07:39,2025-11-20 10:07:39,,	,	,205458105137	,小海豚2包安装1000G大加仑,1802849942800	,厨房电器,净水器/净水设备及配件耗材,净水器,	,6923185654865	,	,聚水潭已取消发货 已退款   叶11.19,	,退款成功,,2025-11-19 10:07:39,	,,,,,,,否,否,	,否,	,,901.0	,0.0	,100.0	,0.0	,0.0	,0.0	,0.0	,0.0	,801.0	,801.0	,	,	,广西壮族自治区,南宁市,西乡塘区,,,否,否,	,	,	,否,	,	,	,	,	,	,	,	,	,	,	,	,否,否,	,否,否,,	,否,	,否,,,否
云米顶侧双吸烟灶套装22m³大吸力抽油烟机聚能猛火灶节能燃气家用,251119-471251054213980,已取消,1	,正常,	,	,,	,	,382839923175	,【两件套】顶侧双吸烟机+5.2KW灶（天）,1743705224006	,大家电,厨房大电,烟灶消套装,	,S2309261029001,蓝调套装,	,	,无售后或售后取消,,	,	,,,,,,,否,否,	,否,	,,1218.0	,0.0	,60.0	,40.0	,0.0	,0.0	,0.0	,0.0	,1118.0	,1158.0	,	,	,****,****,****,****,,否,否,	,	,	,否,	,	,	,	,	,	,	,	,	,	,	,	,否,否,	,否,	,,	,否,	,否,,,否
【重磅新品】云米净水器600G小海豚升级版厨下式RO反渗透直饮家用,251119-562141643050884,待发货,1	,正常,2025-11-19 10:08:38,2026-02-03 10:08:39,,	,	,225501370546	,小海豚600G,1813468330532	,厨房电器,净水器/净水设备及配件耗材,净水器,	,6923185653684	,6923185616399	,	,	,无售后或售后取消,,2025-11-19 10:08:39,	,,,,,,,否,否,	,否,	,,559.0	,0.0	,0.0	,33.54	,0.2	,0.0	,0.0	,0.0	,525.46	,559.0	,	,	,福建省,泉州市,晋江市,,,否,否,	,	,	,否,	,	,	,	,	,	,	,	,	,	,	,	,否,否,	,否,否,,	,否,	,否,,,否
云米智能双胆电热水器扁桶家用速热储水式60L超薄抑菌节能大水量,251119-583060765033453,已发货，待收货,1	,正常,2025-11-19 09:52:42,2025-11-20 09:52:43,,2025-11-19 17:05:22,	,290130975552	,"纤薄安全节能60L,双胆扁桶",1756848157332	,大家电,热水器,电热水器,	,6923185610410	,6923185610410	,	,	,无售后或售后取消,,2025-11-19 09:52:43,	,,,,,,,否,否,	,否,	,,797.0	,0.0	,0.0	,0.0	,0.0	,0.0	,0.0	,0.0	,797.0	,797.0	,JDV024145906517,京东大件物流,安徽省,滁州市,天长市,,,否,否,	,	,	,否,	,	,	,	,	,	,	,	,	,	,	,	,否,否,	,否,否,,	,否,	,否,,,否
【重磅新品】云米净水器600G小海豚升级版厨下式RO反渗透直饮家用,251119-213888582061484,已取消,1	,正常,	,	,,	,	,225501370546	,小海豚600G,1813468330532	,厨房电器,净水器/净水设备及配件耗材,净水器,	,6923185653684	,6923185616399	,	,	,无售后或售后取消,,	,	,,,,,,,否,否,	,否,	,,559.0	,0.0	,0.0	,0.0	,0.0	,0.0	,0.0	,0.0	,559.0	,559.0	,	,	,****,****,****,****,,否,否,	,	,	,否,	,	,	,	,	,	,	,	,	,	,	,	,否,否,	,否,	,,	,否,	,否,,,否
云米智能AI门锁3D指纹密码蓝牙可连大容量续航家用公寓自动安全,251119-390510743860128,已发货，待收货,1	,正常,2025-11-19 09:58:47,2025-11-20 09:58:47,,2025-11-19 17:05:20,	,743885774552	,"云米蓝调指纹密码锁LBT11C,黑色",1734954999916	,基础建材,智能门锁/电子锁,智能门锁/电子锁,	,6923185655381	,6923185655381	,	,	,无售后或售后取消,,2025-11-19 09:58:47,	,,,,,,,否,否,	,否,	,,661.0	,0.0	,40.0	,70.0	,0.2	,0.0	,0.0	,0.0	,551.0	,621.0	,JDV024148059236,京东大件物流,浙江省,杭州市,上城区,,,否,否,	,	,	,否,	,	,	,	,	,	,	,	,	,	,	,	,否,否,	,否,否,,	,否,	,否,,,否
【母婴直饮】云米净水器 SE 600G+ 新升级厨下式RO反渗透直饮家用,251119-005242929581484,未发货，退款成功,1	,正常,2025-11-19 09:45:57,2025-11-20 09:45:57,2025-11-20 23:59:59,	,	,819506595979	,【24年新品】600G升级版6年长效,1787046011387	,厨房电器,净水器/净水设备及配件耗材,净水器,	,6923185653684	,6923185616399	,聚水潭已取消发货  已退款  11.19,	,退款成功,,2025-11-19 09:45:57,	,,,,,,,否,否,	,否,	,,748.0	,0.0	,134.64	,74.8	,0.0	,0.0	,0.0	,0.0	,538.56	,613.36	,	,	,广东省,惠州市,惠城区,,,否,否,	,	,	,否,	,	,	,	,	,	,	,	,	,	,	,	,否,否,	,否,是,3	,商家,否,	,否,,信用卡分期,否
【重磅新品】云米净水器600G小海豚升级版厨下式RO反渗透直饮家用,251119-215817992561802,已发货，待收货,1	,正常,2025-11-19 09:31:56,2025-11-20 09:31:56,,2025-11-19 17:05:21,	,225501370546	,小海豚600G,1813468330532	,厨房电器,净水器/净水设备及配件耗材,净水器,	,6923185653684	,6923185616399	,	,	,无售后或售后取消,,2025-11-19 09:31:56,	,,,,,,,否,否,	,否,	,,559.0	,0.0	,0.0	,0.0	,0.0	,0.0	,0.0	,0.0	,559.0	,559.0	,JDV024146201224,京东大件物流,内蒙古自治区,赤峰市,松山区,,,否,否,	,	,	,否,	,	,	,	,	,	,	,	,	,	,	,	,否,否,	,否,否,,	,否,	,否,,,否
【重磅新品】云米净水器600G小海豚升级版厨下式RO反渗透直饮家用,251119-653787185444020,已发货，待收货,1	,正常,2025-11-19 09:17:14,2025-11-20 09:17:15,,2025-11-19 17:05:21,	,852161740747	,小海豚600G+6年滤芯套装,1812658223669	,厨房电器,净水器/净水设备及配件耗材,净水器,	,S2508151538001,	,	,	,无售后或售后取消,,2025-11-19 09:17:15,	,,,,,,,否,否,	,否,	,,764.9	,0.0	,0.0	,100.0	,1.32	,0.0	,0.0	,0.0	,664.9	,764.9	,JDV024148839290,京东大件物流,广西壮族自治区,河池市,巴马瑶族自治县,,,否,否,	,	,	,否,	,	,	,	,	,	,	,	,	,	,	,	,否,否,	,否,否,,	,否,	,否,,,否
云米小厨宝6L电热水器厨房卫生间出水恒温储水式小型速热神器加热,251119-320727959120648,已取消,1	,正常,	,	,,	,	,208073193570	,热水即刻有-【6L】,1801828025682	,大家电,热水器,厨宝,	,6923185611233	,6923185611233	,	,	,无售后或售后取消,,	,	,,,,,,,否,否,	,否,	,,280.0	,0.0	,0.0	,14.0	,0.0	,0.0	,0.0	,0.0	,266.0	,280.0	,	,	,****,****,****,****,,否,否,	,	,	,否,	,	,	,	,	,	,	,	,	,	,	,	,否,否,	,否,	,,	,否,	,否,,,否
【母婴直饮】云米净水器 SE 600G+ 新升级厨下式RO反渗透直饮家用,251119-653325842742105,已发货，待收货,1	,正常,2025-11-19 09:03:29,2025-11-20 09:03:29,,2025-11-19 17:05:21,	,819506595979	,【24年新品】600G升级版6年长效,1787046011387	,厨房电器,净水器/净水设备及配件耗材,净水器,	,6923185653684	,6923185616399	,	,	,无售后或售后取消,,2025-11-19 09:03:29,	,,,,,,,否,否,	,否,	,,748.0	,0.0	,134.64	,74.8	,0.0	,0.0	,0.0	,0.0	,538.56	,613.36	,JDV024148845680,京东大件物流,广东省,惠州市,惠城区,,,否,否,	,	,	,否,	,	,	,	,	,	,	,	,	,	,	,	,否,否,	,否,否,,	,否,	,否,,,否
云米AI燃气热水器智控恒温防冻节能安全水质净化精准控温13L强排,251119-408325998231723,待发货,1	,正常,2025-11-19 09:09:21,2026-02-18 09:09:21,,	,	,773161065181	,智控恒温燃气热水器,1755671371526	,大家电,热水器,燃气热水器,	,6923185655688	,6923185655688	,晒单赠送花洒,	,无售后或售后取消,,2025-11-19 09:09:21,	,,,,,,,否,否,	,否,	,,588.0	,0.0	,0.0	,88.2	,0.0	,0.0	,0.0	,0.0	,499.8	,588.0	,	,	,广西壮族自治区,南宁市,西乡塘区,,,否,否,	,	,	,否,	,	,	,	,	,	,	,	,	,	,	,	,否,否,	,否,否,,	,否,	,否,,,否
【重磅新品】云米净水器600G小海豚升级版厨下式RO反渗透直饮家用,251119-623189768500058,已取消,1	,正常,	,	,,	,	,225501370546	,小海豚600G,1813468330532	,厨房电器,净水器/净水设备及配件耗材,净水器,	,6923185653684	,6923185616399	,	,	,无售后或售后取消,,	,	,,,,,,,否,否,	,否,	,,559.0	,0.0	,0.0	,0.0	,0.0	,0.0	,0.0	,0.0	,559.0	,559.0	,	,	,****,****,****,****,,否,否,	,	,	,否,	,	,	,	,	,	,	,	,	,	,	,	,否,否,	,否,	,,	,否,	,否,,,否
【重磅新品】云米净水器600G小海豚升级版厨下式RO反渗透直饮家用,251119-225789929780058,未发货，退款成功,1	,正常,2025-11-19 08:58:16,2025-11-20 08:58:16,,	,	,225501370546	,小海豚600G,1813468330532	,厨房电器,净水器/净水设备及配件耗材,净水器,	,6923185653684	,6923185616399	,聚水潭已取消发货 已退款 卫11.19,	,退款成功,,2025-11-19 08:58:16,	,,,,,,,否,否,	,否,	,,559.0	,0.0	,0.0	,0.0	,0.0	,0.0	,0.0	,0.0	,559.0	,559.0	,	,	,广东省,惠州市,惠城区,,,否,否,	,	,	,否,	,	,	,	,	,	,	,	,	,	,	,	,否,否,	,否,否,,	,否,	,否,,,否
【重磅新品】云米净水器600G小海豚升级版厨下式RO反渗透直饮家用,251119-535759429180223,已发货，待收货,1	,正常,2025-11-19 08:43:41,2025-11-20 08:43:42,,2025-11-19 17:05:22,	,225501370546	,小海豚600G,1813468330532	,厨房电器,净水器/净水设备及配件耗材,净水器,	,6923185653684	,6923185616399	,	,	,无售后或售后取消,,2025-11-19 08:43:42,	,,,,,,,否,否,	,否,	,,559.0	,0.0	,0.0	,0.0	,0.0	,0.0	,0.0	,0.0	,559.0	,559.0	,JDV024145917999,京东大件物流,四川省,眉山市,东坡区,,,否,否,	,	,	,否,	,	,	,	,	,	,	,	,	,	,	,	,否,否,	,否,否,,	,否,	,否,,,否
【重磅新品】云米净水器600G小海豚升级版厨下式RO反渗透直饮家用,251119-488584015480580,已发货，待收货,1	,正常,2025-11-19 08:42:35,2025-11-20 08:42:35,,2025-11-19 13:52:58,	,225501370546	,小海豚600G,1813468330532	,厨房电器,净水器/净水设备及配件耗材,净水器,	,6923185653684	,6923185616399	,	,	,无售后或售后取消,,2025-11-19 08:42:35,	,,,,,,,否,否,	,否,	,,559.0	,0.0	,0.0	,0.0	,0.0	,0.0	,0.0	,0.0	,559.0	,559.0	,JDV024144800211,京东大件物流,辽宁省,大连市,甘井子区,,,否,否,	,	,	,否,	,	,	,	,	,	,	,	,	,	,	,	,否,否,	,否,否,,	,否,	,否,,,否
【冷热直饮套装】云米净水器家用厨下管线机套装一键即热制冷直饮,251119-182504680961355,未发货，退款成功,1	,正常,2025-11-19 08:03:41,2025-11-20 08:03:41,,	,	,480070620581	,【冷热净水直饮套装】新品净水器+冷热管线机,1620106386127	,厨房电器,净水器/净水设备及配件耗材,净水器,	,S2407170910001,	,聚水潭已取消发货 已退款 卫11.19,	,退款成功,,2025-11-19 08:03:41,	,,,,,,,否,否,	,否,	,,1434.0	,0.0	,0.0	,100.0	,5.0	,0.0	,0.0	,0.0	,1334.0	,1434.0	,	,	,河北省,衡水市,景县,,,否,否,	,	,	,否,	,	,	,	,	,	,	,	,	,	,	,	,否,否,	,否,否,,	,否,	,否,,,否
【6年套装】云米净水器600G小海豚升级版厨下式RO反渗透直饮家用,251119-297669804341278,已取消,1	,正常,	,	,,	,	,852932116812	,小海豚600G+6年滤芯套装,1812983769340	,厨房电器,净水器/净水设备及配件耗材,净水器,	,S2508151538001,	,	,	,无售后或售后取消,,	,	,,,,,,,否,否,	,否,	,,764.28	,0.0	,0.0	,100.0	,0.0	,0.0	,0.0	,0.0	,664.28	,764.28	,	,	,****,****,****,****,,否,否,	,	,	,否,	,	,	,	,	,	,	,	,	,	,	,	,否,否,	,否,	,,	,否,	,否,,,否
VIOMI云米净水器600G小蓝调厨下式RO反渗透直饮家用6年长效,251119-288578660664064,已取消,1	,正常,	,	,,	,	,850883552953	,RO反渗透除去重金属,1811278299045	,厨房电器,净水器/净水设备及配件耗材,净水器,	,6923185653592	,6923185653592	,	,	,无售后或售后取消,,	,	,,,,,,,否,否,	,否,	,,639.19	,0.0	,0.0	,100.0	,0.0	,0.0	,0.0	,0.0	,539.19	,639.19	,	,	,****,****,****,****,,否,否,	,	,	,否,	,	,	,	,	,	,	,	,	,	,	,	,否,否,	,否,	,,	,否,	,否,,,否
【母婴直饮】云米净水器 SE 600G+ 新升级厨下式RO反渗透直饮家用,251119-459454605621913,已取消,1	,正常,	,	,,	,	,819506595979	,【24年新品】600G升级版6年长效,1787046011387	,厨房电器,净水器/净水设备及配件耗材,净水器,	,6923185653684	,6923185616399	,	,	,无售后或售后取消,,	,	,,,,,,,否,否,	,否,	,,748.0	,0.0	,129.6	,100.0	,0.0	,0.0	,0.0	,0.0	,518.4	,618.4	,	,	,****,****,****,****,,否,否,	,	,	,否,	,	,	,	,	,	,	,	,	,	,	,	,否,否,	,否,	,,	,否,	,否,,,否
【6年套装】云米净水器600G小海豚升级版厨下式RO反渗透直饮家用,251119-591669563761985,已取消,1	,正常,	,	,,	,	,852932116812	,小海豚600G+6年滤芯套装,1812983769340	,厨房电器,净水器/净水设备及配件耗材,净水器,	,S2508151538001,	,	,	,无售后或售后取消,,	,	,,,,,,,否,否,	,否,	,,764.28	,0.0	,0.0	,100.0	,0.0	,0.0	,0.0	,0.0	,664.28	,764.28	,	,	,****,****,****,****,,否,否,	,	,	,否,	,	,	,	,	,	,	,	,	,	,	,	,否,否,	,否,	,,	,否,	,否,,,否
云米小厨宝6L电热水器厨房卫生间出水恒温储水式小型速热神器加热,251119-074962758041700,已发货，待收货,2	,正常,2025-11-19 06:49:51,2025-11-20 06:49:51,,2025-11-19 17:05:22,	,208073193570	,热水即刻有-【6L】,1801828025682	,大家电,热水器,厨宝,	,6923185611233	,6923185611233	,	,	,无售后或售后取消,,2025-11-19 06:49:51,	,,,,,,,否,否,	,否,	,,560.0	,0.0	,11.2	,54.88	,0.0	,0.0	,0.0	,0.0	,493.92	,548.8	,JDV024145919278,京东大件物流,四川省,成都市,都江堰市,,,否,否,	,	,	,否,	,	,	,	,	,	,	,	,	,	,	,	,否,否,	,否,否,,	,否,	,否,,,否
VIOMI云米净水器1000G厨下直饮小体积净水机RO机智显龙头3秒满杯,251119-435253450351833,已取消,1	,正常,	,	,,	,	,842195971715	,1000G大通量RO净水器,1803617356458	,厨房电器,净水器/净水设备及配件耗材,净水器,	,6923185654247	,	,	,	,无售后或售后取消,,	,	,,,,,,,否,否,	,否,	,,823.0	,0.0	,24.0	,0.0	,0.0	,0.0	,0.0	,0.0	,799.0	,799.0	,	,	,****,****,****,****,,否,否,	,	,	,否,	,	,	,	,	,	,	,	,	,	,	,	,否,否,	,否,	,,	,否,	,否,,,否
【重磅新品】云米净水器600G小海豚升级版厨下式RO反渗透直饮家用,251119-224898598410526,已取消,1	,正常,	,	,,	,	,225501370546	,小海豚600G,1813468330532	,厨房电器,净水器/净水设备及配件耗材,净水器,	,6923185653684	,6923185616399	,	,	,无售后或售后取消,,	,	,,,,,,,否,否,	,否,	,,559.0	,0.0	,0.0	,0.0	,0.0	,0.0	,0.0	,0.0	,559.0	,559.0	,	,	,****,****,****,****,,否,否,	,	,	,否,	,	,	,	,	,	,	,	,	,	,	,	,否,否,	,否,	,,	,否,	,否,,,否
云米净饮机X2系列滤芯X2mini mango复合滤芯5in1/6in1 RO反渗透,251119-238362366260344,已取消,1	,正常,	,	,,	,	,243153009643	,X2/X2 Pro RO反渗透滤芯,1360931817931	,厨房电器,净水器/净水设备及配件耗材,净水器配件耗材,	,6923185616177	,6923185614258	,	,	,无售后或售后取消,,	,	,,,,,,,否,否,	,否,	,,189.0	,0.0	,0.0	,32.13	,0.0	,0.0	,0.0	,0.0	,156.87	,189.0	,	,	,****,****,****,****,,否,否,	,	,	,否,	,	,	,	,	,	,	,	,	,	,	,	,否,否,	,否,	,,	,否,	,否,,,否
云米AI燃气热水器智控恒温防冻节能安全水质净化精准控温13L强排,251119-566912674192545,已发货，待收货,1	,正常,2025-11-19 05:09:53,2025-11-20 05:09:54,,2025-11-19 17:05:22,	,773161065181	,智控恒温燃气热水器,1755671371526	,大家电,热水器,燃气热水器,	,6923185655688	,6923185655688	,	,	,无售后或售后取消,,2025-11-19 05:09:54,	,,,,,,,否,否,	,否,	,,588.0	,0.0	,0.0	,82.32	,5.0	,0.0	,0.0	,0.0	,505.68	,588.0	,JDV024145876025,京东大件物流,湖北省,襄阳市,襄城区,,,否,否,	,	,	,否,	,	,	,	,	,	,	,	,	,	,	,	,否,否,	,否,否,,	,否,	,否,,,否
【母婴直饮】云米净水器 SE 600G+ 新升级厨下式RO反渗透直饮家用,251119-389493635511807,已取消,1	,正常,	,	,,	,	,819506595979	,【24年新品】600G升级版6年长效,1787046011387	,厨房电器,净水器/净水设备及配件耗材,净水器,	,6923185653684	,6923185616399	,	,	,无售后或售后取消,,	,	,,,,,,,否,否,	,否,	,,748.0	,0.0	,129.6	,100.0	,0.0	,0.0	,0.0	,0.0	,518.4	,618.4	,	,	,****,****,****,****,,否,否,	,	,	,否,	,	,	,	,	,	,	,	,	,	,	,	,否,否,	,否,	,,	,否,	,否,,,否
【母婴直饮】云米净水器 SE 600G+ 新升级厨下式RO反渗透直饮家用,251119-041397798463864,已取消,1	,正常,	,	,,	,	,819506595979	,【24年新品】600G升级版6年长效,1787046011387	,厨房电器,净水器/净水设备及配件耗材,净水器,	,6923185653684	,6923185616399	,	,	,无售后或售后取消,,	,	,,,,,,,否,否,	,否,	,,748.0	,0.0	,129.6	,100.0	,0.0	,0.0	,0.0	,0.0	,518.4	,618.4	,	,	,****,****,****,****,,否,否,	,	,	,否,	,	,	,	,	,	,	,	,	,	,	,	,否,否,	,否,	,,	,否,	,否,,,否
【重磅新品】云米净水器600G小海豚升级版厨下式RO反渗透直饮家用,251119-506651011450869,已取消,1	,正常,	,	,,	,	,225501370546	,小海豚600G,1813468330532	,厨房电器,净水器/净水设备及配件耗材,净水器,	,6923185653684	,6923185616399	,	,	,无售后或售后取消,,	,	,,,,,,,否,否,	,否,	,,559.0	,0.0	,0.0	,0.0	,0.0	,0.0	,0.0	,0.0	,559.0	,559.0	,	,	,****,****,****,****,,否,否,	,	,	,否,	,	,	,	,	,	,	,	,	,	,	,	,否,否,	,否,	,,	,否,	,否,,,否
【重磅新品】云米净水器600G小海豚升级版厨下式RO反渗透直饮家用,251119-438514511451821,已发货，待收货,1	,正常,2025-11-19 02:15:05,2025-11-20 02:15:05,,2025-11-19 10:44:31,	,225501370546	,小海豚600G,1813468330532	,厨房电器,净水器/净水设备及配件耗材,净水器,	,6923185653684	,6923185616399	,	,	,无售后或售后取消,,2025-11-19 02:15:05,	,,,,,,,否,否,	,否,	,,559.0	,0.0	,0.0	,0.0	,5.0	,0.0	,0.0	,0.0	,559.0	,559.0	,JDV024141132073,京东大件物流,河南省,洛阳市,瀍河回族区,,,否,否,	,	,	,否,	,	,	,	,	,	,	,	,	,	,	,	,否,否,	,否,否,,	,否,	,否,,,否
【重磅新品】云米净水器600G小海豚升级版厨下式RO反渗透直饮家用,251119-236107938223029,已发货，待收货,1	,正常,2025-11-19 02:03:30,2025-11-20 02:03:30,,2025-11-19 13:52:58,	,225501370546	,小海豚600G,1813468330532	,厨房电器,净水器/净水设备及配件耗材,净水器,	,6923185653684	,6923185616399	,	,	,无售后或售后取消,,2025-11-19 02:03:30,	,,,,,,,否,否,	,否,	,,559.0	,0.0	,0.0	,0.0	,0.0	,0.0	,0.0	,0.0	,559.0	,559.0	,JDV024142223655,京东大件物流,河北省,承德市,双桥区,,,否,否,	,	,	,否,	,	,	,	,	,	,	,	,	,	,	,	,否,否,	,否,否,,	,否,	,否,,,否
【母婴直饮】云米净水器 SE 600G+ 新升级厨下式RO反渗透直饮家用,251119-010737478001994,已发货，待收货,1	,正常,2025-11-19 01:56:42,2025-11-20 01:56:42,,2025-11-19 17:05:22,	,819506595979	,【24年新品】600G升级版6年长效,1787046011387	,厨房电器,净水器/净水设备及配件耗材,净水器,	,6923185653684	,6923185616399	,	,	,无售后或售后取消,,2025-11-19 01:56:42,	,,,,,,,否,否,	,否,	,,748.0	,0.0	,129.6	,100.0	,0.0	,0.0	,0.0	,0.0	,518.4	,618.4	,JDV024145898227,京东大件物流,海南省,三亚市,三亚市,,,否,否,	,	,	,否,	,	,	,	,	,	,	,	,	,	,	,	,否,否,	,否,否,,	,否,	,否,,,否
【6年套装】云米净水器600G小海豚升级版厨下式RO反渗透直饮家用,251119-673353613630848,已发货，待收货,1	,正常,2025-11-19 00:48:04,2025-11-20 00:48:05,,2025-11-19 10:43:49,	,852932116812	,小海豚600G+6年滤芯套装,1812983769340	,厨房电器,净水器/净水设备及配件耗材,净水器,	,S2508151538001,	,	,	,无售后或售后取消,,2025-11-19 00:48:05,	,,,,,,,否,否,	,否,	,,764.28	,0.0	,0.0	,76.42	,0.0	,0.0	,0.0	,0.0	,687.86	,764.28	,JDV024142029092,京东大件物流,广东省,广州市,天河区,,,否,否,	,	,	,否,	,	,	,	,	,	,	,	,	,	,	,	,否,否,	,否,否,,	,否,	,否,,,否
【6年套装】云米净水器600G小海豚升级版厨下式RO反渗透直饮家用,251119-216971384453499,未发货，退款成功,1	,正常,2025-11-19 00:35:01,2025-11-20 00:35:01,,	,	,852932116812	,小海豚600G+6年滤芯套装,1812983769340	,厨房电器,净水器/净水设备及配件耗材,净水器,	,S2508151538001,	,聚水潭已取消发货 已退款 卫11.19,	,退款成功,,2025-11-19 00:35:01,	,,,,,,,否,否,	,否,	,,764.28	,0.0	,0.0	,100.0	,0.2	,0.0	,0.0	,0.0	,664.28	,764.28	,	,	,河北省,廊坊市,固安县,,,否,否,	,	,	,否,	,	,	,	,	,	,	,	,	,	,	,	,否,否,	,否,否,,	,否,	,否,,,否
云米智能AI门锁3D指纹密码蓝牙可连大容量续航家用公寓自动安全,251119-521624686911675,已发货，待收货,1	,正常,2025-11-19 00:27:06,2025-11-20 00:27:06,2025-11-20 23:59:59,2025-11-19 10:43:50,	,743885774552	,"云米蓝调指纹密码锁LBT11C,黑色",1734954999916	,基础建材,智能门锁/电子锁,智能门锁/电子锁,	,6923185655381	,6923185655381	,	,	,无售后或售后取消,,2025-11-19 00:27:06,	,,,,,,,否,否,	,否,	,,661.0	,0.0	,40.0	,100.0	,0.0	,0.0	,0.0	,0.0	,521.0	,621.0	,JDV024141802114,京东大件物流,广东省,东莞市,厚街镇,,,否,否,	,	,	,否,	,	,	,	,	,	,	,	,	,	,	,	,否,否,	,否,否,,	,否,	,否,,,否
云米智能小鲸鱼马桶盖全自动即热恒温带烘干坐垫圈抗菌除臭自清洗,251119-174021722520896,已取消,1	,正常,	,	,,	,	,765112154467	,智能抗菌即热式马桶盖,1749961522912	,家装主材,卫浴陶瓷,智能坐便盖板,	,6923185654537	,6923185654537	,	,	,无售后或售后取消,,	,	,,,,,,,否,否,	,否,	,,699.0	,0.0	,0.0	,100.0	,0.0	,0.0	,0.0	,0.0	,599.0	,699.0	,	,	,****,****,****,****,,否,否,	,	,	,否,	,	,	,	,	,	,	,	,	,	,	,	,否,否,	,否,	,,	,否,	,否,,,否
云米60升AI速热高温抑菌电热水器3000W一级节能变频增容家用租房,251119-208844910110640,已发货，待收货,1	,正常,2025-11-19 00:13:36,2025-11-20 00:13:36,,2025-11-19 10:43:49,	,226368376224	,3000W速热安全60L热水器,1737176648260	,大家电,热水器,电热水器,	,6923185602224	,6923185602224	,	,	,无售后或售后取消,,2025-11-19 00:13:36,	,,,,,,,否,否,	,否,	,,654.0	,0.0	,36.0	,24.0	,8.0	,0.0	,0.0	,0.0	,594.0	,618.0	,JDV024141763196,京东大件物流,河北省,邢台市,任泽区,,,否,否,	,	,	,否,	,	,	,	,	,	,	,	,	,	,	,	,否,否,	,否,否,,	,否,	,否,,,否
云米燃气热水器增压水伺服恒温省气抗风节能排气16L已接入米家APP,251119-379626473082125,未发货，退款成功,1	,正常,2025-11-19 00:01:13,2025-11-20 00:01:14,,	,	,795732084979	,智能增压水伺服16L燃气热水器,1772272965242	,大家电,热水器,燃气热水器,	,6923185653127	,	,聚水潭已取消发货 已退款 卫11.19,	,退款成功,,2025-11-19 00:01:14,	,,,,,,,否,否,	,否,	,,1498.0	,0.0	,0.0	,0.0	,1.21	,0.0	,0.0	,0.0	,1498.0	,1498.0	,	,	,云南省,昆明市,呈贡区,,,否,否,	,	,	,否,	,	,	,	,	,	,	,	,	,	,	,	,否,否,	,否,否,,	,否,	,否,,,否
云米智能双胆电热水器扁桶家用速热储水式60L超薄抑菌节能大水量,251118-449262405201323,已发货，待收货,1	,正常,2025-11-18 23:51:46,2025-11-19 23:51:46,,2025-11-19 10:43:50,	,290130975552	,"纤薄安全节能60L,双胆扁桶",1756848157332	,大家电,热水器,电热水器,	,6923185610410	,6923185610410	,	,	,无售后或售后取消,,2025-11-18 23:51:46,	,,,,,,,否,否,	,否,	,,797.0	,0.0	,0.0	,0.0	,1.59	,0.0	,0.0	,0.0	,797.0	,797.0	,JDV024141802033,京东大件物流,甘肃省,酒泉市,肃州区,,,否,否,	,	,	,否,	,	,	,	,	,	,	,	,	,	,	,	,否,否,	,否,否,,	,否,	,否,,,否
【重磅新品】云米净水器600G小海豚升级版厨下式RO反渗透直饮家用,251118-674611904880098,已发货，待收货,1	,正常,2025-11-18 23:49:23,2025-11-19 23:49:23,,2025-11-19 10:44:31,	,225501370546	,小海豚600G,1813468330532	,厨房电器,净水器/净水设备及配件耗材,净水器,	,6923185653684	,6923185616399	,	,	,无售后或售后取消,,2025-11-18 23:49:23,	,,,,,,,否,否,	,否,	,,559.0	,0.0	,0.0	,0.0	,0.0	,0.0	,0.0	,0.0	,559.0	,559.0	,JDV024140968127,京东大件物流,河北省,廊坊市,三河市,,,否,否,	,	,	,否,	,	,	,	,	,	,	,	,	,	,	,	,否,否,	,否,否,,	,否,	,否,,,否
Viomi云米净水器1000G厨下式RO反渗透直饮过滤器净饮小海豚2,251118-596629266063439,未发货，退款成功,1	,正常,2025-11-18 23:42:22,2025-11-19 23:42:22,,	,	,205458105137	,小海豚2包安装1000G大加仑,1802849942800	,厨房电器,净水器/净水设备及配件耗材,净水器,	,6923185654865	,	,聚水潭已取消发货 已退款 卫11.19,	,退款成功,,2025-11-18 23:42:22,	,,,,,,,否,否,	,否,	,,999.0	,0.0	,0.0	,50.0	,0.0	,0.0	,0.0	,0.0	,949.0	,999.0	,	,	,河南省,新乡市,新乡县,,,否,否,	,	,	,否,	,	,	,	,	,	,	,	,	,	,	,	,否,否,	,否,否,,	,否,	,否,,,否
云米小厨宝6L电热水器厨房卫生间出水恒温储水式小型速热神器加热,251118-445613412720933,已发货，待收货,1	,正常,2025-11-18 23:33:44,2025-11-19 23:33:44,,2025-11-19 10:43:50,	,208073193570	,热水即刻有-【6L】,1801828025682	,大家电,热水器,厨宝,	,6923185611233	,6923185611233	,	,	,无售后或售后取消,,2025-11-18 23:33:44,	,,,,,,,否,否,	,否,	,,279.0	,0.0	,28.0	,25.1	,0.0	,0.0	,0.0	,0.0	,225.9	,251.0	,JDV024141744592,京东大件物流,四川省,成都市,成华区,,,否,否,	,	,	,否,	,	,	,	,	,	,	,	,	,	,	,	,否,否,	,否,否,,	,否,	,否,,,否
【冷热直饮套装】云米净水器家用厨下管线机套装一键即热制冷直饮,251118-229192527471804,已发货，待收货,1	,正常,2025-11-18 23:12:18,2025-11-19 23:12:19,,2025-11-19 10:43:50,	,480070620581	,【冷热净水直饮套装】新品净水器+冷热管线机,1620106386127	,厨房电器,净水器/净水设备及配件耗材,净水器,	,S2407170910001,	,	,	,无售后或售后取消,,2025-11-18 23:12:19,	,,,,,,,否,否,	,否,	,,1434.0	,0.0	,0.0	,100.0	,0.0	,0.0	,0.0	,0.0	,1334.0	,1434.0	,JDV024141985962,京东大件物流,广西壮族自治区,南宁市,青秀区,,,否,否,	,	,	,否,	,	,	,	,	,	,	,	,	,	,	,	,否,否,	,否,是,6	,商家,否,	,否,,信用卡分期,否
【冷热直饮套装】云米净水器家用厨下管线机套装一键即热制冷直饮,251118-536981040751804,未发货，退款成功,1	,正常,2025-11-18 23:04:58,2025-11-19 23:04:58,,	,	,480070620581	,【冷热净水直饮套装】新品净水器+冷热管线机,1620106386127	,厨房电器,净水器/净水设备及配件耗材,净水器,	,S2407170910001,	,聚水潭已取消发货 已退款 卫11.19,	,退款成功,,2025-11-18 23:04:58,	,,,,,,,否,否,	,否,	,,1434.0	,0.0	,0.0	,100.0	,0.0	,0.0	,0.0	,0.0	,1334.0	,1434.0	,	,	,广西壮族自治区,南宁市,江南区,,,否,否,	,	,	,否,	,	,	,	,	,	,	,	,	,	,	,	,否,否,	,否,是,6	,商家,否,	,否,,信用卡分期,否
【重磅新品】云米净水器600G小海豚升级版厨下式RO反渗透直饮家用,251118-084305538571605,已取消,1	,正常,	,	,,	,	,225501370546	,小海豚600G,1813468330532	,厨房电器,净水器/净水设备及配件耗材,净水器,	,6923185653684	,6923185616399	,	,	,无售后或售后取消,,	,	,,,,,,,否,否,	,否,	,,559.0	,0.0	,0.0	,0.0	,0.0	,0.0	,0.0	,0.0	,559.0	,559.0	,	,	,****,****,****,****,,否,否,	,	,	,否,	,	,	,	,	,	,	,	,	,	,	,	,否,否,	,否,	,,	,否,	,否,,,否
云米净水器滤芯家用小海豚小蓝调小白龙系列专用RO反渗透,251118-434708160033331,已发货，待收货,1	,正常,2025-11-18 22:51:42,2025-11-20 22:51:42,,2025-11-19 10:43:50,	,232467205433	,5in1 复合滤芯,1647394585330	,厨房电器,净水器/净水设备及配件耗材,净水器配件耗材,	,6923185627425	,	,	,	,无售后或售后取消,,2025-11-18 22:51:42,	,,,,,,,否,否,	,否,	,,149.0	,0.0	,0.0	,25.33	,0.0	,0.0	,0.0	,0.0	,123.67	,149.0	,JDV024141769657,京东大件物流,广东省,韶关市,武江区,,,否,否,	,	,	,否,	,	,	,	,	,	,	,	,	,	,	,	,否,否,	,否,否,,	,否,	,否,,,否
【6年套装】云米净水器600G小海豚升级版厨下式RO反渗透直饮家用,251118-111694385502644,已发货，待收货,1	,正常,2025-11-18 22:26:35,2025-11-19 22:26:35,2025-11-20 23:59:59,2025-11-19 10:43:50,	,852932116812	,小海豚600G+6年滤芯套装,1812983769340	,厨房电器,净水器/净水设备及配件耗材,净水器,	,S2508151538001,	,后返，送TDS笔,	,无售后或售后取消,,2025-11-18 22:26:35,	,,,,,,,否,否,	,否,	,,764.28	,0.0	,0.0	,0.0	,0.0	,0.0	,0.0	,0.0	,764.28	,764.28	,JDV024141994962,京东大件物流,福建省,泉州市,惠安县,,,否,否,	,	,	,否,	,	,	,	,	,	,	,	,	,	,	,	,否,是,	,否,否,,	,否,	,否,,,否
云米智能AI门锁3D指纹密码蓝牙可连大容量续航家用公寓自动安全,251118-506630039860128,未发货，退款成功,1	,正常,2025-11-18 22:25:08,2025-11-19 22:25:08,,	,	,743885774552	,"云米蓝调指纹密码锁LBT11C,黑色",1734954999916	,基础建材,智能门锁/电子锁,智能门锁/电子锁,	,6923185655381	,6923185655381	,晒单50 [viomi英英sk 11/18 22:27]  ZX2511190065249 拦截 11.19,	,退款成功,,2025-11-18 22:25:08,	,,,,,,,否,否,	,否,	,,661.0	,0.0	,76.0	,24.0	,0.2	,0.0	,0.0	,0.0	,561.0	,585.0	,	,	,浙江省,杭州市,上城区,,,否,否,	,	,	,否,	,	,	,	,	,	,	,	,	,	,	,	,否,是,	,否,否,,	,否,	,否,,,否
【重磅新品】云米净水器600G小海豚升级版厨下式RO反渗透直饮家用,251118-280169039452918,已发货，待收货,1	,正常,2025-11-18 22:23:31,2025-11-19 22:23:31,,2025-11-19 10:44:32,	,225501370546	,小海豚600G,1813468330532	,厨房电器,净水器/净水设备及配件耗材,净水器,	,6923185653684	,6923185616399	,	,	,无售后或售后取消,,2025-11-18 22:23:31,	,,,,,,,否,否,	,否,	,,559.0	,0.0	,0.0	,0.0	,0.0	,0.0	,0.0	,0.0	,559.0	,559.0	,JDV024139881187,京东大件物流,北京市,北京市,大兴区,,,否,否,	,	,	,否,	,	,	,	,	,	,	,	,	,	,	,	,否,否,	,否,否,,	,否,	,否,,,否
【6年套装】云米净水器600G小海豚升级版厨下式RO反渗透直饮家用,251118-569397789022644,已取消,1	,正常,	,	,,	,	,852932116812	,小海豚600G+6年滤芯套装,1812983769340	,厨房电器,净水器/净水设备及配件耗材,净水器,	,S2508151538001,	,	,	,无售后或售后取消,,	,	,,,,,,,否,否,	,否,	,,764.28	,0.0	,0.0	,0.0	,0.0	,0.0	,0.0	,0.0	,764.28	,764.28	,	,	,****,****,****,****,,否,否,	,	,	,否,	,	,	,	,	,	,	,	,	,	,	,	,否,否,	,否,	,,	,否,	,否,,,否
【重磅新品】云米净水器600G小海豚升级版厨下式RO反渗透直饮家用,251118-626597640540419,已取消,1	,正常,	,	,,	,	,225501370546	,小海豚600G,1813468330532	,厨房电器,净水器/净水设备及配件耗材,净水器,	,6923185653684	,6923185616399	,	,	,无售后或售后取消,,	,	,,,,,,,否,否,	,否,	,,559.0	,0.0	,0.0	,0.0	,0.0	,0.0	,0.0	,0.0	,559.0	,559.0	,	,	,****,****,****,****,,否,否,	,	,	,否,	,	,	,	,	,	,	,	,	,	,	,	,是,否,	,否,	,,	,否,	,否,,,否
云米AI燃气热水器智控恒温防冻节能安全水质净化精准控温13L强排,251118-524120256073546,已取消,1	,正常,	,	,,	,	,773161065181	,智控恒温燃气热水器,1755671371526	,大家电,热水器,燃气热水器,	,6923185655688	,6923185655688	,	,	,无售后或售后取消,,	,	,,,,,,,否,否,	,否,	,,588.0	,0.0	,0.0	,0.0	,0.0	,0.0	,0.0	,0.0	,588.0	,588.0	,	,	,****,****,****,****,,否,否,	,	,	,否,	,	,	,	,	,	,	,	,	,	,	,	,否,否,	,否,	,,	,否,	,否,,,否
云米AI燃气热水器智控恒温防冻节能安全水质净化精准控温13L强排,251118-516360773193546,已取消,1	,正常,	,	,,	,	,773161065181	,智控恒温燃气热水器,1755671371526	,大家电,热水器,燃气热水器,	,6923185655688	,6923185655688	,	,	,无售后或售后取消,,	,	,,,,,,,否,否,	,否,	,,588.0	,0.0	,0.0	,0.0	,0.0	,0.0	,0.0	,0.0	,588.0	,588.0	,	,	,****,****,****,****,,否,否,	,	,	,否,	,	,	,	,	,	,	,	,	,	,	,	,否,否,	,否,	,,	,否,	,否,,,否
【重磅新品】云米净水器600G小海豚升级版厨下式RO反渗透直饮家用,251118-075644290690104,已取消,1	,正常,	,	,,	,	,852161740747	,小海豚600G+6年滤芯套装,1812658223669	,厨房电器,净水器/净水设备及配件耗材,净水器,	,S2508151538001,	,	,	,无售后或售后取消,,	,	,,,,,,,否,否,	,否,	,,764.9	,0.0	,0.0	,72.0	,0.0	,0.0	,0.0	,0.0	,692.9	,764.9	,	,	,****,****,****,****,,否,否,	,	,	,否,	,	,	,	,	,	,	,	,	,	,	,	,否,否,	,否,	,,	,否,	,否,,,否
【重磅新品】云米净水器600G小海豚升级版厨下式RO反渗透直饮家用,251118-270700450142508,已发货，待收货,1	,正常,2025-11-18 21:29:24,2025-11-19 21:29:25,,2025-11-19 10:44:32,	,225501370546	,小海豚600G,1813468330532	,厨房电器,净水器/净水设备及配件耗材,净水器,	,6923185653684	,6923185616399	,	,	,无售后或售后取消,,2025-11-18 21:29:25,	,,,,,,,否,否,	,否,	,,559.0	,0.0	,0.0	,0.0	,0.0	,0.0	,0.0	,0.0	,559.0	,559.0	,JDV024141763151,京东大件物流,广东省,韶关市,浈江区,,,否,否,	,	,	,否,	,	,	,	,	,	,	,	,	,	,	,	,否,否,	,否,否,,	,否,	,否,,,否
云米净水器滤芯家用小海豚小蓝调小白龙系列专用RO反渗透,251118-294953992521928,已发货，待收货,1	,正常,2025-11-18 21:29:50,2025-11-20 21:29:50,,2025-11-19 10:43:50,	,232467205433	,5in1 复合滤芯,1647394585330	,厨房电器,净水器/净水设备及配件耗材,净水器配件耗材,	,6923185627425	,	,	,	,无售后或售后取消,,2025-11-18 21:29:50,	,,,,,,,否,否,	,否,	,,149.0	,0.0	,0.0	,9.0	,0.0	,0.0	,0.0	,0.0	,140.0	,149.0	,JDV024138881413,京东大件物流,山东省,临沂市,罗庄区,,,否,否,	,	,	,否,	,	,	,	,	,	,	,	,	,	,	,	,否,否,	,否,否,,	,否,	,否,,,否
【母婴直饮】云米净水器 SE 600G+ 新升级厨下式RO反渗透直饮家用,251118-266810181151216,已发货，待收货,1	,正常,2025-11-18 21:26:11,2025-11-19 21:26:11,2025-11-20 23:59:59,2025-11-19 10:43:50,	,819506595979	,【24年新品】600G升级版6年长效,1787046011387	,厨房电器,净水器/净水设备及配件耗材,净水器,	,6923185653684	,6923185616399	,	,	,无售后或售后取消,,2025-11-18 21:26:11,	,,,,,,,否,否,	,否,	,,748.0	,0.0	,134.64	,74.8	,0.0	,0.0	,0.0	,0.0	,538.56	,613.36	,JDV024141776973,京东大件物流,广东省,江门市,台山市,,,否,否,	,	,	,否,	,	,	,	,	,	,	,	,	,	,	,	,否,否,	,否,否,,	,否,	,否,,,否
【重磅新品】云米净水器600G小海豚升级版厨下式RO反渗透直饮家用,251118-350329249343873,已取消,1	,正常,	,	,,	,	,225501370546	,小海豚600G,1813468330532	,厨房电器,净水器/净水设备及配件耗材,净水器,	,6923185653684	,6923185616399	,	,	,无售后或售后取消,,	,	,,,,,,,否,否,	,否,	,,559.0	,0.0	,0.0	,0.0	,0.0	,0.0	,0.0	,0.0	,559.0	,559.0	,	,	,****,****,****,****,,否,否,	,	,	,否,	,	,	,	,	,	,	,	,	,	,	,	,否,否,	,否,	,,	,否,	,否,,,否
云米净水器滤芯家用小海豚小蓝调小白龙系列专用RO反渗透,251118-289553836361928,未发货，退款成功,1	,正常,2025-11-18 21:20:50,2025-11-20 21:20:50,,	,	,232467205433	,5in1 复合滤芯,1647394585330	,厨房电器,净水器/净水设备及配件耗材,净水器配件耗材,	,6923185627425	,	,聚水潭已取消发货 已退款 卫11.19,	,退款成功,,2025-11-18 21:20:50,	,,,,,,,否,否,	,否,	,,149.0	,0.0	,0.0	,0.0	,0.0	,0.0	,0.0	,0.0	,149.0	,149.0	,	,	,山东省,临沂市,罗庄区,,,否,否,	,	,	,否,	,	,	,	,	,	,	,	,	,	,	,	,否,否,	,否,否,,	,否,	,否,,,否
云米智能AI门锁3D指纹密码蓝牙可连大容量续航家用公寓自动安全,251118-018297721182147,已发货，待收货,1	,正常,2025-11-18 21:19:12,2025-11-19 21:19:12,,2025-11-19 10:43:51,	,743885774552	,"云米蓝调指纹密码锁LBT11C,黑色",1734954999916	,基础建材,智能门锁/电子锁,智能门锁/电子锁,	,6923185655381	,6923185655381	,拦截ZX2511190065338	 ,	,售后处理中,,2025-11-18 21:19:12,	,,,,,,,否,否,	,否,	,,661.0	,0.0	,76.0	,24.0	,0.0	,0.0	,0.0	,0.0	,561.0	,585.0	,JDV024138808738,京东大件物流,重庆市,重庆市,江北区,,,否,否,	,	,	,否,	,	,	,	,	,	,	,	,	,	,	,	,否,否,	,否,否,,	,否,	,否,,,否
VIOMI云米净水器大通量小海豚800G反渗透RO厨下式家用长效滤芯,251118-641539848493946,已发货，待收货,1	,正常,2025-11-18 21:13:31,2025-11-19 21:13:32,,2025-11-19 10:43:51,	,850333437206	,竹炭复合商品滤芯,1810726753549	,厨房电器,净水器/净水设备及配件耗材,净水器,	,6923185654193	,	,后返，到手价99,	,无售后或售后取消,,2025-11-18 21:13:32,	,,,,,,,否,否,	,否,	,,299.0	,0.0	,0.0	,0.0	,0.0	,0.0	,0.0	,0.0	,299.0	,299.0	,JDV024141769360,京东大件物流,上海市,上海市,普陀区,,,否,否,	,	,	,否,	,	,	,	,	,	,	,	,	,	,	,	,否,否,	,否,否,,	,否,	,否,,,否
【购买前须联系客服确认】补收差价专用商品,251118-562728834631279,已收货,30000	,正常,2025-11-18 20:55:39,2025-11-19 20:55:39,,2025-11-18 20:55:50,2025-11-18 20:55:50,322805615497	,	,1061861892357	,虚拟商品,个性定制/设计服务/DIY,个人定制原材料,	,	,	,	,	,无售后或售后取消,,2025-11-18 20:55:39,	,,,,,,,否,否,	,否,	,,300.0	,0.0	,0.0	,0.0	,0.0	,0.0	,0.0	,0.0	,300.0	,300.0	,	,	,	,	,	,,,否,否,	,	,	,否,	,	,	,	,	,	,	,	,	,	,	,	,否,是,	,否,否,,	,否,	,否,,,否
【母婴直饮】云米净水器 SE 600G+ 新升级厨下式RO反渗透直饮家用,251118-377676163462780,已发货，待收货,1	,正常,2025-11-18 20:50:00,2025-11-19 20:50:00,,2025-11-19 10:43:50,	,819506595979	,【24年新品】600G升级版6年长效,1787046011387	,厨房电器,净水器/净水设备及配件耗材,净水器,	,6923185653684	,6923185616399	,	,	,无售后或售后取消,,2025-11-18 20:50:00,	,,,,,,,否,否,	,否,	,,748.0	,0.0	,138.6	,55.0	,0.0	,0.0	,0.0	,0.0	,554.4	,609.4	,JDV024141801977,京东大件物流,广东省,佛山市,南海区,,,否,否,	,	,	,否,	,	,	,	,	,	,	,	,	,	,	,	,否,否,	,否,否,,	,否,	,否,,,否
【母婴直饮】云米净水器 SE 600G+ 新升级厨下式RO反渗透直饮家用,251118-158649629022711,已发货，待收货,1	,正常,2025-11-18 20:47:30,2025-11-19 20:47:30,,2025-11-19 10:43:50,	,819506595979	,【24年新品】600G升级版6年长效,1787046011387	,厨房电器,净水器/净水设备及配件耗材,净水器,	,6923185653684	,6923185616399	,	,	,无售后或售后取消,,2025-11-18 20:47:30,	,,,,,,,否,否,	,否,	,,748.0	,0.0	,129.6	,100.0	,0.0	,0.0	,0.0	,0.0	,518.4	,618.4	,JDV024141762476,京东大件物流,广东省,东莞市,茶山镇,,,否,否,	,	,	,否,	,	,	,	,	,	,	,	,	,	,	,	,否,是,	,否,否,,	,否,	,否,,,否
【重磅新品】云米净水器600G小海豚升级版厨下式RO反渗透直饮家用,251118-350014697102853,已取消,1	,正常,	,	,,	,	,225501370546	,小海豚600G,1813468330532	,厨房电器,净水器/净水设备及配件耗材,净水器,	,6923185653684	,6923185616399	,	,	,无售后或售后取消,,	,	,,,,,,,否,否,	,否,	,,559.0	,0.0	,0.0	,0.0	,0.0	,0.0	,0.0	,0.0	,559.0	,559.0	,	,	,****,****,****,****,,否,否,	,	,	,否,	,	,	,	,	,	,	,	,	,	,	,	,否,否,	,否,	,,	,否,	,否,,,否
云米净水器滤芯小蓝调小海豚600G+专用复合滤芯RO反渗透滤芯过滤,251118-623200202373480,已发货，待收货,2	,正常,2025-11-18 20:30:18,2025-11-19 20:30:18,,2025-11-19 09:17:54,	,296967601341	,5in1复合滤芯 2年长效,1600193054565	,厨房电器,净水器/净水设备及配件耗材,净水器配件耗材,	,6923185627425	,	,后返，到手价99/根,	,无售后或售后取消,,2025-11-18 20:30:18,	,,,,,,,否,否,	,否,	,,598.0	,0.0	,5.98	,0.0	,0.0	,0.0	,0.0	,0.0	,592.02	,592.02	,JDV024142102794,京东大件物流,江西省,南昌市,新建区,,,否,否,	,	,	,否,	,	,	,	,	,	,	,	,	,	,	,	,否,否,	,否,否,,	,否,	,否,,,否
【母婴直饮】云米净水器 SE 600G+ 新升级厨下式RO反渗透直饮家用,251118-305911621941677,已发货，待收货,1	,正常,2025-11-18 20:19:48,2025-11-19 20:19:48,,2025-11-19 10:43:51,	,819506595979	,【24年新品】600G升级版6年长效,1787046011387	,厨房电器,净水器/净水设备及配件耗材,净水器,	,6923185653684	,6923185616399	,	,	,无售后或售后取消,,2025-11-18 20:19:48,	,,,,,,,否,否,	,否,	,,748.0	,0.0	,134.64	,74.8	,0.0	,0.0	,0.0	,0.0	,538.56	,613.36	,JDV024139344626,京东大件物流,山东省,济宁市,任城区,,,否,否,	,	,	,否,	,	,	,	,	,	,	,	,	,	,	,	,否,否,	,否,否,,	,否,	,否,,,否
【重磅新品】云米净水器600G小海豚升级版厨下式RO反渗透直饮家用,251118-397011883653480,已发货，待收货,1	,正常,2025-11-18 20:18:49,2025-11-19 20:18:50,,2025-11-19 10:44:32,	,225501370546	,小海豚600G,1813468330532	,厨房电器,净水器/净水设备及配件耗材,净水器,	,6923185653684	,6923185616399	,	,	,无售后或售后取消,,2025-11-18 20:18:50,	,,,,,,,否,否,	,否,	,,559.0	,0.0	,0.0	,3.0	,0.0	,0.0	,0.0	,0.0	,556.0	,559.0	,JDV024141762836,京东大件物流,江西省,南昌市,新建区,,,否,否,	,	,	,否,	,	,	,	,	,	,	,	,	,	,	,	,否,否,	,否,否,,	,否,	,否,,,否
【6年套装】云米净水器600G小海豚升级版厨下式RO反渗透直饮家用,251118-393803241042484,已取消,1	,正常,	,	,,	,	,852932116812	,小海豚600G+6年滤芯套装,1812983769340	,厨房电器,净水器/净水设备及配件耗材,净水器,	,S2508151538001,	,	,	,无售后或售后取消,,	,	,,,,,,,否,否,	,否,	,,764.28	,0.0	,0.0	,0.0	,0.0	,0.0	,0.0	,0.0	,764.28	,764.28	,	,	,****,****,****,****,,否,否,	,	,	,否,	,	,	,	,	,	,	,	,	,	,	,	,否,否,	,否,	,,	,否,	,否,,,否
【母婴直饮】云米净水器 SE 600G+ 新升级厨下式RO反渗透直饮家用,251118-007235182173472,已发货，待收货,1	,正常,2025-11-18 20:35:35,2025-11-19 20:35:35,,2025-11-19 10:43:51,	,819506595979	,【24年新品】600G升级版6年长效,1787046011387	,厨房电器,净水器/净水设备及配件耗材,净水器,	,6923185653684	,6923185616399	,	,	,无售后或售后取消,,2025-11-18 20:35:35,	,,,,,,,否,否,	,否,	,,748.0	,0.0	,129.6	,100.0	,0.0	,0.0	,0.0	,0.0	,518.4	,618.4	,JDV024141801932,京东大件物流,湖北省,武汉市,江岸区,,,否,否,	,	,	,否,	,	,	,	,	,	,	,	,	,	,	,	,否,否,	,否,否,,	,否,	,否,,,否
【6年套装】云米净水器600G小海豚升级版厨下式RO反渗透直饮家用,251118-224783255194011,已发货，待收货,1	,正常,2025-11-18 20:02:11,2025-11-19 20:02:12,,2025-11-19 10:43:51,	,852932116812	,小海豚600G+6年滤芯套装,1812983769340	,厨房电器,净水器/净水设备及配件耗材,净水器,	,S2508151538001,	,	,	,无售后或售后取消,,2025-11-18 20:02:12,	,,,,,,,否,否,	,否,	,,764.28	,0.0	,0.0	,0.0	,0.0	,0.0	,0.0	,0.0	,764.28	,764.28	,JDV024137890899,京东大件物流,河南省,南阳市,宛城区,,,否,否,	,	,	,否,	,	,	,	,	,	,	,	,	,	,	,	,否,否,	,否,否,,	,否,	,否,,,否
云米即热净水器厨房家用直饮RO反渗透加热净饮一体机1000G,251118-523470190911318,已发货，待收货,1	,正常,2025-11-18 19:46:47,2025-11-19 19:46:48,,2025-11-19 10:43:51,	,846360072018	,即热直饮 1000G大通量,1807240839093	,厨房电器,净水器/净水设备及配件耗材,净水器,	,6923185651116	,6923185651116	,	,	,无售后或售后取消,,2025-11-18 19:46:48,	,,,,,,,否,否,	,否,	,,1498.0	,0.0	,0.0	,100.0	,0.0	,0.0	,0.0	,0.0	,1398.0	,1498.0	,JDV024141746402,京东大件物流,重庆市,重庆市,渝北区,,,否,否,	,	,	,否,	,	,	,	,	,	,	,	,	,	,	,	,否,否,	,否,否,,	,否,	,否,,,否
【母婴直饮】云米净水器 SE 600G+ 新升级厨下式RO反渗透直饮家用,251118-070852288063133,未发货，退款成功,1	,正常,2025-11-18 19:34:24,2025-11-19 19:34:25,,	,	,819506595979	,【24年新品】600G升级版6年长效,1787046011387	,厨房电器,净水器/净水设备及配件耗材,净水器,	,6923185653684	,6923185616399	,已建单拦截：ZX2511190065227，卫11.19  已挂起锁定 无需发货  操作退款 11.19,	,退款成功,,2025-11-18 19:34:25,	,,,,,,,否,否,	,否,	,,748.0	,0.0	,145.2	,22.0	,0.0	,0.0	,0.0	,0.0	,580.8	,602.8	,	,	,江苏省,南京市,溧水区,,,否,否,	,	,	,否,	,	,	,	,	,	,	,	,	,	,	,	,否,否,	,否,否,,	,否,	,否,,,否
【重磅新品】云米净水器600G小海豚升级版厨下式RO反渗透直饮家用,251118-149065592403270,已取消,1	,正常,	,	,,	,	,225501370546	,小海豚600G,1813468330532	,厨房电器,净水器/净水设备及配件耗材,净水器,	,6923185653684	,6923185616399	,	,	,无售后或售后取消,,	,	,,,,,,,否,否,	,否,	,,559.0	,0.0	,0.0	,0.0	,0.0	,0.0	,0.0	,0.0	,559.0	,559.0	,	,	,****,****,****,****,,否,否,	,	,	,否,	,	,	,	,	,	,	,	,	,	,	,	,否,否,	,否,	,,	,否,	,否,,,否
【重磅新品】云米净水器600G小海豚升级版厨下式RO反渗透直饮家用,251118-224227561890281,已取消,1	,正常,	,	,,	,	,225501370546	,小海豚600G,1813468330532	,厨房电器,净水器/净水设备及配件耗材,净水器,	,6923185653684	,6923185616399	,	,	,无售后或售后取消,,	,	,,,,,,,否,否,	,否,	,,559.0	,0.0	,0.0	,0.0	,0.0	,0.0	,0.0	,0.0	,559.0	,559.0	,	,	,****,****,****,****,,否,否,	,	,	,否,	,	,	,	,	,	,	,	,	,	,	,	,否,否,	,否,	,,	,否,	,否,,,否
云米5.0KW智能燃气灶大火力爆炒灶具一级节能家用厨房双灶头台嵌,251118-293968309881003,已发货，待收货,1	,正常,2025-11-18 19:13:10,2025-11-19 19:13:10,,2025-11-19 10:43:51,	,623266189560	,5.0KW精焰猛火灶（天然气）,1690346386816	,大家电,厨房大电,燃气灶,	,6923185649656	,	,	,	,无售后或售后取消,,2025-11-18 19:13:10,	,,,,,,,否,否,	,否,	,,444.0	,0.0	,0.0	,0.0	,0.0	,0.0	,0.0	,0.0	,444.0	,444.0	,JDV024141768568,京东大件物流,河南省,郑州市,巩义市,,,否,否,	,	,	,否,	,	,	,	,	,	,	,	,	,	,	,	,否,否,	,否,否,,	,否,	,否,,,否
VIOMI云米净水器1000G厨下直饮小体积净水机RO机智显龙头3秒满杯,251118-411471715920378,已发货，待收货,2	,正常,2025-11-18 19:10:44,2025-11-19 19:10:45,,2025-11-19 10:43:51,	,309517106373	,复合滤芯,1803020722098	,厨房电器,净水器/净水设备及配件耗材,净水器,	,6923185653998	,	,后返到手价198,	,无售后或售后取消,,2025-11-18 19:10:45,	,,,,,,,否,否,	,否,	,,598.0	,0.0	,59.8	,29.0	,0.0	,0.0	,0.0	,0.0	,509.2	,538.2	,JDV024142009670,京东大件物流,陕西省,西安市,未央区,,,否,否,	,	,	,否,	,	,	,	,	,	,	,	,	,	,	,	,否,否,	,否,否,,	,否,	,否,,,否
VIOMI云米净水器1000G厨下直饮小体积净水机RO机智显龙头3秒满杯,251118-393299893840378,已取消,1	,正常,	,	,,	,	,842195971715	,1000G大通量RO净水器,1803617356458	,厨房电器,净水器/净水设备及配件耗材,净水器,	,6923185654247	,	,	,	,无售后或售后取消,,	,	,,,,,,,否,否,	,否,	,,823.0	,0.0	,0.0	,0.0	,0.0	,0.0	,0.0	,0.0	,823.0	,823.0	,	,	,****,****,****,****,,否,否,	,	,	,否,	,	,	,	,	,	,	,	,	,	,	,	,否,否,	,否,	,,	,否,	,否,,,否
VIOMI云米净水器1000G厨下直饮小体积净水机RO机智显龙头3秒满杯,251118-135769648720378,已发货，待收货,1	,正常,2025-11-18 19:05:53,2025-11-19 19:05:54,,2025-11-19 10:44:33,	,842195971715	,1000G大通量RO净水器,1803617356458	,厨房电器,净水器/净水设备及配件耗材,净水器,	,6923185654247	,	,	,	,无售后或售后取消,,2025-11-18 19:05:54,	,,,,,,,否,否,	,否,	,,823.0	,0.0	,24.0	,0.0	,0.0	,0.0	,0.0	,0.0	,799.0	,799.0	,JDV024141746392,京东大件物流,陕西省,西安市,莲湖区,,,否,否,	,	,	,否,	,	,	,	,	,	,	,	,	,	,	,	,否,否,	,否,否,,	,否,	,否,,,否
云米23立方油烟机燃气灶套装家用厨房顶侧大吸力油烟机5.0KW灶具,251118-068922950070240,未发货，退款成功,1	,正常,2025-11-18 18:55:25,2026-02-12 18:55:25,,	,	,209837375742	,"【烟灶联动】瞬吸烟机+5.0KW灶,天然气",1792607150009	,大家电,厨房大电,烟灶消套装,	,S2409261034001,	,晒单赠清洁剂；直播间中奖10元红包==拦截ZX2511190065494,	,退款成功,,2025-11-18 18:55:25,	,,,,,,,否,否,	,否,	,,1286.0	,0.0	,80.0	,40.0	,0.0	,0.0	,0.0	,0.0	,1166.0	,1206.0	,	,	,江西省,景德镇市,珠山区,,,否,否,	,	,	,否,	,	,	,	,	,	,	,	,	,	,	,	,是,是,	,否,否,,	,否,	,否,,,否
云米净水器滤芯家用小海豚小蓝调小白龙系列专用RO反渗透,251118-084724969101679,已发货，待收货,1	,正常,2025-11-18 18:47:47,2025-11-20 18:47:48,2025-11-20 23:59:59,2025-11-19 09:17:54,	,232467205433	,5in1 复合滤芯,1647394585330	,厨房电器,净水器/净水设备及配件耗材,净水器配件耗材,	,6923185627425	,	,	,	,无售后或售后取消,,2025-11-18 18:47:48,	,,,,,,,否,否,	,否,	,,149.0	,0.0	,0.0	,0.0	,0.0	,0.0	,0.0	,0.0	,149.0	,149.0	,JDV024142145346,京东大件物流,江苏省,淮安市,盱眙县,,,否,否,	,	,	,否,	,	,	,	,	,	,	,	,	,	,	,	,否,否,	,否,否,,	,否,	,否,,,否
云米23立方油烟机燃气灶套装家用厨房顶侧大吸力油烟机5.0KW灶具,251118-424652388790240,未发货，退款成功,2	,正常,2025-11-18 18:47:39,2025-11-19 18:47:40,,	,	,209837375742	,"【烟灶联动】瞬吸烟机+5.0KW灶,天然气",1792607150009	,大家电,厨房大电,烟灶消套装,	,S2409261034001,	,聚水潭已取消发货，仅退款  诚11.18,	,退款成功,,2025-11-18 18:47:40,	,,,,,,,否,否,	,否,	,,2572.0	,0.0	,248.6	,80.0	,0.0	,0.0	,0.0	,0.0	,2243.4	,2323.4	,	,	,江西省,景德镇市,珠山区,,,否,否,	,	,	,否,	,	,	,	,	,	,	,	,	,	,	,	,是,是,	,否,否,,	,否,	,否,,,否
VIOMI云米净水器1000G厨下直饮小体积净水机RO机智显龙头3秒满杯,251118-016211023492396,已取消,1	,正常,	,	,,	,	,842195971715	,1000G大通量RO净水器,1803617356458	,厨房电器,净水器/净水设备及配件耗材,净水器,	,6923185654247	,	,	,	,无售后或售后取消,,	,	,,,,,,,否,否,	,否,	,,823.0	,0.0	,24.0	,0.0	,0.0	,0.0	,0.0	,0.0	,799.0	,799.0	,	,	,****,****,****,****,,否,否,	,	,	,否,	,	,	,	,	,	,	,	,	,	,	,	,否,否,	,否,	,,	,否,	,否,,,否
【母婴直饮】云米净水器 SE 600G+ 新升级厨下式RO反渗透直饮家用,251118-042886807994080,已发货，待收货,1	,正常,2025-11-18 18:44:49,2025-11-19 18:44:50,,2025-11-19 10:43:51,	,819506595979	,【24年新品】600G升级版6年长效,1787046011387	,厨房电器,净水器/净水设备及配件耗材,净水器,	,6923185653684	,6923185616399	,	,	,无售后或售后取消,,2025-11-18 18:44:50,	,,,,,,,否,否,	,否,	,,748.0	,0.0	,129.6	,100.0	,0.0	,0.0	,0.0	,0.0	,518.4	,618.4	,JDV024138358307,京东大件物流,河南省,郑州市,管城回族区,,,否,否,	,	,	,否,	,	,	,	,	,	,	,	,	,	,	,	,否,否,	,否,否,,	,否,	,否,,,否
云米净水器滤芯小蓝调小海豚600G+专用复合滤芯RO反渗透滤芯过滤,251118-363153375601605,已发货，待收货,1	,正常,2025-11-18 18:37:46,2025-11-19 18:37:47,,2025-11-19 09:17:55,	,296967601341	,5in1复合滤芯 2年长效,1600193054565	,厨房电器,净水器/净水设备及配件耗材,净水器配件耗材,	,6923185627425	,	,后返到手价99,	,无售后或售后取消,,2025-11-18 18:37:47,	,,,,,,,否,否,	,否,	,,299.0	,0.0	,0.0	,0.0	,0.0	,0.0	,0.0	,0.0	,299.0	,299.0	,JDV024141760981,京东大件物流,广东省,广州市,南沙区,,,否,否,	,	,	,否,	,	,	,	,	,	,	,	,	,	,	,	,否,否,	,否,否,,	,否,	,否,,,否
云米净水器滤芯小蓝调小海豚600G+专用复合滤芯RO反渗透滤芯过滤,251118-379595025923094,已发货，待收货,1	,正常,2025-11-18 18:26:47,2025-11-19 18:26:47,,2025-11-19 10:43:51,	,296967601341	,5in1复合滤芯 2年长效,1600193054565	,厨房电器,净水器/净水设备及配件耗材,净水器配件耗材,	,6923185627425	,	,后返，到手价99,	,无售后或售后取消,,2025-11-18 18:26:47,	,,,,,,,否,否,	,否,	,,299.0	,0.0	,0.0	,0.0	,0.0	,0.0	,0.0	,0.0	,299.0	,299.0	,JDV024136591419,京东大件物流,山东省,烟台市,开发区,,,否,否,	,	,	,否,	,	,	,	,	,	,	,	,	,	,	,	,否,是,	,否,否,,	,否,	,否,,,否
【母婴直饮】云米净水器 SE 600G+ 新升级厨下式RO反渗透直饮家用,251118-580229568132654,未发货，退款成功,1	,正常,2025-11-18 18:16:29,2025-11-19 18:16:29,,	,	,819506595979	,【24年新品】600G升级版6年长效,1787046011387	,厨房电器,净水器/净水设备及配件耗材,净水器,	,6923185653684	,6923185616399	,聚水潭已取消发货，仅退款  诚11.18,	,退款成功,,2025-11-18 18:16:29,	,,,,,,,否,否,	,否,	,,748.0	,0.0	,134.64	,74.8	,0.0	,0.0	,0.0	,0.0	,538.56	,613.36	,	,	,河南省,郑州市,巩义市,,,否,否,	,	,	,否,	,	,	,	,	,	,	,	,	,	,	,	,否,否,	,否,否,,	,否,	,否,,,否
VIOMI云米净水器大通量小海豚800G反渗透RO厨下式家用长效滤芯,251118-477206987051426,已发货，待收货,1	,正常,2025-11-18 18:13:19,2025-11-19 18:13:19,,2025-11-19 10:43:51,	,837957770723	,800G大通量纯水机,1809123722986	,厨房电器,净水器/净水设备及配件耗材,净水器,	,6923185653974	,	,	,	,无售后或售后取消,,2025-11-18 18:13:19,	,,,,,,,否,否,	,否,	,,759.0	,0.0	,0.0	,75.9	,0.0	,0.0	,0.0	,0.0	,683.1	,759.0	,JDV024141744071,京东大件物流,安徽省,合肥市,蜀山区,,,否,否,	,	,	,否,	,	,	,	,	,	,	,	,	,	,	,	,否,否,	,否,否,,	,否,	,否,,,否
【重磅新品】云米净水器600G小海豚升级版厨下式RO反渗透直饮家用,251118-038346442372654,已取消,1	,正常,	,	,,	,	,225501370546	,小海豚600G,1813468330532	,厨房电器,净水器/净水设备及配件耗材,净水器,	,6923185653684	,6923185616399	,	,	,无售后或售后取消,,	,	,,,,,,,否,否,	,否,	,,559.0	,0.0	,0.0	,3.0	,0.0	,0.0	,0.0	,0.0	,556.0	,559.0	,	,	,****,****,****,****,,否,否,	,	,	,否,	,	,	,	,	,	,	,	,	,	,	,	,否,否,	,否,	,,	,否,	,否,,,否
【重磅新品】云米净水器600G小海豚升级版厨下式RO反渗透直饮家用,251118-672357497172830,已发货，待收货,1	,正常,2025-11-18 18:08:44,2025-11-19 18:08:44,,2025-11-19 10:44:33,	,225501370546	,小海豚600G,1813468330532	,厨房电器,净水器/净水设备及配件耗材,净水器,	,6923185653684	,6923185616399	,	,	,无售后或售后取消,,2025-11-18 18:08:44,	,,,,,,,否,否,	,否,	,,559.0	,0.0	,0.0	,33.54	,0.2	,0.0	,0.0	,0.0	,525.46	,559.0	,JDV024136985364,京东大件物流,山东省,淄博市,临淄区,,,否,否,	,	,	,否,	,	,	,	,	,	,	,	,	,	,	,	,否,否,	,否,否,,	,否,	,否,,,否
云米小厨宝6L电热水器厨房卫生间出水恒温储水式小型速热神器加热,251118-403020265882867,已发货，待收货,1	,正常,2025-11-18 18:07:14,2025-11-19 18:07:14,,2025-11-19 09:17:54,	,208073193570	,热水即刻有-【6L】,1801828025682	,大家电,热水器,厨宝,	,6923185611233	,6923185611233	,	,	,无售后或售后取消,,2025-11-18 18:07:14,	,,,,,,,否,否,	,否,	,,279.0	,0.0	,28.0	,12.0	,0.2	,0.0	,0.0	,0.0	,239.0	,251.0	,JDV024142089140,京东大件物流,江苏省,南京市,江宁区,,,否,否,	,	,	,否,	,	,	,	,	,	,	,	,	,	,	,	,否,否,	,否,否,,	,否,	,否,,,否
【重磅新品】云米净水器600G小海豚升级版厨下式RO反渗透直饮家用,251118-396110139732830,已取消,1	,正常,	,	,,	,	,225501370546	,小海豚600G,1813468330532	,厨房电器,净水器/净水设备及配件耗材,净水器,	,6923185653684	,6923185616399	,	,	,无售后或售后取消,,	,	,,,,,,,否,否,	,否,	,,559.0	,0.0	,0.0	,0.0	,0.0	,0.0	,0.0	,0.0	,559.0	,559.0	,	,	,****,****,****,****,,否,否,	,	,	,否,	,	,	,	,	,	,	,	,	,	,	,	,否,否,	,否,	,,	,否,	,否,,,否
【重磅新品】云米净水器600G小海豚升级版厨下式RO反渗透直饮家用,251118-317120889172830,已取消,1	,正常,	,	,,	,	,225501370546	,小海豚600G,1813468330532	,厨房电器,净水器/净水设备及配件耗材,净水器,	,6923185653684	,6923185616399	,	,	,无售后或售后取消,,	,	,,,,,,,否,否,	,否,	,,559.0	,0.0	,0.0	,0.0	,0.0	,0.0	,0.0	,0.0	,559.0	,559.0	,	,	,****,****,****,****,,否,否,	,	,	,否,	,	,	,	,	,	,	,	,	,	,	,	,否,否,	,否,	,,	,否,	,否,,,否
云米120°超广角猫眼全自动智能门锁电池家用客厅安全室内高清大屏,251118-201620253110240,已发货，退款成功,1	,正常,2025-11-18 18:00:50,2025-11-19 18:00:50,,2025-11-19 09:17:55,	,209406625494	,【双电池套装】猫眼门锁,1782320026204	,基础建材,智能门锁/电子锁,智能门锁/电子锁,	,6923185654667	,6923185654667	,到手价679+晒单返50=ZX2511190065374拦截 [viomi慧慧sk 11/19 15:17],	,退款成功,,2025-11-18 18:00:50,	,,,,,,,否,否,	,否,	,,999.0	,0.0	,0.0	,0.0	,0.0	,0.0	,0.0	,0.0	,999.0	,999.0	,JDV024141742946,京东大件物流,江西省,景德镇市,珠山区,,,否,否,	,	,	,否,	,	,	,	,	,	,	,	,	,	,	,	,是,是,	,否,否,,	,否,	,否,,,否
【重磅新品】云米净水器600G小海豚升级版厨下式RO反渗透直饮家用,251118-208236746282747,已取消,1	,正常,	,	,,	,	,225501370546	,小海豚600G,1813468330532	,厨房电器,净水器/净水设备及配件耗材,净水器,	,6923185653684	,6923185616399	,	,	,无售后或售后取消,,	,	,,,,,,,否,否,	,否,	,,559.0	,0.0	,0.0	,0.0	,0.0	,0.0	,0.0	,0.0	,559.0	,559.0	,	,	,****,****,****,****,,否,否,	,	,	,否,	,	,	,	,	,	,	,	,	,	,	,	,否,否,	,否,	,,	,否,	,否,,,否
云米小厨宝6L电热水器厨房卫生间出水恒温储水式小型速热神器加热,251118-671455691143358,已发货，待收货,1	,正常,2025-11-18 17:44:06,2025-11-19 17:44:06,,2025-11-19 10:43:52,	,208073193570	,热水即刻有-【6L】,1801828025682	,大家电,热水器,厨宝,	,6923185611233	,6923185611233	,	,	,无售后或售后取消,,2025-11-18 17:44:06,	,,,,,,,否,否,	,否,	,,279.0	,0.0	,28.0	,0.0	,1.25	,0.0	,0.0	,0.0	,251.0	,251.0	,JDV024141767812,京东大件物流,天津市,天津市,蓟州区,,,否,否,	,	,	,否,	,	,	,	,	,	,	,	,	,	,	,	,否,否,	,否,否,,	,否,	,否,,,否
【6年套装】云米净水器600G小海豚升级版厨下式RO反渗透直饮家用,251118-375914514073871,已发货，待收货,1	,正常,2025-11-18 17:35:05,2025-11-19 17:35:05,,2025-11-19 10:43:51,	,852932116812	,小海豚600G+6年滤芯套装,1812983769340	,厨房电器,净水器/净水设备及配件耗材,净水器,	,S2508151538001,	,	,	,无售后或售后取消,,2025-11-18 17:35:05,	,,,,,,,否,否,	,否,	,,764.28	,0.0	,0.0	,50.0	,0.2	,0.0	,0.0	,0.0	,714.28	,764.28	,JDV024136981180,京东大件物流,北京市,北京市,海淀区,,,否,否,	,	,	,否,	,	,	,	,	,	,	,	,	,	,	,	,否,是,	,否,否,,	,否,	,否,,,否
云米智能AI门锁3D指纹密码蓝牙可连大容量续航家用公寓自动安全,251118-448486469173303,已发货，待收货,1	,正常,2025-11-18 17:33:46,2025-11-19 17:33:46,,2025-11-18 21:32:58,	,743885774552	,"云米蓝调指纹密码锁LBT11C,黑色",1734954999916	,基础建材,智能门锁/电子锁,智能门锁/电子锁,	,6923185655381	,6923185655381	,导向片388*40mm==13489898709安装 [viomi莉莉sk 11/19 19:12],	,无售后或售后取消,,2025-11-18 17:33:46,	,,,,,,,否,否,	,否,	,,662.0	,0.0	,70.0	,24.0	,2.84	,0.0	,0.0	,0.0	,568.0	,592.0	,JDV024135331850,京东大件物流,福建省,泉州市,惠安县,,,否,否,	,	,	,否,	,	,	,	,	,	,	,	,	,	,	,	,否,否,	,否,否,,	,否,	,否,,,否
云米双腔大吸力手势控制智清洁油烟机聚能猛火灶安全烟灶联动套装,251118-290843595051768,已发货，待收货,1	,正常,2025-11-18 17:25:00,2025-11-19 17:25:00,,2025-11-18 21:32:40,	,848589244342	,"【烟灶套装】双腔劲吸烟机+5.0KW灶,天然气灶",1809146217030	,大家电,厨房大电,烟灶消套装,	,S2209231819001,	,后返到手价1099元,	,无售后或售后取消,,2025-11-18 17:25:00,	,,,,,,,否,否,	,否,	,,1299.0	,0.0	,0.0	,0.0	,0.2	,0.0	,0.0	,0.0	,1299.0	,1299.0	,JDV024135302331,京东大件物流,陕西省,西安市,雁塔区,,,否,否,	,	,	,否,	,	,	,	,	,	,	,	,	,	,	,	,否,否,	,否,否,,	,否,	,否,,,否
云米60升AI速热高温抑菌电热水器3000W一级节能变频增容家用租房,251118-168841757090185,已发货，待收货,1	,正常,2025-11-18 17:17:44,2025-11-19 17:17:44,,2025-11-19 10:43:51,	,226368376224	,3000W速热安全60L热水器,1737176648260	,大家电,热水器,电热水器,	,6923185602224	,6923185602224	,	,	,无售后或售后取消,,2025-11-18 17:17:44,	,,,,,,,否,否,	,否,	,,654.0	,0.0	,36.0	,24.0	,1.18	,0.0	,0.0	,0.0	,594.0	,618.0	,JDV024141756320,京东大件物流,福建省,福州市,鼓楼区,,,否,否,	,	,	,否,	,	,	,	,	,	,	,	,	,	,	,	,否,否,	,否,否,,	,否,	,否,,,否
云米小厨宝6L电热水器厨房卫生间出水恒温储水式小型速热神器加热,251118-611078653510886,已发货，待收货,1	,正常,2025-11-18 17:16:54,2025-11-19 17:16:54,2025-11-20 23:59:59,2025-11-19 09:17:55,	,208073193570	,热水即刻有-【6L】,1801828025682	,大家电,热水器,厨宝,	,6923185611233	,6923185611233	,	,	,无售后或售后取消,,2025-11-18 17:16:54,	,,,,,,,否,否,	,否,	,,279.0	,0.0	,28.0	,0.0	,0.0	,0.0	,0.0	,0.0	,251.0	,251.0	,JDV024142112938,京东大件物流,安徽省,芜湖市,鸠江区,,,否,否,	,	,	,否,	,	,	,	,	,	,	,	,	,	,	,	,否,否,	,否,否,,	,否,	,否,,,否
【重磅新品】云米净水器600G小海豚升级版厨下式RO反渗透直饮家用,251118-233748611481035,已取消,1	,正常,	,	,,	,	,225501370546	,小海豚600G,1813468330532	,厨房电器,净水器/净水设备及配件耗材,净水器,	,6923185653684	,6923185616399	,	,	,无售后或售后取消,,	,	,,,,,,,否,否,	,否,	,,559.0	,0.0	,0.0	,0.0	,0.0	,0.0	,0.0	,0.0	,559.0	,559.0	,	,	,****,****,****,****,,否,否,	,	,	,否,	,	,	,	,	,	,	,	,	,	,	,	,否,否,	,否,	,,	,否,	,否,,,否
云米双腔大吸力手势控制智清洁油烟机聚能猛火灶安全烟灶联动套装,251118-533746235691768,未发货，退款成功,1	,正常,2025-11-18 17:09:23,2025-11-19 17:09:23,,	,	,818698470695	,"【烟灶套装】双腔劲吸烟机+5.0KW灶,液化气灶",1786567894378	,大家电,厨房大电,烟灶消套装,	,S2509151408001,	,聚水潭已取消发货，仅退款  诚11.18,	,退款成功,,2025-11-18 17:09:23,	,,,,,,,否,否,	,否,	,,1199.0	,0.0	,0.0	,59.95	,0.2	,0.0	,0.0	,0.0	,1139.05	,1199.0	,	,	,陕西省,西安市,雁塔区,,,否,否,	,	,	,否,	,	,	,	,	,	,	,	,	,	,	,	,否,否,	,否,否,,	,否,	,否,,,否
【母婴直饮】云米净水器 SE 600G+ 新升级厨下式RO反渗透直饮家用,251118-124958830102469,已取消,1	,正常,	,	,,	,	,819506595979	,【24年新品】600G升级版6年长效,1787046011387	,厨房电器,净水器/净水设备及配件耗材,净水器,	,6923185653684	,6923185616399	,	,	,无售后或售后取消,,	,	,,,,,,,否,否,	,否,	,,748.0	,0.0	,149.6	,0.0	,0.0	,0.0	,0.0	,0.0	,598.4	,598.4	,	,	,****,****,****,****,,否,否,	,	,	,否,	,	,	,	,	,	,	,	,	,	,	,	,否,否,	,否,	,,	,否,	,否,,,否
VIOMI云米净水器大通量小海豚800G反渗透RO厨下式家用长效滤芯,251118-642378678590591,已发货，待收货,1	,正常,2025-11-18 17:04:39,2025-11-19 17:04:39,,2025-11-18 21:32:40,	,837957770723	,800G大通量纯水机,1809123722986	,厨房电器,净水器/净水设备及配件耗材,净水器,	,6923185653974	,	,13763300500安装 [viomi慧慧sk 11/19 14:40],	,无售后或售后取消,,2025-11-18 17:04:39,	,,,,,,,否,否,	,否,	,,759.0	,0.0	,0.0	,0.0	,0.0	,0.0	,0.0	,0.0	,759.0	,759.0	,JDV024135160284,京东大件物流,广东省,广州市,番禺区,,,否,否,	,	,	,否,	,	,	,	,	,	,	,	,	,	,	,	,否,否,	,否,否,,	,否,	,否,,,否
云米双腔大吸力手势控制智清洁油烟机聚能猛火灶安全烟灶联动套装,251118-301748775302361,已发货，待收货,1	,正常,2025-11-18 16:51:01,2025-11-19 16:51:02,,2025-11-19 09:17:55,	,848589244342	,"【烟灶套装】双腔劲吸烟机+5.0KW灶,天然气灶",1809146217030	,大家电,厨房大电,烟灶消套装,	,S2209231819001,	,后返到手价1099元,	,无售后或售后取消,,2025-11-18 16:51:02,	,,,,,,,否,否,	,否,	,,1299.0	,0.0	,0.0	,100.0	,0.2	,0.0	,0.0	,0.0	,1199.0	,1299.0	,JDV024141767990,京东大件物流,安徽省,亳州市,涡阳县,,,否,否,	,	,	,否,	,	,	,	,	,	,	,	,	,	,	,	,否,否,	,否,否,,	,否,	,否,,,否
VIOMI云米净水器大通量小海豚800G反渗透RO厨下式家用长效滤芯,251118-573885683333063,已取消,1	,正常,	,	,,	,	,837957770723	,800G大通量纯水机,1809123722986	,厨房电器,净水器/净水设备及配件耗材,净水器,	,6923185653974	,	,	,	,无售后或售后取消,,	,	,,,,,,,否,否,	,否,	,,759.0	,0.0	,0.0	,0.0	,0.0	,0.0	,0.0	,0.0	,759.0	,759.0	,	,	,****,****,****,****,,否,否,	,	,	,否,	,	,	,	,	,	,	,	,	,	,	,	,否,否,	,否,	,,	,否,	,否,,,否
【6年套装】云米净水器600G小海豚升级版厨下式RO反渗透直饮家用,251118-104626931240225,已发货，待收货,1	,正常,2025-11-18 16:25:25,2025-11-19 16:25:25,,2025-11-19 10:43:52,	,852932116812	,小海豚600G+6年滤芯套装,1812983769340	,厨房电器,净水器/净水设备及配件耗材,净水器,	,S2508151538001,	,后返，送TDS笔,	,无售后或售后取消,,2025-11-18 16:25:25,	,,,,,,,否,否,	,否,	,,764.28	,0.0	,0.0	,75.0	,6.89	,0.0	,0.0	,0.0	,689.28	,764.28	,JDV024136300781,京东大件物流,北京市,北京市,通州区,,,否,否,	,	,	,否,	,	,	,	,	,	,	,	,	,	,	,	,否,否,	,否,否,,	,否,	,否,,,否
【重磅新品】云米净水器600G小海豚升级版厨下式RO反渗透直饮家用,251118-073631014533842,已发货，退款成功,1	,正常,2025-11-18 16:21:52,2025-11-19 16:21:52,,2025-11-19 10:44:34,	,225501370546	,小海豚600G,1813468330532	,厨房电器,净水器/净水设备及配件耗材,净水器,	,6923185653684	,6923185616399	,拦截	ZX2511190065459,	,退款成功,,2025-11-18 16:21:52,	,,,,,,,否,否,	,否,	,,559.0	,0.0	,0.0	,0.0	,0.0	,0.0	,0.0	,0.0	,559.0	,559.0	,JDV024141751757,京东大件物流,广东省,潮州市,饶平县,,,否,否,	,	,	,否,	,	,	,	,	,	,	,	,	,	,	,	,否,否,	,否,否,,	,否,	,否,,,否
云米净水器滤芯小蓝调小海豚600G+专用复合滤芯RO反渗透滤芯过滤,251118-407067727403610,已发货，待收货,1	,正常,2025-11-18 16:13:42,2025-11-19 16:13:43,,2025-11-18 21:32:41,	,296967601341	,5in1复合滤芯 2年长效,1600193054565	,厨房电器,净水器/净水设备及配件耗材,净水器配件耗材,	,6923185627425	,	,99 [viomi英英sk 11/18 16:14],	,无售后或售后取消,,2025-11-18 16:13:43,	,,,,,,,否,否,	,否,	,,299.0	,0.0	,0.0	,3.0	,0.0	,0.0	,0.0	,0.0	,296.0	,299.0	,JDV024133616145,京东大件物流,河南省,开封市,龙亭区,,,否,否,	,	,	,否,	,	,	,	,	,	,	,	,	,	,	,	,否,否,	,否,否,,	,否,	,否,,,否
云米净水器滤芯小蓝调小海豚600G+专用复合滤芯RO反渗透滤芯过滤,251118-357564423723610,已发货，待收货,1	,正常,2025-11-18 16:10:13,2025-11-19 16:10:13,,2025-11-18 17:57:33,	,296967601341	,5in1复合滤芯 2年长效,1600193054565	,厨房电器,净水器/净水设备及配件耗材,净水器配件耗材,	,6923185627425	,	,99 [viomi英英sk 11/18 16:12],	,无售后或售后取消,,2025-11-18 16:10:13,	,,,,,,,否,否,	,否,	,,299.0	,0.0	,0.0	,20.0	,0.0	,0.0	,0.0	,0.0	,279.0	,299.0	,JDV024133492556,京东大件物流,河南省,开封市,龙亭区,,,否,否,	,	,	,否,	,	,	,	,	,	,	,	,	,	,	,	,否,否,	,否,否,,	,否,	,否,,,否
【重磅新品】云米净水器600G小海豚升级版厨下式RO反渗透直饮家用,251118-414114169250281,未发货，退款成功,1	,正常,2025-11-18 15:56:36,2025-11-19 15:56:37,,	,	,225501370546	,小海豚600G,1813468330532	,厨房电器,净水器/净水设备及配件耗材,净水器,	,6923185653684	,6923185616399	,ZX2511180066763待拦截11.18,	,退款成功,,2025-11-18 15:56:37,	,,,,,,,否,否,	,否,	,,559.0	,0.0	,0.0	,0.0	,1.11	,0.0	,0.0	,0.0	,559.0	,559.0	,	,	,宁夏回族自治区,银川市,金凤区,,,否,否,	,	,	,否,	,	,	,	,	,	,	,	,	,	,	,	,否,否,	,否,否,,	,否,	,否,,,否
云米净水器滤芯小蓝调小海豚600G+专用复合滤芯RO反渗透滤芯过滤,251118-073714910773165,已发货，待收货,1	,正常,2025-11-18 15:54:46,2025-11-19 15:54:46,,2025-11-19 09:17:55,	,296967601341	,5in1复合滤芯 2年长效,1600193054565	,厨房电器,净水器/净水设备及配件耗材,净水器配件耗材,	,6923185627425	,	,后返，到手价99,	,无售后或售后取消,,2025-11-18 15:54:46,	,,,,,,,否,否,	,否,	,,299.0	,0.0	,0.0	,0.0	,0.0	,0.0	,0.0	,0.0	,299.0	,299.0	,JDV024142178743,京东大件物流,浙江省,嘉兴市,海宁市,,,否,否,	,	,	,否,	,	,	,	,	,	,	,	,	,	,	,	,否,否,	,否,否,,	,否,	,否,,,否
云米净水器滤芯小蓝调小海豚600G+专用复合滤芯RO反渗透滤芯过滤,251118-627184770613165,未发货，退款成功,1	,正常,2025-11-18 15:54:03,2025-11-19 15:54:04,,	,	,296967601341	,5in1复合滤芯 2年长效,1600193054565	,厨房电器,净水器/净水设备及配件耗材,净水器配件耗材,	,6923185627425	,	,聚水潭已取消发货，仅退款  诚11.18,	,退款成功,,2025-11-18 15:54:04,	,,,,,,,否,否,	,否,	,,299.0	,0.0	,0.0	,0.0	,0.2	,0.0	,0.0	,0.0	,299.0	,299.0	,	,	,云南省,昆明市,呈贡区,,,否,否,	,	,	,否,	,	,	,	,	,	,	,	,	,	,	,	,否,否,	,否,否,,	,否,	,否,,,否
【重磅新品】云米净水器600G小海豚升级版厨下式RO反渗透直饮家用,251118-413159923270938,已发货，待收货,1	,正常,2025-11-18 15:59:04,2025-11-19 15:59:04,,2025-11-18 21:32:41,	,225501370546	,小海豚600G,1813468330532	,厨房电器,净水器/净水设备及配件耗材,净水器,	,6923185653684	,6923185616399	,	,请发新日期的 多谢,无售后或售后取消,,2025-11-18 15:59:04,	,,,,,,,否,否,	,否,	,,559.0	,0.0	,50.0	,30.54	,0.0	,0.0	,0.0	,0.0	,478.46	,509.0	,JDV024135046963,京东大件物流,山东省,临沂市,莒南县,,,否,否,	,	,	,否,	,	,	,	,	,	,	,	,	,	,	,	,否,否,	,否,否,,	,否,	,否,,,否
【重磅新品】云米净水器600G小海豚升级版厨下式RO反渗透直饮家用,251118-061383709111849,已发货，退款成功,1	,正常,2025-11-18 15:44:11,2025-11-19 15:44:11,,2025-11-18 21:32:40,	,225501370546	,小海豚600G,1813468330532	,厨房电器,净水器/净水设备及配件耗材,净水器,	,6923185653684	,6923185616399	,ZX2511180066780拦截 [viomi英英sk 11/18 21:45],	,退款成功,,2025-11-18 15:44:11,	,,,,,,,否,否,	,否,	,,559.0	,0.0	,0.0	,0.0	,0.0	,0.0	,0.0	,0.0	,559.0	,559.0	,JDV024135119038,京东大件物流,河北省,保定市,易县,,,否,否,	,	,	,否,	,	,	,	,	,	,	,	,	,	,	,	,否,否,	,否,否,,	,否,	,否,,,否
【重磅新品】云米净水器600G小海豚升级版厨下式RO反渗透直饮家用,251118-542533282231771,已发货，待收货,1	,正常,2025-11-18 15:42:03,2025-11-19 15:42:03,,2025-11-18 21:32:40,	,225501370546	,小海豚600G,1813468330532	,厨房电器,净水器/净水设备及配件耗材,净水器,	,6923185653684	,6923185616399	,	,	,无售后或售后取消,,2025-11-18 15:42:03,	,,,,,,,否,否,	,否,	,,559.0	,0.0	,0.0	,0.0	,0.0	,0.0	,0.0	,0.0	,559.0	,559.0	,JDV024134946271,京东大件物流,河南省,南阳市,宛城区,,,否,否,	,	,	,否,	,	,	,	,	,	,	,	,	,	,	,	,否,否,	,否,否,,	,否,	,否,,,否
云米净水器滤芯小蓝调小海豚600G+专用复合滤芯RO反渗透滤芯过滤,251118-528377484920583,已发货，待收货,2	,正常,2025-11-18 15:37:21,2025-11-19 15:37:21,,2025-11-18 21:32:41,	,296967601341	,5in1复合滤芯 2年长效,1600193054565	,厨房电器,净水器/净水设备及配件耗材,净水器配件耗材,	,6923185627425	,	,到手价198,	,无售后或售后取消,,2025-11-18 15:37:21,	,,,,,,,否,否,	,否,	,,598.0	,0.0	,5.98	,0.0	,0.0	,0.0	,0.0	,0.0	,592.02	,592.02	,JDV024132415716,京东大件物流,山东省,潍坊市,奎文区,,,否,否,	,	,	,否,	,	,	,	,	,	,	,	,	,	,	,	,否,否,	,否,否,,	,否,	,否,,,否
云米即热净水器厨房家用直饮RO反渗透加热净饮一体机1000G,251118-162906827083239,已发货，待收货,1	,正常,2025-11-18 15:37:36,2025-11-19 15:37:36,,2025-11-18 21:32:40,	,846360072018	,即热直饮 1000G大通量,1807240839093	,厨房电器,净水器/净水设备及配件耗材,净水器,	,6923185651116	,6923185651116	,	,	,无售后或售后取消,,2025-11-18 15:37:36,	,,,,,,,否,否,	,否,	,,1498.0	,0.0	,60.0	,40.0	,0.2	,0.0	,0.0	,0.0	,1398.0	,1438.0	,JDV024135198245,京东大件物流,上海市,上海市,浦东新区,,,否,否,	,	,	,否,	,	,	,	,	,	,	,	,	,	,	,	,否,否,	,否,否,,	,否,	,否,,,否
云米净水器滤芯小蓝调小海豚600G+专用复合滤芯RO反渗透滤芯过滤,251118-667366223480583,已取消,2	,正常,	,	,,	,	,296967601341	,5in1复合滤芯 2年长效,1600193054565	,厨房电器,净水器/净水设备及配件耗材,净水器配件耗材,	,6923185627425	,	,	,	,无售后或售后取消,,	,	,,,,,,,否,否,	,否,	,,598.0	,0.0	,5.98	,20.0	,0.0	,0.0	,0.0	,0.0	,572.02	,592.02	,	,	,****,****,****,****,,否,否,	,	,	,否,	,	,	,	,	,	,	,	,	,	,	,	,否,否,	,否,	,,	,否,	,否,,,否
【重磅新品】云米净水器600G小海豚升级版厨下式RO反渗透直饮家用,251118-325184407160583,已发货，待收货,1	,正常,2025-11-18 15:35:24,2025-11-19 15:35:25,,2025-11-18 21:32:41,	,225501370546	,小海豚600G,1813468330532	,厨房电器,净水器/净水设备及配件耗材,净水器,	,6923185653684	,6923185616399	,	,	,无售后或售后取消,,2025-11-18 15:35:25,	,,,,,,,否,否,	,否,	,,559.0	,0.0	,0.0	,50.0	,0.0	,0.0	,0.0	,0.0	,509.0	,559.0	,JDV024134943472,京东大件物流,山东省,潍坊市,奎文区,,,否,否,	,	,	,否,	,	,	,	,	,	,	,	,	,	,	,	,否,否,	,否,否,,	,否,	,否,,,否
【重磅新品】云米净水器600G小海豚升级版厨下式RO反渗透直饮家用,251118-360385165710929,已发货，待收货,1	,正常,2025-11-18 15:26:27,2025-11-19 15:26:28,,2025-11-18 21:32:40,	,225501370546	,小海豚600G,1813468330532	,厨房电器,净水器/净水设备及配件耗材,净水器,	,6923185653684	,6923185616399	,15505978889 安装 [viomi莉莉sk 11/19 18:38],	,无售后或售后取消,,2025-11-18 15:26:28,	,,,,,,,否,否,	,否,	,,559.0	,0.0	,0.0	,0.0	,0.0	,0.0	,0.0	,0.0	,559.0	,559.0	,JDV024135312060,京东大件物流,福建省,龙岩市,新罗区,,,否,否,	,	,	,否,	,	,	,	,	,	,	,	,	,	,	,	,否,否,	,否,否,,	,否,	,否,,,否
【母婴直饮】云米净水器 SE 600G+ 新升级厨下式RO反渗透直饮家用,251118-041502666353769,已取消,1	,正常,	,	,,	,	,819506595979	,【24年新品】600G升级版6年长效,1787046011387	,厨房电器,净水器/净水设备及配件耗材,净水器,	,6923185653684	,6923185616399	,	,	,无售后或售后取消,,	,	,,,,,,,否,否,	,否,	,,748.0	,0.0	,134.64	,74.8	,0.0	,0.0	,0.0	,0.0	,538.56	,613.36	,	,	,****,****,****,****,,否,否,	,	,	,否,	,	,	,	,	,	,	,	,	,	,	,	,否,否,	,否,	,,	,否,	,否,,,否
云米5.0KW智能燃气灶大火力爆炒灶具一级节能家用厨房双灶头台嵌,251118-639421725112260,已发货，待收货,1	,正常,2025-11-18 15:05:54,2025-11-19 15:05:54,,2025-11-18 21:32:41,	,623266189560	,5.0KW精焰猛火灶（天然气）,1690346386816	,大家电,厨房大电,燃气灶,	,6923185649656	,	,	,	,无售后或售后取消,,2025-11-18 15:05:54,	,,,,,,,否,否,	,否,	,,444.0	,0.0	,0.0	,5.0	,0.0	,0.0	,0.0	,0.0	,439.0	,444.0	,JDV024134616961,京东大件物流,广东省,梅州市,丰顺县,,,否,否,	,	,	,否,	,	,	,	,	,	,	,	,	,	,	,	,否,否,	,否,否,,	,否,	,否,,,否
【重磅新品】云米净水器600G小海豚升级版厨下式RO反渗透直饮家用,251118-201913822790938,已取消,1	,正常,	,	,,	,	,225501370546	,小海豚600G,1813468330532	,厨房电器,净水器/净水设备及配件耗材,净水器,	,6923185653684	,6923185616399	,	,	,无售后或售后取消,,	,	,,,,,,,否,否,	,否,	,,559.0	,0.0	,50.0	,30.54	,0.0	,0.0	,0.0	,0.0	,478.46	,509.0	,	,	,****,****,****,****,,否,否,	,	,	,否,	,	,	,	,	,	,	,	,	,	,	,	,否,否,	,否,	,,	,否,	,否,,,否
云米净水器滤芯小蓝调小海豚600G+专用复合滤芯RO反渗透滤芯过滤,251118-130327528971158,已发货，待收货,1	,正常,2025-11-18 14:59:23,2025-11-19 14:59:23,2025-11-19 23:59:59,2025-11-18 21:32:41,	,296967601341	,5in1复合滤芯 2年长效,1600193054565	,厨房电器,净水器/净水设备及配件耗材,净水器配件耗材,	,6923185627425	,	,到手价99元,	,无售后或售后取消,,2025-11-18 14:59:23,	,,,,,,,否,否,	,否,	,,299.0	,0.0	,0.0	,0.0	,0.0	,0.0	,0.0	,0.0	,299.0	,299.0	,JDV024134779599,京东大件物流,广东省,汕头市,潮阳区,,,否,否,	,	,	,否,	,	,	,	,	,	,	,	,	,	,	,	,否,否,	,否,否,,	,否,	,否,,,否
【重磅新品】云米净水器600G小海豚升级版厨下式RO反渗透直饮家用,251118-179065351720225,已取消,1	,正常,	,	,,	,	,225501370546	,小海豚600G,1813468330532	,厨房电器,净水器/净水设备及配件耗材,净水器,	,6923185653684	,6923185616399	,	,	,无售后或售后取消,,	,	,,,,,,,否,否,	,否,	,,559.0	,0.0	,0.0	,0.0	,0.0	,0.0	,0.0	,0.0	,559.0	,559.0	,	,	,****,****,****,****,,否,否,	,	,	,否,	,	,	,	,	,	,	,	,	,	,	,	,否,否,	,否,	,,	,否,	,否,,,否
【重磅新品】云米净水器600G小海豚升级版厨下式RO反渗透直饮家用,251118-651092365693181,已发货，待收货,1	,正常,2025-11-18 14:59:23,2025-11-19 14:59:24,,2025-11-18 21:32:41,	,225501370546	,小海豚600G,1813468330532	,厨房电器,净水器/净水设备及配件耗材,净水器,	,6923185653684	,6923185616399	,	,	,无售后或售后取消,,2025-11-18 14:59:24,	,,,,,,,否,否,	,否,	,,559.0	,0.0	,0.0	,0.0	,0.0	,0.0	,0.0	,0.0	,559.0	,559.0	,JDV024134588377,京东大件物流,安徽省,阜阳市,颍东区,,,否,否,	,	,	,否,	,	,	,	,	,	,	,	,	,	,	,	,否,否,	,否,否,,	,否,	,否,,,否
云米净水器滤芯小蓝调小海豚600G+专用复合滤芯RO反渗透滤芯过滤,251118-216992335371158,已取消,1	,正常,	,	,,	,	,296967601341	,5in1复合滤芯 2年长效,1600193054565	,厨房电器,净水器/净水设备及配件耗材,净水器配件耗材,	,6923185627425	,	,	,	,无售后或售后取消,,	,	,,,,,,,否,否,	,否,	,,299.0	,0.0	,0.0	,0.0	,0.0	,0.0	,0.0	,0.0	,299.0	,299.0	,	,	,****,****,****,****,,否,否,	,	,	,否,	,	,	,	,	,	,	,	,	,	,	,	,否,否,	,否,	,,	,否,	,否,,,否
云米净水器滤芯家用小海豚小蓝调小白龙系列专用RO反渗透,251118-300605827462303,已发货，待收货,1	,正常,2025-11-18 14:52:31,2025-11-20 14:52:32,,2025-11-18 17:57:34,	,232467205433	,5in1 复合滤芯,1647394585330	,厨房电器,净水器/净水设备及配件耗材,净水器配件耗材,	,6923185627425	,	,	,	,无售后或售后取消,,2025-11-18 14:52:32,	,,,,,,,否,否,	,否,	,,149.0	,0.0	,0.0	,0.0	,0.15	,0.0	,0.0	,0.0	,149.0	,149.0	,JDV024132641777,京东大件物流,上海市,上海市,普陀区,,,否,否,	,	,	,否,	,	,	,	,	,	,	,	,	,	,	,	,否,否,	,否,否,,	,否,	,否,,,否
云米智能AI门锁3D指纹密码蓝牙可连大容量续航家用公寓自动安全,251118-416106484143407,已发货，待收货,1	,正常,2025-11-18 14:52:11,2025-11-19 14:52:11,,2025-11-19 10:43:52,	,743885774552	,"云米蓝调指纹密码锁LBT11C,黑色",1734954999916	,基础建材,智能门锁/电子锁,智能门锁/电子锁,	,6923185655381	,6923185655381	,	,	,无售后或售后取消,,2025-11-18 14:52:11,	,,,,,,,否,否,	,否,	,,662.0	,0.0	,34.0	,100.0	,0.0	,0.0	,0.0	,0.0	,528.0	,628.0	,JDV024142088761,京东大件物流,江苏省,无锡市,梁溪区,,,否,否,	,	,	,否,	,	,	,	,	,	,	,	,	,	,	,	,否,否,	,否,否,,	,否,	,否,,,否
【重磅新品】云米净水器600G小海豚升级版厨下式RO反渗透直饮家用,251118-051820633611158,已发货，待收货,1	,正常,2025-11-18 14:43:58,2025-11-19 14:43:58,,2025-11-18 21:32:40,	,225501370546	,小海豚600G,1813468330532	,厨房电器,净水器/净水设备及配件耗材,净水器,	,6923185653684	,6923185616399	,	,	,无售后或售后取消,,2025-11-18 14:43:58,	,,,,,,,否,否,	,否,	,,559.0	,0.0	,0.0	,0.0	,0.0	,0.0	,0.0	,0.0	,559.0	,559.0	,JDV024134687161,京东大件物流,广东省,汕头市,潮阳区,,,否,否,	,	,	,否,	,	,	,	,	,	,	,	,	,	,	,	,否,否,	,否,否,,	,否,	,否,,,否
【母婴直饮】云米净水器 SE 600G+ 新升级厨下式RO反渗透直饮家用,251118-008084590961605,已发货，待收货,1	,正常,2025-11-18 14:42:08,2025-11-19 14:42:08,,2025-11-18 21:32:40,	,819506595979	,【24年新品】600G升级版6年长效,1787046011387	,厨房电器,净水器/净水设备及配件耗材,净水器,	,6923185653684	,6923185616399	,	,	,无售后或售后取消,,2025-11-18 14:42:08,	,,,,,,,否,否,	,否,	,,748.0	,0.0	,142.12	,37.4	,0.0	,0.0	,0.0	,0.0	,568.48	,605.88	,JDV024134687080,京东大件物流,广东省,广州市,南沙区,,,否,否,	,	,	,否,	,	,	,	,	,	,	,	,	,	,	,	,否,否,	,否,否,,	,否,	,否,,,否
云米小厨宝6L电热水器厨房卫生间出水恒温储水式小型速热神器加热,251118-608310454633872,已发货，待收货,1	,正常,2025-11-18 14:38:39,2025-11-19 14:38:39,,2025-11-18 21:32:41,	,208073193570	,热水即刻有-【6L】,1801828025682	,大家电,热水器,厨宝,	,6923185611233	,6923185611233	,	,	,无售后或售后取消,,2025-11-18 14:38:39,	,,,,,,,否,否,	,否,	,,279.0	,0.0	,28.0	,50.0	,1.0	,0.0	,0.0	,0.0	,201.0	,251.0	,JDV024135198155,京东大件物流,山西省,临汾市,霍州市,,,否,否,	,	,	,否,	,	,	,	,	,	,	,	,	,	,	,	,否,否,	,否,否,,	,否,	,否,,,否
云米小厨宝6L电热水器厨房卫生间出水恒温储水式小型速热神器加热,251118-252371310173218,已发货，待收货,1	,正常,2025-11-18 14:29:28,2025-11-19 14:29:29,,2025-11-18 17:57:34,	,208073193570	,热水即刻有-【6L】,1801828025682	,大家电,热水器,厨宝,	,6923185611233	,6923185611233	,	,	,无售后或售后取消,,2025-11-18 14:29:29,	,,,,,,,否,否,	,否,	,,279.0	,0.0	,28.0	,0.0	,0.0	,0.0	,0.0	,0.0	,251.0	,251.0	,JDV024132678416,京东大件物流,江苏省,徐州市,鼓楼区,,,否,否,	,	,	,否,	,	,	,	,	,	,	,	,	,	,	,	,否,否,	,否,否,,	,否,	,否,,,否
【母婴直饮】云米净水器 SE 600G+ 新升级厨下式RO反渗透直饮家用,251118-243101940034076,已取消,1	,正常,	,	,,	,	,819506595979	,【24年新品】600G升级版6年长效,1787046011387	,厨房电器,净水器/净水设备及配件耗材,净水器,	,6923185653684	,6923185616399	,	,	,无售后或售后取消,,	,	,,,,,,,否,否,	,否,	,,748.0	,0.0	,134.64	,74.8	,0.0	,0.0	,0.0	,0.0	,538.56	,613.36	,	,	,****,****,****,****,,否,否,	,	,	,否,	,	,	,	,	,	,	,	,	,	,	,	,否,否,	,否,	,,	,否,	,否,,,否
云米小厨宝6L电热水器厨房卫生间出水恒温储水式小型速热神器加热,251118-323632535183459,已取消,1	,正常,	,	,,	,	,208073193570	,热水即刻有-【6L】,1801828025682	,大家电,热水器,厨宝,	,6923185611233	,6923185611233	,	,	,无售后或售后取消,,	,	,,,,,,,否,否,	,否,	,,279.0	,0.0	,28.0	,6.0	,0.0	,0.0	,0.0	,0.0	,245.0	,251.0	,	,	,****,****,****,****,,否,否,	,	,	,否,	,	,	,	,	,	,	,	,	,	,	,	,否,否,	,否,	,,	,否,	,否,,,否
【6年套装】云米净水器600G小海豚升级版厨下式RO反渗透直饮家用,251118-440181737002469,已取消,1	,正常,	,	,,	,	,852932116812	,小海豚600G+6年滤芯套装,1812983769340	,厨房电器,净水器/净水设备及配件耗材,净水器,	,S2508151538001,	,	,	,无售后或售后取消,,	,	,,,,,,,否,否,	,否,	,,764.28	,0.0	,0.0	,99.35	,0.0	,0.0	,0.0	,0.0	,664.93	,764.28	,	,	,****,****,****,****,,否,否,	,	,	,否,	,	,	,	,	,	,	,	,	,	,	,	,否,否,	,否,	,,	,否,	,否,,,否
Viomi云米净水器1000G厨下式RO反渗透直饮过滤器净饮小海豚2,251118-641413967403890,已发货，待收货,1	,正常,2025-11-18 13:58:22,2025-11-19 13:58:22,,2025-11-18 21:32:41,	,205458105137	,小海豚2包安装1000G大加仑,1802849942800	,厨房电器,净水器/净水设备及配件耗材,净水器,	,6923185654865	,	,	,	,无售后或售后取消,,2025-11-18 13:58:22,	,,,,,,,否,否,	,否,	,,999.0	,0.0	,100.0	,80.0	,0.0	,0.0	,0.0	,0.0	,819.0	,899.0	,JDV024134588368,京东大件物流,内蒙古自治区,鄂尔多斯市,东胜区,,,否,否,	,	,	,否,	,	,	,	,	,	,	,	,	,	,	,	,否,否,	,否,是,3	,商家,否,	,否,,花呗分期,否
【重磅新品】云米净水器600G小海豚升级版厨下式RO反渗透直饮家用,251118-526091630962997,待发货,1	,正常,2025-11-18 13:57:42,2025-12-19 13:57:42,,	,	,225501370546	,小海豚600G,1813468330532	,厨房电器,净水器/净水设备及配件耗材,净水器,	,6923185653684	,6923185616399	,延迟发货已登 [viomi莉莉sk 11/18 15:36],	,无售后或售后取消,,2025-11-18 13:57:42,	,,,,,,,否,否,	,否,	,,559.0	,0.0	,0.0	,33.54	,0.2	,0.0	,0.0	,0.0	,525.46	,559.0	,	,	,浙江省,温州市,鹿城区,,,否,否,	,	,	,否,	,	,	,	,	,	,	,	,	,	,	,	,否,否,	,否,否,,	,否,	,否,,,否
【重磅新品】云米净水器600G小海豚升级版厨下式RO反渗透直饮家用,251118-299399985492613,已取消,1	,正常,	,	,,	,	,225501370546	,小海豚600G,1813468330532	,厨房电器,净水器/净水设备及配件耗材,净水器,	,6923185653684	,6923185616399	,	,	,无售后或售后取消,,	,	,,,,,,,否,否,	,否,	,,559.0	,0.0	,0.0	,0.0	,0.0	,0.0	,0.0	,0.0	,559.0	,559.0	,	,	,****,****,****,****,,否,否,	,	,	,否,	,	,	,	,	,	,	,	,	,	,	,	,否,否,	,否,	,,	,否,	,否,,,否
【重磅新品】云米净水器600G小海豚升级版厨下式RO反渗透直饮家用,251118-274181732681559,已发货，待收货,1	,正常,2025-11-18 13:47:50,2025-11-19 13:47:50,,2025-11-18 17:57:34,	,225501370546	,小海豚600G,1813468330532	,厨房电器,净水器/净水设备及配件耗材,净水器,	,6923185653684	,6923185616399	,	,	,无售后或售后取消,,2025-11-18 13:47:50,	,,,,,,,否,否,	,否,	,,559.0	,0.0	,0.0	,1.75	,1.11	,0.0	,0.0	,0.0	,557.25	,559.0	,JDV024131831544,京东大件物流,辽宁省,鞍山市,铁东区,,,否,否,	,	,	,否,	,	,	,	,	,	,	,	,	,	,	,	,否,否,	,否,否,,	,否,	,否,,,否
云米净水器滤芯家用小海豚小蓝调小白龙系列专用RO反渗透,251118-515846970970546,已发货，待收货,1	,正常,2025-11-18 13:47:57,2025-11-20 13:47:57,,2025-11-18 17:57:34,	,232467205433	,5in1 复合滤芯,1647394585330	,厨房电器,净水器/净水设备及配件耗材,净水器配件耗材,	,6923185627425	,	,	,	,无售后或售后取消,,2025-11-18 13:47:57,	,,,,,,,否,否,	,否,	,,149.0	,0.0	,0.0	,0.0	,0.0	,0.0	,0.0	,0.0	,149.0	,149.0	,JDV024130332649,京东大件物流,湖北省,恩施土家族苗族自治州,来凤县,,,否,否,	,	,	,否,	,	,	,	,	,	,	,	,	,	,	,	,否,否,	,否,否,,	,否,	,否,,,否
云米顶侧双吸烟灶套装22m³大吸力抽油烟机聚能猛火灶节能燃气家用,251118-631557342861695,已发货，待收货,1	,正常,2025-11-18 13:47:40,2025-11-19 13:47:40,,2025-11-18 21:32:40,	,382839923175	,【两件套】顶侧双吸烟机+5.2KW灶（天）,1743705224006	,大家电,厨房大电,烟灶消套装,	,S2309261029001,蓝调套装,15784446005拦截 [viomi范范sk 11/19 10:36],	,售后处理中,,2025-11-18 13:47:40,	,,,,,,,否,否,	,否,	,,1218.0	,0.0	,60.0	,40.0	,0.0	,0.0	,0.0	,0.0	,1118.0	,1158.0	,JDV024135222439,京东大件物流,内蒙古自治区,包头市,九原区,,,否,否,	,	,	,否,	,	,	,	,	,	,	,	,	,	,	,	,否,否,	,否,否,,	,否,	,否,,,否
【6年套装】云米净水器600G小海豚升级版厨下式RO反渗透直饮家用,251118-652885399181585,已取消,1	,正常,	,	,,	,	,852932116812	,小海豚600G+6年滤芯套装,1812983769340	,厨房电器,净水器/净水设备及配件耗材,净水器,	,S2508151538001,	,	,	,无售后或售后取消,,	,	,,,,,,,否,否,	,否,	,,764.28	,0.0	,0.0	,0.0	,0.0	,0.0	,0.0	,0.0	,764.28	,764.28	,	,	,****,****,****,****,,否,否,	,	,	,否,	,	,	,	,	,	,	,	,	,	,	,	,否,否,	,否,	,,	,否,	,否,,,否
云米净饮机X2系列滤芯X2mini mango复合滤芯5in1/6in1 RO反渗透,251118-508947382710822,已取消,1	,正常,	,	,,	,	,243153009643	,X2/X2 Pro  5合1滤芯,1360931817930	,厨房电器,净水器/净水设备及配件耗材,净水器配件耗材,	,6923185614258	,6923185614258	,	,	,无售后或售后取消,,	,	,,,,,,,否,否,	,否,	,,147.0	,0.0	,0.0	,3.0	,0.0	,0.0	,0.0	,0.0	,144.0	,147.0	,	,	,****,****,****,****,,否,否,	,	,	,否,	,	,	,	,	,	,	,	,	,	,	,	,否,否,	,否,	,,	,否,	,否,,,否
【6年套装】云米净水器600G小海豚升级版厨下式RO反渗透直饮家用,251118-005316308590192,已收货,1	,正常,2025-11-18 13:33:33,2025-11-19 13:33:33,,2025-11-18 21:32:41,2025-11-19 18:25:05,852932116812	,小海豚600G+6年滤芯套装,1812983769340	,厨房电器,净水器/净水设备及配件耗材,净水器,	,S2508151538001,	,	,	,无售后或售后取消,,2025-11-18 13:33:33,	,,,,,,,否,否,	,否,	,,764.28	,0.0	,0.0	,64.0	,0.0	,0.0	,0.0	,0.0	,700.28	,764.28	,JDV024134749918,京东大件物流,广东省,广州市,白云区,,,否,否,	,	,	,否,	,	,	,	,	,	,	,	,	,	,	,	,否,否,	,否,否,,	,否,	,否,,,否
【重磅新品】云米净水器600G小海豚升级版厨下式RO反渗透直饮家用,251118-408231678252762,未发货，退款成功,1	,正常,2025-11-18 13:15:54,2025-11-19 13:15:54,,	,	,225501370546	,小海豚600G,1813468330532	,厨房电器,净水器/净水设备及配件耗材,净水器,	,6923185653684	,6923185616399	,聚水潭已取消发货，仅退款  诚11.18,	,退款成功,,2025-11-18 13:15:54,	,,,,,,,否,否,	,否,	,,559.0	,0.0	,0.0	,33.54	,1.04	,0.0	,0.0	,0.0	,525.46	,559.0	,	,	,浙江省,宁波市,慈溪市,,,否,否,	,	,	,否,	,	,	,	,	,	,	,	,	,	,	,	,否,否,	,否,否,,	,否,	,否,,,否
云米小厨宝6L电热水器厨房卫生间出水恒温储水式小型速热神器加热,251118-064634294572762,已发货，待收货,1	,正常,2025-11-18 13:15:54,2025-11-19 13:15:54,,2025-11-18 17:57:33,	,208073193570	,热水即刻有-【6L】,1801828025682	,大家电,热水器,厨宝,	,6923185611233	,6923185611233	,	,	,无售后或售后取消,,2025-11-18 13:15:54,	,,,,,,,否,否,	,否,	,,279.0	,0.0	,28.0	,12.55	,0.48	,0.0	,0.0	,0.0	,238.45	,251.0	,JDV024132693527,京东大件物流,浙江省,宁波市,慈溪市,,,否,否,	,	,	,否,	,	,	,	,	,	,	,	,	,	,	,	,否,否,	,否,否,,	,否,	,否,,,否
云米冷热管线机饮水机壁挂式双出水台式管线机UV杀菌Master3,251118-144902755940964,未发货，退款成功,1	,正常,2025-11-18 13:04:51,2025-12-19 13:04:51,,	,	,604410073495	,即热管线机Master2S,1633858930719	,厨房电器,饮水机,饮水机,	,6923185652526	,6923185651345	,延迟发货==已建单拦截：ZX2511190065227，卫11.19,	,退款成功,,2025-11-18 13:04:51,	,,,,,,,否,否,	,否,	,,832.0	,0.0	,0.0	,100.0	,0.0	,0.0	,0.0	,0.0	,732.0	,832.0	,	,	,陕西省,汉中市,汉台区,,,否,否,	,	,	,否,	,	,	,	,	,	,	,	,	,	,	,	,否,否,	,否,否,,	,否,	,否,,,否
【重磅新品】云米净水器600G小海豚升级版厨下式RO反渗透直饮家用,251118-490492423781775,已取消,1	,正常,	,	,,	,	,225501370546	,小海豚600G,1813468330532	,厨房电器,净水器/净水设备及配件耗材,净水器,	,6923185653684	,6923185616399	,	,	,无售后或售后取消,,	,	,,,,,,,否,否,	,否,	,,559.0	,0.0	,0.0	,50.0	,0.0	,0.0	,0.0	,0.0	,509.0	,559.0	,	,	,****,****,****,****,,否,否,	,	,	,否,	,	,	,	,	,	,	,	,	,	,	,	,否,否,	,否,	,,	,否,	,否,,,否
【母婴直饮】云米净水器 SE 600G+ 新升级厨下式RO反渗透直饮家用,251118-034980523663788,已发货，待收货,1	,正常,2025-11-18 12:58:32,2025-11-19 12:58:32,,2025-11-18 21:32:41,	,819506595979	,【24年新品】600G升级版6年长效,1787046011387	,厨房电器,净水器/净水设备及配件耗材,净水器,	,6923185653684	,6923185616399	,	,	,无售后或售后取消,,2025-11-18 12:58:32,	,,,,,,,否,否,	,否,	,,748.0	,0.0	,134.64	,74.8	,0.0	,0.0	,0.0	,0.0	,538.56	,613.36	,JDV024134645627,京东大件物流,福建省,福州市,晋安区,,,否,否,	,	,	,否,	,	,	,	,	,	,	,	,	,	,	,	,否,否,	,否,否,,	,否,	,否,,,否
【重磅新品】云米净水器600G小海豚升级版厨下式RO反渗透直饮家用,251118-174084636964051,已发货，待收货,1	,正常,2025-11-18 12:57:09,2025-11-19 12:57:10,,2025-11-18 17:57:33,	,225501370546	,小海豚600G,1813468330532	,厨房电器,净水器/净水设备及配件耗材,净水器,	,6923185653684	,6923185616399	,	,	,无售后或售后取消,,2025-11-18 12:57:10,	,,,,,,,否,否,	,否,	,,559.0	,0.0	,0.0	,0.0	,0.0	,0.0	,0.0	,0.0	,559.0	,559.0	,JDV024131814857,京东大件物流,河南省,平顶山市,叶县,,,否,否,	,	,	,否,	,	,	,	,	,	,	,	,	,	,	,	,否,否,	,否,否,,	,否,	,否,,,否
【重磅新品】云米净水器600G小海豚升级版厨下式RO反渗透直饮家用,251118-274181660181017,已发货，待收货,1	,正常,2025-11-18 12:50:56,2025-11-19 12:50:56,,2025-11-18 16:14:14,	,225501370546	,小海豚600G,1813468330532	,厨房电器,净水器/净水设备及配件耗材,净水器,	,6923185653684	,6923185616399	,	,	,无售后或售后取消,,2025-11-18 12:50:56,	,,,,,,,否,否,	,否,	,,559.0	,0.0	,0.0	,0.89	,0.0	,0.0	,0.0	,0.0	,558.11	,559.0	,JDV024129714976,京东大件物流,河南省,焦作市,孟州市,,,否,否,	,	,	,否,	,	,	,	,	,	,	,	,	,	,	,	,否,否,	,否,是,3	,商家,否,	,否,,花呗分期,否
【重磅新品】云米净水器600G小海豚升级版厨下式RO反渗透直饮家用,251118-005326825813738,已发货，待收货,1	,正常,2025-11-18 12:37:13,2025-11-19 12:37:13,,2025-11-18 16:14:32,	,225501370546	,小海豚600G,1813468330532	,厨房电器,净水器/净水设备及配件耗材,净水器,	,6923185653684	,6923185616399	,	,	,无售后或售后取消,,2025-11-18 12:37:13,	,,,,,,,否,否,	,否,	,,559.0	,0.0	,0.0	,0.0	,0.0	,0.0	,0.0	,0.0	,559.0	,559.0	,JDV024130023876,京东大件物流,山东省,临沂市,兰陵县,,,否,否,	,	,	,否,	,	,	,	,	,	,	,	,	,	,	,	,否,否,	,否,否,,	,否,	,否,,,否
云米小厨宝6L电热水器厨房卫生间出水恒温储水式小型速热神器加热,251118-255349255740488,已取消,1	,正常,	,	,,	,	,208073193570	,热水即刻有-【6L】,1801828025682	,大家电,热水器,厨宝,	,6923185611233	,6923185611233	,	,	,无售后或售后取消,,	,	,,,,,,,否,否,	,否,	,,279.0	,0.0	,28.0	,50.0	,0.0	,0.0	,0.0	,0.0	,201.0	,251.0	,	,	,****,****,****,****,,否,否,	,	,	,否,	,	,	,	,	,	,	,	,	,	,	,	,否,否,	,否,	,,	,否,	,否,,,否
【重磅新品】云米净水器600G小海豚升级版厨下式RO反渗透直饮家用,251118-185304389242325,已发货，待收货,1	,正常,2025-11-18 12:24:15,2025-11-19 12:24:15,,2025-11-18 16:14:14,	,225501370546	,小海豚600G,1813468330532	,厨房电器,净水器/净水设备及配件耗材,净水器,	,6923185653684	,6923185616399	,	,	,无售后或售后取消,,2025-11-18 12:24:15,	,,,,,,,否,否,	,否,	,,559.0	,0.0	,0.0	,0.0	,0.0	,0.0	,0.0	,0.0	,559.0	,559.0	,JDV024129951594,京东大件物流,宁夏回族自治区,银川市,兴庆区,,,否,否,	,	,	,否,	,	,	,	,	,	,	,	,	,	,	,	,否,否,	,否,否,,	,否,	,否,,,否
【母婴直饮】云米净水器 SE 600G+ 新升级厨下式RO反渗透直饮家用,251118-147157205283668,已发货，待收货,1	,正常,2025-11-18 12:18:45,2025-11-19 12:18:46,,2025-11-18 16:14:13,	,819506595979	,【24年新品】600G升级版6年长效,1787046011387	,厨房电器,净水器/净水设备及配件耗材,净水器,	,6923185653684	,6923185616399	,	,	,无售后或售后取消,,2025-11-18 12:18:46,	,,,,,,,否,否,	,否,	,,748.0	,0.0	,134.64	,74.8	,0.0	,0.0	,0.0	,0.0	,538.56	,613.36	,JDV024130045549,京东大件物流,山东省,菏泽市,巨野县,,,否,否,	,	,	,否,	,	,	,	,	,	,	,	,	,	,	,	,否,否,	,否,否,,	,否,	,否,,,否
云米小厨宝6L电热水器厨房卫生间出水恒温储水式小型速热神器加热,251118-382415737162223,未发货，退款成功,1	,正常,2025-11-18 12:13:21,2025-11-19 12:13:21,,	,	,208073193570	,热水即刻有-【6L】,1801828025682	,大家电,热水器,厨宝,	,6923185611233	,6923185611233	,聚水潭已取消发货，仅退款  诚11.18,	,退款成功,,2025-11-18 12:13:21,	,,,,,,,否,否,	,否,	,,279.0	,0.0	,28.0	,50.0	,0.0	,0.0	,0.0	,0.0	,201.0	,251.0	,	,	,江苏省,苏州市,常熟市,,,否,否,	,	,	,否,	,	,	,	,	,	,	,	,	,	,	,	,否,否,	,否,否,,	,否,	,否,,,否
云米净水器滤芯小蓝调小海豚600G+专用复合滤芯RO反渗透滤芯过滤,251118-056224715073767,已发货，待收货,1	,正常,2025-11-18 12:08:46,2025-11-19 12:08:47,,2025-11-18 16:14:14,	,296967601341	,5in1复合滤芯 2年长效,1600193054565	,厨房电器,净水器/净水设备及配件耗材,净水器配件耗材,	,6923185627425	,	,补差后返到手价99,	,无售后或售后取消,,2025-11-18 12:08:47,	,,,,,,,否,否,	,否,	,,299.0	,0.0	,0.0	,0.0	,0.0	,0.0	,0.0	,0.0	,299.0	,299.0	,JDV024127715060,京东大件物流,辽宁省,营口市,鲅鱼圈区,,,否,否,	,	,	,否,	,	,	,	,	,	,	,	,	,	,	,	,否,否,	,否,否,,	,否,	,否,,,否
【母婴直饮】云米净水器 SE 600G+ 新升级厨下式RO反渗透直饮家用,251118-281941174593767,已发货，待收货,1	,正常,2025-11-18 12:02:45,2025-11-19 12:02:45,,2025-11-18 16:14:14,	,819506595979	,【24年新品】600G升级版6年长效,1787046011387	,厨房电器,净水器/净水设备及配件耗材,净水器,	,6923185653684	,6923185616399	,	,	,无售后或售后取消,,2025-11-18 12:02:45,	,,,,,,,否,否,	,否,	,,748.0	,0.0	,129.6	,100.0	,0.0	,0.0	,0.0	,0.0	,518.4	,618.4	,JDV024129682880,京东大件物流,辽宁省,营口市,鲅鱼圈区,,,否,否,	,	,	,否,	,	,	,	,	,	,	,	,	,	,	,	,否,否,	,否,否,,	,否,	,否,,,否
【重磅新品】云米净水器600G小海豚升级版厨下式RO反渗透直饮家用,251118-001342226784034,已取消,1	,正常,	,	,,	,	,225501370546	,小海豚600G,1813468330532	,厨房电器,净水器/净水设备及配件耗材,净水器,	,6923185653684	,6923185616399	,	,	,无售后或售后取消,,	,	,,,,,,,否,否,	,否,	,,559.0	,0.0	,0.0	,0.0	,0.0	,0.0	,0.0	,0.0	,559.0	,559.0	,	,	,****,****,****,****,,否,否,	,	,	,否,	,	,	,	,	,	,	,	,	,	,	,	,否,否,	,否,	,,	,否,	,否,,,否
【重磅新品】云米净水器600G小海豚升级版厨下式RO反渗透直饮家用,251118-269997914511964,已发货，待收货,1	,正常,2025-11-18 11:52:15,2025-11-19 11:52:16,,2025-11-18 16:14:15,	,225501370546	,小海豚600G,1813468330532	,厨房电器,净水器/净水设备及配件耗材,净水器,	,6923185653684	,6923185616399	,	,	,无售后或售后取消,,2025-11-18 11:52:16,	,,,,,,,否,否,	,否,	,,596.0	,0.0	,0.0	,0.0	,0.0	,0.0	,0.0	,0.0	,596.0	,596.0	,JDV024127483777,京东大件物流,河北省,承德市,隆化县,,,否,否,	,	,	,否,	,	,	,	,	,	,	,	,	,	,	,	,否,否,	,否,否,,	,否,	,否,,,否
【重磅新品】云米净水器600G小海豚升级版厨下式RO反渗透直饮家用,251118-100841603471964,已发货，待收货,2	,正常,2025-11-18 11:51:51,2025-11-19 11:51:51,,2025-11-18 16:14:15,	,225501370546	,小海豚600G,1813468330532	,厨房电器,净水器/净水设备及配件耗材,净水器,	,6923185653684	,6923185616399	,	,	,无售后或售后取消,,2025-11-18 11:51:51,	,,,,,,,否,否,	,否,	,,1118.0	,0.0	,11.18	,0.0	,0.0	,0.0	,0.0	,0.0	,1106.82	,1106.82	,JDV024128863692,京东大件物流,河北省,承德市,隆化县,,,否,否,	,	,	,否,	,	,	,	,	,	,	,	,	,	,	,	,否,否,	,否,否,,	,否,	,否,,,否
【重磅新品】云米净水器600G小海豚升级版厨下式RO反渗透直饮家用,251118-437686136431021,已发货，待收货,1	,正常,2025-11-18 11:50:03,2025-11-19 11:50:04,,2025-11-18 16:14:15,	,225501370546	,小海豚600G,1813468330532	,厨房电器,净水器/净水设备及配件耗材,净水器,	,6923185653684	,6923185616399	,	,	,无售后或售后取消,,2025-11-18 11:50:04,	,,,,,,,否,否,	,否,	,,559.0	,0.0	,0.0	,0.0	,0.0	,0.0	,0.0	,0.0	,559.0	,559.0	,JDV024129929364,京东大件物流,广东省,汕头市,潮阳区,,,否,否,	,	,	,否,	,	,	,	,	,	,	,	,	,	,	,	,否,否,	,否,否,,	,否,	,否,,,否
【重磅新品】云米净水器600G小海豚升级版厨下式RO反渗透直饮家用,251118-166409029231021,已取消,1	,正常,	,	,,	,	,225501370546	,小海豚600G,1813468330532	,厨房电器,净水器/净水设备及配件耗材,净水器,	,6923185653684	,6923185616399	,	,	,无售后或售后取消,,	,	,,,,,,,否,否,	,否,	,,559.0	,0.0	,0.0	,0.0	,0.0	,0.0	,0.0	,0.0	,559.0	,559.0	,	,	,****,****,****,****,,否,否,	,	,	,否,	,	,	,	,	,	,	,	,	,	,	,	,否,否,	,否,	,,	,否,	,否,,,否
【重磅新品】云米净水器600G小海豚升级版厨下式RO反渗透直饮家用,251118-438902536480042,已取消,1	,正常,	,	,,	,	,225501370546	,小海豚600G,1813468330532	,厨房电器,净水器/净水设备及配件耗材,净水器,	,6923185653684	,6923185616399	,	,	,无售后或售后取消,,	,	,,,,,,,否,否,	,否,	,,559.0	,0.0	,0.0	,0.0	,0.0	,0.0	,0.0	,0.0	,559.0	,559.0	,	,	,****,****,****,****,,否,否,	,	,	,否,	,	,	,	,	,	,	,	,	,	,	,	,否,否,	,否,	,,	,否,	,否,,,否
云米全自动智能门锁人脸猫眼密码指纹安全防撬大屏锁已接入米家AP,251118-362943680952498,已发货，待收货,1	,正常,2025-11-18 11:37:53,2025-11-19 11:37:53,,2025-11-18 15:13:25,	,804409121514	,LBT16A【人脸猫眼】智能门锁,1778430742491	,基础建材,智能门锁/电子锁,智能门锁/电子锁,	,6923185652724	,	,	,	,无售后或售后取消,,2025-11-18 11:37:53,	,,,,,,,否,否,	,否,	,,849.0	,0.0	,0.0	,0.0	,0.0	,0.0	,0.0	,0.0	,849.0	,849.0	,JDV024129932147,京东大件物流,河南省,濮阳市,濮阳县,,,否,否,	,	,	,否,	,	,	,	,	,	,	,	,	,	,	,	,否,否,	,否,否,,	,否,	,否,,,否
【重磅新品】云米净水器600G小海豚升级版厨下式RO反渗透直饮家用,251118-485385910660685,已取消,1	,正常,	,	,,	,	,225501370546	,小海豚600G,1813468330532	,厨房电器,净水器/净水设备及配件耗材,净水器,	,6923185653684	,6923185616399	,	,	,无售后或售后取消,,	,	,,,,,,,否,否,	,否,	,,559.0	,0.0	,0.0	,50.0	,0.0	,0.0	,0.0	,0.0	,509.0	,559.0	,	,	,****,****,****,****,,否,否,	,	,	,否,	,	,	,	,	,	,	,	,	,	,	,	,否,否,	,否,	,,	,否,	,否,,,否
云米净水器滤芯家用小海豚小蓝调小白龙系列专用RO反渗透,251118-104689908053527,已发货，待收货,1	,正常,2025-11-18 11:36:57,2025-11-20 11:36:57,,2025-11-18 21:32:42,	,232467205433	,5in1 复合滤芯,1647394585330	,厨房电器,净水器/净水设备及配件耗材,净水器配件耗材,	,6923185627425	,	,补差后返到手价109，晒单再返10,	,无售后或售后取消,,2025-11-18 11:36:57,	,,,,,,,否,否,	,否,	,,149.0	,0.0	,0.0	,0.0	,0.0	,0.0	,0.0	,0.0	,149.0	,149.0	,JDV024127056197,京东大件物流,青海省,西宁市,城东区,,,否,否,	,	,	,否,	,	,	,	,	,	,	,	,	,	,	,	,否,否,	,否,否,,	,否,	,否,,,否
云米净水器滤芯家用小海豚小蓝调小白龙系列专用RO反渗透,251118-000545309013527,已取消,1	,正常,	,	,,	,	,232467205433	,5in1 复合滤芯,1647394585330	,厨房电器,净水器/净水设备及配件耗材,净水器配件耗材,	,6923185627425	,	,	,	,无售后或售后取消,,	,	,,,,,,,否,否,	,否,	,,149.0	,0.0	,0.0	,0.0	,0.0	,0.0	,0.0	,0.0	,149.0	,149.0	,	,	,****,****,****,****,,否,否,	,	,	,否,	,	,	,	,	,	,	,	,	,	,	,	,否,否,	,否,	,,	,否,	,否,,,否
云米顶侧双吸烟灶套装22m³大吸力抽油烟机聚能猛火灶节能燃气家用,251118-347718305351686,已取消,1	,正常,	,	,,	,	,382839923175	,【两件套】顶侧双吸烟机+5.2KW灶（液）,1743703726622	,大家电,厨房大电,烟灶消套装,	,S2309261044001,蓝调套装,	,	,无售后或售后取消,,	,	,,,,,,,否,否,	,否,	,,1218.0	,0.0	,60.0	,40.0	,0.0	,0.0	,0.0	,0.0	,1118.0	,1158.0	,	,	,****,****,****,****,,否,否,	,	,	,否,	,	,	,	,	,	,	,	,	,	,	,	,否,否,	,否,	,,	,否,	,否,,,否
云米净水器滤芯小蓝调小海豚600G+专用复合滤芯RO反渗透滤芯过滤,251118-045487276433202,已发货，待收货,1	,正常,2025-11-18 11:26:32,2025-11-19 11:26:32,,2025-11-18 16:14:15,	,296967601341	,5in1复合滤芯 2年长效,1600193054565	,厨房电器,净水器/净水设备及配件耗材,净水器配件耗材,	,6923185627425	,	,补差后返到手价99 ,	,无售后或售后取消,,2025-11-18 11:26:32,	,,,,,,,否,否,	,否,	,,299.0	,0.0	,0.0	,0.0	,0.2	,0.0	,0.0	,0.0	,299.0	,299.0	,JDV024126843841,京东大件物流,河南省,洛阳市,洛龙区,,,否,否,	,	,	,否,	,	,	,	,	,	,	,	,	,	,	,	,否,否,	,否,否,,	,否,	,否,,,否
云米净水器滤芯小蓝调小海豚600G+专用复合滤芯RO反渗透滤芯过滤,251118-603833024913202,已发货，待收货,1	,正常,2025-11-18 11:25:56,2025-11-19 11:25:56,,2025-11-18 16:14:15,	,296967601341	,5in1复合滤芯 2年长效,1600193054565	,厨房电器,净水器/净水设备及配件耗材,净水器配件耗材,	,6923185627425	,	,补差后返到手价99,	,无售后或售后取消,,2025-11-18 11:25:56,	,,,,,,,否,否,	,否,	,,299.0	,0.0	,0.0	,0.0	,0.2	,0.0	,0.0	,0.0	,299.0	,299.0	,JDV024126812621,京东大件物流,河南省,洛阳市,洛龙区,,,否,否,	,	,	,否,	,	,	,	,	,	,	,	,	,	,	,	,否,否,	,否,否,,	,否,	,否,,,否
VIOMI云米净水器大通量小海豚800G反渗透RO厨下式家用长效滤芯,251118-639945982293459,未发货，退款成功,2	,正常,2025-11-18 11:22:49,2025-11-19 11:22:50,,	,	,850333437206	,竹炭复合商品滤芯,1810726753549	,厨房电器,净水器/净水设备及配件耗材,净水器,	,6923185654193	,	,聚水潭已取消发货，仅退款  诚11.18,	,退款成功,,2025-11-18 11:22:50,	,,,,,,,否,否,	,否,	,,598.0	,0.0	,29.9	,79.53	,0.0	,0.0	,0.0	,0.0	,488.57	,568.1	,	,	,四川省,绵阳市,涪城区,,,否,否,	,	,	,否,	,	,	,	,	,	,	,	,	,	,	,	,否,否,	,否,否,,	,否,	,否,,,否
云米即热净水器厨房家用直饮RO反渗透加热净饮一体机1000G,251118-532938811830570,已发货，待收货,1	,正常,2025-11-18 11:20:23,2025-11-19 11:20:23,,2025-11-18 16:14:14,	,846360072018	,即热直饮 1000G大通量,1807240839093	,厨房电器,净水器/净水设备及配件耗材,净水器,	,6923185651116	,6923185651116	,	,	,无售后或售后取消,,2025-11-18 11:20:23,	,,,,,,,否,否,	,否,	,,1498.0	,0.0	,60.0	,40.0	,0.0	,0.0	,0.0	,0.0	,1398.0	,1438.0	,JDV024129973438,京东大件物流,湖北省,荆门市,掇刀区,,,否,否,	,	,	,否,	,	,	,	,	,	,	,	,	,	,	,	,否,否,	,否,否,,	,否,	,否,,,否
【母婴直饮】云米净水器 SE 600G+ 新升级厨下式RO反渗透直饮家用,251118-519517049233202,已发货，待收货,1	,正常,2025-11-18 11:15:19,2025-11-19 11:15:20,,2025-11-18 16:14:15,	,819506595979	,【24年新品】600G升级版6年长效,1787046011387	,厨房电器,净水器/净水设备及配件耗材,净水器,	,6923185653684	,6923185616399	,	,	,无售后或售后取消,,2025-11-18 11:15:20,	,,,,,,,否,否,	,否,	,,748.0	,0.0	,129.6	,100.0	,0.0	,0.0	,0.0	,0.0	,518.4	,618.4	,JDV024128863711,京东大件物流,河南省,洛阳市,洛龙区,,,否,否,	,	,	,否,	,	,	,	,	,	,	,	,	,	,	,	,否,否,	,否,否,,	,否,	,否,,,否
【重磅新品】云米净水器600G小海豚升级版厨下式RO反渗透直饮家用,251118-601001869683906,已发货，待收货,1	,正常,2025-11-18 11:09:34,2025-11-19 11:09:35,,2025-11-18 16:14:14,	,225501370546	,小海豚600G,1813468330532	,厨房电器,净水器/净水设备及配件耗材,净水器,	,6923185653684	,6923185616399	,	,	,无售后或售后取消,,2025-11-18 11:09:35,	,,,,,,,否,否,	,否,	,,559.0	,0.0	,0.0	,0.0	,0.0	,0.0	,0.0	,0.0	,559.0	,559.0	,JDV024129283329,京东大件物流,北京市,北京市,密云区,,,否,否,	,	,	,否,	,	,	,	,	,	,	,	,	,	,	,	,否,否,	,否,否,,	,否,	,否,,,否
【重磅新品】云米净水器600G小海豚升级版厨下式RO反渗透直饮家用,251118-107070103160358,已发货，待收货,1	,正常,2025-11-18 11:10:47,2025-11-19 11:10:47,,2025-11-18 16:14:14,	,225501370546	,小海豚600G,1813468330532	,厨房电器,净水器/净水设备及配件耗材,净水器,	,6923185653684	,6923185616399	,	,	,无售后或售后取消,,2025-11-18 11:10:47,	,,,,,,,否,否,	,否,	,,559.0	,0.0	,0.0	,33.54	,0.0	,0.0	,0.0	,0.0	,525.46	,559.0	,JDV024128861892,京东大件物流,山东省,济南市,钢城区,,,否,否,	,	,	,否,	,	,	,	,	,	,	,	,	,	,	,	,否,否,	,否,否,,	,否,	,否,,,否
【重磅新品】云米净水器600G小海豚升级版厨下式RO反渗透直饮家用,251118-421779248703950,已取消,1	,正常,	,	,,	,	,225501370546	,小海豚600G,1813468330532	,厨房电器,净水器/净水设备及配件耗材,净水器,	,6923185653684	,6923185616399	,	,	,无售后或售后取消,,	,	,,,,,,,否,否,	,否,	,,559.0	,0.0	,50.0	,0.0	,0.0	,0.0	,0.0	,0.0	,509.0	,509.0	,	,	,****,****,****,****,,否,否,	,	,	,否,	,	,	,	,	,	,	,	,	,	,	,	,否,否,	,否,	,,	,否,	,否,,,否
【重磅新品】云米净水器600G小海豚升级版厨下式RO反渗透直饮家用,251118-582672750200358,已取消,1	,正常,	,	,,	,	,225501370546	,小海豚600G,1813468330532	,厨房电器,净水器/净水设备及配件耗材,净水器,	,6923185653684	,6923185616399	,	,	,无售后或售后取消,,	,	,,,,,,,否,否,	,否,	,,559.0	,0.0	,0.0	,33.54	,0.0	,0.0	,0.0	,0.0	,525.46	,559.0	,	,	,****,****,****,****,,否,否,	,	,	,否,	,	,	,	,	,	,	,	,	,	,	,	,否,否,	,否,	,,	,否,	,否,,,否
【重磅新品】云米净水器600G小海豚升级版厨下式RO反渗透直饮家用,251118-671822651012357,已取消,1	,正常,	,	,,	,	,225501370546	,小海豚600G,1813468330532	,厨房电器,净水器/净水设备及配件耗材,净水器,	,6923185653684	,6923185616399	,	,	,无售后或售后取消,,	,	,,,,,,,否,否,	,否,	,,559.0	,0.0	,50.0	,0.0	,0.0	,0.0	,0.0	,0.0	,509.0	,509.0	,	,	,****,****,****,****,,否,否,	,	,	,否,	,	,	,	,	,	,	,	,	,	,	,	,否,否,	,否,	,,	,否,	,否,,,否
【重磅新品】云米净水器600G小海豚升级版厨下式RO反渗透直饮家用,251118-558041679500506,已发货，待收货,1	,正常,2025-11-18 10:55:40,2025-11-19 10:55:41,,2025-11-18 16:14:15,	,225501370546	,小海豚600G,1813468330532	,厨房电器,净水器/净水设备及配件耗材,净水器,	,6923185653684	,6923185616399	,	,	,无售后或售后取消,,2025-11-18 10:55:41,	,,,,,,,否,否,	,否,	,,559.0	,0.0	,0.0	,33.54	,1.05	,0.0	,0.0	,0.0	,525.46	,559.0	,JDV024128848411,京东大件物流,山东省,滨州市,惠民县,,,否,否,	,	,	,否,	,	,	,	,	,	,	,	,	,	,	,	,否,否,	,否,否,,	,否,	,否,,,否
【重磅新品】云米净水器600G小海豚升级版厨下式RO反渗透直饮家用,251118-593577920043530,已取消,1	,正常,	,	,,	,	,225501370546	,小海豚600G,1813468330532	,厨房电器,净水器/净水设备及配件耗材,净水器,	,6923185653684	,6923185616399	,	,	,无售后或售后取消,,	,	,,,,,,,否,否,	,否,	,,559.0	,0.0	,50.0	,0.0	,0.0	,0.0	,0.0	,0.0	,509.0	,509.0	,	,	,****,****,****,****,,否,否,	,	,	,否,	,	,	,	,	,	,	,	,	,	,	,	,否,否,	,否,	,,	,否,	,否,,,否
【重磅新品】云米净水器600G小海豚升级版厨下式RO反渗透直饮家用,251118-317057943093735,已取消,1	,正常,	,	,,	,	,225501370546	,小海豚600G,1813468330532	,厨房电器,净水器/净水设备及配件耗材,净水器,	,6923185653684	,6923185616399	,	,	,无售后或售后取消,,	,	,,,,,,,否,否,	,否,	,,559.0	,0.0	,0.0	,0.0	,0.0	,0.0	,0.0	,0.0	,559.0	,559.0	,	,	,****,****,****,****,,否,否,	,	,	,否,	,	,	,	,	,	,	,	,	,	,	,	,否,否,	,否,	,,	,否,	,否,,,否
云米净水器滤芯家用小海豚小蓝调小白龙系列专用RO反渗透,251118-195213443491581,已收货，退款成功,1	,正常,2025-11-18 10:50:22,2025-11-20 10:50:22,,2025-11-18 16:14:15,2025-11-19 20:16:45,232467205433	,5in1 复合滤芯,1647394585330	,厨房电器,净水器/净水设备及配件耗材,净水器配件耗材,	,6923185627425	,	,补差后返到手价109==【补差】仅退款40 [viomi英英sk 11/19 20:17],	,退款成功,,2025-11-18 10:50:22,	,,,,,,,否,否,	,否,	,,149.0	,0.0	,0.0	,0.0	,0.19	,0.0	,0.0	,0.0	,149.0	,149.0	,JDV024126165189,京东大件物流,天津市,天津市,武清区,,,否,否,	,	,	,否,	,	,	,	,	,	,	,	,	,	,	,	,否,否,	,否,否,,	,否,	,否,,,否
【重磅新品】云米净水器600G小海豚升级版厨下式RO反渗透直饮家用,251118-565151024733162,已取消,1	,正常,	,	,,	,	,225501370546	,小海豚600G,1813468330532	,厨房电器,净水器/净水设备及配件耗材,净水器,	,6923185653684	,6923185616399	,	,	,无售后或售后取消,,	,	,,,,,,,否,否,	,否,	,,559.0	,0.0	,50.0	,50.0	,0.0	,0.0	,0.0	,0.0	,459.0	,509.0	,	,	,****,****,****,****,,否,否,	,	,	,否,	,	,	,	,	,	,	,	,	,	,	,	,否,否,	,否,	,,	,否,	,否,,,否
【重磅新品】云米净水器600G小海豚升级版厨下式RO反渗透直饮家用,251118-130453368333734,已取消,1	,正常,	,	,,	,	,225501370546	,小海豚600G,1813468330532	,厨房电器,净水器/净水设备及配件耗材,净水器,	,6923185653684	,6923185616399	,	,	,无售后或售后取消,,	,	,,,,,,,否,否,	,否,	,,559.0	,0.0	,50.0	,50.0	,0.0	,0.0	,0.0	,0.0	,459.0	,509.0	,	,	,****,****,****,****,,否,否,	,	,	,否,	,	,	,	,	,	,	,	,	,	,	,	,否,否,	,否,	,,	,否,	,否,,,否
【重磅新品】云米净水器600G小海豚升级版厨下式RO反渗透直饮家用,251118-367012124273500,已发货，待收货,1	,正常,2025-11-18 10:45:12,2025-11-19 10:45:12,,2025-11-18 16:14:14,	,225501370546	,小海豚600G,1813468330532	,厨房电器,净水器/净水设备及配件耗材,净水器,	,6923185653684	,6923185616399	,	,	,无售后或售后取消,,2025-11-18 10:45:12,	,,,,,,,否,否,	,否,	,,559.0	,0.0	,50.0	,0.0	,16.0	,0.0	,0.0	,0.0	,509.0	,509.0	,JDV024127885366,京东大件物流,黑龙江省,大庆市,龙凤区,,,否,否,	,	,	,否,	,	,	,	,	,	,	,	,	,	,	,	,否,否,	,否,是,3	,商家,否,	,否,,信用卡分期,否
【重磅新品】云米净水器600G小海豚升级版厨下式RO反渗透直饮家用,251118-177471526432315,已取消,1	,正常,	,	,,	,	,225501370546	,小海豚600G,1813468330532	,厨房电器,净水器/净水设备及配件耗材,净水器,	,6923185653684	,6923185616399	,	,	,无售后或售后取消,,	,	,,,,,,,否,否,	,否,	,,559.0	,0.0	,50.0	,0.0	,0.0	,0.0	,0.0	,0.0	,509.0	,509.0	,	,	,****,****,****,****,,否,否,	,	,	,否,	,	,	,	,	,	,	,	,	,	,	,	,否,否,	,否,	,,	,否,	,否,,,否
【重磅新品】云米净水器600G小海豚升级版厨下式RO反渗透直饮家用,251118-557485965610478,已发货，待收货,1	,正常,2025-11-18 10:43:10,2025-11-19 10:43:10,,2025-11-18 16:14:14,	,225501370546	,小海豚600G,1813468330532	,厨房电器,净水器/净水设备及配件耗材,净水器,	,6923185653684	,6923185616399	,	,	,无售后或售后取消,,2025-11-18 10:43:10,	,,,,,,,否,否,	,否,	,,559.0	,0.0	,50.0	,0.0	,5.0	,0.0	,0.0	,0.0	,509.0	,509.0	,JDV024129972770,京东大件物流,安徽省,亳州市,蒙城县,,,否,否,	,	,	,否,	,	,	,	,	,	,	,	,	,	,	,	,否,否,	,否,否,,	,否,	,否,,,否
【重磅新品】云米净水器600G小海豚升级版厨下式RO反渗透直饮家用,251118-676541263430938,已取消,1	,正常,	,	,,	,	,225501370546	,小海豚600G,1813468330532	,厨房电器,净水器/净水设备及配件耗材,净水器,	,6923185653684	,6923185616399	,	,	,无售后或售后取消,,	,	,,,,,,,否,否,	,否,	,,559.0	,0.0	,50.0	,20.0	,0.0	,0.0	,0.0	,0.0	,489.0	,509.0	,	,	,****,****,****,****,,否,否,	,	,	,否,	,	,	,	,	,	,	,	,	,	,	,	,否,否,	,否,	,,	,否,	,否,,,否
【重磅新品】云米净水器600G小海豚升级版厨下式RO反渗透直饮家用,251118-118143065722850,未发货，退款成功,1	,正常,2025-11-18 10:41:32,2025-11-19 10:41:32,,	,	,225501370546	,小海豚600G,1813468330532	,厨房电器,净水器/净水设备及配件耗材,净水器,	,6923185653684	,6923185616399	,聚水潭已取消发货，仅退款  诚11.18,	,退款成功,,2025-11-18 10:41:32,	,,,,,,,否,否,	,否,	,,559.0	,0.0	,50.0	,50.0	,0.0	,0.0	,0.0	,0.0	,459.0	,509.0	,	,	,贵州省,贵阳市,观山湖区,,,否,否,	,	,	,否,	,	,	,	,	,	,	,	,	,	,	,	,否,否,	,否,否,,	,否,	,否,,,否
【重磅新品】云米净水器600G小海豚升级版厨下式RO反渗透直饮家用,251118-460681387612593,已发货，待收货,1	,正常,2025-11-18 10:40:42,2025-11-19 10:40:42,,2025-11-18 16:14:15,	,225501370546	,小海豚600G,1813468330532	,厨房电器,净水器/净水设备及配件耗材,净水器,	,6923185653684	,6923185616399	,	,	,无售后或售后取消,,2025-11-18 10:40:42,	,,,,,,,否,否,	,否,	,,559.0	,0.0	,50.0	,0.0	,0.0	,0.0	,0.0	,0.0	,509.0	,509.0	,JDV024129920473,京东大件物流,安徽省,宿州市,埇桥区,,,否,否,	,	,	,否,	,	,	,	,	,	,	,	,	,	,	,	,否,否,	,否,否,,	,否,	,否,,,否
【重磅新品】云米净水器600G小海豚升级版厨下式RO反渗透直饮家用,251118-610093012530321,已取消,1	,正常,	,	,,	,	,225501370546	,小海豚600G,1813468330532	,厨房电器,净水器/净水设备及配件耗材,净水器,	,6923185653684	,6923185616399	,	,	,无售后或售后取消,,	,	,,,,,,,否,否,	,否,	,,559.0	,0.0	,50.0	,50.0	,0.0	,0.0	,0.0	,0.0	,459.0	,509.0	,	,	,****,****,****,****,,否,否,	,	,	,否,	,	,	,	,	,	,	,	,	,	,	,	,否,否,	,否,	,,	,否,	,否,,,否
【重磅新品】云米净水器600G小海豚升级版厨下式RO反渗透直饮家用,251118-032243740203530,未发货，退款成功,1	,正常,2025-11-18 10:39:23,2025-11-19 10:39:23,2025-11-19 23:59:59,	,	,225501370546	,小海豚600G,1813468330532	,厨房电器,净水器/净水设备及配件耗材,净水器,	,6923185653684	,6923185616399	,聚水潭已取消发货，仅退款  诚11.18,	,退款成功,,2025-11-18 10:39:23,	,,,,,,,否,否,	,否,	,,559.0	,0.0	,50.0	,0.0	,1.09	,0.0	,0.0	,0.0	,509.0	,509.0	,	,	,浙江省,金华市,永康市,,,否,否,	,	,	,否,	,	,	,	,	,	,	,	,	,	,	,	,否,否,	,否,否,,	,否,	,否,,,否
【重磅新品】云米净水器600G小海豚升级版厨下式RO反渗透直饮家用,251118-065242478923640,已取消,1	,正常,	,	,,	,	,225501370546	,小海豚600G,1813468330532	,厨房电器,净水器/净水设备及配件耗材,净水器,	,6923185653684	,6923185616399	,	,	,无售后或售后取消,,	,	,,,,,,,否,否,	,否,	,,559.0	,0.0	,50.0	,0.0	,0.0	,0.0	,0.0	,0.0	,509.0	,509.0	,	,	,****,****,****,****,,否,否,	,	,	,否,	,	,	,	,	,	,	,	,	,	,	,	,否,否,	,否,	,,	,否,	,否,,,否
【重磅新品】云米净水器600G小海豚升级版厨下式RO反渗透直饮家用,251118-585923305051929,待发货,1	,正常,2025-11-18 10:38:59,2025-12-31 10:38:59,,	,	,225501370546	,小海豚600G,1813468330532	,厨房电器,净水器/净水设备及配件耗材,净水器,	,6923185653684	,6923185616399	,	,	,无售后或售后取消,,2025-11-18 10:38:59,	,,,,,,,否,否,	,否,	,,559.0	,0.0	,50.0	,50.0	,0.0	,0.0	,0.0	,0.0	,459.0	,509.0	,	,	,湖北省,孝感市,孝昌县,,,否,否,	,	,	,否,	,	,	,	,	,	,	,	,	,	,	,	,否,否,	,否,否,,	,否,	,否,,,否
【重磅新品】云米净水器600G小海豚升级版厨下式RO反渗透直饮家用,251118-002820729163233,已取消,1	,正常,	,	,,	,	,225501370546	,小海豚600G,1813468330532	,厨房电器,净水器/净水设备及配件耗材,净水器,	,6923185653684	,6923185616399	,	,	,无售后或售后取消,,	,	,,,,,,,否,否,	,否,	,,559.0	,0.0	,50.0	,3.0	,0.0	,0.0	,0.0	,0.0	,506.0	,509.0	,	,	,****,****,****,****,,否,否,	,	,	,否,	,	,	,	,	,	,	,	,	,	,	,	,否,否,	,否,	,,	,否,	,否,,,否
云米智能电热水器小蓝调节能变频速热家用浴室洗澡抑菌50L/60L,251118-066196631073128,已取消,1	,正常,	,	,,	,	,434684719975	,安全保护8倍增容大水量50L,1733881750461	,大家电,热水器,电热水器,	,6923185649076	,	,	,	,无售后或售后取消,,	,	,,,,,,,否,否,	,否,	,,599.0	,0.0	,0.0	,0.0	,0.0	,0.0	,0.0	,0.0	,599.0	,599.0	,	,	,****,****,****,****,,否,否,	,	,	,否,	,	,	,	,	,	,	,	,	,	,	,	,否,否,	,否,	,,	,否,	,否,,,否
【重磅新品】云米净水器600G小海豚升级版厨下式RO反渗透直饮家用,251118-487860497942887,已发货，待收货,1	,正常,2025-11-18 10:36:39,2025-11-19 10:36:39,,2025-11-18 16:14:15,	,225501370546	,小海豚600G,1813468330532	,厨房电器,净水器/净水设备及配件耗材,净水器,	,6923185653684	,6923185616399	,	,	,无售后或售后取消,,2025-11-18 10:36:39,	,,,,,,,否,否,	,否,	,,559.0	,0.0	,50.0	,0.0	,0.0	,0.0	,0.0	,0.0	,509.0	,509.0	,JDV024127709102,京东大件物流,河南省,洛阳市,偃师区,,,否,否,	,	,	,否,	,	,	,	,	,	,	,	,	,	,	,	,否,否,	,否,否,,	,否,	,否,,,否
【6年套装】云米净水器600G小海豚升级版厨下式RO反渗透直饮家用,251118-053938829721111,未发货，退款成功,1	,正常,2025-11-18 10:34:51,2025-11-19 10:34:51,2025-11-20 23:59:59,	,	,852932116812	,小海豚600G+6年滤芯套装,1812983769340	,厨房电器,净水器/净水设备及配件耗材,净水器,	,S2508151538001,	,聚水潭已取消发货，仅退款  诚11.18,	,退款成功,,2025-11-18 10:34:51,	,,,,,,,否,否,	,否,	,,764.28	,0.0	,0.0	,100.0	,0.0	,0.0	,0.0	,0.0	,664.28	,764.28	,	,	,江苏省,南通市,崇川区,,,否,否,	,	,	,否,	,	,	,	,	,	,	,	,	,	,	,	,否,否,	,否,否,,	,否,	,否,,,否
【重磅新品】云米净水器600G小海豚升级版厨下式RO反渗透直饮家用,251118-054924470681111,已发货，待收货,1	,正常,2025-11-18 10:33:59,2025-11-19 10:33:59,2025-11-19 23:59:59,2025-11-18 16:14:14,	,225501370546	,小海豚600G,1813468330532	,厨房电器,净水器/净水设备及配件耗材,净水器,	,6923185653684	,6923185616399	,	,	,无售后或售后取消,,2025-11-18 10:33:59,	,,,,,,,否,否,	,否,	,,559.0	,0.0	,50.0	,0.0	,0.2	,0.0	,0.0	,0.0	,509.0	,509.0	,JDV024129927393,京东大件物流,江苏省,南通市,崇川区,,,否,否,	,	,	,否,	,	,	,	,	,	,	,	,	,	,	,	,否,否,	,否,否,,	,否,	,否,,,否
云米小厨宝6L电热水器厨房卫生间出水恒温储水式小型速热神器加热,251118-226125432463459,已取消,1	,正常,	,	,,	,	,208073193570	,热水即刻有-【6L】,1801828025682	,大家电,热水器,厨宝,	,6923185611233	,6923185611233	,	,	,无售后或售后取消,,	,	,,,,,,,否,否,	,否,	,,279.0	,0.0	,28.0	,6.0	,0.0	,0.0	,0.0	,0.0	,245.0	,251.0	,	,	,****,****,****,****,,否,否,	,	,	,否,	,	,	,	,	,	,	,	,	,	,	,	,否,否,	,否,	,,	,否,	,否,,,否
【母婴直饮】云米净水器 SE 600G+ 新升级厨下式RO反渗透直饮家用,251118-018580846890478,未发货，退款成功,1	,正常,2025-11-18 10:28:38,2025-11-19 10:28:38,,	,	,819506595979	,【24年新品】600G升级版6年长效,1787046011387	,厨房电器,净水器/净水设备及配件耗材,净水器,	,6923185653684	,6923185616399	,聚水潭已取消发货，仅退款  诚11.18,	,退款成功,,2025-11-18 10:28:38,	,,,,,,,否,否,	,否,	,,748.0	,0.0	,134.64	,74.8	,0.0	,0.0	,0.0	,0.0	,538.56	,613.36	,	,	,安徽省,亳州市,蒙城县,,,否,否,	,	,	,否,	,	,	,	,	,	,	,	,	,	,	,	,否,否,	,否,是,3	,商家,否,	,否,,信用卡分期,否
【重磅新品】云米净水器600G小海豚升级版厨下式RO反渗透直饮家用,251118-628013197611242,已发货，待收货,1	,正常,2025-11-18 10:20:36,2025-11-19 10:20:37,,2025-11-18 16:14:14,	,225501370546	,小海豚600G,1813468330532	,厨房电器,净水器/净水设备及配件耗材,净水器,	,6923185653684	,6923185616399	,	,	,无售后或售后取消,,2025-11-18 10:20:37,	,,,,,,,否,否,	,否,	,,559.0	,0.0	,0.0	,0.0	,0.0	,0.0	,0.0	,0.0	,559.0	,559.0	,JDV024129932784,京东大件物流,广东省,深圳市,龙岗区,,,否,否,	,	,	,否,	,	,	,	,	,	,	,	,	,	,	,	,否,否,	,否,否,,	,否,	,否,,,否
云米智能AI门锁3D指纹密码蓝牙可连大容量续航家用公寓自动安全,251118-198726183330190,已取消,1	,正常,	,	,,	,	,743885774552	,"云米蓝调指纹密码锁LBT11C,黑色",1734954999916	,基础建材,智能门锁/电子锁,智能门锁/电子锁,	,6923185655381	,6923185655381	,	,	,无售后或售后取消,,	,	,,,,,,,否,否,	,否,	,,662.0	,0.0	,34.0	,87.92	,0.0	,0.0	,0.0	,0.0	,540.08	,628.0	,	,	,****,****,****,****,,否,否,	,	,	,否,	,	,	,	,	,	,	,	,	,	,	,	,否,否,	,否,	,,	,否,	,否,,,否
云米智能AI门锁3D指纹密码蓝牙可连大容量续航家用公寓自动安全,251118-653158070633964,已发货，待收货,1	,正常,2025-11-18 09:50:40,2025-11-19 09:50:40,,2025-11-18 15:13:12,	,743885774552	,"云米蓝调指纹密码锁LBT11C,黑色",1734954999916	,基础建材,智能门锁/电子锁,智能门锁/电子锁,	,6923185655381	,6923185655381	,	,	,无售后或售后取消,,2025-11-18 09:50:40,	,,,,,,,否,否,	,否,	,,662.0	,0.0	,70.0	,24.0	,0.0	,0.0	,0.0	,0.0	,568.0	,592.0	,JDV024129947338,京东大件物流,广东省,云浮市,郁南县,,,否,否,	,	,	,否,	,	,	,	,	,	,	,	,	,	,	,	,否,否,	,否,否,,	,否,	,否,,,否
【重磅新品】云米净水器600G小海豚升级版厨下式RO反渗透直饮家用,251118-308753231480623,已取消,1	,正常,	,	,,	,	,225501370546	,小海豚600G,1813468330532	,厨房电器,净水器/净水设备及配件耗材,净水器,	,6923185653684	,6923185616399	,	,	,无售后或售后取消,,	,	,,,,,,,否,否,	,否,	,,559.0	,0.0	,0.0	,0.09	,0.0	,0.0	,0.0	,0.0	,558.91	,559.0	,	,	,****,****,****,****,,否,否,	,	,	,否,	,	,	,	,	,	,	,	,	,	,	,	,否,否,	,否,	,,	,否,	,否,,,否
【6年套装】云米净水器600G小海豚升级版厨下式RO反渗透直饮家用,251118-639820153140967,已发货，待收货,1	,正常,2025-11-18 09:17:30,2025-11-19 09:17:30,,2025-11-18 13:57:11,	,852932116812	,小海豚600G+6年滤芯套装,1812983769340	,厨房电器,净水器/净水设备及配件耗材,净水器,	,S2508151538001,	,	,	,无售后或售后取消,,2025-11-18 09:17:30,	,,,,,,,否,否,	,否,	,,764.28	,0.0	,0.0	,100.0	,0.0	,0.0	,0.0	,0.0	,664.28	,764.28	,JDV024128525051,京东大件物流,江苏省,无锡市,锡山区,,,否,否,	,	,	,否,	,	,	,	,	,	,	,	,	,	,	,	,否,否,	,否,否,,	,否,	,否,,,否
云米净水器滤芯小蓝调小海豚600G+专用复合滤芯RO反渗透滤芯过滤,251118-380318595361524,已发货，待收货,1	,正常,2025-11-18 09:11:31,2025-11-19 09:11:31,,2025-11-18 15:13:49,	,296967601341	,5in1复合滤芯 2年长效,1600193054565	,厨房电器,净水器/净水设备及配件耗材,净水器配件耗材,	,6923185627425	,	,到手价99一根 [viomi华华 11/18 09:12],	,无售后或售后取消,,2025-11-18 09:11:31,	,,,,,,,否,否,	,否,	,,299.0	,0.0	,0.0	,0.0	,0.2	,0.0	,0.0	,0.0	,299.0	,299.0	,JDV024126283826,京东大件物流,湖南省,娄底市,娄星区,,,否,否,	,	,	,否,	,	,	,	,	,	,	,	,	,	,	,	,否,否,	,否,否,,	,否,	,否,,,否
【6年套装】云米净水器600G小海豚升级版厨下式RO反渗透直饮家用,251118-300280789373838,未发货，退款成功,1	,正常,2025-11-18 09:07:34,2025-12-19 09:07:34,,	,	,852932116812	,小海豚600G+6年滤芯套装,1812983769340	,厨房电器,净水器/净水设备及配件耗材,净水器,	,S2508151538001,	,延迟发货==拦截ZX2511190065494,	,退款成功,,2025-11-18 09:07:34,	,,,,,,,否,否,	,否,	,,764.28	,0.0	,0.0	,50.0	,1.42	,0.0	,0.0	,0.0	,714.28	,764.28	,	,	,浙江省,宁波市,慈溪市,,,否,否,	,	,	,否,	,	,	,	,	,	,	,	,	,	,	,	,否,否,	,否,否,,	,否,	,否,,,否
【重磅新品】云米净水器600G小海豚升级版厨下式RO反渗透直饮家用,251118-459622367521524,已发货，待收货,1	,正常,2025-11-18 08:51:38,2025-11-19 08:51:39,,2025-11-18 16:14:15,	,225501370546	,小海豚600G,1813468330532	,厨房电器,净水器/净水设备及配件耗材,净水器,	,6923185653684	,6923185616399	,	,	,无售后或售后取消,,2025-11-18 08:51:39,	,,,,,,,否,否,	,否,	,,559.0	,0.0	,0.0	,50.0	,0.2	,0.0	,0.0	,0.0	,509.0	,559.0	,JDV024129925055,京东大件物流,湖南省,娄底市,娄星区,,,否,否,	,	,	,否,	,	,	,	,	,	,	,	,	,	,	,	,否,否,	,否,否,,	,否,	,否,,,否
云米净水器滤芯小蓝调小海豚600G+专用复合滤芯RO反渗透滤芯过滤,251118-219655750051505,已发货，待收货,2	,正常,2025-11-18 08:48:48,2025-11-19 08:48:49,,2025-11-18 15:13:37,	,296967601341	,5in1复合滤芯 2年长效,1600193054565	,厨房电器,净水器/净水设备及配件耗材,净水器配件耗材,	,6923185627425	,	,到手价99一根 [viomi华华 11/18 09:15],	,无售后或售后取消,,2025-11-18 08:48:49,	,,,,,,,否,否,	,否,	,,598.0	,0.0	,5.98	,29.0	,0.0	,0.0	,0.0	,0.0	,563.02	,592.02	,JDV024129975597,京东大件物流,广东省,潮州市,湘桥区,,,否,否,	,	,	,否,	,	,	,	,	,	,	,	,	,	,	,	,否,否,	,否,否,,	,否,	,否,,,否
云米小厨宝6L电热水器厨房卫生间出水恒温储水式小型速热神器加热,251118-238687372901363,已发货，待收货,1	,正常,2025-11-18 08:44:09,2025-11-19 08:44:10,,2025-11-18 16:14:15,	,208073193570	,热水即刻有-【6L】,1801828025682	,大家电,热水器,厨宝,	,6923185611233	,6923185611233	,	,	,无售后或售后取消,,2025-11-18 08:44:10,	,,,,,,,否,否,	,否,	,,279.0	,0.0	,28.0	,25.1	,0.0	,0.0	,0.0	,0.0	,225.9	,251.0	,JDV024129904517,京东大件物流,河北省,石家庄市,鹿泉区,,,否,否,	,	,	,否,	,	,	,	,	,	,	,	,	,	,	,	,否,否,	,否,否,,	,否,	,否,,,否
【6年套装】云米净水器600G小海豚升级版厨下式RO反渗透直饮家用,251118-091823818343564,已发货，待收货,1	,正常,2025-11-18 08:31:01,2025-11-19 08:31:01,,2025-11-18 13:34:50,	,852932116812	,小海豚600G+6年滤芯套装,1812983769340	,厨房电器,净水器/净水设备及配件耗材,净水器,	,S2508151538001,	,送tds检测笔 [viomi华华 11/18 09:35],	,无售后或售后取消,,2025-11-18 08:31:01,	,,,,,,,否,否,	,否,	,,764.28	,0.0	,0.0	,50.0	,1.42	,0.0	,0.0	,0.0	,714.28	,764.28	,JDV024124592572,京东大件物流,河南省,郑州市,高新技术开发区,,,否,否,	,	,	,否,	,	,	,	,	,	,	,	,	,	,	,	,否,否,	,否,否,,	,否,	,否,,,否
【母婴直饮】云米净水器 SE 600G+ 新升级厨下式RO反渗透直饮家用,251118-388403095961905,已发货，待收货,1	,正常,2025-11-18 08:19:45,2025-11-19 08:19:45,2025-11-20 23:59:59,2025-11-18 16:14:15,	,819506595979	,【24年新品】600G升级版6年长效,1787046011387	,厨房电器,净水器/净水设备及配件耗材,净水器,	,6923185653684	,6923185616399	,	,	,无售后或售后取消,,2025-11-18 08:19:45,	,,,,,,,否,否,	,否,	,,748.0	,0.0	,134.64	,74.8	,0.0	,0.0	,0.0	,0.0	,538.56	,613.36	,JDV024126270182,京东大件物流,上海市,上海市,闵行区,,,否,否,	,	,	,否,	,	,	,	,	,	,	,	,	,	,	,	,否,否,	,否,否,,	,否,	,否,,,否
【重磅新品】云米净水器600G小海豚升级版厨下式RO反渗透直饮家用,251118-139670393173288,已发货，待收货,1	,正常,2025-11-18 08:17:21,2025-11-26 08:17:21,,2025-11-19 20:58:25,	,225501370546	,小海豚600G,1813468330532	,厨房电器,净水器/净水设备及配件耗材,净水器,	,6923185653684	,6923185616399	,	,	,无售后或售后取消,,2025-11-18 08:17:21,	,,,,,,,否,否,	,否,	,,596.0	,0.0	,0.0	,100.0	,0.0	,0.0	,0.0	,0.0	,496.0	,596.0	,JDV024152823763,京东大件物流,安徽省,蚌埠市,淮上区,,,否,否,	,	,	,否,	,	,	,	,	,	,	,	,	,	,	,	,否,否,	,否,否,,	,否,	,否,,,否
【重磅新品】云米净水器600G小海豚升级版厨下式RO反渗透直饮家用,251118-133588652470504,已取消,1	,正常,	,	,,	,	,225501370546	,小海豚600G,1813468330532	,厨房电器,净水器/净水设备及配件耗材,净水器,	,6923185653684	,6923185616399	,	,	,无售后或售后取消,,	,	,,,,,,,否,否,	,否,	,,596.0	,0.0	,0.0	,59.6	,0.0	,0.0	,0.0	,0.0	,536.4	,596.0	,	,	,****,****,****,****,,否,否,	,	,	,否,	,	,	,	,	,	,	,	,	,	,	,	,否,否,	,否,	,,	,否,	,否,,,否
云米60升AI速热高温抑菌电热水器3000W一级节能变频增容家用租房,251118-090964006500170,已发货，待收货,1	,正常,2025-11-18 08:16:31,2025-11-19 08:16:32,,2025-11-18 15:14:03,	,226368376224	,3000W速热安全60L热水器,1737176648260	,大家电,热水器,电热水器,	,6923185602224	,6923185602224	,	,	,无售后或售后取消,,2025-11-18 08:16:32,	,,,,,,,否,否,	,否,	,,654.0	,0.0	,36.0	,24.0	,0.0	,0.0	,0.0	,0.0	,594.0	,618.0	,JDV024126249626,京东大件物流,江苏省,淮安市,淮阴区,,,否,否,	,	,	,否,	,	,	,	,	,	,	,	,	,	,	,	,否,否,	,否,否,,	,否,	,否,,,否
【重磅新品】云米净水器600G小海豚升级版厨下式RO反渗透直饮家用,251118-192686333441879,已取消,1	,正常,	,	,,	,	,225501370546	,小海豚600G,1813468330532	,厨房电器,净水器/净水设备及配件耗材,净水器,	,6923185653684	,6923185616399	,	,	,无售后或售后取消,,	,	,,,,,,,否,否,	,否,	,,596.0	,0.0	,0.0	,59.6	,0.0	,0.0	,0.0	,0.0	,536.4	,596.0	,	,	,****,****,****,****,,否,否,	,	,	,否,	,	,	,	,	,	,	,	,	,	,	,	,否,否,	,否,	,,	,否,	,否,,,否
【母婴直饮】云米净水器 SE 600G+ 新升级厨下式RO反渗透直饮家用,251118-347057744253081,已发货，退款成功,1	,正常,2025-11-18 08:08:43,2025-11-19 08:08:44,,2025-11-18 10:22:57,	,819506595979	,【24年新品】600G升级版6年长效,1787046011387	,厨房电器,净水器/净水设备及配件耗材,净水器,	,6923185653684	,6923185616399	,17289249855拦截 [viomi莉莉sk 11/18 15:49],	,退款成功,,2025-11-18 08:08:44,	,,,,,,,否,否,	,否,	,,748.0	,0.0	,149.6	,0.0	,0.0	,0.0	,0.0	,0.0	,598.4	,598.4	,JDV024122503208,京东大件物流,天津市,天津市,红桥区,,,否,否,	,	,	,否,	,	,	,	,	,	,	,	,	,	,	,	,否,否,	,否,否,,	,否,	,否,,,否
【6年套装】云米净水器600G小海豚升级版厨下式RO反渗透直饮家用,251118-114955425431479,已发货，待收货,1	,正常,2025-11-18 08:07:34,2025-11-19 08:07:34,,2025-11-18 13:35:04,	,852932116812	,小海豚600G+6年滤芯套装,1812983769340	,厨房电器,净水器/净水设备及配件耗材,净水器,	,S2508151538001,	,	,	,无售后或售后取消,,2025-11-18 08:07:34,	,,,,,,,否,否,	,否,	,,764.28	,0.0	,0.0	,50.0	,0.0	,0.0	,0.0	,0.0	,714.28	,764.28	,JDV024124565842,京东大件物流,陕西省,西安市,灞桥区,,,否,否,	,	,	,否,	,	,	,	,	,	,	,	,	,	,	,	,否,否,	,否,否,,	,否,	,否,,,否
【冷热直饮套装】云米净水器家用厨下管线机套装一键即热制冷直饮,251118-019220416052680,未发货，退款成功,1	,正常,2025-11-18 07:58:33,2025-11-19 07:58:33,,	,	,480070620581	,【冷热净水直饮套装】新品净水器+冷热管线机,1620106386127	,厨房电器,净水器/净水设备及配件耗材,净水器,	,S2407170910001,	,聚水潭已取消发货 已退款 卫11.18,	,退款成功,,2025-11-18 07:58:33,	,,,,,,,否,否,	,否,	,,1434.0	,0.0	,0.0	,100.0	,0.0	,0.0	,0.0	,0.0	,1334.0	,1434.0	,	,	,山东省,济南市,天桥区,,,否,否,	,	,	,否,	,	,	,	,	,	,	,	,	,	,	,	,否,否,	,否,否,,	,否,	,否,,,否
【重磅新品】云米净水器600G小海豚升级版厨下式RO反渗透直饮家用,251118-284541632813143,已发货，待收货,1	,正常,2025-11-18 07:56:01,2025-11-19 07:56:01,,2025-11-18 16:14:15,	,225501370546	,小海豚600G,1813468330532	,厨房电器,净水器/净水设备及配件耗材,净水器,	,6923185653684	,6923185616399	,	,	,无售后或售后取消,,2025-11-18 07:56:01,	,,,,,,,否,否,	,否,	,,596.0	,0.0	,0.0	,100.0	,0.0	,0.0	,0.0	,0.0	,496.0	,596.0	,JDV024126302672,京东大件物流,广西壮族自治区,南宁市,青秀区,,,否,否,	,	,	,否,	,	,	,	,	,	,	,	,	,	,	,	,否,否,	,否,否,,	,否,	,否,,,否
【重磅新品】云米净水器600G小海豚升级版厨下式RO反渗透直饮家用,251118-281301522070342,已取消,1	,正常,	,	,,	,	,225501370546	,小海豚600G,1813468330532	,厨房电器,净水器/净水设备及配件耗材,净水器,	,6923185653684	,6923185616399	,	,	,无售后或售后取消,,	,	,,,,,,,否,否,	,否,	,,596.0	,0.0	,0.0	,59.6	,0.0	,0.0	,0.0	,0.0	,536.4	,596.0	,	,	,****,****,****,****,,否,否,	,	,	,否,	,	,	,	,	,	,	,	,	,	,	,	,否,否,	,否,	,,	,否,	,否,,,否
【重磅新品】云米净水器600G小海豚升级版厨下式RO反渗透直饮家用,251118-500065974623034,已发货，待收货,1	,正常,2025-11-18 07:23:21,2025-11-19 07:23:21,,2025-11-18 13:34:50,	,225501370546	,小海豚600G,1813468330532	,厨房电器,净水器/净水设备及配件耗材,净水器,	,6923185653684	,6923185616399	,	,	,无售后或售后取消,,2025-11-18 07:23:21,	,,,,,,,否,否,	,否,	,,596.0	,0.0	,0.0	,100.0	,0.0	,0.0	,0.0	,0.0	,496.0	,596.0	,JDV024123212595,京东大件物流,山东省,济宁市,曲阜市,,,否,否,	,	,	,否,	,	,	,	,	,	,	,	,	,	,	,	,否,否,	,否,否,,	,否,	,否,,,否
【6年套装】云米净水器600G小海豚升级版厨下式RO反渗透直饮家用,251118-046231785840006,已取消,1	,正常,	,	,,	,	,852932116812	,小海豚600G+6年滤芯套装,1812983769340	,厨房电器,净水器/净水设备及配件耗材,净水器,	,S2508151538001,	,	,	,无售后或售后取消,,	,	,,,,,,,否,否,	,否,	,,764.28	,0.0	,0.0	,100.0	,0.0	,0.0	,0.0	,0.0	,664.28	,764.28	,	,	,****,****,****,****,,否,否,	,	,	,否,	,	,	,	,	,	,	,	,	,	,	,	,否,否,	,否,	,,	,否,	,否,,,否
【重磅新品】云米净水器600G小海豚升级版厨下式RO反渗透直饮家用,251118-236359565712536,待发货,1	,正常,2025-11-18 07:06:39,2025-12-19 07:06:39,,	,	,225501370546	,小海豚600G,1813468330532	,厨房电器,净水器/净水设备及配件耗材,净水器,	,6923185653684	,6923185616399	,	,	,无售后或售后取消,,2025-11-18 07:06:39,	,,,,,,,否,否,	,否,	,,596.0	,0.0	,0.0	,100.0	,0.0	,0.0	,0.0	,0.0	,496.0	,596.0	,	,	,河南省,洛阳市,老城区,,,否,否,	,	,	,否,	,	,	,	,	,	,	,	,	,	,	,	,否,否,	,否,否,,	,否,	,否,,,否
【重磅新品】云米净水器600G小海豚升级版厨下式RO反渗透直饮家用,251118-038440866101078,已取消,1	,正常,	,	,,	,	,225501370546	,小海豚600G,1813468330532	,厨房电器,净水器/净水设备及配件耗材,净水器,	,6923185653684	,6923185616399	,	,	,无售后或售后取消,,	,	,,,,,,,否,否,	,否,	,,596.0	,0.0	,0.0	,100.0	,0.0	,0.0	,0.0	,0.0	,496.0	,596.0	,	,	,****,****,****,****,,否,否,	,	,	,否,	,	,	,	,	,	,	,	,	,	,	,	,否,否,	,否,	,,	,否,	,否,,,否
【母婴直饮】云米净水器 SE 600G+ 新升级厨下式RO反渗透直饮家用,251118-318578420000450,已取消,1	,正常,	,	,,	,	,819506595979	,【24年新品】600G升级版6年长效,1787046011387	,厨房电器,净水器/净水设备及配件耗材,净水器,	,6923185653684	,6923185616399	,	,	,无售后或售后取消,,	,	,,,,,,,否,否,	,否,	,,748.0	,0.0	,139.6	,50.0	,0.0	,0.0	,0.0	,0.0	,558.4	,608.4	,	,	,****,****,****,****,,否,否,	,	,	,否,	,	,	,	,	,	,	,	,	,	,	,	,否,否,	,否,	,,	,否,	,否,,,否
【重磅新品】云米净水器600G小海豚升级版厨下式RO反渗透直饮家用,251118-288190687520450,已取消,1	,正常,	,	,,	,	,225501370546	,小海豚600G,1813468330532	,厨房电器,净水器/净水设备及配件耗材,净水器,	,6923185653684	,6923185616399	,	,	,无售后或售后取消,,	,	,,,,,,,否,否,	,否,	,,596.0	,0.0	,0.0	,100.0	,0.0	,0.0	,0.0	,0.0	,496.0	,596.0	,	,	,****,****,****,****,,否,否,	,	,	,否,	,	,	,	,	,	,	,	,	,	,	,	,否,否,	,否,	,,	,否,	,否,,,否
【重磅新品】云米净水器600G小海豚升级版厨下式RO反渗透直饮家用,251118-655202752003094,已收货,1	,正常,2025-11-18 06:41:14,2025-11-19 06:41:14,,2025-11-18 13:34:50,2025-11-19 16:57:34,225501370546	,小海豚600G,1813468330532	,厨房电器,净水器/净水设备及配件耗材,净水器,	,6923185653684	,6923185616399	,	,	,无售后或售后取消,,2025-11-18 06:41:14,	,,,,,,,否,否,	,否,	,,596.0	,0.0	,0.0	,100.0	,0.2	,0.0	,0.0	,0.0	,496.0	,596.0	,JDV024123222523,京东大件物流,山东省,烟台市,开发区,,,否,否,	,	,	,否,	,	,	,	,	,	,	,	,	,	,	,	,否,否,	,否,否,,	,否,	,否,,,否
【重磅新品】云米净水器600G小海豚升级版厨下式RO反渗透直饮家用,251118-355687534922485,已发货，待收货,1	,正常,2025-11-18 06:29:54,2025-11-19 06:29:54,,2025-11-18 13:34:50,	,225501370546	,小海豚600G,1813468330532	,厨房电器,净水器/净水设备及配件耗材,净水器,	,6923185653684	,6923185616399	,	,	,无售后或售后取消,,2025-11-18 06:29:54,	,,,,,,,否,否,	,否,	,,596.0	,0.0	,0.0	,59.6	,6.0	,0.0	,0.0	,0.0	,536.4	,596.0	,JDV024122582226,京东大件物流,河南省,驻马店市,汝南县,,,否,否,	,	,	,否,	,	,	,	,	,	,	,	,	,	,	,	,否,否,	,否,否,,	,否,	,否,,,否
【重磅新品】云米净水器600G小海豚升级版厨下式RO反渗透直饮家用,251118-399843070323229,已取消,1	,正常,	,	,,	,	,225501370546	,小海豚600G,1813468330532	,厨房电器,净水器/净水设备及配件耗材,净水器,	,6923185653684	,6923185616399	,	,	,无售后或售后取消,,	,	,,,,,,,否,否,	,否,	,,596.0	,0.0	,0.0	,100.0	,0.0	,0.0	,0.0	,0.0	,496.0	,596.0	,	,	,****,****,****,****,,否,否,	,	,	,否,	,	,	,	,	,	,	,	,	,	,	,	,否,否,	,否,	,,	,否,	,否,,,否
【重磅新品】云米净水器600G小海豚升级版厨下式RO反渗透直饮家用,251118-563630641582530,未发货，退款成功,1	,正常,2025-11-18 06:26:39,2025-11-19 06:26:39,,	,	,225501370546	,小海豚600G,1813468330532	,厨房电器,净水器/净水设备及配件耗材,净水器,	,6923185653684	,6923185616399	,聚水潭已取消发货，仅退款  诚11.18,	,退款成功,,2025-11-18 06:26:39,	,,,,,,,否,否,	,否,	,,596.0	,0.0	,0.0	,100.0	,0.0	,0.0	,0.0	,0.0	,496.0	,596.0	,	,	,广东省,广州市,越秀区,,,否,否,	,	,	,否,	,	,	,	,	,	,	,	,	,	,	,	,否,否,	,否,否,,	,否,	,否,,,否
【重磅新品】云米净水器600G小海豚升级版厨下式RO反渗透直饮家用,251118-507437422133165,已发货，待收货,1	,正常,2025-11-18 06:25:29,2025-11-19 06:25:29,,2025-11-18 16:14:15,	,225501370546	,小海豚600G,1813468330532	,厨房电器,净水器/净水设备及配件耗材,净水器,	,6923185653684	,6923185616399	,	,	,无售后或售后取消,,2025-11-18 06:25:29,	,,,,,,,否,否,	,否,	,,596.0	,0.0	,0.0	,100.0	,0.0	,0.0	,0.0	,0.0	,496.0	,596.0	,JDV024126249167,京东大件物流,浙江省,嘉兴市,海宁市,,,否,否,	,	,	,否,	,	,	,	,	,	,	,	,	,	,	,	,否,否,	,否,否,,	,否,	,否,,,否
【重磅新品】云米净水器600G小海豚升级版厨下式RO反渗透直饮家用,251118-034435295590794,已取消,1	,正常,	,	,,	,	,225501370546	,小海豚600G,1813468330532	,厨房电器,净水器/净水设备及配件耗材,净水器,	,6923185653684	,6923185616399	,	,	,无售后或售后取消,,	,	,,,,,,,否,否,	,否,	,,596.0	,0.0	,0.0	,100.0	,0.0	,0.0	,0.0	,0.0	,496.0	,596.0	,	,	,****,****,****,****,,否,否,	,	,	,否,	,	,	,	,	,	,	,	,	,	,	,	,否,否,	,否,	,,	,否,	,否,,,否
【母婴直饮】云米净水器 SE 600G+ 新升级厨下式RO反渗透直饮家用,251118-335974285642485,已取消,1	,正常,	,	,,	,	,819506595979	,【24年新品】600G升级版6年长效,1787046011387	,厨房电器,净水器/净水设备及配件耗材,净水器,	,6923185653684	,6923185616399	,	,	,无售后或售后取消,,	,	,,,,,,,否,否,	,否,	,,748.0	,0.0	,134.64	,74.8	,0.0	,0.0	,0.0	,0.0	,538.56	,613.36	,	,	,****,****,****,****,,否,否,	,	,	,否,	,	,	,	,	,	,	,	,	,	,	,	,否,否,	,否,	,,	,否,	,否,,,否
【重磅新品】云米净水器600G小海豚升级版厨下式RO反渗透直饮家用,251118-391831959882485,已取消,1	,正常,	,	,,	,	,225501370546	,小海豚600G,1813468330532	,厨房电器,净水器/净水设备及配件耗材,净水器,	,6923185653684	,6923185616399	,	,	,无售后或售后取消,,	,	,,,,,,,否,否,	,否,	,,596.0	,0.0	,0.0	,59.6	,0.0	,0.0	,0.0	,0.0	,536.4	,596.0	,	,	,****,****,****,****,,否,否,	,	,	,否,	,	,	,	,	,	,	,	,	,	,	,	,否,否,	,否,	,,	,否,	,否,,,否
云米顶侧大吸力蓝调油烟机家用厨房节能自清洁一级能效可挥手智控,251118-557842470530425,已发货，待收货,1	,正常,2025-11-18 06:00:42,2025-11-19 06:00:42,,2025-11-18 13:56:17,	,657344402006	,云米智清洁挥手智控单烟机,1723825075586	,大家电,厨房大电,油烟机,	,6923185650973	,6923185650973	,	,	,无售后或售后取消,,2025-11-18 06:00:42,	,,,,,,,否,否,	,否,	,,839.0	,0.0	,48.0	,32.0	,0.0	,0.0	,0.0	,0.0	,759.0	,791.0	,JDV024124569047,京东大件物流,江苏省,扬州市,江都区,,,否,否,	,	,	,否,	,	,	,	,	,	,	,	,	,	,	,	,否,否,	,否,否,,	,否,	,否,,,否
【重磅新品】云米净水器600G小海豚升级版厨下式RO反渗透直饮家用,251118-120324113961238,已发货，待收货,1	,正常,2025-11-18 05:32:04,2025-11-19 05:32:05,,2025-11-18 10:22:58,	,225501370546	,小海豚600G,1813468330532	,厨房电器,净水器/净水设备及配件耗材,净水器,	,6923185653684	,6923185616399	,	,	,无售后或售后取消,,2025-11-18 05:32:05,	,,,,,,,否,否,	,否,	,,596.0	,0.0	,0.0	,59.6	,1.07	,0.0	,0.0	,0.0	,536.4	,596.0	,JDV024122536003,京东大件物流,河北省,石家庄市,裕华区,,,否,否,	,	,	,否,	,	,	,	,	,	,	,	,	,	,	,	,否,否,	,否,否,,	,否,	,否,,,否
【重磅新品】云米净水器600G小海豚升级版厨下式RO反渗透直饮家用,251118-525934334343640,已发货，待收货,1	,正常,2025-11-18 05:15:02,2025-11-19 05:15:02,,2025-11-18 16:14:16,	,225501370546	,小海豚600G,1813468330532	,厨房电器,净水器/净水设备及配件耗材,净水器,	,6923185653684	,6923185616399	,	,	,无售后或售后取消,,2025-11-18 05:15:02,	,,,,,,,否,否,	,否,	,,596.0	,0.0	,0.0	,100.0	,0.0	,0.0	,0.0	,0.0	,496.0	,596.0	,JDV024126283061,京东大件物流,广西壮族自治区,百色市,右江区,,,否,否,	,	,	,否,	,	,	,	,	,	,	,	,	,	,	,	,否,否,	,否,否,,	,否,	,否,,,否
【母婴直饮】云米净水器 SE 600G+ 新升级厨下式RO反渗透直饮家用,251118-471712437801238,未发货，退款成功,1	,正常,2025-11-18 04:34:59,2025-11-19 04:34:59,,	,	,819506595979	,【24年新品】600G升级版6年长效,1787046011387	,厨房电器,净水器/净水设备及配件耗材,净水器,	,6923185653684	,6923185616399	,聚水潭已取消发货 已退款 卫11.18,	,退款成功,,2025-11-18 04:34:59,	,,,,,,,否,否,	,否,	,,748.0	,0.0	,139.6	,50.0	,0.0	,0.0	,0.0	,0.0	,558.4	,608.4	,	,	,河北省,石家庄市,裕华区,,,否,否,	,	,	,否,	,	,	,	,	,	,	,	,	,	,	,	,否,否,	,否,否,,	,否,	,否,,,否
【重磅新品】云米净水器600G小海豚升级版厨下式RO反渗透直饮家用,251118-144367951380054,已取消,1	,正常,	,	,,	,	,225501370546	,小海豚600G,1813468330532	,厨房电器,净水器/净水设备及配件耗材,净水器,	,6923185653684	,6923185616399	,	,	,无售后或售后取消,,	,	,,,,,,,否,否,	,否,	,,596.0	,0.0	,0.0	,89.4	,0.0	,0.0	,0.0	,0.0	,506.6	,596.0	,	,	,****,****,****,****,,否,否,	,	,	,否,	,	,	,	,	,	,	,	,	,	,	,	,否,否,	,否,	,,	,否,	,否,,,否
【重磅新品】云米净水器600G小海豚升级版厨下式RO反渗透直饮家用,251118-597971463700054,已发货，待收货,1	,正常,2025-11-18 03:09:46,2025-11-19 03:09:47,,2025-11-18 13:34:50,	,225501370546	,小海豚600G,1813468330532	,厨房电器,净水器/净水设备及配件耗材,净水器,	,6923185653684	,6923185616399	,	,	,无售后或售后取消,,2025-11-18 03:09:47,	,,,,,,,否,否,	,否,	,,596.0	,0.0	,0.0	,100.0	,0.0	,0.0	,0.0	,0.0	,496.0	,596.0	,JDV024123050946,京东大件物流,山东省,青岛市,李沧区,,,否,否,	,	,	,否,	,	,	,	,	,	,	,	,	,	,	,	,否,否,	,否,否,,	,否,	,否,,,否
【母婴直饮】云米净水器 SE 600G+ 新升级厨下式RO反渗透直饮家用,251118-294691858872099,已发货，待收货,1	,正常,2025-11-18 02:15:14,2025-11-19 02:15:14,,2025-11-18 10:22:58,	,819506595979	,【24年新品】600G升级版6年长效,1787046011387	,厨房电器,净水器/净水设备及配件耗材,净水器,	,6923185653684	,6923185616399	,	,	,无售后或售后取消,,2025-11-18 02:15:14,	,,,,,,,否,否,	,否,	,,748.0	,0.0	,134.64	,74.8	,0.0	,0.0	,0.0	,0.0	,538.56	,613.36	,JDV024122492154,京东大件物流,河南省,平顶山市,卫东区,,,否,否,	,	,	,否,	,	,	,	,	,	,	,	,	,	,	,	,否,否,	,否,否,,	,否,	,否,,,否
【6年套装】云米净水器600G小海豚升级版厨下式RO反渗透直饮家用,251118-606716608871668,已取消,1	,正常,	,	,,	,	,852932116812	,小海豚600G+6年滤芯套装,1812983769340	,厨房电器,净水器/净水设备及配件耗材,净水器,	,S2508151538001,	,	,	,无售后或售后取消,,	,	,,,,,,,否,否,	,否,	,,764.28	,0.0	,0.0	,100.0	,0.0	,0.0	,0.0	,0.0	,664.28	,764.28	,	,	,****,****,****,****,,否,否,	,	,	,否,	,	,	,	,	,	,	,	,	,	,	,	,否,否,	,否,	,,	,否,	,否,,,否
【重磅新品】云米净水器600G小海豚升级版厨下式RO反渗透直饮家用,251118-107258846743900,已发货，待收货,1	,正常,2025-11-18 01:56:27,2025-11-19 01:56:27,,2025-11-18 16:14:16,	,225501370546	,小海豚600G,1813468330532	,厨房电器,净水器/净水设备及配件耗材,净水器,	,6923185653684	,6923185616399	,	,	,无售后或售后取消,,2025-11-18 01:56:27,	,,,,,,,否,否,	,否,	,,596.0	,0.0	,0.0	,100.0	,0.0	,0.0	,0.0	,0.0	,496.0	,596.0	,JDV024126274449,京东大件物流,重庆市,重庆市,渝中区,,,否,否,	,	,	,否,	,	,	,	,	,	,	,	,	,	,	,	,否,否,	,否,否,,	,否,	,否,,,否
【重磅新品】云米净水器600G小海豚升级版厨下式RO反渗透直饮家用,251118-541987970711634,未发货，退款成功,1	,正常,2025-11-18 01:51:05,2025-11-19 01:51:05,,	,	,225501370546	,小海豚600G,1813468330532	,厨房电器,净水器/净水设备及配件耗材,净水器,	,6923185653684	,6923185616399	,聚水潭已取消发货 已退款 卫11.18,	,退款成功,,2025-11-18 01:51:05,	,,,,,,,否,否,	,否,	,,596.0	,0.0	,0.0	,100.0	,0.0	,0.0	,0.0	,0.0	,496.0	,596.0	,	,	,广西壮族自治区,玉林市,玉州区,,,否,否,	,	,	,否,	,	,	,	,	,	,	,	,	,	,	,	,否,否,	,否,否,,	,否,	,否,,,否
【重磅新品】云米净水器600G小海豚升级版厨下式RO反渗透直饮家用,251118-542837389723236,未发货，退款成功,1	,正常,2025-11-18 01:16:13,2025-11-19 01:16:13,,	,	,225501370546	,小海豚600G,1813468330532	,厨房电器,净水器/净水设备及配件耗材,净水器,	,6923185653684	,6923185616399	,聚水潭已取消发货 已退款 卫11.18,	,退款成功,,2025-11-18 01:16:13,	,,,,,,,否,否,	,否,	,,596.0	,0.0	,0.0	,100.0	,0.0	,0.0	,0.0	,0.0	,496.0	,596.0	,	,	,内蒙古自治区,呼和浩特市,赛罕区,,,否,否,	,	,	,否,	,	,	,	,	,	,	,	,	,	,	,	,否,否,	,否,否,,	,否,	,否,,,否
【重磅新品】云米净水器600G小海豚升级版厨下式RO反渗透直饮家用,251118-252161606073179,已发货，待收货,1	,正常,2025-11-18 01:12:36,2025-11-19 01:12:36,,2025-11-18 10:22:58,	,225501370546	,小海豚600G,1813468330532	,厨房电器,净水器/净水设备及配件耗材,净水器,	,6923185653684	,6923185616399	,	,	,无售后或售后取消,,2025-11-18 01:12:36,	,,,,,,,否,否,	,否,	,,596.0	,0.0	,0.0	,59.6	,0.0	,0.0	,0.0	,0.0	,536.4	,596.0	,JDV024122531960,京东大件物流,山西省,长治市,屯留区,,,否,否,	,	,	,否,	,	,	,	,	,	,	,	,	,	,	,	,否,否,	,否,否,,	,否,	,否,,,否
【6年套装】云米净水器600G小海豚升级版厨下式RO反渗透直饮家用,251118-536870919701652,已发货，待收货,1	,正常,2025-11-18 00:58:31,2025-11-19 00:58:32,,2025-11-18 13:34:50,	,852932116812	,小海豚600G+6年滤芯套装,1812983769340	,厨房电器,净水器/净水设备及配件耗材,净水器,	,S2508151538001,	,	,	,无售后或售后取消,,2025-11-18 00:58:32,	,,,,,,,否,否,	,否,	,,764.28	,0.0	,0.0	,100.0	,0.0	,0.0	,0.0	,0.0	,664.28	,764.28	,JDV024122869001,京东大件物流,贵州省,贵阳市,花溪区,,,否,否,	,	,	,否,	,	,	,	,	,	,	,	,	,	,	,	,否,否,	,否,否,,	,否,	,否,,,否
【重磅新品】云米净水器600G小海豚升级版厨下式RO反渗透直饮家用,251118-133850764903337,已发货，待收货,1	,正常,2025-11-18 00:45:31,2025-11-19 00:45:31,,2025-11-18 16:14:16,	,225501370546	,小海豚600G,1813468330532	,厨房电器,净水器/净水设备及配件耗材,净水器,	,6923185653684	,6923185616399	,	,	,无售后或售后取消,,2025-11-18 00:45:31,	,,,,,,,否,否,	,否,	,,596.0	,0.0	,0.0	,100.0	,0.0	,0.0	,0.0	,0.0	,496.0	,596.0	,JDV024126249032,京东大件物流,江苏省,苏州市,昆山市,,,否,否,	,	,	,否,	,	,	,	,	,	,	,	,	,	,	,	,否,否,	,否,否,,	,否,	,否,,,否
云米顶侧大吸力蓝调油烟机家用厨房节能自清洁一级能效可挥手智控,251118-662259668610425,已取消,1	,正常,	,	,,	,	,657344402006	,云米智清洁挥手智控单烟机,1723825075586	,大家电,厨房大电,油烟机,	,6923185650973	,6923185650973	,	,	,无售后或售后取消,,	,	,,,,,,,否,否,	,否,	,,839.0	,0.0	,48.0	,32.0	,0.0	,0.0	,0.0	,0.0	,759.0	,791.0	,	,	,****,****,****,****,,否,否,	,	,	,否,	,	,	,	,	,	,	,	,	,	,	,	,否,否,	,否,	,,	,否,	,否,,,否
【重磅新品】云米净水器600G小海豚升级版厨下式RO反渗透直饮家用,251118-529782587710218,已发货，待收货,1	,正常,2025-11-18 00:42:43,2025-11-19 00:42:43,,2025-11-18 16:14:16,	,225501370546	,小海豚600G,1813468330532	,厨房电器,净水器/净水设备及配件耗材,净水器,	,6923185653684	,6923185616399	,18925950998安装 [viomi慧慧sk 11/19 14:22],	,无售后或售后取消,,2025-11-18 00:42:43,	,,,,,,,否,否,	,否,	,,596.0	,0.0	,0.0	,100.0	,0.0	,0.0	,0.0	,0.0	,496.0	,596.0	,JDV024126292610,京东大件物流,广东省,佛山市,南海区,,,否,否,	,	,	,否,	,	,	,	,	,	,	,	,	,	,	,	,否,否,	,否,否,,	,否,	,否,,,否
【重磅新品】云米净水器600G小海豚升级版厨下式RO反渗透直饮家用,251118-130841383331505,已发货，待收货,1	,正常,2025-11-18 00:40:48,2025-11-19 00:40:48,,2025-11-18 16:14:15,	,225501370546	,小海豚600G,1813468330532	,厨房电器,净水器/净水设备及配件耗材,净水器,	,6923185653684	,6923185616399	,	,	,无售后或售后取消,,2025-11-18 00:40:48,	,,,,,,,否,否,	,否,	,,596.0	,0.0	,0.0	,100.0	,0.0	,0.0	,0.0	,0.0	,496.0	,596.0	,JDV024126301603,京东大件物流,广东省,潮州市,湘桥区,,,否,否,	,	,	,否,	,	,	,	,	,	,	,	,	,	,	,	,否,否,	,否,否,,	,否,	,否,,,否
【母婴直饮】云米净水器 SE 600G+ 新升级厨下式RO反渗透直饮家用,251118-214077304344082,已发货，待收货,1	,正常,2025-11-18 00:34:38,2025-11-19 00:34:38,,2025-11-18 16:14:16,	,819506595979	,【24年新品】600G升级版6年长效,1787046011387	,厨房电器,净水器/净水设备及配件耗材,净水器,	,6923185653684	,6923185616399	,	,	,无售后或售后取消,,2025-11-18 00:34:38,	,,,,,,,否,否,	,否,	,,748.0	,0.0	,129.6	,100.0	,0.0	,0.0	,0.0	,0.0	,518.4	,618.4	,JDV024126275752,京东大件物流,广东省,佛山市,顺德区,,,否,否,	,	,	,否,	,	,	,	,	,	,	,	,	,	,	,	,否,否,	,否,否,,	,否,	,否,,,否
【重磅新品】云米净水器600G小海豚升级版厨下式RO反渗透直饮家用,251118-351828785523686,已发货，待收货,1	,正常,2025-11-18 00:24:27,2025-11-19 00:24:27,,2025-11-18 16:14:16,	,225501370546	,小海豚600G,1813468330532	,厨房电器,净水器/净水设备及配件耗材,净水器,	,6923185653684	,6923185616399	,	,	,无售后或售后取消,,2025-11-18 00:24:27,	,,,,,,,否,否,	,否,	,,596.0	,0.0	,0.0	,100.0	,1.08	,0.0	,0.0	,0.0	,496.0	,596.0	,JDV024126287165,京东大件物流,广东省,惠州市,惠阳区,,,否,否,	,	,	,否,	,	,	,	,	,	,	,	,	,	,	,	,否,否,	,否,否,,	,否,	,否,,,否
【重磅新品】云米净水器600G小海豚升级版厨下式RO反渗透直饮家用,251118-235772363191007,已取消,1	,正常,	,	,,	,	,225501370546	,小海豚600G,1813468330532	,厨房电器,净水器/净水设备及配件耗材,净水器,	,6923185653684	,6923185616399	,	,	,无售后或售后取消,,	,	,,,,,,,否,否,	,否,	,,596.0	,0.0	,0.0	,100.0	,0.0	,0.0	,0.0	,0.0	,496.0	,596.0	,	,	,****,****,****,****,,否,否,	,	,	,否,	,	,	,	,	,	,	,	,	,	,	,	,否,否,	,否,	,,	,否,	,否,,,否
【6年套装】云米净水器600G小海豚升级版厨下式RO反渗透直饮家用,251118-617233784322291,已发货，待收货,1	,正常,2025-11-18 00:15:51,2025-11-19 00:15:51,,2025-11-18 16:14:16,	,852932116812	,小海豚600G+6年滤芯套装,1812983769340	,厨房电器,净水器/净水设备及配件耗材,净水器,	,S2508151538001,	,	,	,无售后或售后取消,,2025-11-18 00:15:51,	,,,,,,,否,否,	,否,	,,764.28	,0.0	,0.0	,100.0	,1.32	,0.0	,0.0	,0.0	,664.28	,764.28	,JDV024126267894,京东大件物流,广东省,汕头市,澄海区,,,否,否,	,	,	,否,	,	,	,	,	,	,	,	,	,	,	,	,否,否,	,否,否,,	,否,	,否,,,否
【重磅新品】云米净水器600G小海豚升级版厨下式RO反渗透直饮家用,251118-369853776311807,已取消,1	,正常,	,	,,	,	,852161740747	,小海豚600G+6年滤芯套装,1812658223669	,厨房电器,净水器/净水设备及配件耗材,净水器,	,S2508151538001,	,	,	,无售后或售后取消,,	,	,,,,,,,否,否,	,否,	,,771.0	,0.0	,0.0	,50.0	,0.0	,0.0	,0.0	,0.0	,721.0	,771.0	,	,	,****,****,****,****,,否,否,	,	,	,否,	,	,	,	,	,	,	,	,	,	,	,	,否,否,	,否,	,,	,否,	,否,,,否
【重磅新品】云米净水器600G小海豚升级版厨下式RO反渗透直饮家用,251118-657037781381857,已发货，待收货,1	,正常,2025-11-18 00:13:38,2025-11-19 00:13:38,,2025-11-18 10:22:58,	,852161740747	,小海豚600G+6年滤芯套装,1812658223669	,厨房电器,净水器/净水设备及配件耗材,净水器,	,S2508151538001,	,	,	,无售后或售后取消,,2025-11-18 00:13:38,	,,,,,,,否,否,	,否,	,,771.0	,0.0	,0.0	,100.0	,5.0	,0.0	,0.0	,0.0	,671.0	,771.0	,JDV024122519351,京东大件物流,内蒙古自治区,赤峰市,阿鲁科尔沁旗,,,否,否,	,	,	,否,	,	,	,	,	,	,	,	,	,	,	,	,否,否,	,否,否,,	,否,	,否,,,否
【重磅新品】云米净水器600G小海豚升级版厨下式RO反渗透直饮家用,251118-627195276922607,已发货，待收货,1	,正常,2025-11-18 00:11:58,2025-11-19 00:11:58,,2025-11-18 16:14:16,	,225501370546	,小海豚600G,1813468330532	,厨房电器,净水器/净水设备及配件耗材,净水器,	,6923185653684	,6923185616399	,	,	,无售后或售后取消,,2025-11-18 00:11:58,	,,,,,,,否,否,	,否,	,,596.0	,0.0	,0.0	,95.36	,0.0	,0.0	,0.0	,0.0	,500.64	,596.0	,JDV024126282943,京东大件物流,甘肃省,定西市,渭源县,,,否,否,	,	,	,否,	,	,	,	,	,	,	,	,	,	,	,	,否,否,	,否,否,,	,否,	,否,,,否
【6年套装】云米净水器600G小海豚升级版厨下式RO反渗透直饮家用,251118-609264658871807,未发货，退款成功,1	,正常,2025-11-18 00:19:11,2025-11-19 00:19:11,,	,	,852932116812	,小海豚600G+6年滤芯套装,1812983769340	,厨房电器,净水器/净水设备及配件耗材,净水器,	,S2508151538001,	,聚水潭已取消发货 已退款 卫11.18,	,退款成功,,2025-11-18 00:19:11,	,,,,,,,否,否,	,否,	,,764.28	,0.0	,0.0	,50.0	,0.0	,0.0	,0.0	,0.0	,714.28	,764.28	,	,	,甘肃省,兰州市,城关区,,,否,否,	,	,	,否,	,	,	,	,	,	,	,	,	,	,	,	,否,否,	,否,否,,	,否,	,否,,,否
【重磅新品】云米净水器600G小海豚升级版厨下式RO反渗透直饮家用,251118-155493342781016,已取消,1	,正常,	,	,,	,	,225501370546	,小海豚600G,1813468330532	,厨房电器,净水器/净水设备及配件耗材,净水器,	,6923185653684	,6923185616399	,	,	,无售后或售后取消,,	,	,,,,,,,否,否,	,否,	,,596.0	,0.0	,0.0	,100.0	,0.0	,0.0	,0.0	,0.0	,496.0	,596.0	,	,	,****,****,****,****,,否,否,	,	,	,否,	,	,	,	,	,	,	,	,	,	,	,	,否,否,	,否,	,,	,否,	,否,,,否
Viomi云米净水器1000G厨下式RO反渗透直饮过滤器净饮小海豚2,251118-653095125340584,未发货，退款成功,1	,正常,2025-11-18 00:10:15,2025-11-19 00:10:15,,	,	,205458105137	,小海豚2包安装1000G大加仑,1802849942800	,厨房电器,净水器/净水设备及配件耗材,净水器,	,6923185654865	,	,聚水潭已取消发货 已退款 卫11.18,	,退款成功,,2025-11-18 00:10:15,	,,,,,,,否,否,	,否,	,,999.0	,0.0	,0.0	,0.0	,0.0	,0.0	,0.0	,0.0	,999.0	,999.0	,	,	,河南省,郑州市,荥阳市,,,否,否,	,	,	,否,	,	,	,	,	,	,	,	,	,	,	,	,否,否,	,否,否,,	,否,	,否,,,否
Viomi云米净水器1000G厨下式RO反渗透直饮过滤器净饮小海豚2,251118-625161091420584,已取消,1	,正常,	,	,,	,	,205458105137	,小海豚2包安装1000G大加仑,1802849942800	,厨房电器,净水器/净水设备及配件耗材,净水器,	,6923185654865	,	,	,	,无售后或售后取消,,	,	,,,,,,,否,否,	,否,	,,999.0	,0.0	,100.0	,0.0	,0.0	,0.0	,0.0	,0.0	,899.0	,899.0	,	,	,****,****,****,****,,否,否,	,	,	,否,	,	,	,	,	,	,	,	,	,	,	,	,否,否,	,否,	,,	,否,	,否,,,否
【重磅新品】云米净水器600G小海豚升级版厨下式RO反渗透直饮家用,251118-139638915402916,已发货，待收货,1	,正常,2025-11-18 00:06:39,2025-11-19 00:06:39,,2025-11-18 16:14:16,	,225501370546	,小海豚600G,1813468330532	,厨房电器,净水器/净水设备及配件耗材,净水器,	,6923185653684	,6923185616399	,	,	,无售后或售后取消,,2025-11-18 00:06:39,	,,,,,,,否,否,	,否,	,,596.0	,0.0	,0.0	,100.0	,0.0	,0.0	,0.0	,0.0	,496.0	,596.0	,JDV024126228737,京东大件物流,广东省,佛山市,顺德区,,,否,否,	,	,	,否,	,	,	,	,	,	,	,	,	,	,	,	,否,否,	,否,否,,	,否,	,否,,,否
【母婴直饮】云米净水器 SE 600G+ 新升级厨下式RO反渗透直饮家用,251118-141641705761333,未发货，退款成功,1	,正常,2025-11-18 00:05:33,2025-11-19 00:05:33,,	,	,819506595979	,【24年新品】600G升级版6年长效,1787046011387	,厨房电器,净水器/净水设备及配件耗材,净水器,	,6923185653684	,6923185616399	,已建单拦截：ZX2509200064378，卫11.18,	,退款成功,,2025-11-18 00:05:33,	,,,,,,,否,否,	,否,	,,748.0	,0.0	,148.6	,5.0	,0.0	,0.0	,0.0	,0.0	,594.4	,599.4	,	,	,江西省,景德镇市,昌江区,,,否,否,	,	,	,否,	,	,	,	,	,	,	,	,	,	,	,	,否,否,	,否,否,,	,否,	,否,,,否
【6年套装】云米净水器600G小海豚升级版厨下式RO反渗透直饮家用,251117-640239562332182,已发货，待收货,1	,正常,2025-11-17 23:59:36,2025-11-18 23:59:36,,2025-11-18 16:14:15,	,852932116812	,小海豚600G+6年滤芯套装,1812983769340	,厨房电器,净水器/净水设备及配件耗材,净水器,	,S2508151538001,	,	,	,无售后或售后取消,,2025-11-17 23:59:36,	,,,,,,,否,否,	,否,	,,764.28	,0.0	,0.0	,91.71	,0.0	,0.0	,0.0	,0.0	,672.57	,764.28	,JDV024126303195,京东大件物流,福建省,泉州市,鲤城区,,,否,否,	,	,	,否,	,	,	,	,	,	,	,	,	,	,	,	,否,否,	,否,否,,	,否,	,否,,,否
云米小厨宝6L电热水器厨房卫生间出水恒温储水式小型速热神器加热,251117-292940726710455,已取消,1	,正常,	,	,,	,	,208073193570	,热水即刻有-【6L】,1801828025682	,大家电,热水器,厨宝,	,6923185611233	,6923185611233	,	,	,无售后或售后取消,,	,	,,,,,,,否,否,	,否,	,,279.0	,0.0	,28.0	,6.0	,0.0	,0.0	,0.0	,0.0	,245.0	,251.0	,	,	,****,****,****,****,,否,否,	,	,	,否,	,	,	,	,	,	,	,	,	,	,	,	,否,否,	,否,	,,	,否,	,否,,,否
【重磅新品】云米净水器600G小海豚升级版厨下式RO反渗透直饮家用,251117-193755943292701,已取消,1	,正常,	,	,,	,	,225501370546	,小海豚600G,1813468330532	,厨房电器,净水器/净水设备及配件耗材,净水器,	,6923185653684	,6923185616399	,	,	,无售后或售后取消,,	,	,,,,,,,否,否,	,否,	,,596.0	,0.0	,0.0	,0.0	,0.0	,0.0	,0.0	,0.0	,596.0	,596.0	,	,	,****,****,****,****,,否,否,	,	,	,否,	,	,	,	,	,	,	,	,	,	,	,	,否,否,	,否,	,,	,否,	,否,,,否
【母婴直饮】云米净水器 SE 600G+ 新升级厨下式RO反渗透直饮家用,251117-458122892891830,已取消,1	,正常,	,	,,	,	,819506595979	,【24年新品】600G升级版6年长效,1787046011387	,厨房电器,净水器/净水设备及配件耗材,净水器,	,6923185653684	,6923185616399	,	,	,无售后或售后取消,,	,	,,,,,,,否,否,	,否,	,,748.0	,0.0	,129.6	,100.0	,0.0	,0.0	,0.0	,0.0	,518.4	,618.4	,	,	,****,****,****,****,,否,否,	,	,	,否,	,	,	,	,	,	,	,	,	,	,	,	,否,否,	,否,	,,	,否,	,否,,,否
【重磅新品】云米净水器600G小海豚升级版厨下式RO反渗透直饮家用,251117-306719045953326,已发货，待收货,1	,正常,2025-11-17 23:27:27,2025-11-18 23:27:27,,2025-11-18 16:14:15,	,225501370546	,小海豚600G,1813468330532	,厨房电器,净水器/净水设备及配件耗材,净水器,	,6923185653684	,6923185616399	,主播：美然 场控：文蓝        权益：直播间抽奖10元红包,	,无售后或售后取消,,2025-11-17 23:27:27,	,,,,,,,否,否,	,否,	,,596.0	,0.0	,0.0	,59.6	,0.0	,0.0	,0.0	,0.0	,536.4	,596.0	,JDV024126228691,京东大件物流,广东省,广州市,番禺区,,,否,否,	,	,	,否,	,	,	,	,	,	,	,	,	,	,	,	,是,是,	,否,否,,	,否,	,否,,,否
【重磅新品】云米净水器600G小海豚升级版厨下式RO反渗透直饮家用,251117-459915989322773,未发货，退款成功,1	,正常,2025-11-17 23:21:36,2025-11-18 23:21:36,,	,	,225501370546	,小海豚600G,1813468330532	,厨房电器,净水器/净水设备及配件耗材,净水器,	,6923185653684	,6923185616399	,已建单拦截：ZX2511180066456，卫11.18,	,退款成功,,2025-11-17 23:21:36,	,,,,,,,否,否,	,否,	,,596.0	,0.0	,0.0	,89.4	,0.0	,0.0	,0.0	,0.0	,506.6	,596.0	,	,	,广东省,汕头市,潮阳区,,,否,否,	,	,	,否,	,	,	,	,	,	,	,	,	,	,	,	,否,否,	,否,否,,	,否,	,否,,,否
【重磅新品】云米净水器600G小海豚升级版厨下式RO反渗透直饮家用,251117-045298532783827,已取消,1	,正常,	,	,,	,	,225501370546	,小海豚600G,1813468330532	,厨房电器,净水器/净水设备及配件耗材,净水器,	,6923185653684	,6923185616399	,	,	,无售后或售后取消,,	,	,,,,,,,否,否,	,否,	,,596.0	,0.0	,0.0	,100.0	,0.0	,0.0	,0.0	,0.0	,496.0	,596.0	,	,	,****,****,****,****,,否,否,	,	,	,否,	,	,	,	,	,	,	,	,	,	,	,	,否,否,	,否,	,,	,否,	,否,,,否
云米小厨宝6L电热水器厨房卫生间出水恒温储水式小型速热神器加热,251117-138925862433082,已发货，待收货,1	,正常,2025-11-17 23:10:36,2025-11-18 23:10:36,,2025-11-18 10:22:59,	,208073193570	,热水即刻有-【6L】,1801828025682	,大家电,热水器,厨宝,	,6923185611233	,6923185611233	,	,	,无售后或售后取消,,2025-11-17 23:10:36,	,,,,,,,否,否,	,否,	,,279.0	,0.0	,28.0	,20.0	,0.2	,0.0	,0.0	,0.0	,231.0	,251.0	,JDV024122428550,京东大件物流,湖南省,株洲市,茶陵县,,,否,否,	,	,	,否,	,	,	,	,	,	,	,	,	,	,	,	,否,否,	,否,否,,	,否,	,否,,,否
【重磅新品】云米净水器600G小海豚升级版厨下式RO反渗透直饮家用,251117-376638083451385,已取消,1	,正常,	,	,,	,	,225501370546	,小海豚600G,1813468330532	,厨房电器,净水器/净水设备及配件耗材,净水器,	,6923185653684	,6923185616399	,	,	,无售后或售后取消,,	,	,,,,,,,否,否,	,否,	,,596.0	,0.0	,0.0	,59.6	,0.0	,0.0	,0.0	,0.0	,536.4	,596.0	,	,	,****,****,****,****,,否,否,	,	,	,否,	,	,	,	,	,	,	,	,	,	,	,	,否,否,	,否,	,,	,否,	,否,,,否
【重磅新品】云米净水器600G小海豚升级版厨下式RO反渗透直饮家用,251117-018549347953793,已取消,1	,正常,	,	,,	,	,225501370546	,小海豚600G,1813468330532	,厨房电器,净水器/净水设备及配件耗材,净水器,	,6923185653684	,6923185616399	,	,	,无售后或售后取消,,	,	,,,,,,,否,否,	,否,	,,596.0	,0.0	,0.0	,100.0	,0.0	,0.0	,0.0	,0.0	,496.0	,596.0	,	,	,****,****,****,****,,否,否,	,	,	,否,	,	,	,	,	,	,	,	,	,	,	,	,否,否,	,否,	,,	,否,	,否,,,否
【重磅新品】云米净水器600G小海豚升级版厨下式RO反渗透直饮家用,251117-435232500152099,未发货，退款成功,1	,正常,2025-11-17 22:56:35,2025-11-18 22:56:35,,	,	,225501370546	,小海豚600G,1813468330532	,厨房电器,净水器/净水设备及配件耗材,净水器,	,6923185653684	,6923185616399	,已建单拦截：ZX2511180066456，卫11.18,	,退款成功,,2025-11-17 22:56:35,	,,,,,,,否,否,	,否,	,,596.0	,0.0	,0.0	,29.8	,1.13	,0.0	,0.0	,0.0	,566.2	,596.0	,	,	,河南省,平顶山市,卫东区,,,否,否,	,	,	,否,	,	,	,	,	,	,	,	,	,	,	,	,否,否,	,否,否,,	,否,	,否,,,否
【重磅新品】云米净水器600G小海豚升级版厨下式RO反渗透直饮家用,251117-462841474690438,已取消,1	,正常,	,	,,	,	,225501370546	,小海豚600G,1813468330532	,厨房电器,净水器/净水设备及配件耗材,净水器,	,6923185653684	,6923185616399	,	,	,无售后或售后取消,,	,	,,,,,,,否,否,	,否,	,,596.0	,0.0	,0.0	,71.52	,0.0	,0.0	,0.0	,0.0	,524.48	,596.0	,	,	,****,****,****,****,,否,否,	,	,	,否,	,	,	,	,	,	,	,	,	,	,	,	,否,否,	,否,	,,	,否,	,否,,,否
【重磅新品】云米净水器600G小海豚升级版厨下式RO反渗透直饮家用,251117-516612503922000,已发货，待收货,1	,正常,2025-11-17 22:45:47,2025-11-18 22:45:47,,2025-11-18 16:14:16,	,225501370546	,小海豚600G,1813468330532	,厨房电器,净水器/净水设备及配件耗材,净水器,	,6923185653684	,6923185616399	,	,	,无售后或售后取消,,2025-11-17 22:45:47,	,,,,,,,否,否,	,否,	,,596.0	,0.0	,0.0	,89.4	,0.0	,0.0	,0.0	,0.0	,506.6	,596.0	,JDV024126286616,京东大件物流,广东省,广州市,黄埔区,,,否,否,	,	,	,否,	,	,	,	,	,	,	,	,	,	,	,	,否,否,	,否,否,,	,否,	,否,,,否
【重磅新品】云米净水器600G小海豚升级版厨下式RO反渗透直饮家用,251117-205541906061267,已取消,1	,正常,	,	,,	,	,225501370546	,小海豚600G,1813468330532	,厨房电器,净水器/净水设备及配件耗材,净水器,	,6923185653684	,6923185616399	,	,	,无售后或售后取消,,	,	,,,,,,,否,否,	,否,	,,596.0	,0.0	,0.0	,89.4	,0.0	,0.0	,0.0	,0.0	,506.6	,596.0	,	,	,****,****,****,****,,否,否,	,	,	,否,	,	,	,	,	,	,	,	,	,	,	,	,否,否,	,否,	,,	,否,	,否,,,否
【重磅新品】云米净水器600G小海豚升级版厨下式RO反渗透直饮家用,251117-127339149660714,已发货，待收货,1	,正常,2025-11-17 22:41:57,2025-11-18 22:41:57,,2025-11-18 10:22:58,	,225501370546	,小海豚600G,1813468330532	,厨房电器,净水器/净水设备及配件耗材,净水器,	,6923185653684	,6923185616399	,	,	,无售后或售后取消,,2025-11-17 22:41:57,	,,,,,,,否,否,	,否,	,,596.0	,0.0	,0.0	,59.6	,0.0	,0.0	,0.0	,0.0	,536.4	,596.0	,JDV024121133039,京东大件物流,山东省,青岛市,城阳区,,,否,否,	,	,	,否,	,	,	,	,	,	,	,	,	,	,	,	,否,否,	,否,否,,	,否,	,否,,,否
云米小厨宝6L电热水器厨房卫生间出水恒温储水式小型速热神器加热,251117-513603028561821,已发货，待收货,1	,正常,2025-11-17 22:38:24,2025-11-18 22:38:24,,2025-11-18 09:30:01,	,208073193570	,热水即刻有-【6L】,1801828025682	,大家电,热水器,厨宝,	,6923185611233	,6923185611233	,	,	,无售后或售后取消,,2025-11-17 22:38:24,	,,,,,,,否,否,	,否,	,,279.0	,0.0	,28.0	,16.0	,0.0	,0.0	,0.0	,0.0	,235.0	,251.0	,JDV024122587903,京东大件物流,湖北省,武汉市,硚口区,,,否,否,	,	,	,否,	,	,	,	,	,	,	,	,	,	,	,	,否,否,	,否,否,,	,否,	,否,,,否
【新品】云米120°超广角猫眼全自动智能门锁家用客厅室内高清大屏,251117-610816571753916,未发货，退款成功,1	,正常,2025-11-17 22:32:05,2025-11-18 22:32:05,,	,	,697436012016	,超广角猫眼蓝调门锁,1689999602375	,基础建材,智能门锁/电子锁,智能门锁/电子锁,	,6923185654667	,6923185654667	,聚水潭已取消发货 已退款 卫11.18,	,退款成功,,2025-11-17 22:32:05,	,,,,,,,否,否,	,否,	,,799.0	,0.0	,0.0	,3.0	,5.0	,0.0	,0.0	,0.0	,796.0	,799.0	,	,	,福建省,福州市,闽侯县,,,否,否,	,	,	,否,	,	,	,	,	,	,	,	,	,	,	,	,否,否,	,否,否,,	,否,	,否,,,否
【重磅新品】云米净水器600G小海豚升级版厨下式RO反渗透直饮家用,251117-064235794040569,已发货，待收货,1	,正常,2025-11-17 22:22:36,2025-11-18 22:22:36,,2025-11-18 09:30:01,	,225501370546	,小海豚600G,1813468330532	,厨房电器,净水器/净水设备及配件耗材,净水器,	,6923185653684	,6923185616399	,	,	,无售后或售后取消,,2025-11-17 22:22:36,	,,,,,,,否,否,	,否,	,,596.0	,0.0	,0.0	,100.0	,0.0	,0.0	,0.0	,0.0	,496.0	,596.0	,JDV024121132991,京东大件物流,河北省,廊坊市,霸州市,,,否,否,	,	,	,否,	,	,	,	,	,	,	,	,	,	,	,	,否,是,	,否,否,,	,否,	,否,,,否
云米净水器滤芯小蓝调小海豚600G+专用复合滤芯RO反渗透滤芯过滤,251117-097559580982184,已发货，待收货,1	,正常,2025-11-17 22:24:24,2025-11-18 22:24:24,,2025-11-18 10:22:58,	,296967601341	,5in1复合滤芯 2年长效,1600193054565	,厨房电器,净水器/净水设备及配件耗材,净水器配件耗材,	,6923185627425	,	,后返，到手价109,	,无售后或售后取消,,2025-11-17 22:24:24,	,,,,,,,否,否,	,否,	,,299.0	,0.0	,0.0	,0.0	,0.2	,0.0	,0.0	,0.0	,299.0	,299.0	,JDV024119700229,京东大件物流,河南省,商丘市,睢阳区,,,否,否,	,	,	,否,	,	,	,	,	,	,	,	,	,	,	,	,否,否,	,否,否,,	,否,	,否,,,否
云米顶侧大吸力蓝调油烟机家用厨房节能自清洁一级能效可挥手智控,251117-309592144290705,已发货，待收货,1	,正常,2025-11-17 22:17:06,2025-11-18 22:17:06,,2025-11-18 09:30:02,	,657344402006	,云米智清洁挥手智控单烟机,1723825075586	,大家电,厨房大电,油烟机,	,6923185650973	,6923185650973	,	,	,无售后或售后取消,,2025-11-17 22:17:06,	,,,,,,,否,否,	,否,	,,839.0	,0.0	,48.0	,32.0	,1.51	,0.0	,0.0	,0.0	,759.0	,791.0	,JDV024122405745,京东大件物流,河北省,保定市,涿州市,,,否,否,	,	,	,否,	,	,	,	,	,	,	,	,	,	,	,	,否,否,	,否,否,,	,否,	,否,,,否
【重磅新品】云米净水器600G小海豚升级版厨下式RO反渗透直饮家用,251117-046860910970282,已取消,1	,正常,	,	,,	,	,225501370546	,小海豚600G,1813468330532	,厨房电器,净水器/净水设备及配件耗材,净水器,	,6923185653684	,6923185616399	,	,	,无售后或售后取消,,	,	,,,,,,,否,否,	,否,	,,596.0	,0.0	,0.0	,0.0	,0.0	,0.0	,0.0	,0.0	,596.0	,596.0	,	,	,****,****,****,****,,否,否,	,	,	,否,	,	,	,	,	,	,	,	,	,	,	,	,否,否,	,否,	,,	,否,	,否,,,否
云米3000W速热电热水器家用浴室免换镁棒一级能效抑菌内胆免清洗,251117-103546898032228,已发货，待收货,1	,正常,2025-11-17 22:08:07,2025-11-18 22:08:08,,2025-11-18 09:30:01,	,369876178838	,速热3000W免换镁棒电热水器60L,1799960621871	,大家电,热水器,电热水器,	,6923185611899	,6923185611882	,	,	,无售后或售后取消,,2025-11-17 22:08:08,	,,,,,,,否,否,	,否,	,,790.0	,0.0	,36.0	,24.0	,1.46	,0.0	,0.0	,0.0	,730.0	,754.0	,JDV024122428605,京东大件物流,广西壮族自治区,南宁市,武鸣区,,,否,否,	,	,	,否,	,	,	,	,	,	,	,	,	,	,	,	,否,否,	,否,否,,	,否,	,否,,,否
【重磅新品】云米净水器600G小海豚升级版厨下式RO反渗透直饮家用,251117-387260158340276,已发货，待收货,1	,正常,2025-11-17 22:04:48,2025-11-18 22:04:48,,2025-11-18 09:30:02,	,225501370546	,小海豚600G,1813468330532	,厨房电器,净水器/净水设备及配件耗材,净水器,	,6923185653684	,6923185616399	,	,	,无售后或售后取消,,2025-11-17 22:04:48,	,,,,,,,否,否,	,否,	,,596.0	,0.0	,0.0	,59.6	,0.0	,0.0	,0.0	,0.0	,536.4	,596.0	,JDV024120044668,京东大件物流,天津市,天津市,西青区,,,否,否,	,	,	,否,	,	,	,	,	,	,	,	,	,	,	,	,否,否,	,否,是,3	,商家,否,	,否,,花呗分期,否
【重磅新品】云米净水器600G小海豚升级版厨下式RO反渗透直饮家用,251117-104532559493761,已取消,1	,正常,	,	,,	,	,225501370546	,小海豚600G,1813468330532	,厨房电器,净水器/净水设备及配件耗材,净水器,	,6923185653684	,6923185616399	,	,	,无售后或售后取消,,	,	,,,,,,,否,否,	,否,	,,596.0	,0.0	,0.0	,89.4	,0.0	,0.0	,0.0	,0.0	,506.6	,596.0	,	,	,****,****,****,****,,否,否,	,	,	,否,	,	,	,	,	,	,	,	,	,	,	,	,是,否,	,否,	,,	,否,	,否,,,否
【重磅新品】云米净水器600G小海豚升级版厨下式RO反渗透直饮家用,251117-234807631493761,已发货，待收货,1	,正常,2025-11-17 21:57:59,2025-11-18 21:58:00,,2025-11-18 09:30:02,	,225501370546	,小海豚600G,1813468330532	,厨房电器,净水器/净水设备及配件耗材,净水器,	,6923185653684	,6923185616399	,主播：美然 场控：文蓝        权益：直播间抽奖10元红包,	,无售后或售后取消,,2025-11-17 21:58:00,	,,,,,,,否,否,	,否,	,,596.0	,0.0	,0.0	,89.4	,0.0	,0.0	,0.0	,0.0	,506.6	,596.0	,JDV024120030216,京东大件物流,河北省,保定市,阜平县,,,否,否,	,	,	,否,	,	,	,	,	,	,	,	,	,	,	,	,是,是,	,否,否,,	,否,	,否,,,否
【重磅新品】云米净水器600G小海豚升级版厨下式RO反渗透直饮家用,251117-439101745561354,已取消,1	,正常,	,	,,	,	,225501370546	,小海豚600G,1813468330532	,厨房电器,净水器/净水设备及配件耗材,净水器,	,6923185653684	,6923185616399	,	,	,无售后或售后取消,,	,	,,,,,,,否,否,	,否,	,,596.0	,0.0	,0.0	,89.4	,0.0	,0.0	,0.0	,0.0	,506.6	,596.0	,	,	,****,****,****,****,,否,否,	,	,	,否,	,	,	,	,	,	,	,	,	,	,	,	,否,否,	,否,	,,	,否,	,否,,,否
【重磅新品】云米净水器600G小海豚升级版厨下式RO反渗透直饮家用,251117-216059165081111,已发货，待收货,1	,正常,2025-11-17 21:45:51,2025-11-18 21:45:52,2025-11-19 23:59:59,2025-11-18 10:22:58,	,225501370546	,小海豚600G,1813468330532	,厨房电器,净水器/净水设备及配件耗材,净水器,	,6923185653684	,6923185616399	,	,	,售后处理中,,2025-11-17 21:45:52,	,,,,,,,否,否,	,否,	,,596.0	,0.0	,0.0	,65.56	,1.06	,0.0	,0.0	,0.0	,530.44	,596.0	,JDV024122428479,京东大件物流,江苏省,南通市,崇川区,,,否,否,	,	,	,否,	,	,	,	,	,	,	,	,	,	,	,	,否,否,	,否,否,,	,否,	,否,,,否
云米小厨宝6L电热水器厨房卫生间出水恒温储水式小型速热神器加热,251117-465662133850718,已发货，待收货,1	,正常,2025-11-17 21:42:53,2025-11-18 21:42:53,,2025-11-18 09:30:01,	,208073193570	,热水即刻有-【6L】,1801828025682	,大家电,热水器,厨宝,	,6923185611233	,6923185611233	,	,	,无售后或售后取消,,2025-11-17 21:42:53,	,,,,,,,否,否,	,否,	,,279.0	,0.0	,28.0	,50.0	,0.0	,0.0	,0.0	,0.0	,201.0	,251.0	,JDV024122559221,京东大件物流,江苏省,徐州市,金山桥开发区,,,否,否,	,	,	,否,	,	,	,	,	,	,	,	,	,	,	,	,否,否,	,否,否,,	,否,	,否,,,否
【重磅新品】云米净水器600G小海豚升级版厨下式RO反渗透直饮家用,251117-596126021951577,已发货，待收货,1	,正常,2025-11-17 21:39:46,2025-11-18 21:39:46,,2025-11-18 09:30:02,	,225501370546	,小海豚600G,1813468330532	,厨房电器,净水器/净水设备及配件耗材,净水器,	,6923185653684	,6923185616399	,15031581129安装 [viomi英英sk 11/19 16:14],	,无售后或售后取消,,2025-11-17 21:39:46,	,,,,,,,否,否,	,否,	,,596.0	,0.0	,0.0	,89.4	,0.0	,0.0	,0.0	,0.0	,506.6	,596.0	,JDV024120100971,京东大件物流,河北省,唐山市,开平区,,,否,否,	,	,	,否,	,	,	,	,	,	,	,	,	,	,	,	,否,是,	,否,否,,	,否,	,否,,,否
【重磅新品】云米净水器600G小海豚升级版厨下式RO反渗透直饮家用,251117-191857989183226,未发货，退款成功,1	,正常,2025-11-17 21:37:19,2025-11-18 21:37:20,,	,	,225501370546	,小海豚600G,1813468330532	,厨房电器,净水器/净水设备及配件耗材,净水器,	,6923185653684	,6923185616399	,聚水潭已取消发货 已退款 卫11.18,	,退款成功,,2025-11-17 21:37:20,	,,,,,,,否,否,	,否,	,,596.0	,0.0	,0.0	,59.6	,0.0	,0.0	,0.0	,0.0	,536.4	,596.0	,	,	,河北省,唐山市,开平区,,,否,否,	,	,	,否,	,	,	,	,	,	,	,	,	,	,	,	,否,否,	,否,否,,	,否,	,否,,,否
【6年套装】云米净水器600G小海豚升级版厨下式RO反渗透直饮家用,251117-585587781163755,未发货，退款成功,1	,正常,2025-11-17 21:37:02,2025-11-18 21:37:02,,	,	,852932116812	,小海豚600G+6年滤芯套装,1812983769340	,厨房电器,净水器/净水设备及配件耗材,净水器,	,S2508151538001,	,聚水潭已取消发货 已退款 卫11.18,	,退款成功,,2025-11-17 21:37:02,	,,,,,,,否,否,	,否,	,,764.28	,0.0	,0.0	,50.0	,0.0	,0.0	,0.0	,0.0	,714.28	,764.28	,	,	,山东省,淄博市,临淄区,,,否,否,	,	,	,否,	,	,	,	,	,	,	,	,	,	,	,	,否,否,	,否,否,,	,否,	,否,,,否
【重磅新品】云米净水器600G小海豚升级版厨下式RO反渗透直饮家用,251117-538569685360616,已发货，待收货,1	,正常,2025-11-17 21:36:36,2025-11-18 21:36:36,,2025-11-18 10:22:58,	,225501370546	,小海豚600G,1813468330532	,厨房电器,净水器/净水设备及配件耗材,净水器,	,6923185653684	,6923185616399	,	,	,无售后或售后取消,,2025-11-17 21:36:36,	,,,,,,,否,否,	,否,	,,596.0	,0.0	,0.0	,71.52	,0.0	,0.0	,0.0	,0.0	,524.48	,596.0	,JDV024122432762,京东大件物流,四川省,成都市,成华区,,,否,否,	,	,	,否,	,	,	,	,	,	,	,	,	,	,	,	,否,否,	,否,否,,	,否,	,否,,,否
【重磅新品】云米净水器600G小海豚升级版厨下式RO反渗透直饮家用,251117-219068557680616,未发货，退款成功,1	,正常,2025-11-17 21:35:26,2025-11-18 21:35:26,,	,	,225501370546	,小海豚600G,1813468330532	,厨房电器,净水器/净水设备及配件耗材,净水器,	,6923185653684	,6923185616399	,聚水潭已取消发货 已退款 卫11.18,	,退款成功,,2025-11-17 21:35:26,	,,,,,,,否,否,	,否,	,,596.0	,0.0	,0.0	,29.8	,0.0	,0.0	,0.0	,0.0	,566.2	,596.0	,	,	,四川省,成都市,成华区,,,否,否,	,	,	,否,	,	,	,	,	,	,	,	,	,	,	,	,否,否,	,否,否,,	,否,	,否,,,否
【重磅新品】云米净水器600G小海豚升级版厨下式RO反渗透直饮家用,251117-226188388752066,已取消,1	,正常,	,	,,	,	,225501370546	,小海豚600G,1813468330532	,厨房电器,净水器/净水设备及配件耗材,净水器,	,6923185653684	,6923185616399	,	,	,无售后或售后取消,,	,	,,,,,,,否,否,	,否,	,,596.0	,0.0	,0.0	,89.4	,0.0	,0.0	,0.0	,0.0	,506.6	,596.0	,	,	,****,****,****,****,,否,否,	,	,	,否,	,	,	,	,	,	,	,	,	,	,	,	,否,否,	,否,	,,	,否,	,否,,,否
【重磅新品】云米净水器600G小海豚升级版厨下式RO反渗透直饮家用,251117-501900920413847,未发货，退款成功,1	,正常,2025-11-17 21:46:33,2025-11-18 21:46:33,,	,	,225501370546	,小海豚600G,1813468330532	,厨房电器,净水器/净水设备及配件耗材,净水器,	,6923185653684	,6923185616399	,聚水潭已取消发货 已退款 卫11.18,	,退款成功,,2025-11-17 21:46:33,	,,,,,,,否,否,	,否,	,,596.0	,0.0	,0.0	,89.4	,0.0	,0.0	,0.0	,0.0	,506.6	,596.0	,	,	,河北省,保定市,阜平县,,,否,否,	,	,	,否,	,	,	,	,	,	,	,	,	,	,	,	,否,是,	,否,否,,	,否,	,否,,,否
云米16即热零冷水燃气热水器智能低水压双调恒温防冻安全保护速热,251117-016714351022768,已取消,1	,正常,	,	,,	,	,216845252864	,云米即开即热16L零冷水热水器,1731415907130	,大家电,热水器,燃气热水器,	,6923185611226	,6923185611226	,	,	,无售后或售后取消,,	,	,,,,,,,否,否,	,否,	,,898.0	,0.0	,0.0	,0.0	,0.0	,0.0	,0.0	,0.0	,898.0	,898.0	,	,	,****,****,****,****,,否,否,	,	,	,否,	,	,	,	,	,	,	,	,	,	,	,	,否,否,	,否,	,,	,否,	,否,,,否
云米净水器滤芯小蓝调小海豚600G+专用复合滤芯RO反渗透滤芯过滤,251117-480772176282143,未发货，退款成功,1	,正常,2025-11-17 21:24:17,2025-11-18 21:24:17,,	,	,296967601341	,5in1复合滤芯 2年长效,1600193054565	,厨房电器,净水器/净水设备及配件耗材,净水器配件耗材,	,6923185627425	,	,后返99/根==已建单拦截：ZX2511180066456，卫11.18,	,退款成功,,2025-11-17 21:24:17,	,,,,,,,否,否,	,否,	,,299.0	,0.0	,0.0	,0.0	,0.0	,0.0	,0.0	,0.0	,299.0	,299.0	,	,	,山东省,济南市,槐荫区,,,否,否,	,	,	,否,	,	,	,	,	,	,	,	,	,	,	,	,是,是,	,否,否,,	,否,	,否,,,否
云米净水器滤芯小蓝调小海豚600G+专用复合滤芯RO反渗透滤芯过滤,251117-331769495840788,已发货，待收货,1	,正常,2025-11-17 21:21:57,2025-11-18 21:21:57,,2025-11-18 13:34:50,	,296967601341	,5in1复合滤芯 2年长效,1600193054565	,厨房电器,净水器/净水设备及配件耗材,净水器配件耗材,	,6923185627425	,	,	,	,无售后或售后取消,,2025-11-17 21:21:57,	,,,,,,,否,否,	,否,中国新疆中转,,299.0	,0.0	,0.0	,2.0	,0.0	,0.0	,0.0	,0.0	,297.0	,299.0	,JDV024119004797,京东大件物流,陕西省,咸阳市,渭城区,,,否,否,	,	,	,否,	,	,	,	,	,	,	,	,	,	,	,	,否,是,	,否,否,,	,否,	,否,,,否
【重磅新品】云米净水器600G小海豚升级版厨下式RO反渗透直饮家用,251117-226628811040788,已发货，待收货,1	,正常,2025-11-17 21:20:38,2025-11-18 21:20:38,,2025-11-18 10:22:59,	,225501370546	,小海豚600G,1813468330532	,厨房电器,净水器/净水设备及配件耗材,净水器,	,6923185653684	,6923185616399	,	,	,无售后或售后取消,,2025-11-17 21:20:38,	,,,,,,,否,否,	,否,	,,596.0	,0.0	,0.0	,48.0	,0.0	,0.0	,0.0	,0.0	,548.0	,596.0	,JDV024122425708,京东大件物流,新疆维吾尔自治区,乌鲁木齐市,米东区,,,否,否,	,	,	,否,	,	,	,	,	,	,	,	,	,	,	,	,否,是,	,否,否,,	,否,	,否,,,否
【重磅新品】云米净水器600G小海豚升级版厨下式RO反渗透直饮家用,251117-076336350803666,已取消,1	,正常,	,	,,	,	,225501370546	,小海豚600G,1813468330532	,厨房电器,净水器/净水设备及配件耗材,净水器,	,6923185653684	,6923185616399	,	,	,无售后或售后取消,,	,	,,,,,,,否,否,	,否,	,,596.0	,0.0	,0.0	,89.4	,0.0	,0.0	,0.0	,0.0	,506.6	,596.0	,	,	,****,****,****,****,,否,否,	,	,	,否,	,	,	,	,	,	,	,	,	,	,	,	,否,否,	,否,	,,	,否,	,否,,,否
【重磅新品】云米净水器600G小海豚升级版厨下式RO反渗透直饮家用,251117-492830779833747,已取消,1	,正常,	,	,,	,	,225501370546	,小海豚600G,1813468330532	,厨房电器,净水器/净水设备及配件耗材,净水器,	,6923185653684	,6923185616399	,	,	,无售后或售后取消,,	,	,,,,,,,否,否,	,否,	,,596.0	,0.0	,0.0	,89.4	,0.0	,0.0	,0.0	,0.0	,506.6	,596.0	,	,	,****,****,****,****,,否,否,	,	,	,否,	,	,	,	,	,	,	,	,	,	,	,	,否,否,	,否,	,,	,否,	,否,,,否
【母婴直饮】云米净水器 SE 600G+ 新升级厨下式RO反渗透直饮家用,251117-210271025532408,已发货，待收货,1	,正常,2025-11-17 21:11:57,2025-11-18 21:11:58,2025-11-19 23:59:59,2025-11-18 09:30:03,	,819506595979	,【24年新品】600G升级版6年长效,1787046011387	,厨房电器,净水器/净水设备及配件耗材,净水器,	,6923185653684	,6923185616399	,	,	,无售后或售后取消,,2025-11-17 21:11:58,	,,,,,,,否,否,	,否,	,,748.0	,0.0	,149.6	,0.0	,0.0	,0.0	,0.0	,0.0	,598.4	,598.4	,JDV024122548314,京东大件物流,安徽省,合肥市,包河区,,,否,否,	,	,	,否,	,	,	,	,	,	,	,	,	,	,	,	,否,否,	,否,否,,	,否,	,否,,,否
【母婴直饮】云米净水器 SE 600G+ 新升级厨下式RO反渗透直饮家用,251117-565780212133488,未发货，退款成功,1	,正常,2025-11-17 21:14:34,2025-11-18 21:14:35,,	,	,819506595979	,【24年新品】600G升级版6年长效,1787046011387	,厨房电器,净水器/净水设备及配件耗材,净水器,	,6923185653684	,6923185616399	,已建单拦截：ZX2511180066456，卫11.18,	,退款成功,,2025-11-17 21:14:35,	,,,,,,,否,否,	,否,	,,748.0	,0.0	,142.12	,37.4	,0.0	,0.0	,0.0	,0.0	,568.48	,605.88	,	,	,河北省,唐山市,路北区,,,否,否,	,	,	,否,	,	,	,	,	,	,	,	,	,	,	,	,否,否,	,否,否,,	,否,	,否,,,否
【重磅新品】云米净水器600G小海豚升级版厨下式RO反渗透直饮家用,251117-546853435802143,已发货，待收货,1	,正常,2025-11-17 21:05:11,2025-11-18 21:05:11,,2025-11-18 09:30:02,	,225501370546	,小海豚600G,1813468330532	,厨房电器,净水器/净水设备及配件耗材,净水器,	,6923185653684	,6923185616399	,主播：美然 场控：文蓝        权益：直播间抽奖10元红包,	,无售后或售后取消,,2025-11-17 21:05:11,	,,,,,,,否,否,	,否,	,,596.0	,0.0	,0.0	,100.0	,0.0	,0.0	,0.0	,0.0	,496.0	,596.0	,JDV024119523763,京东大件物流,山东省,济南市,槐荫区,,,否,否,	,	,	,否,	,	,	,	,	,	,	,	,	,	,	,	,否,是,	,否,否,,	,否,	,否,,,否
【重磅新品】云米净水器600G小海豚升级版厨下式RO反渗透直饮家用,251117-280148109702404,已取消,1	,正常,	,	,,	,	,225501370546	,小海豚600G,1813468330532	,厨房电器,净水器/净水设备及配件耗材,净水器,	,6923185653684	,6923185616399	,	,	,无售后或售后取消,,	,	,,,,,,,否,否,	,否,	,,596.0	,0.0	,0.0	,100.0	,0.0	,0.0	,0.0	,0.0	,496.0	,596.0	,	,	,****,****,****,****,,否,否,	,	,	,否,	,	,	,	,	,	,	,	,	,	,	,	,否,否,	,否,	,,	,否,	,否,,,否
【重磅新品】云米净水器600G小海豚升级版厨下式RO反渗透直饮家用,251117-664849651262193,已取消,1	,正常,	,	,,	,	,225501370546	,小海豚600G,1813468330532	,厨房电器,净水器/净水设备及配件耗材,净水器,	,6923185653684	,6923185616399	,	,	,无售后或售后取消,,	,	,,,,,,,否,否,	,否,	,,596.0	,0.0	,0.0	,89.4	,0.0	,0.0	,0.0	,0.0	,506.6	,596.0	,	,	,****,****,****,****,,否,否,	,	,	,否,	,	,	,	,	,	,	,	,	,	,	,	,否,否,	,否,	,,	,否,	,否,,,否
云米60升AI速热高温抑菌电热水器3000W一级节能变频增容家用租房,251117-178006321470744,已取消,1	,正常,	,	,,	,	,226368376224	,3000W速热安全60L热水器,1737176648260	,大家电,热水器,电热水器,	,6923185602224	,6923185602224	,	,	,无售后或售后取消,,	,	,,,,,,,否,否,	,否,	,,654.0	,0.0	,36.0	,24.0	,0.0	,0.0	,0.0	,0.0	,594.0	,618.0	,	,	,****,****,****,****,,否,否,	,	,	,否,	,	,	,	,	,	,	,	,	,	,	,	,否,否,	,否,	,,	,否,	,否,,,否
VIOMI云米净水器大通量小海豚800G反渗透RO厨下式家用长效滤芯,251117-075057077793723,已取消,1	,正常,	,	,,	,	,837957770723	,800G大通量纯水机,1809123722986	,厨房电器,净水器/净水设备及配件耗材,净水器配件耗材,	,6923185653974	,	,	,	,无售后或售后取消,,	,	,,,,,,,否,否,	,否,	,,749.0	,0.0	,0.0	,100.0	,0.0	,0.0	,0.0	,0.0	,649.0	,749.0	,	,	,****,****,****,****,,否,否,	,	,	,否,	,	,	,	,	,	,	,	,	,	,	,	,否,否,	,否,	,,	,否,	,否,,,否
云米智能AI门锁3D指纹密码蓝牙可连大容量续航家用公寓自动安全,251117-627342087771053,已发货，待收货,1	,正常,2025-11-17 20:42:06,2025-11-18 20:42:06,,2025-11-18 09:30:02,	,743885774552	,"云米蓝调指纹密码锁LBT11C,黑色",1734954999916	,基础建材,智能门锁/电子锁,智能门锁/电子锁,	,6923185655381	,6923185655381	,	,	,无售后或售后取消,,2025-11-17 20:42:06,	,,,,,,,否,否,	,否,	,,662.0	,0.0	,70.0	,24.0	,0.0	,0.0	,0.0	,0.0	,568.0	,592.0	,JDV024122428309,京东大件物流,山东省,临沂市,河东区,,,否,否,	,	,	,否,	,	,	,	,	,	,	,	,	,	,	,	,否,否,	,否,是,12	,消费者,否,	,否,,信用卡分期,否
云米智能AI门锁3D指纹密码蓝牙可连大容量续航家用公寓自动安全,251117-122347886171053,已取消,1	,正常,	,	,,	,	,743885774552	,"云米蓝调指纹密码锁LBT11C,黑色",1734954999916	,基础建材,智能门锁/电子锁,智能门锁/电子锁,	,6923185655381	,6923185655381	,	,	,无售后或售后取消,,	,	,,,,,,,否,否,	,否,	,,662.0	,0.0	,70.0	,24.0	,0.0	,0.0	,0.0	,0.0	,568.0	,592.0	,	,	,****,****,****,****,,否,否,	,	,	,否,	,	,	,	,	,	,	,	,	,	,	,	,否,否,	,否,	,,	,否,	,否,,,否
【重磅新品】云米净水器600G小海豚升级版厨下式RO反渗透直饮家用,251117-192633966943858,已取消,1	,正常,	,	,,	,	,225501370546	,小海豚600G,1813468330532	,厨房电器,净水器/净水设备及配件耗材,净水器,	,6923185653684	,6923185616399	,	,	,无售后或售后取消,,	,	,,,,,,,否,否,	,否,	,,596.0	,0.0	,0.0	,95.36	,0.0	,0.0	,0.0	,0.0	,500.64	,596.0	,	,	,****,****,****,****,,否,否,	,	,	,否,	,	,	,	,	,	,	,	,	,	,	,	,否,否,	,否,	,,	,否,	,否,,,否
云米小厨宝6L电热水器厨房卫生间出水恒温储水式小型速热神器加热,251117-398983217560828,已发货，待收货,1	,正常,2025-11-17 20:40:52,2025-11-18 20:40:53,,2025-11-18 10:22:59,	,208073193570	,热水即刻有-【6L】,1801828025682	,大家电,热水器,厨宝,	,6923185611233	,6923185611233	,	,	,无售后或售后取消,,2025-11-17 20:40:53,	,,,,,,,否,否,	,否,	,,279.0	,0.0	,28.0	,6.0	,0.0	,0.0	,0.0	,0.0	,245.0	,251.0	,JDV024122430055,京东大件物流,山西省,长治市,屯留区,,,否,否,	,	,	,否,	,	,	,	,	,	,	,	,	,	,	,	,否,否,	,否,否,,	,否,	,否,,,否
【重磅新品】云米净水器600G小海豚升级版厨下式RO反渗透直饮家用,251117-057640230530489,已取消,1	,正常,	,	,,	,	,225501370546	,小海豚600G,1813468330532	,厨房电器,净水器/净水设备及配件耗材,净水器,	,6923185653684	,6923185616399	,	,	,无售后或售后取消,,	,	,,,,,,,否,否,	,否,	,,596.0	,0.0	,0.0	,95.36	,0.0	,0.0	,0.0	,0.0	,500.64	,596.0	,	,	,****,****,****,****,,否,否,	,	,	,否,	,	,	,	,	,	,	,	,	,	,	,	,否,否,	,否,	,,	,否,	,否,,,否
【重磅新品】云米净水器600G小海豚升级版厨下式RO反渗透直饮家用,251117-374226316822548,已发货，待收货,1	,正常,2025-11-17 20:34:27,2025-11-18 20:34:27,,2025-11-18 09:30:02,	,225501370546	,小海豚600G,1813468330532	,厨房电器,净水器/净水设备及配件耗材,净水器,	,6923185653684	,6923185616399	,	,	,无售后或售后取消,,2025-11-17 20:34:27,	,,,,,,,否,否,	,否,	,,596.0	,0.0	,0.0	,100.0	,0.0	,0.0	,0.0	,0.0	,496.0	,596.0	,JDV024119540486,京东大件物流,天津市,天津市,南开区,,,否,否,	,	,	,否,	,	,	,	,	,	,	,	,	,	,	,	,否,否,	,否,否,,	,否,	,否,,,否
【重磅新品】云米净水器600G小海豚升级版厨下式RO反渗透直饮家用,251117-113917314682507,已取消,1	,正常,	,	,,	,	,225501370546	,小海豚600G,1813468330532	,厨房电器,净水器/净水设备及配件耗材,净水器,	,6923185653684	,6923185616399	,	,	,无售后或售后取消,,	,	,,,,,,,否,否,	,否,	,,596.0	,0.0	,0.0	,89.4	,0.0	,0.0	,0.0	,0.0	,506.6	,596.0	,	,	,****,****,****,****,,否,否,	,	,	,否,	,	,	,	,	,	,	,	,	,	,	,	,否,否,	,否,	,,	,否,	,否,,,否
云米AI油烟机双腔大吸力Smart双腔一级能效23m³大风压智清洁节能,251117-647632075050105,已取消,1	,正常,	,	,,	,	,750412983827	,AI双腔强吸油烟机,1737582711971	,大家电,厨房大电,油烟机,	,6923185649229	,6923185649229	,	,	,无售后或售后取消,,	,	,,,,,,,否,否,	,否,	,,789.0	,0.0	,0.0	,50.0	,0.0	,0.0	,0.0	,0.0	,739.0	,789.0	,	,	,****,****,****,****,,否,否,	,	,	,否,	,	,	,	,	,	,	,	,	,	,	,	,否,否,	,否,	,,	,否,	,否,,,否
【重磅新品】云米净水器600G小海豚升级版厨下式RO反渗透直饮家用,251117-245545070202507,已取消,1	,正常,	,	,,	,	,225501370546	,小海豚600G,1813468330532	,厨房电器,净水器/净水设备及配件耗材,净水器,	,6923185653684	,6923185616399	,	,	,无售后或售后取消,,	,	,,,,,,,否,否,	,否,	,,596.0	,0.0	,0.0	,89.4	,0.0	,0.0	,0.0	,0.0	,506.6	,596.0	,	,	,****,****,****,****,,否,否,	,	,	,否,	,	,	,	,	,	,	,	,	,	,	,	,否,否,	,否,	,,	,否,	,否,,,否
【重磅新品】云米净水器600G小海豚升级版厨下式RO反渗透直饮家用,251117-203088259420441,已发货，待收货,1	,正常,2025-11-17 20:23:23,2025-11-18 20:23:23,,2025-11-18 09:30:02,	,225501370546	,小海豚600G,1813468330532	,厨房电器,净水器/净水设备及配件耗材,净水器,	,6923185653684	,6923185616399	,主播：美然 场控：文蓝        权益：直播间抽奖10元红包,	,无售后或售后取消,,2025-11-17 20:23:23,	,,,,,,,否,否,	,否,	,,596.0	,0.0	,0.0	,59.6	,0.0	,0.0	,0.0	,0.0	,536.4	,596.0	,JDV024119540469,京东大件物流,山东省,济南市,历下区,,,否,否,	,	,	,否,	,	,	,	,	,	,	,	,	,	,	,	,是,是,	,否,否,,	,否,	,否,,,否
【重磅新品】云米净水器600G小海豚升级版厨下式RO反渗透直饮家用,251117-083099697461278,已发货，待收货,1	,正常,2025-11-17 20:31:38,2025-11-18 20:31:38,,2025-11-18 09:30:02,	,852161740747	,小海豚600G+6年滤芯套装,1812658223669	,厨房电器,净水器/净水设备及配件耗材,净水器,	,S2508151538001,	,后返，送TDS笔,	,无售后或售后取消,,2025-11-17 20:31:38,	,,,,,,,否,否,	,否,	,,771.0	,0.0	,0.0	,100.0	,0.0	,0.0	,0.0	,0.0	,671.0	,771.0	,JDV024122538819,京东大件物流,湖北省,十堰市,郧西县,,,否,否,	,	,	,否,	,	,	,	,	,	,	,	,	,	,	,	,否,否,	,否,否,,	,否,	,否,,,否
【重磅新品】云米净水器600G小海豚升级版厨下式RO反渗透直饮家用,251117-265258320270562,已取消,1	,正常,	,	,,	,	,225501370546	,小海豚600G,1813468330532	,厨房电器,净水器/净水设备及配件耗材,净水器,	,6923185653684	,6923185616399	,	,	,无售后或售后取消,,	,	,,,,,,,否,否,	,否,	,,596.0	,0.0	,0.0	,59.6	,0.0	,0.0	,0.0	,0.0	,536.4	,596.0	,	,	,****,****,****,****,,否,否,	,	,	,否,	,	,	,	,	,	,	,	,	,	,	,	,否,否,	,否,	,,	,否,	,否,,,否
【重磅新品】云米净水器600G小海豚升级版厨下式RO反渗透直饮家用,251117-021034462743821,已发货，待收货,1	,正常,2025-11-17 20:19:41,2025-11-18 20:19:41,,2025-11-18 10:22:59,	,225501370546	,小海豚600G,1813468330532	,厨房电器,净水器/净水设备及配件耗材,净水器,	,6923185653684	,6923185616399	,	,	,无售后或售后取消,,2025-11-17 20:19:41,	,,,,,,,否,否,	,否,	,,596.0	,0.0	,0.0	,89.4	,5.0	,0.0	,0.0	,0.0	,506.6	,596.0	,JDV024122428146,京东大件物流,浙江省,温州市,龙港市,,,否,否,	,	,	,否,	,	,	,	,	,	,	,	,	,	,	,	,否,否,	,否,否,,	,否,	,否,,,否
【重磅新品】云米净水器600G小海豚升级版厨下式RO反渗透直饮家用,251117-497612244610465,已发货，待收货,1	,正常,2025-11-17 20:20:27,2025-11-18 20:20:27,,2025-11-18 09:30:02,	,225501370546	,小海豚600G,1813468330532	,厨房电器,净水器/净水设备及配件耗材,净水器,	,6923185653684	,6923185616399	,	,	,无售后或售后取消,,2025-11-17 20:20:27,	,,,,,,,否,否,	,否,	,,596.0	,0.0	,0.0	,89.4	,0.0	,0.0	,0.0	,0.0	,506.6	,596.0	,JDV024119534357,京东大件物流,山东省,泰安市,泰山区,,,否,否,	,	,	,否,	,	,	,	,	,	,	,	,	,	,	,	,否,否,	,否,否,,	,否,	,否,,,否
【重磅新品】云米净水器600G小海豚升级版厨下式RO反渗透直饮家用,251117-344520169002542,已取消,1	,正常,	,	,,	,	,225501370546	,小海豚600G,1813468330532	,厨房电器,净水器/净水设备及配件耗材,净水器,	,6923185653684	,6923185616399	,	,	,无售后或售后取消,,	,	,,,,,,,否,否,	,否,	,,596.0	,0.0	,0.0	,89.4	,0.0	,0.0	,0.0	,0.0	,506.6	,596.0	,	,	,****,****,****,****,,否,否,	,	,	,否,	,	,	,	,	,	,	,	,	,	,	,	,否,否,	,否,	,,	,否,	,否,,,否
【重磅新品】云米净水器600G小海豚升级版厨下式RO反渗透直饮家用,251117-266474657343458,已取消,1	,正常,	,	,,	,	,225501370546	,小海豚600G,1813468330532	,厨房电器,净水器/净水设备及配件耗材,净水器,	,6923185653684	,6923185616399	,	,	,无售后或售后取消,,	,	,,,,,,,否,否,	,否,	,,596.0	,0.0	,0.0	,89.4	,0.0	,0.0	,0.0	,0.0	,506.6	,596.0	,	,	,****,****,****,****,,否,否,	,	,	,否,	,	,	,	,	,	,	,	,	,	,	,	,否,否,	,否,	,,	,否,	,否,,,否
【重磅新品】云米净水器600G小海豚升级版厨下式RO反渗透直饮家用,251117-542680093113576,已取消,1	,正常,	,	,,	,	,225501370546	,小海豚600G,1813468330532	,厨房电器,净水器/净水设备及配件耗材,净水器,	,6923185653684	,6923185616399	,	,	,无售后或售后取消,,	,	,,,,,,,否,否,	,否,	,,596.0	,0.0	,0.0	,89.4	,0.0	,0.0	,0.0	,0.0	,506.6	,596.0	,	,	,****,****,****,****,,否,否,	,	,	,否,	,	,	,	,	,	,	,	,	,	,	,	,否,否,	,否,	,,	,否,	,否,,,否
云米60升AI速热高温抑菌电热水器3000W一级节能变频增容家用租房,251117-537678323313818,已取消,1	,正常,	,	,,	,	,226368376224	,3000W速热安全60L热水器,1737176648260	,大家电,热水器,电热水器,	,6923185602224	,6923185602224	,	,	,无售后或售后取消,,	,	,,,,,,,否,否,	,否,	,,654.0	,0.0	,36.0	,24.0	,0.0	,0.0	,0.0	,0.0	,594.0	,618.0	,	,	,****,****,****,****,,否,否,	,	,	,否,	,	,	,	,	,	,	,	,	,	,	,	,否,否,	,否,	,,	,否,	,否,,,否
云米小厨宝6L电热水器厨房卫生间出水恒温储水式小型速热神器加热,251117-478654042471977,未发货，退款成功,1	,正常,2025-11-17 20:01:19,2025-11-18 20:01:19,2025-11-19 23:59:59,	,	,208073193570	,热水即刻有-【6L】,1801828025682	,大家电,热水器,厨宝,	,6923185611233	,6923185611233	,聚水潭已取消发货 已退款 卫11.18,	,退款成功,,2025-11-17 20:01:19,	,,,,,,,否,否,	,否,	,,279.0	,0.0	,28.0	,6.0	,0.2	,0.0	,0.0	,0.0	,245.0	,251.0	,	,	,浙江省,绍兴市,越城区,,,否,否,	,	,	,否,	,	,	,	,	,	,	,	,	,	,	,	,否,否,	,否,否,,	,否,	,否,,,否
【母婴直饮】云米净水器 SE 600G+ 新升级厨下式RO反渗透直饮家用,251117-503159211612593,已发货，退款成功,1	,正常,2025-11-17 20:00:23,2025-11-18 20:00:24,,2025-11-18 09:30:02,	,819506595979	,【24年新品】600G升级版6年长效,1787046011387	,厨房电器,净水器/净水设备及配件耗材,净水器,	,6923185653684	,6923185616399	,18466644504拦截 [viomi莉莉sk 11/18 12:59],	,退款成功,,2025-11-17 20:00:24,	,,,,,,,否,否,	,否,	,,748.0	,0.0	,129.6	,100.0	,0.0	,0.0	,0.0	,0.0	,518.4	,618.4	,JDV024122559069,京东大件物流,安徽省,宿州市,埇桥区,,,否,否,	,	,	,否,	,	,	,	,	,	,	,	,	,	,	,	,否,否,	,否,否,,	,否,	,否,,,否
【母婴直饮】云米净水器 SE 600G+ 新升级厨下式RO反渗透直饮家用,251117-390122770753617,已取消,1	,正常,	,	,,	,	,819506595979	,【24年新品】600G升级版6年长效,1787046011387	,厨房电器,净水器/净水设备及配件耗材,净水器,	,6923185653684	,6923185616399	,	,	,无售后或售后取消,,	,	,,,,,,,否,否,	,否,	,,748.0	,0.0	,139.6	,50.0	,0.0	,0.0	,0.0	,0.0	,558.4	,608.4	,	,	,****,****,****,****,,否,否,	,	,	,否,	,	,	,	,	,	,	,	,	,	,	,	,否,否,	,否,	,,	,否,	,否,,,否
【重磅新品】云米净水器600G小海豚升级版厨下式RO反渗透直饮家用,251117-521572237720298,已取消,1	,正常,	,	,,	,	,225501370546	,小海豚600G,1813468330532	,厨房电器,净水器/净水设备及配件耗材,净水器,	,6923185653684	,6923185616399	,	,	,无售后或售后取消,,	,	,,,,,,,否,否,	,否,	,,596.0	,0.0	,0.0	,59.6	,0.0	,0.0	,0.0	,0.0	,536.4	,596.0	,	,	,****,****,****,****,,否,否,	,	,	,否,	,	,	,	,	,	,	,	,	,	,	,	,否,否,	,否,	,,	,否,	,否,,,否
云米无线手持吸尘器家用立式除螨大吸力吸尘机A9长续航宠物家庭,251117-271843377451183,已发货，待收货,1	,正常,2025-11-17 19:48:32,2025-11-18 19:48:32,,2025-11-18 10:22:59,	,823432069145	,云米吸尘器【长续航】,1789783831646	,生活电器,吸尘器,吸尘器,	,6923185611844	,6923185611844	,	,	,无售后或售后取消,,2025-11-17 19:48:32,	,,,,,,,否,否,	,否,	,,602.0	,0.0	,36.0	,24.0	,0.0	,0.0	,0.0	,0.0	,542.0	,566.0	,JDV024122405117,京东大件物流,浙江省,嘉兴市,平湖市,,,否,否,	,	,	,否,	,	,	,	,	,	,	,	,	,	,	,	,否,否,	,否,否,,	,否,	,否,,,否
【重磅新品】云米净水器600G小海豚升级版厨下式RO反渗透直饮家用,251117-406564400721329,已取消,1	,正常,	,	,,	,	,225501370546	,小海豚600G,1813468330532	,厨房电器,净水器/净水设备及配件耗材,净水器,	,6923185653684	,6923185616399	,	,	,无售后或售后取消,,	,	,,,,,,,否,否,	,否,	,,596.0	,0.0	,0.0	,89.4	,0.0	,0.0	,0.0	,0.0	,506.6	,596.0	,	,	,****,****,****,****,,否,否,	,	,	,否,	,	,	,	,	,	,	,	,	,	,	,	,否,否,	,否,	,,	,否,	,否,,,否
云米电热水器免换镁棒1级能效钛芯防护抑菌内胆免清洗3000W速热,251117-448559901043515,已发货，待收货,1	,正常,2025-11-17 19:42:24,2025-11-18 19:42:24,,2025-11-18 09:30:03,	,215513269171	,"【免更换镁棒技术】抑菌健康洗,50L",1757655804682	,大家电,热水器,电热水器,	,6923185611882	,镁棒50/60L,	,	,无售后或售后取消,,2025-11-17 19:42:24,	,,,,,,,否,否,	,否,	,,703.0	,0.0	,0.0	,0.0	,0.0	,0.0	,0.0	,0.0	,703.0	,703.0	,JDV024122408291,京东大件物流,内蒙古自治区,呼和浩特市,回民区,,,否,否,	,	,	,否,	,	,	,	,	,	,	,	,	,	,	,	,否,否,	,否,否,,	,否,	,否,,,否
云米无线手持吸尘器家用立式除螨大吸力吸尘机A9长续航宠物家庭,251117-681930965291183,已取消,1	,正常,	,	,,	,	,823432069145	,云米吸尘器【长续航】,1789783831646	,生活电器,吸尘器,吸尘器,	,6923185611844	,6923185611844	,	,	,无售后或售后取消,,	,	,,,,,,,否,否,	,否,	,,602.0	,0.0	,36.0	,24.0	,0.0	,0.0	,0.0	,0.0	,542.0	,566.0	,	,	,****,****,****,****,,否,否,	,	,	,否,	,	,	,	,	,	,	,	,	,	,	,	,否,否,	,否,	,,	,否,	,否,,,否
【重磅新品】云米净水器600G小海豚升级版厨下式RO反渗透直饮家用,251117-583228516783749,已取消,1	,正常,	,	,,	,	,225501370546	,小海豚600G,1813468330532	,厨房电器,净水器/净水设备及配件耗材,净水器,	,6923185653684	,6923185616399	,	,	,无售后或售后取消,,	,	,,,,,,,否,否,	,否,	,,596.0	,0.0	,0.0	,89.4	,0.0	,0.0	,0.0	,0.0	,506.6	,596.0	,	,	,****,****,****,****,,否,否,	,	,	,否,	,	,	,	,	,	,	,	,	,	,	,	,否,否,	,否,	,,	,否,	,否,,,否
VIOMI云米净水器大通量小海豚800G反渗透RO厨下式家用长效滤芯,251117-006427799173432,已发货，待收货,1	,正常,2025-11-17 19:32:07,2025-11-18 19:32:07,,2025-11-18 10:22:59,	,837957770723	,800G大通量纯水机,1809123722986	,厨房电器,净水器/净水设备及配件耗材,净水器配件耗材,	,6923185653974	,	,	,	,无售后或售后取消,,2025-11-17 19:32:07,	,,,,,,,否,否,	,否,	,,749.0	,0.0	,0.0	,32.0	,0.0	,0.0	,0.0	,0.0	,717.0	,749.0	,JDV024122418650,京东大件物流,河南省,洛阳市,洛宁县,,,否,否,	,	,	,否,	,	,	,	,	,	,	,	,	,	,	,	,否,否,	,否,否,,	,否,	,否,,,否
【重磅新品】云米净水器600G小海豚升级版厨下式RO反渗透直饮家用,251117-475885791543740,已发货，待收货,1	,正常,2025-11-17 19:28:20,2025-11-18 19:28:21,,2025-11-18 09:30:46,	,225501370546	,小海豚600G,1813468330532	,厨房电器,净水器/净水设备及配件耗材,净水器,	,6923185653684	,6923185616399	,	,	,无售后或售后取消,,2025-11-17 19:28:21,	,,,,,,,否,否,	,否,	,,559.0	,0.0	,0.0	,0.0	,1.11	,0.0	,0.0	,0.0	,559.0	,559.0	,JDV024119082395,京东大件物流,河北省,石家庄市,辛集市,,,否,否,	,	,	,否,	,	,	,	,	,	,	,	,	,	,	,	,否,否,	,否,否,,	,否,	,否,,,否
【重磅新品】云米净水器600G小海豚升级版厨下式RO反渗透直饮家用,251117-584832827703740,已取消,1	,正常,	,	,,	,	,225501370546	,小海豚600G,1813468330532	,厨房电器,净水器/净水设备及配件耗材,净水器,	,6923185653684	,6923185616399	,	,	,无售后或售后取消,,	,	,,,,,,,否,否,	,否,	,,559.0	,0.0	,0.0	,0.0	,0.0	,0.0	,0.0	,0.0	,559.0	,559.0	,	,	,****,****,****,****,,否,否,	,	,	,否,	,	,	,	,	,	,	,	,	,	,	,	,否,否,	,否,	,,	,否,	,否,,,否
云米即热净水器厨房家用直饮RO反渗透加热净饮一体机1000G,251117-414449713563710,未发货，退款成功,1	,正常,2025-11-17 19:27:55,2025-11-18 19:27:55,,	,	,846360072018	,即热直饮 1000G大通量,1807240839093	,厨房电器,净水器/净水设备及配件耗材,净水器,	,6923185651116	,6923185651116	,聚水潭已取消发货 已退款 卫11.18,	,退款成功,,2025-11-17 19:27:55,	,,,,,,,否,否,	,否,	,,1498.0	,0.0	,60.0	,40.0	,0.0	,0.0	,0.0	,0.0	,1398.0	,1438.0	,	,	,广东省,佛山市,顺德区,,,否,否,	,	,	,否,	,	,	,	,	,	,	,	,	,	,	,	,否,是,	,否,否,,	,否,	,否,,,否
云米无线手持吸尘器家用立式除螨大吸力吸尘机A9长续航宠物家庭,251117-188345228831699,已发货，待收货,1	,正常,2025-11-17 19:18:18,2025-11-18 19:18:18,,2025-11-18 10:22:59,	,823432069145	,云米吸尘器【长续航】,1789783831646	,生活电器,吸尘器,吸尘器,	,6923185611844	,6923185611844	,	,	,无售后或售后取消,,2025-11-17 19:18:18,	,,,,,,,否,否,	,否,	,,602.0	,0.0	,0.0	,100.0	,0.0	,0.0	,0.0	,0.0	,502.0	,602.0	,JDV024122404909,京东大件物流,福建省,漳州市,龙海区,,,否,否,	,	,	,否,	,	,	,	,	,	,	,	,	,	,	,	,否,否,	,否,否,,	,否,	,否,,,否
VIOMI云米净水器大通量小海豚800G反渗透RO厨下式家用长效滤芯,251117-084892751493432,未发货，退款成功,1	,正常,2025-11-17 19:17:36,2025-11-18 19:17:36,,	,	,837957770723	,800G大通量纯水机,1809123722986	,厨房电器,净水器/净水设备及配件耗材,净水器配件耗材,	,6923185653974	,	,聚水潭已取消发货 已退款 卫11.18,	,退款成功,,2025-11-17 19:17:36,	,,,,,,,否,否,	,否,	,,749.0	,0.0	,0.0	,32.0	,0.0	,0.0	,0.0	,0.0	,717.0	,749.0	,	,	,河南省,洛阳市,栾川县,,,否,否,	,	,	,否,	,	,	,	,	,	,	,	,	,	,	,	,否,否,	,否,否,,	,否,	,否,,,否
【重磅新品】云米净水器600G小海豚升级版厨下式RO反渗透直饮家用,251117-651773950391649,已发货，待收货,1	,正常,2025-11-17 19:05:54,2025-11-18 19:05:54,,2025-11-18 09:30:47,	,225501370546	,小海豚600G,1813468330532	,厨房电器,净水器/净水设备及配件耗材,净水器,	,6923185653684	,6923185616399	,	,	,无售后或售后取消,,2025-11-17 19:05:54,	,,,,,,,否,否,	,否,	,,559.0	,0.0	,0.0	,0.0	,0.0	,0.0	,0.0	,0.0	,559.0	,559.0	,JDV024118869498,京东大件物流,河南省,三门峡市,灵宝市,,,否,否,	,	,	,否,	,	,	,	,	,	,	,	,	,	,	,	,否,否,	,否,否,,	,否,	,否,,,否
VIOMI云米净水器大通量小海豚800G反渗透RO厨下式家用长效滤芯,251117-032736581163755,已取消,1	,正常,	,	,,	,	,837957770723	,800G大通量纯水机,1809123722986	,厨房电器,净水器/净水设备及配件耗材,净水器配件耗材,	,6923185653974	,	,	,	,无售后或售后取消,,	,	,,,,,,,否,否,	,否,	,,749.0	,0.0	,0.0	,100.0	,0.0	,0.0	,0.0	,0.0	,649.0	,749.0	,	,	,****,****,****,****,,否,否,	,	,	,否,	,	,	,	,	,	,	,	,	,	,	,	,否,否,	,否,	,,	,否,	,否,,,否
【重磅新品】云米净水器600G小海豚升级版厨下式RO反渗透直饮家用,251117-204734481982335,已发货，待收货,1	,正常,2025-11-17 19:02:54,2025-11-18 19:02:55,,2025-11-18 10:23:00,	,225501370546	,小海豚600G,1813468330532	,厨房电器,净水器/净水设备及配件耗材,净水器,	,6923185653684	,6923185616399	,	,	,无售后或售后取消,,2025-11-17 19:02:55,	,,,,,,,否,否,	,否,	,,559.0	,0.0	,0.0	,0.0	,0.0	,0.0	,0.0	,0.0	,559.0	,559.0	,JDV024122408355,京东大件物流,广东省,广州市,天河区,,,否,否,	,	,	,否,	,	,	,	,	,	,	,	,	,	,	,	,否,否,	,否,否,,	,否,	,否,,,否
云米小厨宝6L电热水器厨房卫生间出水恒温储水式小型速热神器加热,251117-383422359980919,已发货，待收货,1	,正常,2025-11-17 18:51:20,2025-11-18 18:51:20,,2025-11-18 09:30:02,	,208073193570	,热水即刻有-【6L】,1801828025682	,大家电,热水器,厨宝,	,6923185611233	,6923185611233	,	,	,无售后或售后取消,,2025-11-17 18:51:20,	,,,,,,,否,否,	,否,	,,279.0	,0.0	,28.0	,37.65	,0.2	,0.0	,0.0	,0.0	,213.35	,251.0	,JDV024122538701,京东大件物流,江西省,赣州市,章贡区,,,否,否,	,	,	,否,	,	,	,	,	,	,	,	,	,	,	,	,否,否,	,否,否,,	,否,	,否,,,否
云米16即热零冷水燃气热水器智能低水压双调恒温防冻安全保护速热,251117-322227454362126,已发货，待收货,1	,正常,2025-11-17 18:41:29,2025-11-18 18:41:29,,2025-11-18 09:30:02,	,216845252864	,云米即开即热16L零冷水热水器,1731415907130	,大家电,热水器,燃气热水器,	,6923185611226	,6923185611226	,	,	,无售后或售后取消,,2025-11-17 18:41:29,	,,,,,,,否,否,	,否,	,,898.0	,0.0	,0.0	,20.0	,16.0	,0.0	,0.0	,0.0	,878.0	,898.0	,JDV024122404918,京东大件物流,山东省,烟台市,开发区,,,否,否,	,	,	,否,	,	,	,	,	,	,	,	,	,	,	,	,否,否,	,否,是,3	,商家,否,	,否,,信用卡分期,否
Viomi云米净水器1000G厨下式RO反渗透直饮过滤器净饮小海豚2,251117-557559376170660,已发货，退款成功,1	,正常,2025-11-17 18:17:56,2025-11-18 18:17:57,,2025-11-18 10:23:01,	,205458105137	,小海豚2包安装1000G大加仑,1802849942800	,厨房电器,净水器/净水设备及配件耗材,净水器,	,6923185654865	,	,ZX2511190065242 拦截 11.19,	,退款成功,,2025-11-17 18:17:57,	,,,,,,,否,否,	,否,	,,999.0	,0.0	,0.0	,0.0	,0.0	,0.0	,0.0	,0.0	,999.0	,999.0	,JDV024122417831,京东大件物流,广西壮族自治区,南宁市,横州市,,,否,否,	,	,	,否,	,	,	,	,	,	,	,	,	,	,	,	,否,否,	,否,否,,	,否,	,否,,,否
云米全自动智能门锁人脸猫眼密码指纹安全防撬大屏锁已接入米家AP,251117-658128268913757,已发货，待收货,1	,正常,2025-11-17 18:16:47,2025-11-18 18:16:48,,2025-11-18 09:30:03,	,804409121514	,LBT16A【人脸猫眼】智能门锁,1778430742491	,基础建材,智能门锁/电子锁,智能门锁/电子锁,	,6923185652724	,	,后返到手价829元 晒单返50元,	,无售后或售后取消,,2025-11-17 18:16:48,	,,,,,,,否,否,	,否,	,,849.0	,0.0	,0.0	,0.0	,0.0	,0.0	,0.0	,0.0	,849.0	,849.0	,JDV024122417814,京东大件物流,辽宁省,营口市,盖州市,,,否,否,	,	,	,否,	,	,	,	,	,	,	,	,	,	,	,	,否,否,	,否,否,,	,否,	,否,,,否
VIOMI云米净水器大通量小海豚800G反渗透RO厨下式家用长效滤芯,251117-271885289083784,已发货，待收货,1	,正常,2025-11-17 18:19:31,2025-11-18 18:19:31,,2025-11-18 10:23:00,	,837957770723	,800G大通量纯水机,1809123722986	,厨房电器,净水器/净水设备及配件耗材,净水器配件耗材,	,6923185653974	,	,	,	,无售后或售后取消,,2025-11-17 18:19:31,	,,,,,,,否,否,	,否,	,,749.0	,0.0	,0.0	,74.9	,0.0	,0.0	,0.0	,0.0	,674.1	,749.0	,JDV024122429810,京东大件物流,四川省,成都市,武侯区,,,否,否,	,	,	,否,	,	,	,	,	,	,	,	,	,	,	,	,否,是,	,否,否,,	,否,	,否,,,否
云米全自动智能门锁人脸猫眼密码指纹安全防撬大屏锁已接入米家AP,251117-060156823153757,已取消,1	,正常,	,	,,	,	,804409121514	,LBT16A【人脸猫眼】智能门锁,1778430742491	,基础建材,智能门锁/电子锁,智能门锁/电子锁,	,6923185652724	,	,	,	,无售后或售后取消,,	,	,,,,,,,否,否,	,否,	,,849.0	,0.0	,0.0	,0.0	,0.0	,0.0	,0.0	,0.0	,849.0	,849.0	,	,	,****,****,****,****,,否,否,	,	,	,否,	,	,	,	,	,	,	,	,	,	,	,	,否,否,	,否,	,,	,否,	,否,,,否
云米全自动智能门锁人脸猫眼密码指纹安全防撬大屏锁已接入米家AP,251117-361077184113757,未发货，退款成功,1	,正常,2025-11-17 18:10:26,2025-11-18 18:10:26,,	,	,804409121514	,LBT16A【人脸猫眼】智能门锁,1778430742491	,基础建材,智能门锁/电子锁,智能门锁/电子锁,	,6923185652724	,	,聚水潭已取消发货 已退款 卫11.18,	,退款成功,,2025-11-17 18:10:26,	,,,,,,,否,否,	,否,	,,849.0	,0.0	,0.0	,0.0	,0.0	,0.0	,0.0	,0.0	,849.0	,849.0	,	,	,辽宁省,营口市,盖州市,,,否,否,	,	,	,否,	,	,	,	,	,	,	,	,	,	,	,	,否,否,	,否,否,,	,否,	,否,,,否
云米水槽下水器垃圾处理器粉碎机下水道厨余搅碎机抑菌厨房家用,251117-603182896721115,已发货，待收货,1	,正常,2025-11-17 17:56:10,2025-11-18 17:56:10,,2025-11-18 10:23:00,	,852614628903	,【智能】厨余垃圾处理器,1812695452997	,厨房电器,食物垃圾处理机,食物垃圾处理机,	,6923185610250	,6923185610250	,	,	,无售后或售后取消,,2025-11-17 17:56:10,	,,,,,,,否,否,	,否,	,,889.0	,0.0	,48.0	,32.0	,0.0	,0.0	,0.0	,0.0	,809.0	,841.0	,JDV024122396060,京东大件物流,安徽省,池州市,贵池区,,,否,否,	,	,	,否,	,	,	,	,	,	,	,	,	,	,	,	,否,否,	,否,否,,	,否,	,否,,,否
【母婴直饮】云米净水器 SE 600G+ 新升级厨下式RO反渗透直饮家用,251117-025920848193006,已取消,1	,正常,	,	,,	,	,819506595979	,【24年新品】600G升级版6年长效,1787046011387	,厨房电器,净水器/净水设备及配件耗材,净水器,	,6923185653684	,6923185616399	,	,	,无售后或售后取消,,	,	,,,,,,,否,否,	,否,	,,748.0	,0.0	,149.6	,0.0	,0.0	,0.0	,0.0	,0.0	,598.4	,598.4	,	,	,****,****,****,****,,否,否,	,	,	,否,	,	,	,	,	,	,	,	,	,	,	,	,否,否,	,否,	,,	,否,	,否,,,否
【重磅新品】云米净水器600G小海豚升级版厨下式RO反渗透直饮家用,251117-593682777650418,已发货，待收货,1	,正常,2025-11-17 17:50:28,2025-11-18 17:50:28,,2025-11-18 09:30:47,	,225501370546	,小海豚600G,1813468330532	,厨房电器,净水器/净水设备及配件耗材,净水器,	,6923185653684	,6923185616399	,13163039706安装 [viomi莉莉sk 11/19 20:20],	,无售后或售后取消,,2025-11-17 17:50:28,	,,,,,,,否,否,	,否,	,,559.0	,0.0	,0.0	,0.0	,0.2	,0.0	,0.0	,0.0	,559.0	,559.0	,JDV024117108021,京东大件物流,天津市,天津市,西青区,,,否,否,	,	,	,否,	,	,	,	,	,	,	,	,	,	,	,	,否,否,	,否,否,,	,否,	,否,,,否
云米净水器Super2Y1200G家用直饮厨下式RO反渗透鲜活泉无陈水,251117-546266212781204,已发货，待收货,1	,正常,2025-11-17 17:44:42,2025-11-18 17:44:43,,2025-11-18 10:23:00,	,849000374681	,Super2Y 1200G（包安装）,1809523164736	,厨房电器,净水器/净水设备及配件耗材,净水器,	,6923185653981	,6923185653981	,	,	,无售后或售后取消,,2025-11-17 17:44:43,	,,,,,,,否,否,	,否,	,,1198.2	,0.0	,0.0	,59.91	,2.27	,0.0	,0.0	,0.0	,1138.29	,1198.2	,JDV024122407832,京东大件物流,河南省,新乡市,长垣市,,,否,否,	,	,	,否,	,	,	,	,	,	,	,	,	,	,	,	,否,否,	,否,否,,	,否,	,否,,,否
云米净水器滤芯家用小海豚小蓝调小白龙系列专用RO反渗透,251117-154025378183232,未发货，退款成功,2	,正常,2025-11-17 17:37:59,2025-11-19 17:37:59,,	,	,232467205433	,5in1 复合滤芯,1647394585330	,厨房电器,净水器/净水设备及配件耗材,净水器配件耗材,	,6923185627425	,	,聚水潭已取消发货 已退款 卫11.18,	,退款成功,,2025-11-17 17:37:59,	,,,,,,,否,否,	,否,	,,298.0	,0.0	,2.98	,5.0	,0.2	,0.0	,0.0	,0.0	,290.02	,295.02	,	,	,重庆市,重庆市,万州区,,,否,否,	,	,	,否,	,	,	,	,	,	,	,	,	,	,	,	,否,否,	,否,否,,	,否,	,否,,,否
【重磅新品】云米净水器600G小海豚升级版厨下式RO反渗透直饮家用,251117-304433140060441,已取消,1	,正常,	,	,,	,	,225501370546	,小海豚600G,1813468330532	,厨房电器,净水器/净水设备及配件耗材,净水器,	,6923185653684	,6923185616399	,	,	,无售后或售后取消,,	,	,,,,,,,否,否,	,否,	,,559.0	,0.0	,0.0	,0.0	,0.0	,0.0	,0.0	,0.0	,559.0	,559.0	,	,	,****,****,****,****,,否,否,	,	,	,否,	,	,	,	,	,	,	,	,	,	,	,	,否,否,	,否,	,,	,否,	,否,,,否
【重磅新品】云米净水器600G小海豚升级版厨下式RO反渗透直饮家用,251117-637838375200786,已发货，待收货,1	,正常,2025-11-17 17:34:46,2025-11-18 17:34:46,,2025-11-18 09:30:47,	,225501370546	,小海豚600G,1813468330532	,厨房电器,净水器/净水设备及配件耗材,净水器,	,6923185653684	,6923185616399	,	,	,无售后或售后取消,,2025-11-17 17:34:46,	,,,,,,,否,否,	,否,	,,559.0	,0.0	,0.0	,0.0	,0.0	,0.0	,0.0	,0.0	,559.0	,559.0	,JDV024122548142,京东大件物流,江苏省,徐州市,云龙区,,,否,否,	,	,	,否,	,	,	,	,	,	,	,	,	,	,	,	,否,否,	,否,否,,	,否,	,否,,,否
云米AI油烟机双腔大吸力Smart双腔一级能效23m³大风压智清洁节能,251117-193630093751151,已发货，待收货,1	,正常,2025-11-17 17:34:34,2025-11-18 17:34:35,,2025-11-17 18:57:06,	,750412983827	,AI双腔强吸油烟机,1737582711971	,大家电,厨房大电,油烟机,	,6923185649229	,6923185649229	,15130873120安装 [viomi英英sk 11/19 15:23],	,无售后或售后取消,,2025-11-17 17:34:35,	,,,,,,,否,否,	,否,	,,789.0	,0.0	,0.0	,0.0	,0.0	,0.0	,0.0	,0.0	,789.0	,789.0	,JDV024116208201,京东大件物流,河北省,衡水市,桃城区,,,否,否,	,	,	,否,	,	,	,	,	,	,	,	,	,	,	,	,否,否,	,否,否,,	,否,	,否,,,否
云米AI油烟机双腔大吸力Smart双腔一级能效23m³大风压智清洁节能,251117-460010361271151,已取消,1	,正常,	,	,,	,	,750412983827	,AI双腔强吸油烟机,1737582711971	,大家电,厨房大电,油烟机,	,6923185649229	,6923185649229	,	,	,无售后或售后取消,,	,	,,,,,,,否,否,	,否,	,,789.0	,0.0	,0.0	,0.0	,0.0	,0.0	,0.0	,0.0	,789.0	,789.0	,	,	,****,****,****,****,,否,否,	,	,	,否,	,	,	,	,	,	,	,	,	,	,	,	,否,否,	,否,	,,	,否,	,否,,,否
云米AI燃气热水器智控恒温防冻节能安全水质净化精准控温13L强排,251117-100170545523518,未发货，退款成功,1	,正常,2025-11-17 17:30:00,2025-11-18 17:30:00,,	,	,773161065181	,智控恒温燃气热水器,1755671371526	,大家电,热水器,燃气热水器,	,6923185655688	,6923185655688	,聚水潭已取消发货 已退款 卫11.18,	,退款成功,,2025-11-17 17:30:00,	,,,,,,,否,否,	,否,	,,588.0	,0.0	,0.0	,29.4	,0.0	,0.0	,0.0	,0.0	,558.6	,588.0	,	,	,黑龙江省,大庆市,龙凤区,,,否,否,	,	,	,否,	,	,	,	,	,	,	,	,	,	,	,	,否,否,	,否,否,,	,否,	,否,,,否
【母婴直饮】云米净水器 SE 600G+ 新升级厨下式RO反渗透直饮家用,251117-521530283570182,已取消,1	,正常,	,	,,	,	,819506595979	,【24年新品】600G升级版6年长效,1787046011387	,厨房电器,净水器/净水设备及配件耗材,净水器,	,6923185653684	,6923185616399	,	,	,无售后或售后取消,,	,	,,,,,,,否,否,	,否,	,,748.0	,0.0	,129.6	,100.0	,0.0	,0.0	,0.0	,0.0	,518.4	,618.4	,	,	,****,****,****,****,,否,否,	,	,	,否,	,	,	,	,	,	,	,	,	,	,	,	,否,否,	,否,	,,	,否,	,否,,,否
Viomi云米净水器1000G厨下式RO反渗透直饮过滤器净饮小海豚2,251117-114787694961500,已取消,1	,正常,	,	,,	,	,205458105137	,小海豚2包安装1000G大加仑,1802849942800	,厨房电器,净水器/净水设备及配件耗材,净水器,	,6923185654865	,	,	,	,无售后或售后取消,,	,	,,,,,,,否,否,	,否,	,,999.0	,0.0	,0.0	,0.0	,0.0	,0.0	,0.0	,0.0	,999.0	,999.0	,	,	,****,****,****,****,,否,否,	,	,	,否,	,	,	,	,	,	,	,	,	,	,	,	,否,否,	,否,	,,	,否,	,否,,,否
Viomi云米净水器1000G厨下式RO反渗透直饮过滤器净饮小海豚2,251117-544284424561500,已取消,1	,正常,	,	,,	,	,205458105137	,小海豚2包安装1000G大加仑,1802849942800	,厨房电器,净水器/净水设备及配件耗材,净水器,	,6923185654865	,	,	,	,无售后或售后取消,,	,	,,,,,,,否,否,	,否,	,,999.0	,0.0	,0.0	,0.0	,0.0	,0.0	,0.0	,0.0	,999.0	,999.0	,	,	,****,****,****,****,,否,否,	,	,	,否,	,	,	,	,	,	,	,	,	,	,	,	,否,否,	,否,	,,	,否,	,否,,,否
【母婴直饮】云米净水器 SE 600G+ 新升级厨下式RO反渗透直饮家用,251117-175751903600553,已取消,1	,正常,	,	,,	,	,819506595979	,【24年新品】600G升级版6年长效,1787046011387	,厨房电器,净水器/净水设备及配件耗材,净水器,	,6923185653684	,6923185616399	,	,	,无售后或售后取消,,	,	,,,,,,,否,否,	,否,	,,748.0	,0.0	,139.6	,50.0	,0.0	,0.0	,0.0	,0.0	,558.4	,608.4	,	,	,****,****,****,****,,否,否,	,	,	,否,	,	,	,	,	,	,	,	,	,	,	,	,否,否,	,否,	,,	,否,	,否,,,否
【重磅新品】云米净水器600G小海豚升级版厨下式RO反渗透直饮家用,251117-655339098441162,已发货，待收货,1	,正常,2025-11-17 17:17:53,2025-11-18 17:17:53,,2025-11-18 10:23:00,	,225501370546	,小海豚600G,1813468330532	,厨房电器,净水器/净水设备及配件耗材,净水器,	,6923185653684	,6923185616399	,	,	,无售后或售后取消,,2025-11-17 17:17:53,	,,,,,,,否,否,	,否,	,,559.0	,0.0	,0.0	,0.0	,0.0	,0.0	,0.0	,0.0	,559.0	,559.0	,JDV024122398625,京东大件物流,四川省,成都市,高新区,,,否,否,	,	,	,否,	,	,	,	,	,	,	,	,	,	,	,	,否,否,	,否,否,,	,否,	,否,,,否
【6年套装】云米净水器600G小海豚升级版厨下式RO反渗透直饮家用,251117-286523409981823,已取消,1	,正常,	,	,,	,	,852932116812	,小海豚600G+6年滤芯套装,1812983769340	,厨房电器,净水器/净水设备及配件耗材,净水器,	,S2508151538001,	,	,	,无售后或售后取消,,	,	,,,,,,,否,否,	,否,	,,772.0	,0.0	,0.0	,100.0	,0.0	,0.0	,0.0	,0.0	,672.0	,772.0	,	,	,****,****,****,****,,否,否,	,	,	,否,	,	,	,	,	,	,	,	,	,	,	,	,否,否,	,否,	,,	,否,	,否,,,否
云米净水器滤芯家用小海豚小蓝调小白龙系列专用RO反渗透,251117-444428459571628,已收货，退款成功,1	,正常,2025-11-17 17:08:31,2025-11-19 17:08:31,,2025-11-17 18:56:45,2025-11-19 12:33:07,232467205433	,5in1 复合滤芯,1647394585330	,厨房电器,净水器/净水设备及配件耗材,净水器配件耗材,	,6923185627425	,	,后返到手价109元,	,退款成功,,2025-11-17 17:08:31,	,,,,,,,否,否,	,否,	,,149.0	,0.0	,0.0	,0.0	,0.18	,0.0	,0.0	,0.0	,149.0	,149.0	,JDV024115488065,京东大件物流,内蒙古自治区,呼和浩特市,回民区,,,否,否,	,	,	,否,	,	,	,	,	,	,	,	,	,	,	,	,否,否,	,否,否,,	,否,	,否,,,否
云米小厨宝6L电热水器厨房卫生间出水恒温储水式小型速热神器加热,251117-273017761301775,未发货，退款成功,1	,正常,2025-11-17 17:07:10,2025-11-18 17:07:10,,	,	,208073193570	,热水即刻有-【6L】,1801828025682	,大家电,热水器,厨宝,	,6923185611233	,6923185611233	,聚水潭已取消发货 已退款 卫11.18,	,退款成功,,2025-11-17 17:07:10,	,,,,,,,否,否,	,否,	,,279.0	,0.0	,28.0	,15.0	,0.0	,0.0	,0.0	,0.0	,236.0	,251.0	,	,	,浙江省,嘉兴市,海盐县,,,否,否,	,	,	,否,	,	,	,	,	,	,	,	,	,	,	,	,否,否,	,否,否,,	,否,	,否,,,否
云米小厨宝6L电热水器厨房卫生间出水恒温储水式小型速热神器加热,251117-588251185470247,未发货，退款成功,1	,正常,2025-11-17 17:00:09,2025-11-18 17:00:10,,	,	,208073193570	,热水即刻有-【6L】,1801828025682	,大家电,热水器,厨宝,	,6923185611233	,6923185611233	,聚水潭已取消发货 已退款 卫11.18,	,退款成功,,2025-11-17 17:00:10,	,,,,,,,否,否,	,否,	,,279.0	,0.0	,28.0	,15.0	,0.0	,0.0	,0.0	,0.0	,236.0	,251.0	,	,	,内蒙古自治区,呼和浩特市,土默特左旗,,,否,否,	,	,	,否,	,	,	,	,	,	,	,	,	,	,	,	,否,否,	,否,否,,	,否,	,否,,,否
云米双腔大吸力手势控制智清洁油烟机聚能猛火灶安全烟灶联动套装,251117-117545408111907,未发货，退款成功,1	,正常,2025-11-17 16:50:08,2025-11-18 16:50:08,,	,	,848589244342	,"【烟灶套装】双腔劲吸烟机+5.0KW灶,天然气灶",1809146217030	,大家电,厨房大电,烟灶消套装,	,S2209231819001,	,聚水潭已取消发货 已退款 卫11.18,	,退款成功,,2025-11-17 16:50:08,	,,,,,,,否,否,	,否,	,,1299.0	,0.0	,0.0	,0.0	,0.2	,0.0	,0.0	,0.0	,1299.0	,1299.0	,	,	,河北省,廊坊市,大城县,,,否,否,	,	,	,否,	,	,	,	,	,	,	,	,	,	,	,	,否,是,	,否,否,,	,否,	,否,,,否
云米顶侧大吸力蓝调油烟机家用厨房节能自清洁一级能效可挥手智控,251117-535172268440704,未发货，退款成功,6	,正常,2025-11-17 16:46:32,2025-11-18 16:46:32,,	,	,657344402006	,云米智清洁挥手智控单烟机,1723825075586	,大家电,厨房大电,油烟机,	,6923185650973	,6923185650973	,聚水潭已取消发货，仅退款  诚11.18,	,退款成功,,2025-11-17 16:46:32,	,,,,,,,否,否,	,否,	,,5034.0	,0.0	,340.0	,160.0	,8.0	,0.0	,0.0	,0.0	,4534.0	,4694.0	,	,	,福建省,福州市,闽侯县,,,否,否,	,	,	,否,	,	,	,	,	,	,	,	,	,	,	,	,否,否,	,否,否,,	,否,	,否,,,否
云米小厨宝6L电热水器厨房卫生间出水恒温储水式小型速热神器加热,251117-390080796261363,已取消,1	,正常,	,	,,	,	,208073193570	,热水即刻有-【6L】,1801828025682	,大家电,热水器,厨宝,	,6923185611233	,6923185611233	,	,	,无售后或售后取消,,	,	,,,,,,,否,否,	,否,	,,279.0	,0.0	,28.0	,15.0	,0.0	,0.0	,0.0	,0.0	,236.0	,251.0	,	,	,****,****,****,****,,否,否,	,	,	,否,	,	,	,	,	,	,	,	,	,	,	,	,否,否,	,否,	,,	,否,	,否,,,否
【重磅新品】云米净水器600G小海豚升级版厨下式RO反渗透直饮家用,251117-156541960590452,已发货，待收货,1	,正常,2025-11-17 16:40:16,2025-11-18 16:40:16,,2025-11-18 10:23:01,	,225501370546	,小海豚600G,1813468330532	,厨房电器,净水器/净水设备及配件耗材,净水器,	,6923185653684	,6923185616399	,13694261265安装 [viomi慧慧sk 11/19 14:45],	,无售后或售后取消,,2025-11-17 16:40:16,	,,,,,,,否,否,	,否,	,,559.0	,0.0	,0.0	,0.0	,0.0	,0.0	,0.0	,0.0	,559.0	,559.0	,JDV024122414799,京东大件物流,广东省,广州市,南沙区,,,否,否,	,	,	,否,	,	,	,	,	,	,	,	,	,	,	,	,否,是,	,否,否,,	,否,	,否,,,否
云米小厨宝6L电热水器厨房卫生间出水恒温储水式小型速热神器加热,251117-637922199183283,已发货，待收货,2	,正常,2025-11-17 16:39:31,2025-11-18 16:39:31,,2025-11-18 09:30:04,	,208073193570	,热水即刻有-【6L】,1801828025682	,大家电,热水器,厨宝,	,6923185611233	,6923185611233	,	,	,无售后或售后取消,,2025-11-17 16:39:31,	,,,,,,,否,否,	,否,	,,558.0	,0.0	,56.0	,50.0	,3.0	,0.0	,0.0	,0.0	,452.0	,502.0	,JDV024122560194,京东大件物流,江苏省,无锡市,新吴区,,,否,否,	,	,	,否,	,	,	,	,	,	,	,	,	,	,	,	,否,否,	,否,否,,	,否,	,否,,,否
【重磅新品】云米净水器600G小海豚升级版厨下式RO反渗透直饮家用,251117-462474473023982,已发货，待收货,1	,正常,2025-11-17 16:33:38,2025-11-18 16:33:39,,2025-11-18 09:30:48,	,225501370546	,小海豚600G,1813468330532	,厨房电器,净水器/净水设备及配件耗材,净水器,	,6923185653684	,6923185616399	,	,	,无售后或售后取消,,2025-11-17 16:33:39,	,,,,,,,否,否,	,否,	,,559.0	,0.0	,0.0	,0.0	,0.0	,0.0	,0.0	,0.0	,559.0	,559.0	,JDV024122560213,京东大件物流,江苏省,无锡市,锡山区,,,否,否,	,	,	,否,	,	,	,	,	,	,	,	,	,	,	,	,否,否,	,否,否,,	,否,	,否,,,否
云米小厨宝6L电热水器厨房卫生间出水恒温储水式小型速热神器加热,251117-347298885163584,已发货，待收货,1	,正常,2025-11-17 16:26:30,2025-11-18 16:26:30,,2025-11-18 10:23:01,	,208073193570	,热水即刻有-【6L】,1801828025682	,大家电,热水器,厨宝,	,6923185611233	,6923185611233	,	,	,无售后或售后取消,,2025-11-17 16:26:30,	,,,,,,,否,否,	,否,	,,279.0	,0.0	,28.0	,15.0	,0.0	,0.0	,0.0	,0.0	,236.0	,251.0	,JDV024122395951,京东大件物流,山东省,潍坊市,青州市,,,否,否,	,	,	,否,	,	,	,	,	,	,	,	,	,	,	,	,否,否,	,否,否,,	,否,	,否,,,否
【重磅新品】云米净水器600G小海豚升级版厨下式RO反渗透直饮家用,251117-321378076223982,未发货，退款成功,1	,正常,2025-11-17 16:18:41,2025-11-18 16:18:42,,	,	,225501370546	,小海豚600G,1813468330532	,厨房电器,净水器/净水设备及配件耗材,净水器,	,6923185653684	,6923185616399	,聚水潭已取消发货 已退款 卫11.18,	,退款成功,,2025-11-17 16:18:42,	,,,,,,,否,否,	,否,	,,559.0	,0.0	,0.0	,0.0	,0.0	,0.0	,0.0	,0.0	,559.0	,559.0	,	,	,江苏省,无锡市,梁溪区,,,否,否,	,	,	,否,	,	,	,	,	,	,	,	,	,	,	,	,否,否,	,否,否,,	,否,	,否,,,否
【重磅新品】云米净水器600G小海豚升级版厨下式RO反渗透直饮家用,251117-638310162000268,已发货，待收货,2	,正常,2025-11-17 16:17:23,2025-11-18 16:17:23,,2025-11-18 10:23:01,	,225501370546	,小海豚600G,1813468330532	,厨房电器,净水器/净水设备及配件耗材,净水器,	,6923185653684	,6923185616399	,	,	,无售后或售后取消,,2025-11-17 16:17:23,	,,,,,,,否,否,	,否,	,,1118.0	,0.0	,11.18	,10.0	,0.2	,0.0	,0.0	,0.0	,1096.82	,1106.82	,JDV024122405835,京东大件物流,广东省,深圳市,福田区,,,否,否,	,	,	,否,	,	,	,	,	,	,	,	,	,	,	,	,否,否,	,否,否,,	,否,	,否,,,否
云米24m³大吸力顶侧3吸抽油烟机家用厨房大风量智能操控一级能效,251117-131827013180433,已发货，待收货,1	,正常,2025-11-17 16:16:38,2025-11-18 16:16:38,,2025-11-18 09:30:04,	,710063036890	,顶侧三吸单烟机,1700481257559	,大家电,厨房大电,油烟机,	,6923185649762	,6923185649762	,13537833568安装 [viomi英英sk 11/18 20:40],	,无售后或售后取消,,2025-11-17 16:16:38,	,,,,,,,否,否,	,否,	,,1196.0	,0.0	,0.0	,59.8	,0.0	,0.0	,0.0	,0.0	,1136.2	,1196.0	,JDV024122398436,京东大件物流,广东省,中山市,火炬开发区,,,否,否,	,	,	,否,	,	,	,	,	,	,	,	,	,	,	,	,否,否,	,否,否,,	,否,	,否,,,否
【重磅新品】云米净水器600G小海豚升级版厨下式RO反渗透直饮家用,251117-506986576241195,已收货,1	,正常,2025-11-17 15:52:33,2025-11-18 15:52:33,,2025-11-18 09:30:49,2025-11-20 09:10:28,225501370546	,小海豚600G,1813468330532	,厨房电器,净水器/净水设备及配件耗材,净水器,	,6923185653684	,6923185616399	,	,	,无售后或售后取消,,2025-11-17 15:52:33,	,,,,,,,否,否,	,否,	,,559.0	,0.0	,0.0	,0.0	,0.0	,0.0	,0.0	,0.0	,559.0	,559.0	,JDV024122558797,京东大件物流,上海市,上海市,宝山区,,,否,否,	,	,	,否,	,	,	,	,	,	,	,	,	,	,	,	,否,否,	,否,否,,	,否,	,否,,,否
云米净水器滤芯小蓝调小海豚600G+专用复合滤芯RO反渗透滤芯过滤,251117-399696249263316,已收货，退款成功,1	,正常,2025-11-17 15:48:58,2025-11-18 15:48:58,,2025-11-17 18:56:46,2025-11-19 15:35:20,296967601341	,5in1复合滤芯 2年长效,1600193054565	,厨房电器,净水器/净水设备及配件耗材,净水器配件耗材,	,6923185627425	,	,补差后返到手价99=差价200仅退款 [viomi莉莉sk 11/19 15:36],	,退款成功,,2025-11-17 15:48:58,	,,,,,,,否,否,	,否,	,,299.0	,0.0	,0.0	,0.0	,0.0	,0.0	,0.0	,0.0	,299.0	,299.0	,JDV024113799907,京东大件物流,江西省,上饶市,广信区,,,否,否,	,	,	,否,	,	,	,	,	,	,	,	,	,	,	,	,否,否,	,否,否,,	,否,	,否,,,否
云米鲲鹏PRO烟机28m³大吸力聚能猛火灶一级能效烟灶联动厨电套装,251117-463732795742732,已收货，退款成功,1	,正常,2025-11-17 15:43:53,2025-11-18 15:43:53,,2025-11-17 18:56:46,2025-11-19 20:25:43,784230725200	,"【烟灶套装】鲲鹏PRO大吸力烟机+5.2灶具,天然气",1763233003376	,大家电,厨房大电,烟灶消套装,	,S2505161744001,	,到手价2399（包含不要空气炸锅折现100），送清洁剂+拆旧机费用 [viomi华华 11/17 15:52];奇门回传单号:JDV024115157576=15239398621咨询 [viomi慧慧sk 11/19 14:27]=差价200仅退款 [viomi莉莉sk 11/19 20:27],	,退款成功,,2025-11-17 15:43:53,	,,,,,,,否,否,	,否,	,,2599.0	,0.0	,0.0	,0.0	,0.0	,0.0	,0.0	,0.0	,2599.0	,2599.0	,JDV024115157576,京东大件物流,河南省,濮阳市,华龙区,,,否,否,	,	,	,否,	,	,	,	,	,	,	,	,	,	,	,	,否,否,	,否,否,,	,否,	,否,,,否
【母婴直饮】云米净水器 SE 600G+ 新升级厨下式RO反渗透直饮家用,251117-298215084463316,已发货，待收货,1	,正常,2025-11-17 15:43:32,2025-11-18 15:43:32,,2025-11-18 09:30:04,	,819506595979	,【24年新品】600G升级版6年长效,1787046011387	,厨房电器,净水器/净水设备及配件耗材,净水器,	,6923185653684	,6923185616399	,	,	,无售后或售后取消,,2025-11-17 15:43:32,	,,,,,,,否,否,	,否,	,,748.0	,0.0	,134.64	,74.8	,0.0	,0.0	,0.0	,0.0	,538.56	,613.36	,JDV024122587509,京东大件物流,江西省,上饶市,广信区,,,否,否,	,	,	,否,	,	,	,	,	,	,	,	,	,	,	,	,否,否,	,否,否,,	,否,	,否,,,否
【重磅新品】云米净水器600G小海豚升级版厨下式RO反渗透直饮家用,251117-205772572261722,已发货，待收货,1	,正常,2025-11-17 15:43:29,2025-11-18 15:43:29,,2025-11-17 18:56:45,	,225501370546	,小海豚600G,1813468330532	,厨房电器,净水器/净水设备及配件耗材,净水器,	,6923185653684	,6923185616399	,18519262423安装 [viomi诺诺sk 11/18 22:06],	,无售后或售后取消,,2025-11-17 15:43:29,	,,,,,,,否,否,	,否,	,,559.0	,0.0	,0.0	,0.0	,1.11	,0.0	,0.0	,0.0	,559.0	,559.0	,JDV024115071546,京东大件物流,北京市,北京市,通州区,,,否,否,	,	,	,否,	,	,	,	,	,	,	,	,	,	,	,	,否,否,	,否,否,,	,否,	,否,,,否
云米智能AI门锁3D指纹密码蓝牙可连大容量续航家用公寓自动安全,251117-507385024900905,已发货，待收货,1	,正常,2025-11-17 15:34:51,2025-11-18 15:34:51,,2025-11-18 10:23:01,	,743885774552	,"云米蓝调指纹密码锁LBT11C,黑色",1734954999916	,基础建材,智能门锁/电子锁,智能门锁/电子锁,	,6923185655381	,6923185655381	,	,	,无售后或售后取消,,2025-11-17 15:34:51,	,,,,,,,否,否,	,否,	,,662.0	,0.0	,70.0	,24.0	,0.0	,0.0	,0.0	,0.0	,568.0	,592.0	,JDV024122558833,京东大件物流,江苏省,苏州市,昆山市,,,否,否,	,	,	,否,	,	,	,	,	,	,	,	,	,	,	,	,否,否,	,否,否,,	,否,	,否,,,否
【母婴直饮】云米净水器 SE 600G+ 新升级厨下式RO反渗透直饮家用,251117-152137899533883,未发货，退款成功,1	,正常,2025-11-17 15:24:26,2025-11-18 15:24:26,,	,	,819506595979	,【24年新品】600G升级版6年长效,1787046011387	,厨房电器,净水器/净水设备及配件耗材,净水器,	,6923185653684	,6923185616399	,聚水潭已取消发货 已退款 卫11.18,	,退款成功,,2025-11-17 15:24:26,	,,,,,,,否,否,	,否,	,,748.0	,0.0	,142.12	,37.4	,0.0	,0.0	,0.0	,0.0	,568.48	,605.88	,	,	,吉林省,长春市,高新技术开发区,,,否,否,	,	,	,否,	,	,	,	,	,	,	,	,	,	,	,	,否,否,	,否,否,,	,否,	,否,,,否
【重磅新品】云米净水器600G小海豚升级版厨下式RO反渗透直饮家用,251117-120009582883554,已取消,1	,正常,	,	,,	,	,225501370546	,小海豚600G,1813468330532	,厨房电器,净水器/净水设备及配件耗材,净水器,	,6923185653684	,6923185616399	,	,	,无售后或售后取消,,	,	,,,,,,,否,否,	,否,	,,559.0	,0.0	,0.0	,33.54	,0.0	,0.0	,0.0	,0.0	,525.46	,559.0	,	,	,****,****,****,****,,否,否,	,	,	,否,	,	,	,	,	,	,	,	,	,	,	,	,否,否,	,否,	,,	,否,	,否,,,否
云米小厨宝6L电热水器厨房卫生间出水恒温储水式小型速热神器加热,251117-235573102163432,已发货，待收货,1	,正常,2025-11-17 15:12:51,2025-11-18 15:12:51,,2025-11-17 18:56:46,	,208073193570	,热水即刻有-【6L】,1801828025682	,大家电,热水器,厨宝,	,6923185611233	,6923185611233	,17289249855拦截 [viomi莉莉sk 11/18 15:49],	,售后处理中,,2025-11-17 15:12:51,	,,,,,,,否,否,	,否,	,,279.0	,0.0	,28.0	,12.55	,0.2	,0.0	,0.0	,0.0	,238.45	,251.0	,JDV024115135204,京东大件物流,山西省,临汾市,霍州市,,,否,否,	,	,	,否,	,	,	,	,	,	,	,	,	,	,	,	,否,否,	,否,否,,	,否,	,否,,,否
云米净水器滤芯家用小海豚小蓝调小白龙系列专用RO反渗透,251117-497591273050417,已发货，待收货,1	,正常,2025-11-17 14:57:10,2025-11-19 14:57:10,,2025-11-17 18:56:47,	,232467205433	,5in1 复合滤芯,1647394585330	,厨房电器,净水器/净水设备及配件耗材,净水器配件耗材,	,6923185627425	,	,到手价109,	,无售后或售后取消,,2025-11-17 14:57:10,	,,,,,,,否,否,	,否,	,,149.0	,0.0	,0.0	,0.0	,0.0	,0.0	,0.0	,0.0	,149.0	,149.0	,JDV024112545804,京东大件物流,北京市,北京市,朝阳区,,,否,否,	,	,	,否,	,	,	,	,	,	,	,	,	,	,	,	,否,否,	,否,否,,	,否,	,否,,,否
【重磅新品】云米净水器600G小海豚升级版厨下式RO反渗透直饮家用,251117-672986580541980,已发货，待收货,1	,正常,2025-11-17 14:55:28,2025-11-18 14:55:28,,2025-11-17 18:56:45,	,225501370546	,小海豚600G,1813468330532	,厨房电器,净水器/净水设备及配件耗材,净水器,	,6923185653684	,6923185616399	,	,	,无售后或售后取消,,2025-11-17 14:55:28,	,,,,,,,否,否,	,否,	,,559.0	,0.0	,0.0	,0.0	,0.0	,0.0	,0.0	,0.0	,559.0	,559.0	,JDV024115124295,京东大件物流,北京市,北京市,顺义区,,,否,否,	,	,	,否,	,	,	,	,	,	,	,	,	,	,	,	,否,否,	,否,是,3	,商家,否,	,否,,花呗分期,否
Viomi云米净水器1000G厨下式RO反渗透直饮过滤器净饮小海豚2,251117-372485732721500,已取消,1	,正常,	,	,,	,	,205458105137	,小海豚2包安装1000G大加仑,1802849942800	,厨房电器,净水器/净水设备及配件耗材,净水器,	,6923185654865	,	,	,	,无售后或售后取消,,	,	,,,,,,,否,否,	,否,	,,999.0	,0.0	,0.0	,0.0	,0.0	,0.0	,0.0	,0.0	,999.0	,999.0	,	,	,****,****,****,****,,否,否,	,	,	,否,	,	,	,	,	,	,	,	,	,	,	,	,否,否,	,否,	,,	,否,	,否,,,否
【重磅新品】云米净水器600G小海豚升级版厨下式RO反渗透直饮家用,251117-364422131222977,已取消,1	,正常,	,	,,	,	,225501370546	,小海豚600G,1813468330532	,厨房电器,净水器/净水设备及配件耗材,净水器,	,6923185653684	,6923185616399	,	,	,无售后或售后取消,,	,	,,,,,,,否,否,	,否,	,,559.0	,0.0	,0.0	,0.0	,0.0	,0.0	,0.0	,0.0	,559.0	,559.0	,	,	,****,****,****,****,,否,否,	,	,	,否,	,	,	,	,	,	,	,	,	,	,	,	,否,否,	,否,	,,	,否,	,否,,,否
云米100L消毒柜家用超薄嵌入式大容量厨房独立消毒烘干ZTD100A-1,251117-356746596701834,已发货，待收货,1	,正常,2025-11-17 14:42:51,2025-11-19 14:42:51,,2025-11-17 18:56:47,	,220820325711	,嵌入式100L消毒柜,1644782695193	,大家电,厨房大电,消毒柜,	,6923185604303	,6923185604303	,	,	,无售后或售后取消,,2025-11-17 14:42:51,	,,,,,,,否,否,	,否,	,,848.0	,0.0	,0.0	,0.0	,0.0	,0.0	,0.0	,0.0	,848.0	,848.0	,JDV024112265831,京东大件物流,河南省,周口市,淮阳区,,,否,否,	,	,	,否,	,	,	,	,	,	,	,	,	,	,	,	,否,否,	,否,否,,	,否,	,否,,,否
【重磅新品】云米净水器600G小海豚升级版厨下式RO反渗透直饮家用,251117-218995125800652,未发货，退款成功,1	,正常,2025-11-17 14:42:09,2025-12-18 14:42:10,,	,	,225501370546	,小海豚600G,1813468330532	,厨房电器,净水器/净水设备及配件耗材,净水器,	,6923185653684	,6923185616399	,聚水潭已取消发货 已退款 卫11.18,	,退款成功,,2025-11-17 14:42:10,	,,,,,,,否,否,	,否,	,,559.0	,0.0	,0.0	,33.54	,0.0	,0.0	,0.0	,0.0	,525.46	,559.0	,	,	,山东省,菏泽市,曹县,,,否,否,	,	,	,否,	,	,	,	,	,	,	,	,	,	,	,	,否,否,	,否,否,,	,否,	,否,,,否
云米AI燃气热水器智控恒温防冻节能安全水质净化精准控温13L强排,251117-095189736983777,已发货，待收货,1	,正常,2025-11-17 14:27:16,2025-11-18 14:27:16,,2025-11-19 10:43:52,	,773161065181	,智控恒温燃气热水器,1755671371526	,大家电,热水器,燃气热水器,	,6923185655688	,6923185655688	,库存不足,	,无售后或售后取消,,2025-11-17 14:27:16,	,,,,,,,否,否,	,否,	,,588.0	,0.0	,0.0	,29.4	,0.0	,0.0	,0.0	,0.0	,558.6	,588.0	,JDV024141751873,京东大件物流,陕西省,延安市,宝塔区,,,否,否,	,	,	,否,	,	,	,	,	,	,	,	,	,	,	,	,否,否,	,否,否,,	,否,	,否,,,否
【重磅新品】云米净水器600G小海豚升级版厨下式RO反渗透直饮家用,251117-216824573512694,已取消,1	,正常,	,	,,	,	,225501370546	,小海豚600G,1813468330532	,厨房电器,净水器/净水设备及配件耗材,净水器,	,6923185653684	,6923185616399	,	,	,无售后或售后取消,,	,	,,,,,,,否,否,	,否,	,,559.0	,0.0	,0.0	,0.0	,0.0	,0.0	,0.0	,0.0	,559.0	,559.0	,	,	,****,****,****,****,,否,否,	,	,	,否,	,	,	,	,	,	,	,	,	,	,	,	,否,否,	,否,	,,	,否,	,否,,,否
云米净水器滤芯小蓝调小海豚600G+专用复合滤芯RO反渗透滤芯过滤,251117-543969821002597,已收货，退款成功,1	,正常,2025-11-17 14:19:46,2025-11-18 14:19:46,,2025-11-17 18:56:48,2025-11-19 10:15:22,296967601341	,5in1复合滤芯 2年长效,1600193054565	,厨房电器,净水器/净水设备及配件耗材,净水器配件耗材,	,6923185627425	,	,到手价99元=299-99=200差价仅退款 [viomi慧慧sk 11/19 10:16],	,退款成功,,2025-11-17 14:19:46,	,,,,,,,否,否,	,否,	,,299.0	,0.0	,0.0	,0.0	,0.0	,0.0	,0.0	,0.0	,299.0	,299.0	,JDV024111564156,京东大件物流,山东省,济南市,历城区,,,否,否,	,	,	,否,	,	,	,	,	,	,	,	,	,	,	,	,否,否,	,否,否,,	,否,	,否,,,否
云米双腔大吸力手势控制智清洁油烟机聚能猛火灶安全烟灶联动套装,251117-092610260530799,已发货，待收货,1	,正常,2025-11-17 14:20:07,2025-11-18 14:20:07,,2025-11-17 18:56:46,	,848589244342	,"【烟灶套装】双腔劲吸烟机+5.0KW灶,天然气灶",1809146217030	,大家电,厨房大电,烟灶消套装,	,S2209231819001,	,	,	,无售后或售后取消,,2025-11-17 14:20:07,	,,,,,,,否,否,	,否,	,,1299.0	,0.0	,0.0	,0.0	,0.0	,0.0	,0.0	,0.0	,1299.0	,1299.0	,JDV024115184055,京东大件物流,山东省,济南市,章丘区,,,否,否,	,	,	,否,	,	,	,	,	,	,	,	,	,	,	,	,否,否,	,否,否,,	,否,	,否,,,否
云米双腔大吸力手势控制智清洁油烟机聚能猛火灶安全烟灶联动套装,251117-057766080050799,未发货，退款成功,1	,正常,2025-11-17 14:16:25,2025-11-18 14:16:25,,	,	,848589244342	,"【烟灶套装】双腔劲吸烟机+5.0KW灶,天然气灶",1809146217030	,大家电,厨房大电,烟灶消套装,	,S2209231819001,	,聚水潭已取消发货，仅退款  诚11.17,	,退款成功,,2025-11-17 14:16:25,	,,,,,,,否,否,	,否,	,,1299.0	,0.0	,0.0	,0.0	,0.0	,0.0	,0.0	,0.0	,1299.0	,1299.0	,	,	,山东省,济南市,章丘区,,,否,否,	,	,	,否,	,	,	,	,	,	,	,	,	,	,	,	,否,否,	,否,否,,	,否,	,否,,,否
云米双腔大吸力手势控制智清洁油烟机聚能猛火灶安全烟灶联动套装,251117-247977756210799,已取消,1	,正常,	,	,,	,	,848589244342	,"【烟灶套装】双腔劲吸烟机+5.0KW灶,天然气灶",1809146217030	,大家电,厨房大电,烟灶消套装,	,S2209231819001,	,	,	,无售后或售后取消,,	,	,,,,,,,否,否,	,否,	,,1299.0	,0.0	,0.0	,0.0	,0.0	,0.0	,0.0	,0.0	,1299.0	,1299.0	,	,	,****,****,****,****,,否,否,	,	,	,否,	,	,	,	,	,	,	,	,	,	,	,	,否,否,	,否,	,,	,否,	,否,,,否
云米小厨宝6L电热水器厨房卫生间出水恒温储水式小型速热神器加热,251117-191323226473872,未发货，退款成功,1	,正常,2025-11-17 14:13:01,2025-11-18 14:13:01,,	,	,208073193570	,热水即刻有-【6L】,1801828025682	,大家电,热水器,厨宝,	,6923185611233	,6923185611233	,已建单拦截：ZX2511180066456，卫11.18,	,退款成功,,2025-11-17 14:13:01,	,,,,,,,否,否,	,否,	,,279.0	,0.0	,28.0	,6.0	,1.22	,0.0	,0.0	,0.0	,245.0	,251.0	,	,	,山西省,临汾市,霍州市,,,否,否,	,	,	,否,	,	,	,	,	,	,	,	,	,	,	,	,否,否,	,否,否,,	,否,	,否,,,否
【母婴直饮】云米净水器 SE 600G+ 新升级厨下式RO反渗透直饮家用,251117-217369885062493,已发货，待收货,1	,正常,2025-11-17 14:12:27,2025-11-18 14:12:28,,2025-11-18 09:30:04,	,819506595979	,【24年新品】600G升级版6年长效,1787046011387	,厨房电器,净水器/净水设备及配件耗材,净水器,	,6923185653684	,6923185616399	,	,	,无售后或售后取消,,2025-11-17 14:12:28,	,,,,,,,否,否,	,否,	,,748.0	,0.0	,139.6	,50.0	,0.0	,0.0	,0.0	,0.0	,558.4	,608.4	,JDV024122551751,京东大件物流,浙江省,金华市,东阳市,,,否,否,	,	,	,否,	,	,	,	,	,	,	,	,	,	,	,	,否,否,	,否,否,,	,否,	,否,,,否
云米顶侧双吸烟灶套装22m³大吸力抽油烟机聚能猛火灶节能燃气家用,251117-112596129280756,已发货，待收货,1	,正常,2025-11-17 14:11:44,2025-11-18 14:11:44,,2025-11-17 18:56:45,	,382839923175	,【两件套】顶侧双吸烟机+5.2KW灶（天）,1743705224006	,大家电,厨房大电,烟灶消套装,	,S2309261029001,蓝调套装,	,	,无售后或售后取消,,2025-11-17 14:11:44,	,,,,,,,否,否,	,否,	,,1218.0	,0.0	,60.0	,40.0	,0.0	,0.0	,0.0	,0.0	,1118.0	,1158.0	,JDV024115147614,京东大件物流,黑龙江省,齐齐哈尔市,富拉尔基区,,,否,否,	,	,	,否,	,	,	,	,	,	,	,	,	,	,	,	,否,否,	,否,否,,	,否,	,否,,,否
云米全自动智能门锁人脸猫眼密码指纹安全防撬大屏锁已接入米家AP,251117-112260584993844,未发货，退款成功,1	,正常,2025-11-17 14:05:44,2025-11-18 14:05:45,,	,	,804409121514	,LBT16A【人脸猫眼】智能门锁,1778430742491	,基础建材,智能门锁/电子锁,智能门锁/电子锁,	,6923185652724	,	,聚水潭已取消发货，仅退款  诚11.17,	,退款成功,,2025-11-17 14:05:45,	,,,,,,,否,否,	,否,	,,849.0	,0.0	,0.0	,0.0	,2.0	,0.0	,0.0	,0.0	,849.0	,849.0	,	,	,江苏省,泰州市,靖江市,,,否,否,	,	,	,否,	,	,	,	,	,	,	,	,	,	,	,	,否,否,	,否,否,,	,否,	,否,,,否
【母婴直饮】云米净水器 SE 600G+ 新升级厨下式RO反渗透直饮家用,251117-113424473690802,已取消,1	,正常,	,	,,	,	,819506595979	,【24年新品】600G升级版6年长效,1787046011387	,厨房电器,净水器/净水设备及配件耗材,净水器,	,6923185653684	,6923185616399	,	,	,无售后或售后取消,,	,	,,,,,,,否,否,	,否,	,,748.0	,0.0	,149.6	,0.0	,0.0	,0.0	,0.0	,0.0	,598.4	,598.4	,	,	,****,****,****,****,,否,否,	,	,	,否,	,	,	,	,	,	,	,	,	,	,	,	,否,否,	,否,	,,	,否,	,否,,,否
云米23立方油烟机燃气灶套装家用厨房顶侧大吸力油烟机5.0KW灶具,251117-150523113113923,已发货，待收货,1	,正常,2025-11-18 09:57:44,2025-11-19 09:57:45,,2025-11-18 21:32:41,	,209837375742	,"【烟灶联动】瞬吸烟机+5.0KW灶,天然气",1792607150009	,大家电,厨房大电,烟灶消套装,	,S2409261034001,	,JDV024134619967/JDV024134587081,	,无售后或售后取消,,2025-11-18 09:57:45,	,,,,,,,否,否,	,否,	,,1286.0	,0.0	,60.0	,40.0	,0.0	,0.0	,0.0	,0.0	,1186.0	,1226.0	,JDV024134619967,京东大件物流,山东省,潍坊市,诸城市,,,否,否,	,	,	,否,	,	,	,	,	,	,	,	,	,	,	,	,否,否,	,否,否,,	,否,	,否,,,否
【重磅新品】云米净水器600G小海豚升级版厨下式RO反渗透直饮家用,251117-391769045423648,已发货，待收货,1	,正常,2025-11-17 13:47:41,2025-11-18 13:47:41,,2025-11-17 18:56:46,	,225501370546	,小海豚600G,1813468330532	,厨房电器,净水器/净水设备及配件耗材,净水器,	,6923185653684	,6923185616399	,	,	,无售后或售后取消,,2025-11-17 13:47:41,	,,,,,,,否,否,	,否,	,,559.0	,0.0	,0.0	,0.0	,0.0	,0.0	,0.0	,0.0	,559.0	,559.0	,JDV024113066859,京东大件物流,广东省,佛山市,顺德区,,,否,否,	,	,	,否,	,	,	,	,	,	,	,	,	,	,	,	,否,否,	,否,否,,	,否,	,否,,,否
【重磅新品】云米净水器600G小海豚升级版厨下式RO反渗透直饮家用,251117-160851618171434,已收货,1	,正常,2025-11-17 13:40:30,2025-11-18 13:40:30,,2025-11-17 18:56:46,2025-11-19 14:04:48,225501370546	,小海豚600G,1813468330532	,厨房电器,净水器/净水设备及配件耗材,净水器,	,6923185653684	,6923185616399	,	,	,无售后或售后取消,,2025-11-17 13:40:30,	,,,,,,,否,否,	,否,	,,559.0	,0.0	,0.0	,0.0	,0.0	,0.0	,0.0	,0.0	,559.0	,559.0	,JDV024113096154,京东大件物流,河南省,南阳市,邓州市,,,否,否,	,	,	,否,	,	,	,	,	,	,	,	,	,	,	,	,否,否,	,否,否,,	,否,	,否,,,否
【重磅新品】云米净水器600G小海豚升级版厨下式RO反渗透直饮家用,251117-079282880881253,已发货，待收货,1	,正常,2025-11-17 13:38:35,2025-11-18 13:38:35,,2025-11-17 18:56:47,	,225501370546	,小海豚600G,1813468330532	,厨房电器,净水器/净水设备及配件耗材,净水器,	,6923185653684	,6923185616399	,	,	,无售后或售后取消,,2025-11-17 13:38:35,	,,,,,,,否,否,	,否,	,,559.0	,0.0	,0.0	,20.0	,0.0	,0.0	,0.0	,0.0	,539.0	,559.0	,JDV024113074105,京东大件物流,黑龙江省,牡丹江市,东宁市,,,否,否,	,	,	,否,	,	,	,	,	,	,	,	,	,	,	,	,否,否,	,否,否,,	,否,	,否,,,否
【购买前须联系客服确认】补收差价专用商品,251117-091477819711723,已收货,30000	,正常,2025-11-17 13:33:01,2025-11-18 13:33:01,,2025-11-17 13:33:11,2025-11-17 13:33:11,322805615497	,	,1061861892357	,虚拟商品,个性定制/设计服务/DIY,个人定制原材料,	,	,	,TP25111603909 [viomi诺诺sk 11/17 13:33],	,无售后或售后取消,,2025-11-17 13:33:01,	,,,,,,,否,否,	,否,	,,300.0	,0.0	,0.0	,0.0	,0.0	,0.0	,0.0	,0.0	,300.0	,300.0	,	,	,	,	,	,,,否,否,	,	,	,否,	,	,	,	,	,	,	,	,	,	,	,	,否,否,	,否,否,,	,否,	,否,,,否
云米即热净水器厨房家用直饮RO反渗透加热净饮一体机1000G,251117-495242483220075,已发货，待收货,1	,正常,2025-11-17 13:32:16,2025-11-18 13:32:16,,2025-11-17 18:56:47,	,846360072018	,即热直饮 1000G大通量,1807240839093	,厨房电器,净水器/净水设备及配件耗材,净水器,	,6923185651116	,6923185651116	,瑕疵补偿10待 [viomi莉莉sk 11/19 18:20],	,无售后或售后取消,,2025-11-17 13:32:16,	,,,,,,,否,否,	,否,	,,1498.0	,0.0	,0.0	,100.0	,0.0	,0.0	,0.0	,0.0	,1398.0	,1498.0	,JDV024113104328,京东大件物流,河北省,邢台市,清河县,,,否,否,	,	,	,否,	,	,	,	,	,	,	,	,	,	,	,	,否,否,	,否,否,,	,否,	,否,,,否
【重磅新品】云米净水器600G小海豚升级版厨下式RO反渗透直饮家用,251117-034928074293829,已发货，待收货,1	,正常,2025-11-17 13:29:18,2025-11-18 13:29:18,,2025-11-17 18:56:46,	,225501370546	,小海豚600G,1813468330532	,厨房电器,净水器/净水设备及配件耗材,净水器,	,6923185653684	,6923185616399	,	,	,无售后或售后取消,,2025-11-17 13:29:18,	,,,,,,,否,否,	,否,	,,559.0	,0.0	,0.0	,33.54	,0.0	,0.0	,0.0	,0.0	,525.46	,559.0	,JDV024113127448,京东大件物流,福建省,三明市,建宁县,,,否,否,	,	,	,否,	,	,	,	,	,	,	,	,	,	,	,	,否,否,	,否,否,,	,否,	,否,,,否
VIOMI云米净水器1000G厨下直饮小体积净水机RO机智显龙头3秒满杯,251117-272891963821297,已收货,1	,正常,2025-11-17 13:28:12,2025-11-18 13:28:12,,2025-11-17 18:56:47,2025-11-19 17:12:58,842195971715	,1000G大通量RO净水器,1803617356458	,厨房电器,净水器/净水设备及配件耗材,净水器,	,6923185654247	,	,	,	,无售后或售后取消,,2025-11-17 13:28:12,	,,,,,,,否,否,	,否,	,,823.0	,0.0	,24.0	,0.0	,1.59	,0.0	,0.0	,0.0	,799.0	,799.0	,JDV024113092528,京东大件物流,河南省,南阳市,卧龙区,,,否,否,	,	,	,否,	,	,	,	,	,	,	,	,	,	,	,	,否,否,	,否,否,,	,否,	,否,,,否
【母婴直饮】云米净水器 SE 600G+ 新升级厨下式RO反渗透直饮家用,251117-358455775603243,已取消,1	,正常,	,	,,	,	,819506595979	,【24年新品】600G升级版6年长效,1787046011387	,厨房电器,净水器/净水设备及配件耗材,净水器,	,6923185653684	,6923185616399	,	,	,无售后或售后取消,,	,	,,,,,,,否,否,	,否,	,,748.0	,0.0	,138.8	,54.0	,0.0	,0.0	,0.0	,0.0	,555.2	,609.2	,	,	,****,****,****,****,,否,否,	,	,	,否,	,	,	,	,	,	,	,	,	,	,	,	,否,否,	,否,	,,	,否,	,否,,,否
【重磅新品】云米净水器600G小海豚升级版厨下式RO反渗透直饮家用,251117-641246237000704,已发货，待收货,1	,正常,2025-11-17 13:19:58,2025-11-18 13:19:59,,2025-11-17 18:56:46,	,225501370546	,小海豚600G,1813468330532	,厨房电器,净水器/净水设备及配件耗材,净水器,	,6923185653684	,6923185616399	,15880646839安装 [viomi英英sk 11/18 16:58],	,无售后或售后取消,,2025-11-17 13:19:59,	,,,,,,,否,否,	,否,	,,559.0	,0.0	,0.0	,0.0	,1.11	,0.0	,0.0	,0.0	,559.0	,559.0	,JDV024113088729,京东大件物流,福建省,龙岩市,新罗区,,,否,否,	,	,	,否,	,	,	,	,	,	,	,	,	,	,	,	,否,否,	,否,否,,	,否,	,否,,,否
云米电热水器家用洗澡租房储水式速热抑菌节能省电卫生间40/60升,251117-443820295712050,已发货，退款成功,1	,正常,2025-11-17 12:56:12,2025-11-18 12:56:12,,2025-11-17 15:28:47,	,227645754240	,"速热抑菌洗-40L,全国联保送货上门安装8年质保",1645458252843	,大家电,热水器,电热水器,	,6923185681281	,	,ZX2511180066479 拦截 11.18,	,退款成功,,2025-11-17 12:56:12,	,,,,,,,否,否,	,否,	,,379.0	,0.0	,0.0	,0.0	,0.0	,0.0	,0.0	,0.0	,379.0	,379.0	,JDLD12907877250,京东大件物流,辽宁省,沈阳市,新民市,,,否,否,	,	,	,否,	,	,	,	,	,	,	,	,	,	,	,	,否,否,	,否,否,,	,否,	,否,,,否
云米电热水器家用洗澡租房储水式速热抑菌节能省电卫生间40/60升,251117-446420774432050,未发货，退款成功,1	,正常,2025-11-17 12:54:35,2025-11-18 12:54:35,,	,	,227645754240	,"速热抑菌洗-40L,全国联保送货上门安装8年质保",1645458252843	,大家电,热水器,电热水器,	,6923185681281	,	,聚水潭已取消发货，仅退款  诚11.17,	,退款成功,,2025-11-17 12:54:35,	,,,,,,,否,否,	,否,	,,379.0	,0.0	,0.0	,0.0	,0.0	,0.0	,0.0	,0.0	,379.0	,379.0	,	,	,辽宁省,沈阳市,新民市,,,否,否,	,	,	,否,	,	,	,	,	,	,	,	,	,	,	,	,否,否,	,否,否,,	,否,	,否,,,否
云米电热水器家用洗澡租房储水式速热抑菌节能省电卫生间40/60升,251117-440915792173923,已发货，退款成功,1	,正常,2025-11-17 12:50:26,2025-11-18 12:50:26,,2025-11-17 16:10:08,	,227645754240	,"速热抑菌洗-40L,全国联保送货上门安装8年质保",1645458252843	,大家电,热水器,电热水器,	,6923185681281	,	,ZX2511170066245 拦截 11.17,	,退款成功,,2025-11-17 12:50:26,	,,,,,,,否,否,	,否,	,,379.0	,0.0	,0.0	,0.0	,0.0	,0.0	,0.0	,0.0	,379.0	,379.0	,JDLD12907876899,京东大件物流,江西省,赣州市,兴国县,,,否,否,	,	,	,否,	,	,	,	,	,	,	,	,	,	,	,	,否,否,	,否,否,,	,否,	,否,,,否
云米小厨宝6L电热水器厨房卫生间出水恒温储水式小型速热神器加热,251117-150198054492067,已取消,1	,正常,	,	,,	,	,208073193570	,热水即刻有-【6L】,1801828025682	,大家电,热水器,厨宝,	,6923185611233	,6923185611233	,	,	,无售后或售后取消,,	,	,,,,,,,否,否,	,否,	,,279.0	,0.0	,28.0	,6.0	,0.0	,0.0	,0.0	,0.0	,245.0	,251.0	,	,	,****,****,****,****,,否,否,	,	,	,否,	,	,	,	,	,	,	,	,	,	,	,	,否,否,	,否,	,,	,否,	,否,,,否
【重磅新品】云米净水器600G小海豚升级版厨下式RO反渗透直饮家用,251117-282444491183407,已取消,2	,正常,	,	,,	,	,225501370546	,小海豚600G,1813468330532	,厨房电器,净水器/净水设备及配件耗材,净水器,	,6923185653684	,6923185616399	,	,	,无售后或售后取消,,	,	,,,,,,,否,否,	,否,	,,1118.0	,0.0	,11.18	,0.0	,0.0	,0.0	,0.0	,0.0	,1106.82	,1106.82	,	,	,****,****,****,****,,否,否,	,	,	,否,	,	,	,	,	,	,	,	,	,	,	,	,否,否,	,否,	,,	,否,	,否,,,否
【母婴直饮】云米净水器 SE 600G+ 新升级厨下式RO反渗透直饮家用,251117-185954485881227,已发货，待收货,1	,正常,2025-11-17 12:19:22,2025-11-18 12:19:22,,2025-11-17 17:03:24,	,819506595979	,【24年新品】600G升级版6年长效,1787046011387	,厨房电器,净水器/净水设备及配件耗材,净水器,	,6923185653684	,6923185616399	,	,	,无售后或售后取消,,2025-11-17 12:19:22,	,,,,,,,否,否,	,否,	,,748.0	,0.0	,134.64	,74.8	,0.0	,0.0	,0.0	,0.0	,538.56	,613.36	,JDV024113851416,京东大件物流,江西省,九江市,浔阳区,,,否,否,	,	,	,否,	,	,	,	,	,	,	,	,	,	,	,	,否,否,	,否,否,,	,否,	,否,,,否
【母婴直饮】云米净水器 SE 600G+ 新升级厨下式RO反渗透直饮家用,251117-058227433081227,已取消,1	,正常,	,	,,	,	,819506595979	,【24年新品】600G升级版6年长效,1787046011387	,厨房电器,净水器/净水设备及配件耗材,净水器,	,6923185653684	,6923185616399	,	,	,无售后或售后取消,,	,	,,,,,,,否,否,	,否,	,,748.0	,0.0	,134.64	,74.8	,0.0	,0.0	,0.0	,0.0	,538.56	,613.36	,	,	,****,****,****,****,,否,否,	,	,	,否,	,	,	,	,	,	,	,	,	,	,	,	,否,否,	,否,	,,	,否,	,否,,,否
云米电热水器家用洗澡租房储水式速热抑菌节能省电卫生间40/60升,251117-487598333472050,未发货，退款成功,1	,正常,2025-11-17 12:18:57,2025-11-18 12:18:57,,	,	,227645754240	,"速热抑菌洗-40L,全国联保送货上门安装8年质保",1645458252843	,大家电,热水器,电热水器,	,6923185681281	,	,聚水潭已取消发货，仅退款  诚11.17,	,退款成功,,2025-11-17 12:18:57,	,,,,,,,否,否,	,否,	,,379.0	,0.0	,0.0	,0.0	,0.0	,0.0	,0.0	,0.0	,379.0	,379.0	,	,	,辽宁省,沈阳市,新民市,,,否,否,	,	,	,否,	,	,	,	,	,	,	,	,	,	,	,	,否,否,	,否,否,,	,否,	,否,,,否
【重磅新品】云米净水器600G小海豚升级版厨下式RO反渗透直饮家用,251117-355152709241120,已发货，待收货,1	,正常,2025-11-17 11:45:11,2025-11-18 11:45:11,,2025-11-17 18:56:48,	,225501370546	,小海豚600G,1813468330532	,厨房电器,净水器/净水设备及配件耗材,净水器,	,6923185653684	,6923185616399	,13725329831安装 [viomi诺诺sk 11/18 22:03],	,无售后或售后取消,,2025-11-17 11:45:11,	,,,,,,,否,否,	,否,	,,559.0	,0.0	,0.0	,0.0	,1.11	,0.0	,0.0	,0.0	,559.0	,559.0	,JDV024110836802,京东大件物流,广东省,广州市,白云区,,,否,否,	,	,	,否,	,	,	,	,	,	,	,	,	,	,	,	,否,否,	,否,否,,	,否,	,否,,,否
云米蓝调2双胆电热水器60L超短超薄速热增容大水量3000W杀菌安全,251117-148226763193264,已发货，待收货,1	,正常,2025-11-17 11:37:36,2025-11-18 11:37:36,,2025-11-17 14:54:03,	,846212481564	,超薄超短电热水器60L,1807140932949	,大家电,热水器,电热水器,	,6923185657057	,6923185657057	,	,	,无售后或售后取消,,2025-11-17 11:37:36,	,,,,,,,否,否,	,否,	,,882.0	,0.0	,0.0	,0.0	,0.0	,0.0	,0.0	,0.0	,882.0	,882.0	,JDV024110374554,京东配送,福建省,福州市,晋安区,,,否,否,	,	,	,否,	,	,	,	,	,	,	,	,	,	,	,	,否,否,	,否,否,,	,否,	,否,,,否
云米净水器滤芯家用小海豚小蓝调小白龙系列专用RO反渗透,251117-411178124822804,已收货，退款成功,1	,正常,2025-11-17 11:22:31,2025-11-19 11:22:31,,2025-11-17 14:50:30,2025-11-18 20:11:40,232467205433	,5in1 复合滤芯,1647394585330	,厨房电器,净水器/净水设备及配件耗材,净水器配件耗材,	,6923185627425	,	,补差后返到手价109===已退40 [viomi诺诺sk 11/18 20:13],	,退款成功,,2025-11-17 11:22:31,	,,,,,,,否,否,	,否,	,,149.0	,0.0	,0.0	,0.0	,5.0	,0.0	,0.0	,0.0	,149.0	,149.0	,JDV024108192620,京东配送,北京市,北京市,顺义区,,,否,否,	,	,	,否,	,	,	,	,	,	,	,	,	,	,	,	,否,否,	,否,否,,	,否,	,否,,,否
云米净水器滤芯小蓝调小海豚600G+专用复合滤芯RO反渗透滤芯过滤,251117-142491042081440,已发货，待收货,1	,正常,2025-11-17 11:17:19,2025-11-18 11:17:20,,2025-11-17 15:40:14,	,296967601341	,5in1复合滤芯 2年长效,1600193054565	,厨房电器,净水器/净水设备及配件耗材,净水器配件耗材,	,6923185627425	,	,补差后返到手价99,	,无售后或售后取消,,2025-11-17 11:17:20,	,,,,,,,否,否,	,否,	,,299.0	,0.0	,0.0	,0.0	,0.0	,0.0	,0.0	,0.0	,299.0	,299.0	,JDV024108257169,京东大件物流,山东省,聊城市,临清市,,,否,否,	,	,	,否,	,	,	,	,	,	,	,	,	,	,	,	,否,否,	,否,否,,	,否,	,否,,,否
VIOMI云米净水器大通量小海豚800G反渗透RO厨下式家用长效滤芯,251117-569984970323312,已发货，待收货,1	,正常,2025-11-17 11:06:28,2025-11-18 11:06:29,,2025-11-17 15:04:05,	,837957770723	,800G大通量纯水机,1809123722986	,厨房电器,净水器/净水设备及配件耗材,净水器配件耗材,	,6923185653974	,	,	,	,无售后或售后取消,,2025-11-17 11:06:29,	,,,,,,,否,否,	,否,	,,882.0	,0.0	,177.0	,50.0	,1.31	,0.0	,0.0	,0.0	,655.0	,705.0	,JDV024110347303,京东配送,辽宁省,丹东市,凤城市,,,否,否,	,	,	,否,	,	,	,	,	,	,	,	,	,	,	,	,否,否,	,否,否,,	,否,	,否,,,否
【重磅新品】云米净水器600G小海豚升级版厨下式RO反渗透直饮家用,251117-481736866210281,未发货，退款成功,1	,正常,2025-11-17 11:05:06,2025-11-18 11:05:06,,	,	,225501370546	,小海豚600G,1813468330532	,厨房电器,净水器/净水设备及配件耗材,净水器,	,6923185653684	,6923185616399	,聚水潭已取消发货，仅退款  诚11.17,	,退款成功,,2025-11-17 11:05:06,	,,,,,,,否,否,	,否,	,,559.0	,0.0	,0.0	,0.0	,1.11	,0.0	,0.0	,0.0	,559.0	,559.0	,	,	,宁夏回族自治区,吴忠市,同心县,,,否,否,	,	,	,否,	,	,	,	,	,	,	,	,	,	,	,	,否,否,	,否,否,,	,否,	,否,,,否
【6年套装】云米净水器600G小海豚升级版厨下式RO反渗透直饮家用,251117-231357836940325,已发货，待收货,1	,正常,2025-11-17 10:57:18,2025-11-18 10:57:18,,2025-11-17 14:37:05,	,852932116812	,小海豚600G+6年滤芯套装,1812983769340	,厨房电器,净水器/净水设备及配件耗材,净水器,	,S2508151538001,	,	,	,无售后或售后取消,,2025-11-17 10:57:18,	,,,,,,,否,否,	,否,	,,772.0	,0.0	,0.0	,100.0	,0.0	,0.0	,0.0	,0.0	,672.0	,772.0	,JDV024110307774,京东配送,湖南省,岳阳市,岳阳楼区,,,否,否,	,	,	,否,	,	,	,	,	,	,	,	,	,	,	,	,否,否,	,否,否,,	,否,	,否,,,否
【重磅新品】云米净水器600G小海豚升级版厨下式RO反渗透直饮家用,251117-185356797462057,已发货，待收货,1	,正常,2025-11-17 10:51:43,2025-11-18 10:51:43,,2025-11-17 15:40:35,	,225501370546	,小海豚600G,1813468330532	,厨房电器,净水器/净水设备及配件耗材,净水器,	,6923185653684	,6923185616399	,	,	,无售后或售后取消,,2025-11-17 10:51:43,	,,,,,,,否,否,	,否,	,,559.0	,0.0	,0.0	,0.0	,0.0	,0.0	,0.0	,0.0	,559.0	,559.0	,JDV024110359515,京东大件物流,河南省,信阳市,固始县,,,否,否,	,	,	,否,	,	,	,	,	,	,	,	,	,	,	,	,否,否,	,否,否,,	,否,	,否,,,否
【重磅新品】云米净水器600G小海豚升级版厨下式RO反渗透直饮家用,251117-128219901462057,已取消,1	,正常,	,	,,	,	,225501370546	,小海豚600G,1813468330532	,厨房电器,净水器/净水设备及配件耗材,净水器,	,6923185653684	,6923185616399	,	,	,无售后或售后取消,,	,	,,,,,,,否,否,	,否,	,,559.0	,0.0	,0.0	,0.0	,0.0	,0.0	,0.0	,0.0	,559.0	,559.0	,	,	,****,****,****,****,,否,否,	,	,	,否,	,	,	,	,	,	,	,	,	,	,	,	,否,否,	,否,	,,	,否,	,否,,,否
【重磅新品】云米净水器600G小海豚升级版厨下式RO反渗透直饮家用,251117-068629369160305,已取消,1	,正常,	,	,,	,	,225501370546	,小海豚600G,1813468330532	,厨房电器,净水器/净水设备及配件耗材,净水器,	,6923185653684	,6923185616399	,	,	,无售后或售后取消,,	,	,,,,,,,否,否,	,否,	,,559.0	,0.0	,0.0	,33.54	,0.0	,0.0	,0.0	,0.0	,525.46	,559.0	,	,	,****,****,****,****,,否,否,	,	,	,否,	,	,	,	,	,	,	,	,	,	,	,	,否,否,	,否,	,,	,否,	,否,,,否
【购买前须联系客服确认】补收差价专用商品,251117-102141837670730,已收货,30000	,正常,2025-11-17 10:35:54,2025-11-18 10:35:54,,2025-11-17 10:36:04,2025-11-17 10:36:04,322805615497	,	,1061861892357	,虚拟商品,个性定制/设计服务/DIY,个人定制原材料,	,	,	,TP25103102049 [viomi诺诺sk 11/17 10:36]=13960861112安装 [viomi莉莉sk 11/19 19:31],	,无售后或售后取消,,2025-11-17 10:35:54,	,,,,,,,否,否,	,否,	,,300.0	,0.0	,0.0	,0.0	,0.0	,0.0	,0.0	,0.0	,300.0	,300.0	,	,	,	,	,	,,,否,否,	,	,	,否,	,	,	,	,	,	,	,	,	,	,	,	,否,否,	,否,否,,	,否,	,否,,,否
云米净水器滤芯家用小海豚小蓝调小白龙系列专用RO反渗透,251117-424631375460733,已发货，待收货,1	,正常,2025-11-17 10:35:24,2025-11-19 10:35:24,,2025-11-17 15:40:14,	,232467205433	,5in1 复合滤芯,1647394585330	,厨房电器,净水器/净水设备及配件耗材,净水器配件耗材,	,6923185627425	,	,	,	,无售后或售后取消,,2025-11-17 10:35:24,	,,,,,,,否,否,	,否,	,,149.0	,0.0	,0.0	,0.0	,0.0	,0.0	,0.0	,0.0	,149.0	,149.0	,JDV024107494390,京东大件物流,广东省,深圳市,宝安区,,,否,否,	,	,	,否,	,	,	,	,	,	,	,	,	,	,	,	,否,否,	,否,否,,	,否,	,否,,,否
云米净水器滤芯家用小海豚小蓝调小白龙系列专用RO反渗透,251117-633214092900733,已发货，待收货,1	,正常,2025-11-17 10:34:56,2025-11-19 10:34:56,,2025-11-17 14:34:56,	,232467205433	,600G RO反渗透,1358951046252	,厨房电器,净水器/净水设备及配件耗材,净水器配件耗材,	,6923185618379	,	,补差后返到手价458,	,无售后或售后取消,,2025-11-17 10:34:56,	,,,,,,,否,否,	,否,	,,549.0	,0.0	,0.0	,0.0	,0.0	,0.0	,0.0	,0.0	,549.0	,549.0	,JDV024107594290,京东配送,广东省,深圳市,宝安区,,,否,否,	,	,	,否,	,	,	,	,	,	,	,	,	,	,	,	,否,否,	,否,否,,	,否,	,否,,,否
Viomi云米净水器1000G厨下式RO反渗透直饮过滤器净饮小海豚2,251117-372485712241500,已取消,1	,正常,	,	,,	,	,205458105137	,小海豚2包安装1000G大加仑,1802849942800	,厨房电器,净水器/净水设备及配件耗材,净水器,	,6923185654865	,	,	,	,无售后或售后取消,,	,	,,,,,,,否,否,	,否,	,,999.0	,0.0	,100.0	,0.0	,0.0	,0.0	,0.0	,0.0	,899.0	,899.0	,	,	,****,****,****,****,,否,否,	,	,	,否,	,	,	,	,	,	,	,	,	,	,	,	,否,否,	,否,	,,	,否,	,否,,,否
【重磅新品】云米净水器600G小海豚升级版厨下式RO反渗透直饮家用,251117-637387415080013,已取消,1	,正常,	,	,,	,	,225501370546	,小海豚600G,1813468330532	,厨房电器,净水器/净水设备及配件耗材,净水器,	,6923185653684	,6923185616399	,	,	,无售后或售后取消,,	,	,,,,,,,否,否,	,否,	,,559.0	,0.0	,0.0	,33.54	,0.0	,0.0	,0.0	,0.0	,525.46	,559.0	,	,	,****,****,****,****,,否,否,	,	,	,否,	,	,	,	,	,	,	,	,	,	,	,	,否,否,	,否,	,,	,否,	,否,,,否
云米全自动智能门锁人脸猫眼密码指纹安全防撬大屏锁已接入米家AP,251117-231798248992555,已发货，待收货,1	,正常,2025-11-17 10:17:28,2025-11-18 10:17:28,,2025-11-17 14:52:09,	,804409121514	,LBT16A【人脸猫眼】智能门锁,1778430742491	,基础建材,智能门锁/电子锁,智能门锁/电子锁,	,6923185652724	,	,	,	,无售后或售后取消,,2025-11-17 10:17:28,	,,,,,,,否,否,	,否,	,,849.0	,0.0	,0.0	,100.0	,0.0	,0.0	,0.0	,0.0	,749.0	,849.0	,JDV024110306713,京东配送,浙江省,宁波市,北仑区,,,否,否,	,	,	,否,	,	,	,	,	,	,	,	,	,	,	,	,否,否,	,否,否,,	,否,	,否,,,否
云米净水器滤芯家用小海豚小蓝调小白龙系列专用RO反渗透,251117-075245831770417,已发货，待收货,1	,正常,2025-11-17 10:17:06,2025-11-19 10:17:06,2025-11-18 23:59:59,2025-11-17 13:38:45,	,232467205433	,5in1 复合滤芯,1647394585330	,厨房电器,净水器/净水设备及配件耗材,净水器配件耗材,	,6923185627425	,	,补差后返到手价109,	,无售后或售后取消,,2025-11-17 10:17:06,	,,,,,,,否,否,	,否,	,,149.0	,0.0	,0.0	,0.0	,0.0	,0.0	,0.0	,0.0	,149.0	,149.0	,JDV024107467301,京东大件物流,上海市,上海市,徐汇区,,,否,否,	,	,	,否,	,	,	,	,	,	,	,	,	,	,	,	,否,否,	,否,否,,	,否,	,否,,,否
云米智能AI门锁3D指纹密码蓝牙可连大容量续航家用公寓自动安全,251117-312821716581756,已取消,1	,正常,	,	,,	,	,743885774552	,"云米蓝调指纹密码锁LBT11C,黑色",1734954999916	,基础建材,智能门锁/电子锁,智能门锁/电子锁,	,6923185655381	,6923185655381	,	,	,无售后或售后取消,,	,	,,,,,,,否,否,	,否,	,,662.0	,0.0	,70.0	,24.0	,0.0	,0.0	,0.0	,0.0	,568.0	,592.0	,	,	,****,****,****,****,,否,否,	,	,	,否,	,	,	,	,	,	,	,	,	,	,	,	,否,否,	,否,	,,	,否,	,否,,,否
Viomi云米净水器1000G厨下式RO反渗透直饮过滤器净饮小海豚2,251117-673227763251913,已发货，待收货,1	,正常,2025-11-17 10:52:15,2025-11-18 10:52:15,,2025-11-17 14:54:03,	,205458105137	,小海豚2包安装1000G大加仑,1802849942800	,厨房电器,净水器/净水设备及配件耗材,净水器,	,6923185654865	,	,	,	,无售后或售后取消,,2025-11-17 10:52:15,	,,,,,,,否,否,	,否,	,,999.0	,0.0	,100.0	,44.95	,0.0	,0.0	,0.0	,0.0	,854.05	,899.0	,JDV024110375121,京东配送,广东省,茂名市,化州市,,,否,否,	,	,	,否,	,	,	,	,	,	,	,	,	,	,	,	,否,否,	,否,否,,	,否,	,否,,,否
云米60升AI速热高温抑菌电热水器3000W一级节能变频增容家用租房,251117-445309335993059,已发货，待收货,1	,正常,2025-11-17 09:48:37,2025-11-18 09:48:37,,2025-11-17 14:44:57,	,226368376224	,3000W速热安全60L热水器,1737176648260	,大家电,热水器,电热水器,	,6923185602224	,6923185602224	,	,	,无售后或售后取消,,2025-11-17 09:48:37,	,,,,,,,否,否,	,否,	,,610.0	,0.0	,0.0	,0.0	,0.0	,0.0	,0.0	,0.0	,610.0	,610.0	,JDV024107068125,京东配送,广西壮族自治区,百色市,那坡县,,,否,否,	,	,	,否,	,	,	,	,	,	,	,	,	,	,	,	,否,否,	,否,否,,	,否,	,否,,,否
云米小厨宝6L电热水器厨房卫生间出水恒温储水式小型速热神器加热,251117-097182041691195,已发货，待收货,1	,正常,2025-11-17 09:46:55,2025-11-18 09:46:56,,2025-11-17 13:46:48,	,208073193570	,热水即刻有-【6L】,1801828025682	,大家电,热水器,厨宝,	,6923185611233	,6923185611233	,17851553606安装 [viomi英英sk 11/19 19:36],	,无售后或售后取消,,2025-11-17 09:46:56,	,,,,,,,否,否,	,否,	,,279.0	,0.0	,28.0	,32.63	,0.2	,0.0	,0.0	,0.0	,218.37	,251.0	,JDV024109687456,京东大件物流,江苏省,淮安市,淮安区,,,否,否,	,	,	,否,	,	,	,	,	,	,	,	,	,	,	,	,否,否,	,否,否,,	,否,	,否,,,否
【重磅新品】云米净水器600G小海豚升级版厨下式RO反渗透直饮家用,251117-396424722832319,已发货，待收货,1	,正常,2025-11-17 09:44:12,2025-11-18 09:44:12,,2025-11-17 14:08:35,	,225501370546	,小海豚600G,1813468330532	,厨房电器,净水器/净水设备及配件耗材,净水器,	,6923185653684	,6923185616399	,	,	,无售后或售后取消,,2025-11-17 09:44:12,	,,,,,,,否,否,	,否,	,,559.0	,0.0	,0.0	,33.54	,0.0	,0.0	,0.0	,0.0	,525.46	,559.0	,JDV024109693063,京东大件物流,浙江省,杭州市,萧山区,,,否,否,	,	,	,否,	,	,	,	,	,	,	,	,	,	,	,	,否,否,	,否,否,,	,否,	,否,,,否
【重磅新品】云米净水器600G小海豚升级版厨下式RO反渗透直饮家用,251117-565570475610974,未发货，退款成功,1	,正常,2025-11-17 09:40:09,2025-11-18 09:40:10,,	,	,225501370546	,小海豚600G,1813468330532	,厨房电器,净水器/净水设备及配件耗材,净水器,	,6923185653684	,6923185616399	,聚水潭已取消发货  已退款  11.17,	,退款成功,,2025-11-17 09:40:10,	,,,,,,,否,否,	,否,	,,559.0	,0.0	,0.0	,33.54	,0.0	,0.0	,0.0	,0.0	,525.46	,559.0	,	,	,山东省,济南市,历下区,,,否,否,	,	,	,否,	,	,	,	,	,	,	,	,	,	,	,	,否,否,	,否,否,,	,否,	,否,,,否
云米智能AI门锁3D指纹密码蓝牙可连大容量续航家用公寓自动安全,251117-673227805032330,已发货，待收货,1	,正常,2025-11-17 09:29:23,2025-11-18 09:29:23,,2025-11-17 14:37:01,	,743885774552	,"云米蓝调指纹密码锁LBT11C,黑色",1734954999916	,基础建材,智能门锁/电子锁,智能门锁/电子锁,	,6923185655381	,6923185655381	,	,	,无售后或售后取消,,2025-11-17 09:29:23,	,,,,,,,否,否,	,否,	,,662.0	,0.0	,70.0	,24.0	,0.0	,0.0	,0.0	,0.0	,568.0	,592.0	,JDV024110394695,京东配送,河北省,廊坊市,安次区,,,否,否,	,	,	,否,	,	,	,	,	,	,	,	,	,	,	,	,否,否,	,否,否,,	,否,	,否,,,否
【重磅新品】云米净水器600G小海豚升级版厨下式RO反渗透直饮家用,251117-579180961353464,已发货，待收货,2	,正常,2025-11-17 09:22:35,2025-11-18 09:22:35,2025-11-18 23:59:59,2025-11-17 17:03:24,	,225501370546	,小海豚600G,1813468330532	,厨房电器,净水器/净水设备及配件耗材,净水器,	,6923185653684	,6923185616399	,	,	,无售后或售后取消,,2025-11-17 09:22:35,	,,,,,,,否,否,	,否,	,,1118.0	,0.0	,11.18	,100.0	,0.0	,0.0	,0.0	,0.0	,1006.82	,1106.82	,JDV024109739583,京东大件物流,浙江省,丽水市,缙云县,,,否,否,	,	,	,否,	,	,	,	,	,	,	,	,	,	,	,	,否,否,	,否,否,,	,否,	,否,,,否
VIOMI云米净水器大通量小海豚800G反渗透RO厨下式家用长效滤芯,251117-341007460783180,已发货，待收货,2	,正常,2025-11-17 09:16:43,2025-11-18 09:16:43,,2025-11-17 14:40:58,	,850333437206	,竹炭复合商品滤芯,1810726753549	,厨房电器,净水器/净水设备及配件耗材,净水器,	,6923185654193	,	,换购复合滤芯到手价99一根 [viomi华华 11/17 09:19],	,无售后或售后取消,,2025-11-17 09:16:43,	,,,,,,,否,否,	,否,	,,598.0	,0.0	,29.9	,0.0	,0.2	,0.0	,0.0	,0.0	,568.1	,568.1	,JDV024105954832,京东配送,广东省,深圳市,光明区,,,否,否,	,	,	,否,	,	,	,	,	,	,	,	,	,	,	,	,否,否,	,否,否,,	,否,	,否,,,否
【重磅新品】云米净水器600G小海豚升级版厨下式RO反渗透直饮家用,251117-592938288720445,已发货，待收货,1	,正常,2025-11-17 09:07:30,2025-11-18 09:07:30,,2025-11-17 15:40:14,	,225501370546	,小海豚600G,1813468330532	,厨房电器,净水器/净水设备及配件耗材,净水器,	,6923185653684	,6923185616399	,	,	,无售后或售后取消,,2025-11-17 09:07:30,	,,,,,,,否,否,	,否,	,,559.0	,0.0	,0.0	,33.54	,1.05	,0.0	,0.0	,0.0	,525.46	,559.0	,JDV024110298898,京东大件物流,山东省,青岛市,黄岛区,,,否,否,	,	,	,否,	,	,	,	,	,	,	,	,	,	,	,	,否,否,	,否,否,,	,否,	,否,,,否
云米净水器滤芯家用小海豚小蓝调小白龙系列专用RO反渗透,251117-538307531111403,已发货，待收货,1	,正常,2025-11-17 09:06:33,2025-11-19 09:06:33,,2025-11-17 13:46:46,	,232467205433	,5in1 复合滤芯,1647394585330	,厨房电器,净水器/净水设备及配件耗材,净水器配件耗材,	,6923185627425	,	,	,	,无售后或售后取消,,2025-11-17 09:06:33,	,,,,,,,否,否,	,否,	,,149.0	,0.0	,0.0	,0.0	,0.0	,0.0	,0.0	,0.0	,149.0	,149.0	,JDV024106389946,京东大件物流,江西省,上饶市,信州区,,,否,否,	,	,	,否,	,	,	,	,	,	,	,	,	,	,	,	,否,否,	,否,否,,	,否,	,否,,,否
云米净水器滤芯家用小海豚小蓝调小白龙系列专用RO反渗透,251117-411901694272824,已发货，待收货,1	,正常,2025-11-17 08:56:37,2025-11-19 08:56:37,,2025-11-17 14:35:47,	,232467205433	,600G RO反渗透,1358951046252	,厨房电器,净水器/净水设备及配件耗材,净水器配件耗材,	,6923185618379	,	,	,	,无售后或售后取消,,2025-11-17 08:56:37,	,,,,,,,否,否,	,否,	,,549.0	,0.0	,0.0	,0.0	,0.0	,0.0	,0.0	,0.0	,549.0	,549.0	,JDV024105914540,京东配送,安徽省,蚌埠市,五河县,,,否,否,	,	,	,否,	,	,	,	,	,	,	,	,	,	,	,	,否,否,	,否,否,,	,否,	,否,,,否
云米净水器滤芯家用小海豚小蓝调小白龙系列专用RO反渗透,251117-135161495872824,已发货，待收货,1	,正常,2025-11-17 08:56:14,2025-11-19 08:56:14,,2025-11-17 13:38:51,	,232467205433	,5in1 复合滤芯,1647394585330	,厨房电器,净水器/净水设备及配件耗材,净水器配件耗材,	,6923185627425	,	,	,	,无售后或售后取消,,2025-11-17 08:56:14,	,,,,,,,否,否,	,否,	,,149.0	,0.0	,0.0	,0.0	,0.0	,0.0	,0.0	,0.0	,149.0	,149.0	,JDV024106319001,京东大件物流,安徽省,蚌埠市,五河县,,,否,否,	,	,	,否,	,	,	,	,	,	,	,	,	,	,	,	,否,否,	,否,否,,	,否,	,否,,,否
VIOMI云米净水器大通量小海豚800G反渗透RO厨下式家用长效滤芯,251117-053058025872010,已发货，待收货,1	,正常,2025-11-17 08:52:50,2025-11-18 08:52:50,,2025-11-17 14:54:58,	,837957770723	,800G大通量纯水机,1809123722986	,厨房电器,净水器/净水设备及配件耗材,净水器配件耗材,	,6923185653974	,	,	,	,无售后或售后取消,,2025-11-17 08:52:50,	,,,,,,,否,否,	,否,	,,882.0	,0.0	,177.0	,100.0	,0.0	,0.0	,0.0	,0.0	,605.0	,705.0	,JDV024110326080,京东配送,内蒙古自治区,鄂尔多斯市,康巴什区,,,否,否,	,	,	,否,	,	,	,	,	,	,	,	,	,	,	,	,否,否,	,否,否,,	,否,	,否,,,否
【重磅新品】云米净水器600G小海豚升级版厨下式RO反渗透直饮家用,251117-207555151491291,待发货,1	,正常,2025-11-17 08:49:54,2025-11-21 08:49:54,,	,	,225501370546	,小海豚600G,1813468330532	,厨房电器,净水器/净水设备及配件耗材,净水器,	,6923185653684	,6923185616399	,	,	,无售后或售后取消,,2025-11-17 08:49:54,	,,,,,,,否,否,	,否,	,,559.0	,0.0	,0.0	,0.0	,5.0	,0.0	,0.0	,0.0	,559.0	,559.0	,	,	,广东省,江门市,蓬江区,,,否,否,	,	,	,否,	,	,	,	,	,	,	,	,	,	,	,	,否,否,	,否,否,,	,否,	,否,,,否
【重磅新品】云米净水器600G小海豚升级版厨下式RO反渗透直饮家用,251117-526049677721988,未发货，退款成功,1	,正常,2025-11-17 08:48:16,2025-11-18 08:48:16,2025-11-18 23:59:59,	,	,225501370546	,小海豚600G,1813468330532	,厨房电器,净水器/净水设备及配件耗材,净水器,	,6923185653684	,6923185616399	,聚水潭已取消发货 已退款 卫11.17,	,退款成功,,2025-11-17 08:48:16,	,,,,,,,否,否,	,否,	,,559.0	,0.0	,0.0	,0.0	,5.0	,0.0	,0.0	,0.0	,559.0	,559.0	,	,	,江苏省,泰州市,海陵区,,,否,否,	,	,	,否,	,	,	,	,	,	,	,	,	,	,	,	,否,否,	,否,否,,	,否,	,否,,,否
【重磅新品】云米净水器600G小海豚升级版厨下式RO反渗透直饮家用,251117-659711628842411,已发货，待收货,1	,正常,2025-11-17 08:30:07,2025-11-18 08:30:07,,2025-11-17 15:40:14,	,225501370546	,小海豚600G,1813468330532	,厨房电器,净水器/净水设备及配件耗材,净水器,	,6923185653684	,6923185616399	,	,	,无售后或售后取消,,2025-11-17 08:30:07,	,,,,,,,否,否,	,否,	,,559.0	,0.0	,0.0	,0.0	,0.0	,0.0	,0.0	,0.0	,559.0	,559.0	,JDV024107042539,京东大件物流,辽宁省,锦州市,太和区,,,否,否,	,	,	,否,	,	,	,	,	,	,	,	,	,	,	,	,否,否,	,否,否,,	,否,	,否,,,否
VIOMI云米净水器大通量小海豚800G反渗透RO厨下式家用长效滤芯,251117-304527511983180,已发货，待收货,1	,正常,2025-11-17 08:18:13,2025-11-18 08:18:13,,2025-11-17 14:52:53,	,837957770723	,800G大通量纯水机,1809123722986	,厨房电器,净水器/净水设备及配件耗材,净水器配件耗材,	,6923185653974	,	,	,	,无售后或售后取消,,2025-11-17 08:18:13,	,,,,,,,否,否,	,否,	,,882.0	,0.0	,177.0	,100.0	,0.2	,0.0	,0.0	,0.0	,605.0	,705.0	,JDV024107068286,京东配送,广东省,深圳市,光明区,,,否,否,	,	,	,否,	,	,	,	,	,	,	,	,	,	,	,	,否,否,	,否,否,,	,否,	,否,,,否
VIOMI云米净水器大通量小海豚800G反渗透RO厨下式家用长效滤芯,251117-128649807472869,已发货，待收货,2	,正常,2025-11-17 08:04:18,2025-11-18 08:04:18,,2025-11-17 14:36:47,	,850333437206	,竹炭复合商品滤芯,1810726753549	,厨房电器,净水器/净水设备及配件耗材,净水器,	,6923185654193	,	,补差后返到手价198,	,无售后或售后取消,,2025-11-17 08:04:18,	,,,,,,,否,否,	,否,	,,598.0	,0.0	,29.9	,0.0	,0.2	,0.0	,0.0	,0.0	,568.1	,568.1	,JDV024105905998,京东配送,辽宁省,营口市,站前区,,,否,否,	,	,	,否,	,	,	,	,	,	,	,	,	,	,	,	,否,否,	,否,否,,	,否,	,否,,,否
VIOMI云米净水器大通量小海豚800G反渗透RO厨下式家用长效滤芯,251117-389283878512869,已发货，待收货,1	,正常,2025-11-17 08:02:32,2025-11-18 08:02:32,,2025-11-17 14:55:01,	,837957770723	,800G大通量纯水机,1809123722986	,厨房电器,净水器/净水设备及配件耗材,净水器配件耗材,	,6923185653974	,	,	,	,无售后或售后取消,,2025-11-17 08:02:32,	,,,,,,,否,否,	,否,	,,882.0	,0.0	,177.0	,100.0	,1.21	,0.0	,0.0	,0.0	,605.0	,705.0	,JDV024107056487,京东配送,辽宁省,营口市,站前区,,,否,否,	,	,	,否,	,	,	,	,	,	,	,	,	,	,	,	,否,否,	,否,否,,	,否,	,否,,,否
【重磅新品】云米净水器600G小海豚升级版厨下式RO反渗透直饮家用,251117-667240446360245,已发货，待收货,1	,正常,2025-11-17 08:01:58,2025-11-18 08:01:58,,2025-11-17 15:40:14,	,225501370546	,小海豚600G,1813468330532	,厨房电器,净水器/净水设备及配件耗材,净水器,	,6923185653684	,6923185616399	,	,	,无售后或售后取消,,2025-11-17 08:01:58,	,,,,,,,否,否,	,否,	,,559.0	,0.0	,0.0	,0.0	,1.11	,0.0	,0.0	,0.0	,559.0	,559.0	,JDV024107068241,京东大件物流,河南省,开封市,禹王台区,,,否,否,	,	,	,否,	,	,	,	,	,	,	,	,	,	,	,	,否,否,	,否,否,,	,否,	,否,,,否
VIOMI云米净水器大通量小海豚800G反渗透RO厨下式家用长效滤芯,251117-188680835493485,已取消,1	,正常,	,	,,	,	,837957770723	,800G大通量纯水机,1809123722986	,厨房电器,净水器/净水设备及配件耗材,净水器配件耗材,	,6923185653974	,	,	,	,无售后或售后取消,,	,	,,,,,,,否,否,	,否,	,,882.0	,0.0	,177.0	,98.7	,0.0	,0.0	,0.0	,0.0	,606.3	,705.0	,	,	,****,****,****,****,,否,否,	,	,	,否,	,	,	,	,	,	,	,	,	,	,	,	,否,否,	,否,	,,	,否,	,否,,,否
【重磅新品】云米净水器600G小海豚升级版厨下式RO反渗透直饮家用,251117-564825955871715,已取消,1	,正常,	,	,,	,	,225501370546	,小海豚600G,1813468330532	,厨房电器,净水器/净水设备及配件耗材,净水器,	,6923185653684	,6923185616399	,	,	,无售后或售后取消,,	,	,,,,,,,否,否,	,否,	,,559.0	,0.0	,0.0	,33.54	,0.0	,0.0	,0.0	,0.0	,525.46	,559.0	,	,	,****,****,****,****,,否,否,	,	,	,否,	,	,	,	,	,	,	,	,	,	,	,	,否,否,	,否,	,,	,否,	,否,,,否
【母婴直饮】云米净水器 SE 600G+ 新升级厨下式RO反渗透直饮家用,251117-540289308263033,已发货，待收货,1	,正常,2025-11-17 22:35:16,2025-11-18 22:35:16,,2025-11-18 10:22:59,	,819506595979	,【24年新品】600G升级版6年长效,1787046011387	,厨房电器,净水器/净水设备及配件耗材,净水器,	,6923185653684	,6923185616399	,	,	,无售后或售后取消,,2025-11-17 22:35:16,	,,,,,,,否,否,	,否,	,,748.0	,0.0	,130.15	,97.24	,0.0	,0.0	,0.0	,0.0	,520.61	,617.85	,JDV024122405771,京东大件物流,浙江省,嘉兴市,嘉善县,,,否,否,	,	,	,否,	,	,	,	,	,	,	,	,	,	,	,	,否,否,	,否,否,,	,否,	,否,,,否
【重磅新品】云米净水器600G小海豚升级版厨下式RO反渗透直饮家用,251117-372831762843705,已发货，待收货,1	,正常,2025-11-17 07:12:04,2025-11-18 07:12:04,,2025-11-17 15:40:15,	,225501370546	,小海豚600G,1813468330532	,厨房电器,净水器/净水设备及配件耗材,净水器,	,6923185653684	,6923185616399	,	,	,无售后或售后取消,,2025-11-17 07:12:04,	,,,,,,,否,否,	,否,	,,559.0	,0.0	,0.0	,0.0	,2.0	,0.0	,0.0	,0.0	,559.0	,559.0	,JDV024105910985,京东大件物流,广东省,佛山市,顺德区,,,否,否,	,	,	,否,	,	,	,	,	,	,	,	,	,	,	,	,否,否,	,否,否,,	,否,	,否,,,否
VIOMI云米净水器大通量小海豚800G反渗透RO厨下式家用长效滤芯,251117-636884108942380,已发货，待收货,1	,正常,2025-11-17 07:11:23,2025-11-18 07:11:23,,2025-11-17 14:53:53,	,837957770723	,800G大通量纯水机,1809123722986	,厨房电器,净水器/净水设备及配件耗材,净水器配件耗材,	,6923185653974	,	,	,	,无售后或售后取消,,2025-11-17 07:11:23,	,,,,,,,否,否,	,否,	,,882.0	,0.0	,177.0	,100.0	,0.0	,0.0	,0.0	,0.0	,605.0	,705.0	,JDV024105890456,京东配送,广东省,清远市,清城区,,,否,否,	,	,	,否,	,	,	,	,	,	,	,	,	,	,	,	,否,否,	,否,否,,	,否,	,否,,,否
【母婴直饮】云米净水器 SE 600G+ 新升级厨下式RO反渗透直饮家用,251117-024033421712251,已取消,1	,正常,	,	,,	,	,819506595979	,【24年新品】600G升级版6年长效,1787046011387	,厨房电器,净水器/净水设备及配件耗材,净水器,	,6923185653684	,6923185616399	,	,	,无售后或售后取消,,	,	,,,,,,,否,否,	,否,	,,748.0	,0.0	,149.6	,0.0	,0.0	,0.0	,0.0	,0.0	,598.4	,598.4	,	,	,****,****,****,****,,否,否,	,	,	,否,	,	,	,	,	,	,	,	,	,	,	,	,否,否,	,否,	,,	,否,	,否,,,否
云米60升AI速热高温抑菌电热水器3000W一级节能变频增容家用租房,251117-386043747882955,已发货，待收货,1	,正常,2025-11-17 04:03:44,2025-11-18 04:03:45,,2025-11-17 14:55:54,	,226368376224	,3000W速热安全60L热水器,1737176648260	,大家电,热水器,电热水器,	,6923185602224	,6923185602224	,	,	,无售后或售后取消,,2025-11-17 04:03:45,	,,,,,,,否,否,	,否,	,,610.0	,0.0	,0.0	,91.5	,0.0	,0.0	,0.0	,0.0	,518.5	,610.0	,JDV024105957361,京东配送,云南省,曲靖市,麒麟区,,,否,否,	,	,	,否,	,	,	,	,	,	,	,	,	,	,	,	,否,否,	,否,是,3	,商家,否,	,否,,信用卡分期,否
VIOMI云米净水器大通量小海豚800G反渗透RO厨下式家用长效滤芯,251117-587244583300561,未发货，退款成功,1	,正常,2025-11-17 03:54:05,2025-11-18 03:54:06,,	,	,837957770723	,800G大通量纯水机,1809123722986	,厨房电器,净水器/净水设备及配件耗材,净水器配件耗材,	,6923185653974	,	,聚水潭已取消发货 已退款 卫11.17,	,退款成功,,2025-11-17 03:54:06,	,,,,,,,否,否,	,否,	,,882.0	,0.0	,177.0	,50.0	,0.0	,0.0	,0.0	,0.0	,655.0	,705.0	,	,	,江苏省,徐州市,贾汪区,,,否,否,	,	,	,否,	,	,	,	,	,	,	,	,	,	,	,	,否,否,	,否,否,,	,否,	,否,,,否
云米顶侧大吸力蓝调油烟机家用厨房节能自清洁一级能效可挥手智控,251117-445015714162815,未发货，退款成功,1	,正常,2025-11-17 02:13:01,2025-11-18 02:13:02,,	,	,657344402006	,云米智清洁挥手智控单烟机,1723825075586	,大家电,厨房大电,油烟机,	,6923185650973	,6923185650973	,聚水潭已取消发货 已退款 卫11.17,	,退款成功,,2025-11-17 02:13:02,	,,,,,,,否,否,	,否,	,,839.0	,0.0	,0.0	,100.0	,5.0	,0.0	,0.0	,0.0	,739.0	,839.0	,	,	,河南省,开封市,龙亭区,,,否,否,	,	,	,否,	,	,	,	,	,	,	,	,	,	,	,	,否,否,	,否,否,,	,否,	,否,,,否
VIOMI云米净水器大通量小海豚800G反渗透RO厨下式家用长效滤芯,251117-344950085201636,已取消,1	,正常,	,	,,	,	,837957770723	,800G大通量纯水机,1809123722986	,厨房电器,净水器/净水设备及配件耗材,净水器配件耗材,	,6923185653974	,	,	,	,无售后或售后取消,,	,	,,,,,,,否,否,	,否,	,,882.0	,0.0	,177.0	,70.5	,0.0	,0.0	,0.0	,0.0	,634.5	,705.0	,	,	,****,****,****,****,,否,否,	,	,	,否,	,	,	,	,	,	,	,	,	,	,	,	,否,否,	,否,	,,	,否,	,否,,,否
VIOMI云米净水器大通量小海豚800G反渗透RO厨下式家用长效滤芯,251117-327239657872393,已取消,1	,正常,	,	,,	,	,837957770723	,800G大通量纯水机,1809123722986	,厨房电器,净水器/净水设备及配件耗材,净水器配件耗材,	,6923185653974	,	,	,	,无售后或售后取消,,	,	,,,,,,,否,否,	,否,	,,882.0	,0.0	,177.0	,100.0	,0.0	,0.0	,0.0	,0.0	,605.0	,705.0	,	,	,****,****,****,****,,否,否,	,	,	,否,	,	,	,	,	,	,	,	,	,	,	,	,否,否,	,否,	,,	,否,	,否,,,否
【重磅新品】云米净水器600G小海豚升级版厨下式RO反渗透直饮家用,251117-174745260452402,已发货，待收货,1	,正常,2025-11-17 01:56:22,2025-11-18 01:56:22,,2025-11-17 15:40:15,	,225501370546	,小海豚600G,1813468330532	,厨房电器,净水器/净水设备及配件耗材,净水器,	,6923185653684	,6923185616399	,	,	,无售后或售后取消,,2025-11-17 01:56:22,	,,,,,,,否,否,	,否,	,,559.0	,0.0	,0.0	,33.54	,0.0	,0.0	,0.0	,0.0	,525.46	,559.0	,JDV024105902282,京东大件物流,山东省,临沂市,兰山区,,,否,否,	,	,	,否,	,	,	,	,	,	,	,	,	,	,	,	,否,否,	,否,否,,	,否,	,否,,,否
VIOMI云米净水器大通量小海豚800G反渗透RO厨下式家用长效滤芯,251117-472666621582957,已收货,1	,正常,2025-11-17 01:26:23,2025-11-18 01:26:23,,2025-11-17 14:43:53,2025-11-19 20:13:42,837957770723	,800G大通量纯水机,1809123722986	,厨房电器,净水器/净水设备及配件耗材,净水器配件耗材,	,6923185653974	,	,13036409060安装 [viomi慧慧sk 11/19 14:04],	,无售后或售后取消,,2025-11-17 01:26:23,	,,,,,,,否,否,	,否,	,,882.0	,0.0	,177.0	,100.0	,1.21	,0.0	,0.0	,0.0	,605.0	,705.0	,JDV024105911113,京东配送,四川省,自贡市,自流井区,,,否,否,	,	,	,否,	,	,	,	,	,	,	,	,	,	,	,	,否,否,	,否,否,,	,否,	,否,,,否
【重磅新品】云米净水器600G小海豚升级版厨下式RO反渗透直饮家用,251117-525598727691866,待发货,1	,正常,2025-11-17 01:19:32,2025-12-18 01:19:32,,	,	,225501370546	,小海豚600G,1813468330532	,厨房电器,净水器/净水设备及配件耗材,净水器,	,6923185653684	,6923185616399	,	,延迟发货,无售后或售后取消,,2025-11-17 01:19:32,	,,,,,,,否,否,	,否,	,,559.0	,0.0	,0.0	,55.89	,0.0	,0.0	,0.0	,0.0	,503.11	,559.0	,	,	,黑龙江省,鹤岗市,南山区,,,否,否,	,	,	,否,	,	,	,	,	,	,	,	,	,	,	,	,否,否,	,否,否,,	,否,	,否,,,否
【重磅新品】云米净水器600G小海豚升级版厨下式RO反渗透直饮家用,251117-091320491531866,未发货，退款成功,1	,正常,2025-11-17 01:13:55,2025-11-18 01:13:55,,	,	,225501370546	,小海豚600G,1813468330532	,厨房电器,净水器/净水设备及配件耗材,净水器,	,6923185653684	,6923185616399	,聚水潭已取消发货 已退款 卫11.17,延迟发货,退款成功,,2025-11-17 01:13:55,	,,,,,,,否,否,	,否,	,,559.0	,0.0	,0.0	,55.89	,0.0	,0.0	,0.0	,0.0	,503.11	,559.0	,	,	,黑龙江省,鹤岗市,南山区,,,否,否,	,	,	,否,	,	,	,	,	,	,	,	,	,	,	,	,否,否,	,否,否,,	,否,	,否,,,否
VIOMI云米净水器大通量小海豚800G反渗透RO厨下式家用长效滤芯,251117-450636091783407,待发货,1	,正常,2025-11-17 00:40:03,2025-11-18 00:40:03,,	,	,837957770723	,800G大通量纯水机,1809123722986	,厨房电器,净水器/净水设备及配件耗材,净水器配件耗材,	,6923185653974	,	,待提供手机号地址,	,无售后或售后取消,,2025-11-17 00:40:03,	,,,,,,,否,否,	,否,中国香港集运/转运,,882.0	,0.0	,177.0	,100.0	,0.0	,0.0	,0.0	,0.0	,605.0	,705.0	,	,	,广东省,东莞市,常平镇,,,否,否,	,	,	,否,	,	,	,	,	,	,	,	,	,	,	,	,否,否,	,否,否,,	,否,	,否,,,否
VIOMI云米净水器大通量小海豚800G反渗透RO厨下式家用长效滤芯,251117-312580544081636,已取消,1	,正常,	,	,,	,	,837957770723	,800G大通量纯水机,1809123722986	,厨房电器,净水器/净水设备及配件耗材,净水器配件耗材,	,6923185653974	,	,	,	,无售后或售后取消,,	,	,,,,,,,否,否,	,否,	,,882.0	,0.0	,177.0	,50.0	,0.0	,0.0	,0.0	,0.0	,655.0	,705.0	,	,	,****,****,****,****,,否,否,	,	,	,否,	,	,	,	,	,	,	,	,	,	,	,	,否,否,	,否,	,,	,否,	,否,,,否
VIOMI云米净水器大通量小海豚800G反渗透RO厨下式家用长效滤芯,251117-392513503633624,未发货，退款成功,1	,正常,2025-11-17 00:29:51,2025-11-18 00:29:51,,	,	,837957770723	,800G大通量纯水机,1809123722986	,厨房电器,净水器/净水设备及配件耗材,净水器配件耗材,	,6923185653974	,	,聚水潭已取消发货 已退款 卫11.17,	,退款成功,,2025-11-17 00:29:51,	,,,,,,,否,否,	,否,	,,882.0	,0.0	,177.0	,84.6	,0.0	,0.0	,0.0	,0.0	,620.4	,705.0	,	,	,广东省,汕头市,潮阳区,,,否,否,	,	,	,否,	,	,	,	,	,	,	,	,	,	,	,	,否,否,	,否,否,,	,否,	,否,,,否
云米蓝调2双胆电热水器60L超短超薄速热增容大水量3000W杀菌安全,251117-465798490553264,未发货，退款成功,1	,正常,2025-11-17 00:26:04,2025-11-18 00:26:04,,	,	,846212481564	,超薄超短电热水器60L,1807140932949	,大家电,热水器,电热水器,	,6923185657057	,6923185657057	,聚水潭已取消发货 已退款 卫11.17,	,退款成功,,2025-11-17 00:26:04,	,,,,,,,否,否,	,否,	,,882.0	,0.0	,0.0	,44.1	,0.0	,0.0	,0.0	,0.0	,837.9	,882.0	,	,	,福建省,福州市,晋安区,,,否,否,	,	,	,否,	,	,	,	,	,	,	,	,	,	,	,	,否,否,	,否,否,,	,否,	,否,,,否
Viomi云米净水器1000G厨下式RO反渗透直饮过滤器净饮小海豚2,251117-598359436893473,未发货，退款成功,1	,正常,2025-11-17 00:22:23,2025-11-18 00:22:24,,	,	,205458105137	,小海豚2包安装1000G大加仑,1802849942800	,厨房电器,净水器/净水设备及配件耗材,净水器,	,6923185654865	,	,聚水潭已取消发货 已退款 卫11.17,	,退款成功,,2025-11-17 00:22:24,	,,,,,,,否,否,	,否,	,,999.0	,0.0	,100.0	,100.0	,0.0	,0.0	,0.0	,0.0	,799.0	,899.0	,	,	,湖南省,岳阳市,平江县,,,否,否,	,	,	,否,	,	,	,	,	,	,	,	,	,	,	,	,否,否,	,否,否,,	,否,	,否,,,否
VIOMI云米净水器大通量小海豚800G反渗透RO厨下式家用长效滤芯,251117-293999756870402,已取消,1	,正常,	,	,,	,	,837957770723	,800G大通量纯水机,1809123722986	,厨房电器,净水器/净水设备及配件耗材,净水器配件耗材,	,6923185653974	,	,	,	,无售后或售后取消,,	,	,,,,,,,否,否,	,否,	,,882.0	,0.0	,177.0	,50.0	,0.0	,0.0	,0.0	,0.0	,655.0	,705.0	,	,	,****,****,****,****,,否,否,	,	,	,否,	,	,	,	,	,	,	,	,	,	,	,	,否,否,	,否,	,,	,否,	,否,,,否
【重磅新品】云米净水器600G小海豚升级版厨下式RO反渗透直饮家用,251117-651102830911320,已发货，待收货,1	,正常,2025-11-17 00:15:43,2025-11-18 00:15:44,,2025-11-17 15:40:15,	,225501370546	,小海豚600G,1813468330532	,厨房电器,净水器/净水设备及配件耗材,净水器,	,6923185653684	,6923185616399	,	,	,无售后或售后取消,,2025-11-17 00:15:44,	,,,,,,,否,否,	,否,	,,559.0	,0.0	,0.0	,0.0	,0.0	,0.0	,0.0	,0.0	,559.0	,559.0	,JDV024105910751,京东大件物流,河南省,商丘市,睢阳区,,,否,否,	,	,	,否,	,	,	,	,	,	,	,	,	,	,	,	,否,否,	,否,否,,	,否,	,否,,,否
云米小厨宝6L电热水器厨房卫生间出水恒温储水式小型速热神器加热,251117-122945606000933,已发货，退款成功,1	,正常,2025-11-17 00:11:37,2025-11-18 00:11:37,,2025-11-17 14:01:43,	,208073193570	,热水即刻有-【6L】,1801828025682	,大家电,热水器,厨宝,	,6923185611233	,6923185611233	,ZX2511190065236 拦截 11.19,	,退款成功,,2025-11-17 00:11:37,	,,,,,,,否,否,	,否,	,,279.0	,0.0	,28.0	,0.0	,0.0	,0.0	,0.0	,0.0	,251.0	,251.0	,JDV024109692478,京东大件物流,四川省,成都市,成华区,,,否,否,	,	,	,否,	,	,	,	,	,	,	,	,	,	,	,	,否,否,	,否,否,,	,否,	,否,,,否
云米净水器滤芯家用小海豚小蓝调小白龙系列专用RO反渗透,251117-551425164890417,已发货，待收货,1	,正常,2025-11-17 00:09:12,2025-11-19 00:09:12,2025-11-18 23:59:59,2025-11-17 09:07:38,	,232467205433	,5in1 复合滤芯,1647394585330	,厨房电器,净水器/净水设备及配件耗材,净水器配件耗材,	,6923185627425	,	,补差后返到手价109,	,无售后或售后取消,,2025-11-17 00:09:12,	,,,,,,,否,否,	,否,	,,149.0	,0.0	,0.0	,0.0	,0.0	,0.0	,0.0	,0.0	,149.0	,149.0	,JDV024104392946,京东配送,广东省,珠海市,香洲区,,,否,否,	,	,	,否,	,	,	,	,	,	,	,	,	,	,	,	,否,否,	,否,否,,	,否,	,否,,,否
云米AI燃气热水器智控恒温防冻节能安全水质净化精准控温13L强排,251116-118295171473858,已发货，待收货,1	,正常,2025-11-16 23:41:14,2025-11-17 23:41:14,,2025-11-19 10:43:52,	,773161065181	,智控恒温燃气热水器,1755671371526	,大家电,热水器,燃气热水器,	,6923185655688	,6923185655688	,库存不足  明天补货=19592422337拦截 [viomi莉莉sk 11/19 22:16],	,售后处理中,,2025-11-16 23:41:14,	,,,,,,,否,否,	,否,	,,588.0	,0.0	,0.0	,20.0	,0.0	,0.0	,0.0	,0.0	,568.0	,588.0	,JDV024141743119,京东大件物流,河南省,新乡市,原阳县,,,否,否,	,	,	,否,	,	,	,	,	,	,	,	,	,	,	,	,否,否,	,否,否,,	,否,	,否,,,否
【母婴直饮】云米净水器 SE 600G+ 新升级厨下式RO反渗透直饮家用,251116-422539456081731,已发货，待收货,1	,正常,2025-11-16 23:30:05,2025-11-17 23:30:05,,2025-11-17 13:36:43,	,819506595979	,【24年新品】600G升级版6年长效,1787046011387	,厨房电器,净水器/净水设备及配件耗材,净水器,	,6923185653684	,6923185616399	,	,	,无售后或售后取消,,2025-11-16 23:30:05,	,,,,,,,否,否,	,否,	,,748.0	,0.0	,131.64	,89.76	,0.0	,0.0	,0.0	,0.0	,526.6	,616.36	,JDV024106355010,京东大件物流,湖北省,黄石市,阳新县,,,否,否,	,	,	,否,	,	,	,	,	,	,	,	,	,	,	,	,否,否,	,否,否,,	,否,	,否,,,否
云米新品鲲鹏PRO油烟机28m³大吸力易清洁挥手智控烟灶联动小噪音,251116-410821619250324,已发货，待收货,1	,正常,2025-11-16 23:20:05,2025-11-17 23:20:05,,2025-11-17 09:06:52,	,763759392708	,【新品】小噪音大吸力油烟机,1748828925108	,大家电,厨房大电,油烟机,	,6923185605379	,6923185605379	,后返，送保温杯和空气炸锅,	,无售后或售后取消,,2025-11-16 23:20:05,	,,,,,,,否,否,	,否,	,,1999.0	,0.0	,0.0	,0.0	,3.99	,0.0	,0.0	,0.0	,1999.0	,1999.0	,JDV024104399551,京东配送,河北省,邯郸市,丛台区,,,否,否,	,	,	,否,	,	,	,	,	,	,	,	,	,	,	,	,否,是,	,否,否,,	,否,	,否,,,否
云米新品鲲鹏PRO油烟机28m³大吸力易清洁挥手智控烟灶联动小噪音,251116-625292121650324,已取消,1	,正常,	,	,,	,	,763759392708	,【新品】小噪音大吸力油烟机,1748828925108	,大家电,厨房大电,油烟机,	,6923185605379	,6923185605379	,	,	,无售后或售后取消,,	,	,,,,,,,否,否,	,否,	,,1999.0	,0.0	,0.0	,0.0	,0.0	,0.0	,0.0	,0.0	,1999.0	,1999.0	,	,	,****,****,****,****,,否,否,	,	,	,否,	,	,	,	,	,	,	,	,	,	,	,	,否,否,	,否,	,,	,否,	,否,,,否
【重磅新品】云米净水器600G小海豚升级版厨下式RO反渗透直饮家用,251116-237193183652556,已发货，待收货,1	,正常,2025-11-16 23:04:21,2025-11-17 23:04:22,,2025-11-17 09:16:49,	,225501370546	,小海豚600G,1813468330532	,厨房电器,净水器/净水设备及配件耗材,净水器,	,6923185653684	,6923185616399	,	,	,无售后或售后取消,,2025-11-16 23:04:22,	,,,,,,,否,否,	,否,	,,559.0	,0.0	,0.0	,0.0	,0.0	,0.0	,0.0	,0.0	,559.0	,559.0	,JDV024104373328,京东大件物流,湖南省,郴州市,宜章县,,,否,否,	,	,	,否,	,	,	,	,	,	,	,	,	,	,	,	,否,是,	,否,否,,	,否,	,否,,,否
云米全自动智能门锁人脸猫眼密码指纹安全防撬大屏锁已接入米家AP,251116-432333135461847,已发货，待收货,1	,正常,2025-11-16 23:02:24,2025-11-17 23:02:24,,2025-11-17 14:40:50,	,804409121514	,LBT16A【人脸猫眼】智能门锁,1778430742491	,基础建材,智能门锁/电子锁,智能门锁/电子锁,	,6923185652724	,	,	,	,无售后或售后取消,,2025-11-16 23:02:24,	,,,,,,,否,否,	,否,	,,849.0	,0.0	,0.0	,64.0	,0.0	,0.0	,0.0	,0.0	,785.0	,849.0	,JDV024105917491,京东配送,浙江省,温州市,乐清市,,,否,否,	,	,	,否,	,	,	,	,	,	,	,	,	,	,	,	,否,否,	,否,否,,	,否,	,否,,,否
【重磅新品】云米净水器600G小海豚升级版厨下式RO反渗透直饮家用,251116-189357156772556,已取消,1	,正常,	,	,,	,	,225501370546	,小海豚600G,1813468330532	,厨房电器,净水器/净水设备及配件耗材,净水器,	,6923185653684	,6923185616399	,	,	,无售后或售后取消,,	,	,,,,,,,否,否,	,否,	,,559.0	,0.0	,0.0	,0.0	,0.0	,0.0	,0.0	,0.0	,559.0	,559.0	,	,	,****,****,****,****,,否,否,	,	,	,否,	,	,	,	,	,	,	,	,	,	,	,	,否,否,	,否,	,,	,否,	,否,,,否
VIOMI云米净水器大通量小海豚800G反渗透RO厨下式家用长效滤芯,251116-460120409680619,已取消,1	,正常,	,	,,	,	,837957770723	,800G大通量纯水机,1809123722986	,厨房电器,净水器/净水设备及配件耗材,净水器配件耗材,	,6923185653974	,	,	,	,无售后或售后取消,,	,	,,,,,,,否,否,	,否,	,,882.0	,0.0	,177.0	,100.0	,0.0	,0.0	,0.0	,0.0	,605.0	,705.0	,	,	,****,****,****,****,,否,否,	,	,	,否,	,	,	,	,	,	,	,	,	,	,	,	,否,否,	,否,	,,	,否,	,否,,,否
【母婴直饮】云米净水器 SE 600G+ 新升级厨下式RO反渗透直饮家用,251116-200660805941140,已发货，待收货,1	,正常,2025-11-16 22:45:13,2025-11-17 22:45:13,2025-11-18 23:59:59,2025-11-17 09:13:45,	,819506595979	,【24年新品】600G升级版6年长效,1787046011387	,厨房电器,净水器/净水设备及配件耗材,净水器,	,6923185653684	,6923185616399	,	,	,无售后或售后取消,,2025-11-16 22:45:13,	,,,,,,,否,否,	,否,	,,748.0	,0.0	,134.64	,74.8	,0.0	,0.0	,0.0	,0.0	,538.56	,613.36	,JDV024104396968,京东配送,广东省,惠州市,惠城区,,,否,否,	,	,	,否,	,	,	,	,	,	,	,	,	,	,	,	,否,是,	,否,否,,	,否,	,否,,,否
【重磅新品】云米净水器600G小海豚升级版厨下式RO反渗透直饮家用,251116-489606418870532,已收货,1	,正常,2025-11-16 22:44:14,2025-11-17 22:44:15,,2025-11-17 09:16:49,2025-11-18 22:44:04,225501370546	,小海豚600G,1813468330532	,厨房电器,净水器/净水设备及配件耗材,净水器,	,6923185653684	,6923185616399	,15999932795安装 [viomi英英sk 11/18 22:45],	,无售后或售后取消,,2025-11-16 22:44:15,	,,,,,,,否,否,	,否,	,,559.0	,0.0	,0.0	,0.0	,0.0	,0.0	,0.0	,0.0	,559.0	,559.0	,JDV024104412568,京东大件物流,江西省,抚州市,崇仁县,,,否,否,	,	,	,否,	,	,	,	,	,	,	,	,	,	,	,	,否,否,	,否,否,,	,否,	,否,,,否
【重磅新品】云米净水器600G小海豚升级版厨下式RO反渗透直饮家用,251116-561182154270132,已取消,1	,正常,	,	,,	,	,225501370546	,小海豚600G,1813468330532	,厨房电器,净水器/净水设备及配件耗材,净水器,	,6923185653684	,6923185616399	,	,	,无售后或售后取消,,	,	,,,,,,,否,否,	,否,	,,559.0	,0.0	,0.0	,0.0	,0.0	,0.0	,0.0	,0.0	,559.0	,559.0	,	,	,****,****,****,****,,否,否,	,	,	,否,	,	,	,	,	,	,	,	,	,	,	,	,否,否,	,否,	,,	,否,	,否,,,否
VIOMI云米净水器1000G厨下直饮小体积净水机RO机智显龙头3秒满杯,251116-566068560304061,已收货，退款成功,1	,正常,2025-11-17 00:12:54,2025-11-18 00:12:55,,2025-11-17 09:15:54,2025-11-18 18:12:31,309517106373	,复合滤芯,1803020722098	,厨房电器,净水器/净水设备及配件耗材,净水器,	,6923185653998	,	,已退差200 [viomi诺诺sk 11/18 18:14],	,退款成功,,2025-11-17 00:12:55,	,,,,,,,否,否,	,否,	,,299.0	,0.0	,0.0	,0.0	,0.0	,0.0	,0.0	,0.0	,299.0	,299.0	,JDV024104406107,京东大件物流,湖南省,邵阳市,邵东市,,,否,否,	,	,	,否,	,	,	,	,	,	,	,	,	,	,	,	,否,否,	,否,否,,	,否,	,否,,,否
【重磅新品】云米净水器600G小海豚升级版厨下式RO反渗透直饮家用,251116-047972369930571,已发货，待收货,1	,正常,2025-11-16 22:42:37,2025-11-17 22:42:38,,2025-11-17 09:16:49,	,225501370546	,小海豚600G,1813468330532	,厨房电器,净水器/净水设备及配件耗材,净水器,	,6923185653684	,6923185616399	,	,	,无售后或售后取消,,2025-11-16 22:42:38,	,,,,,,,否,否,	,否,	,,559.0	,0.0	,0.0	,0.0	,0.0	,0.0	,0.0	,0.0	,559.0	,559.0	,JDV024104412559,京东大件物流,湖北省,宜昌市,枝江市,,,否,否,	,	,	,否,	,	,	,	,	,	,	,	,	,	,	,	,否,否,	,否,否,,	,否,	,否,,,否
【母婴直饮】云米净水器 SE 600G+ 新升级厨下式RO反渗透直饮家用,251116-067260987792010,已发货，退款成功,1	,正常,2025-11-16 22:41:57,2025-11-17 22:41:58,,2025-11-17 09:14:45,	,819506595979	,【24年新品】600G升级版6年长效,1787046011387	,厨房电器,净水器/净水设备及配件耗材,净水器,	,6923185653684	,6923185616399	,已建单拦截：ZX2511170066018，卫11.17 拦截成功 操作退款 11.17,	,退款成功,,2025-11-16 22:41:58,	,,,,,,,否,否,	,否,	,,748.0	,0.0	,129.6	,100.0	,0.0	,0.0	,0.0	,0.0	,518.4	,618.4	,JDV024104373345,京东配送,内蒙古自治区,鄂尔多斯市,康巴什区,,,否,否,	,	,	,否,	,	,	,	,	,	,	,	,	,	,	,	,否,否,	,否,否,,	,否,	,否,,,否
【重磅新品】云米净水器600G小海豚升级版厨下式RO反渗透直饮家用,251116-345699858770158,已取消,1	,正常,	,	,,	,	,225501370546	,小海豚600G,1813468330532	,厨房电器,净水器/净水设备及配件耗材,净水器,	,6923185653684	,6923185616399	,	,	,无售后或售后取消,,	,	,,,,,,,否,否,	,否,中国台湾集运,,559.0	,0.0	,0.0	,0.0	,0.0	,0.0	,0.0	,0.0	,559.0	,559.0	,	,	,****,****,****,****,,否,否,	,	,	,否,	,	,	,	,	,	,	,	,	,	,	,	,否,否,	,否,	,,	,否,	,否,,,否
【冷热直饮套装】云米净水器家用厨下管线机套装一键即热制冷直饮,251116-559483471443711,已取消,1	,正常,	,	,,	,	,480070620581	,【冷热净水直饮套装】新品净水器+冷热管线机,1620106386127	,厨房电器,净水器/净水设备及配件耗材,净水器,	,S2407170910001,	,	,	,无售后或售后取消,,	,	,,,,,,,否,否,	,否,	,,1434.0	,0.0	,0.0	,0.0	,0.0	,0.0	,0.0	,0.0	,1434.0	,1434.0	,	,	,****,****,****,****,,否,否,	,	,	,否,	,	,	,	,	,	,	,	,	,	,	,	,否,否,	,否,	,,	,否,	,否,,,否
云米60升AI速热高温抑菌电热水器3000W一级节能变频增容家用租房,251116-169103911233670,已发货，待收货,1	,正常,2025-11-16 22:41:01,2025-11-17 22:41:02,,2025-11-17 15:06:53,	,226368376224	,3000W速热安全60L热水器,1737176648260	,大家电,热水器,电热水器,	,6923185602224	,6923185602224	,	,	,无售后或售后取消,,2025-11-16 22:41:02,	,,,,,,,否,否,	,否,	,,610.0	,0.0	,0.0	,43.0	,16.0	,0.0	,0.0	,0.0	,567.0	,610.0	,JDV024105957442,京东配送,山东省,聊城市,东昌府区,,,否,否,	,	,	,否,	,	,	,	,	,	,	,	,	,	,	,	,否,否,	,否,是,3	,商家,否,	,否,,信用卡分期,否
【重磅新品】云米净水器600G小海豚升级版厨下式RO反渗透直饮家用,251116-632191741541316,已发货，待收货,1	,正常,2025-11-16 22:40:09,2025-11-17 22:40:09,,2025-11-17 09:16:49,	,225501370546	,小海豚600G,1813468330532	,厨房电器,净水器/净水设备及配件耗材,净水器,	,6923185653684	,6923185616399	,	,	,无售后或售后取消,,2025-11-16 22:40:09,	,,,,,,,否,否,	,否,	,,559.0	,0.0	,0.0	,33.54	,0.0	,0.0	,0.0	,0.0	,525.46	,559.0	,JDV024104373362,京东大件物流,山东省,烟台市,牟平区,,,否,否,	,	,	,否,	,	,	,	,	,	,	,	,	,	,	,	,否,是,	,否,否,,	,否,	,否,,,否
云米60升AI速热高温抑菌电热水器3000W一级节能变频增容家用租房,251116-289983762753670,已取消,1	,正常,	,	,,	,	,226368376224	,3000W速热安全60L热水器,1737176648260	,大家电,热水器,电热水器,	,6923185602224	,6923185602224	,	,	,无售后或售后取消,,	,	,,,,,,,否,否,	,否,	,,610.0	,0.0	,0.0	,48.0	,0.0	,0.0	,0.0	,0.0	,562.0	,610.0	,	,	,****,****,****,****,,否,否,	,	,	,否,	,	,	,	,	,	,	,	,	,	,	,	,否,否,	,否,	,,	,否,	,否,,,否
【重磅新品】云米净水器600G小海豚升级版厨下式RO反渗透直饮家用,251116-020012132710764,已发货，待收货,1	,正常,2025-11-16 22:34:54,2025-11-17 22:34:54,,2025-11-17 09:16:50,	,225501370546	,小海豚600G,1813468330532	,厨房电器,净水器/净水设备及配件耗材,净水器,	,6923185653684	,6923185616399	,	,	,无售后或售后取消,,2025-11-16 22:34:54,	,,,,,,,否,否,	,否,	,,559.0	,0.0	,0.0	,33.54	,0.0	,0.0	,0.0	,0.0	,525.46	,559.0	,JDV024104392910,京东大件物流,山东省,济宁市,兖州区,,,否,否,	,	,	,否,	,	,	,	,	,	,	,	,	,	,	,	,否,否,	,否,否,,	,否,	,否,,,否
云米净水器滤芯小蓝调小海豚600G+专用复合滤芯RO反渗透滤芯过滤,251116-518568098131644,已发货，待收货,1	,正常,2025-11-16 22:32:41,2025-11-17 22:32:41,,2025-11-17 09:07:34,	,296967601341	,5in1复合滤芯 2年长效,1600193054565	,厨房电器,净水器/净水设备及配件耗材,净水器配件耗材,	,6923185627425	,	,	,	,无售后或售后取消,,2025-11-16 22:32:41,	,,,,,,,否,否,	,否,	,,299.0	,0.0	,0.0	,0.0	,0.0	,0.0	,0.0	,0.0	,299.0	,299.0	,JDV024104389509,京东配送,福建省,莆田市,城厢区,,,否,否,	,	,	,否,	,	,	,	,	,	,	,	,	,	,	,	,否,否,	,否,否,,	,否,	,否,,,否
云米全自动智能门锁人脸猫眼密码指纹安全防撬大屏锁已接入米家AP,251116-596582080101847,未发货，退款成功,1	,正常,2025-11-16 22:16:27,2025-11-17 22:16:27,,	,	,804409121514	,LBT16A【人脸猫眼】智能门锁,1778430742491	,基础建材,智能门锁/电子锁,智能门锁/电子锁,	,6923185652724	,	,聚水潭已取消发货 已退款 卫11.17,	,退款成功,,2025-11-16 22:16:27,	,,,,,,,否,否,	,否,	,,849.0	,0.0	,0.0	,64.0	,0.0	,0.0	,0.0	,0.0	,785.0	,849.0	,	,	,浙江省,宁波市,海曙区,,,否,否,	,	,	,否,	,	,	,	,	,	,	,	,	,	,	,	,否,否,	,否,否,,	,否,	,否,,,否
云米净水器滤芯小蓝调小海豚600G+专用复合滤芯RO反渗透滤芯过滤,251116-374493755793883,已发货，退款成功,1	,正常,2025-11-16 22:15:51,2025-11-17 22:15:51,,2025-11-17 09:03:30,	,296967601341	,5in1复合滤芯 2年长效,1600193054565	,厨房电器,净水器/净水设备及配件耗材,净水器配件耗材,	,6923185627425	,	,【补差】平台已退200元 叶11.19,	,退款成功,,2025-11-16 22:15:51,	,,,,,,,否,否,	,否,	,,299.0	,0.0	,0.0	,0.0	,0.2	,0.0	,0.0	,0.0	,299.0	,299.0	,JDV024104409516,京东配送,福建省,福州市,福清市,,,否,否,	,	,	,否,	,	,	,	,	,	,	,	,	,	,	,	,否,否,	,否,否,,	,否,	,否,,,否
【重磅新品】云米净水器600G小海豚升级版厨下式RO反渗透直饮家用,251116-130070659473883,已发货，待收货,1	,正常,2025-11-16 22:14:29,2025-11-17 22:14:29,,2025-11-17 15:40:15,	,225501370546	,小海豚600G,1813468330532	,厨房电器,净水器/净水设备及配件耗材,净水器,	,6923185653684	,6923185616399	,	,	,无售后或售后取消,,2025-11-16 22:14:29,	,,,,,,,否,否,	,否,	,,559.0	,0.0	,0.0	,0.0	,0.0	,0.0	,0.0	,0.0	,559.0	,559.0	,JDV024105911014,京东大件物流,福建省,福州市,福清市,,,否,否,	,	,	,否,	,	,	,	,	,	,	,	,	,	,	,	,否,否,	,否,否,,	,否,	,否,,,否
云米AI油烟机双腔大吸力Smart双腔一级能效23m³大风压智清洁节能,251116-253383197042815,已发货，待收货,1	,正常,2025-11-16 22:09:11,2025-11-17 22:09:12,,2025-11-17 09:10:48,	,750412983827	,AI双腔强吸油烟机,1737582711971	,大家电,厨房大电,油烟机,	,6923185649229	,6923185649229	,	,	,无售后或售后取消,,2025-11-16 22:09:12,	,,,,,,,否,否,	,否,	,,789.0	,0.0	,0.0	,39.45	,0.0	,0.0	,0.0	,0.0	,749.55	,789.0	,JDV024104436300,京东配送,河南省,开封市,龙亭区,,,否,否,	,	,	,否,	,	,	,	,	,	,	,	,	,	,	,	,否,否,	,否,否,,	,否,	,否,,,否
云米AI油烟机双腔大吸力Smart双腔一级能效23m³大风压智清洁节能,251116-660802189682815,已取消,1	,正常,	,	,,	,	,750412983827	,AI双腔强吸油烟机,1737582711971	,大家电,厨房大电,油烟机,	,6923185649229	,6923185649229	,	,	,无售后或售后取消,,	,	,,,,,,,否,否,	,否,	,,789.0	,0.0	,0.0	,50.0	,0.0	,0.0	,0.0	,0.0	,739.0	,789.0	,	,	,****,****,****,****,,否,否,	,	,	,否,	,	,	,	,	,	,	,	,	,	,	,	,否,否,	,否,	,,	,否,	,否,,,否
云米净水器滤芯家用小海豚小蓝调小白龙系列专用RO反渗透,251116-525467666043321,已发货，待收货,1	,正常,2025-11-16 22:06:16,2025-11-18 22:06:17,,2025-11-17 09:15:56,	,232467205433	,5in1 复合滤芯,1647394585330	,厨房电器,净水器/净水设备及配件耗材,净水器配件耗材,	,6923185627425	,	,	,	,无售后或售后取消,,2025-11-16 22:06:17,	,,,,,,,否,否,	,否,	,,149.0	,0.0	,0.0	,0.0	,0.0	,0.0	,0.0	,0.0	,149.0	,149.0	,JDV024101772255,京东大件物流,内蒙古自治区,巴彦淖尔市,杭锦后旗,,,否,否,	,	,	,否,	,	,	,	,	,	,	,	,	,	,	,	,否,否,	,否,否,,	,否,	,否,,,否
云米顶侧大吸力蓝调油烟机家用厨房节能自清洁一级能效可挥手智控,251116-041445026162274,已收货，退款成功,1	,正常,2025-11-16 22:14:27,2025-11-17 22:14:28,,2025-11-17 09:10:48,2025-11-19 20:37:30,657344402006	,云米智清洁挥手智控单烟机,1723825075586	,大家电,厨房大电,油烟机,	,6923185650973	,6923185650973	,18576852706安装 [viomi英英sk 11/18 22:56]==【补差】仅退款48+赠品已登记 [viomi英英sk 11/19 21:02],	,退款成功,,2025-11-16 22:14:28,	,,,,,,,否,否,	,否,	,,839.0	,0.0	,0.0	,41.95	,5.0	,0.0	,0.0	,0.0	,797.05	,839.0	,JDV024104399578,京东配送,广东省,惠州市,博罗县,,,否,否,	,	,	,否,	,	,	,	,	,	,	,	,	,	,	,	,否,是,	,否,否,,	,否,	,否,,,否
VIOMI云米净水器大通量小海豚800G反渗透RO厨下式家用长效滤芯,251116-684956127620689,已取消,1	,正常,	,	,,	,	,837957770723	,800G大通量纯水机,1809123722986	,厨房电器,净水器/净水设备及配件耗材,净水器配件耗材,	,6923185653974	,	,	,	,无售后或售后取消,,	,	,,,,,,,否,否,	,否,	,,882.0	,0.0	,177.0	,3.0	,0.0	,0.0	,0.0	,0.0	,702.0	,705.0	,	,	,****,****,****,****,,否,否,	,	,	,否,	,	,	,	,	,	,	,	,	,	,	,	,否,否,	,否,	,,	,否,	,否,,,否
云米净水器滤芯小蓝调小海豚600G+专用复合滤芯RO反渗透滤芯过滤,251116-604388800853761,已收货，退款成功,2	,正常,2025-11-16 21:57:59,2025-11-17 21:57:59,,2025-11-17 09:02:15,2025-11-19 16:43:07,296967601341	,5in1复合滤芯 2年长效,1600193054565	,厨房电器,净水器/净水设备及配件耗材,净水器配件耗材,	,6923185627425	,	,后返，到手价99/根==【补差】仅退款394.02 [viomi英英sk 11/19 16:44]==【补差】平台已退394.02元 叶11.19,	,退款成功,,2025-11-16 21:57:59,	,,,,,,,否,否,	,否,	,,598.0	,0.0	,5.98	,0.0	,0.0	,0.0	,0.0	,0.0	,592.02	,592.02	,JDV024101696169,京东配送,山东省,德州市,乐陵市,,,否,否,	,	,	,否,	,	,	,	,	,	,	,	,	,	,	,	,否,否,	,否,否,,	,否,	,否,,,否
【重磅新品】云米净水器600G小海豚升级版厨下式RO反渗透直饮家用,251116-412074709333761,已发货，待收货,1	,正常,2025-11-16 21:56:00,2025-11-17 21:56:00,,2025-11-17 09:16:50,	,225501370546	,小海豚600G,1813468330532	,厨房电器,净水器/净水设备及配件耗材,净水器,	,6923185653684	,6923185616399	,	,	,无售后或售后取消,,2025-11-16 21:56:00,	,,,,,,,否,否,	,否,	,,559.0	,0.0	,0.0	,33.54	,0.0	,0.0	,0.0	,0.0	,525.46	,559.0	,JDV024104378456,京东大件物流,山东省,德州市,乐陵市,,,否,否,	,	,	,否,	,	,	,	,	,	,	,	,	,	,	,	,否,否,	,否,否,,	,否,	,否,,,否
【重磅新品】云米净水器600G小海豚升级版厨下式RO反渗透直饮家用,251116-239143523953371,已发货，待收货,1	,正常,2025-11-16 21:54:44,2025-11-17 21:54:44,2025-11-18 23:59:59,2025-11-17 09:16:50,	,225501370546	,小海豚600G,1813468330532	,厨房电器,净水器/净水设备及配件耗材,净水器,	,6923185653684	,6923185616399	,	,	,无售后或售后取消,,2025-11-16 21:54:44,	,,,,,,,否,否,	,否,	,,559.0	,0.0	,0.0	,100.0	,0.2	,0.0	,0.0	,0.0	,459.0	,559.0	,JDV024104444867,京东大件物流,安徽省,亳州市,利辛县,,,否,否,	,	,	,否,	,	,	,	,	,	,	,	,	,	,	,	,否,是,	,否,否,,	,否,	,否,,,否
云米净水器滤芯家用小海豚小蓝调小白龙系列专用RO反渗透,251116-199297657170523,已收货，退款成功,1	,正常,2025-11-16 21:51:50,2025-11-18 21:51:50,,2025-11-17 09:34:25,2025-11-18 21:13:09,232467205433	,5in1 复合滤芯,1647394585330	,厨房电器,净水器/净水设备及配件耗材,净水器配件耗材,	,6923185627425	,	,109 [viomi英英sk 11/16 21:52]==【补差】仅退款40 [viomi英英sk 11/18 21:13],	,退款成功,,2025-11-16 21:51:50,	,,,,,,,否,否,	,否,	,,149.0	,0.0	,0.0	,0.0	,0.0	,0.0	,0.0	,0.0	,149.0	,149.0	,JDV024104411263,京东配送,安徽省,合肥市,包河区,,,否,否,	,	,	,否,	,	,	,	,	,	,	,	,	,	,	,	,否,是,	,否,否,,	,否,	,否,,,否
【母婴直饮】云米净水器 SE 600G+ 新升级厨下式RO反渗透直饮家用,251116-311836086713921,已取消,1	,正常,	,	,,	,	,819506595979	,【24年新品】600G升级版6年长效,1787046011387	,厨房电器,净水器/净水设备及配件耗材,净水器,	,6923185653684	,6923185616399	,	,	,无售后或售后取消,,	,	,,,,,,,否,否,	,否,	,,748.0	,0.0	,140.62	,44.88	,0.0	,0.0	,0.0	,0.0	,562.5	,607.38	,	,	,****,****,****,****,,否,否,	,	,	,否,	,	,	,	,	,	,	,	,	,	,	,	,否,否,	,否,	,,	,否,	,否,,,否
【重磅新品】云米净水器600G小海豚升级版厨下式RO反渗透直饮家用,251116-001221640570596,已发货，待收货,1	,正常,2025-11-16 21:41:20,2025-11-17 21:41:21,,2025-11-17 09:16:50,	,225501370546	,小海豚600G,1813468330532	,厨房电器,净水器/净水设备及配件耗材,净水器,	,6923185653684	,6923185616399	,	,	,无售后或售后取消,,2025-11-16 21:41:21,	,,,,,,,否,否,	,否,	,,559.0	,0.0	,0.0	,33.54	,0.0	,0.0	,0.0	,0.0	,525.46	,559.0	,JDV024104399533,京东大件物流,山东省,临沂市,临沭县,,,否,否,	,	,	,否,	,	,	,	,	,	,	,	,	,	,	,	,否,否,	,否,否,,	,否,	,否,,,否
【母婴直饮】云米净水器 SE 600G+ 新升级厨下式RO反渗透直饮家用,251116-677112789392472,已发货，待收货,1	,正常,2025-11-16 21:36:47,2025-11-17 21:36:48,,2025-11-17 09:11:07,	,819506595979	,【24年新品】600G升级版6年长效,1787046011387	,厨房电器,净水器/净水设备及配件耗材,净水器,	,6923185653684	,6923185616399	,	,	,无售后或售后取消,,2025-11-16 21:36:48,	,,,,,,,否,否,	,否,	,,748.0	,0.0	,134.64	,74.8	,0.0	,0.0	,0.0	,0.0	,538.56	,613.36	,JDV024104389597,京东配送,河南省,郑州市,金水区,,,否,否,	,	,	,否,	,	,	,	,	,	,	,	,	,	,	,	,否,否,	,否,否,,	,否,	,否,,,否
VIOMI云米净水器大通量小海豚800G反渗透RO厨下式家用长效滤芯,251116-179505785241035,已取消,1	,正常,	,	,,	,	,837957770723	,800G大通量纯水机,1809123722986	,厨房电器,净水器/净水设备及配件耗材,净水器配件耗材,	,6923185653974	,	,	,	,无售后或售后取消,,	,	,,,,,,,否,否,	,否,	,,882.0	,0.0	,177.0	,98.7	,0.0	,0.0	,0.0	,0.0	,606.3	,705.0	,	,	,****,****,****,****,,否,否,	,	,	,否,	,	,	,	,	,	,	,	,	,	,	,	,否,否,	,否,	,,	,否,	,否,,,否
【重磅新品】云米净水器600G小海豚升级版厨下式RO反渗透直饮家用,251116-114446865962020,已发货，待收货,1	,正常,2025-11-16 21:20:55,2025-11-17 21:20:55,,2025-11-17 09:16:50,	,225501370546	,小海豚600G,1813468330532	,厨房电器,净水器/净水设备及配件耗材,净水器,	,6923185653684	,6923185616399	,	,	,无售后或售后取消,,2025-11-16 21:20:55,	,,,,,,,否,否,	,否,	,,559.0	,0.0	,0.0	,33.54	,0.0	,0.0	,0.0	,0.0	,525.46	,559.0	,JDV024104389588,京东大件物流,福建省,厦门市,海沧区,,,否,否,	,	,	,否,	,	,	,	,	,	,	,	,	,	,	,	,否,否,	,否,否,,	,否,	,否,,,否
云米智能AI门锁3D指纹密码蓝牙可连大容量续航家用公寓自动安全,251116-423640450560279,已发货，待收货,1	,正常,2025-11-16 21:20:19,2025-12-17 21:20:19,,2025-11-17 09:14:31,	,743885774552	,"云米蓝调指纹密码锁LBT11C,黑色",1734954999916	,基础建材,智能门锁/电子锁,智能门锁/电子锁,	,6923185655381	,6923185655381	,	,	,售后处理中,,2025-11-16 21:20:19,	,,,,,,,否,否,	,否,	,,662.0	,0.0	,70.0	,24.0	,2.0	,0.0	,0.0	,0.0	,568.0	,592.0	,JDV024104436290,京东大件物流,广东省,深圳市,龙华区,,,否,否,	,	,	,否,	,	,	,	,	,	,	,	,	,	,	,	,否,否,	,否,否,,	,否,	,否,,,否
【6年套装】云米净水器600G小海豚升级版厨下式RO反渗透直饮家用,251116-685186804133485,已发货，待收货,1	,正常,2025-11-16 21:19:48,2025-11-17 21:19:48,,2025-11-17 09:15:55,	,852932116812	,小海豚600G+6年滤芯套装,1812983769340	,厨房电器,净水器/净水设备及配件耗材,净水器,	,S2508151538001,	,	,	,无售后或售后取消,,2025-11-16 21:19:48,	,,,,,,,否,否,	,否,	,,772.0	,0.0	,0.0	,54.04	,2.0	,0.0	,0.0	,0.0	,717.96	,772.0	,JDV024102201018,京东大件物流,内蒙古自治区,呼和浩特市,新城区,,,否,否,	,	,	,否,	,	,	,	,	,	,	,	,	,	,	,	,否,否,	,否,否,,	,否,	,否,,,否
【母婴直饮】云米净水器 SE 600G+ 新升级厨下式RO反渗透直饮家用,251116-635846060441035,已发货，待收货,1	,正常,2025-11-16 21:15:23,2025-11-17 21:15:23,,2025-11-17 09:06:28,	,819506595979	,【24年新品】600G升级版6年长效,1787046011387	,厨房电器,净水器/净水设备及配件耗材,净水器,	,6923185653684	,6923185616399	,运营 [viomi慧慧sk 11/19 12:35],	,无售后或售后取消,,2025-11-16 21:15:23,	,,,,,,,否,否,	,否,	,,748.0	,0.0	,129.6	,100.0	,0.0	,0.0	,0.0	,0.0	,518.4	,618.4	,JDV024104427615,京东配送,湖北省,襄阳市,襄城区,,,否,否,	,	,	,否,	,	,	,	,	,	,	,	,	,	,	,	,否,否,	,否,否,,	,否,	,否,,,否
VIOMI云米净水器大通量小海豚800G反渗透RO厨下式家用长效滤芯,251116-204729291100278,已发货，退款成功,1	,正常,2025-11-16 21:09:10,2025-11-17 21:09:10,,2025-11-17 09:13:45,	,837957770723	,800G大通量纯水机,1809123722986	,厨房电器,净水器/净水设备及配件耗材,净水器配件耗材,	,6923185653974	,	,ZX2511180066479 拦截成功  操作退款  11.19,	,退款成功,,2025-11-16 21:09:10,	,,,,,,,否,否,	,否,	,,882.0	,0.0	,177.0	,30.0	,2.0	,0.0	,0.0	,0.0	,675.0	,705.0	,JDV024104392847,京东配送,山东省,济宁市,梁山县,,,否,否,	,	,	,否,	,	,	,	,	,	,	,	,	,	,	,	,否,是,	,否,否,,	,否,	,否,,,否
VIOMI云米净水器大通量小海豚800G反渗透RO厨下式家用长效滤芯,251116-212677476700278,已取消,1	,正常,	,	,,	,	,837957770723	,800G大通量纯水机,1809123722986	,厨房电器,净水器/净水设备及配件耗材,净水器配件耗材,	,6923185653974	,	,	,	,无售后或售后取消,,	,	,,,,,,,否,否,	,否,	,,882.0	,0.0	,177.0	,35.25	,0.0	,0.0	,0.0	,0.0	,669.75	,705.0	,	,	,****,****,****,****,,否,否,	,	,	,否,	,	,	,	,	,	,	,	,	,	,	,	,否,否,	,否,	,,	,否,	,否,,,否
【重磅新品】云米净水器600G小海豚升级版厨下式RO反渗透直饮家用,251116-586117343573761,已取消,1	,正常,	,	,,	,	,225501370546	,小海豚600G,1813468330532	,厨房电器,净水器/净水设备及配件耗材,净水器,	,6923185653684	,6923185616399	,	,	,无售后或售后取消,,	,	,,,,,,,否,否,	,否,	,,559.0	,0.0	,0.0	,0.0	,0.0	,0.0	,0.0	,0.0	,559.0	,559.0	,	,	,****,****,****,****,,否,否,	,	,	,否,	,	,	,	,	,	,	,	,	,	,	,	,否,否,	,否,	,,	,否,	,否,,,否
【重磅新品】云米净水器600G小海豚升级版厨下式RO反渗透直饮家用,251116-555567102291644,已发货，待收货,1	,正常,2025-11-16 21:05:06,2025-11-17 21:05:06,,2025-11-17 09:16:50,	,225501370546	,小海豚600G,1813468330532	,厨房电器,净水器/净水设备及配件耗材,净水器,	,6923185653684	,6923185616399	,	,	,无售后或售后取消,,2025-11-16 21:05:06,	,,,,,,,否,否,	,否,	,,559.0	,0.0	,0.0	,33.54	,1.05	,0.0	,0.0	,0.0	,525.46	,559.0	,JDV024104396842,京东大件物流,福建省,莆田市,城厢区,,,否,否,	,	,	,否,	,	,	,	,	,	,	,	,	,	,	,	,否,否,	,否,否,,	,否,	,否,,,否
VIOMI云米净水器大通量小海豚800G反渗透RO厨下式家用长效滤芯,251116-065142822420164,已取消,1	,正常,	,	,,	,	,837957770723	,800G大通量纯水机,1809123722986	,厨房电器,净水器/净水设备及配件耗材,净水器配件耗材,	,6923185653974	,	,	,	,无售后或售后取消,,	,	,,,,,,,否,否,	,否,	,,882.0	,0.0	,177.0	,0.0	,0.0	,0.0	,0.0	,0.0	,705.0	,705.0	,	,	,****,****,****,****,,否,否,	,	,	,否,	,	,	,	,	,	,	,	,	,	,	,	,否,否,	,否,	,,	,否,	,否,,,否
VIOMI云米净水器大通量小海豚800G反渗透RO厨下式家用长效滤芯,251116-097690590740164,已取消,1	,正常,	,	,,	,	,837957770723	,800G大通量纯水机,1809123722986	,厨房电器,净水器/净水设备及配件耗材,净水器配件耗材,	,6923185653974	,	,	,	,无售后或售后取消,,	,	,,,,,,,否,否,	,否,	,,882.0	,0.0	,177.0	,100.0	,0.0	,0.0	,0.0	,0.0	,605.0	,705.0	,	,	,****,****,****,****,,否,否,	,	,	,否,	,	,	,	,	,	,	,	,	,	,	,	,否,否,	,否,	,,	,否,	,否,,,否
云米AI油烟机双腔大吸力Smart双腔一级能效23m³大风压智清洁节能,251116-666438285650156,已取消,1	,正常,	,	,,	,	,750412983827	,AI双腔强吸油烟机,1737582711971	,大家电,厨房大电,油烟机,	,6923185649229	,6923185649229	,	,	,无售后或售后取消,,	,	,,,,,,,否,否,	,否,	,,789.0	,0.0	,0.0	,39.45	,0.0	,0.0	,0.0	,0.0	,749.55	,789.0	,	,	,****,****,****,****,,否,否,	,	,	,否,	,	,	,	,	,	,	,	,	,	,	,	,是,否,	,否,	,,	,否,	,否,,,否
VIOMI云米净水器大通量小海豚800G反渗透RO厨下式家用长效滤芯,251116-398820656780489,已发货，待收货,1	,正常,2025-11-16 20:14:22,2025-11-17 20:14:22,,2025-11-17 09:14:45,	,837957770723	,800G大通量纯水机,1809123722986	,厨房电器,净水器/净水设备及配件耗材,净水器配件耗材,	,6923185653974	,	,	,	,无售后或售后取消,,2025-11-16 20:14:22,	,,,,,,,否,否,	,否,	,,882.0	,0.0	,177.0	,100.0	,0.0	,0.0	,0.0	,0.0	,605.0	,705.0	,JDV024104436174,京东大件物流,广西壮族自治区,崇左市,江州区,,,否,否,	,	,	,否,	,	,	,	,	,	,	,	,	,	,	,	,否,否,	,否,否,,	,否,	,否,,,否
云米净水器滤芯小蓝调小海豚600G+专用复合滤芯RO反渗透滤芯过滤,251116-572779446702530,已收货，退款成功,1	,正常,2025-11-16 20:09:49,2025-11-17 20:09:50,,2025-11-17 09:15:56,2025-11-18 10:42:48,296967601341	,5in1复合滤芯 2年长效,1600193054565	,厨房电器,净水器/净水设备及配件耗材,净水器配件耗材,	,6923185627425	,	,后返，到手价99=差价200仅退款 [viomi莉莉sk 11/18 10:52],	,退款成功,,2025-11-16 20:09:50,	,,,,,,,否,否,	,否,	,,299.0	,0.0	,0.0	,7.0	,0.2	,0.0	,0.0	,0.0	,292.0	,299.0	,JDV024104409319,京东大件物流,广东省,广州市,越秀区,,,否,否,	,	,	,否,	,	,	,	,	,	,	,	,	,	,	,	,否,否,	,否,否,,	,否,	,否,,,否
【母婴直饮】云米净水器 SE 600G+ 新升级厨下式RO反渗透直饮家用,251116-044213214862379,已取消,1	,正常,	,	,,	,	,819506595979	,【24年新品】600G升级版6年长效,1787046011387	,厨房电器,净水器/净水设备及配件耗材,净水器,	,6923185653684	,6923185616399	,	,	,无售后或售后取消,,	,	,,,,,,,否,否,	,否,	,,748.0	,0.0	,149.6	,0.0	,0.0	,0.0	,0.0	,0.0	,598.4	,598.4	,	,	,****,****,****,****,,否,否,	,	,	,否,	,	,	,	,	,	,	,	,	,	,	,	,否,否,	,否,	,,	,否,	,否,,,否
【母婴直饮】云米净水器 SE 600G+ 新升级厨下式RO反渗透直饮家用,251116-405075402312691,已发货，待收货,1	,正常,2025-11-16 19:57:55,2025-11-17 19:57:56,,2025-11-17 09:13:45,	,819506595979	,【24年新品】600G升级版6年长效,1787046011387	,厨房电器,净水器/净水设备及配件耗材,净水器,	,6923185653684	,6923185616399	,15089402153安装 [viomi慧慧sk 11/18 14:26],	,无售后或售后取消,,2025-11-16 19:57:56,	,,,,,,,否,否,	,否,	,,748.0	,0.0	,134.64	,74.8	,0.0	,0.0	,0.0	,0.0	,538.56	,613.36	,JDV024104389355,京东配送,广东省,河源市,源城区,,,否,否,	,	,	,否,	,	,	,	,	,	,	,	,	,	,	,	,否,否,	,否,否,,	,否,	,否,,,否
【重磅新品】云米净水器600G小海豚升级版厨下式RO反渗透直饮家用,251116-410611914312691,未发货，退款成功,1	,正常,2025-11-16 19:52:55,2025-11-17 19:52:55,,	,	,225501370546	,小海豚600G,1813468330532	,厨房电器,净水器/净水设备及配件耗材,净水器,	,6923185653684	,6923185616399	,聚水潭已取消发货 已退款   叶11.16,	,退款成功,,2025-11-16 19:52:55,	,,,,,,,否,否,	,否,	,,559.0	,0.0	,0.0	,0.0	,5.0	,0.0	,0.0	,0.0	,559.0	,559.0	,	,	,广东省,河源市,源城区,,,否,否,	,	,	,否,	,	,	,	,	,	,	,	,	,	,	,	,否,否,	,否,否,,	,否,	,否,,,否
云米60升AI速热高温抑菌电热水器3000W一级节能变频增容家用租房,251116-206805419562497,已发货，待收货,1	,正常,2025-11-16 19:42:12,2025-11-17 19:42:12,,2025-11-17 09:10:40,	,226368376224	,3000W速热安全60L热水器,1737176648260	,大家电,热水器,电热水器,	,6923185602224	,6923185602224	,	,	,无售后或售后取消,,2025-11-16 19:42:12,	,,,,,,,否,否,	,否,	,,610.0	,0.0	,0.0	,5.0	,0.0	,0.0	,0.0	,0.0	,605.0	,610.0	,JDV024104389202,京东配送,贵州省,贵阳市,观山湖区,,,否,否,	,	,	,否,	,	,	,	,	,	,	,	,	,	,	,	,否,否,	,否,否,,	,否,	,否,,,否
云米AI油烟机双腔大吸力Smart双腔一级能效23m³大风压智清洁节能,251116-408263125423990,已发货，待收货,1	,正常,2025-11-16 19:31:41,2025-11-17 19:31:41,2025-11-18 23:59:59,2025-11-17 09:11:40,	,750412983827	,AI双腔强吸油烟机,1737582711971	,大家电,厨房大电,油烟机,	,6923185649229	,6923185649229	,	,	,无售后或售后取消,,2025-11-16 19:31:41,	,,,,,,,否,否,	,否,	,,789.0	,0.0	,0.0	,43.0	,0.0	,0.0	,0.0	,0.0	,746.0	,789.0	,JDV024104373058,京东配送,广东省,深圳市,龙岗区,,,否,否,	,	,	,否,	,	,	,	,	,	,	,	,	,	,	,	,否,否,	,否,否,,	,否,	,否,,,否
云米净水器滤芯小蓝调小海豚600G+专用复合滤芯RO反渗透滤芯过滤,251116-136639998310961,已收货，退款成功,1	,正常,2025-11-16 19:28:38,2025-11-17 19:28:38,,2025-11-17 09:03:32,2025-11-19 16:45:20,296967601341	,5in1复合滤芯 2年长效,1600193054565	,厨房电器,净水器/净水设备及配件耗材,净水器配件耗材,	,6923185627425	,	,后返，到手价99==【补差】仅退款200 [viomi英英sk 11/19 16:59],	,退款成功,,2025-11-16 19:28:38,	,,,,,,,否,否,	,否,	,,299.0	,0.0	,0.0	,0.0	,0.0	,0.0	,0.0	,0.0	,299.0	,299.0	,JDV024104389183,京东配送,广西壮族自治区,柳州市,鱼峰区,,,否,否,	,	,	,否,	,	,	,	,	,	,	,	,	,	,	,	,否,是,	,否,否,,	,否,	,否,,,否
【重磅新品】云米净水器600G小海豚升级版厨下式RO反渗透直饮家用,251116-658343268710961,已发货，待收货,1	,正常,2025-11-16 19:26:12,2025-11-17 19:26:12,,2025-11-17 09:16:51,	,225501370546	,小海豚600G,1813468330532	,厨房电器,净水器/净水设备及配件耗材,净水器,	,6923185653684	,6923185616399	,13977251243安装 [viomi英英sk 11/19 17:17],	,无售后或售后取消,,2025-11-16 19:26:12,	,,,,,,,否,否,	,否,	,,559.0	,0.0	,0.0	,83.0	,0.0	,0.0	,0.0	,0.0	,476.0	,559.0	,JDV024104409371,京东大件物流,广西壮族自治区,柳州市,鱼峰区,,,否,否,	,	,	,否,	,	,	,	,	,	,	,	,	,	,	,	,否,是,	,否,否,,	,否,	,否,,,否
【重磅新品】云米净水器600G小海豚升级版厨下式RO反渗透直饮家用,251116-467061993083178,已取消,1	,正常,	,	,,	,	,225501370546	,小海豚600G,1813468330532	,厨房电器,净水器/净水设备及配件耗材,净水器,	,6923185653684	,6923185616399	,	,	,无售后或售后取消,,	,	,,,,,,,否,否,	,否,	,,559.0	,0.0	,0.0	,0.0	,0.0	,0.0	,0.0	,0.0	,559.0	,559.0	,	,	,****,****,****,****,,否,否,	,	,	,否,	,	,	,	,	,	,	,	,	,	,	,	,否,否,	,否,	,,	,否,	,否,,,否
【重磅新品】云米净水器600G小海豚升级版厨下式RO反渗透直饮家用,251116-556825383303923,未发货，退款成功,1	,正常,2025-11-16 19:15:27,2025-11-17 19:15:27,,	,	,225501370546	,小海豚600G,1813468330532	,厨房电器,净水器/净水设备及配件耗材,净水器,	,6923185653684	,6923185616399	,已建单拦截：ZX2511170066006，卫11.17,	,退款成功,,2025-11-16 19:15:27,	,,,,,,,否,否,	,否,	,,559.0	,0.0	,0.0	,0.0	,0.0	,0.0	,0.0	,0.0	,559.0	,559.0	,	,	,陕西省,西安市,未央区,,,否,否,	,	,	,否,	,	,	,	,	,	,	,	,	,	,	,	,否,否,	,否,否,,	,否,	,否,,,否
云米60升AI速热高温抑菌电热水器3000W一级节能变频增容家用租房,251116-655742768722362,已发货，待收货,1	,正常,2025-11-16 19:06:52,2025-11-17 19:06:52,,2025-11-17 09:11:37,	,226368376224	,3000W速热安全60L热水器,1737176648260	,大家电,热水器,电热水器,	,6923185602224	,6923185602224	,	,	,无售后或售后取消,,2025-11-16 19:06:52,	,,,,,,,否,否,	,否,	,,610.0	,0.0	,0.0	,0.0	,0.0	,0.0	,0.0	,0.0	,610.0	,610.0	,JDV024104416050,京东配送,四川省,凉山彝族自治州,西昌市,,,否,否,	,	,	,否,	,	,	,	,	,	,	,	,	,	,	,	,否,否,	,否,否,,	,否,	,否,,,否
【母婴直饮】云米净水器 SE 600G+ 新升级厨下式RO反渗透直饮家用,251116-106855186840245,未发货，退款成功,1	,正常,2025-11-16 18:58:29,2025-11-17 18:58:29,,	,	,819506595979	,【24年新品】600G升级版6年长效,1787046011387	,厨房电器,净水器/净水设备及配件耗材,净水器,	,6923185653684	,6923185616399	,已建单拦截：ZX2511170066006，卫11.17,	,退款成功,,2025-11-16 18:58:29,	,,,,,,,否,否,	,否,	,,748.0	,0.0	,141.0	,43.0	,0.0	,0.0	,0.0	,0.0	,564.0	,607.0	,	,	,河南省,开封市,禹王台区,,,否,否,	,	,	,否,	,	,	,	,	,	,	,	,	,	,	,	,否,否,	,否,否,,	,否,	,否,,,否
【重磅新品】云米净水器600G小海豚升级版厨下式RO反渗透直饮家用,251116-056277123480245,未发货，退款成功,1	,正常,2025-11-16 18:57:03,2025-11-17 18:57:03,,	,	,225501370546	,小海豚600G,1813468330532	,厨房电器,净水器/净水设备及配件耗材,净水器,	,6923185653684	,6923185616399	,聚水潭已取消发货 已退款   叶11.16,	,退款成功,,2025-11-16 18:57:03,	,,,,,,,否,否,	,否,	,,559.0	,0.0	,0.0	,0.0	,0.2	,0.0	,0.0	,0.0	,559.0	,559.0	,	,	,河南省,开封市,禹王台区,,,否,否,	,	,	,否,	,	,	,	,	,	,	,	,	,	,	,	,否,否,	,否,否,,	,否,	,否,,,否
云米22m³大吸力顶侧爆吸油烟机一级能效蓝调烟机挥手智控高温清洁,251116-574520061540047,已取消,1	,正常,	,	,,	,	,283026078701	,云米蓝调大吸力油烟机,1725241260848	,大家电,厨房大电,油烟机,	,6923185650973	,6923185650973	,	,	,无售后或售后取消,,	,	,,,,,,,否,否,	,否,	,,899.0	,0.0	,0.0	,0.0	,0.0	,0.0	,0.0	,0.0	,899.0	,899.0	,	,	,****,****,****,****,,否,否,	,	,	,否,	,	,	,	,	,	,	,	,	,	,	,	,否,否,	,否,	,,	,否,	,否,,,否
【重磅新品】云米净水器600G小海豚升级版厨下式RO反渗透直饮家用,251116-557596024370182,已发货，待收货,1	,正常,2025-11-16 18:50:02,2025-11-17 18:50:02,,2025-11-17 09:16:51,	,225501370546	,小海豚600G,1813468330532	,厨房电器,净水器/净水设备及配件耗材,净水器,	,6923185653684	,6923185616399	,特殊补偿40元待 [viomi英英sk 11/17 17:33]==15815175553安装 [viomi英英sk 11/18 18:23],	,无售后或售后取消,,2025-11-16 18:50:02,	,,,,,,,否,否,	,否,	,,559.0	,0.0	,0.0	,0.0	,0.0	,0.0	,0.0	,0.0	,559.0	,559.0	,JDV024104396025,京东大件物流,广东省,汕头市,潮阳区,,,否,否,	,	,	,否,	,	,	,	,	,	,	,	,	,	,	,	,否,否,	,否,否,,	,否,	,否,,,否
VIOMI云米净水器大通量小海豚800G反渗透RO厨下式家用长效滤芯,251116-317598011691019,已取消,1	,正常,	,	,,	,	,837957770723	,800G大通量纯水机,1809123722986	,厨房电器,净水器/净水设备及配件耗材,净水器配件耗材,	,6923185653974	,	,	,	,无售后或售后取消,,	,	,,,,,,,否,否,	,否,	,,882.0	,0.0	,177.0	,100.0	,0.0	,0.0	,0.0	,0.0	,605.0	,705.0	,	,	,****,****,****,****,,否,否,	,	,	,否,	,	,	,	,	,	,	,	,	,	,	,	,否,否,	,否,	,,	,否,	,否,,,否
云米净水器滤芯小蓝调小海豚600G+专用复合滤芯RO反渗透滤芯过滤,251116-684536635013180,未发货，退款成功,1	,正常,2025-11-16 18:38:15,2025-11-17 18:38:15,,	,	,296967601341	,5in1复合滤芯 2年长效,1600193054565	,厨房电器,净水器/净水设备及配件耗材,净水器配件耗材,	,6923185627425	,	,聚水潭已取消发货 已退款   叶11.16,	,退款成功,,2025-11-16 18:38:15,	,,,,,,,否,否,	,否,	,,299.0	,0.0	,0.0	,0.0	,0.2	,0.0	,0.0	,0.0	,299.0	,299.0	,	,	,湖北省,武汉市,洪山区,,,否,否,	,	,	,否,	,	,	,	,	,	,	,	,	,	,	,	,否,否,	,否,否,,	,否,	,否,,,否
【重磅新品】云米净水器600G小海豚升级版厨下式RO反渗透直饮家用,251116-456156834093457,已发货，待收货,1	,正常,2025-11-16 18:36:37,2025-11-17 18:36:37,,2025-11-17 09:16:51,	,225501370546	,小海豚600G,1813468330532	,厨房电器,净水器/净水设备及配件耗材,净水器,	,6923185653684	,6923185616399	,	,	,无售后或售后取消,,2025-11-16 18:36:37,	,,,,,,,否,否,	,否,	,,559.0	,0.0	,0.0	,0.0	,0.0	,0.0	,0.0	,0.0	,559.0	,559.0	,JDV024104396034,京东大件物流,福建省,莆田市,荔城区,,,否,否,	,	,	,否,	,	,	,	,	,	,	,	,	,	,	,	,否,否,	,否,否,,	,否,	,否,,,否
【重磅新品】云米净水器600G小海豚升级版厨下式RO反渗透直饮家用,251116-265431366031887,已发货，待收货,1	,正常,2025-11-16 18:34:57,2025-11-17 18:34:58,,2025-11-17 09:16:51,	,225501370546	,小海豚600G,1813468330532	,厨房电器,净水器/净水设备及配件耗材,净水器,	,6923185653684	,6923185616399	,	,	,无售后或售后取消,,2025-11-16 18:34:58,	,,,,,,,否,否,	,否,	,,559.0	,0.0	,0.0	,0.0	,0.0	,0.0	,0.0	,0.0	,559.0	,559.0	,JDV024104457225,京东大件物流,安徽省,淮南市,寿县,,,否,否,	,	,	,否,	,	,	,	,	,	,	,	,	,	,	,	,否,否,	,否,否,,	,否,	,否,,,否
云米净水器滤芯家用小海豚小蓝调小白龙系列专用RO反渗透,251116-214428629352866,已发货，待收货,1	,正常,2025-11-16 18:24:38,2025-11-18 18:24:38,,2025-11-17 09:12:27,	,232467205433	,600G RO反渗透,1358951046252	,厨房电器,净水器/净水设备及配件耗材,净水器配件耗材,	,6923185618379	,	,	,	,无售后或售后取消,,2025-11-16 18:24:38,	,,,,,,,否,否,	,否,	,,549.0	,0.0	,0.0	,15.0	,0.0	,0.0	,0.0	,0.0	,534.0	,549.0	,JDV024104409139,京东配送,陕西省,西安市,阎良区,,,否,否,	,	,	,否,	,	,	,	,	,	,	,	,	,	,	,	,否,否,	,否,否,,	,否,	,否,,,否
【母婴直饮】云米净水器 SE 600G+ 新升级厨下式RO反渗透直饮家用,251116-503908943410886,已取消,1	,正常,	,	,,	,	,819506595979	,【24年新品】600G升级版6年长效,1787046011387	,厨房电器,净水器/净水设备及配件耗材,净水器,	,6923185653684	,6923185616399	,	,	,无售后或售后取消,,	,	,,,,,,,否,否,	,否,	,,748.0	,0.0	,139.2	,52.0	,0.0	,0.0	,0.0	,0.0	,556.8	,608.8	,	,	,****,****,****,****,,否,否,	,	,	,否,	,	,	,	,	,	,	,	,	,	,	,	,否,否,	,否,	,,	,否,	,否,,,否
云米净水器滤芯小蓝调小海豚600G+专用复合滤芯RO反渗透滤芯过滤,251116-341825360282503,已发货，待收货,1	,正常,2025-11-16 17:59:58,2025-11-17 17:59:59,,2025-11-17 08:57:49,	,296967601341	,5in1复合滤芯 2年长效,1600193054565	,厨房电器,净水器/净水设备及配件耗材,净水器配件耗材,	,6923185627425	,	,后返到手价99,	,无售后或售后取消,,2025-11-16 17:59:59,	,,,,,,,否,否,	,否,	,,299.0	,0.0	,0.0	,16.0	,1.0	,0.0	,0.0	,0.0	,283.0	,299.0	,JDV024099475074,京东配送,河南省,洛阳市,洛宁县,,,否,否,	,	,	,否,	,	,	,	,	,	,	,	,	,	,	,	,否,否,	,否,否,,	,否,	,否,,,否
【母婴直饮】云米净水器 SE 600G+ 新升级厨下式RO反渗透直饮家用,251116-295389172122503,已发货，待收货,1	,正常,2025-11-16 17:48:20,2025-11-17 17:48:20,,2025-11-17 09:15:57,	,819506595979	,【24年新品】600G升级版6年长效,1787046011387	,厨房电器,净水器/净水设备及配件耗材,净水器,	,6923185653684	,6923185616399	,18518988851安装 [viomi慧慧sk 11/19 14:02],	,无售后或售后取消,,2025-11-16 17:48:20,	,,,,,,,否,否,	,否,	,,748.0	,0.0	,129.6	,100.0	,0.0	,0.0	,0.0	,0.0	,518.4	,618.4	,JDV024104372769,京东配送,河南省,洛阳市,洛宁县,,,否,否,	,	,	,否,	,	,	,	,	,	,	,	,	,	,	,	,否,否,	,否,否,,	,否,	,否,,,否
云米小厨宝6L电热水器厨房卫生间出水恒温储水式小型速热神器加热,251116-399093306992560,已发货，待收货,1	,正常,2025-11-16 17:45:52,2025-11-17 17:45:52,,2025-11-17 09:03:24,	,208073193570	,热水即刻有-【6L】,1801828025682	,大家电,热水器,厨宝,	,6923185611233	,6923185611233	,	,	,无售后或售后取消,,2025-11-16 17:45:52,	,,,,,,,否,否,	,否,	,,279.0	,0.0	,28.0	,15.0	,0.0	,0.0	,0.0	,0.0	,236.0	,251.0	,JDV024104444805,京东配送,江苏省,苏州市,张家港市,,,否,否,	,	,	,否,	,	,	,	,	,	,	,	,	,	,	,	,否,否,	,否,否,,	,否,	,否,,,否
【重磅新品】云米净水器600G小海豚升级版厨下式RO反渗透直饮家用,251116-026287849801549,已取消,1	,正常,	,	,,	,	,225501370546	,小海豚600G,1813468330532	,厨房电器,净水器/净水设备及配件耗材,净水器,	,6923185653684	,6923185616399	,	,	,无售后或售后取消,,	,	,,,,,,,否,否,	,否,	,,559.0	,0.0	,0.0	,0.0	,0.0	,0.0	,0.0	,0.0	,559.0	,559.0	,	,	,****,****,****,****,,否,否,	,	,	,否,	,	,	,	,	,	,	,	,	,	,	,	,否,否,	,否,	,,	,否,	,否,,,否
云米60升AI速热高温抑菌电热水器3000W一级节能变频增容家用租房,251116-507537036950507,已发货，待收货,1	,正常,2025-11-16 17:32:25,2025-11-17 17:32:25,,2025-11-17 09:15:57,	,226368376224	,3000W速热安全60L热水器,1737176648260	,大家电,热水器,电热水器,	,6923185602224	,6923185602224	,	,	,无售后或售后取消,,2025-11-16 17:32:25,	,,,,,,,否,否,	,否,	,,610.0	,0.0	,0.0	,45.0	,0.0	,0.0	,0.0	,0.0	,565.0	,610.0	,JDV024104395907,京东大件物流,湖南省,怀化市,芷江侗族自治县,,,否,否,	,	,	,否,	,	,	,	,	,	,	,	,	,	,	,	,否,否,	,否,否,,	,否,	,否,,,否
【重磅新品】云米净水器600G小海豚升级版厨下式RO反渗透直饮家用,251116-195082371373377,已发货，待收货,1	,正常,2025-11-16 17:31:59,2025-11-17 17:31:59,,2025-11-17 09:16:52,	,225501370546	,小海豚600G,1813468330532	,厨房电器,净水器/净水设备及配件耗材,净水器,	,6923185653684	,6923185616399	,	,	,无售后或售后取消,,2025-11-16 17:31:59,	,,,,,,,否,否,	,否,	,,559.0	,0.0	,0.0	,0.0	,0.0	,0.0	,0.0	,0.0	,559.0	,559.0	,JDV024104392416,京东大件物流,北京市,北京市,石景山区,,,否,否,	,	,	,否,	,	,	,	,	,	,	,	,	,	,	,	,否,否,	,否,否,,	,否,	,否,,,否
【重磅新品】云米净水器600G小海豚升级版厨下式RO反渗透直饮家用,251116-590290686261140,未发货，退款成功,1	,正常,2025-11-16 17:28:53,2025-11-17 17:28:53,,	,	,225501370546	,小海豚600G,1813468330532	,厨房电器,净水器/净水设备及配件耗材,净水器,	,6923185653684	,6923185616399	,已建单拦截：ZX2511170066006，卫11.17,	,退款成功,,2025-11-16 17:28:53,	,,,,,,,否,否,	,否,	,,559.0	,0.0	,0.0	,0.0	,0.0	,0.0	,0.0	,0.0	,559.0	,559.0	,	,	,广东省,惠州市,惠城区,,,否,否,	,	,	,否,	,	,	,	,	,	,	,	,	,	,	,	,否,否,	,否,否,,	,否,	,否,,,否
【重磅新品】云米净水器600G小海豚升级版厨下式RO反渗透直饮家用,251116-300380373393284,已发货，待收货,1	,正常,2025-11-16 17:22:40,2025-11-17 17:22:41,,2025-11-17 09:16:52,	,225501370546	,小海豚600G,1813468330532	,厨房电器,净水器/净水设备及配件耗材,净水器,	,6923185653684	,6923185616399	,	,	,无售后或售后取消,,2025-11-16 17:22:41,	,,,,,,,否,否,	,否,	,,559.0	,0.0	,0.0	,0.0	,0.0	,0.0	,0.0	,0.0	,559.0	,559.0	,JDV024104403227,京东大件物流,黑龙江省,大庆市,让胡路区,,,否,否,	,	,	,否,	,	,	,	,	,	,	,	,	,	,	,	,否,否,	,否,否,,	,否,	,否,,,否
云米22m³大吸力顶侧爆吸油烟机一级能效蓝调烟机挥手智控高温清洁,251116-266998924900047,已发货，退款成功,1	,正常,2025-11-16 17:11:04,2025-11-17 17:11:04,,2025-11-17 09:10:30,	,283026078701	,云米蓝调大吸力油烟机,1725241260848	,大家电,厨房大电,油烟机,	,6923185650973	,6923185650973	,18400952837拦截 [viomi莉莉sk 11/17 10:00]==待拦截：ZX2511170066041 卫11.17 拦截成功  操作退款 11.17,	,退款成功,,2025-11-16 17:11:04,	,,,,,,,否,否,	,否,	,,899.0	,0.0	,0.0	,15.0	,0.0	,0.0	,0.0	,0.0	,884.0	,899.0	,JDV024104377933,京东配送,河南省,濮阳市,华龙区,,,否,否,	,	,	,否,	,	,	,	,	,	,	,	,	,	,	,	,否,否,	,否,否,,	,否,	,否,,,否
VIOMI云米净水器大通量小海豚800G反渗透RO厨下式家用长效滤芯,251116-313277847173719,已发货，待收货,1	,正常,2025-11-16 17:07:46,2025-11-17 17:07:47,,2025-11-17 09:09:26,	,837957770723	,800G大通量纯水机,1809123722986	,厨房电器,净水器/净水设备及配件耗材,净水器配件耗材,	,6923185653974	,	,	,	,无售后或售后取消,,2025-11-16 17:07:47,	,,,,,,,否,否,	,否,	,,882.0	,0.0	,177.0	,100.0	,0.0	,0.0	,0.0	,0.0	,605.0	,705.0	,JDV024104403180,京东配送,辽宁省,大连市,甘井子区,,,否,否,	,	,	,否,	,	,	,	,	,	,	,	,	,	,	,	,否,否,	,否,否,,	,否,	,否,,,否
VIOMI云米净水器大通量小海豚800G反渗透RO厨下式家用长效滤芯,251116-535953477982308,已取消,1	,正常,	,	,,	,	,837957770723	,800G大通量纯水机,1809123722986	,厨房电器,净水器/净水设备及配件耗材,净水器配件耗材,	,6923185653974	,	,	,	,无售后或售后取消,,	,	,,,,,,,否,否,	,否,	,,882.0	,0.0	,177.0	,0.0	,0.0	,0.0	,0.0	,0.0	,705.0	,705.0	,	,	,****,****,****,****,,否,否,	,	,	,否,	,	,	,	,	,	,	,	,	,	,	,	,否,否,	,否,	,,	,否,	,否,,,否
【重磅新品】云米净水器600G小海豚升级版厨下式RO反渗透直饮家用,251116-007261427243852,已发货，待收货,1	,正常,2025-11-16 16:48:18,2025-11-17 16:48:18,,2025-11-17 09:16:53,	,225501370546	,小海豚600G,1813468330532	,厨房电器,净水器/净水设备及配件耗材,净水器,	,6923185653684	,6923185616399	,直播间下单中奖10元红包,	,无售后或售后取消,,2025-11-16 16:48:18,	,,,,,,,否,否,	,否,	,,559.0	,0.0	,0.0	,0.0	,1.11	,0.0	,0.0	,0.0	,559.0	,559.0	,JDV024104424482,京东大件物流,安徽省,马鞍山市,花山区,,,否,否,	,	,	,否,	,	,	,	,	,	,	,	,	,	,	,	,是,是,	,否,否,,	,否,	,否,,,否
【冷热直饮套装】云米净水器家用厨下管线机套装一键即热制冷直饮,251116-420652019320058,未发货，退款成功,1	,正常,2025-11-16 16:41:31,2025-11-17 16:41:32,,	,	,480070620581	,【冷热净水直饮套装】新品净水器+冷热管线机,1620106386127	,厨房电器,净水器/净水设备及配件耗材,净水器,	,S2407170910001,	,拦截	ZX2511160067030,	,退款成功,,2025-11-16 16:41:32,	,,,,,,,否,否,	,否,	,,1434.0	,0.0	,0.0	,100.0	,0.2	,0.0	,0.0	,0.0	,1334.0	,1434.0	,	,	,福建省,泉州市,晋江市,,,否,否,	,	,	,否,	,	,	,	,	,	,	,	,	,	,	,	,否,否,	,否,否,,	,否,	,否,,,否
【重磅新品】云米净水器600G小海豚升级版厨下式RO反渗透直饮家用,251116-525530642810250,已取消,1	,正常,	,	,,	,	,225501370546	,小海豚600G,1813468330532	,厨房电器,净水器/净水设备及配件耗材,净水器,	,6923185653684	,6923185616399	,	,	,无售后或售后取消,,	,	,,,,,,,否,否,	,否,	,,559.0	,0.0	,0.0	,0.0	,0.0	,0.0	,0.0	,0.0	,559.0	,559.0	,	,	,****,****,****,****,,否,否,	,	,	,否,	,	,	,	,	,	,	,	,	,	,	,	,否,否,	,否,	,,	,否,	,否,,,否
【重磅新品】云米净水器600G小海豚升级版厨下式RO反渗透直饮家用,251116-168364685680933,已取消,1	,正常,	,	,,	,	,225501370546	,小海豚600G,1813468330532	,厨房电器,净水器/净水设备及配件耗材,净水器,	,6923185653684	,6923185616399	,	,	,无售后或售后取消,,	,	,,,,,,,否,否,	,否,	,,559.0	,0.0	,0.0	,0.0	,0.0	,0.0	,0.0	,0.0	,559.0	,559.0	,	,	,****,****,****,****,,否,否,	,	,	,否,	,	,	,	,	,	,	,	,	,	,	,	,否,否,	,否,	,,	,否,	,否,,,否
云米小厨宝6L电热水器厨房卫生间出水恒温储水式小型速热神器加热,251116-372165886253577,已发货，待收货,1	,正常,2025-11-16 15:57:46,2025-11-17 15:57:46,2025-11-18 23:59:59,2025-11-17 08:59:25,	,208073193570	,热水即刻有-【6L】,1801828025682	,大家电,热水器,厨宝,	,6923185611233	,6923185611233	,	,	,无售后或售后取消,,2025-11-16 15:57:46,	,,,,,,,否,否,	,否,	,,279.0	,0.0	,28.0	,15.0	,0.0	,0.0	,0.0	,0.0	,236.0	,251.0	,JDV024104411173,京东配送,福建省,宁德市,蕉城区,,,否,否,	,	,	,否,	,	,	,	,	,	,	,	,	,	,	,	,否,否,	,否,否,,	,否,	,否,,,否
【母婴直饮】云米净水器 SE 600G+ 新升级厨下式RO反渗透直饮家用,251116-112438864280298,已收货,1	,正常,2025-11-16 15:44:15,2025-11-17 15:44:15,,2025-11-16 19:03:20,2025-11-19 16:15:53,819506595979	,【24年新品】600G升级版6年长效,1787046011387	,厨房电器,净水器/净水设备及配件耗材,净水器,	,6923185653684	,6923185616399	,13998881439安装 [viomi英英sk 11/19 15:45],	,无售后或售后取消,,2025-11-16 15:44:15,	,,,,,,,否,否,	,否,	,,748.0	,0.0	,136.8	,64.0	,0.0	,0.0	,0.0	,0.0	,547.2	,611.2	,JDV024098446510,京东配送,云南省,西双版纳傣族自治州,景洪市,,,否,否,	,	,	,否,	,	,	,	,	,	,	,	,	,	,	,	,否,否,	,否,否,,	,否,	,否,,,否
【重磅新品】云米净水器600G小海豚升级版厨下式RO反渗透直饮家用,251116-162057501102816,已发货，待收货,1	,正常,2025-11-16 15:30:47,2025-11-17 15:30:47,,2025-11-16 20:49:51,	,225501370546	,小海豚600G,1813468330532	,厨房电器,净水器/净水设备及配件耗材,净水器,	,6923185653684	,6923185616399	,13695385920安装 [viomi英英sk 11/19 16:16],	,无售后或售后取消,,2025-11-16 15:30:47,	,,,,,,,否,否,	,否,	,,559.0	,0.0	,0.0	,33.54	,0.0	,0.0	,0.0	,0.0	,525.46	,559.0	,JDV024098426126,京东大件物流,山东省,泰安市,泰山区,,,否,否,	,	,	,否,	,	,	,	,	,	,	,	,	,	,	,	,否,否,	,否,否,,	,否,	,否,,,否
【重磅新品】云米净水器600G小海豚升级版厨下式RO反渗透直饮家用,251116-514835167533413,已发货，待收货,1	,正常,2025-11-16 15:25:14,2025-11-17 15:25:15,,2025-11-16 20:49:51,	,225501370546	,小海豚600G,1813468330532	,厨房电器,净水器/净水设备及配件耗材,净水器,	,6923185653684	,6923185616399	,	,	,无售后或售后取消,,2025-11-16 15:25:15,	,,,,,,,否,否,	,否,	,,559.0	,0.0	,0.0	,0.0	,1.11	,0.0	,0.0	,0.0	,559.0	,559.0	,JDV024098457822,京东大件物流,广东省,中山市,南头镇,,,否,否,	,	,	,否,	,	,	,	,	,	,	,	,	,	,	,	,否,否,	,否,否,,	,否,	,否,,,否
云米即热净水器厨房家用直饮RO反渗透加热净饮一体机1000G,251116-412787730783605,未发货，退款成功,1	,正常,2025-11-16 15:20:13,2025-11-17 15:20:13,,	,	,846360072018	,即热直饮 1000G大通量,1807240839093	,厨房电器,净水器/净水设备及配件耗材,净水器,	,6923185651116	,6923185651116	,补差后返到手价1295==聚水潭已取消发货 已退款   叶11.16,	,退款成功,,2025-11-16 15:20:13,	,,,,,,,否,否,	,否,	,,1498.0	,0.0	,60.0	,40.0	,0.0	,0.0	,0.0	,0.0	,1398.0	,1438.0	,	,	,天津市,天津市,北辰区,,,否,否,	,	,	,否,	,	,	,	,	,	,	,	,	,	,	,	,否,否,	,否,否,,	,否,	,否,,,否
云米小厨宝6L电热水器厨房卫生间出水恒温储水式小型速热神器加热,251116-021249431101939,已发货，待收货,1	,正常,2025-11-16 15:16:22,2025-11-17 15:16:23,,2025-11-16 16:50:08,	,208073193570	,热水即刻有-【6L】,1801828025682	,大家电,热水器,厨宝,	,6923185611233	,6923185611233	,	,	,无售后或售后取消,,2025-11-16 15:16:23,	,,,,,,,否,否,	,否,	,,279.0	,0.0	,28.0	,0.0	,0.0	,0.0	,0.0	,0.0	,251.0	,251.0	,JDV024097219316,京东配送,江苏省,南通市,崇川区,,,否,否,	,	,	,否,	,	,	,	,	,	,	,	,	,	,	,	,否,否,	,否,否,,	,否,	,否,,,否
云米净水器滤芯小蓝调小海豚600G+专用复合滤芯RO反渗透滤芯过滤,251116-358450501261299,已收货，退款成功,2	,正常,2025-11-16 15:15:48,2025-11-17 15:15:48,,2025-11-16 17:17:09,2025-11-18 17:17:27,296967601341	,5in1复合滤芯 2年长效,1600193054565	,厨房电器,净水器/净水设备及配件耗材,净水器配件耗材,	,6923185627425	,	,后返，到手价99/根,	,退款成功,,2025-11-16 15:15:48,	,,,,,,,否,否,	,否,	,,598.0	,0.0	,5.98	,1.1	,0.0	,0.0	,0.0	,0.0	,590.92	,592.02	,JDV024097210219,京东配送,湖北省,十堰市,茅箭区,,,否,否,	,	,	,否,	,	,	,	,	,	,	,	,	,	,	,	,否,否,	,否,否,,	,否,	,否,,,否
云米小厨宝6L电热水器厨房卫生间出水恒温储水式小型速热神器加热,251116-070155015721640,已发货，待收货,1	,正常,2025-11-16 15:14:42,2025-11-17 15:14:42,,2025-11-17 08:59:26,	,208073193570	,热水即刻有-【6L】,1801828025682	,大家电,热水器,厨宝,	,6923185611233	,6923185611233	,. ,	,无售后或售后取消,,2025-11-16 15:14:42,	,,,,,,,否,否,	,否,	,,279.0	,0.0	,28.0	,15.0	,0.0	,0.0	,0.0	,0.0	,236.0	,251.0	,JDV024104441331,京东配送,江苏省,徐州市,铜山区,,,否,否,	,	,	,否,	,	,	,	,	,	,	,	,	,	,	,	,否,否,	,否,否,,	,否,	,否,,,否
云米小厨宝6L电热水器厨房卫生间出水恒温储水式小型速热神器加热,251116-512444414383224,已发货，待收货,1	,正常,2025-11-16 15:14:25,2025-11-17 15:14:26,,2025-11-17 09:15:57,	,208073193570	,热水即刻有-【6L】,1801828025682	,大家电,热水器,厨宝,	,6923185611233	,6923185611233	,	,	,无售后或售后取消,,2025-11-16 15:14:26,	,,,,,,,否,否,	,否,	,,279.0	,0.0	,28.0	,15.0	,0.2	,0.0	,0.0	,0.0	,236.0	,251.0	,JDV024104424420,京东配送,浙江省,台州市,黄岩区,,,否,否,	,	,	,否,	,	,	,	,	,	,	,	,	,	,	,	,否,否,	,否,否,,	,否,	,否,,,否
【重磅新品】云米净水器600G小海豚升级版厨下式RO反渗透直饮家用,251116-633282302391015,已发货，待收货,1	,正常,2025-11-16 15:05:33,2025-11-17 15:05:33,2025-11-17 23:59:59,2025-11-16 20:49:51,	,225501370546	,小海豚600G,1813468330532	,厨房电器,净水器/净水设备及配件耗材,净水器,	,6923185653684	,6923185616399	,13433888111安装 [viomi英英sk 11/18 17:46],	,无售后或售后取消,,2025-11-16 15:05:33,	,,,,,,,否,否,	,否,	,,559.0	,0.0	,0.0	,0.0	,0.0	,0.0	,0.0	,0.0	,559.0	,559.0	,JDV024098804870,京东大件物流,广东省,汕头市,潮南区,,,否,否,	,	,	,否,	,	,	,	,	,	,	,	,	,	,	,	,否,否,	,否,否,,	,否,	,否,,,否
【重磅新品】云米净水器600G小海豚升级版厨下式RO反渗透直饮家用,251116-013720624782038,已收货,1	,正常,2025-11-16 14:59:40,2025-11-17 14:59:40,,2025-11-16 20:50:10,2025-11-19 16:32:14,225501370546	,小海豚600G,1813468330532	,厨房电器,净水器/净水设备及配件耗材,净水器,	,6923185653684	,6923185616399	,	,	,无售后或售后取消,,2025-11-16 14:59:40,	,,,,,,,否,否,	,否,	,,559.0	,0.0	,0.0	,0.0	,1.11	,0.0	,0.0	,0.0	,559.0	,559.0	,JDV024098784837,京东大件物流,云南省,西双版纳傣族自治州,景洪市,,,否,否,	,	,	,否,	,	,	,	,	,	,	,	,	,	,	,	,否,否,	,否,否,,	,否,	,否,,,否
云米即热净水器厨房家用直饮RO反渗透加热净饮一体机1000G,251116-474171369900840,已发货，待收货,1	,正常,2025-11-16 14:52:39,2025-11-17 14:52:39,,2025-11-16 18:33:17,	,846360072018	,即热直饮 1000G大通量,1807240839093	,厨房电器,净水器/净水设备及配件耗材,净水器,	,6923185651116	,6923185651116	,	,	,无售后或售后取消,,2025-11-16 14:52:39,	,,,,,,,否,否,	,否,	,,1498.0	,0.0	,60.0	,40.0	,0.0	,0.0	,0.0	,0.0	,1398.0	,1438.0	,JDV024098792200,京东配送,江苏省,南京市,建邺区,,,否,否,	,	,	,否,	,	,	,	,	,	,	,	,	,	,	,	,否,否,	,否,是,3	,商家,否,	,否,,信用卡分期,否
【母婴直饮】云米净水器 SE 600G+ 新升级厨下式RO反渗透直饮家用,251116-603796313652641,已取消,1	,正常,	,	,,	,	,819506595979	,【24年新品】600G升级版6年长效,1787046011387	,厨房电器,净水器/净水设备及配件耗材,净水器,	,6923185653684	,6923185616399	,	,	,无售后或售后取消,,	,	,,,,,,,否,否,	,否,	,,748.0	,0.0	,129.6	,100.0	,0.0	,0.0	,0.0	,0.0	,518.4	,618.4	,	,	,****,****,****,****,,否,否,	,	,	,否,	,	,	,	,	,	,	,	,	,	,	,	,否,否,	,否,	,,	,否,	,否,,,否
VIOMI云米净水器1000G厨下直饮小体积净水机RO机智显龙头3秒满杯,251116-512795645543047,已取消,1	,正常,	,	,,	,	,842195971715	,1000G大通量RO净水器,1803617356458	,厨房电器,净水器/净水设备及配件耗材,净水器,	,6923185654247	,	,	,	,无售后或售后取消,,	,	,,,,,,,否,否,	,否,	,,823.0	,0.0	,24.0	,5.0	,0.0	,0.0	,0.0	,0.0	,794.0	,799.0	,	,	,****,****,****,****,,否,否,	,	,	,否,	,	,	,	,	,	,	,	,	,	,	,	,否,否,	,否,	,,	,否,	,否,,,否
VIOMI云米净水器1000G厨下直饮小体积净水机RO机智显龙头3秒满杯,251116-347713124651812,已收货，退款成功,1	,正常,2025-11-16 14:20:07,2025-11-17 14:20:07,,2025-11-16 18:55:23,2025-11-18 18:49:58,309517106373	,复合滤芯,1803020722098	,厨房电器,净水器/净水设备及配件耗材,净水器,	,6923185653998	,	,补差后返到手价99==【补差】仅退款200 [viomi英英sk 11/18 18:55],	,退款成功,,2025-11-16 14:20:07,	,,,,,,,否,否,	,否,	,,299.0	,0.0	,0.0	,15.0	,0.2	,0.0	,0.0	,0.0	,284.0	,299.0	,JDV024097798913,京东配送,云南省,大理白族自治州,大理市,,,否,否,	,	,	,否,	,	,	,	,	,	,	,	,	,	,	,	,否,否,	,否,否,,	,否,	,否,,,否
VIOMI云米净水器1000G厨下直饮小体积净水机RO机智显龙头3秒满杯,251116-453519665451812,已收货,1	,正常,2025-11-16 14:13:38,2025-11-17 14:13:38,,2025-11-16 20:49:51,2025-11-18 14:16:20,842195971715	,1000G大通量RO净水器,1803617356458	,厨房电器,净水器/净水设备及配件耗材,净水器,	,6923185654247	,	,	,	,无售后或售后取消,,2025-11-16 14:13:38,	,,,,,,,否,否,	,否,	,,823.0	,0.0	,24.0	,0.0	,0.2	,0.0	,0.0	,0.0	,799.0	,799.0	,JDV024097795745,京东大件物流,贵州省,六盘水市,六枝特区,,,否,否,	,	,	,否,	,	,	,	,	,	,	,	,	,	,	,	,否,否,	,否,否,,	,否,	,否,,,否
【重磅新品】云米净水器600G小海豚升级版厨下式RO反渗透直饮家用,251116-325551471033001,已发货，待收货,1	,正常,2025-11-16 14:11:31,2025-11-17 14:11:31,,2025-11-16 20:49:51,	,225501370546	,小海豚600G,1813468330532	,厨房电器,净水器/净水设备及配件耗材,净水器,	,6923185653684	,6923185616399	,	,	,无售后或售后取消,,2025-11-16 14:11:31,	,,,,,,,否,否,	,否,	,,559.0	,0.0	,0.0	,0.0	,0.0	,0.0	,0.0	,0.0	,559.0	,559.0	,JDV024097799112,京东大件物流,内蒙古自治区,通辽市,科尔沁区,,,否,否,	,	,	,否,	,	,	,	,	,	,	,	,	,	,	,	,否,否,	,否,否,,	,否,	,否,,,否
【6年套装】云米净水器600G小海豚升级版厨下式RO反渗透直饮家用,251116-449566554413637,已收货,1	,正常,2025-11-16 17:11:50,2025-11-17 17:11:50,,2025-11-17 09:15:57,2025-11-19 14:12:38,852932116812	,小海豚600G+6年滤芯套装,1812983769340	,厨房电器,净水器/净水设备及配件耗材,净水器,	,S2508151538001,	,检测笔已登记 [viomi慧慧sk 11/19 14:58],	,无售后或售后取消,,2025-11-16 17:11:50,	,,,,,,,否,否,	,否,	,,772.0	,0.0	,0.0	,100.0	,0.0	,0.0	,0.0	,0.0	,672.0	,772.0	,JDV024104389121,京东大件物流,陕西省,渭南市,富平县,,,否,否,	,	,	,否,	,	,	,	,	,	,	,	,	,	,	,	,否,否,	,否,否,,	,否,	,否,,,否
VIOMI云米净水器1000G厨下直饮小体积净水机RO机智显龙头3秒满杯,251116-004624279850016,未发货，退款成功,1	,正常,2025-11-16 13:47:16,2025-11-17 13:47:17,,	,	,842195971715	,1000G大通量RO净水器,1803617356458	,厨房电器,净水器/净水设备及配件耗材,净水器,	,6923185654247	,	,聚水潭已取消发货 已退款   叶11.16,	,退款成功,,2025-11-16 13:47:17,	,,,,,,,否,否,	,否,	,,823.0	,0.0	,24.0	,0.0	,1.59	,0.0	,0.0	,0.0	,799.0	,799.0	,	,	,云南省,大理白族自治州,大理市,,,否,否,	,	,	,否,	,	,	,	,	,	,	,	,	,	,	,	,否,否,	,否,否,,	,否,	,否,,,否
【母婴直饮】云米净水器 SE 600G+ 新升级厨下式RO反渗透直饮家用,251116-150785267290165,已取消,1	,正常,	,	,,	,	,819506595979	,【24年新品】600G升级版6年长效,1787046011387	,厨房电器,净水器/净水设备及配件耗材,净水器,	,6923185653684	,6923185616399	,	,	,无售后或售后取消,,	,	,,,,,,,否,否,	,否,	,,748.0	,0.0	,149.6	,0.0	,0.0	,0.0	,0.0	,0.0	,598.4	,598.4	,	,	,****,****,****,****,,否,否,	,	,	,否,	,	,	,	,	,	,	,	,	,	,	,	,否,否,	,否,	,,	,否,	,否,,,否
云米鲲鹏PRO烟机28m³大吸力聚能猛火灶一级能效烟灶联动厨电套装,251116-446840215133549,已发货，待收货,1	,正常,2025-11-16 13:44:17,2025-11-17 13:44:17,,2025-11-16 18:42:24,	,784230725200	,"【烟灶套装】鲲鹏PRO大吸力烟机+5.2灶具,天然气",1763233003376	,大家电,厨房大电,烟灶消套装,	,S2505161744001,	,奇门回传单号:JDV024098812782,	,无售后或售后取消,,2025-11-16 13:44:17,	,,,,,,,否,否,	,否,	,,2599.0	,0.0	,0.0	,100.0	,10.0	,0.0	,0.0	,0.0	,2499.0	,2599.0	,JDV024098896302,京东配送,内蒙古自治区,鄂尔多斯市,东胜区,,,否,否,	,	,	,否,	,	,	,	,	,	,	,	,	,	,	,	,否,否,	,否,否,,	,否,	,否,,,否
云米鲲鹏PRO烟机28m³大吸力聚能猛火灶一级能效烟灶联动厨电套装,251116-280735280733549,未发货，退款成功,1	,正常,2025-11-16 13:41:43,2025-11-17 13:41:44,,	,	,784230725200	,"【烟灶套装】鲲鹏PRO大吸力烟机+5.2灶具,天然气",1763233003376	,大家电,厨房大电,烟灶消套装,	,S2505161744001,	,聚水潭已取消发货 已退款   叶11.16,	,退款成功,,2025-11-16 13:41:44,	,,,,,,,否,否,	,否,	,,2599.0	,0.0	,0.0	,100.0	,10.0	,0.0	,0.0	,0.0	,2499.0	,2599.0	,	,	,内蒙古自治区,鄂尔多斯市,东胜区,,,否,否,	,	,	,否,	,	,	,	,	,	,	,	,	,	,	,	,否,否,	,否,否,,	,否,	,否,,,否
VIOMI云米净水器大通量小海豚800G反渗透RO厨下式家用长效滤芯,251116-433334525481129,已取消,1	,正常,	,	,,	,	,837957770723	,800G大通量纯水机,1809123722986	,厨房电器,净水器/净水设备及配件耗材,净水器配件耗材,	,6923185653974	,	,	,	,无售后或售后取消,,	,	,,,,,,,否,否,	,否,	,,882.0	,0.0	,177.0	,100.0	,0.0	,0.0	,0.0	,0.0	,605.0	,705.0	,	,	,****,****,****,****,,否,否,	,	,	,否,	,	,	,	,	,	,	,	,	,	,	,	,否,否,	,否,	,,	,否,	,否,,,否
云米小厨宝6L电热水器厨房卫生间出水恒温储水式小型速热神器加热,251116-647348959672875,已发货，待收货,1	,正常,2025-11-16 13:37:07,2025-11-17 13:37:07,,2025-11-16 16:40:03,	,208073193570	,热水即刻有-【6L】,1801828025682	,大家电,热水器,厨宝,	,6923185611233	,6923185611233	,	,	,无售后或售后取消,,2025-11-16 13:37:07,	,,,,,,,否,否,	,否,	,,279.0	,0.0	,28.0	,16.0	,1.01	,0.0	,0.0	,0.0	,235.0	,251.0	,JDV024096186483,京东配送,福建省,宁德市,蕉城区,,,否,否,	,	,	,否,	,	,	,	,	,	,	,	,	,	,	,	,否,否,	,否,否,,	,否,	,否,,,否
【重磅新品】云米净水器600G小海豚升级版厨下式RO反渗透直饮家用,251116-171672891033408,已发货，待收货,1	,正常,2025-11-16 13:36:37,2025-11-17 13:36:37,,2025-11-16 20:49:51,	,225501370546	,小海豚600G,1813468330532	,厨房电器,净水器/净水设备及配件耗材,净水器,	,6923185653684	,6923185616399	,	,	,无售后或售后取消,,2025-11-16 13:36:37,	,,,,,,,否,否,	,否,	,,559.0	,0.0	,0.0	,0.0	,0.0	,0.0	,0.0	,0.0	,559.0	,559.0	,JDV024096770062,京东大件物流,安徽省,芜湖市,南陵县,,,否,否,	,	,	,否,	,	,	,	,	,	,	,	,	,	,	,	,否,否,	,否,否,,	,否,	,否,,,否
云米智能洗碗机10套热风烘干消毒嵌入式洗烘存一体家用IronA1,251116-526511061282646,已取消,1	,正常,	,	,,	,	,223485946991	,Iron A1消毒除菌洗碗机10套,1357746713795	,大家电,厨房大电,洗碗机,	,6923185616375	,6923185616375	,	,	,无售后或售后取消,,	,	,,,,,,,否,否,	,否,	,,2019.0	,0.0	,0.0	,0.0	,0.0	,0.0	,0.0	,0.0	,2019.0	,2019.0	,	,	,****,****,****,****,,否,否,	,	,	,否,	,	,	,	,	,	,	,	,	,	,	,	,否,否,	,否,	,,	,否,	,否,,,否
VIOMI云米净水器1000G厨下直饮小体积净水机RO机智显龙头3秒满杯,251116-486172311850016,已取消,1	,正常,	,	,,	,	,842195971715	,1000G大通量RO净水器,1803617356458	,厨房电器,净水器/净水设备及配件耗材,净水器,	,6923185654247	,	,	,	,无售后或售后取消,,	,	,,,,,,,否,否,	,否,	,,823.0	,0.0	,24.0	,0.0	,0.0	,0.0	,0.0	,0.0	,799.0	,799.0	,	,	,****,****,****,****,,否,否,	,	,	,否,	,	,	,	,	,	,	,	,	,	,	,	,否,否,	,否,	,,	,否,	,否,,,否
【重磅新品】云米净水器600G小海豚升级版厨下式RO反渗透直饮家用,251116-667282389362640,未发货，退款成功,1	,正常,2025-11-16 13:13:19,2025-11-17 13:13:19,,	,	,225501370546	,小海豚600G,1813468330532	,厨房电器,净水器/净水设备及配件耗材,净水器,	,6923185653684	,6923185616399	,聚水潭已取消发货 已退款   叶11.16,	,退款成功,,2025-11-16 13:13:19,	,,,,,,,否,否,	,否,	,,559.0	,0.0	,0.0	,0.0	,0.0	,0.0	,0.0	,0.0	,559.0	,559.0	,	,	,新疆维吾尔自治区,克拉玛依市,克拉玛依区,,,否,否,	,	,	,否,	,	,	,	,	,	,	,	,	,	,	,	,否,否,	,否,否,,	,否,	,否,,,否
【重磅新品】云米净水器600G小海豚升级版厨下式RO反渗透直饮家用,251116-103158956341222,已发货，待收货,1	,正常,2025-11-16 13:11:12,2025-11-17 13:11:13,2025-11-18 23:59:59,2025-11-16 17:35:17,	,225501370546	,小海豚600G,1813468330532	,厨房电器,净水器/净水设备及配件耗材,净水器,	,6923185653684	,6923185616399	,	,	,无售后或售后取消,,2025-11-16 13:11:13,	,,,,,,,否,否,	,否,	,,559.0	,0.0	,0.0	,0.0	,0.0	,0.0	,0.0	,0.0	,559.0	,559.0	,JDV024096773984,京东大件物流,上海市,上海市,徐汇区,,,否,否,	,	,	,否,	,	,	,	,	,	,	,	,	,	,	,	,否,否,	,否,否,,	,否,	,否,,,否
云米小厨宝6L电热水器厨房卫生间出水恒温储水式小型速热神器加热,251116-399738222960002,已发货，待收货,1	,正常,2025-11-16 13:09:14,2025-11-17 13:09:14,,2025-11-17 09:02:26,	,208073193570	,热水即刻有-【6L】,1801828025682	,大家电,热水器,厨宝,	,6923185611233	,6923185611233	,	,	,无售后或售后取消,,2025-11-16 13:09:14,	,,,,,,,否,否,	,否,	,,279.0	,0.0	,28.0	,15.0	,0.0	,0.0	,0.0	,0.0	,236.0	,251.0	,JDV024104421604,京东配送,广东省,梅州市,梅江区,,,否,否,	,	,	,否,	,	,	,	,	,	,	,	,	,	,	,	,否,否,	,否,否,,	,否,	,否,,,否
云米小厨宝6L电热水器厨房卫生间出水恒温储水式小型速热神器加热,251116-590599984703814,已发货，待收货,1	,正常,2025-11-16 13:12:09,2025-11-17 13:12:09,,2025-11-17 08:55:23,	,208073193570	,热水即刻有-【6L】,1801828025682	,大家电,热水器,厨宝,	,6923185611233	,6923185611233	,	,	,无售后或售后取消,,2025-11-16 13:12:09,	,,,,,,,否,否,	,否,	,,279.0	,0.0	,28.0	,15.0	,0.0	,0.0	,0.0	,0.0	,236.0	,251.0	,JDV024104427174,京东配送,山东省,潍坊市,安丘市,,,否,否,	,	,	,否,	,	,	,	,	,	,	,	,	,	,	,	,否,否,	,否,否,,	,否,	,否,,,否
云米小厨宝6L电热水器厨房卫生间出水恒温储水式小型速热神器加热,251116-309980044823521,已发货，待收货,1	,正常,2025-11-16 12:40:20,2025-11-17 12:40:21,,2025-11-16 17:35:17,	,208073193570	,热水即刻有-【6L】,1801828025682	,大家电,热水器,厨宝,	,6923185611233	,6923185611233	,	,	,无售后或售后取消,,2025-11-16 12:40:21,	,,,,,,,否,否,	,否,	,,279.0	,0.0	,28.0	,15.0	,0.0	,0.0	,0.0	,0.0	,236.0	,251.0	,JDV024096774040,京东配送,四川省,成都市,武侯区,,,否,否,	,	,	,否,	,	,	,	,	,	,	,	,	,	,	,	,否,否,	,否,否,,	,否,	,否,,,否
【重磅新品】云米净水器600G小海豚升级版厨下式RO反渗透直饮家用,251116-465714552462767,已取消,1	,正常,	,	,,	,	,225501370546	,小海豚600G,1813468330532	,厨房电器,净水器/净水设备及配件耗材,净水器,	,6923185653684	,6923185616399	,	,	,无售后或售后取消,,	,	,,,,,,,否,否,	,否,	,,559.0	,0.0	,0.0	,0.0	,0.0	,0.0	,0.0	,0.0	,559.0	,559.0	,	,	,****,****,****,****,,否,否,	,	,	,否,	,	,	,	,	,	,	,	,	,	,	,	,否,否,	,否,	,,	,否,	,否,,,否
【母婴直饮】云米净水器 SE 600G+ 新升级厨下式RO反渗透直饮家用,251116-565318828401380,已发货，待收货,1	,正常,2025-11-16 12:33:33,2025-11-17 12:33:34,,2025-11-16 16:08:21,	,819506595979	,【24年新品】600G升级版6年长效,1787046011387	,厨房电器,净水器/净水设备及配件耗材,净水器,	,6923185653684	,6923185616399	,	,	,无售后或售后取消,,2025-11-16 12:33:34,	,,,,,,,否,否,	,否,	,,748.0	,0.0	,148.48	,5.58	,0.0	,0.0	,0.0	,0.0	,593.94	,599.52	,JDV024095153132,京东配送,广西壮族自治区,桂林市,灵川县,,,否,否,	,	,	,否,	,	,	,	,	,	,	,	,	,	,	,	,否,否,	,否,是,3	,商家,否,	,否,,信用卡分期,否
云米净水器滤芯小蓝调小海豚600G+专用复合滤芯RO反渗透滤芯过滤,251116-615451257261484,未发货，退款成功,2	,正常,2025-11-16 12:27:42,2025-12-20 12:27:42,,	,	,296967601341	,5in1复合滤芯 2年长效,1600193054565	,厨房电器,净水器/净水设备及配件耗材,净水器配件耗材,	,6923185627425	,	,补差后返到手价198  已挂起锁定 无需发货  已退款成功 11.19,	,退款成功,,2025-11-16 12:27:42,	,,,,,,,否,否,	,否,	,,598.0	,0.0	,5.98	,0.0	,6.0	,0.0	,0.0	,0.0	,592.02	,592.02	,	,	,广东省,惠州市,惠城区,,,否,否,	,	,	,否,	,	,	,	,	,	,	,	,	,	,	,	,否,否,	,否,否,,	,否,	,否,,,否
【重磅新品】云米净水器600G小海豚升级版厨下式RO反渗透直饮家用,251116-628170473901484,未发货，退款成功,1	,正常,2025-11-16 12:27:08,2025-12-20 12:27:09,,	,	,225501370546	,小海豚600G,1813468330532	,厨房电器,净水器/净水设备及配件耗材,净水器,	,6923185653684	,6923185616399	,已挂起锁定 无需发货  已退款成功 11.19,	,退款成功,,2025-11-16 12:27:09,	,,,,,,,否,否,	,否,	,,559.0	,0.0	,0.0	,0.0	,6.0	,0.0	,0.0	,0.0	,559.0	,559.0	,	,	,广东省,惠州市,惠城区,,,否,否,	,	,	,否,	,	,	,	,	,	,	,	,	,	,	,	,否,否,	,否,否,,	,否,	,否,,,否
VIOMI云米净水器1000G厨下直饮小体积净水机RO机智显龙头3秒满杯,251116-164081200720716,已取消,1	,正常,	,	,,	,	,842195971715	,1000G大通量RO净水器,1803617356458	,厨房电器,净水器/净水设备及配件耗材,净水器,	,6923185654247	,	,	,	,无售后或售后取消,,	,	,,,,,,,否,否,	,否,	,,823.0	,0.0	,24.0	,0.0	,0.0	,0.0	,0.0	,0.0	,799.0	,799.0	,	,	,****,****,****,****,,否,否,	,	,	,否,	,	,	,	,	,	,	,	,	,	,	,	,否,否,	,否,	,,	,否,	,否,,,否
【6年套装】云米净水器600G小海豚升级版厨下式RO反渗透直饮家用,251116-216950454581140,已发货，退款成功,1	,正常,2025-11-16 12:22:32,2025-11-17 12:22:32,,2025-11-16 15:35:08,	,852932116812	,小海豚600G+6年滤芯套装,1812983769340	,厨房电器,净水器/净水设备及配件耗材,净水器,	,S2508151538001,	,ZX2511160066956拦截 [viomi英英sk 11/16 17:51]  拦截失败，待提供七退凭证审核=二线 [viomi莉莉sk 11/17 10:52] TH2C176312513   SF3277928643252 待退回佛山11.19==仓库已签收入库，操作退款 叶11.19,	,退款成功,,2025-11-16 12:22:32,	,,,,,,,否,否,	,否,	,,772.0	,0.0	,0.0	,0.0	,0.0	,0.0	,0.0	,0.0	,772.0	,772.0	,JDV024095195045,京东配送,广东省,惠州市,惠城区,,,否,否,	,	,	,否,	,	,	,	,	,	,	,	,	,	,	,	,否,否,	,否,否,,	,否,	,否,,,否
【6年套装】云米净水器600G小海豚升级版厨下式RO反渗透直饮家用,251116-364076142922267,已发货，待收货,1	,正常,2025-11-16 12:14:01,2025-11-17 12:14:01,,2025-11-16 18:11:25,	,852932116812	,小海豚600G+6年滤芯套装,1812983769340	,厨房电器,净水器/净水设备及配件耗材,净水器,	,S2508151538001,	,15114436936安装 [viomi慧慧sk 11/18 15:04]==超 [viomi英英sk 11/18 16:57],	,无售后或售后取消,,2025-11-16 12:14:01,	,,,,,,,否,否,	,否,	,,772.0	,0.0	,0.0	,60.0	,0.0	,0.0	,0.0	,0.0	,712.0	,772.0	,JDV024095452517,京东配送,吉林省,白城市,大安市,,,否,否,	,	,	,否,	,	,	,	,	,	,	,	,	,	,	,	,否,否,	,否,否,,	,否,	,否,,,否
【重磅新品】云米净水器600G小海豚升级版厨下式RO反渗透直饮家用,251116-573455756910815,已发货，待收货,1	,正常,2025-11-16 12:12:08,2025-11-17 12:12:08,,2025-11-16 17:35:17,	,225501370546	,小海豚600G,1813468330532	,厨房电器,净水器/净水设备及配件耗材,净水器,	,6923185653684	,6923185616399	,	,	,无售后或售后取消,,2025-11-16 12:12:08,	,,,,,,,否,否,	,否,	,,559.0	,0.0	,0.0	,0.0	,0.0	,0.0	,0.0	,0.0	,559.0	,559.0	,JDV024096165937,京东大件物流,安徽省,芜湖市,湾沚区,,,否,否,	,	,	,否,	,	,	,	,	,	,	,	,	,	,	,	,否,否,	,否,否,,	,否,	,否,,,否
【重磅新品】云米净水器600G小海豚升级版厨下式RO反渗透直饮家用,251116-037455184250194,已发货，待收货,1	,正常,2025-11-16 12:02:50,2025-11-17 12:02:50,,2025-11-16 20:49:52,	,225501370546	,小海豚600G,1813468330532	,厨房电器,净水器/净水设备及配件耗材,净水器,	,6923185653684	,6923185616399	,	,	,无售后或售后取消,,2025-11-16 12:02:50,	,,,,,,,否,否,	,否,	,,559.0	,0.0	,0.0	,55.9	,0.2	,0.0	,0.0	,0.0	,503.1	,559.0	,JDV024096076927,京东大件物流,新疆维吾尔自治区,伊犁哈萨克自治州,奎屯市,,,否,否,	,	,	,否,	,	,	,	,	,	,	,	,	,	,	,	,否,否,	,否,否,,	,否,	,否,,,否
云米智能AI门锁3D指纹密码蓝牙可连大容量续航家用公寓自动安全,251116-592927813262685,已发货，待收货,1	,正常,2025-11-16 11:59:46,2025-11-17 11:59:46,,2025-11-16 18:49:20,	,743885774552	,"云米蓝调指纹密码锁LBT11C,黑色",1734954999916	,基础建材,智能门锁/电子锁,智能门锁/电子锁,	,6923185655381	,6923185655381	,	,	,无售后或售后取消,,2025-11-16 11:59:46,	,,,,,,,否,否,	,否,	,,662.0	,0.0	,70.0	,24.0	,0.0	,0.0	,0.0	,0.0	,568.0	,592.0	,JDV024096097411,京东配送,黑龙江省,双鸭山市,集贤县,,,否,否,	,	,	,否,	,	,	,	,	,	,	,	,	,	,	,	,否,否,	,否,否,,	,否,	,否,,,否
云米顶侧双吸烟灶套装22m³大吸力抽油烟机聚能猛火灶节能燃气家用,251116-590264451393609,已取消,1	,正常,	,	,,	,	,382839923175	,【两件套】顶侧双吸烟机+5.2KW灶（天）,1743705224006	,大家电,厨房大电,烟灶消套装,	,S2309261029001,蓝调套装,	,	,无售后或售后取消,,	,	,,,,,,,否,否,	,否,	,,1218.0	,0.0	,0.0	,0.0	,0.0	,0.0	,0.0	,0.0	,1218.0	,1218.0	,	,	,****,****,****,****,,否,否,	,	,	,否,	,	,	,	,	,	,	,	,	,	,	,	,否,否,	,否,	,,	,否,	,否,,,否
【重磅新品】云米净水器600G小海豚升级版厨下式RO反渗透直饮家用,251116-011114944053829,已取消,1	,正常,	,	,,	,	,225501370546	,小海豚600G,1813468330532	,厨房电器,净水器/净水设备及配件耗材,净水器,	,6923185653684	,6923185616399	,	,	,无售后或售后取消,,	,	,,,,,,,否,否,	,否,	,,559.0	,0.0	,0.0	,0.0	,0.0	,0.0	,0.0	,0.0	,559.0	,559.0	,	,	,****,****,****,****,,否,否,	,	,	,否,	,	,	,	,	,	,	,	,	,	,	,	,否,否,	,否,	,,	,否,	,否,,,否
【重磅新品】云米净水器600G小海豚升级版厨下式RO反渗透直饮家用,251116-509335324213829,已取消,1	,正常,	,	,,	,	,225501370546	,小海豚600G,1813468330532	,厨房电器,净水器/净水设备及配件耗材,净水器,	,6923185653684	,6923185616399	,	,	,无售后或售后取消,,	,	,,,,,,,否,否,	,否,	,,559.0	,0.0	,0.0	,33.54	,0.0	,0.0	,0.0	,0.0	,525.46	,559.0	,	,	,****,****,****,****,,否,否,	,	,	,否,	,	,	,	,	,	,	,	,	,	,	,	,否,否,	,否,	,,	,否,	,否,,,否
【重磅新品】云米净水器600G小海豚升级版厨下式RO反渗透直饮家用,251116-140823826803526,已发货，待收货,1	,正常,2025-11-16 11:33:22,2025-11-17 11:33:22,2025-11-18 23:59:59,2025-11-16 16:15:38,	,225501370546	,小海豚600G,1813468330532	,厨房电器,净水器/净水设备及配件耗材,净水器,	,6923185653684	,6923185616399	,	,	,无售后或售后取消,,2025-11-16 11:33:22,	,,,,,,,否,否,	,否,	,,559.0	,0.0	,0.0	,0.0	,0.2	,0.0	,0.0	,0.0	,559.0	,559.0	,JDV024094722382,京东大件物流,江苏省,镇江市,京口区,,,否,否,	,	,	,否,	,	,	,	,	,	,	,	,	,	,	,	,否,否,	,否,否,,	,否,	,否,,,否
【重磅新品】云米净水器600G小海豚升级版厨下式RO反渗透直饮家用,251116-156332213912821,已收货,1	,正常,2025-11-16 11:27:57,2025-11-17 11:27:57,,2025-11-16 16:15:37,2025-11-19 17:51:30,225501370546	,小海豚600G,1813468330532	,厨房电器,净水器/净水设备及配件耗材,净水器,	,6923185653684	,6923185616399	,18678161222安装 [viomi英英sk 11/18 16:14],	,无售后或售后取消,,2025-11-16 11:27:57,	,,,,,,,否,否,	,否,	,,559.0	,0.0	,0.0	,33.54	,5.0	,0.0	,0.0	,0.0	,525.46	,559.0	,JDV024095121461,京东大件物流,山东省,淄博市,张店区,,,否,否,	,	,	,否,	,	,	,	,	,	,	,	,	,	,	,	,否,否,	,否,否,,	,否,	,否,,,否
【重磅新品】云米净水器600G小海豚升级版厨下式RO反渗透直饮家用,251116-559740434832251,已取消,1	,正常,	,	,,	,	,225501370546	,小海豚600G,1813468330532	,厨房电器,净水器/净水设备及配件耗材,净水器,	,6923185653684	,6923185616399	,	,	,无售后或售后取消,,	,	,,,,,,,否,否,	,否,	,,559.0	,0.0	,0.0	,3.0	,0.0	,0.0	,0.0	,0.0	,556.0	,559.0	,	,	,****,****,****,****,,否,否,	,	,	,否,	,	,	,	,	,	,	,	,	,	,	,	,否,否,	,否,	,,	,否,	,否,,,否
【母婴直饮】云米净水器 SE 600G+ 新升级厨下式RO反渗透直饮家用,251116-455868434013616,已取消,1	,正常,	,	,,	,	,819506595979	,【24年新品】600G升级版6年长效,1787046011387	,厨房电器,净水器/净水设备及配件耗材,净水器,	,6923185653684	,6923185616399	,	,	,无售后或售后取消,,	,	,,,,,,,否,否,	,否,	,,748.0	,0.0	,142.12	,37.4	,0.0	,0.0	,0.0	,0.0	,568.48	,605.88	,	,	,****,****,****,****,,否,否,	,	,	,否,	,	,	,	,	,	,	,	,	,	,	,	,否,否,	,否,	,,	,否,	,否,,,否
【重磅新品】云米净水器600G小海豚升级版厨下式RO反渗透直饮家用,251116-482544269733574,已发货，待收货,1	,正常,2025-11-16 11:24:27,2025-11-17 11:24:27,,2025-11-16 16:15:37,	,225501370546	,小海豚600G,1813468330532	,厨房电器,净水器/净水设备及配件耗材,净水器,	,6923185653684	,6923185616399	,	,	,无售后或售后取消,,2025-11-16 11:24:27,	,,,,,,,否,否,	,否,	,,559.0	,0.0	,0.0	,100.0	,0.2	,0.0	,0.0	,0.0	,459.0	,559.0	,JDV024095145114,京东大件物流,黑龙江省,大庆市,让胡路区,,,否,否,	,	,	,否,	,	,	,	,	,	,	,	,	,	,	,	,否,否,	,否,否,,	,否,	,否,,,否
VIOMI云米净水器大通量小海豚800G反渗透RO厨下式家用长效滤芯,251116-318872000122635,已发货，待收货,1	,正常,2025-11-16 11:23:01,2025-11-17 11:23:01,,2025-11-16 16:23:10,	,837957770723	,800G大通量纯水机,1809123722986	,厨房电器,净水器/净水设备及配件耗材,净水器配件耗材,	,6923185653974	,	,	,	,无售后或售后取消,,2025-11-16 11:23:01,	,,,,,,,否,否,	,否,	,,882.0	,0.0	,177.0	,50.0	,0.0	,0.0	,0.0	,0.0	,655.0	,705.0	,JDV024095122172,京东配送,安徽省,亳州市,谯城区,,,否,否,	,	,	,否,	,	,	,	,	,	,	,	,	,	,	,	,否,否,	,否,否,,	,否,	,否,,,否
【母婴直饮】云米净水器 SE 600G+ 新升级厨下式RO反渗透直饮家用,251116-326495147613616,已取消,1	,正常,	,	,,	,	,819506595979	,【24年新品】600G升级版6年长效,1787046011387	,厨房电器,净水器/净水设备及配件耗材,净水器,	,6923185653684	,6923185616399	,	,	,无售后或售后取消,,	,	,,,,,,,否,否,	,否,	,,748.0	,0.0	,142.12	,37.4	,0.0	,0.0	,0.0	,0.0	,568.48	,605.88	,	,	,****,****,****,****,,否,否,	,	,	,否,	,	,	,	,	,	,	,	,	,	,	,	,否,否,	,否,	,,	,否,	,否,,,否
【重磅新品】云米净水器600G小海豚升级版厨下式RO反渗透直饮家用,251116-455795043962635,未发货，退款成功,1	,正常,2025-11-16 11:18:36,2025-11-17 11:18:36,,	,	,225501370546	,小海豚600G,1813468330532	,厨房电器,净水器/净水设备及配件耗材,净水器,	,6923185653684	,6923185616399	,聚水潭已取消发货 已退款   叶11.16,	,退款成功,,2025-11-16 11:18:36,	,,,,,,,否,否,	,否,	,,559.0	,0.0	,0.0	,0.0	,0.0	,0.0	,0.0	,0.0	,559.0	,559.0	,	,	,安徽省,亳州市,谯城区,,,否,否,	,	,	,否,	,	,	,	,	,	,	,	,	,	,	,	,否,否,	,否,否,,	,否,	,否,,,否
【重磅新品】云米净水器600G小海豚升级版厨下式RO反渗透直饮家用,251116-587831785762532,已发货，待收货,1	,正常,2025-11-16 11:08:35,2025-11-17 11:08:35,,2025-11-16 14:08:08,	,225501370546	,小海豚600G,1813468330532	,厨房电器,净水器/净水设备及配件耗材,净水器,	,6923185653684	,6923185616399	,	,	,无售后或售后取消,,2025-11-16 11:08:35,	,,,,,,,否,否,	,否,	,,559.0	,0.0	,0.0	,0.0	,0.0	,0.0	,0.0	,0.0	,559.0	,559.0	,JDV024094678300,京东大件物流,安徽省,宿州市,埇桥区,,,否,否,	,	,	,否,	,	,	,	,	,	,	,	,	,	,	,	,否,否,	,否,否,,	,否,	,否,,,否
云米净水器滤芯小蓝调小海豚600G+专用复合滤芯RO反渗透滤芯过滤,251116-142228928870008,已发货，待收货,1	,正常,2025-11-16 10:51:13,2025-11-17 10:51:13,,2025-11-16 14:08:09,	,296967601341	,5in1复合滤芯 2年长效,1600193054565	,厨房电器,净水器/净水设备及配件耗材,净水器配件耗材,	,6923185627425	,	,补差后返 到手价99,	,无售后或售后取消,,2025-11-16 10:51:13,	,,,,,,,否,否,	,否,	,,299.0	,0.0	,0.0	,0.0	,0.0	,0.0	,0.0	,0.0	,299.0	,299.0	,JDV024093213426,京东大件物流,黑龙江省,黑河市,爱辉区,,,否,否,	,	,	,否,	,	,	,	,	,	,	,	,	,	,	,	,否,否,	,否,否,,	,否,	,否,,,否
云米小厨宝6L电热水器厨房卫生间出水恒温储水式小型速热神器加热,251116-322154012222502,已发货，待收货,1	,正常,2025-11-16 10:50:12,2025-11-17 10:50:12,,2025-11-17 08:52:48,	,208073193570	,热水即刻有-【6L】,1801828025682	,大家电,热水器,厨宝,	,6923185611233	,6923185611233	,	,送到目的地，包装要好,无售后或售后取消,,2025-11-16 10:50:12,	,,,,,,,否,否,	,否,	,,279.0	,0.0	,28.0	,15.0	,0.0	,0.0	,0.0	,0.0	,236.0	,251.0	,JDV024104421613,京东配送,江苏省,苏州市,常熟市,,,否,否,	,	,	,否,	,	,	,	,	,	,	,	,	,	,	,	,否,否,	,否,否,,	,否,	,否,,,否
【重磅新品】云米净水器600G小海豚升级版厨下式RO反渗透直饮家用,251116-552285038950008,已发货，待收货,1	,正常,2025-11-16 10:46:52,2025-11-17 10:46:52,,2025-11-16 16:15:38,	,225501370546	,小海豚600G,1813468330532	,厨房电器,净水器/净水设备及配件耗材,净水器,	,6923185653684	,6923185616399	,	,	,无售后或售后取消,,2025-11-16 10:46:52,	,,,,,,,否,否,	,否,	,,559.0	,0.0	,0.0	,3.0	,0.0	,0.0	,0.0	,0.0	,556.0	,559.0	,JDV024095144994,京东大件物流,黑龙江省,黑河市,爱辉区,,,否,否,	,	,	,否,	,	,	,	,	,	,	,	,	,	,	,	,否,否,	,否,否,,	,否,	,否,,,否
【重磅新品】云米净水器600G小海豚升级版厨下式RO反渗透直饮家用,251116-526385170070835,已发货，待收货,1	,正常,2025-11-16 10:45:56,2025-11-17 10:45:56,,2025-11-16 16:15:37,	,225501370546	,小海豚600G,1813468330532	,厨房电器,净水器/净水设备及配件耗材,净水器,	,6923185653684	,6923185616399	,	,	,无售后或售后取消,,2025-11-16 10:45:56,	,,,,,,,否,否,	,否,	,,559.0	,0.0	,0.0	,0.0	,0.0	,0.0	,0.0	,0.0	,559.0	,559.0	,JDV024095139937,京东大件物流,河南省,平顶山市,汝州市,,,否,否,	,	,	,否,	,	,	,	,	,	,	,	,	,	,	,	,否,否,	,否,否,,	,否,	,否,,,否
【重磅新品】云米净水器600G小海豚升级版厨下式RO反渗透直饮家用,251116-537458132502887,已发货，待收货,1	,正常,2025-11-16 10:47:21,2025-11-17 10:47:22,,2025-11-16 16:15:38,	,225501370546	,小海豚600G,1813468330532	,厨房电器,净水器/净水设备及配件耗材,净水器,	,6923185653684	,6923185616399	,	,	,无售后或售后取消,,2025-11-16 10:47:22,	,,,,,,,否,否,	,否,	,,559.0	,0.0	,0.0	,0.0	,0.0	,0.0	,0.0	,0.0	,559.0	,559.0	,JDV024095132773,京东大件物流,河南省,洛阳市,偃师区,,,否,否,	,	,	,否,	,	,	,	,	,	,	,	,	,	,	,	,否,否,	,否,否,,	,否,	,否,,,否
云米100L消毒柜家用超薄嵌入式大容量厨房独立消毒烘干ZTD100A-1,251116-361559560491707,未发货，退款成功,1	,正常,2025-11-16 10:36:55,2025-11-18 10:36:55,,	,	,220820325711	,嵌入式100L消毒柜,1644782695193	,大家电,厨房大电,消毒柜,	,6923185604303	,6923185604303	,聚水潭已取消发货 已退款   叶11.16,	,退款成功,,2025-11-16 10:36:55,	,,,,,,,否,否,	,否,	,,840.0	,0.0	,0.0	,0.0	,0.0	,0.0	,0.0	,0.0	,840.0	,840.0	,	,	,广东省,深圳市,龙华区,,,否,否,	,	,	,否,	,	,	,	,	,	,	,	,	,	,	,	,否,否,	,否,否,,	,否,	,否,,,否
【母婴直饮】云米净水器 SE 600G+ 新升级厨下式RO反渗透直饮家用,251116-080237043242177,已取消,1	,正常,	,	,,	,	,819506595979	,【24年新品】600G升级版6年长效,1787046011387	,厨房电器,净水器/净水设备及配件耗材,净水器,	,6923185653684	,6923185616399	,	,	,无售后或售后取消,,	,	,,,,,,,否,否,	,否,	,,748.0	,0.0	,139.6	,50.0	,0.0	,0.0	,0.0	,0.0	,558.4	,608.4	,	,	,****,****,****,****,,否,否,	,	,	,否,	,	,	,	,	,	,	,	,	,	,	,	,否,否,	,否,	,,	,否,	,否,,,否
云米净饮机X2系列滤芯X2mini mango复合滤芯5in1/6in1 RO反渗透,251116-142491042230822,已收货,1	,正常,2025-11-16 10:30:45,2025-11-18 10:30:45,2025-11-17 23:59:59,2025-11-16 15:47:16,2025-11-19 07:54:46,243153009643	,X2/X2 Pro RO反渗透滤芯,1360931817931	,厨房电器,净水器/净水设备及配件耗材,净水器配件耗材,	,6923185616177	,6923185614258	,	,	,无售后或售后取消,,2025-11-16 10:30:45,	,,,,,,,否,否,	,否,	,,189.0	,0.0	,0.0	,9.0	,0.12	,0.0	,0.0	,0.0	,180.0	,189.0	,JDV024095125125,京东配送,浙江省,嘉兴市,南湖区,,,否,否,	,	,	,否,	,	,	,	,	,	,	,	,	,	,	,	,否,否,	,否,否,,	,否,	,否,,,否
云米净饮机X2系列滤芯X2mini mango复合滤芯5in1/6in1 RO反渗透,251116-037717328310822,未发货，退款成功,1	,正常,2025-11-16 10:28:51,2025-11-18 10:28:51,2025-11-17 23:59:59,	,	,243153009643	,X2/X2 Pro RO反渗透滤芯,1360931817931	,厨房电器,净水器/净水设备及配件耗材,净水器配件耗材,	,6923185616177	,6923185614258	,聚水潭已取消发货 已退款   叶11.16,	,退款成功,,2025-11-16 10:28:51,	,,,,,,,否,否,	,否,	,,189.0	,0.0	,0.0	,0.0	,0.13	,0.0	,0.0	,0.0	,189.0	,189.0	,	,	,浙江省,嘉兴市,南湖区,,,否,否,	,	,	,否,	,	,	,	,	,	,	,	,	,	,	,	,否,否,	,否,否,,	,否,	,否,,,否
【重磅新品】云米净水器600G小海豚升级版厨下式RO反渗透直饮家用,251116-675262021980082,已发货，待收货,1	,正常,2025-11-16 10:20:27,2025-11-17 10:20:27,,2025-11-16 14:08:08,	,225501370546	,小海豚600G,1813468330532	,厨房电器,净水器/净水设备及配件耗材,净水器,	,6923185653684	,6923185616399	,	,	,无售后或售后取消,,2025-11-16 10:20:27,	,,,,,,,否,否,	,否,	,,559.0	,0.0	,0.0	,83.0	,0.0	,0.0	,0.0	,0.0	,476.0	,559.0	,JDV024094741552,京东大件物流,江西省,赣州市,大余县,,,否,否,	,	,	,否,	,	,	,	,	,	,	,	,	,	,	,	,否,否,	,否,否,,	,否,	,否,,,否
VIOMI云米净水器大通量小海豚800G反渗透RO厨下式家用长效滤芯,251116-361842644571650,已发货，待收货,2	,正常,2025-11-16 10:20:21,2025-11-17 10:20:21,,2025-11-16 16:15:38,	,850333437206	,竹炭复合商品滤芯,1810726753549	,厨房电器,净水器/净水设备及配件耗材,净水器,	,6923185654193	,	,补差后返 到手价198,	,无售后或售后取消,,2025-11-16 10:20:21,	,,,,,,,否,否,	,否,中国新疆中转,,598.0	,0.0	,29.9	,0.0	,0.0	,0.0	,0.0	,0.0	,568.1	,568.1	,JDV024095162115,京东配送,陕西省,咸阳市,渭城区,,,否,否,	,	,	,否,	,	,	,	,	,	,	,	,	,	,	,	,否,否,	,否,否,,	,否,	,否,,,否
【母婴直饮】云米净水器 SE 600G+ 新升级厨下式RO反渗透直饮家用,251116-590641917592110,已发货，待收货,1	,正常,2025-11-16 10:15:31,2025-11-17 10:15:31,,2025-11-16 15:49:18,	,819506595979	,【24年新品】600G升级版6年长效,1787046011387	,厨房电器,净水器/净水设备及配件耗材,净水器,	,6923185653684	,6923185616399	,	,	,无售后或售后取消,,2025-11-16 10:15:31,	,,,,,,,否,否,	,否,	,,748.0	,0.0	,134.64	,74.8	,0.0	,0.0	,0.0	,0.0	,538.56	,613.36	,JDV024095121238,京东配送,河北省,邢台市,信都区,,,否,否,	,	,	,否,	,	,	,	,	,	,	,	,	,	,	,	,否,否,	,否,是,3	,商家,否,	,否,,信用卡分期,否
【母婴直饮】云米净水器 SE 600G+ 新升级厨下式RO反渗透直饮家用,251116-328225277501407,已发货，待收货,1	,正常,2025-11-16 10:15:09,2025-11-17 10:15:09,,2025-11-16 14:08:08,	,819506595979	,【24年新品】600G升级版6年长效,1787046011387	,厨房电器,净水器/净水设备及配件耗材,净水器,	,6923185653684	,6923185616399	,	,	,无售后或售后取消,,2025-11-16 10:15:09,	,,,,,,,否,否,	,否,	,,748.0	,0.0	,129.6	,100.0	,0.0	,0.0	,0.0	,0.0	,518.4	,618.4	,JDV024094716999,京东大件物流,上海市,上海市,嘉定区,,,否,否,	,	,	,否,	,	,	,	,	,	,	,	,	,	,	,	,否,否,	,否,否,,	,否,	,否,,,否
VIOMI云米净水器大通量小海豚800G反渗透RO厨下式家用长效滤芯,251116-029318202971650,已发货，待收货,1	,正常,2025-11-16 10:13:59,2025-11-17 10:13:59,,2025-11-16 16:15:38,	,837957770723	,800G大通量纯水机,1809123722986	,厨房电器,净水器/净水设备及配件耗材,净水器配件耗材,	,6923185653974	,	,	,	,无售后或售后取消,,2025-11-16 10:13:59,	,,,,,,,否,否,	,否,中国新疆中转,,882.0	,0.0	,177.0	,91.65	,0.0	,0.0	,0.0	,0.0	,613.35	,705.0	,JDV024095121965,京东大件物流,陕西省,咸阳市,渭城区,,,否,否,	,	,	,否,	,	,	,	,	,	,	,	,	,	,	,	,否,否,	,否,否,,	,否,	,否,,,否
【母婴直饮】云米净水器 SE 600G+ 新升级厨下式RO反渗透直饮家用,251116-408273569413180,已发货，退款成功,1	,正常,2025-11-16 10:10:16,2025-11-17 10:10:17,,2025-11-16 14:08:08,	,819506595979	,【24年新品】600G升级版6年长效,1787046011387	,厨房电器,净水器/净水设备及配件耗材,净水器,	,6923185653684	,6923185616399	,拦截ZX2511160066999  拦截成功  操作退款 11.18,	,退款成功,,2025-11-16 10:10:17,	,,,,,,,否,否,	,否,	,,748.0	,0.0	,139.6	,50.0	,0.0	,0.0	,0.0	,0.0	,558.4	,608.4	,JDV024094683457,京东大件物流,湖北省,武汉市,洪山区,,,否,否,	,	,	,否,	,	,	,	,	,	,	,	,	,	,	,	,否,否,	,否,否,,	,否,	,否,,,否
【重磅新品】云米净水器600G小海豚升级版厨下式RO反渗透直饮家用,251116-045770412331405,已取消,1	,正常,	,	,,	,	,225501370546	,小海豚600G,1813468330532	,厨房电器,净水器/净水设备及配件耗材,净水器,	,6923185653684	,6923185616399	,	,	,无售后或售后取消,,	,	,,,,,,,否,否,	,否,	,,559.0	,0.0	,0.0	,0.0	,0.0	,0.0	,0.0	,0.0	,559.0	,559.0	,	,	,****,****,****,****,,否,否,	,	,	,否,	,	,	,	,	,	,	,	,	,	,	,	,否,否,	,否,	,,	,否,	,否,,,否
【母婴直饮】云米净水器 SE 600G+ 新升级厨下式RO反渗透直饮家用,251116-434173428063705,已取消,1	,正常,	,	,,	,	,819506595979	,【24年新品】600G升级版6年长效,1787046011387	,厨房电器,净水器/净水设备及配件耗材,净水器,	,6923185653684	,6923185616399	,	,	,无售后或售后取消,,	,	,,,,,,,否,否,	,否,	,,748.0	,0.0	,129.6	,100.0	,0.0	,0.0	,0.0	,0.0	,518.4	,618.4	,	,	,****,****,****,****,,否,否,	,	,	,否,	,	,	,	,	,	,	,	,	,	,	,	,否,否,	,否,	,,	,否,	,否,,,否
【6年套装】云米净水器600G小海豚升级版厨下式RO反渗透直饮家用,251116-632647882301151,已发货，退款成功,1	,正常,2025-11-16 09:40:09,2025-11-17 09:40:10,,2025-11-16 16:15:38,	,852932116812	,小海豚600G+6年滤芯套装,1812983769340	,厨房电器,净水器/净水设备及配件耗材,净水器,	,S2508151538001,	,tds [viomi诺诺sk 11/16 09:56]  ZX2511180066479 拦截成功 操作退款  11.19,	,退款成功,,2025-11-16 09:40:10,	,,,,,,,否,否,	,否,	,,772.0	,0.0	,0.0	,75.0	,0.0	,0.0	,0.0	,0.0	,697.0	,772.0	,JDV024095111509,京东大件物流,山东省,滨州市,滨城区,,,否,否,	,	,	,否,	,	,	,	,	,	,	,	,	,	,	,	,否,否,	,否,否,,	,否,	,否,,,否
【重磅新品】云米净水器600G小海豚升级版厨下式RO反渗透直饮家用,251116-370147377461456,已取消,1	,正常,	,	,,	,	,225501370546	,小海豚600G,1813468330532	,厨房电器,净水器/净水设备及配件耗材,净水器,	,6923185653684	,6923185616399	,	,	,无售后或售后取消,,	,	,,,,,,,否,否,	,否,	,,559.0	,0.0	,0.0	,0.0	,0.0	,0.0	,0.0	,0.0	,559.0	,559.0	,	,	,****,****,****,****,,否,否,	,	,	,否,	,	,	,	,	,	,	,	,	,	,	,	,否,否,	,否,	,,	,否,	,否,,,否
云米净水器滤芯家用小海豚小蓝调小白龙系列专用RO反渗透,251116-297323774240303,已发货，待收货,1	,正常,2025-11-16 09:24:48,2025-11-18 09:24:48,,2025-11-16 14:08:09,	,232467205433	,5in1 复合滤芯,1647394585330	,厨房电器,净水器/净水设备及配件耗材,净水器配件耗材,	,6923185627425	,	,补差后返到手价109,	,无售后或售后取消,,2025-11-16 09:24:48,	,,,,,,,否,否,	,否,	,,149.0	,0.0	,0.0	,0.0	,0.16	,0.0	,0.0	,0.0	,149.0	,149.0	,JDV024092005725,京东大件物流,内蒙古自治区,呼和浩特市,土默特左旗,,,否,否,	,	,	,否,	,	,	,	,	,	,	,	,	,	,	,	,否,否,	,否,否,,	,否,	,否,,,否
【重磅新品】云米净水器600G小海豚升级版厨下式RO反渗透直饮家用,251116-510803372341366,已取消,1	,正常,	,	,,	,	,225501370546	,小海豚600G,1813468330532	,厨房电器,净水器/净水设备及配件耗材,净水器,	,6923185653684	,6923185616399	,	,	,无售后或售后取消,,	,	,,,,,,,否,否,	,否,	,,559.0	,0.0	,0.0	,0.0	,0.0	,0.0	,0.0	,0.0	,559.0	,559.0	,	,	,****,****,****,****,,否,否,	,	,	,否,	,	,	,	,	,	,	,	,	,	,	,	,否,否,	,否,	,,	,否,	,否,,,否
【重磅新品】云米净水器600G小海豚升级版厨下式RO反渗透直饮家用,251116-309728407132135,已收货,1	,正常,2025-11-16 09:12:12,2025-11-17 09:12:13,,2025-11-16 16:15:38,2025-11-17 21:51:46,225501370546	,小海豚600G,1813468330532	,厨房电器,净水器/净水设备及配件耗材,净水器,	,6923185653684	,6923185616399	,	,	,无售后或售后取消,,2025-11-16 09:12:13,	,,,,,,,否,否,	,否,	,,559.0	,0.0	,0.0	,83.0	,0.2	,0.0	,0.0	,0.0	,476.0	,559.0	,JDV024095151431,京东大件物流,广东省,佛山市,顺德区,,,否,否,	,	,	,否,	,	,	,	,	,	,	,	,	,	,	,	,否,否,	,否,否,,	,否,	,否,,,否
VIOMI云米净水器大通量小海豚800G反渗透RO厨下式家用长效滤芯,251116-131155914330855,未发货，退款成功,1	,正常,2025-11-16 09:08:40,2025-11-17 09:08:40,,	,	,850333437206	,竹炭复合商品滤芯,1810726753549	,厨房电器,净水器/净水设备及配件耗材,净水器,	,6923185654193	,	,聚水潭已取消发货，仅退款  诚11.16,	,退款成功,,2025-11-16 09:08:40,	,,,,,,,否,否,	,否,	,,299.0	,0.0	,0.0	,0.0	,0.0	,0.0	,0.0	,0.0	,299.0	,299.0	,	,	,江西省,赣州市,南康区,,,否,否,	,	,	,否,	,	,	,	,	,	,	,	,	,	,	,	,否,否,	,否,否,,	,否,	,否,,,否
云米净水器滤芯小蓝调小海豚600G+专用复合滤芯RO反渗透滤芯过滤,251116-424128028241731,已发货，待收货,1	,正常,2025-11-16 09:03:37,2025-11-17 09:03:38,,2025-11-16 15:32:05,	,296967601341	,5in1复合滤芯 2年长效,1600193054565	,厨房电器,净水器/净水设备及配件耗材,净水器配件耗材,	,6923185627425	,	,补差后返 到手价99,	,无售后或售后取消,,2025-11-16 09:03:38,	,,,,,,,否,否,	,否,	,,299.0	,0.0	,0.0	,0.0	,0.0	,0.0	,0.0	,0.0	,299.0	,299.0	,JDV024094673413,京东配送,湖北省,黄石市,阳新县,,,否,否,	,	,	,否,	,	,	,	,	,	,	,	,	,	,	,	,否,否,	,否,否,,	,否,	,否,,,否
VIOMI云米净水器大通量小海豚800G反渗透RO厨下式家用长效滤芯,251116-611173015130855,已发货，待收货,1	,正常,2025-11-16 09:03:31,2025-11-17 09:03:32,,2025-11-16 16:13:20,	,837957770723	,800G大通量纯水机,1809123722986	,厨房电器,净水器/净水设备及配件耗材,净水器配件耗材,	,6923185653974	,	,19970756949安装 [viomi英英sk 11/17 15:57],	,无售后或售后取消,,2025-11-16 09:03:32,	,,,,,,,否,否,	,否,	,,882.0	,0.0	,177.0	,100.0	,0.0	,0.0	,0.0	,0.0	,605.0	,705.0	,JDV024095135816,京东配送,江西省,赣州市,南康区,,,否,否,	,	,	,否,	,	,	,	,	,	,	,	,	,	,	,	,否,否,	,否,否,,	,否,	,否,,,否
【重磅新品】云米净水器600G小海豚升级版厨下式RO反渗透直饮家用,251116-429968627281731,已发货，退款成功,1	,正常,2025-11-16 09:02:20,2025-11-17 09:02:20,,2025-11-16 14:08:09,	,225501370546	,小海豚600G,1813468330532	,厨房电器,净水器/净水设备及配件耗材,净水器,	,6923185653684	,6923185616399	,18400952837拦截 [viomi莉莉sk 11/17 10:01]ZX2511170066041 11.17,	,退款成功,,2025-11-16 09:02:20,	,,,,,,,否,否,	,否,	,,559.0	,0.0	,0.0	,0.0	,0.0	,0.0	,0.0	,0.0	,559.0	,559.0	,JDV024094686013,京东大件物流,湖北省,黄石市,阳新县,,,否,否,	,	,	,否,	,	,	,	,	,	,	,	,	,	,	,	,否,否,	,否,否,,	,否,	,否,,,否
云米净水器滤芯家用小海豚小蓝调小白龙系列专用RO反渗透,251116-656670769442089,已发货，待收货,1	,正常,2025-11-16 08:53:30,2025-11-18 08:53:30,,2025-11-16 15:55:06,	,232467205433	,5in1 复合滤芯,1647394585330	,厨房电器,净水器/净水设备及配件耗材,净水器配件耗材,	,6923185627425	,	,补差后返 到手价109,	,无售后或售后取消,,2025-11-16 08:53:30,	,,,,,,,否,否,	,否,	,,149.0	,0.0	,0.0	,0.0	,0.0	,0.0	,0.0	,0.0	,149.0	,149.0	,JDV024094682746,京东配送,安徽省,阜阳市,阜南县,,,否,否,	,	,	,否,	,	,	,	,	,	,	,	,	,	,	,	,否,否,	,否,否,,	,否,	,否,,,否
云米顶侧大吸力蓝调油烟机家用厨房节能自清洁一级能效可挥手智控,251116-191281283431303,已取消,1	,正常,	,	,,	,	,657344402006	,云米智清洁挥手智控单烟机,1723825075586	,大家电,厨房大电,油烟机,	,6923185650973	,6923185650973	,	,	,无售后或售后取消,,	,	,,,,,,,否,否,	,否,	,,839.0	,0.0	,0.0	,41.95	,0.0	,0.0	,0.0	,0.0	,797.05	,839.0	,	,	,****,****,****,****,,否,否,	,	,	,否,	,	,	,	,	,	,	,	,	,	,	,	,否,否,	,否,	,,	,否,	,否,,,否
云米双腔大吸力手势控制智清洁油烟机聚能猛火灶安全烟灶联动套装,251116-513676428810557,已取消,1	,正常,	,	,,	,	,818698470695	,"【烟灶套装】双腔劲吸烟机+5.0KW灶,液化气灶",1786567894378	,大家电,厨房大电,烟灶消套装,	,S2509151408001,	,	,	,无售后或售后取消,,	,	,,,,,,,否,否,	,否,	,,1199.0	,0.0	,0.0	,15.0	,0.0	,0.0	,0.0	,0.0	,1184.0	,1199.0	,	,	,****,****,****,****,,否,否,	,	,	,否,	,	,	,	,	,	,	,	,	,	,	,	,否,否,	,否,	,,	,否,	,否,,,否
【重磅新品】云米净水器600G小海豚升级版厨下式RO反渗透直饮家用,251116-677401137522246,已发货，待收货,1	,正常,2025-11-16 08:36:30,2025-11-17 08:36:30,,2025-11-16 14:08:09,	,225501370546	,小海豚600G,1813468330532	,厨房电器,净水器/净水设备及配件耗材,净水器,	,6923185653684	,6923185616399	,	,	,无售后或售后取消,,2025-11-16 08:36:30,	,,,,,,,否,否,	,否,	,,559.0	,0.0	,0.0	,100.0	,0.0	,0.0	,0.0	,0.0	,459.0	,559.0	,JDV024094697774,京东大件物流,江西省,赣州市,章贡区,,,否,否,	,	,	,否,	,	,	,	,	,	,	,	,	,	,	,	,否,否,	,否,否,,	,否,	,否,,,否
【重磅新品】云米净水器600G小海豚升级版厨下式RO反渗透直饮家用,251116-580292524362608,已发货，待收货,1	,正常,2025-11-16 08:31:05,2025-11-17 08:31:05,,2025-11-16 16:15:38,	,225501370546	,小海豚600G,1813468330532	,厨房电器,净水器/净水设备及配件耗材,净水器,	,6923185653684	,6923185616399	,	,	,无售后或售后取消,,2025-11-16 08:31:05,	,,,,,,,否,否,	,否,	,,559.0	,0.0	,0.0	,0.0	,0.0	,0.0	,0.0	,0.0	,559.0	,559.0	,JDV024095170753,京东大件物流,天津市,天津市,武清区,,,否,否,	,	,	,否,	,	,	,	,	,	,	,	,	,	,	,	,否,否,	,否,否,,	,否,	,否,,,否
【重磅新品】云米净水器600G小海豚升级版厨下式RO反渗透直饮家用,251116-429297549670023,已取消,1	,正常,	,	,,	,	,225501370546	,小海豚600G,1813468330532	,厨房电器,净水器/净水设备及配件耗材,净水器,	,6923185653684	,6923185616399	,	,	,无售后或售后取消,,	,	,,,,,,,否,否,	,否,	,,559.0	,0.0	,0.0	,0.0	,0.0	,0.0	,0.0	,0.0	,559.0	,559.0	,	,	,****,****,****,****,,否,否,	,	,	,否,	,	,	,	,	,	,	,	,	,	,	,	,否,否,	,否,	,,	,否,	,否,,,否
VIOMI云米净水器大通量小海豚800G反渗透RO厨下式家用长效滤芯,251116-289658662533063,已收货，退款成功,2	,正常,2025-11-16 08:14:29,2025-11-17 08:14:30,,2025-11-16 11:14:16,2025-11-18 16:10:41,850333437206	,竹炭复合商品滤芯,1810726753549	,厨房电器,净水器/净水设备及配件耗材,净水器,	,6923185654193	,	,补差后返 到手价198==【补差】仅退款370.1 [viomi英英sk 11/18 16:12],	,退款成功,,2025-11-16 08:14:30,	,,,,,,,否,否,	,否,	,,598.0	,0.0	,29.9	,0.0	,0.0	,0.0	,0.0	,0.0	,568.1	,568.1	,JDV024091249715,京东大件物流,山西省,太原市,迎泽区,,,否,否,	,	,	,否,	,	,	,	,	,	,	,	,	,	,	,	,否,否,	,否,否,,	,否,	,否,,,否
【重磅新品】云米净水器600G小海豚升级版厨下式RO反渗透直饮家用,251116-275796467220307,已收货,1	,正常,2025-11-16 08:07:46,2025-11-17 08:07:46,,2025-11-16 16:15:39,2025-11-19 11:27:17,225501370546	,小海豚600G,1813468330532	,厨房电器,净水器/净水设备及配件耗材,净水器,	,6923185653684	,6923185616399	,17839286038安装 [viomi英英sk 11/18 18:24],	,无售后或售后取消,,2025-11-16 08:07:46,	,,,,,,,否,否,	,否,	,,559.0	,0.0	,0.0	,0.0	,1.11	,0.0	,0.0	,0.0	,559.0	,559.0	,JDV024095120561,京东大件物流,河南省,开封市,尉氏县,,,否,否,	,	,	,否,	,	,	,	,	,	,	,	,	,	,	,	,否,否,	,否,否,,	,否,	,否,,,否
云米小厨宝6L电热水器厨房卫生间出水恒温储水式小型速热神器加热,251116-129583060541939,已发货，待收货,1	,正常,2025-11-16 08:01:32,2025-11-17 08:01:32,,2025-11-16 14:08:09,	,208073193570	,热水即刻有-【6L】,1801828025682	,大家电,热水器,厨宝,	,6923185611233	,6923185611233	,	,	,无售后或售后取消,,2025-11-16 08:01:32,	,,,,,,,否,否,	,否,	,,279.0	,0.0	,28.0	,21.0	,0.0	,0.0	,0.0	,0.0	,230.0	,251.0	,JDV024094690593,京东大件物流,山东省,枣庄市,山亭区,,,否,否,	,	,	,否,	,	,	,	,	,	,	,	,	,	,	,	,否,否,	,否,否,,	,否,	,否,,,否
【重磅新品】云米净水器600G小海豚升级版厨下式RO反渗透直饮家用,251116-568768674091706,已发货，待收货,1	,正常,2025-11-16 07:47:30,2025-11-17 07:47:30,,2025-11-16 16:15:39,	,225501370546	,小海豚600G,1813468330532	,厨房电器,净水器/净水设备及配件耗材,净水器,	,6923185653684	,6923185616399	,	,	,无售后或售后取消,,2025-11-16 07:47:30,	,,,,,,,否,否,	,否,	,,559.0	,0.0	,0.0	,0.0	,0.0	,0.0	,0.0	,0.0	,559.0	,559.0	,JDV024095170026,京东大件物流,四川省,宜宾市,长宁县,,,否,否,	,	,	,否,	,	,	,	,	,	,	,	,	,	,	,	,否,否,	,否,否,,	,否,	,否,,,否
云米小厨宝6L电热水器厨房卫生间出水恒温储水式小型速热神器加热,251116-172270589562880,已取消,1	,正常,	,	,,	,	,208073193570	,热水即刻有-【6L】,1801828025682	,大家电,热水器,厨宝,	,6923185611233	,6923185611233	,	,	,无售后或售后取消,,	,	,,,,,,,否,否,	,否,	,,279.0	,0.0	,28.0	,15.0	,0.0	,0.0	,0.0	,0.0	,236.0	,251.0	,	,	,****,****,****,****,,否,否,	,	,	,否,	,	,	,	,	,	,	,	,	,	,	,	,否,否,	,否,	,,	,否,	,否,,,否
【重磅新品】云米净水器600G小海豚升级版厨下式RO反渗透直饮家用,251116-307127948811189,未发货，退款成功,1	,正常,2025-11-16 07:41:47,2025-11-17 07:41:48,,	,	,225501370546	,小海豚600G,1813468330532	,厨房电器,净水器/净水设备及配件耗材,净水器,	,6923185653684	,6923185616399	,聚水潭已取消发货，仅退款  诚11.16,	,退款成功,,2025-11-16 07:41:48,	,,,,,,,否,否,	,否,	,,559.0	,0.0	,0.0	,100.0	,1.36	,0.0	,0.0	,0.0	,459.0	,559.0	,	,	,山东省,滨州市,滨城区,,,否,否,	,	,	,否,	,	,	,	,	,	,	,	,	,	,	,	,否,否,	,否,否,,	,否,	,否,,,否
云米即热净水器厨房家用直饮RO反渗透加热净饮一体机1000G,251116-032380034671074,已发货，待收货,1	,正常,2025-11-16 07:37:51,2025-11-17 07:37:51,,2025-11-16 09:22:14,	,846360072018	,即热直饮 1000G大通量,1807240839093	,厨房电器,净水器/净水设备及配件耗材,净水器,	,6923185651116	,6923185651116	,	,	,无售后或售后取消,,2025-11-16 07:37:51,	,,,,,,,否,否,	,否,	,,1498.0	,0.0	,0.0	,0.0	,0.0	,0.0	,0.0	,0.0	,1498.0	,1498.0	,JDV024091191746,京东大件物流,广东省,江门市,蓬江区,,,否,否,	,	,	,否,	,	,	,	,	,	,	,	,	,	,	,	,否,否,	,否,是,3	,商家,否,	,否,,信用卡分期,否
VIOMI云米净水器大通量小海豚800G反渗透RO厨下式家用长效滤芯,251116-522987773573063,已发货，待收货,1	,正常,2025-11-16 07:34:25,2025-11-17 07:34:25,,2025-11-16 16:15:39,	,837957770723	,800G大通量纯水机,1809123722986	,厨房电器,净水器/净水设备及配件耗材,净水器配件耗材,	,6923185653974	,	,13934563779安装 [viomi英英sk 11/18 16:16],	,无售后或售后取消,,2025-11-16 07:34:25,	,,,,,,,否,否,	,否,	,,882.0	,0.0	,177.0	,100.0	,0.0	,0.0	,0.0	,0.0	,605.0	,705.0	,JDV024095151000,京东配送,山西省,太原市,晋源区,,,否,否,	,	,	,否,	,	,	,	,	,	,	,	,	,	,	,	,否,否,	,否,否,,	,否,	,否,,,否
【重磅新品】云米净水器600G小海豚升级版厨下式RO反渗透直饮家用,251116-289711091211189,已取消,1	,正常,	,	,,	,	,225501370546	,小海豚600G,1813468330532	,厨房电器,净水器/净水设备及配件耗材,净水器,	,6923185653684	,6923185616399	,	,	,无售后或售后取消,,	,	,,,,,,,否,否,	,否,	,,559.0	,0.0	,0.0	,100.0	,0.0	,0.0	,0.0	,0.0	,459.0	,559.0	,	,	,****,****,****,****,,否,否,	,	,	,否,	,	,	,	,	,	,	,	,	,	,	,	,否,否,	,否,	,,	,否,	,否,,,否
【重磅新品】云米净水器600G小海豚升级版厨下式RO反渗透直饮家用,251116-128649817662410,已收货,1	,正常,2025-11-16 07:14:43,2025-11-17 07:14:43,,2025-11-16 09:28:25,2025-11-18 18:27:29,225501370546	,小海豚600G,1813468330532	,厨房电器,净水器/净水设备及配件耗材,净水器,	,6923185653684	,6923185616399	,15093201771安装 [viomi慧慧sk 11/18 09:55],	,无售后或售后取消,,2025-11-16 07:14:43,	,,,,,,,否,否,	,否,	,,559.0	,0.0	,0.0	,14.0	,0.0	,0.0	,0.0	,0.0	,545.0	,559.0	,JDV024091206849,京东大件物流,河南省,郑州市,荥阳市,,,否,否,	,	,	,否,	,	,	,	,	,	,	,	,	,	,	,	,否,否,	,否,否,,	,否,	,否,,,否
云米智能电热水器小蓝调节能变频速热家用浴室洗澡抑菌50L/60L,251116-136608509593501,已收货,1	,正常,2025-11-16 07:06:04,2025-11-17 07:06:04,,2025-11-16 16:12:04,2025-11-18 21:40:16,434684719975	,安全保护8倍增容大水量50L,1733881750461	,大家电,热水器,电热水器,	,6923185649076	,	,	,	,无售后或售后取消,,2025-11-16 07:06:04,	,,,,,,,否,否,	,否,	,,599.0	,0.0	,0.0	,50.0	,0.0	,0.0	,0.0	,0.0	,549.0	,599.0	,JDV024095112371,京东配送,河南省,商丘市,梁园区,,,否,否,	,	,	,否,	,	,	,	,	,	,	,	,	,	,	,	,否,否,	,否,否,,	,否,	,否,,,否
云米60升AI速热高温抑菌电热水器3000W一级节能变频增容家用租房,251116-107175023023915,已取消,1	,正常,	,	,,	,	,226368376224	,3000W速热安全60L热水器,1737176648260	,大家电,热水器,电热水器,	,6923185602224	,6923185602224	,	,	,无售后或售后取消,,	,	,,,,,,,否,否,	,否,	,,610.0	,0.0	,0.0	,91.5	,0.0	,0.0	,0.0	,0.0	,518.5	,610.0	,	,	,****,****,****,****,,否,否,	,	,	,否,	,	,	,	,	,	,	,	,	,	,	,	,否,否,	,否,	,,	,否,	,否,,,否
VIOMI云米净水器大通量小海豚800G反渗透RO厨下式家用长效滤芯,251116-560201808261913,已收货,1	,正常,2025-11-16 06:50:35,2025-11-17 06:50:35,,2025-11-16 09:28:25,2025-11-19 13:10:20,837957770723	,800G大通量纯水机,1809123722986	,厨房电器,净水器/净水设备及配件耗材,净水器配件耗材,	,6923185653974	,	,15600099715安装 [viomi英英sk 11/18 20:02],	,无售后或售后取消,,2025-11-16 06:50:35,	,,,,,,,否,否,	,否,	,,882.0	,0.0	,177.0	,50.0	,0.0	,0.0	,0.0	,0.0	,655.0	,705.0	,JDV024091186903,京东大件物流,河北省,邢台市,沙河市,,,否,否,	,	,	,否,	,	,	,	,	,	,	,	,	,	,	,	,否,否,	,否,否,,	,否,	,否,,,否
云米60升AI速热高温抑菌电热水器3000W一级节能变频增容家用租房,251116-038776379020410,未发货，退款成功,1	,正常,2025-11-16 06:38:09,2025-11-17 06:38:09,,	,	,226368376224	,3000W速热安全60L热水器,1737176648260	,大家电,热水器,电热水器,	,6923185602224	,6923185602224	,聚水潭已取消发货，仅退款  诚11.16,	,退款成功,,2025-11-16 06:38:09,	,,,,,,,否,否,	,否,	,,610.0	,0.0	,0.0	,0.0	,0.0	,0.0	,0.0	,0.0	,610.0	,610.0	,	,	,贵州省,毕节市,纳雍县,,,否,否,	,	,	,否,	,	,	,	,	,	,	,	,	,	,	,	,否,否,	,否,否,,	,否,	,否,,,否
【母婴直饮】云米净水器 SE 600G+ 新升级厨下式RO反渗透直饮家用,251116-541463734611213,已取消,1	,正常,	,	,,	,	,819506595979	,【24年新品】600G升级版6年长效,1787046011387	,厨房电器,净水器/净水设备及配件耗材,净水器,	,6923185653684	,6923185616399	,	,	,无售后或售后取消,,	,	,,,,,,,否,否,	,否,	,,748.0	,0.0	,142.12	,37.4	,0.0	,0.0	,0.0	,0.0	,568.48	,605.88	,	,	,****,****,****,****,,否,否,	,	,	,否,	,	,	,	,	,	,	,	,	,	,	,	,否,否,	,否,	,,	,否,	,否,,,否
【母婴直饮】云米净水器 SE 600G+ 新升级厨下式RO反渗透直饮家用,251116-160557975082322,已发货，待收货,1	,正常,2025-11-16 04:03:00,2025-11-17 04:03:01,,2025-11-16 11:14:16,	,819506595979	,【24年新品】600G升级版6年长效,1787046011387	,厨房电器,净水器/净水设备及配件耗材,净水器,	,6923185653684	,6923185616399	,	,	,无售后或售后取消,,2025-11-16 04:03:01,	,,,,,,,否,否,	,否,	,,748.0	,0.0	,129.6	,100.0	,0.0	,0.0	,0.0	,0.0	,518.4	,618.4	,JDV024091122491,京东大件物流,安徽省,铜陵市,铜官区,,,否,否,	,	,	,否,	,	,	,	,	,	,	,	,	,	,	,	,否,否,	,否,否,,	,否,	,否,,,否
云米智能双胆电热水器扁桶家用速热储水式60L超薄抑菌节能大水量,251116-596188926321100,已收货,1	,正常,2025-11-16 02:50:55,2025-11-17 02:50:55,,2025-11-16 09:28:25,2025-11-19 16:29:41,290130975552	,"纤薄安全节能60L,双胆扁桶",1756848157332	,大家电,热水器,电热水器,	,6923185610410	,6923185610410	,	,	,无售后或售后取消,,2025-11-16 02:50:55,	,,,,,,,否,否,	,否,	,,797.0	,0.0	,0.0	,0.0	,3.98	,0.0	,0.0	,0.0	,797.0	,797.0	,JDV024091238878,京东大件物流,河北省,沧州市,运河区,,,否,否,	,	,	,否,	,	,	,	,	,	,	,	,	,	,	,	,否,否,	,否,否,,	,否,	,否,,,否
云米智能双胆电热水器扁桶家用速热储水式60L超薄抑菌节能大水量,251116-587013876081100,已取消,1	,正常,	,	,,	,	,290130975552	,"纤薄安全节能60L,双胆扁桶",1756848157332	,大家电,热水器,电热水器,	,6923185610410	,6923185610410	,	,	,无售后或售后取消,,	,	,,,,,,,否,否,	,否,	,,797.0	,0.0	,0.0	,0.0	,0.0	,0.0	,0.0	,0.0	,797.0	,797.0	,	,	,****,****,****,****,,否,否,	,	,	,否,	,	,	,	,	,	,	,	,	,	,	,	,否,否,	,否,	,,	,否,	,否,,,否
【母婴直饮】云米净水器 SE 600G+ 新升级厨下式RO反渗透直饮家用,251116-167457646952351,已发货，待收货,1	,正常,2025-11-16 02:42:31,2025-11-17 02:42:31,,2025-11-16 09:28:25,	,819506595979	,【24年新品】600G升级版6年长效,1787046011387	,厨房电器,净水器/净水设备及配件耗材,净水器,	,6923185653684	,6923185616399	,	,	,无售后或售后取消,,2025-11-16 02:42:31,	,,,,,,,否,否,	,否,	,,748.0	,0.0	,135.2	,72.0	,0.0	,0.0	,0.0	,0.0	,540.8	,612.8	,JDV024091235855,京东大件物流,河南省,新乡市,牧野区,,,否,否,	,	,	,否,	,	,	,	,	,	,	,	,	,	,	,	,否,否,	,否,否,,	,否,	,否,,,否
云米智能AI门锁3D指纹密码蓝牙可连大容量续航家用公寓自动安全,251116-511935813192428,已发货，待收货,1	,正常,2025-11-16 02:36:24,2025-11-17 02:36:24,,2025-11-16 09:28:25,	,743885774552	,"云米蓝调指纹密码锁LBT11C,黑色",1734954999916	,基础建材,智能门锁/电子锁,智能门锁/电子锁,	,6923185655381	,6923185655381	,待用户提供七退凭证11.18诚,	,售后处理中,,2025-11-16 02:36:24,	,,,,,,,否,否,	,否,	,,662.0	,0.0	,70.0	,24.0	,0.0	,0.0	,0.0	,0.0	,568.0	,592.0	,JDV024091181720,京东大件物流,海南省,三亚市,吉阳区,,,否,否,	,	,	,否,	,	,	,	,	,	,	,	,	,	,	,	,否,否,	,否,否,,	,否,	,否,,,否
云米全自动智能门锁人脸猫眼密码指纹安全防撬大屏锁已接入米家AP,251116-636286441032428,未发货，退款成功,1	,正常,2025-11-16 02:15:55,2025-11-17 02:15:55,,	,	,804409121514	,LBT16A【人脸猫眼】智能门锁,1778430742491	,基础建材,智能门锁/电子锁,智能门锁/电子锁,	,6923185652724	,	,聚水潭已取消发货，仅退款  诚11.16,	,退款成功,,2025-11-16 02:15:55,	,,,,,,,否,否,	,否,	,,849.0	,0.0	,0.0	,80.0	,0.0	,0.0	,0.0	,0.0	,769.0	,849.0	,	,	,海南省,三亚市,吉阳区,,,否,否,	,	,	,否,	,	,	,	,	,	,	,	,	,	,	,	,否,否,	,否,否,,	,否,	,否,,,否
【母婴直饮】云米净水器 SE 600G+ 新升级厨下式RO反渗透直饮家用,251116-015739206033202,已取消,1	,正常,	,	,,	,	,819506595979	,【24年新品】600G升级版6年长效,1787046011387	,厨房电器,净水器/净水设备及配件耗材,净水器,	,6923185653684	,6923185616399	,	,	,无售后或售后取消,,	,	,,,,,,,否,否,	,否,	,,748.0	,0.0	,135.6	,70.0	,0.0	,0.0	,0.0	,0.0	,542.4	,612.4	,	,	,****,****,****,****,,否,否,	,	,	,否,	,	,	,	,	,	,	,	,	,	,	,	,否,否,	,否,	,,	,否,	,否,,,否
云米小厨宝6L电热水器厨房卫生间出水恒温储水式小型速热神器加热,251116-110488523184075,已发货，待收货,1	,正常,2025-11-16 01:46:47,2025-11-17 01:46:48,,2025-11-16 14:08:10,	,208073193570	,热水即刻有-【6L】,1801828025682	,大家电,热水器,厨宝,	,6923185611233	,6923185611233	,	,	,无售后或售后取消,,2025-11-16 01:46:48,	,,,,,,,否,否,	,否,	,,279.0	,0.0	,28.0	,50.0	,0.0	,0.0	,0.0	,0.0	,201.0	,251.0	,JDV024094735773,京东大件物流,云南省,临沧市,临翔区,,,否,否,	,	,	,否,	,	,	,	,	,	,	,	,	,	,	,	,否,否,	,否,否,,	,否,	,否,,,否
VIOMI云米净水器大通量小海豚800G反渗透RO厨下式家用长效滤芯,251116-461593669140089,已取消,1	,正常,	,	,,	,	,837957770723	,800G大通量纯水机,1809123722986	,厨房电器,净水器/净水设备及配件耗材,净水器配件耗材,	,6923185653974	,	,	,	,无售后或售后取消,,	,	,,,,,,,否,否,	,否,	,,882.0	,0.0	,177.0	,100.0	,0.0	,0.0	,0.0	,0.0	,605.0	,705.0	,	,	,****,****,****,****,,否,否,	,	,	,否,	,	,	,	,	,	,	,	,	,	,	,	,否,否,	,否,	,,	,否,	,否,,,否
【重磅新品】云米净水器600G小海豚升级版厨下式RO反渗透直饮家用,251116-541872669100804,已收货,1	,正常,2025-11-16 00:49:29,2025-11-17 00:49:30,,2025-11-16 14:08:09,2025-11-19 17:24:36,225501370546	,小海豚600G,1813468330532	,厨房电器,净水器/净水设备及配件耗材,净水器,	,6923185653684	,6923185616399	,ZX2511180066612 [viomi慧慧sk 11/18 15:18],	,无售后或售后取消,,2025-11-16 00:49:30,	,,,,,,,否,否,	,否,	,,559.0	,0.0	,0.0	,50.0	,0.0	,0.0	,0.0	,0.0	,509.0	,559.0	,JDV024091181747,京东大件物流,山东省,淄博市,张店区,,,否,否,	,	,	,否,	,	,	,	,	,	,	,	,	,	,	,	,否,否,	,否,否,,	,否,	,否,,,否
【重磅新品】云米净水器600G小海豚升级版厨下式RO反渗透直饮家用,251116-183312116140804,已取消,1	,正常,	,	,,	,	,225501370546	,小海豚600G,1813468330532	,厨房电器,净水器/净水设备及配件耗材,净水器,	,6923185653684	,6923185616399	,	,	,无售后或售后取消,,	,	,,,,,,,否,否,	,否,	,,559.0	,0.0	,0.0	,100.0	,0.0	,0.0	,0.0	,0.0	,459.0	,559.0	,	,	,****,****,****,****,,否,否,	,	,	,否,	,	,	,	,	,	,	,	,	,	,	,	,否,否,	,否,	,,	,否,	,否,,,否
VIOMI云米净水器大通量小海豚800G反渗透RO厨下式家用长效滤芯,251116-170896954961636,已取消,1	,正常,	,	,,	,	,837957770723	,800G大通量纯水机,1809123722986	,厨房电器,净水器/净水设备及配件耗材,净水器配件耗材,	,6923185653974	,	,	,	,无售后或售后取消,,	,	,,,,,,,否,否,	,否,	,,882.0	,0.0	,177.0	,50.0	,0.0	,0.0	,0.0	,0.0	,655.0	,705.0	,	,	,****,****,****,****,,否,否,	,	,	,否,	,	,	,	,	,	,	,	,	,	,	,	,否,否,	,否,	,,	,否,	,否,,,否
云米全自动智能门锁人脸猫眼密码指纹安全防撬大屏锁已接入米家AP,251116-607524043190742,已取消,1	,正常,	,	,,	,	,804409121514	,LBT16A【人脸猫眼】智能门锁,1778430742491	,基础建材,智能门锁/电子锁,智能门锁/电子锁,	,6923185652724	,	,	,	,无售后或售后取消,,	,	,,,,,,,否,否,	,否,	,,849.0	,0.0	,0.0	,100.0	,0.0	,0.0	,0.0	,0.0	,749.0	,849.0	,	,	,****,****,****,****,,否,否,	,	,	,否,	,	,	,	,	,	,	,	,	,	,	,	,否,否,	,否,	,,	,否,	,否,,,否
【重磅新品】云米净水器600G小海豚升级版厨下式RO反渗透直饮家用,251116-106923302430475,已发货，待收货,1	,正常,2025-11-16 00:17:37,2025-11-17 00:17:37,,2025-11-16 09:28:25,	,225501370546	,小海豚600G,1813468330532	,厨房电器,净水器/净水设备及配件耗材,净水器,	,6923185653684	,6923185616399	,	,	,无售后或售后取消,,2025-11-16 00:17:37,	,,,,,,,否,否,	,否,	,,559.0	,0.0	,0.0	,33.54	,0.0	,0.0	,0.0	,0.0	,525.46	,559.0	,JDV024090880616,京东大件物流,山东省,聊城市,高唐县,,,否,否,	,	,	,否,	,	,	,	,	,	,	,	,	,	,	,	,否,否,	,否,否,,	,否,	,否,,,否
【重磅新品】云米净水器600G小海豚升级版厨下式RO反渗透直饮家用,251116-087891710253482,已发货，待收货,1	,正常,2025-11-16 00:12:19,2025-11-17 00:12:19,,2025-11-16 16:15:39,	,225501370546	,小海豚600G,1813468330532	,厨房电器,净水器/净水设备及配件耗材,净水器,	,6923185653684	,6923185616399	,	,	,无售后或售后取消,,2025-11-16 00:12:19,	,,,,,,,否,否,	,否,	,,559.0	,0.0	,0.0	,33.54	,0.0	,0.0	,0.0	,0.0	,525.46	,559.0	,JDV024095110725,京东大件物流,山东省,济南市,天桥区,,,否,否,	,	,	,否,	,	,	,	,	,	,	,	,	,	,	,	,否,否,	,否,否,,	,否,	,否,,,否
【重磅新品】云米净水器600G小海豚升级版厨下式RO反渗透直饮家用,251116-593420654233821,已发货，待收货,2	,正常,2025-11-16 00:06:54,2025-11-17 00:06:54,,2025-11-16 09:22:00,	,225501370546	,小海豚600G,1813468330532	,厨房电器,净水器/净水设备及配件耗材,净水器,	,6923185653684	,6923185616399	,13857698060安装 [viomi慧慧sk 11/18 13:02],	,无售后或售后取消,,2025-11-16 00:06:54,	,,,,,,,否,否,	,否,	,,1118.0	,0.0	,11.18	,66.4	,0.0	,0.0	,0.0	,0.0	,1040.42	,1106.82	,JDV024091147412,京东大件物流,浙江省,台州市,椒江区,,,否,否,	,	,	,否,	,	,	,	,	,	,	,	,	,	,	,	,否,否,	,否,否,,	,否,	,否,,,否
VIOMI云米净水器大通量小海豚800G反渗透RO厨下式家用长效滤芯,251116-151980623413490,未发货，退款成功,1	,正常,2025-11-16 00:04:41,2025-11-17 00:04:42,,	,	,837957770723	,800G大通量纯水机,1809123722986	,厨房电器,净水器/净水设备及配件耗材,净水器配件耗材,	,6923185653974	,	,ZX2511160066702待拦截11.16诚,	,退款成功,,2025-11-16 00:04:42,	,,,,,,,否,否,	,否,	,,882.0	,0.0	,177.0	,100.0	,0.0	,0.0	,0.0	,0.0	,605.0	,705.0	,	,	,江西省,赣州市,南康区,,,否,否,	,	,	,否,	,	,	,	,	,	,	,	,	,	,	,	,否,否,	,否,否,,	,否,	,否,,,否
【重磅新品】云米净水器600G小海豚升级版厨下式RO反渗透直饮家用,251116-141641695533482,已取消,1	,正常,	,	,,	,	,225501370546	,小海豚600G,1813468330532	,厨房电器,净水器/净水设备及配件耗材,净水器,	,6923185653684	,6923185616399	,	,	,无售后或售后取消,,	,	,,,,,,,否,否,	,否,	,,559.0	,0.0	,0.0	,0.0	,0.0	,0.0	,0.0	,0.0	,559.0	,559.0	,	,	,****,****,****,****,,否,否,	,	,	,否,	,	,	,	,	,	,	,	,	,	,	,	,否,否,	,否,	,,	,否,	,否,,,否
【母婴直饮】云米净水器 SE 600G+ 新升级厨下式RO反渗透直饮家用,251115-157485667993821,未发货，退款成功,1	,正常,2025-11-15 23:59:21,2025-11-16 23:59:22,,	,	,819506595979	,【24年新品】600G升级版6年长效,1787046011387	,厨房电器,净水器/净水设备及配件耗材,净水器,	,6923185653684	,6923185616399	,聚水潭已取消发货，仅退款  诚11.16,	,退款成功,,2025-11-15 23:59:22,	,,,,,,,否,否,	,否,	,,748.0	,0.0	,138.6	,55.0	,0.0	,0.0	,0.0	,0.0	,554.4	,609.4	,	,	,浙江省,台州市,椒江区,,,否,否,	,	,	,否,	,	,	,	,	,	,	,	,	,	,	,	,否,否,	,否,否,,	,否,	,否,,,否
【重磅新品】云米净水器600G小海豚升级版厨下式RO反渗透直饮家用,251115-047909475870475,已取消,1	,正常,	,	,,	,	,225501370546	,小海豚600G,1813468330532	,厨房电器,净水器/净水设备及配件耗材,净水器,	,6923185653684	,6923185616399	,	,	,无售后或售后取消,,	,	,,,,,,,否,否,	,否,	,,559.0	,0.0	,0.0	,33.54	,0.0	,0.0	,0.0	,0.0	,525.46	,559.0	,	,	,****,****,****,****,,否,否,	,	,	,否,	,	,	,	,	,	,	,	,	,	,	,	,否,否,	,否,	,,	,否,	,否,,,否
云米即热净水器厨房家用直饮RO反渗透加热净饮一体机1000G,251115-611236002091045,已收货,1	,正常,2025-11-15 23:42:23,2025-11-16 23:42:23,,2025-11-16 09:28:25,2025-11-18 16:44:13,846360072018	,即热直饮 1000G大通量,1807240839093	,厨房电器,净水器/净水设备及配件耗材,净水器,	,6923185651116	,6923185651116	,	,	,无售后或售后取消,,2025-11-15 23:42:23,	,,,,,,,否,否,	,否,	,,1498.0	,0.0	,60.0	,40.0	,0.0	,0.0	,0.0	,0.0	,1398.0	,1438.0	,JDV024090884053,京东大件物流,四川省,成都市,崇州市,,,否,否,	,	,	,否,	,	,	,	,	,	,	,	,	,	,	,	,否,是,	,否,否,,	,否,	,否,,,否
云米智能双胆电热水器扁桶家用速热储水式60L超薄抑菌节能大水量,251115-298152117773668,已发货，待收货,1	,正常,2025-11-15 23:32:25,2025-11-16 23:32:25,,2025-11-16 09:28:25,	,290130975552	,"纤薄安全节能60L,双胆扁桶",1756848157332	,大家电,热水器,电热水器,	,6923185610410	,6923185610410	,	,	,无售后或售后取消,,2025-11-15 23:32:25,	,,,,,,,否,否,	,否,	,,797.0	,0.0	,0.0	,39.85	,0.0	,0.0	,0.0	,0.0	,757.15	,797.0	,JDV024090877985,京东大件物流,山东省,潍坊市,寿光市,,,否,否,	,	,	,否,	,	,	,	,	,	,	,	,	,	,	,	,否,是,	,否,否,,	,否,	,否,,,否
【重磅新品】云米净水器600G小海豚升级版厨下式RO反渗透直饮家用,251115-150554622262729,已收货,1	,正常,2025-11-15 23:29:41,2025-11-16 23:29:41,,2025-11-16 09:28:25,2025-11-17 15:10:04,225501370546	,小海豚600G,1813468330532	,厨房电器,净水器/净水设备及配件耗材,净水器,	,6923185653684	,6923185616399	,	,	,无售后或售后取消,,2025-11-15 23:29:41,	,,,,,,,否,否,	,否,	,,559.0	,0.0	,0.0	,0.0	,0.0	,0.0	,0.0	,0.0	,559.0	,559.0	,JDV024090866216,京东大件物流,广东省,广州市,海珠区,,,否,否,	,	,	,否,	,	,	,	,	,	,	,	,	,	,	,	,否,否,	,否,否,,	,否,	,否,,,否
云米22m³大吸力顶侧爆吸油烟机一级能效蓝调烟机挥手智控高温清洁,251115-453079242340047,已收货,1	,正常,2025-11-15 23:03:16,2025-11-16 23:03:16,,2025-11-16 09:28:27,2025-11-19 13:18:15,283026078701	,云米蓝调大吸力油烟机,1725241260848	,大家电,厨房大电,油烟机,	,6923185650973	,6923185650973	,	,	,无售后或售后取消,,2025-11-15 23:03:16,	,,,,,,,否,否,	,否,	,,899.0	,0.0	,0.0	,0.0	,0.0	,0.0	,0.0	,0.0	,899.0	,899.0	,JDV024090833590,京东大件物流,河南省,濮阳市,华龙区,,,否,否,	,	,	,否,	,	,	,	,	,	,	,	,	,	,	,	,否,否,	,否,否,,	,否,	,否,,,否
云米电热水器免换镁棒1级能效钛芯防护抑菌内胆免清洗3000W速热,251115-357291824791291,已发货，待收货,1	,正常,2025-11-16 14:53:49,2025-11-17 14:53:49,,2025-11-16 19:06:25,	,215513269171	,"【免更换镁棒技术】抑菌健康洗,50L",1757655804682	,大家电,热水器,电热水器,	,6923185611882	,镁棒50/60L,	,	,无售后或售后取消,,2025-11-16 14:53:49,	,,,,,,,否,否,	,否,	,,703.0	,0.0	,0.0	,35.15	,0.0	,0.0	,0.0	,0.0	,667.85	,703.0	,JDV024098473807,京东配送,广东省,广州市,荔湾区,,,否,否,	,	,	,否,	,	,	,	,	,	,	,	,	,	,	,	,否,否,	,否,否,,	,否,	,否,,,否
云米小厨宝6L电热水器厨房卫生间出水恒温储水式小型速热神器加热,251115-564941299321441,已发货，待收货,1	,正常,2025-11-15 22:43:21,2025-11-16 22:43:21,,2025-11-16 11:14:16,	,208073193570	,热水即刻有-【6L】,1801828025682	,大家电,热水器,厨宝,	,6923185611233	,6923185611233	,	,	,无售后或售后取消,,2025-11-15 22:43:21,	,,,,,,,否,否,	,否,	,,279.0	,0.0	,28.0	,15.0	,0.0	,0.0	,0.0	,0.0	,236.0	,251.0	,JDV024091147393,京东大件物流,江苏省,无锡市,江阴市,,,否,否,	,	,	,否,	,	,	,	,	,	,	,	,	,	,	,	,否,否,	,否,否,,	,否,	,否,,,否
【母婴直饮】云米净水器 SE 600G+ 新升级厨下式RO反渗透直饮家用,251115-490251230870109,已发货，待收货,1	,正常,2025-11-16 09:08:58,2025-11-17 09:08:58,,2025-11-16 16:04:20,	,819506595979	,【24年新品】600G升级版6年长效,1787046011387	,厨房电器,净水器/净水设备及配件耗材,净水器,	,6923185653684	,6923185616399	,	,	,无售后或售后取消,,2025-11-16 09:08:58,	,,,,,,,否,否,	,否,	,,748.0	,0.0	,134.64	,74.8	,0.0	,0.0	,0.0	,0.0	,538.56	,613.36	,JDV024095118823,京东配送,湖南省,长沙市,开福区,,,否,否,	,	,	,否,	,	,	,	,	,	,	,	,	,	,	,	,否,否,	,否,是,3	,商家,否,	,否,,信用卡分期,否
云米小厨宝6L电热水器厨房卫生间出水恒温储水式小型速热神器加热,251115-387910243972861,已取消,5	,正常,	,	,,	,	,208073193570	,热水即刻有-【6L】,1801828025682	,大家电,热水器,厨宝,	,6923185611233	,6923185611233	,	,	,无售后或售后取消,,	,	,,,,,,,否,否,	,否,	,,1395.0	,0.0	,140.0	,100.0	,0.0	,0.0	,0.0	,0.0	,1155.0	,1255.0	,	,	,****,****,****,****,,否,否,	,	,	,否,	,	,	,	,	,	,	,	,	,	,	,	,否,否,	,否,	,,	,否,	,否,,,否
VIOMI云米净水器1000G厨下直饮小体积净水机RO机智显龙头3秒满杯,251115-526532022640407,已发货，待收货,1	,正常,2025-11-15 22:22:27,2025-11-16 22:22:28,,2025-11-16 09:28:26,	,842195971715	,1000G大通量RO净水器,1803617356458	,厨房电器,净水器/净水设备及配件耗材,净水器,	,6923185654247	,	,13686877916安装 [viomi英英sk 11/19 19:58],	,无售后或售后取消,,2025-11-15 22:22:28,	,,,,,,,否,否,	,否,	,,823.0	,0.0	,24.0	,0.0	,1.59	,0.0	,0.0	,0.0	,799.0	,799.0	,JDV024090877923,京东大件物流,广东省,佛山市,顺德区,,,否,否,	,	,	,否,	,	,	,	,	,	,	,	,	,	,	,	,否,否,	,否,否,,	,否,	,否,,,否
云米净水器滤芯小蓝调小海豚600G+专用复合滤芯RO反渗透滤芯过滤,251115-272504011172930,已发货，待收货,1	,正常,2025-11-15 22:09:25,2025-11-16 22:09:25,,2025-11-16 11:14:16,	,296967601341	,5in1复合滤芯 2年长效,1600193054565	,厨房电器,净水器/净水设备及配件耗材,净水器配件耗材,	,6923185627425	,	,到手价99元,	,无售后或售后取消,,2025-11-15 22:09:25,	,,,,,,,否,否,	,否,	,,299.0	,0.0	,0.0	,0.0	,0.0	,0.0	,0.0	,0.0	,299.0	,299.0	,JDV024088514102,京东大件物流,山东省,临沂市,河东区,,,否,否,	,	,	,否,	,	,	,	,	,	,	,	,	,	,	,	,否,否,	,否,否,,	,否,	,否,,,否
【6年套装】云米净水器600G小海豚升级版厨下式RO反渗透直饮家用,251115-196681480592507,已收货,1	,正常,2025-11-15 22:07:47,2025-11-16 22:07:47,,2025-11-16 09:28:25,2025-11-20 08:41:20,852932116812	,小海豚600G+6年滤芯套装,1812983769340	,厨房电器,净水器/净水设备及配件耗材,净水器,	,S2508151538001,	,	,	,无售后或售后取消,,2025-11-15 22:07:47,	,,,,,,,否,否,	,否,	,,772.0	,0.0	,0.0	,64.0	,1.41	,0.0	,0.0	,0.0	,708.0	,772.0	,JDV024090861446,京东大件物流,吉林省,长春市,宽城区,,,否,否,	,	,	,否,	,	,	,	,	,	,	,	,	,	,	,	,否,否,	,否,否,,	,否,	,否,,,否
云米60升AI速热高温抑菌电热水器3000W一级节能变频增容家用租房,251115-239096338060410,已发货，待收货,1	,正常,2025-11-15 22:07:23,2025-11-16 22:07:23,,2025-11-16 09:28:26,	,226368376224	,3000W速热安全60L热水器,1737176648260	,大家电,热水器,电热水器,	,6923185602224	,6923185602224	,	,	,无售后或售后取消,,2025-11-15 22:07:23,	,,,,,,,否,否,	,否,	,,610.0	,0.0	,0.0	,50.0	,0.0	,0.0	,0.0	,0.0	,560.0	,610.0	,JDV024090857611,京东大件物流,贵州省,毕节市,纳雍县,,,否,否,	,	,	,否,	,	,	,	,	,	,	,	,	,	,	,	,否,否,	,否,否,,	,否,	,否,,,否
【重磅新品】云米净水器600G小海豚升级版厨下式RO反渗透直饮家用,251115-076304935332930,已发货，待收货,1	,正常,2025-11-15 22:06:16,2025-11-16 22:06:16,,2025-11-16 09:28:25,	,225501370546	,小海豚600G,1813468330532	,厨房电器,净水器/净水设备及配件耗材,净水器,	,6923185653684	,6923185616399	,	,	,无售后或售后取消,,2025-11-15 22:06:16,	,,,,,,,否,否,	,否,	,,559.0	,0.0	,0.0	,33.54	,0.0	,0.0	,0.0	,0.0	,525.46	,559.0	,JDV024090908990,京东大件物流,山东省,临沂市,河东区,,,否,否,	,	,	,否,	,	,	,	,	,	,	,	,	,	,	,	,否,否,	,否,否,,	,否,	,否,,,否
【重磅新品】云米净水器600G小海豚升级版厨下式RO反渗透直饮家用,251115-683210248612930,已取消,1	,正常,	,	,,	,	,225501370546	,小海豚600G,1813468330532	,厨房电器,净水器/净水设备及配件耗材,净水器,	,6923185653684	,6923185616399	,	,	,无售后或售后取消,,	,	,,,,,,,否,否,	,否,	,,559.0	,0.0	,0.0	,0.0	,0.0	,0.0	,0.0	,0.0	,559.0	,559.0	,	,	,****,****,****,****,,否,否,	,	,	,否,	,	,	,	,	,	,	,	,	,	,	,	,否,否,	,否,	,,	,否,	,否,,,否
VIOMI云米净水器大通量小海豚800G反渗透RO厨下式家用长效滤芯,251115-586552460952167,未发货，退款成功,1	,正常,2025-11-15 22:03:00,2025-11-16 22:03:00,,	,	,837957770723	,800G大通量纯水机,1809123722986	,厨房电器,净水器/净水设备及配件耗材,净水器配件耗材,	,6923185653974	,	,聚水潭已取消发货，仅退款  诚11.16,	,退款成功,,2025-11-15 22:03:00,	,,,,,,,否,否,	,否,	,,882.0	,0.0	,177.0	,79.0	,0.0	,0.0	,0.0	,0.0	,626.0	,705.0	,	,	,江西省,南昌市,青山湖区,,,否,否,	,	,	,否,	,	,	,	,	,	,	,	,	,	,	,	,否,否,	,否,否,,	,否,	,否,,,否
【重磅新品】云米净水器600G小海豚升级版厨下式RO反渗透直饮家用,251115-159970834860725,已发货，待收货,1	,正常,2025-11-15 21:59:05,2025-11-16 21:59:05,,2025-11-16 09:28:26,	,225501370546	,小海豚600G,1813468330532	,厨房电器,净水器/净水设备及配件耗材,净水器,	,6923185653684	,6923185616399	,	,	,无售后或售后取消,,2025-11-15 21:59:05,	,,,,,,,否,否,	,否,	,,559.0	,0.0	,0.0	,0.0	,0.0	,0.0	,0.0	,0.0	,559.0	,559.0	,JDV024090908973,京东大件物流,河北省,石家庄市,赞皇县,,,否,否,	,	,	,否,	,	,	,	,	,	,	,	,	,	,	,	,否,否,	,否,否,,	,否,	,否,,,否
云米智能AI门锁3D指纹密码蓝牙可连大容量续航家用公寓自动安全,251115-316816802221937,已发货，待收货,1	,正常,2025-11-15 21:56:46,2025-11-16 21:56:46,,2025-11-16 11:14:16,	,743885774552	,"云米蓝调指纹密码锁LBT11C,黑色",1734954999916	,基础建材,智能门锁/电子锁,智能门锁/电子锁,	,6923185655381	,6923185655381	,	,	,无售后或售后取消,,2025-11-15 21:56:46,	,,,,,,,否,否,	,否,中国新疆中转,,661.0	,0.0	,76.0	,24.0	,0.0	,0.0	,0.0	,0.0	,561.0	,585.0	,JDV024089038810,京东大件物流,陕西省,咸阳市,渭城区,,,否,否,	,	,	,否,	,	,	,	,	,	,	,	,	,	,	,	,否,否,	,否,否,,	,否,	,否,,,否
【重磅新品】云米净水器600G小海豚升级版厨下式RO反渗透直饮家用,251115-534910144882794,已发货，待收货,1	,正常,2025-11-15 21:56:49,2025-11-16 21:56:49,,2025-11-16 09:28:26,	,225501370546	,小海豚600G,1813468330532	,厨房电器,净水器/净水设备及配件耗材,净水器,	,6923185653684	,6923185616399	,	,	,无售后或售后取消,,2025-11-15 21:56:49,	,,,,,,,否,否,	,否,	,,559.0	,0.0	,0.0	,0.0	,0.0	,0.0	,0.0	,0.0	,559.0	,559.0	,JDV024090877788,京东大件物流,甘肃省,兰州市,七里河区,,,否,否,	,	,	,否,	,	,	,	,	,	,	,	,	,	,	,	,否,否,	,否,否,,	,否,	,否,,,否
【重磅新品】云米净水器600G小海豚升级版厨下式RO反渗透直饮家用,251115-048297418341575,已取消,1	,正常,	,	,,	,	,225501370546	,小海豚600G,1813468330532	,厨房电器,净水器/净水设备及配件耗材,净水器,	,6923185653684	,6923185616399	,	,	,无售后或售后取消,,	,	,,,,,,,否,否,	,否,	,,559.0	,0.0	,0.0	,33.54	,0.0	,0.0	,0.0	,0.0	,525.46	,559.0	,	,	,****,****,****,****,,否,否,	,	,	,否,	,	,	,	,	,	,	,	,	,	,	,	,否,否,	,否,	,,	,否,	,否,,,否
【重磅新品】云米净水器600G小海豚升级版厨下式RO反渗透直饮家用,251115-401520791881705,已发货，待收货,1	,正常,2025-11-15 21:50:05,2025-11-16 21:50:05,,2025-11-16 11:14:16,	,225501370546	,小海豚600G,1813468330532	,厨房电器,净水器/净水设备及配件耗材,净水器,	,6923185653684	,6923185616399	,18179003388安装 [viomi慧慧sk 11/18 09:51],	,无售后或售后取消,,2025-11-15 21:50:05,	,,,,,,,否,否,	,否,	,,559.0	,0.0	,0.0	,100.0	,0.0	,0.0	,0.0	,0.0	,459.0	,559.0	,JDV024091105599,京东大件物流,江西省,新余市,渝水区,,,否,否,	,	,	,否,	,	,	,	,	,	,	,	,	,	,	,	,否,否,	,否,否,,	,否,	,否,,,否
云米智能AI门锁3D指纹密码蓝牙可连大容量续航家用公寓自动安全,251115-457231624551918,未发货，退款成功,1	,正常,2025-11-15 21:46:27,2025-11-16 21:46:27,,	,	,743885774552	,"云米蓝调指纹密码锁LBT11C,黑色",1734954999916	,基础建材,智能门锁/电子锁,智能门锁/电子锁,	,6923185655381	,6923185655381	,聚水潭已取消发货，仅退款  诚11.16,	,退款成功,,2025-11-15 21:46:27,	,,,,,,,否,否,	,否,	,,661.0	,0.0	,76.0	,24.0	,0.0	,0.0	,0.0	,0.0	,561.0	,585.0	,	,	,陕西省,西安市,未央区,,,否,否,	,	,	,否,	,	,	,	,	,	,	,	,	,	,	,	,否,否,	,否,否,,	,否,	,否,,,否
云米净水器滤芯家用小海豚小蓝调小白龙系列专用RO反渗透,251115-500925796652921,已收货，退款成功,1	,正常,2025-11-15 21:45:48,2025-11-17 21:45:48,2025-11-17 23:59:59,2025-11-16 11:14:17,2025-11-17 17:40:47,232467205433	,5in1 复合滤芯,1647394585330	,厨房电器,净水器/净水设备及配件耗材,净水器配件耗材,	,6923185627425	,	,晒单到手价99==【补差】仅退款50 [viomi英英sk 11/17 17:42],	,退款成功,,2025-11-15 21:45:48,	,,,,,,,否,否,	,否,	,,149.0	,0.0	,0.0	,0.0	,0.11	,0.0	,0.0	,0.0	,149.0	,149.0	,JDV024090857233,京东大件物流,广东省,东莞市,厚街镇,,,否,否,	,	,	,否,	,	,	,	,	,	,	,	,	,	,	,	,否,是,	,否,否,,	,否,	,否,,,否
【重磅新品】云米净水器600G小海豚升级版厨下式RO反渗透直饮家用,251115-015581847123028,已收货,1	,正常,2025-11-15 21:42:02,2025-11-16 21:42:02,,2025-11-16 09:28:26,2025-11-18 11:13:38,225501370546	,小海豚600G,1813468330532	,厨房电器,净水器/净水设备及配件耗材,净水器,	,6923185653684	,6923185616399	,	,	,无售后或售后取消,,2025-11-15 21:42:02,	,,,,,,,否,否,	,否,	,,559.0	,0.0	,0.0	,0.0	,0.0	,0.0	,0.0	,0.0	,559.0	,559.0	,JDV024090866000,京东大件物流,重庆市,重庆市,沙坪坝区,,,否,否,	,	,	,否,	,	,	,	,	,	,	,	,	,	,	,	,否,否,	,否,是,3	,商家,否,	,否,,信用卡分期,否
【重磅新品】云米净水器600G小海豚升级版厨下式RO反渗透直饮家用,251115-301822144140585,已收货,1	,正常,2025-11-15 21:30:40,2025-11-16 21:30:40,,2025-11-16 09:28:27,2025-11-18 14:57:41,225501370546	,小海豚600G,1813468330532	,厨房电器,净水器/净水设备及配件耗材,净水器,	,6923185653684	,6923185616399	,	,	,无售后或售后取消,,2025-11-15 21:30:40,	,,,,,,,否,否,	,否,	,,559.0	,0.0	,0.0	,0.0	,0.0	,0.0	,0.0	,0.0	,559.0	,559.0	,JDV024090853445,京东大件物流,海南省,海口市,琼山区,,,否,否,	,	,	,否,	,	,	,	,	,	,	,	,	,	,	,	,否,否,	,否,是,3	,商家,否,	,否,,信用卡分期,否
【重磅新品】云米净水器600G小海豚升级版厨下式RO反渗透直饮家用,251115-077825339020469,已发货，待收货,1	,正常,2025-11-15 21:30:42,2025-11-16 21:30:43,,2025-11-16 11:14:16,	,225501370546	,小海豚600G,1813468330532	,厨房电器,净水器/净水设备及配件耗材,净水器,	,6923185653684	,6923185616399	,	,	,无售后或售后取消,,2025-11-15 21:30:43,	,,,,,,,否,否,	,否,	,,559.0	,0.0	,0.0	,0.0	,1.11	,0.0	,0.0	,0.0	,559.0	,559.0	,JDV024091098856,京东大件物流,江苏省,南京市,六合区,,,否,否,	,	,	,否,	,	,	,	,	,	,	,	,	,	,	,	,是,是,	,否,否,,	,否,	,否,,,否
【重磅新品】云米净水器600G小海豚升级版厨下式RO反渗透直饮家用,251115-583176056460469,已取消,1	,正常,	,	,,	,	,225501370546	,小海豚600G,1813468330532	,厨房电器,净水器/净水设备及配件耗材,净水器,	,6923185653684	,6923185616399	,	,	,无售后或售后取消,,	,	,,,,,,,否,否,	,否,	,,559.0	,0.0	,0.0	,0.0	,0.0	,0.0	,0.0	,0.0	,559.0	,559.0	,	,	,****,****,****,****,,否,否,	,	,	,否,	,	,	,	,	,	,	,	,	,	,	,	,是,否,	,否,	,,	,否,	,否,,,否
VIOMI云米净水器大通量小海豚800G反渗透RO厨下式家用长效滤芯,251115-535832839751484,已收货，退款成功,2	,正常,2025-11-15 21:20:27,2025-11-16 21:20:27,,2025-11-16 11:14:16,2025-11-18 11:36:30,850333437206	,竹炭复合商品滤芯,1810726753549	,厨房电器,净水器/净水设备及配件耗材,净水器,	,6923185654193	,	,到手价198=568.1-198=370.1差价仅退款 [viomi慧慧sk 11/18 11:37],	,退款成功,,2025-11-15 21:20:27,	,,,,,,,否,否,	,否,	,,598.0	,0.0	,29.9	,0.0	,0.2	,0.0	,0.0	,0.0	,568.1	,568.1	,JDV024090878023,京东大件物流,广东省,珠海市,香洲区,,,否,否,	,	,	,否,	,	,	,	,	,	,	,	,	,	,	,	,否,是,	,否,否,,	,否,	,否,,,否
【重磅新品】云米净水器600G小海豚升级版厨下式RO反渗透直饮家用,251115-666558871970284,已发货，待收货,1	,正常,2025-11-15 21:19:29,2025-11-16 21:19:30,,2025-11-16 09:28:26,	,225501370546	,小海豚600G,1813468330532	,厨房电器,净水器/净水设备及配件耗材,净水器,	,6923185653684	,6923185616399	,直播间中奖10元红包,	,无售后或售后取消,,2025-11-15 21:19:30,	,,,,,,,否,否,	,否,	,,559.0	,0.0	,0.0	,83.0	,0.0	,0.0	,0.0	,0.0	,476.0	,559.0	,JDV024090866062,京东大件物流,陕西省,西安市,新城区,,,否,否,	,	,	,否,	,	,	,	,	,	,	,	,	,	,	,	,是,是,	,否,否,,	,否,	,否,,,否
【重磅新品】云米净水器600G小海豚升级版厨下式RO反渗透直饮家用,251115-369140733530583,已发货，待收货,1	,正常,2025-11-15 21:19:22,2025-11-16 21:19:22,,2025-11-16 09:28:27,	,225501370546	,小海豚600G,1813468330532	,厨房电器,净水器/净水设备及配件耗材,净水器,	,6923185653684	,6923185616399	,18942571206安装 [viomi英英sk 11/17 15:46],	,无售后或售后取消,,2025-11-15 21:19:22,	,,,,,,,否,否,	,否,	,,559.0	,0.0	,0.0	,3.0	,0.0	,0.0	,0.0	,0.0	,556.0	,559.0	,JDV024090846155,京东大件物流,湖南省,长沙市,望城区,,,否,否,	,	,	,否,	,	,	,	,	,	,	,	,	,	,	,	,否,否,	,否,否,,	,否,	,否,,,否
云米小厨宝6L电热水器厨房卫生间出水恒温储水式小型速热神器加热,251115-056895751830282,已发货，待收货,1	,正常,2025-11-15 21:19:09,2025-11-16 21:19:09,,2025-11-16 11:14:17,	,208073193570	,热水即刻有-【6L】,1801828025682	,大家电,热水器,厨宝,	,6923185611233	,6923185611233	,	,	,无售后或售后取消,,2025-11-15 21:19:09,	,,,,,,,否,否,	,否,	,,279.0	,0.0	,28.0	,15.0	,0.0	,0.0	,0.0	,0.0	,236.0	,251.0	,JDV024091127927,京东大件物流,安徽省,合肥市,巢湖市,,,否,否,	,	,	,否,	,	,	,	,	,	,	,	,	,	,	,	,否,否,	,否,否,,	,否,	,否,,,否
云米小厨宝6L电热水器厨房卫生间出水恒温储水式小型速热神器加热,251115-140393848470282,未发货，退款成功,1	,正常,2025-11-15 21:15:25,2025-11-16 21:15:25,,	,	,208073193570	,热水即刻有-【6L】,1801828025682	,大家电,热水器,厨宝,	,6923185611233	,6923185611233	,聚水潭已取消发货，仅退款  诚11.16,	,退款成功,,2025-11-15 21:15:25,	,,,,,,,否,否,	,否,	,,279.0	,0.0	,28.0	,15.0	,0.0	,0.0	,0.0	,0.0	,236.0	,251.0	,	,	,安徽省,合肥市,巢湖市,,,否,否,	,	,	,否,	,	,	,	,	,	,	,	,	,	,	,	,否,否,	,否,否,,	,否,	,否,,,否
【重磅新品】云米净水器600G小海豚升级版厨下式RO反渗透直饮家用,251115-516151068192739,已发货，待收货,1	,正常,2025-11-15 21:11:53,2025-11-16 21:11:53,,2025-11-16 11:14:16,	,225501370546	,小海豚600G,1813468330532	,厨房电器,净水器/净水设备及配件耗材,净水器,	,6923185653684	,6923185616399	,	,	,无售后或售后取消,,2025-11-15 21:11:53,	,,,,,,,否,否,	,否,	,,559.0	,0.0	,0.0	,0.0	,5.0	,0.0	,0.0	,0.0	,559.0	,559.0	,JDV024091147385,京东大件物流,江苏省,连云港市,海州区,,,否,否,	,	,	,否,	,	,	,	,	,	,	,	,	,	,	,	,否,否,	,否,否,,	,否,	,否,,,否
云米净水器滤芯小蓝调小海豚600G+专用复合滤芯RO反渗透滤芯过滤,251115-667691282032030,已收货，退款成功,1	,正常,2025-11-15 21:07:10,2025-11-16 21:07:10,,2025-11-16 11:14:16,2025-11-18 07:06:30,296967601341	,5in1复合滤芯 2年长效,1600193054565	,厨房电器,净水器/净水设备及配件耗材,净水器配件耗材,	,6923185627425	,	,复合滤芯到手价99一根 [viomi华华 11/15 21:08]=差价200仅退款 [viomi莉莉sk 11/18 09:18],	,退款成功,,2025-11-15 21:07:10,	,,,,,,,否,否,	,否,	,,299.0	,0.0	,0.0	,0.0	,0.0	,0.0	,0.0	,0.0	,299.0	,299.0	,JDV024088042907,京东大件物流,山东省,烟台市,莱阳市,,,否,否,	,	,	,否,	,	,	,	,	,	,	,	,	,	,	,	,否,否,	,否,否,,	,否,	,否,,,否
云米净水器滤芯小蓝调小海豚600G+专用复合滤芯RO反渗透滤芯过滤,251115-196933076592030,已取消,1	,正常,	,	,,	,	,296967601341	,5in1复合滤芯 2年长效,1600193054565	,厨房电器,净水器/净水设备及配件耗材,净水器配件耗材,	,6923185627425	,	,	,	,无售后或售后取消,,	,	,,,,,,,否,否,	,否,	,,299.0	,0.0	,0.0	,2.0	,0.0	,0.0	,0.0	,0.0	,297.0	,299.0	,	,	,****,****,****,****,,否,否,	,	,	,否,	,	,	,	,	,	,	,	,	,	,	,	,否,否,	,否,	,,	,否,	,否,,,否
VIOMI云米净水器大通量小海豚800G反渗透RO厨下式家用长效滤芯,251115-621103060551484,已收货,1	,正常,2025-11-15 20:58:05,2025-11-16 20:58:05,2025-11-17 23:59:59,2025-11-16 09:28:26,2025-11-18 11:19:00,837957770723	,800G大通量纯水机,1809123722986	,厨房电器,净水器/净水设备及配件耗材,净水器配件耗材,	,6923185653974	,	,	,	,无售后或售后取消,,2025-11-15 20:58:05,	,,,,,,,否,否,	,否,	,,882.0	,0.0	,177.0	,50.0	,1.31	,0.0	,0.0	,0.0	,655.0	,705.0	,JDV024090837873,京东大件物流,广东省,珠海市,香洲区,,,否,否,	,	,	,否,	,	,	,	,	,	,	,	,	,	,	,	,否,否,	,否,否,,	,否,	,否,,,否
VIOMI云米净水器大通量小海豚800G反渗透RO厨下式家用长效滤芯,251115-505665370431789,已收货，退款成功,2	,正常,2025-11-15 20:57:34,2025-11-16 20:57:35,,2025-11-16 11:14:17,2025-11-17 21:54:22,850333437206	,竹炭复合商品滤芯,1810726753549	,厨房电器,净水器/净水设备及配件耗材,净水器,	,6923185654193	,	,换购复合滤芯到手价99一根，两根198 [viomi华华 11/15 20:58]370.1仅退款 [viomi范范sk 11/17 21:55] 【补差】平台已退370.1元 11.18,	,退款成功,,2025-11-15 20:57:35,	,,,,,,,否,否,	,否,	,,598.0	,0.0	,29.9	,0.0	,0.0	,0.0	,0.0	,0.0	,568.1	,568.1	,JDV024090861500,京东大件物流,江西省,赣州市,瑞金市,,,否,否,	,	,	,否,	,	,	,	,	,	,	,	,	,	,	,	,否,否,	,否,否,,	,否,	,否,,,否
云米小厨宝6L电热水器厨房卫生间出水恒温储水式小型速热神器加热,251115-665992620411270,已取消,1	,正常,	,	,,	,	,208073193570	,热水即刻有-【6L】,1801828025682	,大家电,热水器,厨宝,	,6923185611233	,6923185611233	,	,	,无售后或售后取消,,	,	,,,,,,,否,否,	,否,	,,279.0	,0.0	,28.0	,15.0	,0.0	,0.0	,0.0	,0.0	,236.0	,251.0	,	,	,****,****,****,****,,否,否,	,	,	,否,	,	,	,	,	,	,	,	,	,	,	,	,否,否,	,否,	,,	,否,	,否,,,否
【母婴直饮】云米净水器 SE 600G+ 新升级厨下式RO反渗透直饮家用,251115-099677652510799,已收货,1	,正常,2025-11-15 20:44:19,2025-11-16 20:44:19,,2025-11-16 11:14:17,2025-11-18 11:42:49,819506595979	,【24年新品】600G升级版6年长效,1787046011387	,厨房电器,净水器/净水设备及配件耗材,净水器,	,6923185653684	,6923185616399	,直播间中奖5元红包=18057900972安装 [viomi范范sk 11/17 21:02],	,无售后或售后取消,,2025-11-15 20:44:19,	,,,,,,,否,否,	,否,	,,748.0	,0.0	,149.6	,0.0	,0.0	,0.0	,0.0	,0.0	,598.4	,598.4	,JDV024091098820,京东大件物流,浙江省,金华市,婺城区,,,否,否,	,	,	,否,	,	,	,	,	,	,	,	,	,	,	,	,否,是,	,否,否,,	,否,	,否,,,否
VIOMI云米净水器大通量小海豚800G反渗透RO厨下式家用长效滤芯,251115-044837137930437,已收货，退款成功,1	,正常,2025-11-15 20:35:38,2025-11-16 20:35:39,,2025-11-16 11:14:17,2025-11-18 15:12:36,850333437206	,竹炭复合商品滤芯,1810726753549	,厨房电器,净水器/净水设备及配件耗材,净水器,	,6923185654193	,	,到手价99==【补差】仅退款200 [viomi英英sk 11/18 22:24] 【补差】平台已退200元  11.19,	,退款成功,,2025-11-15 20:35:39,	,,,,,,,否,否,	,否,	,,299.0	,0.0	,0.0	,0.0	,0.2	,0.0	,0.0	,0.0	,299.0	,299.0	,JDV024090837442,京东大件物流,江西省,吉安市,吉州区,,,否,否,	,	,	,否,	,	,	,	,	,	,	,	,	,	,	,	,是,是,	,否,否,,	,否,	,否,,,否
【重磅新品】云米净水器600G小海豚升级版厨下式RO反渗透直饮家用,251115-471607569964079,已取消,1	,正常,	,	,,	,	,225501370546	,小海豚600G,1813468330532	,厨房电器,净水器/净水设备及配件耗材,净水器,	,6923185653684	,6923185616399	,	,	,无售后或售后取消,,	,	,,,,,,,否,否,	,否,	,,559.0	,0.0	,0.0	,0.0	,0.0	,0.0	,0.0	,0.0	,559.0	,559.0	,	,	,****,****,****,****,,否,否,	,	,	,否,	,	,	,	,	,	,	,	,	,	,	,	,否,否,	,否,	,,	,否,	,否,,,否
VIOMI云米净水器大通量小海豚800G反渗透RO厨下式家用长效滤芯,251115-679435312650437,已收货，退款成功,1	,正常,2025-11-15 20:30:56,2025-11-16 20:30:57,,2025-11-16 09:28:26,2025-11-18 15:20:32,837957770723	,800G大通量纯水机,1809123722986	,厨房电器,净水器/净水设备及配件耗材,净水器配件耗材,	,6923185653974	,	,直播间中奖10元红包==【补差】仅退款10 [viomi英英sk 11/18 22:23],	,退款成功,,2025-11-15 20:30:57,	,,,,,,,否,否,	,否,	,,882.0	,0.0	,177.0	,100.0	,0.0	,0.0	,0.0	,0.0	,605.0	,705.0	,JDV024090861204,京东大件物流,江西省,吉安市,吉州区,,,否,否,	,	,	,否,	,	,	,	,	,	,	,	,	,	,	,	,是,是,	,否,否,,	,否,	,否,,,否
【重磅新品】云米净水器600G小海豚升级版厨下式RO反渗透直饮家用,251115-638897395271391,未发货，退款成功,1	,正常,2025-11-15 20:27:54,2025-11-16 20:27:54,,	,	,225501370546	,小海豚600G,1813468330532	,厨房电器,净水器/净水设备及配件耗材,净水器,	,6923185653684	,6923185616399	,聚水潭已取消发货 已退款   叶11.15,	,退款成功,,2025-11-15 20:27:54,	,,,,,,,否,否,	,否,	,,559.0	,0.0	,0.0	,33.54	,0.0	,0.0	,0.0	,0.0	,525.46	,559.0	,	,	,浙江省,杭州市,上城区,,,否,否,	,	,	,否,	,	,	,	,	,	,	,	,	,	,	,	,否,否,	,否,否,,	,否,	,否,,,否
【重磅新品】云米净水器600G小海豚升级版厨下式RO反渗透直饮家用,251115-108380833333994,已发货，待收货,1	,正常,2025-11-15 20:26:46,2025-11-16 20:26:46,,2025-11-16 09:28:26,	,225501370546	,小海豚600G,1813468330532	,厨房电器,净水器/净水设备及配件耗材,净水器,	,6923185653684	,6923185616399	,	,	,无售后或售后取消,,2025-11-15 20:26:46,	,,,,,,,否,否,	,否,	,,559.0	,0.0	,0.0	,23.0	,0.0	,0.0	,0.0	,0.0	,536.0	,559.0	,JDV024090833447,京东大件物流,四川省,宜宾市,叙州区,,,否,否,	,	,	,否,	,	,	,	,	,	,	,	,	,	,	,	,否,否,	,否,否,,	,否,	,否,,,否
【重磅新品】云米净水器600G小海豚升级版厨下式RO反渗透直饮家用,251115-159855491371194,已发货，待收货,1	,正常,2025-11-15 20:16:28,2025-11-16 20:16:28,,2025-11-16 09:28:26,	,225501370546	,小海豚600G,1813468330532	,厨房电器,净水器/净水设备及配件耗材,净水器,	,6923185653684	,6923185616399	,	,	,无售后或售后取消,,2025-11-15 20:16:28,	,,,,,,,否,否,	,否,	,,559.0	,0.0	,0.0	,33.54	,0.0	,0.0	,0.0	,0.0	,525.46	,559.0	,JDV024090853355,京东大件物流,山东省,泰安市,泰山区,,,否,否,	,	,	,否,	,	,	,	,	,	,	,	,	,	,	,	,否,否,	,否,否,,	,否,	,否,,,否
【母婴直饮】云米净水器 SE 600G+ 新升级厨下式RO反渗透直饮家用,251115-355341473310799,未发货，退款成功,1	,正常,2025-11-15 19:58:50,2025-11-16 19:58:50,,	,	,819506595979	,【24年新品】600G升级版6年长效,1787046011387	,厨房电器,净水器/净水设备及配件耗材,净水器,	,6923185653684	,6923185616399	,直播间中奖5元红包==拦截ZX2511150066957,	,退款成功,,2025-11-15 19:58:50,	,,,,,,,否,否,	,否,	,,748.0	,0.0	,149.6	,0.0	,0.0	,0.0	,0.0	,0.0	,598.4	,598.4	,	,	,浙江省,金华市,婺城区,,,否,否,	,	,	,否,	,	,	,	,	,	,	,	,	,	,	,	,是,是,	,否,否,,	,否,	,否,,,否
【重磅新品】云米净水器600G小海豚升级版厨下式RO反渗透直饮家用,251115-472215733853464,已取消,1	,正常,	,	,,	,	,225501370546	,小海豚600G,1813468330532	,厨房电器,净水器/净水设备及配件耗材,净水器,	,6923185653684	,6923185616399	,	,	,无售后或售后取消,,	,	,,,,,,,否,否,	,否,	,,559.0	,0.0	,0.0	,0.0	,0.0	,0.0	,0.0	,0.0	,559.0	,559.0	,	,	,****,****,****,****,,否,否,	,	,	,否,	,	,	,	,	,	,	,	,	,	,	,	,否,否,	,否,	,,	,否,	,否,,,否
云米即热净水器厨房家用直饮RO反渗透加热净饮一体机1000G,251115-251018668440662,已发货，待收货,1	,正常,2025-11-15 19:52:55,2025-11-16 19:52:56,,2025-11-16 09:22:27,	,846360072018	,即热直饮 1000G大通量,1807240839093	,厨房电器,净水器/净水设备及配件耗材,净水器,	,6923185651116	,6923185651116	,	,	,无售后或售后取消,,2025-11-15 19:52:56,	,,,,,,,否,否,	,否,	,,1498.0	,0.0	,0.0	,100.0	,0.2	,0.0	,0.0	,0.0	,1398.0	,1498.0	,JDV024090833420,京东大件物流,四川省,广元市,苍溪县,,,否,否,	,	,	,否,	,	,	,	,	,	,	,	,	,	,	,	,否,否,	,否,否,,	,否,	,否,,,否
【母婴直饮】云米净水器 SE 600G+ 新升级厨下式RO反渗透直饮家用,251115-550586356001302,已发货，待收货,1	,正常,2025-11-15 19:51:05,2025-11-16 19:51:05,,2025-11-16 09:28:26,	,819506595979	,【24年新品】600G升级版6年长效,1787046011387	,厨房电器,净水器/净水设备及配件耗材,净水器,	,6923185653684	,6923185616399	,	,	,无售后或售后取消,,2025-11-15 19:51:05,	,,,,,,,否,否,	,否,	,,748.0	,0.0	,149.6	,0.0	,0.0	,0.0	,0.0	,0.0	,598.4	,598.4	,JDV024090883243,京东大件物流,湖南省,长沙市,开福区,,,否,否,	,	,	,否,	,	,	,	,	,	,	,	,	,	,	,	,否,否,	,否,否,,	,否,	,否,,,否
【母婴直饮】云米净水器 SE 600G+ 新升级厨下式RO反渗透直饮家用,251115-618670385441302,已取消,1	,正常,	,	,,	,	,819506595979	,【24年新品】600G升级版6年长效,1787046011387	,厨房电器,净水器/净水设备及配件耗材,净水器,	,6923185653684	,6923185616399	,	,	,无售后或售后取消,,	,	,,,,,,,否,否,	,否,	,,748.0	,0.0	,149.6	,0.0	,0.0	,0.0	,0.0	,0.0	,598.4	,598.4	,	,	,****,****,****,****,,否,否,	,	,	,否,	,	,	,	,	,	,	,	,	,	,	,	,否,否,	,否,	,,	,否,	,否,,,否
【重磅新品】云米净水器600G小海豚升级版厨下式RO反渗透直饮家用,251115-499017336461804,已收货,1	,正常,2025-11-15 19:49:36,2025-11-16 19:49:37,,2025-11-16 09:28:26,2025-11-19 18:12:36,225501370546	,小海豚600G,1813468330532	,厨房电器,净水器/净水设备及配件耗材,净水器,	,6923185653684	,6923185616399	,	,	,无售后或售后取消,,2025-11-15 19:49:37,	,,,,,,,否,否,	,否,	,,559.0	,0.0	,0.0	,0.0	,0.0	,0.0	,0.0	,0.0	,559.0	,559.0	,JDV024090877303,京东大件物流,河南省,郑州市,高新技术开发区,,,否,否,	,	,	,否,	,	,	,	,	,	,	,	,	,	,	,	,否,否,	,否,否,,	,否,	,否,,,否
【重磅新品】云米净水器600G小海豚升级版厨下式RO反渗透直饮家用,251115-203140678031947,已发货，待收货,1	,正常,2025-11-15 19:39:25,2025-11-16 19:39:25,,2025-11-16 11:14:17,	,225501370546	,小海豚600G,1813468330532	,厨房电器,净水器/净水设备及配件耗材,净水器,	,6923185653684	,6923185616399	,18262362842安装 [viomi英英sk 11/17 17:21],	,无售后或售后取消,,2025-11-15 19:39:25,	,,,,,,,否,否,	,否,	,,559.0	,0.0	,0.0	,0.0	,0.0	,0.0	,0.0	,0.0	,559.0	,559.0	,JDV024091147295,京东大件物流,江苏省,盐城市,亭湖区,,,否,否,	,	,	,否,	,	,	,	,	,	,	,	,	,	,	,	,否,否,	,否,否,,	,否,	,否,,,否
【购买前须联系客服确认】补收差价专用商品,251115-029653799352645,已收货，退款成功,30000	,正常,2025-11-15 19:36:49,2025-11-16 19:36:49,,2025-11-15 19:36:59,2025-11-15 19:36:59,322805615497	,	,1061861892357	,虚拟商品,个性定制/设计服务/DIY,个人定制原材料,	,	,	,二线 [viomi英英sk 11/15 19:38],	,退款成功,,2025-11-15 19:36:49,	,,,,,,,否,否,	,否,	,,300.0	,0.0	,0.0	,0.0	,0.0	,0.0	,0.0	,0.0	,300.0	,300.0	,	,	,	,	,	,,,否,否,	,	,	,否,	,	,	,	,	,	,	,	,	,	,	,	,否,否,	,否,否,,	,否,	,否,,,否
VIOMI云米净水器大通量小海豚800G反渗透RO厨下式家用长效滤芯,251115-358833211010938,已发货，待收货,1	,正常,2025-11-15 19:29:58,2025-11-16 19:29:58,,2025-11-16 09:28:26,	,837957770723	,800G大通量纯水机,1809123722986	,厨房电器,净水器/净水设备及配件耗材,净水器配件耗材,	,6923185653974	,	,	,	,无售后或售后取消,,2025-11-15 19:29:58,	,,,,,,,否,否,	,否,	,,882.0	,0.0	,177.0	,0.0	,0.0	,0.0	,0.0	,0.0	,705.0	,705.0	,JDV024090883226,京东大件物流,广东省,佛山市,顺德区,,,否,否,	,	,	,否,	,	,	,	,	,	,	,	,	,	,	,	,否,否,	,否,否,,	,否,	,否,,,否
云米智能烘干晾衣架语音声控离线全自动升降阳台LED照明Smart超薄,251115-496081375604042,未发货，退款成功,1	,正常,2025-11-15 19:17:44,2025-12-16 19:17:45,,	,	,783305466570	,智能声控烘干SmartS晾衣架（大灯版,1762519591501	,大家电,全屋互联网智能电器,全屋互联网智能电器,	,6923185652793	,6923185652793	,到手价759==聚水潭已取消发货 已退款   叶11.15,	,退款成功,,2025-11-15 19:17:45,	,,,,,,,否,否,	,否,	,,989.0	,0.0	,0.0	,0.0	,0.0	,0.0	,0.0	,0.0	,989.0	,989.0	,	,	,浙江省,温州市,乐清市,,,否,否,	,	,	,否,	,	,	,	,	,	,	,	,	,	,	,	,是,是,	,否,否,,	,否,	,否,,,否
云米智能烘干晾衣架语音声控离线全自动升降阳台LED照明Smart超薄,251115-074763518324042,已取消,1	,正常,	,	,,	,	,783305466570	,智能声控烘干SmartS晾衣架（大灯版,1762519591501	,大家电,全屋互联网智能电器,全屋互联网智能电器,	,6923185652793	,6923185652793	,	,	,无售后或售后取消,,	,	,,,,,,,否,否,	,否,	,,989.0	,0.0	,0.0	,0.0	,0.0	,0.0	,0.0	,0.0	,989.0	,989.0	,	,	,****,****,****,****,,否,否,	,	,	,否,	,	,	,	,	,	,	,	,	,	,	,	,是,否,	,否,	,,	,否,	,否,,,否
云米智能烘干晾衣架语音声控离线全自动升降阳台LED照明Smart超薄,251115-199575519604042,已取消,1	,正常,	,	,,	,	,783305466570	,智能声控烘干SmartS晾衣架（大灯版,1762519591501	,大家电,全屋互联网智能电器,全屋互联网智能电器,	,6923185652793	,6923185652793	,	,	,无售后或售后取消,,	,	,,,,,,,否,否,	,否,	,,989.0	,0.0	,30.0	,10.0	,0.0	,0.0	,0.0	,0.0	,949.0	,959.0	,	,	,****,****,****,****,,否,否,	,	,	,否,	,	,	,	,	,	,	,	,	,	,	,	,是,否,	,否,	,,	,否,	,否,,,否
【重磅新品】云米净水器600G小海豚升级版厨下式RO反渗透直饮家用,251115-508360138351217,已发货，待收货,1	,正常,2025-11-15 19:08:02,2025-11-16 19:08:02,,2025-11-16 09:28:26,	,225501370546	,小海豚600G,1813468330532	,厨房电器,净水器/净水设备及配件耗材,净水器,	,6923185653684	,6923185616399	,18533193930  安装 [viomi英英sk 11/18 21:05],	,无售后或售后取消,,2025-11-15 19:08:02,	,,,,,,,否,否,	,否,	,,559.0	,0.0	,0.0	,0.0	,5.0	,0.0	,0.0	,0.0	,559.0	,559.0	,JDV024090877312,京东大件物流,河北省,石家庄市,赞皇县,,,否,否,	,	,	,否,	,	,	,	,	,	,	,	,	,	,	,	,否,是,	,否,否,,	,否,	,否,,,否
【重磅新品】云米净水器600G小海豚升级版厨下式RO反渗透直饮家用,251115-199575519623807,未发货，退款成功,1	,正常,2025-11-15 18:52:29,2025-11-16 18:52:29,,	,	,225501370546	,小海豚600G,1813468330532	,厨房电器,净水器/净水设备及配件耗材,净水器,	,6923185653684	,6923185616399	,聚水潭已取消发货 已退款   叶11.15,	,退款成功,,2025-11-15 18:52:29,	,,,,,,,否,否,	,否,	,,559.0	,0.0	,0.0	,0.0	,0.0	,0.0	,0.0	,0.0	,559.0	,559.0	,	,	,广东省,深圳市,光明区,,,否,否,	,	,	,否,	,	,	,	,	,	,	,	,	,	,	,	,否,否,	,否,否,,	,否,	,否,,,否
【购买前须联系客服确认】补收差价专用商品,251115-229984181844093,已收货,30000	,正常,2025-11-15 18:50:43,2025-11-16 18:50:43,,2025-11-15 18:50:53,2025-11-15 18:50:53,322805615497	,	,1061861892357	,虚拟商品,个性定制/设计服务/DIY,个人定制原材料,	,	,	,二线 [viomi英英sk 11/15 18:52]=二线 [viomi莉莉sk 11/17 10:20],	,无售后或售后取消,,2025-11-15 18:50:43,	,,,,,,,否,否,	,否,	,,300.0	,0.0	,0.0	,0.0	,0.0	,0.0	,0.0	,0.0	,300.0	,300.0	,	,	,	,	,	,,,否,否,	,	,	,否,	,	,	,	,	,	,	,	,	,	,	,	,否,否,	,否,否,,	,否,	,否,,,否
【重磅新品】云米净水器600G小海豚升级版厨下式RO反渗透直饮家用,251115-440003541412246,已发货，待收货,1	,正常,2025-11-15 18:48:19,2025-11-16 18:48:19,,2025-11-16 11:14:17,	,225501370546	,小海豚600G,1813468330532	,厨房电器,净水器/净水设备及配件耗材,净水器,	,6923185653684	,6923185616399	,	,	,无售后或售后取消,,2025-11-15 18:48:19,	,,,,,,,否,否,	,否,	,,559.0	,0.0	,0.0	,33.54	,0.0	,0.0	,0.0	,0.0	,525.46	,559.0	,JDV024091063704,京东大件物流,浙江省,嘉兴市,海宁市,,,否,否,	,	,	,否,	,	,	,	,	,	,	,	,	,	,	,	,否,否,	,否,否,,	,否,	,否,,,否
云米22m³大吸力顶侧爆吸油烟机一级能效蓝调烟机挥手智控高温清洁,251115-447584673380047,未发货，退款成功,1	,正常,2025-11-16 12:43:28,2025-11-17 12:43:28,,	,	,283026078701	,云米蓝调大吸力油烟机,1725241260848	,大家电,厨房大电,油烟机,	,6923185650973	,6923185650973	,拦截ZX2511160067029	 ,	,退款成功,,2025-11-16 12:43:28,	,,,,,,,否,否,	,否,	,,899.0	,0.0	,0.0	,15.0	,0.0	,0.0	,0.0	,0.0	,884.0	,899.0	,	,	,河南省,濮阳市,濮阳县,,,否,否,	,	,	,否,	,	,	,	,	,	,	,	,	,	,	,	,否,否,	,否,否,,	,否,	,否,,,否
【重磅新品】云米净水器600G小海豚升级版厨下式RO反渗透直饮家用,251115-487378184490729,已发货，待收货,1	,正常,2025-11-15 18:34:50,2025-11-16 18:34:50,,2025-11-16 11:14:17,	,225501370546	,小海豚600G,1813468330532	,厨房电器,净水器/净水设备及配件耗材,净水器,	,6923185653684	,6923185616399	,13276595511安装 [viomi诺诺sk 11/17 15:23],	,无售后或售后取消,,2025-11-15 18:34:50,	,,,,,,,否,否,	,否,	,,559.0	,0.0	,0.0	,0.0	,0.0	,0.0	,0.0	,0.0	,559.0	,559.0	,JDV024091063659,京东大件物流,江苏省,徐州市,邳州市,,,否,否,	,	,	,否,	,	,	,	,	,	,	,	,	,	,	,	,否,否,	,否,否,,	,否,	,否,,,否
云米净水器滤芯家用小海豚小蓝调小白龙系列专用RO反渗透,251115-627352553032101,已发货，待收货,1	,正常,2025-11-15 18:11:09,2025-11-17 18:11:10,,2025-11-16 11:14:17,	,232467205433	,5in1 复合滤芯,1647394585330	,厨房电器,净水器/净水设备及配件耗材,净水器配件耗材,	,6923185627425	,	,到手价109元,	,无售后或售后取消,,2025-11-15 18:11:10,	,,,,,,,否,否,	,否,	,,149.0	,0.0	,0.0	,0.0	,0.0	,0.0	,0.0	,0.0	,149.0	,149.0	,JDV024086241755,京东大件物流,辽宁省,大连市,中山区,,,否,否,	,	,	,否,	,	,	,	,	,	,	,	,	,	,	,	,否,否,	,否,否,,	,否,	,否,,,否
【重磅新品】云米净水器600G小海豚升级版厨下式RO反渗透直饮家用,251115-076262971010510,已取消,1	,正常,	,	,,	,	,225501370546	,小海豚600G,1813468330532	,厨房电器,净水器/净水设备及配件耗材,净水器,	,6923185653684	,6923185616399	,	,	,无售后或售后取消,,	,	,,,,,,,否,否,	,否,	,,559.0	,0.0	,0.0	,3.0	,0.0	,0.0	,0.0	,0.0	,556.0	,559.0	,	,	,****,****,****,****,,否,否,	,	,	,否,	,	,	,	,	,	,	,	,	,	,	,	,否,否,	,否,	,,	,否,	,否,,,否
云米水槽下水器垃圾处理器粉碎机下水道厨余搅碎机抑菌厨房家用,251115-238928607542412,已发货，待收货,1	,正常,2025-11-15 18:04:44,2025-11-16 18:04:45,,2025-11-16 09:22:40,	,852614628903	,【智能】厨余垃圾处理器,1812695452997	,厨房电器,食物垃圾处理机,食物垃圾处理机,	,6923185610250	,6923185610250	,	,	,无售后或售后取消,,2025-11-15 18:04:45,	,,,,,,,否,否,	,否,	,,889.0	,0.0	,48.0	,32.0	,0.0	,0.0	,0.0	,0.0	,809.0	,841.0	,JDV024090856918,京东大件物流,湖北省,黄冈市,黄梅县,,,否,否,	,	,	,否,	,	,	,	,	,	,	,	,	,	,	,	,否,否,	,否,否,,	,否,	,否,,,否
【重磅新品】云米净水器600G小海豚升级版厨下式RO反渗透直饮家用,251115-132382758503962,已取消,1	,正常,	,	,,	,	,225501370546	,小海豚600G,1813468330532	,厨房电器,净水器/净水设备及配件耗材,净水器,	,6923185653684	,6923185616399	,	,	,无售后或售后取消,,	,	,,,,,,,否,否,	,否,	,,559.0	,0.0	,0.0	,33.54	,0.0	,0.0	,0.0	,0.0	,525.46	,559.0	,	,	,****,****,****,****,,否,否,	,	,	,否,	,	,	,	,	,	,	,	,	,	,	,	,否,否,	,否,	,,	,否,	,否,,,否
云米电热水器家用洗澡租房储水式速热抑菌节能省电卫生间40/60升,251115-203402810962980,已发货，待收货,1	,正常,2025-11-15 17:52:48,2025-11-16 17:52:48,,2025-11-16 13:30:37,	,227645754240	,"速热抑菌洗-40L,全国联保送货上门安装8年质保",1645458252843	,大家电,热水器,电热水器,	,6923185681281	,	,	,	,无售后或售后取消,,2025-11-15 17:52:48,	,,,,,,,否,否,	,否,	,,379.0	,0.0	,0.0	,0.0	,0.0	,0.0	,0.0	,0.0	,379.0	,379.0	,JDLD12906348242,京东大件物流,江苏省,镇江市,句容市,,,否,否,	,	,	,否,	,	,	,	,	,	,	,	,	,	,	,	,否,否,	,否,否,,	,否,	,否,,,否
云米净水器滤芯家用小海豚小蓝调小白龙系列专用RO反渗透,251115-367882473813211,已收货,1	,正常,2025-11-15 17:52:13,2025-11-17 17:52:13,,2025-11-16 11:14:18,2025-11-20 00:26:53,232467205433	,5in1 复合滤芯,1647394585330	,厨房电器,净水器/净水设备及配件耗材,净水器配件耗材,	,6923185627425	,	,复合滤芯到手价109 [viomi华华 11/15 19:08],	,无售后或售后取消,,2025-11-15 17:52:13,	,,,,,,,否,否,	,否,	,,149.0	,0.0	,0.0	,7.0	,0.15	,0.0	,0.0	,0.0	,142.0	,149.0	,JDV024090860529,京东大件物流,福建省,泉州市,石狮市,,,否,否,	,	,	,否,	,	,	,	,	,	,	,	,	,	,	,	,否,否,	,否,否,,	,否,	,否,,,否
【母婴直饮】云米净水器 SE 600G+ 新升级厨下式RO反渗透直饮家用,251115-452900984433764,已取消,1	,正常,	,	,,	,	,819506595979	,【24年新品】600G升级版6年长效,1787046011387	,厨房电器,净水器/净水设备及配件耗材,净水器,	,6923185653684	,6923185616399	,	,	,无售后或售后取消,,	,	,,,,,,,否,否,	,否,	,,748.0	,0.0	,0.0	,0.0	,0.0	,0.0	,0.0	,0.0	,748.0	,748.0	,	,	,****,****,****,****,,否,否,	,	,	,否,	,	,	,	,	,	,	,	,	,	,	,	,否,否,	,否,	,,	,否,	,否,,,否
【重磅新品】云米净水器600G小海豚升级版厨下式RO反渗透直饮家用,251115-489485832623644,已发货，待收货,1	,正常,2025-11-15 17:44:58,2025-11-16 17:44:58,,2025-11-16 09:28:27,	,225501370546	,小海豚600G,1813468330532	,厨房电器,净水器/净水设备及配件耗材,净水器,	,6923185653684	,6923185616399	,	,	,无售后或售后取消,,2025-11-15 17:44:58,	,,,,,,,否,否,	,否,	,,559.0	,0.0	,0.0	,100.0	,0.0	,0.0	,0.0	,0.0	,459.0	,559.0	,JDV024090845606,京东大件物流,山东省,日照市,东港区,,,否,否,	,	,	,否,	,	,	,	,	,	,	,	,	,	,	,	,否,否,	,否,否,,	,否,	,否,,,否
VIOMI云米净水器大通量小海豚800G反渗透RO厨下式家用长效滤芯,251115-572312850763870,已发货，待收货,2	,正常,2025-11-15 17:37:29,2025-11-16 17:37:29,,2025-11-15 20:43:27,	,850333437206	,竹炭复合商品滤芯,1810726753549	,厨房电器,净水器/净水设备及配件耗材,净水器,	,6923185654193	,	,	,	,无售后或售后取消,,2025-11-15 17:37:29,	,,,,,,,否,否,	,否,	,,598.0	,0.0	,29.9	,9.0	,0.0	,0.0	,0.0	,0.0	,559.1	,568.1	,JDV024085795272,京东大件物流,河北省,廊坊市,文安县,,,否,否,	,	,	,否,	,	,	,	,	,	,	,	,	,	,	,	,否,是,	,否,否,,	,否,	,否,,,否
【母婴直饮】云米净水器 SE 600G+ 新升级厨下式RO反渗透直饮家用,251115-441167408753764,已取消,1	,正常,	,	,,	,	,819506595979	,【24年新品】600G升级版6年长效,1787046011387	,厨房电器,净水器/净水设备及配件耗材,净水器,	,6923185653684	,6923185616399	,	,	,无售后或售后取消,,	,	,,,,,,,否,否,	,否,	,,748.0	,0.0	,0.0	,20.0	,0.0	,0.0	,0.0	,0.0	,728.0	,748.0	,	,	,****,****,****,****,,否,否,	,	,	,否,	,	,	,	,	,	,	,	,	,	,	,	,否,否,	,否,	,,	,否,	,否,,,否
【重磅新品】云米净水器600G小海豚升级版厨下式RO反渗透直饮家用,251115-279697242431959,已发货，退款成功,1	,正常,2025-11-15 17:36:32,2025-12-16 17:36:32,,2025-11-16 11:14:17,	,225501370546	,小海豚600G,1813468330532	,厨房电器,净水器/净水设备及配件耗材,净水器,	,6923185653684	,6923185616399	,直播间中奖10元红包==	ZX2511160066774拦截 [viomi诺诺sk 11/16 11:36]拦截成功 操作退款 11.18,	,退款成功,,2025-11-15 17:36:32,	,,,,,,,否,否,	,否,	,,559.0	,0.0	,0.0	,33.54	,1.05	,0.0	,0.0	,0.0	,525.46	,559.0	,JDV024091103385,京东大件物流,浙江省,宁波市,慈溪市,,,否,否,	,	,	,否,	,	,	,	,	,	,	,	,	,	,	,	,是,是,	,否,否,,	,否,	,否,,,否
云米净水器滤芯家用小海豚小蓝调小白龙系列专用RO反渗透,251115-447416973681316,已收货，退款成功,1	,正常,2025-11-15 17:33:36,2025-11-17 17:33:36,,2025-11-15 20:43:28,2025-11-18 12:48:44,232467205433	,600G RO反渗透,1358951046252	,厨房电器,净水器/净水设备及配件耗材,净水器配件耗材,	,6923185618379	,	,到手价458 [viomi华华 11/15 17:36]=差价91仅退款 [viomi莉莉sk 11/18 12:50]【补差】平台已退91元  11.18,	,退款成功,,2025-11-15 17:33:36,	,,,,,,,否,否,	,否,	,,549.0	,0.0	,0.0	,0.0	,0.2	,0.0	,0.0	,0.0	,549.0	,549.0	,JDV024085807145,京东大件物流,上海市,上海市,嘉定区,,,否,否,	,	,	,否,	,	,	,	,	,	,	,	,	,	,	,	,否,否,	,否,否,,	,否,	,否,,,否
云米净水器滤芯家用小海豚小蓝调小白龙系列专用RO反渗透,251115-098482307441316,已收货，退款成功,1	,正常,2025-11-15 17:32:15,2025-11-17 17:32:15,,2025-11-16 11:14:18,2025-11-18 12:49:34,232467205433	,5in1 复合滤芯,1647394585330	,厨房电器,净水器/净水设备及配件耗材,净水器配件耗材,	,6923185627425	,	,到手价109 [viomi华华 11/15 17:34]=差价40仅退款 [viomi莉莉sk 11/18 12:51],	,退款成功,,2025-11-15 17:32:15,	,,,,,,,否,否,	,否,	,,149.0	,0.0	,0.0	,0.0	,0.15	,0.0	,0.0	,0.0	,149.0	,149.0	,JDV024091082846,京东大件物流,上海市,上海市,嘉定区,,,否,否,	,	,	,否,	,	,	,	,	,	,	,	,	,	,	,	,否,否,	,否,否,,	,否,	,否,,,否
【重磅新品】云米净水器600G小海豚升级版厨下式RO反渗透直饮家用,251115-515584878913800,已收货,1	,正常,2025-11-15 17:30:18,2025-11-16 17:30:18,,2025-11-16 09:28:27,2025-11-19 13:46:23,225501370546	,小海豚600G,1813468330532	,厨房电器,净水器/净水设备及配件耗材,净水器,	,6923185653684	,6923185616399	,	,	,无售后或售后取消,,2025-11-15 17:30:18,	,,,,,,,否,否,	,否,	,,559.0	,0.0	,0.0	,0.0	,0.0	,0.0	,0.0	,0.0	,559.0	,559.0	,JDV024090841108,京东大件物流,河南省,洛阳市,瀍河回族区,,,否,否,	,	,	,否,	,	,	,	,	,	,	,	,	,	,	,	,否,否,	,否,否,,	,否,	,否,,,否
VIOMI云米净水器大通量小海豚800G反渗透RO厨下式家用长效滤芯,251115-316607117643870,已发货，待收货,1	,正常,2025-11-15 17:28:53,2025-11-16 17:28:53,,2025-11-16 09:28:27,	,837957770723	,800G大通量纯水机,1809123722986	,厨房电器,净水器/净水设备及配件耗材,净水器配件耗材,	,6923185653974	,	,直播间中奖10元红包,	,无售后或售后取消,,2025-11-15 17:28:53,	,,,,,,,否,否,	,否,	,,882.0	,0.0	,177.0	,70.5	,0.0	,0.0	,0.0	,0.0	,634.5	,705.0	,JDV024090877078,京东大件物流,河北省,廊坊市,文安县,,,否,否,	,	,	,否,	,	,	,	,	,	,	,	,	,	,	,	,是,是,	,否,否,,	,否,	,否,,,否
VIOMI云米净水器大通量小海豚800G反渗透RO厨下式家用长效滤芯,251115-479241182721367,已发货，待收货,1	,正常,2025-11-15 17:30:34,2025-11-16 17:30:35,,2025-11-16 09:28:27,	,837957770723	,800G大通量纯水机,1809123722986	,厨房电器,净水器/净水设备及配件耗材,净水器配件耗材,	,6923185653974	,	,15000188280安装 [viomi诺诺sk 11/17 15:30],	,无售后或售后取消,,2025-11-15 17:30:35,	,,,,,,,否,否,	,否,	,,882.0	,0.0	,177.0	,70.5	,0.0	,0.0	,0.0	,0.0	,634.5	,705.0	,JDV024090860680,京东大件物流,广东省,汕尾市,城区,,,否,否,	,	,	,否,	,	,	,	,	,	,	,	,	,	,	,	,否,否,	,否,否,,	,否,	,否,,,否
云米10公斤超薄滚筒洗衣机除菌家用全自动洗烘干一体机Super2S,251115-168327985443317,已取消,1	,正常,	,	,,	,	,205633837378	,洗净比1.11洗衣机,1689655082280	,大家电,洗衣机,洗衣机,	,6923185653455	,6923185653455	,	,	,无售后或售后取消,,	,	,,,,,,,否,否,	,否,	,,2799.0	,0.0	,0.0	,0.0	,0.0	,0.0	,0.0	,0.0	,2799.0	,2799.0	,	,	,****,****,****,****,,否,否,	,	,	,否,	,	,	,	,	,	,	,	,	,	,	,	,否,否,	,否,	,,	,否,	,否,,,否
云米净水器滤芯家用小海豚小蓝调小白龙系列专用RO反渗透,251115-033313298071440,已收货,1	,正常,2025-11-15 17:14:09,2025-11-17 17:14:09,,2025-11-16 11:14:18,2025-11-17 19:27:24,232467205433	,5in1 复合滤芯,1647394585330	,厨房电器,净水器/净水设备及配件耗材,净水器配件耗材,	,6923185627425	,	,	,	,无售后或售后取消,,2025-11-15 17:14:09,	,,,,,,,否,否,	,否,	,,149.0	,0.0	,0.0	,0.0	,0.0	,0.0	,0.0	,0.0	,149.0	,149.0	,JDV024091105401,京东大件物流,江苏省,无锡市,江阴市,,,否,否,	,	,	,否,	,	,	,	,	,	,	,	,	,	,	,	,否,否,	,否,否,,	,否,	,否,,,否
【6年套装】云米净水器600G小海豚升级版厨下式RO反渗透直饮家用,251115-545511248211872,已取消,1	,正常,	,	,,	,	,852932116812	,小海豚600G+6年滤芯套装,1812983769340	,厨房电器,净水器/净水设备及配件耗材,净水器,	,S2508151538001,	,	,	,无售后或售后取消,,	,	,,,,,,,否,否,	,否,	,,772.0	,0.0	,0.0	,0.0	,0.0	,0.0	,0.0	,0.0	,772.0	,772.0	,	,	,****,****,****,****,,否,否,	,	,	,否,	,	,	,	,	,	,	,	,	,	,	,	,否,否,	,否,	,,	,否,	,否,,,否
【重磅新品】云米净水器600G小海豚升级版厨下式RO反渗透直饮家用,251115-087545638433539,已取消,1	,正常,	,	,,	,	,225501370546	,小海豚600G,1813468330532	,厨房电器,净水器/净水设备及配件耗材,净水器,	,6923185653684	,6923185616399	,	,	,无售后或售后取消,,	,	,,,,,,,否,否,	,否,	,,559.0	,0.0	,0.0	,0.0	,0.0	,0.0	,0.0	,0.0	,559.0	,559.0	,	,	,****,****,****,****,,否,否,	,	,	,否,	,	,	,	,	,	,	,	,	,	,	,	,否,否,	,否,	,,	,否,	,否,,,否
云米小厨宝6L即热式厨房台下洗碗热水宝上出水储水式小型电热水器,251115-460838746411284,已取消,1	,正常,	,	,,	,	,205451808289	,"热水即刻有6L,小厨宝",1752480784258	,大家电,热水器,电热水器,	,6923185611233	,6923185611233	,	,	,无售后或售后取消,,	,	,,,,,,,否,否,	,否,	,,289.0	,0.0	,0.0	,14.45	,0.0	,0.0	,0.0	,0.0	,274.55	,289.0	,	,	,****,****,****,****,,否,否,	,	,	,否,	,	,	,	,	,	,	,	,	,	,	,	,否,否,	,否,	,,	,否,	,否,,,否
云米净水器滤芯家用小海豚小蓝调小白龙系列专用RO反渗透,251115-102131310140587,已发货，待收货,1	,正常,2025-11-15 16:45:13,2025-11-17 16:45:14,,2025-11-15 20:43:29,	,232467205433	,5in1 复合滤芯,1647394585330	,厨房电器,净水器/净水设备及配件耗材,净水器配件耗材,	,6923185627425	,	,	,	,无售后或售后取消,,2025-11-15 16:45:14,	,,,,,,,否,否,	,否,	,,149.0	,0.0	,0.0	,0.0	,0.0	,0.0	,0.0	,0.0	,149.0	,149.0	,JDV024085458843,京东大件物流,黑龙江省,哈尔滨市,香坊区,,,否,否,	,	,	,否,	,	,	,	,	,	,	,	,	,	,	,	,否,否,	,否,否,,	,否,	,否,,,否
【重磅新品】云米净水器600G小海豚升级版厨下式RO反渗透直饮家用,251115-631410604370042,已取消,1	,正常,	,	,,	,	,225501370546	,小海豚600G,1813468330532	,厨房电器,净水器/净水设备及配件耗材,净水器,	,6923185653684	,6923185616399	,	,	,无售后或售后取消,,	,	,,,,,,,否,否,	,否,	,,559.0	,0.0	,0.0	,0.0	,0.0	,0.0	,0.0	,0.0	,559.0	,559.0	,	,	,****,****,****,****,,否,否,	,	,	,否,	,	,	,	,	,	,	,	,	,	,	,	,否,否,	,否,	,,	,否,	,否,,,否
云米净水器滤芯小蓝调小海豚600G+专用复合滤芯RO反渗透滤芯过滤,251115-470663893431688,已收货，退款成功,2	,正常,2025-11-15 16:04:12,2025-11-16 16:04:12,,2025-11-15 20:43:28,2025-11-19 13:05:19,296967601341	,5in1复合滤芯 2年长效,1600193054565	,厨房电器,净水器/净水设备及配件耗材,净水器配件耗材,	,6923185627425	,	,补差后返 到手价198=394.2仅退款 [viomi范范sk 11/19 13:06],	,退款成功,,2025-11-15 16:04:12,	,,,,,,,否,否,	,否,	,,598.0	,0.0	,5.98	,35.0	,1.11	,0.0	,0.0	,0.0	,557.02	,592.02	,JDV024085666132,京东大件物流,福建省,福州市,鼓楼区,,,否,否,	,	,	,否,	,	,	,	,	,	,	,	,	,	,	,	,否,否,	,否,否,,	,否,	,否,,,否
【重磅新品】云米净水器600G小海豚升级版厨下式RO反渗透直饮家用,251115-402338649633167,未发货，退款成功,1	,正常,2025-11-15 16:03:37,2025-11-16 16:03:37,,	,	,225501370546	,小海豚600G,1813468330532	,厨房电器,净水器/净水设备及配件耗材,净水器,	,6923185653684	,6923185616399	,聚水潭已取消发货  已退款  11.15,	,退款成功,,2025-11-15 16:03:37,	,,,,,,,否,否,	,否,	,,559.0	,0.0	,0.0	,0.0	,0.0	,0.0	,0.0	,0.0	,559.0	,559.0	,	,	,上海市,上海市,长宁区,,,否,否,	,	,	,否,	,	,	,	,	,	,	,	,	,	,	,	,否,否,	,否,否,,	,否,	,否,,,否
【重磅新品】云米净水器600G小海豚升级版厨下式RO反渗透直饮家用,251115-649383155273311,已发货，待收货,1	,正常,2025-11-15 16:02:45,2025-11-16 16:02:46,,2025-11-15 20:43:28,	,225501370546	,小海豚600G,1813468330532	,厨房电器,净水器/净水设备及配件耗材,净水器,	,6923185653684	,6923185616399	,	,	,无售后或售后取消,,2025-11-15 16:02:46,	,,,,,,,否,否,	,否,	,,559.0	,0.0	,0.0	,33.54	,5.0	,0.0	,0.0	,0.0	,525.46	,559.0	,JDV024085616380,京东大件物流,福建省,南平市,建阳区,,,否,否,	,	,	,否,	,	,	,	,	,	,	,	,	,	,	,	,否,否,	,否,否,,	,否,	,否,,,否
【重磅新品】云米净水器600G小海豚升级版厨下式RO反渗透直饮家用,251115-218995157431688,已收货,1	,正常,2025-11-15 15:58:28,2025-11-16 15:58:28,,2025-11-15 20:43:53,2025-11-19 12:15:25,225501370546	,小海豚600G,1813468330532	,厨房电器,净水器/净水设备及配件耗材,净水器,	,6923185653684	,6923185616399	,	,	,无售后或售后取消,,2025-11-15 15:58:28,	,,,,,,,否,否,	,否,	,,559.0	,0.0	,0.0	,100.0	,0.2	,0.0	,0.0	,0.0	,459.0	,559.0	,JDV024085815693,京东大件物流,福建省,福州市,鼓楼区,,,否,否,	,	,	,否,	,	,	,	,	,	,	,	,	,	,	,	,否,否,	,否,否,,	,否,	,否,,,否
云米净水器滤芯小蓝调小海豚600G+专用复合滤芯RO反渗透滤芯过滤,251115-360248798731100,已发货，待收货,1	,正常,2025-11-15 15:52:30,2025-11-16 15:52:30,,2025-11-15 20:43:28,	,296967601341	,5in1复合滤芯 2年长效,1600193054565	,厨房电器,净水器/净水设备及配件耗材,净水器配件耗材,	,6923185627425	,	,补差后返 到手价99,	,无售后或售后取消,,2025-11-15 15:52:30,	,,,,,,,否,否,	,否,	,,299.0	,0.0	,0.0	,0.0	,0.2	,0.0	,0.0	,0.0	,299.0	,299.0	,JDV024083978236,京东大件物流,陕西省,榆林市,定边县,,,否,否,	,	,	,否,	,	,	,	,	,	,	,	,	,	,	,	,否,否,	,否,否,,	,否,	,否,,,否
【重磅新品】云米净水器600G小海豚升级版厨下式RO反渗透直饮家用,251115-596912401931100,已发货，待收货,1	,正常,2025-11-15 15:52:05,2025-11-16 15:52:06,,2025-11-15 20:43:29,	,225501370546	,小海豚600G,1813468330532	,厨房电器,净水器/净水设备及配件耗材,净水器,	,6923185653684	,6923185616399	,	,	,无售后或售后取消,,2025-11-15 15:52:06,	,,,,,,,否,否,	,否,	,,559.0	,0.0	,0.0	,0.0	,1.11	,0.0	,0.0	,0.0	,559.0	,559.0	,JDV024085602862,京东大件物流,陕西省,榆林市,定边县,,,否,否,	,	,	,否,	,	,	,	,	,	,	,	,	,	,	,	,否,否,	,否,否,,	,否,	,否,,,否
云米净水器滤芯小蓝调小海豚600G+专用复合滤芯RO反渗透滤芯过滤,251115-233958305283457,已收货，退款成功,1	,正常,2025-11-15 15:50:30,2025-11-16 15:50:30,,2025-11-15 20:43:28,2025-11-16 13:16:25,296967601341	,5in1复合滤芯 2年长效,1600193054565	,厨房电器,净水器/净水设备及配件耗材,净水器配件耗材,	,6923185627425	,	,补差后返 到手价99=200仅退款 [viomi范范sk 11/16 17:36],	,退款成功,,2025-11-15 15:50:30,	,,,,,,,否,否,	,否,	,,299.0	,0.0	,0.0	,0.0	,0.0	,0.0	,0.0	,0.0	,299.0	,299.0	,JDV024085428253,京东大件物流,广东省,广州市,白云区,,,否,否,	,	,	,否,	,	,	,	,	,	,	,	,	,	,	,	,否,否,	,否,否,,	,否,	,否,,,否
【重磅新品】云米净水器600G小海豚升级版厨下式RO反渗透直饮家用,251115-596136487320679,已收货,1	,正常,2025-11-15 15:25:17,2025-11-16 15:25:17,,2025-11-16 11:14:18,2025-11-18 13:31:19,225501370546	,小海豚600G,1813468330532	,厨房电器,净水器/净水设备及配件耗材,净水器,	,6923185653684	,6923185616399	,	,	,无售后或售后取消,,2025-11-15 15:25:17,	,,,,,,,否,否,	,否,	,,559.0	,0.0	,0.0	,2.84	,0.0	,0.0	,0.0	,0.0	,556.16	,559.0	,JDV024091110128,京东大件物流,上海市,上海市,宝山区,,,否,否,	,	,	,否,	,	,	,	,	,	,	,	,	,	,	,	,否,否,	,否,否,,	,否,	,否,,,否
云米水槽下水器垃圾处理器粉碎机下水道厨余搅碎机抑菌厨房家用,251115-589478050142505,待发货,1	,正常,2025-11-15 15:19:23,2025-12-16 15:19:23,,	,	,852614628903	,【智能】厨余垃圾处理器,1812695452997	,厨房电器,食物垃圾处理机,食物垃圾处理机,	,6923185610250	,6923185610250	,	,	,无售后或售后取消,,2025-11-15 15:19:23,	,,,,,,,否,否,	,否,	,,889.0	,0.0	,0.0	,100.0	,0.0	,0.0	,0.0	,0.0	,789.0	,889.0	,	,	,北京市,北京市,东城区,,,否,否,	,	,	,否,	,	,	,	,	,	,	,	,	,	,	,	,否,否,	,否,否,,	,否,	,否,,,否
【重磅新品】云米净水器600G小海豚升级版厨下式RO反渗透直饮家用,251115-610952855874076,已收货,1	,正常,2025-11-15 15:09:38,2025-11-16 15:09:39,,2025-11-15 20:43:29,2025-11-18 13:44:25,225501370546	,小海豚600G,1813468330532	,厨房电器,净水器/净水设备及配件耗材,净水器,	,6923185653684	,6923185616399	,	,	,无售后或售后取消,,2025-11-15 15:09:39,	,,,,,,,否,否,	,否,	,,559.0	,0.0	,0.0	,0.0	,0.0	,0.0	,0.0	,0.0	,559.0	,559.0	,JDV024085497112,京东大件物流,河南省,洛阳市,洛龙区,,,否,否,	,	,	,否,	,	,	,	,	,	,	,	,	,	,	,	,否,否,	,否,否,,	,否,	,否,,,否
【重磅新品】云米净水器600G小海豚升级版厨下式RO反渗透直饮家用,251115-349091981634076,已取消,1	,正常,	,	,,	,	,225501370546	,小海豚600G,1813468330532	,厨房电器,净水器/净水设备及配件耗材,净水器,	,6923185653684	,6923185616399	,	,	,无售后或售后取消,,	,	,,,,,,,否,否,	,否,	,,559.0	,0.0	,0.0	,0.0	,0.0	,0.0	,0.0	,0.0	,559.0	,559.0	,	,	,****,****,****,****,,否,否,	,	,	,否,	,	,	,	,	,	,	,	,	,	,	,	,否,否,	,否,	,,	,否,	,否,,,否
【重磅新品】云米净水器600G小海豚升级版厨下式RO反渗透直饮家用,251115-018874396273764,已取消,1	,正常,	,	,,	,	,225501370546	,小海豚600G,1813468330532	,厨房电器,净水器/净水设备及配件耗材,净水器,	,6923185653684	,6923185616399	,	,	,无售后或售后取消,,	,	,,,,,,,否,否,	,否,	,,559.0	,0.0	,0.0	,0.0	,0.0	,0.0	,0.0	,0.0	,559.0	,559.0	,	,	,****,****,****,****,,否,否,	,	,	,否,	,	,	,	,	,	,	,	,	,	,	,	,否,否,	,否,	,,	,否,	,否,,,否
【重磅新品】云米净水器600G小海豚升级版厨下式RO反渗透直饮家用,251115-101942638960006,已发货，待收货,1	,正常,2025-11-15 14:25:21,2025-11-16 14:25:22,2025-11-16 23:59:59,2025-11-15 20:43:28,	,225501370546	,小海豚600G,1813468330532	,厨房电器,净水器/净水设备及配件耗材,净水器,	,6923185653684	,6923185616399	,	,	,无售后或售后取消,,2025-11-15 14:25:22,	,,,,,,,否,否,	,否,	,,559.0	,0.0	,0.0	,100.0	,0.0	,0.0	,0.0	,0.0	,459.0	,559.0	,JDV024083674863,京东大件物流,安徽省,芜湖市,鸠江区,,,否,否,	,	,	,否,	,	,	,	,	,	,	,	,	,	,	,	,否,否,	,否,否,,	,否,	,否,,,否
【重磅新品】云米净水器600G小海豚升级版厨下式RO反渗透直饮家用,251115-019472136560006,已取消,1	,正常,	,	,,	,	,225501370546	,小海豚600G,1813468330532	,厨房电器,净水器/净水设备及配件耗材,净水器,	,6923185653684	,6923185616399	,	,	,无售后或售后取消,,	,	,,,,,,,否,否,	,否,	,,559.0	,0.0	,0.0	,100.0	,0.0	,0.0	,0.0	,0.0	,459.0	,559.0	,	,	,****,****,****,****,,否,否,	,	,	,否,	,	,	,	,	,	,	,	,	,	,	,	,否,否,	,否,	,,	,否,	,否,,,否
【重磅新品】云米净水器600G小海豚升级版厨下式RO反渗透直饮家用,251115-204556234380177,已发货，待收货,1	,正常,2025-11-15 14:12:30,2025-11-16 14:12:31,,2025-11-15 20:43:28,	,225501370546	,小海豚600G,1813468330532	,厨房电器,净水器/净水设备及配件耗材,净水器,	,6923185653684	,6923185616399	,	,	,无售后或售后取消,,2025-11-15 14:12:31,	,,,,,,,否,否,	,否,	,,559.0	,0.0	,0.0	,33.54	,1.05	,0.0	,0.0	,0.0	,525.46	,559.0	,JDV024085458511,京东大件物流,山东省,日照市,岚山区,,,否,否,	,	,	,否,	,	,	,	,	,	,	,	,	,	,	,	,否,否,	,否,否,,	,否,	,否,,,否
【冷热直饮套装】云米净水器家用厨下管线机套装一键即热制冷直饮,251115-402611248691657,已发货，待收货,1	,正常,2025-11-15 13:54:59,2025-11-16 13:54:59,,2025-11-15 20:43:30,	,480070620581	,【冷热净水直饮套装】新品净水器+冷热管线机,1620106386127	,厨房电器,净水器/净水设备及配件耗材,净水器,	,S2407170910001,	,	,	,无售后或售后取消,,2025-11-15 13:54:59,	,,,,,,,否,否,	,否,	,,1434.0	,0.0	,0.0	,0.0	,0.0	,0.0	,0.0	,0.0	,1434.0	,1434.0	,JDV024085504457,京东大件物流,广西壮族自治区,崇左市,凭祥市,,,否,否,	,	,	,否,	,	,	,	,	,	,	,	,	,	,	,	,否,否,	,否,否,,	,否,	,否,,,否
【重磅新品】云米净水器600G小海豚升级版厨下式RO反渗透直饮家用,251115-218995105311550,已发货，待收货,1	,正常,2025-11-15 13:51:35,2025-11-16 13:51:35,,2025-11-15 17:17:39,	,225501370546	,小海豚600G,1813468330532	,厨房电器,净水器/净水设备及配件耗材,净水器,	,6923185653684	,6923185616399	,	,	,无售后或售后取消,,2025-11-15 13:51:35,	,,,,,,,否,否,	,否,	,,559.0	,0.0	,0.0	,33.54	,8.0	,0.0	,0.0	,0.0	,525.46	,559.0	,JDV024083711100,京东大件物流,浙江省,杭州市,临平区,,,否,否,	,	,	,否,	,	,	,	,	,	,	,	,	,	,	,	,否,否,	,否,否,,	,否,	,否,,,否
VIOMI云米净水器1000G厨下直饮小体积净水机RO机智显龙头3秒满杯,251115-517294078240977,已发货，待收货,1	,正常,2025-11-15 13:50:24,2025-11-16 13:50:24,,2025-11-15 20:43:28,	,842195971715	,1000G大通量RO净水器,1803617356458	,厨房电器,净水器/净水设备及配件耗材,净水器,	,6923185654247	,	,15151886201安装 [viomi诺诺sk 11/17 15:08],	,无售后或售后取消,,2025-11-15 13:50:24,	,,,,,,,否,否,	,否,	,,823.0	,0.0	,24.0	,0.0	,0.0	,0.0	,0.0	,0.0	,799.0	,799.0	,JDV024085496840,京东大件物流,安徽省,宿州市,埇桥区,,,否,否,	,	,	,否,	,	,	,	,	,	,	,	,	,	,	,	,否,否,	,否,否,,	,否,	,否,,,否
【重磅新品】云米净水器600G小海豚升级版厨下式RO反渗透直饮家用,251115-419860323871550,已取消,1	,正常,	,	,,	,	,225501370546	,小海豚600G,1813468330532	,厨房电器,净水器/净水设备及配件耗材,净水器,	,6923185653684	,6923185616399	,	,	,无售后或售后取消,,	,	,,,,,,,否,否,	,否,	,,559.0	,0.0	,0.0	,33.54	,0.0	,0.0	,0.0	,0.0	,525.46	,559.0	,	,	,****,****,****,****,,否,否,	,	,	,否,	,	,	,	,	,	,	,	,	,	,	,	,否,否,	,否,	,,	,否,	,否,,,否
【6年套装】云米净水器600G小海豚升级版厨下式RO反渗透直饮家用,251115-021936279851405,已取消,1	,正常,	,	,,	,	,852932116812	,小海豚600G+6年滤芯套装,1812983769340	,厨房电器,净水器/净水设备及配件耗材,净水器,	,S2508151538001,	,	,	,无售后或售后取消,,	,	,,,,,,,否,否,	,否,	,,772.0	,0.0	,0.0	,0.0	,0.0	,0.0	,0.0	,0.0	,772.0	,772.0	,	,	,****,****,****,****,,否,否,	,	,	,否,	,	,	,	,	,	,	,	,	,	,	,	,否,否,	,否,	,,	,否,	,否,,,否
【重磅新品】云米净水器600G小海豚升级版厨下式RO反渗透直饮家用,251115-032568809002006,已发货，待收货,1	,正常,2025-11-15 13:35:41,2025-11-16 13:35:41,2025-11-16 23:59:59,2025-11-15 20:43:28,	,225501370546	,小海豚600G,1813468330532	,厨房电器,净水器/净水设备及配件耗材,净水器,	,6923185653684	,6923185616399	,	,	,无售后或售后取消,,2025-11-15 13:35:41,	,,,,,,,否,否,	,否,	,,559.0	,0.0	,0.0	,0.0	,0.0	,0.0	,0.0	,0.0	,559.0	,559.0	,JDV024085482172,京东大件物流,广东省,中山市,小榄镇,,,否,否,	,	,	,否,	,	,	,	,	,	,	,	,	,	,	,	,否,否,	,否,否,,	,否,	,否,,,否
【母婴直饮】云米净水器 SE 600G+ 新升级厨下式RO反渗透直饮家用,251115-645262251671890,已发货，待收货,1	,正常,2025-11-15 13:21:01,2025-11-16 13:21:01,,2025-11-15 17:17:39,	,819506595979	,【24年新品】600G升级版6年长效,1787046011387	,厨房电器,净水器/净水设备及配件耗材,净水器,	,6923185653684	,6923185616399	,	,	,无售后或售后取消,,2025-11-15 13:21:01,	,,,,,,,否,否,	,否,	,,748.0	,0.0	,141.4	,41.0	,0.0	,0.0	,0.0	,0.0	,565.6	,606.6	,JDV024082220870,京东大件物流,江西省,抚州市,乐安县,,,否,否,	,	,	,否,	,	,	,	,	,	,	,	,	,	,	,	,否,否,	,否,否,,	,否,	,否,,,否
云米水槽下水器垃圾处理器粉碎机下水道厨余搅碎机抑菌厨房家用,251115-132969972152373,已发货，待收货,1	,正常,2025-11-15 13:18:40,2025-11-16 13:18:40,2025-11-17 23:59:59,2025-11-15 20:43:29,	,852614628903	,【智能】厨余垃圾处理器,1812695452997	,厨房电器,食物垃圾处理机,食物垃圾处理机,	,6923185610250	,6923185610250	,	,	,无售后或售后取消,,2025-11-15 13:18:40,	,,,,,,,否,否,	,否,	,,889.0	,0.0	,48.0	,32.0	,0.0	,0.0	,0.0	,0.0	,809.0	,841.0	,JDV024085461050,京东大件物流,福建省,莆田市,荔城区,,,否,否,	,	,	,否,	,	,	,	,	,	,	,	,	,	,	,	,否,否,	,否,否,,	,否,	,否,,,否
云米净水器滤芯家用小海豚小蓝调小白龙系列专用RO反渗透,251115-337851225741097,已发货，退款成功,1	,正常,2025-11-15 13:17:03,2025-11-17 13:17:03,,2025-11-15 17:17:39,	,232467205433	,5in1 复合滤芯,1647394585330	,厨房电器,净水器/净水设备及配件耗材,净水器配件耗材,	,6923185627425	,	,到手价109 [viomi华华 11/15 13:28]==【补差】平台已退40元 卫11.18,	,退款成功,,2025-11-15 13:17:03,	,,,,,,,否,否,	,否,	,,149.0	,0.0	,0.0	,0.0	,0.0	,0.0	,0.0	,0.0	,149.0	,149.0	,JDV024080946757,京东大件物流,广东省,广州市,白云区,,,否,否,	,	,	,否,	,	,	,	,	,	,	,	,	,	,	,	,否,否,	,否,否,,	,否,	,否,,,否
【重磅新品】云米净水器600G小海豚升级版厨下式RO反渗透直饮家用,251115-451506368091569,未发货，退款成功,1	,正常,2025-11-15 13:15:29,2025-11-16 13:15:29,,	,	,225501370546	,小海豚600G,1813468330532	,厨房电器,净水器/净水设备及配件耗材,净水器,	,6923185653684	,6923185616399	,聚水潭已取消发货 已退款   叶11.15,	,退款成功,,2025-11-15 13:15:29,	,,,,,,,否,否,	,否,	,,559.0	,0.0	,0.0	,0.0	,0.0	,0.0	,0.0	,0.0	,559.0	,559.0	,	,	,湖北省,武汉市,江岸区,,,否,否,	,	,	,否,	,	,	,	,	,	,	,	,	,	,	,	,否,否,	,否,否,,	,否,	,否,,,否
【重磅新品】云米净水器600G小海豚升级版厨下式RO反渗透直饮家用,251115-639463605851569,已取消,1	,正常,	,	,,	,	,225501370546	,小海豚600G,1813468330532	,厨房电器,净水器/净水设备及配件耗材,净水器,	,6923185653684	,6923185616399	,	,	,无售后或售后取消,,	,	,,,,,,,否,否,	,否,	,,559.0	,0.0	,0.0	,0.0	,0.0	,0.0	,0.0	,0.0	,559.0	,559.0	,	,	,****,****,****,****,,否,否,	,	,	,否,	,	,	,	,	,	,	,	,	,	,	,	,否,否,	,否,	,,	,否,	,否,,,否
【6年套装】云米净水器600G小海豚升级版厨下式RO反渗透直饮家用,251115-113896405312733,已取消,1	,正常,	,	,,	,	,852932116812	,小海豚600G+6年滤芯套装,1812983769340	,厨房电器,净水器/净水设备及配件耗材,净水器,	,S2508151538001,	,	,	,无售后或售后取消,,	,	,,,,,,,否,否,	,否,	,,772.0	,0.0	,0.0	,100.0	,0.0	,0.0	,0.0	,0.0	,672.0	,772.0	,	,	,****,****,****,****,,否,否,	,	,	,否,	,	,	,	,	,	,	,	,	,	,	,	,否,否,	,否,	,,	,否,	,否,,,否
VIOMI云米净水器大通量小海豚800G反渗透RO厨下式家用长效滤芯,251115-574493857330145,已收货，退款成功,2	,正常,2025-11-15 12:52:57,2025-11-16 12:52:58,,2025-11-15 20:43:29,2025-11-19 19:58:27,850333437206	,竹炭复合商品滤芯,1810726753549	,厨房电器,净水器/净水设备及配件耗材,净水器,	,6923185654193	,	,【补差】仅退款370.1 [viomi英英sk 11/19 20:01]==【补差】平台已退370.1元 叶11.19,	,退款成功,,2025-11-15 12:52:58,	,,,,,,,否,否,	,否,	,,598.0	,0.0	,29.9	,48.0	,0.0	,0.0	,0.0	,0.0	,520.1	,568.1	,JDV024085482946,京东大件物流,四川省,绵阳市,涪城区,,,否,否,	,	,	,否,	,	,	,	,	,	,	,	,	,	,	,	,否,否,	,否,否,,	,否,	,否,,,否
VIOMI云米净水器大通量小海豚800G反渗透RO厨下式家用长效滤芯,251115-166052533810145,已取消,2	,正常,	,	,,	,	,850333437206	,竹炭复合商品滤芯,1810726753549	,厨房电器,净水器/净水设备及配件耗材,净水器,	,6923185654193	,	,	,	,无售后或售后取消,,	,	,,,,,,,否,否,	,否,	,,598.0	,0.0	,29.9	,48.0	,0.0	,0.0	,0.0	,0.0	,520.1	,568.1	,	,	,****,****,****,****,,否,否,	,	,	,否,	,	,	,	,	,	,	,	,	,	,	,	,否,否,	,否,	,,	,否,	,否,,,否
云米全自动智能门锁人脸猫眼密码指纹安全防撬大屏锁已接入米家AP,251115-588041501012241,已取消,1	,正常,	,	,,	,	,804409121514	,LBT16A【人脸猫眼】智能门锁,1778430742491	,基础建材,智能门锁/电子锁,智能门锁/电子锁,	,6923185652724	,	,	,	,无售后或售后取消,,	,	,,,,,,,否,否,	,否,	,,849.0	,0.0	,0.0	,100.0	,0.0	,0.0	,0.0	,0.0	,749.0	,849.0	,	,	,****,****,****,****,,否,否,	,	,	,否,	,	,	,	,	,	,	,	,	,	,	,	,否,否,	,否,	,,	,否,	,否,,,否
云米智能AI门锁3D指纹密码蓝牙可连大容量续航家用公寓自动安全,251115-205615296101756,已发货，待收货,1	,正常,2025-11-15 12:43:03,2025-11-16 12:43:03,,2025-11-15 20:43:29,	,743885774552	,"云米蓝调指纹密码锁LBT11C,黑色",1734954999916	,基础建材,智能门锁/电子锁,智能门锁/电子锁,	,6923185655381	,6923185655381	,	,	,无售后或售后取消,,2025-11-15 12:43:03,	,,,,,,,否,否,	,否,	,,661.0	,0.0	,76.0	,24.0	,6.0	,0.0	,0.0	,0.0	,561.0	,585.0	,JDV024085406402,京东大件物流,黑龙江省,齐齐哈尔市,建华区,,,否,否,	,	,	,否,	,	,	,	,	,	,	,	,	,	,	,	,否,否,	,否,否,,	,否,	,否,,,否
VIOMI云米净水器大通量小海豚800G反渗透RO厨下式家用长效滤芯,251115-655192287620300,已发货，待收货,1	,正常,2025-11-15 12:42:17,2025-11-16 12:42:17,,2025-11-15 20:43:29,	,837957770723	,800G大通量纯水机,1809123722986	,厨房电器,净水器/净水设备及配件耗材,净水器配件耗材,	,6923185653974	,	,	,	,无售后或售后取消,,2025-11-15 12:42:17,	,,,,,,,否,否,	,否,	,,882.0	,0.0	,177.0	,50.0	,0.0	,0.0	,0.0	,0.0	,655.0	,705.0	,JDV024085482002,京东大件物流,湖南省,常德市,武陵区,,,否,否,	,	,	,否,	,	,	,	,	,	,	,	,	,	,	,	,否,否,	,否,否,,	,否,	,否,,,否
云米无线手持吸尘器家用立式除螨大吸力吸尘机A9长续航宠物家庭,251115-574074468671412,已发货，待收货,1	,正常,2025-11-15 12:40:09,2025-11-16 12:40:09,,2025-11-15 17:17:40,	,823432069145	,云米吸尘器【长续航】,1789783831646	,生活电器,吸尘器,吸尘器,	,6923185611844	,6923185611844	,	,	,无售后或售后取消,,2025-11-15 12:40:09,	,,,,,,,否,否,	,否,	,,602.0	,0.0	,0.0	,0.0	,0.2	,0.0	,0.0	,0.0	,602.0	,602.0	,JDV024080941582,京东大件物流,广东省,深圳市,宝安区,,,否,否,	,	,	,否,	,	,	,	,	,	,	,	,	,	,	,	,否,否,	,否,否,,	,否,	,否,,,否
VIOMI云米净水器1000G厨下直饮小体积净水机RO机智显龙头3秒满杯,251115-134175865203070,已收货,1	,正常,2025-11-15 12:38:09,2025-11-16 12:38:10,,2025-11-15 20:43:29,2025-11-18 10:18:40,842195971715	,1000G大通量RO净水器,1803617356458	,厨房电器,净水器/净水设备及配件耗材,净水器,	,6923185654247	,	,	,	,无售后或售后取消,,2025-11-15 12:38:10,	,,,,,,,否,否,	,否,	,,823.0	,0.0	,24.0	,0.0	,0.0	,0.0	,0.0	,0.0	,799.0	,799.0	,JDV024085481982,京东大件物流,天津市,天津市,河东区,,,否,否,	,	,	,否,	,	,	,	,	,	,	,	,	,	,	,	,否,否,	,否,否,,	,否,	,否,,,否
【母婴直饮】云米净水器 SE 600G+ 新升级厨下式RO反渗透直饮家用,251115-536325722400424,已取消,1	,正常,	,	,,	,	,819506595979	,【24年新品】600G升级版6年长效,1787046011387	,厨房电器,净水器/净水设备及配件耗材,净水器,	,6923185653684	,6923185616399	,	,	,无售后或售后取消,,	,	,,,,,,,否,否,	,否,	,,748.0	,0.0	,134.64	,74.8	,0.0	,0.0	,0.0	,0.0	,538.56	,613.36	,	,	,****,****,****,****,,否,否,	,	,	,否,	,	,	,	,	,	,	,	,	,	,	,	,否,否,	,否,	,,	,否,	,否,,,否
云米净水器Super2Y1200G家用直饮厨下式RO反渗透鲜活泉无陈水,251115-588985188673055,已收货，退款成功,1	,正常,2025-11-15 12:29:10,2025-11-16 12:29:10,,2025-11-15 20:43:29,2025-11-18 21:09:41,849000374681	,Super2Y 1200G（包安装）,1809523164736	,厨房电器,净水器/净水设备及配件耗材,净水器,	,6923185653981	,6923185653981	,晒单30仅退款 [viomi慧慧sk 11/19 09:30]=平台回收29.95已登记 [viomi慧慧sk 11/19 14:28],	,退款成功,,2025-11-15 12:29:10,	,,,,,,,否,否,	,否,	,,1198.2	,0.0	,0.0	,100.0	,0.0	,0.0	,0.0	,0.0	,1098.2	,1198.2	,JDV024085457323,京东大件物流,北京市,北京市,大兴区,,,否,否,	,	,	,否,	,	,	,	,	,	,	,	,	,	,	,	,否,否,	,否,否,,	,否,	,否,,,否
【重磅新品】云米净水器600G小海豚升级版厨下式RO反渗透直饮家用,251115-558723253811486,未发货，退款成功,1	,正常,2025-11-15 12:22:35,2025-11-16 12:22:35,,	,	,225501370546	,小海豚600G,1813468330532	,厨房电器,净水器/净水设备及配件耗材,净水器,	,6923185653684	,6923185616399	,ZX2511150066893拦截11.15,	,退款成功,,2025-11-15 12:22:35,	,,,,,,,否,否,	,否,	,,559.0	,0.0	,0.0	,100.0	,0.0	,0.0	,0.0	,0.0	,459.0	,559.0	,	,	,重庆市,重庆市,璧山区,,,否,否,	,	,	,否,	,	,	,	,	,	,	,	,	,	,	,	,否,否,	,否,否,,	,否,	,否,,,否
【重磅新品】云米净水器600G小海豚升级版厨下式RO反渗透直饮家用,251115-331863836181987,已发货，待收货,1	,正常,2025-11-15 12:22:08,2025-11-16 12:22:08,,2025-11-15 17:17:39,	,225501370546	,小海豚600G,1813468330532	,厨房电器,净水器/净水设备及配件耗材,净水器,	,6923185653684	,6923185616399	,	,	,无售后或售后取消,,2025-11-15 12:22:08,	,,,,,,,否,否,	,否,	,,559.0	,0.0	,0.0	,100.0	,0.0	,0.0	,0.0	,0.0	,459.0	,559.0	,JDV024080965773,京东大件物流,广西壮族自治区,南宁市,兴宁区,,,否,否,	,	,	,否,	,	,	,	,	,	,	,	,	,	,	,	,否,否,	,否,否,,	,否,	,否,,,否
【重磅新品】云米净水器600G小海豚升级版厨下式RO反渗透直饮家用,251115-418014882180872,已收货,1	,正常,2025-11-15 12:10:23,2025-11-16 12:10:23,,2025-11-15 17:17:39,2025-11-16 11:36:17,225501370546	,小海豚600G,1813468330532	,厨房电器,净水器/净水设备及配件耗材,净水器,	,6923185653684	,6923185616399	,18023610838安装 [viomi英英sk 11/15 18:05],	,无售后或售后取消,,2025-11-15 12:10:23,	,,,,,,,否,否,	,否,	,,559.0	,0.0	,0.0	,50.0	,0.0	,0.0	,0.0	,0.0	,509.0	,559.0	,JDV024080943670,京东大件物流,广东省,肇庆市,德庆县,,,否,否,	,	,	,否,	,	,	,	,	,	,	,	,	,	,	,	,否,否,	,否,否,,	,否,	,否,,,否
【重磅新品】云米净水器600G小海豚升级版厨下式RO反渗透直饮家用,251115-297585907280182,已发货，待收货,1	,正常,2025-11-15 12:08:45,2025-11-16 12:08:45,,2025-11-15 17:17:39,	,225501370546	,小海豚600G,1813468330532	,厨房电器,净水器/净水设备及配件耗材,净水器,	,6923185653684	,6923185616399	,	,	,无售后或售后取消,,2025-11-15 12:08:45,	,,,,,,,否,否,	,否,	,,559.0	,0.0	,0.0	,0.0	,1.11	,0.0	,0.0	,0.0	,559.0	,559.0	,JDV024081438410,京东大件物流,上海市,上海市,闵行区,,,否,否,	,	,	,否,	,	,	,	,	,	,	,	,	,	,	,	,否,否,	,否,否,,	,否,	,否,,,否
云米智能AI门锁3D指纹密码蓝牙可连大容量续航家用公寓自动安全,251115-314205816401062,已收货,1	,正常,2025-11-15 12:07:14,2025-11-16 12:07:14,,2025-11-15 17:17:39,2025-11-17 15:17:53,743885774552	,"云米蓝调指纹密码锁LBT11C,黑色",1734954999916	,基础建材,智能门锁/电子锁,智能门锁/电子锁,	,6923185655381	,6923185655381	,15180482363安装 [viomi英英sk 11/16 16:32],	,无售后或售后取消,,2025-11-15 12:07:14,	,,,,,,,否,否,	,否,	,,661.0	,0.0	,76.0	,24.0	,0.2	,0.0	,0.0	,0.0	,561.0	,585.0	,JDV024081421429,京东大件物流,江西省,南昌市,新建区,,,否,否,	,	,	,否,	,	,	,	,	,	,	,	,	,	,	,	,否,否,	,否,否,,	,否,	,否,,,否
【重磅新品】云米净水器600G小海豚升级版厨下式RO反渗透直饮家用,251115-419577239112889,已收货,1	,正常,2025-11-15 12:02:24,2025-11-16 12:02:25,,2025-11-15 17:17:40,2025-11-19 07:51:02,225501370546	,小海豚600G,1813468330532	,厨房电器,净水器/净水设备及配件耗材,净水器,	,6923185653684	,6923185616399	,	,	,无售后或售后取消,,2025-11-15 12:02:25,	,,,,,,,否,否,	,否,	,,559.0	,0.0	,0.0	,20.0	,0.0	,0.0	,0.0	,0.0	,539.0	,559.0	,JDV024081487378,京东大件物流,江苏省,苏州市,张家港市,,,否,否,	,	,	,否,	,	,	,	,	,	,	,	,	,	,	,	,否,否,	,否,是,3	,商家,否,	,否,,信用卡分期,否
VIOMI云米净水器大通量小海豚800G反渗透RO厨下式家用长效滤芯,251115-369035865693886,已发货，待收货,1	,正常,2025-11-15 11:59:53,2025-11-16 11:59:53,2025-11-16 23:59:59,2025-11-15 17:17:40,	,837957770723	,800G大通量纯水机,1809123722986	,厨房电器,净水器/净水设备及配件耗材,净水器配件耗材,	,6923185653974	,	,	,	,无售后或售后取消,,2025-11-15 11:59:53,	,,,,,,,否,否,	,否,	,,882.0	,0.0	,177.0	,100.0	,1.21	,0.0	,0.0	,0.0	,605.0	,705.0	,JDV024080889714,京东大件物流,广东省,深圳市,南山区,,,否,否,	,	,	,否,	,	,	,	,	,	,	,	,	,	,	,	,否,否,	,否,否,,	,否,	,否,,,否
【母婴直饮】云米净水器 SE 600G+ 新升级厨下式RO反渗透直饮家用,251115-094340462942327,已收货,1	,正常,2025-11-15 12:01:37,2025-11-16 12:01:37,,2025-11-15 17:17:39,2025-11-19 14:44:53,819506595979	,【24年新品】600G升级版6年长效,1787046011387	,厨房电器,净水器/净水设备及配件耗材,净水器,	,6923185653684	,6923185616399	,	,	,无售后或售后取消,,2025-11-15 12:01:37,	,,,,,,,否,否,	,否,	,,748.0	,0.0	,129.6	,100.0	,0.0	,0.0	,0.0	,0.0	,518.4	,618.4	,JDV024080956720,京东大件物流,河南省,郑州市,新密市,,,否,否,	,	,	,否,	,	,	,	,	,	,	,	,	,	,	,	,否,否,	,否,否,,	,否,	,否,,,否
云米净饮机X2系列滤芯X2mini mango复合滤芯5in1/6in1 RO反渗透,251115-662658096782480,已发货，待收货,1	,正常,2025-11-15 11:51:23,2025-11-17 11:51:23,,2025-11-15 17:17:40,	,243153009643	,X2mini/mango 6合1滤芯,1360803955963	,厨房电器,净水器/净水设备及配件耗材,净水器配件耗材,	,6923185623281	,6923185614258	,补差后返到手价299，晒单再返10,	,无售后或售后取消,,2025-11-15 11:51:23,	,,,,,,,否,否,	,否,	,,319.0	,0.0	,0.0	,0.0	,1.11	,0.0	,0.0	,0.0	,319.0	,319.0	,JDV024080946451,京东大件物流,上海市,上海市,松江区,,,否,否,	,	,	,否,	,	,	,	,	,	,	,	,	,	,	,	,否,否,	,否,否,,	,否,	,否,,,否
云米净水器滤芯小蓝调小海豚600G+专用复合滤芯RO反渗透滤芯过滤,251115-032254267780017,已收货，退款成功,1	,正常,2025-11-15 11:44:59,2025-11-16 11:44:59,,2025-11-15 17:17:40,2025-11-18 16:00:39,296967601341	,5in1复合滤芯 2年长效,1600193054565	,厨房电器,净水器/净水设备及配件耗材,净水器配件耗材,	,6923185627425	,	,补差后返 到手价99==【补差】仅退款200 [viomi英英sk 11/18 16:02]【补差】平台已退200元   11.18,	,退款成功,,2025-11-15 11:44:59,	,,,,,,,否,否,	,否,	,,299.0	,0.0	,0.0	,0.0	,0.0	,0.0	,0.0	,0.0	,299.0	,299.0	,JDV024080902622,京东大件物流,湖南省,衡阳市,衡阳县,,,否,否,	,	,	,否,	,	,	,	,	,	,	,	,	,	,	,	,否,否,	,否,否,,	,否,	,否,,,否
VIOMI云米净水器大通量小海豚800G反渗透RO厨下式家用长效滤芯,251115-193315489413063,已取消,1	,正常,	,	,,	,	,837957770723	,800G大通量纯水机,1809123722986	,厨房电器,净水器/净水设备及配件耗材,净水器配件耗材,	,6923185653974	,	,	,	,无售后或售后取消,,	,	,,,,,,,否,否,	,否,	,,882.0	,0.0	,177.0	,35.25	,0.0	,0.0	,0.0	,0.0	,669.75	,705.0	,	,	,****,****,****,****,,否,否,	,	,	,否,	,	,	,	,	,	,	,	,	,	,	,	,否,否,	,否,	,,	,否,	,否,,,否
【重磅新品】云米净水器600G小海豚升级版厨下式RO反渗透直饮家用,251115-325540964740017,已收货,1	,正常,2025-11-15 11:34:30,2025-11-16 11:34:30,,2025-11-15 20:43:28,2025-11-18 15:04:20,225501370546	,小海豚600G,1813468330532	,厨房电器,净水器/净水设备及配件耗材,净水器,	,6923185653684	,6923185616399	,	,	,无售后或售后取消,,2025-11-15 11:34:30,	,,,,,,,否,否,	,否,	,,559.0	,0.0	,0.0	,0.0	,0.0	,0.0	,0.0	,0.0	,559.0	,559.0	,JDV024085774051,京东大件物流,湖南省,衡阳市,衡阳县,,,否,否,	,	,	,否,	,	,	,	,	,	,	,	,	,	,	,	,否,否,	,否,否,,	,否,	,否,,,否
【重磅新品】云米净水器600G小海豚升级版厨下式RO反渗透直饮家用,251115-000209753731713,已收货,1	,正常,2025-11-15 11:27:08,2025-11-16 11:27:08,,2025-11-15 17:17:40,2025-11-16 11:05:05,225501370546	,小海豚600G,1813468330532	,厨房电器,净水器/净水设备及配件耗材,净水器,	,6923185653684	,6923185616399	,	,	,无售后或售后取消,,2025-11-15 11:27:08,	,,,,,,,否,否,	,否,	,,559.0	,0.0	,0.0	,0.0	,0.0	,0.0	,0.0	,0.0	,559.0	,559.0	,JDV024080889560,京东大件物流,广东省,广州市,天河区,,,否,否,	,	,	,否,	,	,	,	,	,	,	,	,	,	,	,	,否,否,	,否,否,,	,否,	,否,,,否
云米智能AI门锁3D指纹密码蓝牙可连大容量续航家用公寓自动安全,251115-262521495141756,已发货，待收货,1	,正常,2025-11-15 11:22:15,2025-11-16 11:22:15,,2025-11-15 17:17:39,	,743885774552	,"云米蓝调指纹密码锁LBT11C,黑色",1734954999916	,基础建材,智能门锁/电子锁,智能门锁/电子锁,	,6923185655381	,6923185655381	,	,	,无售后或售后取消,,2025-11-15 11:22:15,	,,,,,,,否,否,	,否,	,,661.0	,0.0	,40.0	,60.0	,6.0	,0.0	,0.0	,0.0	,561.0	,621.0	,JDV024080941646,京东大件物流,黑龙江省,齐齐哈尔市,建华区,,,否,否,	,	,	,否,	,	,	,	,	,	,	,	,	,	,	,	,否,否,	,否,否,,	,否,	,否,,,否
【重磅新品】云米净水器600G小海豚升级版厨下式RO反渗透直饮家用,251115-018842939021751,已取消,1	,正常,	,	,,	,	,225501370546	,小海豚600G,1813468330532	,厨房电器,净水器/净水设备及配件耗材,净水器,	,6923185653684	,6923185616399	,	,	,无售后或售后取消,,	,	,,,,,,,否,否,	,否,	,,559.0	,0.0	,0.0	,0.0	,0.0	,0.0	,0.0	,0.0	,559.0	,559.0	,	,	,****,****,****,****,,否,否,	,	,	,否,	,	,	,	,	,	,	,	,	,	,	,	,否,否,	,否,	,,	,否,	,否,,,否
云米净水器滤芯小蓝调小海豚600G+专用复合滤芯RO反渗透滤芯过滤,251115-629575523870424,已收货，退款成功,1	,正常,2025-11-15 11:09:28,2025-11-16 11:09:28,,2025-11-15 17:17:40,2025-11-17 18:42:48,296967601341	,5in1复合滤芯 2年长效,1600193054565	,厨房电器,净水器/净水设备及配件耗材,净水器配件耗材,	,6923185627425	,	,补差后返到手价99=仅退200 [viomi范范sk 11/17 18:44],	,退款成功,,2025-11-15 11:09:28,	,,,,,,,否,否,	,否,	,,299.0	,0.0	,0.0	,0.0	,0.0	,0.0	,0.0	,0.0	,299.0	,299.0	,JDV024080923736,京东大件物流,山东省,济南市,历城区,,,否,否,	,	,	,否,	,	,	,	,	,	,	,	,	,	,	,	,否,否,	,否,否,,	,否,	,否,,,否
云米即热净水器厨房家用直饮RO反渗透加热净饮一体机1000G,251115-684562921901917,已取消,1	,正常,	,	,,	,	,846360072018	,即热直饮 1000G大通量,1807240839093	,厨房电器,净水器/净水设备及配件耗材,净水器,	,6923185651116	,6923185651116	,	,	,无售后或售后取消,,	,	,,,,,,,否,否,	,否,中国台湾集运,,1498.0	,0.0	,60.0	,40.0	,0.0	,0.0	,0.0	,0.0	,1398.0	,1438.0	,	,	,****,****,****,****,,否,否,	,	,	,否,	,	,	,	,	,	,	,	,	,	,	,	,否,否,	,否,	,,	,否,	,否,,,否
【重磅新品】云米净水器600G小海豚升级版厨下式RO反渗透直饮家用,251115-385917929100177,已取消,1	,正常,	,	,,	,	,225501370546	,小海豚600G,1813468330532	,厨房电器,净水器/净水设备及配件耗材,净水器,	,6923185653684	,6923185616399	,	,	,无售后或售后取消,,	,	,,,,,,,否,否,	,否,	,,559.0	,0.0	,0.0	,33.54	,0.0	,0.0	,0.0	,0.0	,525.46	,559.0	,	,	,****,****,****,****,,否,否,	,	,	,否,	,	,	,	,	,	,	,	,	,	,	,	,否,否,	,否,	,,	,否,	,否,,,否
云米净水器滤芯小蓝调小海豚600G+专用复合滤芯RO反渗透滤芯过滤,251115-628443124112877,已取消,1	,正常,	,	,,	,	,296967601341	,5in1复合滤芯 2年长效,1600193054565	,厨房电器,净水器/净水设备及配件耗材,净水器配件耗材,	,6923185627425	,	,	,	,无售后或售后取消,,	,	,,,,,,,否,否,	,否,	,,299.0	,0.0	,0.0	,0.0	,0.0	,0.0	,0.0	,0.0	,299.0	,299.0	,	,	,****,****,****,****,,否,否,	,	,	,否,	,	,	,	,	,	,	,	,	,	,	,	,否,否,	,否,	,,	,否,	,否,,,否
VIOMI云米净水器1000G厨下直饮小体积净水机RO机智显龙头3秒满杯,251115-628610896272877,已收货,1	,正常,2025-11-15 10:44:05,2025-11-16 10:44:05,,2025-11-15 17:17:40,2025-11-18 14:44:15,842195971715	,1000G大通量RO净水器,1803617356458	,厨房电器,净水器/净水设备及配件耗材,净水器,	,6923185654247	,	,15096648627维修 [viomi英英sk 11/19 21:46],	,无售后或售后取消,,2025-11-15 10:44:05,	,,,,,,,否,否,	,否,	,,823.0	,0.0	,24.0	,0.0	,5.0	,0.0	,0.0	,0.0	,799.0	,799.0	,JDV024080902811,京东大件物流,云南省,昆明市,安宁市,,,否,否,	,	,	,否,	,	,	,	,	,	,	,	,	,	,	,	,否,否,	,否,否,,	,否,	,否,,,否
云米智能AI门锁3D指纹密码蓝牙可连大容量续航家用公寓自动安全,251115-344834763131880,已发货，待收货,1	,正常,2025-11-15 10:38:17,2025-11-16 10:38:17,,2025-11-15 17:17:40,	,743885774552	,"云米蓝调指纹密码锁LBT11C,黑色",1734954999916	,基础建材,智能门锁/电子锁,智能门锁/电子锁,	,6923185655381	,6923185655381	,	,	,无售后或售后取消,,2025-11-15 10:38:17,	,,,,,,,否,否,	,否,	,,661.0	,0.0	,40.0	,100.0	,0.0	,0.0	,0.0	,0.0	,521.0	,621.0	,JDV024080902873,京东大件物流,广东省,湛江市,赤坎区,,,否,否,	,	,	,否,	,	,	,	,	,	,	,	,	,	,	,	,否,否,	,否,否,,	,否,	,否,,,否
云米净水器滤芯家用小海豚小蓝调小白龙系列专用RO反渗透,251115-416672694643728,已收货，退款成功,1	,正常,2025-11-15 10:22:27,2025-11-17 10:22:27,,2025-11-15 17:17:41,2025-11-18 19:31:47,232467205433	,5in1 复合滤芯,1647394585330	,厨房电器,净水器/净水设备及配件耗材,净水器配件耗材,	,6923185627425	,	,补差后返 到手价109，晒单返10，终到手99元===已退50 [viomi诺诺sk 11/18 19:32],	,退款成功,,2025-11-15 10:22:27,	,,,,,,,否,否,	,否,	,,149.0	,0.0	,0.0	,0.0	,0.0	,0.0	,0.0	,0.0	,149.0	,149.0	,JDV024078397767,京东大件物流,河南省,郑州市,管城回族区,,,否,否,	,	,	,否,	,	,	,	,	,	,	,	,	,	,	,	,否,否,	,否,否,,	,否,	,否,,,否
云米净水器滤芯小蓝调小海豚600G+专用复合滤芯RO反渗透滤芯过滤,251115-034340871822876,已收货，退款成功,1	,正常,2025-11-15 10:19:13,2025-11-16 10:19:13,2025-11-16 23:59:59,2025-11-15 14:02:00,2025-11-16 16:04:14,296967601341	,5in1复合滤芯 2年长效,1600193054565	,厨房电器,净水器/净水设备及配件耗材,净水器配件耗材,	,6923185627425	,	,补差后返 到手价99=200仅退款 [viomi范范sk 11/16 16:06],	,退款成功,,2025-11-15 10:19:13,	,,,,,,,否,否,	,否,	,,299.0	,0.0	,0.0	,0.0	,0.2	,0.0	,0.0	,0.0	,299.0	,299.0	,JDV024078787368,京东大件物流,上海市,上海市,闵行区,,,否,否,	,	,	,否,	,	,	,	,	,	,	,	,	,	,	,	,否,否,	,否,否,,	,否,	,否,,,否
【母婴直饮】云米净水器 SE 600G+ 新升级厨下式RO反渗透直饮家用,251115-634577273154076,未发货，退款成功,1	,正常,2025-11-15 10:17:06,2025-11-16 10:17:06,,	,	,819506595979	,【24年新品】600G升级版6年长效,1787046011387	,厨房电器,净水器/净水设备及配件耗材,净水器,	,6923185653684	,6923185616399	,拦截	ZX2511150066841,	,退款成功,,2025-11-15 10:17:06,	,,,,,,,否,否,	,否,	,,748.0	,0.0	,149.6	,0.0	,0.0	,0.0	,0.0	,0.0	,598.4	,598.4	,	,	,河南省,洛阳市,洛龙区,,,否,否,	,	,	,否,	,	,	,	,	,	,	,	,	,	,	,	,否,否,	,否,否,,	,否,	,否,,,否
【重磅新品】云米净水器600G小海豚升级版厨下式RO反渗透直饮家用,251115-260770414992903,已发货，待收货,1	,正常,2025-11-15 10:09:05,2025-11-16 10:09:05,,2025-11-15 17:17:40,	,225501370546	,小海豚600G,1813468330532	,厨房电器,净水器/净水设备及配件耗材,净水器,	,6923185653684	,6923185616399	,	,	,无售后或售后取消,,2025-11-15 10:09:05,	,,,,,,,否,否,	,否,	,,559.0	,0.0	,0.0	,0.0	,0.0	,0.0	,0.0	,0.0	,559.0	,559.0	,JDV024080943185,京东大件物流,四川省,成都市,新都区,,,否,否,	,	,	,否,	,	,	,	,	,	,	,	,	,	,	,	,否,否,	,否,否,,	,否,	,否,,,否
【重磅新品】云米净水器600G小海豚升级版厨下式RO反渗透直饮家用,251115-404005854752969,已取消,1	,正常,	,	,,	,	,225501370546	,小海豚600G,1813468330532	,厨房电器,净水器/净水设备及配件耗材,净水器,	,6923185653684	,6923185616399	,	,	,无售后或售后取消,,	,	,,,,,,,否,否,	,否,	,,559.0	,0.0	,0.0	,100.0	,0.0	,0.0	,0.0	,0.0	,459.0	,559.0	,	,	,****,****,****,****,,否,否,	,	,	,否,	,	,	,	,	,	,	,	,	,	,	,	,否,否,	,否,	,,	,否,	,否,,,否
VIOMI云米净水器1000G厨下直饮小体积净水机RO机智显龙头3秒满杯,251115-081474435472877,已取消,1	,正常,	,	,,	,	,842195971715	,1000G大通量RO净水器,1803617356458	,厨房电器,净水器/净水设备及配件耗材,净水器,	,6923185654247	,	,	,	,无售后或售后取消,,	,	,,,,,,,否,否,	,否,	,,823.0	,0.0	,24.0	,0.0	,0.0	,0.0	,0.0	,0.0	,799.0	,799.0	,	,	,****,****,****,****,,否,否,	,	,	,否,	,	,	,	,	,	,	,	,	,	,	,	,否,否,	,否,	,,	,否,	,否,,,否
云米智能AI门锁3D指纹密码蓝牙可连大容量续航家用公寓自动安全,251115-517168228783407,已取消,1	,正常,	,	,,	,	,743885774552	,"云米蓝调指纹密码锁LBT11C,黑色",1734954999916	,基础建材,智能门锁/电子锁,智能门锁/电子锁,	,6923185655381	,6923185655381	,	,	,无售后或售后取消,,	,	,,,,,,,否,否,	,否,	,,661.0	,0.0	,40.0	,100.0	,0.0	,0.0	,0.0	,0.0	,521.0	,621.0	,	,	,****,****,****,****,,否,否,	,	,	,否,	,	,	,	,	,	,	,	,	,	,	,	,否,否,	,否,	,,	,否,	,否,,,否
云米AI燃气热水器智控恒温防冻节能安全水质净化精准控温13L强排,251115-068765652630837,已发货，待收货,1	,正常,2025-11-15 09:58:58,2025-11-16 09:58:58,,2025-11-19 10:43:53,	,773161065181	,智控恒温燃气热水器,1755671371526	,大家电,热水器,燃气热水器,	,6923185655688	,6923185655688	,库存不足  明天补货,	,无售后或售后取消,,2025-11-15 09:58:58,	,,,,,,,否,否,	,否,	,,588.0	,0.0	,0.0	,20.0	,0.0	,0.0	,0.0	,0.0	,568.0	,588.0	,JDV024141761218,京东大件物流,四川省,成都市,锦江区,,,否,否,	,	,	,否,	,	,	,	,	,	,	,	,	,	,	,	,否,否,	,否,是,12	,消费者,否,	,否,,花呗分期,否
【母婴直饮】云米净水器 SE 600G+ 新升级厨下式RO反渗透直饮家用,251115-188240423312877,已取消,1	,正常,	,	,,	,	,819506595979	,【24年新品】600G升级版6年长效,1787046011387	,厨房电器,净水器/净水设备及配件耗材,净水器,	,6923185653684	,6923185616399	,	,	,无售后或售后取消,,	,	,,,,,,,否,否,	,否,	,,748.0	,0.0	,149.6	,0.0	,0.0	,0.0	,0.0	,0.0	,598.4	,598.4	,	,	,****,****,****,****,,否,否,	,	,	,否,	,	,	,	,	,	,	,	,	,	,	,	,否,否,	,否,	,,	,否,	,否,,,否
【母婴直饮】云米净水器 SE 600G+ 新升级厨下式RO反渗透直饮家用,251115-585325658512877,已取消,1	,正常,	,	,,	,	,819506595979	,【24年新品】600G升级版6年长效,1787046011387	,厨房电器,净水器/净水设备及配件耗材,净水器,	,6923185653684	,6923185616399	,	,	,无售后或售后取消,,	,	,,,,,,,否,否,	,否,	,,748.0	,0.0	,149.6	,0.0	,0.0	,0.0	,0.0	,0.0	,598.4	,598.4	,	,	,****,****,****,****,,否,否,	,	,	,否,	,	,	,	,	,	,	,	,	,	,	,	,否,否,	,否,	,,	,否,	,否,,,否
【重磅新品】云米净水器600G小海豚升级版厨下式RO反渗透直饮家用,251115-660519043510950,已取消,1	,正常,	,	,,	,	,225501370546	,小海豚600G,1813468330532	,厨房电器,净水器/净水设备及配件耗材,净水器,	,6923185653684	,6923185616399	,	,	,无售后或售后取消,,	,	,,,,,,,否,否,	,否,	,,559.0	,0.0	,0.0	,0.0	,0.0	,0.0	,0.0	,0.0	,559.0	,559.0	,	,	,****,****,****,****,,否,否,	,	,	,否,	,	,	,	,	,	,	,	,	,	,	,	,否,否,	,否,	,,	,否,	,否,,,否
VIOMI云米净水器大通量小海豚800G反渗透RO厨下式家用长效滤芯,251115-614507517550340,已发货，待收货,1	,正常,2025-11-15 09:19:03,2025-11-16 09:19:04,2025-11-16 23:59:59,2025-11-15 17:17:41,	,837957770723	,800G大通量纯水机,1809123722986	,厨房电器,净水器/净水设备及配件耗材,净水器配件耗材,	,6923185653974	,	,	,	,无售后或售后取消,,2025-11-15 09:19:04,	,,,,,,,否,否,	,否,	,,882.0	,0.0	,177.0	,100.0	,0.0	,0.0	,0.0	,0.0	,605.0	,705.0	,JDV024078407883,京东大件物流,广东省,汕头市,濠江区,,,否,否,	,	,	,否,	,	,	,	,	,	,	,	,	,	,	,	,否,否,	,否,否,,	,否,	,否,,,否
【母婴直饮】云米净水器 SE 600G+ 新升级厨下式RO反渗透直饮家用,251115-039793497683059,已发货，待收货,1	,正常,2025-11-15 09:10:10,2025-11-16 09:10:10,,2025-11-15 17:17:41,	,819506595979	,【24年新品】600G升级版6年长效,1787046011387	,厨房电器,净水器/净水设备及配件耗材,净水器,	,6923185653684	,6923185616399	,	,	,无售后或售后取消,,2025-11-15 09:10:10,	,,,,,,,否,否,	,否,	,,748.0	,0.0	,145.6	,20.0	,0.0	,0.0	,0.0	,0.0	,582.4	,602.4	,JDV024078405958,京东大件物流,福建省,福州市,福清市,,,否,否,	,	,	,否,	,	,	,	,	,	,	,	,	,	,	,	,否,否,	,否,否,,	,否,	,否,,,否
【重磅新品】云米净水器600G小海豚升级版厨下式RO反渗透直饮家用,251115-381094469212192,已取消,1	,正常,	,	,,	,	,225501370546	,小海豚600G,1813468330532	,厨房电器,净水器/净水设备及配件耗材,净水器,	,6923185653684	,6923185616399	,	,	,无售后或售后取消,,	,	,,,,,,,否,否,	,否,	,,559.0	,0.0	,0.0	,0.0	,0.0	,0.0	,0.0	,0.0	,559.0	,559.0	,	,	,****,****,****,****,,否,否,	,	,	,否,	,	,	,	,	,	,	,	,	,	,	,	,否,否,	,否,	,,	,否,	,否,,,否
VIOMI云米净水器大通量小海豚800G反渗透RO厨下式家用长效滤芯,251115-149212445023379,已收货，退款成功,2	,正常,2025-11-15 08:51:42,2025-11-16 08:51:42,,2025-11-15 17:17:42,2025-11-19 21:30:57,850333437206	,竹炭复合商品滤芯,1810726753549	,厨房电器,净水器/净水设备及配件耗材,净水器,	,6923185654193	,	,补差后返到手价198==【补差】仅退款370.1  [viomi英英sk 11/19 21:34],	,退款成功,,2025-11-15 08:51:42,	,,,,,,,否,否,	,否,	,,598.0	,0.0	,29.9	,0.0	,0.0	,0.0	,0.0	,0.0	,568.1	,568.1	,JDV024076667480,京东大件物流,安徽省,宣城市,宣州区,,,否,否,	,	,	,否,	,	,	,	,	,	,	,	,	,	,	,	,否,否,	,否,否,,	,否,	,否,,,否
云米全自动智能门锁人脸猫眼密码指纹安全防撬大屏锁已接入米家AP,251115-547744715123628,未发货，退款成功,1	,正常,2025-11-15 08:51:09,2025-11-26 08:51:10,,	,	,804409121514	,LBT16A【人脸猫眼】智能门锁,1778430742491	,基础建材,智能门锁/电子锁,智能门锁/电子锁,	,6923185652724	,	,已建单拦截：ZX2511180066456，卫11.18,	,退款成功,,2025-11-15 08:51:10,	,,,,,,,否,否,	,否,	,,849.0	,0.0	,0.0	,84.9	,0.0	,0.0	,0.0	,0.0	,764.1	,849.0	,	,	,浙江省,温州市,泰顺县,,,否,否,	,	,	,否,	,	,	,	,	,	,	,	,	,	,	,	,否,否,	,否,否,,	,否,	,否,,,否
VIOMI云米净水器大通量小海豚800G反渗透RO厨下式家用长效滤芯,251115-384827461983379,已收货,1	,正常,2025-11-15 08:49:23,2025-11-16 08:49:23,,2025-11-15 17:17:41,2025-11-19 21:33:25,837957770723	,800G大通量纯水机,1809123722986	,厨房电器,净水器/净水设备及配件耗材,净水器配件耗材,	,6923185653974	,	,	,	,无售后或售后取消,,2025-11-15 08:49:23,	,,,,,,,否,否,	,否,	,,882.0	,0.0	,177.0	,77.55	,0.0	,0.0	,0.0	,0.0	,627.45	,705.0	,JDV024078397370,京东大件物流,安徽省,宣城市,宣州区,,,否,否,	,	,	,否,	,	,	,	,	,	,	,	,	,	,	,	,否,否,	,否,否,,	,否,	,否,,,否
【重磅新品】云米净水器600G小海豚升级版厨下式RO反渗透直饮家用,251115-236957274520464,已发货，待收货,1	,正常,2025-11-15 08:49:01,2025-11-16 08:49:01,,2025-11-15 17:17:41,	,225501370546	,小海豚600G,1813468330532	,厨房电器,净水器/净水设备及配件耗材,净水器,	,6923185653684	,6923185616399	,13605180836安装 [viomi英英sk 11/16 17:04],	,无售后或售后取消,,2025-11-15 08:49:01,	,,,,,,,否,否,	,否,	,,559.0	,0.0	,0.0	,0.0	,1.11	,0.0	,0.0	,0.0	,559.0	,559.0	,JDV024078765830,京东大件物流,江苏省,南京市,浦口区,,,否,否,	,	,	,否,	,	,	,	,	,	,	,	,	,	,	,	,否,否,	,否,否,,	,否,	,否,,,否
云米净水器滤芯小蓝调小海豚600G+专用复合滤芯RO反渗透滤芯过滤,251115-383170691421468,已收货，退款成功,1	,正常,2025-11-15 08:45:28,2025-11-16 08:45:28,,2025-11-15 17:17:42,2025-11-17 19:56:27,296967601341	,5in1复合滤芯 2年长效,1600193054565	,厨房电器,净水器/净水设备及配件耗材,净水器配件耗材,	,6923185627425	,	,补差后返到手价99==【补差】仅退款200 [viomi英英sk 11/17 19:57],	,退款成功,,2025-11-15 08:45:28,	,,,,,,,否,否,	,否,	,,299.0	,0.0	,0.0	,0.0	,0.0	,0.0	,0.0	,0.0	,299.0	,299.0	,JDV024076612852,京东大件物流,北京市,北京市,东城区,,,否,否,	,	,	,否,	,	,	,	,	,	,	,	,	,	,	,	,否,否,	,否,否,,	,否,	,否,,,否
【重磅新品】云米净水器600G小海豚升级版厨下式RO反渗透直饮家用,251115-469468516671959,未发货，退款成功,1	,正常,2025-11-15 08:45:31,2025-11-16 08:45:31,,	,	,225501370546	,小海豚600G,1813468330532	,厨房电器,净水器/净水设备及配件耗材,净水器,	,6923185653684	,6923185616399	,聚水潭已取消发货  已退款  11.15,	,退款成功,,2025-11-15 08:45:31,	,,,,,,,否,否,	,否,	,,559.0	,0.0	,0.0	,33.54	,0.0	,0.0	,0.0	,0.0	,525.46	,559.0	,	,	,浙江省,宁波市,慈溪市,,,否,否,	,	,	,否,	,	,	,	,	,	,	,	,	,	,	,	,否,否,	,否,否,,	,否,	,否,,,否
VIOMI云米净水器大通量小海豚800G反渗透RO厨下式家用长效滤芯,251115-013212107103379,未发货，退款成功,2	,正常,2025-11-15 08:44:59,2025-11-16 08:44:59,,	,	,850333437206	,竹炭复合商品滤芯,1810726753549	,厨房电器,净水器/净水设备及配件耗材,净水器,	,6923185654193	,	,补差后返到手价198 聚水潭已取消发货  已退款  11.15,	,退款成功,,2025-11-15 08:44:59,	,,,,,,,否,否,	,否,	,,598.0	,0.0	,29.9	,24.0	,0.0	,0.0	,0.0	,0.0	,544.1	,568.1	,	,	,安徽省,宣城市,宣州区,,,否,否,	,	,	,否,	,	,	,	,	,	,	,	,	,	,	,	,否,否,	,否,否,,	,否,	,否,,,否
【重磅新品】云米净水器600G小海豚升级版厨下式RO反渗透直饮家用,251115-085700165951959,未发货，退款成功,1	,正常,2025-11-15 08:44:10,2025-11-16 08:44:10,,	,	,225501370546	,小海豚600G,1813468330532	,厨房电器,净水器/净水设备及配件耗材,净水器,	,6923185653684	,6923185616399	,聚水潭已取消发货  已退款  11.15,	,退款成功,,2025-11-15 08:44:10,	,,,,,,,否,否,	,否,	,,559.0	,0.0	,0.0	,33.54	,0.2	,0.0	,0.0	,0.0	,525.46	,559.0	,	,	,浙江省,宁波市,慈溪市,,,否,否,	,	,	,否,	,	,	,	,	,	,	,	,	,	,	,	,否,否,	,否,否,,	,否,	,否,,,否
【重磅新品】云米净水器600G小海豚升级版厨下式RO反渗透直饮家用,251115-138810560931020,已发货，待收货,1	,正常,2025-11-15 08:36:57,2025-11-16 08:36:57,,2025-11-15 17:17:41,	,225501370546	,小海豚600G,1813468330532	,厨房电器,净水器/净水设备及配件耗材,净水器,	,6923185653684	,6923185616399	,15935697609安装 [viomi英英sk 11/17 21:02],	,无售后或售后取消,,2025-11-15 08:36:57,	,,,,,,,否,否,	,否,	,,559.0	,0.0	,0.0	,0.0	,2.0	,0.0	,0.0	,0.0	,559.0	,559.0	,JDV024078366412,京东大件物流,山西省,晋中市,平遥县,,,否,否,	,	,	,否,	,	,	,	,	,	,	,	,	,	,	,	,否,否,	,否,否,,	,否,	,否,,,否
【重磅新品】云米净水器600G小海豚升级版厨下式RO反渗透直饮家用,251115-601379357053734,已发货，待收货,1	,正常,2025-11-15 08:32:26,2025-11-16 08:32:26,,2025-11-15 17:17:41,	,225501370546	,小海豚600G,1813468330532	,厨房电器,净水器/净水设备及配件耗材,净水器,	,6923185653684	,6923185616399	,13635218812安装 [viomi英英sk 11/16 16:25],	,无售后或售后取消,,2025-11-15 08:32:26,	,,,,,,,否,否,	,否,	,,559.0	,0.0	,0.0	,0.0	,0.2	,0.0	,0.0	,0.0	,559.0	,559.0	,JDV024078407821,京东大件物流,福建省,宁德市,蕉城区,,,否,否,	,	,	,否,	,	,	,	,	,	,	,	,	,	,	,	,否,否,	,否,否,,	,否,	,否,,,否
【重磅新品】云米净水器600G小海豚升级版厨下式RO反渗透直饮家用,251115-642860981891713,未发货，退款成功,1	,正常,2025-11-15 08:32:05,2025-11-16 08:32:05,,	,	,225501370546	,小海豚600G,1813468330532	,厨房电器,净水器/净水设备及配件耗材,净水器,	,6923185653684	,6923185616399	,已退款成功 无需发货 已挂起锁定 11.15,	,退款成功,,2025-11-15 08:32:05,	,,,,,,,否,否,	,否,	,,559.0	,0.0	,0.0	,0.0	,0.0	,0.0	,0.0	,0.0	,559.0	,559.0	,	,	,广东省,广州市,天河区,,,否,否,	,	,	,否,	,	,	,	,	,	,	,	,	,	,	,	,否,否,	,否,否,,	,否,	,否,,,否
云米净水器滤芯小蓝调小海豚600G+专用复合滤芯RO反渗透滤芯过滤,251115-681878557092324,已发货，待收货,1	,正常,2025-11-15 08:28:26,2025-11-16 08:28:26,2025-11-16 23:59:59,2025-11-15 14:02:01,	,296967601341	,5in1复合滤芯 2年长效,1600193054565	,厨房电器,净水器/净水设备及配件耗材,净水器配件耗材,	,6923185627425	,	,补差后返到手价99,	,无售后或售后取消,,2025-11-15 08:28:26,	,,,,,,,否,否,	,否,	,,299.0	,0.0	,0.0	,0.0	,0.0	,0.0	,0.0	,0.0	,299.0	,299.0	,JDV024076719125,京东大件物流,上海市,上海市,闵行区,,,否,否,	,	,	,否,	,	,	,	,	,	,	,	,	,	,	,	,否,否,	,否,否,,	,否,	,否,,,否
【重磅新品】云米净水器600G小海豚升级版厨下式RO反渗透直饮家用,251115-242703481252324,已发货，待收货,1	,正常,2025-11-15 08:26:41,2025-11-16 08:26:41,2025-11-16 23:59:59,2025-11-15 14:02:00,	,225501370546	,小海豚600G,1813468330532	,厨房电器,净水器/净水设备及配件耗材,净水器,	,6923185653684	,6923185616399	,	,	,无售后或售后取消,,2025-11-15 08:26:41,	,,,,,,,否,否,	,否,	,,559.0	,0.0	,0.0	,0.0	,0.0	,0.0	,0.0	,0.0	,559.0	,559.0	,JDV024078748685,京东大件物流,上海市,上海市,闵行区,,,否,否,	,	,	,否,	,	,	,	,	,	,	,	,	,	,	,	,否,否,	,否,否,,	,否,	,否,,,否
VIOMI云米净水器大通量小海豚800G反渗透RO厨下式家用长效滤芯,251115-611781261663379,未发货，退款成功,1	,正常,2025-11-15 08:26:27,2025-11-16 08:26:27,,	,	,837957770723	,800G大通量纯水机,1809123722986	,厨房电器,净水器/净水设备及配件耗材,净水器配件耗材,	,6923185653974	,	,聚水潭已取消发货  已退款  11.15,	,退款成功,,2025-11-15 08:26:27,	,,,,,,,否,否,	,否,	,,882.0	,0.0	,177.0	,77.55	,0.0	,0.0	,0.0	,0.0	,627.45	,705.0	,	,	,江苏省,南京市,鼓楼区,,,否,否,	,	,	,否,	,	,	,	,	,	,	,	,	,	,	,	,否,否,	,否,否,,	,否,	,否,,,否
云米净水器滤芯小蓝调小海豚600G+专用复合滤芯RO反渗透滤芯过滤,251115-616772452771020,已收货，退款成功,1	,正常,2025-11-15 08:24:13,2025-11-16 08:24:14,,2025-11-15 17:17:40,2025-11-19 10:27:54,296967601341	,5in1复合滤芯 2年长效,1600193054565	,厨房电器,净水器/净水设备及配件耗材,净水器配件耗材,	,6923185627425	,	,299-99=200差价仅退款 [viomi慧慧sk 11/19 10:29],	,退款成功,,2025-11-15 08:24:14,	,,,,,,,否,否,	,否,	,,299.0	,0.0	,0.0	,50.0	,0.0	,0.0	,0.0	,0.0	,249.0	,299.0	,JDV024078406239,京东大件物流,山西省,晋中市,平遥县,,,否,否,	,	,	,否,	,	,	,	,	,	,	,	,	,	,	,	,否,否,	,否,否,,	,否,	,否,,,否
云米净水器滤芯家用小海豚小蓝调小白龙系列专用RO反渗透,251115-400231001721898,未发货，退款成功,1	,正常,2025-11-15 08:23:34,2025-11-17 08:23:34,2025-11-16 23:59:59,	,	,232467205433	,5in1 复合滤芯,1647394585330	,厨房电器,净水器/净水设备及配件耗材,净水器配件耗材,	,6923185627425	,	,聚水潭已取消发货  已退款  11.15,	,退款成功,,2025-11-15 08:23:34,	,,,,,,,否,否,	,否,	,,149.0	,0.0	,0.0	,0.0	,0.17	,0.0	,0.0	,0.0	,149.0	,149.0	,	,	,广东省,深圳市,宝安区,,,否,否,	,	,	,否,	,	,	,	,	,	,	,	,	,	,	,	,否,否,	,否,否,,	,否,	,否,,,否
云米顶侧大吸力蓝调油烟机家用厨房节能自清洁一级能效可挥手智控,251115-155608748422482,已取消,1	,正常,	,	,,	,	,657344402006	,云米智清洁挥手智控单烟机,1723825075586	,大家电,厨房大电,油烟机,	,6923185650973	,6923185650973	,	,	,无售后或售后取消,,	,	,,,,,,,否,否,	,否,	,,839.0	,0.0	,0.0	,0.0	,0.0	,0.0	,0.0	,0.0	,839.0	,839.0	,	,	,****,****,****,****,,否,否,	,	,	,否,	,	,	,	,	,	,	,	,	,	,	,	,否,否,	,否,	,,	,否,	,否,,,否
【重磅新品】云米净水器600G小海豚升级版厨下式RO反渗透直饮家用,251115-253986117233228,已发货，待收货,1	,正常,2025-11-15 08:17:55,2025-11-16 08:17:55,,2025-11-15 17:17:41,	,225501370546	,小海豚600G,1813468330532	,厨房电器,净水器/净水设备及配件耗材,净水器,	,6923185653684	,6923185616399	,	,	,无售后或售后取消,,2025-11-15 08:17:55,	,,,,,,,否,否,	,否,	,,559.0	,0.0	,0.0	,0.0	,6.0	,0.0	,0.0	,0.0	,559.0	,559.0	,JDV024076631761,京东大件物流,河南省,郑州市,金水区,,,否,否,	,	,	,否,	,	,	,	,	,	,	,	,	,	,	,	,否,否,	,否,否,,	,否,	,否,,,否
【重磅新品】云米净水器600G小海豚升级版厨下式RO反渗透直饮家用,251115-111883077250490,已取消,1	,正常,	,	,,	,	,225501370546	,小海豚600G,1813468330532	,厨房电器,净水器/净水设备及配件耗材,净水器,	,6923185653684	,6923185616399	,	,	,无售后或售后取消,,	,	,,,,,,,否,否,	,否,	,,559.0	,0.0	,0.0	,0.0	,0.0	,0.0	,0.0	,0.0	,559.0	,559.0	,	,	,****,****,****,****,,否,否,	,	,	,否,	,	,	,	,	,	,	,	,	,	,	,	,否,否,	,否,	,,	,否,	,否,,,否
【重磅新品】云米净水器600G小海豚升级版厨下式RO反渗透直饮家用,251115-184224345693031,已收货,1	,正常,2025-11-15 07:30:10,2025-11-16 07:30:10,,2025-11-15 14:02:01,2025-11-18 11:52:38,225501370546	,小海豚600G,1813468330532	,厨房电器,净水器/净水设备及配件耗材,净水器,	,6923185653684	,6923185616399	,	,	,无售后或售后取消,,2025-11-15 07:30:10,	,,,,,,,否,否,	,否,	,,559.0	,0.0	,0.0	,0.0	,0.0	,0.0	,0.0	,0.0	,559.0	,559.0	,JDV024076745027,京东大件物流,江苏省,无锡市,锡山区,,,否,否,	,	,	,否,	,	,	,	,	,	,	,	,	,	,	,	,否,否,	,否,否,,	,否,	,否,,,否
【重磅新品】云米净水器600G小海豚升级版厨下式RO反渗透直饮家用,251115-628914951773031,已收货,1	,正常,2025-11-15 07:28:32,2025-11-16 07:28:32,,2025-11-15 14:02:01,2025-11-18 11:53:22,225501370546	,小海豚600G,1813468330532	,厨房电器,净水器/净水设备及配件耗材,净水器,	,6923185653684	,6923185616399	,	,	,无售后或售后取消,,2025-11-15 07:28:32,	,,,,,,,否,否,	,否,	,,559.0	,0.0	,0.0	,0.0	,0.0	,0.0	,0.0	,0.0	,559.0	,559.0	,JDV024076741696,京东大件物流,江苏省,无锡市,锡山区,,,否,否,	,	,	,否,	,	,	,	,	,	,	,	,	,	,	,	,否,否,	,否,否,,	,否,	,否,,,否
【6年套装】云米净水器600G小海豚升级版厨下式RO反渗透直饮家用,251115-582767091273066,已发货，待收货,1	,正常,2025-11-15 06:58:24,2025-11-16 06:58:24,,2025-11-15 17:17:43,	,852932116812	,小海豚600G+6年滤芯套装,1812983769340	,厨房电器,净水器/净水设备及配件耗材,净水器,	,S2508151538001,	,赠送tds检测笔==13702280188安装 [viomi英英sk 11/16 21:17],	,无售后或售后取消,,2025-11-15 06:58:24,	,,,,,,,否,否,	,否,	,,772.0	,0.0	,0.0	,69.48	,0.0	,0.0	,0.0	,0.0	,702.52	,772.0	,JDV024076696623,京东大件物流,广东省,江门市,蓬江区,,,否,否,	,	,	,否,	,	,	,	,	,	,	,	,	,	,	,	,否,否,	,否,否,,	,否,	,否,,,否
【重磅新品】云米净水器600G小海豚升级版厨下式RO反渗透直饮家用,251115-101229534860177,已取消,1	,正常,	,	,,	,	,225501370546	,小海豚600G,1813468330532	,厨房电器,净水器/净水设备及配件耗材,净水器,	,6923185653684	,6923185616399	,	,	,无售后或售后取消,,	,	,,,,,,,否,否,	,否,	,,559.0	,0.0	,0.0	,33.54	,0.0	,0.0	,0.0	,0.0	,525.46	,559.0	,	,	,****,****,****,****,,否,否,	,	,	,否,	,	,	,	,	,	,	,	,	,	,	,	,否,否,	,否,	,,	,否,	,否,,,否
【重磅新品】云米净水器600G小海豚升级版厨下式RO反渗透直饮家用,251115-378022161931417,已取消,1	,正常,	,	,,	,	,225501370546	,小海豚600G,1813468330532	,厨房电器,净水器/净水设备及配件耗材,净水器,	,6923185653684	,6923185616399	,	,	,无售后或售后取消,,	,	,,,,,,,否,否,	,否,	,,559.0	,0.0	,0.0	,0.0	,0.0	,0.0	,0.0	,0.0	,559.0	,559.0	,	,	,****,****,****,****,,否,否,	,	,	,否,	,	,	,	,	,	,	,	,	,	,	,	,否,否,	,否,	,,	,否,	,否,,,否
云米顶侧双吸烟灶套装22m³大吸力抽油烟机聚能猛火灶节能燃气家用,251115-657205563751174,已发货，待收货,1	,正常,2025-11-15 05:47:48,2025-11-16 05:47:49,,2025-11-15 17:17:40,	,382839923175	,【两件套】顶侧双吸烟机+5.2KW灶（天）,1743705224006	,大家电,厨房大电,烟灶消套装,	,S2309261029001,蓝调套装,	,	,无售后或售后取消,,2025-11-15 05:47:49,	,,,,,,,否,否,	,否,	,,1218.0	,0.0	,0.0	,0.0	,0.0	,0.0	,0.0	,0.0	,1218.0	,1218.0	,JDV024078460076,京东大件物流,河北省,保定市,涿州市,,,否,否,	,	,	,否,	,	,	,	,	,	,	,	,	,	,	,	,否,否,	,否,否,,	,否,	,否,,,否
云米AI油烟机双腔大吸力Smart双腔一级能效23m³大风压智清洁节能,251115-413443049052584,已收货,1	,正常,2025-11-15 04:06:07,2025-11-16 04:06:07,,2025-11-15 11:28:56,2025-11-17 13:28:07,750412983827	,AI双腔强吸油烟机,1737582711971	,大家电,厨房大电,油烟机,	,6923185649229	,6923185649229	,晒单赠送清洁剂,	,无售后或售后取消,,2025-11-15 04:06:07,	,,,,,,,否,否,	,否,	,,789.0	,0.0	,0.0	,50.0	,0.2	,0.0	,0.0	,0.0	,739.0	,789.0	,JDV024075618262,京东大件物流,广东省,深圳市,龙岗区,,,否,否,	,	,	,否,	,	,	,	,	,	,	,	,	,	,	,	,否,否,	,否,否,,	,否,	,否,,,否
云米即热净水器厨房家用直饮RO反渗透加热净饮一体机1000G,251115-414250514782785,已取消,1	,正常,	,	,,	,	,846360072018	,即热直饮 1000G大通量,1807240839093	,厨房电器,净水器/净水设备及配件耗材,净水器,	,6923185651116	,6923185651116	,	,	,无售后或售后取消,,	,	,,,,,,,否,否,	,否,	,,1498.0	,0.0	,60.0	,40.0	,0.0	,0.0	,0.0	,0.0	,1398.0	,1438.0	,	,	,****,****,****,****,,否,否,	,	,	,否,	,	,	,	,	,	,	,	,	,	,	,	,否,否,	,否,	,,	,否,	,否,,,否
【重磅新品】云米净水器600G小海豚升级版厨下式RO反渗透直饮家用,251115-281395904920095,已发货，待收货,1	,正常,2025-11-15 02:07:38,2025-11-16 02:07:38,,2025-11-15 11:28:56,	,225501370546	,小海豚600G,1813468330532	,厨房电器,净水器/净水设备及配件耗材,净水器,	,6923185653684	,6923185616399	,	,	,无售后或售后取消,,2025-11-15 02:07:38,	,,,,,,,否,否,	,否,	,,559.0	,0.0	,0.0	,0.0	,0.0	,0.0	,0.0	,0.0	,559.0	,559.0	,JDV024075613269,京东大件物流,辽宁省,沈阳市,沈河区,,,否,否,	,	,	,否,	,	,	,	,	,	,	,	,	,	,	,	,否,否,	,否,否,,	,否,	,否,,,否
【重磅新品】云米净水器600G小海豚升级版厨下式RO反渗透直饮家用,251115-501890486613463,未发货，退款成功,1	,正常,2025-11-15 01:52:15,2025-11-16 01:52:16,,	,	,225501370546	,小海豚600G,1813468330532	,厨房电器,净水器/净水设备及配件耗材,净水器,	,6923185653684	,6923185616399	,聚水潭已取消发货  已退款  11.15,	,退款成功,,2025-11-15 01:52:16,	,,,,,,,否,否,	,否,	,,559.0	,0.0	,0.0	,33.54	,1.05	,0.0	,0.0	,0.0	,525.46	,559.0	,	,	,浙江省,台州市,温岭市,,,否,否,	,	,	,否,	,	,	,	,	,	,	,	,	,	,	,	,否,否,	,否,否,,	,否,	,否,,,否
【重磅新品】云米净水器600G小海豚升级版厨下式RO反渗透直饮家用,251115-426822941013463,已取消,1	,正常,	,	,,	,	,225501370546	,小海豚600G,1813468330532	,厨房电器,净水器/净水设备及配件耗材,净水器,	,6923185653684	,6923185616399	,	,	,无售后或售后取消,,	,	,,,,,,,否,否,	,否,	,,559.0	,0.0	,0.0	,33.54	,0.0	,0.0	,0.0	,0.0	,525.46	,559.0	,	,	,****,****,****,****,,否,否,	,	,	,否,	,	,	,	,	,	,	,	,	,	,	,	,否,否,	,否,	,,	,否,	,否,,,否
【重磅新品】云米净水器600G小海豚升级版厨下式RO反渗透直饮家用,251115-673689188653657,已发货，待收货,1	,正常,2025-11-15 01:17:38,2025-11-16 01:17:39,,2025-11-15 17:17:43,	,225501370546	,小海豚600G,1813468330532	,厨房电器,净水器/净水设备及配件耗材,净水器,	,6923185653684	,6923185616399	,	,	,无售后或售后取消,,2025-11-15 01:17:39,	,,,,,,,否,否,	,否,	,,559.0	,0.0	,0.0	,0.0	,0.0	,0.0	,0.0	,0.0	,559.0	,559.0	,JDV024076706686,京东大件物流,黑龙江省,齐齐哈尔市,建华区,,,否,否,	,	,	,否,	,	,	,	,	,	,	,	,	,	,	,	,否,否,	,否,否,,	,否,	,否,,,否
VIOMI云米净水器1000G厨下直饮小体积净水机RO机智显龙头3秒满杯,251115-180365627781337,已发货，待收货,1	,正常,2025-11-15 01:15:50,2025-11-16 01:15:50,,2025-11-15 11:28:56,	,842195971715	,1000G大通量RO净水器,1803617356458	,厨房电器,净水器/净水设备及配件耗材,净水器,	,6923185654247	,	,	,	,无售后或售后取消,,2025-11-15 01:15:50,	,,,,,,,否,否,	,否,	,,823.0	,0.0	,24.0	,0.0	,6.8	,0.0	,0.0	,0.0	,799.0	,799.0	,JDV024075618181,京东大件物流,云南省,昆明市,五华区,,,否,否,	,	,	,否,	,	,	,	,	,	,	,	,	,	,	,	,否,否,	,否,否,,	,否,	,否,,,否
【6年套装】云米净水器600G小海豚升级版厨下式RO反渗透直饮家用,251115-207209173333463,已取消,1	,正常,	,	,,	,	,852932116812	,小海豚600G+6年滤芯套装,1812983769340	,厨房电器,净水器/净水设备及配件耗材,净水器,	,S2508151538001,	,	,	,无售后或售后取消,,	,	,,,,,,,否,否,	,否,	,,772.0	,0.0	,0.0	,28.0	,0.0	,0.0	,0.0	,0.0	,744.0	,772.0	,	,	,****,****,****,****,,否,否,	,	,	,否,	,	,	,	,	,	,	,	,	,	,	,	,否,否,	,否,	,,	,否,	,否,,,否
【母婴直饮】云米净水器 SE 600G+ 新升级厨下式RO反渗透直饮家用,251115-344153167483224,已收货,1	,正常,2025-11-15 01:01:04,2025-11-16 01:01:04,,2025-11-15 11:28:56,2025-11-17 15:28:36,819506595979	,【24年新品】600G升级版6年长效,1787046011387	,厨房电器,净水器/净水设备及配件耗材,净水器,	,6923185653684	,6923185616399	,	,	,无售后或售后取消,,2025-11-15 01:01:04,	,,,,,,,否,否,	,否,	,,748.0	,0.0	,134.64	,74.8	,0.0	,0.0	,0.0	,0.0	,538.56	,613.36	,JDV024075648637,京东大件物流,重庆市,重庆市,万州区,,,否,否,	,	,	,否,	,	,	,	,	,	,	,	,	,	,	,	,否,否,	,否,否,,	,否,	,否,,,否
【重磅新品】云米净水器600G小海豚升级版厨下式RO反渗透直饮家用,251115-321787031152260,已收货,1	,正常,2025-11-15 00:57:42,2025-11-16 00:57:42,,2025-11-15 17:17:43,2025-11-19 16:27:46,225501370546	,小海豚600G,1813468330532	,厨房电器,净水器/净水设备及配件耗材,净水器,	,6923185653684	,6923185616399	,	,	,无售后或售后取消,,2025-11-15 00:57:42,	,,,,,,,否,否,	,否,	,,559.0	,0.0	,0.0	,100.0	,0.0	,0.0	,0.0	,0.0	,459.0	,559.0	,JDV024076564297,京东大件物流,河北省,邢台市,信都区,,,否,否,	,	,	,否,	,	,	,	,	,	,	,	,	,	,	,	,否,否,	,否,否,,	,否,	,否,,,否
【重磅新品】云米净水器600G小海豚升级版厨下式RO反渗透直饮家用,251115-193273556483457,已收货,1	,正常,2025-11-15 00:48:01,2025-11-16 00:48:02,,2025-11-15 11:28:57,2025-11-16 13:17:07,225501370546	,小海豚600G,1813468330532	,厨房电器,净水器/净水设备及配件耗材,净水器,	,6923185653684	,6923185616399	,	,	,无售后或售后取消,,2025-11-15 00:48:02,	,,,,,,,否,否,	,否,	,,559.0	,0.0	,0.0	,0.0	,0.2	,0.0	,0.0	,0.0	,559.0	,559.0	,JDV024075642984,京东大件物流,广东省,广州市,白云区,,,否,否,	,	,	,否,	,	,	,	,	,	,	,	,	,	,	,	,否,否,	,否,否,,	,否,	,否,,,否
【重磅新品】云米净水器600G小海豚升级版厨下式RO反渗透直饮家用,251115-385079130461468,已发货，待收货,1	,正常,2025-11-15 00:35:27,2025-11-16 00:35:27,,2025-11-15 11:28:57,	,225501370546	,小海豚600G,1813468330532	,厨房电器,净水器/净水设备及配件耗材,净水器,	,6923185653684	,6923185616399	,18301620803安装 [viomi英英sk 11/17 21:05],	,无售后或售后取消,,2025-11-15 00:35:27,	,,,,,,,否,否,	,否,	,,559.0	,0.0	,0.0	,0.0	,0.0	,0.0	,0.0	,0.0	,559.0	,559.0	,JDV024075632662,京东大件物流,北京市,北京市,东城区,,,否,否,	,	,	,否,	,	,	,	,	,	,	,	,	,	,	,	,否,否,	,否,否,,	,否,	,否,,,否
【重磅新品】云米净水器600G小海豚升级版厨下式RO反渗透直饮家用,251115-568349233540668,待发货,1	,正常,2025-11-15 00:31:48,2025-12-15 00:31:48,,	,	,225501370546	,小海豚600G,1813468330532	,厨房电器,净水器/净水设备及配件耗材,净水器,	,6923185653684	,6923185616399	,	,	,无售后或售后取消,,2025-11-15 00:31:48,	,,,,,,,否,否,	,否,	,,559.0	,0.0	,0.0	,100.0	,0.0	,0.0	,0.0	,0.0	,459.0	,559.0	,	,	,湖北省,武汉市,江岸区,,,否,否,	,	,	,否,	,	,	,	,	,	,	,	,	,	,	,	,否,否,	,否,否,,	,否,	,否,,,否
【母婴直饮】云米净水器 SE 600G+ 新升级厨下式RO反渗透直饮家用,251115-365848194563457,未发货，退款成功,1	,正常,2025-11-15 00:25:01,2025-11-16 00:25:01,,	,	,819506595979	,【24年新品】600G升级版6年长效,1787046011387	,厨房电器,净水器/净水设备及配件耗材,净水器,	,6923185653684	,6923185616399	,聚水潭已取消发货  已退款  11.15,	,退款成功,,2025-11-15 00:25:01,	,,,,,,,否,否,	,否,	,,748.0	,0.0	,142.12	,37.4	,0.0	,0.0	,0.0	,0.0	,568.48	,605.88	,	,	,广东省,广州市,白云区,,,否,否,	,	,	,否,	,	,	,	,	,	,	,	,	,	,	,	,否,否,	,否,否,,	,否,	,否,,,否
VIOMI云米净水器大通量小海豚800G反渗透RO厨下式家用长效滤芯,251115-058888087871789,已收货,1	,正常,2025-11-15 00:24:17,2025-11-16 00:24:18,,2025-11-15 11:28:57,2025-11-17 11:44:08,837957770723	,800G大通量纯水机,1809123722986	,厨房电器,净水器/净水设备及配件耗材,净水器配件耗材,	,6923185653974	,	,	,	,无售后或售后取消,,2025-11-15 00:24:18,	,,,,,,,否,否,	,否,	,,882.0	,0.0	,177.0	,100.0	,0.0	,0.0	,0.0	,0.0	,605.0	,705.0	,JDV024075593315,京东大件物流,江西省,赣州市,瑞金市,,,否,否,	,	,	,否,	,	,	,	,	,	,	,	,	,	,	,	,否,否,	,否,否,,	,否,	,否,,,否
【6年套装】云米净水器600G小海豚升级版厨下式RO反渗透直饮家用,251115-583469709653463,未发货，退款成功,1	,正常,2025-11-15 00:11:23,2025-11-16 00:11:23,,	,	,852932116812	,小海豚600G+6年滤芯套装,1812983769340	,厨房电器,净水器/净水设备及配件耗材,净水器,	,S2508151538001,	,聚水潭已取消发货  已退款  11.15,	,退款成功,,2025-11-15 00:11:23,	,,,,,,,否,否,	,否,	,,772.0	,0.0	,0.0	,61.76	,0.0	,0.0	,0.0	,0.0	,710.24	,772.0	,	,	,浙江省,台州市,温岭市,,,否,否,	,	,	,否,	,	,	,	,	,	,	,	,	,	,	,	,否,否,	,否,否,,	,否,	,否,,,否
云米60L速热电热水器3000W一级节能变频增容租房安全已接入米家AP,251115-543267243551840,未发货，退款成功,1	,正常,2025-11-15 00:07:34,2025-11-16 00:07:34,,	,	,208071231700	,双管变频速热60L,1660917678582	,大家电,热水器,电热水器,	,6923185602224	,6923185602224	,聚水潭已取消发货  已退款  11.15,	,退款成功,,2025-11-15 00:07:34,	,,,,,,,否,否,	,否,	,,699.0	,0.0	,0.0	,34.95	,1.32	,0.0	,0.0	,0.0	,664.05	,699.0	,	,	,黑龙江省,哈尔滨市,道外区,,,否,否,	,	,	,否,	,	,	,	,	,	,	,	,	,	,	,	,否,否,	,否,否,,	,否,	,否,,,否
【重磅新品】云米净水器600G小海豚升级版厨下式RO反渗透直饮家用,251115-227541072302140,已收货,2	,正常,2025-11-15 00:03:11,2025-11-16 00:03:11,,2025-11-15 17:17:43,2025-11-19 22:19:18,225501370546	,小海豚600G,1813468330532	,厨房电器,净水器/净水设备及配件耗材,净水器,	,6923185653684	,6923185616399	,	,	,无售后或售后取消,,2025-11-15 00:03:11,	,,,,,,,否,否,	,否,	,,1118.0	,0.0	,11.18	,66.4	,1.36	,0.0	,0.0	,0.0	,1040.42	,1106.82	,JDV024076608586,京东大件物流,福建省,莆田市,仙游县,,,否,否,	,	,	,否,	,	,	,	,	,	,	,	,	,	,	,	,否,否,	,否,否,,	,否,	,否,,,否
【重磅新品】云米净水器600G小海豚升级版厨下式RO反渗透直饮家用,251114-258180442484050,未发货，退款成功,1	,正常,2025-11-14 23:57:48,2025-11-15 23:57:48,,	,	,225501370546	,小海豚600G,1813468330532	,厨房电器,净水器/净水设备及配件耗材,净水器,	,6923185653684	,6923185616399	,聚水潭已取消发货  已退款  11.15,	,退款成功,,2025-11-14 23:57:48,	,,,,,,,否,否,	,否,	,,559.0	,0.0	,0.0	,50.0	,0.0	,0.0	,0.0	,0.0	,509.0	,559.0	,	,	,北京市,北京市,丰台区,,,否,否,	,	,	,否,	,	,	,	,	,	,	,	,	,	,	,	,否,否,	,否,否,,	,否,	,否,,,否
【重磅新品】云米净水器600G小海豚升级版厨下式RO反渗透直饮家用,251114-104113118763318,未发货，退款成功,1	,正常,2025-11-14 23:54:27,2025-11-15 23:54:27,,	,	,225501370546	,小海豚600G,1813468330532	,厨房电器,净水器/净水设备及配件耗材,净水器,	,6923185653684	,6923185616399	,聚水潭已取消发货  已退款  11.15,	,退款成功,,2025-11-14 23:54:27,	,,,,,,,否,否,	,否,	,,559.0	,0.0	,0.0	,55.9	,0.0	,0.0	,0.0	,0.0	,503.1	,559.0	,	,	,湖南省,娄底市,娄星区,,,否,否,	,	,	,否,	,	,	,	,	,	,	,	,	,	,	,	,否,否,	,否,否,,	,否,	,否,,,否
【重磅新品】云米净水器600G小海豚升级版厨下式RO反渗透直饮家用,251114-455459499640645,已取消,1	,正常,	,	,,	,	,225501370546	,小海豚600G,1813468330532	,厨房电器,净水器/净水设备及配件耗材,净水器,	,6923185653684	,6923185616399	,	,	,无售后或售后取消,,	,	,,,,,,,否,否,	,否,	,,559.0	,0.0	,0.0	,100.0	,0.0	,0.0	,0.0	,0.0	,459.0	,559.0	,	,	,****,****,****,****,,否,否,	,	,	,否,	,	,	,	,	,	,	,	,	,	,	,	,否,否,	,否,	,,	,否,	,否,,,否
【母婴直饮】云米净水器 SE 600G+ 新升级厨下式RO反渗透直饮家用,251114-291168663943819,已取消,1	,正常,	,	,,	,	,819506595979	,【24年新品】600G升级版6年长效,1787046011387	,厨房电器,净水器/净水设备及配件耗材,净水器,	,6923185653684	,6923185616399	,	,	,无售后或售后取消,,	,	,,,,,,,否,否,	,否,	,,748.0	,0.0	,139.6	,50.0	,0.0	,0.0	,0.0	,0.0	,558.4	,608.4	,	,	,****,****,****,****,,否,否,	,	,	,否,	,	,	,	,	,	,	,	,	,	,	,	,否,否,	,否,	,,	,否,	,否,,,否
VIOMI云米净水器大通量小海豚800G反渗透RO厨下式家用长效滤芯,251114-172113314191188,已收货,1	,正常,2025-11-14 23:33:52,2025-11-15 23:33:52,,2025-11-15 14:02:01,2025-11-19 16:16:10,837957770723	,800G大通量纯水机,1809123722986	,厨房电器,净水器/净水设备及配件耗材,净水器配件耗材,	,6923185653974	,	,	,	,无售后或售后取消,,2025-11-14 23:33:52,	,,,,,,,否,否,	,否,	,,882.0	,0.0	,177.0	,70.5	,0.0	,0.0	,0.0	,0.0	,634.5	,705.0	,JDV024075593350,京东大件物流,安徽省,滁州市,天长市,,,否,否,	,	,	,否,	,	,	,	,	,	,	,	,	,	,	,	,否,否,	,否,否,,	,否,	,否,,,否
【重磅新品】云米净水器600G小海豚升级版厨下式RO反渗透直饮家用,251114-045864763762510,已取消,1	,正常,	,	,,	,	,225501370546	,小海豚600G,1813468330532	,厨房电器,净水器/净水设备及配件耗材,净水器,	,6923185653684	,6923185616399	,	,	,无售后或售后取消,,	,	,,,,,,,否,否,	,否,	,,559.0	,0.0	,0.0	,0.0	,0.0	,0.0	,0.0	,0.0	,559.0	,559.0	,	,	,****,****,****,****,,否,否,	,	,	,否,	,	,	,	,	,	,	,	,	,	,	,	,否,否,	,否,	,,	,否,	,否,,,否
【6年套装】云米净水器600G小海豚升级版厨下式RO反渗透直饮家用,251114-356033544602526,已发货，待收货,1	,正常,2025-11-15 08:52:51,2025-11-16 08:52:52,,2025-11-15 17:17:41,	,852932116812	,小海豚600G+6年滤芯套装,1812983769340	,厨房电器,净水器/净水设备及配件耗材,净水器,	,S2508151538001,	,	,	,无售后或售后取消,,2025-11-15 08:52:52,	,,,,,,,否,否,	,否,	,,772.0	,0.0	,0.0	,100.0	,6.0	,0.0	,0.0	,0.0	,672.0	,772.0	,JDV024078420557,京东大件物流,山西省,太原市,万柏林区,,,否,否,	,	,	,否,	,	,	,	,	,	,	,	,	,	,	,	,否,否,	,否,否,,	,否,	,否,,,否
【重磅新品】云米净水器600G小海豚升级版厨下式RO反渗透直饮家用,251114-164186100111727,已发货，待收货,1	,正常,2025-11-14 23:21:55,2025-11-15 23:21:55,2025-11-16 23:59:59,2025-11-15 17:17:42,	,225501370546	,小海豚600G,1813468330532	,厨房电器,净水器/净水设备及配件耗材,净水器,	,6923185653684	,6923185616399	,15546789772安装 [viomi英英sk 11/16 22:26],	,无售后或售后取消,,2025-11-14 23:21:55,	,,,,,,,否,否,	,否,	,,559.0	,0.0	,0.0	,0.0	,0.0	,0.0	,0.0	,0.0	,559.0	,559.0	,JDV024076686732,京东大件物流,广东省,东莞市,万江区,,,否,否,	,	,	,否,	,	,	,	,	,	,	,	,	,	,	,	,否,否,	,否,否,,	,否,	,否,,,否
【重磅新品】云米净水器600G小海豚升级版厨下式RO反渗透直饮家用,251114-400535078454027,已取消,1	,正常,	,	,,	,	,225501370546	,小海豚600G,1813468330532	,厨房电器,净水器/净水设备及配件耗材,净水器,	,6923185653684	,6923185616399	,	,	,无售后或售后取消,,	,	,,,,,,,否,否,	,否,	,,559.0	,0.0	,0.0	,0.0	,0.0	,0.0	,0.0	,0.0	,559.0	,559.0	,	,	,****,****,****,****,,否,否,	,	,	,否,	,	,	,	,	,	,	,	,	,	,	,	,否,否,	,否,	,,	,否,	,否,,,否
【母婴直饮】云米净水器 SE 600G+ 新升级厨下式RO反渗透直饮家用,251114-085375117722526,已取消,1	,正常,	,	,,	,	,819506595979	,【24年新品】600G升级版6年长效,1787046011387	,厨房电器,净水器/净水设备及配件耗材,净水器,	,6923185653684	,6923185616399	,	,	,无售后或售后取消,,	,	,,,,,,,否,否,	,否,	,,748.0	,0.0	,130.15	,97.24	,0.0	,0.0	,0.0	,0.0	,520.61	,617.85	,	,	,****,****,****,****,,否,否,	,	,	,否,	,	,	,	,	,	,	,	,	,	,	,	,否,否,	,否,	,,	,否,	,否,,,否
VIOMI云米净水器大通量小海豚800G反渗透RO厨下式家用长效滤芯,251114-311196423770836,已发货，待收货,1	,正常,2025-11-14 23:04:21,2025-11-15 23:04:22,,2025-11-15 17:17:43,	,837957770723	,800G大通量纯水机,1809123722986	,厨房电器,净水器/净水设备及配件耗材,净水器配件耗材,	,6923185653974	,	,	,	,无售后或售后取消,,2025-11-14 23:04:22,	,,,,,,,否,否,	,否,	,,882.0	,0.0	,177.0	,70.5	,0.0	,0.0	,0.0	,0.0	,634.5	,705.0	,JDV024076695650,京东大件物流,安徽省,蚌埠市,蚌山区,,,否,否,	,	,	,否,	,	,	,	,	,	,	,	,	,	,	,	,否,否,	,否,否,,	,否,	,否,,,否
云米智能AI门锁3D指纹密码蓝牙可连大容量续航家用公寓自动安全,251114-547671304571880,已取消,2	,正常,	,	,,	,	,743885774552	,"云米蓝调指纹密码锁LBT11C,黑色",1734954999916	,基础建材,智能门锁/电子锁,智能门锁/电子锁,	,6923185655381	,6923185655381	,	,	,无售后或售后取消,,	,	,,,,,,,否,否,	,否,	,,1322.0	,0.0	,140.0	,40.0	,0.0	,0.0	,0.0	,0.0	,1142.0	,1182.0	,	,	,****,****,****,****,,否,否,	,	,	,否,	,	,	,	,	,	,	,	,	,	,	,	,否,否,	,否,	,,	,否,	,否,,,否
云米智能洗碗机10套热风烘干消毒嵌入式洗烘存一体家用IronA1,251114-195548976652230,已发货，待收货,1	,正常,2025-11-14 22:54:03,2025-11-15 22:54:03,,2025-11-15 09:43:19,	,223485946991	,Iron A1消毒除菌洗碗机10套,1357746713795	,大家电,厨房大电,洗碗机,	,6923185616375	,6923185616375	,后返，到手价1500,	,无售后或售后取消,,2025-11-14 22:54:03,	,,,,,,,否,否,	,否,	,,2019.0	,0.0	,0.0	,4.0	,0.0	,0.0	,0.0	,0.0	,2015.0	,2019.0	,JDV024075259962,京东大件物流,上海市,上海市,静安区,,,否,否,	,	,	,否,	,	,	,	,	,	,	,	,	,	,	,	,否,否,	,否,否,,	,否,	,否,,,否
云米智能洗碗机10套热风烘干消毒嵌入式洗烘存一体家用IronA1,251114-303395008012230,已发货，待收货,2	,正常,2025-11-14 22:50:13,2025-11-15 22:50:13,,2025-11-15 17:17:41,	,223485946991	,Iron A1消毒除菌洗碗机10套,1357746713795	,大家电,厨房大电,洗碗机,	,6923185616375	,6923185616375	,后返，到手价1500;奇门回传单号:JDV024076676184,	,无售后或售后取消,,2025-11-14 22:50:13,	,,,,,,,否,否,	,否,	,,4038.0	,0.0	,201.9	,4.0	,0.0	,0.0	,0.0	,0.0	,3832.1	,3836.1	,JDV024076676184,京东大件物流,上海市,上海市,普陀区,,,否,否,	,	,	,否,	,	,	,	,	,	,	,	,	,	,	,	,否,否,	,否,否,,	,否,	,否,,,否
云米智能洗碗机10套热风烘干消毒嵌入式洗烘存一体家用IronA1,251114-161124206092230,已发货，待收货,1	,正常,2025-11-14 22:48:37,2025-11-15 22:48:37,,2025-11-15 09:43:19,	,223485946991	,Iron A1消毒除菌洗碗机10套,1357746713795	,大家电,厨房大电,洗碗机,	,6923185616375	,6923185616375	,后返，到手价1500,	,无售后或售后取消,,2025-11-14 22:48:37,	,,,,,,,否,否,	,否,	,,2019.0	,0.0	,0.0	,5.0	,0.0	,0.0	,0.0	,0.0	,2014.0	,2019.0	,JDV024075253520,京东大件物流,上海市,上海市,宝山区,,,否,否,	,	,	,否,	,	,	,	,	,	,	,	,	,	,	,	,否,否,	,否,否,,	,否,	,否,,,否
云米顶侧双吸烟灶套装22m³大吸力抽油烟机聚能猛火灶节能燃气家用,251114-108297009453470,已发货，待收货,1	,正常,2025-11-14 22:48:36,2025-11-15 22:48:37,,2025-11-15 17:17:40,	,382839923175	,【两件套】顶侧双吸烟机+5.2KW灶（天）,1743705224006	,大家电,厨房大电,烟灶消套装,	,S2309261029001,蓝调套装,	,	,无售后或售后取消,,2025-11-14 22:48:37,	,,,,,,,否,否,	,否,	,,1218.0	,0.0	,0.0	,121.8	,0.0	,0.0	,0.0	,0.0	,1096.2	,1218.0	,JDV024078460022,京东大件物流,内蒙古自治区,巴彦淖尔市,临河区,,,否,否,	,	,	,否,	,	,	,	,	,	,	,	,	,	,	,	,否,否,	,否,否,,	,否,	,否,,,否
云米智能洗碗机10套热风烘干消毒嵌入式洗烘存一体家用IronA1,251114-548971517452230,已发货，待收货,1	,正常,2025-11-14 22:47:55,2025-11-15 22:47:55,,2025-11-15 09:43:19,	,223485946991	,Iron A1消毒除菌洗碗机10套,1357746713795	,大家电,厨房大电,洗碗机,	,6923185616375	,6923185616375	,后返，到手价1500,	,无售后或售后取消,,2025-11-14 22:47:55,	,,,,,,,否,否,	,否,	,,2019.0	,0.0	,0.0	,5.0	,0.0	,0.0	,0.0	,0.0	,2014.0	,2019.0	,JDV024075270234,京东大件物流,上海市,上海市,宝山区,,,否,否,	,	,	,否,	,	,	,	,	,	,	,	,	,	,	,	,否,否,	,否,否,,	,否,	,否,,,否
【重磅新品】云米净水器600G小海豚升级版厨下式RO反渗透直饮家用,251114-005976891003733,已发货，待收货,1	,正常,2025-11-14 22:47:11,2025-11-15 22:47:11,,2025-11-15 09:43:57,	,225501370546	,小海豚600G,1813468330532	,厨房电器,净水器/净水设备及配件耗材,净水器,	,6923185653684	,6923185616399	,	,	,无售后或售后取消,,2025-11-14 22:47:11,	,,,,,,,否,否,	,否,	,,559.0	,0.0	,0.0	,55.9	,0.0	,0.0	,0.0	,0.0	,503.1	,559.0	,JDV024075483020,京东大件物流,浙江省,杭州市,上城区,,,否,否,	,	,	,否,	,	,	,	,	,	,	,	,	,	,	,	,否,否,	,否,否,,	,否,	,否,,,否
云米智能洗碗机10套热风烘干消毒嵌入式洗烘存一体家用IronA1,251114-234209953292230,已发货，待收货,1	,正常,2025-11-14 22:46:22,2025-11-15 22:46:22,,2025-11-15 09:43:19,	,223485946991	,Iron A1消毒除菌洗碗机10套,1357746713795	,大家电,厨房大电,洗碗机,	,6923185616375	,6923185616375	,后返，到手价1500,	,无售后或售后取消,,2025-11-14 22:46:22,	,,,,,,,否,否,	,否,	,,2019.0	,0.0	,0.0	,5.0	,0.0	,0.0	,0.0	,0.0	,2014.0	,2019.0	,JDV024075294219,京东大件物流,上海市,上海市,宝山区,,,否,否,	,	,	,否,	,	,	,	,	,	,	,	,	,	,	,	,否,否,	,否,否,,	,否,	,否,,,否
VIOMI云米净水器1000G厨下直饮小体积净水机RO机智显龙头3秒满杯,251114-554445105473705,已发货，待收货,1	,正常,2025-11-14 22:46:01,2025-11-15 22:46:01,,2025-11-15 11:28:57,	,842195971715	,1000G大通量RO净水器,1803617356458	,厨房电器,净水器/净水设备及配件耗材,净水器,	,6923185654247	,	,13253598572安装 [viomi英英sk 11/17 18:35],	,无售后或售后取消,,2025-11-14 22:46:01,	,,,,,,,否,否,	,否,	,,823.0	,0.0	,24.0	,79.9	,10.0	,0.0	,0.0	,0.0	,719.1	,799.0	,JDV024075297924,京东大件物流,江苏省,常州市,钟楼区,,,否,否,	,	,	,否,	,	,	,	,	,	,	,	,	,	,	,	,否,否,	,否,否,,	,否,	,否,,,否
【母婴直饮】云米净水器 SE 600G+ 新升级厨下式RO反渗透直饮家用,251114-075916972440722,已发货，待收货,1	,正常,2025-11-14 22:45:27,2025-11-15 22:45:28,2025-11-16 23:59:59,2025-11-15 09:43:18,	,819506595979	,【24年新品】600G升级版6年长效,1787046011387	,厨房电器,净水器/净水设备及配件耗材,净水器,	,6923185653684	,6923185616399	,	,	,无售后或售后取消,,2025-11-14 22:45:28,	,,,,,,,否,否,	,否,	,,748.0	,0.0	,130.15	,97.24	,0.0	,0.0	,0.0	,0.0	,520.61	,617.85	,JDV024075376235,京东大件物流,江苏省,泰州市,兴化市,,,否,否,	,	,	,否,	,	,	,	,	,	,	,	,	,	,	,	,否,否,	,否,否,,	,否,	,否,,,否
云米智能洗碗机10套热风烘干消毒嵌入式洗烘存一体家用IronA1,251114-234807631372230,已发货，待收货,1	,正常,2025-11-14 22:44:13,2025-11-15 22:44:13,,2025-11-15 09:43:19,	,223485946991	,Iron A1消毒除菌洗碗机10套,1357746713795	,大家电,厨房大电,洗碗机,	,6923185616375	,6923185616375	,后返，到手价1500,	,无售后或售后取消,,2025-11-14 22:44:13,	,,,,,,,否,否,	,否,	,,2019.0	,0.0	,0.0	,5.0	,0.0	,0.0	,0.0	,0.0	,2014.0	,2019.0	,JDV024075313586,京东大件物流,上海市,上海市,普陀区,,,否,否,	,	,	,否,	,	,	,	,	,	,	,	,	,	,	,	,否,否,	,否,否,,	,否,	,否,,,否
【重磅新品】云米净水器600G小海豚升级版厨下式RO反渗透直饮家用,251114-382541556023200,已发货，待收货,1	,正常,2025-11-14 22:38:07,2025-11-15 22:38:08,,2025-11-15 11:28:57,	,225501370546	,小海豚600G,1813468330532	,厨房电器,净水器/净水设备及配件耗材,净水器,	,6923185653684	,6923185616399	,	,	,无售后或售后取消,,2025-11-14 22:38:08,	,,,,,,,否,否,	,否,	,,559.0	,0.0	,0.0	,33.54	,0.0	,0.0	,0.0	,0.0	,525.46	,559.0	,JDV024075294811,京东大件物流,山东省,东营市,东营区,,,否,否,	,	,	,否,	,	,	,	,	,	,	,	,	,	,	,	,否,否,	,否,否,,	,否,	,否,,,否
【重磅新品】云米净水器600G小海豚升级版厨下式RO反渗透直饮家用,251114-063008981322597,已收货,1	,正常,2025-11-14 22:34:03,2025-11-15 22:34:04,,2025-11-15 11:28:57,2025-11-19 10:11:07,225501370546	,小海豚600G,1813468330532	,厨房电器,净水器/净水设备及配件耗材,净水器,	,6923185653684	,6923185616399	,13589100612安装 [viomi英英sk 11/18 18:41],	,无售后或售后取消,,2025-11-14 22:34:04,	,,,,,,,否,否,	,否,	,,559.0	,0.0	,0.0	,33.54	,1.05	,0.0	,0.0	,0.0	,525.46	,559.0	,JDV024075294757,京东大件物流,山东省,济南市,历城区,,,否,否,	,	,	,否,	,	,	,	,	,	,	,	,	,	,	,	,否,否,	,否,否,,	,否,	,否,,,否
VIOMI云米净水器1000G厨下直饮小体积净水机RO机智显龙头3秒满杯,251114-118457711024061,已收货,1	,正常,2025-11-14 22:33:55,2025-11-15 22:33:55,,2025-11-15 11:28:57,2025-11-17 16:31:17,842195971715	,1000G大通量RO净水器,1803617356458	,厨房电器,净水器/净水设备及配件耗材,净水器,	,6923185654247	,	,	,	,无售后或售后取消,,2025-11-14 22:33:55,	,,,,,,,否,否,	,否,	,,823.0	,0.0	,24.0	,79.9	,0.0	,0.0	,0.0	,0.0	,719.1	,799.0	,JDV024075260720,京东大件物流,湖南省,邵阳市,邵东市,,,否,否,	,	,	,否,	,	,	,	,	,	,	,	,	,	,	,	,否,是,	,否,否,,	,否,	,否,,,否
云米净水器滤芯1234号滤芯厨上厨下通用RO反渗透家用400G/600G,251114-490020596103470,已取消,1	,正常,	,	,,	,	,296957182528	,"3号RO反渗透滤芯,400G",1600683136686	,厨房电器,净水器/净水设备及配件耗材,净水器配件耗材,	,6923185600138	,	,	,	,无售后或售后取消,,	,	,,,,,,,否,否,	,否,	,,439.0	,0.0	,0.0	,0.0	,0.0	,0.0	,0.0	,0.0	,439.0	,439.0	,	,	,****,****,****,****,,否,否,	,	,	,否,	,	,	,	,	,	,	,	,	,	,	,	,是,否,	,否,	,,	,否,	,否,,,否
【重磅新品】云米净水器600G小海豚升级版厨下式RO反渗透直饮家用,251114-508716695893074,已发货，待收货,1	,正常,2025-11-14 22:22:56,2025-11-15 22:22:57,,2025-11-15 11:28:57,	,225501370546	,小海豚600G,1813468330532	,厨房电器,净水器/净水设备及配件耗材,净水器,	,6923185653684	,6923185616399	,	,	,无售后或售后取消,,2025-11-14 22:22:57,	,,,,,,,否,否,	,否,	,,559.0	,0.0	,0.0	,0.0	,0.0	,0.0	,0.0	,0.0	,559.0	,559.0	,JDV024075255356,京东大件物流,广东省,中山市,港口镇,,,否,否,	,	,	,否,	,	,	,	,	,	,	,	,	,	,	,	,否,否,	,否,否,,	,否,	,否,,,否
云米净水器滤芯小蓝调小海豚600G+专用复合滤芯RO反渗透滤芯过滤,251114-399476037270761,已收货，退款成功,1	,正常,2025-11-14 22:22:27,2025-11-15 22:22:28,,2025-11-15 09:43:19,2025-11-19 16:19:09,296967601341	,5in1复合滤芯 2年长效,1600193054565	,厨房电器,净水器/净水设备及配件耗材,净水器配件耗材,	,6923185627425	,	,后返，到手价99=差价200仅退款 [viomi莉莉sk 11/19 18:17],	,退款成功,,2025-11-14 22:22:28,	,,,,,,,否,否,	,否,	,,299.0	,0.0	,0.0	,0.0	,0.0	,0.0	,0.0	,0.0	,299.0	,299.0	,JDV024075424762,京东大件物流,江西省,南昌市,西湖区,,,否,否,	,	,	,否,	,	,	,	,	,	,	,	,	,	,	,	,否,否,	,否,否,,	,否,	,否,,,否
【重磅新品】云米净水器600G小海豚升级版厨下式RO反渗透直饮家用,251114-350832638293074,未发货，退款成功,1	,正常,2025-11-14 22:15:53,2025-11-15 22:15:54,,	,	,225501370546	,小海豚600G,1813468330532	,厨房电器,净水器/净水设备及配件耗材,净水器,	,6923185653684	,6923185616399	,聚水潭已取消发货  已退款  11.15,	,退款成功,,2025-11-14 22:15:54,	,,,,,,,否,否,	,否,	,,559.0	,0.0	,0.0	,0.0	,0.0	,0.0	,0.0	,0.0	,559.0	,559.0	,	,	,广东省,中山市,港口镇,,,否,否,	,	,	,否,	,	,	,	,	,	,	,	,	,	,	,	,否,否,	,否,否,,	,否,	,否,,,否
【重磅新品】云米净水器600G小海豚升级版厨下式RO反渗透直饮家用,251114-432464238230761,已收货,1	,正常,2025-11-14 22:15:13,2025-11-15 22:15:14,,2025-11-15 09:43:57,2025-11-18 13:31:23,225501370546	,小海豚600G,1813468330532	,厨房电器,净水器/净水设备及配件耗材,净水器,	,6923185653684	,6923185616399	,	,	,无售后或售后取消,,2025-11-14 22:15:14,	,,,,,,,否,否,	,否,	,,559.0	,0.0	,0.0	,100.0	,2.0	,0.0	,0.0	,0.0	,459.0	,559.0	,JDV024075483082,京东大件物流,江西省,南昌市,西湖区,,,否,否,	,	,	,否,	,	,	,	,	,	,	,	,	,	,	,	,否,否,	,否,否,,	,否,	,否,,,否
【母婴直饮】云米净水器 SE 600G+ 新升级厨下式RO反渗透直饮家用,251114-468545769882526,已取消,1	,正常,	,	,,	,	,819506595979	,【24年新品】600G升级版6年长效,1787046011387	,厨房电器,净水器/净水设备及配件耗材,净水器,	,6923185653684	,6923185616399	,	,	,无售后或售后取消,,	,	,,,,,,,否,否,	,否,	,,748.0	,0.0	,129.6	,100.0	,0.0	,0.0	,0.0	,0.0	,518.4	,618.4	,	,	,****,****,****,****,,否,否,	,	,	,否,	,	,	,	,	,	,	,	,	,	,	,	,否,否,	,否,	,,	,否,	,否,,,否
【重磅新品】云米净水器600G小海豚升级版厨下式RO反渗透直饮家用,251114-407214507593700,已取消,1	,正常,	,	,,	,	,225501370546	,小海豚600G,1813468330532	,厨房电器,净水器/净水设备及配件耗材,净水器,	,6923185653684	,6923185616399	,	,	,无售后或售后取消,,	,	,,,,,,,否,否,	,否,	,,559.0	,0.0	,0.0	,100.0	,0.0	,0.0	,0.0	,0.0	,459.0	,559.0	,	,	,****,****,****,****,,否,否,	,	,	,否,	,	,	,	,	,	,	,	,	,	,	,	,否,否,	,否,	,,	,否,	,否,,,否
云米顶侧大吸力蓝调油烟机家用厨房节能自清洁一级能效可挥手智控,251114-224175122744083,已取消,1	,正常,	,	,,	,	,657344402006	,云米智清洁挥手智控单烟机,1723825075586	,大家电,厨房大电,油烟机,	,6923185650973	,6923185650973	,	,	,无售后或售后取消,,	,	,,,,,,,否,否,	,否,	,,789.0	,0.0	,0.0	,0.0	,0.0	,0.0	,0.0	,0.0	,789.0	,789.0	,	,	,****,****,****,****,,否,否,	,	,	,否,	,	,	,	,	,	,	,	,	,	,	,	,否,否,	,否,	,,	,否,	,否,,,否
【重磅新品】云米净水器600G小海豚升级版厨下式RO反渗透直饮家用,251114-083676393110438,已发货，待收货,1	,正常,2025-11-14 22:06:29,2025-11-15 22:06:29,,2025-11-15 09:43:57,	,225501370546	,小海豚600G,1813468330532	,厨房电器,净水器/净水设备及配件耗材,净水器,	,6923185653684	,6923185616399	,	,	,无售后或售后取消,,2025-11-14 22:06:29,	,,,,,,,否,否,	,否,	,,559.0	,0.0	,0.0	,0.0	,1.11	,0.0	,0.0	,0.0	,559.0	,559.0	,JDV024075418093,京东大件物流,江苏省,徐州市,鼓楼区,,,否,否,	,	,	,否,	,	,	,	,	,	,	,	,	,	,	,	,否,是,	,否,否,,	,否,	,否,,,否
VIOMI云米净水器大通量小海豚800G反渗透RO厨下式家用长效滤芯,251114-391118928210388,已取消,1	,正常,	,	,,	,	,837957770723	,800G大通量纯水机,1809123722986	,厨房电器,净水器/净水设备及配件耗材,净水器配件耗材,	,6923185653974	,	,	,	,无售后或售后取消,,	,	,,,,,,,否,否,	,否,	,,882.0	,0.0	,177.0	,98.7	,0.0	,0.0	,0.0	,0.0	,606.3	,705.0	,	,	,****,****,****,****,,否,否,	,	,	,否,	,	,	,	,	,	,	,	,	,	,	,	,否,否,	,否,	,,	,否,	,否,,,否
云米即热净水器厨房家用直饮RO反渗透加热净饮一体机1000G,251114-166870434103352,已发货，待收货,1	,正常,2025-11-14 21:52:09,2025-11-15 21:52:09,,2025-11-15 11:28:57,	,846360072018	,即热直饮 1000G大通量,1807240839093	,厨房电器,净水器/净水设备及配件耗材,净水器,	,6923185651116	,6923185651116	,	,	,无售后或售后取消,,2025-11-14 21:52:09,	,,,,,,,否,否,	,否,	,,1498.0	,0.0	,60.0	,40.0	,0.0	,0.0	,0.0	,0.0	,1398.0	,1438.0	,JDV024075290600,京东大件物流,黑龙江省,鹤岗市,工农区,,,否,否,	,	,	,否,	,	,	,	,	,	,	,	,	,	,	,	,否,否,	,否,否,,	,否,	,否,,,否
【母婴直饮】云米净水器 SE 600G+ 新升级厨下式RO反渗透直饮家用,251114-334034450863316,未发货，退款成功,1	,正常,2025-11-14 21:40:13,2025-11-15 21:40:13,,	,	,819506595979	,【24年新品】600G升级版6年长效,1787046011387	,厨房电器,净水器/净水设备及配件耗材,净水器,	,6923185653684	,6923185616399	,ZX2511150066716拦截 11.15,	,退款成功,,2025-11-14 21:40:13,	,,,,,,,否,否,	,否,	,,748.0	,0.0	,134.64	,74.8	,0.0	,0.0	,0.0	,0.0	,538.56	,613.36	,	,	,江西省,上饶市,广信区,,,否,否,	,	,	,否,	,	,	,	,	,	,	,	,	,	,	,	,否,是,	,否,否,,	,否,	,否,,,否
云米顶侧大吸力蓝调油烟机家用厨房节能自清洁一级能效可挥手智控,251114-438923508033609,已取消,1	,正常,	,	,,	,	,657344402006	,云米智清洁挥手智控单烟机,1723825075586	,大家电,厨房大电,油烟机,	,6923185650973	,6923185650973	,	,	,无售后或售后取消,,	,	,,,,,,,否,否,	,否,	,,789.0	,0.0	,0.0	,39.45	,0.0	,0.0	,0.0	,0.0	,749.55	,789.0	,	,	,****,****,****,****,,否,否,	,	,	,否,	,	,	,	,	,	,	,	,	,	,	,	,否,否,	,否,	,,	,否,	,否,,,否
云米顶侧双吸烟灶套装22m³大吸力抽油烟机聚能猛火灶节能燃气家用,251114-309057360193609,已取消,1	,正常,	,	,,	,	,382839923175	,【两件套】顶侧双吸烟机+5.2KW灶（天）,1743705224006	,大家电,厨房大电,烟灶消套装,	,S2309261029001,蓝调套装,	,	,无售后或售后取消,,	,	,,,,,,,否,否,	,否,	,,1218.0	,0.0	,0.0	,0.0	,0.0	,0.0	,0.0	,0.0	,1218.0	,1218.0	,	,	,****,****,****,****,,否,否,	,	,	,否,	,	,	,	,	,	,	,	,	,	,	,	,否,否,	,否,	,,	,否,	,否,,,否
【重磅新品】云米净水器600G小海豚升级版厨下式RO反渗透直饮家用,251114-633035866401729,已发货，待收货,1	,正常,2025-11-14 21:20:51,2025-11-15 21:20:51,,2025-11-15 11:28:58,	,225501370546	,小海豚600G,1813468330532	,厨房电器,净水器/净水设备及配件耗材,净水器,	,6923185653684	,6923185616399	,	,	,无售后或售后取消,,2025-11-14 21:20:51,	,,,,,,,否,否,	,否,	,,559.0	,0.0	,0.0	,55.9	,0.0	,0.0	,0.0	,0.0	,503.1	,559.0	,JDV024075294478,京东大件物流,广东省,揭阳市,榕城区,,,否,否,	,	,	,否,	,	,	,	,	,	,	,	,	,	,	,	,否,否,	,否,否,,	,否,	,否,,,否
【母婴直饮】云米净水器 SE 600G+ 新升级厨下式RO反渗透直饮家用,251114-508108542313969,已发货，待收货,1	,正常,2025-11-14 21:15:24,2025-11-15 21:15:24,,2025-11-15 11:28:57,	,819506595979	,【24年新品】600G升级版6年长效,1787046011387	,厨房电器,净水器/净水设备及配件耗材,净水器,	,6923185653684	,6923185616399	,	,	,无售后或售后取消,,2025-11-14 21:15:24,	,,,,,,,否,否,	,否,	,,748.0	,0.0	,139.6	,50.0	,0.0	,0.0	,0.0	,0.0	,558.4	,608.4	,JDV024075297367,京东大件物流,天津市,天津市,和平区,,,否,否,	,	,	,否,	,	,	,	,	,	,	,	,	,	,	,	,否,否,	,否,否,,	,否,	,否,,,否
云米净水器Super2Y1200G家用直饮厨下式RO反渗透鲜活泉无陈水,251114-247768051280494,已取消,1	,正常,	,	,,	,	,849000374681	,Super2Y 1200G（包安装）,1809523164736	,厨房电器,净水器/净水设备及配件耗材,净水器,	,6923185653981	,6923185653981	,	,	,无售后或售后取消,,	,	,,,,,,,否,否,	,否,	,,1198.2	,0.0	,0.0	,0.0	,0.0	,0.0	,0.0	,0.0	,1198.2	,1198.2	,	,	,****,****,****,****,,否,否,	,	,	,否,	,	,	,	,	,	,	,	,	,	,	,	,否,否,	,否,	,,	,否,	,否,,,否
【重磅新品】云米净水器600G小海豚升级版厨下式RO反渗透直饮家用,251114-223734668930441,未发货，退款成功,1	,正常,2025-11-14 21:11:41,2025-11-15 21:11:41,,	,	,225501370546	,小海豚600G,1813468330532	,厨房电器,净水器/净水设备及配件耗材,净水器,	,6923185653684	,6923185616399	,聚水潭已取消发货  已退款  11.15,	,退款成功,,2025-11-14 21:11:41,	,,,,,,,否,否,	,否,	,,559.0	,0.0	,0.0	,0.0	,1.11	,0.0	,0.0	,0.0	,559.0	,559.0	,	,	,江苏省,泰州市,海陵区,,,否,否,	,	,	,否,	,	,	,	,	,	,	,	,	,	,	,	,否,是,	,否,否,,	,否,	,否,,,否
云米双腔大吸力手势控制智清洁油烟机聚能猛火灶安全烟灶联动套装,251114-484075138570557,未发货，退款成功,1	,正常,2025-11-14 21:03:02,2025-11-15 21:03:02,,	,	,818698470695	,"【烟灶套装】双腔劲吸烟机+5.0KW灶,液化气灶",1786567894378	,大家电,厨房大电,烟灶消套装,	,S2509151408001,	,聚水潭已取消发货  已退款  11.15,	,退款成功,,2025-11-14 21:03:02,	,,,,,,,否,否,	,否,	,,1115.0	,0.0	,0.0	,70.0	,0.0	,0.0	,0.0	,0.0	,1045.0	,1115.0	,	,	,吉林省,长春市,南关区,,,否,否,	,	,	,否,	,	,	,	,	,	,	,	,	,	,	,	,否,否,	,否,否,,	,否,	,否,,,否
【重磅新品】云米净水器600G小海豚升级版厨下式RO反渗透直饮家用,251114-317477425553927,已发货，待收货,1	,正常,2025-11-14 20:56:18,2025-11-15 20:56:18,,2025-11-15 11:28:58,	,225501370546	,小海豚600G,1813468330532	,厨房电器,净水器/净水设备及配件耗材,净水器,	,6923185653684	,6923185616399	,	,	,无售后或售后取消,,2025-11-14 20:56:18,	,,,,,,,否,否,	,否,	,,559.0	,0.0	,0.0	,55.9	,0.0	,0.0	,0.0	,0.0	,503.1	,559.0	,JDV024075223020,京东大件物流,吉林省,长春市,双阳区,,,否,否,	,	,	,否,	,	,	,	,	,	,	,	,	,	,	,	,否,否,	,否,否,,	,否,	,否,,,否
【母婴直饮】云米净水器 SE 600G+ 新升级厨下式RO反渗透直饮家用,251114-362849277460575,已取消,1	,正常,	,	,,	,	,819506595979	,【24年新品】600G升级版6年长效,1787046011387	,厨房电器,净水器/净水设备及配件耗材,净水器,	,6923185653684	,6923185616399	,	,	,无售后或售后取消,,	,	,,,,,,,否,否,	,否,	,,748.0	,0.0	,134.64	,74.8	,0.0	,0.0	,0.0	,0.0	,538.56	,613.36	,	,	,****,****,****,****,,否,否,	,	,	,否,	,	,	,	,	,	,	,	,	,	,	,	,否,否,	,否,	,,	,否,	,否,,,否
【重磅新品】云米净水器600G小海豚升级版厨下式RO反渗透直饮家用,251114-435872110203224,未发货，退款成功,1	,正常,2025-11-14 20:50:10,2025-11-15 20:50:11,,	,	,225501370546	,小海豚600G,1813468330532	,厨房电器,净水器/净水设备及配件耗材,净水器,	,6923185653684	,6923185616399	,ZX2511150066716拦截 11.15,	,退款成功,,2025-11-14 20:50:11,	,,,,,,,否,否,	,否,	,,559.0	,0.0	,0.0	,0.0	,0.0	,0.0	,0.0	,0.0	,559.0	,559.0	,	,	,重庆市,重庆市,万州区,,,否,否,	,	,	,否,	,	,	,	,	,	,	,	,	,	,	,	,否,是,	,否,否,,	,否,	,否,,,否
【重磅新品】云米净水器600G小海豚升级版厨下式RO反渗透直饮家用,251114-260361428631115,已发货，待收货,1	,正常,2025-11-14 20:46:30,2025-11-15 20:46:30,,2025-11-15 11:28:57,	,225501370546	,小海豚600G,1813468330532	,厨房电器,净水器/净水设备及配件耗材,净水器,	,6923185653684	,6923185616399	,	,	,无售后或售后取消,,2025-11-14 20:46:30,	,,,,,,,否,否,	,否,	,,559.0	,0.0	,0.0	,0.0	,0.0	,0.0	,0.0	,0.0	,559.0	,559.0	,JDV024075274175,京东大件物流,四川省,成都市,简阳市,,,否,否,	,	,	,否,	,	,	,	,	,	,	,	,	,	,	,	,否,否,	,否,否,,	,否,	,否,,,否
【重磅新品】云米净水器600G小海豚升级版厨下式RO反渗透直饮家用,251114-461310533271115,已取消,1	,正常,	,	,,	,	,225501370546	,小海豚600G,1813468330532	,厨房电器,净水器/净水设备及配件耗材,净水器,	,6923185653684	,6923185616399	,	,	,无售后或售后取消,,	,	,,,,,,,否,否,	,否,	,,559.0	,0.0	,0.0	,0.0	,0.0	,0.0	,0.0	,0.0	,559.0	,559.0	,	,	,****,****,****,****,,否,否,	,	,	,否,	,	,	,	,	,	,	,	,	,	,	,	,否,否,	,否,	,,	,否,	,否,,,否
云米双腔大吸力手势控制智清洁油烟机聚能猛火灶安全烟灶联动套装,251114-115720907122742,已收货,1	,正常,2025-11-14 20:24:50,2025-11-15 20:24:50,,2025-11-15 17:17:42,2025-11-19 23:59:25,848589244342	,"【烟灶套装】双腔劲吸烟机+5.0KW灶,天然气灶",1809146217030	,大家电,厨房大电,烟灶消套装,	,S2209231819001,	,后返，送清洁剂，到手价1099;奇门回传单号:JDV024076612916==13368182556  安装 [viomi英英sk 11/17 17:23],	,无售后或售后取消,,2025-11-14 20:24:50,	,,,,,,,否,否,	,否,	,,1299.0	,0.0	,0.0	,0.0	,0.0	,0.0	,0.0	,0.0	,1299.0	,1299.0	,JDV024076598002,京东大件物流,重庆市,重庆市,璧山区,,,否,否,	,	,	,否,	,	,	,	,	,	,	,	,	,	,	,	,否,否,	,否,否,,	,否,	,否,,,否
【重磅新品】云米净水器600G小海豚升级版厨下式RO反渗透直饮家用,251114-556762468751169,已发货，待收货,1	,正常,2025-11-14 20:22:17,2025-11-15 20:22:17,,2025-11-15 11:28:58,	,225501370546	,小海豚600G,1813468330532	,厨房电器,净水器/净水设备及配件耗材,净水器,	,6923185653684	,6923185616399	,	,	,无售后或售后取消,,2025-11-14 20:22:17,	,,,,,,,否,否,	,否,	,,559.0	,0.0	,0.0	,1.35	,0.0	,0.0	,0.0	,0.0	,557.65	,559.0	,JDV024075269988,京东大件物流,山东省,济南市,市中区,,,否,否,	,	,	,否,	,	,	,	,	,	,	,	,	,	,	,	,否,否,	,否,否,,	,否,	,否,,,否
云米双腔大吸力手势控制智清洁油烟机聚能猛火灶安全烟灶联动套装,251114-231253000562742,已取消,1	,正常,	,	,,	,	,818698470695	,"【烟灶套装】双腔劲吸烟机+5.0KW灶,液化气灶",1786567894378	,大家电,厨房大电,烟灶消套装,	,S2509151408001,	,	,	,无售后或售后取消,,	,	,,,,,,,否,否,	,否,	,,1115.0	,0.0	,0.0	,0.0	,0.0	,0.0	,0.0	,0.0	,1115.0	,1115.0	,	,	,****,****,****,****,,否,否,	,	,	,否,	,	,	,	,	,	,	,	,	,	,	,	,否,否,	,否,	,,	,否,	,否,,,否
VIOMI云米净水器大通量小海豚800G反渗透RO厨下式家用长效滤芯,251114-130306567730145,未发货，退款成功,2	,正常,2025-11-14 20:17:45,2025-11-15 20:17:45,,	,	,850333437206	,竹炭复合商品滤芯,1810726753549	,厨房电器,净水器/净水设备及配件耗材,净水器,	,6923185654193	,	,聚水潭已取消发货 已退款   叶11.14,	,退款成功,,2025-11-14 20:17:45,	,,,,,,,否,否,	,否,	,,598.0	,0.0	,29.9	,0.0	,0.0	,0.0	,0.0	,0.0	,568.1	,568.1	,	,	,四川省,绵阳市,涪城区,,,否,否,	,	,	,否,	,	,	,	,	,	,	,	,	,	,	,	,否,否,	,否,否,,	,否,	,否,,,否
VIOMI云米净水器大通量小海豚800G反渗透RO厨下式家用长效滤芯,251114-266768258610145,未发货，退款成功,2	,正常,2025-11-14 20:14:40,2025-11-15 20:14:41,,	,	,850333437206	,竹炭复合商品滤芯,1810726753549	,厨房电器,净水器/净水设备及配件耗材,净水器,	,6923185654193	,	,聚水潭已取消发货 已退款   叶11.14,	,退款成功,,2025-11-14 20:14:41,	,,,,,,,否,否,	,否,	,,598.0	,0.0	,29.9	,0.0	,0.0	,0.0	,0.0	,0.0	,568.1	,568.1	,	,	,四川省,绵阳市,涪城区,,,否,否,	,	,	,否,	,	,	,	,	,	,	,	,	,	,	,	,否,否,	,否,否,,	,否,	,否,,,否
VIOMI云米净水器大通量小海豚800G反渗透RO厨下式家用长效滤芯,251114-206338793010145,已收货,1	,正常,2025-11-14 20:07:28,2025-11-15 20:07:28,,2025-11-15 11:28:58,2025-11-19 19:56:35,837957770723	,800G大通量纯水机,1809123722986	,厨房电器,净水器/净水设备及配件耗材,净水器配件耗材,	,6923185653974	,	,	,	,无售后或售后取消,,2025-11-14 20:07:28,	,,,,,,,否,否,	,否,	,,882.0	,0.0	,177.0	,100.0	,0.0	,0.0	,0.0	,0.0	,605.0	,705.0	,JDV024075287493,京东大件物流,四川省,绵阳市,涪城区,,,否,否,	,	,	,否,	,	,	,	,	,	,	,	,	,	,	,	,否,否,	,否,否,,	,否,	,否,,,否
【重磅新品】云米净水器600G小海豚升级版厨下式RO反渗透直饮家用,251114-117272768080934,已发货，待收货,1	,正常,2025-11-14 20:03:42,2025-11-15 20:03:42,,2025-11-15 11:28:59,	,225501370546	,小海豚600G,1813468330532	,厨房电器,净水器/净水设备及配件耗材,净水器,	,6923185653684	,6923185616399	,	,	,无售后或售后取消,,2025-11-14 20:03:42,	,,,,,,,否,否,	,否,	,,559.0	,0.0	,0.0	,33.54	,0.0	,0.0	,0.0	,0.0	,525.46	,559.0	,JDV024075273446,京东大件物流,山东省,潍坊市,诸城市,,,否,否,	,	,	,否,	,	,	,	,	,	,	,	,	,	,	,	,否,否,	,否,否,,	,否,	,否,,,否
【重磅新品】云米净水器600G小海豚升级版厨下式RO反渗透直饮家用,251114-277212055182789,已发货，待收货,1	,正常,2025-11-14 20:01:58,2025-11-15 20:01:58,,2025-11-15 11:28:58,	,225501370546	,小海豚600G,1813468330532	,厨房电器,净水器/净水设备及配件耗材,净水器,	,6923185653684	,6923185616399	,	,	,无售后或售后取消,,2025-11-14 20:01:58,	,,,,,,,否,否,	,否,	,,559.0	,0.0	,0.0	,0.0	,0.0	,0.0	,0.0	,0.0	,559.0	,559.0	,JDV024075267065,京东大件物流,陕西省,汉中市,南郑区,,,否,否,	,	,	,否,	,	,	,	,	,	,	,	,	,	,	,	,否,否,	,否,否,,	,否,	,否,,,否
【重磅新品】云米净水器600G小海豚升级版厨下式RO反渗透直饮家用,251114-036542943603372,已发货，待收货,1	,正常,2025-11-14 19:56:12,2025-11-15 19:56:13,,2025-11-15 09:43:58,	,225501370546	,小海豚600G,1813468330532	,厨房电器,净水器/净水设备及配件耗材,净水器,	,6923185653684	,6923185616399	,	,	,无售后或售后取消,,2025-11-14 19:56:13,	,,,,,,,否,否,	,否,	,,559.0	,0.0	,0.0	,0.0	,1.11	,0.0	,0.0	,0.0	,559.0	,559.0	,JDV024075395638,京东大件物流,湖北省,孝感市,汉川市,,,否,否,	,	,	,否,	,	,	,	,	,	,	,	,	,	,	,	,否,是,	,否,否,,	,否,	,否,,,否
云米16即热零冷水燃气热水器智能低水压双调恒温防冻安全保护速热,251114-292238201241033,已发货，待收货,1	,正常,2025-11-14 19:53:44,2025-11-15 19:53:44,,2025-11-15 09:43:19,	,216845252864	,云米即开即热16L零冷水热水器,1731415907130	,大家电,热水器,燃气热水器,	,6923185611226	,6923185611226	,	,	,无售后或售后取消,,2025-11-14 19:53:44,	,,,,,,,否,否,	,否,	,,899.0	,0.0	,0.0	,30.0	,0.2	,0.0	,0.0	,0.0	,869.0	,899.0	,JDV024075406322,京东大件物流,江苏省,常州市,武进区,,,否,否,	,	,	,否,	,	,	,	,	,	,	,	,	,	,	,	,否,否,	,否,否,,	,否,	,否,,,否
云米顶侧大吸力蓝调油烟机家用厨房节能自清洁一级能效可挥手智控,251114-224279938662381,已取消,1	,正常,	,	,,	,	,657344402006	,云米智清洁挥手智控单烟机,1723825075586	,大家电,厨房大电,油烟机,	,6923185650973	,6923185650973	,	,	,无售后或售后取消,,	,	,,,,,,,否,否,	,否,	,,789.0	,0.0	,0.0	,50.0	,0.0	,0.0	,0.0	,0.0	,739.0	,789.0	,	,	,****,****,****,****,,否,否,	,	,	,否,	,	,	,	,	,	,	,	,	,	,	,	,否,否,	,否,	,,	,否,	,否,,,否
云米净水器滤芯小蓝调小海豚600G+专用复合滤芯RO反渗透滤芯过滤,251114-272545923501830,已发货，待收货,1	,正常,2025-11-14 19:16:11,2025-11-15 19:16:11,,2025-11-15 09:43:19,	,296967601341	,5in1复合滤芯 2年长效,1600193054565	,厨房电器,净水器/净水设备及配件耗材,净水器配件耗材,	,6923185627425	,	,复合滤芯到手价99一根 [viomi华华 11/14 19:27],	,无售后或售后取消,,2025-11-14 19:16:11,	,,,,,,,否,否,	,否,	,,299.0	,0.0	,0.0	,3.0	,0.0	,0.0	,0.0	,0.0	,296.0	,299.0	,JDV024075446830,京东大件物流,浙江省,杭州市,余杭区,,,否,否,	,	,	,否,	,	,	,	,	,	,	,	,	,	,	,	,否,否,	,否,否,,	,否,	,否,,,否
【重磅新品】云米净水器600G小海豚升级版厨下式RO反渗透直饮家用,251114-224699389481651,已收货,1	,正常,2025-11-14 19:14:47,2025-11-15 19:14:47,,2025-11-15 11:28:59,2025-11-19 11:17:23,225501370546	,小海豚600G,1813468330532	,厨房电器,净水器/净水设备及配件耗材,净水器,	,6923185653684	,6923185616399	,	,	,无售后或售后取消,,2025-11-14 19:14:47,	,,,,,,,否,否,	,否,	,,559.0	,0.0	,0.0	,0.0	,0.0	,0.0	,0.0	,0.0	,559.0	,559.0	,JDV024075240210,京东大件物流,广东省,佛山市,南海区,,,否,否,	,	,	,否,	,	,	,	,	,	,	,	,	,	,	,	,否,否,	,否,否,,	,否,	,否,,,否
云米净水器滤芯1234号滤芯厨上厨下通用RO反渗透家用400G/600G,251114-527685414420718,已取消,1	,正常,	,	,,	,	,296957182528	,"3号RO反渗透滤芯,400G",1600683136686	,厨房电器,净水器/净水设备及配件耗材,净水器配件耗材,	,6923185600138	,	,	,	,无售后或售后取消,,	,	,,,,,,,否,否,	,否,	,,439.0	,0.0	,0.0	,0.0	,0.0	,0.0	,0.0	,0.0	,439.0	,439.0	,	,	,****,****,****,****,,否,否,	,	,	,否,	,	,	,	,	,	,	,	,	,	,	,	,是,否,	,否,	,,	,否,	,否,,,否
【重磅新品】云米净水器600G小海豚升级版厨下式RO反渗透直饮家用,251114-035662119221346,已取消,1	,正常,	,	,,	,	,225501370546	,小海豚600G,1813468330532	,厨房电器,净水器/净水设备及配件耗材,净水器,	,6923185653684	,6923185616399	,	,	,无售后或售后取消,,	,	,,,,,,,否,否,	,否,	,,559.0	,0.0	,0.0	,3.0	,0.0	,0.0	,0.0	,0.0	,556.0	,559.0	,	,	,****,****,****,****,,否,否,	,	,	,否,	,	,	,	,	,	,	,	,	,	,	,	,否,否,	,否,	,,	,否,	,否,,,否
【重磅新品】云米净水器600G小海豚升级版厨下式RO反渗透直饮家用,251114-005557533083599,已取消,1	,正常,	,	,,	,	,225501370546	,小海豚600G,1813468330532	,厨房电器,净水器/净水设备及配件耗材,净水器,	,6923185653684	,6923185616399	,	,	,无售后或售后取消,,	,	,,,,,,,否,否,	,否,	,,559.0	,0.0	,0.0	,33.54	,0.0	,0.0	,0.0	,0.0	,525.46	,559.0	,	,	,****,****,****,****,,否,否,	,	,	,否,	,	,	,	,	,	,	,	,	,	,	,	,否,否,	,否,	,,	,否,	,否,,,否
云米顶侧大吸力蓝调油烟机家用厨房节能自清洁一级能效可挥手智控,251114-567908841882670,已发货，待收货,1	,正常,2025-11-14 18:48:17,2025-11-15 18:48:17,,2025-11-15 09:43:19,	,657344402006	,云米智清洁挥手智控单烟机,1723825075586	,大家电,厨房大电,油烟机,	,6923185650973	,6923185650973	,	,	,无售后或售后取消,,2025-11-14 18:48:17,	,,,,,,,否,否,	,否,	,,789.0	,0.0	,0.0	,39.45	,0.0	,0.0	,0.0	,0.0	,749.55	,789.0	,JDV024075265876,京东大件物流,山东省,聊城市,冠县,,,否,否,	,	,	,否,	,	,	,	,	,	,	,	,	,	,	,	,否,是,	,否,否,,	,否,	,否,,,否
云米小厨宝6L即热式厨房台下洗碗热水宝上出水储水式小型电热水器,251114-624489972070465,已取消,1	,正常,	,	,,	,	,205451808289	,"热水即刻有6L,小厨宝",1752480784258	,大家电,热水器,电热水器,	,6923185611233	,6923185611233	,	,	,无售后或售后取消,,	,	,,,,,,,否,否,	,否,	,,289.0	,0.0	,0.0	,14.45	,0.0	,0.0	,0.0	,0.0	,274.55	,289.0	,	,	,****,****,****,****,,否,否,	,	,	,否,	,	,	,	,	,	,	,	,	,	,	,	,否,否,	,否,	,,	,否,	,否,,,否
【重磅新品】云米净水器600G小海豚升级版厨下式RO反渗透直饮家用,251114-355718950452674,已发货，待收货,1	,正常,2025-11-14 18:28:10,2025-11-15 18:28:11,,2025-11-15 11:28:59,	,225501370546	,小海豚600G,1813468330532	,厨房电器,净水器/净水设备及配件耗材,净水器,	,6923185653684	,6923185616399	,	,	,无售后或售后取消,,2025-11-14 18:28:11,	,,,,,,,否,否,	,否,	,,559.0	,0.0	,0.0	,0.0	,5.0	,0.0	,0.0	,0.0	,559.0	,559.0	,JDV024075230040,京东大件物流,北京市,北京市,朝阳区,,,否,否,	,	,	,否,	,	,	,	,	,	,	,	,	,	,	,	,否,否,	,否,否,,	,否,	,否,,,否
云米5.0KW智能燃气灶大火力爆炒灶具一级节能家用厨房双灶头台嵌,251114-130778458513954,已取消,1	,正常,	,	,,	,	,623266189560	,5.0KW精焰猛火灶（天然气）,1690346386816	,大家电,厨房大电,燃气灶,	,6923185649656	,	,	,	,无售后或售后取消,,	,	,,,,,,,否,否,	,否,	,,444.0	,0.0	,0.0	,0.0	,0.0	,0.0	,0.0	,0.0	,444.0	,444.0	,	,	,****,****,****,****,,否,否,	,	,	,否,	,	,	,	,	,	,	,	,	,	,	,	,否,否,	,否,	,,	,否,	,否,,,否
【重磅新品】云米净水器600G小海豚升级版厨下式RO反渗透直饮家用,251114-603623309643744,已取消,1	,正常,	,	,,	,	,225501370546	,小海豚600G,1813468330532	,厨房电器,净水器/净水设备及配件耗材,净水器,	,6923185653684	,6923185616399	,	,	,无售后或售后取消,,	,	,,,,,,,否,否,	,否,	,,559.0	,0.0	,0.0	,0.0	,0.0	,0.0	,0.0	,0.0	,559.0	,559.0	,	,	,****,****,****,****,,否,否,	,	,	,否,	,	,	,	,	,	,	,	,	,	,	,	,否,否,	,否,	,,	,否,	,否,,,否
【重磅新品】云米净水器600G小海豚升级版厨下式RO反渗透直饮家用,251114-230959378001169,未发货，退款成功,1	,正常,2025-11-14 18:19:17,2025-11-15 18:19:17,,	,	,225501370546	,小海豚600G,1813468330532	,厨房电器,净水器/净水设备及配件耗材,净水器,	,6923185653684	,6923185616399	,聚水潭已取消发货 已退款   叶11.14,	,退款成功,,2025-11-14 18:19:17,	,,,,,,,否,否,	,否,	,,559.0	,0.0	,0.0	,3.0	,0.0	,0.0	,0.0	,0.0	,556.0	,559.0	,	,	,江苏省,扬州市,邗江区,,,否,否,	,	,	,否,	,	,	,	,	,	,	,	,	,	,	,	,否,否,	,否,否,,	,否,	,否,,,否
【重磅新品】云米净水器600G小海豚升级版厨下式RO反渗透直饮家用,251114-613301676343200,已取消,1	,正常,	,	,,	,	,225501370546	,小海豚600G,1813468330532	,厨房电器,净水器/净水设备及配件耗材,净水器,	,6923185653684	,6923185616399	,	,	,无售后或售后取消,,	,	,,,,,,,否,否,	,否,	,,559.0	,0.0	,0.0	,33.54	,0.0	,0.0	,0.0	,0.0	,525.46	,559.0	,	,	,****,****,****,****,,否,否,	,	,	,否,	,	,	,	,	,	,	,	,	,	,	,	,否,否,	,否,	,,	,否,	,否,,,否
【重磅新品】云米净水器600G小海豚升级版厨下式RO反渗透直饮家用,251114-162162338103024,已发货，待收货,1	,正常,2025-11-14 17:58:44,2025-11-15 17:58:45,,2025-11-15 11:28:59,	,225501370546	,小海豚600G,1813468330532	,厨房电器,净水器/净水设备及配件耗材,净水器,	,6923185653684	,6923185616399	,	,	,无售后或售后取消,,2025-11-14 17:58:45,	,,,,,,,否,否,	,否,	,,559.0	,0.0	,0.0	,0.0	,0.0	,0.0	,0.0	,0.0	,559.0	,559.0	,JDV024075221248,京东大件物流,黑龙江省,哈尔滨市,呼兰区,,,否,否,	,	,	,否,	,	,	,	,	,	,	,	,	,	,	,	,否,是,	,否,否,,	,否,	,否,,,否
【重磅新品】云米净水器600G小海豚升级版厨下式RO反渗透直饮家用,251114-564070991382405,未发货，退款成功,1	,正常,2025-11-14 18:00:14,2025-11-15 18:00:14,2025-11-16 23:59:59,	,	,225501370546	,小海豚600G,1813468330532	,厨房电器,净水器/净水设备及配件耗材,净水器,	,6923185653684	,6923185616399	,ZX2511150066716拦截 11.15,	,退款成功,,2025-11-14 18:00:14,	,,,,,,,否,否,	,否,	,,559.0	,0.0	,0.0	,0.0	,6.8	,0.0	,0.0	,0.0	,559.0	,559.0	,	,	,广东省,惠州市,博罗县,,,否,否,	,	,	,否,	,	,	,	,	,	,	,	,	,	,	,	,否,是,	,否,否,,	,否,	,否,,,否
【母婴直饮】云米净水器 SE 600G+ 新升级厨下式RO反渗透直饮家用,251114-220746269102530,已收货,1	,正常,2025-11-14 17:51:02,2025-11-15 17:51:02,,2025-11-15 11:28:59,2025-11-17 08:49:23,819506595979	,【24年新品】600G升级版6年长效,1787046011387	,厨房电器,净水器/净水设备及配件耗材,净水器,	,6923185653684	,6923185616399	,13610161610安装 [viomi莉莉sk 11/16 09:40]=差价50已登小额 [viomi莉莉sk 11/18 15:45],	,无售后或售后取消,,2025-11-14 17:51:02,	,,,,,,,否,否,	,否,	,,748.0	,0.0	,136.8	,64.0	,0.0	,0.0	,0.0	,0.0	,547.2	,611.2	,JDV024075250569,京东大件物流,广东省,广州市,越秀区,,,否,否,	,	,	,否,	,	,	,	,	,	,	,	,	,	,	,	,否,否,	,否,否,,	,否,	,否,,,否
云米16即热零冷水燃气热水器智能低水压双调恒温防冻安全保护速热,251114-587265544601033,未发货，退款成功,1	,正常,2025-11-14 17:47:41,2025-11-15 17:47:41,,	,	,216845252864	,云米即开即热16L零冷水热水器,1731415907130	,大家电,热水器,燃气热水器,	,6923185611226	,6923185611226	,拦截	ZX2511140066147,	,退款成功,,2025-11-14 17:47:41,	,,,,,,,否,否,	,否,	,,899.0	,0.0	,0.0	,0.0	,1.79	,0.0	,0.0	,0.0	,899.0	,899.0	,	,	,江苏省,常州市,武进区,,,否,否,	,	,	,否,	,	,	,	,	,	,	,	,	,	,	,	,否,否,	,否,否,,	,否,	,否,,,否
【重磅新品】云米净水器600G小海豚升级版厨下式RO反渗透直饮家用,251114-619477789102816,已取消,1	,正常,	,	,,	,	,225501370546	,小海豚600G,1813468330532	,厨房电器,净水器/净水设备及配件耗材,净水器,	,6923185653684	,6923185616399	,	,	,无售后或售后取消,,	,	,,,,,,,否,否,	,否,	,,559.0	,0.0	,0.0	,33.54	,0.0	,0.0	,0.0	,0.0	,525.46	,559.0	,	,	,****,****,****,****,,否,否,	,	,	,否,	,	,	,	,	,	,	,	,	,	,	,	,否,否,	,否,	,,	,否,	,否,,,否
【重磅新品】云米净水器600G小海豚升级版厨下式RO反渗透直饮家用,251114-513298941473556,已发货，待收货,1	,正常,2025-11-14 17:33:16,2025-11-15 17:33:16,,2025-11-15 11:28:59,	,225501370546	,小海豚600G,1813468330532	,厨房电器,净水器/净水设备及配件耗材,净水器,	,6923185653684	,6923185616399	,	,	,无售后或售后取消,,2025-11-14 17:33:16,	,,,,,,,否,否,	,否,	,,559.0	,0.0	,0.0	,0.0	,0.0	,0.0	,0.0	,0.0	,559.0	,559.0	,JDV024075251756,京东大件物流,天津市,天津市,静海区,,,否,否,	,	,	,否,	,	,	,	,	,	,	,	,	,	,	,	,否,否,	,否,否,,	,否,	,否,,,否
【重磅新品】云米净水器600G小海豚升级版厨下式RO反渗透直饮家用,251114-347791767891704,已发货，待收货,1	,正常,2025-11-14 17:31:10,2025-11-15 17:31:10,,2025-11-15 09:43:59,	,225501370546	,小海豚600G,1813468330532	,厨房电器,净水器/净水设备及配件耗材,净水器,	,6923185653684	,6923185616399	,	,	,无售后或售后取消,,2025-11-14 17:31:10,	,,,,,,,否,否,	,否,	,,559.0	,0.0	,0.0	,33.54	,0.0	,0.0	,0.0	,0.0	,525.46	,559.0	,JDV024075407671,京东大件物流,浙江省,温州市,永嘉县,,,否,否,	,	,	,否,	,	,	,	,	,	,	,	,	,	,	,	,是,是,	,否,否,,	,否,	,否,,,否
【重磅新品】云米净水器600G小海豚升级版厨下式RO反渗透直饮家用,251114-037434243483463,已收货,1	,正常,2025-11-14 17:28:31,2025-11-15 17:28:31,,2025-11-15 09:43:59,2025-11-17 10:33:53,225501370546	,小海豚600G,1813468330532	,厨房电器,净水器/净水设备及配件耗材,净水器,	,6923185653684	,6923185616399	,	,	,无售后或售后取消,,2025-11-14 17:28:31,	,,,,,,,否,否,	,否,	,,559.0	,0.0	,0.0	,0.0	,0.0	,0.0	,0.0	,0.0	,559.0	,559.0	,JDV024075395521,京东大件物流,安徽省,合肥市,肥西县,,,否,否,	,	,	,否,	,	,	,	,	,	,	,	,	,	,	,	,否,否,	,否,否,,	,否,	,否,,,否
云米智能AI门锁3D指纹密码蓝牙可连大容量续航家用公寓自动安全,251114-358497698151918,未发货，退款成功,1	,正常,2025-11-14 17:11:58,2025-11-15 17:11:58,,	,	,743885774552	,"云米蓝调指纹密码锁LBT11C,黑色",1734954999916	,基础建材,智能门锁/电子锁,智能门锁/电子锁,	,6923185655381	,6923185655381	,ZX2511150066716拦截 11.15,	,退款成功,,2025-11-14 17:11:58,	,,,,,,,否,否,	,否,	,,661.0	,0.0	,76.0	,24.0	,0.0	,0.0	,0.0	,0.0	,561.0	,585.0	,	,	,陕西省,西安市,未央区,,,否,否,	,	,	,否,	,	,	,	,	,	,	,	,	,	,	,	,否,否,	,否,否,,	,否,	,否,,,否
云米净水器滤芯小蓝调小海豚600G+专用复合滤芯RO反渗透滤芯过滤,251114-527895150912733,已收货，退款成功,1	,正常,2025-11-14 17:06:09,2025-11-15 17:06:09,,2025-11-15 09:43:20,2025-11-16 20:20:48,296967601341	,5in1复合滤芯 2年长效,1600193054565	,厨房电器,净水器/净水设备及配件耗材,净水器配件耗材,	,6923185627425	,	,后返，到手价99==【补差】仅退款200 [viomi英英sk 11/16 20:22],	,退款成功,,2025-11-14 17:06:09,	,,,,,,,否,否,	,否,	,,299.0	,0.0	,0.0	,0.0	,0.2	,0.0	,0.0	,0.0	,299.0	,299.0	,JDV024075417670,京东大件物流,江西省,吉安市,吉水县,,,否,否,	,	,	,否,	,	,	,	,	,	,	,	,	,	,	,	,否,否,	,否,否,,	,否,	,否,,,否
【重磅新品】云米净水器600G小海豚升级版厨下式RO反渗透直饮家用,251114-197279127152527,已发货，待收货,1	,正常,2025-11-14 16:56:02,2025-11-15 16:56:03,,2025-11-15 09:43:59,	,225501370546	,小海豚600G,1813468330532	,厨房电器,净水器/净水设备及配件耗材,净水器,	,6923185653684	,6923185616399	,	,	,无售后或售后取消,,2025-11-14 16:56:03,	,,,,,,,否,否,	,否,	,,559.0	,0.0	,0.0	,33.54	,5.0	,0.0	,0.0	,0.0	,525.46	,559.0	,JDV024075371016,京东大件物流,浙江省,温州市,瑞安市,,,否,否,	,	,	,否,	,	,	,	,	,	,	,	,	,	,	,	,否,否,	,否,否,,	,否,	,否,,,否
【重磅新品】云米净水器600G小海豚升级版厨下式RO反渗透直饮家用,251114-657058711141399,已取消,1	,正常,	,	,,	,	,225501370546	,小海豚600G,1813468330532	,厨房电器,净水器/净水设备及配件耗材,净水器,	,6923185653684	,6923185616399	,	,	,无售后或售后取消,,	,	,,,,,,,否,否,	,否,	,,559.0	,0.0	,0.0	,33.54	,0.0	,0.0	,0.0	,0.0	,525.46	,559.0	,	,	,****,****,****,****,,否,否,	,	,	,否,	,	,	,	,	,	,	,	,	,	,	,	,否,否,	,否,	,,	,否,	,否,,,否
【重磅新品】云米净水器600G小海豚升级版厨下式RO反渗透直饮家用,251114-484609954222816,已取消,1	,正常,	,	,,	,	,225501370546	,小海豚600G,1813468330532	,厨房电器,净水器/净水设备及配件耗材,净水器,	,6923185653684	,6923185616399	,	,	,无售后或售后取消,,	,	,,,,,,,否,否,	,否,	,,559.0	,0.0	,0.0	,33.54	,0.0	,0.0	,0.0	,0.0	,525.46	,559.0	,	,	,****,****,****,****,,否,否,	,	,	,否,	,	,	,	,	,	,	,	,	,	,	,	,否,否,	,否,	,,	,否,	,否,,,否
【母婴直饮】云米净水器 SE 600G+ 新升级厨下式RO反渗透直饮家用,251114-593284308530635,已收货,1	,正常,2025-11-14 16:43:35,2025-11-15 16:43:35,,2025-11-15 09:43:20,2025-11-16 14:15:57,819506595979	,【24年新品】600G升级版6年长效,1787046011387	,厨房电器,净水器/净水设备及配件耗材,净水器,	,6923185653684	,6923185616399	,	,	,无售后或售后取消,,2025-11-14 16:43:35,	,,,,,,,否,否,	,否,	,,748.0	,0.0	,142.12	,37.4	,0.0	,0.0	,0.0	,0.0	,568.48	,605.88	,JDV024075395512,京东大件物流,江苏省,南京市,雨花台区,,,否,否,	,	,	,否,	,	,	,	,	,	,	,	,	,	,	,	,否,否,	,否,否,,	,否,	,否,,,否
【母婴直饮】云米净水器 SE 600G+ 新升级厨下式RO反渗透直饮家用,251114-049335550270385,已取消,1	,正常,	,	,,	,	,819506595979	,【24年新品】600G升级版6年长效,1787046011387	,厨房电器,净水器/净水设备及配件耗材,净水器,	,6923185653684	,6923185616399	,	,	,无售后或售后取消,,	,	,,,,,,,否,否,	,否,	,,748.0	,0.0	,130.15	,97.24	,0.0	,0.0	,0.0	,0.0	,520.61	,617.85	,	,	,****,****,****,****,,否,否,	,	,	,否,	,	,	,	,	,	,	,	,	,	,	,	,否,否,	,否,	,,	,否,	,否,,,否
【重磅新品】云米净水器600G小海豚升级版厨下式RO反渗透直饮家用,251114-418612518483440,未发货，退款成功,1	,正常,2025-11-14 16:16:30,2025-11-15 16:16:30,,	,	,225501370546	,小海豚600G,1813468330532	,厨房电器,净水器/净水设备及配件耗材,净水器,	,6923185653684	,6923185616399	,ZX2511150066716拦截 11.15,	,退款成功,,2025-11-14 16:16:30,	,,,,,,,否,否,	,否,	,,559.0	,0.0	,0.0	,0.0	,0.0	,0.0	,0.0	,0.0	,559.0	,559.0	,	,	,广西壮族自治区,南宁市,邕宁区,,,否,否,	,	,	,否,	,	,	,	,	,	,	,	,	,	,	,	,否,否,	,否,否,,	,否,	,否,,,否
VIOMI云米净水器1000G厨下直饮小体积净水机RO机智显龙头3秒满杯,251114-637481797120274,已取消,1	,正常,	,	,,	,	,842195971715	,1000G大通量RO净水器,1803617356458	,厨房电器,净水器/净水设备及配件耗材,净水器,	,6923185654247	,	,	,	,无售后或售后取消,,	,	,,,,,,,否,否,	,否,	,,823.0	,0.0	,24.0	,79.9	,0.0	,0.0	,0.0	,0.0	,719.1	,799.0	,	,	,****,****,****,****,,否,否,	,	,	,否,	,	,	,	,	,	,	,	,	,	,	,	,否,否,	,否,	,,	,否,	,否,,,否
云米净水器滤芯家用小海豚小蓝调小白龙系列专用RO反渗透,251114-384680599061733,已发货，待收货,1	,正常,2025-11-14 16:03:27,2025-11-16 16:03:27,,2025-11-15 09:43:21,	,232467205433	,5in1 复合滤芯,1647394585330	,厨房电器,净水器/净水设备及配件耗材,净水器配件耗材,	,6923185627425	,	,到手价109 [viomi华华 11/14 16:04],	,无售后或售后取消,,2025-11-14 16:03:27,	,,,,,,,否,否,	,否,	,,149.0	,0.0	,0.0	,0.0	,0.0	,0.0	,0.0	,0.0	,149.0	,149.0	,JDV024067404800,京东大件物流,广东省,广州市,海珠区,,,否,否,	,	,	,否,	,	,	,	,	,	,	,	,	,	,	,	,否,否,	,否,否,,	,否,	,否,,,否
【重磅新品】云米净水器600G小海豚升级版厨下式RO反渗透直饮家用,251114-127234250310188,已发货，待收货,1	,正常,2025-11-14 16:03:06,2025-11-15 16:03:06,,2025-11-15 09:43:59,	,225501370546	,小海豚600G,1813468330532	,厨房电器,净水器/净水设备及配件耗材,净水器,	,6923185653684	,6923185616399	,	,	,无售后或售后取消,,2025-11-14 16:03:06,	,,,,,,,否,否,	,否,	,,559.0	,0.0	,0.0	,0.0	,5.0	,0.0	,0.0	,0.0	,559.0	,559.0	,JDV024068613249,京东大件物流,湖南省,衡阳市,蒸湘区,,,否,否,	,	,	,否,	,	,	,	,	,	,	,	,	,	,	,	,否,否,	,否,否,,	,否,	,否,,,否
【重磅新品】云米净水器600G小海豚升级版厨下式RO反渗透直饮家用,251114-017207150150188,已取消,1	,正常,	,	,,	,	,225501370546	,小海豚600G,1813468330532	,厨房电器,净水器/净水设备及配件耗材,净水器,	,6923185653684	,6923185616399	,	,	,无售后或售后取消,,	,	,,,,,,,否,否,	,否,	,,559.0	,0.0	,0.0	,0.0	,0.0	,0.0	,0.0	,0.0	,559.0	,559.0	,	,	,****,****,****,****,,否,否,	,	,	,否,	,	,	,	,	,	,	,	,	,	,	,	,否,否,	,否,	,,	,否,	,否,,,否
【重磅新品】云米净水器600G小海豚升级版厨下式RO反渗透直饮家用,251114-397095749190188,已取消,1	,正常,	,	,,	,	,225501370546	,小海豚600G,1813468330532	,厨房电器,净水器/净水设备及配件耗材,净水器,	,6923185653684	,6923185616399	,	,	,无售后或售后取消,,	,	,,,,,,,否,否,	,否,	,,559.0	,0.0	,0.0	,0.0	,0.0	,0.0	,0.0	,0.0	,559.0	,559.0	,	,	,****,****,****,****,,否,否,	,	,	,否,	,	,	,	,	,	,	,	,	,	,	,	,否,否,	,否,	,,	,否,	,否,,,否
【重磅新品】云米净水器600G小海豚升级版厨下式RO反渗透直饮家用,251114-402170919281557,已发货，待收货,1	,正常,2025-11-14 16:02:46,2025-11-15 16:02:46,2025-11-15 23:59:59,2025-11-15 09:43:59,	,225501370546	,小海豚600G,1813468330532	,厨房电器,净水器/净水设备及配件耗材,净水器,	,6923185653684	,6923185616399	,	,	,售后处理中,,2025-11-14 16:02:46,	,,,,,,,否,否,	,否,	,,559.0	,0.0	,0.0	,0.0	,0.0	,0.0	,0.0	,0.0	,559.0	,559.0	,JDV024068593141,京东大件物流,广东省,汕头市,澄海区,,,否,否,	,	,	,否,	,	,	,	,	,	,	,	,	,	,	,	,否,否,	,否,否,,	,否,	,否,,,否
【重磅新品】云米净水器600G小海豚升级版厨下式RO反渗透直饮家用,251114-018035525190188,已取消,1	,正常,	,	,,	,	,225501370546	,小海豚600G,1813468330532	,厨房电器,净水器/净水设备及配件耗材,净水器,	,6923185653684	,6923185616399	,	,	,无售后或售后取消,,	,	,,,,,,,否,否,	,否,	,,559.0	,0.0	,0.0	,0.0	,0.0	,0.0	,0.0	,0.0	,559.0	,559.0	,	,	,****,****,****,****,,否,否,	,	,	,否,	,	,	,	,	,	,	,	,	,	,	,	,否,否,	,否,	,,	,否,	,否,,,否
【重磅新品】云米净水器600G小海豚升级版厨下式RO反渗透直饮家用,251114-570509237830188,已取消,1	,正常,	,	,,	,	,225501370546	,小海豚600G,1813468330532	,厨房电器,净水器/净水设备及配件耗材,净水器,	,6923185653684	,6923185616399	,	,	,无售后或售后取消,,	,	,,,,,,,否,否,	,否,	,,559.0	,0.0	,0.0	,0.0	,0.0	,0.0	,0.0	,0.0	,559.0	,559.0	,	,	,****,****,****,****,,否,否,	,	,	,否,	,	,	,	,	,	,	,	,	,	,	,	,否,否,	,否,	,,	,否,	,否,,,否
【重磅新品】云米净水器600G小海豚升级版厨下式RO反渗透直饮家用,251114-375579021621273,已发货，待收货,1	,正常,2025-11-14 15:52:28,2025-11-15 15:52:28,,2025-11-15 09:43:59,	,225501370546	,小海豚600G,1813468330532	,厨房电器,净水器/净水设备及配件耗材,净水器,	,6923185653684	,6923185616399	,	,	,无售后或售后取消,,2025-11-14 15:52:28,	,,,,,,,否,否,	,否,	,,559.0	,0.0	,0.0	,0.0	,0.0	,0.0	,0.0	,0.0	,559.0	,559.0	,JDV024068707494,京东大件物流,河南省,南阳市,南召县,,,否,否,	,	,	,否,	,	,	,	,	,	,	,	,	,	,	,	,否,否,	,否,否,,	,否,	,否,,,否
【重磅新品】云米净水器600G小海豚升级版厨下式RO反渗透直饮家用,251114-419220744621830,已收货,1	,正常,2025-11-14 15:46:06,2025-11-15 15:46:07,2025-11-16 23:59:59,2025-11-15 09:44:00,2025-11-17 18:03:23,225501370546	,小海豚600G,1813468330532	,厨房电器,净水器/净水设备及配件耗材,净水器,	,6923185653684	,6923185616399	,15868155182安装 [viomi英英sk 11/16 16:36]==超 [viomi英英sk 11/18 18:30],	,无售后或售后取消,,2025-11-14 15:46:07,	,,,,,,,否,否,	,否,	,,559.0	,0.0	,0.0	,4.0	,0.0	,0.0	,0.0	,0.0	,555.0	,559.0	,JDV024075417697,京东大件物流,浙江省,杭州市,余杭区,,,否,否,	,	,	,否,	,	,	,	,	,	,	,	,	,	,	,	,否,否,	,否,否,,	,否,	,否,,,否
【母婴直饮】云米净水器 SE 600G+ 新升级厨下式RO反渗透直饮家用,251114-184350196141830,已取消,1	,正常,	,	,,	,	,819506595979	,【24年新品】600G升级版6年长效,1787046011387	,厨房电器,净水器/净水设备及配件耗材,净水器,	,6923185653684	,6923185616399	,	,	,无售后或售后取消,,	,	,,,,,,,否,否,	,否,	,,748.0	,0.0	,148.6	,5.0	,0.0	,0.0	,0.0	,0.0	,594.4	,599.4	,	,	,****,****,****,****,,否,否,	,	,	,否,	,	,	,	,	,	,	,	,	,	,	,	,否,否,	,否,	,,	,否,	,否,,,否
【重磅新品】云米净水器600G小海豚升级版厨下式RO反渗透直饮家用,251114-040569485680784,已发货，待收货,1	,正常,2025-11-14 15:41:36,2025-11-15 15:41:37,,2025-11-15 09:43:59,	,225501370546	,小海豚600G,1813468330532	,厨房电器,净水器/净水设备及配件耗材,净水器,	,6923185653684	,6923185616399	,	,	,无售后或售后取消,,2025-11-14 15:41:37,	,,,,,,,否,否,	,否,	,,559.0	,0.0	,0.0	,33.54	,5.0	,0.0	,0.0	,0.0	,525.46	,559.0	,JDV024068613292,京东大件物流,福建省,厦门市,翔安区,,,否,否,	,	,	,否,	,	,	,	,	,	,	,	,	,	,	,	,否,否,	,否,否,,	,否,	,否,,,否
云米净饮机X2系列滤芯X2mini mango复合滤芯5in1/6in1 RO反渗透,251114-617946857890567,已收货，退款成功,1	,正常,2025-11-14 15:40:08,2025-11-16 15:40:08,,2025-11-15 09:43:20,2025-11-16 13:33:38,243153009643	,X2mini/mango 6合1滤芯,1360803955963	,厨房电器,净水器/净水设备及配件耗材,净水器配件耗材,	,6923185623281	,6923185614258	,晒单10 [viomi莉莉sk 11/14 16:51]=差价10仅退款 [viomi莉莉sk 11/16 13:35],	,退款成功,,2025-11-14 15:40:08,	,,,,,,,否,否,	,否,	,,319.0	,0.0	,0.0	,70.0	,0.0	,0.0	,0.0	,0.0	,249.0	,319.0	,JDV024068963221,京东大件物流,浙江省,绍兴市,越城区,,,否,否,	,	,	,否,	,	,	,	,	,	,	,	,	,	,	,	,否,否,	,否,否,,	,否,	,否,,,否
【重磅新品】云米净水器600G小海豚升级版厨下式RO反渗透直饮家用,251114-416106494282396,已发货，待收货,1	,正常,2025-11-14 15:27:17,2025-11-15 15:27:18,,2025-11-14 17:59:46,	,225501370546	,小海豚600G,1813468330532	,厨房电器,净水器/净水设备及配件耗材,净水器,	,6923185653684	,6923185616399	,13769440023安装 [viomi英英sk 11/16 19:54],	,无售后或售后取消,,2025-11-14 15:27:18,	,,,,,,,否,否,	,否,	,,559.0	,0.0	,0.0	,0.0	,0.0	,0.0	,0.0	,0.0	,559.0	,559.0	,JDV024067391201,京东大件物流,云南省,红河哈尼族彝族自治州,个旧市,,,否,否,	,	,	,否,	,	,	,	,	,	,	,	,	,	,	,	,否,否,	,否,否,,	,否,	,否,,,否
【母婴直饮】云米净水器 SE 600G+ 新升级厨下式RO反渗透直饮家用,251114-194919831052192,未发货，退款成功,1	,正常,2025-11-14 15:35:45,2025-11-15 15:35:46,,	,	,819506595979	,【24年新品】600G升级版6年长效,1787046011387	,厨房电器,净水器/净水设备及配件耗材,净水器,	,6923185653684	,6923185616399	,聚水潭已取消发货 已退款   叶11.14,	,退款成功,,2025-11-14 15:35:46,	,,,,,,,否,否,	,否,	,,748.0	,0.0	,130.15	,97.24	,0.0	,0.0	,0.0	,0.0	,520.61	,617.85	,	,	,浙江省,台州市,温岭市,,,否,否,	,	,	,否,	,	,	,	,	,	,	,	,	,	,	,	,否,否,	,否,否,,	,否,	,否,,,否
【重磅新品】云米净水器600G小海豚升级版厨下式RO反渗透直饮家用,251114-466763190582192,已发货，待收货,1	,正常,2025-11-14 15:16:17,2025-11-15 15:16:18,,2025-11-15 09:43:59,	,225501370546	,小海豚600G,1813468330532	,厨房电器,净水器/净水设备及配件耗材,净水器,	,6923185653684	,6923185616399	,	,	,无售后或售后取消,,2025-11-14 15:16:18,	,,,,,,,否,否,	,否,	,,559.0	,0.0	,0.0	,33.54	,0.0	,0.0	,0.0	,0.0	,525.46	,559.0	,JDV024075392615,京东大件物流,浙江省,宁波市,海曙区,,,否,否,	,	,	,否,	,	,	,	,	,	,	,	,	,	,	,	,否,否,	,否,否,,	,否,	,否,,,否
【母婴直饮】云米净水器 SE 600G+ 新升级厨下式RO反渗透直饮家用,251114-309434827061067,已收货,1	,正常,2025-11-14 15:17:27,2025-11-15 15:17:27,,2025-11-14 17:59:28,2025-11-18 14:44:58,819506595979	,【24年新品】600G升级版6年长效,1787046011387	,厨房电器,净水器/净水设备及配件耗材,净水器,	,6923185653684	,6923185616399	,	,	,无售后或售后取消,,2025-11-14 15:17:27,	,,,,,,,否,否,	,否,	,,748.0	,0.0	,134.64	,74.8	,0.0	,0.0	,0.0	,0.0	,538.56	,613.36	,JDV024067417723,京东大件物流,内蒙古自治区,呼伦贝尔市,海拉尔区,,,否,否,	,	,	,否,	,	,	,	,	,	,	,	,	,	,	,	,否,否,	,否,否,,	,否,	,否,,,否
云米净水器滤芯家用小海豚小蓝调小白龙系列专用RO反渗透,251114-152945333802039,已收货，退款成功,1	,正常,2025-11-14 15:02:23,2025-11-16 15:02:24,,2025-11-15 09:43:21,2025-11-17 10:46:56,232467205433	,5in1 复合滤芯,1647394585330	,厨房电器,净水器/净水设备及配件耗材,净水器配件耗材,	,6923185627425	,	,【补差】仅退款109 [viomi英英sk 11/17 21:53],	,退款成功,,2025-11-14 15:02:24,	,,,,,,,否,否,	,否,	,,149.0	,0.0	,0.0	,5.0	,6.8	,0.0	,0.0	,0.0	,144.0	,149.0	,JDV024066594061,京东大件物流,广东省,梅州市,蕉岭县,,,否,否,	,	,	,否,	,	,	,	,	,	,	,	,	,	,	,	,否,否,	,否,否,,	,否,	,否,,,否
云米顶侧双吸烟灶套装22m³大吸力抽油烟机聚能猛火灶节能燃气家用,251114-023760791993983,已取消,1	,正常,	,	,,	,	,382839923175	,【两件套】顶侧双吸烟机+5.2KW灶（天）,1743705224006	,大家电,厨房大电,烟灶消套装,	,S2309261029001,蓝调套装,	,	,无售后或售后取消,,	,	,,,,,,,否,否,	,否,	,,1218.0	,0.0	,0.0	,3.0	,0.0	,0.0	,0.0	,0.0	,1215.0	,1218.0	,	,	,****,****,****,****,,否,否,	,	,	,否,	,	,	,	,	,	,	,	,	,	,	,	,否,否,	,否,	,,	,否,	,否,,,否
【重磅新品】云米净水器600G小海豚升级版厨下式RO反渗透直饮家用,251114-040401703212115,已收货,1	,正常,2025-11-14 14:38:37,2025-11-15 14:38:37,,2025-11-14 17:59:28,2025-11-17 17:30:09,225501370546	,小海豚600G,1813468330532	,厨房电器,净水器/净水设备及配件耗材,净水器,	,6923185653684	,6923185616399	,	,	,无售后或售后取消,,2025-11-14 14:38:37,	,,,,,,,否,否,	,否,	,,559.0	,0.0	,0.0	,0.0	,0.0	,0.0	,0.0	,0.0	,559.0	,559.0	,JDV024067355560,京东大件物流,山东省,烟台市,芝罘区,,,否,否,	,	,	,否,	,	,	,	,	,	,	,	,	,	,	,	,否,否,	,否,否,,	,否,	,否,,,否
【重磅新品】云米净水器600G小海豚升级版厨下式RO反渗透直饮家用,251114-182158702931872,已取消,1	,正常,	,	,,	,	,225501370546	,小海豚600G,1813468330532	,厨房电器,净水器/净水设备及配件耗材,净水器,	,6923185653684	,6923185616399	,	,	,无售后或售后取消,,	,	,,,,,,,否,否,	,否,	,,559.0	,0.0	,0.0	,0.0	,0.0	,0.0	,0.0	,0.0	,559.0	,559.0	,	,	,****,****,****,****,,否,否,	,	,	,否,	,	,	,	,	,	,	,	,	,	,	,	,否,否,	,否,	,,	,否,	,否,,,否
【重磅新品】云米净水器600G小海豚升级版厨下式RO反渗透直饮家用,251114-631557363343568,已发货，待收货,1	,正常,2025-11-14 14:15:54,2025-11-15 14:15:54,,2025-11-14 17:59:29,	,225501370546	,小海豚600G,1813468330532	,厨房电器,净水器/净水设备及配件耗材,净水器,	,6923185653684	,6923185616399	,	,	,无售后或售后取消,,2025-11-14 14:15:54,	,,,,,,,否,否,	,否,	,,559.0	,0.0	,0.0	,100.0	,0.0	,0.0	,0.0	,0.0	,459.0	,559.0	,JDV024066637720,京东大件物流,北京市,北京市,房山区,,,否,否,	,	,	,否,	,	,	,	,	,	,	,	,	,	,	,	,否,否,	,否,否,,	,否,	,否,,,否
云米顶侧大吸力蓝调油烟机家用厨房节能自清洁一级能效可挥手智控,251114-487640318243725,待发货,1	,正常,2025-11-14 14:12:39,2026-01-14 14:12:39,,	,	,657344402006	,云米智清洁挥手智控单烟机,1723825075586	,大家电,厨房大电,油烟机,	,6923185650973	,6923185650973	,	,	,无售后或售后取消,,2025-11-14 14:12:39,	,,,,,,,否,否,	,否,	,,789.0	,0.0	,0.0	,50.0	,0.0	,0.0	,0.0	,0.0	,739.0	,789.0	,	,	,山西省,运城市,芮城县,,,否,否,	,	,	,否,	,	,	,	,	,	,	,	,	,	,	,	,否,否,	,否,否,,	,否,	,否,,,否
云米AI油烟机双腔大吸力Smart双腔一级能效23m³大风压智清洁节能,251114-003271606563725,未发货，退款成功,1	,正常,2025-11-14 14:10:35,2025-11-15 14:10:35,,	,	,750412983827	,AI双腔强吸油烟机,1737582711971	,大家电,厨房大电,油烟机,	,6923185649229	,6923185649229	,聚水潭已取消发货，仅退款  诚11.14,	,退款成功,,2025-11-14 14:10:35,	,,,,,,,否,否,	,否,	,,789.0	,0.0	,0.0	,50.0	,0.0	,0.0	,0.0	,0.0	,739.0	,789.0	,	,	,山西省,运城市,芮城县,,,否,否,	,	,	,否,	,	,	,	,	,	,	,	,	,	,	,	,否,否,	,否,否,,	,否,	,否,,,否
【母婴直饮】云米净水器 SE 600G+ 新升级厨下式RO反渗透直饮家用,251114-249949099663451,已取消,1	,正常,	,	,,	,	,819506595979	,【24年新品】600G升级版6年长效,1787046011387	,厨房电器,净水器/净水设备及配件耗材,净水器,	,6923185653684	,6923185616399	,	,	,无售后或售后取消,,	,	,,,,,,,否,否,	,否,	,,748.0	,0.0	,134.64	,74.8	,0.0	,0.0	,0.0	,0.0	,538.56	,613.36	,	,	,****,****,****,****,,否,否,	,	,	,否,	,	,	,	,	,	,	,	,	,	,	,	,否,否,	,否,	,,	,否,	,否,,,否
VIOMI云米净水器大通量小海豚800G反渗透RO厨下式家用长效滤芯,251114-569198528111704,已收货，退款成功,1	,正常,2025-11-14 14:10:06,2025-11-15 14:10:07,,2025-11-15 09:43:21,2025-11-18 16:38:39,850333437206	,竹炭复合商品滤芯,1810726753549	,厨房电器,净水器/净水设备及配件耗材,净水器,	,6923185654193	,	,【补差】仅退款200 [viomi英英sk 11/18 16:46],	,退款成功,,2025-11-14 14:10:07,	,,,,,,,否,否,	,否,	,,299.0	,0.0	,0.0	,20.0	,0.0	,0.0	,0.0	,0.0	,279.0	,299.0	,JDV024066617362,京东大件物流,广东省,佛山市,南海区,,,否,否,	,	,	,否,	,	,	,	,	,	,	,	,	,	,	,	,否,否,	,否,否,,	,否,	,否,,,否
云米净水器滤芯家用小海豚小蓝调小白龙系列专用RO反渗透,251114-204304617870685,已收货,1	,正常,2025-11-14 14:06:04,2025-11-16 14:06:04,,2025-11-15 09:43:21,2025-11-16 20:55:31,232467205433	,5in1 复合滤芯,1647394585330	,厨房电器,净水器/净水设备及配件耗材,净水器配件耗材,	,6923185627425	,	,	,	,无售后或售后取消,,2025-11-14 14:06:04,	,,,,,,,否,否,	,否,	,,149.0	,0.0	,0.0	,9.0	,0.0	,0.0	,0.0	,0.0	,140.0	,149.0	,JDV024066593728,京东大件物流,北京市,北京市,海淀区,,,否,否,	,	,	,否,	,	,	,	,	,	,	,	,	,	,	,	,否,否,	,否,否,,	,否,	,否,,,否
【重磅新品】云米净水器600G小海豚升级版厨下式RO反渗透直饮家用,251114-323632504460321,已收货,1	,正常,2025-11-14 14:02:00,2025-11-15 14:02:01,,2025-11-14 17:59:28,2025-11-18 17:32:02,225501370546	,小海豚600G,1813468330532	,厨房电器,净水器/净水设备及配件耗材,净水器,	,6923185653684	,6923185616399	,	,	,无售后或售后取消,,2025-11-14 14:02:01,	,,,,,,,否,否,	,否,	,,559.0	,0.0	,0.0	,5.0	,0.0	,0.0	,0.0	,0.0	,554.0	,559.0	,JDV024066594223,京东大件物流,新疆维吾尔自治区,乌鲁木齐市,水磨沟区,,,否,否,	,	,	,否,	,	,	,	,	,	,	,	,	,	,	,	,否,否,	,否,否,,	,否,	,否,,,否
【重磅新品】云米净水器600G小海豚升级版厨下式RO反渗透直饮家用,251114-064047071670194,未发货，退款成功,1	,审核中，请勿发货,2025-11-14 13:58:12,2025-11-15 13:58:12,,	,	,225501370546	,小海豚600G,1813468330532	,厨房电器,净水器/净水设备及配件耗材,净水器,	,6923185653684	,6923185616399	,聚水潭已取消发货，仅退款  诚11.14,	,退款成功,,2025-11-14 13:58:12,	,,,,,,,否,否,	,否,	,,559.0	,0.0	,0.0	,0.0	,0.0	,0.0	,0.0	,0.0	,559.0	,559.0	,	,	,广东省,东莞市,万江区,,,否,否,	,	,	,否,	,	,	,	,	,	,	,	,	,	,	,	,否,否,	,否,	,,	,否,	,否,,,否
【重磅新品】云米净水器600G小海豚升级版厨下式RO反渗透直饮家用,251114-570456839680138,已发货，待收货,1	,正常,2025-11-14 13:49:19,2025-11-15 13:49:20,,2025-11-14 17:59:29,	,225501370546	,小海豚600G,1813468330532	,厨房电器,净水器/净水设备及配件耗材,净水器,	,6923185653684	,6923185616399	,13400565138安装 [viomi莉莉sk 11/17 09:57]=超 [viomi莉莉sk 11/19 19:11],	,无售后或售后取消,,2025-11-14 13:49:20,	,,,,,,,否,否,	,否,	,,559.0	,0.0	,0.0	,33.54	,0.0	,0.0	,0.0	,0.0	,525.46	,559.0	,JDV024066603827,京东大件物流,福建省,福州市,连江县,,,否,否,	,	,	,否,	,	,	,	,	,	,	,	,	,	,	,	,否,否,	,否,否,,	,否,	,否,,,否
【重磅新品】云米净水器600G小海豚升级版厨下式RO反渗透直饮家用,251114-365030326703380,未发货，退款成功,1	,审核中，请勿发货,2025-11-14 13:41:38,2025-11-15 13:41:38,,	,	,225501370546	,小海豚600G,1813468330532	,厨房电器,净水器/净水设备及配件耗材,净水器,	,6923185653684	,6923185616399	,聚水潭已取消发货，仅退款  诚11.14,	,退款成功,,2025-11-14 13:41:38,	,,,,,,,否,否,	,否,	,,559.0	,0.0	,0.0	,0.0	,0.0	,0.0	,0.0	,0.0	,559.0	,559.0	,	,	,广东省,汕头市,澄海区,,,否,否,	,	,	,否,	,	,	,	,	,	,	,	,	,	,	,	,否,否,	,否,	,,	,否,	,否,,,否
【重磅新品】云米净水器600G小海豚升级版厨下式RO反渗透直饮家用,251114-335439500800138,已取消,1	,正常,	,	,,	,	,225501370546	,小海豚600G,1813468330532	,厨房电器,净水器/净水设备及配件耗材,净水器,	,6923185653684	,6923185616399	,	,	,无售后或售后取消,,	,	,,,,,,,否,否,	,否,	,,559.0	,0.0	,0.0	,33.54	,0.0	,0.0	,0.0	,0.0	,525.46	,559.0	,	,	,****,****,****,****,,否,否,	,	,	,否,	,	,	,	,	,	,	,	,	,	,	,	,否,否,	,否,	,,	,否,	,否,,,否
云米电热水器免换镁棒1级能效钛芯防护抑菌内胆免清洗3000W速热,251114-270113185342750,已取消,1	,正常,	,	,,	,	,215513269171	,"【免更换镁棒技术】抑菌健康洗,50L",1757655804682	,大家电,热水器,电热水器,	,6923185611882	,镁棒50/60L,	,	,无售后或售后取消,,	,	,,,,,,,否,否,	,否,	,,703.0	,0.0	,0.0	,0.0	,0.0	,0.0	,0.0	,0.0	,703.0	,703.0	,	,	,****,****,****,****,,否,否,	,	,	,否,	,	,	,	,	,	,	,	,	,	,	,	,否,否,	,否,	,,	,否,	,否,,,否
云米智能电热水器小蓝调节能变频速热家用浴室洗澡抑菌50L/60L,251114-331863836222750,已发货，待收货,1	,正常,2025-11-14 14:25:39,2025-11-15 14:25:39,,2025-11-15 09:43:21,	,434684719975	,安全保护8倍增容大水量60L,1733881750462	,大家电,热水器,电热水器,	,6923185649083	,	,	,	,无售后或售后取消,,2025-11-14 14:25:39,	,,,,,,,否,否,	,否,	,,699.0	,0.0	,0.0	,34.95	,1.32	,0.0	,0.0	,0.0	,664.05	,699.0	,JDV024066637683,京东大件物流,福建省,宁德市,福安市,,,否,否,	,	,	,否,	,	,	,	,	,	,	,	,	,	,	,	,否,否,	,否,否,,	,否,	,否,,,否
VIOMI云米净水器1000G厨下直饮小体积净水机RO机智显龙头3秒满杯,251114-065106101863959,已取消,1	,正常,	,	,,	,	,842195971715	,1000G大通量RO净水器,1803617356458	,厨房电器,净水器/净水设备及配件耗材,净水器,	,6923185654247	,	,	,	,无售后或售后取消,,	,	,,,,,,,否,否,	,否,	,,823.0	,0.0	,24.0	,0.0	,0.0	,0.0	,0.0	,0.0	,799.0	,799.0	,	,	,****,****,****,****,,否,否,	,	,	,否,	,	,	,	,	,	,	,	,	,	,	,	,否,否,	,否,	,,	,否,	,否,,,否
【重磅新品】云米净水器600G小海豚升级版厨下式RO反渗透直饮家用,251114-330909642240138,已取消,1	,正常,	,	,,	,	,225501370546	,小海豚600G,1813468330532	,厨房电器,净水器/净水设备及配件耗材,净水器,	,6923185653684	,6923185616399	,	,	,无售后或售后取消,,	,	,,,,,,,否,否,	,否,	,,559.0	,0.0	,0.0	,33.54	,0.0	,0.0	,0.0	,0.0	,525.46	,559.0	,	,	,****,****,****,****,,否,否,	,	,	,否,	,	,	,	,	,	,	,	,	,	,	,	,否,否,	,否,	,,	,否,	,否,,,否
【重磅新品】云米净水器600G小海豚升级版厨下式RO反渗透直饮家用,251114-648785456663155,已收货,1	,正常,2025-11-14 13:22:24,2025-11-15 13:22:24,,2025-11-14 17:59:29,2025-11-16 11:57:48,225501370546	,小海豚600G,1813468330532	,厨房电器,净水器/净水设备及配件耗材,净水器,	,6923185653684	,6923185616399	,	,	,无售后或售后取消,,2025-11-14 13:22:24,	,,,,,,,否,否,	,否,	,,559.0	,0.0	,0.0	,50.0	,0.0	,0.0	,0.0	,0.0	,509.0	,559.0	,JDV024066637333,京东大件物流,四川省,成都市,双流区,,,否,否,	,	,	,否,	,	,	,	,	,	,	,	,	,	,	,	,否,否,	,否,否,,	,否,	,否,,,否
云米智能AI门锁3D指纹密码蓝牙可连大容量续航家用公寓自动安全,251114-299085350433081,已发货，退款成功,1	,正常,2025-11-14 13:15:23,2025-11-15 13:15:23,,2025-11-14 17:59:29,	,743885774552	,"云米蓝调指纹密码锁LBT11C,黑色",1734954999916	,基础建材,智能门锁/电子锁,智能门锁/电子锁,	,6923185655381	,6923185655381	,已拦截成功 操作退款 11.16,	,退款成功,,2025-11-14 13:15:23,	,,,,,,,否,否,	,否,	,,661.0	,0.0	,76.0	,24.0	,1.12	,0.0	,0.0	,0.0	,561.0	,585.0	,JDV024065272385,京东大件物流,江苏省,无锡市,滨湖区,,,否,否,	,	,	,否,	,	,	,	,	,	,	,	,	,	,	,	,否,否,	,否,否,,	,否,	,否,,,否
【母婴直饮】云米净水器 SE 600G+ 新升级厨下式RO反渗透直饮家用,251114-335062013503236,已发货，待收货,1	,正常,2025-11-14 13:09:55,2025-11-15 13:09:55,,2025-11-14 17:59:30,	,819506595979	,【24年新品】600G升级版6年长效,1787046011387	,厨房电器,净水器/净水设备及配件耗材,净水器,	,6923185653684	,6923185616399	,	,	,无售后或售后取消,,2025-11-14 13:09:55,	,,,,,,,否,否,	,否,	,,748.0	,0.0	,135.6	,70.0	,0.0	,0.0	,0.0	,0.0	,542.4	,612.4	,JDV024066637270,京东大件物流,河南省,南阳市,镇平县,,,否,否,	,	,	,否,	,	,	,	,	,	,	,	,	,	,	,	,否,否,	,否,否,,	,否,	,否,,,否
【母婴直饮】云米净水器 SE 600G+ 新升级厨下式RO反渗透直饮家用,251114-181990888961565,已发货，待收货,1	,正常,2025-11-14 12:59:46,2025-11-15 12:59:46,,2025-11-14 17:59:30,	,819506595979	,【24年新品】600G升级版6年长效,1787046011387	,厨房电器,净水器/净水设备及配件耗材,净水器,	,6923185653684	,6923185616399	,17313173010安装 [viomi诺诺sk 11/16 14:45],	,无售后或售后取消,,2025-11-14 12:59:46,	,,,,,,,否,否,	,否,	,,748.0	,0.0	,134.64	,74.8	,0.0	,0.0	,0.0	,0.0	,538.56	,613.36	,JDV024066543553,京东大件物流,四川省,绵阳市,三台县,,,否,否,	,	,	,否,	,	,	,	,	,	,	,	,	,	,	,	,否,否,	,否,否,,	,否,	,否,,,否
【母婴直饮】云米净水器 SE 600G+ 新升级厨下式RO反渗透直饮家用,251114-449639902783257,已取消,1	,正常,	,	,,	,	,819506595979	,【24年新品】600G升级版6年长效,1787046011387	,厨房电器,净水器/净水设备及配件耗材,净水器,	,6923185653684	,6923185616399	,	,	,无售后或售后取消,,	,	,,,,,,,否,否,	,否,	,,748.0	,0.0	,149.6	,0.0	,0.0	,0.0	,0.0	,0.0	,598.4	,598.4	,	,	,****,****,****,****,,否,否,	,	,	,否,	,	,	,	,	,	,	,	,	,	,	,	,否,否,	,否,	,,	,否,	,否,,,否
【重磅新品】云米净水器600G小海豚升级版厨下式RO反渗透直饮家用,251114-479419450923530,已收货，退款成功,1	,正常,2025-11-14 12:58:43,2025-11-15 12:58:44,2025-11-15 23:59:59,2025-11-14 17:59:30,2025-11-18 10:58:01,225501370546	,小海豚600G,1813468330532	,厨房电器,净水器/净水设备及配件耗材,净水器,	,6923185653684	,6923185616399	,559-509=50差价仅退款 [viomi慧慧sk 11/18 11:42],	,退款成功,,2025-11-14 12:58:44,	,,,,,,,否,否,	,否,	,,559.0	,0.0	,0.0	,33.54	,5.0	,0.0	,0.0	,0.0	,525.46	,559.0	,JDV024065289294,京东大件物流,浙江省,金华市,永康市,,,否,否,	,	,	,否,	,	,	,	,	,	,	,	,	,	,	,	,否,否,	,否,否,,	,否,	,否,,,否
云米净水器滤芯小蓝调小海豚600G+专用复合滤芯RO反渗透滤芯过滤,251114-640312942163260,已收货，退款成功,2	,正常,2025-11-14 12:48:40,2025-11-15 12:48:40,,2025-11-14 16:21:04,2025-11-15 16:20:32,296967601341	,5in1复合滤芯 2年长效,1600193054565	,厨房电器,净水器/净水设备及配件耗材,净水器配件耗材,	,6923185627425	,	,补差后返到手价198 【补差】平台已退394.02元  11.15,	,退款成功,,2025-11-14 12:48:40,	,,,,,,,否,否,	,否,	,,598.0	,0.0	,5.98	,1.0	,0.0	,0.0	,0.0	,0.0	,591.02	,592.02	,JDV024062701760,京东大件物流,江苏省,苏州市,太仓市,,,否,否,	,	,	,否,	,	,	,	,	,	,	,	,	,	,	,	,否,否,	,否,否,,	,否,	,否,,,否
云米净水器滤芯小蓝调小海豚600G+专用复合滤芯RO反渗透滤芯过滤,251114-019912476243260,未发货，退款成功,1	,正常,2025-11-14 12:44:55,2025-11-15 12:44:55,,	,	,296967601341	,5in1复合滤芯 2年长效,1600193054565	,厨房电器,净水器/净水设备及配件耗材,净水器配件耗材,	,6923185627425	,	,聚水潭已取消发货，仅退款  诚11.14,	,退款成功,,2025-11-14 12:44:55,	,,,,,,,否,否,	,否,	,,299.0	,0.0	,0.0	,20.93	,0.0	,0.0	,0.0	,0.0	,278.07	,299.0	,	,	,江苏省,苏州市,太仓市,,,否,否,	,	,	,否,	,	,	,	,	,	,	,	,	,	,	,	,否,否,	,否,否,,	,否,	,否,,,否
【母婴直饮】云米净水器 SE 600G+ 新升级厨下式RO反渗透直饮家用,251114-674716730963260,已收货,1	,正常,2025-11-14 12:40:42,2025-11-15 12:40:42,,2025-11-14 17:59:30,2025-11-15 16:20:42,819506595979	,【24年新品】600G升级版6年长效,1787046011387	,厨房电器,净水器/净水设备及配件耗材,净水器,	,6923185653684	,6923185616399	,13372118298 安装11.15 [viomi范范sk 11/15 16:50]=超 [viomi莉莉sk 11/17 09:19],	,无售后或售后取消,,2025-11-14 12:40:42,	,,,,,,,否,否,	,否,	,,748.0	,0.0	,142.12	,37.4	,0.0	,0.0	,0.0	,0.0	,568.48	,605.88	,JDV024065269037,京东大件物流,江苏省,苏州市,太仓市,,,否,否,	,	,	,否,	,	,	,	,	,	,	,	,	,	,	,	,否,否,	,否,否,,	,否,	,否,,,否
云米24m³大吸力顶侧3吸油烟机聚能猛火灶 烟灶智能联动套装嵌入式,251114-381818038683954,已取消,1	,正常,	,	,,	,	,205936193873	,"【热销套装】单烟机+5.2KW聚能灶,天然气",1604718199168	,大家电,厨房大电,烟灶消套装,	,S2302131157001,6923185649762	,	,	,无售后或售后取消,,	,	,,,,,,,否,否,	,否,	,,1758.9	,0.0	,0.0	,0.0	,0.0	,0.0	,0.0	,0.0	,1758.9	,1758.9	,	,	,****,****,****,****,,否,否,	,	,	,否,	,	,	,	,	,	,	,	,	,	,	,	,否,否,	,否,	,,	,否,	,否,,,否
云米净水器滤芯家用小海豚小蓝调小白龙系列专用RO反渗透,251114-558723305843378,已收货，退款成功,1	,正常,2025-11-14 12:29:31,2025-11-16 12:29:32,,2025-11-14 16:21:04,2025-11-15 14:17:39,232467205433	,5in1 复合滤芯,1647394585330	,厨房电器,净水器/净水设备及配件耗材,净水器配件耗材,	,6923185627425	,	,补差后返到手价109==已退40 [viomi诺诺sk 11/15 14:18],	,退款成功,,2025-11-14 12:29:32,	,,,,,,,否,否,	,否,	,,149.0	,0.0	,0.0	,0.0	,0.15	,0.0	,0.0	,0.0	,149.0	,149.0	,JDV024062105916,京东大件物流,四川省,德阳市,绵竹市,,,否,否,	,	,	,否,	,	,	,	,	,	,	,	,	,	,	,	,否,否,	,否,否,,	,否,	,否,,,否
【母婴直饮】云米净水器 SE 600G+ 新升级厨下式RO反渗透直饮家用,251114-654688960863858,已收货,1	,正常,2025-11-14 12:00:09,2025-11-15 12:00:09,,2025-11-14 16:21:29,2025-11-17 21:01:54,819506595979	,【24年新品】600G升级版6年长效,1787046011387	,厨房电器,净水器/净水设备及配件耗材,净水器,	,6923185653684	,6923185616399	,差价21.96已登记 [viomi慧慧sk 11/18 15:27],	,无售后或售后取消,,2025-11-14 12:00:09,	,,,,,,,否,否,	,否,	,,748.0	,0.0	,130.04	,97.8	,0.0	,0.0	,0.0	,0.0	,520.16	,617.96	,JDV024063273656,京东大件物流,广东省,广州市,天河区,,,否,否,	,	,	,否,	,	,	,	,	,	,	,	,	,	,	,	,否,否,	,否,否,,	,否,	,否,,,否
【母婴直饮】云米净水器 SE 600G+ 新升级厨下式RO反渗透直饮家用,251114-641948741172634,已收货,1	,正常,2025-11-14 11:58:15,2025-11-15 11:58:16,,2025-11-14 16:21:04,2025-11-16 09:10:55,819506595979	,【24年新品】600G升级版6年长效,1787046011387	,厨房电器,净水器/净水设备及配件耗材,净水器,	,6923185653684	,6923185616399	,13056124992安装 [viomi诺诺sk 11/15 15:06],	,无售后或售后取消,,2025-11-14 11:58:16,	,,,,,,,否,否,	,否,	,,748.0	,0.0	,149.6	,0.0	,0.0	,0.0	,0.0	,0.0	,598.4	,598.4	,JDV024062387417,京东大件物流,江苏省,宿迁市,沭阳县,,,否,否,	,	,	,否,	,	,	,	,	,	,	,	,	,	,	,	,否,否,	,否,否,,	,否,	,否,,,否
【重磅新品】云米净水器600G小海豚升级版厨下式RO反渗透直饮家用,251114-301465628231666,已发货，待收货,1	,正常,2025-11-14 11:57:19,2025-11-15 11:57:19,,2025-11-14 17:59:31,	,225501370546	,小海豚600G,1813468330532	,厨房电器,净水器/净水设备及配件耗材,净水器,	,6923185653684	,6923185616399	,17303772789安装 [viomi莉莉sk 11/16 10:04],	,无售后或售后取消,,2025-11-14 11:57:19,	,,,,,,,否,否,	,否,	,,559.0	,0.0	,0.0	,0.0	,0.0	,0.0	,0.0	,0.0	,559.0	,559.0	,JDV024066574944,京东大件物流,河南省,南阳市,邓州市,,,否,否,	,	,	,否,	,	,	,	,	,	,	,	,	,	,	,	,否,否,	,否,否,,	,否,	,否,,,否
【母婴直饮】云米净水器 SE 600G+ 新升级厨下式RO反渗透直饮家用,251114-389734735412634,已取消,1	,正常,	,	,,	,	,819506595979	,【24年新品】600G升级版6年长效,1787046011387	,厨房电器,净水器/净水设备及配件耗材,净水器,	,6923185653684	,6923185616399	,	,	,无售后或售后取消,,	,	,,,,,,,否,否,	,否,	,,748.0	,0.0	,149.6	,0.0	,0.0	,0.0	,0.0	,0.0	,598.4	,598.4	,	,	,****,****,****,****,,否,否,	,	,	,否,	,	,	,	,	,	,	,	,	,	,	,	,否,否,	,否,	,,	,否,	,否,,,否
【重磅新品】云米净水器600G小海豚升级版厨下式RO反渗透直饮家用,251114-168736857713003,已收货,1	,正常,2025-11-14 11:53:52,2025-11-15 11:53:52,,2025-11-14 17:59:30,2025-11-17 16:57:37,225501370546	,小海豚600G,1813468330532	,厨房电器,净水器/净水设备及配件耗材,净水器,	,6923185653684	,6923185616399	,	,	,无售后或售后取消,,2025-11-14 11:53:52,	,,,,,,,否,否,	,否,	,,559.0	,0.0	,0.0	,0.0	,1.11	,0.0	,0.0	,0.0	,559.0	,559.0	,JDV024066582730,京东大件物流,甘肃省,陇南市,成县,,,否,否,	,	,	,否,	,	,	,	,	,	,	,	,	,	,	,	,否,否,	,否,否,,	,否,	,否,,,否
【母婴直饮】云米净水器 SE 600G+ 新升级厨下式RO反渗透直饮家用,251114-485218066010855,已发货，待收货,1	,正常,2025-11-14 11:52:38,2025-11-15 11:52:39,,2025-11-14 17:59:30,	,819506595979	,【24年新品】600G升级版6年长效,1787046011387	,厨房电器,净水器/净水设备及配件耗材,净水器,	,6923185653684	,6923185616399	,18688157622安装 [viomi英英sk 11/17 15:59],	,无售后或售后取消,,2025-11-14 11:52:39,	,,,,,,,否,否,	,否,	,,748.0	,0.0	,129.6	,100.0	,0.0	,0.0	,0.0	,0.0	,518.4	,618.4	,JDV024065289241,京东大件物流,江西省,赣州市,南康区,,,否,否,	,	,	,否,	,	,	,	,	,	,	,	,	,	,	,	,否,否,	,否,是,3	,商家,否,	,否,,信用卡分期,否
【重磅新品】云米净水器600G小海豚升级版厨下式RO反渗透直饮家用,251114-066962071112805,未发货，退款成功,1	,审核中，请勿发货,2025-11-14 11:52:42,2025-11-15 11:52:42,2025-11-15 23:59:59,	,	,225501370546	,小海豚600G,1813468330532	,厨房电器,净水器/净水设备及配件耗材,净水器,	,6923185653684	,6923185616399	,聚水潭已取消发货，仅退款  诚11.14 ,	,退款成功,,2025-11-14 11:52:42,	,,,,,,,否,否,	,否,	,,559.0	,0.0	,0.0	,0.0	,0.0	,0.0	,0.0	,0.0	,559.0	,559.0	,	,	,广东省,东莞市,万江区,,,否,否,	,	,	,否,	,	,	,	,	,	,	,	,	,	,	,	,否,否,	,否,	,,	,否,	,否,,,否
【重磅新品】云米净水器600G小海豚升级版厨下式RO反渗透直饮家用,251114-377655139953003,已取消,1	,正常,	,	,,	,	,225501370546	,小海豚600G,1813468330532	,厨房电器,净水器/净水设备及配件耗材,净水器,	,6923185653684	,6923185616399	,	,	,无售后或售后取消,,	,	,,,,,,,否,否,	,否,	,,559.0	,0.0	,0.0	,0.0	,0.0	,0.0	,0.0	,0.0	,559.0	,559.0	,	,	,****,****,****,****,,否,否,	,	,	,否,	,	,	,	,	,	,	,	,	,	,	,	,否,否,	,否,	,,	,否,	,否,,,否
【母婴直饮】云米净水器 SE 600G+ 新升级厨下式RO反渗透直饮家用,251114-338648174890719,已收货,1	,正常,2025-11-14 11:53:29,2025-11-15 11:53:29,,2025-11-14 17:59:31,2025-11-18 15:17:53,819506595979	,【24年新品】600G升级版6年长效,1787046011387	,厨房电器,净水器/净水设备及配件耗材,净水器,	,6923185653684	,6923185616399	,	,	,无售后或售后取消,,2025-11-14 11:53:29,	,,,,,,,否,否,	,否,	,,748.0	,0.0	,133.14	,82.28	,0.0	,0.0	,0.0	,0.0	,532.58	,614.86	,JDV024066574918,京东大件物流,河南省,郑州市,二七区,,,否,否,	,	,	,否,	,	,	,	,	,	,	,	,	,	,	,	,否,否,	,否,否,,	,否,	,否,,,否
云米顶侧大吸力蓝调油烟机家用厨房节能自清洁一级能效可挥手智控,251114-056790956443721,已收货,1	,正常,2025-11-14 11:47:04,2025-11-15 11:47:04,,2025-11-14 17:59:30,2025-11-17 15:32:32,657344402006	,云米智清洁挥手智控单烟机,1723825075586	,大家电,厨房大电,油烟机,	,6923185650973	,6923185650973	,	,	,无售后或售后取消,,2025-11-14 11:47:04,	,,,,,,,否,否,	,否,	,,789.0	,0.0	,0.0	,50.0	,0.0	,0.0	,0.0	,0.0	,739.0	,789.0	,JDV024063840414,京东大件物流,四川省,绵阳市,游仙区,,,否,否,	,	,	,否,	,	,	,	,	,	,	,	,	,	,	,	,否,否,	,否,否,,	,否,	,否,,,否
【重磅新品】云米净水器600G小海豚升级版厨下式RO反渗透直饮家用,251114-531921671820636,已取消,1	,正常,	,	,,	,	,225501370546	,小海豚600G,1813468330532	,厨房电器,净水器/净水设备及配件耗材,净水器,	,6923185653684	,6923185616399	,	,	,无售后或售后取消,,	,	,,,,,,,否,否,	,否,	,,559.0	,0.0	,0.0	,0.0	,0.0	,0.0	,0.0	,0.0	,559.0	,559.0	,	,	,****,****,****,****,,否,否,	,	,	,否,	,	,	,	,	,	,	,	,	,	,	,	,否,否,	,否,	,,	,否,	,否,,,否
【重磅新品】云米净水器600G小海豚升级版厨下式RO反渗透直饮家用,251114-479849408862327,已发货，退款成功,1	,正常,2025-11-14 11:37:37,2025-11-15 11:37:37,,2025-11-14 16:21:03,	,225501370546	,小海豚600G,1813468330532	,厨房电器,净水器/净水设备及配件耗材,净水器,	,6923185653684	,6923185616399	,	ZX2511150066742	  [viomi诺诺sk 11/15 12:05] 拦截成功 操作退款 11.16,	,退款成功,,2025-11-14 11:37:37,	,,,,,,,否,否,	,否,	,,559.0	,0.0	,0.0	,0.0	,0.2	,0.0	,0.0	,0.0	,559.0	,559.0	,JDV024063298630,京东大件物流,河南省,郑州市,新密市,,,否,否,	,	,	,否,	,	,	,	,	,	,	,	,	,	,	,	,否,否,	,否,否,,	,否,	,否,,,否
云米顶侧大吸力蓝调油烟机家用厨房节能自清洁一级能效可挥手智控,251114-420531433051119,已发货，待收货,1	,正常,2025-11-14 11:37:00,2025-11-15 11:37:00,,2025-11-15 09:43:21,	,657344402006	,云米智清洁挥手智控单烟机,1723825075586	,大家电,厨房大电,油烟机,	,6923185650973	,6923185650973	,	,	,无售后或售后取消,,2025-11-14 11:37:00,	,,,,,,,否,否,	,否,	,,789.0	,0.0	,0.0	,67.15	,0.0	,0.0	,0.0	,0.0	,721.85	,789.0	,JDV024066593638,京东大件物流,广东省,阳江市,江城区,,,否,否,	,	,	,否,	,	,	,	,	,	,	,	,	,	,	,	,否,否,	,否,否,,	,否,	,否,,,否
云米净水器滤芯家用小海豚小蓝调小白龙系列专用RO反渗透,251114-364380219690723,已收货,1	,正常,2025-11-14 11:37:37,2025-11-16 11:37:37,,2025-11-14 16:21:05,2025-11-18 20:43:25,232467205433	,600G RO反渗透,1358951046252	,厨房电器,净水器/净水设备及配件耗材,净水器配件耗材,	,6923185618379	,	,	,	,无售后或售后取消,,2025-11-14 11:37:37,	,,,,,,,否,否,	,否,	,,549.0	,0.0	,0.0	,0.0	,0.0	,0.0	,0.0	,0.0	,549.0	,549.0	,JDV024063263998,京东大件物流,江苏省,盐城市,建湖县,,,否,否,	,	,	,否,	,	,	,	,	,	,	,	,	,	,	,	,否,否,	,否,否,,	,否,	,否,,,否
【母婴直饮】云米净水器 SE 600G+ 新升级厨下式RO反渗透直饮家用,251114-330228119850597,已取消,1	,正常,	,	,,	,	,819506595979	,【24年新品】600G升级版6年长效,1787046011387	,厨房电器,净水器/净水设备及配件耗材,净水器,	,6923185653684	,6923185616399	,	,	,无售后或售后取消,,	,	,,,,,,,否,否,	,否,	,,748.0	,0.0	,134.64	,74.8	,0.0	,0.0	,0.0	,0.0	,538.56	,613.36	,	,	,****,****,****,****,,否,否,	,	,	,否,	,	,	,	,	,	,	,	,	,	,	,	,否,否,	,否,	,,	,否,	,否,,,否
VIOMI云米净水器1000G厨下直饮小体积净水机RO机智显龙头3秒满杯,251114-166566305340787,已收货，退款成功,1	,正常,2025-11-14 11:21:11,2025-11-15 11:21:11,,2025-11-14 16:21:05,2025-11-17 14:39:47,309517106373	,复合滤芯,1803020722098	,厨房电器,净水器/净水设备及配件耗材,净水器,	,6923185653998	,	,补差后返 到手价99===已退款200 [viomi诺诺sk 11/17 14:40],	,退款成功,,2025-11-14 11:21:11,	,,,,,,,否,否,	,否,	,,299.0	,0.0	,0.0	,3.0	,0.0	,0.0	,0.0	,0.0	,296.0	,299.0	,JDV024063290711,京东大件物流,四川省,成都市,锦江区,,,否,否,	,	,	,否,	,	,	,	,	,	,	,	,	,	,	,	,否,否,	,否,否,,	,否,	,否,,,否
VIOMI云米净水器1000G厨下直饮小体积净水机RO机智显龙头3秒满杯,251114-253849781820787,已收货,1	,正常,2025-11-14 11:20:39,2025-11-15 11:20:40,,2025-11-14 16:21:04,2025-11-17 14:37:40,842195971715	,1000G大通量RO净水器,1803617356458	,厨房电器,净水器/净水设备及配件耗材,净水器,	,6923185654247	,	,	,	,无售后或售后取消,,2025-11-14 11:20:40,	,,,,,,,否,否,	,否,	,,823.0	,0.0	,24.0	,79.9	,0.2	,0.0	,0.0	,0.0	,719.1	,799.0	,JDV024063326962,京东大件物流,四川省,成都市,锦江区,,,否,否,	,	,	,否,	,	,	,	,	,	,	,	,	,	,	,	,否,否,	,否,否,,	,否,	,否,,,否
【母婴直饮】云米净水器 SE 600G+ 新升级厨下式RO反渗透直饮家用,251114-245471669823950,已收货,1	,正常,2025-11-14 11:19:10,2025-11-15 11:19:10,,2025-11-14 16:21:04,2025-11-16 20:32:44,819506595979	,【24年新品】600G升级版6年长效,1787046011387	,厨房电器,净水器/净水设备及配件耗材,净水器,	,6923185653684	,6923185616399	,特殊补差50已登记 [viomi慧慧sk 11/18 15:14],	,无售后或售后取消,,2025-11-14 11:19:10,	,,,,,,,否,否,	,否,	,,748.0	,0.0	,129.6	,100.0	,0.0	,0.0	,0.0	,0.0	,518.4	,618.4	,JDV024063301296,京东大件物流,广东省,中山市,南区街道,,,否,否,	,	,	,否,	,	,	,	,	,	,	,	,	,	,	,	,否,否,	,否,否,,	,否,	,否,,,否
云米智能AI门锁3D指纹密码蓝牙可连大容量续航家用公寓自动安全,251114-000367019621756,已取消,1	,正常,	,	,,	,	,743885774552	,"云米蓝调指纹密码锁LBT11C,黑色",1734954999916	,基础建材,智能门锁/电子锁,智能门锁/电子锁,	,6923185655381	,6923185655381	,	,	,无售后或售后取消,,	,	,,,,,,,否,否,	,否,	,,661.0	,0.0	,76.0	,24.0	,0.0	,0.0	,0.0	,0.0	,561.0	,585.0	,	,	,****,****,****,****,,否,否,	,	,	,否,	,	,	,	,	,	,	,	,	,	,	,	,否,否,	,否,	,,	,否,	,否,,,否
【母婴直饮】云米净水器 SE 600G+ 新升级厨下式RO反渗透直饮家用,251114-188041152093860,已取消,1	,正常,	,	,,	,	,819506595979	,【24年新品】600G升级版6年长效,1787046011387	,厨房电器,净水器/净水设备及配件耗材,净水器,	,6923185653684	,6923185616399	,	,	,无售后或售后取消,,	,	,,,,,,,否,否,	,否,	,,748.0	,0.0	,139.6	,50.0	,0.0	,0.0	,0.0	,0.0	,558.4	,608.4	,	,	,****,****,****,****,,否,否,	,	,	,否,	,	,	,	,	,	,	,	,	,	,	,	,否,否,	,否,	,,	,否,	,否,,,否
云米双腔大吸力手势控制智清洁油烟机聚能猛火灶安全烟灶联动套装,251114-086192985682185,已取消,1	,正常,	,	,,	,	,818698470695	,"【烟灶套装】双腔劲吸烟机+5.0KW灶,液化气灶",1786567894378	,大家电,厨房大电,烟灶消套装,	,S2509151408001,	,	,	,无售后或售后取消,,	,	,,,,,,,否,否,	,否,	,,1115.0	,0.0	,0.0	,100.0	,0.0	,0.0	,0.0	,0.0	,1015.0	,1115.0	,	,	,****,****,****,****,,否,否,	,	,	,否,	,	,	,	,	,	,	,	,	,	,	,	,否,否,	,否,	,,	,否,	,否,,,否
云米24m³大吸力顶侧3吸油烟机聚能猛火灶 烟灶智能联动套装嵌入式,251114-337767339653198,已发货，待收货,1	,正常,2025-11-14 10:37:44,2025-11-15 10:37:45,,2025-11-15 09:43:20,	,205936193873	,"【爆款】单烟机+5.0KW猛火灶,天然气",1662367362948	,大家电,厨房大电,烟灶消套装,	,S2409261037001,6923185649762	,	,	,无售后或售后取消,,2025-11-14 10:37:45,	,,,,,,,否,否,	,否,	,,1499.0	,0.0	,0.0	,0.0	,0.0	,0.0	,0.0	,0.0	,1499.0	,1499.0	,JDV024067402811,京东大件物流,山西省,大同市,平城区,,,否,否,	,	,	,否,	,	,	,	,	,	,	,	,	,	,	,	,否,否,	,否,否,,	,否,	,否,,,否
VIOMI云米净水器1000G厨下直饮小体积净水机RO机智显龙头3秒满杯,251114-152096018841885,已收货，退款成功,1	,正常,2025-11-14 10:29:51,2025-11-15 10:29:52,,2025-11-14 16:21:04,2025-11-16 14:13:51,309517106373	,复合滤芯,1803020722098	,厨房电器,净水器/净水设备及配件耗材,净水器,	,6923185653998	,	,补差后返到手价99=差价200仅退款 [viomi莉莉sk 11/16 14:16],	,退款成功,,2025-11-14 10:29:52,	,,,,,,,否,否,	,否,	,,299.0	,0.0	,0.0	,0.0	,1.04	,0.0	,0.0	,0.0	,299.0	,299.0	,JDV024060591405,京东大件物流,江苏省,宿迁市,宿城区,,,否,否,	,	,	,否,	,	,	,	,	,	,	,	,	,	,	,	,否,否,	,否,否,,	,否,	,否,,,否
【母婴直饮】云米净水器 SE 600G+ 新升级厨下式RO反渗透直饮家用,251114-207471265310307,已发货，待收货,1	,正常,2025-11-14 10:24:15,2025-11-15 10:24:15,,2025-11-14 16:21:04,	,819506595979	,【24年新品】600G升级版6年长效,1787046011387	,厨房电器,净水器/净水设备及配件耗材,净水器,	,6923185653684	,6923185616399	,	,	,无售后或售后取消,,2025-11-14 10:24:15,	,,,,,,,否,否,	,否,	,,748.0	,0.0	,149.6	,0.0	,0.0	,0.0	,0.0	,0.0	,598.4	,598.4	,JDV024059561892,京东大件物流,河北省,唐山市,路北区,,,否,否,	,	,	,否,	,	,	,	,	,	,	,	,	,	,	,	,否,否,	,否,否,,	,否,	,否,,,否
【母婴直饮】云米净水器 SE 600G+ 新升级厨下式RO反渗透直饮家用,251114-512585920030307,已取消,1	,正常,	,	,,	,	,819506595979	,【24年新品】600G升级版6年长效,1787046011387	,厨房电器,净水器/净水设备及配件耗材,净水器,	,6923185653684	,6923185616399	,	,	,无售后或售后取消,,	,	,,,,,,,否,否,	,否,	,,748.0	,0.0	,149.6	,0.0	,0.0	,0.0	,0.0	,0.0	,598.4	,598.4	,	,	,****,****,****,****,,否,否,	,	,	,否,	,	,	,	,	,	,	,	,	,	,	,	,否,否,	,否,	,,	,否,	,否,,,否
【母婴直饮】云米净水器 SE 600G+ 新升级厨下式RO反渗透直饮家用,251114-644832325150307,未发货，退款成功,1	,正常,2025-11-14 10:23:14,2025-11-15 10:23:14,,	,	,819506595979	,【24年新品】600G升级版6年长效,1787046011387	,厨房电器,净水器/净水设备及配件耗材,净水器,	,6923185653684	,6923185616399	,聚水潭已取消发货，仅退款  诚11.14,	,退款成功,,2025-11-14 10:23:14,	,,,,,,,否,否,	,否,	,,748.0	,0.0	,149.6	,0.0	,0.0	,0.0	,0.0	,0.0	,598.4	,598.4	,	,	,河北省,唐山市,路北区,,,否,否,	,	,	,否,	,	,	,	,	,	,	,	,	,	,	,	,否,否,	,否,否,,	,否,	,否,,,否
云米双腔大吸力手势控制智清洁油烟机聚能猛火灶安全烟灶联动套装,251114-212756098642185,已收货,1	,正常,2025-11-14 10:15:41,2025-11-15 10:15:41,,2025-11-15 09:43:20,2025-11-19 11:26:34,818698470695	,"【烟灶套装】双腔劲吸烟机+5.0KW灶,液化气灶",1786567894378	,大家电,厨房大电,烟灶消套装,	,S2509151408001,	,晒单赠送清洁剂 [viomi莉莉sk 11/19 21:02],	,无售后或售后取消,,2025-11-14 10:15:41,	,,,,,,,否,否,	,否,	,,1115.0	,0.0	,0.0	,111.5	,0.0	,0.0	,0.0	,0.0	,1003.5	,1115.0	,JDV024067355470,京东大件物流,辽宁省,沈阳市,皇姑区,,,否,否,	,	,	,否,	,	,	,	,	,	,	,	,	,	,	,	,否,否,	,否,否,,	,否,	,否,,,否
云米净水器滤芯小蓝调小海豚600G+专用复合滤芯RO反渗透滤芯过滤,251114-569502625402943,已收货，退款成功,1	,正常,2025-11-14 10:14:03,2025-11-15 10:14:03,,2025-11-14 16:21:04,2025-11-16 12:25:32,296967601341	,5in1复合滤芯 2年长效,1600193054565	,厨房电器,净水器/净水设备及配件耗材,净水器配件耗材,	,6923185627425	,	,补差后返到手价99=差价200仅退款 [viomi莉莉sk 11/16 12:26],	,退款成功,,2025-11-14 10:14:03,	,,,,,,,否,否,	,否,	,,299.0	,0.0	,0.0	,0.0	,0.0	,0.0	,0.0	,0.0	,299.0	,299.0	,JDV024059331118,京东大件物流,河南省,南阳市,新野县,,,否,否,	,	,	,否,	,	,	,	,	,	,	,	,	,	,	,	,否,否,	,否,否,,	,否,	,否,,,否
云米净水器滤芯小蓝调小海豚600G+专用复合滤芯RO反渗透滤芯过滤,251114-304684736122943,未发货，退款成功,1	,正常,2025-11-14 10:13:26,2025-11-15 10:13:26,,	,	,296967601341	,5in1复合滤芯 2年长效,1600193054565	,厨房电器,净水器/净水设备及配件耗材,净水器配件耗材,	,6923185627425	,	,聚水潭已取消发货，仅退款  诚11.14,	,退款成功,,2025-11-14 10:13:26,	,,,,,,,否,否,	,否,	,,299.0	,0.0	,0.0	,20.0	,0.2	,0.0	,0.0	,0.0	,279.0	,299.0	,	,	,河南省,南阳市,新野县,,,否,否,	,	,	,否,	,	,	,	,	,	,	,	,	,	,	,	,否,否,	,否,否,,	,否,	,否,,,否
云米新品鲲鹏PRO油烟机28m³大吸力易清洁挥手智控烟灶联动小噪音,251114-609138829602463,已收货，退款成功,1	,正常,2025-11-14 10:17:44,2025-11-15 10:17:45,,2025-11-14 16:21:04,2025-11-17 13:38:35,763759392708	,【新品】小噪音大吸力油烟机,1748828925108	,大家电,厨房大电,油烟机,	,6923185605379	,6923185605379	,送保温杯，5.0灶具，晒单在返200=差价200仅退款 [viomi莉莉sk 11/17 13:41] 【补差】平台已退200元  11.17==保温杯+super 5.0灶具已登 [viomi莉莉sk 11/17 15:33],	,退款成功,,2025-11-14 10:17:45,	,,,,,,,否,否,	,否,	,,1999.0	,0.0	,0.0	,99.95	,0.0	,0.0	,0.0	,0.0	,1899.05	,1999.0	,JDV024063281379,京东大件物流,湖北省,武汉市,硚口区,,,否,否,	,	,	,否,	,	,	,	,	,	,	,	,	,	,	,	,否,否,	,否,否,,	,否,	,否,,,否
云米净水器滤芯小蓝调小海豚600G+专用复合滤芯RO反渗透滤芯过滤,251114-047238387211304,已收货，退款成功,1	,正常,2025-11-14 10:02:35,2025-11-15 10:02:35,2025-11-15 23:59:59,2025-11-14 16:21:04,2025-11-17 11:00:08,296967601341	,5in1复合滤芯 2年长效,1600193054565	,厨房电器,净水器/净水设备及配件耗材,净水器配件耗材,	,6923185627425	,	,补差后返 到手价99===已退200 [viomi诺诺sk 11/17 11:01],	,退款成功,,2025-11-14 10:02:35,	,,,,,,,否,否,	,否,	,,299.0	,0.0	,0.0	,0.0	,0.0	,0.0	,0.0	,0.0	,299.0	,299.0	,JDV024059330971,京东大件物流,广东省,深圳市,宝安区,,,否,否,	,	,	,否,	,	,	,	,	,	,	,	,	,	,	,	,否,否,	,否,否,,	,否,	,否,,,否
VIOMI云米净水器1000G厨下直饮小体积净水机RO机智显龙头3秒满杯,251114-670784581270268,已收货，退款成功,1	,正常,2025-11-14 10:01:04,2025-11-15 10:01:04,,2025-11-14 16:21:04,2025-11-19 14:26:47,309517106373	,复合滤芯,1803020722098	,厨房电器,净水器/净水设备及配件耗材,净水器,	,6923185653998	,	,补差后返到手价99=200仅退款,	,退款成功,,2025-11-14 10:01:04,	,,,,,,,否,否,	,否,	,,299.0	,0.0	,0.0	,0.0	,0.0	,0.0	,0.0	,0.0	,299.0	,299.0	,JDV024059299820,京东大件物流,湖南省,湘潭市,湘潭县,,,否,否,	,	,	,否,	,	,	,	,	,	,	,	,	,	,	,	,否,否,	,否,否,,	,否,	,否,,,否
【母婴直饮】云米净水器 SE 600G+ 新升级厨下式RO反渗透直饮家用,251114-335313682762660,未发货，退款成功,1	,正常,2025-11-14 10:01:41,2025-11-15 10:01:42,,	,	,819506595979	,【24年新品】600G升级版6年长效,1787046011387	,厨房电器,净水器/净水设备及配件耗材,净水器,	,6923185653684	,6923185616399	,聚水潭已取消发货，仅退款  诚11.14,	,退款成功,,2025-11-14 10:01:42,	,,,,,,,否,否,	,否,	,,748.0	,0.0	,149.6	,0.0	,0.0	,0.0	,0.0	,0.0	,598.4	,598.4	,	,	,河南省,郑州市,二七区,,,否,否,	,	,	,否,	,	,	,	,	,	,	,	,	,	,	,	,否,否,	,否,否,,	,否,	,否,,,否
云米16即热零冷水燃气热水器智能低水压双调恒温防冻安全保护速热,251114-254541841962243,已收货,1	,正常,2025-11-14 09:56:25,2025-11-15 09:56:25,,2025-11-14 11:54:40,2025-11-19 14:58:05,216845252864	,云米即开即热16L零冷水热水器,1731415907130	,大家电,热水器,燃气热水器,	,6923185611226	,6923185611226	,	,	,无售后或售后取消,,2025-11-14 09:56:25,	,,,,,,,否,否,	,否,	,,899.0	,0.0	,0.0	,0.0	,0.0	,0.0	,0.0	,0.0	,899.0	,899.0	,JDV024059061952,京东大件物流,山东省,菏泽市,牡丹区,,,否,否,	,	,	,否,	,	,	,	,	,	,	,	,	,	,	,	,否,否,	,否,否,,	,否,	,否,,,否
云米16即热零冷水燃气热水器智能低水压双调恒温防冻安全保护速热,251114-028122816042243,已取消,1	,正常,	,	,,	,	,216845252864	,云米即开即热16L零冷水热水器,1731415907130	,大家电,热水器,燃气热水器,	,6923185611226	,6923185611226	,	,	,无售后或售后取消,,	,	,,,,,,,否,否,	,否,	,,899.0	,0.0	,0.0	,0.0	,0.0	,0.0	,0.0	,0.0	,899.0	,899.0	,	,	,****,****,****,****,,否,否,	,	,	,否,	,	,	,	,	,	,	,	,	,	,	,	,否,否,	,否,	,,	,否,	,否,,,否
VIOMI云米净水器1000G厨下直饮小体积净水机RO机智显龙头3秒满杯,251114-120418485910268,已收货,1	,正常,2025-11-14 09:54:07,2025-11-15 09:54:07,,2025-11-14 16:21:05,2025-11-19 14:27:06,842195971715	,1000G大通量RO净水器,1803617356458	,厨房电器,净水器/净水设备及配件耗材,净水器,	,6923185654247	,	,	,	,无售后或售后取消,,2025-11-14 09:54:07,	,,,,,,,否,否,	,否,	,,823.0	,0.0	,24.0	,79.9	,0.0	,0.0	,0.0	,0.0	,719.1	,799.0	,JDV024063213366,京东大件物流,湖南省,湘潭市,湘潭县,,,否,否,	,	,	,否,	,	,	,	,	,	,	,	,	,	,	,	,否,否,	,否,否,,	,否,	,否,,,否
云米AI燃气热水器智控恒温防冻节能安全水质净化精准控温13L强排,251114-426172823901819,已发货，待收货,1	,正常,2025-11-14 09:43:50,2025-11-15 09:43:50,,2025-11-19 10:43:53,	,773161065181	,智控恒温燃气热水器,1755671371526	,大家电,热水器,燃气热水器,	,6923185655688	,6923185655688	,库存不足  明天补货,	,无售后或售后取消,,2025-11-14 09:43:50,	,,,,,,,否,否,	,否,	,,588.0	,0.0	,0.0	,0.0	,0.0	,0.0	,0.0	,0.0	,588.0	,588.0	,JDV024141768326,京东大件物流,安徽省,蚌埠市,蚌山区,,,否,否,	,	,	,否,	,	,	,	,	,	,	,	,	,	,	,	,否,否,	,否,否,,	,否,	,否,,,否
云米小厨宝6L即热式厨房台下洗碗热水宝上出水储水式小型电热水器,251114-515144435351674,已发货，待收货,1	,正常,2025-11-14 09:31:23,2025-11-15 09:31:23,,2025-11-14 16:21:05,	,205451808289	,"热水即刻有6L,小厨宝",1752480784258	,大家电,热水器,电热水器,	,6923185611233	,6923185611233	,	,	,无售后或售后取消,,2025-11-14 09:31:23,	,,,,,,,否,否,	,否,	,,289.0	,0.0	,0.0	,0.0	,0.0	,0.0	,0.0	,0.0	,289.0	,289.0	,JDV024060853573,京东大件物流,浙江省,湖州市,吴兴区,,,否,否,	,	,	,否,	,	,	,	,	,	,	,	,	,	,	,	,否,否,	,否,否,,	,否,	,否,,,否
云米双腔大吸力手势控制智清洁油烟机聚能猛火灶安全烟灶联动套装,251114-117482462802185,已取消,1	,正常,	,	,,	,	,818698470695	,"【烟灶套装】双腔劲吸烟机+5.0KW灶,液化气灶",1786567894378	,大家电,厨房大电,烟灶消套装,	,S2509151408001,	,	,	,无售后或售后取消,,	,	,,,,,,,否,否,	,否,	,,1115.0	,0.0	,0.0	,111.5	,0.0	,0.0	,0.0	,0.0	,1003.5	,1115.0	,	,	,****,****,****,****,,否,否,	,	,	,否,	,	,	,	,	,	,	,	,	,	,	,	,否,否,	,否,	,,	,否,	,否,,,否
云米新品鲲鹏PRO油烟机28m³大吸力易清洁挥手智控烟灶联动小噪音,251114-325194934640008,已取消,1	,正常,	,	,,	,	,763759392708	,【新品】小噪音大吸力油烟机,1748828925108	,大家电,厨房大电,油烟机,	,6923185605379	,6923185605379	,	,	,无售后或售后取消,,	,	,,,,,,,否,否,	,否,	,,1999.0	,0.0	,0.0	,99.95	,0.0	,0.0	,0.0	,0.0	,1899.05	,1999.0	,	,	,****,****,****,****,,否,否,	,	,	,否,	,	,	,	,	,	,	,	,	,	,	,	,否,否,	,否,	,,	,否,	,否,,,否
【母婴直饮】云米净水器 SE 600G+ 新升级厨下式RO反渗透直饮家用,251114-530013284661366,已发货，待收货,1	,正常,2025-11-14 09:09:18,2025-11-15 09:09:18,,2025-11-14 16:21:05,	,819506595979	,【24年新品】600G升级版6年长效,1787046011387	,厨房电器,净水器/净水设备及配件耗材,净水器,	,6923185653684	,6923185616399	,已登记差价39.4 [viomi诺诺sk 11/16 10:00],	,无售后或售后取消,,2025-11-14 09:09:18,	,,,,,,,否,否,	,否,	,,748.0	,0.0	,149.6	,0.0	,0.0	,0.0	,0.0	,0.0	,598.4	,598.4	,JDV024060853457,京东大件物流,上海市,上海市,宝山区,,,否,否,	,	,	,否,	,	,	,	,	,	,	,	,	,	,	,	,否,否,	,否,否,,	,否,	,否,,,否
云米全自动智能门锁人脸猫眼密码指纹安全防撬大屏锁已接入米家AP,251114-518468421153211,已取消,1	,正常,	,	,,	,	,804409121514	,LBT16A【人脸猫眼】智能门锁,1778430742491	,基础建材,智能门锁/电子锁,智能门锁/电子锁,	,6923185652724	,	,	,	,无售后或售后取消,,	,	,,,,,,,否,否,	,否,	,,849.0	,0.0	,0.0	,50.0	,0.0	,0.0	,0.0	,0.0	,799.0	,849.0	,	,	,****,****,****,****,,否,否,	,	,	,否,	,	,	,	,	,	,	,	,	,	,	,	,否,否,	,否,	,,	,否,	,否,,,否
云米小厨宝6L即热式厨房台下洗碗热水宝上出水储水式小型电热水器,251114-233234767382796,已发货，退款成功,1	,正常,2025-11-14 08:43:16,2025-11-15 08:43:17,,2025-11-14 16:21:04,	,205451808289	,"热水即刻有6L,小厨宝",1752480784258	,大家电,热水器,电热水器,	,6923185611233	,6923185611233	,ZX2511160066705 拦截 11.16,	,退款成功,,2025-11-14 08:43:17,	,,,,,,,否,否,	,否,	,,289.0	,0.0	,0.0	,23.12	,0.0	,0.0	,0.0	,0.0	,265.88	,289.0	,JDV024060846984,京东大件物流,黑龙江省,哈尔滨市,南岗区,,,否,否,	,	,	,否,	,	,	,	,	,	,	,	,	,	,	,	,否,否,	,否,否,,	,否,	,否,,,否
【母婴直饮】云米净水器 SE 600G+ 新升级厨下式RO反渗透直饮家用,251114-114787695033846,已取消,1	,正常,	,	,,	,	,819506595979	,【24年新品】600G升级版6年长效,1787046011387	,厨房电器,净水器/净水设备及配件耗材,净水器,	,6923185653684	,6923185616399	,	,	,无售后或售后取消,,	,	,,,,,,,否,否,	,否,	,,748.0	,0.0	,129.6	,100.0	,0.0	,0.0	,0.0	,0.0	,518.4	,618.4	,	,	,****,****,****,****,,否,否,	,	,	,否,	,	,	,	,	,	,	,	,	,	,	,	,否,否,	,否,	,,	,否,	,否,,,否
VIOMI云米净水器1000G厨下直饮小体积净水机RO机智显龙头3秒满杯,251114-617789529721423,已收货,1	,正常,2025-11-14 08:26:23,2025-11-15 08:26:23,,2025-11-14 16:21:04,2025-11-16 17:21:29,842195971715	,1000G大通量RO净水器,1803617356458	,厨房电器,净水器/净水设备及配件耗材,净水器,	,6923185654247	,	,	,	,无售后或售后取消,,2025-11-14 08:26:23,	,,,,,,,否,否,	,否,	,,823.0	,0.0	,24.0	,0.0	,0.0	,0.0	,0.0	,0.0	,799.0	,799.0	,JDV024059514617,京东大件物流,北京市,北京市,丰台区,,,否,否,	,	,	,否,	,	,	,	,	,	,	,	,	,	,	,	,否,否,	,否,否,,	,否,	,否,,,否
云米蓝调2双胆电热水器60L超短超薄速热增容大水量3000W杀菌安全,251114-591910726073751,已取消,1	,正常,	,	,,	,	,846212481564	,超薄超短电热水器60L,1807140932949	,大家电,热水器,电热水器,	,6923185657057	,6923185657057	,	,	,无售后或售后取消,,	,	,,,,,,,否,否,	,否,	,,882.0	,0.0	,0.0	,88.2	,0.0	,0.0	,0.0	,0.0	,793.8	,882.0	,	,	,****,****,****,****,,否,否,	,	,	,否,	,	,	,	,	,	,	,	,	,	,	,	,否,否,	,否,	,,	,否,	,否,,,否
云米AI油烟机双腔大吸力Smart双腔一级能效23m³大风压智清洁节能,251114-547776110111729,已取消,1	,正常,	,	,,	,	,750412983827	,AI双腔强吸油烟机,1737582711971	,大家电,厨房大电,油烟机,	,6923185649229	,6923185649229	,	,	,无售后或售后取消,,	,	,,,,,,,否,否,	,否,	,,789.0	,0.0	,0.0	,39.45	,0.0	,0.0	,0.0	,0.0	,749.55	,789.0	,	,	,****,****,****,****,,否,否,	,	,	,否,	,	,	,	,	,	,	,	,	,	,	,	,否,否,	,否,	,,	,否,	,否,,,否
云米新品鲲鹏PRO油烟机28m³大吸力易清洁挥手智控烟灶联动小噪音,251114-413306775920008,已取消,1	,正常,	,	,,	,	,763759392708	,【新品】小噪音大吸力油烟机,1748828925108	,大家电,厨房大电,油烟机,	,6923185605379	,6923185605379	,	,	,无售后或售后取消,,	,	,,,,,,,否,否,	,否,	,,1999.0	,0.0	,0.0	,99.95	,0.0	,0.0	,0.0	,0.0	,1899.05	,1999.0	,	,	,****,****,****,****,,否,否,	,	,	,否,	,	,	,	,	,	,	,	,	,	,	,	,否,否,	,否,	,,	,否,	,否,,,否
【母婴直饮】云米净水器 SE 600G+ 新升级厨下式RO反渗透直饮家用,251114-578541371703527,已取消,1	,正常,	,	,,	,	,819506595979	,【24年新品】600G升级版6年长效,1787046011387	,厨房电器,净水器/净水设备及配件耗材,净水器,	,6923185653684	,6923185616399	,	,	,无售后或售后取消,,	,	,,,,,,,否,否,	,否,	,,748.0	,0.0	,149.6	,0.0	,0.0	,0.0	,0.0	,0.0	,598.4	,598.4	,	,	,****,****,****,****,,否,否,	,	,	,否,	,	,	,	,	,	,	,	,	,	,	,	,否,否,	,否,	,,	,否,	,否,,,否
【母婴直饮】云米净水器 SE 600G+ 新升级厨下式RO反渗透直饮家用,251114-332859993621433,已收货,1	,正常,2025-11-14 07:07:31,2025-11-15 07:07:31,,2025-11-14 11:53:01,2025-11-19 08:49:44,819506595979	,【24年新品】600G升级版6年长效,1787046011387	,厨房电器,净水器/净水设备及配件耗材,净水器,	,6923185653684	,6923185616399	,	,	,无售后或售后取消,,2025-11-14 07:07:31,	,,,,,,,否,否,	,否,	,,748.0	,0.0	,149.6	,0.0	,0.0	,0.0	,0.0	,0.0	,598.4	,598.4	,JDV024056400124,京东大件物流,陕西省,汉中市,汉台区,,,否,否,	,	,	,否,	,	,	,	,	,	,	,	,	,	,	,	,否,否,	,否,否,,	,否,	,否,,,否
【母婴直饮】云米净水器 SE 600G+ 新升级厨下式RO反渗透直饮家用,251114-011681206583527,已取消,1	,正常,	,	,,	,	,819506595979	,【24年新品】600G升级版6年长效,1787046011387	,厨房电器,净水器/净水设备及配件耗材,净水器,	,6923185653684	,6923185616399	,	,	,无售后或售后取消,,	,	,,,,,,,否,否,	,否,	,,748.0	,0.0	,129.6	,100.0	,0.0	,0.0	,0.0	,0.0	,518.4	,618.4	,	,	,****,****,****,****,,否,否,	,	,	,否,	,	,	,	,	,	,	,	,	,	,	,	,否,否,	,否,	,,	,否,	,否,,,否
【母婴直饮】云米净水器 SE 600G+ 新升级厨下式RO反渗透直饮家用,251114-343062679863966,已发货，待收货,1	,正常,2025-11-14 06:43:21,2025-11-15 06:43:21,,2025-11-14 11:53:01,	,819506595979	,【24年新品】600G升级版6年长效,1787046011387	,厨房电器,净水器/净水设备及配件耗材,净水器,	,6923185653684	,6923185616399	,	,	,无售后或售后取消,,2025-11-14 06:43:21,	,,,,,,,否,否,	,否,	,,748.0	,0.0	,134.64	,74.8	,0.0	,0.0	,0.0	,0.0	,538.56	,613.36	,JDV024056750231,京东大件物流,山东省,烟台市,莱山区,,,否,否,	,	,	,否,	,	,	,	,	,	,	,	,	,	,	,	,否,否,	,否,是,3	,商家,否,	,否,,信用卡分期,否
云米24m³大吸力顶侧3吸油烟机聚能猛火灶 烟灶智能联动套装嵌入式,251114-513508646493343,已取消,1	,正常,	,	,,	,	,205936193873	,"【热销套装】单烟机+5.2KW聚能灶,液化气",1604718199169	,大家电,厨房大电,烟灶消套装,	,S2302131159001,6923185649762	,	,	,无售后或售后取消,,	,	,,,,,,,否,否,	,否,	,,1599.0	,0.0	,0.0	,0.0	,0.0	,0.0	,0.0	,0.0	,1599.0	,1599.0	,	,	,****,****,****,****,,否,否,	,	,	,否,	,	,	,	,	,	,	,	,	,	,	,	,否,否,	,否,	,,	,否,	,否,,,否
【母婴直饮】云米净水器 SE 600G+ 新升级厨下式RO反渗透直饮家用,251114-022586365590759,已取消,1	,正常,	,	,,	,	,819506595979	,【24年新品】600G升级版6年长效,1787046011387	,厨房电器,净水器/净水设备及配件耗材,净水器,	,6923185653684	,6923185616399	,	,	,无售后或售后取消,,	,	,,,,,,,否,否,	,否,	,,748.0	,0.0	,129.6	,100.0	,0.0	,0.0	,0.0	,0.0	,518.4	,618.4	,	,	,****,****,****,****,,否,否,	,	,	,否,	,	,	,	,	,	,	,	,	,	,	,	,否,否,	,否,	,,	,否,	,否,,,否
云米60升AI速热高温抑菌电热水器3000W一级节能变频增容家用租房,251114-513508688243778,已发货，待收货,1	,正常,2025-11-14 02:07:43,2025-11-15 02:07:44,,2025-11-14 11:53:01,	,226368376224	,3000W速热安全60L热水器,1737176648260	,大家电,热水器,电热水器,	,6923185602224	,6923185602224	,	,	,无售后或售后取消,,2025-11-14 02:07:44,	,,,,,,,否,否,	,否,	,,610.0	,0.0	,0.0	,61.0	,5.0	,0.0	,0.0	,0.0	,549.0	,610.0	,JDV024056393488,京东大件物流,陕西省,商洛市,洛南县,,,否,否,	,	,	,否,	,	,	,	,	,	,	,	,	,	,	,	,否,否,	,否,否,,	,否,	,否,,,否
云米全自动智能门锁人脸猫眼密码指纹安全防撬大屏锁已接入米家AP,251114-269211409930216,未发货，退款成功,1	,正常,2025-11-14 02:03:15,2025-11-15 02:03:15,,	,	,804409121514	,LBT16A【人脸猫眼】智能门锁,1778430742491	,基础建材,智能门锁/电子锁,智能门锁/电子锁,	,6923185652724	,	,ZX2511140065944待拦截11.14诚,	,退款成功,,2025-11-14 02:03:15,	,,,,,,,否,否,	,否,	,,849.0	,0.0	,0.0	,100.0	,8.0	,0.0	,0.0	,0.0	,749.0	,849.0	,	,	,湖南省,长沙市,雨花区,,,否,否,	,	,	,否,	,	,	,	,	,	,	,	,	,	,	,	,否,否,	,否,否,,	,否,	,否,,,否
【母婴直饮】云米净水器 SE 600G+ 新升级厨下式RO反渗透直饮家用,251114-680274215301650,已收货,1	,正常,2025-11-14 01:31:57,2025-11-15 01:31:58,,2025-11-14 11:53:01,2025-11-16 18:42:53,819506595979	,【24年新品】600G升级版6年长效,1787046011387	,厨房电器,净水器/净水设备及配件耗材,净水器,	,6923185653684	,6923185616399	,	,	,无售后或售后取消,,2025-11-14 01:31:58,	,,,,,,,否,否,	,否,	,,748.0	,0.0	,131.64	,89.76	,0.0	,0.0	,0.0	,0.0	,526.6	,616.36	,JDV024056433575,京东大件物流,山东省,淄博市,博山区,,,否,否,	,	,	,否,	,	,	,	,	,	,	,	,	,	,	,	,否,否,	,否,是,3	,商家,否,	,否,,信用卡分期,否
【重磅新品】云米净水器600G小海豚升级版厨下式RO反渗透直饮家用,251114-024589156741650,已取消,1	,正常,	,	,,	,	,225501370546	,小海豚600G,1813468330532	,厨房电器,净水器/净水设备及配件耗材,净水器,	,6923185653684	,6923185616399	,	,	,无售后或售后取消,,	,	,,,,,,,否,否,	,否,	,,895.5	,0.0	,0.0	,100.0	,0.0	,0.0	,0.0	,0.0	,795.5	,895.5	,	,	,****,****,****,****,,否,否,	,	,	,否,	,	,	,	,	,	,	,	,	,	,	,	,否,否,	,否,	,,	,否,	,否,,,否
【母婴直饮】云米净水器 SE 600G+ 新升级厨下式RO反渗透直饮家用,251114-026476562023441,已发货，待收货,1	,正常,2025-11-14 01:08:39,2025-11-15 01:08:39,,2025-11-14 11:53:02,	,819506595979	,【24年新品】600G升级版6年长效,1787046011387	,厨房电器,净水器/净水设备及配件耗材,净水器,	,6923185653684	,6923185616399	,	,	,无售后或售后取消,,2025-11-14 01:08:39,	,,,,,,,否,否,	,否,	,,748.0	,0.0	,135.6	,70.0	,0.0	,0.0	,0.0	,0.0	,542.4	,612.4	,JDV024056373437,京东大件物流,广东省,佛山市,顺德区,,,否,否,	,	,	,否,	,	,	,	,	,	,	,	,	,	,	,	,否,否,	,否,否,,	,否,	,否,,,否
【母婴直饮】云米净水器 SE 600G+ 新升级厨下式RO反渗透直饮家用,251114-531764406620609,已取消,1	,正常,	,	,,	,	,819506595979	,【24年新品】600G升级版6年长效,1787046011387	,厨房电器,净水器/净水设备及配件耗材,净水器,	,6923185653684	,6923185616399	,	,	,无售后或售后取消,,	,	,,,,,,,否,否,	,否,	,,748.0	,0.0	,129.6	,100.0	,0.0	,0.0	,0.0	,0.0	,518.4	,618.4	,	,	,****,****,****,****,,否,否,	,	,	,否,	,	,	,	,	,	,	,	,	,	,	,	,否,否,	,否,	,,	,否,	,否,,,否
VIOMI云米净水器1000G厨下直饮小体积净水机RO机智显龙头3秒满杯,251114-499552130681221,已取消,1	,正常,	,	,,	,	,842195971715	,1000G大通量RO净水器,1803617356458	,厨房电器,净水器/净水设备及配件耗材,净水器,	,6923185654247	,	,	,	,无售后或售后取消,,	,	,,,,,,,否,否,	,否,	,,823.0	,0.0	,0.0	,82.3	,0.0	,0.0	,0.0	,0.0	,740.7	,823.0	,	,	,****,****,****,****,,否,否,	,	,	,否,	,	,	,	,	,	,	,	,	,	,	,	,否,否,	,否,	,,	,否,	,否,,,否
VIOMI云米净水器1000G厨下直饮小体积净水机RO机智显龙头3秒满杯,251113-494099504761221,未发货，退款成功,1	,正常,2025-11-14 00:00:12,2025-11-15 00:00:12,,	,	,842195971715	,1000G大通量RO净水器,1803617356458	,厨房电器,净水器/净水设备及配件耗材,净水器,	,6923185654247	,	,聚水潭已取消发货，仅退款  诚11.14,	,退款成功,,2025-11-14 00:00:12,	,,,,,,,否,否,	,否,	,,823.0	,0.0	,24.0	,79.9	,0.0	,0.0	,0.0	,0.0	,719.1	,799.0	,	,	,河南省,新乡市,新乡县,,,否,否,	,	,	,否,	,	,	,	,	,	,	,	,	,	,	,	,否,否,	,否,否,,	,否,	,否,,,否
【母婴直饮】云米净水器 SE 600G+ 新升级厨下式RO反渗透直饮家用,251113-673972294073846,已取消,1	,正常,	,	,,	,	,819506595979	,【24年新品】600G升级版6年长效,1787046011387	,厨房电器,净水器/净水设备及配件耗材,净水器,	,6923185653684	,6923185616399	,	,	,无售后或售后取消,,	,	,,,,,,,否,否,	,否,	,,748.0	,0.0	,129.6	,100.0	,0.0	,0.0	,0.0	,0.0	,518.4	,618.4	,	,	,****,****,****,****,,否,否,	,	,	,否,	,	,	,	,	,	,	,	,	,	,	,	,否,否,	,否,	,,	,否,	,否,,,否
云米净饮机X2系列滤芯X2mini mango复合滤芯5in1/6in1 RO反渗透,251113-492956587552781,已发货，待收货,1	,正常,2025-11-13 23:50:11,2025-11-15 23:50:11,,2025-11-14 11:53:02,	,243153009643	,X2mini/mango 6合1滤芯,1360803955963	,厨房电器,净水器/净水设备及配件耗材,净水器配件耗材,	,6923185623281	,6923185614258	,	,	,无售后或售后取消,,2025-11-13 23:50:11,	,,,,,,,否,否,	,否,	,,319.0	,0.0	,0.0	,21.0	,0.0	,0.0	,0.0	,0.0	,298.0	,319.0	,JDV024056393417,京东大件物流,贵州省,贵阳市,观山湖区,,,否,否,	,	,	,否,	,	,	,	,	,	,	,	,	,	,	,	,否,否,	,否,否,,	,否,	,否,,,否
云米3000W速热电热水器家用浴室免换镁棒一级能效抑菌内胆免清洗,251113-455186891102333,已发货，待收货,1	,正常,2025-11-13 23:23:22,2025-11-14 23:23:22,,2025-11-14 09:13:08,	,369876178838	,速热3000W免换镁棒电热水器60L,1799960621871	,大家电,热水器,电热水器,	,6923185611899	,6923185611882	,18957796353安装 [viomi诺诺sk 11/16 09:32],	,无售后或售后取消,,2025-11-13 23:23:22,	,,,,,,,否,否,	,否,	,,750.0	,0.0	,0.0	,0.0	,0.0	,0.0	,0.0	,0.0	,750.0	,750.0	,JDV024056604549,京东大件物流,浙江省,温州市,龙湾区,,,否,否,	,	,	,否,	,	,	,	,	,	,	,	,	,	,	,	,否,否,	,否,否,,	,否,	,否,,,否
云米电热水器免换镁棒1级能效钛芯防护抑菌内胆免清洗3000W速热,251113-369948178782333,未发货，退款成功,1	,正常,2025-11-13 23:13:02,2025-11-14 23:13:02,,	,	,215513269171	,"【免更换镁棒技术】抑菌健康洗,50L",1757655804682	,大家电,热水器,电热水器,	,6923185611882	,镁棒50/60L,聚水潭已取消发货，仅退款  诚11.14,	,退款成功,,2025-11-13 23:13:02,	,,,,,,,否,否,	,否,	,,703.0	,0.0	,0.0	,35.15	,0.0	,0.0	,0.0	,0.0	,667.85	,703.0	,	,	,浙江省,温州市,龙湾区,,,否,否,	,	,	,否,	,	,	,	,	,	,	,	,	,	,	,	,否,否,	,否,否,,	,否,	,否,,,否
云米即热净水器厨房家用直饮RO反渗透加热净饮一体机1000G,251113-372139660803814,已发货，待收货,1	,正常,2025-11-13 23:12:43,2025-11-14 23:12:43,,2025-11-14 11:53:02,	,846360072018	,即热直饮 1000G大通量,1807240839093	,厨房电器,净水器/净水设备及配件耗材,净水器,	,6923185651116	,6923185651116	,	,	,无售后或售后取消,,2025-11-13 23:12:43,	,,,,,,,否,否,	,否,	,,1498.0	,0.0	,76.3	,50.87	,0.16	,0.0	,0.0	,0.0	,1370.83	,1421.7	,JDV024056433504,京东大件物流,广东省,惠州市,惠阳区,,,否,否,	,	,	,否,	,	,	,	,	,	,	,	,	,	,	,	,否,否,	,否,否,,	,否,	,否,,,否
云米60升AI速热高温抑菌电热水器3000W一级节能变频增容家用租房,251113-351199639902333,未发货，退款成功,1	,正常,2025-11-13 23:08:49,2025-11-14 23:08:49,,	,	,226368376224	,3000W速热安全60L热水器,1737176648260	,大家电,热水器,电热水器,	,6923185602224	,6923185602224	,聚水潭已取消发货，仅退款  诚11.14,	,退款成功,,2025-11-13 23:08:49,	,,,,,,,否,否,	,否,	,,610.0	,0.0	,0.0	,0.0	,0.0	,0.0	,0.0	,0.0	,610.0	,610.0	,	,	,浙江省,温州市,龙湾区,,,否,否,	,	,	,否,	,	,	,	,	,	,	,	,	,	,	,	,否,否,	,否,否,,	,否,	,否,,,否
云米即热净水器厨房家用直饮RO反渗透加热净饮一体机1000G,251113-377120386563814,未发货，退款成功,1	,正常,2025-11-13 23:06:10,2025-11-14 23:06:11,,	,	,846360072018	,即热直饮 1000G大通量,1807240839093	,厨房电器,净水器/净水设备及配件耗材,净水器,	,6923185651116	,6923185651116	,聚水潭已取消发货，仅退款  诚11.14,	,退款成功,,2025-11-13 23:06:11,	,,,,,,,否,否,	,否,	,,1498.0	,0.0	,60.0	,40.0	,0.2	,0.0	,0.0	,0.0	,1398.0	,1438.0	,	,	,广东省,惠州市,惠阳区,,,否,否,	,	,	,否,	,	,	,	,	,	,	,	,	,	,	,	,否,否,	,否,否,,	,否,	,否,,,否
云米60升AI速热高温抑菌电热水器3000W一级节能变频增容家用租房,251113-654510723422333,未发货，退款成功,1	,正常,2025-11-13 23:04:28,2025-11-14 23:04:28,,	,	,226368376224	,3000W速热安全60L热水器,1737176648260	,大家电,热水器,电热水器,	,6923185602224	,6923185602224	,聚水潭已取消发货，仅退款  诚11.14,	,退款成功,,2025-11-13 23:04:28,	,,,,,,,否,否,	,否,	,,610.0	,0.0	,0.0	,0.0	,0.0	,0.0	,0.0	,0.0	,610.0	,610.0	,	,	,浙江省,温州市,龙湾区,,,否,否,	,	,	,否,	,	,	,	,	,	,	,	,	,	,	,	,否,否,	,否,否,,	,否,	,否,,,否
1级能效云米电热水器 智能联网 免更换镁棒 短款3300W速热 Smart2,251113-420866967123391,已发货，待收货,1	,正常,2025-11-13 23:04:10,2025-11-14 23:04:10,,2025-11-14 11:53:02,	,415597395169	,60L-3300W速热不久等,1635778949331	,大家电,热水器,电热水器,	,6923185651444	,6923185651444	,	,	,无售后或售后取消,,2025-11-13 23:04:10,	,,,,,,,否,否,	,否,	,,1099.0	,0.0	,0.0	,0.0	,0.0	,0.0	,0.0	,0.0	,1099.0	,1099.0	,JDV024056393319,京东大件物流,广东省,汕尾市,城区,,,否,否,	,	,	,否,	,	,	,	,	,	,	,	,	,	,	,	,否,是,	,否,否,,	,否,	,否,,,否
云米智能AI门锁3D指纹密码蓝牙可连大容量续航家用公寓自动安全,251113-046714068541024,已取消,1	,正常,	,	,,	,	,743885774552	,"云米蓝调指纹密码锁LBT11C,黑色",1734954999916	,基础建材,智能门锁/电子锁,智能门锁/电子锁,	,6923185655381	,6923185655381	,	,	,无售后或售后取消,,	,	,,,,,,,否,否,	,否,	,,661.0	,0.0	,76.0	,24.0	,0.0	,0.0	,0.0	,0.0	,561.0	,585.0	,	,	,****,****,****,****,,否,否,	,	,	,否,	,	,	,	,	,	,	,	,	,	,	,	,否,否,	,否,	,,	,否,	,否,,,否
云米即热净水器厨房家用直饮RO反渗透加热净饮一体机1000G,251113-123155279502486,未发货，退款成功,1	,正常,2025-11-13 22:47:53,2025-11-14 22:47:53,,	,	,846360072018	,即热直饮 1000G大通量,1807240839093	,厨房电器,净水器/净水设备及配件耗材,净水器,	,6923185651116	,6923185651116	,聚水潭已取消发货，仅退款  诚11.14,	,退款成功,,2025-11-13 22:47:53,	,,,,,,,否,否,	,否,	,,1498.0	,0.0	,60.0	,40.0	,0.2	,0.0	,0.0	,0.0	,1398.0	,1438.0	,	,	,上海市,上海市,宝山区,,,否,否,	,	,	,否,	,	,	,	,	,	,	,	,	,	,	,	,是,是,	,否,否,,	,否,	,否,,,否
云米3000W速热电热水器家用浴室免换镁棒一级能效抑菌内胆免清洗,251113-218659633493817,已发货，待收货,1	,正常,2025-11-13 22:40:57,2025-11-14 22:40:57,,2025-11-14 11:53:02,	,369876178838	,速热3000W免换镁棒电热水器60L,1799960621871	,大家电,热水器,电热水器,	,6923185611899	,6923185611882	,	,	,无售后或售后取消,,2025-11-13 22:40:57,	,,,,,,,否,否,	,否,	,,750.0	,0.0	,0.0	,75.0	,0.0	,0.0	,0.0	,0.0	,675.0	,750.0	,JDV024056373356,京东大件物流,山东省,临沂市,莒南县,,,否,否,	,	,	,否,	,	,	,	,	,	,	,	,	,	,	,	,否,否,	,否,否,,	,否,	,否,,,否
云米3000W速热电热水器家用浴室免换镁棒一级能效抑菌内胆免清洗,251113-177230375253817,已取消,1	,正常,	,	,,	,	,369876178838	,速热3000W免换镁棒电热水器60L,1799960621871	,大家电,热水器,电热水器,	,6923185611899	,6923185611882	,	,	,无售后或售后取消,,	,	,,,,,,,否,否,	,否,	,,750.0	,0.0	,0.0	,75.0	,0.0	,0.0	,0.0	,0.0	,675.0	,750.0	,	,	,****,****,****,****,,否,否,	,	,	,否,	,	,	,	,	,	,	,	,	,	,	,	,否,否,	,否,	,,	,否,	,否,,,否
云米净水器滤芯家用小海豚小蓝调小白龙系列专用RO反渗透,251113-436836769321802,已发货，待收货,1	,正常,2025-11-13 22:43:28,2025-11-15 22:43:28,,2025-11-14 11:53:01,	,232467205433	,5in1 复合滤芯,1647394585330	,厨房电器,净水器/净水设备及配件耗材,净水器配件耗材,	,6923185627425	,	,	,	,无售后或售后取消,,2025-11-13 22:43:28,	,,,,,,,否,否,	,否,	,,149.0	,0.0	,0.0	,0.0	,0.0	,0.0	,0.0	,0.0	,149.0	,149.0	,JDV024056382122,京东大件物流,福建省,泉州市,安溪县,,,否,否,	,	,	,否,	,	,	,	,	,	,	,	,	,	,	,	,否,否,	,否,否,,	,否,	,否,,,否
【母婴直饮】云米净水器 SE 600G+ 新升级厨下式RO反渗透直饮家用,251113-447878316463407,已收货，退款成功,2	,正常,2025-11-13 22:28:08,2025-11-14 22:28:08,,2025-11-14 16:21:06,2025-11-17 12:32:21,819506595979	,【24年新品】600G升级版6年长效,1787046011387	,厨房电器,净水器/净水设备及配件耗材,净水器,	,6923185653684	,6923185616399	,到手价1196.8元==已退差300.17 [viomi诺诺sk 11/17 12:33]17776885733安装=13976861700安装 [viomi范范sk 11/19 09:50],	,退款成功,,2025-11-13 22:28:08,	,,,,,,,否,否,	,否,	,,1496.0	,0.0	,14.96	,74.05	,0.0	,0.0	,0.0	,0.0	,1406.99	,1481.04	,JDV024059291435,京东大件物流,海南省,省直辖县级行政区划,万宁市,,,否,否,	,	,	,否,	,	,	,	,	,	,	,	,	,	,	,	,否,否,	,否,否,,	,否,	,否,,,否
【母婴直饮】云米净水器 SE 600G+ 新升级厨下式RO反渗透直饮家用,251113-202595418543407,已取消,2	,正常,	,	,,	,	,819506595979	,【24年新品】600G升级版6年长效,1787046011387	,厨房电器,净水器/净水设备及配件耗材,净水器,	,6923185653684	,6923185616399	,	,	,无售后或售后取消,,	,	,,,,,,,否,否,	,否,	,,1496.0	,0.0	,14.96	,74.05	,0.0	,0.0	,0.0	,0.0	,1406.99	,1481.04	,	,	,****,****,****,****,,否,否,	,	,	,否,	,	,	,	,	,	,	,	,	,	,	,	,否,否,	,否,	,,	,否,	,否,,,否
VIOMI云米净水器1000G厨下直饮小体积净水机RO机智显龙头3秒满杯,251113-645608323481885,已收货，退款成功,1	,正常,2025-11-13 22:14:16,2025-11-14 22:14:16,,2025-11-14 11:53:01,2025-11-16 14:14:06,309517106373	,复合滤芯,1803020722098	,厨房电器,净水器/净水设备及配件耗材,净水器,	,6923185653998	,	,到手99/根=差价200仅退款 [viomi莉莉sk 11/16 14:16]==【补差】平台已退200元 叶11.16,	,退款成功,,2025-11-13 22:14:16,	,,,,,,,否,否,	,否,	,,299.0	,0.0	,0.0	,0.0	,0.0	,0.0	,0.0	,0.0	,299.0	,299.0	,JDV024056370800,京东大件物流,江苏省,宿迁市,宿城区,,,否,否,	,	,	,否,	,	,	,	,	,	,	,	,	,	,	,	,是,是,	,否,否,,	,否,	,否,,,否
Viomi云米净水器1000G厨下式RO反渗透直饮过滤器净饮小海豚2,251113-537353316640237,已取消,1	,正常,	,	,,	,	,205458105137	,小海豚2包安装1000G大加仑,1802849942800	,厨房电器,净水器/净水设备及配件耗材,净水器,	,6923185654865	,	,	,	,无售后或售后取消,,	,	,,,,,,,否,否,	,否,	,,863.0	,0.0	,0.0	,0.0	,0.0	,0.0	,0.0	,0.0	,863.0	,863.0	,	,	,****,****,****,****,,否,否,	,	,	,否,	,	,	,	,	,	,	,	,	,	,	,	,否,否,	,否,	,,	,否,	,否,,,否
VIOMI云米净水器1000G厨下直饮小体积净水机RO机智显龙头3秒满杯,251113-436008456601885,已收货，退款成功,1	,正常,2025-11-13 22:08:58,2025-11-14 22:08:58,,2025-11-14 11:54:20,2025-11-16 22:50:13,842195971715	,1000G大通量RO净水器,1803617356458	,厨房电器,净水器/净水设备及配件耗材,净水器,	,6923185654247	,	,主播：小圆 场控：文蓝	权益：直播间抽奖10元红包 ==【补差】仅退款10 [viomi英英sk 11/16 22:51]  【补差】平台已退10元  11.17,	,退款成功,,2025-11-13 22:08:58,	,,,,,,,否,否,	,否,	,,823.0	,0.0	,24.0	,0.0	,5.0	,0.0	,0.0	,0.0	,799.0	,799.0	,JDV024056391410,京东大件物流,江苏省,宿迁市,宿城区,,,否,否,	,	,	,否,	,	,	,	,	,	,	,	,	,	,	,	,是,是,	,否,否,,	,否,	,否,,,否
云米智能洗碗机10套热风烘干消毒嵌入式洗烘存一体家用IronA1,251113-257844856332230,已发货，待收货,1	,正常,2025-11-13 22:04:38,2025-11-14 22:04:39,,2025-11-14 11:53:02,	,223485946991	,Iron A1消毒除菌洗碗机10套,1357746713795	,大家电,厨房大电,洗碗机,	,6923185616375	,6923185616375	,后返，到手价1500,	,无售后或售后取消,,2025-11-13 22:04:39,	,,,,,,,否,否,	,否,	,,2019.0	,0.0	,0.0	,10.0	,0.0	,0.0	,0.0	,0.0	,2009.0	,2019.0	,JDV024056382086,京东大件物流,上海市,上海市,普陀区,,,否,否,	,	,	,否,	,	,	,	,	,	,	,	,	,	,	,	,否,否,	,否,否,,	,否,	,否,,,否
【母婴直饮】云米净水器 SE 600G+ 新升级厨下式RO反渗透直饮家用,251113-590369339793363,已发货，待收货,1	,正常,2025-11-13 21:57:38,2025-11-14 21:57:38,,2025-11-14 09:12:29,	,819506595979	,【24年新品】600G升级版6年长效,1787046011387	,厨房电器,净水器/净水设备及配件耗材,净水器,	,6923185653684	,6923185616399	,15067631200安装 [viomi英英sk 11/15 16:32],	,无售后或售后取消,,2025-11-13 21:57:38,	,,,,,,,否,否,	,否,	,,748.0	,0.0	,149.6	,0.0	,0.0	,0.0	,0.0	,0.0	,598.4	,598.4	,JDV024056572983,京东大件物流,浙江省,台州市,椒江区,,,否,否,	,	,	,否,	,	,	,	,	,	,	,	,	,	,	,	,否,是,	,否,否,,	,否,	,否,,,否
云米60升AI速热高温抑菌电热水器3000W一级节能变频增容家用租房,251113-618869625231349,已取消,1	,正常,	,	,,	,	,226368376224	,3000W速热安全60L热水器,1737176648260	,大家电,热水器,电热水器,	,6923185602224	,6923185602224	,	,	,无售后或售后取消,,	,	,,,,,,,否,否,	,否,	,,610.0	,0.0	,0.0	,0.0	,0.0	,0.0	,0.0	,0.0	,610.0	,610.0	,	,	,****,****,****,****,,否,否,	,	,	,否,	,	,	,	,	,	,	,	,	,	,	,	,否,否,	,否,	,,	,否,	,否,,,否
【母婴直饮】云米净水器 SE 600G+ 新升级厨下式RO反渗透直饮家用,251113-430283189830815,已取消,1	,正常,	,	,,	,	,819506595979	,【24年新品】600G升级版6年长效,1787046011387	,厨房电器,净水器/净水设备及配件耗材,净水器,	,6923185653684	,6923185616399	,	,	,无售后或售后取消,,	,	,,,,,,,否,否,	,否,	,,748.0	,0.0	,134.64	,74.8	,0.0	,0.0	,0.0	,0.0	,538.56	,613.36	,	,	,****,****,****,****,,否,否,	,	,	,否,	,	,	,	,	,	,	,	,	,	,	,	,否,否,	,否,	,,	,否,	,否,,,否
云米智能AI门锁3D指纹密码蓝牙可连大容量续航家用公寓自动安全,251113-174881565031990,未发货，退款成功,1	,正常,2025-11-13 21:06:08,2025-11-14 21:06:08,,	,	,743885774552	,"云米蓝调指纹密码锁LBT11C,黑色",1734954999916	,基础建材,智能门锁/电子锁,智能门锁/电子锁,	,6923185655381	,6923185655381	,聚水潭已取消发货，仅退款  诚11.14,	,退款成功,,2025-11-13 21:06:08,	,,,,,,,否,否,	,否,	,,661.0	,0.0	,76.0	,24.0	,0.0	,0.0	,0.0	,0.0	,561.0	,585.0	,	,	,广东省,揭阳市,揭西县,,,否,否,	,	,	,否,	,	,	,	,	,	,	,	,	,	,	,	,否,否,	,否,否,,	,否,	,否,,,否
【母婴直饮】云米净水器 SE 600G+ 新升级厨下式RO反渗透直饮家用,251113-007172319633363,未发货，退款成功,1	,正常,2025-11-13 20:42:39,2025-11-14 20:42:40,,	,	,819506595979	,【24年新品】600G升级版6年长效,1787046011387	,厨房电器,净水器/净水设备及配件耗材,净水器,	,6923185653684	,6923185616399	,ZX2511140065885待拦截11.14诚,	,退款成功,,2025-11-13 20:42:40,	,,,,,,,否,否,	,否,	,,748.0	,0.0	,149.6	,0.0	,0.0	,0.0	,0.0	,0.0	,598.4	,598.4	,	,	,浙江省,台州市,椒江区,,,否,否,	,	,	,否,	,	,	,	,	,	,	,	,	,	,	,	,否,是,	,否,否,,	,否,	,否,,,否
【母婴直饮】云米净水器 SE 600G+ 新升级厨下式RO反渗透直饮家用,251113-557139893830820,已发货，待收货,1	,正常,2025-11-13 20:28:36,2025-11-14 20:28:36,2025-11-15 23:59:59,2025-11-14 09:12:29,	,819506595979	,【24年新品】600G升级版6年长效,1787046011387	,厨房电器,净水器/净水设备及配件耗材,净水器,	,6923185653684	,6923185616399	,	,	,无售后或售后取消,,2025-11-13 20:28:36,	,,,,,,,否,否,	,否,	,,748.0	,0.0	,134.64	,74.8	,0.0	,0.0	,0.0	,0.0	,538.56	,613.36	,JDV024056557415,京东大件物流,浙江省,宁波市,鄞州区,,,否,否,	,	,	,否,	,	,	,	,	,	,	,	,	,	,	,	,否,是,	,否,否,,	,否,	,否,,,否
【母婴直饮】云米净水器 SE 600G+ 新升级厨下式RO反渗透直饮家用,251113-204210225440440,已取消,1	,正常,	,	,,	,	,819506595979	,【24年新品】600G升级版6年长效,1787046011387	,厨房电器,净水器/净水设备及配件耗材,净水器,	,6923185653684	,6923185616399	,	,	,无售后或售后取消,,	,	,,,,,,,否,否,	,否,	,,748.0	,0.0	,139.6	,50.0	,0.0	,0.0	,0.0	,0.0	,558.4	,608.4	,	,	,****,****,****,****,,否,否,	,	,	,否,	,	,	,	,	,	,	,	,	,	,	,	,否,否,	,否,	,,	,否,	,否,,,否
云米净水器滤芯小蓝调小海豚600G+专用复合滤芯RO反渗透滤芯过滤,251113-680410519040733,已收货，退款成功,1	,正常,2025-11-13 20:14:14,2025-11-14 20:14:14,,2025-11-14 11:53:02,2025-11-16 22:35:49,296967601341	,5in1复合滤芯 2年长效,1600193054565	,厨房电器,净水器/净水设备及配件耗材,净水器配件耗材,	,6923185627425	,	,【补差】平台已退200元  11.17,	,退款成功,,2025-11-13 20:14:14,	,,,,,,,否,否,	,否,	,,299.0	,0.0	,0.0	,0.0	,0.0	,0.0	,0.0	,0.0	,299.0	,299.0	,JDV024056588390,京东大件物流,上海市,上海市,闵行区,,,否,否,	,	,	,否,	,	,	,	,	,	,	,	,	,	,	,	,否,是,	,否,否,,	,否,	,否,,,否
【母婴直饮】云米净水器 SE 600G+ 新升级厨下式RO反渗透直饮家用,251113-264692078080733,已收货,1	,正常,2025-11-13 20:12:06,2025-11-14 20:12:06,,2025-11-14 09:12:29,2025-11-16 22:35:59,819506595979	,【24年新品】600G升级版6年长效,1787046011387	,厨房电器,净水器/净水设备及配件耗材,净水器,	,6923185653684	,6923185616399	,	,	,无售后或售后取消,,2025-11-13 20:12:06,	,,,,,,,否,否,	,否,	,,748.0	,0.0	,134.64	,74.8	,0.0	,0.0	,0.0	,0.0	,538.56	,613.36	,JDV024056557396,京东大件物流,上海市,上海市,闵行区,,,否,否,	,	,	,否,	,	,	,	,	,	,	,	,	,	,	,	,否,是,	,否,否,,	,否,	,否,,,否
【母婴直饮】云米净水器 SE 600G+ 新升级厨下式RO反渗透直饮家用,251113-458290676071891,已取消,1	,正常,	,	,,	,	,819506595979	,【24年新品】600G升级版6年长效,1787046011387	,厨房电器,净水器/净水设备及配件耗材,净水器,	,6923185653684	,6923185616399	,	,	,无售后或售后取消,,	,	,,,,,,,否,否,	,否,	,,748.0	,0.0	,134.64	,74.8	,0.0	,0.0	,0.0	,0.0	,538.56	,613.36	,	,	,****,****,****,****,,否,否,	,	,	,否,	,	,	,	,	,	,	,	,	,	,	,	,否,否,	,否,	,,	,否,	,否,,,否
【母婴直饮】云米净水器 SE 600G+ 新升级厨下式RO反渗透直饮家用,251113-578153429281440,已发货，待收货,1	,正常,2025-11-13 20:05:33,2025-11-14 20:05:33,,2025-11-14 11:53:02,	,819506595979	,【24年新品】600G升级版6年长效,1787046011387	,厨房电器,净水器/净水设备及配件耗材,净水器,	,6923185653684	,6923185616399	,13562092628安装11.16  [viomi范范sk 11/16 23:01],	,无售后或售后取消,,2025-11-13 20:05:33,	,,,,,,,否,否,	,否,	,,748.0	,0.0	,135.6	,70.0	,0.0	,0.0	,0.0	,0.0	,542.4	,612.4	,JDV024056366488,京东大件物流,山东省,聊城市,临清市,,,否,否,	,	,	,否,	,	,	,	,	,	,	,	,	,	,	,	,否,否,	,否,否,,	,否,	,否,,,否
【母婴直饮】云米净水器 SE 600G+ 新升级厨下式RO反渗透直饮家用,251113-566681945691629,已收货,1	,正常,2025-11-13 20:05:35,2025-11-14 20:05:35,,2025-11-14 09:12:29,2025-11-16 20:34:19,819506595979	,【24年新品】600G升级版6年长效,1787046011387	,厨房电器,净水器/净水设备及配件耗材,净水器,	,6923185653684	,6923185616399	,	,	,无售后或售后取消,,2025-11-13 20:05:35,	,,,,,,,否,否,	,否,	,,748.0	,0.0	,130.98	,93.1	,0.0	,0.0	,0.0	,0.0	,523.92	,617.02	,JDV024056532575,京东大件物流,安徽省,合肥市,肥东县,,,否,否,	,	,	,否,	,	,	,	,	,	,	,	,	,	,	,	,否,是,	,否,否,,	,否,	,否,,,否
云米16即热零冷水燃气热水器智能低水压双调恒温防冻安全保护速热,251113-267827299981142,已发货，待收货,1	,正常,2025-11-13 19:59:02,2025-11-14 19:59:02,,2025-11-14 09:12:29,	,216845252864	,云米即开即热16L零冷水热水器,1731415907130	,大家电,热水器,燃气热水器,	,6923185611226	,6923185611226	,主播：梦如 场控：文蓝	权益：直播间抽奖5元红包,	,无售后或售后取消,,2025-11-13 19:59:02,	,,,,,,,否,否,	,否,	,,899.0	,0.0	,0.0	,0.0	,0.0	,0.0	,0.0	,0.0	,899.0	,899.0	,JDV024056558350,京东大件物流,浙江省,嘉兴市,嘉善县,,,否,否,	,	,	,否,	,	,	,	,	,	,	,	,	,	,	,	,是,是,	,否,否,,	,否,	,否,,,否
云米双腔大吸力手势控制智清洁油烟机聚能猛火灶安全烟灶联动套装,251113-094141191743446,已发货，待收货,1	,正常,2025-11-13 19:54:04,2025-11-14 19:54:04,,2025-11-14 16:21:05,	,818698470695	,"【烟灶套装】双腔劲吸烟机+5.0KW灶,天然气灶",1786567894377	,大家电,厨房大电,烟灶消套装,	,S2209231819001,	,	,	,无售后或售后取消,,2025-11-13 19:54:04,	,,,,,,,否,否,	,否,	,,1115.0	,0.0	,0.0	,0.0	,0.0	,0.0	,0.0	,0.0	,1115.0	,1115.0	,JDV024059299981,京东大件物流,四川省,绵阳市,涪城区,,,否,否,	,	,	,否,	,	,	,	,	,	,	,	,	,	,	,	,否,否,	,否,否,,	,否,	,否,,,否
云米60升AI速热高温抑菌电热水器3000W一级节能变频增容家用租房,251113-514609723753864,已收货,2	,正常,2025-11-13 19:52:09,2025-11-14 19:52:10,,2025-11-14 16:21:05,2025-11-18 19:30:17,226368376224	,3000W速热安全60L热水器,1737176648260	,大家电,热水器,电热水器,	,6923185602224	,6923185602224	,奇门回传单号:JDV024059286573,	,无售后或售后取消,,2025-11-13 19:52:10,	,,,,,,,否,否,	,否,	,,1220.0	,0.0	,12.2	,100.0	,0.0	,0.0	,0.0	,0.0	,1107.8	,1207.8	,JDV024059286573,京东大件物流,江苏省,南通市,如皋市,,,否,否,	,	,	,否,	,	,	,	,	,	,	,	,	,	,	,	,否,否,	,否,否,,	,否,	,否,,,否
【母婴直饮】云米净水器 SE 600G+ 新升级厨下式RO反渗透直饮家用,251113-298592540232911,已收货,1	,正常,2025-11-13 19:51:51,2025-11-14 19:51:51,,2025-11-14 11:53:02,2025-11-17 18:27:36,819506595979	,【24年新品】600G升级版6年长效,1787046011387	,厨房电器,净水器/净水设备及配件耗材,净水器,	,6923185653684	,6923185616399	,	,	,无售后或售后取消,,2025-11-13 19:51:51,	,,,,,,,否,否,	,否,	,,748.0	,0.0	,136.8	,64.0	,0.0	,0.0	,0.0	,0.0	,547.2	,611.2	,JDV024056372896,京东大件物流,内蒙古自治区,锡林郭勒盟,苏尼特右旗,,,否,否,	,	,	,否,	,	,	,	,	,	,	,	,	,	,	,	,否,否,	,否,否,,	,否,	,否,,,否
云米16即热零冷水燃气热水器智能低水压双调恒温防冻安全保护速热,251113-107982384703446,已发货，待收货,1	,正常,2025-11-13 19:45:44,2025-11-14 19:45:44,,2025-11-14 11:53:02,	,216845252864	,云米即开即热16L零冷水热水器,1731415907130	,大家电,热水器,燃气热水器,	,6923185611226	,6923185611226	,	,	,无售后或售后取消,,2025-11-13 19:45:44,	,,,,,,,否,否,	,否,	,,899.0	,0.0	,0.0	,0.0	,0.0	,0.0	,0.0	,0.0	,899.0	,899.0	,JDV024056381671,京东大件物流,四川省,绵阳市,涪城区,,,否,否,	,	,	,否,	,	,	,	,	,	,	,	,	,	,	,	,否,否,	,否,否,,	,否,	,否,,,否
云米全自动智能门锁人脸猫眼密码指纹安全防撬大屏锁已接入米家AP,251113-205458061683628,未发货，退款成功,1	,正常,2025-11-13 19:43:04,2025-12-14 19:43:05,,	,	,804409121514	,LBT16A【人脸猫眼】智能门锁,1778430742491	,基础建材,智能门锁/电子锁,智能门锁/电子锁,	,6923185652724	,	,延迟发货 [viomi慧慧sk 11/13 19:45] 已挂起锁定  已退款成功 无需发货11.15,	,退款成功,,2025-11-13 19:43:05,	,,,,,,,否,否,	,否,	,,849.0	,0.0	,0.0	,50.0	,0.0	,0.0	,0.0	,0.0	,799.0	,849.0	,	,	,浙江省,温州市,泰顺县,,,否,否,	,	,	,否,	,	,	,	,	,	,	,	,	,	,	,	,否,否,	,否,否,,	,否,	,否,,,否
云米顶侧大吸力蓝调油烟机家用厨房节能自清洁一级能效可挥手智控,251113-099342170483555,已取消,1	,正常,	,	,,	,	,657344402006	,云米智清洁挥手智控单烟机,1723825075586	,大家电,厨房大电,油烟机,	,6923185650973	,6923185650973	,	,	,无售后或售后取消,,	,	,,,,,,,否,否,	,否,	,,789.0	,0.0	,0.0	,39.45	,0.0	,0.0	,0.0	,0.0	,749.55	,789.0	,	,	,****,****,****,****,,否,否,	,	,	,否,	,	,	,	,	,	,	,	,	,	,	,	,否,否,	,否,	,,	,否,	,否,,,否
云米智能小鲸鱼马桶盖全自动即热恒温带烘干坐垫圈抗菌除臭自清洗,251113-172469818990555,已取消,1	,正常,	,	,,	,	,765112154467	,智能抗菌即热式马桶盖,1749961522912	,家装主材,卫浴陶瓷,智能坐便盖板,	,6923185654537	,6923185654537	,	,	,无售后或售后取消,,	,	,,,,,,,否,否,	,否,	,,699.0	,0.0	,0.0	,69.9	,0.0	,0.0	,0.0	,0.0	,629.1	,699.0	,	,	,****,****,****,****,,否,否,	,	,	,否,	,	,	,	,	,	,	,	,	,	,	,	,否,否,	,否,	,,	,否,	,否,,,否
【母婴直饮】云米净水器 SE 600G+ 新升级厨下式RO反渗透直饮家用,251113-072939006241331,已取消,1	,正常,	,	,,	,	,819506595979	,【24年新品】600G升级版6年长效,1787046011387	,厨房电器,净水器/净水设备及配件耗材,净水器,	,6923185653684	,6923185616399	,	,	,无售后或售后取消,,	,	,,,,,,,否,否,	,否,	,,748.0	,0.0	,133.14	,82.28	,0.0	,0.0	,0.0	,0.0	,532.58	,614.86	,	,	,****,****,****,****,,否,否,	,	,	,否,	,	,	,	,	,	,	,	,	,	,	,	,否,否,	,否,	,,	,否,	,否,,,否
云米智能双胆电热水器扁桶家用速热储水式60L超薄抑菌节能大水量,251113-309151680110296,已收货,1	,正常,2025-11-13 19:15:56,2025-11-14 19:15:56,,2025-11-14 11:53:02,2025-11-17 19:17:16,290130975552	,"纤薄安全节能60L,双胆扁桶",1756848157332	,大家电,热水器,电热水器,	,6923185610410	,6923185610410	,	,	,无售后或售后取消,,2025-11-13 19:15:56,	,,,,,,,否,否,	,否,	,,890.0	,0.0	,0.0	,44.5	,0.0	,0.0	,0.0	,0.0	,845.5	,890.0	,JDV024056366435,京东大件物流,四川省,乐山市,市中区,,,否,否,	,	,	,否,	,	,	,	,	,	,	,	,	,	,	,	,否,否,	,否,否,,	,否,	,否,,,否
云米AI燃气热水器智控恒温防冻节能安全水质净化精准控温13L强排,251113-275450478952215,已发货，待收货,1	,正常,2025-11-13 19:10:41,2025-11-14 19:10:41,,2025-11-19 10:43:53,	,773161065181	,智控恒温燃气热水器,1755671371526	,大家电,热水器,燃气热水器,	,6923185655688	,6923185655688	,后返，送花洒 库存不足  明天补货,	,无售后或售后取消,,2025-11-13 19:10:41,	,,,,,,,否,否,	,否,	,,588.0	,0.0	,0.0	,25.0	,0.0	,0.0	,0.0	,0.0	,563.0	,588.0	,JDV024141752001,京东大件物流,广东省,中山市,沙溪镇,,,否,否,	,	,	,否,	,	,	,	,	,	,	,	,	,	,	,	,否,否,	,否,否,,	,否,	,否,,,否
云米即热净水器厨房家用直饮RO反渗透加热净饮一体机1000G,251113-391643174432256,已发货，待收货,1	,正常,2025-11-13 19:09:46,2025-11-14 19:09:47,,2025-11-14 11:53:02,	,846360072018	,即热直饮 1000G大通量,1807240839093	,厨房电器,净水器/净水设备及配件耗材,净水器,	,6923185651116	,6923185651116	,	,	,无售后或售后取消,,2025-11-13 19:09:47,	,,,,,,,否,否,	,否,	,,1498.0	,0.0	,60.0	,40.0	,2.79	,0.0	,0.0	,0.0	,1398.0	,1438.0	,JDV024056399472,京东大件物流,湖北省,武汉市,江岸区,,,否,否,	,	,	,否,	,	,	,	,	,	,	,	,	,	,	,	,否,否,	,否,否,,	,否,	,否,,,否
云米顶侧双吸大吸力低噪油烟机猛火液化气聚能灶智能套装家用厨房,251113-518363584021144,已取消,1	,正常,	,	,,	,	,674950510509	,【烟灶套装】顶侧双吸烟机+5.0KW灶（天）,1744061180430	,大家电,厨房大电,烟灶消套装,	,S2405071349001,S2501061036001,	,	,无售后或售后取消,,	,	,,,,,,,否,否,	,否,	,,1077.0	,0.0	,0.0	,53.85	,0.0	,0.0	,0.0	,0.0	,1023.15	,1077.0	,	,	,****,****,****,****,,否,否,	,	,	,否,	,	,	,	,	,	,	,	,	,	,	,	,否,否,	,否,	,,	,否,	,否,,,否
【重磅新品】云米净水器600G小海豚升级版厨下式RO反渗透直饮家用,251113-063858296332588,已取消,1	,正常,	,	,,	,	,225501370546	,小海豚600G,1813468330532	,厨房电器,净水器/净水设备及配件耗材,净水器,	,6923185653684	,6923185616399	,	,	,无售后或售后取消,,	,	,,,,,,,否,否,	,否,	,,895.5	,0.0	,0.0	,0.0	,0.0	,0.0	,0.0	,0.0	,895.5	,895.5	,	,	,****,****,****,****,,否,否,	,	,	,否,	,	,	,	,	,	,	,	,	,	,	,	,否,否,	,否,	,,	,否,	,否,,,否
【母婴直饮】云米净水器 SE 600G+ 新升级厨下式RO反渗透直饮家用,251113-152850941440733,已取消,1	,正常,	,	,,	,	,819506595979	,【24年新品】600G升级版6年长效,1787046011387	,厨房电器,净水器/净水设备及配件耗材,净水器,	,6923185653684	,6923185616399	,	,	,无售后或售后取消,,	,	,,,,,,,否,否,	,否,	,,748.0	,0.0	,134.64	,74.8	,0.0	,0.0	,0.0	,0.0	,538.56	,613.36	,	,	,****,****,****,****,,否,否,	,	,	,否,	,	,	,	,	,	,	,	,	,	,	,	,是,否,	,否,	,,	,否,	,否,,,否
【母婴直饮】云米净水器 SE 600G+ 新升级厨下式RO反渗透直饮家用,251113-657782218312657,已收货,1	,正常,2025-11-13 18:34:19,2025-11-14 18:34:20,,2025-11-14 11:53:03,2025-11-17 14:18:42,819506595979	,【24年新品】600G升级版6年长效,1787046011387	,厨房电器,净水器/净水设备及配件耗材,净水器,	,6923185653684	,6923185616399	,	,	,无售后或售后取消,,2025-11-13 18:34:20,	,,,,,,,否,否,	,否,	,,748.0	,0.0	,149.6	,0.0	,0.0	,0.0	,0.0	,0.0	,598.4	,598.4	,JDV024056354600,京东大件物流,广东省,清远市,英德市,,,否,否,	,	,	,否,	,	,	,	,	,	,	,	,	,	,	,	,否,否,	,否,否,,	,否,	,否,,,否
【母婴直饮】云米净水器 SE 600G+ 新升级厨下式RO反渗透直饮家用,251113-573843740233994,已发货，待收货,1	,正常,2025-11-13 18:21:19,2025-11-14 18:21:19,,2025-11-14 11:53:02,	,819506595979	,【24年新品】600G升级版6年长效,1787046011387	,厨房电器,净水器/净水设备及配件耗材,净水器,	,6923185653684	,6923185616399	,	,	,无售后或售后取消,,2025-11-13 18:21:19,	,,,,,,,否,否,	,否,	,,748.0	,0.0	,136.2	,67.0	,0.0	,0.0	,0.0	,0.0	,544.8	,611.8	,JDV024056366102,京东大件物流,河北省,秦皇岛市,昌黎县,,,否,否,	,	,	,否,	,	,	,	,	,	,	,	,	,	,	,	,否,否,	,否,否,,	,否,	,否,,,否
云米16即热零冷水燃气热水器智能低水压双调恒温防冻安全保护速热,251113-645136412162058,已发货，待收货,1	,正常,2025-11-13 18:20:14,2025-11-14 18:20:14,,2025-11-14 11:53:03,	,216845252864	,云米即开即热16L零冷水热水器,1731415907130	,大家电,热水器,燃气热水器,	,6923185611226	,6923185611226	,晒单赠送花洒 [viomi莉莉sk 11/13 19:20],	,无售后或售后取消,,2025-11-13 18:20:14,	,,,,,,,否,否,	,否,	,,899.0	,0.0	,20.0	,43.95	,0.2	,0.0	,0.0	,0.0	,835.05	,879.0	,JDV024056381619,京东大件物流,广西壮族自治区,桂林市,七星区,,,否,否,	,	,	,否,	,	,	,	,	,	,	,	,	,	,	,	,是,是,	,否,否,,	,否,	,否,,,否
云米16即热零冷水燃气热水器智能低水压双调恒温防冻安全保护速热,251113-598810314242058,已发货，待收货,3	,正常,2025-11-13 18:18:36,2025-11-14 18:18:37,,2025-11-14 11:53:03,	,216845252864	,云米即开即热16L零冷水热水器,1731415907130	,大家电,热水器,燃气热水器,	,6923185611226	,6923185611226	,主播：小圆 场控：文蓝	权益：直播间抽奖10元红包 251113-645136412162058叠加订单满3K送桌面小风扇=晒单花洒待 [viomi莉莉sk 11/13 19:20],	,无售后或售后取消,,2025-11-13 18:18:37,	,,,,,,,否,否,	,否,	,,2697.0	,0.0	,50.0	,100.0	,5.09	,0.0	,0.0	,0.0	,2547.0	,2647.0	,JDV024056373617,京东大件物流,广西壮族自治区,桂林市,七星区,,,否,否,	,	,	,否,	,	,	,	,	,	,	,	,	,	,	,	,是,是,	,否,否,,	,否,	,否,,,否
云米16即热零冷水燃气热水器智能低水压双调恒温防冻安全保护速热,251113-546266170882058,未发货，退款成功,3	,正常,2025-11-13 18:10:23,2025-11-14 18:10:23,,	,	,216845252864	,云米即开即热16L零冷水热水器,1731415907130	,大家电,热水器,燃气热水器,	,6923185611226	,6923185611226	,聚水潭已取消发货 已退款   叶11.13,	,退款成功,,2025-11-13 18:10:23,	,,,,,,,否,否,	,否,	,,2697.0	,0.0	,50.0	,100.0	,5.09	,0.0	,0.0	,0.0	,2547.0	,2647.0	,	,	,广西壮族自治区,桂林市,七星区,,,否,否,	,	,	,否,	,	,	,	,	,	,	,	,	,	,	,	,否,否,	,否,否,,	,否,	,否,,,否
云米顶侧双吸大吸力低噪油烟机猛火液化气聚能灶智能套装家用厨房,251113-213165053451594,已收货,1	,正常,2025-11-13 18:03:42,2025-11-30 18:03:42,,2025-11-15 09:43:21,2025-11-16 17:11:59,674950510509	,【烟灶套装】顶侧双吸烟机+5.0KW灶（天）,1744061180430	,大家电,厨房大电,烟灶消套装,	,S2405071349001,S2501061036001,催促发货已登 [viomi莉莉sk 11/13 19:09],	,无售后或售后取消,,2025-11-13 18:03:42,	,,,,,,,否,否,	,否,	,,1077.0	,0.0	,0.0	,107.7	,0.0	,0.0	,0.0	,0.0	,969.3	,1077.0	,JDV024067398211,京东大件物流,山西省,太原市,小店区,,,否,否,	,	,	,否,	,	,	,	,	,	,	,	,	,	,	,	,否,否,	,否,否,,	,否,	,否,,,否
VIOMI云米净水器大通量小海豚800G反渗透RO厨下式家用长效滤芯,251113-657310431661425,未发货，退款成功,1	,正常,2025-11-13 18:00:31,2025-11-14 18:00:31,,	,	,837957770723	,800G大通量纯水机,1809123722986	,厨房电器,净水器/净水设备及配件耗材,净水器配件耗材,	,6923185653974	,	,聚水潭已取消发货 已退款   叶11.13,	,退款成功,,2025-11-13 18:00:31,	,,,,,,,否,否,	,否,	,,1168.0	,0.0	,0.0	,94.65	,0.0	,0.0	,0.0	,0.0	,1073.35	,1168.0	,	,	,广东省,揭阳市,榕城区,,,否,否,	,	,	,否,	,	,	,	,	,	,	,	,	,	,	,	,否,否,	,否,否,,	,否,	,否,,,否
【重磅新品】云米净水器600G小海豚升级版厨下式RO反渗透直饮家用,251113-442813725040647,未发货，退款成功,1	,正常,2025-11-13 17:58:54,2025-11-14 17:58:55,,	,	,225501370546	,小海豚600G,1813468330532	,厨房电器,净水器/净水设备及配件耗材,净水器,	,6923185653684	,6923185616399	,聚水潭已取消发货 已退款   叶11.13,	,退款成功,,2025-11-13 17:58:55,	,,,,,,,否,否,	,否,	,,895.5	,0.0	,0.0	,79.64	,0.0	,0.0	,0.0	,0.0	,815.86	,895.5	,	,	,黑龙江省,鹤岗市,萝北县,,,否,否,	,	,	,否,	,	,	,	,	,	,	,	,	,	,	,	,否,否,	,否,否,,	,否,	,否,,,否
云米净水器滤芯家用小海豚小蓝调小白龙系列专用RO反渗透,251113-346638272022548,已收货，退款成功,1	,正常,2025-11-13 17:46:12,2025-11-15 17:46:12,2025-11-15 23:59:59,2025-11-14 11:53:03,2025-11-15 11:56:20,232467205433	,5in1 复合滤芯,1647394585330	,厨房电器,净水器/净水设备及配件耗材,净水器配件耗材,	,6923185627425	,	,后返，到手价109,	,退款成功,,2025-11-13 17:46:12,	,,,,,,,否,否,	,否,	,,149.0	,0.0	,0.0	,0.0	,0.0	,0.0	,0.0	,0.0	,149.0	,149.0	,JDV024056558135,京东大件物流,江苏省,南京市,浦口区,,,否,否,	,	,	,否,	,	,	,	,	,	,	,	,	,	,	,	,否,是,	,否,否,,	,否,	,否,,,否
【母婴直饮】云米净水器 SE 600G+ 新升级厨下式RO反渗透直饮家用,251113-157768773161618,已收货,1	,正常,2025-11-13 17:24:38,2025-11-14 17:24:38,,2025-11-14 11:53:03,2025-11-15 20:23:42,819506595979	,【24年新品】600G升级版6年长效,1787046011387	,厨房电器,净水器/净水设备及配件耗材,净水器,	,6923185653684	,6923185616399	,	,	,无售后或售后取消,,2025-11-13 17:24:38,	,,,,,,,否,否,	,否,	,,748.0	,0.0	,129.6	,100.0	,0.0	,0.0	,0.0	,0.0	,518.4	,618.4	,JDV024056412497,京东大件物流,广东省,中山市,三乡镇,,,否,否,	,	,	,否,	,	,	,	,	,	,	,	,	,	,	,	,否,否,	,否,否,,	,否,	,否,,,否
云米顶侧双吸烟灶套装22m³大吸力抽油烟机聚能猛火灶节能燃气家用,251113-233580839273228,已发货，待收货,1	,正常,2025-11-13 16:55:39,2025-11-14 16:55:40,,2025-11-13 20:33:42,	,382839923175	,【两件套】顶侧双吸烟机+5.2KW灶（天）,1743705224006	,大家电,厨房大电,烟灶消套装,	,S2309261029001,蓝调套装,AZ2511140240678,	,无售后或售后取消,,2025-11-13 16:55:40,	,,,,,,,否,否,	,否,	,,1218.0	,0.0	,0.0	,0.0	,6.0	,0.0	,0.0	,0.0	,1218.0	,1218.0	,JDV024049569903,京东大件物流,天津市,天津市,河西区,,,否,否,	,	,	,否,	,	,	,	,	,	,	,	,	,	,	,	,否,否,	,否,否,,	,否,	,否,,,否
云米顶侧大吸力蓝调油烟机家用厨房节能自清洁一级能效可挥手智控,251113-461142781500108,已发货，待收货,1	,正常,2025-11-13 16:51:48,2025-11-14 16:51:48,,2025-11-14 09:12:30,	,657344402006	,云米智清洁挥手智控单烟机,1723825075586	,大家电,厨房大电,油烟机,	,6923185650973	,6923185650973	,晒单返20元===13986620383安装 [viomi诺诺sk 11/17 15:28],	,无售后或售后取消,,2025-11-13 16:51:48,	,,,,,,,否,否,	,否,	,,789.0	,0.0	,0.0	,70.0	,0.0	,0.0	,0.0	,0.0	,719.0	,789.0	,JDV024056585818,京东大件物流,湖北省,荆门市,钟祥市,,,否,否,	,	,	,否,	,	,	,	,	,	,	,	,	,	,	,	,否,否,	,否,否,,	,否,	,否,,,否
云米顶侧大吸力蓝调油烟机家用厨房节能自清洁一级能效可挥手智控,251113-402674173500108,已取消,1	,正常,	,	,,	,	,657344402006	,云米智清洁挥手智控单烟机,1723825075586	,大家电,厨房大电,油烟机,	,6923185650973	,6923185650973	,	,	,无售后或售后取消,,	,	,,,,,,,否,否,	,否,	,,789.0	,0.0	,0.0	,71.0	,0.0	,0.0	,0.0	,0.0	,718.0	,789.0	,	,	,****,****,****,****,,否,否,	,	,	,否,	,	,	,	,	,	,	,	,	,	,	,	,否,否,	,否,	,,	,否,	,否,,,否
【母婴直饮】云米净水器 SE 600G+ 新升级厨下式RO反渗透直饮家用,251113-369151219262308,未发货，退款成功,1	,正常,2025-11-13 16:46:35,2025-11-14 16:46:35,,	,	,819506595979	,【24年新品】600G升级版6年长效,1787046011387	,厨房电器,净水器/净水设备及配件耗材,净水器,	,6923185653684	,6923185616399	,ZX2511140065885待拦截11.14诚,	,退款成功,,2025-11-13 16:46:35,	,,,,,,,否,否,	,否,	,,748.0	,0.0	,142.12	,37.4	,0.0	,0.0	,0.0	,0.0	,568.48	,605.88	,	,	,福建省,泉州市,泉港区,,,否,否,	,	,	,否,	,	,	,	,	,	,	,	,	,	,	,	,否,否,	,否,否,,	,否,	,否,,,否
Viomi云米净水器1000G厨下式RO反渗透直饮过滤器净饮小海豚2,251113-498115592601192,已取消,1	,正常,	,	,,	,	,205458105137	,小海豚2包安装1000G大加仑,1802849942800	,厨房电器,净水器/净水设备及配件耗材,净水器,	,6923185654865	,	,	,	,无售后或售后取消,,	,	,,,,,,,否,否,	,否,	,,863.0	,0.0	,0.0	,0.0	,0.0	,0.0	,0.0	,0.0	,863.0	,863.0	,	,	,****,****,****,****,,否,否,	,	,	,否,	,	,	,	,	,	,	,	,	,	,	,	,否,否,	,否,	,,	,否,	,否,,,否
云米顶侧大吸力蓝调油烟机家用厨房节能自清洁一级能效可挥手智控,251113-108968087951128,已取消,1	,正常,	,	,,	,	,657344402006	,云米智清洁挥手智控单烟机,1723825075586	,大家电,厨房大电,油烟机,	,6923185650973	,6923185650973	,	,	,无售后或售后取消,,	,	,,,,,,,否,否,	,否,	,,789.0	,0.0	,0.0	,78.9	,0.0	,0.0	,0.0	,0.0	,710.1	,789.0	,	,	,****,****,****,****,,否,否,	,	,	,否,	,	,	,	,	,	,	,	,	,	,	,	,否,否,	,否,	,,	,否,	,否,,,否
VIOMI云米净水器1000G厨下直饮小体积净水机RO机智显龙头3秒满杯,251113-323768829481618,已取消,1	,正常,	,	,,	,	,842195971715	,1000G大通量RO净水器,1803617356458	,厨房电器,净水器/净水设备及配件耗材,净水器,	,6923185654247	,	,	,	,无售后或售后取消,,	,	,,,,,,,否,否,	,否,	,,823.0	,0.0	,24.0	,0.0	,0.0	,0.0	,0.0	,0.0	,799.0	,799.0	,	,	,****,****,****,****,,否,否,	,	,	,否,	,	,	,	,	,	,	,	,	,	,	,	,否,否,	,否,	,,	,否,	,否,,,否
【母婴直饮】云米净水器 SE 600G+ 新升级厨下式RO反渗透直饮家用,251113-388958789171651,已发货，待收货,1	,正常,2025-11-13 16:57:35,2025-11-14 16:57:36,,2025-11-14 11:53:03,	,819506595979	,【24年新品】600G升级版6年长效,1787046011387	,厨房电器,净水器/净水设备及配件耗材,净水器,	,6923185653684	,6923185616399	,	,	,无售后或售后取消,,2025-11-13 16:57:36,	,,,,,,,否,否,	,否,	,,748.0	,0.0	,134.64	,74.8	,0.0	,0.0	,0.0	,0.0	,538.56	,613.36	,JDV024056390439,京东大件物流,天津市,天津市,北辰区,,,否,否,	,	,	,否,	,	,	,	,	,	,	,	,	,	,	,	,否,否,	,否,否,,	,否,	,否,,,否
【母婴直饮】云米净水器 SE 600G+ 新升级厨下式RO反渗透直饮家用,251113-148321134953700,已收货,1	,正常,2025-11-13 16:20:44,2025-11-14 16:20:45,,2025-11-13 20:33:43,2025-11-15 17:43:54,819506595979	,【24年新品】600G升级版6年长效,1787046011387	,厨房电器,净水器/净水设备及配件耗材,净水器,	,6923185653684	,6923185616399	,	,	,无售后或售后取消,,2025-11-13 16:20:45,	,,,,,,,否,否,	,否,	,,748.0	,0.0	,142.12	,37.4	,0.0	,0.0	,0.0	,0.0	,568.48	,605.88	,JDV024049375127,京东大件物流,山东省,济南市,历城区,,,否,否,	,	,	,否,	,	,	,	,	,	,	,	,	,	,	,	,否,否,	,否,否,,	,否,	,否,,,否
【母婴直饮】云米净水器 SE 600G+ 新升级厨下式RO反渗透直饮家用,251113-369151188603283,未发货，退款成功,1	,正常,2025-11-13 16:02:07,2025-11-14 16:02:07,,	,	,819506595979	,【24年新品】600G升级版6年长效,1787046011387	,厨房电器,净水器/净水设备及配件耗材,净水器,	,6923185653684	,6923185616399	,聚水潭已取消发货 已退款   叶11.13,	,退款成功,,2025-11-13 16:02:07,	,,,,,,,否,否,	,否,	,,748.0	,0.0	,142.12	,37.4	,0.0	,0.0	,0.0	,0.0	,568.48	,605.88	,	,	,山西省,长治市,屯留区,,,否,否,	,	,	,否,	,	,	,	,	,	,	,	,	,	,	,	,否,否,	,否,否,,	,否,	,否,,,否
VIOMI云米净水器1000G厨下直饮小体积净水机RO机智显龙头3秒满杯,251113-663937390122233,已发货，待收货,1	,正常,2025-11-13 15:46:34,2025-11-14 15:46:34,,2025-11-13 20:33:43,	,842195971715	,1000G大通量RO净水器,1803617356458	,厨房电器,净水器/净水设备及配件耗材,净水器,	,6923185654247	,	,	,	,无售后或售后取消,,2025-11-13 15:46:34,	,,,,,,,否,否,	,否,	,,823.0	,0.0	,24.0	,79.9	,0.2	,0.0	,0.0	,0.0	,719.1	,799.0	,JDV024049362401,京东大件物流,广东省,广州市,白云区,,,否,否,	,	,	,否,	,	,	,	,	,	,	,	,	,	,	,	,否,否,	,否,否,,	,否,	,否,,,否
【重磅新品】云米净水器600G小海豚升级版厨下式RO反渗透直饮家用,251113-205489477120350,已取消,1	,正常,	,	,,	,	,225501370546	,【24年新品】600G升级版6年长效,1600502140541	,厨房电器,净水器/净水设备及配件耗材,净水器,	,6923185653684	,6923185616399	,	,	,无售后或售后取消,,	,	,,,,,,,否,否,	,否,	,,624.0	,0.0	,0.0	,62.4	,0.0	,0.0	,0.0	,0.0	,561.6	,624.0	,	,	,****,****,****,****,,否,否,	,	,	,否,	,	,	,	,	,	,	,	,	,	,	,	,否,否,	,否,	,,	,否,	,否,,,否
【母婴直饮】云米净水器 SE 600G+ 新升级厨下式RO反渗透直饮家用,251113-393425722971629,已取消,1	,正常,	,	,,	,	,819506595979	,【24年新品】600G升级版6年长效,1787046011387	,厨房电器,净水器/净水设备及配件耗材,净水器,	,6923185653684	,6923185616399	,	,	,无售后或售后取消,,	,	,,,,,,,否,否,	,否,	,,748.0	,0.0	,0.0	,0.0	,0.0	,0.0	,0.0	,0.0	,748.0	,748.0	,	,	,****,****,****,****,,否,否,	,	,	,否,	,	,	,	,	,	,	,	,	,	,	,	,否,否,	,否,	,,	,否,	,否,,,否
云米16即热零冷水燃气热水器智能低水压双调恒温防冻安全保护速热,251113-464603124103857,已发货，待收货,1	,正常,2025-11-13 15:32:39,2025-11-14 15:32:39,,2025-11-14 09:12:30,	,216845252864	,云米即开即热16L零冷水热水器,1731415907130	,大家电,热水器,燃气热水器,	,6923185611226	,6923185611226	,	,	,无售后或售后取消,,2025-11-13 15:32:39,	,,,,,,,否,否,	,否,	,,899.0	,0.0	,0.0	,44.95	,0.2	,0.0	,0.0	,0.0	,854.05	,899.0	,JDV024056592550,京东大件物流,江苏省,镇江市,句容市,,,否,否,	,	,	,否,	,	,	,	,	,	,	,	,	,	,	,	,否,否,	,否,否,,	,否,	,否,,,否
【冷热直饮套装】云米净水器家用厨下管线机套装一键即热制冷直饮,251113-665342513551144,已收货，退款成功,1	,正常,2025-11-13 15:30:20,2025-11-14 15:30:20,,2025-11-13 20:33:43,2025-11-15 12:33:55,480070620581	,【冷热净水直饮套装】新品净水器+冷热管线机,1620106386127	,厨房电器,净水器/净水设备及配件耗材,净水器,	,S2407170910001,	,1434-1349=85差价仅退款 [viomi慧慧sk 11/15 12:34],	,退款成功,,2025-11-13 15:30:20,	,,,,,,,否,否,	,否,	,,1434.0	,0.0	,0.0	,0.0	,0.0	,0.0	,0.0	,0.0	,1434.0	,1434.0	,JDV024047271405,京东大件物流,河南省,郑州市,中原区,,,否,否,	,	,	,否,	,	,	,	,	,	,	,	,	,	,	,	,否,否,	,否,否,,	,否,	,否,,,否
【重磅新品】云米净水器600G小海豚升级版厨下式RO反渗透直饮家用,251113-449723830623355,已发货，待收货,1	,正常,2025-11-13 15:26:56,2025-11-14 15:26:56,,2025-11-14 11:54:21,	,225501370546	,【24年新品】600G升级版6年长效,1600502140541	,厨房电器,净水器/净水设备及配件耗材,净水器,	,6923185653684	,6923185616399	,	,	,无售后或售后取消,,2025-11-13 15:26:56,	,,,,,,,否,否,	,否,	,,597.0	,0.0	,0.0	,77.61	,5.0	,0.0	,0.0	,0.0	,519.39	,597.0	,JDV024056611856,京东大件物流,湖北省,武汉市,江汉区,,,否,否,	,	,	,否,	,	,	,	,	,	,	,	,	,	,	,	,否,否,	,否,否,,	,否,	,否,,,否
VIOMI云米净水器1000G厨下直饮小体积净水机RO机智显龙头3秒满杯,251113-333877143972831,已收货,1	,正常,2025-11-13 15:25:58,2025-11-14 15:25:58,,2025-11-13 20:33:42,2025-11-16 12:15:34,842195971715	,1000G大通量RO净水器,1803617356458	,厨房电器,净水器/净水设备及配件耗材,净水器,	,6923185654247	,	,	,	,无售后或售后取消,,2025-11-13 15:25:58,	,,,,,,,否,否,	,否,	,,823.0	,0.0	,24.0	,79.9	,0.0	,0.0	,0.0	,0.0	,719.1	,799.0	,JDV024049400642,京东大件物流,湖南省,衡阳市,珠晖区,,,否,否,	,	,	,否,	,	,	,	,	,	,	,	,	,	,	,	,否,否,	,否,否,,	,否,	,否,,,否
【重磅新品】云米净水器600G小海豚升级版厨下式RO反渗透直饮家用,251113-126709931641423,已发货，退款成功,1	,正常,2025-11-13 15:24:25,2025-11-14 15:24:26,,2025-11-13 20:33:44,	,225501370546	,【24年新品】600G升级版6年长效,1600502140541	,厨房电器,净水器/净水设备及配件耗材,净水器,	,6923185653684	,6923185616399	,已建单拦截：ZX2511140065892，卫11.14 拦截成功 操作退款 11.15,	,退款成功,,2025-11-13 15:24:26,	,,,,,,,否,否,	,否,	,,597.0	,0.0	,0.0	,0.0	,0.0	,0.0	,0.0	,0.0	,597.0	,597.0	,JDV024047052380,京东大件物流,北京市,北京市,丰台区,,,否,否,	,	,	,否,	,	,	,	,	,	,	,	,	,	,	,	,否,否,	,否,否,,	,否,	,否,,,否
【重磅新品】云米净水器600G小海豚升级版厨下式RO反渗透直饮家用,251113-059171171911719,已取消,1	,正常,	,	,,	,	,225501370546	,【24年新品】600G升级版6年长效,1600502140541	,厨房电器,净水器/净水设备及配件耗材,净水器,	,6923185653684	,6923185616399	,	,	,无售后或售后取消,,	,	,,,,,,,否,否,	,否,	,,597.0	,0.0	,0.0	,0.0	,0.0	,0.0	,0.0	,0.0	,597.0	,597.0	,	,	,****,****,****,****,,否,否,	,	,	,否,	,	,	,	,	,	,	,	,	,	,	,	,否,否,	,否,	,,	,否,	,否,,,否
【重磅新品】云米净水器600G小海豚升级版厨下式RO反渗透直饮家用,251113-220567969351719,已发货，待收货,1	,正常,2025-11-13 15:24:25,2025-11-14 15:24:25,,2025-11-13 20:33:43,	,225501370546	,【24年新品】600G升级版6年长效,1600502140541	,厨房电器,净水器/净水设备及配件耗材,净水器,	,6923185653684	,6923185616399	,	,	,无售后或售后取消,,2025-11-13 15:24:25,	,,,,,,,否,否,	,否,	,,597.0	,0.0	,0.0	,77.61	,0.0	,0.0	,0.0	,0.0	,519.39	,597.0	,JDV024049496050,京东大件物流,云南省,楚雄彝族自治州,禄丰市,,,否,否,	,	,	,否,	,	,	,	,	,	,	,	,	,	,	,	,否,否,	,否,否,,	,否,	,否,,,否
VIOMI云米净水器1000G厨下直饮小体积净水机RO机智显龙头3秒满杯,251113-558786230660211,已收货,1	,正常,2025-11-13 14:56:08,2025-11-14 14:56:09,,2025-11-13 20:33:43,2025-11-19 20:50:27,842195971715	,1000G大通量RO净水器,1803617356458	,厨房电器,净水器/净水设备及配件耗材,净水器,	,6923185654247	,	,	,	,无售后或售后取消,,2025-11-13 14:56:09,	,,,,,,,否,否,	,否,	,,823.0	,0.0	,24.0	,0.0	,0.2	,0.0	,0.0	,0.0	,799.0	,799.0	,JDV024048455201,京东大件物流,天津市,天津市,和平区,,,否,否,	,	,	,否,	,	,	,	,	,	,	,	,	,	,	,	,否,否,	,否,否,,	,否,	,否,,,否
【重磅新品】云米净水器600G小海豚升级版厨下式RO反渗透直饮家用,251113-141484439863809,待发货,1	,正常,2025-11-13 14:45:47,2025-12-15 14:45:47,,	,	,225501370546	,【24年新品】600G升级版6年长效,1600502140541	,厨房电器,净水器/净水设备及配件耗材,净水器,	,6923185653684	,6923185616399	,已登记延迟发货 [viomi范范sk 11/13 14:59],	,无售后或售后取消,,2025-11-13 14:45:47,	,,,,,,,否,否,	,否,	,,597.0	,0.0	,0.0	,77.61	,0.0	,0.0	,0.0	,0.0	,519.39	,597.0	,	,	,河北省,邯郸市,邯山区,,,否,否,	,	,	,否,	,	,	,	,	,	,	,	,	,	,	,	,否,否,	,否,否,,	,否,	,否,,,否
【重磅新品】云米净水器600G小海豚升级版厨下式RO反渗透直饮家用,251113-523145132353550,已取消,1	,正常,	,	,,	,	,225501370546	,【24年新品】600G升级版6年长效,1600502140541	,厨房电器,净水器/净水设备及配件耗材,净水器,	,6923185653684	,6923185616399	,	,	,无售后或售后取消,,	,	,,,,,,,否,否,	,否,	,,597.0	,0.0	,0.0	,100.0	,0.0	,0.0	,0.0	,0.0	,497.0	,597.0	,	,	,****,****,****,****,,否,否,	,	,	,否,	,	,	,	,	,	,	,	,	,	,	,	,否,否,	,否,	,,	,否,	,否,,,否
VIOMI云米净水器大通量小海豚800G反渗透RO厨下式家用长效滤芯,251113-455857989991947,已收货，退款成功,1	,正常,2025-11-13 14:36:55,2025-11-14 14:36:55,,2025-11-13 20:33:44,2025-11-16 09:09:53,850333437206	,竹炭复合商品滤芯,1810726753549	,厨房电器,净水器/净水设备及配件耗材,净水器,	,6923185654193	,	,差价200仅退款 [viomi莉莉sk 11/16 09:11],	,退款成功,,2025-11-13 14:36:55,	,,,,,,,否,否,	,否,	,,299.0	,0.0	,0.0	,0.0	,0.0	,0.0	,0.0	,0.0	,299.0	,299.0	,JDV024047090450,京东大件物流,上海市,上海市,静安区,,,否,否,	,	,	,否,	,	,	,	,	,	,	,	,	,	,	,	,否,否,	,否,否,,	,否,	,否,,,否
云米净水器滤芯小蓝调小海豚600G+专用复合滤芯RO反渗透滤芯过滤,251113-289868367461154,已发货，待收货,1	,正常,2025-11-13 14:31:04,2025-11-14 14:31:04,,2025-11-13 17:49:16,	,296967601341	,5in1复合滤芯 2年长效,1600193054565	,厨房电器,净水器/净水设备及配件耗材,净水器配件耗材,	,6923185627425	,	,补差后返 到手价99,	,无售后或售后取消,,2025-11-13 14:31:04,	,,,,,,,否,否,	,否,	,,299.0	,0.0	,0.0	,0.0	,0.0	,0.0	,0.0	,0.0	,299.0	,299.0	,JDV024047314236,京东大件物流,上海市,上海市,闵行区,,,否,否,	,	,	,否,	,	,	,	,	,	,	,	,	,	,	,	,否,否,	,否,否,,	,否,	,否,,,否
【重磅新品】云米净水器600G小海豚升级版厨下式RO反渗透直饮家用,251113-578908393823705,已发货，待收货,1	,正常,2025-11-13 14:29:13,2025-11-14 14:29:13,,2025-11-13 20:33:43,	,225501370546	,【24年新品】600G升级版6年长效,1600502140541	,厨房电器,净水器/净水设备及配件耗材,净水器,	,6923185653684	,6923185616399	,	,	,无售后或售后取消,,2025-11-13 14:29:13,	,,,,,,,否,否,	,否,	,,597.0	,0.0	,0.0	,53.73	,5.0	,0.0	,0.0	,0.0	,543.27	,597.0	,JDV024048510669,京东大件物流,福建省,福州市,仓山区,,,否,否,	,	,	,否,	,	,	,	,	,	,	,	,	,	,	,	,否,否,	,否,否,,	,否,	,否,,,否
【重磅新品】云米净水器600G小海豚升级版厨下式RO反渗透直饮家用,251113-285883810092119,未发货，退款成功,1	,正常,2025-11-13 14:24:11,2025-11-14 14:24:12,,	,	,225501370546	,【24年新品】600G升级版6年长效,1600502140541	,厨房电器,净水器/净水设备及配件耗材,净水器,	,6923185653684	,6923185616399	,聚水潭已取消发货 已退款   叶11.13,	,退款成功,,2025-11-13 14:24:12,	,,,,,,,否,否,	,否,	,,597.0	,0.0	,0.0	,72.0	,0.0	,0.0	,0.0	,0.0	,525.0	,597.0	,	,	,山西省,大同市,平城区,,,否,否,	,	,	,否,	,	,	,	,	,	,	,	,	,	,	,	,否,否,	,否,否,,	,否,	,否,,,否
云米净水器滤芯小蓝调小海豚600G+专用复合滤芯RO反渗透滤芯过滤,251113-112952634931610,已发货，待收货,2	,正常,2025-11-13 14:17:47,2025-11-14 14:17:47,,2025-11-13 20:33:44,	,296967601341	,5in1复合滤芯 2年长效,1600193054565	,厨房电器,净水器/净水设备及配件耗材,净水器配件耗材,	,6923185627425	,	,补差后返 到手价198,	,无售后或售后取消,,2025-11-13 14:17:47,	,,,,,,,否,否,	,否,中国新疆中转,,598.0	,0.0	,5.98	,0.0	,0.2	,0.0	,0.0	,0.0	,592.02	,592.02	,JDV024047310051,京东大件物流,陕西省,咸阳市,兴平市,,,否,否,	,	,	,否,	,	,	,	,	,	,	,	,	,	,	,	,否,否,	,否,否,,	,否,	,否,,,否
【重磅新品】云米净水器600G小海豚升级版厨下式RO反渗透直饮家用,251113-366917794201294,已取消,1	,正常,	,	,,	,	,225501370546	,【24年新品】600G升级版6年长效,1600502140541	,厨房电器,净水器/净水设备及配件耗材,净水器,	,6923185653684	,6923185616399	,	,	,无售后或售后取消,,	,	,,,,,,,否,否,	,否,	,,597.0	,0.0	,0.0	,77.61	,0.0	,0.0	,0.0	,0.0	,519.39	,597.0	,	,	,****,****,****,****,,否,否,	,	,	,否,	,	,	,	,	,	,	,	,	,	,	,	,否,否,	,否,	,,	,否,	,否,,,否
【重磅新品】云米净水器600G小海豚升级版厨下式RO反渗透直饮家用,251113-011586793061154,未发货，退款成功,1	,正常,2025-11-13 14:10:21,2025-11-14 14:10:21,,	,	,225501370546	,【24年新品】600G升级版6年长效,1600502140541	,厨房电器,净水器/净水设备及配件耗材,净水器,	,6923185653684	,6923185616399	,ZX2511140065885待拦截11.14诚,	,退款成功,,2025-11-13 14:10:21,	,,,,,,,否,否,	,否,	,,597.0	,0.0	,0.0	,59.7	,0.0	,0.0	,0.0	,0.0	,537.3	,597.0	,	,	,上海市,上海市,闵行区,,,否,否,	,	,	,否,	,	,	,	,	,	,	,	,	,	,	,	,否,否,	,否,否,,	,否,	,否,,,否
【重磅新品】云米净水器600G小海豚升级版厨下式RO反渗透直饮家用,251113-102540265011610,已发货，待收货,1	,正常,2025-11-13 14:09:40,2025-11-14 14:09:40,,2025-11-13 20:33:43,	,225501370546	,【24年新品】600G升级版6年长效,1600502140541	,厨房电器,净水器/净水设备及配件耗材,净水器,	,6923185653684	,6923185616399	,	,	,无售后或售后取消,,2025-11-13 14:09:40,	,,,,,,,否,否,	,否,	,,597.0	,0.0	,0.0	,100.0	,0.2	,0.0	,0.0	,0.0	,497.0	,597.0	,JDV024047829206,京东大件物流,新疆维吾尔自治区,石河子,石河子市,,,否,否,	,	,	,否,	,	,	,	,	,	,	,	,	,	,	,	,否,否,	,否,否,,	,否,	,否,,,否
云米AI燃气热水器智控恒温防冻节能安全水质净化精准控温13L强排,251113-495294901910837,未发货，退款成功,1	,正常,2025-11-13 14:08:10,2025-11-14 14:08:10,,	,	,773161065181	,智控恒温燃气热水器,1755671371526	,大家电,热水器,燃气热水器,	,6923185655688	,6923185655688	,已退款成功 无需发货 已挂起锁定 11.15,	,退款成功,,2025-11-13 14:08:10,	,,,,,,,否,否,	,否,	,,588.0	,0.0	,0.0	,0.0	,0.0	,0.0	,0.0	,0.0	,588.0	,588.0	,	,	,四川省,成都市,锦江区,,,否,否,	,	,	,否,	,	,	,	,	,	,	,	,	,	,	,	,否,否,	,否,是,12	,消费者,否,	,否,,花呗分期,否
【重磅新品】云米净水器600G小海豚升级版厨下式RO反渗透直饮家用,251113-607209428633941,已取消,1	,正常,	,	,,	,	,225501370546	,【24年新品】600G升级版6年长效,1600502140541	,厨房电器,净水器/净水设备及配件耗材,净水器,	,6923185653684	,6923185616399	,	,	,无售后或售后取消,,	,	,,,,,,,否,否,	,否,	,,597.0	,0.0	,0.0	,100.0	,0.0	,0.0	,0.0	,0.0	,497.0	,597.0	,	,	,****,****,****,****,,否,否,	,	,	,否,	,	,	,	,	,	,	,	,	,	,	,	,否,否,	,否,	,,	,否,	,否,,,否
【重磅新品】云米净水器600G小海豚升级版厨下式RO反渗透直饮家用,251113-057011126581346,未发货，退款成功,1	,正常,2025-11-13 13:55:52,2025-11-14 13:55:53,,	,	,225501370546	,【24年新品】600G升级版6年长效,1600502140541	,厨房电器,净水器/净水设备及配件耗材,净水器,	,6923185653684	,6923185616399	,拦截	ZX2511130066413,	,退款成功,,2025-11-13 13:55:53,	,,,,,,,否,否,	,否,	,,597.0	,0.0	,0.0	,3.0	,0.0	,0.0	,0.0	,0.0	,594.0	,597.0	,	,	,广东省,汕头市,潮阳区,,,否,否,	,	,	,否,	,	,	,	,	,	,	,	,	,	,	,	,否,否,	,否,否,,	,否,	,否,,,否
【重磅新品】云米净水器600G小海豚升级版厨下式RO反渗透直饮家用,251113-160232916551343,已发货，待收货,1	,正常,2025-11-13 13:55:12,2025-11-14 13:55:12,,2025-11-13 20:33:45,	,225501370546	,【24年新品】600G升级版6年长效,1600502140541	,厨房电器,净水器/净水设备及配件耗材,净水器,	,6923185653684	,6923185616399	,	,	,无售后或售后取消,,2025-11-13 13:55:12,	,,,,,,,否,否,	,否,	,,597.0	,0.0	,0.0	,0.0	,0.0	,0.0	,0.0	,0.0	,597.0	,597.0	,JDV024047089790,京东大件物流,北京市,北京市,平谷区,,,否,否,	,	,	,否,	,	,	,	,	,	,	,	,	,	,	,	,否,否,	,否,否,,	,否,	,否,,,否
【重磅新品】云米净水器600G小海豚升级版厨下式RO反渗透直饮家用,251113-593881996871343,已取消,1	,正常,	,	,,	,	,225501370546	,【24年新品】600G升级版6年长效,1600502140541	,厨房电器,净水器/净水设备及配件耗材,净水器,	,6923185653684	,6923185616399	,	,	,无售后或售后取消,,	,	,,,,,,,否,否,	,否,	,,597.0	,0.0	,0.0	,50.0	,0.0	,0.0	,0.0	,0.0	,547.0	,597.0	,	,	,****,****,****,****,,否,否,	,	,	,否,	,	,	,	,	,	,	,	,	,	,	,	,否,否,	,否,	,,	,否,	,否,,,否
【重磅新品】云米净水器600G小海豚升级版厨下式RO反渗透直饮家用,251113-540373184091661,已取消,1	,正常,	,	,,	,	,225501370546	,【24年新品】600G升级版6年长效,1600502140541	,厨房电器,净水器/净水设备及配件耗材,净水器,	,6923185653684	,6923185616399	,	,	,无售后或售后取消,,	,	,,,,,,,否,否,	,否,	,,597.0	,0.0	,0.0	,0.0	,0.0	,0.0	,0.0	,0.0	,597.0	,597.0	,	,	,****,****,****,****,,否,否,	,	,	,否,	,	,	,	,	,	,	,	,	,	,	,	,否,否,	,否,	,,	,否,	,否,,,否
Viomi云米净水器1000G厨下式RO反渗透直饮过滤器净饮小海豚2,251113-629869135451152,已收货,1	,正常,2025-11-13 13:46:47,2025-11-14 13:46:48,,2025-11-15 17:17:44,2025-11-19 15:02:18,205458105137	,小海豚2包安装1000G大加仑,1802849942800	,厨房电器,净水器/净水设备及配件耗材,净水器,	,6923185654865	,	,已登记延迟 [viomi范范sk 11/13 14:42]	ZX2511150066958	  [viomi范范sk 11/15 22:04]17283249595发货 [viomi范范sk 11/19 15:41],	,无售后或售后取消,,2025-11-13 13:46:48,	,,,,,,,否,否,	,否,	,,863.0	,0.0	,0.0	,0.0	,0.0	,0.0	,0.0	,0.0	,863.0	,863.0	,JDV024080946335,京东大件物流,福建省,漳州市,龙海区,,,否,否,	,	,	,否,	,	,	,	,	,	,	,	,	,	,	,	,否,否,	,否,否,,	,否,	,否,,,否
云米小厨宝6L电热水器厨房卫生间出水恒温储水式小型速热神器加热,251113-682035843450001,已发货，待收货,1	,正常,2025-11-13 13:45:25,2025-11-14 13:45:25,,2025-11-13 17:48:57,	,208073193570	,热水即刻有-【6L】,1801828025682	,大家电,热水器,厨宝,	,6923185611233	,6923185611233	,	,	,无售后或售后取消,,2025-11-13 13:45:25,	,,,,,,,否,否,	,否,	,,280.0	,0.0	,0.0	,0.0	,0.2	,0.0	,0.0	,0.0	,280.0	,280.0	,JDV024047323416,京东大件物流,河南省,驻马店市,西平县,,,否,否,	,	,	,否,	,	,	,	,	,	,	,	,	,	,	,	,否,否,	,否,否,,	,否,	,否,,,否
【母婴直饮】云米净水器 SE 600G+ 新升级厨下式RO反渗透直饮家用,251113-503830352311803,已发货，待收货,1	,正常,2025-11-13 13:43:50,2025-11-14 13:43:51,,2025-11-13 20:33:43,	,819506595979	,【24年新品】600G升级版6年长效,1787046011387	,厨房电器,净水器/净水设备及配件耗材,净水器,	,6923185653684	,6923185616399	,	,	,无售后或售后取消,,2025-11-13 13:43:51,	,,,,,,,否,否,	,否,	,,748.0	,0.0	,139.6	,50.0	,0.0	,0.0	,0.0	,0.0	,558.4	,608.4	,JDV024047057932,京东大件物流,河北省,秦皇岛市,山海关区,,,否,否,	,	,	,否,	,	,	,	,	,	,	,	,	,	,	,	,否,否,	,否,否,,	,否,	,否,,,否
云米小厨宝6L电热水器厨房卫生间出水恒温储水式小型速热神器加热,251113-307358677370001,已取消,1	,正常,	,	,,	,	,208073193570	,热水即刻有-【6L】,1801828025682	,大家电,热水器,厨宝,	,6923185611233	,6923185611233	,	,	,无售后或售后取消,,	,	,,,,,,,否,否,	,否,	,,280.0	,0.0	,0.0	,0.0	,0.0	,0.0	,0.0	,0.0	,280.0	,280.0	,	,	,****,****,****,****,,否,否,	,	,	,否,	,	,	,	,	,	,	,	,	,	,	,	,否,否,	,否,	,,	,否,	,否,,,否
【重磅新品】云米净水器600G小海豚升级版厨下式RO反渗透直饮家用,251113-474124152430084,已发货，待收货,1	,正常,2025-11-13 13:45:09,2025-11-14 13:45:09,,2025-11-13 20:33:43,	,225501370546	,【24年新品】600G升级版6年长效,1600502140541	,厨房电器,净水器/净水设备及配件耗材,净水器,	,6923185653684	,6923185616399	,	,	,无售后或售后取消,,2025-11-13 13:45:09,	,,,,,,,否,否,	,否,	,,597.0	,0.0	,0.0	,100.0	,0.0	,0.0	,0.0	,0.0	,497.0	,597.0	,JDV024047072604,京东大件物流,广东省,广州市,增城区,,,否,否,	,	,	,否,	,	,	,	,	,	,	,	,	,	,	,	,否,否,	,否,否,,	,否,	,否,,,否
云米水槽下水器垃圾处理器粉碎机下水道厨余搅碎机抑菌厨房家用,251113-226964335010510,已发货，待收货,1	,正常,2025-11-13 13:30:04,2025-11-14 13:30:04,,2025-11-13 20:33:44,	,852614628903	,【智能】厨余垃圾处理器,1812695452997	,厨房电器,食物垃圾处理机,食物垃圾处理机,	,6923185610250	,6923185610250	,18073118365安装 [viomi英英sk 11/15 18:55],	,无售后或售后取消,,2025-11-13 13:30:04,	,,,,,,,否,否,	,否,	,,889.0	,0.0	,48.0	,32.0	,0.2	,0.0	,0.0	,0.0	,809.0	,841.0	,JDV024047077498,京东大件物流,湖南省,长沙市,岳麓区,,,否,否,	,	,	,否,	,	,	,	,	,	,	,	,	,	,	,	,否,否,	,否,否,,	,否,	,否,,,否
云米双腔大吸力手势控制智清洁油烟机聚能猛火灶安全烟灶联动套装,251113-576653893251770,已发货，待收货,1	,正常,2025-11-13 13:16:50,2025-11-14 13:16:50,,2025-11-13 20:33:43,	,818698470695	,"【烟灶套装】双腔劲吸烟机+5.0KW灶,液化气灶",1786567894378	,大家电,厨房大电,烟灶消套装,	,S2509151408001,	,	,	,无售后或售后取消,,2025-11-13 13:16:50,	,,,,,,,否,否,	,否,	,,1115.0	,0.0	,55.75	,42.0	,0.0	,0.0	,0.0	,0.0	,1017.25	,1059.25	,JDV024048424206,京东大件物流,黑龙江省,双鸭山市,饶河县,,,否,否,	,	,	,否,	,	,	,	,	,	,	,	,	,	,	,	,否,否,	,否,否,,	,否,	,否,,,否
云米双腔大吸力手势控制智清洁油烟机聚能猛火灶安全烟灶联动套装,251113-147157163651770,未发货，退款成功,1	,正常,2025-11-13 13:16:50,2025-11-14 13:16:50,,	,	,818698470695	,"【烟灶套装】双腔劲吸烟机+5.0KW灶,天然气灶",1786567894377	,大家电,厨房大电,烟灶消套装,	,S2209231819001,	,聚水潭已取消发货 已退款   叶11.13,	,退款成功,,2025-11-13 13:16:50,	,,,,,,,否,否,	,否,	,,1115.0	,0.0	,55.75	,42.0	,0.0	,0.0	,0.0	,0.0	,1017.25	,1059.25	,	,	,黑龙江省,双鸭山市,饶河县,,,否,否,	,	,	,否,	,	,	,	,	,	,	,	,	,	,	,	,否,否,	,否,否,,	,否,	,否,,,否
【重磅新品】云米净水器600G小海豚升级版厨下式RO反渗透直饮家用,251113-595884829022747,已发货，待收货,1	,正常,2025-11-13 13:04:47,2026-01-13 13:04:47,,2025-11-13 17:48:56,	,225501370546	,【24年新品】600G升级版6年长效,1600502140541	,厨房电器,净水器/净水设备及配件耗材,净水器,	,6923185653684	,6923185616399	,	,	,无售后或售后取消,,2025-11-13 13:04:47,	,,,,,,,否,否,	,否,	,,597.0	,0.0	,10.0	,76.31	,0.2	,0.0	,0.0	,0.0	,510.69	,587.0	,JDV024047365005,京东大件物流,江苏省,淮安市,清江浦区,,,否,否,	,	,	,否,	,	,	,	,	,	,	,	,	,	,	,	,否,否,	,否,否,,	,否,	,否,,,否
云米顶侧大吸力蓝调油烟机家用厨房节能自清洁一级能效可挥手智控,251113-080950126993192,已发货，待收货,1	,正常,2025-11-13 12:59:05,2025-11-14 12:59:05,,2025-11-13 20:33:44,	,657344402006	,云米智清洁挥手智控单烟机,1723825075586	,大家电,厨房大电,油烟机,	,6923185650973	,6923185650973	,17283471607拦截 [viomi莉莉sk 11/13 20:53],	,无售后或售后取消,,2025-11-13 12:59:05,	,,,,,,,否,否,	,否,	,,789.0	,0.0	,0.0	,39.45	,0.0	,0.0	,0.0	,0.0	,749.55	,789.0	,JDV024047077211,京东大件物流,福建省,泉州市,南安市,,,否,否,	,	,	,否,	,	,	,	,	,	,	,	,	,	,	,	,否,否,	,否,否,,	,否,	,否,,,否
云米AI油烟机双腔大吸力Smart双腔一级能效23m³大风压智清洁节能,251113-092421558673192,未发货，退款成功,1	,正常,2025-11-13 12:55:36,2025-11-14 12:55:36,,	,	,750412983827	,AI双腔强吸油烟机,1737582711971	,大家电,厨房大电,油烟机,	,6923185649229	,6923185649229	,聚水潭已取消发货 已退款   叶11.13,	,退款成功,,2025-11-13 12:55:36,	,,,,,,,否,否,	,否,	,,789.0	,0.0	,0.0	,39.45	,0.0	,0.0	,0.0	,0.0	,749.55	,789.0	,	,	,福建省,泉州市,南安市,,,否,否,	,	,	,否,	,	,	,	,	,	,	,	,	,	,	,	,否,否,	,否,否,,	,否,	,否,,,否
【重磅新品】云米净水器600G小海豚升级版厨下式RO反渗透直饮家用,251113-444355059301575,已取消,1	,正常,	,	,,	,	,225501370546	,【24年新品】600G升级版6年长效,1600502140541	,厨房电器,净水器/净水设备及配件耗材,净水器,	,6923185653684	,6923185616399	,	,	,无售后或售后取消,,	,	,,,,,,,否,否,	,否,	,,597.0	,0.0	,0.0	,50.0	,0.0	,0.0	,0.0	,0.0	,547.0	,597.0	,	,	,****,****,****,****,,否,否,	,	,	,否,	,	,	,	,	,	,	,	,	,	,	,	,否,否,	,否,	,,	,否,	,否,,,否
【母婴直饮】云米净水器 SE 600G+ 新升级厨下式RO反渗透直饮家用,251113-013841221222070,已收货,1	,正常,2025-11-13 12:24:26,2025-11-14 12:24:27,,2025-11-13 17:48:56,2025-11-17 10:40:24,819506595979	,【24年新品】600G升级版6年长效,1787046011387	,厨房电器,净水器/净水设备及配件耗材,净水器,	,6923185653684	,6923185616399	,	,	,无售后或售后取消,,2025-11-13 12:24:27,	,,,,,,,否,否,	,否,	,,748.0	,0.0	,131.64	,89.76	,0.0	,0.0	,0.0	,0.0	,526.6	,616.36	,JDV024047305659,京东大件物流,湖北省,武汉市,江岸区,,,否,否,	,	,	,否,	,	,	,	,	,	,	,	,	,	,	,	,否,否,	,否,否,,	,否,	,否,,,否
【母婴直饮】云米净水器 SE 600G+ 新升级厨下式RO反渗透直饮家用,251113-108695416422070,已取消,1	,正常,	,	,,	,	,819506595979	,【24年新品】600G升级版6年长效,1787046011387	,厨房电器,净水器/净水设备及配件耗材,净水器,	,6923185653684	,6923185616399	,	,	,无售后或售后取消,,	,	,,,,,,,否,否,	,否,	,,748.0	,0.0	,150.22	,36.9	,0.0	,0.0	,0.0	,0.0	,560.88	,597.78	,	,	,****,****,****,****,,否,否,	,	,	,否,	,	,	,	,	,	,	,	,	,	,	,	,否,否,	,否,	,,	,否,	,否,,,否
【重磅新品】云米净水器600G小海豚升级版厨下式RO反渗透直饮家用,251113-628180917902178,已取消,1	,正常,	,	,,	,	,225501370546	,【24年新品】600G升级版6年长效,1600502140541	,厨房电器,净水器/净水设备及配件耗材,净水器,	,6923185653684	,6923185616399	,	,	,无售后或售后取消,,	,	,,,,,,,否,否,	,否,	,,597.0	,0.0	,10.0	,58.7	,0.0	,0.0	,0.0	,0.0	,528.3	,587.0	,	,	,****,****,****,****,,否,否,	,	,	,否,	,	,	,	,	,	,	,	,	,	,	,	,否,否,	,否,	,,	,否,	,否,,,否
云米23m³顶侧大吸力超薄智能油烟机厨房app挥手智控易清洁一级,251113-116706526772426,已发货，待收货,1	,正常,2025-11-13 12:06:37,2025-11-14 12:06:37,,2025-11-13 20:33:45,	,219486126363	,挥手智控单烟机,1689355640209	,大家电,厨房大电,油烟机,	,6923185613664	,6923185613664	,17740275669安装 [viomi英英sk 11/15 16:54],	,无售后或售后取消,,2025-11-13 12:06:37,	,,,,,,,否,否,	,否,	,,899.0	,0.0	,0.0	,61.0	,0.2	,0.0	,0.0	,0.0	,838.0	,899.0	,JDV024047071408,京东大件物流,四川省,南充市,顺庆区,,,否,否,	,	,	,否,	,	,	,	,	,	,	,	,	,	,	,	,否,否,	,否,否,,	,否,	,否,,,否
Viomi云米净水器1000G厨下式RO反渗透直饮过滤器净饮小海豚2,251113-077363996972876,已发货，待收货,1	,正常,2025-11-13 12:03:24,2025-11-14 12:03:24,,2025-11-13 20:33:45,	,205458105137	,小海豚2包安装1000G大加仑,1802849942800	,厨房电器,净水器/净水设备及配件耗材,净水器,	,6923185654865	,	,	,	,无售后或售后取消,,2025-11-13 12:03:24,	,,,,,,,否,否,	,否,	,,863.0	,0.0	,0.0	,0.0	,0.0	,0.0	,0.0	,0.0	,863.0	,863.0	,JDV024044111938,京东大件物流,黑龙江省,哈尔滨市,道里区,,,否,否,	,	,	,否,	,	,	,	,	,	,	,	,	,	,	,	,否,否,	,否,否,,	,否,	,否,,,否
云米水槽下水器垃圾处理器粉碎机下水道厨余搅碎机抑菌厨房家用,251113-620641698202363,已发货，待收货,1	,正常,2025-11-13 12:19:26,2025-11-14 12:19:27,2025-11-15 23:59:59,2025-11-13 20:33:44,	,852614628903	,【智能】厨余垃圾处理器,1812695452997	,厨房电器,食物垃圾处理机,食物垃圾处理机,	,6923185610250	,6923185610250	,	,	,无售后或售后取消,,2025-11-13 12:19:27,	,,,,,,,否,否,	,否,	,,889.0	,0.0	,0.0	,88.9	,0.0	,0.0	,0.0	,0.0	,800.1	,889.0	,JDV024047061560,京东大件物流,浙江省,台州市,玉环市,,,否,否,	,	,	,否,	,	,	,	,	,	,	,	,	,	,	,	,否,否,	,否,否,,	,否,	,否,,,否
【重磅新品】云米净水器600G小海豚升级版厨下式RO反渗透直饮家用,251113-024893274483336,已收货,1	,正常,2025-11-13 11:56:38,2025-11-14 11:56:38,,2025-11-13 17:48:57,2025-11-17 16:12:39,225501370546	,【24年新品】600G升级版6年长效,1600502140541	,厨房电器,净水器/净水设备及配件耗材,净水器,	,6923185653684	,6923185616399	,18971291015安装 [viomi慧慧sk 11/14 20:33],	,无售后或售后取消,,2025-11-13 11:56:38,	,,,,,,,否,否,	,否,	,,597.0	,0.0	,10.0	,100.0	,0.0	,0.0	,0.0	,0.0	,487.0	,587.0	,JDV024047320562,京东大件物流,湖北省,武汉市,江夏区,,,否,否,	,	,	,否,	,	,	,	,	,	,	,	,	,	,	,	,否,否,	,否,否,,	,否,	,否,,,否
【重磅新品】云米净水器600G小海豚升级版厨下式RO反渗透直饮家用,251113-448507482451872,已收货，退款成功,1	,正常,2025-11-13 11:56:14,2025-11-14 11:56:14,,2025-11-13 17:48:57,2025-11-15 19:23:59,225501370546	,【24年新品】600G升级版6年长效,1600502140541	,厨房电器,净水器/净水设备及配件耗材,净水器,	,6923185653684	,6923185616399	,差价28待 [viomi范范sk 11/14 14:32],	,退款成功,,2025-11-13 11:56:14,	,,,,,,,否,否,	,否,	,,597.0	,0.0	,10.0	,0.0	,1.17	,0.0	,0.0	,0.0	,587.0	,587.0	,JDV024044069915,京东大件物流,北京市,北京市,顺义区,,,否,否,	,	,	,否,	,	,	,	,	,	,	,	,	,	,	,	,否,否,	,否,否,,	,否,	,否,,,否
云米净水器滤芯小蓝调小海豚600G+专用复合滤芯RO反渗透滤芯过滤,251113-078014103891872,已收货，退款成功,2	,正常,2025-11-13 11:56:02,2025-11-14 11:56:02,,2025-11-13 17:48:57,2025-11-15 19:06:30,296967601341	,5in1复合滤芯 2年长效,1600193054565	,厨房电器,净水器/净水设备及配件耗材,净水器配件耗材,	,6923185627425	,	,补差后返 到手价198,	,退款成功,,2025-11-13 11:56:02,	,,,,,,,否,否,	,否,	,,598.0	,0.0	,5.98	,0.0	,2.96	,0.0	,0.0	,0.0	,592.02	,592.02	,JDV024044063239,京东大件物流,北京市,北京市,顺义区,,,否,否,	,	,	,否,	,	,	,	,	,	,	,	,	,	,	,	,否,否,	,否,否,,	,否,	,否,,,否
云米60升AI速热高温抑菌电热水器3000W一级节能变频增容家用租房,251113-061090107691128,已发货，待收货,1	,正常,2025-11-13 11:37:44,2025-11-14 11:37:44,,2025-11-13 17:48:57,	,226368376224	,3000W速热安全60L热水器,1737176648260	,大家电,热水器,电热水器,	,6923185602224	,6923185602224	,	,	,无售后或售后取消,,2025-11-13 11:37:44,	,,,,,,,否,否,	,否,	,,610.0	,0.0	,0.0	,30.5	,0.2	,0.0	,0.0	,0.0	,579.5	,610.0	,JDV024044052392,京东大件物流,山东省,临沂市,河东区,,,否,否,	,	,	,否,	,	,	,	,	,	,	,	,	,	,	,	,否,否,	,否,否,,	,否,	,否,,,否
【母婴直饮】云米净水器 SE 600G+ 新升级厨下式RO反渗透直饮家用,251113-352206242103135,已取消,1	,正常,	,	,,	,	,819506595979	,【24年新品】600G升级版6年长效,1787046011387	,厨房电器,净水器/净水设备及配件耗材,净水器,	,6923185653684	,6923185616399	,	,	,无售后或售后取消,,	,	,,,,,,,否,否,	,否,	,,748.0	,0.0	,135.6	,70.0	,0.0	,0.0	,0.0	,0.0	,542.4	,612.4	,	,	,****,****,****,****,,否,否,	,	,	,否,	,	,	,	,	,	,	,	,	,	,	,	,否,否,	,否,	,,	,否,	,否,,,否
云米顶侧大吸力蓝调油烟机家用厨房节能自清洁一级能效可挥手智控,251113-227687842112545,已取消,1	,正常,	,	,,	,	,657344402006	,云米智清洁挥手智控单烟机,1723825075586	,大家电,厨房大电,油烟机,	,6923185650973	,6923185650973	,	,	,无售后或售后取消,,	,	,,,,,,,否,否,	,否,	,,789.0	,0.0	,0.0	,39.45	,0.0	,0.0	,0.0	,0.0	,749.55	,789.0	,	,	,****,****,****,****,,否,否,	,	,	,否,	,	,	,	,	,	,	,	,	,	,	,	,否,否,	,否,	,,	,否,	,否,,,否
【母婴直饮】云米净水器 SE 600G+ 新升级厨下式RO反渗透直饮家用,251113-207974623543135,已取消,1	,正常,	,	,,	,	,819506595979	,【24年新品】600G升级版6年长效,1787046011387	,厨房电器,净水器/净水设备及配件耗材,净水器,	,6923185653684	,6923185616399	,	,	,无售后或售后取消,,	,	,,,,,,,否,否,	,否,	,,748.0	,0.0	,135.6	,70.0	,0.0	,0.0	,0.0	,0.0	,542.4	,612.4	,	,	,****,****,****,****,,否,否,	,	,	,否,	,	,	,	,	,	,	,	,	,	,	,	,否,否,	,否,	,,	,否,	,否,,,否
【重磅新品】云米净水器600G小海豚升级版厨下式RO反渗透直饮家用,251113-328393039482590,已收货,1	,正常,2025-11-13 11:16:01,2025-11-14 11:16:01,,2025-11-13 17:48:57,2025-11-14 15:56:21,225501370546	,【24年新品】600G升级版6年长效,1600502140541	,厨房电器,净水器/净水设备及配件耗材,净水器,	,6923185653684	,6923185616399	,	,	,无售后或售后取消,,2025-11-13 11:16:01,	,,,,,,,否,否,	,否,	,,597.0	,0.0	,0.0	,59.7	,0.0	,0.0	,0.0	,0.0	,537.3	,597.0	,JDV024044087698,京东大件物流,广东省,珠海市,香洲区,,,否,否,	,	,	,否,	,	,	,	,	,	,	,	,	,	,	,	,否,否,	,否,是,3	,商家,否,	,否,,信用卡分期,否
【重磅新品】云米净水器600G小海豚升级版厨下式RO反渗透直饮家用,251113-419346583863135,已发货，待收货,1	,正常,2025-11-13 11:15:02,2025-11-14 11:15:03,,2025-11-13 17:48:57,	,225501370546	,【24年新品】600G升级版6年长效,1600502140541	,厨房电器,净水器/净水设备及配件耗材,净水器,	,6923185653684	,6923185616399	,	,	,无售后或售后取消,,2025-11-13 11:15:03,	,,,,,,,否,否,	,否,	,,597.0	,0.0	,0.0	,55.0	,5.0	,0.0	,0.0	,0.0	,542.0	,597.0	,JDV024047364841,京东大件物流,江西省,南昌市,南昌县,,,否,否,	,	,	,否,	,	,	,	,	,	,	,	,	,	,	,	,否,否,	,否,否,,	,否,	,否,,,否
【母婴直饮】云米净水器 SE 600G+ 新升级厨下式RO反渗透直饮家用,251113-463481157943135,未发货，退款成功,1	,正常,2025-11-13 11:13:27,2025-11-14 11:13:27,,	,	,819506595979	,【24年新品】600G升级版6年长效,1787046011387	,厨房电器,净水器/净水设备及配件耗材,净水器,	,6923185653684	,6923185616399	,聚水潭已取消发货 已退款   叶11.13,	,退款成功,,2025-11-13 11:13:27,	,,,,,,,否,否,	,否,	,,748.0	,0.0	,135.6	,70.0	,0.0	,0.0	,0.0	,0.0	,542.4	,612.4	,	,	,江西省,南昌市,南昌县,,,否,否,	,	,	,否,	,	,	,	,	,	,	,	,	,	,	,	,否,否,	,否,否,,	,否,	,否,,,否
云米净水器滤芯家用小海豚小蓝调小白龙系列专用RO反渗透,251113-359147804281239,已发货，待收货,1	,正常,2025-11-13 10:58:34,2025-11-15 10:58:34,,2025-11-13 14:38:56,	,232467205433	,5in1 复合滤芯,1647394585330	,厨房电器,净水器/净水设备及配件耗材,净水器配件耗材,	,6923185627425	,	,	,	,无售后或售后取消,,2025-11-13 10:58:34,	,,,,,,,否,否,	,否,	,,149.0	,0.0	,0.0	,7.0	,0.0	,0.0	,0.0	,0.0	,142.0	,149.0	,JDV024041620819,京东大件物流,黑龙江省,七台河市,桃山区,,,否,否,	,	,	,否,	,	,	,	,	,	,	,	,	,	,	,	,否,否,	,否,否,,	,否,	,否,,,否
云米AI燃气热水器智控恒温防冻节能安全水质净化精准控温13L强排,251113-427410143592129,已取消,1	,正常,	,	,,	,	,773161065181	,智控恒温燃气热水器,1755671371526	,大家电,热水器,燃气热水器,	,6923185655688	,6923185655688	,	,	,无售后或售后取消,,	,	,,,,,,,否,否,	,否,	,,588.0	,0.0	,0.0	,1.0	,0.0	,0.0	,0.0	,0.0	,587.0	,588.0	,	,	,****,****,****,****,,否,否,	,	,	,否,	,	,	,	,	,	,	,	,	,	,	,	,否,否,	,否,	,,	,否,	,否,,,否
VIOMI云米净水器1000G厨下直饮小体积净水机RO机智显龙头3秒满杯,251113-553711102312964,已取消,1	,正常,	,	,,	,	,842195971715	,1000G大通量RO净水器,1803617356458	,厨房电器,净水器/净水设备及配件耗材,净水器,	,6923185654247	,	,	,	,无售后或售后取消,,	,	,,,,,,,否,否,	,否,	,,823.0	,0.0	,24.0	,66.0	,0.0	,0.0	,0.0	,0.0	,733.0	,799.0	,	,	,****,****,****,****,,否,否,	,	,	,否,	,	,	,	,	,	,	,	,	,	,	,	,否,否,	,否,	,,	,否,	,否,,,否
【重磅新品】云米净水器600G小海豚升级版厨下式RO反渗透直饮家用,251113-508999831873324,已取消,1	,正常,	,	,,	,	,225501370546	,【24年新品】600G升级版6年长效,1600502140541	,厨房电器,净水器/净水设备及配件耗材,净水器,	,6923185653684	,6923185616399	,	,	,无售后或售后取消,,	,	,,,,,,,否,否,	,否,	,,559.0	,0.0	,0.0	,15.0	,0.0	,0.0	,0.0	,0.0	,544.0	,559.0	,	,	,****,****,****,****,,否,否,	,	,	,否,	,	,	,	,	,	,	,	,	,	,	,	,否,否,	,否,	,,	,否,	,否,,,否
云米即热净水器厨房家用直饮RO反渗透加热净饮一体机1000G,251113-109146335593099,已发货，待收货,1	,正常,2025-11-13 10:21:52,2025-11-14 10:21:52,,2025-11-13 17:48:57,	,364990106384	,即热直饮 1000G大通量,1455593712429	,厨房电器,净水器/净水设备及配件耗材,净水器,	,6923185651116	,6923185651116	,	,	,无售后或售后取消,,2025-11-13 10:21:52,	,,,,,,,否,否,	,否,	,,1488.0	,0.0	,0.0	,148.8	,2.67	,0.0	,0.0	,0.0	,1339.2	,1488.0	,JDV024044073255,京东大件物流,江西省,景德镇市,昌江区,,,否,否,	,	,	,否,	,	,	,	,	,	,	,	,	,	,	,	,否,否,	,否,否,,	,否,	,否,,,否
【重磅新品】云米净水器600G小海豚升级版厨下式RO反渗透直饮家用,251113-427839997551803,已发货，待收货,1	,正常,2025-11-13 10:06:56,2025-11-14 10:06:56,,2025-11-13 17:48:57,	,225501370546	,【24年新品】600G升级版6年长效,1600502140541	,厨房电器,净水器/净水设备及配件耗材,净水器,	,6923185653684	,6923185616399	,	,	,无售后或售后取消,,2025-11-13 10:06:56,	,,,,,,,否,否,	,否,	,,559.0	,0.0	,0.0	,0.0	,0.0	,0.0	,0.0	,0.0	,559.0	,559.0	,JDV024044101328,京东大件物流,山西省,吕梁市,离石区,,,否,否,	,	,	,否,	,	,	,	,	,	,	,	,	,	,	,	,否,否,	,否,否,,	,否,	,否,,,否
【重磅新品】云米净水器600G小海豚升级版厨下式RO反渗透直饮家用,251113-465746051500150,已取消,1	,正常,	,	,,	,	,225501370546	,【24年新品】600G升级版6年长效,1600502140541	,厨房电器,净水器/净水设备及配件耗材,净水器,	,6923185653684	,6923185616399	,	,	,无售后或售后取消,,	,	,,,,,,,否,否,	,否,	,,559.0	,0.0	,0.0	,0.0	,0.0	,0.0	,0.0	,0.0	,559.0	,559.0	,	,	,****,****,****,****,,否,否,	,	,	,否,	,	,	,	,	,	,	,	,	,	,	,	,否,否,	,否,	,,	,否,	,否,,,否
【重磅新品】云米净水器600G小海豚升级版厨下式RO反渗透直饮家用,251113-043851466351803,未发货，退款成功,1	,正常,2025-11-13 09:58:03,2025-11-14 09:58:03,,	,	,225501370546	,【24年新品】600G升级版6年长效,1600502140541	,厨房电器,净水器/净水设备及配件耗材,净水器,	,6923185653684	,6923185616399	,聚水潭已取消发货 已退款   叶11.13,	,退款成功,,2025-11-13 09:58:03,	,,,,,,,否,否,	,否,	,,559.0	,0.0	,0.0	,0.0	,0.0	,0.0	,0.0	,0.0	,559.0	,559.0	,	,	,山西省,吕梁市,离石区,,,否,否,	,	,	,否,	,	,	,	,	,	,	,	,	,	,	,	,否,否,	,否,否,,	,否,	,否,,,否
【重磅新品】云米净水器600G小海豚升级版厨下式RO反渗透直饮家用,251113-662490397112488,已发货，待收货,1	,正常,2025-11-13 09:52:54,2025-11-14 09:52:54,,2025-11-13 17:48:57,	,225501370546	,【24年新品】600G升级版6年长效,1600502140541	,厨房电器,净水器/净水设备及配件耗材,净水器,	,6923185653684	,6923185616399	,13394835387安装 [viomi慧慧sk 11/14 21:47],	,无售后或售后取消,,2025-11-13 09:52:54,	,,,,,,,否,否,	,否,	,,559.0	,0.0	,0.0	,0.0	,0.0	,0.0	,0.0	,0.0	,559.0	,559.0	,JDV024044063166,京东大件物流,广东省,深圳市,光明区,,,否,否,	,	,	,否,	,	,	,	,	,	,	,	,	,	,	,	,否,否,	,否,否,,	,否,	,否,,,否
【重磅新品】云米净水器600G小海豚升级版厨下式RO反渗透直饮家用,251113-385771118233735,已收货,1	,正常,2025-11-13 09:50:05,2025-11-14 09:50:05,2025-11-15 23:59:59,2025-11-13 14:38:56,2025-11-17 10:29:01,225501370546	,【24年新品】600G升级版6年长效,1600502140541	,厨房电器,净水器/净水设备及配件耗材,净水器,	,6923185653684	,6923185616399	,	,	,无售后或售后取消,,2025-11-13 09:50:05,	,,,,,,,否,否,	,否,	,,559.0	,0.0	,0.0	,0.0	,8.0	,0.0	,0.0	,0.0	,559.0	,559.0	,JDV024043283270,京东大件物流,上海市,上海市,闵行区,,,否,否,	,	,	,否,	,	,	,	,	,	,	,	,	,	,	,	,否,否,	,否,否,,	,否,	,否,,,否
云米100L消毒柜家用超薄嵌入式大容量厨房独立消毒烘干ZTD100A-1,251113-235027863171678,已取消,1	,正常,	,	,,	,	,220820325711	,嵌入式100L消毒柜,1644782695193	,大家电,厨房大电,消毒柜,	,6923185604303	,6923185604303	,	,	,无售后或售后取消,,	,	,,,,,,,否,否,	,否,	,,840.0	,0.0	,0.0	,5.0	,0.0	,0.0	,0.0	,0.0	,835.0	,840.0	,	,	,****,****,****,****,,否,否,	,	,	,否,	,	,	,	,	,	,	,	,	,	,	,	,否,否,	,否,	,,	,否,	,否,,,否
云米净水器滤芯小蓝调小海豚600G+专用复合滤芯RO反渗透滤芯过滤,251113-650893136290509,已发货，待收货,1	,正常,2025-11-13 09:37:00,2025-11-14 09:37:00,,2025-11-13 14:38:56,	,296967601341	,5in1复合滤芯 2年长效,1600193054565	,厨房电器,净水器/净水设备及配件耗材,净水器配件耗材,	,6923185627425	,	,	,	,无售后或售后取消,,2025-11-13 09:37:00,	,,,,,,,否,否,	,否,	,,299.0	,0.0	,0.0	,0.0	,0.0	,0.0	,0.0	,0.0	,299.0	,299.0	,JDV024040778345,京东大件物流,河北省,廊坊市,三河市,,,否,否,	,	,	,否,	,	,	,	,	,	,	,	,	,	,	,	,否,否,	,否,否,,	,否,	,否,,,否
云米净水器滤芯小蓝调小海豚600G+专用复合滤芯RO反渗透滤芯过滤,251113-069101218210509,未发货，退款成功,1	,正常,2025-11-13 09:32:20,2025-11-14 09:32:20,,	,	,296967601341	,5in1复合滤芯 2年长效,1600193054565	,厨房电器,净水器/净水设备及配件耗材,净水器配件耗材,	,6923185627425	,	,复合滤芯到手价99一根 [viomi华华 11/13 09:33]==聚水潭已取消发货 已退款   叶11.13,	,退款成功,,2025-11-13 09:32:20,	,,,,,,,否,否,	,否,	,,299.0	,0.0	,0.0	,0.0	,0.0	,0.0	,0.0	,0.0	,299.0	,299.0	,	,	,河北省,廊坊市,三河市,,,否,否,	,	,	,否,	,	,	,	,	,	,	,	,	,	,	,	,否,否,	,否,否,,	,否,	,否,,,否
云米双腔大吸力手势控制智清洁油烟机聚能猛火灶安全烟灶联动套装,251113-513403809301652,已发货，待收货,1	,正常,2025-11-13 09:37:36,2026-01-17 09:37:36,,2025-11-13 17:48:57,	,818698470695	,"【烟灶套装】双腔劲吸烟机+5.0KW灶,天然气灶",1786567894377	,大家电,厨房大电,烟灶消套装,	,S2209231819001,	,已登记发货 [viomi范范sk 11/13 09:49],	,无售后或售后取消,,2025-11-13 09:37:36,	,,,,,,,否,否,	,否,	,,1115.0	,0.0	,60.0	,40.0	,6.0	,0.0	,0.0	,0.0	,1015.0	,1055.0	,JDV024043236705,京东大件物流,上海市,上海市,浦东新区,,,否,否,	,	,	,否,	,	,	,	,	,	,	,	,	,	,	,	,否,否,	,否,否,,	,否,	,否,,,否
云米净水器滤芯小蓝调小海豚600G+专用复合滤芯RO反渗透滤芯过滤,251113-222591762850509,已取消,2	,正常,	,	,,	,	,296967601341	,5in1复合滤芯 2年长效,1600193054565	,厨房电器,净水器/净水设备及配件耗材,净水器配件耗材,	,6923185627425	,	,	,	,无售后或售后取消,,	,	,,,,,,,否,否,	,否,	,,598.0	,0.0	,5.98	,0.0	,0.0	,0.0	,0.0	,0.0	,592.02	,592.02	,	,	,****,****,****,****,,否,否,	,	,	,否,	,	,	,	,	,	,	,	,	,	,	,	,否,否,	,否,	,,	,否,	,否,,,否
VIOMI云米净水器1000G厨下直饮小体积净水机RO机智显龙头3秒满杯,251113-531837785731356,已收货，退款成功,1	,正常,2025-11-13 09:28:39,2025-11-14 09:28:39,,2025-11-13 17:48:58,2025-11-16 16:04:04,842195971715	,1000G大通量RO净水器,1803617356458	,厨房电器,净水器/净水设备及配件耗材,净水器,	,6923185654247	,	,价格错误，客户退款重新怕下补50元 [viomi英英sk 11/13 09:30]==【补差】仅退款50 [viomi英英sk 11/16 16:04],	,退款成功,,2025-11-13 09:28:39,	,,,,,,,否,否,	,否,	,,823.0	,0.0	,0.0	,100.0	,0.0	,0.0	,0.0	,0.0	,723.0	,823.0	,JDV024044101139,京东大件物流,山东省,菏泽市,单县,,,否,否,	,	,	,否,	,	,	,	,	,	,	,	,	,	,	,	,否,否,	,否,否,,	,否,	,否,,,否
云米净水器滤芯家用小海豚小蓝调小白龙系列专用RO反渗透,251113-166346124890417,已发货，待收货,1	,正常,2025-11-13 09:17:19,2025-11-15 09:17:19,,2025-11-13 14:38:56,	,232467205433	,5in1 复合滤芯,1647394585330	,厨房电器,净水器/净水设备及配件耗材,净水器配件耗材,	,6923185627425	,	,补差后返 到手价109元,	,无售后或售后取消,,2025-11-13 09:17:19,	,,,,,,,否,否,	,否,	,,149.0	,0.0	,0.0	,0.0	,0.0	,0.0	,0.0	,0.0	,149.0	,149.0	,JDV024040712681,京东大件物流,山东省,日照市,东港区,,,否,否,	,	,	,否,	,	,	,	,	,	,	,	,	,	,	,	,否,否,	,否,否,,	,否,	,否,,,否
云米AI燃气热水器智控恒温防冻节能安全水质净化精准控温13L强排,251113-436553674320688,未发货，退款成功,1	,正常,2025-11-13 09:14:27,2025-11-14 09:14:27,,	,	,773161065181	,智控恒温燃气热水器,1755671371526	,大家电,热水器,燃气热水器,	,6923185655688	,6923185655688	,拦截	ZX2511130066412,	,退款成功,,2025-11-13 09:14:27,	,,,,,,,否,否,	,否,	,,588.0	,0.0	,0.0	,50.0	,0.0	,0.0	,0.0	,0.0	,538.0	,588.0	,	,	,河北省,沧州市,运河区,,,否,否,	,	,	,否,	,	,	,	,	,	,	,	,	,	,	,	,否,否,	,否,否,,	,否,	,否,,,否
云米AI燃气热水器智控恒温防冻节能安全水质净化精准控温13L强排,251113-167541491280688,已取消,1	,正常,	,	,,	,	,773161065181	,智控恒温燃气热水器,1755671371526	,大家电,热水器,燃气热水器,	,6923185655688	,6923185655688	,	,	,无售后或售后取消,,	,	,,,,,,,否,否,	,否,	,,588.0	,0.0	,0.0	,50.0	,0.0	,0.0	,0.0	,0.0	,538.0	,588.0	,	,	,****,****,****,****,,否,否,	,	,	,否,	,	,	,	,	,	,	,	,	,	,	,	,否,否,	,否,	,,	,否,	,否,,,否
【重磅新品】云米净水器600G小海豚升级版厨下式RO反渗透直饮家用,251113-514012025250509,已发货，待收货,1	,正常,2025-11-13 09:10:29,2025-11-14 09:10:29,,2025-11-13 17:48:58,	,225501370546	,【24年新品】600G升级版6年长效,1600502140541	,厨房电器,净水器/净水设备及配件耗材,净水器,	,6923185653684	,6923185616399	,	,	,无售后或售后取消,,2025-11-13 09:10:29,	,,,,,,,否,否,	,否,	,,559.0	,0.0	,10.0	,0.0	,0.0	,0.0	,0.0	,0.0	,549.0	,549.0	,JDV024044087357,京东大件物流,河北省,廊坊市,三河市,,,否,否,	,	,	,否,	,	,	,	,	,	,	,	,	,	,	,	,否,否,	,否,否,,	,否,	,否,,,否
【重磅新品】云米净水器600G小海豚升级版厨下式RO反渗透直饮家用,251113-209295797901623,已发货，待收货,1	,正常,2025-11-13 09:09:27,2025-11-14 09:09:27,,2025-11-13 17:48:58,	,225501370546	,【24年新品】600G升级版6年长效,1600502140541	,厨房电器,净水器/净水设备及配件耗材,净水器,	,6923185653684	,6923185616399	,	,	,无售后或售后取消,,2025-11-13 09:09:27,	,,,,,,,否,否,	,否,	,,559.0	,0.0	,10.0	,0.0	,0.0	,0.0	,0.0	,0.0	,549.0	,549.0	,JDV024044075585,京东大件物流,山东省,潍坊市,青州市,,,否,否,	,	,	,否,	,	,	,	,	,	,	,	,	,	,	,	,否,否,	,否,否,,	,否,	,否,,,否
云米净水器滤芯家用小海豚小蓝调小白龙系列专用RO反渗透,251113-275618261282027,已发货，待收货,1	,正常,2025-11-13 09:08:50,2025-11-15 09:08:50,,2025-11-13 14:38:56,	,232467205433	,5in1 复合滤芯,1647394585330	,厨房电器,净水器/净水设备及配件耗材,净水器配件耗材,	,6923185627425	,	,补差后返 到手价109,	,无售后或售后取消,,2025-11-13 09:08:50,	,,,,,,,否,否,	,否,	,,149.0	,0.0	,0.0	,0.0	,0.0	,0.0	,0.0	,0.0	,149.0	,149.0	,JDV024040116649,京东大件物流,湖北省,武汉市,蔡甸区,,,否,否,	,	,	,否,	,	,	,	,	,	,	,	,	,	,	,	,否,否,	,否,否,,	,否,	,否,,,否
云米16即热零冷水燃气热水器智能低水压双调恒温防冻安全保护速热,251113-624626245262912,未发货，退款成功,1	,正常,2025-11-13 09:05:04,2025-11-14 09:05:05,,	,	,216845252864	,云米即开即热16L零冷水热水器,1731415907130	,大家电,热水器,燃气热水器,	,6923185611226	,6923185611226	,聚水潭已取消发货 已退款 卫11.13,	,退款成功,,2025-11-13 09:05:05,	,,,,,,,否,否,	,否,	,,899.0	,0.0	,0.0	,0.0	,0.0	,0.0	,0.0	,0.0	,899.0	,899.0	,	,	,甘肃省,天水市,秦州区,,,否,否,	,	,	,否,	,	,	,	,	,	,	,	,	,	,	,	,否,否,	,否,否,,	,否,	,否,,,否
云米小厨宝6L电热水器厨房卫生间出水恒温储水式小型速热神器加热,251113-080446778980309,未发货，退款成功,1	,正常,2025-11-13 09:02:59,2025-11-14 09:02:59,,	,	,208073193570	,热水即刻有-【6L】,1801828025682	,大家电,热水器,厨宝,	,6923185611233	,6923185611233	,聚水潭已取消发货 已退款 卫11.13,	,退款成功,,2025-11-13 09:02:59,	,,,,,,,否,否,	,否,	,,280.0	,0.0	,0.0	,0.0	,0.0	,0.0	,0.0	,0.0	,280.0	,280.0	,	,	,福建省,福州市,鼓楼区,,,否,否,	,	,	,否,	,	,	,	,	,	,	,	,	,	,	,	,否,否,	,否,否,,	,否,	,否,,,否
云米小厨宝6L即热式厨房台下洗碗热水宝上出水储水式小型电热水器,251113-238530106980309,已收货,1	,正常,2025-11-13 09:04:21,2025-11-14 09:04:21,,2025-11-13 14:38:56,2025-11-18 10:46:42,205451808289	,"热水即刻有6L,小厨宝",1752480784258	,大家电,热水器,电热水器,	,6923185611233	,6923185611233	,	,	,无售后或售后取消,,2025-11-13 09:04:21,	,,,,,,,否,否,	,否,	,,289.0	,0.0	,0.0	,14.45	,0.0	,0.0	,0.0	,0.0	,274.55	,289.0	,JDV024040612170,京东大件物流,福建省,福州市,鼓楼区,,,否,否,	,	,	,否,	,	,	,	,	,	,	,	,	,	,	,	,否,否,	,否,否,,	,否,	,否,,,否
云米净水器滤芯家用小海豚小蓝调小白龙系列专用RO反渗透,251113-234839150882027,未发货，退款成功,1	,正常,2025-11-13 08:57:43,2025-11-15 08:57:43,,	,	,232467205433	,5in1 复合滤芯,1647394585330	,厨房电器,净水器/净水设备及配件耗材,净水器配件耗材,	,6923185627425	,	,补差后返 到手价109元==聚水潭已取消发货 已退款 卫11.13,	,退款成功,,2025-11-13 08:57:43,	,,,,,,,否,否,	,否,	,,149.0	,0.0	,0.0	,5.0	,0.0	,0.0	,0.0	,0.0	,144.0	,149.0	,	,	,湖北省,武汉市,蔡甸区,,,否,否,	,	,	,否,	,	,	,	,	,	,	,	,	,	,	,	,否,否,	,否,否,,	,否,	,否,,,否
【重磅新品】云米净水器600G小海豚升级版厨下式RO反渗透直饮家用,251113-004676729270960,已发货，待收货,1	,正常,2025-11-13 08:48:56,2025-11-14 08:48:57,,2025-11-13 17:48:58,	,225501370546	,【24年新品】600G升级版6年长效,1600502140541	,厨房电器,净水器/净水设备及配件耗材,净水器,	,6923185653684	,6923185616399	,	,	,无售后或售后取消,,2025-11-13 08:48:57,	,,,,,,,否,否,	,否,	,,559.0	,0.0	,10.0	,0.0	,0.0	,0.0	,0.0	,0.0	,549.0	,549.0	,JDV024040746135,京东大件物流,河南省,漯河市,郾城区,,,否,否,	,	,	,否,	,	,	,	,	,	,	,	,	,	,	,	,否,否,	,否,否,,	,否,	,否,,,否
【重磅新品】云米净水器600G小海豚升级版厨下式RO反渗透直饮家用,251113-628138985050378,已取消,1	,正常,	,	,,	,	,225501370546	,【24年新品】600G升级版6年长效,1600502140541	,厨房电器,净水器/净水设备及配件耗材,净水器,	,6923185653684	,6923185616399	,	,	,无售后或售后取消,,	,	,,,,,,,否,否,	,否,	,,559.0	,0.0	,10.0	,0.0	,0.0	,0.0	,0.0	,0.0	,549.0	,549.0	,	,	,****,****,****,****,,否,否,	,	,	,否,	,	,	,	,	,	,	,	,	,	,	,	,否,否,	,否,	,,	,否,	,否,,,否
【重磅新品】云米净水器600G小海豚升级版厨下式RO反渗透直饮家用,251113-162340544110886,已收货,1	,正常,2025-11-13 08:45:19,2025-11-14 08:45:19,,2025-11-13 17:48:58,2025-11-16 09:00:17,225501370546	,【24年新品】600G升级版6年长效,1600502140541	,厨房电器,净水器/净水设备及配件耗材,净水器,	,6923185653684	,6923185616399	,	,	,无售后或售后取消,,2025-11-13 08:45:19,	,,,,,,,否,否,	,否,	,,559.0	,0.0	,10.0	,50.0	,0.0	,0.0	,0.0	,0.0	,499.0	,549.0	,JDV024040708891,京东大件物流,山东省,临沂市,蒙阴县,,,否,否,	,	,	,否,	,	,	,	,	,	,	,	,	,	,	,	,否,否,	,否,否,,	,否,	,否,,,否
【母婴直饮】云米净水器 SE 600G+ 新升级厨下式RO反渗透直饮家用,251113-479943728660672,已发货，待收货,1	,正常,2025-11-13 08:27:15,2025-11-14 08:27:15,,2025-11-13 17:48:59,	,819506595979	,【24年新品】600G升级版6年长效,1787046011387	,厨房电器,净水器/净水设备及配件耗材,净水器,	,6923185653684	,6923185616399	,	,	,无售后或售后取消,,2025-11-13 08:27:15,	,,,,,,,否,否,	,否,	,,748.0	,0.0	,138.41	,95.94	,0.0	,0.0	,0.0	,0.0	,513.65	,609.59	,JDV024040799278,京东大件物流,内蒙古自治区,赤峰市,敖汉旗,,,否,否,	,	,	,否,	,	,	,	,	,	,	,	,	,	,	,	,否,否,	,否,否,,	,否,	,否,,,否
【重磅新品】云米净水器600G小海豚升级版厨下式RO反渗透直饮家用,251113-265289746010578,已收货,1	,正常,2025-11-13 08:24:11,2025-11-14 08:24:11,,2025-11-13 17:48:58,2025-11-15 14:42:23,225501370546	,【24年新品】600G升级版6年长效,1600502140541	,厨房电器,净水器/净水设备及配件耗材,净水器,	,6923185653684	,6923185616399	,	,	,无售后或售后取消,,2025-11-13 08:24:11,	,,,,,,,否,否,	,否,	,,559.0	,0.0	,10.0	,0.0	,2.74	,0.0	,0.0	,0.0	,549.0	,549.0	,JDV024040755476,京东大件物流,山东省,临沂市,兰山区,,,否,否,	,	,	,否,	,	,	,	,	,	,	,	,	,	,	,	,否,否,	,否,否,,	,否,	,否,,,否
云米水槽下水器垃圾处理器粉碎机下水道厨余搅碎机抑菌厨房家用,251113-358843717170174,已取消,1	,正常,	,	,,	,	,852614628903	,【智能】厨余垃圾处理器,1812695452997	,厨房电器,食物垃圾处理机,食物垃圾处理机,	,6923185610250	,6923185610250	,	,	,无售后或售后取消,,	,	,,,,,,,否,否,	,否,	,,889.0	,0.0	,48.0	,32.0	,0.0	,0.0	,0.0	,0.0	,809.0	,841.0	,	,	,****,****,****,****,,否,否,	,	,	,否,	,	,	,	,	,	,	,	,	,	,	,	,否,否,	,否,	,,	,否,	,否,,,否
云米智能AI门锁3D指纹密码蓝牙可连大容量续航家用公寓自动安全,251113-074218258802349,已取消,1	,正常,	,	,,	,	,743885774552	,"云米蓝调指纹密码锁LBT11C,黑色",1734954999916	,基础建材,智能门锁/电子锁,智能门锁/电子锁,	,6923185655381	,6923185655381	,	,	,无售后或售后取消,,	,	,,,,,,,否,否,	,否,	,,661.0	,0.0	,76.0	,24.0	,0.0	,0.0	,0.0	,0.0	,561.0	,585.0	,	,	,****,****,****,****,,否,否,	,	,	,否,	,	,	,	,	,	,	,	,	,	,	,	,否,否,	,否,	,,	,否,	,否,,,否
【重磅新品】云米净水器600G小海豚升级版厨下式RO反渗透直饮家用,251113-396508578100199,已收货,1	,正常,2025-11-13 08:05:21,2025-11-14 08:05:21,,2025-11-13 14:38:56,2025-11-15 17:05:44,225501370546	,【24年新品】600G升级版6年长效,1600502140541	,厨房电器,净水器/净水设备及配件耗材,净水器,	,6923185653684	,6923185616399	,13862842375安装 [viomi英英sk 11/15 18:08],	,无售后或售后取消,,2025-11-13 08:05:21,	,,,,,,,否,否,	,否,	,,559.0	,0.0	,10.0	,0.0	,0.0	,0.0	,0.0	,0.0	,549.0	,549.0	,JDV024040627532,京东大件物流,江苏省,南通市,海门区,,,否,否,	,	,	,否,	,	,	,	,	,	,	,	,	,	,	,	,否,否,	,否,否,,	,否,	,否,,,否
【重磅新品】云米净水器600G小海豚升级版厨下式RO反渗透直饮家用,251113-048538621582178,已取消,1	,正常,	,	,,	,	,225501370546	,【24年新品】600G升级版6年长效,1600502140541	,厨房电器,净水器/净水设备及配件耗材,净水器,	,6923185653684	,6923185616399	,	,	,无售后或售后取消,,	,	,,,,,,,否,否,	,否,	,,559.0	,0.0	,10.0	,54.9	,0.0	,0.0	,0.0	,0.0	,494.1	,549.0	,	,	,****,****,****,****,,否,否,	,	,	,否,	,	,	,	,	,	,	,	,	,	,	,	,否,否,	,否,	,,	,否,	,否,,,否
【母婴直饮】云米净水器 SE 600G+ 新升级厨下式RO反渗透直饮家用,251113-178520134001840,已发货，待收货,1	,正常,2025-11-13 07:53:33,2025-11-14 07:53:33,,2025-11-13 17:48:58,	,819506595979	,【24年新品】600G升级版6年长效,1787046011387	,厨房电器,净水器/净水设备及配件耗材,净水器,	,6923185653684	,6923185616399	,	,	,无售后或售后取消,,2025-11-13 07:53:33,	,,,,,,,否,否,	,否,	,,748.0	,0.0	,147.6	,50.0	,0.0	,0.0	,0.0	,0.0	,550.4	,600.4	,JDV024040813446,京东大件物流,广西壮族自治区,贵港市,平南县,,,否,否,	,	,	,否,	,	,	,	,	,	,	,	,	,	,	,	,否,否,	,否,否,,	,否,	,否,,,否
云米净水器滤芯家用小海豚小蓝调小白龙系列专用RO反渗透,251113-088374013453128,已取消,1	,正常,	,	,,	,	,232467205433	,5in1 复合滤芯,1647394585330	,厨房电器,净水器/净水设备及配件耗材,净水器配件耗材,	,6923185627425	,	,	,	,无售后或售后取消,,	,	,,,,,,,否,否,	,否,	,,149.0	,0.0	,0.0	,0.0	,0.0	,0.0	,0.0	,0.0	,149.0	,149.0	,	,	,****,****,****,****,,否,否,	,	,	,否,	,	,	,	,	,	,	,	,	,	,	,	,否,否,	,否,	,,	,否,	,否,,,否
云米AI油烟机双腔大吸力Smart双腔一级能效23m³大风压智清洁节能,251113-104396276110599,已收货,1	,正常,2025-11-13 07:31:48,2025-11-14 07:31:48,,2025-11-13 17:48:59,2025-11-17 18:14:08,750412983827	,AI双腔强吸油烟机,1737582711971	,大家电,厨房大电,油烟机,	,6923185649229	,6923185649229	,	,	,无售后或售后取消,,2025-11-13 07:31:48,	,,,,,,,否,否,	,否,	,,789.0	,0.0	,0.0	,78.9	,0.0	,0.0	,0.0	,0.0	,710.1	,789.0	,JDV024040704349,京东大件物流,湖南省,长沙市,岳麓区,,,否,否,	,	,	,否,	,	,	,	,	,	,	,	,	,	,	,	,否,否,	,否,否,,	,否,	,否,,,否
云米双腔大吸力手势控制智清洁油烟机聚能猛火灶安全烟灶联动套装,251113-363960789431231,已发货，待收货,1	,正常,2025-11-13 07:19:56,2025-11-14 07:19:56,,2025-11-13 17:48:58,	,818698470695	,"【烟灶套装】双腔劲吸烟机+5.0KW灶,液化气灶",1786567894378	,大家电,厨房大电,烟灶消套装,	,S2509151408001,	,奇门回传单号:JDV024041629385,	,无售后或售后取消,,2025-11-13 07:19:56,	,,,,,,,否,否,	,否,	,,1115.0	,0.0	,60.0	,40.0	,0.0	,0.0	,0.0	,0.0	,1015.0	,1055.0	,JDV024041636630,京东大件物流,山东省,青岛市,莱西市,,,否,否,	,	,	,否,	,	,	,	,	,	,	,	,	,	,	,	,否,否,	,否,否,,	,否,	,否,,,否
云米双腔大吸力手势控制智清洁油烟机聚能猛火灶安全烟灶联动套装,251113-538559157781652,已取消,1	,正常,	,	,,	,	,818698470695	,"【烟灶套装】双腔劲吸烟机+5.0KW灶,天然气灶",1786567894377	,大家电,厨房大电,烟灶消套装,	,S2209231819001,	,	,	,无售后或售后取消,,	,	,,,,,,,否,否,	,否,	,,1115.0	,0.0	,60.0	,40.0	,0.0	,0.0	,0.0	,0.0	,1015.0	,1055.0	,	,	,****,****,****,****,,否,否,	,	,	,否,	,	,	,	,	,	,	,	,	,	,	,	,否,否,	,否,	,,	,否,	,否,,,否
【重磅新品】云米净水器600G小海豚升级版厨下式RO反渗透直饮家用,251113-664985987500120,已取消,1	,正常,	,	,,	,	,225501370546	,【24年新品】600G升级版6年长效,1600502140541	,厨房电器,净水器/净水设备及配件耗材,净水器,	,6923185653684	,6923185616399	,	,	,无售后或售后取消,,	,	,,,,,,,否,否,	,否,	,,559.0	,0.0	,0.0	,0.0	,0.0	,0.0	,0.0	,0.0	,559.0	,559.0	,	,	,****,****,****,****,,否,否,	,	,	,否,	,	,	,	,	,	,	,	,	,	,	,	,否,否,	,否,	,,	,否,	,否,,,否
云米双腔大吸力手势控制智清洁油烟机聚能猛火灶安全烟灶联动套装,251113-247180858901652,已取消,1	,正常,	,	,,	,	,818698470695	,"【烟灶套装】双腔劲吸烟机+5.0KW灶,天然气灶",1786567894377	,大家电,厨房大电,烟灶消套装,	,S2209231819001,	,	,	,无售后或售后取消,,	,	,,,,,,,否,否,	,否,	,,1115.0	,0.0	,60.0	,40.0	,0.0	,0.0	,0.0	,0.0	,1015.0	,1055.0	,	,	,****,****,****,****,,否,否,	,	,	,否,	,	,	,	,	,	,	,	,	,	,	,	,否,否,	,否,	,,	,否,	,否,,,否
云米顶侧大吸力蓝调油烟机家用厨房节能自清洁一级能效可挥手智控,251113-670312763712545,已取消,1	,正常,	,	,,	,	,657344402006	,云米智清洁挥手智控单烟机,1723825075586	,大家电,厨房大电,油烟机,	,6923185650973	,6923185650973	,	,	,无售后或售后取消,,	,	,,,,,,,否,否,	,否,	,,789.0	,0.0	,0.0	,39.45	,0.0	,0.0	,0.0	,0.0	,749.55	,789.0	,	,	,****,****,****,****,,否,否,	,	,	,否,	,	,	,	,	,	,	,	,	,	,	,	,否,否,	,否,	,,	,否,	,否,,,否
云米AI油烟机双腔大吸力Smart双腔一级能效23m³大风压智清洁节能,251113-504658685492426,未发货，退款成功,1	,正常,2025-11-13 06:21:40,2025-11-14 06:21:40,,	,	,750412983827	,AI双腔强吸油烟机,1737582711971	,大家电,厨房大电,油烟机,	,6923185649229	,6923185649229	,聚水潭已取消发货 已退款 卫11.13,	,退款成功,,2025-11-13 06:21:40,	,,,,,,,否,否,	,否,	,,789.0	,0.0	,0.0	,61.0	,0.2	,0.0	,0.0	,0.0	,728.0	,789.0	,	,	,四川省,南充市,顺庆区,,,否,否,	,	,	,否,	,	,	,	,	,	,	,	,	,	,	,	,否,否,	,否,否,,	,否,	,否,,,否
【重磅新品】云米净水器600G小海豚升级版厨下式RO反渗透直饮家用,251113-351744868661346,已取消,1	,正常,	,	,,	,	,225501370546	,【24年新品】600G升级版6年长效,1600502140541	,厨房电器,净水器/净水设备及配件耗材,净水器,	,6923185653684	,6923185616399	,	,	,无售后或售后取消,,	,	,,,,,,,否,否,	,否,	,,559.0	,0.0	,10.0	,0.0	,0.0	,0.0	,0.0	,0.0	,549.0	,549.0	,	,	,****,****,****,****,,否,否,	,	,	,否,	,	,	,	,	,	,	,	,	,	,	,	,否,否,	,否,	,,	,否,	,否,,,否
云米智能电器多功能电烤箱家用烘焙小型蛋糕烤鸡翅披萨全自动16L,251113-492369396104013,未发货，退款成功,1	,正常,2025-11-13 05:44:02,2025-11-15 05:44:02,,	,	,231833573024	,黑色16L,1390597610941	,大家电,全屋互联网智能电器,全屋互联网智能电器,	,6923185603221	,6923185603221	,聚水潭已取消发货 已退款 卫11.13,	,退款成功,,2025-11-13 05:44:02,	,,,,,,,否,否,	,否,	,,174.0	,0.0	,9.0	,0.0	,0.0	,0.0	,0.0	,0.0	,165.0	,165.0	,	,	,湖北省,孝感市,安陆市,,,否,否,	,	,	,否,	,	,	,	,	,	,	,	,	,	,	,	,否,否,	,否,否,,	,否,	,否,,,否
云米智能电器多功能电烤箱家用烘焙小型蛋糕烤鸡翅披萨全自动16L,251113-162172834184013,已取消,1	,正常,	,	,,	,	,231833573024	,黑色16L,1390597610941	,大家电,全屋互联网智能电器,全屋互联网智能电器,	,6923185603221	,6923185603221	,	,	,无售后或售后取消,,	,	,,,,,,,否,否,	,否,	,,174.0	,0.0	,9.0	,0.0	,0.0	,0.0	,0.0	,0.0	,165.0	,165.0	,	,	,****,****,****,****,,否,否,	,	,	,否,	,	,	,	,	,	,	,	,	,	,	,	,否,否,	,否,	,,	,否,	,否,,,否
【母婴直饮】云米净水器 SE 600G+ 新升级厨下式RO反渗透直饮家用,251113-101229607242743,已取消,1	,正常,	,	,,	,	,819506595979	,【24年新品】600G升级版6年长效,1787046011387	,厨房电器,净水器/净水设备及配件耗材,净水器,	,6923185653684	,6923185616399	,	,	,无售后或售后取消,,	,	,,,,,,,否,否,	,否,	,,748.0	,0.0	,137.6	,100.0	,0.0	,0.0	,0.0	,0.0	,510.4	,610.4	,	,	,****,****,****,****,,否,否,	,	,	,否,	,	,	,	,	,	,	,	,	,	,	,	,否,否,	,否,	,,	,否,	,否,,,否
云米即热净水器厨房家用直饮RO反渗透加热净饮一体机1000G,251113-372831742343242,已发货，待收货,1	,正常,2025-11-13 05:36:10,2025-11-14 05:36:11,,2025-11-13 17:48:59,	,846360072018	,即热直饮 1000G大通量,1807240839093	,厨房电器,净水器/净水设备及配件耗材,净水器,	,6923185651116	,6923185651116	,18013037900安装 [viomi英英sk 11/15 16:22],	,无售后或售后取消,,2025-11-13 05:36:11,	,,,,,,,否,否,	,否,	,,1498.0	,0.0	,60.0	,40.0	,0.0	,0.0	,0.0	,0.0	,1398.0	,1438.0	,JDV024040716201,京东大件物流,江苏省,南京市,六合区,,,否,否,	,	,	,否,	,	,	,	,	,	,	,	,	,	,	,	,否,否,	,否,否,,	,否,	,否,,,否
云米即热净水器厨房家用直饮RO反渗透加热净饮一体机1000G,251113-022418572863250,已取消,1	,正常,	,	,,	,	,846360072018	,即热直饮 1000G大通量,1807240839093	,厨房电器,净水器/净水设备及配件耗材,净水器,	,6923185651116	,6923185651116	,	,	,无售后或售后取消,,	,	,,,,,,,否,否,	,否,	,,1498.0	,0.0	,0.0	,100.0	,0.0	,0.0	,0.0	,0.0	,1398.0	,1498.0	,	,	,****,****,****,****,,否,否,	,	,	,否,	,	,	,	,	,	,	,	,	,	,	,	,否,否,	,否,	,,	,否,	,否,,,否
【重磅新品】云米净水器600G小海豚升级版厨下式RO反渗透直饮家用,251113-660948980021346,已取消,1	,正常,	,	,,	,	,225501370546	,【24年新品】600G升级版6年长效,1600502140541	,厨房电器,净水器/净水设备及配件耗材,净水器,	,6923185653684	,6923185616399	,	,	,无售后或售后取消,,	,	,,,,,,,否,否,	,否,	,,559.0	,0.0	,0.0	,0.0	,0.0	,0.0	,0.0	,0.0	,559.0	,559.0	,	,	,****,****,****,****,,否,否,	,	,	,否,	,	,	,	,	,	,	,	,	,	,	,	,否,否,	,否,	,,	,否,	,否,,,否
【重磅新品】云米净水器600G小海豚升级版厨下式RO反渗透直饮家用,251113-308071698741346,已取消,1	,正常,	,	,,	,	,225501370546	,【24年新品】600G升级版6年长效,1600502140541	,厨房电器,净水器/净水设备及配件耗材,净水器,	,6923185653684	,6923185616399	,	,	,无售后或售后取消,,	,	,,,,,,,否,否,	,否,	,,559.0	,0.0	,10.0	,0.0	,0.0	,0.0	,0.0	,0.0	,549.0	,549.0	,	,	,****,****,****,****,,否,否,	,	,	,否,	,	,	,	,	,	,	,	,	,	,	,	,否,否,	,否,	,,	,否,	,否,,,否
【重磅新品】云米净水器600G小海豚升级版厨下式RO反渗透直饮家用,251113-222507845203372,已取消,1	,正常,	,	,,	,	,225501370546	,【24年新品】600G升级版6年长效,1600502140541	,厨房电器,净水器/净水设备及配件耗材,净水器,	,6923185653684	,6923185616399	,	,	,无售后或售后取消,,	,	,,,,,,,否,否,	,否,	,,559.0	,0.0	,10.0	,0.0	,0.0	,0.0	,0.0	,0.0	,549.0	,549.0	,	,	,****,****,****,****,,否,否,	,	,	,否,	,	,	,	,	,	,	,	,	,	,	,	,否,否,	,否,	,,	,否,	,否,,,否
【重磅新品】云米净水器600G小海豚升级版厨下式RO反渗透直饮家用,251113-610313182730565,已收货,1	,正常,2025-11-13 04:44:52,2025-11-14 04:44:53,,2025-11-13 12:10:29,2025-11-16 16:59:20,225501370546	,【24年新品】600G升级版6年长效,1600502140541	,厨房电器,净水器/净水设备及配件耗材,净水器,	,6923185653684	,6923185616399	,	,	,无售后或售后取消,,2025-11-13 04:44:53,	,,,,,,,否,否,	,否,	,,559.0	,0.0	,0.0	,55.9	,6.0	,0.0	,0.0	,0.0	,503.1	,559.0	,JDV024037543663,京东大件物流,四川省,宜宾市,翠屏区,,,否,否,	,	,	,否,	,	,	,	,	,	,	,	,	,	,	,	,否,否,	,否,否,,	,否,	,否,,,否
【母婴直饮】云米净水器 SE 600G+ 新升级厨下式RO反渗透直饮家用,251113-226838526351080,已取消,1	,正常,	,	,,	,	,819506595979	,【24年新品】600G升级版6年长效,1787046011387	,厨房电器,净水器/净水设备及配件耗材,净水器,	,6923185653684	,6923185616399	,	,	,无售后或售后取消,,	,	,,,,,,,否,否,	,否,	,,748.0	,0.0	,137.6	,100.0	,0.0	,0.0	,0.0	,0.0	,510.4	,610.4	,	,	,****,****,****,****,,否,否,	,	,	,否,	,	,	,	,	,	,	,	,	,	,	,	,否,否,	,否,	,,	,否,	,否,,,否
【重磅新品】云米净水器600G小海豚升级版厨下式RO反渗透直饮家用,251113-426392972813484,已发货，待收货,1	,正常,2025-11-13 02:30:50,2025-11-14 02:30:51,,2025-11-13 10:06:52,	,225501370546	,【24年新品】600G升级版6年长效,1600502140541	,厨房电器,净水器/净水设备及配件耗材,净水器,	,6923185653684	,6923185616399	,TH2C946342921   SF3277969276808 待退回佛山11.19,	,售后处理中,,2025-11-13 02:30:51,	,,,,,,,否,否,	,否,	,,559.0	,0.0	,10.0	,0.0	,0.0	,0.0	,0.0	,0.0	,549.0	,549.0	,JDV024037531155,京东大件物流,北京市,北京市,顺义区,,,否,否,	,	,	,否,	,	,	,	,	,	,	,	,	,	,	,	,否,否,	,否,否,,	,否,	,否,,,否
【重磅新品】云米净水器600G小海豚升级版厨下式RO反渗透直饮家用,251113-366183728660827,已发货，待收货,1	,正常,2025-11-13 01:57:49,2025-11-14 01:57:49,,2025-11-13 10:06:52,	,225501370546	,【24年新品】600G升级版6年长效,1600502140541	,厨房电器,净水器/净水设备及配件耗材,净水器,	,6923185653684	,6923185616399	,	,	,无售后或售后取消,,2025-11-13 01:57:49,	,,,,,,,否,否,	,否,	,,559.0	,0.0	,10.0	,0.0	,0.0	,0.0	,0.0	,0.0	,549.0	,549.0	,JDV024037542287,京东大件物流,广东省,广州市,番禺区,,,否,否,	,	,	,否,	,	,	,	,	,	,	,	,	,	,	,	,否,否,	,否,否,,	,否,	,否,,,否
云米AI油烟机双腔大吸力Smart双腔一级能效23m³大风压智清洁节能,251113-150544064073471,已收货,1	,正常,2025-11-13 01:57:05,2025-11-14 01:57:05,,2025-11-13 17:48:59,2025-11-17 20:00:36,750412983827	,AI双腔强吸油烟机,1737582711971	,大家电,厨房大电,油烟机,	,6923185649229	,6923185649229	,	,	,无售后或售后取消,,2025-11-13 01:57:05,	,,,,,,,否,否,	,否,	,,789.0	,0.0	,0.0	,39.45	,0.0	,0.0	,0.0	,0.0	,749.55	,789.0	,JDV024040738907,京东大件物流,天津市,天津市,北辰区,,,否,否,	,	,	,否,	,	,	,	,	,	,	,	,	,	,	,	,否,否,	,否,否,,	,否,	,否,,,否
【重磅新品】云米净水器600G小海豚升级版厨下式RO反渗透直饮家用,251113-487965365880214,已取消,1	,正常,	,	,,	,	,225501370546	,【24年新品】600G升级版6年长效,1600502140541	,厨房电器,净水器/净水设备及配件耗材,净水器,	,6923185653684	,6923185616399	,	,	,无售后或售后取消,,	,	,,,,,,,否,否,	,否,	,,559.0	,0.0	,0.0	,0.0	,0.0	,0.0	,0.0	,0.0	,559.0	,559.0	,	,	,****,****,****,****,,否,否,	,	,	,否,	,	,	,	,	,	,	,	,	,	,	,	,否,否,	,否,	,,	,否,	,否,,,否
【重磅新品】云米净水器600G小海豚升级版厨下式RO反渗透直饮家用,251113-426822889080214,已取消,1	,正常,	,	,,	,	,225501370546	,【24年新品】600G升级版6年长效,1600502140541	,厨房电器,净水器/净水设备及配件耗材,净水器,	,6923185653684	,6923185616399	,	,	,无售后或售后取消,,	,	,,,,,,,否,否,	,否,	,,559.0	,0.0	,10.0	,0.0	,0.0	,0.0	,0.0	,0.0	,549.0	,549.0	,	,	,****,****,****,****,,否,否,	,	,	,否,	,	,	,	,	,	,	,	,	,	,	,	,否,否,	,否,	,,	,否,	,否,,,否
【重磅新品】云米净水器600G小海豚升级版厨下式RO反渗透直饮家用,251113-556447854220559,已发货，待收货,1	,正常,2025-11-13 01:32:57,2025-11-14 01:32:58,,2025-11-13 17:48:59,	,225501370546	,【24年新品】600G升级版6年长效,1600502140541	,厨房电器,净水器/净水设备及配件耗材,净水器,	,6923185653684	,6923185616399	,	,	,无售后或售后取消,,2025-11-13 01:32:58,	,,,,,,,否,否,	,否,	,,559.0	,0.0	,10.0	,0.0	,0.0	,0.0	,0.0	,0.0	,549.0	,549.0	,JDV024040724642,京东大件物流,山西省,临汾市,尧都区,,,否,否,	,	,	,否,	,	,	,	,	,	,	,	,	,	,	,	,否,否,	,否,否,,	,否,	,否,,,否
【重磅新品】云米净水器600G小海豚升级版厨下式RO反渗透直饮家用,251113-483959774720138,已发货，退款成功,1	,正常,2025-11-13 01:20:17,2025-11-14 01:20:17,,2025-11-13 17:48:59,	,225501370546	,【24年新品】600G升级版6年长效,1600502140541	,厨房电器,净水器/净水设备及配件耗材,净水器,	,6923185653684	,6923185616399	,拦截ZX2511140065992,	,退款成功,,2025-11-13 01:20:17,	,,,,,,,否,否,	,否,	,,559.0	,0.0	,10.0	,0.0	,0.0	,0.0	,0.0	,0.0	,549.0	,549.0	,JDV024040718945,京东大件物流,福建省,福州市,连江县,,,否,否,	,	,	,否,	,	,	,	,	,	,	,	,	,	,	,	,否,否,	,否,否,,	,否,	,否,,,否
【重磅新品】云米净水器600G小海豚升级版厨下式RO反渗透直饮家用,251113-548803724903610,已发货，待收货,1	,正常,2025-11-13 00:32:22,2025-11-14 00:32:22,,2025-11-13 10:06:52,	,225501370546	,【24年新品】600G升级版6年长效,1600502140541	,厨房电器,净水器/净水设备及配件耗材,净水器,	,6923185653684	,6923185616399	,	,	,无售后或售后取消,,2025-11-13 00:32:22,	,,,,,,,否,否,	,否,	,,559.0	,0.0	,0.0	,55.9	,0.0	,0.0	,0.0	,0.0	,503.1	,559.0	,JDV024037543646,京东大件物流,广东省,广州市,花都区,,,否,否,	,	,	,否,	,	,	,	,	,	,	,	,	,	,	,	,否,否,	,否,是,3	,商家,否,	,否,,花呗分期,否
【重磅新品】云米净水器600G小海豚升级版厨下式RO反渗透直饮家用,251113-441429552793346,已发货，待收货,1	,正常,2025-11-13 00:02:44,2025-11-14 00:02:45,,2025-11-13 10:06:52,	,225501370546	,【24年新品】600G升级版6年长效,1600502140541	,厨房电器,净水器/净水设备及配件耗材,净水器,	,6923185653684	,6923185616399	,	,	,无售后或售后取消,,2025-11-13 00:02:45,	,,,,,,,否,否,	,否,	,,559.0	,0.0	,10.0	,54.9	,0.0	,0.0	,0.0	,0.0	,494.1	,549.0	,JDV024037543610,京东大件物流,山东省,烟台市,莱山区,,,否,否,	,	,	,否,	,	,	,	,	,	,	,	,	,	,	,	,否,否,	,否,否,,	,否,	,否,,,否