商品,订单号,订单状态,商品数量(件),是否审核中,支付时间,承诺发货时间,承诺送达时间,发货时间,确认收货时间,商品id,商品规格,样式ID,商品一级类目,商品二级类目,商品三级类目,商品四级类目,商家编码-规格维度,商家编码-商品维度,商家备注,买家留言,售后状态,消费者资料,订单成交时间,消费者资料上传时间,赠品名称,赠品id,赠品规格,赠品数量,团ID,团身份,是否已开始配送,配送员是否已送达,配送状态,同城是否普通快递,集运类型,赠品订单号,商品总价(元),邮费(元),店铺优惠折扣(元),平台优惠折扣(元),多多支付立减金额(元),上门安装费(元),送货入户费(元),送货入户并安装费(元),用户实付金额(元),商家实收金额(元),快递单号,快递公司,省,市,区,街道/镇,配送员手机号,是否抽奖或0元试用,是否顺丰加价,用户购买手机号,旅行类信息,充值号码,是否门店自提,门店名称,门店自定义编码,关联货品编码,货品名称,货品类型,子货品,仓库名称,仓库所在地址,海淘清关订单号,支付ID,支付方式,保税仓,是否直播间成交,是否直播间引导成交,预约配送时间,是否节能补贴,是否分期,分期期数,手续费承担方,是否无痕发货,订单来源,是否社区团购,小区送达情况,分期方式,是否已上传证件照片
【小海豚1000G管线机套装】云米净水器家用厨下一键即热制冷直饮,251023-425349639693801,待发货,1	,正常,2025-10-23 23:59:35,2025-10-24 23:59:35,,	,	,246986456918	,【0陈水冷热2件套】1000G+管线机2E,1751903219858	,厨房电器,净水器/净水设备及配件耗材,净水器,	,S2503111808001,	,	,	,无售后或售后取消,,2025-10-23 23:59:35,	,,,,,,,否,否,	,否,	,,1824.0	,0.0	,364.8	,0.0	,0.0	,0.0	,0.0	,0.0	,1459.2	,1459.2	,	,	,山西省,朔州市,朔城区,,,否,否,	,	,	,否,	,	,	,	,	,	,	,	,	,	,	,	,否,否,	,否,否,,	,否,	,否,,,否
【冷热直饮套装】云米净水器家用厨下管线机套装一键即热制冷直饮,251023-262128289293801,未发货，退款成功,1	,正常,2025-10-23 23:52:21,2025-10-24 23:52:21,,	,	,480070620581	,【冷热净水直饮套装】新品净水器+冷热管线机,1620106386127	,厨房电器,净水器/净水设备及配件耗材,净水器,	,S2407170910001,	,	,	,退款成功,,2025-10-23 23:52:21,	,,,,,,,否,否,	,否,	,,1429.0	,0.0	,0.0	,0.0	,0.0	,0.0	,0.0	,0.0	,1429.0	,1429.0	,	,	,山西省,朔州市,朔城区,,,否,否,	,	,	,否,	,	,	,	,	,	,	,	,	,	,	,	,否,否,	,否,否,,	,否,	,否,,,否
【重磅新品】云米净水器600G小海豚升级版厨下式RO反渗透直饮家用,251023-246630356572859,已取消,1	,正常,	,	,,	,	,225501370546	,【24年新品】600G升级版6年长效,1600502140541	,厨房电器,净水器/净水设备及配件耗材,净水器,	,6923185653684	,6923185616399	,	,	,无售后或售后取消,,	,	,,,,,,,否,否,	,否,	,,559.0	,0.0	,0.0	,0.0	,0.0	,0.0	,0.0	,0.0	,559.0	,559.0	,	,	,****,****,****,****,,否,否,	,	,	,否,	,	,	,	,	,	,	,	,	,	,	,	,否,否,	,否,	,,	,否,	,否,,,否
【重磅新品】云米净水器600G小海豚升级版厨下式RO反渗透直饮家用,251023-596167934342420,待发货,1	,正常,2025-10-23 23:45:26,2025-10-24 23:45:27,,	,	,225501370546	,【24年新品】600G升级版6年长效,1600502140541	,厨房电器,净水器/净水设备及配件耗材,净水器,	,6923185653684	,6923185616399	,	,	,无售后或售后取消,,2025-10-23 23:45:27,	,,,,,,,否,否,	,否,	,,559.0	,0.0	,0.0	,0.0	,0.0	,0.0	,0.0	,0.0	,559.0	,559.0	,	,	,江西省,九江市,庐山市,,,否,否,	,	,	,否,	,	,	,	,	,	,	,	,	,	,	,	,否,是,	,否,否,,	,否,	,否,,,否
【重磅新品】云米净水器600G小海豚升级版厨下式RO反渗透直饮家用,251023-309052075663165,已取消,1	,正常,	,	,,	,	,225501370546	,【24年新品】600G升级版6年长效,1600502140541	,厨房电器,净水器/净水设备及配件耗材,净水器,	,6923185653684	,6923185616399	,	,	,无售后或售后取消,,	,	,,,,,,,否,否,	,否,	,,559.0	,0.0	,0.0	,0.0	,0.0	,0.0	,0.0	,0.0	,559.0	,559.0	,	,	,****,****,****,****,,否,否,	,	,	,否,	,	,	,	,	,	,	,	,	,	,	,	,否,否,	,否,	,,	,否,	,否,,,否
云米60升AI速热高温抑菌电热水器3000W一级节能变频增容家用租房,251023-101507479861129,待发货,1	,正常,2025-10-23 23:33:55,2025-10-24 23:33:56,,	,	,226368376224	,3000W速热安全60L热水器,1737176648260	,大家电,热水器,电热水器,	,6923185602224	,6923185602224	,	,	,无售后或售后取消,,2025-10-23 23:33:56,	,,,,,,,否,否,	,否,	,,610.0	,0.0	,0.0	,54.33	,0.0	,0.0	,0.0	,0.0	,555.67	,610.0	,	,	,广东省,广州市,番禺区,,,否,否,	,	,	,否,	,	,	,	,	,	,	,	,	,	,	,	,否,否,	,否,否,,	,否,	,否,,,否
云米净水器滤芯小蓝调小海豚600G+专用复合滤芯RO反渗透滤芯过滤,251023-230608126350845,待发货,1	,正常,2025-10-23 23:21:13,2025-10-24 23:21:13,,	,	,296967601341	,5in1复合滤芯 2年长效,1600193054565	,厨房电器,净水器/净水设备及配件耗材,净水器,	,6923185627425	,	,到手价99,是购新机，加99元购买，我现在付款299元。,无售后或售后取消,,2025-10-23 23:21:13,	,,,,,,,否,否,	,否,	,,299.0	,0.0	,0.0	,0.0	,0.0	,0.0	,0.0	,0.0	,299.0	,299.0	,	,	,陕西省,西安市,雁塔区,,,否,否,	,	,	,否,	,	,	,	,	,	,	,	,	,	,	,	,否,是,	,否,否,,	,否,	,否,,,否
【重磅新品】云米净水器600G小海豚升级版厨下式RO反渗透直饮家用,251023-221862991502878,已取消,1	,正常,	,	,,	,	,225501370546	,【24年新品】600G升级版6年长效,1600502140541	,厨房电器,净水器/净水设备及配件耗材,净水器,	,6923185653684	,6923185616399	,	,	,无售后或售后取消,,	,	,,,,,,,否,否,	,否,	,,559.0	,0.0	,0.0	,0.0	,0.0	,0.0	,0.0	,0.0	,559.0	,559.0	,	,	,****,****,****,****,,否,否,	,	,	,否,	,	,	,	,	,	,	,	,	,	,	,	,否,否,	,否,	,,	,否,	,否,,,否
云米净水器滤芯家用小海豚小蓝调小白龙系列专用RO反渗透,251023-510688028981508,待发货,2	,正常,2025-10-23 23:18:39,2025-10-25 23:18:40,,	,	,232467205433	,5in1 复合滤芯,1647394585330	,厨房电器,净水器/净水设备及配件耗材,净水器,	,6923185627425	,	,	,	,无售后或售后取消,,2025-10-23 23:18:40,	,,,,,,,否,否,	,否,	,,298.0	,0.0	,2.98	,0.0	,0.0	,0.0	,0.0	,0.0	,295.02	,295.02	,	,	,天津市,天津市,河西区,,,否,否,	,	,	,否,	,	,	,	,	,	,	,	,	,	,	,	,否,否,	,否,否,,	,否,	,否,,,否
【重磅新品】云米净水器600G小海豚升级版厨下式RO反渗透直饮家用,251023-590715349390845,待发货,1	,正常,2025-10-23 23:15:19,2025-10-24 23:15:19,,	,	,225501370546	,【24年新品】600G升级版6年长效,1600502140541	,厨房电器,净水器/净水设备及配件耗材,净水器,	,6923185653684	,6923185616399	,	,	,无售后或售后取消,,2025-10-23 23:15:19,	,,,,,,,否,否,	,否,	,,559.0	,0.0	,0.0	,0.0	,0.0	,0.0	,0.0	,0.0	,559.0	,559.0	,	,	,陕西省,西安市,雁塔区,,,否,否,	,	,	,否,	,	,	,	,	,	,	,	,	,	,	,	,否,否,	,否,否,,	,否,	,否,,,否
云米即热净水器厨房家用直饮RO反渗透加热净饮一体机1000G,251023-453115963800094,待发货,1	,正常,2025-10-23 23:14:43,2025-10-24 23:14:44,,	,	,364990106384	,即热直饮 1000G大通量,1455593712429	,厨房电器,净水器/净水设备及配件耗材,净水器,	,6923185651116	,6923185651116	,赠送复合滤芯一支,	,无售后或售后取消,,2025-10-23 23:14:44,	,,,,,,,否,否,	,否,	,,1668.85	,0.0	,313.77	,100.0	,0.0	,0.0	,0.0	,0.0	,1255.08	,1355.08	,	,	,河南省,郑州市,巩义市,,,否,否,	,	,	,否,	,	,	,	,	,	,	,	,	,	,	,	,否,否,	,否,否,,	,否,	,否,,,否
云米智能AI门锁3D指纹密码蓝牙可连大容量续航家用公寓自动安全,251023-606821476760037,待发货,1	,正常,2025-10-23 23:11:34,2025-10-24 23:11:34,,	,	,743885774552	,"云米蓝调指纹密码锁LBT11C,黑色",1734954999916	,基础建材,智能门锁/电子锁,智能门锁/电子锁,	,6923185655381	,6923185655381	,	,	,无售后或售后取消,,2025-10-23 23:11:34,	,,,,,,,否,否,	,否,	,,660.0	,0.0	,40.0	,39.0	,1.16	,0.0	,0.0	,0.0	,581.0	,620.0	,	,	,天津市,天津市,武清区,,,否,否,	,	,	,否,	,	,	,	,	,	,	,	,	,	,	,	,否,否,	,否,否,,	,否,	,否,,,否
Viomi云米净水器1000G厨下式RO反渗透直饮过滤器净饮小海豚2,251023-028945989990650,未发货，退款成功,1	,正常,2025-10-23 23:04:18,2025-10-24 23:04:18,,	,	,205458105137	,小海豚2包安装1000G大加仑,1802849942800	,厨房电器,净水器/净水设备及配件耗材,净水器,	,6923185654865	,	,	,	,退款成功,,2025-10-23 23:04:18,	,,,,,,,否,否,	,否,	,,929.0	,0.0	,30.0	,85.0	,0.0	,0.0	,0.0	,0.0	,814.0	,899.0	,	,	,北京市,北京市,延庆区,,,否,否,	,	,	,否,	,	,	,	,	,	,	,	,	,	,	,	,否,是,	,否,否,,	,否,	,否,,,否
Viomi云米净水器1000G厨下式RO反渗透直饮过滤器净饮小海豚2,251023-047736502630650,已取消,1	,正常,	,	,,	,	,205458105137	,小海豚2包安装1000G大加仑,1802849942800	,厨房电器,净水器/净水设备及配件耗材,净水器,	,6923185654865	,	,	,	,无售后或售后取消,,	,	,,,,,,,否,否,	,否,	,,929.0	,0.0	,30.0	,85.0	,0.0	,0.0	,0.0	,0.0	,814.0	,899.0	,	,	,****,****,****,****,,否,否,	,	,	,否,	,	,	,	,	,	,	,	,	,	,	,	,否,否,	,否,	,,	,否,	,否,,,否
云米电热水器家用洗澡租房储水式速热抑菌节能省电卫生间40/60升,251023-545893936741557,待发货,1	,正常,2025-10-23 23:02:40,2025-10-24 23:02:41,,	,	,227645754240	,"速热抑菌洗-40L,全国联保送货上门安装8年质保",1645458252843	,大家电,热水器,电热水器,	,6923185681281	,	,	,	,无售后或售后取消,,2025-10-23 23:02:41,	,,,,,,,否,否,	,否,	,,377.33	,0.0	,0.0	,0.0	,0.0	,0.0	,0.0	,0.0	,377.33	,377.33	,	,	,山东省,济南市,市中区,,,否,否,	,	,	,否,	,	,	,	,	,	,	,	,	,	,	,	,否,否,	,否,否,,	,否,	,否,,,否
云米即热净水器厨房家用直饮RO反渗透加热净饮一体机1000G,251023-608410089880094,未发货，退款成功,1	,正常,2025-10-23 22:57:31,2025-10-24 22:57:32,,	,	,364990106384	,即热直饮 1000G大通量,1455593712429	,厨房电器,净水器/净水设备及配件耗材,净水器,	,6923185651116	,6923185651116	,赠送复合滤芯一支 晒单好评返50,	,退款成功,,2025-10-23 22:57:32,	,,,,,,,否,否,	,否,	,,1668.85	,0.0	,317.08	,83.44	,0.0	,0.0	,0.0	,0.0	,1268.33	,1351.77	,	,	,河南省,郑州市,巩义市,,,否,否,	,	,	,否,	,	,	,	,	,	,	,	,	,	,	,	,否,否,	,否,否,,	,否,	,否,,,否
【重磅新品】云米净水器600G小海豚升级版厨下式RO反渗透直饮家用,251023-565130053262041,待发货,1	,正常,2025-10-23 22:54:38,2025-10-24 22:54:38,,	,	,225501370546	,【24年新品】600G升级版6年长效,1600502140541	,厨房电器,净水器/净水设备及配件耗材,净水器,	,6923185653684	,6923185616399	,	,	,无售后或售后取消,,2025-10-23 22:54:38,	,,,,,,,否,否,	,否,	,,559.0	,0.0	,0.0	,0.0	,2.0	,0.0	,0.0	,0.0	,559.0	,559.0	,	,	,甘肃省,兰州市,城关区,,,否,否,	,	,	,否,	,	,	,	,	,	,	,	,	,	,	,	,否,否,	,否,否,,	,否,	,否,,,否
云米智能AI门锁3D指纹密码蓝牙可连大容量续航家用公寓自动安全,251023-452885245462549,待发货,1	,正常,2025-10-23 22:51:53,2025-10-24 22:51:54,,	,	,743885774552	,"云米蓝调指纹密码锁LBT11C,黑色",1734954999916	,基础建材,智能门锁/电子锁,智能门锁/电子锁,	,6923185655381	,6923185655381	,补差后返到手价590.晒单再返50 主播：小圆 场控：文蓝 权益：直播间抽转盘10元红包,	,无售后或售后取消,,2025-10-23 22:51:54,	,,,,,,,否,否,	,否,	,,660.0	,0.0	,40.0	,50.0	,0.0	,0.0	,0.0	,0.0	,570.0	,620.0	,	,	,安徽省,合肥市,瑶海区,,,否,否,	,	,	,否,	,	,	,	,	,	,	,	,	,	,	,	,是,是,	,否,否,,	,否,	,否,,,否
云米即热净水器厨房家用直饮RO反渗透加热净饮一体机1000G,251023-584942948742836,待发货,1	,正常,2025-10-23 22:50:33,2025-10-24 22:50:34,,	,	,364990106384	,即热直饮 1000G大通量,1455593712429	,厨房电器,净水器/净水设备及配件耗材,净水器,	,6923185651116	,6923185651116	,	,	,无售后或售后取消,,2025-10-23 22:50:34,	,,,,,,,否,否,	,否,	,,1668.85	,0.0	,317.08	,83.44	,0.0	,0.0	,0.0	,0.0	,1268.33	,1351.77	,	,	,江苏省,南京市,浦口区,,,否,否,	,	,	,否,	,	,	,	,	,	,	,	,	,	,	,	,否,否,	,否,是,3	,商家,否,	,否,,花呗分期,否
云米即热净水器厨房家用直饮RO反渗透加热净饮一体机1000G,251023-012399471000094,已取消,1	,正常,	,	,,	,	,364990106384	,即热直饮 1000G大通量,1455593712429	,厨房电器,净水器/净水设备及配件耗材,净水器,	,6923185651116	,6923185651116	,	,	,无售后或售后取消,,	,	,,,,,,,否,否,	,否,	,,1668.85	,0.0	,313.77	,100.0	,0.0	,0.0	,0.0	,0.0	,1255.08	,1355.08	,	,	,****,****,****,****,,否,否,	,	,	,否,	,	,	,	,	,	,	,	,	,	,	,	,否,否,	,否,	,,	,否,	,否,,,否
云米即热净水器厨房家用直饮RO反渗透加热净饮一体机1000G,251023-557197617592691,已取消,1	,正常,	,	,,	,	,364990106384	,即热直饮 1000G大通量,1455593712429	,厨房电器,净水器/净水设备及配件耗材,净水器,	,6923185651116	,6923185651116	,	,	,无售后或售后取消,,	,	,,,,,,,否,否,	,否,	,,1668.85	,0.0	,329.77	,20.0	,0.0	,0.0	,0.0	,0.0	,1319.08	,1339.08	,	,	,****,****,****,****,,否,否,	,	,	,否,	,	,	,	,	,	,	,	,	,	,	,	,否,否,	,否,	,,	,否,	,否,,,否
【重磅新品】云米净水器600G小海豚升级版厨下式RO反渗透直饮家用,251023-330668511622836,未发货，退款成功,1	,正常,2025-10-23 22:46:34,2025-10-24 22:46:34,,	,	,225501370546	,【24年新品】600G升级版6年长效,1600502140541	,厨房电器,净水器/净水设备及配件耗材,净水器,	,6923185653684	,6923185616399	,	,	,退款成功,,2025-10-23 22:46:34,	,,,,,,,否,否,	,否,	,,559.0	,0.0	,0.0	,0.0	,0.2	,0.0	,0.0	,0.0	,559.0	,559.0	,	,	,江苏省,南京市,浦口区,,,否,否,	,	,	,否,	,	,	,	,	,	,	,	,	,	,	,	,否,否,	,否,否,,	,否,	,否,,,否
【重磅新品】云米净水器600G小海豚升级版厨下式RO反渗透直饮家用,251023-143408524950535,已取消,1	,正常,	,	,,	,	,225501370546	,【24年新品】600G升级版6年长效,1600502140541	,厨房电器,净水器/净水设备及配件耗材,净水器,	,6923185653684	,6923185616399	,	,	,无售后或售后取消,,	,	,,,,,,,否,否,	,否,	,,559.0	,0.0	,0.0	,0.0	,0.0	,0.0	,0.0	,0.0	,559.0	,559.0	,	,	,****,****,****,****,,否,否,	,	,	,否,	,	,	,	,	,	,	,	,	,	,	,	,否,否,	,否,	,,	,否,	,否,,,否
云米16即热零冷水燃气热水器智能低水压双调恒温防冻安全保护速热,251023-004472256833845,待发货,1	,正常,2025-10-23 22:41:12,2025-10-24 22:41:12,,	,	,216845252864	,云米即开即热16L零冷水热水器,1731415907130	,大家电,热水器,燃气热水器,	,6923185611226	,6923185611226	,补差后返到手价950，页面的50，一共到手价900 主播：小圆 场控：文蓝 权益：直播间抽转盘10元红包,	,无售后或售后取消,,2025-10-23 22:41:12,	,,,,,,,否,否,	,否,	,,1148.0	,0.0	,0.0	,0.0	,10.0	,0.0	,0.0	,0.0	,1148.0	,1148.0	,	,	,甘肃省,庆阳市,庆城县,,,否,否,	,	,	,否,	,	,	,	,	,	,	,	,	,	,	,	,是,是,	,否,否,,	,否,	,否,,,否
【重磅新品】云米净水器600G小海豚升级版厨下式RO反渗透直饮家用,251023-555776745010640,已取消,1	,正常,	,	,,	,	,225501370546	,【24年新品】600G升级版6年长效,1600502140541	,厨房电器,净水器/净水设备及配件耗材,净水器,	,6923185653684	,6923185616399	,	,	,无售后或售后取消,,	,	,,,,,,,否,否,	,否,	,,559.0	,0.0	,0.0	,3.0	,0.0	,0.0	,0.0	,0.0	,556.0	,559.0	,	,	,****,****,****,****,,否,否,	,	,	,否,	,	,	,	,	,	,	,	,	,	,	,	,否,否,	,否,	,,	,否,	,否,,,否
云米即热净水器厨房家用直饮RO反渗透加热净饮一体机1000G,251023-244931705272691,未发货，退款成功,1	,正常,2025-10-23 22:35:17,2025-10-24 22:35:17,,	,	,364990106384	,即热直饮 1000G大通量,1455593712429	,厨房电器,净水器/净水设备及配件耗材,净水器,	,6923185651116	,6923185651116	,	,	,退款成功,,2025-10-23 22:35:17,	,,,,,,,否,否,	,否,	,,1668.85	,0.0	,317.08	,83.44	,0.0	,0.0	,0.0	,0.0	,1268.33	,1351.77	,	,	,河南省,郑州市,巩义市,,,否,否,	,	,	,否,	,	,	,	,	,	,	,	,	,	,	,	,否,否,	,否,否,,	,否,	,否,,,否
VIOMI云米净水器1000G厨下直饮小体积净水机RO机智显龙头3秒满杯,251023-062274998570641,未发货，退款成功,1	,正常,2025-10-23 22:33:28,2025-10-24 22:33:28,,	,	,309517106373	,复合滤芯,1803020722098	,厨房电器,净水器/净水设备及配件耗材,净水器,	,6923185653998	,	,	,	,退款成功,,2025-10-23 22:33:28,	,,,,,,,否,否,	,否,	,,299.0	,0.0	,0.0	,17.38	,0.0	,0.0	,0.0	,0.0	,281.62	,299.0	,	,	,上海市,上海市,杨浦区,,,否,否,	,	,	,否,	,	,	,	,	,	,	,	,	,	,	,	,否,否,	,否,否,,	,否,	,否,,,否
【重磅新品】云米净水器600G小海豚升级版厨下式RO反渗透直饮家用,251023-178472906323230,未发货，退款成功,1	,正常,2025-10-23 22:32:17,2025-10-24 22:32:18,,	,	,225501370546	,【24年新品】600G升级版6年长效,1600502140541	,厨房电器,净水器/净水设备及配件耗材,净水器,	,6923185653684	,6923185616399	,	,	,退款成功,,2025-10-23 22:32:18,	,,,,,,,否,否,	,否,	,,559.0	,0.0	,0.0	,55.9	,0.0	,0.0	,0.0	,0.0	,503.1	,559.0	,	,	,湖南省,长沙市,浏阳市,,,否,否,	,	,	,否,	,	,	,	,	,	,	,	,	,	,	,	,否,否,	,否,否,,	,否,	,否,,,否
云米即热净水器厨房家用直饮RO反渗透加热净饮一体机1000G,251023-037921789580298,已取消,1	,正常,	,	,,	,	,364990106384	,即热直饮 1000G大通量,1455593712429	,厨房电器,净水器/净水设备及配件耗材,净水器,	,6923185651116	,6923185651116	,	,	,无售后或售后取消,,	,	,,,,,,,否,否,	,否,	,,1668.85	,0.0	,313.77	,100.0	,0.0	,0.0	,0.0	,0.0	,1255.08	,1355.08	,	,	,****,****,****,****,,否,否,	,	,	,否,	,	,	,	,	,	,	,	,	,	,	,	,否,否,	,否,	,,	,否,	,否,,,否
【重磅新品】云米净水器600G小海豚升级版厨下式RO反渗透直饮家用,251023-371017716054042,待发货,1	,正常,2025-10-23 22:30:44,2025-10-24 22:30:44,,	,	,225501370546	,【24年新品】600G升级版6年长效,1600502140541	,厨房电器,净水器/净水设备及配件耗材,净水器,	,6923185653684	,6923185616399	,	,	,无售后或售后取消,,2025-10-23 22:30:44,	,,,,,,,否,否,	,否,	,,559.0	,0.0	,0.0	,55.9	,0.0	,0.0	,0.0	,0.0	,503.1	,559.0	,	,	,陕西省,延安市,宝塔区,,,否,否,	,	,	,否,	,	,	,	,	,	,	,	,	,	,	,	,否,否,	,否,否,,	,否,	,否,,,否
【重磅新品】云米净水器600G小海豚升级版厨下式RO反渗透直饮家用,251023-238661158483230,已取消,1	,正常,	,	,,	,	,225501370546	,【24年新品】600G升级版6年长效,1600502140541	,厨房电器,净水器/净水设备及配件耗材,净水器,	,6923185653684	,6923185616399	,	,	,无售后或售后取消,,	,	,,,,,,,否,否,	,否,	,,559.0	,0.0	,0.0	,55.9	,0.0	,0.0	,0.0	,0.0	,503.1	,559.0	,	,	,****,****,****,****,,否,否,	,	,	,否,	,	,	,	,	,	,	,	,	,	,	,	,否,否,	,否,	,,	,否,	,否,,,否
云米净水器滤芯小蓝调小海豚600G+专用复合滤芯RO反渗透滤芯过滤,251023-571951102390300,待发货,1	,正常,2025-10-23 22:24:59,2025-10-24 22:24:59,,	,	,296967601341	,5in1复合滤芯 2年长效,1600193054565	,厨房电器,净水器/净水设备及配件耗材,净水器,	,6923185627425	,	,补差后返 到手价99,	,无售后或售后取消,,2025-10-23 22:24:59,	,,,,,,,否,否,	,否,	,,299.0	,0.0	,0.0	,0.0	,0.0	,0.0	,0.0	,0.0	,299.0	,299.0	,	,	,广东省,广州市,天河区,,,否,否,	,	,	,否,	,	,	,	,	,	,	,	,	,	,	,	,否,是,	,否,否,,	,否,	,否,,,否
【重磅新品】云米净水器600G小海豚升级版厨下式RO反渗透直饮家用,251023-435835389481619,已取消,1	,正常,	,	,,	,	,225501370546	,【24年新品】600G升级版6年长效,1600502140541	,厨房电器,净水器/净水设备及配件耗材,净水器,	,6923185653684	,6923185616399	,	,	,无售后或售后取消,,	,	,,,,,,,否,否,	,否,	,,559.0	,0.0	,0.0	,0.0	,0.0	,0.0	,0.0	,0.0	,559.0	,559.0	,	,	,****,****,****,****,,否,否,	,	,	,否,	,	,	,	,	,	,	,	,	,	,	,	,否,否,	,否,	,,	,否,	,否,,,否
云米小厨宝6L电热水器厨房卫生间出水恒温储水式小型速热神器加热,251023-183112865410849,已取消,1	,正常,	,	,,	,	,208073193570	,热水即刻有-【6L】,1801828025682	,大家电,热水器,厨宝,	,6923185611233	,6923185611233	,	,	,无售后或售后取消,,	,	,,,,,,,否,否,	,否,	,,259.0	,0.0	,0.0	,25.9	,0.0	,0.0	,0.0	,0.0	,233.1	,259.0	,	,	,****,****,****,****,,否,否,	,	,	,否,	,	,	,	,	,	,	,	,	,	,	,	,否,否,	,否,	,,	,否,	,否,,,否
【重磅新品】云米净水器600G小海豚升级版厨下式RO反渗透直饮家用,251023-086596677260999,已取消,1	,正常,	,	,,	,	,225501370546	,【24年新品】600G升级版6年长效,1600502140541	,厨房电器,净水器/净水设备及配件耗材,净水器,	,6923185653684	,6923185616399	,	,	,无售后或售后取消,,	,	,,,,,,,否,否,	,否,	,,559.0	,0.0	,0.0	,0.0	,0.0	,0.0	,0.0	,0.0	,559.0	,559.0	,	,	,****,****,****,****,,否,否,	,	,	,否,	,	,	,	,	,	,	,	,	,	,	,	,否,否,	,否,	,,	,否,	,否,,,否
云米小厨宝6L电热水器厨房卫生间出水恒温储水式小型速热神器加热,251023-420169695634034,已取消,2	,正常,	,	,,	,	,208073193570	,热水即刻有-【6L】,1801828025682	,大家电,热水器,厨宝,	,6923185611233	,6923185611233	,	,	,无售后或售后取消,,	,	,,,,,,,否,否,	,否,	,,518.0	,0.0	,10.36	,0.0	,0.0	,0.0	,0.0	,0.0	,507.64	,507.64	,	,	,****,****,****,****,,否,否,	,	,	,否,	,	,	,	,	,	,	,	,	,	,	,	,否,否,	,否,	,,	,否,	,否,,,否
云米净水器滤芯小蓝调小海豚600G+专用复合滤芯RO反渗透滤芯过滤,251023-250095931692267,待发货,1	,正常,2025-10-23 22:05:52,2025-10-24 22:05:53,,	,	,296967601341	,5in1复合滤芯 2年长效,1600193054565	,厨房电器,净水器/净水设备及配件耗材,净水器,	,6923185627425	,	,补差 后返 到手价99一支,	,无售后或售后取消,,2025-10-23 22:05:53,	,,,,,,,否,否,	,否,	,,299.0	,0.0	,0.0	,0.0	,0.0	,0.0	,0.0	,0.0	,299.0	,299.0	,	,	,河北省,邢台市,信都区,,,否,否,	,	,	,否,	,	,	,	,	,	,	,	,	,	,	,	,否,是,	,否,否,,	,否,	,否,,,否
【重磅新品】云米净水器600G小海豚升级版厨下式RO反渗透直饮家用,251023-351933580931502,待发货,1	,正常,2025-10-23 22:04:51,2025-10-24 22:04:51,,	,	,225501370546	,【24年新品】600G升级版6年长效,1600502140541	,厨房电器,净水器/净水设备及配件耗材,净水器,	,6923185653684	,6923185616399	,	,	,无售后或售后取消,,2025-10-23 22:04:51,	,,,,,,,否,否,	,否,	,,559.0	,0.0	,0.0	,0.0	,0.0	,0.0	,0.0	,0.0	,559.0	,559.0	,	,	,天津市,天津市,滨海新区,,,否,否,	,	,	,否,	,	,	,	,	,	,	,	,	,	,	,	,否,是,	,否,否,,	,否,	,否,,,否
【重磅新品】云米净水器600G小海豚升级版厨下式RO反渗透直饮家用,251023-566886449452267,待发货,1	,正常,2025-10-23 22:03:06,2025-10-24 22:03:07,,	,	,225501370546	,【24年新品】600G升级版6年长效,1600502140541	,厨房电器,净水器/净水设备及配件耗材,净水器,	,6923185653684	,6923185616399	,	,	,无售后或售后取消,,2025-10-23 22:03:07,	,,,,,,,否,否,	,否,	,,559.0	,0.0	,0.0	,30.0	,0.0	,0.0	,0.0	,0.0	,529.0	,559.0	,	,	,河北省,邢台市,信都区,,,否,否,	,	,	,否,	,	,	,	,	,	,	,	,	,	,	,	,否,是,	,否,否,,	,否,	,否,,,否
云米全自动智能马桶2Pro一体座圈加热妇洗泡沫盾抗菌可冲洗带水箱,251023-417380483404017,待发货,1	,正常,2025-10-23 22:00:36,2025-10-24 22:00:36,,	,	,248791771968	,"300mm,【大冲力】多种冲洗模式",1752476543651	,家装主材,卫浴陶瓷,智能坐便器,	,6923185654575	,	,	,	,无售后或售后取消,,2025-10-23 22:00:36,	,,,,,,,否,否,	,否,	,,2341.0	,0.0	,141.0	,220.0	,3.96	,0.0	,0.0	,0.0	,1980.0	,2200.0	,	,	,福建省,厦门市,思明区,,,否,否,	,	,	,否,	,	,	,	,	,	,	,	,	,	,	,	,否,否,	,否,否,,	,否,	,否,,,否
云米23立方油烟机燃气灶套装家用厨房顶侧大吸力油烟机5.0KW灶具,251023-565124872531985,待发货,1	,正常,2025-10-23 21:58:43,2025-10-24 21:58:44,,	,	,209837375742	,"【烟灶联动】瞬吸烟机+5.0KW灶,天然气",1792607150009	,大家电,厨房大电,烟灶消套装,	,S2409261034001,	,	,	,无售后或售后取消,,2025-10-23 21:58:44,	,,,,,,,否,否,	,否,	,,1247.0	,0.0	,60.0	,40.0	,0.0	,0.0	,0.0	,0.0	,1147.0	,1187.0	,	,	,江西省,鹰潭市,余江区,,,否,否,	,	,	,否,	,	,	,	,	,	,	,	,	,	,	,	,否,否,	,否,否,,	,否,	,否,,,否
云米23立方油烟机燃气灶套装家用厨房顶侧大吸力油烟机5.0KW灶具,251023-353438339411985,已取消,1	,正常,	,	,,	,	,209837375742	,"【烟灶联动】瞬吸烟机+5.0KW灶,天然气",1792607150009	,大家电,厨房大电,烟灶消套装,	,S2409261034001,	,	,	,无售后或售后取消,,	,	,,,,,,,否,否,	,否,	,,1247.0	,0.0	,0.0	,100.0	,0.0	,0.0	,0.0	,0.0	,1147.0	,1247.0	,	,	,****,****,****,****,,否,否,	,	,	,否,	,	,	,	,	,	,	,	,	,	,	,	,否,否,	,否,	,,	,否,	,否,,,否
Viomi云米净水器1000G厨下式RO反渗透直饮过滤器净饮小海豚2,251023-438477863270650,已取消,1	,正常,	,	,,	,	,205458105137	,小海豚2包安装1000G大加仑,1802849942800	,厨房电器,净水器/净水设备及配件耗材,净水器,	,6923185654865	,	,	,	,无售后或售后取消,,	,	,,,,,,,否,否,	,否,	,,929.0	,0.0	,30.0	,85.0	,0.0	,0.0	,0.0	,0.0	,814.0	,899.0	,	,	,****,****,****,****,,否,否,	,	,	,否,	,	,	,	,	,	,	,	,	,	,	,	,否,否,	,否,	,,	,否,	,否,,,否
云米净水器滤芯小蓝调小海豚600G+专用复合滤芯RO反渗透滤芯过滤,251023-382399966782915,已发货，待收货,2	,正常,2025-10-23 21:47:58,2025-10-24 21:47:59,,2025-10-24 09:20:18,	,296967601341	,5in1复合滤芯 2年长效,1600193054565	,厨房电器,净水器/净水设备及配件耗材,净水器,	,6923185627425	,	,补差后返 到手价198元,	,无售后或售后取消,,2025-10-23 21:47:59,	,,,,,,,否,否,	,否,	,,598.0	,0.0	,5.98	,0.0	,0.0	,0.0	,0.0	,0.0	,592.02	,592.02	,JDV023628537573,京东大件物流,湖北省,孝感市,孝南区,,,否,否,	,	,	,否,	,	,	,	,	,	,	,	,	,	,	,	,否,否,	,否,否,,	,否,	,否,,,否
云米净水器滤芯小蓝调小海豚600G+专用复合滤芯RO反渗透滤芯过滤,251023-270013570622915,已取消,1	,正常,	,	,,	,	,296967601341	,5in1复合滤芯 2年长效,1600193054565	,厨房电器,净水器/净水设备及配件耗材,净水器,	,6923185627425	,	,	,	,无售后或售后取消,,	,	,,,,,,,否,否,	,否,	,,299.0	,0.0	,0.0	,0.0	,0.0	,0.0	,0.0	,0.0	,299.0	,299.0	,	,	,****,****,****,****,,否,否,	,	,	,否,	,	,	,	,	,	,	,	,	,	,	,	,否,否,	,否,	,,	,否,	,否,,,否
【重磅新品】云米净水器600G小海豚升级版厨下式RO反渗透直饮家用,251023-325860738622915,已发货，待收货,1	,正常,2025-10-23 21:45:45,2025-10-24 21:45:45,,2025-10-24 09:21:12,	,225501370546	,【24年新品】600G升级版6年长效,1600502140541	,厨房电器,净水器/净水设备及配件耗材,净水器,	,6923185653684	,6923185616399	,	,	,无售后或售后取消,,2025-10-23 21:45:45,	,,,,,,,否,否,	,否,	,,559.0	,0.0	,0.0	,0.0	,0.0	,0.0	,0.0	,0.0	,559.0	,559.0	,JDV023628498198,京东大件物流,湖北省,孝感市,孝南区,,,否,否,	,	,	,否,	,	,	,	,	,	,	,	,	,	,	,	,否,否,	,否,否,,	,否,	,否,,,否
Viomi云米净水器1000G厨下式RO反渗透直饮过滤器净饮小海豚2,251023-594296184332569,待发货,1	,正常,2025-10-23 21:45:51,2025-10-24 21:45:51,,	,	,205458105137	,小海豚2包安装1000G大加仑,1802849942800	,厨房电器,净水器/净水设备及配件耗材,净水器,	,6923185654865	,	,	,	,无售后或售后取消,,2025-10-23 21:45:51,	,,,,,,,否,否,	,否,	,,929.0	,0.0	,30.0	,50.0	,0.0	,0.0	,0.0	,0.0	,849.0	,899.0	,	,	,上海市,上海市,普陀区,,,否,否,	,	,	,否,	,	,	,	,	,	,	,	,	,	,	,	,否,否,	,否,否,,	,否,	,否,,,否
云米AI燃气热水器智控恒温防冻节能安全水质净化精准控温13L强排,251023-169602005430075,待发货,1	,正常,2025-10-23 21:45:34,2025-10-24 21:45:34,,	,	,773161065181	,智控恒温燃气热水器,1755671371526	,大家电,热水器,燃气热水器,	,6923185655688	,6923185655688	,	,	,无售后或售后取消,,2025-10-23 21:45:34,	,,,,,,,否,否,	,否,	,,594.14	,0.0	,0.0	,0.0	,0.0	,0.0	,0.0	,0.0	,594.14	,594.14	,	,	,江苏省,常州市,新北区,,,否,否,	,	,	,否,	,	,	,	,	,	,	,	,	,	,	,	,否,否,	,否,否,,	,否,	,否,,,否
【重磅新品】云米净水器600G小海豚升级版厨下式RO反渗透直饮家用,251023-070679303792485,已取消,1	,正常,	,	,,	,	,225501370546	,【24年新品】600G升级版6年长效,1600502140541	,厨房电器,净水器/净水设备及配件耗材,净水器,	,6923185653684	,6923185616399	,	,	,无售后或售后取消,,	,	,,,,,,,否,否,	,否,	,,559.0	,0.0	,0.0	,0.0	,0.0	,0.0	,0.0	,0.0	,559.0	,559.0	,	,	,****,****,****,****,,否,否,	,	,	,否,	,	,	,	,	,	,	,	,	,	,	,	,否,否,	,否,	,,	,否,	,否,,,否
【重磅新品】云米净水器600G小海豚升级版厨下式RO反渗透直饮家用,251023-393137395212004,已取消,1	,正常,	,	,,	,	,225501370546	,【24年新品】600G升级版6年长效,1600502140541	,厨房电器,净水器/净水设备及配件耗材,净水器,	,6923185653684	,6923185616399	,	,	,无售后或售后取消,,	,	,,,,,,,否,否,	,否,	,,559.0	,0.0	,0.0	,0.0	,0.0	,0.0	,0.0	,0.0	,559.0	,559.0	,	,	,****,****,****,****,,否,否,	,	,	,否,	,	,	,	,	,	,	,	,	,	,	,	,否,否,	,否,	,,	,否,	,否,,,否
Viomi云米净水器1000G厨下式RO反渗透直饮过滤器净饮小海豚2,251023-595942490521479,未发货，退款成功,1	,正常,2025-10-23 21:33:09,2025-10-24 21:33:10,,	,	,205458105137	,小海豚2包安装1000G大加仑,1802849942800	,厨房电器,净水器/净水设备及配件耗材,净水器,	,6923185654865	,	,	,	,退款成功,,2025-10-23 21:33:10,	,,,,,,,否,否,	,否,	,,929.0	,0.0	,30.0	,89.9	,0.0	,0.0	,0.0	,0.0	,809.1	,899.0	,	,	,江苏省,南京市,浦口区,,,否,否,	,	,	,否,	,	,	,	,	,	,	,	,	,	,	,	,否,否,	,否,否,,	,否,	,否,,,否
云米净水器滤芯小蓝调小海豚600G+专用复合滤芯RO反渗透滤芯过滤,251023-016095721782876,待发货,1	,正常,2025-10-23 21:28:46,2025-10-24 21:28:46,,	,	,296967601341	,5in1复合滤芯 2年长效,1600193054565	,厨房电器,净水器/净水设备及配件耗材,净水器,	,6923185627425	,	,补差后返到手价99,	,无售后或售后取消,,2025-10-23 21:28:46,	,,,,,,,否,否,	,否,	,,299.0	,0.0	,0.0	,0.0	,0.2	,0.0	,0.0	,0.0	,299.0	,299.0	,	,	,湖南省,长沙市,雨花区,,,否,否,	,	,	,否,	,	,	,	,	,	,	,	,	,	,	,	,否,否,	,否,否,,	,否,	,否,,,否
云米净水器滤芯PP棉前置后置RO反渗透1号2号3号4号通用装C/V系列,251023-446824497450654,已发货，待收货,1	,正常,2025-10-23 21:29:05,2025-10-25 21:29:05,,2025-10-24 09:20:18,	,205467667434	,1号PP棉滤芯超能升级版,760402645809	,厨房电器,净水器/净水设备及配件耗材,净水器,	,6923185600190	,	,	,	,无售后或售后取消,,2025-10-23 21:29:05,	,,,,,,,否,否,	,否,	,,39.0	,0.0	,0.39	,0.0	,0.0	,0.0	,0.0	,0.0	,38.61	,38.61	,JDV023628568102,京东大件物流,安徽省,安庆市,怀宁县,,,否,否,	,	,	,否,	,	,	,	,	,	,	,	,	,	,	,	,否,否,	,否,否,,	,否,	,否,,,否
云米净水器滤芯PP棉前置后置RO反渗透1号2号3号4号通用装C/V系列,251023-275025805610654,已发货，待收货,1	,正常,2025-10-23 21:29:05,2025-10-25 21:29:05,,2025-10-24 09:20:19,	,205467667434	,4号后置活性炭超能升级版,1413264716708	,厨房电器,净水器/净水设备及配件耗材,净水器,	,6923185600121	,	,	,	,无售后或售后取消,,2025-10-23 21:29:05,	,,,,,,,否,否,	,否,	,,53.0	,0.0	,0.53	,0.0	,0.0	,0.0	,0.0	,0.0	,52.47	,52.47	,JDV023628543532,京东大件物流,安徽省,安庆市,怀宁县,,,否,否,	,	,	,否,	,	,	,	,	,	,	,	,	,	,	,	,否,否,	,否,否,,	,否,	,否,,,否
云米净水器滤芯PP棉前置后置RO反渗透1号2号3号4号通用装C/V系列,251023-103227113770654,已发货，待收货,1	,正常,2025-10-23 21:29:05,2025-10-25 21:29:05,,2025-10-24 09:20:18,	,205467667434	,2号前置活性炭超能 升级版,1734505276913	,厨房电器,净水器/净水设备及配件耗材,净水器,	,6923185680772	,	,	,	,无售后或售后取消,,2025-10-23 21:29:05,	,,,,,,,否,否,	,否,	,,53.0	,0.0	,0.53	,0.0	,0.0	,0.0	,0.0	,0.0	,52.47	,52.47	,JDV023628537556,京东大件物流,安徽省,安庆市,怀宁县,,,否,否,	,	,	,否,	,	,	,	,	,	,	,	,	,	,	,	,否,否,	,否,否,,	,否,	,否,,,否
【重磅新品】云米净水器600G小海豚升级版厨下式RO反渗透直饮家用,251023-672121505400503,已取消,1	,正常,	,	,,	,	,225501370546	,【24年新品】600G升级版6年长效,1600502140541	,厨房电器,净水器/净水设备及配件耗材,净水器,	,6923185653684	,6923185616399	,	,	,无售后或售后取消,,	,	,,,,,,,否,否,	,否,	,,559.0	,0.0	,0.0	,0.0	,0.0	,0.0	,0.0	,0.0	,559.0	,559.0	,	,	,****,****,****,****,,否,否,	,	,	,否,	,	,	,	,	,	,	,	,	,	,	,	,否,否,	,否,	,,	,否,	,否,,,否
【重磅新品】云米净水器600G小海豚升级版厨下式RO反渗透直饮家用,251023-140891973942876,待发货,1	,正常,2025-10-23 21:27:41,2025-10-24 21:27:41,,	,	,225501370546	,【24年新品】600G升级版6年长效,1600502140541	,厨房电器,净水器/净水设备及配件耗材,净水器,	,6923185653684	,6923185616399	,	,	,无售后或售后取消,,2025-10-23 21:27:41,	,,,,,,,否,否,	,否,	,,559.0	,0.0	,0.0	,0.0	,1.11	,0.0	,0.0	,0.0	,559.0	,559.0	,	,	,湖南省,长沙市,雨花区,,,否,否,	,	,	,否,	,	,	,	,	,	,	,	,	,	,	,	,否,否,	,否,否,,	,否,	,否,,,否
云米即热净水器厨房家用直饮RO反渗透加热净饮一体机1000G,251023-545642320220978,已取消,1	,正常,	,	,,	,	,364990106384	,即热直饮 1000G大通量,1455593712429	,厨房电器,净水器/净水设备及配件耗材,净水器,	,6923185651116	,6923185651116	,	,	,无售后或售后取消,,	,	,,,,,,,否,否,	,否,	,,1668.85	,0.0	,313.77	,100.0	,0.0	,0.0	,0.0	,0.0	,1255.08	,1355.08	,	,	,****,****,****,****,,否,否,	,	,	,否,	,	,	,	,	,	,	,	,	,	,	,	,否,否,	,否,	,,	,否,	,否,,,否
云米矿泉台式净饮机即热式饮水机直饮家用矿化加热一体机净水器,251023-530270133833287,待付款,1	,正常,	,	,,	,	,826920121377	,spuer2,1792670253677	,厨房电器,台式净饮机,台式净饮机,	,6923185615415	,6923185615415	,	,	,无售后或售后取消,,	,	,,,,,,,否,否,	,否,	,,1385.0	,0.0	,193.2	,96.95	,0.0	,0.0	,0.0	,0.0	,1094.85	,1191.8	,	,	,****,****,****,****,,否,否,	,	,	,否,	,	,	,	,	,	,	,	,	,	,	,	,否,否,	,否,	,,	,否,	,否,,,否
云米净水器滤芯家用小海豚小蓝调小白龙系列专用RO反渗透,251023-487404357171730,已发货，待收货,1	,正常,2025-10-23 21:17:14,2025-10-25 21:17:14,,2025-10-24 09:20:19,	,232467205433	,5in1 复合滤芯,1647394585330	,厨房电器,净水器/净水设备及配件耗材,净水器,	,6923185627425	,	,补差后返收手价109，晒单再返10 ,	,无售后或售后取消,,2025-10-23 21:17:14,	,,,,,,,否,否,	,否,	,,149.0	,0.0	,0.0	,0.0	,0.13	,0.0	,0.0	,0.0	,149.0	,149.0	,JDV023628479919,京东大件物流,上海市,上海市,青浦区,,,否,否,	,	,	,否,	,	,	,	,	,	,	,	,	,	,	,	,否,否,	,否,否,,	,否,	,否,,,否
【重磅新品】云米净水器600G小海豚升级版厨下式RO反渗透直饮家用,251023-003004198532756,已取消,1	,正常,	,	,,	,	,225501370546	,【24年新品】600G升级版6年长效,1600502140541	,厨房电器,净水器/净水设备及配件耗材,净水器,	,6923185653684	,6923185616399	,	,	,无售后或售后取消,,	,	,,,,,,,否,否,	,否,	,,559.0	,0.0	,0.0	,0.0	,0.0	,0.0	,0.0	,0.0	,559.0	,559.0	,	,	,****,****,****,****,,否,否,	,	,	,否,	,	,	,	,	,	,	,	,	,	,	,	,否,否,	,否,	,,	,否,	,否,,,否
云米小厨宝6L电热水器厨房卫生间出水恒温储水式小型速热神器加热,251023-259003574640829,未发货，退款成功,1	,正常,2025-10-23 21:11:26,2025-10-24 21:11:26,,	,	,208073193570	,热水即刻有-【6L】,1801828025682	,大家电,热水器,厨宝,	,6923185611233	,6923185611233	,	,	,退款成功,,2025-10-23 21:11:26,	,,,,,,,否,否,	,否,	,,259.0	,0.0	,0.0	,20.0	,0.0	,0.0	,0.0	,0.0	,239.0	,259.0	,	,	,广东省,汕尾市,海丰县,,,否,否,	,	,	,否,	,	,	,	,	,	,	,	,	,	,	,	,否,否,	,否,否,,	,否,	,否,,,否
云米AI燃气热水器智控恒温防冻节能安全水质净化精准控温13L强排,251023-067827218751378,已取消,1	,正常,	,	,,	,	,773161065181	,智控恒温燃气热水器,1755671371526	,大家电,热水器,燃气热水器,	,6923185655688	,6923185655688	,	,	,无售后或售后取消,,	,	,,,,,,,否,否,	,否,	,,594.14	,0.0	,0.0	,20.0	,0.0	,0.0	,0.0	,0.0	,574.14	,594.14	,	,	,****,****,****,****,,否,否,	,	,	,否,	,	,	,	,	,	,	,	,	,	,	,	,否,否,	,否,	,,	,否,	,否,,,否
【重磅新品】云米净水器600G小海豚升级版厨下式RO反渗透直饮家用,251023-635463319953863,待发货,1	,正常,2025-10-23 21:04:37,2025-10-24 21:04:38,,	,	,225501370546	,【24年新品】600G升级版6年长效,1600502140541	,厨房电器,净水器/净水设备及配件耗材,净水器,	,6923185653684	,6923185616399	,	,	,无售后或售后取消,,2025-10-23 21:04:38,	,,,,,,,否,否,	,否,	,,559.0	,0.0	,0.0	,0.0	,0.0	,0.0	,0.0	,0.0	,559.0	,559.0	,	,	,黑龙江省,哈尔滨市,道里区,,,否,否,	,	,	,否,	,	,	,	,	,	,	,	,	,	,	,	,否,否,	,否,否,,	,否,	,否,,,否
云米净水器滤芯小蓝调小海豚600G+专用复合滤芯RO反渗透滤芯过滤,251023-366042233260731,待发货,1	,正常,2025-10-23 20:50:55,2025-10-24 20:50:55,,	,	,296967601341	,5in1复合滤芯 2年长效,1600193054565	,厨房电器,净水器/净水设备及配件耗材,净水器,	,6923185627425	,	,	,	,无售后或售后取消,,2025-10-23 20:50:55,	,,,,,,,否,否,	,否,	,,299.0	,0.0	,0.0	,0.0	,0.0	,0.0	,0.0	,0.0	,299.0	,299.0	,	,	,广东省,广州市,番禺区,,,否,否,	,	,	,否,	,	,	,	,	,	,	,	,	,	,	,	,否,否,	,否,否,,	,否,	,否,,,否
【重磅新品】云米净水器600G小海豚升级版厨下式RO反渗透直饮家用,251023-153459177900731,待发货,1	,正常,2025-10-23 20:50:27,2025-10-24 20:50:27,,	,	,225501370546	,【24年新品】600G升级版6年长效,1600502140541	,厨房电器,净水器/净水设备及配件耗材,净水器,	,6923185653684	,6923185616399	,	,	,无售后或售后取消,,2025-10-23 20:50:27,	,,,,,,,否,否,	,否,	,,559.0	,0.0	,0.0	,0.0	,0.0	,0.0	,0.0	,0.0	,559.0	,559.0	,	,	,广东省,广州市,番禺区,,,否,否,	,	,	,否,	,	,	,	,	,	,	,	,	,	,	,	,否,否,	,否,否,,	,否,	,否,,,否
云米净水器滤芯PP棉前置后置RO反渗透1号2号3号4号通用装C/V系列,251023-086418398851145,已取消,1	,正常,	,	,,	,	,205467667434	,2号前置活性炭超能 升级版,1734505276913	,厨房电器,净水器/净水设备及配件耗材,净水器,	,6923185680772	,	,	,	,无售后或售后取消,,	,	,,,,,,,否,否,	,否,	,,53.0	,0.0	,0.0	,0.0	,0.0	,0.0	,0.0	,0.0	,53.0	,53.0	,	,	,****,****,****,****,,否,否,	,	,	,否,	,	,	,	,	,	,	,	,	,	,	,	,否,否,	,否,	,,	,否,	,否,,,否
【小海豚1000G管线机套装】云米净水器家用厨下一键即热制冷直饮,251023-682544371303861,待发货,1	,正常,2025-10-23 20:49:29,2025-10-24 20:49:29,,	,	,246986456918	,【0陈水冷热2件套】1000G+管线机2E,1751903219858	,厨房电器,净水器/净水设备及配件耗材,净水器,	,S2503111808001,	,	,	,无售后或售后取消,,2025-10-23 20:49:29,	,,,,,,,否,否,	,否,	,,1824.0	,0.0	,358.8	,30.0	,0.0	,0.0	,0.0	,0.0	,1435.2	,1465.2	,	,	,上海市,上海市,浦东新区,,,否,否,	,	,	,否,	,	,	,	,	,	,	,	,	,	,	,	,否,否,	,否,否,,	,否,	,否,,,否
【重磅新品】云米净水器600G小海豚升级版厨下式RO反渗透直饮家用,251023-136005599633170,待发货,1	,正常,2025-10-23 20:48:44,2025-10-24 20:48:45,2025-10-25 23:59:59,	,	,225501370546	,【24年新品】600G升级版6年长效,1600502140541	,厨房电器,净水器/净水设备及配件耗材,净水器,	,6923185653684	,6923185616399	,	,	,无售后或售后取消,,2025-10-23 20:48:45,	,,,,,,,否,否,	,否,	,,559.0	,0.0	,0.0	,0.0	,0.0	,0.0	,0.0	,0.0	,559.0	,559.0	,	,	,福建省,泉州市,南安市,,,否,否,	,	,	,否,	,	,	,	,	,	,	,	,	,	,	,	,否,否,	,否,否,,	,否,	,否,,,否
【重磅新品】云米净水器600G小海豚升级版厨下式RO反渗透直饮家用,251023-545159965073170,未发货，退款成功,1	,正常,2025-10-23 20:46:02,2025-10-24 20:46:03,2025-10-25 23:59:59,	,	,225501370546	,【24年新品】600G升级版6年长效,1600502140541	,厨房电器,净水器/净水设备及配件耗材,净水器,	,6923185653684	,6923185616399	,聚水潭已取消发货 已退款   叶10.23,	,退款成功,,2025-10-23 20:46:03,	,,,,,,,否,否,	,否,	,,559.0	,0.0	,0.0	,0.0	,0.0	,0.0	,0.0	,0.0	,559.0	,559.0	,	,	,福建省,泉州市,南安市,,,否,否,	,	,	,否,	,	,	,	,	,	,	,	,	,	,	,	,否,否,	,否,是,3	,商家,否,	,否,,花呗分期,否
【重磅新品】云米净水器600G小海豚升级版厨下式RO反渗透直饮家用,251023-222953552270562,已取消,1	,正常,	,	,,	,	,225501370546	,【24年新品】600G升级版6年长效,1600502140541	,厨房电器,净水器/净水设备及配件耗材,净水器,	,6923185653684	,6923185616399	,	,	,无售后或售后取消,,	,	,,,,,,,否,否,	,否,	,,559.0	,0.0	,0.0	,0.0	,0.0	,0.0	,0.0	,0.0	,559.0	,559.0	,	,	,****,****,****,****,,否,否,	,	,	,否,	,	,	,	,	,	,	,	,	,	,	,	,否,否,	,否,	,,	,否,	,否,,,否
【小海豚1000G管线机套装】云米净水器家用厨下一键即热制冷直饮,251023-559483491943861,已取消,1	,正常,	,	,,	,	,246986456918	,【0陈水冷热2件套】1000G+管线机2E,1751903219858	,厨房电器,净水器/净水设备及配件耗材,净水器,	,S2503111808001,	,	,	,无售后或售后取消,,	,	,,,,,,,否,否,	,否,	,,1824.0	,0.0	,358.8	,30.0	,0.0	,0.0	,0.0	,0.0	,1435.2	,1465.2	,	,	,****,****,****,****,,否,否,	,	,	,否,	,	,	,	,	,	,	,	,	,	,	,	,否,否,	,否,	,,	,否,	,否,,,否
Viomi云米净水器1000G厨下式RO反渗透直饮过滤器净饮小海豚2,251023-155178821990650,已取消,1	,正常,	,	,,	,	,205458105137	,小海豚2包安装1000G大加仑,1802849942800	,厨房电器,净水器/净水设备及配件耗材,净水器,	,6923185654865	,	,	,	,无售后或售后取消,,	,	,,,,,,,否,否,	,否,	,,929.0	,0.0	,30.0	,85.0	,0.0	,0.0	,0.0	,0.0	,814.0	,899.0	,	,	,****,****,****,****,,否,否,	,	,	,否,	,	,	,	,	,	,	,	,	,	,	,	,否,否,	,否,	,,	,否,	,否,,,否
云米净水器滤芯小蓝调小海豚600G+专用复合滤芯RO反渗透滤芯过滤,251023-662222979381015,待发货,1	,正常,2025-10-23 20:26:35,2025-10-24 20:26:35,,	,	,296967601341	,5in1复合滤芯 2年长效,1600193054565	,厨房电器,净水器/净水设备及配件耗材,净水器,	,6923185627425	,	,99一支 [viomi莉莉sk 10/23 23:24],	,无售后或售后取消,,2025-10-23 20:26:35,	,,,,,,,否,否,	,否,	,,299.0	,0.0	,0.0	,0.0	,0.2	,0.0	,0.0	,0.0	,299.0	,299.0	,	,	,山东省,菏泽市,牡丹区,,,否,否,	,	,	,否,	,	,	,	,	,	,	,	,	,	,	,	,否,否,	,否,否,,	,否,	,否,,,否
【重磅新品】云米净水器600G小海豚升级版厨下式RO反渗透直饮家用,251023-223372972441110,已取消,1	,正常,	,	,,	,	,225501370546	,【24年新品】600G升级版6年长效,1600502140541	,厨房电器,净水器/净水设备及配件耗材,净水器,	,6923185653684	,6923185616399	,	,	,无售后或售后取消,,	,	,,,,,,,否,否,	,否,	,,559.0	,0.0	,0.0	,0.0	,0.0	,0.0	,0.0	,0.0	,559.0	,559.0	,	,	,****,****,****,****,,否,否,	,	,	,否,	,	,	,	,	,	,	,	,	,	,	,	,否,否,	,否,	,,	,否,	,否,,,否
【重磅新品】云米净水器600G小海豚升级版厨下式RO反渗透直饮家用,251023-152510185820077,已取消,1	,正常,	,	,,	,	,225501370546	,【24年新品】600G升级版6年长效,1600502140541	,厨房电器,净水器/净水设备及配件耗材,净水器,	,6923185653684	,6923185616399	,	,	,无售后或售后取消,,	,	,,,,,,,否,否,	,否,	,,559.0	,0.0	,0.0	,0.0	,0.0	,0.0	,0.0	,0.0	,559.0	,559.0	,	,	,****,****,****,****,,否,否,	,	,	,否,	,	,	,	,	,	,	,	,	,	,	,	,否,否,	,否,	,,	,否,	,否,,,否
【重磅新品】云米净水器600G小海豚升级版厨下式RO反渗透直饮家用,251023-628589904281110,已发货，待收货,1	,正常,2025-10-23 20:09:43,2025-10-24 20:09:43,,2025-10-24 09:21:12,	,225501370546	,【24年新品】600G升级版6年长效,1600502140541	,厨房电器,净水器/净水设备及配件耗材,净水器,	,6923185653684	,6923185616399	,	,	,无售后或售后取消,,2025-10-23 20:09:43,	,,,,,,,否,否,	,否,	,,559.0	,0.0	,0.0	,0.0	,0.0	,0.0	,0.0	,0.0	,559.0	,559.0	,JDV023628498072,京东大件物流,浙江省,温州市,瓯海区,,,否,否,	,	,	,否,	,	,	,	,	,	,	,	,	,	,	,	,否,否,	,否,是,3	,商家,否,	,否,,信用卡分期,否
云米净水器滤芯家用小海豚小蓝调小白龙系列专用RO反渗透,251023-131035338361001,待付款,1	,正常,	,	,,	,	,232467205433	,5in1 复合滤芯,1647394585330	,厨房电器,净水器/净水设备及配件耗材,净水器,	,6923185627425	,	,	,	,无售后或售后取消,,	,	,,,,,,,否,否,	,否,	,,149.0	,0.0	,0.0	,10.0	,0.0	,0.0	,0.0	,0.0	,139.0	,149.0	,	,	,****,****,****,****,,否,否,	,	,	,否,	,	,	,	,	,	,	,	,	,	,	,	,否,否,	,否,	,,	,否,	,否,,,否
【重磅新品】云米净水器600G小海豚升级版厨下式RO反渗透直饮家用,251023-215367084411203,未发货，退款成功,1	,正常,2025-10-23 20:02:26,2025-10-24 20:02:26,,	,	,225501370546	,【24年新品】600G升级版6年长效,1600502140541	,厨房电器,净水器/净水设备及配件耗材,净水器,	,6923185653684	,6923185616399	,	,	,退款成功,,2025-10-23 20:02:26,	,,,,,,,否,否,	,否,	,,559.0	,0.0	,0.0	,0.0	,0.0	,0.0	,0.0	,0.0	,559.0	,559.0	,	,	,山东省,聊城市,冠县,,,否,否,	,	,	,否,	,	,	,	,	,	,	,	,	,	,	,	,否,否,	,否,否,,	,否,	,否,,,否
【重磅新品】云米净水器600G小海豚升级版厨下式RO反渗透直饮家用,251023-402558871931203,已取消,1	,正常,	,	,,	,	,225501370546	,【24年新品】600G升级版6年长效,1600502140541	,厨房电器,净水器/净水设备及配件耗材,净水器,	,6923185653684	,6923185616399	,	,	,无售后或售后取消,,	,	,,,,,,,否,否,	,否,	,,559.0	,0.0	,0.0	,0.0	,0.0	,0.0	,0.0	,0.0	,559.0	,559.0	,	,	,****,****,****,****,,否,否,	,	,	,否,	,	,	,	,	,	,	,	,	,	,	,	,否,否,	,否,	,,	,否,	,否,,,否
【重磅新品】云米净水器600G小海豚升级版厨下式RO反渗透直饮家用,251023-511290960302086,已取消,1	,正常,	,	,,	,	,225501370546	,【24年新品】600G升级版6年长效,1600502140541	,厨房电器,净水器/净水设备及配件耗材,净水器,	,6923185653684	,6923185616399	,	,	,无售后或售后取消,,	,	,,,,,,,否,否,	,否,	,,559.0	,0.0	,0.0	,50.0	,0.0	,0.0	,0.0	,0.0	,509.0	,559.0	,	,	,****,****,****,****,,否,否,	,	,	,否,	,	,	,	,	,	,	,	,	,	,	,	,否,否,	,否,	,,	,否,	,否,,,否
【重磅新品】云米净水器600G小海豚升级版厨下式RO反渗透直饮家用,251023-225433372203833,待发货,1	,正常,2025-10-23 19:53:57,2025-10-24 19:53:57,,	,	,225501370546	,【24年新品】600G升级版6年长效,1600502140541	,厨房电器,净水器/净水设备及配件耗材,净水器,	,6923185653684	,6923185616399	,	,	,无售后或售后取消,,2025-10-23 19:53:57,	,,,,,,,否,否,	,否,	,,559.0	,0.0	,0.0	,0.0	,0.0	,0.0	,0.0	,0.0	,559.0	,559.0	,	,	,山东省,济南市,天桥区,,,否,否,	,	,	,否,	,	,	,	,	,	,	,	,	,	,	,	,否,否,	,否,否,,	,否,	,否,,,否
云米小厨宝6L电热水器厨房卫生间出水恒温储水式小型速热神器加热,251023-625653901680829,已取消,1	,正常,	,	,,	,	,208073193570	,热水即刻有-【6L】,1801828025682	,大家电,热水器,厨宝,	,6923185611233	,6923185611233	,	,	,无售后或售后取消,,	,	,,,,,,,否,否,	,否,	,,280.0	,0.0	,0.0	,0.0	,0.0	,0.0	,0.0	,0.0	,280.0	,280.0	,	,	,****,****,****,****,,否,否,	,	,	,否,	,	,	,	,	,	,	,	,	,	,	,	,否,否,	,否,	,,	,否,	,否,,,否
Viomi云米净水器1000G厨下式RO反渗透直饮过滤器净饮小海豚2,251023-256906422702281,待发货,1	,正常,2025-10-23 19:46:35,2025-10-24 19:46:35,,	,	,205458105137	,小海豚2包安装1000G大加仑,1802849942800	,厨房电器,净水器/净水设备及配件耗材,净水器,	,6923185654865	,	,滤芯享终身半价,	,无售后或售后取消,,2025-10-23 19:46:35,	,,,,,,,否,否,	,否,	,,929.0	,0.0	,30.0	,50.0	,1.69	,0.0	,0.0	,0.0	,849.0	,899.0	,	,	,河南省,洛阳市,洛龙区,,,否,否,	,	,	,否,	,	,	,	,	,	,	,	,	,	,	,	,否,否,	,否,否,,	,否,	,否,,,否
云米小厨宝6L电热水器厨房卫生间出水恒温储水式小型速热神器加热,251023-177183199600829,已取消,1	,正常,	,	,,	,	,208073193570	,热水即刻有-【6L】,1801828025682	,大家电,热水器,厨宝,	,6923185611233	,6923185611233	,	,	,无售后或售后取消,,	,	,,,,,,,否,否,	,否,	,,280.0	,0.0	,0.0	,0.0	,0.0	,0.0	,0.0	,0.0	,280.0	,280.0	,	,	,****,****,****,****,,否,否,	,	,	,否,	,	,	,	,	,	,	,	,	,	,	,	,否,否,	,否,	,,	,否,	,否,,,否
云米净水器滤芯小蓝调小海豚600G+专用复合滤芯RO反渗透滤芯过滤,251023-572695529080627,待发货,1	,正常,2025-10-23 19:31:30,2025-10-24 19:31:30,,	,	,296967601341	,5in1复合滤芯 2年长效,1600193054565	,厨房电器,净水器/净水设备及配件耗材,净水器,	,6923185627425	,	,补差后返到手价99,	,无售后或售后取消,,2025-10-23 19:31:30,	,,,,,,,否,否,	,否,	,,299.0	,0.0	,0.0	,0.0	,0.0	,0.0	,0.0	,0.0	,299.0	,299.0	,	,	,河南省,郑州市,中原区,,,否,否,	,	,	,否,	,	,	,	,	,	,	,	,	,	,	,	,否,否,	,否,否,,	,否,	,否,,,否
【重磅新品】云米净水器600G小海豚升级版厨下式RO反渗透直饮家用,251023-452025413240627,待发货,1	,正常,2025-10-23 19:30:26,2025-10-24 19:30:26,,	,	,225501370546	,【24年新品】600G升级版6年长效,1600502140541	,厨房电器,净水器/净水设备及配件耗材,净水器,	,6923185653684	,6923185616399	,	,	,无售后或售后取消,,2025-10-23 19:30:26,	,,,,,,,否,否,	,否,	,,559.0	,0.0	,0.0	,0.0	,0.0	,0.0	,0.0	,0.0	,559.0	,559.0	,	,	,河南省,郑州市,中原区,,,否,否,	,	,	,否,	,	,	,	,	,	,	,	,	,	,	,	,否,否,	,否,是,3	,商家,否,	,否,,信用卡分期,否
【重磅新品】云米净水器600G小海豚升级版厨下式RO反渗透直饮家用,251023-368328056403506,待发货,1	,正常,2025-10-23 19:30:18,2025-10-24 19:30:18,,	,	,225501370546	,【24年新品】600G升级版6年长效,1600502140541	,厨房电器,净水器/净水设备及配件耗材,净水器,	,6923185653684	,6923185616399	,	,	,无售后或售后取消,,2025-10-23 19:30:18,	,,,,,,,否,否,	,否,	,,559.0	,0.0	,0.0	,0.0	,0.0	,0.0	,0.0	,0.0	,559.0	,559.0	,	,	,福建省,莆田市,城厢区,,,否,否,	,	,	,否,	,	,	,	,	,	,	,	,	,	,	,	,否,否,	,否,否,,	,否,	,否,,,否
云米全自动智能马桶水箱泡沫盾抗菌即热恒温座圈离座冲水小鲸鱼2,251023-329363013942536,待发货,1	,正常,2025-10-23 19:28:54,2025-11-23 19:28:55,,	,	,237591380789	,【智能马桶】400mm,1771263282620	,家装主材,卫浴陶瓷,智能坐便器,	,6923185654605	,小鲸鱼,延迟发货已登 [viomi莉莉sk 10/23 19:49],	,无售后或售后取消,,2025-10-23 19:28:55,	,,,,,,,否,否,	,否,	,,1264.0	,0.0	,76.0	,95.0	,0.0	,0.0	,0.0	,0.0	,1093.0	,1188.0	,	,	,上海市,上海市,宝山区,,,否,否,	,	,	,否,	,	,	,	,	,	,	,	,	,	,	,	,否,否,	,否,否,,	,否,	,否,,,否
【重磅新品】云米净水器600G小海豚升级版厨下式RO反渗透直饮家用,251023-371704543630716,已取消,1	,正常,	,	,,	,	,225501370546	,【24年新品】600G升级版6年长效,1600502140541	,厨房电器,净水器/净水设备及配件耗材,净水器,	,6923185653684	,6923185616399	,	,	,无售后或售后取消,,	,	,,,,,,,否,否,	,否,	,,559.0	,0.0	,0.0	,0.0	,0.0	,0.0	,0.0	,0.0	,559.0	,559.0	,	,	,****,****,****,****,,否,否,	,	,	,否,	,	,	,	,	,	,	,	,	,	,	,	,否,否,	,否,	,,	,否,	,否,,,否
【重磅新品】云米净水器600G小海豚升级版厨下式RO反渗透直饮家用,251023-086518075761788,已取消,1	,正常,	,	,,	,	,225501370546	,【24年新品】600G升级版6年长效,1600502140541	,厨房电器,净水器/净水设备及配件耗材,净水器,	,6923185653684	,6923185616399	,	,	,无售后或售后取消,,	,	,,,,,,,否,否,	,否,	,,559.0	,0.0	,0.0	,0.0	,0.0	,0.0	,0.0	,0.0	,559.0	,559.0	,	,	,****,****,****,****,,否,否,	,	,	,否,	,	,	,	,	,	,	,	,	,	,	,	,否,否,	,否,	,,	,否,	,否,,,否
【重磅新品】云米净水器600G小海豚升级版厨下式RO反渗透直饮家用,251023-244098045571356,待发货,1	,正常,2025-10-23 19:21:49,2025-12-23 19:21:49,,	,	,225501370546	,【24年新品】600G升级版6年长效,1600502140541	,厨房电器,净水器/净水设备及配件耗材,净水器,	,6923185653684	,6923185616399	,	,	,无售后或售后取消,,2025-10-23 19:21:49,	,,,,,,,否,否,	,否,	,,559.0	,0.0	,0.0	,100.0	,0.0	,0.0	,0.0	,0.0	,459.0	,559.0	,	,	,山东省,菏泽市,单县,,,否,否,	,	,	,否,	,	,	,	,	,	,	,	,	,	,	,	,否,否,	,否,否,,	,否,	,否,,,否
【重磅新品】云米净水器600G小海豚升级版厨下式RO反渗透直饮家用,251023-210748075642110,待发货,1	,正常,2025-10-23 19:16:30,2025-10-24 19:16:30,,	,	,225501370546	,【24年新品】600G升级版6年长效,1600502140541	,厨房电器,净水器/净水设备及配件耗材,净水器,	,6923185653684	,6923185616399	,	,	,无售后或售后取消,,2025-10-23 19:16:30,	,,,,,,,否,否,	,否,	,,559.0	,0.0	,0.0	,55.9	,1.0	,0.0	,0.0	,0.0	,503.1	,559.0	,	,	,湖南省,湘潭市,岳塘区,,,否,否,	,	,	,否,	,	,	,	,	,	,	,	,	,	,	,	,否,否,	,否,否,,	,否,	,否,,,否
【重磅新品】云米净水器600G小海豚升级版厨下式RO反渗透直饮家用,251023-551052951921218,已取消,1	,正常,	,	,,	,	,225501370546	,【24年新品】600G升级版6年长效,1600502140541	,厨房电器,净水器/净水设备及配件耗材,净水器,	,6923185653684	,6923185616399	,	,	,无售后或售后取消,,	,	,,,,,,,否,否,	,否,	,,559.0	,0.0	,0.0	,55.9	,0.0	,0.0	,0.0	,0.0	,503.1	,559.0	,	,	,****,****,****,****,,否,否,	,	,	,否,	,	,	,	,	,	,	,	,	,	,	,	,否,否,	,否,	,,	,否,	,否,,,否
【重磅新品】云米净水器600G小海豚升级版厨下式RO反渗透直饮家用,251023-552379420972636,未发货，退款成功,1	,正常,2025-10-23 19:07:29,2025-10-24 19:07:29,,	,	,225501370546	,【24年新品】600G升级版6年长效,1600502140541	,厨房电器,净水器/净水设备及配件耗材,净水器,	,6923185653684	,6923185616399	,聚水潭已取消发货 已退款   叶10.23,	,退款成功,,2025-10-23 19:07:29,	,,,,,,,否,否,	,否,	,,559.0	,0.0	,0.0	,0.0	,1.11	,0.0	,0.0	,0.0	,559.0	,559.0	,	,	,江苏省,徐州市,丰县,,,否,否,	,	,	,否,	,	,	,	,	,	,	,	,	,	,	,	,否,否,	,否,否,,	,否,	,否,,,否
云米顶侧大吸力蓝调油烟机家用厨房节能自清洁一级能效可挥手智控,251023-388565583411072,已发货，待收货,1	,正常,2025-10-23 19:03:26,2025-10-24 19:03:26,,2025-10-24 09:20:19,	,657344402006	,云米智清洁挥手智控单烟机,1723825075586	,大家电,厨房大电,油烟机,	,6923185650973	,6923185650973	,主播：晓楠 场控：文蓝 权益：直播间抽转盘10元红包,	,无售后或售后取消,,2025-10-23 19:03:26,	,,,,,,,否,否,	,否,	,,819.0	,0.0	,0.0	,81.9	,1.47	,0.0	,0.0	,0.0	,737.1	,819.0	,JDV023628524435,京东大件物流,安徽省,合肥市,瑶海区,,,否,否,	,	,	,否,	,	,	,	,	,	,	,	,	,	,	,	,是,是,	,否,否,,	,否,	,否,,,否
【重磅新品】云米净水器600G小海豚升级版厨下式RO反渗透直饮家用,251023-149935952242788,已取消,1	,正常,	,	,,	,	,225501370546	,【24年新品】600G升级版6年长效,1600502140541	,厨房电器,净水器/净水设备及配件耗材,净水器,	,6923185653684	,6923185616399	,	,	,无售后或售后取消,,	,	,,,,,,,否,否,	,否,	,,559.0	,0.0	,0.0	,0.0	,0.0	,0.0	,0.0	,0.0	,559.0	,559.0	,	,	,****,****,****,****,,否,否,	,	,	,否,	,	,	,	,	,	,	,	,	,	,	,	,否,否,	,否,	,,	,否,	,否,,,否
【重磅新品】云米净水器600G小海豚升级版厨下式RO反渗透直饮家用,251023-176501573142974,待发货,1	,正常,2025-10-23 18:44:31,2025-10-24 18:44:31,,	,	,225501370546	,【24年新品】600G升级版6年长效,1600502140541	,厨房电器,净水器/净水设备及配件耗材,净水器,	,6923185653684	,6923185616399	,	,	,无售后或售后取消,,2025-10-23 18:44:31,	,,,,,,,否,否,	,否,	,,559.0	,0.0	,0.0	,50.0	,0.0	,0.0	,0.0	,0.0	,509.0	,559.0	,	,	,广东省,揭阳市,榕城区,,,否,否,	,	,	,否,	,	,	,	,	,	,	,	,	,	,	,	,否,否,	,否,否,,	,否,	,否,,,否
【重磅新品】云米净水器600G小海豚升级版厨下式RO反渗透直饮家用,251023-245686679931084,待发货,1	,正常,2025-10-23 18:40:36,2025-10-24 18:40:37,,	,	,225501370546	,【24年新品】600G升级版6年长效,1600502140541	,厨房电器,净水器/净水设备及配件耗材,净水器,	,6923185653684	,6923185616399	,	,	,无售后或售后取消,,2025-10-23 18:40:37,	,,,,,,,否,否,	,否,	,,559.0	,0.0	,0.0	,0.0	,0.0	,0.0	,0.0	,0.0	,559.0	,559.0	,	,	,广东省,广州市,白云区,,,否,否,	,	,	,否,	,	,	,	,	,	,	,	,	,	,	,	,否,否,	,否,否,,	,否,	,否,,,否
【重磅新品】云米净水器600G小海豚升级版厨下式RO反渗透直饮家用,251023-260135995022075,待发货,1	,正常,2025-10-23 18:34:06,2025-10-24 18:34:06,,	,	,225501370546	,【24年新品】600G升级版6年长效,1600502140541	,厨房电器,净水器/净水设备及配件耗材,净水器,	,6923185653684	,6923185616399	,	,	,无售后或售后取消,,2025-10-23 18:34:06,	,,,,,,,否,否,	,否,	,,559.0	,0.0	,0.0	,0.0	,0.0	,0.0	,0.0	,0.0	,559.0	,559.0	,	,	,河南省,商丘市,睢阳区,,,否,否,	,	,	,否,	,	,	,	,	,	,	,	,	,	,	,	,否,否,	,否,否,,	,否,	,否,,,否
【重磅新品】云米净水器600G小海豚升级版厨下式RO反渗透直饮家用,251023-204938954310519,未发货，退款成功,1	,正常,2025-10-23 18:27:32,2025-10-24 18:27:32,,	,	,225501370546	,【24年新品】600G升级版6年长效,1600502140541	,厨房电器,净水器/净水设备及配件耗材,净水器,	,6923185653684	,6923185616399	,聚水潭已取消发货 已退款   叶10.23,	,退款成功,,2025-10-23 18:27:32,	,,,,,,,否,否,	,否,	,,559.0	,0.0	,0.0	,0.0	,0.0	,0.0	,0.0	,0.0	,559.0	,559.0	,	,	,广东省,揭阳市,榕城区,,,否,否,	,	,	,否,	,	,	,	,	,	,	,	,	,	,	,	,否,否,	,否,否,,	,否,	,否,,,否
【重磅新品】云米净水器600G小海豚升级版厨下式RO反渗透直饮家用,251023-410192453190519,已取消,1	,正常,	,	,,	,	,225501370546	,【24年新品】600G升级版6年长效,1600502140541	,厨房电器,净水器/净水设备及配件耗材,净水器,	,6923185653684	,6923185616399	,	,	,无售后或售后取消,,	,	,,,,,,,否,否,	,否,	,,559.0	,0.0	,0.0	,0.0	,0.0	,0.0	,0.0	,0.0	,559.0	,559.0	,	,	,****,****,****,****,,否,否,	,	,	,否,	,	,	,	,	,	,	,	,	,	,	,	,否,否,	,否,	,,	,否,	,否,,,否
【重磅新品】云米净水器600G小海豚升级版厨下式RO反渗透直饮家用,251023-160877780530494,已取消,1	,正常,	,	,,	,	,225501370546	,【24年新品】600G升级版6年长效,1600502140541	,厨房电器,净水器/净水设备及配件耗材,净水器,	,6923185653684	,6923185616399	,	,	,无售后或售后取消,,	,	,,,,,,,否,否,	,否,	,,559.0	,0.0	,0.0	,0.0	,0.0	,0.0	,0.0	,0.0	,559.0	,559.0	,	,	,****,****,****,****,,否,否,	,	,	,否,	,	,	,	,	,	,	,	,	,	,	,	,否,否,	,否,	,,	,否,	,否,,,否
【重磅新品】云米净水器600G小海豚升级版厨下式RO反渗透直饮家用,251023-423084767533065,待发货,1	,正常,2025-10-23 18:17:24,2025-10-24 18:17:24,,	,	,225501370546	,【24年新品】600G升级版6年长效,1600502140541	,厨房电器,净水器/净水设备及配件耗材,净水器,	,6923185653684	,6923185616399	,	,	,无售后或售后取消,,2025-10-23 18:17:24,	,,,,,,,否,否,	,否,	,,559.0	,0.0	,0.0	,0.0	,0.0	,0.0	,0.0	,0.0	,559.0	,559.0	,	,	,福建省,莆田市,秀屿区,,,否,否,	,	,	,否,	,	,	,	,	,	,	,	,	,	,	,	,否,否,	,否,否,,	,否,	,否,,,否
【重磅新品】云米净水器600G小海豚升级版厨下式RO反渗透直饮家用,251023-188308601161250,待发货,1	,正常,2025-10-23 18:11:05,2025-10-24 18:11:05,,	,	,225501370546	,【24年新品】600G升级版6年长效,1600502140541	,厨房电器,净水器/净水设备及配件耗材,净水器,	,6923185653684	,6923185616399	,	,	,无售后或售后取消,,2025-10-23 18:11:05,	,,,,,,,否,否,	,否,	,,559.0	,0.0	,0.0	,0.0	,0.0	,0.0	,0.0	,0.0	,559.0	,559.0	,	,	,辽宁省,朝阳市,龙城区,,,否,否,	,	,	,否,	,	,	,	,	,	,	,	,	,	,	,	,否,否,	,否,否,,	,否,	,否,,,否
【重磅新品】云米净水器600G小海豚升级版厨下式RO反渗透直饮家用,251023-638824026430458,待发货,1	,正常,2025-10-23 18:07:38,2025-10-24 18:07:39,,	,	,225501370546	,【24年新品】600G升级版6年长效,1600502140541	,厨房电器,净水器/净水设备及配件耗材,净水器,	,6923185653684	,6923185616399	,	,	,无售后或售后取消,,2025-10-23 18:07:39,	,,,,,,,否,否,	,否,	,,559.0	,0.0	,0.0	,0.0	,1.11	,0.0	,0.0	,0.0	,559.0	,559.0	,	,	,广东省,阳江市,阳东区,,,否,否,	,	,	,否,	,	,	,	,	,	,	,	,	,	,	,	,否,否,	,否,否,,	,否,	,否,,,否
【重磅新品】云米净水器600G小海豚升级版厨下式RO反渗透直饮家用,251023-030539804302615,已取消,1	,正常,	,	,,	,	,225501370546	,【24年新品】600G升级版6年长效,1600502140541	,厨房电器,净水器/净水设备及配件耗材,净水器,	,6923185653684	,6923185616399	,	,	,无售后或售后取消,,	,	,,,,,,,否,否,	,否,	,,559.0	,0.0	,0.0	,0.0	,0.0	,0.0	,0.0	,0.0	,559.0	,559.0	,	,	,****,****,****,****,,否,否,	,	,	,否,	,	,	,	,	,	,	,	,	,	,	,	,否,否,	,否,	,,	,否,	,否,,,否
云米电热水器家用洗澡租房储水式速热抑菌节能省电卫生间40/60升,251023-269531256361286,待发货,1	,正常,2025-10-23 17:51:43,2025-10-24 17:51:44,,	,	,227645754240	,"速热抑菌洗-40L,全国联保送货上门安装8年质保",1645458252843	,大家电,热水器,电热水器,	,6923185681281	,	,	,	,无售后或售后取消,,2025-10-23 17:51:44,	,,,,,,,否,否,	,否,	,,467.0	,0.0	,24.0	,16.0	,0.0	,0.0	,0.0	,0.0	,427.0	,443.0	,	,	,广东省,广州市,白云区,,,否,否,	,	,	,否,	,	,	,	,	,	,	,	,	,	,	,	,否,否,	,否,否,,	,否,	,否,,,否
【重磅新品】云米净水器600G小海豚升级版厨下式RO反渗透直饮家用,251023-271025519010224,已发货，待收货,1	,正常,2025-10-23 17:51:12,2025-10-24 17:51:12,,2025-10-24 09:21:12,	,225501370546	,【24年新品】600G升级版6年长效,1600502140541	,厨房电器,净水器/净水设备及配件耗材,净水器,	,6923185653684	,6923185616399	,	,	,无售后或售后取消,,2025-10-23 17:51:12,	,,,,,,,否,否,	,否,	,,559.0	,0.0	,0.0	,0.0	,0.0	,0.0	,0.0	,0.0	,559.0	,559.0	,JDV023628488227,京东大件物流,江苏省,徐州市,泉山区,,,否,否,	,	,	,否,	,	,	,	,	,	,	,	,	,	,	,	,否,否,	,否,否,,	,否,	,否,,,否
云米小厨宝6L即热式厨房台下洗碗热水宝上出水储水式小型电热水器,251023-371327056313416,待发货,1	,正常,2025-10-23 17:44:38,2025-10-24 17:44:38,,	,	,205451808289	,"热水即刻有6L,小厨宝",1752480784258	,大家电,热水器,电热水器,	,6923185611233	,6923185611233	,	,	,无售后或售后取消,,2025-10-23 17:44:38,	,,,,,,,否,否,	,否,	,,289.0	,0.0	,0.0	,14.45	,0.0	,0.0	,0.0	,0.0	,274.55	,289.0	,	,	,浙江省,湖州市,德清县,,,否,否,	,	,	,否,	,	,	,	,	,	,	,	,	,	,	,	,否,否,	,否,否,,	,否,	,否,,,否
【重磅新品】云米净水器600G小海豚升级版厨下式RO反渗透直饮家用,251023-595832410510716,已取消,1	,正常,	,	,,	,	,225501370546	,【24年新品】600G升级版6年长效,1600502140541	,厨房电器,净水器/净水设备及配件耗材,净水器,	,6923185653684	,6923185616399	,	,	,无售后或售后取消,,	,	,,,,,,,否,否,	,否,	,,559.0	,0.0	,0.0	,0.0	,0.0	,0.0	,0.0	,0.0	,559.0	,559.0	,	,	,****,****,****,****,,否,否,	,	,	,否,	,	,	,	,	,	,	,	,	,	,	,	,否,否,	,否,	,,	,否,	,否,,,否
云米顶侧大吸力蓝调油烟机家用厨房节能自清洁一级能效可挥手智控,251023-563116839350802,待发货,1	,正常,2025-10-23 17:02:38,2025-10-24 17:02:38,,	,	,657344402006	,云米智清洁挥手智控单烟机,1723825075586	,大家电,厨房大电,油烟机,	,6923185650973	,6923185650973	,后返到手价769,	,无售后或售后取消,,2025-10-23 17:02:38,	,,,,,,,否,否,	,否,	,,819.0	,0.0	,0.0	,37.0	,0.0	,0.0	,0.0	,0.0	,782.0	,819.0	,	,	,河南省,驻马店市,驿城区,,,否,否,	,	,	,否,	,	,	,	,	,	,	,	,	,	,	,	,否,否,	,否,否,,	,否,	,否,,,否
【重磅新品】云米净水器600G小海豚升级版厨下式RO反渗透直饮家用,251023-311704994163963,已取消,1	,正常,	,	,,	,	,225501370546	,【24年新品】600G升级版6年长效,1600502140541	,厨房电器,净水器/净水设备及配件耗材,净水器,	,6923185653684	,6923185616399	,	,	,无售后或售后取消,,	,	,,,,,,,否,否,	,否,	,,559.0	,0.0	,0.0	,0.0	,0.0	,0.0	,0.0	,0.0	,559.0	,559.0	,	,	,****,****,****,****,,否,否,	,	,	,否,	,	,	,	,	,	,	,	,	,	,	,	,否,否,	,否,	,,	,否,	,否,,,否
【重磅新品】云米净水器600G小海豚升级版厨下式RO反渗透直饮家用,251023-537798971763963,已取消,1	,正常,	,	,,	,	,225501370546	,【24年新品】600G升级版6年长效,1600502140541	,厨房电器,净水器/净水设备及配件耗材,净水器,	,6923185653684	,6923185616399	,	,	,无售后或售后取消,,	,	,,,,,,,否,否,	,否,	,,559.0	,0.0	,0.0	,0.0	,0.0	,0.0	,0.0	,0.0	,559.0	,559.0	,	,	,****,****,****,****,,否,否,	,	,	,否,	,	,	,	,	,	,	,	,	,	,	,	,否,否,	,否,	,,	,否,	,否,,,否
云米净水器滤芯小蓝调小海豚600G+专用复合滤芯RO反渗透滤芯过滤,251023-467921815121309,已发货，待收货,1	,正常,2025-10-23 16:43:07,2025-10-24 16:43:07,,2025-10-23 21:03:41,	,296967601341	,5in1复合滤芯 2年长效,1600193054565	,厨房电器,净水器/净水设备及配件耗材,净水器,	,6923185627425	,	,后返到手价99 ,	,无售后或售后取消,,2025-10-23 16:43:07,	,,,,,,,否,否,	,否,	,,299.0	,0.0	,0.0	,9.0	,0.0	,0.0	,0.0	,0.0	,290.0	,299.0	,JDV023620510198,京东大件物流,湖南省,永州市,冷水滩区,,,否,否,	,	,	,否,	,	,	,	,	,	,	,	,	,	,	,	,否,是,	,否,否,,	,否,	,否,,,否
【重磅新品】云米净水器600G小海豚升级版厨下式RO反渗透直饮家用,251023-338045223231299,待发货,1	,正常,2025-10-23 16:38:09,2025-10-24 16:38:09,,	,	,225501370546	,【24年新品】600G升级版6年长效,1600502140541	,厨房电器,净水器/净水设备及配件耗材,净水器,	,6923185653684	,6923185616399	,	,	,无售后或售后取消,,2025-10-23 16:38:09,	,,,,,,,否,否,	,否,	,,559.0	,0.0	,0.0	,0.0	,0.0	,0.0	,0.0	,0.0	,559.0	,559.0	,	,	,河北省,沧州市,运河区,,,否,否,	,	,	,否,	,	,	,	,	,	,	,	,	,	,	,	,否,否,	,否,否,,	,否,	,否,,,否
【重磅新品】云米净水器600G小海豚升级版厨下式RO反渗透直饮家用,251023-420400350801309,待发货,1	,正常,2025-10-23 16:38:15,2025-10-24 16:38:15,,	,	,225501370546	,【24年新品】600G升级版6年长效,1600502140541	,厨房电器,净水器/净水设备及配件耗材,净水器,	,6923185653684	,6923185616399	,	,	,无售后或售后取消,,2025-10-23 16:38:15,	,,,,,,,否,否,	,否,	,,559.0	,0.0	,0.0	,55.9	,0.0	,0.0	,0.0	,0.0	,503.1	,559.0	,	,	,湖南省,永州市,冷水滩区,,,否,否,	,	,	,否,	,	,	,	,	,	,	,	,	,	,	,	,否,否,	,否,否,,	,否,	,否,,,否
【重磅新品】云米净水器600G小海豚升级版厨下式RO反渗透直饮家用,251023-082827046470636,已发货，待收货,1	,正常,2025-10-23 16:36:29,2025-10-24 16:36:29,,2025-10-24 09:21:13,	,225501370546	,【24年新品】600G升级版6年长效,1600502140541	,厨房电器,净水器/净水设备及配件耗材,净水器,	,6923185653684	,6923185616399	,主播：晓楠 场控：文蓝 权益：直播间抽转盘10元红包,	,无售后或售后取消,,2025-10-23 16:36:29,	,,,,,,,否,否,	,否,	,,559.0	,0.0	,0.0	,55.9	,0.0	,0.0	,0.0	,0.0	,503.1	,559.0	,JDV023628567983,京东大件物流,江苏省,南京市,浦口区,,,否,否,	,	,	,否,	,	,	,	,	,	,	,	,	,	,	,	,是,是,	,否,否,,	,否,	,否,,,否
【重磅新品】云米净水器600G小海豚升级版厨下式RO反渗透直饮家用,251023-166707915051217,已取消,1	,正常,	,	,,	,	,225501370546	,【24年新品】600G升级版6年长效,1600502140541	,厨房电器,净水器/净水设备及配件耗材,净水器,	,6923185653684	,6923185616399	,	,	,无售后或售后取消,,	,	,,,,,,,否,否,	,否,	,,559.0	,0.0	,0.0	,1.0	,0.0	,0.0	,0.0	,0.0	,558.0	,559.0	,	,	,****,****,****,****,,否,否,	,	,	,否,	,	,	,	,	,	,	,	,	,	,	,	,否,否,	,否,	,,	,否,	,否,,,否
【重磅新品】云米净水器600G小海豚升级版厨下式RO反渗透直饮家用,251023-228699696732504,已发货，待收货,1	,正常,2025-10-23 16:18:34,2025-10-24 16:18:35,,2025-10-23 21:03:40,	,225501370546	,【24年新品】600G升级版6年长效,1600502140541	,厨房电器,净水器/净水设备及配件耗材,净水器,	,6923185653684	,6923185616399	,	,	,无售后或售后取消,,2025-10-23 16:18:35,	,,,,,,,否,否,	,否,	,,559.0	,0.0	,0.0	,0.0	,0.0	,0.0	,0.0	,0.0	,559.0	,559.0	,JDV023620396794,京东大件物流,河南省,洛阳市,涧西区,,,否,否,	,	,	,否,	,	,	,	,	,	,	,	,	,	,	,	,否,否,	,否,否,,	,否,	,否,,,否
【重磅新品】云米净水器600G小海豚升级版厨下式RO反渗透直饮家用,251023-519637573192457,已取消,1	,正常,	,	,,	,	,225501370546	,【24年新品】600G升级版6年长效,1600502140541	,厨房电器,净水器/净水设备及配件耗材,净水器,	,6923185653684	,6923185616399	,	,	,无售后或售后取消,,	,	,,,,,,,否,否,	,否,	,,559.0	,0.0	,0.0	,1.76	,0.0	,0.0	,0.0	,0.0	,557.24	,559.0	,	,	,****,****,****,****,,否,否,	,	,	,否,	,	,	,	,	,	,	,	,	,	,	,	,否,否,	,否,	,,	,否,	,否,,,否
【重磅新品】云米净水器600G小海豚升级版厨下式RO反渗透直饮家用,251023-670532912710999,已取消,1	,正常,	,	,,	,	,225501370546	,【24年新品】600G升级版6年长效,1600502140541	,厨房电器,净水器/净水设备及配件耗材,净水器,	,6923185653684	,6923185616399	,	,	,无售后或售后取消,,	,	,,,,,,,否,否,	,否,	,,559.0	,0.0	,0.0	,0.0	,0.0	,0.0	,0.0	,0.0	,559.0	,559.0	,	,	,****,****,****,****,,否,否,	,	,	,否,	,	,	,	,	,	,	,	,	,	,	,	,否,否,	,否,	,,	,否,	,否,,,否
云米24m³大吸力顶侧3吸油烟机聚能猛火灶 烟灶智能联动套装嵌入式,251023-530983196270228,已发货，待收货,1	,正常,2025-10-23 15:50:48,2025-10-24 15:50:48,,2025-10-23 21:03:41,	,205936193873	,"【热销套装】单烟机+5.2KW聚能灶,天然气",1604718199168	,大家电,厨房大电,烟灶消套装,	,S2302131157001,6923185649762	,补差后返到手价1359,	,无售后或售后取消,,2025-10-23 15:50:48,	,,,,,,,否,否,	,否,	,,1599.0	,0.0	,0.0	,0.0	,0.0	,0.0	,0.0	,0.0	,1599.0	,1599.0	,JDV023620490046,京东大件物流,内蒙古自治区,鄂尔多斯市,东胜区,,,否,否,	,	,	,否,	,	,	,	,	,	,	,	,	,	,	,	,否,否,	,否,是,6	,商家,否,	,否,,花呗分期,否
【重磅新品】云米净水器600G小海豚升级版厨下式RO反渗透直饮家用,251023-520581312071719,已取消,1	,正常,	,	,,	,	,225501370546	,【24年新品】600G升级版6年长效,1600502140541	,厨房电器,净水器/净水设备及配件耗材,净水器,	,6923185653684	,6923185616399	,	,	,无售后或售后取消,,	,	,,,,,,,否,否,	,否,	,,559.0	,0.0	,0.0	,0.0	,0.0	,0.0	,0.0	,0.0	,559.0	,559.0	,	,	,****,****,****,****,,否,否,	,	,	,否,	,	,	,	,	,	,	,	,	,	,	,	,否,否,	,否,	,,	,否,	,否,,,否
云米智能AI门锁3D指纹密码蓝牙可连大容量续航家用公寓自动安全,251023-130028726592163,待发货,1	,正常,2025-10-23 15:18:38,2025-10-24 15:18:38,,	,	,743885774552	,"云米蓝调指纹密码锁LBT11C,黑色",1734954999916	,基础建材,智能门锁/电子锁,智能门锁/电子锁,	,6923185655381	,6923185655381	,	,	,无售后或售后取消,,2025-10-23 15:18:38,	,,,,,,,否,否,	,否,	,,660.0	,0.0	,40.0	,38.0	,0.0	,0.0	,0.0	,0.0	,582.0	,620.0	,	,	,重庆市,重庆市,江北区,,,否,否,	,	,	,否,	,	,	,	,	,	,	,	,	,	,	,	,否,否,	,否,否,,	,否,	,否,,,否
云米智能AI门锁3D指纹密码蓝牙可连大容量续航家用公寓自动安全,251023-176816208192163,未发货，退款成功,1	,正常,2025-10-23 15:16:27,2025-10-24 15:16:27,,	,	,743885774552	,"云米蓝调指纹密码锁LBT11C,黑色",1734954999916	,基础建材,智能门锁/电子锁,智能门锁/电子锁,	,6923185655381	,6923185655381	,聚水潭已取消发货 已退款   叶10.23,	,退款成功,,2025-10-23 15:16:27,	,,,,,,,否,否,	,否,	,,660.0	,0.0	,40.0	,38.0	,0.0	,0.0	,0.0	,0.0	,582.0	,620.0	,	,	,北京市,北京市,昌平区,,,否,否,	,	,	,否,	,	,	,	,	,	,	,	,	,	,	,	,否,否,	,否,否,,	,否,	,否,,,否
【重磅新品】云米净水器600G小海豚升级版厨下式RO反渗透直饮家用,251023-470396454471719,已取消,1	,正常,	,	,,	,	,225501370546	,【24年新品】600G升级版6年长效,1600502140541	,厨房电器,净水器/净水设备及配件耗材,净水器,	,6923185653684	,6923185616399	,	,	,无售后或售后取消,,	,	,,,,,,,否,否,	,否,	,,559.0	,0.0	,0.0	,0.0	,0.0	,0.0	,0.0	,0.0	,559.0	,559.0	,	,	,****,****,****,****,,否,否,	,	,	,否,	,	,	,	,	,	,	,	,	,	,	,	,否,否,	,否,	,,	,否,	,否,,,否
【重磅新品】云米净水器600G小海豚升级版厨下式RO反渗透直饮家用,251023-578048499243040,已发货，待收货,1	,正常,2025-10-23 15:05:29,2025-10-24 15:05:29,,2025-10-23 21:03:42,	,225501370546	,【24年新品】600G升级版6年长效,1600502140541	,厨房电器,净水器/净水设备及配件耗材,净水器,	,6923185653684	,6923185616399	,	,	,无售后或售后取消,,2025-10-23 15:05:29,	,,,,,,,否,否,	,否,	,,559.0	,0.0	,0.0	,55.9	,1.0	,0.0	,0.0	,0.0	,503.1	,559.0	,JDV023619670648,京东大件物流,辽宁省,沈阳市,沈北新区,,,否,否,	,	,	,否,	,	,	,	,	,	,	,	,	,	,	,	,否,否,	,否,否,,	,否,	,否,,,否
【冷热直饮套装】云米净水器家用厨下管线机套装一键即热制冷直饮,251023-129462485431224,已发货，待收货,1	,正常,2025-10-23 15:02:05,2025-10-24 15:02:06,,2025-10-23 21:03:42,	,480070620581	,【冷热净水直饮套装】新品净水器+冷热管线机,1620106386127	,厨房电器,净水器/净水设备及配件耗材,净水器,	,S2407170910001,	,	,	,无售后或售后取消,,2025-10-23 15:02:06,	,,,,,,,否,否,	,否,	,,1429.0	,0.0	,0.0	,0.0	,0.0	,0.0	,0.0	,0.0	,1429.0	,1429.0	,JDV023620751576,京东大件物流,广东省,广州市,增城区,,,否,否,	,	,	,否,	,	,	,	,	,	,	,	,	,	,	,	,否,否,	,否,否,,	,否,	,否,,,否
【小海豚1000G管线机套装】云米净水器家用厨下一键即热制冷直饮,251023-525698414951915,已发货，待收货,1	,正常,2025-10-23 15:02:03,2025-10-24 15:02:03,,2025-10-23 21:03:41,	,246986456918	,【0陈水2件套】1000G+净热管线机2S,1751903219859	,厨房电器,净水器/净水设备及配件耗材,净水器,	,S2503111807001,	,	,	,无售后或售后取消,,2025-10-23 15:02:03,	,,,,,,,否,否,	,否,	,,1795.0	,0.0	,339.0	,100.0	,0.0	,0.0	,0.0	,0.0	,1356.0	,1456.0	,JDV023620710735,京东大件物流,山东省,济宁市,嘉祥县,,,否,否,	,	,	,否,	,	,	,	,	,	,	,	,	,	,	,	,否,否,	,否,否,,	,否,	,否,,,否
【小海豚1000G管线机套装】云米净水器家用厨下一键即热制冷直饮,251023-494765422951915,已取消,1	,正常,	,	,,	,	,246986456918	,【0陈水冷热2件套】1000G+管线机2E,1751903219858	,厨房电器,净水器/净水设备及配件耗材,净水器,	,S2503111808001,	,	,	,无售后或售后取消,,	,	,,,,,,,否,否,	,否,	,,1824.0	,0.0	,344.8	,100.0	,0.0	,0.0	,0.0	,0.0	,1379.2	,1479.2	,	,	,****,****,****,****,,否,否,	,	,	,否,	,	,	,	,	,	,	,	,	,	,	,	,否,否,	,否,	,,	,否,	,否,,,否
【重磅新品】云米净水器600G小海豚升级版厨下式RO反渗透直饮家用,251023-411702464821302,已发货，待收货,1	,正常,2025-10-23 14:54:47,2025-10-24 14:54:47,,2025-10-23 21:03:42,	,225501370546	,【24年新品】600G升级版6年长效,1600502140541	,厨房电器,净水器/净水设备及配件耗材,净水器,	,6923185653684	,6923185616399	,	,	,无售后或售后取消,,2025-10-23 14:54:47,	,,,,,,,否,否,	,否,	,,559.0	,0.0	,0.0	,0.0	,0.0	,0.0	,0.0	,0.0	,559.0	,559.0	,JDV023619691580,京东大件物流,河北省,承德市,双桥区,,,否,否,	,	,	,否,	,	,	,	,	,	,	,	,	,	,	,	,否,否,	,否,否,,	,否,	,否,,,否
云米净水器滤芯小蓝调小海豚600G+专用复合滤芯RO反渗透滤芯过滤,251023-239903772981302,已发货，待收货,2	,正常,2025-10-23 14:54:47,2025-10-24 14:54:47,,2025-10-23 21:03:41,	,296967601341	,5in1复合滤芯 2年长效,1600193054565	,厨房电器,净水器/净水设备及配件耗材,净水器,	,6923185627425	,	,后返，到手价99/根,	,无售后或售后取消,,2025-10-23 14:54:47,	,,,,,,,否,否,	,否,	,,598.0	,0.0	,5.98	,15.0	,0.0	,0.0	,0.0	,0.0	,577.02	,592.02	,JDV023619965791,京东大件物流,河北省,承德市,双桥区,,,否,否,	,	,	,否,	,	,	,	,	,	,	,	,	,	,	,	,否,否,	,否,否,,	,否,	,否,,,否
云米净水器滤芯小蓝调小海豚600G+专用复合滤芯RO反渗透滤芯过滤,251023-329619893852602,已发货，待收货,1	,正常,2025-10-23 14:54:50,2025-10-24 14:54:50,,2025-10-23 17:31:18,	,296967601341	,5in1复合滤芯 2年长效,1600193054565	,厨房电器,净水器/净水设备及配件耗材,净水器,	,6923185627425	,	,99 [viomi英英sk 10/23 14:55],	,无售后或售后取消,,2025-10-23 14:54:50,	,,,,,,,否,否,	,否,	,,299.0	,0.0	,0.0	,0.0	,0.2	,0.0	,0.0	,0.0	,299.0	,299.0	,JDV023616810880,京东大件物流,贵州省,贵阳市,南明区,,,否,否,	,	,	,否,	,	,	,	,	,	,	,	,	,	,	,	,否,否,	,否,否,,	,否,	,否,,,否
【重磅新品】云米净水器600G小海豚升级版厨下式RO反渗透直饮家用,251023-565885048402134,已发货，待收货,1	,正常,2025-10-23 14:48:48,2025-10-24 14:48:48,,2025-10-23 21:03:40,	,225501370546	,【24年新品】600G升级版6年长效,1600502140541	,厨房电器,净水器/净水设备及配件耗材,净水器,	,6923185653684	,6923185616399	,	,	,无售后或售后取消,,2025-10-23 14:48:48,	,,,,,,,否,否,	,否,	,,559.0	,0.0	,0.0	,0.0	,0.0	,0.0	,0.0	,0.0	,559.0	,559.0	,JDV023620744116,京东大件物流,广东省,广州市,天河区,,,否,否,	,	,	,否,	,	,	,	,	,	,	,	,	,	,	,	,否,否,	,否,否,,	,否,	,否,,,否
【重磅新品】云米净水器600G小海豚升级版厨下式RO反渗透直饮家用,251023-278255419750083,已取消,1	,正常,	,	,,	,	,225501370546	,【24年新品】600G升级版6年长效,1600502140541	,厨房电器,净水器/净水设备及配件耗材,净水器,	,6923185653684	,6923185616399	,	,	,无售后或售后取消,,	,	,,,,,,,否,否,	,否,	,,559.0	,0.0	,0.0	,5.0	,0.0	,0.0	,0.0	,0.0	,554.0	,559.0	,	,	,****,****,****,****,,否,否,	,	,	,否,	,	,	,	,	,	,	,	,	,	,	,	,否,否,	,否,	,,	,否,	,否,,,否
【重磅新品】云米净水器600G小海豚升级版厨下式RO反渗透直饮家用,251023-321519654531465,已发货，待收货,1	,正常,2025-10-23 14:39:13,2025-10-24 14:39:13,,2025-10-23 21:03:41,	,225501370546	,【24年新品】600G升级版6年长效,1600502140541	,厨房电器,净水器/净水设备及配件耗材,净水器,	,6923185653684	,6923185616399	,	,	,无售后或售后取消,,2025-10-23 14:39:13,	,,,,,,,否,否,	,否,	,,559.0	,0.0	,0.0	,55.9	,1.0	,0.0	,0.0	,0.0	,503.1	,559.0	,JDV023620572961,京东大件物流,陕西省,西安市,灞桥区,,,否,否,	,	,	,否,	,	,	,	,	,	,	,	,	,	,	,	,否,否,	,否,否,,	,否,	,否,,,否
【重磅新品】云米净水器600G小海豚升级版厨下式RO反渗透直饮家用,251023-416709394852032,已发货，待收货,1	,正常,2025-10-23 14:36:24,2025-10-24 14:36:24,,2025-10-24 09:21:13,	,225501370546	,【24年新品】600G升级版6年长效,1600502140541	,厨房电器,净水器/净水设备及配件耗材,净水器,	,6923185653684	,6923185616399	,	,	,无售后或售后取消,,2025-10-23 14:36:24,	,,,,,,,否,否,	,否,	,,559.0	,0.0	,0.0	,0.0	,2.0	,0.0	,0.0	,0.0	,559.0	,559.0	,JDV023628537448,京东大件物流,浙江省,杭州市,钱塘区,,,否,否,	,	,	,否,	,	,	,	,	,	,	,	,	,	,	,	,否,否,	,否,否,,	,否,	,否,,,否
云米小厨宝6L即热式厨房台下洗碗热水宝上出水储水式小型电热水器,251023-265363166831072,已取消,1	,正常,	,	,,	,	,205451808289	,"热水即刻有6L,小厨宝",1752480784258	,大家电,热水器,电热水器,	,6923185611233	,6923185611233	,	,	,无售后或售后取消,,	,	,,,,,,,否,否,	,否,	,,289.0	,0.0	,0.0	,26.0	,0.0	,0.0	,0.0	,0.0	,263.0	,289.0	,	,	,****,****,****,****,,否,否,	,	,	,否,	,	,	,	,	,	,	,	,	,	,	,	,否,否,	,否,	,,	,否,	,否,,,否
【重磅新品】云米净水器600G小海豚升级版厨下式RO反渗透直饮家用,251023-524880494891057,已取消,1	,正常,	,	,,	,	,225501370546	,【24年新品】600G升级版6年长效,1600502140541	,厨房电器,净水器/净水设备及配件耗材,净水器,	,6923185653684	,6923185616399	,	,	,无售后或售后取消,,	,	,,,,,,,否,否,	,否,	,,559.0	,0.0	,0.0	,0.0	,0.0	,0.0	,0.0	,0.0	,559.0	,559.0	,	,	,****,****,****,****,,否,否,	,	,	,否,	,	,	,	,	,	,	,	,	,	,	,	,否,否,	,否,	,,	,否,	,否,,,否
云米5.0KW智能燃气灶大火力爆炒灶具一级节能家用厨房双灶头台嵌,251023-635971837531874,已发货，待收货,1	,正常,2025-10-23 14:10:00,2025-10-24 14:10:01,,2025-10-23 21:03:42,	,623266189560	,5.0KW精焰猛火灶（天然气）,1690346386816	,大家电,厨房大电,燃气灶,	,6923185649656	,	,	,	,无售后或售后取消,,2025-10-23 14:10:01,	,,,,,,,否,否,	,否,	,,474.0	,0.0	,0.0	,0.0	,0.2	,0.0	,0.0	,0.0	,474.0	,474.0	,JDV023620527682,京东大件物流,福建省,福州市,仓山区,,,否,否,	,	,	,否,	,	,	,	,	,	,	,	,	,	,	,	,否,否,	,否,否,,	,否,	,否,,,否
【重磅新品】云米净水器600G小海豚升级版厨下式RO反渗透直饮家用,251023-137536541100731,已发货，待收货,1	,正常,2025-10-23 14:01:28,2025-10-24 14:01:28,,2025-10-23 21:03:41,	,225501370546	,【24年新品】600G升级版6年长效,1600502140541	,厨房电器,净水器/净水设备及配件耗材,净水器,	,6923185653684	,6923185616399	,	,	,无售后或售后取消,,2025-10-23 14:01:28,	,,,,,,,否,否,	,否,	,,559.0	,0.0	,0.0	,0.0	,15.0	,0.0	,0.0	,0.0	,559.0	,559.0	,JDV023620519125,京东大件物流,广东省,广州市,番禺区,,,否,否,	,	,	,否,	,	,	,	,	,	,	,	,	,	,	,	,否,否,	,否,否,,	,否,	,否,,,否
【重磅新品】云米净水器600G小海豚升级版厨下式RO反渗透直饮家用,251023-313718218332602,待发货,1	,正常,2025-10-23 13:58:03,2025-11-23 13:58:03,,	,	,225501370546	,【24年新品】600G升级版6年长效,1600502140541	,厨房电器,净水器/净水设备及配件耗材,净水器,	,6923185653684	,6923185616399	,	,	,无售后或售后取消,,2025-10-23 13:58:03,	,,,,,,,否,否,	,否,	,,559.0	,0.0	,0.0	,0.0	,0.0	,0.0	,0.0	,0.0	,559.0	,559.0	,	,	,贵州省,贵阳市,云岩区,,,否,否,	,	,	,否,	,	,	,	,	,	,	,	,	,	,	,	,否,否,	,否,是,3	,商家,否,	,否,,花呗分期,否
云米净水器滤芯家用小海豚小蓝调小白龙系列专用RO反渗透,251023-169014772092607,已发货，待收货,1	,正常,2025-10-23 13:51:42,2025-10-25 13:51:42,,2025-10-23 21:03:43,	,232467205433	,5in1 复合滤芯,1647394585330	,厨房电器,净水器/净水设备及配件耗材,净水器,	,6923185627425	,	,	,	,无售后或售后取消,,2025-10-23 13:51:42,	,,,,,,,否,否,	,否,	,,149.0	,0.0	,0.0	,0.0	,0.19	,0.0	,0.0	,0.0	,149.0	,149.0	,JDV023615349999,京东大件物流,山东省,济南市,历城区,,,否,否,	,	,	,否,	,	,	,	,	,	,	,	,	,	,	,	,否,否,	,否,否,,	,否,	,否,,,否
【重磅新品】云米净水器600G小海豚升级版厨下式RO反渗透直饮家用,251023-552709690972602,已取消,1	,正常,	,	,,	,	,225501370546	,【24年新品】600G升级版6年长效,1600502140541	,厨房电器,净水器/净水设备及配件耗材,净水器,	,6923185653684	,6923185616399	,	,	,无售后或售后取消,,	,	,,,,,,,否,否,	,否,	,,559.0	,0.0	,0.0	,0.0	,0.0	,0.0	,0.0	,0.0	,559.0	,559.0	,	,	,****,****,****,****,,否,否,	,	,	,否,	,	,	,	,	,	,	,	,	,	,	,	,否,否,	,否,	,,	,否,	,否,,,否
云米60升AI速热高温抑菌电热水器3000W一级节能变频增容家用租房,251023-391611738483072,已发货，待收货,1	,正常,2025-10-23 13:47:19,2025-10-24 13:47:20,,2025-10-23 21:03:43,	,226368376224	,3000W速热安全60L热水器,1737176648260	,大家电,热水器,电热水器,	,6923185602224	,6923185602224	,	,	,无售后或售后取消,,2025-10-23 13:47:20,	,,,,,,,否,否,	,否,	,,610.0	,0.0	,0.0	,0.0	,0.2	,0.0	,0.0	,0.0	,610.0	,610.0	,JDV023620535919,京东大件物流,广东省,河源市,源城区,,,否,否,	,	,	,否,	,	,	,	,	,	,	,	,	,	,	,	,否,否,	,否,否,,	,否,	,否,,,否
【重磅新品】云米净水器600G小海豚升级版厨下式RO反渗透直饮家用,251023-274333755790412,已取消,1	,正常,	,	,,	,	,225501370546	,【24年新品】600G升级版6年长效,1600502140541	,厨房电器,净水器/净水设备及配件耗材,净水器,	,6923185653684	,6923185616399	,	,	,无售后或售后取消,,	,	,,,,,,,否,否,	,否,	,,559.0	,0.0	,0.0	,0.0	,0.0	,0.0	,0.0	,0.0	,559.0	,559.0	,	,	,****,****,****,****,,否,否,	,	,	,否,	,	,	,	,	,	,	,	,	,	,	,	,否,否,	,否,	,,	,否,	,否,,,否
云米23立方油烟机燃气灶套装家用厨房顶侧大吸力油烟机5.0KW灶具,251023-136718599783028,已发货，待收货,1	,正常,2025-10-23 13:41:53,2025-10-24 13:41:53,,2025-10-23 21:03:41,	,209837375742	,"【烟灶联动】瞬吸烟机+5.0KW灶,天然气",1792607150009	,大家电,厨房大电,烟灶消套装,	,S2409261034001,	,	,	,无售后或售后取消,,2025-10-23 13:41:53,	,,,,,,,否,否,	,否,	,,1247.0	,0.0	,60.0	,40.0	,0.0	,0.0	,0.0	,0.0	,1147.0	,1187.0	,JDV023617327076,京东大件物流,山东省,威海市,文登区,,,否,否,	,	,	,否,	,	,	,	,	,	,	,	,	,	,	,	,否,否,	,否,否,,	,否,	,否,,,否
云米双腔大吸力手势控制智清洁油烟机聚能猛火灶安全烟灶联动套装【10月26日发完】,251023-649178682932531,待发货,1	,正常,2025-10-23 13:38:21,2025-10-26 23:59:59,,	,	,818698470695	,"【烟灶套装】双腔劲吸烟机+5.0KW灶,天然气灶",1786567894377	,大家电,厨房大电,烟灶消套装,	,S2209231819001,	,	,	,无售后或售后取消,,2025-10-23 13:38:21,	,,,,,,,否,否,	,否,	,,1199.0	,0.0	,0.0	,58.0	,0.0	,0.0	,0.0	,0.0	,1141.0	,1199.0	,	,	,江苏省,南京市,浦口区,,,否,否,	,	,	,否,	,	,	,	,	,	,	,	,	,	,	,	,否,否,	,否,否,,	,否,	,否,,,否
【重磅新品】云米净水器600G小海豚升级版厨下式RO反渗透直饮家用,251023-010134504972821,已取消,1	,正常,	,	,,	,	,225501370546	,【24年新品】600G升级版6年长效,1600502140541	,厨房电器,净水器/净水设备及配件耗材,净水器,	,6923185653684	,6923185616399	,	,	,无售后或售后取消,,	,	,,,,,,,否,否,	,否,	,,559.0	,0.0	,0.0	,0.0	,0.0	,0.0	,0.0	,0.0	,559.0	,559.0	,	,	,****,****,****,****,,否,否,	,	,	,否,	,	,	,	,	,	,	,	,	,	,	,	,否,否,	,否,	,,	,否,	,否,,,否
【重磅新品】云米净水器600G小海豚升级版厨下式RO反渗透直饮家用,251023-537882837302484,已取消,1	,正常,	,	,,	,	,225501370546	,【24年新品】600G升级版6年长效,1600502140541	,厨房电器,净水器/净水设备及配件耗材,净水器,	,6923185653684	,6923185616399	,	,	,无售后或售后取消,,	,	,,,,,,,否,否,	,否,	,,559.0	,0.0	,0.0	,0.0	,0.0	,0.0	,0.0	,0.0	,559.0	,559.0	,	,	,****,****,****,****,,否,否,	,	,	,否,	,	,	,	,	,	,	,	,	,	,	,	,否,否,	,否,	,,	,否,	,否,,,否
云米60升AI速热高温抑菌电热水器3000W一级节能变频增容家用租房,251023-346266027601430,待发货,2	,正常,2025-10-23 13:17:44,2025-11-23 13:17:44,,	,	,226368376224	,3000W速热安全60L热水器,1737176648260	,大家电,热水器,电热水器,	,6923185602224	,6923185602224	,延发 [viomi恩恩sk 10/23 15:15],	,无售后或售后取消,,2025-10-23 13:17:44,	,,,,,,,否,否,	,否,	,,1220.0	,0.0	,12.2	,0.0	,0.0	,0.0	,0.0	,0.0	,1207.8	,1207.8	,	,	,江苏省,宿迁市,泗洪县,,,否,否,	,	,	,否,	,	,	,	,	,	,	,	,	,	,	,	,否,否,	,否,否,,	,否,	,否,,,否
云米小厨宝6L电热水器厨房卫生间出水恒温储水式小型速热神器加热,251023-357653583400689,已发货，待收货,1	,正常,2025-10-23 13:18:02,2025-10-24 13:18:02,,2025-10-23 16:32:18,	,208073193570	,热水即刻有-【6L】,1801828025682	,大家电,热水器,厨宝,	,6923185611233	,6923185611233	,	,	,无售后或售后取消,,2025-10-23 13:18:02,	,,,,,,,否,否,	,否,	,,280.0	,0.0	,0.0	,0.0	,0.0	,0.0	,0.0	,0.0	,280.0	,280.0	,JDV023614775926,京东大件物流,浙江省,嘉兴市,海宁市,,,否,否,	,	,	,否,	,	,	,	,	,	,	,	,	,	,	,	,否,否,	,否,否,,	,否,	,否,,,否
【重磅新品】云米净水器600G小海豚升级版厨下式RO反渗透直饮家用,251023-034713126422099,已发货，待收货,1	,正常,2025-10-23 13:08:29,2025-10-24 13:08:29,,2025-10-23 21:03:41,	,225501370546	,【24年新品】600G升级版6年长效,1600502140541	,厨房电器,净水器/净水设备及配件耗材,净水器,	,6923185653684	,6923185616399	,	,	,无售后或售后取消,,2025-10-23 13:08:29,	,,,,,,,否,否,	,否,	,,559.0	,0.0	,0.0	,55.9	,0.0	,0.0	,0.0	,0.0	,503.1	,559.0	,JDV023617338594,京东大件物流,山东省,德州市,平原县,,,否,否,	,	,	,否,	,	,	,	,	,	,	,	,	,	,	,	,否,否,	,否,否,,	,否,	,否,,,否
【重磅新品】云米净水器600G小海豚升级版厨下式RO反渗透直饮家用,251023-540189704532534,待发货,1	,正常,2025-10-23 13:07:06,2025-11-12 13:07:06,,	,	,225501370546	,【24年新品】600G升级版6年长效,1600502140541	,厨房电器,净水器/净水设备及配件耗材,净水器,	,6923185653684	,6923185616399	,	,	,无售后或售后取消,,2025-10-23 13:07:06,	,,,,,,,否,否,	,否,	,,559.0	,0.0	,0.0	,55.9	,0.0	,0.0	,0.0	,0.0	,503.1	,559.0	,	,	,湖北省,武汉市,黄陂区,,,否,否,	,	,	,否,	,	,	,	,	,	,	,	,	,	,	,	,否,否,	,否,否,,	,否,	,否,,,否
【重磅新品】云米净水器600G小海豚升级版厨下式RO反渗透直饮家用,251023-603628573051264,已取消,1	,正常,	,	,,	,	,225501370546	,【24年新品】600G升级版6年长效,1600502140541	,厨房电器,净水器/净水设备及配件耗材,净水器,	,6923185653684	,6923185616399	,	,	,无售后或售后取消,,	,	,,,,,,,否,否,	,否,	,,559.0	,0.0	,0.0	,0.0	,0.0	,0.0	,0.0	,0.0	,559.0	,559.0	,	,	,****,****,****,****,,否,否,	,	,	,否,	,	,	,	,	,	,	,	,	,	,	,	,否,否,	,否,	,,	,否,	,否,,,否
【重磅新品】云米净水器600G小海豚升级版厨下式RO反渗透直饮家用,251023-602852585011822,已发货，待收货,1	,正常,2025-10-23 12:53:48,2025-10-24 12:53:48,,2025-10-23 17:58:35,	,225501370546	,【24年新品】600G升级版6年长效,1600502140541	,厨房电器,净水器/净水设备及配件耗材,净水器,	,6923185653684	,6923185616399	,	,	,无售后或售后取消,,2025-10-23 12:53:48,	,,,,,,,否,否,	,否,	,,559.0	,0.0	,0.0	,55.9	,1.0	,0.0	,0.0	,0.0	,503.1	,559.0	,JDV023617908860,京东大件物流,安徽省,滁州市,南谯区,,,否,否,	,	,	,否,	,	,	,	,	,	,	,	,	,	,	,	,否,否,	,否,否,,	,否,	,否,,,否
云米顶侧大吸力蓝调油烟机家用厨房节能自清洁一级能效可挥手智控,251023-076551371140456,已发货，待收货,1	,正常,2025-10-23 12:52:03,2025-10-24 12:52:03,,2025-10-23 16:32:19,	,657344402006	,云米智清洁挥手智控单烟机,1723825075586	,大家电,厨房大电,油烟机,	,6923185650973	,6923185650973	,	,	,无售后或售后取消,,2025-10-23 12:52:03,	,,,,,,,否,否,	,否,	,,819.0	,0.0	,0.0	,0.0	,0.0	,0.0	,0.0	,0.0	,819.0	,819.0	,JDV023614497582,京东大件物流,广西壮族自治区,桂林市,阳朔县,,,否,否,	,	,	,否,	,	,	,	,	,	,	,	,	,	,	,	,否,否,	,否,否,,	,否,	,否,,,否
【重磅新品】云米净水器600G小海豚升级版厨下式RO反渗透直饮家用,251023-200854782242102,未发货，退款成功,1	,正常,2025-10-23 12:47:32,2025-10-24 12:47:32,,	,	,225501370546	,【24年新品】600G升级版6年长效,1600502140541	,厨房电器,净水器/净水设备及配件耗材,净水器,	,6923185653684	,6923185616399	,聚水潭已取消发货 已退款   叶10.23,	,退款成功,,2025-10-23 12:47:32,	,,,,,,,否,否,	,否,	,,559.0	,0.0	,0.0	,0.0	,3.0	,0.0	,0.0	,0.0	,559.0	,559.0	,	,	,山东省,济宁市,邹城市,,,否,否,	,	,	,否,	,	,	,	,	,	,	,	,	,	,	,	,否,否,	,否,否,,	,否,	,否,,,否
云米智能双胆电热水器扁桶家用速热储水式60L超薄抑菌节能大水量,251023-598826094931583,已取消,1	,正常,	,	,,	,	,290130975552	,"纤薄安全节能60L,双胆扁桶",1756848157332	,大家电,热水器,电热水器,	,6923185610410	,6923185610410	,	,	,无售后或售后取消,,	,	,,,,,,,否,否,	,否,	,,799.0	,0.0	,0.0	,3.0	,0.0	,0.0	,0.0	,0.0	,796.0	,799.0	,	,	,****,****,****,****,,否,否,	,	,	,否,	,	,	,	,	,	,	,	,	,	,	,	,否,否,	,否,	,,	,否,	,否,,,否
云米AI燃气热水器智控恒温防冻节能安全水质净化精准控温13L强排,251023-227614410321982,待发货,1	,正常,2025-10-23 12:44:47,2025-10-24 12:44:47,,	,	,773161065181	,智控恒温燃气热水器,1755671371526	,大家电,热水器,燃气热水器,	,6923185655688	,6923185655688	,	,	,无售后或售后取消,,2025-10-23 12:44:47,	,,,,,,,否,否,	,否,	,,599.0	,0.0	,0.0	,29.95	,0.0	,0.0	,0.0	,0.0	,569.05	,599.0	,	,	,江西省,赣州市,章贡区,,,否,否,	,	,	,否,	,	,	,	,	,	,	,	,	,	,	,	,否,否,	,否,否,,	,否,	,否,,,否
云米净水器滤芯小蓝调小海豚600G+专用复合滤芯RO反渗透滤芯过滤,251023-406684986960161,已发货，待收货,1	,正常,2025-10-23 12:41:28,2025-10-24 12:41:28,,2025-10-23 16:32:19,	,296967601341	,5in1复合滤芯 2年长效,1600193054565	,厨房电器,净水器/净水设备及配件耗材,净水器,	,6923185627425	,	,后返到手价99,	,无售后或售后取消,,2025-10-23 12:41:28,	,,,,,,,否,否,	,否,	,,299.0	,0.0	,0.0	,0.0	,5.0	,0.0	,0.0	,0.0	,299.0	,299.0	,JDV023613807455,京东大件物流,甘肃省,白银市,平川区,,,否,否,	,	,	,否,	,	,	,	,	,	,	,	,	,	,	,	,否,否,	,否,否,,	,否,	,否,,,否
云米净水器滤芯小蓝调小海豚600G+专用复合滤芯RO反渗透滤芯过滤,251023-165260880212099,未发货，退款成功,2	,正常,2025-10-23 12:42:11,2025-10-24 12:42:11,,	,	,296967601341	,5in1复合滤芯 2年长效,1600193054565	,厨房电器,净水器/净水设备及配件耗材,净水器,	,6923185627425	,	,聚水潭已取消发货 已退款   叶10.23,	,退款成功,,2025-10-23 12:42:11,	,,,,,,,否,否,	,否,	,,598.0	,0.0	,5.98	,0.0	,0.0	,0.0	,0.0	,0.0	,592.02	,592.02	,	,	,北京市,北京市,朝阳区,,,否,否,	,	,	,否,	,	,	,	,	,	,	,	,	,	,	,	,否,否,	,否,否,,	,否,	,否,,,否
云米净水器滤芯小蓝调小海豚600G+专用复合滤芯RO反渗透滤芯过滤,251023-385986117972099,待付款,2	,正常,	,	,,	,	,296967601341	,5in1复合滤芯 2年长效,1600193054565	,厨房电器,净水器/净水设备及配件耗材,净水器,	,6923185627425	,	,	,	,无售后或售后取消,,	,	,,,,,,,否,否,	,否,	,,598.0	,0.0	,5.98	,0.0	,0.0	,0.0	,0.0	,0.0	,592.02	,592.02	,	,	,****,****,****,****,,否,否,	,	,	,否,	,	,	,	,	,	,	,	,	,	,	,	,否,否,	,否,	,,	,否,	,否,,,否
云米净水器滤芯小蓝调小海豚600G+专用复合滤芯RO反渗透滤芯过滤,251023-459575212472435,已发货，待收货,1	,正常,2025-10-23 12:31:24,2025-10-24 12:31:24,,2025-10-23 21:03:41,	,296967601341	,5in1复合滤芯 2年长效,1600193054565	,厨房电器,净水器/净水设备及配件耗材,净水器,	,6923185627425	,	,后返到手价99,	,无售后或售后取消,,2025-10-23 12:31:24,	,,,,,,,否,否,	,否,	,,299.0	,0.0	,0.0	,15.0	,0.0	,0.0	,0.0	,0.0	,284.0	,299.0	,JDV023620572189,京东大件物流,广东省,佛山市,南海区,,,否,否,	,	,	,否,	,	,	,	,	,	,	,	,	,	,	,	,否,否,	,否,否,,	,否,	,否,,,否
【重磅新品】云米净水器600G小海豚升级版厨下式RO反渗透直饮家用,251023-256135739832435,已发货，待收货,1	,正常,2025-10-23 12:30:05,2025-10-24 12:30:05,,2025-10-23 21:03:41,	,225501370546	,【24年新品】600G升级版6年长效,1600502140541	,厨房电器,净水器/净水设备及配件耗材,净水器,	,6923185653684	,6923185616399	,	,	,无售后或售后取消,,2025-10-23 12:30:05,	,,,,,,,否,否,	,否,	,,559.0	,0.0	,0.0	,0.0	,0.0	,0.0	,0.0	,0.0	,559.0	,559.0	,JDV023620505552,京东大件物流,广东省,佛山市,南海区,,,否,否,	,	,	,否,	,	,	,	,	,	,	,	,	,	,	,	,否,否,	,否,否,,	,否,	,否,,,否
【重磅新品】云米净水器600G小海豚升级版厨下式RO反渗透直饮家用,251023-060822689360161,已发货，待收货,1	,正常,2025-10-23 12:22:19,2025-10-24 12:22:19,,2025-10-23 21:03:41,	,225501370546	,【24年新品】600G升级版6年长效,1600502140541	,厨房电器,净水器/净水设备及配件耗材,净水器,	,6923185653684	,6923185616399	,	,	,无售后或售后取消,,2025-10-23 12:22:19,	,,,,,,,否,否,	,否,	,,559.0	,0.0	,0.0	,5.0	,15.0	,0.0	,0.0	,0.0	,554.0	,559.0	,JDV023620505419,京东大件物流,甘肃省,白银市,平川区,,,否,否,	,	,	,否,	,	,	,	,	,	,	,	,	,	,	,	,否,否,	,否,否,,	,否,	,否,,,否
【重磅新品】云米净水器600G小海豚升级版厨下式RO反渗透直饮家用,251023-176564487803868,待发货,1	,正常,2025-10-23 12:18:43,2026-01-20 12:18:43,,	,	,225501370546	,【24年新品】600G升级版6年长效,1600502140541	,厨房电器,净水器/净水设备及配件耗材,净水器,	,6923185653684	,6923185616399	,	,	,无售后或售后取消,,2025-10-23 12:18:43,	,,,,,,,否,否,	,否,	,,559.0	,0.0	,0.0	,55.9	,0.0	,0.0	,0.0	,0.0	,503.1	,559.0	,	,	,广西壮族自治区,玉林市,陆川县,,,否,否,	,	,	,否,	,	,	,	,	,	,	,	,	,	,	,	,否,否,	,否,是,3	,商家,否,	,否,,花呗分期,否
【重磅新品】云米净水器600G小海豚升级版厨下式RO反渗透直饮家用,251023-124114778450528,已发货，待收货,1	,正常,2025-10-23 12:17:08,2025-10-24 12:17:08,,2025-10-23 17:31:18,	,225501370546	,【24年新品】600G升级版6年长效,1600502140541	,厨房电器,净水器/净水设备及配件耗材,净水器,	,6923185653684	,6923185616399	,	,	,无售后或售后取消,,2025-10-23 12:17:08,	,,,,,,,否,否,	,否,	,,559.0	,0.0	,0.0	,0.0	,16.0	,0.0	,0.0	,0.0	,559.0	,559.0	,JDV023617718800,京东大件物流,上海市,上海市,浦东新区,,,否,否,	,	,	,否,	,	,	,	,	,	,	,	,	,	,	,	,否,否,	,否,是,3	,商家,否,	,否,,信用卡分期,否
云米净水器滤芯家用小海豚小蓝调小白龙系列专用RO反渗透,251023-325273567583754,待付款,1	,正常,	,	,,	,	,232467205433	,5in1 复合滤芯,1647394585330	,厨房电器,净水器/净水设备及配件耗材,净水器,	,6923185627425	,	,	,	,无售后或售后取消,,	,	,,,,,,,否,否,	,否,	,,149.0	,0.0	,0.0	,0.0	,0.0	,0.0	,0.0	,0.0	,149.0	,149.0	,	,	,****,****,****,****,,否,否,	,	,	,否,	,	,	,	,	,	,	,	,	,	,	,	,否,否,	,否,	,,	,否,	,否,,,否
【重磅新品】云米净水器600G小海豚升级版厨下式RO反渗透直饮家用,251023-206595756441209,已发货，待收货,1	,正常,2025-10-23 12:06:40,2025-10-24 12:06:40,,2025-10-23 16:32:17,	,225501370546	,【24年新品】600G升级版6年长效,1600502140541	,厨房电器,净水器/净水设备及配件耗材,净水器,	,6923185653684	,6923185616399	,	,	,无售后或售后取消,,2025-10-23 12:06:40,	,,,,,,,否,否,	,否,	,,559.0	,0.0	,0.0	,0.0	,0.0	,0.0	,0.0	,0.0	,559.0	,559.0	,JDV023615347543,京东大件物流,广西壮族自治区,南宁市,西乡塘区,,,否,否,	,	,	,否,	,	,	,	,	,	,	,	,	,	,	,	,否,否,	,否,否,,	,否,	,否,,,否
【重磅新品】云米净水器600G小海豚升级版厨下式RO反渗透直饮家用,251023-341295777363970,已发货，待收货,1	,正常,2025-10-23 12:03:31,2025-10-24 12:03:31,,2025-10-23 17:31:19,	,225501370546	,【24年新品】600G升级版6年长效,1600502140541	,厨房电器,净水器/净水设备及配件耗材,净水器,	,6923185653684	,6923185616399	,	,	,无售后或售后取消,,2025-10-23 12:03:31,	,,,,,,,否,否,	,否,	,,559.0	,0.0	,0.0	,0.0	,0.2	,0.0	,0.0	,0.0	,559.0	,559.0	,JDV023616783403,京东大件物流,湖北省,武汉市,洪山区,,,否,否,	,	,	,否,	,	,	,	,	,	,	,	,	,	,	,	,否,否,	,否,否,,	,否,	,否,,,否
云米净水器滤芯小蓝调小海豚600G+专用复合滤芯RO反渗透滤芯过滤,251023-637481828720006,已发货，待收货,2	,正常,2025-10-23 12:02:08,2025-10-24 12:02:09,,2025-10-23 14:25:07,	,296967601341	,5in1复合滤芯 2年长效,1600193054565	,厨房电器,净水器/净水设备及配件耗材,净水器,	,6923185627425	,	,99一支 [viomi英英sk 10/23 12:03],	,无售后或售后取消,,2025-10-23 12:02:09,	,,,,,,,否,否,	,否,	,,598.0	,0.0	,5.98	,0.0	,0.0	,0.0	,0.0	,0.0	,592.02	,592.02	,JDV023613999378,京东大件物流,安徽省,芜湖市,鸠江区,,,否,否,	,	,	,否,	,	,	,	,	,	,	,	,	,	,	,	,否,否,	,否,否,,	,否,	,否,,,否
【重磅新品】云米净水器600G小海豚升级版厨下式RO反渗透直饮家用,251023-151487803000618,未发货，退款成功,1	,正常,2025-10-23 11:58:21,2025-10-24 11:58:21,,	,	,225501370546	,【24年新品】600G升级版6年长效,1600502140541	,厨房电器,净水器/净水设备及配件耗材,净水器,	,6923185653684	,6923185616399	,聚水潭已取消发货 已退款   叶10.23,	,退款成功,,2025-10-23 11:58:21,	,,,,,,,否,否,	,否,	,,559.0	,0.0	,0.0	,0.0	,0.0	,0.0	,0.0	,0.0	,559.0	,559.0	,	,	,江苏省,南京市,江宁区,,,否,否,	,	,	,否,	,	,	,	,	,	,	,	,	,	,	,	,否,否,	,否,否,,	,否,	,否,,,否
【母婴直饮】云米净水器 SE 600G+ 新升级厨下式RO反渗透直饮家用,251023-646793141891117,未发货，退款成功,1	,正常,2025-10-23 11:57:26,2025-10-24 11:57:27,,	,	,819506595979	,【24年新品】600G升级版6年长效,1787046011387	,厨房电器,净水器/净水设备及配件耗材,净水器,	,6923185653684	,6923185616399	,聚水潭已取消发货 已退款   叶10.23,	,退款成功,,2025-10-23 11:57:27,	,,,,,,,否,否,	,否,	,,799.0	,0.0	,147.8	,60.0	,0.0	,0.0	,0.0	,0.0	,591.2	,651.2	,	,	,山西省,朔州市,应县,,,否,否,	,	,	,否,	,	,	,	,	,	,	,	,	,	,	,	,否,否,	,否,否,,	,否,	,否,,,否
【重磅新品】云米净水器600G小海豚升级版厨下式RO反渗透直饮家用,251023-196262050160006,已发货，待收货,1	,正常,2025-10-23 11:53:10,2025-10-24 11:53:10,,2025-10-23 17:31:19,	,225501370546	,【24年新品】600G升级版6年长效,1600502140541	,厨房电器,净水器/净水设备及配件耗材,净水器,	,6923185653684	,6923185616399	,	,	,无售后或售后取消,,2025-10-23 11:53:10,	,,,,,,,否,否,	,否,	,,559.0	,0.0	,0.0	,55.9	,15.0	,0.0	,0.0	,0.0	,503.1	,559.0	,JDV023616740743,京东大件物流,安徽省,芜湖市,鸠江区,,,否,否,	,	,	,否,	,	,	,	,	,	,	,	,	,	,	,	,否,否,	,否,否,,	,否,	,否,,,否
【重磅新品】云米净水器600G小海豚升级版厨下式RO反渗透直饮家用,251023-460303910521906,已取消,1	,正常,	,	,,	,	,225501370546	,【24年新品】600G升级版6年长效,1600502140541	,厨房电器,净水器/净水设备及配件耗材,净水器,	,6923185653684	,6923185616399	,	,	,无售后或售后取消,,	,	,,,,,,,否,否,	,否,	,,559.0	,0.0	,0.0	,0.0	,0.0	,0.0	,0.0	,0.0	,559.0	,559.0	,	,	,****,****,****,****,,否,否,	,	,	,否,	,	,	,	,	,	,	,	,	,	,	,	,否,否,	,否,	,,	,否,	,否,,,否
云米电热水器50/60升洗澡家用浴室速热大容量省电防漏电警示安全,251023-087220559491118,已发货，待收货,20	,正常,2025-10-23 11:45:58,2025-10-24 11:45:58,,2025-10-23 16:11:51,	,691819698413	,50L速热加长防电墙5倍增容,1683563098525	,大家电,热水器,电热水器,	,6923185614920	,	,	,	,无售后或售后取消,,2025-10-23 11:45:58,	,,,,,,,否,否,	,否,	,,9180.0	,0.0	,367.2	,0.0	,0.0	,0.0	,0.0	,0.0	,8812.8	,8812.8	,JDLD12873387711,京东大件物流,江苏省,苏州市,工业园区,,,否,否,	,	,	,否,	,	,	,	,	,	,	,	,	,	,	,	,否,否,	,否,否,,	,否,	,否,,,否
【重磅新品】云米净水器600G小海豚升级版厨下式RO反渗透直饮家用,251023-453509127763155,已取消,1	,正常,	,	,,	,	,225501370546	,【24年新品】600G升级版6年长效,1600502140541	,厨房电器,净水器/净水设备及配件耗材,净水器,	,6923185653684	,6923185616399	,	,	,无售后或售后取消,,	,	,,,,,,,否,否,	,否,	,,559.0	,0.0	,0.0	,0.0	,0.0	,0.0	,0.0	,0.0	,559.0	,559.0	,	,	,****,****,****,****,,否,否,	,	,	,否,	,	,	,	,	,	,	,	,	,	,	,	,否,否,	,否,	,,	,否,	,否,,,否
云米小厨宝6L电热水器厨房卫生间出水恒温储水式小型速热神器加热,251023-317991238061552,已发货，待收货,2	,正常,2025-10-23 11:39:12,2025-10-24 11:39:12,,2025-10-23 16:32:18,	,208073193570	,热水即刻有-【6L】,1801828025682	,大家电,热水器,厨宝,	,6923185611233	,6923185611233	,	,	,无售后或售后取消,,2025-10-23 11:39:12,	,,,,,,,否,否,	,否,	,,560.0	,0.0	,11.2	,27.44	,0.0	,0.0	,0.0	,0.0	,521.36	,548.8	,JDV023615387233,京东大件物流,陕西省,宝鸡市,凤翔区,,,否,否,	,	,	,否,	,	,	,	,	,	,	,	,	,	,	,	,否,否,	,否,否,,	,否,	,否,,,否
云米小厨宝6L即热式厨房台下洗碗热水宝上出水储水式小型电热水器,251023-467109210541552,未发货，退款成功,1	,正常,2025-10-23 11:37:30,2025-10-24 11:37:31,,	,	,205451808289	,"热水即刻有6L,小厨宝",1752480784258	,大家电,热水器,电热水器,	,6923185611233	,6923185611233	,聚水潭已取消发货 已退款   叶10.23,	,退款成功,,2025-10-23 11:37:31,	,,,,,,,否,否,	,否,	,,289.0	,0.0	,0.0	,14.45	,0.0	,0.0	,0.0	,0.0	,274.55	,289.0	,	,	,陕西省,宝鸡市,凤翔区,,,否,否,	,	,	,否,	,	,	,	,	,	,	,	,	,	,	,	,否,否,	,否,否,,	,否,	,否,,,否
云米23立方油烟机燃气灶套装家用厨房顶侧大吸力油烟机5.0KW灶具,251023-391947251252531,未发货，退款成功,1	,正常,2025-10-23 11:34:25,2025-10-24 11:34:25,,	,	,209837375742	,"【烟灶联动】瞬吸烟机+5.0KW灶,天然气",1792607150009	,大家电,厨房大电,烟灶消套装,	,S2409261034001,	,聚水潭已取消发货 已退款   叶10.23,	,退款成功,,2025-10-23 11:34:25,	,,,,,,,否,否,	,否,	,,1247.0	,0.0	,60.0	,40.0	,0.0	,0.0	,0.0	,0.0	,1147.0	,1187.0	,	,	,江苏省,南京市,浦口区,,,否,否,	,	,	,否,	,	,	,	,	,	,	,	,	,	,	,	,否,否,	,否,否,,	,否,	,否,,,否
云米23立方油烟机燃气灶套装家用厨房顶侧大吸力油烟机5.0KW灶具,251023-545091776052531,已取消,1	,正常,	,	,,	,	,209837375742	,"【烟灶联动】瞬吸烟机+5.0KW灶,天然气",1792607150009	,大家电,厨房大电,烟灶消套装,	,S2409261034001,	,	,	,无售后或售后取消,,	,	,,,,,,,否,否,	,否,	,,1247.0	,0.0	,60.0	,40.0	,0.0	,0.0	,0.0	,0.0	,1147.0	,1187.0	,	,	,****,****,****,****,,否,否,	,	,	,否,	,	,	,	,	,	,	,	,	,	,	,	,否,否,	,否,	,,	,否,	,否,,,否
【重磅新品】云米净水器600G小海豚升级版厨下式RO反渗透直饮家用,251023-350360737430231,已发货，待收货,1	,正常,2025-10-23 11:32:59,2025-10-24 11:32:59,,2025-10-23 16:32:18,	,225501370546	,【24年新品】600G升级版6年长效,1600502140541	,厨房电器,净水器/净水设备及配件耗材,净水器,	,6923185653684	,6923185616399	,	,	,无售后或售后取消,,2025-10-23 11:32:59,	,,,,,,,否,否,	,否,	,,559.0	,0.0	,0.0	,55.9	,0.0	,0.0	,0.0	,0.0	,503.1	,559.0	,JDV023615279917,京东大件物流,广东省,广州市,荔湾区,,,否,否,	,	,	,否,	,	,	,	,	,	,	,	,	,	,	,	,否,否,	,否,否,,	,否,	,否,,,否
【重磅新品】云米净水器600G小海豚升级版厨下式RO反渗透直饮家用,251023-513351432591961,已发货，待收货,1	,正常,2025-10-23 11:30:48,2025-10-24 11:30:48,,2025-10-23 16:32:18,	,225501370546	,【24年新品】600G升级版6年长效,1600502140541	,厨房电器,净水器/净水设备及配件耗材,净水器,	,6923185653684	,6923185616399	,	,	,无售后或售后取消,,2025-10-23 11:30:48,	,,,,,,,否,否,	,否,	,,559.0	,0.0	,0.0	,55.9	,1.0	,0.0	,0.0	,0.0	,503.1	,559.0	,JDV023615279870,京东大件物流,广东省,广州市,白云区,,,否,否,	,	,	,否,	,	,	,	,	,	,	,	,	,	,	,	,否,否,	,否,否,,	,否,	,否,,,否
【重磅新品】云米净水器600G小海豚升级版厨下式RO反渗透直饮家用,251023-176339085690773,已发货，待收货,1	,正常,2025-10-23 11:28:42,2025-10-24 11:28:42,,2025-10-23 21:03:43,	,225501370546	,【24年新品】600G升级版6年长效,1600502140541	,厨房电器,净水器/净水设备及配件耗材,净水器,	,6923185653684	,6923185616399	,ZX2510230062357,	,无售后或售后取消,,2025-10-23 11:28:42,	,,,,,,,否,否,	,否,	,,559.0	,0.0	,0.0	,0.0	,0.0	,0.0	,0.0	,0.0	,559.0	,559.0	,JDV023615015706,京东大件物流,山东省,滨州市,滨城区,,,否,否,	,	,	,否,	,	,	,	,	,	,	,	,	,	,	,	,否,否,	,否,是,3	,商家,否,	,否,,信用卡分期,否
云米电热水器AI美肤洗 780mm超薄 1级能效双胆三管速热 Super2Pro,251023-580638523690213,已发货，待收货,1	,正常,2025-10-23 11:22:07,2025-10-25 11:22:07,,2025-10-23 16:32:18,	,515237643272	,双胆三管美肤洗60L,1684187330469	,大家电,热水器,电热水器,	,6923185651093	,6923185651093	,	,	,无售后或售后取消,,2025-10-23 11:22:07,	,,,,,,,否,否,	,否,	,,1358.0	,0.0	,0.0	,0.0	,0.0	,0.0	,0.0	,0.0	,1358.0	,1358.0	,JDV023614493300,京东大件物流,山西省,太原市,万柏林区,,,否,否,	,	,	,否,	,	,	,	,	,	,	,	,	,	,	,	,否,否,	,否,否,,	,否,	,否,,,否
云米双腔大吸力手势控制智清洁油烟机聚能猛火灶安全烟灶联动套装【10月26日发完】,251023-237041140010213,已发货，待收货,1	,正常,2025-10-23 11:22:07,2025-10-26 23:59:59,,2025-10-23 16:32:19,	,818698470695	,"【烟灶套装】双腔劲吸烟机+5.0KW灶,天然气灶",1786567894377	,大家电,厨房大电,烟灶消套装,	,S2209231819001,	,	,	,无售后或售后取消,,2025-10-23 11:22:07,	,,,,,,,否,否,	,否,	,,1199.0	,0.0	,0.0	,0.0	,0.0	,0.0	,0.0	,0.0	,1199.0	,1199.0	,JDV023614652915,京东大件物流,山西省,太原市,万柏林区,,,否,否,	,	,	,否,	,	,	,	,	,	,	,	,	,	,	,	,否,否,	,否,否,,	,否,	,否,,,否
【重磅新品】云米净水器600G小海豚升级版厨下式RO反渗透直饮家用,251023-163598907772783,待发货,1	,正常,2025-10-23 11:05:27,2025-10-27 11:05:27,,	,	,225501370546	,【24年新品】600G升级版6年长效,1600502140541	,厨房电器,净水器/净水设备及配件耗材,净水器,	,6923185653684	,6923185616399	,	,	,无售后或售后取消,,2025-10-23 11:05:27,	,,,,,,,否,否,	,否,	,,559.0	,0.0	,0.0	,55.9	,0.0	,0.0	,0.0	,0.0	,503.1	,559.0	,	,	,湖南省,长沙市,开福区,,,否,否,	,	,	,否,	,	,	,	,	,	,	,	,	,	,	,	,否,否,	,否,否,,	,否,	,否,,,否
【重磅新品】云米净水器600G小海豚升级版厨下式RO反渗透直饮家用,251023-131617339682199,已发货，待收货,1	,正常,2025-10-23 11:03:40,2025-10-24 11:03:40,,2025-10-23 16:32:17,	,225501370546	,【24年新品】600G升级版6年长效,1600502140541	,厨房电器,净水器/净水设备及配件耗材,净水器,	,6923185653684	,6923185616399	,	,	,无售后或售后取消,,2025-10-23 11:03:40,	,,,,,,,否,否,	,否,	,,559.0	,0.0	,0.0	,0.0	,0.0	,0.0	,0.0	,0.0	,559.0	,559.0	,JDV023615360145,京东大件物流,广东省,揭阳市,普宁市,,,否,否,	,	,	,否,	,	,	,	,	,	,	,	,	,	,	,	,否,否,	,否,否,,	,否,	,否,,,否
云米小厨宝6L电热水器厨房卫生间出水恒温储水式小型速热神器加热,251023-411650036080661,待发货,1	,审核中，请勿发货,2025-10-24 09:23:32,2025-10-25 09:23:33,,	,	,208073193570	,热水即刻有-【6L】,1801828025682	,大家电,热水器,厨宝,	,6923185611233	,6923185611233	,	,	,无售后或售后取消,,2025-10-24 09:23:33,	,,,,,,,否,否,	,否,	,,280.0	,0.0	,0.0	,22.4	,0.0	,0.0	,0.0	,0.0	,257.6	,280.0	,	,	,辽宁省,大连市,中山区,,,否,否,	,	,	,否,	,	,	,	,	,	,	,	,	,	,	,	,否,否,	,否,	,,	,否,	,否,,,否
云米小厨宝6L电热水器厨房卫生间出水恒温储水式小型速热神器加热,251023-404509233472502,已发货，待收货,2	,正常,2025-10-23 10:53:24,2025-10-24 10:53:25,,2025-10-23 16:32:19,	,208073193570	,热水即刻有-【6L】,1801828025682	,大家电,热水器,厨宝,	,6923185611233	,6923185611233	,	,	,无售后或售后取消,,2025-10-23 10:53:25,	,,,,,,,否,否,	,否,	,,560.0	,0.0	,11.2	,1.0	,0.0	,0.0	,0.0	,0.0	,547.8	,548.8	,JDV023614497888,京东大件物流,江苏省,常州市,天宁区,,,否,否,	,	,	,否,	,	,	,	,	,	,	,	,	,	,	,	,否,否,	,否,否,,	,否,	,否,,,否
【母婴直饮】云米净水器 SE 600G+ 新升级厨下式RO反渗透直饮家用,251023-020782846312376,已取消,1	,正常,	,	,,	,	,819506595979	,【24年新品】600G升级版6年长效,1787046011387	,厨房电器,净水器/净水设备及配件耗材,净水器,	,6923185653684	,6923185616399	,	,	,无售后或售后取消,,	,	,,,,,,,否,否,	,否,	,,799.0	,0.0	,142.22	,87.89	,0.0	,0.0	,0.0	,0.0	,568.89	,656.78	,	,	,****,****,****,****,,否,否,	,	,	,否,	,	,	,	,	,	,	,	,	,	,	,	,否,否,	,否,	,,	,否,	,否,,,否
【重磅新品】云米净水器600G小海豚升级版厨下式RO反渗透直饮家用,251023-197478336070636,未发货，退款成功,1	,正常,2025-10-23 10:51:02,2025-10-24 10:51:02,,	,	,225501370546	,【24年新品】600G升级版6年长效,1600502140541	,厨房电器,净水器/净水设备及配件耗材,净水器,	,6923185653684	,6923185616399	,拦截	ZX2510230062420,	,退款成功,,2025-10-23 10:51:02,	,,,,,,,否,否,	,否,	,,559.0	,0.0	,0.0	,55.9	,0.0	,0.0	,0.0	,0.0	,503.1	,559.0	,	,	,江苏省,南京市,浦口区,,,否,否,	,	,	,否,	,	,	,	,	,	,	,	,	,	,	,	,否,否,	,否,否,,	,否,	,否,,,否
【重磅新品】云米净水器600G小海豚升级版厨下式RO反渗透直饮家用,251023-250116903271561,已发货，待收货,1	,正常,2025-10-23 10:49:48,2025-10-24 10:49:48,,2025-10-23 16:32:18,	,225501370546	,【24年新品】600G升级版6年长效,1600502140541	,厨房电器,净水器/净水设备及配件耗材,净水器,	,6923185653684	,6923185616399	,	,	,无售后或售后取消,,2025-10-23 10:49:48,	,,,,,,,否,否,	,否,	,,559.0	,0.0	,0.0	,0.0	,0.0	,0.0	,0.0	,0.0	,559.0	,559.0	,JDV023615347509,京东大件物流,广东省,东莞市,虎门镇,,,否,否,	,	,	,否,	,	,	,	,	,	,	,	,	,	,	,	,否,否,	,否,否,,	,否,	,否,,,否
云米电热水器50/60升洗澡家用浴室速热大容量省电防漏电警示安全,251023-461740449393419,已发货，待收货,1	,正常,2025-10-23 10:44:54,2025-10-24 10:44:54,,2025-10-23 18:21:47,	,691819698413	,60L速热加长防电墙5倍增容,1683563098526	,大家电,热水器,电热水器,	,6923185614937	,	,ZX2510230062357,	,无售后或售后取消,,2025-10-23 10:44:54,	,,,,,,,否,否,	,否,	,,489.0	,0.0	,0.0	,1.0	,0.0	,0.0	,0.0	,0.0	,488.0	,489.0	,JDLD12873295399,京东大件物流,山西省,大同市,平城区,,,否,否,	,	,	,否,	,	,	,	,	,	,	,	,	,	,	,	,否,否,	,否,否,,	,否,	,否,,,否
云米顶侧双吸大吸力低噪油烟机猛火液化气聚能灶智能套装家用厨房,251023-577188718941932,已发货，待收货,1	,正常,2025-10-23 11:00:10,2025-10-24 11:00:10,,2025-10-23 21:03:40,	,674950510509	,【烟灶套装】顶侧双吸烟机+5.0KW灶（天）,1744061180430	,大家电,厨房大电,烟灶消套装,	,S2405071349001,S2501061036001,后返，送清洁剂，100装修补贴 ZX2510230062357;奇门回传单号:JDV023620763222,	,无售后或售后取消,,2025-10-23 11:00:10,	,,,,,,,否,否,	,否,	,,1187.0	,0.0	,60.0	,40.0	,0.0	,0.0	,0.0	,0.0	,1087.0	,1127.0	,JDV023620736169,京东大件物流,内蒙古自治区,鄂尔多斯市,伊金霍洛旗,,,否,否,	,	,	,否,	,	,	,	,	,	,	,	,	,	,	,	,否,否,	,否,否,,	,否,	,否,,,否
【除菌除螨】云米10公斤大容量滚筒洗衣机全自动家用节能大筒径,251023-570236618311844,已取消,1	,正常,	,	,,	,	,277533575039	,【超薄大筒】除菌螨10KG洗衣机,1779370243859	,大家电,洗衣机,洗衣机,	,6923185653493	,6923185653493	,	,	,无售后或售后取消,,	,	,,,,,,,否,否,	,否,	,,1813.0	,0.0	,0.0	,0.0	,0.0	,0.0	,0.0	,0.0	,1813.0	,1813.0	,	,	,****,****,****,****,,否,否,	,	,	,否,	,	,	,	,	,	,	,	,	,	,	,	,否,否,	,否,	,,	,否,	,否,,,否
云米智能双胆电热水器扁桶家用速热储水式60L超薄抑菌节能大水量,251023-604923543873441,已取消,1	,正常,	,	,,	,	,290130975552	,"纤薄安全节能60L,双胆扁桶",1756848157332	,大家电,热水器,电热水器,	,6923185610410	,6923185610410	,	,	,无售后或售后取消,,	,	,,,,,,,否,否,	,否,	,,799.0	,0.0	,0.0	,40.0	,0.0	,0.0	,0.0	,0.0	,759.0	,799.0	,	,	,****,****,****,****,,否,否,	,	,	,否,	,	,	,	,	,	,	,	,	,	,	,	,否,否,	,否,	,,	,否,	,否,,,否
【重磅新品】云米净水器600G小海豚升级版厨下式RO反渗透直饮家用,251023-087503747513921,已取消,1	,正常,	,	,,	,	,225501370546	,【24年新品】600G升级版6年长效,1600502140541	,厨房电器,净水器/净水设备及配件耗材,净水器,	,6923185653684	,6923185616399	,	,	,无售后或售后取消,,	,	,,,,,,,否,否,	,否,	,,559.0	,0.0	,0.0	,0.0	,0.0	,0.0	,0.0	,0.0	,559.0	,559.0	,	,	,****,****,****,****,,否,否,	,	,	,否,	,	,	,	,	,	,	,	,	,	,	,	,否,否,	,否,	,,	,否,	,否,,,否
【重磅新品】云米净水器600G小海豚升级版厨下式RO反渗透直饮家用,251023-429412861511473,已发货，待收货,1	,正常,2025-10-23 10:08:10,2025-10-24 10:08:10,,2025-10-23 21:03:43,	,225501370546	,【24年新品】600G升级版6年长效,1600502140541	,厨房电器,净水器/净水设备及配件耗材,净水器,	,6923185653684	,6923185616399	,ZX2510230062357,	,无售后或售后取消,,2025-10-23 10:08:10,	,,,,,,,否,否,	,否,	,,559.0	,0.0	,0.0	,0.0	,0.0	,0.0	,0.0	,0.0	,559.0	,559.0	,JDV023614864872,京东大件物流,河南省,南阳市,新野县,,,否,否,	,	,	,否,	,	,	,	,	,	,	,	,	,	,	,	,否,否,	,否,否,,	,否,	,否,,,否
【重磅新品】云米净水器600G小海豚升级版厨下式RO反渗透直饮家用,251023-076063762843540,已发货，待收货,1	,正常,2025-10-23 10:06:14,2025-10-24 10:06:14,,2025-10-23 14:25:07,	,225501370546	,【24年新品】600G升级版6年长效,1600502140541	,厨房电器,净水器/净水设备及配件耗材,净水器,	,6923185653684	,6923185616399	,	,	,无售后或售后取消,,2025-10-23 10:06:14,	,,,,,,,否,否,	,否,	,,559.0	,0.0	,0.0	,0.0	,0.0	,0.0	,0.0	,0.0	,559.0	,559.0	,JDV023613220674,京东大件物流,河北省,保定市,竞秀区,,,否,否,	,	,	,否,	,	,	,	,	,	,	,	,	,	,	,	,否,否,	,否,否,,	,否,	,否,,,否
云米净水器滤芯小蓝调小海豚600G+专用复合滤芯RO反渗透滤芯过滤,251023-579852060213783,未发货，退款成功,2	,正常,2025-10-23 10:04:17,2025-10-24 10:04:17,,	,	,296967601341	,5in1复合滤芯 2年长效,1600193054565	,厨房电器,净水器/净水设备及配件耗材,净水器,	,6923185627425	,	,聚水潭已取消发货  已退款  委10.23,	,退款成功,,2025-10-23 10:04:17,	,,,,,,,否,否,	,否,	,,598.0	,0.0	,5.98	,0.0	,0.0	,0.0	,0.0	,0.0	,592.02	,592.02	,	,	,山东省,临沂市,兰山区,,,否,否,	,	,	,否,	,	,	,	,	,	,	,	,	,	,	,	,否,否,	,否,否,,	,否,	,否,,,否
【重磅新品】云米净水器600G小海豚升级版厨下式RO反渗透直饮家用,251023-454022929973783,未发货，退款成功,1	,正常,2025-10-23 10:04:00,2025-10-24 10:04:00,,	,	,225501370546	,【24年新品】600G升级版6年长效,1600502140541	,厨房电器,净水器/净水设备及配件耗材,净水器,	,6923185653684	,6923185616399	,聚水潭已取消发货  已退款  委10.23,	,退款成功,,2025-10-23 10:04:00,	,,,,,,,否,否,	,否,	,,559.0	,0.0	,0.0	,55.9	,3.0	,0.0	,0.0	,0.0	,503.1	,559.0	,	,	,山东省,临沂市,兰山区,,,否,否,	,	,	,否,	,	,	,	,	,	,	,	,	,	,	,	,否,否,	,否,否,,	,否,	,否,,,否
【重磅新品】云米净水器600G小海豚升级版厨下式RO反渗透直饮家用,251023-494340739382718,已取消,1	,正常,	,	,,	,	,225501370546	,【24年新品】600G升级版6年长效,1600502140541	,厨房电器,净水器/净水设备及配件耗材,净水器,	,6923185653684	,6923185616399	,	,	,无售后或售后取消,,	,	,,,,,,,否,否,	,否,	,,559.0	,0.0	,0.0	,0.0	,0.0	,0.0	,0.0	,0.0	,559.0	,559.0	,	,	,****,****,****,****,,否,否,	,	,	,否,	,	,	,	,	,	,	,	,	,	,	,	,否,否,	,否,	,,	,否,	,否,,,否
【重磅新品】云米净水器600G小海豚升级版厨下式RO反渗透直饮家用,251023-612934684982718,已取消,1	,正常,	,	,,	,	,225501370546	,【24年新品】600G升级版6年长效,1600502140541	,厨房电器,净水器/净水设备及配件耗材,净水器,	,6923185653684	,6923185616399	,	,	,无售后或售后取消,,	,	,,,,,,,否,否,	,否,	,,559.0	,0.0	,0.0	,0.0	,0.0	,0.0	,0.0	,0.0	,559.0	,559.0	,	,	,****,****,****,****,,否,否,	,	,	,否,	,	,	,	,	,	,	,	,	,	,	,	,否,否,	,否,	,,	,否,	,否,,,否
【重磅新品】云米净水器600G小海豚升级版厨下式RO反渗透直饮家用,251023-516790720010453,已发货，待收货,1	,正常,2025-10-23 09:58:50,2025-10-24 09:58:50,,2025-10-23 16:32:18,	,225501370546	,【24年新品】600G升级版6年长效,1600502140541	,厨房电器,净水器/净水设备及配件耗材,净水器,	,6923185653684	,6923185616399	,	,	,无售后或售后取消,,2025-10-23 09:58:50,	,,,,,,,否,否,	,否,	,,559.0	,0.0	,0.0	,55.9	,6.0	,0.0	,0.0	,0.0	,503.1	,559.0	,JDV023614453322,京东大件物流,广东省,广州市,花都区,,,否,否,	,	,	,否,	,	,	,	,	,	,	,	,	,	,	,	,否,否,	,否,否,,	,否,	,否,,,否
【重磅新品】云米净水器600G小海豚升级版厨下式RO反渗透直饮家用,251023-625486108222555,已发货，待收货,1	,正常,2025-10-23 09:52:03,2025-10-24 09:52:03,,2025-10-23 16:32:18,	,225501370546	,【24年新品】600G升级版6年长效,1600502140541	,厨房电器,净水器/净水设备及配件耗材,净水器,	,6923185653684	,6923185616399	,	,	,无售后或售后取消,,2025-10-23 09:52:03,	,,,,,,,否,否,	,否,	,,559.0	,0.0	,0.0	,0.0	,1.11	,0.0	,0.0	,0.0	,559.0	,559.0	,JDV023614473886,京东大件物流,四川省,自贡市,贡井区,,,否,否,	,	,	,否,	,	,	,	,	,	,	,	,	,	,	,	,否,否,	,否,否,,	,否,	,否,,,否
【重磅新品】云米净水器600G小海豚升级版厨下式RO反渗透直饮家用,251023-298225518230236,已取消,1	,正常,	,	,,	,	,225501370546	,【24年新品】600G升级版6年长效,1600502140541	,厨房电器,净水器/净水设备及配件耗材,净水器,	,6923185653684	,6923185616399	,	,	,无售后或售后取消,,	,	,,,,,,,否,否,	,否,	,,559.0	,0.0	,0.0	,0.0	,0.0	,0.0	,0.0	,0.0	,559.0	,559.0	,	,	,****,****,****,****,,否,否,	,	,	,否,	,	,	,	,	,	,	,	,	,	,	,	,否,否,	,否,	,,	,否,	,否,,,否
云米净水器滤芯小蓝调小海豚600G+专用复合滤芯RO反渗透滤芯过滤,251023-419063447881169,已发货，待收货,1	,正常,2025-10-23 09:35:37,2025-10-24 09:35:37,,2025-10-23 14:25:09,	,296967601341	,5in1复合滤芯 2年长效,1600193054565	,厨房电器,净水器/净水设备及配件耗材,净水器,	,6923185627425	,	,后返到手价99,	,无售后或售后取消,,2025-10-23 09:35:37,	,,,,,,,否,否,	,否,	,,299.0	,0.0	,0.0	,0.0	,0.0	,0.0	,0.0	,0.0	,299.0	,299.0	,JDV023610320586,京东大件物流,黑龙江省,牡丹江市,爱民区,,,否,否,	,	,	,否,	,	,	,	,	,	,	,	,	,	,	,	,否,否,	,否,否,,	,否,	,否,,,否
【重磅新品】云米净水器600G小海豚升级版厨下式RO反渗透直饮家用,251023-037748785481169,已发货，待收货,1	,正常,2025-10-23 09:32:43,2025-10-24 09:32:43,,2025-10-23 16:32:18,	,225501370546	,【24年新品】600G升级版6年长效,1600502140541	,厨房电器,净水器/净水设备及配件耗材,净水器,	,6923185653684	,6923185616399	,	,	,无售后或售后取消,,2025-10-23 09:32:43,	,,,,,,,否,否,	,否,	,,559.0	,0.0	,0.0	,55.9	,0.0	,0.0	,0.0	,0.0	,503.1	,559.0	,JDV023613371829,京东大件物流,黑龙江省,牡丹江市,爱民区,,,否,否,	,	,	,否,	,	,	,	,	,	,	,	,	,	,	,	,否,否,	,否,否,,	,否,	,否,,,否
云米60升AI速热高温抑菌电热水器3000W一级节能变频增容家用租房,251023-318033118782815,已取消,1	,正常,	,	,,	,	,226368376224	,3000W速热安全60L热水器,1737176648260	,大家电,热水器,电热水器,	,6923185602224	,6923185602224	,	,	,无售后或售后取消,,	,	,,,,,,,否,否,	,否,	,,610.0	,0.0	,0.0	,0.0	,0.0	,0.0	,0.0	,0.0	,610.0	,610.0	,	,	,****,****,****,****,,否,否,	,	,	,否,	,	,	,	,	,	,	,	,	,	,	,	,否,否,	,否,	,,	,否,	,否,,,否
云米智能双胆电热水器扁桶家用速热储水式60L超薄抑菌节能大水量,251023-005536561473441,已取消,1	,正常,	,	,,	,	,290130975552	,"纤薄安全节能60L,双胆扁桶",1756848157332	,大家电,热水器,电热水器,	,6923185610410	,6923185610410	,	,	,无售后或售后取消,,	,	,,,,,,,否,否,	,否,	,,799.0	,0.0	,0.0	,30.0	,0.0	,0.0	,0.0	,0.0	,769.0	,799.0	,	,	,****,****,****,****,,否,否,	,	,	,否,	,	,	,	,	,	,	,	,	,	,	,	,否,否,	,否,	,,	,否,	,否,,,否
【重磅新品】云米净水器600G小海豚升级版厨下式RO反渗透直饮家用,251023-355855255172179,已取消,1	,正常,	,	,,	,	,225501370546	,【24年新品】600G升级版6年长效,1600502140541	,厨房电器,净水器/净水设备及配件耗材,净水器,	,6923185653684	,6923185616399	,	,	,无售后或售后取消,,	,	,,,,,,,否,否,	,否,	,,559.0	,0.0	,0.0	,55.9	,0.0	,0.0	,0.0	,0.0	,503.1	,559.0	,	,	,****,****,****,****,,否,否,	,	,	,否,	,	,	,	,	,	,	,	,	,	,	,	,否,否,	,否,	,,	,否,	,否,,,否
【重磅新品】云米净水器600G小海豚升级版厨下式RO反渗透直饮家用,251023-448549435683095,已取消,1	,正常,	,	,,	,	,225501370546	,【24年新品】600G升级版6年长效,1600502140541	,厨房电器,净水器/净水设备及配件耗材,净水器,	,6923185653684	,6923185616399	,	,	,无售后或售后取消,,	,	,,,,,,,否,否,	,否,	,,559.0	,0.0	,0.0	,10.0	,0.0	,0.0	,0.0	,0.0	,549.0	,559.0	,	,	,****,****,****,****,,否,否,	,	,	,否,	,	,	,	,	,	,	,	,	,	,	,	,否,否,	,否,	,,	,否,	,否,,,否
【重磅新品】云米净水器600G小海豚升级版厨下式RO反渗透直饮家用,251023-339340214693192,已发货，待收货,1	,正常,2025-10-23 09:08:47,2025-10-24 09:08:47,,2025-10-23 14:25:07,	,225501370546	,【24年新品】600G升级版6年长效,1600502140541	,厨房电器,净水器/净水设备及配件耗材,净水器,	,6923185653684	,6923185616399	,	,	,无售后或售后取消,,2025-10-23 09:08:47,	,,,,,,,否,否,	,否,	,,559.0	,0.0	,0.0	,55.9	,0.0	,0.0	,0.0	,0.0	,503.1	,559.0	,JDV023613985007,京东大件物流,上海市,上海市,浦东新区,,,否,否,	,	,	,否,	,	,	,	,	,	,	,	,	,	,	,	,否,否,	,否,否,,	,否,	,否,,,否
【重磅新品】云米净水器600G小海豚升级版厨下式RO反渗透直饮家用,251023-069489159702172,已发货，待收货,1	,正常,2025-10-23 09:06:43,2025-10-24 09:06:43,,2025-10-23 14:25:07,	,225501370546	,【24年新品】600G升级版6年长效,1600502140541	,厨房电器,净水器/净水设备及配件耗材,净水器,	,6923185653684	,6923185616399	,	,	,无售后或售后取消,,2025-10-23 09:06:43,	,,,,,,,否,否,	,否,	,,559.0	,0.0	,0.0	,3.0	,0.0	,0.0	,0.0	,0.0	,556.0	,559.0	,JDV023613200820,京东大件物流,辽宁省,沈阳市,新民市,,,否,否,	,	,	,否,	,	,	,	,	,	,	,	,	,	,	,	,否,否,	,否,否,,	,否,	,否,,,否
【重磅新品】云米净水器600G小海豚升级版厨下式RO反渗透直饮家用,251023-488259008811513,已取消,1	,正常,	,	,,	,	,225501370546	,【24年新品】600G升级版6年长效,1600502140541	,厨房电器,净水器/净水设备及配件耗材,净水器,	,6923185653684	,6923185616399	,	,	,无售后或售后取消,,	,	,,,,,,,否,否,	,否,	,,559.0	,0.0	,0.0	,0.0	,0.0	,0.0	,0.0	,0.0	,559.0	,559.0	,	,	,****,****,****,****,,否,否,	,	,	,否,	,	,	,	,	,	,	,	,	,	,	,	,否,否,	,否,	,,	,否,	,否,,,否
【重磅新品】云米净水器600G小海豚升级版厨下式RO反渗透直饮家用,251023-553113403833990,已取消,1	,正常,	,	,,	,	,225501370546	,【24年新品】600G升级版6年长效,1600502140541	,厨房电器,净水器/净水设备及配件耗材,净水器,	,6923185653684	,6923185616399	,	,	,无售后或售后取消,,	,	,,,,,,,否,否,	,否,	,,559.0	,0.0	,0.0	,0.0	,0.0	,0.0	,0.0	,0.0	,559.0	,559.0	,	,	,****,****,****,****,,否,否,	,	,	,否,	,	,	,	,	,	,	,	,	,	,	,	,否,否,	,否,	,,	,否,	,否,,,否
【重磅新品】云米净水器600G小海豚升级版厨下式RO反渗透直饮家用,251023-410140076331513,已发货，待收货,1	,正常,2025-10-23 09:06:57,2025-10-24 09:06:57,,2025-10-23 14:25:08,	,225501370546	,【24年新品】600G升级版6年长效,1600502140541	,厨房电器,净水器/净水设备及配件耗材,净水器,	,6923185653684	,6923185616399	,	,	,无售后或售后取消,,2025-10-23 09:06:57,	,,,,,,,否,否,	,否,	,,559.0	,0.0	,0.0	,0.0	,0.0	,0.0	,0.0	,0.0	,559.0	,559.0	,JDV023613055110,京东大件物流,北京市,北京市,石景山区,,,否,否,	,	,	,否,	,	,	,	,	,	,	,	,	,	,	,	,否,否,	,否,否,,	,否,	,否,,,否
云米电热水器50/60升洗澡家用浴室速热大容量省电防漏电警示安全,251023-405767504183578,已取消,1	,正常,	,	,,	,	,691819698413	,50L速热加长防电墙5倍增容,1683563098525	,大家电,热水器,电热水器,	,6923185614920	,	,	,	,无售后或售后取消,,	,	,,,,,,,否,否,	,否,	,,459.0	,0.0	,0.0	,0.0	,0.0	,0.0	,0.0	,0.0	,459.0	,459.0	,	,	,****,****,****,****,,否,否,	,	,	,否,	,	,	,	,	,	,	,	,	,	,	,	,否,否,	,否,	,,	,否,	,否,,,否
【重磅新品】云米净水器600G小海豚升级版厨下式RO反渗透直饮家用,251023-624206877093192,未发货，退款成功,1	,正常,2025-10-23 08:59:56,2025-10-24 08:59:56,,	,	,225501370546	,【24年新品】600G升级版6年长效,1600502140541	,厨房电器,净水器/净水设备及配件耗材,净水器,	,6923185653684	,6923185616399	,聚水潭已取消发货 已退款 卫10.23,	,退款成功,,2025-10-23 08:59:56,	,,,,,,,否,否,	,否,	,,559.0	,0.0	,0.0	,0.0	,0.0	,0.0	,0.0	,0.0	,559.0	,559.0	,	,	,上海市,上海市,浦东新区,,,否,否,	,	,	,否,	,	,	,	,	,	,	,	,	,	,	,	,否,否,	,否,否,,	,否,	,否,,,否
云米全自动智能马桶2Pro一体座圈加热妇洗泡沫盾抗菌可冲洗带水箱,251023-557978827071790,已发货，待收货,1	,正常,2025-10-23 08:49:20,2025-10-24 08:49:20,,2025-10-23 15:41:27,	,248791771968	,"300mm,【大冲力】多种冲洗模式",1752476543651	,家装主材,卫浴陶瓷,智能坐便器,	,6923185654575	,	,	,	,无售后或售后取消,,2025-10-23 08:49:20,	,,,,,,,否,否,	,否,	,,2341.0	,0.0	,141.0	,100.0	,0.0	,0.0	,0.0	,0.0	,2100.0	,2200.0	,JDLD12873403390,京东大件物流,江西省,南昌市,青山湖区,,,否,否,	,	,	,否,	,	,	,	,	,	,	,	,	,	,	,	,否,否,	,否,否,,	,否,	,否,,,否
【重磅新品】云米净水器600G小海豚升级版厨下式RO反渗透直饮家用,251023-473348195902074,已发货，待收货,1	,正常,2025-10-23 08:48:34,2025-10-24 08:48:34,,2025-10-23 14:25:08,	,225501370546	,【24年新品】600G升级版6年长效,1600502140541	,厨房电器,净水器/净水设备及配件耗材,净水器,	,6923185653684	,6923185616399	,	,	,无售后或售后取消,,2025-10-23 08:48:34,	,,,,,,,否,否,	,否,	,,559.0	,0.0	,0.0	,55.9	,0.0	,0.0	,0.0	,0.0	,503.1	,559.0	,JDV023612272541,京东大件物流,浙江省,湖州市,德清县,,,否,否,	,	,	,否,	,	,	,	,	,	,	,	,	,	,	,	,否,否,	,否,否,,	,否,	,否,,,否
【重磅新品】云米净水器600G小海豚升级版厨下式RO反渗透直饮家用,251023-129583060523440,已发货，待收货,1	,正常,2025-10-23 08:46:55,2025-10-24 08:46:55,,2025-10-23 14:25:08,	,225501370546	,【24年新品】600G升级版6年长效,1600502140541	,厨房电器,净水器/净水设备及配件耗材,净水器,	,6923185653684	,6923185616399	,	,	,无售后或售后取消,,2025-10-23 08:46:55,	,,,,,,,否,否,	,否,	,,559.0	,0.0	,0.0	,3.0	,0.0	,0.0	,0.0	,0.0	,556.0	,559.0	,JDV023612272524,京东大件物流,江苏省,苏州市,常熟市,,,否,否,	,	,	,否,	,	,	,	,	,	,	,	,	,	,	,	,否,否,	,否,否,,	,否,	,否,,,否
【重磅新品】云米净水器600G小海豚升级版厨下式RO反渗透直饮家用,251023-328843968810048,已取消,1	,正常,	,	,,	,	,225501370546	,【24年新品】600G升级版6年长效,1600502140541	,厨房电器,净水器/净水设备及配件耗材,净水器,	,6923185653684	,6923185616399	,	,	,无售后或售后取消,,	,	,,,,,,,否,否,	,否,	,,559.0	,0.0	,0.0	,0.0	,0.0	,0.0	,0.0	,0.0	,559.0	,559.0	,	,	,****,****,****,****,,否,否,	,	,	,否,	,	,	,	,	,	,	,	,	,	,	,	,否,否,	,否,	,,	,否,	,否,,,否
【重磅新品】云米净水器600G小海豚升级版厨下式RO反渗透直饮家用,251023-012593415700466,已取消,1	,正常,	,	,,	,	,225501370546	,【24年新品】600G升级版6年长效,1600502140541	,厨房电器,净水器/净水设备及配件耗材,净水器,	,6923185653684	,6923185616399	,	,	,无售后或售后取消,,	,	,,,,,,,否,否,	,否,	,,559.0	,0.0	,0.0	,1.0	,0.0	,0.0	,0.0	,0.0	,558.0	,559.0	,	,	,****,****,****,****,,否,否,	,	,	,否,	,	,	,	,	,	,	,	,	,	,	,	,否,否,	,否,	,,	,否,	,否,,,否
云米电热水器家用洗澡租房储水式速热抑菌节能省电卫生间40/60升,251023-010653560421557,已发货，待收货,1	,正常,2025-10-23 08:31:49,2025-10-24 08:31:49,,2025-10-23 22:56:04,	,227645754240	,"速热抑菌洗-40L,全国联保送货上门安装8年质保",1645458252843	,大家电,热水器,电热水器,	,6923185681281	,	,ZX2510230062357,	,售后处理中,,2025-10-23 08:31:49,	,,,,,,,否,否,	,否,	,,467.0	,0.0	,0.0	,0.0	,0.0	,0.0	,0.0	,0.0	,467.0	,467.0	,JDLD12873244703,京东大件物流,山东省,济南市,市中区,,,否,否,	,	,	,否,	,	,	,	,	,	,	,	,	,	,	,	,否,否,	,否,否,,	,否,	,否,,,否
【重磅新品】云米净水器600G小海豚升级版厨下式RO反渗透直饮家用,251023-291598538381078,已取消,1	,正常,	,	,,	,	,225501370546	,【24年新品】600G升级版6年长效,1600502140541	,厨房电器,净水器/净水设备及配件耗材,净水器,	,6923185653684	,6923185616399	,	,	,无售后或售后取消,,	,	,,,,,,,否,否,	,否,	,,559.0	,0.0	,0.0	,0.0	,0.0	,0.0	,0.0	,0.0	,559.0	,559.0	,	,	,****,****,****,****,,否,否,	,	,	,否,	,	,	,	,	,	,	,	,	,	,	,	,否,否,	,否,	,,	,否,	,否,,,否
【重磅新品】云米净水器600G小海豚升级版厨下式RO反渗透直饮家用,251023-309392852500765,已发货，待收货,1	,正常,2025-10-23 08:08:42,2025-10-24 08:08:42,,2025-10-23 16:32:19,	,225501370546	,【24年新品】600G升级版6年长效,1600502140541	,厨房电器,净水器/净水设备及配件耗材,净水器,	,6923185653684	,6923185616399	,	,	,无售后或售后取消,,2025-10-23 08:08:42,	,,,,,,,否,否,	,否,	,,559.0	,0.0	,0.0	,55.9	,0.2	,0.0	,0.0	,0.0	,503.1	,559.0	,JDV023614445169,京东大件物流,湖南省,长沙市,雨花区,,,否,否,	,	,	,否,	,	,	,	,	,	,	,	,	,	,	,	,否,否,	,否,否,,	,否,	,否,,,否
云米净水器滤芯小海豚2 1000G 专用复合一体芯RO反渗透滤芯过滤,251023-053823424090166,已发货，待收货,1	,正常,2025-10-23 08:05:23,2025-10-24 08:05:24,,2025-10-23 16:32:20,	,820799210391	,云米复合一体芯1000G-标准版,1787955186932	,厨房电器,净水器/净水设备及配件耗材,净水器,	,6923185654872	,6923185654872	,后返，到手价299,	,无售后或售后取消,,2025-10-23 08:05:24,	,,,,,,,否,否,	,否,	,,599.0	,0.0	,0.0	,0.0	,15.0	,0.0	,0.0	,0.0	,599.0	,599.0	,JDV023614473249,京东大件物流,江苏省,连云港市,海州区,,,否,否,	,	,	,否,	,	,	,	,	,	,	,	,	,	,	,	,否,否,	,否,否,,	,否,	,否,,,否
云米电热水器50/60升洗澡家用浴室速热大容量省电防漏电警示安全,251023-056969141811346,已发货，待收货,1	,正常,2025-10-23 07:57:44,2025-10-24 07:57:44,,2025-10-23 14:57:48,	,691819698413	,60L速热加长防电墙5倍增容,1683563098526	,大家电,热水器,电热水器,	,6923185614937	,	,	,	,无售后或售后取消,,2025-10-23 07:57:44,	,,,,,,,否,否,	,否,	,,489.0	,0.0	,0.0	,0.0	,0.0	,0.0	,0.0	,0.0	,489.0	,489.0	,JDLD12873208684,京东大件物流,江苏省,扬州市,广陵区,,,否,否,	,	,	,否,	,	,	,	,	,	,	,	,	,	,	,	,否,否,	,否,否,,	,否,	,否,,,否
云米电热水器50/60升洗澡家用浴室速热大容量省电防漏电警示安全,251023-151603156531346,已取消,1	,正常,	,	,,	,	,691819698413	,60L速热加长防电墙5倍增容,1683563098526	,大家电,热水器,电热水器,	,6923185614937	,	,	,	,无售后或售后取消,,	,	,,,,,,,否,否,	,否,	,,489.0	,0.0	,0.0	,0.0	,0.0	,0.0	,0.0	,0.0	,489.0	,489.0	,	,	,****,****,****,****,,否,否,	,	,	,否,	,	,	,	,	,	,	,	,	,	,	,	,否,否,	,否,	,,	,否,	,否,,,否
云米全自动智能马桶水箱泡沫盾抗菌即热恒温座圈离座冲水小鲸鱼2,251023-241927483021248,已取消,1	,正常,	,	,,	,	,237591380789	,【智能马桶】300mm,1771263282619	,家装主材,卫浴陶瓷,智能坐便器,	,6923185654599	,小鲸鱼,	,	,无售后或售后取消,,	,	,,,,,,,否,否,	,否,	,,1264.0	,0.0	,76.0	,100.0	,0.0	,0.0	,0.0	,0.0	,1088.0	,1188.0	,	,	,****,****,****,****,,否,否,	,	,	,否,	,	,	,	,	,	,	,	,	,	,	,	,否,否,	,否,	,,	,否,	,否,,,否
【重磅新品】云米净水器600G小海豚升级版厨下式RO反渗透直饮家用,251023-499289976473238,已发货，待收货,1	,正常,2025-10-23 07:40:28,2025-10-24 07:40:28,,2025-10-23 14:25:08,	,225501370546	,【24年新品】600G升级版6年长效,1600502140541	,厨房电器,净水器/净水设备及配件耗材,净水器,	,6923185653684	,6923185616399	,	,	,无售后或售后取消,,2025-10-23 07:40:28,	,,,,,,,否,否,	,否,	,,559.0	,0.0	,0.0	,55.9	,0.0	,0.0	,0.0	,0.0	,503.1	,559.0	,JDV023612281757,京东大件物流,湖北省,武汉市,蔡甸区,,,否,否,	,	,	,否,	,	,	,	,	,	,	,	,	,	,	,	,否,否,	,否,否,,	,否,	,否,,,否
云米小厨宝6L电热水器厨房卫生间出水恒温储水式小型速热神器加热,251023-192686375281839,已发货，待收货,1	,正常,2025-10-23 07:36:07,2025-10-24 07:36:07,,2025-10-23 16:32:20,	,208073193570	,热水即刻有-【6L】,1801828025682	,大家电,热水器,厨宝,	,6923185611233	,6923185611233	,	,	,无售后或售后取消,,2025-10-23 07:36:07,	,,,,,,,否,否,	,否,	,,280.0	,0.0	,0.0	,0.0	,0.2	,0.0	,0.0	,0.0	,280.0	,280.0	,JDV023614511509,京东大件物流,内蒙古自治区,鄂尔多斯市,达拉特旗,,,否,否,	,	,	,否,	,	,	,	,	,	,	,	,	,	,	,	,否,否,	,否,否,,	,否,	,否,,,否
【重磅新品】云米净水器600G小海豚升级版厨下式RO反渗透直饮家用,251023-187265195523980,已取消,1	,正常,	,	,,	,	,225501370546	,【24年新品】600G升级版6年长效,1600502140541	,厨房电器,净水器/净水设备及配件耗材,净水器,	,6923185653684	,6923185616399	,	,	,无售后或售后取消,,	,	,,,,,,,否,否,	,否,	,,559.0	,0.0	,0.0	,0.0	,0.0	,0.0	,0.0	,0.0	,559.0	,559.0	,	,	,****,****,****,****,,否,否,	,	,	,否,	,	,	,	,	,	,	,	,	,	,	,	,否,否,	,否,	,,	,否,	,否,,,否
【重磅新品】云米净水器600G小海豚升级版厨下式RO反渗透直饮家用,251023-530862589520140,已取消,1	,正常,	,	,,	,	,225501370546	,【24年新品】600G升级版6年长效,1600502140541	,厨房电器,净水器/净水设备及配件耗材,净水器,	,6923185653684	,6923185616399	,	,	,无售后或售后取消,,	,	,,,,,,,否,否,	,否,	,,559.0	,0.0	,0.0	,0.0	,0.0	,0.0	,0.0	,0.0	,559.0	,559.0	,	,	,****,****,****,****,,否,否,	,	,	,否,	,	,	,	,	,	,	,	,	,	,	,	,否,否,	,否,	,,	,否,	,否,,,否
云米双腔大吸力手势控制智清洁油烟机聚能猛火灶安全烟灶联动套装【10月26日发完】,251023-383233606020318,未发货，退款成功,1	,正常,2025-10-23 07:09:23,2025-10-26 23:59:59,,	,	,818698470695	,"【烟灶套装】双腔劲吸烟机+5.0KW灶,液化气灶",1786567894378	,大家电,厨房大电,烟灶消套装,	,S2509151408001,	,聚水潭已取消发货 已退款 卫10.23,	,退款成功,,2025-10-23 07:09:23,	,,,,,,,否,否,	,否,	,,1199.0	,0.0	,0.0	,0.0	,0.0	,0.0	,0.0	,0.0	,1199.0	,1199.0	,	,	,福建省,福州市,鼓楼区,,,否,否,	,	,	,否,	,	,	,	,	,	,	,	,	,	,	,	,否,否,	,否,否,,	,否,	,否,,,否
【重磅新品】云米净水器600G小海豚升级版厨下式RO反渗透直饮家用,251023-181152049473056,已发货，待收货,1	,正常,2025-10-23 07:06:21,2025-10-24 07:06:21,,2025-10-23 14:25:08,	,225501370546	,【24年新品】600G升级版6年长效,1600502140541	,厨房电器,净水器/净水设备及配件耗材,净水器,	,6923185653684	,6923185616399	,	,	,无售后或售后取消,,2025-10-23 07:06:21,	,,,,,,,否,否,	,否,	,,559.0	,0.0	,0.0	,0.0	,0.2	,0.0	,0.0	,0.0	,559.0	,559.0	,JDV023610832155,京东大件物流,山东省,临沂市,郯城县,,,否,否,	,	,	,否,	,	,	,	,	,	,	,	,	,	,	,	,否,否,	,否,否,,	,否,	,否,,,否
VIOMI云米净水器1000G厨下直饮小体积净水机RO机智显龙头3秒满杯,251023-398637166190809,已取消,1	,正常,	,	,,	,	,309517106373	,1000G大通量RO净水器,1803052585019	,厨房电器,净水器/净水设备及配件耗材,净水器,	,6923185654247	,	,	,	,无售后或售后取消,,	,	,,,,,,,否,否,	,否,	,,1299.0	,0.0	,0.0	,0.0	,0.0	,0.0	,0.0	,0.0	,1299.0	,1299.0	,	,	,****,****,****,****,,否,否,	,	,	,否,	,	,	,	,	,	,	,	,	,	,	,	,否,否,	,否,	,,	,否,	,否,,,否
云米全自动智能马桶水箱泡沫盾抗菌即热恒温座圈离座冲水小鲸鱼2,251023-118447152650674,已发货，待收货,1	,正常,2025-10-23 06:56:06,2025-10-24 06:56:06,,2025-10-23 22:40:10,	,237591380789	,【智能马桶】300mm,1771263282619	,家装主材,卫浴陶瓷,智能坐便器,	,6923185654599	,小鲸鱼,ZX2510230062357,	,无售后或售后取消,,2025-10-23 06:56:06,	,,,,,,,否,否,	,否,	,,1264.0	,0.0	,76.0	,85.0	,0.0	,0.0	,0.0	,0.0	,1103.0	,1188.0	,JDLD12873224400,京东大件物流,湖北省,武汉市,洪山区,,,否,否,	,	,	,否,	,	,	,	,	,	,	,	,	,	,	,	,否,否,	,否,否,,	,否,	,否,,,否
云米全自动智能马桶水箱泡沫盾抗菌即热恒温座圈离座冲水小鲸鱼2,251023-237166927370674,未发货，退款成功,1	,正常,2025-10-23 06:54:40,2025-10-24 06:54:40,,	,	,237591380789	,【智能马桶】300mm,1771263282619	,家装主材,卫浴陶瓷,智能坐便器,	,6923185654599	,小鲸鱼,聚水潭已取消发货 已退款 卫10.23,	,退款成功,,2025-10-23 06:54:40,	,,,,,,,否,否,	,否,	,,1264.0	,0.0	,76.0	,50.0	,0.0	,0.0	,0.0	,0.0	,1138.0	,1188.0	,	,	,湖北省,武汉市,洪山区,,,否,否,	,	,	,否,	,	,	,	,	,	,	,	,	,	,	,	,否,否,	,否,否,,	,否,	,否,,,否
【重磅新品】云米净水器600G小海豚升级版厨下式RO反渗透直饮家用,251023-014910800312899,已发货，待收货,1	,正常,2025-10-23 06:51:02,2025-10-24 06:51:02,,2025-10-23 14:25:08,	,225501370546	,【24年新品】600G升级版6年长效,1600502140541	,厨房电器,净水器/净水设备及配件耗材,净水器,	,6923185653684	,6923185616399	,	,	,无售后或售后取消,,2025-10-23 06:51:02,	,,,,,,,否,否,	,否,	,,559.0	,0.0	,0.0	,0.0	,0.0	,0.0	,0.0	,0.0	,559.0	,559.0	,JDV023610520109,京东大件物流,黑龙江省,鹤岗市,南山区,,,否,否,	,	,	,否,	,	,	,	,	,	,	,	,	,	,	,	,否,否,	,否,否,,	,否,	,否,,,否
云米23立方油烟机燃气灶套装家用厨房顶侧大吸力油烟机5.0KW灶具,251023-283765717380318,已取消,1	,正常,	,	,,	,	,209837375742	,"【烟灶联动】瞬吸烟机+5.0KW灶,液化气",1792607150010	,大家电,厨房大电,烟灶消套装,	,S2411211431001,	,	,	,无售后或售后取消,,	,	,,,,,,,否,否,	,否,	,,1247.0	,0.0	,60.0	,40.0	,0.0	,0.0	,0.0	,0.0	,1147.0	,1187.0	,	,	,****,****,****,****,,否,否,	,	,	,否,	,	,	,	,	,	,	,	,	,	,	,	,否,否,	,否,	,,	,否,	,否,,,否
【母婴直饮】云米净水器 SE 600G+ 新升级厨下式RO反渗透直饮家用,251023-378756186420248,已取消,1	,正常,	,	,,	,	,819506595979	,【24年新品】600G升级版6年长效,1787046011387	,厨房电器,净水器/净水设备及配件耗材,净水器,	,6923185653684	,6923185616399	,	,	,无售后或售后取消,,	,	,,,,,,,否,否,	,否,	,,799.0	,0.0	,159.8	,0.0	,0.0	,0.0	,0.0	,0.0	,639.2	,639.2	,	,	,****,****,****,****,,否,否,	,	,	,否,	,	,	,	,	,	,	,	,	,	,	,	,否,否,	,否,	,,	,否,	,否,,,否
Viomi云米净水器1000G厨下式RO反渗透直饮过滤器净饮小海豚2,251023-538559168863271,未发货，退款成功,1	,正常,2025-10-23 05:45:49,2025-10-24 05:45:49,,	,	,205458105137	,小海豚2包安装1000G大加仑,1802849942800	,厨房电器,净水器/净水设备及配件耗材,净水器,	,6923185654865	,	,聚水潭已取消发货 已退款 卫10.23,	,退款成功,,2025-10-23 05:45:49,	,,,,,,,否,否,	,否,	,,929.0	,0.0	,0.0	,51.0	,0.0	,0.0	,0.0	,0.0	,878.0	,929.0	,	,	,宁夏回族自治区,银川市,兴庆区,,,否,否,	,	,	,否,	,	,	,	,	,	,	,	,	,	,	,	,否,否,	,否,否,,	,否,	,否,,,否
【重磅新品】云米净水器600G小海豚升级版厨下式RO反渗透直饮家用,251023-255810670932640,未发货，退款成功,1	,正常,2025-10-23 02:46:27,2025-10-24 02:46:27,,	,	,225501370546	,【24年新品】600G升级版6年长效,1600502140541	,厨房电器,净水器/净水设备及配件耗材,净水器,	,6923185653684	,6923185616399	,聚水潭已取消发货 已退款 卫10.23,	,退款成功,,2025-10-23 02:46:27,	,,,,,,,否,否,	,否,	,,559.0	,0.0	,0.0	,0.0	,0.0	,0.0	,0.0	,0.0	,559.0	,559.0	,	,	,山东省,潍坊市,奎文区,,,否,否,	,	,	,否,	,	,	,	,	,	,	,	,	,	,	,	,否,否,	,否,否,,	,否,	,否,,,否
Viomi云米净水器1000G厨下式RO反渗透直饮过滤器净饮小海豚2,251023-348190185012317,已取消,1	,正常,	,	,,	,	,205458105137	,小海豚2包安装1000G大加仑,1802849942800	,厨房电器,净水器/净水设备及配件耗材,净水器,	,6923185654865	,	,	,	,无售后或售后取消,,	,	,,,,,,,否,否,	,否,	,,929.0	,0.0	,0.0	,0.0	,0.0	,0.0	,0.0	,0.0	,929.0	,929.0	,	,	,****,****,****,****,,否,否,	,	,	,否,	,	,	,	,	,	,	,	,	,	,	,	,否,否,	,否,	,,	,否,	,否,,,否
【重磅新品】云米净水器600G小海豚升级版厨下式RO反渗透直饮家用,251023-167457594882036,已发货，待收货,1	,正常,2025-10-23 02:17:44,2025-10-24 02:17:44,,2025-10-23 14:25:08,	,225501370546	,【24年新品】600G升级版6年长效,1600502140541	,厨房电器,净水器/净水设备及配件耗材,净水器,	,6923185653684	,6923185616399	,	,	,无售后或售后取消,,2025-10-23 02:17:44,	,,,,,,,否,否,	,否,	,,559.0	,0.0	,0.0	,0.0	,15.0	,0.0	,0.0	,0.0	,559.0	,559.0	,JDV023612272434,京东大件物流,湖北省,十堰市,丹江口市,,,否,否,	,	,	,否,	,	,	,	,	,	,	,	,	,	,	,	,否,否,	,否,否,,	,否,	,否,,,否
云米顶侧大吸力蓝调油烟机家用厨房节能自清洁一级能效可挥手智控,251023-048066773390716,已发货，退款成功,1	,正常,2025-10-23 01:26:30,2025-10-24 01:26:30,,2025-10-23 14:25:07,	,657344402006	,云米智清洁挥手智控单烟机,1723825075586	,大家电,厨房大电,油烟机,	,6923185650973	,6923185650973	,	,	,退款成功,,2025-10-23 01:26:30,	,,,,,,,否,否,	,否,	,,819.0	,0.0	,0.0	,7.0	,0.0	,0.0	,0.0	,0.0	,812.0	,819.0	,JDV023612321503,京东大件物流,湖北省,襄阳市,枣阳市,,,否,否,	,	,	,否,	,	,	,	,	,	,	,	,	,	,	,	,否,否,	,否,否,,	,否,	,否,,,否
【小海豚1000G管线机套装】云米净水器家用厨下一键即热制冷直饮,251023-478412838492183,未发货，退款成功,1	,正常,2025-10-23 00:56:12,2025-10-24 00:56:12,,	,	,246986456918	,【0陈水冷热2件套】1000G+管线机2E,1751903219858	,厨房电器,净水器/净水设备及配件耗材,净水器,	,S2503111808001,	,聚水潭已取消发货 已退款 卫10.23,	,退款成功,,2025-10-23 00:56:12,	,,,,,,,否,否,	,否,	,,1824.0	,0.0	,334.8	,150.0	,0.0	,0.0	,0.0	,0.0	,1339.2	,1489.2	,	,	,江苏省,宿迁市,沭阳县,,,否,否,	,	,	,否,	,	,	,	,	,	,	,	,	,	,	,	,否,否,	,否,否,,	,否,	,否,,,否
【小海豚1000G管线机套装】云米净水器家用厨下一键即热制冷直饮,251023-279948838492183,待发货,1	,正常,2025-10-23 00:57:25,2025-10-24 00:57:26,,	,	,246986456918	,【0陈水冷热2件套】1000G+管线机2E,1751903219858	,厨房电器,净水器/净水设备及配件耗材,净水器,	,S2503111808001,	,地址不详,	,无售后或售后取消,,2025-10-23 00:57:26,	,,,,,,,否,否,	,否,	,,1824.0	,0.0	,328.32	,182.4	,0.0	,0.0	,0.0	,0.0	,1313.28	,1495.68	,	,	,江苏省,宿迁市,沭阳县,,,否,否,	,	,	,否,	,	,	,	,	,	,	,	,	,	,	,	,否,否,	,否,否,,	,否,	,否,,,否
云米电热水器50/60升洗澡家用浴室速热大容量省电防漏电警示安全,251023-035861307011118,已取消,1	,正常,	,	,,	,	,691819698413	,50L速热加长防电墙5倍增容,1683563098525	,大家电,热水器,电热水器,	,6923185614920	,	,	,	,无售后或售后取消,,	,	,,,,,,,否,否,	,否,	,,459.0	,0.0	,0.0	,0.0	,0.0	,0.0	,0.0	,0.0	,459.0	,459.0	,	,	,****,****,****,****,,否,否,	,	,	,否,	,	,	,	,	,	,	,	,	,	,	,	,否,否,	,否,	,,	,否,	,否,,,否
【重磅新品】云米净水器600G小海豚升级版厨下式RO反渗透直饮家用,251023-532991208963980,已取消,1	,正常,	,	,,	,	,225501370546	,【24年新品】600G升级版6年长效,1600502140541	,厨房电器,净水器/净水设备及配件耗材,净水器,	,6923185653684	,6923185616399	,	,	,无售后或售后取消,,	,	,,,,,,,否,否,	,否,	,,559.0	,0.0	,0.0	,0.0	,0.0	,0.0	,0.0	,0.0	,559.0	,559.0	,	,	,****,****,****,****,,否,否,	,	,	,否,	,	,	,	,	,	,	,	,	,	,	,	,否,否,	,否,	,,	,否,	,否,,,否
云米全自动智能马桶2Pro一体座圈加热妇洗泡沫盾抗菌可冲洗带水箱,251023-498702753370891,已发货，待收货,1	,正常,2025-10-23 00:35:57,2025-10-24 00:35:58,,2025-10-23 18:21:43,	,248791771968	,"400mm,【大冲力】多种冲洗模式",1752476543652	,家装主材,卫浴陶瓷,智能坐便器,	,6923185654582	,	,ZX2510230062357,	,无售后或售后取消,,2025-10-23 00:35:58,	,,,,,,,否,否,	,否,	,,2341.0	,0.0	,141.0	,100.0	,0.0	,0.0	,0.0	,0.0	,2100.0	,2200.0	,JDLD12873211737,京东大件物流,内蒙古自治区,兴安盟,科尔沁右翼前旗,,,否,否,	,	,	,否,	,	,	,	,	,	,	,	,	,	,	,	,否,否,	,否,否,,	,否,	,否,,,否
【重磅新品】云米净水器600G小海豚升级版厨下式RO反渗透直饮家用,251023-508475502083980,已取消,1	,正常,	,	,,	,	,225501370546	,【24年新品】600G升级版6年长效,1600502140541	,厨房电器,净水器/净水设备及配件耗材,净水器,	,6923185653684	,6923185616399	,	,	,无售后或售后取消,,	,	,,,,,,,否,否,	,否,	,,559.0	,0.0	,0.0	,0.0	,0.0	,0.0	,0.0	,0.0	,559.0	,559.0	,	,	,****,****,****,****,,否,否,	,	,	,否,	,	,	,	,	,	,	,	,	,	,	,	,否,否,	,否,	,,	,否,	,否,,,否
【重磅新品】云米净水器600G小海豚升级版厨下式RO反渗透直饮家用,251023-001352733061121,已取消,1	,正常,	,	,,	,	,225501370546	,【24年新品】600G升级版6年长效,1600502140541	,厨房电器,净水器/净水设备及配件耗材,净水器,	,6923185653684	,6923185616399	,	,	,无售后或售后取消,,	,	,,,,,,,否,否,	,否,	,,559.0	,0.0	,0.0	,55.9	,0.0	,0.0	,0.0	,0.0	,503.1	,559.0	,	,	,****,****,****,****,,否,否,	,	,	,否,	,	,	,	,	,	,	,	,	,	,	,	,否,否,	,否,	,,	,否,	,否,,,否
【重磅新品】云米净水器600G小海豚升级版厨下式RO反渗透直饮家用,251023-643343337011704,已发货，待收货,1	,正常,2025-10-23 00:33:53,2025-10-24 00:33:53,,2025-10-23 14:25:08,	,225501370546	,【24年新品】600G升级版6年长效,1600502140541	,厨房电器,净水器/净水设备及配件耗材,净水器,	,6923185653684	,6923185616399	,	,	,无售后或售后取消,,2025-10-23 00:33:53,	,,,,,,,否,否,	,否,	,,559.0	,0.0	,0.0	,0.0	,0.0	,0.0	,0.0	,0.0	,559.0	,559.0	,JDV023612321458,京东大件物流,江苏省,南京市,溧水区,,,否,否,	,	,	,否,	,	,	,	,	,	,	,	,	,	,	,	,否,否,	,否,是,3	,商家,否,	,否,,信用卡分期,否
云米全自动智能门锁人脸猫眼密码指纹安全防撬大屏锁已接入米家AP,251023-212074513990999,已取消,1	,正常,	,	,,	,	,804409121514	,LBT16A【人脸猫眼】智能门锁,1778430742491	,基础建材,智能门锁/电子锁,智能门锁/电子锁,	,6923185652724	,	,	,	,无售后或售后取消,,	,	,,,,,,,否,否,	,否,	,,849.0	,0.0	,0.0	,100.0	,0.0	,0.0	,0.0	,0.0	,749.0	,849.0	,	,	,****,****,****,****,,否,否,	,	,	,否,	,	,	,	,	,	,	,	,	,	,	,	,否,否,	,否,	,,	,否,	,否,,,否
【重磅新品】云米净水器600G小海豚升级版厨下式RO反渗透直饮家用,251023-242619532803980,已取消,1	,正常,	,	,,	,	,225501370546	,【24年新品】600G升级版6年长效,1600502140541	,厨房电器,净水器/净水设备及配件耗材,净水器,	,6923185653684	,6923185616399	,	,	,无售后或售后取消,,	,	,,,,,,,否,否,	,否,	,,559.0	,0.0	,0.0	,0.0	,0.0	,0.0	,0.0	,0.0	,559.0	,559.0	,	,	,****,****,****,****,,否,否,	,	,	,否,	,	,	,	,	,	,	,	,	,	,	,	,否,否,	,否,	,,	,否,	,否,,,否
【重磅新品】云米净水器600G小海豚升级版厨下式RO反渗透直饮家用,251023-572281361923980,未发货，退款成功,1	,正常,2025-10-23 00:23:44,2025-10-24 00:23:44,,	,	,225501370546	,【24年新品】600G升级版6年长效,1600502140541	,厨房电器,净水器/净水设备及配件耗材,净水器,	,6923185653684	,6923185616399	,聚水潭已取消发货 已退款 卫10.23,	,退款成功,,2025-10-23 00:23:44,	,,,,,,,否,否,	,否,	,,559.0	,0.0	,0.0	,0.0	,15.0	,0.0	,0.0	,0.0	,559.0	,559.0	,	,	,广东省,广州市,白云区,,,否,否,	,	,	,否,	,	,	,	,	,	,	,	,	,	,	,	,否,否,	,否,否,,	,否,	,否,,,否
云米智能电热水器小蓝调节能变频速热家用浴室洗澡抑菌50L/60L,251023-659071966840961,已发货，待收货,1	,正常,2025-10-23 12:32:47,2025-10-24 12:32:47,,2025-10-23 21:03:41,	,434684719975	,安全保护8倍增容大水量50L,1733881750461	,大家电,热水器,电热水器,	,6923185649076	,	,后返到手价569元==赠品花洒待 [viomi英英sk 10/23 14:12],	,无售后或售后取消,,2025-10-23 12:32:47,	,,,,,,,否,否,	,否,	,,558.0	,0.0	,0.0	,66.96	,0.0	,0.0	,0.0	,0.0	,491.04	,558.0	,JDV023620537393,京东大件物流,广东省,广州市,荔湾区,,,否,否,	,	,	,否,	,	,	,	,	,	,	,	,	,	,	,	,否,否,	,否,否,,	,否,	,否,,,否
【重磅新品】云米净水器600G小海豚升级版厨下式RO反渗透直饮家用,251023-386547074631373,已发货，待收货,1	,正常,2025-10-23 00:14:22,2025-10-24 00:14:22,,2025-10-23 16:32:19,	,225501370546	,【24年新品】600G升级版6年长效,1600502140541	,厨房电器,净水器/净水设备及配件耗材,净水器,	,6923185653684	,6923185616399	,	,	,无售后或售后取消,,2025-10-23 00:14:22,	,,,,,,,否,否,	,否,	,,559.0	,0.0	,0.0	,55.9	,5.03	,0.0	,0.0	,0.0	,503.1	,559.0	,JDV023614487260,京东大件物流,四川省,成都市,成华区,,,否,否,	,	,	,否,	,	,	,	,	,	,	,	,	,	,	,	,否,否,	,否,否,,	,否,	,否,,,否
【重磅新品】云米净水器600G小海豚升级版厨下式RO反渗透直饮家用,251023-113770503720057,已发货，待收货,1	,正常,2025-10-23 00:13:39,2025-10-24 00:13:39,,2025-10-23 16:32:19,	,225501370546	,【24年新品】600G升级版6年长效,1600502140541	,厨房电器,净水器/净水设备及配件耗材,净水器,	,6923185653684	,6923185616399	,	,	,无售后或售后取消,,2025-10-23 00:13:39,	,,,,,,,否,否,	,否,	,,559.0	,0.0	,0.0	,55.9	,0.0	,0.0	,0.0	,0.0	,503.1	,559.0	,JDV023614541765,京东大件物流,四川省,自贡市,富顺县,,,否,否,	,	,	,否,	,	,	,	,	,	,	,	,	,	,	,	,否,否,	,否,否,,	,否,	,否,,,否
云米顶侧双吸烟灶套装22m³大吸力抽油烟机聚能猛火灶节能燃气家用,251023-653095145852552,已发货，待收货,1	,正常,2025-10-23 00:12:58,2025-11-23 00:12:58,,2025-10-23 14:25:09,	,382839923175	,【两件套】顶侧双吸烟机+5.2KW灶（天）,1743705224006	,大家电,厨房大电,烟灶消套装,	,S2309261029001,蓝调套装,已登记延迟发货 [viomi诺诺sk 10/23 11:15],	,无售后或售后取消,,2025-10-23 00:12:58,	,,,,,,,否,否,	,否,	,,1218.0	,0.0	,72.18	,40.0	,0.0	,0.0	,0.0	,0.0	,1105.82	,1145.82	,JDV023612313789,京东大件物流,江苏省,徐州市,云龙区,,,否,否,	,	,	,否,	,	,	,	,	,	,	,	,	,	,	,	,否,否,	,否,否,,	,否,	,否,,,否
云米顶侧双吸烟灶套装22m³大吸力抽油烟机聚能猛火灶节能燃气家用,251023-309497762172552,未发货，退款成功,1	,正常,2025-10-23 00:12:58,2025-10-24 00:12:58,,	,	,382839923175	,【两件套】顶侧双吸烟机+5.2KW灶（液）,1743703726622	,大家电,厨房大电,烟灶消套装,	,S2309261044001,蓝调套装,聚水潭已取消发货 已退款 卫10.23,	,退款成功,,2025-10-23 00:12:58,	,,,,,,,否,否,	,否,	,,1218.0	,0.0	,72.18	,40.0	,0.0	,0.0	,0.0	,0.0	,1105.82	,1145.82	,	,	,江苏省,徐州市,云龙区,,,否,否,	,	,	,否,	,	,	,	,	,	,	,	,	,	,	,	,否,否,	,否,否,,	,否,	,否,,,否
云米顶侧双吸烟灶套装22m³大吸力抽油烟机聚能猛火灶节能燃气家用,251023-499090798972552,已取消,1	,正常,	,	,,	,	,382839923175	,【两件套】顶侧双吸烟机+5.2KW灶（天）,1743705224006	,大家电,厨房大电,烟灶消套装,	,S2309261029001,蓝调套装,	,	,无售后或售后取消,,	,	,,,,,,,否,否,	,否,	,,1218.0	,0.0	,60.0	,40.0	,0.0	,0.0	,0.0	,0.0	,1118.0	,1158.0	,	,	,****,****,****,****,,否,否,	,	,	,否,	,	,	,	,	,	,	,	,	,	,	,	,否,否,	,否,	,,	,否,	,否,,,否
【重磅新品】云米净水器600G小海豚升级版厨下式RO反渗透直饮家用,251023-149652805260628,已发货，待收货,1	,正常,2025-10-23 00:10:17,2025-10-24 00:10:18,,2025-10-23 14:25:08,	,225501370546	,【24年新品】600G升级版6年长效,1600502140541	,厨房电器,净水器/净水设备及配件耗材,净水器,	,6923185653684	,6923185616399	,	,	,无售后或售后取消,,2025-10-23 00:10:18,	,,,,,,,否,否,	,否,	,,559.0	,0.0	,0.0	,55.9	,0.0	,0.0	,0.0	,0.0	,503.1	,559.0	,JDV023612286670,京东大件物流,上海市,上海市,浦东新区,,,否,否,	,	,	,否,	,	,	,	,	,	,	,	,	,	,	,	,否,否,	,否,否,,	,否,	,否,,,否
云米60升AI速热高温抑菌电热水器3000W一级节能变频增容家用租房,251023-553406963221570,待发货,1	,正常,2025-10-23 00:07:36,2025-11-23 00:07:36,,	,	,226368376224	,3000W速热安全60L热水器,1737176648260	,大家电,热水器,电热水器,	,6923185602224	,6923185602224	,ZX2510230062357==延迟已登记 [viomi英英sk 10/23 17:54],	,无售后或售后取消,,2025-10-23 00:07:36,	,,,,,,,否,否,	,否,	,,610.0	,0.0	,0.0	,30.5	,3.0	,0.0	,0.0	,0.0	,579.5	,610.0	,	,	,广西壮族自治区,南宁市,西乡塘区,,,否,否,	,	,	,否,	,	,	,	,	,	,	,	,	,	,	,	,否,否,	,否,否,,	,否,	,否,,,否
Viomi云米净水器1000G厨下式RO反渗透直饮过滤器净饮小海豚2,251023-515396093522817,已取消,1	,正常,	,	,,	,	,205458105137	,小海豚2包安装1000G大加仑,1802849942800	,厨房电器,净水器/净水设备及配件耗材,净水器,	,6923185654865	,	,	,	,无售后或售后取消,,	,	,,,,,,,否,否,	,否,	,,929.0	,0.0	,0.0	,100.0	,0.0	,0.0	,0.0	,0.0	,829.0	,929.0	,	,	,****,****,****,****,,否,否,	,	,	,否,	,	,	,	,	,	,	,	,	,	,	,	,否,否,	,否,	,,	,否,	,否,,,否