商品,订单号,订单状态,商品数量(件),是否审核中,支付时间,承诺发货时间,承诺送达时间,发货时间,确认收货时间,商品id,商品规格,样式ID,商品一级类目,商品二级类目,商品三级类目,商品四级类目,商家编码-规格维度,商家编码-商品维度,商家备注,买家留言,售后状态,消费者资料,订单成交时间,消费者资料上传时间,赠品名称,赠品id,赠品规格,赠品数量,团ID,团身份,是否已开始配送,配送员是否已送达,配送状态,同城是否普通快递,集运类型,赠品订单号,商品总价(元),邮费(元),店铺优惠折扣(元),平台优惠折扣(元),多多支付立减金额(元),上门安装费(元),送货入户费(元),送货入户并安装费(元),用户实付金额(元),商家实收金额(元),快递单号,快递公司,省,市,区,街道/镇,配送员手机号,是否抽奖或0元试用,是否顺丰加价,用户购买手机号,旅行类信息,充值号码,是否门店自提,门店名称,门店自定义编码,关联货品编码,货品名称,货品类型,子货品,仓库名称,仓库所在地址,海淘清关订单号,支付ID,支付方式,保税仓,是否直播间成交,是否直播间引导成交,预约配送时间,是否节能补贴,是否分期,分期期数,手续费承担方,是否无痕发货,订单来源,是否社区团购,小区送达情况,分期方式,是否已上传证件照片
【母婴直饮】云米净水器 SE 600G+ 新升级厨下式RO反渗透直饮家用,251128-531905984923710,未发货，退款成功,1	,正常,2025-11-28 23:45:11,2025-11-29 23:45:12,,	,	,819506595979	,【24年新品】600G升级版6年长效,1787046011387	,厨房电器,净水器/净水设备及配件耗材,净水器,	,6923185653684	,6923185616399	,聚水潭已取消发货 已退款 卫11.29,	,退款成功,,2025-11-28 23:45:12,	,,,,,,,否,否,	,否,	,,748.0	,0.0	,149.6	,0.0	,0.0	,0.0	,0.0	,0.0	,598.4	,598.4	,	,	,广东省,佛山市,顺德区,,,否,否,	,	,	,否,	,	,	,	,	,	,	,	,	,	,	,	,是,是,	,否,否,,	,否,	,否,,,否
【重磅新品】云米净水器600G小海豚升级版厨下式RO反渗透直饮家用,251128-655386242602139,待发货,1	,正常,2025-11-28 23:37:09,2025-11-29 23:37:10,,	,	,225501370546	,小海豚600G,1813468330532	,厨房电器,净水器/净水设备及配件耗材,净水器,	,6923185653684	,6923185616399	,	,	,无售后或售后取消,,2025-11-28 23:37:10,	,,,,,,,否,否,	,否,	,,559.0	,0.0	,0.0	,50.0	,0.0	,0.0	,0.0	,0.0	,509.0	,559.0	,	,	,河北省,唐山市,丰润区,,,否,否,	,	,	,否,	,	,	,	,	,	,	,	,	,	,	,	,否,否,	,否,否,,	,否,	,否,,,否
【重磅新品】云米净水器600G小海豚升级版厨下式RO反渗透直饮家用,251128-447631911313692,待发货,1	,正常,2025-11-28 23:35:53,2025-11-29 23:35:53,,	,	,225501370546	,小海豚600G,1813468330532	,厨房电器,净水器/净水设备及配件耗材,净水器,	,6923185653684	,6923185616399	,	,	,无售后或售后取消,,2025-11-28 23:35:53,	,,,,,,,否,否,	,否,	,,559.0	,0.0	,0.0	,0.0	,0.0	,0.0	,0.0	,0.0	,559.0	,559.0	,	,	,广东省,珠海市,金湾区,,,否,否,	,	,	,否,	,	,	,	,	,	,	,	,	,	,	,	,否,否,	,否,否,,	,否,	,否,,,否
【重磅新品】云米净水器600G小海豚升级版厨下式RO反渗透直饮家用,251128-385991360902176,待发货,1	,正常,2025-11-28 23:22:41,2025-11-29 23:22:41,,	,	,225501370546	,小海豚600G,1813468330532	,厨房电器,净水器/净水设备及配件耗材,净水器,	,6923185653684	,6923185616399	,	,	,无售后或售后取消,,2025-11-28 23:22:41,	,,,,,,,否,否,	,否,	,,559.0	,0.0	,0.0	,0.0	,0.0	,0.0	,0.0	,0.0	,559.0	,559.0	,	,	,广东省,潮州市,潮安区,,,否,否,	,	,	,否,	,	,	,	,	,	,	,	,	,	,	,	,否,否,	,否,否,,	,否,	,否,,,否
VIOMI云米净水器大通量小海豚800G反渗透RO厨下式家用长效滤芯,251128-351330711951188,待发货,1	,正常,2025-11-28 23:17:57,2025-11-29 23:17:58,,	,	,837957770723	,800G大通量纯水机,1809123722986	,厨房电器,净水器/净水设备及配件耗材,净水器,	,6923185653974	,	,	,	,无售后或售后取消,,2025-11-28 23:17:58,	,,,,,,,否,否,	,否,	,,749.0	,0.0	,0.0	,100.0	,0.0	,0.0	,0.0	,0.0	,649.0	,749.0	,	,	,河北省,石家庄市,平山县,,,否,否,	,	,	,否,	,	,	,	,	,	,	,	,	,	,	,	,否,是,	,否,否,,	,否,	,否,,,否
【母婴直饮】云米净水器 SE 600G+ 新升级厨下式RO反渗透直饮家用,251128-370388560223426,待发货,1	,正常,2025-11-28 23:15:15,2025-11-29 23:15:15,,	,	,819506595979	,【24年新品】600G升级版6年长效,1787046011387	,厨房电器,净水器/净水设备及配件耗材,净水器,	,6923185653684	,6923185616399	,	,	,无售后或售后取消,,2025-11-28 23:15:15,	,,,,,,,否,否,	,否,	,,748.0	,0.0	,135.6	,70.0	,0.0	,0.0	,0.0	,0.0	,542.4	,612.4	,	,	,江苏省,南京市,六合区,,,否,否,	,	,	,否,	,	,	,	,	,	,	,	,	,	,	,	,否,是,	,否,否,,	,否,	,否,,,否
【重磅新品】云米净水器600G小海豚升级版厨下式RO反渗透直饮家用,251128-649262590240101,已取消,1	,正常,	,	,,	,	,225501370546	,小海豚600G,1813468330532	,厨房电器,净水器/净水设备及配件耗材,净水器,	,6923185653684	,6923185616399	,	,	,无售后或售后取消,,	,	,,,,,,,否,否,	,否,	,,559.0	,0.0	,0.0	,5.0	,0.0	,0.0	,0.0	,0.0	,554.0	,559.0	,	,	,****,****,****,****,,否,否,	,	,	,否,	,	,	,	,	,	,	,	,	,	,	,	,否,否,	,否,	,,	,否,	,否,,,否
【重磅新品】云米净水器600G小海豚升级版厨下式RO反渗透直饮家用,251128-118179817760101,待发货,1	,正常,2025-11-28 23:08:25,2025-11-29 23:08:25,,	,	,225501370546	,小海豚600G,1813468330532	,厨房电器,净水器/净水设备及配件耗材,净水器,	,6923185653684	,6923185616399	,	,	,无售后或售后取消,,2025-11-28 23:08:25,	,,,,,,,否,否,	,否,	,,559.0	,0.0	,0.0	,9.0	,1.1	,0.0	,0.0	,0.0	,550.0	,559.0	,	,	,甘肃省,武威市,凉州区,,,否,否,	,	,	,否,	,	,	,	,	,	,	,	,	,	,	,	,否,否,	,否,否,,	,否,	,否,,,否
云米电热水器50/60升洗澡家用浴室速热大容量省电防漏电安全保温,251128-437119895103684,已取消,1	,正常,	,	,,	,	,436320010098	,"速热长效保温安全电热水器,60L【3-4人】",1756921788833	,大家电,热水器,电热水器,	,6923185614937	,6923185614920	,	,	,无售后或售后取消,,	,	,,,,,,,否,否,	,否,	,,586.0	,0.0	,0.0	,0.0	,0.0	,0.0	,0.0	,0.0	,586.0	,586.0	,	,	,****,****,****,****,,否,否,	,	,	,否,	,	,	,	,	,	,	,	,	,	,	,	,否,否,	,否,	,,	,否,	,否,,,否
【重磅新品】云米净水器600G小海豚升级版厨下式RO反渗透直饮家用,251128-053168105913223,待发货,1	,正常,2025-11-28 23:07:54,2025-11-29 23:07:54,,	,	,225501370546	,小海豚600G,1813468330532	,厨房电器,净水器/净水设备及配件耗材,净水器,	,6923185653684	,6923185616399	,	,	,无售后或售后取消,,2025-11-28 23:07:54,	,,,,,,,否,否,	,否,	,,559.0	,0.0	,0.0	,3.0	,16.0	,0.0	,0.0	,0.0	,556.0	,559.0	,	,	,江苏省,无锡市,江阴市,,,否,否,	,	,	,否,	,	,	,	,	,	,	,	,	,	,	,	,否,是,	,否,是,3	,商家,否,	,否,,信用卡分期,否
云米小厨宝6L电热水器厨房卫生间出水恒温储水式小型速热神器加热,251128-239437146531478,已取消,1	,正常,	,	,,	,	,208073193570	,热水即刻有-【6L】,1801828025682	,大家电,热水器,厨宝,	,6923185611233	,6923185611233	,	,	,无售后或售后取消,,	,	,,,,,,,否,否,	,否,	,,253.0	,0.0	,0.0	,50.0	,0.0	,0.0	,0.0	,0.0	,203.0	,253.0	,	,	,****,****,****,****,,否,否,	,	,	,否,	,	,	,	,	,	,	,	,	,	,	,	,否,否,	,否,	,,	,否,	,否,,,否
【6年套装】云米净水器600G小海豚升级版厨下式RO反渗透直饮家用,251128-521608926861413,待发货,1	,正常,2025-11-28 22:44:20,2025-11-29 22:44:20,,	,	,852932116812	,小海豚600G+6年滤芯套装,1812983769340	,厨房电器,净水器/净水设备及配件耗材,净水器,	,S2508151538001,	,	,	,无售后或售后取消,,2025-11-28 22:44:20,	,,,,,,,否,否,	,否,	,,695.0	,0.0	,0.0	,0.0	,0.0	,0.0	,0.0	,0.0	,695.0	,695.0	,	,	,山东省,菏泽市,单县,,,否,否,	,	,	,否,	,	,	,	,	,	,	,	,	,	,	,	,否,否,	,否,否,,	,否,	,否,,,否
【6年套装】云米净水器600G小海豚升级版厨下式RO反渗透直饮家用,251128-194641938052321,待发货,1	,正常,2025-11-28 22:41:55,2025-11-29 22:41:55,2025-11-30 23:59:59,	,	,852932116812	,小海豚600G+6年滤芯套装,1812983769340	,厨房电器,净水器/净水设备及配件耗材,净水器,	,S2508151538001,	,	,	,无售后或售后取消,,2025-11-28 22:41:55,	,,,,,,,否,否,	,否,	,,695.0	,0.0	,0.0	,20.0	,0.0	,0.0	,0.0	,0.0	,675.0	,695.0	,	,	,广东省,深圳市,坪山区,,,否,否,	,	,	,否,	,	,	,	,	,	,	,	,	,	,	,	,否,否,	,否,否,,	,否,	,否,,,否
【重磅新品】云米净水器600G小海豚升级版厨下式RO反渗透直饮家用,251128-371452843661413,未发货，退款成功,1	,正常,2025-11-28 22:37:15,2025-11-29 22:37:15,,	,	,225501370546	,小海豚600G,1813468330532	,厨房电器,净水器/净水设备及配件耗材,净水器,	,6923185653684	,6923185616399	,聚水潭已取消发货 已退款 卫11.29,	,退款成功,,2025-11-28 22:37:15,	,,,,,,,否,否,	,否,	,,559.0	,0.0	,0.0	,0.0	,0.0	,0.0	,0.0	,0.0	,559.0	,559.0	,	,	,山东省,菏泽市,单县,,,否,否,	,	,	,否,	,	,	,	,	,	,	,	,	,	,	,	,否,否,	,否,否,,	,否,	,否,,,否
【重磅新品】云米净水器600G小海豚升级版厨下式RO反渗透直饮家用,251128-000534833593223,未发货，退款成功,1	,正常,2025-11-28 22:32:44,2025-11-29 22:32:44,,	,	,225501370546	,小海豚600G,1813468330532	,厨房电器,净水器/净水设备及配件耗材,净水器,	,6923185653684	,6923185616399	,聚水潭已取消发货 已退款 卫11.29,	,退款成功,,2025-11-28 22:32:44,	,,,,,,,否,否,	,否,	,,559.0	,0.0	,0.0	,3.0	,5.0	,0.0	,0.0	,0.0	,556.0	,559.0	,	,	,江苏省,无锡市,江阴市,,,否,否,	,	,	,否,	,	,	,	,	,	,	,	,	,	,	,	,否,否,	,否,否,,	,否,	,否,,,否
云米小厨宝6L即热式厨房台下洗碗热水宝上出水储水式小型电热水器,251128-485548387923069,已取消,1	,正常,	,	,,	,	,205451808289	,"热水即刻有6L,小厨宝",1752480784258	,大家电,热水器,电热水器,	,6923185611233	,6923185611233	,	,	,无售后或售后取消,,	,	,,,,,,,否,否,	,否,	,,289.0	,0.0	,0.0	,0.0	,0.0	,0.0	,0.0	,0.0	,289.0	,289.0	,	,	,****,****,****,****,,否,否,	,	,	,否,	,	,	,	,	,	,	,	,	,	,	,	,否,否,	,否,	,,	,否,	,否,,,否
云米顶侧大吸力蓝调油烟机家用厨房节能自清洁一级能效可挥手智控,251128-293124185711551,待发货,1	,正常,2025-11-28 22:27:32,2025-11-29 22:27:32,,	,	,657344402006	,云米智清洁挥手智控单烟机,1723825075586	,大家电,厨房大电,油烟机,	,6923185650973	,6923185650973	,	,	,无售后或售后取消,,2025-11-28 22:27:32,	,,,,,,,否,否,	,否,	,,779.0	,0.0	,0.0	,20.0	,3.0	,0.0	,0.0	,0.0	,759.0	,779.0	,	,	,福建省,福州市,晋安区,,,否,否,	,	,	,否,	,	,	,	,	,	,	,	,	,	,	,	,否,是,	,否,否,,	,否,	,否,,,否
【重磅新品】云米净水器600G小海豚升级版厨下式RO反渗透直饮家用,251128-307028375912599,待发货,1	,正常,2025-11-28 22:16:38,2025-11-29 22:16:38,,	,	,225501370546	,小海豚600G,1813468330532	,厨房电器,净水器/净水设备及配件耗材,净水器,	,6923185653684	,6923185616399	,	,	,无售后或售后取消,,2025-11-28 22:16:38,	,,,,,,,否,否,	,否,	,,559.0	,0.0	,0.0	,0.0	,0.0	,0.0	,0.0	,0.0	,559.0	,559.0	,	,	,陕西省,安康市,旬阳市,,,否,否,	,	,	,否,	,	,	,	,	,	,	,	,	,	,	,	,否,是,	,否,否,,	,否,	,否,,,否
【6年套装】云米净水器600G小海豚升级版厨下式RO反渗透直饮家用,251128-506687711620609,待发货,1	,正常,2025-11-28 22:19:41,2025-11-29 22:19:41,,	,	,852932116812	,小海豚600G+6年滤芯套装,1812983769340	,厨房电器,净水器/净水设备及配件耗材,净水器,	,S2508151538001,	,送检测笔 [viomi华华 11/28 22:23],	,无售后或售后取消,,2025-11-28 22:19:41,	,,,,,,,否,否,	,否,	,,695.0	,0.0	,0.0	,50.0	,3.0	,0.0	,0.0	,0.0	,645.0	,695.0	,	,	,江苏省,南京市,江宁区,,,否,否,	,	,	,否,	,	,	,	,	,	,	,	,	,	,	,	,否,否,	,否,否,,	,否,	,否,,,否
云米22m³顶侧大吸力蓝调低噪油烟机猛火天燃气灶智能套装家用厨房,251128-263344689591231,已取消,1	,正常,	,	,,	,	,388827922980	,【烟灶套装】顶侧双吸+5.0猛火灶（液）,1752816957653	,大家电,厨房大电,烟灶消套装,	,S2411211436001,S2409261025001,	,	,无售后或售后取消,,	,	,,,,,,,否,否,	,否,	,,1198.0	,0.0	,180.0	,40.0	,0.0	,0.0	,0.0	,0.0	,978.0	,1018.0	,	,	,****,****,****,****,,否,否,	,	,	,否,	,	,	,	,	,	,	,	,	,	,	,	,否,否,	,否,	,,	,否,	,否,,,否
【重磅新品】云米净水器600G小海豚升级版厨下式RO反渗透直饮家用,251128-525997248902578,待发货,1	,正常,2025-11-28 22:09:37,2025-11-29 22:09:37,,	,	,225501370546	,小海豚600G,1813468330532	,厨房电器,净水器/净水设备及配件耗材,净水器,	,6923185653684	,6923185616399	,	,	,无售后或售后取消,,2025-11-28 22:09:37,	,,,,,,,否,否,	,否,	,,559.0	,0.0	,0.0	,0.0	,3.0	,0.0	,0.0	,0.0	,559.0	,559.0	,	,	,江苏省,南京市,浦口区,,,否,否,	,	,	,否,	,	,	,	,	,	,	,	,	,	,	,	,否,否,	,否,否,,	,否,	,否,,,否
【重磅新品】云米净水器600G小海豚升级版厨下式RO反渗透直饮家用,251128-074894610792283,待发货,1	,正常,2025-11-28 22:09:05,2025-11-29 22:09:06,,	,	,225501370546	,小海豚600G,1813468330532	,厨房电器,净水器/净水设备及配件耗材,净水器,	,6923185653684	,6923185616399	,	,	,无售后或售后取消,,2025-11-28 22:09:06,	,,,,,,,否,否,	,否,	,,559.0	,0.0	,0.0	,33.54	,1.05	,0.0	,0.0	,0.0	,525.46	,559.0	,	,	,浙江省,杭州市,拱墅区,,,否,否,	,	,	,否,	,	,	,	,	,	,	,	,	,	,	,	,否,否,	,否,否,,	,否,	,否,,,否
【母婴直饮】云米净水器 SE 600G+ 新升级厨下式RO反渗透直饮家用,251128-382903273063066,待发货,1	,正常,2025-11-28 21:55:19,2025-11-29 21:55:19,,	,	,819506595979	,【24年新品】600G升级版6年长效,1787046011387	,厨房电器,净水器/净水设备及配件耗材,净水器,	,6923185653684	,6923185616399	,	,	,无售后或售后取消,,2025-11-28 21:55:19,	,,,,,,,否,否,	,否,	,,748.0	,0.0	,139.6	,50.0	,0.0	,0.0	,0.0	,0.0	,558.4	,608.4	,	,	,山西省,忻州市,定襄县,,,否,否,	,	,	,否,	,	,	,	,	,	,	,	,	,	,	,	,否,否,	,否,是,3	,商家,否,	,否,,信用卡分期,否
【6年套装】云米净水器600G小海豚升级版厨下式RO反渗透直饮家用,251128-073112041841325,待发货,1	,正常,2025-11-28 21:52:19,2025-11-29 21:52:20,,	,	,852932116812	,小海豚600G+6年滤芯套装,1812983769340	,厨房电器,净水器/净水设备及配件耗材,净水器,	,S2508151538001,	,送检测笔 [viomi华华 11/28 21:52],	,无售后或售后取消,,2025-11-28 21:52:20,	,,,,,,,否,否,	,否,	,,695.0	,0.0	,0.0	,50.0	,0.0	,0.0	,0.0	,0.0	,645.0	,695.0	,	,	,山东省,烟台市,莱山区,,,否,否,	,	,	,否,	,	,	,	,	,	,	,	,	,	,	,	,否,否,	,否,是,3	,商家,否,	,否,,信用卡分期,否
【6年套装】云米净水器600G小海豚升级版厨下式RO反渗透直饮家用,251128-270857746801325,未发货，退款成功,1	,正常,2025-11-28 21:50:21,2025-11-29 21:50:21,,	,	,852932116812	,小海豚600G+6年滤芯套装,1812983769340	,厨房电器,净水器/净水设备及配件耗材,净水器,	,S2508151538001,	,送检测笔 [viomi华华 11/28 21:50]==聚水潭已取消发货 已退款 卫11.29,	,退款成功,,2025-11-28 21:50:21,	,,,,,,,否,否,	,否,	,,695.0	,0.0	,0.0	,50.0	,0.0	,0.0	,0.0	,0.0	,645.0	,695.0	,	,	,山东省,烟台市,芝罘区,,,否,否,	,	,	,否,	,	,	,	,	,	,	,	,	,	,	,	,否,否,	,否,否,,	,否,	,否,,,否
【6年套装】云米净水器600G小海豚升级版厨下式RO反渗透直饮家用,251128-137730537883957,待发货,1	,正常,2025-11-28 21:49:31,2025-11-29 21:49:31,,	,	,852932116812	,小海豚600G+6年滤芯套装,1812983769340	,厨房电器,净水器/净水设备及配件耗材,净水器,	,S2508151538001,	,	,	,无售后或售后取消,,2025-11-28 21:49:31,	,,,,,,,否,否,	,否,	,,695.0	,0.0	,0.0	,0.0	,0.0	,0.0	,0.0	,0.0	,695.0	,695.0	,	,	,山东省,临沂市,兰山区,,,否,否,	,	,	,否,	,	,	,	,	,	,	,	,	,	,	,	,否,否,	,否,否,,	,否,	,否,,,否
【重磅新品】云米净水器600G小海豚升级版厨下式RO反渗透直饮家用,251128-249629273720947,待发货,1	,正常,2025-11-28 21:48:49,2025-11-29 21:48:49,,	,	,225501370546	,小海豚600G,1813468330532	,厨房电器,净水器/净水设备及配件耗材,净水器,	,6923185653684	,6923185616399	,	,	,无售后或售后取消,,2025-11-28 21:48:49,	,,,,,,,否,否,	,否,	,,559.0	,0.0	,0.0	,0.0	,0.0	,0.0	,0.0	,0.0	,559.0	,559.0	,	,	,江苏省,宿迁市,宿豫区,,,否,否,	,	,	,否,	,	,	,	,	,	,	,	,	,	,	,	,否,否,	,否,否,,	,否,	,否,,,否
【重磅新品】云米净水器600G小海豚升级版厨下式RO反渗透直饮家用,251128-496285837681325,未发货，退款成功,1	,正常,2025-11-28 21:45:56,2025-11-29 21:45:57,,	,	,225501370546	,小海豚600G,1813468330532	,厨房电器,净水器/净水设备及配件耗材,净水器,	,6923185653684	,6923185616399	,聚水潭已取消发货 已退款 卫11.29,	,退款成功,,2025-11-28 21:45:57,	,,,,,,,否,否,	,否,	,,559.0	,0.0	,0.0	,50.0	,0.2	,0.0	,0.0	,0.0	,509.0	,559.0	,	,	,山东省,烟台市,莱山区,,,否,否,	,	,	,否,	,	,	,	,	,	,	,	,	,	,	,	,否,否,	,否,否,,	,否,	,否,,,否
云米净水器滤芯小蓝调小海豚600G+专用复合滤芯RO反渗透滤芯过滤,251128-242121490813812,待发货,2	,正常,2025-11-28 21:37:34,2025-11-29 21:37:34,2025-11-30 23:59:59,	,	,296967601341	,5in1复合滤芯 2年长效,1600193054565	,厨房电器,净水器/净水设备及配件耗材,净水器配件耗材,	,6923185627425	,	,复合滤芯到手价99，两根198 [viomi华华 11/28 21:40],	,无售后或售后取消,,2025-11-28 21:37:34,	,,,,,,,否,否,	,否,	,,598.0	,0.0	,5.98	,0.0	,0.0	,0.0	,0.0	,0.0	,592.02	,592.02	,	,	,浙江省,嘉兴市,平湖市,,,否,否,	,	,	,否,	,	,	,	,	,	,	,	,	,	,	,	,否,否,	,否,否,,	,否,	,否,,,否
【重磅新品】云米净水器600G小海豚升级版厨下式RO反渗透直饮家用,251128-458065262973812,待发货,1	,正常,2025-11-28 21:36:18,2025-11-29 21:36:18,2025-11-30 23:59:59,	,	,225501370546	,小海豚600G,1813468330532	,厨房电器,净水器/净水设备及配件耗材,净水器,	,6923185653684	,6923185616399	,	,	,无售后或售后取消,,2025-11-28 21:36:18,	,,,,,,,否,否,	,否,	,,559.0	,0.0	,0.0	,50.0	,0.0	,0.0	,0.0	,0.0	,509.0	,559.0	,	,	,浙江省,嘉兴市,平湖市,,,否,否,	,	,	,否,	,	,	,	,	,	,	,	,	,	,	,	,否,否,	,否,否,,	,否,	,否,,,否
【重磅新品】云米净水器600G小海豚升级版厨下式RO反渗透直饮家用,251128-084237422961106,已取消,1	,正常,	,	,,	,	,225501370546	,小海豚600G,1813468330532	,厨房电器,净水器/净水设备及配件耗材,净水器,	,6923185653684	,6923185616399	,	,	,无售后或售后取消,,	,	,,,,,,,否,否,	,否,	,,559.0	,0.0	,0.0	,0.0	,0.0	,0.0	,0.0	,0.0	,559.0	,559.0	,	,	,****,****,****,****,,否,否,	,	,	,否,	,	,	,	,	,	,	,	,	,	,	,	,否,否,	,否,	,,	,否,	,否,,,否
【母婴直饮】云米净水器 SE 600G+ 新升级厨下式RO反渗透直饮家用,251128-443914688103566,待发货,1	,正常,2025-11-28 21:31:55,2025-11-29 21:31:56,2025-11-30 23:59:59,	,	,819506595979	,【24年新品】600G升级版6年长效,1787046011387	,厨房电器,净水器/净水设备及配件耗材,净水器,	,6923185653684	,6923185616399	,	,	,无售后或售后取消,,2025-11-28 21:31:56,	,,,,,,,否,否,	,否,	,,748.0	,0.0	,134.64	,74.8	,0.0	,0.0	,0.0	,0.0	,538.56	,613.36	,	,	,广东省,广州市,天河区,,,否,否,	,	,	,否,	,	,	,	,	,	,	,	,	,	,	,	,否,否,	,否,否,,	,否,	,否,,,否
云米小厨宝6L电热水器厨房卫生间出水恒温储水式小型速热神器加热,251128-275193546303962,待发货,2	,正常,2025-11-28 21:29:59,2025-11-29 21:29:59,,	,	,208073193570	,热水即刻有-【6L】,1801828025682	,大家电,热水器,厨宝,	,6923185611233	,6923185611233	,	,	,无售后或售后取消,,2025-11-28 21:29:59,	,,,,,,,否,否,	,否,	,,506.0	,0.0	,10.12	,0.0	,0.0	,0.0	,0.0	,0.0	,495.88	,495.88	,	,	,重庆市,重庆市,永川区,,,否,否,	,	,	,否,	,	,	,	,	,	,	,	,	,	,	,	,否,否,	,否,否,,	,否,	,否,,,否
云米顶侧大吸力蓝调油烟机家用厨房节能自清洁一级能效可挥手智控,251128-141479186863588,已取消,1	,正常,	,	,,	,	,657344402006	,云米智清洁挥手智控单烟机,1723825075586	,大家电,厨房大电,油烟机,	,6923185650973	,6923185650973	,	,	,无售后或售后取消,,	,	,,,,,,,否,否,	,否,	,,779.0	,0.0	,0.0	,38.95	,0.0	,0.0	,0.0	,0.0	,740.05	,779.0	,	,	,****,****,****,****,,否,否,	,	,	,否,	,	,	,	,	,	,	,	,	,	,	,	,否,否,	,否,	,,	,否,	,否,,,否
【母婴直饮】云米净水器 SE 600G+ 新升级厨下式RO反渗透直饮家用,251128-446132416050011,已取消,1	,正常,	,	,,	,	,819506595979	,【24年新品】600G升级版6年长效,1787046011387	,厨房电器,净水器/净水设备及配件耗材,净水器,	,6923185653684	,6923185616399	,	,	,无售后或售后取消,,	,	,,,,,,,否,否,	,否,	,,748.0	,0.0	,145.6	,20.0	,0.0	,0.0	,0.0	,0.0	,582.4	,602.4	,	,	,****,****,****,****,,否,否,	,	,	,否,	,	,	,	,	,	,	,	,	,	,	,	,否,否,	,否,	,,	,否,	,否,,,否
云米顶侧大吸力蓝调油烟机家用厨房节能自清洁一级能效可挥手智控,251128-255700518401790,待发货,1	,正常,2025-11-28 21:12:57,2025-11-29 21:12:57,,	,	,657344402006	,云米智清洁挥手智控单烟机,1723825075586	,大家电,厨房大电,油烟机,	,6923185650973	,6923185650973	,	,	,无售后或售后取消,,2025-11-28 21:12:57,	,,,,,,,否,否,	,否,	,,779.0	,0.0	,0.0	,77.9	,5.0	,0.0	,0.0	,0.0	,701.1	,779.0	,	,	,四川省,自贡市,贡井区,,,否,否,	,	,	,否,	,	,	,	,	,	,	,	,	,	,	,	,否,否,	,否,否,,	,否,	,否,,,否
云米顶侧大吸力蓝调油烟机家用厨房节能自清洁一级能效可挥手智控,251128-682187897231234,已取消,1	,正常,	,	,,	,	,657344402006	,云米智清洁挥手智控单烟机,1723825075586	,大家电,厨房大电,油烟机,	,6923185650973	,6923185650973	,	,	,无售后或售后取消,,	,	,,,,,,,否,否,	,否,	,,779.0	,0.0	,0.0	,38.95	,0.0	,0.0	,0.0	,0.0	,740.05	,779.0	,	,	,****,****,****,****,,否,否,	,	,	,否,	,	,	,	,	,	,	,	,	,	,	,	,否,否,	,否,	,,	,否,	,否,,,否
云米净水器滤芯PP棉前置后置RO反渗透1号2号3号4号通用装C/V系列,251128-384329378111687,待发货,1	,正常,2025-11-28 21:05:57,2025-11-30 21:05:57,,	,	,205467667434	,1号PP棉滤芯超能升级版,760402645809	,厨房电器,净水器/净水设备及配件耗材,净水器配件耗材,	,6923185600190	,	,	,	,无售后或售后取消,,2025-11-28 21:05:57,	,,,,,,,否,否,	,否,	,,39.0	,0.0	,0.0	,3.0	,0.04	,0.0	,0.0	,0.0	,36.0	,39.0	,	,	,云南省,曲靖市,麒麟区,,,否,否,	,	,	,否,	,	,	,	,	,	,	,	,	,	,	,	,否,否,	,否,否,,	,否,	,否,,,否
VIOMI云米净水器600G小蓝调厨下式RO反渗透直饮家用6年长效,251128-642247627191885,待发货,1	,正常,2025-11-28 21:04:16,2025-11-29 21:04:16,,	,	,850883552953	,RO反渗透除去重金属,1811278299045	,厨房电器,净水器/净水设备及配件耗材,净水器,	,6923185653592	,6923185653592	,	,	,无售后或售后取消,,2025-11-28 21:04:16,	,,,,,,,否,否,	,否,	,,599.2	,0.0	,0.0	,27.0	,0.0	,0.0	,0.0	,0.0	,572.2	,599.2	,	,	,广东省,广州市,白云区,,,否,否,	,	,	,否,	,	,	,	,	,	,	,	,	,	,	,	,否,否,	,否,否,,	,否,	,否,,,否
VIOMI云米净水器600G小蓝调厨下式RO反渗透直饮家用6年长效,251128-073499994551885,未发货，退款成功,1	,正常,2025-11-28 21:02:18,2025-11-29 21:02:18,,	,	,850883552953	,RO反渗透除去重金属,1811278299045	,厨房电器,净水器/净水设备及配件耗材,净水器,	,6923185653592	,6923185653592	,聚水潭已取消发货 已退款 卫11.29,	,退款成功,,2025-11-28 21:02:18,	,,,,,,,否,否,	,否,	,,599.2	,0.0	,0.0	,27.0	,0.0	,0.0	,0.0	,0.0	,572.2	,599.2	,	,	,内蒙古自治区,通辽市,科尔沁区,,,否,否,	,	,	,否,	,	,	,	,	,	,	,	,	,	,	,	,否,否,	,否,否,,	,否,	,否,,,否
VIOMI云米净水器1000G厨下直饮小体积净水机RO机智显龙头3秒满杯,251128-576916057700511,未发货，退款成功,1	,正常,2025-11-28 21:01:33,2025-11-29 21:01:33,,	,	,842195971715	,1000G大通量RO净水器,1803617356458	,厨房电器,净水器/净水设备及配件耗材,净水器,	,6923185654247	,	,聚水潭已取消发货 已退款 卫11.29,	,退款成功,,2025-11-28 21:01:33,	,,,,,,,否,否,	,否,	,,823.0	,0.0	,24.0	,0.0	,0.0	,0.0	,0.0	,0.0	,799.0	,799.0	,	,	,云南省,曲靖市,麒麟区,,,否,否,	,	,	,否,	,	,	,	,	,	,	,	,	,	,	,	,否,是,	,否,否,,	,否,	,否,,,否
Viomi云米净水器1000G厨下式RO反渗透直饮过滤器净饮小海豚2,251128-002029012590770,待发货,1	,正常,2025-11-28 21:00:10,2025-11-29 21:00:10,,	,	,205458105137	,小海豚2包安装1000G大加仑,1802849942800	,厨房电器,净水器/净水设备及配件耗材,净水器,	,6923185654865	,	,	,	,无售后或售后取消,,2025-11-28 21:00:10,	,,,,,,,否,否,	,否,	,,999.0	,0.0	,100.0	,0.0	,5.0	,0.0	,0.0	,0.0	,899.0	,899.0	,	,	,江苏省,淮安市,清江浦区,,,否,否,	,	,	,否,	,	,	,	,	,	,	,	,	,	,	,	,否,否,	,否,否,,	,否,	,否,,,否
【6年套装】云米净水器600G小海豚升级版厨下式RO反渗透直饮家用,251128-278003781993955,待发货,1	,正常,2025-11-28 20:59:54,2025-11-29 20:59:54,,	,	,852932116812	,小海豚600G+6年滤芯套装,1812983769340	,厨房电器,净水器/净水设备及配件耗材,净水器,	,S2508151538001,	,检测笔 [viomi英英sk 11/29 08:40],	,无售后或售后取消,,2025-11-28 20:59:54,	,,,,,,,否,否,	,否,	,,695.0	,0.0	,0.0	,1.0	,5.0	,0.0	,0.0	,0.0	,694.0	,695.0	,	,	,内蒙古自治区,呼和浩特市,托克托县,,,否,否,	,	,	,否,	,	,	,	,	,	,	,	,	,	,	,	,否,否,	,否,否,,	,否,	,否,,,否
云米22m³顶侧大吸力蓝调低噪油烟机猛火天燃气灶智能套装家用厨房,251128-269111805441790,待发货,1	,正常,2025-11-28 20:58:12,2025-11-29 20:58:13,,	,	,388827922980	,【烟灶套装】顶侧双吸+5.0猛火灶（天）,1752816957652	,大家电,厨房大电,烟灶消套装,	,S2405071349001,S2409261025001,	,	,无售后或售后取消,,2025-11-28 20:58:13,	,,,,,,,否,否,	,否,	,,1198.0	,0.0	,180.0	,40.0	,5.0	,0.0	,0.0	,0.0	,978.0	,1018.0	,	,	,四川省,自贡市,贡井区,,,否,否,	,	,	,否,	,	,	,	,	,	,	,	,	,	,	,	,否,否,	,否,否,,	,否,	,否,,,否
【6年套装】云米净水器600G小海豚升级版厨下式RO反渗透直饮家用,251128-584921925150926,待发货,1	,正常,2025-11-28 20:56:52,2025-11-29 20:56:52,,	,	,852932116812	,小海豚600G+6年滤芯套装,1812983769340	,厨房电器,净水器/净水设备及配件耗材,净水器,	,S2508151538001,	,	,	,无售后或售后取消,,2025-11-28 20:56:52,	,,,,,,,否,否,	,否,	,,695.0	,0.0	,0.0	,0.0	,0.0	,0.0	,0.0	,0.0	,695.0	,695.0	,	,	,广东省,东莞市,莞城区,,,否,否,	,	,	,否,	,	,	,	,	,	,	,	,	,	,	,	,否,否,	,否,是,3	,消费者,否,	,否,,花呗分期,否
【重磅新品】云米净水器600G小海豚升级版厨下式RO反渗透直饮家用,251128-257304849983886,待发货,1	,正常,2025-11-28 20:56:08,2025-11-29 20:56:08,,	,	,225501370546	,小海豚600G,1813468330532	,厨房电器,净水器/净水设备及配件耗材,净水器,	,6923185653684	,6923185616399	,	,	,无售后或售后取消,,2025-11-28 20:56:08,	,,,,,,,否,否,	,否,	,,559.0	,0.0	,0.0	,1.98	,0.0	,0.0	,0.0	,0.0	,557.02	,559.0	,	,	,河北省,廊坊市,三河市,,,否,否,	,	,	,否,	,	,	,	,	,	,	,	,	,	,	,	,否,是,	,否,否,,	,否,	,否,,,否
Viomi云米净水器1000G厨下式RO反渗透直饮过滤器净饮小海豚2,251128-494597588542524,待发货,1	,正常,2025-11-28 20:56:11,2025-11-29 20:56:11,,	,	,205458105137	,小海豚2包安装1000G大加仑,1802849942800	,厨房电器,净水器/净水设备及配件耗材,净水器,	,6923185654865	,	,	,	,无售后或售后取消,,2025-11-28 20:56:11,	,,,,,,,否,否,	,否,	,,999.0	,0.0	,100.0	,64.0	,1.67	,0.0	,0.0	,0.0	,835.0	,899.0	,	,	,黑龙江省,哈尔滨市,香坊区,,,否,否,	,	,	,否,	,	,	,	,	,	,	,	,	,	,	,	,是,是,	,否,否,,	,否,	,否,,,否
云米22m³顶侧大吸力蓝调低噪油烟机猛火天燃气灶智能套装家用厨房,251128-669174996481790,待发货,1	,正常,2025-11-28 20:55:46,2025-11-29 20:55:46,,	,	,388827922980	,【烟灶套装】顶侧双吸+5.0猛火灶（天）,1752816957652	,大家电,厨房大电,烟灶消套装,	,S2405071349001,S2409261025001,	,	,无售后或售后取消,,2025-11-28 20:55:46,	,,,,,,,否,否,	,否,	,,1198.0	,0.0	,180.0	,40.0	,5.0	,0.0	,0.0	,0.0	,978.0	,1018.0	,	,	,四川省,自贡市,贡井区,,,否,否,	,	,	,否,	,	,	,	,	,	,	,	,	,	,	,	,否,否,	,否,否,,	,否,	,否,,,否
云米顶侧大吸力蓝调油烟机家用厨房节能自清洁一级能效可挥手智控,251128-086575726991234,已取消,1	,正常,	,	,,	,	,657344402006	,云米智清洁挥手智控单烟机,1723825075586	,大家电,厨房大电,油烟机,	,6923185650973	,6923185650973	,	,	,无售后或售后取消,,	,	,,,,,,,否,否,	,否,	,,779.0	,0.0	,0.0	,38.95	,0.0	,0.0	,0.0	,0.0	,740.05	,779.0	,	,	,****,****,****,****,,否,否,	,	,	,否,	,	,	,	,	,	,	,	,	,	,	,	,否,否,	,否,	,,	,否,	,否,,,否
【重磅新品】云米净水器600G小海豚升级版厨下式RO反渗透直饮家用,251128-587779336482485,待发货,1	,正常,2025-11-28 20:46:51,2025-11-29 20:46:51,,	,	,225501370546	,小海豚600G,1813468330532	,厨房电器,净水器/净水设备及配件耗材,净水器,	,6923185653684	,6923185616399	,	,	,无售后或售后取消,,2025-11-28 20:46:51,	,,,,,,,否,否,	,否,	,,559.0	,0.0	,0.0	,0.0	,0.0	,0.0	,0.0	,0.0	,559.0	,559.0	,	,	,河南省,焦作市,沁阳市,,,否,否,	,	,	,否,	,	,	,	,	,	,	,	,	,	,	,	,否,否,	,否,否,,	,否,	,否,,,否
云米22m³顶侧大吸力蓝调低噪油烟机猛火天燃气灶智能套装家用厨房,251128-486167037441790,已取消,1	,正常,	,	,,	,	,388827922980	,【烟灶套装】顶侧双吸+5.0猛火灶（天）,1752816957652	,大家电,厨房大电,烟灶消套装,	,S2405071349001,S2409261025001,	,	,无售后或售后取消,,	,	,,,,,,,否,否,	,否,	,,1198.0	,0.0	,180.0	,40.0	,0.0	,0.0	,0.0	,0.0	,978.0	,1018.0	,	,	,****,****,****,****,,否,否,	,	,	,否,	,	,	,	,	,	,	,	,	,	,	,	,否,否,	,否,	,,	,否,	,否,,,否
云米22m³顶侧大吸力蓝调低噪油烟机猛火天燃气灶智能套装家用厨房,251128-663722473900630,待发货,1	,正常,2025-11-28 20:38:00,2025-11-29 20:38:00,,	,	,388827922980	,【烟灶套装】顶侧双吸+5.0猛火灶（液）,1752816957653	,大家电,厨房大电,烟灶消套装,	,S2411211436001,S2409261025001,	,	,无售后或售后取消,,2025-11-28 20:38:00,	,,,,,,,否,否,	,否,	,,1198.0	,0.0	,180.0	,40.0	,0.2	,0.0	,0.0	,0.0	,978.0	,1018.0	,	,	,江苏省,镇江市,句容市,,,否,否,	,	,	,否,	,	,	,	,	,	,	,	,	,	,	,	,否,否,	,否,否,,	,否,	,否,,,否
云米小厨宝6L电热水器厨房卫生间出水恒温储水式小型速热神器加热,251128-447537487362174,待发货,1	,正常,2025-11-28 20:23:39,2025-11-29 20:23:40,,	,	,208073193570	,热水即刻有-【6L】,1801828025682	,大家电,热水器,厨宝,	,6923185611233	,6923185611233	,	,	,无售后或售后取消,,2025-11-28 20:23:40,	,,,,,,,否,否,	,否,	,,253.0	,0.0	,0.0	,25.3	,0.0	,0.0	,0.0	,0.0	,227.7	,253.0	,	,	,江苏省,常州市,新北区,,,否,否,	,	,	,否,	,	,	,	,	,	,	,	,	,	,	,	,否,否,	,否,否,,	,否,	,否,,,否
【重磅新品】云米净水器600G小海豚升级版厨下式RO反渗透直饮家用,251128-497795755583886,已取消,1	,正常,	,	,,	,	,225501370546	,小海豚600G,1813468330532	,厨房电器,净水器/净水设备及配件耗材,净水器,	,6923185653684	,6923185616399	,	,	,无售后或售后取消,,	,	,,,,,,,否,否,	,否,	,,559.0	,0.0	,0.0	,1.98	,0.0	,0.0	,0.0	,0.0	,557.02	,559.0	,	,	,****,****,****,****,,否,否,	,	,	,否,	,	,	,	,	,	,	,	,	,	,	,	,否,否,	,否,	,,	,否,	,否,,,否
VIOMI云米净水器600G小蓝调厨下式RO反渗透直饮家用6年长效,251128-137814371971016,待发货,1	,正常,2025-11-28 20:21:37,2025-11-29 20:21:37,2025-11-30 23:59:59,	,	,850883552953	,RO反渗透除去重金属,1811278299045	,厨房电器,净水器/净水设备及配件耗材,净水器,	,6923185653592	,6923185653592	,直播间中奖10元红包,	,无售后或售后取消,,2025-11-28 20:21:37,	,,,,,,,否,否,	,否,	,,599.2	,0.0	,0.0	,77.89	,0.0	,0.0	,0.0	,0.0	,521.31	,599.2	,	,	,广东省,中山市,横栏镇,,,否,否,	,	,	,否,	,	,	,	,	,	,	,	,	,	,	,	,是,是,	,否,否,,	,否,	,否,,,否
云米小厨宝6L电热水器厨房卫生间出水恒温储水式小型速热神器加热,251128-372375632232175,待发货,1	,正常,2025-11-28 20:19:30,2025-11-29 20:19:30,,	,	,208073193570	,热水即刻有-【6L】,1801828025682	,大家电,热水器,厨宝,	,6923185611233	,6923185611233	,	,	,无售后或售后取消,,2025-11-28 20:19:30,	,,,,,,,否,否,	,否,	,,253.0	,0.0	,0.0	,0.0	,0.0	,0.0	,0.0	,0.0	,253.0	,253.0	,	,	,江苏省,无锡市,江阴市,,,否,否,	,	,	,否,	,	,	,	,	,	,	,	,	,	,	,	,否,否,	,否,否,,	,否,	,否,,,否
云米小厨宝6L电热水器厨房卫生间出水恒温储水式小型速热神器加热,251128-152620265071203,待发货,1	,正常,2025-11-28 20:07:48,2025-11-29 20:07:48,,	,	,208073193570	,热水即刻有-【6L】,1801828025682	,大家电,热水器,厨宝,	,6923185611233	,6923185611233	,	,	,无售后或售后取消,,2025-11-28 20:07:48,	,,,,,,,否,否,	,否,	,,253.0	,0.0	,0.0	,50.0	,0.0	,0.0	,0.0	,0.0	,203.0	,253.0	,	,	,重庆市,重庆市,璧山区,,,否,否,	,	,	,否,	,	,	,	,	,	,	,	,	,	,	,	,否,否,	,否,否,,	,否,	,否,,,否
VIOMI云米净水器1000G厨下直饮小体积净水机RO机智显龙头3秒满杯,251128-273830387313034,待发货,1	,正常,2025-11-28 20:01:36,2025-11-29 20:01:37,,	,	,842195971715	,1000G大通量RO净水器,1803617356458	,厨房电器,净水器/净水设备及配件耗材,净水器,	,6923185654247	,	,	,	,无售后或售后取消,,2025-11-28 20:01:37,	,,,,,,,否,否,	,否,	,,823.0	,0.0	,24.0	,100.0	,1.39	,0.0	,0.0	,0.0	,699.0	,799.0	,	,	,安徽省,合肥市,瑶海区,,,否,否,	,	,	,否,	,	,	,	,	,	,	,	,	,	,	,	,否,否,	,否,否,,	,否,	,否,,,否
【母婴直饮】云米净水器 SE 600G+ 新升级厨下式RO反渗透直饮家用,251128-048512396830742,待发货,1	,正常,2025-11-28 20:00:31,2025-11-29 20:00:32,2025-11-30 23:59:59,	,	,819506595979	,【24年新品】600G升级版6年长效,1787046011387	,厨房电器,净水器/净水设备及配件耗材,净水器,	,6923185653684	,6923185616399	,	,	,无售后或售后取消,,2025-11-28 20:00:32,	,,,,,,,否,否,	,否,	,,748.0	,0.0	,129.6	,100.0	,0.0	,0.0	,0.0	,0.0	,518.4	,618.4	,	,	,广东省,广州市,越秀区,,,否,否,	,	,	,否,	,	,	,	,	,	,	,	,	,	,	,	,否,否,	,否,否,,	,否,	,否,,,否
【重磅新品】云米净水器600G小海豚升级版厨下式RO反渗透直饮家用,251128-671114924461625,未发货，退款成功,1	,正常,2025-11-28 19:58:17,2025-11-29 19:58:18,,	,	,225501370546	,小海豚600G,1813468330532	,厨房电器,净水器/净水设备及配件耗材,净水器,	,6923185653684	,6923185616399	,聚水潭已取消发货 已退款   叶11.28,	,退款成功,,2025-11-28 19:58:18,	,,,,,,,否,否,	,否,	,,559.0	,0.0	,0.0	,0.0	,0.0	,0.0	,0.0	,0.0	,559.0	,559.0	,	,	,浙江省,嘉兴市,海宁市,,,否,否,	,	,	,否,	,	,	,	,	,	,	,	,	,	,	,	,否,否,	,否,否,,	,否,	,否,,,否
【重磅新品】云米净水器600G小海豚升级版厨下式RO反渗透直饮家用,251128-055412058483056,待发货,1	,正常,2025-11-28 19:54:27,2025-11-29 19:54:27,,	,	,225501370546	,小海豚600G,1813468330532	,厨房电器,净水器/净水设备及配件耗材,净水器,	,6923185653684	,6923185616399	,	,	,无售后或售后取消,,2025-11-28 19:54:27,	,,,,,,,否,否,	,否,	,,559.0	,0.0	,0.0	,0.0	,0.0	,0.0	,0.0	,0.0	,559.0	,559.0	,	,	,浙江省,金华市,东阳市,,,否,否,	,	,	,否,	,	,	,	,	,	,	,	,	,	,	,	,否,否,	,否,否,,	,否,	,否,,,否
【重磅新品】云米净水器600G小海豚升级版厨下式RO反渗透直饮家用,251128-552919406220758,待发货,1	,正常,2025-11-28 19:54:01,2025-11-29 19:54:01,,	,	,225501370546	,小海豚600G,1813468330532	,厨房电器,净水器/净水设备及配件耗材,净水器,	,6923185653684	,6923185616399	,	,	,无售后或售后取消,,2025-11-28 19:54:01,	,,,,,,,否,否,	,否,	,,559.0	,0.0	,0.0	,20.0	,0.0	,0.0	,0.0	,0.0	,539.0	,559.0	,	,	,四川省,宜宾市,叙州区,,,否,否,	,	,	,否,	,	,	,	,	,	,	,	,	,	,	,	,否,否,	,否,否,,	,否,	,否,,,否
云米智能AI门锁3D指纹密码蓝牙可连大容量续航家用公寓自动安全,251128-260330023351180,未发货，退款成功,1	,正常,2025-11-28 19:48:48,2025-11-29 19:48:48,2025-11-30 23:59:59,	,	,743885774552	,"云米蓝调指纹密码锁LBT11C,黑色",1734954999916	,基础建材,智能门锁/电子锁,智能门锁/电子锁,	,6923185655381	,6923185655381	,已建单拦截：ZX2511290058175，卫11.29,	,退款成功,,2025-11-28 19:48:48,	,,,,,,,否,否,	,否,	,,661.0	,0.0	,76.0	,24.0	,0.0	,0.0	,0.0	,0.0	,561.0	,585.0	,	,	,浙江省,宁波市,镇海区,,,否,否,	,	,	,否,	,	,	,	,	,	,	,	,	,	,	,	,否,否,	,否,否,,	,否,	,否,,,否
云米AI油烟机双腔大吸力Smart双腔一级能效23m³大风压智清洁节能,251128-589997022831550,已取消,1	,正常,	,	,,	,	,857557599349	,双腔深拢吸油烟机,1816789031904	,大家电,厨房大电,油烟机,	,6923185649229	,6923185649229	,	,	,无售后或售后取消,,	,	,,,,,,,否,否,	,否,	,,779.0	,0.0	,0.0	,6.0	,0.0	,0.0	,0.0	,0.0	,773.0	,779.0	,	,	,****,****,****,****,,否,否,	,	,	,否,	,	,	,	,	,	,	,	,	,	,	,	,否,否,	,否,	,,	,否,	,否,,,否
【母婴直饮】云米净水器 SE 600G+ 新升级厨下式RO反渗透直饮家用,251128-577351216690011,待发货,1	,正常,2025-11-28 19:28:24,2025-11-29 19:28:24,,	,	,819506595979	,【24年新品】600G升级版6年长效,1787046011387	,厨房电器,净水器/净水设备及配件耗材,净水器,	,6923185653684	,6923185616399	,	,	,无售后或售后取消,,2025-11-28 19:28:24,	,,,,,,,否,否,	,否,	,,748.0	,0.0	,139.6	,50.0	,0.0	,0.0	,0.0	,0.0	,558.4	,608.4	,	,	,四川省,成都市,青羊区,,,否,否,	,	,	,否,	,	,	,	,	,	,	,	,	,	,	,	,是,是,	,否,是,3	,商家,否,	,否,,信用卡分期,否
云米大黑翼油烟机24m³超薄平嵌顶侧三吸高温自洁聚能猛火烟灶套装,251128-352730488420555,待发货,1	,正常,2025-11-28 19:26:47,2025-11-29 19:26:48,2025-11-30 23:59:59,	,	,825352039699	,"【烟灶套装】大黑翼烟机+5.0灶,液化气",1791074359409	,大家电,厨房大电,烟灶消套装,	,S2505061356001,6923185654759	,	,	,无售后或售后取消,,2025-11-28 19:26:48,	,,,,,,,否,否,	,否,	,,1399.0	,0.0	,0.0	,0.0	,0.0	,0.0	,0.0	,0.0	,1399.0	,1399.0	,	,	,浙江省,绍兴市,诸暨市,,,否,否,	,	,	,否,	,	,	,	,	,	,	,	,	,	,	,	,否,是,	,否,否,,	,否,	,否,,,否
云米大黑翼油烟机24m³超薄平嵌顶侧三吸高温自洁聚能猛火烟灶套装,251128-546350067300555,已取消,1	,正常,	,	,,	,	,825352039699	,"【烟灶套装】大黑翼烟机+5.0灶,液化气",1791074359409	,大家电,厨房大电,烟灶消套装,	,S2505061356001,6923185654759	,	,	,无售后或售后取消,,	,	,,,,,,,否,否,	,否,	,,1399.0	,0.0	,0.0	,0.0	,0.0	,0.0	,0.0	,0.0	,1399.0	,1399.0	,	,	,****,****,****,****,,否,否,	,	,	,否,	,	,	,	,	,	,	,	,	,	,	,	,否,否,	,否,	,,	,否,	,否,,,否
云米大黑翼油烟机24m³超薄平嵌顶侧三吸高温自洁聚能猛火烟灶套装,251128-117272757860555,已取消,1	,正常,	,	,,	,	,825352039699	,"【烟灶套装】大黑翼烟机+5.0灶,液化气",1791074359409	,大家电,厨房大电,烟灶消套装,	,S2505061356001,6923185654759	,	,	,无售后或售后取消,,	,	,,,,,,,否,否,	,否,	,,1399.0	,0.0	,0.0	,20.0	,0.0	,0.0	,0.0	,0.0	,1379.0	,1399.0	,	,	,****,****,****,****,,否,否,	,	,	,否,	,	,	,	,	,	,	,	,	,	,	,	,是,否,	,否,	,,	,否,	,否,,,否
【6年套装】云米净水器600G小海豚升级版厨下式RO反渗透直饮家用,251128-424956444974049,已取消,1	,正常,	,	,,	,	,852932116812	,小海豚600G+6年滤芯套装,1812983769340	,厨房电器,净水器/净水设备及配件耗材,净水器,	,S2508151538001,	,	,	,无售后或售后取消,,	,	,,,,,,,否,否,	,否,	,,695.0	,0.0	,0.0	,0.0	,0.0	,0.0	,0.0	,0.0	,695.0	,695.0	,	,	,****,****,****,****,,否,否,	,	,	,否,	,	,	,	,	,	,	,	,	,	,	,	,否,否,	,否,	,,	,否,	,否,,,否
云米双腔大吸力手势控制智清洁油烟机聚能猛火灶安全烟灶联动套装,251128-542265853493999,待发货,1	,正常,2025-11-28 19:22:54,2025-11-29 19:22:54,,	,	,818688568550	,"【烟灶套装】双腔劲吸烟机+5.2KW灶,天然气灶",1786564457087	,大家电,厨房大电,烟灶消套装,	,S2509151411001,	,	,	,无售后或售后取消,,2025-11-28 19:22:54,	,,,,,,,否,否,	,否,	,,1299.0	,0.0	,0.0	,0.0	,0.0	,0.0	,0.0	,0.0	,1299.0	,1299.0	,	,	,上海市,上海市,奉贤区,,,否,否,	,	,	,否,	,	,	,	,	,	,	,	,	,	,	,	,否,是,	,否,否,,	,否,	,否,,,否
云米双腔大吸力手势控制智清洁油烟机聚能猛火灶安全烟灶联动套装,251128-664713305653999,待付款,1	,正常,	,	,,	,	,818688568550	,"【烟灶套装】双腔劲吸烟机+5.2KW灶,天然气灶",1786564457087	,大家电,厨房大电,烟灶消套装,	,S2509151411001,	,	,	,无售后或售后取消,,	,	,,,,,,,否,否,	,否,	,,1299.0	,0.0	,0.0	,0.0	,0.0	,0.0	,0.0	,0.0	,1299.0	,1299.0	,	,	,****,****,****,****,,否,否,	,	,	,否,	,	,	,	,	,	,	,	,	,	,	,	,否,否,	,否,	,,	,否,	,否,,,否
【重磅新品】云米净水器600G小海豚升级版厨下式RO反渗透直饮家用,251128-379343377990042,未发货，退款成功,1	,正常,2025-11-28 19:13:18,2025-11-29 19:13:18,,	,	,225501370546	,小海豚600G,1813468330532	,厨房电器,净水器/净水设备及配件耗材,净水器,	,6923185653684	,6923185616399	,	,	,退款成功,,2025-11-28 19:13:18,	,,,,,,,否,否,	,否,	,,559.0	,0.0	,0.0	,50.0	,0.0	,0.0	,0.0	,0.0	,509.0	,559.0	,	,	,广东省,惠州市,惠阳区,,,否,否,	,	,	,否,	,	,	,	,	,	,	,	,	,	,	,	,否,否,	,否,否,,	,否,	,否,,,否
云米60升AI速热高温抑菌电热水器3000W一级节能变频增容家用租房,251128-156793607750042,未发货，退款成功,1	,正常,2025-11-28 19:12:54,2025-11-29 19:12:54,,	,	,226368376224	,3000W速热安全60L热水器,1737176648260	,大家电,热水器,电热水器,	,6923185602224	,6923185602224	,赠品蓬头 [viomi范范sk 11/29 09:48]==已建单拦截：ZX2511290058175，卫11.29,	,退款成功,,2025-11-28 19:12:54,	,,,,,,,否,否,	,否,	,,654.0	,0.0	,36.0	,24.0	,0.0	,0.0	,0.0	,0.0	,594.0	,618.0	,	,	,广东省,惠州市,惠阳区,,,否,否,	,	,	,否,	,	,	,	,	,	,	,	,	,	,	,	,否,否,	,否,否,,	,否,	,否,,,否
云米60升AI速热高温抑菌电热水器3000W一级节能变频增容家用租房,251128-657960506950042,未发货，退款成功,1	,正常,2025-11-28 19:05:58,2025-11-29 19:05:59,,	,	,226368376224	,3000W速热安全60L热水器,1737176648260	,大家电,热水器,电热水器,	,6923185602224	,6923185602224	,聚水潭已取消发货 已退款   叶11.28,	,退款成功,,2025-11-28 19:05:59,	,,,,,,,否,否,	,否,	,,654.0	,0.0	,36.0	,24.0	,0.0	,0.0	,0.0	,0.0	,594.0	,618.0	,	,	,广东省,惠州市,大亚湾区,,,否,否,	,	,	,否,	,	,	,	,	,	,	,	,	,	,	,	,否,否,	,否,否,,	,否,	,否,,,否
【重磅新品】云米净水器600G小海豚升级版厨下式RO反渗透直饮家用,251128-179977602630042,未发货，退款成功,1	,正常,2025-11-28 19:05:31,2025-11-29 19:05:31,,	,	,225501370546	,小海豚600G,1813468330532	,厨房电器,净水器/净水设备及配件耗材,净水器,	,6923185653684	,6923185616399	,聚水潭已取消发货 已退款   叶11.28,	,退款成功,,2025-11-28 19:05:31,	,,,,,,,否,否,	,否,	,,559.0	,0.0	,0.0	,50.0	,0.0	,0.0	,0.0	,0.0	,509.0	,559.0	,	,	,广东省,惠州市,大亚湾区,,,否,否,	,	,	,否,	,	,	,	,	,	,	,	,	,	,	,	,否,否,	,否,否,,	,否,	,否,,,否
云米净水器滤芯家用小海豚小蓝调小白龙系列专用RO反渗透,251128-593986926972453,待发货,1	,正常,2025-11-28 18:58:04,2025-11-30 18:58:04,,	,	,232467205433	,5in1 复合滤芯,1647394585330	,厨房电器,净水器/净水设备及配件耗材,净水器配件耗材,	,6923185627425	,	,到手价109 [viomi华华 11/28 21:07],	,无售后或售后取消,,2025-11-28 18:58:04,	,,,,,,,否,否,	,否,	,,149.0	,0.0	,0.0	,0.0	,0.0	,0.0	,0.0	,0.0	,149.0	,149.0	,	,	,广西壮族自治区,南宁市,江南区,,,否,否,	,	,	,否,	,	,	,	,	,	,	,	,	,	,	,	,否,否,	,否,否,,	,否,	,否,,,否
【母婴直饮】云米净水器 SE 600G+ 新升级厨下式RO反渗透直饮家用,251128-253241659811629,未发货，退款成功,1	,正常,2025-11-28 18:52:28,2025-11-29 18:52:29,,	,	,819506595979	,【24年新品】600G升级版6年长效,1787046011387	,厨房电器,净水器/净水设备及配件耗材,净水器,	,6923185653684	,6923185616399	,聚水潭已取消发货 已退款   叶11.28,	,退款成功,,2025-11-28 18:52:29,	,,,,,,,否,否,	,否,	,,748.0	,0.0	,139.6	,50.0	,0.0	,0.0	,0.0	,0.0	,558.4	,608.4	,	,	,河南省,郑州市,荥阳市,,,否,否,	,	,	,否,	,	,	,	,	,	,	,	,	,	,	,	,是,是,	,否,否,,	,否,	,否,,,否
【6年套装】云米净水器600G小海豚升级版厨下式RO反渗透直饮家用,251128-484179996163770,待发货,1	,正常,2025-11-28 18:47:20,2025-11-29 18:47:21,,	,	,852932116812	,小海豚600G+6年滤芯套装,1812983769340	,厨房电器,净水器/净水设备及配件耗材,净水器,	,S2508151538001,	,	,	,无售后或售后取消,,2025-11-28 18:47:21,	,,,,,,,否,否,	,否,	,,695.0	,0.0	,0.0	,0.0	,0.0	,0.0	,0.0	,0.0	,695.0	,695.0	,	,	,山东省,济宁市,任城区,,,否,否,	,	,	,否,	,	,	,	,	,	,	,	,	,	,	,	,否,否,	,否,否,,	,否,	,否,,,否
【重磅新品】云米净水器600G小海豚升级版厨下式RO反渗透直饮家用,251128-651973159333857,待发货,1	,正常,2025-11-28 18:41:11,2025-11-29 18:41:11,,	,	,225501370546	,小海豚600G,1813468330532	,厨房电器,净水器/净水设备及配件耗材,净水器,	,6923185653684	,6923185616399	,	,	,无售后或售后取消,,2025-11-28 18:41:11,	,,,,,,,否,否,	,否,	,,559.0	,0.0	,0.0	,3.0	,5.0	,0.0	,0.0	,0.0	,556.0	,559.0	,	,	,福建省,漳州市,芗城区,,,否,否,	,	,	,否,	,	,	,	,	,	,	,	,	,	,	,	,否,否,	,否,否,,	,否,	,否,,,否
【重磅新品】云米净水器600G小海豚升级版厨下式RO反渗透直饮家用,251128-020269044032638,待付款,1	,正常,	,	,,	,	,852161740747	,小海豚600G+6年滤芯套装,1812658223669	,厨房电器,净水器/净水设备及配件耗材,净水器,	,S2508151538001,	,	,	,无售后或售后取消,,	,	,,,,,,,否,否,	,否,	,,764.9	,0.0	,0.0	,0.0	,0.0	,0.0	,0.0	,0.0	,764.9	,764.9	,	,	,****,****,****,****,,否,否,	,	,	,否,	,	,	,	,	,	,	,	,	,	,	,	,否,否,	,否,	,,	,否,	,否,,,否
【重磅新品】云米净水器600G小海豚升级版厨下式RO反渗透直饮家用,251128-253241669952638,待付款,1	,正常,	,	,,	,	,852161740747	,小海豚600G+6年滤芯套装,1812658223669	,厨房电器,净水器/净水设备及配件耗材,净水器,	,S2508151538001,	,	,	,无售后或售后取消,,	,	,,,,,,,否,否,	,否,	,,764.9	,0.0	,0.0	,100.0	,0.0	,0.0	,0.0	,0.0	,664.9	,764.9	,	,	,****,****,****,****,,否,否,	,	,	,否,	,	,	,	,	,	,	,	,	,	,	,	,否,否,	,否,	,,	,否,	,否,,,否
【6年套装】云米净水器600G小海豚升级版厨下式RO反渗透直饮家用,251128-057115942454070,待发货,1	,正常,2025-11-28 18:22:01,2025-11-29 18:22:02,2025-11-30 23:59:59,	,	,852932116812	,小海豚600G+6年滤芯套装,1812983769340	,厨房电器,净水器/净水设备及配件耗材,净水器,	,S2508151538001,	,	,	,无售后或售后取消,,2025-11-28 18:22:02,	,,,,,,,否,否,	,否,	,,695.0	,0.0	,0.0	,50.0	,0.0	,0.0	,0.0	,0.0	,645.0	,695.0	,	,	,福建省,厦门市,湖里区,,,否,否,	,	,	,否,	,	,	,	,	,	,	,	,	,	,	,	,否,否,	,否,是,3	,商家,否,	,否,,信用卡分期,否
云米净水器滤芯家用小海豚小蓝调小白龙系列专用RO反渗透,251128-470747779504035,待付款,1	,正常,	,	,,	,	,232467205433	,5in1 复合滤芯,1647394585330	,厨房电器,净水器/净水设备及配件耗材,净水器配件耗材,	,6923185627425	,	,	,	,无售后或售后取消,,	,	,,,,,,,否,否,	,否,	,,149.0	,0.0	,0.0	,0.0	,0.0	,0.0	,0.0	,0.0	,149.0	,149.0	,	,	,****,****,****,****,,否,否,	,	,	,否,	,	,	,	,	,	,	,	,	,	,	,	,否,否,	,否,	,,	,否,	,否,,,否
云米净水器滤芯家用小海豚小蓝调小白龙系列专用RO反渗透,251128-075686295984035,待发货,1	,正常,2025-11-28 18:18:40,2025-11-30 18:18:41,,	,	,232467205433	,5in1 复合滤芯,1647394585330	,厨房电器,净水器/净水设备及配件耗材,净水器配件耗材,	,6923185627425	,	,	,	,无售后或售后取消,,2025-11-28 18:18:41,	,,,,,,,否,否,	,否,	,,149.0	,0.0	,0.0	,0.0	,0.18	,0.0	,0.0	,0.0	,149.0	,149.0	,	,	,河北省,保定市,其他区,,,否,否,	,	,	,否,	,	,	,	,	,	,	,	,	,	,	,	,否,否,	,否,否,,	,否,	,否,,,否
云米净水器滤芯家用小海豚小蓝调小白龙系列专用RO反渗透,251128-253975642544035,待发货,1	,正常,2025-11-28 18:15:38,2025-11-30 18:15:38,,	,	,232467205433	,400G RO反渗透,1358951046251	,厨房电器,净水器/净水设备及配件耗材,净水器配件耗材,	,6923185618362	,	,	,	,无售后或售后取消,,2025-11-28 18:15:38,	,,,,,,,否,否,	,否,	,,359.0	,0.0	,0.0	,0.0	,0.2	,0.0	,0.0	,0.0	,359.0	,359.0	,	,	,河北省,保定市,其他区,,,否,否,	,	,	,否,	,	,	,	,	,	,	,	,	,	,	,	,否,否,	,否,否,,	,否,	,否,,,否
云米净水器滤芯小蓝调小海豚600G+专用复合滤芯RO反渗透滤芯过滤,251128-158838362531516,待发货,1	,正常,2025-11-28 17:56:59,2025-11-29 17:56:59,,	,	,296967601341	,5in1复合滤芯 2年长效,1600193054565	,厨房电器,净水器/净水设备及配件耗材,净水器配件耗材,	,6923185627425	,	,补差后返到手价99,	,无售后或售后取消,,2025-11-28 17:56:59,	,,,,,,,否,否,	,否,	,,299.0	,0.0	,0.0	,0.0	,0.0	,0.0	,0.0	,0.0	,299.0	,299.0	,	,	,河南省,南阳市,镇平县,,,否,否,	,	,	,否,	,	,	,	,	,	,	,	,	,	,	,	,否,否,	,否,否,,	,否,	,否,,,否
【母婴直饮】云米净水器 SE 600G+ 新升级厨下式RO反渗透直饮家用,251128-446787807651516,待发货,1	,正常,2025-11-28 17:55:13,2025-11-29 17:55:14,,	,	,819506595979	,【24年新品】600G升级版6年长效,1787046011387	,厨房电器,净水器/净水设备及配件耗材,净水器,	,6923185653684	,6923185616399	,	,	,无售后或售后取消,,2025-11-28 17:55:14,	,,,,,,,否,否,	,否,	,,748.0	,0.0	,139.6	,50.0	,0.0	,0.0	,0.0	,0.0	,558.4	,608.4	,	,	,河南省,南阳市,镇平县,,,否,否,	,	,	,否,	,	,	,	,	,	,	,	,	,	,	,	,否,否,	,否,否,,	,否,	,否,,,否
云米净水器滤芯家用小海豚小蓝调小白龙系列专用RO反渗透,251128-501051625843688,待发货,1	,正常,2025-11-28 17:53:31,2025-11-30 17:53:32,,	,	,232467205433	,5in1 复合滤芯,1647394585330	,厨房电器,净水器/净水设备及配件耗材,净水器配件耗材,	,6923185627425	,	,	,	,无售后或售后取消,,2025-11-28 17:53:32,	,,,,,,,否,否,	,否,	,,149.0	,0.0	,0.0	,0.0	,0.11	,0.0	,0.0	,0.0	,149.0	,149.0	,	,	,北京市,北京市,海淀区,,,否,否,	,	,	,否,	,	,	,	,	,	,	,	,	,	,	,	,否,否,	,否,否,,	,否,	,否,,,否
云米净水器滤芯家用小海豚小蓝调小白龙系列专用RO反渗透,251128-111075705170168,待发货,1	,正常,2025-11-28 17:36:50,2025-11-30 17:36:50,,	,	,232467205433	,5in1 复合滤芯,1647394585330	,厨房电器,净水器/净水设备及配件耗材,净水器配件耗材,	,6923185627425	,	,补差后返到手价109,	,无售后或售后取消,,2025-11-28 17:36:50,	,,,,,,,否,否,	,否,	,,149.0	,0.0	,0.0	,0.0	,0.0	,0.0	,0.0	,0.0	,149.0	,149.0	,	,	,北京市,北京市,房山区,,,否,否,	,	,	,否,	,	,	,	,	,	,	,	,	,	,	,	,否,否,	,否,否,,	,否,	,否,,,否
【重磅新品】云米净水器600G小海豚升级版厨下式RO反渗透直饮家用,251128-253094838572949,待发货,1	,正常,2025-11-28 17:33:25,2025-11-29 17:33:25,,	,	,225501370546	,小海豚600G,1813468330532	,厨房电器,净水器/净水设备及配件耗材,净水器,	,6923185653684	,6923185616399	,	,	,无售后或售后取消,,2025-11-28 17:33:25,	,,,,,,,否,否,	,否,	,,559.0	,0.0	,0.0	,0.0	,1.11	,0.0	,0.0	,0.0	,559.0	,559.0	,	,	,内蒙古自治区,呼和浩特市,清水河县,,,否,否,	,	,	,否,	,	,	,	,	,	,	,	,	,	,	,	,否,否,	,否,否,,	,否,	,否,,,否
云米蓝调2双胆电热水器60L超短超薄速热增容大水量3000W杀菌安全,251128-128104568430962,已取消,1	,正常,	,	,,	,	,846212481564	,超薄超短电热水器60L,1807140932949	,大家电,热水器,电热水器,	,6923185657057	,6923185657057	,	,	,无售后或售后取消,,	,	,,,,,,,否,否,	,否,	,,1000.0	,0.0	,60.0	,40.0	,0.0	,0.0	,0.0	,0.0	,900.0	,940.0	,	,	,****,****,****,****,,否,否,	,	,	,否,	,	,	,	,	,	,	,	,	,	,	,	,否,否,	,否,	,,	,否,	,否,,,否
云米净水器滤芯家用小海豚小蓝调小白龙系列专用RO反渗透,251128-672514731532163,待发货,1	,正常,2025-11-28 17:19:39,2025-11-30 17:19:39,,	,	,232467205433	,5in1 复合滤芯,1647394585330	,厨房电器,净水器/净水设备及配件耗材,净水器配件耗材,	,6923185627425	,	,到手价109 [viomi华华 11/28 17:19],	,无售后或售后取消,,2025-11-28 17:19:39,	,,,,,,,否,否,	,否,	,,149.0	,0.0	,0.0	,0.0	,0.0	,0.0	,0.0	,0.0	,149.0	,149.0	,	,	,广东省,广州市,白云区,,,否,否,	,	,	,否,	,	,	,	,	,	,	,	,	,	,	,	,否,否,	,否,否,,	,否,	,否,,,否
云米小厨宝6L电热水器厨房卫生间出水恒温储水式小型速热神器加热,251128-124958819990282,已取消,1	,正常,	,	,,	,	,208073193570	,热水即刻有-【6L】,1801828025682	,大家电,热水器,厨宝,	,6923185611233	,6923185611233	,	,	,无售后或售后取消,,	,	,,,,,,,否,否,	,否,	,,253.0	,0.0	,0.0	,27.83	,0.0	,0.0	,0.0	,0.0	,225.17	,253.0	,	,	,****,****,****,****,,否,否,	,	,	,否,	,	,	,	,	,	,	,	,	,	,	,	,否,否,	,否,	,,	,否,	,否,,,否
云米净水器滤芯家用小海豚小蓝调小白龙系列专用RO反渗透,251128-405704547852163,已取消,1	,正常,	,	,,	,	,232467205433	,5in1 复合滤芯,1647394585330	,厨房电器,净水器/净水设备及配件耗材,净水器配件耗材,	,6923185627425	,	,	,	,无售后或售后取消,,	,	,,,,,,,否,否,	,否,	,,149.0	,0.0	,0.0	,5.0	,0.0	,0.0	,0.0	,0.0	,144.0	,149.0	,	,	,****,****,****,****,,否,否,	,	,	,否,	,	,	,	,	,	,	,	,	,	,	,	,否,否,	,否,	,,	,否,	,否,,,否
【6年套装】云米净水器600G小海豚升级版厨下式RO反渗透直饮家用,251128-368301883771784,待发货,1	,正常,2025-11-28 17:17:32,2025-11-29 17:17:32,,	,	,852932116812	,小海豚600G+6年滤芯套装,1812983769340	,厨房电器,净水器/净水设备及配件耗材,净水器,	,S2508151538001,	,送检测笔 [viomi华华 11/28 18:12],	,无售后或售后取消,,2025-11-28 17:17:32,	,,,,,,,否,否,	,否,	,,695.0	,0.0	,0.0	,50.0	,0.0	,0.0	,0.0	,0.0	,645.0	,695.0	,	,	,吉林省,长春市,净月区,,,否,否,	,	,	,否,	,	,	,	,	,	,	,	,	,	,	,	,否,否,	,否,否,,	,否,	,否,,,否
【重磅新品】云米净水器600G小海豚升级版厨下式RO反渗透直饮家用,251128-262364229173995,待发货,1	,正常,2025-11-28 17:17:35,2025-11-29 17:17:35,,	,	,225501370546	,小海豚600G,1813468330532	,厨房电器,净水器/净水设备及配件耗材,净水器,	,6923185653684	,6923185616399	,	,	,无售后或售后取消,,2025-11-28 17:17:35,	,,,,,,,否,否,	,否,	,,559.0	,0.0	,0.0	,0.0	,0.0	,0.0	,0.0	,0.0	,559.0	,559.0	,	,	,广西壮族自治区,南宁市,江南区,,,否,否,	,	,	,否,	,	,	,	,	,	,	,	,	,	,	,	,否,是,	,否,否,,	,否,	,否,,,否
【重磅新品】云米净水器600G小海豚升级版厨下式RO反渗透直饮家用,251128-326788748851067,待发货,1	,正常,2025-11-28 16:57:02,2025-11-29 16:57:03,,	,	,225501370546	,小海豚600G,1813468330532	,厨房电器,净水器/净水设备及配件耗材,净水器,	,6923185653684	,6923185616399	,	,	,无售后或售后取消,,2025-11-28 16:57:03,	,,,,,,,否,否,	,否,	,,559.0	,0.0	,0.0	,0.0	,0.0	,0.0	,0.0	,0.0	,559.0	,559.0	,	,	,江西省,上饶市,玉山县,,,否,否,	,	,	,否,	,	,	,	,	,	,	,	,	,	,	,	,否,否,	,否,否,,	,否,	,否,,,否
【6年套装】云米净水器600G小海豚升级版厨下式RO反渗透直饮家用,251128-525693151523662,待发货,1	,正常,2025-11-28 16:55:44,2025-11-29 16:55:44,,	,	,852932116812	,小海豚600G+6年滤芯套装,1812983769340	,厨房电器,净水器/净水设备及配件耗材,净水器,	,S2508151538001,	,直播间中奖乐扣保鲜盒,	,无售后或售后取消,,2025-11-28 16:55:44,	,,,,,,,否,否,	,否,	,,695.0	,0.0	,0.0	,30.0	,1.33	,0.0	,0.0	,0.0	,665.0	,695.0	,	,	,河北省,衡水市,武邑县,,,否,否,	,	,	,否,	,	,	,	,	,	,	,	,	,	,	,	,是,是,	,否,否,,	,否,	,否,,,否
云米电热水器50/60升洗澡家用浴室速热大容量省电防漏电安全保温,251128-346827077951122,已发货，待收货,1	,正常,2025-11-28 16:42:11,2025-11-29 16:42:11,,2025-11-28 19:01:07,	,436320010098	,"速热长效保温安全电热水器,50L【2-3人】",1756921788832	,大家电,热水器,电热水器,	,6923185614920	,6923185614920	,	,	,无售后或售后取消,,2025-11-28 16:42:11,	,,,,,,,否,否,	,否,	,,486.0	,0.0	,24.0	,16.0	,0.0	,0.0	,0.0	,0.0	,446.0	,462.0	,JDLD12918835903,京东大件物流,河北省,保定市,竞秀区,,,否,否,	,	,	,否,	,	,	,	,	,	,	,	,	,	,	,	,否,否,	,否,否,,	,否,	,否,,,否
【6年套装】云米净水器600G小海豚升级版厨下式RO反渗透直饮家用,251128-578740621732900,待发货,1	,正常,2025-11-28 16:26:54,2025-11-29 16:26:54,,	,	,852932116812	,小海豚600G+6年滤芯套装,1812983769340	,厨房电器,净水器/净水设备及配件耗材,净水器,	,S2508151538001,	,	,	,无售后或售后取消,,2025-11-28 16:26:54,	,,,,,,,否,否,	,否,	,,695.0	,0.0	,0.0	,0.0	,5.0	,0.0	,0.0	,0.0	,695.0	,695.0	,	,	,河北省,石家庄市,藁城区,,,否,否,	,	,	,否,	,	,	,	,	,	,	,	,	,	,	,	,否,否,	,否,否,,	,否,	,否,,,否
【6年套装】云米净水器600G小海豚升级版厨下式RO反渗透直饮家用,251128-471701993791223,待发货,1	,正常,2025-11-28 16:26:13,2025-11-29 16:26:14,,	,	,852932116812	,小海豚600G+6年滤芯套装,1812983769340	,厨房电器,净水器/净水设备及配件耗材,净水器,	,S2508151538001,	,	,	,无售后或售后取消,,2025-11-28 16:26:14,	,,,,,,,否,否,	,否,	,,695.0	,0.0	,0.0	,0.0	,0.0	,0.0	,0.0	,0.0	,695.0	,695.0	,	,	,广东省,清远市,阳山县,,,否,否,	,	,	,否,	,	,	,	,	,	,	,	,	,	,	,	,否,否,	,否,否,,	,否,	,否,,,否
云米顶侧双吸烟灶套装22m³大吸力抽油烟机聚能猛火灶节能燃气家用,251128-019943975272159,已取消,1	,正常,	,	,,	,	,382839923175	,【两件套】顶侧双吸烟机+5.2KW灶（天）,1743705224006	,大家电,厨房大电,烟灶消套装,	,S2309261029001,蓝调套装,	,	,无售后或售后取消,,	,	,,,,,,,否,否,	,否,	,,1169.0	,0.0	,0.0	,0.0	,0.0	,0.0	,0.0	,0.0	,1169.0	,1169.0	,	,	,****,****,****,****,,否,否,	,	,	,否,	,	,	,	,	,	,	,	,	,	,	,	,否,否,	,否,	,,	,否,	,否,,,否
【重磅新品】云米净水器600G小海豚升级版厨下式RO反渗透直饮家用,251128-221501243711642,待发货,1	,正常,2025-11-28 16:13:34,2025-11-29 16:13:35,,	,	,225501370546	,小海豚600G,1813468330532	,厨房电器,净水器/净水设备及配件耗材,净水器,	,6923185653684	,6923185616399	,	,	,无售后或售后取消,,2025-11-28 16:13:35,	,,,,,,,否,否,	,否,	,,559.0	,0.0	,0.0	,0.0	,0.0	,0.0	,0.0	,0.0	,559.0	,559.0	,	,	,河北省,沧州市,孟村回族自治县,,,否,否,	,	,	,否,	,	,	,	,	,	,	,	,	,	,	,	,否,否,	,否,否,,	,否,	,否,,,否
【6年套装】云米净水器600G小海豚升级版厨下式RO反渗透直饮家用,251128-538947172782173,待发货,1	,正常,2025-11-28 16:13:15,2025-11-29 16:13:15,,	,	,852932116812	,小海豚600G+6年滤芯套装,1812983769340	,厨房电器,净水器/净水设备及配件耗材,净水器,	,S2508151538001,	,	,	,无售后或售后取消,,2025-11-28 16:13:15,	,,,,,,,否,否,	,否,	,,695.0	,0.0	,0.0	,0.0	,0.0	,0.0	,0.0	,0.0	,695.0	,695.0	,	,	,广东省,佛山市,禅城区,,,否,否,	,	,	,否,	,	,	,	,	,	,	,	,	,	,	,	,否,否,	,否,否,,	,否,	,否,,,否
【重磅新品】云米净水器600G小海豚升级版厨下式RO反渗透直饮家用,251128-535088402791522,待发货,1	,正常,2025-11-28 16:06:24,2025-11-29 16:06:24,,	,	,225501370546	,小海豚600G,1813468330532	,厨房电器,净水器/净水设备及配件耗材,净水器,	,6923185653684	,6923185616399	,	,	,无售后或售后取消,,2025-11-28 16:06:24,	,,,,,,,否,否,	,否,	,,559.0	,0.0	,0.0	,0.0	,0.0	,0.0	,0.0	,0.0	,559.0	,559.0	,	,	,江苏省,盐城市,盐都区,,,否,否,	,	,	,否,	,	,	,	,	,	,	,	,	,	,	,	,否,否,	,否,否,,	,否,	,否,,,否
【重磅新品】云米净水器600G小海豚升级版厨下式RO反渗透直饮家用,251128-613878382951522,已取消,1	,正常,	,	,,	,	,225501370546	,小海豚600G,1813468330532	,厨房电器,净水器/净水设备及配件耗材,净水器,	,6923185653684	,6923185616399	,	,	,无售后或售后取消,,	,	,,,,,,,否,否,	,否,	,,559.0	,0.0	,0.0	,0.0	,0.0	,0.0	,0.0	,0.0	,559.0	,559.0	,	,	,****,****,****,****,,否,否,	,	,	,否,	,	,	,	,	,	,	,	,	,	,	,	,否,否,	,否,	,,	,否,	,否,,,否
【重磅新品】云米净水器600G小海豚升级版厨下式RO反渗透直饮家用,251128-318347733423729,待发货,1	,正常,2025-11-28 15:51:08,2025-11-29 15:51:08,,	,	,225501370546	,小海豚600G,1813468330532	,厨房电器,净水器/净水设备及配件耗材,净水器,	,6923185653684	,6923185616399	,	,	,无售后或售后取消,,2025-11-28 15:51:08,	,,,,,,,否,否,	,否,	,,559.0	,0.0	,0.0	,0.0	,0.0	,0.0	,0.0	,0.0	,559.0	,559.0	,	,	,广西壮族自治区,贵港市,覃塘区,,,否,否,	,	,	,否,	,	,	,	,	,	,	,	,	,	,	,	,否,否,	,否,否,,	,否,	,否,,,否
云米AI燃气热水器 智控恒温防冻节能安全水质净化精准控温13L强排,251128-570561666562586,待发货,1	,正常,2025-11-28 15:47:59,2025-11-29 15:47:59,,	,	,774960777953	,智控恒温燃气热水器,1756760299679	,大家电,热水器,燃气热水器,	,6923185655688	,6923185655688	,	,	,无售后或售后取消,,2025-11-28 15:47:59,	,,,,,,,否,否,	,否,	,,559.0	,0.0	,0.0	,46.0	,0.0	,0.0	,0.0	,0.0	,513.0	,559.0	,	,	,江苏省,常州市,天宁区,,,否,否,	,	,	,否,	,	,	,	,	,	,	,	,	,	,	,	,否,否,	,否,否,,	,否,	,否,,,否
云米顶侧大吸力蓝调油烟机家用厨房节能自清洁一级能效可挥手智控,251128-686366420521620,待发货,1	,正常,2025-11-28 15:06:13,2025-11-29 15:06:13,,	,	,657344402006	,云米智清洁挥手智控单烟机,1723825075586	,大家电,厨房大电,油烟机,	,6923185650973	,6923185650973	,	,	,无售后或售后取消,,2025-11-28 15:06:13,	,,,,,,,否,否,	,否,中国新疆中转,,779.0	,0.0	,0.0	,0.0	,0.0	,0.0	,0.0	,0.0	,779.0	,779.0	,	,	,陕西省,西安市,灞桥区,,,否,否,	,	,	,否,	,	,	,	,	,	,	,	,	,	,	,	,否,否,	,否,否,,	,否,	,否,,,否
【重磅新品】云米净水器600G小海豚升级版厨下式RO反渗透直饮家用,251128-643081255340077,待发货,1	,正常,2025-11-28 14:54:41,2025-11-29 14:54:41,,	,	,225501370546	,小海豚600G,1813468330532	,厨房电器,净水器/净水设备及配件耗材,净水器,	,6923185653684	,6923185616399	,	,	,无售后或售后取消,,2025-11-28 14:54:41,	,,,,,,,否,否,	,否,	,,559.0	,0.0	,0.0	,3.0	,0.0	,0.0	,0.0	,0.0	,556.0	,559.0	,	,	,江苏省,徐州市,贾汪区,,,否,否,	,	,	,否,	,	,	,	,	,	,	,	,	,	,	,	,否,否,	,否,否,,	,否,	,否,,,否
【6年套装】云米净水器600G小海豚升级版厨下式RO反渗透直饮家用,251128-236349079913955,未发货，退款成功,1	,正常,2025-11-28 14:44:10,2025-11-29 14:44:11,,	,	,852932116812	,小海豚600G+6年滤芯套装,1812983769340	,厨房电器,净水器/净水设备及配件耗材,净水器,	,S2508151538001,	,聚水潭已取消发货，已退款11.28梓晖,	,退款成功,,2025-11-28 14:44:11,	,,,,,,,否,否,	,否,	,,695.0	,0.0	,0.0	,1.0	,0.0	,0.0	,0.0	,0.0	,694.0	,695.0	,	,	,内蒙古自治区,呼和浩特市,托克托县,,,否,否,	,	,	,否,	,	,	,	,	,	,	,	,	,	,	,	,否,否,	,否,否,,	,否,	,否,,,否
云米净水器滤芯小蓝调小海豚600G+专用复合滤芯RO反渗透滤芯过滤,251128-317739559272120,已发货，待收货,1	,正常,2025-11-28 14:36:56,2025-11-29 14:36:57,,2025-11-28 17:46:27,	,296967601341	,5in1复合滤芯 2年长效,1600193054565	,厨房电器,净水器/净水设备及配件耗材,净水器配件耗材,	,6923185627425	,	,	,	,无售后或售后取消,,2025-11-28 14:36:57,	,,,,,,,否,否,	,否,	,,299.0	,0.0	,0.0	,0.0	,0.0	,0.0	,0.0	,0.0	,299.0	,299.0	,JDV024309369860,京东大件物流,安徽省,阜阳市,界首市,,,否,否,	,	,	,否,	,	,	,	,	,	,	,	,	,	,	,	,否,否,	,否,否,,	,否,	,否,,,否
【6年套装】云米净水器600G小海豚升级版厨下式RO反渗透直饮家用,251128-324408523123434,已发货，待收货,1	,正常,2025-11-28 14:01:58,2025-11-29 14:01:58,,2025-11-28 20:10:02,	,852932116812	,小海豚600G+6年滤芯套装,1812983769340	,厨房电器,净水器/净水设备及配件耗材,净水器,	,S2508151538001,	,	,	,无售后或售后取消,,2025-11-28 14:01:58,	,,,,,,,否,否,	,否,	,,695.0	,0.0	,0.0	,50.0	,0.0	,0.0	,0.0	,0.0	,645.0	,695.0	,JDV024309458306,京东大件物流,北京市,北京市,丰台区,,,否,否,	,	,	,否,	,	,	,	,	,	,	,	,	,	,	,	,否,否,	,否,是,3	,商家,否,	,否,,信用卡分期,否
【重磅新品】云米净水器600G小海豚升级版厨下式RO反渗透直饮家用,251128-033774661192458,已发货，待收货,1	,正常,2025-11-28 13:56:14,2025-11-29 13:56:14,,2025-11-28 20:10:03,	,225501370546	,小海豚600G,1813468330532	,厨房电器,净水器/净水设备及配件耗材,净水器,	,6923185653684	,6923185616399	,	,	,无售后或售后取消,,2025-11-28 13:56:14,	,,,,,,,否,否,	,否,	,,559.0	,0.0	,0.0	,0.0	,0.0	,0.0	,0.0	,0.0	,559.0	,559.0	,JDV024310674592,京东大件物流,湖南省,怀化市,鹤城区,,,否,否,	,	,	,否,	,	,	,	,	,	,	,	,	,	,	,	,否,否,	,否,否,,	,否,	,否,,,否
【重磅新品】云米净水器600G小海豚升级版厨下式RO反渗透直饮家用,251128-429958141512458,已取消,1	,正常,	,	,,	,	,225501370546	,小海豚600G,1813468330532	,厨房电器,净水器/净水设备及配件耗材,净水器,	,6923185653684	,6923185616399	,	,	,无售后或售后取消,,	,	,,,,,,,否,否,	,否,	,,559.0	,0.0	,0.0	,0.0	,0.0	,0.0	,0.0	,0.0	,559.0	,559.0	,	,	,****,****,****,****,,否,否,	,	,	,否,	,	,	,	,	,	,	,	,	,	,	,	,否,否,	,否,	,,	,否,	,否,,,否
【母婴直饮】云米净水器 SE 600G+ 新升级厨下式RO反渗透直饮家用,251128-492925109821823,未发货，退款成功,1	,正常,2025-11-28 13:34:35,2025-11-29 13:34:35,,	,	,819506595979	,【24年新品】600G升级版6年长效,1787046011387	,厨房电器,净水器/净水设备及配件耗材,净水器,	,6923185653684	,6923185616399	,聚水潭已取消发货已退款 11.28梓晖,	,退款成功,,2025-11-28 13:34:35,	,,,,,,,否,否,	,否,	,,748.0	,0.0	,129.6	,100.0	,0.0	,0.0	,0.0	,0.0	,518.4	,618.4	,	,	,浙江省,杭州市,萧山区,,,否,否,	,	,	,否,	,	,	,	,	,	,	,	,	,	,	,	,否,否,	,否,否,,	,否,	,否,,,否
云米双腔大吸力手势控制智清洁油烟机聚能猛火灶安全烟灶联动套装,251128-660309286403357,已取消,1	,正常,	,	,,	,	,848589244342	,"【烟灶套装】双腔劲吸烟机+5.0KW灶,天然气灶",1809146217030	,大家电,厨房大电,烟灶消套装,	,S2209231819001,	,	,	,无售后或售后取消,,	,	,,,,,,,否,否,	,否,	,,1199.0	,0.0	,0.0	,100.0	,0.0	,0.0	,0.0	,0.0	,1099.0	,1199.0	,	,	,****,****,****,****,,否,否,	,	,	,否,	,	,	,	,	,	,	,	,	,	,	,	,否,否,	,否,	,,	,否,	,否,,,否
【重磅新品】云米净水器600G小海豚升级版厨下式RO反渗透直饮家用,251128-570425361940290,已发货，待收货,1	,正常,2025-11-28 13:16:47,2025-11-29 13:16:48,2025-11-29 23:59:59,2025-11-28 20:10:03,	,225501370546	,小海豚600G,1813468330532	,厨房电器,净水器/净水设备及配件耗材,净水器,	,6923185653684	,6923185616399	,	,	,无售后或售后取消,,2025-11-28 13:16:48,	,,,,,,,否,否,	,否,	,,559.0	,0.0	,0.0	,5.0	,0.0	,0.0	,0.0	,0.0	,554.0	,559.0	,JDV024310753335,京东大件物流,广东省,中山市,西区街道,,,否,否,	,	,	,否,	,	,	,	,	,	,	,	,	,	,	,	,否,否,	,否,是,3	,商家,否,	,否,,信用卡分期,否
云米净水器滤芯小蓝调小海豚600G+专用复合滤芯RO反渗透滤芯过滤,251128-501491965551012,已发货，待收货,1	,正常,2025-11-28 13:14:41,2025-11-29 13:14:41,,2025-11-28 17:46:28,	,296967601341	,5in1复合滤芯 2年长效,1600193054565	,厨房电器,净水器/净水设备及配件耗材,净水器配件耗材,	,6923185627425	,	,后返，到手价99,	,无售后或售后取消,,2025-11-28 13:14:41,	,,,,,,,否,否,	,否,	,,299.0	,0.0	,0.0	,0.0	,0.0	,0.0	,0.0	,0.0	,299.0	,299.0	,JDV024306444395,京东大件物流,四川省,成都市,双流区,,,否,否,	,	,	,否,	,	,	,	,	,	,	,	,	,	,	,	,否,否,	,否,否,,	,否,	,否,,,否
【重磅新品】云米净水器600G小海豚升级版厨下式RO反渗透直饮家用,251128-617191851631012,已发货，待收货,1	,正常,2025-11-28 13:13:07,2025-11-29 13:13:07,,2025-11-28 20:10:03,	,225501370546	,小海豚600G,1813468330532	,厨房电器,净水器/净水设备及配件耗材,净水器,	,6923185653684	,6923185616399	,	,	,无售后或售后取消,,2025-11-28 13:13:07,	,,,,,,,否,否,	,否,	,,559.0	,0.0	,0.0	,0.0	,0.0	,0.0	,0.0	,0.0	,559.0	,559.0	,JDV024310692493,京东大件物流,四川省,成都市,双流区,,,否,否,	,	,	,否,	,	,	,	,	,	,	,	,	,	,	,	,否,否,	,否,否,,	,否,	,否,,,否
【母婴直饮】云米净水器 SE 600G+ 新升级厨下式RO反渗透直饮家用,251128-073211594292539,已发货，待收货,1	,正常,2025-11-28 13:12:56,2025-11-29 13:12:56,,2025-11-28 20:10:03,	,819506595979	,【24年新品】600G升级版6年长效,1787046011387	,厨房电器,净水器/净水设备及配件耗材,净水器,	,6923185653684	,6923185616399	,	,	,无售后或售后取消,,2025-11-28 13:12:56,	,,,,,,,否,否,	,否,	,,748.0	,0.0	,135.6	,70.0	,0.0	,0.0	,0.0	,0.0	,542.4	,612.4	,JDV024310734148,京东大件物流,广东省,揭阳市,惠来县,,,否,否,	,	,	,否,	,	,	,	,	,	,	,	,	,	,	,	,否,否,	,否,否,,	,否,	,否,,,否
【重磅新品】云米净水器600G小海豚升级版厨下式RO反渗透直饮家用,251128-050258317702560,已发货，待收货,1	,正常,2025-11-28 12:31:47,2025-11-29 12:31:47,,2025-11-28 20:10:03,	,225501370546	,小海豚600G,1813468330532	,厨房电器,净水器/净水设备及配件耗材,净水器,	,6923185653684	,6923185616399	,	,	,无售后或售后取消,,2025-11-28 12:31:47,	,,,,,,,否,否,	,否,	,,559.0	,0.0	,0.0	,0.0	,0.2	,0.0	,0.0	,0.0	,559.0	,559.0	,JDV024310689388,京东大件物流,福建省,厦门市,湖里区,,,否,否,	,	,	,否,	,	,	,	,	,	,	,	,	,	,	,	,否,否,	,否,否,,	,否,	,否,,,否
【6年套装】云米净水器600G小海豚升级版厨下式RO反渗透直饮家用,251128-133137764792178,已发货，待收货,1	,正常,2025-11-28 12:15:31,2025-11-29 12:15:31,,2025-11-28 17:46:28,	,852932116812	,小海豚600G+6年滤芯套装,1812983769340	,厨房电器,净水器/净水设备及配件耗材,净水器,	,S2508151538001,	,赠送检测笔,	,无售后或售后取消,,2025-11-28 12:15:31,	,,,,,,,否,否,	,否,	,,695.0	,0.0	,0.0	,50.0	,0.0	,0.0	,0.0	,0.0	,645.0	,695.0	,JDV024309378897,京东大件物流,上海市,上海市,普陀区,,,否,否,	,	,	,否,	,	,	,	,	,	,	,	,	,	,	,	,否,否,	,否,否,,	,否,	,否,,,否
云米双腔大吸力手势控制智清洁油烟机聚能猛火灶安全烟灶联动套装,251128-295362967903142,已发货，待收货,1	,正常,2025-11-28 12:00:05,2025-11-29 12:00:05,,2025-11-28 20:10:02,	,848589244342	,"【烟灶套装】双腔劲吸烟机+5.0KW灶,天然气灶",1809146217030	,大家电,厨房大电,烟灶消套装,	,S2209231819001,	,奇门回传单号:JDV024311529988,	,无售后或售后取消,,2025-11-28 12:00:05,	,,,,,,,否,否,	,否,	,,1199.0	,0.0	,60.0	,40.0	,0.0	,0.0	,0.0	,0.0	,1099.0	,1139.0	,JDV024311529988,京东大件物流,天津市,天津市,滨海新区,,,否,否,	,	,	,否,	,	,	,	,	,	,	,	,	,	,	,	,否,否,	,否,否,,	,否,	,否,,,否
云米60升AI速热高温抑菌电热水器3000W一级节能变频增容家用租房,251128-555661422220713,已发货，待收货,1	,正常,2025-11-28 11:58:49,2025-11-29 11:58:49,,2025-11-28 20:10:03,	,226368376224	,3000W速热安全60L热水器,1737176648260	,大家电,热水器,电热水器,	,6923185602224	,6923185602224	,	,	,无售后或售后取消,,2025-11-28 11:58:49,	,,,,,,,否,否,	,否,	,,654.0	,0.0	,36.0	,24.0	,0.0	,0.0	,0.0	,0.0	,594.0	,618.0	,JDV024310671336,京东大件物流,河北省,石家庄市,长安区,,,否,否,	,	,	,否,	,	,	,	,	,	,	,	,	,	,	,	,否,否,	,否,否,,	,否,	,否,,,否
云米60升AI速热高温抑菌电热水器3000W一级节能变频增容家用租房,251128-650253452940713,已取消,1	,正常,	,	,,	,	,226368376224	,3000W速热安全60L热水器,1737176648260	,大家电,热水器,电热水器,	,6923185602224	,6923185602224	,	,	,无售后或售后取消,,	,	,,,,,,,否,否,	,否,	,,654.0	,0.0	,36.0	,24.0	,0.0	,0.0	,0.0	,0.0	,594.0	,618.0	,	,	,****,****,****,****,,否,否,	,	,	,否,	,	,	,	,	,	,	,	,	,	,	,	,否,否,	,否,	,,	,否,	,否,,,否
【重磅新品】云米净水器600G小海豚升级版厨下式RO反渗透直饮家用,251128-059957593681008,已发货，待收货,1	,正常,2025-11-28 11:53:36,2025-11-29 11:53:36,,2025-11-28 17:46:28,	,225501370546	,小海豚600G,1813468330532	,厨房电器,净水器/净水设备及配件耗材,净水器,	,6923185653684	,6923185616399	,15800201157安装 [viomi英英sk 11/29 09:31],	,无售后或售后取消,,2025-11-28 11:53:36,	,,,,,,,否,否,	,否,	,,559.0	,0.0	,0.0	,5.0	,0.0	,0.0	,0.0	,0.0	,554.0	,559.0	,JDV024307091379,京东大件物流,广东省,佛山市,顺德区,,,否,否,	,	,	,否,	,	,	,	,	,	,	,	,	,	,	,	,否,否,	,否,否,,	,否,	,否,,,否
【重磅新品】云米净水器600G小海豚升级版厨下式RO反渗透直饮家用,251128-461247691172900,已取消,1	,正常,	,	,,	,	,225501370546	,小海豚600G,1813468330532	,厨房电器,净水器/净水设备及配件耗材,净水器,	,6923185653684	,6923185616399	,	,	,无售后或售后取消,,	,	,,,,,,,否,否,	,否,	,,559.0	,0.0	,0.0	,0.0	,0.0	,0.0	,0.0	,0.0	,559.0	,559.0	,	,	,****,****,****,****,,否,否,	,	,	,否,	,	,	,	,	,	,	,	,	,	,	,	,否,否,	,否,	,,	,否,	,否,,,否
云米23立方油烟机燃气灶套装家用厨房顶侧大吸力油烟机5.0KW灶具,251128-344992070022758,已发货，待收货,1	,正常,2025-11-28 11:50:46,2025-11-29 11:50:47,,2025-11-28 15:01:35,	,209837375742	,"【烟灶联动】瞬吸烟机+5.0KW灶,天然气",1792607150009	,大家电,厨房大电,烟灶消套装,	,S2409261034001,	,	,	,无售后或售后取消,,2025-11-28 11:50:47,	,,,,,,,否,否,	,否,	,,1169.0	,0.0	,0.0	,0.0	,0.0	,0.0	,0.0	,0.0	,1169.0	,1169.0	,JDV024306200882,京东大件物流,上海市,上海市,嘉定区,,,否,否,	,	,	,否,	,	,	,	,	,	,	,	,	,	,	,	,否,否,	,否,否,,	,否,	,否,,,否
云米净水器滤芯小蓝调小海豚600G+专用复合滤芯RO反渗透滤芯过滤,251128-346785082911639,已发货，待收货,2	,正常,2025-11-28 11:30:02,2025-11-29 11:30:02,,2025-11-28 17:46:29,	,296967601341	,5in1复合滤芯 2年长效,1600193054565	,厨房电器,净水器/净水设备及配件耗材,净水器配件耗材,	,6923185627425	,	,补差后返 到手价198,	,无售后或售后取消,,2025-11-28 11:30:02,	,,,,,,,否,否,	,否,	,,598.0	,0.0	,5.98	,0.0	,0.0	,0.0	,0.0	,0.0	,592.02	,592.02	,JDV024304839397,京东大件物流,山东省,青岛市,胶州市,,,否,否,	,	,	,否,	,	,	,	,	,	,	,	,	,	,	,	,否,否,	,否,否,,	,否,	,否,,,否
云米蓝调2PRO燃气热水器静音节能水伺服恒温语音控制智控节能变频,251128-346418091652281,待付款,1	,正常,	,	,,	,	,852010588191	,2PRO燃气热水器【静音节能】,1812265470712	,大家电,热水器,燃气热水器,	,6923185656869	,6923185656869	,	,	,无售后或售后取消,,	,	,,,,,,,否,否,	,否,	,,1026.0	,0.0	,60.0	,40.0	,0.0	,0.0	,0.0	,0.0	,926.0	,966.0	,	,	,****,****,****,****,,否,否,	,	,	,否,	,	,	,	,	,	,	,	,	,	,	,	,否,否,	,否,	,,	,否,	,否,,,否
云米水槽下水器垃圾处理器粉碎机下水道厨余搅碎机抑菌厨房家用,251128-002768248461510,已发货，待收货,1	,正常,2025-11-28 11:20:35,2025-11-29 11:20:36,,2025-11-28 15:01:34,	,852614628903	,【智能】厨余垃圾处理器,1812695452997	,厨房电器,食物垃圾处理机,食物垃圾处理机,	,6923185610250	,6923185610250	,	,	,无售后或售后取消,,2025-11-28 11:20:36,	,,,,,,,否,否,	,否,	,,889.0	,0.0	,48.0	,32.0	,0.0	,0.0	,0.0	,0.0	,809.0	,841.0	,JDV024307167069,京东大件物流,甘肃省,兰州市,安宁区,,,否,否,	,	,	,否,	,	,	,	,	,	,	,	,	,	,	,	,否,否,	,否,否,,	,否,	,否,,,否
【重磅新品】云米净水器600G小海豚升级版厨下式RO反渗透直饮家用,251128-186164201093630,已发货，待收货,1	,正常,2025-11-28 11:05:45,2025-11-29 11:05:46,,2025-11-28 15:01:34,	,225501370546	,小海豚600G,1813468330532	,厨房电器,净水器/净水设备及配件耗材,净水器,	,6923185653684	,6923185616399	,	,	,无售后或售后取消,,2025-11-28 11:05:46,	,,,,,,,否,否,	,否,	,,559.0	,0.0	,0.0	,3.0	,0.0	,0.0	,0.0	,0.0	,556.0	,559.0	,JDV024307054802,京东大件物流,广东省,湛江市,霞山区,,,否,否,	,	,	,否,	,	,	,	,	,	,	,	,	,	,	,	,否,否,	,否,否,,	,否,	,否,,,否
【6年套装】云米净水器600G小海豚升级版厨下式RO反渗透直饮家用,251128-573990540914037,已取消,1	,正常,	,	,,	,	,852932116812	,小海豚600G+6年滤芯套装,1812983769340	,厨房电器,净水器/净水设备及配件耗材,净水器,	,S2508151538001,	,	,	,无售后或售后取消,,	,	,,,,,,,否,否,	,否,	,,695.0	,0.0	,0.0	,0.0	,0.0	,0.0	,0.0	,0.0	,695.0	,695.0	,	,	,****,****,****,****,,否,否,	,	,	,否,	,	,	,	,	,	,	,	,	,	,	,	,否,否,	,否,	,,	,否,	,否,,,否
【6年套装】云米净水器600G小海豚升级版厨下式RO反渗透直饮家用,251128-633035834962354,已发货，待收货,1	,正常,2025-11-28 11:03:20,2025-11-29 11:03:20,,2025-11-28 15:01:35,	,852932116812	,小海豚600G+6年滤芯套装,1812983769340	,厨房电器,净水器/净水设备及配件耗材,净水器,	,S2508151538001,	,	,	,无售后或售后取消,,2025-11-28 11:03:20,	,,,,,,,否,否,	,否,	,,695.0	,0.0	,0.0	,0.0	,0.0	,0.0	,0.0	,0.0	,695.0	,695.0	,JDV024306200964,京东大件物流,湖北省,黄冈市,浠水县,,,否,否,	,	,	,否,	,	,	,	,	,	,	,	,	,	,	,	,否,否,	,否,否,,	,否,	,否,,,否
【重磅新品】云米净水器600G小海豚升级版厨下式RO反渗透直饮家用,251128-500726546773161,已发货，待收货,1	,正常,2025-11-28 11:02:05,2025-11-29 11:02:05,,2025-11-28 15:01:34,	,225501370546	,小海豚600G,1813468330532	,厨房电器,净水器/净水设备及配件耗材,净水器,	,6923185653684	,6923185616399	,	,	,无售后或售后取消,,2025-11-28 11:02:05,	,,,,,,,否,否,	,否,	,,559.0	,0.0	,0.0	,0.0	,0.2	,0.0	,0.0	,0.0	,559.0	,559.0	,JDV024305999334,京东大件物流,北京市,北京市,丰台区,,,否,否,	,	,	,否,	,	,	,	,	,	,	,	,	,	,	,	,否,否,	,否,否,,	,否,	,否,,,否
云米小厨宝6L电热水器厨房卫生间出水恒温储水式小型速热神器加热,251128-279214887330272,已发货，待收货,1	,正常,2025-11-28 10:57:31,2025-11-29 10:57:31,,2025-11-28 15:01:35,	,208073193570	,热水即刻有-【6L】,1801828025682	,大家电,热水器,厨宝,	,6923185611233	,6923185611233	,	,	,无售后或售后取消,,2025-11-28 10:57:31,	,,,,,,,否,否,	,否,	,,253.0	,0.0	,0.0	,0.0	,0.0	,0.0	,0.0	,0.0	,253.0	,253.0	,JDV024304272947,京东大件物流,河南省,周口市,沈丘县,,,否,否,	,	,	,否,	,	,	,	,	,	,	,	,	,	,	,	,否,否,	,否,否,,	,否,	,否,,,否
【重磅新品】云米净水器600G小海豚升级版厨下式RO反渗透直饮家用,251128-303499845122407,已取消,1	,正常,	,	,,	,	,225501370546	,小海豚600G,1813468330532	,厨房电器,净水器/净水设备及配件耗材,净水器,	,6923185653684	,6923185616399	,	,	,无售后或售后取消,,	,	,,,,,,,否,否,	,否,	,,559.0	,0.0	,0.0	,0.0	,0.0	,0.0	,0.0	,0.0	,559.0	,559.0	,	,	,****,****,****,****,,否,否,	,	,	,否,	,	,	,	,	,	,	,	,	,	,	,	,否,否,	,否,	,,	,否,	,否,,,否
云米AI燃气热水器 智控恒温防冻节能安全水质净化精准控温13L强排,251128-403125092743604,已发货，待收货,1	,正常,2025-11-28 10:37:56,2025-11-29 10:37:56,,2025-11-28 15:01:34,	,774960777953	,智控恒温燃气热水器,1756760299679	,大家电,热水器,燃气热水器,	,6923185655688	,6923185655688	,	,	,无售后或售后取消,,2025-11-28 10:37:56,	,,,,,,,否,否,	,否,	,,559.0	,0.0	,0.0	,48.0	,0.0	,0.0	,0.0	,0.0	,511.0	,559.0	,JDV024306157269,京东大件物流,安徽省,阜阳市,颍州区,,,否,否,	,	,	,否,	,	,	,	,	,	,	,	,	,	,	,	,否,否,	,否,否,,	,否,	,否,,,否
云米AI燃气热水器 智控恒温防冻节能安全水质净化精准控温13L强排,251128-064130957703604,已取消,1	,正常,	,	,,	,	,774960777953	,智控恒温燃气热水器,1756760299679	,大家电,热水器,燃气热水器,	,6923185655688	,6923185655688	,	,	,无售后或售后取消,,	,	,,,,,,,否,否,	,否,	,,559.0	,0.0	,0.0	,20.0	,0.0	,0.0	,0.0	,0.0	,539.0	,559.0	,	,	,****,****,****,****,,否,否,	,	,	,否,	,	,	,	,	,	,	,	,	,	,	,	,否,否,	,否,	,,	,否,	,否,,,否
【重磅新品】云米净水器600G小海豚升级版厨下式RO反渗透直饮家用,251128-575731156540728,已发货，待收货,1	,正常,2025-11-28 10:29:11,2025-11-29 10:29:11,,2025-11-28 15:01:34,	,852161740747	,小海豚600G+6年滤芯套装,1812658223669	,厨房电器,净水器/净水设备及配件耗材,净水器,	,S2508151538001,	,	,	,无售后或售后取消,,2025-11-28 10:29:11,	,,,,,,,否,否,	,否,	,,764.9	,0.0	,0.0	,100.0	,1.32	,0.0	,0.0	,0.0	,664.9	,764.9	,JDV024305906923,京东大件物流,山东省,潍坊市,奎文区,,,否,否,	,	,	,否,	,	,	,	,	,	,	,	,	,	,	,	,否,否,	,否,否,,	,否,	,否,,,否
【重磅新品】云米净水器600G小海豚升级版厨下式RO反渗透直饮家用,251128-518216814952498,已发货，待收货,1	,正常,2025-11-28 10:28:19,2025-11-29 10:28:20,,2025-11-28 15:01:35,	,225501370546	,小海豚600G,1813468330532	,厨房电器,净水器/净水设备及配件耗材,净水器,	,6923185653684	,6923185616399	,	,	,无售后或售后取消,,2025-11-28 10:28:20,	,,,,,,,否,否,	,否,	,,559.0	,0.0	,0.0	,50.0	,0.0	,0.0	,0.0	,0.0	,509.0	,559.0	,JDV024307166915,京东大件物流,广东省,惠州市,惠城区,,,否,否,	,	,	,否,	,	,	,	,	,	,	,	,	,	,	,	,否,否,	,否,否,,	,否,	,否,,,否
云米电热水器免换镁棒1级能效钛芯防护抑菌内胆免清洗3000W速热,251128-205080522320926,已发货，待收货,1	,正常,2025-11-28 10:22:15,2025-11-29 10:22:15,,2025-11-28 15:01:36,	,215513269171	,"【免更换镁棒技术】抑菌健康洗,50L",1757655804682	,大家电,热水器,电热水器,	,6923185611882	,镁棒50/60L,	,	,无售后或售后取消,,2025-11-28 10:22:15,	,,,,,,,否,否,	,否,	,,703.0	,0.0	,0.0	,0.0	,0.0	,0.0	,0.0	,0.0	,703.0	,703.0	,JDV024303424095,京东大件物流,湖北省,襄阳市,谷城县,,,否,否,	,	,	,否,	,	,	,	,	,	,	,	,	,	,	,	,否,否,	,否,否,,	,否,	,否,,,否
【母婴直饮】云米净水器 SE 600G+ 新升级厨下式RO反渗透直饮家用,251128-178236986932539,已取消,1	,正常,	,	,,	,	,819506595979	,【24年新品】600G升级版6年长效,1787046011387	,厨房电器,净水器/净水设备及配件耗材,净水器,	,6923185653684	,6923185616399	,	,	,无售后或售后取消,,	,	,,,,,,,否,否,	,否,	,,748.0	,0.0	,135.6	,70.0	,0.0	,0.0	,0.0	,0.0	,542.4	,612.4	,	,	,****,****,****,****,,否,否,	,	,	,否,	,	,	,	,	,	,	,	,	,	,	,	,否,否,	,否,	,,	,否,	,否,,,否
【重磅新品】云米净水器600G小海豚升级版厨下式RO反渗透直饮家用,251128-003628101162220,已发货，待收货,1	,正常,2025-11-28 10:15:12,2025-11-29 10:15:12,,2025-11-28 15:01:35,	,225501370546	,小海豚600G,1813468330532	,厨房电器,净水器/净水设备及配件耗材,净水器,	,6923185653684	,6923185616399	,	,	,无售后或售后取消,,2025-11-28 10:15:12,	,,,,,,,否,否,	,否,	,,559.0	,0.0	,0.0	,0.0	,8.0	,0.0	,0.0	,0.0	,559.0	,559.0	,JDV024306131951,京东大件物流,安徽省,马鞍山市,雨山区,,,否,否,	,	,	,否,	,	,	,	,	,	,	,	,	,	,	,	,否,否,	,否,否,,	,否,	,否,,,否
云米AI燃气热水器 智控恒温防冻节能安全水质净化精准控温13L强排,251128-516633475511775,已发货，待收货,1	,正常,2025-11-28 10:06:10,2025-11-29 10:06:10,,2025-11-28 17:46:29,	,774960777953	,智控恒温燃气热水器,1756760299679	,大家电,热水器,燃气热水器,	,6923185655688	,6923185655688	,	,	,无售后或售后取消,,2025-11-28 10:06:10,	,,,,,,,否,否,	,否,	,,559.0	,0.0	,0.0	,83.85	,0.2	,0.0	,0.0	,0.0	,475.15	,559.0	,JDV024307090712,京东大件物流,重庆市,重庆市,大渡口区,,,否,否,	,	,	,否,	,	,	,	,	,	,	,	,	,	,	,	,否,否,	,否,否,,	,否,	,否,,,否
云米小厨宝6L电热水器厨房卫生间出水恒温储水式小型速热神器加热,251128-550250770042279,未发货，退款成功,1	,正常,2025-11-28 10:03:46,2025-11-29 10:03:46,,	,	,208073193570	,热水即刻有-【6L】,1801828025682	,大家电,热水器,厨宝,	,6923185611233	,6923185611233	,聚水潭已取消发货  已退款  11.28,	,退款成功,,2025-11-28 10:03:46,	,,,,,,,否,否,	,否,	,,253.0	,0.0	,0.0	,0.0	,0.0	,0.0	,0.0	,0.0	,253.0	,253.0	,	,	,上海市,上海市,普陀区,,,否,否,	,	,	,否,	,	,	,	,	,	,	,	,	,	,	,	,否,否,	,否,否,,	,否,	,否,,,否
云米电热水器免换镁棒1级能效钛芯防护抑菌内胆免清洗3000W速热,251128-198778560080926,未发货，退款成功,1	,正常,2025-11-28 10:03:06,2025-11-29 10:03:06,,	,	,215513269171	,"【免更换镁棒技术】抑菌健康洗,60L",1757655804683	,大家电,热水器,电热水器,	,6923185611899	,镁棒50/60L,聚水潭已取消发货  已退款  11.28,	,退款成功,,2025-11-28 10:03:06,	,,,,,,,否,否,	,否,	,,889.0	,0.0	,0.0	,0.0	,0.0	,0.0	,0.0	,0.0	,889.0	,889.0	,	,	,湖北省,襄阳市,谷城县,,,否,否,	,	,	,否,	,	,	,	,	,	,	,	,	,	,	,	,否,否,	,否,否,,	,否,	,否,,,否
VIOMI云米净水器600G小蓝调厨下式RO反渗透直饮家用6年长效,251128-462013141320987,已发货，待收货,1	,正常,2025-11-28 10:00:47,2025-11-29 10:00:47,,2025-11-28 15:01:36,	,850883552953	,RO反渗透除去重金属,1811278299045	,厨房电器,净水器/净水设备及配件耗材,净水器,	,6923185653592	,6923185653592	,	,	,无售后或售后取消,,2025-11-28 10:00:47,	,,,,,,,否,否,	,否,	,,599.2	,0.0	,0.0	,0.0	,0.0	,0.0	,0.0	,0.0	,599.2	,599.2	,JDV024303449860,京东大件物流,湖北省,武汉市,江岸区,,,否,否,	,	,	,否,	,	,	,	,	,	,	,	,	,	,	,	,否,否,	,否,否,,	,否,	,否,,,否
云米智能AI门锁3D指纹密码蓝牙可连大容量续航家用公寓自动安全,251128-296222738023716,已发货，待收货,1	,正常,2025-11-28 09:58:25,2025-11-29 09:58:25,,2025-11-28 17:46:28,	,743885774552	,"云米蓝调指纹密码锁LBT11C,黑色",1734954999916	,基础建材,智能门锁/电子锁,智能门锁/电子锁,	,6923185655381	,6923185655381	,	,	,无售后或售后取消,,2025-11-28 09:58:25,	,,,,,,,否,否,	,否,	,,661.0	,0.0	,76.0	,24.0	,0.0	,0.0	,0.0	,0.0	,561.0	,585.0	,JDV024307148563,京东大件物流,海南省,海口市,琼山区,,,否,否,	,	,	,否,	,	,	,	,	,	,	,	,	,	,	,	,否,否,	,否,否,,	,否,	,否,,,否
VIOMI云米净水器1000G厨下直饮小体积净水机RO机智显龙头3秒满杯,251128-594731363953042,已发货，待收货,1	,正常,2025-11-28 09:44:58,2025-11-29 09:44:58,,2025-11-28 15:01:35,	,842195971715	,1000G大通量RO净水器,1803617356458	,厨房电器,净水器/净水设备及配件耗材,净水器,	,6923185654247	,	,	,	,无售后或售后取消,,2025-11-28 09:44:58,	,,,,,,,否,否,	,否,	,,823.0	,0.0	,24.0	,50.0	,0.0	,0.0	,0.0	,0.0	,749.0	,799.0	,JDV024307070859,京东大件物流,宁夏回族自治区,石嘴山市,惠农区,,,否,否,	,	,	,否,	,	,	,	,	,	,	,	,	,	,	,	,否,否,	,否,否,,	,否,	,否,,,否
云米净水器滤芯小蓝调小海豚600G+专用复合滤芯RO反渗透滤芯过滤,251128-024935197013343,已发货，待收货,2	,正常,2025-11-28 09:39:03,2025-11-29 09:39:03,,2025-11-28 15:01:36,	,296967601341	,5in1复合滤芯 2年长效,1600193054565	,厨房电器,净水器/净水设备及配件耗材,净水器配件耗材,	,6923185627425	,	,后返，到手价99/根,	,无售后或售后取消,,2025-11-28 09:39:03,	,,,,,,,否,否,	,否,	,,598.0	,0.0	,5.98	,3.0	,3.0	,0.0	,0.0	,0.0	,589.02	,592.02	,JDV024302360421,京东大件物流,河南省,郑州市,金水区,,,否,否,	,	,	,否,	,	,	,	,	,	,	,	,	,	,	,	,否,否,	,否,否,,	,否,	,否,,,否
【母婴直饮】云米净水器 SE 600G+ 新升级厨下式RO反渗透直饮家用,251128-231074773323595,已取消,1	,正常,	,	,,	,	,819506595979	,【24年新品】600G升级版6年长效,1787046011387	,厨房电器,净水器/净水设备及配件耗材,净水器,	,6923185653684	,6923185616399	,	,	,无售后或售后取消,,	,	,,,,,,,否,否,	,否,	,,748.0	,0.0	,145.6	,20.0	,0.0	,0.0	,0.0	,0.0	,582.4	,602.4	,	,	,****,****,****,****,,否,否,	,	,	,否,	,	,	,	,	,	,	,	,	,	,	,	,否,否,	,否,	,,	,否,	,否,,,否
【母婴直饮】云米净水器 SE 600G+ 新升级厨下式RO反渗透直饮家用,251128-417102610763595,已发货，待收货,1	,正常,2025-11-28 11:27:20,2025-11-29 11:27:21,,2025-11-28 17:46:28,	,819506595979	,【24年新品】600G升级版6年长效,1787046011387	,厨房电器,净水器/净水设备及配件耗材,净水器,	,6923185653684	,6923185616399	,	,	,无售后或售后取消,,2025-11-28 11:27:21,	,,,,,,,否,否,	,否,	,,748.0	,0.0	,129.6	,100.0	,0.0	,0.0	,0.0	,0.0	,518.4	,618.4	,JDV024309321714,京东大件物流,湖北省,咸宁市,咸安区,,,否,否,	,	,	,否,	,	,	,	,	,	,	,	,	,	,	,	,否,否,	,否,否,,	,否,	,否,,,否
云米AI燃气热水器 智控恒温防冻节能安全水质净化精准控温13L强排,251128-296054965851668,已发货，待收货,1	,正常,2025-11-28 09:23:16,2025-11-29 09:23:16,,2025-11-28 17:46:29,	,774960777953	,智控恒温燃气热水器,1756760299679	,大家电,热水器,燃气热水器,	,6923185655688	,6923185655688	,	,	,无售后或售后取消,,2025-11-28 09:23:16,	,,,,,,,否,否,	,否,	,,559.0	,0.0	,0.0	,0.0	,0.0	,0.0	,0.0	,0.0	,559.0	,559.0	,JDV024303868209,京东大件物流,贵州省,安顺市,紫云苗族布依族自治县,,,否,否,	,	,	,否,	,	,	,	,	,	,	,	,	,	,	,	,否,否,	,否,否,,	,否,	,否,,,否
【重磅新品】云米净水器600G小海豚升级版厨下式RO反渗透直饮家用,251128-659722083921024,已发货，待收货,1	,正常,2025-11-28 09:20:09,2025-11-29 09:20:09,,2025-11-28 15:01:35,	,225501370546	,小海豚600G,1813468330532	,厨房电器,净水器/净水设备及配件耗材,净水器,	,6923185653684	,6923185616399	,	,	,无售后或售后取消,,2025-11-28 09:20:09,	,,,,,,,否,否,	,否,	,,559.0	,0.0	,0.0	,0.0	,0.0	,0.0	,0.0	,0.0	,559.0	,559.0	,JDV024307087777,京东大件物流,广东省,韶关市,武江区,,,否,否,	,	,	,否,	,	,	,	,	,	,	,	,	,	,	,	,否,否,	,否,否,,	,否,	,否,,,否
云米净水器滤芯家用小海豚小蓝调小白龙系列专用RO反渗透,251128-210323423650505,已发货，待收货,1	,正常,2025-11-28 09:13:07,2025-11-30 09:13:07,,2025-11-28 15:01:37,	,232467205433	,5in1 复合滤芯,1647394585330	,厨房电器,净水器/净水设备及配件耗材,净水器配件耗材,	,6923185627425	,	,	,	,无售后或售后取消,,2025-11-28 09:13:07,	,,,,,,,否,否,	,否,	,,149.0	,0.0	,0.0	,5.0	,1.08	,0.0	,0.0	,0.0	,144.0	,149.0	,JDV024303449726,京东大件物流,湖北省,武汉市,江岸区,,,否,否,	,	,	,否,	,	,	,	,	,	,	,	,	,	,	,	,否,否,	,否,否,,	,否,	,否,,,否
【重磅新品】云米净水器600G小海豚升级版厨下式RO反渗透直饮家用,251128-465882366253663,已取消,1	,正常,	,	,,	,	,225501370546	,小海豚600G,1813468330532	,厨房电器,净水器/净水设备及配件耗材,净水器,	,6923185653684	,6923185616399	,	,	,无售后或售后取消,,	,	,,,,,,,否,否,	,否,	,,559.0	,0.0	,0.0	,20.0	,0.0	,0.0	,0.0	,0.0	,539.0	,559.0	,	,	,****,****,****,****,,否,否,	,	,	,否,	,	,	,	,	,	,	,	,	,	,	,	,否,否,	,否,	,,	,否,	,否,,,否
【重磅新品】云米净水器600G小海豚升级版厨下式RO反渗透直饮家用,251128-034949097773663,已取消,1	,正常,	,	,,	,	,225501370546	,小海豚600G,1813468330532	,厨房电器,净水器/净水设备及配件耗材,净水器,	,6923185653684	,6923185616399	,	,	,无售后或售后取消,,	,	,,,,,,,否,否,	,否,	,,559.0	,0.0	,0.0	,50.0	,0.0	,0.0	,0.0	,0.0	,509.0	,559.0	,	,	,****,****,****,****,,否,否,	,	,	,否,	,	,	,	,	,	,	,	,	,	,	,	,否,否,	,否,	,,	,否,	,否,,,否
云米净水器滤芯家用小海豚小蓝调小白龙系列专用RO反渗透,251128-665803834990934,已发货，待收货,1	,正常,2025-11-28 08:53:05,2025-11-30 08:53:06,,2025-11-28 13:57:12,	,232467205433	,5in1 复合滤芯,1647394585330	,厨房电器,净水器/净水设备及配件耗材,净水器配件耗材,	,6923185627425	,	,	,	,无售后或售后取消,,2025-11-28 08:53:06,	,,,,,,,否,否,	,否,	,,149.0	,0.0	,0.0	,15.0	,0.0	,0.0	,0.0	,0.0	,134.0	,149.0	,JDV024301234952,京东大件物流,山东省,烟台市,招远市,,,否,否,	,	,	,否,	,	,	,	,	,	,	,	,	,	,	,	,否,否,	,否,否,,	,否,	,否,,,否
【重磅新品】云米净水器600G小海豚升级版厨下式RO反渗透直饮家用,251128-018329188740989,未发货，退款成功,1	,正常,2025-11-28 08:51:47,2025-11-29 08:51:47,,	,	,225501370546	,小海豚600G,1813468330532	,厨房电器,净水器/净水设备及配件耗材,净水器,	,6923185653684	,6923185616399	,聚水潭已取消发货  已退款  11.28,	,退款成功,,2025-11-28 08:51:47,	,,,,,,,否,否,	,否,	,,559.0	,0.0	,0.0	,0.0	,1.11	,0.0	,0.0	,0.0	,559.0	,559.0	,	,	,河南省,郑州市,二七区,,,否,否,	,	,	,否,	,	,	,	,	,	,	,	,	,	,	,	,否,否,	,否,否,,	,否,	,否,,,否
云米净水器滤芯小蓝调小海豚600G+专用复合滤芯RO反渗透滤芯过滤,251128-467465694811976,已发货，待收货,1	,正常,2025-11-28 08:44:42,2025-11-29 08:44:42,,2025-11-28 17:46:29,	,296967601341	,600G RO反渗透滤芯 6年长效,1600193586339	,厨房电器,净水器/净水设备及配件耗材,净水器配件耗材,	,6923185618379	,	,补差后返 到手价349,	,无售后或售后取消,,2025-11-28 08:44:42,	,,,,,,,否,否,	,否,	,,699.0	,0.0	,0.0	,0.0	,0.0	,0.0	,0.0	,0.0	,699.0	,699.0	,JDV024303836411,京东大件物流,浙江省,温州市,龙湾区,,,否,否,	,	,	,否,	,	,	,	,	,	,	,	,	,	,	,	,否,否,	,否,否,,	,否,	,否,,,否
云米净水器滤芯小蓝调小海豚600G+专用复合滤芯RO反渗透滤芯过滤,251128-279476999771976,已发货，待收货,2	,正常,2025-11-28 08:44:19,2025-11-29 08:44:20,,2025-11-28 15:01:37,	,296967601341	,5in1复合滤芯 2年长效,1600193054565	,厨房电器,净水器/净水设备及配件耗材,净水器配件耗材,	,6923185627425	,	,补差后返 到手价198元,	,无售后或售后取消,,2025-11-28 08:44:20,	,,,,,,,否,否,	,否,	,,598.0	,0.0	,5.98	,0.0	,0.0	,0.0	,0.0	,0.0	,592.02	,592.02	,JDV024301098639,京东大件物流,浙江省,温州市,龙湾区,,,否,否,	,	,	,否,	,	,	,	,	,	,	,	,	,	,	,	,否,否,	,否,否,,	,否,	,否,,,否
【重磅新品】云米净水器600G小海豚升级版厨下式RO反渗透直饮家用,251128-515196853773093,已发货，待收货,1	,正常,2025-11-28 08:42:53,2025-11-29 08:42:53,,2025-11-28 15:01:36,	,225501370546	,小海豚600G,1813468330532	,厨房电器,净水器/净水设备及配件耗材,净水器,	,6923185653684	,6923185616399	,	,	,无售后或售后取消,,2025-11-28 08:42:53,	,,,,,,,否,否,	,否,	,,559.0	,0.0	,0.0	,0.0	,6.0	,0.0	,0.0	,0.0	,559.0	,559.0	,JDV024303520845,京东大件物流,河南省,焦作市,解放区,,,否,否,	,	,	,否,	,	,	,	,	,	,	,	,	,	,	,	,否,否,	,否,否,,	,否,	,否,,,否
云米净水器滤芯家用小海豚小蓝调小白龙系列专用RO反渗透,251128-061446571602501,已发货，待收货,1	,正常,2025-11-28 08:34:27,2025-11-30 08:34:27,,2025-11-28 17:46:29,	,232467205433	,400G RO反渗透,1358951046251	,厨房电器,净水器/净水设备及配件耗材,净水器配件耗材,	,6923185618362	,	,	,	,无售后或售后取消,,2025-11-28 08:34:27,	,,,,,,,否,否,	,否,	,,359.0	,0.0	,0.0	,15.0	,0.0	,0.0	,0.0	,0.0	,344.0	,359.0	,JDV024303828311,京东大件物流,重庆市,重庆市,璧山区,,,否,否,	,	,	,否,	,	,	,	,	,	,	,	,	,	,	,	,否,否,	,否,否,,	,否,	,否,,,否
【重磅新品】云米净水器600G小海豚升级版厨下式RO反渗透直饮家用,251128-227624927650254,已发货，待收货,1	,正常,2025-11-28 08:29:43,2025-11-29 08:29:44,,2025-11-28 15:01:36,	,225501370546	,小海豚600G,1813468330532	,厨房电器,净水器/净水设备及配件耗材,净水器,	,6923185653684	,6923185616399	,	,	,无售后或售后取消,,2025-11-28 08:29:44,	,,,,,,,否,否,	,否,	,,559.0	,0.0	,0.0	,0.0	,16.0	,0.0	,0.0	,0.0	,559.0	,559.0	,JDV024306164308,京东大件物流,江西省,九江市,浔阳区,,,否,否,	,	,	,否,	,	,	,	,	,	,	,	,	,	,	,	,否,否,	,否,是,3	,商家,否,	,否,,信用卡分期,否
云米顶侧双吸烟灶套装22m³大吸力抽油烟机聚能猛火灶节能燃气家用,251128-343681297960465,已发货，待收货,1	,正常,2025-11-28 08:23:18,2025-11-29 08:23:19,,2025-11-28 17:46:29,	,382839923175	,【两件套】顶侧双吸烟机+5.2KW灶（液）,1743703726622	,大家电,厨房大电,烟灶消套装,	,S2309261044001,蓝调套装,	,	,无售后或售后取消,,2025-11-28 08:23:19,	,,,,,,,否,否,	,否,	,,1169.0	,0.0	,0.0	,58.45	,6.0	,0.0	,0.0	,0.0	,1110.55	,1169.0	,JDV024304046831,京东大件物流,辽宁省,葫芦岛市,兴城市,,,否,否,	,	,	,否,	,	,	,	,	,	,	,	,	,	,	,	,否,否,	,否,否,,	,否,	,否,,,否
云米净水器滤芯小蓝调小海豚600G+专用复合滤芯RO反渗透滤芯过滤,251128-043453059392341,已发货，待收货,1	,正常,2025-11-28 08:23:06,2025-11-29 08:23:06,,2025-11-28 13:57:12,	,296967601341	,5in1复合滤芯 2年长效,1600193054565	,厨房电器,净水器/净水设备及配件耗材,净水器配件耗材,	,6923185627425	,	,后返，到手价99,	,无售后或售后取消,,2025-11-28 08:23:06,	,,,,,,,否,否,	,否,	,,299.0	,0.0	,0.0	,0.0	,0.0	,0.0	,0.0	,0.0	,299.0	,299.0	,JDV024301041248,京东大件物流,河北省,廊坊市,安次区,,,否,否,	,	,	,否,	,	,	,	,	,	,	,	,	,	,	,	,否,否,	,否,否,,	,否,	,否,,,否
【母婴直饮】云米净水器 SE 600G+ 新升级厨下式RO反渗透直饮家用,251128-171630969201239,已发货，待收货,1	,正常,2025-11-28 08:21:56,2025-11-29 08:21:57,,2025-11-28 15:01:35,	,819506595979	,【24年新品】600G升级版6年长效,1787046011387	,厨房电器,净水器/净水设备及配件耗材,净水器,	,6923185653684	,6923185616399	,	,	,无售后或售后取消,,2025-11-28 08:21:57,	,,,,,,,否,否,	,否,	,,748.0	,0.0	,129.6	,100.0	,0.0	,0.0	,0.0	,0.0	,518.4	,618.4	,JDV024306105313,京东大件物流,江苏省,无锡市,宜兴市,,,否,否,	,	,	,否,	,	,	,	,	,	,	,	,	,	,	,	,否,否,	,否,否,,	,否,	,否,,,否
云米净水器滤芯小蓝调小海豚600G+专用复合滤芯RO反渗透滤芯过滤,251128-560652685632341,未发货，退款成功,1	,正常,2025-11-28 08:21:50,2025-11-29 08:21:50,,	,	,296967601341	,5in1复合滤芯 2年长效,1600193054565	,厨房电器,净水器/净水设备及配件耗材,净水器配件耗材,	,6923185627425	,	,后返，到手价99  聚水潭已取消发货  已退款  11.28,	,退款成功,,2025-11-28 08:21:50,	,,,,,,,否,否,	,否,	,,299.0	,0.0	,0.0	,0.0	,0.0	,0.0	,0.0	,0.0	,299.0	,299.0	,	,	,河北省,廊坊市,安次区,,,否,否,	,	,	,否,	,	,	,	,	,	,	,	,	,	,	,	,否,否,	,否,否,,	,否,	,否,,,否
【母婴直饮】云米净水器 SE 600G+ 新升级厨下式RO反渗透直饮家用,251128-644717023651629,已发货，待收货,1	,正常,2025-11-28 13:35:40,2025-12-29 13:35:41,,2025-11-28 20:10:03,	,819506595979	,【24年新品】600G升级版6年长效,1787046011387	,厨房电器,净水器/净水设备及配件耗材,净水器,	,6923185653684	,6923185616399	,延迟已登记 [viomi英英sk 11/28 13:46],	,无售后或售后取消,,2025-11-28 13:35:41,	,,,,,,,否,否,	,否,	,,748.0	,0.0	,130.15	,97.24	,0.0	,0.0	,0.0	,0.0	,520.61	,617.85	,JDV024309489912,京东大件物流,河南省,郑州市,二七区,,,否,否,	,	,	,否,	,	,	,	,	,	,	,	,	,	,	,	,否,否,	,否,是,3	,商家,否,	,否,,信用卡分期,否
【重磅新品】云米净水器600G小海豚升级版厨下式RO反渗透直饮家用,251128-676205708931902,已发货，待收货,1	,正常,2025-11-28 08:00:49,2025-11-29 08:00:49,,2025-11-28 15:01:37,	,225501370546	,小海豚600G,1813468330532	,厨房电器,净水器/净水设备及配件耗材,净水器,	,6923185653684	,6923185616399	,	,	,售后处理中,,2025-11-28 08:00:49,	,,,,,,,否,否,	,否,	,,559.0	,0.0	,0.0	,0.0	,0.0	,0.0	,0.0	,0.0	,559.0	,559.0	,JDV024303406069,京东大件物流,安徽省,阜阳市,临泉县,,,否,否,	,	,	,否,	,	,	,	,	,	,	,	,	,	,	,	,否,否,	,否,否,,	,否,	,否,,,否
云米小厨宝6L电热水器厨房卫生间出水恒温储水式小型速热神器加热,251128-662343586211133,未发货，退款成功,1	,正常,2025-11-28 08:00:05,2025-11-29 08:00:05,,	,	,208073193570	,热水即刻有-【6L】,1801828025682	,大家电,热水器,厨宝,	,6923185611233	,6923185611233	,聚水潭已取消发货  已退款  11.28,	,退款成功,,2025-11-28 08:00:05,	,,,,,,,否,否,	,否,	,,253.0	,0.0	,0.0	,50.0	,0.0	,0.0	,0.0	,0.0	,203.0	,253.0	,	,	,内蒙古自治区,兴安盟,乌兰浩特市,,,否,否,	,	,	,否,	,	,	,	,	,	,	,	,	,	,	,	,否,否,	,否,否,,	,否,	,否,,,否
云米AI油烟机双腔大吸力Smart双腔一级能效23m³大风压智清洁节能,251128-490607788343404,已取消,1	,正常,	,	,,	,	,857557599349	,双腔深拢吸油烟机,1816789031904	,大家电,厨房大电,油烟机,	,6923185649229	,6923185649229	,	,	,无售后或售后取消,,	,	,,,,,,,否,否,	,否,	,,779.0	,0.0	,0.0	,100.0	,0.0	,0.0	,0.0	,0.0	,679.0	,779.0	,	,	,****,****,****,****,,否,否,	,	,	,否,	,	,	,	,	,	,	,	,	,	,	,	,否,否,	,否,	,,	,否,	,否,,,否
【6年套装】云米净水器600G小海豚升级版厨下式RO反渗透直饮家用,251128-353558883883503,已发货，待收货,1	,正常,2025-11-28 07:45:23,2025-11-29 07:45:23,,2025-11-28 13:57:12,	,852932116812	,小海豚600G+6年滤芯套装,1812983769340	,厨房电器,净水器/净水设备及配件耗材,净水器,	,S2508151538001,	,	,	,无售后或售后取消,,2025-11-28 07:45:23,	,,,,,,,否,否,	,否,	,,695.0	,0.0	,0.0	,0.0	,0.0	,0.0	,0.0	,0.0	,695.0	,695.0	,JDV024301602711,京东大件物流,山东省,青岛市,崂山区,,,否,否,	,	,	,否,	,	,	,	,	,	,	,	,	,	,	,	,否,否,	,否,否,,	,否,	,否,,,否
云米顶侧大吸力蓝调油烟机家用厨房节能自清洁一级能效可挥手智控,251128-300479998263404,已取消,1	,正常,	,	,,	,	,657344402006	,云米智清洁挥手智控单烟机,1723825075586	,大家电,厨房大电,油烟机,	,6923185650973	,6923185650973	,	,	,无售后或售后取消,,	,	,,,,,,,否,否,	,否,	,,779.0	,0.0	,0.0	,100.0	,0.0	,0.0	,0.0	,0.0	,679.0	,779.0	,	,	,****,****,****,****,,否,否,	,	,	,否,	,	,	,	,	,	,	,	,	,	,	,	,否,否,	,否,	,,	,否,	,否,,,否
云米小厨宝6L电热水器厨房卫生间出水恒温储水式小型速热神器加热,251128-514892766800306,已发货，待收货,1	,正常,2025-11-28 07:06:02,2025-11-29 07:06:02,,2025-11-28 13:57:13,	,208073193570	,热水即刻有-【6L】,1801828025682	,大家电,热水器,厨宝,	,6923185611233	,6923185611233	,	,	,无售后或售后取消,,2025-11-28 07:06:02,	,,,,,,,否,否,	,否,	,,253.0	,0.0	,0.0	,0.0	,1.05	,0.0	,0.0	,0.0	,253.0	,253.0	,JDV024301089504,京东大件物流,江苏省,镇江市,丹阳市,,,否,否,	,	,	,否,	,	,	,	,	,	,	,	,	,	,	,	,否,否,	,否,否,,	,否,	,否,,,否
【冷热直饮套装】云米净水器家用厨下管线机套装一键即热制冷直饮,251128-114787684732985,已取消,1	,正常,	,	,,	,	,480070620581	,【冷热净水直饮套装】新品净水器+冷热管线机,1620106386127	,厨房电器,净水器/净水设备及配件耗材,净水器,	,S2407170910001,	,	,	,无售后或售后取消,,	,	,,,,,,,否,否,	,否,	,,1434.0	,0.0	,0.0	,0.0	,0.0	,0.0	,0.0	,0.0	,1434.0	,1434.0	,	,	,****,****,****,****,,否,否,	,	,	,否,	,	,	,	,	,	,	,	,	,	,	,	,否,否,	,否,	,,	,否,	,否,,,否
云米小厨宝6L电热水器厨房卫生间出水恒温储水式小型速热神器加热,251128-292122816090944,已发货，待收货,1	,正常,2025-11-28 05:54:50,2025-11-29 05:54:50,,2025-11-28 13:57:12,	,208073193570	,热水即刻有-【6L】,1801828025682	,大家电,热水器,厨宝,	,6923185611233	,6923185611233	,	,	,无售后或售后取消,,2025-11-28 05:54:50,	,,,,,,,否,否,	,否,	,,253.0	,0.0	,0.0	,0.0	,0.0	,0.0	,0.0	,0.0	,253.0	,253.0	,JDV024301060804,京东大件物流,安徽省,蚌埠市,五河县,,,否,否,	,	,	,否,	,	,	,	,	,	,	,	,	,	,	,	,否,否,	,否,否,,	,否,	,否,,,否
云米电热水器50/60升洗澡家用浴室速热大容量省电防漏电安全保温,251128-258641815902239,已取消,1	,正常,	,	,,	,	,436320010098	,"速热长效保温安全电热水器,50L【2-3人】",1756921788832	,大家电,热水器,电热水器,	,6923185614920	,6923185614920	,	,	,无售后或售后取消,,	,	,,,,,,,否,否,	,否,	,,486.0	,0.0	,24.0	,16.0	,0.0	,0.0	,0.0	,0.0	,446.0	,462.0	,	,	,****,****,****,****,,否,否,	,	,	,否,	,	,	,	,	,	,	,	,	,	,	,	,否,否,	,否,	,,	,否,	,否,,,否
【重磅新品】云米净水器600G小海豚升级版厨下式RO反渗透直饮家用,251128-681238883852432,已发货，待收货,1	,正常,2025-11-28 04:30:34,2025-11-29 04:30:34,,2025-11-28 15:01:37,	,225501370546	,小海豚600G,1813468330532	,厨房电器,净水器/净水设备及配件耗材,净水器,	,6923185653684	,6923185616399	,	,	,无售后或售后取消,,2025-11-28 04:30:34,	,,,,,,,否,否,	,否,	,,559.0	,0.0	,0.0	,0.0	,0.0	,0.0	,0.0	,0.0	,559.0	,559.0	,JDV024301082771,京东大件物流,江苏省,盐城市,盐都区,,,否,否,	,	,	,否,	,	,	,	,	,	,	,	,	,	,	,	,否,否,	,否,否,,	,否,	,否,,,否
【重磅新品】云米净水器600G小海豚升级版厨下式RO反渗透直饮家用,251128-305985000961217,未发货，退款成功,1	,正常,2025-11-28 03:19:54,2025-11-29 03:19:54,,	,	,225501370546	,小海豚600G,1813468330532	,厨房电器,净水器/净水设备及配件耗材,净水器,	,6923185653684	,6923185616399	,聚水潭已取消发货  已退款  11.28,	,退款成功,,2025-11-28 03:19:54,	,,,,,,,否,否,	,否,	,,559.0	,0.0	,0.0	,100.0	,0.0	,0.0	,0.0	,0.0	,459.0	,559.0	,	,	,广东省,广州市,白云区,,,否,否,	,	,	,否,	,	,	,	,	,	,	,	,	,	,	,	,否,否,	,否,否,,	,否,	,否,,,否
云米智能AI门锁3D指纹密码蓝牙可连大容量续航家用公寓自动安全,251128-641141317133697,未发货，退款成功,1	,正常,2025-11-28 02:39:21,2025-11-29 02:39:21,,	,	,743885774552	,"云米蓝调指纹密码锁LBT11C,黑色",1734954999916	,基础建材,智能门锁/电子锁,智能门锁/电子锁,	,6923185655381	,6923185655381	,聚水潭已取消发货  已退款  11.28,	,退款成功,,2025-11-28 02:39:21,	,,,,,,,否,否,	,否,	,,661.0	,0.0	,76.0	,24.0	,0.0	,0.0	,0.0	,0.0	,561.0	,585.0	,	,	,广东省,阳江市,阳春市,,,否,否,	,	,	,否,	,	,	,	,	,	,	,	,	,	,	,	,否,否,	,否,否,,	,否,	,否,,,否
【重磅新品】云米净水器600G小海豚升级版厨下式RO反渗透直饮家用,251128-209180475782423,已发货，待收货,1	,正常,2025-11-28 01:48:29,2025-11-29 01:48:29,,2025-11-28 15:01:37,	,225501370546	,小海豚600G,1813468330532	,厨房电器,净水器/净水设备及配件耗材,净水器,	,6923185653684	,6923185616399	,	,	,无售后或售后取消,,2025-11-28 01:48:29,	,,,,,,,否,否,	,否,	,,559.0	,0.0	,0.0	,0.0	,0.0	,0.0	,0.0	,0.0	,559.0	,559.0	,JDV024303828356,京东大件物流,新疆维吾尔自治区,阿克苏地区,库车市,,,否,否,	,	,	,否,	,	,	,	,	,	,	,	,	,	,	,	,否,否,	,否,否,,	,否,	,否,,,否
VIOMI云米净水器600G小蓝调厨下式RO反渗透直饮家用6年长效,251128-602648122992527,待发货,1	,正常,2025-11-28 01:22:47,2025-12-10 01:22:47,,	,	,850883552953	,RO反渗透除去重金属,1811278299045	,厨房电器,净水器/净水设备及配件耗材,净水器,	,6923185653592	,6923185653592	,延迟已登记 [viomi英英sk 11/28 09:21]=专票已登 [viomi莉莉sk 11/28 22:54],	,无售后或售后取消,,2025-11-28 01:22:47,	,,,,,,,否,否,	,否,	,,599.2	,0.0	,0.0	,50.0	,0.0	,0.0	,0.0	,0.0	,549.2	,599.2	,	,	,浙江省,温州市,瑞安市,,,否,否,	,	,	,否,	,	,	,	,	,	,	,	,	,	,	,	,否,否,	,否,否,,	,否,	,否,,,否
云米净水器滤芯家用小海豚小蓝调小白龙系列专用RO反渗透,251128-501334689370417,已发货，待收货,1	,正常,2025-11-28 01:01:32,2025-11-30 01:01:32,2025-11-29 23:59:59,2025-11-28 15:01:37,	,232467205433	,5in1 复合滤芯,1647394585330	,厨房电器,净水器/净水设备及配件耗材,净水器配件耗材,	,6923185627425	,	,	,	,无售后或售后取消,,2025-11-28 01:01:32,	,,,,,,,否,否,	,否,	,,149.0	,0.0	,0.0	,7.0	,0.0	,0.0	,0.0	,0.0	,142.0	,149.0	,JDV024301078631,京东大件物流,安徽省,合肥市,瑶海区,,,否,否,	,	,	,否,	,	,	,	,	,	,	,	,	,	,	,	,否,否,	,否,否,,	,否,	,否,,,否
【母婴直饮】云米净水器 SE 600G+ 新升级厨下式RO反渗透直饮家用,251128-482449887660371,已发货，待收货,1	,正常,2025-11-28 00:22:22,2025-11-29 00:22:23,,2025-11-28 13:57:13,	,819506595979	,【24年新品】600G升级版6年长效,1787046011387	,厨房电器,净水器/净水设备及配件耗材,净水器,	,6923185653684	,6923185616399	,	,	,无售后或售后取消,,2025-11-28 00:22:23,	,,,,,,,否,否,	,否,	,,748.0	,0.0	,129.6	,100.0	,0.0	,0.0	,0.0	,0.0	,518.4	,618.4	,JDV024300900119,京东大件物流,河北省,石家庄市,辛集市,,,否,否,	,	,	,否,	,	,	,	,	,	,	,	,	,	,	,	,否,否,	,否,否,,	,否,	,否,,,否
【重磅新品】云米净水器600G小海豚升级版厨下式RO反渗透直饮家用,251128-165926746543285,已发货，待收货,1	,正常,2025-11-28 00:18:19,2025-11-29 00:18:19,,2025-11-28 15:01:37,	,225501370546	,小海豚600G,1813468330532	,厨房电器,净水器/净水设备及配件耗材,净水器,	,6923185653684	,6923185616399	,	,	,无售后或售后取消,,2025-11-28 00:18:19,	,,,,,,,否,否,	,否,	,,559.0	,0.0	,0.0	,0.0	,0.0	,0.0	,0.0	,0.0	,559.0	,559.0	,JDV024303836366,京东大件物流,广东省,汕尾市,海丰县,,,否,否,	,	,	,否,	,	,	,	,	,	,	,	,	,	,	,	,否,否,	,否,否,,	,否,	,否,,,否
VIOMI云米净水器600G小蓝调厨下式RO反渗透直饮家用6年长效,251128-607261826573093,未发货，退款成功,1	,正常,2025-11-28 00:15:41,2025-11-29 00:15:41,,	,	,850883552953	,RO反渗透除去重金属,1811278299045	,厨房电器,净水器/净水设备及配件耗材,净水器,	,6923185653592	,6923185653592	,ZX2511280061323 拦截11.28,	,退款成功,,2025-11-28 00:15:41,	,,,,,,,否,否,	,否,	,,599.2	,0.0	,0.0	,0.0	,8.0	,0.0	,0.0	,0.0	,599.2	,599.2	,	,	,河南省,焦作市,解放区,,,否,否,	,	,	,否,	,	,	,	,	,	,	,	,	,	,	,	,否,否,	,否,否,,	,否,	,否,,,否
【重磅新品】云米净水器600G小海豚升级版厨下式RO反渗透直饮家用,251128-501554900562119,已取消,1	,正常,	,	,,	,	,852161740747	,小海豚600G+6年滤芯套装,1812658223669	,厨房电器,净水器/净水设备及配件耗材,净水器,	,S2508151538001,	,	,	,无售后或售后取消,,	,	,,,,,,,否,否,	,否,	,,764.9	,0.0	,0.0	,100.0	,0.0	,0.0	,0.0	,0.0	,664.9	,764.9	,	,	,****,****,****,****,,否,否,	,	,	,否,	,	,	,	,	,	,	,	,	,	,	,	,否,否,	,否,	,,	,否,	,否,,,否
云米双腔大吸力手势控制智清洁油烟机聚能猛火灶安全烟灶联动套装,251127-349794506310382,已发货，待收货,1	,正常,2025-11-27 23:58:12,2025-11-28 23:58:12,,2025-11-28 17:46:29,	,848589244342	,"【烟灶套装】双腔劲吸烟机+5.0KW灶,液化气灶",1809146217031	,大家电,厨房大电,烟灶消套装,	,S2509151408001,	,奇门回传单号:JDV024304112605,	,无售后或售后取消,,2025-11-27 23:58:12,	,,,,,,,否,否,	,否,	,,1199.0	,0.0	,60.0	,40.0	,2.19	,0.0	,0.0	,0.0	,1099.0	,1139.0	,JDV024304058379,京东大件物流,湖南省,永州市,祁阳市,,,否,否,	,	,	,否,	,	,	,	,	,	,	,	,	,	,	,	,否,否,	,否,否,,	,否,	,否,,,否
【重磅新品】云米净水器600G小海豚升级版厨下式RO反渗透直饮家用,251127-525908130173387,已发货，待收货,1	,正常,2025-11-27 23:56:05,2025-11-28 23:56:05,2025-11-29 23:59:59,2025-11-28 15:01:37,	,225501370546	,小海豚600G,1813468330532	,厨房电器,净水器/净水设备及配件耗材,净水器,	,6923185653684	,6923185616399	,	,	,无售后或售后取消,,2025-11-27 23:56:05,	,,,,,,,否,否,	,否,	,,559.0	,0.0	,0.0	,3.0	,0.0	,0.0	,0.0	,0.0	,556.0	,559.0	,JDV024303846114,京东大件物流,广东省,东莞市,高埗镇,,,否,否,	,	,	,否,	,	,	,	,	,	,	,	,	,	,	,	,否,否,	,否,否,,	,否,	,否,,,否
云米23立方油烟机燃气灶套装家用厨房顶侧大吸力油烟机5.0KW灶具,251127-189708387910382,未发货，退款成功,1	,正常,2025-11-27 23:53:00,2025-11-28 23:53:01,,	,	,209837375742	,"【烟灶联动】瞬吸烟机+5.0KW灶,液化气",1792607150010	,大家电,厨房大电,烟灶消套装,	,S2411211431001,	,聚水潭已取消发货  已退款  11.28,	,退款成功,,2025-11-27 23:53:01,	,,,,,,,否,否,	,否,	,,1169.0	,0.0	,0.0	,3.0	,10.0	,0.0	,0.0	,0.0	,1166.0	,1169.0	,	,	,湖南省,永州市,祁阳市,,,否,否,	,	,	,否,	,	,	,	,	,	,	,	,	,	,	,	,否,否,	,否,否,,	,否,	,否,,,否
【重磅新品】云米净水器600G小海豚升级版厨下式RO反渗透直饮家用,251127-321441011303245,已取消,1	,正常,	,	,,	,	,225501370546	,小海豚600G,1813468330532	,厨房电器,净水器/净水设备及配件耗材,净水器,	,6923185653684	,6923185616399	,	,	,无售后或售后取消,,	,	,,,,,,,否,否,	,否,	,,559.0	,0.0	,0.0	,0.0	,0.0	,0.0	,0.0	,0.0	,559.0	,559.0	,	,	,****,****,****,****,,否,否,	,	,	,否,	,	,	,	,	,	,	,	,	,	,	,	,否,否,	,否,	,,	,否,	,否,,,否
【6年套装】云米净水器600G小海豚升级版厨下式RO反渗透直饮家用,251127-615944077723710,未发货，退款成功,2	,正常,2025-11-27 23:46:33,2025-11-28 23:46:33,,	,	,852932116812	,小海豚600G+6年滤芯套装,1812983769340	,厨房电器,净水器/净水设备及配件耗材,净水器,	,S2508151538001,	,聚水潭已取消发货  已退款  11.28,	,退款成功,,2025-11-27 23:46:33,	,,,,,,,否,否,	,否,	,,1390.0	,0.0	,27.8	,0.0	,0.0	,0.0	,0.0	,0.0	,1362.2	,1362.2	,	,	,广东省,佛山市,顺德区,,,否,否,	,	,	,否,	,	,	,	,	,	,	,	,	,	,	,	,否,是,	,否,否,,	,否,	,否,,,否
云米顶侧大吸力蓝调油烟机家用厨房节能自清洁一级能效可挥手智控,251127-505749225883710,未发货，退款成功,1	,正常,2025-11-27 23:45:25,2025-11-28 23:45:26,,	,	,657344402006	,云米智清洁挥手智控单烟机,1723825075586	,大家电,厨房大电,油烟机,	,6923185650973	,6923185650973	,聚水潭已取消发货  已退款  11.28,	,退款成功,,2025-11-27 23:45:26,	,,,,,,,否,否,	,否,	,,779.0	,0.0	,0.0	,0.0	,0.0	,0.0	,0.0	,0.0	,779.0	,779.0	,	,	,广东省,佛山市,顺德区,,,否,否,	,	,	,否,	,	,	,	,	,	,	,	,	,	,	,	,是,是,	,否,否,,	,否,	,否,,,否
【母婴直饮】云米净水器 SE 600G+ 新升级厨下式RO反渗透直饮家用,251127-454631104060728,未发货，退款成功,1	,正常,2025-11-27 23:43:02,2025-11-28 23:43:02,,	,	,819506595979	,【24年新品】600G升级版6年长效,1787046011387	,厨房电器,净水器/净水设备及配件耗材,净水器,	,6923185653684	,6923185616399	,聚水潭已取消发货  已退款  11.28,	,退款成功,,2025-11-27 23:43:02,	,,,,,,,否,否,	,否,	,,748.0	,0.0	,0.0	,44.96	,1.4	,0.0	,0.0	,0.0	,703.04	,748.0	,	,	,山东省,潍坊市,奎文区,,,否,否,	,	,	,否,	,	,	,	,	,	,	,	,	,	,	,	,否,否,	,否,否,,	,否,	,否,,,否
VIOMI云米净水器大通量小海豚800G反渗透RO厨下式家用长效滤芯,251127-282832412220728,未发货，退款成功,1	,正常,2025-11-27 23:43:02,2025-11-28 23:43:02,,	,	,837957770723	,800G大通量纯水机,1809123722986	,厨房电器,净水器/净水设备及配件耗材,净水器,	,6923185653974	,	,聚水潭已取消发货  已退款  11.28,	,退款成功,,2025-11-27 23:43:02,	,,,,,,,否,否,	,否,	,,749.0	,0.0	,0.0	,45.04	,1.41	,0.0	,0.0	,0.0	,703.96	,749.0	,	,	,山东省,潍坊市,奎文区,,,否,否,	,	,	,否,	,	,	,	,	,	,	,	,	,	,	,	,否,否,	,否,否,,	,否,	,否,,,否
【6年套装】云米净水器600G小海豚升级版厨下式RO反渗透直饮家用,251127-111033720380728,未发货，退款成功,1	,正常,2025-11-27 23:43:02,2025-11-28 23:43:02,,	,	,852932116812	,小海豚600G+6年滤芯套装,1812983769340	,厨房电器,净水器/净水设备及配件耗材,净水器,	,S2508151538001,	,聚水潭已取消发货  已退款  11.28,	,退款成功,,2025-11-27 23:43:02,	,,,,,,,否,否,	,否,	,,695.0	,0.0	,0.0	,0.0	,1.39	,0.0	,0.0	,0.0	,695.0	,695.0	,	,	,山东省,潍坊市,奎文区,,,否,否,	,	,	,否,	,	,	,	,	,	,	,	,	,	,	,	,否,否,	,否,否,,	,否,	,否,,,否
【母婴直饮】云米净水器 SE 600G+ 新升级厨下式RO反渗透直饮家用,251127-433649128970407,已发货，待收货,1	,正常,2025-11-27 23:37:20,2025-11-28 23:37:20,,2025-11-28 09:20:20,	,819506595979	,【24年新品】600G升级版6年长效,1787046011387	,厨房电器,净水器/净水设备及配件耗材,净水器,	,6923185653684	,6923185616399	,	,	,无售后或售后取消,,2025-11-27 23:37:20,	,,,,,,,否,否,	,否,	,,748.0	,0.0	,129.6	,100.0	,0.0	,0.0	,0.0	,0.0	,518.4	,618.4	,JDV024298916765,京东大件物流,河南省,郑州市,巩义市,,,否,否,	,	,	,否,	,	,	,	,	,	,	,	,	,	,	,	,否,否,	,否,否,,	,否,	,否,,,否
VIOMI云米净水器大通量小海豚800G反渗透RO厨下式家用长效滤芯,251127-061499062691629,已取消,1	,正常,	,	,,	,	,837957770723	,800G大通量纯水机,1809123722986	,厨房电器,净水器/净水设备及配件耗材,净水器,	,6923185653974	,	,	,	,无售后或售后取消,,	,	,,,,,,,否,否,	,否,	,,749.0	,0.0	,0.0	,60.0	,0.0	,0.0	,0.0	,0.0	,689.0	,749.0	,	,	,****,****,****,****,,否,否,	,	,	,否,	,	,	,	,	,	,	,	,	,	,	,	,否,否,	,否,	,,	,否,	,否,,,否
【母婴直饮】云米净水器 SE 600G+ 新升级厨下式RO反渗透直饮家用,251127-366435397232343,已取消,1	,正常,	,	,,	,	,819506595979	,【24年新品】600G升级版6年长效,1787046011387	,厨房电器,净水器/净水设备及配件耗材,净水器,	,6923185653684	,6923185616399	,	,	,无售后或售后取消,,	,	,,,,,,,否,否,	,否,	,,748.0	,0.0	,149.6	,0.0	,0.0	,0.0	,0.0	,0.0	,598.4	,598.4	,	,	,****,****,****,****,,否,否,	,	,	,否,	,	,	,	,	,	,	,	,	,	,	,	,否,否,	,否,	,,	,否,	,否,,,否
【重磅新品】云米净水器600G小海豚升级版厨下式RO反渗透直饮家用,251127-278984148511447,已发货，待收货,1	,正常,2025-11-27 22:54:02,2025-11-28 22:54:02,,2025-11-28 10:22:59,	,225501370546	,小海豚600G,1813468330532	,厨房电器,净水器/净水设备及配件耗材,净水器,	,6923185653684	,6923185616399	,	,	,无售后或售后取消,,2025-11-27 22:54:02,	,,,,,,,否,否,	,否,	,,559.0	,0.0	,0.0	,0.0	,0.0	,0.0	,0.0	,0.0	,559.0	,559.0	,JDV024300406144,京东大件物流,江苏省,宿迁市,宿城区,,,否,否,	,	,	,否,	,	,	,	,	,	,	,	,	,	,	,	,否,否,	,否,否,,	,否,	,否,,,否
【6年套装】云米净水器600G小海豚升级版厨下式RO反渗透直饮家用,251127-065473145122389,已发货，待收货,1	,正常,2025-11-27 22:52:33,2025-11-28 22:52:33,,2025-11-28 13:57:12,	,852932116812	,小海豚600G+6年滤芯套装,1812983769340	,厨房电器,净水器/净水设备及配件耗材,净水器,	,S2508151538001,	,	,	,无售后或售后取消,,2025-11-27 22:52:33,	,,,,,,,否,否,	,否,	,,695.0	,0.0	,0.0	,5.0	,0.0	,0.0	,0.0	,0.0	,690.0	,695.0	,JDV024300910926,京东大件物流,河南省,周口市,太康县,,,否,否,	,	,	,否,	,	,	,	,	,	,	,	,	,	,	,	,否,是,	,否,是,3	,商家,否,	,否,,信用卡分期,否
云米顶侧大吸力蓝调油烟机家用厨房节能自清洁一级能效可挥手智控,251127-398542836091851,已取消,1	,正常,	,	,,	,	,657344402006	,云米智清洁挥手智控单烟机,1723825075586	,大家电,厨房大电,油烟机,	,6923185650973	,6923185650973	,	,	,无售后或售后取消,,	,	,,,,,,,否,否,	,否,	,,779.0	,0.0	,0.0	,77.9	,0.0	,0.0	,0.0	,0.0	,701.1	,779.0	,	,	,****,****,****,****,,否,否,	,	,	,否,	,	,	,	,	,	,	,	,	,	,	,	,否,否,	,否,	,,	,否,	,否,,,否
【重磅新品】云米净水器600G小海豚升级版厨下式RO反渗透直饮家用,251127-555126700382813,已发货，待收货,1	,正常,2025-11-27 22:40:18,2025-11-28 22:40:18,,2025-11-28 10:22:16,	,852161740747	,小海豚600G+6年滤芯套装,1812658223669	,厨房电器,净水器/净水设备及配件耗材,净水器,	,S2508151538001,	,	,	,无售后或售后取消,,2025-11-27 22:40:18,	,,,,,,,否,否,	,否,	,,764.9	,0.0	,0.0	,75.0	,0.0	,0.0	,0.0	,0.0	,689.9	,764.9	,JDV024298064638,京东大件物流,山东省,聊城市,临清市,,,否,否,	,	,	,否,	,	,	,	,	,	,	,	,	,	,	,	,否,否,	,否,否,,	,否,	,否,,,否
【重磅新品】云米净水器600G小海豚升级版厨下式RO反渗透直饮家用,251127-361507089951447,未发货，退款成功,1	,正常,2025-11-27 22:33:03,2025-11-28 22:33:03,,	,	,225501370546	,小海豚600G,1813468330532	,厨房电器,净水器/净水设备及配件耗材,净水器,	,6923185653684	,6923185616399	,聚水潭已取消发货  已退款  11.28,	,退款成功,,2025-11-27 22:33:03,	,,,,,,,否,否,	,否,	,,559.0	,0.0	,0.0	,0.0	,0.0	,0.0	,0.0	,0.0	,559.0	,559.0	,	,	,江苏省,宿迁市,宿城区,,,否,否,	,	,	,否,	,	,	,	,	,	,	,	,	,	,	,	,否,否,	,否,否,,	,否,	,否,,,否
云米净水器滤芯家用小海豚小蓝调小白龙系列专用RO反渗透,251127-346344712563410,已发货，待收货,1	,正常,2025-11-27 22:30:56,2025-11-29 22:30:56,,2025-11-28 10:22:16,	,232467205433	,5in1 复合滤芯,1647394585330	,厨房电器,净水器/净水设备及配件耗材,净水器配件耗材,	,6923185627425	,	,	,	,无售后或售后取消,,2025-11-27 22:30:56,	,,,,,,,否,否,	,否,	,,149.0	,0.0	,0.0	,9.0	,0.0	,0.0	,0.0	,0.0	,140.0	,149.0	,JDV024300402805,京东大件物流,江苏省,盐城市,盐都区,,,否,否,	,	,	,否,	,	,	,	,	,	,	,	,	,	,	,	,否,否,	,否,否,,	,否,	,否,,,否
【重磅新品】云米净水器600G小海豚升级版厨下式RO反渗透直饮家用,251127-465945280883033,已发货，待收货,1	,正常,2025-11-27 22:27:01,2025-11-28 22:27:02,,2025-11-28 09:21:34,	,225501370546	,小海豚600G,1813468330532	,厨房电器,净水器/净水设备及配件耗材,净水器,	,6923185653684	,6923185616399	,13311479336安装 [viomi英英sk 11/29 09:38],	,无售后或售后取消,,2025-11-27 22:27:02,	,,,,,,,否,否,	,否,	,,559.0	,0.0	,0.0	,0.0	,0.0	,0.0	,0.0	,0.0	,559.0	,559.0	,JDV024298343109,京东大件物流,天津市,天津市,河北区,,,否,否,	,	,	,否,	,	,	,	,	,	,	,	,	,	,	,	,否,否,	,否,否,,	,否,	,否,,,否
【冷热直饮套装】云米净水器家用厨下管线机套装一键即热制冷直饮,251127-569492129421734,未发货，退款成功,1	,正常,2025-11-27 22:22:35,2025-11-28 22:22:36,,	,	,480070620581	,【冷热净水直饮套装】新品净水器+冷热管线机,1620106386127	,厨房电器,净水器/净水设备及配件耗材,净水器,	,S2407170910001,	,主播：钰琳 场控：文蓝	权益：直播间抽奖中10元红包  ZX2511280061323 拦截11.28,	,退款成功,,2025-11-27 22:22:36,	,,,,,,,否,否,	,否,	,,1434.0	,0.0	,0.0	,0.0	,0.0	,0.0	,0.0	,0.0	,1434.0	,1434.0	,	,	,福建省,泉州市,安溪县,,,否,否,	,	,	,否,	,	,	,	,	,	,	,	,	,	,	,	,否,是,	,否,否,,	,否,	,否,,,否
云米双腔大吸力手势控制智清洁油烟机聚能猛火灶安全烟灶联动套装,251127-576077218101885,已发货，待收货,1	,正常,2025-11-27 22:22:15,2025-11-28 22:22:16,,2025-11-28 10:22:15,	,848589244342	,"【烟灶套装】双腔劲吸烟机+5.0KW灶,天然气灶",1809146217030	,大家电,厨房大电,烟灶消套装,	,S2209231819001,	,	,	,无售后或售后取消,,2025-11-27 22:22:16,	,,,,,,,否,否,	,否,	,,1199.0	,0.0	,60.0	,40.0	,0.0	,0.0	,0.0	,0.0	,1099.0	,1139.0	,JDV024298323873,京东大件物流,贵州省,遵义市,仁怀市,,,否,否,	,	,	,否,	,	,	,	,	,	,	,	,	,	,	,	,否,否,	,否,否,,	,否,	,否,,,否
【6年套装】云米净水器600G小海豚升级版厨下式RO反渗透直饮家用,251127-448528454000006,已发货，待收货,1	,正常,2025-11-27 22:20:03,2025-11-28 22:20:03,,2025-11-28 10:22:15,	,852932116812	,小海豚600G+6年滤芯套装,1812983769340	,厨房电器,净水器/净水设备及配件耗材,净水器,	,S2508151538001,	,	,	,无售后或售后取消,,2025-11-27 22:20:03,	,,,,,,,否,否,	,否,	,,695.0	,0.0	,0.0	,50.0	,0.0	,0.0	,0.0	,0.0	,645.0	,695.0	,JDV024300402930,京东大件物流,安徽省,芜湖市,鸠江区,,,否,否,	,	,	,否,	,	,	,	,	,	,	,	,	,	,	,	,否,否,	,否,否,,	,否,	,否,,,否
【6年套装】云米净水器600G小海豚升级版厨下式RO反渗透直饮家用,251127-453037268630522,已发货，待收货,1	,正常,2025-11-27 22:15:09,2025-11-28 22:15:09,,2025-11-28 10:22:16,	,852932116812	,小海豚600G+6年滤芯套装,1812983769340	,厨房电器,净水器/净水设备及配件耗材,净水器,	,S2508151538001,	,	,	,无售后或售后取消,,2025-11-27 22:15:09,	,,,,,,,否,否,	,否,	,,695.0	,0.0	,0.0	,0.0	,0.0	,0.0	,0.0	,0.0	,695.0	,695.0	,JDV024300018872,京东大件物流,福建省,泉州市,丰泽区,,,否,否,	,	,	,否,	,	,	,	,	,	,	,	,	,	,	,	,否,否,	,否,否,,	,否,	,否,,,否
云米即热净水器厨房家用直饮RO反渗透加热净饮一体机1000G,251127-254353088123016,已发货，待收货,1	,正常,2025-11-27 22:06:08,2025-11-28 22:06:09,,2025-11-28 10:22:16,	,846360072018	,即热直饮 1000G大通量,1807240839093	,厨房电器,净水器/净水设备及配件耗材,净水器,	,6923185651116	,6923185651116	,	,	,无售后或售后取消,,2025-11-27 22:06:09,	,,,,,,,否,否,	,否,	,,1498.0	,0.0	,0.0	,100.0	,0.0	,0.0	,0.0	,0.0	,1398.0	,1498.0	,JDV024300036621,京东大件物流,辽宁省,沈阳市,于洪区,,,否,否,	,	,	,否,	,	,	,	,	,	,	,	,	,	,	,	,否,否,	,否,是,3	,商家,否,	,否,,信用卡分期,否
VIOMI云米净水器大通量小海豚800G反渗透RO厨下式家用长效滤芯,251127-470286385571629,已取消,1	,正常,	,	,,	,	,837957770723	,800G大通量纯水机,1809123722986	,厨房电器,净水器/净水设备及配件耗材,净水器,	,6923185653974	,	,	,	,无售后或售后取消,,	,	,,,,,,,否,否,	,否,	,,749.0	,0.0	,0.0	,64.0	,0.0	,0.0	,0.0	,0.0	,685.0	,749.0	,	,	,****,****,****,****,,否,否,	,	,	,否,	,	,	,	,	,	,	,	,	,	,	,	,否,否,	,否,	,,	,否,	,否,,,否
【重磅新品】云米净水器600G小海豚升级版厨下式RO反渗透直饮家用,251127-391118928291629,已取消,1	,正常,	,	,,	,	,852161740747	,小海豚600G+6年滤芯套装,1812658223669	,厨房电器,净水器/净水设备及配件耗材,净水器,	,S2508151538001,	,	,	,无售后或售后取消,,	,	,,,,,,,否,否,	,否,	,,764.9	,0.0	,0.0	,70.0	,0.0	,0.0	,0.0	,0.0	,694.9	,764.9	,	,	,****,****,****,****,,否,否,	,	,	,否,	,	,	,	,	,	,	,	,	,	,	,	,否,否,	,否,	,,	,否,	,否,,,否
云米60升AI速热高温抑菌电热水器3000W一级节能变频增容家用租房,251127-509136094730305,已取消,1	,正常,	,	,,	,	,226368376224	,3000W速热安全60L热水器,1737176648260	,大家电,热水器,电热水器,	,6923185602224	,6923185602224	,	,	,无售后或售后取消,,	,	,,,,,,,否,否,	,否,	,,654.0	,0.0	,36.0	,24.0	,0.0	,0.0	,0.0	,0.0	,594.0	,618.0	,	,	,****,****,****,****,,否,否,	,	,	,否,	,	,	,	,	,	,	,	,	,	,	,	,否,否,	,否,	,,	,否,	,否,,,否
【重磅新品】云米净水器600G小海豚升级版厨下式RO反渗透直饮家用,251127-403911534952455,已发货，待收货,1	,正常,2025-11-27 21:55:17,2025-11-28 21:55:17,,2025-11-28 09:21:34,	,225501370546	,小海豚600G,1813468330532	,厨房电器,净水器/净水设备及配件耗材,净水器,	,6923185653684	,6923185616399	,	,	,无售后或售后取消,,2025-11-27 21:55:17,	,,,,,,,否,否,	,否,	,,559.0	,0.0	,0.0	,0.0	,0.0	,0.0	,0.0	,0.0	,559.0	,559.0	,JDV024298099152,京东大件物流,山东省,滨州市,沾化区,,,否,否,	,	,	,否,	,	,	,	,	,	,	,	,	,	,	,	,否,否,	,否,是,3	,商家,否,	,否,,信用卡分期,否
云米净水器滤芯家用小海豚小蓝调小白龙系列专用RO反渗透,251127-505057123972524,已取消,1	,正常,	,	,,	,	,232467205433	,5in1 复合滤芯,1647394585330	,厨房电器,净水器/净水设备及配件耗材,净水器配件耗材,	,6923185627425	,	,	,	,无售后或售后取消,,	,	,,,,,,,否,否,	,否,	,,149.0	,0.0	,0.0	,0.0	,0.0	,0.0	,0.0	,0.0	,149.0	,149.0	,	,	,****,****,****,****,,否,否,	,	,	,否,	,	,	,	,	,	,	,	,	,	,	,	,否,否,	,否,	,,	,否,	,否,,,否
云米小厨宝6L电热水器厨房卫生间出水恒温储水式小型速热神器加热,251127-126888231241685,已发货，待收货,1	,正常,2025-11-27 21:47:11,2025-11-28 21:47:12,2025-11-29 23:59:59,2025-11-28 10:22:16,	,208073193570	,热水即刻有-【6L】,1801828025682	,大家电,热水器,厨宝,	,6923185611233	,6923185611233	,	,	,无售后或售后取消,,2025-11-27 21:47:12,	,,,,,,,否,否,	,否,	,,253.0	,0.0	,0.0	,0.0	,0.0	,0.0	,0.0	,0.0	,253.0	,253.0	,JDV024300036029,京东大件物流,广东省,惠州市,惠城区,,,否,否,	,	,	,否,	,	,	,	,	,	,	,	,	,	,	,	,否,是,	,否,否,,	,否,	,否,,,否
云米小厨宝6L电热水器厨房卫生间出水恒温储水式小型速热神器加热,251127-223734731083993,已取消,1	,正常,	,	,,	,	,208073193570	,热水即刻有-【6L】,1801828025682	,大家电,热水器,厨宝,	,6923185611233	,6923185611233	,	,	,无售后或售后取消,,	,	,,,,,,,否,否,	,否,	,,253.0	,0.0	,0.0	,0.0	,0.0	,0.0	,0.0	,0.0	,253.0	,253.0	,	,	,****,****,****,****,,否,否,	,	,	,否,	,	,	,	,	,	,	,	,	,	,	,	,否,否,	,否,	,,	,否,	,否,,,否
【重磅新品】云米净水器600G小海豚升级版厨下式RO反渗透直饮家用,251127-125105610370104,已发货，待收货,1	,正常,2025-11-28 11:38:42,2025-11-29 11:38:42,,2025-11-28 17:46:27,	,852161740747	,小海豚600G+6年滤芯套装,1812658223669	,厨房电器,净水器/净水设备及配件耗材,净水器,	,S2508151538001,	,	,	,无售后或售后取消,,2025-11-28 11:38:42,	,,,,,,,否,否,	,否,	,,764.9	,0.0	,0.0	,100.0	,3.0	,0.0	,0.0	,0.0	,664.9	,764.9	,JDV024309349226,京东大件物流,湖北省,武汉市,蔡甸区,,,否,否,	,	,	,否,	,	,	,	,	,	,	,	,	,	,	,	,否,否,	,否,否,,	,否,	,否,,,否
云米顶侧大吸力蓝调油烟机家用厨房节能自清洁一级能效可挥手智控,251127-071764549123927,已发货，待收货,1	,正常,2025-11-27 21:34:28,2025-11-28 21:34:28,,2025-11-28 10:22:16,	,657344402006	,云米智清洁挥手智控单烟机,1723825075586	,大家电,厨房大电,油烟机,	,6923185650973	,6923185650973	,	,	,无售后或售后取消,,2025-11-27 21:34:28,	,,,,,,,否,否,	,否,	,,779.0	,0.0	,0.0	,77.9	,0.0	,0.0	,0.0	,0.0	,701.1	,779.0	,JDV024300070191,京东大件物流,广东省,深圳市,龙岗区,,,否,否,	,	,	,否,	,	,	,	,	,	,	,	,	,	,	,	,否,否,	,否,否,,	,否,	,否,,,否
【重磅新品】云米净水器600G小海豚升级版厨下式RO反渗透直饮家用,251127-663109046672707,已发货，待收货,1	,正常,2025-11-27 21:32:02,2025-11-28 21:32:02,,2025-11-28 09:21:34,	,225501370546	,小海豚600G,1813468330532	,厨房电器,净水器/净水设备及配件耗材,净水器,	,6923185653684	,6923185616399	,拦截	ZX2511280061368,	,无售后或售后取消,,2025-11-27 21:32:02,	,,,,,,,否,否,	,否,	,,559.0	,0.0	,0.0	,50.0	,0.0	,0.0	,0.0	,0.0	,509.0	,559.0	,JDV024297734993,京东大件物流,内蒙古自治区,呼和浩特市,新城区,,,否,否,	,	,	,否,	,	,	,	,	,	,	,	,	,	,	,	,否,是,	,否,否,,	,否,	,否,,,否
【重磅新品】云米净水器600G小海豚升级版厨下式RO反渗透直饮家用,251127-254772518400813,已取消,1	,正常,	,	,,	,	,225501370546	,小海豚600G,1813468330532	,厨房电器,净水器/净水设备及配件耗材,净水器,	,6923185653684	,6923185616399	,	,	,无售后或售后取消,,	,	,,,,,,,否,否,	,否,	,,559.0	,0.0	,0.0	,0.0	,0.0	,0.0	,0.0	,0.0	,559.0	,559.0	,	,	,****,****,****,****,,否,否,	,	,	,否,	,	,	,	,	,	,	,	,	,	,	,	,否,否,	,否,	,,	,否,	,否,,,否
【重磅新品】云米净水器600G小海豚升级版厨下式RO反渗透直饮家用,251127-150229563792707,已取消,1	,正常,	,	,,	,	,225501370546	,小海豚600G,1813468330532	,厨房电器,净水器/净水设备及配件耗材,净水器,	,6923185653684	,6923185616399	,	,	,无售后或售后取消,,	,	,,,,,,,否,否,	,否,	,,559.0	,0.0	,0.0	,50.0	,0.0	,0.0	,0.0	,0.0	,509.0	,559.0	,	,	,****,****,****,****,,否,否,	,	,	,否,	,	,	,	,	,	,	,	,	,	,	,	,否,否,	,否,	,,	,否,	,否,,,否
云米即热净水器厨房家用直饮RO反渗透加热净饮一体机1000G,251127-613490368013952,已发货，待收货,1	,正常,2025-11-27 21:03:51,2025-11-28 21:03:51,,2025-11-28 10:22:16,	,846360072018	,即热直饮 1000G大通量,1807240839093	,厨房电器,净水器/净水设备及配件耗材,净水器,	,6923185651116	,6923185651116	,	,	,无售后或售后取消,,2025-11-27 21:03:51,	,,,,,,,否,否,	,否,	,,1498.0	,0.0	,60.0	,40.0	,0.0	,0.0	,0.0	,0.0	,1398.0	,1438.0	,JDV024300070058,京东大件物流,甘肃省,兰州市,七里河区,,,否,否,	,	,	,否,	,	,	,	,	,	,	,	,	,	,	,	,否,是,	,否,否,,	,否,	,否,,,否
【重磅新品】云米净水器600G小海豚升级版厨下式RO反渗透直饮家用,251127-017815376171330,已发货，待收货,1	,正常,2025-11-27 20:47:32,2025-11-28 20:47:33,,2025-11-28 09:21:34,	,225501370546	,小海豚600G,1813468330532	,厨房电器,净水器/净水设备及配件耗材,净水器,	,6923185653684	,6923185616399	,	ZX2511290058210 [viomi范范sk 11/29 11:01],	,无售后或售后取消,,2025-11-27 20:47:33,	,,,,,,,否,否,	,否,	,,559.0	,0.0	,0.0	,0.0	,0.0	,0.0	,0.0	,0.0	,559.0	,559.0	,JDV024300373221,京东大件物流,江苏省,徐州市,丰县,,,否,否,	,	,	,否,	,	,	,	,	,	,	,	,	,	,	,	,否,是,	,否,否,,	,否,	,否,,,否
云米全自动智能马桶2Pro一体座圈加热妇洗泡沫盾抗菌可冲洗带水箱,251127-631840468581568,已发货，待收货,4	,正常,2025-11-27 19:44:14,2025-11-28 19:44:15,,2025-11-28 14:16:56,	,248791771968	,"400mm,【大冲力】多种冲洗模式",1752476543652	,家装主材,卫浴陶瓷,智能坐便器,	,6923185654582	,	,晒单总共返120元,	,无售后或售后取消,,2025-11-27 19:44:15,	,,,,,,,否,否,	,否,	,,9492.0	,0.0	,572.0	,100.0	,0.0	,0.0	,0.0	,0.0	,8820.0	,8920.0	,JDLD12918113987,京东大件物流,广西壮族自治区,桂林市,七星区,,,否,否,	,	,	,否,	,	,	,	,	,	,	,	,	,	,	,	,否,是,	,否,否,,	,否,	,否,,,否
【母婴直饮】云米净水器 SE 600G+ 新升级厨下式RO反渗透直饮家用,251127-119988569680312,已发货，待收货,1	,正常,2025-11-27 19:39:20,2025-11-28 19:39:20,,2025-11-28 09:20:20,	,819506595979	,【24年新品】600G升级版6年长效,1787046011387	,厨房电器,净水器/净水设备及配件耗材,净水器,	,6923185653684	,6923185616399	,	,	,无售后或售后取消,,2025-11-27 19:39:20,	,,,,,,,否,否,	,否,	,,748.0	,0.0	,145.6	,20.0	,0.0	,0.0	,0.0	,0.0	,582.4	,602.4	,JDV024297062210,京东大件物流,河南省,安阳市,文峰区,,,否,否,	,	,	,否,	,	,	,	,	,	,	,	,	,	,	,	,否,否,	,否,否,,	,否,	,否,,,否
云米全自动智能马桶2Pro一体座圈加热妇洗泡沫盾抗菌可冲洗带水箱,251127-248837588581568,未发货，退款成功,4	,正常,2025-11-27 19:32:07,2025-11-28 19:32:07,,	,	,248791771968	,"400mm,【大冲力】多种冲洗模式",1752476543652	,家装主材,卫浴陶瓷,智能坐便器,	,6923185654582	,	,聚水潭已取消发货  已退款  11.28,	,退款成功,,2025-11-27 19:32:07,	,,,,,,,否,否,	,否,	,,9492.0	,0.0	,572.0	,100.0	,0.0	,0.0	,0.0	,0.0	,8820.0	,8920.0	,	,	,广西壮族自治区,南宁市,兴宁区,,,否,否,	,	,	,否,	,	,	,	,	,	,	,	,	,	,	,	,否,是,	,否,否,,	,否,	,否,,,否
云米小厨宝6L电热水器厨房卫生间出水恒温储水式小型速热神器加热,251127-470611412541744,未发货，退款成功,1	,审核中，请勿发货,2025-11-27 19:25:27,2025-11-28 19:25:27,,	,	,208073193570	,热水即刻有-【6L】,1801828025682	,大家电,热水器,厨宝,	,6923185611233	,6923185611233	,聚水潭已取消发货  已退款  11.28,	,退款成功,,2025-11-27 19:25:27,	,,,,,,,否,否,	,否,	,,253.0	,0.0	,0.0	,100.0	,0.11	,0.0	,0.0	,0.0	,153.0	,253.0	,	,	,安徽省,合肥市,瑶海区,,,否,否,	,	,	,否,	,	,	,	,	,	,	,	,	,	,	,	,否,否,	,否,	,,	,否,	,否,,,否
云米冷热管线机饮水机壁挂式双出水台式管线机UV杀菌Master3,251127-189446295893396,已取消,1	,正常,	,	,,	,	,604410073495	,冷热双出水管线机Super2E,1623096067471	,厨房电器,饮水机,饮水机,	,6923185650966	,6923185651345	,	,	,无售后或售后取消,,	,	,,,,,,,否,否,	,否,	,,1175.0	,0.0	,0.0	,100.0	,0.0	,0.0	,0.0	,0.0	,1075.0	,1175.0	,	,	,****,****,****,****,,否,否,	,	,	,否,	,	,	,	,	,	,	,	,	,	,	,	,否,否,	,否,	,,	,否,	,否,,,否
【重磅新品】云米净水器600G小海豚升级版厨下式RO反渗透直饮家用,251127-197667069482131,已发货，待收货,1	,正常,2025-11-27 19:25:20,2025-11-28 19:25:20,,2025-11-28 10:22:16,	,225501370546	,小海豚600G,1813468330532	,厨房电器,净水器/净水设备及配件耗材,净水器,	,6923185653684	,6923185616399	,	,	,无售后或售后取消,,2025-11-27 19:25:20,	,,,,,,,否,否,	,否,	,,559.0	,0.0	,0.0	,0.0	,0.0	,0.0	,0.0	,0.0	,559.0	,559.0	,JDV024300069255,京东大件物流,广东省,东莞市,长安镇,,,否,否,	,	,	,否,	,	,	,	,	,	,	,	,	,	,	,	,否,否,	,否,否,,	,否,	,否,,,否
云米净水器滤芯小蓝调小海豚600G+专用复合滤芯RO反渗透滤芯过滤,251127-363897822762131,已收货，退款成功,1	,正常,2025-11-27 20:22:50,2025-11-28 20:22:50,,2025-11-28 10:22:16,2025-11-29 09:48:37,296967601341	,5in1复合滤芯 2年长效,1600193054565	,厨房电器,净水器/净水设备及配件耗材,净水器配件耗材,	,6923185627425	,	,到手价99元==【补差】仅退款200 [viomi英英sk 11/29 09:49],	,退款成功,,2025-11-27 20:22:50,	,,,,,,,否,否,	,否,	,,299.0	,0.0	,0.0	,0.0	,0.0	,0.0	,0.0	,0.0	,299.0	,299.0	,JDV024300041500,京东大件物流,广东省,东莞市,长安镇,,,否,否,	,	,	,否,	,	,	,	,	,	,	,	,	,	,	,	,否,否,	,否,否,,	,否,	,否,,,否
云米智能AI门锁3D指纹密码蓝牙可连大容量续航家用公寓自动安全,251127-139859136903651,已发货，待收货,1	,正常,2025-11-27 19:21:12,2025-11-28 19:21:12,,2025-11-28 10:22:16,	,743885774552	,"云米蓝调指纹密码锁LBT11C,黑色",1734954999916	,基础建材,智能门锁/电子锁,智能门锁/电子锁,	,6923185655381	,6923185655381	,	,	,无售后或售后取消,,2025-11-27 19:21:12,	,,,,,,,否,否,	,否,	,,661.0	,0.0	,76.0	,24.0	,0.0	,0.0	,0.0	,0.0	,561.0	,585.0	,JDV024300069120,京东大件物流,河南省,郑州市,新密市,,,否,否,	,	,	,否,	,	,	,	,	,	,	,	,	,	,	,	,否,否,	,否,否,,	,否,	,否,,,否
云米AI燃气热水器 智控恒温防冻节能安全水质净化精准控温13L强排,251127-465819462011448,已发货，待收货,1	,正常,2025-11-27 19:20:04,2025-11-28 19:20:05,,2025-11-28 10:22:16,	,774960777953	,智控恒温燃气热水器,1756760299679	,大家电,热水器,燃气热水器,	,6923185655688	,6923185655688	,	,	,无售后或售后取消,,2025-11-27 19:20:05,	,,,,,,,否,否,	,否,	,,559.0	,0.0	,0.0	,0.0	,1.11	,0.0	,0.0	,0.0	,559.0	,559.0	,JDV024300016470,京东大件物流,四川省,巴中市,巴州区,,,否,否,	,	,	,否,	,	,	,	,	,	,	,	,	,	,	,	,否,否,	,否,否,,	,否,	,否,,,否
云米AI燃气热水器 智控恒温防冻节能安全水质净化精准控温13L强排,251127-002873168251448,已取消,1	,正常,	,	,,	,	,774960777953	,智控恒温燃气热水器,1756760299679	,大家电,热水器,燃气热水器,	,6923185655688	,6923185655688	,	,	,无售后或售后取消,,	,	,,,,,,,否,否,	,否,	,,559.0	,0.0	,0.0	,0.0	,0.0	,0.0	,0.0	,0.0	,559.0	,559.0	,	,	,****,****,****,****,,否,否,	,	,	,否,	,	,	,	,	,	,	,	,	,	,	,	,否,否,	,否,	,,	,否,	,否,,,否
云米AI燃气热水器 智控恒温防冻节能安全水质净化精准控温13L强排,251127-411324987771448,已取消,1	,正常,	,	,,	,	,774960777953	,智控恒温燃气热水器,1756760299679	,大家电,热水器,燃气热水器,	,6923185655688	,6923185655688	,	,	,无售后或售后取消,,	,	,,,,,,,否,否,	,否,	,,559.0	,0.0	,0.0	,20.0	,0.0	,0.0	,0.0	,0.0	,539.0	,559.0	,	,	,****,****,****,****,,否,否,	,	,	,否,	,	,	,	,	,	,	,	,	,	,	,	,否,否,	,否,	,,	,否,	,否,,,否
云米小厨宝6L电热水器厨房卫生间出水恒温储水式小型速热神器加热,251127-018916349500953,已发货，待收货,1	,正常,2025-11-27 19:15:59,2025-11-28 19:15:59,,2025-11-28 09:20:20,	,208073193570	,热水即刻有-【6L】,1801828025682	,大家电,热水器,厨宝,	,6923185611233	,6923185611233	,	,	,无售后或售后取消,,2025-11-27 19:15:59,	,,,,,,,否,否,	,否,	,,253.0	,0.0	,0.0	,50.0	,0.0	,0.0	,0.0	,0.0	,203.0	,253.0	,JDV024300364050,京东大件物流,浙江省,台州市,路桥区,,,否,否,	,	,	,否,	,	,	,	,	,	,	,	,	,	,	,	,否,否,	,否,否,,	,否,	,否,,,否
【6年套装】云米净水器600G小海豚升级版厨下式RO反渗透直饮家用,251127-545941132812293,已发货，待收货,1	,正常,2025-11-27 19:12:54,2025-11-28 19:12:54,,2025-11-28 10:22:16,	,852932116812	,小海豚600G+6年滤芯套装,1812983769340	,厨房电器,净水器/净水设备及配件耗材,净水器,	,S2508151538001,	,	,	,无售后或售后取消,,2025-11-27 19:12:54,	,,,,,,,否,否,	,否,	,,695.0	,0.0	,0.0	,0.0	,0.0	,0.0	,0.0	,0.0	,695.0	,695.0	,JDV024300053882,京东大件物流,广东省,佛山市,顺德区,,,否,否,	,	,	,否,	,	,	,	,	,	,	,	,	,	,	,	,否,否,	,否,否,,	,否,	,否,,,否
【重磅新品】云米净水器600G小海豚升级版厨下式RO反渗透直饮家用,251127-481348830762131,未发货，退款成功,1	,正常,2025-11-27 19:12:09,2025-11-28 19:12:09,,	,	,225501370546	,小海豚600G,1813468330532	,厨房电器,净水器/净水设备及配件耗材,净水器,	,6923185653684	,6923185616399	,聚水潭已取消发货 已退款   叶11.27,	,退款成功,,2025-11-27 19:12:09,	,,,,,,,否,否,	,否,	,,559.0	,0.0	,0.0	,0.0	,0.0	,0.0	,0.0	,0.0	,559.0	,559.0	,	,	,广东省,东莞市,长安镇,,,否,否,	,	,	,否,	,	,	,	,	,	,	,	,	,	,	,	,否,否,	,否,是,3	,商家,否,	,否,,花呗分期,否
云米净水器滤芯家用小海豚小蓝调小白龙系列专用RO反渗透,251127-011177858602138,已发货，待收货,1	,正常,2025-11-27 19:05:09,2025-11-29 19:05:09,,2025-11-28 10:22:17,	,232467205433	,5in1 复合滤芯,1647394585330	,厨房电器,净水器/净水设备及配件耗材,净水器配件耗材,	,6923185627425	,	,后返到手价109元,	,无售后或售后取消,,2025-11-27 19:05:09,	,,,,,,,否,否,	,否,	,,149.0	,0.0	,0.0	,0.0	,0.0	,0.0	,0.0	,0.0	,149.0	,149.0	,JDV024300401985,京东大件物流,上海市,上海市,浦东新区,,,否,否,	,	,	,否,	,	,	,	,	,	,	,	,	,	,	,	,否,否,	,否,否,,	,否,	,否,,,否
【母婴直饮】云米净水器 SE 600G+ 新升级厨下式RO反渗透直饮家用,251127-521289100891944,待发货,1	,正常,2025-11-28 18:53:36,2025-11-29 18:53:36,,	,	,819506595979	,【24年新品】600G升级版6年长效,1787046011387	,厨房电器,净水器/净水设备及配件耗材,净水器,	,6923185653684	,6923185616399	,	,	,无售后或售后取消,,2025-11-28 18:53:36,	,,,,,,,否,否,	,否,	,,748.0	,0.0	,129.6	,100.0	,0.0	,0.0	,0.0	,0.0	,518.4	,618.4	,	,	,北京市,北京市,东城区,,,否,否,	,	,	,否,	,	,	,	,	,	,	,	,	,	,	,	,否,否,	,否,否,,	,否,	,否,,,否
【6年套装】云米净水器600G小海豚升级版厨下式RO反渗透直饮家用,251127-562791728752883,已发货，待收货,1	,正常,2025-11-27 18:58:35,2025-11-28 18:58:36,,2025-11-28 10:22:16,	,852932116812	,小海豚600G+6年滤芯套装,1812983769340	,厨房电器,净水器/净水设备及配件耗材,净水器,	,S2508151538001,	,	,	,无售后或售后取消,,2025-11-27 18:58:36,	,,,,,,,否,否,	,否,	,,695.0	,0.0	,0.0	,30.0	,0.0	,0.0	,0.0	,0.0	,665.0	,695.0	,JDV024300013907,京东大件物流,四川省,成都市,武侯区,,,否,否,	,	,	,否,	,	,	,	,	,	,	,	,	,	,	,	,否,是,	,否,否,,	,否,	,否,,,否
【6年套装】云米净水器600G小海豚升级版厨下式RO反渗透直饮家用,251127-278774453901928,已取消,1	,正常,	,	,,	,	,852932116812	,小海豚600G+6年滤芯套装,1812983769340	,厨房电器,净水器/净水设备及配件耗材,净水器,	,S2508151538001,	,	,	,无售后或售后取消,,	,	,,,,,,,否,否,	,否,	,,695.0	,0.0	,0.0	,0.0	,0.0	,0.0	,0.0	,0.0	,695.0	,695.0	,	,	,****,****,****,****,,否,否,	,	,	,否,	,	,	,	,	,	,	,	,	,	,	,	,否,否,	,否,	,,	,否,	,否,,,否
【母婴直饮】云米净水器 SE 600G+ 新升级厨下式RO反渗透直饮家用,251127-162780987823981,已取消,1	,正常,	,	,,	,	,819506595979	,【24年新品】600G升级版6年长效,1787046011387	,厨房电器,净水器/净水设备及配件耗材,净水器,	,6923185653684	,6923185616399	,	,	,无售后或售后取消,,	,	,,,,,,,否,否,	,否,	,,748.0	,0.0	,135.2	,72.0	,0.0	,0.0	,0.0	,0.0	,540.8	,612.8	,	,	,****,****,****,****,,否,否,	,	,	,否,	,	,	,	,	,	,	,	,	,	,	,	,否,否,	,否,	,,	,否,	,否,,,否
云米净水器滤芯家用小海豚小蓝调小白龙系列专用RO反渗透,251127-129855680042138,已发货，待收货,1	,正常,2025-11-27 19:04:11,2025-11-29 19:04:11,,2025-11-28 10:22:17,	,232467205433	,600G RO反渗透,1358951046252	,厨房电器,净水器/净水设备及配件耗材,净水器配件耗材,	,6923185618379	,	,晒单后返到手价438,	,无售后或售后取消,,2025-11-27 19:04:11,	,,,,,,,否,否,	,否,	,,549.0	,0.0	,0.0	,0.0	,1.09	,0.0	,0.0	,0.0	,549.0	,549.0	,JDV024300035541,京东大件物流,上海市,上海市,浦东新区,,,否,否,	,	,	,否,	,	,	,	,	,	,	,	,	,	,	,	,否,否,	,否,否,,	,否,	,否,,,否
云米全自动智能马桶2Pro一体座圈加热妇洗泡沫盾抗菌可冲洗带水箱,251127-541579046552465,已发货，待收货,1	,正常,2025-11-27 18:37:03,2025-11-28 18:37:03,,2025-11-28 14:16:53,	,248791771968	,"400mm,【大冲力】多种冲洗模式",1752476543652	,家装主材,卫浴陶瓷,智能坐便器,	,6923185654582	,	,晒单返30,	,无售后或售后取消,,2025-11-27 18:37:03,	,,,,,,,否,否,	,否,	,,2373.0	,0.0	,143.0	,100.0	,0.0	,0.0	,0.0	,0.0	,2130.0	,2230.0	,JDLD12918108344,京东大件物流,湖北省,黄冈市,红安县,,,否,否,	,	,	,否,	,	,	,	,	,	,	,	,	,	,	,	,否,否,	,否,否,,	,否,	,否,,,否
【重磅新品】云米净水器600G小海豚升级版厨下式RO反渗透直饮家用,251127-165255657873141,已发货，待收货,1	,正常,2025-11-27 18:31:43,2025-11-28 18:31:43,,2025-11-28 09:21:35,	,225501370546	,小海豚600G,1813468330532	,厨房电器,净水器/净水设备及配件耗材,净水器,	,6923185653684	,6923185616399	,	,	,无售后或售后取消,,2025-11-27 18:31:43,	,,,,,,,否,否,	,否,	,,559.0	,0.0	,0.0	,0.0	,0.0	,0.0	,0.0	,0.0	,559.0	,559.0	,JDV024296318690,京东大件物流,山东省,潍坊市,青州市,,,否,否,	,	,	,否,	,	,	,	,	,	,	,	,	,	,	,	,否,是,	,否,否,,	,否,	,否,,,否
【重磅新品】云米净水器600G小海豚升级版厨下式RO反渗透直饮家用,251127-345054984491330,未发货，退款成功,1	,正常,2025-11-27 18:29:41,2025-11-28 18:29:41,,	,	,225501370546	,小海豚600G,1813468330532	,厨房电器,净水器/净水设备及配件耗材,净水器,	,6923185653684	,6923185616399	,ZX2511280061323  拦截 11.28,	,退款成功,,2025-11-27 18:29:41,	,,,,,,,否,否,	,否,	,,559.0	,0.0	,0.0	,0.0	,0.0	,0.0	,0.0	,0.0	,559.0	,559.0	,	,	,江苏省,徐州市,丰县,,,否,否,	,	,	,否,	,	,	,	,	,	,	,	,	,	,	,	,否,否,	,否,否,,	,否,	,否,,,否
VIOMI云米净水器600G小蓝调厨下式RO反渗透直饮家用6年长效,251127-228631560593141,已取消,1	,正常,	,	,,	,	,850883552953	,RO反渗透除去重金属,1811278299045	,厨房电器,净水器/净水设备及配件耗材,净水器,	,6923185653592	,6923185653592	,	,	,无售后或售后取消,,	,	,,,,,,,否,否,	,否,	,,599.2	,0.0	,0.0	,0.0	,0.0	,0.0	,0.0	,0.0	,599.2	,599.2	,	,	,****,****,****,****,,否,否,	,	,	,否,	,	,	,	,	,	,	,	,	,	,	,	,否,否,	,否,	,,	,否,	,否,,,否
【重磅新品】云米净水器600G小海豚升级版厨下式RO反渗透直饮家用,251127-390825326993141,已取消,1	,正常,	,	,,	,	,225501370546	,小海豚600G,1813468330532	,厨房电器,净水器/净水设备及配件耗材,净水器,	,6923185653684	,6923185616399	,	,	,无售后或售后取消,,	,	,,,,,,,否,否,	,否,	,,559.0	,0.0	,0.0	,0.0	,0.0	,0.0	,0.0	,0.0	,559.0	,559.0	,	,	,****,****,****,****,,否,否,	,	,	,否,	,	,	,	,	,	,	,	,	,	,	,	,否,否,	,否,	,,	,否,	,否,,,否
VIOMI云米净水器600G小蓝调厨下式RO反渗透直饮家用6年长效,251127-433366055313141,已取消,1	,正常,	,	,,	,	,850883552953	,RO反渗透除去重金属,1811278299045	,厨房电器,净水器/净水设备及配件耗材,净水器,	,6923185653592	,6923185653592	,	,	,无售后或售后取消,,	,	,,,,,,,否,否,	,否,	,,599.2	,0.0	,0.0	,0.0	,0.0	,0.0	,0.0	,0.0	,599.2	,599.2	,	,	,****,****,****,****,,否,否,	,	,	,否,	,	,	,	,	,	,	,	,	,	,	,	,否,否,	,否,	,,	,否,	,否,,,否
【重磅新品】云米净水器600G小海豚升级版厨下式RO反渗透直饮家用,251127-210564616593141,已取消,1	,正常,	,	,,	,	,225501370546	,小海豚600G,1813468330532	,厨房电器,净水器/净水设备及配件耗材,净水器,	,6923185653684	,6923185616399	,	,	,无售后或售后取消,,	,	,,,,,,,否,否,	,否,	,,559.0	,0.0	,0.0	,0.0	,0.0	,0.0	,0.0	,0.0	,559.0	,559.0	,	,	,****,****,****,****,,否,否,	,	,	,否,	,	,	,	,	,	,	,	,	,	,	,	,否,否,	,否,	,,	,否,	,否,,,否
云米小厨宝6L电热水器厨房卫生间出水恒温储水式小型速热神器加热,251127-167856053903289,已取消,1	,正常,	,	,,	,	,208073193570	,热水即刻有-【6L】,1801828025682	,大家电,热水器,厨宝,	,6923185611233	,6923185611233	,	,	,无售后或售后取消,,	,	,,,,,,,否,否,	,否,	,,253.0	,0.0	,0.0	,0.0	,0.0	,0.0	,0.0	,0.0	,253.0	,253.0	,	,	,****,****,****,****,,否,否,	,	,	,否,	,	,	,	,	,	,	,	,	,	,	,	,否,否,	,否,	,,	,否,	,否,,,否
【6年套装】云米净水器600G小海豚升级版厨下式RO反渗透直饮家用,251127-142008675930997,未发货，退款成功,1	,正常,2025-11-27 18:21:44,2025-11-28 18:21:45,,	,	,852932116812	,小海豚600G+6年滤芯套装,1812983769340	,厨房电器,净水器/净水设备及配件耗材,净水器,	,S2508151538001,	,聚水潭已取消发货 已退款   叶11.27,	,退款成功,,2025-11-27 18:21:45,	,,,,,,,否,否,	,否,	,,695.0	,0.0	,0.0	,0.0	,8.0	,0.0	,0.0	,0.0	,695.0	,695.0	,	,	,江苏省,连云港市,连云区,,,否,否,	,	,	,否,	,	,	,	,	,	,	,	,	,	,	,	,否,否,	,否,否,,	,否,	,否,,,否
VIOMI云米净水器600G小蓝调厨下式RO反渗透直饮家用6年长效,251127-325635356961078,已取消,1	,正常,	,	,,	,	,850883552953	,RO反渗透除去重金属,1811278299045	,厨房电器,净水器/净水设备及配件耗材,净水器,	,6923185653592	,6923185653592	,	,	,无售后或售后取消,,	,	,,,,,,,否,否,	,否,	,,599.2	,0.0	,0.0	,0.0	,0.0	,0.0	,0.0	,0.0	,599.2	,599.2	,	,	,****,****,****,****,,否,否,	,	,	,否,	,	,	,	,	,	,	,	,	,	,	,	,否,否,	,否,	,,	,否,	,否,,,否
【6年套装】云米净水器600G小海豚升级版厨下式RO反渗透直饮家用,251127-468881251930997,已取消,1	,正常,	,	,,	,	,852932116812	,小海豚600G+6年滤芯套装,1812983769340	,厨房电器,净水器/净水设备及配件耗材,净水器,	,S2508151538001,	,	,	,无售后或售后取消,,	,	,,,,,,,否,否,	,否,	,,695.0	,0.0	,0.0	,0.0	,0.0	,0.0	,0.0	,0.0	,695.0	,695.0	,	,	,****,****,****,****,,否,否,	,	,	,否,	,	,	,	,	,	,	,	,	,	,	,	,否,否,	,否,	,,	,否,	,否,,,否
云米全自动智能马桶2Pro一体座圈加热妇洗泡沫盾抗菌可冲洗带水箱,251127-175993034240856,未发货，退款成功,1	,正常,2025-11-27 18:19:16,2025-11-28 18:19:17,,	,	,248791771968	,"400mm,【大冲力】多种冲洗模式",1752476543652	,家装主材,卫浴陶瓷,智能坐便器,	,6923185654582	,	,已退款成功 无需发货  已退款成功11.28,	,退款成功,,2025-11-27 18:19:17,	,,,,,,,否,否,	,否,	,,2373.0	,0.0	,143.0	,100.0	,15.0	,0.0	,0.0	,0.0	,2130.0	,2230.0	,	,	,山西省,忻州市,忻府区,,,否,否,	,	,	,否,	,	,	,	,	,	,	,	,	,	,	,	,否,否,	,否,否,,	,否,	,否,,,否
【重磅新品】云米净水器600G小海豚升级版厨下式RO反渗透直饮家用,251127-302199662881078,已取消,1	,正常,	,	,,	,	,225501370546	,小海豚600G,1813468330532	,厨房电器,净水器/净水设备及配件耗材,净水器,	,6923185653684	,6923185616399	,	,	,无售后或售后取消,,	,	,,,,,,,否,否,	,否,	,,559.0	,0.0	,0.0	,0.0	,0.0	,0.0	,0.0	,0.0	,559.0	,559.0	,	,	,****,****,****,****,,否,否,	,	,	,否,	,	,	,	,	,	,	,	,	,	,	,	,否,否,	,否,	,,	,否,	,否,,,否
【6年套装】云米净水器600G小海豚升级版厨下式RO反渗透直饮家用,251127-426099351051835,已发货，待收货,1	,正常,2025-11-27 18:16:18,2025-11-28 18:16:18,,2025-11-28 09:21:35,	,852932116812	,小海豚600G+6年滤芯套装,1812983769340	,厨房电器,净水器/净水设备及配件耗材,净水器,	,S2508151538001,	,	,	,无售后或售后取消,,2025-11-27 18:16:18,	,,,,,,,否,否,	,否,	,,695.0	,0.0	,0.0	,0.0	,5.0	,0.0	,0.0	,0.0	,695.0	,695.0	,JDV024295766568,京东大件物流,黑龙江省,大庆市,让胡路区,,,否,否,	,	,	,否,	,	,	,	,	,	,	,	,	,	,	,	,否,否,	,否,否,,	,否,	,否,,,否
云米小厨宝6L电热水器厨房卫生间出水恒温储水式小型速热神器加热,251127-221490788722023,未发货，退款成功,1	,正常,2025-11-27 18:01:57,2025-11-28 18:01:57,,	,	,208073193570	,热水即刻有-【6L】,1801828025682	,大家电,热水器,厨宝,	,6923185611233	,6923185611233	,ZX2511280061323 拦截 11.28,	,退款成功,,2025-11-27 18:01:57,	,,,,,,,否,否,	,否,	,,253.0	,0.0	,0.0	,50.0	,0.0	,0.0	,0.0	,0.0	,203.0	,253.0	,	,	,浙江省,嘉兴市,海宁市,,,否,否,	,	,	,否,	,	,	,	,	,	,	,	,	,	,	,	,否,否,	,否,否,,	,否,	,否,,,否
云米全自动智能马桶2Pro一体座圈加热妇洗泡沫盾抗菌可冲洗带水箱,251127-677558382232465,已取消,1	,正常,	,	,,	,	,248791771968	,"400mm,【大冲力】多种冲洗模式",1752476543652	,家装主材,卫浴陶瓷,智能坐便器,	,6923185654582	,	,	,	,无售后或售后取消,,	,	,,,,,,,否,否,	,否,	,,2373.0	,0.0	,143.0	,100.0	,0.0	,0.0	,0.0	,0.0	,2130.0	,2230.0	,	,	,****,****,****,****,,否,否,	,	,	,否,	,	,	,	,	,	,	,	,	,	,	,	,否,否,	,否,	,,	,否,	,否,,,否
VIOMI云米净水器大通量小海豚800G反渗透RO厨下式家用长效滤芯,251127-538139717232883,已取消,1	,正常,	,	,,	,	,837957770723	,800G大通量纯水机,1809123722986	,厨房电器,净水器/净水设备及配件耗材,净水器,	,6923185653974	,	,	,	,无售后或售后取消,,	,	,,,,,,,否,否,	,否,	,,749.0	,0.0	,0.0	,90.0	,0.0	,0.0	,0.0	,0.0	,659.0	,749.0	,	,	,****,****,****,****,,否,否,	,	,	,否,	,	,	,	,	,	,	,	,	,	,	,	,否,否,	,否,	,,	,否,	,否,,,否
【重磅新品】云米净水器600G小海豚升级版厨下式RO反渗透直饮家用,251127-298235993612579,待发货,1	,正常,2025-11-27 17:53:40,2026-02-26 17:53:40,,	,	,225501370546	,小海豚600G,1813468330532	,厨房电器,净水器/净水设备及配件耗材,净水器,	,6923185653684	,6923185616399	,	,	,无售后或售后取消,,2025-11-27 17:53:40,	,,,,,,,否,否,	,否,	,,559.0	,0.0	,0.0	,50.0	,0.0	,0.0	,0.0	,0.0	,509.0	,559.0	,	,	,湖北省,孝感市,孝南区,,,否,否,	,	,	,否,	,	,	,	,	,	,	,	,	,	,	,	,否,是,	,否,否,,	,否,	,否,,,否
【6年套装】云米净水器600G小海豚升级版厨下式RO反渗透直饮家用,251127-432464259502392,已发货，待收货,1	,正常,2025-11-27 17:53:16,2025-11-28 17:53:16,,2025-11-28 10:22:16,	,852932116812	,小海豚600G+6年滤芯套装,1812983769340	,厨房电器,净水器/净水设备及配件耗材,净水器,	,S2508151538001,	,	,	,无售后或售后取消,,2025-11-27 17:53:16,	,,,,,,,否,否,	,否,	,,695.0	,0.0	,0.0	,0.0	,0.0	,0.0	,0.0	,0.0	,695.0	,695.0	,JDV024300053820,京东大件物流,福建省,厦门市,海沧区,,,否,否,	,	,	,否,	,	,	,	,	,	,	,	,	,	,	,	,否,是,	,否,是,12	,消费者,否,	,否,,信用卡分期,否
云米净水器滤芯1234号滤芯厨上厨下通用RO反渗透家用400G/600G,251127-118635927171184,已取消,1	,正常,	,	,,	,	,296957182528	,"3号RO反渗透滤芯,400G",1600683136686	,厨房电器,净水器/净水设备及配件耗材,净水器配件耗材,	,6923185600138	,	,	,	,无售后或售后取消,,	,	,,,,,,,否,否,	,否,	,,439.0	,0.0	,0.0	,0.0	,0.0	,0.0	,0.0	,0.0	,439.0	,439.0	,	,	,****,****,****,****,,否,否,	,	,	,否,	,	,	,	,	,	,	,	,	,	,	,	,是,否,	,否,	,,	,否,	,否,,,否
【重磅新品】云米净水器600G小海豚升级版厨下式RO反渗透直饮家用,251127-685663884944036,已发货，待收货,1	,正常,2025-11-27 17:48:10,2025-11-28 17:48:10,,2025-11-28 09:21:35,	,225501370546	,小海豚600G,1813468330532	,厨房电器,净水器/净水设备及配件耗材,净水器,	,6923185653684	,6923185616399	,	,	,无售后或售后取消,,2025-11-27 17:48:10,	,,,,,,,否,否,	,否,	,,559.0	,0.0	,0.0	,0.0	,0.0	,0.0	,0.0	,0.0	,559.0	,559.0	,JDV024295759422,京东大件物流,河南省,新乡市,封丘县,,,否,否,	,	,	,否,	,	,	,	,	,	,	,	,	,	,	,	,否,否,	,否,否,,	,否,	,否,,,否
VIOMI云米净水器1000G厨下直饮小体积净水机RO机智显龙头3秒满杯,251127-031037899061001,已发货，待收货,2	,正常,2025-11-27 17:49:15,2025-11-28 17:49:15,,2025-11-28 10:22:17,	,309517106373	,复合滤芯,1803020722098	,厨房电器,净水器/净水设备及配件耗材,净水器,	,6923185653998	,	,复合滤芯到手价99一根 [viomi华华 11/27 17:54],	,无售后或售后取消,,2025-11-27 17:49:15,	,,,,,,,否,否,	,否,	,,598.0	,0.0	,59.8	,29.0	,0.0	,0.0	,0.0	,0.0	,509.2	,538.2	,JDV024300053803,京东大件物流,天津市,天津市,东丽区,,,否,否,	,	,	,否,	,	,	,	,	,	,	,	,	,	,	,	,否,否,	,否,否,,	,否,	,否,,,否
VIOMI云米净水器1000G厨下直饮小体积净水机RO机智显龙头3秒满杯,251127-048842719541001,已发货，待收货,1	,正常,2025-11-27 17:43:38,2025-11-28 17:43:38,,2025-11-28 10:22:17,	,842195971715	,1000G大通量RO净水器,1803617356458	,厨房电器,净水器/净水设备及配件耗材,净水器,	,6923185654247	,	,	,	,无售后或售后取消,,2025-11-27 17:43:38,	,,,,,,,否,否,	,否,	,,823.0	,0.0	,24.0	,0.0	,0.0	,0.0	,0.0	,0.0	,799.0	,799.0	,JDV024300024032,京东大件物流,天津市,天津市,东丽区,,,否,否,	,	,	,否,	,	,	,	,	,	,	,	,	,	,	,	,否,否,	,否,否,,	,否,	,否,,,否
云米AI燃气热水器 智控恒温防冻节能安全水质净化精准控温13L强排,251127-245041805711054,已取消,1	,正常,	,	,,	,	,774960777953	,智控恒温燃气热水器,1756760299679	,大家电,热水器,燃气热水器,	,6923185655688	,6923185655688	,	,	,无售后或售后取消,,	,	,,,,,,,否,否,	,否,	,,559.0	,0.0	,0.0	,20.0	,0.0	,0.0	,0.0	,0.0	,539.0	,559.0	,	,	,****,****,****,****,,否,否,	,	,	,否,	,	,	,	,	,	,	,	,	,	,	,	,否,否,	,否,	,,	,否,	,否,,,否
【重磅新品】云米净水器600G小海豚升级版厨下式RO反渗透直饮家用,251127-039562811010007,已发货，待收货,1	,正常,2025-11-27 17:33:43,2025-11-28 17:33:43,,2025-11-28 09:21:35,	,225501370546	,小海豚600G,1813468330532	,厨房电器,净水器/净水设备及配件耗材,净水器,	,6923185653684	,6923185616399	,	,	,无售后或售后取消,,2025-11-27 17:33:43,	,,,,,,,否,否,	,否,	,,559.0	,0.0	,0.0	,4.58	,0.0	,0.0	,0.0	,0.0	,554.42	,559.0	,JDV024295903738,京东大件物流,辽宁省,鞍山市,海城市,,,否,否,	,	,	,否,	,	,	,	,	,	,	,	,	,	,	,	,否,否,	,否,否,,	,否,	,否,,,否
云米60升AI速热高温抑菌电热水器3000W一级节能变频增容家用租房,251127-510855811381765,已取消,1	,正常,	,	,,	,	,226368376224	,3000W速热安全60L热水器,1737176648260	,大家电,热水器,电热水器,	,6923185602224	,6923185602224	,	,	,无售后或售后取消,,	,	,,,,,,,否,否,	,否,	,,654.0	,0.0	,36.0	,24.0	,0.0	,0.0	,0.0	,0.0	,594.0	,618.0	,	,	,****,****,****,****,,否,否,	,	,	,否,	,	,	,	,	,	,	,	,	,	,	,	,否,否,	,否,	,,	,否,	,否,,,否
云米全自动智能马桶2Pro一体座圈加热妇洗泡沫盾抗菌可冲洗带水箱,251127-468724017463738,未发货，退款成功,1	,正常,2025-11-27 16:54:47,2025-11-28 16:54:47,,	,	,248791771968	,"400mm,【大冲力】多种冲洗模式",1752476543652	,家装主材,卫浴陶瓷,智能坐便器,	,6923185654582	,	,聚水潭已取消发货 已退款   叶11.27,	,退款成功,,2025-11-27 16:54:47,	,,,,,,,否,否,	,否,	,,2373.0	,0.0	,143.0	,100.0	,0.0	,0.0	,0.0	,0.0	,2130.0	,2230.0	,	,	,河南省,新乡市,牧野区,,,否,否,	,	,	,否,	,	,	,	,	,	,	,	,	,	,	,	,否,否,	,否,否,,	,否,	,否,,,否
【重磅新品】云米净水器600G小海豚升级版厨下式RO反渗透直饮家用,251127-562707842651979,未发货，退款成功,1	,正常,2025-11-27 16:49:37,2025-11-28 16:49:37,,	,	,225501370546	,小海豚600G,1813468330532	,厨房电器,净水器/净水设备及配件耗材,净水器,	,6923185653684	,6923185616399	,ZX2511280061323 拦截 11.28,	,退款成功,,2025-11-27 16:49:37,	,,,,,,,否,否,	,否,	,,559.0	,0.0	,0.0	,100.0	,0.0	,0.0	,0.0	,0.0	,459.0	,559.0	,	,	,四川省,成都市,新都区,,,否,否,	,	,	,否,	,	,	,	,	,	,	,	,	,	,	,	,否,是,	,否,否,,	,否,	,否,,,否
VIOMI云米净水器600G小蓝调厨下式RO反渗透直饮家用6年长效,251127-129467728261062,已发货，待收货,1	,正常,2025-11-27 16:47:48,2025-11-28 16:47:48,,2025-11-27 20:29:10,	,850883552953	,RO反渗透除去重金属,1811278299045	,厨房电器,净水器/净水设备及配件耗材,净水器,	,6923185653592	,6923185653592	,	,	,无售后或售后取消,,2025-11-27 16:47:48,	,,,,,,,否,否,	,否,	,,599.2	,0.0	,0.0	,0.0	,0.0	,0.0	,0.0	,0.0	,599.2	,599.2	,JDV024293218678,京东大件物流,吉林省,长春市,德惠市,,,否,否,	,	,	,否,	,	,	,	,	,	,	,	,	,	,	,	,否,否,	,否,否,,	,否,	,否,,,否
【6年套装】云米净水器600G小海豚升级版厨下式RO反渗透直饮家用,251127-179096830284040,已发货，待收货,1	,正常,2025-11-27 16:46:33,2025-11-28 16:46:33,,2025-11-28 10:22:18,	,852932116812	,小海豚600G+6年滤芯套装,1812983769340	,厨房电器,净水器/净水设备及配件耗材,净水器,	,S2508151538001,	,	,	,无售后或售后取消,,2025-11-27 16:46:33,	,,,,,,,否,否,	,否,	,,695.0	,0.0	,0.0	,1.0	,0.0	,0.0	,0.0	,0.0	,694.0	,695.0	,JDV024300053784,京东大件物流,广东省,揭阳市,普宁市,,,否,否,	,	,	,否,	,	,	,	,	,	,	,	,	,	,	,	,否,否,	,否,否,,	,否,	,否,,,否
云米即热净水器厨房家用直饮RO反渗透加热净饮一体机1000G,251127-400178572932755,已取消,1	,正常,	,	,,	,	,846360072018	,即热直饮 1000G大通量,1807240839093	,厨房电器,净水器/净水设备及配件耗材,净水器,	,6923185651116	,6923185651116	,	,	,无售后或售后取消,,	,	,,,,,,,否,否,	,否,	,,1498.0	,0.0	,60.0	,40.0	,0.0	,0.0	,0.0	,0.0	,1398.0	,1438.0	,	,	,****,****,****,****,,否,否,	,	,	,否,	,	,	,	,	,	,	,	,	,	,	,	,否,否,	,否,	,,	,否,	,否,,,否
【重磅新品】云米净水器600G小海豚升级版厨下式RO反渗透直饮家用,251127-625349783152903,已取消,1	,正常,	,	,,	,	,225501370546	,小海豚600G,1813468330532	,厨房电器,净水器/净水设备及配件耗材,净水器,	,6923185653684	,6923185616399	,	,	,无售后或售后取消,,	,	,,,,,,,否,否,	,否,	,,559.0	,0.0	,0.0	,0.93	,0.0	,0.0	,0.0	,0.0	,558.07	,559.0	,	,	,****,****,****,****,,否,否,	,	,	,否,	,	,	,	,	,	,	,	,	,	,	,	,否,否,	,否,	,,	,否,	,否,,,否
VIOMI云米净水器1000G厨下直饮小体积净水机RO机智显龙头3秒满杯,251127-213144051323419,已发货，待收货,1	,正常,2025-11-27 16:34:19,2025-11-28 16:34:19,,2025-11-28 10:22:18,	,842195971715	,1000G大通量RO净水器,1803617356458	,厨房电器,净水器/净水设备及配件耗材,净水器,	,6923185654247	,	,	,	,无售后或售后取消,,2025-11-27 16:34:19,	,,,,,,,否,否,	,否,	,,823.0	,0.0	,24.0	,0.0	,0.0	,0.0	,0.0	,0.0	,799.0	,799.0	,JDV024300068885,京东大件物流,山西省,晋城市,城区,,,否,否,	,	,	,否,	,	,	,	,	,	,	,	,	,	,	,	,否,否,	,否,否,,	,否,	,否,,,否
【重磅新品】云米净水器600G小海豚升级版厨下式RO反渗透直饮家用,251127-003135291780774,已发货，待收货,1	,正常,2025-11-27 16:26:44,2025-11-28 16:26:45,,2025-11-28 10:22:17,	,225501370546	,小海豚600G,1813468330532	,厨房电器,净水器/净水设备及配件耗材,净水器,	,6923185653684	,6923185616399	,	,	,无售后或售后取消,,2025-11-27 16:26:45,	,,,,,,,否,否,	,否,	,,559.0	,0.0	,0.0	,50.0	,0.0	,0.0	,0.0	,0.0	,509.0	,559.0	,JDV024300016264,京东大件物流,甘肃省,武威市,凉州区,,,否,否,	,	,	,否,	,	,	,	,	,	,	,	,	,	,	,	,否,否,	,否,否,,	,否,	,否,,,否
云米全自动智能马桶2Pro一体座圈加热妇洗泡沫盾抗菌可冲洗带水箱,251127-167530995301568,已取消,1	,正常,	,	,,	,	,248791771968	,"400mm,【大冲力】多种冲洗模式",1752476543652	,家装主材,卫浴陶瓷,智能坐便器,	,6923185654582	,	,	,	,无售后或售后取消,,	,	,,,,,,,否,否,	,否,	,,2373.0	,0.0	,143.0	,100.0	,0.0	,0.0	,0.0	,0.0	,2130.0	,2230.0	,	,	,****,****,****,****,,否,否,	,	,	,否,	,	,	,	,	,	,	,	,	,	,	,	,否,否,	,否,	,,	,否,	,否,,,否
【母婴直饮】云米净水器 SE 600G+ 新升级厨下式RO反渗透直饮家用,251127-176936732273934,未发货，退款成功,1	,正常,2025-11-27 16:13:16,2025-11-28 16:13:16,,	,	,819506595979	,【24年新品】600G升级版6年长效,1787046011387	,厨房电器,净水器/净水设备及配件耗材,净水器,	,6923185653684	,6923185616399	,聚水潭已取消发货 已退款   叶11.27,	,退款成功,,2025-11-27 16:13:16,	,,,,,,,否,否,	,否,	,,748.0	,0.0	,129.6	,100.0	,0.0	,0.0	,0.0	,0.0	,518.4	,618.4	,	,	,河南省,信阳市,平桥区,,,否,否,	,	,	,否,	,	,	,	,	,	,	,	,	,	,	,	,否,否,	,否,否,,	,否,	,否,,,否
【母婴直饮】云米净水器 SE 600G+ 新升级厨下式RO反渗透直饮家用,251127-656408645923863,已取消,1	,正常,	,	,,	,	,819506595979	,【24年新品】600G升级版6年长效,1787046011387	,厨房电器,净水器/净水设备及配件耗材,净水器,	,6923185653684	,6923185616399	,	,	,无售后或售后取消,,	,	,,,,,,,否,否,	,否,	,,748.0	,0.0	,149.6	,0.0	,0.0	,0.0	,0.0	,0.0	,598.4	,598.4	,	,	,****,****,****,****,,否,否,	,	,	,否,	,	,	,	,	,	,	,	,	,	,	,	,否,否,	,否,	,,	,否,	,否,,,否
云米双腔大吸力手势控制智清洁油烟机聚能猛火灶安全烟灶联动套装,251127-109020474913994,已发货，待收货,1	,正常,2025-11-27 15:50:53,2026-02-21 15:50:53,,2025-11-27 20:29:31,	,848589244342	,"【烟灶套装】双腔劲吸烟机+5.0KW灶,天然气灶",1809146217030	,大家电,厨房大电,烟灶消套装,	,S2209231819001,	,ZX2511270061365 [viomi诺诺sk 11/28 17:33],	,无售后或售后取消,,2025-11-27 15:50:53,	,,,,,,,否,否,	,否,	,,1199.0	,0.0	,60.0	,40.0	,0.0	,0.0	,0.0	,0.0	,1099.0	,1139.0	,JDV024294239350,京东大件物流,四川省,成都市,锦江区,,,否,否,	,	,	,否,	,	,	,	,	,	,	,	,	,	,	,	,否,否,	,否,否,,	,否,	,否,,,否
【重磅新品】云米净水器600G小海豚升级版厨下式RO反渗透直饮家用,251127-177461030521366,已发货，待收货,1	,正常,2025-11-27 15:50:15,2025-11-28 15:50:15,,2025-11-27 20:29:10,	,225501370546	,小海豚600G,1813468330532	,厨房电器,净水器/净水设备及配件耗材,净水器,	,6923185653684	,6923185616399	,	,	,无售后或售后取消,,2025-11-27 15:50:15,	,,,,,,,否,否,	,否,	,,559.0	,0.0	,0.0	,0.0	,0.0	,0.0	,0.0	,0.0	,559.0	,559.0	,JDV024293814577,京东大件物流,河南省,新乡市,长垣市,,,否,否,	,	,	,否,	,	,	,	,	,	,	,	,	,	,	,	,否,否,	,否,否,,	,否,	,否,,,否
【母婴直饮】云米净水器 SE 600G+ 新升级厨下式RO反渗透直饮家用,251127-049796882052989,未发货，退款成功,1	,正常,2025-11-27 15:44:17,2025-11-28 15:44:17,,	,	,819506595979	,【24年新品】600G升级版6年长效,1787046011387	,厨房电器,净水器/净水设备及配件耗材,净水器,	,6923185653684	,6923185616399	,聚水潭已取消发货 已退款   叶11.27,	,退款成功,,2025-11-27 15:44:17,	,,,,,,,否,否,	,否,	,,748.0	,0.0	,129.6	,100.0	,0.0	,0.0	,0.0	,0.0	,518.4	,618.4	,	,	,广东省,广州市,越秀区,,,否,否,	,	,	,否,	,	,	,	,	,	,	,	,	,	,	,	,否,否,	,否,否,,	,否,	,否,,,否
【重磅新品】云米净水器600G小海豚升级版厨下式RO反渗透直饮家用,251127-361129654693921,已取消,1	,正常,	,	,,	,	,225501370546	,小海豚600G,1813468330532	,厨房电器,净水器/净水设备及配件耗材,净水器,	,6923185653684	,6923185616399	,	,	,无售后或售后取消,,	,	,,,,,,,否,否,	,否,	,,559.0	,0.0	,0.0	,0.0	,0.0	,0.0	,0.0	,0.0	,559.0	,559.0	,	,	,****,****,****,****,,否,否,	,	,	,否,	,	,	,	,	,	,	,	,	,	,	,	,否,否,	,否,	,,	,否,	,否,,,否
云米智能电器多功能电烤箱家用烘焙小型蛋糕烤鸡翅披萨全自动16L,251127-588460921151301,待发货,1	,正常,2025-11-27 15:28:54,2025-11-29 15:28:54,,	,	,231833573024	,黑色16L,1390597610941	,大家电,全屋互联网智能电器,全屋互联网智能电器,	,6923185603221	,6923185603221	,	,	,无售后或售后取消,,2025-11-27 15:28:54,	,,,,,,,否,否,	,否,	,,174.0	,0.0	,9.0	,0.0	,0.0	,0.0	,0.0	,0.0	,165.0	,165.0	,	,	,内蒙古自治区,呼伦贝尔市,牙克石市,,,否,否,	,	,	,否,	,	,	,	,	,	,	,	,	,	,	,	,否,否,	,否,否,,	,否,	,否,,,否
【6年套装】云米净水器600G小海豚升级版厨下式RO反渗透直饮家用,251127-217978017322735,已取消,1	,正常,	,	,,	,	,852932116812	,小海豚600G+6年滤芯套装,1812983769340	,厨房电器,净水器/净水设备及配件耗材,净水器,	,S2508151538001,	,	,	,无售后或售后取消,,	,	,,,,,,,否,否,	,否,	,,695.0	,0.0	,0.0	,50.0	,0.0	,0.0	,0.0	,0.0	,645.0	,695.0	,	,	,****,****,****,****,,否,否,	,	,	,否,	,	,	,	,	,	,	,	,	,	,	,	,否,否,	,否,	,,	,否,	,否,,,否
【母婴直饮】云米净水器 SE 600G+ 新升级厨下式RO反渗透直饮家用,251127-088311099014075,已取消,1	,正常,	,	,,	,	,819506595979	,【24年新品】600G升级版6年长效,1787046011387	,厨房电器,净水器/净水设备及配件耗材,净水器,	,6923185653684	,6923185616399	,	,	,无售后或售后取消,,	,	,,,,,,,否,否,	,否,	,,748.0	,0.0	,129.6	,100.0	,0.0	,0.0	,0.0	,0.0	,518.4	,618.4	,	,	,****,****,****,****,,否,否,	,	,	,否,	,	,	,	,	,	,	,	,	,	,	,	,否,否,	,否,	,,	,否,	,否,,,否
【重磅新品】云米净水器600G小海豚升级版厨下式RO反渗透直饮家用,251127-497759055480875,已取消,1	,正常,	,	,,	,	,225501370546	,小海豚600G,1813468330532	,厨房电器,净水器/净水设备及配件耗材,净水器,	,6923185653684	,6923185616399	,	,	,无售后或售后取消,,	,	,,,,,,,否,否,	,否,	,,559.0	,0.0	,0.0	,50.0	,0.0	,0.0	,0.0	,0.0	,509.0	,559.0	,	,	,****,****,****,****,,否,否,	,	,	,否,	,	,	,	,	,	,	,	,	,	,	,	,否,否,	,否,	,,	,否,	,否,,,否
【6年套装】云米净水器600G小海豚升级版厨下式RO反渗透直饮家用,251127-010087319083977,已发货，待收货,1	,正常,2025-11-27 15:07:38,2025-11-28 15:07:38,,2025-11-27 20:29:10,	,852932116812	,小海豚600G+6年滤芯套装,1812983769340	,厨房电器,净水器/净水设备及配件耗材,净水器,	,S2508151538001,	,	,	,无售后或售后取消,,2025-11-27 15:07:38,	,,,,,,,否,否,	,否,	,,695.0	,0.0	,0.0	,50.0	,0.0	,0.0	,0.0	,0.0	,645.0	,695.0	,JDV024292580111,京东大件物流,山东省,淄博市,临淄区,,,否,否,	,	,	,否,	,	,	,	,	,	,	,	,	,	,	,	,否,否,	,否,否,,	,否,	,否,,,否
【重磅新品】云米净水器600G小海豚升级版厨下式RO反渗透直饮家用,251127-604357281354048,已发货，待收货,1	,正常,2025-11-27 15:05:54,2025-11-28 15:05:55,,2025-11-27 20:29:10,	,225501370546	,小海豚600G,1813468330532	,厨房电器,净水器/净水设备及配件耗材,净水器,	,6923185653684	,6923185616399	,	,	,无售后或售后取消,,2025-11-27 15:05:55,	,,,,,,,否,否,	,否,	,,559.0	,0.0	,0.0	,0.0	,1.11	,0.0	,0.0	,0.0	,559.0	,559.0	,JDV024293033360,京东大件物流,广东省,深圳市,龙岗区,,,否,否,	,	,	,否,	,	,	,	,	,	,	,	,	,	,	,	,否,否,	,否,否,,	,否,	,否,,,否
【母婴直饮】云米净水器 SE 600G+ 新升级厨下式RO反渗透直饮家用,251127-215367042634048,未发货，退款成功,1	,正常,2025-11-27 14:54:00,2025-11-28 14:54:00,,	,	,819506595979	,【24年新品】600G升级版6年长效,1787046011387	,厨房电器,净水器/净水设备及配件耗材,净水器,	,6923185653684	,6923185616399	,聚水潭已取消发货 已退款   叶11.27,	,退款成功,,2025-11-27 14:54:00,	,,,,,,,否,否,	,否,	,,748.0	,0.0	,145.6	,20.0	,0.0	,0.0	,0.0	,0.0	,582.4	,602.4	,	,	,广东省,深圳市,龙岗区,,,否,否,	,	,	,否,	,	,	,	,	,	,	,	,	,	,	,	,否,否,	,否,否,,	,否,	,否,,,否
【6年套装】云米净水器600G小海豚升级版厨下式RO反渗透直饮家用,251127-161585600132321,已取消,1	,正常,	,	,,	,	,852932116812	,小海豚600G+6年滤芯套装,1812983769340	,厨房电器,净水器/净水设备及配件耗材,净水器,	,S2508151538001,	,	,	,无售后或售后取消,,	,	,,,,,,,否,否,	,否,	,,695.0	,0.0	,0.0	,0.0	,0.0	,0.0	,0.0	,0.0	,695.0	,695.0	,	,	,****,****,****,****,,否,否,	,	,	,否,	,	,	,	,	,	,	,	,	,	,	,	,否,否,	,否,	,,	,否,	,否,,,否
云米智能AI门锁3D指纹密码蓝牙可连大容量续航家用公寓自动安全,251127-488500129280279,待发货,1	,正常,2025-11-27 14:15:37,2025-12-28 14:15:37,,	,	,743885774552	,"云米蓝调指纹密码锁LBT11C,黑色",1734954999916	,基础建材,智能门锁/电子锁,智能门锁/电子锁,	,6923185655381	,6923185655381	,已登记延迟发货 [viomi诺诺sk 11/27 14:20],	,无售后或售后取消,,2025-11-27 14:15:37,	,,,,,,,否,否,	,否,	,,661.0	,0.0	,40.0	,100.0	,0.0	,0.0	,0.0	,0.0	,521.0	,621.0	,	,	,广东省,深圳市,福田区,,,否,否,	,	,	,否,	,	,	,	,	,	,	,	,	,	,	,	,否,否,	,否,否,,	,否,	,否,,,否
云米小厨宝6L电热水器厨房卫生间出水恒温储水式小型速热神器加热,251127-438189452940578,已发货，待收货,1	,正常,2025-11-27 13:54:53,2025-11-28 13:54:53,,2025-11-27 17:01:30,	,208073193570	,热水即刻有-【6L】,1801828025682	,大家电,热水器,厨宝,	,6923185611233	,6923185611233	,	,	,无售后或售后取消,,2025-11-27 13:54:53,	,,,,,,,否,否,	,否,	,,253.0	,0.0	,0.0	,16.0	,0.0	,0.0	,0.0	,0.0	,237.0	,253.0	,JDV024291461321,京东大件物流,江苏省,苏州市,太仓市,,,否,否,	,	,	,否,	,	,	,	,	,	,	,	,	,	,	,	,否,否,	,否,否,,	,否,	,否,,,否
【重磅新品】云米净水器600G小海豚升级版厨下式RO反渗透直饮家用,251127-312706352730104,已发货，待收货,1	,正常,2025-11-27 13:23:58,2025-11-28 13:23:58,,2025-11-27 17:57:11,	,225501370546	,小海豚600G,1813468330532	,厨房电器,净水器/净水设备及配件耗材,净水器,	,6923185653684	,6923185616399	,	,	,无售后或售后取消,,2025-11-27 13:23:58,	,,,,,,,否,否,	,否,	,,559.0	,0.0	,0.0	,0.0	,0.0	,0.0	,0.0	,0.0	,559.0	,559.0	,JDV024291393890,京东大件物流,安徽省,亳州市,利辛县,,,否,否,	,	,	,否,	,	,	,	,	,	,	,	,	,	,	,	,否,否,	,否,否,,	,否,	,否,,,否
【重磅新品】云米净水器600G小海豚升级版厨下式RO反渗透直饮家用,251127-386997972570104,未发货，退款成功,1	,正常,2025-11-27 13:21:19,2025-11-28 13:21:19,,	,	,225501370546	,小海豚600G,1813468330532	,厨房电器,净水器/净水设备及配件耗材,净水器,	,6923185653684	,6923185616399	,聚水潭已取消发货  已退款  11.27,	,退款成功,,2025-11-27 13:21:19,	,,,,,,,否,否,	,否,	,,559.0	,0.0	,0.0	,0.0	,0.0	,0.0	,0.0	,0.0	,559.0	,559.0	,	,	,安徽省,亳州市,利辛县,,,否,否,	,	,	,否,	,	,	,	,	,	,	,	,	,	,	,	,否,否,	,否,否,,	,否,	,否,,,否
【重磅新品】云米净水器600G小海豚升级版厨下式RO反渗透直饮家用,251127-305974484570104,已取消,1	,正常,	,	,,	,	,225501370546	,小海豚600G,1813468330532	,厨房电器,净水器/净水设备及配件耗材,净水器,	,6923185653684	,6923185616399	,	,	,无售后或售后取消,,	,	,,,,,,,否,否,	,否,	,,559.0	,0.0	,0.0	,0.0	,0.0	,0.0	,0.0	,0.0	,559.0	,559.0	,	,	,****,****,****,****,,否,否,	,	,	,否,	,	,	,	,	,	,	,	,	,	,	,	,否,否,	,否,	,,	,否,	,否,,,否
云米全自动智能门锁人脸猫眼密码指纹安全防撬大屏锁已接入米家AP,251127-461908283742563,已收货，退款成功,1	,正常,2025-11-27 12:44:02,2025-11-28 12:44:03,,2025-11-27 20:29:10,2025-11-28 12:37:51,804409121514	,LBT16A【人脸猫眼】智能门锁,1778430742491	,基础建材,智能门锁/电子锁,智能门锁/电子锁,	,6923185652724	,	,晒单返50元=50仅退款 [viomi范范sk 11/28 12:58],	,退款成功,,2025-11-27 12:44:03,	,,,,,,,否,否,	,否,	,,849.0	,0.0	,0.0	,100.0	,0.0	,0.0	,0.0	,0.0	,749.0	,849.0	,JDV024292084633,京东大件物流,广东省,深圳市,龙华区,,,否,否,	,	,	,否,	,	,	,	,	,	,	,	,	,	,	,	,否,否,	,否,否,,	,否,	,否,,,否
【重磅新品】云米净水器600G小海豚升级版厨下式RO反渗透直饮家用,251127-183857385832120,已收货,1	,正常,2025-11-27 12:41:54,2025-11-28 12:41:54,,2025-11-27 17:01:30,2025-11-29 08:44:33,225501370546	,小海豚600G,1813468330532	,厨房电器,净水器/净水设备及配件耗材,净水器,	,6923185653684	,6923185616399	,	,	,无售后或售后取消,,2025-11-27 12:41:54,	,,,,,,,否,否,	,否,	,,559.0	,0.0	,0.0	,0.0	,0.0	,0.0	,0.0	,0.0	,559.0	,559.0	,JDV024290825578,京东大件物流,安徽省,阜阳市,界首市,,,否,否,	,	,	,否,	,	,	,	,	,	,	,	,	,	,	,	,否,否,	,否,否,,	,否,	,否,,,否
【重磅新品】云米净水器600G小海豚升级版厨下式RO反渗透直饮家用,251127-488164595232797,已发货，待收货,1	,正常,2025-11-27 12:36:46,2025-11-28 12:36:46,2025-11-28 23:59:59,2025-11-27 17:01:30,	,225501370546	,小海豚600G,1813468330532	,厨房电器,净水器/净水设备及配件耗材,净水器,	,6923185653684	,6923185616399	,	,	,无售后或售后取消,,2025-11-27 12:36:46,	,,,,,,,否,否,	,否,	,,559.0	,0.0	,0.0	,0.0	,1.11	,0.0	,0.0	,0.0	,559.0	,559.0	,JDV024290839501,京东大件物流,上海市,上海市,浦东新区,,,否,否,	,	,	,否,	,	,	,	,	,	,	,	,	,	,	,	,否,否,	,否,否,,	,否,	,否,,,否
【重磅新品】云米净水器600G小海豚升级版厨下式RO反渗透直饮家用,251127-139030761832120,已取消,1	,正常,	,	,,	,	,225501370546	,小海豚600G,1813468330532	,厨房电器,净水器/净水设备及配件耗材,净水器,	,6923185653684	,6923185616399	,	,	,无售后或售后取消,,	,	,,,,,,,否,否,	,否,	,,559.0	,0.0	,0.0	,0.0	,0.0	,0.0	,0.0	,0.0	,559.0	,559.0	,	,	,****,****,****,****,,否,否,	,	,	,否,	,	,	,	,	,	,	,	,	,	,	,	,否,否,	,否,	,,	,否,	,否,,,否
【重磅新品】云米净水器600G小海豚升级版厨下式RO反渗透直饮家用,251127-367609823570316,已取消,1	,正常,	,	,,	,	,225501370546	,小海豚600G,1813468330532	,厨房电器,净水器/净水设备及配件耗材,净水器,	,6923185653684	,6923185616399	,	,	,无售后或售后取消,,	,	,,,,,,,否,否,	,否,	,,559.0	,0.0	,0.0	,0.0	,0.0	,0.0	,0.0	,0.0	,559.0	,559.0	,	,	,****,****,****,****,,否,否,	,	,	,否,	,	,	,	,	,	,	,	,	,	,	,	,否,否,	,否,	,,	,否,	,否,,,否
【重磅新品】云米净水器600G小海豚升级版厨下式RO反渗透直饮家用,251127-170225887523217,已取消,1	,正常,	,	,,	,	,225501370546	,小海豚600G,1813468330532	,厨房电器,净水器/净水设备及配件耗材,净水器,	,6923185653684	,6923185616399	,	,	,无售后或售后取消,,	,	,,,,,,,否,否,	,否,	,,559.0	,0.0	,0.0	,0.0	,0.0	,0.0	,0.0	,0.0	,559.0	,559.0	,	,	,****,****,****,****,,否,否,	,	,	,否,	,	,	,	,	,	,	,	,	,	,	,	,否,否,	,否,	,,	,否,	,否,,,否
云米智能AI门锁3D指纹密码蓝牙可连大容量续航家用公寓自动安全,251127-252748777000681,已发货，待收货,1	,正常,2025-11-27 12:24:29,2025-11-28 12:24:30,,2025-11-27 15:12:54,	,743885774552	,"云米蓝调指纹密码锁LBT11C,黑色",1734954999916	,基础建材,智能门锁/电子锁,智能门锁/电子锁,	,6923185655381	,6923185655381	,	,	,无售后或售后取消,,2025-11-27 12:24:30,	,,,,,,,否,否,	,否,	,,661.0	,0.0	,76.0	,24.0	,5.61	,0.0	,0.0	,0.0	,561.0	,585.0	,JDV024288689247,京东大件物流,内蒙古自治区,赤峰市,松山区,,,否,否,	,	,	,否,	,	,	,	,	,	,	,	,	,	,	,	,否,否,	,否,否,,	,否,	,否,,,否
VIOMI云米净水器600G小蓝调厨下式RO反渗透直饮家用6年长效,251127-090439760301012,已发货，待收货,1	,正常,2025-11-27 12:13:39,2025-11-28 12:13:39,,2025-11-27 17:01:30,	,850883552953	,RO反渗透除去重金属,1811278299045	,厨房电器,净水器/净水设备及配件耗材,净水器,	,6923185653592	,6923185653592	,	,	,无售后或售后取消,,2025-11-27 12:13:39,	,,,,,,,否,否,	,否,	,,599.2	,0.0	,0.0	,83.88	,0.0	,0.0	,0.0	,0.0	,515.32	,599.2	,JDV024289791584,京东大件物流,山西省,长治市,郊区,,,否,否,	,	,	,否,	,	,	,	,	,	,	,	,	,	,	,	,否,否,	,否,否,,	,否,	,否,,,否
【重磅新品】云米净水器600G小海豚升级版厨下式RO反渗透直饮家用,251127-087461794172859,已取消,1	,正常,	,	,,	,	,225501370546	,小海豚600G,1813468330532	,厨房电器,净水器/净水设备及配件耗材,净水器,	,6923185653684	,6923185616399	,	,	,无售后或售后取消,,	,	,,,,,,,否,否,	,否,	,,559.0	,0.0	,0.0	,0.0	,0.0	,0.0	,0.0	,0.0	,559.0	,559.0	,	,	,****,****,****,****,,否,否,	,	,	,否,	,	,	,	,	,	,	,	,	,	,	,	,否,否,	,否,	,,	,否,	,否,,,否
VIOMI云米净水器600G小蓝调厨下式RO反渗透直饮家用6年长效,251127-592162362894010,已发货，待收货,1	,正常,2025-11-27 12:02:48,2025-11-28 12:02:48,,2025-11-27 17:01:31,	,850883552953	,RO反渗透除去重金属,1811278299045	,厨房电器,净水器/净水设备及配件耗材,净水器,	,6923185653592	,6923185653592	,	,	,无售后或售后取消,,2025-11-27 12:02:48,	,,,,,,,否,否,	,否,	,,599.2	,0.0	,0.0	,77.89	,0.0	,0.0	,0.0	,0.0	,521.31	,599.2	,JDV024288774549,京东大件物流,河北省,秦皇岛市,海港区,,,否,否,	,	,	,否,	,	,	,	,	,	,	,	,	,	,	,	,否,否,	,否,否,,	,否,	,否,,,否
云米水槽下水器垃圾处理器粉碎机下水道厨余搅碎机抑菌厨房家用,251127-140404375901871,已发货，待收货,1	,正常,2025-11-27 11:57:39,2025-11-28 11:57:39,,2025-11-27 17:01:31,	,852614628903	,【智能】厨余垃圾处理器,1812695452997	,厨房电器,食物垃圾处理机,食物垃圾处理机,	,6923185610250	,6923185610250	,	,	,无售后或售后取消,,2025-11-27 11:57:39,	,,,,,,,否,否,	,否,	,,889.0	,0.0	,48.0	,32.0	,1.17	,0.0	,0.0	,0.0	,809.0	,841.0	,JDV024289333801,京东大件物流,浙江省,丽水市,莲都区,,,否,否,	,	,	,否,	,	,	,	,	,	,	,	,	,	,	,	,否,否,	,否,否,,	,否,	,否,,,否
【重磅新品】云米净水器600G小海豚升级版厨下式RO反渗透直饮家用,251127-244307729981468,未发货，退款成功,1	,正常,2025-11-27 11:32:13,2025-11-28 11:32:13,,	,	,225501370546	,小海豚600G,1813468330532	,厨房电器,净水器/净水设备及配件耗材,净水器,	,6923185653684	,6923185616399	,聚水潭已取消发货  已退款  11.27,	,退款成功,,2025-11-27 11:32:13,	,,,,,,,否,否,	,否,	,,559.0	,0.0	,0.0	,0.0	,1.11	,0.0	,0.0	,0.0	,559.0	,559.0	,	,	,河南省,洛阳市,孟津区,,,否,否,	,	,	,否,	,	,	,	,	,	,	,	,	,	,	,	,否,否,	,否,否,,	,否,	,否,,,否
【重磅新品】云米净水器600G小海豚升级版厨下式RO反渗透直饮家用,251127-652518429080581,待发货,1	,正常,2025-11-27 11:29:56,2025-12-15 11:29:56,,	,	,225501370546	,小海豚600G,1813468330532	,厨房电器,净水器/净水设备及配件耗材,净水器,	,6923185653684	,6923185616399	,已登记延迟 [viomi范范sk 11/27 11:41],	,无售后或售后取消,,2025-11-27 11:29:56,	,,,,,,,否,否,	,否,	,,559.0	,0.0	,0.0	,50.0	,0.2	,0.0	,0.0	,0.0	,509.0	,559.0	,	,	,陕西省,西安市,灞桥区,,,否,否,	,	,	,否,	,	,	,	,	,	,	,	,	,	,	,	,否,否,	,否,否,,	,否,	,否,,,否
云米净水器滤芯小蓝调小海豚600G+专用复合滤芯RO反渗透滤芯过滤,251127-228390398393595,已发货，待收货,2	,正常,2025-11-27 11:17:37,2025-11-28 11:17:37,,2025-11-27 15:12:55,	,296967601341	,5in1复合滤芯 2年长效,1600193054565	,厨房电器,净水器/净水设备及配件耗材,净水器配件耗材,	,6923185627425	,	,补差后返 到手价198,	,无售后或售后取消,,2025-11-27 11:17:37,	,,,,,,,否,否,	,否,	,,598.0	,0.0	,5.98	,0.0	,0.0	,0.0	,0.0	,0.0	,592.02	,592.02	,JDV024288672893,京东大件物流,湖南省,长沙市,雨花区,,,否,否,	,	,	,否,	,	,	,	,	,	,	,	,	,	,	,	,否,否,	,否,否,,	,否,	,否,,,否
【重磅新品】云米净水器600G小海豚升级版厨下式RO反渗透直饮家用,251127-578373609913595,已发货，待收货,1	,正常,2025-11-27 11:09:53,2025-11-28 11:09:53,,2025-11-27 17:01:31,	,225501370546	,小海豚600G,1813468330532	,厨房电器,净水器/净水设备及配件耗材,净水器,	,6923185653684	,6923185616399	,	,	,无售后或售后取消,,2025-11-27 11:09:53,	,,,,,,,否,否,	,否,	,,559.0	,0.0	,0.0	,3.0	,0.0	,0.0	,0.0	,0.0	,556.0	,559.0	,JDV024288634563,京东大件物流,湖南省,长沙市,雨花区,,,否,否,	,	,	,否,	,	,	,	,	,	,	,	,	,	,	,	,否,否,	,否,否,,	,否,	,否,,,否
云米净水器滤芯小蓝调小海豚600G+专用复合滤芯RO反渗透滤芯过滤,251127-180963295673595,已发货，待收货,2	,正常,2025-11-27 11:09:21,2025-11-28 11:09:21,,2025-11-27 15:12:55,	,296967601341	,5in1复合滤芯 2年长效,1600193054565	,厨房电器,净水器/净水设备及配件耗材,净水器配件耗材,	,6923185627425	,	,补差后返 到手价99,	,无售后或售后取消,,2025-11-27 11:09:21,	,,,,,,,否,否,	,否,	,,598.0	,0.0	,5.98	,0.0	,0.0	,0.0	,0.0	,0.0	,592.02	,592.02	,JDV024288656495,京东大件物流,湖南省,长沙市,雨花区,,,否,否,	,	,	,否,	,	,	,	,	,	,	,	,	,	,	,	,否,否,	,否,否,,	,否,	,否,,,否
云米3000W速热电热水器家用浴室免换镁棒一级能效抑菌内胆免清洗,251127-082994808393675,已发货，待收货,1	,正常,2025-11-27 11:06:23,2025-11-28 11:06:23,,2025-11-27 17:01:31,	,369876178838	,速热3000W免换镁棒电热水器60L,1799960621871	,大家电,热水器,电热水器,	,6923185611899	,6923185611882	,	,	,无售后或售后取消,,2025-11-27 11:06:23,	,,,,,,,否,否,	,否,	,,790.0	,0.0	,36.0	,24.0	,0.0	,0.0	,0.0	,0.0	,730.0	,754.0	,JDV024289033921,京东大件物流,山东省,临沂市,兰山区,,,否,否,	,	,	,否,	,	,	,	,	,	,	,	,	,	,	,	,否,否,	,否,否,,	,否,	,否,,,否
云米净水器滤芯小蓝调小海豚600G+专用复合滤芯RO反渗透滤芯过滤,251127-584644104633595,已取消,2	,正常,	,	,,	,	,296967601341	,5in1复合滤芯 2年长效,1600193054565	,厨房电器,净水器/净水设备及配件耗材,净水器配件耗材,	,6923185627425	,	,	,	,无售后或售后取消,,	,	,,,,,,,否,否,	,否,	,,598.0	,0.0	,5.98	,3.0	,0.0	,0.0	,0.0	,0.0	,589.02	,592.02	,	,	,****,****,****,****,,否,否,	,	,	,否,	,	,	,	,	,	,	,	,	,	,	,	,否,否,	,否,	,,	,否,	,否,,,否
【重磅新品】云米净水器600G小海豚升级版厨下式RO反渗透直饮家用,251127-111746814393177,已发货，待收货,1	,正常,2025-11-27 10:53:46,2025-11-28 10:53:46,,2025-11-27 17:01:32,	,225501370546	,小海豚600G,1813468330532	,厨房电器,净水器/净水设备及配件耗材,净水器,	,6923185653684	,6923185616399	,	,	,无售后或售后取消,,2025-11-27 10:53:46,	,,,,,,,否,否,	,否,	,,559.0	,0.0	,0.0	,0.0	,1.11	,0.0	,0.0	,0.0	,559.0	,559.0	,JDV024288654560,京东大件物流,广东省,惠州市,惠阳区,,,否,否,	,	,	,否,	,	,	,	,	,	,	,	,	,	,	,	,否,否,	,否,否,,	,否,	,否,,,否
云米净水器滤芯小蓝调小海豚600G+专用复合滤芯RO反渗透滤芯过滤,251127-169166825823461,已发货，待收货,1	,正常,2025-11-27 10:52:23,2025-11-28 10:52:23,,2025-11-27 15:12:55,	,296967601341	,5in1复合滤芯 2年长效,1600193054565	,厨房电器,净水器/净水设备及配件耗材,净水器配件耗材,	,6923185627425	,	,补差后返 到手价99,	,无售后或售后取消,,2025-11-27 10:52:23,	,,,,,,,否,否,	,否,	,,299.0	,0.0	,0.0	,0.0	,0.0	,0.0	,0.0	,0.0	,299.0	,299.0	,JDV024286214016,京东大件物流,河北省,廊坊市,安次区,,,否,否,	,	,	,否,	,	,	,	,	,	,	,	,	,	,	,	,否,否,	,否,否,,	,否,	,否,,,否
云米净水器滤芯小蓝调小海豚600G+专用复合滤芯RO反渗透滤芯过滤,251127-188376727903461,已发货，待收货,1	,正常,2025-11-27 10:52:05,2025-11-28 10:52:06,,2025-11-27 15:12:55,	,296967601341	,5in1复合滤芯 2年长效,1600193054565	,厨房电器,净水器/净水设备及配件耗材,净水器配件耗材,	,6923185627425	,	,补差后返 到手价99,	,无售后或售后取消,,2025-11-27 10:52:06,	,,,,,,,否,否,	,否,	,,299.0	,0.0	,0.0	,0.0	,0.0	,0.0	,0.0	,0.0	,299.0	,299.0	,JDV024286284502,京东大件物流,河北省,廊坊市,安次区,,,否,否,	,	,	,否,	,	,	,	,	,	,	,	,	,	,	,	,否,否,	,否,否,,	,否,	,否,,,否
【重磅新品】云米净水器600G小海豚升级版厨下式RO反渗透直饮家用,251127-490073014713595,已发货，待收货,1	,正常,2025-11-27 10:47:35,2025-11-28 10:47:35,,2025-11-27 17:01:31,	,225501370546	,小海豚600G,1813468330532	,厨房电器,净水器/净水设备及配件耗材,净水器,	,6923185653684	,6923185616399	,	,	,无售后或售后取消,,2025-11-27 10:47:35,	,,,,,,,否,否,	,否,	,,559.0	,0.0	,0.0	,3.0	,1.11	,0.0	,0.0	,0.0	,556.0	,559.0	,JDV024288672337,京东大件物流,湖南省,长沙市,雨花区,,,否,否,	,	,	,否,	,	,	,	,	,	,	,	,	,	,	,	,否,否,	,否,否,,	,否,	,否,,,否
云米顶侧双吸烟灶套装22m³大吸力抽油烟机聚能猛火灶节能燃气家用,251127-160432197992159,已发货，待收货,1	,正常,2025-11-27 10:42:13,2025-11-28 10:42:13,,2025-11-27 15:12:55,	,382839923175	,【两件套】顶侧双吸烟机+5.2KW灶（天）,1743705224006	,大家电,厨房大电,烟灶消套装,	,S2309261029001,蓝调套装,差价1299-1169=130待 [viomi莉莉sk 11/28 16:27],	,无售后或售后取消,,2025-11-27 10:42:13,	,,,,,,,否,否,	,否,	,,1299.0	,0.0	,0.0	,0.0	,0.0	,0.0	,0.0	,0.0	,1299.0	,1299.0	,JDV024285973749,京东大件物流,山西省,吕梁市,孝义市,,,否,否,	,	,	,否,	,	,	,	,	,	,	,	,	,	,	,	,否,否,	,否,否,,	,否,	,否,,,否
【冷热直饮套装】云米净水器家用厨下管线机套装一键即热制冷直饮,251127-560380045632712,已发货，待收货,1	,正常,2025-11-27 10:38:20,2025-11-28 10:38:20,,2025-11-27 17:01:31,	,480070620581	,【冷热净水直饮套装】新品净水器+冷热管线机,1620106386127	,厨房电器,净水器/净水设备及配件耗材,净水器,	,S2407170910001,	,后返，送炊大皇汤锅,	,无售后或售后取消,,2025-11-27 10:38:20,	,,,,,,,否,否,	,否,	,,1434.0	,0.0	,0.0	,50.0	,2.76	,0.0	,0.0	,0.0	,1384.0	,1434.0	,JDV024288667780,京东大件物流,湖北省,武汉市,蔡甸区,,,否,否,	,	,	,否,	,	,	,	,	,	,	,	,	,	,	,	,否,否,	,否,否,,	,否,	,否,,,否
云米小厨宝6L电热水器厨房卫生间出水恒温储水式小型速热神器加热,251127-091572170293058,已发货，待收货,1	,正常,2025-11-27 10:32:42,2025-11-28 10:32:42,,2025-11-27 17:01:32,	,208073193570	,热水即刻有-【6L】,1801828025682	,大家电,热水器,厨宝,	,6923185611233	,6923185611233	,	,	,无售后或售后取消,,2025-11-27 10:32:42,	,,,,,,,否,否,	,否,	,,253.0	,0.0	,0.0	,0.0	,0.0	,0.0	,0.0	,0.0	,253.0	,253.0	,JDV024288666406,京东大件物流,广东省,梅州市,蕉岭县,,,否,否,	,	,	,否,	,	,	,	,	,	,	,	,	,	,	,	,否,否,	,否,否,,	,否,	,否,,,否
云米净水器滤芯家用小海豚小蓝调小白龙系列专用RO反渗透,251127-297837534833870,已收货，退款成功,1	,正常,2025-11-27 10:30:02,2025-11-29 10:30:02,,2025-11-27 15:12:55,2025-11-28 13:44:51,232467205433	,5in1 复合滤芯,1647394585330	,厨房电器,净水器/净水设备及配件耗材,净水器配件耗材,	,6923185627425	,	,后返，到手价109==【补差】仅退款40 [viomi英英sk 11/28 13:47],	,退款成功,,2025-11-27 10:30:02,	,,,,,,,否,否,	,否,	,,149.0	,0.0	,0.0	,0.0	,0.0	,0.0	,0.0	,0.0	,149.0	,149.0	,JDV024285491170,京东大件物流,天津市,天津市,河北区,,,否,否,	,	,	,否,	,	,	,	,	,	,	,	,	,	,	,	,否,否,	,否,否,,	,否,	,否,,,否
云米全自动智能马桶2Pro一体座圈加热妇洗泡沫盾抗菌可冲洗带水箱,251127-128429626910406,已发货，待收货,1	,正常,2025-11-27 10:07:11,2025-11-28 10:07:11,,2025-11-27 19:11:46,	,248791771968	,"300mm,【大冲力】多种冲洗模式",1752476543651	,家装主材,卫浴陶瓷,智能坐便器,	,6923185654575	,	,ZX2511270061303=18168813666 安装 [viomi范范sk 11/28 16:03],	,无售后或售后取消,,2025-11-27 10:07:11,	,,,,,,,否,否,	,否,	,,2373.0	,0.0	,143.0	,100.0	,0.0	,0.0	,0.0	,0.0	,2130.0	,2230.0	,JDLD12917562098,京东大件物流,江苏省,常州市,钟楼区,,,否,否,	,	,	,否,	,	,	,	,	,	,	,	,	,	,	,	,否,否,	,否,否,,	,否,	,否,,,否
云米即热净水器厨房家用直饮RO反渗透加热净饮一体机1000G,251127-402191870381233,待发货,1	,正常,2025-11-27 10:05:09,2025-11-28 10:05:09,,	,	,846360072018	,即热直饮 1000G大通量,1807240839093	,厨房电器,净水器/净水设备及配件耗材,净水器,	,6923185651116	,6923185651116	,待提供大陆手机号,	,无售后或售后取消,,2025-11-27 10:05:09,	,,,,,,,否,否,	,否,中国香港集运/转运,,1498.0	,0.0	,60.0	,40.0	,0.0	,0.0	,0.0	,0.0	,1398.0	,1438.0	,	,	,广东省,珠海市,香洲区,,,否,否,	,	,	,否,	,	,	,	,	,	,	,	,	,	,	,	,否,否,	,否,否,,	,否,	,否,,,否
云米22m³顶侧大吸力蓝调低噪油烟机猛火天燃气灶智能套装家用厨房,251127-535266640213136,已发货，待收货,1	,正常,2025-11-27 10:04:24,2025-11-28 10:04:24,,2025-11-27 19:40:51,	,388827922980	,【烟灶套装】顶侧双吸+5.0猛火灶（天）,1752816957652	,大家电,厨房大电,烟灶消套装,	,S2405071349001,S2409261025001,ZX2511270061303,	,无售后或售后取消,,2025-11-27 10:04:24,	,,,,,,,否,否,	,否,中国新疆中转,,1199.0	,0.0	,60.0	,40.0	,0.0	,0.0	,0.0	,0.0	,1099.0	,1139.0	,JDV024287404220,京东大件物流,陕西省,咸阳市,渭城区,,,否,否,	,	,	,否,	,	,	,	,	,	,	,	,	,	,	,	,否,否,	,否,否,,	,否,	,否,,,否
【重磅新品】云米净水器600G小海豚升级版厨下式RO反渗透直饮家用,251127-668624504363312,已取消,1	,正常,	,	,,	,	,225501370546	,小海豚600G,1813468330532	,厨房电器,净水器/净水设备及配件耗材,净水器,	,6923185653684	,6923185616399	,	,	,无售后或售后取消,,	,	,,,,,,,否,否,	,否,	,,559.0	,0.0	,0.0	,5.0	,0.0	,0.0	,0.0	,0.0	,554.0	,559.0	,	,	,****,****,****,****,,否,否,	,	,	,否,	,	,	,	,	,	,	,	,	,	,	,	,否,否,	,否,	,,	,否,	,否,,,否
【母婴直饮】云米净水器 SE 600G+ 新升级厨下式RO反渗透直饮家用,251127-541946037841695,已取消,1	,正常,	,	,,	,	,819506595979	,【24年新品】600G升级版6年长效,1787046011387	,厨房电器,净水器/净水设备及配件耗材,净水器,	,6923185653684	,6923185616399	,	,	,无售后或售后取消,,	,	,,,,,,,否,否,	,否,	,,748.0	,0.0	,133.14	,82.28	,0.0	,0.0	,0.0	,0.0	,532.58	,614.86	,	,	,****,****,****,****,,否,否,	,	,	,否,	,	,	,	,	,	,	,	,	,	,	,	,否,否,	,否,	,,	,否,	,否,,,否
【重磅新品】云米净水器600G小海豚升级版厨下式RO反渗透直饮家用,251127-422639050252684,已发货，待收货,1	,正常,2025-11-27 09:46:41,2025-11-28 09:46:41,,2025-11-27 15:12:54,	,225501370546	,小海豚600G,1813468330532	,厨房电器,净水器/净水设备及配件耗材,净水器,	,6923185653684	,6923185616399	,	,	,无售后或售后取消,,2025-11-27 09:46:41,	,,,,,,,否,否,	,否,	,,559.0	,0.0	,0.0	,0.0	,5.0	,0.0	,0.0	,0.0	,559.0	,559.0	,JDV024287179595,京东大件物流,河南省,许昌市,长葛市,,,否,否,	,	,	,否,	,	,	,	,	,	,	,	,	,	,	,	,否,否,	,否,否,,	,否,	,否,,,否
云米AI燃气热水器 智控恒温防冻节能安全水质净化精准控温13L强排,251127-191616838070240,已发货，待收货,1	,正常,2025-11-27 09:42:54,2026-02-26 09:42:54,,2025-11-27 15:12:54,	,774960777953	,智控恒温燃气热水器,1756760299679	,大家电,热水器,燃气热水器,	,6923185655688	,6923185655688	,已登记延发 [viomi诺诺sk 11/27 09:52],	,无售后或售后取消,,2025-11-27 09:42:54,	,,,,,,,否,否,	,否,	,,559.0	,0.0	,0.0	,61.49	,0.0	,0.0	,0.0	,0.0	,497.51	,559.0	,JDV024288205858,京东大件物流,江西省,景德镇市,珠山区,,,否,否,	,	,	,否,	,	,	,	,	,	,	,	,	,	,	,	,否,否,	,否,否,,	,否,	,否,,,否
云米无线手持吸尘器家用立式除螨大吸力吸尘机A9长续航宠物家庭,251127-375893573951103,已取消,1	,正常,	,	,,	,	,823432069145	,云米吸尘器【长续航】,1789783831646	,生活电器,吸尘器,吸尘器,	,6923185611844	,6923185611844	,	,	,无售后或售后取消,,	,	,,,,,,,否,否,	,否,	,,602.0	,0.0	,36.0	,24.0	,0.0	,0.0	,0.0	,0.0	,542.0	,566.0	,	,	,****,****,****,****,,否,否,	,	,	,否,	,	,	,	,	,	,	,	,	,	,	,	,否,否,	,否,	,,	,否,	,否,,,否
【母婴直饮】云米净水器 SE 600G+ 新升级厨下式RO反渗透直饮家用,251127-048182074902469,未发货，退款成功,1	,正常,2025-11-27 09:40:02,2025-11-28 09:40:02,,	,	,819506595979	,【24年新品】600G升级版6年长效,1787046011387	,厨房电器,净水器/净水设备及配件耗材,净水器,	,6923185653684	,6923185616399	,聚水潭已取消发货  已退款  11.27,	,退款成功,,2025-11-27 09:40:02,	,,,,,,,否,否,	,否,	,,748.0	,0.0	,130.15	,97.24	,0.0	,0.0	,0.0	,0.0	,520.61	,617.85	,	,	,广东省,广州市,白云区,,,否,否,	,	,	,否,	,	,	,	,	,	,	,	,	,	,	,	,否,否,	,否,否,,	,否,	,否,,,否
【母婴直饮】云米净水器 SE 600G+ 新升级厨下式RO反渗透直饮家用,251127-303552274040875,已取消,1	,正常,	,	,,	,	,819506595979	,【24年新品】600G升级版6年长效,1787046011387	,厨房电器,净水器/净水设备及配件耗材,净水器,	,6923185653684	,6923185616399	,	,	,无售后或售后取消,,	,	,,,,,,,否,否,	,否,	,,748.0	,0.0	,139.6	,50.0	,0.0	,0.0	,0.0	,0.0	,558.4	,608.4	,	,	,****,****,****,****,,否,否,	,	,	,否,	,	,	,	,	,	,	,	,	,	,	,	,否,否,	,否,	,,	,否,	,否,,,否
VIOMI云米净水器600G小蓝调厨下式RO反渗透直饮家用6年长效,251127-433292654911424,已取消,1	,正常,	,	,,	,	,850883552953	,RO反渗透除去重金属,1811278299045	,厨房电器,净水器/净水设备及配件耗材,净水器,	,6923185653592	,6923185653592	,	,	,无售后或售后取消,,	,	,,,,,,,否,否,	,否,	,,599.2	,0.0	,0.0	,50.0	,0.0	,0.0	,0.0	,0.0	,549.2	,599.2	,	,	,****,****,****,****,,否,否,	,	,	,否,	,	,	,	,	,	,	,	,	,	,	,	,否,否,	,否,	,,	,否,	,否,,,否
云米小厨宝6L电热水器厨房卫生间出水恒温储水式小型速热神器加热,251127-160757204582541,已取消,1	,正常,	,	,,	,	,208073193570	,热水即刻有-【6L】,1801828025682	,大家电,热水器,厨宝,	,6923185611233	,6923185611233	,	,	,无售后或售后取消,,	,	,,,,,,,否,否,	,否,	,,253.0	,0.0	,0.0	,50.0	,0.0	,0.0	,0.0	,0.0	,203.0	,253.0	,	,	,****,****,****,****,,否,否,	,	,	,否,	,	,	,	,	,	,	,	,	,	,	,	,否,否,	,否,	,,	,否,	,否,,,否
云米顶侧大吸力蓝调油烟机家用厨房节能自清洁一级能效可挥手智控,251127-593022185053542,已取消,1	,正常,	,	,,	,	,657344402006	,云米智清洁挥手智控单烟机,1723825075586	,大家电,厨房大电,油烟机,	,6923185650973	,6923185650973	,	,	,无售后或售后取消,,	,	,,,,,,,否,否,	,否,	,,779.0	,0.0	,0.0	,100.0	,0.0	,0.0	,0.0	,0.0	,679.0	,779.0	,	,	,****,****,****,****,,否,否,	,	,	,否,	,	,	,	,	,	,	,	,	,	,	,	,否,否,	,否,	,,	,否,	,否,,,否
【6年套装】云米净水器600G小海豚升级版厨下式RO反渗透直饮家用,251127-263203069533666,未发货，退款成功,1	,审核中，请勿发货,2025-11-27 09:12:37,2025-11-28 09:12:37,,	,	,852932116812	,小海豚600G+6年滤芯套装,1812983769340	,厨房电器,净水器/净水设备及配件耗材,净水器,	,S2508151538001,	,聚水潭已取消发货  已退款  11.27,	,退款成功,,2025-11-27 09:12:37,	,,,,,,,否,否,	,否,	,,695.0	,0.0	,0.0	,50.0	,0.0	,0.0	,0.0	,0.0	,645.0	,695.0	,	,	,安徽省,芜湖市,鸠江区,,,否,否,	,	,	,否,	,	,	,	,	,	,	,	,	,	,	,	,否,否,	,否,	,,	,否,	,否,,,否
VIOMI云米净水器大通量小海豚800G反渗透RO厨下式家用长效滤芯,251127-313859806801695,未发货，退款成功,1	,正常,2025-11-27 09:06:51,2025-11-28 09:06:51,,	,	,837957770723	,800G大通量纯水机,1809123722986	,厨房电器,净水器/净水设备及配件耗材,净水器,	,6923185653974	,	,聚水潭已取消发货  已退款  11.27,	,退款成功,,2025-11-27 09:06:51,	,,,,,,,否,否,	,否,	,,749.0	,0.0	,0.0	,82.39	,0.0	,0.0	,0.0	,0.0	,666.61	,749.0	,	,	,山东省,泰安市,新泰市,,,否,否,	,	,	,否,	,	,	,	,	,	,	,	,	,	,	,	,否,否,	,否,否,,	,否,	,否,,,否
VIOMI云米净水器大通量小海豚800G反渗透RO厨下式家用长效滤芯,251127-289270699601695,未发货，退款成功,1	,正常,2025-11-27 09:04:42,2025-11-28 09:04:42,,	,	,837957770723	,800G大通量纯水机,1809123722986	,厨房电器,净水器/净水设备及配件耗材,净水器,	,6923185653974	,	,聚水潭已取消发货  已退款  11.27,	,退款成功,,2025-11-27 09:04:42,	,,,,,,,否,否,	,否,	,,749.0	,0.0	,0.0	,82.39	,0.0	,0.0	,0.0	,0.0	,666.61	,749.0	,	,	,山东省,泰安市,新泰市,,,否,否,	,	,	,否,	,	,	,	,	,	,	,	,	,	,	,	,否,否,	,否,否,,	,否,	,否,,,否
VIOMI云米净水器600G小蓝调厨下式RO反渗透直饮家用6年长效,251127-156028126832391,已收货,1	,正常,2025-11-27 09:08:27,2025-11-28 09:08:28,,2025-11-27 15:12:55,2025-11-28 17:23:52,850883552953	,RO反渗透除去重金属,1811278299045	,厨房电器,净水器/净水设备及配件耗材,净水器,	,6923185653592	,6923185653592	,	,	,无售后或售后取消,,2025-11-27 09:08:28,	,,,,,,,否,否,	,否,	,,599.2	,0.0	,0.0	,100.0	,0.0	,0.0	,0.0	,0.0	,499.2	,599.2	,JDV024287156216,京东大件物流,河北省,保定市,容城县,,,否,否,	,	,	,否,	,	,	,	,	,	,	,	,	,	,	,	,否,否,	,否,否,,	,否,	,否,,,否
云米即热净水器厨房家用直饮RO反渗透加热净饮一体机1000G,251127-171882585651754,已发货，待收货,1	,正常,2025-11-27 08:56:38,2025-11-28 08:56:38,,2025-11-27 17:01:32,	,364990106384	,即热直饮 1000G大通量,1455593712429	,厨房电器,净水器/净水设备及配件耗材,净水器,	,6923185651116	,6923185651116	,	,	,无售后或售后取消,,2025-11-27 08:56:38,	,,,,,,,否,否,	,否,	,,1295.0	,0.0	,0.0	,0.0	,0.0	,0.0	,0.0	,0.0	,1295.0	,1295.0	,JDV024283904345,京东大件物流,四川省,成都市,简阳市,,,否,否,	,	,	,否,	,	,	,	,	,	,	,	,	,	,	,	,否,否,	,否,否,,	,否,	,否,,,否
云米小厨宝6L电热水器厨房卫生间出水恒温储水式小型速热神器加热,251127-685475130941715,未发货，退款成功,1	,正常,2025-11-27 08:56:18,2025-11-28 08:56:18,2025-11-29 23:59:59,	,	,208073193570	,热水即刻有-【6L】,1801828025682	,大家电,热水器,厨宝,	,6923185611233	,6923185611233	,聚水潭已取消发货  已退款  11.27,	,退款成功,,2025-11-27 08:56:18,	,,,,,,,否,否,	,否,	,,253.0	,0.0	,0.0	,50.0	,0.2	,0.0	,0.0	,0.0	,203.0	,253.0	,	,	,江苏省,南通市,海门区,,,否,否,	,	,	,否,	,	,	,	,	,	,	,	,	,	,	,	,否,否,	,否,否,,	,否,	,否,,,否
云米AI油烟机双腔大吸力Smart双腔一级能效23m³大风压智清洁节能,251127-649781593693542,已取消,1	,正常,	,	,,	,	,857557599349	,双腔深拢吸油烟机,1816789031904	,大家电,厨房大电,油烟机,	,6923185649229	,6923185649229	,	,	,无售后或售后取消,,	,	,,,,,,,否,否,	,否,	,,779.0	,0.0	,0.0	,100.0	,0.0	,0.0	,0.0	,0.0	,679.0	,779.0	,	,	,****,****,****,****,,否,否,	,	,	,否,	,	,	,	,	,	,	,	,	,	,	,	,否,否,	,否,	,,	,否,	,否,,,否
VIOMI云米净水器600G小蓝调厨下式RO反渗透直饮家用6年长效,251127-399748656732163,未发货，退款成功,1	,正常,2025-11-27 08:44:26,2025-11-28 08:44:26,,	,	,850883552953	,RO反渗透除去重金属,1811278299045	,厨房电器,净水器/净水设备及配件耗材,净水器,	,6923185653592	,6923185653592	,聚水潭已取消发货  已退款  11.27,	,退款成功,,2025-11-27 08:44:26,	,,,,,,,否,否,	,否,	,,599.2	,0.0	,0.0	,100.0	,0.0	,0.0	,0.0	,0.0	,499.2	,599.2	,	,	,广东省,深圳市,坪山区,,,否,否,	,	,	,否,	,	,	,	,	,	,	,	,	,	,	,	,否,否,	,否,否,,	,否,	,否,,,否
VIOMI云米净水器1000G厨下直饮小体积净水机RO机智显龙头3秒满杯,251127-285653154182684,已发货，待收货,1	,正常,2025-11-27 08:39:44,2025-11-28 08:39:45,,2025-11-27 17:01:32,	,842195971715	,1000G大通量RO净水器,1803617356458	,厨房电器,净水器/净水设备及配件耗材,净水器,	,6923185654247	,	,	,	,无售后或售后取消,,2025-11-27 08:39:45,	,,,,,,,否,否,	,否,	,,823.0	,0.0	,50.0	,0.0	,8.0	,0.0	,0.0	,0.0	,773.0	,773.0	,JDV024288666567,京东大件物流,河南省,洛阳市,洛龙区,,,否,否,	,	,	,否,	,	,	,	,	,	,	,	,	,	,	,	,否,否,	,否,否,,	,否,	,否,,,否
云米顶侧大吸力蓝调油烟机家用厨房节能自清洁一级能效可挥手智控,251127-361926499913457,已发货，待收货,1	,正常,2025-11-27 08:32:55,2025-11-28 08:32:56,,2025-11-27 15:12:55,	,657344402006	,云米智清洁挥手智控单烟机,1723825075586	,大家电,厨房大电,油烟机,	,6923185650973	,6923185650973	,	,	,无售后或售后取消,,2025-11-27 08:32:56,	,,,,,,,否,否,	,否,	,,779.0	,0.0	,36.0	,24.0	,0.0	,0.0	,0.0	,0.0	,719.0	,743.0	,JDV024286448472,京东大件物流,上海市,上海市,奉贤区,,,否,否,	,	,	,否,	,	,	,	,	,	,	,	,	,	,	,	,否,否,	,否,否,,	,否,	,否,,,否
云米顶侧大吸力蓝调油烟机家用厨房节能自清洁一级能效可挥手智控,251127-662574272893466,已取消,1	,正常,	,	,,	,	,657344402006	,云米智清洁挥手智控单烟机,1723825075586	,大家电,厨房大电,油烟机,	,6923185650973	,6923185650973	,	,	,无售后或售后取消,,	,	,,,,,,,否,否,	,否,	,,779.0	,0.0	,0.0	,75.0	,0.0	,0.0	,0.0	,0.0	,704.0	,779.0	,	,	,****,****,****,****,,否,否,	,	,	,否,	,	,	,	,	,	,	,	,	,	,	,	,否,否,	,否,	,,	,否,	,否,,,否
【重磅新品】云米净水器600G小海豚升级版厨下式RO反渗透直饮家用,251127-610093044053518,已取消,1	,正常,	,	,,	,	,225501370546	,小海豚600G,1813468330532	,厨房电器,净水器/净水设备及配件耗材,净水器,	,6923185653684	,6923185616399	,	,	,无售后或售后取消,,	,	,,,,,,,否,否,	,否,	,,559.0	,0.0	,0.0	,0.0	,0.0	,0.0	,0.0	,0.0	,559.0	,559.0	,	,	,****,****,****,****,,否,否,	,	,	,否,	,	,	,	,	,	,	,	,	,	,	,	,否,否,	,否,	,,	,否,	,否,,,否
【重磅新品】云米净水器600G小海豚升级版厨下式RO反渗透直饮家用,251127-040359718471725,已发货，待收货,1	,正常,2025-11-27 08:14:32,2025-11-28 08:14:33,,2025-11-27 15:12:55,	,225501370546	,小海豚600G,1813468330532	,厨房电器,净水器/净水设备及配件耗材,净水器,	,6923185653684	,6923185616399	,	,	,无售后或售后取消,,2025-11-27 08:14:33,	,,,,,,,否,否,	,否,	,,559.0	,0.0	,0.0	,0.0	,0.2	,0.0	,0.0	,0.0	,559.0	,559.0	,JDV024286196283,京东大件物流,山东省,日照市,莒县,,,否,否,	,	,	,否,	,	,	,	,	,	,	,	,	,	,	,	,否,否,	,否,否,,	,否,	,否,,,否
【重磅新品】云米净水器600G小海豚升级版厨下式RO反渗透直饮家用,251127-255967915570059,已发货，待收货,1	,正常,2025-11-27 08:13:44,2025-11-28 08:13:44,,2025-11-27 15:12:55,	,225501370546	,小海豚600G,1813468330532	,厨房电器,净水器/净水设备及配件耗材,净水器,	,6923185653684	,6923185616399	,	,	,无售后或售后取消,,2025-11-27 08:13:44,	,,,,,,,否,否,	,否,	,,559.0	,0.0	,0.0	,0.0	,0.0	,0.0	,0.0	,0.0	,559.0	,559.0	,JDV024285959285,京东大件物流,辽宁省,本溪市,平山区,,,否,否,	,	,	,否,	,	,	,	,	,	,	,	,	,	,	,	,否,否,	,否,否,,	,否,	,否,,,否
云米净水器滤芯家用小海豚小蓝调小白龙系列专用RO反渗透,251127-349909829263461,已发货，待收货,1	,正常,2025-11-27 08:03:19,2025-11-29 08:03:19,,2025-11-27 15:12:58,	,232467205433	,5in1 复合滤芯,1647394585330	,厨房电器,净水器/净水设备及配件耗材,净水器配件耗材,	,6923185627425	,	,	,	,无售后或售后取消,,2025-11-27 08:03:19,	,,,,,,,否,否,	,否,	,,149.0	,0.0	,0.0	,0.0	,0.0	,0.0	,0.0	,0.0	,149.0	,149.0	,JDV024282913526,京东大件物流,广东省,佛山市,禅城区,,,否,否,	,	,	,否,	,	,	,	,	,	,	,	,	,	,	,	,否,否,	,否,否,,	,否,	,否,,,否
【重磅新品】云米净水器600G小海豚升级版厨下式RO反渗透直饮家用,251127-502404288923208,已发货，待收货,1	,正常,2025-11-27 07:57:07,2025-11-28 07:57:08,,2025-11-27 15:12:56,	,225501370546	,小海豚600G,1813468330532	,厨房电器,净水器/净水设备及配件耗材,净水器,	,6923185653684	,6923185616399	,	,	,无售后或售后取消,,2025-11-27 07:57:08,	,,,,,,,否,否,	,否,	,,559.0	,0.0	,0.0	,0.0	,0.0	,0.0	,0.0	,0.0	,559.0	,559.0	,JDV024284470588,京东大件物流,山东省,潍坊市,奎文区,,,否,否,	,	,	,否,	,	,	,	,	,	,	,	,	,	,	,	,否,否,	,否,否,,	,否,	,否,,,否
云米净水器滤芯家用小海豚小蓝调小白龙系列专用RO反渗透,251127-435201021593549,已发货，待收货,1	,正常,2025-11-27 07:50:47,2025-11-29 07:50:47,,2025-11-27 15:12:56,	,232467205433	,5in1 复合滤芯,1647394585330	,厨房电器,净水器/净水设备及配件耗材,净水器配件耗材,	,6923185627425	,	,	,	,无售后或售后取消,,2025-11-27 07:50:47,	,,,,,,,否,否,	,否,	,,149.0	,0.0	,0.0	,0.0	,0.19	,0.0	,0.0	,0.0	,149.0	,149.0	,JDV024286468003,京东大件物流,江西省,九江市,浔阳区,,,否,否,	,	,	,否,	,	,	,	,	,	,	,	,	,	,	,	,否,否,	,否,否,,	,否,	,否,,,否
【母婴直饮】云米净水器 SE 600G+ 新升级厨下式RO反渗透直饮家用,251127-636884171172766,已发货，待收货,1	,正常,2025-11-27 07:35:14,2025-11-28 07:35:14,,2025-11-27 15:12:57,	,819506595979	,【24年新品】600G升级版6年长效,1787046011387	,厨房电器,净水器/净水设备及配件耗材,净水器,	,6923185653684	,6923185616399	,	,	,无售后或售后取消,,2025-11-27 07:35:14,	,,,,,,,否,否,	,否,	,,748.0	,0.0	,149.6	,0.0	,0.0	,0.0	,0.0	,0.0	,598.4	,598.4	,JDV024282913453,京东大件物流,河南省,洛阳市,洛龙区,,,否,否,	,	,	,否,	,	,	,	,	,	,	,	,	,	,	,	,否,否,	,否,否,,	,否,	,否,,,否
云米AI燃气热水器 智控恒温防冻节能安全水质净化精准控温13L强排,251127-162413986192666,已取消,1	,正常,	,	,,	,	,774960777953	,智控恒温燃气热水器,1756760299679	,大家电,热水器,燃气热水器,	,6923185655688	,6923185655688	,	,	,无售后或售后取消,,	,	,,,,,,,否,否,	,否,	,,559.0	,0.0	,0.0	,0.0	,0.0	,0.0	,0.0	,0.0	,559.0	,559.0	,	,	,****,****,****,****,,否,否,	,	,	,否,	,	,	,	,	,	,	,	,	,	,	,	,否,否,	,否,	,,	,否,	,否,,,否
云米F3 1000G尼莫蓝/S2/Q5/X2系列净水器净饮机滤芯家用通用系列,251127-421317906741001,已取消,1	,正常,	,	,,	,	,291141614396	,F3 5合1（更多适用型号见图）,1360766685918	,厨房电器,净水器/净水设备及配件耗材,净水器配件耗材,	,6923185614258	,	,	,	,无售后或售后取消,,	,	,,,,,,,否,否,	,否,	,,156.0	,0.0	,10.0	,20.0	,0.0	,0.0	,0.0	,0.0	,126.0	,146.0	,	,	,****,****,****,****,,否,否,	,	,	,否,	,	,	,	,	,	,	,	,	,	,	,	,否,否,	,否,	,,	,否,	,否,,,否
VIOMI云米净水器1000G厨下直饮小体积净水机RO机智显龙头3秒满杯,251127-077720523061001,已取消,1	,正常,	,	,,	,	,842195971715	,1000G大通量RO净水器,1803617356458	,厨房电器,净水器/净水设备及配件耗材,净水器,	,6923185654247	,	,	,	,无售后或售后取消,,	,	,,,,,,,否,否,	,否,	,,823.0	,0.0	,50.0	,0.0	,0.0	,0.0	,0.0	,0.0	,773.0	,773.0	,	,	,****,****,****,****,,否,否,	,	,	,否,	,	,	,	,	,	,	,	,	,	,	,	,否,否,	,否,	,,	,否,	,否,,,否
VIOMI云米净水器1000G厨下直饮小体积净水机RO机智显龙头3秒满杯,251127-297323804981001,已取消,1	,正常,	,	,,	,	,842195971715	,1000G大通量RO净水器,1803617356458	,厨房电器,净水器/净水设备及配件耗材,净水器,	,6923185654247	,	,	,	,无售后或售后取消,,	,	,,,,,,,否,否,	,否,	,,823.0	,0.0	,50.0	,0.0	,0.0	,0.0	,0.0	,0.0	,773.0	,773.0	,	,	,****,****,****,****,,否,否,	,	,	,否,	,	,	,	,	,	,	,	,	,	,	,	,否,否,	,否,	,,	,否,	,否,,,否
VIOMI云米净水器1000G厨下直饮小体积净水机RO机智显龙头3秒满杯,251127-627363080501001,已取消,1	,正常,	,	,,	,	,842195971715	,1000G大通量RO净水器,1803617356458	,厨房电器,净水器/净水设备及配件耗材,净水器,	,6923185654247	,	,	,	,无售后或售后取消,,	,	,,,,,,,否,否,	,否,	,,823.0	,0.0	,50.0	,0.0	,0.0	,0.0	,0.0	,0.0	,773.0	,773.0	,	,	,****,****,****,****,,否,否,	,	,	,否,	,	,	,	,	,	,	,	,	,	,	,	,否,否,	,否,	,,	,否,	,否,,,否
云米净饮机X2系列滤芯X2mini mango复合滤芯5in1/6in1 RO反渗透,251127-368501133620344,已取消,1	,正常,	,	,,	,	,243153009643	,X2/X2 Pro RO反渗透滤芯,1360931817931	,厨房电器,净水器/净水设备及配件耗材,净水器配件耗材,	,6923185616177	,6923185614258	,	,	,无售后或售后取消,,	,	,,,,,,,否,否,	,否,	,,189.0	,0.0	,0.0	,37.8	,0.0	,0.0	,0.0	,0.0	,151.2	,189.0	,	,	,****,****,****,****,,否,否,	,	,	,否,	,	,	,	,	,	,	,	,	,	,	,	,否,否,	,否,	,,	,否,	,否,,,否
【重磅新品】云米净水器600G小海豚升级版厨下式RO反渗透直饮家用,251127-683870789132388,已取消,1	,正常,	,	,,	,	,852161740747	,小海豚600G+6年滤芯套装,1812658223669	,厨房电器,净水器/净水设备及配件耗材,净水器,	,S2508151538001,	,	,	,无售后或售后取消,,	,	,,,,,,,否,否,	,否,	,,764.9	,0.0	,0.0	,100.0	,0.0	,0.0	,0.0	,0.0	,664.9	,764.9	,	,	,****,****,****,****,,否,否,	,	,	,否,	,	,	,	,	,	,	,	,	,	,	,	,否,否,	,否,	,,	,否,	,否,,,否
【重磅新品】云米净水器600G小海豚升级版厨下式RO反渗透直饮家用,251127-506871170593162,已发货，待收货,1	,正常,2025-11-27 05:07:13,2025-11-28 05:07:14,,2025-11-27 15:12:56,	,225501370546	,小海豚600G,1813468330532	,厨房电器,净水器/净水设备及配件耗材,净水器,	,6923185653684	,6923185616399	,	,	,无售后或售后取消,,2025-11-27 05:07:14,	,,,,,,,否,否,	,否,	,,559.0	,0.0	,0.0	,0.0	,0.0	,0.0	,0.0	,0.0	,559.0	,559.0	,JDV024286482151,京东大件物流,安徽省,滁州市,凤阳县,,,否,否,	,	,	,否,	,	,	,	,	,	,	,	,	,	,	,	,否,否,	,否,否,,	,否,	,否,,,否
云米小厨宝6L电热水器厨房卫生间出水恒温储水式小型速热神器加热,251127-282287204692898,已发货，待收货,1	,正常,2025-11-27 04:11:20,2025-11-28 04:11:21,,2025-11-27 09:21:29,	,208073193570	,热水即刻有-【6L】,1801828025682	,大家电,热水器,厨宝,	,6923185611233	,6923185611233	,	,	,无售后或售后取消,,2025-11-27 04:11:21,	,,,,,,,否,否,	,否,	,,253.0	,0.0	,0.0	,50.0	,0.0	,0.0	,0.0	,0.0	,203.0	,253.0	,JDV024282707246,京东配送,江苏省,无锡市,惠山区,,,否,否,	,	,	,否,	,	,	,	,	,	,	,	,	,	,	,	,否,否,	,否,否,,	,否,	,否,,,否
云米水槽下水器垃圾处理器粉碎机下水道厨余搅碎机抑菌厨房家用,251127-121760694672087,已发货，待收货,1	,正常,2025-11-27 01:44:24,2025-11-28 01:44:24,,2025-11-27 17:01:33,	,852614628903	,【智能】厨余垃圾处理器,1812695452997	,厨房电器,食物垃圾处理机,食物垃圾处理机,	,6923185610250	,6923185610250	,	,	,无售后或售后取消,,2025-11-27 01:44:24,	,,,,,,,否,否,	,否,	,,889.0	,0.0	,48.0	,32.0	,5.0	,0.0	,0.0	,0.0	,809.0	,841.0	,JDV024282908170,京东大件物流,广东省,中山市,南区街道,,,否,否,	,	,	,否,	,	,	,	,	,	,	,	,	,	,	,	,否,否,	,否,否,,	,否,	,否,,,否
云米AI燃气热水器 智控恒温防冻节能安全水质净化精准控温13L强排,251127-405683638583408,已发货，待收货,1	,正常,2025-11-27 01:15:06,2025-11-28 01:15:06,,2025-11-27 15:12:56,	,774960777953	,智控恒温燃气热水器,1756760299679	,大家电,热水器,燃气热水器,	,6923185655688	,6923185655688	,	,	,无售后或售后取消,,2025-11-27 01:15:06,	,,,,,,,否,否,	,否,	,,559.0	,0.0	,0.0	,0.0	,6.0	,0.0	,0.0	,0.0	,559.0	,559.0	,JDV024286467965,京东大件物流,湖北省,宜昌市,当阳市,,,否,否,	,	,	,否,	,	,	,	,	,	,	,	,	,	,	,	,否,否,	,否,否,,	,否,	,否,,,否
云米AI燃气热水器 智控恒温防冻节能安全水质净化精准控温13L强排,251127-471775383872195,已发货，待收货,1	,正常,2025-11-27 01:12:32,2025-12-29 01:12:32,,2025-11-27 15:12:56,	,774960777953	,智控恒温燃气热水器,1756760299679	,大家电,热水器,燃气热水器,	,6923185655688	,6923185655688	,已登记延迟 [viomi范范sk 11/27 09:11],	,无售后或售后取消,,2025-11-27 01:12:32,	,,,,,,,否,否,	,否,	,,559.0	,0.0	,0.0	,100.0	,0.0	,0.0	,0.0	,0.0	,459.0	,559.0	,JDV024288211151,京东大件物流,湖北省,黄石市,黄石港区,,,否,否,	,	,	,否,	,	,	,	,	,	,	,	,	,	,	,	,否,否,	,否,否,,	,否,	,否,,,否
【重磅新品】云米净水器600G小海豚升级版厨下式RO反渗透直饮家用,251127-465358067312351,已发货，待收货,1	,正常,2025-11-27 01:09:29,2025-11-28 01:09:29,2025-11-28 23:59:59,2025-11-27 15:12:56,	,852161740747	,小海豚600G+6年滤芯套装,1812658223669	,厨房电器,净水器/净水设备及配件耗材,净水器,	,S2508151538001,	,	,	,无售后或售后取消,,2025-11-27 01:09:29,	,,,,,,,否,否,	,否,	,,764.9	,0.0	,0.0	,100.0	,0.0	,0.0	,0.0	,0.0	,664.9	,764.9	,JDV024283506787,京东大件物流,广东省,广州市,白云区,,,否,否,	,	,	,否,	,	,	,	,	,	,	,	,	,	,	,	,否,否,	,否,否,,	,否,	,否,,,否
VIOMI云米净水器大通量小海豚800G反渗透RO厨下式家用长效滤芯,251127-050142912060728,未发货，退款成功,1	,正常,2025-11-27 01:01:01,2025-11-28 01:01:01,,	,	,837957770723	,800G大通量纯水机,1809123722986	,厨房电器,净水器/净水设备及配件耗材,净水器,	,6923185653974	,	,聚水潭已取消发货  已退款  11.27,	,退款成功,,2025-11-27 01:01:01,	,,,,,,,否,否,	,否,	,,749.0	,0.0	,0.0	,100.0	,0.0	,0.0	,0.0	,0.0	,649.0	,749.0	,	,	,山东省,潍坊市,奎文区,,,否,否,	,	,	,否,	,	,	,	,	,	,	,	,	,	,	,	,否,否,	,否,否,,	,否,	,否,,,否
云米AI燃气热水器 智控恒温防冻节能安全水质净化精准控温13L强排,251127-276069149063285,待发货,1	,正常,2025-11-27 00:58:50,2026-03-01 00:58:50,,	,	,774960777953	,智控恒温燃气热水器,1756760299679	,大家电,热水器,燃气热水器,	,6923185655688	,6923185655688	,已登记延迟 [viomi范范sk 11/27 09:12],	,无售后或售后取消,,2025-11-27 00:58:50,	,,,,,,,否,否,	,否,	,,559.0	,0.0	,0.0	,55.9	,0.0	,0.0	,0.0	,0.0	,503.1	,559.0	,	,	,安徽省,合肥市,新站综合开发试验区,,,否,否,	,	,	,否,	,	,	,	,	,	,	,	,	,	,	,	,否,否,	,否,否,,	,否,	,否,,,否
云米AI燃气热水器 智控恒温防冻节能安全水质净化精准控温13L强排,251127-383443310200193,已取消,1	,正常,	,	,,	,	,774960777953	,智控恒温燃气热水器,1756760299679	,大家电,热水器,燃气热水器,	,6923185655688	,6923185655688	,	,	,无售后或售后取消,,	,	,,,,,,,否,否,	,否,	,,559.0	,0.0	,0.0	,0.0	,0.0	,0.0	,0.0	,0.0	,559.0	,559.0	,	,	,****,****,****,****,,否,否,	,	,	,否,	,	,	,	,	,	,	,	,	,	,	,	,否,否,	,否,	,,	,否,	,否,,,否
云米AI燃气热水器 智控恒温防冻节能安全水质净化精准控温13L强排,251127-279948828280193,未发货，退款成功,1	,正常,2025-11-27 00:44:31,2025-11-28 00:44:31,,	,	,774960777953	,智控恒温燃气热水器,1756760299679	,大家电,热水器,燃气热水器,	,6923185655688	,6923185655688	,拦截ZX2511270061354,	,退款成功,,2025-11-27 00:44:31,	,,,,,,,否,否,	,否,	,,559.0	,0.0	,0.0	,0.0	,6.0	,0.0	,0.0	,0.0	,559.0	,559.0	,	,	,江西省,宜春市,宜丰县,,,否,否,	,	,	,否,	,	,	,	,	,	,	,	,	,	,	,	,否,否,	,否,否,,	,否,	,否,,,否
云米即热净水器厨房家用直饮RO反渗透加热净饮一体机1000G,251127-211288102473616,已发货，待收货,1	,正常,2025-11-27 00:42:14,2025-12-28 00:42:14,,2025-11-27 19:41:46,	,364990106384	,即热直饮 1000G大通量,1455593712429	,厨房电器,净水器/净水设备及配件耗材,净水器,	,6923185651116	,6923185651116	,已登记延发 [viomi诺诺sk 11/27 09:51]  ZX2511270061303,	,无售后或售后取消,,2025-11-27 00:42:14,	,,,,,,,否,否,	,否,	,,1295.0	,0.0	,0.0	,100.0	,10.0	,0.0	,0.0	,0.0	,1195.0	,1295.0	,JDV024293610926,京东大件物流,福建省,南平市,顺昌县,,,否,否,	,	,	,否,	,	,	,	,	,	,	,	,	,	,	,	,否,否,	,否,否,,	,否,	,否,,,否
云米顶侧大吸力蓝调油烟机家用厨房节能自清洁一级能效可挥手智控,251127-126175199533533,已取消,1	,正常,	,	,,	,	,657344402006	,云米智清洁挥手智控单烟机,1723825075586	,大家电,厨房大电,油烟机,	,6923185650973	,6923185650973	,	,	,无售后或售后取消,,	,	,,,,,,,否,否,	,否,	,,779.0	,0.0	,0.0	,77.9	,0.0	,0.0	,0.0	,0.0	,701.1	,779.0	,	,	,****,****,****,****,,否,否,	,	,	,否,	,	,	,	,	,	,	,	,	,	,	,	,否,否,	,否,	,,	,否,	,否,,,否
VIOMI云米净水器600G小蓝调厨下式RO反渗透直饮家用6年长效,251127-199239953993468,已取消,1	,正常,	,	,,	,	,850883552953	,RO反渗透除去重金属,1811278299045	,厨房电器,净水器/净水设备及配件耗材,净水器,	,6923185653592	,6923185653592	,	,	,无售后或售后取消,,	,	,,,,,,,否,否,	,否,	,,599.2	,0.0	,0.0	,100.0	,0.0	,0.0	,0.0	,0.0	,499.2	,599.2	,	,	,****,****,****,****,,否,否,	,	,	,否,	,	,	,	,	,	,	,	,	,	,	,	,否,否,	,否,	,,	,否,	,否,,,否
【重磅新品】云米净水器600G小海豚升级版厨下式RO反渗透直饮家用,251127-123910233740445,已发货，待收货,1	,正常,2025-11-27 00:10:19,2025-11-28 00:10:19,,2025-11-27 09:16:24,	,852161740747	,小海豚600G+6年滤芯套装,1812658223669	,厨房电器,净水器/净水设备及配件耗材,净水器,	,S2508151538001,	,	,	,无售后或售后取消,,2025-11-27 00:10:19,	,,,,,,,否,否,	,否,	,,764.9	,0.0	,0.0	,100.0	,0.0	,0.0	,0.0	,0.0	,664.9	,764.9	,JDV024282767364,京东配送,江苏省,常州市,钟楼区,,,否,否,	,	,	,否,	,	,	,	,	,	,	,	,	,	,	,	,否,否,	,否,否,,	,否,	,否,,,否
云米100L消毒柜家用超薄嵌入式大容量厨房独立消毒烘干ZTD100A-1,251127-397336963492452,已发货，待收货,1	,正常,2025-11-27 00:05:07,2025-11-29 00:05:07,,2025-11-27 20:29:10,	,220820325711	,嵌入式100L消毒柜,1644782695193	,大家电,厨房大电,消毒柜,	,6923185604303	,6923185604303	,	,	,无售后或售后取消,,2025-11-27 00:05:07,	,,,,,,,否,否,	,否,	,,848.0	,0.0	,0.0	,50.0	,0.0	,0.0	,0.0	,0.0	,798.0	,848.0	,JDV024282889385,京东大件物流,贵州省,铜仁市,沿河土家族自治县,,,否,否,	,	,	,否,	,	,	,	,	,	,	,	,	,	,	,	,否,否,	,否,否,,	,否,	,否,,,否
云米即热净水器厨房家用直饮RO反渗透加热净饮一体机1000G,251127-415655564801621,未发货，退款成功,1	,正常,2025-11-27 00:00:44,2025-11-28 00:00:44,,	,	,364990106384	,即热直饮 1000G大通量,1455593712429	,厨房电器,净水器/净水设备及配件耗材,净水器,	,6923185651116	,6923185651116	,聚水潭已取消发货  已退款  11.27,	,退款成功,,2025-11-27 00:00:44,	,,,,,,,否,否,	,否,	,,1295.0	,0.0	,0.0	,100.0	,0.0	,0.0	,0.0	,0.0	,1195.0	,1295.0	,	,	,福建省,泉州市,丰泽区,,,否,否,	,	,	,否,	,	,	,	,	,	,	,	,	,	,	,	,否,否,	,否,否,,	,否,	,否,,,否
云米顶侧双吸烟灶套装22m³大吸力抽油烟机聚能猛火灶节能燃气家用,251126-585383330132169,未发货，退款成功,1	,正常,2025-11-26 23:59:33,2025-11-27 23:59:34,,	,	,382839923175	,【两件套】顶侧双吸烟机+5.2KW灶（天）,1743705224006	,大家电,厨房大电,烟灶消套装,	,S2309261029001,蓝调套装,聚水潭已取消发货  已退款  11.27,	,退款成功,,2025-11-26 23:59:34,	,,,,,,,否,否,	,否,	,,1299.0	,0.0	,0.0	,0.0	,0.2	,0.0	,0.0	,0.0	,1299.0	,1299.0	,	,	,山西省,吕梁市,孝义市,,,否,否,	,	,	,否,	,	,	,	,	,	,	,	,	,	,	,	,否,否,	,否,否,,	,否,	,否,,,否
云米100L消毒柜家用超薄嵌入式大容量厨房独立消毒烘干ZTD100A-1,251126-457184428452452,已发货，待收货,3	,正常,2025-11-26 23:55:41,2025-11-28 23:55:42,,2025-11-27 09:30:05,	,220820325711	,嵌入式100L消毒柜,1644782695193	,大家电,厨房大电,消毒柜,	,6923185604303	,6923185604303	,	,	,无售后或售后取消,,2025-11-26 23:55:42,	,,,,,,,否,否,	,否,	,,2544.0	,0.0	,50.0	,100.0	,0.0	,0.0	,0.0	,0.0	,2394.0	,2494.0	,JDV024282772918,京东配送,贵州省,铜仁市,沿河土家族自治县,,,否,否,	,	,	,否,	,	,	,	,	,	,	,	,	,	,	,	,否,否,	,否,否,,	,否,	,否,,,否
云米顶侧双吸烟灶套装22m³大吸力抽油烟机聚能猛火灶节能燃气家用,251126-348871790932169,未发货，退款成功,1	,正常,2025-11-26 23:54:27,2025-11-27 23:54:28,,	,	,382839923175	,【两件套】顶侧双吸烟机+5.2KW灶（天）,1743705224006	,大家电,厨房大电,烟灶消套装,	,S2309261029001,蓝调套装,聚水潭已取消发货  已退款  11.27,	,退款成功,,2025-11-26 23:54:28,	,,,,,,,否,否,	,否,	,,1299.0	,0.0	,0.0	,3.0	,0.2	,0.0	,0.0	,0.0	,1296.0	,1299.0	,	,	,山西省,吕梁市,孝义市,,,否,否,	,	,	,否,	,	,	,	,	,	,	,	,	,	,	,	,否,否,	,否,否,,	,否,	,否,,,否
【重磅新品】云米净水器600G小海豚升级版厨下式RO反渗透直饮家用,251126-022318978703586,已取消,1	,正常,	,	,,	,	,225501370546	,小海豚600G,1813468330532	,厨房电器,净水器/净水设备及配件耗材,净水器,	,6923185653684	,6923185616399	,	,	,无售后或售后取消,,	,	,,,,,,,否,否,	,否,	,,559.0	,0.0	,0.0	,0.0	,0.0	,0.0	,0.0	,0.0	,559.0	,559.0	,	,	,****,****,****,****,,否,否,	,	,	,否,	,	,	,	,	,	,	,	,	,	,	,	,否,否,	,否,	,,	,否,	,否,,,否
【6年套装】云米净水器600G小海豚升级版厨下式RO反渗透直饮家用,251126-454819858030671,已发货，待收货,1	,正常,2025-11-26 23:09:01,2025-11-27 23:09:02,,2025-11-27 15:12:57,	,852932116812	,小海豚600G+6年滤芯套装,1812983769340	,厨房电器,净水器/净水设备及配件耗材,净水器,	,S2508151538001,	,主播：梦如 场控：文蓝	权益：直播间抽奖中10元红包,	,无售后或售后取消,,2025-11-26 23:09:02,	,,,,,,,否,否,	,否,	,,695.0	,0.0	,0.0	,0.0	,0.0	,0.0	,0.0	,0.0	,695.0	,695.0	,JDV024282775231,京东大件物流,山西省,晋城市,城区,,,否,否,	,	,	,否,	,	,	,	,	,	,	,	,	,	,	,	,是,是,	,否,否,,	,否,	,否,,,否
【母婴直饮】云米净水器 SE 600G+ 新升级厨下式RO反渗透直饮家用,251126-178179336580989,未发货，退款成功,1	,正常,2025-11-26 23:06:45,2025-11-27 23:06:45,,	,	,819506595979	,【24年新品】600G升级版6年长效,1787046011387	,厨房电器,净水器/净水设备及配件耗材,净水器,	,6923185653684	,6923185616399	,聚水潭已取消发货  已退款  11.27,	,退款成功,,2025-11-26 23:06:45,	,,,,,,,否,否,	,否,	,,748.0	,0.0	,134.64	,74.8	,0.0	,0.0	,0.0	,0.0	,538.56	,613.36	,	,	,河南省,郑州市,二七区,,,否,否,	,	,	,否,	,	,	,	,	,	,	,	,	,	,	,	,否,否,	,否,否,,	,否,	,否,,,否
【母婴直饮】云米净水器 SE 600G+ 新升级厨下式RO反渗透直饮家用,251126-626309230153468,未发货，退款成功,1	,正常,2025-11-26 23:05:06,2025-11-27 23:05:06,,	,	,819506595979	,【24年新品】600G升级版6年长效,1787046011387	,厨房电器,净水器/净水设备及配件耗材,净水器,	,6923185653684	,6923185616399	,聚水潭已取消发货  已退款  11.27,	,退款成功,,2025-11-26 23:05:06,	,,,,,,,否,否,	,否,	,,748.0	,0.0	,139.6	,50.0	,0.0	,0.0	,0.0	,0.0	,558.4	,608.4	,	,	,广东省,佛山市,三水区,,,否,否,	,	,	,否,	,	,	,	,	,	,	,	,	,	,	,	,否,否,	,否,是,3	,商家,否,	,否,,信用卡分期,否
【重磅新品】云米净水器600G小海豚升级版厨下式RO反渗透直饮家用,251126-415283299961478,已取消,1	,正常,	,	,,	,	,225501370546	,小海豚600G,1813468330532	,厨房电器,净水器/净水设备及配件耗材,净水器,	,6923185653684	,6923185616399	,	,	,无售后或售后取消,,	,	,,,,,,,否,否,	,否,	,,559.0	,0.0	,0.0	,0.0	,0.0	,0.0	,0.0	,0.0	,559.0	,559.0	,	,	,****,****,****,****,,否,否,	,	,	,否,	,	,	,	,	,	,	,	,	,	,	,	,否,否,	,否,	,,	,否,	,否,,,否
云米净水器滤芯小蓝调小海豚600G+专用复合滤芯RO反渗透滤芯过滤,251126-603796303381573,已收货，退款成功,2	,正常,2025-11-26 22:35:05,2025-11-27 22:35:06,,2025-11-27 15:12:57,2025-11-28 20:20:18,296967601341	,5in1复合滤芯 2年长效,1600193054565	,厨房电器,净水器/净水设备及配件耗材,净水器配件耗材,	,6923185627425	,	,复合滤芯到手价99一根 [viomi华华 11/26 22:36]==【补差】平台已退394元 叶11.28,	,退款成功,,2025-11-26 22:35:06,	,,,,,,,否,否,	,否,	,,598.0	,0.0	,5.98	,48.0	,3.0	,0.0	,0.0	,0.0	,544.02	,592.02	,JDV024282931948,京东大件物流,天津市,天津市,河东区,,,否,否,	,	,	,否,	,	,	,	,	,	,	,	,	,	,	,	,否,否,	,否,否,,	,否,	,否,,,否
云米小厨宝6L电热水器厨房卫生间出水恒温储水式小型速热神器加热,251126-182310746513763,已发货，待收货,1	,正常,2025-11-26 22:31:50,2025-11-27 22:31:50,,2025-11-27 09:56:04,	,208073193570	,热水即刻有-【6L】,1801828025682	,大家电,热水器,厨宝,	,6923185611233	,6923185611233	,	,	,无售后或售后取消,,2025-11-26 22:31:50,	,,,,,,,否,否,	,否,	,,253.0	,0.0	,0.0	,20.0	,0.2	,0.0	,0.0	,0.0	,233.0	,253.0	,JDV024280327187,京东配送,河南省,开封市,祥符区,,,否,否,	,	,	,否,	,	,	,	,	,	,	,	,	,	,	,	,否,否,	,否,否,,	,否,	,否,,,否
云米小厨宝6L电热水器厨房卫生间出水恒温储水式小型速热神器加热,251126-182310684312442,已取消,1	,正常,	,	,,	,	,208073193570	,热水即刻有-【6L】,1801828025682	,大家电,热水器,厨宝,	,6923185611233	,6923185611233	,	,	,无售后或售后取消,,	,	,,,,,,,否,否,	,否,	,,253.0	,0.0	,0.0	,3.0	,0.0	,0.0	,0.0	,0.0	,250.0	,253.0	,	,	,****,****,****,****,,否,否,	,	,	,否,	,	,	,	,	,	,	,	,	,	,	,	,否,否,	,否,	,,	,否,	,否,,,否
【母婴直饮】云米净水器 SE 600G+ 新升级厨下式RO反渗透直饮家用,251126-507809656341573,已发货，待收货,1	,正常,2025-11-26 22:29:20,2025-11-27 22:29:20,,2025-11-27 09:40:50,	,819506595979	,【24年新品】600G升级版6年长效,1787046011387	,厨房电器,净水器/净水设备及配件耗材,净水器,	,6923185653684	,6923185616399	,	,	,无售后或售后取消,,2025-11-26 22:29:20,	,,,,,,,否,否,	,否,	,,748.0	,0.0	,138.2	,57.0	,0.0	,0.0	,0.0	,0.0	,552.8	,609.8	,JDV024280327160,京东配送,天津市,天津市,河东区,,,否,否,	,	,	,否,	,	,	,	,	,	,	,	,	,	,	,	,否,否,	,否,否,,	,否,	,否,,,否
云米小厨宝6L电热水器厨房卫生间出水恒温储水式小型速热神器加热,251126-128707499672442,已发货，待收货,1	,正常,2025-11-26 22:28:50,2025-11-27 22:28:50,,2025-11-27 09:00:31,	,208073193570	,热水即刻有-【6L】,1801828025682	,大家电,热水器,厨宝,	,6923185611233	,6923185611233	,	,	,无售后或售后取消,,2025-11-26 22:28:50,	,,,,,,,否,否,	,否,	,,253.0	,0.0	,0.0	,30.0	,0.0	,0.0	,0.0	,0.0	,223.0	,253.0	,JDV024282454202,京东配送,福建省,泉州市,南安市,,,否,否,	,	,	,否,	,	,	,	,	,	,	,	,	,	,	,	,否,否,	,否,否,,	,否,	,否,,,否
云米小厨宝6L电热水器厨房卫生间出水恒温储水式小型速热神器加热,251126-593189998921411,已发货，待收货,1	,正常,2025-11-26 22:27:35,2025-11-27 22:27:35,,2025-11-27 08:55:19,	,208073193570	,热水即刻有-【6L】,1801828025682	,大家电,热水器,厨宝,	,6923185611233	,6923185611233	,	,	,无售后或售后取消,,2025-11-26 22:27:35,	,,,,,,,否,否,	,否,	,,253.0	,0.0	,0.0	,0.0	,0.2	,0.0	,0.0	,0.0	,253.0	,253.0	,JDV024282727576,京东配送,江西省,吉安市,吉州区,,,否,否,	,	,	,否,	,	,	,	,	,	,	,	,	,	,	,	,否,否,	,否,否,,	,否,	,否,,,否
【重磅新品】云米净水器600G小海豚升级版厨下式RO反渗透直饮家用,251126-221842051482061,已发货，待收货,1	,正常,2025-11-26 22:24:46,2025-11-27 22:24:46,,2025-11-27 09:38:00,	,225501370546	,小海豚600G,1813468330532	,厨房电器,净水器/净水设备及配件耗材,净水器,	,6923185653684	,6923185616399	,主播：梦如 场控：文蓝	权益：直播间抽奖乐扣保鲜盒===18675699157安装 [viomi诺诺sk 11/28 21:45]==已登记赠品 [viomi诺诺sk 11/28 21:47],	,无售后或售后取消,,2025-11-26 22:24:46,	,,,,,,,否,否,	,否,	,,559.0	,0.0	,0.0	,100.0	,0.0	,0.0	,0.0	,0.0	,459.0	,559.0	,JDV024282479356,京东大件物流,广东省,汕头市,潮阳区,,,否,否,	,	,	,否,	,	,	,	,	,	,	,	,	,	,	,	,是,是,	,否,否,,	,否,	,否,,,否
【重磅新品】云米净水器600G小海豚升级版厨下式RO反渗透直饮家用,251126-316780101934029,已发货，待收货,1	,正常,2025-11-26 22:20:18,2025-11-27 22:20:18,,2025-11-27 15:12:57,	,225501370546	,小海豚600G,1813468330532	,厨房电器,净水器/净水设备及配件耗材,净水器,	,6923185653684	,6923185616399	,	,	,无售后或售后取消,,2025-11-26 22:20:18,	,,,,,,,否,否,	,否,	,,559.0	,0.0	,0.0	,50.0	,0.2	,0.0	,0.0	,0.0	,509.0	,559.0	,JDV024282697910,京东大件物流,河北省,廊坊市,开发区,,,否,否,	,	,	,否,	,	,	,	,	,	,	,	,	,	,	,	,否,否,	,否,否,,	,否,	,否,,,否
【6年套装】云米净水器600G小海豚升级版厨下式RO反渗透直饮家用,251126-202385692303144,已发货，待收货,1	,正常,2025-11-26 22:19:04,2025-11-27 22:19:04,,2025-11-27 09:38:00,	,852932116812	,小海豚600G+6年滤芯套装,1812983769340	,厨房电器,净水器/净水设备及配件耗材,净水器,	,S2508151538001,	,	,	,无售后或售后取消,,2025-11-26 22:19:04,	,,,,,,,否,否,	,否,	,,695.0	,0.0	,0.0	,0.0	,0.0	,0.0	,0.0	,0.0	,695.0	,695.0	,JDV024282480536,京东大件物流,广东省,江门市,恩平市,,,否,否,	,	,	,否,	,	,	,	,	,	,	,	,	,	,	,	,否,否,	,否,否,,	,否,	,否,,,否
【重磅新品】云米净水器600G小海豚升级版厨下式RO反渗透直饮家用,251126-151299080543735,已取消,1	,正常,	,	,,	,	,225501370546	,小海豚600G,1813468330532	,厨房电器,净水器/净水设备及配件耗材,净水器,	,6923185653684	,6923185616399	,	,	,无售后或售后取消,,	,	,,,,,,,否,否,	,否,	,,559.0	,0.0	,0.0	,0.0	,0.0	,0.0	,0.0	,0.0	,559.0	,559.0	,	,	,****,****,****,****,,否,否,	,	,	,否,	,	,	,	,	,	,	,	,	,	,	,	,否,否,	,否,	,,	,否,	,否,,,否
【重磅新品】云米净水器600G小海豚升级版厨下式RO反渗透直饮家用,251126-428406260063735,已发货，待收货,1	,正常,2025-11-26 22:14:57,2025-11-27 22:14:57,,2025-11-27 17:01:33,	,225501370546	,小海豚600G,1813468330532	,厨房电器,净水器/净水设备及配件耗材,净水器,	,6923185653684	,6923185616399	,	,	,无售后或售后取消,,2025-11-26 22:14:57,	,,,,,,,否,否,	,否,	,,559.0	,0.0	,0.0	,2.0	,0.0	,0.0	,0.0	,0.0	,557.0	,559.0	,JDV024282931867,京东大件物流,四川省,南充市,阆中市,,,否,否,	,	,	,否,	,	,	,	,	,	,	,	,	,	,	,	,否,否,	,否,否,,	,否,	,否,,,否
【母婴直饮】云米净水器 SE 600G+ 新升级厨下式RO反渗透直饮家用,251126-105240410452517,已发货，待收货,1	,正常,2025-11-26 22:08:24,2025-11-27 22:08:25,,2025-11-27 10:29:45,	,819506595979	,【24年新品】600G升级版6年长效,1787046011387	,厨房电器,净水器/净水设备及配件耗材,净水器,	,6923185653684	,6923185616399	,	,	,无售后或售后取消,,2025-11-26 22:08:25,	,,,,,,,否,否,	,否,	,,748.0	,0.0	,139.6	,50.0	,0.0	,0.0	,0.0	,0.0	,558.4	,608.4	,JDV024280366175,京东配送,山西省,太原市,小店区,,,否,否,	,	,	,否,	,	,	,	,	,	,	,	,	,	,	,	,否,否,	,否,否,,	,否,	,否,,,否
Viomi云米净水器1000G厨下式RO反渗透直饮过滤器净饮小海豚2,251126-629135194403350,已发货，待收货,1	,正常,2025-11-26 22:00:42,2025-11-27 22:00:43,,2025-11-27 09:36:48,	,205458105137	,小海豚2包安装1000G大加仑,1802849942800	,厨房电器,净水器/净水设备及配件耗材,净水器,	,6923185654865	,	,	,	,无售后或售后取消,,2025-11-26 22:00:43,	,,,,,,,否,否,	,否,	,,999.0	,0.0	,0.0	,99.9	,0.0	,0.0	,0.0	,0.0	,899.1	,999.0	,JDV024282446874,京东大件物流,河北省,廊坊市,霸州市,,,否,否,	,	,	,否,	,	,	,	,	,	,	,	,	,	,	,	,否,是,	,否,否,,	,否,	,否,,,否
云米顶侧大吸力蓝调油烟机家用厨房节能自清洁一级能效可挥手智控,251126-389671841431851,已发货，待收货,1	,正常,2025-11-26 21:48:14,2025-11-27 21:48:15,,2025-11-27 09:20:33,	,657344402006	,云米智清洁挥手智控单烟机,1723825075586	,大家电,厨房大电,油烟机,	,6923185650973	,6923185650973	,	,	,无售后或售后取消,,2025-11-26 21:48:15,	,,,,,,,否,否,	,否,	,,839.0	,0.0	,48.0	,32.0	,0.0	,0.0	,0.0	,0.0	,759.0	,791.0	,JDV024282447056,京东配送,广东省,东莞市,南城区,,,否,否,	,	,	,否,	,	,	,	,	,	,	,	,	,	,	,	,否,是,	,否,否,,	,否,	,否,,,否
【6年套装】云米净水器600G小海豚升级版厨下式RO反渗透直饮家用,251126-144037680641438,已取消,1	,正常,	,	,,	,	,852932116812	,小海豚600G+6年滤芯套装,1812983769340	,厨房电器,净水器/净水设备及配件耗材,净水器,	,S2508151538001,	,	,	,无售后或售后取消,,	,	,,,,,,,否,否,	,否,	,,695.0	,0.0	,0.0	,0.0	,0.0	,0.0	,0.0	,0.0	,695.0	,695.0	,	,	,****,****,****,****,,否,否,	,	,	,否,	,	,	,	,	,	,	,	,	,	,	,	,否,否,	,否,	,,	,否,	,否,,,否
云米电热水器40升洗澡家用租房储水式速热抑菌节能省电安全卫生间,251126-349962310072670,已发货，待收货,2	,正常,2025-11-26 21:41:37,2025-11-27 21:41:37,,2025-11-27 15:16:58,	,661859626284	,"速热抑菌洗-40L,小海豚热水器",1750073590149	,大家电,热水器,电热水器,	,6923185681281	,6923185681281	,	,	,无售后或售后取消,,2025-11-26 21:41:37,	,,,,,,,否,否,	,否,	,,924.0	,0.0	,57.24	,32.0	,0.2	,0.0	,0.0	,0.0	,834.76	,866.76	,JDLD12917245613,京东大件物流,福建省,厦门市,海沧区,,,否,否,	,	,	,否,	,	,	,	,	,	,	,	,	,	,	,	,否,否,	,否,否,,	,否,	,否,,,否
云米净水器滤芯家用小海豚小蓝调小白龙系列专用RO反渗透,251126-007728043561871,已发货，待收货,1	,正常,2025-11-26 21:22:24,2025-11-28 21:22:25,,2025-11-27 08:58:21,	,232467205433	,5in1 复合滤芯,1647394585330	,厨房电器,净水器/净水设备及配件耗材,净水器配件耗材,	,6923185627425	,	,	,	,无售后或售后取消,,2025-11-26 21:22:25,	,,,,,,,否,否,	,否,	,,149.0	,0.0	,0.0	,0.0	,0.0	,0.0	,0.0	,0.0	,149.0	,149.0	,JDV024282459492,京东配送,福建省,泉州市,晋江市,,,否,否,	,	,	,否,	,	,	,	,	,	,	,	,	,	,	,	,否,否,	,否,否,,	,否,	,否,,,否
云米顶侧大吸力蓝调油烟机家用厨房节能自清洁一级能效可挥手智控,251126-023110653582299,已发货，待收货,1	,正常,2025-11-26 21:16:51,2025-11-27 21:16:51,,2025-11-27 09:15:33,	,657344402006	,云米智清洁挥手智控单烟机,1723825075586	,大家电,厨房大电,油烟机,	,6923185650973	,6923185650973	,	,	,无售后或售后取消,,2025-11-26 21:16:51,	,,,,,,,否,否,	,否,	,,839.0	,0.0	,48.0	,32.0	,0.0	,0.0	,0.0	,0.0	,759.0	,791.0	,JDV024282471806,京东配送,黑龙江省,哈尔滨市,香坊区,,,否,否,	,	,	,否,	,	,	,	,	,	,	,	,	,	,	,	,否,否,	,否,否,,	,否,	,否,,,否
【重磅新品】云米净水器600G小海豚升级版厨下式RO反渗透直饮家用,251126-132964707941518,已取消,1	,正常,	,	,,	,	,225501370546	,小海豚600G,1813468330532	,厨房电器,净水器/净水设备及配件耗材,净水器,	,6923185653684	,6923185616399	,	,	,无售后或售后取消,,	,	,,,,,,,否,否,	,否,	,,559.0	,0.0	,0.0	,0.0	,0.0	,0.0	,0.0	,0.0	,559.0	,559.0	,	,	,****,****,****,****,,否,否,	,	,	,否,	,	,	,	,	,	,	,	,	,	,	,	,否,否,	,否,	,,	,否,	,否,,,否
【重磅新品】云米净水器600G小海豚升级版厨下式RO反渗透直饮家用,251126-267266373952638,已取消,1	,正常,	,	,,	,	,225501370546	,小海豚600G,1813468330532	,厨房电器,净水器/净水设备及配件耗材,净水器,	,6923185653684	,6923185616399	,	,	,无售后或售后取消,,	,	,,,,,,,否,否,	,否,	,,559.0	,0.0	,0.0	,0.0	,0.0	,0.0	,0.0	,0.0	,559.0	,559.0	,	,	,****,****,****,****,,否,否,	,	,	,否,	,	,	,	,	,	,	,	,	,	,	,	,否,否,	,否,	,,	,否,	,否,,,否
【母婴直饮】云米净水器 SE 600G+ 新升级厨下式RO反渗透直饮家用,251126-621433403723204,已取消,1	,正常,	,	,,	,	,819506595979	,【24年新品】600G升级版6年长效,1787046011387	,厨房电器,净水器/净水设备及配件耗材,净水器,	,6923185653684	,6923185616399	,	,	,无售后或售后取消,,	,	,,,,,,,否,否,	,否,	,,748.0	,0.0	,145.6	,20.0	,0.0	,0.0	,0.0	,0.0	,582.4	,602.4	,	,	,****,****,****,****,,否,否,	,	,	,否,	,	,	,	,	,	,	,	,	,	,	,	,否,否,	,否,	,,	,否,	,否,,,否
云米即热净水器厨房家用直饮RO反渗透加热净饮一体机1000G,251126-153197023561004,已取消,1	,正常,	,	,,	,	,364990106384	,即热直饮 1000G大通量,1455593712429	,厨房电器,净水器/净水设备及配件耗材,净水器,	,6923185651116	,6923185651116	,	,	,无售后或售后取消,,	,	,,,,,,,否,否,	,否,	,,1295.0	,0.0	,0.0	,5.0	,0.0	,0.0	,0.0	,0.0	,1290.0	,1295.0	,	,	,****,****,****,****,,否,否,	,	,	,否,	,	,	,	,	,	,	,	,	,	,	,	,否,否,	,否,	,,	,否,	,否,,,否
云米AI油烟机双腔大吸力Smart双腔一级能效23m³大风压智清洁节能,251126-239840816751550,已发货，待收货,1	,正常,2025-11-26 20:55:26,2025-12-27 20:55:26,,2025-11-27 09:31:36,	,857557599349	,双腔深拢吸油烟机,1816789031904	,大家电,厨房大电,油烟机,	,6923185649229	,6923185649229	,	,	,无售后或售后取消,,2025-11-26 20:55:26,	,,,,,,,否,否,	,否,	,,779.0	,0.0	,0.0	,77.9	,1.4	,0.0	,0.0	,0.0	,701.1	,779.0	,JDV024282451681,京东配送,河北省,石家庄市,新华区,,,否,否,	,	,	,否,	,	,	,	,	,	,	,	,	,	,	,	,否,否,	,否,否,,	,否,	,否,,,否
云米AI燃气热水器 智控恒温防冻节能安全水质净化精准控温13L强排,251126-454736013623408,未发货，退款成功,1	,正常,2025-11-26 20:38:45,2025-11-27 20:38:46,,	,	,774960777953	,智控恒温燃气热水器,1756760299679	,大家电,热水器,燃气热水器,	,6923185655688	,6923185655688	,ZX2511270061145  拦截 11.27,	,退款成功,,2025-11-26 20:38:46,	,,,,,,,否,否,	,否,	,,593.0	,0.0	,0.0	,20.0	,3.0	,0.0	,0.0	,0.0	,573.0	,593.0	,	,	,湖北省,宜昌市,当阳市,,,否,否,	,	,	,否,	,	,	,	,	,	,	,	,	,	,	,	,否,否,	,否,否,,	,否,	,否,,,否
【重磅新品】云米净水器600G小海豚升级版厨下式RO反渗透直饮家用,251126-383506246062073,已发货，待收货,1	,正常,2025-11-26 20:30:18,2025-11-27 20:30:18,,2025-11-27 15:12:58,	,225501370546	,小海豚600G,1813468330532	,厨房电器,净水器/净水设备及配件耗材,净水器,	,6923185653684	,6923185616399	,	,	,无售后或售后取消,,2025-11-26 20:30:18,	,,,,,,,否,否,	,否,	,,559.0	,0.0	,0.0	,0.0	,0.0	,0.0	,0.0	,0.0	,559.0	,559.0	,JDV024279994904,京东大件物流,山东省,济南市,章丘区,,,否,否,	,	,	,否,	,	,	,	,	,	,	,	,	,	,	,	,否,否,	,否,否,,	,否,	,否,,,否
【母婴直饮】云米净水器 SE 600G+ 新升级厨下式RO反渗透直饮家用,251126-348777408933859,已发货，待收货,1	,正常,2025-11-26 20:20:30,2025-11-27 20:20:30,,2025-11-27 08:57:22,	,819506595979	,【24年新品】600G升级版6年长效,1787046011387	,厨房电器,净水器/净水设备及配件耗材,净水器,	,6923185653684	,6923185616399	,	,	,无售后或售后取消,,2025-11-26 20:20:30,	,,,,,,,否,否,	,否,	,,748.0	,0.0	,142.12	,37.4	,0.0	,0.0	,0.0	,0.0	,568.48	,605.88	,JDV024282825658,京东配送,江苏省,无锡市,滨湖区,,,否,否,	,	,	,否,	,	,	,	,	,	,	,	,	,	,	,	,否,否,	,否,否,,	,否,	,否,,,否
【重磅新品】云米净水器600G小海豚升级版厨下式RO反渗透直饮家用,251126-313272625451540,已收货,1	,正常,2025-11-26 20:18:22,2025-11-27 20:18:22,,2025-11-27 15:12:58,2025-11-28 13:20:20,225501370546	,小海豚600G,1813468330532	,厨房电器,净水器/净水设备及配件耗材,净水器,	,6923185653684	,6923185616399	,	,	,无售后或售后取消,,2025-11-26 20:18:22,	,,,,,,,否,否,	,否,	,,559.0	,0.0	,0.0	,0.0	,1.11	,0.0	,0.0	,0.0	,559.0	,559.0	,JDV024279289861,京东大件物流,北京市,北京市,房山区,,,否,否,	,	,	,否,	,	,	,	,	,	,	,	,	,	,	,	,否,否,	,否,否,,	,否,	,否,,,否
云米净水器滤芯家用小海豚小蓝调小白龙系列专用RO反渗透,251126-557475458652021,已发货，待收货,1	,正常,2025-11-26 20:12:12,2025-11-28 20:12:13,,2025-11-27 09:55:10,	,232467205433	,5in1 复合滤芯,1647394585330	,厨房电器,净水器/净水设备及配件耗材,净水器配件耗材,	,6923185627425	,	,后返到手价109元,	,无售后或售后取消,,2025-11-26 20:12:13,	,,,,,,,否,否,	,否,	,,149.0	,0.0	,0.0	,0.0	,0.0	,0.0	,0.0	,0.0	,149.0	,149.0	,JDV024278553125,京东配送,河南省,信阳市,潢川县,,,否,否,	,	,	,否,	,	,	,	,	,	,	,	,	,	,	,	,否,否,	,否,否,,	,否,	,否,,,否
【重磅新品】云米净水器600G小海豚升级版厨下式RO反渗透直饮家用,251126-450101265952973,已发货，待收货,1	,正常,2025-11-26 19:59:51,2025-11-27 19:59:51,,2025-11-27 09:38:01,	,225501370546	,小海豚600G,1813468330532	,厨房电器,净水器/净水设备及配件耗材,净水器,	,6923185653684	,6923185616399	,	,	,无售后或售后取消,,2025-11-26 19:59:51,	,,,,,,,否,否,	,否,	,,559.0	,0.0	,0.0	,0.0	,5.0	,0.0	,0.0	,0.0	,559.0	,559.0	,JDV024282429011,京东大件物流,四川省,成都市,新都区,,,否,否,	,	,	,否,	,	,	,	,	,	,	,	,	,	,	,	,否,否,	,否,否,,	,否,	,否,,,否
【6年套装】云米净水器600G小海豚升级版厨下式RO反渗透直饮家用,251126-133462761022462,未发货，退款成功,1	,正常,2025-11-26 19:49:56,2025-11-27 19:49:56,,	,	,852932116812	,小海豚600G+6年滤芯套装,1812983769340	,厨房电器,净水器/净水设备及配件耗材,净水器,	,S2508151538001,	,ZX2511270061145  拦截 11.27,	,退款成功,,2025-11-26 19:49:56,	,,,,,,,否,否,	,否,	,,695.0	,0.0	,0.0	,0.0	,0.0	,0.0	,0.0	,0.0	,695.0	,695.0	,	,	,天津市,天津市,西青区,,,否,否,	,	,	,否,	,	,	,	,	,	,	,	,	,	,	,	,否,是,	,否,否,,	,否,	,否,,,否
【6年套装】云米净水器600G小海豚升级版厨下式RO反渗透直饮家用,251126-398008030752973,已取消,1	,正常,	,	,,	,	,852932116812	,小海豚600G+6年滤芯套装,1812983769340	,厨房电器,净水器/净水设备及配件耗材,净水器,	,S2508151538001,	,	,	,无售后或售后取消,,	,	,,,,,,,否,否,	,否,	,,695.0	,0.0	,0.0	,0.0	,0.0	,0.0	,0.0	,0.0	,695.0	,695.0	,	,	,****,****,****,****,,否,否,	,	,	,否,	,	,	,	,	,	,	,	,	,	,	,	,否,否,	,否,	,,	,否,	,否,,,否
【重磅新品】云米净水器600G小海豚升级版厨下式RO反渗透直饮家用,251126-664220547482975,已取消,1	,正常,	,	,,	,	,225501370546	,小海豚600G,1813468330532	,厨房电器,净水器/净水设备及配件耗材,净水器,	,6923185653684	,6923185616399	,	,	,无售后或售后取消,,	,	,,,,,,,否,否,	,否,	,,559.0	,0.0	,0.0	,0.0	,0.0	,0.0	,0.0	,0.0	,559.0	,559.0	,	,	,****,****,****,****,,否,否,	,	,	,否,	,	,	,	,	,	,	,	,	,	,	,	,否,否,	,否,	,,	,否,	,否,,,否
【重磅新品】云米净水器600G小海豚升级版厨下式RO反渗透直饮家用,251126-281532230042975,已发货，待收货,1	,正常,2025-11-26 19:36:09,2025-11-27 19:36:10,,2025-11-27 09:38:00,	,225501370546	,小海豚600G,1813468330532	,厨房电器,净水器/净水设备及配件耗材,净水器,	,6923185653684	,6923185616399	,13878403608安装 [viomi莉莉sk 11/28 17:21],	,无售后或售后取消,,2025-11-26 19:36:10,	,,,,,,,否,否,	,否,	,,559.0	,0.0	,0.0	,5.0	,1.1	,0.0	,0.0	,0.0	,554.0	,559.0	,JDV024282459590,京东大件物流,广西壮族自治区,梧州市,长洲区,,,否,否,	,	,	,否,	,	,	,	,	,	,	,	,	,	,	,	,否,否,	,否,否,,	,否,	,否,,,否
【重磅新品】云米净水器600G小海豚升级版厨下式RO反渗透直饮家用,251126-069520596533305,已取消,1	,正常,	,	,,	,	,852161740747	,小海豚600G+6年滤芯套装,1812658223669	,厨房电器,净水器/净水设备及配件耗材,净水器,	,S2508151538001,	,	,	,无售后或售后取消,,	,	,,,,,,,否,否,	,否,	,,764.9	,0.0	,0.0	,99.43	,0.0	,0.0	,0.0	,0.0	,665.47	,764.9	,	,	,****,****,****,****,,否,否,	,	,	,否,	,	,	,	,	,	,	,	,	,	,	,	,否,否,	,否,	,,	,否,	,否,,,否
【重磅新品】云米净水器600G小海豚升级版厨下式RO反渗透直饮家用,251126-547880988261442,已发货，待收货,1	,正常,2025-11-26 19:34:00,2025-11-27 19:34:00,,2025-11-27 09:38:01,	,225501370546	,小海豚600G,1813468330532	,厨房电器,净水器/净水设备及配件耗材,净水器,	,6923185653684	,6923185616399	,	,	,无售后或售后取消,,2025-11-26 19:34:00,	,,,,,,,否,否,	,否,	,,559.0	,0.0	,0.0	,0.0	,1.11	,0.0	,0.0	,0.0	,559.0	,559.0	,JDV024282428973,京东大件物流,海南省,海口市,龙华区,,,否,否,	,	,	,否,	,	,	,	,	,	,	,	,	,	,	,	,否,否,	,否,否,,	,否,	,否,,,否
【重磅新品】云米净水器600G小海豚升级版厨下式RO反渗透直饮家用,251126-430587308392419,已发货，待收货,1	,正常,2025-11-26 19:24:10,2025-11-27 19:24:10,,2025-11-27 09:38:01,	,225501370546	,小海豚600G,1813468330532	,厨房电器,净水器/净水设备及配件耗材,净水器,	,6923185653684	,6923185616399	,	,	,无售后或售后取消,,2025-11-26 19:24:10,	,,,,,,,否,否,	,否,	,,559.0	,0.0	,0.0	,0.0	,0.0	,0.0	,0.0	,0.0	,559.0	,559.0	,JDV024282727209,京东大件物流,安徽省,芜湖市,镜湖区,,,否,否,	,	,	,否,	,	,	,	,	,	,	,	,	,	,	,	,否,否,	,否,否,,	,否,	,否,,,否
【重磅新品】云米净水器600G小海豚升级版厨下式RO反渗透直饮家用,251126-112470279763770,已发货，待收货,1	,正常,2025-11-26 19:21:21,2025-11-27 19:21:21,,2025-11-27 08:54:29,	,852161740747	,小海豚600G+6年滤芯套装,1812658223669	,厨房电器,净水器/净水设备及配件耗材,净水器,	,S2508151538001,	,	,	,无售后或售后取消,,2025-11-26 19:21:21,	,,,,,,,否,否,	,否,	,,764.9	,0.0	,0.0	,100.0	,0.0	,0.0	,0.0	,0.0	,664.9	,764.9	,JDV024282466621,京东配送,海南省,省直辖县级行政区划,定安县,,,否,否,	,	,	,否,	,	,	,	,	,	,	,	,	,	,	,	,否,否,	,否,否,,	,否,	,否,,,否
【6年套装】云米净水器600G小海豚升级版厨下式RO反渗透直饮家用,251126-106975793503071,已取消,1	,正常,	,	,,	,	,852932116812	,小海豚600G+6年滤芯套装,1812983769340	,厨房电器,净水器/净水设备及配件耗材,净水器,	,S2508151538001,	,	,	,无售后或售后取消,,	,	,,,,,,,否,否,	,否,	,,695.0	,0.0	,0.0	,0.0	,0.0	,0.0	,0.0	,0.0	,695.0	,695.0	,	,	,****,****,****,****,,否,否,	,	,	,否,	,	,	,	,	,	,	,	,	,	,	,	,否,否,	,否,	,,	,否,	,否,,,否
【重磅新品】云米净水器600G小海豚升级版厨下式RO反渗透直饮家用,251126-248659382590982,已发货，待收货,1	,正常,2025-11-26 19:04:31,2025-11-27 19:04:31,,2025-11-27 09:38:01,	,225501370546	,小海豚600G,1813468330532	,厨房电器,净水器/净水设备及配件耗材,净水器,	,6923185653684	,6923185616399	,	,	,无售后或售后取消,,2025-11-26 19:04:31,	,,,,,,,否,否,	,否,	,,559.0	,0.0	,0.0	,0.0	,1.11	,0.0	,0.0	,0.0	,559.0	,559.0	,JDV024282461510,京东大件物流,四川省,成都市,双流区,,,否,否,	,	,	,否,	,	,	,	,	,	,	,	,	,	,	,	,否,否,	,否,否,,	,否,	,否,,,否
【母婴直饮】云米净水器 SE 600G+ 新升级厨下式RO反渗透直饮家用,251126-500758034773867,已取消,1	,正常,	,	,,	,	,819506595979	,【24年新品】600G升级版6年长效,1787046011387	,厨房电器,净水器/净水设备及配件耗材,净水器,	,6923185653684	,6923185616399	,	,	,无售后或售后取消,,	,	,,,,,,,否,否,	,否,	,,748.0	,0.0	,130.15	,97.24	,0.0	,0.0	,0.0	,0.0	,520.61	,617.85	,	,	,****,****,****,****,,否,否,	,	,	,否,	,	,	,	,	,	,	,	,	,	,	,	,否,否,	,否,	,,	,否,	,否,,,否
【重磅新品】云米净水器600G小海豚升级版厨下式RO反渗透直饮家用,251126-123207749940238,已取消,1	,正常,	,	,,	,	,225501370546	,小海豚600G,1813468330532	,厨房电器,净水器/净水设备及配件耗材,净水器,	,6923185653684	,6923185616399	,	,	,无售后或售后取消,,	,	,,,,,,,否,否,	,否,	,,559.0	,0.0	,0.0	,0.0	,0.0	,0.0	,0.0	,0.0	,559.0	,559.0	,	,	,****,****,****,****,,否,否,	,	,	,否,	,	,	,	,	,	,	,	,	,	,	,	,否,否,	,否,	,,	,否,	,否,,,否
云米净水器滤芯小蓝调小海豚600G+专用复合滤芯RO反渗透滤芯过滤,251126-674758663790084,已发货，待收货,2	,正常,2025-11-26 18:52:34,2025-11-27 18:52:34,,2025-11-27 08:58:22,	,296967601341	,5in1复合滤芯 2年长效,1600193054565	,厨房电器,净水器/净水设备及配件耗材,净水器配件耗材,	,6923185627425	,	,到手价198 [viomi莉莉sk 11/26 19:58],	,无售后或售后取消,,2025-11-26 18:52:34,	,,,,,,,否,否,	,否,	,,598.0	,0.0	,5.98	,0.0	,2.96	,0.0	,0.0	,0.0	,592.02	,592.02	,JDV024282481884,京东配送,广东省,广州市,增城区,,,否,否,	,	,	,否,	,	,	,	,	,	,	,	,	,	,	,	,否,否,	,否,否,,	,否,	,否,,,否
【6年套装】云米净水器600G小海豚升级版厨下式RO反渗透直饮家用,251126-070149772862462,未发货，退款成功,1	,正常,2025-11-26 18:48:42,2025-11-27 18:48:42,,	,	,852932116812	,小海豚600G+6年滤芯套装,1812983769340	,厨房电器,净水器/净水设备及配件耗材,净水器,	,S2508151538001,	,聚水潭已取消发货 已退款   叶11.26,	,退款成功,,2025-11-26 18:48:42,	,,,,,,,否,否,	,否,	,,695.0	,0.0	,0.0	,0.0	,0.0	,0.0	,0.0	,0.0	,695.0	,695.0	,	,	,天津市,天津市,西青区,,,否,否,	,	,	,否,	,	,	,	,	,	,	,	,	,	,	,	,否,否,	,否,否,,	,否,	,否,,,否
【6年套装】云米净水器600G小海豚升级版厨下式RO反渗透直饮家用,251126-440758464062462,已取消,1	,正常,	,	,,	,	,852932116812	,小海豚600G+6年滤芯套装,1812983769340	,厨房电器,净水器/净水设备及配件耗材,净水器,	,S2508151538001,	,	,	,无售后或售后取消,,	,	,,,,,,,否,否,	,否,	,,695.0	,0.0	,0.0	,0.0	,0.0	,0.0	,0.0	,0.0	,695.0	,695.0	,	,	,****,****,****,****,,否,否,	,	,	,否,	,	,	,	,	,	,	,	,	,	,	,	,否,否,	,否,	,,	,否,	,否,,,否
【6年套装】云米净水器600G小海豚升级版厨下式RO反渗透直饮家用,251126-444512355902462,已取消,1	,正常,	,	,,	,	,852932116812	,小海豚600G+6年滤芯套装,1812983769340	,厨房电器,净水器/净水设备及配件耗材,净水器,	,S2508151538001,	,	,	,无售后或售后取消,,	,	,,,,,,,否,否,	,否,	,,695.0	,0.0	,0.0	,0.0	,0.0	,0.0	,0.0	,0.0	,695.0	,695.0	,	,	,****,****,****,****,,否,否,	,	,	,否,	,	,	,	,	,	,	,	,	,	,	,	,否,否,	,否,	,,	,否,	,否,,,否
云米即热净水器厨房家用直饮RO反渗透加热净饮一体机1000G,251126-333384291972755,已取消,1	,正常,	,	,,	,	,364990106384	,即热直饮 1000G大通量,1455593712429	,厨房电器,净水器/净水设备及配件耗材,净水器,	,6923185651116	,6923185651116	,	,	,无售后或售后取消,,	,	,,,,,,,否,否,	,否,	,,1295.0	,0.0	,0.0	,0.0	,0.0	,0.0	,0.0	,0.0	,1295.0	,1295.0	,	,	,****,****,****,****,,否,否,	,	,	,否,	,	,	,	,	,	,	,	,	,	,	,	,是,否,	,否,	,,	,否,	,否,,,否
云米即热净水器厨房家用直饮RO反渗透加热净饮一体机1000G,251126-224646960690953,已发货，待收货,1	,正常,2025-11-26 18:20:56,2025-11-27 18:20:57,,2025-11-27 09:00:20,	,364990106384	,即热直饮 1000G大通量,1455593712429	,厨房电器,净水器/净水设备及配件耗材,净水器,	,6923185651116	,6923185651116	,	,	,无售后或售后取消,,2025-11-26 18:20:57,	,,,,,,,否,否,	,否,	,,1295.0	,0.0	,0.0	,100.0	,0.0	,0.0	,0.0	,0.0	,1195.0	,1295.0	,JDV024282408580,京东配送,山东省,青岛市,李沧区,,,否,否,	,	,	,否,	,	,	,	,	,	,	,	,	,	,	,	,否,否,	,否,否,,	,否,	,否,,,否
【重磅新品】云米净水器600G小海豚升级版厨下式RO反渗透直饮家用,251126-521698097501860,已取消,1	,正常,	,	,,	,	,225501370546	,小海豚600G,1813468330532	,厨房电器,净水器/净水设备及配件耗材,净水器,	,6923185653684	,6923185616399	,	,	,无售后或售后取消,,	,	,,,,,,,否,否,	,否,	,,559.0	,0.0	,0.0	,0.0	,0.0	,0.0	,0.0	,0.0	,559.0	,559.0	,	,	,****,****,****,****,,否,否,	,	,	,否,	,	,	,	,	,	,	,	,	,	,	,	,是,否,	,否,	,,	,否,	,否,,,否
【6年套装】云米净水器600G小海豚升级版厨下式RO反渗透直饮家用,251126-181193950803108,已取消,1	,正常,	,	,,	,	,852932116812	,小海豚600G+6年滤芯套装,1812983769340	,厨房电器,净水器/净水设备及配件耗材,净水器,	,S2508151538001,	,	,	,无售后或售后取消,,	,	,,,,,,,否,否,	,否,	,,695.0	,0.0	,0.0	,30.0	,0.0	,0.0	,0.0	,0.0	,665.0	,695.0	,	,	,****,****,****,****,,否,否,	,	,	,否,	,	,	,	,	,	,	,	,	,	,	,	,否,否,	,否,	,,	,否,	,否,,,否
【购买前须联系客服确认】补收差价专用商品,251126-513697462572544,已收货,30000	,正常,2025-11-26 18:08:39,2025-11-27 18:08:39,,2025-11-26 18:08:49,2025-11-26 18:08:49,322805615497	,	,1061861892357	,虚拟商品,个性定制/设计服务/DIY,个人定制原材料,	,	,	,二线 [viomi慧慧sk 11/26 18:11],	,无售后或售后取消,,2025-11-26 18:08:39,	,,,,,,,否,否,	,否,	,,300.0	,0.0	,0.0	,0.0	,0.0	,0.0	,0.0	,0.0	,300.0	,300.0	,	,	,	,	,	,,,否,否,	,	,	,否,	,	,	,	,	,	,	,	,	,	,	,	,否,否,	,否,否,,	,否,	,否,,,否
【6年套装】云米净水器600G小海豚升级版厨下式RO反渗透直饮家用,251126-640638000780445,未发货，退款成功,1	,正常,2025-11-26 18:01:26,2025-11-27 18:01:26,,	,	,852932116812	,小海豚600G+6年滤芯套装,1812983769340	,厨房电器,净水器/净水设备及配件耗材,净水器,	,S2508151538001,	,主播：美然 场控：文蓝        权益：直播间抽奖10元红包  ZX2511270061145  拦截 11.27,	,退款成功,,2025-11-26 18:01:26,	,,,,,,,否,否,	,否,	,,695.0	,0.0	,0.0	,0.0	,0.0	,0.0	,0.0	,0.0	,695.0	,695.0	,	,	,江苏省,常州市,钟楼区,,,否,否,	,	,	,否,	,	,	,	,	,	,	,	,	,	,	,	,是,是,	,否,否,,	,否,	,否,,,否
【6年套装】云米净水器600G小海豚升级版厨下式RO反渗透直饮家用,251126-505057123980445,已取消,1	,正常,	,	,,	,	,852932116812	,小海豚600G+6年滤芯套装,1812983769340	,厨房电器,净水器/净水设备及配件耗材,净水器,	,S2508151538001,	,	,	,无售后或售后取消,,	,	,,,,,,,否,否,	,否,	,,695.0	,0.0	,0.0	,0.0	,0.0	,0.0	,0.0	,0.0	,695.0	,695.0	,	,	,****,****,****,****,,否,否,	,	,	,否,	,	,	,	,	,	,	,	,	,	,	,	,是,否,	,否,	,,	,否,	,否,,,否
【6年套装】云米净水器600G小海豚升级版厨下式RO反渗透直饮家用,251126-083760279092087,已发货，待收货,1	,正常,2025-11-26 17:48:04,2025-11-27 17:48:04,,2025-11-27 09:38:01,	,852932116812	,小海豚600G+6年滤芯套装,1812983769340	,厨房电器,净水器/净水设备及配件耗材,净水器,	,S2508151538001,	,18664849941安装 [viomi范范sk 11/29 09:42],	,无售后或售后取消,,2025-11-26 17:48:04,	,,,,,,,否,否,	,否,	,,695.0	,0.0	,0.0	,0.0	,0.0	,0.0	,0.0	,0.0	,695.0	,695.0	,JDV024282481893,京东大件物流,广东省,广州市,番禺区,,,否,否,	,	,	,否,	,	,	,	,	,	,	,	,	,	,	,	,否,是,	,否,否,,	,否,	,否,,,否
【母婴直饮】云米净水器 SE 600G+ 新升级厨下式RO反渗透直饮家用,251126-484893007412087,已取消,1	,正常,	,	,,	,	,819506595979	,【24年新品】600G升级版6年长效,1787046011387	,厨房电器,净水器/净水设备及配件耗材,净水器,	,6923185653684	,6923185616399	,	,	,无售后或售后取消,,	,	,,,,,,,否,否,	,否,	,,748.0	,0.0	,139.6	,50.0	,0.0	,0.0	,0.0	,0.0	,558.4	,608.4	,	,	,****,****,****,****,,否,否,	,	,	,否,	,	,	,	,	,	,	,	,	,	,	,	,否,否,	,否,	,,	,否,	,否,,,否
Viomi云米净水器1000G厨下式RO反渗透直饮过滤器净饮小海豚2,251126-323842219652755,已取消,1	,正常,	,	,,	,	,205458105137	,小海豚2包安装1000G大加仑,1802849942800	,厨房电器,净水器/净水设备及配件耗材,净水器,	,6923185654865	,	,	,	,无售后或售后取消,,	,	,,,,,,,否,否,	,否,	,,999.0	,0.0	,100.0	,40.0	,0.0	,0.0	,0.0	,0.0	,859.0	,899.0	,	,	,****,****,****,****,,否,否,	,	,	,否,	,	,	,	,	,	,	,	,	,	,	,	,是,否,	,否,	,,	,否,	,否,,,否
【6年套装】云米净水器600G小海豚升级版厨下式RO反渗透直饮家用,251126-600215426612087,已取消,1	,正常,	,	,,	,	,852932116812	,小海豚600G+6年滤芯套装,1812983769340	,厨房电器,净水器/净水设备及配件耗材,净水器,	,S2508151538001,	,送检测笔 [viomi华华 11/26 17:42],	,无售后或售后取消,,	,	,,,,,,,否,否,	,否,	,,695.0	,0.0	,0.0	,0.0	,0.0	,0.0	,0.0	,0.0	,695.0	,695.0	,	,	,****,****,****,****,,否,否,	,	,	,否,	,	,	,	,	,	,	,	,	,	,	,	,否,否,	,否,	,,	,否,	,否,,,否
VIOMI云米净水器600G小蓝调厨下式RO反渗透直饮家用6年长效,251126-614612354690438,已发货，待收货,1	,正常,2025-11-26 17:35:05,2025-11-27 17:35:05,,2025-11-27 08:59:24,	,850883552953	,RO反渗透除去重金属,1811278299045	,厨房电器,净水器/净水设备及配件耗材,净水器,	,6923185653592	,6923185653592	,	,	,无售后或售后取消,,2025-11-26 17:35:05,	,,,,,,,否,否,	,否,	,,599.2	,0.0	,0.0	,100.0	,3.0	,0.0	,0.0	,0.0	,499.2	,599.2	,JDV024282731546,京东配送,湖北省,黄冈市,麻城市,,,否,否,	,	,	,否,	,	,	,	,	,	,	,	,	,	,	,	,否,否,	,否,否,,	,否,	,否,,,否
【6年套装】云米净水器600G小海豚升级版厨下式RO反渗透直饮家用,251126-193168740740942,已发货，待收货,1	,正常,2025-11-26 17:25:53,2025-11-27 17:25:53,2025-11-28 23:59:59,2025-11-27 09:38:01,	,852932116812	,小海豚600G+6年滤芯套装,1812983769340	,厨房电器,净水器/净水设备及配件耗材,净水器,	,S2508151538001,	,18760330152安装 [viomi莉莉sk 11/27 22:42]==超 [viomi英英sk 11/29 09:08],	,无售后或售后取消,,2025-11-26 17:25:53,	,,,,,,,否,否,	,否,	,,695.0	,0.0	,0.0	,30.0	,0.0	,0.0	,0.0	,0.0	,665.0	,695.0	,JDV024282466540,京东大件物流,福建省,泉州市,惠安县,,,否,否,	,	,	,否,	,	,	,	,	,	,	,	,	,	,	,	,否,是,	,否,否,,	,否,	,否,,,否
【6年套装】云米净水器600G小海豚升级版厨下式RO反渗透直饮家用,251126-471964117380942,已取消,1	,正常,	,	,,	,	,852932116812	,小海豚600G+6年滤芯套装,1812983769340	,厨房电器,净水器/净水设备及配件耗材,净水器,	,S2508151538001,	,	,	,无售后或售后取消,,	,	,,,,,,,否,否,	,否,	,,695.0	,0.0	,0.0	,30.0	,0.0	,0.0	,0.0	,0.0	,665.0	,695.0	,	,	,****,****,****,****,,否,否,	,	,	,否,	,	,	,	,	,	,	,	,	,	,	,	,否,否,	,否,	,,	,否,	,否,,,否
【6年套装】云米净水器600G小海豚升级版厨下式RO反渗透直饮家用,251126-598422382980942,未发货，退款成功,1	,正常,2025-11-26 17:21:39,2025-11-27 17:21:39,2025-11-28 23:59:59,	,	,852932116812	,小海豚600G+6年滤芯套装,1812983769340	,厨房电器,净水器/净水设备及配件耗材,净水器,	,S2508151538001,	,聚水潭已取消发货 已退款   叶11.26,	,退款成功,,2025-11-26 17:21:39,	,,,,,,,否,否,	,否,	,,695.0	,0.0	,0.0	,30.0	,3.0	,0.0	,0.0	,0.0	,665.0	,695.0	,	,	,福建省,泉州市,惠安县,,,否,否,	,	,	,否,	,	,	,	,	,	,	,	,	,	,	,	,否,是,	,否,否,,	,否,	,否,,,否
VIOMI云米净水器600G小蓝调厨下式RO反渗透直饮家用6年长效,251126-533347766711885,已发货，待收货,1	,正常,2025-11-26 17:18:49,2025-11-27 17:18:49,,2025-11-27 09:13:24,	,850883552953	,RO反渗透除去重金属,1811278299045	,厨房电器,净水器/净水设备及配件耗材,净水器,	,6923185653592	,6923185653592	,	,	,无售后或售后取消,,2025-11-26 17:18:49,	,,,,,,,否,否,	,否,	,,599.2	,0.0	,0.0	,29.0	,0.0	,0.0	,0.0	,0.0	,570.2	,599.2	,JDV024282438326,京东配送,广东省,广州市,白云区,,,否,否,	,	,	,否,	,	,	,	,	,	,	,	,	,	,	,	,否,否,	,否,否,,	,否,	,否,,,否
【6年套装】云米净水器600G小海豚升级版厨下式RO反渗透直饮家用,251126-077405929860942,已取消,1	,正常,	,	,,	,	,852932116812	,小海豚600G+6年滤芯套装,1812983769340	,厨房电器,净水器/净水设备及配件耗材,净水器,	,S2508151538001,	,	,	,无售后或售后取消,,	,	,,,,,,,否,否,	,否,	,,695.0	,0.0	,0.0	,30.0	,0.0	,0.0	,0.0	,0.0	,665.0	,695.0	,	,	,****,****,****,****,,否,否,	,	,	,否,	,	,	,	,	,	,	,	,	,	,	,	,否,否,	,否,	,,	,否,	,否,,,否
VIOMI云米净水器600G小蓝调厨下式RO反渗透直饮家用6年长效,251126-383799805552391,已取消,1	,正常,	,	,,	,	,850883552953	,RO反渗透除去重金属,1811278299045	,厨房电器,净水器/净水设备及配件耗材,净水器,	,6923185653592	,6923185653592	,	,	,无售后或售后取消,,	,	,,,,,,,否,否,	,否,	,,599.2	,0.0	,0.0	,100.0	,0.0	,0.0	,0.0	,0.0	,499.2	,599.2	,	,	,****,****,****,****,,否,否,	,	,	,否,	,	,	,	,	,	,	,	,	,	,	,	,否,否,	,否,	,,	,否,	,否,,,否
VIOMI云米净水器600G小蓝调厨下式RO反渗透直饮家用6年长效,251126-365093271952536,未发货，退款成功,1	,正常,2025-11-26 17:04:44,2025-11-27 17:04:45,,	,	,850883552953	,RO反渗透除去重金属,1811278299045	,厨房电器,净水器/净水设备及配件耗材,净水器,	,6923185653592	,6923185653592	,聚水潭已取消发货 已退款   叶11.26,	,退款成功,,2025-11-26 17:04:45,	,,,,,,,否,否,	,否,	,,599.2	,0.0	,0.0	,100.0	,0.0	,0.0	,0.0	,0.0	,499.2	,599.2	,	,	,河南省,洛阳市,老城区,,,否,否,	,	,	,否,	,	,	,	,	,	,	,	,	,	,	,	,否,否,	,否,否,,	,否,	,否,,,否
【重磅新品】云米净水器600G小海豚升级版厨下式RO反渗透直饮家用,251126-276698284433822,已发货，待收货,1	,正常,2025-11-26 17:01:15,2025-11-27 17:01:15,,2025-11-27 09:38:01,	,225501370546	,小海豚600G,1813468330532	,厨房电器,净水器/净水设备及配件耗材,净水器,	,6923185653684	,6923185616399	,	,	,无售后或售后取消,,2025-11-26 17:01:15,	,,,,,,,否,否,	,否,	,,559.0	,0.0	,0.0	,0.0	,0.0	,0.0	,0.0	,0.0	,559.0	,559.0	,JDV024282447631,京东大件物流,广西壮族自治区,南宁市,武鸣区,,,否,否,	,	,	,否,	,	,	,	,	,	,	,	,	,	,	,	,否,是,	,否,否,,	,否,	,否,,,否
云米水槽下水器垃圾处理器粉碎机下水道厨余搅碎机抑菌厨房家用,251126-226859425344055,已取消,1	,正常,	,	,,	,	,852614628903	,【智能】厨余垃圾处理器,1812695452997	,厨房电器,食物垃圾处理机,食物垃圾处理机,	,6923185610250	,6923185610250	,	,	,无售后或售后取消,,	,	,,,,,,,否,否,	,否,	,,889.0	,0.0	,48.0	,32.0	,0.0	,0.0	,0.0	,0.0	,809.0	,841.0	,	,	,****,****,****,****,,否,否,	,	,	,否,	,	,	,	,	,	,	,	,	,	,	,	,否,否,	,否,	,,	,否,	,否,,,否
【6年套装】云米净水器600G小海豚升级版厨下式RO反渗透直饮家用,251126-145081045352092,已取消,1	,正常,	,	,,	,	,852932116812	,小海豚600G+6年滤芯套装,1812983769340	,厨房电器,净水器/净水设备及配件耗材,净水器,	,S2508151538001,	,	,	,无售后或售后取消,,	,	,,,,,,,否,否,	,否,	,,695.0	,0.0	,0.0	,0.0	,0.0	,0.0	,0.0	,0.0	,695.0	,695.0	,	,	,****,****,****,****,,否,否,	,	,	,否,	,	,	,	,	,	,	,	,	,	,	,	,否,否,	,否,	,,	,否,	,否,,,否
云米即热净水器厨房家用直饮RO反渗透加热净饮一体机1000G,251126-600383188483814,已取消,1	,正常,	,	,,	,	,364990106384	,即热直饮 1000G大通量,1455593712429	,厨房电器,净水器/净水设备及配件耗材,净水器,	,6923185651116	,6923185651116	,	,	,无售后或售后取消,,	,	,,,,,,,否,否,	,否,	,,1295.0	,0.0	,0.0	,65.0	,0.0	,0.0	,0.0	,0.0	,1230.0	,1295.0	,	,	,****,****,****,****,,否,否,	,	,	,否,	,	,	,	,	,	,	,	,	,	,	,	,否,否,	,否,	,,	,否,	,否,,,否
云米即热净水器厨房家用直饮RO反渗透加热净饮一体机1000G,251126-065357770260075,未发货，退款成功,1	,正常,2025-11-26 16:13:44,2025-11-27 16:13:44,,	,	,364990106384	,即热直饮 1000G大通量,1455593712429	,厨房电器,净水器/净水设备及配件耗材,净水器,	,6923185651116	,6923185651116	,聚水潭已取消发货 已退款   叶11.26,	,退款成功,,2025-11-26 16:13:44,	,,,,,,,否,否,	,否,	,,1295.0	,0.0	,0.0	,91.0	,0.0	,0.0	,0.0	,0.0	,1204.0	,1295.0	,	,	,河北省,邢台市,清河县,,,否,否,	,	,	,否,	,	,	,	,	,	,	,	,	,	,	,	,否,否,	,否,否,,	,否,	,否,,,否
【6年套装】云米净水器600G小海豚升级版厨下式RO反渗透直饮家用,251126-140215610971705,已取消,1	,正常,	,	,,	,	,852932116812	,小海豚600G+6年滤芯套装,1812983769340	,厨房电器,净水器/净水设备及配件耗材,净水器,	,S2508151538001,	,	,	,无售后或售后取消,,	,	,,,,,,,否,否,	,否,	,,695.0	,0.0	,0.0	,0.0	,0.0	,0.0	,0.0	,0.0	,695.0	,695.0	,	,	,****,****,****,****,,否,否,	,	,	,否,	,	,	,	,	,	,	,	,	,	,	,	,否,否,	,否,	,,	,否,	,否,,,否
【6年套装】云米净水器600G小海豚升级版厨下式RO反渗透直饮家用,251126-160578967131705,已取消,1	,正常,	,	,,	,	,852932116812	,小海豚600G+6年滤芯套装,1812983769340	,厨房电器,净水器/净水设备及配件耗材,净水器,	,S2508151538001,	,	,	,无售后或售后取消,,	,	,,,,,,,否,否,	,否,	,,695.0	,0.0	,0.0	,0.0	,0.0	,0.0	,0.0	,0.0	,695.0	,695.0	,	,	,****,****,****,****,,否,否,	,	,	,否,	,	,	,	,	,	,	,	,	,	,	,	,否,否,	,否,	,,	,否,	,否,,,否
云米即热净水器厨房家用直饮RO反渗透加热净饮一体机1000G,251126-608142650883814,已取消,1	,正常,	,	,,	,	,364990106384	,即热直饮 1000G大通量,1455593712429	,厨房电器,净水器/净水设备及配件耗材,净水器,	,6923185651116	,6923185651116	,	,	,无售后或售后取消,,	,	,,,,,,,否,否,	,否,	,,1295.0	,0.0	,0.0	,65.0	,0.0	,0.0	,0.0	,0.0	,1230.0	,1295.0	,	,	,****,****,****,****,,否,否,	,	,	,否,	,	,	,	,	,	,	,	,	,	,	,	,否,否,	,否,	,,	,否,	,否,,,否
云米电热水器50/60升洗澡家用浴室速热大容量省电防漏电警示安全,251126-408651098452674,已发货，待收货,1	,正常,2025-11-26 16:01:57,2025-11-27 16:01:58,,2025-11-26 19:41:11,	,691819698413	,60L速热加长防电墙5倍增容,1683563098526	,大家电,热水器,电热水器,	,6923185614937	,	,	,	,无售后或售后取消,,2025-11-26 16:01:58,	,,,,,,,否,否,	,否,	,,588.99	,0.0	,0.0	,100.0	,0.0	,0.0	,0.0	,0.0	,488.99	,588.99	,JDLD12916931307,京东大件物流,河北省,邯郸市,丛台区,,,否,否,	,	,	,否,	,	,	,	,	,	,	,	,	,	,	,	,否,否,	,否,否,,	,否,	,否,,,否
云米净水器滤芯家用小海豚小蓝调小白龙系列专用RO反渗透,251126-638603835702611,已收货，退款成功,1	,正常,2025-11-26 15:59:11,2025-11-28 15:59:11,,2025-11-26 18:13:05,2025-11-28 13:59:01,232467205433	,5in1 复合滤芯,1647394585330	,厨房电器,净水器/净水设备及配件耗材,净水器配件耗材,	,6923185627425	,	,到手价109一根 [viomi华华 11/26 15:59]==【补差】仅退款40 [viomi英英sk 11/28 14:03],	,退款成功,,2025-11-26 15:59:11,	,,,,,,,否,否,	,否,	,,149.0	,0.0	,0.0	,0.0	,0.0	,0.0	,0.0	,0.0	,149.0	,149.0	,JDV024274042082,京东配送,辽宁省,鞍山市,海城市,,,否,否,	,	,	,否,	,	,	,	,	,	,	,	,	,	,	,	,否,否,	,否,否,,	,否,	,否,,,否
云米净水器滤芯家用小海豚小蓝调小白龙系列专用RO反渗透,251126-122033292903337,已收货，退款成功,1	,正常,2025-11-26 15:42:35,2025-11-28 15:42:35,,2025-11-26 17:36:03,2025-11-27 20:23:00,232467205433	,5in1 复合滤芯,1647394585330	,厨房电器,净水器/净水设备及配件耗材,净水器配件耗材,	,6923185627425	,	,后返，复合滤芯到手价109一根 [viomi华华 11/26 15:43]=149-109=40差价仅退款 [viomi慧慧sk 11/27 20:26],	,退款成功,,2025-11-26 15:42:35,	,,,,,,,否,否,	,否,	,,149.0	,0.0	,0.0	,0.0	,0.0	,0.0	,0.0	,0.0	,149.0	,149.0	,JDV024273634085,京东配送,浙江省,杭州市,西湖区,,,否,否,	,	,	,否,	,	,	,	,	,	,	,	,	,	,	,	,否,否,	,否,否,,	,否,	,否,,,否
【重磅新品】云米净水器600G小海豚升级版厨下式RO反渗透直饮家用,251126-279938384200198,已发货，待收货,1	,正常,2025-11-26 15:44:16,2025-11-27 15:44:17,,2025-11-26 20:27:18,	,225501370546	,小海豚600G,1813468330532	,厨房电器,净水器/净水设备及配件耗材,净水器,	,6923185653684	,6923185616399	,	,	,无售后或售后取消,,2025-11-26 15:44:17,	,,,,,,,否,否,	,否,	,,559.0	,0.0	,0.0	,0.0	,0.0	,0.0	,0.0	,0.0	,559.0	,559.0	,JDV024276071205,京东大件物流,广东省,汕尾市,陆河县,,,否,否,	,	,	,否,	,	,	,	,	,	,	,	,	,	,	,	,否,否,	,否,否,,	,否,	,否,,,否
VIOMI云米净水器大通量小海豚800G反渗透RO厨下式家用长效滤芯,251126-158104338751317,已发货，待收货,1	,正常,2025-11-26 15:37:06,2025-11-27 15:37:06,2025-11-27 23:59:59,2025-11-26 19:34:08,	,837957770723	,800G大通量纯水机,1809123722986	,厨房电器,净水器/净水设备及配件耗材,净水器,	,6923185653974	,	,	,	,无售后或售后取消,,2025-11-26 15:37:06,	,,,,,,,否,否,	,否,	,,749.0	,0.0	,0.0	,0.0	,0.0	,0.0	,0.0	,0.0	,749.0	,749.0	,JDV024275373407,京东配送,广东省,汕头市,龙湖区,,,否,否,	,	,	,否,	,	,	,	,	,	,	,	,	,	,	,	,否,否,	,否,否,,	,否,	,否,,,否
【重磅新品】云米净水器600G小海豚升级版厨下式RO反渗透直饮家用,251126-248439139893391,已发货，待收货,1	,正常,2025-11-26 15:32:30,2025-11-27 15:32:31,,2025-11-26 20:27:44,	,225501370546	,小海豚600G,1813468330532	,厨房电器,净水器/净水设备及配件耗材,净水器,	,6923185653684	,6923185616399	,18560213296安装 [viomi慧慧sk 11/27 16:54],	,无售后或售后取消,,2025-11-26 15:32:31,	,,,,,,,否,否,	,否,	,,559.0	,0.0	,0.0	,33.54	,0.0	,0.0	,0.0	,0.0	,525.46	,559.0	,JDV024275795180,京东大件物流,山东省,济南市,章丘区,,,否,否,	,	,	,否,	,	,	,	,	,	,	,	,	,	,	,	,否,否,	,否,是,3	,商家,否,	,否,,信用卡分期,否
【重磅新品】云米净水器600G小海豚升级版厨下式RO反渗透直饮家用,251126-384502361662612,已取消,1	,正常,	,	,,	,	,225501370546	,小海豚600G,1813468330532	,厨房电器,净水器/净水设备及配件耗材,净水器,	,6923185653684	,6923185616399	,	,	,无售后或售后取消,,	,	,,,,,,,否,否,	,否,	,,559.0	,0.0	,0.0	,0.0	,0.0	,0.0	,0.0	,0.0	,559.0	,559.0	,	,	,****,****,****,****,,否,否,	,	,	,否,	,	,	,	,	,	,	,	,	,	,	,	,否,否,	,否,	,,	,否,	,否,,,否
【重磅新品】云米净水器600G小海豚升级版厨下式RO反渗透直饮家用,251126-126667988610928,已发货，待收货,1	,正常,2025-11-26 15:28:26,2025-11-27 15:28:26,,2025-11-27 09:38:01,	,225501370546	,小海豚600G,1813468330532	,厨房电器,净水器/净水设备及配件耗材,净水器,	,6923185653684	,6923185616399	,	,	,无售后或售后取消,,2025-11-26 15:28:26,	,,,,,,,否,否,	,否,	,,559.0	,0.0	,0.0	,0.0	,0.2	,0.0	,0.0	,0.0	,559.0	,559.0	,JDV024282735838,京东大件物流,上海市,上海市,闵行区,,,否,否,	,	,	,否,	,	,	,	,	,	,	,	,	,	,	,	,否,否,	,否,否,,	,否,	,否,,,否
VIOMI云米净水器600G小蓝调厨下式RO反渗透直饮家用6年长效,251126-186615120311885,已发货，待收货,1	,正常,2025-11-26 15:25:12,2025-11-27 15:25:12,,2025-11-26 19:18:03,	,850883552953	,RO反渗透除去重金属,1811278299045	,厨房电器,净水器/净水设备及配件耗材,净水器,	,6923185653592	,6923185653592	,	,	,无售后或售后取消,,2025-11-26 15:25:12,	,,,,,,,否,否,	,否,	,,599.2	,0.0	,0.0	,32.0	,0.0	,0.0	,0.0	,0.0	,567.2	,599.2	,JDV024276146398,京东配送,广东省,广州市,白云区,,,否,否,	,	,	,否,	,	,	,	,	,	,	,	,	,	,	,	,否,否,	,否,否,,	,否,	,否,,,否
【6年套装】云米净水器600G小海豚升级版厨下式RO反渗透直饮家用,251126-565224466732609,已取消,1	,正常,	,	,,	,	,852932116812	,小海豚600G+6年滤芯套装,1812983769340	,厨房电器,净水器/净水设备及配件耗材,净水器,	,S2508151538001,	,	,	,无售后或售后取消,,	,	,,,,,,,否,否,	,否,	,,695.0	,0.0	,0.0	,0.0	,0.0	,0.0	,0.0	,0.0	,695.0	,695.0	,	,	,****,****,****,****,,否,否,	,	,	,否,	,	,	,	,	,	,	,	,	,	,	,	,否,否,	,否,	,,	,否,	,否,,,否
云米即热净水器厨房家用直饮RO反渗透加热净饮一体机1000G,251126-332209908091160,已发货，待收货,1	,正常,2025-11-26 15:17:56,2025-11-27 15:17:56,,2025-11-26 20:00:13,	,364990106384	,即热直饮 1000G大通量,1455593712429	,厨房电器,净水器/净水设备及配件耗材,净水器,	,6923185651116	,6923185651116	,后返，送复合滤芯1根,	,无售后或售后取消,,2025-11-26 15:17:56,	,,,,,,,否,否,	,否,	,,1295.0	,0.0	,0.0	,50.0	,0.0	,0.0	,0.0	,0.0	,1245.0	,1295.0	,JDV024276126032,京东配送,湖北省,鄂州市,鄂城区,,,否,否,	,	,	,否,	,	,	,	,	,	,	,	,	,	,	,	,否,否,	,否,否,,	,否,	,否,,,否
【6年套装】云米净水器600G小海豚升级版厨下式RO反渗透直饮家用,251126-216562439751011,已收货,1	,正常,2025-11-26 15:05:09,2025-11-27 15:05:10,,2025-11-27 09:38:02,2025-11-28 20:07:11,852932116812	,小海豚600G+6年滤芯套装,1812983769340	,厨房电器,净水器/净水设备及配件耗材,净水器,	,S2508151538001,	,	,	,无售后或售后取消,,2025-11-26 15:05:10,	,,,,,,,否,否,	,否,	,,695.0	,0.0	,0.0	,0.0	,0.0	,0.0	,0.0	,0.0	,695.0	,695.0	,JDV024282726227,京东大件物流,湖北省,荆州市,沙市区,,,否,否,	,	,	,否,	,	,	,	,	,	,	,	,	,	,	,	,否,否,	,否,否,,	,否,	,否,,,否
【母婴直饮】云米净水器 SE 600G+ 新升级厨下式RO反渗透直饮家用,251126-296600215042618,已取消,1	,正常,	,	,,	,	,819506595979	,【24年新品】600G升级版6年长效,1787046011387	,厨房电器,净水器/净水设备及配件耗材,净水器,	,6923185653684	,6923185616399	,	,	,无售后或售后取消,,	,	,,,,,,,否,否,	,否,	,,748.0	,0.0	,149.6	,0.0	,0.0	,0.0	,0.0	,0.0	,598.4	,598.4	,	,	,****,****,****,****,,否,否,	,	,	,否,	,	,	,	,	,	,	,	,	,	,	,	,否,否,	,否,	,,	,否,	,否,,,否
VIOMI云米净水器600G小蓝调厨下式RO反渗透直饮家用6年长效,251126-101261033770814,已取消,1	,正常,	,	,,	,	,850883552953	,RO反渗透除去重金属,1811278299045	,厨房电器,净水器/净水设备及配件耗材,净水器,	,6923185653592	,6923185653592	,	,	,无售后或售后取消,,	,	,,,,,,,否,否,	,否,	,,599.2	,0.0	,0.0	,100.0	,0.0	,0.0	,0.0	,0.0	,499.2	,599.2	,	,	,****,****,****,****,,否,否,	,	,	,否,	,	,	,	,	,	,	,	,	,	,	,	,否,否,	,否,	,,	,否,	,否,,,否
云米即热净水器厨房家用直饮RO反渗透加热净饮一体机1000G,251126-589394122252246,已取消,1	,正常,	,	,,	,	,364990106384	,即热直饮 1000G大通量,1455593712429	,厨房电器,净水器/净水设备及配件耗材,净水器,	,6923185651116	,6923185651116	,	,	,无售后或售后取消,,	,	,,,,,,,否,否,	,否,	,,1295.0	,0.0	,0.0	,100.0	,0.0	,0.0	,0.0	,0.0	,1195.0	,1295.0	,	,	,****,****,****,****,,否,否,	,	,	,否,	,	,	,	,	,	,	,	,	,	,	,	,否,否,	,否,	,,	,否,	,否,,,否
云米电热水器50/60升洗澡家用浴室速热大容量省电防漏电安全保温,251126-245345861953882,已发货，待收货,1	,正常,2025-11-26 14:22:25,2025-11-27 14:22:26,,2025-11-26 19:41:11,	,436320010098	,"速热长效保温安全电热水器,60L【3-4人】",1756921788833	,大家电,热水器,电热水器,	,6923185614937	,6923185614920	,	,	,无售后或售后取消,,2025-11-26 14:22:26,	,,,,,,,否,否,	,否,	,,586.0	,0.0	,30.0	,20.0	,0.0	,0.0	,0.0	,0.0	,536.0	,556.0	,JDLD12916734799,京东大件物流,广东省,汕头市,潮阳区,,,否,否,	,	,	,否,	,	,	,	,	,	,	,	,	,	,	,	,否,否,	,否,否,,	,否,	,否,,,否
云米小厨宝6L电热水器厨房卫生间出水恒温储水式小型速热神器加热,251126-634881338882174,已取消,1	,正常,	,	,,	,	,208073193570	,热水即刻有-【6L】,1801828025682	,大家电,热水器,厨宝,	,6923185611233	,6923185611233	,	,	,无售后或售后取消,,	,	,,,,,,,否,否,	,否,	,,253.0	,0.0	,0.0	,0.0	,0.0	,0.0	,0.0	,0.0	,253.0	,253.0	,	,	,****,****,****,****,,否,否,	,	,	,否,	,	,	,	,	,	,	,	,	,	,	,	,否,否,	,否,	,,	,否,	,否,,,否
【6年套装】云米净水器600G小海豚升级版厨下式RO反渗透直饮家用,251126-217810214403892,已取消,1	,正常,	,	,,	,	,852932116812	,小海豚600G+6年滤芯套装,1812983769340	,厨房电器,净水器/净水设备及配件耗材,净水器,	,S2508151538001,	,	,	,无售后或售后取消,,	,	,,,,,,,否,否,	,否,	,,695.0	,0.0	,0.0	,0.0	,0.0	,0.0	,0.0	,0.0	,695.0	,695.0	,	,	,****,****,****,****,,否,否,	,	,	,否,	,	,	,	,	,	,	,	,	,	,	,	,否,否,	,否,	,,	,否,	,否,,,否
VIOMI云米净水器600G小蓝调厨下式RO反渗透直饮家用6年长效,251126-291808274810014,已取消,1	,正常,	,	,,	,	,850883552953	,RO反渗透除去重金属,1811278299045	,厨房电器,净水器/净水设备及配件耗材,净水器,	,6923185653592	,6923185653592	,	,	,无售后或售后取消,,	,	,,,,,,,否,否,	,否,	,,599.2	,0.0	,0.0	,20.0	,0.0	,0.0	,0.0	,0.0	,579.2	,599.2	,	,	,****,****,****,****,,否,否,	,	,	,否,	,	,	,	,	,	,	,	,	,	,	,	,否,否,	,否,	,,	,否,	,否,,,否
【重磅新品】云米净水器600G小海豚升级版厨下式RO反渗透直饮家用,251126-040999391530170,已发货，待收货,1	,正常,2025-11-26 13:47:47,2025-11-27 13:47:47,,2025-11-26 20:27:18,	,225501370546	,小海豚600G,1813468330532	,厨房电器,净水器/净水设备及配件耗材,净水器,	,6923185653684	,6923185616399	,	,	,无售后或售后取消,,2025-11-26 13:47:47,	,,,,,,,否,否,	,否,	,,559.0	,0.0	,0.0	,0.0	,5.0	,0.0	,0.0	,0.0	,559.0	,559.0	,JDV024273176677,京东大件物流,重庆市,重庆市,九龙坡区,,,否,否,	,	,	,否,	,	,	,	,	,	,	,	,	,	,	,	,否,否,	,否,否,,	,否,	,否,,,否
云米5.2KW智能燃气灶大火力爆炒灶具一级节能家用厨房双灶头台嵌,251126-185860145491157,已取消,1	,正常,	,	,,	,	,738372436858	,5.2KW聚能猛火灶（天然气）,1727247957279	,大家电,厨房大电,燃气灶,	,6923185650348	,	,	,	,无售后或售后取消,,	,	,,,,,,,否,否,	,否,	,,699.0	,0.0	,0.0	,55.92	,0.0	,0.0	,0.0	,0.0	,643.08	,699.0	,	,	,****,****,****,****,,否,否,	,	,	,否,	,	,	,	,	,	,	,	,	,	,	,	,否,否,	,否,	,,	,否,	,否,,,否
VIOMI云米净水器1000G厨下直饮小体积净水机RO机智显龙头3秒满杯,251126-378347230741337,已发货，待收货,2	,正常,2025-11-26 13:35:42,2025-11-27 13:35:42,,2025-11-26 19:14:07,	,309517106373	,复合滤芯,1803020722098	,厨房电器,净水器/净水设备及配件耗材,净水器,	,6923185653998	,	,补差后返 到手价198元,	,无售后或售后取消,,2025-11-26 13:35:42,	,,,,,,,否,否,	,否,	,,598.0	,0.0	,59.8	,20.0	,0.0	,0.0	,0.0	,0.0	,518.2	,538.2	,JDV024273103635,京东配送,北京市,北京市,昌平区,,,否,否,	,	,	,否,	,	,	,	,	,	,	,	,	,	,	,	,否,否,	,否,否,,	,否,	,否,,,否
【重磅新品】云米净水器600G小海豚升级版厨下式RO反渗透直饮家用,251126-241958981923676,未发货，退款成功,1	,正常,2025-11-26 13:30:38,2025-12-07 13:30:38,,	,	,225501370546	,小海豚600G,1813468330532	,厨房电器,净水器/净水设备及配件耗材,净水器,	,6923185653684	,6923185616399	,聚水潭已取消发货已退款 11.28梓晖,	,退款成功,,2025-11-26 13:30:38,	,,,,,,,否,否,	,否,	,,559.0	,0.0	,0.0	,0.0	,0.2	,0.0	,0.0	,0.0	,559.0	,559.0	,	,	,辽宁省,锦州市,太和区,,,否,否,	,	,	,否,	,	,	,	,	,	,	,	,	,	,	,	,否,否,	,否,否,,	,否,	,否,,,否
【重磅新品】云米净水器600G小海豚升级版厨下式RO反渗透直饮家用,251126-628506038563676,未发货，退款成功,1	,正常,2025-11-26 13:30:01,2025-12-07 13:30:01,,	,	,225501370546	,小海豚600G,1813468330532	,厨房电器,净水器/净水设备及配件耗材,净水器,	,6923185653684	,6923185616399	,聚水潭取消发货已退款 11.28梓晖,	,退款成功,,2025-11-26 13:30:01,	,,,,,,,否,否,	,否,	,,559.0	,0.0	,0.0	,0.0	,1.11	,0.0	,0.0	,0.0	,559.0	,559.0	,	,	,辽宁省,锦州市,太和区,,,否,否,	,	,	,否,	,	,	,	,	,	,	,	,	,	,	,	,否,否,	,否,否,,	,否,	,否,,,否
VIOMI云米净水器1000G厨下直饮小体积净水机RO机智显龙头3秒满杯,251126-472572259861337,已发货，待收货,1	,正常,2025-11-26 13:28:30,2025-11-27 13:28:30,,2025-11-26 20:27:18,	,842195971715	,1000G大通量RO净水器,1803617356458	,厨房电器,净水器/净水设备及配件耗材,净水器,	,6923185654247	,	,15624976123安装 [viomi莉莉sk 11/28 21:06],	,无售后或售后取消,,2025-11-26 13:28:30,	,,,,,,,否,否,	,否,	,,823.0	,0.0	,50.0	,0.0	,1.54	,0.0	,0.0	,0.0	,773.0	,773.0	,JDV024273019340,京东大件物流,北京市,北京市,昌平区,,,否,否,	,	,	,否,	,	,	,	,	,	,	,	,	,	,	,	,否,否,	,否,否,,	,否,	,否,,,否
【重磅新品】云米净水器600G小海豚升级版厨下式RO反渗透直饮家用,251126-195727266163434,已取消,1	,正常,	,	,,	,	,225501370546	,小海豚600G,1813468330532	,厨房电器,净水器/净水设备及配件耗材,净水器,	,6923185653684	,6923185616399	,	,	,无售后或售后取消,,	,	,,,,,,,否,否,	,否,	,,559.0	,0.0	,0.0	,50.0	,0.0	,0.0	,0.0	,0.0	,509.0	,559.0	,	,	,****,****,****,****,,否,否,	,	,	,否,	,	,	,	,	,	,	,	,	,	,	,	,否,否,	,否,	,,	,否,	,否,,,否
【母婴直饮】云米净水器 SE 600G+ 新升级厨下式RO反渗透直饮家用,251126-526091589250393,已取消,1	,正常,	,	,,	,	,819506595979	,【24年新品】600G升级版6年长效,1787046011387	,厨房电器,净水器/净水设备及配件耗材,净水器,	,6923185653684	,6923185616399	,	,	,无售后或售后取消,,	,	,,,,,,,否,否,	,否,	,,748.0	,0.0	,139.6	,50.0	,0.0	,0.0	,0.0	,0.0	,558.4	,608.4	,	,	,****,****,****,****,,否,否,	,	,	,否,	,	,	,	,	,	,	,	,	,	,	,	,否,否,	,否,	,,	,否,	,否,,,否
【重磅新品】云米净水器600G小海豚升级版厨下式RO反渗透直饮家用,251126-567132875043676,已取消,1	,正常,	,	,,	,	,225501370546	,小海豚600G,1813468330532	,厨房电器,净水器/净水设备及配件耗材,净水器,	,6923185653684	,6923185616399	,	,	,无售后或售后取消,,	,	,,,,,,,否,否,	,否,	,,559.0	,0.0	,0.0	,0.0	,0.0	,0.0	,0.0	,0.0	,559.0	,559.0	,	,	,****,****,****,****,,否,否,	,	,	,否,	,	,	,	,	,	,	,	,	,	,	,	,否,否,	,否,	,,	,否,	,否,,,否
云米顶侧大吸力蓝调油烟机家用厨房节能自清洁一级能效可挥手智控,251126-464246587690817,已取消,1	,正常,	,	,,	,	,657344402006	,云米智清洁挥手智控单烟机,1723825075586	,大家电,厨房大电,油烟机,	,6923185650973	,6923185650973	,	,	,无售后或售后取消,,	,	,,,,,,,否,否,	,否,	,,839.0	,0.0	,48.0	,32.0	,0.0	,0.0	,0.0	,0.0	,759.0	,791.0	,	,	,****,****,****,****,,否,否,	,	,	,否,	,	,	,	,	,	,	,	,	,	,	,	,否,否,	,否,	,,	,否,	,否,,,否
云米即热净水器厨房家用直饮RO反渗透加热净饮一体机1000G,251126-511799540030898,待发货,1	,正常,2025-11-26 13:10:53,2025-12-20 13:10:53,,	,	,364990106384	,即热直饮 1000G大通量,1455593712429	,厨房电器,净水器/净水设备及配件耗材,净水器,	,6923185651116	,6923185651116	,	,	,无售后或售后取消,,2025-11-26 13:10:53,	,,,,,,,否,否,	,否,	,,1295.0	,0.0	,0.0	,129.33	,0.0	,0.0	,0.0	,0.0	,1165.67	,1295.0	,	,	,江苏省,盐城市,盐都区,,,否,否,	,	,	,否,	,	,	,	,	,	,	,	,	,	,	,	,否,否,	,否,否,,	,否,	,否,,,否
云米AI燃气热水器 智控恒温防冻节能安全水质净化精准控温13L强排,251126-552935145793113,未发货，退款成功,1	,正常,2025-11-26 13:08:27,2025-11-27 13:08:28,,	,	,774960777953	,智控恒温燃气热水器,1756760299679	,大家电,热水器,燃气热水器,	,6923185655688	,6923185655688	,聚水潭已取消发货 已退款   叶11.26,	,退款成功,,2025-11-26 13:08:28,	,,,,,,,否,否,	,否,	,,593.0	,0.0	,0.0	,0.0	,0.0	,0.0	,0.0	,0.0	,593.0	,593.0	,	,	,山西省,晋城市,城区,,,否,否,	,	,	,否,	,	,	,	,	,	,	,	,	,	,	,	,否,否,	,否,否,,	,否,	,否,,,否
【重磅新品】云米净水器600G小海豚升级版厨下式RO反渗透直饮家用,251126-136755331383761,已取消,1	,正常,	,	,,	,	,225501370546	,小海豚600G,1813468330532	,厨房电器,净水器/净水设备及配件耗材,净水器,	,6923185653684	,6923185616399	,	,	,无售后或售后取消,,	,	,,,,,,,否,否,	,否,	,,559.0	,0.0	,0.0	,0.0	,0.0	,0.0	,0.0	,0.0	,559.0	,559.0	,	,	,****,****,****,****,,否,否,	,	,	,否,	,	,	,	,	,	,	,	,	,	,	,	,否,否,	,否,	,,	,否,	,否,,,否
云米60升AI速热高温抑菌电热水器3000W一级节能变频增容家用租房,251126-596513922642992,已取消,1	,正常,	,	,,	,	,226368376224	,3000W速热安全60L热水器,1737176648260	,大家电,热水器,电热水器,	,6923185602224	,6923185602224	,	,	,无售后或售后取消,,	,	,,,,,,,否,否,	,否,	,,654.0	,0.0	,36.0	,24.0	,0.0	,0.0	,0.0	,0.0	,594.0	,618.0	,	,	,****,****,****,****,,否,否,	,	,	,否,	,	,	,	,	,	,	,	,	,	,	,	,否,否,	,否,	,,	,否,	,否,,,否
VIOMI云米净水器600G小蓝调厨下式RO反渗透直饮家用6年长效,251126-452534004102284,已发货，待收货,1	,正常,2025-11-26 13:03:43,2025-11-27 13:03:44,,2025-11-26 19:18:06,	,850883552953	,RO反渗透除去重金属,1811278299045	,厨房电器,净水器/净水设备及配件耗材,净水器,	,6923185653592	,6923185653592	,15759325125 安装 [viomi范范sk 11/28 15:34],	,无售后或售后取消,,2025-11-26 13:03:44,	,,,,,,,否,否,	,否,	,,599.2	,0.0	,0.0	,100.0	,0.0	,0.0	,0.0	,0.0	,499.2	,599.2	,JDV024273013095,京东配送,福建省,漳州市,云霄县,,,否,否,	,	,	,否,	,	,	,	,	,	,	,	,	,	,	,	,否,否,	,否,否,,	,否,	,否,,,否
云米AI燃气热水器 智控恒温防冻节能安全水质净化精准控温13L强排,251126-584360968513113,已取消,1	,正常,	,	,,	,	,774960777953	,智控恒温燃气热水器,1756760299679	,大家电,热水器,燃气热水器,	,6923185655688	,6923185655688	,	,	,无售后或售后取消,,	,	,,,,,,,否,否,	,否,	,,593.0	,0.0	,0.0	,0.0	,0.0	,0.0	,0.0	,0.0	,593.0	,593.0	,	,	,****,****,****,****,,否,否,	,	,	,否,	,	,	,	,	,	,	,	,	,	,	,	,否,否,	,否,	,,	,否,	,否,,,否
【重磅新品】云米净水器600G小海豚升级版厨下式RO反渗透直饮家用,251126-274622072350450,已取消,1	,正常,	,	,,	,	,225501370546	,小海豚600G,1813468330532	,厨房电器,净水器/净水设备及配件耗材,净水器,	,6923185653684	,6923185616399	,	,	,无售后或售后取消,,	,	,,,,,,,否,否,	,否,	,,559.0	,0.0	,0.0	,0.0	,0.0	,0.0	,0.0	,0.0	,559.0	,559.0	,	,	,****,****,****,****,,否,否,	,	,	,否,	,	,	,	,	,	,	,	,	,	,	,	,否,否,	,否,	,,	,否,	,否,,,否
VIOMI云米净水器600G小蓝调厨下式RO反渗透直饮家用6年长效,251126-355813343561448,已取消,1	,正常,	,	,,	,	,850883552953	,RO反渗透除去重金属,1811278299045	,厨房电器,净水器/净水设备及配件耗材,净水器,	,6923185653592	,6923185653592	,	,	,无售后或售后取消,,	,	,,,,,,,否,否,	,否,	,,599.2	,0.0	,0.0	,50.0	,0.0	,0.0	,0.0	,0.0	,549.2	,599.2	,	,	,****,****,****,****,,否,否,	,	,	,否,	,	,	,	,	,	,	,	,	,	,	,	,否,否,	,否,	,,	,否,	,否,,,否
云米AI燃气热水器 智控恒温防冻节能安全水质净化精准控温13L强排,251126-381545387580175,已发货，待收货,1	,正常,2025-11-26 12:47:07,2025-11-27 12:47:08,,2025-11-26 14:54:51,	,774960777953	,智控恒温燃气热水器,1756760299679	,大家电,热水器,燃气热水器,	,6923185655688	,6923185655688	,TH2C393777794    SF3272424285022   待退回佛山11.28,	,售后处理中,,2025-11-26 12:47:08,	,,,,,,,否,否,	,否,	,,593.0	,0.0	,0.0	,0.0	,0.0	,0.0	,0.0	,0.0	,593.0	,593.0	,JDV024270163550,京东配送,广东省,河源市,紫金县,,,否,否,	,	,	,否,	,	,	,	,	,	,	,	,	,	,	,	,否,否,	,否,否,,	,否,	,否,,,否
云米即热净水器厨房家用直饮RO反渗透加热净饮一体机1000G,251126-228589638052848,未发货，退款成功,1	,正常,2025-11-26 12:49:47,2025-11-27 12:49:47,,	,	,364990106384	,即热直饮 1000G大通量,1455593712429	,厨房电器,净水器/净水设备及配件耗材,净水器,	,6923185651116	,6923185651116	,后返，送复合滤芯1根  已挂起锁定  无需发货  已退款成功 11.26,	,退款成功,,2025-11-26 12:49:47,	,,,,,,,否,否,	,否,	,,1295.0	,0.0	,0.0	,100.0	,2.39	,0.0	,0.0	,0.0	,1195.0	,1295.0	,	,	,江苏省,泰州市,高港区,,,否,否,	,	,	,否,	,	,	,	,	,	,	,	,	,	,	,	,否,否,	,否,否,,	,否,	,否,,,否
【重磅新品】云米净水器600G小海豚升级版厨下式RO反渗透直饮家用,251126-366749969992867,已发货，待收货,1	,正常,2025-11-26 12:44:32,2025-11-27 12:44:32,,2025-11-26 20:27:18,	,225501370546	,小海豚600G,1813468330532	,厨房电器,净水器/净水设备及配件耗材,净水器,	,6923185653684	,6923185616399	,	,	,无售后或售后取消,,2025-11-26 12:44:32,	,,,,,,,否,否,	,否,	,,559.0	,0.0	,0.0	,3.0	,6.0	,0.0	,0.0	,0.0	,556.0	,559.0	,JDV024271557622,京东大件物流,山东省,泰安市,新泰市,,,否,否,	,	,	,否,	,	,	,	,	,	,	,	,	,	,	,	,否,否,	,否,否,,	,否,	,否,,,否
VIOMI云米净水器600G小蓝调厨下式RO反渗透直饮家用6年长效,251126-470349310342284,未发货，退款成功,1	,正常,2025-11-26 12:41:43,2025-11-27 12:41:43,,	,	,850883552953	,RO反渗透除去重金属,1811278299045	,厨房电器,净水器/净水设备及配件耗材,净水器,	,6923185653592	,6923185653592	,聚水潭已取消发货 已退款   叶11.26,	,退款成功,,2025-11-26 12:41:43,	,,,,,,,否,否,	,否,	,,599.2	,0.0	,0.0	,100.0	,0.2	,0.0	,0.0	,0.0	,499.2	,599.2	,	,	,福建省,漳州市,云霄县,,,否,否,	,	,	,否,	,	,	,	,	,	,	,	,	,	,	,	,否,否,	,否,否,,	,否,	,否,,,否
【6年套装】云米净水器600G小海豚升级版厨下式RO反渗透直饮家用,251126-232091881912356,已发货，待收货,1	,正常,2025-11-26 12:41:36,2025-11-27 12:41:36,,2025-11-26 16:16:24,	,852932116812	,小海豚600G+6年滤芯套装,1812983769340	,厨房电器,净水器/净水设备及配件耗材,净水器,	,S2508151538001,	,后返，送TDS笔,	,无售后或售后取消,,2025-11-26 12:41:36,	,,,,,,,否,否,	,否,	,,695.0	,0.0	,0.0	,0.0	,0.0	,0.0	,0.0	,0.0	,695.0	,695.0	,JDV024271514081,京东大件物流,山东省,临沂市,兰山区,,,否,否,	,	,	,否,	,	,	,	,	,	,	,	,	,	,	,	,否,否,	,否,否,,	,否,	,否,,,否
【重磅新品】云米净水器600G小海豚升级版厨下式RO反渗透直饮家用,251126-064550366812838,已发货，待收货,1	,正常,2025-11-26 12:40:32,2025-11-27 12:40:32,,2025-11-26 20:27:18,	,225501370546	,小海豚600G,1813468330532	,厨房电器,净水器/净水设备及配件耗材,净水器,	,6923185653684	,6923185616399	,18202190013安装 [viomi慧慧sk 11/27 22:21],	,无售后或售后取消,,2025-11-26 12:40:32,	,,,,,,,否,否,	,否,	,,559.0	,0.0	,0.0	,0.0	,0.0	,0.0	,0.0	,0.0	,559.0	,559.0	,JDV024272566756,京东大件物流,湖北省,武汉市,洪山区,,,否,否,	,	,	,否,	,	,	,	,	,	,	,	,	,	,	,	,否,否,	,否,否,,	,否,	,否,,,否
【重磅新品】云米净水器600G小海豚升级版厨下式RO反渗透直饮家用,251126-322667856182549,已发货，待收货,1	,正常,2025-11-26 12:32:05,2025-11-27 12:32:06,,2025-11-26 16:16:24,	,225501370546	,小海豚600G,1813468330532	,厨房电器,净水器/净水设备及配件耗材,净水器,	,6923185653684	,6923185616399	,	,	,无售后或售后取消,,2025-11-26 12:32:06,	,,,,,,,否,否,	,否,	,,559.0	,0.0	,0.0	,0.0	,0.0	,0.0	,0.0	,0.0	,559.0	,559.0	,JDV024271234280,京东大件物流,河南省,南阳市,卧龙区,,,否,否,	,	,	,否,	,	,	,	,	,	,	,	,	,	,	,	,否,否,	,否,否,,	,否,	,否,,,否
【母婴直饮】云米净水器 SE 600G+ 新升级厨下式RO反渗透直饮家用,251126-349175888183679,已发货，待收货,1	,正常,2025-11-26 12:28:13,2025-11-27 12:28:13,,2025-11-26 16:29:59,	,819506595979	,【24年新品】600G升级版6年长效,1787046011387	,厨房电器,净水器/净水设备及配件耗材,净水器,	,6923185653684	,6923185616399	,	,	,无售后或售后取消,,2025-11-26 12:28:13,	,,,,,,,否,否,	,否,	,,748.0	,0.0	,129.6	,100.0	,0.0	,0.0	,0.0	,0.0	,518.4	,618.4	,JDV024272548351,京东配送,上海市,上海市,奉贤区,,,否,否,	,	,	,否,	,	,	,	,	,	,	,	,	,	,	,	,否,否,	,否,是,3	,商家,否,	,否,,信用卡分期,否
【6年套装】云米净水器600G小海豚升级版厨下式RO反渗透直饮家用,251126-043935404412539,已发货，待收货,1	,正常,2025-11-26 12:23:54,2025-11-27 12:23:55,,2025-11-26 20:27:19,	,852932116812	,小海豚600G+6年滤芯套装,1812983769340	,厨房电器,净水器/净水设备及配件耗材,净水器,	,S2508151538001,	,	,	,无售后或售后取消,,2025-11-26 12:23:55,	,,,,,,,否,否,	,否,	,,695.0	,0.0	,0.0	,50.0	,0.2	,0.0	,0.0	,0.0	,645.0	,695.0	,JDV024273103374,京东大件物流,广东省,云浮市,郁南县,,,否,否,	,	,	,否,	,	,	,	,	,	,	,	,	,	,	,	,否,否,	,否,否,,	,否,	,否,,,否
【6年套装】云米净水器600G小海豚升级版厨下式RO反渗透直饮家用,251126-413348708793572,已取消,1	,正常,	,	,,	,	,852932116812	,小海豚600G+6年滤芯套装,1812983769340	,厨房电器,净水器/净水设备及配件耗材,净水器,	,S2508151538001,	,	,	,无售后或售后取消,,	,	,,,,,,,否,否,	,否,	,,695.0	,0.0	,0.0	,0.0	,0.0	,0.0	,0.0	,0.0	,695.0	,695.0	,	,	,****,****,****,****,,否,否,	,	,	,否,	,	,	,	,	,	,	,	,	,	,	,	,否,否,	,否,	,,	,否,	,否,,,否
【重磅新品】云米净水器600G小海豚升级版厨下式RO反渗透直饮家用,251126-094424286841110,已取消,1	,正常,	,	,,	,	,225501370546	,小海豚600G,1813468330532	,厨房电器,净水器/净水设备及配件耗材,净水器,	,6923185653684	,6923185616399	,	,	,无售后或售后取消,,	,	,,,,,,,否,否,	,否,	,,559.0	,0.0	,0.0	,0.0	,0.0	,0.0	,0.0	,0.0	,559.0	,559.0	,	,	,****,****,****,****,,否,否,	,	,	,否,	,	,	,	,	,	,	,	,	,	,	,	,否,否,	,否,	,,	,否,	,否,,,否
【重磅新品】云米净水器600G小海豚升级版厨下式RO反渗透直饮家用,251126-198264778361110,已取消,1	,正常,	,	,,	,	,225501370546	,小海豚600G,1813468330532	,厨房电器,净水器/净水设备及配件耗材,净水器,	,6923185653684	,6923185616399	,	,	,无售后或售后取消,,	,	,,,,,,,否,否,	,否,	,,559.0	,0.0	,0.0	,33.54	,0.0	,0.0	,0.0	,0.0	,525.46	,559.0	,	,	,****,****,****,****,,否,否,	,	,	,否,	,	,	,	,	,	,	,	,	,	,	,	,否,否,	,否,	,,	,否,	,否,,,否
云米小厨宝6L电热水器厨房卫生间出水恒温储水式小型速热神器加热,251126-433953257892770,已取消,1	,正常,	,	,,	,	,208073193570	,热水即刻有-【6L】,1801828025682	,大家电,热水器,厨宝,	,6923185611233	,6923185611233	,	,	,无售后或售后取消,,	,	,,,,,,,否,否,	,否,	,,253.0	,0.0	,0.0	,0.0	,0.0	,0.0	,0.0	,0.0	,253.0	,253.0	,	,	,****,****,****,****,,否,否,	,	,	,否,	,	,	,	,	,	,	,	,	,	,	,	,否,否,	,否,	,,	,否,	,否,,,否
【重磅新品】云米净水器600G小海豚升级版厨下式RO反渗透直饮家用,251126-313587188111270,已发货，待收货,1	,正常,2025-11-26 12:09:42,2025-11-27 12:09:43,,2025-11-26 20:27:19,	,225501370546	,小海豚600G,1813468330532	,厨房电器,净水器/净水设备及配件耗材,净水器,	,6923185653684	,6923185616399	,	,	,无售后或售后取消,,2025-11-26 12:09:43,	,,,,,,,否,否,	,否,	,,559.0	,0.0	,0.0	,0.0	,0.0	,0.0	,0.0	,0.0	,559.0	,559.0	,JDV024272594772,京东大件物流,江西省,南昌市,青山湖区,,,否,否,	,	,	,否,	,	,	,	,	,	,	,	,	,	,	,	,否,否,	,否,否,,	,否,	,否,,,否
VIOMI云米净水器600G小蓝调厨下式RO反渗透直饮家用6年长效,251126-587873676900264,已发货，待收货,1	,正常,2025-11-26 12:03:39,2025-11-27 12:03:39,,2025-11-26 16:22:55,	,850883552953	,RO反渗透除去重金属,1811278299045	,厨房电器,净水器/净水设备及配件耗材,净水器,	,6923185653592	,6923185653592	,	,	,无售后或售后取消,,2025-11-26 12:03:39,	,,,,,,,否,否,	,否,	,,599.2	,0.0	,0.0	,100.0	,0.0	,0.0	,0.0	,0.0	,499.2	,599.2	,JDV024272557846,京东配送,江苏省,南京市,浦口区,,,否,否,	,	,	,否,	,	,	,	,	,	,	,	,	,	,	,	,否,否,	,否,否,,	,否,	,否,,,否
【6年套装】云米净水器600G小海豚升级版厨下式RO反渗透直饮家用,251126-475770426933970,已取消,1	,正常,	,	,,	,	,852932116812	,小海豚600G+6年滤芯套装,1812983769340	,厨房电器,净水器/净水设备及配件耗材,净水器,	,S2508151538001,	,	,	,无售后或售后取消,,	,	,,,,,,,否,否,	,否,	,,695.0	,0.0	,0.0	,50.0	,0.0	,0.0	,0.0	,0.0	,645.0	,695.0	,	,	,****,****,****,****,,否,否,	,	,	,否,	,	,	,	,	,	,	,	,	,	,	,	,否,否,	,否,	,,	,否,	,否,,,否
【6年套装】云米净水器600G小海豚升级版厨下式RO反渗透直饮家用,251126-443390389813305,已取消,1	,正常,	,	,,	,	,852932116812	,小海豚600G+6年滤芯套装,1812983769340	,厨房电器,净水器/净水设备及配件耗材,净水器,	,S2508151538001,	,	,	,无售后或售后取消,,	,	,,,,,,,否,否,	,否,	,,695.0	,0.0	,0.0	,0.0	,0.0	,0.0	,0.0	,0.0	,695.0	,695.0	,	,	,****,****,****,****,,否,否,	,	,	,否,	,	,	,	,	,	,	,	,	,	,	,	,否,否,	,否,	,,	,否,	,否,,,否
【重磅新品】云米净水器600G小海豚升级版厨下式RO反渗透直饮家用,251126-419346563400258,已取消,1	,正常,	,	,,	,	,225501370546	,小海豚600G,1813468330532	,厨房电器,净水器/净水设备及配件耗材,净水器,	,6923185653684	,6923185616399	,	,	,无售后或售后取消,,	,	,,,,,,,否,否,	,否,	,,559.0	,0.0	,0.0	,0.0	,0.0	,0.0	,0.0	,0.0	,559.0	,559.0	,	,	,****,****,****,****,,否,否,	,	,	,否,	,	,	,	,	,	,	,	,	,	,	,	,否,否,	,否,	,,	,否,	,否,,,否
【母婴直饮】云米净水器 SE 600G+ 新升级厨下式RO反渗透直饮家用,251126-351818227341624,已发货，待收货,1	,正常,2025-11-26 11:47:35,2025-11-27 11:47:35,2025-11-28 23:59:59,2025-11-26 16:30:57,	,819506595979	,【24年新品】600G升级版6年长效,1787046011387	,厨房电器,净水器/净水设备及配件耗材,净水器,	,6923185653684	,6923185616399	,	,	,无售后或售后取消,,2025-11-26 11:47:35,	,,,,,,,否,否,	,否,	,,748.0	,0.0	,134.64	,74.8	,0.0	,0.0	,0.0	,0.0	,538.56	,613.36	,JDV024272594664,京东配送,江苏省,盐城市,滨海县,,,否,否,	,	,	,否,	,	,	,	,	,	,	,	,	,	,	,	,否,否,	,否,否,,	,否,	,否,,,否
【重磅新品】云米净水器600G小海豚升级版厨下式RO反渗透直饮家用,251126-410559454841110,未发货，退款成功,1	,正常,2025-11-26 11:43:15,2025-11-27 11:43:15,,	,	,225501370546	,小海豚600G,1813468330532	,厨房电器,净水器/净水设备及配件耗材,净水器,	,6923185653684	,6923185616399	,聚水潭已取消发货 已退款   叶11.26,	,退款成功,,2025-11-26 11:43:15,	,,,,,,,否,否,	,否,	,,559.0	,0.0	,0.0	,33.54	,5.0	,0.0	,0.0	,0.0	,525.46	,559.0	,	,	,山东省,临沂市,沂水县,,,否,否,	,	,	,否,	,	,	,	,	,	,	,	,	,	,	,	,否,否,	,否,否,,	,否,	,否,,,否
【6年套装】云米净水器600G小海豚升级版厨下式RO反渗透直饮家用,251126-399224420770271,已取消,1	,正常,	,	,,	,	,852932116812	,小海豚600G+6年滤芯套装,1812983769340	,厨房电器,净水器/净水设备及配件耗材,净水器,	,S2508151538001,	,	,	,无售后或售后取消,,	,	,,,,,,,否,否,	,否,	,,695.0	,0.0	,0.0	,50.0	,0.0	,0.0	,0.0	,0.0	,645.0	,695.0	,	,	,****,****,****,****,,否,否,	,	,	,否,	,	,	,	,	,	,	,	,	,	,	,	,否,否,	,否,	,,	,否,	,否,,,否
云米小厨宝6L电热水器厨房卫生间出水恒温储水式小型速热神器加热,251126-452125059471594,已发货，待收货,1	,正常,2025-11-26 11:42:05,2025-11-27 11:42:05,,2025-11-26 14:39:17,	,208073193570	,热水即刻有-【6L】,1801828025682	,大家电,热水器,厨宝,	,6923185611233	,6923185611233	,	,	,无售后或售后取消,,2025-11-26 11:42:05,	,,,,,,,否,否,	,否,	,,253.0	,0.0	,0.0	,0.0	,0.0	,0.0	,0.0	,0.0	,253.0	,253.0	,JDV024268388478,京东配送,天津市,天津市,南开区,,,否,否,	,	,	,否,	,	,	,	,	,	,	,	,	,	,	,	,否,否,	,否,否,,	,否,	,否,,,否
云米即热净水器厨房家用直饮RO反渗透加热净饮一体机1000G,251126-017878301001918,未发货，退款成功,1	,正常,2025-11-26 11:40:16,2025-11-27 11:40:16,,	,	,364990106384	,即热直饮 1000G大通量,1455593712429	,厨房电器,净水器/净水设备及配件耗材,净水器,	,6923185651116	,6923185651116	,聚水潭已取消发货 已退款   叶11.26,	,退款成功,,2025-11-26 11:40:16,	,,,,,,,否,否,	,否,	,,1295.0	,0.0	,0.0	,100.0	,0.0	,0.0	,0.0	,0.0	,1195.0	,1295.0	,	,	,山东省,日照市,东港区,,,否,否,	,	,	,否,	,	,	,	,	,	,	,	,	,	,	,	,否,否,	,否,是,6	,商家,否,	,否,,信用卡分期,否
云米即热净水器厨房家用直饮RO反渗透加热净饮一体机1000G,251126-546276708772864,已取消,1	,正常,	,	,,	,	,364990106384	,即热直饮 1000G大通量,1455593712429	,厨房电器,净水器/净水设备及配件耗材,净水器,	,6923185651116	,6923185651116	,	,	,无售后或售后取消,,	,	,,,,,,,否,否,	,否,	,,1295.0	,0.0	,0.0	,100.0	,0.0	,0.0	,0.0	,0.0	,1195.0	,1295.0	,	,	,****,****,****,****,,否,否,	,	,	,否,	,	,	,	,	,	,	,	,	,	,	,	,否,否,	,否,	,,	,否,	,否,,,否
【6年套装】云米净水器600G小海豚升级版厨下式RO反渗透直饮家用,251126-404960069182462,已取消,1	,正常,	,	,,	,	,852932116812	,小海豚600G+6年滤芯套装,1812983769340	,厨房电器,净水器/净水设备及配件耗材,净水器,	,S2508151538001,	,	,	,无售后或售后取消,,	,	,,,,,,,否,否,	,否,	,,695.0	,0.0	,0.0	,0.0	,0.0	,0.0	,0.0	,0.0	,695.0	,695.0	,	,	,****,****,****,****,,否,否,	,	,	,否,	,	,	,	,	,	,	,	,	,	,	,	,否,否,	,否,	,,	,否,	,否,,,否
【购买前须联系客服确认】补收差价专用商品,251126-335764539020874,已收货,30000	,正常,2025-11-26 11:26:13,2025-11-27 11:26:13,,2025-11-26 11:26:23,2025-11-26 11:26:23,322805615497	,	,1061861892357	,虚拟商品,个性定制/设计服务/DIY,个人定制原材料,	,	,	,	,	,无售后或售后取消,,2025-11-26 11:26:13,	,,,,,,,否,否,	,否,	,,300.0	,0.0	,0.0	,0.0	,0.0	,0.0	,0.0	,0.0	,300.0	,300.0	,	,	,	,	,	,,,否,否,	,	,	,否,	,	,	,	,	,	,	,	,	,	,	,	,否,否,	,否,否,,	,否,	,否,,,否
【6年套装】云米净水器600G小海豚升级版厨下式RO反渗透直饮家用,251126-456759733822462,已取消,1	,正常,	,	,,	,	,852932116812	,小海豚600G+6年滤芯套装,1812983769340	,厨房电器,净水器/净水设备及配件耗材,净水器,	,S2508151538001,	,	,	,无售后或售后取消,,	,	,,,,,,,否,否,	,否,	,,695.0	,0.0	,0.0	,0.0	,0.0	,0.0	,0.0	,0.0	,695.0	,695.0	,	,	,****,****,****,****,,否,否,	,	,	,否,	,	,	,	,	,	,	,	,	,	,	,	,否,否,	,否,	,,	,否,	,否,,,否
云米100L消毒柜家用超薄嵌入式大容量厨房独立消毒烘干ZTD100A-1,251126-041922106921926,已发货，待收货,1	,正常,2025-11-26 11:23:32,2025-11-28 11:23:33,,2025-11-26 16:16:25,	,220820325711	,嵌入式100L消毒柜,1644782695193	,大家电,厨房大电,消毒柜,	,6923185604303	,6923185604303	,	,	,无售后或售后取消,,2025-11-26 11:23:33,	,,,,,,,否,否,	,否,	,,848.0	,0.0	,0.0	,0.0	,0.0	,0.0	,0.0	,0.0	,848.0	,848.0	,JDV024267997814,京东配送,云南省,普洱市,宁洱哈尼族彝族自治县,,,否,否,	,	,	,否,	,	,	,	,	,	,	,	,	,	,	,	,否,否,	,否,否,,	,否,	,否,,,否
云米即热净水器厨房家用直饮RO反渗透加热净饮一体机1000G,251126-196429812043314,已发货，待收货,1	,正常,2025-11-26 11:22:14,2025-11-27 11:22:14,,2025-11-26 15:02:42,	,364990106384	,即热直饮 1000G大通量,1455593712429	,厨房电器,净水器/净水设备及配件耗材,净水器,	,6923185651116	,6923185651116	,	,	,无售后或售后取消,,2025-11-26 11:22:14,	,,,,,,,否,否,	,否,	,,1295.0	,0.0	,0.0	,100.0	,0.0	,0.0	,0.0	,0.0	,1195.0	,1295.0	,JDV024270205528,京东配送,浙江省,台州市,椒江区,,,否,否,	,	,	,否,	,	,	,	,	,	,	,	,	,	,	,	,否,否,	,否,否,,	,否,	,否,,,否
【重磅新品】云米净水器600G小海豚升级版厨下式RO反渗透直饮家用,251126-050352627272295,已发货，待收货,1	,正常,2025-11-26 11:17:56,2025-11-27 11:17:56,,2025-11-26 16:16:25,	,225501370546	,小海豚600G,1813468330532	,厨房电器,净水器/净水设备及配件耗材,净水器,	,6923185653684	,6923185616399	,	,	,无售后或售后取消,,2025-11-26 11:17:56,	,,,,,,,否,否,	,否,	,,559.0	,0.0	,0.0	,3.0	,0.0	,0.0	,0.0	,0.0	,556.0	,559.0	,JDV024270300415,京东大件物流,河南省,省直辖县级行政区划,济源市,,,否,否,	,	,	,否,	,	,	,	,	,	,	,	,	,	,	,	,否,否,	,否,否,,	,否,	,否,,,否
云米智能电器多功能电烤箱家用烘焙小型蛋糕烤鸡翅披萨全自动16L,251126-033449644341652,已收货,1	,正常,2025-11-26 11:17:16,2025-11-28 11:17:16,,2025-11-26 15:02:43,2025-11-28 22:32:38,231833573024	,黑色16L,1390597610941	,大家电,全屋互联网智能电器,全屋互联网智能电器,	,6923185603221	,6923185603221	,	,	,无售后或售后取消,,2025-11-26 11:17:16,	,,,,,,,否,否,	,否,	,,174.0	,0.0	,9.0	,0.0	,1.08	,0.0	,0.0	,0.0	,165.0	,165.0	,JDV024270118352,京东配送,江苏省,连云港市,东海县,,,否,否,	,	,	,否,	,	,	,	,	,	,	,	,	,	,	,	,否,否,	,否,否,,	,否,	,否,,,否
【购买前须联系客服确认】补收差价专用商品,251126-027263014540874,已收货,14000	,正常,2025-11-26 11:17:14,2025-11-27 11:17:14,,2025-11-26 11:17:24,2025-11-26 11:17:24,322805615497	,	,1061861892357	,虚拟商品,个性定制/设计服务/DIY,个人定制原材料,	,	,	,LBT13A技术11.28 [viomi莉莉sk 11/28 23:07],	,无售后或售后取消,,2025-11-26 11:17:14,	,,,,,,,否,否,	,否,	,,140.0	,0.0	,0.0	,0.0	,0.0	,0.0	,0.0	,0.0	,140.0	,140.0	,	,	,	,	,	,,,否,否,	,	,	,否,	,	,	,	,	,	,	,	,	,	,	,	,否,否,	,否,否,,	,否,	,否,,,否
【重磅新品】云米净水器600G小海豚升级版厨下式RO反渗透直饮家用,251126-646447153500460,已取消,1	,正常,	,	,,	,	,225501370546	,小海豚600G,1813468330532	,厨房电器,净水器/净水设备及配件耗材,净水器,	,6923185653684	,6923185616399	,	,	,无售后或售后取消,,	,	,,,,,,,否,否,	,否,	,,559.0	,0.0	,0.0	,0.0	,0.0	,0.0	,0.0	,0.0	,559.0	,559.0	,	,	,****,****,****,****,,否,否,	,	,	,否,	,	,	,	,	,	,	,	,	,	,	,	,否,否,	,否,	,,	,否,	,否,,,否
【6年套装】云米净水器600G小海豚升级版厨下式RO反渗透直饮家用,251126-095063980363204,已发货，待收货,1	,正常,2025-11-26 11:13:43,2025-11-27 11:13:43,,2025-11-26 20:27:19,	,852932116812	,小海豚600G+6年滤芯套装,1812983769340	,厨房电器,净水器/净水设备及配件耗材,净水器,	,S2508151538001,	,13515737079安装 [viomi莉莉sk 11/27 16:10],	,无售后或售后取消,,2025-11-26 11:13:43,	,,,,,,,否,否,	,否,	,,695.0	,0.0	,0.0	,0.0	,0.0	,0.0	,0.0	,0.0	,695.0	,695.0	,JDV024272566621,京东大件物流,浙江省,嘉兴市,南湖区,,,否,否,	,	,	,否,	,	,	,	,	,	,	,	,	,	,	,	,否,否,	,否,否,,	,否,	,否,,,否
云米小厨宝6L电热水器厨房卫生间出水恒温储水式小型速热神器加热,251126-027263025532088,已发货，待收货,1	,正常,2025-11-26 11:09:43,2025-11-27 11:09:43,,2025-11-26 15:02:42,	,208073193570	,热水即刻有-【6L】,1801828025682	,大家电,热水器,厨宝,	,6923185611233	,6923185611233	,	,	,无售后或售后取消,,2025-11-26 11:09:43,	,,,,,,,否,否,	,否,	,,253.0	,0.0	,0.0	,20.0	,0.0	,0.0	,0.0	,0.0	,233.0	,253.0	,JDV024269612281,京东大件物流,江苏省,盐城市,滨海县,,,否,否,	,	,	,否,	,	,	,	,	,	,	,	,	,	,	,	,否,否,	,否,否,,	,否,	,否,,,否
云米小厨宝6L电热水器厨房卫生间出水恒温储水式小型速热神器加热,251126-649068603803045,已收货,1	,正常,2025-11-26 11:09:23,2025-11-27 11:09:23,,2025-11-26 14:45:40,2025-11-29 10:57:09,208073193570	,热水即刻有-【6L】,1801828025682	,大家电,热水器,厨宝,	,6923185611233	,6923185611233	,18661999269安装 [viomi慧慧sk 11/27 17:04],	,无售后或售后取消,,2025-11-26 11:09:23,	,,,,,,,否,否,	,否,	,,253.0	,0.0	,0.0	,50.0	,0.0	,0.0	,0.0	,0.0	,203.0	,253.0	,JDV024269184412,京东配送,山东省,青岛市,胶州市,,,否,否,	,	,	,否,	,	,	,	,	,	,	,	,	,	,	,	,否,否,	,否,否,,	,否,	,否,,,否
云米小厨宝6L电热水器厨房卫生间出水恒温储水式小型速热神器加热,251126-078402097563045,未发货，退款成功,1	,正常,2025-11-26 11:08:57,2025-11-27 11:08:58,,	,	,208073193570	,热水即刻有-【6L】,1801828025682	,大家电,热水器,厨宝,	,6923185611233	,6923185611233	,聚水潭已取消发货 已退款   叶11.26,	,退款成功,,2025-11-26 11:08:58,	,,,,,,,否,否,	,否,	,,253.0	,0.0	,0.0	,0.0	,0.0	,0.0	,0.0	,0.0	,253.0	,253.0	,	,	,山东省,青岛市,胶州市,,,否,否,	,	,	,否,	,	,	,	,	,	,	,	,	,	,	,	,否,否,	,否,否,,	,否,	,否,,,否
VIOMI云米净水器1000G厨下直饮小体积净水机RO机智显龙头3秒满杯,251126-497884894871835,已发货，待收货,1	,正常,2025-11-26 11:02:49,2025-11-27 11:02:49,,2025-11-26 15:11:16,	,842195971715	,1000G大通量RO净水器,1803617356458	,厨房电器,净水器/净水设备及配件耗材,净水器,	,6923185654247	,	,	,	,无售后或售后取消,,2025-11-26 11:02:49,	,,,,,,,否,否,	,否,	,,823.0	,0.0	,50.0	,0.0	,0.0	,0.0	,0.0	,0.0	,773.0	,773.0	,JDV024270154749,京东大件物流,四川省,南充市,阆中市,,,否,否,	,	,	,否,	,	,	,	,	,	,	,	,	,	,	,	,否,否,	,否,否,,	,否,	,否,,,否
云米5.0KW智能燃气灶大火力爆炒灶具一级节能家用厨房双灶头台嵌,251126-533022697893253,已发货，待收货,1	,正常,2025-11-26 11:02:07,2025-11-27 11:02:07,,2025-11-26 15:02:43,	,623266189560	,5.0KW精焰猛火灶（天然气）,1690346386816	,大家电,厨房大电,燃气灶,	,6923185649656	,	,	,	,无售后或售后取消,,2025-11-26 11:02:07,	,,,,,,,否,否,	,否,	,,444.0	,0.0	,0.0	,3.0	,0.0	,0.0	,0.0	,0.0	,441.0	,444.0	,JDV024269559099,京东配送,安徽省,淮南市,凤台县,,,否,否,	,	,	,否,	,	,	,	,	,	,	,	,	,	,	,	,否,否,	,否,否,,	,否,	,否,,,否
【6年套装】云米净水器600G小海豚升级版厨下式RO反渗透直饮家用,251126-431866529412351,已取消,1	,正常,	,	,,	,	,852932116812	,小海豚600G+6年滤芯套装,1812983769340	,厨房电器,净水器/净水设备及配件耗材,净水器,	,S2508151538001,	,	,	,无售后或售后取消,,	,	,,,,,,,否,否,	,否,	,,695.0	,0.0	,0.0	,3.0	,0.0	,0.0	,0.0	,0.0	,692.0	,695.0	,	,	,****,****,****,****,,否,否,	,	,	,否,	,	,	,	,	,	,	,	,	,	,	,	,否,否,	,否,	,,	,否,	,否,,,否
【重磅新品】云米净水器600G小海豚升级版厨下式RO反渗透直饮家用,251126-682381842052393,已收货,1	,正常,2025-11-26 10:58:48,2025-11-27 10:58:48,,2025-11-26 15:02:43,2025-11-28 12:55:57,225501370546	,小海豚600G,1813468330532	,厨房电器,净水器/净水设备及配件耗材,净水器,	,6923185653684	,6923185616399	,14747886483安装 [viomi莉莉sk 11/27 19:53],	,无售后或售后取消,,2025-11-26 10:58:48,	,,,,,,,否,否,	,否,	,,559.0	,0.0	,0.0	,0.0	,0.0	,0.0	,0.0	,0.0	,559.0	,559.0	,JDV024269184403,京东大件物流,内蒙古自治区,呼和浩特市,回民区,,,否,否,	,	,	,否,	,	,	,	,	,	,	,	,	,	,	,	,否,否,	,否,否,,	,否,	,否,,,否
【重磅新品】云米净水器600G小海豚升级版厨下式RO反渗透直饮家用,251126-159572355363358,已发货，待收货,1	,正常,2025-11-26 10:58:06,2025-11-27 10:58:06,,2025-11-26 15:02:42,	,225501370546	,小海豚600G,1813468330532	,厨房电器,净水器/净水设备及配件耗材,净水器,	,6923185653684	,6923185616399	,13421544469安装 [viomi诺诺sk 11/27 14:10],	,无售后或售后取消,,2025-11-26 10:58:06,	,,,,,,,否,否,	,否,	,,559.0	,0.0	,0.0	,0.0	,0.0	,0.0	,0.0	,0.0	,559.0	,559.0	,JDV024270143805,京东大件物流,广东省,汕尾市,海丰县,,,否,否,	,	,	,否,	,	,	,	,	,	,	,	,	,	,	,	,否,否,	,否,否,,	,否,	,否,,,否
VIOMI云米净水器1000G厨下直饮小体积净水机RO机智显龙头3秒满杯,251126-332555906711835,已取消,1	,正常,	,	,,	,	,842195971715	,1000G大通量RO净水器,1803617356458	,厨房电器,净水器/净水设备及配件耗材,净水器,	,6923185654247	,	,	,	,无售后或售后取消,,	,	,,,,,,,否,否,	,否,	,,823.0	,0.0	,50.0	,0.0	,0.0	,0.0	,0.0	,0.0	,773.0	,773.0	,	,	,****,****,****,****,,否,否,	,	,	,否,	,	,	,	,	,	,	,	,	,	,	,	,否,否,	,否,	,,	,否,	,否,,,否
【6年套装】云米净水器600G小海豚升级版厨下式RO反渗透直饮家用,251126-238907625792478,未发货，退款成功,1	,正常,2025-11-26 10:53:23,2025-11-27 10:53:23,,	,	,852932116812	,小海豚600G+6年滤芯套装,1812983769340	,厨房电器,净水器/净水设备及配件耗材,净水器,	,S2508151538001,	,聚水潭已取消发货 已退款   叶11.26,	,退款成功,,2025-11-26 10:53:23,	,,,,,,,否,否,	,否,	,,695.0	,0.0	,0.0	,0.0	,0.0	,0.0	,0.0	,0.0	,695.0	,695.0	,	,	,河北省,廊坊市,开发区,,,否,否,	,	,	,否,	,	,	,	,	,	,	,	,	,	,	,	,否,否,	,否,否,,	,否,	,否,,,否
【重磅新品】云米净水器600G小海豚升级版厨下式RO反渗透直饮家用,251126-092704611871639,已发货，待收货,1	,正常,2025-11-26 10:52:28,2025-11-27 10:52:28,,2025-11-26 15:02:43,	,225501370546	,小海豚600G,1813468330532	,厨房电器,净水器/净水设备及配件耗材,净水器,	,6923185653684	,6923185616399	,	,	,无售后或售后取消,,2025-11-26 10:52:28,	,,,,,,,否,否,	,否,	,,559.0	,0.0	,0.0	,0.0	,1.11	,0.0	,0.0	,0.0	,559.0	,559.0	,JDV024269184393,京东大件物流,山东省,青岛市,胶州市,,,否,否,	,	,	,否,	,	,	,	,	,	,	,	,	,	,	,	,否,否,	,否,否,,	,否,	,否,,,否
【母婴直饮】云米净水器 SE 600G+ 新升级厨下式RO反渗透直饮家用,251126-300689681923969,已发货，待收货,1	,正常,2025-11-26 10:50:18,2025-11-27 10:50:19,,2025-11-26 14:45:52,	,819506595979	,【24年新品】600G升级版6年长效,1787046011387	,厨房电器,净水器/净水设备及配件耗材,净水器,	,6923185653684	,6923185616399	,	,	,无售后或售后取消,,2025-11-26 10:50:19,	,,,,,,,否,否,	,否,	,,748.0	,0.0	,134.64	,74.8	,0.0	,0.0	,0.0	,0.0	,538.56	,613.36	,JDV024270135380,京东配送,广东省,广州市,番禺区,,,否,否,	,	,	,否,	,	,	,	,	,	,	,	,	,	,	,	,否,否,	,否,否,,	,否,	,否,,,否
云米即热净水器厨房家用直饮RO反渗透加热净饮一体机1000G,251126-303416031590624,已发货，待收货,1	,正常,2025-11-26 10:48:48,2025-11-27 10:48:48,,2025-11-26 14:46:56,	,364990106384	,即热直饮 1000G大通量,1455593712429	,厨房电器,净水器/净水设备及配件耗材,净水器,	,6923185651116	,6923185651116	,	,	,无售后或售后取消,,2025-11-26 10:48:48,	,,,,,,,否,否,	,否,	,,1295.0	,0.0	,0.0	,48.0	,0.0	,0.0	,0.0	,0.0	,1247.0	,1295.0	,JDV024270163506,京东配送,福建省,福州市,仓山区,,,否,否,	,	,	,否,	,	,	,	,	,	,	,	,	,	,	,	,否,否,	,否,否,,	,否,	,否,,,否
云米AI油烟机双腔大吸力Smart双腔一级能效23m³大风压智清洁节能,251126-249645044104076,已发货，待收货,1	,正常,2025-11-26 10:41:14,2025-11-27 10:41:14,,2025-11-26 14:50:49,	,857557599349	,双腔深拢吸油烟机,1816789031904	,大家电,厨房大电,油烟机,	,6923185649229	,6923185649229	,18137793250安装 [viomi英英sk 11/28 15:23],	,无售后或售后取消,,2025-11-26 10:41:14,	,,,,,,,否,否,	,否,	,,779.0	,0.0	,0.0	,43.0	,0.0	,0.0	,0.0	,0.0	,736.0	,779.0	,JDV024270135551,京东配送,河南省,郑州市,惠济区,,,否,否,	,	,	,否,	,	,	,	,	,	,	,	,	,	,	,	,否,否,	,否,否,,	,否,	,否,,,否
云米AI油烟机双腔大吸力Smart双腔一级能效23m³大风压智清洁节能,251126-628778678664076,已取消,1	,正常,	,	,,	,	,857557599349	,双腔深拢吸油烟机,1816789031904	,大家电,厨房大电,油烟机,	,6923185649229	,6923185649229	,	,	,无售后或售后取消,,	,	,,,,,,,否,否,	,否,	,,779.0	,0.0	,0.0	,0.0	,0.0	,0.0	,0.0	,0.0	,779.0	,779.0	,	,	,****,****,****,****,,否,否,	,	,	,否,	,	,	,	,	,	,	,	,	,	,	,	,否,否,	,否,	,,	,否,	,否,,,否
云米即热净水器厨房家用直饮RO反渗透加热净饮一体机1000G,251126-144829387152224,已取消,1	,正常,	,	,,	,	,364990106384	,即热直饮 1000G大通量,1455593712429	,厨房电器,净水器/净水设备及配件耗材,净水器,	,6923185651116	,6923185651116	,	,	,无售后或售后取消,,	,	,,,,,,,否,否,	,否,	,,1295.0	,0.0	,0.0	,100.0	,0.0	,0.0	,0.0	,0.0	,1195.0	,1295.0	,	,	,****,****,****,****,,否,否,	,	,	,否,	,	,	,	,	,	,	,	,	,	,	,	,否,否,	,否,	,,	,否,	,否,,,否
云米净水器滤芯小蓝调小海豚600G+专用复合滤芯RO反渗透滤芯过滤,251126-202983349850617,已发货，待收货,2	,正常,2025-11-26 10:31:52,2025-11-27 10:31:52,,2025-11-26 14:43:29,	,296967601341	,5in1复合滤芯 2年长效,1600193054565	,厨房电器,净水器/净水设备及配件耗材,净水器配件耗材,	,6923185627425	,	,补差后返 到手价198元,	,无售后或售后取消,,2025-11-26 10:31:52,	,,,,,,,否,否,	,否,	,,598.0	,0.0	,5.98	,20.0	,6.0	,0.0	,0.0	,0.0	,572.02	,592.02	,JDV024269132968,京东配送,吉林省,白城市,通榆县,,,否,否,	,	,	,否,	,	,	,	,	,	,	,	,	,	,	,	,否,否,	,否,否,,	,否,	,否,,,否
【重磅新品】云米净水器600G小海豚升级版厨下式RO反渗透直饮家用,251126-227257946423896,已发货，待收货,1	,正常,2025-11-26 10:27:32,2025-11-27 10:27:32,,2025-11-26 15:02:43,	,225501370546	,小海豚600G,1813468330532	,厨房电器,净水器/净水设备及配件耗材,净水器,	,6923185653684	,6923185616399	,	,	,无售后或售后取消,,2025-11-26 10:27:32,	,,,,,,,否,否,	,否,	,,559.0	,0.0	,0.0	,0.0	,0.0	,0.0	,0.0	,0.0	,559.0	,559.0	,JDV024270172020,京东大件物流,广东省,深圳市,龙华区,,,否,否,	,	,	,否,	,	,	,	,	,	,	,	,	,	,	,	,否,否,	,否,是,3	,商家,否,	,否,,信用卡分期,否
【母婴直饮】云米净水器 SE 600G+ 新升级厨下式RO反渗透直饮家用,251126-339172410973097,未发货，退款成功,1	,正常,2025-11-26 10:25:22,2025-11-27 10:25:22,,	,	,819506595979	,【24年新品】600G升级版6年长效,1787046011387	,厨房电器,净水器/净水设备及配件耗材,净水器,	,6923185653684	,6923185616399	,聚水潭已取消发货 已退款   叶11.26,	,退款成功,,2025-11-26 10:25:22,	,,,,,,,否,否,	,否,	,,748.0	,0.0	,149.6	,0.0	,0.0	,0.0	,0.0	,0.0	,598.4	,598.4	,	,	,四川省,眉山市,东坡区,,,否,否,	,	,	,否,	,	,	,	,	,	,	,	,	,	,	,	,否,否,	,否,否,,	,否,	,否,,,否
【母婴直饮】云米净水器 SE 600G+ 新升级厨下式RO反渗透直饮家用,251126-045801827933097,已发货，待收货,1	,正常,2025-11-26 10:26:09,2025-11-27 10:26:09,,2025-11-26 14:54:55,	,819506595979	,【24年新品】600G升级版6年长效,1787046011387	,厨房电器,净水器/净水设备及配件耗材,净水器,	,6923185653684	,6923185616399	,	,	,无售后或售后取消,,2025-11-26 10:26:09,	,,,,,,,否,否,	,否,	,,748.0	,0.0	,130.15	,97.24	,0.0	,0.0	,0.0	,0.0	,520.61	,617.85	,JDV024270136882,京东配送,四川省,眉山市,东坡区,,,否,否,	,	,	,否,	,	,	,	,	,	,	,	,	,	,	,	,否,否,	,否,否,,	,否,	,否,,,否
【重磅新品】云米净水器600G小海豚升级版厨下式RO反渗透直饮家用,251126-035284600410617,已发货，待收货,1	,正常,2025-11-26 10:22:26,2025-11-27 10:22:26,,2025-11-26 15:02:42,	,225501370546	,小海豚600G,1813468330532	,厨房电器,净水器/净水设备及配件耗材,净水器,	,6923185653684	,6923185616399	,16604364413安装 [viomi莉莉sk 11/28 19:43],	,无售后或售后取消,,2025-11-26 10:22:26,	,,,,,,,否,否,	,否,	,,559.0	,0.0	,0.0	,0.0	,6.0	,0.0	,0.0	,0.0	,559.0	,559.0	,JDV024269239895,京东大件物流,吉林省,白城市,通榆县,,,否,否,	,	,	,否,	,	,	,	,	,	,	,	,	,	,	,	,否,否,	,否,否,,	,否,	,否,,,否
【6年套装】云米净水器600G小海豚升级版厨下式RO反渗透直饮家用,251126-000251707681140,已发货，待收货,1	,正常,2025-11-26 10:21:24,2025-11-27 10:21:24,,2025-11-26 15:02:43,	,852932116812	,小海豚600G+6年滤芯套装,1812983769340	,厨房电器,净水器/净水设备及配件耗材,净水器,	,S2508151538001,	,后返，送TDS笔==15060164479安装 [viomi英英sk 11/28 12:05],	,无售后或售后取消,,2025-11-26 10:21:24,	,,,,,,,否,否,	,否,	,,695.0	,0.0	,0.0	,0.0	,0.0	,0.0	,0.0	,0.0	,695.0	,695.0	,JDV024270246431,京东大件物流,福建省,福州市,晋安区,,,否,否,	,	,	,否,	,	,	,	,	,	,	,	,	,	,	,	,否,否,	,否,是,3	,商家,否,	,否,,信用卡分期,否
【重磅新品】云米净水器600G小海豚升级版厨下式RO反渗透直饮家用,251126-032851924513829,已取消,1	,正常,	,	,,	,	,225501370546	,小海豚600G,1813468330532	,厨房电器,净水器/净水设备及配件耗材,净水器,	,6923185653684	,6923185616399	,	,	,无售后或售后取消,,	,	,,,,,,,否,否,	,否,	,,559.0	,0.0	,0.0	,0.0	,0.0	,0.0	,0.0	,0.0	,559.0	,559.0	,	,	,****,****,****,****,,否,否,	,	,	,否,	,	,	,	,	,	,	,	,	,	,	,	,否,否,	,否,	,,	,否,	,否,,,否
【6年套装】云米净水器600G小海豚升级版厨下式RO反渗透直饮家用,251126-429245120801140,已取消,1	,正常,	,	,,	,	,852932116812	,小海豚600G+6年滤芯套装,1812983769340	,厨房电器,净水器/净水设备及配件耗材,净水器,	,S2508151538001,	,	,	,无售后或售后取消,,	,	,,,,,,,否,否,	,否,	,,695.0	,0.0	,0.0	,0.0	,0.0	,0.0	,0.0	,0.0	,695.0	,695.0	,	,	,****,****,****,****,,否,否,	,	,	,否,	,	,	,	,	,	,	,	,	,	,	,	,否,否,	,否,	,,	,否,	,否,,,否
【冷热直饮套装】云米净水器家用厨下管线机套装一键即热制冷直饮,251126-107961455031783,已取消,1	,正常,	,	,,	,	,480070620581	,【净热直饮套装】新品净水器+制热管线机,1620106386126	,厨房电器,净水器/净水设备及配件耗材,净水器,	,S2405281401001,	,	,	,无售后或售后取消,,	,	,,,,,,,否,否,	,否,	,,1449.0	,0.0	,0.0	,0.0	,0.0	,0.0	,0.0	,0.0	,1449.0	,1449.0	,	,	,****,****,****,****,,否,否,	,	,	,否,	,	,	,	,	,	,	,	,	,	,	,	,否,否,	,否,	,,	,否,	,否,,,否
【重磅新品】云米净水器600G小海豚升级版厨下式RO反渗透直饮家用,251126-667754238241302,已取消,1	,正常,	,	,,	,	,225501370546	,小海豚600G,1813468330532	,厨房电器,净水器/净水设备及配件耗材,净水器,	,6923185653684	,6923185616399	,	,	,无售后或售后取消,,	,	,,,,,,,否,否,	,否,	,,559.0	,0.0	,0.0	,0.0	,0.0	,0.0	,0.0	,0.0	,559.0	,559.0	,	,	,****,****,****,****,,否,否,	,	,	,否,	,	,	,	,	,	,	,	,	,	,	,	,否,否,	,否,	,,	,否,	,否,,,否
云米即热净水器厨房家用直饮RO反渗透加热净饮一体机1000G,251126-119548178031623,已发货，待收货,1	,正常,2025-11-27 09:54:12,2025-11-28 09:54:12,,2025-11-27 17:01:32,	,364990106384	,即热直饮 1000G大通量,1455593712429	,厨房电器,净水器/净水设备及配件耗材,净水器,	,6923185651116	,6923185651116	,	,	,无售后或售后取消,,2025-11-27 09:54:12,	,,,,,,,否,否,	,否,	,,1295.0	,0.0	,0.0	,20.0	,38.0	,0.0	,0.0	,0.0	,1275.0	,1295.0	,JDV024288635248,京东大件物流,河北省,沧州市,泊头市,,,否,否,	,	,	,否,	,	,	,	,	,	,	,	,	,	,	,	,否,否,	,否,是,6	,商家,否,	,否,,信用卡分期,否
云米全自动智能马桶2Pro一体座圈加热妇洗泡沫盾抗菌可冲洗带水箱,251126-529593844150496,未发货，退款成功,1	,正常,2025-11-26 09:58:30,2025-12-28 09:58:30,,	,	,248791771968	,"400mm,【大冲力】多种冲洗模式",1752476543652	,家装主材,卫浴陶瓷,智能坐便器,	,6923185654582	,	,已登记延迟 [viomi范范sk 11/26 12:28]==拦截ZX2511270061356,	,退款成功,,2025-11-26 09:58:30,	,,,,,,,否,否,	,否,	,,2373.0	,0.0	,143.0	,100.0	,0.0	,0.0	,0.0	,0.0	,2130.0	,2230.0	,	,	,河南省,新乡市,牧野区,,,否,否,	,	,	,否,	,	,	,	,	,	,	,	,	,	,	,	,否,否,	,否,否,,	,否,	,否,,,否
【6年套装】云米净水器600G小海豚升级版厨下式RO反渗透直饮家用,251126-103693708951080,已取消,1	,正常,	,	,,	,	,852932116812	,小海豚600G+6年滤芯套装,1812983769340	,厨房电器,净水器/净水设备及配件耗材,净水器,	,S2508151538001,	,	,	,无售后或售后取消,,	,	,,,,,,,否,否,	,否,	,,695.0	,0.0	,0.0	,0.0	,0.0	,0.0	,0.0	,0.0	,695.0	,695.0	,	,	,****,****,****,****,,否,否,	,	,	,否,	,	,	,	,	,	,	,	,	,	,	,	,否,否,	,否,	,,	,否,	,否,,,否
【母婴直饮】云米净水器 SE 600G+ 新升级厨下式RO反渗透直饮家用,251126-615105216861337,已发货，待收货,1	,正常,2025-11-26 09:55:25,2026-02-28 09:55:26,,2025-11-26 14:39:15,	,819506595979	,【24年新品】600G升级版6年长效,1787046011387	,厨房电器,净水器/净水设备及配件耗材,净水器,	,6923185653684	,6923185616399	,	,	,无售后或售后取消,,2025-11-26 09:55:26,	,,,,,,,否,否,	,否,	,,748.0	,0.0	,134.64	,74.8	,0.0	,0.0	,0.0	,0.0	,538.56	,613.36	,JDV024269499760,京东配送,河北省,张家口市,涿鹿县,,,否,否,	,	,	,否,	,	,	,	,	,	,	,	,	,	,	,	,否,否,	,否,否,,	,否,	,否,,,否
【冷热直饮套装】云米净水器家用厨下管线机套装一键即热制冷直饮,251126-469636257331019,已发货，待收货,1	,正常,2025-11-26 09:53:38,2025-11-27 09:53:38,,2025-11-26 15:02:43,	,480070620581	,【冷热净水直饮套装】新品净水器+冷热管线机,1620106386127	,厨房电器,净水器/净水设备及配件耗材,净水器,	,S2407170910001,	,	,	,无售后或售后取消,,2025-11-26 09:53:38,	,,,,,,,否,否,	,否,	,,1434.0	,0.0	,0.0	,0.0	,0.0	,0.0	,0.0	,0.0	,1434.0	,1434.0	,JDV024266304871,京东大件物流,江苏省,苏州市,工业园区,,,否,否,	,	,	,否,	,	,	,	,	,	,	,	,	,	,	,	,否,否,	,否,否,,	,否,	,否,,,否
云米即热净水器厨房家用直饮RO反渗透加热净饮一体机1000G,251126-028364050781687,已收货,1	,正常,2025-11-26 09:53:15,2025-11-27 09:53:15,,2025-11-26 14:56:58,2025-11-29 10:17:18,364990106384	,即热直饮 1000G大通量,1455593712429	,厨房电器,净水器/净水设备及配件耗材,净水器,	,6923185651116	,6923185651116	,后返，送复合滤芯=13665905700安装 [viomi慧慧sk 11/27 22:10]已登记赠品 [viomi范范sk 11/28 15:52],	,无售后或售后取消,,2025-11-26 09:53:15,	,,,,,,,否,否,	,否,	,,1295.0	,0.0	,0.0	,50.0	,0.0	,0.0	,0.0	,0.0	,1245.0	,1295.0	,JDV024270138997,京东配送,福建省,泉州市,永春县,,,否,否,	,	,	,否,	,	,	,	,	,	,	,	,	,	,	,	,否,否,	,否,否,,	,否,	,否,,,否
【冷热直饮套装】云米净水器家用厨下管线机套装一键即热制冷直饮,251126-670396587571019,已取消,1	,正常,	,	,,	,	,480070620581	,【冷热净水直饮套装】新品净水器+冷热管线机,1620106386127	,厨房电器,净水器/净水设备及配件耗材,净水器,	,S2407170910001,	,	,	,无售后或售后取消,,	,	,,,,,,,否,否,	,否,	,,1434.0	,0.0	,0.0	,0.0	,0.0	,0.0	,0.0	,0.0	,1434.0	,1434.0	,	,	,****,****,****,****,,否,否,	,	,	,否,	,	,	,	,	,	,	,	,	,	,	,	,否,否,	,否,	,,	,否,	,否,,,否
云米全自动智能马桶2Pro一体座圈加热妇洗泡沫盾抗菌可冲洗带水箱,251126-433124862263738,未发货，退款成功,1	,正常,2025-11-26 09:52:19,2025-11-27 09:52:19,,	,	,248791771968	,"400mm,【大冲力】多种冲洗模式",1752476543652	,家装主材,卫浴陶瓷,智能坐便器,	,6923185654582	,	,聚水潭已取消发货 已退款   叶11.26,	,退款成功,,2025-11-26 09:52:19,	,,,,,,,否,否,	,否,	,,2373.0	,0.0	,143.0	,100.0	,0.0	,0.0	,0.0	,0.0	,2130.0	,2230.0	,	,	,河南省,新乡市,牧野区,,,否,否,	,	,	,否,	,	,	,	,	,	,	,	,	,	,	,	,否,否,	,否,否,,	,否,	,否,,,否
云米电热水器50/60升洗澡家用浴室速热大容量省电防漏电安全保温,251126-146066654732736,已发货，待收货,1	,正常,2025-11-26 09:50:51,2025-11-27 09:50:51,,2025-11-26 13:43:43,	,436320010098	,"速热长效保温安全电热水器,60L【3-4人】",1756921788833	,大家电,热水器,电热水器,	,6923185614937	,6923185614920	,	,	,无售后或售后取消,,2025-11-26 09:50:51,	,,,,,,,否,否,	,否,	,,586.0	,0.0	,30.0	,20.0	,0.2	,0.0	,0.0	,0.0	,536.0	,556.0	,JDLD12916546313,京东大件物流,广东省,佛山市,顺德区,,,否,否,	,	,	,否,	,	,	,	,	,	,	,	,	,	,	,	,否,否,	,否,否,,	,否,	,否,,,否
云米即热净水器厨房家用直饮RO反渗透加热净饮一体机1000G,251126-214108741231623,已取消,1	,正常,	,	,,	,	,364990106384	,即热直饮 1000G大通量,1455593712429	,厨房电器,净水器/净水设备及配件耗材,净水器,	,6923185651116	,6923185651116	,	,	,无售后或售后取消,,	,	,,,,,,,否,否,	,否,	,,1295.0	,0.0	,0.0	,50.0	,0.0	,0.0	,0.0	,0.0	,1245.0	,1295.0	,	,	,****,****,****,****,,否,否,	,	,	,否,	,	,	,	,	,	,	,	,	,	,	,	,否,否,	,否,	,,	,否,	,否,,,否
云米净水器滤芯家用小海豚小蓝调小白龙系列专用RO反渗透,251126-459286802071080,已发货，待收货,1	,正常,2025-11-26 09:32:46,2025-11-28 09:32:46,,2025-11-26 15:02:44,	,232467205433	,5in1 复合滤芯,1647394585330	,厨房电器,净水器/净水设备及配件耗材,净水器配件耗材,	,6923185627425	,	,后返，到手价109,	,无售后或售后取消,,2025-11-26 09:32:46,	,,,,,,,否,否,	,否,	,,149.0	,0.0	,0.0	,0.0	,0.0	,0.0	,0.0	,0.0	,149.0	,149.0	,JDV024265349780,京东大件物流,河北省,石家庄市,桥西区,,,否,否,	,	,	,否,	,	,	,	,	,	,	,	,	,	,	,	,否,否,	,否,否,,	,否,	,否,,,否
【6年套装】云米净水器600G小海豚升级版厨下式RO反渗透直饮家用,251126-590306373271479,已取消,1	,正常,	,	,,	,	,852932116812	,小海豚600G+6年滤芯套装,1812983769340	,厨房电器,净水器/净水设备及配件耗材,净水器,	,S2508151538001,	,	,	,无售后或售后取消,,	,	,,,,,,,否,否,	,否,	,,695.0	,0.0	,0.0	,3.0	,0.0	,0.0	,0.0	,0.0	,692.0	,695.0	,	,	,****,****,****,****,,否,否,	,	,	,否,	,	,	,	,	,	,	,	,	,	,	,	,否,否,	,否,	,,	,否,	,否,,,否
云米即热净水器厨房家用直饮RO反渗透加热净饮一体机1000G,251126-391622182410119,已发货，待收货,1	,正常,2025-11-26 09:25:43,2025-11-27 09:25:43,,2025-11-26 14:42:01,	,364990106384	,即热直饮 1000G大通量,1455593712429	,厨房电器,净水器/净水设备及配件耗材,净水器,	,6923185651116	,6923185651116	,	,	,无售后或售后取消,,2025-11-26 09:25:43,	,,,,,,,否,否,	,否,	,,1295.0	,0.0	,0.0	,50.0	,0.0	,0.0	,0.0	,0.0	,1245.0	,1295.0	,JDV024270171821,京东配送,北京市,北京市,房山区,,,否,否,	,	,	,否,	,	,	,	,	,	,	,	,	,	,	,	,否,否,	,否,否,,	,否,	,否,,,否
云米AI燃气热水器 智控恒温防冻节能安全水质净化精准控温13L强排,251126-054158968390171,已发货，退款成功,1	,正常,2025-11-26 09:21:49,2025-11-27 09:21:49,,2025-11-26 15:02:43,	,774960777953	,智控恒温燃气热水器,1756760299679	,大家电,热水器,燃气热水器,	,6923185655688	,6923185655688	,拦截ZX2511270061123 [viomi诺诺sk 11/27 09:59],	,退款成功,,2025-11-26 09:21:49,	,,,,,,,否,否,	,否,	,,593.0	,0.0	,0.0	,59.3	,0.0	,0.0	,0.0	,0.0	,533.7	,593.0	,JDV024269537626,京东大件物流,湖北省,黄石市,黄石港区,,,否,否,	,	,	,否,	,	,	,	,	,	,	,	,	,	,	,	,否,否,	,否,否,,	,否,	,否,,,否
【重磅新品】云米净水器600G小海豚升级版厨下式RO反渗透直饮家用,251126-083309381150984,已发货，待收货,1	,正常,2025-11-26 09:21:18,2025-11-27 09:21:18,,2025-11-26 14:42:53,	,852161740747	,小海豚600G+6年滤芯套装,1812658223669	,厨房电器,净水器/净水设备及配件耗材,净水器,	,S2508151538001,	,	,	,无售后或售后取消,,2025-11-26 09:21:18,	,,,,,,,否,否,	,否,	,,764.9	,0.0	,0.0	,100.0	,0.0	,0.0	,0.0	,0.0	,664.9	,764.9	,JDV024270163219,京东配送,陕西省,西安市,未央区,,,否,否,	,	,	,否,	,	,	,	,	,	,	,	,	,	,	,	,否,否,	,否,否,,	,否,	,否,,,否
【重磅新品】云米净水器600G小海豚升级版厨下式RO反渗透直饮家用,251126-383170722210113,已发货，待收货,1	,正常,2025-11-26 09:20:34,2025-11-27 09:20:34,,2025-11-26 15:02:42,	,225501370546	,小海豚600G,1813468330532	,厨房电器,净水器/净水设备及配件耗材,净水器,	,6923185653684	,6923185616399	,	,	,无售后或售后取消,,2025-11-26 09:20:34,	,,,,,,,否,否,	,否,	,,559.0	,0.0	,0.0	,0.0	,0.0	,0.0	,0.0	,0.0	,559.0	,559.0	,JDV024268223330,京东大件物流,黑龙江省,齐齐哈尔市,依安县,,,否,否,	,	,	,否,	,	,	,	,	,	,	,	,	,	,	,	,否,否,	,否,否,,	,否,	,否,,,否
【重磅新品】云米净水器600G小海豚升级版厨下式RO反渗透直饮家用,251126-102561288563788,已收货,1	,正常,2025-11-26 09:17:34,2025-11-27 09:17:34,,2025-11-26 15:02:43,2025-11-27 21:24:48,225501370546	,小海豚600G,1813468330532	,厨房电器,净水器/净水设备及配件耗材,净水器,	,6923185653684	,6923185616399	,	,	,无售后或售后取消,,2025-11-26 09:17:34,	,,,,,,,否,否,	,否,	,,559.0	,0.0	,0.0	,0.0	,0.0	,0.0	,0.0	,0.0	,559.0	,559.0	,JDV024268230880,京东大件物流,山西省,晋中市,祁县,,,否,否,	,	,	,否,	,	,	,	,	,	,	,	,	,	,	,	,否,否,	,否,是,3	,商家,否,	,否,,花呗分期,否
【6年套装】云米净水器600G小海豚升级版厨下式RO反渗透直饮家用,251126-310609221144014,已取消,1	,正常,	,	,,	,	,852932116812	,小海豚600G+6年滤芯套装,1812983769340	,厨房电器,净水器/净水设备及配件耗材,净水器,	,S2508151538001,	,	,	,无售后或售后取消,,	,	,,,,,,,否,否,	,否,	,,695.0	,0.0	,0.0	,3.0	,0.0	,0.0	,0.0	,0.0	,692.0	,695.0	,	,	,****,****,****,****,,否,否,	,	,	,否,	,	,	,	,	,	,	,	,	,	,	,	,否,否,	,否,	,,	,否,	,否,,,否
云米即热净水器厨房家用直饮RO反渗透加热净饮一体机1000G,251126-520460736111074,已取消,1	,正常,	,	,,	,	,364990106384	,即热直饮 1000G大通量,1455593712429	,厨房电器,净水器/净水设备及配件耗材,净水器,	,6923185651116	,6923185651116	,	,	,无售后或售后取消,,	,	,,,,,,,否,否,	,否,	,,1295.0	,0.0	,0.0	,0.0	,0.0	,0.0	,0.0	,0.0	,1295.0	,1295.0	,	,	,****,****,****,****,,否,否,	,	,	,否,	,	,	,	,	,	,	,	,	,	,	,	,否,否,	,否,	,,	,否,	,否,,,否
【6年套装】云米净水器600G小海豚升级版厨下式RO反渗透直饮家用,251126-069101228441914,已取消,1	,正常,	,	,,	,	,852932116812	,小海豚600G+6年滤芯套装,1812983769340	,厨房电器,净水器/净水设备及配件耗材,净水器,	,S2508151538001,	,	,	,无售后或售后取消,,	,	,,,,,,,否,否,	,否,	,,695.0	,0.0	,0.0	,0.0	,0.0	,0.0	,0.0	,0.0	,695.0	,695.0	,	,	,****,****,****,****,,否,否,	,	,	,否,	,	,	,	,	,	,	,	,	,	,	,	,否,否,	,否,	,,	,否,	,否,,,否
云米即热净水器厨房家用直饮RO反渗透加热净饮一体机1000G,251126-424904005262804,已发货，待收货,1	,正常,2025-11-26 08:51:58,2025-11-27 08:51:58,,2025-11-26 14:53:54,	,364990106384	,即热直饮 1000G大通量,1455593712429	,厨房电器,净水器/净水设备及配件耗材,净水器,	,6923185651116	,6923185651116	,	,	,无售后或售后取消,,2025-11-26 08:51:58,	,,,,,,,否,否,	,否,	,,1295.0	,0.0	,0.0	,0.0	,0.0	,0.0	,0.0	,0.0	,1295.0	,1295.0	,JDV024266335291,京东配送,河北省,邢台市,宁晋县,,,否,否,	,	,	,否,	,	,	,	,	,	,	,	,	,	,	,	,否,否,	,否,否,,	,否,	,否,,,否
云米小厨宝6L电热水器厨房卫生间出水恒温储水式小型速热神器加热,251126-539177838951514,未发货，退款成功,1	,正常,2025-11-26 08:49:13,2025-11-27 08:49:13,,	,	,208073193570	,热水即刻有-【6L】,1801828025682	,大家电,热水器,厨宝,	,6923185611233	,6923185611233	,拦截ZX2511260061603,	,退款成功,,2025-11-26 08:49:13,	,,,,,,,否,否,	,否,	,,253.0	,0.0	,0.0	,50.0	,0.0	,0.0	,0.0	,0.0	,203.0	,253.0	,	,	,福建省,龙岩市,上杭县,,,否,否,	,	,	,否,	,	,	,	,	,	,	,	,	,	,	,	,否,否,	,否,否,,	,否,	,否,,,否
云米AI油烟机双腔大吸力Smart双腔一级能效23m³大风压智清洁节能,251126-017217677623404,已取消,1	,正常,	,	,,	,	,857557599349	,双腔深拢吸油烟机,1816789031904	,大家电,厨房大电,油烟机,	,6923185649229	,6923185649229	,	,	,无售后或售后取消,,	,	,,,,,,,否,否,	,否,	,,779.0	,0.0	,0.0	,70.11	,0.0	,0.0	,0.0	,0.0	,708.89	,779.0	,	,	,****,****,****,****,,否,否,	,	,	,否,	,	,	,	,	,	,	,	,	,	,	,	,否,否,	,否,	,,	,否,	,否,,,否
【重磅新品】云米净水器600G小海豚升级版厨下式RO反渗透直饮家用,251126-317529844153160,已取消,1	,正常,	,	,,	,	,225501370546	,小海豚600G,1813468330532	,厨房电器,净水器/净水设备及配件耗材,净水器,	,6923185653684	,6923185616399	,	,	,无售后或售后取消,,	,	,,,,,,,否,否,	,否,	,,559.0	,0.0	,0.0	,0.0	,0.0	,0.0	,0.0	,0.0	,559.0	,559.0	,	,	,****,****,****,****,,否,否,	,	,	,否,	,	,	,	,	,	,	,	,	,	,	,	,否,否,	,否,	,,	,否,	,否,,,否
【重磅新品】云米净水器600G小海豚升级版厨下式RO反渗透直饮家用,251126-168474775993160,未发货，退款成功,1	,正常,2025-11-26 08:06:22,2025-11-27 08:06:22,,	,	,852161740747	,小海豚600G+6年滤芯套装,1812658223669	,厨房电器,净水器/净水设备及配件耗材,净水器,	,S2508151538001,	,聚水潭已取消发货 已退款   叶11.26,	,退款成功,,2025-11-26 08:06:22,	,,,,,,,否,否,	,否,	,,764.9	,0.0	,0.0	,100.0	,0.0	,0.0	,0.0	,0.0	,664.9	,764.9	,	,	,福建省,福州市,马尾区,,,否,否,	,	,	,否,	,	,	,	,	,	,	,	,	,	,	,	,否,否,	,否,否,,	,否,	,否,,,否
云米小厨宝6L电热水器厨房卫生间出水恒温储水式小型速热神器加热,251126-458332639663667,已收货,1	,正常,2025-11-26 07:50:34,2025-11-27 07:50:34,,2025-11-26 15:02:43,2025-11-28 18:39:34,208073193570	,热水即刻有-【6L】,1801828025682	,大家电,热水器,厨宝,	,6923185611233	,6923185611233	,18502715126安装 [viomi慧慧sk 11/27 22:12],	,无售后或售后取消,,2025-11-26 07:50:34,	,,,,,,,否,否,	,否,	,,253.0	,0.0	,0.0	,83.0	,0.0	,0.0	,0.0	,0.0	,170.0	,253.0	,JDV024265589630,京东配送,湖北省,咸宁市,咸安区,,,否,否,	,	,	,否,	,	,	,	,	,	,	,	,	,	,	,	,否,否,	,否,否,,	,否,	,否,,,否
云米全自动智能马桶2Pro一体座圈加热妇洗泡沫盾抗菌可冲洗带水箱,251126-139922051493023,已取消,1	,正常,	,	,,	,	,248791771968	,"300mm,【大冲力】多种冲洗模式",1752476543651	,家装主材,卫浴陶瓷,智能坐便器,	,6923185654575	,	,	,	,无售后或售后取消,,	,	,,,,,,,否,否,	,否,	,,2373.0	,0.0	,143.0	,100.0	,0.0	,0.0	,0.0	,0.0	,2130.0	,2230.0	,	,	,****,****,****,****,,否,否,	,	,	,否,	,	,	,	,	,	,	,	,	,	,	,	,否,否,	,否,	,,	,否,	,否,,,否
云米小厨宝6L电热水器厨房卫生间出水恒温储水式小型速热神器加热,251126-379983030602761,已发货，待收货,1	,正常,2025-11-26 07:43:59,2025-11-27 07:43:59,,2025-11-26 14:45:54,	,208073193570	,热水即刻有-【6L】,1801828025682	,大家电,热水器,厨宝,	,6923185611233	,6923185611233	,	,	,无售后或售后取消,,2025-11-26 07:43:59,	,,,,,,,否,否,	,否,	,,253.0	,0.0	,0.0	,0.0	,0.0	,0.0	,0.0	,0.0	,253.0	,253.0	,JDV024266317876,京东配送,福建省,莆田市,仙游县,,,否,否,	,	,	,否,	,	,	,	,	,	,	,	,	,	,	,	,否,否,	,否,否,,	,否,	,否,,,否
【6年套装】云米净水器600G小海豚升级版厨下式RO反渗透直饮家用,251126-626314514740290,已发货，待收货,1	,正常,2025-11-26 07:43:23,2025-11-27 07:43:23,,2025-11-26 15:02:43,	,852932116812	,小海豚600G+6年滤芯套装,1812983769340	,厨房电器,净水器/净水设备及配件耗材,净水器,	,S2508151538001,	,	,	,无售后或售后取消,,2025-11-26 07:43:23,	,,,,,,,否,否,	,否,	,,695.0	,0.0	,0.0	,50.0	,0.0	,0.0	,0.0	,0.0	,645.0	,695.0	,JDV024264781153,京东大件物流,天津市,天津市,滨海新区,,,否,否,	,	,	,否,	,	,	,	,	,	,	,	,	,	,	,	,否,否,	,否,否,,	,否,	,否,,,否
【重磅新品】云米净水器600G小海豚升级版厨下式RO反渗透直饮家用,251126-653871081792478,已取消,1	,正常,	,	,,	,	,852161740747	,小海豚600G+6年滤芯套装,1812658223669	,厨房电器,净水器/净水设备及配件耗材,净水器,	,S2508151538001,	,	,	,无售后或售后取消,,	,	,,,,,,,否,否,	,否,	,,764.9	,0.0	,0.0	,0.0	,0.0	,0.0	,0.0	,0.0	,764.9	,764.9	,	,	,****,****,****,****,,否,否,	,	,	,否,	,	,	,	,	,	,	,	,	,	,	,	,否,否,	,否,	,,	,否,	,否,,,否
【冷热直饮套装】云米净水器家用厨下管线机套装一键即热制冷直饮,251126-157684876912765,已发货，待收货,1	,正常,2025-11-26 07:02:08,2025-11-27 07:02:08,,2025-11-26 15:02:43,	,480070620581	,【冷热净水直饮套装】新品净水器+冷热管线机,1620106386127	,厨房电器,净水器/净水设备及配件耗材,净水器,	,S2407170910001,	,	,	,无售后或售后取消,,2025-11-26 07:02:08,	,,,,,,,否,否,	,否,	,,1434.0	,0.0	,0.0	,50.0	,2.76	,0.0	,0.0	,0.0	,1384.0	,1434.0	,JDV024269559046,京东大件物流,湖北省,省直辖县级行政区划,仙桃市,,,否,否,	,	,	,否,	,	,	,	,	,	,	,	,	,	,	,	,否,否,	,否,否,,	,否,	,否,,,否
云米小厨宝6L电热水器厨房卫生间出水恒温储水式小型速热神器加热,251126-023614011812420,已发货，待收货,1	,正常,2025-11-26 06:46:20,2025-11-27 06:46:21,,2025-11-26 15:02:44,	,208073193570	,热水即刻有-【6L】,1801828025682	,大家电,热水器,厨宝,	,6923185611233	,6923185611233	,	,	,售后处理中,,2025-11-26 06:46:21,	,,,,,,,否,否,	,否,	,,253.0	,0.0	,0.0	,20.0	,0.0	,0.0	,0.0	,0.0	,233.0	,253.0	,JDV024264240883,京东大件物流,辽宁省,大连市,甘井子区,,,否,否,	,	,	,否,	,	,	,	,	,	,	,	,	,	,	,	,否,否,	,否,否,,	,否,	,否,,,否
云米智能小鲸鱼马桶盖全自动即热恒温带烘干坐垫圈抗菌除臭自清洗,251126-107510577483796,已取消,1	,正常,	,	,,	,	,806019508014	,智能抗菌即热式马桶盖,1779247806426	,家装主材,卫浴陶瓷,智能坐便盖板,	,6923185654537	,6923185654537	,	,	,无售后或售后取消,,	,	,,,,,,,否,否,	,否,	,,699.0	,0.0	,0.0	,90.87	,0.0	,0.0	,0.0	,0.0	,608.13	,699.0	,	,	,****,****,****,****,,否,否,	,	,	,否,	,	,	,	,	,	,	,	,	,	,	,	,否,否,	,否,	,,	,否,	,否,,,否
VIOMI云米净水器600G小蓝调厨下式RO反渗透直饮家用6年长效,251126-424725768591188,已取消,1	,正常,	,	,,	,	,850883552953	,RO反渗透除去重金属,1811278299045	,厨房电器,净水器/净水设备及配件耗材,净水器,	,6923185653592	,6923185653592	,	,	,无售后或售后取消,,	,	,,,,,,,否,否,	,否,	,,599.2	,0.0	,0.0	,100.0	,0.0	,0.0	,0.0	,0.0	,499.2	,599.2	,	,	,****,****,****,****,,否,否,	,	,	,否,	,	,	,	,	,	,	,	,	,	,	,	,否,否,	,否,	,,	,否,	,否,,,否
VIOMI云米净水器600G小蓝调厨下式RO反渗透直饮家用6年长效,251126-075161977161448,已发货，待收货,1	,正常,2025-11-26 06:05:09,2025-11-27 06:05:09,,2025-11-26 16:16:25,	,850883552953	,RO反渗透除去重金属,1811278299045	,厨房电器,净水器/净水设备及配件耗材,净水器,	,6923185653592	,6923185653592	,	,	,无售后或售后取消,,2025-11-26 06:05:09,	,,,,,,,否,否,	,否,	,,599.2	,0.0	,0.0	,100.0	,0.0	,0.0	,0.0	,0.0	,499.2	,599.2	,JDV024266943052,京东配送,重庆市,重庆市,其他区,,,否,否,	,	,	,否,	,	,	,	,	,	,	,	,	,	,	,	,否,否,	,否,否,,	,否,	,否,,,否
云米电热水器免换镁棒1级能效钛芯防护抑菌内胆免清洗3000W速热,251126-485176164711003,已发货，待收货,1	,正常,2025-11-26 04:14:18,2025-11-27 04:14:18,,2025-11-26 14:58:48,	,215513269171	,"【免更换镁棒技术】抑菌健康洗,60L",1757655804683	,大家电,热水器,电热水器,	,6923185611899	,镁棒50/60L,	,	,无售后或售后取消,,2025-11-26 04:14:18,	,,,,,,,否,否,	,否,	,,889.0	,0.0	,0.0	,0.0	,0.0	,0.0	,0.0	,0.0	,889.0	,889.0	,JDV024266330128,京东配送,湖南省,长沙市,长沙县,,,否,否,	,	,	,否,	,	,	,	,	,	,	,	,	,	,	,	,否,否,	,否,否,,	,否,	,否,,,否
云米电热水器免换镁棒1级能效钛芯防护抑菌内胆免清洗3000W速热,251126-434089572711003,已取消,1	,正常,	,	,,	,	,215513269171	,"【免更换镁棒技术】抑菌健康洗,60L",1757655804683	,大家电,热水器,电热水器,	,6923185611899	,镁棒50/60L,	,	,无售后或售后取消,,	,	,,,,,,,否,否,	,否,	,,889.0	,0.0	,0.0	,0.0	,0.0	,0.0	,0.0	,0.0	,889.0	,889.0	,	,	,****,****,****,****,,否,否,	,	,	,否,	,	,	,	,	,	,	,	,	,	,	,	,否,否,	,否,	,,	,否,	,否,,,否
云米电热水器免换镁棒1级能效钛芯防护抑菌内胆免清洗3000W速热,251126-332692242791003,已取消,1	,正常,	,	,,	,	,215513269171	,"【免更换镁棒技术】抑菌健康洗,60L",1757655804683	,大家电,热水器,电热水器,	,6923185611899	,镁棒50/60L,	,	,无售后或售后取消,,	,	,,,,,,,否,否,	,否,	,,889.0	,0.0	,0.0	,0.0	,0.0	,0.0	,0.0	,0.0	,889.0	,889.0	,	,	,****,****,****,****,,否,否,	,	,	,否,	,	,	,	,	,	,	,	,	,	,	,	,否,否,	,否,	,,	,否,	,否,,,否
云米电热水器免换镁棒1级能效钛芯防护抑菌内胆免清洗3000W速热,251126-209977424231003,已取消,1	,正常,	,	,,	,	,215513269171	,"【免更换镁棒技术】抑菌健康洗,60L",1757655804683	,大家电,热水器,电热水器,	,6923185611899	,镁棒50/60L,	,	,无售后或售后取消,,	,	,,,,,,,否,否,	,否,	,,889.0	,0.0	,0.0	,0.0	,0.0	,0.0	,0.0	,0.0	,889.0	,889.0	,	,	,****,****,****,****,,否,否,	,	,	,否,	,	,	,	,	,	,	,	,	,	,	,	,否,否,	,否,	,,	,否,	,否,,,否
云米电热水器50/60升洗澡家用浴室速热大容量省电防漏电安全保温,251126-172742438472657,未发货，退款成功,1	,正常,2025-11-26 03:52:15,2025-11-27 03:52:15,2025-11-28 23:59:59,	,	,436320010098	,"速热长效保温安全电热水器,50L【2-3人】",1756921788832	,大家电,热水器,电热水器,	,6923185614920	,6923185614920	,聚水潭已取消发货 已退款   叶11.26,	,退款成功,,2025-11-26 03:52:15,	,,,,,,,否,否,	,否,	,,486.0	,0.0	,24.0	,16.0	,4.46	,0.0	,0.0	,0.0	,446.0	,462.0	,	,	,广东省,中山市,坦洲镇,,,否,否,	,	,	,否,	,	,	,	,	,	,	,	,	,	,	,	,否,否,	,否,否,,	,否,	,否,,,否
云米即热净水器厨房家用直饮RO反渗透加热净饮一体机1000G,251126-422408394342270,已发货，待收货,1	,正常,2025-11-26 03:41:17,2025-11-27 03:41:17,,2025-11-26 14:45:53,	,364990106384	,即热直饮 1000G大通量,1455593712429	,厨房电器,净水器/净水设备及配件耗材,净水器,	,6923185651116	,6923185651116	,	,	,无售后或售后取消,,2025-11-26 03:41:17,	,,,,,,,否,否,	,否,	,,1295.0	,0.0	,0.0	,100.0	,0.0	,0.0	,0.0	,0.0	,1195.0	,1295.0	,JDV024266284576,京东配送,山东省,淄博市,临淄区,,,否,否,	,	,	,否,	,	,	,	,	,	,	,	,	,	,	,	,否,否,	,否,是,6	,商家,否,	,否,,信用卡分期,否
云米前置过滤器家用自来水前置净水器自动反冲洗全屋净水机大流量,251126-341259077232044,已取消,1	,正常,	,	,,	,	,857325968546	,前置过滤器VF4-A,1816570520374	,厨房电器,净水器/净水设备及配件耗材,净水器,	,6923185621058	,	,	,	,无售后或售后取消,,	,	,,,,,,,否,否,	,否,	,,369.0	,0.0	,0.0	,55.35	,0.0	,0.0	,0.0	,0.0	,313.65	,369.0	,	,	,****,****,****,****,,否,否,	,	,	,否,	,	,	,	,	,	,	,	,	,	,	,	,否,否,	,否,	,,	,否,	,否,,,否
【6年套装】云米净水器600G小海豚升级版厨下式RO反渗透直饮家用,251126-637156738672241,已收货,1	,正常,2025-11-26 01:39:36,2025-11-27 01:39:36,,2025-11-26 15:02:44,2025-11-28 19:06:42,852932116812	,小海豚600G+6年滤芯套装,1812983769340	,厨房电器,净水器/净水设备及配件耗材,净水器,	,S2508151538001,	,	,	,无售后或售后取消,,2025-11-26 01:39:36,	,,,,,,,否,否,	,否,	,,695.0	,0.0	,0.0	,50.0	,0.0	,0.0	,0.0	,0.0	,645.0	,695.0	,JDV024266368258,京东大件物流,广东省,深圳市,龙岗区,,,否,否,	,	,	,否,	,	,	,	,	,	,	,	,	,	,	,	,否,否,	,否,否,,	,否,	,否,,,否
【重磅新品】云米净水器600G小海豚升级版厨下式RO反渗透直饮家用,251126-058856599152241,未发货，退款成功,1	,正常,2025-11-26 01:34:03,2025-11-27 01:34:03,,	,	,225501370546	,小海豚600G,1813468330532	,厨房电器,净水器/净水设备及配件耗材,净水器,	,6923185653684	,6923185616399	,聚水潭已取消发货 已退款   叶11.26,	,退款成功,,2025-11-26 01:34:03,	,,,,,,,否,否,	,否,	,,559.0	,0.0	,0.0	,50.0	,0.0	,0.0	,0.0	,0.0	,509.0	,559.0	,	,	,广东省,深圳市,龙岗区,,,否,否,	,	,	,否,	,	,	,	,	,	,	,	,	,	,	,	,否,否,	,否,是,3	,商家,否,	,否,,信用卡分期,否
VIOMI云米净水器600G小蓝调厨下式RO反渗透直饮家用6年长效,251126-169082918512391,已取消,1	,正常,	,	,,	,	,850883552953	,RO反渗透除去重金属,1811278299045	,厨房电器,净水器/净水设备及配件耗材,净水器,	,6923185653592	,6923185653592	,	,	,无售后或售后取消,,	,	,,,,,,,否,否,	,否,	,,599.2	,0.0	,0.0	,100.0	,0.0	,0.0	,0.0	,0.0	,499.2	,599.2	,	,	,****,****,****,****,,否,否,	,	,	,否,	,	,	,	,	,	,	,	,	,	,	,	,否,否,	,否,	,,	,否,	,否,,,否
【重磅新品】云米净水器600G小海豚升级版厨下式RO反渗透直饮家用,251126-007423946371120,已发货，待收货,1	,正常,2025-11-26 00:54:27,2025-11-27 00:54:28,,2025-11-26 15:02:43,	,852161740747	,小海豚600G+6年滤芯套装,1812658223669	,厨房电器,净水器/净水设备及配件耗材,净水器,	,S2508151538001,	,15710933323安装 [viomi慧慧sk 11/27 22:14],	,无售后或售后取消,,2025-11-26 00:54:28,	,,,,,,,否,否,	,否,	,,764.9	,0.0	,0.0	,100.0	,8.0	,0.0	,0.0	,0.0	,664.9	,764.9	,JDV024264388464,京东配送,河北省,秦皇岛市,海港区,,,否,否,	,	,	,否,	,	,	,	,	,	,	,	,	,	,	,	,否,否,	,否,否,,	,否,	,否,,,否
云米净水器滤芯家用小海豚小蓝调小白龙系列专用RO反渗透,251126-295971079752649,已发货，待收货,1	,正常,2025-11-26 00:41:04,2025-11-28 00:41:04,,2025-11-26 09:49:03,	,232467205433	,5in1 复合滤芯,1647394585330	,厨房电器,净水器/净水设备及配件耗材,净水器配件耗材,	,6923185627425	,	,	,	,无售后或售后取消,,2025-11-26 00:41:04,	,,,,,,,否,否,	,否,	,,149.0	,0.0	,0.0	,19.37	,0.0	,0.0	,0.0	,0.0	,129.63	,149.0	,JDV024264060191,京东大件物流,江西省,宜春市,奉新县,,,否,否,	,	,	,否,	,	,	,	,	,	,	,	,	,	,	,	,否,否,	,否,否,,	,否,	,否,,,否
【重磅新品】云米净水器600G小海豚升级版厨下式RO反渗透直饮家用,251126-546874355213570,已取消,1	,正常,	,	,,	,	,225501370546	,小海豚600G,1813468330532	,厨房电器,净水器/净水设备及配件耗材,净水器,	,6923185653684	,6923185616399	,	,	,无售后或售后取消,,	,	,,,,,,,否,否,	,否,	,,559.0	,0.0	,0.0	,0.0	,0.0	,0.0	,0.0	,0.0	,559.0	,559.0	,	,	,****,****,****,****,,否,否,	,	,	,否,	,	,	,	,	,	,	,	,	,	,	,	,否,否,	,否,	,,	,否,	,否,,,否
云米即热净水器厨房家用直饮RO反渗透加热净饮一体机1000G,251126-325771609683985,已取消,1	,正常,	,	,,	,	,364990106384	,即热直饮 1000G大通量,1455593712429	,厨房电器,净水器/净水设备及配件耗材,净水器,	,6923185651116	,6923185651116	,	,	,无售后或售后取消,,	,	,,,,,,,否,否,	,否,	,,1295.0	,0.0	,0.0	,58.0	,0.0	,0.0	,0.0	,0.0	,1237.0	,1295.0	,	,	,****,****,****,****,,否,否,	,	,	,否,	,	,	,	,	,	,	,	,	,	,	,	,否,否,	,否,	,,	,否,	,否,,,否
云米即热净水器厨房家用直饮RO反渗透加热净饮一体机1000G,251126-492453250643139,已发货，待收货,1	,正常,2025-11-26 00:16:26,2025-11-27 00:16:26,,2025-11-26 15:02:44,	,364990106384	,即热直饮 1000G大通量,1455593712429	,厨房电器,净水器/净水设备及配件耗材,净水器,	,6923185651116	,6923185651116	,	ZX2511270061103	=拦截 [viomi范范sk 11/27 09:37],	,无售后或售后取消,,2025-11-26 00:16:26,	,,,,,,,否,否,	,否,	,,1295.0	,0.0	,0.0	,100.0	,6.0	,0.0	,0.0	,0.0	,1195.0	,1295.0	,JDV024263675135,京东大件物流,河南省,漯河市,郾城区,,,否,否,	,	,	,否,	,	,	,	,	,	,	,	,	,	,	,	,否,否,	,否,否,,	,否,	,否,,,否
云米小厨宝6L电热水器厨房卫生间出水恒温储水式小型速热神器加热,251126-303426465301997,已发货，待收货,1	,正常,2025-11-26 00:16:34,2025-11-27 00:16:34,,2025-11-26 14:28:41,	,208073193570	,热水即刻有-【6L】,1801828025682	,大家电,热水器,厨宝,	,6923185611233	,6923185611233	,	,	,无售后或售后取消,,2025-11-26 00:16:34,	,,,,,,,否,否,	,否,	,,253.0	,0.0	,0.0	,30.36	,0.0	,0.0	,0.0	,0.0	,222.64	,253.0	,JDV024264197467,京东配送,山东省,潍坊市,潍城区,,,否,否,	,	,	,否,	,	,	,	,	,	,	,	,	,	,	,	,否,否,	,否,否,,	,否,	,否,,,否
云米即热净水器厨房家用直饮RO反渗透加热净饮一体机1000G,251126-259690402220840,已发货，待收货,1	,正常,2025-11-26 00:14:09,2025-11-27 00:14:09,,2025-11-26 09:49:03,	,364990106384	,即热直饮 1000G大通量,1455593712429	,厨房电器,净水器/净水设备及配件耗材,净水器,	,6923185651116	,6923185651116	,	,	,无售后或售后取消,,2025-11-26 00:14:09,	,,,,,,,否,否,	,否,	,,1295.0	,0.0	,0.0	,100.0	,2.39	,0.0	,0.0	,0.0	,1195.0	,1295.0	,JDV024263675109,京东大件物流,江苏省,南京市,建邺区,,,否,否,	,	,	,否,	,	,	,	,	,	,	,	,	,	,	,	,否,否,	,否,否,,	,否,	,否,,,否
【重磅新品】云米净水器600G小海豚升级版厨下式RO反渗透直饮家用,251126-373922281780290,未发货，退款成功,1	,正常,2025-11-26 00:06:49,2025-11-27 00:06:49,,	,	,852161740747	,小海豚600G+6年滤芯套装,1812658223669	,厨房电器,净水器/净水设备及配件耗材,净水器,	,S2508151538001,	,拦截	ZX2511260061599,	,退款成功,,2025-11-26 00:06:49,	,,,,,,,否,否,	,否,	,,764.9	,0.0	,0.0	,100.0	,0.0	,0.0	,0.0	,0.0	,664.9	,764.9	,	,	,天津市,天津市,滨海新区,,,否,否,	,	,	,否,	,	,	,	,	,	,	,	,	,	,	,	,否,否,	,否,否,,	,否,	,否,,,否
云米100L消毒柜家用超薄嵌入式大容量厨房独立消毒烘干ZTD100A-1,251126-221606069832435,已发货，待收货,1	,正常,2025-11-26 00:05:41,2025-11-28 00:05:41,,2025-11-26 09:49:04,	,220820325711	,嵌入式100L消毒柜,1644782695193	,大家电,厨房大电,消毒柜,	,6923185604303	,6923185604303	,	,	,无售后或售后取消,,2025-11-26 00:05:41,	,,,,,,,否,否,	,否,	,,848.0	,0.0	,0.0	,0.0	,0.0	,0.0	,0.0	,0.0	,848.0	,848.0	,JDV024263674055,京东大件物流,湖南省,常德市,澧县,,,否,否,	,	,	,否,	,	,	,	,	,	,	,	,	,	,	,	,否,否,	,否,否,,	,否,	,否,,,否
云米全自动智能马桶2Pro一体座圈加热妇洗泡沫盾抗菌可冲洗带水箱,251126-385645341093023,已取消,1	,正常,	,	,,	,	,248791771968	,"300mm,【大冲力】多种冲洗模式",1752476543651	,家装主材,卫浴陶瓷,智能坐便器,	,6923185654575	,	,	,	,无售后或售后取消,,	,	,,,,,,,否,否,	,否,	,,2373.0	,0.0	,143.0	,100.0	,0.0	,0.0	,0.0	,0.0	,2130.0	,2230.0	,	,	,****,****,****,****,,否,否,	,	,	,否,	,	,	,	,	,	,	,	,	,	,	,	,否,否,	,否,	,,	,否,	,否,,,否
【重磅新品】云米净水器600G小海豚升级版厨下式RO反渗透直饮家用,251125-044900104623419,未发货，退款成功,1	,正常,2025-11-25 23:49:20,2025-11-26 23:49:20,,	,	,225501370546	,小海豚600G,1813468330532	,厨房电器,净水器/净水设备及配件耗材,净水器,	,6923185653684	,6923185616399	,聚水潭已取消发货 已退款   叶11.26,	,退款成功,,2025-11-25 23:49:20,	,,,,,,,否,否,	,否,	,,559.0	,0.0	,0.0	,50.0	,0.0	,0.0	,0.0	,0.0	,509.0	,559.0	,	,	,天津市,天津市,武清区,,,否,否,	,	,	,否,	,	,	,	,	,	,	,	,	,	,	,	,否,否,	,否,否,,	,否,	,否,,,否
云米即热净水器厨房家用直饮RO反渗透加热净饮一体机1000G,251125-458783537480149,未发货，退款成功,1	,正常,2025-11-25 23:33:55,2025-11-26 23:33:55,,	,	,364990106384	,即热直饮 1000G大通量,1455593712429	,厨房电器,净水器/净水设备及配件耗材,净水器,	,6923185651116	,6923185651116	,聚水潭已取消发货 已退款   叶11.26,	,退款成功,,2025-11-25 23:33:55,	,,,,,,,否,否,	,否,	,,1295.0	,0.0	,0.0	,100.0	,0.0	,0.0	,0.0	,0.0	,1195.0	,1295.0	,	,	,江苏省,南京市,浦口区,,,否,否,	,	,	,否,	,	,	,	,	,	,	,	,	,	,	,	,否,否,	,否,是,6	,商家,否,	,否,,信用卡分期,否
云米即热净水器厨房家用直饮RO反渗透加热净饮一体机1000G,251125-522463537523376,已取消,1	,正常,	,	,,	,	,364990106384	,即热直饮 1000G大通量,1455593712429	,厨房电器,净水器/净水设备及配件耗材,净水器,	,6923185651116	,6923185651116	,	,	,无售后或售后取消,,	,	,,,,,,,否,否,	,否,	,,1295.0	,0.0	,0.0	,0.0	,0.0	,0.0	,0.0	,0.0	,1295.0	,1295.0	,	,	,****,****,****,****,,否,否,	,	,	,否,	,	,	,	,	,	,	,	,	,	,	,	,否,否,	,否,	,,	,否,	,否,,,否
云米即热净水器厨房家用直饮RO反渗透加热净饮一体机1000G,251125-202217951603376,已取消,1	,正常,	,	,,	,	,364990106384	,即热直饮 1000G大通量,1455593712429	,厨房电器,净水器/净水设备及配件耗材,净水器,	,6923185651116	,6923185651116	,	,	,无售后或售后取消,,	,	,,,,,,,否,否,	,否,	,,1295.0	,0.0	,0.0	,0.0	,0.0	,0.0	,0.0	,0.0	,1295.0	,1295.0	,	,	,****,****,****,****,,否,否,	,	,	,否,	,	,	,	,	,	,	,	,	,	,	,	,否,否,	,否,	,,	,否,	,否,,,否
云米即热净水器厨房家用直饮RO反渗透加热净饮一体机1000G,251125-592707664162088,已取消,1	,正常,	,	,,	,	,364990106384	,即热直饮 1000G大通量,1455593712429	,厨房电器,净水器/净水设备及配件耗材,净水器,	,6923185651116	,6923185651116	,	,	,无售后或售后取消,,	,	,,,,,,,否,否,	,否,	,,1295.0	,0.0	,0.0	,50.0	,0.0	,0.0	,0.0	,0.0	,1245.0	,1295.0	,	,	,****,****,****,****,,否,否,	,	,	,否,	,	,	,	,	,	,	,	,	,	,	,	,否,否,	,否,	,,	,否,	,否,,,否
VIOMI云米净水器600G小蓝调厨下式RO反渗透直饮家用6年长效,251125-011660193312145,已发货，待收货,1	,正常,2025-11-25 23:09:25,2025-11-26 23:09:26,,2025-11-26 09:49:03,	,850883552953	,RO反渗透除去重金属,1811278299045	,厨房电器,净水器/净水设备及配件耗材,净水器,	,6923185653592	,6923185653592	,	,	,无售后或售后取消,,2025-11-25 23:09:26,	,,,,,,,否,否,	,否,	,,599.2	,0.0	,0.0	,100.0	,0.0	,0.0	,0.0	,0.0	,499.2	,599.2	,JDV024264061676,京东大件物流,江苏省,苏州市,吴江区,,,否,否,	,	,	,否,	,	,	,	,	,	,	,	,	,	,	,	,否,否,	,否,否,,	,否,	,否,,,否
【重磅新品】云米净水器600G小海豚升级版厨下式RO反渗透直饮家用,251125-251972893100313,已取消,1	,正常,	,	,,	,	,225501370546	,小海豚600G,1813468330532	,厨房电器,净水器/净水设备及配件耗材,净水器,	,6923185653684	,6923185616399	,	,	,无售后或售后取消,,	,	,,,,,,,否,否,	,否,	,,559.0	,0.0	,0.0	,0.0	,0.0	,0.0	,0.0	,0.0	,559.0	,559.0	,	,	,****,****,****,****,,否,否,	,	,	,否,	,	,	,	,	,	,	,	,	,	,	,	,否,否,	,否,	,,	,否,	,否,,,否
【冷热直饮套装】云米净水器家用厨下管线机套装一键即热制冷直饮,251125-054001734001034,未发货，退款成功,1	,正常,2025-11-25 23:04:44,2025-11-26 23:04:44,,	,	,480070620581	,【净热直饮套装】新品净水器+制热管线机,1620106386126	,厨房电器,净水器/净水设备及配件耗材,净水器,	,S2405281401001,	,聚水潭已取消发货 已退款   叶11.26,	,退款成功,,2025-11-25 23:04:44,	,,,,,,,否,否,	,否,	,,1449.0	,0.0	,0.0	,100.0	,0.0	,0.0	,0.0	,0.0	,1349.0	,1449.0	,	,	,山东省,德州市,乐陵市,,,否,否,	,	,	,否,	,	,	,	,	,	,	,	,	,	,	,	,否,否,	,否,否,,	,否,	,否,,,否
云米60升AI速热高温抑菌电热水器3000W一级节能变频增容家用租房,251125-273951025501619,已收货,1	,正常,2025-11-25 23:03:37,2025-11-26 23:03:37,,2025-11-26 09:49:04,2025-11-28 19:10:13,226368376224	,3000W速热安全60L热水器,1737176648260	,大家电,热水器,电热水器,	,6923185602224	,6923185602224	,17775611645安装 [viomi诺诺sk 11/27 14:13]已登记赠品 [viomi诺诺sk 11/28 22:21],	,无售后或售后取消,,2025-11-25 23:03:37,	,,,,,,,否,否,	,否,	,,654.0	,0.0	,33.0	,50.0	,1.14	,0.0	,0.0	,0.0	,571.0	,621.0	,JDV024263668563,京东大件物流,湖南省,衡阳市,衡南县,,,否,否,	,	,	,否,	,	,	,	,	,	,	,	,	,	,	,	,否,否,	,否,否,,	,否,	,否,,,否
【重磅新品】云米净水器600G小海豚升级版厨下式RO反渗透直饮家用,251125-499856207442014,未发货，退款成功,1	,正常,2025-11-25 22:53:43,2025-11-26 22:53:43,,	,	,225501370546	,小海豚600G,1813468330532	,厨房电器,净水器/净水设备及配件耗材,净水器,	,6923185653684	,6923185616399	,直播间中奖乐扣保鲜盒==拦截	ZX2511260061599,	,退款成功,,2025-11-25 22:53:43,	,,,,,,,否,否,	,否,	,,559.0	,0.0	,0.0	,0.0	,0.0	,0.0	,0.0	,0.0	,559.0	,559.0	,	,	,湖南省,衡阳市,祁东县,,,否,否,	,	,	,否,	,	,	,	,	,	,	,	,	,	,	,	,是,是,	,否,否,,	,否,	,否,,,否
【母婴直饮】云米净水器 SE 600G+ 新升级厨下式RO反渗透直饮家用,251125-242902648412753,已收货,1	,正常,2025-11-25 22:53:31,2025-11-26 22:53:32,,2025-11-26 09:49:03,2025-11-27 23:19:46,819506595979	,【24年新品】600G升级版6年长效,1787046011387	,厨房电器,净水器/净水设备及配件耗材,净水器,	,6923185653684	,6923185616399	,	,	,无售后或售后取消,,2025-11-25 22:53:32,	,,,,,,,否,否,	,否,	,,748.0	,0.0	,130.15	,97.24	,0.0	,0.0	,0.0	,0.0	,520.61	,617.85	,JDV024263668644,京东大件物流,广东省,广州市,白云区,,,否,否,	,	,	,否,	,	,	,	,	,	,	,	,	,	,	,	,否,是,	,否,否,,	,否,	,否,,,否
【冷热直饮套装】云米净水器家用厨下管线机套装一键即热制冷直饮,251125-230047127192212,已取消,1	,正常,	,	,,	,	,480070620581	,【冷热净水直饮套装】新品净水器+冷热管线机,1620106386127	,厨房电器,净水器/净水设备及配件耗材,净水器,	,S2407170910001,	,	,	,无售后或售后取消,,	,	,,,,,,,否,否,	,否,	,,1434.0	,0.0	,0.0	,71.7	,0.0	,0.0	,0.0	,0.0	,1362.3	,1434.0	,	,	,****,****,****,****,,否,否,	,	,	,否,	,	,	,	,	,	,	,	,	,	,	,	,否,否,	,否,	,,	,否,	,否,,,否
【6年套装】云米净水器600G小海豚升级版厨下式RO反渗透直饮家用,251125-118090699150728,未发货，退款成功,1	,正常,2025-11-25 22:38:32,2025-11-26 22:38:32,,	,	,852932116812	,小海豚600G+6年滤芯套装,1812983769340	,厨房电器,净水器/净水设备及配件耗材,净水器,	,S2508151538001,	,聚水潭已取消发货 已退款   叶11.26,	,退款成功,,2025-11-25 22:38:32,	,,,,,,,否,否,	,否,	,,764.28	,0.0	,0.0	,76.17	,1.38	,0.0	,0.0	,0.0	,688.11	,764.28	,	,	,福建省,泉州市,丰泽区,,,否,否,	,	,	,否,	,	,	,	,	,	,	,	,	,	,	,	,否,否,	,否,否,,	,否,	,否,,,否
【重磅新品】云米净水器600G小海豚升级版厨下式RO反渗透直饮家用,251125-516098649692753,未发货，退款成功,1	,正常,2025-11-25 22:35:52,2025-11-26 22:35:53,,	,	,225501370546	,小海豚600G,1813468330532	,厨房电器,净水器/净水设备及配件耗材,净水器,	,6923185653684	,6923185616399	,聚水潭已取消发货 已退款   叶11.26,	,退款成功,,2025-11-25 22:35:53,	,,,,,,,否,否,	,否,	,,559.0	,0.0	,0.0	,0.0	,0.2	,0.0	,0.0	,0.0	,559.0	,559.0	,	,	,广东省,广州市,白云区,,,否,否,	,	,	,否,	,	,	,	,	,	,	,	,	,	,	,	,否,是,	,否,否,,	,否,	,否,,,否
【冷热直饮套装】云米净水器家用厨下管线机套装一键即热制冷直饮,251125-232962210161034,已取消,1	,正常,	,	,,	,	,480070620581	,【净热直饮套装】新品净水器+制热管线机,1620106386126	,厨房电器,净水器/净水设备及配件耗材,净水器,	,S2405281401001,	,	,	,无售后或售后取消,,	,	,,,,,,,否,否,	,否,	,,1449.0	,0.0	,0.0	,100.0	,0.0	,0.0	,0.0	,0.0	,1349.0	,1449.0	,	,	,****,****,****,****,,否,否,	,	,	,否,	,	,	,	,	,	,	,	,	,	,	,	,否,否,	,否,	,,	,否,	,否,,,否
【重磅新品】云米净水器600G小海豚升级版厨下式RO反渗透直饮家用,251125-524455852403480,已发货，待收货,1	,正常,2025-11-25 22:27:36,2025-11-26 22:27:36,,2025-11-26 09:50:08,	,225501370546	,小海豚600G,1813468330532	,厨房电器,净水器/净水设备及配件耗材,净水器,	,6923185653684	,6923185616399	,	,	,无售后或售后取消,,2025-11-25 22:27:36,	,,,,,,,否,否,	,否,	,,559.0	,0.0	,0.0	,0.0	,0.0	,0.0	,0.0	,0.0	,559.0	,559.0	,JDV024263668670,京东大件物流,广东省,佛山市,三水区,,,否,否,	,	,	,否,	,	,	,	,	,	,	,	,	,	,	,	,否,否,	,否,是,3	,商家,否,	,否,,信用卡分期,否
云米净水器滤芯小蓝调小海豚600G+专用复合滤芯RO反渗透滤芯过滤,251125-436123810160006,已收货，退款成功,2	,正常,2025-11-25 22:25:33,2025-11-26 22:25:33,,2025-11-26 09:49:04,2025-11-28 14:32:24,296967601341	,5in1复合滤芯 2年长效,1600193054565	,厨房电器,净水器/净水设备及配件耗材,净水器配件耗材,	,6923185627425	,	,补差后返到手价198，394.02仅退款 [viomi范范sk 11/28 14:40]==【补差】平台已退394.02元 叶11.28,	,退款成功,,2025-11-25 22:25:33,	,,,,,,,否,否,	,否,	,,598.0	,0.0	,5.98	,0.0	,0.0	,0.0	,0.0	,0.0	,592.02	,592.02	,JDV024264060165,京东大件物流,安徽省,芜湖市,鸠江区,,,否,否,	,	,	,否,	,	,	,	,	,	,	,	,	,	,	,	,否,否,	,否,否,,	,否,	,否,,,否
云米即热净水器厨房家用直饮RO反渗透加热净饮一体机1000G,251125-224510656802088,已取消,1	,正常,	,	,,	,	,364990106384	,即热直饮 1000G大通量,1455593712429	,厨房电器,净水器/净水设备及配件耗材,净水器,	,6923185651116	,6923185651116	,	,	,无售后或售后取消,,	,	,,,,,,,否,否,	,否,	,,1295.0	,0.0	,0.0	,20.0	,0.0	,0.0	,0.0	,0.0	,1275.0	,1295.0	,	,	,****,****,****,****,,否,否,	,	,	,否,	,	,	,	,	,	,	,	,	,	,	,	,否,否,	,否,	,,	,否,	,否,,,否
【重磅新品】云米净水器600G小海豚升级版厨下式RO反渗透直饮家用,251125-200666027562664,未发货，退款成功,1	,正常,2025-11-25 21:58:13,2025-11-26 21:58:13,,	,	,225501370546	,小海豚600G,1813468330532	,厨房电器,净水器/净水设备及配件耗材,净水器,	,6923185653684	,6923185616399	,聚水潭已取消发货 已退款   叶11.26,	,退款成功,,2025-11-25 21:58:13,	,,,,,,,否,否,	,否,	,,559.0	,0.0	,0.0	,50.0	,0.0	,0.0	,0.0	,0.0	,509.0	,559.0	,	,	,新疆维吾尔自治区,阿克苏地区,库车市,,,否,否,	,	,	,否,	,	,	,	,	,	,	,	,	,	,	,	,否,否,	,否,否,,	,否,	,否,,,否
【重磅新品】云米净水器600G小海豚升级版厨下式RO反渗透直饮家用,251125-660246371872230,已发货，待收货,1	,正常,2025-11-25 21:56:50,2025-11-26 21:56:50,,2025-11-26 09:50:09,	,225501370546	,小海豚600G,1813468330532	,厨房电器,净水器/净水设备及配件耗材,净水器,	,6923185653684	,6923185616399	,	,	,无售后或售后取消,,2025-11-25 21:56:50,	,,,,,,,否,否,	,否,	,,559.0	,0.0	,0.0	,0.0	,0.0	,0.0	,0.0	,0.0	,559.0	,559.0	,JDV024261646498,京东大件物流,辽宁省,沈阳市,和平区,,,否,否,	,	,	,否,	,	,	,	,	,	,	,	,	,	,	,	,否,否,	,否,否,,	,否,	,否,,,否
云米小厨宝6L电热水器厨房卫生间出水恒温储水式小型速热神器加热,251125-466521966230298,已发货，退款成功,1	,正常,2025-11-25 21:48:24,2025-11-26 21:48:24,,2025-11-26 09:49:04,	,208073193570	,热水即刻有-【6L】,1801828025682	,大家电,热水器,厨宝,	,6923185611233	,6923185611233	,	,	,退款成功,,2025-11-25 21:48:24,	,,,,,,,否,否,	,否,	,,279.0	,0.0	,14.0	,0.0	,0.0	,0.0	,0.0	,0.0	,265.0	,265.0	,JDV024263653642,京东大件物流,河南省,南阳市,内乡县,,,否,否,	,	,	,否,	,	,	,	,	,	,	,	,	,	,	,	,否,否,	,否,否,,	,否,	,否,,,否
云米全自动智能马桶2Pro一体座圈加热妇洗泡沫盾抗菌可冲洗带水箱,251125-521037442632877,已取消,1	,正常,	,	,,	,	,248791771968	,"300mm,【大冲力】多种冲洗模式",1752476543651	,家装主材,卫浴陶瓷,智能坐便器,	,6923185654575	,	,	,	,无售后或售后取消,,	,	,,,,,,,否,否,	,否,	,,2373.0	,0.0	,143.0	,100.0	,0.0	,0.0	,0.0	,0.0	,2130.0	,2230.0	,	,	,****,****,****,****,,否,否,	,	,	,否,	,	,	,	,	,	,	,	,	,	,	,	,否,否,	,否,	,,	,否,	,否,,,否
VIOMI云米净水器1000G厨下直饮小体积净水机RO机智显龙头3秒满杯,251125-618072697230710,已发货，待收货,1	,正常,2025-11-25 21:11:39,2025-11-26 21:11:39,,2025-11-26 09:50:09,	,842195971715	,1000G大通量RO净水器,1803617356458	,厨房电器,净水器/净水设备及配件耗材,净水器,	,6923185654247	,	,13896920808安装 [viomi英英sk 11/28 12:56],	,无售后或售后取消,,2025-11-25 21:11:39,	,,,,,,,否,否,	,否,	,,823.0	,0.0	,50.0	,0.0	,0.0	,0.0	,0.0	,0.0	,773.0	,773.0	,JDV024263667035,京东大件物流,重庆市,重庆市,渝北区,,,否,否,	,	,	,否,	,	,	,	,	,	,	,	,	,	,	,	,否,否,	,否,否,,	,否,	,否,,,否
【母婴直饮】云米净水器 SE 600G+ 新升级厨下式RO反渗透直饮家用,251125-524214627901572,已发货，待收货,1	,正常,2025-11-25 21:14:17,2025-11-26 21:14:17,,2025-11-26 09:49:04,	,819506595979	,【24年新品】600G升级版6年长效,1787046011387	,厨房电器,净水器/净水设备及配件耗材,净水器,	,6923185653684	,6923185616399	,	,	,无售后或售后取消,,2025-11-25 21:14:17,	,,,,,,,否,否,	,否,	,,748.0	,0.0	,134.64	,74.8	,0.0	,0.0	,0.0	,0.0	,538.56	,613.36	,JDV024261282485,京东大件物流,辽宁省,沈阳市,浑南区,,,否,否,	,	,	,否,	,	,	,	,	,	,	,	,	,	,	,	,否,否,	,否,否,,	,否,	,否,,,否
云米净水器滤芯小蓝调小海豚600G+专用复合滤芯RO反渗透滤芯过滤,251125-436668997212163,已收货,1	,正常,2025-11-25 21:02:24,2025-11-26 21:02:24,,2025-11-26 09:49:05,2025-11-28 17:53:55,296967601341	,5in1复合滤芯 2年长效,1600193054565	,厨房电器,净水器/净水设备及配件耗材,净水器配件耗材,	,6923185627425	,	,99 [viomi英英sk 11/25 21:03],	,售后处理中,,2025-11-25 21:02:24,	,,,,,,,否,否,	,否,	,,299.0	,0.0	,0.0	,0.0	,0.0	,0.0	,0.0	,0.0	,299.0	,299.0	,JDV024263672417,京东大件物流,广东省,深圳市,坪山区,,,否,否,	,	,	,否,	,	,	,	,	,	,	,	,	,	,	,	,否,否,	,否,否,,	,否,	,否,,,否
云米即热净水器厨房家用直饮RO反渗透加热净饮一体机1000G,251125-457430843812864,未发货，退款成功,1	,正常,2025-11-25 21:02:11,2025-11-26 21:02:12,,	,	,364990106384	,即热直饮 1000G大通量,1455593712429	,厨房电器,净水器/净水设备及配件耗材,净水器,	,6923185651116	,6923185651116	,聚水潭已取消发货 已退款 卫11.25,	,退款成功,,2025-11-25 21:02:12,	,,,,,,,否,否,	,否,	,,1295.0	,0.0	,0.0	,0.0	,0.0	,0.0	,0.0	,0.0	,1295.0	,1295.0	,	,	,江苏省,徐州市,云龙区,,,否,否,	,	,	,否,	,	,	,	,	,	,	,	,	,	,	,	,否,否,	,否,否,,	,否,	,否,,,否
云米即热净水器厨房家用直饮RO反渗透加热净饮一体机1000G,251125-371615414563278,已取消,1	,正常,	,	,,	,	,364990106384	,即热直饮 1000G大通量,1455593712429	,厨房电器,净水器/净水设备及配件耗材,净水器,	,6923185651116	,6923185651116	,	,	,无售后或售后取消,,	,	,,,,,,,否,否,	,否,	,,1295.0	,0.0	,0.0	,20.0	,0.0	,0.0	,0.0	,0.0	,1275.0	,1295.0	,	,	,****,****,****,****,,否,否,	,	,	,否,	,	,	,	,	,	,	,	,	,	,	,	,否,否,	,否,	,,	,否,	,否,,,否
VIOMI云米净水器600G小蓝调厨下式RO反渗透直饮家用6年长效,251125-463019774282651,已收货,1	,正常,2025-11-25 20:54:19,2025-11-26 20:54:20,,2025-11-26 09:49:04,2025-11-27 11:17:45,850883552953	,RO反渗透除去重金属,1811278299045	,厨房电器,净水器/净水设备及配件耗材,净水器,	,6923185653592	,6923185653592	,	,	,无售后或售后取消,,2025-11-25 20:54:20,	,,,,,,,否,否,	,否,	,,599.2	,0.0	,0.0	,100.0	,0.2	,0.0	,0.0	,0.0	,499.2	,599.2	,JDV024264071837,京东大件物流,安徽省,六安市,霍邱县,,,否,否,	,	,	,否,	,	,	,	,	,	,	,	,	,	,	,	,否,是,	,否,否,,	,否,	,否,,,否
VIOMI云米净水器600G小蓝调厨下式RO反渗透直饮家用6年长效,251125-668247048522651,已取消,1	,正常,	,	,,	,	,850883552953	,RO反渗透除去重金属,1811278299045	,厨房电器,净水器/净水设备及配件耗材,净水器,	,6923185653592	,6923185653592	,	,	,无售后或售后取消,,	,	,,,,,,,否,否,	,否,	,,599.2	,0.0	,0.0	,100.0	,0.0	,0.0	,0.0	,0.0	,499.2	,599.2	,	,	,****,****,****,****,,否,否,	,	,	,否,	,	,	,	,	,	,	,	,	,	,	,	,否,否,	,否,	,,	,否,	,否,,,否
【6年套装】云米净水器600G小海豚升级版厨下式RO反渗透直饮家用,251125-185965003042426,已发货，退款成功,1	,正常,2025-11-25 20:48:31,2025-11-26 20:48:31,,2025-11-26 09:49:04,	,852932116812	,小海豚600G+6年滤芯套装,1812983769340	,厨房电器,净水器/净水设备及配件耗材,净水器,	,S2508151538001,	,拦截ZX2511260061585,	,退款成功,,2025-11-25 20:48:31,	,,,,,,,否,否,	,否,	,,764.28	,0.0	,0.0	,99.35	,5.0	,0.0	,0.0	,0.0	,664.93	,764.28	,JDV024261168993,京东大件物流,河南省,平顶山市,鲁山县,,,否,否,	,	,	,否,	,	,	,	,	,	,	,	,	,	,	,	,否,否,	,否,否,,	,否,	,否,,,否
云米智能AI门锁3D指纹密码蓝牙可连大容量续航家用公寓自动安全,251125-240008568373432,未发货，退款成功,1	,正常,2025-11-25 20:45:12,2025-11-26 20:45:13,,	,	,743885774552	,"云米蓝调指纹密码锁LBT11C,黑色",1734954999916	,基础建材,智能门锁/电子锁,智能门锁/电子锁,	,6923185655381	,6923185655381	,拦截	ZX2511260061599,	,退款成功,,2025-11-25 20:45:13,	,,,,,,,否,否,	,否,	,,661.0	,0.0	,76.0	,24.0	,0.0	,0.0	,0.0	,0.0	,561.0	,585.0	,	,	,福建省,龙岩市,永定区,,,否,否,	,	,	,否,	,	,	,	,	,	,	,	,	,	,	,	,否,是,	,否,否,,	,否,	,否,,,否
【重磅新品】云米净水器600G小海豚升级版厨下式RO反渗透直饮家用,251125-324649664812142,已取消,1	,正常,	,	,,	,	,225501370546	,小海豚600G,1813468330532	,厨房电器,净水器/净水设备及配件耗材,净水器,	,6923185653684	,6923185616399	,	,	,无售后或售后取消,,	,	,,,,,,,否,否,	,否,	,,559.0	,0.0	,0.0	,0.0	,0.0	,0.0	,0.0	,0.0	,559.0	,559.0	,	,	,****,****,****,****,,否,否,	,	,	,否,	,	,	,	,	,	,	,	,	,	,	,	,否,否,	,否,	,,	,否,	,否,,,否
云米智能AI门锁3D指纹密码蓝牙可连大容量续航家用公寓自动安全,251125-200970083893432,已取消,1	,正常,	,	,,	,	,743885774552	,"云米蓝调指纹密码锁LBT11C,黑色",1734954999916	,基础建材,智能门锁/电子锁,智能门锁/电子锁,	,6923185655381	,6923185655381	,	,	,无售后或售后取消,,	,	,,,,,,,否,否,	,否,	,,661.0	,0.0	,76.0	,24.0	,0.0	,0.0	,0.0	,0.0	,561.0	,585.0	,	,	,****,****,****,****,,否,否,	,	,	,否,	,	,	,	,	,	,	,	,	,	,	,	,否,否,	,否,	,,	,否,	,否,,,否
【重磅新品】云米净水器600G小海豚升级版厨下式RO反渗透直饮家用,251125-487241879943643,已取消,1	,正常,	,	,,	,	,225501370546	,小海豚600G,1813468330532	,厨房电器,净水器/净水设备及配件耗材,净水器,	,6923185653684	,6923185616399	,	,	,无售后或售后取消,,	,	,,,,,,,否,否,	,否,	,,559.0	,0.0	,0.0	,0.0	,0.0	,0.0	,0.0	,0.0	,559.0	,559.0	,	,	,****,****,****,****,,否,否,	,	,	,否,	,	,	,	,	,	,	,	,	,	,	,	,否,否,	,否,	,,	,否,	,否,,,否
【重磅新品】云米净水器600G小海豚升级版厨下式RO反渗透直饮家用,251125-436008436002608,未发货，退款成功,1	,正常,2025-11-25 20:28:33,2025-11-26 20:28:33,,	,	,225501370546	,小海豚600G,1813468330532	,厨房电器,净水器/净水设备及配件耗材,净水器,	,6923185653684	,6923185616399	,聚水潭已取消发货 已退款 卫11.25,	,退款成功,,2025-11-25 20:28:33,	,,,,,,,否,否,	,否,	,,559.0	,0.0	,0.0	,51.23	,1.01	,0.0	,0.0	,0.0	,507.77	,559.0	,	,	,山东省,烟台市,芝罘区,,,否,否,	,	,	,否,	,	,	,	,	,	,	,	,	,	,	,	,否,否,	,否,否,,	,否,	,否,,,否
【重磅新品】云米净水器600G小海豚升级版厨下式RO反渗透直饮家用,251125-267345017271158,已发货，待收货,2	,正常,2025-11-25 20:26:18,2025-11-26 20:26:18,,2025-11-26 09:50:09,	,225501370546	,小海豚600G,1813468330532	,厨房电器,净水器/净水设备及配件耗材,净水器,	,6923185653684	,6923185616399	,	,	,无售后或售后取消,,2025-11-25 20:26:18,	,,,,,,,否,否,	,否,	,,1118.0	,0.0	,11.18	,0.0	,0.0	,0.0	,0.0	,0.0	,1106.82	,1106.82	,JDV024263694151,京东大件物流,湖南省,长沙市,岳麓区,,,否,否,	,	,	,否,	,	,	,	,	,	,	,	,	,	,	,	,否,否,	,否,否,,	,否,	,否,,,否
【6年套装】云米净水器600G小海豚升级版厨下式RO反渗透直饮家用,251125-376816309771731,已取消,1	,正常,	,	,,	,	,852932116812	,小海豚600G+6年滤芯套装,1812983769340	,厨房电器,净水器/净水设备及配件耗材,净水器,	,S2508151538001,	,	,	,无售后或售后取消,,	,	,,,,,,,否,否,	,否,	,,764.28	,0.0	,0.0	,50.0	,0.0	,0.0	,0.0	,0.0	,714.28	,764.28	,	,	,****,****,****,****,,否,否,	,	,	,否,	,	,	,	,	,	,	,	,	,	,	,	,否,否,	,否,	,,	,否,	,否,,,否
云米即热净水器厨房家用直饮RO反渗透加热净饮一体机1000G,251125-324135862691994,已取消,1	,正常,	,	,,	,	,364990106384	,即热直饮 1000G大通量,1455593712429	,厨房电器,净水器/净水设备及配件耗材,净水器,	,6923185651116	,6923185651116	,	,	,无售后或售后取消,,	,	,,,,,,,否,否,	,否,	,,1295.0	,0.0	,0.0	,20.0	,0.0	,0.0	,0.0	,0.0	,1275.0	,1295.0	,	,	,****,****,****,****,,否,否,	,	,	,否,	,	,	,	,	,	,	,	,	,	,	,	,否,否,	,否,	,,	,否,	,否,,,否
云米即热净水器厨房家用直饮RO反渗透加热净饮一体机1000G,251125-398091948404009,已发货，待收货,1	,正常,2025-11-25 20:03:28,2025-11-26 20:03:28,,2025-11-26 09:49:04,	,364990106384	,即热直饮 1000G大通量,1455593712429	,厨房电器,净水器/净水设备及配件耗材,净水器,	,6923185651116	,6923185651116	,	,	,无售后或售后取消,,2025-11-25 20:03:28,	,,,,,,,否,否,	,否,	,,1295.0	,0.0	,0.0	,100.0	,0.2	,0.0	,0.0	,0.0	,1195.0	,1295.0	,JDV024263666019,京东大件物流,吉林省,四平市,铁西区,,,否,否,	,	,	,否,	,	,	,	,	,	,	,	,	,	,	,	,否,否,	,否,否,,	,否,	,否,,,否
VIOMI云米净水器600G小蓝调厨下式RO反渗透直饮家用6年长效,251125-621931477370014,已取消,1	,正常,	,	,,	,	,850883552953	,RO反渗透除去重金属,1811278299045	,厨房电器,净水器/净水设备及配件耗材,净水器,	,6923185653592	,6923185653592	,	,	,无售后或售后取消,,	,	,,,,,,,否,否,	,否,	,,599.2	,0.0	,0.0	,20.0	,0.0	,0.0	,0.0	,0.0	,579.2	,599.2	,	,	,****,****,****,****,,否,否,	,	,	,否,	,	,	,	,	,	,	,	,	,	,	,	,否,否,	,否,	,,	,否,	,否,,,否
【重磅新品】云米净水器600G小海豚升级版厨下式RO反渗透直饮家用,251125-373754447430801,已发货，待收货,1	,正常,2025-11-25 19:35:44,2025-11-26 19:35:44,,2025-11-26 09:50:10,	,225501370546	,小海豚600G,1813468330532	,厨房电器,净水器/净水设备及配件耗材,净水器,	,6923185653684	,6923185616399	,15962335848安装 [viomi慧慧sk 11/27 17:33],	,无售后或售后取消,,2025-11-25 19:35:44,	,,,,,,,否,否,	,否,	,,559.0	,0.0	,0.0	,0.0	,0.0	,0.0	,0.0	,0.0	,559.0	,559.0	,JDV024264023031,京东大件物流,江苏省,苏州市,常熟市,,,否,否,	,	,	,否,	,	,	,	,	,	,	,	,	,	,	,	,否,否,	,否,否,,	,否,	,否,,,否
【重磅新品】云米净水器600G小海豚升级版厨下式RO反渗透直饮家用,251125-594616052114017,已取消,1	,正常,	,	,,	,	,225501370546	,小海豚600G,1813468330532	,厨房电器,净水器/净水设备及配件耗材,净水器,	,6923185653684	,6923185616399	,	,	,无售后或售后取消,,	,	,,,,,,,否,否,	,否,	,,559.0	,0.0	,0.0	,0.0	,0.0	,0.0	,0.0	,0.0	,559.0	,559.0	,	,	,****,****,****,****,,否,否,	,	,	,否,	,	,	,	,	,	,	,	,	,	,	,	,否,否,	,否,	,,	,否,	,否,,,否
【重磅新品】云米净水器600G小海豚升级版厨下式RO反渗透直饮家用,251125-553165811332894,已发货，待收货,1	,正常,2025-11-25 19:27:29,2025-11-26 19:27:29,,2025-11-26 09:50:10,	,225501370546	,小海豚600G,1813468330532	,厨房电器,净水器/净水设备及配件耗材,净水器,	,6923185653684	,6923185616399	,13859370782安装 [viomi英英sk 11/28 13:41],	,无售后或售后取消,,2025-11-25 19:27:29,	,,,,,,,否,否,	,否,	,,559.0	,0.0	,0.0	,33.54	,0.0	,0.0	,0.0	,0.0	,525.46	,559.0	,JDV024263672409,京东大件物流,福建省,南平市,建阳区,,,否,否,	,	,	,否,	,	,	,	,	,	,	,	,	,	,	,	,否,否,	,否,否,,	,否,	,否,,,否
云米顶侧双吸烟灶套装22m³大吸力抽油烟机聚能猛火灶节能燃气家用,251125-071775055363514,已发货，待收货,1	,正常,2025-11-25 18:58:53,2025-11-26 18:58:53,,2025-11-26 15:02:44,	,382839923175	,【两件套】顶侧双吸烟机+5.2KW灶（天）,1743705224006	,大家电,厨房大电,烟灶消套装,	,S2309261029001,蓝调套装,	,	,无售后或售后取消,,2025-11-25 18:58:53,	,,,,,,,否,否,	,否,	,,1205.0	,0.0	,61.0	,0.0	,0.0	,0.0	,0.0	,0.0	,1144.0	,1144.0	,JDV024266303945,京东大件物流,山东省,聊城市,东昌府区,,,否,否,	,	,	,否,	,	,	,	,	,	,	,	,	,	,	,	,否,否,	,否,否,,	,否,	,否,,,否
【6年套装】云米净水器600G小海豚升级版厨下式RO反渗透直饮家用,251125-063302592820967,已收货,1	,正常,2025-11-25 18:47:32,2025-11-26 18:47:32,,2025-11-26 09:49:04,2025-11-27 20:27:52,852932116812	,小海豚600G+6年滤芯套装,1812983769340	,厨房电器,净水器/净水设备及配件耗材,净水器,	,S2508151538001,	,	,	,无售后或售后取消,,2025-11-25 18:47:32,	,,,,,,,否,否,	,否,	,,764.28	,0.0	,0.0	,30.0	,0.0	,0.0	,0.0	,0.0	,734.28	,764.28	,JDV024264022985,京东大件物流,江苏省,无锡市,锡山区,,,否,否,	,	,	,否,	,	,	,	,	,	,	,	,	,	,	,	,否,否,	,否,否,,	,否,	,否,,,否
VIOMI云米净水器600G小蓝调厨下式RO反渗透直饮家用6年长效,251125-537961448972905,已收货,1	,正常,2025-11-25 18:48:41,2025-11-26 18:48:42,,2025-11-26 09:49:04,2025-11-28 00:08:25,850883552953	,RO反渗透除去重金属,1811278299045	,厨房电器,净水器/净水设备及配件耗材,净水器,	,6923185653592	,6923185653592	,	,	,无售后或售后取消,,2025-11-25 18:48:42,	,,,,,,,否,否,	,否,	,,615.0	,0.0	,0.0	,100.0	,0.0	,0.0	,0.0	,0.0	,515.0	,615.0	,JDV024263649879,京东大件物流,广西壮族自治区,南宁市,西乡塘区,,,否,否,	,	,	,否,	,	,	,	,	,	,	,	,	,	,	,	,否,否,	,否,否,,	,否,	,否,,,否
VIOMI云米净水器600G小蓝调厨下式RO反渗透直饮家用6年长效,251125-531900669452905,已取消,1	,正常,	,	,,	,	,850883552953	,RO反渗透除去重金属,1811278299045	,厨房电器,净水器/净水设备及配件耗材,净水器,	,6923185653592	,6923185653592	,	,	,无售后或售后取消,,	,	,,,,,,,否,否,	,否,	,,615.0	,0.0	,0.0	,50.0	,0.0	,0.0	,0.0	,0.0	,565.0	,615.0	,	,	,****,****,****,****,,否,否,	,	,	,否,	,	,	,	,	,	,	,	,	,	,	,	,否,否,	,否,	,,	,否,	,否,,,否
【重磅新品】云米净水器600G小海豚升级版厨下式RO反渗透直饮家用,251125-399444579843489,已发货，待收货,1	,正常,2025-11-25 18:42:05,2025-11-26 18:42:05,,2025-11-26 09:50:09,	,225501370546	,小海豚600G,1813468330532	,厨房电器,净水器/净水设备及配件耗材,净水器,	,6923185653684	,6923185616399	,	,	,无售后或售后取消,,2025-11-25 18:42:05,	,,,,,,,否,否,	,否,	,,559.0	,0.0	,0.0	,0.0	,0.0	,0.0	,0.0	,0.0	,559.0	,559.0	,JDV024263629810,京东大件物流,新疆维吾尔自治区,自治区直辖县级行政区划,图木舒克市,,,否,否,	,	,	,否,	,	,	,	,	,	,	,	,	,	,	,	,否,否,	,否,否,,	,否,	,否,,,否
【重磅新品】云米净水器600G小海豚升级版厨下式RO反渗透直饮家用,251125-484893027843489,已取消,1	,正常,	,	,,	,	,225501370546	,小海豚600G,1813468330532	,厨房电器,净水器/净水设备及配件耗材,净水器,	,6923185653684	,6923185616399	,	,	,无售后或售后取消,,	,	,,,,,,,否,否,	,否,	,,559.0	,0.0	,0.0	,0.0	,0.0	,0.0	,0.0	,0.0	,559.0	,559.0	,	,	,****,****,****,****,,否,否,	,	,	,否,	,	,	,	,	,	,	,	,	,	,	,	,否,否,	,否,	,,	,否,	,否,,,否
VIOMI云米净水器600G小蓝调厨下式RO反渗透直饮家用6年长效,251125-243521360301012,已取消,1	,正常,	,	,,	,	,850883552953	,RO反渗透除去重金属,1811278299045	,厨房电器,净水器/净水设备及配件耗材,净水器,	,6923185653592	,6923185653592	,	,	,无售后或售后取消,,	,	,,,,,,,否,否,	,否,	,,615.0	,0.0	,0.0	,0.0	,0.0	,0.0	,0.0	,0.0	,615.0	,615.0	,	,	,****,****,****,****,,否,否,	,	,	,否,	,	,	,	,	,	,	,	,	,	,	,	,否,否,	,否,	,,	,否,	,否,,,否
云米净水器滤芯家用小海豚小蓝调小白龙系列专用RO反渗透,251125-237942925720097,已发货，待收货,1	,正常,2025-11-25 18:09:34,2025-11-27 18:09:34,,2025-11-26 09:49:04,	,232467205433	,5in1 复合滤芯,1647394585330	,厨房电器,净水器/净水设备及配件耗材,净水器配件耗材,	,6923185627425	,	,到手价109元,	,无售后或售后取消,,2025-11-25 18:09:34,	,,,,,,,否,否,	,否,	,,149.0	,0.0	,0.0	,0.0	,0.0	,0.0	,0.0	,0.0	,149.0	,149.0	,JDV024263698964,京东大件物流,福建省,福州市,台江区,,,否,否,	,	,	,否,	,	,	,	,	,	,	,	,	,	,	,	,否,否,	,否,否,,	,否,	,否,,,否
云米净水器滤芯家用小海豚小蓝调小白龙系列专用RO反渗透,251125-434970376600097,已取消,1	,正常,	,	,,	,	,232467205433	,5in1 复合滤芯,1647394585330	,厨房电器,净水器/净水设备及配件耗材,净水器配件耗材,	,6923185627425	,	,	,	,无售后或售后取消,,	,	,,,,,,,否,否,	,否,	,,149.0	,0.0	,0.0	,0.0	,0.0	,0.0	,0.0	,0.0	,149.0	,149.0	,	,	,****,****,****,****,,否,否,	,	,	,否,	,	,	,	,	,	,	,	,	,	,	,	,否,否,	,否,	,,	,否,	,否,,,否
云米净水器滤芯家用小海豚小蓝调小白龙系列专用RO反渗透,251125-251322703372690,已发货，待收货,1	,正常,2025-11-25 18:02:00,2025-11-27 18:02:00,,2025-11-26 09:49:05,	,232467205433	,5in1 复合滤芯,1647394585330	,厨房电器,净水器/净水设备及配件耗材,净水器配件耗材,	,6923185627425	,	,晒单到手价99元,	,无售后或售后取消,,2025-11-25 18:02:00,	,,,,,,,否,否,	,否,	,,149.0	,0.0	,0.0	,0.0	,0.15	,0.0	,0.0	,0.0	,149.0	,149.0	,JDV024257940783,京东大件物流,山东省,济宁市,泗水县,,,否,否,	,	,	,否,	,	,	,	,	,	,	,	,	,	,	,	,否,否,	,否,否,,	,否,	,否,,,否
【母婴直饮】云米净水器 SE 600G+ 新升级厨下式RO反渗透直饮家用,251125-523470160213639,已取消,1	,正常,	,	,,	,	,819506595979	,【24年新品】600G升级版6年长效,1787046011387	,厨房电器,净水器/净水设备及配件耗材,净水器,	,6923185653684	,6923185616399	,	,	,无售后或售后取消,,	,	,,,,,,,否,否,	,否,	,,748.0	,0.0	,142.12	,37.4	,0.0	,0.0	,0.0	,0.0	,568.48	,605.88	,	,	,****,****,****,****,,否,否,	,	,	,否,	,	,	,	,	,	,	,	,	,	,	,	,否,否,	,否,	,,	,否,	,否,,,否
云米60升AI速热高温抑菌电热水器3000W一级节能变频增容家用租房,251125-427357673110868,已取消,1	,正常,	,	,,	,	,226368376224	,3000W速热安全60L热水器,1737176648260	,大家电,热水器,电热水器,	,6923185602224	,6923185602224	,	,	,无售后或售后取消,,	,	,,,,,,,否,否,	,否,	,,654.0	,0.0	,33.0	,0.0	,0.0	,0.0	,0.0	,0.0	,621.0	,621.0	,	,	,****,****,****,****,,否,否,	,	,	,否,	,	,	,	,	,	,	,	,	,	,	,	,否,否,	,否,	,,	,否,	,否,,,否
云米60升AI速热高温抑菌电热水器3000W一级节能变频增容家用租房,251125-542008942183235,已发货，待收货,1	,正常,2025-11-25 17:43:26,2025-11-26 17:43:26,,2025-11-26 09:49:04,	,226368376224	,3000W速热安全60L热水器,1737176648260	,大家电,热水器,电热水器,	,6923185602224	,6923185602224	,	,	,无售后或售后取消,,2025-11-25 17:43:26,	,,,,,,,否,否,	,否,	,,654.0	,0.0	,33.0	,48.0	,0.0	,0.0	,0.0	,0.0	,573.0	,621.0	,JDV024259094656,京东大件物流,云南省,曲靖市,富源县,,,否,否,	,	,	,否,	,	,	,	,	,	,	,	,	,	,	,	,否,否,	,否,是,3	,商家,否,	,否,,信用卡分期,否
云米净水器滤芯家用小海豚小蓝调小白龙系列专用RO反渗透,251125-102634678660234,已发货，待收货,1	,正常,2025-11-25 17:40:10,2025-11-27 17:40:11,,2025-11-26 09:49:05,	,232467205433	,5in1 复合滤芯,1647394585330	,厨房电器,净水器/净水设备及配件耗材,净水器配件耗材,	,6923185627425	,	,到手价109元,	,无售后或售后取消,,2025-11-25 17:40:11,	,,,,,,,否,否,	,否,	,,149.0	,0.0	,0.0	,0.0	,0.1	,0.0	,0.0	,0.0	,149.0	,149.0	,JDV024257266666,京东大件物流,河南省,开封市,禹王台区,,,否,否,	,	,	,否,	,	,	,	,	,	,	,	,	,	,	,	,否,否,	,否,否,,	,否,	,否,,,否
【重磅新品】云米净水器600G小海豚升级版厨下式RO反渗透直饮家用,251125-331905821012027,已发货，待收货,1	,正常,2025-11-25 17:30:46,2025-11-26 17:30:46,,2025-11-26 09:50:09,	,225501370546	,小海豚600G,1813468330532	,厨房电器,净水器/净水设备及配件耗材,净水器,	,6923185653684	,6923185616399	,	,	,无售后或售后取消,,2025-11-25 17:30:46,	,,,,,,,否,否,	,否,	,,559.0	,0.0	,0.0	,0.0	,0.0	,0.0	,0.0	,0.0	,559.0	,559.0	,JDV024264043065,京东大件物流,安徽省,安庆市,宜秀区,,,否,否,	,	,	,否,	,	,	,	,	,	,	,	,	,	,	,	,否,否,	,否,否,,	,否,	,否,,,否
【重磅新品】云米净水器600G小海豚升级版厨下式RO反渗透直饮家用,251125-664189069652027,已取消,1	,正常,	,	,,	,	,225501370546	,小海豚600G,1813468330532	,厨房电器,净水器/净水设备及配件耗材,净水器,	,6923185653684	,6923185616399	,	,	,无售后或售后取消,,	,	,,,,,,,否,否,	,否,	,,559.0	,0.0	,0.0	,0.0	,0.0	,0.0	,0.0	,0.0	,559.0	,559.0	,	,	,****,****,****,****,,否,否,	,	,	,否,	,	,	,	,	,	,	,	,	,	,	,	,否,否,	,否,	,,	,否,	,否,,,否
【母婴直饮】云米净水器 SE 600G+ 新升级厨下式RO反渗透直饮家用,251125-341122762303258,已取消,1	,正常,	,	,,	,	,819506595979	,【24年新品】600G升级版6年长效,1787046011387	,厨房电器,净水器/净水设备及配件耗材,净水器,	,6923185653684	,6923185616399	,	,	,无售后或售后取消,,	,	,,,,,,,否,否,	,否,	,,748.0	,0.0	,129.6	,100.0	,0.0	,0.0	,0.0	,0.0	,518.4	,618.4	,	,	,****,****,****,****,,否,否,	,	,	,否,	,	,	,	,	,	,	,	,	,	,	,	,否,否,	,否,	,,	,否,	,否,,,否
云米净水器滤芯小蓝调小海豚600G+专用复合滤芯RO反渗透滤芯过滤,251125-267428903233189,已收货，退款成功,1	,正常,2025-11-25 16:59:05,2025-11-26 16:59:06,,2025-11-25 20:50:30,2025-11-27 17:58:04,296967601341	,5in1复合滤芯 2年长效,1600193054565	,厨房电器,净水器/净水设备及配件耗材,净水器配件耗材,	,6923185627425	,	,后返，到手价99,	,退款成功,,2025-11-25 16:59:06,	,,,,,,,否,否,	,否,	,,299.0	,0.0	,0.0	,0.0	,0.0	,0.0	,0.0	,0.0	,299.0	,299.0	,JDV024256655656,京东大件物流,广东省,肇庆市,高要区,,,否,否,	,	,	,否,	,	,	,	,	,	,	,	,	,	,	,	,否,否,	,否,否,,	,否,	,否,,,否
云米60升AI速热高温抑菌电热水器3000W一级节能变频增容家用租房,251125-666076485192417,已取消,1	,正常,	,	,,	,	,226368376224	,3000W速热安全60L热水器,1737176648260	,大家电,热水器,电热水器,	,6923185602224	,6923185602224	,	,	,无售后或售后取消,,	,	,,,,,,,否,否,	,否,	,,654.0	,0.0	,33.0	,31.05	,0.0	,0.0	,0.0	,0.0	,589.95	,621.0	,	,	,****,****,****,****,,否,否,	,	,	,否,	,	,	,	,	,	,	,	,	,	,	,	,否,否,	,否,	,,	,否,	,否,,,否
【重磅新品】云米净水器600G小海豚升级版厨下式RO反渗透直饮家用,251125-532131428673189,已发货，待收货,1	,正常,2025-11-25 16:56:46,2025-11-26 16:56:46,,2025-11-26 09:50:10,	,225501370546	,小海豚600G,1813468330532	,厨房电器,净水器/净水设备及配件耗材,净水器,	,6923185653684	,6923185616399	,	,	,无售后或售后取消,,2025-11-25 16:56:46,	,,,,,,,否,否,	,否,	,,559.0	,0.0	,0.0	,0.0	,0.2	,0.0	,0.0	,0.0	,559.0	,559.0	,JDV024263679903,京东大件物流,广东省,肇庆市,高要区,,,否,否,	,	,	,否,	,	,	,	,	,	,	,	,	,	,	,	,否,否,	,否,否,,	,否,	,否,,,否
云米净水器滤芯小蓝调小海豚600G+专用复合滤芯RO反渗透滤芯过滤,251125-590579034441121,已发货，待收货,1	,正常,2025-11-25 16:53:47,2025-11-26 16:53:48,,2025-11-25 20:50:30,	,296967601341	,5in1复合滤芯 2年长效,1600193054565	,厨房电器,净水器/净水设备及配件耗材,净水器配件耗材,	,6923185627425	,	,后返到手价99,	,无售后或售后取消,,2025-11-25 16:53:48,	,,,,,,,否,否,	,否,	,,299.0	,0.0	,0.0	,0.0	,0.2	,0.0	,0.0	,0.0	,299.0	,299.0	,JDV024256668822,京东大件物流,湖南省,长沙市,天心区,,,否,否,	,	,	,否,	,	,	,	,	,	,	,	,	,	,	,	,否,否,	,否,否,,	,否,	,否,,,否
【重磅新品】云米净水器600G小海豚升级版厨下式RO反渗透直饮家用,251125-540016658072193,已发货，待收货,1	,正常,2025-11-25 16:48:53,2025-11-26 16:48:54,,2025-11-26 09:50:10,	,225501370546	,小海豚600G,1813468330532	,厨房电器,净水器/净水设备及配件耗材,净水器,	,6923185653684	,6923185616399	,18519910913安装 [viomi莉莉sk 11/27 17:54],	,无售后或售后取消,,2025-11-25 16:48:54,	,,,,,,,否,否,	,否,	,,559.0	,0.0	,0.0	,0.0	,0.0	,0.0	,0.0	,0.0	,559.0	,559.0	,JDV024264071739,京东大件物流,浙江省,杭州市,余杭区,,,否,否,	,	,	,否,	,	,	,	,	,	,	,	,	,	,	,	,否,否,	,否,否,,	,否,	,否,,,否
【母婴直饮】云米净水器 SE 600G+ 新升级厨下式RO反渗透直饮家用,251125-249854727832193,未发货，退款成功,1	,正常,2025-11-25 16:48:39,2025-11-26 16:48:40,,	,	,819506595979	,【24年新品】600G升级版6年长效,1787046011387	,厨房电器,净水器/净水设备及配件耗材,净水器,	,6923185653684	,6923185616399	,聚水潭已取消发货  已退款  11.25,	,退款成功,,2025-11-25 16:48:40,	,,,,,,,否,否,	,否,	,,748.0	,0.0	,145.6	,20.0	,0.0	,0.0	,0.0	,0.0	,582.4	,602.4	,	,	,浙江省,杭州市,余杭区,,,否,否,	,	,	,否,	,	,	,	,	,	,	,	,	,	,	,	,否,否,	,否,否,,	,否,	,否,,,否
【母婴直饮】云米净水器 SE 600G+ 新升级厨下式RO反渗透直饮家用,251125-354859118232193,已发货，待收货,1	,正常,2025-11-25 16:48:24,2025-11-26 16:48:24,,2025-11-26 09:49:05,	,819506595979	,【24年新品】600G升级版6年长效,1787046011387	,厨房电器,净水器/净水设备及配件耗材,净水器,	,6923185653684	,6923185616399	,18519910913安装 [viomi莉莉sk 11/27 17:54],	,无售后或售后取消,,2025-11-25 16:48:24,	,,,,,,,否,否,	,否,	,,748.0	,0.0	,139.6	,50.0	,0.0	,0.0	,0.0	,0.0	,558.4	,608.4	,JDV024264022931,京东大件物流,浙江省,杭州市,余杭区,,,否,否,	,	,	,否,	,	,	,	,	,	,	,	,	,	,	,	,否,否,	,否,否,,	,否,	,否,,,否
【重磅新品】云米净水器600G小海豚升级版厨下式RO反渗透直饮家用,251125-055280976280943,已发货，待收货,1	,正常,2025-11-25 16:41:19,2025-11-26 16:41:19,,2025-11-26 09:50:11,	,225501370546	,小海豚600G,1813468330532	,厨房电器,净水器/净水设备及配件耗材,净水器,	,6923185653684	,6923185616399	,	,	,无售后或售后取消,,2025-11-25 16:41:19,	,,,,,,,否,否,	,否,	,,559.0	,0.0	,0.0	,50.0	,0.0	,0.0	,0.0	,0.0	,509.0	,559.0	,JDV024263698614,京东大件物流,陕西省,西安市,灞桥区,,,否,否,	,	,	,否,	,	,	,	,	,	,	,	,	,	,	,	,否,否,	,否,否,,	,否,	,否,,,否
【重磅新品】云米净水器600G小海豚升级版厨下式RO反渗透直饮家用,251125-243437422100893,已收货,1	,正常,2025-11-25 16:38:59,2025-11-26 16:38:59,,2025-11-26 09:50:10,2025-11-27 14:31:13,225501370546	,小海豚600G,1813468330532	,厨房电器,净水器/净水设备及配件耗材,净水器,	,6923185653684	,6923185616399	,	,	,无售后或售后取消,,2025-11-25 16:38:59,	,,,,,,,否,否,	,否,	,,559.0	,0.0	,0.0	,3.0	,1.11	,0.0	,0.0	,0.0	,556.0	,559.0	,JDV024264071756,京东大件物流,江苏省,南京市,栖霞区,,,否,否,	,	,	,否,	,	,	,	,	,	,	,	,	,	,	,	,否,否,	,否,否,,	,否,	,否,,,否
【重磅新品】云米净水器600G小海豚升级版厨下式RO反渗透直饮家用,251125-648827399691424,未发货，退款成功,1	,正常,2025-11-25 16:19:02,2025-11-26 16:19:03,,	,	,225501370546	,小海豚600G,1813468330532	,厨房电器,净水器/净水设备及配件耗材,净水器,	,6923185653684	,6923185616399	,聚水潭已取消发货，仅退款  诚11.25,	,退款成功,,2025-11-25 16:19:03,	,,,,,,,否,否,	,否,	,,559.0	,0.0	,0.0	,33.54	,0.0	,0.0	,0.0	,0.0	,525.46	,559.0	,	,	,山东省,淄博市,张店区,,,否,否,	,	,	,否,	,	,	,	,	,	,	,	,	,	,	,	,否,否,	,否,否,,	,否,	,否,,,否
【母婴直饮】云米净水器 SE 600G+ 新升级厨下式RO反渗透直饮家用,251125-356316680521121,已发货，待收货,1	,正常,2025-11-25 16:06:13,2025-11-26 16:06:13,,2025-11-26 09:49:04,	,819506595979	,【24年新品】600G升级版6年长效,1787046011387	,厨房电器,净水器/净水设备及配件耗材,净水器,	,6923185653684	,6923185616399	,	,	,无售后或售后取消,,2025-11-25 16:06:13,	,,,,,,,否,否,	,否,	,,748.0	,0.0	,134.64	,74.8	,0.0	,0.0	,0.0	,0.0	,538.56	,613.36	,JDV024263655236,京东大件物流,湖南省,长沙市,天心区,,,否,否,	,	,	,否,	,	,	,	,	,	,	,	,	,	,	,	,否,否,	,否,否,,	,否,	,否,,,否
【重磅新品】云米净水器600G小海豚升级版厨下式RO反渗透直饮家用,251125-285390979510203,已发货，待收货,1	,正常,2025-11-25 15:58:20,2025-11-26 15:58:20,,2025-11-25 20:50:30,	,225501370546	,小海豚600G,1813468330532	,厨房电器,净水器/净水设备及配件耗材,净水器,	,6923185653684	,6923185616399	,	,	,无售后或售后取消,,2025-11-25 15:58:20,	,,,,,,,否,否,	,否,	,,559.0	,0.0	,0.0	,0.0	,0.0	,0.0	,0.0	,0.0	,559.0	,559.0	,JDV024256715173,京东大件物流,陕西省,西安市,新城区,,,否,否,	,	,	,否,	,	,	,	,	,	,	,	,	,	,	,	,否,否,	,否,否,,	,否,	,否,,,否
【6年套装】云米净水器600G小海豚升级版厨下式RO反渗透直饮家用,251125-612326448723108,已取消,1	,正常,	,	,,	,	,852932116812	,小海豚600G+6年滤芯套装,1812983769340	,厨房电器,净水器/净水设备及配件耗材,净水器,	,S2508151538001,	,	,	,无售后或售后取消,,	,	,,,,,,,否,否,	,否,	,,764.28	,0.0	,0.0	,100.0	,0.0	,0.0	,0.0	,0.0	,664.28	,764.28	,	,	,****,****,****,****,,否,否,	,	,	,否,	,	,	,	,	,	,	,	,	,	,	,	,否,否,	,否,	,,	,否,	,否,,,否
【重磅新品】云米净水器600G小海豚升级版厨下式RO反渗透直饮家用,251125-027902687670203,已取消,1	,正常,	,	,,	,	,225501370546	,小海豚600G,1813468330532	,厨房电器,净水器/净水设备及配件耗材,净水器,	,6923185653684	,6923185616399	,	,	,无售后或售后取消,,	,	,,,,,,,否,否,	,否,	,,559.0	,0.0	,0.0	,0.0	,0.0	,0.0	,0.0	,0.0	,559.0	,559.0	,	,	,****,****,****,****,,否,否,	,	,	,否,	,	,	,	,	,	,	,	,	,	,	,	,否,否,	,否,	,,	,否,	,否,,,否
【重磅新品】云米净水器600G小海豚升级版厨下式RO反渗透直饮家用,251125-684929913201121,未发货，退款成功,1	,正常,2025-11-25 15:44:18,2025-11-26 15:44:19,,	,	,225501370546	,小海豚600G,1813468330532	,厨房电器,净水器/净水设备及配件耗材,净水器,	,6923185653684	,6923185616399	,聚水潭已取消发货，仅退款  诚11.25,	,退款成功,,2025-11-25 15:44:19,	,,,,,,,否,否,	,否,	,,559.0	,0.0	,0.0	,33.54	,0.0	,0.0	,0.0	,0.0	,525.46	,559.0	,	,	,山东省,青岛市,莱西市,,,否,否,	,	,	,否,	,	,	,	,	,	,	,	,	,	,	,	,否,否,	,否,否,,	,否,	,否,,,否
【6年套装】云米净水器600G小海豚升级版厨下式RO反渗透直饮家用,251125-494110042501245,已收货,1	,正常,2025-11-25 15:39:37,2025-11-26 15:39:37,,2025-11-25 20:50:29,2025-11-28 11:14:35,852932116812	,小海豚600G+6年滤芯套装,1812983769340	,厨房电器,净水器/净水设备及配件耗材,净水器,	,S2508151538001,	,18323432648 安装 [viomi慧慧sk 11/27 16:05]已登记TDS检测笔 [viomi范范sk 11/28 13:44],	,无售后或售后取消,,2025-11-25 15:39:37,	,,,,,,,否,否,	,否,	,,764.28	,0.0	,0.0	,100.0	,0.0	,0.0	,0.0	,0.0	,664.28	,764.28	,JDV024257252555,京东大件物流,重庆市,重庆市,大渡口区,,,否,否,	,	,	,否,	,	,	,	,	,	,	,	,	,	,	,	,否,否,	,否,否,,	,否,	,否,,,否
【6年套装】云米净水器600G小海豚升级版厨下式RO反渗透直饮家用,251125-650630971761121,未发货，退款成功,1	,正常,2025-11-25 15:25:16,2025-11-26 15:25:16,,	,	,852932116812	,小海豚600G+6年滤芯套装,1812983769340	,厨房电器,净水器/净水设备及配件耗材,净水器,	,S2508151538001,	,聚水潭已取消发货，仅退款  诚11.25,	,退款成功,,2025-11-25 15:25:16,	,,,,,,,否,否,	,否,	,,764.28	,0.0	,0.0	,0.0	,0.0	,0.0	,0.0	,0.0	,764.28	,764.28	,	,	,山东省,青岛市,莱西市,,,否,否,	,	,	,否,	,	,	,	,	,	,	,	,	,	,	,	,否,否,	,否,否,,	,否,	,否,,,否
【6年套装】云米净水器600G小海豚升级版厨下式RO反渗透直饮家用,251125-377455952232092,已发货，退款成功,1	,正常,2025-11-25 15:23:30,2025-11-26 15:23:30,,2025-11-25 20:50:31,	,852932116812	,小海豚600G+6年滤芯套装,1812983769340	,厨房电器,净水器/净水设备及配件耗材,净水器,	,S2508151538001,	,	,	,退款成功,,2025-11-25 15:23:30,	,,,,,,,否,否,	,否,	,,764.28	,0.0	,0.0	,0.0	,0.0	,0.0	,0.0	,0.0	,764.28	,764.28	,JDV024254030340,京东大件物流,安徽省,阜阳市,颍东区,,,否,否,	,	,	,否,	,	,	,	,	,	,	,	,	,	,	,	,否,否,	,否,否,,	,否,	,否,,,否
【6年套装】云米净水器600G小海豚升级版厨下式RO反渗透直饮家用,251125-125325873572307,已取消,1	,正常,	,	,,	,	,852932116812	,小海豚600G+6年滤芯套装,1812983769340	,厨房电器,净水器/净水设备及配件耗材,净水器,	,S2508151538001,	,	,	,无售后或售后取消,,	,	,,,,,,,否,否,	,否,	,,764.28	,0.0	,0.0	,100.0	,0.0	,0.0	,0.0	,0.0	,664.28	,764.28	,	,	,****,****,****,****,,否,否,	,	,	,否,	,	,	,	,	,	,	,	,	,	,	,	,否,否,	,否,	,,	,否,	,否,,,否
【重磅新品】云米净水器600G小海豚升级版厨下式RO反渗透直饮家用,251125-460261987842076,已发货，待收货,1	,正常,2025-11-25 15:01:44,2025-11-26 15:01:45,,2025-11-25 20:50:29,	,225501370546	,小海豚600G,1813468330532	,厨房电器,净水器/净水设备及配件耗材,净水器,	,6923185653684	,6923185616399	,	,	,无售后或售后取消,,2025-11-25 15:01:45,	,,,,,,,否,否,	,否,	,,559.0	,0.0	,0.0	,0.0	,0.0	,0.0	,0.0	,0.0	,559.0	,559.0	,JDV024256652057,京东大件物流,新疆维吾尔自治区,自治区直辖县级行政区划,阿拉尔市,,,否,否,	,	,	,否,	,	,	,	,	,	,	,	,	,	,	,	,否,否,	,否,否,,	,否,	,否,,,否
云米顶侧双吸烟灶套装22m³大吸力抽油烟机聚能猛火灶节能燃气家用,251125-300941361501979,已发货，待收货,1	,正常,2025-11-25 14:44:34,2025-11-26 14:44:35,,2025-11-25 20:50:30,	,382839923175	,【两件套】顶侧双吸烟机+5.2KW灶（天）,1743705224006	,大家电,厨房大电,烟灶消套装,	,S2309261029001,蓝调套装,奇门回传单号:JDV024255455210,	,无售后或售后取消,,2025-11-25 14:44:35,	,,,,,,,否,否,	,否,	,,1205.0	,0.0	,61.0	,0.0	,0.0	,0.0	,0.0	,0.0	,1144.0	,1144.0	,JDV024255414772,京东大件物流,河南省,新乡市,长垣市,,,否,否,	,	,	,否,	,	,	,	,	,	,	,	,	,	,	,	,否,否,	,否,否,,	,否,	,否,,,否
【重磅新品】云米净水器600G小海豚升级版厨下式RO反渗透直饮家用,251125-265352670752138,未发货，退款成功,1	,正常,2025-11-25 14:36:43,2025-11-26 14:36:44,,	,	,225501370546	,小海豚600G,1813468330532	,厨房电器,净水器/净水设备及配件耗材,净水器,	,6923185653684	,6923185616399	,已退款成功 无需发货  已挂起锁定  11.25,	,退款成功,,2025-11-25 14:36:44,	,,,,,,,否,否,	,否,	,,559.0	,0.0	,0.0	,0.0	,1.11	,0.0	,0.0	,0.0	,559.0	,559.0	,	,	,安徽省,宿州市,灵璧县,,,否,否,	,	,	,否,	,	,	,	,	,	,	,	,	,	,	,	,否,否,	,否,否,,	,否,	,否,,,否
【母婴直饮】云米净水器 SE 600G+ 新升级厨下式RO反渗透直饮家用,251125-393237041461366,已发货，退款成功,1	,正常,2025-11-25 14:39:49,2025-11-26 14:39:49,,2025-11-25 20:50:31,	,819506595979	,【24年新品】600G升级版6年长效,1787046011387	,厨房电器,净水器/净水设备及配件耗材,净水器,	,6923185653684	,6923185616399	,ZX2511270061132 拦截 11.27,	,退款成功,,2025-11-25 14:39:49,	,,,,,,,否,否,	,否,	,,748.0	,0.0	,141.8	,39.0	,0.0	,0.0	,0.0	,0.0	,567.2	,606.2	,JDV024254885113,京东大件物流,河北省,张家口市,涿鹿县,,,否,否,	,	,	,否,	,	,	,	,	,	,	,	,	,	,	,	,否,否,	,否,否,,	,否,	,否,,,否
【母婴直饮】云米净水器 SE 600G+ 新升级厨下式RO反渗透直饮家用,251125-620390050220595,已收货,1	,正常,2025-11-25 14:15:49,2025-11-26 14:15:50,,2025-11-25 20:50:31,2025-11-26 17:18:46,819506595979	,【24年新品】600G升级版6年长效,1787046011387	,厨房电器,净水器/净水设备及配件耗材,净水器,	,6923185653684	,6923185616399	,13932330868安装 [viomi莉莉sk 11/26 21:54],	,无售后或售后取消,,2025-11-25 14:15:50,	,,,,,,,否,否,	,否,	,,748.0	,0.0	,129.6	,100.0	,0.0	,0.0	,0.0	,0.0	,518.4	,618.4	,JDV024254839411,京东大件物流,河北省,张家口市,桥西区,,,否,否,	,	,	,否,	,	,	,	,	,	,	,	,	,	,	,	,否,否,	,否,否,,	,否,	,否,,,否
【重磅新品】云米净水器600G小海豚升级版厨下式RO反渗透直饮家用,251125-052607075861688,已取消,1	,正常,	,	,,	,	,225501370546	,小海豚600G,1813468330532	,厨房电器,净水器/净水设备及配件耗材,净水器,	,6923185653684	,6923185616399	,	,	,无售后或售后取消,,	,	,,,,,,,否,否,	,否,	,,559.0	,0.0	,0.0	,0.0	,0.0	,0.0	,0.0	,0.0	,559.0	,559.0	,	,	,****,****,****,****,,否,否,	,	,	,否,	,	,	,	,	,	,	,	,	,	,	,	,否,否,	,否,	,,	,否,	,否,,,否
【重磅新品】云米净水器600G小海豚升级版厨下式RO反渗透直饮家用,251125-048528135753149,已发货，待收货,1	,正常,2025-11-25 14:08:57,2025-11-26 14:08:57,,2025-11-25 20:50:30,	,225501370546	,小海豚600G,1813468330532	,厨房电器,净水器/净水设备及配件耗材,净水器,	,6923185653684	,6923185616399	,	,	,无售后或售后取消,,2025-11-25 14:08:57,	,,,,,,,否,否,	,否,	,,559.0	,0.0	,0.0	,0.0	,1.11	,0.0	,0.0	,0.0	,559.0	,559.0	,JDV024255123875,京东大件物流,河北省,邯郸市,永年区,,,否,否,	,	,	,否,	,	,	,	,	,	,	,	,	,	,	,	,否,否,	,否,否,,	,否,	,否,,,否
VIOMI云米净水器1000G厨下直饮小体积净水机RO机智显龙头3秒满杯,251125-158460833411657,已取消,1	,正常,	,	,,	,	,842195971715	,1000G大通量RO净水器,1803617356458	,厨房电器,净水器/净水设备及配件耗材,净水器,	,6923185654247	,	,	,	,无售后或售后取消,,	,	,,,,,,,否,否,	,否,	,,823.0	,0.0	,50.0	,0.0	,0.0	,0.0	,0.0	,0.0	,773.0	,773.0	,	,	,****,****,****,****,,否,否,	,	,	,否,	,	,	,	,	,	,	,	,	,	,	,	,否,否,	,否,	,,	,否,	,否,,,否
【母婴直饮】云米净水器 SE 600G+ 新升级厨下式RO反渗透直饮家用,251125-332031670632010,已发货，待收货,1	,正常,2025-11-25 13:56:42,2025-11-26 13:56:43,,2025-11-25 16:32:47,	,819506595979	,【24年新品】600G升级版6年长效,1787046011387	,厨房电器,净水器/净水设备及配件耗材,净水器,	,6923185653684	,6923185616399	,	,	,无售后或售后取消,,2025-11-25 13:56:43,	,,,,,,,否,否,	,否,	,,748.0	,0.0	,145.6	,20.0	,0.0	,0.0	,0.0	,0.0	,582.4	,602.4	,JDV024252668135,京东大件物流,河南省,洛阳市,新安县,,,否,否,	,	,	,否,	,	,	,	,	,	,	,	,	,	,	,	,否,否,	,否,否,,	,否,	,否,,,否
【母婴直饮】云米净水器 SE 600G+ 新升级厨下式RO反渗透直饮家用,251125-489894766952010,未发货，退款成功,1	,正常,2025-11-25 13:53:41,2025-11-26 13:53:42,,	,	,819506595979	,【24年新品】600G升级版6年长效,1787046011387	,厨房电器,净水器/净水设备及配件耗材,净水器,	,6923185653684	,6923185616399	,聚水潭已取消发货，仅退款  诚11.25,	,退款成功,,2025-11-25 13:53:42,	,,,,,,,否,否,	,否,	,,748.0	,0.0	,149.6	,0.0	,0.0	,0.0	,0.0	,0.0	,598.4	,598.4	,	,	,河南省,洛阳市,涧西区,,,否,否,	,	,	,否,	,	,	,	,	,	,	,	,	,	,	,	,否,否,	,否,否,,	,否,	,否,,,否
云米小厨宝6L电热水器厨房卫生间出水恒温储水式小型速热神器加热,251125-674507015771769,已收货,1	,正常,2025-11-25 13:52:33,2025-11-26 13:52:33,,2025-11-25 20:50:32,2025-11-29 07:01:23,208073193570	,热水即刻有-【6L】,1801828025682	,大家电,热水器,厨宝,	,6923185611233	,6923185611233	,	,	,无售后或售后取消,,2025-11-25 13:52:33,	,,,,,,,否,否,	,否,	,,279.0	,0.0	,14.0	,0.0	,0.0	,0.0	,0.0	,0.0	,265.0	,265.0	,JDV024252386623,京东大件物流,黑龙江省,哈尔滨市,宾县,,,否,否,	,	,	,否,	,	,	,	,	,	,	,	,	,	,	,	,否,否,	,否,否,,	,否,	,否,,,否
云米执手款智能门锁密码指纹门卡钥匙家用公寓安全多重告警长续航,251125-121383207340844,已取消,1	,正常,	,	,,	,	,832431516907	,云米执手款智能门锁,1795963617133	,基础建材,智能门锁/电子锁,智能门锁/电子锁,	,6923185656074	,	,	,	,无售后或售后取消,,	,	,,,,,,,否,否,	,否,	,,599.0	,0.0	,0.0	,0.0	,0.0	,0.0	,0.0	,0.0	,599.0	,599.0	,	,	,****,****,****,****,,否,否,	,	,	,否,	,	,	,	,	,	,	,	,	,	,	,	,否,否,	,否,	,,	,否,	,否,,,否
云米AI燃气热水器 智控恒温防冻节能安全水质净化精准控温13L强排,251125-603140964713347,已发货，待收货,1	,正常,2025-11-25 13:49:53,2025-11-26 13:49:54,,2025-11-25 20:50:32,	,774960777953	,智控恒温燃气热水器,1756760299679	,大家电,热水器,燃气热水器,	,6923185655688	,6923185655688	,	,	,无售后或售后取消,,2025-11-25 13:49:54,	,,,,,,,否,否,	,否,	,,593.0	,0.0	,0.0	,0.0	,0.0	,0.0	,0.0	,0.0	,593.0	,593.0	,JDV024252431921,京东大件物流,河南省,濮阳市,范县,,,否,否,	,	,	,否,	,	,	,	,	,	,	,	,	,	,	,	,否,否,	,否,否,,	,否,	,否,,,否
【重磅新品】云米净水器600G小海豚升级版厨下式RO反渗透直饮家用,251125-575552930102549,已取消,1	,正常,	,	,,	,	,225501370546	,小海豚600G,1813468330532	,厨房电器,净水器/净水设备及配件耗材,净水器,	,6923185653684	,6923185616399	,	,	,无售后或售后取消,,	,	,,,,,,,否,否,	,否,	,,559.0	,0.0	,0.0	,0.0	,0.0	,0.0	,0.0	,0.0	,559.0	,559.0	,	,	,****,****,****,****,,否,否,	,	,	,否,	,	,	,	,	,	,	,	,	,	,	,	,否,否,	,否,	,,	,否,	,否,,,否
【重磅新品】云米净水器600G小海豚升级版厨下式RO反渗透直饮家用,251125-188271900982549,已取消,1	,正常,	,	,,	,	,225501370546	,小海豚600G,1813468330532	,厨房电器,净水器/净水设备及配件耗材,净水器,	,6923185653684	,6923185616399	,	,	,无售后或售后取消,,	,	,,,,,,,否,否,	,否,	,,559.0	,0.0	,0.0	,0.0	,0.0	,0.0	,0.0	,0.0	,559.0	,559.0	,	,	,****,****,****,****,,否,否,	,	,	,否,	,	,	,	,	,	,	,	,	,	,	,	,否,否,	,否,	,,	,否,	,否,,,否
【重磅新品】云米净水器600G小海豚升级版厨下式RO反渗透直饮家用,251125-255957451103183,已取消,1	,正常,	,	,,	,	,225501370546	,小海豚600G,1813468330532	,厨房电器,净水器/净水设备及配件耗材,净水器,	,6923185653684	,6923185616399	,	,	,无售后或售后取消,,	,	,,,,,,,否,否,	,否,	,,559.0	,0.0	,0.0	,0.0	,0.0	,0.0	,0.0	,0.0	,559.0	,559.0	,	,	,****,****,****,****,,否,否,	,	,	,否,	,	,	,	,	,	,	,	,	,	,	,	,否,否,	,否,	,,	,否,	,否,,,否
【6年套装】云米净水器600G小海豚升级版厨下式RO反渗透直饮家用,251125-311752210870775,未发货，退款成功,1	,正常,2025-11-25 13:12:30,2025-11-26 13:12:31,,	,	,852932116812	,小海豚600G+6年滤芯套装,1812983769340	,厨房电器,净水器/净水设备及配件耗材,净水器,	,S2508151538001,	,聚水潭已取消发货，仅退款  诚11.25,	,退款成功,,2025-11-25 13:12:31,	,,,,,,,否,否,	,否,	,,764.28	,0.0	,0.0	,50.0	,5.0	,0.0	,0.0	,0.0	,714.28	,764.28	,	,	,海南省,海口市,琼山区,,,否,否,	,	,	,否,	,	,	,	,	,	,	,	,	,	,	,	,否,否,	,否,否,,	,否,	,否,,,否
【6年套装】云米净水器600G小海豚升级版厨下式RO反渗透直饮家用,251125-346218873270775,已取消,1	,正常,	,	,,	,	,852932116812	,小海豚600G+6年滤芯套装,1812983769340	,厨房电器,净水器/净水设备及配件耗材,净水器,	,S2508151538001,	,	,	,无售后或售后取消,,	,	,,,,,,,否,否,	,否,	,,764.28	,0.0	,0.0	,50.0	,0.0	,0.0	,0.0	,0.0	,714.28	,764.28	,	,	,****,****,****,****,,否,否,	,	,	,否,	,	,	,	,	,	,	,	,	,	,	,	,否,否,	,否,	,,	,否,	,否,,,否
【重磅新品】云米净水器600G小海豚升级版厨下式RO反渗透直饮家用,251125-052439313961319,已发货，待收货,1	,正常,2025-11-25 13:01:21,2025-11-26 13:01:21,,2025-11-25 16:32:47,	,852161740747	,小海豚600G+6年滤芯套装,1812658223669	,厨房电器,净水器/净水设备及配件耗材,净水器,	,S2508151538001,	,	,	,无售后或售后取消,,2025-11-25 13:01:21,	,,,,,,,否,否,	,否,	,,764.9	,0.0	,0.0	,100.0	,0.0	,0.0	,0.0	,0.0	,664.9	,764.9	,JDV024252738882,京东大件物流,吉林省,四平市,铁西区,,,否,否,	,	,	,否,	,	,	,	,	,	,	,	,	,	,	,	,否,否,	,否,否,,	,否,	,否,,,否
VIOMI云米净水器1000G厨下直饮小体积净水机RO机智显龙头3秒满杯,251125-271591708222603,已发货，待收货,2	,正常,2025-11-25 12:59:58,2025-11-26 12:59:58,,2025-11-25 14:43:02,	,309517106373	,复合滤芯,1803020722098	,厨房电器,净水器/净水设备及配件耗材,净水器,	,6923185653998	,	,后返到手价198,	,无售后或售后取消,,2025-11-25 12:59:58,	,,,,,,,否,否,	,否,	,,598.0	,0.0	,59.8	,0.0	,0.2	,0.0	,0.0	,0.0	,538.2	,538.2	,JDV024249968654,京东大件物流,福建省,福州市,鼓楼区,,,否,否,	,	,	,否,	,	,	,	,	,	,	,	,	,	,	,	,否,否,	,否,否,,	,否,	,否,,,否
云米小厨宝6L电热水器厨房卫生间出水恒温储水式小型速热神器加热,251125-071911391611869,已发货，待收货,1	,正常,2025-11-25 12:45:14,2025-11-26 12:45:14,,2025-11-25 20:50:31,	,208073193570	,热水即刻有-【6L】,1801828025682	,大家电,热水器,厨宝,	,6923185611233	,6923185611233	,	,	,无售后或售后取消,,2025-11-25 12:45:14,	,,,,,,,否,否,	,否,	,,279.0	,0.0	,14.0	,12.0	,0.0	,0.0	,0.0	,0.0	,253.0	,265.0	,JDV024254560762,京东大件物流,湖南省,湘西土家族苗族自治州,龙山县,,,否,否,	,	,	,否,	,	,	,	,	,	,	,	,	,	,	,	,否,否,	,否,否,,	,否,	,否,,,否
【6年套装】云米净水器600G小海豚升级版厨下式RO反渗透直饮家用,251125-083215040842751,未发货，退款成功,1	,正常,2025-11-25 12:41:48,2025-11-26 12:41:49,,	,	,852932116812	,小海豚600G+6年滤芯套装,1812983769340	,厨房电器,净水器/净水设备及配件耗材,净水器,	,S2508151538001,	,聚水潭已取消发货，仅退款  诚11.25,	,退款成功,,2025-11-25 12:41:49,	,,,,,,,否,否,	,否,	,,764.28	,0.0	,0.0	,50.0	,0.0	,0.0	,0.0	,0.0	,714.28	,764.28	,	,	,湖北省,省直辖县级行政区划,天门市,,,否,否,	,	,	,否,	,	,	,	,	,	,	,	,	,	,	,	,否,否,	,否,是,12	,消费者,否,	,否,,花呗分期,否
VIOMI云米净水器1000G厨下直饮小体积净水机RO机智显龙头3秒满杯,251125-292678582702811,已收货,1	,正常,2025-11-25 12:35:43,2025-11-26 12:35:44,,2025-11-25 20:50:31,2025-11-29 09:07:53,842195971715	,1000G大通量RO净水器,1803617356458	,厨房电器,净水器/净水设备及配件耗材,净水器,	,6923185654247	,	,特殊补偿20待 [viomi英英sk 11/28 12:20],	,无售后或售后取消,,2025-11-25 12:35:44,	,,,,,,,否,否,	,否,	,,823.0	,0.0	,50.0	,30.0	,0.0	,0.0	,0.0	,0.0	,743.0	,773.0	,JDV024252386793,京东大件物流,辽宁省,铁岭市,清河区,,,否,否,	,	,	,否,	,	,	,	,	,	,	,	,	,	,	,	,否,否,	,否,否,,	,否,	,否,,,否
【重磅新品】云米净水器600G小海豚升级版厨下式RO反渗透直饮家用,251125-521530304923428,已收货,1	,正常,2025-11-25 12:19:43,2025-11-26 12:19:43,,2025-11-25 20:50:32,2025-11-27 22:08:14,225501370546	,小海豚600G,1813468330532	,厨房电器,净水器/净水设备及配件耗材,净水器,	,6923185653684	,6923185616399	,	,	,无售后或售后取消,,2025-11-25 12:19:43,	,,,,,,,否,否,	,否,	,,559.0	,0.0	,0.0	,0.0	,0.2	,0.0	,0.0	,0.0	,559.0	,559.0	,JDV024254012475,京东大件物流,浙江省,温州市,乐清市,,,否,否,	,	,	,否,	,	,	,	,	,	,	,	,	,	,	,	,否,否,	,否,否,,	,否,	,否,,,否
【6年套装】云米净水器600G小海豚升级版厨下式RO反渗透直饮家用,251125-170802624911681,已取消,1	,正常,	,	,,	,	,852932116812	,小海豚600G+6年滤芯套装,1812983769340	,厨房电器,净水器/净水设备及配件耗材,净水器,	,S2508151538001,	,	,	,无售后或售后取消,,	,	,,,,,,,否,否,	,否,	,,764.28	,0.0	,0.0	,0.0	,0.0	,0.0	,0.0	,0.0	,764.28	,764.28	,	,	,****,****,****,****,,否,否,	,	,	,否,	,	,	,	,	,	,	,	,	,	,	,	,否,否,	,否,	,,	,否,	,否,,,否
【母婴直饮】云米净水器 SE 600G+ 新升级厨下式RO反渗透直饮家用,251125-175552643431153,已发货，待收货,1	,正常,2025-11-25 12:03:30,2025-11-26 12:03:30,,2025-11-25 20:50:32,	,819506595979	,【24年新品】600G升级版6年长效,1787046011387	,厨房电器,净水器/净水设备及配件耗材,净水器,	,6923185653684	,6923185616399	,	,	,无售后或售后取消,,2025-11-25 12:03:30,	,,,,,,,否,否,	,否,	,,748.0	,0.0	,130.15	,97.24	,0.0	,0.0	,0.0	,0.0	,520.61	,617.85	,JDV024252419482,京东大件物流,新疆维吾尔自治区,自治区直辖县级行政区划,石河子市,,,否,否,	,	,	,否,	,	,	,	,	,	,	,	,	,	,	,	,否,否,	,否,否,,	,否,	,否,,,否
【母婴直饮】云米净水器 SE 600G+ 新升级厨下式RO反渗透直饮家用,251125-459968366163083,未发货，退款成功,1	,正常,2025-11-25 12:03:25,2025-11-26 12:03:25,,	,	,819506595979	,【24年新品】600G升级版6年长效,1787046011387	,厨房电器,净水器/净水设备及配件耗材,净水器,	,6923185653684	,6923185616399	,聚水潭已取消发货，仅退款  诚11.25,	,退款成功,,2025-11-25 12:03:25,	,,,,,,,否,否,	,否,	,,748.0	,0.0	,129.6	,100.0	,0.0	,0.0	,0.0	,0.0	,518.4	,618.4	,	,	,江苏省,盐城市,建湖县,,,否,否,	,	,	,否,	,	,	,	,	,	,	,	,	,	,	,	,否,否,	,否,否,,	,否,	,否,,,否
【重磅新品】云米净水器600G小海豚升级版厨下式RO反渗透直饮家用,251125-434907389451409,已收货,2	,正常,2025-11-25 11:56:22,2025-11-26 11:56:22,,2025-11-25 14:43:02,2025-11-27 15:03:15,225501370546	,小海豚600G,1813468330532	,厨房电器,净水器/净水设备及配件耗材,净水器,	,6923185653684	,6923185616399	,	,	,无售后或售后取消,,2025-11-25 11:56:22,	,,,,,,,否,否,	,否,	,,1198.0	,0.0	,11.98	,0.0	,0.0	,0.0	,0.0	,0.0	,1186.02	,1186.02	,JDV024249072886,京东大件物流,江西省,九江市,都昌县,,,否,否,	,	,	,否,	,	,	,	,	,	,	,	,	,	,	,	,否,否,	,否,否,,	,否,	,否,,,否
【重磅新品】云米净水器600G小海豚升级版厨下式RO反渗透直饮家用,251125-586625881611409,已取消,1	,正常,	,	,,	,	,225501370546	,小海豚600G,1813468330532	,厨房电器,净水器/净水设备及配件耗材,净水器,	,6923185653684	,6923185616399	,	,	,无售后或售后取消,,	,	,,,,,,,否,否,	,否,	,,599.0	,0.0	,0.0	,0.0	,0.0	,0.0	,0.0	,0.0	,599.0	,599.0	,	,	,****,****,****,****,,否,否,	,	,	,否,	,	,	,	,	,	,	,	,	,	,	,	,否,否,	,否,	,,	,否,	,否,,,否
【重磅新品】云米净水器600G小海豚升级版厨下式RO反渗透直饮家用,251125-571285214731409,已取消,1	,正常,	,	,,	,	,225501370546	,小海豚600G,1813468330532	,厨房电器,净水器/净水设备及配件耗材,净水器,	,6923185653684	,6923185616399	,	,	,无售后或售后取消,,	,	,,,,,,,否,否,	,否,	,,599.0	,0.0	,0.0	,0.0	,0.0	,0.0	,0.0	,0.0	,599.0	,599.0	,	,	,****,****,****,****,,否,否,	,	,	,否,	,	,	,	,	,	,	,	,	,	,	,	,否,否,	,否,	,,	,否,	,否,,,否
【母婴直饮】云米净水器 SE 600G+ 新升级厨下式RO反渗透直饮家用,251125-357658868102491,未发货，退款成功,1	,正常,2025-11-25 11:52:17,2025-11-26 11:52:17,,	,	,819506595979	,【24年新品】600G升级版6年长效,1787046011387	,厨房电器,净水器/净水设备及配件耗材,净水器,	,6923185653684	,6923185616399	,聚水潭已取消发货，仅退款  诚11.25,	,退款成功,,2025-11-25 11:52:17,	,,,,,,,否,否,	,否,	,,748.0	,0.0	,142.12	,37.4	,0.0	,0.0	,0.0	,0.0	,568.48	,605.88	,	,	,重庆市,重庆市,江津区,,,否,否,	,	,	,否,	,	,	,	,	,	,	,	,	,	,	,	,否,否,	,否,否,,	,否,	,否,,,否
【重磅新品】云米净水器600G小海豚升级版厨下式RO反渗透直饮家用,251125-674884503070740,已发货，待收货,1	,正常,2025-11-25 11:51:46,2025-11-26 11:51:46,,2025-11-25 14:43:02,	,852161740747	,小海豚600G+6年滤芯套装,1812658223669	,厨房电器,净水器/净水设备及配件耗材,净水器,	,S2508151538001,	,后返，送TDS笔,	,无售后或售后取消,,2025-11-25 11:51:46,	,,,,,,,否,否,	,否,	,,764.9	,0.0	,0.0	,100.0	,0.0	,0.0	,0.0	,0.0	,664.9	,764.9	,JDV024250031389,京东大件物流,广东省,东莞市,凤岗镇,,,否,否,	,	,	,否,	,	,	,	,	,	,	,	,	,	,	,	,否,否,	,否,否,,	,否,	,否,,,否
【重磅新品】云米净水器600G小海豚升级版厨下式RO反渗透直饮家用,251125-054840552971409,未发货，退款成功,2	,正常,2025-11-25 11:48:44,2025-11-26 11:48:44,,	,	,225501370546	,小海豚600G,1813468330532	,厨房电器,净水器/净水设备及配件耗材,净水器,	,6923185653684	,6923185616399	,聚水潭已取消发货，仅退款  诚11.25,	,退款成功,,2025-11-25 11:48:44,	,,,,,,,否,否,	,否,	,,1118.0	,0.0	,11.18	,0.0	,0.0	,0.0	,0.0	,0.0	,1106.82	,1106.82	,	,	,江西省,九江市,都昌县,,,否,否,	,	,	,否,	,	,	,	,	,	,	,	,	,	,	,	,否,否,	,否,否,,	,否,	,否,,,否
【母婴直饮】云米净水器 SE 600G+ 新升级厨下式RO反渗透直饮家用,251125-388749084252163,已发货，待收货,1	,正常,2025-11-25 12:55:16,2025-11-26 12:55:16,,2025-11-25 20:50:32,	,819506595979	,【24年新品】600G升级版6年长效,1787046011387	,厨房电器,净水器/净水设备及配件耗材,净水器,	,6923185653684	,6923185616399	,	,	,无售后或售后取消,,2025-11-25 12:55:16,	,,,,,,,否,否,	,否,	,,748.0	,0.0	,130.15	,97.24	,0.0	,0.0	,0.0	,0.0	,520.61	,617.85	,JDV024252443829,京东大件物流,广东省,深圳市,坪山区,,,否,否,	,	,	,否,	,	,	,	,	,	,	,	,	,	,	,	,否,否,	,否,否,,	,否,	,否,,,否
【重磅新品】云米净水器600G小海豚升级版厨下式RO反渗透直饮家用,251125-331528302091409,已取消,2	,正常,	,	,,	,	,225501370546	,小海豚600G,1813468330532	,厨房电器,净水器/净水设备及配件耗材,净水器,	,6923185653684	,6923185616399	,	,	,无售后或售后取消,,	,	,,,,,,,否,否,	,否,	,,1118.0	,0.0	,11.18	,0.0	,0.0	,0.0	,0.0	,0.0	,1106.82	,1106.82	,	,	,****,****,****,****,,否,否,	,	,	,否,	,	,	,	,	,	,	,	,	,	,	,	,否,否,	,否,	,,	,否,	,否,,,否
云米22m³顶侧大吸力蓝调低噪油烟机猛火天燃气灶智能套装家用厨房,251125-388277277073253,已发货，待收货,1	,正常,2025-11-25 11:39:39,2025-11-26 11:39:39,,2025-11-25 16:32:47,	,388827922980	,【烟灶套装】顶侧双吸+5.0猛火灶（天）,1752816957652	,大家电,厨房大电,烟灶消套装,	,S2405071349001,S2409261025001,	,	,无售后或售后取消,,2025-11-25 11:39:39,	,,,,,,,否,否,	,否,	,,1285.0	,0.0	,189.0	,40.0	,0.0	,0.0	,0.0	,0.0	,1056.0	,1096.0	,JDV024254047026,京东大件物流,浙江省,杭州市,拱墅区,,,否,否,	,	,	,否,	,	,	,	,	,	,	,	,	,	,	,	,否,否,	,否,否,,	,否,	,否,,,否
【重磅新品】云米净水器600G小海豚升级版厨下式RO反渗透直饮家用,251125-452125027991897,已取消,1	,正常,	,	,,	,	,225501370546	,小海豚600G,1813468330532	,厨房电器,净水器/净水设备及配件耗材,净水器,	,6923185653684	,6923185616399	,	,	,无售后或售后取消,,	,	,,,,,,,否,否,	,否,	,,559.0	,0.0	,0.0	,0.0	,0.0	,0.0	,0.0	,0.0	,559.0	,559.0	,	,	,****,****,****,****,,否,否,	,	,	,否,	,	,	,	,	,	,	,	,	,	,	,	,否,否,	,否,	,,	,否,	,否,,,否
【6年套装】云米净水器600G小海豚升级版厨下式RO反渗透直饮家用,251125-356106903191985,已发货，待收货,1	,正常,2025-11-25 11:32:28,2025-11-26 11:32:28,,2025-11-25 14:43:40,	,852932116812	,小海豚600G+6年滤芯套装,1812983769340	,厨房电器,净水器/净水设备及配件耗材,净水器,	,S2508151538001,	,	,	,无售后或售后取消,,2025-11-25 11:32:28,	,,,,,,,否,否,	,否,	,,764.28	,0.0	,0.0	,76.42	,6.0	,0.0	,0.0	,0.0	,687.86	,764.28	,JDV024249885927,京东大件物流,甘肃省,兰州市,城关区,,,否,否,	,	,	,否,	,	,	,	,	,	,	,	,	,	,	,	,否,否,	,否,否,,	,否,	,否,,,否
【重磅新品】云米净水器600G小海豚升级版厨下式RO反渗透直饮家用,251125-517514227283083,已收货,1	,正常,2025-11-25 11:31:16,2025-11-26 11:31:16,,2025-11-25 17:16:43,2025-11-28 21:59:35,852161740747	,小海豚600G+6年滤芯套装,1812658223669	,厨房电器,净水器/净水设备及配件耗材,净水器,	,S2508151538001,	,赠送TDS检测笔 [viomi莉莉sk 11/25 13:13],	,无售后或售后取消,,2025-11-25 11:31:16,	,,,,,,,否,否,	,否,	,,764.9	,0.0	,0.0	,100.0	,0.0	,0.0	,0.0	,0.0	,664.9	,764.9	,JDV024254061767,京东大件物流,江苏省,盐城市,建湖县,,,否,否,	,	,	,否,	,	,	,	,	,	,	,	,	,	,	,	,否,否,	,否,否,,	,否,	,否,,,否
【重磅新品】云米净水器600G小海豚升级版厨下式RO反渗透直饮家用,251125-475214650960528,已发货，待收货,1	,正常,2025-11-25 11:31:04,2025-11-26 11:31:04,2025-11-27 23:59:59,2025-11-25 17:16:43,	,225501370546	,小海豚600G,1813468330532	,厨房电器,净水器/净水设备及配件耗材,净水器,	,6923185653684	,6923185616399	,	,	,售后处理中,,2025-11-25 11:31:04,	,,,,,,,否,否,	,否,	,,559.0	,0.0	,0.0	,3.0	,0.0	,0.0	,0.0	,0.0	,556.0	,559.0	,JDV024254061821,京东大件物流,江苏省,徐州市,邳州市,,,否,否,	,	,	,否,	,	,	,	,	,	,	,	,	,	,	,	,否,否,	,否,否,,	,否,	,否,,,否
【重磅新品】云米净水器600G小海豚升级版厨下式RO反渗透直饮家用,251125-226073024110198,已发货，待收货,1	,正常,2025-11-25 11:29:52,2025-11-26 11:29:53,,2025-11-25 17:16:43,	,852161740747	,小海豚600G+6年滤芯套装,1812658223669	,厨房电器,净水器/净水设备及配件耗材,净水器,	,S2508151538001,	,	,	,无售后或售后取消,,2025-11-25 11:29:53,	,,,,,,,否,否,	,否,	,,764.9	,0.0	,0.0	,100.0	,0.0	,0.0	,0.0	,0.0	,664.9	,764.9	,JDV024254012061,京东大件物流,江苏省,徐州市,泉山区,,,否,否,	,	,	,否,	,	,	,	,	,	,	,	,	,	,	,	,否,否,	,否,否,,	,否,	,否,,,否
云米小厨宝6L电热水器厨房卫生间出水恒温储水式小型速热神器加热,251125-027913121402140,已收货,1	,正常,2025-11-25 10:55:53,2025-11-26 10:55:53,,2025-11-25 14:43:02,2025-11-26 17:59:15,208073193570	,热水即刻有-【6L】,1801828025682	,大家电,热水器,厨宝,	,6923185611233	,6923185611233	,	,	,无售后或售后取消,,2025-11-25 10:55:53,	,,,,,,,否,否,	,否,	,,279.0	,0.0	,14.0	,21.0	,0.0	,0.0	,0.0	,0.0	,244.0	,265.0	,JDV024249940603,京东大件物流,广东省,揭阳市,普宁市,,,否,否,	,	,	,否,	,	,	,	,	,	,	,	,	,	,	,	,否,否,	,否,否,,	,否,	,否,,,否
云米小厨宝6L电热水器厨房卫生间出水恒温储水式小型速热神器加热,251125-569114662544051,已取消,1	,正常,	,	,,	,	,208073193570	,热水即刻有-【6L】,1801828025682	,大家电,热水器,厨宝,	,6923185611233	,6923185611233	,	,	,无售后或售后取消,,	,	,,,,,,,否,否,	,否,	,,279.0	,0.0	,14.0	,0.0	,0.0	,0.0	,0.0	,0.0	,265.0	,265.0	,	,	,****,****,****,****,,否,否,	,	,	,否,	,	,	,	,	,	,	,	,	,	,	,	,否,否,	,否,	,,	,否,	,否,,,否
云米AI燃气热水器 智控恒温防冻节能安全水质净化精准控温13L强排,251125-223577424233700,已收货,1	,正常,2025-11-25 10:33:04,2025-11-26 10:33:04,,2025-11-25 14:43:02,2025-11-26 17:19:50,774960777953	,智控恒温燃气热水器,1756760299679	,大家电,热水器,燃气热水器,	,6923185655688	,6923185655688	,15889951842安装 [viomi范范sk 11/26 09:23],	,无售后或售后取消,,2025-11-25 10:33:04,	,,,,,,,否,否,	,否,	,,593.0	,0.0	,0.0	,65.23	,1.05	,0.0	,0.0	,0.0	,527.77	,593.0	,JDV024249921155,京东大件物流,广东省,广州市,南沙区,,,否,否,	,	,	,否,	,	,	,	,	,	,	,	,	,	,	,	,否,否,	,否,否,,	,否,	,否,,,否
云米AI燃气热水器 智控恒温防冻节能安全水质净化精准控温13L强排,251125-108275996284064,已发货，待收货,1	,正常,2025-11-25 10:25:41,2025-11-26 10:25:41,,2025-11-25 14:43:03,	,774960777953	,智控恒温燃气热水器,1756760299679	,大家电,热水器,燃气热水器,	,6923185655688	,6923185655688	,	,	,无售后或售后取消,,2025-11-25 10:25:41,	,,,,,,,否,否,	,否,	,,593.0	,0.0	,0.0	,0.0	,0.0	,0.0	,0.0	,0.0	,593.0	,593.0	,JDV024246580400,京东大件物流,山东省,东营市,河口区,,,否,否,	,	,	,否,	,	,	,	,	,	,	,	,	,	,	,	,否,否,	,否,否,,	,否,	,否,,,否
云米AI燃气热水器 智控恒温防冻节能安全水质净化精准控温13L强排,251125-496825812604064,已取消,1	,正常,	,	,,	,	,774960777953	,智控恒温燃气热水器,1756760299679	,大家电,热水器,燃气热水器,	,6923185655688	,6923185655688	,	,	,无售后或售后取消,,	,	,,,,,,,否,否,	,否,	,,593.0	,0.0	,0.0	,29.65	,0.0	,0.0	,0.0	,0.0	,563.35	,593.0	,	,	,****,****,****,****,,否,否,	,	,	,否,	,	,	,	,	,	,	,	,	,	,	,	,否,否,	,否,	,,	,否,	,否,,,否
云米小厨宝6L电热水器厨房卫生间出水恒温储水式小型速热神器加热,251125-233329211682108,已发货，待收货,1	,正常,2025-11-25 10:21:33,2025-11-26 10:21:33,,2025-11-25 13:44:39,	,208073193570	,热水即刻有-【6L】,1801828025682	,大家电,热水器,厨宝,	,6923185611233	,6923185611233	,	,	,无售后或售后取消,,2025-11-25 10:21:33,	,,,,,,,否,否,	,否,	,,279.0	,0.0	,14.0	,26.5	,1.19	,0.0	,0.0	,0.0	,238.5	,265.0	,JDV024249043556,京东大件物流,浙江省,嘉兴市,南湖区,,,否,否,	,	,	,否,	,	,	,	,	,	,	,	,	,	,	,	,否,否,	,否,否,,	,否,	,否,,,否
云米AI燃气热水器 智控恒温防冻节能安全水质净化精准控温13L强排,251125-107961454901829,已发货，待收货,1	,正常,2025-11-25 10:12:42,2025-11-26 10:12:42,,2025-11-25 14:43:03,	,774960777953	,智控恒温燃气热水器,1756760299679	,大家电,热水器,燃气热水器,	,6923185655688	,6923185655688	,	,	,无售后或售后取消,,2025-11-25 10:12:42,	,,,,,,,否,否,	,否,	,,593.0	,0.0	,0.0	,0.0	,0.0	,0.0	,0.0	,0.0	,593.0	,593.0	,JDV024247029114,京东大件物流,江西省,九江市,永修县,,,否,否,	,	,	,否,	,	,	,	,	,	,	,	,	,	,	,	,否,否,	,否,否,,	,否,	,否,,,否
【6年套装】云米净水器600G小海豚升级版厨下式RO反渗透直饮家用,251125-162130891063615,已发货，待收货,1	,正常,2025-11-25 10:07:26,2025-11-26 10:07:26,2025-11-27 23:59:59,2025-11-25 14:43:02,	,852932116812	,小海豚600G+6年滤芯套装,1812983769340	,厨房电器,净水器/净水设备及配件耗材,净水器,	,S2508151538001,	,18005502678超 [viomi慧慧sk 11/26 17:33],	,无售后或售后取消,,2025-11-25 10:07:26,	,,,,,,,否,否,	,否,	,,764.28	,0.0	,0.0	,100.0	,0.0	,0.0	,0.0	,0.0	,664.28	,764.28	,JDV024249049899,京东大件物流,安徽省,滁州市,南谯区,,,否,否,	,	,	,否,	,	,	,	,	,	,	,	,	,	,	,	,否,否,	,否,否,,	,否,	,否,,,否
【重磅新品】云米净水器600G小海豚升级版厨下式RO反渗透直饮家用,251125-571390062162977,已取消,1	,正常,	,	,,	,	,225501370546	,小海豚600G,1813468330532	,厨房电器,净水器/净水设备及配件耗材,净水器,	,6923185653684	,6923185616399	,	,	,无售后或售后取消,,	,	,,,,,,,否,否,	,否,	,,559.0	,0.0	,0.0	,0.0	,0.0	,0.0	,0.0	,0.0	,559.0	,559.0	,	,	,****,****,****,****,,否,否,	,	,	,否,	,	,	,	,	,	,	,	,	,	,	,	,否,否,	,否,	,,	,否,	,否,,,否
【重磅新品】云米净水器600G小海豚升级版厨下式RO反渗透直饮家用,251125-333331874172188,已发货，待收货,1	,正常,2025-11-25 09:53:34,2025-11-26 09:53:34,,2025-11-25 16:32:47,	,225501370546	,小海豚600G,1813468330532	,厨房电器,净水器/净水设备及配件耗材,净水器,	,6923185653684	,6923185616399	,13968451777安装 [viomi莉莉sk 11/26 20:42],	,无售后或售后取消,,2025-11-25 09:53:34,	,,,,,,,否,否,	,否,	,,559.0	,0.0	,0.0	,0.0	,0.0	,0.0	,0.0	,0.0	,559.0	,559.0	,JDV024247663351,京东大件物流,山东省,济宁市,高新区,,,否,否,	,	,	,否,	,	,	,	,	,	,	,	,	,	,	,	,否,否,	,否,否,,	,否,	,否,,,否
【重磅新品】云米净水器600G小海豚升级版厨下式RO反渗透直饮家用,251125-373985186123737,已发货，待收货,1	,正常,2025-11-25 09:44:10,2025-11-26 09:44:11,,2025-11-25 16:32:48,	,225501370546	,小海豚600G,1813468330532	,厨房电器,净水器/净水设备及配件耗材,净水器,	,6923185653684	,6923185616399	,	,	,无售后或售后取消,,2025-11-25 09:44:11,	,,,,,,,否,否,	,否,	,,559.0	,0.0	,0.0	,0.0	,0.0	,0.0	,0.0	,0.0	,559.0	,559.0	,JDV024246807280,京东大件物流,河北省,保定市,竞秀区,,,否,否,	,	,	,否,	,	,	,	,	,	,	,	,	,	,	,	,否,否,	,否,否,,	,否,	,否,,,否
【重磅新品】云米净水器600G小海豚升级版厨下式RO反渗透直饮家用,251125-568443563632391,已发货，退款成功,1	,正常,2025-11-25 09:38:31,2025-11-26 09:38:31,,2025-11-25 16:32:47,	,225501370546	,小海豚600G,1813468330532	,厨房电器,净水器/净水设备及配件耗材,净水器,	,6923185653684	,6923185616399	,ZX2511260061478拦截 [viomi诺诺sk 11/26 09:47],	,退款成功,,2025-11-25 09:38:31,	,,,,,,,否,否,	,否,	,,559.0	,0.0	,0.0	,50.0	,0.0	,0.0	,0.0	,0.0	,509.0	,559.0	,JDV024246972654,京东大件物流,河北省,保定市,容城县,,,否,否,	,	,	,否,	,	,	,	,	,	,	,	,	,	,	,	,否,否,	,否,否,,	,否,	,否,,,否
【重磅新品】云米净水器600G小海豚升级版厨下式RO反渗透直饮家用,251125-306519816523737,已取消,1	,正常,	,	,,	,	,225501370546	,小海豚600G,1813468330532	,厨房电器,净水器/净水设备及配件耗材,净水器,	,6923185653684	,6923185616399	,	,	,无售后或售后取消,,	,	,,,,,,,否,否,	,否,	,,559.0	,0.0	,0.0	,0.0	,0.0	,0.0	,0.0	,0.0	,559.0	,559.0	,	,	,****,****,****,****,,否,否,	,	,	,否,	,	,	,	,	,	,	,	,	,	,	,	,否,否,	,否,	,,	,否,	,否,,,否
VIOMI云米净水器1000G厨下直饮小体积净水机RO机智显龙头3秒满杯,251125-397200617022603,已发货，待收货,1	,正常,2025-11-25 09:33:30,2025-11-26 09:33:30,,2025-11-25 14:43:03,	,842195971715	,1000G大通量RO净水器,1803617356458	,厨房电器,净水器/净水设备及配件耗材,净水器,	,6923185654247	,	,	,	,无售后或售后取消,,2025-11-25 09:33:30,	,,,,,,,否,否,	,否,	,,823.0	,0.0	,50.0	,50.0	,0.2	,0.0	,0.0	,0.0	,723.0	,773.0	,JDV024249929928,京东大件物流,福建省,福州市,鼓楼区,,,否,否,	,	,	,否,	,	,	,	,	,	,	,	,	,	,	,	,否,否,	,否,否,,	,否,	,否,,,否
【重磅新品】云米净水器600G小海豚升级版厨下式RO反渗透直饮家用,251125-250840430970272,已收货,1	,正常,2025-11-25 09:32:32,2025-11-26 09:32:32,,2025-11-25 14:43:02,2025-11-27 16:25:13,225501370546	,小海豚600G,1813468330532	,厨房电器,净水器/净水设备及配件耗材,净水器,	,6923185653684	,6923185616399	,	,	,无售后或售后取消,,2025-11-25 09:32:32,	,,,,,,,否,否,	,否,	,,559.0	,0.0	,0.0	,0.0	,0.0	,0.0	,0.0	,0.0	,559.0	,559.0	,JDV024249940486,京东大件物流,广东省,中山市,小榄镇,,,否,否,	,	,	,否,	,	,	,	,	,	,	,	,	,	,	,	,否,否,	,否,否,,	,否,	,否,,,否
【重磅新品】云米净水器600G小海豚升级版厨下式RO反渗透直饮家用,251125-093826608692359,已发货，待收货,1	,正常,2025-11-25 09:28:54,2025-11-26 09:28:54,,2025-11-25 16:32:47,	,225501370546	,小海豚600G,1813468330532	,厨房电器,净水器/净水设备及配件耗材,净水器,	,6923185653684	,6923185616399	,	,	,无售后或售后取消,,2025-11-25 09:28:54,	,,,,,,,否,否,	,否,	,,559.0	,0.0	,0.0	,33.54	,0.0	,0.0	,0.0	,0.0	,525.46	,559.0	,JDV024246807271,京东大件物流,山东省,枣庄市,滕州市,,,否,否,	,	,	,否,	,	,	,	,	,	,	,	,	,	,	,	,否,否,	,否,否,,	,否,	,否,,,否
云米智能AI门锁3D指纹密码蓝牙可连大容量续航家用公寓自动安全,251125-568454080952919,已取消,1	,正常,	,	,,	,	,743885774552	,"云米蓝调指纹密码锁LBT11C,黑色",1734954999916	,基础建材,智能门锁/电子锁,智能门锁/电子锁,	,6923185655381	,6923185655381	,	,	,无售后或售后取消,,	,	,,,,,,,否,否,	,否,	,,662.0	,0.0	,34.0	,100.0	,0.0	,0.0	,0.0	,0.0	,528.0	,628.0	,	,	,****,****,****,****,,否,否,	,	,	,否,	,	,	,	,	,	,	,	,	,	,	,	,否,否,	,否,	,,	,否,	,否,,,否
云米净水器滤芯家用小海豚小蓝调小白龙系列专用RO反渗透,251125-082187404892541,已收货,1	,正常,2025-11-25 09:26:42,2025-11-27 09:26:43,,2025-11-25 16:32:48,2025-11-26 12:46:43,232467205433	,5in1 复合滤芯,1647394585330	,厨房电器,净水器/净水设备及配件耗材,净水器配件耗材,	,6923185627425	,	,	,	,无售后或售后取消,,2025-11-25 09:26:43,	,,,,,,,否,否,	,否,	,,149.0	,0.0	,0.0	,0.0	,0.0	,0.0	,0.0	,0.0	,149.0	,149.0	,JDV024244259920,京东大件物流,河北省,廊坊市,大厂回族自治县,,,否,否,	,	,	,否,	,	,	,	,	,	,	,	,	,	,	,	,否,否,	,否,否,,	,否,	,否,,,否
【重磅新品】云米净水器600G小海豚升级版厨下式RO反渗透直饮家用,251125-363079964282934,已取消,1	,正常,	,	,,	,	,225501370546	,小海豚600G,1813468330532	,厨房电器,净水器/净水设备及配件耗材,净水器,	,6923185653684	,6923185616399	,	,	,无售后或售后取消,,	,	,,,,,,,否,否,	,否,	,,559.0	,0.0	,0.0	,0.0	,0.0	,0.0	,0.0	,0.0	,559.0	,559.0	,	,	,****,****,****,****,,否,否,	,	,	,否,	,	,	,	,	,	,	,	,	,	,	,	,否,否,	,否,	,,	,否,	,否,,,否
【重磅新品】云米净水器600G小海豚升级版厨下式RO反渗透直饮家用,251125-427242371503933,已发货，待收货,1	,正常,2025-11-25 09:20:29,2025-11-26 09:20:29,,2025-11-25 14:43:03,	,225501370546	,小海豚600G,1813468330532	,厨房电器,净水器/净水设备及配件耗材,净水器,	,6923185653684	,6923185616399	,	,	,无售后或售后取消,,2025-11-25 09:20:29,	,,,,,,,否,否,	,否,中国澳门集运,,559.0	,0.0	,0.0	,3.0	,0.0	,0.0	,0.0	,0.0	,556.0	,559.0	,JDV024246851229,京东大件物流,广东省,珠海市,香洲区,,,否,否,	,	,	,否,	,	,	,	,	,	,	,	,	,	,	,	,否,否,	,否,否,,	,否,	,否,,,否
云米AI燃气热水器 智控恒温防冻节能安全水质净化精准控温13L强排,251125-583700365643653,已取消,1	,正常,	,	,,	,	,774960777953	,智控恒温燃气热水器,1756760299679	,大家电,热水器,燃气热水器,	,6923185655688	,6923185655688	,	,	,无售后或售后取消,,	,	,,,,,,,否,否,	,否,	,,593.0	,0.0	,0.0	,0.99	,0.0	,0.0	,0.0	,0.0	,592.01	,593.0	,	,	,****,****,****,****,,否,否,	,	,	,否,	,	,	,	,	,	,	,	,	,	,	,	,否,否,	,否,	,,	,否,	,否,,,否
【重磅新品】云米净水器600G小海豚升级版厨下式RO反渗透直饮家用,251125-463848117882934,已取消,1	,正常,	,	,,	,	,225501370546	,小海豚600G,1813468330532	,厨房电器,净水器/净水设备及配件耗材,净水器,	,6923185653684	,6923185616399	,	,	,无售后或售后取消,,	,	,,,,,,,否,否,	,否,	,,559.0	,0.0	,0.0	,0.0	,0.0	,0.0	,0.0	,0.0	,559.0	,559.0	,	,	,****,****,****,****,,否,否,	,	,	,否,	,	,	,	,	,	,	,	,	,	,	,	,否,否,	,否,	,,	,否,	,否,,,否
【重磅新品】云米净水器600G小海豚升级版厨下式RO反渗透直饮家用,251125-025983762760888,未发货，退款成功,1	,正常,2025-11-25 09:07:08,2025-11-26 09:07:08,,	,	,225501370546	,小海豚600G,1813468330532	,厨房电器,净水器/净水设备及配件耗材,净水器,	,6923185653684	,6923185616399	,聚水潭已取消发货，仅退款  诚11.25,	,退款成功,,2025-11-25 09:07:08,	,,,,,,,否,否,	,否,	,,559.0	,0.0	,0.0	,0.0	,0.0	,0.0	,0.0	,0.0	,559.0	,559.0	,	,	,内蒙古自治区,巴彦淖尔市,乌拉特中旗,,,否,否,	,	,	,否,	,	,	,	,	,	,	,	,	,	,	,	,否,否,	,否,否,,	,否,	,否,,,否
云米净水器滤芯小蓝调小海豚600G+专用复合滤芯RO反渗透滤芯过滤,251125-249907125803610,已收货，退款成功,1	,正常,2025-11-25 08:37:49,2025-11-26 08:37:49,,2025-11-25 16:32:48,2025-11-28 21:22:58,296967601341	,5in1复合滤芯 2年长效,1600193054565	,厨房电器,净水器/净水设备及配件耗材,净水器配件耗材,	,6923185627425	,	,差价200仅退款 [viomi莉莉sk 11/28 21:23],	,退款成功,,2025-11-25 08:37:49,	,,,,,,,否,否,	,否,	,,299.0	,0.0	,0.0	,0.0	,0.0	,0.0	,0.0	,0.0	,299.0	,299.0	,JDV024243046091,京东大件物流,河南省,开封市,龙亭区,,,否,否,	,	,	,否,	,	,	,	,	,	,	,	,	,	,	,	,否,否,	,否,否,,	,否,	,否,,,否
云米小厨宝6L电热水器厨房卫生间出水恒温储水式小型速热神器加热,251125-074910349620211,已发货，待收货,1	,正常,2025-11-25 08:20:08,2025-11-26 08:20:08,,2025-11-25 14:43:04,	,208073193570	,热水即刻有-【6L】,1801828025682	,大家电,热水器,厨宝,	,6923185611233	,6923185611233	,13791269316安装 [viomi诺诺sk 11/28 21:34],	,无售后或售后取消,,2025-11-25 08:20:08,	,,,,,,,否,否,	,否,	,,279.0	,0.0	,14.0	,0.0	,0.0	,0.0	,0.0	,0.0	,265.0	,265.0	,JDV024243325541,京东大件物流,山东省,烟台市,海阳市,,,否,否,	,	,	,否,	,	,	,	,	,	,	,	,	,	,	,	,否,否,	,否,否,,	,否,	,否,,,否
云米净水器滤芯家用小海豚小蓝调小白龙系列专用RO反渗透,251125-328602806660196,已发货，待收货,1	,正常,2025-11-25 08:17:01,2025-11-27 08:17:02,,2025-11-25 16:32:48,	,232467205433	,5in1 复合滤芯,1647394585330	,厨房电器,净水器/净水设备及配件耗材,净水器配件耗材,	,6923185627425	,	,后返到手价109元,	,无售后或售后取消,,2025-11-25 08:17:02,	,,,,,,,否,否,	,否,	,,149.0	,0.0	,0.0	,0.0	,0.0	,0.0	,0.0	,0.0	,149.0	,149.0	,JDV024242996570,京东大件物流,河北省,石家庄市,鹿泉区,,,否,否,	,	,	,否,	,	,	,	,	,	,	,	,	,	,	,	,否,否,	,否,否,,	,否,	,否,,,否
云米净水器滤芯小蓝调小海豚600G+专用复合滤芯RO反渗透滤芯过滤,251125-386851223863135,已收货，退款成功,1	,正常,2025-11-25 08:15:37,2025-11-26 08:15:38,,2025-11-25 14:43:03,2025-11-26 19:17:14,296967601341	,5in1复合滤芯 2年长效,1600193054565	,厨房电器,净水器/净水设备及配件耗材,净水器配件耗材,	,6923185627425	,	,后返到手价99=299-99=200差价基金退款 [viomi慧慧sk 11/26 19:19],	,退款成功,,2025-11-25 08:15:38,	,,,,,,,否,否,	,否,	,,299.0	,0.0	,0.0	,23.94	,0.0	,0.0	,0.0	,0.0	,275.06	,299.0	,JDV024247047877,京东大件物流,江西省,南昌市,南昌县,,,否,否,	,	,	,否,	,	,	,	,	,	,	,	,	,	,	,	,否,否,	,否,否,,	,否,	,否,,,否
【重磅新品】云米净水器600G小海豚升级版厨下式RO反渗透直饮家用,251125-471062331741006,已取消,1	,正常,	,	,,	,	,225501370546	,小海豚600G,1813468330532	,厨房电器,净水器/净水设备及配件耗材,净水器,	,6923185653684	,6923185616399	,	,	,无售后或售后取消,,	,	,,,,,,,否,否,	,否,	,,559.0	,0.0	,0.0	,0.0	,0.0	,0.0	,0.0	,0.0	,559.0	,559.0	,	,	,****,****,****,****,,否,否,	,	,	,否,	,	,	,	,	,	,	,	,	,	,	,	,否,否,	,否,	,,	,否,	,否,,,否
云米净水器滤芯小蓝调小海豚600G+专用复合滤芯RO反渗透滤芯过滤,251125-157045297463135,未发货，退款成功,1	,正常,2025-11-25 08:13:22,2025-11-26 08:13:22,,	,	,296967601341	,5in1复合滤芯 2年长效,1600193054565	,厨房电器,净水器/净水设备及配件耗材,净水器配件耗材,	,6923185627425	,	,聚水潭已取消发货，仅退款  诚11.25,	,退款成功,,2025-11-25 08:13:22,	,,,,,,,否,否,	,否,	,,299.0	,0.0	,0.0	,0.0	,0.0	,0.0	,0.0	,0.0	,299.0	,299.0	,	,	,江西省,南昌市,南昌县,,,否,否,	,	,	,否,	,	,	,	,	,	,	,	,	,	,	,	,否,否,	,否,否,,	,否,	,否,,,否
【重磅新品】云米净水器600G小海豚升级版厨下式RO反渗透直饮家用,251125-619624599911153,未发货，退款成功,1	,正常,2025-11-25 08:12:23,2025-11-26 08:12:23,,	,	,225501370546	,小海豚600G,1813468330532	,厨房电器,净水器/净水设备及配件耗材,净水器,	,6923185653684	,6923185616399	,ZX2511250061372待拦截11.25诚,	,退款成功,,2025-11-25 08:12:23,	,,,,,,,否,否,	,否,	,,559.0	,0.0	,0.0	,0.0	,0.0	,0.0	,0.0	,0.0	,559.0	,559.0	,	,	,新疆维吾尔自治区,自治区直辖县级行政区划,石河子市,,,否,否,	,	,	,否,	,	,	,	,	,	,	,	,	,	,	,	,否,否,	,否,否,,	,否,	,否,,,否
【6年套装】云米净水器600G小海豚升级版厨下式RO反渗透直饮家用,251125-620515889580933,已发货，待收货,1	,正常,2025-11-25 08:11:34,2025-11-26 08:11:34,,2025-11-25 14:43:04,	,852932116812	,小海豚600G+6年滤芯套装,1812983769340	,厨房电器,净水器/净水设备及配件耗材,净水器,	,S2508151538001,	,	,	,无售后或售后取消,,2025-11-25 08:11:34,	,,,,,,,否,否,	,否,	,,764.28	,0.0	,0.0	,100.0	,0.0	,0.0	,0.0	,0.0	,664.28	,764.28	,JDV024246556396,京东大件物流,广东省,东莞市,企石镇,,,否,否,	,	,	,否,	,	,	,	,	,	,	,	,	,	,	,	,否,否,	,否,否,,	,否,	,否,,,否
云米小厨宝6L电热水器厨房卫生间出水恒温储水式小型速热神器加热,251125-428217495072088,已收货,1	,正常,2025-11-25 08:07:15,2025-11-26 08:07:15,,2025-11-25 11:59:49,2025-11-29 10:34:21,208073193570	,热水即刻有-【6L】,1801828025682	,大家电,热水器,厨宝,	,6923185611233	,6923185611233	,	,	,无售后或售后取消,,2025-11-25 08:07:15,	,,,,,,,否,否,	,否,	,,279.0	,0.0	,14.0	,20.0	,0.0	,0.0	,0.0	,0.0	,245.0	,265.0	,JDV024245179899,京东大件物流,陕西省,西安市,鄠邑区,,,否,否,	,	,	,否,	,	,	,	,	,	,	,	,	,	,	,	,否,否,	,否,否,,	,否,	,否,,,否
【重磅新品】云米净水器600G小海豚升级版厨下式RO反渗透直饮家用,251125-424516011532853,已发货，待收货,1	,正常,2025-11-25 08:16:49,2025-11-26 08:16:49,,2025-11-25 14:43:03,	,852161740747	,小海豚600G+6年滤芯套装,1812658223669	,厨房电器,净水器/净水设备及配件耗材,净水器,	,S2508151538001,	,13952274636安装 [viomi慧慧sk 11/26 19:07],	,无售后或售后取消,,2025-11-25 08:16:49,	,,,,,,,否,否,	,否,	,,764.9	,0.0	,0.0	,100.0	,10.0	,0.0	,0.0	,0.0	,664.9	,764.9	,JDV024247034441,京东大件物流,江苏省,徐州市,邳州市,,,否,否,	,	,	,否,	,	,	,	,	,	,	,	,	,	,	,	,否,否,	,否,否,,	,否,	,否,,,否
【重磅新品】云米净水器600G小海豚升级版厨下式RO反渗透直饮家用,251125-506011380090241,未发货，退款成功,1	,正常,2025-11-25 08:02:09,2025-11-26 08:02:09,,	,	,225501370546	,小海豚600G,1813468330532	,厨房电器,净水器/净水设备及配件耗材,净水器,	,6923185653684	,6923185616399	,聚水潭已取消发货，仅退款  诚11.25,	,退款成功,,2025-11-25 08:02:09,	,,,,,,,否,否,	,否,	,,559.0	,0.0	,0.0	,0.0	,0.0	,0.0	,0.0	,0.0	,559.0	,559.0	,	,	,山西省,运城市,盐湖区,,,否,否,	,	,	,否,	,	,	,	,	,	,	,	,	,	,	,	,否,否,	,否,否,,	,否,	,否,,,否
【重磅新品】云米净水器600G小海豚升级版厨下式RO反渗透直饮家用,251125-503547236711153,未发货，退款成功,1	,正常,2025-11-25 08:00:12,2025-11-26 08:00:12,,	,	,225501370546	,小海豚600G,1813468330532	,厨房电器,净水器/净水设备及配件耗材,净水器,	,6923185653684	,6923185616399	,聚水潭已取消发货，仅退款  诚11.25,	,退款成功,,2025-11-25 08:00:12,	,,,,,,,否,否,	,否,	,,559.0	,0.0	,0.0	,0.0	,0.0	,0.0	,0.0	,0.0	,559.0	,559.0	,	,	,新疆维吾尔自治区,乌鲁木齐市,头屯河区,,,否,否,	,	,	,否,	,	,	,	,	,	,	,	,	,	,	,	,否,否,	,否,否,,	,否,	,否,,,否
【重磅新品】云米净水器600G小海豚升级版厨下式RO反渗透直饮家用,251125-021223238043718,已发货，待收货,1	,正常,2025-11-25 07:57:44,2025-11-26 07:57:44,2025-11-26 23:59:59,2025-11-25 14:43:04,	,225501370546	,小海豚600G,1813468330532	,厨房电器,净水器/净水设备及配件耗材,净水器,	,6923185653684	,6923185616399	,	,	,无售后或售后取消,,2025-11-25 07:57:44,	,,,,,,,否,否,	,否,	,,559.0	,0.0	,0.0	,33.54	,0.0	,0.0	,0.0	,0.0	,525.46	,559.0	,JDV024247029006,京东大件物流,浙江省,杭州市,钱塘区,,,否,否,	,	,	,否,	,	,	,	,	,	,	,	,	,	,	,	,否,否,	,否,否,,	,否,	,否,,,否
云米AI油烟机双腔大吸力Smart双腔一级能效23m³大风压智清洁节能,251125-381398618423404,已取消,1	,正常,	,	,,	,	,857557599349	,双腔深拢吸油烟机,1816789031904	,大家电,厨房大电,油烟机,	,6923185649229	,6923185649229	,	,	,无售后或售后取消,,	,	,,,,,,,否,否,	,否,	,,823.0	,0.0	,0.0	,100.0	,0.0	,0.0	,0.0	,0.0	,723.0	,823.0	,	,	,****,****,****,****,,否,否,	,	,	,否,	,	,	,	,	,	,	,	,	,	,	,	,否,否,	,否,	,,	,否,	,否,,,否
【重磅新品】云米净水器600G小海豚升级版厨下式RO反渗透直饮家用,251125-538150182413864,已收货,1	,正常,2025-11-25 07:40:33,2025-11-26 07:40:33,,2025-11-25 16:32:48,2025-11-28 15:43:10,225501370546	,小海豚600G,1813468330532	,厨房电器,净水器/净水设备及配件耗材,净水器,	,6923185653684	,6923185616399	,	,	,无售后或售后取消,,2025-11-25 07:40:33,	,,,,,,,否,否,	,否,	,,559.0	,0.0	,0.0	,0.0	,0.0	,0.0	,0.0	,0.0	,559.0	,559.0	,JDV024245026065,京东大件物流,河南省,周口市,郸城县,,,否,否,	,	,	,否,	,	,	,	,	,	,	,	,	,	,	,	,否,否,	,否,否,,	,否,	,否,,,否
【6年套装】云米净水器600G小海豚升级版厨下式RO反渗透直饮家用,251125-225653635471188,未发货，退款成功,1	,正常,2025-11-25 06:57:55,2025-11-26 06:57:56,,	,	,852932116812	,小海豚600G+6年滤芯套装,1812983769340	,厨房电器,净水器/净水设备及配件耗材,净水器,	,S2508151538001,	,聚水潭已取消发货，仅退款  诚11.25,	,退款成功,,2025-11-25 06:57:56,	,,,,,,,否,否,	,否,	,,764.28	,0.0	,0.0	,100.0	,0.0	,0.0	,0.0	,0.0	,664.28	,764.28	,	,	,河北省,石家庄市,平山县,,,否,否,	,	,	,否,	,	,	,	,	,	,	,	,	,	,	,	,否,否,	,否,否,,	,否,	,否,,,否
【6年套装】云米净水器600G小海豚升级版厨下式RO反渗透直饮家用,251125-450803843451784,已取消,1	,正常,	,	,,	,	,852932116812	,小海豚600G+6年滤芯套装,1812983769340	,厨房电器,净水器/净水设备及配件耗材,净水器,	,S2508151538001,	,	,	,无售后或售后取消,,	,	,,,,,,,否,否,	,否,	,,764.28	,0.0	,0.0	,100.0	,0.0	,0.0	,0.0	,0.0	,664.28	,764.28	,	,	,****,****,****,****,,否,否,	,	,	,否,	,	,	,	,	,	,	,	,	,	,	,	,否,否,	,否,	,,	,否,	,否,,,否
【重磅新品】云米净水器600G小海豚升级版厨下式RO反渗透直饮家用,251125-224374372772564,已取消,1	,正常,	,	,,	,	,225501370546	,小海豚600G,1813468330532	,厨房电器,净水器/净水设备及配件耗材,净水器,	,6923185653684	,6923185616399	,	,	,无售后或售后取消,,	,	,,,,,,,否,否,	,否,	,,559.0	,0.0	,0.0	,0.0	,0.0	,0.0	,0.0	,0.0	,559.0	,559.0	,	,	,****,****,****,****,,否,否,	,	,	,否,	,	,	,	,	,	,	,	,	,	,	,	,否,否,	,否,	,,	,否,	,否,,,否
【重磅新品】云米净水器600G小海豚升级版厨下式RO反渗透直饮家用,251125-106682182043428,未发货，退款成功,1	,正常,2025-11-25 06:22:44,2025-11-26 06:22:44,,	,	,225501370546	,小海豚600G,1813468330532	,厨房电器,净水器/净水设备及配件耗材,净水器,	,6923185653684	,6923185616399	,ZX2511250061372待拦截11.25诚,	,退款成功,,2025-11-25 06:22:44,	,,,,,,,否,否,	,否,	,,559.0	,0.0	,0.0	,0.0	,0.2	,0.0	,0.0	,0.0	,559.0	,559.0	,	,	,浙江省,温州市,乐清市,,,否,否,	,	,	,否,	,	,	,	,	,	,	,	,	,	,	,	,否,否,	,否,否,,	,否,	,否,,,否
【重磅新品】云米净水器600G小海豚升级版厨下式RO反渗透直饮家用,251125-555577525843776,未发货，退款成功,1	,正常,2025-11-25 06:04:29,2025-11-26 06:04:29,2025-11-26 23:59:59,	,	,225501370546	,小海豚600G,1813468330532	,厨房电器,净水器/净水设备及配件耗材,净水器,	,6923185653684	,6923185616399	,ZX2511250061372待拦截11.25诚,	,退款成功,,2025-11-25 06:04:29,	,,,,,,,否,否,	,否,	,,559.0	,0.0	,0.0	,33.54	,0.0	,0.0	,0.0	,0.0	,525.46	,559.0	,	,	,浙江省,杭州市,萧山区,,,否,否,	,	,	,否,	,	,	,	,	,	,	,	,	,	,	,	,否,否,	,否,否,,	,否,	,否,,,否
云米AI燃气热水器 智控恒温防冻节能安全水质净化精准控温13L强排,251125-609044436593848,未发货，退款成功,1	,正常,2025-11-25 03:58:10,2025-11-26 03:58:10,,	,	,774960777953	,智控恒温燃气热水器,1756760299679	,大家电,热水器,燃气热水器,	,6923185655688	,6923185655688	,聚水潭已取消发货，仅退款  诚11.25,	,退款成功,,2025-11-25 03:58:10,	,,,,,,,否,否,	,否,	,,593.0	,0.0	,0.0	,20.0	,0.0	,0.0	,0.0	,0.0	,573.0	,593.0	,	,	,广东省,广州市,天河区,,,否,否,	,	,	,否,	,	,	,	,	,	,	,	,	,	,	,	,否,否,	,否,否,,	,否,	,否,,,否
【重磅新品】云米净水器600G小海豚升级版厨下式RO反渗透直饮家用,251125-458395512330597,已取消,1	,正常,	,	,,	,	,225501370546	,小海豚600G,1813468330532	,厨房电器,净水器/净水设备及配件耗材,净水器,	,6923185653684	,6923185616399	,	,	,无售后或售后取消,,	,	,,,,,,,否,否,	,否,	,,559.0	,0.0	,0.0	,0.0	,0.0	,0.0	,0.0	,0.0	,559.0	,559.0	,	,	,****,****,****,****,,否,否,	,	,	,否,	,	,	,	,	,	,	,	,	,	,	,	,否,否,	,否,	,,	,否,	,否,,,否
云米即热净水器厨房家用直饮RO反渗透加热净饮一体机1000G,251125-137866821961004,已收货，退款成功,1	,正常,2025-11-25 03:23:44,2025-11-26 03:23:45,2025-11-26 23:59:59,2025-11-25 14:43:04,2025-11-27 16:56:05,846360072018	,即热直饮 1000G大通量,1807240839093	,厨房电器,净水器/净水设备及配件耗材,净水器,	,6923185651116	,6923185651116	,差价144仅退款 [viomi莉莉sk 11/26 21:01],	,退款成功,,2025-11-25 03:23:45,	,,,,,,,否,否,	,否,	,,1439.0	,0.0	,0.0	,0.0	,0.0	,0.0	,0.0	,0.0	,1439.0	,1439.0	,JDV024243357167,京东大件物流,广东省,佛山市,南海区,,,否,否,	,	,	,否,	,	,	,	,	,	,	,	,	,	,	,	,否,否,	,否,否,,	,否,	,否,,,否
云米净水器滤芯小蓝调小海豚600G+专用复合滤芯RO反渗透滤芯过滤,251125-150208571742607,已发货，待收货,2	,正常,2025-11-25 01:59:26,2025-12-26 01:59:26,,2025-11-25 09:49:44,	,296967601341	,5in1复合滤芯 2年长效,1600193054565	,厨房电器,净水器/净水设备及配件耗材,净水器配件耗材,	,6923185627425	,	,	,	,无售后或售后取消,,2025-11-25 01:59:26,	,,,,,,,否,否,	,否,	,,598.0	,0.0	,5.98	,0.0	,0.0	,0.0	,0.0	,0.0	,592.02	,592.02	,JDV024242503348,京东大件物流,广东省,汕头市,金平区,,,否,否,	,	,	,否,	,	,	,	,	,	,	,	,	,	,	,	,否,否,	,否,否,,	,否,	,否,,,否
【重磅新品】云米净水器600G小海豚升级版厨下式RO反渗透直饮家用,251125-365628014942607,待发货,1	,正常,2025-11-25 01:57:48,2025-12-26 01:57:48,,	,	,225501370546	,小海豚600G,1813468330532	,厨房电器,净水器/净水设备及配件耗材,净水器,	,6923185653684	,6923185616399	,	,	,无售后或售后取消,,2025-11-25 01:57:48,	,,,,,,,否,否,	,否,	,,559.0	,0.0	,0.0	,100.0	,0.0	,0.0	,0.0	,0.0	,459.0	,559.0	,	,	,广东省,汕头市,金平区,,,否,否,	,	,	,否,	,	,	,	,	,	,	,	,	,	,	,	,否,否,	,否,否,,	,否,	,否,,,否
【母婴直饮】云米净水器 SE 600G+ 新升级厨下式RO反渗透直饮家用,251125-350161539413270,已取消,1	,正常,	,	,,	,	,819506595979	,【24年新品】600G升级版6年长效,1787046011387	,厨房电器,净水器/净水设备及配件耗材,净水器,	,6923185653684	,6923185616399	,	,	,无售后或售后取消,,	,	,,,,,,,否,否,	,否,	,,748.0	,0.0	,129.6	,100.0	,0.0	,0.0	,0.0	,0.0	,518.4	,618.4	,	,	,****,****,****,****,,否,否,	,	,	,否,	,	,	,	,	,	,	,	,	,	,	,	,否,否,	,否,	,,	,否,	,否,,,否
【重磅新品】云米净水器600G小海豚升级版厨下式RO反渗透直饮家用,251125-588670636391960,已发货，待收货,1	,正常,2025-11-25 00:56:38,2025-11-26 00:56:39,,2025-11-25 09:50:28,	,225501370546	,小海豚600G,1813468330532	,厨房电器,净水器/净水设备及配件耗材,净水器,	,6923185653684	,6923185616399	,TH2C454937956  SF3263816866257 待退回佛山11.28,	,售后处理中,,2025-11-25 00:56:39,	,,,,,,,否,否,	,否,	,,559.0	,0.0	,0.0	,0.0	,0.0	,0.0	,0.0	,0.0	,559.0	,559.0	,JDV024242511654,京东大件物流,广东省,深圳市,罗湖区,,,否,否,	,	,	,否,	,	,	,	,	,	,	,	,	,	,	,	,否,否,	,否,是,3	,商家,否,	,否,,花呗分期,否
云米60升AI速热高温抑菌电热水器3000W一级节能变频增容家用租房,251125-587789812141293,已发货，待收货,1	,正常,2025-11-25 00:54:27,2025-11-26 00:54:28,,2025-11-25 11:59:31,	,226368376224	,3000W速热安全60L热水器,1737176648260	,大家电,热水器,电热水器,	,6923185602224	,6923185602224	,	,	,无售后或售后取消,,2025-11-25 00:54:28,	,,,,,,,否,否,	,否,	,,654.0	,0.0	,33.0	,55.89	,1.13	,0.0	,0.0	,0.0	,565.11	,621.0	,JDV024242542048,京东大件物流,广西壮族自治区,贺州市,八步区,,,否,否,	,	,	,否,	,	,	,	,	,	,	,	,	,	,	,	,否,否,	,否,否,,	,否,	,否,,,否
云米顶侧大吸力蓝调油烟机家用厨房节能自清洁一级能效可挥手智控,251125-337693981022093,已发货，待收货,1	,正常,2025-11-25 00:42:57,2025-11-26 00:42:57,,2025-11-25 14:43:05,	,657344402006	,云米智清洁挥手智控单烟机,1723825075586	,大家电,厨房大电,油烟机,	,6923185650973	,6923185650973	,15307188819安装 [viomi英英sk 11/28 14:35],	,无售后或售后取消,,2025-11-25 00:42:57,	,,,,,,,否,否,	,否,	,,838.0	,0.0	,42.0	,50.0	,0.0	,0.0	,0.0	,0.0	,746.0	,796.0	,JDV024247054539,京东大件物流,湖北省,武汉市,黄陂区,,,否,否,	,	,	,否,	,	,	,	,	,	,	,	,	,	,	,	,否,否,	,否,否,,	,否,	,否,,,否
VIOMI云米净水器大通量小海豚800G反渗透RO厨下式家用长效滤芯,251125-040275842701207,已取消,1	,正常,	,	,,	,	,837957770723	,800G大通量纯水机,1809123722986	,厨房电器,净水器/净水设备及配件耗材,净水器,	,6923185653974	,	,	,	,无售后或售后取消,,	,	,,,,,,,否,否,	,否,	,,749.0	,0.0	,0.0	,100.0	,0.0	,0.0	,0.0	,0.0	,649.0	,749.0	,	,	,****,****,****,****,,否,否,	,	,	,否,	,	,	,	,	,	,	,	,	,	,	,	,否,否,	,否,	,,	,否,	,否,,,否
【母婴直饮】云米净水器 SE 600G+ 新升级厨下式RO反渗透直饮家用,251125-160725789010489,已收货,1	,正常,2025-11-25 00:27:41,2025-11-26 00:27:41,,2025-11-25 09:49:44,2025-11-28 16:37:20,819506595979	,【24年新品】600G升级版6年长效,1787046011387	,厨房电器,净水器/净水设备及配件耗材,净水器,	,6923185653684	,6923185616399	,	,	,无售后或售后取消,,2025-11-25 00:27:41,	,,,,,,,否,否,	,否,	,,748.0	,0.0	,136.6	,65.0	,0.0	,0.0	,0.0	,0.0	,546.4	,611.4	,JDV024242503131,京东大件物流,甘肃省,武威市,凉州区,,,否,否,	,	,	,否,	,	,	,	,	,	,	,	,	,	,	,	,否,否,	,否,是,3	,商家,否,	,否,,信用卡分期,否
VIOMI云米净水器600G小蓝调厨下式RO反渗透直饮家用6年长效,251125-046934279821207,已取消,1	,正常,	,	,,	,	,850883552953	,RO反渗透除去重金属,1811278299045	,厨房电器,净水器/净水设备及配件耗材,净水器,	,6923185653592	,6923185653592	,	,	,无售后或售后取消,,	,	,,,,,,,否,否,	,否,	,,639.19	,0.0	,0.0	,100.0	,0.0	,0.0	,0.0	,0.0	,539.19	,639.19	,	,	,****,****,****,****,,否,否,	,	,	,否,	,	,	,	,	,	,	,	,	,	,	,	,否,否,	,否,	,,	,否,	,否,,,否
VIOMI云米净水器600G小蓝调厨下式RO反渗透直饮家用6年长效,251125-638341629581207,已取消,1	,正常,	,	,,	,	,850883552953	,RO反渗透除去重金属,1811278299045	,厨房电器,净水器/净水设备及配件耗材,净水器,	,6923185653592	,6923185653592	,	,	,无售后或售后取消,,	,	,,,,,,,否,否,	,否,	,,639.19	,0.0	,0.0	,100.0	,0.0	,0.0	,0.0	,0.0	,539.19	,639.19	,	,	,****,****,****,****,,否,否,	,	,	,否,	,	,	,	,	,	,	,	,	,	,	,	,否,否,	,否,	,,	,否,	,否,,,否
云米即热净水器厨房家用直饮RO反渗透加热净饮一体机1000G,251125-639306371361019,已发货，待收货,1	,正常,2025-11-25 00:16:12,2025-11-26 00:16:12,,2025-11-25 09:49:45,	,846360072018	,即热直饮 1000G大通量,1807240839093	,厨房电器,净水器/净水设备及配件耗材,净水器,	,6923185651116	,6923185651116	,	,	,无售后或售后取消,,2025-11-25 00:16:12,	,,,,,,,否,否,	,否,	,,1439.0	,0.0	,0.0	,71.95	,0.0	,0.0	,0.0	,0.0	,1367.05	,1439.0	,JDV024242482483,京东大件物流,天津市,天津市,宝坻区,,,否,否,	,	,	,否,	,	,	,	,	,	,	,	,	,	,	,	,否,否,	,否,否,,	,否,	,否,,,否
云米顶侧大吸力蓝调油烟机家用厨房节能自清洁一级能效可挥手智控,251125-161921175863404,已取消,1	,正常,	,	,,	,	,657344402006	,云米智清洁挥手智控单烟机,1723825075586	,大家电,厨房大电,油烟机,	,6923185650973	,6923185650973	,	,	,无售后或售后取消,,	,	,,,,,,,否,否,	,否,	,,838.0	,0.0	,42.0	,0.0	,0.0	,0.0	,0.0	,0.0	,796.0	,796.0	,	,	,****,****,****,****,,否,否,	,	,	,否,	,	,	,	,	,	,	,	,	,	,	,	,否,否,	,否,	,,	,否,	,否,,,否
【母婴直饮】云米净水器 SE 600G+ 新升级厨下式RO反渗透直饮家用,251125-101837708953003,已取消,1	,正常,	,	,,	,	,819506595979	,【24年新品】600G升级版6年长效,1787046011387	,厨房电器,净水器/净水设备及配件耗材,净水器,	,6923185653684	,6923185616399	,	,	,无售后或售后取消,,	,	,,,,,,,否,否,	,否,	,,748.0	,0.0	,129.6	,100.0	,0.0	,0.0	,0.0	,0.0	,518.4	,618.4	,	,	,****,****,****,****,,否,否,	,	,	,否,	,	,	,	,	,	,	,	,	,	,	,	,否,否,	,否,	,,	,否,	,否,,,否
【重磅新品】云米净水器600G小海豚升级版厨下式RO反渗透直饮家用,251124-132288355983679,已发货，待收货,1	,正常,2025-11-24 23:59:49,2025-11-25 23:59:49,,2025-11-25 09:50:28,	,225501370546	,小海豚600G,1813468330532	,厨房电器,净水器/净水设备及配件耗材,净水器,	,6923185653684	,6923185616399	,	,	,无售后或售后取消,,2025-11-24 23:59:49,	,,,,,,,否,否,	,否,	,,559.0	,0.0	,0.0	,50.0	,0.0	,0.0	,0.0	,0.0	,509.0	,559.0	,JDV024241535675,京东大件物流,山西省,太原市,迎泽区,,,否,否,	,	,	,否,	,	,	,	,	,	,	,	,	,	,	,	,否,否,	,否,是,3	,商家,否,	,否,,信用卡分期,否
云米智能电热水器小蓝调节能变频速热家用浴室洗澡抑菌50L/60L,251124-429842839963710,未发货，退款成功,1	,正常,2025-11-24 23:59:26,2025-11-25 23:59:26,,	,	,434684719975	,安全保护8倍增容大水量50L,1733881750461	,大家电,热水器,电热水器,	,6923185649076	,	,聚水潭已取消发货，仅退款  诚11.25,	,退款成功,,2025-11-24 23:59:26,	,,,,,,,否,否,	,否,	,,599.0	,0.0	,0.0	,0.0	,0.0	,0.0	,0.0	,0.0	,599.0	,599.0	,	,	,广东省,佛山市,顺德区,,,否,否,	,	,	,否,	,	,	,	,	,	,	,	,	,	,	,	,是,是,	,否,否,,	,否,	,否,,,否
【重磅新品】云米净水器600G小海豚升级版厨下式RO反渗透直饮家用,251124-109439957403710,未发货，退款成功,1	,正常,2025-11-24 23:57:46,2025-11-25 23:57:46,,	,	,225501370546	,小海豚600G,1813468330532	,厨房电器,净水器/净水设备及配件耗材,净水器,	,6923185653684	,6923185616399	,聚水潭已取消发货，仅退款  诚11.25,	,退款成功,,2025-11-24 23:57:46,	,,,,,,,否,否,	,否,	,,559.0	,0.0	,0.0	,0.0	,0.0	,0.0	,0.0	,0.0	,559.0	,559.0	,	,	,广东省,佛山市,顺德区,,,否,否,	,	,	,否,	,	,	,	,	,	,	,	,	,	,	,	,是,是,	,否,否,,	,否,	,否,,,否
【重磅新品】云米净水器600G小海豚升级版厨下式RO反渗透直饮家用,251124-014229214822768,已发货，待收货,1	,正常,2025-11-24 23:40:51,2025-11-25 23:40:52,2025-11-26 23:59:59,2025-11-25 09:50:28,	,225501370546	,小海豚600G,1813468330532	,厨房电器,净水器/净水设备及配件耗材,净水器,	,6923185653684	,6923185616399	,	,	,无售后或售后取消,,2025-11-24 23:40:52,	,,,,,,,否,否,	,否,	,,559.0	,0.0	,0.0	,0.0	,1.11	,0.0	,0.0	,0.0	,559.0	,559.0	,JDV024242462522,京东大件物流,广东省,深圳市,宝安区,,,否,否,	,	,	,否,	,	,	,	,	,	,	,	,	,	,	,	,否,否,	,否,否,,	,否,	,否,,,否
【重磅新品】云米净水器600G小海豚升级版厨下式RO反渗透直饮家用,251124-282664640113823,已发货，待收货,1	,正常,2025-11-24 23:30:25,2025-11-25 23:30:25,,2025-11-25 09:50:28,	,225501370546	,小海豚600G,1813468330532	,厨房电器,净水器/净水设备及配件耗材,净水器,	,6923185653684	,6923185616399	,	,	,无售后或售后取消,,2025-11-24 23:30:25,	,,,,,,,否,否,	,否,	,,559.0	,0.0	,0.0	,0.0	,0.0	,0.0	,0.0	,0.0	,559.0	,559.0	,JDV024242503105,京东大件物流,湖北省,武汉市,东西湖区,,,否,否,	,	,	,否,	,	,	,	,	,	,	,	,	,	,	,	,否,否,	,否,否,,	,否,	,否,,,否
【6年套装】云米净水器600G小海豚升级版厨下式RO反渗透直饮家用,251124-179348498773195,已取消,1	,正常,	,	,,	,	,852932116812	,小海豚600G+6年滤芯套装,1812983769340	,厨房电器,净水器/净水设备及配件耗材,净水器,	,S2508151538001,	,	,	,无售后或售后取消,,	,	,,,,,,,否,否,	,否,	,,764.28	,0.0	,0.0	,0.0	,0.0	,0.0	,0.0	,0.0	,764.28	,764.28	,	,	,****,****,****,****,,否,否,	,	,	,否,	,	,	,	,	,	,	,	,	,	,	,	,否,否,	,否,	,,	,否,	,否,,,否
【重磅新品】云米净水器600G小海豚升级版厨下式RO反渗透直饮家用,251124-158817359472200,已取消,1	,正常,	,	,,	,	,225501370546	,小海豚600G,1813468330532	,厨房电器,净水器/净水设备及配件耗材,净水器,	,6923185653684	,6923185616399	,	,	,无售后或售后取消,,	,	,,,,,,,否,否,	,否,	,,559.0	,0.0	,0.0	,0.0	,0.0	,0.0	,0.0	,0.0	,559.0	,559.0	,	,	,****,****,****,****,,否,否,	,	,	,否,	,	,	,	,	,	,	,	,	,	,	,	,否,否,	,否,	,,	,否,	,否,,,否
Viomi云米净水器1000G厨下式RO反渗透直饮过滤器净饮小海豚2,251124-129499185443350,未发货，退款成功,1	,正常,2025-11-24 22:37:34,2025-11-25 22:37:34,,	,	,205458105137	,小海豚2包安装1000G大加仑,1802849942800	,厨房电器,净水器/净水设备及配件耗材,净水器,	,6923185654865	,	,聚水潭已取消发货，仅退款  诚11.25,	,退款成功,,2025-11-24 22:37:34,	,,,,,,,否,否,	,否,	,,999.0	,0.0	,100.0	,50.0	,0.0	,0.0	,0.0	,0.0	,849.0	,899.0	,	,	,河北省,廊坊市,霸州市,,,否,否,	,	,	,否,	,	,	,	,	,	,	,	,	,	,	,	,否,是,	,否,否,,	,否,	,否,,,否
【重磅新品】云米净水器600G小海豚升级版厨下式RO反渗透直饮家用,251124-482219148880156,已取消,1	,正常,	,	,,	,	,225501370546	,小海豚600G,1813468330532	,厨房电器,净水器/净水设备及配件耗材,净水器,	,6923185653684	,6923185616399	,	,	,无售后或售后取消,,	,	,,,,,,,否,否,	,否,	,,559.0	,0.0	,0.0	,0.0	,0.0	,0.0	,0.0	,0.0	,559.0	,559.0	,	,	,****,****,****,****,,否,否,	,	,	,否,	,	,	,	,	,	,	,	,	,	,	,	,否,否,	,否,	,,	,否,	,否,,,否
【重磅新品】云米净水器600G小海豚升级版厨下式RO反渗透直饮家用,251124-619509204560156,已收货,1	,正常,2025-11-24 22:34:23,2025-11-25 22:34:23,,2025-11-25 09:50:29,2025-11-28 07:00:54,225501370546	,小海豚600G,1813468330532	,厨房电器,净水器/净水设备及配件耗材,净水器,	,6923185653684	,6923185616399	,	,	,无售后或售后取消,,2025-11-24 22:34:23,	,,,,,,,否,否,	,否,	,,559.0	,0.0	,0.0	,0.0	,0.0	,0.0	,0.0	,0.0	,559.0	,559.0	,JDV024242482466,京东大件物流,云南省,昆明市,宜良县,,,否,否,	,	,	,否,	,	,	,	,	,	,	,	,	,	,	,	,否,否,	,否,否,,	,否,	,否,,,否
【冷热直饮套装】云米净水器家用厨下管线机套装一键即热制冷直饮,251124-354345367962656,已取消,1	,正常,	,	,,	,	,480070620581	,【冷热净水直饮套装】新品净水器+冷热管线机,1620106386127	,厨房电器,净水器/净水设备及配件耗材,净水器,	,S2407170910001,	,	,	,无售后或售后取消,,	,	,,,,,,,否,否,	,否,	,,1434.0	,0.0	,0.0	,20.0	,0.0	,0.0	,0.0	,0.0	,1414.0	,1434.0	,	,	,****,****,****,****,,否,否,	,	,	,否,	,	,	,	,	,	,	,	,	,	,	,	,否,否,	,否,	,,	,否,	,否,,,否
云米净饮机X2系列滤芯X2mini mango复合滤芯5in1/6in1 RO反渗透,251124-049408929380266,已发货，待收货,1	,正常,2025-11-24 22:21:04,2025-11-26 22:21:04,,2025-11-25 09:49:45,	,243153009643	,X2mini/mango 6合1滤芯,1360803955963	,厨房电器,净水器/净水设备及配件耗材,净水器配件耗材,	,6923185623281	,6923185614258	,	,	,无售后或售后取消,,2025-11-24 22:21:04,	,,,,,,,否,否,	,否,	,,319.0	,0.0	,0.0	,15.0	,0.2	,0.0	,0.0	,0.0	,304.0	,319.0	,JDV024242462180,京东大件物流,河南省,许昌市,魏都区,,,否,否,	,	,	,否,	,	,	,	,	,	,	,	,	,	,	,	,否,否,	,否,否,,	,否,	,否,,,否
【重磅新品】云米净水器600G小海豚升级版厨下式RO反渗透直饮家用,251124-454882792982268,已取消,1	,正常,	,	,,	,	,225501370546	,小海豚600G,1813468330532	,厨房电器,净水器/净水设备及配件耗材,净水器,	,6923185653684	,6923185616399	,	,	,无售后或售后取消,,	,	,,,,,,,否,否,	,否,	,,559.0	,0.0	,0.0	,100.0	,0.0	,0.0	,0.0	,0.0	,459.0	,559.0	,	,	,****,****,****,****,,否,否,	,	,	,否,	,	,	,	,	,	,	,	,	,	,	,	,否,否,	,否,	,,	,否,	,否,,,否
【重磅新品】云米净水器600G小海豚升级版厨下式RO反渗透直饮家用,251124-630162746932582,已发货，待收货,1	,正常,2025-11-24 22:04:01,2025-11-25 22:04:01,,2025-11-25 09:50:29,	,225501370546	,小海豚600G,1813468330532	,厨房电器,净水器/净水设备及配件耗材,净水器,	,6923185653684	,6923185616399	,	,	,无售后或售后取消,,2025-11-24 22:04:01,	,,,,,,,否,否,	,否,	,,559.0	,0.0	,0.0	,50.0	,0.2	,0.0	,0.0	,0.0	,509.0	,559.0	,JDV024240410181,京东大件物流,辽宁省,沈阳市,铁西区,,,否,否,	,	,	,否,	,	,	,	,	,	,	,	,	,	,	,	,否,否,	,否,否,,	,否,	,否,,,否
云米电热水器50/60升洗澡家用浴室速热大容量省电防漏电安全保温,251124-312528105061679,已发货，待收货,1	,正常,2025-11-24 21:58:24,2025-11-25 21:58:24,,2025-11-25 13:43:09,	,436320010098	,"速热长效保温安全电热水器,60L【3-4人】",1756921788833	,大家电,热水器,电热水器,	,6923185614937	,6923185614920	,	,	,无售后或售后取消,,2025-11-24 21:58:24,	,,,,,,,否,否,	,否,	,,586.0	,0.0	,30.0	,20.0	,0.0	,0.0	,0.0	,0.0	,536.0	,556.0	,JDLD12915251457,京东大件物流,广东省,惠州市,博罗县,,,否,否,	,	,	,否,	,	,	,	,	,	,	,	,	,	,	,	,否,否,	,否,否,,	,否,	,否,,,否
【重磅新品】云米净水器600G小海豚升级版厨下式RO反渗透直饮家用,251124-661158674752275,已取消,1	,正常,	,	,,	,	,225501370546	,小海豚600G,1813468330532	,厨房电器,净水器/净水设备及配件耗材,净水器,	,6923185653684	,6923185616399	,	,	,无售后或售后取消,,	,	,,,,,,,否,否,	,否,	,,559.0	,0.0	,0.0	,33.54	,0.0	,0.0	,0.0	,0.0	,525.46	,559.0	,	,	,****,****,****,****,,否,否,	,	,	,否,	,	,	,	,	,	,	,	,	,	,	,	,否,否,	,否,	,,	,否,	,否,,,否
Viomi云米净水器1000G厨下式RO反渗透直饮过滤器净饮小海豚2,251124-652486940223718,已取消,1	,正常,	,	,,	,	,205458105137	,小海豚2包安装1000G大加仑,1802849942800	,厨房电器,净水器/净水设备及配件耗材,净水器,	,6923185654865	,	,	,	,无售后或售后取消,,	,	,,,,,,,否,否,	,否,	,,999.0	,0.0	,100.0	,40.0	,0.0	,0.0	,0.0	,0.0	,859.0	,899.0	,	,	,****,****,****,****,,否,否,	,	,	,否,	,	,	,	,	,	,	,	,	,	,	,	,否,否,	,否,	,,	,否,	,否,,,否
云米智能电热水器小蓝调节能变频速热家用浴室洗澡抑菌50L/60L,251124-295425872240591,已发货，待收货,1	,正常,2025-11-24 21:33:19,2025-11-25 21:33:19,,2025-11-25 09:49:45,	,434684719975	,安全保护8倍增容大水量50L,1733881750461	,大家电,热水器,电热水器,	,6923185649076	,	,	,	,无售后或售后取消,,2025-11-24 21:33:19,	,,,,,,,否,否,	,否,	,,599.0	,0.0	,0.0	,0.0	,0.0	,0.0	,0.0	,0.0	,599.0	,599.0	,JDV024242482089,京东大件物流,辽宁省,锦州市,凌河区,,,否,否,	,	,	,否,	,	,	,	,	,	,	,	,	,	,	,	,否,否,	,否,否,,	,否,	,否,,,否
云米全自动智能马桶2Pro一体座圈加热妇洗泡沫盾抗菌可冲洗带水箱,251124-333614968392877,已收货,1	,正常,2025-11-24 21:12:56,2025-11-25 21:12:56,,2025-11-25 13:43:02,2025-11-29 08:44:06,248791771968	,"300mm,【大冲力】多种冲洗模式",1752476543651	,家装主材,卫浴陶瓷,智能坐便器,	,6923185654575	,	,13520106788安装 [viomi英英sk 11/28 11:44],	,无售后或售后取消,,2025-11-24 21:12:56,	,,,,,,,否,否,	,否,	,,2374.0	,0.0	,0.0	,180.0	,0.0	,0.0	,0.0	,0.0	,2194.0	,2374.0	,JDLD12915251978,京东大件物流,北京市,北京市,海淀区,,,否,否,	,	,	,否,	,	,	,	,	,	,	,	,	,	,	,	,否,是,	,否,否,,	,否,	,否,,,否
云米电热水器免换镁棒1级能效钛芯防护抑菌内胆免清洗3000W速热,251124-541579077991003,已取消,1	,正常,	,	,,	,	,215513269171	,"【免更换镁棒技术】抑菌健康洗,60L",1757655804683	,大家电,热水器,电热水器,	,6923185611899	,镁棒50/60L,	,	,无售后或售后取消,,	,	,,,,,,,否,否,	,否,	,,889.0	,0.0	,0.0	,0.0	,0.0	,0.0	,0.0	,0.0	,889.0	,889.0	,	,	,****,****,****,****,,否,否,	,	,	,否,	,	,	,	,	,	,	,	,	,	,	,	,是,否,	,否,	,,	,否,	,否,,,否
云米超薄零嵌510L大容量冰箱美妆舱底部散热一级变频双开门风冷,251124-230718215732985,未发货，退款成功,1	,正常,2025-11-24 20:51:35,2025-11-25 20:51:35,,	,	,791519887797	,风冷无霜一级变频冰箱【超薄平嵌】,1769160148095	,大家电,冰箱,嵌入式冰箱,	,6975525840551	,	,聚水潭已取消发货 已退款 卫11.24,	,退款成功,,2025-11-24 20:51:35,	,,,,,,,否,否,	,否,	,,2789.0	,0.0	,0.0	,0.0	,0.0	,0.0	,0.0	,0.0	,2789.0	,2789.0	,	,	,河北省,邯郸市,永年区,,,否,否,	,	,	,否,	,	,	,	,	,	,	,	,	,	,	,	,否,否,	,否,否,,	,否,	,否,,,否
云米60升AI速热高温抑菌电热水器3000W一级节能变频增容家用租房,251124-629774815661293,已取消,1	,正常,	,	,,	,	,226368376224	,3000W速热安全60L热水器,1737176648260	,大家电,热水器,电热水器,	,6923185602224	,6923185602224	,	,	,无售后或售后取消,,	,	,,,,,,,否,否,	,否,	,,654.0	,0.0	,33.0	,26.0	,0.0	,0.0	,0.0	,0.0	,595.0	,621.0	,	,	,****,****,****,****,,否,否,	,	,	,否,	,	,	,	,	,	,	,	,	,	,	,	,否,否,	,否,	,,	,否,	,否,,,否
云米净水器滤芯家用小海豚小蓝调小白龙系列专用RO反渗透,251124-474637986121560,已发货，待收货,1	,正常,2025-11-24 20:43:06,2025-11-26 20:43:06,,2025-11-25 09:49:46,	,232467205433	,5in1 复合滤芯,1647394585330	,厨房电器,净水器/净水设备及配件耗材,净水器配件耗材,	,6923185627425	,	,补差后返到手价109,	,无售后或售后取消,,2025-11-24 20:43:06,	,,,,,,,否,否,	,否,	,,149.0	,0.0	,0.0	,6.0	,0.0	,0.0	,0.0	,0.0	,143.0	,149.0	,JDV024238919975,京东大件物流,内蒙古自治区,锡林郭勒盟,锡林浩特市,,,否,否,	,	,	,否,	,	,	,	,	,	,	,	,	,	,	,	,否,否,	,否,否,,	,否,	,否,,,否
云米净水器滤芯家用小海豚小蓝调小白龙系列专用RO反渗透,251124-149883513122944,已收货，退款成功,1	,正常,2025-11-24 20:30:32,2025-11-26 20:30:32,,2025-11-25 09:49:45,2025-11-27 10:25:56,232467205433	,5in1 复合滤芯,1647394585330	,厨房电器,净水器/净水设备及配件耗材,净水器配件耗材,	,6923185627425	,	,补差后返到手价109===已退40 [viomi诺诺sk 11/27 10:29],	,退款成功,,2025-11-24 20:30:32,	,,,,,,,否,否,	,否,	,,149.0	,0.0	,0.0	,0.0	,0.0	,0.0	,0.0	,0.0	,149.0	,149.0	,JDV024242541156,京东大件物流,广东省,梅州市,兴宁市,,,否,否,	,	,	,否,	,	,	,	,	,	,	,	,	,	,	,	,否,是,	,否,否,,	,否,	,否,,,否
云米电热水器50/60升洗澡家用浴室速热大容量省电防漏电安全保温,251124-209820137910968,已收货,1	,正常,2025-11-24 20:30:28,2025-11-25 20:30:28,,2025-11-25 14:56:58,2025-11-28 13:59:31,436320010098	,"速热长效保温安全电热水器,60L【3-4人】",1756921788833	,大家电,热水器,电热水器,	,6923185614937	,6923185614920	,	,	,无售后或售后取消,,2025-11-24 20:30:28,	,,,,,,,否,否,	,否,	,,586.0	,0.0	,30.0	,20.0	,0.0	,0.0	,0.0	,0.0	,536.0	,556.0	,JDLD12915259986,京东大件物流,浙江省,杭州市,萧山区,,,否,否,	,	,	,否,	,	,	,	,	,	,	,	,	,	,	,	,否,否,	,否,否,,	,否,	,否,,,否
【重磅新品】云米净水器600G小海豚升级版厨下式RO反渗透直饮家用,251124-293318224272707,已发货，待收货,1	,正常,2025-11-24 20:27:18,2025-11-25 20:27:18,,2025-11-26 15:02:44,	,225501370546	,小海豚600G,1813468330532	,厨房电器,净水器/净水设备及配件耗材,净水器,	,6923185653684	,6923185616399	,地址超区=18547134511安装 [viomi慧慧sk 11/27 17:48]=超 [viomi慧慧sk 11/27 19:56],	,售后处理中,,2025-11-24 20:27:18,	,,,,,,,否,否,	,否,	,,559.0	,0.0	,0.0	,0.0	,1.11	,0.0	,0.0	,0.0	,559.0	,559.0	,JDV024265485116,京东大件物流,内蒙古自治区,呼和浩特市,新城区,,,否,否,	,	,	,否,	,	,	,	,	,	,	,	,	,	,	,	,否,否,	,否,否,,	,否,	,否,,,否
【重磅新品】云米净水器600G小海豚升级版厨下式RO反渗透直饮家用,251124-463260957072707,未发货，退款成功,1	,正常,2025-11-24 20:24:25,2025-11-25 20:24:25,,	,	,225501370546	,小海豚600G,1813468330532	,厨房电器,净水器/净水设备及配件耗材,净水器,	,6923185653684	,6923185616399	,聚水潭已取消发货 已退款 卫11.24,	,退款成功,,2025-11-24 20:24:25,	,,,,,,,否,否,	,否,	,,559.0	,0.0	,0.0	,5.0	,0.0	,0.0	,0.0	,0.0	,554.0	,559.0	,	,	,内蒙古自治区,呼和浩特市,新城区,,,否,否,	,	,	,否,	,	,	,	,	,	,	,	,	,	,	,	,否,否,	,否,否,,	,否,	,否,,,否
云米AI燃气热水器 智控恒温防冻节能安全水质净化精准控温13L强排,251124-258411139473188,未发货，退款成功,1	,正常,2025-11-24 20:15:07,2025-11-25 20:15:07,,	,	,774960777953	,智控恒温燃气热水器,1756760299679	,大家电,热水器,燃气热水器,	,6923185655688	,6923185655688	,聚水潭已取消发货 已退款 卫11.24,	,退款成功,,2025-11-24 20:15:07,	,,,,,,,否,否,	,否,	,,593.0	,0.0	,0.0	,29.65	,0.0	,0.0	,0.0	,0.0	,563.35	,593.0	,	,	,广东省,湛江市,赤坎区,,,否,否,	,	,	,否,	,	,	,	,	,	,	,	,	,	,	,	,否,否,	,否,否,,	,否,	,否,,,否
【重磅新品】云米净水器600G小海豚升级版厨下式RO反渗透直饮家用,251124-118782727824052,已取消,1	,正常,	,	,,	,	,225501370546	,小海豚600G,1813468330532	,厨房电器,净水器/净水设备及配件耗材,净水器,	,6923185653684	,6923185616399	,	,	,无售后或售后取消,,	,	,,,,,,,否,否,	,否,	,,559.0	,0.0	,0.0	,0.0	,0.0	,0.0	,0.0	,0.0	,559.0	,559.0	,	,	,****,****,****,****,,否,否,	,	,	,否,	,	,	,	,	,	,	,	,	,	,	,	,否,否,	,否,	,,	,否,	,否,,,否
云米小厨宝6L电热水器厨房卫生间出水恒温储水式小型速热神器加热,251124-200026437931455,已取消,1	,正常,	,	,,	,	,208073193570	,热水即刻有-【6L】,1801828025682	,大家电,热水器,厨宝,	,6923185611233	,6923185611233	,	,	,无售后或售后取消,,	,	,,,,,,,否,否,	,否,	,,279.0	,0.0	,14.0	,23.85	,0.0	,0.0	,0.0	,0.0	,241.15	,265.0	,	,	,****,****,****,****,,否,否,	,	,	,否,	,	,	,	,	,	,	,	,	,	,	,	,否,否,	,否,	,,	,否,	,否,,,否
VIOMI云米净水器600G小蓝调厨下式RO反渗透直饮家用6年长效,251124-375054743981947,已发货，待收货,1	,正常,2025-11-24 20:07:13,2025-11-25 20:07:14,,2025-11-25 11:59:31,	,850883552953	,RO反渗透除去重金属,1811278299045	,厨房电器,净水器/净水设备及配件耗材,净水器,	,6923185653592	,6923185653592	,	,	,无售后或售后取消,,2025-11-24 20:07:14,	,,,,,,,否,否,	,否,	,,639.19	,0.0	,0.0	,100.0	,0.0	,0.0	,0.0	,0.0	,539.19	,639.19	,JDV024239682187,京东大件物流,云南省,怒江傈僳族自治州,兰坪白族普米族自治县,,,否,否,	,	,	,否,	,	,	,	,	,	,	,	,	,	,	,	,否,否,	,否,否,,	,否,	,否,,,否
云米22m³顶侧大吸力蓝调低噪油烟机猛火天燃气灶智能套装家用厨房,251124-113277673093623,已收货,1	,正常,2025-11-24 19:40:58,2025-11-25 19:40:58,,2025-11-25 09:49:45,2025-11-28 08:16:48,388827922980	,【烟灶套装】顶侧双吸+5.0猛火灶（天）,1752816957652	,大家电,厨房大电,烟灶消套装,	,S2405071349001,S2409261025001,	,	,无售后或售后取消,,2025-11-24 19:40:58,	,,,,,,,否,否,	,否,	,,1285.0	,0.0	,189.0	,40.0	,0.0	,0.0	,0.0	,0.0	,1056.0	,1096.0	,JDV024242647076,京东大件物流,浙江省,金华市,义乌市,,,否,否,	,	,	,否,	,	,	,	,	,	,	,	,	,	,	,	,否,是,	,否,否,,	,否,	,否,,,否
云米22m³顶侧大吸力蓝调低噪油烟机猛火天燃气灶智能套装家用厨房,251124-117188934030383,已发货，待收货,1	,正常,2025-11-24 19:38:29,2025-12-10 19:38:29,,2025-11-25 09:49:45,	,388827922980	,【烟灶套装】顶侧双吸+5.0猛火灶（天）,1752816957652	,大家电,厨房大电,烟灶消套装,	,S2405071349001,S2409261025001,已登记延迟 [viomi范范sk 11/24 23:59]=ZX2511250061230拦截 [viomi莉莉sk 11/25 10:18],	,无售后或售后取消,,2025-11-24 19:38:29,	,,,,,,,否,否,	,否,	,,1285.0	,0.0	,189.0	,40.0	,0.0	,0.0	,0.0	,0.0	,1056.0	,1096.0	,JDV024242672420,京东大件物流,湖北省,武汉市,其他区,,,否,否,	,	,	,否,	,	,	,	,	,	,	,	,	,	,	,	,否,否,	,否,否,,	,否,	,否,,,否
云米22m³顶侧大吸力蓝调低噪油烟机猛火天燃气灶智能套装家用厨房,251124-339235367310383,已发货，待收货,1	,正常,2025-11-24 19:36:07,2025-12-10 19:36:07,,2025-11-25 09:49:45,	,388827922980	,【烟灶套装】顶侧双吸+5.0猛火灶（天）,1752816957652	,大家电,厨房大电,烟灶消套装,	,S2405071349001,S2409261025001,已登记延迟 [viomi范范sk 11/24 23:59],	,无售后或售后取消,,2025-11-24 19:36:07,	,,,,,,,否,否,	,否,	,,1285.0	,0.0	,189.0	,40.0	,0.0	,0.0	,0.0	,0.0	,1056.0	,1096.0	,JDV024242721013,京东大件物流,湖北省,武汉市,其他区,,,否,否,	,	,	,否,	,	,	,	,	,	,	,	,	,	,	,	,否,否,	,否,否,,	,否,	,否,,,否
【重磅新品】云米净水器600G小海豚升级版厨下式RO反渗透直饮家用,251124-536808057273833,已发货，待收货,1	,正常,2025-11-24 19:27:54,2025-11-25 19:27:55,,2025-11-25 09:50:29,	,225501370546	,小海豚600G,1813468330532	,厨房电器,净水器/净水设备及配件耗材,净水器,	,6923185653684	,6923185616399	,	,	,无售后或售后取消,,2025-11-24 19:27:55,	,,,,,,,否,否,	,否,	,,559.0	,0.0	,0.0	,0.0	,0.2	,0.0	,0.0	,0.0	,559.0	,559.0	,JDV024242489000,京东大件物流,江苏省,扬州市,邗江区,,,否,否,	,	,	,否,	,	,	,	,	,	,	,	,	,	,	,	,是,是,	,否,否,,	,否,	,否,,,否
云米小厨宝6L电热水器厨房卫生间出水恒温储水式小型速热神器加热,251124-479744571683022,未发货，退款成功,1	,正常,2025-11-24 18:53:41,2025-11-25 18:53:41,,	,	,208073193570	,热水即刻有-【6L】,1801828025682	,大家电,热水器,厨宝,	,6923185611233	,6923185611233	,聚水潭已取消发货 已退款 卫11.24,	,退款成功,,2025-11-24 18:53:41,	,,,,,,,否,否,	,否,	,,279.0	,0.0	,14.0	,0.0	,0.0	,0.0	,0.0	,0.0	,265.0	,265.0	,	,	,浙江省,台州市,仙居县,,,否,否,	,	,	,否,	,	,	,	,	,	,	,	,	,	,	,	,否,否,	,否,否,,	,否,	,否,,,否
【重磅新品】云米净水器600G小海豚升级版厨下式RO反渗透直饮家用,251124-137531287872038,已发货，待收货,1	,正常,2025-11-24 18:30:23,2025-11-25 18:30:23,,2025-11-25 09:50:29,	,225501370546	,小海豚600G,1813468330532	,厨房电器,净水器/净水设备及配件耗材,净水器,	,6923185653684	,6923185616399	,	,	,无售后或售后取消,,2025-11-24 18:30:23,	,,,,,,,否,否,	,否,	,,559.0	,0.0	,0.0	,0.0	,0.0	,0.0	,0.0	,0.0	,559.0	,559.0	,JDV024242521356,京东大件物流,湖北省,武汉市,洪山区,,,否,否,	,	,	,否,	,	,	,	,	,	,	,	,	,	,	,	,否,否,	,否,否,,	,否,	,否,,,否
云米净水器滤芯家用小海豚小蓝调小白龙系列专用RO反渗透,251124-400818214492020,已收货，退款成功,1	,正常,2025-11-24 18:34:36,2025-11-26 18:34:36,,2025-11-25 09:49:46,2025-11-26 18:32:32,232467205433	,5in1 复合滤芯,1647394585330	,厨房电器,净水器/净水设备及配件耗材,净水器配件耗材,	,6923185627425	,	,补差后返到手价109=差价40仅退款 [viomi莉莉sk 11/26 18:35],	,退款成功,,2025-11-24 18:34:36,	,,,,,,,否,否,	,否,	,,149.0	,0.0	,0.0	,7.0	,0.0	,0.0	,0.0	,0.0	,142.0	,149.0	,JDV024237385790,京东大件物流,内蒙古自治区,呼和浩特市,托克托县,,,否,否,	,	,	,否,	,	,	,	,	,	,	,	,	,	,	,	,否,是,	,否,否,,	,否,	,否,,,否
【重磅新品】云米净水器600G小海豚升级版厨下式RO反渗透直饮家用,251124-514997644852582,已取消,1	,正常,	,	,,	,	,225501370546	,小海豚600G,1813468330532	,厨房电器,净水器/净水设备及配件耗材,净水器,	,6923185653684	,6923185616399	,	,	,无售后或售后取消,,	,	,,,,,,,否,否,	,否,	,,559.0	,0.0	,0.0	,20.0	,0.0	,0.0	,0.0	,0.0	,539.0	,559.0	,	,	,****,****,****,****,,否,否,	,	,	,否,	,	,	,	,	,	,	,	,	,	,	,	,否,否,	,否,	,,	,否,	,否,,,否
【重磅新品】云米净水器600G小海豚升级版厨下式RO反渗透直饮家用,251124-412467873332582,已取消,1	,正常,	,	,,	,	,225501370546	,小海豚600G,1813468330532	,厨房电器,净水器/净水设备及配件耗材,净水器,	,6923185653684	,6923185616399	,	,	,无售后或售后取消,,	,	,,,,,,,否,否,	,否,	,,559.0	,0.0	,0.0	,50.0	,0.0	,0.0	,0.0	,0.0	,509.0	,559.0	,	,	,****,****,****,****,,否,否,	,	,	,否,	,	,	,	,	,	,	,	,	,	,	,	,否,否,	,否,	,,	,否,	,否,,,否
【重磅新品】云米净水器600G小海豚升级版厨下式RO反渗透直饮家用,251124-448968855981939,已发货，待收货,1	,正常,2025-11-24 18:16:40,2025-11-25 18:16:40,,2025-11-25 09:50:29,	,225501370546	,小海豚600G,1813468330532	,厨房电器,净水器/净水设备及配件耗材,净水器,	,6923185653684	,6923185616399	,	,	,无售后或售后取消,,2025-11-24 18:16:40,	,,,,,,,否,否,	,否,	,,559.0	,0.0	,0.0	,0.0	,0.0	,0.0	,0.0	,0.0	,559.0	,559.0	,JDV024242517099,京东大件物流,福建省,漳州市,漳浦县,,,否,否,	,	,	,否,	,	,	,	,	,	,	,	,	,	,	,	,否,否,	,否,否,,	,否,	,否,,,否
【重磅新品】云米净水器600G小海豚升级版厨下式RO反渗透直饮家用,251124-526322307461062,未发货，退款成功,1	,正常,2025-11-24 18:07:24,2025-11-25 18:07:24,,	,	,225501370546	,小海豚600G,1813468330532	,厨房电器,净水器/净水设备及配件耗材,净水器,	,6923185653684	,6923185616399	,ZX2511250061308待拦截11.25,	,退款成功,,2025-11-24 18:07:24,	,,,,,,,否,否,	,否,	,,559.0	,0.0	,0.0	,0.0	,0.0	,0.0	,0.0	,0.0	,559.0	,559.0	,	,	,吉林省,长春市,德惠市,,,否,否,	,	,	,否,	,	,	,	,	,	,	,	,	,	,	,	,否,是,	,否,否,,	,否,	,否,,,否
【母婴直饮】云米净水器 SE 600G+ 新升级厨下式RO反渗透直饮家用,251124-586783157780054,已发货，退款成功,1	,正常,2025-11-25 15:21:10,2025-11-26 15:21:10,,2025-11-25 20:50:29,	,819506595979	,【24年新品】600G升级版6年长效,1787046011387	,厨房电器,净水器/净水设备及配件耗材,净水器,	,6923185653684	,6923185616399	,ZX2511260061529 拦截 11.26,	,退款成功,,2025-11-25 15:21:10,	,,,,,,,否,否,	,否,	,,748.0	,0.0	,134.64	,74.8	,0.0	,0.0	,0.0	,0.0	,538.56	,613.36	,JDV024256613698,京东大件物流,山东省,青岛市,李沧区,,,否,否,	,	,	,否,	,	,	,	,	,	,	,	,	,	,	,	,否,否,	,否,否,,	,否,	,否,,,否
【重磅新品】云米净水器600G小海豚升级版厨下式RO反渗透直饮家用,251124-540656351610182,已发货，待收货,1	,正常,2025-11-24 18:03:22,2025-11-25 18:03:22,,2025-11-25 09:50:29,	,225501370546	,小海豚600G,1813468330532	,厨房电器,净水器/净水设备及配件耗材,净水器,	,6923185653684	,6923185616399	,	,	,无售后或售后取消,,2025-11-24 18:03:22,	,,,,,,,否,否,	,否,	,,559.0	,0.0	,0.0	,0.0	,0.0	,0.0	,0.0	,0.0	,559.0	,559.0	,JDV024242521339,京东大件物流,上海市,上海市,宝山区,,,否,否,	,	,	,否,	,	,	,	,	,	,	,	,	,	,	,	,否,否,	,否,否,,	,否,	,否,,,否
【重磅新品】云米净水器600G小海豚升级版厨下式RO反渗透直饮家用,251124-134322665900794,已收货,1	,正常,2025-11-24 17:58:29,2025-11-25 17:58:30,,2025-11-25 09:50:30,2025-11-28 17:44:41,225501370546	,小海豚600G,1813468330532	,厨房电器,净水器/净水设备及配件耗材,净水器,	,6923185653684	,6923185616399	,	,	,无售后或售后取消,,2025-11-24 17:58:30,	,,,,,,,否,否,	,否,	,,559.0	,0.0	,0.0	,0.0	,0.0	,0.0	,0.0	,0.0	,559.0	,559.0	,JDV024237775186,京东大件物流,吉林省,长春市,南关区,,,否,否,	,	,	,否,	,	,	,	,	,	,	,	,	,	,	,	,否,否,	,否,否,,	,否,	,否,,,否
【重磅新品】云米净水器600G小海豚升级版厨下式RO反渗透直饮家用,251124-097570066732131,已收货,1	,正常,2025-11-24 17:48:18,2025-11-25 17:48:19,,2025-11-25 09:50:29,2025-11-27 13:14:53,225501370546	,小海豚600G,1813468330532	,厨房电器,净水器/净水设备及配件耗材,净水器,	,6923185653684	,6923185616399	,	,	,无售后或售后取消,,2025-11-24 17:48:19,	,,,,,,,否,否,	,否,	,,559.0	,0.0	,0.0	,0.0	,1.11	,0.0	,0.0	,0.0	,559.0	,559.0	,JDV024242521140,京东大件物流,陕西省,西安市,莲湖区,,,否,否,	,	,	,否,	,	,	,	,	,	,	,	,	,	,	,	,否,是,	,否,否,,	,否,	,否,,,否
【重磅新品】云米净水器600G小海豚升级版厨下式RO反渗透直饮家用,251124-613301655091067,已发货，待收货,1	,正常,2025-11-24 17:45:58,2025-11-25 17:45:58,,2025-11-25 09:50:30,	,225501370546	,小海豚600G,1813468330532	,厨房电器,净水器/净水设备及配件耗材,净水器,	,6923185653684	,6923185616399	,YF2511270001897 [viomi范范sk 11/27 13:46]==TH2C483387559,	,售后处理中,,2025-11-24 17:45:58,	,,,,,,,否,否,	,否,	,,559.0	,0.0	,0.0	,0.0	,0.0	,0.0	,0.0	,0.0	,559.0	,559.0	,JDV024242521131,京东大件物流,江西省,上饶市,玉山县,,,否,否,	,	,	,否,	,	,	,	,	,	,	,	,	,	,	,	,否,否,	,否,否,,	,否,	,否,,,否
【重磅新品】云米净水器600G小海豚升级版厨下式RO反渗透直饮家用,251124-659092980021814,已发货，待收货,1	,正常,2025-11-24 17:43:13,2025-11-25 17:43:13,2025-11-26 23:59:59,2025-11-25 09:50:30,	,225501370546	,小海豚600G,1813468330532	,厨房电器,净水器/净水设备及配件耗材,净水器,	,6923185653684	,6923185616399	,	,	,无售后或售后取消,,2025-11-24 17:43:13,	,,,,,,,否,否,	,否,	,,559.0	,0.0	,0.0	,0.0	,0.0	,0.0	,0.0	,0.0	,559.0	,559.0	,JDV024242461326,京东大件物流,广东省,潮州市,饶平县,,,否,否,	,	,	,否,	,	,	,	,	,	,	,	,	,	,	,	,否,否,	,否,否,,	,否,	,否,,,否
【6年套装】云米净水器600G小海豚升级版厨下式RO反渗透直饮家用,251124-389252452753687,已发货，待收货,1	,正常,2025-11-24 17:43:09,2025-11-25 17:43:09,,2025-11-25 09:49:46,	,852932116812	,小海豚600G+6年滤芯套装,1812983769340	,厨房电器,净水器/净水设备及配件耗材,净水器,	,S2508151538001,	,	,	,无售后或售后取消,,2025-11-24 17:43:09,	,,,,,,,否,否,	,否,	,,764.28	,0.0	,0.0	,100.0	,0.0	,0.0	,0.0	,0.0	,664.28	,764.28	,JDV024242501548,京东大件物流,上海市,上海市,闵行区,,,否,否,	,	,	,否,	,	,	,	,	,	,	,	,	,	,	,	,否,否,	,否,否,,	,否,	,否,,,否
【重磅新品】云米净水器600G小海豚升级版厨下式RO反渗透直饮家用,251124-182389347940364,已取消,1	,正常,	,	,,	,	,225501370546	,小海豚600G,1813468330532	,厨房电器,净水器/净水设备及配件耗材,净水器,	,6923185653684	,6923185616399	,	,	,无售后或售后取消,,	,	,,,,,,,否,否,	,否,	,,559.0	,0.0	,0.0	,0.0	,0.0	,0.0	,0.0	,0.0	,559.0	,559.0	,	,	,****,****,****,****,,否,否,	,	,	,否,	,	,	,	,	,	,	,	,	,	,	,	,否,否,	,否,	,,	,否,	,否,,,否
【母婴直饮】云米净水器 SE 600G+ 新升级厨下式RO反渗透直饮家用,251124-482953172580364,未发货，退款成功,1	,正常,2025-11-24 17:45:01,2025-11-25 17:45:02,,	,	,819506595979	,【24年新品】600G升级版6年长效,1787046011387	,厨房电器,净水器/净水设备及配件耗材,净水器,	,6923185653684	,6923185616399	,ZX2511250061372待拦截11.25诚,	,退款成功,,2025-11-24 17:45:02,	,,,,,,,否,否,	,否,	,,748.0	,0.0	,134.64	,74.8	,0.0	,0.0	,0.0	,0.0	,538.56	,613.36	,	,	,河北省,保定市,容城县,,,否,否,	,	,	,否,	,	,	,	,	,	,	,	,	,	,	,	,否,否,	,否,否,,	,否,	,否,,,否
【母婴直饮】云米净水器 SE 600G+ 新升级厨下式RO反渗透直饮家用,251124-451978279221814,未发货，退款成功,1	,正常,2025-11-24 17:26:10,2025-11-25 17:26:11,2025-11-26 23:59:59,	,	,819506595979	,【24年新品】600G升级版6年长效,1787046011387	,厨房电器,净水器/净水设备及配件耗材,净水器,	,6923185653684	,6923185616399	,聚水潭已取消发货 已退款 卫11.24,	,退款成功,,2025-11-24 17:26:11,	,,,,,,,否,否,	,否,	,,748.0	,0.0	,142.12	,37.4	,0.0	,0.0	,0.0	,0.0	,568.48	,605.88	,	,	,广东省,潮州市,饶平县,,,否,否,	,	,	,否,	,	,	,	,	,	,	,	,	,	,	,	,否,否,	,否,否,,	,否,	,否,,,否
【重磅新品】云米净水器600G小海豚升级版厨下式RO反渗透直饮家用,251124-511212285500840,未发货，退款成功,1	,正常,2025-11-24 17:19:55,2025-11-25 17:19:55,,	,	,225501370546	,小海豚600G,1813468330532	,厨房电器,净水器/净水设备及配件耗材,净水器,	,6923185653684	,6923185616399	,聚水潭已取消发货 已退款 卫11.24,	,退款成功,,2025-11-24 17:19:55,	,,,,,,,否,否,	,否,	,,559.0	,0.0	,0.0	,0.0	,0.0	,0.0	,0.0	,0.0	,559.0	,559.0	,	,	,湖南省,长沙市,雨花区,,,否,否,	,	,	,否,	,	,	,	,	,	,	,	,	,	,	,	,否,否,	,否,否,,	,否,	,否,,,否
【重磅新品】云米净水器600G小海豚升级版厨下式RO反渗透直饮家用,251124-288903708971034,已发货，待收货,1	,正常,2025-11-24 17:18:42,2025-11-25 17:18:43,,2025-11-25 09:50:29,	,225501370546	,小海豚600G,1813468330532	,厨房电器,净水器/净水设备及配件耗材,净水器,	,6923185653684	,6923185616399	,	,	,无售后或售后取消,,2025-11-24 17:18:43,	,,,,,,,否,否,	,否,	,,559.0	,0.0	,0.0	,0.0	,0.0	,0.0	,0.0	,0.0	,559.0	,559.0	,JDV024242442075,京东大件物流,福建省,厦门市,同安区,,,否,否,	,	,	,否,	,	,	,	,	,	,	,	,	,	,	,	,否,否,	,否,否,,	,否,	,否,,,否
【重磅新品】云米净水器600G小海豚升级版厨下式RO反渗透直饮家用,251124-390080796311828,已取消,1	,正常,	,	,,	,	,225501370546	,小海豚600G,1813468330532	,厨房电器,净水器/净水设备及配件耗材,净水器,	,6923185653684	,6923185616399	,	,	,无售后或售后取消,,	,	,,,,,,,否,否,	,否,	,,559.0	,0.0	,0.0	,0.0	,0.0	,0.0	,0.0	,0.0	,559.0	,559.0	,	,	,****,****,****,****,,否,否,	,	,	,否,	,	,	,	,	,	,	,	,	,	,	,	,否,否,	,否,	,,	,否,	,否,,,否
【重磅新品】云米净水器600G小海豚升级版厨下式RO反渗透直饮家用,251124-007298127402444,未发货，退款成功,1	,正常,2025-11-24 17:17:03,2025-11-25 17:17:03,,	,	,225501370546	,小海豚600G,1813468330532	,厨房电器,净水器/净水设备及配件耗材,净水器,	,6923185653684	,6923185616399	,聚水潭已取消发货  已退款  11.24,	,退款成功,,2025-11-24 17:17:03,	,,,,,,,否,否,	,否,	,,559.0	,0.0	,0.0	,33.54	,0.0	,0.0	,0.0	,0.0	,525.46	,559.0	,	,	,福建省,厦门市,同安区,,,否,否,	,	,	,否,	,	,	,	,	,	,	,	,	,	,	,	,否,否,	,否,否,,	,否,	,否,,,否
【重磅新品】云米净水器600G小海豚升级版厨下式RO反渗透直饮家用,251124-053980772672266,已收货,1	,正常,2025-11-24 17:12:22,2025-11-25 17:12:23,,2025-11-25 09:50:29,2025-11-28 12:27:58,225501370546	,小海豚600G,1813468330532	,厨房电器,净水器/净水设备及配件耗材,净水器,	,6923185653684	,6923185616399	,	,	,无售后或售后取消,,2025-11-24 17:12:23,	,,,,,,,否,否,	,否,	,,559.0	,0.0	,0.0	,33.54	,0.0	,0.0	,0.0	,0.0	,525.46	,559.0	,JDV024242481062,京东大件物流,福建省,福州市,长乐区,,,否,否,	,	,	,否,	,	,	,	,	,	,	,	,	,	,	,	,否,否,	,否,是,3	,商家,否,	,否,,信用卡分期,否
【重磅新品】云米净水器600G小海豚升级版厨下式RO反渗透直饮家用,251124-577346005283052,已收货,1	,正常,2025-11-24 17:08:10,2025-11-25 17:08:10,,2025-11-25 09:50:30,2025-11-26 15:40:48,225501370546	,小海豚600G,1813468330532	,厨房电器,净水器/净水设备及配件耗材,净水器,	,6923185653684	,6923185616399	,	,	,无售后或售后取消,,2025-11-24 17:08:10,	,,,,,,,否,否,	,否,	,,559.0	,0.0	,0.0	,33.54	,0.0	,0.0	,0.0	,0.0	,525.46	,559.0	,JDV024237875068,京东大件物流,山东省,济南市,钢城区,,,否,否,	,	,	,否,	,	,	,	,	,	,	,	,	,	,	,	,否,否,	,否,否,,	,否,	,否,,,否
【重磅新品】云米净水器600G小海豚升级版厨下式RO反渗透直饮家用,251124-262878083484005,已发货，退款成功,1	,正常,2025-11-24 17:05:01,2025-11-25 17:05:01,,2025-11-25 09:50:30,	,225501370546	,小海豚600G,1813468330532	,厨房电器,净水器/净水设备及配件耗材,净水器,	,6923185653684	,6923185616399	,ZX2511250061249拦截 [viomi诺诺sk 11/25 10:06],	,退款成功,,2025-11-24 17:05:01,	,,,,,,,否,否,	,否,	,,559.0	,0.0	,0.0	,33.54	,0.0	,0.0	,0.0	,0.0	,525.46	,559.0	,JDV024237781846,京东大件物流,山东省,枣庄市,滕州市,,,否,否,	,	,	,否,	,	,	,	,	,	,	,	,	,	,	,	,否,否,	,否,否,,	,否,	,否,,,否
【重磅新品】云米净水器600G小海豚升级版厨下式RO反渗透直饮家用,251124-189718935843052,已取消,1	,正常,	,	,,	,	,225501370546	,小海豚600G,1813468330532	,厨房电器,净水器/净水设备及配件耗材,净水器,	,6923185653684	,6923185616399	,	,	,无售后或售后取消,,	,	,,,,,,,否,否,	,否,	,,559.0	,0.0	,0.0	,0.0	,0.0	,0.0	,0.0	,0.0	,559.0	,559.0	,	,	,****,****,****,****,,否,否,	,	,	,否,	,	,	,	,	,	,	,	,	,	,	,	,否,否,	,否,	,,	,否,	,否,,,否
【6年套装】云米净水器600G小海豚升级版厨下式RO反渗透直饮家用,251124-012666836522801,已发货，待收货,1	,正常,2025-11-24 16:52:43,2025-11-25 16:52:44,,2025-11-25 09:49:47,	,852932116812	,小海豚600G+6年滤芯套装,1812983769340	,厨房电器,净水器/净水设备及配件耗材,净水器,	,S2508151538001,	,	,	,无售后或售后取消,,2025-11-24 16:52:44,	,,,,,,,否,否,	,否,	,,772.0	,0.0	,0.0	,77.2	,0.0	,0.0	,0.0	,0.0	,694.8	,772.0	,JDV024236685744,京东大件物流,河北省,廊坊市,安次区,,,否,否,	,	,	,否,	,	,	,	,	,	,	,	,	,	,	,	,否,否,	,否,否,,	,否,	,否,,,否
云米净水器滤芯小蓝调小海豚600G+专用复合滤芯RO反渗透滤芯过滤,251124-157580071272498,已发货，待收货,1	,正常,2025-11-24 16:49:28,2025-11-25 16:49:28,,2025-11-24 20:06:33,	,296967601341	,5in1复合滤芯 2年长效,1600193054565	,厨房电器,净水器/净水设备及配件耗材,净水器配件耗材,	,6923185627425	,	,复合滤芯到手价99一根 [viomi华华 11/24 16:52],	,无售后或售后取消,,2025-11-24 16:49:28,	,,,,,,,否,否,	,否,	,,299.0	,0.0	,0.0	,15.0	,0.0	,0.0	,0.0	,0.0	,284.0	,299.0	,JDV024235640469,京东大件物流,广东省,惠州市,惠城区,,,否,否,	,	,	,否,	,	,	,	,	,	,	,	,	,	,	,	,否,是,	,否,否,,	,否,	,否,,,否
【重磅新品】云米净水器600G小海豚升级版厨下式RO反渗透直饮家用,251124-113372107112498,已发货，待收货,1	,正常,2025-11-24 16:43:09,2025-11-25 16:43:09,,2025-11-25 09:50:31,	,225501370546	,小海豚600G,1813468330532	,厨房电器,净水器/净水设备及配件耗材,净水器,	,6923185653684	,6923185616399	,主播：晓楠 场控：嘉慧	权益：直播间抽奖10元红包 ,	,无售后或售后取消,,2025-11-24 16:43:09,	,,,,,,,否,否,	,否,	,,559.0	,0.0	,0.0	,0.0	,0.0	,0.0	,0.0	,0.0	,559.0	,559.0	,JDV024242460920,京东大件物流,广东省,惠州市,惠城区,,,否,否,	,	,	,否,	,	,	,	,	,	,	,	,	,	,	,	,是,是,	,否,否,,	,否,	,否,,,否
【6年套装】云米净水器600G小海豚升级版厨下式RO反渗透直饮家用,251124-114819089983066,已发货，待收货,1	,正常,2025-11-24 16:42:06,2025-11-25 16:42:07,,2025-11-24 20:07:19,	,852932116812	,小海豚600G+6年滤芯套装,1812983769340	,厨房电器,净水器/净水设备及配件耗材,净水器,	,S2508151538001,	,	,	,无售后或售后取消,,2025-11-24 16:42:07,	,,,,,,,否,否,	,否,	,,772.0	,0.0	,0.0	,69.48	,5.0	,0.0	,0.0	,0.0	,702.52	,772.0	,JDV024236675071,京东大件物流,宁夏回族自治区,银川市,灵武市,,,否,否,	,	,	,否,	,	,	,	,	,	,	,	,	,	,	,	,否,否,	,否,否,,	,否,	,否,,,否
云米顶侧大吸力蓝调油烟机家用厨房节能自清洁一级能效可挥手智控,251124-337662493082670,已取消,1	,正常,	,	,,	,	,657344402006	,云米智清洁挥手智控单烟机,1723825075586	,大家电,厨房大电,油烟机,	,6923185650973	,6923185650973	,	,	,无售后或售后取消,,	,	,,,,,,,否,否,	,否,	,,838.0	,0.0	,42.0	,100.0	,0.0	,0.0	,0.0	,0.0	,696.0	,796.0	,	,	,****,****,****,****,,否,否,	,	,	,否,	,	,	,	,	,	,	,	,	,	,	,	,否,否,	,否,	,,	,否,	,否,,,否
云米顶侧大吸力蓝调油烟机家用厨房节能自清洁一级能效可挥手智控,251124-317047519582093,未发货，退款成功,1	,正常,2025-11-24 16:40:17,2025-11-25 16:40:17,,	,	,657344402006	,云米智清洁挥手智控单烟机,1723825075586	,大家电,厨房大电,油烟机,	,6923185650973	,6923185650973	,ZX2511250061372待拦截11.25诚,	,退款成功,,2025-11-24 16:40:17,	,,,,,,,否,否,	,否,	,,838.0	,0.0	,42.0	,0.0	,0.0	,0.0	,0.0	,0.0	,796.0	,796.0	,	,	,湖北省,武汉市,黄陂区,,,否,否,	,	,	,否,	,	,	,	,	,	,	,	,	,	,	,	,否,否,	,否,否,,	,否,	,否,,,否
【重磅新品】云米净水器600G小海豚升级版厨下式RO反渗透直饮家用,251124-157118635653668,已发货，待收货,1	,正常,2025-11-24 16:40:15,2025-11-25 16:40:16,,2025-11-25 09:50:30,	,225501370546	,小海豚600G,1813468330532	,厨房电器,净水器/净水设备及配件耗材,净水器,	,6923185653684	,6923185616399	,	,	,无售后或售后取消,,2025-11-24 16:40:16,	,,,,,,,否,否,	,否,	,,559.0	,0.0	,0.0	,33.54	,5.0	,0.0	,0.0	,0.0	,525.46	,559.0	,JDV024236990053,京东大件物流,山东省,济宁市,金乡县,,,否,否,	,	,	,否,	,	,	,	,	,	,	,	,	,	,	,	,否,否,	,否,否,,	,否,	,否,,,否
云米净水器滤芯小蓝调小海豚600G+专用复合滤芯RO反渗透滤芯过滤,251124-092117429873266,已收货，退款成功,1	,正常,2025-11-24 16:23:58,2025-11-25 16:23:59,,2025-11-24 17:55:52,2025-11-26 18:14:37,296967601341	,5in1复合滤芯 2年长效,1600193054565	,厨房电器,净水器/净水设备及配件耗材,净水器配件耗材,	,6923185627425	,	,后返，到手价99=差价200仅退款 [viomi莉莉sk 11/26 18:15],	,退款成功,,2025-11-24 16:23:59,	,,,,,,,否,否,	,否,	,,299.0	,0.0	,0.0	,0.0	,0.0	,0.0	,0.0	,0.0	,299.0	,299.0	,JDV024234747928,京东大件物流,山东省,临沂市,兰山区,,,否,否,	,	,	,否,	,	,	,	,	,	,	,	,	,	,	,	,否,否,	,否,否,,	,否,	,否,,,否
【6年套装】云米净水器600G小海豚升级版厨下式RO反渗透直饮家用,251124-621480517234037,已收货,1	,正常,2025-11-24 16:22:44,2025-11-25 16:22:44,,2025-11-25 09:49:46,2025-11-28 10:26:10,852932116812	,小海豚600G+6年滤芯套装,1812983769340	,厨房电器,净水器/净水设备及配件耗材,净水器,	,S2508151538001,	,13386356656维修 [viomi慧慧sk 11/26 19:49]==维修 [viomi英英sk 11/28 11:13],	,无售后或售后取消,,2025-11-24 16:22:44,	,,,,,,,否,否,	,否,	,,764.28	,0.0	,0.0	,90.0	,0.0	,0.0	,0.0	,0.0	,674.28	,764.28	,JDV024236676654,京东大件物流,山东省,聊城市,茌平区,,,否,否,	,	,	,否,	,	,	,	,	,	,	,	,	,	,	,	,否,否,	,否,否,,	,否,	,否,,,否
云米5.0KW智能燃气灶大火力爆炒灶具一级节能家用厨房双灶头台嵌,251124-533316247122185,已发货，待收货,1	,正常,2025-11-24 16:03:05,2025-11-25 16:03:05,,2025-11-24 20:06:33,	,623266189560	,5.0KW精焰猛火灶（天然气）,1690346386816	,大家电,厨房大电,燃气灶,	,6923185649656	,	,TH2C764614268   464888298298878 待退回佛山11.28,	,售后处理中,,2025-11-24 16:03:05,	,,,,,,,否,否,	,否,	,,444.0	,0.0	,0.0	,20.0	,0.0	,0.0	,0.0	,0.0	,424.0	,444.0	,JDV024235868742,京东大件物流,辽宁省,沈阳市,皇姑区,,,否,否,	,	,	,否,	,	,	,	,	,	,	,	,	,	,	,	,否,否,	,否,否,,	,否,	,否,,,否
云米蓝调2PRO燃气热水器静音节能水伺服恒温语音控制智控节能变频,251124-102540254830022,已发货，待收货,1	,正常,2025-11-24 15:43:01,2025-11-25 15:43:01,,2025-11-24 20:06:33,	,852010588191	,2PRO燃气热水器【静音节能】,1812265470712	,大家电,热水器,燃气热水器,	,6923185656869	,6923185656869	,已登记赠品 [viomi范范sk 11/26 14:12],	,无售后或售后取消,,2025-11-24 15:43:01,	,,,,,,,否,否,	,否,	,,1026.0	,0.0	,0.0	,100.0	,0.2	,0.0	,0.0	,0.0	,926.0	,1026.0	,JDV024235868724,京东大件物流,上海市,上海市,嘉定区,,,否,否,	,	,	,否,	,	,	,	,	,	,	,	,	,	,	,	,否,否,	,否,否,,	,否,	,否,,,否
云米智能AI门锁3D指纹密码蓝牙可连大容量续航家用公寓自动安全,251124-515417054840228,已发货，待收货,1	,正常,2025-11-24 15:39:48,2025-11-25 15:39:48,,2025-11-24 20:06:34,	,743885774552	,"云米蓝调指纹密码锁LBT11C,黑色",1734954999916	,基础建材,智能门锁/电子锁,智能门锁/电子锁,	,6923185655381	,6923185655381	,晒单返50 [viomi华华 11/24 15:41],	,无售后或售后取消,,2025-11-24 15:39:48,	,,,,,,,否,否,	,否,	,,662.0	,0.0	,70.0	,24.0	,0.0	,0.0	,0.0	,0.0	,568.0	,592.0	,JDV024233512599,京东大件物流,重庆市,重庆市,渝北区,,,否,否,	,	,	,否,	,	,	,	,	,	,	,	,	,	,	,	,否,否,	,否,否,,	,否,	,否,,,否
云米净水器滤芯小蓝调小海豚600G+专用复合滤芯RO反渗透滤芯过滤,251124-267869263473266,已收货，退款成功,1	,正常,2025-11-24 15:33:09,2025-11-25 15:33:09,,2025-11-24 17:55:53,2025-11-26 18:14:46,296967601341	,5in1复合滤芯 2年长效,1600193054565	,厨房电器,净水器/净水设备及配件耗材,净水器配件耗材,	,6923185627425	,	,后返，到手价99=差价200仅退款 [viomi莉莉sk 11/26 18:15],	,退款成功,,2025-11-24 15:33:09,	,,,,,,,否,否,	,否,	,,299.0	,0.0	,0.0	,0.0	,0.0	,0.0	,0.0	,0.0	,299.0	,299.0	,JDV024233304619,京东大件物流,山东省,临沂市,兰山区,,,否,否,	,	,	,否,	,	,	,	,	,	,	,	,	,	,	,	,否,否,	,否,否,,	,否,	,否,,,否
云米净水器滤芯小蓝调小海豚600G+专用复合滤芯RO反渗透滤芯过滤,251124-193294517873266,未发货，退款成功,1	,正常,2025-11-24 15:32:52,2025-11-25 15:32:52,,	,	,296967601341	,5in1复合滤芯 2年长效,1600193054565	,厨房电器,净水器/净水设备及配件耗材,净水器配件耗材,	,6923185627425	,	,聚水潭已取消发货  已退款  11.24,	,退款成功,,2025-11-24 15:32:52,	,,,,,,,否,否,	,否,	,,299.0	,0.0	,0.0	,0.0	,0.2	,0.0	,0.0	,0.0	,299.0	,299.0	,	,	,山东省,临沂市,兰山区,,,否,否,	,	,	,否,	,	,	,	,	,	,	,	,	,	,	,	,否,否,	,否,否,,	,否,	,否,,,否
云米净水器滤芯小蓝调小海豚600G+专用复合滤芯RO反渗透滤芯过滤,251124-149673746033266,未发货，退款成功,1	,正常,2025-11-24 15:31:53,2025-11-25 15:31:54,,	,	,296967601341	,5in1复合滤芯 2年长效,1600193054565	,厨房电器,净水器/净水设备及配件耗材,净水器配件耗材,	,6923185627425	,	,聚水潭已取消发货  已退款  11.24,	,退款成功,,2025-11-24 15:31:54,	,,,,,,,否,否,	,否,	,,299.0	,0.0	,0.0	,0.0	,0.2	,0.0	,0.0	,0.0	,299.0	,299.0	,	,	,山东省,临沂市,兰山区,,,否,否,	,	,	,否,	,	,	,	,	,	,	,	,	,	,	,	,否,否,	,否,否,,	,否,	,否,,,否
【重磅新品】云米净水器600G小海豚升级版厨下式RO反渗透直饮家用,251124-457818805873266,已收货,1	,正常,2025-11-24 15:31:18,2025-11-25 15:31:18,,2025-11-24 17:56:11,2025-11-26 18:14:28,225501370546	,小海豚600G,1813468330532	,厨房电器,净水器/净水设备及配件耗材,净水器,	,6923185653684	,6923185616399	,	,	,无售后或售后取消,,2025-11-24 15:31:18,	,,,,,,,否,否,	,否,	,,559.0	,0.0	,0.0	,50.0	,0.2	,0.0	,0.0	,0.0	,509.0	,559.0	,JDV024235388135,京东大件物流,山东省,临沂市,兰山区,,,否,否,	,	,	,否,	,	,	,	,	,	,	,	,	,	,	,	,否,否,	,否,否,,	,否,	,否,,,否
【母婴直饮】云米净水器 SE 600G+ 新升级厨下式RO反渗透直饮家用,251124-038902187522261,已收货,1	,正常,2025-11-24 15:07:34,2025-11-25 15:07:34,,2025-11-24 20:06:33,2025-11-28 16:01:55,819506595979	,【24年新品】600G升级版6年长效,1787046011387	,厨房电器,净水器/净水设备及配件耗材,净水器,	,6923185653684	,6923185616399	,15257894189安装 [viomi慧慧sk 11/26 21:47],	,无售后或售后取消,,2025-11-24 15:07:34,	,,,,,,,否,否,	,否,	,,748.0	,0.0	,129.6	,100.0	,0.0	,0.0	,0.0	,0.0	,518.4	,618.4	,JDV024235403616,京东大件物流,湖北省,咸宁市,赤壁市,,,否,否,	,	,	,否,	,	,	,	,	,	,	,	,	,	,	,	,否,否,	,否,否,,	,否,	,否,,,否
【母婴直饮】云米净水器 SE 600G+ 新升级厨下式RO反渗透直饮家用,251124-265258298880813,已发货，待收货,1	,正常,2025-11-24 14:53:03,2025-11-25 14:53:03,,2025-11-24 16:31:58,	,819506595979	,【24年新品】600G升级版6年长效,1787046011387	,厨房电器,净水器/净水设备及配件耗材,净水器,	,6923185653684	,6923185616399	,	,	,无售后或售后取消,,2025-11-24 14:53:03,	,,,,,,,否,否,	,否,	,,748.0	,0.0	,148.4	,6.0	,0.0	,0.0	,0.0	,0.0	,593.6	,599.6	,JDV024232373531,京东大件物流,山东省,东营市,东营区,,,否,否,	,	,	,否,	,	,	,	,	,	,	,	,	,	,	,	,否,否,	,否,否,,	,否,	,否,,,否
云米小厨宝6L电热水器厨房卫生间出水恒温储水式小型速热神器加热,251124-147891208570431,已发货，待收货,1	,正常,2025-11-24 14:49:46,2025-11-25 14:49:46,,2025-11-24 20:06:33,	,208073193570	,热水即刻有-【6L】,1801828025682	,大家电,热水器,厨宝,	,6923185611233	,6923185611233	,	,	,无售后或售后取消,,2025-11-24 14:49:46,	,,,,,,,否,否,	,否,	,,279.0	,0.0	,14.0	,23.85	,0.0	,0.0	,0.0	,0.0	,241.15	,265.0	,JDV024235880417,京东大件物流,山东省,临沂市,河东区,,,否,否,	,	,	,否,	,	,	,	,	,	,	,	,	,	,	,	,否,否,	,否,否,,	,否,	,否,,,否
【重磅新品】云米净水器600G小海豚升级版厨下式RO反渗透直饮家用,251124-035483850370582,已发货，待收货,1	,正常,2025-11-24 14:49:08,2025-11-25 14:49:08,,2025-11-24 17:55:52,	,225501370546	,小海豚600G,1813468330532	,厨房电器,净水器/净水设备及配件耗材,净水器,	,6923185653684	,6923185616399	,	,	,无售后或售后取消,,2025-11-24 14:49:08,	,,,,,,,否,否,	,否,	,,559.0	,0.0	,0.0	,0.0	,0.0	,0.0	,0.0	,0.0	,559.0	,559.0	,JDV024234768610,京东大件物流,河南省,驻马店市,新蔡县,,,否,否,	,	,	,否,	,	,	,	,	,	,	,	,	,	,	,	,否,否,	,否,否,,	,否,	,否,,,否
云米智能电热水器小蓝调节能变频速热家用浴室洗澡抑菌50L/60L,251124-180837476721500,已取消,1	,正常,	,	,,	,	,434684719975	,安全保护8倍增容大水量50L,1733881750461	,大家电,热水器,电热水器,	,6923185649076	,	,	,	,无售后或售后取消,,	,	,,,,,,,否,否,	,否,	,,599.0	,0.0	,0.0	,0.0	,0.0	,0.0	,0.0	,0.0	,599.0	,599.0	,	,	,****,****,****,****,,否,否,	,	,	,否,	,	,	,	,	,	,	,	,	,	,	,	,否,否,	,否,	,,	,否,	,否,,,否
云米净水器滤芯家用小海豚小蓝调小白龙系列专用RO反渗透,251124-040999401822427,已发货，待收货,1	,正常,2025-11-24 14:44:09,2025-11-26 14:44:09,,2025-11-24 17:55:53,	,232467205433	,5in1 复合滤芯,1647394585330	,厨房电器,净水器/净水设备及配件耗材,净水器配件耗材,	,6923185627425	,	,	,	,无售后或售后取消,,2025-11-24 14:44:09,	,,,,,,,否,否,	,否,	,,149.0	,0.0	,0.0	,0.0	,0.0	,0.0	,0.0	,0.0	,149.0	,149.0	,JDV024232154687,京东大件物流,安徽省,淮北市,杜集区,,,否,否,	,	,	,否,	,	,	,	,	,	,	,	,	,	,	,	,否,否,	,否,否,,	,否,	,否,,,否
云米即热净水器厨房家用直饮RO反渗透加热净饮一体机1000G,251124-019524544913046,已收货,1	,正常,2025-11-24 14:40:23,2025-11-25 14:40:23,,2025-11-24 20:06:34,2025-11-27 08:06:16,846360072018	,即热直饮 1000G大通量,1807240839093	,厨房电器,净水器/净水设备及配件耗材,净水器,	,6923185651116	,6923185651116	,13710624919安装 [viomi莉莉sk 11/28 17:20]安装 [viomi诺诺sk 11/28 21:35],	,无售后或售后取消,,2025-11-24 14:40:23,	,,,,,,,否,否,	,否,	,,1439.0	,0.0	,0.0	,0.0	,0.0	,0.0	,0.0	,0.0	,1439.0	,1439.0	,JDV024233768152,京东大件物流,广东省,广州市,荔湾区,,,否,否,	,	,	,否,	,	,	,	,	,	,	,	,	,	,	,	,否,否,	,否,否,,	,否,	,否,,,否
【重磅新品】云米净水器600G小海豚升级版厨下式RO反渗透直饮家用,251124-103735631422603,已取消,1	,正常,	,	,,	,	,225501370546	,小海豚600G,1813468330532	,厨房电器,净水器/净水设备及配件耗材,净水器,	,6923185653684	,6923185616399	,	,	,无售后或售后取消,,	,	,,,,,,,否,否,	,否,	,,559.0	,0.0	,0.0	,50.0	,0.0	,0.0	,0.0	,0.0	,509.0	,559.0	,	,	,****,****,****,****,,否,否,	,	,	,否,	,	,	,	,	,	,	,	,	,	,	,	,否,否,	,否,	,,	,否,	,否,,,否
云米60升AI速热高温抑菌电热水器3000W一级节能变频增容家用租房,251124-394033907252116,已发货，待收货,1	,正常,2025-11-24 14:28:09,2025-11-25 14:28:09,,2025-11-24 20:06:34,	,226368376224	,3000W速热安全60L热水器,1737176648260	,大家电,热水器,电热水器,	,6923185602224	,6923185602224	,	,	,无售后或售后取消,,2025-11-24 14:28:09,	,,,,,,,否,否,	,否,	,,654.0	,0.0	,33.0	,0.0	,0.0	,0.0	,0.0	,0.0	,621.0	,621.0	,JDV024233787376,京东大件物流,安徽省,蚌埠市,怀远县,,,否,否,	,	,	,否,	,	,	,	,	,	,	,	,	,	,	,	,否,否,	,否,否,,	,否,	,否,,,否
云米60升AI速热高温抑菌电热水器3000W一级节能变频增容家用租房,251124-188722726452116,已取消,1	,正常,	,	,,	,	,226368376224	,3000W速热安全60L热水器,1737176648260	,大家电,热水器,电热水器,	,6923185602224	,6923185602224	,	,	,无售后或售后取消,,	,	,,,,,,,否,否,	,否,	,,654.0	,0.0	,33.0	,0.0	,0.0	,0.0	,0.0	,0.0	,621.0	,621.0	,	,	,****,****,****,****,,否,否,	,	,	,否,	,	,	,	,	,	,	,	,	,	,	,	,否,否,	,否,	,,	,否,	,否,,,否
【母婴直饮】云米净水器 SE 600G+ 新升级厨下式RO反渗透直饮家用,251124-141400512132720,已发货，待收货,1	,正常,2025-11-24 14:27:40,2025-11-25 14:27:40,,2025-11-24 20:06:33,	,819506595979	,【24年新品】600G升级版6年长效,1787046011387	,厨房电器,净水器/净水设备及配件耗材,净水器,	,6923185653684	,6923185616399	,18602896664安装 [viomi范范sk 11/28 15:59],	,无售后或售后取消,,2025-11-24 14:27:40,	,,,,,,,否,否,	,否,	,,748.0	,0.0	,134.64	,74.8	,0.0	,0.0	,0.0	,0.0	,538.56	,613.36	,JDV024234809371,京东大件物流,四川省,成都市,青羊区,,,否,否,	,	,	,否,	,	,	,	,	,	,	,	,	,	,	,	,否,否,	,否,否,,	,否,	,否,,,否
云米净水器滤芯家用小海豚小蓝调小白龙系列专用RO反渗透,251124-367484004771058,已发货，待收货,1	,正常,2025-11-24 14:24:54,2025-11-26 14:24:54,,2025-11-24 17:55:53,	,232467205433	,5in1 复合滤芯,1647394585330	,厨房电器,净水器/净水设备及配件耗材,净水器配件耗材,	,6923185627425	,	,	,	,无售后或售后取消,,2025-11-24 14:24:54,	,,,,,,,否,否,	,否,	,,149.0	,0.0	,0.0	,0.0	,0.0	,0.0	,0.0	,0.0	,149.0	,149.0	,JDV024231958880,京东大件物流,浙江省,宁波市,江北区,,,否,否,	,	,	,否,	,	,	,	,	,	,	,	,	,	,	,	,否,否,	,否,否,,	,否,	,否,,,否
VIOMI云米净水器1000G厨下直饮小体积净水机RO机智显龙头3秒满杯,251124-541925066331791,已发货，待收货,1	,正常,2025-11-24 14:08:49,2025-11-25 14:08:49,,2025-11-24 20:06:33,	,842195971715	,1000G大通量RO净水器,1803617356458	,厨房电器,净水器/净水设备及配件耗材,净水器,	,6923185654247	,	,	,	,无售后或售后取消,,2025-11-24 14:08:49,	,,,,,,,否,否,	,否,	,,823.0	,0.0	,50.0	,0.0	,0.0	,0.0	,0.0	,0.0	,773.0	,773.0	,JDV024234195500,京东大件物流,江西省,南昌市,南昌县,,,否,否,	,	,	,否,	,	,	,	,	,	,	,	,	,	,	,	,否,否,	,否,否,,	,否,	,否,,,否
【母婴直饮】云米净水器 SE 600G+ 新升级厨下式RO反渗透直饮家用,251124-037203526053293,已取消,1	,正常,	,	,,	,	,819506595979	,【24年新品】600G升级版6年长效,1787046011387	,厨房电器,净水器/净水设备及配件耗材,净水器,	,6923185653684	,6923185616399	,	,	,无售后或售后取消,,	,	,,,,,,,否,否,	,否,	,,748.0	,0.0	,134.64	,74.8	,0.0	,0.0	,0.0	,0.0	,538.56	,613.36	,	,	,****,****,****,****,,否,否,	,	,	,否,	,	,	,	,	,	,	,	,	,	,	,	,否,否,	,否,	,,	,否,	,否,,,否
【重磅新品】云米净水器600G小海豚升级版厨下式RO反渗透直饮家用,251124-004624258641184,已发货，待收货,1	,正常,2025-11-24 14:01:44,2025-11-25 14:01:44,,2025-11-24 20:06:33,	,225501370546	,小海豚600G,1813468330532	,厨房电器,净水器/净水设备及配件耗材,净水器,	,6923185653684	,6923185616399	,	,	,无售后或售后取消,,2025-11-24 14:01:44,	,,,,,,,否,否,	,否,	,,559.0	,0.0	,0.0	,33.54	,0.0	,0.0	,0.0	,0.0	,525.46	,559.0	,JDV024234195553,京东大件物流,福建省,泉州市,晋江市,,,否,否,	,	,	,否,	,	,	,	,	,	,	,	,	,	,	,	,否,否,	,否,否,,	,否,	,否,,,否
云米电热水器50/60升洗澡家用浴室速热大容量省电防漏电安全保温,251124-586919483001284,已取消,1	,正常,	,	,,	,	,436320010098	,"速热长效保温安全电热水器,60L【3-4人】",1756921788833	,大家电,热水器,电热水器,	,6923185614937	,6923185614920	,	,	,无售后或售后取消,,	,	,,,,,,,否,否,	,否,	,,586.0	,0.0	,30.0	,20.0	,0.0	,0.0	,0.0	,0.0	,536.0	,556.0	,	,	,****,****,****,****,,否,否,	,	,	,否,	,	,	,	,	,	,	,	,	,	,	,	,否,否,	,否,	,,	,否,	,否,,,否
【重磅新品】云米净水器600G小海豚升级版厨下式RO反渗透直饮家用,251124-049996142141572,已发货，退款成功,1	,正常,2025-11-24 13:59:52,2025-11-25 13:59:52,,2025-11-24 17:55:53,	,225501370546	,小海豚600G,1813468330532	,厨房电器,净水器/净水设备及配件耗材,净水器,	,6923185653684	,6923185616399	,ZX2511250061485拦截 [viomi英英sk 11/25 21:16],	,退款成功,,2025-11-24 13:59:52,	,,,,,,,否,否,	,否,	,,559.0	,0.0	,0.0	,0.0	,1.11	,0.0	,0.0	,0.0	,559.0	,559.0	,JDV024234141240,京东大件物流,辽宁省,沈阳市,浑南区,,,否,否,	,	,	,否,	,	,	,	,	,	,	,	,	,	,	,	,否,否,	,否,否,,	,否,	,否,,,否
VIOMI云米净水器600G小蓝调厨下式RO反渗透直饮家用6年长效,251124-616751481252136,已收货,1	,正常,2025-11-24 14:00:00,2025-11-25 14:00:00,,2025-11-24 17:55:53,2025-11-26 11:13:12,850883552953	,RO反渗透除去重金属,1811278299045	,厨房电器,净水器/净水设备及配件耗材,净水器,	,6923185653592	,6923185653592	,	,	,无售后或售后取消,,2025-11-24 14:00:00,	,,,,,,,否,否,	,否,	,,639.19	,0.0	,0.0	,100.0	,5.0	,0.0	,0.0	,0.0	,539.19	,639.19	,JDV024234146171,京东大件物流,河北省,唐山市,路南区,,,否,否,	,	,	,否,	,	,	,	,	,	,	,	,	,	,	,	,否,否,	,否,否,,	,否,	,否,,,否
【重磅新品】云米净水器600G小海豚升级版厨下式RO反渗透直饮家用,251124-307358625361184,已取消,1	,正常,	,	,,	,	,225501370546	,小海豚600G,1813468330532	,厨房电器,净水器/净水设备及配件耗材,净水器,	,6923185653684	,6923185616399	,	,	,无售后或售后取消,,	,	,,,,,,,否,否,	,否,	,,559.0	,0.0	,0.0	,0.0	,0.0	,0.0	,0.0	,0.0	,559.0	,559.0	,	,	,****,****,****,****,,否,否,	,	,	,否,	,	,	,	,	,	,	,	,	,	,	,	,否,否,	,否,	,,	,否,	,否,,,否
云米5.0KW智能燃气灶大火力爆炒灶具一级节能家用厨房双灶头台嵌,251124-176695549440644,已取消,1	,正常,	,	,,	,	,623266189560	,5.0KW精焰猛火灶（天然气）,1690346386816	,大家电,厨房大电,燃气灶,	,6923185649656	,	,	,	,无售后或售后取消,,	,	,,,,,,,否,否,	,否,	,,444.0	,0.0	,0.0	,31.0	,0.0	,0.0	,0.0	,0.0	,413.0	,444.0	,	,	,****,****,****,****,,否,否,	,	,	,否,	,	,	,	,	,	,	,	,	,	,	,	,否,否,	,否,	,,	,否,	,否,,,否
云米5.0KW智能燃气灶大火力爆炒灶具一级节能家用厨房双灶头台嵌,251124-097098165760644,已取消,1	,正常,	,	,,	,	,623266189560	,5.0KW精焰猛火灶（天然气）,1690346386816	,大家电,厨房大电,燃气灶,	,6923185649656	,	,	,	,无售后或售后取消,,	,	,,,,,,,否,否,	,否,	,,444.0	,0.0	,0.0	,20.0	,0.0	,0.0	,0.0	,0.0	,424.0	,444.0	,	,	,****,****,****,****,,否,否,	,	,	,否,	,	,	,	,	,	,	,	,	,	,	,	,否,否,	,否,	,,	,否,	,否,,,否
【重磅新品】云米净水器600G小海豚升级版厨下式RO反渗透直饮家用,251124-526815075903077,已发货，待收货,1	,正常,2025-11-24 13:41:18,2025-11-25 13:41:18,,2025-11-24 20:06:34,	,225501370546	,小海豚600G,1813468330532	,厨房电器,净水器/净水设备及配件耗材,净水器,	,6923185653684	,6923185616399	,	,	,无售后或售后取消,,2025-11-24 13:41:18,	,,,,,,,否,否,	,否,	,,559.0	,0.0	,0.0	,3.0	,0.0	,0.0	,0.0	,0.0	,556.0	,559.0	,JDV024233748416,京东大件物流,重庆市,重庆市,渝北区,,,否,否,	,	,	,否,	,	,	,	,	,	,	,	,	,	,	,	,否,否,	,否,否,,	,否,	,否,,,否
【母婴直饮】云米净水器 SE 600G+ 新升级厨下式RO反渗透直饮家用,251124-184822085960981,已取消,1	,正常,	,	,,	,	,819506595979	,【24年新品】600G升级版6年长效,1787046011387	,厨房电器,净水器/净水设备及配件耗材,净水器,	,6923185653684	,6923185616399	,	,	,无售后或售后取消,,	,	,,,,,,,否,否,	,否,	,,748.0	,0.0	,145.6	,20.0	,0.0	,0.0	,0.0	,0.0	,582.4	,602.4	,	,	,****,****,****,****,,否,否,	,	,	,否,	,	,	,	,	,	,	,	,	,	,	,	,否,否,	,否,	,,	,否,	,否,,,否
云米净水器滤芯小蓝调小海豚600G+专用复合滤芯RO反渗透滤芯过滤,251124-443505764711087,已收货，退款成功,2	,正常,2025-11-24 13:36:01,2025-11-25 13:36:02,,2025-11-24 16:31:58,2025-11-25 19:01:52,296967601341	,5in1复合滤芯 2年长效,1600193054565	,厨房电器,净水器/净水设备及配件耗材,净水器配件耗材,	,6923185627425	,	,【补差】仅退款394.02 [viomi英英sk 11/25 19:02],	,退款成功,,2025-11-24 13:36:02,	,,,,,,,否,否,	,否,	,,598.0	,0.0	,5.98	,0.0	,0.0	,0.0	,0.0	,0.0	,592.02	,592.02	,JDV024231104775,京东大件物流,广西壮族自治区,桂林市,灵川县,,,否,否,	,	,	,否,	,	,	,	,	,	,	,	,	,	,	,	,否,否,	,否,否,,	,否,	,否,,,否
云米顶侧大吸力蓝调油烟机家用厨房节能自清洁一级能效可挥手智控,251124-563399954743404,已取消,1	,正常,	,	,,	,	,657344402006	,云米智清洁挥手智控单烟机,1723825075586	,大家电,厨房大电,油烟机,	,6923185650973	,6923185650973	,	,	,无售后或售后取消,,	,	,,,,,,,否,否,	,否,	,,838.0	,0.0	,42.0	,90.0	,0.0	,0.0	,0.0	,0.0	,706.0	,796.0	,	,	,****,****,****,****,,否,否,	,	,	,否,	,	,	,	,	,	,	,	,	,	,	,	,否,否,	,否,	,,	,否,	,否,,,否
【重磅新品】云米净水器600G小海豚升级版厨下式RO反渗透直饮家用,251124-518332137872946,已发货，待收货,1	,正常,2025-11-24 12:52:49,2025-11-25 12:52:49,,2025-11-24 16:32:22,	,225501370546	,小海豚600G,1813468330532	,厨房电器,净水器/净水设备及配件耗材,净水器,	,6923185653684	,6923185616399	,	,	,无售后或售后取消,,2025-11-24 12:52:49,	,,,,,,,否,否,	,否,	,,559.0	,0.0	,0.0	,33.54	,0.0	,0.0	,0.0	,0.0	,525.46	,559.0	,JDV024232660487,京东大件物流,山东省,青岛市,胶州市,,,否,否,	,	,	,否,	,	,	,	,	,	,	,	,	,	,	,	,否,否,	,否,否,,	,否,	,否,,,否
【重磅新品】云米净水器600G小海豚升级版厨下式RO反渗透直饮家用,251124-217464226152260,已收货,1	,正常,2025-11-24 12:52:07,2025-11-25 12:52:07,,2025-11-24 20:06:34,2025-11-26 08:54:29,225501370546	,小海豚600G,1813468330532	,厨房电器,净水器/净水设备及配件耗材,净水器,	,6923185653684	,6923185616399	,	,	,无售后或售后取消,,2025-11-24 12:52:07,	,,,,,,,否,否,	,否,	,,559.0	,0.0	,0.0	,30.0	,0.0	,0.0	,0.0	,0.0	,529.0	,559.0	,JDV024233769457,京东大件物流,广东省,肇庆市,高要区,,,否,否,	,	,	,否,	,	,	,	,	,	,	,	,	,	,	,	,否,否,	,否,否,,	,否,	,否,,,否
云米净水器滤芯家用小海豚小蓝调小白龙系列专用RO反渗透,251124-609201733961121,已发货，待收货,1	,正常,2025-11-24 12:47:01,2025-11-26 12:47:02,,2025-11-24 16:31:58,	,232467205433	,5in1 复合滤芯,1647394585330	,厨房电器,净水器/净水设备及配件耗材,净水器配件耗材,	,6923185627425	,	,	,	,无售后或售后取消,,2025-11-24 12:47:02,	,,,,,,,否,否,	,否,	,,149.0	,0.0	,0.0	,0.0	,0.19	,0.0	,0.0	,0.0	,149.0	,149.0	,JDV024231142989,京东大件物流,湖南省,长沙市,天心区,,,否,否,	,	,	,否,	,	,	,	,	,	,	,	,	,	,	,	,否,否,	,否,否,,	,否,	,否,,,否
云米60L速热电热水器3000W一级节能变频增容租房安全已接入米家AP,251124-062075769162150,已发货，待收货,1	,正常,2025-11-24 12:32:46,2025-11-25 12:32:46,,2025-11-24 20:06:35,	,208071231700	,双管变频速热60L,1660917678582	,大家电,热水器,电热水器,	,6923185602224	,6923185602224	,	,	,无售后或售后取消,,2025-11-24 12:32:46,	,,,,,,,否,否,	,否,	,,699.0	,0.0	,0.0	,34.95	,0.0	,0.0	,0.0	,0.0	,664.05	,699.0	,JDV024231456970,京东大件物流,甘肃省,庆阳市,西峰区,,,否,否,	,	,	,否,	,	,	,	,	,	,	,	,	,	,	,	,否,否,	,否,是,3	,商家,否,	,否,,花呗分期,否
【重磅新品】云米净水器600G小海豚升级版厨下式RO反渗透直饮家用,251124-602637616753180,已收货,1	,正常,2025-11-24 12:24:59,2025-11-25 12:25:00,,2025-11-24 16:31:58,2025-11-25 12:46:04,225501370546	,小海豚600G,1813468330532	,厨房电器,净水器/净水设备及配件耗材,净水器,	,6923185653684	,6923185616399	,	,	,无售后或售后取消,,2025-11-24 12:25:00,	,,,,,,,否,否,	,否,	,,559.0	,0.0	,0.0	,0.0	,15.0	,0.0	,0.0	,0.0	,559.0	,559.0	,JDV024231151620,京东大件物流,广东省,广州市,海珠区,,,否,否,	,	,	,否,	,	,	,	,	,	,	,	,	,	,	,	,否,否,	,否,否,,	,否,	,否,,,否
【6年套装】云米净水器600G小海豚升级版厨下式RO反渗透直饮家用,251124-641183332733046,已发货，待收货,1	,正常,2025-11-24 12:24:18,2025-11-25 12:24:18,,2025-11-24 16:31:58,	,852932116812	,小海豚600G+6年滤芯套装,1812983769340	,厨房电器,净水器/净水设备及配件耗材,净水器,	,S2508151538001,	,TH2C421838246 ,	,售后处理中,,2025-11-24 12:24:18,	,,,,,,,否,否,	,否,	,,764.28	,0.0	,0.0	,76.42	,0.0	,0.0	,0.0	,0.0	,687.86	,764.28	,JDV024230827070,京东大件物流,山东省,青岛市,黄岛区,,,否,否,	,	,	,否,	,	,	,	,	,	,	,	,	,	,	,	,否,否,	,否,否,,	,否,	,否,,,否
【重磅新品】云米净水器600G小海豚升级版厨下式RO反渗透直饮家用,251124-055417249292213,已发货，待收货,1	,正常,2025-11-24 12:21:35,2025-11-25 12:21:35,,2025-11-24 16:31:58,	,225501370546	,小海豚600G,1813468330532	,厨房电器,净水器/净水设备及配件耗材,净水器,	,6923185653684	,6923185616399	,	,	,无售后或售后取消,,2025-11-24 12:21:35,	,,,,,,,否,否,	,否,	,,559.0	,0.0	,0.0	,0.0	,0.0	,0.0	,0.0	,0.0	,559.0	,559.0	,JDV024231414510,京东大件物流,北京市,北京市,朝阳区,,,否,否,	,	,	,否,	,	,	,	,	,	,	,	,	,	,	,	,否,否,	,否,否,,	,否,	,否,,,否
【重磅新品】云米净水器600G小海豚升级版厨下式RO反渗透直饮家用,251124-169890291260940,已发货，待收货,1	,正常,2025-11-24 12:20:54,2025-11-25 12:20:54,,2025-11-24 16:31:58,	,225501370546	,小海豚600G,1813468330532	,厨房电器,净水器/净水设备及配件耗材,净水器,	,6923185653684	,6923185616399	,	,	,无售后或售后取消,,2025-11-24 12:20:54,	,,,,,,,否,否,	,否,	,,559.0	,0.0	,0.0	,0.0	,1.11	,0.0	,0.0	,0.0	,559.0	,559.0	,JDV024231116089,京东大件物流,新疆维吾尔自治区,伊犁哈萨克自治州,伊宁市,,,否,否,	,	,	,否,	,	,	,	,	,	,	,	,	,	,	,	,否,否,	,否,否,,	,否,	,否,,,否
云米电热水器40升洗澡家用租房储水式速热抑菌节能省电安全卫生间,251124-337064804773579,已发货，待收货,1	,正常,2025-11-24 21:22:15,2025-11-25 21:22:15,2025-11-26 23:59:59,2025-11-25 14:17:25,	,661859626284	,"速热抑菌洗-40L,小海豚热水器",1750073590149	,大家电,热水器,电热水器,	,6923185681281	,6923185681281	,15824361998安装 [viomi诺诺sk 11/27 14:02],	,无售后或售后取消,,2025-11-24 21:22:15,	,,,,,,,否,否,	,否,	,,462.0	,0.0	,24.0	,16.0	,0.0	,0.0	,0.0	,0.0	,422.0	,438.0	,JDLD12915201517,京东大件物流,浙江省,嘉兴市,平湖市,,,否,否,	,	,	,否,	,	,	,	,	,	,	,	,	,	,	,	,否,否,	,否,否,,	,否,	,否,,,否
【重磅新品】云米净水器600G小海豚升级版厨下式RO反渗透直饮家用,251124-349008116070297,已取消,1	,正常,	,	,,	,	,225501370546	,小海豚600G,1813468330532	,厨房电器,净水器/净水设备及配件耗材,净水器,	,6923185653684	,6923185616399	,	,	,无售后或售后取消,,	,	,,,,,,,否,否,	,否,	,,559.0	,0.0	,0.0	,0.0	,0.0	,0.0	,0.0	,0.0	,559.0	,559.0	,	,	,****,****,****,****,,否,否,	,	,	,否,	,	,	,	,	,	,	,	,	,	,	,	,否,否,	,否,	,,	,否,	,否,,,否
VIOMI云米净水器600G小蓝调厨下式RO反渗透直饮家用6年长效,251124-296348577414075,已收货,1	,正常,2025-11-24 11:53:50,2025-11-25 11:54:17,,2025-11-24 17:55:53,2025-11-26 14:42:37,850883552953	,RO反渗透除去重金属,1811278299045	,厨房电器,净水器/净水设备及配件耗材,净水器,	,6923185653592	,6923185653592	,	,	,无售后或售后取消,,2025-11-24 11:54:17,	,,,,,,,否,否,	,否,	,,639.19	,0.0	,0.0	,100.0	,5.39	,0.0	,0.0	,0.0	,539.19	,639.19	,JDV024231107269,京东大件物流,北京市,北京市,顺义区,,,否,否,	,	,	,否,	,	,	,	,	,	,	,	,	,	,	,	,否,否,	,否,否,,	,否,	,否,,,否
【母婴直饮】云米净水器 SE 600G+ 新升级厨下式RO反渗透直饮家用,251124-497077512530489,未发货，退款成功,1	,正常,2025-11-24 11:38:55,2025-11-25 11:38:55,,	,	,819506595979	,【24年新品】600G升级版6年长效,1787046011387	,厨房电器,净水器/净水设备及配件耗材,净水器,	,6923185653684	,6923185616399	,聚水潭已取消发货  已退款  11.24,	,退款成功,,2025-11-24 11:38:55,	,,,,,,,否,否,	,否,	,,748.0	,0.0	,136.6	,65.0	,0.0	,0.0	,0.0	,0.0	,546.4	,611.4	,	,	,甘肃省,武威市,凉州区,,,否,否,	,	,	,否,	,	,	,	,	,	,	,	,	,	,	,	,否,否,	,否,是,3	,商家,否,	,否,,信用卡分期,否
云米净水器滤芯小蓝调小海豚600G+专用复合滤芯RO反渗透滤芯过滤,251124-188974446882644,已发货，待收货,2	,正常,2025-11-24 11:32:22,2025-11-25 11:32:22,,2025-11-24 16:31:59,	,296967601341	,5in1复合滤芯 2年长效,1600193054565	,厨房电器,净水器/净水设备及配件耗材,净水器配件耗材,	,6923185627425	,	,后返，到手价99/根,	,无售后或售后取消,,2025-11-24 11:32:22,	,,,,,,,否,否,	,否,	,,598.0	,0.0	,5.98	,0.0	,0.0	,0.0	,0.0	,0.0	,592.02	,592.02	,JDV024228244556,京东大件物流,四川省,成都市,成华区,,,否,否,	,	,	,否,	,	,	,	,	,	,	,	,	,	,	,	,否,否,	,否,否,,	,否,	,否,,,否
【重磅新品】云米净水器600G小海豚升级版厨下式RO反渗透直饮家用,251124-519359752482644,已发货，待收货,1	,正常,2025-11-24 11:30:33,2025-11-25 11:30:33,,2025-11-24 16:31:58,	,225501370546	,小海豚600G,1813468330532	,厨房电器,净水器/净水设备及配件耗材,净水器,	,6923185653684	,6923185616399	,	,	,无售后或售后取消,,2025-11-24 11:30:33,	,,,,,,,否,否,	,否,	,,559.0	,0.0	,0.0	,0.0	,0.0	,0.0	,0.0	,0.0	,559.0	,559.0	,JDV024231143134,京东大件物流,四川省,成都市,成华区,,,否,否,	,	,	,否,	,	,	,	,	,	,	,	,	,	,	,	,否,否,	,否,否,,	,否,	,否,,,否
云米顶侧大吸力蓝调油烟机家用厨房节能自清洁一级能效可挥手智控,251124-289784533360702,已取消,1	,正常,	,	,,	,	,657344402006	,云米智清洁挥手智控单烟机,1723825075586	,大家电,厨房大电,油烟机,	,6923185650973	,6923185650973	,	,	,无售后或售后取消,,	,	,,,,,,,否,否,	,否,	,,838.0	,0.0	,42.0	,100.0	,0.0	,0.0	,0.0	,0.0	,696.0	,796.0	,	,	,****,****,****,****,,否,否,	,	,	,否,	,	,	,	,	,	,	,	,	,	,	,	,否,否,	,否,	,,	,否,	,否,,,否
【6年套装】云米净水器600G小海豚升级版厨下式RO反渗透直饮家用,251124-610124501391080,已取消,1	,正常,	,	,,	,	,852932116812	,小海豚600G+6年滤芯套装,1812983769340	,厨房电器,净水器/净水设备及配件耗材,净水器,	,S2508151538001,	,	,	,无售后或售后取消,,	,	,,,,,,,否,否,	,否,	,,764.28	,0.0	,0.0	,76.42	,0.0	,0.0	,0.0	,0.0	,687.86	,764.28	,	,	,****,****,****,****,,否,否,	,	,	,否,	,	,	,	,	,	,	,	,	,	,	,	,否,否,	,否,	,,	,否,	,否,,,否
云米小厨宝6L电热水器厨房卫生间出水恒温储水式小型速热神器加热,251124-656586841691668,已发货，待收货,5	,正常,2025-11-24 11:12:48,2025-11-25 11:12:48,,2025-11-24 16:31:59,	,208073193570	,热水即刻有-【6L】,1801828025682	,大家电,热水器,厨宝,	,6923185611233	,6923185611233	,	,	,无售后或售后取消,,2025-11-24 11:12:48,	,,,,,,,否,否,	,否,	,,1395.0	,0.0	,70.0	,0.0	,0.0	,0.0	,0.0	,0.0	,1325.0	,1325.0	,JDV024231114666,京东大件物流,贵州省,安顺市,紫云苗族布依族自治县,,,否,否,	,	,	,否,	,	,	,	,	,	,	,	,	,	,	,	,否,否,	,否,否,,	,否,	,否,,,否
云米顶侧双吸烟灶套装22m³大吸力抽油烟机聚能猛火灶节能燃气家用,251124-492348392993702,未发货，退款成功,1	,审核中，请勿发货,2025-11-24 11:06:22,2025-11-25 11:06:22,,	,	,382839923175	,【两件套】顶侧双吸烟机+5.2KW灶（天）,1743705224006	,大家电,厨房大电,烟灶消套装,	,S2309261029001,蓝调套装,聚水潭已取消发货  已退款  11.24,	,退款成功,,2025-11-24 11:06:22,	,,,,,,,否,否,	,否,	,,1205.0	,0.0	,61.0	,80.0	,0.0	,0.0	,0.0	,0.0	,1064.0	,1144.0	,	,	,河南省,濮阳市,华龙区,,,否,否,	,	,	,否,	,	,	,	,	,	,	,	,	,	,	,	,否,否,	,否,	,,	,否,	,否,,,否
云米即热净水器厨房家用直饮RO反渗透加热净饮一体机1000G,251124-215125922212848,已取消,1	,正常,	,	,,	,	,846360072018	,即热直饮 1000G大通量,1807240839093	,厨房电器,净水器/净水设备及配件耗材,净水器,	,6923185651116	,6923185651116	,	,	,无售后或售后取消,,	,	,,,,,,,否,否,	,否,	,,1439.0	,0.0	,0.0	,50.0	,0.0	,0.0	,0.0	,0.0	,1389.0	,1439.0	,	,	,****,****,****,****,,否,否,	,	,	,否,	,	,	,	,	,	,	,	,	,	,	,	,否,否,	,否,	,,	,否,	,否,,,否
【6年套装】云米净水器600G小海豚升级版厨下式RO反渗透直饮家用,251124-168569085443892,已发货，退款成功,1	,正常,2025-11-24 11:04:09,2025-11-25 11:04:10,,2025-11-24 16:31:58,	,852932116812	,小海豚600G+6年滤芯套装,1812983769340	,厨房电器,净水器/净水设备及配件耗材,净水器,	,S2508151538001,	,后返，送TDS笔,	,退款成功,,2025-11-24 11:04:10,	,,,,,,,否,否,	,否,	,,764.28	,0.0	,0.0	,100.0	,6.8	,0.0	,0.0	,0.0	,664.28	,764.28	,JDV024229910349,京东大件物流,河北省,保定市,竞秀区,,,否,否,	,	,	,否,	,	,	,	,	,	,	,	,	,	,	,	,否,否,	,否,否,,	,否,	,否,,,否
【母婴直饮】云米净水器 SE 600G+ 新升级厨下式RO反渗透直饮家用,251124-652256285072694,已发货，待收货,1	,正常,2025-11-24 10:58:16,2025-11-25 10:58:16,,2025-11-24 16:31:59,	,819506595979	,【24年新品】600G升级版6年长效,1787046011387	,厨房电器,净水器/净水设备及配件耗材,净水器,	,6923185653684	,6923185616399	,13052933747安装 [viomi英英sk 11/25 15:37],	,无售后或售后取消,,2025-11-24 10:58:16,	,,,,,,,否,否,	,否,	,,748.0	,0.0	,147.6	,10.0	,0.0	,0.0	,0.0	,0.0	,590.4	,600.4	,JDV024227682425,京东大件物流,广东省,汕头市,金平区,,,否,否,	,	,	,否,	,	,	,	,	,	,	,	,	,	,	,	,否,否,	,否,否,,	,否,	,否,,,否
云米顶侧大吸力蓝调油烟机家用厨房节能自清洁一级能效可挥手智控,251124-143959058791692,已发货，待收货,1	,正常,2025-11-24 10:57:18,2025-11-25 10:57:19,,2025-11-24 16:32:00,	,657344402006	,云米智清洁挥手智控单烟机,1723825075586	,大家电,厨房大电,油烟机,	,6923185650973	,6923185650973	,	,	,无售后或售后取消,,2025-11-24 10:57:19,	,,,,,,,否,否,	,否,	,,838.0	,0.0	,42.0	,0.0	,0.0	,0.0	,0.0	,0.0	,796.0	,796.0	,JDV024227891098,京东大件物流,浙江省,杭州市,萧山区,,,否,否,	,	,	,否,	,	,	,	,	,	,	,	,	,	,	,	,否,否,	,否,否,,	,否,	,否,,,否
云米电热水器40升洗澡家用租房储水式速热抑菌节能省电安全卫生间,251124-597206055333579,未发货，退款成功,1	,正常,2025-11-24 10:51:42,2025-11-25 10:51:42,2025-11-26 23:59:59,	,	,661859626284	,"速热抑菌洗-40L,小海豚热水器",1750073590149	,大家电,热水器,电热水器,	,6923185681281	,6923185681281	,已挂起锁定 无需发货  已退款成功 11.24,	,退款成功,,2025-11-24 10:51:42,	,,,,,,,否,否,	,否,	,,462.0	,0.0	,24.0	,16.0	,0.0	,0.0	,0.0	,0.0	,422.0	,438.0	,	,	,浙江省,嘉兴市,平湖市,,,否,否,	,	,	,否,	,	,	,	,	,	,	,	,	,	,	,	,否,否,	,否,否,,	,否,	,否,,,否
云米电热水器40升洗澡家用租房储水式速热抑菌节能省电安全卫生间,251124-191365190053579,已取消,1	,正常,	,	,,	,	,661859626284	,"速热抑菌洗-40L,小海豚热水器",1750073590149	,大家电,热水器,电热水器,	,6923185681281	,6923185681281	,	,	,无售后或售后取消,,	,	,,,,,,,否,否,	,否,	,,462.0	,0.0	,24.0	,16.0	,0.0	,0.0	,0.0	,0.0	,422.0	,438.0	,	,	,****,****,****,****,,否,否,	,	,	,否,	,	,	,	,	,	,	,	,	,	,	,	,否,否,	,否,	,,	,否,	,否,,,否
1级能效云米电热水器 智能联网 免更换镁棒 短款3300W速热 Smart2,251124-356274727281234,已收货,1	,正常,2025-11-24 10:37:28,2025-11-25 10:37:29,,2025-11-24 16:32:00,2025-11-27 12:47:48,415597395169	,60L-3300W速热不久等,1635778949331	,大家电,热水器,电热水器,	,6923185651444	,6923185651444	,	,	,无售后或售后取消,,2025-11-24 10:37:29,	,,,,,,,否,否,	,否,	,,1099.0	,0.0	,0.0	,0.0	,0.0	,0.0	,0.0	,0.0	,1099.0	,1099.0	,JDV024227212131,京东大件物流,山西省,太原市,杏花岭区,,,否,否,	,	,	,否,	,	,	,	,	,	,	,	,	,	,	,	,否,否,	,否,否,,	,否,	,否,,,否
云米水槽下水器垃圾处理器粉碎机下水道厨余搅碎机抑菌厨房家用,251124-312821685883864,已发货，待收货,1	,正常,2025-11-24 10:29:51,2025-11-25 10:29:52,,2025-11-24 16:32:00,	,852614628903	,【智能】厨余垃圾处理器,1812695452997	,厨房电器,食物垃圾处理机,食物垃圾处理机,	,6923185610250	,6923185610250	,	,	,无售后或售后取消,,2025-11-24 10:29:52,	,,,,,,,否,否,	,否,	,,889.0	,0.0	,0.0	,0.0	,0.0	,0.0	,0.0	,0.0	,889.0	,889.0	,JDV024227244853,京东大件物流,浙江省,金华市,义乌市,,,否,否,	,	,	,否,	,	,	,	,	,	,	,	,	,	,	,	,否,否,	,否,否,,	,否,	,否,,,否
云米顶侧大吸力蓝调油烟机家用厨房节能自清洁一级能效可挥手智控,251124-001939904142930,已发货，待收货,1	,正常,2025-11-24 10:25:54,2025-11-25 10:25:54,,2025-11-24 16:32:00,	,657344402006	,云米智清洁挥手智控单烟机,1723825075586	,大家电,厨房大电,油烟机,	,6923185650973	,6923185650973	,	,	,无售后或售后取消,,2025-11-24 10:25:54,	,,,,,,,否,否,	,否,	,,838.0	,0.0	,42.0	,0.0	,0.0	,0.0	,0.0	,0.0	,796.0	,796.0	,JDV024227005356,京东大件物流,四川省,成都市,锦江区,,,否,否,	,	,	,否,	,	,	,	,	,	,	,	,	,	,	,	,否,否,	,否,否,,	,否,	,否,,,否
云米顶侧大吸力蓝调油烟机家用厨房节能自清洁一级能效可挥手智控,251124-239243138702930,已取消,1	,正常,	,	,,	,	,657344402006	,云米智清洁挥手智控单烟机,1723825075586	,大家电,厨房大电,油烟机,	,6923185650973	,6923185650973	,	,	,无售后或售后取消,,	,	,,,,,,,否,否,	,否,	,,838.0	,0.0	,42.0	,0.0	,0.0	,0.0	,0.0	,0.0	,796.0	,796.0	,	,	,****,****,****,****,,否,否,	,	,	,否,	,	,	,	,	,	,	,	,	,	,	,	,否,否,	,否,	,,	,否,	,否,,,否
【重磅新品】云米净水器600G小海豚升级版厨下式RO反渗透直饮家用,251124-282077447692905,已发货，待收货,1	,正常,2025-11-24 10:17:20,2025-11-25 10:17:21,,2025-11-24 16:31:58,	,225501370546	,小海豚600G,1813468330532	,厨房电器,净水器/净水设备及配件耗材,净水器,	,6923185653684	,6923185616399	,17566691897咨询 [viomi英英sk 11/25 16:23],	,售后处理中,,2025-11-24 10:17:21,	,,,,,,,否,否,	,否,	,,559.0	,0.0	,0.0	,10.0	,0.0	,0.0	,0.0	,0.0	,549.0	,559.0	,JDV024231157783,京东大件物流,广西壮族自治区,南宁市,西乡塘区,,,否,否,	,	,	,否,	,	,	,	,	,	,	,	,	,	,	,	,否,否,	,否,否,,	,否,	,否,,,否
云米100L消毒柜家用超薄嵌入式大容量厨房独立消毒烘干ZTD100A-1,251124-472027052471649,已发货，待收货,1	,正常,2025-11-24 10:08:13,2025-11-26 10:08:13,,2025-11-24 16:32:00,	,220820325711	,嵌入式100L消毒柜,1644782695193	,大家电,厨房大电,消毒柜,	,6923185604303	,6923185604303	,	,	,无售后或售后取消,,2025-11-24 10:08:13,	,,,,,,,否,否,	,否,	,,848.0	,0.0	,0.0	,0.0	,0.0	,0.0	,0.0	,0.0	,848.0	,848.0	,JDV024226586960,京东大件物流,黑龙江省,哈尔滨市,松北区,,,否,否,	,	,	,否,	,	,	,	,	,	,	,	,	,	,	,	,否,否,	,否,否,,	,否,	,否,,,否
【重磅新品】云米净水器600G小海豚升级版厨下式RO反渗透直饮家用,251124-674370690660051,未发货，退款成功,1	,正常,2025-11-24 10:03:45,2025-11-25 10:03:45,,	,	,225501370546	,小海豚600G,1813468330532	,厨房电器,净水器/净水设备及配件耗材,净水器,	,6923185653684	,6923185616399	,聚水潭已取消发货  已退款  11.24,	,退款成功,,2025-11-24 10:03:45,	,,,,,,,否,否,	,否,	,,559.0	,0.0	,0.0	,0.0	,0.0	,0.0	,0.0	,0.0	,559.0	,559.0	,	,	,山东省,德州市,陵城区,,,否,否,	,	,	,否,	,	,	,	,	,	,	,	,	,	,	,	,否,否,	,否,是,3	,商家,否,	,否,,信用卡分期,否
【重磅新品】云米净水器600G小海豚升级版厨下式RO反渗透直饮家用,251124-564186355300051,已取消,1	,正常,	,	,,	,	,225501370546	,小海豚600G,1813468330532	,厨房电器,净水器/净水设备及配件耗材,净水器,	,6923185653684	,6923185616399	,	,	,无售后或售后取消,,	,	,,,,,,,否,否,	,否,	,,559.0	,0.0	,0.0	,0.0	,0.0	,0.0	,0.0	,0.0	,559.0	,559.0	,	,	,****,****,****,****,,否,否,	,	,	,否,	,	,	,	,	,	,	,	,	,	,	,	,否,否,	,否,	,,	,否,	,否,,,否
云米小厨宝6L电热水器厨房卫生间出水恒温储水式小型速热神器加热,251124-624542359083904,未发货，退款成功,1	,正常,2025-11-24 09:49:15,2025-11-25 09:49:16,,	,	,208073193570	,热水即刻有-【6L】,1801828025682	,大家电,热水器,厨宝,	,6923185611233	,6923185611233	,聚水潭已取消发货  已退款  11.24,	,退款成功,,2025-11-24 09:49:16,	,,,,,,,否,否,	,否,	,,279.0	,0.0	,14.0	,0.0	,0.0	,0.0	,0.0	,0.0	,265.0	,265.0	,	,	,辽宁省,大连市,金州区,,,否,否,	,	,	,否,	,	,	,	,	,	,	,	,	,	,	,	,否,否,	,否,否,,	,否,	,否,,,否
【重磅新品】云米净水器600G小海豚升级版厨下式RO反渗透直饮家用,251124-258337687161445,已收货,1	,正常,2025-11-24 09:49:14,2025-11-25 09:49:14,,2025-11-24 16:31:58,2025-11-28 11:52:11,225501370546	,小海豚600G,1813468330532	,厨房电器,净水器/净水设备及配件耗材,净水器,	,6923185653684	,6923185616399	,	,	,无售后或售后取消,,2025-11-24 09:49:14,	,,,,,,,否,否,	,否,	,,559.0	,0.0	,0.0	,0.0	,0.0	,0.0	,0.0	,0.0	,559.0	,559.0	,JDV024231117860,京东大件物流,广东省,珠海市,香洲区,,,否,否,	,	,	,否,	,	,	,	,	,	,	,	,	,	,	,	,否,否,	,否,否,,	,否,	,否,,,否
【重磅新品】云米净水器600G小海豚升级版厨下式RO反渗透直饮家用,251124-670396618300940,未发货，退款成功,1	,正常,2025-11-24 09:44:07,2025-11-25 09:44:07,,	,	,225501370546	,小海豚600G,1813468330532	,厨房电器,净水器/净水设备及配件耗材,净水器,	,6923185653684	,6923185616399	,聚水潭已取消发货  已退款  11.24,	,退款成功,,2025-11-24 09:44:07,	,,,,,,,否,否,	,否,	,,559.0	,0.0	,0.0	,0.0	,1.11	,0.0	,0.0	,0.0	,559.0	,559.0	,	,	,新疆维吾尔自治区,伊犁哈萨克自治州,伊宁市,,,否,否,	,	,	,否,	,	,	,	,	,	,	,	,	,	,	,	,否,否,	,否,否,,	,否,	,否,,,否
云米22m³顶侧大吸力蓝调低噪油烟机猛火天燃气灶智能套装家用厨房,251124-433292592740506,已取消,1	,正常,	,	,,	,	,388827922980	,【烟灶套装】顶侧双吸+5.0猛火灶（液）,1752816957653	,大家电,厨房大电,烟灶消套装,	,S2411211436001,S2409261025001,	,	,无售后或售后取消,,	,	,,,,,,,否,否,	,否,	,,1285.0	,0.0	,189.0	,40.0	,0.0	,0.0	,0.0	,0.0	,1056.0	,1096.0	,	,	,****,****,****,****,,否,否,	,	,	,否,	,	,	,	,	,	,	,	,	,	,	,	,否,否,	,否,	,,	,否,	,否,,,否
【母婴直饮】云米净水器 SE 600G+ 新升级厨下式RO反渗透直饮家用,251124-145290750392996,已取消,1	,正常,	,	,,	,	,819506595979	,【24年新品】600G升级版6年长效,1787046011387	,厨房电器,净水器/净水设备及配件耗材,净水器,	,6923185653684	,6923185616399	,	,	,无售后或售后取消,,	,	,,,,,,,否,否,	,否,	,,748.0	,0.0	,134.64	,74.8	,0.0	,0.0	,0.0	,0.0	,538.56	,613.36	,	,	,****,****,****,****,,否,否,	,	,	,否,	,	,	,	,	,	,	,	,	,	,	,	,否,否,	,否,	,,	,否,	,否,,,否
云米净水器滤芯家用小海豚小蓝调小白龙系列专用RO反渗透,251124-356190841242996,已发货，待收货,1	,正常,2025-11-24 09:28:46,2025-11-26 09:28:46,,2025-11-24 16:32:00,	,232467205433	,5in1 复合滤芯,1647394585330	,厨房电器,净水器/净水设备及配件耗材,净水器配件耗材,	,6923185627425	,	,	,	,无售后或售后取消,,2025-11-24 09:28:46,	,,,,,,,否,否,	,否,	,,149.0	,0.0	,0.0	,0.0	,0.13	,0.0	,0.0	,0.0	,149.0	,149.0	,JDV024225470593,京东大件物流,山西省,太原市,晋源区,,,否,否,	,	,	,否,	,	,	,	,	,	,	,	,	,	,	,	,否,否,	,否,否,,	,否,	,否,,,否
【6年套装】云米净水器600G小海豚升级版厨下式RO反渗透直饮家用,251124-504019033633545,已发货，待收货,1	,正常,2025-11-24 09:27:58,2025-11-25 09:27:59,,2025-11-24 16:31:59,	,852932116812	,小海豚600G+6年滤芯套装,1812983769340	,厨房电器,净水器/净水设备及配件耗材,净水器,	,S2508151538001,	,	,	,无售后或售后取消,,2025-11-24 09:27:59,	,,,,,,,否,否,	,否,	,,764.28	,0.0	,0.0	,100.0	,0.0	,0.0	,0.0	,0.0	,664.28	,764.28	,JDV024231107762,京东大件物流,广东省,广州市,白云区,,,否,否,	,	,	,否,	,	,	,	,	,	,	,	,	,	,	,	,否,否,	,否,否,,	,否,	,否,,,否
云米智能AI门锁3D指纹密码蓝牙可连大容量续航家用公寓自动安全,251124-526552973651492,已发货，待收货,1	,正常,2025-11-24 09:21:17,2025-11-25 09:21:17,,2025-11-24 16:31:59,	,743885774552	,"云米蓝调指纹密码锁LBT11C,黑色",1734954999916	,基础建材,智能门锁/电子锁,智能门锁/电子锁,	,6923185655381	,6923185655381	,	,	,无售后或售后取消,,2025-11-24 09:21:17,	,,,,,,,否,否,	,否,	,,662.0	,0.0	,34.0	,50.0	,1.15	,0.0	,0.0	,0.0	,578.0	,628.0	,JDV024231088412,京东大件物流,广东省,韶关市,武江区,,,否,否,	,	,	,否,	,	,	,	,	,	,	,	,	,	,	,	,否,否,	,否,否,,	,否,	,否,,,否
【母婴直饮】云米净水器 SE 600G+ 新升级厨下式RO反渗透直饮家用,251124-262416679351786,已发货，待收货,1	,正常,2025-11-24 09:17:31,2025-11-25 09:17:32,,2025-11-24 16:31:59,	,819506595979	,【24年新品】600G升级版6年长效,1787046011387	,厨房电器,净水器/净水设备及配件耗材,净水器,	,6923185653684	,6923185616399	,	,	,无售后或售后取消,,2025-11-24 09:17:32,	,,,,,,,否,否,	,否,	,,748.0	,0.0	,129.6	,100.0	,0.0	,0.0	,0.0	,0.0	,518.4	,618.4	,JDV024231114531,京东大件物流,广东省,东莞市,松山湖,,,否,否,	,	,	,否,	,	,	,	,	,	,	,	,	,	,	,	,否,否,	,否,是,3	,商家,否,	,否,,信用卡分期,否
【6年套装】云米净水器600G小海豚升级版厨下式RO反渗透直饮家用,251124-619393850901865,已发货，待收货,1	,正常,2025-11-24 09:15:48,2025-11-25 09:15:49,,2025-11-24 16:31:59,	,852932116812	,小海豚600G+6年滤芯套装,1812983769340	,厨房电器,净水器/净水设备及配件耗材,净水器,	,S2508151538001,	,	,	,无售后或售后取消,,2025-11-24 09:15:49,	,,,,,,,否,否,	,否,	,,764.28	,0.0	,0.0	,50.0	,1.42	,0.0	,0.0	,0.0	,714.28	,764.28	,JDV024231133019,京东大件物流,海南省,儋州市,那大镇,,,否,否,	,	,	,否,	,	,	,	,	,	,	,	,	,	,	,	,否,否,	,否,否,,	,否,	,否,,,否
云米即热净水器厨房家用直饮RO反渗透加热净饮一体机1000G,251124-597038231151623,已取消,1	,正常,	,	,,	,	,846360072018	,即热直饮 1000G大通量,1807240839093	,厨房电器,净水器/净水设备及配件耗材,净水器,	,6923185651116	,6923185651116	,	,	,无售后或售后取消,,	,	,,,,,,,否,否,	,否,	,,1439.0	,0.0	,0.0	,50.0	,0.0	,0.0	,0.0	,0.0	,1389.0	,1439.0	,	,	,****,****,****,****,,否,否,	,	,	,否,	,	,	,	,	,	,	,	,	,	,	,	,否,否,	,否,	,,	,否,	,否,,,否
【重磅新品】云米净水器600G小海豚升级版厨下式RO反渗透直饮家用,251124-671424192092818,已发货，待收货,1	,正常,2025-11-24 09:01:49,2025-11-25 09:01:49,,2025-11-24 16:31:59,	,225501370546	,小海豚600G,1813468330532	,厨房电器,净水器/净水设备及配件耗材,净水器,	,6923185653684	,6923185616399	,	,	,无售后或售后取消,,2025-11-24 09:01:49,	,,,,,,,否,否,	,否,	,,559.0	,0.0	,0.0	,0.0	,8.0	,0.0	,0.0	,0.0	,559.0	,559.0	,JDV024231088151,京东大件物流,广东省,广州市,花都区,,,否,否,	,	,	,否,	,	,	,	,	,	,	,	,	,	,	,	,否,否,	,否,否,,	,否,	,否,,,否
云米净水器滤芯家用小海豚小蓝调小白龙系列专用RO反渗透,251124-307295742260009,待发货,1	,正常,2025-11-24 08:59:28,2025-11-26 08:59:28,,	,	,232467205433	,5in1 复合滤芯,1647394585330	,厨房电器,净水器/净水设备及配件耗材,净水器配件耗材,	,6923185627425	,	,待提供大陆手机号,	,无售后或售后取消,,2025-11-24 08:59:28,	,,,,,,,否,否,	,否,中国香港集运/转运,,149.0	,0.0	,0.0	,29.8	,0.0	,0.0	,0.0	,0.0	,119.2	,149.0	,	,	,广东省,珠海市,香洲区,,,否,否,	,	,	,否,	,	,	,	,	,	,	,	,	,	,	,	,否,否,	,否,否,,	,否,	,否,,,否
云米即热净水器厨房家用直饮RO反渗透加热净饮一体机1000G,251124-036721191203278,已收货，退款成功,1	,正常,2025-11-24 08:56:04,2025-11-25 08:56:04,,2025-11-24 16:32:00,2025-11-27 16:12:12,846360072018	,即热直饮 1000G大通量,1807240839093	,厨房电器,净水器/净水设备及配件耗材,净水器,	,6923185651116	,6923185651116	,后返，到手价1295=1439-1295=144差价待 [viomi慧慧sk 11/25 20:59]=差价144仅退款 [viomi莉莉sk 11/27 16:16],	,退款成功,,2025-11-24 08:56:04,	,,,,,,,否,否,	,否,	,,1439.0	,0.0	,0.0	,0.0	,0.0	,0.0	,0.0	,0.0	,1439.0	,1439.0	,JDV024225765532,京东大件物流,湖南省,常德市,武陵区,,,否,否,	,	,	,否,	,	,	,	,	,	,	,	,	,	,	,	,否,否,	,否,是,3	,消费者,否,	,否,,花呗分期,否
云米顶侧大吸力蓝调油烟机家用厨房节能自清洁一级能效可挥手智控,251124-218544290163727,已发货，待收货,1	,正常,2025-11-24 08:46:37,2025-11-25 08:46:37,,2025-11-24 16:31:59,	,657344402006	,云米智清洁挥手智控单烟机,1723825075586	,大家电,厨房大电,油烟机,	,6923185650973	,6923185650973	,18750608881安装 [viomi英英sk 11/25 18:29],	,无售后或售后取消,,2025-11-24 08:46:37,	,,,,,,,否,否,	,否,	,,838.0	,0.0	,42.0	,39.8	,0.0	,0.0	,0.0	,0.0	,756.2	,796.0	,JDV024231117294,京东大件物流,福建省,泉州市,惠安县,,,否,否,	,	,	,否,	,	,	,	,	,	,	,	,	,	,	,	,否,否,	,否,否,,	,否,	,否,,,否
云米智能小鲸鱼马桶盖全自动即热恒温带烘干坐垫圈抗菌除臭自清洗,251124-497801030040896,已取消,1	,正常,	,	,,	,	,765112154467	,智能抗菌即热式马桶盖,1749961522912	,家装主材,卫浴陶瓷,智能坐便盖板,	,6923185654537	,6923185654537	,	,	,无售后或售后取消,,	,	,,,,,,,否,否,	,否,	,,699.0	,0.0	,0.0	,100.0	,0.0	,0.0	,0.0	,0.0	,599.0	,699.0	,	,	,****,****,****,****,,否,否,	,	,	,否,	,	,	,	,	,	,	,	,	,	,	,	,否,否,	,否,	,,	,否,	,否,,,否
【重磅新品】云米净水器600G小海豚升级版厨下式RO反渗透直饮家用,251124-131491448392867,已取消,1	,正常,	,	,,	,	,225501370546	,小海豚600G,1813468330532	,厨房电器,净水器/净水设备及配件耗材,净水器,	,6923185653684	,6923185616399	,	,	,无售后或售后取消,,	,	,,,,,,,否,否,	,否,	,,559.0	,0.0	,0.0	,3.0	,0.0	,0.0	,0.0	,0.0	,556.0	,559.0	,	,	,****,****,****,****,,否,否,	,	,	,否,	,	,	,	,	,	,	,	,	,	,	,	,否,否,	,否,	,,	,否,	,否,,,否
VIOMI云米净水器大通量小海豚800G反渗透RO厨下式家用长效滤芯,251124-219257249332177,已收货,1	,正常,2025-11-24 08:24:55,2025-11-25 08:24:55,,2025-11-24 16:32:00,2025-11-28 09:57:19,837957770723	,800G大通量纯水机,1809123722986	,厨房电器,净水器/净水设备及配件耗材,净水器,	,6923185653974	,	,18973918668安装 [viomi莉莉sk 11/26 20:37],	,无售后或售后取消,,2025-11-24 08:24:55,	,,,,,,,否,否,	,否,	,,749.0	,0.0	,0.0	,60.59	,0.0	,0.0	,0.0	,0.0	,688.41	,749.0	,JDV024225786556,京东大件物流,湖南省,邵阳市,新宁县,,,否,否,	,	,	,否,	,	,	,	,	,	,	,	,	,	,	,	,否,否,	,否,否,,	,否,	,否,,,否
VIOMI云米净水器大通量小海豚800G反渗透RO厨下式家用长效滤芯,251124-133357903412177,已收货，退款成功,1	,正常,2025-11-24 08:24:55,2025-11-25 08:24:55,,2025-11-24 16:32:00,2025-11-28 09:58:21,850333437206	,竹炭复合商品滤芯,1810726753549	,厨房电器,净水器/净水设备及配件耗材,净水器,	,6923185654193	,	,后返，到手价99==【补差】仅退款200 [viomi英英sk 11/28 10:07],	,退款成功,,2025-11-24 08:24:55,	,,,,,,,否,否,	,否,	,,299.0	,0.0	,0.0	,24.18	,0.0	,0.0	,0.0	,0.0	,274.82	,299.0	,JDV024225750755,京东大件物流,湖南省,邵阳市,新宁县,,,否,否,	,	,	,否,	,	,	,	,	,	,	,	,	,	,	,	,否,否,	,否,否,,	,否,	,否,,,否
云米净饮机X2系列滤芯X2mini mango复合滤芯5in1/6in1 RO反渗透,251124-120848433460344,已取消,1	,正常,	,	,,	,	,243153009643	,X2/X2 Pro RO反渗透滤芯,1360931817931	,厨房电器,净水器/净水设备及配件耗材,净水器配件耗材,	,6923185616177	,6923185614258	,	,	,无售后或售后取消,,	,	,,,,,,,否,否,	,否,	,,189.0	,0.0	,0.0	,37.8	,0.0	,0.0	,0.0	,0.0	,151.2	,189.0	,	,	,****,****,****,****,,否,否,	,	,	,否,	,	,	,	,	,	,	,	,	,	,	,	,否,否,	,否,	,,	,否,	,否,,,否
【重磅新品】云米净水器600G小海豚升级版厨下式RO反渗透直饮家用,251124-319532592711547,已取消,1	,正常,	,	,,	,	,225501370546	,小海豚600G,1813468330532	,厨房电器,净水器/净水设备及配件耗材,净水器,	,6923185653684	,6923185616399	,	,	,无售后或售后取消,,	,	,,,,,,,否,否,	,否,	,,559.0	,0.0	,0.0	,0.0	,0.0	,0.0	,0.0	,0.0	,559.0	,559.0	,	,	,****,****,****,****,,否,否,	,	,	,否,	,	,	,	,	,	,	,	,	,	,	,	,否,否,	,否,	,,	,否,	,否,,,否
云米即热净水器厨房家用直饮RO反渗透加热净饮一体机1000G,251124-123060907581227,已收货，退款成功,1	,正常,2025-11-24 08:17:58,2025-11-25 08:17:58,,2025-11-24 16:32:00,2025-11-27 19:15:57,846360072018	,即热直饮 1000G大通量,1807240839093	,厨房电器,净水器/净水设备及配件耗材,净水器,	,6923185651116	,6923185651116	,后返，到手价1295；已登记打款30 [viomi范范sk 11/27 15:27]=差价1439-1295=144仅退款 [viomi莉莉sk 11/27 19:20],	,退款成功,,2025-11-24 08:17:58,	,,,,,,,否,否,	,否,	,,1439.0	,0.0	,0.0	,72.0	,0.0	,0.0	,0.0	,0.0	,1367.0	,1439.0	,JDV024225759628,京东大件物流,上海市,上海市,闵行区,,,否,否,	,	,	,否,	,	,	,	,	,	,	,	,	,	,	,	,否,否,	,否,否,,	,否,	,否,,,否
【重磅新品】云米净水器600G小海豚升级版厨下式RO反渗透直饮家用,251124-058971994432275,未发货，退款成功,1	,正常,2025-11-24 08:17:53,2025-11-25 08:17:54,,	,	,225501370546	,小海豚600G,1813468330532	,厨房电器,净水器/净水设备及配件耗材,净水器,	,6923185653684	,6923185616399	,聚水潭已取消发货  已退款  11.24,	,退款成功,,2025-11-24 08:17:54,	,,,,,,,否,否,	,否,	,,559.0	,0.0	,0.0	,33.54	,0.2	,0.0	,0.0	,0.0	,525.46	,559.0	,	,	,山东省,济宁市,邹城市,,,否,否,	,	,	,否,	,	,	,	,	,	,	,	,	,	,	,	,否,否,	,否,否,,	,否,	,否,,,否
云米即热净水器厨房家用直饮RO反渗透加热净饮一体机1000G,251124-192906565181227,未发货，退款成功,1	,正常,2025-11-24 08:15:44,2025-11-25 08:15:44,,	,	,846360072018	,即热直饮 1000G大通量,1807240839093	,厨房电器,净水器/净水设备及配件耗材,净水器,	,6923185651116	,6923185651116	,后返，到手价1295 聚水潭已取消发货  已退款  11.24,	,退款成功,,2025-11-24 08:15:44,	,,,,,,,否,否,	,否,	,,1439.0	,0.0	,0.0	,72.0	,2.73	,0.0	,0.0	,0.0	,1367.0	,1439.0	,	,	,上海市,上海市,闵行区,,,否,否,	,	,	,否,	,	,	,	,	,	,	,	,	,	,	,	,否,否,	,否,否,,	,否,	,否,,,否
Viomi云米净水器1000G厨下式RO反渗透直饮过滤器净饮小海豚2,251124-433837894024002,已发货，待收货,1	,正常,2025-11-24 20:47:15,2025-11-25 20:47:16,2025-11-26 23:59:59,2025-11-25 09:49:44,	,205458105137	,小海豚2包安装1000G大加仑,1802849942800	,厨房电器,净水器/净水设备及配件耗材,净水器,	,6923185654865	,	,15896379055安装11.26 [viomi范范sk 11/26 09:41],	,无售后或售后取消,,2025-11-24 20:47:16,	,,,,,,,否,否,	,否,	,,999.0	,0.0	,100.0	,100.0	,0.0	,0.0	,0.0	,0.0	,799.0	,899.0	,JDV024242721030,京东大件物流,江苏省,镇江市,丹阳市,,,否,否,	,	,	,否,	,	,	,	,	,	,	,	,	,	,	,	,否,是,	,否,否,,	,否,	,否,,,否
云米60升AI速热高温抑菌电热水器3000W一级节能变频增容家用租房,251124-465420981900291,已取消,1	,正常,	,	,,	,	,226368376224	,3000W速热安全60L热水器,1737176648260	,大家电,热水器,电热水器,	,6923185602224	,6923185602224	,	,	,无售后或售后取消,,	,	,,,,,,,否,否,	,否,	,,654.0	,0.0	,0.0	,0.0	,0.0	,0.0	,0.0	,0.0	,654.0	,654.0	,	,	,****,****,****,****,,否,否,	,	,	,否,	,	,	,	,	,	,	,	,	,	,	,	,否,否,	,否,	,,	,否,	,否,,,否
【母婴直饮】云米净水器 SE 600G+ 新升级厨下式RO反渗透直饮家用,251124-259554087203217,已收货,1	,正常,2025-11-24 07:42:14,2025-11-25 07:42:14,,2025-11-24 16:32:01,2025-11-27 12:27:26,819506595979	,【24年新品】600G升级版6年长效,1787046011387	,厨房电器,净水器/净水设备及配件耗材,净水器,	,6923185653684	,6923185616399	,已登记小额打款39.4 [viomi诺诺sk 11/27 13:36],	,无售后或售后取消,,2025-11-24 07:42:14,	,,,,,,,否,否,	,否,	,,748.0	,0.0	,149.6	,0.0	,0.0	,0.0	,0.0	,0.0	,598.4	,598.4	,JDV024224319414,京东大件物流,河北省,石家庄市,新华区,,,否,否,	,	,	,否,	,	,	,	,	,	,	,	,	,	,	,	,否,否,	,否,否,,	,否,	,否,,,否
【母婴直饮】云米净水器 SE 600G+ 新升级厨下式RO反渗透直饮家用,251124-517870722650849,已收货,1	,正常,2025-11-24 12:00:50,2025-11-25 12:00:50,,2025-11-24 16:31:58,2025-11-26 10:09:12,819506595979	,【24年新品】600G升级版6年长效,1787046011387	,厨房电器,净水器/净水设备及配件耗材,净水器,	,6923185653684	,6923185616399	,18703450175安装 [viomi范范sk 11/26 10:07],	,无售后或售后取消,,2025-11-24 12:00:50,	,,,,,,,否,否,	,否,	,,748.0	,0.0	,131.64	,89.76	,0.0	,0.0	,0.0	,0.0	,526.6	,616.36	,JDV024231107250,京东大件物流,山西省,长治市,上党区,,,否,否,	,	,	,否,	,	,	,	,	,	,	,	,	,	,	,	,否,否,	,否,否,,	,否,	,否,,,否
【母婴直饮】云米净水器 SE 600G+ 新升级厨下式RO反渗透直饮家用,251124-278973662810849,已取消,1	,正常,	,	,,	,	,819506595979	,【24年新品】600G升级版6年长效,1787046011387	,厨房电器,净水器/净水设备及配件耗材,净水器,	,6923185653684	,6923185616399	,	,	,无售后或售后取消,,	,	,,,,,,,否,否,	,否,	,,748.0	,0.0	,139.6	,50.0	,0.0	,0.0	,0.0	,0.0	,558.4	,608.4	,	,	,****,****,****,****,,否,否,	,	,	,否,	,	,	,	,	,	,	,	,	,	,	,	,否,否,	,否,	,,	,否,	,否,,,否
【母婴直饮】云米净水器 SE 600G+ 新升级厨下式RO反渗透直饮家用,251124-542459850272583,已取消,1	,正常,	,	,,	,	,819506595979	,【24年新品】600G升级版6年长效,1787046011387	,厨房电器,净水器/净水设备及配件耗材,净水器,	,6923185653684	,6923185616399	,	,	,无售后或售后取消,,	,	,,,,,,,否,否,	,否,	,,748.0	,0.0	,0.0	,50.0	,0.0	,0.0	,0.0	,0.0	,698.0	,748.0	,	,	,****,****,****,****,,否,否,	,	,	,否,	,	,	,	,	,	,	,	,	,	,	,	,否,否,	,否,	,,	,否,	,否,,,否
【6年套装】云米净水器600G小海豚升级版厨下式RO反渗透直饮家用,251124-448801021472181,未发货，退款成功,1	,正常,2025-11-24 07:12:22,2025-11-25 07:12:23,,	,	,852932116812	,小海豚600G+6年滤芯套装,1812983769340	,厨房电器,净水器/净水设备及配件耗材,净水器,	,S2508151538001,	,聚水潭已取消发货  已退款  11.24,	,退款成功,,2025-11-24 07:12:23,	,,,,,,,否,否,	,否,	,,764.28	,0.0	,0.0	,100.0	,0.0	,0.0	,0.0	,0.0	,664.28	,764.28	,	,	,河南省,驻马店市,确山县,,,否,否,	,	,	,否,	,	,	,	,	,	,	,	,	,	,	,	,否,否,	,否,否,,	,否,	,否,,,否
云米小厨宝6L电热水器厨房卫生间出水恒温储水式小型速热神器加热,251124-163284304313581,已发货，待收货,1	,正常,2025-11-24 07:06:14,2025-11-25 07:06:15,,2025-11-24 16:31:59,	,208073193570	,热水即刻有-【6L】,1801828025682	,大家电,热水器,厨宝,	,6923185611233	,6923185611233	,	,	,无售后或售后取消,,2025-11-24 07:06:15,	,,,,,,,否,否,	,否,	,,279.0	,0.0	,14.0	,50.0	,0.2	,0.0	,0.0	,0.0	,215.0	,265.0	,JDV024226064424,京东大件物流,福建省,福州市,仓山区,,,否,否,	,	,	,否,	,	,	,	,	,	,	,	,	,	,	,	,否,否,	,否,否,,	,否,	,否,,,否
【重磅新品】云米净水器600G小海豚升级版厨下式RO反渗透直饮家用,251124-310273676852569,未发货，退款成功,1	,正常,2025-11-24 06:43:43,2025-11-25 06:43:43,,	,	,225501370546	,小海豚600G,1813468330532	,厨房电器,净水器/净水设备及配件耗材,净水器,	,6923185653684	,6923185616399	,聚水潭已取消发货  已退款  11.24,	,退款成功,,2025-11-24 06:43:43,	,,,,,,,否,否,	,否,	,,559.0	,0.0	,0.0	,0.0	,0.2	,0.0	,0.0	,0.0	,559.0	,559.0	,	,	,浙江省,温州市,乐清市,,,否,否,	,	,	,否,	,	,	,	,	,	,	,	,	,	,	,	,否,否,	,否,否,,	,否,	,否,,,否
VIOMI云米净水器600G小蓝调厨下式RO反渗透直饮家用6年长效,251124-657541087521331,已收货,1	,正常,2025-11-24 06:20:09,2025-11-25 06:20:09,,2025-11-24 16:32:01,2025-11-26 13:24:28,850883552953	,RO反渗透除去重金属,1811278299045	,厨房电器,净水器/净水设备及配件耗材,净水器,	,6923185653592	,6923185653592	,15992559899安装 [viomi英英sk 11/25 17:02],	,无售后或售后取消,,2025-11-24 06:20:09,	,,,,,,,否,否,	,否,	,,639.19	,0.0	,0.0	,100.0	,0.0	,0.0	,0.0	,0.0	,539.19	,639.19	,JDV024225764990,京东大件物流,广东省,揭阳市,惠来县,,,否,否,	,	,	,否,	,	,	,	,	,	,	,	,	,	,	,	,否,否,	,否,否,,	,否,	,否,,,否
【母婴直饮】云米净水器 SE 600G+ 新升级厨下式RO反渗透直饮家用,251124-577650112881106,已收货,1	,正常,2025-11-24 05:44:09,2025-11-25 05:44:09,,2025-11-24 16:32:01,2025-11-28 21:36:20,819506595979	,【24年新品】600G升级版6年长效,1787046011387	,厨房电器,净水器/净水设备及配件耗材,净水器,	,6923185653684	,6923185616399	,差价598.4-559=39.4已登小额 [viomi莉莉sk 11/28 21:39],	,无售后或售后取消,,2025-11-24 05:44:09,	,,,,,,,否,否,	,否,	,,748.0	,0.0	,149.6	,0.0	,0.0	,0.0	,0.0	,0.0	,598.4	,598.4	,JDV024225745805,京东大件物流,新疆维吾尔自治区,哈密市,伊州区,,,否,否,	,	,	,否,	,	,	,	,	,	,	,	,	,	,	,	,否,否,	,否,否,,	,否,	,否,,,否
云米净饮机X2系列滤芯X2mini mango复合滤芯5in1/6in1 RO反渗透,251124-292301063811378,已发货，待收货,1	,正常,2025-11-24 05:06:36,2025-11-26 05:06:36,,2025-11-24 16:32:01,	,243153009643	,X2mini/mango 6合1滤芯,1360803955963	,厨房电器,净水器/净水设备及配件耗材,净水器配件耗材,	,6923185623281	,6923185614258	,	,	,无售后或售后取消,,2025-11-24 05:06:36,	,,,,,,,否,否,	,否,	,,319.0	,0.0	,0.0	,70.0	,0.0	,0.0	,0.0	,0.0	,249.0	,319.0	,JDV024225735886,京东大件物流,广东省,广州市,天河区,,,否,否,	,	,	,否,	,	,	,	,	,	,	,	,	,	,	,	,否,否,	,否,否,,	,否,	,否,,,否
【重磅新品】云米净水器600G小海豚升级版厨下式RO反渗透直饮家用,251124-517535198734060,已取消,1	,正常,	,	,,	,	,225501370546	,小海豚600G,1813468330532	,厨房电器,净水器/净水设备及配件耗材,净水器,	,6923185653684	,6923185616399	,	,	,无售后或售后取消,,	,	,,,,,,,否,否,	,否,	,,559.0	,0.0	,0.0	,0.0	,0.0	,0.0	,0.0	,0.0	,559.0	,559.0	,	,	,****,****,****,****,,否,否,	,	,	,否,	,	,	,	,	,	,	,	,	,	,	,	,否,否,	,否,	,,	,否,	,否,,,否
【重磅新品】云米净水器600G小海豚升级版厨下式RO反渗透直饮家用,251124-056465887562953,未发货，退款成功,1	,正常,2025-11-24 03:19:46,2025-11-25 03:19:46,,	,	,225501370546	,小海豚600G,1813468330532	,厨房电器,净水器/净水设备及配件耗材,净水器,	,6923185653684	,6923185616399	,聚水潭已取消发货  已退款  11.24,	,退款成功,,2025-11-24 03:19:46,	,,,,,,,否,否,	,否,	,,559.0	,0.0	,0.0	,33.54	,0.0	,0.0	,0.0	,0.0	,525.46	,559.0	,	,	,山东省,青岛市,即墨区,,,否,否,	,	,	,否,	,	,	,	,	,	,	,	,	,	,	,	,否,否,	,否,否,,	,否,	,否,,,否
【母婴直饮】云米净水器 SE 600G+ 新升级厨下式RO反渗透直饮家用,251124-393572544050805,已发货，待收货,1	,正常,2025-11-24 02:40:37,2025-11-25 02:40:37,2025-11-26 23:59:59,2025-11-24 16:32:01,	,819506595979	,【24年新品】600G升级版6年长效,1787046011387	,厨房电器,净水器/净水设备及配件耗材,净水器,	,6923185653684	,6923185616399	,17709685816安装 [viomi莉莉sk 11/27 19:52],	,无售后或售后取消,,2025-11-24 02:40:37,	,,,,,,,否,否,	,否,	,,748.0	,0.0	,129.6	,100.0	,0.0	,0.0	,0.0	,0.0	,518.4	,618.4	,JDV024225758664,京东大件物流,安徽省,阜阳市,颍州区,,,否,否,	,	,	,否,	,	,	,	,	,	,	,	,	,	,	,	,否,否,	,否,是,3	,商家,否,	,否,,信用卡分期,否
【重磅新品】云米净水器600G小海豚升级版厨下式RO反渗透直饮家用,251124-625884536370805,未发货，退款成功,1	,正常,2025-11-24 02:36:26,2025-11-25 02:36:26,2025-11-26 23:59:59,	,	,225501370546	,小海豚600G,1813468330532	,厨房电器,净水器/净水设备及配件耗材,净水器,	,6923185653684	,6923185616399	,聚水潭已取消发货  已退款  11.24,	,退款成功,,2025-11-24 02:36:26,	,,,,,,,否,否,	,否,	,,559.0	,0.0	,0.0	,0.0	,0.0	,0.0	,0.0	,0.0	,559.0	,559.0	,	,	,安徽省,阜阳市,颍州区,,,否,否,	,	,	,否,	,	,	,	,	,	,	,	,	,	,	,	,否,否,	,否,是,3	,商家,否,	,否,,信用卡分期,否
【6年套装】云米净水器600G小海豚升级版厨下式RO反渗透直饮家用,251124-059915692351348,已收货,1	,正常,2025-11-24 02:25:20,2025-11-25 02:25:20,,2025-11-24 16:32:00,2025-11-28 19:59:21,852932116812	,小海豚600G+6年滤芯套装,1812983769340	,厨房电器,净水器/净水设备及配件耗材,净水器,	,S2508151538001,	,已登记tds [viomi诺诺sk 11/28 22:04],	,无售后或售后取消,,2025-11-24 02:25:20,	,,,,,,,否,否,	,否,	,,764.28	,0.0	,0.0	,76.42	,0.0	,0.0	,0.0	,0.0	,687.86	,764.28	,JDV024225779283,京东大件物流,四川省,成都市,新都区,,,否,否,	,	,	,否,	,	,	,	,	,	,	,	,	,	,	,	,否,否,	,否,否,,	,否,	,否,,,否
VIOMI云米净水器1000G厨下直饮小体积净水机RO机智显龙头3秒满杯,251124-474669463983815,已收货,1	,正常,2025-11-24 00:58:44,2025-11-25 00:58:44,2025-11-25 23:59:59,2025-11-24 16:32:01,2025-11-25 20:43:24,842195971715	,1000G大通量RO净水器,1803617356458	,厨房电器,净水器/净水设备及配件耗材,净水器,	,6923185654247	,	,	,	,无售后或售后取消,,2025-11-24 00:58:44,	,,,,,,,否,否,	,否,	,,823.0	,0.0	,50.0	,0.0	,0.0	,0.0	,0.0	,0.0	,773.0	,773.0	,JDV024225785394,京东大件物流,广东省,汕头市,潮南区,,,否,否,	,	,	,否,	,	,	,	,	,	,	,	,	,	,	,	,否,否,	,否,否,,	,否,	,否,,,否
【母婴直饮】云米净水器 SE 600G+ 新升级厨下式RO反渗透直饮家用,251124-115605563701841,已发货，待收货,1	,正常,2025-11-24 00:54:17,2025-11-25 00:54:17,,2025-11-24 16:32:00,	,819506595979	,【24年新品】600G升级版6年长效,1787046011387	,厨房电器,净水器/净水设备及配件耗材,净水器,	,6923185653684	,6923185616399	,	,	,无售后或售后取消,,2025-11-24 00:54:17,	,,,,,,,否,否,	,否,	,,748.0	,0.0	,129.6	,100.0	,0.0	,0.0	,0.0	,0.0	,518.4	,618.4	,JDV024225753661,京东大件物流,江西省,南昌市,青云谱区,,,否,否,	,	,	,否,	,	,	,	,	,	,	,	,	,	,	,	,否,否,	,否,否,,	,否,	,否,,,否
VIOMI云米净水器大通量小海豚800G反渗透RO厨下式家用长效滤芯,251124-617202368900561,已收货,1	,正常,2025-11-24 00:49:32,2025-11-25 00:49:32,,2025-11-24 16:32:01,2025-11-26 12:20:05,837957770723	,800G大通量纯水机,1809123722986	,厨房电器,净水器/净水设备及配件耗材,净水器,	,6923185653974	,	,	,	,无售后或售后取消,,2025-11-24 00:49:32,	,,,,,,,否,否,	,否,	,,749.0	,0.0	,0.0	,100.0	,0.0	,0.0	,0.0	,0.0	,649.0	,749.0	,JDV024225785943,京东大件物流,江苏省,徐州市,贾汪区,,,否,否,	,	,	,否,	,	,	,	,	,	,	,	,	,	,	,	,否,否,	,否,否,,	,否,	,否,,,否
云米顶侧大吸力蓝调油烟机家用厨房节能自清洁一级能效可挥手智控,251124-289962770743404,已取消,1	,正常,	,	,,	,	,657344402006	,云米智清洁挥手智控单烟机,1723825075586	,大家电,厨房大电,油烟机,	,6923185650973	,6923185650973	,	,	,无售后或售后取消,,	,	,,,,,,,否,否,	,否,	,,838.0	,0.0	,42.0	,100.0	,0.0	,0.0	,0.0	,0.0	,696.0	,796.0	,	,	,****,****,****,****,,否,否,	,	,	,否,	,	,	,	,	,	,	,	,	,	,	,	,否,否,	,否,	,,	,否,	,否,,,否
云米即热净水器厨房家用直饮RO反渗透加热净饮一体机1000G,251124-418811747923985,已取消,1	,正常,	,	,,	,	,846360072018	,即热直饮 1000G大通量,1807240839093	,厨房电器,净水器/净水设备及配件耗材,净水器,	,6923185651116	,6923185651116	,	,	,无售后或售后取消,,	,	,,,,,,,否,否,	,否,	,,1439.0	,0.0	,0.0	,100.0	,0.0	,0.0	,0.0	,0.0	,1339.0	,1439.0	,	,	,****,****,****,****,,否,否,	,	,	,否,	,	,	,	,	,	,	,	,	,	,	,	,否,否,	,否,	,,	,否,	,否,,,否
【重磅新品】云米净水器600G小海豚升级版厨下式RO反渗透直饮家用,251124-167122071130400,未发货，退款成功,1	,正常,2025-11-24 00:29:04,2025-11-25 00:29:05,,	,	,225501370546	,小海豚600G,1813468330532	,厨房电器,净水器/净水设备及配件耗材,净水器,	,6923185653684	,6923185616399	,聚水潭已取消发货  已退款  11.24,	,退款成功,,2025-11-24 00:29:05,	,,,,,,,否,否,	,否,	,,559.0	,0.0	,0.0	,0.0	,0.0	,0.0	,0.0	,0.0	,559.0	,559.0	,	,	,河北省,邢台市,平乡县,,,否,否,	,	,	,否,	,	,	,	,	,	,	,	,	,	,	,	,否,否,	,否,否,,	,否,	,否,,,否
云米60升AI速热高温抑菌电热水器3000W一级节能变频增容家用租房,251124-386547136873368,未发货，退款成功,1	,正常,2025-11-24 00:27:21,2025-11-25 00:27:22,,	,	,226368376224	,3000W速热安全60L热水器,1737176648260	,大家电,热水器,电热水器,	,6923185602224	,6923185602224	,ZX2511240062153 拦截 11.24,	,退款成功,,2025-11-24 00:27:22,	,,,,,,,否,否,	,否,	,,654.0	,0.0	,0.0	,91.56	,0.0	,0.0	,0.0	,0.0	,562.44	,654.0	,	,	,河南省,驻马店市,正阳县,,,否,否,	,	,	,否,	,	,	,	,	,	,	,	,	,	,	,	,否,否,	,否,否,,	,否,	,否,,,否
云米60升AI速热高温抑菌电热水器3000W一级节能变频增容家用租房,251124-340661451072568,已发货，待收货,1	,正常,2025-11-24 00:24:58,2025-11-25 00:24:59,,2025-11-24 16:32:00,	,226368376224	,3000W速热安全60L热水器,1737176648260	,大家电,热水器,电热水器,	,6923185602224	,6923185602224	,	,	,无售后或售后取消,,2025-11-24 00:24:59,	,,,,,,,否,否,	,否,	,,654.0	,0.0	,0.0	,98.1	,0.0	,0.0	,0.0	,0.0	,555.9	,654.0	,JDV024225758898,京东大件物流,广东省,汕头市,潮阳区,,,否,否,	,	,	,否,	,	,	,	,	,	,	,	,	,	,	,	,否,否,	,否,否,,	,否,	,否,,,否
【冷热直饮套装】云米净水器家用厨下管线机套装一键即热制冷直饮,251124-342695616123826,已发货，待收货,1	,正常,2025-11-24 00:20:39,2025-11-25 00:20:39,,2025-11-24 16:32:01,	,480070620581	,【冷热净水直饮套装】新品净水器+冷热管线机,1620106386127	,厨房电器,净水器/净水设备及配件耗材,净水器,	,S2407170910001,	,	,	,无售后或售后取消,,2025-11-24 00:20:39,	,,,,,,,否,否,	,否,	,,1434.0	,0.0	,0.0	,50.0	,0.0	,0.0	,0.0	,0.0	,1384.0	,1434.0	,JDV024225789804,京东大件物流,广东省,惠州市,惠阳区,,,否,否,	,	,	,否,	,	,	,	,	,	,	,	,	,	,	,	,否,否,	,否,否,,	,否,	,否,,,否
【重磅新品】云米净水器600G小海豚升级版厨下式RO反渗透直饮家用,251124-601295449723184,已收货,1	,正常,2025-11-24 00:09:26,2025-11-25 00:09:26,,2025-11-24 16:32:01,2025-11-28 01:02:21,225501370546	,小海豚600G,1813468330532	,厨房电器,净水器/净水设备及配件耗材,净水器,	,6923185653684	,6923185616399	,18718711016安装 [viomi莉莉sk 11/25 12:52],	,无售后或售后取消,,2025-11-24 00:09:26,	,,,,,,,否,否,	,否,	,,559.0	,0.0	,0.0	,0.0	,0.0	,0.0	,0.0	,0.0	,559.0	,559.0	,JDV024223753160,京东大件物流,广东省,惠州市,惠东县,,,否,否,	,	,	,否,	,	,	,	,	,	,	,	,	,	,	,	,否,否,	,否,否,,	,否,	,否,,,否
【6年套装】云米净水器600G小海豚升级版厨下式RO反渗透直饮家用,251124-101837739643184,未发货，退款成功,1	,正常,2025-11-24 00:08:19,2025-11-25 00:08:19,,	,	,852932116812	,小海豚600G+6年滤芯套装,1812983769340	,厨房电器,净水器/净水设备及配件耗材,净水器,	,S2508151538001,	,聚水潭已取消发货  已退款  11.24,	,退款成功,,2025-11-24 00:08:19,	,,,,,,,否,否,	,否,	,,764.28	,0.0	,0.0	,50.0	,0.0	,0.0	,0.0	,0.0	,714.28	,764.28	,	,	,广东省,惠州市,惠东县,,,否,否,	,	,	,否,	,	,	,	,	,	,	,	,	,	,	,	,否,否,	,否,否,,	,否,	,否,,,否
云米60升AI速热高温抑菌电热水器3000W一级节能变频增容家用租房,251123-169219275072568,已取消,1	,正常,	,	,,	,	,226368376224	,3000W速热安全60L热水器,1737176648260	,大家电,热水器,电热水器,	,6923185602224	,6923185602224	,	,	,无售后或售后取消,,	,	,,,,,,,否,否,	,否,	,,654.0	,0.0	,0.0	,50.0	,0.0	,0.0	,0.0	,0.0	,604.0	,654.0	,	,	,****,****,****,****,,否,否,	,	,	,否,	,	,	,	,	,	,	,	,	,	,	,	,否,否,	,否,	,,	,否,	,否,,,否
【母婴直饮】云米净水器 SE 600G+ 新升级厨下式RO反渗透直饮家用,251123-062411251303337,未发货，退款成功,1	,正常,2025-11-23 23:33:04,2025-11-24 23:33:05,,	,	,819506595979	,【24年新品】600G升级版6年长效,1787046011387	,厨房电器,净水器/净水设备及配件耗材,净水器,	,6923185653684	,6923185616399	,聚水潭已取消发货  已退款  11.24,	,退款成功,,2025-11-23 23:33:05,	,,,,,,,否,否,	,否,	,,748.0	,0.0	,129.6	,100.0	,0.0	,0.0	,0.0	,0.0	,518.4	,618.4	,	,	,江西省,南昌市,青云谱区,,,否,否,	,	,	,否,	,	,	,	,	,	,	,	,	,	,	,	,否,是,	,否,否,,	,否,	,否,,,否
【重磅新品】云米净水器600G小海豚升级版厨下式RO反渗透直饮家用,251123-382268946822423,已取消,1	,正常,	,	,,	,	,225501370546	,小海豚600G,1813468330532	,厨房电器,净水器/净水设备及配件耗材,净水器,	,6923185653684	,6923185616399	,	,	,无售后或售后取消,,	,	,,,,,,,否,否,	,否,	,,559.0	,0.0	,0.0	,0.0	,0.0	,0.0	,0.0	,0.0	,559.0	,559.0	,	,	,****,****,****,****,,否,否,	,	,	,否,	,	,	,	,	,	,	,	,	,	,	,	,否,否,	,否,	,,	,否,	,否,,,否
【重磅新品】云米净水器600G小海豚升级版厨下式RO反渗透直饮家用,251123-010716454553003,已发货，待收货,1	,正常,2025-11-23 23:22:29,2025-11-24 23:22:29,,2025-11-24 16:32:01,	,225501370546	,小海豚600G,1813468330532	,厨房电器,净水器/净水设备及配件耗材,净水器,	,6923185653684	,6923185616399	,	,	,无售后或售后取消,,2025-11-23 23:22:29,	,,,,,,,否,否,	,否,	,,559.0	,0.0	,0.0	,33.54	,16.0	,0.0	,0.0	,0.0	,525.46	,559.0	,JDV024222810384,京东大件物流,山东省,济宁市,金乡县,,,否,否,	,	,	,否,	,	,	,	,	,	,	,	,	,	,	,	,否,否,	,否,是,3	,商家,否,	,否,,信用卡分期,否
云米净水器滤芯PP棉前置后置RO反渗透1号2号3号4号通用装C/V系列,251123-435012267670425,未发货，退款成功,1	,正常,2025-11-23 23:13:23,2025-11-25 23:13:23,,	,	,205467667434	,1号PP棉滤芯超能升级版,760402645809	,厨房电器,净水器/净水设备及配件耗材,净水器配件耗材,	,6923185600190	,	,待提供大陆手机号,	,退款成功,,2025-11-23 23:13:23,	,,,,,,,否,否,	,否,中国澳门集运,,39.0	,0.0	,0.39	,0.0	,0.0	,0.0	,0.0	,0.0	,38.61	,38.61	,	,	,广东省,珠海市,香洲区,,,否,否,	,	,	,否,	,	,	,	,	,	,	,	,	,	,	,	,否,否,	,否,否,,	,否,	,否,,,否
云米净水器滤芯PP棉前置后置RO反渗透1号2号3号4号通用装C/V系列,251123-263213575830425,未发货，退款成功,1	,正常,2025-11-23 23:13:23,2025-11-25 23:13:23,,	,	,205467667434	,2号前置活性炭超能 升级版,1734505276913	,厨房电器,净水器/净水设备及配件耗材,净水器配件耗材,	,6923185680772	,	,待提供大陆手机号,	,退款成功,,2025-11-23 23:13:23,	,,,,,,,否,否,	,否,中国澳门集运,,53.0	,0.0	,0.53	,0.0	,0.0	,0.0	,0.0	,0.0	,52.47	,52.47	,	,	,广东省,珠海市,香洲区,,,否,否,	,	,	,否,	,	,	,	,	,	,	,	,	,	,	,	,否,否,	,否,否,,	,否,	,否,,,否
【重磅新品】云米净水器600G小海豚升级版厨下式RO反渗透直饮家用,251123-243867369773675,已发货，待收货,1	,正常,2025-11-23 23:09:45,2025-11-24 23:09:45,,2025-11-24 09:42:53,	,225501370546	,小海豚600G,1813468330532	,厨房电器,净水器/净水设备及配件耗材,净水器,	,6923185653684	,6923185616399	,15077798616安装 [viomi英英sk 11/25 20:21],	,无售后或售后取消,,2025-11-23 23:09:45,	,,,,,,,否,否,	,否,	,,559.0	,0.0	,0.0	,0.0	,1.11	,0.0	,0.0	,0.0	,559.0	,559.0	,JDV024223753044,京东大件物流,广西壮族自治区,贵港市,港北区,,,否,否,	,	,	,否,	,	,	,	,	,	,	,	,	,	,	,	,否,否,	,否,否,,	,否,	,否,,,否
云米净水器滤芯家用小海豚小蓝调小白龙系列专用RO反渗透,251123-084934694490417,已发货，待收货,1	,正常,2025-11-23 22:50:23,2025-11-25 22:50:23,,2025-11-24 16:32:01,	,232467205433	,5in1 复合滤芯,1647394585330	,厨房电器,净水器/净水设备及配件耗材,净水器配件耗材,	,6923185627425	,	,补差到手价109,	,无售后或售后取消,,2025-11-23 22:50:23,	,,,,,,,否,否,	,否,	,,149.0	,0.0	,0.0	,0.0	,0.0	,0.0	,0.0	,0.0	,149.0	,149.0	,JDV024221530468,京东大件物流,辽宁省,葫芦岛市,龙港区,,,否,否,	,	,	,否,	,	,	,	,	,	,	,	,	,	,	,	,否,否,	,否,否,,	,否,	,否,,,否
【6年套装】云米净水器600G小海豚升级版厨下式RO反渗透直饮家用,251123-504637703790244,已收货,1	,正常,2025-11-23 22:43:46,2025-11-24 22:43:47,,2025-11-24 09:16:18,2025-11-26 14:27:52,852932116812	,小海豚600G+6年滤芯套装,1812983769340	,厨房电器,净水器/净水设备及配件耗材,净水器,	,S2508151538001,	,直播间中奖保温杯（不叠加其他实物礼赠）已登记保温杯+检测笔 [viomi范范sk 11/26 16:08],	,无售后或售后取消,,2025-11-23 22:43:47,	,,,,,,,否,否,	,否,	,,764.28	,0.0	,0.0	,64.0	,0.0	,0.0	,0.0	,0.0	,700.28	,764.28	,JDV024223773032,京东大件物流,广东省,汕尾市,陆丰市,,,否,否,	,	,	,否,	,	,	,	,	,	,	,	,	,	,	,	,是,是,	,否,否,,	,否,	,否,,,否
【重磅新品】云米净水器600G小海豚升级版厨下式RO反渗透直饮家用,251123-489475326321106,未发货，退款成功,1	,正常,2025-11-23 22:43:05,2025-11-24 22:43:05,,	,	,225501370546	,小海豚600G,1813468330532	,厨房电器,净水器/净水设备及配件耗材,净水器,	,6923185653684	,6923185616399	,ZX2511240061947拦截11.24,	,退款成功,,2025-11-23 22:43:05,	,,,,,,,否,否,	,否,	,,559.0	,0.0	,0.0	,3.0	,0.0	,0.0	,0.0	,0.0	,556.0	,559.0	,	,	,新疆维吾尔自治区,哈密市,伊州区,,,否,否,	,	,	,否,	,	,	,	,	,	,	,	,	,	,	,	,否,是,	,否,否,,	,否,	,否,,,否
【重磅新品】云米净水器600G小海豚升级版厨下式RO反渗透直饮家用,251123-219320236411168,已收货，退款成功,1	,正常,2025-11-23 22:37:24,2025-11-24 22:37:25,,2025-11-24 16:32:01,2025-11-28 13:37:01,225501370546	,小海豚600G,1813468330532	,厨房电器,净水器/净水设备及配件耗材,净水器,	,6923185653684	,6923185616399	,直播间中奖十元红包==【补差】仅退款10 [viomi英英sk 11/28 13:37],	,退款成功,,2025-11-23 22:37:25,	,,,,,,,否,否,	,否,	,,559.0	,0.0	,0.0	,33.54	,0.0	,0.0	,0.0	,0.0	,525.46	,559.0	,JDV024222441628,京东大件物流,山东省,济宁市,任城区,,,否,否,	,	,	,否,	,	,	,	,	,	,	,	,	,	,	,	,否,是,	,否,否,,	,否,	,否,,,否
【重磅新品】云米净水器600G小海豚升级版厨下式RO反渗透直饮家用,251123-525777006151110,已发货，待收货,1	,正常,2025-11-23 22:26:09,2025-11-24 22:26:09,,2025-11-24 16:32:01,	,225501370546	,小海豚600G,1813468330532	,厨房电器,净水器/净水设备及配件耗材,净水器,	,6923185653684	,6923185616399	,13172673973安装 [viomi英英sk 11/25 19:58]==维修 [viomi诺诺sk 11/28 21:48],	,无售后或售后取消,,2025-11-23 22:26:09,	,,,,,,,否,否,	,否,	,,559.0	,0.0	,0.0	,0.0	,0.0	,0.0	,0.0	,0.0	,559.0	,559.0	,JDV024222507182,京东大件物流,河北省,邢台市,南宫市,,,否,否,	,	,	,否,	,	,	,	,	,	,	,	,	,	,	,	,否,否,	,否,否,,	,否,	,否,,,否
云米净水器滤芯1234号滤芯厨上厨下通用RO反渗透家用400G/600G,251123-094057295492755,已取消,1	,正常,	,	,,	,	,296957182528	,"3号RO反渗透滤芯,600G",1600683136687	,厨房电器,净水器/净水设备及配件耗材,净水器配件耗材,	,6923185600145	,	,	,	,无售后或售后取消,,	,	,,,,,,,否,否,	,否,	,,599.0	,0.0	,0.0	,0.0	,0.0	,0.0	,0.0	,0.0	,599.0	,599.0	,	,	,****,****,****,****,,否,否,	,	,	,否,	,	,	,	,	,	,	,	,	,	,	,	,是,否,	,否,	,,	,否,	,否,,,否
云米净水器滤芯家用小海豚小蓝调小白龙系列专用RO反渗透,251123-612011875902932,已收货，退款成功,1	,正常,2025-11-23 22:17:23,2025-11-25 22:17:23,,2025-11-24 09:41:51,2025-11-26 21:09:30,232467205433	,5in1 复合滤芯,1647394585330	,厨房电器,净水器/净水设备及配件耗材,净水器配件耗材,	,6923185627425	,	,补差后返 到手价109元=差价40仅退款 [viomi莉莉sk 11/26 21:10],	,退款成功,,2025-11-23 22:17:23,	,,,,,,,否,否,	,否,	,,149.0	,0.0	,0.0	,0.0	,0.0	,0.0	,0.0	,0.0	,149.0	,149.0	,JDV024223981777,京东大件物流,湖北省,黄冈市,武穴市,,,否,否,	,	,	,否,	,	,	,	,	,	,	,	,	,	,	,	,否,否,	,否,否,,	,否,	,否,,,否
【重磅新品】云米净水器600G小海豚升级版厨下式RO反渗透直饮家用,251123-441324674650453,已发货，待收货,1	,正常,2025-11-23 22:16:49,2025-11-24 22:16:50,,2025-11-24 09:42:53,	,225501370546	,小海豚600G,1813468330532	,厨房电器,净水器/净水设备及配件耗材,净水器,	,6923185653684	,6923185616399	,	,	,无售后或售后取消,,2025-11-23 22:16:50,	,,,,,,,否,否,	,否,	,,559.0	,0.0	,0.0	,0.0	,0.0	,0.0	,0.0	,0.0	,559.0	,559.0	,JDV024223801213,京东大件物流,福建省,福州市,台江区,,,否,否,	,	,	,否,	,	,	,	,	,	,	,	,	,	,	,	,否,否,	,否,否,,	,否,	,否,,,否
云米净水器滤芯家用小海豚小蓝调小白龙系列专用RO反渗透,251123-103809052222932,未发货，退款成功,1	,正常,2025-11-23 22:15:50,2025-11-25 22:15:50,,	,	,232467205433	,5in1 复合滤芯,1647394585330	,厨房电器,净水器/净水设备及配件耗材,净水器配件耗材,	,6923185627425	,	,聚水潭已取消发货  已退款  11.24,	,退款成功,,2025-11-23 22:15:50,	,,,,,,,否,否,	,否,	,,149.0	,0.0	,0.0	,0.0	,0.0	,0.0	,0.0	,0.0	,149.0	,149.0	,	,	,湖北省,武汉市,江夏区,,,否,否,	,	,	,否,	,	,	,	,	,	,	,	,	,	,	,	,否,否,	,否,否,,	,否,	,否,,,否
VIOMI云米净水器大通量小海豚800G反渗透RO厨下式家用长效滤芯,251123-051841677682999,已收货,1	,正常,2025-11-23 22:15:15,2025-11-24 22:15:15,,2025-11-24 09:41:50,2025-11-26 12:00:43,837957770723	,800G大通量纯水机,1809123722986	,厨房电器,净水器/净水设备及配件耗材,净水器,	,6923185653974	,	,	,	,无售后或售后取消,,2025-11-23 22:15:15,	,,,,,,,否,否,	,否,	,,749.0	,0.0	,0.0	,37.45	,0.0	,0.0	,0.0	,0.0	,711.55	,749.0	,JDV024223709842,京东大件物流,河南省,郑州市,新郑市,,,否,否,	,	,	,否,	,	,	,	,	,	,	,	,	,	,	,	,否,否,	,否,否,,	,否,	,否,,,否
【重磅新品】云米净水器600G小海豚升级版厨下式RO反渗透直饮家用,251123-451202260481443,已取消,1	,正常,	,	,,	,	,225501370546	,小海豚600G,1813468330532	,厨房电器,净水器/净水设备及配件耗材,净水器,	,6923185653684	,6923185616399	,	,	,无售后或售后取消,,	,	,,,,,,,否,否,	,否,	,,559.0	,0.0	,0.0	,33.54	,0.0	,0.0	,0.0	,0.0	,525.46	,559.0	,	,	,****,****,****,****,,否,否,	,	,	,否,	,	,	,	,	,	,	,	,	,	,	,	,否,否,	,否,	,,	,否,	,否,,,否
VIOMI云米净水器大通量小海豚800G反渗透RO厨下式家用长效滤芯,251123-031855788402999,未发货，退款成功,1	,正常,2025-11-23 22:10:49,2025-11-24 22:10:49,,	,	,837957770723	,800G大通量纯水机,1809123722986	,厨房电器,净水器/净水设备及配件耗材,净水器,	,6923185653974	,	,聚水潭已取消发货  已退款  11.24,	,退款成功,,2025-11-23 22:10:49,	,,,,,,,否,否,	,否,	,,749.0	,0.0	,0.0	,37.45	,0.0	,0.0	,0.0	,0.0	,711.55	,749.0	,	,	,河南省,郑州市,新郑市,,,否,否,	,	,	,否,	,	,	,	,	,	,	,	,	,	,	,	,否,否,	,否,否,,	,否,	,否,,,否
【6年套装】云米净水器600G小海豚升级版厨下式RO反渗透直饮家用,251123-405096415673572,已收货，退款成功,1	,正常,2025-11-23 22:07:08,2025-11-24 22:07:08,,2025-11-24 16:32:01,2025-11-26 12:22:50,852932116812	,小海豚600G+6年滤芯套装,1812983769340	,厨房电器,净水器/净水设备及配件耗材,净水器,	,S2508151538001,	,差价69.28 [viomi范范sk 11/26 12:22]69.28仅退款 [viomi范范sk 11/26 12:23]=检测笔已登 [viomi莉莉sk 11/26 20:52],	,退款成功,,2025-11-23 22:07:08,	,,,,,,,否,否,	,否,	,,764.28	,0.0	,0.0	,3.0	,0.0	,0.0	,0.0	,0.0	,761.28	,764.28	,JDV024221220795,京东大件物流,河北省,石家庄市,无极县,,,否,否,	,	,	,否,	,	,	,	,	,	,	,	,	,	,	,	,否,否,	,否,否,,	,否,	,否,,,否
云米净水器滤芯小蓝调小海豚600G+专用复合滤芯RO反渗透滤芯过滤,251123-683933713932956,已收货，退款成功,1	,正常,2025-11-23 21:52:15,2025-11-24 21:52:15,,2025-11-24 16:32:01,2025-11-26 18:40:20,296967601341	,5in1复合滤芯 2年长效,1600193054565	,厨房电器,净水器/净水设备及配件耗材,净水器配件耗材,	,6923185627425	,	,99 [viomi英英sk 11/23 21:52]=差价200仅退款 [viomi莉莉sk 11/26 18:43],	,退款成功,,2025-11-23 21:52:15,	,,,,,,,否,否,	,否,	,,299.0	,0.0	,0.0	,0.0	,1.0	,0.0	,0.0	,0.0	,299.0	,299.0	,JDV024221084175,京东大件物流,陕西省,铜川市,印台区,,,否,否,	,	,	,否,	,	,	,	,	,	,	,	,	,	,	,	,否,否,	,否,否,,	,否,	,否,,,否
云米净水器滤芯小蓝调小海豚600G+专用复合滤芯RO反渗透滤芯过滤,251123-215723600231087,已发货，退款成功,1	,正常,2025-11-23 21:48:58,2025-11-24 21:48:58,,2025-11-24 09:16:18,	,296967601341	,5in1复合滤芯 2年长效,1600193054565	,厨房电器,净水器/净水设备及配件耗材,净水器配件耗材,	,6923185627425	,	,99 [viomi英英sk 11/23 21:53] ZX2511240062145 拦截 成功  操作退款 11.25,	,退款成功,,2025-11-23 21:48:58,	,,,,,,,否,否,	,否,	,,299.0	,0.0	,0.0	,0.0	,0.0	,0.0	,0.0	,0.0	,299.0	,299.0	,JDV024223752845,京东大件物流,广西壮族自治区,桂林市,灵川县,,,否,否,	,	,	,否,	,	,	,	,	,	,	,	,	,	,	,	,否,否,	,否,否,,	,否,	,否,,,否
云米净水器滤芯小蓝调小海豚600G+专用复合滤芯RO反渗透滤芯过滤,251123-132424712551087,已发货，退款成功,1	,正常,2025-11-23 21:48:36,2025-11-24 21:48:36,,2025-11-24 09:16:18,	,296967601341	,5in1复合滤芯 2年长效,1600193054565	,厨房电器,净水器/净水设备及配件耗材,净水器配件耗材,	,6923185627425	,	,99 [viomi英英sk 11/23 21:53] ZX2511240062146 拦截成功 操作退款 11.25,	,退款成功,,2025-11-23 21:48:36,	,,,,,,,否,否,	,否,	,,299.0	,0.0	,0.0	,0.0	,0.0	,0.0	,0.0	,0.0	,299.0	,299.0	,JDV024223709636,京东大件物流,广西壮族自治区,桂林市,灵川县,,,否,否,	,	,	,否,	,	,	,	,	,	,	,	,	,	,	,	,否,否,	,否,否,,	,否,	,否,,,否
【母婴直饮】云米净水器 SE 600G+ 新升级厨下式RO反渗透直饮家用,251123-251018678653442,已取消,1	,正常,	,	,,	,	,819506595979	,【24年新品】600G升级版6年长效,1787046011387	,厨房电器,净水器/净水设备及配件耗材,净水器,	,6923185653684	,6923185616399	,	,	,无售后或售后取消,,	,	,,,,,,,否,否,	,否,	,,748.0	,0.0	,129.6	,100.0	,0.0	,0.0	,0.0	,0.0	,518.4	,618.4	,	,	,****,****,****,****,,否,否,	,	,	,否,	,	,	,	,	,	,	,	,	,	,	,	,否,否,	,否,	,,	,否,	,否,,,否
【重磅新品】云米净水器600G小海豚升级版厨下式RO反渗透直饮家用,251123-262573996413442,已发货，待收货,1	,正常,2025-11-23 21:40:50,2025-11-24 21:40:50,2025-11-25 23:59:59,2025-11-24 09:42:54,	,225501370546	,小海豚600G,1813468330532	,厨房电器,净水器/净水设备及配件耗材,净水器,	,6923185653684	,6923185616399	,	,	,无售后或售后取消,,2025-11-23 21:40:50,	,,,,,,,否,否,	,否,	,,559.0	,0.0	,0.0	,0.0	,0.2	,0.0	,0.0	,0.0	,559.0	,559.0	,JDV024223772986,京东大件物流,广东省,中山市,坦洲镇,,,否,否,	,	,	,否,	,	,	,	,	,	,	,	,	,	,	,	,否,是,	,否,否,,	,否,	,否,,,否
【重磅新品】云米净水器600G小海豚升级版厨下式RO反渗透直饮家用,251123-611508621693442,已取消,1	,正常,	,	,,	,	,225501370546	,小海豚600G,1813468330532	,厨房电器,净水器/净水设备及配件耗材,净水器,	,6923185653684	,6923185616399	,	,	,无售后或售后取消,,	,	,,,,,,,否,否,	,否,	,,559.0	,0.0	,0.0	,0.0	,0.0	,0.0	,0.0	,0.0	,559.0	,559.0	,	,	,****,****,****,****,,否,否,	,	,	,否,	,	,	,	,	,	,	,	,	,	,	,	,否,否,	,否,	,,	,否,	,否,,,否
【6年套装】云米净水器600G小海豚升级版厨下式RO反渗透直饮家用,251123-016714350903863,已收货,1	,正常,2025-11-23 21:42:10,2025-11-24 21:42:10,,2025-11-24 09:16:19,2025-11-27 16:17:04,852932116812	,小海豚600G+6年滤芯套装,1812983769340	,厨房电器,净水器/净水设备及配件耗材,净水器,	,S2508151538001,	,13725008647安装 [viomi慧慧sk 11/25 20:38],	,无售后或售后取消,,2025-11-23 21:42:10,	,,,,,,,否,否,	,否,	,,764.28	,0.0	,0.0	,0.0	,0.0	,0.0	,0.0	,0.0	,764.28	,764.28	,JDV024223759927,京东大件物流,广东省,惠州市,惠阳区,,,否,否,	,	,	,否,	,	,	,	,	,	,	,	,	,	,	,	,否,否,	,否,否,,	,否,	,否,,,否
【6年套装】云米净水器600G小海豚升级版厨下式RO反渗透直饮家用,251123-614822059661928,已收货，退款成功,1	,正常,2025-11-23 21:39:40,2025-11-24 21:39:40,,2025-11-24 16:32:01,2025-11-27 18:59:22,852932116812	,小海豚600G+6年滤芯套装,1812983769340	,厨房电器,净水器/净水设备及配件耗材,净水器,	,S2508151538001,	,差价69.28仅退款 [viomi莉莉sk 11/27 19:04]=13898748945安装 [viomi莉莉sk 11/27 19:36],	,退款成功,,2025-11-23 21:39:40,	,,,,,,,否,否,	,否,	,,764.28	,0.0	,0.0	,20.0	,5.0	,0.0	,0.0	,0.0	,744.28	,764.28	,JDV024221716228,京东大件物流,辽宁省,营口市,站前区,,,否,否,	,	,	,否,	,	,	,	,	,	,	,	,	,	,	,	,否,是,	,否,否,,	,否,	,否,,,否
【重磅新品】云米净水器600G小海豚升级版厨下式RO反渗透直饮家用,251123-618240489853442,已取消,1	,正常,	,	,,	,	,225501370546	,小海豚600G,1813468330532	,厨房电器,净水器/净水设备及配件耗材,净水器,	,6923185653684	,6923185616399	,	,	,无售后或售后取消,,	,	,,,,,,,否,否,	,否,	,,559.0	,0.0	,0.0	,0.0	,0.0	,0.0	,0.0	,0.0	,559.0	,559.0	,	,	,****,****,****,****,,否,否,	,	,	,否,	,	,	,	,	,	,	,	,	,	,	,	,否,否,	,否,	,,	,否,	,否,,,否
云米即热净水器厨房家用直饮RO反渗透加热净饮一体机1000G,251123-060523834981738,已发货，待收货,1	,正常,2025-11-23 21:35:57,2025-11-24 21:35:57,,2025-11-24 09:41:51,	,846360072018	,即热直饮 1000G大通量,1807240839093	,厨房电器,净水器/净水设备及配件耗材,净水器,	,6923185651116	,6923185651116	,	,	,无售后或售后取消,,2025-11-23 21:35:57,	,,,,,,,否,否,	,否,	,,1439.0	,0.0	,0.0	,100.0	,0.0	,0.0	,0.0	,0.0	,1339.0	,1439.0	,JDV024223725315,京东大件物流,辽宁省,葫芦岛市,龙港区,,,否,否,	,	,	,否,	,	,	,	,	,	,	,	,	,	,	,	,否,否,	,否,否,,	,否,	,否,,,否
【重磅新品】云米净水器600G小海豚升级版厨下式RO反渗透直饮家用,251123-285380503911087,已取消,1	,正常,	,	,,	,	,225501370546	,小海豚600G,1813468330532	,厨房电器,净水器/净水设备及配件耗材,净水器,	,6923185653684	,6923185616399	,	,	,无售后或售后取消,,	,	,,,,,,,否,否,	,否,	,,559.0	,0.0	,0.0	,0.0	,0.0	,0.0	,0.0	,0.0	,559.0	,559.0	,	,	,****,****,****,****,,否,否,	,	,	,否,	,	,	,	,	,	,	,	,	,	,	,	,否,否,	,否,	,,	,否,	,否,,,否
【母婴直饮】云米净水器 SE 600G+ 新升级厨下式RO反渗透直饮家用,251123-146423180923238,已发货，待收货,1	,正常,2025-11-23 21:31:33,2025-11-24 21:31:33,2025-11-25 23:59:59,2025-11-24 09:41:51,	,819506595979	,【24年新品】600G升级版6年长效,1787046011387	,厨房电器,净水器/净水设备及配件耗材,净水器,	,6923185653684	,6923185616399	,	,	,无售后或售后取消,,2025-11-23 21:31:33,	,,,,,,,否,否,	,否,	,,748.0	,0.0	,134.64	,74.8	,0.0	,0.0	,0.0	,0.0	,538.56	,613.36	,JDV024223801114,京东大件物流,江苏省,苏州市,吴中区,,,否,否,	,	,	,否,	,	,	,	,	,	,	,	,	,	,	,	,否,否,	,否,否,,	,否,	,否,,,否
【重磅新品】云米净水器600G小海豚升级版厨下式RO反渗透直饮家用,251123-032443001213442,已取消,1	,正常,	,	,,	,	,225501370546	,小海豚600G,1813468330532	,厨房电器,净水器/净水设备及配件耗材,净水器,	,6923185653684	,6923185616399	,	,	,无售后或售后取消,,	,	,,,,,,,否,否,	,否,	,,559.0	,0.0	,0.0	,0.0	,0.0	,0.0	,0.0	,0.0	,559.0	,559.0	,	,	,****,****,****,****,,否,否,	,	,	,否,	,	,	,	,	,	,	,	,	,	,	,	,否,否,	,否,	,,	,否,	,否,,,否
【6年套装】云米净水器600G小海豚升级版厨下式RO反渗透直饮家用,251123-001090578753851,已收货,1	,正常,2025-11-23 21:21:19,2025-11-24 21:21:19,,2025-11-24 09:41:50,2025-11-26 17:33:09,852932116812	,小海豚600G+6年滤芯套装,1812983769340	,厨房电器,净水器/净水设备及配件耗材,净水器,	,S2508151538001,	,TDS检测笔已登 [viomi莉莉sk 11/26 19:43],	,无售后或售后取消,,2025-11-23 21:21:19,	,,,,,,,否,否,	,否,	,,764.28	,0.0	,0.0	,50.0	,0.0	,0.0	,0.0	,0.0	,714.28	,764.28	,JDV024223995474,京东大件物流,安徽省,淮南市,田家庵区,,,否,否,	,	,	,否,	,	,	,	,	,	,	,	,	,	,	,	,否,否,	,否,否,,	,否,	,否,,,否
【6年套装】云米净水器600G小海豚升级版厨下式RO反渗透直饮家用,251123-540446615963213,已取消,1	,正常,	,	,,	,	,852932116812	,小海豚600G+6年滤芯套装,1812983769340	,厨房电器,净水器/净水设备及配件耗材,净水器,	,S2508151538001,	,	,	,无售后或售后取消,,	,	,,,,,,,否,否,	,否,	,,764.28	,0.0	,0.0	,0.0	,0.0	,0.0	,0.0	,0.0	,764.28	,764.28	,	,	,****,****,****,****,,否,否,	,	,	,否,	,	,	,	,	,	,	,	,	,	,	,	,否,否,	,否,	,,	,否,	,否,,,否
VIOMI云米净水器1000G厨下直饮小体积净水机RO机智显龙头3秒满杯,251123-141295686073572,已取消,1	,正常,	,	,,	,	,842195971715	,1000G大通量RO净水器,1803617356458	,厨房电器,净水器/净水设备及配件耗材,净水器,	,6923185654247	,	,	,	,无售后或售后取消,,	,	,,,,,,,否,否,	,否,	,,823.0	,0.0	,50.0	,3.0	,0.0	,0.0	,0.0	,0.0	,770.0	,773.0	,	,	,****,****,****,****,,否,否,	,	,	,否,	,	,	,	,	,	,	,	,	,	,	,	,否,否,	,否,	,,	,否,	,否,,,否
【购买前须联系客服确认】补收差价专用商品,251123-671979968073018,已收货,30000	,正常,2025-11-23 20:59:06,2025-11-24 20:59:06,,2025-11-23 20:59:16,2025-11-23 20:59:16,322805615497	,	,1061861892357	,虚拟商品,个性定制/设计服务/DIY,个人定制原材料,	,	,	,JDV024225507557,	,无售后或售后取消,,2025-11-23 20:59:06,	,,,,,,,否,否,	,否,	,,300.0	,0.0	,0.0	,0.0	,0.0	,0.0	,0.0	,0.0	,300.0	,300.0	,	,	,	,	,	,,,否,否,	,	,	,否,	,	,	,	,	,	,	,	,	,	,	,	,否,否,	,否,否,,	,否,	,否,,,否
【重磅新品】云米净水器600G小海豚升级版厨下式RO反渗透直饮家用,251123-002443210252631,已发货，待收货,1	,正常,2025-11-23 20:51:19,2025-11-24 20:51:20,,2025-11-24 16:32:01,	,225501370546	,小海豚600G,1813468330532	,厨房电器,净水器/净水设备及配件耗材,净水器,	,6923185653684	,6923185616399	,	,	,无售后或售后取消,,2025-11-23 20:51:20,	,,,,,,,否,否,	,否,	,,559.0	,0.0	,0.0	,100.0	,0.0	,0.0	,0.0	,0.0	,459.0	,559.0	,JDV024221137580,京东大件物流,河北省,石家庄市,藁城区,,,否,否,	,	,	,否,	,	,	,	,	,	,	,	,	,	,	,	,否,否,	,否,否,,	,否,	,否,,,否
云米小厨宝6L电热水器厨房卫生间出水恒温储水式小型速热神器加热,251123-271885320592330,已发货，退款成功,1	,正常,2025-11-23 20:32:03,2025-11-24 20:32:04,,2025-11-24 09:41:51,	,208073193570	,热水即刻有-【6L】,1801828025682	,大家电,热水器,厨宝,	,6923185611233	,6923185611233	,	,	,退款成功,,2025-11-23 20:32:04,	,,,,,,,否,否,	,否,	,,279.0	,0.0	,14.0	,0.0	,0.0	,0.0	,0.0	,0.0	,265.0	,265.0	,JDV024223821290,京东大件物流,河北省,保定市,涿州市,,,否,否,	,	,	,否,	,	,	,	,	,	,	,	,	,	,	,	,否,否,	,否,否,,	,否,	,否,,,否
云米24m³大吸力顶侧3吸油烟机聚能猛火灶 烟灶智能联动套装嵌入式,251123-006375360052738,未发货，退款成功,1	,正常,2025-11-23 20:29:13,2025-11-24 20:29:13,,	,	,205936193873	,"【热销套装】单烟机+5.2KW聚能灶,天然气",1604718199168	,大家电,厨房大电,烟灶消套装,	,S2302131157001,6923185649762	,补差后返到手价1399 直播间中奖10元红包  已挂起锁定 无需发货  已退款成功 11.24,	,退款成功,,2025-11-23 20:29:13,	,,,,,,,否,否,	,否,	,,1599.0	,0.0	,20.0	,0.0	,0.2	,0.0	,0.0	,0.0	,1579.0	,1579.0	,	,	,广西壮族自治区,钦州市,钦南区,,,否,否,	,	,	,否,	,	,	,	,	,	,	,	,	,	,	,	,是,是,	,否,否,,	,否,	,否,,,否
云米22m³顶侧大吸力蓝调低噪油烟机猛火天燃气灶智能套装家用厨房,251123-163724736810739,已发货，待收货,1	,正常,2025-11-23 20:30:55,2025-11-24 20:30:56,,2025-11-24 09:16:18,	,388827922980	,【烟灶套装】顶侧双吸+5.0猛火灶（液）,1752816957653	,大家电,厨房大电,烟灶消套装,	,S2411211436001,S2409261025001,	,	,无售后或售后取消,,2025-11-23 20:30:56,	,,,,,,,否,否,	,否,	,,1285.0	,0.0	,189.0	,40.0	,0.0	,0.0	,0.0	,0.0	,1056.0	,1096.0	,JDV024223709726,京东大件物流,云南省,怒江傈僳族自治州,兰坪白族普米族自治县,,,否,否,	,	,	,否,	,	,	,	,	,	,	,	,	,	,	,	,否,否,	,否,否,,	,否,	,否,,,否
云米双腔大吸力手势控制智清洁油烟机聚能猛火灶安全烟灶联动套装,251123-488993001880692,未发货，退款成功,1	,正常,2025-11-23 20:20:19,2025-11-24 20:20:19,,	,	,848589244342	,"【烟灶套装】双腔劲吸烟机+5.0KW灶,液化气灶",1809146217031	,大家电,厨房大电,烟灶消套装,	,S2509151408001,	,聚水潭已取消发货  已退款  11.24,	,退款成功,,2025-11-23 20:20:19,	,,,,,,,否,否,	,否,	,,1299.0	,0.0	,0.0	,0.0	,0.0	,0.0	,0.0	,0.0	,1299.0	,1299.0	,	,	,江西省,九江市,瑞昌市,,,否,否,	,	,	,否,	,	,	,	,	,	,	,	,	,	,	,	,否,否,	,否,否,,	,否,	,否,,,否
【重磅新品】云米净水器600G小海豚升级版厨下式RO反渗透直饮家用,251123-190956245321025,已发货，待收货,1	,正常,2025-11-23 20:10:04,2025-11-24 20:10:05,,2025-11-24 09:42:54,	,225501370546	,小海豚600G,1813468330532	,厨房电器,净水器/净水设备及配件耗材,净水器,	,6923185653684	,6923185616399	,	,	,无售后或售后取消,,2025-11-23 20:10:05,	,,,,,,,否,否,	,否,	,,559.0	,0.0	,0.0	,0.0	,0.0	,0.0	,0.0	,0.0	,559.0	,559.0	,JDV024223725260,京东大件物流,上海市,上海市,宝山区,,,否,否,	,	,	,否,	,	,	,	,	,	,	,	,	,	,	,	,否,是,	,否,否,,	,否,	,否,,,否
【重磅新品】云米净水器600G小海豚升级版厨下式RO反渗透直饮家用,251123-055710892361025,已取消,1	,正常,	,	,,	,	,225501370546	,小海豚600G,1813468330532	,厨房电器,净水器/净水设备及配件耗材,净水器,	,6923185653684	,6923185616399	,	,	,无售后或售后取消,,	,	,,,,,,,否,否,	,否,	,,559.0	,0.0	,0.0	,0.0	,0.0	,0.0	,0.0	,0.0	,559.0	,559.0	,	,	,****,****,****,****,,否,否,	,	,	,否,	,	,	,	,	,	,	,	,	,	,	,	,否,否,	,否,	,,	,否,	,否,,,否
云米顶侧大吸力蓝调油烟机家用厨房节能自清洁一级能效可挥手智控,251123-048758843690739,未发货，退款成功,1	,正常,2025-11-23 20:06:14,2025-11-24 20:06:15,,	,	,657344402006	,云米智清洁挥手智控单烟机,1723825075586	,大家电,厨房大电,油烟机,	,6923185650973	,6923185650973	,聚水潭已取消发货  已退款  11.24,	,退款成功,,2025-11-23 20:06:15,	,,,,,,,否,否,	,否,	,,838.0	,0.0	,42.0	,39.0	,0.0	,0.0	,0.0	,0.0	,757.0	,796.0	,	,	,云南省,怒江傈僳族自治州,兰坪白族普米族自治县,,,否,否,	,	,	,否,	,	,	,	,	,	,	,	,	,	,	,	,否,否,	,否,否,,	,否,	,否,,,否
【母婴直饮】云米净水器 SE 600G+ 新升级厨下式RO反渗透直饮家用,251123-319113141772548,已发货，待收货,1	,正常,2025-11-23 20:04:42,2025-11-24 20:04:43,,2025-11-24 09:41:51,	,819506595979	,【24年新品】600G升级版6年长效,1787046011387	,厨房电器,净水器/净水设备及配件耗材,净水器,	,6923185653684	,6923185616399	,	,	,无售后或售后取消,,2025-11-23 20:04:43,	,,,,,,,否,否,	,否,	,,748.0	,0.0	,137.63	,59.84	,0.0	,0.0	,0.0	,0.0	,550.53	,610.37	,JDV024223727671,京东大件物流,广东省,中山市,火炬开发区,,,否,否,	,	,	,否,	,	,	,	,	,	,	,	,	,	,	,	,否,否,	,否,否,,	,否,	,否,,,否
【重磅新品】云米净水器600G小海豚升级版厨下式RO反渗透直饮家用,251123-008420125102716,已取消,1	,正常,	,	,,	,	,225501370546	,小海豚600G,1813468330532	,厨房电器,净水器/净水设备及配件耗材,净水器,	,6923185653684	,6923185616399	,	,	,无售后或售后取消,,	,	,,,,,,,否,否,	,否,	,,559.0	,0.0	,0.0	,0.0	,0.0	,0.0	,0.0	,0.0	,559.0	,559.0	,	,	,****,****,****,****,,否,否,	,	,	,否,	,	,	,	,	,	,	,	,	,	,	,	,否,否,	,否,	,,	,否,	,否,,,否
云米16即热零冷水燃气热水器智能低水压双调恒温防冻安全保护速热,251123-260057361931504,已收货,1	,正常,2025-11-23 19:50:41,2025-11-24 19:50:41,,2025-11-24 09:16:19,2025-11-28 01:36:35,216845252864	,云米即开即热16L零冷水热水器,1731415907130	,大家电,热水器,燃气热水器,	,6923185611226	,6923185611226	,	,	,无售后或售后取消,,2025-11-23 19:50:41,	,,,,,,,否,否,	,否,	,,898.0	,0.0	,0.0	,0.0	,0.0	,0.0	,0.0	,0.0	,898.0	,898.0	,JDV024223759468,京东大件物流,浙江省,嘉兴市,桐乡市,,,否,否,	,	,	,否,	,	,	,	,	,	,	,	,	,	,	,	,否,否,	,否,否,,	,否,	,否,,,否
【重磅新品】云米净水器600G小海豚升级版厨下式RO反渗透直饮家用,251123-085574295083300,已取消,1	,正常,	,	,,	,	,225501370546	,小海豚600G,1813468330532	,厨房电器,净水器/净水设备及配件耗材,净水器,	,6923185653684	,6923185616399	,	,	,无售后或售后取消,,	,	,,,,,,,否,否,	,否,	,,559.0	,0.0	,0.0	,50.0	,0.0	,0.0	,0.0	,0.0	,509.0	,559.0	,	,	,****,****,****,****,,否,否,	,	,	,否,	,	,	,	,	,	,	,	,	,	,	,	,否,否,	,否,	,,	,否,	,否,,,否
VIOMI云米净水器大通量小海豚800G反渗透RO厨下式家用长效滤芯,251123-293695721873806,已收货,1	,正常,2025-11-23 19:42:29,2025-11-24 19:42:30,,2025-11-24 09:41:52,2025-11-28 09:11:39,837957770723	,800G大通量纯水机,1809123722986	,厨房电器,净水器/净水设备及配件耗材,净水器,	,6923185653974	,	,15875577345安装 [viomi英英sk 11/28 09:29],	,无售后或售后取消,,2025-11-23 19:42:30,	,,,,,,,否,否,	,否,	,,749.0	,0.0	,0.0	,0.0	,0.0	,0.0	,0.0	,0.0	,749.0	,749.0	,JDV024223708925,京东大件物流,广东省,深圳市,龙岗区,,,否,否,	,	,	,否,	,	,	,	,	,	,	,	,	,	,	,	,否,否,	,否,否,,	,否,	,否,,,否
VIOMI云米净水器大通量小海豚800G反渗透RO厨下式家用长效滤芯,251123-555137186193806,已收货,1	,正常,2025-11-23 19:42:07,2025-11-24 19:42:07,,2025-11-24 09:16:19,2025-11-28 09:11:52,850333437206	,竹炭复合商品滤芯,1810726753549	,厨房电器,净水器/净水设备及配件耗材,净水器,	,6923185654193	,	,补差后返到手价99,	,无售后或售后取消,,2025-11-23 19:42:07,	,,,,,,,否,否,	,否,	,,299.0	,0.0	,0.0	,0.0	,0.0	,0.0	,0.0	,0.0	,299.0	,299.0	,JDV024223727008,京东大件物流,广东省,深圳市,龙岗区,,,否,否,	,	,	,否,	,	,	,	,	,	,	,	,	,	,	,	,否,否,	,否,否,,	,否,	,否,,,否
云米顶侧大吸力蓝调油烟机家用厨房节能自清洁一级能效可挥手智控,251123-634178814262382,未发货，退款成功,1	,正常,2025-11-23 19:33:07,2025-11-24 19:33:08,,	,	,657344402006	,云米智清洁挥手智控单烟机,1723825075586	,大家电,厨房大电,油烟机,	,6923185650973	,6923185650973	,聚水潭已取消发货  已退款  11.24,	,退款成功,,2025-11-23 19:33:08,	,,,,,,,否,否,	,否,	,,838.0	,0.0	,42.0	,20.0	,0.0	,0.0	,0.0	,0.0	,776.0	,796.0	,	,	,贵州省,贵阳市,白云区,,,否,否,	,	,	,否,	,	,	,	,	,	,	,	,	,	,	,	,否,否,	,否,否,,	,否,	,否,,,否
【重磅新品】云米净水器600G小海豚升级版厨下式RO反渗透直饮家用,251123-267229611562987,已收货,1	,正常,2025-11-23 19:18:19,2025-11-24 19:18:19,,2025-11-24 16:32:02,2025-11-26 12:59:05,225501370546	,小海豚600G,1813468330532	,厨房电器,净水器/净水设备及配件耗材,净水器,	,6923185653684	,6923185616399	,13869361250安装 [viomi英英sk 11/25 15:41],	,无售后或售后取消,,2025-11-23 19:18:19,	,,,,,,,否,否,	,否,	,,559.0	,0.0	,0.0	,33.54	,0.0	,0.0	,0.0	,0.0	,525.46	,559.0	,JDV024220411615,京东大件物流,山东省,淄博市,淄川区,,,否,否,	,	,	,否,	,	,	,	,	,	,	,	,	,	,	,	,否,是,	,否,否,,	,否,	,否,,,否
【母婴直饮】云米净水器 SE 600G+ 新升级厨下式RO反渗透直饮家用,251123-063638085263514,未发货，退款成功,1	,正常,2025-11-23 19:16:57,2025-11-24 19:16:58,,	,	,819506595979	,【24年新品】600G升级版6年长效,1787046011387	,厨房电器,净水器/净水设备及配件耗材,净水器,	,6923185653684	,6923185616399	,聚水潭已取消发货  已退款  11.24,	,退款成功,,2025-11-23 19:16:58,	,,,,,,,否,否,	,否,	,,748.0	,0.0	,134.64	,74.8	,0.0	,0.0	,0.0	,0.0	,538.56	,613.36	,	,	,广东省,茂名市,高州市,,,否,否,	,	,	,否,	,	,	,	,	,	,	,	,	,	,	,	,否,否,	,否,否,,	,否,	,否,,,否
【重磅新品】云米净水器600G小海豚升级版厨下式RO反渗透直饮家用,251123-036375181682219,已发货，待收货,1	,正常,2025-11-23 19:13:03,2025-11-24 19:13:04,,2025-11-24 09:42:54,	,225501370546	,小海豚600G,1813468330532	,厨房电器,净水器/净水设备及配件耗材,净水器,	,6923185653684	,6923185616399	,13572312724安装 [viomi慧慧sk 11/26 21:56],	,无售后或售后取消,,2025-11-23 19:13:04,	,,,,,,,否,否,	,否,	,,559.0	,0.0	,0.0	,0.0	,0.0	,0.0	,0.0	,0.0	,559.0	,559.0	,JDV024223759738,京东大件物流,陕西省,渭南市,华州区,,,否,否,	,	,	,否,	,	,	,	,	,	,	,	,	,	,	,	,否,否,	,否,否,,	,否,	,否,,,否
VIOMI云米净水器1000G厨下直饮小体积净水机RO机智显龙头3秒满杯,251123-312769287760256,已发货，待收货,1	,正常,2025-11-23 19:11:45,2025-11-24 19:11:45,,2025-11-24 09:42:55,	,842195971715	,1000G大通量RO净水器,1803617356458	,厨房电器,净水器/净水设备及配件耗材,净水器,	,6923185654247	,	,	,	,无售后或售后取消,,2025-11-23 19:11:45,	,,,,,,,否,否,	,否,	,,823.0	,0.0	,50.0	,7.0	,16.0	,0.0	,0.0	,0.0	,766.0	,773.0	,JDV024223709321,京东大件物流,甘肃省,临夏回族自治州,临夏市,,,否,否,	,	,	,否,	,	,	,	,	,	,	,	,	,	,	,	,否,否,	,否,是,6	,消费者,否,	,否,,信用卡分期,否
【重磅新品】云米净水器600G小海豚升级版厨下式RO反渗透直饮家用,251123-111778240100780,已发货，待收货,1	,正常,2025-11-23 19:07:19,2025-11-24 19:07:20,,2025-11-24 09:42:54,	,225501370546	,小海豚600G,1813468330532	,厨房电器,净水器/净水设备及配件耗材,净水器,	,6923185653684	,6923185616399	,17727629559安装 [viomi慧慧sk 11/26 22:10],	,无售后或售后取消,,2025-11-23 19:07:20,	,,,,,,,否,否,	,否,	,,559.0	,0.0	,0.0	,0.0	,3.0	,0.0	,0.0	,0.0	,559.0	,559.0	,JDV024223772671,京东大件物流,广东省,阳江市,江城区,,,否,否,	,	,	,否,	,	,	,	,	,	,	,	,	,	,	,	,否,否,	,否,否,,	,否,	,否,,,否
VIOMI云米净水器1000G厨下直饮小体积净水机RO机智显龙头3秒满杯,251123-631840458333674,已发货，待收货,1	,正常,2025-11-23 19:05:35,2025-11-24 19:05:35,,2025-11-24 09:42:54,	,842195971715	,1000G大通量RO净水器,1803617356458	,厨房电器,净水器/净水设备及配件耗材,净水器,	,6923185654247	,	,18017182677安装 [viomi慧慧sk 11/26 19:42],	,无售后或售后取消,,2025-11-23 19:05:35,	,,,,,,,否,否,	,否,	,,823.0	,0.0	,50.0	,0.0	,0.0	,0.0	,0.0	,0.0	,773.0	,773.0	,JDV024223752521,京东大件物流,上海市,上海市,金山区,,,否,否,	,	,	,否,	,	,	,	,	,	,	,	,	,	,	,	,否,否,	,否,否,,	,否,	,否,,,否
云米小厨宝6L电热水器厨房卫生间出水恒温储水式小型速热神器加热,251123-264996144692569,已收货,1	,正常,2025-11-23 18:48:13,2025-11-24 18:48:13,,2025-11-24 09:16:19,2025-11-25 18:52:54,208073193570	,热水即刻有-【6L】,1801828025682	,大家电,热水器,厨宝,	,6923185611233	,6923185611233	,	,	,无售后或售后取消,,2025-11-23 18:48:13,	,,,,,,,否,否,	,否,	,,279.0	,0.0	,14.0	,21.37	,0.0	,0.0	,0.0	,0.0	,243.63	,265.0	,JDV024223946290,京东大件物流,浙江省,温州市,永嘉县,,,否,否,	,	,	,否,	,	,	,	,	,	,	,	,	,	,	,	,否,否,	,否,否,,	,否,	,否,,,否
云米电热水器免换镁棒1级能效钛芯防护抑菌内胆免清洗3000W速热,251123-590620977550474,已发货，待收货,1	,正常,2025-11-23 18:20:12,2025-11-24 18:20:13,,2025-11-24 09:16:19,	,215513269171	,"【免更换镁棒技术】抑菌健康洗,50L",1757655804682	,大家电,热水器,电热水器,	,6923185611882	,镁棒50/60L,晒单赠送花洒,	,无售后或售后取消,,2025-11-23 18:20:13,	,,,,,,,否,否,	,否,	,,703.0	,0.0	,0.0	,49.0	,0.0	,0.0	,0.0	,0.0	,654.0	,703.0	,JDV024223708466,京东大件物流,天津市,天津市,西青区,,,否,否,	,	,	,否,	,	,	,	,	,	,	,	,	,	,	,	,否,是,	,否,否,,	,否,	,否,,,否
云米顶侧双吸烟灶套装22m³大吸力抽油烟机聚能猛火灶节能燃气家用,251123-215188805130557,已取消,1	,正常,	,	,,	,	,382839923175	,【两件套】顶侧双吸烟机+5.2KW灶（天）,1743705224006	,大家电,厨房大电,烟灶消套装,	,S2309261029001,蓝调套装,	,	,无售后或售后取消,,	,	,,,,,,,否,否,	,否,	,,1205.0	,0.0	,61.0	,58.0	,0.0	,0.0	,0.0	,0.0	,1086.0	,1144.0	,	,	,****,****,****,****,,否,否,	,	,	,否,	,	,	,	,	,	,	,	,	,	,	,	,否,否,	,否,	,,	,否,	,否,,,否
【6年套装】云米净水器600G小海豚升级版厨下式RO反渗透直饮家用,251123-480394647183582,已收货,1	,正常,2025-11-23 17:50:27,2025-11-24 17:50:28,,2025-11-24 09:16:19,2025-11-28 11:36:52,852932116812	,小海豚600G+6年滤芯套装,1812983769340	,厨房电器,净水器/净水设备及配件耗材,净水器,	,S2508151538001,	,	,	,无售后或售后取消,,2025-11-23 17:50:28,	,,,,,,,否,否,	,否,	,,764.28	,0.0	,0.0	,76.42	,0.0	,0.0	,0.0	,0.0	,687.86	,764.28	,JDV024223981552,京东大件物流,湖北省,宜昌市,夷陵区,,,否,否,	,	,	,否,	,	,	,	,	,	,	,	,	,	,	,	,否,是,	,否,否,,	,否,	,否,,,否
【重磅新品】云米净水器600G小海豚升级版厨下式RO反渗透直饮家用,251123-086832596623582,未发货，退款成功,1	,正常,2025-11-23 17:47:27,2025-11-24 17:47:27,,	,	,225501370546	,小海豚600G,1813468330532	,厨房电器,净水器/净水设备及配件耗材,净水器,	,6923185653684	,6923185616399	,聚水潭已取消发货  已退款  11.24,	,退款成功,,2025-11-23 17:47:27,	,,,,,,,否,否,	,否,	,,559.0	,0.0	,0.0	,2.0	,0.0	,0.0	,0.0	,0.0	,557.0	,559.0	,	,	,湖北省,宜昌市,夷陵区,,,否,否,	,	,	,否,	,	,	,	,	,	,	,	,	,	,	,	,否,是,	,否,否,,	,否,	,否,,,否
云米22m³顶侧大吸力蓝调低噪油烟机猛火天燃气灶智能套装家用厨房,251123-057881402890557,已取消,1	,正常,	,	,,	,	,388827922980	,【烟灶套装】顶侧双吸+5.0猛火灶（天）,1752816957652	,大家电,厨房大电,烟灶消套装,	,S2405071349001,S2409261025001,	,	,无售后或售后取消,,	,	,,,,,,,否,否,	,否,	,,1285.0	,0.0	,189.0	,40.0	,0.0	,0.0	,0.0	,0.0	,1056.0	,1096.0	,	,	,****,****,****,****,,否,否,	,	,	,否,	,	,	,	,	,	,	,	,	,	,	,	,否,否,	,否,	,,	,否,	,否,,,否
云米双腔大吸力手势控制智清洁油烟机聚能猛火灶安全烟灶联动套装,251123-059684953752265,已取消,1	,正常,	,	,,	,	,818688568550	,"【烟灶套装】双腔劲吸烟机+5.2KW灶,天然气灶",1786564457087	,大家电,厨房大电,烟灶消套装,	,S2509151411001,	,	,	,无售后或售后取消,,	,	,,,,,,,否,否,	,否,	,,1299.0	,0.0	,0.0	,100.0	,0.0	,0.0	,0.0	,0.0	,1199.0	,1299.0	,	,	,****,****,****,****,,否,否,	,	,	,否,	,	,	,	,	,	,	,	,	,	,	,	,否,否,	,否,	,,	,否,	,否,,,否
云米60升AI速热高温抑菌电热水器3000W一级节能变频增容家用租房,251123-605489743451769,已收货,1	,正常,2025-11-23 17:18:46,2025-11-24 17:18:47,,2025-11-24 20:06:33,2025-11-29 09:06:38,226368376224	,3000W速热安全60L热水器,1737176648260	,大家电,热水器,电热水器,	,6923185602224	,6923185602224	,地址不详,	,无售后或售后取消,,2025-11-23 17:18:47,	,,,,,,,否,否,	,否,	,,654.0	,0.0	,0.0	,0.0	,0.0	,0.0	,0.0	,0.0	,654.0	,654.0	,JDV024235993016,京东大件物流,黑龙江省,哈尔滨市,宾县,,,否,否,	,	,	,否,	,	,	,	,	,	,	,	,	,	,	,	,否,否,	,否,否,,	,否,	,否,,,否
【重磅新品】云米净水器600G小海豚升级版厨下式RO反渗透直饮家用,251123-401447381291139,已发货，待收货,1	,正常,2025-11-23 17:14:55,2025-11-24 17:14:55,,2025-11-24 16:32:02,	,225501370546	,小海豚600G,1813468330532	,厨房电器,净水器/净水设备及配件耗材,净水器,	,6923185653684	,6923185616399	,	,	,无售后或售后取消,,2025-11-23 17:14:55,	,,,,,,,否,否,	,否,	,,559.0	,0.0	,0.0	,3.0	,0.0	,0.0	,0.0	,0.0	,556.0	,559.0	,JDV024219293982,京东大件物流,北京市,北京市,顺义区,,,否,否,	,	,	,否,	,	,	,	,	,	,	,	,	,	,	,	,否,否,	,否,否,,	,否,	,否,,,否
【重磅新品】云米净水器600G小海豚升级版厨下式RO反渗透直饮家用,251123-094634043760960,已发货，待收货,1	,正常,2025-11-23 17:13:42,2025-11-24 17:13:42,,2025-11-24 09:42:55,	,225501370546	,小海豚600G,1813468330532	,厨房电器,净水器/净水设备及配件耗材,净水器,	,6923185653684	,6923185616399	,	,	,无售后或售后取消,,2025-11-23 17:13:42,	,,,,,,,否,否,	,否,	,,559.0	,0.0	,0.0	,0.0	,0.0	,0.0	,0.0	,0.0	,559.0	,559.0	,JDV024223738607,京东大件物流,湖北省,襄阳市,樊城区,,,否,否,	,	,	,否,	,	,	,	,	,	,	,	,	,	,	,	,否,否,	,否,否,,	,否,	,否,,,否
云米小厨宝6L电热水器厨房卫生间出水恒温储水式小型速热神器加热,251123-412604219781689,已收货,1	,正常,2025-11-23 16:55:01,2025-11-24 16:55:01,2025-11-25 23:59:59,2025-11-24 09:16:19,2025-11-28 13:07:12,208073193570	,热水即刻有-【6L】,1801828025682	,大家电,热水器,厨宝,	,6923185611233	,6923185611233	,	,	,无售后或售后取消,,2025-11-23 16:55:01,	,,,,,,,否,否,	,否,	,,279.0	,0.0	,14.0	,0.0	,0.0	,0.0	,0.0	,0.0	,265.0	,265.0	,JDV024223984738,京东大件物流,浙江省,杭州市,拱墅区,,,否,否,	,	,	,否,	,	,	,	,	,	,	,	,	,	,	,	,否,是,	,否,否,,	,否,	,否,,,否
【6年套装】云米净水器600G小海豚升级版厨下式RO反渗透直饮家用,251123-414156070442801,未发货，退款成功,1	,正常,2025-11-23 16:41:56,2025-11-24 16:41:56,,	,	,852932116812	,小海豚600G+6年滤芯套装,1812983769340	,厨房电器,净水器/净水设备及配件耗材,净水器,	,S2508151538001,	,后返，送TDS笔 ZX2511240061947拦截11.24,	,退款成功,,2025-11-23 16:41:56,	,,,,,,,否,否,	,否,	,,764.28	,0.0	,0.0	,76.42	,0.0	,0.0	,0.0	,0.0	,687.86	,764.28	,	,	,河北省,廊坊市,安次区,,,否,否,	,	,	,否,	,	,	,	,	,	,	,	,	,	,	,	,否,否,	,否,否,,	,否,	,否,,,否
【重磅新品】云米净水器600G小海豚升级版厨下式RO反渗透直饮家用,251123-538580108870035,已取消,1	,正常,	,	,,	,	,225501370546	,小海豚600G,1813468330532	,厨房电器,净水器/净水设备及配件耗材,净水器,	,6923185653684	,6923185616399	,	,	,无售后或售后取消,,	,	,,,,,,,否,否,	,否,	,,559.0	,0.0	,0.0	,0.0	,0.0	,0.0	,0.0	,0.0	,559.0	,559.0	,	,	,****,****,****,****,,否,否,	,	,	,否,	,	,	,	,	,	,	,	,	,	,	,	,否,否,	,否,	,,	,否,	,否,,,否
【重磅新品】云米净水器600G小海豚升级版厨下式RO反渗透直饮家用,251123-103851016601623,已发货，待收货,1	,正常,2025-11-23 16:37:55,2025-11-24 16:37:55,,2025-11-23 19:06:41,	,225501370546	,小海豚600G,1813468330532	,厨房电器,净水器/净水设备及配件耗材,净水器,	,6923185653684	,6923185616399	,	,	,无售后或售后取消,,2025-11-23 16:37:55,	,,,,,,,否,否,	,否,	,,559.0	,0.0	,0.0	,0.0	,0.0	,0.0	,0.0	,0.0	,559.0	,559.0	,JDV024218438587,京东大件物流,广东省,广州市,白云区,,,否,否,	,	,	,否,	,	,	,	,	,	,	,	,	,	,	,	,否,否,	,否,否,,	,否,	,否,,,否
【重磅新品】云米净水器600G小海豚升级版厨下式RO反渗透直饮家用,251123-122138171013161,未发货，退款成功,1	,正常,2025-11-23 16:27:59,2025-11-24 16:28:00,,	,	,225501370546	,小海豚600G,1813468330532	,厨房电器,净水器/净水设备及配件耗材,净水器,	,6923185653684	,6923185616399	,聚水潭已取消发货 已退款   叶11.23,	,退款成功,,2025-11-23 16:28:00,	,,,,,,,否,否,	,否,	,,559.0	,0.0	,0.0	,0.0	,0.0	,0.0	,0.0	,0.0	,559.0	,559.0	,	,	,黑龙江省,哈尔滨市,香坊区,,,否,否,	,	,	,否,	,	,	,	,	,	,	,	,	,	,	,	,否,是,	,否,否,,	,否,	,否,,,否
VIOMI云米净水器1000G厨下直饮小体积净水机RO机智显龙头3秒满杯,251123-169145822862729,已收货,1	,正常,2025-11-23 16:27:12,2025-11-24 16:27:13,,2025-11-23 19:06:07,2025-11-28 10:28:11,842195971715	,1000G大通量RO净水器,1803617356458	,厨房电器,净水器/净水设备及配件耗材,净水器,	,6923185654247	,	,	,	,无售后或售后取消,,2025-11-23 16:27:13,	,,,,,,,否,否,	,否,	,,823.0	,0.0	,50.0	,0.0	,0.0	,0.0	,0.0	,0.0	,773.0	,773.0	,JDV024218456380,京东大件物流,内蒙古自治区,赤峰市,红山区,,,否,否,	,	,	,否,	,	,	,	,	,	,	,	,	,	,	,	,否,是,	,否,否,,	,否,	,否,,,否
【重磅新品】云米净水器600G小海豚升级版厨下式RO反渗透直饮家用,251123-478108741253161,已取消,1	,正常,	,	,,	,	,225501370546	,小海豚600G,1813468330532	,厨房电器,净水器/净水设备及配件耗材,净水器,	,6923185653684	,6923185616399	,	,	,无售后或售后取消,,	,	,,,,,,,否,否,	,否,	,,559.0	,0.0	,0.0	,0.0	,0.0	,0.0	,0.0	,0.0	,559.0	,559.0	,	,	,****,****,****,****,,否,否,	,	,	,否,	,	,	,	,	,	,	,	,	,	,	,	,否,否,	,否,	,,	,否,	,否,,,否
【重磅新品】云米净水器600G小海豚升级版厨下式RO反渗透直饮家用,251123-168107722283540,已收货,1	,正常,2025-11-23 16:13:00,2025-11-24 16:13:01,,2025-11-23 19:06:07,2025-11-25 16:19:09,225501370546	,小海豚600G,1813468330532	,厨房电器,净水器/净水设备及配件耗材,净水器,	,6923185653684	,6923185616399	,	,	,无售后或售后取消,,2025-11-23 16:13:01,	,,,,,,,否,否,	,否,	,,559.0	,0.0	,0.0	,0.0	,3.0	,0.0	,0.0	,0.0	,559.0	,559.0	,JDV024218429049,京东大件物流,黑龙江省,哈尔滨市,香坊区,,,否,否,	,	,	,否,	,	,	,	,	,	,	,	,	,	,	,	,否,否,	,否,否,,	,否,	,否,,,否
【重磅新品】云米净水器600G小海豚升级版厨下式RO反渗透直饮家用,251123-338773952030699,已收货,1	,正常,2025-11-23 16:08:32,2025-11-24 16:08:33,2025-11-25 23:59:59,2025-11-24 09:42:55,2025-11-26 12:08:16,225501370546	,小海豚600G,1813468330532	,厨房电器,净水器/净水设备及配件耗材,净水器,	,6923185653684	,6923185616399	,	,	,无售后或售后取消,,2025-11-23 16:08:33,	,,,,,,,否,否,	,否,	,,559.0	,0.0	,0.0	,33.54	,0.0	,0.0	,0.0	,0.0	,525.46	,559.0	,JDV024223723667,京东大件物流,福建省,福州市,福清市,,,否,否,	,	,	,否,	,	,	,	,	,	,	,	,	,	,	,	,否,否,	,否,否,,	,否,	,否,,,否
【重磅新品】云米净水器600G小海豚升级版厨下式RO反渗透直饮家用,251123-455218337300309,已发货，待收货,1	,正常,2025-11-23 15:53:22,2025-11-24 15:53:22,,2025-11-23 19:06:07,	,225501370546	,小海豚600G,1813468330532	,厨房电器,净水器/净水设备及配件耗材,净水器,	,6923185653684	,6923185616399	,	,	,无售后或售后取消,,2025-11-23 15:53:22,	,,,,,,,否,否,	,否,	,,559.0	,0.0	,0.0	,0.0	,0.0	,0.0	,0.0	,0.0	,559.0	,559.0	,JDV024218447892,京东大件物流,北京市,北京市,昌平区,,,否,否,	,	,	,否,	,	,	,	,	,	,	,	,	,	,	,	,否,否,	,否,否,,	,否,	,否,,,否
云米即热净水器厨房家用直饮RO反渗透加热净饮一体机1000G,251123-378431086081621,已取消,1	,正常,	,	,,	,	,846360072018	,即热直饮 1000G大通量,1807240839093	,厨房电器,净水器/净水设备及配件耗材,净水器,	,6923185651116	,6923185651116	,	,	,无售后或售后取消,,	,	,,,,,,,否,否,	,否,	,,1439.0	,0.0	,0.0	,71.95	,0.0	,0.0	,0.0	,0.0	,1367.05	,1439.0	,	,	,****,****,****,****,,否,否,	,	,	,否,	,	,	,	,	,	,	,	,	,	,	,	,否,否,	,否,	,,	,否,	,否,,,否
云米即热净水器厨房家用直饮RO反渗透加热净饮一体机1000G,251123-028741538093805,已收货,1	,正常,2025-11-23 15:39:56,2025-11-24 15:39:57,,2025-11-23 19:06:08,2025-11-28 23:36:57,846360072018	,即热直饮 1000G大通量,1807240839093	,厨房电器,净水器/净水设备及配件耗材,净水器,	,6923185651116	,6923185651116	,补差后返到手价1295==【补差】仅退款144 [viomi英英sk 11/29 09:08],	,无售后或售后取消,,2025-11-23 15:39:57,	,,,,,,,否,否,	,否,	,,1439.0	,0.0	,0.0	,0.0	,0.0	,0.0	,0.0	,0.0	,1439.0	,1439.0	,JDV024217229915,京东大件物流,广东省,阳江市,阳西县,,,否,否,	,	,	,否,	,	,	,	,	,	,	,	,	,	,	,	,否,否,	,否,是,3	,商家,否,	,否,,信用卡分期,否
【6年套装】云米净水器600G小海豚升级版厨下式RO反渗透直饮家用,251123-612326479502729,已取消,1	,正常,	,	,,	,	,852932116812	,小海豚600G+6年滤芯套装,1812983769340	,厨房电器,净水器/净水设备及配件耗材,净水器,	,S2508151538001,	,	,	,无售后或售后取消,,	,	,,,,,,,否,否,	,否,	,,764.28	,0.0	,0.0	,0.0	,0.0	,0.0	,0.0	,0.0	,764.28	,764.28	,	,	,****,****,****,****,,否,否,	,	,	,否,	,	,	,	,	,	,	,	,	,	,	,	,否,否,	,否,	,,	,否,	,否,,,否
【母婴直饮】云米净水器 SE 600G+ 新升级厨下式RO反渗透直饮家用,251123-221627031150009,已取消,1	,正常,	,	,,	,	,819506595979	,【24年新品】600G升级版6年长效,1787046011387	,厨房电器,净水器/净水设备及配件耗材,净水器,	,6923185653684	,6923185616399	,	,	,无售后或售后取消,,	,	,,,,,,,否,否,	,否,	,,748.0	,0.0	,134.64	,74.8	,0.0	,0.0	,0.0	,0.0	,538.56	,613.36	,	,	,****,****,****,****,,否,否,	,	,	,否,	,	,	,	,	,	,	,	,	,	,	,	,否,否,	,否,	,,	,否,	,否,,,否
【母婴直饮】云米净水器 SE 600G+ 新升级厨下式RO反渗透直饮家用,251123-507384993390009,未发货，退款成功,1	,正常,2025-11-23 15:37:25,2025-11-24 15:37:25,,	,	,819506595979	,【24年新品】600G升级版6年长效,1787046011387	,厨房电器,净水器/净水设备及配件耗材,净水器,	,6923185653684	,6923185616399	,聚水潭已取消发货 已退款   叶11.23,	,退款成功,,2025-11-23 15:37:25,	,,,,,,,否,否,	,否,	,,748.0	,0.0	,134.64	,74.8	,0.0	,0.0	,0.0	,0.0	,538.56	,613.36	,	,	,广东省,深圳市,龙岗区,,,否,否,	,	,	,否,	,	,	,	,	,	,	,	,	,	,	,	,否,否,	,否,否,,	,否,	,否,,,否
云米智能小鲸鱼马桶盖全自动即热恒温带烘干坐垫圈抗菌除臭自清洗,251123-012383732100725,未发货，退款成功,1	,正常,2025-11-23 15:23:00,2025-11-24 15:23:00,,	,	,765112154467	,智能抗菌即热式马桶盖,1749961522912	,家装主材,卫浴陶瓷,智能坐便盖板,	,6923185654537	,6923185654537	,聚水潭已取消发货 已退款   叶11.23,	,退款成功,,2025-11-23 15:23:00,	,,,,,,,否,否,	,否,	,,699.0	,0.0	,0.0	,0.0	,3.0	,0.0	,0.0	,0.0	,699.0	,699.0	,	,	,天津市,天津市,滨海新区,,,否,否,	,	,	,否,	,	,	,	,	,	,	,	,	,	,	,	,否,否,	,否,否,,	,否,	,否,,,否
【重磅新品】云米净水器600G小海豚升级版厨下式RO反渗透直饮家用,251123-406679723673151,未发货，退款成功,1	,正常,2025-11-23 15:21:00,2025-11-24 15:21:00,,	,	,225501370546	,小海豚600G,1813468330532	,厨房电器,净水器/净水设备及配件耗材,净水器,	,6923185653684	,6923185616399	,聚水潭已取消发货 已退款   叶11.23,	,退款成功,,2025-11-23 15:21:00,	,,,,,,,否,否,	,否,	,,559.0	,0.0	,0.0	,0.0	,0.0	,0.0	,0.0	,0.0	,559.0	,559.0	,	,	,内蒙古自治区,乌兰察布市,集宁区,,,否,否,	,	,	,否,	,	,	,	,	,	,	,	,	,	,	,	,否,否,	,否,否,,	,否,	,否,,,否
云米净水器滤芯家用小海豚小蓝调小白龙系列专用RO反渗透,251123-407644444191285,已收货，退款成功,1	,正常,2025-11-23 15:15:16,2025-11-25 15:15:17,,2025-11-23 17:47:48,2025-11-24 16:35:06,232467205433	,5in1 复合滤芯,1647394585330	,厨房电器,净水器/净水设备及配件耗材,净水器配件耗材,	,6923185627425	,	,后返到手价109=40仅退款 [viomi范范sk 11/24 16:36],	,退款成功,,2025-11-23 15:15:17,	,,,,,,,否,否,	,否,	,,149.0	,0.0	,0.0	,0.0	,0.0	,0.0	,0.0	,0.0	,149.0	,149.0	,JDV024216298252,京东大件物流,安徽省,阜阳市,颍泉区,,,否,否,	,	,	,否,	,	,	,	,	,	,	,	,	,	,	,	,否,否,	,否,否,,	,否,	,否,,,否
【重磅新品】云米净水器600G小海豚升级版厨下式RO反渗透直饮家用,251123-056308590972762,已取消,1	,正常,	,	,,	,	,225501370546	,小海豚600G,1813468330532	,厨房电器,净水器/净水设备及配件耗材,净水器,	,6923185653684	,6923185616399	,	,	,无售后或售后取消,,	,	,,,,,,,否,否,	,否,	,,559.0	,0.0	,0.0	,0.0	,0.0	,0.0	,0.0	,0.0	,559.0	,559.0	,	,	,****,****,****,****,,否,否,	,	,	,否,	,	,	,	,	,	,	,	,	,	,	,	,否,否,	,否,	,,	,否,	,否,,,否
【母婴直饮】云米净水器 SE 600G+ 新升级厨下式RO反渗透直饮家用,251123-463554527601500,已取消,1	,正常,	,	,,	,	,819506595979	,【24年新品】600G升级版6年长效,1787046011387	,厨房电器,净水器/净水设备及配件耗材,净水器,	,6923185653684	,6923185616399	,	,	,无售后或售后取消,,	,	,,,,,,,否,否,	,否,	,,748.0	,0.0	,149.6	,0.0	,0.0	,0.0	,0.0	,0.0	,598.4	,598.4	,	,	,****,****,****,****,,否,否,	,	,	,否,	,	,	,	,	,	,	,	,	,	,	,	,否,否,	,否,	,,	,否,	,否,,,否
【母婴直饮】云米净水器 SE 600G+ 新升级厨下式RO反渗透直饮家用,251123-255265390961500,已取消,1	,正常,	,	,,	,	,819506595979	,【24年新品】600G升级版6年长效,1787046011387	,厨房电器,净水器/净水设备及配件耗材,净水器,	,6923185653684	,6923185616399	,	,	,无售后或售后取消,,	,	,,,,,,,否,否,	,否,	,,748.0	,0.0	,149.6	,0.0	,0.0	,0.0	,0.0	,0.0	,598.4	,598.4	,	,	,****,****,****,****,,否,否,	,	,	,否,	,	,	,	,	,	,	,	,	,	,	,	,否,否,	,否,	,,	,否,	,否,,,否
【母婴直饮】云米净水器 SE 600G+ 新升级厨下式RO反渗透直饮家用,251123-009447739761500,已取消,1	,正常,	,	,,	,	,819506595979	,【24年新品】600G升级版6年长效,1787046011387	,厨房电器,净水器/净水设备及配件耗材,净水器,	,6923185653684	,6923185616399	,	,	,无售后或售后取消,,	,	,,,,,,,否,否,	,否,	,,748.0	,0.0	,149.6	,0.0	,0.0	,0.0	,0.0	,0.0	,598.4	,598.4	,	,	,****,****,****,****,,否,否,	,	,	,否,	,	,	,	,	,	,	,	,	,	,	,	,否,否,	,否,	,,	,否,	,否,,,否
【母婴直饮】云米净水器 SE 600G+ 新升级厨下式RO反渗透直饮家用,251123-034624059761500,已取消,1	,正常,	,	,,	,	,819506595979	,【24年新品】600G升级版6年长效,1787046011387	,厨房电器,净水器/净水设备及配件耗材,净水器,	,6923185653684	,6923185616399	,	,	,无售后或售后取消,,	,	,,,,,,,否,否,	,否,	,,748.0	,0.0	,149.6	,0.0	,0.0	,0.0	,0.0	,0.0	,598.4	,598.4	,	,	,****,****,****,****,,否,否,	,	,	,否,	,	,	,	,	,	,	,	,	,	,	,	,否,否,	,否,	,,	,否,	,否,,,否
【母婴直饮】云米净水器 SE 600G+ 新升级厨下式RO反渗透直饮家用,251123-266988470641500,已取消,1	,正常,	,	,,	,	,819506595979	,【24年新品】600G升级版6年长效,1787046011387	,厨房电器,净水器/净水设备及配件耗材,净水器,	,6923185653684	,6923185616399	,	,	,无售后或售后取消,,	,	,,,,,,,否,否,	,否,	,,748.0	,0.0	,145.6	,20.0	,0.0	,0.0	,0.0	,0.0	,582.4	,602.4	,	,	,****,****,****,****,,否,否,	,	,	,否,	,	,	,	,	,	,	,	,	,	,	,	,否,否,	,否,	,,	,否,	,否,,,否
【重磅新品】云米净水器600G小海豚升级版厨下式RO反渗透直饮家用,251123-284908634433084,未发货，退款成功,1	,正常,2025-11-23 15:05:36,2025-11-24 15:05:37,,	,	,225501370546	,小海豚600G,1813468330532	,厨房电器,净水器/净水设备及配件耗材,净水器,	,6923185653684	,6923185616399	,聚水潭已取消发货 已退款   叶11.23,	,退款成功,,2025-11-23 15:05:37,	,,,,,,,否,否,	,否,	,,559.0	,0.0	,0.0	,3.0	,0.0	,0.0	,0.0	,0.0	,556.0	,559.0	,	,	,湖北省,随州市,曾都区,,,否,否,	,	,	,否,	,	,	,	,	,	,	,	,	,	,	,	,否,否,	,否,否,,	,否,	,否,,,否
【重磅新品】云米净水器600G小海豚升级版厨下式RO反渗透直饮家用,251123-406774157711615,已发货，待收货,1	,正常,2025-11-23 14:57:23,2025-11-24 14:57:23,,2025-11-23 19:06:07,	,225501370546	,小海豚600G,1813468330532	,厨房电器,净水器/净水设备及配件耗材,净水器,	,6923185653684	,6923185616399	,18327819786安装 [viomi英英sk 11/25 16:33],	,无售后或售后取消,,2025-11-23 14:57:23,	,,,,,,,否,否,	,否,	,,559.0	,0.0	,0.0	,0.0	,0.0	,0.0	,0.0	,0.0	,559.0	,559.0	,JDV024217587393,京东大件物流,湖北省,黄石市,阳新县,,,否,否,	,	,	,否,	,	,	,	,	,	,	,	,	,	,	,	,否,否,	,否,否,,	,否,	,否,,,否
云米小厨宝6L电热水器厨房卫生间出水恒温储水式小型速热神器加热,251123-493543811491817,已发货，待收货,1	,正常,2025-11-23 14:49:33,2025-11-24 14:49:33,,2025-11-23 19:06:08,	,208073193570	,热水即刻有-【6L】,1801828025682	,大家电,热水器,厨宝,	,6923185611233	,6923185611233	,	,	,无售后或售后取消,,2025-11-23 14:49:33,	,,,,,,,否,否,	,否,	,,279.0	,0.0	,14.0	,2.0	,0.0	,0.0	,0.0	,0.0	,263.0	,265.0	,JDV024217253739,京东大件物流,陕西省,西安市,莲湖区,,,否,否,	,	,	,否,	,	,	,	,	,	,	,	,	,	,	,	,否,否,	,否,否,,	,否,	,否,,,否
Viomi云米净水器1000G厨下式RO反渗透直饮过滤器净饮小海豚2,251123-378535943791440,已取消,1	,正常,	,	,,	,	,205458105137	,小海豚2包安装1000G大加仑,1802849942800	,厨房电器,净水器/净水设备及配件耗材,净水器,	,6923185654865	,	,	,	,无售后或售后取消,,	,	,,,,,,,否,否,	,否,	,,999.0	,0.0	,100.0	,40.0	,0.0	,0.0	,0.0	,0.0	,859.0	,899.0	,	,	,****,****,****,****,,否,否,	,	,	,否,	,	,	,	,	,	,	,	,	,	,	,	,否,否,	,否,	,,	,否,	,否,,,否
【6年套装】云米净水器600G小海豚升级版厨下式RO反渗透直饮家用,251123-093344305521500,已取消,1	,正常,	,	,,	,	,852932116812	,小海豚600G+6年滤芯套装,1812983769340	,厨房电器,净水器/净水设备及配件耗材,净水器,	,S2508151538001,	,	,	,无售后或售后取消,,	,	,,,,,,,否,否,	,否,	,,764.28	,0.0	,0.0	,0.0	,0.0	,0.0	,0.0	,0.0	,764.28	,764.28	,	,	,****,****,****,****,,否,否,	,	,	,否,	,	,	,	,	,	,	,	,	,	,	,	,否,否,	,否,	,,	,否,	,否,,,否
【6年套装】云米净水器600G小海豚升级版厨下式RO反渗透直饮家用,251123-414953030001500,已取消,1	,正常,	,	,,	,	,852932116812	,小海豚600G+6年滤芯套装,1812983769340	,厨房电器,净水器/净水设备及配件耗材,净水器,	,S2508151538001,	,	,	,无售后或售后取消,,	,	,,,,,,,否,否,	,否,	,,764.28	,0.0	,0.0	,0.0	,0.0	,0.0	,0.0	,0.0	,764.28	,764.28	,	,	,****,****,****,****,,否,否,	,	,	,否,	,	,	,	,	,	,	,	,	,	,	,	,否,否,	,否,	,,	,否,	,否,,,否
云米顶侧大吸力蓝调油烟机家用厨房节能自清洁一级能效可挥手智控,251123-028773005623404,已取消,1	,正常,	,	,,	,	,657344402006	,云米智清洁挥手智控单烟机,1723825075586	,大家电,厨房大电,油烟机,	,6923185650973	,6923185650973	,	,	,无售后或售后取消,,	,	,,,,,,,否,否,	,否,	,,838.0	,0.0	,42.0	,39.8	,0.0	,0.0	,0.0	,0.0	,756.2	,796.0	,	,	,****,****,****,****,,否,否,	,	,	,否,	,	,	,	,	,	,	,	,	,	,	,	,否,否,	,否,	,,	,否,	,否,,,否
【6年套装】云米净水器600G小海豚升级版厨下式RO反渗透直饮家用,251123-565528543601500,已取消,1	,正常,	,	,,	,	,852932116812	,小海豚600G+6年滤芯套装,1812983769340	,厨房电器,净水器/净水设备及配件耗材,净水器,	,S2508151538001,	,	,	,无售后或售后取消,,	,	,,,,,,,否,否,	,否,	,,764.28	,0.0	,0.0	,20.0	,0.0	,0.0	,0.0	,0.0	,744.28	,764.28	,	,	,****,****,****,****,,否,否,	,	,	,否,	,	,	,	,	,	,	,	,	,	,	,	,否,否,	,否,	,,	,否,	,否,,,否
云米净水器滤芯家用小海豚小蓝调小白龙系列专用RO反渗透,251123-092746585652251,已发货，待收货,1	,正常,2025-11-23 14:46:19,2025-11-25 14:46:19,,2025-11-23 19:06:07,	,232467205433	,5in1 复合滤芯,1647394585330	,厨房电器,净水器/净水设备及配件耗材,净水器配件耗材,	,6923185627425	,	,后返，到手价109,	,无售后或售后取消,,2025-11-23 14:46:19,	,,,,,,,否,否,	,否,	,,149.0	,0.0	,0.0	,23.84	,0.0	,0.0	,0.0	,0.0	,125.16	,149.0	,JDV024217531749,京东大件物流,辽宁省,盘锦市,双台子区,,,否,否,	,	,	,否,	,	,	,	,	,	,	,	,	,	,	,	,否,否,	,否,否,,	,否,	,否,,,否
【母婴直饮】云米净水器 SE 600G+ 新升级厨下式RO反渗透直饮家用,251123-608142682432396,已取消,1	,正常,	,	,,	,	,819506595979	,【24年新品】600G升级版6年长效,1787046011387	,厨房电器,净水器/净水设备及配件耗材,净水器,	,6923185653684	,6923185616399	,	,	,无售后或售后取消,,	,	,,,,,,,否,否,	,否,	,,748.0	,0.0	,139.6	,50.0	,0.0	,0.0	,0.0	,0.0	,558.4	,608.4	,	,	,****,****,****,****,,否,否,	,	,	,否,	,	,	,	,	,	,	,	,	,	,	,	,否,否,	,否,	,,	,否,	,否,,,否
【6年套装】云米净水器600G小海豚升级版厨下式RO反渗透直饮家用,251123-626304018752396,已取消,1	,正常,	,	,,	,	,852932116812	,小海豚600G+6年滤芯套装,1812983769340	,厨房电器,净水器/净水设备及配件耗材,净水器,	,S2508151538001,	,	,	,无售后或售后取消,,	,	,,,,,,,否,否,	,否,	,,764.28	,0.0	,0.0	,50.0	,0.0	,0.0	,0.0	,0.0	,714.28	,764.28	,	,	,****,****,****,****,,否,否,	,	,	,否,	,	,	,	,	,	,	,	,	,	,	,	,否,否,	,否,	,,	,否,	,否,,,否
【母婴直饮】云米净水器 SE 600G+ 新升级厨下式RO反渗透直饮家用,251123-246310572383811,已发货，待收货,1	,正常,2025-11-23 14:40:12,2025-11-24 14:40:12,,2025-11-23 19:06:07,	,819506595979	,【24年新品】600G升级版6年长效,1787046011387	,厨房电器,净水器/净水设备及配件耗材,净水器,	,6923185653684	,6923185616399	,18335010106安装 [viomi英英sk 11/25 17:39],	,无售后或售后取消,,2025-11-23 14:40:12,	,,,,,,,否,否,	,否,	,,748.0	,0.0	,134.64	,74.8	,0.0	,0.0	,0.0	,0.0	,538.56	,613.36	,JDV024216886366,京东大件物流,山西省,忻州市,代县,,,否,否,	,	,	,否,	,	,	,	,	,	,	,	,	,	,	,	,否,否,	,否,否,,	,否,	,否,,,否
【重磅新品】云米净水器600G小海豚升级版厨下式RO反渗透直饮家用,251123-332209918302720,已收货,1	,正常,2025-11-23 14:40:20,2025-11-24 14:40:20,2025-11-25 23:59:59,2025-11-23 19:06:07,2025-11-27 21:32:44,225501370546	,小海豚600G,1813468330532	,厨房电器,净水器/净水设备及配件耗材,净水器,	,6923185653684	,6923185616399	,	,	,无售后或售后取消,,2025-11-23 14:40:20,	,,,,,,,否,否,	,否,	,,559.0	,0.0	,0.0	,0.0	,0.0	,0.0	,0.0	,0.0	,559.0	,559.0	,JDV024217229986,京东大件物流,上海市,上海市,静安区,,,否,否,	,	,	,否,	,	,	,	,	,	,	,	,	,	,	,	,否,否,	,否,否,,	,否,	,否,,,否
【母婴直饮】云米净水器 SE 600G+ 新升级厨下式RO反渗透直饮家用,251123-008640284202254,已发货，待收货,1	,正常,2025-11-23 14:37:34,2025-11-24 14:37:34,,2025-11-23 19:06:08,	,819506595979	,【24年新品】600G升级版6年长效,1787046011387	,厨房电器,净水器/净水设备及配件耗材,净水器,	,6923185653684	,6923185616399	,	,	,无售后或售后取消,,2025-11-23 14:37:34,	,,,,,,,否,否,	,否,	,,748.0	,0.0	,138.8	,54.0	,0.0	,0.0	,0.0	,0.0	,555.2	,609.2	,JDV024217229994,京东大件物流,广东省,江门市,蓬江区,,,否,否,	,	,	,否,	,	,	,	,	,	,	,	,	,	,	,	,否,否,	,否,否,,	,否,	,否,,,否
VIOMI云米净水器600G小蓝调厨下式RO反渗透直饮家用6年长效,251123-259774288250014,已收货，退款成功,1	,正常,2025-11-23 14:25:41,2025-11-24 14:25:41,,2025-11-23 19:06:07,2025-11-27 17:12:18,850883552953	,RO反渗透除去重金属,1811278299045	,厨房电器,净水器/净水设备及配件耗材,净水器,	,6923185653592	,6923185653592	,639.19-599=40.19差价仅退款 [viomi慧慧sk 11/27 17:15],	,退款成功,,2025-11-23 14:25:41,	,,,,,,,否,否,	,否,	,,639.19	,0.0	,0.0	,30.0	,0.0	,0.0	,0.0	,0.0	,609.19	,639.19	,JDV024216665281,京东大件物流,甘肃省,张掖市,高台县,,,否,否,	,	,	,否,	,	,	,	,	,	,	,	,	,	,	,	,否,否,	,否,否,,	,否,	,否,,,否
云米即热净水器厨房家用直饮RO反渗透加热净饮一体机1000G,251123-147366920632075,已发货，待收货,1	,正常,2025-11-23 14:24:49,2025-11-24 14:24:49,,2025-11-23 19:06:08,	,846360072018	,即热直饮 1000G大通量,1807240839093	,厨房电器,净水器/净水设备及配件耗材,净水器,	,6923185651116	,6923185651116	,19220458858安装 [viomi英英sk 11/25 16:36]==TH2C868616952,	,售后处理中,,2025-11-23 14:24:49,	,,,,,,,否,否,	,否,	,,1439.0	,0.0	,0.0	,0.0	,0.0	,0.0	,0.0	,0.0	,1439.0	,1439.0	,JDV024217249509,京东大件物流,福建省,三明市,三元区,,,否,否,	,	,	,否,	,	,	,	,	,	,	,	,	,	,	,	,否,否,	,否,否,,	,否,	,否,,,否
云米净水器滤芯家用小海豚小蓝调小白龙系列专用RO反渗透,251123-462254261791334,已发货，待收货,1	,正常,2025-11-23 14:20:28,2025-11-25 14:20:28,,2025-11-23 16:07:30,	,232467205433	,5in1 复合滤芯,1647394585330	,厨房电器,净水器/净水设备及配件耗材,净水器配件耗材,	,6923185627425	,	,	,	,无售后或售后取消,,2025-11-23 14:20:28,	,,,,,,,否,否,	,否,	,,149.0	,0.0	,0.0	,0.0	,0.0	,0.0	,0.0	,0.0	,149.0	,149.0	,JDV024215366439,京东大件物流,北京市,北京市,西城区,,,否,否,	,	,	,否,	,	,	,	,	,	,	,	,	,	,	,	,否,否,	,否,否,,	,否,	,否,,,否
云米净水器滤芯小蓝调小海豚600G+专用复合滤芯RO反渗透滤芯过滤,251123-153595482410719,已收货，退款成功,1	,正常,2025-11-23 14:18:28,2025-11-24 14:18:28,,2025-11-23 16:07:30,2025-11-25 16:12:04,296967601341	,5in1复合滤芯 2年长效,1600193054565	,厨房电器,净水器/净水设备及配件耗材,净水器配件耗材,	,6923185627425	,	,后返，到手价99==【补差】仅退款200 [viomi英英sk 11/25 16:12],	,退款成功,,2025-11-23 14:18:28,	,,,,,,,否,否,	,否,	,,299.0	,0.0	,0.0	,0.0	,0.2	,0.0	,0.0	,0.0	,299.0	,299.0	,JDV024215196373,京东大件物流,河南省,郑州市,二七区,,,否,否,	,	,	,否,	,	,	,	,	,	,	,	,	,	,	,	,否,否,	,否,否,,	,否,	,否,,,否
云米顶侧大吸力蓝调油烟机家用厨房节能自清洁一级能效可挥手智控,251123-158796419383404,已取消,1	,正常,	,	,,	,	,657344402006	,云米智清洁挥手智控单烟机,1723825075586	,大家电,厨房大电,油烟机,	,6923185650973	,6923185650973	,	,	,无售后或售后取消,,	,	,,,,,,,否,否,	,否,	,,838.0	,0.0	,42.0	,39.8	,0.0	,0.0	,0.0	,0.0	,756.2	,796.0	,	,	,****,****,****,****,,否,否,	,	,	,否,	,	,	,	,	,	,	,	,	,	,	,	,否,否,	,否,	,,	,否,	,否,,,否
云米小厨宝6L电热水器厨房卫生间出水恒温储水式小型速热神器加热,251123-505203976630603,已发货，待收货,1	,正常,2025-11-23 14:08:40,2025-11-24 14:08:40,,2025-11-23 17:47:49,	,208073193570	,热水即刻有-【6L】,1801828025682	,大家电,热水器,厨宝,	,6923185611233	,6923185611233	,	,	,无售后或售后取消,,2025-11-23 14:08:40,	,,,,,,,否,否,	,否,	,,279.0	,0.0	,14.0	,0.0	,1.0	,0.0	,0.0	,0.0	,265.0	,265.0	,JDV024216276652,京东大件物流,江苏省,常州市,武进区,,,否,否,	,	,	,否,	,	,	,	,	,	,	,	,	,	,	,	,否,否,	,否,否,,	,否,	,否,,,否
云米净水器滤芯小蓝调小海豚600G+专用复合滤芯RO反渗透滤芯过滤,251123-295237086873640,已收货,2	,正常,2025-11-23 13:53:27,2025-11-24 13:53:27,,2025-11-23 17:47:49,2025-11-29 10:53:18,296967601341	,5in1复合滤芯 2年长效,1600193054565	,厨房电器,净水器/净水设备及配件耗材,净水器配件耗材,	,6923185627425	,	,后返，到手价99/根==【补差】仅退款394.02 [viomi英英sk 11/29 10:56],	,售后处理中,,2025-11-23 13:53:27,	,,,,,,,否,否,	,否,中国新疆中转,,598.0	,0.0	,5.98	,0.0	,0.0	,0.0	,0.0	,0.0	,592.02	,592.02	,JDV024214888383,京东大件物流,陕西省,咸阳市,渭城区,,,否,否,	,	,	,否,	,	,	,	,	,	,	,	,	,	,	,	,否,否,	,否,否,,	,否,	,否,,,否
【重磅新品】云米净水器600G小海豚升级版厨下式RO反渗透直饮家用,251123-156070059673640,已发货，待收货,1	,正常,2025-11-23 13:41:11,2025-11-24 13:41:12,,2025-11-23 19:06:07,	,225501370546	,小海豚600G,1813468330532	,厨房电器,净水器/净水设备及配件耗材,净水器,	,6923185653684	,6923185616399	,	,	,无售后或售后取消,,2025-11-23 13:41:12,	,,,,,,,否,否,	,否,	,,559.0	,0.0	,0.0	,0.0	,0.0	,0.0	,0.0	,0.0	,559.0	,559.0	,JDV024217250005,京东大件物流,新疆维吾尔自治区,乌鲁木齐市,沙依巴克区,,,否,否,	,	,	,否,	,	,	,	,	,	,	,	,	,	,	,	,否,否,	,否,否,,	,否,	,否,,,否
【6年套装】云米净水器600G小海豚升级版厨下式RO反渗透直饮家用,251123-170718686752636,已取消,1	,正常,	,	,,	,	,852932116812	,小海豚600G+6年滤芯套装,1812983769340	,厨房电器,净水器/净水设备及配件耗材,净水器,	,S2508151538001,	,	,	,无售后或售后取消,,	,	,,,,,,,否,否,	,否,	,,764.28	,0.0	,0.0	,64.0	,0.0	,0.0	,0.0	,0.0	,700.28	,764.28	,	,	,****,****,****,****,,否,否,	,	,	,否,	,	,	,	,	,	,	,	,	,	,	,	,否,否,	,否,	,,	,否,	,否,,,否
【重磅新品】云米净水器600G小海豚升级版厨下式RO反渗透直饮家用,251123-520722849322801,已取消,1	,正常,	,	,,	,	,225501370546	,小海豚600G,1813468330532	,厨房电器,净水器/净水设备及配件耗材,净水器,	,6923185653684	,6923185616399	,	,	,无售后或售后取消,,	,	,,,,,,,否,否,	,否,	,,559.0	,0.0	,0.0	,0.0	,0.0	,0.0	,0.0	,0.0	,559.0	,559.0	,	,	,****,****,****,****,,否,否,	,	,	,否,	,	,	,	,	,	,	,	,	,	,	,	,否,否,	,否,	,,	,否,	,否,,,否
【母婴直饮】云米净水器 SE 600G+ 新升级厨下式RO反渗透直饮家用,251123-346868979323006,已取消,1	,正常,	,	,,	,	,819506595979	,【24年新品】600G升级版6年长效,1787046011387	,厨房电器,净水器/净水设备及配件耗材,净水器,	,6923185653684	,6923185616399	,	,	,无售后或售后取消,,	,	,,,,,,,否,否,	,否,	,,748.0	,0.0	,149.6	,0.0	,0.0	,0.0	,0.0	,0.0	,598.4	,598.4	,	,	,****,****,****,****,,否,否,	,	,	,否,	,	,	,	,	,	,	,	,	,	,	,	,否,否,	,否,	,,	,否,	,否,,,否
云米净水器滤芯小蓝调小海豚600G+专用复合滤芯RO反渗透滤芯过滤,251123-242776809070885,已发货，待收货,1	,正常,2025-11-23 12:56:40,2025-11-24 12:56:40,,2025-11-23 13:59:14,	,296967601341	,5in1复合滤芯 2年长效,1600193054565	,厨房电器,净水器/净水设备及配件耗材,净水器配件耗材,	,6923185627425	,	,后返到手价99,	,无售后或售后取消,,2025-11-23 12:56:40,	,,,,,,,否,否,	,否,	,,299.0	,0.0	,0.0	,0.0	,0.0	,0.0	,0.0	,0.0	,299.0	,299.0	,JDV024213966253,京东大件物流,辽宁省,沈阳市,和平区,,,否,否,	,	,	,否,	,	,	,	,	,	,	,	,	,	,	,	,否,否,	,否,否,,	,否,	,否,,,否
【重磅新品】云米净水器600G小海豚升级版厨下式RO反渗透直饮家用,251123-502110625343520,已收货,1	,正常,2025-11-23 12:48:33,2025-11-24 12:48:33,,2025-11-23 19:06:08,2025-11-28 19:09:26,225501370546	,小海豚600G,1813468330532	,厨房电器,净水器/净水设备及配件耗材,净水器,	,6923185653684	,6923185616399	,13476154675 安装11.27 [viomi范范sk 11/27 10:15],	,无售后或售后取消,,2025-11-23 12:48:33,	,,,,,,,否,否,	,否,	,,559.0	,0.0	,0.0	,0.0	,1.11	,0.0	,0.0	,0.0	,559.0	,559.0	,JDV024217273206,京东大件物流,湖北省,武汉市,汉阳区,,,否,否,	,	,	,否,	,	,	,	,	,	,	,	,	,	,	,	,否,否,	,否,否,,	,否,	,否,,,否
云米净水器滤芯家用小海豚小蓝调小白龙系列专用RO反渗透,251123-404425337231750,已收货，退款成功,1	,正常,2025-11-23 12:32:33,2025-11-25 12:32:33,,2025-11-23 13:59:14,2025-11-26 18:23:45,232467205433	,5in1 复合滤芯,1647394585330	,厨房电器,净水器/净水设备及配件耗材,净水器配件耗材,	,6923185627425	,	,后返到手价109=147.51-109=38.51差价仅退款 [viomi慧慧sk 11/26 18:25],	,退款成功,,2025-11-23 12:32:33,	,,,,,,,否,否,	,否,	,,149.0	,0.0	,1.49	,0.0	,0.0	,0.0	,0.0	,0.0	,147.51	,147.51	,JDV024213806522,京东大件物流,河北省,秦皇岛市,海港区,,,否,否,	,	,	,否,	,	,	,	,	,	,	,	,	,	,	,	,否,否,	,否,否,,	,否,	,否,,,否
云米净水器滤芯家用小海豚小蓝调小白龙系列专用RO反渗透,251123-232626645391750,已收货，退款成功,1	,正常,2025-11-23 12:32:33,2025-11-25 12:32:33,,2025-11-23 16:07:31,2025-11-26 18:25:59,232467205433	,600G RO反渗透,1358951046252	,厨房电器,净水器/净水设备及配件耗材,净水器配件耗材,	,6923185618379	,	,后返到手价458,	,退款成功,,2025-11-23 12:32:33,	,,,,,,,否,否,	,否,	,,549.0	,0.0	,5.49	,0.0	,0.0	,0.0	,0.0	,0.0	,543.51	,543.51	,JDV024214419970,京东大件物流,河北省,秦皇岛市,海港区,,,否,否,	,	,	,否,	,	,	,	,	,	,	,	,	,	,	,	,否,否,	,否,否,,	,否,	,否,,,否
云米100L消毒柜家用超薄嵌入式大容量厨房独立消毒烘干ZTD100A-1,251123-251333219972411,已发货，退款成功,1	,正常,2025-11-23 12:24:31,2025-11-25 12:24:31,,2025-11-23 16:07:31,	,220820325711	,嵌入式100L消毒柜,1644782695193	,大家电,厨房大电,消毒柜,	,6923185604303	,6923185604303	,15905995190咨询 [viomi英英sk 11/25 16:53]  ZX2511260061531 拦截 11.26,	,退款成功,,2025-11-23 12:24:31,	,,,,,,,否,否,	,否,	,,848.0	,0.0	,0.0	,72.0	,5.0	,0.0	,0.0	,0.0	,776.0	,848.0	,JDV024214436432,京东大件物流,福建省,泉州市,鲤城区,,,否,否,	,	,	,否,	,	,	,	,	,	,	,	,	,	,	,	,否,否,	,否,否,,	,否,	,否,,,否
云米22m³顶侧大吸力蓝调低噪油烟机猛火天燃气灶智能套装家用厨房,251123-561617385760232,已收货,1	,正常,2025-11-23 12:21:47,2025-11-24 12:21:48,,2025-11-23 16:07:30,2025-11-29 09:51:59,388827922980	,【烟灶套装】顶侧双吸+5.0猛火灶（天）,1752816957652	,大家电,厨房大电,烟灶消套装,	,S2405071349001,S2409261025001,赠清洁剂 ,	,无售后或售后取消,,2025-11-23 12:21:48,	,,,,,,,否,否,	,否,	,,1285.0	,0.0	,189.0	,40.0	,2.11	,0.0	,0.0	,0.0	,1056.0	,1096.0	,JDV024214416345,京东大件物流,浙江省,杭州市,拱墅区,,,否,否,	,	,	,否,	,	,	,	,	,	,	,	,	,	,	,	,否,否,	,否,否,,	,否,	,否,,,否
【6年套装】云米净水器600G小海豚升级版厨下式RO反渗透直饮家用,251123-659355154791945,已取消,1	,正常,	,	,,	,	,852932116812	,小海豚600G+6年滤芯套装,1812983769340	,厨房电器,净水器/净水设备及配件耗材,净水器,	,S2508151538001,	,	,	,无售后或售后取消,,	,	,,,,,,,否,否,	,否,	,,764.28	,0.0	,0.0	,53.49	,0.0	,0.0	,0.0	,0.0	,710.79	,764.28	,	,	,****,****,****,****,,否,否,	,	,	,否,	,	,	,	,	,	,	,	,	,	,	,	,否,否,	,否,	,,	,否,	,否,,,否
【重磅新品】云米净水器600G小海豚升级版厨下式RO反渗透直饮家用,251123-031216135690782,已发货，待收货,1	,正常,2025-11-23 12:19:09,2025-11-24 12:19:10,,2025-11-23 16:07:30,	,225501370546	,小海豚600G,1813468330532	,厨房电器,净水器/净水设备及配件耗材,净水器,	,6923185653684	,6923185616399	,	,	,无售后或售后取消,,2025-11-23 12:19:10,	,,,,,,,否,否,	,否,	,,559.0	,0.0	,0.0	,0.0	,0.0	,0.0	,0.0	,0.0	,559.0	,559.0	,JDV024214497811,京东大件物流,辽宁省,大连市,甘井子区,,,否,否,	,	,	,否,	,	,	,	,	,	,	,	,	,	,	,	,否,否,	,否,否,,	,否,	,否,,,否
【重磅新品】云米净水器600G小海豚升级版厨下式RO反渗透直饮家用,251123-079534528010782,已取消,1	,正常,	,	,,	,	,225501370546	,小海豚600G,1813468330532	,厨房电器,净水器/净水设备及配件耗材,净水器,	,6923185653684	,6923185616399	,	,	,无售后或售后取消,,	,	,,,,,,,否,否,	,否,	,,559.0	,0.0	,0.0	,0.0	,0.0	,0.0	,0.0	,0.0	,559.0	,559.0	,	,	,****,****,****,****,,否,否,	,	,	,否,	,	,	,	,	,	,	,	,	,	,	,	,否,否,	,否,	,,	,否,	,否,,,否
云米净水器滤芯家用小海豚小蓝调小白龙系列专用RO反渗透,251123-509031257692866,已发货，待收货,2	,正常,2025-11-23 12:27:06,2025-11-25 12:27:06,,2025-11-23 17:47:49,	,232467205433	,5in1 复合滤芯,1647394585330	,厨房电器,净水器/净水设备及配件耗材,净水器配件耗材,	,6923185627425	,	,后返到手价109一个,	,无售后或售后取消,,2025-11-23 12:27:06,	,,,,,,,否,否,	,否,	,,298.0	,0.0	,2.98	,20.2	,0.0	,0.0	,0.0	,0.0	,274.82	,295.02	,JDV024214910805,京东大件物流,陕西省,西安市,莲湖区,,,否,否,	,	,	,否,	,	,	,	,	,	,	,	,	,	,	,	,否,否,	,否,否,,	,否,	,否,,,否
【6年套装】云米净水器600G小海豚升级版厨下式RO反渗透直饮家用,251123-300018593322469,已收货,1	,正常,2025-11-23 12:17:14,2025-11-24 12:17:14,,2025-11-23 17:47:49,2025-11-25 12:28:19,852932116812	,小海豚600G+6年滤芯套装,1812983769340	,厨房电器,净水器/净水设备及配件耗材,净水器,	,S2508151538001,	,	,	,无售后或售后取消,,2025-11-23 12:17:14,	,,,,,,,否,否,	,否,	,,764.28	,0.0	,0.0	,99.35	,0.0	,0.0	,0.0	,0.0	,664.93	,764.28	,JDV024216255521,京东大件物流,江苏省,无锡市,江阴市,,,否,否,	,	,	,否,	,	,	,	,	,	,	,	,	,	,	,	,否,否,	,否,否,,	,否,	,否,,,否
云米即热净水器厨房家用直饮RO反渗透加热净饮一体机1000G,251123-397494218323985,已取消,1	,正常,	,	,,	,	,846360072018	,即热直饮 1000G大通量,1807240839093	,厨房电器,净水器/净水设备及配件耗材,净水器,	,6923185651116	,6923185651116	,	,	,无售后或售后取消,,	,	,,,,,,,否,否,	,否,	,,1439.0	,0.0	,0.0	,77.0	,0.0	,0.0	,0.0	,0.0	,1362.0	,1439.0	,	,	,****,****,****,****,,否,否,	,	,	,否,	,	,	,	,	,	,	,	,	,	,	,	,否,否,	,否,	,,	,否,	,否,,,否
云米净饮机X2系列滤芯X2mini mango复合滤芯5in1/6in1 RO反渗透,251123-352594194030999,已发货，待收货,1	,正常,2025-11-23 12:14:03,2025-11-25 12:14:03,,2025-11-23 16:07:31,	,243153009643	,X2/X2 Pro RO反渗透滤芯,1360931817931	,厨房电器,净水器/净水设备及配件耗材,净水器配件耗材,	,6923185616177	,6923185614258	,	,	,无售后或售后取消,,2025-11-23 12:14:03,	,,,,,,,否,否,	,否,	,,189.0	,0.0	,0.0	,0.0	,0.0	,0.0	,0.0	,0.0	,189.0	,189.0	,JDV024214436270,京东大件物流,天津市,天津市,滨海新区,,,否,否,	,	,	,否,	,	,	,	,	,	,	,	,	,	,	,	,否,否,	,否,否,,	,否,	,否,,,否
云米22m³顶侧大吸力蓝调低噪油烟机猛火天燃气灶智能套装家用厨房,251123-664147147040232,已取消,1	,正常,	,	,,	,	,388827922980	,【烟灶套装】顶侧双吸+5.0猛火灶（天）,1752816957652	,大家电,厨房大电,烟灶消套装,	,S2405071349001,S2409261025001,	,	,无售后或售后取消,,	,	,,,,,,,否,否,	,否,	,,1285.0	,0.0	,189.0	,40.0	,0.0	,0.0	,0.0	,0.0	,1056.0	,1096.0	,	,	,****,****,****,****,,否,否,	,	,	,否,	,	,	,	,	,	,	,	,	,	,	,	,否,否,	,否,	,,	,否,	,否,,,否
【重磅新品】云米净水器600G小海豚升级版厨下式RO反渗透直饮家用,251123-587873728932422,未发货，退款成功,1	,正常,2025-11-23 12:03:37,2025-11-24 12:03:37,,	,	,225501370546	,小海豚600G,1813468330532	,厨房电器,净水器/净水设备及配件耗材,净水器,	,6923185653684	,6923185616399	,拦截	ZX2511230062690,	,退款成功,,2025-11-23 12:03:37,	,,,,,,,否,否,	,否,	,,559.0	,0.0	,0.0	,0.0	,0.0	,0.0	,0.0	,0.0	,559.0	,559.0	,	,	,天津市,天津市,武清区,,,否,否,	,	,	,否,	,	,	,	,	,	,	,	,	,	,	,	,否,否,	,否,是,3	,商家,否,	,否,,信用卡分期,否
云米净水器滤芯小蓝调小海豚600G+专用复合滤芯RO反渗透滤芯过滤,251123-073830264451351,已发货，待收货,1	,正常,2025-11-23 12:02:34,2025-11-24 12:02:34,,2025-11-23 14:16:47,	,296967601341	,5in1复合滤芯 2年长效,1600193054565	,厨房电器,净水器/净水设备及配件耗材,净水器配件耗材,	,6923185627425	,	,后返，到手价99,	,无售后或售后取消,,2025-11-23 12:02:34,	,,,,,,,否,否,	,否,	,,299.0	,0.0	,0.0	,0.0	,0.0	,0.0	,0.0	,0.0	,299.0	,299.0	,JDV024214436136,京东大件物流,福建省,泉州市,惠安县,,,否,否,	,	,	,否,	,	,	,	,	,	,	,	,	,	,	,	,否,否,	,否,否,,	,否,	,否,,,否
云米净水器滤芯小蓝调小海豚600G+专用复合滤芯RO反渗透滤芯过滤,251123-204052917891351,已取消,1	,正常,	,	,,	,	,296967601341	,5in1复合滤芯 2年长效,1600193054565	,厨房电器,净水器/净水设备及配件耗材,净水器配件耗材,	,6923185627425	,	,	,	,无售后或售后取消,,	,	,,,,,,,否,否,	,否,	,,299.0	,0.0	,0.0	,0.0	,0.0	,0.0	,0.0	,0.0	,299.0	,299.0	,	,	,****,****,****,****,,否,否,	,	,	,否,	,	,	,	,	,	,	,	,	,	,	,	,否,否,	,否,	,,	,否,	,否,,,否
【重磅新品】云米净水器600G小海豚升级版厨下式RO反渗透直饮家用,251123-311762634371351,已发货，待收货,1	,正常,2025-11-23 12:01:56,2025-11-24 12:01:56,,2025-11-23 19:06:09,	,225501370546	,小海豚600G,1813468330532	,厨房电器,净水器/净水设备及配件耗材,净水器,	,6923185653684	,6923185616399	,	,	,无售后或售后取消,,2025-11-23 12:01:56,	,,,,,,,否,否,	,否,	,,559.0	,0.0	,0.0	,15.0	,0.0	,0.0	,0.0	,0.0	,544.0	,559.0	,JDV024217229115,京东大件物流,福建省,泉州市,惠安县,,,否,否,	,	,	,否,	,	,	,	,	,	,	,	,	,	,	,	,否,否,	,否,否,,	,否,	,否,,,否
云米顶侧双吸烟灶套装22m³大吸力抽油烟机聚能猛火灶节能燃气家用,251123-279382597231543,已取消,1	,正常,	,	,,	,	,382839923175	,【两件套】顶侧双吸烟机+5.2KW灶（天）,1743705224006	,大家电,厨房大电,烟灶消套装,	,S2309261029001,蓝调套装,	,	,无售后或售后取消,,	,	,,,,,,,否,否,	,否,	,,1205.0	,0.0	,61.0	,100.0	,0.0	,0.0	,0.0	,0.0	,1044.0	,1144.0	,	,	,****,****,****,****,,否,否,	,	,	,否,	,	,	,	,	,	,	,	,	,	,	,	,否,否,	,否,	,,	,否,	,否,,,否
【重磅新品】云米净水器600G小海豚升级版厨下式RO反渗透直饮家用,251123-130788954433847,已收货,1	,正常,2025-11-23 11:58:58,2025-11-24 11:58:58,,2025-11-23 19:06:09,2025-11-25 17:28:52,225501370546	,小海豚600G,1813468330532	,厨房电器,净水器/净水设备及配件耗材,净水器,	,6923185653684	,6923185616399	,	,	,无售后或售后取消,,2025-11-23 11:58:58,	,,,,,,,否,否,	,否,	,,559.0	,0.0	,0.0	,0.0	,8.0	,0.0	,0.0	,0.0	,559.0	,559.0	,JDV024217261839,京东大件物流,湖南省,长沙市,岳麓区,,,否,否,	,	,	,否,	,	,	,	,	,	,	,	,	,	,	,	,否,否,	,否,否,,	,否,	,否,,,否
VIOMI云米净水器1000G厨下直饮小体积净水机RO机智显龙头3秒满杯,251123-683346531920256,已取消,1	,正常,	,	,,	,	,842195971715	,1000G大通量RO净水器,1803617356458	,厨房电器,净水器/净水设备及配件耗材,净水器,	,6923185654247	,	,	,	,无售后或售后取消,,	,	,,,,,,,否,否,	,否,	,,823.0	,0.0	,50.0	,7.0	,0.0	,0.0	,0.0	,0.0	,766.0	,773.0	,	,	,****,****,****,****,,否,否,	,	,	,否,	,	,	,	,	,	,	,	,	,	,	,	,否,否,	,否,	,,	,否,	,否,,,否
【重磅新品】云米净水器600G小海豚升级版厨下式RO反渗透直饮家用,251123-248732783033921,已取消,1	,正常,	,	,,	,	,852161740747	,小海豚600G+6年滤芯套装,1812658223669	,厨房电器,净水器/净水设备及配件耗材,净水器,	,S2508151538001,	,	,	,无售后或售后取消,,	,	,,,,,,,否,否,	,否,	,,764.9	,0.0	,0.0	,61.19	,0.0	,0.0	,0.0	,0.0	,703.71	,764.9	,	,	,****,****,****,****,,否,否,	,	,	,否,	,	,	,	,	,	,	,	,	,	,	,	,否,否,	,否,	,,	,否,	,否,,,否
VIOMI云米净水器600G小蓝调厨下式RO反渗透直饮家用6年长效,251123-467979518330014,未发货，退款成功,1	,正常,2025-11-23 11:43:39,2025-11-24 11:43:40,,	,	,850883552953	,RO反渗透除去重金属,1811278299045	,厨房电器,净水器/净水设备及配件耗材,净水器,	,6923185653592	,6923185653592	,拦截	ZX2511230062690,	,退款成功,,2025-11-23 11:43:40,	,,,,,,,否,否,	,否,	,,639.19	,0.0	,0.0	,0.0	,0.0	,0.0	,0.0	,0.0	,639.19	,639.19	,	,	,甘肃省,张掖市,高台县,,,否,否,	,	,	,否,	,	,	,	,	,	,	,	,	,	,	,	,否,否,	,否,否,,	,否,	,否,,,否
VIOMI云米净水器600G小蓝调厨下式RO反渗透直饮家用6年长效,251123-499929649530014,已取消,1	,正常,	,	,,	,	,850883552953	,RO反渗透除去重金属,1811278299045	,厨房电器,净水器/净水设备及配件耗材,净水器,	,6923185653592	,6923185653592	,	,	,无售后或售后取消,,	,	,,,,,,,否,否,	,否,	,,639.19	,0.0	,0.0	,0.0	,0.0	,0.0	,0.0	,0.0	,639.19	,639.19	,	,	,****,****,****,****,,否,否,	,	,	,否,	,	,	,	,	,	,	,	,	,	,	,	,否,否,	,否,	,,	,否,	,否,,,否
【重磅新品】云米净水器600G小海豚升级版厨下式RO反渗透直饮家用,251123-319060712963214,已收货,1	,正常,2025-11-23 11:29:44,2025-11-24 11:29:45,,2025-11-23 16:07:31,2025-11-29 10:38:08,225501370546	,小海豚600G,1813468330532	,厨房电器,净水器/净水设备及配件耗材,净水器,	,6923185653684	,6923185616399	,	,	,无售后或售后取消,,2025-11-23 11:29:45,	,,,,,,,否,否,	,否,	,,559.0	,0.0	,0.0	,5.0	,0.0	,0.0	,0.0	,0.0	,554.0	,559.0	,JDV024214415291,京东大件物流,上海市,上海市,浦东新区,,,否,否,	,	,	,否,	,	,	,	,	,	,	,	,	,	,	,	,否,否,	,否,否,,	,否,	,否,,,否
【重磅新品】云米净水器600G小海豚升级版厨下式RO反渗透直饮家用,251123-662207239720681,已发货，待收货,1	,正常,2025-11-23 11:25:25,2025-11-24 11:25:25,,2025-11-23 13:59:13,	,225501370546	,小海豚600G,1813468330532	,厨房电器,净水器/净水设备及配件耗材,净水器,	,6923185653684	,6923185616399	,	,	,无售后或售后取消,,2025-11-23 11:25:25,	,,,,,,,否,否,	,否,	,,559.0	,0.0	,0.0	,0.0	,0.0	,0.0	,0.0	,0.0	,559.0	,559.0	,JDV024214111695,京东大件物流,内蒙古自治区,赤峰市,松山区,,,否,否,	,	,	,否,	,	,	,	,	,	,	,	,	,	,	,	,否,否,	,否,否,,	,否,	,否,,,否
【重磅新品】云米净水器600G小海豚升级版厨下式RO反渗透直饮家用,251123-653074122280681,已取消,1	,正常,	,	,,	,	,225501370546	,小海豚600G,1813468330532	,厨房电器,净水器/净水设备及配件耗材,净水器,	,6923185653684	,6923185616399	,	,	,无售后或售后取消,,	,	,,,,,,,否,否,	,否,	,,559.0	,0.0	,0.0	,0.0	,0.0	,0.0	,0.0	,0.0	,559.0	,559.0	,	,	,****,****,****,****,,否,否,	,	,	,否,	,	,	,	,	,	,	,	,	,	,	,	,否,否,	,否,	,,	,否,	,否,,,否
【重磅新品】云米净水器600G小海豚升级版厨下式RO反渗透直饮家用,251123-540834547210718,已收货,1	,正常,2025-11-23 11:18:41,2025-11-24 11:18:41,2025-11-24 23:59:59,2025-11-23 16:07:31,2025-11-25 17:11:53,225501370546	,小海豚600G,1813468330532	,厨房电器,净水器/净水设备及配件耗材,净水器,	,6923185653684	,6923185616399	,13665235961安装 [viomi慧慧sk 11/25 16:12],	,无售后或售后取消,,2025-11-23 11:18:41,	,,,,,,,否,否,	,否,	,,559.0	,0.0	,0.0	,0.0	,0.0	,0.0	,0.0	,0.0	,559.0	,559.0	,JDV024214436666,京东大件物流,江苏省,扬州市,邗江区,,,否,否,	,	,	,否,	,	,	,	,	,	,	,	,	,	,	,	,否,否,	,否,否,,	,否,	,否,,,否
【6年套装】云米净水器600G小海豚升级版厨下式RO反渗透直饮家用,251123-297963405750650,已收货,1	,正常,2025-11-23 11:17:55,2025-11-24 11:17:55,,2025-11-23 13:59:13,2025-11-27 13:56:54,852932116812	,小海豚600G+6年滤芯套装,1812983769340	,厨房电器,净水器/净水设备及配件耗材,净水器,	,S2508151538001,	,后返，送TDS笔=13911065455安装 [viomi慧慧sk 11/25 21:24],	,无售后或售后取消,,2025-11-23 11:17:55,	,,,,,,,否,否,	,否,	,,764.28	,0.0	,0.0	,75.0	,1.37	,0.0	,0.0	,0.0	,689.28	,764.28	,JDV024214113684,京东大件物流,北京市,北京市,昌平区,,,否,否,	,	,	,否,	,	,	,	,	,	,	,	,	,	,	,	,否,否,	,否,否,,	,否,	,否,,,否
云米净水器滤芯小蓝调小海豚600G+专用复合滤芯RO反渗透滤芯过滤,251123-224458216970718,已收货，退款成功,1	,正常,2025-11-23 11:17:37,2025-11-24 11:17:37,2025-11-24 23:59:59,2025-11-23 16:07:32,2025-11-25 17:12:15,296967601341	,5in1复合滤芯 2年长效,1600193054565	,厨房电器,净水器/净水设备及配件耗材,净水器配件耗材,	,6923185627425	,	,后返到手价99=299-99=200差价仅退款 [viomi慧慧sk 11/25 18:17],	,退款成功,,2025-11-23 11:17:37,	,,,,,,,否,否,	,否,	,,299.0	,0.0	,0.0	,15.0	,0.0	,0.0	,0.0	,0.0	,284.0	,299.0	,JDV024213863330,京东大件物流,江苏省,扬州市,邗江区,,,否,否,	,	,	,否,	,	,	,	,	,	,	,	,	,	,	,	,否,否,	,否,否,,	,否,	,否,,,否
【重磅新品】云米净水器600G小海豚升级版厨下式RO反渗透直饮家用,251123-624374659500797,已发货，待收货,1	,正常,2025-11-23 11:17:08,2025-11-24 11:17:08,,2025-11-23 16:07:31,	,225501370546	,小海豚600G,1813468330532	,厨房电器,净水器/净水设备及配件耗材,净水器,	,6923185653684	,6923185616399	,	,	,无售后或售后取消,,2025-11-23 11:17:08,	,,,,,,,否,否,	,否,	,,559.0	,0.0	,0.0	,0.0	,0.2	,0.0	,0.0	,0.0	,559.0	,559.0	,JDV024214424005,京东大件物流,广东省,佛山市,顺德区,,,否,否,	,	,	,否,	,	,	,	,	,	,	,	,	,	,	,	,否,否,	,否,否,,	,否,	,否,,,否
VIOMI云米净水器1000G厨下直饮小体积净水机RO机智显龙头3秒满杯,251123-389965474092711,已发货，待收货,1	,正常,2025-11-23 11:16:26,2025-11-24 11:16:26,2025-11-25 23:59:59,2025-11-23 16:07:31,	,842195971715	,1000G大通量RO净水器,1803617356458	,厨房电器,净水器/净水设备及配件耗材,净水器,	,6923185654247	,	,	,	,无售后或售后取消,,2025-11-23 11:16:26,	,,,,,,,否,否,	,否,	,,823.0	,0.0	,50.0	,0.0	,0.0	,0.0	,0.0	,0.0	,773.0	,773.0	,JDV024214420028,京东大件物流,浙江省,温州市,苍南县,,,否,否,	,	,	,否,	,	,	,	,	,	,	,	,	,	,	,	,否,否,	,否,否,,	,否,	,否,,,否
云米小厨宝6L电热水器厨房卫生间出水恒温储水式小型速热神器加热,251123-475267152233187,已取消,1	,正常,	,	,,	,	,208073193570	,热水即刻有-【6L】,1801828025682	,大家电,热水器,厨宝,	,6923185611233	,6923185611233	,	,	,无售后或售后取消,,	,	,,,,,,,否,否,	,否,	,,279.0	,0.0	,14.0	,15.0	,0.0	,0.0	,0.0	,0.0	,250.0	,265.0	,	,	,****,****,****,****,,否,否,	,	,	,否,	,	,	,	,	,	,	,	,	,	,	,	,否,否,	,否,	,,	,否,	,否,,,否
云米净水器滤芯小蓝调小海豚600G+专用复合滤芯RO反渗透滤芯过滤,251123-290812137841789,已收货，退款成功,1	,正常,2025-11-23 11:04:12,2025-11-24 11:04:13,,2025-11-23 13:59:14,2025-11-26 19:09:20,296967601341	,5in1复合滤芯 2年长效,1600193054565	,厨房电器,净水器/净水设备及配件耗材,净水器配件耗材,	,6923185627425	,	,后返到手价99=299-99=200差价仅退款 [viomi慧慧sk 11/26 19:10],	,退款成功,,2025-11-23 11:04:13,	,,,,,,,否,否,	,否,	,,299.0	,0.0	,0.0	,3.0	,0.0	,0.0	,0.0	,0.0	,296.0	,299.0	,JDV024212494502,京东大件物流,河南省,商丘市,梁园区,,,否,否,	,	,	,否,	,	,	,	,	,	,	,	,	,	,	,	,否,否,	,否,否,,	,否,	,否,,,否
云米净饮机X2系列滤芯X2mini mango复合滤芯5in1/6in1 RO反渗透,251123-650347856211847,已取消,1	,正常,	,	,,	,	,243153009643	,X2/X2 Pro RO反渗透滤芯,1360931817931	,厨房电器,净水器/净水设备及配件耗材,净水器配件耗材,	,6923185616177	,6923185614258	,	,	,无售后或售后取消,,	,	,,,,,,,否,否,	,否,	,,189.0	,0.0	,0.0	,15.0	,0.0	,0.0	,0.0	,0.0	,174.0	,189.0	,	,	,****,****,****,****,,否,否,	,	,	,否,	,	,	,	,	,	,	,	,	,	,	,	,否,否,	,否,	,,	,否,	,否,,,否
【重磅新品】云米净水器600G小海豚升级版厨下式RO反渗透直饮家用,251123-119548209521789,已收货,1	,正常,2025-11-23 11:02:39,2025-11-24 11:02:40,,2025-11-23 13:59:14,2025-11-27 12:57:49,225501370546	,小海豚600G,1813468330532	,厨房电器,净水器/净水设备及配件耗材,净水器,	,6923185653684	,6923185616399	,	,	,无售后或售后取消,,2025-11-23 11:02:40,	,,,,,,,否,否,	,否,	,,559.0	,0.0	,0.0	,100.0	,3.0	,0.0	,0.0	,0.0	,459.0	,559.0	,JDV024214072123,京东大件物流,河南省,商丘市,梁园区,,,否,否,	,	,	,否,	,	,	,	,	,	,	,	,	,	,	,	,否,否,	,否,否,,	,否,	,否,,,否
云米净饮机X2系列滤芯X2mini mango复合滤芯5in1/6in1 RO反渗透,251123-140226138451847,已发货，待收货,1	,正常,2025-11-23 11:03:40,2025-11-25 11:03:40,,2025-11-23 16:07:33,	,243153009643	,X2/X2 Pro RO反渗透滤芯,1360931817931	,厨房电器,净水器/净水设备及配件耗材,净水器配件耗材,	,6923185616177	,6923185614258	,	,	,无售后或售后取消,,2025-11-23 11:03:40,	,,,,,,,否,否,	,否,	,,189.0	,0.0	,0.0	,20.0	,0.0	,0.0	,0.0	,0.0	,169.0	,189.0	,JDV024214419493,京东大件物流,福建省,福州市,晋安区,,,否,否,	,	,	,否,	,	,	,	,	,	,	,	,	,	,	,	,否,否,	,否,否,,	,否,	,否,,,否
【6年套装】云米净水器600G小海豚升级版厨下式RO反渗透直饮家用,251123-594018332222462,已取消,1	,正常,	,	,,	,	,852932116812	,小海豚600G+6年滤芯套装,1812983769340	,厨房电器,净水器/净水设备及配件耗材,净水器,	,S2508151538001,	,	,	,无售后或售后取消,,	,	,,,,,,,否,否,	,否,	,,764.28	,0.0	,0.0	,91.71	,0.0	,0.0	,0.0	,0.0	,672.57	,764.28	,	,	,****,****,****,****,,否,否,	,	,	,否,	,	,	,	,	,	,	,	,	,	,	,	,否,否,	,否,	,,	,否,	,否,,,否
云米净水器滤芯家用小海豚小蓝调小白龙系列专用RO反渗透,251123-350738214463713,已收货，退款成功,1	,正常,2025-11-23 10:54:01,2025-11-25 10:54:02,,2025-11-23 13:59:15,2025-11-25 14:31:26,232467205433	,5in1 复合滤芯,1647394585330	,厨房电器,净水器/净水设备及配件耗材,净水器配件耗材,	,6923185627425	,	,后返到手价109===已退差35 [viomi诺诺sk 11/25 14:33],	,退款成功,,2025-11-23 10:54:02,	,,,,,,,否,否,	,否,	,,149.0	,0.0	,0.0	,5.0	,1.0	,0.0	,0.0	,0.0	,144.0	,149.0	,JDV024212470050,京东大件物流,河北省,石家庄市,新华区,,,否,否,	,	,	,否,	,	,	,	,	,	,	,	,	,	,	,	,否,否,	,否,否,,	,否,	,否,,,否
云米净水器滤芯家用小海豚小蓝调小白龙系列专用RO反渗透,251123-316628026882149,已发货，待收货,1	,正常,2025-11-23 10:46:52,2025-11-25 10:46:53,,2025-11-23 16:07:32,	,232467205433	,5in1 复合滤芯,1647394585330	,厨房电器,净水器/净水设备及配件耗材,净水器配件耗材,	,6923185627425	,	,	,	,无售后或售后取消,,2025-11-23 10:46:53,	,,,,,,,否,否,	,否,	,,149.0	,0.0	,0.0	,5.0	,0.0	,0.0	,0.0	,0.0	,144.0	,149.0	,JDV024213889115,京东大件物流,湖北省,宜昌市,伍家岗区,,,否,否,	,	,	,否,	,	,	,	,	,	,	,	,	,	,	,	,否,否,	,否,否,,	,否,	,否,,,否
【重磅新品】云米净水器600G小海豚升级版厨下式RO反渗透直饮家用,251123-357962882582203,已发货，待收货,1	,正常,2025-11-23 10:36:14,2025-11-24 10:36:15,,2025-11-23 16:07:31,	,225501370546	,小海豚600G,1813468330532	,厨房电器,净水器/净水设备及配件耗材,净水器,	,6923185653684	,6923185616399	,	,	,无售后或售后取消,,2025-11-23 10:36:15,	,,,,,,,否,否,	,否,	,,559.0	,0.0	,0.0	,5.0	,0.0	,0.0	,0.0	,0.0	,554.0	,559.0	,JDV024214436505,京东大件物流,云南省,怒江傈僳族自治州,泸水市,,,否,否,	,	,	,否,	,	,	,	,	,	,	,	,	,	,	,	,否,否,	,否,否,,	,否,	,否,,,否
【重磅新品】云米净水器600G小海豚升级版厨下式RO反渗透直饮家用,251123-166765607233767,已发货，待收货,1	,正常,2025-11-23 10:26:43,2025-11-24 10:26:43,,2025-11-23 16:07:31,	,225501370546	,小海豚600G,1813468330532	,厨房电器,净水器/净水设备及配件耗材,净水器,	,6923185653684	,6923185616399	,	,	,无售后或售后取消,,2025-11-23 10:26:43,	,,,,,,,否,否,	,否,	,,559.0	,0.0	,0.0	,100.0	,0.0	,0.0	,0.0	,0.0	,459.0	,559.0	,JDV024214414959,京东大件物流,广东省,广州市,黄埔区,,,否,否,	,	,	,否,	,	,	,	,	,	,	,	,	,	,	,	,否,否,	,否,否,,	,否,	,否,,,否
【母婴直饮】云米净水器 SE 600G+ 新升级厨下式RO反渗透直饮家用,251123-067066970413437,已取消,1	,正常,	,	,,	,	,819506595979	,【24年新品】600G升级版6年长效,1787046011387	,厨房电器,净水器/净水设备及配件耗材,净水器,	,6923185653684	,6923185616399	,	,	,无售后或售后取消,,	,	,,,,,,,否,否,	,否,	,,748.0	,0.0	,129.6	,100.0	,0.0	,0.0	,0.0	,0.0	,518.4	,618.4	,	,	,****,****,****,****,,否,否,	,	,	,否,	,	,	,	,	,	,	,	,	,	,	,	,否,否,	,否,	,,	,否,	,否,,,否
【母婴直饮】云米净水器 SE 600G+ 新升级厨下式RO反渗透直饮家用,251123-134301642331248,已取消,1	,正常,	,	,,	,	,819506595979	,【24年新品】600G升级版6年长效,1787046011387	,厨房电器,净水器/净水设备及配件耗材,净水器,	,6923185653684	,6923185616399	,	,	,无售后或售后取消,,	,	,,,,,,,否,否,	,否,	,,748.0	,0.0	,149.6	,0.0	,0.0	,0.0	,0.0	,0.0	,598.4	,598.4	,	,	,****,****,****,****,,否,否,	,	,	,否,	,	,	,	,	,	,	,	,	,	,	,	,否,否,	,否,	,,	,否,	,否,,,否
云米小厨宝6L电热水器厨房卫生间出水恒温储水式小型速热神器加热,251123-493145310781715,已收货，退款成功,1	,正常,2025-11-23 10:17:53,2025-11-24 10:17:53,,2025-11-23 16:07:32,2025-11-27 09:04:27,208073193570	,热水即刻有-【6L】,1801828025682	,大家电,热水器,厨宝,	,6923185611233	,6923185611233	,差价12 [viomi范范sk 11/27 09:02]12仅退款 [viomi范范sk 11/27 09:06],	,退款成功,,2025-11-23 10:17:53,	,,,,,,,否,否,	,否,	,,279.0	,0.0	,14.0	,50.0	,0.2	,0.0	,0.0	,0.0	,215.0	,265.0	,JDV024213863439,京东大件物流,江苏省,南通市,海门区,,,否,否,	,	,	,否,	,	,	,	,	,	,	,	,	,	,	,	,否,否,	,否,否,,	,否,	,否,,,否
【重磅新品】云米净水器600G小海豚升级版厨下式RO反渗透直饮家用,251123-045151752531922,已发货，待收货,1	,正常,2025-11-23 10:17:47,2025-11-24 10:17:47,,2025-11-23 16:07:31,	,225501370546	,小海豚600G,1813468330532	,厨房电器,净水器/净水设备及配件耗材,净水器,	,6923185653684	,6923185616399	,	,	,无售后或售后取消,,2025-11-23 10:17:47,	,,,,,,,否,否,	,否,	,,559.0	,0.0	,0.0	,0.0	,0.0	,0.0	,0.0	,0.0	,559.0	,559.0	,JDV024214415814,京东大件物流,江苏省,盐城市,射阳县,,,否,否,	,	,	,否,	,	,	,	,	,	,	,	,	,	,	,	,否,否,	,否,否,,	,否,	,否,,,否
【母婴直饮】云米净水器 SE 600G+ 新升级厨下式RO反渗透直饮家用,251123-311301281320720,已发货，待收货,1	,正常,2025-11-23 10:17:27,2025-11-24 10:17:27,,2025-11-23 16:07:32,	,819506595979	,【24年新品】600G升级版6年长效,1787046011387	,厨房电器,净水器/净水设备及配件耗材,净水器,	,6923185653684	,6923185616399	,18229368067安装 [viomi莉莉sk 11/24 14:17],	,无售后或售后取消,,2025-11-23 10:17:27,	,,,,,,,否,否,	,否,	,,748.0	,0.0	,143.6	,30.0	,0.0	,0.0	,0.0	,0.0	,574.4	,604.4	,JDV024214415822,京东大件物流,湖南省,郴州市,苏仙区,,,否,否,	,	,	,否,	,	,	,	,	,	,	,	,	,	,	,	,否,否,	,否,否,,	,否,	,否,,,否
【6年套装】云米净水器600G小海豚升级版厨下式RO反渗透直饮家用,251123-619960092210315,已收货,1	,正常,2025-11-23 10:16:02,2025-11-24 10:16:03,,2025-11-23 13:59:14,2025-11-29 10:03:36,852932116812	,小海豚600G+6年滤芯套装,1812983769340	,厨房电器,净水器/净水设备及配件耗材,净水器,	,S2508151538001,	,	,	,无售后或售后取消,,2025-11-23 10:16:03,	,,,,,,,否,否,	,否,	,,764.28	,0.0	,0.0	,100.0	,12.0	,0.0	,0.0	,0.0	,664.28	,764.28	,JDV024213174354,京东大件物流,河北省,衡水市,故城县,,,否,否,	,	,	,否,	,	,	,	,	,	,	,	,	,	,	,	,否,否,	,否,否,,	,否,	,否,,,否
【母婴直饮】云米净水器 SE 600G+ 新升级厨下式RO反渗透直饮家用,251123-232374965793185,已发货，待收货,1	,正常,2025-11-23 10:01:38,2025-11-24 10:01:38,,2025-11-23 16:07:32,	,819506595979	,【24年新品】600G升级版6年长效,1787046011387	,厨房电器,净水器/净水设备及配件耗材,净水器,	,6923185653684	,6923185616399	,	,	,无售后或售后取消,,2025-11-23 10:01:38,	,,,,,,,否,否,	,否,	,,748.0	,0.0	,139.6	,50.0	,0.0	,0.0	,0.0	,0.0	,558.4	,608.4	,JDV024214407677,京东大件物流,湖南省,长沙市,长沙县,,,否,否,	,	,	,否,	,	,	,	,	,	,	,	,	,	,	,	,否,否,	,否,否,,	,否,	,否,,,否
【母婴直饮】云米净水器 SE 600G+ 新升级厨下式RO反渗透直饮家用,251123-048014302730793,已取消,1	,正常,	,	,,	,	,819506595979	,【24年新品】600G升级版6年长效,1787046011387	,厨房电器,净水器/净水设备及配件耗材,净水器,	,6923185653684	,6923185616399	,	,	,无售后或售后取消,,	,	,,,,,,,否,否,	,否,	,,748.0	,0.0	,139.6	,50.0	,0.0	,0.0	,0.0	,0.0	,558.4	,608.4	,	,	,****,****,****,****,,否,否,	,	,	,否,	,	,	,	,	,	,	,	,	,	,	,	,否,否,	,否,	,,	,否,	,否,,,否
【重磅新品】云米净水器600G小海豚升级版厨下式RO反渗透直饮家用,251123-676037946922623,已取消,1	,正常,	,	,,	,	,225501370546	,小海豚600G,1813468330532	,厨房电器,净水器/净水设备及配件耗材,净水器,	,6923185653684	,6923185616399	,	,	,无售后或售后取消,,	,	,,,,,,,否,否,	,否,	,,559.0	,0.0	,0.0	,0.0	,0.0	,0.0	,0.0	,0.0	,559.0	,559.0	,	,	,****,****,****,****,,否,否,	,	,	,否,	,	,	,	,	,	,	,	,	,	,	,	,否,否,	,否,	,,	,否,	,否,,,否
云米净水器滤芯家用小海豚小蓝调小白龙系列专用RO反渗透,251123-161564618352782,已收货，退款成功,1	,正常,2025-11-23 09:26:44,2025-11-25 09:26:44,,2025-11-23 13:59:15,2025-11-24 19:30:01,232467205433	,5in1 复合滤芯,1647394585330	,厨房电器,净水器/净水设备及配件耗材,净水器配件耗材,	,6923185627425	,	,后返到手价109==【补差】仅退款40 [viomi英英sk 11/24 19:30],	,退款成功,,2025-11-23 09:26:44,	,,,,,,,否,否,	,否,	,,149.0	,0.0	,0.0	,0.0	,0.1	,0.0	,0.0	,0.0	,149.0	,149.0	,JDV024210971441,京东大件物流,辽宁省,沈阳市,苏家屯区,,,否,否,	,	,	,否,	,	,	,	,	,	,	,	,	,	,	,	,否,否,	,否,否,,	,否,	,否,,,否
云米净水器滤芯家用小海豚小蓝调小白龙系列专用RO反渗透,251123-182840204912782,未发货，退款成功,1	,正常,2025-11-23 09:23:31,2025-11-25 09:23:32,,	,	,232467205433	,5in1 复合滤芯,1647394585330	,厨房电器,净水器/净水设备及配件耗材,净水器配件耗材,	,6923185627425	,	,后返到手价109==拦截	ZX2511230062603	 ,	,退款成功,,2025-11-23 09:23:32,	,,,,,,,否,否,	,否,	,,149.0	,0.0	,0.0	,0.0	,0.0	,0.0	,0.0	,0.0	,149.0	,149.0	,	,	,辽宁省,沈阳市,苏家屯区,,,否,否,	,	,	,否,	,	,	,	,	,	,	,	,	,	,	,	,否,否,	,否,否,,	,否,	,否,,,否
【重磅新品】云米净水器600G小海豚升级版厨下式RO反渗透直饮家用,251123-124036104552842,已收货,1	,正常,2025-11-23 09:20:06,2025-11-24 09:20:07,,2025-11-23 16:07:32,2025-11-25 13:41:07,225501370546	,小海豚600G,1813468330532	,厨房电器,净水器/净水设备及配件耗材,净水器,	,6923185653684	,6923185616399	,13831176035超 [viomi慧慧sk 11/26 17:09],	,无售后或售后取消,,2025-11-23 09:20:07,	,,,,,,,否,否,	,否,	,,559.0	,0.0	,0.0	,0.0	,0.0	,0.0	,0.0	,0.0	,559.0	,559.0	,JDV024214392287,京东大件物流,贵州省,贵阳市,花溪区,,,否,否,	,	,	,否,	,	,	,	,	,	,	,	,	,	,	,	,否,否,	,否,否,,	,否,	,否,,,否
"云米智能门锁霸王锁体适用eyeLink 2C,eLink 2Pro,eyeLink 2F",251123-240102970982712,已发货，待收货,1	,正常,2025-11-23 09:11:59,2025-11-25 09:11:59,,2025-11-23 14:17:07,	,264080849667	,霸王锁体（机械锁体）【适配咨询客服】,1812202409163	,基础建材,智能门锁/电子锁,智能门锁/电子锁,	,6923185622154	,6923185622154	,	,	,无售后或售后取消,,2025-11-23 09:11:59,	,,,,,,,否,否,	,否,	,,150.0	,0.0	,0.0	,0.0	,0.0	,0.0	,0.0	,0.0	,150.0	,150.0	,JDV024214394941,京东大件物流,四川省,巴中市,通江县,,,否,否,	,	,	,否,	,	,	,	,	,	,	,	,	,	,	,	,否,否,	,否,否,,	,否,	,否,,,否
【重磅新品】云米净水器600G小海豚升级版厨下式RO反渗透直饮家用,251123-242703481192842,已取消,1	,正常,	,	,,	,	,225501370546	,小海豚600G,1813468330532	,厨房电器,净水器/净水设备及配件耗材,净水器,	,6923185653684	,6923185616399	,	,	,无售后或售后取消,,	,	,,,,,,,否,否,	,否,	,,559.0	,0.0	,0.0	,0.0	,0.0	,0.0	,0.0	,0.0	,559.0	,559.0	,	,	,****,****,****,****,,否,否,	,	,	,否,	,	,	,	,	,	,	,	,	,	,	,	,否,否,	,否,	,,	,否,	,否,,,否
【重磅新品】云米净水器600G小海豚升级版厨下式RO反渗透直饮家用,251123-569219561913022,已发货，待收货,1	,正常,2025-11-23 09:09:54,2025-11-24 09:09:54,,2025-11-23 16:07:32,	,225501370546	,小海豚600G,1813468330532	,厨房电器,净水器/净水设备及配件耗材,净水器,	,6923185653684	,6923185616399	,	,	,无售后或售后取消,,2025-11-23 09:09:54,	,,,,,,,否,否,	,否,	,,559.0	,0.0	,0.0	,33.54	,0.0	,0.0	,0.0	,0.0	,525.46	,559.0	,JDV024214402144,京东大件物流,浙江省,杭州市,临平区,,,否,否,	,	,	,否,	,	,	,	,	,	,	,	,	,	,	,	,否,否,	,否,否,,	,否,	,否,,,否
云米22m³顶侧大吸力蓝调低噪油烟机猛火天燃气灶智能套装家用厨房,251123-005064640003971,已取消,1	,正常,	,	,,	,	,388827922980	,【烟灶套装】顶侧双吸+5.0猛火灶（天）,1752816957652	,大家电,厨房大电,烟灶消套装,	,S2405071349001,S2409261025001,	,	,无售后或售后取消,,	,	,,,,,,,否,否,	,否,	,,1285.0	,0.0	,129.0	,50.0	,0.0	,0.0	,0.0	,0.0	,1106.0	,1156.0	,	,	,****,****,****,****,,否,否,	,	,	,否,	,	,	,	,	,	,	,	,	,	,	,	,否,否,	,否,	,,	,否,	,否,,,否
VIOMI云米净水器600G小蓝调厨下式RO反渗透直饮家用6年长效,251123-043369111073723,已取消,1	,正常,	,	,,	,	,850883552953	,RO反渗透除去重金属,1811278299045	,厨房电器,净水器/净水设备及配件耗材,净水器,	,6923185653592	,6923185653592	,	,	,无售后或售后取消,,	,	,,,,,,,否,否,	,否,	,,639.19	,0.0	,0.0	,100.0	,0.0	,0.0	,0.0	,0.0	,539.19	,639.19	,	,	,****,****,****,****,,否,否,	,	,	,否,	,	,	,	,	,	,	,	,	,	,	,	,否,否,	,否,	,,	,否,	,否,,,否
【母婴直饮】云米净水器 SE 600G+ 新升级厨下式RO反渗透直饮家用,251123-502404288832630,已收货,1	,正常,2025-11-23 09:07:32,2025-11-24 09:07:32,,2025-11-23 13:59:15,2025-11-26 09:17:01,819506595979	,【24年新品】600G升级版6年长效,1787046011387	,厨房电器,净水器/净水设备及配件耗材,净水器,	,6923185653684	,6923185616399	,19003753202安装 [viomi诺诺sk 11/25 15:32],	,无售后或售后取消,,2025-11-23 09:07:32,	,,,,,,,否,否,	,否,	,,748.0	,0.0	,129.6	,100.0	,0.0	,0.0	,0.0	,0.0	,518.4	,618.4	,JDV024212325349,京东大件物流,河南省,平顶山市,卫东区,,,否,否,	,	,	,否,	,	,	,	,	,	,	,	,	,	,	,	,否,否,	,否,否,,	,否,	,否,,,否
【重磅新品】云米净水器600G小海豚升级版厨下式RO反渗透直饮家用,251123-368951959070139,未发货，退款成功,1	,审核中，请勿发货,2025-11-23 08:53:00,2025-11-24 08:53:01,,	,	,225501370546	,小海豚600G,1813468330532	,厨房电器,净水器/净水设备及配件耗材,净水器,	,6923185653684	,6923185616399	,聚水潭已取消发货 已退款   叶11.23,	,退款成功,,2025-11-23 08:53:01,	,,,,,,,否,否,	,否,	,,559.0	,0.0	,0.0	,50.0	,0.0	,0.0	,0.0	,0.0	,509.0	,559.0	,	,	,福建省,泉州市,晋江市,,,否,否,	,	,	,否,	,	,	,	,	,	,	,	,	,	,	,	,否,否,	,否,	,,	,否,	,否,,,否
【重磅新品】云米净水器600G小海豚升级版厨下式RO反渗透直饮家用,251123-053770995201745,已发货，待收货,1	,正常,2025-11-23 08:50:18,2025-11-24 08:50:18,,2025-11-23 16:07:32,	,852161740747	,小海豚600G+6年滤芯套装,1812658223669	,厨房电器,净水器/净水设备及配件耗材,净水器,	,S2508151538001,	,	,	,无售后或售后取消,,2025-11-23 08:50:18,	,,,,,,,否,否,	,否,	,,764.9	,0.0	,0.0	,100.0	,5.0	,0.0	,0.0	,0.0	,664.9	,764.9	,JDV024214428126,京东大件物流,广西壮族自治区,贵港市,平南县,,,否,否,	,	,	,否,	,	,	,	,	,	,	,	,	,	,	,	,否,否,	,否,否,,	,否,	,否,,,否
【母婴直饮】云米净水器 SE 600G+ 新升级厨下式RO反渗透直饮家用,251123-606831962401645,已发货，待收货,1	,正常,2025-11-23 08:45:52,2025-11-24 08:45:53,,2025-11-23 16:07:31,	,819506595979	,【24年新品】600G升级版6年长效,1787046011387	,厨房电器,净水器/净水设备及配件耗材,净水器,	,6923185653684	,6923185616399	,	,	,无售后或售后取消,,2025-11-23 08:45:53,	,,,,,,,否,否,	,否,	,,748.0	,0.0	,129.6	,100.0	,0.0	,0.0	,0.0	,0.0	,518.4	,618.4	,JDV024214421035,京东大件物流,四川省,成都市,青羊区,,,否,否,	,	,	,否,	,	,	,	,	,	,	,	,	,	,	,	,否,否,	,否,否,,	,否,	,否,,,否
【6年套装】云米净水器600G小海豚升级版厨下式RO反渗透直饮家用,251123-109681099184060,已发货，待收货,1	,正常,2025-11-23 08:44:25,2025-11-24 08:44:25,,2025-11-23 13:59:15,	,852932116812	,小海豚600G+6年滤芯套装,1812983769340	,厨房电器,净水器/净水设备及配件耗材,净水器,	,S2508151538001,	,	,	,无售后或售后取消,,2025-11-23 08:44:25,	,,,,,,,否,否,	,否,	,,764.28	,0.0	,0.0	,100.0	,0.0	,0.0	,0.0	,0.0	,664.28	,764.28	,JDV024212332513,京东大件物流,山西省,大同市,城区,,,否,否,	,	,	,否,	,	,	,	,	,	,	,	,	,	,	,	,否,否,	,否,否,,	,否,	,否,,,否
云米净水器滤芯小蓝调小海豚600G+专用复合滤芯RO反渗透滤芯过滤,251123-295667034440838,已收货，退款成功,2	,正常,2025-11-23 08:40:27,2025-11-24 08:40:27,,2025-11-23 17:47:49,2025-11-25 12:11:47,296967601341	,5in1复合滤芯 2年长效,1600193054565	,厨房电器,净水器/净水设备及配件耗材,净水器配件耗材,	,6923185627425	,	,后返到手价198=差价394.02仅退款 [viomi莉莉sk 11/25 12:13],	,退款成功,,2025-11-23 08:40:27,	,,,,,,,否,否,	,否,	,,598.0	,0.0	,5.98	,43.0	,6.0	,0.0	,0.0	,0.0	,549.02	,592.02	,JDV024212476142,京东大件物流,重庆市,重庆市,渝北区,,,否,否,	,	,	,否,	,	,	,	,	,	,	,	,	,	,	,	,否,否,	,否,否,,	,否,	,否,,,否
云米顶侧大吸力蓝调油烟机家用厨房节能自清洁一级能效可挥手智控,251123-300731646243860,已发货，待收货,1	,正常,2025-11-23 08:40:04,2025-11-24 08:40:04,2025-11-25 23:59:59,2025-11-23 16:07:33,	,657344402006	,云米智清洁挥手智控单烟机,1723825075586	,大家电,厨房大电,油烟机,	,6923185650973	,6923185650973	,	,	,无售后或售后取消,,2025-11-23 08:40:04,	,,,,,,,否,否,	,否,	,,838.0	,0.0	,42.0	,0.0	,1.59	,0.0	,0.0	,0.0	,796.0	,796.0	,JDV024213889007,京东大件物流,浙江省,丽水市,庆元县,,,否,否,	,	,	,否,	,	,	,	,	,	,	,	,	,	,	,	,否,否,	,否,否,,	,否,	,否,,,否
云米顶侧大吸力蓝调油烟机家用厨房节能自清洁一级能效可挥手智控,251123-400021276163493,未发货，退款成功,1	,正常,2025-11-23 08:36:38,2025-11-24 08:36:39,,	,	,657344402006	,云米智清洁挥手智控单烟机,1723825075586	,大家电,厨房大电,油烟机,	,6923185650973	,6923185650973	,拦截	ZX2511230062457,	,退款成功,,2025-11-23 08:36:39,	,,,,,,,否,否,	,否,	,,838.0	,0.0	,42.0	,0.0	,0.0	,0.0	,0.0	,0.0	,796.0	,796.0	,	,	,贵州省,安顺市,平坝区,,,否,否,	,	,	,否,	,	,	,	,	,	,	,	,	,	,	,	,否,否,	,否,否,,	,否,	,否,,,否
云米顶侧大吸力蓝调油烟机家用厨房节能自清洁一级能效可挥手智控,251123-041565560323493,已取消,1	,正常,	,	,,	,	,657344402006	,云米智清洁挥手智控单烟机,1723825075586	,大家电,厨房大电,油烟机,	,6923185650973	,6923185650973	,	,	,无售后或售后取消,,	,	,,,,,,,否,否,	,否,	,,838.0	,0.0	,42.0	,0.0	,0.0	,0.0	,0.0	,0.0	,796.0	,796.0	,	,	,****,****,****,****,,否,否,	,	,	,否,	,	,	,	,	,	,	,	,	,	,	,	,否,否,	,否,	,,	,否,	,否,,,否
云米顶侧大吸力蓝调油烟机家用厨房节能自清洁一级能效可挥手智控,251123-279141424643493,已取消,1	,正常,	,	,,	,	,657344402006	,云米智清洁挥手智控单烟机,1723825075586	,大家电,厨房大电,油烟机,	,6923185650973	,6923185650973	,	,	,无售后或售后取消,,	,	,,,,,,,否,否,	,否,	,,838.0	,0.0	,42.0	,0.0	,0.0	,0.0	,0.0	,0.0	,796.0	,796.0	,	,	,****,****,****,****,,否,否,	,	,	,否,	,	,	,	,	,	,	,	,	,	,	,	,否,否,	,否,	,,	,否,	,否,,,否
【重磅新品】云米净水器600G小海豚升级版厨下式RO反渗透直饮家用,251123-623504331080838,已收货,1	,正常,2025-11-23 08:33:27,2025-11-24 08:33:27,,2025-11-23 16:07:32,2025-11-25 12:14:59,225501370546	,小海豚600G,1813468330532	,厨房电器,净水器/净水设备及配件耗材,净水器,	,6923185653684	,6923185616399	,	,	,无售后或售后取消,,2025-11-23 08:33:27,	,,,,,,,否,否,	,否,	,,559.0	,0.0	,0.0	,100.0	,0.2	,0.0	,0.0	,0.0	,459.0	,559.0	,JDV024214419602,京东大件物流,重庆市,重庆市,渝北区,,,否,否,	,	,	,否,	,	,	,	,	,	,	,	,	,	,	,	,否,否,	,否,否,,	,否,	,否,,,否
【6年套装】云米净水器600G小海豚升级版厨下式RO反渗透直饮家用,251123-188125090120838,已取消,2	,正常,	,	,,	,	,852932116812	,小海豚600G+6年滤芯套装,1812983769340	,厨房电器,净水器/净水设备及配件耗材,净水器,	,S2508151538001,	,	,	,无售后或售后取消,,	,	,,,,,,,否,否,	,否,	,,1528.56	,0.0	,30.57	,100.0	,0.0	,0.0	,0.0	,0.0	,1397.99	,1497.99	,	,	,****,****,****,****,,否,否,	,	,	,否,	,	,	,	,	,	,	,	,	,	,	,	,否,否,	,否,	,,	,否,	,否,,,否
云米顶侧双吸烟灶套装22m³大吸力抽油烟机聚能猛火灶节能燃气家用,251123-266443169382011,已发货，待收货,1	,正常,2025-11-23 08:15:16,2025-11-24 08:15:16,2025-11-25 23:59:59,2025-11-23 19:06:07,	,382839923175	,【两件套】顶侧双吸烟机+5.2KW灶（天）,1743705224006	,大家电,厨房大电,烟灶消套装,	,S2309261029001,蓝调套装,	,	,无售后或售后取消,,2025-11-23 08:15:16,	,,,,,,,否,否,	,否,	,,1205.0	,0.0	,61.0	,0.0	,1.31	,0.0	,0.0	,0.0	,1144.0	,1144.0	,JDV024218240859,京东大件物流,福建省,三明市,三元区,,,否,否,	,	,	,否,	,	,	,	,	,	,	,	,	,	,	,	,否,否,	,否,否,,	,否,	,否,,,否
【重磅新品】云米净水器600G小海豚升级版厨下式RO反渗透直饮家用,251123-435368773150484,已发货，待收货,1	,正常,2025-11-23 08:00:31,2025-11-24 08:00:31,,2025-11-23 16:07:32,	,225501370546	,小海豚600G,1813468330532	,厨房电器,净水器/净水设备及配件耗材,净水器,	,6923185653684	,6923185616399	,检测笔已登 [viomi莉莉sk 11/24 10:13],	,无售后或售后取消,,2025-11-23 08:00:31,	,,,,,,,否,否,	,否,	,,559.0	,0.0	,0.0	,100.0	,0.0	,0.0	,0.0	,0.0	,459.0	,559.0	,JDV024214404330,京东大件物流,广东省,佛山市,顺德区,,,否,否,	,	,	,否,	,	,	,	,	,	,	,	,	,	,	,	,否,否,	,否,否,,	,否,	,否,,,否
VIOMI云米净水器600G小蓝调厨下式RO反渗透直饮家用6年长效,251123-543592302100767,未发货，退款成功,1	,正常,2025-11-23 07:54:54,2025-11-24 07:54:54,,	,	,850883552953	,RO反渗透除去重金属,1811278299045	,厨房电器,净水器/净水设备及配件耗材,净水器,	,6923185653592	,6923185653592	,聚水潭已取消发货 已退款   叶11.23,	,退款成功,,2025-11-23 07:54:54,	,,,,,,,否,否,	,否,	,,639.19	,0.0	,0.0	,0.0	,0.0	,0.0	,0.0	,0.0	,639.19	,639.19	,	,	,天津市,天津市,津南区,,,否,否,	,	,	,否,	,	,	,	,	,	,	,	,	,	,	,	,否,否,	,否,否,,	,否,	,否,,,否
【6年套装】云米净水器600G小海豚升级版厨下式RO反渗透直饮家用,251123-115857211810271,已收货，退款成功,1	,正常,2025-11-23 07:09:41,2025-11-24 07:09:41,,2025-11-23 11:57:13,2025-11-25 21:29:26,852932116812	,小海豚600G+6年滤芯套装,1812983769340	,厨房电器,净水器/净水设备及配件耗材,净水器,	,S2508151538001,	,	,	,退款成功,,2025-11-23 07:09:41,	,,,,,,,否,否,	,否,	,,764.28	,0.0	,0.0	,100.0	,0.0	,0.0	,0.0	,0.0	,664.28	,764.28	,JDV024210034560,京东大件物流,山东省,烟台市,福山区,,,否,否,	,	,	,否,	,	,	,	,	,	,	,	,	,	,	,	,否,否,	,否,否,,	,否,	,否,,,否
【重磅新品】云米净水器600G小海豚升级版厨下式RO反渗透直饮家用,251123-652392537644079,已发货，退款成功,1	,正常,2025-11-23 07:08:03,2025-12-08 07:08:04,,2025-11-23 16:07:33,	,225501370546	,小海豚600G,1813468330532	,厨房电器,净水器/净水设备及配件耗材,净水器,	,6923185653684	,6923185616399	,延迟发货已登 [viomi莉莉sk 11/23 09:28]==ZX2511230062658拦截 [viomi英英sk 11/23 16:13] 拦截成功 操作退款  11.25,	,退款成功,,2025-11-23 07:08:04,	,,,,,,,否,否,	,否,	,,559.0	,0.0	,0.0	,0.0	,0.0	,0.0	,0.0	,0.0	,559.0	,559.0	,JDV024214979167,京东大件物流,天津市,天津市,滨海新区,,,否,否,	,	,	,否,	,	,	,	,	,	,	,	,	,	,	,	,否,否,	,否,否,,	,否,	,否,,,否
云米顶侧大吸力蓝调油烟机家用厨房节能自清洁一级能效可挥手智控,251123-652392589660699,已取消,1	,正常,	,	,,	,	,657344402006	,云米智清洁挥手智控单烟机,1723825075586	,大家电,厨房大电,油烟机,	,6923185650973	,6923185650973	,	,	,无售后或售后取消,,	,	,,,,,,,否,否,	,否,	,,838.0	,0.0	,42.0	,100.0	,0.0	,0.0	,0.0	,0.0	,696.0	,796.0	,	,	,****,****,****,****,,否,否,	,	,	,否,	,	,	,	,	,	,	,	,	,	,	,	,否,否,	,否,	,,	,否,	,否,,,否
【重磅新品】云米净水器600G小海豚升级版厨下式RO反渗透直饮家用,251123-086035699230139,未发货，退款成功,1	,审核中，请勿发货,2025-11-23 06:47:24,2025-11-24 06:47:25,2025-11-24 23:59:59,	,	,225501370546	,小海豚600G,1813468330532	,厨房电器,净水器/净水设备及配件耗材,净水器,	,6923185653684	,6923185616399	,聚水潭已取消发货 已退款   叶11.23,	,退款成功,,2025-11-23 06:47:25,	,,,,,,,否,否,	,否,	,,559.0	,0.0	,0.0	,50.0	,0.0	,0.0	,0.0	,0.0	,509.0	,559.0	,	,	,福建省,泉州市,晋江市,,,否,否,	,	,	,否,	,	,	,	,	,	,	,	,	,	,	,	,否,否,	,否,	,,	,否,	,否,,,否
【重磅新品】云米净水器600G小海豚升级版厨下式RO反渗透直饮家用,251123-136608499282584,已取消,1	,正常,	,	,,	,	,225501370546	,小海豚600G,1813468330532	,厨房电器,净水器/净水设备及配件耗材,净水器,	,6923185653684	,6923185616399	,	,	,无售后或售后取消,,	,	,,,,,,,否,否,	,否,	,,559.0	,0.0	,0.0	,0.0	,0.0	,0.0	,0.0	,0.0	,559.0	,559.0	,	,	,****,****,****,****,,否,否,	,	,	,否,	,	,	,	,	,	,	,	,	,	,	,	,否,否,	,否,	,,	,否,	,否,,,否
云米顶侧大吸力蓝调油烟机家用厨房节能自清洁一级能效可挥手智控,251123-066112744970915,已取消,1	,正常,	,	,,	,	,657344402006	,云米智清洁挥手智控单烟机,1723825075586	,大家电,厨房大电,油烟机,	,6923185650973	,6923185650973	,	,	,无售后或售后取消,,	,	,,,,,,,否,否,	,否,	,,838.0	,0.0	,42.0	,0.0	,0.0	,0.0	,0.0	,0.0	,796.0	,796.0	,	,	,****,****,****,****,,否,否,	,	,	,否,	,	,	,	,	,	,	,	,	,	,	,	,否,否,	,否,	,,	,否,	,否,,,否
VIOMI云米净水器大通量小海豚800G反渗透RO厨下式家用长效滤芯,251123-177083595102308,已取消,1	,正常,	,	,,	,	,837957770723	,800G大通量纯水机,1809123722986	,厨房电器,净水器/净水设备及配件耗材,净水器,	,6923185653974	,	,	,	,无售后或售后取消,,	,	,,,,,,,否,否,	,否,	,,749.0	,0.0	,0.0	,100.0	,0.0	,0.0	,0.0	,0.0	,649.0	,749.0	,	,	,****,****,****,****,,否,否,	,	,	,否,	,	,	,	,	,	,	,	,	,	,	,	,否,否,	,否,	,,	,否,	,否,,,否
VIOMI云米净水器600G小蓝调厨下式RO反渗透直饮家用6年长效,251123-611665866370304,已取消,1	,正常,	,	,,	,	,850883552953	,RO反渗透除去重金属,1811278299045	,厨房电器,净水器/净水设备及配件耗材,净水器,	,6923185653592	,6923185653592	,	,	,无售后或售后取消,,	,	,,,,,,,否,否,	,否,	,,639.19	,0.0	,0.0	,100.0	,0.0	,0.0	,0.0	,0.0	,539.19	,639.19	,	,	,****,****,****,****,,否,否,	,	,	,否,	,	,	,	,	,	,	,	,	,	,	,	,否,否,	,否,	,,	,否,	,否,,,否
【重磅新品】云米净水器600G小海豚升级版厨下式RO反渗透直饮家用,251123-210868672063813,已发货，待收货,1	,正常,2025-11-23 04:10:15,2025-11-24 04:10:15,,2025-11-23 16:07:34,	,225501370546	,小海豚600G,1813468330532	,厨房电器,净水器/净水设备及配件耗材,净水器,	,6923185653684	,6923185616399	,18111232627安装 [viomi慧慧sk 11/25 16:16],	,无售后或售后取消,,2025-11-23 04:10:15,	,,,,,,,否,否,	,否,	,,559.0	,0.0	,0.0	,0.0	,1.11	,0.0	,0.0	,0.0	,559.0	,559.0	,JDV024214403908,京东大件物流,四川省,内江市,东兴区,,,否,否,	,	,	,否,	,	,	,	,	,	,	,	,	,	,	,	,否,否,	,否,否,,	,否,	,否,,,否
云米小厨宝6L即热式厨房台下洗碗热水宝上出水储水式小型电热水器,251123-257582743882761,未发货，退款成功,1	,审核中，请勿发货,2025-11-23 02:44:55,2025-11-24 02:44:55,,	,	,205451808289	,"热水即刻有6L,小厨宝",1752480784258	,大家电,热水器,电热水器,	,6923185611233	,6923185611233	,聚水潭已取消发货 已退款   叶11.23,	,退款成功,,2025-11-23 02:44:55,	,,,,,,,否,否,	,否,	,,289.0	,0.0	,0.0	,50.0	,0.0	,0.0	,0.0	,0.0	,239.0	,289.0	,	,	,福建省,莆田市,仙游县,,,否,否,	,	,	,否,	,	,	,	,	,	,	,	,	,	,	,	,否,否,	,否,	,,	,否,	,否,,,否
【母婴直饮】云米净水器 SE 600G+ 新升级厨下式RO反渗透直饮家用,251123-496144258713995,已发货，待收货,1	,正常,2025-11-23 02:30:06,2025-11-24 02:30:06,,2025-11-23 16:07:33,	,819506595979	,【24年新品】600G升级版6年长效,1787046011387	,厨房电器,净水器/净水设备及配件耗材,净水器,	,6923185653684	,6923185616399	,	,	,无售后或售后取消,,2025-11-23 02:30:06,	,,,,,,,否,否,	,否,	,,748.0	,0.0	,129.6	,100.0	,0.0	,0.0	,0.0	,0.0	,518.4	,618.4	,JDV024214399666,京东大件物流,海南省,海口市,秀英区,,,否,否,	,	,	,否,	,	,	,	,	,	,	,	,	,	,	,	,否,否,	,否,否,,	,否,	,否,,,否
【母婴直饮】云米净水器 SE 600G+ 新升级厨下式RO反渗透直饮家用,251123-416253242990885,已发货，待收货,1	,正常,2025-11-23 12:55:52,2025-11-24 12:55:52,,2025-11-23 17:47:48,	,819506595979	,【24年新品】600G升级版6年长效,1787046011387	,厨房电器,净水器/净水设备及配件耗材,净水器,	,6923185653684	,6923185616399	,	,	,无售后或售后取消,,2025-11-23 12:55:52,	,,,,,,,否,否,	,否,	,,748.0	,0.0	,129.6	,100.0	,0.0	,0.0	,0.0	,0.0	,518.4	,618.4	,JDV024216014690,京东大件物流,辽宁省,沈阳市,和平区,,,否,否,	,	,	,否,	,	,	,	,	,	,	,	,	,	,	,	,否,否,	,否,否,,	,否,	,否,,,否
云米冷热管线机饮水机壁挂式双出水台式管线机UV杀菌Master3,251123-346155947642783,已发货，待收货,1	,正常,2025-11-23 01:12:41,2025-11-24 01:12:41,,2025-11-23 16:07:33,	,604410073495	,冷热双出水管线机Master3,1584984425232	,厨房电器,饮水机,饮水机,	,6923185651345	,6923185651345	,	,	,无售后或售后取消,,2025-11-23 01:12:41,	,,,,,,,否,否,	,否,	,,1861.0	,0.0	,0.0	,100.0	,0.0	,0.0	,0.0	,0.0	,1761.0	,1861.0	,JDV024214413124,京东大件物流,浙江省,杭州市,富阳区,,,否,否,	,	,	,否,	,	,	,	,	,	,	,	,	,	,	,	,否,否,	,否,否,,	,否,	,否,,,否
【重磅新品】云米净水器600G小海豚升级版厨下式RO反渗透直饮家用,251123-518772539800581,未发货，退款成功,1	,正常,2025-11-23 00:48:34,2025-12-10 00:48:34,,	,	,225501370546	,小海豚600G,1813468330532	,厨房电器,净水器/净水设备及配件耗材,净水器,	,6923185653684	,6923185616399	,已退款成功 无需发货  已退款成功 11.27,	,退款成功,,2025-11-23 00:48:34,	,,,,,,,否,否,	,否,	,,559.0	,0.0	,0.0	,200.0	,0.2	,0.0	,0.0	,0.0	,359.0	,559.0	,	,	,陕西省,西安市,灞桥区,,,否,否,	,	,	,否,	,	,	,	,	,	,	,	,	,	,	,	,否,否,	,否,否,,	,否,	,否,,,否
【6年套装】云米净水器600G小海豚升级版厨下式RO反渗透直饮家用,251123-039489379851505,已发货，待收货,1	,正常,2025-11-23 00:44:45,2025-11-24 00:44:45,,2025-11-23 16:07:33,	,852932116812	,小海豚600G+6年滤芯套装,1812983769340	,厨房电器,净水器/净水设备及配件耗材,净水器,	,S2508151538001,	,赠品已登记+13461462079 安装 [viomi英英sk 11/24 17:09]=13461462079安装 [viomi莉莉sk 11/26 15:55],	,无售后或售后取消,,2025-11-23 00:44:45,	,,,,,,,否,否,	,否,	,,764.28	,0.0	,0.0	,100.0	,5.0	,0.0	,0.0	,0.0	,664.28	,764.28	,JDV024214432689,京东大件物流,广东省,广州市,增城区,,,否,否,	,	,	,否,	,	,	,	,	,	,	,	,	,	,	,	,否,否,	,否,否,,	,否,	,否,,,否
云米24m³大吸力顶侧3吸油烟机聚能猛火灶 烟灶智能联动套装嵌入式,251123-231116706200896,待发货,1	,正常,2025-11-23 23:35:55,2026-02-22 23:35:55,,	,	,205936193873	,"【爆款】单烟机+5.0KW猛火灶,天然气",1662367362948	,大家电,厨房大电,烟灶消套装,	,S2409261037001,6923185649762	,	,	,无售后或售后取消,,2025-11-23 23:35:55,	,,,,,,,否,否,	,否,	,,1499.0	,0.0	,0.0	,100.0	,0.0	,0.0	,0.0	,0.0	,1399.0	,1499.0	,	,	,四川省,成都市,新都区,,,否,否,	,	,	,否,	,	,	,	,	,	,	,	,	,	,	,	,否,否,	,否,否,,	,否,	,否,,,否
云米小厨宝6L电热水器厨房卫生间出水恒温储水式小型速热神器加热,251123-276834557462623,已发货，待收货,1	,正常,2025-11-23 00:38:41,2025-11-24 00:38:42,,2025-11-23 11:57:13,	,208073193570	,热水即刻有-【6L】,1801828025682	,大家电,热水器,厨宝,	,6923185611233	,6923185611233	,	,	,无售后或售后取消,,2025-11-23 00:38:42,	,,,,,,,否,否,	,否,	,,279.0	,0.0	,14.0	,29.15	,0.0	,0.0	,0.0	,0.0	,235.85	,265.0	,JDV024210213023,京东大件物流,浙江省,温州市,乐清市,,,否,否,	,	,	,否,	,	,	,	,	,	,	,	,	,	,	,	,否,否,	,否,否,,	,否,	,否,,,否
云米智能电热水器小蓝调节能变频速热家用浴室洗澡抑菌50L/60L,251123-582211356240760,已发货，待收货,1	,正常,2025-11-23 00:36:02,2025-11-24 00:36:02,,2025-11-23 16:07:33,	,434684719975	,安全保护8倍增容大水量50L,1733881750461	,大家电,热水器,电热水器,	,6923185649076	,	,	,	,无售后或售后取消,,2025-11-23 00:36:02,	,,,,,,,否,否,	,否,	,,599.0	,0.0	,0.0	,83.86	,5.15	,0.0	,0.0	,0.0	,515.14	,599.0	,JDV024214399720,京东大件物流,福建省,宁德市,福安市,,,否,否,	,	,	,否,	,	,	,	,	,	,	,	,	,	,	,	,否,否,	,否,否,,	,否,	,否,,,否
云米16即热零冷水燃气热水器智能低水压双调恒温防冻安全保护速热,251123-061320804691124,已取消,1	,正常,	,	,,	,	,216845252864	,云米即开即热16L零冷水热水器,1731415907130	,大家电,热水器,燃气热水器,	,6923185611226	,6923185611226	,	,	,无售后或售后取消,,	,	,,,,,,,否,否,	,否,	,,898.0	,0.0	,0.0	,48.0	,0.0	,0.0	,0.0	,0.0	,850.0	,898.0	,	,	,****,****,****,****,,否,否,	,	,	,否,	,	,	,	,	,	,	,	,	,	,	,	,否,否,	,否,	,,	,否,	,否,,,否
【重磅新品】云米净水器600G小海豚升级版厨下式RO反渗透直饮家用,251123-267932209482773,未发货，退款成功,1	,正常,2025-11-23 00:18:28,2025-12-04 00:18:28,,	,	,225501370546	,小海豚600G,1813468330532	,厨房电器,净水器/净水设备及配件耗材,净水器,	,6923185653684	,6923185616399	,已登记延迟 [viomi范范sk 11/23 10:51]  已挂起锁定 无需发货 已退款成功 11.24,	,退款成功,,2025-11-23 00:18:28,	,,,,,,,否,否,	,否,	,,559.0	,0.0	,0.0	,100.0	,0.0	,0.0	,0.0	,0.0	,459.0	,559.0	,	,	,广东省,汕头市,潮阳区,,,否,否,	,	,	,否,	,	,	,	,	,	,	,	,	,	,	,	,否,否,	,否,否,,	,否,	,否,,,否
VIOMI云米净水器大通量小海豚800G反渗透RO厨下式家用长效滤芯,251123-651102861711188,已取消,1	,正常,	,	,,	,	,837957770723	,800G大通量纯水机,1809123722986	,厨房电器,净水器/净水设备及配件耗材,净水器,	,6923185653974	,	,	,	,无售后或售后取消,,	,	,,,,,,,否,否,	,否,	,,749.0	,0.0	,0.0	,20.0	,0.0	,0.0	,0.0	,0.0	,729.0	,749.0	,	,	,****,****,****,****,,否,否,	,	,	,否,	,	,	,	,	,	,	,	,	,	,	,	,否,否,	,否,	,,	,否,	,否,,,否
【重磅新品】云米净水器600G小海豚升级版厨下式RO反渗透直饮家用,251122-131082555743554,已取消,1	,正常,	,	,,	,	,225501370546	,小海豚600G,1813468330532	,厨房电器,净水器/净水设备及配件耗材,净水器,	,6923185653684	,6923185616399	,	,	,无售后或售后取消,,	,	,,,,,,,否,否,	,否,	,,559.0	,0.0	,0.0	,0.0	,0.0	,0.0	,0.0	,0.0	,559.0	,559.0	,	,	,****,****,****,****,,否,否,	,	,	,否,	,	,	,	,	,	,	,	,	,	,	,	,否,否,	,否,	,,	,否,	,否,,,否
【重磅新品】云米净水器600G小海豚升级版厨下式RO反渗透直饮家用,251122-516601945601511,已发货，待收货,1	,正常,2025-11-22 23:53:36,2025-11-26 23:53:36,,2025-11-26 15:02:44,	,225501370546	,小海豚600G,1813468330532	,厨房电器,净水器/净水设备及配件耗材,净水器,	,6923185653684	,6923185616399	,延迟发货已登 [viomi莉莉sk 11/23 09:29]15504204422安装 [viomi范范sk 11/27 12:52],先不要发货，沟通了解之后在发货,无售后或售后取消,,2025-11-22 23:53:36,	,,,,,,,否,否,	,否,	,,559.0	,0.0	,0.0	,100.0	,3.0	,0.0	,0.0	,0.0	,459.0	,559.0	,JDV024265302497,京东大件物流,山东省,淄博市,张店区,,,否,否,	,	,	,否,	,	,	,	,	,	,	,	,	,	,	,	,否,否,	,否,否,,	,否,	,否,,,否
【重磅新品】云米净水器600G小海豚升级版厨下式RO反渗透直饮家用,251122-520093714060764,已发货，待收货,1	,正常,2025-11-22 23:50:48,2025-11-23 23:50:48,,2025-11-23 11:57:13,	,225501370546	,小海豚600G,1813468330532	,厨房电器,净水器/净水设备及配件耗材,净水器,	,6923185653684	,6923185616399	,	,	,无售后或售后取消,,2025-11-22 23:50:48,	,,,,,,,否,否,	,否,	,,559.0	,0.0	,0.0	,0.0	,0.0	,0.0	,0.0	,0.0	,559.0	,559.0	,JDV024208644806,京东大件物流,河北省,邯郸市,临漳县,,,否,否,	,	,	,否,	,	,	,	,	,	,	,	,	,	,	,	,否,否,	,否,否,,	,否,	,否,,,否
【重磅新品】云米净水器600G小海豚升级版厨下式RO反渗透直饮家用,251122-397850734093064,已取消,1	,正常,	,	,,	,	,225501370546	,小海豚600G,1813468330532	,厨房电器,净水器/净水设备及配件耗材,净水器,	,6923185653684	,6923185616399	,	,	,无售后或售后取消,,	,	,,,,,,,否,否,	,否,	,,559.0	,0.0	,0.0	,0.0	,0.0	,0.0	,0.0	,0.0	,559.0	,559.0	,	,	,****,****,****,****,,否,否,	,	,	,否,	,	,	,	,	,	,	,	,	,	,	,	,否,否,	,否,	,,	,否,	,否,,,否
【母婴直饮】云米净水器 SE 600G+ 新升级厨下式RO反渗透直饮家用,251122-179442860331399,已取消,1	,正常,	,	,,	,	,819506595979	,【24年新品】600G升级版6年长效,1787046011387	,厨房电器,净水器/净水设备及配件耗材,净水器,	,6923185653684	,6923185616399	,	,	,无售后或售后取消,,	,	,,,,,,,否,否,	,否,	,,748.0	,0.0	,145.6	,20.0	,0.0	,0.0	,0.0	,0.0	,582.4	,602.4	,	,	,****,****,****,****,,否,否,	,	,	,否,	,	,	,	,	,	,	,	,	,	,	,	,否,否,	,否,	,,	,否,	,否,,,否
【母婴直饮】云米净水器 SE 600G+ 新升级厨下式RO反渗透直饮家用,251122-524204131993003,已取消,1	,正常,	,	,,	,	,819506595979	,【24年新品】600G升级版6年长效,1787046011387	,厨房电器,净水器/净水设备及配件耗材,净水器,	,6923185653684	,6923185616399	,	,	,无售后或售后取消,,	,	,,,,,,,否,否,	,否,	,,748.0	,0.0	,136.8	,64.0	,0.0	,0.0	,0.0	,0.0	,547.2	,611.2	,	,	,****,****,****,****,,否,否,	,	,	,否,	,	,	,	,	,	,	,	,	,	,	,	,否,否,	,否,	,,	,否,	,否,,,否
【重磅新品】云米净水器600G小海豚升级版厨下式RO反渗透直饮家用,251122-109439947090489,已取消,1	,正常,	,	,,	,	,225501370546	,小海豚600G,1813468330532	,厨房电器,净水器/净水设备及配件耗材,净水器,	,6923185653684	,6923185616399	,	,	,无售后或售后取消,,	,	,,,,,,,否,否,	,否,	,,559.0	,0.0	,0.0	,0.0	,0.0	,0.0	,0.0	,0.0	,559.0	,559.0	,	,	,****,****,****,****,,否,否,	,	,	,否,	,	,	,	,	,	,	,	,	,	,	,	,否,否,	,否,	,,	,否,	,否,,,否
【重磅新品】云米净水器600G小海豚升级版厨下式RO反渗透直饮家用,251122-120062011823560,已发货，待收货,1	,正常,2025-11-22 23:02:57,2025-11-23 23:02:57,2025-11-24 23:59:59,2025-11-23 16:07:33,	,225501370546	,小海豚600G,1813468330532	,厨房电器,净水器/净水设备及配件耗材,净水器,	,6923185653684	,6923185616399	,	,	,无售后或售后取消,,2025-11-22 23:02:57,	,,,,,,,否,否,	,否,	,,559.0	,0.0	,0.0	,0.0	,0.0	,0.0	,0.0	,0.0	,559.0	,559.0	,JDV024214403897,京东大件物流,广东省,佛山市,顺德区,,,否,否,	,	,	,否,	,	,	,	,	,	,	,	,	,	,	,	,否,否,	,否,否,,	,否,	,否,,,否
【重磅新品】云米净水器600G小海豚升级版厨下式RO反渗透直饮家用,251122-600330781010489,已取消,1	,正常,	,	,,	,	,225501370546	,小海豚600G,1813468330532	,厨房电器,净水器/净水设备及配件耗材,净水器,	,6923185653684	,6923185616399	,	,	,无售后或售后取消,,	,	,,,,,,,否,否,	,否,	,,559.0	,0.0	,0.0	,0.0	,0.0	,0.0	,0.0	,0.0	,559.0	,559.0	,	,	,****,****,****,****,,否,否,	,	,	,否,	,	,	,	,	,	,	,	,	,	,	,	,否,否,	,否,	,,	,否,	,否,,,否
【母婴直饮】云米净水器 SE 600G+ 新升级厨下式RO反渗透直饮家用,251122-639274903983560,已取消,1	,正常,	,	,,	,	,819506595979	,【24年新品】600G升级版6年长效,1787046011387	,厨房电器,净水器/净水设备及配件耗材,净水器,	,6923185653684	,6923185616399	,	,	,无售后或售后取消,,	,	,,,,,,,否,否,	,否,	,,748.0	,0.0	,149.6	,0.0	,0.0	,0.0	,0.0	,0.0	,598.4	,598.4	,	,	,****,****,****,****,,否,否,	,	,	,否,	,	,	,	,	,	,	,	,	,	,	,	,否,否,	,否,	,,	,否,	,否,,,否
云米全自动智能门锁人脸猫眼密码指纹安全防撬大屏锁已接入米家AP,251122-210187097711919,未发货，退款成功,5	,正常,2025-11-22 22:56:00,2025-11-23 22:56:00,,	,	,804409121514	,LBT16A【人脸猫眼】智能门锁,1778430742491	,基础建材,智能门锁/电子锁,智能门锁/电子锁,	,6923185652724	,	,聚水潭已取消发货 已退款   叶11.23,	,退款成功,,2025-11-22 22:56:00,	,,,,,,,否,否,	,否,	,,4630.0	,0.0	,370.4	,0.0	,0.2	,0.0	,0.0	,0.0	,4259.6	,4259.6	,	,	,广东省,广州市,增城区,,,否,否,	,	,	,否,	,	,	,	,	,	,	,	,	,	,	,	,否,否,	,否,否,,	,否,	,否,,,否
Viomi云米净水器1000G厨下式RO反渗透直饮过滤器净饮小海豚2,251122-061582896751254,已发货，待收货,1	,正常,2025-11-22 22:37:54,2025-11-23 22:37:55,,2025-11-23 09:31:12,	,205458105137	,小海豚2包安装1000G大加仑,1802849942800	,厨房电器,净水器/净水设备及配件耗材,净水器,	,6923185654865	,	,直播间中奖5元红包,	,无售后或售后取消,,2025-11-22 22:37:55,	,,,,,,,否,否,	,否,	,,999.0	,0.0	,100.0	,44.95	,0.0	,0.0	,0.0	,0.0	,854.05	,899.0	,JDV024209636004,京东大件物流,河南省,郑州市,高新技术开发区,,,否,否,	,	,	,否,	,	,	,	,	,	,	,	,	,	,	,	,是,是,	,否,否,,	,否,	,否,,,否
【小海豚1000G管线机套装】云米净水器家用厨下一键即热制冷直饮,251122-107468634450156,已取消,1	,正常,	,	,,	,	,246986456918	,【0陈水冷热2件套】1000G+管线机2E,1751903219858	,厨房电器,净水器/净水设备及配件耗材,净水器,	,S2503111808001,	,	,	,无售后或售后取消,,	,	,,,,,,,否,否,	,否,	,,2399.0	,0.0	,0.0	,0.0	,0.0	,0.0	,0.0	,0.0	,2399.0	,2399.0	,	,	,****,****,****,****,,否,否,	,	,	,否,	,	,	,	,	,	,	,	,	,	,	,	,是,否,	,否,	,,	,否,	,否,,,否
【重磅新品】云米净水器600G小海豚升级版厨下式RO反渗透直饮家用,251122-581078935971735,已发货，待收货,1	,正常,2025-11-22 22:38:24,2025-11-23 22:38:25,,2025-11-23 09:31:53,	,225501370546	,小海豚600G,1813468330532	,厨房电器,净水器/净水设备及配件耗材,净水器,	,6923185653684	,6923185616399	,	,	,无售后或售后取消,,2025-11-22 22:38:25,	,,,,,,,否,否,	,否,	,,559.0	,0.0	,0.0	,30.0	,0.0	,0.0	,0.0	,0.0	,529.0	,559.0	,JDV024209593558,京东大件物流,广东省,中山市,火炬开发区,,,否,否,	,	,	,否,	,	,	,	,	,	,	,	,	,	,	,	,否,否,	,否,否,,	,否,	,否,,,否
【母婴直饮】云米净水器 SE 600G+ 新升级厨下式RO反渗透直饮家用,251122-400639956502876,已发货，待收货,1	,正常,2025-11-22 22:32:17,2025-11-23 22:32:18,2025-11-24 23:59:59,2025-11-23 09:31:12,	,819506595979	,【24年新品】600G升级版6年长效,1787046011387	,厨房电器,净水器/净水设备及配件耗材,净水器,	,6923185653684	,6923185616399	,	,	,无售后或售后取消,,2025-11-22 22:32:18,	,,,,,,,否,否,	,否,	,,748.0	,0.0	,139.6	,50.0	,0.0	,0.0	,0.0	,0.0	,558.4	,608.4	,JDV024209610345,京东大件物流,广东省,珠海市,香洲区,,,否,否,	,	,	,否,	,	,	,	,	,	,	,	,	,	,	,	,否,否,	,否,是,3	,商家,否,	,否,,信用卡分期,否
【重磅新品】云米净水器600G小海豚升级版厨下式RO反渗透直饮家用,251122-225464891731266,已收货,1	,正常,2025-11-22 22:26:10,2025-11-23 22:26:10,,2025-11-23 09:31:53,2025-11-27 17:42:22,225501370546	,小海豚600G,1813468330532	,厨房电器,净水器/净水设备及配件耗材,净水器,	,6923185653684	,6923185616399	,19878515943安装 [viomi诺诺sk 11/27 14:11],	,无售后或售后取消,,2025-11-22 22:26:10,	,,,,,,,否,否,	,否,	,,559.0	,0.0	,0.0	,0.0	,0.0	,0.0	,0.0	,0.0	,559.0	,559.0	,JDV024209630316,京东大件物流,广东省,茂名市,高州市,,,否,否,	,	,	,否,	,	,	,	,	,	,	,	,	,	,	,	,否,否,	,否,否,,	,否,	,否,,,否
云米水槽下水器垃圾处理器粉碎机下水道厨余搅碎机抑菌厨房家用,251122-134700142900140,已取消,1	,正常,	,	,,	,	,852614628903	,【智能】厨余垃圾处理器,1812695452997	,厨房电器,食物垃圾处理机,食物垃圾处理机,	,6923185610250	,6923185610250	,	,	,无售后或售后取消,,	,	,,,,,,,否,否,	,否,	,,889.0	,0.0	,48.0	,32.0	,0.0	,0.0	,0.0	,0.0	,809.0	,841.0	,	,	,****,****,****,****,,否,否,	,	,	,否,	,	,	,	,	,	,	,	,	,	,	,	,否,否,	,否,	,,	,否,	,否,,,否
【6年套装】云米净水器600G小海豚升级版厨下式RO反渗透直饮家用,251122-590033722891361,已发货，待收货,1	,正常,2025-11-22 22:11:00,2025-11-23 22:11:01,,2025-11-23 09:31:12,	,852932116812	,小海豚600G+6年滤芯套装,1812983769340	,厨房电器,净水器/净水设备及配件耗材,净水器,	,S2508151538001,	,	,	,无售后或售后取消,,2025-11-22 22:11:01,	,,,,,,,否,否,	,否,	,,764.28	,0.0	,0.0	,0.0	,0.0	,0.0	,0.0	,0.0	,764.28	,764.28	,JDV024209617948,京东大件物流,甘肃省,酒泉市,肃州区,,,否,否,	,	,	,否,	,	,	,	,	,	,	,	,	,	,	,	,否,是,	,否,否,,	,否,	,否,,,否
【母婴直饮】云米净水器 SE 600G+ 新升级厨下式RO反渗透直饮家用,251122-562089203340469,已收货,1	,正常,2025-11-22 22:10:45,2025-11-23 22:10:45,,2025-11-23 09:31:12,2025-11-27 15:24:59,819506595979	,【24年新品】600G升级版6年长效,1787046011387	,厨房电器,净水器/净水设备及配件耗材,净水器,	,6923185653684	,6923185616399	,直播间中奖5元红包===5元已登记 [viomi英英sk 11/28 15:44],	,无售后或售后取消,,2025-11-22 22:10:45,	,,,,,,,否,否,	,否,	,,748.0	,0.0	,134.64	,74.8	,0.0	,0.0	,0.0	,0.0	,538.56	,613.36	,JDV024209593540,京东大件物流,江苏省,南京市,六合区,,,否,否,	,	,	,否,	,	,	,	,	,	,	,	,	,	,	,	,是,是,	,否,否,,	,否,	,否,,,否
【重磅新品】云米净水器600G小海豚升级版厨下式RO反渗透直饮家用,251122-434508992910664,已收货,1	,正常,2025-11-22 22:09:40,2025-11-23 22:09:40,,2025-11-23 09:31:54,2025-11-27 19:00:34,225501370546	,小海豚600G,1813468330532	,厨房电器,净水器/净水设备及配件耗材,净水器,	,6923185653684	,6923185616399	,	,	,无售后或售后取消,,2025-11-22 22:09:40,	,,,,,,,否,否,	,否,	,,559.0	,0.0	,0.0	,0.0	,1.11	,0.0	,0.0	,0.0	,559.0	,559.0	,JDV024209610336,京东大件物流,湖北省,武汉市,江夏区,,,否,否,	,	,	,否,	,	,	,	,	,	,	,	,	,	,	,	,否,否,	,否,否,,	,否,	,否,,,否
【母婴直饮】云米净水器 SE 600G+ 新升级厨下式RO反渗透直饮家用,251122-500097379980469,已取消,1	,正常,	,	,,	,	,819506595979	,【24年新品】600G升级版6年长效,1787046011387	,厨房电器,净水器/净水设备及配件耗材,净水器,	,6923185653684	,6923185616399	,	,	,无售后或售后取消,,	,	,,,,,,,否,否,	,否,	,,748.0	,0.0	,134.64	,74.8	,0.0	,0.0	,0.0	,0.0	,538.56	,613.36	,	,	,****,****,****,****,,否,否,	,	,	,否,	,	,	,	,	,	,	,	,	,	,	,	,是,否,	,否,	,,	,否,	,否,,,否
【6年套装】云米净水器600G小海豚升级版厨下式RO反渗透直饮家用,251122-338039969371705,已收货，退款成功,1	,正常,2025-11-22 22:08:23,2025-11-23 22:08:24,2025-11-24 23:59:59,2025-11-23 09:31:13,2025-11-26 16:19:15,852932116812	,小海豚600G+6年滤芯套装,1812983769340	,厨房电器,净水器/净水设备及配件耗材,净水器,	,S2508151538001,	,直播间中奖10元红包=764.28-695=69.28差价+中奖10=79.28仅退款 [viomi慧慧sk 11/26 16:28]==【补差】平台已退79.28元 叶11.27,	,退款成功,,2025-11-22 22:08:24,	,,,,,,,否,否,	,否,	,,764.28	,0.0	,0.0	,38.21	,0.0	,0.0	,0.0	,0.0	,726.07	,764.28	,JDV024209666827,京东大件物流,广东省,汕头市,龙湖区,,,否,否,	,	,	,否,	,	,	,	,	,	,	,	,	,	,	,	,是,是,	,否,否,,	,否,	,否,,,否
【6年套装】云米净水器600G小海豚升级版厨下式RO反渗透直饮家用,251122-011660193404079,已取消,1	,正常,	,	,,	,	,852932116812	,小海豚600G+6年滤芯套装,1812983769340	,厨房电器,净水器/净水设备及配件耗材,净水器,	,S2508151538001,	,	,	,无售后或售后取消,,	,	,,,,,,,否,否,	,否,	,,764.28	,0.0	,0.0	,76.42	,0.0	,0.0	,0.0	,0.0	,687.86	,764.28	,	,	,****,****,****,****,,否,否,	,	,	,否,	,	,	,	,	,	,	,	,	,	,	,	,否,否,	,否,	,,	,否,	,否,,,否
【重磅新品】云米净水器600G小海豚升级版厨下式RO反渗透直饮家用,251122-655213269331718,已发货，待收货,1	,正常,2025-11-22 22:03:24,2025-11-23 22:03:24,2025-11-24 23:59:59,2025-11-23 09:31:54,	,225501370546	,小海豚600G,1813468330532	,厨房电器,净水器/净水设备及配件耗材,净水器,	,6923185653684	,6923185616399	,15961710109咨询 [viomi莉莉sk 11/25 09:21],	,无售后或售后取消,,2025-11-22 22:03:24,	,,,,,,,否,否,	,否,	,,559.0	,0.0	,0.0	,0.0	,0.0	,0.0	,0.0	,0.0	,559.0	,559.0	,JDV024209610328,京东大件物流,安徽省,宿州市,泗县,,,否,否,	,	,	,否,	,	,	,	,	,	,	,	,	,	,	,	,否,否,	,否,否,,	,否,	,否,,,否
【重磅新品】云米净水器600G小海豚升级版厨下式RO反渗透直饮家用,251122-543277739660469,已取消,1	,正常,	,	,,	,	,225501370546	,小海豚600G,1813468330532	,厨房电器,净水器/净水设备及配件耗材,净水器,	,6923185653684	,6923185616399	,	,	,无售后或售后取消,,	,	,,,,,,,否,否,	,否,	,,559.0	,0.0	,0.0	,0.0	,0.0	,0.0	,0.0	,0.0	,559.0	,559.0	,	,	,****,****,****,****,,否,否,	,	,	,否,	,	,	,	,	,	,	,	,	,	,	,	,是,否,	,否,	,,	,否,	,否,,,否
【母婴直饮】云米净水器 SE 600G+ 新升级厨下式RO反渗透直饮家用,251122-156489541982155,已发货，待收货,1	,正常,2025-11-22 21:57:12,2025-11-23 21:57:13,,2025-11-23 11:57:13,	,819506595979	,【24年新品】600G升级版6年长效,1787046011387	,厨房电器,净水器/净水设备及配件耗材,净水器,	,6923185653684	,6923185616399	,	,	,无售后或售后取消,,2025-11-22 21:57:13,	,,,,,,,否,否,	,否,	,,748.0	,0.0	,138.6	,55.0	,0.0	,0.0	,0.0	,0.0	,554.4	,609.4	,JDV024208090614,京东大件物流,北京市,北京市,顺义区,,,否,否,	,	,	,否,	,	,	,	,	,	,	,	,	,	,	,	,否,否,	,否,否,,	,否,	,否,,,否
【重磅新品】云米净水器600G小海豚升级版厨下式RO反渗透直饮家用,251122-241403226401645,未发货，退款成功,1	,正常,2025-11-22 21:54:06,2025-11-23 21:54:06,,	,	,225501370546	,小海豚600G,1813468330532	,厨房电器,净水器/净水设备及配件耗材,净水器,	,6923185653684	,6923185616399	,拦截	ZX2511230062460,	,退款成功,,2025-11-22 21:54:06,	,,,,,,,否,否,	,否,	,,559.0	,0.0	,0.0	,0.0	,0.0	,0.0	,0.0	,0.0	,559.0	,559.0	,	,	,四川省,成都市,青羊区,,,否,否,	,	,	,否,	,	,	,	,	,	,	,	,	,	,	,	,否,否,	,否,否,,	,否,	,否,,,否
【重磅新品】云米净水器600G小海豚升级版厨下式RO反渗透直饮家用,251122-328665710902200,已取消,1	,正常,	,	,,	,	,225501370546	,小海豚600G,1813468330532	,厨房电器,净水器/净水设备及配件耗材,净水器,	,6923185653684	,6923185616399	,	,	,无售后或售后取消,,	,	,,,,,,,否,否,	,否,	,,559.0	,0.0	,0.0	,0.0	,0.0	,0.0	,0.0	,0.0	,559.0	,559.0	,	,	,****,****,****,****,,否,否,	,	,	,否,	,	,	,	,	,	,	,	,	,	,	,	,否,否,	,否,	,,	,否,	,否,,,否
云米水槽下水器垃圾处理器粉碎机下水道厨余搅碎机抑菌厨房家用,251122-295341965620140,已取消,1	,正常,	,	,,	,	,852614628903	,【智能】厨余垃圾处理器,1812695452997	,厨房电器,食物垃圾处理机,食物垃圾处理机,	,6923185610250	,6923185610250	,	,	,无售后或售后取消,,	,	,,,,,,,否,否,	,否,	,,889.0	,0.0	,48.0	,32.0	,0.0	,0.0	,0.0	,0.0	,809.0	,841.0	,	,	,****,****,****,****,,否,否,	,	,	,否,	,	,	,	,	,	,	,	,	,	,	,	,否,否,	,否,	,,	,否,	,否,,,否
【6年套装】云米净水器600G小海豚升级版厨下式RO反渗透直饮家用,251122-128094124360033,已取消,1	,正常,	,	,,	,	,852932116812	,小海豚600G+6年滤芯套装,1812983769340	,厨房电器,净水器/净水设备及配件耗材,净水器,	,S2508151538001,	,	,	,无售后或售后取消,,	,	,,,,,,,否,否,	,否,	,,764.28	,0.0	,0.0	,91.71	,0.0	,0.0	,0.0	,0.0	,672.57	,764.28	,	,	,****,****,****,****,,否,否,	,	,	,否,	,	,	,	,	,	,	,	,	,	,	,	,否,否,	,否,	,,	,否,	,否,,,否
【母婴直饮】云米净水器 SE 600G+ 新升级厨下式RO反渗透直饮家用,251122-384533860752903,已取消,1	,正常,	,	,,	,	,819506595979	,【24年新品】600G升级版6年长效,1787046011387	,厨房电器,净水器/净水设备及配件耗材,净水器,	,6923185653684	,6923185616399	,	,	,无售后或售后取消,,	,	,,,,,,,否,否,	,否,	,,748.0	,0.0	,134.64	,74.8	,0.0	,0.0	,0.0	,0.0	,538.56	,613.36	,	,	,****,****,****,****,,否,否,	,	,	,否,	,	,	,	,	,	,	,	,	,	,	,	,否,否,	,否,	,,	,否,	,否,,,否
【6年套装】云米净水器600G小海豚升级版厨下式RO反渗透直饮家用,251122-511568801412351,已收货，退款成功,1	,正常,2025-11-22 21:40:55,2025-11-23 21:40:55,,2025-11-23 11:57:13,2025-11-27 14:08:06,852932116812	,小海豚600G+6年滤芯套装,1812983769340	,厨房电器,净水器/净水设备及配件耗材,净水器,	,S2508151538001,	,直播间中奖乐扣保鲜盒=13784476322安装 [viomi慧慧sk 11/24 14:17]差价69.28 [viomi范范sk 11/26 11:02]差价69.28 [viomi范范sk 11/26 11:12]69.28仅退款 [viomi范范sk 11/27 14:09],	,退款成功,,2025-11-22 21:40:55,	,,,,,,,否,否,	,否,	,,764.28	,0.0	,0.0	,41.0	,0.0	,0.0	,0.0	,0.0	,723.28	,764.28	,JDV024207684146,京东大件物流,河北省,廊坊市,霸州市,,,否,否,	,	,	,否,	,	,	,	,	,	,	,	,	,	,	,	,否,是,	,否,否,,	,否,	,否,,,否
【母婴直饮】云米净水器 SE 600G+ 新升级厨下式RO反渗透直饮家用,251122-177775582863044,已发货，待收货,1	,正常,2025-11-22 21:29:56,2025-11-23 21:29:56,,2025-11-23 09:31:13,	,819506595979	,【24年新品】600G升级版6年长效,1787046011387	,厨房电器,净水器/净水设备及配件耗材,净水器,	,6923185653684	,6923185616399	,13870391180安装 [viomi莉莉sk 11/25 15:57],	,无售后或售后取消,,2025-11-22 21:29:56,	,,,,,,,否,否,	,否,	,,748.0	,0.0	,149.6	,0.0	,0.0	,0.0	,0.0	,0.0	,598.4	,598.4	,JDV024209584584,京东大件物流,江西省,上饶市,广信区,,,否,否,	,	,	,否,	,	,	,	,	,	,	,	,	,	,	,	,否,否,	,否,否,,	,否,	,否,,,否
【母婴直饮】云米净水器 SE 600G+ 新升级厨下式RO反渗透直饮家用,251122-103096041880800,已发货，待收货,1	,正常,2025-11-22 21:29:16,2025-11-23 21:29:16,,2025-11-23 11:57:13,	,819506595979	,【24年新品】600G升级版6年长效,1787046011387	,厨房电器,净水器/净水设备及配件耗材,净水器,	,6923185653684	,6923185616399	,	,	,无售后或售后取消,,2025-11-22 21:29:16,	,,,,,,,否,否,	,否,	,,748.0	,0.0	,129.6	,100.0	,0.0	,0.0	,0.0	,0.0	,518.4	,618.4	,JDV024207737173,京东大件物流,北京市,北京市,昌平区,,,否,否,	,	,	,否,	,	,	,	,	,	,	,	,	,	,	,	,否,否,	,否,否,,	,否,	,否,,,否
【重磅新品】云米净水器600G小海豚升级版厨下式RO反渗透直饮家用,251122-243783483690036,已发货，待收货,1	,正常,2025-11-22 21:21:26,2025-11-23 21:21:26,,2025-11-23 11:57:13,	,225501370546	,小海豚600G,1813468330532	,厨房电器,净水器/净水设备及配件耗材,净水器,	,6923185653684	,6923185616399	,	,	,无售后或售后取消,,2025-11-22 21:21:26,	,,,,,,,否,否,	,否,	,,559.0	,0.0	,0.0	,0.0	,0.0	,0.0	,0.0	,0.0	,559.0	,559.0	,JDV024207596763,京东大件物流,河北省,沧州市,运河区,,,否,否,	,	,	,否,	,	,	,	,	,	,	,	,	,	,	,	,否,是,	,否,否,,	,否,	,否,,,否
云米即热净水器厨房家用直饮RO反渗透加热净饮一体机1000G,251122-060932759170555,已发货，待收货,1	,正常,2025-11-22 21:21:02,2025-11-23 21:21:02,2025-11-24 23:59:59,2025-11-23 09:31:14,	,846360072018	,即热直饮 1000G大通量,1807240839093	,厨房电器,净水器/净水设备及配件耗材,净水器,	,6923185651116	,6923185651116	,到手价1295=====直播间中奖5元红包,	,无售后或售后取消,,2025-11-22 21:21:02,	,,,,,,,否,否,	,否,	,,1439.0	,0.0	,0.0	,0.0	,0.0	,0.0	,0.0	,0.0	,1439.0	,1439.0	,JDV024209593316,京东大件物流,广东省,东莞市,塘厦镇,,,否,否,	,	,	,否,	,	,	,	,	,	,	,	,	,	,	,	,是,是,	,否,是,3	,商家,否,	,否,,信用卡分期,否
云米净水器滤芯家用小海豚小蓝调小白龙系列专用RO反渗透,251122-354942983811615,已发货，待收货,1	,正常,2025-11-22 21:18:38,2025-11-24 21:18:39,,2025-11-23 11:57:13,	,232467205433	,5in1 复合滤芯,1647394585330	,厨房电器,净水器/净水设备及配件耗材,净水器配件耗材,	,6923185627425	,	,补差后返到手价109,	,无售后或售后取消,,2025-11-22 21:18:39,	,,,,,,,否,否,	,否,	,,149.0	,0.0	,0.0	,7.0	,0.0	,0.0	,0.0	,0.0	,142.0	,149.0	,JDV024206876260,京东大件物流,山东省,济南市,历城区,,,否,否,	,	,	,否,	,	,	,	,	,	,	,	,	,	,	,	,否,否,	,否,否,,	,否,	,否,,,否
云米AI燃气热水器智控恒温防冻节能安全水质净化精准控温13L强排,251122-124319220150210,已发货，待收货,1	,正常,2025-11-22 21:20:23,2025-11-23 21:20:24,,2025-11-23 11:57:13,	,773161065181	,智控恒温燃气热水器,1755671371526	,大家电,热水器,燃气热水器,	,6923185655688	,6923185655688	,补差后返到手价589=18723250448安装 [viomi莉莉sk 11/26 21:53],	,无售后或售后取消,,2025-11-22 21:20:24,	,,,,,,,否,否,	,否,	,,689.0	,0.0	,0.0	,34.45	,0.0	,0.0	,0.0	,0.0	,654.55	,689.0	,JDV024209593513,京东大件物流,重庆市,重庆市,江津区,,,否,否,	,	,	,否,	,	,	,	,	,	,	,	,	,	,	,	,否,否,	,否,否,,	,否,	,否,,,否
【母婴直饮】云米净水器 SE 600G+ 新升级厨下式RO反渗透直饮家用,251122-186111803680500,已发货，待收货,1	,正常,2025-11-22 21:10:39,2025-11-23 21:10:39,2025-11-24 23:59:59,2025-11-23 09:31:14,	,819506595979	,【24年新品】600G升级版6年长效,1787046011387	,厨房电器,净水器/净水设备及配件耗材,净水器,	,6923185653684	,6923185616399	,	,	,无售后或售后取消,,2025-11-22 21:10:39,	,,,,,,,否,否,	,否,	,,748.0	,0.0	,149.6	,0.0	,0.0	,0.0	,0.0	,0.0	,598.4	,598.4	,JDV024209649834,京东大件物流,江苏省,泰州市,高港区,,,否,否,	,	,	,否,	,	,	,	,	,	,	,	,	,	,	,	,否,否,	,否,否,,	,否,	,否,,,否
【重磅新品】云米净水器600G小海豚升级版厨下式RO反渗透直饮家用,251122-422712492383938,已收货,1	,正常,2025-11-22 21:04:51,2025-11-23 21:04:51,,2025-11-23 09:31:54,2025-11-25 23:58:31,225501370546	,小海豚600G,1813468330532	,厨房电器,净水器/净水设备及配件耗材,净水器,	,6923185653684	,6923185616399	,	,	,无售后或售后取消,,2025-11-22 21:04:51,	,,,,,,,否,否,	,否,	,,559.0	,0.0	,0.0	,0.0	,0.0	,0.0	,0.0	,0.0	,559.0	,559.0	,JDV024209635966,京东大件物流,广东省,潮州市,湘桥区,,,否,否,	,	,	,否,	,	,	,	,	,	,	,	,	,	,	,	,否,否,	,否,否,,	,否,	,否,,,否
云米净水器滤芯小海豚2 1000G 专用复合一体芯RO反渗透滤芯过滤,251122-203046316383938,已取消,1	,正常,	,	,,	,	,820799210391	,云米复合一体芯1000G-标准版,1787955186932	,厨房电器,净水器/净水设备及配件耗材,净水器配件耗材,	,6923185654872	,6923185654872	,	,	,无售后或售后取消,,	,	,,,,,,,否,否,	,否,	,,599.0	,0.0	,0.0	,0.0	,0.0	,0.0	,0.0	,0.0	,599.0	,599.0	,	,	,****,****,****,****,,否,否,	,	,	,否,	,	,	,	,	,	,	,	,	,	,	,	,否,否,	,否,	,,	,否,	,否,,,否
【冷热直饮套装】云米净水器家用厨下管线机套装一键即热制冷直饮,251122-030052247872628,已发货，待收货,1	,正常,2025-11-22 21:03:27,2025-11-23 21:03:27,,2025-11-23 09:31:12,	,480070620581	,【冷热净水直饮套装】新品净水器+冷热管线机,1620106386127	,厨房电器,净水器/净水设备及配件耗材,净水器,	,S2407170910001,	,直播间中奖10元红包,	,无售后或售后取消,,2025-11-22 21:03:27,	,,,,,,,否,否,	,否,	,,1434.0	,0.0	,0.0	,100.0	,0.0	,0.0	,0.0	,0.0	,1334.0	,1434.0	,JDV024209635948,京东大件物流,辽宁省,朝阳市,建平县,,,否,否,	,	,	,否,	,	,	,	,	,	,	,	,	,	,	,	,是,是,	,否,否,,	,否,	,否,,,否
【母婴直饮】云米净水器 SE 600G+ 新升级厨下式RO反渗透直饮家用,251122-014313090703044,已取消,1	,正常,	,	,,	,	,819506595979	,【24年新品】600G升级版6年长效,1787046011387	,厨房电器,净水器/净水设备及配件耗材,净水器,	,6923185653684	,6923185616399	,	,	,无售后或售后取消,,	,	,,,,,,,否,否,	,否,	,,748.0	,0.0	,149.6	,0.0	,0.0	,0.0	,0.0	,0.0	,598.4	,598.4	,	,	,****,****,****,****,,否,否,	,	,	,否,	,	,	,	,	,	,	,	,	,	,	,	,否,否,	,否,	,,	,否,	,否,,,否
云米小厨宝6L电热水器厨房卫生间出水恒温储水式小型速热神器加热,251122-512900544842761,未发货，退款成功,1	,审核中，请勿发货,2025-11-22 20:56:22,2025-11-23 20:56:22,,	,	,208073193570	,热水即刻有-【6L】,1801828025682	,大家电,热水器,厨宝,	,6923185611233	,6923185611233	,聚水潭已取消发货 已退款   叶11.23,	,退款成功,,2025-11-22 20:56:22,	,,,,,,,否,否,	,否,	,,279.0	,0.0	,14.0	,26.5	,0.0	,0.0	,0.0	,0.0	,238.5	,265.0	,	,	,福建省,莆田市,仙游县,,,否,否,	,	,	,否,	,	,	,	,	,	,	,	,	,	,	,	,否,否,	,否,	,,	,否,	,否,,,否
【母婴直饮】云米净水器 SE 600G+ 新升级厨下式RO反渗透直饮家用,251122-247568801350910,未发货，退款成功,1	,正常,2025-11-22 20:54:47,2025-11-23 20:54:47,,	,	,819506595979	,【24年新品】600G升级版6年长效,1787046011387	,厨房电器,净水器/净水设备及配件耗材,净水器,	,6923185653684	,6923185616399	,拦截	ZX2511230062460,	,退款成功,,2025-11-22 20:54:47,	,,,,,,,否,否,	,否,	,,748.0	,0.0	,142.12	,37.4	,0.0	,0.0	,0.0	,0.0	,568.48	,605.88	,	,	,广东省,惠州市,惠东县,,,否,否,	,	,	,否,	,	,	,	,	,	,	,	,	,	,	,	,否,否,	,否,否,,	,否,	,否,,,否
云米小厨宝6L电热水器厨房卫生间出水恒温储水式小型速热神器加热,251122-414198034003139,已取消,1	,正常,	,	,,	,	,208073193570	,热水即刻有-【6L】,1801828025682	,大家电,热水器,厨宝,	,6923185611233	,6923185611233	,	,	,无售后或售后取消,,	,	,,,,,,,否,否,	,否,	,,279.0	,0.0	,14.0	,21.2	,0.0	,0.0	,0.0	,0.0	,243.8	,265.0	,	,	,****,****,****,****,,否,否,	,	,	,否,	,	,	,	,	,	,	,	,	,	,	,	,否,否,	,否,	,,	,否,	,否,,,否
【重磅新品】云米净水器600G小海豚升级版厨下式RO反渗透直饮家用,251122-073106778472780,已收货,1	,正常,2025-11-22 20:46:24,2025-11-23 20:46:25,2025-11-24 23:59:59,2025-11-23 09:31:54,2025-11-25 15:36:36,225501370546	,小海豚600G,1813468330532	,厨房电器,净水器/净水设备及配件耗材,净水器,	,6923185653684	,6923185616399	,	,	,无售后或售后取消,,2025-11-22 20:46:25,	,,,,,,,否,否,	,否,	,,559.0	,0.0	,0.0	,10.0	,0.0	,0.0	,0.0	,0.0	,549.0	,559.0	,JDV024209613710,京东大件物流,安徽省,芜湖市,无为市,,,否,否,	,	,	,否,	,	,	,	,	,	,	,	,	,	,	,	,否,否,	,否,是,3	,商家,否,	,否,,花呗分期,否
云米智能AI门锁3D指纹密码蓝牙可连大容量续航家用公寓自动安全,251122-163850566063644,已发货，待收货,1	,正常,2025-11-22 20:46:06,2025-11-23 20:46:06,,2025-11-23 09:31:13,	,743885774552	,"云米蓝调指纹密码锁LBT11C,黑色",1734954999916	,基础建材,智能门锁/电子锁,智能门锁/电子锁,	,6923185655381	,6923185655381	,	,	,无售后或售后取消,,2025-11-22 20:46:06,	,,,,,,,否,否,	,否,	,,661.0	,0.0	,40.0	,0.0	,0.0	,0.0	,0.0	,0.0	,621.0	,621.0	,JDV024209593252,京东大件物流,广西壮族自治区,南宁市,青秀区,,,否,否,	,	,	,否,	,	,	,	,	,	,	,	,	,	,	,	,否,是,	,否,否,,	,否,	,否,,,否
云米智能AI门锁3D指纹密码蓝牙可连大容量续航家用公寓自动安全,251122-066951627183644,已取消,1	,正常,	,	,,	,	,743885774552	,"云米蓝调指纹密码锁LBT11C,黑色",1734954999916	,基础建材,智能门锁/电子锁,智能门锁/电子锁,	,6923185655381	,6923185655381	,	,	,无售后或售后取消,,	,	,,,,,,,否,否,	,否,	,,661.0	,0.0	,40.0	,0.0	,0.0	,0.0	,0.0	,0.0	,621.0	,621.0	,	,	,****,****,****,****,,否,否,	,	,	,否,	,	,	,	,	,	,	,	,	,	,	,	,否,否,	,否,	,,	,否,	,否,,,否
【重磅新品】云米净水器600G小海豚升级版厨下式RO反渗透直饮家用,251122-248848126312780,未发货，退款成功,1	,正常,2025-11-22 20:44:25,2025-11-23 20:44:26,2025-11-24 23:59:59,	,	,225501370546	,小海豚600G,1813468330532	,厨房电器,净水器/净水设备及配件耗材,净水器,	,6923185653684	,6923185616399	,聚水潭已取消发货 已退款   叶11.23,	,退款成功,,2025-11-22 20:44:26,	,,,,,,,否,否,	,否,	,,559.0	,0.0	,0.0	,3.0	,0.0	,0.0	,0.0	,0.0	,556.0	,559.0	,	,	,安徽省,芜湖市,无为市,,,否,否,	,	,	,否,	,	,	,	,	,	,	,	,	,	,	,	,否,否,	,否,否,,	,否,	,否,,,否
云米净水器滤芯小蓝调小海豚600G+专用复合滤芯RO反渗透滤芯过滤,251122-052229608961575,已发货，待收货,1	,正常,2025-11-22 20:40:28,2025-11-27 20:40:28,,2025-11-27 19:41:25,	,296967601341	,5in1复合滤芯 2年长效,1600193054565	,厨房电器,净水器/净水设备及配件耗材,净水器配件耗材,	,6923185627425	,	,补差后返到手价99  ZX2511270061303,	,无售后或售后取消,,2025-11-22 20:40:28,	,,,,,,,否,否,	,否,	,,299.0	,0.0	,0.0	,12.0	,0.0	,0.0	,0.0	,0.0	,287.0	,299.0	,JDV024283905253,京东大件物流,四川省,成都市,温江区,,,否,否,	,	,	,否,	,	,	,	,	,	,	,	,	,	,	,	,否,否,	,否,否,,	,否,	,否,,,否
VIOMI云米净水器1000G厨下直饮小体积净水机RO机智显龙头3秒满杯,251122-384628222393921,已取消,1	,正常,	,	,,	,	,842195971715	,1000G大通量RO净水器,1803617356458	,厨房电器,净水器/净水设备及配件耗材,净水器,	,6923185654247	,	,	,	,无售后或售后取消,,	,	,,,,,,,否,否,	,否,	,,823.0	,0.0	,50.0	,0.0	,0.0	,0.0	,0.0	,0.0	,773.0	,773.0	,	,	,****,****,****,****,,否,否,	,	,	,否,	,	,	,	,	,	,	,	,	,	,	,	,否,否,	,否,	,,	,否,	,否,,,否
【重磅新品】云米净水器600G小海豚升级版厨下式RO反渗透直饮家用,251122-349773534721575,已发货，待收货,1	,正常,2025-11-22 20:39:52,2025-11-27 20:39:53,,2025-11-27 09:38:02,	,225501370546	,小海豚600G,1813468330532	,厨房电器,净水器/净水设备及配件耗材,净水器,	,6923185653684	,6923185616399	,	,	,无售后或售后取消,,2025-11-22 20:39:53,	,,,,,,,否,否,	,否,	,,559.0	,0.0	,0.0	,3.0	,0.0	,0.0	,0.0	,0.0	,556.0	,559.0	,JDV024282439494,京东大件物流,四川省,成都市,温江区,,,否,否,	,	,	,否,	,	,	,	,	,	,	,	,	,	,	,	,否,否,	,否,否,,	,否,	,否,,,否
【重磅新品】云米净水器600G小海豚升级版厨下式RO反渗透直饮家用,251122-612305477241800,已发货，待收货,1	,正常,2025-11-22 20:38:52,2025-11-23 20:38:52,,2025-11-23 09:31:13,	,852161740747	,小海豚600G+6年滤芯套装,1812658223669	,厨房电器,净水器/净水设备及配件耗材,净水器,	,S2508151538001,	,	,	,无售后或售后取消,,2025-11-22 20:38:52,	,,,,,,,否,否,	,否,	,,764.9	,0.0	,0.0	,100.0	,0.0	,0.0	,0.0	,0.0	,664.9	,764.9	,JDV024209613763,京东大件物流,江苏省,南通市,崇川区,,,否,否,	,	,	,否,	,	,	,	,	,	,	,	,	,	,	,	,否,否,	,否,否,,	,否,	,否,,,否
【冷热直饮套装】云米净水器家用厨下管线机套装一键即热制冷直饮,251122-349574316403662,已发货，待收货,1	,正常,2025-11-22 20:38:09,2025-11-23 20:38:10,,2025-11-23 09:31:13,	,480070620581	,【冷热净水直饮套装】新品净水器+冷热管线机,1620106386127	,厨房电器,净水器/净水设备及配件耗材,净水器,	,S2407170910001,	,	,	,无售后或售后取消,,2025-11-22 20:38:10,	,,,,,,,否,否,	,否,	,,1434.0	,0.0	,0.0	,0.0	,7.17	,0.0	,0.0	,0.0	,1434.0	,1434.0	,JDV024209574190,京东大件物流,山东省,威海市,荣成市,,,否,否,	,	,	,否,	,	,	,	,	,	,	,	,	,	,	,	,否,否,	,否,否,,	,否,	,否,,,否
【重磅新品】云米净水器600G小海豚升级版厨下式RO反渗透直饮家用,251122-283744745912629,已发货，退款成功,1	,正常,2025-11-22 20:38:54,2025-11-23 20:38:54,,2025-11-23 09:31:54,	,225501370546	,小海豚600G,1813468330532	,厨房电器,净水器/净水设备及配件耗材,净水器,	,6923185653684	,6923185616399	,TH2C483441465  DPK202648399467 待退回佛山11.28==仓库已签收入库，操作退款 叶11.28,	,退款成功,,2025-11-22 20:38:54,	,,,,,,,否,否,	,否,	,,559.0	,0.0	,0.0	,100.0	,0.0	,0.0	,0.0	,0.0	,459.0	,559.0	,JDV024209649916,京东大件物流,四川省,成都市,双流区,,,否,否,	,	,	,否,	,	,	,	,	,	,	,	,	,	,	,	,否,否,	,否,否,,	,否,	,否,,,否
【冷热直饮套装】云米净水器家用厨下管线机套装一键即热制冷直饮,251122-098733975923662,已取消,1	,正常,	,	,,	,	,480070620581	,【冷热净水直饮套装】新品净水器+冷热管线机,1620106386127	,厨房电器,净水器/净水设备及配件耗材,净水器,	,S2407170910001,	,	,	,无售后或售后取消,,	,	,,,,,,,否,否,	,否,	,,1434.0	,0.0	,0.0	,0.0	,0.0	,0.0	,0.0	,0.0	,1434.0	,1434.0	,	,	,****,****,****,****,,否,否,	,	,	,否,	,	,	,	,	,	,	,	,	,	,	,	,否,否,	,否,	,,	,否,	,否,,,否
【重磅新品】云米净水器600G小海豚升级版厨下式RO反渗透直饮家用,251122-222560315763662,已取消,1	,正常,	,	,,	,	,225501370546	,小海豚600G,1813468330532	,厨房电器,净水器/净水设备及配件耗材,净水器,	,6923185653684	,6923185616399	,	,	,无售后或售后取消,,	,	,,,,,,,否,否,	,否,	,,559.0	,0.0	,0.0	,0.0	,0.0	,0.0	,0.0	,0.0	,559.0	,559.0	,	,	,****,****,****,****,,否,否,	,	,	,否,	,	,	,	,	,	,	,	,	,	,	,	,否,否,	,否,	,,	,否,	,否,,,否
云米净水器滤芯小蓝调小海豚600G+专用复合滤芯RO反渗透滤芯过滤,251122-283566425620277,已发货，待收货,1	,正常,2025-11-22 20:22:49,2025-11-23 20:22:50,,2025-11-23 11:57:14,	,296967601341	,5in1复合滤芯 2年长效,1600193054565	,厨房电器,净水器/净水设备及配件耗材,净水器配件耗材,	,6923185627425	,	,补差后返 到手价118元,	,无售后或售后取消,,2025-11-22 20:22:50,	,,,,,,,否,否,	,否,	,,299.0	,0.0	,0.0	,0.0	,0.2	,0.0	,0.0	,0.0	,299.0	,299.0	,JDV024206360023,京东大件物流,河南省,商丘市,宁陵县,,,否,否,	,	,	,否,	,	,	,	,	,	,	,	,	,	,	,	,否,否,	,否,否,,	,否,	,否,,,否
云米智能双胆电热水器扁桶家用速热储水式60L超薄抑菌节能大水量,251122-506682489190722,已发货，退款成功,1	,正常,2025-11-22 20:13:25,2025-11-23 20:13:25,,2025-11-23 11:57:14,	,290130975552	,"纤薄安全节能60L,双胆扁桶",1756848157332	,大家电,热水器,电热水器,	,6923185610410	,6923185610410	,13950134490安装 [viomi诺诺sk 11/25 15:26]TH2C183363512    SF3272453245817 待退回佛山11.27==仓库已签收入库，操作退款 叶11.27,	,退款成功,,2025-11-22 20:13:25,	,,,,,,,否,否,	,否,	,,797.0	,0.0	,0.0	,0.0	,0.0	,0.0	,0.0	,0.0	,797.0	,797.0	,JDV024209593119,京东大件物流,福建省,厦门市,翔安区,,,否,否,	,	,	,否,	,	,	,	,	,	,	,	,	,	,	,	,否,否,	,否,否,,	,否,	,否,,,否
VIOMI云米净水器大通量小海豚800G反渗透RO厨下式家用长效滤芯,251122-109010010471665,已取消,1	,正常,	,	,,	,	,837957770723	,800G大通量纯水机,1809123722986	,厨房电器,净水器/净水设备及配件耗材,净水器,	,6923185653974	,	,	,	,无售后或售后取消,,	,	,,,,,,,否,否,	,否,	,,749.0	,0.0	,0.0	,20.0	,0.0	,0.0	,0.0	,0.0	,729.0	,749.0	,	,	,****,****,****,****,,否,否,	,	,	,否,	,	,	,	,	,	,	,	,	,	,	,	,否,否,	,否,	,,	,否,	,否,,,否
云米净水器滤芯家用小海豚小蓝调小白龙系列专用RO反渗透,251122-588639179060811,已发货，待收货,1	,正常,2025-11-22 20:01:49,2025-11-24 20:01:49,,2025-11-23 09:31:14,	,232467205433	,5in1 复合滤芯,1647394585330	,厨房电器,净水器/净水设备及配件耗材,净水器配件耗材,	,6923185627425	,	,补差后返 到手价109,	,无售后或售后取消,,2025-11-22 20:01:49,	,,,,,,,否,否,	,否,	,,149.0	,0.0	,0.0	,0.0	,0.0	,0.0	,0.0	,0.0	,149.0	,149.0	,JDV024210141381,京东大件物流,江西省,吉安市,吉州区,,,否,否,	,	,	,否,	,	,	,	,	,	,	,	,	,	,	,	,否,否,	,否,否,,	,否,	,否,,,否
【重磅新品】云米净水器600G小海豚升级版厨下式RO反渗透直饮家用,251122-104983457373728,已发货，待收货,1	,正常,2025-11-22 19:56:09,2025-11-23 19:56:09,,2025-11-23 09:31:54,	,225501370546	,小海豚600G,1813468330532	,厨房电器,净水器/净水设备及配件耗材,净水器,	,6923185653684	,6923185616399	,	,	,无售后或售后取消,,2025-11-22 19:56:09,	,,,,,,,否,否,	,否,	,,559.0	,0.0	,0.0	,0.0	,0.0	,0.0	,0.0	,0.0	,559.0	,559.0	,JDV024209613755,京东大件物流,广东省,广州市,海珠区,,,否,否,	,	,	,否,	,	,	,	,	,	,	,	,	,	,	,	,否,否,	,否,否,,	,否,	,否,,,否
【6年套装】云米净水器600G小海豚升级版厨下式RO反渗透直饮家用,251122-630634616403260,未发货，退款成功,1	,正常,2025-11-22 19:53:18,2025-11-23 19:53:18,,	,	,852932116812	,小海豚600G+6年滤芯套装,1812983769340	,厨房电器,净水器/净水设备及配件耗材,净水器,	,S2508151538001,	,聚水潭已取消发货 已退款   叶11.23,	,退款成功,,2025-11-22 19:53:18,	,,,,,,,否,否,	,否,	,,764.28	,0.0	,0.0	,76.42	,0.0	,0.0	,0.0	,0.0	,687.86	,764.28	,	,	,江苏省,苏州市,太仓市,,,否,否,	,	,	,否,	,	,	,	,	,	,	,	,	,	,	,	,否,否,	,否,否,,	,否,	,否,,,否
【重磅新品】云米净水器600G小海豚升级版厨下式RO反渗透直饮家用,251122-062201546333728,未发货，退款成功,1	,正常,2025-11-22 19:53:02,2025-11-23 19:53:02,,	,	,225501370546	,小海豚600G,1813468330532	,厨房电器,净水器/净水设备及配件耗材,净水器,	,6923185653684	,6923185616399	,聚水潭已取消发货 已退款   叶11.23,	,退款成功,,2025-11-22 19:53:02,	,,,,,,,否,否,	,否,	,,559.0	,0.0	,0.0	,0.0	,0.0	,0.0	,0.0	,0.0	,559.0	,559.0	,	,	,广东省,佛山市,顺德区,,,否,否,	,	,	,否,	,	,	,	,	,	,	,	,	,	,	,	,否,否,	,否,否,,	,否,	,否,,,否
【重磅新品】云米净水器600G小海豚升级版厨下式RO反渗透直饮家用,251122-120775053752629,已取消,1	,正常,	,	,,	,	,225501370546	,小海豚600G,1813468330532	,厨房电器,净水器/净水设备及配件耗材,净水器,	,6923185653684	,6923185616399	,	,	,无售后或售后取消,,	,	,,,,,,,否,否,	,否,	,,559.0	,0.0	,0.0	,100.0	,0.0	,0.0	,0.0	,0.0	,459.0	,559.0	,	,	,****,****,****,****,,否,否,	,	,	,否,	,	,	,	,	,	,	,	,	,	,	,	,否,否,	,否,	,,	,否,	,否,,,否
云米小厨宝6L电热水器厨房卫生间出水恒温储水式小型速热神器加热,251122-042110850650801,已收货,1	,正常,2025-11-22 19:42:36,2025-11-23 19:42:37,,2025-11-23 09:31:13,2025-11-24 12:29:41,208073193570	,热水即刻有-【6L】,1801828025682	,大家电,热水器,厨宝,	,6923185611233	,6923185611233	,	,	,无售后或售后取消,,2025-11-22 19:42:37,	,,,,,,,否,否,	,否,	,,279.0	,0.0	,14.0	,18.0	,0.2	,0.0	,0.0	,0.0	,247.0	,265.0	,JDV024210141480,京东大件物流,江苏省,徐州市,铜山区,,,否,否,	,	,	,否,	,	,	,	,	,	,	,	,	,	,	,	,否,是,	,否,否,,	,否,	,否,,,否
云米60升AI速热高温抑菌电热水器3000W一级节能变频增容家用租房,251122-385341201930305,已收货,1	,正常,2025-11-22 19:46:41,2025-11-23 19:46:41,,2025-11-23 11:57:14,2025-11-27 20:03:00,226368376224	,3000W速热安全60L热水器,1737176648260	,大家电,热水器,电热水器,	,6923185602224	,6923185602224	,	,	,无售后或售后取消,,2025-11-22 19:46:41,	,,,,,,,否,否,	,否,	,,654.0	,0.0	,0.0	,0.0	,0.0	,0.0	,0.0	,0.0	,654.0	,654.0	,JDV024209649547,京东大件物流,贵州省,六盘水市,六枝特区,,,否,否,	,	,	,否,	,	,	,	,	,	,	,	,	,	,	,	,否,否,	,否,是,3	,商家,否,	,否,,信用卡分期,否
VIOMI云米净水器大通量小海豚800G反渗透RO厨下式家用长效滤芯,251122-445162483202768,已发货，待收货,1	,正常,2025-11-22 19:41:40,2025-11-23 19:41:40,,2025-11-23 09:31:14,	,837957770723	,800G大通量纯水机,1809123722986	,厨房电器,净水器/净水设备及配件耗材,净水器,	,6923185653974	,	,	,	,无售后或售后取消,,2025-11-22 19:41:40,	,,,,,,,否,否,	,否,	,,749.0	,0.0	,0.0	,0.0	,0.0	,0.0	,0.0	,0.0	,749.0	,749.0	,JDV024209629782,京东大件物流,河北省,张家口市,蔚县,,,否,否,	,	,	,否,	,	,	,	,	,	,	,	,	,	,	,	,否,否,	,否,否,,	,否,	,否,,,否
【重磅新品】云米净水器600G小海豚升级版厨下式RO反渗透直饮家用,251122-644685504070499,已发货，待收货,1	,正常,2025-11-22 19:40:57,2025-11-23 19:40:57,,2025-11-23 09:31:55,	,225501370546	,小海豚600G,1813468330532	,厨房电器,净水器/净水设备及配件耗材,净水器,	,6923185653684	,6923185616399	,17628045035安装 [viomi诺诺sk 11/25 15:20],	,无售后或售后取消,,2025-11-22 19:40:57,	,,,,,,,否,否,	,否,	,,559.0	,0.0	,0.0	,0.0	,0.2	,0.0	,0.0	,0.0	,559.0	,559.0	,JDV024209574137,京东大件物流,四川省,成都市,双流区,,,否,否,	,	,	,否,	,	,	,	,	,	,	,	,	,	,	,	,否,否,	,否,否,,	,否,	,否,,,否
【重磅新品】云米净水器600G小海豚升级版厨下式RO反渗透直饮家用,251122-675587049080719,已发货，待收货,1	,正常,2025-11-22 19:39:01,2025-11-23 19:39:01,,2025-11-23 11:57:13,	,225501370546	,小海豚600G,1813468330532	,厨房电器,净水器/净水设备及配件耗材,净水器,	,6923185653684	,6923185616399	,	,	,无售后或售后取消,,2025-11-22 19:39:01,	,,,,,,,否,否,	,否,	,,559.0	,0.0	,0.0	,33.54	,0.0	,0.0	,0.0	,0.0	,525.46	,559.0	,JDV024206426585,京东大件物流,山东省,日照市,东港区,,,否,否,	,	,	,否,	,	,	,	,	,	,	,	,	,	,	,	,否,否,	,否,否,,	,否,	,否,,,否
【重磅新品】云米净水器600G小海豚升级版厨下式RO反渗透直饮家用,251122-187296663110499,已取消,1	,正常,	,	,,	,	,225501370546	,小海豚600G,1813468330532	,厨房电器,净水器/净水设备及配件耗材,净水器,	,6923185653684	,6923185616399	,	,	,无售后或售后取消,,	,	,,,,,,,否,否,	,否,	,,559.0	,0.0	,0.0	,0.0	,0.0	,0.0	,0.0	,0.0	,559.0	,559.0	,	,	,****,****,****,****,,否,否,	,	,	,否,	,	,	,	,	,	,	,	,	,	,	,	,否,否,	,否,	,,	,否,	,否,,,否
云米顶侧大吸力蓝调油烟机家用厨房节能自清洁一级能效可挥手智控,251122-126290553152545,已取消,1	,正常,	,	,,	,	,657344402006	,云米智清洁挥手智控单烟机,1723825075586	,大家电,厨房大电,油烟机,	,6923185650973	,6923185650973	,	,	,无售后或售后取消,,	,	,,,,,,,否,否,	,否,	,,838.0	,0.0	,42.0	,79.6	,0.0	,0.0	,0.0	,0.0	,716.4	,796.0	,	,	,****,****,****,****,,否,否,	,	,	,否,	,	,	,	,	,	,	,	,	,	,	,	,否,否,	,否,	,,	,否,	,否,,,否
【重磅新品】云米净水器600G小海豚升级版厨下式RO反渗透直饮家用,251122-082774607430499,未发货，退款成功,1	,正常,2025-11-22 19:36:21,2025-11-23 19:36:21,,	,	,225501370546	,小海豚600G,1813468330532	,厨房电器,净水器/净水设备及配件耗材,净水器,	,6923185653684	,6923185616399	,聚水潭已取消发货 已退款   叶11.23,	,退款成功,,2025-11-22 19:36:21,	,,,,,,,否,否,	,否,	,,559.0	,0.0	,0.0	,0.0	,0.2	,0.0	,0.0	,0.0	,559.0	,559.0	,	,	,四川省,成都市,双流区,,,否,否,	,	,	,否,	,	,	,	,	,	,	,	,	,	,	,	,否,否,	,否,否,,	,否,	,否,,,否
【重磅新品】云米净水器600G小海豚升级版厨下式RO反渗透直饮家用,251122-098188674630499,未发货，退款成功,2	,正常,2025-11-22 19:31:22,2025-11-23 19:31:22,,	,	,225501370546	,小海豚600G,1813468330532	,厨房电器,净水器/净水设备及配件耗材,净水器,	,6923185653684	,6923185616399	,聚水潭已取消发货 已退款   叶11.23,	,退款成功,,2025-11-22 19:31:22,	,,,,,,,否,否,	,否,	,,1118.0	,0.0	,11.18	,0.0	,10.0	,0.0	,0.0	,0.0	,1106.82	,1106.82	,	,	,四川省,成都市,双流区,,,否,否,	,	,	,否,	,	,	,	,	,	,	,	,	,	,	,	,否,否,	,否,否,,	,否,	,否,,,否
【重磅新品】云米净水器600G小海豚升级版厨下式RO反渗透直饮家用,251122-347550564663574,已发货，退款成功,1	,正常,2025-11-22 19:24:14,2025-11-23 19:24:14,,2025-11-23 11:57:13,	,225501370546	,小海豚600G,1813468330532	,厨房电器,净水器/净水设备及配件耗材,净水器,	,6923185653684	,6923185616399	,TH2C833697112   SF3263090754061 待退回佛山11.27==仓库已签收入库，操作退款 叶11.27,	,退款成功,,2025-11-22 19:24:14,	,,,,,,,否,否,	,否,	,,559.0	,0.0	,0.0	,1.0	,0.0	,0.0	,0.0	,0.0	,558.0	,559.0	,JDV024206441256,京东大件物流,天津市,天津市,蓟州区,,,否,否,	,	,	,否,	,	,	,	,	,	,	,	,	,	,	,	,否,否,	,否,否,,	,否,	,否,,,否
【重磅新品】云米净水器600G小海豚升级版厨下式RO反渗透直饮家用,251122-390657554763671,已发货，待收货,1	,正常,2025-11-22 19:21:54,2025-11-23 19:21:54,,2025-11-23 09:31:13,	,852161740747	,小海豚600G+6年滤芯套装,1812658223669	,厨房电器,净水器/净水设备及配件耗材,净水器,	,S2508151538001,	,	,	,无售后或售后取消,,2025-11-22 19:21:54,	,,,,,,,否,否,	,否,	,,764.9	,0.0	,0.0	,100.0	,1.32	,0.0	,0.0	,0.0	,664.9	,764.9	,JDV024209584513,京东大件物流,江苏省,无锡市,新吴区,,,否,否,	,	,	,否,	,	,	,	,	,	,	,	,	,	,	,	,否,否,	,否,否,,	,否,	,否,,,否
云米净水器滤芯家用小海豚小蓝调小白龙系列专用RO反渗透,251122-674874007092031,已发货，待收货,1	,正常,2025-11-22 19:21:07,2025-11-24 19:21:07,,2025-11-23 09:31:14,	,232467205433	,5in1 复合滤芯,1647394585330	,厨房电器,净水器/净水设备及配件耗材,净水器配件耗材,	,6923185627425	,	,补差后返 到手价109,	,无售后或售后取消,,2025-11-22 19:21:07,	,,,,,,,否,否,	,否,	,,149.0	,0.0	,0.0	,0.0	,0.0	,0.0	,0.0	,0.0	,149.0	,149.0	,JDV024209584288,京东大件物流,广西壮族自治区,钦州市,浦北县,,,否,否,	,	,	,否,	,	,	,	,	,	,	,	,	,	,	,	,否,否,	,否,否,,	,否,	,否,,,否
【重磅新品】云米净水器600G小海豚升级版厨下式RO反渗透直饮家用,251122-427829511832735,已发货，待收货,1	,正常,2025-11-22 19:16:15,2025-11-23 19:16:16,,2025-11-23 09:31:55,	,225501370546	,小海豚600G,1813468330532	,厨房电器,净水器/净水设备及配件耗材,净水器,	,6923185653684	,6923185616399	,	,	,无售后或售后取消,,2025-11-22 19:16:16,	,,,,,,,否,否,	,否,	,,559.0	,0.0	,0.0	,33.54	,0.0	,0.0	,0.0	,0.0	,525.46	,559.0	,JDV024209584505,京东大件物流,福建省,莆田市,仙游县,,,否,否,	,	,	,否,	,	,	,	,	,	,	,	,	,	,	,	,否,否,	,否,否,,	,否,	,否,,,否
【6年套装】云米净水器600G小海豚升级版厨下式RO反渗透直饮家用,251122-052481267242963,已收货,1	,正常,2025-11-22 19:02:40,2025-11-23 19:02:40,,2025-11-23 09:31:13,2025-11-27 13:06:47,852932116812	,小海豚600G+6年滤芯套装,1812983769340	,厨房电器,净水器/净水设备及配件耗材,净水器,	,S2508151538001,	,	,	,无售后或售后取消,,2025-11-22 19:02:40,	,,,,,,,否,否,	,否,	,,764.28	,0.0	,0.0	,100.0	,0.0	,0.0	,0.0	,0.0	,664.28	,764.28	,JDV024209629998,京东大件物流,重庆市,重庆市,渝中区,,,否,否,	,	,	,否,	,	,	,	,	,	,	,	,	,	,	,	,否,否,	,否,否,,	,否,	,否,,,否
云米60升AI速热高温抑菌电热水器3000W一级节能变频增容家用租房,251122-659093010742931,未发货，退款成功,1	,正常,2025-11-22 18:53:58,2025-11-23 18:53:58,,	,	,226368376224	,3000W速热安全60L热水器,1737176648260	,大家电,热水器,电热水器,	,6923185602224	,6923185602224	,聚水潭已取消发货 已退款   叶11.23,	,退款成功,,2025-11-22 18:53:58,	,,,,,,,否,否,	,否,	,,654.0	,0.0	,0.0	,0.0	,0.0	,0.0	,0.0	,0.0	,654.0	,654.0	,	,	,宁夏回族自治区,吴忠市,利通区,,,否,否,	,	,	,否,	,	,	,	,	,	,	,	,	,	,	,	,否,否,	,否,否,,	,否,	,否,,,否
云米16即热零冷水燃气热水器智能低水压双调恒温防冻安全保护速热,251122-146328809102912,未发货，退款成功,1	,正常,2025-11-22 18:29:37,2025-11-23 18:29:37,,	,	,216845252864	,云米即开即热16L零冷水热水器,1731415907130	,大家电,热水器,燃气热水器,	,6923185611226	,6923185611226	,聚水潭已取消发货 已退款   叶11.23,	,退款成功,,2025-11-22 18:29:37,	,,,,,,,否,否,	,否,	,,898.0	,0.0	,0.0	,0.0	,0.0	,0.0	,0.0	,0.0	,898.0	,898.0	,	,	,甘肃省,天水市,秦州区,,,否,否,	,	,	,否,	,	,	,	,	,	,	,	,	,	,	,	,否,否,	,否,否,,	,否,	,否,,,否
【重磅新品】云米净水器600G小海豚升级版厨下式RO反渗透直饮家用,251122-203046306162916,已收货,1	,正常,2025-11-22 18:07:28,2025-11-23 18:07:29,,2025-11-23 11:57:14,2025-11-29 09:42:49,225501370546	,小海豚600G,1813468330532	,厨房电器,净水器/净水设备及配件耗材,净水器,	,6923185653684	,6923185616399	,13834910609安装 [viomi莉莉sk 11/25 10:23],	,无售后或售后取消,,2025-11-22 18:07:29,	,,,,,,,否,否,	,否,	,,559.0	,0.0	,0.0	,0.0	,1.11	,0.0	,0.0	,0.0	,559.0	,559.0	,JDV024205704435,京东大件物流,山西省,晋城市,城区,,,否,否,	,	,	,否,	,	,	,	,	,	,	,	,	,	,	,	,否,否,	,否,否,,	,否,	,否,,,否
云米智能AI门锁3D指纹密码蓝牙可连大容量续航家用公寓自动安全,251122-511453509952095,已发货，待收货,1	,正常,2025-11-22 17:54:50,2025-11-23 17:54:50,,2025-11-23 09:31:14,	,743885774552	,"云米蓝调指纹密码锁LBT11C,黑色",1734954999916	,基础建材,智能门锁/电子锁,智能门锁/电子锁,	,6923185655381	,6923185655381	,	,	,无售后或售后取消,,2025-11-22 17:54:50,	,,,,,,,否,否,	,否,	,,661.0	,0.0	,40.0	,50.0	,0.2	,0.0	,0.0	,0.0	,571.0	,621.0	,JDV024209629899,京东大件物流,湖南省,岳阳市,岳阳县,,,否,否,	,	,	,否,	,	,	,	,	,	,	,	,	,	,	,	,否,否,	,否,否,,	,否,	,否,,,否
VIOMI云米净水器1000G厨下直饮小体积净水机RO机智显龙头3秒满杯,251122-541201580440071,已收货,1	,正常,2025-11-22 17:51:44,2025-11-23 17:51:44,,2025-11-23 09:31:56,2025-11-28 15:30:26,842195971715	,1000G大通量RO净水器,1803617356458	,厨房电器,净水器/净水设备及配件耗材,净水器,	,6923185654247	,	,18105952618安装 [viomi慧慧sk 11/25 22:16]=超 [viomi慧慧sk 11/27 21:03],	,无售后或售后取消,,2025-11-22 17:51:44,	,,,,,,,否,否,	,否,	,,823.0	,0.0	,50.0	,0.0	,0.0	,0.0	,0.0	,0.0	,773.0	,773.0	,JDV024209584055,京东大件物流,福建省,泉州市,洛江区,,,否,否,	,	,	,否,	,	,	,	,	,	,	,	,	,	,	,	,否,是,	,否,否,,	,否,	,否,,,否
【重磅新品】云米净水器600G小海豚升级版厨下式RO反渗透直饮家用,251122-431824648573081,未发货，退款成功,1	,正常,2025-11-22 17:42:05,2025-11-23 17:42:05,,	,	,852161740747	,小海豚600G+6年滤芯套装,1812658223669	,厨房电器,净水器/净水设备及配件耗材,净水器,	,S2508151538001,	,赠送检测笔==聚水潭已取消发货 已退款   叶11.23,	,退款成功,,2025-11-22 17:42:05,	,,,,,,,否,否,	,否,	,,764.9	,0.0	,0.0	,50.0	,1.42	,0.0	,0.0	,0.0	,714.9	,764.9	,	,	,天津市,天津市,红桥区,,,否,否,	,	,	,否,	,	,	,	,	,	,	,	,	,	,	,	,否,是,	,否,否,,	,否,	,否,,,否
【重磅新品】云米净水器600G小海豚升级版厨下式RO反渗透直饮家用,251122-157674411630668,已发货，待收货,1	,正常,2025-11-22 17:33:01,2025-11-23 17:33:01,,2025-11-23 11:57:14,	,225501370546	,小海豚600G,1813468330532	,厨房电器,净水器/净水设备及配件耗材,净水器,	,6923185653684	,6923185616399	,	,	,无售后或售后取消,,2025-11-22 17:33:01,	,,,,,,,否,否,	,否,	,,559.0	,0.0	,0.0	,0.0	,0.0	,0.0	,0.0	,0.0	,559.0	,559.0	,JDV024205729706,京东大件物流,河北省,廊坊市,广阳区,,,否,否,	,	,	,否,	,	,	,	,	,	,	,	,	,	,	,	,否,否,	,否,否,,	,否,	,否,,,否
【重磅新品】云米净水器600G小海豚升级版厨下式RO反渗透直饮家用,251122-204535314850271,未发货，退款成功,1	,正常,2025-11-22 17:30:05,2025-11-23 17:30:05,,	,	,225501370546	,小海豚600G,1813468330532	,厨房电器,净水器/净水设备及配件耗材,净水器,	,6923185653684	,6923185616399	,拦截	ZX2511230062460,	,退款成功,,2025-11-22 17:30:05,	,,,,,,,否,否,	,否,	,,559.0	,0.0	,0.0	,50.0	,0.0	,0.0	,0.0	,0.0	,509.0	,559.0	,	,	,山东省,烟台市,福山区,,,否,否,	,	,	,否,	,	,	,	,	,	,	,	,	,	,	,	,否,是,	,否,是,3	,商家,否,	,否,,信用卡分期,否
【重磅新品】云米净水器600G小海豚升级版厨下式RO反渗透直饮家用,251122-552914184630705,已发货，待收货,1	,正常,2025-11-22 17:30:11,2025-11-23 17:30:11,,2025-11-23 09:31:56,	,225501370546	,小海豚600G,1813468330532	,厨房电器,净水器/净水设备及配件耗材,净水器,	,6923185653684	,6923185616399	,	,	,无售后或售后取消,,2025-11-22 17:30:11,	,,,,,,,否,否,	,否,	,,559.0	,0.0	,0.0	,3.0	,0.0	,0.0	,0.0	,0.0	,556.0	,559.0	,JDV024209573668,京东大件物流,湖北省,十堰市,房县,,,否,否,	,	,	,否,	,	,	,	,	,	,	,	,	,	,	,	,否,否,	,否,否,,	,否,	,否,,,否
【重磅新品】云米净水器600G小海豚升级版厨下式RO反渗透直饮家用,251122-191774082611861,已发货，待收货,1	,正常,2025-11-22 17:26:47,2025-11-23 17:26:47,,2025-11-23 09:31:56,	,225501370546	,小海豚600G,1813468330532	,厨房电器,净水器/净水设备及配件耗材,净水器,	,6923185653684	,6923185616399	,18318368812安装 [viomi慧慧sk 11/24 11:45],	,无售后或售后取消,,2025-11-22 17:26:47,	,,,,,,,否,否,	,否,	,,559.0	,0.0	,0.0	,0.0	,0.0	,0.0	,0.0	,0.0	,559.0	,559.0	,JDV024209612829,京东大件物流,广东省,惠州市,惠城区,,,否,否,	,	,	,否,	,	,	,	,	,	,	,	,	,	,	,	,否,否,	,否,否,,	,否,	,否,,,否
【6年套装】云米净水器600G小海豚升级版厨下式RO反渗透直饮家用,251122-470915561823071,已发货，待收货,1	,正常,2025-11-22 17:17:46,2025-11-23 17:17:46,,2025-11-23 09:31:15,	,852932116812	,小海豚600G+6年滤芯套装,1812983769340	,厨房电器,净水器/净水设备及配件耗材,净水器,	,S2508151538001,	,	,	,无售后或售后取消,,2025-11-22 17:17:46,	,,,,,,,否,否,	,否,	,,764.28	,0.0	,0.0	,50.0	,5.0	,0.0	,0.0	,0.0	,714.28	,764.28	,JDV024209645345,京东大件物流,广东省,佛山市,南海区,,,否,否,	,	,	,否,	,	,	,	,	,	,	,	,	,	,	,	,否,否,	,否,否,,	,否,	,否,,,否
云米净饮机X2系列滤芯X2mini mango复合滤芯5in1/6in1 RO反渗透,251122-522190886500003,未发货，退款成功,1	,正常,2025-11-22 17:17:22,2025-11-24 17:17:22,,	,	,243153009643	,5in1复合滤芯,1647361685369	,厨房电器,净水器/净水设备及配件耗材,净水器配件耗材,	,6923185627425	,6923185614258	,聚水潭已取消发货 已退款   叶11.22,	,退款成功,,2025-11-22 17:17:22,	,,,,,,,否,否,	,否,	,,149.0	,0.0	,0.0	,0.0	,1.0	,0.0	,0.0	,0.0	,149.0	,149.0	,	,	,山东省,青岛市,黄岛区,,,否,否,	,	,	,否,	,	,	,	,	,	,	,	,	,	,	,	,否,否,	,否,否,,	,否,	,否,,,否
云米智能AI门锁3D指纹密码蓝牙可连大容量续航家用公寓自动安全,251122-383076298301987,已发货，待收货,1	,正常,2025-11-22 17:13:32,2025-11-23 17:13:32,,2025-11-23 09:31:14,	,743885774552	,"云米蓝调指纹密码锁LBT11C,黑色",1734954999916	,基础建材,智能门锁/电子锁,智能门锁/电子锁,	,6923185655381	,6923185655381	,	,	,无售后或售后取消,,2025-11-22 17:13:32,	,,,,,,,否,否,	,否,	,,661.0	,0.0	,40.0	,100.0	,0.0	,0.0	,0.0	,0.0	,521.0	,621.0	,JDV024209583999,京东大件物流,河北省,沧州市,沧县,,,否,否,	,	,	,否,	,	,	,	,	,	,	,	,	,	,	,	,否,否,	,否,否,,	,否,	,否,,,否
VIOMI云米净水器1000G厨下直饮小体积净水机RO机智显龙头3秒满杯,251122-321975826731337,已收货，退款成功,1	,正常,2025-11-22 17:12:58,2025-11-23 17:12:58,,2025-11-22 18:47:19,2025-11-26 10:15:49,309517106373	,复合滤芯,1803020722098	,厨房电器,净水器/净水设备及配件耗材,净水器,	,6923185653998	,	,补差后返到手价99==已退差195 [viomi诺诺sk 11/26 10:17],	,退款成功,,2025-11-22 17:12:58,	,,,,,,,否,否,	,否,	,,299.0	,0.0	,0.0	,5.0	,0.0	,0.0	,0.0	,0.0	,294.0	,299.0	,JDV024204401083,京东大件物流,山西省,太原市,万柏林区,,,否,否,	,	,	,否,	,	,	,	,	,	,	,	,	,	,	,	,否,否,	,否,否,,	,否,	,否,,,否
云米净水器滤芯小蓝调小海豚600G+专用复合滤芯RO反渗透滤芯过滤,251122-485343957402061,未发货，退款成功,1	,正常,2025-11-22 17:00:06,2025-11-23 17:00:07,,	,	,296967601341	,5in1复合滤芯 2年长效,1600193054565	,厨房电器,净水器/净水设备及配件耗材,净水器配件耗材,	,6923185627425	,	,聚水潭已取消发货 已退款   叶11.22,	,退款成功,,2025-11-22 17:00:07,	,,,,,,,否,否,	,否,	,,299.0	,0.0	,0.0	,50.0	,0.0	,0.0	,0.0	,0.0	,249.0	,299.0	,	,	,广东省,汕头市,潮阳区,,,否,否,	,	,	,否,	,	,	,	,	,	,	,	,	,	,	,	,是,是,	,否,否,,	,否,	,否,,,否
云米净水器滤芯小蓝调小海豚600G+专用复合滤芯RO反渗透滤芯过滤,251122-206905096602061,未发货，退款成功,1	,正常,2025-11-22 16:57:18,2025-11-23 16:57:18,,	,	,296967601341	,5in1复合滤芯 2年长效,1600193054565	,厨房电器,净水器/净水设备及配件耗材,净水器配件耗材,	,6923185627425	,	,聚水潭已取消发货 已退款   叶11.22,	,退款成功,,2025-11-22 16:57:18,	,,,,,,,否,否,	,否,	,,299.0	,0.0	,0.0	,50.0	,0.0	,0.0	,0.0	,0.0	,249.0	,299.0	,	,	,广东省,汕头市,潮阳区,,,否,否,	,	,	,否,	,	,	,	,	,	,	,	,	,	,	,	,是,是,	,否,否,,	,否,	,否,,,否
云米即热净水器厨房家用直饮RO反渗透加热净饮一体机1000G,251122-530139103572926,待发货,1	,正常,2025-11-22 16:50:16,2025-12-31 16:50:16,,	,	,846360072018	,即热直饮 1000G大通量,1807240839093	,厨房电器,净水器/净水设备及配件耗材,净水器,	,6923185651116	,6923185651116	,补差后返到手价1295,	,无售后或售后取消,,2025-11-22 16:50:16,	,,,,,,,否,否,	,否,	,,1439.0	,0.0	,0.0	,71.95	,0.0	,0.0	,0.0	,0.0	,1367.05	,1439.0	,	,	,浙江省,台州市,路桥区,,,否,否,	,	,	,否,	,	,	,	,	,	,	,	,	,	,	,	,否,否,	,否,否,,	,否,	,否,,,否
【重磅新品】云米净水器600G小海豚升级版厨下式RO反渗透直饮家用,251122-170886511002061,未发货，退款成功,1	,正常,2025-11-22 16:48:43,2025-11-23 16:48:44,,	,	,225501370546	,小海豚600G,1813468330532	,厨房电器,净水器/净水设备及配件耗材,净水器,	,6923185653684	,6923185616399	,直播间中奖5元红包==聚水潭已取消发货 已退款   叶11.22,	,退款成功,,2025-11-22 16:48:44,	,,,,,,,否,否,	,否,	,,559.0	,0.0	,0.0	,100.0	,0.0	,0.0	,0.0	,0.0	,459.0	,559.0	,	,	,广东省,汕头市,潮阳区,,,否,否,	,	,	,否,	,	,	,	,	,	,	,	,	,	,	,	,是,是,	,否,否,,	,否,	,否,,,否
【重磅新品】云米净水器600G小海豚升级版厨下式RO反渗透直饮家用,251122-585482923522445,已发货，待收货,1	,正常,2025-11-22 16:47:34,2025-11-23 16:47:34,,2025-11-23 09:31:56,	,225501370546	,小海豚600G,1813468330532	,厨房电器,净水器/净水设备及配件耗材,净水器,	,6923185653684	,6923185616399	,	,	,无售后或售后取消,,2025-11-22 16:47:34,	,,,,,,,否,否,	,否,	,,559.0	,0.0	,0.0	,0.0	,0.0	,0.0	,0.0	,0.0	,559.0	,559.0	,JDV024209573677,京东大件物流,甘肃省,酒泉市,金塔县,,,否,否,	,	,	,否,	,	,	,	,	,	,	,	,	,	,	,	,否,否,	,否,否,,	,否,	,否,,,否
【重磅新品】云米净水器600G小海豚升级版厨下式RO反渗透直饮家用,251122-116580687422612,已发货，待收货,1	,正常,2025-11-22 16:47:27,2025-11-23 16:47:27,,2025-11-23 11:57:14,	,225501370546	,小海豚600G,1813468330532	,厨房电器,净水器/净水设备及配件耗材,净水器,	,6923185653684	,6923185616399	,	,	,无售后或售后取消,,2025-11-22 16:47:27,	,,,,,,,否,否,	,否,	,,559.0	,0.0	,0.0	,0.0	,3.0	,0.0	,0.0	,0.0	,559.0	,559.0	,JDV024205507496,京东大件物流,山东省,淄博市,周村区,,,否,否,	,	,	,否,	,	,	,	,	,	,	,	,	,	,	,	,否,是,	,否,否,,	,否,	,否,,,否
云米22m³顶侧大吸力蓝调低噪油烟机猛火天燃气灶智能套装家用厨房,251122-673794004551686,已取消,1	,正常,	,	,,	,	,388827922980	,【烟灶套装】顶侧双吸+5.0猛火灶（液）,1752816957653	,大家电,厨房大电,烟灶消套装,	,S2411211436001,S2409261025001,	,	,无售后或售后取消,,	,	,,,,,,,否,否,	,否,	,,1285.0	,0.0	,189.0	,40.0	,0.0	,0.0	,0.0	,0.0	,1056.0	,1096.0	,	,	,****,****,****,****,,否,否,	,	,	,否,	,	,	,	,	,	,	,	,	,	,	,	,否,否,	,否,	,,	,否,	,否,,,否
【重磅新品】云米净水器600G小海豚升级版厨下式RO反渗透直饮家用,251122-372422787420259,已取消,1	,正常,	,	,,	,	,225501370546	,小海豚600G,1813468330532	,厨房电器,净水器/净水设备及配件耗材,净水器,	,6923185653684	,6923185616399	,	,	,无售后或售后取消,,	,	,,,,,,,否,否,	,否,	,,559.0	,0.0	,0.0	,0.0	,0.0	,0.0	,0.0	,0.0	,559.0	,559.0	,	,	,****,****,****,****,,否,否,	,	,	,否,	,	,	,	,	,	,	,	,	,	,	,	,否,否,	,否,	,,	,否,	,否,,,否
VIOMI云米净水器1000G厨下直饮小体积净水机RO机智显龙头3秒满杯,251122-240249813333848,已收货，退款成功,1	,正常,2025-11-22 16:42:28,2025-11-23 16:42:29,,2025-11-22 18:47:19,2025-11-24 17:21:10,309517106373	,复合滤芯,1803020722098	,厨房电器,净水器/净水设备及配件耗材,净水器,	,6923185653998	,	,补差后返到手价99===【补差】仅退款200 [viomi英英sk 11/24 17:21],	,退款成功,,2025-11-22 16:42:29,	,,,,,,,否,否,	,否,	,,299.0	,0.0	,0.0	,0.0	,0.0	,0.0	,0.0	,0.0	,299.0	,299.0	,JDV024203801908,京东大件物流,山西省,太原市,晋源区,,,否,否,	,	,	,否,	,	,	,	,	,	,	,	,	,	,	,	,否,否,	,否,否,,	,否,	,否,,,否
【重磅新品】云米净水器600G小海豚升级版厨下式RO反渗透直饮家用,251122-600550992221221,已发货，待收货,1	,正常,2025-11-22 16:39:55,2025-11-23 16:39:55,,2025-11-22 18:47:18,	,225501370546	,小海豚600G,1813468330532	,厨房电器,净水器/净水设备及配件耗材,净水器,	,6923185653684	,6923185616399	,	,	,无售后或售后取消,,2025-11-22 16:39:55,	,,,,,,,否,否,	,否,	,,559.0	,0.0	,0.0	,0.0	,0.0	,0.0	,0.0	,0.0	,559.0	,559.0	,JDV024204330171,京东大件物流,河南省,洛阳市,西工区,,,否,否,	,	,	,否,	,	,	,	,	,	,	,	,	,	,	,	,否,否,	,否,否,,	,否,	,否,,,否
【重磅新品】云米净水器600G小海豚升级版厨下式RO反渗透直饮家用,251122-480059144610271,未发货，退款成功,1	,正常,2025-11-22 16:40:19,2025-11-23 16:40:19,,	,	,225501370546	,小海豚600G,1813468330532	,厨房电器,净水器/净水设备及配件耗材,净水器,	,6923185653684	,6923185616399	,聚水潭已取消发货 已退款   叶11.22,	,退款成功,,2025-11-22 16:40:19,	,,,,,,,否,否,	,否,	,,559.0	,0.0	,0.0	,33.54	,0.0	,0.0	,0.0	,0.0	,525.46	,559.0	,	,	,山东省,烟台市,福山区,,,否,否,	,	,	,否,	,	,	,	,	,	,	,	,	,	,	,	,否,是,	,否,是,3	,商家,否,	,否,,信用卡分期,否
VIOMI云米净水器1000G厨下直饮小体积净水机RO机智显龙头3秒满杯,251122-426854346343329,已取消,1	,正常,	,	,,	,	,842195971715	,1000G大通量RO净水器,1803617356458	,厨房电器,净水器/净水设备及配件耗材,净水器,	,6923185654247	,	,	,	,无售后或售后取消,,	,	,,,,,,,否,否,	,否,	,,823.0	,0.0	,50.0	,3.0	,0.0	,0.0	,0.0	,0.0	,770.0	,773.0	,	,	,****,****,****,****,,否,否,	,	,	,否,	,	,	,	,	,	,	,	,	,	,	,	,否,否,	,否,	,,	,否,	,否,,,否
云米小厨宝6L电热水器厨房卫生间出水恒温储水式小型速热神器加热,251122-125933995630042,已取消,1	,正常,	,	,,	,	,208073193570	,热水即刻有-【6L】,1801828025682	,大家电,热水器,厨宝,	,6923185611233	,6923185611233	,	,	,无售后或售后取消,,	,	,,,,,,,否,否,	,否,	,,279.0	,0.0	,14.0	,0.0	,0.0	,0.0	,0.0	,0.0	,265.0	,265.0	,	,	,****,****,****,****,,否,否,	,	,	,否,	,	,	,	,	,	,	,	,	,	,	,	,否,否,	,否,	,,	,否,	,否,,,否
VIOMI云米净水器1000G厨下直饮小体积净水机RO机智显龙头3秒满杯,251122-541233006080274,已取消,1	,正常,	,	,,	,	,842195971715	,1000G大通量RO净水器,1803617356458	,厨房电器,净水器/净水设备及配件耗材,净水器,	,6923185654247	,	,	,	,无售后或售后取消,,	,	,,,,,,,否,否,	,否,	,,823.0	,0.0	,50.0	,0.0	,0.0	,0.0	,0.0	,0.0	,773.0	,773.0	,	,	,****,****,****,****,,否,否,	,	,	,否,	,	,	,	,	,	,	,	,	,	,	,	,否,否,	,否,	,,	,否,	,否,,,否
【重磅新品】云米净水器600G小海豚升级版厨下式RO反渗透直饮家用,251122-454337575311952,已收货,1	,正常,2025-11-22 16:26:37,2025-11-23 16:26:37,,2025-11-22 18:47:18,2025-11-27 19:24:33,225501370546	,小海豚600G,1813468330532	,厨房电器,净水器/净水设备及配件耗材,净水器,	,6923185653684	,6923185616399	,	,	,无售后或售后取消,,2025-11-22 16:26:37,	,,,,,,,否,否,	,否,	,,559.0	,0.0	,0.0	,0.0	,0.0	,0.0	,0.0	,0.0	,559.0	,559.0	,JDV024204399622,京东大件物流,江苏省,南京市,高淳区,,,否,否,	,	,	,否,	,	,	,	,	,	,	,	,	,	,	,	,否,否,	,否,否,,	,否,	,否,,,否
【6年套装】云米净水器600G小海豚升级版厨下式RO反渗透直饮家用,251122-678219037103858,已收货,1	,正常,2025-11-22 16:24:08,2025-11-23 16:24:09,,2025-11-22 18:48:13,2025-11-25 21:08:21,852932116812	,小海豚600G+6年滤芯套装,1812983769340	,厨房电器,净水器/净水设备及配件耗材,净水器,	,S2508151538001,	,	,	,无售后或售后取消,,2025-11-22 16:24:09,	,,,,,,,否,否,	,否,	,,764.28	,0.0	,0.0	,76.42	,8.0	,0.0	,0.0	,0.0	,687.86	,764.28	,JDV024204497147,京东大件物流,浙江省,舟山市,普陀区,,,否,否,	,	,	,否,	,	,	,	,	,	,	,	,	,	,	,	,否,否,	,否,否,,	,否,	,否,,,否
【母婴直饮】云米净水器 SE 600G+ 新升级厨下式RO反渗透直饮家用,251122-093512057120103,已收货,1	,正常,2025-11-22 16:22:20,2025-11-23 16:22:20,,2025-11-22 18:47:19,2025-11-25 08:46:48,819506595979	,【24年新品】600G升级版6年长效,1787046011387	,厨房电器,净水器/净水设备及配件耗材,净水器,	,6923185653684	,6923185616399	,	,	,无售后或售后取消,,2025-11-22 16:22:20,	,,,,,,,否,否,	,否,	,,748.0	,0.0	,139.6	,50.0	,0.0	,0.0	,0.0	,0.0	,558.4	,608.4	,JDV024204366530,京东大件物流,天津市,天津市,滨海新区,,,否,否,	,	,	,否,	,	,	,	,	,	,	,	,	,	,	,	,否,否,	,否,否,,	,否,	,否,,,否
云米顶侧双吸烟灶套装22m³大吸力抽油烟机聚能猛火灶节能燃气家用,251122-240249740911543,已取消,1	,正常,	,	,,	,	,382839923175	,【两件套】顶侧双吸烟机+5.2KW灶（天）,1743705224006	,大家电,厨房大电,烟灶消套装,	,S2309261029001,蓝调套装,	,	,无售后或售后取消,,	,	,,,,,,,否,否,	,否,	,,1205.0	,0.0	,61.0	,57.2	,0.0	,0.0	,0.0	,0.0	,1086.8	,1144.0	,	,	,****,****,****,****,,否,否,	,	,	,否,	,	,	,	,	,	,	,	,	,	,	,	,否,否,	,否,	,,	,否,	,否,,,否
【母婴直饮】云米净水器 SE 600G+ 新升级厨下式RO反渗透直饮家用,251122-552022894942128,已发货，待收货,1	,正常,2025-11-22 16:06:25,2025-11-23 16:06:26,,2025-11-22 18:47:18,	,819506595979	,【24年新品】600G升级版6年长效,1787046011387	,厨房电器,净水器/净水设备及配件耗材,净水器,	,6923185653684	,6923185616399	,	,	,无售后或售后取消,,2025-11-22 16:06:26,	,,,,,,,否,否,	,否,	,,748.0	,0.0	,134.64	,74.8	,0.0	,0.0	,0.0	,0.0	,538.56	,613.36	,JDV024204515518,京东大件物流,湖南省,长沙市,天心区,,,否,否,	,	,	,否,	,	,	,	,	,	,	,	,	,	,	,	,否,否,	,否,否,,	,否,	,否,,,否
【母婴直饮】云米净水器 SE 600G+ 新升级厨下式RO反渗透直饮家用,251122-012981420321848,已收货,1	,正常,2025-11-22 16:05:54,2025-11-23 16:05:55,2025-11-24 23:59:59,2025-11-22 18:47:18,2025-11-25 01:17:00,819506595979	,【24年新品】600G升级版6年长效,1787046011387	,厨房电器,净水器/净水设备及配件耗材,净水器,	,6923185653684	,6923185616399	,13760559980安装 [viomi慧慧sk 11/24 11:26],	,无售后或售后取消,,2025-11-22 16:05:55,	,,,,,,,否,否,	,否,	,,748.0	,0.0	,139.6	,50.0	,0.0	,0.0	,0.0	,0.0	,558.4	,608.4	,JDV024204399658,京东大件物流,广东省,揭阳市,揭东区,,,否,否,	,	,	,否,	,	,	,	,	,	,	,	,	,	,	,	,否,否,	,否,否,,	,否,	,否,,,否
【6年套装】云米净水器600G小海豚升级版厨下式RO反渗透直饮家用,251122-542533282120027,未发货，退款成功,1	,正常,2025-11-22 16:05:33,2025-11-23 16:05:33,,	,	,852932116812	,小海豚600G+6年滤芯套装,1812983769340	,厨房电器,净水器/净水设备及配件耗材,净水器,	,S2508151538001,	,赠送tds笔==聚水潭已取消发货 已退款   叶11.22,	,退款成功,,2025-11-22 16:05:33,	,,,,,,,否,否,	,否,	,,764.28	,0.0	,0.0	,100.0	,0.0	,0.0	,0.0	,0.0	,664.28	,764.28	,	,	,河南省,驻马店市,确山县,,,否,否,	,	,	,否,	,	,	,	,	,	,	,	,	,	,	,	,否,否,	,否,否,,	,否,	,否,,,否
云米60升AI速热高温抑菌电热水器3000W一级节能变频增容家用租房,251122-384114398851815,已收货,1	,正常,2025-11-22 16:01:53,2025-11-23 16:01:53,,2025-11-22 18:47:18,2025-11-25 04:48:35,226368376224	,3000W速热安全60L热水器,1737176648260	,大家电,热水器,电热水器,	,6923185602224	,6923185602224	,后返到手价640 晒单返10+淋蓬头===13453591140安装 [viomi诺诺sk 11/25 09:24],	,无售后或售后取消,,2025-11-22 16:01:53,	,,,,,,,否,否,	,否,	,,654.0	,0.0	,0.0	,0.0	,1.3	,0.0	,0.0	,0.0	,654.0	,654.0	,JDV024203841238,京东大件物流,山西省,长治市,潞州区,,,否,否,	,	,	,否,	,	,	,	,	,	,	,	,	,	,	,	,否,否,	,否,否,,	,否,	,否,,,否
云米智能AI门锁3D指纹密码蓝牙可连大容量续航家用公寓自动安全,251122-071439521431418,未发货，退款成功,1	,正常,2025-11-22 15:55:33,2025-11-23 15:55:33,,	,	,743885774552	,"云米蓝调指纹密码锁LBT11C,黑色",1734954999916	,基础建材,智能门锁/电子锁,智能门锁/电子锁,	,6923185655381	,6923185655381	,聚水潭已取消发货 已退款   叶11.22,	,退款成功,,2025-11-22 15:55:33,	,,,,,,,否,否,	,否,	,,661.0	,0.0	,40.0	,20.0	,1.2	,0.0	,0.0	,0.0	,601.0	,621.0	,	,	,安徽省,六安市,裕安区,,,否,否,	,	,	,否,	,	,	,	,	,	,	,	,	,	,	,	,否,否,	,否,否,,	,否,	,否,,,否
【重磅新品】云米净水器600G小海豚升级版厨下式RO反渗透直饮家用,251122-153993920933226,已收货,1	,正常,2025-11-22 15:53:09,2025-11-23 15:53:09,,2025-11-22 18:47:18,2025-11-23 13:21:13,225501370546	,小海豚600G,1813468330532	,厨房电器,净水器/净水设备及配件耗材,净水器,	,6923185653684	,6923185616399	,	,	,无售后或售后取消,,2025-11-22 15:53:09,	,,,,,,,否,否,	,否,	,,559.0	,0.0	,0.0	,0.0	,0.0	,0.0	,0.0	,0.0	,559.0	,559.0	,JDV024204353436,京东大件物流,北京市,北京市,密云区,,,否,否,	,	,	,否,	,	,	,	,	,	,	,	,	,	,	,	,否,否,	,否,否,,	,否,	,否,,,否
【6年套装】云米净水器600G小海豚升级版厨下式RO反渗透直饮家用,251122-379479703892991,已收货,1	,正常,2025-11-22 15:52:35,2025-11-23 15:52:35,,2025-11-22 18:47:17,2025-11-25 14:56:20,852932116812	,小海豚600G+6年滤芯套装,1812983769340	,厨房电器,净水器/净水设备及配件耗材,净水器,	,S2508151538001,	,	,	,无售后或售后取消,,2025-11-22 15:52:35,	,,,,,,,否,否,	,否,	,,764.28	,0.0	,0.0	,100.0	,0.0	,0.0	,0.0	,0.0	,664.28	,764.28	,JDV024204478471,京东大件物流,湖北省,荆州市,公安县,,,否,否,	,	,	,否,	,	,	,	,	,	,	,	,	,	,	,	,否,否,	,否,否,,	,否,	,否,,,否
云米顶侧双吸烟灶套装22m³大吸力抽油烟机聚能猛火灶节能燃气家用,251122-416284731790383,未发货，退款成功,1	,正常,2025-11-22 15:51:19,2025-12-10 15:51:19,,	,	,382839923175	,【两件套】顶侧双吸烟机+5.2KW灶（天）,1743705224006	,大家电,厨房大电,烟灶消套装,	,S2309261029001,蓝调套装,聚水潭已取消发货 已退款 卫11.24,	,退款成功,,2025-11-22 15:51:19,	,,,,,,,否,否,	,否,	,,1205.0	,0.0	,61.0	,50.0	,0.0	,0.0	,0.0	,0.0	,1094.0	,1144.0	,	,	,湖北省,武汉市,其他区,,,否,否,	,	,	,否,	,	,	,	,	,	,	,	,	,	,	,	,否,否,	,否,否,,	,否,	,否,,,否
【重磅新品】云米净水器600G小海豚升级版厨下式RO反渗透直饮家用,251122-136063239811060,已取消,1	,正常,	,	,,	,	,225501370546	,小海豚600G,1813468330532	,厨房电器,净水器/净水设备及配件耗材,净水器,	,6923185653684	,6923185616399	,	,	,无售后或售后取消,,	,	,,,,,,,否,否,	,否,韩国集运,,559.0	,0.0	,0.0	,0.0	,0.0	,0.0	,0.0	,0.0	,559.0	,559.0	,	,	,****,****,****,****,,否,否,	,	,	,否,	,	,	,	,	,	,	,	,	,	,	,	,否,否,	,否,	,,	,否,	,否,,,否
云米即热净水器厨房家用直饮RO反渗透加热净饮一体机1000G,251122-393761287791074,未发货，退款成功,1	,正常,2025-11-22 15:43:29,2025-11-23 15:43:29,,	,	,846360072018	,即热直饮 1000G大通量,1807240839093	,厨房电器,净水器/净水设备及配件耗材,净水器,	,6923185651116	,6923185651116	,聚水潭已取消发货 已退款   叶11.22,	,退款成功,,2025-11-22 15:43:29,	,,,,,,,否,否,	,否,	,,1439.0	,0.0	,0.0	,0.0	,0.0	,0.0	,0.0	,0.0	,1439.0	,1439.0	,	,	,广东省,江门市,蓬江区,,,否,否,	,	,	,否,	,	,	,	,	,	,	,	,	,	,	,	,否,否,	,否,否,,	,否,	,否,,,否
【重磅新品】云米净水器600G小海豚升级版厨下式RO反渗透直饮家用,251122-022324232592626,已发货，待收货,1	,正常,2025-11-22 15:42:40,2025-11-23 15:42:41,,2025-11-22 18:47:18,	,225501370546	,小海豚600G,1813468330532	,厨房电器,净水器/净水设备及配件耗材,净水器,	,6923185653684	,6923185616399	,	,	,无售后或售后取消,,2025-11-22 15:42:41,	,,,,,,,否,否,	,否,	,,559.0	,0.0	,0.0	,0.0	,0.0	,0.0	,0.0	,0.0	,559.0	,559.0	,JDV024204489640,京东大件物流,江苏省,淮安市,清江浦区,,,否,否,	,	,	,否,	,	,	,	,	,	,	,	,	,	,	,	,否,否,	,否,否,,	,否,	,否,,,否
【6年套装】云米净水器600G小海豚升级版厨下式RO反渗透直饮家用,251122-327617103463047,已取消,1	,正常,	,	,,	,	,852932116812	,小海豚600G+6年滤芯套装,1812983769340	,厨房电器,净水器/净水设备及配件耗材,净水器,	,S2508151538001,	,	,	,无售后或售后取消,,	,	,,,,,,,否,否,	,否,	,,764.28	,0.0	,0.0	,0.0	,0.0	,0.0	,0.0	,0.0	,764.28	,764.28	,	,	,****,****,****,****,,否,否,	,	,	,否,	,	,	,	,	,	,	,	,	,	,	,	,否,否,	,否,	,,	,否,	,否,,,否
云米顶侧双吸烟灶套装22m³大吸力抽油烟机聚能猛火灶节能燃气家用,251122-166723643790383,未发货，退款成功,1	,正常,2025-11-22 15:37:13,2025-12-15 15:37:13,,	,	,382839923175	,【两件套】顶侧双吸烟机+5.2KW灶（天）,1743705224006	,大家电,厨房大电,烟灶消套装,	,S2309261029001,蓝调套装,聚水潭已取消发货 已退款 卫11.24,	,退款成功,,2025-11-22 15:37:13,	,,,,,,,否,否,	,否,	,,1205.0	,0.0	,61.0	,50.0	,0.0	,0.0	,0.0	,0.0	,1094.0	,1144.0	,	,	,湖北省,武汉市,其他区,,,否,否,	,	,	,否,	,	,	,	,	,	,	,	,	,	,	,	,否,否,	,否,否,,	,否,	,否,,,否
【母婴直饮】云米净水器 SE 600G+ 新升级厨下式RO反渗透直饮家用,251122-440527798712814,已收货,1	,正常,2025-11-22 15:35:30,2025-11-23 15:35:30,,2025-11-22 18:47:18,2025-11-25 10:52:02,819506595979	,【24年新品】600G升级版6年长效,1787046011387	,厨房电器,净水器/净水设备及配件耗材,净水器,	,6923185653684	,6923185616399	,	,	,无售后或售后取消,,2025-11-22 15:35:30,	,,,,,,,否,否,	,否,	,,748.0	,0.0	,139.6	,50.0	,0.0	,0.0	,0.0	,0.0	,558.4	,608.4	,JDV024203425185,京东大件物流,黑龙江省,大庆市,龙凤区,,,否,否,	,	,	,否,	,	,	,	,	,	,	,	,	,	,	,	,否,否,	,否,否,,	,否,	,否,,,否
【重磅新品】云米净水器600G小海豚升级版厨下式RO反渗透直饮家用,251122-472131847751489,已收货,1	,正常,2025-11-22 15:33:34,2025-11-23 15:33:34,,2025-11-22 18:47:18,2025-11-27 19:56:57,225501370546	,小海豚600G,1813468330532	,厨房电器,净水器/净水设备及配件耗材,净水器,	,6923185653684	,6923185616399	,13940094570安装 [viomi英英sk 11/23 17:50],	,无售后或售后取消,,2025-11-22 15:33:34,	,,,,,,,否,否,	,否,	,,559.0	,0.0	,0.0	,0.0	,2.79	,0.0	,0.0	,0.0	,559.0	,559.0	,JDV024203567402,京东大件物流,辽宁省,沈阳市,浑南区,,,否,否,	,	,	,否,	,	,	,	,	,	,	,	,	,	,	,	,否,否,	,否,否,,	,否,	,否,,,否
【6年套装】云米净水器600G小海豚升级版厨下式RO反渗透直饮家用,251122-609809897070933,已收货,1	,正常,2025-11-22 15:30:27,2025-11-23 15:30:27,,2025-11-22 18:47:19,2025-11-24 12:13:10,852932116812	,小海豚600G+6年滤芯套装,1812983769340	,厨房电器,净水器/净水设备及配件耗材,净水器,	,S2508151538001,	,晒单赠送TDS笔==15753003030安装 +赠品已登记 [viomi英英sk 11/23 23:03],	,无售后或售后取消,,2025-11-22 15:30:27,	,,,,,,,否,否,	,否,	,,764.28	,0.0	,0.0	,100.0	,0.0	,0.0	,0.0	,0.0	,664.28	,764.28	,JDV024203481516,京东大件物流,山东省,菏泽市,牡丹区,,,否,否,	,	,	,否,	,	,	,	,	,	,	,	,	,	,	,	,否,否,	,否,否,,	,否,	,否,,,否
云米60升AI速热高温抑菌电热水器3000W一级节能变频增容家用租房,251122-162078441790535,已取消,1	,正常,	,	,,	,	,226368376224	,3000W速热安全60L热水器,1737176648260	,大家电,热水器,电热水器,	,6923185602224	,6923185602224	,	,	,无售后或售后取消,,	,	,,,,,,,否,否,	,否,	,,654.0	,0.0	,0.0	,0.0	,0.0	,0.0	,0.0	,0.0	,654.0	,654.0	,	,	,****,****,****,****,,否,否,	,	,	,否,	,	,	,	,	,	,	,	,	,	,	,	,否,否,	,否,	,,	,否,	,否,,,否
【重磅新品】云米净水器600G小海豚升级版厨下式RO反渗透直饮家用,251122-255097587343514,已收货，退款成功,1	,正常,2025-11-22 15:27:46,2025-11-23 15:27:46,,2025-11-22 18:47:18,2025-11-27 19:29:57,225501370546	,小海豚600G,1813468330532	,厨房电器,净水器/净水设备及配件耗材,净水器,	,6923185653684	,6923185616399	,特殊补偿10元待 [viomi英英sk 11/23 22:09]=晒单补贴10仅退款 [viomi慧慧sk 11/27 21:49],	,退款成功,,2025-11-22 15:27:46,	,,,,,,,否,否,	,否,	,,559.0	,0.0	,0.0	,0.0	,0.2	,0.0	,0.0	,0.0	,559.0	,559.0	,JDV024203829716,京东大件物流,广东省,茂名市,高州市,,,否,否,	,	,	,否,	,	,	,	,	,	,	,	,	,	,	,	,否,否,	,否,否,,	,否,	,否,,,否
Viomi云米净水器1000G厨下式RO反渗透直饮过滤器净饮小海豚2,251122-263695942041498,已取消,1	,正常,	,	,,	,	,205458105137	,小海豚2包安装1000G大加仑,1802849942800	,厨房电器,净水器/净水设备及配件耗材,净水器,	,6923185654865	,	,	,	,无售后或售后取消,,	,	,,,,,,,否,否,	,否,	,,999.0	,0.0	,0.0	,50.0	,0.0	,0.0	,0.0	,0.0	,949.0	,999.0	,	,	,****,****,****,****,,否,否,	,	,	,否,	,	,	,	,	,	,	,	,	,	,	,	,否,否,	,否,	,,	,否,	,否,,,否
VIOMI云米净水器600G小蓝调厨下式RO反渗透直饮家用6年长效,251122-629984489092216,已收货,1	,正常,2025-11-22 15:13:55,2025-11-23 15:13:55,2025-11-24 23:59:59,2025-11-23 11:57:14,2025-11-24 16:24:42,850883552953	,RO反渗透除去重金属,1811278299045	,厨房电器,净水器/净水设备及配件耗材,净水器,	,6923185653592	,6923185653592	,	,	,无售后或售后取消,,2025-11-22 15:13:55,	,,,,,,,否,否,	,否,	,,639.19	,0.0	,0.0	,89.48	,0.0	,0.0	,0.0	,0.0	,549.71	,639.19	,JDV024210134659,京东大件物流,上海市,上海市,徐汇区,,,否,否,	,	,	,否,	,	,	,	,	,	,	,	,	,	,	,	,否,否,	,否,否,,	,否,	,否,,,否
【重磅新品】云米净水器600G小海豚升级版厨下式RO反渗透直饮家用,251122-528031434321727,已发货，待收货,1	,正常,2025-11-22 15:13:14,2025-11-23 15:13:14,,2025-11-22 18:47:19,	,225501370546	,小海豚600G,1813468330532	,厨房电器,净水器/净水设备及配件耗材,净水器,	,6923185653684	,6923185616399	,	,	,无售后或售后取消,,2025-11-22 15:13:14,	,,,,,,,否,否,	,否,	,,559.0	,0.0	,0.0	,0.0	,0.0	,0.0	,0.0	,0.0	,559.0	,559.0	,JDV024203810134,京东大件物流,四川省,南充市,阆中市,,,否,否,	,	,	,否,	,	,	,	,	,	,	,	,	,	,	,	,否,否,	,否,否,,	,否,	,否,,,否
【重磅新品】云米净水器600G小海豚升级版厨下式RO反渗透直饮家用,251122-090313910681498,已取消,1	,正常,	,	,,	,	,852161740747	,小海豚600G+6年滤芯套装,1812658223669	,厨房电器,净水器/净水设备及配件耗材,净水器,	,S2508151538001,	,	,	,无售后或售后取消,,	,	,,,,,,,否,否,	,否,	,,764.9	,0.0	,0.0	,100.0	,0.0	,0.0	,0.0	,0.0	,664.9	,764.9	,	,	,****,****,****,****,,否,否,	,	,	,否,	,	,	,	,	,	,	,	,	,	,	,	,否,否,	,否,	,,	,否,	,否,,,否
【重磅新品】云米净水器600G小海豚升级版厨下式RO反渗透直饮家用,251122-179788879502479,已收货,1	,正常,2025-11-22 15:09:50,2025-11-23 15:09:50,,2025-11-22 18:47:19,2025-11-24 15:18:23,225501370546	,小海豚600G,1813468330532	,厨房电器,净水器/净水设备及配件耗材,净水器,	,6923185653684	,6923185616399	,	,	,无售后或售后取消,,2025-11-22 15:09:50,	,,,,,,,否,否,	,否,	,,559.0	,0.0	,0.0	,0.0	,0.2	,0.0	,0.0	,0.0	,559.0	,559.0	,JDV024203829643,京东大件物流,陕西省,铜川市,王益区,,,否,否,	,	,	,否,	,	,	,	,	,	,	,	,	,	,	,	,否,否,	,否,否,,	,否,	,否,,,否
【重磅新品】云米净水器600G小海豚升级版厨下式RO反渗透直饮家用,251122-479492851342479,已取消,1	,正常,	,	,,	,	,225501370546	,小海豚600G,1813468330532	,厨房电器,净水器/净水设备及配件耗材,净水器,	,6923185653684	,6923185616399	,	,	,无售后或售后取消,,	,	,,,,,,,否,否,	,否,	,,559.0	,0.0	,0.0	,0.0	,0.0	,0.0	,0.0	,0.0	,559.0	,559.0	,	,	,****,****,****,****,,否,否,	,	,	,否,	,	,	,	,	,	,	,	,	,	,	,	,否,否,	,否,	,,	,否,	,否,,,否
VIOMI云米净水器大通量小海豚800G反渗透RO厨下式家用长效滤芯,251122-221931159961498,已发货，退款成功,1	,正常,2025-11-22 15:32:14,2025-11-23 15:32:15,,2025-11-22 18:47:18,	,837957770723	,800G大通量纯水机,1809123722986	,厨房电器,净水器/净水设备及配件耗材,净水器,	,6923185653974	,	,ZX2511220063451拦截,	,退款成功,,2025-11-22 15:32:15,	,,,,,,,否,否,	,否,	,,749.0	,0.0	,0.0	,100.0	,5.0	,0.0	,0.0	,0.0	,649.0	,749.0	,JDV024203804589,京东大件物流,甘肃省,张掖市,临泽县,,,否,否,	,	,	,否,	,	,	,	,	,	,	,	,	,	,	,	,否,否,	,否,否,,	,否,	,否,,,否
云米22m³顶侧大吸力蓝调低噪油烟机猛火天燃气灶智能套装家用厨房,251122-277390333523675,已发货，待收货,1	,正常,2025-11-22 15:05:42,2025-11-23 15:05:43,,2025-11-23 09:31:15,	,388827922980	,【烟灶套装】顶侧双吸+5.0猛火灶（天）,1752816957652	,大家电,厨房大电,烟灶消套装,	,S2405071349001,S2409261025001,13951838894安装 [viomi英英sk 11/25 15:57]差价78 [viomi范范sk 11/29 11:01],	,无售后或售后取消,,2025-11-22 15:05:43,	,,,,,,,否,否,	,否,	,,1285.0	,0.0	,189.0	,40.0	,0.0	,0.0	,0.0	,0.0	,1056.0	,1096.0	,JDV024210134721,京东大件物流,江苏省,南京市,溧水区,,,否,否,	,	,	,否,	,	,	,	,	,	,	,	,	,	,	,	,否,否,	,否,否,,	,否,	,否,,,否
【6年套装】云米净水器600G小海豚升级版厨下式RO反渗透直饮家用,251122-462893935001498,已取消,1	,正常,	,	,,	,	,852932116812	,小海豚600G+6年滤芯套装,1812983769340	,厨房电器,净水器/净水设备及配件耗材,净水器,	,S2508151538001,	,	,	,无售后或售后取消,,	,	,,,,,,,否,否,	,否,	,,764.28	,0.0	,0.0	,50.0	,0.0	,0.0	,0.0	,0.0	,714.28	,764.28	,	,	,****,****,****,****,,否,否,	,	,	,否,	,	,	,	,	,	,	,	,	,	,	,	,否,否,	,否,	,,	,否,	,否,,,否
云米顶侧大吸力蓝调油烟机家用厨房节能自清洁一级能效可挥手智控,251122-073379356231978,已收货,1	,正常,2025-11-22 14:57:56,2025-11-23 14:57:57,2025-11-24 23:59:59,2025-11-22 18:47:19,2025-11-24 15:14:16,657344402006	,云米智清洁挥手智控单烟机,1723825075586	,大家电,厨房大电,油烟机,	,6923185650973	,6923185650973	,	,	,无售后或售后取消,,2025-11-22 14:57:57,	,,,,,,,否,否,	,否,	,,838.0	,0.0	,42.0	,5.0	,0.0	,0.0	,0.0	,0.0	,791.0	,796.0	,JDV024202221471,京东大件物流,广东省,广州市,海珠区,,,否,否,	,	,	,否,	,	,	,	,	,	,	,	,	,	,	,	,否,否,	,否,否,,	,否,	,否,,,否
【冷热直饮套装】云米净水器家用厨下管线机套装一键即热制冷直饮,251122-496207204762656,已发货，待收货,1	,正常,2025-11-22 14:57:46,2025-11-23 14:57:47,,2025-11-22 18:47:19,	,480070620581	,【冷热净水直饮套装】新品净水器+冷热管线机,1620106386127	,厨房电器,净水器/净水设备及配件耗材,净水器,	,S2407170910001,	,	,	,无售后或售后取消,,2025-11-22 14:57:47,	,,,,,,,否,否,	,否,	,,1434.0	,0.0	,0.0	,0.0	,0.0	,0.0	,0.0	,0.0	,1434.0	,1434.0	,JDV024202258550,京东大件物流,江西省,上饶市,广信区,,,否,否,	,	,	,否,	,	,	,	,	,	,	,	,	,	,	,	,否,否,	,否,否,,	,否,	,否,,,否
VIOMI云米净水器600G小蓝调厨下式RO反渗透直饮家用6年长效,251122-305701875332216,未发货，退款成功,1	,正常,2025-11-22 15:02:28,2025-11-23 15:02:29,2025-11-24 23:59:59,	,	,850883552953	,RO反渗透除去重金属,1811278299045	,厨房电器,净水器/净水设备及配件耗材,净水器,	,6923185653592	,6923185653592	,聚水潭已取消发货 已退款   叶11.22,	,退款成功,,2025-11-22 15:02:29,	,,,,,,,否,否,	,否,	,,639.19	,0.0	,0.0	,89.48	,0.0	,0.0	,0.0	,0.0	,549.71	,639.19	,	,	,上海市,上海市,徐汇区,,,否,否,	,	,	,否,	,	,	,	,	,	,	,	,	,	,	,	,否,否,	,否,否,,	,否,	,否,,,否
【母婴直饮】云米净水器 SE 600G+ 新升级厨下式RO反渗透直饮家用,251122-345673634192645,已发货，待收货,1	,正常,2025-11-22 14:54:00,2025-11-23 14:54:00,,2025-11-22 18:47:18,	,819506595979	,【24年新品】600G升级版6年长效,1787046011387	,厨房电器,净水器/净水设备及配件耗材,净水器,	,6923185653684	,6923185616399	,	,	,无售后或售后取消,,2025-11-22 14:54:00,	,,,,,,,否,否,	,否,	,,748.0	,0.0	,129.6	,100.0	,0.0	,0.0	,0.0	,0.0	,518.4	,618.4	,JDV024203801844,京东大件物流,江苏省,南京市,建邺区,,,否,否,	,	,	,否,	,	,	,	,	,	,	,	,	,	,	,	,否,否,	,否,否,,	,否,	,否,,,否
Viomi云米净水器1000G厨下式RO反渗透直饮过滤器净饮小海豚2,251122-266002767513797,已收货,1	,正常,2025-11-22 14:48:47,2025-11-23 14:48:47,,2025-11-23 11:57:14,2025-11-26 15:42:42,205458105137	,小海豚2包安装1000G大加仑,1802849942800	,厨房电器,净水器/净水设备及配件耗材,净水器,	,6923185654865	,	,13621610477安装 [viomi英英sk 11/24 16:53],	,无售后或售后取消,,2025-11-22 14:48:47,	,,,,,,,否,否,	,否,	,,999.0	,0.0	,100.0	,100.0	,0.0	,0.0	,0.0	,0.0	,799.0	,899.0	,JDV024210101307,京东大件物流,上海市,上海市,宝山区,,,否,否,	,	,	,否,	,	,	,	,	,	,	,	,	,	,	,	,否,否,	,否,否,,	,否,	,否,,,否
【重磅新品】云米净水器600G小海豚升级版厨下式RO反渗透直饮家用,251122-198327744861745,已取消,1	,正常,	,	,,	,	,225501370546	,小海豚600G,1813468330532	,厨房电器,净水器/净水设备及配件耗材,净水器,	,6923185653684	,6923185616399	,	,	,无售后或售后取消,,	,	,,,,,,,否,否,	,否,	,,559.0	,0.0	,0.0	,0.0	,0.0	,0.0	,0.0	,0.0	,559.0	,559.0	,	,	,****,****,****,****,,否,否,	,	,	,否,	,	,	,	,	,	,	,	,	,	,	,	,否,否,	,否,	,,	,否,	,否,,,否
【重磅新品】云米净水器600G小海豚升级版厨下式RO反渗透直饮家用,251122-250284675440050,已发货，待收货,1	,正常,2025-11-22 14:38:20,2025-11-23 14:38:21,,2025-11-22 18:47:18,	,225501370546	,小海豚600G,1813468330532	,厨房电器,净水器/净水设备及配件耗材,净水器,	,6923185653684	,6923185616399	,	,	,无售后或售后取消,,2025-11-22 14:38:21,	,,,,,,,否,否,	,否,	,,559.0	,0.0	,0.0	,0.0	,1.11	,0.0	,0.0	,0.0	,559.0	,559.0	,JDV024203801799,京东大件物流,广东省,中山市,南朗镇,,,否,否,	,	,	,否,	,	,	,	,	,	,	,	,	,	,	,	,否,否,	,否,否,,	,否,	,否,,,否
【重磅新品】云米净水器600G小海豚升级版厨下式RO反渗透直饮家用,251122-608226568623363,未发货，退款成功,1	,审核中，请勿发货,2025-11-22 14:36:50,2025-11-23 14:36:50,,	,	,225501370546	,小海豚600G,1813468330532	,厨房电器,净水器/净水设备及配件耗材,净水器,	,6923185653684	,6923185616399	,聚水潭已取消发货 已退款   叶11.22,	,退款成功,,2025-11-22 14:36:50,	,,,,,,,否,否,	,否,	,,559.0	,0.0	,0.0	,0.0	,0.0	,0.0	,0.0	,0.0	,559.0	,559.0	,	,	,湖北省,十堰市,房县,,,否,否,	,	,	,否,	,	,	,	,	,	,	,	,	,	,	,	,否,否,	,否,	,,	,否,	,否,,,否
【重磅新品】云米净水器600G小海豚升级版厨下式RO反渗透直饮家用,251122-012215959920050,已取消,1	,正常,	,	,,	,	,225501370546	,小海豚600G,1813468330532	,厨房电器,净水器/净水设备及配件耗材,净水器,	,6923185653684	,6923185616399	,	,	,无售后或售后取消,,	,	,,,,,,,否,否,	,否,	,,559.0	,0.0	,0.0	,0.0	,0.0	,0.0	,0.0	,0.0	,559.0	,559.0	,	,	,****,****,****,****,,否,否,	,	,	,否,	,	,	,	,	,	,	,	,	,	,	,	,否,否,	,否,	,,	,否,	,否,,,否
VIOMI云米净水器1000G厨下直饮小体积净水机RO机智显龙头3秒满杯,251122-366749980231953,已收货，退款成功,2	,正常,2025-11-22 14:21:17,2025-11-23 14:21:17,,2025-11-22 18:47:19,2025-11-24 15:57:27,309517106373	,复合滤芯,1803020722098	,厨房电器,净水器/净水设备及配件耗材,净水器,	,6923185653998	,	,后返到手价198=差价340.2仅退款 [viomi莉莉sk 11/24 15:59],	,退款成功,,2025-11-22 14:21:17,	,,,,,,,否,否,	,否,	,,598.0	,0.0	,59.8	,48.0	,0.2	,0.0	,0.0	,0.0	,490.2	,538.2	,JDV024202749832,京东大件物流,江苏省,淮安市,清江浦区,,,否,否,	,	,	,否,	,	,	,	,	,	,	,	,	,	,	,	,否,否,	,否,否,,	,否,	,否,,,否
【重磅新品】云米净水器600G小海豚升级版厨下式RO反渗透直饮家用,251122-363457420921647,已发货，待收货,1	,正常,2025-11-22 14:19:47,2025-11-23 14:19:47,,2025-11-22 18:47:19,	,225501370546	,小海豚600G,1813468330532	,厨房电器,净水器/净水设备及配件耗材,净水器,	,6923185653684	,6923185616399	,13952804695超 [viomi莉莉sk 11/27 18:28],	,无售后或售后取消,,2025-11-22 14:19:47,	,,,,,,,否,否,	,否,	,,559.0	,0.0	,0.0	,0.0	,0.2	,0.0	,0.0	,0.0	,559.0	,559.0	,JDV024202762048,京东大件物流,江苏省,镇江市,京口区,,,否,否,	,	,	,否,	,	,	,	,	,	,	,	,	,	,	,	,否,否,	,否,否,,	,否,	,否,,,否
VIOMI云米净水器1000G厨下直饮小体积净水机RO机智显龙头3秒满杯,251122-574409940551953,已取消,2	,正常,	,	,,	,	,309517106373	,复合滤芯,1803020722098	,厨房电器,净水器/净水设备及配件耗材,净水器,	,6923185653998	,	,	,	,无售后或售后取消,,	,	,,,,,,,否,否,	,否,	,,598.0	,0.0	,59.8	,0.0	,0.0	,0.0	,0.0	,0.0	,538.2	,538.2	,	,	,****,****,****,****,,否,否,	,	,	,否,	,	,	,	,	,	,	,	,	,	,	,	,否,否,	,否,	,,	,否,	,否,,,否
VIOMI云米净水器1000G厨下直饮小体积净水机RO机智显龙头3秒满杯,251122-577870241351953,已收货,1	,正常,2025-11-22 14:16:14,2025-11-23 14:16:14,,2025-11-22 18:47:19,2025-11-24 15:57:42,842195971715	,1000G大通量RO净水器,1803617356458	,厨房电器,净水器/净水设备及配件耗材,净水器,	,6923185654247	,	,	,	,无售后或售后取消,,2025-11-22 14:16:14,	,,,,,,,否,否,	,否,	,,823.0	,0.0	,50.0	,15.0	,1.51	,0.0	,0.0	,0.0	,758.0	,773.0	,JDV024202749850,京东大件物流,江苏省,淮安市,清江浦区,,,否,否,	,	,	,否,	,	,	,	,	,	,	,	,	,	,	,	,否,否,	,否,否,,	,否,	,否,,,否
【重磅新品】云米净水器600G小海豚升级版厨下式RO反渗透直饮家用,251122-304810585721647,已取消,1	,正常,	,	,,	,	,225501370546	,小海豚600G,1813468330532	,厨房电器,净水器/净水设备及配件耗材,净水器,	,6923185653684	,6923185616399	,	,	,无售后或售后取消,,	,	,,,,,,,否,否,	,否,	,,559.0	,0.0	,0.0	,0.0	,0.0	,0.0	,0.0	,0.0	,559.0	,559.0	,	,	,****,****,****,****,,否,否,	,	,	,否,	,	,	,	,	,	,	,	,	,	,	,	,否,否,	,否,	,,	,否,	,否,,,否
【重磅新品】云米净水器600G小海豚升级版厨下式RO反渗透直饮家用,251122-529405110652732,已收货,1	,正常,2025-11-22 14:00:06,2025-11-23 14:00:06,,2025-11-22 18:47:19,2025-11-23 20:12:18,225501370546	,小海豚600G,1813468330532	,厨房电器,净水器/净水设备及配件耗材,净水器,	,6923185653684	,6923185616399	,	,	,无售后或售后取消,,2025-11-22 14:00:06,	,,,,,,,否,否,	,否,	,,559.0	,0.0	,0.0	,0.0	,0.0	,0.0	,0.0	,0.0	,559.0	,559.0	,JDV024202783826,京东大件物流,福建省,厦门市,海沧区,,,否,否,	,	,	,否,	,	,	,	,	,	,	,	,	,	,	,	,否,否,	,否,否,,	,否,	,否,,,否
【重磅新品】云米净水器600G小海豚升级版厨下式RO反渗透直饮家用,251122-504281187903003,已发货，退款成功,1	,正常,2025-11-22 13:49:32,2025-11-23 13:49:32,,2025-11-22 18:47:19,	,225501370546	,小海豚600G,1813468330532	,厨房电器,净水器/净水设备及配件耗材,净水器,	,6923185653684	,6923185616399	,二线 [viomi莉莉sk 11/24 09:55]TH2C442413634   DPK202647300163 待佛山入库 11.26==仓库已签收入库，操作退款 叶11.26,	,退款成功,,2025-11-22 13:49:32,	,,,,,,,否,否,	,否,	,,559.0	,0.0	,0.0	,33.54	,0.0	,0.0	,0.0	,0.0	,525.46	,559.0	,JDV024202526552,京东大件物流,山东省,临沂市,罗庄区,,,否,否,	,	,	,否,	,	,	,	,	,	,	,	,	,	,	,	,否,否,	,否,是,3	,商家,否,	,否,,信用卡分期,否
VIOMI云米净水器600G小蓝调厨下式RO反渗透直饮家用6年长效,251122-505979891332216,已取消,1	,正常,	,	,,	,	,850883552953	,RO反渗透除去重金属,1811278299045	,厨房电器,净水器/净水设备及配件耗材,净水器,	,6923185653592	,6923185653592	,	,	,无售后或售后取消,,	,	,,,,,,,否,否,	,否,	,,639.19	,0.0	,0.0	,0.0	,0.0	,0.0	,0.0	,0.0	,639.19	,639.19	,	,	,****,****,****,****,,否,否,	,	,	,否,	,	,	,	,	,	,	,	,	,	,	,	,否,否,	,否,	,,	,否,	,否,,,否
【6年套装】云米净水器600G小海豚升级版厨下式RO反渗透直饮家用,251122-573801797241371,已发货，待收货,1	,正常,2025-11-22 13:34:32,2025-11-23 13:34:32,,2025-11-22 18:47:19,	,852932116812	,小海豚600G+6年滤芯套装,1812983769340	,厨房电器,净水器/净水设备及配件耗材,净水器,	,S2508151538001,	,	,	,无售后或售后取消,,2025-11-22 13:34:32,	,,,,,,,否,否,	,否,	,,764.28	,0.0	,0.0	,76.42	,1.37	,0.0	,0.0	,0.0	,687.86	,764.28	,JDV024202715454,京东大件物流,四川省,成都市,双流区,,,否,否,	,	,	,否,	,	,	,	,	,	,	,	,	,	,	,	,否,否,	,否,否,,	,否,	,否,,,否
VIOMI云米净水器1000G厨下直饮小体积净水机RO机智显龙头3秒满杯,251122-439070288240330,已收货,1	,正常,2025-11-22 13:13:19,2025-11-23 13:13:19,,2025-11-22 18:47:19,2025-11-26 22:50:51,842195971715	,1000G大通量RO净水器,1803617356458	,厨房电器,净水器/净水设备及配件耗材,净水器,	,6923185654247	,	,	,	,无售后或售后取消,,2025-11-22 13:13:19,	,,,,,,,否,否,	,否,	,,823.0	,0.0	,50.0	,0.0	,5.0	,0.0	,0.0	,0.0	,773.0	,773.0	,JDV024202228545,京东大件物流,陕西省,延安市,宝塔区,,,否,否,	,	,	,否,	,	,	,	,	,	,	,	,	,	,	,	,否,否,	,否,否,,	,否,	,否,,,否
云米净水器滤芯家用小海豚小蓝调小白龙系列专用RO反渗透,251122-530590011791789,已收货，退款成功,1	,正常,2025-11-22 13:11:48,2025-11-24 13:11:49,,2025-11-22 17:20:28,2025-11-23 09:55:43,232467205433	,5in1 复合滤芯,1647394585330	,厨房电器,净水器/净水设备及配件耗材,净水器配件耗材,	,6923185627425	,	,到手价109 [viomi华华 11/22 13:13]40仅退款 [viomi范范sk 11/23 09:57],	,退款成功,,2025-11-22 13:11:49,	,,,,,,,否,否,	,否,	,,149.0	,0.0	,0.0	,0.0	,0.17	,0.0	,0.0	,0.0	,149.0	,149.0	,JDV024199834327,京东大件物流,河北省,石家庄市,桥西区,,,否,否,	,	,	,否,	,	,	,	,	,	,	,	,	,	,	,	,否,否,	,否,否,,	,否,	,否,,,否
VIOMI云米净水器1000G厨下直饮小体积净水机RO机智显龙头3秒满杯,251122-268980795733848,已发货，待收货,1	,正常,2025-11-22 13:10:39,2025-11-23 13:10:39,,2025-11-22 18:47:20,	,842195971715	,1000G大通量RO净水器,1803617356458	,厨房电器,净水器/净水设备及配件耗材,净水器,	,6923185654247	,	,13653647179安装 [viomi英英sk 11/24 17:07],	,无售后或售后取消,,2025-11-22 13:10:39,	,,,,,,,否,否,	,否,	,,823.0	,0.0	,50.0	,0.0	,0.0	,0.0	,0.0	,0.0	,773.0	,773.0	,JDV024202258056,京东大件物流,山西省,太原市,晋源区,,,否,否,	,	,	,否,	,	,	,	,	,	,	,	,	,	,	,	,否,否,	,否,否,,	,否,	,否,,,否
【重磅新品】云米净水器600G小海豚升级版厨下式RO反渗透直饮家用,251122-338480392504064,已发货，待收货,1	,正常,2025-11-22 13:11:14,2025-11-23 13:11:14,,2025-11-22 17:20:27,	,852161740747	,小海豚600G+6年滤芯套装,1812658223669	,厨房电器,净水器/净水设备及配件耗材,净水器,	,S2508151538001,	,送检测笔===已登记赠品 [viomi诺诺sk 11/23 22:41],	,无售后或售后取消,,2025-11-22 13:11:14,	,,,,,,,否,否,	,否,	,,764.9	,0.0	,0.0	,100.0	,0.0	,0.0	,0.0	,0.0	,664.9	,764.9	,JDV024201143766,京东大件物流,河南省,开封市,禹王台区,,,否,否,	,	,	,否,	,	,	,	,	,	,	,	,	,	,	,	,否,否,	,否,是,6	,消费者,否,	,否,,信用卡分期,否
【重磅新品】云米净水器600G小海豚升级版厨下式RO反渗透直饮家用,251122-519852531223868,已收货,1	,正常,2025-11-22 13:02:11,2025-11-23 13:02:12,,2025-11-22 17:20:45,2025-11-24 18:16:28,225501370546	,小海豚600G,1813468330532	,厨房电器,净水器/净水设备及配件耗材,净水器,	,6923185653684	,6923185616399	,15753719767安装 [viomi英英sk 11/23 17:03],	,无售后或售后取消,,2025-11-22 13:02:12,	,,,,,,,否,否,	,否,	,,559.0	,0.0	,0.0	,33.54	,6.0	,0.0	,0.0	,0.0	,525.46	,559.0	,JDV024201238869,京东大件物流,山东省,济宁市,嘉祥县,,,否,否,	,	,	,否,	,	,	,	,	,	,	,	,	,	,	,	,否,否,	,否,否,,	,否,	,否,,,否
【重磅新品】云米净水器600G小海豚升级版厨下式RO反渗透直饮家用,251122-143004854642973,已发货，待收货,1	,正常,2025-11-22 12:57:22,2025-11-23 12:57:22,,2025-11-22 18:47:20,	,225501370546	,小海豚600G,1813468330532	,厨房电器,净水器/净水设备及配件耗材,净水器,	,6923185653684	,6923185616399	,	,	,无售后或售后取消,,2025-11-22 12:57:22,	,,,,,,,否,否,	,否,	,,559.0	,0.0	,0.0	,0.0	,0.0	,0.0	,0.0	,0.0	,559.0	,559.0	,JDV024202204112,京东大件物流,广西壮族自治区,贺州市,八步区,,,否,否,	,	,	,否,	,	,	,	,	,	,	,	,	,	,	,	,否,否,	,否,否,,	,否,	,否,,,否
【母婴直饮】云米净水器 SE 600G+ 新升级厨下式RO反渗透直饮家用,251122-613375055390274,已发货，待收货,1	,正常,2025-11-22 12:57:40,2025-11-23 12:57:41,,2025-11-22 18:47:20,	,819506595979	,【24年新品】600G升级版6年长效,1787046011387	,厨房电器,净水器/净水设备及配件耗材,净水器,	,6923185653684	,6923185616399	,	,	,无售后或售后取消,,2025-11-22 12:57:41,	,,,,,,,否,否,	,否,	,,748.0	,0.0	,134.64	,74.8	,0.0	,0.0	,0.0	,0.0	,538.56	,613.36	,JDV024202192015,京东大件物流,江苏省,盐城市,响水县,,,否,否,	,	,	,否,	,	,	,	,	,	,	,	,	,	,	,	,否,否,	,否,否,,	,否,	,否,,,否
【重磅新品】云米净水器600G小海豚升级版厨下式RO反渗透直饮家用,251122-173696652830274,未发货，退款成功,1	,正常,2025-11-22 12:42:56,2025-11-23 12:42:56,,	,	,225501370546	,小海豚600G,1813468330532	,厨房电器,净水器/净水设备及配件耗材,净水器,	,6923185653684	,6923185616399	,聚水潭已取消发货 已退款   叶11.22,	,退款成功,,2025-11-22 12:42:56,	,,,,,,,否,否,	,否,	,,559.0	,0.0	,0.0	,0.0	,6.0	,0.0	,0.0	,0.0	,559.0	,559.0	,	,	,江苏省,盐城市,响水县,,,否,否,	,	,	,否,	,	,	,	,	,	,	,	,	,	,	,	,否,否,	,否,否,,	,否,	,否,,,否
【母婴直饮】云米净水器 SE 600G+ 新升级厨下式RO反渗透直饮家用,251122-274391417163464,已收货,1	,正常,2025-11-22 12:27:20,2025-11-23 12:27:20,,2025-11-22 14:59:01,2025-11-27 20:40:58,819506595979	,【24年新品】600G升级版6年长效,1787046011387	,厨房电器,净水器/净水设备及配件耗材,净水器,	,6923185653684	,6923185616399	,13572051326安装 [viomi慧慧sk 11/24 14:39],	,无售后或售后取消,,2025-11-22 12:27:20,	,,,,,,,否,否,	,否,	,,748.0	,0.0	,135.6	,70.0	,0.0	,0.0	,0.0	,0.0	,542.4	,612.4	,JDV024200183835,京东大件物流,海南省,省直辖县级行政区划,陵水黎族自治县,,,否,否,	,	,	,否,	,	,	,	,	,	,	,	,	,	,	,	,否,否,	,否,否,,	,否,	,否,,,否
【母婴直饮】云米净水器 SE 600G+ 新升级厨下式RO反渗透直饮家用,251122-029664233012646,未发货，退款成功,1	,正常,2025-11-22 12:14:50,2025-11-23 12:14:50,,	,	,819506595979	,【24年新品】600G升级版6年长效,1787046011387	,厨房电器,净水器/净水设备及配件耗材,净水器,	,6923185653684	,6923185616399	,拦截	ZX2511220063342	 ,	,退款成功,,2025-11-22 12:14:50,	,,,,,,,否,否,	,否,	,,748.0	,0.0	,139.6	,50.0	,0.0	,0.0	,0.0	,0.0	,558.4	,608.4	,	,	,江苏省,无锡市,宜兴市,,,否,否,	,	,	,否,	,	,	,	,	,	,	,	,	,	,	,	,否,否,	,否,否,,	,否,	,否,,,否
【重磅新品】云米净水器600G小海豚升级版厨下式RO反渗透直饮家用,251122-325540943432137,已发货，待收货,1	,正常,2025-11-22 12:08:30,2025-11-23 12:08:30,,2025-11-22 14:59:00,	,225501370546	,小海豚600G,1813468330532	,厨房电器,净水器/净水设备及配件耗材,净水器,	,6923185653684	,6923185616399	,	,	,无售后或售后取消,,2025-11-22 12:08:30,	,,,,,,,否,否,	,否,	,,559.0	,0.0	,0.0	,3.0	,0.0	,0.0	,0.0	,0.0	,556.0	,559.0	,JDV024200261065,京东大件物流,广东省,茂名市,茂南区,,,否,否,	,	,	,否,	,	,	,	,	,	,	,	,	,	,	,	,否,否,	,否,否,,	,否,	,否,,,否
【重磅新品】云米净水器600G小海豚升级版厨下式RO反渗透直饮家用,251122-536912925010797,已取消,1	,正常,	,	,,	,	,225501370546	,小海豚600G,1813468330532	,厨房电器,净水器/净水设备及配件耗材,净水器,	,6923185653684	,6923185616399	,	,	,无售后或售后取消,,	,	,,,,,,,否,否,	,否,	,,559.0	,0.0	,0.0	,0.0	,0.0	,0.0	,0.0	,0.0	,559.0	,559.0	,	,	,****,****,****,****,,否,否,	,	,	,否,	,	,	,	,	,	,	,	,	,	,	,	,否,否,	,否,	,,	,否,	,否,,,否
【重磅新品】云米净水器600G小海豚升级版厨下式RO反渗透直饮家用,251122-239410890352805,已收货,1	,正常,2025-11-22 12:04:00,2025-11-23 12:04:00,,2025-11-22 17:20:27,2025-11-24 11:18:40,225501370546	,小海豚600G,1813468330532	,厨房电器,净水器/净水设备及配件耗材,净水器,	,6923185653684	,6923185616399	,	,	,无售后或售后取消,,2025-11-22 12:04:00,	,,,,,,,否,否,	,否,	,,559.0	,0.0	,0.0	,0.0	,0.0	,0.0	,0.0	,0.0	,559.0	,559.0	,JDV024200103889,京东大件物流,天津市,天津市,河西区,,,否,否,	,	,	,否,	,	,	,	,	,	,	,	,	,	,	,	,否,否,	,否,否,,	,否,	,否,,,否
【重磅新品】云米净水器600G小海豚升级版厨下式RO反渗透直饮家用,251122-491194949121923,已发货，待收货,1	,正常,2025-11-22 12:02:44,2025-11-23 12:02:44,,2025-11-22 17:20:28,	,225501370546	,小海豚600G,1813468330532	,厨房电器,净水器/净水设备及配件耗材,净水器,	,6923185653684	,6923185616399	,	,	,无售后或售后取消,,2025-11-22 12:02:44,	,,,,,,,否,否,	,否,	,,559.0	,0.0	,0.0	,0.0	,5.0	,0.0	,0.0	,0.0	,559.0	,559.0	,JDV024200105708,京东大件物流,河北省,廊坊市,霸州市,,,否,否,	,	,	,否,	,	,	,	,	,	,	,	,	,	,	,	,否,否,	,否,否,,	,否,	,否,,,否
【重磅新品】云米净水器600G小海豚升级版厨下式RO反渗透直饮家用,251122-108716377663003,未发货，退款成功,1	,正常,2025-11-22 11:59:33,2025-11-23 11:59:34,,	,	,225501370546	,小海豚600G,1813468330532	,厨房电器,净水器/净水设备及配件耗材,净水器,	,6923185653684	,6923185616399	,聚水潭已取消发货 已退款   叶11.22,	,退款成功,,2025-11-22 11:59:34,	,,,,,,,否,否,	,否,	,,559.0	,0.0	,0.0	,33.54	,0.0	,0.0	,0.0	,0.0	,525.46	,559.0	,	,	,山东省,临沂市,罗庄区,,,否,否,	,	,	,否,	,	,	,	,	,	,	,	,	,	,	,	,否,否,	,否,是,3	,商家,否,	,否,,信用卡分期,否
云米小厨宝6L电热水器厨房卫生间出水恒温储水式小型速热神器加热,251122-434488011102340,已发货，退款成功,1	,正常,2025-11-22 11:50:11,2025-11-23 11:50:12,,2025-11-22 14:59:49,	,208073193570	,热水即刻有-【6L】,1801828025682	,大家电,热水器,厨宝,	,6923185611233	,6923185611233	,拦截	ZX2511220063406	 ,	,退款成功,,2025-11-22 11:50:12,	,,,,,,,否,否,	,否,	,,279.0	,0.0	,14.0	,20.0	,0.0	,0.0	,0.0	,0.0	,245.0	,265.0	,JDV024200781866,京东大件物流,安徽省,蚌埠市,五河县,,,否,否,	,	,	,否,	,	,	,	,	,	,	,	,	,	,	,	,否,否,	,否,否,,	,否,	,否,,,否
【母婴直饮】云米净水器 SE 600G+ 新升级厨下式RO反渗透直饮家用,251122-195475597600786,已取消,1	,正常,	,	,,	,	,819506595979	,【24年新品】600G升级版6年长效,1787046011387	,厨房电器,净水器/净水设备及配件耗材,净水器,	,6923185653684	,6923185616399	,	,	,无售后或售后取消,,	,	,,,,,,,否,否,	,否,	,,748.0	,0.0	,134.64	,74.8	,0.0	,0.0	,0.0	,0.0	,538.56	,613.36	,	,	,****,****,****,****,,否,否,	,	,	,否,	,	,	,	,	,	,	,	,	,	,	,	,否,否,	,否,	,,	,否,	,否,,,否
云米水槽下水器垃圾处理器粉碎机下水道厨余搅碎机抑菌厨房家用,251122-006606036491307,已收货,1	,正常,2025-11-22 11:45:21,2025-11-23 11:45:21,,2025-11-22 14:59:01,2025-11-26 16:48:06,852614628903	,【智能】厨余垃圾处理器,1812695452997	,厨房电器,食物垃圾处理机,食物垃圾处理机,	,6923185610250	,6923185610250	,	,	,无售后或售后取消,,2025-11-22 11:45:21,	,,,,,,,否,否,	,否,	,,889.0	,0.0	,48.0	,32.0	,0.0	,0.0	,0.0	,0.0	,809.0	,841.0	,JDV024200132815,京东大件物流,海南省,省直辖县级行政区划,万宁市,,,否,否,	,	,	,否,	,	,	,	,	,	,	,	,	,	,	,	,否,否,	,否,否,,	,否,	,否,,,否
【重磅新品】云米净水器600G小海豚升级版厨下式RO反渗透直饮家用,251122-497549350541133,已收货,1	,正常,2025-11-22 11:45:56,2025-11-23 11:45:57,,2025-11-22 17:20:27,2025-11-23 19:42:15,225501370546	,小海豚600G,1813468330532	,厨房电器,净水器/净水设备及配件耗材,净水器,	,6923185653684	,6923185616399	,	,	,无售后或售后取消,,2025-11-22 11:45:57,	,,,,,,,否,否,	,否,	,,559.0	,0.0	,0.0	,33.54	,0.0	,0.0	,0.0	,0.0	,525.46	,559.0	,JDV024200399482,京东大件物流,山东省,潍坊市,高新区,,,否,否,	,	,	,否,	,	,	,	,	,	,	,	,	,	,	,	,否,否,	,否,否,,	,否,	,否,,,否
云米净水器滤芯小蓝调小海豚600G+专用复合滤芯RO反渗透滤芯过滤,251122-335229827363021,已收货，退款成功,2	,正常,2025-11-22 11:38:39,2025-11-23 11:38:39,,2025-11-22 14:59:02,2025-11-25 12:19:40,296967601341	,5in1复合滤芯 2年长效,1600193054565	,厨房电器,净水器/净水设备及配件耗材,净水器配件耗材,	,6923185627425	,	,后返到手价198===已退差394 [viomi诺诺sk 11/25 12:21] 【补差】平台已退394.02元  11.25,	,退款成功,,2025-11-22 11:38:39,	,,,,,,,否,否,	,否,	,,598.0	,0.0	,5.98	,0.0	,0.0	,0.0	,0.0	,0.0	,592.02	,592.02	,JDV024200179020,京东大件物流,福建省,厦门市,思明区,,,否,否,	,	,	,否,	,	,	,	,	,	,	,	,	,	,	,	,否,否,	,否,否,,	,否,	,否,,,否
【重磅新品】云米净水器600G小海豚升级版厨下式RO反渗透直饮家用,251122-568621863203021,已收货,1	,正常,2025-11-22 11:36:29,2025-11-23 11:36:29,,2025-11-22 14:59:00,2025-11-25 11:59:17,225501370546	,小海豚600G,1813468330532	,厨房电器,净水器/净水设备及配件耗材,净水器,	,6923185653684	,6923185616399	,13166287535安装 [viomi英英sk 11/23 18:13],	,无售后或售后取消,,2025-11-22 11:36:29,	,,,,,,,否,否,	,否,	,,559.0	,0.0	,0.0	,33.54	,1.05	,0.0	,0.0	,0.0	,525.46	,559.0	,JDV024200279297,京东大件物流,福建省,厦门市,思明区,,,否,否,	,	,	,否,	,	,	,	,	,	,	,	,	,	,	,	,否,否,	,否,否,,	,否,	,否,,,否
【购买前须联系客服确认】补收差价专用商品,251122-218166750782744,已收货,30000	,正常,2025-11-22 11:35:30,2025-11-23 11:35:30,,2025-11-22 11:35:41,2025-11-22 11:35:41,322805615497	,	,1061861892357	,虚拟商品,个性定制/设计服务/DIY,个人定制原材料,	,	,	,二线 [viomi英英sk 11/22 11:54],	,无售后或售后取消,,2025-11-22 11:35:30,	,,,,,,,否,否,	,否,	,,300.0	,0.0	,0.0	,0.0	,0.0	,0.0	,0.0	,0.0	,300.0	,300.0	,	,	,	,	,	,,,否,否,	,	,	,否,	,	,	,	,	,	,	,	,	,	,	,	,否,否,	,否,否,,	,否,	,否,,,否
云米顶侧双吸烟灶套装22m³大吸力抽油烟机聚能猛火灶节能燃气家用,251122-383485253252774,已取消,1	,正常,	,	,,	,	,382839923175	,【两件套】顶侧双吸烟机+5.2KW灶（天）,1743705224006	,大家电,厨房大电,烟灶消套装,	,S2309261029001,蓝调套装,	,	,无售后或售后取消,,	,	,,,,,,,否,否,	,否,	,,1205.0	,0.0	,61.0	,50.0	,0.0	,0.0	,0.0	,0.0	,1094.0	,1144.0	,	,	,****,****,****,****,,否,否,	,	,	,否,	,	,	,	,	,	,	,	,	,	,	,	,否,否,	,否,	,,	,否,	,否,,,否
【6年套装】云米净水器600G小海豚升级版厨下式RO反渗透直饮家用,251122-293150400080919,已收货,1	,正常,2025-11-22 11:33:18,2025-11-23 11:33:18,,2025-11-22 14:59:00,2025-11-29 08:10:48,852932116812	,小海豚600G+6年滤芯套装,1812983769340	,厨房电器,净水器/净水设备及配件耗材,净水器,	,S2508151538001,	,	,	,无售后或售后取消,,2025-11-22 11:33:18,	,,,,,,,否,否,	,否,	,,764.28	,0.0	,0.0	,100.0	,0.0	,0.0	,0.0	,0.0	,664.28	,764.28	,JDV024200183610,京东大件物流,湖北省,武汉市,江夏区,,,否,否,	,	,	,否,	,	,	,	,	,	,	,	,	,	,	,	,否,否,	,否,否,,	,否,	,否,,,否
【重磅新品】云米净水器600G小海豚升级版厨下式RO反渗透直饮家用,251122-650683431203021,未发货，退款成功,1	,正常,2025-11-22 11:30:26,2025-11-23 11:30:26,,	,	,225501370546	,小海豚600G,1813468330532	,厨房电器,净水器/净水设备及配件耗材,净水器,	,6923185653684	,6923185616399	,聚水潭已取消发货 已退款   叶11.22,	,退款成功,,2025-11-22 11:30:26,	,,,,,,,否,否,	,否,	,,559.0	,0.0	,0.0	,0.0	,1.11	,0.0	,0.0	,0.0	,559.0	,559.0	,	,	,福建省,厦门市,思明区,,,否,否,	,	,	,否,	,	,	,	,	,	,	,	,	,	,	,	,否,否,	,否,否,,	,否,	,否,,,否
云米净水器滤芯小蓝调小海豚600G+专用复合滤芯RO反渗透滤芯过滤,251122-470621918823337,已收货，退款成功,2	,正常,2025-11-22 11:24:50,2025-11-23 11:24:50,,2025-11-22 14:59:02,2025-11-23 20:00:46,296967601341	,5in1复合滤芯 2年长效,1600193054565	,厨房电器,净水器/净水设备及配件耗材,净水器配件耗材,	,6923185627425	,	,到手价198元===已退394  【补差】平台已退394.02元  11.24,	,退款成功,,2025-11-22 11:24:50,	,,,,,,,否,否,	,否,	,,598.0	,0.0	,5.98	,0.0	,5.0	,0.0	,0.0	,0.0	,592.02	,592.02	,JDV024199389878,京东大件物流,江苏省,苏州市,昆山市,,,否,否,	,	,	,否,	,	,	,	,	,	,	,	,	,	,	,	,否,否,	,否,否,,	,否,	,否,,,否
【重磅新品】云米净水器600G小海豚升级版厨下式RO反渗透直饮家用,251122-099793016462479,已发货，退款成功,1	,正常,2025-11-22 11:21:30,2025-11-23 11:21:30,,2025-11-22 14:59:01,	,225501370546	,小海豚600G,1813468330532	,厨房电器,净水器/净水设备及配件耗材,净水器,	,6923185653684	,6923185616399	,拦截	ZX2511220063331,	,退款成功,,2025-11-22 11:21:30,	,,,,,,,否,否,	,否,	,,559.0	,0.0	,0.0	,0.0	,0.2	,0.0	,0.0	,0.0	,559.0	,559.0	,JDV024200181396,京东大件物流,陕西省,铜川市,王益区,,,否,否,	,	,	,否,	,	,	,	,	,	,	,	,	,	,	,	,否,否,	,否,否,,	,否,	,否,,,否
【母婴直饮】云米净水器 SE 600G+ 新升级厨下式RO反渗透直饮家用,251122-102477360640408,已收货,1	,正常,2025-11-22 11:06:42,2025-11-23 11:06:43,2025-11-23 23:59:59,2025-11-22 14:59:02,2025-11-23 16:51:30,819506595979	,【24年新品】600G升级版6年长效,1787046011387	,厨房电器,净水器/净水设备及配件耗材,净水器,	,6923185653684	,6923185616399	,13536434134安装 [viomi莉莉sk 11/23 14:39],	,无售后或售后取消,,2025-11-22 11:06:43,	,,,,,,,否,否,	,否,	,,748.0	,0.0	,145.6	,20.0	,0.0	,0.0	,0.0	,0.0	,582.4	,602.4	,JDV024200165574,京东大件物流,广东省,中山市,坦洲镇,,,否,否,	,	,	,否,	,	,	,	,	,	,	,	,	,	,	,	,否,否,	,否,否,,	,否,	,否,,,否
【6年套装】云米净水器600G小海豚升级版厨下式RO反渗透直饮家用,251122-437937794581569,已发货，待收货,1	,正常,2025-11-22 11:03:33,2025-11-23 11:03:33,,2025-11-22 14:59:01,	,852932116812	,小海豚600G+6年滤芯套装,1812983769340	,厨房电器,净水器/净水设备及配件耗材,净水器,	,S2508151538001,	,	,	,无售后或售后取消,,2025-11-22 11:03:33,	,,,,,,,否,否,	,否,	,,764.28	,0.0	,0.0	,100.0	,5.0	,0.0	,0.0	,0.0	,664.28	,764.28	,JDV024200194320,京东大件物流,广东省,广州市,增城区,,,否,否,	,	,	,否,	,	,	,	,	,	,	,	,	,	,	,	,否,否,	,否,否,,	,否,	,否,,,否
【6年套装】云米净水器600G小海豚升级版厨下式RO反渗透直饮家用,251122-606118878731432,已发货，待收货,1	,正常,2025-11-22 11:03:51,2025-11-23 11:03:51,,2025-11-22 14:59:01,	,852932116812	,小海豚600G+6年滤芯套装,1812983769340	,厨房电器,净水器/净水设备及配件耗材,净水器,	,S2508151538001,	,	,	,无售后或售后取消,,2025-11-22 11:03:51,	,,,,,,,否,否,	,否,	,,764.28	,0.0	,0.0	,76.42	,5.0	,0.0	,0.0	,0.0	,687.86	,764.28	,JDV024200211089,京东大件物流,广西壮族自治区,河池市,宜州区,,,否,否,	,	,	,否,	,	,	,	,	,	,	,	,	,	,	,	,否,否,	,否,否,,	,否,	,否,,,否
【重磅新品】云米净水器600G小海豚升级版厨下式RO反渗透直饮家用,251122-435935035804065,已收货,1	,正常,2025-11-22 10:55:00,2025-11-23 10:55:00,,2025-11-22 14:59:01,2025-11-28 23:19:57,225501370546	,小海豚600G,1813468330532	,厨房电器,净水器/净水设备及配件耗材,净水器,	,6923185653684	,6923185616399	,	,	,无售后或售后取消,,2025-11-22 10:55:00,	,,,,,,,否,否,	,否,	,,559.0	,0.0	,0.0	,100.0	,2.0	,0.0	,0.0	,0.0	,459.0	,559.0	,JDV024200132563,京东大件物流,四川省,德阳市,广汉市,,,否,否,	,	,	,否,	,	,	,	,	,	,	,	,	,	,	,	,否,否,	,否,否,,	,否,	,否,,,否
【重磅新品】云米净水器600G小海豚升级版厨下式RO反渗透直饮家用,251122-183972718893817,已发货，待收货,1	,正常,2025-11-22 10:53:17,2025-11-23 10:53:17,,2025-11-22 14:59:01,	,225501370546	,小海豚600G,1813468330532	,厨房电器,净水器/净水设备及配件耗材,净水器,	,6923185653684	,6923185616399	,	,	,无售后或售后取消,,2025-11-22 10:53:17,	,,,,,,,否,否,	,否,	,,559.0	,0.0	,0.0	,3.0	,0.0	,0.0	,0.0	,0.0	,556.0	,559.0	,JDV024199337472,京东大件物流,内蒙古自治区,呼和浩特市,赛罕区,,,否,否,	,	,	,否,	,	,	,	,	,	,	,	,	,	,	,	,否,否,	,否,否,,	,否,	,否,,,否
Viomi云米净水器1000G厨下式RO反渗透直饮过滤器净饮小海豚2,251122-558712757912269,未发货，退款成功,1	,正常,2025-11-22 10:53:05,2025-11-23 10:53:05,,	,	,205458105137	,小海豚2包安装1000G大加仑,1802849942800	,厨房电器,净水器/净水设备及配件耗材,净水器,	,6923185654865	,	,聚水潭已取消发货 已退款   叶11.22,	,退款成功,,2025-11-22 10:53:05,	,,,,,,,否,否,	,否,	,,999.0	,0.0	,0.0	,0.0	,0.0	,0.0	,0.0	,0.0	,999.0	,999.0	,	,	,上海市,上海市,长宁区,,,否,否,	,	,	,否,	,	,	,	,	,	,	,	,	,	,	,	,否,否,	,否,否,,	,否,	,否,,,否
【重磅新品】云米净水器600G小海豚升级版厨下式RO反渗透直饮家用,251122-327019425301063,已发货，待收货,1	,正常,2025-11-22 10:44:53,2025-11-23 10:44:53,,2025-11-22 14:59:01,	,225501370546	,小海豚600G,1813468330532	,厨房电器,净水器/净水设备及配件耗材,净水器,	,6923185653684	,6923185616399	,	,	,无售后或售后取消,,2025-11-22 10:44:53,	,,,,,,,否,否,	,否,	,,559.0	,0.0	,0.0	,0.0	,0.0	,0.0	,0.0	,0.0	,559.0	,559.0	,JDV024200152991,京东大件物流,四川省,成都市,锦江区,,,否,否,	,	,	,否,	,	,	,	,	,	,	,	,	,	,	,	,否,否,	,否,否,,	,否,	,否,,,否
【购买前须联系客服确认】补收差价专用商品,251122-563242626622528,已收货,30000	,正常,2025-11-22 10:43:36,2025-11-23 10:43:36,,2025-11-22 10:43:46,2025-11-22 10:43:46,322805615497	,	,1061861892357	,虚拟商品,个性定制/设计服务/DIY,个人定制原材料,	,	,	,二线 [viomi英英sk 11/22 10:44],	,无售后或售后取消,,2025-11-22 10:43:36,	,,,,,,,否,否,	,否,	,,300.0	,0.0	,0.0	,0.0	,0.0	,0.0	,0.0	,0.0	,300.0	,300.0	,	,	,	,	,	,,,否,否,	,	,	,否,	,	,	,	,	,	,	,	,	,	,	,	,否,否,	,否,否,,	,否,	,否,,,否
【重磅新品】云米净水器600G小海豚升级版厨下式RO反渗透直饮家用,251122-535046459793927,已收货,1	,正常,2025-11-22 10:36:33,2025-11-23 10:36:33,,2025-11-22 14:59:01,2025-11-26 11:44:25,225501370546	,小海豚600G,1813468330532	,厨房电器,净水器/净水设备及配件耗材,净水器,	,6923185653684	,6923185616399	,	,	,无售后或售后取消,,2025-11-22 10:36:33,	,,,,,,,否,否,	,否,	,,559.0	,0.0	,0.0	,0.0	,0.0	,0.0	,0.0	,0.0	,559.0	,559.0	,JDV024199337463,京东大件物流,吉林省,长春市,双阳区,,,否,否,	,	,	,否,	,	,	,	,	,	,	,	,	,	,	,	,否,否,	,否,否,,	,否,	,否,,,否
【重磅新品】云米净水器600G小海豚升级版厨下式RO反渗透直饮家用,251122-577733957132934,已发货，待收货,1	,正常,2025-11-22 10:34:25,2025-11-23 10:34:25,,2025-11-22 14:59:01,	,225501370546	,小海豚600G,1813468330532	,厨房电器,净水器/净水设备及配件耗材,净水器,	,6923185653684	,6923185616399	,	,	,无售后或售后取消,,2025-11-22 10:34:25,	,,,,,,,否,否,	,否,	,,559.0	,0.0	,0.0	,0.0	,0.0	,0.0	,0.0	,0.0	,559.0	,559.0	,JDV024200152892,京东大件物流,广东省,江门市,江海区,,,否,否,	,	,	,否,	,	,	,	,	,	,	,	,	,	,	,	,否,否,	,否,否,,	,否,	,否,,,否
VIOMI云米净水器大通量小海豚800G反渗透RO厨下式家用长效滤芯,251122-202186462801246,已收货，退款成功,1	,正常,2025-11-22 10:27:24,2025-11-23 10:27:25,,2025-11-25 14:43:04,2025-11-28 20:08:10,850333437206	,竹炭复合商品滤芯,1810726753549	,厨房电器,净水器/净水设备及配件耗材,净水器,	,6923185654193	,	,到手价99元  地址不详==已退200 [viomi诺诺sk 11/28 20:09]==【补差】平台已退200元 叶11.28,	,退款成功,,2025-11-22 10:27:25,	,,,,,,,否,否,	,否,	,,299.0	,0.0	,0.0	,0.0	,0.0	,0.0	,0.0	,0.0	,299.0	,299.0	,JDV024243306444,京东大件物流,广东省,广州市,黄埔区,,,否,否,	,	,	,否,	,	,	,	,	,	,	,	,	,	,	,	,否,否,	,否,否,,	,否,	,否,,,否
云米净水器滤芯家用小海豚小蓝调小白龙系列专用RO反渗透,251122-555923545651855,已发货，待收货,1	,正常,2025-11-22 10:25:19,2025-11-24 10:25:19,,2025-11-22 14:20:39,	,232467205433	,5in1 复合滤芯,1647394585330	,厨房电器,净水器/净水设备及配件耗材,净水器配件耗材,	,6923185627425	,	,到手价109元,	,无售后或售后取消,,2025-11-22 10:25:19,	,,,,,,,否,否,	,否,	,,149.0	,0.0	,0.0	,0.0	,0.17	,0.0	,0.0	,0.0	,149.0	,149.0	,JDV024197093592,京东配送,山东省,青岛市,莱西市,,,否,否,	,	,	,否,	,	,	,	,	,	,	,	,	,	,	,	,否,否,	,否,否,,	,否,	,否,,,否
【重磅新品】云米净水器600G小海豚升级版厨下式RO反渗透直饮家用,251122-540907999592745,已发货，待收货,1	,正常,2025-11-22 10:22:46,2025-11-23 10:22:46,,2025-11-22 14:59:01,	,225501370546	,小海豚600G,1813468330532	,厨房电器,净水器/净水设备及配件耗材,净水器,	,6923185653684	,6923185616399	,	,	,无售后或售后取消,,2025-11-22 10:22:46,	,,,,,,,否,否,	,否,	,,559.0	,0.0	,0.0	,33.54	,1.34	,0.0	,0.0	,0.0	,525.46	,559.0	,JDV024198398808,京东大件物流,山东省,潍坊市,潍城区,,,否,否,	,	,	,否,	,	,	,	,	,	,	,	,	,	,	,	,否,否,	,否,否,,	,否,	,否,,,否
【重磅新品】云米净水器600G小海豚升级版厨下式RO反渗透直饮家用,251122-232542759201046,已收货,1	,正常,2025-11-22 10:19:54,2025-11-23 10:19:54,,2025-11-22 14:59:02,2025-11-26 03:40:23,225501370546	,小海豚600G,1813468330532	,厨房电器,净水器/净水设备及配件耗材,净水器,	,6923185653684	,6923185616399	,	,	,无售后或售后取消,,2025-11-22 10:19:54,	,,,,,,,否,否,	,否,	,,559.0	,0.0	,0.0	,100.0	,0.0	,0.0	,0.0	,0.0	,459.0	,559.0	,JDV024198447192,京东大件物流,天津市,天津市,北辰区,,,否,否,	,	,	,否,	,	,	,	,	,	,	,	,	,	,	,	,否,否,	,否,否,,	,否,	,否,,,否
【6年套装】云米净水器600G小海豚升级版厨下式RO反渗透直饮家用,251122-648040988983918,已收货,1	,正常,2025-11-22 10:18:34,2025-11-23 10:18:34,,2025-11-22 14:08:55,2025-11-24 14:18:18,852932116812	,小海豚600G+6年滤芯套装,1812983769340	,厨房电器,净水器/净水设备及配件耗材,净水器,	,S2508151538001,	,13884957759安装 [viomi英英sk 11/23 17:52],	,无售后或售后取消,,2025-11-22 10:18:34,	,,,,,,,否,否,	,否,	,,764.28	,0.0	,0.0	,100.0	,1.32	,0.0	,0.0	,0.0	,664.28	,764.28	,JDV024198422956,京东配送,山东省,青岛市,即墨区,,,否,否,	,	,	,否,	,	,	,	,	,	,	,	,	,	,	,	,否,否,	,否,否,,	,否,	,否,,,否
【母婴直饮】云米净水器 SE 600G+ 新升级厨下式RO反渗透直饮家用,251122-294985449783918,未发货，退款成功,1	,正常,2025-11-22 10:13:05,2025-11-23 10:13:06,,	,	,819506595979	,【24年新品】600G升级版6年长效,1787046011387	,厨房电器,净水器/净水设备及配件耗材,净水器,	,6923185653684	,6923185616399	,聚水潭已取消发货 已退款   叶11.22,	,退款成功,,2025-11-22 10:13:06,	,,,,,,,否,否,	,否,	,,748.0	,0.0	,149.6	,0.0	,0.0	,0.0	,0.0	,0.0	,598.4	,598.4	,	,	,山东省,青岛市,即墨区,,,否,否,	,	,	,否,	,	,	,	,	,	,	,	,	,	,	,	,否,否,	,否,否,,	,否,	,否,,,否
【重磅新品】云米净水器600G小海豚升级版厨下式RO反渗透直饮家用,251122-309896189490217,已收货,1	,正常,2025-11-22 10:09:44,2025-11-23 10:09:44,,2025-11-22 14:59:01,2025-11-24 21:43:21,225501370546	,小海豚600G,1813468330532	,厨房电器,净水器/净水设备及配件耗材,净水器,	,6923185653684	,6923185616399	,	,	,无售后或售后取消,,2025-11-22 10:09:44,	,,,,,,,否,否,	,否,	,,559.0	,0.0	,0.0	,0.0	,3.0	,0.0	,0.0	,0.0	,559.0	,559.0	,JDV024200180865,京东大件物流,四川省,成都市,青白江区,,,否,否,	,	,	,否,	,	,	,	,	,	,	,	,	,	,	,	,否,否,	,否,否,,	,否,	,否,,,否
【重磅新品】云米净水器600G小海豚升级版厨下式RO反渗透直饮家用,251122-682937556532484,已收货,1	,正常,2025-11-22 10:09:03,2025-11-23 10:09:03,,2025-11-22 14:59:02,2025-11-26 15:45:45,225501370546	,小海豚600G,1813468330532	,厨房电器,净水器/净水设备及配件耗材,净水器,	,6923185653684	,6923185616399	,	,	,无售后或售后取消,,2025-11-22 10:09:03,	,,,,,,,否,否,	,否,	,,559.0	,0.0	,0.0	,0.0	,12.0	,0.0	,0.0	,0.0	,559.0	,559.0	,JDV024198534376,京东大件物流,吉林省,长春市,净月区,,,否,否,	,	,	,否,	,	,	,	,	,	,	,	,	,	,	,	,否,否,	,否,否,,	,否,	,否,,,否
【重磅新品】云米净水器600G小海豚升级版厨下式RO反渗透直饮家用,251122-424264384801041,已取消,1	,正常,	,	,,	,	,225501370546	,小海豚600G,1813468330532	,厨房电器,净水器/净水设备及配件耗材,净水器,	,6923185653684	,6923185616399	,	,	,无售后或售后取消,,	,	,,,,,,,否,否,	,否,	,,559.0	,0.0	,0.0	,0.0	,0.0	,0.0	,0.0	,0.0	,559.0	,559.0	,	,	,****,****,****,****,,否,否,	,	,	,否,	,	,	,	,	,	,	,	,	,	,	,	,否,否,	,否,	,,	,否,	,否,,,否
【6年套装】云米净水器600G小海豚升级版厨下式RO反渗透直饮家用,251122-260938176150378,已收货,1	,正常,2025-11-22 10:01:24,2025-11-23 10:01:24,,2025-11-22 14:59:02,2025-11-27 21:17:06,852932116812	,小海豚600G+6年滤芯套装,1812983769340	,厨房电器,净水器/净水设备及配件耗材,净水器,	,S2508151538001,	,	,	,无售后或售后取消,,2025-11-22 10:01:24,	,,,,,,,否,否,	,否,	,,764.28	,0.0	,0.0	,91.71	,0.0	,0.0	,0.0	,0.0	,672.57	,764.28	,JDV024200131133,京东大件物流,新疆维吾尔自治区,阿勒泰地区,哈巴河县,,,否,否,	,	,	,否,	,	,	,	,	,	,	,	,	,	,	,	,否,否,	,否,否,,	,否,	,否,,,否
【重磅新品】云米净水器600G小海豚升级版厨下式RO反渗透直饮家用,251122-456812172940469,已取消,1	,正常,	,	,,	,	,225501370546	,小海豚600G,1813468330532	,厨房电器,净水器/净水设备及配件耗材,净水器,	,6923185653684	,6923185616399	,	,	,无售后或售后取消,,	,	,,,,,,,否,否,	,否,	,,559.0	,0.0	,0.0	,0.0	,0.0	,0.0	,0.0	,0.0	,559.0	,559.0	,	,	,****,****,****,****,,否,否,	,	,	,否,	,	,	,	,	,	,	,	,	,	,	,	,否,否,	,否,	,,	,否,	,否,,,否
【母婴直饮】云米净水器 SE 600G+ 新升级厨下式RO反渗透直饮家用,251122-599041000971432,已取消,1	,正常,	,	,,	,	,819506595979	,【24年新品】600G升级版6年长效,1787046011387	,厨房电器,净水器/净水设备及配件耗材,净水器,	,6923185653684	,6923185616399	,	,	,无售后或售后取消,,	,	,,,,,,,否,否,	,否,	,,748.0	,0.0	,131.64	,89.76	,0.0	,0.0	,0.0	,0.0	,526.6	,616.36	,	,	,****,****,****,****,,否,否,	,	,	,否,	,	,	,	,	,	,	,	,	,	,	,	,否,否,	,否,	,,	,否,	,否,,,否
【冷热直饮套装】云米净水器家用厨下管线机套装一键即热制冷直饮,251122-290413626881355,已收货,1	,正常,2025-11-22 09:25:14,2025-11-23 09:25:14,,2025-11-22 14:01:04,2025-11-27 13:13:02,480070620581	,【冷热净水直饮套装】新品净水器+冷热管线机,1620106386127	,厨房电器,净水器/净水设备及配件耗材,净水器,	,S2407170910001,	,	,	,无售后或售后取消,,2025-11-22 09:25:14,	,,,,,,,否,否,	,否,	,,1434.0	,0.0	,0.0	,100.0	,0.0	,0.0	,0.0	,0.0	,1334.0	,1434.0	,JDV024198415756,京东配送,河北省,衡水市,景县,,,否,否,	,	,	,否,	,	,	,	,	,	,	,	,	,	,	,	,否,否,	,否,是,6	,商家,否,	,否,,信用卡分期,否
VIOMI云米净水器大通量小海豚800G反渗透RO厨下式家用长效滤芯,251122-520901169492580,已发货，待收货,1	,正常,2025-11-22 09:22:43,2025-11-23 09:22:44,,2025-11-22 14:59:03,	,837957770723	,800G大通量纯水机,1809123722986	,厨房电器,净水器/净水设备及配件耗材,净水器,	,6923185653974	,	,15876509027安装 [viomi范范sk 11/28 12:15],	,无售后或售后取消,,2025-11-22 09:22:44,	,,,,,,,否,否,	,否,	,,749.0	,0.0	,0.0	,4.0	,0.0	,0.0	,0.0	,0.0	,745.0	,749.0	,JDV024197943560,京东大件物流,广东省,广州市,天河区,,,否,否,	,	,	,否,	,	,	,	,	,	,	,	,	,	,	,	,否,否,	,否,否,,	,否,	,否,,,否
VIOMI云米净水器大通量小海豚800G反渗透RO厨下式家用长效滤芯,251122-498430196052580,未发货，退款成功,1	,正常,2025-11-22 09:21:59,2025-11-23 09:21:59,,	,	,837957770723	,800G大通量纯水机,1809123722986	,厨房电器,净水器/净水设备及配件耗材,净水器,	,6923185653974	,	,聚水潭已取消发货 已退款   叶11.22,	,退款成功,,2025-11-22 09:21:59,	,,,,,,,否,否,	,否,	,,749.0	,0.0	,0.0	,0.0	,0.0	,0.0	,0.0	,0.0	,749.0	,749.0	,	,	,广东省,广州市,天河区,,,否,否,	,	,	,否,	,	,	,	,	,	,	,	,	,	,	,	,否,否,	,否,否,,	,否,	,否,,,否
云米净水器滤芯小蓝调小海豚600G+专用复合滤芯RO反渗透滤芯过滤,251122-644664605093293,已收货，退款成功,2	,正常,2025-11-22 09:18:48,2025-11-23 09:18:49,,2025-11-22 14:59:04,2025-11-24 14:05:11,296967601341	,5in1复合滤芯 2年长效,1600193054565	,厨房电器,净水器/净水设备及配件耗材,净水器配件耗材,	,6923185627425	,	,后返到手价198=592.02-198=394.02差价仅退款 [viomi慧慧sk 11/24 14:07] 【补差】平台已退394.02元  11.24,	,退款成功,,2025-11-22 09:18:49,	,,,,,,,否,否,	,否,	,,598.0	,0.0	,5.98	,0.0	,0.2	,0.0	,0.0	,0.0	,592.02	,592.02	,JDV024197967923,京东大件物流,福建省,三明市,三元区,,,否,否,	,	,	,否,	,	,	,	,	,	,	,	,	,	,	,	,否,否,	,否,否,,	,否,	,否,,,否
【重磅新品】云米净水器600G小海豚升级版厨下式RO反渗透直饮家用,251122-158639122853293,已发货，待收货,1	,正常,2025-11-22 09:17:14,2025-11-23 09:17:14,,2025-11-22 14:59:03,	,225501370546	,小海豚600G,1813468330532	,厨房电器,净水器/净水设备及配件耗材,净水器,	,6923185653684	,6923185616399	,13960573160维修 [viomi英英sk 11/28 13:44],	,无售后或售后取消,,2025-11-22 09:17:14,	,,,,,,,否,否,	,否,	,,559.0	,0.0	,0.0	,0.0	,0.2	,0.0	,0.0	,0.0	,559.0	,559.0	,JDV024197916005,京东大件物流,福建省,三明市,三元区,,,否,否,	,	,	,否,	,	,	,	,	,	,	,	,	,	,	,	,否,否,	,否,否,,	,否,	,否,,,否
【重磅新品】云米净水器600G小海豚升级版厨下式RO反渗透直饮家用,251122-318746160682735,已收货，退款成功,1	,正常,2025-11-22 09:13:16,2025-11-23 09:13:16,,2025-11-22 14:59:03,2025-11-27 15:12:18,852161740747	,小海豚600G+6年滤芯套装,1812658223669	,厨房电器,净水器/净水设备及配件耗材,净水器,	,S2508151538001,	,送检测笔=检测笔已登+差价69.9仅退款 [viomi莉莉sk 11/27 15:25],	,退款成功,,2025-11-22 09:13:16,	,,,,,,,否,否,	,否,	,,764.9	,0.0	,0.0	,100.0	,0.2	,0.0	,0.0	,0.0	,664.9	,764.9	,JDV024197617653,京东大件物流,河南省,郑州市,高新技术开发区,,,否,否,	,	,	,否,	,	,	,	,	,	,	,	,	,	,	,	,否,否,	,否,否,,	,否,	,否,,,否
云米小厨宝6L电热水器厨房卫生间出水恒温储水式小型速热神器加热,251122-659722156371873,已收货,1	,正常,2025-11-22 09:13:12,2025-11-23 09:13:13,,2025-11-22 14:59:02,2025-11-26 13:50:07,208073193570	,热水即刻有-【6L】,1801828025682	,大家电,热水器,厨宝,	,6923185611233	,6923185611233	,	,	,无售后或售后取消,,2025-11-22 09:13:13,	,,,,,,,否,否,	,否,	,,279.0	,0.0	,14.0	,10.0	,0.0	,0.0	,0.0	,0.0	,255.0	,265.0	,JDV024197936559,京东大件物流,福建省,莆田市,荔城区,,,否,否,	,	,	,否,	,	,	,	,	,	,	,	,	,	,	,	,否,否,	,否,否,,	,否,	,否,,,否
【重磅新品】云米净水器600G小海豚升级版厨下式RO反渗透直饮家用,251122-455312698923526,已取消,1	,正常,	,	,,	,	,225501370546	,小海豚600G,1813468330532	,厨房电器,净水器/净水设备及配件耗材,净水器,	,6923185653684	,6923185616399	,	,	,无售后或售后取消,,	,	,,,,,,,否,否,	,否,	,,559.0	,0.0	,0.0	,33.54	,0.0	,0.0	,0.0	,0.0	,525.46	,559.0	,	,	,****,****,****,****,,否,否,	,	,	,否,	,	,	,	,	,	,	,	,	,	,	,	,否,否,	,否,	,,	,否,	,否,,,否
云米净水器滤芯家用小海豚小蓝调小白龙系列专用RO反渗透,251122-488468693282487,已发货，待收货,1	,正常,2025-11-22 08:57:47,2025-11-24 08:57:48,,2025-11-22 14:59:03,	,232467205433	,5in1 复合滤芯,1647394585330	,厨房电器,净水器/净水设备及配件耗材,净水器配件耗材,	,6923185627425	,	,后返到手价109元,	,无售后或售后取消,,2025-11-22 08:57:48,	,,,,,,,否,否,	,否,	,,149.0	,0.0	,0.0	,44.7	,0.0	,0.0	,0.0	,0.0	,104.3	,149.0	,JDV024197936433,京东大件物流,广东省,中山市,小榄镇,,,否,否,	,	,	,否,	,	,	,	,	,	,	,	,	,	,	,	,否,否,	,否,否,,	,否,	,否,,,否
【重磅新品】云米净水器600G小海豚升级版厨下式RO反渗透直饮家用,251122-428720811563526,已取消,1	,正常,	,	,,	,	,225501370546	,小海豚600G,1813468330532	,厨房电器,净水器/净水设备及配件耗材,净水器,	,6923185653684	,6923185616399	,	,	,无售后或售后取消,,	,	,,,,,,,否,否,	,否,	,,559.0	,0.0	,0.0	,33.54	,0.0	,0.0	,0.0	,0.0	,525.46	,559.0	,	,	,****,****,****,****,,否,否,	,	,	,否,	,	,	,	,	,	,	,	,	,	,	,	,否,否,	,否,	,,	,否,	,否,,,否
云米小厨宝6L电热水器厨房卫生间出水恒温储水式小型速热神器加热,251122-557758584410801,已收货,1	,正常,2025-11-22 08:45:22,2025-11-23 08:45:22,,2025-11-22 14:59:02,2025-11-23 13:01:58,208073193570	,热水即刻有-【6L】,1801828025682	,大家电,热水器,厨宝,	,6923185611233	,6923185611233	,	,不包安装,无售后或售后取消,,2025-11-22 08:45:22,	,,,,,,,否,否,	,否,	,,279.0	,0.0	,14.0	,10.0	,0.2	,0.0	,0.0	,0.0	,255.0	,265.0	,JDV024200303042,京东大件物流,江苏省,徐州市,铜山区,,,否,否,	,	,	,否,	,	,	,	,	,	,	,	,	,	,	,	,否,否,	,否,否,,	,否,	,否,,,否
【母婴直饮】云米净水器 SE 600G+ 新升级厨下式RO反渗透直饮家用,251122-222340073110397,未发货，退款成功,1	,正常,2025-11-22 08:12:34,2025-11-23 08:12:35,,	,	,819506595979	,【24年新品】600G升级版6年长效,1787046011387	,厨房电器,净水器/净水设备及配件耗材,净水器,	,6923185653684	,6923185616399	,聚水潭已取消发货 已退款   叶11.22,	,退款成功,,2025-11-22 08:12:35,	,,,,,,,否,否,	,否,	,,748.0	,0.0	,139.6	,50.0	,0.0	,0.0	,0.0	,0.0	,558.4	,608.4	,	,	,甘肃省,酒泉市,敦煌市,,,否,否,	,	,	,否,	,	,	,	,	,	,	,	,	,	,	,	,否,否,	,否,否,,	,否,	,否,,,否
【重磅新品】云米净水器600G小海豚升级版厨下式RO反渗透直饮家用,251122-621826567723526,已取消,1	,正常,	,	,,	,	,225501370546	,小海豚600G,1813468330532	,厨房电器,净水器/净水设备及配件耗材,净水器,	,6923185653684	,6923185616399	,	,	,无售后或售后取消,,	,	,,,,,,,否,否,	,否,	,,559.0	,0.0	,0.0	,0.0	,0.0	,0.0	,0.0	,0.0	,559.0	,559.0	,	,	,****,****,****,****,,否,否,	,	,	,否,	,	,	,	,	,	,	,	,	,	,	,	,否,否,	,否,	,,	,否,	,否,,,否
云米24m³大吸力顶侧3吸油烟机聚能猛火灶 烟灶智能联动套装嵌入式,251122-368616466840896,已取消,1	,正常,	,	,,	,	,205936193873	,"【爆款】单烟机+5.0KW猛火灶,天然气",1662367362948	,大家电,厨房大电,烟灶消套装,	,S2409261037001,6923185649762	,	,	,无售后或售后取消,,	,	,,,,,,,否,否,	,否,	,,1499.0	,0.0	,0.0	,100.0	,0.0	,0.0	,0.0	,0.0	,1399.0	,1499.0	,	,	,****,****,****,****,,否,否,	,	,	,否,	,	,	,	,	,	,	,	,	,	,	,	,否,否,	,否,	,,	,否,	,否,,,否
【6年套装】云米净水器600G小海豚升级版厨下式RO反渗透直饮家用,251122-549296607572580,未发货，退款成功,1	,正常,2025-11-22 07:35:30,2025-11-23 07:35:30,,	,	,852932116812	,小海豚600G+6年滤芯套装,1812983769340	,厨房电器,净水器/净水设备及配件耗材,净水器,	,S2508151538001,	,拦截ZX2511220063101,	,退款成功,,2025-11-22 07:35:30,	,,,,,,,否,否,	,否,	,,764.28	,0.0	,0.0	,4.0	,0.0	,0.0	,0.0	,0.0	,760.28	,764.28	,	,	,广东省,广州市,天河区,,,否,否,	,	,	,否,	,	,	,	,	,	,	,	,	,	,	,	,否,否,	,否,否,,	,否,	,否,,,否
【6年套装】云米净水器600G小海豚升级版厨下式RO反渗透直饮家用,251122-574504384852580,未发货，退款成功,1	,正常,2025-11-22 07:32:12,2025-11-23 07:32:12,,	,	,852932116812	,小海豚600G+6年滤芯套装,1812983769340	,厨房电器,净水器/净水设备及配件耗材,净水器,	,S2508151538001,	,聚水潭已取消发货 已退款   叶11.22,	,退款成功,,2025-11-22 07:32:12,	,,,,,,,否,否,	,否,	,,764.28	,0.0	,0.0	,0.0	,0.0	,0.0	,0.0	,0.0	,764.28	,764.28	,	,	,广东省,广州市,天河区,,,否,否,	,	,	,否,	,	,	,	,	,	,	,	,	,	,	,	,否,否,	,否,否,,	,否,	,否,,,否
【母婴直饮】云米净水器 SE 600G+ 新升级厨下式RO反渗透直饮家用,251122-472582745752242,已取消,1	,正常,	,	,,	,	,819506595979	,【24年新品】600G升级版6年长效,1787046011387	,厨房电器,净水器/净水设备及配件耗材,净水器,	,6923185653684	,6923185616399	,	,	,无售后或售后取消,,	,	,,,,,,,否,否,	,否,	,,748.0	,0.0	,139.6	,50.0	,0.0	,0.0	,0.0	,0.0	,558.4	,608.4	,	,	,****,****,****,****,,否,否,	,	,	,否,	,	,	,	,	,	,	,	,	,	,	,	,否,否,	,否,	,,	,否,	,否,,,否
【重磅新品】云米净水器600G小海豚升级版厨下式RO反渗透直饮家用,251122-300815490712950,已取消,1	,正常,	,	,,	,	,225501370546	,小海豚600G,1813468330532	,厨房电器,净水器/净水设备及配件耗材,净水器,	,6923185653684	,6923185616399	,	,	,无售后或售后取消,,	,	,,,,,,,否,否,	,否,	,,559.0	,0.0	,0.0	,0.0	,0.0	,0.0	,0.0	,0.0	,559.0	,559.0	,	,	,****,****,****,****,,否,否,	,	,	,否,	,	,	,	,	,	,	,	,	,	,	,	,否,否,	,否,	,,	,否,	,否,,,否
【重磅新品】云米净水器600G小海豚升级版厨下式RO反渗透直饮家用,251122-328267262373985,已收货,1	,正常,2025-11-22 06:54:33,2025-11-23 06:54:34,,2025-11-22 11:52:30,2025-11-28 12:42:57,225501370546	,小海豚600G,1813468330532	,厨房电器,净水器/净水设备及配件耗材,净水器,	,6923185653684	,6923185616399	,	,	,无售后或售后取消,,2025-11-22 06:54:34,	,,,,,,,否,否,	,否,	,,559.0	,0.0	,0.0	,0.0	,0.0	,0.0	,0.0	,0.0	,559.0	,559.0	,JDV024195447897,京东大件物流,陕西省,西安市,未央区,,,否,否,	,	,	,否,	,	,	,	,	,	,	,	,	,	,	,	,否,否,	,否,否,,	,否,	,否,,,否
云米小厨宝6L电热水器厨房卫生间出水恒温储水式小型速热神器加热,251122-428762806593096,已发货，待收货,1	,正常,2025-11-22 06:09:08,2025-11-23 06:09:09,,2025-11-22 11:05:36,	,208073193570	,热水即刻有-【6L】,1801828025682	,大家电,热水器,厨宝,	,6923185611233	,6923185611233	,	,	,无售后或售后取消,,2025-11-22 06:09:09,	,,,,,,,否,否,	,否,	,,279.0	,0.0	,14.0	,39.75	,0.0	,0.0	,0.0	,0.0	,225.25	,265.0	,JDV024195448168,京东配送,福建省,厦门市,集美区,,,否,否,	,	,	,否,	,	,	,	,	,	,	,	,	,	,	,	,否,否,	,否,否,,	,否,	,否,,,否
【6年套装】云米净水器600G小海豚升级版厨下式RO反渗透直饮家用,251122-187957255700523,已取消,1	,正常,	,	,,	,	,852932116812	,小海豚600G+6年滤芯套装,1812983769340	,厨房电器,净水器/净水设备及配件耗材,净水器,	,S2508151538001,	,	,	,无售后或售后取消,,	,	,,,,,,,否,否,	,否,	,,764.28	,0.0	,0.0	,100.0	,0.0	,0.0	,0.0	,0.0	,664.28	,764.28	,	,	,****,****,****,****,,否,否,	,	,	,否,	,	,	,	,	,	,	,	,	,	,	,	,否,否,	,否,	,,	,否,	,否,,,否
VIOMI云米净水器大通量小海豚800G反渗透RO厨下式家用长效滤芯,251122-074962768260561,未发货，退款成功,1	,正常,2025-11-22 05:35:03,2025-11-23 05:35:03,,	,	,837957770723	,800G大通量纯水机,1809123722986	,厨房电器,净水器/净水设备及配件耗材,净水器,	,6923185653974	,	,聚水潭已取消发货 已退款   叶11.22,	,退款成功,,2025-11-22 05:35:03,	,,,,,,,否,否,	,否,	,,749.0	,0.0	,0.0	,100.0	,0.0	,0.0	,0.0	,0.0	,649.0	,749.0	,	,	,江苏省,徐州市,贾汪区,,,否,否,	,	,	,否,	,	,	,	,	,	,	,	,	,	,	,	,否,否,	,否,否,,	,否,	,否,,,否
云米22m³顶侧大吸力蓝调低噪油烟机猛火天燃气灶智能套装家用厨房,251122-402286190100887,已发货，待收货,1	,正常,2025-11-22 02:41:37,2025-11-23 02:41:38,,2025-11-22 14:59:02,	,388827922980	,【烟灶套装】顶侧双吸+5.0猛火灶（天）,1752816957652	,大家电,厨房大电,烟灶消套装,	,S2405071349001,S2409261025001,	,	,无售后或售后取消,,2025-11-22 02:41:38,	,,,,,,,否,否,	,否,	,,1285.0	,0.0	,189.0	,40.0	,2.11	,0.0	,0.0	,0.0	,1056.0	,1096.0	,JDV024200126309,京东大件物流,河北省,唐山市,古冶区,,,否,否,	,	,	,否,	,	,	,	,	,	,	,	,	,	,	,	,否,否,	,否,否,,	,否,	,否,,,否
【6年套装】云米净水器600G小海豚升级版厨下式RO反渗透直饮家用,251122-474669401740032,已取消,1	,正常,	,	,,	,	,852932116812	,小海豚600G+6年滤芯套装,1812983769340	,厨房电器,净水器/净水设备及配件耗材,净水器,	,S2508151538001,	,	,	,无售后或售后取消,,	,	,,,,,,,否,否,	,否,	,,764.28	,0.0	,0.0	,100.0	,0.0	,0.0	,0.0	,0.0	,664.28	,764.28	,	,	,****,****,****,****,,否,否,	,	,	,否,	,	,	,	,	,	,	,	,	,	,	,	,否,否,	,否,	,,	,否,	,否,,,否
【6年套装】云米净水器600G小海豚升级版厨下式RO反渗透直饮家用,251122-096102008460032,已取消,1	,正常,	,	,,	,	,852932116812	,小海豚600G+6年滤芯套装,1812983769340	,厨房电器,净水器/净水设备及配件耗材,净水器,	,S2508151538001,	,	,	,无售后或售后取消,,	,	,,,,,,,否,否,	,否,	,,764.28	,0.0	,0.0	,100.0	,0.0	,0.0	,0.0	,0.0	,664.28	,764.28	,	,	,****,****,****,****,,否,否,	,	,	,否,	,	,	,	,	,	,	,	,	,	,	,	,否,否,	,否,	,,	,否,	,否,,,否
云米5.2KW智能燃气灶大火力爆炒灶具一级节能家用厨房双灶头台嵌,251122-597835138670022,已发货，待收货,1	,正常,2025-11-22 01:05:37,2025-11-23 01:05:37,2025-11-23 23:59:59,2025-11-22 14:59:04,	,738372436858	,5.2KW聚能猛火灶（天然气）,1727247957279	,大家电,厨房大电,燃气灶,	,6923185650348	,	,清洁剂 [viomi范范sk 11/22 12:20]已登记赠品 [viomi范范sk 11/26 14:12],	,无售后或售后取消,,2025-11-22 01:05:37,	,,,,,,,否,否,	,否,	,,699.0	,0.0	,0.0	,90.87	,1.21	,0.0	,0.0	,0.0	,608.13	,699.0	,JDV024199416888,京东大件物流,上海市,上海市,嘉定区,,,否,否,	,	,	,否,	,	,	,	,	,	,	,	,	,	,	,	,否,否,	,否,否,,	,否,	,否,,,否
VIOMI云米净水器大通量小海豚800G反渗透RO厨下式家用长效滤芯,251122-058112141711188,未发货，退款成功,1	,正常,2025-11-22 01:01:40,2025-11-23 01:01:40,,	,	,837957770723	,800G大通量纯水机,1809123722986	,厨房电器,净水器/净水设备及配件耗材,净水器,	,6923185653974	,	,聚水潭已取消发货 已退款   叶11.22,	,退款成功,,2025-11-22 01:01:40,	,,,,,,,否,否,	,否,	,,749.0	,0.0	,0.0	,0.0	,0.0	,0.0	,0.0	,0.0	,749.0	,749.0	,	,	,河北省,石家庄市,平山县,,,否,否,	,	,	,否,	,	,	,	,	,	,	,	,	,	,	,	,否,否,	,否,否,,	,否,	,否,,,否
VIOMI云米净水器大通量小海豚800G反渗透RO厨下式家用长效滤芯,251122-021695097231188,未发货，退款成功,1	,正常,2025-11-22 01:12:03,2025-11-23 01:12:03,,	,	,837957770723	,800G大通量纯水机,1809123722986	,厨房电器,净水器/净水设备及配件耗材,净水器,	,6923185653974	,	,拦截ZX2511220063101,	,退款成功,,2025-11-22 01:12:03,	,,,,,,,否,否,	,否,	,,749.0	,0.0	,0.0	,100.0	,0.0	,0.0	,0.0	,0.0	,649.0	,749.0	,	,	,河北省,石家庄市,平山县,,,否,否,	,	,	,否,	,	,	,	,	,	,	,	,	,	,	,	,否,否,	,否,否,,	,否,	,否,,,否
VIOMI云米净水器大通量小海豚800G反渗透RO厨下式家用长效滤芯,251122-005117100431188,已取消,1	,正常,	,	,,	,	,837957770723	,800G大通量纯水机,1809123722986	,厨房电器,净水器/净水设备及配件耗材,净水器,	,6923185653974	,	,	,	,无售后或售后取消,,	,	,,,,,,,否,否,	,否,	,,749.0	,0.0	,0.0	,100.0	,0.0	,0.0	,0.0	,0.0	,649.0	,749.0	,	,	,****,****,****,****,,否,否,	,	,	,否,	,	,	,	,	,	,	,	,	,	,	,	,否,否,	,否,	,,	,否,	,否,,,否
【重磅新品】云米净水器600G小海豚升级版厨下式RO反渗透直饮家用,251122-545720963403891,已发货，待收货,1	,正常,2025-11-22 00:14:07,2025-11-23 00:14:07,,2025-11-22 11:52:30,	,225501370546	,小海豚600G,1813468330532	,厨房电器,净水器/净水设备及配件耗材,净水器,	,6923185653684	,6923185616399	,	,	,无售后或售后取消,,2025-11-22 00:14:07,	,,,,,,,否,否,	,否,	,,559.0	,0.0	,0.0	,0.0	,0.0	,0.0	,0.0	,0.0	,559.0	,559.0	,JDV024194848713,京东大件物流,广东省,江门市,开平市,,,否,否,	,	,	,否,	,	,	,	,	,	,	,	,	,	,	,	,否,否,	,否,否,,	,否,	,否,,,否
【重磅新品】云米净水器600G小海豚升级版厨下式RO反渗透直饮家用,251122-599491930443891,已取消,1	,正常,	,	,,	,	,225501370546	,小海豚600G,1813468330532	,厨房电器,净水器/净水设备及配件耗材,净水器,	,6923185653684	,6923185616399	,	,	,无售后或售后取消,,	,	,,,,,,,否,否,	,否,	,,559.0	,0.0	,0.0	,0.0	,0.0	,0.0	,0.0	,0.0	,559.0	,559.0	,	,	,****,****,****,****,,否,否,	,	,	,否,	,	,	,	,	,	,	,	,	,	,	,	,否,否,	,否,	,,	,否,	,否,,,否
【重磅新品】云米净水器600G小海豚升级版厨下式RO反渗透直饮家用,251122-168002916710787,已发货，待收货,1	,正常,2025-11-22 00:08:28,2025-11-23 00:08:28,,2025-11-22 11:52:54,	,225501370546	,小海豚600G,1813468330532	,厨房电器,净水器/净水设备及配件耗材,净水器,	,6923185653684	,6923185616399	,	,	,无售后或售后取消,,2025-11-22 00:08:28,	,,,,,,,否,否,	,否,	,,559.0	,0.0	,0.0	,0.0	,0.0	,0.0	,0.0	,0.0	,559.0	,559.0	,JDV024195423545,京东大件物流,江苏省,镇江市,丹阳市,,,否,否,	,	,	,否,	,	,	,	,	,	,	,	,	,	,	,	,否,否,	,否,否,,	,否,	,否,,,否
云米小厨宝6L电热水器厨房卫生间出水恒温储水式小型速热神器加热,251122-217527109221812,已发货，待收货,1	,正常,2025-11-22 00:04:11,2025-11-23 00:04:11,,2025-11-22 11:00:33,	,208073193570	,热水即刻有-【6L】,1801828025682	,大家电,热水器,厨宝,	,6923185611233	,6923185611233	,	,	,无售后或售后取消,,2025-11-22 00:04:11,	,,,,,,,否,否,	,否,	,,279.0	,0.0	,14.0	,29.15	,0.0	,0.0	,0.0	,0.0	,235.85	,265.0	,JDV024194848722,京东配送,福建省,泉州市,安溪县,,,否,否,	,	,	,否,	,	,	,	,	,	,	,	,	,	,	,	,否,否,	,否,否,,	,否,	,否,,,否
【重磅新品】云米净水器600G小海豚升级版厨下式RO反渗透直饮家用,251121-180858448233502,已发货，待收货,1	,正常,2025-11-21 23:54:53,2025-11-22 23:54:53,,2025-11-22 11:52:30,	,225501370546	,小海豚600G,1813468330532	,厨房电器,净水器/净水设备及配件耗材,净水器,	,6923185653684	,6923185616399	,	,	,无售后或售后取消,,2025-11-21 23:54:53,	,,,,,,,否,否,	,否,	,,559.0	,0.0	,0.0	,0.0	,0.0	,0.0	,0.0	,0.0	,559.0	,559.0	,JDV024194848632,京东大件物流,广东省,惠州市,博罗县,,,否,否,	,	,	,否,	,	,	,	,	,	,	,	,	,	,	,	,否,否,	,否,是,3	,商家,否,	,否,,信用卡分期,否
【重磅新品】云米净水器600G小海豚升级版厨下式RO反渗透直饮家用,251121-392146480670479,未发货，退款成功,1	,正常,2025-11-21 23:46:49,2025-11-22 23:46:50,,	,	,225501370546	,小海豚600G,1813468330532	,厨房电器,净水器/净水设备及配件耗材,净水器,	,6923185653684	,6923185616399	,聚水潭已取消发货 已退款   叶11.22,	,退款成功,,2025-11-21 23:46:50,	,,,,,,,否,否,	,否,	,,559.0	,0.0	,0.0	,33.54	,5.0	,0.0	,0.0	,0.0	,525.46	,559.0	,	,	,福建省,漳州市,诏安县,,,否,否,	,	,	,否,	,	,	,	,	,	,	,	,	,	,	,	,否,否,	,否,否,,	,否,	,否,,,否
【母婴直饮】云米净水器 SE 600G+ 新升级厨下式RO反渗透直饮家用,251121-565350254183168,未发货，退款成功,1	,正常,2025-11-21 23:26:19,2025-11-22 23:26:19,,	,	,819506595979	,【24年新品】600G升级版6年长效,1787046011387	,厨房电器,净水器/净水设备及配件耗材,净水器,	,6923185653684	,6923185616399	,拦截ZX2511220063101,	,退款成功,,2025-11-21 23:26:19,	,,,,,,,否,否,	,否,	,,748.0	,0.0	,139.6	,50.0	,0.0	,0.0	,0.0	,0.0	,558.4	,608.4	,	,	,广东省,广州市,白云区,,,否,否,	,	,	,否,	,	,	,	,	,	,	,	,	,	,	,	,否,是,	,否,否,,	,否,	,否,,,否
云米60升AI速热高温抑菌电热水器3000W一级节能变频增容家用租房,251121-397431293450305,已取消,1	,正常,	,	,,	,	,226368376224	,3000W速热安全60L热水器,1737176648260	,大家电,热水器,电热水器,	,6923185602224	,6923185602224	,	,	,无售后或售后取消,,	,	,,,,,,,否,否,	,否,	,,654.0	,0.0	,0.0	,0.0	,0.0	,0.0	,0.0	,0.0	,654.0	,654.0	,	,	,****,****,****,****,,否,否,	,	,	,否,	,	,	,	,	,	,	,	,	,	,	,	,是,否,	,否,	,,	,否,	,否,,,否
【重磅新品】云米净水器600G小海豚升级版厨下式RO反渗透直饮家用,251121-014313142661176,已发货，待收货,1	,正常,2025-11-21 22:53:11,2025-11-22 22:53:11,,2025-11-22 10:42:34,	,225501370546	,小海豚600G,1813468330532	,厨房电器,净水器/净水设备及配件耗材,净水器,	,6923185653684	,6923185616399	,	,	,无售后或售后取消,,2025-11-21 22:53:11,	,,,,,,,否,否,	,否,	,,559.0	,0.0	,0.0	,0.0	,5.0	,0.0	,0.0	,0.0	,559.0	,559.0	,JDV024193779935,京东大件物流,河北省,廊坊市,广阳区,,,否,否,	,	,	,否,	,	,	,	,	,	,	,	,	,	,	,	,是,是,	,否,否,,	,否,	,否,,,否
【重磅新品】云米净水器600G小海豚升级版厨下式RO反渗透直饮家用,251121-350140578202656,已发货，退款成功,1	,正常,2025-11-21 22:42:48,2025-11-22 22:42:48,,2025-11-22 11:52:30,	,225501370546	,小海豚600G,1813468330532	,厨房电器,净水器/净水设备及配件耗材,净水器,	,6923185653684	,6923185616399	,拦截ZX2511220063335	 ,	,退款成功,,2025-11-21 22:42:48,	,,,,,,,否,否,	,否,	,,559.0	,0.0	,0.0	,0.0	,0.0	,0.0	,0.0	,0.0	,559.0	,559.0	,JDV024194843251,京东大件物流,江西省,上饶市,广信区,,,否,否,	,	,	,否,	,	,	,	,	,	,	,	,	,	,	,	,否,否,	,否,否,,	,否,	,否,,,否
【6年套装】云米净水器600G小海豚升级版厨下式RO反渗透直饮家用,251121-338711079201041,已取消,1	,正常,	,	,,	,	,852932116812	,小海豚600G+6年滤芯套装,1812983769340	,厨房电器,净水器/净水设备及配件耗材,净水器,	,S2508151538001,	,	,	,无售后或售后取消,,	,	,,,,,,,否,否,	,否,	,,764.28	,0.0	,0.0	,100.0	,0.0	,0.0	,0.0	,0.0	,664.28	,764.28	,	,	,****,****,****,****,,否,否,	,	,	,否,	,	,	,	,	,	,	,	,	,	,	,	,否,否,	,否,	,,	,否,	,否,,,否
云米净水器滤芯小蓝调小海豚600G+专用复合滤芯RO反渗透滤芯过滤,251121-082554426901093,已收货，退款成功,2	,正常,2025-11-21 22:23:03,2025-11-22 22:23:03,,2025-11-22 10:11:29,2025-11-28 12:21:35,296967601341	,5in1复合滤芯 2年长效,1600193054565	,厨房电器,净水器/净水设备及配件耗材,净水器配件耗材,	,6923185627425	,	,补差后返 到手价198==【补差】仅退款394.02 [viomi英英sk 11/28 12:22]==【补差】平台已退394.02元 叶11.28,	,退款成功,,2025-11-21 22:23:03,	,,,,,,,否,否,	,否,	,,598.0	,0.0	,5.98	,0.0	,0.0	,0.0	,0.0	,0.0	,592.02	,592.02	,JDV024195001519,京东配送,浙江省,嘉兴市,海宁市,,,否,否,	,	,	,否,	,	,	,	,	,	,	,	,	,	,	,	,否,是,	,否,否,,	,否,	,否,,,否
云米水槽下水器垃圾处理器粉碎机下水道厨余搅碎机抑菌厨房家用,251121-540446594642282,已发货，待收货,1	,正常,2025-11-21 22:19:20,2025-11-22 22:19:20,,2025-11-22 11:04:34,	,852614628903	,【智能】厨余垃圾处理器,1812695452997	,厨房电器,食物垃圾处理机,食物垃圾处理机,	,6923185610250	,6923185610250	,	,	,无售后或售后取消,,2025-11-21 22:19:20,	,,,,,,,否,否,	,否,	,,889.0	,0.0	,48.0	,32.0	,1.61	,0.0	,0.0	,0.0	,809.0	,841.0	,JDV024194845456,京东配送,浙江省,金华市,义乌市,,,否,否,	,	,	,否,	,	,	,	,	,	,	,	,	,	,	,	,否,否,	,否,否,,	,否,	,否,,,否
【重磅新品】云米净水器600G小海豚升级版厨下式RO反渗透直饮家用,251121-511830976903887,已发货，待收货,1	,正常,2025-11-21 22:17:13,2025-11-22 22:17:13,,2025-11-22 10:42:19,	,225501370546	,小海豚600G,1813468330532	,厨房电器,净水器/净水设备及配件耗材,净水器,	,6923185653684	,6923185616399	,	,	,无售后或售后取消,,2025-11-21 22:17:13,	,,,,,,,否,否,	,否,	,,559.0	,0.0	,0.0	,0.0	,0.0	,0.0	,0.0	,0.0	,559.0	,559.0	,JDV024193226312,京东大件物流,河南省,洛阳市,西工区,,,否,否,	,	,	,否,	,	,	,	,	,	,	,	,	,	,	,	,否,否,	,否,否,,	,否,	,否,,,否
【重磅新品】云米净水器600G小海豚升级版厨下式RO反渗透直饮家用,251121-228316966421093,已收货,1	,正常,2025-11-21 22:07:27,2025-11-22 22:07:27,,2025-11-22 11:52:31,2025-11-28 12:20:05,225501370546	,小海豚600G,1813468330532	,厨房电器,净水器/净水设备及配件耗材,净水器,	,6923185653684	,6923185616399	,	,	,无售后或售后取消,,2025-11-21 22:07:27,	,,,,,,,否,否,	,否,	,,559.0	,0.0	,0.0	,33.54	,0.0	,0.0	,0.0	,0.0	,525.46	,559.0	,JDV024194861251,京东大件物流,浙江省,嘉兴市,海宁市,,,否,否,	,	,	,否,	,	,	,	,	,	,	,	,	,	,	,	,否,是,	,否,是,3	,商家,否,	,否,,花呗分期,否
【重磅新品】云米净水器600G小海豚升级版厨下式RO反渗透直饮家用,251121-084316045720564,已收货,1	,正常,2025-11-21 22:05:19,2025-11-22 22:05:19,,2025-11-22 11:52:31,2025-11-26 17:47:56,225501370546	,小海豚600G,1813468330532	,厨房电器,净水器/净水设备及配件耗材,净水器,	,6923185653684	,6923185616399	,	,	,无售后或售后取消,,2025-11-21 22:05:19,	,,,,,,,否,否,	,否,	,,559.0	,0.0	,0.0	,0.0	,0.0	,0.0	,0.0	,0.0	,559.0	,559.0	,JDV024194845473,京东大件物流,江苏省,徐州市,泉山区,,,否,否,	,	,	,否,	,	,	,	,	,	,	,	,	,	,	,	,否,否,	,否,否,,	,否,	,否,,,否
【6年套装】云米净水器600G小海豚升级版厨下式RO反渗透直饮家用,251121-577115266713408,已收货,1	,正常,2025-11-21 21:53:48,2025-11-22 21:53:48,,2025-11-22 10:38:31,2025-11-25 12:37:27,852932116812	,小海豚600G+6年滤芯套装,1812983769340	,厨房电器,净水器/净水设备及配件耗材,净水器,	,S2508151538001,	,	,	,无售后或售后取消,,2025-11-21 21:53:48,	,,,,,,,否,否,	,否,	,,764.28	,0.0	,0.0	,100.0	,0.0	,0.0	,0.0	,0.0	,664.28	,764.28	,JDV024194849137,京东配送,广东省,佛山市,南海区,,,否,否,	,	,	,否,	,	,	,	,	,	,	,	,	,	,	,	,否,否,	,否,否,,	,否,	,否,,,否
云米顶侧双吸烟灶套装22m³大吸力抽油烟机聚能猛火灶节能燃气家用,251121-328099479910935,已取消,1	,正常,	,	,,	,	,382839923175	,【两件套】顶侧双吸烟机+5.2KW灶（天）,1743705224006	,大家电,厨房大电,烟灶消套装,	,S2309261029001,蓝调套装,	,	,无售后或售后取消,,	,	,,,,,,,否,否,	,否,	,,1205.0	,0.0	,61.0	,0.0	,0.0	,0.0	,0.0	,0.0	,1144.0	,1144.0	,	,	,****,****,****,****,,否,否,	,	,	,否,	,	,	,	,	,	,	,	,	,	,	,	,否,否,	,否,	,,	,否,	,否,,,否
云米智能电器多功能电烤箱家用烘焙小型蛋糕烤鸡翅披萨全自动16L,251121-242766395693693,已发货，待收货,1	,正常,2025-11-21 21:29:31,2025-11-23 21:29:31,,2025-11-22 11:27:38,	,231833573024	,黑色16L,1390597610941	,大家电,全屋互联网智能电器,全屋互联网智能电器,	,6923185603221	,6923185603221	,	,	,无售后或售后取消,,2025-11-21 21:29:31,	,,,,,,,否,否,	,否,	,,174.0	,0.0	,9.0	,0.0	,0.0	,0.0	,0.0	,0.0	,165.0	,165.0	,JDV024194842782,京东配送,广东省,揭阳市,揭东区,,,否,否,	,	,	,否,	,	,	,	,	,	,	,	,	,	,	,	,否,否,	,否,否,,	,否,	,否,,,否
【母婴直饮】云米净水器 SE 600G+ 新升级厨下式RO反渗透直饮家用,251121-496448366910008,已收货,1	,正常,2025-11-21 21:26:21,2025-11-22 21:26:21,,2025-11-22 10:57:33,2025-11-26 09:14:27,819506595979	,【24年新品】600G升级版6年长效,1787046011387	,厨房电器,净水器/净水设备及配件耗材,净水器,	,6923185653684	,6923185616399	,	,	,无售后或售后取消,,2025-11-21 21:26:21,	,,,,,,,否,否,	,否,	,,748.0	,0.0	,134.64	,74.8	,0.0	,0.0	,0.0	,0.0	,538.56	,613.36	,JDV024194861135,京东配送,湖北省,襄阳市,枣阳市,,,否,否,	,	,	,否,	,	,	,	,	,	,	,	,	,	,	,	,否,否,	,否,否,,	,否,	,否,,,否
云米净水器滤芯家用小海豚小蓝调小白龙系列专用RO反渗透,251121-336309788313775,已发货，待收货,1	,正常,2025-11-21 21:24:52,2025-11-23 21:24:53,,2025-11-22 09:59:28,	,232467205433	,5in1 复合滤芯,1647394585330	,厨房电器,净水器/净水设备及配件耗材,净水器配件耗材,	,6923185627425	,	,	,	,无售后或售后取消,,2025-11-21 21:24:53,	,,,,,,,否,否,	,否,	,,149.0	,0.0	,0.0	,0.0	,0.74	,0.0	,0.0	,0.0	,149.0	,149.0	,JDV024195001455,京东配送,江苏省,无锡市,梁溪区,,,否,否,	,	,	,否,	,	,	,	,	,	,	,	,	,	,	,	,否,否,	,否,否,,	,否,	,否,,,否
【重磅新品】云米净水器600G小海豚升级版厨下式RO反渗透直饮家用,251121-187149852190979,已取消,1	,正常,	,	,,	,	,225501370546	,小海豚600G,1813468330532	,厨房电器,净水器/净水设备及配件耗材,净水器,	,6923185653684	,6923185616399	,	,	,无售后或售后取消,,	,	,,,,,,,否,否,	,否,	,,559.0	,0.0	,0.0	,55.9	,0.0	,0.0	,0.0	,0.0	,503.1	,559.0	,	,	,****,****,****,****,,否,否,	,	,	,否,	,	,	,	,	,	,	,	,	,	,	,	,否,否,	,否,	,,	,否,	,否,,,否
云米净水器滤芯小蓝调小海豚600G+专用复合滤芯RO反渗透滤芯过滤,251121-119915211051088,未发货，退款成功,2	,正常,2025-11-21 21:14:17,2025-11-22 21:14:18,,	,	,296967601341	,5in1复合滤芯 2年长效,1600193054565	,厨房电器,净水器/净水设备及配件耗材,净水器配件耗材,	,6923185627425	,	,后返，到手价99/根==拦截	ZX2511220063100,	,退款成功,,2025-11-21 21:14:18,	,,,,,,,否,否,	,否,	,,598.0	,0.0	,5.98	,0.0	,1.18	,0.0	,0.0	,0.0	,592.02	,592.02	,	,	,河南省,洛阳市,洛龙区,,,否,否,	,	,	,否,	,	,	,	,	,	,	,	,	,	,	,	,否,是,	,否,否,,	,否,	,否,,,否
【母婴直饮】云米净水器 SE 600G+ 新升级厨下式RO反渗透直饮家用,251121-229229259051088,未发货，退款成功,1	,正常,2025-11-21 21:13:15,2025-11-22 21:13:16,,	,	,819506595979	,【24年新品】600G升级版6年长效,1787046011387	,厨房电器,净水器/净水设备及配件耗材,净水器,	,6923185653684	,6923185616399	,直播间中奖5元红包==聚水潭已取消发货 已退款   叶11.22,	,退款成功,,2025-11-21 21:13:16,	,,,,,,,否,否,	,否,	,,748.0	,0.0	,139.6	,50.0	,0.0	,0.0	,0.0	,0.0	,558.4	,608.4	,	,	,河南省,洛阳市,洛龙区,,,否,否,	,	,	,否,	,	,	,	,	,	,	,	,	,	,	,	,否,是,	,否,否,,	,否,	,否,,,否
云米电热水器家用洗澡租房储水式速热抑菌安全节能省电卫生间40升,251121-265939915094024,已收货,1	,正常,2025-11-21 21:10:19,2025-11-22 21:10:20,,2025-11-22 13:05:21,2025-11-24 17:39:16,227645754240	,"速热抑菌洗-40L,全国联保送货上门安装8年质保",1645458252843	,大家电,热水器,电热水器,	,6923185681281	,	,	,	,无售后或售后取消,,2025-11-21 21:10:20,	,,,,,,,否,否,	,否,	,,467.0	,0.0	,0.0	,50.0	,0.0	,0.0	,0.0	,0.0	,417.0	,467.0	,JDLD12912606007,京东大件物流,福建省,泉州市,晋江市,,,否,否,	,	,	,否,	,	,	,	,	,	,	,	,	,	,	,	,否,否,	,否,否,,	,否,	,否,,,否
【6年套装】云米净水器600G小海豚升级版厨下式RO反渗透直饮家用,251121-063669563001700,已发货，待收货,1	,正常,2025-11-21 21:01:54,2025-11-22 21:01:54,,2025-11-22 09:12:22,	,852932116812	,小海豚600G+6年滤芯套装,1812983769340	,厨房电器,净水器/净水设备及配件耗材,净水器,	,S2508151538001,	,	,	,无售后或售后取消,,2025-11-21 21:01:54,	,,,,,,,否,否,	,否,	,,764.28	,0.0	,0.0	,100.0	,1.32	,0.0	,0.0	,0.0	,664.28	,764.28	,JDV024192626578,京东配送,山东省,德州市,平原县,,,否,否,	,	,	,否,	,	,	,	,	,	,	,	,	,	,	,	,否,否,	,否,否,,	,否,	,否,,,否
【6年套装】云米净水器600G小海豚升级版厨下式RO反渗透直饮家用,251121-109901330742226,已收货,1	,正常,2025-11-21 20:48:21,2025-11-22 20:48:21,,2025-11-22 09:05:49,2025-11-26 16:42:21,852932116812	,小海豚600G+6年滤芯套装,1812983769340	,厨房电器,净水器/净水设备及配件耗材,净水器,	,S2508151538001,	,	,	,无售后或售后取消,,2025-11-21 20:48:21,	,,,,,,,否,否,	,否,	,,764.28	,0.0	,0.0	,50.0	,0.0	,0.0	,0.0	,0.0	,714.28	,764.28	,JDV024192660536,京东配送,河南省,洛阳市,洛龙区,,,否,否,	,	,	,否,	,	,	,	,	,	,	,	,	,	,	,	,否,是,	,否,否,,	,否,	,否,,,否
【母婴直饮】云米净水器 SE 600G+ 新升级厨下式RO反渗透直饮家用,251121-526364250463419,已发货，待收货,1	,正常,2025-11-21 20:45:03,2025-11-22 20:45:03,,2025-11-22 09:08:12,	,819506595979	,【24年新品】600G升级版6年长效,1787046011387	,厨房电器,净水器/净水设备及配件耗材,净水器,	,6923185653684	,6923185616399	,直播间中奖5元红包,	,无售后或售后取消,,2025-11-21 20:45:03,	,,,,,,,否,否,	,否,	,,748.0	,0.0	,134.64	,74.8	,0.0	,0.0	,0.0	,0.0	,538.56	,613.36	,JDV024192782710,京东配送,河北省,邯郸市,涉县,,,否,否,	,	,	,否,	,	,	,	,	,	,	,	,	,	,	,	,是,是,	,否,否,,	,否,	,否,,,否
【重磅新品】云米净水器600G小海豚升级版厨下式RO反渗透直饮家用,251121-624081058221401,已发货，待收货,1	,正常,2025-11-21 20:44:00,2025-11-22 20:44:01,,2025-11-22 10:42:20,	,225501370546	,小海豚600G,1813468330532	,厨房电器,净水器/净水设备及配件耗材,净水器,	,6923185653684	,6923185616399	,	,	,无售后或售后取消,,2025-11-21 20:44:01,	,,,,,,,否,否,	,否,	,,559.0	,0.0	,0.0	,0.0	,1.11	,0.0	,0.0	,0.0	,559.0	,559.0	,JDV024192699522,京东大件物流,河北省,石家庄市,新华区,,,否,否,	,	,	,否,	,	,	,	,	,	,	,	,	,	,	,	,否,是,	,否,否,,	,否,	,否,,,否
【母婴直饮】云米净水器 SE 600G+ 新升级厨下式RO反渗透直饮家用,251121-418056793621569,已取消,1	,正常,	,	,,	,	,819506595979	,【24年新品】600G升级版6年长效,1787046011387	,厨房电器,净水器/净水设备及配件耗材,净水器,	,6923185653684	,6923185616399	,	,	,无售后或售后取消,,	,	,,,,,,,否,否,	,否,	,,748.0	,0.0	,134.64	,74.8	,0.0	,0.0	,0.0	,0.0	,538.56	,613.36	,	,	,****,****,****,****,,否,否,	,	,	,否,	,	,	,	,	,	,	,	,	,	,	,	,否,否,	,否,	,,	,否,	,否,,,否
云米22m³顶侧大吸力蓝调低噪油烟机猛火天燃气灶智能套装家用厨房,251121-630634647932552,已取消,1	,正常,	,	,,	,	,388827922980	,【烟灶套装】顶侧双吸+5.0猛火灶（液）,1752816957653	,大家电,厨房大电,烟灶消套装,	,S2411211436001,S2409261025001,	,	,无售后或售后取消,,	,	,,,,,,,否,否,	,否,	,,1285.0	,0.0	,189.0	,40.0	,0.0	,0.0	,0.0	,0.0	,1056.0	,1096.0	,	,	,****,****,****,****,,否,否,	,	,	,否,	,	,	,	,	,	,	,	,	,	,	,	,否,否,	,否,	,,	,否,	,否,,,否
VIOMI云米净水器1000G厨下直饮小体积净水机RO机智显龙头3秒满杯,251121-546853435753729,未发货，退款成功,1	,正常,2025-11-21 20:28:56,2025-11-22 20:28:56,,	,	,842195971715	,1000G大通量RO净水器,1803617356458	,厨房电器,净水器/净水设备及配件耗材,净水器,	,6923185654247	,	,聚水潭已取消发货 已退款   叶11.22,	,退款成功,,2025-11-21 20:28:56,	,,,,,,,否,否,	,否,	,,823.0	,0.0	,24.0	,0.0	,0.0	,0.0	,0.0	,0.0	,799.0	,799.0	,	,	,山东省,菏泽市,单县,,,否,否,	,	,	,否,	,	,	,	,	,	,	,	,	,	,	,	,否,否,	,否,否,,	,否,	,否,,,否
【重磅新品】云米净水器600G小海豚升级版厨下式RO反渗透直饮家用,251121-497989731882279,已收货,1	,正常,2025-11-21 20:22:29,2025-11-22 20:22:29,2025-11-23 23:59:59,2025-11-22 11:52:31,2025-11-28 00:00:20,225501370546	,小海豚600G,1813468330532	,厨房电器,净水器/净水设备及配件耗材,净水器,	,6923185653684	,6923185616399	,	,	,无售后或售后取消,,2025-11-21 20:22:29,	,,,,,,,否,否,	,否,	,,559.0	,0.0	,0.0	,50.0	,0.0	,0.0	,0.0	,0.0	,509.0	,559.0	,JDV024194871277,京东大件物流,广东省,深圳市,龙岗区,,,否,否,	,	,	,否,	,	,	,	,	,	,	,	,	,	,	,	,否,否,	,否,否,,	,否,	,否,,,否
云米净水器Super2Y1200G家用直饮厨下式RO反渗透鲜活泉无陈水,251121-132634406433055,已取消,1	,正常,	,	,,	,	,849000374681	,Super2Y 1200G（包安装）,1809523164736	,厨房电器,净水器/净水设备及配件耗材,净水器,	,6923185653981	,6923185653981	,	,	,无售后或售后取消,,	,	,,,,,,,否,否,	,否,	,,1357.0	,0.0	,0.0	,5.0	,0.0	,0.0	,0.0	,0.0	,1352.0	,1357.0	,	,	,****,****,****,****,,否,否,	,	,	,否,	,	,	,	,	,	,	,	,	,	,	,	,否,否,	,否,	,,	,否,	,否,,,否
【重磅新品】云米净水器600G小海豚升级版厨下式RO反渗透直饮家用,251121-273699377531203,未发货，退款成功,1	,正常,2025-11-21 20:12:01,2025-11-22 20:12:01,,	,	,225501370546	,小海豚600G,1813468330532	,厨房电器,净水器/净水设备及配件耗材,净水器,	,6923185653684	,6923185616399	,聚水潭已取消发货 已退款   叶11.22,	,退款成功,,2025-11-21 20:12:01,	,,,,,,,否,否,	,否,	,,559.0	,0.0	,0.0	,0.0	,0.0	,0.0	,0.0	,0.0	,559.0	,559.0	,	,	,广东省,中山市,小榄镇,,,否,否,	,	,	,否,	,	,	,	,	,	,	,	,	,	,	,	,否,否,	,否,否,,	,否,	,否,,,否
【重磅新品】云米净水器600G小海豚升级版厨下式RO反渗透直饮家用,251121-207051834971755,已收货,1	,正常,2025-11-21 20:11:59,2025-11-22 20:11:59,,2025-11-22 10:42:20,2025-11-26 18:37:12,225501370546	,小海豚600G,1813468330532	,厨房电器,净水器/净水设备及配件耗材,净水器,	,6923185653684	,6923185616399	,	,	,无售后或售后取消,,2025-11-21 20:11:59,	,,,,,,,否,否,	,否,	,,559.0	,0.0	,0.0	,0.0	,0.0	,0.0	,0.0	,0.0	,559.0	,559.0	,JDV024192116747,京东大件物流,吉林省,长春市,南关区,,,否,否,	,	,	,否,	,	,	,	,	,	,	,	,	,	,	,	,否,是,	,否,否,,	,否,	,否,,,否
云米电热水器免换镁棒1级能效钛芯防护抑菌内胆免清洗3000W速热,251121-071177388332810,已收货，退款成功,1	,正常,2025-11-21 20:05:18,2025-11-22 20:05:18,2025-11-23 23:59:59,2025-11-22 09:24:27,2025-11-26 23:03:30,215513269171	,"【免更换镁棒技术】抑菌健康洗,50L",1757655804682	,大家电,热水器,电热水器,	,6923185611882	,镁棒50/60L,直播间中奖10元红包==花洒已登记 [viomi英英sk 11/23 18:49]==AZ2511230224703==超 [viomi英英sk 11/23 20:08]==超 [viomi英英sk 11/24 18:42]-==超 [viomi英英sk 11/25 19:56]=VEW5010技术 [viomi慧慧sk 11/26 21:06]==已退10红包 [viomi诺诺sk 11/27 09:36],	,退款成功,,2025-11-21 20:05:18,	,,,,,,,否,否,	,否,	,,703.0	,0.0	,20.0	,300.0	,0.0	,0.0	,0.0	,0.0	,383.0	,683.0	,JDV024194963688,京东配送,上海市,上海市,奉贤区,,,否,否,	,	,	,否,	,	,	,	,	,	,	,	,	,	,	,	,是,是,	,否,否,,	,否,	,否,,,否
【母婴直饮】云米净水器 SE 600G+ 新升级厨下式RO反渗透直饮家用,251121-598736924222490,未发货，退款成功,1	,正常,2025-11-21 19:53:25,2025-11-22 19:53:25,,	,	,819506595979	,【24年新品】600G升级版6年长效,1787046011387	,厨房电器,净水器/净水设备及配件耗材,净水器,	,6923185653684	,6923185616399	,聚水潭已取消发货 已退款   叶11.22,	,退款成功,,2025-11-21 19:53:25,	,,,,,,,否,否,	,否,	,,748.0	,0.0	,129.6	,100.0	,0.0	,0.0	,0.0	,0.0	,518.4	,618.4	,	,	,湖南省,怀化市,靖州苗族侗族自治县,,,否,否,	,	,	,否,	,	,	,	,	,	,	,	,	,	,	,	,否,否,	,否,否,,	,否,	,否,,,否
【重磅新品】云米净水器600G小海豚升级版厨下式RO反渗透直饮家用,251121-138087011862304,未发货，退款成功,1	,审核中，请勿发货,2025-11-21 19:36:32,2025-11-22 19:36:32,,	,	,225501370546	,小海豚600G,1813468330532	,厨房电器,净水器/净水设备及配件耗材,净水器,	,6923185653684	,6923185616399	,聚水潭已取消发货 已退款   叶11.22,	,退款成功,,2025-11-21 19:36:32,	,,,,,,,否,否,	,否,	,,559.0	,0.0	,0.0	,0.0	,0.0	,0.0	,0.0	,0.0	,559.0	,559.0	,	,	,湖北省,十堰市,房县,,,否,否,	,	,	,否,	,	,	,	,	,	,	,	,	,	,	,	,否,否,	,否,	,,	,否,	,否,,,否
【母婴直饮】云米净水器 SE 600G+ 新升级厨下式RO反渗透直饮家用,251121-625433648743168,未发货，退款成功,1	,正常,2025-11-21 19:12:25,2025-11-22 19:12:25,,	,	,819506595979	,【24年新品】600G升级版6年长效,1787046011387	,厨房电器,净水器/净水设备及配件耗材,净水器,	,6923185653684	,6923185616399	,拦截ZX2511220063101,	,退款成功,,2025-11-21 19:12:25,	,,,,,,,否,否,	,否,	,,748.0	,0.0	,139.6	,50.0	,0.0	,0.0	,0.0	,0.0	,558.4	,608.4	,	,	,广东省,广州市,白云区,,,否,否,	,	,	,否,	,	,	,	,	,	,	,	,	,	,	,	,否,是,	,否,否,,	,否,	,否,,,否
【重磅新品】云米净水器600G小海豚升级版厨下式RO反渗透直饮家用,251121-174462155113631,已发货，待收货,1	,正常,2025-11-21 19:08:16,2025-11-22 19:08:16,,2025-11-22 11:52:31,	,225501370546	,小海豚600G,1813468330532	,厨房电器,净水器/净水设备及配件耗材,净水器,	,6923185653684	,6923185616399	,	,	,无售后或售后取消,,2025-11-21 19:08:16,	,,,,,,,否,否,	,否,	,,559.0	,0.0	,0.0	,0.0	,0.0	,0.0	,0.0	,0.0	,559.0	,559.0	,JDV024194840470,京东大件物流,宁夏回族自治区,中卫市,中宁县,,,否,否,	,	,	,否,	,	,	,	,	,	,	,	,	,	,	,	,否,是,	,否,否,,	,否,	,否,,,否
【重磅新品】云米净水器600G小海豚升级版厨下式RO反渗透直饮家用,251121-047395643000933,已取消,1	,正常,	,	,,	,	,225501370546	,小海豚600G,1813468330532	,厨房电器,净水器/净水设备及配件耗材,净水器,	,6923185653684	,6923185616399	,	,	,无售后或售后取消,,	,	,,,,,,,否,否,	,否,	,,559.0	,0.0	,0.0	,0.0	,0.0	,0.0	,0.0	,0.0	,559.0	,559.0	,	,	,****,****,****,****,,否,否,	,	,	,否,	,	,	,	,	,	,	,	,	,	,	,	,否,否,	,否,	,,	,否,	,否,,,否
云米净水器滤芯小蓝调小海豚600G+专用复合滤芯RO反渗透滤芯过滤,251121-003533750633591,已收货，退款成功,2	,正常,2025-11-21 18:57:06,2025-11-22 18:57:07,,2025-11-22 09:29:56,2025-11-23 09:43:03,296967601341	,5in1复合滤芯 2年长效,1600193054565	,厨房电器,净水器/净水设备及配件耗材,净水器配件耗材,	,6923185627425	,	,后返，到手价99/根=394.02仅退款 [viomi范范sk 11/23 09:44]==【补差】平台已退394.02元 叶11.23,	,退款成功,,2025-11-21 18:57:07,	,,,,,,,否,否,	,否,	,,598.0	,0.0	,5.98	,5.0	,0.0	,0.0	,0.0	,0.0	,587.02	,592.02	,JDV024190515062,京东配送,天津市,天津市,河北区,,,否,否,	,	,	,否,	,	,	,	,	,	,	,	,	,	,	,	,否,否,	,否,否,,	,否,	,否,,,否
【6年套装】云米净水器600G小海豚升级版厨下式RO反渗透直饮家用,251121-419818411521828,已发货，待收货,1	,正常,2025-11-21 18:49:49,2025-11-22 18:49:49,,2025-11-22 09:09:55,	,852932116812	,小海豚600G+6年滤芯套装,1812983769340	,厨房电器,净水器/净水设备及配件耗材,净水器,	,S2508151538001,	,后返，直播间中奖电煮锅（不与TDS笔叠加）,	,无售后或售后取消,,2025-11-21 18:49:49,	,,,,,,,否,否,	,否,	,,764.28	,0.0	,0.0	,76.42	,0.0	,0.0	,0.0	,0.0	,687.86	,764.28	,JDV024191458621,京东配送,辽宁省,大连市,金州区,,,否,否,	,	,	,否,	,	,	,	,	,	,	,	,	,	,	,	,是,是,	,否,否,,	,否,	,否,,,否
Viomi云米净水器1000G厨下式RO反渗透直饮过滤器净饮小海豚2,251121-567583762771425,已收货,1	,正常,2025-11-21 18:47:55,2025-11-22 18:47:55,,2025-11-22 10:42:20,2025-11-25 14:49:10,205458105137	,小海豚2包安装1000G大加仑,1802849942800	,厨房电器,净水器/净水设备及配件耗材,净水器,	,6923185654865	,	,	,	,无售后或售后取消,,2025-11-21 18:47:55,	,,,,,,,否,否,	,否,	,,901.0	,0.0	,20.0	,50.0	,0.0	,0.0	,0.0	,0.0	,831.0	,881.0	,JDV024195001365,京东大件物流,江西省,南昌市,青山湖区,,,否,否,	,	,	,否,	,	,	,	,	,	,	,	,	,	,	,	,否,否,	,否,否,,	,否,	,否,,,否
【母婴直饮】云米净水器 SE 600G+ 新升级厨下式RO反渗透直饮家用,251121-289511883140470,已取消,1	,正常,	,	,,	,	,819506595979	,【24年新品】600G升级版6年长效,1787046011387	,厨房电器,净水器/净水设备及配件耗材,净水器,	,6923185653684	,6923185616399	,	,	,无售后或售后取消,,	,	,,,,,,,否,否,	,否,	,,748.0	,0.0	,142.12	,37.4	,0.0	,0.0	,0.0	,0.0	,568.48	,605.88	,	,	,****,****,****,****,,否,否,	,	,	,否,	,	,	,	,	,	,	,	,	,	,	,	,否,否,	,否,	,,	,否,	,否,,,否
【重磅新品】云米净水器600G小海豚升级版厨下式RO反渗透直饮家用,251121-225213202721619,已收货,1	,正常,2025-11-21 18:35:14,2025-11-22 18:35:14,,2025-11-22 11:52:32,2025-11-24 17:39:13,225501370546	,小海豚600G,1813468330532	,厨房电器,净水器/净水设备及配件耗材,净水器,	,6923185653684	,6923185616399	,	,	,无售后或售后取消,,2025-11-21 18:35:14,	,,,,,,,否,否,	,否,	,,559.0	,0.0	,0.0	,0.0	,0.0	,0.0	,0.0	,0.0	,559.0	,559.0	,JDV024194840173,京东大件物流,湖南省,益阳市,沅江市,,,否,否,	,	,	,否,	,	,	,	,	,	,	,	,	,	,	,	,否,否,	,否,否,,	,否,	,否,,,否
【重磅新品】云米净水器600G小海豚升级版厨下式RO反渗透直饮家用,251121-258704750904064,已取消,1	,正常,	,	,,	,	,852161740747	,小海豚600G+6年滤芯套装,1812658223669	,厨房电器,净水器/净水设备及配件耗材,净水器,	,S2508151538001,	,	,	,无售后或售后取消,,	,	,,,,,,,否,否,	,否,	,,764.9	,0.0	,0.0	,100.0	,0.0	,0.0	,0.0	,0.0	,664.9	,764.9	,	,	,****,****,****,****,,否,否,	,	,	,否,	,	,	,	,	,	,	,	,	,	,	,	,否,否,	,否,	,,	,否,	,否,,,否
Viomi云米净水器1000G厨下式RO反渗透直饮过滤器净饮小海豚2,251121-155084398220425,未发货，退款成功,1	,正常,2025-11-21 18:30:41,2025-11-22 18:30:42,,	,	,205458105137	,小海豚2包安装1000G大加仑,1802849942800	,厨房电器,净水器/净水设备及配件耗材,净水器,	,6923185654865	,	,拦截	ZX2511220063100,	,退款成功,,2025-11-21 18:30:42,	,,,,,,,否,否,	,否,	,,901.0	,0.0	,0.0	,0.0	,0.0	,0.0	,0.0	,0.0	,901.0	,901.0	,	,	,江苏省,南通市,海门区,,,否,否,	,	,	,否,	,	,	,	,	,	,	,	,	,	,	,	,否,否,	,否,否,,	,否,	,否,,,否
【重磅新品】云米净水器600G小海豚升级版厨下式RO反渗透直饮家用,251121-612221601312278,已取消,1	,正常,	,	,,	,	,225501370546	,小海豚600G,1813468330532	,厨房电器,净水器/净水设备及配件耗材,净水器,	,6923185653684	,6923185616399	,	,	,无售后或售后取消,,	,	,,,,,,,否,否,	,否,	,,559.0	,0.0	,0.0	,0.0	,0.0	,0.0	,0.0	,0.0	,559.0	,559.0	,	,	,****,****,****,****,,否,否,	,	,	,否,	,	,	,	,	,	,	,	,	,	,	,	,否,否,	,否,	,,	,否,	,否,,,否
【重磅新品】云米净水器600G小海豚升级版厨下式RO反渗透直饮家用,251121-441167388192278,已取消,1	,正常,	,	,,	,	,225501370546	,小海豚600G,1813468330532	,厨房电器,净水器/净水设备及配件耗材,净水器,	,6923185653684	,6923185616399	,	,	,无售后或售后取消,,	,	,,,,,,,否,否,	,否,	,,559.0	,0.0	,0.0	,0.0	,0.0	,0.0	,0.0	,0.0	,559.0	,559.0	,	,	,****,****,****,****,,否,否,	,	,	,否,	,	,	,	,	,	,	,	,	,	,	,	,否,否,	,否,	,,	,否,	,否,,,否
VIOMI云米净水器1000G厨下直饮小体积净水机RO机智显龙头3秒满杯,251121-134983248271315,已收货，退款成功,2	,正常,2025-11-21 18:24:50,2025-11-22 18:24:51,,2025-11-22 11:07:37,2025-11-25 15:19:53,309517106373	,复合滤芯,1803020722098	,厨房电器,净水器/净水设备及配件耗材,净水器,	,6923185653998	,	,后返，到手价99/根==【补差】仅退款340.2 [viomi英英sk 11/25 15:22],	,退款成功,,2025-11-21 18:24:51,	,,,,,,,否,否,	,否,	,,598.0	,0.0	,59.8	,48.0	,0.0	,0.0	,0.0	,0.0	,490.2	,538.2	,JDV024194841550,京东配送,天津市,天津市,滨海新区,,,否,否,	,	,	,否,	,	,	,	,	,	,	,	,	,	,	,	,是,是,	,否,否,,	,否,	,否,,,否
VIOMI云米净水器1000G厨下直饮小体积净水机RO机智显龙头3秒满杯,251121-176129390930156,已取消,1	,正常,	,	,,	,	,309517106373	,复合滤芯,1803020722098	,厨房电器,净水器/净水设备及配件耗材,净水器,	,6923185653998	,	,	,	,无售后或售后取消,,	,	,,,,,,,否,否,	,否,	,,299.0	,0.0	,0.0	,0.0	,0.0	,0.0	,0.0	,0.0	,299.0	,299.0	,	,	,****,****,****,****,,否,否,	,	,	,否,	,	,	,	,	,	,	,	,	,	,	,	,是,否,	,否,	,,	,否,	,否,,,否
VIOMI云米净水器1000G厨下直饮小体积净水机RO机智显龙头3秒满杯,251121-220305877391315,已收货，退款成功,1	,正常,2025-11-21 18:17:25,2025-11-22 18:17:25,,2025-11-22 11:52:31,2025-11-25 15:17:21,842195971715	,1000G大通量RO净水器,1803617356458	,厨房电器,净水器/净水设备及配件耗材,净水器,	,6923185654247	,	,直播间中奖10元红包==【补差】仅退款10 [viomi英英sk 11/25 15:22],	,退款成功,,2025-11-21 18:17:25,	,,,,,,,否,否,	,否,	,,823.0	,0.0	,24.0	,0.0	,0.0	,0.0	,0.0	,0.0	,799.0	,799.0	,JDV024194860235,京东大件物流,天津市,天津市,滨海新区,,,否,否,	,	,	,否,	,	,	,	,	,	,	,	,	,	,	,	,是,是,	,否,否,,	,否,	,否,,,否
【母婴直饮】云米净水器 SE 600G+ 新升级厨下式RO反渗透直饮家用,251121-517283582360701,已发货，待收货,1	,正常,2025-11-21 18:07:04,2025-11-22 18:07:04,,2025-11-22 11:10:37,	,819506595979	,【24年新品】600G升级版6年长效,1787046011387	,厨房电器,净水器/净水设备及配件耗材,净水器,	,6923185653684	,6923185616399	,15950356988安装 [viomi诺诺sk 11/25 15:14],	,售后处理中,,2025-11-21 18:07:04,	,,,,,,,否,否,	,否,	,,748.0	,0.0	,136.8	,64.0	,0.0	,0.0	,0.0	,0.0	,547.2	,611.2	,JDV024194844547,京东配送,江苏省,淮安市,淮安区,,,否,否,	,	,	,否,	,	,	,	,	,	,	,	,	,	,	,	,否,否,	,否,否,,	,否,	,否,,,否
【重磅新品】云米净水器600G小海豚升级版厨下式RO反渗透直饮家用,251121-273017792931331,已取消,1	,正常,	,	,,	,	,852161740747	,小海豚600G+6年滤芯套装,1812658223669	,厨房电器,净水器/净水设备及配件耗材,净水器,	,S2508151538001,	,	,	,无售后或售后取消,,	,	,,,,,,,否,否,	,否,	,,764.9	,0.0	,0.0	,61.19	,0.0	,0.0	,0.0	,0.0	,703.71	,764.9	,	,	,****,****,****,****,,否,否,	,	,	,否,	,	,	,	,	,	,	,	,	,	,	,	,否,否,	,否,	,,	,否,	,否,,,否
【6年套装】云米净水器600G小海豚升级版厨下式RO反渗透直饮家用,251121-624699645503028,已收货,1	,正常,2025-11-21 17:50:19,2025-11-22 17:50:19,,2025-11-22 09:08:47,2025-11-23 17:34:40,852932116812	,小海豚600G+6年滤芯套装,1812983769340	,厨房电器,净水器/净水设备及配件耗材,净水器,	,S2508151538001,	,晒单检测笔 [viomi慧慧sk 11/21 18:04]==13015530839安装 [viomi英英sk 11/23 17:39],	,无售后或售后取消,,2025-11-21 17:50:19,	,,,,,,,否,否,	,否,	,,764.28	,0.0	,0.0	,100.0	,0.0	,0.0	,0.0	,0.0	,664.28	,764.28	,JDV024190699524,京东配送,河南省,郑州市,金水区,,,否,否,	,	,	,否,	,	,	,	,	,	,	,	,	,	,	,	,否,否,	,否,否,,	,否,	,否,,,否
【重磅新品】云米净水器600G小海豚升级版厨下式RO反渗透直饮家用,251121-382656878091109,已收货,1	,正常,2025-11-21 17:34:58,2025-11-22 17:34:58,,2025-11-22 10:42:20,2025-11-23 20:05:55,225501370546	,小海豚600G,1813468330532	,厨房电器,净水器/净水设备及配件耗材,净水器,	,6923185653684	,6923185616399	,	,	,无售后或售后取消,,2025-11-21 17:34:58,	,,,,,,,否,否,	,否,	,,559.0	,0.0	,0.0	,0.0	,0.0	,0.0	,0.0	,0.0	,559.0	,559.0	,JDV024190352919,京东大件物流,河北省,张家口市,涿鹿县,,,否,否,	,	,	,否,	,	,	,	,	,	,	,	,	,	,	,	,否,否,	,否,否,,	,否,	,否,,,否
云米小厨宝6L电热水器厨房卫生间出水恒温储水式小型速热神器加热,251121-312926553601962,已收货,1	,正常,2025-11-21 17:31:35,2025-11-22 17:31:35,,2025-11-21 18:54:06,2025-11-24 12:07:56,208073193570	,热水即刻有-【6L】,1801828025682	,大家电,热水器,厨宝,	,6923185611233	,6923185611233	,	,	,无售后或售后取消,,2025-11-21 17:31:35,	,,,,,,,否,否,	,否,	,,280.0	,0.0	,12.0	,8.0	,0.0	,0.0	,0.0	,0.0	,260.0	,268.0	,JDV024189308988,京东配送,山东省,聊城市,茌平区,,,否,否,	,	,	,否,	,	,	,	,	,	,	,	,	,	,	,	,否,否,	,否,否,,	,否,	,否,,,否
云米小厨宝6L电热水器厨房卫生间出水恒温储水式小型速热神器加热,251121-329389217302176,已收货,1	,正常,2025-11-21 17:11:11,2025-11-22 17:11:11,,2025-11-21 18:59:08,2025-11-27 13:09:50,208073193570	,热水即刻有-【6L】,1801828025682	,大家电,热水器,厨宝,	,6923185611233	,6923185611233	,18708645422安装 [viomi英英sk 11/23 22:42],	,无售后或售后取消,,2025-11-21 17:11:11,	,,,,,,,否,否,	,否,	,,280.0	,0.0	,12.0	,8.0	,0.2	,0.0	,0.0	,0.0	,260.0	,268.0	,JDV024188919790,京东配送,贵州省,铜仁市,思南县,,,否,否,	,	,	,否,	,	,	,	,	,	,	,	,	,	,	,	,否,否,	,否,否,,	,否,	,否,,,否
【母婴直饮】云米净水器 SE 600G+ 新升级厨下式RO反渗透直饮家用,251121-516664880710679,已发货，待收货,1	,正常,2025-11-21 17:08:46,2025-11-22 17:08:47,,2025-11-22 11:52:32,	,819506595979	,【24年新品】600G升级版6年长效,1787046011387	,厨房电器,净水器/净水设备及配件耗材,净水器,	,6923185653684	,6923185616399	,	,	,无售后或售后取消,,2025-11-21 17:08:47,	,,,,,,,否,否,	,否,	,,748.0	,0.0	,129.6	,100.0	,0.0	,0.0	,0.0	,0.0	,518.4	,618.4	,JDV024194826808,京东大件物流,湖北省,黄冈市,红安县,,,否,否,	,	,	,否,	,	,	,	,	,	,	,	,	,	,	,	,否,否,	,否,否,,	,否,	,否,,,否
【重磅新品】云米净水器600G小海豚升级版厨下式RO反渗透直饮家用,251121-133609613732355,已发货，待收货,1	,正常,2025-11-21 17:00:08,2025-11-22 17:00:08,,2025-11-22 11:52:32,	,225501370546	,小海豚600G,1813468330532	,厨房电器,净水器/净水设备及配件耗材,净水器,	,6923185653684	,6923185616399	,13567511110安装 [viomi慧慧sk 11/24 12:42],	,无售后或售后取消,,2025-11-21 17:00:08,	,,,,,,,否,否,	,否,	,,559.0	,0.0	,0.0	,0.0	,0.0	,0.0	,0.0	,0.0	,559.0	,559.0	,JDV024194859837,京东大件物流,浙江省,宁波市,海曙区,,,否,否,	,	,	,否,	,	,	,	,	,	,	,	,	,	,	,	,否,否,	,否,是,6	,消费者,否,	,否,,花呗分期,否
【重磅新品】云米净水器600G小海豚升级版厨下式RO反渗透直饮家用,251121-375065157271250,已发货，待收货,1	,正常,2025-11-21 16:53:37,2025-11-22 16:53:37,,2025-11-22 10:42:20,	,225501370546	,小海豚600G,1813468330532	,厨房电器,净水器/净水设备及配件耗材,净水器,	,6923185653684	,6923185616399	,	,	,无售后或售后取消,,2025-11-21 16:53:37,	,,,,,,,否,否,	,否,	,,559.0	,0.0	,0.0	,0.0	,0.0	,0.0	,0.0	,0.0	,559.0	,559.0	,JDV024190167185,京东大件物流,内蒙古自治区,乌海市,海勃湾区,,,否,否,	,	,	,否,	,	,	,	,	,	,	,	,	,	,	,	,否,否,	,否,否,,	,否,	,否,,,否
【重磅新品】云米净水器600G小海豚升级版厨下式RO反渗透直饮家用,251121-550837972631250,已取消,1	,正常,	,	,,	,	,225501370546	,小海豚600G,1813468330532	,厨房电器,净水器/净水设备及配件耗材,净水器,	,6923185653684	,6923185616399	,	,	,无售后或售后取消,,	,	,,,,,,,否,否,	,否,	,,559.0	,0.0	,0.0	,0.0	,0.0	,0.0	,0.0	,0.0	,559.0	,559.0	,	,	,****,****,****,****,,否,否,	,	,	,否,	,	,	,	,	,	,	,	,	,	,	,	,否,否,	,否,	,,	,否,	,否,,,否
【重磅新品】云米净水器600G小海豚升级版厨下式RO反渗透直饮家用,251121-591187166772818,已发货，待收货,1	,正常,2025-11-21 16:48:59,2025-11-22 16:48:59,,2025-11-22 10:42:21,	,225501370546	,小海豚600G,1813468330532	,厨房电器,净水器/净水设备及配件耗材,净水器,	,6923185653684	,6923185616399	,直播间中奖5元红包==平台券和国补不支持补差，非店铺降价卫 11.24,	,售后处理中,,2025-11-21 16:48:59,	,,,,,,,否,否,	,否,	,,559.0	,0.0	,0.0	,0.0	,0.0	,0.0	,0.0	,0.0	,559.0	,559.0	,JDV024190142121,京东大件物流,河南省,郑州市,惠济区,,,否,否,	,	,	,否,	,	,	,	,	,	,	,	,	,	,	,	,否,是,	,否,否,,	,否,	,否,,,否
【母婴直饮】云米净水器 SE 600G+ 新升级厨下式RO反渗透直饮家用,251121-230015711541814,已取消,1	,正常,	,	,,	,	,819506595979	,【24年新品】600G升级版6年长效,1787046011387	,厨房电器,净水器/净水设备及配件耗材,净水器,	,6923185653684	,6923185616399	,	,	,无售后或售后取消,,	,	,,,,,,,否,否,	,否,	,,748.0	,0.0	,138.8	,54.0	,0.0	,0.0	,0.0	,0.0	,555.2	,609.2	,	,	,****,****,****,****,,否,否,	,	,	,否,	,	,	,	,	,	,	,	,	,	,	,	,否,否,	,否,	,,	,否,	,否,,,否
【母婴直饮】云米净水器 SE 600G+ 新升级厨下式RO反渗透直饮家用,251121-648250662441443,已收货,1	,正常,2025-11-21 16:36:04,2025-11-22 16:36:04,,2025-11-22 10:57:33,2025-11-26 07:49:09,819506595979	,【24年新品】600G升级版6年长效,1787046011387	,厨房电器,净水器/净水设备及配件耗材,净水器,	,6923185653684	,6923185616399	,	,	,无售后或售后取消,,2025-11-21 16:36:04,	,,,,,,,否,否,	,否,	,,748.0	,0.0	,136.8	,64.0	,0.0	,0.0	,0.0	,0.0	,547.2	,611.2	,JDV024194844340,京东配送,湖北省,孝感市,应城市,,,否,否,	,	,	,否,	,	,	,	,	,	,	,	,	,	,	,	,否,否,	,否,否,,	,否,	,否,,,否
【母婴直饮】云米净水器 SE 600G+ 新升级厨下式RO反渗透直饮家用,251121-286355637822047,已取消,1	,正常,	,	,,	,	,819506595979	,【24年新品】600G升级版6年长效,1787046011387	,厨房电器,净水器/净水设备及配件耗材,净水器,	,6923185653684	,6923185616399	,	,	,无售后或售后取消,,	,	,,,,,,,否,否,	,否,	,,748.0	,0.0	,0.0	,0.0	,0.0	,0.0	,0.0	,0.0	,748.0	,748.0	,	,	,****,****,****,****,,否,否,	,	,	,否,	,	,	,	,	,	,	,	,	,	,	,	,否,否,	,否,	,,	,否,	,否,,,否
【重磅新品】云米净水器600G小海豚升级版厨下式RO反渗透直饮家用,251121-671550093632702,已取消,1	,正常,	,	,,	,	,225501370546	,小海豚600G,1813468330532	,厨房电器,净水器/净水设备及配件耗材,净水器,	,6923185653684	,6923185616399	,	,	,无售后或售后取消,,	,	,,,,,,,否,否,	,否,	,,559.0	,0.0	,0.0	,0.0	,0.0	,0.0	,0.0	,0.0	,559.0	,559.0	,	,	,****,****,****,****,,否,否,	,	,	,否,	,	,	,	,	,	,	,	,	,	,	,	,否,否,	,否,	,,	,否,	,否,,,否
【冷热直饮套装】云米净水器家用厨下管线机套装一键即热制冷直饮,251121-070474800753949,已发货，待收货,1	,正常,2025-11-21 15:46:55,2025-11-22 15:46:55,,2025-11-21 19:11:19,	,480070620581	,【冷热净水直饮套装】新品净水器+冷热管线机,1620106386127	,厨房电器,净水器/净水设备及配件耗材,净水器,	,S2407170910001,	,补差后返 到手价1349元,	,无售后或售后取消,,2025-11-21 15:46:55,	,,,,,,,否,否,	,否,	,,1434.0	,0.0	,0.0	,100.0	,0.0	,0.0	,0.0	,0.0	,1334.0	,1434.0	,JDV024188945658,京东配送,河南省,周口市,淮阳区,,,否,否,	,	,	,否,	,	,	,	,	,	,	,	,	,	,	,	,否,否,	,否,否,,	,否,	,否,,,否
【冷热直饮套装】云米净水器家用厨下管线机套装一键即热制冷直饮,251121-039311152753949,已取消,1	,正常,	,	,,	,	,480070620581	,【冷热净水直饮套装】新品净水器+冷热管线机,1620106386127	,厨房电器,净水器/净水设备及配件耗材,净水器,	,S2407170910001,	,	,	,无售后或售后取消,,	,	,,,,,,,否,否,	,否,	,,1434.0	,0.0	,0.0	,100.0	,0.0	,0.0	,0.0	,0.0	,1334.0	,1434.0	,	,	,****,****,****,****,,否,否,	,	,	,否,	,	,	,	,	,	,	,	,	,	,	,	,否,否,	,否,	,,	,否,	,否,,,否
【冷热直饮套装】云米净水器家用厨下管线机套装一键即热制冷直饮,251121-134070945393949,已取消,1	,正常,	,	,,	,	,480070620581	,【冷热净水直饮套装】新品净水器+冷热管线机,1620106386127	,厨房电器,净水器/净水设备及配件耗材,净水器,	,S2407170910001,	,	,	,无售后或售后取消,,	,	,,,,,,,否,否,	,否,	,,1434.0	,0.0	,0.0	,0.0	,0.0	,0.0	,0.0	,0.0	,1434.0	,1434.0	,	,	,****,****,****,****,,否,否,	,	,	,否,	,	,	,	,	,	,	,	,	,	,	,	,否,否,	,否,	,,	,否,	,否,,,否
云米小厨宝6L电热水器厨房卫生间出水恒温储水式小型速热神器加热,251121-148226731560960,已收货,1	,正常,2025-11-21 15:41:53,2025-11-22 15:41:54,,2025-11-21 18:58:05,2025-11-23 11:34:28,208073193570	,热水即刻有-【6L】,1801828025682	,大家电,热水器,厨宝,	,6923185611233	,6923185611233	,	,	,无售后或售后取消,,2025-11-21 15:41:54,	,,,,,,,否,否,	,否,	,,280.0	,0.0	,12.0	,8.0	,0.0	,0.0	,0.0	,0.0	,260.0	,268.0	,JDV024188091523,京东配送,福建省,福州市,鼓楼区,,,否,否,	,	,	,否,	,	,	,	,	,	,	,	,	,	,	,	,否,否,	,否,否,,	,否,	,否,,,否
云米顶侧大吸力蓝调油烟机家用厨房节能自清洁一级能效可挥手智控,251121-519810660753679,已发货，待收货,1	,正常,2025-11-21 15:39:52,2025-11-22 15:39:52,,2025-11-22 09:08:25,	,657344402006	,云米智清洁挥手智控单烟机,1723825075586	,大家电,厨房大电,油烟机,	,6923185650973	,6923185650973	,	,	,无售后或售后取消,,2025-11-21 15:39:52,	,,,,,,,否,否,	,否,	,,839.0	,0.0	,48.0	,32.0	,0.0	,0.0	,0.0	,0.0	,759.0	,791.0	,JDV024194942862,京东配送,湖北省,黄冈市,黄梅县,,,否,否,	,	,	,否,	,	,	,	,	,	,	,	,	,	,	,	,否,否,	,否,否,,	,否,	,否,,,否
【重磅新品】云米净水器600G小海豚升级版厨下式RO反渗透直饮家用,251121-114252858962918,已收货,1	,正常,2025-11-21 15:35:00,2025-11-22 15:35:00,2025-11-23 23:59:59,2025-11-21 20:36:46,2025-11-28 09:57:22,225501370546	,小海豚600G,1813468330532	,厨房电器,净水器/净水设备及配件耗材,净水器,	,6923185653684	,6923185616399	,18155477607安装 [viomi英英sk 11/23 16:08],	,无售后或售后取消,,2025-11-21 15:35:00,	,,,,,,,否,否,	,否,	,,559.0	,0.0	,0.0	,0.0	,0.0	,0.0	,0.0	,0.0	,559.0	,559.0	,JDV024189263926,京东大件物流,安徽省,淮南市,田家庵区,,,否,否,	,	,	,否,	,	,	,	,	,	,	,	,	,	,	,	,否,否,	,否,否,,	,否,	,否,,,否
【母婴直饮】云米净水器 SE 600G+ 新升级厨下式RO反渗透直饮家用,251121-545511216681443,未发货，退款成功,1	,正常,2025-11-21 15:23:16,2025-11-22 15:23:16,,	,	,819506595979	,【24年新品】600G升级版6年长效,1787046011387	,厨房电器,净水器/净水设备及配件耗材,净水器,	,6923185653684	,6923185616399	,聚水潭已取消发货，仅退款  诚11.21,	,退款成功,,2025-11-21 15:23:16,	,,,,,,,否,否,	,否,	,,748.0	,0.0	,138.6	,55.0	,0.0	,0.0	,0.0	,0.0	,554.4	,609.4	,	,	,湖北省,孝感市,应城市,,,否,否,	,	,	,否,	,	,	,	,	,	,	,	,	,	,	,	,否,否,	,否,否,,	,否,	,否,,,否
【母婴直饮】云米净水器 SE 600G+ 新升级厨下式RO反渗透直饮家用,251121-452523486761443,已取消,1	,正常,	,	,,	,	,819506595979	,【24年新品】600G升级版6年长效,1787046011387	,厨房电器,净水器/净水设备及配件耗材,净水器,	,6923185653684	,6923185616399	,	,	,无售后或售后取消,,	,	,,,,,,,否,否,	,否,	,,748.0	,0.0	,136.8	,64.0	,0.0	,0.0	,0.0	,0.0	,547.2	,611.2	,	,	,****,****,****,****,,否,否,	,	,	,否,	,	,	,	,	,	,	,	,	,	,	,	,否,否,	,否,	,,	,否,	,否,,,否
【母婴直饮】云米净水器 SE 600G+ 新升级厨下式RO反渗透直饮家用,251121-398133881140257,已发货，待收货,1	,正常,2025-11-21 15:20:42,2025-11-22 15:20:43,,2025-11-21 19:30:09,	,819506595979	,【24年新品】600G升级版6年长效,1787046011387	,厨房电器,净水器/净水设备及配件耗材,净水器,	,6923185653684	,6923185616399	,	,	,无售后或售后取消,,2025-11-21 15:20:43,	,,,,,,,否,否,	,否,	,,748.0	,0.0	,139.6	,50.0	,0.0	,0.0	,0.0	,0.0	,558.4	,608.4	,JDV024189308943,京东配送,海南省,省直辖县级行政区划,澄迈县,,,否,否,	,	,	,否,	,	,	,	,	,	,	,	,	,	,	,	,否,否,	,否,否,,	,否,	,否,,,否
云米23立方油烟机燃气灶套装家用厨房顶侧大吸力油烟机5.0KW灶具,251121-451432947263446,已发货，待收货,1	,正常,2025-11-21 15:16:11,2025-11-22 15:16:11,,2025-11-21 18:29:24,	,209837375742	,"【烟灶联动】瞬吸烟机+5.0KW灶,天然气",1792607150009	,大家电,厨房大电,烟灶消套装,	,S2409261034001,	,	,	,无售后或售后取消,,2025-11-21 15:16:11,	,,,,,,,否,否,	,否,	,,1286.0	,0.0	,0.0	,0.0	,0.0	,0.0	,0.0	,0.0	,1286.0	,1286.0	,JDV024186186052,京东配送,四川省,成都市,武侯区,,,否,否,	,	,	,否,	,	,	,	,	,	,	,	,	,	,	,	,否,否,	,否,否,,	,否,	,否,,,否
VIOMI云米净水器大通量小海豚800G反渗透RO厨下式家用长效滤芯,251121-374194911530843,已取消,1	,正常,	,	,,	,	,837957770723	,800G大通量纯水机,1809123722986	,厨房电器,净水器/净水设备及配件耗材,净水器,	,6923185653974	,	,	,	,无售后或售后取消,,	,	,,,,,,,否,否,	,否,	,,699.0	,0.0	,0.0	,100.0	,0.0	,0.0	,0.0	,0.0	,599.0	,699.0	,	,	,****,****,****,****,,否,否,	,	,	,否,	,	,	,	,	,	,	,	,	,	,	,	,否,否,	,否,	,,	,否,	,否,,,否
VIOMI云米净水器大通量小海豚800G反渗透RO厨下式家用长效滤芯,251121-584235139410310,已取消,1	,正常,	,	,,	,	,837957770723	,800G大通量纯水机,1809123722986	,厨房电器,净水器/净水设备及配件耗材,净水器,	,6923185653974	,	,	,	,无售后或售后取消,,	,	,,,,,,,否,否,	,否,	,,699.0	,0.0	,0.0	,62.91	,0.0	,0.0	,0.0	,0.0	,636.09	,699.0	,	,	,****,****,****,****,,否,否,	,	,	,否,	,	,	,	,	,	,	,	,	,	,	,	,否,否,	,否,	,,	,否,	,否,,,否
【重磅新品】云米净水器600G小海豚升级版厨下式RO反渗透直饮家用,251121-044795247012355,未发货，退款成功,1	,正常,2025-11-21 14:31:13,2025-11-22 14:31:13,,	,	,225501370546	,小海豚600G,1813468330532	,厨房电器,净水器/净水设备及配件耗材,净水器,	,6923185653684	,6923185616399	,拦截ZX2511210063693,	,退款成功,,2025-11-21 14:31:13,	,,,,,,,否,否,	,否,	,,559.0	,0.0	,0.0	,0.0	,0.0	,0.0	,0.0	,0.0	,559.0	,559.0	,	,	,浙江省,宁波市,海曙区,,,否,否,	,	,	,否,	,	,	,	,	,	,	,	,	,	,	,	,否,否,	,否,是,6	,消费者,否,	,否,,花呗分期,否
云米60升AI速热高温抑菌电热水器3000W一级节能变频增容家用租房,251121-576182106481741,已发货，待收货,1	,正常,2025-11-21 14:32:13,2025-11-23 14:32:13,,2025-11-21 19:37:18,	,226368376224	,3000W速热安全60L热水器,1737176648260	,大家电,热水器,电热水器,	,6923185602224	,6923185602224	,ZX2511210063689拦截 [viomi慧慧sk 11/21 19:45]=二线 [viomi慧慧sk 11/27 21:43]==特殊补偿50待+18603673671安装 +二线 [viomi英英sk 11/28 15:58],	,无售后或售后取消,,2025-11-21 14:32:13,	,,,,,,,否,否,	,否,	,,654.0	,0.0	,0.0	,91.56	,8.0	,0.0	,0.0	,0.0	,562.44	,654.0	,JDV024188049744,京东配送,黑龙江省,齐齐哈尔市,泰来县,,,否,否,	,	,	,否,	,	,	,	,	,	,	,	,	,	,	,	,否,否,	,否,否,,	,否,	,否,,,否
云米小厨宝6L即热式厨房台下洗碗热水宝上出水储水式小型电热水器,251121-092610250292620,已取消,1	,正常,	,	,,	,	,205451808289	,"热水即刻有6L,小厨宝",1752480784258	,大家电,热水器,电热水器,	,6923185611233	,6923185611233	,	,	,无售后或售后取消,,	,	,,,,,,,否,否,	,否,	,,289.0	,0.0	,0.0	,0.0	,0.0	,0.0	,0.0	,0.0	,289.0	,289.0	,	,	,****,****,****,****,,否,否,	,	,	,否,	,	,	,	,	,	,	,	,	,	,	,	,否,否,	,否,	,,	,否,	,否,,,否
【重磅新品】云米净水器600G小海豚升级版厨下式RO反渗透直饮家用,251121-482103847291146,已收货,1	,正常,2025-11-21 14:28:26,2025-11-22 14:28:26,,2025-11-21 20:36:19,2025-11-29 08:44:41,225501370546	,小海豚600G,1813468330532	,厨房电器,净水器/净水设备及配件耗材,净水器,	,6923185653684	,6923185616399	,	,	,无售后或售后取消,,2025-11-21 14:28:26,	,,,,,,,否,否,	,否,	,,559.0	,0.0	,0.0	,0.0	,0.0	,0.0	,0.0	,0.0	,559.0	,559.0	,JDV024188051124,京东大件物流,四川省,绵阳市,安州区,,,否,否,	,	,	,否,	,	,	,	,	,	,	,	,	,	,	,	,否,否,	,否,否,,	,否,	,否,,,否
【重磅新品】云米净水器600G小海豚升级版厨下式RO反渗透直饮家用,251121-288662525540378,已取消,1	,正常,	,	,,	,	,225501370546	,小海豚600G,1813468330532	,厨房电器,净水器/净水设备及配件耗材,净水器,	,6923185653684	,6923185616399	,	,	,无售后或售后取消,,	,	,,,,,,,否,否,	,否,	,,559.0	,0.0	,0.0	,0.0	,0.0	,0.0	,0.0	,0.0	,559.0	,559.0	,	,	,****,****,****,****,,否,否,	,	,	,否,	,	,	,	,	,	,	,	,	,	,	,	,否,否,	,否,	,,	,否,	,否,,,否
云米净水器滤芯家用小海豚小蓝调小白龙系列专用RO反渗透,251121-025763530382166,已收货，退款成功,1	,正常,2025-11-21 14:08:51,2025-11-23 14:08:51,,2025-11-21 17:06:00,2025-11-22 17:02:00,232467205433	,5in1 复合滤芯,1647394585330	,厨房电器,净水器/净水设备及配件耗材,净水器配件耗材,	,6923185627425	,	,补差后返到手价109，晒单再返10===已退50 [viomi诺诺sk 11/22 17:03]==【补差】平台已退50元 叶11.23,	,退款成功,,2025-11-21 14:08:51,	,,,,,,,否,否,	,否,	,,149.0	,0.0	,0.0	,0.0	,0.0	,0.0	,0.0	,0.0	,149.0	,149.0	,JDV024186823593,京东配送,安徽省,宣城市,旌德县,,,否,否,	,	,	,否,	,	,	,	,	,	,	,	,	,	,	,	,否,否,	,否,否,,	,否,	,否,,,否
云米净水器滤芯家用小海豚小蓝调小白龙系列专用RO反渗透,251121-244045616782166,已取消,1	,正常,	,	,,	,	,232467205433	,5in1 复合滤芯,1647394585330	,厨房电器,净水器/净水设备及配件耗材,净水器配件耗材,	,6923185627425	,	,	,	,无售后或售后取消,,	,	,,,,,,,否,否,	,否,	,,149.0	,0.0	,0.0	,0.0	,0.0	,0.0	,0.0	,0.0	,149.0	,149.0	,	,	,****,****,****,****,,否,否,	,	,	,否,	,	,	,	,	,	,	,	,	,	,	,	,否,否,	,否,	,,	,否,	,否,,,否
云米净水器滤芯家用小海豚小蓝调小白龙系列专用RO反渗透,251121-625056233770247,已发货，待收货,1	,正常,2025-11-21 14:07:54,2025-11-23 14:07:54,,2025-11-21 17:49:35,	,232467205433	,5in1 复合滤芯,1647394585330	,厨房电器,净水器/净水设备及配件耗材,净水器配件耗材,	,6923185627425	,	,	,	,无售后或售后取消,,2025-11-21 14:07:54,	,,,,,,,否,否,	,否,	,,149.0	,0.0	,0.0	,0.0	,0.15	,0.0	,0.0	,0.0	,149.0	,149.0	,JDV024184725721,京东配送,陕西省,西安市,雁塔区,,,否,否,	,	,	,否,	,	,	,	,	,	,	,	,	,	,	,	,否,否,	,否,否,,	,否,	,否,,,否
【母婴直饮】云米净水器 SE 600G+ 新升级厨下式RO反渗透直饮家用,251121-383118293410224,已取消,1	,正常,	,	,,	,	,819506595979	,【24年新品】600G升级版6年长效,1787046011387	,厨房电器,净水器/净水设备及配件耗材,净水器,	,6923185653684	,6923185616399	,	,	,无售后或售后取消,,	,	,,,,,,,否,否,	,否,	,,748.0	,0.0	,129.6	,100.0	,0.0	,0.0	,0.0	,0.0	,518.4	,618.4	,	,	,****,****,****,****,,否,否,	,	,	,否,	,	,	,	,	,	,	,	,	,	,	,	,否,否,	,否,	,,	,否,	,否,,,否
【母婴直饮】云米净水器 SE 600G+ 新升级厨下式RO反渗透直饮家用,251121-411083794850224,已取消,1	,正常,	,	,,	,	,819506595979	,【24年新品】600G升级版6年长效,1787046011387	,厨房电器,净水器/净水设备及配件耗材,净水器,	,6923185653684	,6923185616399	,	,	,无售后或售后取消,,	,	,,,,,,,否,否,	,否,	,,748.0	,0.0	,149.0	,3.0	,0.0	,0.0	,0.0	,0.0	,596.0	,599.0	,	,	,****,****,****,****,,否,否,	,	,	,否,	,	,	,	,	,	,	,	,	,	,	,	,否,否,	,否,	,,	,否,	,否,,,否
云米净水器滤芯小蓝调小海豚600G+专用复合滤芯RO反渗透滤芯过滤,251121-396907047310592,已发货，待收货,2	,正常,2025-11-21 13:32:24,2025-11-22 13:32:24,,2025-11-21 16:58:56,	,296967601341	,5in1复合滤芯 2年长效,1600193054565	,厨房电器,净水器/净水设备及配件耗材,净水器配件耗材,	,6923185627425	,	,	,	,无售后或售后取消,,2025-11-21 13:32:24,	,,,,,,,否,否,	,否,	,,598.0	,0.0	,5.98	,0.0	,0.0	,0.0	,0.0	,0.0	,592.02	,592.02	,JDV024184576490,京东配送,江苏省,盐城市,响水县,,,否,否,	,	,	,否,	,	,	,	,	,	,	,	,	,	,	,	,否,否,	,否,否,,	,否,	,否,,,否
【重磅新品】云米净水器600G小海豚升级版厨下式RO反渗透直饮家用,251121-497192855972145,已收货,1	,正常,2025-11-21 13:28:42,2025-11-22 13:28:42,,2025-11-21 20:36:20,2025-11-29 04:44:11,225501370546	,小海豚600G,1813468330532	,厨房电器,净水器/净水设备及配件耗材,净水器,	,6923185653684	,6923185616399	,	,	,无售后或售后取消,,2025-11-21 13:28:42,	,,,,,,,否,否,	,否,	,,559.0	,0.0	,0.0	,0.0	,0.0	,0.0	,0.0	,0.0	,559.0	,559.0	,JDV024188048889,京东大件物流,江苏省,盐城市,射阳县,,,否,否,	,	,	,否,	,	,	,	,	,	,	,	,	,	,	,	,否,否,	,否,否,,	,否,	,否,,,否
【重磅新品】云米净水器600G小海豚升级版厨下式RO反渗透直饮家用,251121-010527783310592,已发货，待收货,1	,正常,2025-11-21 13:26:33,2025-11-22 13:26:33,,2025-11-21 20:36:20,	,225501370546	,小海豚600G,1813468330532	,厨房电器,净水器/净水设备及配件耗材,净水器,	,6923185653684	,6923185616399	,	,	,无售后或售后取消,,2025-11-21 13:26:33,	,,,,,,,否,否,	,否,	,,559.0	,0.0	,0.0	,0.0	,5.59	,0.0	,0.0	,0.0	,559.0	,559.0	,JDV024188091002,京东大件物流,江苏省,盐城市,响水县,,,否,否,	,	,	,否,	,	,	,	,	,	,	,	,	,	,	,	,否,否,	,否,否,,	,否,	,否,,,否
【6年套装】云米净水器600G小海豚升级版厨下式RO反渗透直饮家用,251121-037350284892274,已收货,1	,正常,2025-11-21 13:16:09,2025-11-22 13:16:10,,2025-11-21 16:44:52,2025-11-28 20:34:46,852932116812	,小海豚600G+6年滤芯套装,1812983769340	,厨房电器,净水器/净水设备及配件耗材,净水器,	,S2508151538001,	,送检测笔13467468995安装11.23 [viomi范范sk 11/23 14:56]=检测笔已登 [viomi莉莉sk 11/28 21:16],	,无售后或售后取消,,2025-11-21 13:16:10,	,,,,,,,否,否,	,否,	,,764.28	,0.0	,0.0	,75.0	,0.0	,0.0	,0.0	,0.0	,689.28	,764.28	,JDV024185166820,京东配送,广东省,佛山市,南海区,,,否,否,	,	,	,否,	,	,	,	,	,	,	,	,	,	,	,	,否,否,	,否,否,,	,否,	,否,,,否
【6年套装】云米净水器600G小海豚升级版厨下式RO反渗透直饮家用,251121-374645778824069,未发货，退款成功,1	,正常,2025-11-21 13:13:57,2025-11-22 13:13:57,,	,	,852932116812	,小海豚600G+6年滤芯套装,1812983769340	,厨房电器,净水器/净水设备及配件耗材,净水器,	,S2508151538001,	,拦截ZX2511210063692,	,退款成功,,2025-11-21 13:13:57,	,,,,,,,否,否,	,否,	,,764.28	,0.0	,0.0	,0.0	,0.0	,0.0	,0.0	,0.0	,764.28	,764.28	,	,	,福建省,泉州市,晋江市,,,否,否,	,	,	,否,	,	,	,	,	,	,	,	,	,	,	,	,否,否,	,否,否,,	,否,	,否,,,否
【6年套装】云米净水器600G小海豚升级版厨下式RO反渗透直饮家用,251121-442352299612274,已取消,1	,正常,	,	,,	,	,852932116812	,小海豚600G+6年滤芯套装,1812983769340	,厨房电器,净水器/净水设备及配件耗材,净水器,	,S2508151538001,	,	,	,无售后或售后取消,,	,	,,,,,,,否,否,	,否,	,,764.28	,0.0	,0.0	,75.0	,0.0	,0.0	,0.0	,0.0	,689.28	,764.28	,	,	,****,****,****,****,,否,否,	,	,	,否,	,	,	,	,	,	,	,	,	,	,	,	,否,否,	,否,	,,	,否,	,否,,,否
【重磅新品】云米净水器600G小海豚升级版厨下式RO反渗透直饮家用,251121-042645624412274,已取消,1	,正常,	,	,,	,	,225501370546	,小海豚600G,1813468330532	,厨房电器,净水器/净水设备及配件耗材,净水器,	,6923185653684	,6923185616399	,	,	,无售后或售后取消,,	,	,,,,,,,否,否,	,否,	,,559.0	,0.0	,0.0	,3.0	,0.0	,0.0	,0.0	,0.0	,556.0	,559.0	,	,	,****,****,****,****,,否,否,	,	,	,否,	,	,	,	,	,	,	,	,	,	,	,	,否,否,	,否,	,,	,否,	,否,,,否
【重磅新品】云米净水器600G小海豚升级版厨下式RO反渗透直饮家用,251121-308554023223727,已发货，待收货,1	,正常,2025-11-21 13:03:47,2025-11-22 13:03:47,,2025-11-21 17:17:35,	,852161740747	,小海豚600G+6年滤芯套装,1812658223669	,厨房电器,净水器/净水设备及配件耗材,净水器,	,S2508151538001,	,	,	,无售后或售后取消,,2025-11-21 13:03:47,	,,,,,,,否,否,	,否,	,,764.9	,0.0	,0.0	,100.0	,6.0	,0.0	,0.0	,0.0	,664.9	,764.9	,JDV024185144124,京东配送,四川省,广安市,武胜县,,,否,否,	,	,	,否,	,	,	,	,	,	,	,	,	,	,	,	,否,否,	,否,否,,	,否,	,否,,,否
【母婴直饮】云米净水器 SE 600G+ 新升级厨下式RO反渗透直饮家用,251121-174514563481719,已收货,1	,正常,2025-11-21 12:47:37,2025-11-22 12:47:37,,2025-11-21 17:17:07,2025-11-27 20:21:33,819506595979	,【24年新品】600G升级版6年长效,1787046011387	,厨房电器,净水器/净水设备及配件耗材,净水器,	,6923185653684	,6923185616399	,13818984291超 [viomi英英sk 11/25 17:44]=18969339269安装 [viomi莉莉sk 11/27 19:30],	,无售后或售后取消,,2025-11-21 12:47:37,	,,,,,,,否,否,	,否,	,,748.0	,0.0	,139.6	,50.0	,0.0	,0.0	,0.0	,0.0	,558.4	,608.4	,JDV024185271984,京东配送,浙江省,嘉兴市,桐乡市,,,否,否,	,	,	,否,	,	,	,	,	,	,	,	,	,	,	,	,否,否,	,否,否,,	,否,	,否,,,否
【重磅新品】云米净水器600G小海豚升级版厨下式RO反渗透直饮家用,251121-622225078611646,已收货,1	,正常,2025-11-21 12:45:46,2025-11-22 12:45:46,,2025-11-21 20:36:20,2025-11-24 11:06:18,225501370546	,小海豚600G,1813468330532	,厨房电器,净水器/净水设备及配件耗材,净水器,	,6923185653684	,6923185616399	,	,	,无售后或售后取消,,2025-11-21 12:45:46,	,,,,,,,否,否,	,否,	,,559.0	,0.0	,0.0	,55.9	,0.0	,0.0	,0.0	,0.0	,503.1	,559.0	,JDV024184925917,京东大件物流,河北省,承德市,滦平县,,,否,否,	,	,	,否,	,	,	,	,	,	,	,	,	,	,	,	,否,否,	,否,否,,	,否,	,否,,,否
云米顶侧大吸力蓝调油烟机家用厨房节能自清洁一级能效可挥手智控,251121-414785246850339,已发货，待收货,1	,正常,2025-11-21 12:30:25,2025-11-22 12:30:25,,2025-11-21 18:40:12,	,657344402006	,云米智清洁挥手智控单烟机,1723825075586	,大家电,厨房大电,油烟机,	,6923185650973	,6923185650973	,18039035309咨询 [viomi莉莉sk 11/24 11:39],	,售后处理中,,2025-11-21 12:30:25,	,,,,,,,否,否,	,否,	,,839.0	,0.0	,48.0	,32.0	,0.0	,0.0	,0.0	,0.0	,759.0	,791.0	,JDV024186045185,京东配送,福建省,莆田市,涵江区,,,否,否,	,	,	,否,	,	,	,	,	,	,	,	,	,	,	,	,否,否,	,否,否,,	,否,	,否,,,否
云米AI油烟机双腔大吸力Smart双腔一级能效23m³大风压智清洁节能,251121-060565767743634,已发货，待收货,1	,正常,2025-11-21 12:18:32,2025-11-22 12:18:32,,2025-11-21 17:10:04,	,750412983827	,AI双腔强吸油烟机,1737582711971	,大家电,厨房大电,油烟机,	,6923185649229	,6923185649229	,补差后返到手价799,	,无售后或售后取消,,2025-11-21 12:18:32,	,,,,,,,否,否,	,否,	,,832.0	,0.0	,0.0	,0.0	,0.0	,0.0	,0.0	,0.0	,832.0	,832.0	,JDV024184213586,京东配送,安徽省,芜湖市,湾沚区,,,否,否,	,	,	,否,	,	,	,	,	,	,	,	,	,	,	,	,否,否,	,否,否,,	,否,	,否,,,否
【6年套装】云米净水器600G小海豚升级版厨下式RO反渗透直饮家用,251121-480017180984064,已取消,1	,正常,	,	,,	,	,852932116812	,小海豚600G+6年滤芯套装,1812983769340	,厨房电器,净水器/净水设备及配件耗材,净水器,	,S2508151538001,	,	,	,无售后或售后取消,,	,	,,,,,,,否,否,	,否,	,,764.28	,0.0	,0.0	,91.71	,0.0	,0.0	,0.0	,0.0	,672.57	,764.28	,	,	,****,****,****,****,,否,否,	,	,	,否,	,	,	,	,	,	,	,	,	,	,	,	,否,否,	,否,	,,	,否,	,否,,,否
【重磅新品】云米净水器600G小海豚升级版厨下式RO反渗透直饮家用,251121-032589770302071,已发货，待收货,1	,正常,2025-11-21 12:06:10,2025-11-22 12:06:10,,2025-11-21 20:36:21,	,225501370546	,小海豚600G,1813468330532	,厨房电器,净水器/净水设备及配件耗材,净水器,	,6923185653684	,6923185616399	,	,	,无售后或售后取消,,2025-11-21 12:06:10,	,,,,,,,否,否,	,否,	,,559.0	,0.0	,0.0	,0.0	,1.11	,0.0	,0.0	,0.0	,559.0	,559.0	,JDV024184114856,京东大件物流,广东省,汕尾市,陆丰市,,,否,否,	,	,	,否,	,	,	,	,	,	,	,	,	,	,	,	,否,否,	,否,否,,	,否,	,否,,,否
云米AI油烟机双腔大吸力Smart双腔一级能效23m³大风压智清洁节能,251121-585440970303634,已取消,1	,正常,	,	,,	,	,750412983827	,AI双腔强吸油烟机,1737582711971	,大家电,厨房大电,油烟机,	,6923185649229	,6923185649229	,	,	,无售后或售后取消,,	,	,,,,,,,否,否,	,否,	,,832.0	,0.0	,0.0	,0.0	,0.0	,0.0	,0.0	,0.0	,832.0	,832.0	,	,	,****,****,****,****,,否,否,	,	,	,否,	,	,	,	,	,	,	,	,	,	,	,	,否,否,	,否,	,,	,否,	,否,,,否
云米AI油烟机双腔大吸力Smart双腔一级能效23m³大风压智清洁节能,251121-449639913023634,已取消,1	,正常,	,	,,	,	,750412983827	,AI双腔强吸油烟机,1737582711971	,大家电,厨房大电,油烟机,	,6923185649229	,6923185649229	,	,	,无售后或售后取消,,	,	,,,,,,,否,否,	,否,	,,832.0	,0.0	,0.0	,0.0	,0.0	,0.0	,0.0	,0.0	,832.0	,832.0	,	,	,****,****,****,****,,否,否,	,	,	,否,	,	,	,	,	,	,	,	,	,	,	,	,否,否,	,否,	,,	,否,	,否,,,否
【重磅新品】云米净水器600G小海豚升级版厨下式RO反渗透直饮家用,251121-031908175393526,已发货，待收货,1	,正常,2025-11-21 11:58:16,2025-11-22 11:58:16,,2025-11-21 20:36:20,	,225501370546	,小海豚600G,1813468330532	,厨房电器,净水器/净水设备及配件耗材,净水器,	,6923185653684	,6923185616399	,	,	,无售后或售后取消,,2025-11-21 11:58:16,	,,,,,,,否,否,	,否,	,,559.0	,0.0	,0.0	,100.0	,0.2	,0.0	,0.0	,0.0	,459.0	,559.0	,JDV024184075157,京东大件物流,山东省,日照市,东港区,,,否,否,	,	,	,否,	,	,	,	,	,	,	,	,	,	,	,	,否,否,	,否,否,,	,否,	,否,,,否
【重磅新品】云米净水器600G小海豚升级版厨下式RO反渗透直饮家用,251121-463103660403521,已发货，待收货,1	,正常,2025-11-21 11:57:36,2025-11-22 11:57:36,,2025-11-21 20:36:21,	,225501370546	,小海豚600G,1813468330532	,厨房电器,净水器/净水设备及配件耗材,净水器,	,6923185653684	,6923185616399	,	,	,无售后或售后取消,,2025-11-21 11:57:36,	,,,,,,,否,否,	,否,	,,559.0	,0.0	,0.0	,52.2	,0.1	,0.0	,0.0	,0.0	,506.8	,559.0	,JDV024184114891,京东大件物流,四川省,成都市,温江区,,,否,否,	,	,	,否,	,	,	,	,	,	,	,	,	,	,	,	,否,否,	,否,否,,	,否,	,否,,,否
【重磅新品】云米净水器600G小海豚升级版厨下式RO反渗透直饮家用,251121-023414772040160,已收货,1	,正常,2025-11-21 11:50:31,2025-11-22 11:50:31,,2025-11-21 20:36:20,2025-11-23 19:11:38,225501370546	,小海豚600G,1813468330532	,厨房电器,净水器/净水设备及配件耗材,净水器,	,6923185653684	,6923185616399	,	,	,无售后或售后取消,,2025-11-21 11:50:31,	,,,,,,,否,否,	,否,	,,559.0	,0.0	,0.0	,0.0	,0.0	,0.0	,0.0	,0.0	,559.0	,559.0	,JDV024184106100,京东大件物流,广东省,肇庆市,端州区,,,否,否,	,	,	,否,	,	,	,	,	,	,	,	,	,	,	,	,否,否,	,否,否,,	,否,	,否,,,否
VIOMI云米净水器大通量小海豚800G反渗透RO厨下式家用长效滤芯,251121-491572446801636,已取消,1	,正常,	,	,,	,	,837957770723	,800G大通量纯水机,1809123722986	,厨房电器,净水器/净水设备及配件耗材,净水器,	,6923185653974	,	,	,	,无售后或售后取消,,	,	,,,,,,,否,否,	,否,	,,699.0	,0.0	,0.0	,100.0	,0.0	,0.0	,0.0	,0.0	,599.0	,699.0	,	,	,****,****,****,****,,否,否,	,	,	,否,	,	,	,	,	,	,	,	,	,	,	,	,否,否,	,否,	,,	,否,	,否,,,否
云米双腔大吸力手势控制智清洁油烟机聚能猛火灶安全烟灶联动套装,251121-048108705431723,已取消,1	,正常,	,	,,	,	,848589244342	,"【烟灶套装】双腔劲吸烟机+5.0KW灶,天然气灶",1809146217030	,大家电,厨房大电,烟灶消套装,	,S2209231819001,	,	,	,无售后或售后取消,,	,	,,,,,,,否,否,	,否,	,,1299.0	,0.0	,0.0	,77.94	,0.0	,0.0	,0.0	,0.0	,1221.06	,1299.0	,	,	,****,****,****,****,,否,否,	,	,	,否,	,	,	,	,	,	,	,	,	,	,	,	,否,否,	,否,	,,	,否,	,否,,,否
云米23立方油烟机燃气灶套装家用厨房顶侧大吸力油烟机5.0KW灶具,251121-332891430431755,已收货，退款成功,1	,正常,2025-11-21 11:09:42,2025-11-22 11:09:42,,2025-11-21 17:09:04,2025-11-25 11:27:42,209837375742	,"【烟灶联动】瞬吸烟机+5.0KW灶,天然气",1792607150009	,大家电,厨房大电,烟灶消套装,	,S2409261034001,	,15904835987安装 [viomi英英sk 11/24 15:13]已退拆旧补贴30 [viomi诺诺sk 11/25 11:40],	,退款成功,,2025-11-21 11:09:42,	,,,,,,,否,否,	,否,	,,1286.0	,0.0	,60.0	,40.0	,0.0	,0.0	,0.0	,0.0	,1186.0	,1226.0	,JDV024184330228,京东配送,内蒙古自治区,阿拉善盟,阿拉善左旗,,,否,否,	,	,	,否,	,	,	,	,	,	,	,	,	,	,	,	,否,否,	,否,否,,	,否,	,否,,,否
【重磅新品】云米净水器600G小海豚升级版厨下式RO反渗透直饮家用,251121-300008097430523,已收货,1	,正常,2025-11-21 11:07:25,2025-11-22 11:07:26,,2025-11-21 16:01:28,2025-11-22 15:50:09,225501370546	,小海豚600G,1813468330532	,厨房电器,净水器/净水设备及配件耗材,净水器,	,6923185653684	,6923185616399	,	,	,无售后或售后取消,,2025-11-21 11:07:26,	,,,,,,,否,否,	,否,	,,559.0	,0.0	,0.0	,0.0	,1.11	,0.0	,0.0	,0.0	,559.0	,559.0	,JDV024183194173,京东大件物流,北京市,北京市,朝阳区,,,否,否,	,	,	,否,	,	,	,	,	,	,	,	,	,	,	,	,否,否,	,否,否,,	,否,	,否,,,否
【母婴直饮】云米净水器 SE 600G+ 新升级厨下式RO反渗透直饮家用,251121-508454540910083,已发货，待收货,1	,正常,2025-11-21 11:06:03,2025-11-22 11:06:03,,2025-11-21 17:12:00,	,819506595979	,【24年新品】600G升级版6年长效,1787046011387	,厨房电器,净水器/净水设备及配件耗材,净水器,	,6923185653684	,6923185616399	,	,	,无售后或售后取消,,2025-11-21 11:06:03,	,,,,,,,否,否,	,否,	,,748.0	,0.0	,134.64	,74.8	,0.0	,0.0	,0.0	,0.0	,538.56	,613.36	,JDV024184120985,京东配送,江苏省,无锡市,江阴市,,,否,否,	,	,	,否,	,	,	,	,	,	,	,	,	,	,	,	,否,否,	,否,否,,	,否,	,否,,,否
【母婴直饮】云米净水器 SE 600G+ 新升级厨下式RO反渗透直饮家用,251121-601662461591386,未发货，退款成功,1	,正常,2025-11-21 10:52:51,2025-11-22 10:52:52,,	,	,819506595979	,【24年新品】600G升级版6年长效,1787046011387	,厨房电器,净水器/净水设备及配件耗材,净水器,	,6923185653684	,6923185616399	,聚水潭已取消发货，仅退款  诚11.21,	,退款成功,,2025-11-21 10:52:52,	,,,,,,,否,否,	,否,	,,748.0	,0.0	,129.6	,100.0	,0.0	,0.0	,0.0	,0.0	,518.4	,618.4	,	,	,安徽省,合肥市,新站综合开发试验区,,,否,否,	,	,	,否,	,	,	,	,	,	,	,	,	,	,	,	,否,否,	,否,否,,	,否,	,否,,,否
云米23立方油烟机燃气灶套装家用厨房顶侧大吸力油烟机5.0KW灶具,251121-563504780803287,已发货，待收货,1	,正常,2025-11-21 10:50:52,2025-11-22 10:50:53,2025-11-23 23:59:59,2025-11-21 17:19:59,	,209837375742	,"【烟灶联动】瞬吸烟机+5.0KW灶,天然气",1792607150009	,大家电,厨房大电,烟灶消套装,	,S2409261034001,	,	,	,无售后或售后取消,,2025-11-21 10:50:53,	,,,,,,,否,否,	,否,	,,1286.0	,0.0	,60.0	,40.0	,0.0	,0.0	,0.0	,0.0	,1186.0	,1226.0	,JDV024184356532,京东配送,广东省,广州市,白云区,,,否,否,	,	,	,否,	,	,	,	,	,	,	,	,	,	,	,	,否,否,	,否,否,,	,否,	,否,,,否
【重磅新品】云米净水器600G小海豚升级版厨下式RO反渗透直饮家用,251121-042865867120218,已发货，待收货,1	,正常,2025-11-21 10:50:09,2025-11-22 10:50:09,,2025-11-21 20:36:21,	,225501370546	,小海豚600G,1813468330532	,厨房电器,净水器/净水设备及配件耗材,净水器,	,6923185653684	,6923185616399	,	,	,无售后或售后取消,,2025-11-21 10:50:09,	,,,,,,,否,否,	,否,	,,559.0	,0.0	,0.0	,0.0	,1.11	,0.0	,0.0	,0.0	,559.0	,559.0	,JDV024184158506,京东大件物流,广西壮族自治区,北海市,银海区,,,否,否,	,	,	,否,	,	,	,	,	,	,	,	,	,	,	,	,否,否,	,否,否,,	,否,	,否,,,否
云米23立方油烟机燃气灶套装家用厨房顶侧大吸力油烟机5.0KW灶具,251121-134721082883287,未发货，退款成功,1	,正常,2025-11-21 10:45:33,2025-11-22 10:45:33,2025-11-23 23:59:59,	,	,209837375742	,"【烟灶联动】瞬吸烟机+5.0KW灶,天然气",1792607150009	,大家电,厨房大电,烟灶消套装,	,S2409261034001,	,聚水潭已取消发货，仅退款  诚11.21,	,退款成功,,2025-11-21 10:45:33,	,,,,,,,否,否,	,否,	,,1286.0	,0.0	,60.0	,40.0	,0.0	,0.0	,0.0	,0.0	,1186.0	,1226.0	,	,	,广东省,广州市,白云区,,,否,否,	,	,	,否,	,	,	,	,	,	,	,	,	,	,	,	,否,否,	,否,否,,	,否,	,否,,,否
VIOMI云米净水器大通量小海豚800G反渗透RO厨下式家用长效滤芯,251121-013379879211968,已发货，待收货,1	,正常,2025-11-21 10:32:08,2025-11-22 10:32:08,2025-11-23 23:59:59,2025-11-21 17:17:37,	,837957770723	,800G大通量纯水机,1809123722986	,厨房电器,净水器/净水设备及配件耗材,净水器,	,6923185653974	,	,	,	,无售后或售后取消,,2025-11-21 10:32:08,	,,,,,,,否,否,	,否,	,,699.0	,0.0	,0.0	,100.0	,1.19	,0.0	,0.0	,0.0	,599.0	,699.0	,JDV024184107710,京东配送,江苏省,南京市,玄武区,,,否,否,	,	,	,否,	,	,	,	,	,	,	,	,	,	,	,	,否,否,	,否,否,,	,否,	,否,,,否
【重磅新品】云米净水器600G小海豚升级版厨下式RO反渗透直饮家用,251121-527035328811677,已取消,1	,正常,	,	,,	,	,225501370546	,小海豚600G,1813468330532	,厨房电器,净水器/净水设备及配件耗材,净水器,	,6923185653684	,6923185616399	,	,	,无售后或售后取消,,	,	,,,,,,,否,否,	,否,	,,559.0	,0.0	,0.0	,0.0	,0.0	,0.0	,0.0	,0.0	,559.0	,559.0	,	,	,****,****,****,****,,否,否,	,	,	,否,	,	,	,	,	,	,	,	,	,	,	,	,否,否,	,否,	,,	,否,	,否,,,否
【重磅新品】云米净水器600G小海豚升级版厨下式RO反渗透直饮家用,251121-378882046251677,已取消,1	,正常,	,	,,	,	,225501370546	,小海豚600G,1813468330532	,厨房电器,净水器/净水设备及配件耗材,净水器,	,6923185653684	,6923185616399	,	,	,无售后或售后取消,,	,	,,,,,,,否,否,	,否,	,,559.0	,0.0	,0.0	,0.0	,0.0	,0.0	,0.0	,0.0	,559.0	,559.0	,	,	,****,****,****,****,,否,否,	,	,	,否,	,	,	,	,	,	,	,	,	,	,	,	,否,否,	,否,	,,	,否,	,否,,,否
【母婴直饮】云米净水器 SE 600G+ 新升级厨下式RO反渗透直饮家用,251121-486979735993236,未发货，退款成功,1	,正常,2025-11-21 10:26:55,2025-11-22 10:26:56,,	,	,819506595979	,【24年新品】600G升级版6年长效,1787046011387	,厨房电器,净水器/净水设备及配件耗材,净水器,	,6923185653684	,6923185616399	,聚水潭已取消发货，仅退款  诚11.21,	,退款成功,,2025-11-21 10:26:56,	,,,,,,,否,否,	,否,	,,748.0	,0.0	,129.6	,100.0	,0.0	,0.0	,0.0	,0.0	,518.4	,618.4	,	,	,河南省,郑州市,金水区,,,否,否,	,	,	,否,	,	,	,	,	,	,	,	,	,	,	,	,否,否,	,否,是,3	,商家,否,	,否,,信用卡分期,否
云米小厨宝6L电热水器厨房卫生间出水恒温储水式小型速热神器加热,251121-007224768952488,已发货，待收货,1	,正常,2025-11-21 10:23:27,2025-11-22 10:23:27,,2025-11-21 16:01:42,	,208073193570	,热水即刻有-【6L】,1801828025682	,大家电,热水器,厨宝,	,6923185611233	,6923185611233	,	,	,无售后或售后取消,,2025-11-21 10:23:27,	,,,,,,,否,否,	,否,	,,280.0	,0.0	,12.0	,8.0	,1.03	,0.0	,0.0	,0.0	,260.0	,268.0	,JDV024180994708,京东配送,江苏省,南通市,如东县,,,否,否,	,	,	,否,	,	,	,	,	,	,	,	,	,	,	,	,否,否,	,否,否,,	,否,	,否,,,否
【重磅新品】云米净水器600G小海豚升级版厨下式RO反渗透直饮家用,251121-556259131722536,已取消,2	,正常,	,	,,	,	,852161740747	,小海豚600G+6年滤芯套装,1812658223669	,厨房电器,净水器/净水设备及配件耗材,净水器,	,S2508151538001,	,	,	,无售后或售后取消,,	,	,,,,,,,否,否,	,否,	,,1529.8	,0.0	,15.29	,100.0	,0.0	,0.0	,0.0	,0.0	,1414.51	,1514.51	,	,	,****,****,****,****,,否,否,	,	,	,否,	,	,	,	,	,	,	,	,	,	,	,	,否,否,	,否,	,,	,否,	,否,,,否
【母婴直饮】云米净水器 SE 600G+ 新升级厨下式RO反渗透直饮家用,251121-416672673340207,已收货,1	,正常,2025-11-21 10:10:32,2025-11-22 10:10:32,,2025-11-21 17:25:35,2025-11-24 10:13:32,819506595979	,【24年新品】600G升级版6年长效,1787046011387	,厨房电器,净水器/净水设备及配件耗材,净水器,	,6923185653684	,6923185616399	,	,	,无售后或售后取消,,2025-11-21 10:10:32,	,,,,,,,否,否,	,否,	,,748.0	,0.0	,149.6	,0.0	,0.0	,0.0	,0.0	,0.0	,598.4	,598.4	,JDV024180640344,京东配送,上海市,上海市,杨浦区,,,否,否,	,	,	,否,	,	,	,	,	,	,	,	,	,	,	,	,否,否,	,否,否,,	,否,	,否,,,否
云米净水器滤芯家用小海豚小蓝调小白龙系列专用RO反渗透,251121-064676227451185,已收货，退款成功,1	,正常,2025-11-21 10:10:37,2025-11-23 10:10:37,2025-11-23 23:59:59,2025-11-21 16:43:59,2025-11-24 18:58:05,232467205433	,5in1 复合滤芯,1647394585330	,厨房电器,净水器/净水设备及配件耗材,净水器配件耗材,	,6923185627425	,	,差价40仅退款 [viomi范范sk 11/24 18:59],	,退款成功,,2025-11-21 10:10:37,	,,,,,,,否,否,	,否,	,,149.0	,0.0	,0.0	,0.0	,0.0	,0.0	,0.0	,0.0	,149.0	,149.0	,JDV024180677728,京东配送,福建省,福州市,福清市,,,否,否,	,	,	,否,	,	,	,	,	,	,	,	,	,	,	,	,否,否,	,否,否,,	,否,	,否,,,否
VIOMI云米净水器大通量小海豚800G反渗透RO厨下式家用长效滤芯,251121-632312349091410,已收货，退款成功,1	,正常,2025-11-21 10:07:50,2025-11-22 10:07:50,,2025-11-21 16:38:54,2025-11-24 16:42:41,850333437206	,竹炭复合商品滤芯,1810726753549	,厨房电器,净水器/净水设备及配件耗材,净水器,	,6923185654193	,	,补差后返到手价99=200仅退款 [viomi范范sk 11/24 16:43],	,退款成功,,2025-11-21 10:07:50,	,,,,,,,否,否,	,否,	,,299.0	,0.0	,0.0	,0.0	,0.2	,0.0	,0.0	,0.0	,299.0	,299.0	,JDV024180631676,京东配送,河南省,商丘市,梁园区,,,否,否,	,	,	,否,	,	,	,	,	,	,	,	,	,	,	,	,否,否,	,否,否,,	,否,	,否,,,否
【6年套装】云米净水器600G小海豚升级版厨下式RO反渗透直饮家用,251121-273112164701815,已收货,1	,正常,2025-11-21 10:07:38,2025-11-22 10:07:38,,2025-11-21 14:06:01,2025-11-24 17:20:52,852932116812	,小海豚600G+6年滤芯套装,1812983769340	,厨房电器,净水器/净水设备及配件耗材,净水器,	,S2508151538001,	,检测笔已登记 [viomi英英sk 11/24 17:21],	,无售后或售后取消,,2025-11-21 10:07:38,	,,,,,,,否,否,	,否,	,,764.28	,0.0	,0.0	,5.0	,0.0	,0.0	,0.0	,0.0	,759.28	,764.28	,JDV024180347366,京东大件物流,贵州省,贵阳市,花溪区,,,否,否,	,	,	,否,	,	,	,	,	,	,	,	,	,	,	,	,否,否,	,否,否,,	,否,	,否,,,否
【6年套装】云米净水器600G小海豚升级版厨下式RO反渗透直饮家用,251121-612337006941815,未发货，退款成功,1	,正常,2025-11-21 10:02:41,2025-11-22 10:02:41,,	,	,852932116812	,小海豚600G+6年滤芯套装,1812983769340	,厨房电器,净水器/净水设备及配件耗材,净水器,	,S2508151538001,	,聚水潭已取消发货，仅退款  诚11.21,	,退款成功,,2025-11-21 10:02:41,	,,,,,,,否,否,	,否,	,,764.28	,0.0	,0.0	,5.0	,0.0	,0.0	,0.0	,0.0	,759.28	,764.28	,	,	,贵州省,贵阳市,花溪区,,,否,否,	,	,	,否,	,	,	,	,	,	,	,	,	,	,	,	,否,否,	,否,否,,	,否,	,否,,,否
【母婴直饮】云米净水器 SE 600G+ 新升级厨下式RO反渗透直饮家用,251121-071481464411830,已取消,1	,正常,	,	,,	,	,819506595979	,【24年新品】600G升级版6年长效,1787046011387	,厨房电器,净水器/净水设备及配件耗材,净水器,	,6923185653684	,6923185616399	,	,	,无售后或售后取消,,	,	,,,,,,,否,否,	,否,	,,748.0	,0.0	,129.6	,100.0	,0.0	,0.0	,0.0	,0.0	,518.4	,618.4	,	,	,****,****,****,****,,否,否,	,	,	,否,	,	,	,	,	,	,	,	,	,	,	,	,否,否,	,否,	,,	,否,	,否,,,否
VIOMI云米净水器大通量小海豚800G反渗透RO厨下式家用长效滤芯,251121-280609483080312,已收货，退款成功,1	,正常,2025-11-21 09:50:53,2025-11-22 09:50:54,,2025-11-21 16:55:03,2025-11-23 22:45:38,850333437206	,竹炭复合商品滤芯,1810726753549	,厨房电器,净水器/净水设备及配件耗材,净水器,	,6923185654193	,	,补差后返到手价99===已退200 [viomi诺诺sk 11/23 22:46],	,退款成功,,2025-11-21 09:50:54,	,,,,,,,否,否,	,否,	,,299.0	,0.0	,0.0	,0.0	,0.0	,0.0	,0.0	,0.0	,299.0	,299.0	,JDV024180203681,京东配送,陕西省,铜川市,耀州区,,,否,否,	,	,	,否,	,	,	,	,	,	,	,	,	,	,	,	,否,否,	,否,否,,	,否,	,否,,,否
【重磅新品】云米净水器600G小海豚升级版厨下式RO反渗透直饮家用,251121-034519139972767,已取消,1	,正常,	,	,,	,	,225501370546	,小海豚600G,1813468330532	,厨房电器,净水器/净水设备及配件耗材,净水器,	,6923185653684	,6923185616399	,	,	,无售后或售后取消,,	,	,,,,,,,否,否,	,否,	,,559.0	,0.0	,0.0	,0.0	,0.0	,0.0	,0.0	,0.0	,559.0	,559.0	,	,	,****,****,****,****,,否,否,	,	,	,否,	,	,	,	,	,	,	,	,	,	,	,	,否,否,	,否,	,,	,否,	,否,,,否
云米顶侧大吸力蓝调油烟机家用厨房节能自清洁一级能效可挥手智控,251121-378116555082840,已发货，待收货,1	,正常,2025-11-21 09:47:54,2025-11-22 09:47:54,,2025-11-21 17:01:03,	,657344402006	,云米智清洁挥手智控单烟机,1723825075586	,大家电,厨房大电,油烟机,	,6923185650973	,6923185650973	,	,	,无售后或售后取消,,2025-11-21 09:47:54,	,,,,,,,否,否,	,否,	,,839.0	,0.0	,48.0	,32.0	,0.0	,0.0	,0.0	,0.0	,759.0	,791.0	,JDV024184118726,京东配送,湖南省,永州市,江华瑶族自治县,,,否,否,	,	,	,否,	,	,	,	,	,	,	,	,	,	,	,	,否,否,	,否,否,,	,否,	,否,,,否
【6年套装】云米净水器600G小海豚升级版厨下式RO反渗透直饮家用,251121-330228057701051,已收货,1	,正常,2025-11-21 09:44:19,2025-11-22 09:44:20,,2025-11-21 17:12:03,2025-11-26 13:21:24,852932116812	,小海豚600G+6年滤芯套装,1812983769340	,厨房电器,净水器/净水设备及配件耗材,净水器,	,S2508151538001,	,	,	,无售后或售后取消,,2025-11-21 09:44:20,	,,,,,,,否,否,	,否,	,,764.28	,0.0	,0.0	,50.0	,1.42	,0.0	,0.0	,0.0	,714.28	,764.28	,JDV024184120339,京东配送,云南省,昆明市,盘龙区,,,否,否,	,	,	,否,	,	,	,	,	,	,	,	,	,	,	,	,否,否,	,否,否,,	,否,	,否,,,否
【6年套装】云米净水器600G小海豚升级版厨下式RO反渗透直饮家用,251121-039961249401377,已发货，待收货,1	,正常,2025-11-21 09:42:26,2025-11-22 09:42:26,,2025-11-21 16:58:02,	,852932116812	,小海豚600G+6年滤芯套装,1812983769340	,厨房电器,净水器/净水设备及配件耗材,净水器,	,S2508151538001,	,	,	,无售后或售后取消,,2025-11-21 09:42:26,	,,,,,,,否,否,	,否,	,,764.28	,0.0	,0.0	,50.0	,0.0	,0.0	,0.0	,0.0	,714.28	,764.28	,JDV024184098950,京东配送,广东省,中山市,南头镇,,,否,否,	,	,	,否,	,	,	,	,	,	,	,	,	,	,	,	,否,否,	,否,否,,	,否,	,否,,,否
【重磅新品】云米净水器600G小海豚升级版厨下式RO反渗透直饮家用,251121-309728407161377,未发货，退款成功,1	,正常,2025-11-21 09:41:49,2025-11-22 09:41:49,,	,	,225501370546	,小海豚600G,1813468330532	,厨房电器,净水器/净水设备及配件耗材,净水器,	,6923185653684	,6923185616399	,聚水潭已取消发货，仅退款  诚11.21,	,退款成功,,2025-11-21 09:41:49,	,,,,,,,否,否,	,否,	,,559.0	,0.0	,0.0	,3.0	,0.0	,0.0	,0.0	,0.0	,556.0	,559.0	,	,	,广东省,中山市,南头镇,,,否,否,	,	,	,否,	,	,	,	,	,	,	,	,	,	,	,	,否,否,	,否,否,,	,否,	,否,,,否
【母婴直饮】云米净水器 SE 600G+ 新升级厨下式RO反渗透直饮家用,251121-458898850213743,已取消,1	,正常,	,	,,	,	,819506595979	,【24年新品】600G升级版6年长效,1787046011387	,厨房电器,净水器/净水设备及配件耗材,净水器,	,6923185653684	,6923185616399	,	,	,无售后或售后取消,,	,	,,,,,,,否,否,	,否,	,,748.0	,0.0	,134.64	,74.8	,0.0	,0.0	,0.0	,0.0	,538.56	,613.36	,	,	,****,****,****,****,,否,否,	,	,	,否,	,	,	,	,	,	,	,	,	,	,	,	,否,否,	,否,	,,	,否,	,否,,,否
【重磅新品】云米净水器600G小海豚升级版厨下式RO反渗透直饮家用,251121-532781545872047,已取消,1	,正常,	,	,,	,	,225501370546	,小海豚600G,1813468330532	,厨房电器,净水器/净水设备及配件耗材,净水器,	,6923185653684	,6923185616399	,	,	,无售后或售后取消,,	,	,,,,,,,否,否,	,否,	,,559.0	,0.0	,0.0	,0.0	,0.0	,0.0	,0.0	,0.0	,559.0	,559.0	,	,	,****,****,****,****,,否,否,	,	,	,否,	,	,	,	,	,	,	,	,	,	,	,	,否,否,	,否,	,,	,否,	,否,,,否
【重磅新品】云米净水器600G小海豚升级版厨下式RO反渗透直饮家用,251121-243584212522563,已发货，待收货,1	,正常,2025-11-21 09:06:00,2025-11-22 09:06:00,,2025-11-21 20:36:21,	,225501370546	,小海豚600G,1813468330532	,厨房电器,净水器/净水设备及配件耗材,净水器,	,6923185653684	,6923185616399	,	,	,无售后或售后取消,,2025-11-21 09:06:00,	,,,,,,,否,否,	,否,	,,559.0	,0.0	,0.0	,0.0	,0.0	,0.0	,0.0	,0.0	,559.0	,559.0	,JDV024181374778,京东大件物流,湖北省,武汉市,东西湖区,,,否,否,	,	,	,否,	,	,	,	,	,	,	,	,	,	,	,	,否,否,	,否,否,,	,否,	,否,,,否
云米60升AI速热高温抑菌电热水器3000W一级节能变频增容家用租房,251121-537940519252930,已发货，待收货,1	,正常,2025-11-21 09:03:11,2025-11-22 09:03:11,2025-11-23 23:59:59,2025-11-21 18:12:07,	,226368376224	,3000W速热安全60L热水器,1737176648260	,大家电,热水器,电热水器,	,6923185602224	,6923185602224	,13959512509 安装 [viomi莉莉sk 11/23 16:27],	,无售后或售后取消,,2025-11-21 09:03:11,	,,,,,,,否,否,	,否,	,,654.0	,0.0	,36.0	,24.0	,0.0	,0.0	,0.0	,0.0	,594.0	,618.0	,JDV024180931916,京东配送,福建省,莆田市,秀屿区,,,否,否,	,	,	,否,	,	,	,	,	,	,	,	,	,	,	,	,否,否,	,否,否,,	,否,	,否,,,否
VIOMI云米净水器大通量小海豚800G反渗透RO厨下式家用长效滤芯,251121-276027195733459,已发货，待收货,1	,正常,2025-11-21 09:02:30,2025-11-22 09:02:30,,2025-11-21 17:27:09,	,837957770723	,800G大通量纯水机,1809123722986	,厨房电器,净水器/净水设备及配件耗材,净水器,	,6923185653974	,	,	,	,无售后或售后取消,,2025-11-21 09:02:30,	,,,,,,,否,否,	,否,	,,699.0	,0.0	,0.0	,50.0	,0.0	,0.0	,0.0	,0.0	,649.0	,699.0	,JDV024180919486,京东配送,四川省,绵阳市,三台县,,,否,否,	,	,	,否,	,	,	,	,	,	,	,	,	,	,	,	,否,否,	,否,否,,	,否,	,否,,,否
【重磅新品】云米净水器600G小海豚升级版厨下式RO反渗透直饮家用,251121-135161495980120,已取消,1	,正常,	,	,,	,	,225501370546	,小海豚600G,1813468330532	,厨房电器,净水器/净水设备及配件耗材,净水器,	,6923185653684	,6923185616399	,	,	,无售后或售后取消,,	,	,,,,,,,否,否,	,否,	,,559.0	,0.0	,0.0	,0.0	,0.0	,0.0	,0.0	,0.0	,559.0	,559.0	,	,	,****,****,****,****,,否,否,	,	,	,否,	,	,	,	,	,	,	,	,	,	,	,	,否,否,	,否,	,,	,否,	,否,,,否
【重磅新品】云米净水器600G小海豚升级版厨下式RO反渗透直饮家用,251121-553197278863907,已发货，退款成功,1	,正常,2025-11-21 09:00:55,2025-11-22 09:00:55,2025-11-22 23:59:59,2025-11-21 20:36:21,	,225501370546	,小海豚600G,1813468330532	,厨房电器,净水器/净水设备及配件耗材,净水器,	,6923185653684	,6923185616399	,TH2C568784682  SF3272134878514 佛山已入库 操作退款 11.24  ,	,退款成功,,2025-11-21 09:00:55,	,,,,,,,否,否,	,否,	,,559.0	,0.0	,0.0	,0.0	,0.0	,0.0	,0.0	,0.0	,559.0	,559.0	,JDV024180924931,京东大件物流,广东省,中山市,古镇,,,否,否,	,	,	,否,	,	,	,	,	,	,	,	,	,	,	,	,否,否,	,否,否,,	,否,	,否,,,否
云米顶侧大吸力蓝调油烟机家用厨房节能自清洁一级能效可挥手智控,251121-663465541980822,已发货，待收货,1	,正常,2025-11-21 08:58:30,2025-11-22 08:58:30,,2025-11-21 11:52:08,	,657344402006	,云米智清洁挥手智控单烟机,1723825075586	,大家电,厨房大电,油烟机,	,6923185650973	,6923185650973	,	,	,无售后或售后取消,,2025-11-21 08:58:30,	,,,,,,,否,否,	,否,	,,839.0	,0.0	,0.0	,0.0	,0.0	,0.0	,0.0	,0.0	,839.0	,839.0	,JDV024178810480,京东大件物流,四川省,成都市,蒲江县,,,否,否,	,	,	,否,	,	,	,	,	,	,	,	,	,	,	,	,否,否,	,否,否,,	,否,	,否,,,否
VIOMI云米净水器大通量小海豚800G反渗透RO厨下式家用长效滤芯,251121-401457825400843,已发货，待收货,1	,正常,2025-11-21 08:39:51,2025-11-22 08:39:51,2025-11-23 23:59:59,2025-11-21 17:17:07,	,837957770723	,800G大通量纯水机,1809123722986	,厨房电器,净水器/净水设备及配件耗材,净水器,	,6923185653974	,	,	,	,无售后或售后取消,,2025-11-21 08:39:51,	,,,,,,,否,否,	,否,	,,699.0	,0.0	,0.0	,50.0	,0.0	,0.0	,0.0	,0.0	,649.0	,699.0	,JDV024181247726,京东配送,上海市,上海市,松江区,,,否,否,	,	,	,否,	,	,	,	,	,	,	,	,	,	,	,	,否,否,	,否,否,,	,否,	,否,,,否
云米24m³大吸力顶侧3吸油烟机聚能猛火灶 烟灶智能联动套装嵌入式,251121-334548242840896,已取消,1	,正常,	,	,,	,	,205936193873	,"【爆款】单烟机+5.0KW猛火灶,天然气",1662367362948	,大家电,厨房大电,烟灶消套装,	,S2409261037001,6923185649762	,	,	,无售后或售后取消,,	,	,,,,,,,否,否,	,否,	,,1499.0	,0.0	,0.0	,100.0	,0.0	,0.0	,0.0	,0.0	,1399.0	,1499.0	,	,	,****,****,****,****,,否,否,	,	,	,否,	,	,	,	,	,	,	,	,	,	,	,	,否,否,	,否,	,,	,否,	,否,,,否
【6年套装】云米净水器600G小海豚升级版厨下式RO反渗透直饮家用,251121-612536226202888,已发货，待收货,1	,正常,2025-11-21 08:28:01,2025-11-22 08:28:01,,2025-11-21 17:13:58,	,852932116812	,小海豚600G+6年滤芯套装,1812983769340	,厨房电器,净水器/净水设备及配件耗材,净水器,	,S2508151538001,	,	,	,无售后或售后取消,,2025-11-21 08:28:01,	,,,,,,,否,否,	,否,	,,764.28	,0.0	,0.0	,100.0	,16.0	,0.0	,0.0	,0.0	,664.28	,764.28	,JDV024180908156,京东配送,广东省,东莞市,石碣镇,,,否,否,	,	,	,否,	,	,	,	,	,	,	,	,	,	,	,	,否,否,	,否,是,3	,消费者,否,	,否,,信用卡分期,否
【重磅新品】云米净水器600G小海豚升级版厨下式RO反渗透直饮家用,251121-590725813911479,已取消,1	,正常,	,	,,	,	,852161740747	,小海豚600G+6年滤芯套装,1812658223669	,厨房电器,净水器/净水设备及配件耗材,净水器,	,S2508151538001,	,	,	,无售后或售后取消,,	,	,,,,,,,否,否,	,否,	,,764.9	,0.0	,0.0	,100.0	,0.0	,0.0	,0.0	,0.0	,664.9	,764.9	,	,	,****,****,****,****,,否,否,	,	,	,否,	,	,	,	,	,	,	,	,	,	,	,	,否,否,	,否,	,,	,否,	,否,,,否
云米3000W速热电热水器家用浴室免换镁棒一级能效抑菌内胆免清洗,251121-065703852421033,已收货,1	,正常,2025-11-21 08:16:33,2025-11-22 08:16:33,,2025-11-21 16:57:56,2025-11-23 20:19:51,369876178838	,速热3000W免换镁棒电热水器60L,1799960621871	,大家电,热水器,电热水器,	,6923185611899	,6923185611882	,	,	,无售后或售后取消,,2025-11-21 08:16:33,	,,,,,,,否,否,	,否,	,,790.0	,0.0	,36.0	,24.0	,0.0	,0.0	,0.0	,0.0	,730.0	,754.0	,JDV024180919522,京东配送,湖南省,岳阳市,君山区,,,否,否,	,	,	,否,	,	,	,	,	,	,	,	,	,	,	,	,否,否,	,否,否,,	,否,	,否,,,否
【母婴直饮】云米净水器 SE 600G+ 新升级厨下式RO反渗透直饮家用,251121-217055291811786,已发货，待收货,1	,正常,2025-11-21 08:16:29,2025-11-22 08:16:29,,2025-11-21 15:38:20,	,819506595979	,【24年新品】600G升级版6年长效,1787046011387	,厨房电器,净水器/净水设备及配件耗材,净水器,	,6923185653684	,6923185616399	,	,	,无售后或售后取消,,2025-11-21 08:16:29,	,,,,,,,否,否,	,否,	,,748.0	,0.0	,139.6	,50.0	,0.0	,0.0	,0.0	,0.0	,558.4	,608.4	,JDV024181089317,京东配送,河北省,张家口市,蔚县,,,否,否,	,	,	,否,	,	,	,	,	,	,	,	,	,	,	,	,否,否,	,否,否,,	,否,	,否,,,否
【母婴直饮】云米净水器 SE 600G+ 新升级厨下式RO反渗透直饮家用,251121-495441744241609,已发货，待收货,1	,正常,2025-11-21 08:06:23,2025-11-22 08:06:23,,2025-11-21 16:01:53,	,819506595979	,【24年新品】600G升级版6年长效,1787046011387	,厨房电器,净水器/净水设备及配件耗材,净水器,	,6923185653684	,6923185616399	,	,	,无售后或售后取消,,2025-11-21 08:06:23,	,,,,,,,否,否,	,否,	,,748.0	,0.0	,139.6	,50.0	,0.0	,0.0	,0.0	,0.0	,558.4	,608.4	,JDV024179098300,京东大件物流,辽宁省,沈阳市,辽中区,,,否,否,	,	,	,否,	,	,	,	,	,	,	,	,	,	,	,	,否,否,	,否,是,3	,商家,否,	,否,,信用卡分期,否
【重磅新品】云米净水器600G小海豚升级版厨下式RO反渗透直饮家用,251121-074050465361559,已取消,1	,正常,	,	,,	,	,225501370546	,小海豚600G,1813468330532	,厨房电器,净水器/净水设备及配件耗材,净水器,	,6923185653684	,6923185616399	,	,	,无售后或售后取消,,	,	,,,,,,,否,否,	,否,	,,559.0	,0.0	,0.0	,0.0	,0.0	,0.0	,0.0	,0.0	,559.0	,559.0	,	,	,****,****,****,****,,否,否,	,	,	,否,	,	,	,	,	,	,	,	,	,	,	,	,否,否,	,否,	,,	,否,	,否,,,否
云米小厨宝6L电热水器厨房卫生间出水恒温储水式小型速热神器加热,251121-654615539290801,已收货,1	,正常,2025-11-21 08:00:40,2025-11-22 08:00:41,,2025-11-21 15:52:04,2025-11-22 10:16:06,208073193570	,热水即刻有-【6L】,1801828025682	,大家电,热水器,厨宝,	,6923185611233	,6923185611233	,	,	,无售后或售后取消,,2025-11-21 08:00:41,	,,,,,,,否,否,	,否,	,,280.0	,0.0	,12.0	,8.0	,0.0	,0.0	,0.0	,0.0	,260.0	,268.0	,JDV024179930728,京东配送,江苏省,徐州市,铜山区,,,否,否,	,	,	,否,	,	,	,	,	,	,	,	,	,	,	,	,否,否,	,否,否,,	,否,	,否,,,否
【重磅新品】云米净水器600G小海豚升级版厨下式RO反渗透直饮家用,251121-290466076302767,已取消,1	,正常,	,	,,	,	,225501370546	,小海豚600G,1813468330532	,厨房电器,净水器/净水设备及配件耗材,净水器,	,6923185653684	,6923185616399	,	,	,无售后或售后取消,,	,	,,,,,,,否,否,	,否,	,,559.0	,0.0	,0.0	,0.0	,0.0	,0.0	,0.0	,0.0	,559.0	,559.0	,	,	,****,****,****,****,,否,否,	,	,	,否,	,	,	,	,	,	,	,	,	,	,	,	,否,否,	,否,	,,	,否,	,否,,,否
【母婴直饮】云米净水器 SE 600G+ 新升级厨下式RO反渗透直饮家用,251121-034770860390802,已发货，待收货,1	,正常,2025-11-21 07:31:27,2025-11-22 07:31:28,2025-11-22 23:59:59,2025-11-21 17:16:07,	,819506595979	,【24年新品】600G升级版6年长效,1787046011387	,厨房电器,净水器/净水设备及配件耗材,净水器,	,6923185653684	,6923185616399	,	,	,售后处理中,,2025-11-21 07:31:28,	,,,,,,,否,否,	,否,	,,748.0	,0.0	,134.64	,74.8	,0.0	,0.0	,0.0	,0.0	,538.56	,613.36	,JDV024180140646,京东配送,广东省,佛山市,顺德区,,,否,否,	,	,	,否,	,	,	,	,	,	,	,	,	,	,	,	,否,否,	,否,否,,	,否,	,否,,,否
【母婴直饮】云米净水器 SE 600G+ 新升级厨下式RO反渗透直饮家用,251121-130369482333616,未发货，退款成功,1	,正常,2025-11-21 07:30:59,2025-11-22 07:30:59,,	,	,819506595979	,【24年新品】600G升级版6年长效,1787046011387	,厨房电器,净水器/净水设备及配件耗材,净水器,	,6923185653684	,6923185616399	,聚水潭已取消发货，仅退款  诚11.21,	,退款成功,,2025-11-21 07:30:59,	,,,,,,,否,否,	,否,	,,748.0	,0.0	,129.6	,100.0	,0.0	,0.0	,0.0	,0.0	,518.4	,618.4	,	,	,四川省,达州市,通川区,,,否,否,	,	,	,否,	,	,	,	,	,	,	,	,	,	,	,	,否,否,	,否,否,,	,否,	,否,,,否
云米小厨宝6L电热水器厨房卫生间出水恒温储水式小型速热神器加热,251121-662406458983271,已发货，待收货,1	,正常,2025-11-21 07:14:20,2025-11-22 07:14:20,,2025-11-21 17:28:57,	,208073193570	,热水即刻有-【6L】,1801828025682	,大家电,热水器,厨宝,	,6923185611233	,6923185611233	,	,	,无售后或售后取消,,2025-11-21 07:14:20,	,,,,,,,否,否,	,否,	,,280.0	,0.0	,0.0	,50.0	,0.2	,0.0	,0.0	,0.0	,230.0	,280.0	,JDV024180152436,京东配送,山西省,阳泉市,郊区,,,否,否,	,	,	,否,	,	,	,	,	,	,	,	,	,	,	,	,否,否,	,否,否,,	,否,	,否,,,否
【重磅新品】云米净水器600G小海豚升级版厨下式RO反渗透直饮家用,251121-464823293500403,已取消,1	,正常,	,	,,	,	,225501370546	,小海豚600G,1813468330532	,厨房电器,净水器/净水设备及配件耗材,净水器,	,6923185653684	,6923185616399	,	,	,无售后或售后取消,,	,	,,,,,,,否,否,	,否,	,,559.0	,0.0	,0.0	,0.0	,0.0	,0.0	,0.0	,0.0	,559.0	,559.0	,	,	,****,****,****,****,,否,否,	,	,	,否,	,	,	,	,	,	,	,	,	,	,	,	,否,否,	,否,	,,	,否,	,否,,,否
云米水槽下水器垃圾处理器粉碎机下水道厨余搅碎机抑菌厨房家用,251121-263842773310484,已发货，待收货,1	,正常,2025-11-21 06:35:17,2025-11-22 06:35:17,,2025-11-21 17:20:01,	,852614628903	,【智能】厨余垃圾处理器,1812695452997	,厨房电器,食物垃圾处理机,食物垃圾处理机,	,6923185610250	,6923185610250	,	,	,无售后或售后取消,,2025-11-21 06:35:17,	,,,,,,,否,否,	,否,	,,889.0	,0.0	,48.0	,32.0	,0.0	,0.0	,0.0	,0.0	,809.0	,841.0	,JDV024180116949,京东配送,四川省,成都市,金牛区,,,否,否,	,	,	,否,	,	,	,	,	,	,	,	,	,	,	,	,否,否,	,否,否,,	,否,	,否,,,否
【母婴直饮】云米净水器 SE 600G+ 新升级厨下式RO反渗透直饮家用,251121-669096373820207,未发货，退款成功,1	,正常,2025-11-21 06:29:15,2025-11-22 06:29:15,,	,	,819506595979	,【24年新品】600G升级版6年长效,1787046011387	,厨房电器,净水器/净水设备及配件耗材,净水器,	,6923185653684	,6923185616399	,聚水潭已取消发货，仅退款  诚11.21,	,退款成功,,2025-11-21 06:29:15,	,,,,,,,否,否,	,否,	,,748.0	,0.0	,149.6	,0.0	,0.0	,0.0	,0.0	,0.0	,598.4	,598.4	,	,	,上海市,上海市,杨浦区,,,否,否,	,	,	,否,	,	,	,	,	,	,	,	,	,	,	,	,否,否,	,否,否,,	,否,	,否,,,否
【重磅新品】云米净水器600G小海豚升级版厨下式RO反渗透直饮家用,251121-635898509702361,已发货，待收货,1	,正常,2025-11-21 05:05:20,2025-11-22 05:05:20,,2025-11-21 20:36:21,	,225501370546	,小海豚600G,1813468330532	,厨房电器,净水器/净水设备及配件耗材,净水器,	,6923185653684	,6923185616399	,	,	,无售后或售后取消,,2025-11-21 05:05:20,	,,,,,,,否,否,	,否,	,,559.0	,0.0	,0.0	,100.0	,0.0	,0.0	,0.0	,0.0	,459.0	,559.0	,JDV024180110389,京东大件物流,安徽省,亳州市,涡阳县,,,否,否,	,	,	,否,	,	,	,	,	,	,	,	,	,	,	,	,否,否,	,否,否,,	,否,	,否,,,否
VIOMI云米净水器600G小蓝调厨下式RO反渗透直饮家用6年长效,251121-085563840002912,已取消,1	,正常,	,	,,	,	,850883552953	,RO反渗透除去重金属,1811278299045	,厨房电器,净水器/净水设备及配件耗材,净水器,	,6923185653592	,6923185653592	,	,	,无售后或售后取消,,	,	,,,,,,,否,否,	,否,	,,639.19	,0.0	,0.0	,3.0	,0.0	,0.0	,0.0	,0.0	,636.19	,639.19	,	,	,****,****,****,****,,否,否,	,	,	,否,	,	,	,	,	,	,	,	,	,	,	,	,否,否,	,否,	,,	,否,	,否,,,否
【重磅新品】云米净水器600G小海豚升级版厨下式RO反渗透直饮家用,251121-225318049282912,已取消,1	,正常,	,	,,	,	,225501370546	,小海豚600G,1813468330532	,厨房电器,净水器/净水设备及配件耗材,净水器,	,6923185653684	,6923185616399	,	,	,无售后或售后取消,,	,	,,,,,,,否,否,	,否,	,,559.0	,0.0	,0.0	,0.0	,0.0	,0.0	,0.0	,0.0	,559.0	,559.0	,	,	,****,****,****,****,,否,否,	,	,	,否,	,	,	,	,	,	,	,	,	,	,	,	,否,否,	,否,	,,	,否,	,否,,,否
【重磅新品】云米净水器600G小海豚升级版厨下式RO反渗透直饮家用,251121-498514051451785,已取消,1	,正常,	,	,,	,	,225501370546	,小海豚600G,1813468330532	,厨房电器,净水器/净水设备及配件耗材,净水器,	,6923185653684	,6923185616399	,	,	,无售后或售后取消,,	,	,,,,,,,否,否,	,否,	,,559.0	,0.0	,0.0	,0.0	,0.0	,0.0	,0.0	,0.0	,559.0	,559.0	,	,	,****,****,****,****,,否,否,	,	,	,否,	,	,	,	,	,	,	,	,	,	,	,	,否,否,	,否,	,,	,否,	,否,,,否
云米小厨宝6L即热式厨房台下洗碗热水宝上出水储水式小型电热水器,251121-622036282970801,已取消,1	,正常,	,	,,	,	,205451808289	,"热水即刻有6L,小厨宝",1752480784258	,大家电,热水器,电热水器,	,6923185611233	,6923185611233	,	,	,无售后或售后取消,,	,	,,,,,,,否,否,	,否,	,,289.0	,0.0	,0.0	,28.9	,0.0	,0.0	,0.0	,0.0	,260.1	,289.0	,	,	,****,****,****,****,,否,否,	,	,	,否,	,	,	,	,	,	,	,	,	,	,	,	,否,否,	,否,	,,	,否,	,否,,,否
【母婴直饮】云米净水器 SE 600G+ 新升级厨下式RO反渗透直饮家用,251121-114798149952184,已发货，待收货,1	,正常,2025-11-21 02:40:08,2025-11-22 02:40:08,2025-11-22 23:59:59,2025-11-21 20:22:14,	,819506595979	,【24年新品】600G升级版6年长效,1787046011387	,厨房电器,净水器/净水设备及配件耗材,净水器,	,6923185653684	,6923185616399	, 15195878895安装 [viomi诺诺sk 11/26 15:19],	,无售后或售后取消,,2025-11-21 02:40:08,	,,,,,,,否,否,	,否,	,,748.0	,0.0	,134.64	,74.8	,0.0	,0.0	,0.0	,0.0	,538.56	,613.36	,JDV024180152390,京东配送,江苏省,南京市,秦淮区,,,否,否,	,	,	,否,	,	,	,	,	,	,	,	,	,	,	,	,否,否,	,否,否,,	,否,	,否,,,否
【母婴直饮】云米净水器 SE 600G+ 新升级厨下式RO反渗透直饮家用,251121-015739164160412,未发货，退款成功,1	,正常,2025-11-21 02:25:02,2025-11-22 02:25:02,,	,	,819506595979	,【24年新品】600G升级版6年长效,1787046011387	,厨房电器,净水器/净水设备及配件耗材,净水器,	,6923185653684	,6923185616399	,聚水潭已取消发货，仅退款  诚11.21,	,退款成功,,2025-11-21 02:25:02,	,,,,,,,否,否,	,否,	,,748.0	,0.0	,0.0	,74.59	,0.0	,0.0	,0.0	,0.0	,673.41	,748.0	,	,	,黑龙江省,鹤岗市,南山区,,,否,否,	,	,	,否,	,	,	,	,	,	,	,	,	,	,	,	,否,否,	,否,否,,	,否,	,否,,,否
VIOMI云米净水器大通量小海豚800G反渗透RO厨下式家用长效滤芯,251121-299578171022957,已收货，退款成功,1	,正常,2025-11-21 01:45:37,2025-11-22 01:45:37,,2025-11-21 16:52:59,2025-11-24 20:23:58,850333437206	,竹炭复合商品滤芯,1810726753549	,厨房电器,净水器/净水设备及配件耗材,净水器,	,6923185654193	,	,【补差】仅退款200 [viomi英英sk 11/24 20:24],	,退款成功,,2025-11-21 01:45:37,	,,,,,,,否,否,	,否,	,,299.0	,0.0	,0.0	,56.81	,0.0	,0.0	,0.0	,0.0	,242.19	,299.0	,JDV024180124661,京东配送,四川省,自贡市,自流井区,,,否,否,	,	,	,否,	,	,	,	,	,	,	,	,	,	,	,	,否,否,	,否,否,,	,否,	,否,,,否
【重磅新品】云米净水器600G小海豚升级版厨下式RO反渗透直饮家用,251121-264262131311886,已发货，待收货,1	,正常,2025-11-21 01:38:11,2025-11-22 01:38:11,,2025-11-21 11:51:54,	,225501370546	,小海豚600G,1813468330532	,厨房电器,净水器/净水设备及配件耗材,净水器,	,6923185653684	,6923185616399	,	,	,无售后或售后取消,,2025-11-21 01:38:11,	,,,,,,,否,否,	,否,	,,559.0	,0.0	,0.0	,0.0	,0.0	,0.0	,0.0	,0.0	,559.0	,559.0	,JDV024177979984,京东大件物流,天津市,天津市,北辰区,,,否,否,	,	,	,否,	,	,	,	,	,	,	,	,	,	,	,	,否,否,	,否,否,,	,否,	,否,,,否
【母婴直饮】云米净水器 SE 600G+ 新升级厨下式RO反渗透直饮家用,251121-233884957020383,已取消,1	,正常,	,	,,	,	,819506595979	,【24年新品】600G升级版6年长效,1787046011387	,厨房电器,净水器/净水设备及配件耗材,净水器,	,6923185653684	,6923185616399	,	,	,无售后或售后取消,,	,	,,,,,,,否,否,	,否,	,,748.0	,0.0	,140.6	,45.0	,0.0	,0.0	,0.0	,0.0	,562.4	,607.4	,	,	,****,****,****,****,,否,否,	,	,	,否,	,	,	,	,	,	,	,	,	,	,	,	,否,否,	,否,	,,	,否,	,否,,,否
【母婴直饮】云米净水器 SE 600G+ 新升级厨下式RO反渗透直饮家用,251121-145982800220383,已收货,1	,正常,2025-11-21 12:48:05,2025-11-22 12:48:06,,2025-11-21 15:30:15,2025-11-25 14:24:16,819506595979	,【24年新品】600G升级版6年长效,1787046011387	,厨房电器,净水器/净水设备及配件耗材,净水器,	,6923185653684	,6923185616399	,	,	,无售后或售后取消,,2025-11-21 12:48:06,	,,,,,,,否,否,	,否,	,,748.0	,0.0	,129.6	,100.0	,0.0	,0.0	,0.0	,0.0	,518.4	,618.4	,JDV024184966299,京东配送,山西省,太原市,万柏林区,,,否,否,	,	,	,否,	,	,	,	,	,	,	,	,	,	,	,	,否,否,	,否,否,,	,否,	,否,,,否
【母婴直饮】云米净水器 SE 600G+ 新升级厨下式RO反渗透直饮家用,251121-361192506971489,已收货,1	,正常,2025-11-21 01:07:14,2025-11-22 01:07:15,,2025-11-21 17:12:03,2025-11-28 11:03:08,819506595979	,【24年新品】600G升级版6年长效,1787046011387	,厨房电器,净水器/净水设备及配件耗材,净水器,	,6923185653684	,6923185616399	,13477780653安装 [viomi莉莉sk 11/23 16:15],	,无售后或售后取消,,2025-11-21 01:07:15,	,,,,,,,否,否,	,否,	,,748.0	,0.0	,129.6	,100.0	,0.0	,0.0	,0.0	,0.0	,518.4	,618.4	,JDV024180134876,京东配送,湖北省,咸宁市,咸安区,,,否,否,	,	,	,否,	,	,	,	,	,	,	,	,	,	,	,	,否,否,	,否,是,3	,商家,否,	,否,,信用卡分期,否
VIOMI云米净水器1000G厨下直饮小体积净水机RO机智显龙头3秒满杯,251121-583805223281027,已取消,1	,正常,	,	,,	,	,842195971715	,1000G大通量RO净水器,1803617356458	,厨房电器,净水器/净水设备及配件耗材,净水器,	,6923185654247	,	,	,	,无售后或售后取消,,	,	,,,,,,,否,否,	,否,	,,823.0	,0.0	,24.0	,0.0	,0.0	,0.0	,0.0	,0.0	,799.0	,799.0	,	,	,****,****,****,****,,否,否,	,	,	,否,	,	,	,	,	,	,	,	,	,	,	,	,否,否,	,否,	,,	,否,	,否,,,否
【重磅新品】云米净水器600G小海豚升级版厨下式RO反渗透直饮家用,251121-332744671652561,已发货，待收货,1	,正常,2025-11-21 01:00:01,2025-11-22 01:00:02,,2025-11-21 20:36:22,	,225501370546	,小海豚600G,1813468330532	,厨房电器,净水器/净水设备及配件耗材,净水器,	,6923185653684	,6923185616399	,	,	,无售后或售后取消,,2025-11-21 01:00:02,	,,,,,,,否,否,	,否,	,,559.0	,0.0	,0.0	,100.0	,8.0	,0.0	,0.0	,0.0	,459.0	,559.0	,JDV024180139925,京东大件物流,四川省,绵阳市,江油市,,,否,否,	,	,	,否,	,	,	,	,	,	,	,	,	,	,	,	,否,否,	,否,否,,	,否,	,否,,,否
VIOMI云米净水器大通量小海豚800G反渗透RO厨下式家用长效滤芯,251121-265929419171410,已发货，待收货,1	,正常,2025-11-21 10:07:23,2025-11-22 10:07:23,,2025-11-21 17:26:01,	,837957770723	,800G大通量纯水机,1809123722986	,厨房电器,净水器/净水设备及配件耗材,净水器,	,6923185653974	,	,	,	,无售后或售后取消,,2025-11-21 10:07:23,	,,,,,,,否,否,	,否,	,,699.0	,0.0	,0.0	,100.0	,0.2	,0.0	,0.0	,0.0	,599.0	,699.0	,JDV024184213344,京东配送,河南省,商丘市,梁园区,,,否,否,	,	,	,否,	,	,	,	,	,	,	,	,	,	,	,	,否,否,	,否,否,,	,否,	,否,,,否
VIOMI云米净水器大通量小海豚800G反渗透RO厨下式家用长效滤芯,251121-458385006230576,已取消,1	,正常,	,	,,	,	,837957770723	,800G大通量纯水机,1809123722986	,厨房电器,净水器/净水设备及配件耗材,净水器,	,6923185653974	,	,	,	,无售后或售后取消,,	,	,,,,,,,否,否,	,否,	,,699.0	,0.0	,0.0	,90.0	,0.0	,0.0	,0.0	,0.0	,609.0	,699.0	,	,	,****,****,****,****,,否,否,	,	,	,否,	,	,	,	,	,	,	,	,	,	,	,	,否,否,	,否,	,,	,否,	,否,,,否
【重磅新品】云米净水器600G小海豚升级版厨下式RO反渗透直饮家用,251121-054882485911861,已发货，待收货,1	,正常,2025-11-21 00:41:36,2025-11-22 00:41:36,,2025-11-21 17:15:03,	,852161740747	,小海豚600G+6年滤芯套装,1812658223669	,厨房电器,净水器/净水设备及配件耗材,净水器,	,S2508151538001,	,18124233707安装 [viomi莉莉sk 11/25 11:28],	,无售后或售后取消,,2025-11-21 00:41:36,	,,,,,,,否,否,	,否,	,,764.9	,0.0	,0.0	,100.0	,0.0	,0.0	,0.0	,0.0	,664.9	,764.9	,JDV024180151391,京东配送,广东省,广州市,白云区,,,否,否,	,	,	,否,	,	,	,	,	,	,	,	,	,	,	,	,否,否,	,否,否,,	,否,	,否,,,否
【6年套装】云米净水器600G小海豚升级版厨下式RO反渗透直饮家用,251121-482449825431861,已取消,1	,正常,	,	,,	,	,852932116812	,小海豚600G+6年滤芯套装,1812983769340	,厨房电器,净水器/净水设备及配件耗材,净水器,	,S2508151538001,	,	,	,无售后或售后取消,,	,	,,,,,,,否,否,	,否,	,,764.28	,0.0	,0.0	,60.0	,0.0	,0.0	,0.0	,0.0	,704.28	,764.28	,	,	,****,****,****,****,,否,否,	,	,	,否,	,	,	,	,	,	,	,	,	,	,	,	,否,否,	,否,	,,	,否,	,否,,,否
【母婴直饮】云米净水器 SE 600G+ 新升级厨下式RO反渗透直饮家用,251121-252759314841594,已取消,1	,正常,	,	,,	,	,819506595979	,【24年新品】600G升级版6年长效,1787046011387	,厨房电器,净水器/净水设备及配件耗材,净水器,	,6923185653684	,6923185616399	,	,	,无售后或售后取消,,	,	,,,,,,,否,否,	,否,中国新疆中转,,748.0	,0.0	,149.6	,0.0	,0.0	,0.0	,0.0	,0.0	,598.4	,598.4	,	,	,****,****,****,****,,否,否,	,	,	,否,	,	,	,	,	,	,	,	,	,	,	,	,否,否,	,否,	,,	,否,	,否,,,否
【重磅新品】云米净水器600G小海豚升级版厨下式RO反渗透直饮家用,251121-222717580900812,已取消,1	,正常,	,	,,	,	,225501370546	,小海豚600G,1813468330532	,厨房电器,净水器/净水设备及配件耗材,净水器,	,6923185653684	,6923185616399	,	,	,无售后或售后取消,,	,	,,,,,,,否,否,	,否,	,,559.0	,0.0	,0.0	,100.0	,0.0	,0.0	,0.0	,0.0	,459.0	,559.0	,	,	,****,****,****,****,,否,否,	,	,	,否,	,	,	,	,	,	,	,	,	,	,	,	,否,否,	,否,	,,	,否,	,否,,,否
云米小厨宝6L电热水器厨房卫生间出水恒温储水式小型速热神器加热,251121-533410639492448,已取消,1	,正常,	,	,,	,	,208073193570	,热水即刻有-【6L】,1801828025682	,大家电,热水器,厨宝,	,6923185611233	,6923185611233	,	,	,无售后或售后取消,,	,	,,,,,,,否,否,	,否,	,,280.0	,0.0	,12.0	,8.0	,0.0	,0.0	,0.0	,0.0	,260.0	,268.0	,	,	,****,****,****,****,,否,否,	,	,	,否,	,	,	,	,	,	,	,	,	,	,	,	,否,否,	,否,	,,	,否,	,否,,,否
云米即热净水器厨房家用直饮RO反渗透加热净饮一体机1000G,251121-062956552482088,已收货,1	,正常,2025-11-21 00:11:03,2025-11-22 00:11:04,,2025-11-21 17:26:06,2025-11-25 22:43:08,364990106384	,即热直饮 1000G大通量,1455593712429	,厨房电器,净水器/净水设备及配件耗材,净水器,	,6923185651116	,6923185651116	,赠品已登记 [viomi英英sk 11/25 22:44],	,无售后或售后取消,,2025-11-21 00:11:04,	,,,,,,,否,否,	,否,	,,1499.0	,0.0	,0.0	,100.0	,0.0	,0.0	,0.0	,0.0	,1399.0	,1499.0	,JDV024180151213,京东配送,山东省,烟台市,牟平区,,,否,否,	,	,	,否,	,	,	,	,	,	,	,	,	,	,	,	,否,否,	,否,否,,	,否,	,否,,,否
VIOMI云米净水器大通量小海豚800G反渗透RO厨下式家用长效滤芯,251121-149652846920312,已发货，待收货,1	,正常,2025-11-21 00:09:42,2025-11-22 00:09:42,,2025-11-21 17:16:02,	,837957770723	,800G大通量纯水机,1809123722986	,厨房电器,净水器/净水设备及配件耗材,净水器,	,6923185653974	,	,	,	,无售后或售后取消,,2025-11-21 00:09:42,	,,,,,,,否,否,	,否,	,,699.0	,0.0	,0.0	,100.0	,0.0	,0.0	,0.0	,0.0	,599.0	,699.0	,JDV024180151185,京东配送,陕西省,铜川市,耀州区,,,否,否,	,	,	,否,	,	,	,	,	,	,	,	,	,	,	,	,否,否,	,否,否,,	,否,	,否,,,否
【重磅新品】云米净水器600G小海豚升级版厨下式RO反渗透直饮家用,251121-133630585182159,未发货，退款成功,1	,正常,2025-11-21 00:10:41,2025-11-22 00:10:41,,	,	,225501370546	,小海豚600G,1813468330532	,厨房电器,净水器/净水设备及配件耗材,净水器,	,6923185653684	,6923185616399	,聚水潭已取消发货，仅退款  诚11.21,	,退款成功,,2025-11-21 00:10:41,	,,,,,,,否,否,	,否,	,,559.0	,0.0	,0.0	,0.0	,0.0	,0.0	,0.0	,0.0	,559.0	,559.0	,	,	,河南省,郑州市,管城回族区,,,否,否,	,	,	,否,	,	,	,	,	,	,	,	,	,	,	,	,否,否,	,否,是,3	,商家,否,	,否,,信用卡分期,否
云米即热净水器厨房家用直饮RO反渗透加热净饮一体机1000G,251120-155367565602088,已取消,1	,正常,	,	,,	,	,364990106384	,即热直饮 1000G大通量,1455593712429	,厨房电器,净水器/净水设备及配件耗材,净水器,	,6923185651116	,6923185651116	,	,	,无售后或售后取消,,	,	,,,,,,,否,否,	,否,	,,1499.0	,0.0	,0.0	,74.95	,0.0	,0.0	,0.0	,0.0	,1424.05	,1499.0	,	,	,****,****,****,****,,否,否,	,	,	,否,	,	,	,	,	,	,	,	,	,	,	,	,否,否,	,否,	,,	,否,	,否,,,否
【重磅新品】云米净水器600G小海豚升级版厨下式RO反渗透直饮家用,251120-601945608542159,未发货，退款成功,1	,正常,2025-11-20 23:46:42,2025-11-21 23:46:42,,	,	,225501370546	,小海豚600G,1813468330532	,厨房电器,净水器/净水设备及配件耗材,净水器,	,6923185653684	,6923185616399	,聚水潭已取消发货，仅退款  诚11.21,	,退款成功,,2025-11-20 23:46:42,	,,,,,,,否,否,	,否,	,,559.0	,0.0	,0.0	,0.0	,1.11	,0.0	,0.0	,0.0	,559.0	,559.0	,	,	,河南省,郑州市,管城回族区,,,否,否,	,	,	,否,	,	,	,	,	,	,	,	,	,	,	,	,否,否,	,否,否,,	,否,	,否,,,否
【6年套装】云米净水器600G小海豚升级版厨下式RO反渗透直饮家用,251120-541998508403287,已发货，待收货,1	,正常,2025-11-20 23:44:54,2025-11-21 23:44:55,,2025-11-21 11:51:54,	,852932116812	,小海豚600G+6年滤芯套装,1812983769340	,厨房电器,净水器/净水设备及配件耗材,净水器,	,S2508151538001,	,	,	,无售后或售后取消,,2025-11-20 23:44:55,	,,,,,,,否,否,	,否,	,,764.28	,0.0	,0.0	,3.0	,0.0	,0.0	,0.0	,0.0	,761.28	,764.28	,JDV024175980502,京东大件物流,河北省,石家庄市,灵寿县,,,否,否,	,	,	,否,	,	,	,	,	,	,	,	,	,	,	,	,否,否,	,否,否,,	,否,	,否,,,否
VIOMI云米净水器大通量小海豚800G反渗透RO厨下式家用长效滤芯,251120-519003226444035,已发货，待收货,1	,正常,2025-11-20 23:40:15,2025-11-21 23:40:15,,2025-11-21 09:20:13,	,837957770723	,800G大通量纯水机,1809123722986	,厨房电器,净水器/净水设备及配件耗材,净水器,	,6923185653974	,	,	,	,无售后或售后取消,,2025-11-20 23:40:15,	,,,,,,,否,否,	,否,	,,699.0	,0.0	,0.0	,55.92	,0.0	,0.0	,0.0	,0.0	,643.08	,699.0	,JDV024177849279,京东大件物流,广东省,广州市,番禺区,,,否,否,	,	,	,否,	,	,	,	,	,	,	,	,	,	,	,	,否,否,	,否,否,,	,否,	,否,,,否
VIOMI云米净水器1000G厨下直饮小体积净水机RO机智显龙头3秒满杯,251120-204933711431011,已取消,1	,正常,	,	,,	,	,309517106373	,1000G大通量RO净水器,1803052585019	,厨房电器,净水器/净水设备及配件耗材,净水器,	,6923185654247	,	,	,	,无售后或售后取消,,	,	,,,,,,,否,否,	,否,	,,1299.0	,0.0	,0.0	,0.0	,0.0	,0.0	,0.0	,0.0	,1299.0	,1299.0	,	,	,****,****,****,****,,否,否,	,	,	,否,	,	,	,	,	,	,	,	,	,	,	,	,否,否,	,否,	,,	,否,	,否,,,否
【重磅新品】云米净水器600G小海豚升级版厨下式RO反渗透直饮家用,251120-664503642462159,已取消,1	,正常,	,	,,	,	,225501370546	,小海豚600G,1813468330532	,厨房电器,净水器/净水设备及配件耗材,净水器,	,6923185653684	,6923185616399	,	,	,无售后或售后取消,,	,	,,,,,,,否,否,	,否,	,,559.0	,0.0	,0.0	,0.0	,0.0	,0.0	,0.0	,0.0	,559.0	,559.0	,	,	,****,****,****,****,,否,否,	,	,	,否,	,	,	,	,	,	,	,	,	,	,	,	,否,否,	,否,	,,	,否,	,否,,,否
【母婴直饮】云米净水器 SE 600G+ 新升级厨下式RO反渗透直饮家用,251120-546559803704064,已取消,1	,正常,	,	,,	,	,819506595979	,【24年新品】600G升级版6年长效,1787046011387	,厨房电器,净水器/净水设备及配件耗材,净水器,	,6923185653684	,6923185616399	,	,	,无售后或售后取消,,	,	,,,,,,,否,否,	,否,	,,748.0	,0.0	,134.64	,74.8	,0.0	,0.0	,0.0	,0.0	,538.56	,613.36	,	,	,****,****,****,****,,否,否,	,	,	,否,	,	,	,	,	,	,	,	,	,	,	,	,否,否,	,否,	,,	,否,	,否,,,否
【6年套装】云米净水器600G小海豚升级版厨下式RO反渗透直饮家用,251120-191260322191518,已收货,1	,正常,2025-11-20 23:17:36,2025-11-21 23:17:36,,2025-11-21 09:20:12,2025-11-24 11:13:37,852932116812	,小海豚600G+6年滤芯套装,1812983769340	,厨房电器,净水器/净水设备及配件耗材,净水器,	,S2508151538001,	,	,	,无售后或售后取消,,2025-11-20 23:17:36,	,,,,,,,否,否,	,否,	,,764.28	,0.0	,0.0	,100.0	,1.32	,0.0	,0.0	,0.0	,664.28	,764.28	,JDV024177898265,京东大件物流,四川省,巴中市,巴州区,,,否,否,	,	,	,否,	,	,	,	,	,	,	,	,	,	,	,	,否,是,	,否,否,,	,否,	,否,,,否
云米净水器滤芯家用小海豚小蓝调小白龙系列专用RO反渗透,251120-532907323004092,已收货，退款成功,1	,正常,2025-11-20 23:00:32,2025-11-22 23:00:33,,2025-11-21 09:20:14,2025-11-22 15:39:35,232467205433	,5in1 复合滤芯,1647394585330	,厨房电器,净水器/净水设备及配件耗材,净水器配件耗材,	,6923185627425	,	,后返，到手价109=40仅退款 [viomi范范sk 11/22 15:40],	,退款成功,,2025-11-20 23:00:33,	,,,,,,,否,否,	,否,	,,149.0	,0.0	,0.0	,8.11	,0.0	,0.0	,0.0	,0.0	,140.89	,149.0	,JDV024177848937,京东大件物流,福建省,福州市,平潭县,,,否,否,	,	,	,否,	,	,	,	,	,	,	,	,	,	,	,	,否,否,	,否,否,,	,否,	,否,,,否
云米3000W速热电热水器家用浴室免换镁棒一级能效抑菌内胆免清洗,251120-063281600083317,已发货，退款成功,1	,正常,2025-11-20 22:52:11,2025-11-21 22:52:11,,2025-11-21 09:21:23,	,369876178838	,速热3000W免换镁棒电热水器60L,1799960621871	,大家电,热水器,电热水器,	,6923185611899	,6923185611882	,13670324925 远程 [viomi慧慧sk 11/22 20:38]==二线 [viomi英英sk 11/23 17:47]==YF2511220002051  TH2C491892194 JDV024218447173 佛山已入库签收  操作退款 11.26,	,退款成功,,2025-11-20 22:52:11,	,,,,,,,否,否,	,否,	,,790.0	,0.0	,36.0	,24.0	,0.0	,0.0	,0.0	,0.0	,730.0	,754.0	,JDV024177819453,京东大件物流,广东省,汕头市,潮南区,,,否,否,	,	,	,否,	,	,	,	,	,	,	,	,	,	,	,	,否,否,	,否,否,,	,否,	,否,,,否
【重磅新品】云米净水器600G小海豚升级版厨下式RO反渗透直饮家用,251120-569733333383887,已取消,1	,正常,	,	,,	,	,225501370546	,小海豚600G,1813468330532	,厨房电器,净水器/净水设备及配件耗材,净水器,	,6923185653684	,6923185616399	,	,	,无售后或售后取消,,	,	,,,,,,,否,否,	,否,	,,559.0	,0.0	,0.0	,0.0	,0.0	,0.0	,0.0	,0.0	,559.0	,559.0	,	,	,****,****,****,****,,否,否,	,	,	,否,	,	,	,	,	,	,	,	,	,	,	,	,否,否,	,否,	,,	,否,	,否,,,否
【母婴直饮】云米净水器 SE 600G+ 新升级厨下式RO反渗透直饮家用,251120-653189507410341,已取消,1	,正常,	,	,,	,	,819506595979	,【24年新品】600G升级版6年长效,1787046011387	,厨房电器,净水器/净水设备及配件耗材,净水器,	,6923185653684	,6923185616399	,	,	,无售后或售后取消,,	,	,,,,,,,否,否,	,否,	,,748.0	,0.0	,134.64	,74.8	,0.0	,0.0	,0.0	,0.0	,538.56	,613.36	,	,	,****,****,****,****,,否,否,	,	,	,否,	,	,	,	,	,	,	,	,	,	,	,	,否,否,	,否,	,,	,否,	,否,,,否
VIOMI云米净水器大通量小海豚800G反渗透RO厨下式家用长效滤芯,251120-404016382302327,已取消,1	,正常,	,	,,	,	,837957770723	,800G大通量纯水机,1809123722986	,厨房电器,净水器/净水设备及配件耗材,净水器,	,6923185653974	,	,	,	,无售后或售后取消,,	,	,,,,,,,否,否,	,否,	,,699.0	,0.0	,0.0	,100.0	,0.0	,0.0	,0.0	,0.0	,599.0	,699.0	,	,	,****,****,****,****,,否,否,	,	,	,否,	,	,	,	,	,	,	,	,	,	,	,	,否,否,	,否,	,,	,否,	,否,,,否
【重磅新品】云米净水器600G小海豚升级版厨下式RO反渗透直饮家用,251120-681165504900456,已发货，待收货,1	,正常,2025-11-20 22:33:25,2025-11-21 22:33:26,,2025-11-21 11:51:54,	,225501370546	,小海豚600G,1813468330532	,厨房电器,净水器/净水设备及配件耗材,净水器,	,6923185653684	,6923185616399	,	,	,无售后或售后取消,,2025-11-20 22:33:26,	,,,,,,,否,否,	,否,	,,559.0	,0.0	,0.0	,0.0	,0.0	,0.0	,0.0	,0.0	,559.0	,559.0	,JDV024175963734,京东大件物流,河南省,开封市,龙亭区,,,否,否,	,	,	,否,	,	,	,	,	,	,	,	,	,	,	,	,否,否,	,否,否,,	,否,	,否,,,否
【母婴直饮】云米净水器 SE 600G+ 新升级厨下式RO反渗透直饮家用,251120-652738609471317,已发货，待收货,1	,正常,2025-11-20 22:30:24,2025-11-21 22:30:25,2025-11-22 23:59:59,2025-11-21 09:20:13,	,819506595979	,【24年新品】600G升级版6年长效,1787046011387	,厨房电器,净水器/净水设备及配件耗材,净水器,	,6923185653684	,6923185616399	,	,	,无售后或售后取消,,2025-11-20 22:30:25,	,,,,,,,否,否,	,否,	,,748.0	,0.0	,134.64	,74.8	,0.0	,0.0	,0.0	,0.0	,538.56	,613.36	,JDV024177898023,京东大件物流,广东省,汕头市,龙湖区,,,否,否,	,	,	,否,	,	,	,	,	,	,	,	,	,	,	,	,否,是,	,否,否,,	,否,	,否,,,否
【重磅新品】云米净水器600G小海豚升级版厨下式RO反渗透直饮家用,251120-454694018561443,已取消,1	,正常,	,	,,	,	,225501370546	,小海豚600G,1813468330532	,厨房电器,净水器/净水设备及配件耗材,净水器,	,6923185653684	,6923185616399	,	,	,无售后或售后取消,,	,	,,,,,,,否,否,	,否,	,,559.0	,0.0	,0.0	,0.0	,0.0	,0.0	,0.0	,0.0	,559.0	,559.0	,	,	,****,****,****,****,,否,否,	,	,	,否,	,	,	,	,	,	,	,	,	,	,	,	,否,否,	,否,	,,	,否,	,否,,,否
云米电热水器50/60升洗澡家用浴室速热大容量省电防漏电警示安全,251120-453414755943235,已发货，待收货,1	,正常,2025-11-20 22:16:11,2025-11-21 22:16:11,,2025-11-21 13:41:43,	,691819698413	,60L速热加长防电墙5倍增容,1683563098526	,大家电,热水器,电热水器,	,6923185614937	,	,	,	,无售后或售后取消,,2025-11-20 22:16:11,	,,,,,,,否,否,	,否,	,,592.0	,0.0	,0.0	,58.31	,0.0	,0.0	,0.0	,0.0	,533.69	,592.0	,JDLD12911687320,京东大件物流,云南省,曲靖市,麒麟区,,,否,否,	,	,	,否,	,	,	,	,	,	,	,	,	,	,	,	,否,否,	,否,否,,	,否,	,否,,,否
云米全自动智能门锁人脸猫眼密码指纹安全防撬大屏锁已接入米家AP,251120-669872320033211,已收货，退款成功,1	,正常,2025-11-20 22:03:36,2025-11-21 22:03:36,,2025-11-21 09:20:13,2025-11-24 17:31:34,804409121514	,LBT16A【人脸猫眼】智能门锁,1778430742491	,基础建材,智能门锁/电子锁,智能门锁/电子锁,	,6923185652724	,	,主播：梦如 场控：文蓝	权益：直播间抽奖5元红包 ==晒单50+红包5总共55仅退款 [viomi莉莉sk 11/26 15:29],	,退款成功,,2025-11-20 22:03:36,	,,,,,,,否,否,	,否,	,,849.0	,0.0	,0.0	,70.0	,0.0	,0.0	,0.0	,0.0	,779.0	,849.0	,JDV024177807088,京东大件物流,江苏省,徐州市,云龙区,,,否,否,	,	,	,否,	,	,	,	,	,	,	,	,	,	,	,	,是,是,	,否,否,,	,否,	,否,,,否
【重磅新品】云米净水器600G小海豚升级版厨下式RO反渗透直饮家用,251120-516612503942423,已取消,1	,正常,	,	,,	,	,225501370546	,小海豚600G,1813468330532	,厨房电器,净水器/净水设备及配件耗材,净水器,	,6923185653684	,6923185616399	,	,	,无售后或售后取消,,	,	,,,,,,,否,否,	,否,	,,559.0	,0.0	,0.0	,0.0	,0.0	,0.0	,0.0	,0.0	,559.0	,559.0	,	,	,****,****,****,****,,否,否,	,	,	,否,	,	,	,	,	,	,	,	,	,	,	,	,否,否,	,否,	,,	,否,	,否,,,否
【重磅新品】云米净水器600G小海豚升级版厨下式RO反渗透直饮家用,251120-237481572742423,已取消,1	,正常,	,	,,	,	,225501370546	,小海豚600G,1813468330532	,厨房电器,净水器/净水设备及配件耗材,净水器,	,6923185653684	,6923185616399	,	,	,无售后或售后取消,,	,	,,,,,,,否,否,	,否,	,,559.0	,0.0	,0.0	,0.0	,0.0	,0.0	,0.0	,0.0	,559.0	,559.0	,	,	,****,****,****,****,,否,否,	,	,	,否,	,	,	,	,	,	,	,	,	,	,	,	,否,否,	,否,	,,	,否,	,否,,,否
云米净水器滤芯家用小海豚小蓝调小白龙系列专用RO反渗透,251120-515710656012633,已收货，退款成功,1	,正常,2025-11-20 21:51:04,2025-11-22 21:51:05,,2025-11-21 09:20:13,2025-11-27 21:40:32,232467205433	,5in1 复合滤芯,1647394585330	,厨房电器,净水器/净水设备及配件耗材,净水器配件耗材,	,6923185627425	,	,补差后返 到手价109=149-109=40差价仅退款 [viomi慧慧sk 11/27 21:41],	,退款成功,,2025-11-20 21:51:05,	,,,,,,,否,否,	,否,	,,149.0	,0.0	,0.0	,0.0	,0.17	,0.0	,0.0	,0.0	,149.0	,149.0	,JDV024177980913,京东大件物流,江西省,景德镇市,浮梁县,,,否,否,	,	,	,否,	,	,	,	,	,	,	,	,	,	,	,	,否,是,	,否,否,,	,否,	,否,,,否
【6年套装】云米净水器600G小海豚升级版厨下式RO反渗透直饮家用,251120-096867468820831,已发货，待收货,1	,正常,2025-11-20 21:43:10,2025-11-21 21:43:11,,2025-11-21 09:20:13,	,852932116812	,小海豚600G+6年滤芯套装,1812983769340	,厨房电器,净水器/净水设备及配件耗材,净水器,	,S2508151538001,	,主播：梦如 场控：文蓝	权益：直播间抽奖10元红包 ,	,无售后或售后取消,,2025-11-20 21:43:11,	,,,,,,,否,否,	,否,	,,764.28	,0.0	,0.0	,76.42	,0.0	,0.0	,0.0	,0.0	,687.86	,764.28	,JDV024177797330,京东大件物流,湖南省,长沙市,芙蓉区,,,否,否,	,	,	,否,	,	,	,	,	,	,	,	,	,	,	,	,是,是,	,否,否,,	,否,	,否,,,否
【重磅新品】云米净水器600G小海豚升级版厨下式RO反渗透直饮家用,251120-025165841961088,已收货,1	,正常,2025-11-20 21:40:21,2025-11-21 21:40:21,,2025-11-21 11:51:54,2025-11-23 17:05:33,225501370546	,小海豚600G,1813468330532	,厨房电器,净水器/净水设备及配件耗材,净水器,	,6923185653684	,6923185616399	,13963885166安装 [viomi诺诺sk 11/22 22:40],	,无售后或售后取消,,2025-11-20 21:40:21,	,,,,,,,否,否,	,否,	,,559.0	,0.0	,0.0	,33.54	,2.0	,0.0	,0.0	,0.0	,525.46	,559.0	,JDV024176081627,京东大件物流,山东省,烟台市,开发区,,,否,否,	,	,	,否,	,	,	,	,	,	,	,	,	,	,	,	,否,否,	,否,否,,	,否,	,否,,,否
【母婴直饮】云米净水器 SE 600G+ 新升级厨下式RO反渗透直饮家用,251120-077951168121240,已发货，待收货,1	,正常,2025-11-20 21:38:38,2025-11-21 21:38:39,,2025-11-21 09:20:13,	,819506595979	,【24年新品】600G升级版6年长效,1787046011387	,厨房电器,净水器/净水设备及配件耗材,净水器,	,6923185653684	,6923185616399	,	,	,无售后或售后取消,,2025-11-20 21:38:39,	,,,,,,,否,否,	,否,	,,748.0	,0.0	,129.6	,100.0	,0.0	,0.0	,0.0	,0.0	,518.4	,618.4	,JDV024177898040,京东大件物流,江苏省,扬州市,高邮市,,,否,否,	,	,	,否,	,	,	,	,	,	,	,	,	,	,	,	,否,否,	,否,否,,	,否,	,否,,,否
【母婴直饮】云米净水器 SE 600G+ 新升级厨下式RO反渗透直饮家用,251120-018769518201240,已取消,1	,正常,	,	,,	,	,819506595979	,【24年新品】600G升级版6年长效,1787046011387	,厨房电器,净水器/净水设备及配件耗材,净水器,	,6923185653684	,6923185616399	,	,	,无售后或售后取消,,	,	,,,,,,,否,否,	,否,	,,748.0	,0.0	,134.64	,74.8	,0.0	,0.0	,0.0	,0.0	,538.56	,613.36	,	,	,****,****,****,****,,否,否,	,	,	,否,	,	,	,	,	,	,	,	,	,	,	,	,否,否,	,否,	,,	,否,	,否,,,否
【母婴直饮】云米净水器 SE 600G+ 新升级厨下式RO反渗透直饮家用,251120-426151852421569,未发货，退款成功,1	,正常,2025-11-20 21:31:01,2025-11-21 21:31:01,,	,	,819506595979	,【24年新品】600G升级版6年长效,1787046011387	,厨房电器,净水器/净水设备及配件耗材,净水器,	,6923185653684	,6923185616399	,聚水潭已取消发货，仅退款  诚11.21,	,退款成功,,2025-11-20 21:31:01,	,,,,,,,否,否,	,否,	,,748.0	,0.0	,129.6	,100.0	,0.0	,0.0	,0.0	,0.0	,518.4	,618.4	,	,	,天津市,天津市,河西区,,,否,否,	,	,	,否,	,	,	,	,	,	,	,	,	,	,	,	,否,是,	,否,否,,	,否,	,否,,,否
【重磅新品】云米净水器600G小海豚升级版厨下式RO反渗透直饮家用,251120-296453456163384,已发货，待收货,1	,正常,2025-11-20 21:26:43,2025-11-21 21:26:43,,2025-11-21 09:21:04,	,225501370546	,小海豚600G,1813468330532	,厨房电器,净水器/净水设备及配件耗材,净水器,	,6923185653684	,6923185616399	,	,	,无售后或售后取消,,2025-11-20 21:26:43,	,,,,,,,否,否,	,否,	,,559.0	,0.0	,0.0	,5.0	,1.1	,0.0	,0.0	,0.0	,554.0	,559.0	,JDV024175643435,京东大件物流,河南省,郑州市,二七区,,,否,否,	,	,	,否,	,	,	,	,	,	,	,	,	,	,	,	,否,否,	,否,否,,	,否,	,否,,,否
【6年套装】云米净水器600G小海豚升级版厨下式RO反渗透直饮家用,251120-306907737740807,已取消,1	,正常,	,	,,	,	,852932116812	,小海豚600G+6年滤芯套装,1812983769340	,厨房电器,净水器/净水设备及配件耗材,净水器,	,S2508151538001,	,	,	,无售后或售后取消,,	,	,,,,,,,否,否,	,否,	,,764.28	,0.0	,0.0	,100.0	,0.0	,0.0	,0.0	,0.0	,664.28	,764.28	,	,	,****,****,****,****,,否,否,	,	,	,否,	,	,	,	,	,	,	,	,	,	,	,	,否,否,	,否,	,,	,否,	,否,,,否
云米净水器滤芯家用小海豚小蓝调小白龙系列专用RO反渗透,251120-461604196681363,已收货，退款成功,1	,正常,2025-11-20 20:44:19,2025-11-22 20:44:19,2025-11-22 23:59:59,2025-11-21 09:20:13,2025-11-22 16:57:34,232467205433	,5in1 复合滤芯,1647394585330	,厨房电器,净水器/净水设备及配件耗材,净水器配件耗材,	,6923185627425	,	,补差 后返 到手价109元=147.51-109=38.51差价仅退款 [viomi慧慧sk 11/22 17:24],	,退款成功,,2025-11-20 20:44:19,	,,,,,,,否,否,	,否,	,,149.0	,0.0	,1.49	,10.24	,1.06	,0.0	,0.0	,0.0	,137.27	,147.51	,JDV024177781312,京东大件物流,福建省,厦门市,集美区,,,否,否,	,	,	,否,	,	,	,	,	,	,	,	,	,	,	,	,否,否,	,否,否,,	,否,	,否,,,否
云米净水器滤芯家用小海豚小蓝调小白龙系列专用RO反渗透,251120-118006813001363,已收货，退款成功,1	,正常,2025-11-20 20:44:19,2025-11-22 20:44:19,2025-11-22 23:59:59,2025-11-21 09:20:14,2025-11-22 16:57:44,232467205433	,600G RO反渗透,1358951046252	,厨房电器,净水器/净水设备及配件耗材,净水器配件耗材,	,6923185618379	,	,补差后返 到手价458元=543.51-458=85.51差价仅退款 [viomi慧慧sk 11/22 17:26]==【补差】平台已退84.51元 叶11.22,	,退款成功,,2025-11-20 20:44:19,	,,,,,,,否,否,	,否,	,,549.0	,0.0	,5.49	,37.76	,3.94	,0.0	,0.0	,0.0	,505.75	,543.51	,JDV024177818949,京东大件物流,福建省,厦门市,集美区,,,否,否,	,	,	,否,	,	,	,	,	,	,	,	,	,	,	,	,否,否,	,否,否,,	,否,	,否,,,否
VIOMI云米净水器1000G厨下直饮小体积净水机RO机智显龙头3秒满杯,251120-472844931433238,已收货,1	,正常,2025-11-20 20:31:26,2025-11-21 20:31:26,2025-11-22 23:59:59,2025-11-21 09:21:03,2025-11-26 16:23:51,842195971715	,1000G大通量RO净水器,1803617356458	,厨房电器,净水器/净水设备及配件耗材,净水器,	,6923185654247	,	,	,	,无售后或售后取消,,2025-11-20 20:31:26,	,,,,,,,否,否,	,否,	,,823.0	,0.0	,24.0	,0.0	,0.0	,0.0	,0.0	,0.0	,799.0	,799.0	,JDV024177818248,京东大件物流,广东省,深圳市,龙岗区,,,否,否,	,	,	,否,	,	,	,	,	,	,	,	,	,	,	,	,否,否,	,否,否,,	,否,	,否,,,否
【重磅新品】云米净水器600G小海豚升级版厨下式RO反渗透直饮家用,251120-681469550102097,已发货，待收货,1	,正常,2025-11-20 20:24:56,2025-11-21 20:24:57,,2025-11-21 09:21:03,	,225501370546	,小海豚600G,1813468330532	,厨房电器,净水器/净水设备及配件耗材,净水器,	,6923185653684	,6923185616399	,	,	,无售后或售后取消,,2025-11-20 20:24:57,	,,,,,,,否,否,	,否,	,,559.0	,0.0	,0.0	,0.0	,0.0	,0.0	,0.0	,0.0	,559.0	,559.0	,JDV024175147957,京东大件物流,内蒙古自治区,乌海市,海勃湾区,,,否,否,	,	,	,否,	,	,	,	,	,	,	,	,	,	,	,	,否,否,	,否,否,,	,否,	,否,,,否
【重磅新品】云米净水器600G小海豚升级版厨下式RO反渗透直饮家用,251120-647202148640488,已发货，待收货,1	,正常,2025-11-20 20:13:41,2025-11-21 20:13:41,,2025-11-21 09:21:03,	,225501370546	,小海豚600G,1813468330532	,厨房电器,净水器/净水设备及配件耗材,净水器,	,6923185653684	,6923185616399	,	,	,无售后或售后取消,,2025-11-20 20:13:41,	,,,,,,,否,否,	,否,	,,559.0	,0.0	,0.0	,0.0	,0.0	,0.0	,0.0	,0.0	,559.0	,559.0	,JDV024177828813,京东大件物流,四川省,广安市,邻水县,,,否,否,	,	,	,否,	,	,	,	,	,	,	,	,	,	,	,	,否,否,	,否,否,,	,否,	,否,,,否
【母婴直饮】云米净水器 SE 600G+ 新升级厨下式RO反渗透直饮家用,251120-339497531790800,已取消,1	,正常,	,	,,	,	,819506595979	,【24年新品】600G升级版6年长效,1787046011387	,厨房电器,净水器/净水设备及配件耗材,净水器,	,6923185653684	,6923185616399	,	,	,无售后或售后取消,,	,	,,,,,,,否,否,	,否,	,,748.0	,0.0	,134.64	,74.8	,0.0	,0.0	,0.0	,0.0	,538.56	,613.36	,	,	,****,****,****,****,,否,否,	,	,	,否,	,	,	,	,	,	,	,	,	,	,	,	,否,否,	,否,	,,	,否,	,否,,,否
【母婴直饮】云米净水器 SE 600G+ 新升级厨下式RO反渗透直饮家用,251120-479702597920014,已取消,1	,正常,	,	,,	,	,819506595979	,【24年新品】600G升级版6年长效,1787046011387	,厨房电器,净水器/净水设备及配件耗材,净水器,	,6923185653684	,6923185616399	,	,	,无售后或售后取消,,	,	,,,,,,,否,否,	,否,	,,748.0	,0.0	,149.6	,0.0	,0.0	,0.0	,0.0	,0.0	,598.4	,598.4	,	,	,****,****,****,****,,否,否,	,	,	,否,	,	,	,	,	,	,	,	,	,	,	,	,否,否,	,否,	,,	,否,	,否,,,否
VIOMI云米净水器1000G厨下直饮小体积净水机RO机智显龙头3秒满杯,251120-455585308292615,已收货,1	,正常,2025-11-20 20:04:04,2025-11-21 20:04:04,,2025-11-21 09:21:03,2025-11-23 19:38:27,842195971715	,1000G大通量RO净水器,1803617356458	,厨房电器,净水器/净水设备及配件耗材,净水器,	,6923185654247	,	,	,	,无售后或售后取消,,2025-11-20 20:04:04,	,,,,,,,否,否,	,否,	,,823.0	,0.0	,24.0	,50.0	,1.49	,0.0	,0.0	,0.0	,749.0	,799.0	,JDV024177781490,京东大件物流,山东省,济宁市,泗水县,,,否,否,	,	,	,否,	,	,	,	,	,	,	,	,	,	,	,	,否,否,	,否,否,,	,否,	,否,,,否
云米全自动智能门锁人脸猫眼密码指纹安全防撬大屏锁已接入米家AP,251120-086297864493563,已收货，退款成功,1	,正常,2025-11-20 20:02:19,2025-11-21 20:02:19,,2025-11-21 09:20:14,2025-11-23 16:51:49,804409121514	,LBT16A【人脸猫眼】智能门锁,1778430742491	,基础建材,智能门锁/电子锁,智能门锁/电子锁,	,6923185652724	,	,已退50装补 [viomi诺诺sk 11/23 16:54]==【补差】平台已退50元 叶11.23,	,退款成功,,2025-11-20 20:02:19,	,,,,,,,否,否,	,否,	,,849.0	,0.0	,0.0	,39.0	,0.0	,0.0	,0.0	,0.0	,810.0	,849.0	,JDV024177780995,京东大件物流,河南省,郑州市,二七区,,,否,否,	,	,	,否,	,	,	,	,	,	,	,	,	,	,	,	,否,否,	,否,否,,	,否,	,否,,,否
【重磅新品】云米净水器600G小海豚升级版厨下式RO反渗透直饮家用,251120-044417687190378,已发货，退款成功,1	,正常,2025-11-20 19:52:52,2025-11-21 19:52:52,,2025-11-21 09:20:13,	,852161740747	,小海豚600G+6年滤芯套装,1812658223669	,厨房电器,净水器/净水设备及配件耗材,净水器,	,S2508151538001,	,拦截ZX2511220063148,	,退款成功,,2025-11-20 19:52:52,	,,,,,,,否,否,	,否,	,,764.9	,0.0	,0.0	,55.0	,0.0	,0.0	,0.0	,0.0	,709.9	,764.9	,JDV024177777504,京东大件物流,新疆维吾尔自治区,阿勒泰地区,哈巴河县,,,否,否,	,	,	,否,	,	,	,	,	,	,	,	,	,	,	,	,否,否,	,否,否,,	,否,	,否,,,否
【重磅新品】云米净水器600G小海豚升级版厨下式RO反渗透直饮家用,251120-506986576291123,已发货，待收货,1	,正常,2025-11-20 19:42:05,2025-11-21 19:42:06,,2025-11-21 09:21:03,	,225501370546	,小海豚600G,1813468330532	,厨房电器,净水器/净水设备及配件耗材,净水器,	,6923185653684	,6923185616399	,	,	,无售后或售后取消,,2025-11-20 19:42:06,	,,,,,,,否,否,	,否,	,,559.0	,0.0	,0.0	,33.54	,0.0	,0.0	,0.0	,0.0	,525.46	,559.0	,JDV024174960954,京东大件物流,山东省,济南市,历城区,,,否,否,	,	,	,否,	,	,	,	,	,	,	,	,	,	,	,	,否,否,	,否,否,,	,否,	,否,,,否
【重磅新品】云米净水器600G小海豚升级版厨下式RO反渗透直饮家用,251120-022355648123463,已取消,1	,正常,	,	,,	,	,225501370546	,小海豚600G,1813468330532	,厨房电器,净水器/净水设备及配件耗材,净水器,	,6923185653684	,6923185616399	,	,	,无售后或售后取消,,	,	,,,,,,,否,否,	,否,	,,559.0	,0.0	,0.0	,0.0	,0.0	,0.0	,0.0	,0.0	,559.0	,559.0	,	,	,****,****,****,****,,否,否,	,	,	,否,	,	,	,	,	,	,	,	,	,	,	,	,否,否,	,否,	,,	,否,	,否,,,否
云米小厨宝6L电热水器厨房卫生间出水恒温储水式小型速热神器加热,251120-672472788570801,未发货，退款成功,1	,正常,2025-11-20 18:59:39,2025-11-21 18:59:40,,	,	,208073193570	,热水即刻有-【6L】,1801828025682	,大家电,热水器,厨宝,	,6923185611233	,6923185611233	,ZX2511210063435待拦截11.21诚,	,退款成功,,2025-11-20 18:59:40,	,,,,,,,否,否,	,否,	,,280.0	,0.0	,12.0	,8.0	,0.0	,0.0	,0.0	,0.0	,260.0	,268.0	,	,	,江苏省,徐州市,铜山区,,,否,否,	,	,	,否,	,	,	,	,	,	,	,	,	,	,	,	,否,否,	,否,否,,	,否,	,否,,,否
【冷热直饮套装】云米净水器家用厨下管线机套装一键即热制冷直饮,251120-679435385230559,已取消,1	,正常,	,	,,	,	,480070620581	,【净热直饮套装】新品净水器+制热管线机,1620106386126	,厨房电器,净水器/净水设备及配件耗材,净水器,	,S2405281401001,	,	,	,无售后或售后取消,,	,	,,,,,,,否,否,	,否,	,,1449.0	,0.0	,0.0	,100.0	,0.0	,0.0	,0.0	,0.0	,1349.0	,1449.0	,	,	,****,****,****,****,,否,否,	,	,	,否,	,	,	,	,	,	,	,	,	,	,	,	,否,否,	,否,	,,	,否,	,否,,,否
云米水槽下水器垃圾处理器粉碎机下水道厨余搅碎机抑菌厨房家用,251120-077793891970150,待发货,1	,正常,2025-11-20 18:50:52,2026-02-19 18:50:52,,	,	,852614628903	,【智能】厨余垃圾处理器,1812695452997	,厨房电器,食物垃圾处理机,食物垃圾处理机,	,6923185610250	,6923185610250	,	,	,无售后或售后取消,,2025-11-20 18:50:52,	,,,,,,,否,否,	,否,	,,889.0	,0.0	,0.0	,100.0	,0.0	,0.0	,0.0	,0.0	,789.0	,889.0	,	,	,安徽省,合肥市,包河区,,,否,否,	,	,	,否,	,	,	,	,	,	,	,	,	,	,	,	,否,否,	,否,否,,	,否,	,否,,,否
云米净水器滤芯小蓝调小海豚600G+专用复合滤芯RO反渗透滤芯过滤,251120-531061818941978,已发货，退款成功,2	,正常,2025-11-20 18:48:53,2025-11-21 18:48:53,,2025-11-21 09:20:15,	,296967601341	,5in1复合滤芯 2年长效,1600193054565	,厨房电器,净水器/净水设备及配件耗材,净水器配件耗材,	,6923185627425	,	,后返，到手价99/根==已退394 [viomi诺诺sk 11/22 21:41],	,退款成功,,2025-11-20 18:48:53,	,,,,,,,否,否,	,否,	,,598.0	,0.0	,5.98	,0.0	,0.2	,0.0	,0.0	,0.0	,592.02	,592.02	,JDV024177898724,京东大件物流,广东省,中山市,南朗镇,,,否,否,	,	,	,否,	,	,	,	,	,	,	,	,	,	,	,	,否,否,	,否,否,,	,否,	,否,,,否
Viomi云米净水器1000G厨下式RO反渗透直饮过滤器净饮小海豚2,251120-298424737413852,已发货，待收货,1	,正常,2025-11-20 18:43:14,2025-11-21 18:43:14,,2025-11-21 09:21:04,	,205458105137	,小海豚2包安装1000G大加仑,1802849942800	,厨房电器,净水器/净水设备及配件耗材,净水器,	,6923185654865	,	,13596823371安装 [viomi慧慧sk 11/24 11:31],	,无售后或售后取消,,2025-11-20 18:43:14,	,,,,,,,否,否,	,否,	,,901.0	,0.0	,20.0	,0.0	,0.2	,0.0	,0.0	,0.0	,881.0	,881.0	,JDV024177805360,京东大件物流,吉林省,白城市,通榆县,,,否,否,	,	,	,否,	,	,	,	,	,	,	,	,	,	,	,	,否,是,	,否,否,,	,否,	,否,,,否
【6年套装】云米净水器600G小海豚升级版厨下式RO反渗透直饮家用,251120-592015552042036,已发货，待收货,1	,正常,2025-11-20 18:36:20,2025-11-21 18:36:21,,2025-11-21 11:51:54,	,852932116812	,小海豚600G+6年滤芯套装,1812983769340	,厨房电器,净水器/净水设备及配件耗材,净水器,	,S2508151538001,	,13514626090安装 [viomi慧慧sk 11/24 11:33],	,无售后或售后取消,,2025-11-20 18:36:21,	,,,,,,,否,否,	,否,	,,764.28	,0.0	,0.0	,76.42	,0.0	,0.0	,0.0	,0.0	,687.86	,764.28	,JDV024174325511,京东大件物流,黑龙江省,齐齐哈尔市,依安县,,,否,否,	,	,	,否,	,	,	,	,	,	,	,	,	,	,	,	,否,否,	,否,否,,	,否,	,否,,,否
【重磅新品】云米净水器600G小海豚升级版厨下式RO反渗透直饮家用,251120-050646249062346,已发货，待收货,1	,正常,2025-11-20 18:20:05,2025-11-21 18:20:05,,2025-11-21 09:21:04,	,225501370546	,小海豚600G,1813468330532	,厨房电器,净水器/净水设备及配件耗材,净水器,	,6923185653684	,6923185616399	,	,	,无售后或售后取消,,2025-11-20 18:20:05,	,,,,,,,否,否,	,否,	,,559.0	,0.0	,0.0	,0.0	,0.0	,0.0	,0.0	,0.0	,559.0	,559.0	,JDV024173698981,京东大件物流,黑龙江省,佳木斯市,郊区,,,否,否,	,	,	,否,	,	,	,	,	,	,	,	,	,	,	,	,否,否,	,否,否,,	,否,	,否,,,否
【重磅新品】云米净水器600G小海豚升级版厨下式RO反渗透直饮家用,251120-189005852221978,已发货，待收货,1	,正常,2025-11-20 18:11:39,2025-11-21 18:11:39,,2025-11-21 09:21:05,	,225501370546	,小海豚600G,1813468330532	,厨房电器,净水器/净水设备及配件耗材,净水器,	,6923185653684	,6923185616399	,15507677976安装 [viomi诺诺sk 11/22 22:50]==超 [viomi英英sk 11/25 17:56],	,无售后或售后取消,,2025-11-20 18:11:39,	,,,,,,,否,否,	,否,	,,559.0	,0.0	,0.0	,0.0	,0.0	,0.0	,0.0	,0.0	,559.0	,559.0	,JDV024177810320,京东大件物流,广东省,中山市,南朗镇,,,否,否,	,	,	,否,	,	,	,	,	,	,	,	,	,	,	,	,否,否,	,否,是,3	,商家,否,	,否,,信用卡分期,否
【重磅新品】云米净水器600G小海豚升级版厨下式RO反渗透直饮家用,251120-378389153433080,已收货,1	,正常,2025-11-20 18:08:11,2025-11-21 18:08:11,,2025-11-21 09:21:05,2025-11-23 09:55:32,225501370546	,小海豚600G,1813468330532	,厨房电器,净水器/净水设备及配件耗材,净水器,	,6923185653684	,6923185616399	,	,	,无售后或售后取消,,2025-11-20 18:08:11,	,,,,,,,否,否,	,否,	,,559.0	,0.0	,0.0	,0.0	,0.2	,0.0	,0.0	,0.0	,559.0	,559.0	,JDV024177773894,京东大件物流,海南省,海口市,美兰区,,,否,否,	,	,	,否,	,	,	,	,	,	,	,	,	,	,	,	,否,是,	,否,否,,	,否,	,否,,,否
【重磅新品】云米净水器600G小海豚升级版厨下式RO反渗透直饮家用,251120-209736179261369,已收货,1	,正常,2025-11-20 18:03:25,2025-11-21 18:03:25,,2025-11-21 09:21:04,2025-11-24 23:22:10,225501370546	,小海豚600G,1813468330532	,厨房电器,净水器/净水设备及配件耗材,净水器,	,6923185653684	,6923185616399	,	,	,无售后或售后取消,,2025-11-20 18:03:25,	,,,,,,,否,否,	,否,	,,559.0	,0.0	,0.0	,0.0	,0.0	,0.0	,0.0	,0.0	,559.0	,559.0	,JDV024173698973,京东大件物流,内蒙古自治区,鄂尔多斯市,东胜区,,,否,否,	,	,	,否,	,	,	,	,	,	,	,	,	,	,	,	,否,否,	,否,否,,	,否,	,否,,,否
【母婴直饮】云米净水器 SE 600G+ 新升级厨下式RO反渗透直饮家用,251120-379920074243460,已发货，待收货,1	,正常,2025-11-20 17:47:09,2025-11-21 17:47:09,,2025-11-21 09:20:14,	,819506595979	,【24年新品】600G升级版6年长效,1787046011387	,厨房电器,净水器/净水设备及配件耗材,净水器,	,6923185653684	,6923185616399	,	,	,无售后或售后取消,,2025-11-20 17:47:09,	,,,,,,,否,否,	,否,	,,748.0	,0.0	,139.6	,50.0	,0.0	,0.0	,0.0	,0.0	,558.4	,608.4	,JDV024177793848,京东大件物流,江西省,赣州市,龙南市,,,否,否,	,	,	,否,	,	,	,	,	,	,	,	,	,	,	,	,否,否,	,否,否,,	,否,	,否,,,否
【新品】云米全自动智能3D人脸识别门锁家用办公室防盗指纹密码锁,251120-164427282733563,未发货，退款成功,1	,正常,2025-11-20 17:47:15,2025-11-21 17:47:15,,	,	,259115850200	,3D人脸识别蓝调门锁,1673367539100	,基础建材,智能门锁/电子锁,智能门锁/电子锁,	,6923185654643	,6923185654643	,拦截	ZX2511200065268,	,退款成功,,2025-11-20 17:47:15,	,,,,,,,否,否,	,否,	,,899.0	,0.0	,0.0	,0.0	,0.0	,0.0	,0.0	,0.0	,899.0	,899.0	,	,	,河南省,郑州市,二七区,,,否,否,	,	,	,否,	,	,	,	,	,	,	,	,	,	,	,	,否,否,	,否,否,,	,否,	,否,,,否
云米全自动智能门锁人脸猫眼密码指纹安全防撬大屏锁已接入米家AP,251120-289344141613563,未发货，退款成功,1	,正常,2025-11-20 17:44:53,2025-11-21 17:44:53,,	,	,804409121514	,LBT16A【人脸猫眼】智能门锁,1778430742491	,基础建材,智能门锁/电子锁,智能门锁/电子锁,	,6923185652724	,	,聚水潭已取消发货 已退款   叶11.20,	,退款成功,,2025-11-20 17:44:53,	,,,,,,,否,否,	,否,	,,849.0	,0.0	,0.0	,0.0	,0.0	,0.0	,0.0	,0.0	,849.0	,849.0	,	,	,河南省,郑州市,二七区,,,否,否,	,	,	,否,	,	,	,	,	,	,	,	,	,	,	,	,否,否,	,否,否,,	,否,	,否,,,否
【重磅新品】云米净水器600G小海豚升级版厨下式RO反渗透直饮家用,251120-097905579673080,已取消,1	,正常,	,	,,	,	,225501370546	,小海豚600G,1813468330532	,厨房电器,净水器/净水设备及配件耗材,净水器,	,6923185653684	,6923185616399	,	,	,无售后或售后取消,,	,	,,,,,,,否,否,	,否,	,,559.0	,0.0	,0.0	,0.0	,0.0	,0.0	,0.0	,0.0	,559.0	,559.0	,	,	,****,****,****,****,,否,否,	,	,	,否,	,	,	,	,	,	,	,	,	,	,	,	,否,否,	,否,	,,	,否,	,否,,,否
云米顶侧双吸烟灶套装22m³大吸力抽油烟机聚能猛火灶节能燃气家用,251120-065315837450557,已收货，退款成功,1	,正常,2025-11-20 17:44:01,2025-11-21 17:44:01,,2025-11-21 16:58:00,2025-11-24 12:48:16,382839923175	,【两件套】顶侧双吸烟机+5.2KW灶（天）,1743705224006	,大家电,厨房大电,烟灶消套装,	,S2309261029001,蓝调套装,晒单拆旧 [viomi莉莉sk 11/20 18:46]差价14+特殊补差18 [viomi诺诺sk 11/23 18:00]=15304462999安装 [viomi慧慧sk 11/24 14:27],	,退款成功,,2025-11-20 17:44:01,	,,,,,,,否,否,	,否,	,,1218.0	,0.0	,60.0	,40.0	,0.0	,0.0	,0.0	,0.0	,1118.0	,1158.0	,JDV024180664247,京东配送,吉林省,长春市,南关区,,,否,否,	,	,	,否,	,	,	,	,	,	,	,	,	,	,	,	,否,是,	,否,否,,	,否,	,否,,,否
云米顶侧双吸烟灶套装22m³大吸力抽油烟机聚能猛火灶节能燃气家用,251120-480059092490557,已取消,1	,正常,	,	,,	,	,382839923175	,【两件套】顶侧双吸烟机+5.2KW灶（天）,1743705224006	,大家电,厨房大电,烟灶消套装,	,S2309261029001,蓝调套装,	,	,无售后或售后取消,,	,	,,,,,,,否,否,	,否,	,,1218.0	,0.0	,60.0	,40.0	,0.0	,0.0	,0.0	,0.0	,1118.0	,1158.0	,	,	,****,****,****,****,,否,否,	,	,	,否,	,	,	,	,	,	,	,	,	,	,	,	,否,否,	,否,	,,	,否,	,否,,,否
【重磅新品】云米净水器600G小海豚升级版厨下式RO反渗透直饮家用,251120-496962158920441,已收货,1	,正常,2025-11-20 17:40:25,2025-11-21 17:40:25,,2025-11-21 09:21:04,2025-11-24 12:34:57,225501370546	,小海豚600G,1813468330532	,厨房电器,净水器/净水设备及配件耗材,净水器,	,6923185653684	,6923185616399	,	,	,无售后或售后取消,,2025-11-20 17:40:25,	,,,,,,,否,否,	,否,	,,559.0	,0.0	,0.0	,0.0	,0.2	,0.0	,0.0	,0.0	,559.0	,559.0	,JDV024177785495,京东大件物流,上海市,上海市,闵行区,,,否,否,	,	,	,否,	,	,	,	,	,	,	,	,	,	,	,	,否,否,	,否,否,,	,否,	,否,,,否
云米60升AI速热高温抑菌电热水器3000W一级节能变频增容家用租房,251120-456529026700713,未发货，退款成功,1	,正常,2025-11-20 17:36:33,2025-11-21 17:36:33,,	,	,226368376224	,3000W速热安全60L热水器,1737176648260	,大家电,热水器,电热水器,	,6923185602224	,6923185602224	,ZX2511210063435待拦截11.21诚,	,退款成功,,2025-11-20 17:36:33,	,,,,,,,否,否,	,否,	,,654.0	,0.0	,36.0	,24.0	,0.2	,0.0	,0.0	,0.0	,594.0	,618.0	,	,	,河北省,石家庄市,长安区,,,否,否,	,	,	,否,	,	,	,	,	,	,	,	,	,	,	,	,否,是,	,否,否,,	,否,	,否,,,否
【重磅新品】云米净水器600G小海豚升级版厨下式RO反渗透直饮家用,251120-504092496180432,已发货，待收货,1	,正常,2025-11-20 17:30:45,2025-11-21 17:30:45,,2025-11-21 09:21:04,	,225501370546	,小海豚600G,1813468330532	,厨房电器,净水器/净水设备及配件耗材,净水器,	,6923185653684	,6923185616399	,	,	,无售后或售后取消,,2025-11-20 17:30:45,	,,,,,,,否,否,	,否,	,,559.0	,0.0	,0.0	,50.0	,0.0	,0.0	,0.0	,0.0	,509.0	,559.0	,JDV024177785667,京东大件物流,浙江省,嘉兴市,南湖区,,,否,否,	,	,	,否,	,	,	,	,	,	,	,	,	,	,	,	,是,是,	,否,否,,	,否,	,否,,,否
【母婴直饮】云米净水器 SE 600G+ 新升级厨下式RO反渗透直饮家用,251120-552106759801951,已发货，待收货,1	,正常,2025-11-20 17:27:40,2025-11-21 17:27:40,,2025-11-21 09:20:15,	,819506595979	,【24年新品】600G升级版6年长效,1787046011387	,厨房电器,净水器/净水设备及配件耗材,净水器,	,6923185653684	,6923185616399	,	,	,无售后或售后取消,,2025-11-20 17:27:40,	,,,,,,,否,否,	,否,	,,748.0	,0.0	,136.8	,64.0	,0.0	,0.0	,0.0	,0.0	,547.2	,611.2	,JDV024173571967,京东大件物流,辽宁省,沈阳市,浑南区,,,否,否,	,	,	,否,	,	,	,	,	,	,	,	,	,	,	,	,否,否,	,否,否,,	,否,	,否,,,否
VIOMI云米净水器600G小蓝调厨下式RO反渗透直饮家用6年长效,251120-628589893223055,已收货,1	,正常,2025-11-20 17:25:28,2025-11-21 17:25:28,,2025-11-21 09:20:14,2025-11-22 15:28:57,850883552953	,RO反渗透除去重金属,1811278299045	,厨房电器,净水器/净水设备及配件耗材,净水器,	,6923185653592	,6923185653592	,	,	,无售后或售后取消,,2025-11-20 17:25:28,	,,,,,,,否,否,	,否,	,,639.19	,0.0	,0.0	,100.0	,0.0	,0.0	,0.0	,0.0	,539.19	,639.19	,JDV024177773859,京东大件物流,广东省,肇庆市,鼎湖区,,,否,否,	,	,	,否,	,	,	,	,	,	,	,	,	,	,	,	,否,否,	,否,否,,	,否,	,否,,,否
【重磅新品】云米净水器600G小海豚升级版厨下式RO反渗透直饮家用,251120-415204666890917,未发货，退款成功,1	,正常,2025-11-20 17:23:38,2025-11-21 17:23:38,,	,	,225501370546	,小海豚600G,1813468330532	,厨房电器,净水器/净水设备及配件耗材,净水器,	,6923185653684	,6923185616399	,拦截	ZX2511200065268,	,退款成功,,2025-11-20 17:23:38,	,,,,,,,否,否,	,否,	,,559.0	,0.0	,0.0	,0.0	,1.11	,0.0	,0.0	,0.0	,559.0	,559.0	,	,	,河北省,沧州市,任丘市,,,否,否,	,	,	,否,	,	,	,	,	,	,	,	,	,	,	,	,否,否,	,否,否,,	,否,	,否,,,否
云米即热净水器厨房家用直饮RO反渗透加热净饮一体机1000G,251120-679267582300184,已取消,1	,正常,	,	,,	,	,364990106384	,即热直饮 1000G大通量,1455593712429	,厨房电器,净水器/净水设备及配件耗材,净水器,	,6923185651116	,6923185651116	,	,	,无售后或售后取消,,	,	,,,,,,,否,否,	,否,	,,1499.0	,0.0	,0.0	,100.0	,0.0	,0.0	,0.0	,0.0	,1399.0	,1499.0	,	,	,****,****,****,****,,否,否,	,	,	,否,	,	,	,	,	,	,	,	,	,	,	,	,否,否,	,否,	,,	,否,	,否,,,否
云米净水器滤芯家用小海豚小蓝调小白龙系列专用RO反渗透,251120-377969754411911,已收货，退款成功,1	,正常,2025-11-20 17:19:32,2025-11-22 17:19:32,,2025-11-20 20:53:33,2025-11-24 19:10:42,232467205433	,600G RO反渗透,1358951046252	,厨房电器,净水器/净水设备及配件耗材,净水器配件耗材,	,6923185618379	,	,补差后返 到手价458元,	,退款成功,,2025-11-20 17:19:32,	,,,,,,,否,否,	,否,	,,549.0	,0.0	,0.0	,0.0	,0.0	,0.0	,0.0	,0.0	,549.0	,549.0	,JDV024171681069,京东大件物流,辽宁省,丹东市,元宝区,,,否,否,	,	,	,否,	,	,	,	,	,	,	,	,	,	,	,	,否,否,	,否,否,,	,否,	,否,,,否
云米净水器滤芯家用小海豚小蓝调小白龙系列专用RO反渗透,251120-644769431851911,未发货，退款成功,1	,正常,2025-11-20 17:18:43,2025-11-22 17:18:43,,	,	,232467205433	,600G RO反渗透,1358951046252	,厨房电器,净水器/净水设备及配件耗材,净水器配件耗材,	,6923185618379	,	,聚水潭已取消发货，仅退款  诚11.20,	,退款成功,,2025-11-20 17:18:43,	,,,,,,,否,否,	,否,	,,549.0	,0.0	,0.0	,10.0	,0.0	,0.0	,0.0	,0.0	,539.0	,549.0	,	,	,辽宁省,丹东市,元宝区,,,否,否,	,	,	,否,	,	,	,	,	,	,	,	,	,	,	,	,否,否,	,否,否,,	,否,	,否,,,否
VIOMI云米净水器大通量小海豚800G反渗透RO厨下式家用长效滤芯,251120-533578453322064,已发货，待收货,1	,正常,2025-11-21 07:28:58,2025-11-22 07:28:58,,2025-11-21 17:17:07,	,837957770723	,800G大通量纯水机,1809123722986	,厨房电器,净水器/净水设备及配件耗材,净水器,	,6923185653974	,	,	,	,无售后或售后取消,,2025-11-21 07:28:58,	,,,,,,,否,否,	,否,	,,699.0	,0.0	,0.0	,90.87	,0.0	,0.0	,0.0	,0.0	,608.13	,699.0	,JDV024180152966,京东配送,天津市,天津市,西青区,,,否,否,	,	,	,否,	,	,	,	,	,	,	,	,	,	,	,	,否,否,	,否,否,,	,否,	,否,,,否
云米AI燃气热水器智控恒温防冻节能安全水质净化精准控温13L强排,251120-634881380730333,已发货，退款成功,1	,正常,2025-11-20 17:11:18,2025-11-21 17:11:18,,2025-11-21 09:20:15,	,773161065181	,智控恒温燃气热水器,1755671371526	,大家电,热水器,燃气热水器,	,6923185655688	,6923185655688	,后返，送淋蓬头==TH2C459959481  SF3263100099295 待合肥入库 11.28==仓库已签收入库，操作退款 叶11.28,	,退款成功,,2025-11-20 17:11:18,	,,,,,,,否,否,	,否,	,,588.0	,0.0	,0.0	,47.04	,2.0	,0.0	,0.0	,0.0	,540.96	,588.0	,JDV024177793362,京东大件物流,北京市,北京市,大兴区,,,否,否,	,	,	,否,	,	,	,	,	,	,	,	,	,	,	,	,否,否,	,否,否,,	,否,	,否,,,否
【劲猛火力】云米家用燃气灶液化气天然气5.0KW猛火灶大火力厨房,251120-258222395770333,已取消,1	,正常,	,	,,	,	,484037745334	,5.0KW大火力（天然气）,1656994524754	,大家电,厨房大电,燃气灶,	,6923185654377	,6923185654377	,	,	,无售后或售后取消,,	,	,,,,,,,否,否,	,否,	,,830.0	,0.0	,0.0	,3.0	,0.0	,0.0	,0.0	,0.0	,827.0	,830.0	,	,	,****,****,****,****,,否,否,	,	,	,否,	,	,	,	,	,	,	,	,	,	,	,	,否,否,	,否,	,,	,否,	,否,,,否
【重磅新品】云米净水器600G小海豚升级版厨下式RO反渗透直饮家用,251120-659344616990484,已收货,1	,正常,2025-11-20 16:52:45,2025-11-21 16:52:46,,2025-11-21 09:20:16,2025-11-24 09:33:46,852161740747	,小海豚600G+6年滤芯套装,1812658223669	,厨房电器,净水器/净水设备及配件耗材,净水器,	,S2508151538001,	,	,	,无售后或售后取消,,2025-11-20 16:52:46,	,,,,,,,否,否,	,否,	,,764.9	,0.0	,0.0	,100.0	,0.0	,0.0	,0.0	,0.0	,664.9	,764.9	,JDV024177779628,京东大件物流,上海市,上海市,闵行区,,,否,否,	,	,	,否,	,	,	,	,	,	,	,	,	,	,	,	,否,否,	,否,否,,	,否,	,否,,,否
【重磅新品】云米净水器600G小海豚升级版厨下式RO反渗透直饮家用,251120-038210127371646,已取消,2	,正常,	,	,,	,	,225501370546	,小海豚600G,1813468330532	,厨房电器,净水器/净水设备及配件耗材,净水器,	,6923185653684	,6923185616399	,	,	,无售后或售后取消,,	,	,,,,,,,否,否,	,否,	,,1118.0	,0.0	,11.18	,0.0	,0.0	,0.0	,0.0	,0.0	,1106.82	,1106.82	,	,	,****,****,****,****,,否,否,	,	,	,否,	,	,	,	,	,	,	,	,	,	,	,	,否,否,	,否,	,,	,否,	,否,,,否
【重磅新品】云米净水器600G小海豚升级版厨下式RO反渗透直饮家用,251120-675283003792619,已收货,1	,正常,2025-11-20 16:47:00,2025-11-21 16:47:01,,2025-11-21 09:21:06,2025-11-23 16:45:53,225501370546	,小海豚600G,1813468330532	,厨房电器,净水器/净水设备及配件耗材,净水器,	,6923185653684	,6923185616399	,	,	,无售后或售后取消,,2025-11-20 16:47:01,	,,,,,,,否,否,	,否,	,,559.0	,0.0	,0.0	,5.0	,0.0	,0.0	,0.0	,0.0	,554.0	,559.0	,JDV024177779727,京东大件物流,广东省,佛山市,南海区,,,否,否,	,	,	,否,	,	,	,	,	,	,	,	,	,	,	,	,否,否,	,否,否,,	,否,	,否,,,否
云米无线手持吸尘器家用立式除螨大吸力吸尘机A9长续航宠物家庭,251120-001090588991412,已发货，待收货,1	,正常,2025-11-20 16:43:53,2025-11-21 16:43:53,,2025-11-20 20:53:09,	,823432069145	,云米吸尘器【长续航】,1789783831646	,生活电器,吸尘器,吸尘器,	,6923185611844	,6923185611844	,	,	,无售后或售后取消,,2025-11-20 16:43:53,	,,,,,,,否,否,	,否,	,,602.0	,0.0	,0.0	,3.0	,0.0	,0.0	,0.0	,0.0	,599.0	,602.0	,JDV024170613606,京东大件物流,广东省,深圳市,宝安区,,,否,否,	,	,	,否,	,	,	,	,	,	,	,	,	,	,	,	,否,否,	,否,否,,	,否,	,否,,,否
云米即热净水器厨房家用直饮RO反渗透加热净饮一体机1000G,251120-335020039823257,已收货,1	,正常,2025-11-20 16:34:43,2025-11-21 16:34:43,,2025-11-20 20:53:09,2025-11-24 15:32:18,364990106384	,即热直饮 1000G大通量,1455593712429	,厨房电器,净水器/净水设备及配件耗材,净水器,	,6923185651116	,6923185651116	,后返，送原装复合滤芯1根=已登记赠品 [viomi范范sk 11/24 16:12],	,无售后或售后取消,,2025-11-20 16:34:43,	,,,,,,,否,否,	,否,	,,1499.0	,0.0	,0.0	,0.0	,0.0	,0.0	,0.0	,0.0	,1499.0	,1499.0	,JDV024170421096,京东大件物流,甘肃省,兰州市,城关区,,,否,否,	,	,	,否,	,	,	,	,	,	,	,	,	,	,	,	,否,是,	,否,否,,	,否,	,否,,,否
VIOMI云米净水器大通量小海豚800G反渗透RO厨下式家用长效滤芯,251120-571243271783838,已收货,1	,正常,2025-11-20 16:34:20,2025-11-21 16:34:21,,2025-11-21 09:20:15,2025-11-27 13:27:52,837957770723	,800G大通量纯水机,1809123722986	,厨房电器,净水器/净水设备及配件耗材,净水器,	,6923185653974	,	,	,	,无售后或售后取消,,2025-11-20 16:34:21,	,,,,,,,否,否,	,否,	,,699.0	,0.0	,0.0	,97.86	,0.0	,0.0	,0.0	,0.0	,601.14	,699.0	,JDV024177779770,京东大件物流,安徽省,合肥市,经济技术开发区,,,否,否,	,	,	,否,	,	,	,	,	,	,	,	,	,	,	,	,否,否,	,否,否,,	,否,	,否,,,否
VIOMI云米净水器大通量小海豚800G反渗透RO厨下式家用长效滤芯,251120-596052569612192,已取消,1	,正常,	,	,,	,	,837957770723	,800G大通量纯水机,1809123722986	,厨房电器,净水器/净水设备及配件耗材,净水器,	,6923185653974	,	,	,	,无售后或售后取消,,	,	,,,,,,,否,否,	,否,	,,699.0	,0.0	,0.0	,83.88	,0.0	,0.0	,0.0	,0.0	,615.12	,699.0	,	,	,****,****,****,****,,否,否,	,	,	,否,	,	,	,	,	,	,	,	,	,	,	,	,否,否,	,否,	,,	,否,	,否,,,否
云米净水器滤芯小蓝调小海豚600G+专用复合滤芯RO反渗透滤芯过滤,251120-662972731820928,已收货，退款成功,1	,正常,2025-11-20 16:25:52,2025-11-21 16:25:52,,2025-11-20 20:53:10,2025-11-22 10:05:29,296967601341	,5in1复合滤芯 2年长效,1600193054565	,厨房电器,净水器/净水设备及配件耗材,净水器配件耗材,	,6923185627425	,	,补差后返到手价99==【补差】仅退款200 [viomi英英sk 11/22 12:49],	,退款成功,,2025-11-20 16:25:52,	,,,,,,,否,否,	,否,	,,299.0	,0.0	,0.0	,0.0	,0.0	,0.0	,0.0	,0.0	,299.0	,299.0	,JDV024170086116,京东大件物流,山东省,青岛市,市北区,,,否,否,	,	,	,否,	,	,	,	,	,	,	,	,	,	,	,	,否,否,	,否,否,,	,否,	,否,,,否
【重磅新品】云米净水器600G小海豚升级版厨下式RO反渗透直饮家用,251120-119705506220928,已收货,1	,正常,2025-11-20 16:25:28,2025-11-21 16:25:28,,2025-11-20 20:53:08,2025-11-21 22:58:42,225501370546	,小海豚600G,1813468330532	,厨房电器,净水器/净水设备及配件耗材,净水器,	,6923185653684	,6923185616399	,	,	,无售后或售后取消,,2025-11-20 16:25:28,	,,,,,,,否,否,	,否,	,,559.0	,0.0	,0.0	,33.54	,0.0	,0.0	,0.0	,0.0	,525.46	,559.0	,JDV024171222654,京东大件物流,山东省,青岛市,黄岛区,,,否,否,	,	,	,否,	,	,	,	,	,	,	,	,	,	,	,	,否,否,	,否,否,,	,否,	,否,,,否
【重磅新品】云米净水器600G小海豚升级版厨下式RO反渗透直饮家用,251120-421139659121500,已取消,1	,正常,	,	,,	,	,225501370546	,小海豚600G,1813468330532	,厨房电器,净水器/净水设备及配件耗材,净水器,	,6923185653684	,6923185616399	,	,	,无售后或售后取消,,	,	,,,,,,,否,否,	,否,	,,559.0	,0.0	,0.0	,0.0	,0.0	,0.0	,0.0	,0.0	,559.0	,559.0	,	,	,****,****,****,****,,否,否,	,	,	,否,	,	,	,	,	,	,	,	,	,	,	,	,否,否,	,否,	,,	,否,	,否,,,否
云米双腔大吸力手势控制智清洁油烟机聚能猛火灶安全烟灶联动套装,251120-242776829551907,已收货，退款成功,1	,正常,2025-11-20 16:19:04,2025-11-21 16:19:04,,2025-11-20 20:53:09,2025-11-23 14:47:44,848589244342	,"【烟灶套装】双腔劲吸烟机+5.0KW灶,天然气灶",1809146217030	,大家电,厨房大电,烟灶消套装,	,S2209231819001,	,补差后返到手价1099==【补差】平台已退200元 叶11.23,	,退款成功,,2025-11-20 16:19:04,	,,,,,,,否,否,	,否,	,,1299.0	,0.0	,0.0	,0.0	,2.59	,0.0	,0.0	,0.0	,1299.0	,1299.0	,JDV024170706575,京东大件物流,河北省,廊坊市,大城县,,,否,否,	,	,	,否,	,	,	,	,	,	,	,	,	,	,	,	,否,否,	,否,否,,	,否,	,否,,,否
【重磅新品】云米净水器600G小海豚升级版厨下式RO反渗透直饮家用,251120-595696033433472,已取消,1	,正常,	,	,,	,	,225501370546	,小海豚600G,1813468330532	,厨房电器,净水器/净水设备及配件耗材,净水器,	,6923185653684	,6923185616399	,	,	,无售后或售后取消,,	,	,,,,,,,否,否,	,否,	,,559.0	,0.0	,0.0	,0.0	,0.0	,0.0	,0.0	,0.0	,559.0	,559.0	,	,	,****,****,****,****,,否,否,	,	,	,否,	,	,	,	,	,	,	,	,	,	,	,	,否,否,	,否,	,,	,否,	,否,,,否
【重磅新品】云米净水器600G小海豚升级版厨下式RO反渗透直饮家用,251120-512743196290717,已发货，待收货,1	,正常,2025-11-20 15:59:03,2025-11-21 15:59:03,,2025-11-20 20:53:08,	,225501370546	,小海豚600G,1813468330532	,厨房电器,净水器/净水设备及配件耗材,净水器,	,6923185653684	,6923185616399	,18221183015安装 [viomi英英sk 11/22 12:41],	,无售后或售后取消,,2025-11-20 15:59:03,	,,,,,,,否,否,	,否,	,,559.0	,0.0	,0.0	,0.0	,0.0	,0.0	,0.0	,0.0	,559.0	,559.0	,JDV024171642943,京东大件物流,上海市,上海市,崇明区,,,否,否,	,	,	,否,	,	,	,	,	,	,	,	,	,	,	,	,否,否,	,否,否,,	,否,	,否,,,否
【小海豚1000G管线机套装】云米净水器家用厨下一键即热制冷直饮,251120-181246441910926,已取消,1	,正常,	,	,,	,	,246986456918	,【0陈水冷热2件套】1000G+管线机2E,1751903219858	,厨房电器,净水器/净水设备及配件耗材,净水器,	,S2503111808001,	,	,	,无售后或售后取消,,	,	,,,,,,,否,否,	,否,	,,2399.0	,0.0	,0.0	,0.0	,0.0	,0.0	,0.0	,0.0	,2399.0	,2399.0	,	,	,****,****,****,****,,否,否,	,	,	,否,	,	,	,	,	,	,	,	,	,	,	,	,否,否,	,否,	,,	,否,	,否,,,否
【母婴直饮】云米净水器 SE 600G+ 新升级厨下式RO反渗透直饮家用,251120-432390859100383,已取消,1	,正常,	,	,,	,	,819506595979	,【24年新品】600G升级版6年长效,1787046011387	,厨房电器,净水器/净水设备及配件耗材,净水器,	,6923185653684	,6923185616399	,	,	,无售后或售后取消,,	,	,,,,,,,否,否,	,否,	,,748.0	,0.0	,134.64	,74.8	,0.0	,0.0	,0.0	,0.0	,538.56	,613.36	,	,	,****,****,****,****,,否,否,	,	,	,否,	,	,	,	,	,	,	,	,	,	,	,	,否,否,	,否,	,,	,否,	,否,,,否
VIOMI云米净水器大通量小海豚800G反渗透RO厨下式家用长效滤芯,251120-530548016664063,已发货，待收货,1	,正常,2025-11-20 15:54:59,2025-11-21 15:55:00,,2025-11-20 20:53:10,	,850333437206	,竹炭复合商品滤芯,1810726753549	,厨房电器,净水器/净水设备及配件耗材,净水器,	,6923185654193	,	,补差后返到手价99,	,无售后或售后取消,,2025-11-20 15:55:00,	,,,,,,,否,否,	,否,	,,299.0	,0.0	,0.0	,0.0	,0.0	,0.0	,0.0	,0.0	,299.0	,299.0	,JDV024170339439,京东大件物流,浙江省,嘉兴市,南湖区,,,否,否,	,	,	,否,	,	,	,	,	,	,	,	,	,	,	,	,否,否,	,否,否,,	,否,	,否,,,否
VIOMI云米净水器大通量小海豚800G反渗透RO厨下式家用长效滤芯,251120-521393948184063,已发货，待收货,1	,正常,2025-11-20 15:54:21,2025-11-21 15:54:21,,2025-11-20 20:53:11,	,837957770723	,800G大通量纯水机,1809123722986	,厨房电器,净水器/净水设备及配件耗材,净水器,	,6923185653974	,	,	,	,无售后或售后取消,,2025-11-20 15:54:21,	,,,,,,,否,否,	,否,	,,699.0	,0.0	,0.0	,0.0	,0.0	,0.0	,0.0	,0.0	,699.0	,699.0	,JDV024170324220,京东大件物流,浙江省,嘉兴市,南湖区,,,否,否,	,	,	,否,	,	,	,	,	,	,	,	,	,	,	,	,否,否,	,否,否,,	,否,	,否,,,否
VIOMI云米净水器大通量小海豚800G反渗透RO厨下式家用长效滤芯,251120-469793554800627,已收货,1	,正常,2025-11-20 15:38:50,2025-11-21 15:38:50,,2025-11-20 20:53:08,2025-11-23 09:36:09,837957770723	,800G大通量纯水机,1809123722986	,厨房电器,净水器/净水设备及配件耗材,净水器,	,6923185653974	,	,	,	,无售后或售后取消,,2025-11-20 15:38:50,	,,,,,,,否,否,	,否,	,,699.0	,0.0	,0.0	,100.0	,0.0	,0.0	,0.0	,0.0	,599.0	,699.0	,JDV024171636159,京东大件物流,山东省,滨州市,滨城区,,,否,否,	,	,	,否,	,	,	,	,	,	,	,	,	,	,	,	,否,否,	,否,否,,	,否,	,否,,,否
云米净水器滤芯家用小海豚小蓝调小白龙系列专用RO反渗透,251120-500632185262553,已收货，退款成功,1	,正常,2025-11-20 15:28:05,2025-11-22 15:28:05,,2025-11-20 17:41:54,2025-11-21 16:52:52,232467205433	,5in1 复合滤芯,1647394585330	,厨房电器,净水器/净水设备及配件耗材,净水器配件耗材,	,6923185627425	,	,已退40 [viomi诺诺sk 11/21 16:55],	,退款成功,,2025-11-20 15:28:05,	,,,,,,,否,否,	,否,	,,149.0	,0.0	,0.0	,0.0	,0.0	,0.0	,0.0	,0.0	,149.0	,149.0	,JDV024168823593,京东大件物流,山东省,临沂市,兰山区,,,否,否,	,	,	,否,	,	,	,	,	,	,	,	,	,	,	,	,否,否,	,否,否,,	,否,	,否,,,否
【母婴直饮】云米净水器 SE 600G+ 新升级厨下式RO反渗透直饮家用,251120-519925983530216,已发货，待收货,1	,正常,2025-11-20 15:25:15,2025-11-21 15:25:15,,2025-11-20 20:53:08,	,819506595979	,【24年新品】600G升级版6年长效,1787046011387	,厨房电器,净水器/净水设备及配件耗材,净水器,	,6923185653684	,6923185616399	,	,	,无售后或售后取消,,2025-11-20 15:25:15,	,,,,,,,否,否,	,否,	,,748.0	,0.0	,136.8	,64.0	,0.0	,0.0	,0.0	,0.0	,547.2	,611.2	,JDV024171207883,京东大件物流,辽宁省,大连市,金州区,,,否,否,	,	,	,否,	,	,	,	,	,	,	,	,	,	,	,	,否,否,	,否,是,3	,商家,否,	,否,,信用卡分期,否
VIOMI云米净水器大通量小海豚800G反渗透RO厨下式家用长效滤芯,251120-266904542781284,已取消,1	,正常,	,	,,	,	,837957770723	,800G大通量纯水机,1809123722986	,厨房电器,净水器/净水设备及配件耗材,净水器,	,6923185653974	,	,	,	,无售后或售后取消,,	,	,,,,,,,否,否,	,否,	,,699.0	,0.0	,0.0	,100.0	,0.0	,0.0	,0.0	,0.0	,599.0	,699.0	,	,	,****,****,****,****,,否,否,	,	,	,否,	,	,	,	,	,	,	,	,	,	,	,	,否,否,	,否,	,,	,否,	,否,,,否
云米60升AI速热高温抑菌电热水器3000W一级节能变频增容家用租房,251120-571704645181226,已发货，待收货,1	,正常,2025-11-20 15:20:44,2025-11-21 15:20:44,,2025-11-20 17:42:19,	,226368376224	,3000W速热安全60L热水器,1737176648260	,大家电,热水器,电热水器,	,6923185602224	,6923185602224	,	,	,无售后或售后取消,,2025-11-20 15:20:44,	,,,,,,,否,否,	,否,	,,654.0	,0.0	,0.0	,0.0	,2.0	,0.0	,0.0	,0.0	,654.0	,654.0	,JDV024169167215,京东大件物流,云南省,昆明市,西山区,,,否,否,	,	,	,否,	,	,	,	,	,	,	,	,	,	,	,	,否,否,	,否,否,,	,否,	,否,,,否
云米60升AI速热高温抑菌电热水器3000W一级节能变频增容家用租房,251120-449409205821226,已取消,1	,正常,	,	,,	,	,226368376224	,3000W速热安全60L热水器,1737176648260	,大家电,热水器,电热水器,	,6923185602224	,6923185602224	,	,	,无售后或售后取消,,	,	,,,,,,,否,否,	,否,	,,654.0	,0.0	,0.0	,0.0	,0.0	,0.0	,0.0	,0.0	,654.0	,654.0	,	,	,****,****,****,****,,否,否,	,	,	,否,	,	,	,	,	,	,	,	,	,	,	,	,否,否,	,否,	,,	,否,	,否,,,否
云米净水器滤芯小蓝调小海豚600G+专用复合滤芯RO反渗透滤芯过滤,251120-551110602292318,已发货，待收货,1	,正常,2025-11-20 15:15:25,2025-11-21 15:15:25,,2025-11-20 17:41:54,	,296967601341	,5in1复合滤芯 2年长效,1600193054565	,厨房电器,净水器/净水设备及配件耗材,净水器配件耗材,	,6923185627425	,	,	,	,无售后或售后取消,,2025-11-20 15:15:25,	,,,,,,,否,否,	,否,	,,299.0	,0.0	,0.0	,0.0	,0.0	,0.0	,0.0	,0.0	,299.0	,299.0	,JDV024168388299,京东大件物流,辽宁省,锦州市,凌河区,,,否,否,	,	,	,否,	,	,	,	,	,	,	,	,	,	,	,	,否,否,	,否,否,,	,否,	,否,,,否
云米净水器滤芯家用小海豚小蓝调小白龙系列专用RO反渗透,251120-277610524203698,已发货，待收货,1	,正常,2025-11-20 15:14:21,2025-11-22 15:14:21,,2025-11-20 17:41:54,	,232467205433	,5in1 复合滤芯,1647394585330	,厨房电器,净水器/净水设备及配件耗材,净水器配件耗材,	,6923185627425	,	,	,	,无售后或售后取消,,2025-11-20 15:14:21,	,,,,,,,否,否,	,否,	,,149.0	,0.0	,0.0	,0.0	,0.0	,0.0	,0.0	,0.0	,149.0	,149.0	,JDV024169165145,京东大件物流,广东省,茂名市,信宜市,,,否,否,	,	,	,否,	,	,	,	,	,	,	,	,	,	,	,	,否,否,	,否,否,,	,否,	,否,,,否
云米顶侧大吸力蓝调油烟机家用厨房节能自清洁一级能效可挥手智控,251120-098230679900822,已发货，退款成功,1	,正常,2025-11-20 15:11:53,2025-11-21 15:11:53,,2025-11-20 20:53:09,	,657344402006	,云米智清洁挥手智控单烟机,1723825075586	,大家电,厨房大电,油烟机,	,6923185650973	,6923185650973	,ZX2511210063451待拦截11.21诚,	,退款成功,,2025-11-20 15:11:53,	,,,,,,,否,否,	,否,	,,839.0	,0.0	,48.0	,32.0	,0.0	,0.0	,0.0	,0.0	,759.0	,791.0	,JDV024171646957,京东大件物流,天津市,天津市,滨海新区,,,否,否,	,	,	,否,	,	,	,	,	,	,	,	,	,	,	,	,否,否,	,否,否,,	,否,	,否,,,否
云米顶侧大吸力蓝调油烟机家用厨房节能自清洁一级能效可挥手智控,251120-299997653340822,已取消,1	,正常,	,	,,	,	,657344402006	,云米智清洁挥手智控单烟机,1723825075586	,大家电,厨房大电,油烟机,	,6923185650973	,6923185650973	,	,	,无售后或售后取消,,	,	,,,,,,,否,否,	,否,	,,839.0	,0.0	,48.0	,32.0	,0.0	,0.0	,0.0	,0.0	,759.0	,791.0	,	,	,****,****,****,****,,否,否,	,	,	,否,	,	,	,	,	,	,	,	,	,	,	,	,否,否,	,否,	,,	,否,	,否,,,否
【母婴直饮】云米净水器 SE 600G+ 新升级厨下式RO反渗透直饮家用,251120-499835267431087,已收货,1	,正常,2025-11-20 15:01:10,2025-11-21 15:01:10,,2025-11-20 17:46:14,2025-11-23 21:40:39,819506595979	,【24年新品】600G升级版6年长效,1787046011387	,厨房电器,净水器/净水设备及配件耗材,净水器,	,6923185653684	,6923185616399	,18063475679安装+39.4差价已登记 [viomi英英sk 11/23 22:05]=超 [viomi莉莉sk 11/24 15:03],	,无售后或售后取消,,2025-11-20 15:01:10,	,,,,,,,否,否,	,否,	,,748.0	,0.0	,149.6	,0.0	,0.0	,0.0	,0.0	,0.0	,598.4	,598.4	,JDV024169118606,京东大件物流,广西壮族自治区,桂林市,灵川县,,,否,否,	,	,	,否,	,	,	,	,	,	,	,	,	,	,	,	,否,否,	,否,否,,	,否,	,否,,,否
【重磅新品】云米净水器600G小海豚升级版厨下式RO反渗透直饮家用,251120-234010734132318,已发货，待收货,1	,正常,2025-11-20 14:52:29,2025-11-21 14:52:29,,2025-11-20 20:53:10,	,225501370546	,小海豚600G,1813468330532	,厨房电器,净水器/净水设备及配件耗材,净水器,	,6923185653684	,6923185616399	,	,	,无售后或售后取消,,2025-11-20 14:52:29,	,,,,,,,否,否,	,否,	,,559.0	,0.0	,0.0	,0.0	,0.0	,0.0	,0.0	,0.0	,559.0	,559.0	,JDV024170088868,京东大件物流,辽宁省,锦州市,凌河区,,,否,否,	,	,	,否,	,	,	,	,	,	,	,	,	,	,	,	,否,否,	,否,否,,	,否,	,否,,,否
云米净水器滤芯家用小海豚小蓝调小白龙系列专用RO反渗透,251120-135559975342553,已取消,1	,正常,	,	,,	,	,232467205433	,5in1 复合滤芯,1647394585330	,厨房电器,净水器/净水设备及配件耗材,净水器配件耗材,	,6923185627425	,	,	,	,无售后或售后取消,,	,	,,,,,,,否,否,	,否,	,,149.0	,0.0	,0.0	,0.0	,0.0	,0.0	,0.0	,0.0	,149.0	,149.0	,	,	,****,****,****,****,,否,否,	,	,	,否,	,	,	,	,	,	,	,	,	,	,	,	,否,否,	,否,	,,	,否,	,否,,,否
【母婴直饮】云米净水器 SE 600G+ 新升级厨下式RO反渗透直饮家用,251120-193399375372075,已发货，待收货,1	,正常,2025-11-20 14:42:15,2025-11-21 14:42:15,,2025-11-20 20:53:09,	,819506595979	,【24年新品】600G升级版6年长效,1787046011387	,厨房电器,净水器/净水设备及配件耗材,净水器,	,6923185653684	,6923185616399	,	,	,无售后或售后取消,,2025-11-20 14:42:15,	,,,,,,,否,否,	,否,	,,748.0	,0.0	,134.64	,74.8	,0.0	,0.0	,0.0	,0.0	,538.56	,613.36	,JDV024170409647,京东大件物流,湖北省,武汉市,东西湖区,,,否,否,	,	,	,否,	,	,	,	,	,	,	,	,	,	,	,	,否,否,	,否,否,,	,否,	,否,,,否
【冷热直饮套装】云米净水器家用厨下管线机套装一键即热制冷直饮,251120-181456084511353,已收货,1	,正常,2025-11-20 14:38:28,2025-11-21 14:38:28,,2025-11-20 20:53:10,2025-11-23 14:10:01,480070620581	,【冷热净水直饮套装】新品净水器+冷热管线机,1620106386127	,厨房电器,净水器/净水设备及配件耗材,净水器,	,S2407170910001,	,	,	,无售后或售后取消,,2025-11-20 14:38:28,	,,,,,,,否,否,	,否,	,,1434.0	,0.0	,0.0	,58.0	,0.0	,0.0	,0.0	,0.0	,1376.0	,1434.0	,JDV024170347727,京东大件物流,广东省,中山市,小榄镇,,,否,否,	,	,	,否,	,	,	,	,	,	,	,	,	,	,	,	,否,否,	,否,否,,	,否,	,否,,,否
云米净水器滤芯小蓝调小海豚600G+专用复合滤芯RO反渗透滤芯过滤,251120-128870070583481,已收货，退款成功,1	,正常,2025-11-20 14:07:23,2025-11-21 14:07:23,,2025-11-20 17:41:55,2025-11-22 16:43:09,296967601341	,5in1复合滤芯 2年长效,1600193054565	,厨房电器,净水器/净水设备及配件耗材,净水器配件耗材,	,6923185627425	,	,补差后返到手99==已退200 [viomi诺诺sk 11/22 16:44],	,退款成功,,2025-11-20 14:07:23,	,,,,,,,否,否,	,否,	,,299.0	,0.0	,0.0	,0.0	,0.0	,0.0	,0.0	,0.0	,299.0	,299.0	,JDV024169153777,京东大件物流,广东省,广州市,海珠区,,,否,否,	,	,	,否,	,	,	,	,	,	,	,	,	,	,	,	,否,否,	,否,否,,	,否,	,否,,,否
【重磅新品】云米净水器600G小海豚升级版厨下式RO反渗透直饮家用,251120-466595397943481,已收货,1	,正常,2025-11-20 14:06:10,2025-11-21 14:06:10,,2025-11-20 20:53:11,2025-11-22 16:43:30,225501370546	,小海豚600G,1813468330532	,厨房电器,净水器/净水设备及配件耗材,净水器,	,6923185653684	,6923185616399	,	,	,无售后或售后取消,,2025-11-20 14:06:10,	,,,,,,,否,否,	,否,	,,559.0	,0.0	,0.0	,0.0	,0.0	,0.0	,0.0	,0.0	,559.0	,559.0	,JDV024169158808,京东大件物流,广东省,广州市,海珠区,,,否,否,	,	,	,否,	,	,	,	,	,	,	,	,	,	,	,	,否,否,	,否,否,,	,否,	,否,,,否
云米60升AI速热高温抑菌电热水器3000W一级节能变频增容家用租房,251120-506168624682497,已取消,1	,正常,	,	,,	,	,226368376224	,3000W速热安全60L热水器,1737176648260	,大家电,热水器,电热水器,	,6923185602224	,6923185602224	,	,	,无售后或售后取消,,	,	,,,,,,,否,否,	,否,	,,654.0	,0.0	,36.0	,24.0	,0.0	,0.0	,0.0	,0.0	,594.0	,618.0	,	,	,****,****,****,****,,否,否,	,	,	,否,	,	,	,	,	,	,	,	,	,	,	,	,否,否,	,否,	,,	,否,	,否,,,否
云米小厨宝6L电热水器厨房卫生间出水恒温储水式小型速热神器加热,251120-126898675251346,已收货,1	,正常,2025-11-20 13:52:54,2025-11-21 13:52:55,,2025-11-20 17:41:54,2025-11-21 17:12:18,208073193570	,热水即刻有-【6L】,1801828025682	,大家电,热水器,厨宝,	,6923185611233	,6923185611233	,	,	,无售后或售后取消,,2025-11-20 13:52:55,	,,,,,,,否,否,	,否,	,,280.0	,0.0	,0.0	,50.0	,0.0	,0.0	,0.0	,0.0	,230.0	,280.0	,JDV024168857810,京东大件物流,江苏省,扬州市,广陵区,,,否,否,	,	,	,否,	,	,	,	,	,	,	,	,	,	,	,	,否,否,	,否,否,,	,否,	,否,,,否
云米小厨宝6L电热水器厨房卫生间出水恒温储水式小型速热神器加热,251120-187590274672996,未发货，退款成功,1	,正常,2025-11-20 13:50:44,2025-11-21 13:50:45,,	,	,208073193570	,热水即刻有-【6L】,1801828025682	,大家电,热水器,厨宝,	,6923185611233	,6923185611233	,聚水潭已取消发货 已退款   叶11.20,	,退款成功,,2025-11-20 13:50:45,	,,,,,,,否,否,	,否,	,,280.0	,0.0	,12.0	,8.0	,0.2	,0.0	,0.0	,0.0	,260.0	,268.0	,	,	,云南省,曲靖市,富源县,,,否,否,	,	,	,否,	,	,	,	,	,	,	,	,	,	,	,	,否,否,	,否,否,,	,否,	,否,,,否
VIOMI云米净水器1000G厨下直饮小体积净水机RO机智显龙头3秒满杯,251120-305271990701208,已发货，待收货,2	,正常,2025-11-20 13:48:04,2025-11-21 13:48:05,,2025-11-20 17:41:54,	,309517106373	,复合滤芯,1803020722098	,厨房电器,净水器/净水设备及配件耗材,净水器,	,6923185653998	,	,到手价198元,	,无售后或售后取消,,2025-11-20 13:48:05,	,,,,,,,否,否,	,否,	,,598.0	,0.0	,59.8	,21.0	,0.0	,0.0	,0.0	,0.0	,517.2	,538.2	,JDV024169174790,京东大件物流,重庆市,重庆市,渝北区,,,否,否,	,	,	,否,	,	,	,	,	,	,	,	,	,	,	,	,否,否,	,否,否,,	,否,	,否,,,否
VIOMI云米净水器1000G厨下直饮小体积净水机RO机智显龙头3秒满杯,251120-005054185901208,已发货，待收货,1	,正常,2025-11-20 13:45:13,2025-11-21 13:45:13,,2025-11-20 17:46:14,	,842195971715	,1000G大通量RO净水器,1803617356458	,厨房电器,净水器/净水设备及配件耗材,净水器,	,6923185654247	,	,	,	,无售后或售后取消,,2025-11-20 13:45:13,	,,,,,,,否,否,	,否,	,,823.0	,0.0	,24.0	,0.0	,0.0	,0.0	,0.0	,0.0	,799.0	,799.0	,JDV024169147828,京东大件物流,重庆市,重庆市,渝北区,,,否,否,	,	,	,否,	,	,	,	,	,	,	,	,	,	,	,	,否,否,	,否,否,,	,否,	,否,,,否
【重磅新品】云米净水器600G小海豚升级版厨下式RO反渗透直饮家用,251120-409584289291866,待发货,1	,正常,2025-11-20 13:30:13,2026-02-22 13:30:13,,	,	,225501370546	,小海豚600G,1813468330532	,厨房电器,净水器/净水设备及配件耗材,净水器,	,6923185653684	,6923185616399	,已登记延迟 [viomi范范sk 11/20 13:35],延迟发货,无售后或售后取消,,2025-11-20 13:30:13,	,,,,,,,否,否,	,否,	,,559.0	,0.0	,0.0	,55.89	,0.0	,0.0	,0.0	,0.0	,503.11	,559.0	,	,	,黑龙江省,鹤岗市,南山区,,,否,否,	,	,	,否,	,	,	,	,	,	,	,	,	,	,	,	,否,否,	,否,否,,	,否,	,否,,,否
VIOMI云米净水器大通量小海豚800G反渗透RO厨下式家用长效滤芯,251120-255097639242214,已取消,1	,正常,	,	,,	,	,837957770723	,800G大通量纯水机,1809123722986	,厨房电器,净水器/净水设备及配件耗材,净水器,	,6923185653974	,	,	,	,无售后或售后取消,,	,	,,,,,,,否,否,	,否,	,,699.0	,0.0	,0.0	,100.0	,0.0	,0.0	,0.0	,0.0	,599.0	,699.0	,	,	,****,****,****,****,,否,否,	,	,	,否,	,	,	,	,	,	,	,	,	,	,	,	,否,否,	,否,	,,	,否,	,否,,,否
VIOMI云米净水器1000G厨下直饮小体积净水机RO机智显龙头3秒满杯,251120-042572265771337,已发货，待收货,1	,正常,2025-11-20 13:02:16,2025-11-21 13:02:16,,2025-11-20 17:46:14,	,842195971715	,1000G大通量RO净水器,1803617356458	,厨房电器,净水器/净水设备及配件耗材,净水器,	,6923185654247	,	,18636681703安装 [viomi慧慧sk 11/22 17:10],	,无售后或售后取消,,2025-11-20 13:02:16,	,,,,,,,否,否,	,否,	,,823.0	,0.0	,24.0	,0.0	,0.0	,0.0	,0.0	,0.0	,799.0	,799.0	,JDV024169147513,京东大件物流,山西省,太原市,万柏林区,,,否,否,	,	,	,否,	,	,	,	,	,	,	,	,	,	,	,	,否,否,	,否,否,,	,否,	,否,,,否
【重磅新品】云米净水器600G小海豚升级版厨下式RO反渗透直饮家用,251120-327533248873591,已收货,1	,正常,2025-11-20 12:59:18,2025-11-21 12:59:18,,2025-11-20 17:41:55,2025-11-27 08:56:55,225501370546	,小海豚600G,1813468330532	,厨房电器,净水器/净水设备及配件耗材,净水器,	,6923185653684	,6923185616399	,	,	,无售后或售后取消,,2025-11-20 12:59:18,	,,,,,,,否,否,	,否,	,,559.0	,0.0	,0.0	,0.0	,0.0	,0.0	,0.0	,0.0	,559.0	,559.0	,JDV024167830059,京东大件物流,天津市,天津市,河北区,,,否,否,	,	,	,否,	,	,	,	,	,	,	,	,	,	,	,	,否,否,	,否,否,,	,否,	,否,,,否
【重磅新品】云米净水器600G小海豚升级版厨下式RO反渗透直饮家用,251120-253933719991461,已发货，待收货,1	,正常,2025-11-20 12:57:46,2025-11-21 12:57:47,,2025-11-20 17:41:55,	,225501370546	,小海豚600G,1813468330532	,厨房电器,净水器/净水设备及配件耗材,净水器,	,6923185653684	,6923185616399	,	,	,无售后或售后取消,,2025-11-20 12:57:47,	,,,,,,,否,否,	,否,	,,559.0	,0.0	,0.0	,0.0	,1.12	,0.0	,0.0	,0.0	,559.0	,559.0	,JDV024167828401,京东大件物流,黑龙江省,哈尔滨市,香坊区,,,否,否,	,	,	,否,	,	,	,	,	,	,	,	,	,	,	,	,否,否,	,否,否,,	,否,	,否,,,否
云米60升AI速热高温抑菌电热水器3000W一级节能变频增容家用租房,251120-301664837193120,已发货，待收货,1	,正常,2025-11-20 12:45:05,2025-11-21 12:45:05,,2025-11-20 17:41:55,	,226368376224	,3000W速热安全60L热水器,1737176648260	,大家电,热水器,电热水器,	,6923185602224	,6923185602224	,15049007120安装 [viomi莉莉sk 11/24 10:39],	,无售后或售后取消,,2025-11-20 12:45:05,	,,,,,,,否,否,	,否,	,,654.0	,0.0	,0.0	,64.0	,1.86	,0.0	,0.0	,0.0	,590.0	,654.0	,JDV024169138612,京东大件物流,内蒙古自治区,呼伦贝尔市,海拉尔区,,,否,否,	,	,	,否,	,	,	,	,	,	,	,	,	,	,	,	,否,否,	,否,否,,	,否,	,否,,,否
云米净饮机X2系列滤芯X2mini mango复合滤芯5in1/6in1 RO反渗透,251120-624972347761801,已收货,1	,正常,2025-11-20 12:16:14,2025-11-22 12:16:15,2025-11-21 23:59:59,2025-11-20 17:41:56,2025-11-21 20:57:51,243153009643	,5in1复合滤芯,1647361685369	,厨房电器,净水器/净水设备及配件耗材,净水器配件耗材,	,6923185627425	,6923185614258	,	,	,无售后或售后取消,,2025-11-20 12:16:15,	,,,,,,,否,否,	,否,	,,149.0	,0.0	,0.0	,0.0	,0.19	,0.0	,0.0	,0.0	,149.0	,149.0	,JDV024166293640,京东大件物流,广东省,广州市,番禺区,,,否,否,	,	,	,否,	,	,	,	,	,	,	,	,	,	,	,	,否,否,	,否,否,,	,否,	,否,,,否
【重磅新品】云米净水器600G小海豚升级版厨下式RO反渗透直饮家用,251120-120313617940767,已收货,1	,正常,2025-11-20 12:10:01,2025-11-21 12:10:02,,2025-11-20 16:57:12,2025-11-25 13:30:50,225501370546	,小海豚600G,1813468330532	,厨房电器,净水器/净水设备及配件耗材,净水器,	,6923185653684	,6923185616399	,	,	,无售后或售后取消,,2025-11-20 12:10:02,	,,,,,,,否,否,	,否,	,,559.0	,0.0	,0.0	,5.0	,0.0	,0.0	,0.0	,0.0	,554.0	,559.0	,JDV024166124567,京东大件物流,天津市,天津市,津南区,,,否,否,	,	,	,否,	,	,	,	,	,	,	,	,	,	,	,	,否,否,	,否,否,,	,否,	,否,,,否
【重磅新品】云米净水器600G小海豚升级版厨下式RO反渗透直饮家用,251120-420877452840231,已取消,1	,正常,	,	,,	,	,225501370546	,小海豚600G,1813468330532	,厨房电器,净水器/净水设备及配件耗材,净水器,	,6923185653684	,6923185616399	,	,	,无售后或售后取消,,	,	,,,,,,,否,否,	,否,	,,559.0	,0.0	,0.0	,33.54	,0.0	,0.0	,0.0	,0.0	,525.46	,559.0	,	,	,****,****,****,****,,否,否,	,	,	,否,	,	,	,	,	,	,	,	,	,	,	,	,否,否,	,否,	,,	,否,	,否,,,否
VIOMI云米净水器大通量小海豚800G反渗透RO厨下式家用长效滤芯,251120-507898827093459,已收货，退款成功,2	,正常,2025-11-20 11:43:27,2025-11-21 11:43:27,,2025-11-20 17:41:55,2025-11-22 17:35:45,850333437206	,竹炭复合商品滤芯,1810726753549	,厨房电器,净水器/净水设备及配件耗材,净水器,	,6923185654193	,	,已退370 [viomi诺诺sk 11/22 21:40],	,退款成功,,2025-11-20 11:43:27,	,,,,,,,否,否,	,否,	,,598.0	,0.0	,29.9	,96.57	,0.0	,0.0	,0.0	,0.0	,471.53	,568.1	,JDV024166292182,京东大件物流,四川省,绵阳市,三台县,,,否,否,	,	,	,否,	,	,	,	,	,	,	,	,	,	,	,	,否,否,	,否,否,,	,否,	,否,,,否
【6年套装】云米净水器600G小海豚升级版厨下式RO反渗透直饮家用,251120-389965494584064,已取消,1	,正常,	,	,,	,	,852932116812	,小海豚600G+6年滤芯套装,1812983769340	,厨房电器,净水器/净水设备及配件耗材,净水器,	,S2508151538001,	,	,	,无售后或售后取消,,	,	,,,,,,,否,否,	,否,	,,764.28	,0.0	,0.0	,84.07	,0.0	,0.0	,0.0	,0.0	,680.21	,764.28	,	,	,****,****,****,****,,否,否,	,	,	,否,	,	,	,	,	,	,	,	,	,	,	,	,否,否,	,否,	,,	,否,	,否,,,否
【重磅新品】云米净水器600G小海豚升级版厨下式RO反渗透直饮家用,251120-230644836771482,已发货，待收货,1	,正常,2025-11-20 11:40:06,2025-11-21 11:40:06,,2025-11-20 16:57:12,	,225501370546	,小海豚600G,1813468330532	,厨房电器,净水器/净水设备及配件耗材,净水器,	,6923185653684	,6923185616399	,15939037059安装 [viomi英英sk 11/22 12:14],	,无售后或售后取消,,2025-11-20 11:40:06,	,,,,,,,否,否,	,否,	,,559.0	,0.0	,0.0	,0.0	,0.0	,0.0	,0.0	,0.0	,559.0	,559.0	,JDV024165947068,京东大件物流,河南省,郑州市,中牟县,,,否,否,	,	,	,否,	,	,	,	,	,	,	,	,	,	,	,	,否,否,	,否,是,3	,商家,否,	,否,,花呗分期,否
云米小厨宝6L电热水器厨房卫生间出水恒温储水式小型速热神器加热,251120-431226929571184,已发货，待收货,1	,正常,2025-11-20 11:36:37,2025-11-21 11:36:37,,2025-11-20 17:46:14,	,208073193570	,热水即刻有-【6L】,1801828025682	,大家电,热水器,厨宝,	,6923185611233	,6923185611233	,	,	,无售后或售后取消,,2025-11-20 11:36:37,	,,,,,,,否,否,	,否,	,,280.0	,0.0	,0.0	,50.0	,0.0	,0.0	,0.0	,0.0	,230.0	,280.0	,JDV024169131414,京东大件物流,陕西省,商洛市,洛南县,,,否,否,	,	,	,否,	,	,	,	,	,	,	,	,	,	,	,	,否,否,	,否,否,,	,否,	,否,,,否
【母婴直饮】云米净水器 SE 600G+ 新升级厨下式RO反渗透直饮家用,251120-112774418871336,已收货,1	,正常,2025-11-20 11:32:08,2025-11-21 11:32:08,2025-11-21 23:59:59,2025-11-20 17:46:15,2025-11-26 10:31:18,819506595979	,【24年新品】600G升级版6年长效,1787046011387	,厨房电器,净水器/净水设备及配件耗材,净水器,	,6923185653684	,6923185616399	,	,	,无售后或售后取消,,2025-11-20 11:32:08,	,,,,,,,否,否,	,否,	,,748.0	,0.0	,129.6	,100.0	,0.0	,0.0	,0.0	,0.0	,518.4	,618.4	,JDV024166294468,京东大件物流,广东省,珠海市,香洲区,,,否,否,	,	,	,否,	,	,	,	,	,	,	,	,	,	,	,	,否,否,	,否,是,3	,商家,否,	,否,,信用卡分期,否
【重磅新品】云米净水器600G小海豚升级版厨下式RO反渗透直饮家用,251120-442771782071336,未发货，退款成功,1	,正常,2025-11-20 11:30:58,2025-11-21 11:30:58,2025-11-21 23:59:59,	,	,225501370546	,小海豚600G,1813468330532	,厨房电器,净水器/净水设备及配件耗材,净水器,	,6923185653684	,6923185616399	,聚水潭已取消发货，仅退款  诚11.20,	,退款成功,,2025-11-20 11:30:58,	,,,,,,,否,否,	,否,	,,559.0	,0.0	,0.0	,0.0	,0.0	,0.0	,0.0	,0.0	,559.0	,559.0	,	,	,广东省,珠海市,香洲区,,,否,否,	,	,	,否,	,	,	,	,	,	,	,	,	,	,	,	,否,否,	,否,是,3	,商家,否,	,否,,信用卡分期,否
【重磅新品】云米净水器600G小海豚升级版厨下式RO反渗透直饮家用,251120-283587386880197,已收货,1	,正常,2025-11-20 11:28:29,2025-11-21 11:28:30,,2025-11-20 16:57:12,2025-11-24 21:31:08,225501370546	,小海豚600G,1813468330532	,厨房电器,净水器/净水设备及配件耗材,净水器,	,6923185653684	,6923185616399	,18533506662安装 [viomi慧慧sk 11/21 19:56],	,无售后或售后取消,,2025-11-20 11:28:30,	,,,,,,,否,否,	,否,	,,559.0	,0.0	,0.0	,0.0	,0.0	,0.0	,0.0	,0.0	,559.0	,559.0	,JDV024165966282,京东大件物流,河北省,秦皇岛市,海港区,,,否,否,	,	,	,否,	,	,	,	,	,	,	,	,	,	,	,	,否,否,	,否,否,,	,否,	,否,,,否
云米小厨宝6L电热水器厨房卫生间出水恒温储水式小型速热神器加热,251120-199229447681962,已取消,1	,正常,	,	,,	,	,208073193570	,热水即刻有-【6L】,1801828025682	,大家电,热水器,厨宝,	,6923185611233	,6923185611233	,	,	,无售后或售后取消,,	,	,,,,,,,否,否,	,否,	,,280.0	,0.0	,12.0	,8.0	,0.0	,0.0	,0.0	,0.0	,260.0	,268.0	,	,	,****,****,****,****,,否,否,	,	,	,否,	,	,	,	,	,	,	,	,	,	,	,	,否,否,	,否,	,,	,否,	,否,,,否
云米净水器滤芯家用小海豚小蓝调小白龙系列专用RO反渗透,251120-633046310542818,已收货，退款成功,1	,正常,2025-11-20 11:10:25,2025-11-22 11:10:25,2025-11-21 23:59:59,2025-11-20 15:17:36,2025-11-22 16:32:43,232467205433	,5in1 复合滤芯,1647394585330	,厨房电器,净水器/净水设备及配件耗材,净水器配件耗材,	,6923185627425	,	,补差后返到手价109===已退40 [viomi诺诺sk 11/22 22:24],	,退款成功,,2025-11-20 11:10:25,	,,,,,,,否,否,	,否,	,,149.0	,0.0	,0.0	,0.0	,0.13	,0.0	,0.0	,0.0	,149.0	,149.0	,JDV024163927494,京东大件物流,广东省,中山市,小榄镇,,,否,否,	,	,	,否,	,	,	,	,	,	,	,	,	,	,	,	,否,否,	,否,否,,	,否,	,否,,,否
云米小厨宝6L电热水器厨房卫生间出水恒温储水式小型速热神器加热,251120-036584886594028,已收货,1	,正常,2025-11-20 11:03:56,2025-11-21 11:03:56,,2025-11-20 15:17:36,2025-11-23 22:01:08,208073193570	,热水即刻有-【6L】,1801828025682	,大家电,热水器,厨宝,	,6923185611233	,6923185611233	,	,	,无售后或售后取消,,2025-11-20 11:03:56,	,,,,,,,否,否,	,否,	,,280.0	,0.0	,12.0	,8.0	,0.0	,0.0	,0.0	,0.0	,260.0	,268.0	,JDV024163896346,京东大件物流,河南省,南阳市,邓州市,,,否,否,	,	,	,否,	,	,	,	,	,	,	,	,	,	,	,	,否,否,	,否,否,,	,否,	,否,,,否
VIOMI云米净水器大通量小海豚800G反渗透RO厨下式家用长效滤芯,251120-478454802803319,已发货，退款成功,1	,正常,2025-11-20 10:55:04,2025-11-21 10:55:04,,2025-11-20 17:46:15,	,837957770723	,800G大通量纯水机,1809123722986	,厨房电器,净水器/净水设备及配件耗材,净水器,	,6923185653974	,	,拦截	ZX2511200065266,	,退款成功,,2025-11-20 10:55:04,	,,,,,,,否,否,	,否,	,,699.0	,0.0	,0.0	,69.9	,5.0	,0.0	,0.0	,0.0	,629.1	,699.0	,JDV024166328874,京东大件物流,广东省,江门市,新会区,,,否,否,	,	,	,否,	,	,	,	,	,	,	,	,	,	,	,	,否,否,	,否,否,,	,否,	,否,,,否
【母婴直饮】云米净水器 SE 600G+ 新升级厨下式RO反渗透直饮家用,251120-152263801193852,已发货，待收货,1	,正常,2025-11-20 10:52:23,2025-11-21 10:52:23,,2025-11-20 17:46:15,	,819506595979	,【24年新品】600G升级版6年长效,1787046011387	,厨房电器,净水器/净水设备及配件耗材,净水器,	,6923185653684	,6923185616399	,13407383883安装11.22 [viomi范范sk 11/22 11:20],	,无售后或售后取消,,2025-11-20 10:52:23,	,,,,,,,否,否,	,否,	,,748.0	,0.0	,142.12	,37.4	,0.0	,0.0	,0.0	,0.0	,568.48	,605.88	,JDV024166293774,京东大件物流,湖南省,娄底市,娄星区,,,否,否,	,	,	,否,	,	,	,	,	,	,	,	,	,	,	,	,否,否,	,否,否,,	,否,	,否,,,否
【母婴直饮】云米净水器 SE 600G+ 新升级厨下式RO反渗透直饮家用,251120-167824606792870,已取消,1	,正常,	,	,,	,	,819506595979	,【24年新品】600G升级版6年长效,1787046011387	,厨房电器,净水器/净水设备及配件耗材,净水器,	,6923185653684	,6923185616399	,	,	,无售后或售后取消,,	,	,,,,,,,否,否,	,否,	,,748.0	,0.0	,129.6	,100.0	,0.0	,0.0	,0.0	,0.0	,518.4	,618.4	,	,	,****,****,****,****,,否,否,	,	,	,否,	,	,	,	,	,	,	,	,	,	,	,	,否,否,	,否,	,,	,否,	,否,,,否
VIOMI云米净水器大通量小海豚800G反渗透RO厨下式家用长效滤芯,251120-224342842952870,已取消,1	,正常,	,	,,	,	,837957770723	,800G大通量纯水机,1809123722986	,厨房电器,净水器/净水设备及配件耗材,净水器,	,6923185653974	,	,	,	,无售后或售后取消,,	,	,,,,,,,否,否,	,否,	,,699.0	,0.0	,0.0	,100.0	,0.0	,0.0	,0.0	,0.0	,599.0	,699.0	,	,	,****,****,****,****,,否,否,	,	,	,否,	,	,	,	,	,	,	,	,	,	,	,	,否,否,	,否,	,,	,否,	,否,,,否
【6年套装】云米净水器600G小海豚升级版厨下式RO反渗透直饮家用,251120-475864830280276,已取消,1	,正常,	,	,,	,	,852932116812	,小海豚600G+6年滤芯套装,1812983769340	,厨房电器,净水器/净水设备及配件耗材,净水器,	,S2508151538001,	,	,	,无售后或售后取消,,	,	,,,,,,,否,否,	,否,	,,764.28	,0.0	,0.0	,100.0	,0.0	,0.0	,0.0	,0.0	,664.28	,764.28	,	,	,****,****,****,****,,否,否,	,	,	,否,	,	,	,	,	,	,	,	,	,	,	,	,否,否,	,否,	,,	,否,	,否,,,否
【重磅新品】云米净水器600G小海豚升级版厨下式RO反渗透直饮家用,251120-363583270472350,已收货,1	,正常,2025-11-20 10:47:50,2025-11-21 10:47:51,,2025-11-20 16:57:12,2025-11-24 15:47:53,225501370546	,小海豚600G,1813468330532	,厨房电器,净水器/净水设备及配件耗材,净水器,	,6923185653684	,6923185616399	,	,	,无售后或售后取消,,2025-11-20 10:47:51,	,,,,,,,否,否,	,否,	,,559.0	,0.0	,0.0	,0.0	,8.0	,0.0	,0.0	,0.0	,559.0	,559.0	,JDV024164979288,京东大件物流,山西省,阳泉市,矿区,,,否,否,	,	,	,否,	,	,	,	,	,	,	,	,	,	,	,	,否,否,	,否,否,,	,否,	,否,,,否
【6年套装】云米净水器600G小海豚升级版厨下式RO反渗透直饮家用,251120-531921703311518,已取消,1	,正常,	,	,,	,	,852932116812	,小海豚600G+6年滤芯套装,1812983769340	,厨房电器,净水器/净水设备及配件耗材,净水器,	,S2508151538001,	,	,	,无售后或售后取消,,	,	,,,,,,,否,否,	,否,	,,764.28	,0.0	,0.0	,84.07	,0.0	,0.0	,0.0	,0.0	,680.21	,764.28	,	,	,****,****,****,****,,否,否,	,	,	,否,	,	,	,	,	,	,	,	,	,	,	,	,否,否,	,否,	,,	,否,	,否,,,否
云米净水器滤芯小蓝调小海豚600G+专用复合滤芯RO反渗透滤芯过滤,251120-173036081562143,已收货，退款成功,1	,正常,2025-11-20 10:24:50,2025-11-21 10:24:51,,2025-11-20 15:17:37,2025-11-22 11:32:40,296967601341	,5in1复合滤芯 2年长效,1600193054565	,厨房电器,净水器/净水设备及配件耗材,净水器配件耗材,	,6923185627425	,	,200仅退款 [viomi范范sk 11/22 11:33],	,退款成功,,2025-11-20 10:24:51,	,,,,,,,否,否,	,否,	,,299.0	,0.0	,0.0	,0.0	,0.0	,0.0	,0.0	,0.0	,299.0	,299.0	,JDV024162735446,京东大件物流,山东省,济南市,槐荫区,,,否,否,	,	,	,否,	,	,	,	,	,	,	,	,	,	,	,	,否,否,	,否,否,,	,否,	,否,,,否
VIOMI云米净水器大通量小海豚800G反渗透RO厨下式家用长效滤芯,251120-659606761032870,已取消,1	,正常,	,	,,	,	,837957770723	,800G大通量纯水机,1809123722986	,厨房电器,净水器/净水设备及配件耗材,净水器,	,6923185653974	,	,	,	,无售后或售后取消,,	,	,,,,,,,否,否,	,否,	,,699.0	,0.0	,0.0	,100.0	,0.0	,0.0	,0.0	,0.0	,599.0	,699.0	,	,	,****,****,****,****,,否,否,	,	,	,否,	,	,	,	,	,	,	,	,	,	,	,	,否,否,	,否,	,,	,否,	,否,,,否
【6年套装】云米净水器600G小海豚升级版厨下式RO反渗透直饮家用,251120-534962573641472,已发货，待收货,1	,正常,2025-11-20 10:19:57,2025-11-21 10:19:57,,2025-11-20 15:17:36,	,852932116812	,小海豚600G+6年滤芯套装,1812983769340	,厨房电器,净水器/净水设备及配件耗材,净水器,	,S2508151538001,	,	,	,无售后或售后取消,,2025-11-20 10:19:57,	,,,,,,,否,否,	,否,	,,764.28	,0.0	,0.0	,2.98	,0.0	,0.0	,0.0	,0.0	,761.3	,764.28	,JDV024162799300,京东大件物流,广东省,云浮市,罗定市,,,否,否,	,	,	,否,	,	,	,	,	,	,	,	,	,	,	,	,否,否,	,否,否,,	,否,	,否,,,否
VIOMI云米净水器大通量小海豚800G反渗透RO厨下式家用长效滤芯,251120-020279488072870,已取消,1	,正常,	,	,,	,	,837957770723	,800G大通量纯水机,1809123722986	,厨房电器,净水器/净水设备及配件耗材,净水器,	,6923185653974	,	,	,	,无售后或售后取消,,	,	,,,,,,,否,否,	,否,	,,699.0	,0.0	,0.0	,100.0	,0.0	,0.0	,0.0	,0.0	,599.0	,699.0	,	,	,****,****,****,****,,否,否,	,	,	,否,	,	,	,	,	,	,	,	,	,	,	,	,否,否,	,否,	,,	,否,	,否,,,否
VIOMI云米净水器大通量小海豚800G反渗透RO厨下式家用长效滤芯,251120-143046797701733,已收货,1	,正常,2025-11-20 10:06:26,2025-11-21 10:06:26,,2025-11-20 17:46:15,2025-11-22 18:17:28,837957770723	,800G大通量纯水机,1809123722986	,厨房电器,净水器/净水设备及配件耗材,净水器,	,6923185653974	,	,	,	,无售后或售后取消,,2025-11-20 10:06:26,	,,,,,,,否,否,	,否,	,,699.0	,0.0	,0.0	,100.0	,0.0	,0.0	,0.0	,0.0	,599.0	,699.0	,JDV024166291291,京东大件物流,四川省,成都市,都江堰市,,,否,否,	,	,	,否,	,	,	,	,	,	,	,	,	,	,	,	,否,否,	,否,否,,	,否,	,否,,,否
云米60升AI速热高温抑菌电热水器3000W一级节能变频增容家用租房,251120-001237369232236,已发货，待收货,1	,正常,2025-11-20 10:03:02,2025-11-21 10:03:03,,2025-11-20 17:41:55,	,226368376224	,3000W速热安全60L热水器,1737176648260	,大家电,热水器,电热水器,	,6923185602224	,6923185602224	,18538298882安装 [viomi英英sk 11/24 21:53],	,无售后或售后取消,,2025-11-20 10:03:03,	,,,,,,,否,否,	,否,	,,654.0	,0.0	,36.0	,24.0	,0.0	,0.0	,0.0	,0.0	,594.0	,618.0	,JDV024166291768,京东大件物流,山西省,晋城市,城区,,,否,否,	,	,	,否,	,	,	,	,	,	,	,	,	,	,	,	,否,否,	,否,否,,	,否,	,否,,,否
云米顶侧大吸力蓝调油烟机家用厨房节能自清洁一级能效可挥手智控,251120-176622201180822,未发货，退款成功,1	,正常,2025-11-20 09:56:49,2025-11-21 09:56:49,,	,	,657344402006	,云米智清洁挥手智控单烟机,1723825075586	,大家电,厨房大电,油烟机,	,6923185650973	,6923185650973	,聚水潭已取消发货，仅退款  诚11.20,	,退款成功,,2025-11-20 09:56:49,	,,,,,,,否,否,	,否,	,,839.0	,0.0	,48.0	,32.0	,0.0	,0.0	,0.0	,0.0	,759.0	,791.0	,	,	,四川省,成都市,蒲江县,,,否,否,	,	,	,否,	,	,	,	,	,	,	,	,	,	,	,	,否,否,	,否,否,,	,否,	,否,,,否
云米顶侧大吸力蓝调油烟机家用厨房节能自清洁一级能效可挥手智控,251120-232993636700822,已取消,1	,正常,	,	,,	,	,657344402006	,云米智清洁挥手智控单烟机,1723825075586	,大家电,厨房大电,油烟机,	,6923185650973	,6923185650973	,	,	,无售后或售后取消,,	,	,,,,,,,否,否,	,否,	,,839.0	,0.0	,48.0	,32.0	,0.0	,0.0	,0.0	,0.0	,759.0	,791.0	,	,	,****,****,****,****,,否,否,	,	,	,否,	,	,	,	,	,	,	,	,	,	,	,	,否,否,	,否,	,,	,否,	,否,,,否
云米顶侧大吸力蓝调油烟机家用厨房节能自清洁一级能效可挥手智控,251120-348420893020822,未发货，退款成功,1	,正常,2025-11-20 09:54:55,2025-11-21 09:54:55,,	,	,657344402006	,云米智清洁挥手智控单烟机,1723825075586	,大家电,厨房大电,油烟机,	,6923185650973	,6923185650973	,聚水潭已取消发货，仅退款  诚11.20,	,退款成功,,2025-11-20 09:54:55,	,,,,,,,否,否,	,否,	,,839.0	,0.0	,48.0	,32.0	,0.0	,0.0	,0.0	,0.0	,759.0	,791.0	,	,	,天津市,天津市,滨海新区,,,否,否,	,	,	,否,	,	,	,	,	,	,	,	,	,	,	,	,否,否,	,否,否,,	,否,	,否,,,否
【母婴直饮】云米净水器 SE 600G+ 新升级厨下式RO反渗透直饮家用,251120-220588971673003,已取消,1	,正常,	,	,,	,	,819506595979	,【24年新品】600G升级版6年长效,1787046011387	,厨房电器,净水器/净水设备及配件耗材,净水器,	,6923185653684	,6923185616399	,	,	,无售后或售后取消,,	,	,,,,,,,否,否,	,否,	,,748.0	,0.0	,139.6	,50.0	,0.0	,0.0	,0.0	,0.0	,558.4	,608.4	,	,	,****,****,****,****,,否,否,	,	,	,否,	,	,	,	,	,	,	,	,	,	,	,	,否,否,	,否,	,,	,否,	,否,,,否
【母婴直饮】云米净水器 SE 600G+ 新升级厨下式RO反渗透直饮家用,251120-175835769180822,已发货，待收货,1	,正常,2025-11-20 09:54:13,2025-11-21 09:54:13,,2025-11-20 15:17:37,	,819506595979	,【24年新品】600G升级版6年长效,1787046011387	,厨房电器,净水器/净水设备及配件耗材,净水器,	,6923185653684	,6923185616399	,	,	,无售后或售后取消,,2025-11-20 09:54:13,	,,,,,,,否,否,	,否,	,,748.0	,0.0	,149.6	,0.0	,0.0	,0.0	,0.0	,0.0	,598.4	,598.4	,JDV024162778258,京东大件物流,四川省,成都市,蒲江县,,,否,否,	,	,	,否,	,	,	,	,	,	,	,	,	,	,	,	,否,否,	,否,否,,	,否,	,否,,,否
【母婴直饮】云米净水器 SE 600G+ 新升级厨下式RO反渗透直饮家用,251120-123815913820822,已取消,1	,正常,	,	,,	,	,819506595979	,【24年新品】600G升级版6年长效,1787046011387	,厨房电器,净水器/净水设备及配件耗材,净水器,	,6923185653684	,6923185616399	,	,	,无售后或售后取消,,	,	,,,,,,,否,否,	,否,	,,748.0	,0.0	,142.12	,37.4	,0.0	,0.0	,0.0	,0.0	,568.48	,605.88	,	,	,****,****,****,****,,否,否,	,	,	,否,	,	,	,	,	,	,	,	,	,	,	,	,否,否,	,否,	,,	,否,	,否,,,否
【6年套装】云米净水器600G小海豚升级版厨下式RO反渗透直饮家用,251120-010989125944064,已取消,1	,正常,	,	,,	,	,852932116812	,小海豚600G+6年滤芯套装,1812983769340	,厨房电器,净水器/净水设备及配件耗材,净水器,	,S2508151538001,	,	,	,无售后或售后取消,,	,	,,,,,,,否,否,	,否,	,,764.28	,0.0	,0.0	,50.0	,0.0	,0.0	,0.0	,0.0	,714.28	,764.28	,	,	,****,****,****,****,,否,否,	,	,	,否,	,	,	,	,	,	,	,	,	,	,	,	,否,否,	,否,	,,	,否,	,否,,,否
【重磅新品】云米净水器600G小海豚升级版厨下式RO反渗透直饮家用,251120-341877757522054,已取消,1	,正常,	,	,,	,	,225501370546	,小海豚600G,1813468330532	,厨房电器,净水器/净水设备及配件耗材,净水器,	,6923185653684	,6923185616399	,	,	,无售后或售后取消,,	,	,,,,,,,否,否,	,否,	,,559.0	,0.0	,0.0	,0.0	,0.0	,0.0	,0.0	,0.0	,559.0	,559.0	,	,	,****,****,****,****,,否,否,	,	,	,否,	,	,	,	,	,	,	,	,	,	,	,	,否,否,	,否,	,,	,否,	,否,,,否
【重磅新品】云米净水器600G小海豚升级版厨下式RO反渗透直饮家用,251120-279592312393102,已发货，待收货,1	,正常,2025-11-20 09:13:15,2025-11-21 09:13:15,,2025-11-20 17:46:15,	,225501370546	,小海豚600G,1813468330532	,厨房电器,净水器/净水设备及配件耗材,净水器,	,6923185653684	,6923185616399	,	,	,无售后或售后取消,,2025-11-20 09:13:15,	,,,,,,,否,否,	,否,	,,559.0	,0.0	,0.0	,33.54	,8.0	,0.0	,0.0	,0.0	,525.46	,559.0	,JDV024166291265,京东大件物流,浙江省,嘉兴市,桐乡市,,,否,否,	,	,	,否,	,	,	,	,	,	,	,	,	,	,	,	,否,否,	,否,否,,	,否,	,否,,,否
【6年套装】云米净水器600G小海豚升级版厨下式RO反渗透直饮家用,251120-155063478600276,已取消,1	,正常,	,	,,	,	,852932116812	,小海豚600G+6年滤芯套装,1812983769340	,厨房电器,净水器/净水设备及配件耗材,净水器,	,S2508151538001,	,	,	,无售后或售后取消,,	,	,,,,,,,否,否,	,否,	,,764.28	,0.0	,0.0	,100.0	,0.0	,0.0	,0.0	,0.0	,664.28	,764.28	,	,	,****,****,****,****,,否,否,	,	,	,否,	,	,	,	,	,	,	,	,	,	,	,	,否,否,	,否,	,,	,否,	,否,,,否
云米AI燃气热水器智控恒温防冻节能安全水质净化精准控温13L强排,251120-589394112080688,已发货，待收货,1	,正常,2025-11-20 08:58:33,2025-11-21 08:58:33,,2025-11-20 17:41:56,	,773161065181	,智控恒温燃气热水器,1755671371526	,大家电,热水器,燃气热水器,	,6923185655688	,6923185655688	,	,	,无售后或售后取消,,2025-11-20 08:58:33,	,,,,,,,否,否,	,否,	,,588.0	,0.0	,0.0	,50.0	,0.0	,0.0	,0.0	,0.0	,538.0	,588.0	,JDV024166328398,京东大件物流,河北省,沧州市,沧县,,,否,否,	,	,	,否,	,	,	,	,	,	,	,	,	,	,	,	,否,否,	,否,否,,	,否,	,否,,,否
【重磅新品】云米净水器600G小海豚升级版厨下式RO反渗透直饮家用,251120-620778023342868,已发货，待收货,1	,正常,2025-11-20 08:56:25,2025-11-21 08:56:25,,2025-11-20 15:17:36,	,225501370546	,小海豚600G,1813468330532	,厨房电器,净水器/净水设备及配件耗材,净水器,	,6923185653684	,6923185616399	,	,	,无售后或售后取消,,2025-11-20 08:56:25,	,,,,,,,否,否,	,否,	,,559.0	,0.0	,0.0	,0.0	,0.0	,0.0	,0.0	,0.0	,559.0	,559.0	,JDV024162821145,京东大件物流,辽宁省,葫芦岛市,绥中县,,,否,否,	,	,	,否,	,	,	,	,	,	,	,	,	,	,	,	,否,否,	,否,否,,	,否,	,否,,,否
云米小厨宝6L电热水器厨房卫生间出水恒温储水式小型速热神器加热,251120-332440563261715,已发货，退款成功,1	,正常,2025-11-20 08:52:45,2025-11-21 08:52:45,,2025-11-20 15:17:36,	,208073193570	,热水即刻有-【6L】,1801828025682	,大家电,热水器,厨宝,	,6923185611233	,6923185611233	,拦截ZX2511230062480  拦截成功 操作退款 11.25,	,退款成功,,2025-11-20 08:52:45,	,,,,,,,否,否,	,否,	,,280.0	,0.0	,0.0	,50.0	,0.2	,0.0	,0.0	,0.0	,230.0	,280.0	,JDV024165402714,京东大件物流,江苏省,南通市,海门区,,,否,否,	,	,	,否,	,	,	,	,	,	,	,	,	,	,	,	,否,否,	,否,否,,	,否,	,否,,,否
【重磅新品】云米净水器600G小海豚升级版厨下式RO反渗透直饮家用,251120-171599542701311,已发货，退款成功,1	,正常,2025-11-20 08:53:05,2025-11-21 08:53:06,,2025-11-20 16:57:12,	,852161740747	,小海豚600G+6年滤芯套装,1812658223669	,厨房电器,净水器/净水设备及配件耗材,净水器,	,S2508151538001,	,送tds检测笔 [viomi华华 11/20 08:56]==	ZX2511200065269拦截 [viomi诺诺sk 11/20 22:55],	,退款成功,,2025-11-20 08:53:06,	,,,,,,,否,否,	,否,	,,764.9	,0.0	,0.0	,50.0	,0.0	,0.0	,0.0	,0.0	,714.9	,764.9	,JDV024162665767,京东大件物流,山西省,晋城市,高平市,,,否,否,	,	,	,否,	,	,	,	,	,	,	,	,	,	,	,	,否,否,	,否,否,,	,否,	,否,,,否
"云米智能门锁霸王锁体适用eyeLink 2C,eLink 2Pro,eyeLink 2F",251120-606800463501885,已发货，待收货,1	,正常,2025-11-20 08:46:49,2025-11-22 08:46:49,,2025-11-20 15:17:37,	,264080849667	,霸王锁体（机械锁体）【适配咨询客服】,1812202409163	,基础建材,智能门锁/电子锁,智能门锁/电子锁,	,6923185622154	,6923185622154	,	,	,无售后或售后取消,,2025-11-20 08:46:49,	,,,,,,,否,否,	,否,	,,150.0	,0.0	,0.0	,30.0	,0.0	,0.0	,0.0	,0.0	,120.0	,150.0	,JDV024162740829,京东大件物流,贵州省,遵义市,播州区,,,否,否,	,	,	,否,	,	,	,	,	,	,	,	,	,	,	,	,否,否,	,否,否,,	,否,	,否,,,否
【重磅新品】云米净水器600G小海豚升级版厨下式RO反渗透直饮家用,251120-045634066032908,已发货，待收货,1	,正常,2025-11-20 08:44:58,2025-11-21 08:44:59,,2025-11-20 15:17:37,	,225501370546	,小海豚600G,1813468330532	,厨房电器,净水器/净水设备及配件耗材,净水器,	,6923185653684	,6923185616399	,	,	,无售后或售后取消,,2025-11-20 08:44:59,	,,,,,,,否,否,	,否,	,,559.0	,0.0	,0.0	,0.0	,0.0	,0.0	,0.0	,0.0	,559.0	,559.0	,JDV024162726562,京东大件物流,江苏省,苏州市,昆山市,,,否,否,	,	,	,否,	,	,	,	,	,	,	,	,	,	,	,	,否,否,	,否,否,,	,否,	,否,,,否
【重磅新品】云米净水器600G小海豚升级版厨下式RO反渗透直饮家用,251120-319134123630025,已发货，待收货,1	,正常,2025-11-20 08:23:05,2025-11-21 08:23:05,,2025-11-20 15:17:36,	,225501370546	,小海豚600G,1813468330532	,厨房电器,净水器/净水设备及配件耗材,净水器,	,6923185653684	,6923185616399	,	,	,无售后或售后取消,,2025-11-20 08:23:05,	,,,,,,,否,否,	,否,	,,559.0	,0.0	,0.0	,0.0	,3.0	,0.0	,0.0	,0.0	,559.0	,559.0	,JDV024162814421,京东大件物流,黑龙江省,鹤岗市,工农区,,,否,否,	,	,	,否,	,	,	,	,	,	,	,	,	,	,	,	,否,否,	,否,否,,	,否,	,否,,,否
【母婴直饮】云米净水器 SE 600G+ 新升级厨下式RO反渗透直饮家用,251120-654951063084079,未发货，退款成功,1	,正常,2025-11-20 08:22:58,2025-11-21 08:22:58,,	,	,819506595979	,【24年新品】600G升级版6年长效,1787046011387	,厨房电器,净水器/净水设备及配件耗材,净水器,	,6923185653684	,6923185616399	,聚水潭已取消发货，仅退款  诚11.20,	,退款成功,,2025-11-20 08:22:58,	,,,,,,,否,否,	,否,	,,748.0	,0.0	,129.6	,100.0	,0.0	,0.0	,0.0	,0.0	,518.4	,618.4	,	,	,青海省,西宁市,城中区,,,否,否,	,	,	,否,	,	,	,	,	,	,	,	,	,	,	,	,否,否,	,否,否,,	,否,	,否,,,否
【重磅新品】云米净水器600G小海豚升级版厨下式RO反渗透直饮家用,251120-010873782673656,未发货，退款成功,1	,正常,2025-11-20 08:11:32,2025-11-21 08:11:32,,	,	,225501370546	,小海豚600G,1813468330532	,厨房电器,净水器/净水设备及配件耗材,净水器,	,6923185653684	,6923185616399	,聚水潭已取消发货，仅退款  诚11.20,	,退款成功,,2025-11-20 08:11:32,	,,,,,,,否,否,	,否,	,,559.0	,0.0	,0.0	,0.0	,5.0	,0.0	,0.0	,0.0	,559.0	,559.0	,	,	,江苏省,连云港市,灌云县,,,否,否,	,	,	,否,	,	,	,	,	,	,	,	,	,	,	,	,否,否,	,否,否,,	,否,	,否,,,否
【6年套装】云米净水器600G小海豚升级版厨下式RO反渗透直饮家用,251120-531082780190484,未发货，退款成功,1	,正常,2025-11-20 07:45:02,2025-11-21 07:45:03,,	,	,852932116812	,小海豚600G+6年滤芯套装,1812983769340	,厨房电器,净水器/净水设备及配件耗材,净水器,	,S2508151538001,	,聚水潭已取消发货，仅退款  诚11.20,	,退款成功,,2025-11-20 07:45:03,	,,,,,,,否,否,	,否,	,,764.28	,0.0	,0.0	,100.0	,0.0	,0.0	,0.0	,0.0	,664.28	,764.28	,	,	,安徽省,芜湖市,鸠江区,,,否,否,	,	,	,否,	,	,	,	,	,	,	,	,	,	,	,	,否,否,	,否,否,,	,否,	,否,,,否
云米AI燃气热水器智控恒温防冻节能安全水质净化精准控温13L强排,251120-333080236320863,已发货，退款成功,1	,正常,2025-11-20 07:30:09,2025-11-21 07:30:10,,2025-11-20 15:17:37,	,773161065181	,智控恒温燃气热水器,1755671371526	,大家电,热水器,燃气热水器,	,6923185655688	,6923185655688	,拦截ZX2511220063154,	,退款成功,,2025-11-20 07:30:10,	,,,,,,,否,否,	,否,	,,588.0	,0.0	,0.0	,55.0	,0.0	,0.0	,0.0	,0.0	,533.0	,588.0	,JDV024162777852,京东大件物流,山东省,烟台市,福山区,,,否,否,	,	,	,否,	,	,	,	,	,	,	,	,	,	,	,	,否,否,	,否,否,,	,否,	,否,,,否
【6年套装】云米净水器600G小海豚升级版厨下式RO反渗透直饮家用,251120-222109386284079,已取消,1	,正常,	,	,,	,	,852932116812	,小海豚600G+6年滤芯套装,1812983769340	,厨房电器,净水器/净水设备及配件耗材,净水器,	,S2508151538001,	,	,	,无售后或售后取消,,	,	,,,,,,,否,否,	,否,	,,764.28	,0.0	,0.0	,0.0	,0.0	,0.0	,0.0	,0.0	,764.28	,764.28	,	,	,****,****,****,****,,否,否,	,	,	,否,	,	,	,	,	,	,	,	,	,	,	,	,否,否,	,否,	,,	,否,	,否,,,否
【6年套装】云米净水器600G小海豚升级版厨下式RO反渗透直饮家用,251120-055899625004079,待发货,1	,正常,2025-11-20 07:27:58,2025-12-02 07:27:58,,	,	,852932116812	,小海豚600G+6年滤芯套装,1812983769340	,厨房电器,净水器/净水设备及配件耗材,净水器,	,S2508151538001,	,	,	,无售后或售后取消,,2025-11-20 07:27:58,	,,,,,,,否,否,	,否,	,,764.28	,0.0	,0.0	,100.0	,0.0	,0.0	,0.0	,0.0	,664.28	,764.28	,	,	,青海省,西宁市,城中区,,,否,否,	,	,	,否,	,	,	,	,	,	,	,	,	,	,	,	,否,否,	,否,否,,	,否,	,否,,,否
云米AI燃气热水器智控恒温防冻节能安全水质净化精准控温13L强排,251120-168254564790605,未发货，退款成功,1	,正常,2025-11-20 07:22:41,2025-11-21 07:22:42,,	,	,773161065181	,智控恒温燃气热水器,1755671371526	,大家电,热水器,燃气热水器,	,6923185655688	,6923185655688	,聚水潭已取消发货，仅退款  诚11.20,	,退款成功,,2025-11-20 07:22:42,	,,,,,,,否,否,	,否,	,,588.0	,0.0	,0.0	,0.0	,0.0	,0.0	,0.0	,0.0	,588.0	,588.0	,	,	,广东省,中山市,坦洲镇,,,否,否,	,	,	,否,	,	,	,	,	,	,	,	,	,	,	,	,否,否,	,否,是,6	,消费者,否,	,否,,花呗分期,否
【6年套装】云米净水器600G小海豚升级版厨下式RO反渗透直饮家用,251120-252077740461797,已发货，退款成功,1	,正常,2025-11-20 07:20:35,2025-11-21 07:20:35,,2025-11-20 13:41:55,	,852932116812	,小海豚600G+6年滤芯套装,1812983769340	,厨房电器,净水器/净水设备及配件耗材,净水器,	,S2508151538001,	,已登记TDS检测笔 [viomi范范sk 11/24 20:13],	,退款成功,,2025-11-20 07:20:35,	,,,,,,,否,否,	,否,	,,764.28	,0.0	,0.0	,68.78	,5.0	,0.0	,0.0	,0.0	,695.5	,764.28	,JDV024161080815,京东大件物流,黑龙江省,牡丹江市,东宁市,,,否,否,	,	,	,否,	,	,	,	,	,	,	,	,	,	,	,	,否,否,	,否,否,,	,否,	,否,,,否
云米AI燃气热水器智控恒温防冻节能安全水质净化精准控温13L强排,251120-579285860701589,未发货，退款成功,1	,正常,2025-11-20 06:24:41,2025-11-21 06:24:41,2025-11-22 23:59:59,	,	,773161065181	,智控恒温燃气热水器,1755671371526	,大家电,热水器,燃气热水器,	,6923185655688	,6923185655688	,聚水潭已取消发货，仅退款  诚11.20,	,退款成功,,2025-11-20 06:24:41,	,,,,,,,否,否,	,否,	,,588.0	,0.0	,0.0	,29.4	,0.0	,0.0	,0.0	,0.0	,558.6	,588.0	,	,	,福建省,福州市,晋安区,,,否,否,	,	,	,否,	,	,	,	,	,	,	,	,	,	,	,	,否,否,	,否,否,,	,否,	,否,,,否
VIOMI云米净水器600G小蓝调厨下式RO反渗透直饮家用6年长效,251120-571641730580054,已取消,1	,正常,	,	,,	,	,850883552953	,RO反渗透除去重金属,1811278299045	,厨房电器,净水器/净水设备及配件耗材,净水器,	,6923185653592	,6923185653592	,	,	,无售后或售后取消,,	,	,,,,,,,否,否,	,否,	,,639.19	,0.0	,0.0	,100.0	,0.0	,0.0	,0.0	,0.0	,539.19	,639.19	,	,	,****,****,****,****,,否,否,	,	,	,否,	,	,	,	,	,	,	,	,	,	,	,	,否,否,	,否,	,,	,否,	,否,,,否
【重磅新品】云米净水器600G小海豚升级版厨下式RO反渗透直饮家用,251120-456308877692363,已收货,1	,正常,2025-11-20 06:20:48,2025-11-21 06:20:48,,2025-11-20 13:41:55,2025-11-24 14:54:23,225501370546	,小海豚600G,1813468330532	,厨房电器,净水器/净水设备及配件耗材,净水器,	,6923185653684	,6923185616399	,	,	,无售后或售后取消,,2025-11-20 06:20:48,	,,,,,,,否,否,	,否,	,,559.0	,0.0	,0.0	,33.54	,6.0	,0.0	,0.0	,0.0	,525.46	,559.0	,JDV024160336056,京东大件物流,山东省,潍坊市,诸城市,,,否,否,	,	,	,否,	,	,	,	,	,	,	,	,	,	,	,	,否,否,	,否,否,,	,否,	,否,,,否
云米净饮机X2系列滤芯X2mini mango复合滤芯5in1/6in1 RO反渗透,251120-478203134260344,已取消,1	,正常,	,	,,	,	,243153009643	,X2/X2 Pro RO反渗透滤芯,1360931817931	,厨房电器,净水器/净水设备及配件耗材,净水器配件耗材,	,6923185616177	,6923185614258	,	,	,无售后或售后取消,,	,	,,,,,,,否,否,	,否,	,,189.0	,0.0	,0.0	,37.8	,0.0	,0.0	,0.0	,0.0	,151.2	,189.0	,	,	,****,****,****,****,,否,否,	,	,	,否,	,	,	,	,	,	,	,	,	,	,	,	,否,否,	,否,	,,	,否,	,否,,,否
【重磅新品】云米净水器600G小海豚升级版厨下式RO反渗透直饮家用,251120-273217032571063,已收货,1	,正常,2025-11-20 01:38:47,2025-11-21 01:38:47,,2025-11-20 15:17:38,2025-11-21 13:19:40,852161740747	,小海豚600G+6年滤芯套装,1812658223669	,厨房电器,净水器/净水设备及配件耗材,净水器,	,S2508151538001,	,13709665912安装 [viomi英英sk 11/21 10:54]==检测笔已登记 [viomi英英sk 11/23 19:45],	,无售后或售后取消,,2025-11-20 01:38:47,	,,,,,,,否,否,	,否,	,,764.9	,0.0	,0.0	,100.0	,0.0	,0.0	,0.0	,0.0	,664.9	,764.9	,JDV024162770662,京东大件物流,广东省,佛山市,顺德区,,,否,否,	,	,	,否,	,	,	,	,	,	,	,	,	,	,	,	,否,否,	,否,否,,	,否,	,否,,,否
【重磅新品】云米净水器600G小海豚升级版厨下式RO反渗透直饮家用,251120-235887716731063,未发货，退款成功,1	,正常,2025-11-20 01:33:13,2025-11-21 01:33:13,,	,	,852161740747	,小海豚600G+6年滤芯套装,1812658223669	,厨房电器,净水器/净水设备及配件耗材,净水器,	,S2508151538001,	,聚水潭已取消发货，仅退款  诚11.20,	,退款成功,,2025-11-20 01:33:13,	,,,,,,,否,否,	,否,	,,764.9	,0.0	,0.0	,100.0	,0.0	,0.0	,0.0	,0.0	,664.9	,764.9	,	,	,广东省,佛山市,顺德区,,,否,否,	,	,	,否,	,	,	,	,	,	,	,	,	,	,	,	,否,否,	,否,否,,	,否,	,否,,,否
【6年套装】云米净水器600G小海豚升级版厨下式RO反渗透直饮家用,251120-520733355560749,已发货，待收货,1	,正常,2025-11-20 01:28:49,2025-11-21 01:28:49,2025-11-22 23:59:59,2025-11-20 09:56:48,	,852932116812	,小海豚600G+6年滤芯套装,1812983769340	,厨房电器,净水器/净水设备及配件耗材,净水器,	,S2508151538001,	,18852310012维修11.27 [viomi范范sk 11/27 09:53],	,无售后或售后取消,,2025-11-20 01:28:49,	,,,,,,,否,否,	,否,	,,764.28	,0.0	,0.0	,100.0	,0.0	,0.0	,0.0	,0.0	,664.28	,764.28	,JDV024160227328,京东大件物流,江苏省,淮安市,盱眙县,,,否,否,	,	,	,否,	,	,	,	,	,	,	,	,	,	,	,	,否,否,	,否,否,,	,否,	,否,,,否
【重磅新品】云米净水器600G小海豚升级版厨下式RO反渗透直饮家用,251120-418025378182709,已取消,1	,正常,	,	,,	,	,225501370546	,小海豚600G,1813468330532	,厨房电器,净水器/净水设备及配件耗材,净水器,	,6923185653684	,6923185616399	,	,	,无售后或售后取消,,	,	,,,,,,,否,否,	,否,	,,559.0	,0.0	,0.0	,0.0	,0.0	,0.0	,0.0	,0.0	,559.0	,559.0	,	,	,****,****,****,****,,否,否,	,	,	,否,	,	,	,	,	,	,	,	,	,	,	,	,否,否,	,否,	,,	,否,	,否,,,否
【母婴直饮】云米净水器 SE 600G+ 新升级厨下式RO反渗透直饮家用,251120-149873027363554,已发货，待收货,1	,正常,2025-11-20 00:34:29,2025-11-21 00:34:29,,2025-11-20 13:41:55,	,819506595979	,【24年新品】600G升级版6年长效,1787046011387	,厨房电器,净水器/净水设备及配件耗材,净水器,	,6923185653684	,6923185616399	,	,	,无售后或售后取消,,2025-11-20 00:34:29,	,,,,,,,否,否,	,否,	,,748.0	,0.0	,129.6	,100.0	,0.0	,0.0	,0.0	,0.0	,518.4	,618.4	,JDV024160225562,京东大件物流,山东省,东营市,东营区,,,否,否,	,	,	,否,	,	,	,	,	,	,	,	,	,	,	,	,否,否,	,否,否,,	,否,	,否,,,否
VIOMI云米净水器大通量小海豚800G反渗透RO厨下式家用长效滤芯,251120-252759252622274,已收货,1	,正常,2025-11-20 00:29:19,2025-11-21 00:29:19,2025-11-22 23:59:59,2025-11-20 15:17:37,2025-11-22 23:55:07,837957770723	,800G大通量纯水机,1809123722986	,厨房电器,净水器/净水设备及配件耗材,净水器,	,6923185653974	,	,17755761337安装 [viomi英英sk 11/22 11:25],	,售后处理中,,2025-11-20 00:29:19,	,,,,,,,否,否,	,否,	,,759.0	,0.0	,0.0	,100.0	,1.31	,0.0	,0.0	,0.0	,659.0	,759.0	,JDV024162703020,京东大件物流,安徽省,宿州市,埇桥区,,,否,否,	,	,	,否,	,	,	,	,	,	,	,	,	,	,	,	,否,否,	,否,否,,	,否,	,否,,,否
云米60升AI速热高温抑菌电热水器3000W一级节能变频增容家用租房,251120-337693981112408,已取消,1	,正常,	,	,,	,	,226368376224	,3000W速热安全60L热水器,1737176648260	,大家电,热水器,电热水器,	,6923185602224	,6923185602224	,	,	,无售后或售后取消,,	,	,,,,,,,否,否,	,否,	,,654.0	,0.0	,36.0	,24.0	,0.0	,0.0	,0.0	,0.0	,594.0	,618.0	,	,	,****,****,****,****,,否,否,	,	,	,否,	,	,	,	,	,	,	,	,	,	,	,	,否,否,	,否,	,,	,否,	,否,,,否
VIOMI云米净水器1000G厨下直饮小体积净水机RO机智显龙头3秒满杯,251120-326547618171564,已收货,1	,正常,2025-11-20 00:24:22,2025-11-21 00:24:22,,2025-11-20 15:17:38,2025-11-23 10:42:09,842195971715	,1000G大通量RO净水器,1803617356458	,厨房电器,净水器/净水设备及配件耗材,净水器,	,6923185654247	,	,	,	,无售后或售后取消,,2025-11-20 00:24:22,	,,,,,,,否,否,	,否,	,,823.0	,0.0	,24.0	,0.0	,0.0	,0.0	,0.0	,0.0	,799.0	,799.0	,JDV024162738748,京东大件物流,河南省,郑州市,管城回族区,,,否,否,	,	,	,否,	,	,	,	,	,	,	,	,	,	,	,	,否,否,	,否,否,,	,否,	,否,,,否
【6年套装】云米净水器600G小海豚升级版厨下式RO反渗透直饮家用,251120-122945574471885,已发货，待收货,1	,正常,2025-11-20 00:18:51,2025-11-21 00:18:52,,2025-11-20 09:55:27,	,852932116812	,小海豚600G+6年滤芯套装,1812983769340	,厨房电器,净水器/净水设备及配件耗材,净水器,	,S2508151538001,	,	,	,无售后或售后取消,,2025-11-20 00:18:52,	,,,,,,,否,否,	,否,	,,764.28	,0.0	,0.0	,100.0	,1.32	,0.0	,0.0	,0.0	,664.28	,764.28	,JDV024160202425,京东大件物流,宁夏回族自治区,银川市,金凤区,,,否,否,	,	,	,否,	,	,	,	,	,	,	,	,	,	,	,	,否,否,	,否,否,,	,否,	,否,,,否
云米F3 1000G尼莫蓝/S2/Q5/X2系列净水器净饮机滤芯家用通用系列,251120-353600858472707,已发货，待收货,1	,正常,2025-11-20 00:01:54,2025-11-22 00:01:54,,2025-11-20 13:41:55,	,291141614396	,F3 5合1（更多适用型号见图）,1360766685918	,厨房电器,净水器/净水设备及配件耗材,净水器配件耗材,	,6923185614258	,	,	,	,无售后或售后取消,,2025-11-20 00:01:54,	,,,,,,,否,否,	,否,	,,156.0	,0.0	,0.0	,0.0	,0.0	,0.0	,0.0	,0.0	,156.0	,156.0	,JDV024160372614,京东大件物流,北京市,北京市,石景山区,,,否,否,	,	,	,否,	,	,	,	,	,	,	,	,	,	,	,	,否,否,	,否,否,,	,否,	,否,,,否