商品,订单号,订单状态,商品数量(件),是否审核中,支付时间,承诺发货时间,承诺送达时间,发货时间,确认收货时间,商品id,商品规格,样式ID,商品一级类目,商品二级类目,商品三级类目,商品四级类目,商家编码-规格维度,商家编码-商品维度,商家备注,买家留言,售后状态,消费者资料,订单成交时间,消费者资料上传时间,赠品名称,赠品id,赠品规格,赠品数量,团ID,团身份,是否已开始配送,配送员是否已送达,配送状态,同城是否普通快递,集运类型,赠品订单号,商品总价(元),邮费(元),店铺优惠折扣(元),平台优惠折扣(元),多多支付立减金额(元),上门安装费(元),送货入户费(元),送货入户并安装费(元),用户实付金额(元),商家实收金额(元),快递单号,快递公司,省,市,区,街道/镇,配送员手机号,是否抽奖或0元试用,是否顺丰加价,用户购买手机号,旅行类信息,充值号码,是否门店自提,门店名称,门店自定义编码,关联货品编码,货品名称,货品类型,子货品,仓库名称,仓库所在地址,海淘清关订单号,支付ID,支付方式,保税仓,是否直播间成交,是否直播间引导成交,预约配送时间,是否节能补贴,是否分期,分期期数,手续费承担方,是否无痕发货,订单来源,是否社区团购,小区送达情况,分期方式,是否已上传证件照片
【重磅新品】云米净水器600G小海豚升级版厨下式RO反渗透直饮家用,251111-545490245152336,已发货，待收货,1	,正常,2025-11-12 00:00:08,2025-11-13 00:00:08,2025-11-14 23:59:59,2025-11-12 13:00:31,	,225501370546	,【24年新品】600G升级版6年长效,1600502140541	,厨房电器,净水器/净水设备及配件耗材,净水器,	,6923185653684	,6923185616399	,	,	,无售后或售后取消,,2025-11-12 00:00:08,	,,,,,,,否,否,	,否,	,,559.0	,0.0	,10.0	,0.0	,0.0	,0.0	,0.0	,0.0	,549.0	,549.0	,JDV024017332078,京东大件物流,广东省,江门市,蓬江区,,,否,否,	,	,	,否,	,	,	,	,	,	,	,	,	,	,	,	,否,否,	,否,否,,	,否,	,否,,,否
【重磅新品】云米净水器600G小海豚升级版厨下式RO反渗透直饮家用,251111-622948554280050,已发货，待收货,1	,正常,2025-11-12 00:01:43,2025-11-13 00:01:43,,2025-11-12 11:27:39,	,225501370546	,【24年新品】600G升级版6年长效,1600502140541	,厨房电器,净水器/净水设备及配件耗材,净水器,	,6923185653684	,6923185616399	,	,	,无售后或售后取消,,2025-11-12 00:01:43,	,,,,,,,否,否,	,否,	,,559.0	,0.0	,10.0	,54.9	,0.0	,0.0	,0.0	,0.0	,494.1	,549.0	,JDV024017386957,京东大件物流,湖北省,省直辖县级行政区划,天门市,,,否,否,	,	,	,否,	,	,	,	,	,	,	,	,	,	,	,	,否,否,	,否,否,,	,否,	,否,,,否
云米蓝调2双胆电热水器60L超短超薄速热增容大水量3000W杀菌安全,251111-578226787940352,已发货，待收货,1	,正常,2025-11-11 23:59:47,2025-11-12 23:59:47,,2025-11-12 11:27:39,	,846212481564	,超薄超短电热水器60L,1807140932949	,大家电,热水器,电热水器,	,6923185657057	,6923185657057	,	,	,无售后或售后取消,,2025-11-11 23:59:47,	,,,,,,,否,否,	,否,	,,882.0	,0.0	,0.0	,64.0	,0.2	,0.0	,0.0	,0.0	,818.0	,882.0	,JDV024017332033,京东大件物流,江苏省,徐州市,鼓楼区,,,否,否,	,	,	,否,	,	,	,	,	,	,	,	,	,	,	,	,否,否,	,否,否,,	,否,	,否,,,否
【重磅新品】云米净水器600G小海豚升级版厨下式RO反渗透直饮家用,251111-104354363700392,已取消,1	,正常,	,	,,	,	,225501370546	,【24年新品】600G升级版6年长效,1600502140541	,厨房电器,净水器/净水设备及配件耗材,净水器,	,6923185653684	,6923185616399	,	,	,无售后或售后取消,,	,	,,,,,,,否,否,	,否,	,,559.0	,0.0	,0.0	,5.0	,0.0	,0.0	,0.0	,0.0	,554.0	,559.0	,	,	,****,****,****,****,,否,否,	,	,	,否,	,	,	,	,	,	,	,	,	,	,	,	,否,否,	,否,	,,	,否,	,否,,,否
【重磅新品】云米净水器600G小海豚升级版厨下式RO反渗透直饮家用,251111-582987333983761,未发货，退款成功,1	,正常,2025-11-11 23:59:56,2025-11-12 23:59:56,,	,	,225501370546	,【24年新品】600G升级版6年长效,1600502140541	,厨房电器,净水器/净水设备及配件耗材,净水器,	,6923185653684	,6923185616399	,聚水潭已取消发货，仅退款  诚11.12,	,退款成功,,2025-11-11 23:59:56,	,,,,,,,否,否,	,否,	,,559.0	,0.0	,10.0	,0.0	,0.0	,0.0	,0.0	,0.0	,549.0	,549.0	,	,	,江西省,鹰潭市,贵溪市,,,否,否,	,	,	,否,	,	,	,	,	,	,	,	,	,	,	,	,否,否,	,否,否,,	,否,	,否,,,否
【重磅新品】云米净水器600G小海豚升级版厨下式RO反渗透直饮家用,251111-543980327220392,已取消,1	,正常,	,	,,	,	,225501370546	,【24年新品】600G升级版6年长效,1600502140541	,厨房电器,净水器/净水设备及配件耗材,净水器,	,6923185653684	,6923185616399	,	,	,无售后或售后取消,,	,	,,,,,,,否,否,	,否,	,,559.0	,0.0	,10.0	,50.0	,0.0	,0.0	,0.0	,0.0	,499.0	,549.0	,	,	,****,****,****,****,,否,否,	,	,	,否,	,	,	,	,	,	,	,	,	,	,	,	,否,否,	,否,	,,	,否,	,否,,,否
【重磅新品】云米净水器600G小海豚升级版厨下式RO反渗透直饮家用,251111-237355701823420,未发货，退款成功,1	,正常,2025-11-11 23:59:28,2025-11-12 23:59:28,,	,	,225501370546	,【24年新品】600G升级版6年长效,1600502140541	,厨房电器,净水器/净水设备及配件耗材,净水器,	,6923185653684	,6923185616399	,聚水潭已取消发货，仅退款  诚11.12,	,退款成功,,2025-11-11 23:59:28,	,,,,,,,否,否,	,否,	,,559.0	,0.0	,10.0	,0.0	,0.0	,0.0	,0.0	,0.0	,549.0	,549.0	,	,	,重庆市,重庆市,璧山区,,,否,否,	,	,	,否,	,	,	,	,	,	,	,	,	,	,	,	,否,否,	,否,否,,	,否,	,否,,,否
云米智能AI门锁3D指纹密码蓝牙可连大容量续航家用公寓自动安全,251111-517661079930465,未发货，退款成功,1	,正常,2025-11-12 00:02:27,2025-11-13 00:02:27,,	,	,743885774552	,"云米蓝调指纹密码锁LBT11C,黑色",1734954999916	,基础建材,智能门锁/电子锁,智能门锁/电子锁,	,6923185655381	,6923185655381	,已挂起锁定 无需发货  已退款成功  11.12,	,退款成功,,2025-11-12 00:02:27,	,,,,,,,否,否,	,否,	,,661.0	,0.0	,40.0	,100.0	,5.21	,0.0	,0.0	,0.0	,521.0	,621.0	,	,	,江苏省,南京市,浦口区,,,否,否,	,	,	,否,	,	,	,	,	,	,	,	,	,	,	,	,是,是,	,否,否,,	,否,	,否,,,否
【重磅新品】云米净水器600G小海豚升级版厨下式RO反渗透直饮家用,251111-428511138101200,已发货，待收货,1	,正常,2025-11-11 23:59:07,2025-11-12 23:59:07,,2025-11-12 13:00:32,	,225501370546	,【24年新品】600G升级版6年长效,1600502140541	,厨房电器,净水器/净水设备及配件耗材,净水器,	,6923185653684	,6923185616399	,	,	,无售后或售后取消,,2025-11-11 23:59:07,	,,,,,,,否,否,	,否,	,,559.0	,0.0	,10.0	,0.0	,1.09	,0.0	,0.0	,0.0	,549.0	,549.0	,JDV024017331896,京东大件物流,海南省,海口市,秀英区,,,否,否,	,	,	,否,	,	,	,	,	,	,	,	,	,	,	,	,否,否,	,否,否,,	,否,	,否,,,否
云米60升AI速热高温抑菌电热水器3000W一级节能变频增容家用租房,251111-009091192471291,未发货，退款成功,1	,正常,2025-11-11 23:59:07,2025-11-12 23:59:07,,	,	,226368376224	,3000W速热安全60L热水器,1737176648260	,大家电,热水器,电热水器,	,6923185602224	,6923185602224	,聚水潭已取消发货，仅退款  诚11.12,	,退款成功,,2025-11-11 23:59:07,	,,,,,,,否,否,	,否,	,,610.0	,0.0	,0.0	,0.0	,0.0	,0.0	,0.0	,0.0	,610.0	,610.0	,	,	,广东省,广州市,荔湾区,,,否,否,	,	,	,否,	,	,	,	,	,	,	,	,	,	,	,	,否,否,	,否,否,,	,否,	,否,,,否
【重磅新品】云米净水器600G小海豚升级版厨下式RO反渗透直饮家用,251111-678407718493852,已发货，待收货,1	,正常,2025-11-11 23:58:23,2025-11-12 23:58:23,,2025-11-12 11:27:37,	,225501370546	,【24年新品】600G升级版6年长效,1600502140541	,厨房电器,净水器/净水设备及配件耗材,净水器,	,6923185653684	,6923185616399	,	,	,无售后或售后取消,,2025-11-11 23:58:23,	,,,,,,,否,否,	,否,	,,559.0	,0.0	,10.0	,54.9	,0.0	,0.0	,0.0	,0.0	,494.1	,549.0	,JDV024017365925,京东大件物流,山东省,泰安市,东平县,,,否,否,	,	,	,否,	,	,	,	,	,	,	,	,	,	,	,	,否,是,	,否,否,,	,否,	,否,,,否
VIOMI云米净水器大通量小海豚800G反渗透RO厨下式家用长效滤芯,251111-300071001663420,未发货，退款成功,1	,正常,2025-11-11 23:58:26,2025-11-12 23:58:26,,	,	,837957770723	,800G大通量纯水机,1809123722986	,厨房电器,净水器/净水设备及配件耗材,净水器配件耗材,	,6923185653974	,	,聚水潭已取消发货，仅退款  诚11.12,	,退款成功,,2025-11-11 23:58:26,	,,,,,,,否,否,	,否,	,,882.9	,0.0	,177.0	,0.0	,0.0	,0.0	,0.0	,0.0	,705.9	,705.9	,	,	,重庆市,重庆市,璧山区,,,否,否,	,	,	,否,	,	,	,	,	,	,	,	,	,	,	,	,否,否,	,否,否,,	,否,	,否,,,否
【重磅新品】云米净水器600G小海豚升级版厨下式RO反渗透直饮家用,251111-561543965081766,待发货,1	,正常,2025-11-11 23:58:15,2025-11-20 23:58:16,,	,	,225501370546	,【24年新品】600G升级版6年长效,1600502140541	,厨房电器,净水器/净水设备及配件耗材,净水器,	,6923185653684	,6923185616399	,延迟发货已登 [viomi莉莉sk 11/12 09:37],	,无售后或售后取消,,2025-11-11 23:58:16,	,,,,,,,否,否,	,否,	,,559.0	,0.0	,10.0	,0.0	,0.0	,0.0	,0.0	,0.0	,549.0	,549.0	,	,	,广西壮族自治区,南宁市,西乡塘区,,,否,否,	,	,	,否,	,	,	,	,	,	,	,	,	,	,	,	,否,是,	,否,否,,	,否,	,否,,,否
【重磅新品】云米净水器600G小海豚升级版厨下式RO反渗透直饮家用,251111-403869581681865,已发货，待收货,1	,正常,2025-11-11 23:58:15,2025-11-12 23:58:15,,2025-11-12 11:27:37,	,225501370546	,【24年新品】600G升级版6年长效,1600502140541	,厨房电器,净水器/净水设备及配件耗材,净水器,	,6923185653684	,6923185616399	,	,	,无售后或售后取消,,2025-11-11 23:58:15,	,,,,,,,否,否,	,否,	,,559.0	,0.0	,10.0	,0.0	,0.2	,0.0	,0.0	,0.0	,549.0	,549.0	,JDV024017347916,京东大件物流,湖北省,武汉市,洪山区,,,否,否,	,	,	,否,	,	,	,	,	,	,	,	,	,	,	,	,否,否,	,否,否,,	,否,	,否,,,否
【母婴直饮】云米净水器 SE 600G+ 新升级厨下式RO反渗透直饮家用,251111-222067474760355,已发货，待收货,1	,正常,2025-11-11 23:57:52,2025-11-12 23:57:52,,2025-11-12 13:00:31,	,819506595979	,【24年新品】600G升级版6年长效,1787046011387	,厨房电器,净水器/净水设备及配件耗材,净水器,	,6923185653684	,6923185616399	,主播：美然 场控：文蓝        权益：直播间抽奖10元红包,	,无售后或售后取消,,2025-11-11 23:57:52,	,,,,,,,否,否,	,否,	,,748.0	,0.0	,141.36	,81.18	,0.0	,0.0	,0.0	,0.0	,525.46	,606.64	,JDV024017279947,京东大件物流,河北省,秦皇岛市,海港区,,,否,否,	,	,	,否,	,	,	,	,	,	,	,	,	,	,	,	,是,是,	,否,否,,	,否,	,否,,,否
云米60L速热电热水器3000W一级节能变频增容租房安全已接入米家AP,251111-186436820631291,未发货，退款成功,1	,正常,2025-11-11 23:57:40,2025-11-12 23:57:40,,	,	,208071231700	,双管变频速热60L,1660917678582	,大家电,热水器,电热水器,	,6923185602224	,6923185602224	,聚水潭已取消发货，仅退款  诚11.12,	,退款成功,,2025-11-11 23:57:40,	,,,,,,,否,否,	,否,	,,699.0	,0.0	,0.0	,0.0	,0.0	,0.0	,0.0	,0.0	,699.0	,699.0	,	,	,广东省,广州市,荔湾区,,,否,否,	,	,	,否,	,	,	,	,	,	,	,	,	,	,	,	,否,否,	,否,否,,	,否,	,否,,,否
【重磅新品】云米净水器600G小海豚升级版厨下式RO反渗透直饮家用,251111-157433208451620,未发货，退款成功,1	,正常,2025-11-11 23:57:41,2025-11-12 23:57:41,,	,	,225501370546	,【24年新品】600G升级版6年长效,1600502140541	,厨房电器,净水器/净水设备及配件耗材,净水器,	,6923185653684	,6923185616399	,聚水潭已取消发货，仅退款  诚11.12,	,退款成功,,2025-11-11 23:57:41,	,,,,,,,否,否,	,否,	,,559.0	,0.0	,10.0	,5.0	,0.0	,0.0	,0.0	,0.0	,544.0	,549.0	,	,	,江苏省,常州市,武进区,,,否,否,	,	,	,否,	,	,	,	,	,	,	,	,	,	,	,	,否,是,	,否,否,,	,否,	,否,,,否
VIOMI云米净水器大通量小海豚800G反渗透RO厨下式家用长效滤芯,251111-327669584163439,已取消,1	,正常,	,	,,	,	,837957770723	,800G大通量纯水机,1809123722986	,厨房电器,净水器/净水设备及配件耗材,净水器配件耗材,	,6923185653974	,	,	,	,无售后或售后取消,,	,	,,,,,,,否,否,	,否,	,,882.9	,0.0	,177.0	,100.0	,0.0	,0.0	,0.0	,0.0	,605.9	,705.9	,	,	,****,****,****,****,,否,否,	,	,	,否,	,	,	,	,	,	,	,	,	,	,	,	,否,否,	,否,	,,	,否,	,否,,,否
【母婴直饮】云米净水器 SE 600G+ 新升级厨下式RO反渗透直饮家用,251111-302776358531620,未发货，退款成功,1	,正常,2025-11-11 23:57:25,2025-11-12 23:57:26,,	,	,819506595979	,【24年新品】600G升级版6年长效,1787046011387	,厨房电器,净水器/净水设备及配件耗材,净水器,	,6923185653684	,6923185616399	,聚水潭已取消发货，仅退款  诚11.12,	,退款成功,,2025-11-11 23:57:26,	,,,,,,,否,否,	,否,	,,748.0	,0.0	,148.6	,5.0	,0.0	,0.0	,0.0	,0.0	,594.4	,599.4	,	,	,江苏省,常州市,武进区,,,否,否,	,	,	,否,	,	,	,	,	,	,	,	,	,	,	,	,否,是,	,否,否,,	,否,	,否,,,否
云米电热水器免换镁棒1级能效钛芯防护抑菌内胆免清洗3000W速热,251111-282339602071291,已发货，待收货,1	,正常,2025-11-11 23:56:08,2025-11-12 23:56:09,,2025-11-12 09:31:25,	,215513269171	,"【免更换镁棒技术】抑菌健康洗,50L",1757655804682	,大家电,热水器,电热水器,	,6923185611882	,镁棒50/60L,	,	,无售后或售后取消,,2025-11-11 23:56:09,	,,,,,,,否,否,	,否,	,,703.0	,0.0	,0.0	,0.0	,0.0	,0.0	,0.0	,0.0	,703.0	,703.0	,JDV024015773878,京东配送,广东省,广州市,荔湾区,,,否,否,	,	,	,否,	,	,	,	,	,	,	,	,	,	,	,	,否,否,	,否,否,,	,否,	,否,,,否
【重磅新品】云米净水器600G小海豚升级版厨下式RO反渗透直饮家用,251111-018255736450955,已发货，待收货,1	,正常,2025-11-11 23:55:55,2025-11-12 23:55:55,,2025-11-12 11:27:36,	,225501370546	,【24年新品】600G升级版6年长效,1600502140541	,厨房电器,净水器/净水设备及配件耗材,净水器,	,6923185653684	,6923185616399	,	,	,无售后或售后取消,,2025-11-11 23:55:55,	,,,,,,,否,否,	,否,	,,559.0	,0.0	,10.0	,0.0	,1.09	,0.0	,0.0	,0.0	,549.0	,549.0	,JDV024017403680,京东大件物流,湖南省,娄底市,娄星区,,,否,否,	,	,	,否,	,	,	,	,	,	,	,	,	,	,	,	,否,否,	,否,否,,	,否,	,否,,,否
云米3000W速热电热水器家用浴室免换镁棒一级能效抑菌内胆免清洗,251111-295289505431291,未发货，退款成功,1	,正常,2025-11-11 23:54:46,2025-11-12 23:54:46,,	,	,369876178838	,速热3000W免换镁棒电热水器60L,1799960621871	,大家电,热水器,电热水器,	,6923185611899	,6923185611882	,聚水潭已取消发货，仅退款  诚11.12,	,退款成功,,2025-11-11 23:54:46,	,,,,,,,否,否,	,否,	,,750.0	,0.0	,0.0	,0.0	,0.0	,0.0	,0.0	,0.0	,750.0	,750.0	,	,	,广东省,广州市,荔湾区,,,否,否,	,	,	,否,	,	,	,	,	,	,	,	,	,	,	,	,否,否,	,否,否,,	,否,	,否,,,否
【重磅新品】云米净水器600G小海豚升级版厨下式RO反渗透直饮家用,251111-187233758761092,已发货，待收货,1	,正常,2025-11-11 23:55:39,2025-11-12 23:55:39,2025-11-13 23:59:59,2025-11-12 13:00:32,	,225501370546	,【24年新品】600G升级版6年长效,1600502140541	,厨房电器,净水器/净水设备及配件耗材,净水器,	,6923185653684	,6923185616399	,主播：美然 场控：文蓝 权益：直播间中乐扣保鲜盒,	,无售后或售后取消,,2025-11-11 23:55:39,	,,,,,,,否,否,	,否,	,,559.0	,0.0	,0.0	,0.0	,0.0	,0.0	,0.0	,0.0	,559.0	,559.0	,JDV024017301962,京东大件物流,广东省,珠海市,金湾区,,,否,否,	,	,	,否,	,	,	,	,	,	,	,	,	,	,	,	,是,是,	,否,否,,	,否,	,否,,,否
【重磅新品】云米净水器600G小海豚升级版厨下式RO反渗透直饮家用,251111-346197890681265,已发货，待收货,1	,正常,2025-11-11 23:54:35,2025-11-12 23:54:35,,2025-11-12 11:27:38,	,225501370546	,【24年新品】600G升级版6年长效,1600502140541	,厨房电器,净水器/净水设备及配件耗材,净水器,	,6923185653684	,6923185616399	,	,	,无售后或售后取消,,2025-11-11 23:54:35,	,,,,,,,否,否,	,否,	,,559.0	,0.0	,0.0	,0.0	,0.0	,0.0	,0.0	,0.0	,559.0	,559.0	,JDV024017346225,京东大件物流,湖南省,长沙市,开福区,,,否,否,	,	,	,否,	,	,	,	,	,	,	,	,	,	,	,	,否,否,	,否,否,,	,否,	,否,,,否
【重磅新品】云米净水器600G小海豚升级版厨下式RO反渗透直饮家用,251111-222350548521092,已取消,1	,正常,	,	,,	,	,225501370546	,【24年新品】600G升级版6年长效,1600502140541	,厨房电器,净水器/净水设备及配件耗材,净水器,	,6923185653684	,6923185616399	,	,	,无售后或售后取消,,	,	,,,,,,,否,否,	,否,	,,559.0	,0.0	,0.0	,0.0	,0.0	,0.0	,0.0	,0.0	,559.0	,559.0	,	,	,****,****,****,****,,否,否,	,	,	,否,	,	,	,	,	,	,	,	,	,	,	,	,是,否,	,否,	,,	,否,	,否,,,否
【重磅新品】云米净水器600G小海豚升级版厨下式RO反渗透直饮家用,251111-399192932742851,未发货，退款成功,1	,正常,2025-11-11 23:52:29,2025-11-12 23:52:29,,	,	,225501370546	,【24年新品】600G升级版6年长效,1600502140541	,厨房电器,净水器/净水设备及配件耗材,净水器,	,6923185653684	,6923185616399	,聚水潭已取消发货，仅退款  诚11.12,	,退款成功,,2025-11-11 23:52:29,	,,,,,,,否,否,	,否,	,,559.0	,0.0	,10.0	,0.0	,0.0	,0.0	,0.0	,0.0	,549.0	,549.0	,	,	,河南省,郑州市,高新技术开发区,,,否,否,	,	,	,否,	,	,	,	,	,	,	,	,	,	,	,	,否,否,	,否,否,,	,否,	,否,,,否
VIOMI云米净水器大通量小海豚800G反渗透RO厨下式家用长效滤芯,251111-406375667351861,已取消,1	,正常,	,	,,	,	,837957770723	,800G大通量纯水机,1809123722986	,厨房电器,净水器/净水设备及配件耗材,净水器配件耗材,	,6923185653974	,	,	,	,无售后或售后取消,,	,	,,,,,,,否,否,	,否,	,,882.9	,0.0	,177.0	,100.0	,0.0	,0.0	,0.0	,0.0	,605.9	,705.9	,	,	,****,****,****,****,,否,否,	,	,	,否,	,	,	,	,	,	,	,	,	,	,	,	,否,否,	,否,	,,	,否,	,否,,,否
云米蓝调2双胆电热水器60L超短超薄速热增容大水量3000W杀菌安全,251111-107468562043251,已取消,1	,正常,	,	,,	,	,846212481564	,超薄超短电热水器60L,1807140932949	,大家电,热水器,电热水器,	,6923185657057	,6923185657057	,	,	,无售后或售后取消,,	,	,,,,,,,否,否,	,否,	,,882.0	,0.0	,0.0	,0.0	,0.0	,0.0	,0.0	,0.0	,882.0	,882.0	,	,	,****,****,****,****,,否,否,	,	,	,否,	,	,	,	,	,	,	,	,	,	,	,	,否,否,	,否,	,,	,否,	,否,,,否
【重磅新品】云米净水器600G小海豚升级版厨下式RO反渗透直饮家用,251111-057252329820839,已发货，待收货,1	,正常,2025-11-11 23:53:21,2025-11-12 23:53:21,,2025-11-12 11:27:38,	,225501370546	,【24年新品】600G升级版6年长效,1600502140541	,厨房电器,净水器/净水设备及配件耗材,净水器,	,6923185653684	,6923185616399	,	,	,无售后或售后取消,,2025-11-11 23:53:21,	,,,,,,,否,否,	,否,	,,559.0	,0.0	,10.0	,0.0	,0.0	,0.0	,0.0	,0.0	,549.0	,549.0	,JDV024017385257,京东大件物流,江苏省,无锡市,江阴市,,,否,否,	,	,	,否,	,	,	,	,	,	,	,	,	,	,	,	,否,否,	,否,否,,	,否,	,否,,,否
【重磅新品】云米净水器600G小海豚升级版厨下式RO反渗透直饮家用,251111-156038644112202,未发货，退款成功,1	,正常,2025-11-11 23:51:55,2025-11-12 23:51:56,,	,	,225501370546	,【24年新品】600G升级版6年长效,1600502140541	,厨房电器,净水器/净水设备及配件耗材,净水器,	,6923185653684	,6923185616399	,聚水潭已取消发货，仅退款  诚11.12,	,退款成功,,2025-11-11 23:51:56,	,,,,,,,否,否,	,否,	,,559.0	,0.0	,0.0	,0.0	,0.2	,0.0	,0.0	,0.0	,559.0	,559.0	,	,	,河北省,沧州市,肃宁县,,,否,否,	,	,	,否,	,	,	,	,	,	,	,	,	,	,	,	,是,是,	,否,否,,	,否,	,否,,,否
云米智能AI门锁3D指纹密码蓝牙可连大容量续航家用公寓自动安全,251111-463942469221751,已取消,1	,正常,	,	,,	,	,743885774552	,"云米蓝调指纹密码锁LBT11C,黑色",1734954999916	,基础建材,智能门锁/电子锁,智能门锁/电子锁,	,6923185655381	,6923185655381	,	,	,无售后或售后取消,,	,	,,,,,,,否,否,	,否,	,,661.0	,0.0	,40.0	,0.0	,0.0	,0.0	,0.0	,0.0	,621.0	,621.0	,	,	,****,****,****,****,,否,否,	,	,	,否,	,	,	,	,	,	,	,	,	,	,	,	,否,否,	,否,	,,	,否,	,否,,,否
【重磅新品】云米净水器600G小海豚升级版厨下式RO反渗透直饮家用,251111-026560489872202,未发货，退款成功,1	,正常,2025-11-11 23:56:21,2025-11-12 23:56:22,,	,	,225501370546	,【24年新品】600G升级版6年长效,1600502140541	,厨房电器,净水器/净水设备及配件耗材,净水器,	,6923185653684	,6923185616399	,主播：美然 场控：文蓝        权益：直播间抽奖10元红包  ZX2511120067422拦截 11.12,	,退款成功,,2025-11-11 23:56:22,	,,,,,,,否,否,	,否,	,,559.0	,0.0	,10.0	,0.0	,0.0	,0.0	,0.0	,0.0	,549.0	,549.0	,	,	,河北省,沧州市,肃宁县,,,否,否,	,	,	,否,	,	,	,	,	,	,	,	,	,	,	,	,是,是,	,否,否,,	,否,	,否,,,否
【重磅新品】云米净水器600G小海豚升级版厨下式RO反渗透直饮家用,251111-520628508192336,已取消,1	,正常,	,	,,	,	,225501370546	,【24年新品】600G升级版6年长效,1600502140541	,厨房电器,净水器/净水设备及配件耗材,净水器,	,6923185653684	,6923185616399	,	,	,无售后或售后取消,,	,	,,,,,,,否,否,	,否,	,,559.0	,0.0	,10.0	,0.0	,0.0	,0.0	,0.0	,0.0	,549.0	,549.0	,	,	,****,****,****,****,,否,否,	,	,	,否,	,	,	,	,	,	,	,	,	,	,	,	,否,否,	,否,	,,	,否,	,否,,,否
【重磅新品】云米净水器600G小海豚升级版厨下式RO反渗透直饮家用,251111-470076628581347,已取消,1	,正常,	,	,,	,	,225501370546	,【24年新品】600G升级版6年长效,1600502140541	,厨房电器,净水器/净水设备及配件耗材,净水器,	,6923185653684	,6923185616399	,	,	,无售后或售后取消,,	,	,,,,,,,否,否,	,否,	,,559.0	,0.0	,10.0	,0.0	,0.0	,0.0	,0.0	,0.0	,549.0	,549.0	,	,	,****,****,****,****,,否,否,	,	,	,否,	,	,	,	,	,	,	,	,	,	,	,	,否,否,	,否,	,,	,否,	,否,,,否
【重磅新品】云米净水器600G小海豚升级版厨下式RO反渗透直饮家用,251111-421192077623950,已取消,1	,正常,	,	,,	,	,225501370546	,【24年新品】600G升级版6年长效,1600502140541	,厨房电器,净水器/净水设备及配件耗材,净水器,	,6923185653684	,6923185616399	,	,	,无售后或售后取消,,	,	,,,,,,,否,否,	,否,	,,559.0	,0.0	,10.0	,0.0	,0.0	,0.0	,0.0	,0.0	,549.0	,549.0	,	,	,****,****,****,****,,否,否,	,	,	,否,	,	,	,	,	,	,	,	,	,	,	,	,否,否,	,否,	,,	,否,	,否,,,否
【重磅新品】云米净水器600G小海豚升级版厨下式RO反渗透直饮家用,251111-294723316111734,已发货，待收货,1	,正常,2025-11-11 23:53:59,2025-11-12 23:53:59,,2025-11-12 13:00:32,	,225501370546	,【24年新品】600G升级版6年长效,1600502140541	,厨房电器,净水器/净水设备及配件耗材,净水器,	,6923185653684	,6923185616399	,	,	,无售后或售后取消,,2025-11-11 23:53:59,	,,,,,,,否,否,	,否,	,,559.0	,0.0	,0.0	,55.9	,0.0	,0.0	,0.0	,0.0	,503.1	,559.0	,JDV024017291666,京东大件物流,四川省,德阳市,旌阳区,,,否,否,	,	,	,否,	,	,	,	,	,	,	,	,	,	,	,	,否,是,	,否,是,3	,商家,否,	,否,,信用卡分期,否
【母婴直饮】云米净水器 SE 600G+ 新升级厨下式RO反渗透直饮家用,251111-030786261390945,待付款,1	,正常,	,	,,	,	,819506595979	,【24年新品】600G升级版6年长效,1787046011387	,厨房电器,净水器/净水设备及配件耗材,净水器,	,6923185653684	,6923185616399	,	,	,无售后或售后取消,,	,	,,,,,,,否,否,	,否,	,,748.0	,0.0	,137.6	,100.0	,0.0	,0.0	,0.0	,0.0	,510.4	,610.4	,	,	,****,****,****,****,,否,否,	,	,	,否,	,	,	,	,	,	,	,	,	,	,	,	,否,否,	,否,	,,	,否,	,否,,,否
云米智能洗碗机10套热风烘干消毒嵌入式洗烘存一体家用IronA1,251111-675062823201101,未发货，退款成功,1	,审核中，请勿发货,2025-11-11 23:46:36,2025-11-12 23:46:37,,	,	,223485946991	,Iron A1消毒除菌洗碗机10套,1357746713795	,大家电,厨房大电,洗碗机,	,6923185616375	,6923185616375	,聚水潭已取消发货，仅退款  诚11.12,	,退款成功,,2025-11-11 23:46:37,	,,,,,,,否,否,	,否,	,,1599.0	,0.0	,80.0	,50.0	,0.0	,0.0	,0.0	,0.0	,1469.0	,1519.0	,	,	,上海市,上海市,宝山区,,,否,否,	,	,	,否,	,	,	,	,	,	,	,	,	,	,	,	,否,否,	,否,	,,	,否,	,否,,,否
【重磅新品】云米净水器600G小海豚升级版厨下式RO反渗透直饮家用,251111-315935987201317,已发货，待收货,1	,正常,2025-11-11 23:45:16,2025-11-12 23:45:16,,2025-11-12 11:27:37,	,225501370546	,【24年新品】600G升级版6年长效,1600502140541	,厨房电器,净水器/净水设备及配件耗材,净水器,	,6923185653684	,6923185616399	,	,	,无售后或售后取消,,2025-11-11 23:45:16,	,,,,,,,否,否,	,否,	,,559.0	,0.0	,10.0	,54.9	,0.0	,0.0	,0.0	,0.0	,494.1	,549.0	,JDV024017402908,京东大件物流,陕西省,西安市,灞桥区,,,否,否,	,	,	,否,	,	,	,	,	,	,	,	,	,	,	,	,否,否,	,否,否,,	,否,	,否,,,否
云米全自动智能门锁人脸猫眼密码指纹安全防撬大屏锁已接入米家AP,251111-653336286823267,已发货，待收货,1	,正常,2025-11-11 23:45:05,2025-11-12 23:45:05,,2025-11-12 10:55:18,	,804409121514	,LBT16A【人脸猫眼】智能门锁,1778430742491	,基础建材,智能门锁/电子锁,智能门锁/电子锁,	,6923185652724	,	,	,	,无售后或售后取消,,2025-11-11 23:45:05,	,,,,,,,否,否,	,否,	,,849.0	,0.0	,0.0	,0.0	,0.0	,0.0	,0.0	,0.0	,849.0	,849.0	,JDV024015764392,京东配送,内蒙古自治区,鄂尔多斯市,准格尔旗,,,否,否,	,	,	,否,	,	,	,	,	,	,	,	,	,	,	,	,否,否,	,否,否,,	,否,	,否,,,否
【重磅新品】云米净水器600G小海豚升级版厨下式RO反渗透直饮家用,251111-271602183731101,已取消,1	,正常,	,	,,	,	,225501370546	,【24年新品】600G升级版6年长效,1600502140541	,厨房电器,净水器/净水设备及配件耗材,净水器,	,6923185653684	,6923185616399	,	,	,无售后或售后取消,,	,	,,,,,,,否,否,	,否,	,,559.0	,0.0	,10.0	,0.0	,0.0	,0.0	,0.0	,0.0	,549.0	,549.0	,	,	,****,****,****,****,,否,否,	,	,	,否,	,	,	,	,	,	,	,	,	,	,	,	,否,否,	,否,	,,	,否,	,否,,,否
VIOMI云米净水器大通量小海豚800G反渗透RO厨下式家用长效滤芯,251111-099971285283439,已取消,1	,正常,	,	,,	,	,837957770723	,800G大通量纯水机,1809123722986	,厨房电器,净水器/净水设备及配件耗材,净水器配件耗材,	,6923185653974	,	,	,	,无售后或售后取消,,	,	,,,,,,,否,否,	,否,	,,882.9	,0.0	,177.0	,100.0	,0.0	,0.0	,0.0	,0.0	,605.9	,705.9	,	,	,****,****,****,****,,否,否,	,	,	,否,	,	,	,	,	,	,	,	,	,	,	,	,否,否,	,否,	,,	,否,	,否,,,否
云米蓝调2双胆电热水器60L超短超薄速热增容大水量3000W杀菌安全,251111-590652444970437,已发货，待收货,1	,正常,2025-11-11 23:40:24,2025-11-12 23:40:24,,2025-11-12 11:18:30,	,846212481564	,超薄超短电热水器60L,1807140932949	,大家电,热水器,电热水器,	,6923185657057	,6923185657057	,	,	,无售后或售后取消,,2025-11-11 23:40:24,	,,,,,,,否,否,	,否,	,,882.0	,0.0	,0.0	,20.0	,5.0	,0.0	,0.0	,0.0	,862.0	,882.0	,JDV024017313124,京东大件物流,江苏省,南通市,如皋市,,,否,否,	,	,	,否,	,	,	,	,	,	,	,	,	,	,	,	,否,否,	,否,否,,	,否,	,否,,,否
云米小厨宝6L电热水器厨房卫生间出水恒温储水式小型速热神器加热,251111-462076055890169,待发货,1	,正常,2025-11-11 23:40:19,2025-12-30 23:40:20,,	,	,208073193570	,热水即刻有-【6L】,1801828025682	,大家电,热水器,厨宝,	,6923185611233	,6923185611233	,	,	,无售后或售后取消,,2025-11-11 23:40:20,	,,,,,,,否,否,	,否,	,,267.0	,0.0	,14.0	,25.3	,0.46	,0.0	,0.0	,0.0	,227.7	,253.0	,	,	,湖北省,襄阳市,襄城区,,,否,否,	,	,	,否,	,	,	,	,	,	,	,	,	,	,	,	,否,否,	,否,否,,	,否,	,否,,,否
VIOMI云米净水器大通量小海豚800G反渗透RO厨下式家用长效滤芯,251111-123627138611732,已发货，待收货,1	,正常,2025-11-11 23:40:06,2025-11-12 23:40:06,,2025-11-12 10:06:29,	,837957770723	,800G大通量纯水机,1809123722986	,厨房电器,净水器/净水设备及配件耗材,净水器配件耗材,	,6923185653974	,	,	,	,无售后或售后取消,,2025-11-11 23:40:06,	,,,,,,,否,否,	,否,	,,882.9	,0.0	,177.0	,0.0	,0.0	,0.0	,0.0	,0.0	,705.9	,705.9	,JDV024015744701,京东配送,上海市,上海市,闵行区,,,否,否,	,	,	,否,	,	,	,	,	,	,	,	,	,	,	,	,否,否,	,否,否,,	,否,	,否,,,否
云米顶侧双吸烟灶套装22m³大吸力抽油烟机聚能猛火灶节能燃气家用,251111-528618678630935,已发货，待收货,1	,正常,2025-11-11 23:40:32,2025-11-12 23:40:32,,2025-11-12 11:09:27,	,382839923175	,【两件套】顶侧双吸烟机+5.2KW灶（天）,1743705224006	,大家电,厨房大电,烟灶消套装,	,S2309261029001,蓝调套装,	,	,无售后或售后取消,,2025-11-11 23:40:32,	,,,,,,,否,否,	,否,	,,1218.0	,0.0	,0.0	,0.0	,0.0	,0.0	,0.0	,0.0	,1218.0	,1218.0	,JDV024016836159,京东大件物流,河北省,沧州市,任丘市,,,否,否,	,	,	,否,	,	,	,	,	,	,	,	,	,	,	,	,否,否,	,否,否,,	,否,	,否,,,否
【重磅新品】云米净水器600G小海豚升级版厨下式RO反渗透直饮家用,251111-501471056162097,已取消,1	,正常,	,	,,	,	,225501370546	,【24年新品】600G升级版6年长效,1600502140541	,厨房电器,净水器/净水设备及配件耗材,净水器,	,6923185653684	,6923185616399	,	,	,无售后或售后取消,,	,	,,,,,,,否,否,	,否,	,,559.0	,0.0	,10.0	,50.0	,0.0	,0.0	,0.0	,0.0	,499.0	,549.0	,	,	,****,****,****,****,,否,否,	,	,	,否,	,	,	,	,	,	,	,	,	,	,	,	,否,否,	,否,	,,	,否,	,否,,,否
【重磅新品】云米净水器600G小海豚升级版厨下式RO反渗透直饮家用,251111-292909289763439,已取消,1	,正常,	,	,,	,	,225501370546	,【24年新品】600G升级版6年长效,1600502140541	,厨房电器,净水器/净水设备及配件耗材,净水器,	,6923185653684	,6923185616399	,	,	,无售后或售后取消,,	,	,,,,,,,否,否,	,否,	,,559.0	,0.0	,10.0	,83.0	,0.0	,0.0	,0.0	,0.0	,466.0	,549.0	,	,	,****,****,****,****,,否,否,	,	,	,否,	,	,	,	,	,	,	,	,	,	,	,	,否,否,	,否,	,,	,否,	,否,,,否
【母婴直饮】云米净水器 SE 600G+ 新升级厨下式RO反渗透直饮家用,251111-310063951491620,待付款,1	,正常,	,	,,	,	,819506595979	,【24年新品】600G升级版6年长效,1787046011387	,厨房电器,净水器/净水设备及配件耗材,净水器,	,6923185653684	,6923185616399	,	,	,无售后或售后取消,,	,	,,,,,,,否,否,	,否,	,,748.0	,0.0	,156.6	,5.0	,0.0	,0.0	,0.0	,0.0	,586.4	,591.4	,	,	,****,****,****,****,,否,否,	,	,	,否,	,	,	,	,	,	,	,	,	,	,	,	,否,否,	,否,	,,	,否,	,否,,,否
云米新品鲲鹏PRO油烟机28m³大吸力易清洁挥手智控烟灶联动小噪音,251111-479964700231374,已发货，待收货,1	,正常,2025-11-11 23:38:09,2025-11-12 23:38:10,,2025-11-12 11:12:25,	,763759392708	,【新品】小噪音大吸力油烟机,1748828925108	,大家电,厨房大电,油烟机,	,6923185605379	,6923185605379	,送5.2灶具，返100，和页面的保温杯,	,无售后或售后取消,,2025-11-11 23:38:10,	,,,,,,,否,否,	,否,	,,1999.0	,0.0	,0.0	,99.95	,0.0	,0.0	,0.0	,0.0	,1899.05	,1999.0	,JDV024017331546,京东大件物流,辽宁省,朝阳市,建平县,,,否,否,	,	,	,否,	,	,	,	,	,	,	,	,	,	,	,	,否,否,	,否,否,,	,否,	,否,,,否
【重磅新品】云米净水器600G小海豚升级版厨下式RO反渗透直饮家用,251111-463921559932000,已发货，待收货,1	,正常,2025-11-11 23:37:39,2025-11-12 23:37:39,,2025-11-12 11:28:14,	,225501370546	,【24年新品】600G升级版6年长效,1600502140541	,厨房电器,净水器/净水设备及配件耗材,净水器,	,6923185653684	,6923185616399	,	,	,无售后或售后取消,,2025-11-11 23:37:39,	,,,,,,,否,否,	,否,	,,559.0	,0.0	,10.0	,54.9	,0.0	,0.0	,0.0	,0.0	,494.1	,549.0	,JDV024018341732,京东大件物流,河南省,洛阳市,涧西区,,,否,否,	,	,	,否,	,	,	,	,	,	,	,	,	,	,	,	,否,否,	,否,否,,	,否,	,否,,,否
【重磅新品】云米净水器600G小海豚升级版厨下式RO反渗透直饮家用,251111-155577228931620,已取消,1	,正常,	,	,,	,	,225501370546	,【24年新品】600G升级版6年长效,1600502140541	,厨房电器,净水器/净水设备及配件耗材,净水器,	,6923185653684	,6923185616399	,	,	,无售后或售后取消,,	,	,,,,,,,否,否,	,否,	,,559.0	,0.0	,10.0	,5.0	,0.0	,0.0	,0.0	,0.0	,544.0	,549.0	,	,	,****,****,****,****,,否,否,	,	,	,否,	,	,	,	,	,	,	,	,	,	,	,	,否,否,	,否,	,,	,否,	,否,,,否
【重磅新品】云米净水器600G小海豚升级版厨下式RO反渗透直饮家用,251111-665646548481015,已取消,1	,正常,	,	,,	,	,225501370546	,【24年新品】600G升级版6年长效,1600502140541	,厨房电器,净水器/净水设备及配件耗材,净水器,	,6923185653684	,6923185616399	,	,	,无售后或售后取消,,	,	,,,,,,,否,否,	,否,	,,559.0	,0.0	,10.0	,0.0	,0.0	,0.0	,0.0	,0.0	,549.0	,549.0	,	,	,****,****,****,****,,否,否,	,	,	,否,	,	,	,	,	,	,	,	,	,	,	,	,否,否,	,否,	,,	,否,	,否,,,否
【重磅新品】云米净水器600G小海豚升级版厨下式RO反渗透直饮家用,251111-239358503240898,已取消,1	,正常,	,	,,	,	,225501370546	,【24年新品】600G升级版6年长效,1600502140541	,厨房电器,净水器/净水设备及配件耗材,净水器,	,6923185653684	,6923185616399	,	,	,无售后或售后取消,,	,	,,,,,,,否,否,	,否,	,,559.0	,0.0	,10.0	,50.0	,0.0	,0.0	,0.0	,0.0	,499.0	,549.0	,	,	,****,****,****,****,,否,否,	,	,	,否,	,	,	,	,	,	,	,	,	,	,	,	,否,否,	,否,	,,	,否,	,否,,,否
VIOMI云米净水器1000G厨下直饮小体积净水机RO机智显龙头3秒满杯,251111-662532329880165,已发货，待收货,1	,正常,2025-11-11 23:35:49,2025-11-12 23:35:49,,2025-11-12 13:00:30,	,842195971715	,1000G大通量RO净水器,1803617356458	,厨房电器,净水器/净水设备及配件耗材,净水器,	,6923185654247	,	,	,	,无售后或售后取消,,2025-11-11 23:35:49,	,,,,,,,否,否,	,否,	,,823.0	,0.0	,24.0	,0.0	,0.2	,0.0	,0.0	,0.0	,799.0	,799.0	,JDV024017292422,京东大件物流,广西壮族自治区,南宁市,青秀区,,,否,否,	,	,	,否,	,	,	,	,	,	,	,	,	,	,	,	,否,否,	,否,否,,	,否,	,否,,,否
【重磅新品】云米净水器600G小海豚升级版厨下式RO反渗透直饮家用,251111-338742536490946,已发货，待收货,1	,正常,2025-11-11 23:33:58,2025-11-12 23:33:59,,2025-11-12 11:27:38,	,225501370546	,【24年新品】600G升级版6年长效,1600502140541	,厨房电器,净水器/净水设备及配件耗材,净水器,	,6923185653684	,6923185616399	,	,	,无售后或售后取消,,2025-11-11 23:33:59,	,,,,,,,否,否,	,否,	,,559.0	,0.0	,10.0	,18.0	,0.0	,0.0	,0.0	,0.0	,531.0	,549.0	,JDV024017321458,京东大件物流,四川省,成都市,其他区,,,否,否,	,	,	,否,	,	,	,	,	,	,	,	,	,	,	,	,否,否,	,否,否,,	,否,	,否,,,否
云米净水器滤芯小蓝调小海豚600G+专用复合滤芯RO反渗透滤芯过滤,251111-384575793491421,已发货，待收货,1	,正常,2025-11-11 23:32:41,2025-11-12 23:32:42,,2025-11-12 09:31:28,	,296967601341	,5in1复合滤芯 2年长效,1600193054565	,厨房电器,净水器/净水设备及配件耗材,净水器配件耗材,	,6923185627425	,	,	,	,无售后或售后取消,,2025-11-11 23:32:42,	,,,,,,,否,否,	,否,中国新疆中转,,299.0	,0.0	,0.0	,0.0	,0.0	,0.0	,0.0	,0.0	,299.0	,299.0	,JDV024015755770,京东配送,陕西省,咸阳市,秦都区,,,否,否,	,	,	,否,	,	,	,	,	,	,	,	,	,	,	,	,否,是,	,否,否,,	,否,	,否,,,否
【冷热直饮套装】云米净水器家用厨下管线机套装一键即热制冷直饮,251111-282738060933124,已发货，待收货,1	,正常,2025-11-11 23:39:20,2026-01-11 23:39:20,,2025-11-12 10:06:29,	,846750208008	,【1000G套装】制热,1807596233986	,厨房电器,净水器/净水设备及配件耗材,净水器,	,S2503111807001,	,	,	,无售后或售后取消,,2025-11-11 23:39:20,	,,,,,,,否,否,	,否,	,,1671.0	,0.0	,0.0	,0.0	,0.0	,0.0	,0.0	,0.0	,1671.0	,1671.0	,JDV024015765527,京东配送,河南省,焦作市,孟州市,,,否,否,	,	,	,否,	,	,	,	,	,	,	,	,	,	,	,	,否,是,	,否,否,,	,否,	,否,,,否
云米净水器滤芯小蓝调小海豚600G+专用复合滤芯RO反渗透滤芯过滤,251111-537300908324087,已发货，待收货,2	,正常,2025-11-11 23:31:41,2025-11-12 23:31:41,,2025-11-12 09:31:24,	,296967601341	,5in1复合滤芯 2年长效,1600193054565	,厨房电器,净水器/净水设备及配件耗材,净水器配件耗材,	,6923185627425	,	,补差后返 到手价198,	,无售后或售后取消,,2025-11-11 23:31:41,	,,,,,,,否,否,	,否,	,,598.0	,0.0	,5.98	,0.0	,0.0	,0.0	,0.0	,0.0	,592.02	,592.02	,JDV024015787046,京东配送,广东省,汕尾市,海丰县,,,否,否,	,	,	,否,	,	,	,	,	,	,	,	,	,	,	,	,是,是,	,否,否,,	,否,	,否,,,否
云米净水器滤芯小蓝调小海豚600G+专用复合滤芯RO反渗透滤芯过滤,251111-047500552550802,已发货，退款成功,2	,正常,2025-11-11 23:31:20,2025-11-12 23:31:20,,2025-11-12 10:55:26,	,296967601341	,5in1复合滤芯 2年长效,1600193054565	,厨房电器,净水器/净水设备及配件耗材,净水器配件耗材,	,6923185627425	,	,补差后返到手价198  ZX2511120067437 拦截 11.12,	,退款成功,,2025-11-11 23:31:20,	,,,,,,,否,否,	,否,	,,598.0	,0.0	,5.98	,48.0	,0.0	,0.0	,0.0	,0.0	,544.02	,592.02	,JDV024017343328,京东配送,湖南省,长沙市,天心区,,,否,否,	,	,	,否,	,	,	,	,	,	,	,	,	,	,	,	,否,是,	,否,否,,	,否,	,否,,,否
云米净水器滤芯小蓝调小海豚600G+专用复合滤芯RO反渗透滤芯过滤,251111-217401280052354,已发货，待收货,2	,正常,2025-11-11 23:31:10,2025-11-12 23:31:10,,2025-11-12 10:55:26,	,296967601341	,5in1复合滤芯 2年长效,1600193054565	,厨房电器,净水器/净水设备及配件耗材,净水器配件耗材,	,6923185627425	,	,	,	,无售后或售后取消,,2025-11-11 23:31:10,	,,,,,,,否,否,	,否,	,,598.0	,0.0	,5.98	,28.0	,0.0	,0.0	,0.0	,0.0	,564.02	,592.02	,JDV024017383951,京东配送,四川省,成都市,温江区,,,否,否,	,	,	,否,	,	,	,	,	,	,	,	,	,	,	,	,否,否,	,否,否,,	,否,	,否,,,否
VIOMI云米净水器1000G厨下直饮小体积净水机RO机智显龙头3秒满杯,251111-321545848432637,已发货，待收货,1	,正常,2025-11-11 23:30:46,2025-11-12 23:30:46,,2025-11-12 10:51:27,	,309517106373	,复合滤芯,1803020722098	,厨房电器,净水器/净水设备及配件耗材,净水器,	,6923185653998	,	,补差后返到手价99,	,无售后或售后取消,,2025-11-11 23:30:46,	,,,,,,,否,否,	,否,	,,299.0	,0.0	,0.0	,0.0	,0.0	,0.0	,0.0	,0.0	,299.0	,299.0	,JDV024015771341,京东配送,广东省,揭阳市,普宁市,,,否,否,	,	,	,否,	,	,	,	,	,	,	,	,	,	,	,	,否,否,	,否,否,,	,否,	,否,,,否
【重磅新品】云米净水器600G小海豚升级版厨下式RO反渗透直饮家用,251111-335177398630802,已发货，待收货,1	,正常,2025-11-11 23:30:19,2025-11-12 23:30:19,,2025-11-12 11:27:39,	,225501370546	,【24年新品】600G升级版6年长效,1600502140541	,厨房电器,净水器/净水设备及配件耗材,净水器,	,6923185653684	,6923185616399	,ZX2511120067434 拦截 11.12,	,售后处理中,,2025-11-11 23:30:19,	,,,,,,,否,否,	,否,	,,559.0	,0.0	,10.0	,54.9	,0.0	,0.0	,0.0	,0.0	,494.1	,549.0	,JDV024017344659,京东大件物流,湖南省,长沙市,天心区,,,否,否,	,	,	,否,	,	,	,	,	,	,	,	,	,	,	,	,否,是,	,否,否,,	,否,	,否,,,否
【重磅新品】云米净水器600G小海豚升级版厨下式RO反渗透直饮家用,251111-669484378440390,已发货，待收货,1	,正常,2025-11-11 23:29:40,2025-11-12 23:29:40,,2025-11-12 11:27:40,	,225501370546	,【24年新品】600G升级版6年长效,1600502140541	,厨房电器,净水器/净水设备及配件耗材,净水器,	,6923185653684	,6923185616399	,	,	,无售后或售后取消,,2025-11-11 23:29:40,	,,,,,,,否,否,	,否,	,,559.0	,0.0	,10.0	,30.0	,0.0	,0.0	,0.0	,0.0	,519.0	,549.0	,JDV024017311935,京东大件物流,湖北省,武汉市,江岸区,,,否,否,	,	,	,否,	,	,	,	,	,	,	,	,	,	,	,	,否,否,	,否,否,,	,否,	,否,,,否
【重磅新品】云米净水器600G小海豚升级版厨下式RO反渗透直饮家用,251111-214591138132619,已发货，待收货,1	,正常,2025-11-11 23:27:36,2025-11-12 23:27:37,,2025-11-12 13:00:30,	,225501370546	,【24年新品】600G升级版6年长效,1600502140541	,厨房电器,净水器/净水设备及配件耗材,净水器,	,6923185653684	,6923185616399	,	,	,无售后或售后取消,,2025-11-11 23:27:37,	,,,,,,,否,否,	,否,	,,559.0	,0.0	,10.0	,0.0	,0.0	,0.0	,0.0	,0.0	,549.0	,549.0	,JDV024017330413,京东大件物流,甘肃省,兰州市,七里河区,,,否,否,	,	,	,否,	,	,	,	,	,	,	,	,	,	,	,	,否,否,	,否,否,,	,否,	,否,,,否
【重磅新品】云米净水器600G小海豚升级版厨下式RO反渗透直饮家用,251111-187831447051575,已发货，待收货,1	,正常,2025-11-11 23:27:17,2025-11-12 23:27:17,,2025-11-12 11:27:38,	,225501370546	,【24年新品】600G升级版6年长效,1600502140541	,厨房电器,净水器/净水设备及配件耗材,净水器,	,6923185653684	,6923185616399	,主播：美然 场控：文蓝        权益：直播间抽奖10元红包,	,无售后或售后取消,,2025-11-11 23:27:17,	,,,,,,,否,否,	,否,	,,559.0	,0.0	,10.0	,0.0	,1.09	,0.0	,0.0	,0.0	,549.0	,549.0	,JDV024017302961,京东大件物流,四川省,南充市,顺庆区,,,否,否,	,	,	,否,	,	,	,	,	,	,	,	,	,	,	,	,是,是,	,否,否,,	,否,	,否,,,否
云米净水器滤芯小海豚2 1000G 专用复合一体芯RO反渗透滤芯过滤,251111-449970245934081,待付款,1	,正常,	,	,,	,	,820799210391	,云米复合一体芯1000G-标准版,1787955186932	,厨房电器,净水器/净水设备及配件耗材,净水器配件耗材,	,6923185654872	,6923185654872	,	,	,无售后或售后取消,,	,	,,,,,,,否,否,	,否,	,,599.0	,0.0	,0.0	,0.0	,0.0	,0.0	,0.0	,0.0	,599.0	,599.0	,	,	,****,****,****,****,,否,否,	,	,	,否,	,	,	,	,	,	,	,	,	,	,	,	,否,否,	,否,	,,	,否,	,否,,,否
【重磅新品】云米净水器600G小海豚升级版厨下式RO反渗透直饮家用,251111-433229719844087,已发货，待收货,1	,正常,2025-11-11 23:25:33,2025-11-12 23:25:33,2025-11-13 23:59:59,2025-11-12 11:27:37,	,225501370546	,【24年新品】600G升级版6年长效,1600502140541	,厨房电器,净水器/净水设备及配件耗材,净水器,	,6923185653684	,6923185616399	,主播：美然 场控：文蓝        权益：直播间抽奖10元红包,	,无售后或售后取消,,2025-11-11 23:25:33,	,,,,,,,否,否,	,否,	,,559.0	,0.0	,0.0	,55.9	,0.0	,0.0	,0.0	,0.0	,503.1	,559.0	,JDV024017348510,京东大件物流,广东省,汕尾市,海丰县,,,否,否,	,	,	,否,	,	,	,	,	,	,	,	,	,	,	,	,是,是,	,否,否,,	,否,	,否,,,否
【重磅新品】云米净水器600G小海豚升级版厨下式RO反渗透直饮家用,251111-286890443062050,未发货，退款成功,1	,正常,2025-11-11 23:25:12,2025-11-12 23:25:12,,	,	,225501370546	,【24年新品】600G升级版6年长效,1600502140541	,厨房电器,净水器/净水设备及配件耗材,净水器,	,6923185653684	,6923185616399	,聚水潭已取消发货，仅退款  诚11.12,	,退款成功,,2025-11-11 23:25:12,	,,,,,,,否,否,	,否,	,,559.0	,0.0	,10.0	,0.0	,0.0	,0.0	,0.0	,0.0	,549.0	,549.0	,	,	,黑龙江省,哈尔滨市,道外区,,,否,否,	,	,	,否,	,	,	,	,	,	,	,	,	,	,	,	,是,是,	,否,否,,	,否,	,否,,,否
VIOMI云米净水器大通量小海豚800G反渗透RO厨下式家用长效滤芯,251111-357669323091421,未发货，退款成功,1	,正常,2025-11-11 23:24:55,2025-11-12 23:24:56,,	,	,837957770723	,800G大通量纯水机,1809123722986	,厨房电器,净水器/净水设备及配件耗材,净水器配件耗材,	,6923185653974	,	,聚水潭已取消发货 已退款 卫11.12,	,退款成功,,2025-11-11 23:24:56,	,,,,,,,否,否,	,否,中国新疆中转,,882.9	,0.0	,177.0	,91.76	,1.22	,0.0	,0.0	,0.0	,614.14	,705.9	,	,	,陕西省,咸阳市,秦都区,,,否,否,	,	,	,否,	,	,	,	,	,	,	,	,	,	,	,	,否,是,	,否,否,,	,否,	,否,,,否
【超薄零平嵌】云米500升十字四门全域养鲜一级变频风冷无霜冰箱,251111-212210870644042,待发货,1	,正常,2025-11-11 23:25:24,2025-12-12 23:25:24,,	,	,490426355421	,云米养鲜抗菌冰箱,1723315555072	,大家电,冰箱,厨房冰箱,	,6923185651123	,6923185651123	,延迟已登记 [viomi英英sk 11/11 23:32]主播：美然 场控：文蓝        权益：直播间中奖电煮锅,	,无售后或售后取消,,2025-11-11 23:25:24,	,,,,,,,否,否,	,否,	,,3199.0	,0.0	,0.0	,100.0	,0.2	,0.0	,0.0	,0.0	,3099.0	,3199.0	,	,	,浙江省,温州市,乐清市,,,否,否,	,	,	,否,	,	,	,	,	,	,	,	,	,	,	,	,是,是,	,否,否,,	,否,	,否,,,否
【重磅新品】云米净水器600G小海豚升级版厨下式RO反渗透直饮家用,251111-456224981291359,已发货，待收货,1	,正常,2025-11-11 23:23:13,2025-11-12 23:23:13,,2025-11-12 11:27:37,	,225501370546	,【24年新品】600G升级版6年长效,1600502140541	,厨房电器,净水器/净水设备及配件耗材,净水器,	,6923185653684	,6923185616399	,	,	,无售后或售后取消,,2025-11-11 23:23:13,	,,,,,,,否,否,	,否,	,,559.0	,0.0	,10.0	,0.0	,0.0	,0.0	,0.0	,0.0	,549.0	,549.0	,JDV024017348698,京东大件物流,辽宁省,鞍山市,铁东区,,,否,否,	,	,	,否,	,	,	,	,	,	,	,	,	,	,	,	,否,否,	,否,否,,	,否,	,否,,,否
云米蓝调2双胆电热水器60L超短超薄速热增容大水量3000W杀菌安全,251111-326673385011313,已发货，待收货,1	,正常,2025-11-11 23:21:05,2025-11-12 23:21:05,,2025-11-12 11:27:38,	,846212481564	,超薄超短电热水器60L,1807140932949	,大家电,热水器,电热水器,	,6923185657057	,6923185657057	,主播：美然 场控：文蓝        权益：直播间抽奖10元红包,	,无售后或售后取消,,2025-11-11 23:21:05,	,,,,,,,否,否,	,否,	,,882.0	,0.0	,0.0	,30.0	,0.0	,0.0	,0.0	,0.0	,852.0	,882.0	,JDV024017332528,京东大件物流,吉林省,四平市,铁东区,,,否,否,	,	,	,否,	,	,	,	,	,	,	,	,	,	,	,	,是,是,	,否,否,,	,否,	,否,,,否
【母婴直饮】云米净水器 SE 600G+ 新升级厨下式RO反渗透直饮家用,251111-443484813673379,未发货，退款成功,1	,正常,2025-11-11 23:21:13,2025-11-12 23:21:14,,	,	,819506595979	,【24年新品】600G升级版6年长效,1787046011387	,厨房电器,净水器/净水设备及配件耗材,净水器,	,6923185653684	,6923185616399	,聚水潭已取消发货 已退款 卫11.12,	,退款成功,,2025-11-11 23:21:14,	,,,,,,,否,否,	,否,	,,748.0	,0.0	,142.84	,73.8	,0.0	,0.0	,0.0	,0.0	,531.36	,605.16	,	,	,浙江省,绍兴市,嵊州市,,,否,否,	,	,	,否,	,	,	,	,	,	,	,	,	,	,	,	,否,否,	,否,否,,	,否,	,否,,,否
VIOMI云米净水器大通量小海豚800G反渗透RO厨下式家用长效滤芯,251111-211780922941361,已取消,1	,正常,	,	,,	,	,837957770723	,800G大通量纯水机,1809123722986	,厨房电器,净水器/净水设备及配件耗材,净水器配件耗材,	,6923185653974	,	,	,	,无售后或售后取消,,	,	,,,,,,,否,否,	,否,	,,882.9	,0.0	,177.0	,50.0	,0.0	,0.0	,0.0	,0.0	,655.9	,705.9	,	,	,****,****,****,****,,否,否,	,	,	,否,	,	,	,	,	,	,	,	,	,	,	,	,否,否,	,否,	,,	,否,	,否,,,否
VIOMI云米净水器1000G厨下直饮小体积净水机RO机智显龙头3秒满杯,251111-678407728752637,已发货，待收货,1	,正常,2025-11-11 23:20:11,2025-11-12 23:20:11,,2025-11-12 13:00:31,	,842195971715	,1000G大通量RO净水器,1803617356458	,厨房电器,净水器/净水设备及配件耗材,净水器,	,6923185654247	,	,	,	,无售后或售后取消,,2025-11-11 23:20:11,	,,,,,,,否,否,	,否,	,,823.0	,0.0	,24.0	,0.0	,0.0	,0.0	,0.0	,0.0	,799.0	,799.0	,JDV024017291756,京东大件物流,广东省,揭阳市,普宁市,,,否,否,	,	,	,否,	,	,	,	,	,	,	,	,	,	,	,	,否,否,	,否,否,,	,否,	,否,,,否
【重磅新品】云米净水器600G小海豚升级版厨下式RO反渗透直饮家用,251111-336194465433192,已发货，待收货,1	,正常,2025-11-11 23:18:57,2025-11-12 23:18:57,,2025-11-12 11:27:39,	,225501370546	,【24年新品】600G升级版6年长效,1600502140541	,厨房电器,净水器/净水设备及配件耗材,净水器,	,6923185653684	,6923185616399	,	,	,无售后或售后取消,,2025-11-11 23:18:57,	,,,,,,,否,否,	,否,	,,559.0	,0.0	,10.0	,50.0	,0.0	,0.0	,0.0	,0.0	,499.0	,549.0	,JDV024017347745,京东大件物流,广东省,广州市,番禺区,,,否,否,	,	,	,否,	,	,	,	,	,	,	,	,	,	,	,	,否,否,	,否,否,,	,否,	,否,,,否
【重磅新品】云米净水器600G小海豚升级版厨下式RO反渗透直饮家用,251111-280137602593104,已发货，待收货,1	,正常,2025-11-11 23:18:13,2025-11-12 23:18:13,,2025-11-12 11:27:40,	,225501370546	,【24年新品】600G升级版6年长效,1600502140541	,厨房电器,净水器/净水设备及配件耗材,净水器,	,6923185653684	,6923185616399	,	,	,无售后或售后取消,,2025-11-11 23:18:13,	,,,,,,,否,否,	,否,	,,559.0	,0.0	,10.0	,0.0	,0.0	,0.0	,0.0	,0.0	,549.0	,549.0	,JDV024017347295,京东大件物流,河北省,邯郸市,邯山区,,,否,否,	,	,	,否,	,	,	,	,	,	,	,	,	,	,	,	,否,否,	,否,否,,	,否,	,否,,,否
云米智能双胆电热水器扁桶家用速热储水式60L超薄抑菌节能大水量,251111-021317568151291,已发货，待收货,1	,正常,2025-11-11 23:18:12,2025-11-12 23:18:12,,2025-11-12 11:18:37,	,290130975552	,"纤薄安全节能60L,双胆扁桶",1756848157332	,大家电,热水器,电热水器,	,6923185610410	,6923185610410	,	,	,无售后或售后取消,,2025-11-11 23:18:12,	,,,,,,,否,否,	,否,	,,797.0	,0.0	,0.0	,39.85	,0.0	,0.0	,0.0	,0.0	,757.15	,797.0	,JDV024017366977,京东大件物流,广东省,广州市,荔湾区,,,否,否,	,	,	,否,	,	,	,	,	,	,	,	,	,	,	,	,否,否,	,否,否,,	,否,	,否,,,否
【重磅新品】云米净水器600G小海豚升级版厨下式RO反渗透直饮家用,251111-218481333910569,已发货，待收货,1	,正常,2025-11-11 23:17:15,2025-11-12 23:17:15,,2025-11-12 13:00:30,	,225501370546	,【24年新品】600G升级版6年长效,1600502140541	,厨房电器,净水器/净水设备及配件耗材,净水器,	,6923185653684	,6923185616399	,	,	,无售后或售后取消,,2025-11-11 23:17:15,	,,,,,,,否,否,	,否,	,,559.0	,0.0	,0.0	,30.0	,0.0	,0.0	,0.0	,0.0	,529.0	,559.0	,JDV024017332069,京东大件物流,安徽省,合肥市,庐阳区,,,否,否,	,	,	,否,	,	,	,	,	,	,	,	,	,	,	,	,否,否,	,否,否,,	,否,	,否,,,否
【重磅新品】云米净水器600G小海豚升级版厨下式RO反渗透直饮家用,251111-380360476191915,已取消,1	,正常,	,	,,	,	,225501370546	,【24年新品】600G升级版6年长效,1600502140541	,厨房电器,净水器/净水设备及配件耗材,净水器,	,6923185653684	,6923185616399	,	,	,无售后或售后取消,,	,	,,,,,,,否,否,	,否,	,,559.0	,0.0	,10.0	,0.0	,0.0	,0.0	,0.0	,0.0	,549.0	,549.0	,	,	,****,****,****,****,,否,否,	,	,	,否,	,	,	,	,	,	,	,	,	,	,	,	,否,否,	,否,	,,	,否,	,否,,,否
【重磅新品】云米净水器600G小海豚升级版厨下式RO反渗透直饮家用,251111-637282588231634,已发货，待收货,1	,正常,2025-11-11 23:15:52,2025-11-12 23:15:53,,2025-11-12 13:00:30,	,225501370546	,【24年新品】600G升级版6年长效,1600502140541	,厨房电器,净水器/净水设备及配件耗材,净水器,	,6923185653684	,6923185616399	,	,	,无售后或售后取消,,2025-11-11 23:15:53,	,,,,,,,否,否,	,否,	,,559.0	,0.0	,10.0	,50.0	,0.0	,0.0	,0.0	,0.0	,499.0	,549.0	,JDV024017302880,京东大件物流,河南省,郑州市,新郑市,,,否,否,	,	,	,否,	,	,	,	,	,	,	,	,	,	,	,	,否,是,	,否,否,,	,否,	,否,,,否
【重磅新品】云米净水器600G小海豚升级版厨下式RO反渗透直饮家用,251111-356379532843494,已取消,1	,正常,	,	,,	,	,225501370546	,【24年新品】600G升级版6年长效,1600502140541	,厨房电器,净水器/净水设备及配件耗材,净水器,	,6923185653684	,6923185616399	,	,	,无售后或售后取消,,	,	,,,,,,,否,否,	,否,	,,559.0	,0.0	,10.0	,0.0	,0.0	,0.0	,0.0	,0.0	,549.0	,549.0	,	,	,****,****,****,****,,否,否,	,	,	,否,	,	,	,	,	,	,	,	,	,	,	,	,否,否,	,否,	,,	,否,	,否,,,否
【重磅新品】云米净水器600G小海豚升级版厨下式RO反渗透直饮家用,251111-444984267083916,已发货，待收货,1	,正常,2025-11-11 23:13:37,2025-11-12 23:13:38,,2025-11-12 11:27:38,	,225501370546	,【24年新品】600G升级版6年长效,1600502140541	,厨房电器,净水器/净水设备及配件耗材,净水器,	,6923185653684	,6923185616399	,	,	,无售后或售后取消,,2025-11-11 23:13:38,	,,,,,,,否,否,	,否,	,,559.0	,0.0	,10.0	,0.0	,0.0	,0.0	,0.0	,0.0	,549.0	,549.0	,JDV024017357214,京东大件物流,广东省,惠州市,惠城区,,,否,否,	,	,	,否,	,	,	,	,	,	,	,	,	,	,	,	,否,否,	,否,是,3	,商家,否,	,否,,信用卡分期,否
云米净水器滤芯小蓝调小海豚600G+专用复合滤芯RO反渗透滤芯过滤,251111-379196608922363,未发货，退款成功,1	,正常,2025-11-11 23:12:58,2025-11-12 23:12:58,,	,	,296967601341	,5in1复合滤芯 2年长效,1600193054565	,厨房电器,净水器/净水设备及配件耗材,净水器配件耗材,	,6923185627425	,	,聚水潭已取消发货 已退款 卫11.12,	,退款成功,,2025-11-11 23:12:58,	,,,,,,,否,否,	,否,	,,299.0	,0.0	,0.0	,0.0	,0.2	,0.0	,0.0	,0.0	,299.0	,299.0	,	,	,江苏省,宿迁市,沭阳县,,,否,否,	,	,	,否,	,	,	,	,	,	,	,	,	,	,	,	,否,是,	,否,否,,	,否,	,否,,,否
云米净水器滤芯小蓝调小海豚600G+专用复合滤芯RO反渗透滤芯过滤,251111-666852400762010,已发货，待收货,2	,正常,2025-11-11 23:12:01,2025-11-12 23:12:02,,2025-11-12 09:31:24,	,296967601341	,5in1复合滤芯 2年长效,1600193054565	,厨房电器,净水器/净水设备及配件耗材,净水器配件耗材,	,6923185627425	,	,补差后返到手价198,	,无售后或售后取消,,2025-11-11 23:12:02,	,,,,,,,否,否,	,否,	,,598.0	,0.0	,5.98	,0.0	,0.0	,0.0	,0.0	,0.0	,592.02	,592.02	,JDV024015804354,京东配送,广东省,佛山市,顺德区,,,否,否,	,	,	,否,	,	,	,	,	,	,	,	,	,	,	,	,否,否,	,否,否,,	,否,	,否,,,否
【重磅新品】云米净水器600G小海豚升级版厨下式RO反渗透直饮家用,251111-390269539932285,已发货，待收货,1	,正常,2025-11-11 23:11:05,2025-11-12 23:11:05,,2025-11-12 11:27:36,	,225501370546	,【24年新品】600G升级版6年长效,1600502140541	,厨房电器,净水器/净水设备及配件耗材,净水器,	,6923185653684	,6923185616399	,	,	,无售后或售后取消,,2025-11-11 23:11:05,	,,,,,,,否,否,	,否,	,,559.0	,0.0	,10.0	,0.0	,0.0	,0.0	,0.0	,0.0	,549.0	,549.0	,JDV024017403628,京东大件物流,山东省,烟台市,莱阳市,,,否,否,	,	,	,否,	,	,	,	,	,	,	,	,	,	,	,	,否,否,	,否,否,,	,否,	,否,,,否
【重磅新品】云米净水器600G小海豚升级版厨下式RO反渗透直饮家用,251111-145301225882363,已发货，待收货,1	,正常,2025-11-11 23:10:40,2025-11-12 23:10:40,,2025-11-12 13:00:31,	,225501370546	,【24年新品】600G升级版6年长效,1600502140541	,厨房电器,净水器/净水设备及配件耗材,净水器,	,6923185653684	,6923185616399	,	,	,无售后或售后取消,,2025-11-11 23:10:40,	,,,,,,,否,否,	,否,	,,559.0	,0.0	,10.0	,54.9	,0.2	,0.0	,0.0	,0.0	,494.1	,549.0	,JDV024017279470,京东大件物流,江苏省,宿迁市,沭阳县,,,否,否,	,	,	,否,	,	,	,	,	,	,	,	,	,	,	,	,否,否,	,否,否,,	,否,	,否,,,否
【重磅新品】云米净水器600G小海豚升级版厨下式RO反渗透直饮家用,251111-268613752372641,已发货，待收货,1	,正常,2025-11-11 23:09:57,2025-11-12 23:09:57,,2025-11-12 11:27:38,	,225501370546	,【24年新品】600G升级版6年长效,1600502140541	,厨房电器,净水器/净水设备及配件耗材,净水器,	,6923185653684	,6923185616399	,	,	,无售后或售后取消,,2025-11-11 23:09:57,	,,,,,,,否,否,	,否,	,,559.0	,0.0	,10.0	,0.0	,1.09	,0.0	,0.0	,0.0	,549.0	,549.0	,JDV024017346028,京东大件物流,陕西省,西安市,灞桥区,,,否,否,	,	,	,否,	,	,	,	,	,	,	,	,	,	,	,	,否,否,	,否,否,,	,否,	,否,,,否
【母婴直饮】云米净水器 SE 600G+ 新升级厨下式RO反渗透直饮家用,251111-427210872470863,已取消,1	,正常,	,	,,	,	,819506595979	,【24年新品】600G升级版6年长效,1787046011387	,厨房电器,净水器/净水设备及配件耗材,净水器,	,6923185653684	,6923185616399	,	,	,无售后或售后取消,,	,	,,,,,,,否,否,	,否,	,,748.0	,0.0	,137.6	,100.0	,0.0	,0.0	,0.0	,0.0	,510.4	,610.4	,	,	,****,****,****,****,,否,否,	,	,	,否,	,	,	,	,	,	,	,	,	,	,	,	,否,否,	,否,	,,	,否,	,否,,,否
云米智能AI门锁3D指纹密码蓝牙可连大容量续航家用公寓自动安全,251111-460723403181098,已发货，待收货,1	,正常,2025-11-11 23:09:18,2025-11-12 23:09:18,,2025-11-12 10:54:31,	,743885774552	,"云米蓝调指纹密码锁LBT11C,黑色",1734954999916	,基础建材,智能门锁/电子锁,智能门锁/电子锁,	,6923185655381	,6923185655381	,	,	,无售后或售后取消,,2025-11-11 23:09:18,	,,,,,,,否,否,	,否,	,,661.0	,0.0	,40.0	,74.52	,0.0	,0.0	,0.0	,0.0	,546.48	,621.0	,JDV024017367868,京东配送,山东省,青岛市,市南区,,,否,否,	,	,	,否,	,	,	,	,	,	,	,	,	,	,	,	,否,否,	,否,否,,	,否,	,否,,,否
【重磅新品】云米净水器600G小海豚升级版厨下式RO反渗透直饮家用,251111-373838385461204,未发货，退款成功,1	,正常,2025-11-11 23:09:32,2025-11-12 23:09:32,,	,	,225501370546	,【24年新品】600G升级版6年长效,1600502140541	,厨房电器,净水器/净水设备及配件耗材,净水器,	,6923185653684	,6923185616399	,聚水潭已取消发货 已退款 卫11.12,	,退款成功,,2025-11-11 23:09:32,	,,,,,,,否,否,	,否,	,,559.0	,0.0	,10.0	,0.0	,0.0	,0.0	,0.0	,0.0	,549.0	,549.0	,	,	,湖北省,武汉市,江汉区,,,否,否,	,	,	,否,	,	,	,	,	,	,	,	,	,	,	,	,否,是,	,否,否,,	,否,	,否,,,否
【重磅新品】云米净水器600G小海豚升级版厨下式RO反渗透直饮家用,251111-559205619322010,已发货，待收货,1	,正常,2025-11-11 23:06:29,2025-11-12 23:06:29,,2025-11-12 13:00:33,	,225501370546	,【24年新品】600G升级版6年长效,1600502140541	,厨房电器,净水器/净水设备及配件耗材,净水器,	,6923185653684	,6923185616399	,	,	,无售后或售后取消,,2025-11-11 23:06:29,	,,,,,,,否,否,	,否,	,,559.0	,0.0	,10.0	,0.0	,0.0	,0.0	,0.0	,0.0	,549.0	,549.0	,JDV024017279650,京东大件物流,广东省,佛山市,顺德区,,,否,否,	,	,	,否,	,	,	,	,	,	,	,	,	,	,	,	,否,否,	,否,否,,	,否,	,否,,,否
【母婴直饮】云米净水器 SE 600G+ 新升级厨下式RO反渗透直饮家用,251111-350371264851421,已发货，待收货,1	,正常,2025-11-11 23:05:53,2025-11-12 23:05:54,,2025-11-12 13:00:33,	,819506595979	,【24年新品】600G升级版6年长效,1787046011387	,厨房电器,净水器/净水设备及配件耗材,净水器,	,6923185653684	,6923185616399	,	,	,无售后或售后取消,,2025-11-11 23:05:54,	,,,,,,,否,否,	,否,	,,748.0	,0.0	,137.6	,100.0	,0.0	,0.0	,0.0	,0.0	,510.4	,610.4	,JDV024017338385,京东大件物流,新疆维吾尔自治区,乌鲁木齐市,沙依巴克区,,,否,否,	,	,	,否,	,	,	,	,	,	,	,	,	,	,	,	,否,是,	,否,否,,	,否,	,否,,,否
【重磅新品】云米净水器600G小海豚升级版厨下式RO反渗透直饮家用,251111-125430710673360,已发货，待收货,1	,正常,2025-11-11 23:09:20,2025-11-12 23:09:20,,2025-11-12 13:00:31,	,225501370546	,【24年新品】600G升级版6年长效,1600502140541	,厨房电器,净水器/净水设备及配件耗材,净水器,	,6923185653684	,6923185616399	,	,	,无售后或售后取消,,2025-11-11 23:09:20,	,,,,,,,否,否,	,否,	,,559.0	,0.0	,10.0	,3.0	,0.0	,0.0	,0.0	,0.0	,546.0	,549.0	,JDV024017330601,京东大件物流,陕西省,西安市,阎良区,,,否,否,	,	,	,否,	,	,	,	,	,	,	,	,	,	,	,	,否,否,	,否,否,,	,否,	,否,,,否
【重磅新品】云米净水器600G小海豚升级版厨下式RO反渗透直饮家用,251111-456770240883638,已发货，待收货,1	,正常,2025-11-11 23:04:49,2025-11-12 23:04:50,,2025-11-12 13:00:29,	,225501370546	,【24年新品】600G升级版6年长效,1600502140541	,厨房电器,净水器/净水设备及配件耗材,净水器,	,6923185653684	,6923185616399	,	,	,无售后或售后取消,,2025-11-11 23:04:50,	,,,,,,,否,否,	,否,	,,559.0	,0.0	,10.0	,50.0	,0.2	,0.0	,0.0	,0.0	,499.0	,549.0	,JDV024017292790,京东大件物流,安徽省,蚌埠市,五河县,,,否,否,	,	,	,否,	,	,	,	,	,	,	,	,	,	,	,	,否,否,	,否,否,,	,否,	,否,,,否
云米净水器滤芯小蓝调小海豚600G+专用复合滤芯RO反渗透滤芯过滤,251111-452187942411855,已发货，待收货,1	,正常,2025-11-11 23:04:54,2025-11-12 23:04:54,,2025-11-12 09:29:25,	,296967601341	,5in1复合滤芯 2年长效,1600193054565	,厨房电器,净水器/净水设备及配件耗材,净水器配件耗材,	,6923185627425	,	,	,	,无售后或售后取消,,2025-11-11 23:04:54,	,,,,,,,否,否,	,否,	,,299.0	,0.0	,0.0	,5.0	,0.0	,0.0	,0.0	,0.0	,294.0	,299.0	,JDV024015754206,京东配送,内蒙古自治区,呼和浩特市,新城区,,,否,否,	,	,	,否,	,	,	,	,	,	,	,	,	,	,	,	,否,否,	,否,否,,	,否,	,否,,,否
【重磅新品】云米净水器600G小海豚升级版厨下式RO反渗透直饮家用,251111-525556805130965,已发货，待收货,1	,正常,2025-11-11 23:05:15,2025-11-12 23:05:15,,2025-11-12 11:27:37,	,225501370546	,【24年新品】600G升级版6年长效,1600502140541	,厨房电器,净水器/净水设备及配件耗材,净水器,	,6923185653684	,6923185616399	,	,	,无售后或售后取消,,2025-11-11 23:05:15,	,,,,,,,否,否,	,否,	,,559.0	,0.0	,0.0	,0.0	,0.2	,0.0	,0.0	,0.0	,559.0	,559.0	,JDV024017341708,京东大件物流,河北省,廊坊市,广阳区,,,否,否,	,	,	,否,	,	,	,	,	,	,	,	,	,	,	,	,否,否,	,否,否,,	,否,	,否,,,否
【重磅新品】云米净水器600G小海豚升级版厨下式RO反渗透直饮家用,251111-651868249692918,未发货，退款成功,1	,正常,2025-11-11 23:02:39,2025-11-12 23:02:39,,	,	,225501370546	,【24年新品】600G升级版6年长效,1600502140541	,厨房电器,净水器/净水设备及配件耗材,净水器,	,6923185653684	,6923185616399	,聚水潭已取消发货 已退款 卫11.12,	,退款成功,,2025-11-11 23:02:39,	,,,,,,,否,否,	,否,	,,559.0	,0.0	,10.0	,0.0	,5.0	,0.0	,0.0	,0.0	,549.0	,549.0	,	,	,四川省,成都市,双流区,,,否,否,	,	,	,否,	,	,	,	,	,	,	,	,	,	,	,	,是,是,	,否,否,,	,否,	,否,,,否
【重磅新品】云米净水器600G小海豚升级版厨下式RO反渗透直饮家用,251111-524980078090965,已发货，待收货,1	,正常,2025-11-11 23:06:15,2025-11-12 23:06:15,,2025-11-12 13:00:32,	,225501370546	,【24年新品】600G升级版6年长效,1600502140541	,厨房电器,净水器/净水设备及配件耗材,净水器,	,6923185653684	,6923185616399	,	,	,无售后或售后取消,,2025-11-11 23:06:15,	,,,,,,,否,否,	,否,	,,559.0	,0.0	,0.0	,0.0	,0.0	,0.0	,0.0	,0.0	,559.0	,559.0	,JDV024017292189,京东大件物流,河北省,廊坊市,安次区,,,否,否,	,	,	,否,	,	,	,	,	,	,	,	,	,	,	,	,否,否,	,否,否,,	,否,	,否,,,否
【重磅新品】云米净水器600G小海豚升级版厨下式RO反渗透直饮家用,251111-010286590340165,已取消,1	,正常,	,	,,	,	,225501370546	,【24年新品】600G升级版6年长效,1600502140541	,厨房电器,净水器/净水设备及配件耗材,净水器,	,6923185653684	,6923185616399	,	,	,无售后或售后取消,,	,	,,,,,,,否,否,	,否,	,,559.0	,0.0	,0.0	,0.0	,0.0	,0.0	,0.0	,0.0	,559.0	,559.0	,	,	,****,****,****,****,,否,否,	,	,	,否,	,	,	,	,	,	,	,	,	,	,	,	,否,否,	,否,	,,	,否,	,否,,,否
【重磅新品】云米净水器600G小海豚升级版厨下式RO反渗透直饮家用,251111-363530821130965,已取消,1	,正常,	,	,,	,	,225501370546	,【24年新品】600G升级版6年长效,1600502140541	,厨房电器,净水器/净水设备及配件耗材,净水器,	,6923185653684	,6923185616399	,	,	,无售后或售后取消,,	,	,,,,,,,否,否,	,否,	,,559.0	,0.0	,0.0	,15.0	,0.0	,0.0	,0.0	,0.0	,544.0	,559.0	,	,	,****,****,****,****,,否,否,	,	,	,否,	,	,	,	,	,	,	,	,	,	,	,	,否,否,	,否,	,,	,否,	,否,,,否
【重磅新品】云米净水器600G小海豚升级版厨下式RO反渗透直饮家用,251111-136566545930965,已发货，待收货,1	,正常,2025-11-11 23:04:32,2025-11-12 23:04:32,,2025-11-12 11:27:37,	,225501370546	,【24年新品】600G升级版6年长效,1600502140541	,厨房电器,净水器/净水设备及配件耗材,净水器,	,6923185653684	,6923185616399	,	,	,无售后或售后取消,,2025-11-11 23:04:32,	,,,,,,,否,否,	,否,	,,559.0	,0.0	,0.0	,0.0	,0.0	,0.0	,0.0	,0.0	,559.0	,559.0	,JDV024017322223,京东大件物流,河北省,廊坊市,广阳区,,,否,否,	,	,	,否,	,	,	,	,	,	,	,	,	,	,	,	,否,否,	,否,否,,	,否,	,否,,,否
【重磅新品】云米净水器600G小海豚升级版厨下式RO反渗透直饮家用,251111-017322524981204,已取消,1	,正常,	,	,,	,	,225501370546	,【24年新品】600G升级版6年长效,1600502140541	,厨房电器,净水器/净水设备及配件耗材,净水器,	,6923185653684	,6923185616399	,	,	,无售后或售后取消,,	,	,,,,,,,否,否,	,否,	,,559.0	,0.0	,10.0	,0.0	,0.0	,0.0	,0.0	,0.0	,549.0	,549.0	,	,	,****,****,****,****,,否,否,	,	,	,否,	,	,	,	,	,	,	,	,	,	,	,	,是,否,	,否,	,,	,否,	,否,,,否
【母婴直饮】云米净水器 SE 600G+ 新升级厨下式RO反渗透直饮家用,251111-451621721652022,未发货，退款成功,1	,正常,2025-11-11 23:00:40,2025-12-12 23:00:41,2025-11-13 23:59:59,	,	,819506595979	,【24年新品】600G升级版6年长效,1787046011387	,厨房电器,净水器/净水设备及配件耗材,净水器,	,6923185653684	,6923185616399	,聚水潭已取消发货，仅退款  诚11.12,	,退款成功,,2025-11-11 23:00:41,	,,,,,,,否,否,	,否,	,,748.0	,0.0	,143.6	,70.0	,0.0	,0.0	,0.0	,0.0	,534.4	,604.4	,	,	,河北省,石家庄市,新华区,,,否,否,	,	,	,否,	,	,	,	,	,	,	,	,	,	,	,	,否,否,	,否,否,,	,否,	,否,,,否
【重磅新品】云米净水器600G小海豚升级版厨下式RO反渗透直饮家用,251111-038283548170965,已取消,1	,正常,	,	,,	,	,225501370546	,【24年新品】600G升级版6年长效,1600502140541	,厨房电器,净水器/净水设备及配件耗材,净水器,	,6923185653684	,6923185616399	,	,	,无售后或售后取消,,	,	,,,,,,,否,否,	,否,	,,559.0	,0.0	,0.0	,0.0	,0.0	,0.0	,0.0	,0.0	,559.0	,559.0	,	,	,****,****,****,****,,否,否,	,	,	,否,	,	,	,	,	,	,	,	,	,	,	,	,否,否,	,否,	,,	,否,	,否,,,否
云米净水器滤芯小蓝调小海豚600G+专用复合滤芯RO反渗透滤芯过滤,251111-547367227684087,未发货，退款成功,2	,正常,2025-11-11 22:58:19,2025-11-12 22:58:19,,	,	,296967601341	,5in1复合滤芯 2年长效,1600193054565	,厨房电器,净水器/净水设备及配件耗材,净水器配件耗材,	,6923185627425	,	,补差后返到手价198==已建单拦截：ZX2511120067298，卫11.12,	,退款成功,,2025-11-11 22:58:19,	,,,,,,,否,否,	,否,	,,598.0	,0.0	,5.98	,0.0	,0.0	,0.0	,0.0	,0.0	,592.02	,592.02	,	,	,广东省,汕尾市,海丰县,,,否,否,	,	,	,否,	,	,	,	,	,	,	,	,	,	,	,	,否,否,	,否,否,,	,否,	,否,,,否
【重磅新品】云米净水器600G小海豚升级版厨下式RO反渗透直饮家用,251111-376606574161663,已发货，待收货,1	,正常,2025-11-11 22:57:58,2025-11-12 22:57:59,,2025-11-12 11:27:38,	,225501370546	,【24年新品】600G升级版6年长效,1600502140541	,厨房电器,净水器/净水设备及配件耗材,净水器,	,6923185653684	,6923185616399	,	,	,无售后或售后取消,,2025-11-11 22:57:59,	,,,,,,,否,否,	,否,	,,559.0	,0.0	,10.0	,0.0	,0.0	,0.0	,0.0	,0.0	,549.0	,549.0	,JDV024017328395,京东大件物流,广东省,广州市,白云区,,,否,否,	,	,	,否,	,	,	,	,	,	,	,	,	,	,	,	,否,否,	,否,否,,	,否,	,否,,,否
云米水槽下水器垃圾处理器粉碎机下水道厨余搅碎机抑菌厨房家用,251111-533987346043413,已发货，待收货,1	,正常,2025-11-11 22:57:40,2025-11-12 22:57:40,,2025-11-12 13:00:31,	,852614628903	,【智能】厨余垃圾处理器,1812695452997	,厨房电器,食物垃圾处理机,食物垃圾处理机,	,6923185610250	,6923185610250	,	,	,无售后或售后取消,,2025-11-11 22:57:40,	,,,,,,,否,否,	,否,	,,889.0	,0.0	,48.0	,32.0	,0.0	,0.0	,0.0	,0.0	,809.0	,841.0	,JDV024017322969,京东大件物流,江苏省,无锡市,惠山区,,,否,否,	,	,	,否,	,	,	,	,	,	,	,	,	,	,	,	,否,否,	,否,否,,	,否,	,否,,,否
【重磅新品】云米净水器600G小海豚升级版厨下式RO反渗透直饮家用,251111-201043494410965,已取消,3	,正常,	,	,,	,	,225501370546	,【24年新品】600G升级版6年长效,1600502140541	,厨房电器,净水器/净水设备及配件耗材,净水器,	,6923185653684	,6923185616399	,	,	,无售后或售后取消,,	,	,,,,,,,否,否,	,否,	,,1677.0	,0.0	,16.77	,0.0	,0.0	,0.0	,0.0	,0.0	,1660.23	,1660.23	,	,	,****,****,****,****,,否,否,	,	,	,否,	,	,	,	,	,	,	,	,	,	,	,	,否,否,	,否,	,,	,否,	,否,,,否
【重磅新品】云米净水器600G小海豚升级版厨下式RO反渗透直饮家用,251111-429842787892022,未发货，退款成功,1	,正常,2025-11-11 22:57:00,2025-11-12 22:57:01,,	,	,225501370546	,【24年新品】600G升级版6年长效,1600502140541	,厨房电器,净水器/净水设备及配件耗材,净水器,	,6923185653684	,6923185616399	,聚水潭已取消发货 已退款 卫11.12,	,退款成功,,2025-11-11 22:57:01,	,,,,,,,否,否,	,否,	,,559.0	,0.0	,10.0	,0.0	,0.0	,0.0	,0.0	,0.0	,549.0	,549.0	,	,	,河北省,石家庄市,新华区,,,否,否,	,	,	,否,	,	,	,	,	,	,	,	,	,	,	,	,否,否,	,否,否,,	,否,	,否,,,否
【重磅新品】云米净水器600G小海豚升级版厨下式RO反渗透直饮家用,251111-153490624804087,未发货，退款成功,1	,正常,2025-11-11 22:56:27,2025-11-12 22:56:27,2025-11-13 23:59:59,	,	,225501370546	,【24年新品】600G升级版6年长效,1600502140541	,厨房电器,净水器/净水设备及配件耗材,净水器,	,6923185653684	,6923185616399	,聚水潭已取消发货 已退款 卫11.12,	,退款成功,,2025-11-11 22:56:27,	,,,,,,,否,否,	,否,	,,559.0	,0.0	,10.0	,54.9	,0.2	,0.0	,0.0	,0.0	,494.1	,549.0	,	,	,广东省,汕尾市,海丰县,,,否,否,	,	,	,否,	,	,	,	,	,	,	,	,	,	,	,	,否,否,	,否,否,,	,否,	,否,,,否
云米即热净水器厨房家用直饮RO反渗透加热净饮一体机1000G,251111-037339861413423,已发货，待收货,1	,正常,2025-11-11 22:55:43,2025-11-12 22:55:43,,2025-11-12 13:00:30,	,846360072018	,即热直饮 1000G大通量,1807240839093	,厨房电器,净水器/净水设备及配件耗材,净水器,	,6923185651116	,6923185651116	,	,	,无售后或售后取消,,2025-11-11 22:55:43,	,,,,,,,否,否,	,否,	,,1498.0	,0.0	,60.0	,40.0	,0.0	,0.0	,0.0	,0.0	,1398.0	,1438.0	,JDV024017342203,京东大件物流,山东省,德州市,夏津县,,,否,否,	,	,	,否,	,	,	,	,	,	,	,	,	,	,	,	,否,是,	,否,是,3	,商家,否,	,否,,信用卡分期,否
【重磅新品】云米净水器600G小海豚升级版厨下式RO反渗透直饮家用,251111-673301153362484,已取消,1	,正常,	,	,,	,	,225501370546	,【24年新品】600G升级版6年长效,1600502140541	,厨房电器,净水器/净水设备及配件耗材,净水器,	,6923185653684	,6923185616399	,	,	,无售后或售后取消,,	,	,,,,,,,否,否,	,否,	,,559.0	,0.0	,10.0	,0.0	,0.0	,0.0	,0.0	,0.0	,549.0	,549.0	,	,	,****,****,****,****,,否,否,	,	,	,否,	,	,	,	,	,	,	,	,	,	,	,	,否,否,	,否,	,,	,否,	,否,,,否
【重磅新品】云米净水器600G小海豚升级版厨下式RO反渗透直饮家用,251111-668718917940471,已发货，待收货,1	,正常,2025-11-11 22:54:15,2025-11-12 22:54:15,,2025-11-12 13:00:31,	,225501370546	,【24年新品】600G升级版6年长效,1600502140541	,厨房电器,净水器/净水设备及配件耗材,净水器,	,6923185653684	,6923185616399	,	,	,无售后或售后取消,,2025-11-11 22:54:15,	,,,,,,,否,否,	,否,	,,559.0	,0.0	,10.0	,0.0	,1.09	,0.0	,0.0	,0.0	,549.0	,549.0	,JDV024017329565,京东大件物流,江西省,南昌市,西湖区,,,否,否,	,	,	,否,	,	,	,	,	,	,	,	,	,	,	,	,否,否,	,否,否,,	,否,	,否,,,否
【母婴直饮】云米净水器 SE 600G+ 新升级厨下式RO反渗透直饮家用,251111-504417544582404,待付款,1	,正常,	,	,,	,	,819506595979	,【24年新品】600G升级版6年长效,1787046011387	,厨房电器,净水器/净水设备及配件耗材,净水器,	,6923185653684	,6923185616399	,	,	,无售后或售后取消,,	,	,,,,,,,否,否,	,否,	,,748.0	,0.0	,137.6	,100.0	,0.0	,0.0	,0.0	,0.0	,510.4	,610.4	,	,	,****,****,****,****,,否,否,	,	,	,否,	,	,	,	,	,	,	,	,	,	,	,	,否,否,	,否,	,,	,否,	,否,,,否
云米即热净水器厨房家用直饮RO反渗透加热净饮一体机1000G,251111-073043863973423,已取消,1	,正常,	,	,,	,	,846360072018	,即热直饮 1000G大通量,1807240839093	,厨房电器,净水器/净水设备及配件耗材,净水器,	,6923185651116	,6923185651116	,	,	,无售后或售后取消,,	,	,,,,,,,否,否,	,否,	,,1498.0	,0.0	,60.0	,40.0	,0.0	,0.0	,0.0	,0.0	,1398.0	,1438.0	,	,	,****,****,****,****,,否,否,	,	,	,否,	,	,	,	,	,	,	,	,	,	,	,	,否,否,	,否,	,,	,否,	,否,,,否
云米蓝调2双胆电热水器60L超短超薄速热增容大水量3000W杀菌安全,251111-429171740974057,待付款,1	,正常,	,	,,	,	,846212481564	,超薄超短电热水器60L,1807140932949	,大家电,热水器,电热水器,	,6923185657057	,6923185657057	,	,	,无售后或售后取消,,	,	,,,,,,,否,否,	,否,	,,882.0	,0.0	,0.0	,42.0	,0.0	,0.0	,0.0	,0.0	,840.0	,882.0	,	,	,****,****,****,****,,否,否,	,	,	,否,	,	,	,	,	,	,	,	,	,	,	,	,否,否,	,否,	,,	,否,	,否,,,否
云米净水器滤芯小蓝调小海豚600G+专用复合滤芯RO反渗透滤芯过滤,251111-429339523441994,已发货，待收货,1	,正常,2025-11-11 22:48:48,2025-11-12 22:48:49,,2025-11-12 10:54:31,	,296967601341	,5in1复合滤芯 2年长效,1600193054565	,厨房电器,净水器/净水设备及配件耗材,净水器配件耗材,	,6923185627425	,	,补差后返到手价99,	,无售后或售后取消,,2025-11-11 22:48:49,	,,,,,,,否,否,	,否,	,,299.0	,0.0	,0.0	,1.0	,0.0	,0.0	,0.0	,0.0	,298.0	,299.0	,JDV024016812409,京东配送,海南省,三亚市,三亚市,,,否,否,	,	,	,否,	,	,	,	,	,	,	,	,	,	,	,	,否,否,	,否,否,,	,否,	,否,,,否
【冷热直饮套装】云米净水器家用厨下管线机套装一键即热制冷直饮,251111-315432650373124,待付款,1	,正常,	,	,,	,	,480070620581	,【净热直饮套装】新品净水器+制热管线机,1620106386126	,厨房电器,净水器/净水设备及配件耗材,净水器,	,S2405281401001,	,	,	,无售后或售后取消,,	,	,,,,,,,否,否,	,否,	,,1449.0	,0.0	,0.0	,0.0	,0.0	,0.0	,0.0	,0.0	,1449.0	,1449.0	,	,	,****,****,****,****,,否,否,	,	,	,否,	,	,	,	,	,	,	,	,	,	,	,	,否,否,	,否,	,,	,否,	,否,,,否
【重磅新品】云米净水器600G小海豚升级版厨下式RO反渗透直饮家用,251111-238278459782325,已发货，待收货,1	,正常,2025-11-11 22:48:13,2025-11-12 22:48:13,,2025-11-12 13:00:32,	,225501370546	,【24年新品】600G升级版6年长效,1600502140541	,厨房电器,净水器/净水设备及配件耗材,净水器,	,6923185653684	,6923185616399	,	,	,无售后或售后取消,,2025-11-11 22:48:13,	,,,,,,,否,否,	,否,	,,559.0	,0.0	,10.0	,0.0	,1.09	,0.0	,0.0	,0.0	,549.0	,549.0	,JDV024017292332,京东大件物流,河北省,张家口市,宣化区,,,否,否,	,	,	,否,	,	,	,	,	,	,	,	,	,	,	,	,否,否,	,否,否,,	,否,	,否,,,否
【重磅新品】云米净水器600G小海豚升级版厨下式RO反渗透直饮家用,251111-176758516063852,已取消,1	,正常,	,	,,	,	,225501370546	,【24年新品】600G升级版6年长效,1600502140541	,厨房电器,净水器/净水设备及配件耗材,净水器,	,6923185653684	,6923185616399	,	,	,无售后或售后取消,,	,	,,,,,,,否,否,	,否,	,,559.0	,0.0	,0.0	,0.0	,0.0	,0.0	,0.0	,0.0	,559.0	,559.0	,	,	,****,****,****,****,,否,否,	,	,	,否,	,	,	,	,	,	,	,	,	,	,	,	,否,否,	,否,	,,	,否,	,否,,,否
【重磅新品】云米净水器600G小海豚升级版厨下式RO反渗透直饮家用,251111-053739569521994,已发货，待收货,1	,正常,2025-11-11 22:45:34,2025-11-12 22:45:34,,2025-11-12 11:27:39,	,225501370546	,【24年新品】600G升级版6年长效,1600502140541	,厨房电器,净水器/净水设备及配件耗材,净水器,	,6923185653684	,6923185616399	,	,	,无售后或售后取消,,2025-11-11 22:45:34,	,,,,,,,否,否,	,否,	,,559.0	,0.0	,10.0	,3.0	,1.09	,0.0	,0.0	,0.0	,546.0	,549.0	,JDV024017386903,京东大件物流,海南省,三亚市,三亚市,,,否,否,	,	,	,否,	,	,	,	,	,	,	,	,	,	,	,	,否,否,	,否,否,,	,否,	,否,,,否
【重磅新品】云米净水器600G小海豚升级版厨下式RO反渗透直饮家用,251111-048203108781693,未发货，退款成功,1	,正常,2025-11-11 22:46:08,2025-11-12 22:46:08,,	,	,225501370546	,【24年新品】600G升级版6年长效,1600502140541	,厨房电器,净水器/净水设备及配件耗材,净水器,	,6923185653684	,6923185616399	,聚水潭已取消发货 已退款 卫11.12,	,退款成功,,2025-11-11 22:46:08,	,,,,,,,否,否,	,否,	,,559.0	,0.0	,10.0	,0.0	,5.0	,0.0	,0.0	,0.0	,549.0	,549.0	,	,	,山西省,太原市,杏花岭区,,,否,否,	,	,	,否,	,	,	,	,	,	,	,	,	,	,	,	,否,否,	,否,否,,	,否,	,否,,,否
云米顶侧大吸力蓝调油烟机家用厨房节能自清洁一级能效可挥手智控,251111-628967370344036,已发货，待收货,1	,正常,2025-11-11 22:45:14,2025-11-12 22:45:14,,2025-11-12 16:00:49,	,657344402006	,云米智清洁挥手智控单烟机,1723825075586	,大家电,厨房大电,油烟机,	,6923185650973	,6923185650973	,	,	,无售后或售后取消,,2025-11-11 22:45:14,	,,,,,,,否,否,	,否,	,,838.0	,0.0	,42.0	,39.8	,0.2	,0.0	,0.0	,0.0	,756.2	,796.0	,JDV024017752295,京东大件物流,安徽省,合肥市,瑶海区,,,否,否,	,	,	,否,	,	,	,	,	,	,	,	,	,	,	,	,否,否,	,否,否,,	,否,	,否,,,否
【重磅新品】云米净水器600G小海豚升级版厨下式RO反渗透直饮家用,251111-109523812710659,已发货，待收货,1	,正常,2025-11-11 22:48:30,2025-11-12 22:48:31,,2025-11-12 11:27:37,	,225501370546	,【24年新品】600G升级版6年长效,1600502140541	,厨房电器,净水器/净水设备及配件耗材,净水器,	,6923185653684	,6923185616399	,	,	,无售后或售后取消,,2025-11-11 22:48:31,	,,,,,,,否,否,	,否,	,,559.0	,0.0	,10.0	,54.9	,2.0	,0.0	,0.0	,0.0	,494.1	,549.0	,JDV024017367598,京东大件物流,广东省,湛江市,雷州市,,,否,否,	,	,	,否,	,	,	,	,	,	,	,	,	,	,	,	,否,否,	,否,否,,	,否,	,否,,,否
【重磅新品】云米净水器600G小海豚升级版厨下式RO反渗透直饮家用,251111-079482130733406,已发货，待收货,1	,正常,2025-11-11 22:44:49,2025-11-12 22:44:50,,2025-11-12 11:27:37,	,225501370546	,【24年新品】600G升级版6年长效,1600502140541	,厨房电器,净水器/净水设备及配件耗材,净水器,	,6923185653684	,6923185616399	,	,	,无售后或售后取消,,2025-11-11 22:44:50,	,,,,,,,否,否,	,否,	,,559.0	,0.0	,10.0	,54.9	,0.0	,0.0	,0.0	,0.0	,494.1	,549.0	,JDV024017366214,京东大件物流,上海市,上海市,普陀区,,,否,否,	,	,	,否,	,	,	,	,	,	,	,	,	,	,	,	,否,否,	,否,否,,	,否,	,否,,,否
【重磅新品】云米净水器600G小海豚升级版厨下式RO反渗透直饮家用,251111-650830169632275,已发货，待收货,1	,正常,2025-11-11 22:44:29,2025-11-12 22:44:29,,2025-11-12 11:27:37,	,225501370546	,【24年新品】600G升级版6年长效,1600502140541	,厨房电器,净水器/净水设备及配件耗材,净水器,	,6923185653684	,6923185616399	,	,	,无售后或售后取消,,2025-11-11 22:44:29,	,,,,,,,否,否,	,否,	,,559.0	,0.0	,10.0	,30.0	,0.0	,0.0	,0.0	,0.0	,519.0	,549.0	,JDV024017366259,京东大件物流,山西省,太原市,小店区,,,否,否,	,	,	,否,	,	,	,	,	,	,	,	,	,	,	,	,否,是,	,否,否,,	,否,	,否,,,否
【重磅新品】云米净水器600G小海豚升级版厨下式RO反渗透直饮家用,251111-658757445982952,已发货，待收货,1	,正常,2025-11-11 22:42:06,2025-11-12 22:42:06,,2025-11-12 11:27:37,	,225501370546	,【24年新品】600G升级版6年长效,1600502140541	,厨房电器,净水器/净水设备及配件耗材,净水器,	,6923185653684	,6923185616399	,	,	,无售后或售后取消,,2025-11-11 22:42:06,	,,,,,,,否,否,	,否,	,,559.0	,0.0	,0.0	,55.9	,0.2	,0.0	,0.0	,0.0	,503.1	,559.0	,JDV024017312987,京东大件物流,湖北省,武汉市,江汉区,,,否,否,	,	,	,否,	,	,	,	,	,	,	,	,	,	,	,	,否,否,	,否,否,,	,否,	,否,,,否
【重磅新品】云米净水器600G小海豚升级版厨下式RO反渗透直饮家用,251111-106713617920767,已发货，待收货,1	,正常,2025-11-11 22:41:05,2025-11-12 22:41:05,,2025-11-12 11:27:38,	,225501370546	,【24年新品】600G升级版6年长效,1600502140541	,厨房电器,净水器/净水设备及配件耗材,净水器,	,6923185653684	,6923185616399	,	,	,无售后或售后取消,,2025-11-11 22:41:05,	,,,,,,,否,否,	,否,	,,559.0	,0.0	,10.0	,0.0	,1.09	,0.0	,0.0	,0.0	,549.0	,549.0	,JDV024017312331,京东大件物流,安徽省,合肥市,长丰县,,,否,否,	,	,	,否,	,	,	,	,	,	,	,	,	,	,	,	,否,否,	,否,否,,	,否,	,否,,,否
【重磅新品】云米净水器600G小海豚升级版厨下式RO反渗透直饮家用,251111-097150636453781,已发货，待收货,1	,正常,2025-11-11 22:37:41,2025-11-12 22:37:41,,2025-11-12 13:00:30,	,225501370546	,【24年新品】600G升级版6年长效,1600502140541	,厨房电器,净水器/净水设备及配件耗材,净水器,	,6923185653684	,6923185616399	,	,	,无售后或售后取消,,2025-11-11 22:37:41,	,,,,,,,否,否,	,否,	,,559.0	,0.0	,10.0	,0.0	,0.2	,0.0	,0.0	,0.0	,549.0	,549.0	,JDV024017329809,京东大件物流,广东省,佛山市,顺德区,,,否,否,	,	,	,否,	,	,	,	,	,	,	,	,	,	,	,	,否,否,	,否,否,,	,否,	,否,,,否
【重磅新品】云米净水器600G小海豚升级版厨下式RO反渗透直饮家用,251111-313618613770565,已发货，待收货,1	,正常,2025-11-11 22:33:40,2025-11-12 22:33:40,,2025-11-12 13:00:31,	,225501370546	,【24年新品】600G升级版6年长效,1600502140541	,厨房电器,净水器/净水设备及配件耗材,净水器,	,6923185653684	,6923185616399	,	,	,无售后或售后取消,,2025-11-11 22:33:40,	,,,,,,,否,否,	,否,	,,559.0	,0.0	,10.0	,54.9	,0.0	,0.0	,0.0	,0.0	,494.1	,549.0	,JDV024017279623,京东大件物流,四川省,宜宾市,翠屏区,,,否,否,	,	,	,否,	,	,	,	,	,	,	,	,	,	,	,	,否,否,	,否,否,,	,否,	,否,,,否
【重磅新品】云米净水器600G小海豚升级版厨下式RO反渗透直饮家用,251111-279183430031080,已发货，待收货,1	,正常,2025-11-11 22:31:01,2025-11-12 22:31:01,,2025-11-12 11:27:39,	,225501370546	,【24年新品】600G升级版6年长效,1600502140541	,厨房电器,净水器/净水设备及配件耗材,净水器,	,6923185653684	,6923185616399	,	,	,无售后或售后取消,,2025-11-11 22:31:01,	,,,,,,,否,否,	,否,	,,559.0	,0.0	,10.0	,0.0	,0.0	,0.0	,0.0	,0.0	,549.0	,549.0	,JDV024017348447,京东大件物流,河北省,唐山市,路南区,,,否,否,	,	,	,否,	,	,	,	,	,	,	,	,	,	,	,	,否,否,	,否,否,,	,否,	,否,,,否
【重磅新品】云米净水器600G小海豚升级版厨下式RO反渗透直饮家用,251111-171085719933919,已发货，待收货,1	,正常,2025-11-11 22:30:52,2025-11-12 22:30:52,,2025-11-12 11:27:38,	,225501370546	,【24年新品】600G升级版6年长效,1600502140541	,厨房电器,净水器/净水设备及配件耗材,净水器,	,6923185653684	,6923185616399	,	,	,无售后或售后取消,,2025-11-11 22:30:52,	,,,,,,,否,否,	,否,	,,559.0	,0.0	,10.0	,0.0	,0.0	,0.0	,0.0	,0.0	,549.0	,549.0	,JDV024017338601,京东大件物流,辽宁省,大连市,甘井子区,,,否,否,	,	,	,否,	,	,	,	,	,	,	,	,	,	,	,	,否,是,	,否,否,,	,否,	,否,,,否
【重磅新品】云米净水器600G小海豚升级版厨下式RO反渗透直饮家用,251111-169785433753417,已发货，待收货,1	,正常,2025-11-11 22:29:50,2025-11-12 22:29:50,,2025-11-12 11:27:39,	,225501370546	,【24年新品】600G升级版6年长效,1600502140541	,厨房电器,净水器/净水设备及配件耗材,净水器,	,6923185653684	,6923185616399	,	,	,无售后或售后取消,,2025-11-11 22:29:50,	,,,,,,,否,否,	,否,	,,559.0	,0.0	,10.0	,0.0	,0.0	,0.0	,0.0	,0.0	,549.0	,549.0	,JDV024017311997,京东大件物流,广东省,潮州市,饶平县,,,否,否,	,	,	,否,	,	,	,	,	,	,	,	,	,	,	,	,否,是,	,否,否,,	,否,	,否,,,否
【重磅新品】云米净水器600G小海豚升级版厨下式RO反渗透直饮家用,251111-498472118672905,已发货，待收货,1	,正常,2025-11-11 22:29:31,2025-11-12 22:29:32,,2025-11-12 11:27:36,	,225501370546	,【24年新品】600G升级版6年长效,1600502140541	,厨房电器,净水器/净水设备及配件耗材,净水器,	,6923185653684	,6923185616399	,	,	,无售后或售后取消,,2025-11-11 22:29:32,	,,,,,,,否,否,	,否,	,,559.0	,0.0	,10.0	,0.0	,0.0	,0.0	,0.0	,0.0	,549.0	,549.0	,JDV024017675092,京东大件物流,四川省,广安市,其他区,,,否,否,	,	,	,否,	,	,	,	,	,	,	,	,	,	,	,	,否,否,	,否,否,,	,否,	,否,,,否
VIOMI云米净水器大通量小海豚800G反渗透RO厨下式家用长效滤芯,251111-189163118212788,已发货，待收货,2	,正常,2025-11-11 22:29:28,2025-11-12 22:29:28,,2025-11-12 10:54:28,	,850333437206	,竹炭复合商品滤芯,1810726753549	,厨房电器,净水器/净水设备及配件耗材,净水器,	,6923185654193	,	,补差后返到手价198=19598474484拦截 [viomi莉莉sk 11/12 12:24],	,售后处理中,,2025-11-11 22:29:28,	,,,,,,,否,否,	,否,	,,598.0	,0.0	,29.9	,0.0	,0.0	,0.0	,0.0	,0.0	,568.1	,568.1	,JDV024015783984,京东配送,广东省,揭阳市,普宁市,,,否,否,	,	,	,否,	,	,	,	,	,	,	,	,	,	,	,	,否,否,	,否,否,,	,否,	,否,,,否
云米净水器滤芯小蓝调小海豚600G+专用复合滤芯RO反渗透滤芯过滤,251111-252979505493318,已发货，退款成功,2	,正常,2025-11-11 22:28:35,2025-11-12 22:28:36,,2025-11-12 09:28:27,	,296967601341	,5in1复合滤芯 2年长效,1600193054565	,厨房电器,净水器/净水设备及配件耗材,净水器配件耗材,	,6923185627425	,	,补差后返到手价198=18466723506拦截 [viomi莉莉sk 11/12 09:39]==已拦截成功，退款卫 11.12,	,退款成功,,2025-11-11 22:28:36,	,,,,,,,否,否,	,否,	,,598.0	,0.0	,5.98	,15.0	,0.0	,0.0	,0.0	,0.0	,577.02	,592.02	,JDV024015783976,京东配送,山西省,晋中市,榆次区,,,否,否,	,	,	,否,	,	,	,	,	,	,	,	,	,	,	,	,是,是,	,否,否,,	,否,	,否,,,否
VIOMI云米净水器大通量小海豚800G反渗透RO厨下式家用长效滤芯,251111-657677360772788,已发货，待收货,1	,正常,2025-11-11 22:28:26,2025-11-12 22:28:26,,2025-11-12 10:06:23,	,837957770723	,800G大通量纯水机,1809123722986	,厨房电器,净水器/净水设备及配件耗材,净水器配件耗材,	,6923185653974	,	,19598474484拦截 [viomi莉莉sk 11/12 12:25],	,售后处理中,,2025-11-11 22:28:26,	,,,,,,,否,否,	,否,	,,882.9	,0.0	,177.0	,0.0	,0.0	,0.0	,0.0	,0.0	,705.9	,705.9	,JDV024015760082,京东配送,广东省,揭阳市,普宁市,,,否,否,	,	,	,否,	,	,	,	,	,	,	,	,	,	,	,	,否,否,	,否,否,,	,否,	,否,,,否
【重磅新品】云米净水器600G小海豚升级版厨下式RO反渗透直饮家用,251111-671571013172532,未发货，退款成功,1	,正常,2025-11-11 22:27:12,2025-11-12 22:27:13,,	,	,225501370546	,【24年新品】600G升级版6年长效,1600502140541	,厨房电器,净水器/净水设备及配件耗材,净水器,	,6923185653684	,6923185616399	,聚水潭已取消发货，仅退款  诚11.12,	,退款成功,,2025-11-11 22:27:13,	,,,,,,,否,否,	,否,	,,559.0	,0.0	,10.0	,0.0	,0.0	,0.0	,0.0	,0.0	,549.0	,549.0	,	,	,辽宁省,鞍山市,海城市,,,否,否,	,	,	,否,	,	,	,	,	,	,	,	,	,	,	,	,否,否,	,否,否,,	,否,	,否,,,否
云米净水器滤芯小蓝调小海豚600G+专用复合滤芯RO反渗透滤芯过滤,251111-131848006070287,已发货，待收货,1	,正常,2025-11-11 22:25:03,2025-11-12 22:25:03,,2025-11-12 10:54:40,	,296967601341	,5in1复合滤芯 2年长效,1600193054565	,厨房电器,净水器/净水设备及配件耗材,净水器配件耗材,	,6923185627425	,	,补差后返到手价99,	,无售后或售后取消,,2025-11-11 22:25:03,	,,,,,,,否,否,	,否,	,,299.0	,0.0	,0.0	,38.87	,0.0	,0.0	,0.0	,0.0	,260.13	,299.0	,JDV024017354244,京东配送,河南省,鹤壁市,淇县,,,否,否,	,	,	,否,	,	,	,	,	,	,	,	,	,	,	,	,否,否,	,否,否,,	,否,	,否,,,否
云米电热水器家用洗澡租房储水式速热抑菌节能省电卫生间40/60升,251111-439521165720188,已发货，待收货,1	,正常,2025-11-11 22:25:06,2025-11-12 22:25:06,,2025-11-12 11:31:34,	,227645754240	,"速热抑菌洗-40L,全国联保送货上门安装8年质保",1645458252843	,大家电,热水器,电热水器,	,6923185681281	,	,	,	,无售后或售后取消,,2025-11-11 22:25:06,	,,,,,,,否,否,	,否,	,,379.0	,0.0	,0.0	,50.0	,0.0	,0.0	,0.0	,0.0	,329.0	,379.0	,JDLD12900691086,京东大件物流,福建省,龙岩市,上杭县,,,否,否,	,	,	,否,	,	,	,	,	,	,	,	,	,	,	,	,否,否,	,否,否,,	,否,	,否,,,否
【重磅新品】云米净水器600G小海豚升级版厨下式RO反渗透直饮家用,251111-674664354230287,已发货，待收货,1	,正常,2025-11-11 22:24:37,2025-11-12 22:24:38,,2025-11-12 11:27:37,	,225501370546	,【24年新品】600G升级版6年长效,1600502140541	,厨房电器,净水器/净水设备及配件耗材,净水器,	,6923185653684	,6923185616399	,	,	,无售后或售后取消,,2025-11-11 22:24:38,	,,,,,,,否,否,	,否,	,,559.0	,0.0	,10.0	,54.9	,0.0	,0.0	,0.0	,0.0	,494.1	,549.0	,JDV024017352551,京东大件物流,河南省,鹤壁市,淇县,,,否,否,	,	,	,否,	,	,	,	,	,	,	,	,	,	,	,	,否,否,	,否,否,,	,否,	,否,,,否
云米电热水器免换镁棒1级能效钛芯防护抑菌内胆免清洗3000W速热,251111-664503610910689,已发货，待收货,1	,正常,2025-11-11 22:23:20,2025-11-12 22:23:20,,2025-11-12 09:31:24,	,215513269171	,"【免更换镁棒技术】抑菌健康洗,50L",1757655804682	,大家电,热水器,电热水器,	,6923185611882	,镁棒50/60L,	,	,无售后或售后取消,,2025-11-11 22:23:20,	,,,,,,,否,否,	,否,	,,703.0	,0.0	,0.0	,0.0	,1.4	,0.0	,0.0	,0.0	,703.0	,703.0	,JDV024015770692,京东配送,海南省,海口市,龙华区,,,否,否,	,	,	,否,	,	,	,	,	,	,	,	,	,	,	,	,否,是,	,否,否,,	,否,	,否,,,否
【重磅新品】云米净水器600G小海豚升级版厨下式RO反渗透直饮家用,251111-012520035984030,已取消,1	,正常,	,	,,	,	,225501370546	,【24年新品】600G升级版6年长效,1600502140541	,厨房电器,净水器/净水设备及配件耗材,净水器,	,6923185653684	,6923185616399	,	,	,无售后或售后取消,,	,	,,,,,,,否,否,	,否,	,,559.0	,0.0	,10.0	,54.9	,0.0	,0.0	,0.0	,0.0	,494.1	,549.0	,	,	,****,****,****,****,,否,否,	,	,	,否,	,	,	,	,	,	,	,	,	,	,	,	,否,否,	,否,	,,	,否,	,否,,,否
云米智能洗碗机10套热风烘干消毒嵌入式洗烘存一体家用IronA1,251111-141935296870690,已发货，待收货,1	,正常,2025-11-11 22:21:41,2025-11-12 22:21:41,,2025-11-12 11:12:25,	,223485946991	,Iron A1消毒除菌洗碗机10套,1357746713795	,大家电,厨房大电,洗碗机,	,6923185616375	,6923185616375	,	,	,无售后或售后取消,,2025-11-11 22:21:41,	,,,,,,,否,否,	,否,	,,1599.0	,0.0	,80.0	,100.0	,0.0	,0.0	,0.0	,0.0	,1419.0	,1519.0	,JDV024017386535,京东大件物流,重庆市,重庆市,九龙坡区,,,否,否,	,	,	,否,	,	,	,	,	,	,	,	,	,	,	,	,否,是,	,否,是,3	,商家,否,	,否,,花呗分期,否
【重磅新品】云米净水器600G小海豚升级版厨下式RO反渗透直饮家用,251111-029926377072030,已发货，待收货,1	,正常,2025-11-11 22:20:48,2025-11-12 22:20:48,,2025-11-12 10:19:27,	,225501370546	,【24年新品】600G升级版6年长效,1600502140541	,厨房电器,净水器/净水设备及配件耗材,净水器,	,6923185653684	,6923185616399	,	,	,无售后或售后取消,,2025-11-11 22:20:48,	,,,,,,,否,否,	,否,	,,559.0	,0.0	,10.0	,54.9	,0.0	,0.0	,0.0	,0.0	,494.1	,549.0	,JDV024015744710,京东大件物流,山东省,烟台市,莱阳市,,,否,否,	,	,	,否,	,	,	,	,	,	,	,	,	,	,	,	,否,否,	,否,否,,	,否,	,否,,,否
【重磅新品】云米净水器600G小海豚升级版厨下式RO反渗透直饮家用,251111-248911030613318,未发货，退款成功,1	,正常,2025-11-11 22:20:35,2025-11-12 22:20:36,,	,	,225501370546	,【24年新品】600G升级版6年长效,1600502140541	,厨房电器,净水器/净水设备及配件耗材,净水器,	,6923185653684	,6923185616399	,ZX2511120067302待拦截11.12诚,	,退款成功,,2025-11-11 22:20:36,	,,,,,,,否,否,	,否,	,,559.0	,0.0	,10.0	,0.0	,0.2	,0.0	,0.0	,0.0	,549.0	,549.0	,	,	,山西省,晋中市,榆次区,,,否,否,	,	,	,否,	,	,	,	,	,	,	,	,	,	,	,	,是,是,	,否,否,,	,否,	,否,,,否
云米智能双胆电热水器扁桶家用速热储水式60L超薄抑菌节能大水量,251111-588964195950830,已发货，待收货,1	,正常,2025-11-11 22:18:46,2025-11-12 22:18:46,,2025-11-12 11:18:37,	,290130975552	,"纤薄安全节能60L,双胆扁桶",1756848157332	,大家电,热水器,电热水器,	,6923185610410	,6923185610410	,	,	,无售后或售后取消,,2025-11-11 22:18:46,	,,,,,,,否,否,	,否,	,,797.0	,0.0	,0.0	,60.0	,0.0	,0.0	,0.0	,0.0	,737.0	,797.0	,JDV024017366330,京东大件物流,浙江省,金华市,永康市,,,否,否,	,	,	,否,	,	,	,	,	,	,	,	,	,	,	,	,否,否,	,否,否,,	,否,	,否,,,否
VIOMI云米净水器1000G厨下直饮小体积净水机RO机智显龙头3秒满杯,251111-069080267150525,已发货，待收货,1	,正常,2025-11-11 22:17:14,2025-11-12 22:17:14,,2025-11-12 10:19:26,	,842195971715	,1000G大通量RO净水器,1803617356458	,厨房电器,净水器/净水设备及配件耗材,净水器,	,6923185654247	,	,主播：美然 场控：文蓝        权益：直播间抽奖10元红包,	,无售后或售后取消,,2025-11-11 22:17:14,	,,,,,,,否,否,	,否,	,,823.0	,0.0	,24.0	,0.0	,0.0	,0.0	,0.0	,0.0	,799.0	,799.0	,JDV024015773743,京东大件物流,河南省,许昌市,建安区,,,否,否,	,	,	,否,	,	,	,	,	,	,	,	,	,	,	,	,否,是,	,否,否,,	,否,	,否,,,否
【重磅新品】云米净水器600G小海豚升级版厨下式RO反渗透直饮家用,251111-283220405831674,已取消,1	,正常,	,	,,	,	,225501370546	,【24年新品】600G升级版6年长效,1600502140541	,厨房电器,净水器/净水设备及配件耗材,净水器,	,6923185653684	,6923185616399	,	,	,无售后或售后取消,,	,	,,,,,,,否,否,	,否,	,,559.0	,0.0	,10.0	,0.0	,0.0	,0.0	,0.0	,0.0	,549.0	,549.0	,	,	,****,****,****,****,,否,否,	,	,	,否,	,	,	,	,	,	,	,	,	,	,	,	,否,否,	,否,	,,	,否,	,否,,,否
【重磅新品】云米净水器600G小海豚升级版厨下式RO反渗透直饮家用,251111-523113612922824,已取消,1	,正常,	,	,,	,	,225501370546	,【24年新品】600G升级版6年长效,1600502140541	,厨房电器,净水器/净水设备及配件耗材,净水器,	,6923185653684	,6923185616399	,	,	,无售后或售后取消,,	,	,,,,,,,否,否,	,否,	,,559.0	,0.0	,0.0	,55.9	,0.0	,0.0	,0.0	,0.0	,503.1	,559.0	,	,	,****,****,****,****,,否,否,	,	,	,否,	,	,	,	,	,	,	,	,	,	,	,	,否,否,	,否,	,,	,否,	,否,,,否
VIOMI云米净水器1000G厨下直饮小体积净水机RO机智显龙头3秒满杯,251111-622298468701504,已发货，待收货,1	,正常,2025-11-11 22:15:54,2025-11-12 22:15:55,,2025-11-12 10:19:26,	,842195971715	,1000G大通量RO净水器,1803617356458	,厨房电器,净水器/净水设备及配件耗材,净水器,	,6923185654247	,	,	,	,无售后或售后取消,,2025-11-11 22:15:55,	,,,,,,,否,否,	,否,	,,823.0	,0.0	,24.0	,0.0	,0.0	,0.0	,0.0	,0.0	,799.0	,799.0	,JDV024015760839,京东大件物流,河南省,驻马店市,新蔡县,,,否,否,	,	,	,否,	,	,	,	,	,	,	,	,	,	,	,	,否,否,	,否,否,,	,否,	,否,,,否
【母婴直饮】云米净水器 SE 600G+ 新升级厨下式RO反渗透直饮家用,251111-661651536181369,已发货，待收货,1	,正常,2025-11-11 22:15:12,2025-11-12 22:15:13,,2025-11-12 09:45:21,	,819506595979	,【24年新品】600G升级版6年长效,1787046011387	,厨房电器,净水器/净水设备及配件耗材,净水器,	,6923185653684	,6923185616399	,	,	,无售后或售后取消,,2025-11-11 22:15:13,	,,,,,,,否,否,	,否,	,,748.0	,0.0	,143.6	,70.0	,0.0	,0.0	,0.0	,0.0	,534.4	,604.4	,JDV024015749030,京东配送,福建省,宁德市,蕉城区,,,否,否,	,	,	,否,	,	,	,	,	,	,	,	,	,	,	,	,否,是,	,否,否,,	,否,	,否,,,否
云米顶侧大吸力蓝调油烟机家用厨房节能自清洁一级能效可挥手智控,251111-127003595142488,已发货，待收货,1	,正常,2025-11-11 22:14:40,2025-11-12 22:14:40,,2025-11-12 09:30:24,	,657344402006	,云米智清洁挥手智控单烟机,1723825075586	,大家电,厨房大电,油烟机,	,6923185650973	,6923185650973	,	,	,无售后或售后取消,,2025-11-11 22:14:40,	,,,,,,,否,否,	,否,	,,839.0	,0.0	,0.0	,0.0	,0.0	,0.0	,0.0	,0.0	,839.0	,839.0	,JDV024016387570,京东配送,江苏省,徐州市,鼓楼区,,,否,否,	,	,	,否,	,	,	,	,	,	,	,	,	,	,	,	,否,否,	,否,否,,	,否,	,否,,,否
云米净水器滤芯小蓝调小海豚600G+专用复合滤芯RO反渗透滤芯过滤,251111-665059356292756,已发货，待收货,1	,正常,2025-11-11 22:15:49,2025-11-12 22:15:49,,2025-11-12 09:31:18,	,296967601341	,5in1复合滤芯 2年长效,1600193054565	,厨房电器,净水器/净水设备及配件耗材,净水器配件耗材,	,6923185627425	,	,补差后返到手价99,	,无售后或售后取消,,2025-11-11 22:15:49,	,,,,,,,否,否,	,否,	,,299.0	,0.0	,0.0	,0.0	,0.0	,0.0	,0.0	,0.0	,299.0	,299.0	,JDV024015753557,京东配送,河南省,焦作市,山阳区,,,否,否,	,	,	,否,	,	,	,	,	,	,	,	,	,	,	,	,否,否,	,否,否,,	,否,	,否,,,否
VIOMI云米净水器大通量小海豚800G反渗透RO厨下式家用长效滤芯,251111-056035961130843,已发货，待收货,1	,正常,2025-11-11 22:13:35,2025-11-12 22:13:35,,2025-11-12 10:06:25,	,837957770723	,800G大通量纯水机,1809123722986	,厨房电器,净水器/净水设备及配件耗材,净水器配件耗材,	,6923185653974	,	,	,	,无售后或售后取消,,2025-11-11 22:13:35,	,,,,,,,否,否,	,否,	,,882.9	,0.0	,177.0	,98.82	,0.0	,0.0	,0.0	,0.0	,607.08	,705.9	,JDV024015744800,京东配送,福建省,泉州市,鲤城区,,,否,否,	,	,	,否,	,	,	,	,	,	,	,	,	,	,	,	,否,否,	,否,否,,	,否,	,否,,,否
【重磅新品】云米净水器600G小海豚升级版厨下式RO反渗透直饮家用,251111-058479132991701,已发货，待收货,1	,正常,2025-11-11 22:13:31,2025-11-12 22:13:31,,2025-11-12 10:19:26,	,225501370546	,【24年新品】600G升级版6年长效,1600502140541	,厨房电器,净水器/净水设备及配件耗材,净水器,	,6923185653684	,6923185616399	,	,	,无售后或售后取消,,2025-11-11 22:13:31,	,,,,,,,否,否,	,否,	,,559.0	,0.0	,10.0	,0.0	,0.0	,0.0	,0.0	,0.0	,549.0	,549.0	,JDV024015790933,京东大件物流,四川省,绵阳市,涪城区,,,否,否,	,	,	,否,	,	,	,	,	,	,	,	,	,	,	,	,否,否,	,否,否,,	,否,	,否,,,否
【母婴直饮】云米净水器 SE 600G+ 新升级厨下式RO反渗透直饮家用,251111-551131615612026,已发货，待收货,1	,正常,2025-11-11 22:13:11,2025-11-12 22:13:11,,2025-11-12 09:51:30,	,819506595979	,【24年新品】600G升级版6年长效,1787046011387	,厨房电器,净水器/净水设备及配件耗材,净水器,	,6923185653684	,6923185616399	,	,	,无售后或售后取消,,2025-11-11 22:13:11,	,,,,,,,否,否,	,否,	,,748.0	,0.0	,143.6	,70.0	,0.0	,0.0	,0.0	,0.0	,534.4	,604.4	,JDV024015751622,京东配送,宁夏回族自治区,石嘴山市,大武口区,,,否,否,	,	,	,否,	,	,	,	,	,	,	,	,	,	,	,	,否,否,	,否,否,,	,否,	,否,,,否
云米智能双胆电热水器扁桶家用速热储水式60L超薄抑菌节能大水量,251111-073368901132863,已发货，待收货,1	,正常,2025-11-11 22:14:21,2025-11-12 22:14:21,,2025-11-12 09:31:24,	,290130975552	,"纤薄安全节能60L,双胆扁桶",1756848157332	,大家电,热水器,电热水器,	,6923185610410	,6923185610410	,	,	,无售后或售后取消,,2025-11-11 22:14:21,	,,,,,,,否,否,	,否,	,,797.0	,0.0	,0.0	,3.0	,0.0	,0.0	,0.0	,0.0	,794.0	,797.0	,JDV024015772655,京东配送,青海省,海东市,平安区,,,否,否,	,	,	,否,	,	,	,	,	,	,	,	,	,	,	,	,否,否,	,否,否,,	,否,	,否,,,否
云米小厨宝6L电热水器厨房卫生间出水恒温储水式小型速热神器加热,251111-599837908500901,已发货，待收货,1	,正常,2025-11-11 22:13:22,2025-11-12 22:13:22,,2025-11-12 13:00:30,	,208073193570	,热水即刻有-【6L】,1801828025682	,大家电,热水器,厨宝,	,6923185611233	,6923185611233	,	,	,无售后或售后取消,,2025-11-11 22:13:22,	,,,,,,,否,否,	,否,	,,267.0	,0.0	,14.0	,10.0	,0.0	,0.0	,0.0	,0.0	,243.0	,253.0	,JDV024017356888,京东大件物流,上海市,上海市,浦东新区,,,否,否,	,	,	,否,	,	,	,	,	,	,	,	,	,	,	,	,否,否,	,否,否,,	,否,	,否,,,否
云米净水器滤芯小蓝调小海豚600G+专用复合滤芯RO反渗透滤芯过滤,251111-570949660302290,已发货，待收货,1	,正常,2025-11-11 22:12:36,2025-11-12 22:12:37,,2025-11-12 09:09:22,	,296967601341	,5in1复合滤芯 2年长效,1600193054565	,厨房电器,净水器/净水设备及配件耗材,净水器配件耗材,	,6923185627425	,	,	,	,无售后或售后取消,,2025-11-11 22:12:37,	,,,,,,,否,否,	,否,	,,299.0	,0.0	,0.0	,0.0	,0.0	,0.0	,0.0	,0.0	,299.0	,299.0	,JDV024016353489,京东配送,上海市,上海市,闵行区,,,否,否,	,	,	,否,	,	,	,	,	,	,	,	,	,	,	,	,否,否,	,否,否,,	,否,	,否,,,否
【重磅新品】云米净水器600G小海豚升级版厨下式RO反渗透直饮家用,251111-368731820381578,已发货，待收货,1	,正常,2025-11-11 22:10:13,2025-11-12 22:10:13,,2025-11-12 10:19:26,	,225501370546	,【24年新品】600G升级版6年长效,1600502140541	,厨房电器,净水器/净水设备及配件耗材,净水器,	,6923185653684	,6923185616399	,	,	,无售后或售后取消,,2025-11-11 22:10:13,	,,,,,,,否,否,	,否,	,,559.0	,0.0	,10.0	,54.9	,0.0	,0.0	,0.0	,0.0	,494.1	,549.0	,JDV024015760811,京东大件物流,四川省,德阳市,广汉市,,,否,否,	,	,	,否,	,	,	,	,	,	,	,	,	,	,	,	,否,否,	,否,否,,	,否,	,否,,,否
【重磅新品】云米净水器600G小海豚升级版厨下式RO反渗透直饮家用,251111-189351872091520,未发货，退款成功,1	,正常,2025-11-11 22:10:13,2025-11-12 22:10:13,,	,	,225501370546	,【24年新品】600G升级版6年长效,1600502140541	,厨房电器,净水器/净水设备及配件耗材,净水器,	,6923185653684	,6923185616399	,聚水潭已取消发货，仅退款  诚11.12,	,退款成功,,2025-11-11 22:10:13,	,,,,,,,否,否,	,否,	,,559.0	,0.0	,10.0	,0.0	,0.0	,0.0	,0.0	,0.0	,549.0	,549.0	,	,	,广东省,广州市,荔湾区,,,否,否,	,	,	,否,	,	,	,	,	,	,	,	,	,	,	,	,否,否,	,否,否,,	,否,	,否,,,否
VIOMI云米净水器600G小蓝调厨下式RO反渗透直饮家用6年长效,251111-679896716833071,未发货，退款成功,1	,正常,2025-11-11 22:09:24,2025-11-12 22:09:24,,	,	,850883552953	,RO反渗透除去重金属,1811278299045	,厨房电器,净水器/净水设备及配件耗材,净水器,	,6923185653592	,6923185653592	,聚水潭已取消发货 已退款 卫11.12,	,退款成功,,2025-11-11 22:09:24,	,,,,,,,否,否,	,否,	,,699.0	,0.0	,0.0	,0.0	,0.0	,0.0	,0.0	,0.0	,699.0	,699.0	,	,	,河南省,新乡市,辉县市,,,否,否,	,	,	,否,	,	,	,	,	,	,	,	,	,	,	,	,否,否,	,否,否,,	,否,	,否,,,否
云米净水器滤芯家用小海豚小蓝调小白龙系列专用RO反渗透,251111-238456675980559,已发货，待收货,1	,正常,2025-11-11 22:12:28,2025-11-13 22:12:28,,2025-11-12 09:28:33,	,232467205433	,5in1 复合滤芯,1647394585330	,厨房电器,净水器/净水设备及配件耗材,净水器配件耗材,	,6923185627425	,	,补差后返到手价99,	,无售后或售后取消,,2025-11-11 22:12:28,	,,,,,,,否,否,	,否,	,,149.0	,0.0	,0.0	,0.0	,0.0	,0.0	,0.0	,0.0	,149.0	,149.0	,JDV024015767263,京东配送,山西省,临汾市,尧都区,,,否,否,	,	,	,否,	,	,	,	,	,	,	,	,	,	,	,	,否,否,	,否,否,,	,否,	,否,,,否
【重磅新品】云米净水器600G小海豚升级版厨下式RO反渗透直饮家用,251111-040705738382290,已发货，待收货,1	,正常,2025-11-11 22:08:14,2025-11-12 22:08:15,,2025-11-12 10:19:27,	,225501370546	,【24年新品】600G升级版6年长效,1600502140541	,厨房电器,净水器/净水设备及配件耗材,净水器,	,6923185653684	,6923185616399	,	,	,无售后或售后取消,,2025-11-11 22:08:15,	,,,,,,,否,否,	,否,	,,559.0	,0.0	,10.0	,54.9	,0.0	,0.0	,0.0	,0.0	,494.1	,549.0	,JDV024015790196,京东大件物流,上海市,上海市,闵行区,,,否,否,	,	,	,否,	,	,	,	,	,	,	,	,	,	,	,	,否,否,	,否,否,,	,否,	,否,,,否
【重磅新品】云米净水器600G小海豚升级版厨下式RO反渗透直饮家用,251111-613070958152911,已发货，待收货,1	,正常,2025-11-11 22:06:53,2025-11-12 22:06:53,,2025-11-12 10:19:27,	,225501370546	,【24年新品】600G升级版6年长效,1600502140541	,厨房电器,净水器/净水设备及配件耗材,净水器,	,6923185653684	,6923185616399	,	,	,无售后或售后取消,,2025-11-11 22:06:53,	,,,,,,,否,否,	,否,	,,559.0	,0.0	,0.0	,0.0	,0.0	,0.0	,0.0	,0.0	,559.0	,559.0	,JDV024015790367,京东大件物流,内蒙古自治区,锡林郭勒盟,苏尼特右旗,,,否,否,	,	,	,否,	,	,	,	,	,	,	,	,	,	,	,	,否,否,	,否,是,3	,商家,否,	,否,,花呗分期,否
【重磅新品】云米净水器600G小海豚升级版厨下式RO反渗透直饮家用,251111-677904453970192,已发货，待收货,1	,正常,2025-11-11 22:04:52,2025-11-12 22:04:53,,2025-11-12 10:19:27,	,225501370546	,【24年新品】600G升级版6年长效,1600502140541	,厨房电器,净水器/净水设备及配件耗材,净水器,	,6923185653684	,6923185616399	,	,	,无售后或售后取消,,2025-11-11 22:04:53,	,,,,,,,否,否,	,否,	,,559.0	,0.0	,10.0	,54.9	,0.2	,0.0	,0.0	,0.0	,494.1	,549.0	,JDV024015771459,京东大件物流,福建省,福州市,台江区,,,否,否,	,	,	,否,	,	,	,	,	,	,	,	,	,	,	,	,否,否,	,否,否,,	,否,	,否,,,否
【重磅新品】云米净水器600G小海豚升级版厨下式RO反渗透直饮家用,251111-238404247040220,已发货，待收货,1	,正常,2025-11-11 22:04:57,2025-11-12 22:04:57,,2025-11-12 10:19:27,	,225501370546	,【24年新品】600G升级版6年长效,1600502140541	,厨房电器,净水器/净水设备及配件耗材,净水器,	,6923185653684	,6923185616399	,	,	,无售后或售后取消,,2025-11-11 22:04:57,	,,,,,,,否,否,	,否,	,,559.0	,0.0	,10.0	,3.0	,1.09	,0.0	,0.0	,0.0	,546.0	,549.0	,JDV024015790376,京东大件物流,广东省,广州市,南沙区,,,否,否,	,	,	,否,	,	,	,	,	,	,	,	,	,	,	,	,否,否,	,否,否,,	,否,	,否,,,否
【重磅新品】云米净水器600G小海豚升级版厨下式RO反渗透直饮家用,251111-249571591800847,已发货，待收货,1	,正常,2025-11-11 22:04:26,2025-11-12 22:04:27,2025-11-13 23:59:59,2025-11-12 10:19:28,	,225501370546	,【24年新品】600G升级版6年长效,1600502140541	,厨房电器,净水器/净水设备及配件耗材,净水器,	,6923185653684	,6923185616399	,	,	,无售后或售后取消,,2025-11-11 22:04:27,	,,,,,,,否,否,	,否,	,,559.0	,0.0	,10.0	,50.0	,0.0	,0.0	,0.0	,0.0	,499.0	,549.0	,JDV024015779296,京东大件物流,上海市,上海市,闵行区,,,否,否,	,	,	,否,	,	,	,	,	,	,	,	,	,	,	,	,否,否,	,否,否,,	,否,	,否,,,否
【重磅新品】云米净水器600G小海豚升级版厨下式RO反渗透直饮家用,251111-133232146763096,已发货，待收货,1	,正常,2025-11-11 22:04:13,2025-11-12 22:04:14,,2025-11-12 10:19:26,	,225501370546	,【24年新品】600G升级版6年长效,1600502140541	,厨房电器,净水器/净水设备及配件耗材,净水器,	,6923185653684	,6923185616399	,	,	,无售后或售后取消,,2025-11-11 22:04:14,	,,,,,,,否,否,	,否,	,,559.0	,0.0	,10.0	,54.9	,0.0	,0.0	,0.0	,0.0	,494.1	,549.0	,JDV024015787773,京东大件物流,江苏省,无锡市,滨湖区,,,否,否,	,	,	,否,	,	,	,	,	,	,	,	,	,	,	,	,否,是,	,否,否,,	,否,	,否,,,否
云米小厨宝6L电热水器厨房卫生间出水恒温储水式小型速热神器加热,251111-157800251750590,已取消,1	,正常,	,	,,	,	,208073193570	,热水即刻有-【6L】,1801828025682	,大家电,热水器,厨宝,	,6923185611233	,6923185611233	,	,	,无售后或售后取消,,	,	,,,,,,,否,否,	,否,	,,267.0	,0.0	,14.0	,10.0	,0.0	,0.0	,0.0	,0.0	,243.0	,253.0	,	,	,****,****,****,****,,否,否,	,	,	,否,	,	,	,	,	,	,	,	,	,	,	,	,否,否,	,否,	,,	,否,	,否,,,否
【重磅新品】云米净水器600G小海豚升级版厨下式RO反渗透直饮家用,251111-501900962161143,待发货,1	,正常,2025-11-11 22:01:59,2026-01-01 22:01:59,,	,	,225501370546	,【24年新品】600G升级版6年长效,1600502140541	,厨房电器,净水器/净水设备及配件耗材,净水器,	,6923185653684	,6923185616399	,	,	,无售后或售后取消,,2025-11-11 22:01:59,	,,,,,,,否,否,	,否,	,,559.0	,0.0	,10.0	,50.0	,0.0	,0.0	,0.0	,0.0	,499.0	,549.0	,	,	,陕西省,西安市,灞桥区,,,否,否,	,	,	,否,	,	,	,	,	,	,	,	,	,	,	,	,否,否,	,否,否,,	,否,	,否,,,否
云米净水器滤芯小蓝调小海豚600G+专用复合滤芯RO反渗透滤芯过滤,251111-006417303172357,已发货，待收货,2	,正常,2025-11-11 22:00:13,2025-11-12 22:00:13,,2025-11-12 09:31:25,	,296967601341	,5in1复合滤芯 2年长效,1600193054565	,厨房电器,净水器/净水设备及配件耗材,净水器配件耗材,	,6923185627425	,	,补差后返到手价198元,	,无售后或售后取消,,2025-11-11 22:00:13,	,,,,,,,否,否,	,否,	,,598.0	,0.0	,5.98	,40.0	,0.0	,0.0	,0.0	,0.0	,552.02	,592.02	,JDV024015787063,京东配送,天津市,天津市,宁河区,,,否,否,	,	,	,否,	,	,	,	,	,	,	,	,	,	,	,	,否,是,	,否,否,,	,否,	,否,,,否
云米无线手持吸尘器家用立式除螨大吸力吸尘机A9长续航宠物家庭,251111-240050583860001,待发货,1	,正常,2025-11-11 21:59:19,2025-11-12 21:59:20,,	,	,823432069145	,云米吸尘器【长续航】,1789783831646	,生活电器,吸尘器,吸尘器,	,6923185611844	,6923185611844	,	,	,无售后或售后取消,,2025-11-11 21:59:20,	,,,,,,,否,否,	,否,中国香港集运/转运,,602.0	,0.0	,36.0	,24.0	,0.0	,0.0	,0.0	,0.0	,542.0	,566.0	,	,	,广东省,珠海市,斗门区,,,否,否,	,	,	,否,	,	,	,	,	,	,	,	,	,	,	,	,否,否,	,否,否,,	,否,	,否,,,否
【重磅新品】云米净水器600G小海豚升级版厨下式RO反渗透直饮家用,251111-666149865082451,已发货，待收货,1	,正常,2025-11-11 21:58:56,2025-11-12 21:58:56,,2025-11-12 10:19:27,	,225501370546	,【24年新品】600G升级版6年长效,1600502140541	,厨房电器,净水器/净水设备及配件耗材,净水器,	,6923185653684	,6923185616399	,	,	,无售后或售后取消,,2025-11-11 21:58:56,	,,,,,,,否,否,	,否,	,,559.0	,0.0	,10.0	,3.0	,0.0	,0.0	,0.0	,0.0	,546.0	,549.0	,JDV024015779260,京东大件物流,河北省,邢台市,清河县,,,否,否,	,	,	,否,	,	,	,	,	,	,	,	,	,	,	,	,否,否,	,否,否,,	,否,	,否,,,否
【重磅新品】云米净水器600G小海豚升级版厨下式RO反渗透直饮家用,251111-205793554070383,已发货，待收货,1	,正常,2025-11-11 21:59:08,2025-11-12 21:59:08,,2025-11-12 10:19:27,	,225501370546	,【24年新品】600G升级版6年长效,1600502140541	,厨房电器,净水器/净水设备及配件耗材,净水器,	,6923185653684	,6923185616399	,	,	,无售后或售后取消,,2025-11-11 21:59:08,	,,,,,,,否,否,	,否,	,,559.0	,0.0	,10.0	,54.9	,0.0	,0.0	,0.0	,0.0	,494.1	,549.0	,JDV024015764150,京东大件物流,山东省,济南市,商河县,,,否,否,	,	,	,否,	,	,	,	,	,	,	,	,	,	,	,	,否,否,	,否,否,,	,否,	,否,,,否
【母婴直饮】云米净水器 SE 600G+ 新升级厨下式RO反渗透直饮家用,251111-065221455492357,已发货，待收货,1	,正常,2025-11-11 21:57:12,2025-11-12 21:57:12,,2025-11-12 09:51:37,	,819506595979	,【24年新品】600G升级版6年长效,1787046011387	,厨房电器,净水器/净水设备及配件耗材,净水器,	,6923185653684	,6923185616399	,	,	,无售后或售后取消,,2025-11-11 21:57:12,	,,,,,,,否,否,	,否,	,,748.0	,0.0	,142.84	,73.8	,0.0	,0.0	,0.0	,0.0	,531.36	,605.16	,JDV024015764312,京东配送,天津市,天津市,宁河区,,,否,否,	,	,	,否,	,	,	,	,	,	,	,	,	,	,	,	,否,是,	,否,否,,	,否,	,否,,,否
云米无线手持吸尘器家用立式除螨大吸力吸尘机A9长续航宠物家庭,251111-619184197940001,已取消,1	,正常,	,	,,	,	,823432069145	,云米吸尘器【长续航】,1789783831646	,生活电器,吸尘器,吸尘器,	,6923185611844	,6923185611844	,	,	,无售后或售后取消,,	,	,,,,,,,否,否,	,否,中国香港集运/转运,,602.0	,0.0	,36.0	,24.0	,0.0	,0.0	,0.0	,0.0	,542.0	,566.0	,	,	,****,****,****,****,,否,否,	,	,	,否,	,	,	,	,	,	,	,	,	,	,	,	,否,否,	,否,	,,	,否,	,否,,,否
【重磅新品】云米净水器600G小海豚升级版厨下式RO反渗透直饮家用,251111-401667572052875,未发货，退款成功,1	,正常,2025-11-11 21:51:43,2025-11-12 21:51:43,,	,	,225501370546	,【24年新品】600G升级版6年长效,1600502140541	,厨房电器,净水器/净水设备及配件耗材,净水器,	,6923185653684	,6923185616399	,聚水潭已取消发货 已退款 卫11.12,	,退款成功,,2025-11-11 21:51:43,	,,,,,,,否,否,	,否,	,,559.0	,0.0	,10.0	,0.0	,0.0	,0.0	,0.0	,0.0	,549.0	,549.0	,	,	,浙江省,温州市,苍南县,,,否,否,	,	,	,否,	,	,	,	,	,	,	,	,	,	,	,	,否,否,	,否,否,,	,否,	,否,,,否
云米鲲鹏PRO烟机28m³大吸力聚能猛火灶一级能效烟灶联动厨电套装,251111-363195307631315,已发货，待收货,1	,正常,2025-11-11 21:50:58,2025-11-12 21:50:58,,2025-11-12 11:12:22,	,784230725200	,"【烟灶套装】鲲鹏PRO大吸力烟机+5.2灶具,天然气",1763233003376	,大家电,厨房大电,烟灶消套装,	,S2505161744001,	,	,	,无售后或售后取消,,2025-11-11 21:50:58,	,,,,,,,否,否,	,否,	,,2599.0	,0.0	,0.0	,0.0	,0.0	,0.0	,0.0	,0.0	,2599.0	,2599.0	,JDV024016843277,京东大件物流,河南省,商丘市,永城市,,,否,否,	,	,	,否,	,	,	,	,	,	,	,	,	,	,	,	,否,否,	,否,否,,	,否,	,否,,,否
【重磅新品】云米净水器600G小海豚升级版厨下式RO反渗透直饮家用,251111-085825984002521,已发货，待收货,1	,正常,2025-11-11 21:50:50,2025-11-12 21:50:51,,2025-11-12 10:19:27,	,225501370546	,【24年新品】600G升级版6年长效,1600502140541	,厨房电器,净水器/净水设备及配件耗材,净水器,	,6923185653684	,6923185616399	,	,	,无售后或售后取消,,2025-11-11 21:50:51,	,,,,,,,否,否,	,否,	,,559.0	,0.0	,10.0	,54.9	,0.0	,0.0	,0.0	,0.0	,494.1	,549.0	,JDV024015749111,京东大件物流,山东省,潍坊市,临朐县,,,否,否,	,	,	,否,	,	,	,	,	,	,	,	,	,	,	,	,否,否,	,否,否,,	,否,	,否,,,否
云米净水器滤芯小蓝调小海豚600G+专用复合滤芯RO反渗透滤芯过滤,251111-444617213461701,已发货，待收货,1	,正常,2025-11-11 21:50:28,2025-11-12 21:50:28,2025-11-13 23:59:59,2025-11-12 09:21:16,	,296967601341	,5in1复合滤芯 2年长效,1600193054565	,厨房电器,净水器/净水设备及配件耗材,净水器配件耗材,	,6923185627425	,	,	,	,无售后或售后取消,,2025-11-11 21:50:28,	,,,,,,,否,否,	,否,	,,299.0	,0.0	,0.0	,0.0	,0.2	,0.0	,0.0	,0.0	,299.0	,299.0	,JDV024016338917,京东配送,江苏省,镇江市,丹阳市,,,否,否,	,	,	,否,	,	,	,	,	,	,	,	,	,	,	,	,否,是,	,否,否,,	,否,	,否,,,否
【重磅新品】云米净水器600G小海豚升级版厨下式RO反渗透直饮家用,251111-138191859261575,已发货，待收货,1	,正常,2025-11-11 21:50:14,2025-11-12 21:50:14,,2025-11-12 10:19:26,	,225501370546	,【24年新品】600G升级版6年长效,1600502140541	,厨房电器,净水器/净水设备及配件耗材,净水器,	,6923185653684	,6923185616399	,	,	,无售后或售后取消,,2025-11-11 21:50:14,	,,,,,,,否,否,	,否,	,,559.0	,0.0	,10.0	,0.0	,0.0	,0.0	,0.0	,0.0	,549.0	,549.0	,JDV024015773680,京东大件物流,福建省,福州市,鼓楼区,,,否,否,	,	,	,否,	,	,	,	,	,	,	,	,	,	,	,	,否,否,	,否,是,3	,商家,否,	,否,,信用卡分期,否
【重磅新品】云米净水器600G小海豚升级版厨下式RO反渗透直饮家用,251111-477741739541701,已发货，待收货,1	,正常,2025-11-11 21:49:45,2025-11-12 21:49:45,2025-11-13 23:59:59,2025-11-12 10:21:48,	,225501370546	,【24年新品】600G升级版6年长效,1600502140541	,厨房电器,净水器/净水设备及配件耗材,净水器,	,6923185653684	,6923185616399	,	,	,无售后或售后取消,,2025-11-11 21:49:45,	,,,,,,,否,否,	,否,	,,559.0	,0.0	,10.0	,0.0	,0.2	,0.0	,0.0	,0.0	,549.0	,549.0	,JDV024015795676,京东大件物流,江苏省,镇江市,丹阳市,,,否,否,	,	,	,否,	,	,	,	,	,	,	,	,	,	,	,	,否,是,	,否,否,,	,否,	,否,,,否
云米无线手持吸尘器家用立式除螨大吸力吸尘机A9长续航宠物家庭,251111-232385462580001,待付款,1	,正常,	,	,,	,	,823432069145	,云米吸尘器【长续航】,1789783831646	,生活电器,吸尘器,吸尘器,	,6923185611844	,6923185611844	,	,	,无售后或售后取消,,	,	,,,,,,,否,否,	,否,中国香港集运/转运,,602.0	,0.0	,36.0	,24.0	,0.0	,0.0	,0.0	,0.0	,542.0	,566.0	,	,	,****,****,****,****,,否,否,	,	,	,否,	,	,	,	,	,	,	,	,	,	,	,	,否,否,	,否,	,,	,否,	,否,,,否
【重磅新品】云米净水器600G小海豚升级版厨下式RO反渗透直饮家用,251111-184150997373318,待发货,1	,正常,2025-11-11 21:48:02,2025-12-12 21:48:03,,	,	,225501370546	,【24年新品】600G升级版6年长效,1600502140541	,厨房电器,净水器/净水设备及配件耗材,净水器,	,6923185653684	,6923185616399	,	,	,无售后或售后取消,,2025-11-11 21:48:03,	,,,,,,,否,否,	,否,	,,559.0	,0.0	,10.0	,0.0	,0.0	,0.0	,0.0	,0.0	,549.0	,549.0	,	,	,重庆市,重庆市,渝北区,,,否,否,	,	,	,否,	,	,	,	,	,	,	,	,	,	,	,	,否,否,	,否,是,12	,消费者,否,	,否,,信用卡分期,否
【母婴直饮】云米净水器 SE 600G+ 新升级厨下式RO反渗透直饮家用,251111-308627412521817,已发货，待收货,1	,正常,2025-11-11 21:46:40,2025-11-12 21:46:40,,2025-11-12 09:54:35,	,819506595979	,【24年新品】600G升级版6年长效,1787046011387	,厨房电器,净水器/净水设备及配件耗材,净水器,	,6923185653684	,6923185616399	,17284029087拦截 [viomi莉莉sk 11/12 10:55]==待拦截后退款 卫11.12,	,售后处理中,,2025-11-11 21:46:40,	,,,,,,,否,否,	,否,	,,748.0	,0.0	,142.84	,73.8	,0.0	,0.0	,0.0	,0.0	,531.36	,605.16	,JDV024015790430,京东配送,河北省,石家庄市,长安区,,,否,否,	,	,	,否,	,	,	,	,	,	,	,	,	,	,	,	,否,否,	,否,否,,	,否,	,否,,,否
【母婴直饮】云米净水器 SE 600G+ 新升级厨下式RO反渗透直饮家用,251111-169554767490996,已取消,1	,正常,	,	,,	,	,819506595979	,【24年新品】600G升级版6年长效,1787046011387	,厨房电器,净水器/净水设备及配件耗材,净水器,	,6923185653684	,6923185616399	,	,	,无售后或售后取消,,	,	,,,,,,,否,否,	,否,	,,748.0	,0.0	,143.6	,70.0	,0.0	,0.0	,0.0	,0.0	,534.4	,604.4	,	,	,****,****,****,****,,否,否,	,	,	,否,	,	,	,	,	,	,	,	,	,	,	,	,否,否,	,否,	,,	,否,	,否,,,否
【重磅新品】云米净水器600G小海豚升级版厨下式RO反渗透直饮家用,251111-507573706272803,已发货，待收货,1	,正常,2025-11-11 21:44:45,2025-11-12 21:44:45,,2025-11-12 10:19:27,	,225501370546	,【24年新品】600G升级版6年长效,1600502140541	,厨房电器,净水器/净水设备及配件耗材,净水器,	,6923185653684	,6923185616399	,	,	,无售后或售后取消,,2025-11-11 21:44:45,	,,,,,,,否,否,	,否,	,,559.0	,0.0	,10.0	,50.0	,0.0	,0.0	,0.0	,0.0	,499.0	,549.0	,JDV024015768370,京东大件物流,上海市,上海市,闵行区,,,否,否,	,	,	,否,	,	,	,	,	,	,	,	,	,	,	,	,否,否,	,否,否,,	,否,	,否,,,否
VIOMI云米净水器1000G厨下直饮小体积净水机RO机智显龙头3秒满杯,251111-115018361212985,已取消,1	,正常,	,	,,	,	,842195971715	,1000G大通量RO净水器,1803617356458	,厨房电器,净水器/净水设备及配件耗材,净水器,	,6923185654247	,	,	,	,无售后或售后取消,,	,	,,,,,,,否,否,	,否,	,,823.0	,0.0	,24.0	,0.0	,0.0	,0.0	,0.0	,0.0	,799.0	,799.0	,	,	,****,****,****,****,,否,否,	,	,	,否,	,	,	,	,	,	,	,	,	,	,	,	,否,否,	,否,	,,	,否,	,否,,,否
【母婴直饮】云米净水器 SE 600G+ 新升级厨下式RO反渗透直饮家用,251111-594857224501369,已取消,1	,正常,	,	,,	,	,819506595979	,【24年新品】600G升级版6年长效,1787046011387	,厨房电器,净水器/净水设备及配件耗材,净水器,	,6923185653684	,6923185616399	,	,	,无售后或售后取消,,	,	,,,,,,,否,否,	,否,	,,748.0	,0.0	,143.6	,70.0	,0.0	,0.0	,0.0	,0.0	,534.4	,604.4	,	,	,****,****,****,****,,否,否,	,	,	,否,	,	,	,	,	,	,	,	,	,	,	,	,否,否,	,否,	,,	,否,	,否,,,否
云米智能洗碗机10套热风烘干消毒嵌入式洗烘存一体家用IronA1,251111-100296343983449,未发货，退款成功,1	,审核中，请勿发货,2025-11-11 21:37:41,2025-11-12 21:37:41,,	,	,223485946991	,Iron A1消毒除菌洗碗机10套,1357746713795	,大家电,厨房大电,洗碗机,	,6923185616375	,6923185616375	,聚水潭已取消发货，仅退款  诚11.12,	,退款成功,,2025-11-11 21:37:41,	,,,,,,,否,否,	,否,	,,1599.0	,0.0	,80.0	,50.0	,0.0	,0.0	,0.0	,0.0	,1469.0	,1519.0	,	,	,上海市,上海市,普陀区,,,否,否,	,	,	,否,	,	,	,	,	,	,	,	,	,	,	,	,否,否,	,否,	,,	,否,	,否,,,否
云米蓝调2双胆电热水器60L超短超薄速热增容大水量3000W杀菌安全,251111-597185021563251,未发货，退款成功,1	,正常,2025-11-11 21:37:14,2025-11-12 21:37:14,,	,	,846212481564	,超薄超短电热水器60L,1807140932949	,大家电,热水器,电热水器,	,6923185657057	,6923185657057	,聚水潭已取消发货 已退款 卫11.12,	,退款成功,,2025-11-11 21:37:14,	,,,,,,,否,否,	,否,	,,882.0	,0.0	,0.0	,15.0	,0.2	,0.0	,0.0	,0.0	,867.0	,882.0	,	,	,河南省,商丘市,虞城县,,,否,否,	,	,	,否,	,	,	,	,	,	,	,	,	,	,	,	,否,是,	,否,否,,	,否,	,否,,,否
云米3000W速热电热水器家用浴室免换镁棒一级能效抑菌内胆免清洗,251111-092526354031563,已发货，待收货,1	,正常,2025-11-11 21:37:10,2025-11-12 21:37:10,,2025-11-12 16:00:49,	,369876178838	,速热3000W免换镁棒电热水器60L,1799960621871	,大家电,热水器,电热水器,	,6923185611899	,6923185611882	,ZX2511120067406催发,	,无售后或售后取消,,2025-11-11 21:37:10,	,,,,,,,否,否,	,否,	,,750.0	,0.0	,0.0	,61.98	,0.0	,0.0	,0.0	,0.0	,688.02	,750.0	,JDV024017754562,京东大件物流,江西省,上饶市,余干县,,,否,否,	,	,	,否,	,	,	,	,	,	,	,	,	,	,	,	,否,否,	,否,否,,	,否,	,否,,,否
云米蓝调2双胆电热水器60L超短超薄速热增容大水量3000W杀菌安全,251111-524256592170437,未发货，退款成功,1	,正常,2025-11-11 21:36:55,2025-11-12 21:36:55,,	,	,846212481564	,超薄超短电热水器60L,1807140932949	,大家电,热水器,电热水器,	,6923185657057	,6923185657057	,聚水潭已取消发货，仅退款  诚11.12,	,退款成功,,2025-11-11 21:36:55,	,,,,,,,否,否,	,否,	,,882.0	,0.0	,0.0	,0.0	,5.0	,0.0	,0.0	,0.0	,882.0	,882.0	,	,	,江苏省,南通市,如皋市,,,否,否,	,	,	,否,	,	,	,	,	,	,	,	,	,	,	,	,否,否,	,否,否,,	,否,	,否,,,否
云米智能洗碗机10套热风烘干消毒嵌入式洗烘存一体家用IronA1,251111-489255135663449,未发货，退款成功,1	,审核中，请勿发货,2025-11-11 21:35:53,2025-11-12 21:35:53,,	,	,223485946991	,Iron A1消毒除菌洗碗机10套,1357746713795	,大家电,厨房大电,洗碗机,	,6923185616375	,6923185616375	,聚水潭已取消发货，仅退款  诚11.12,	,退款成功,,2025-11-11 21:35:53,	,,,,,,,否,否,	,否,	,,1599.0	,0.0	,80.0	,50.0	,0.0	,0.0	,0.0	,0.0	,1469.0	,1519.0	,	,	,上海市,上海市,宝山区,,,否,否,	,	,	,否,	,	,	,	,	,	,	,	,	,	,	,	,否,否,	,否,	,,	,否,	,否,,,否
VIOMI云米净水器1000G厨下直饮小体积净水机RO机智显龙头3秒满杯,251111-427871465013793,未发货，退款成功,1	,正常,2025-11-11 21:35:46,2025-11-12 21:35:46,,	,	,842195971715	,1000G大通量RO净水器,1803617356458	,厨房电器,净水器/净水设备及配件耗材,净水器,	,6923185654247	,	,ZX2511120067302待拦截11.12诚,	,退款成功,,2025-11-11 21:35:46,	,,,,,,,否,否,	,否,	,,823.0	,0.0	,24.0	,79.9	,0.2	,0.0	,0.0	,0.0	,719.1	,799.0	,	,	,湖南省,衡阳市,珠晖区,,,否,否,	,	,	,否,	,	,	,	,	,	,	,	,	,	,	,	,否,否,	,否,否,,	,否,	,否,,,否
【重磅新品】云米净水器600G小海豚升级版厨下式RO反渗透直饮家用,251111-058940495423919,已发货，待收货,2	,正常,2025-11-11 21:35:31,2025-11-12 21:35:31,,2025-11-12 10:19:27,	,225501370546	,【24年新品】600G升级版6年长效,1600502140541	,厨房电器,净水器/净水设备及配件耗材,净水器,	,6923185653684	,6923185616399	,主播：美然 场控：文蓝        权益：直播间抽奖中乐扣保鲜盒,	,无售后或售后取消,,2025-11-11 21:35:31,	,,,,,,,否,否,	,否,	,,1118.0	,0.0	,11.18	,0.0	,0.0	,0.0	,0.0	,0.0	,1106.82	,1106.82	,JDV024015782842,京东大件物流,广东省,惠州市,博罗县,,,否,否,	,	,	,否,	,	,	,	,	,	,	,	,	,	,	,	,是,是,	,否,否,,	,否,	,否,,,否
【重磅新品】云米净水器600G小海豚升级版厨下式RO反渗透直饮家用,251111-106074028340420,未发货，退款成功,1	,正常,2025-11-11 21:34:30,2025-11-12 21:34:31,,	,	,225501370546	,【24年新品】600G升级版6年长效,1600502140541	,厨房电器,净水器/净水设备及配件耗材,净水器,	,6923185653684	,6923185616399	,聚水潭已取消发货，仅退款  诚11.12,	,退款成功,,2025-11-11 21:34:31,	,,,,,,,否,否,	,否,	,,559.0	,0.0	,10.0	,54.9	,0.0	,0.0	,0.0	,0.0	,494.1	,549.0	,	,	,江苏省,扬州市,宝应县,,,否,否,	,	,	,否,	,	,	,	,	,	,	,	,	,	,	,	,否,否,	,否,否,,	,否,	,否,,,否
【母婴直饮】云米净水器 SE 600G+ 新升级厨下式RO反渗透直饮家用,251111-200508710461407,待付款,1	,正常,	,	,,	,	,819506595979	,【24年新品】600G升级版6年长效,1787046011387	,厨房电器,净水器/净水设备及配件耗材,净水器,	,6923185653684	,6923185616399	,	,	,无售后或售后取消,,	,	,,,,,,,否,否,	,否,	,,748.0	,0.0	,137.6	,100.0	,0.0	,0.0	,0.0	,0.0	,510.4	,610.4	,	,	,****,****,****,****,,否,否,	,	,	,否,	,	,	,	,	,	,	,	,	,	,	,	,否,否,	,否,	,,	,否,	,否,,,否
【重磅新品】云米净水器600G小海豚升级版厨下式RO反渗透直饮家用,251111-492044316180455,未发货，退款成功,1	,正常,2025-11-11 21:33:06,2025-11-12 21:33:06,,	,	,225501370546	,【24年新品】600G升级版6年长效,1600502140541	,厨房电器,净水器/净水设备及配件耗材,净水器,	,6923185653684	,6923185616399	,聚水潭已取消发货 已退款 卫11.12,	,退款成功,,2025-11-11 21:33:06,	,,,,,,,否,否,	,否,	,,559.0	,0.0	,10.0	,3.0	,0.0	,0.0	,0.0	,0.0	,546.0	,549.0	,	,	,安徽省,阜阳市,太和县,,,否,否,	,	,	,否,	,	,	,	,	,	,	,	,	,	,	,	,否,否,	,否,否,,	,否,	,否,,,否
云米新品鲲鹏PRO油烟机28m³大吸力易清洁挥手智控烟灶联动小噪音,251111-256565645722590,待付款,1	,正常,	,	,,	,	,763759392708	,【新品】小噪音大吸力油烟机,1748828925108	,大家电,厨房大电,油烟机,	,6923185605379	,6923185605379	,	,	,无售后或售后取消,,	,	,,,,,,,否,否,	,否,	,,1999.0	,0.0	,0.0	,0.0	,0.0	,0.0	,0.0	,0.0	,1999.0	,1999.0	,	,	,****,****,****,****,,否,否,	,	,	,否,	,	,	,	,	,	,	,	,	,	,	,	,否,否,	,否,	,,	,否,	,否,,,否
VIOMI云米净水器1000G厨下直饮小体积净水机RO机智显龙头3秒满杯,251111-231829696082723,已取消,1	,正常,	,	,,	,	,842195971715	,1000G大通量RO净水器,1803617356458	,厨房电器,净水器/净水设备及配件耗材,净水器,	,6923185654247	,	,	,	,无售后或售后取消,,	,	,,,,,,,否,否,	,否,	,,823.0	,0.0	,24.0	,0.0	,0.0	,0.0	,0.0	,0.0	,799.0	,799.0	,	,	,****,****,****,****,,否,否,	,	,	,否,	,	,	,	,	,	,	,	,	,	,	,	,否,否,	,否,	,,	,否,	,否,,,否
云米净水器滤芯家用小海豚小蓝调小白龙系列专用RO反渗透,251111-192392732200251,已发货，待收货,1	,正常,2025-11-11 21:29:43,2025-11-13 21:29:43,,2025-11-12 09:28:27,	,232467205433	,5in1 复合滤芯,1647394585330	,厨房电器,净水器/净水设备及配件耗材,净水器配件耗材,	,6923185627425	,	,补差后返到手价109，晒单返10,	,无售后或售后取消,,2025-11-11 21:29:43,	,,,,,,,否,否,	,否,	,,149.0	,0.0	,0.0	,3.0	,0.15	,0.0	,0.0	,0.0	,146.0	,149.0	,JDV024015723084,京东配送,广东省,广州市,白云区,,,否,否,	,	,	,否,	,	,	,	,	,	,	,	,	,	,	,	,否,否,	,否,否,,	,否,	,否,,,否
【重磅新品】云米净水器600G小海豚升级版厨下式RO反渗透直饮家用,251111-046850383472624,已发货，待收货,1	,正常,2025-11-11 21:29:16,2025-11-12 21:29:17,,2025-11-12 10:19:26,	,225501370546	,【24年新品】600G升级版6年长效,1600502140541	,厨房电器,净水器/净水设备及配件耗材,净水器,	,6923185653684	,6923185616399	,	,	,无售后或售后取消,,2025-11-11 21:29:17,	,,,,,,,否,否,	,否,	,,559.0	,0.0	,10.0	,0.0	,0.0	,0.0	,0.0	,0.0	,549.0	,549.0	,JDV024015779530,京东大件物流,天津市,天津市,武清区,,,否,否,	,	,	,否,	,	,	,	,	,	,	,	,	,	,	,	,否,是,	,否,否,,	,否,	,否,,,否
【重磅新品】云米净水器600G小海豚升级版厨下式RO反渗透直饮家用,251111-070768464222235,已发货，待收货,1	,正常,2025-11-11 21:28:51,2025-11-12 21:28:51,,2025-11-12 10:19:26,	,225501370546	,【24年新品】600G升级版6年长效,1600502140541	,厨房电器,净水器/净水设备及配件耗材,净水器,	,6923185653684	,6923185616399	,	,	,无售后或售后取消,,2025-11-11 21:28:51,	,,,,,,,否,否,	,否,	,,559.0	,0.0	,10.0	,54.9	,0.2	,0.0	,0.0	,0.0	,494.1	,549.0	,JDV024015771592,京东大件物流,山东省,济南市,历城区,,,否,否,	,	,	,否,	,	,	,	,	,	,	,	,	,	,	,	,否,否,	,否,否,,	,否,	,否,,,否
云米蓝调2双胆电热水器60L超短超薄速热增容大水量3000W杀菌安全,251111-297386677883251,已发货，待收货,1	,正常,2025-11-11 22:03:46,2025-11-12 22:03:46,,2025-11-12 11:27:38,	,846212481564	,超薄超短电热水器60L,1807140932949	,大家电,热水器,电热水器,	,6923185657057	,6923185657057	,	,	,无售后或售后取消,,2025-11-11 22:03:46,	,,,,,,,否,否,	,否,	,,882.0	,0.0	,0.0	,20.0	,0.2	,0.0	,0.0	,0.0	,862.0	,882.0	,JDV024017348392,京东大件物流,河南省,商丘市,虞城县,,,否,否,	,	,	,否,	,	,	,	,	,	,	,	,	,	,	,	,否,是,	,否,否,,	,否,	,否,,,否
云米顶侧大吸力蓝调油烟机家用厨房节能自清洁一级能效可挥手智控,251111-034078737963033,已取消,1	,正常,	,	,,	,	,657344402006	,云米智清洁挥手智控单烟机,1723825075586	,大家电,厨房大电,油烟机,	,6923185650973	,6923185650973	,	,	,无售后或售后取消,,	,	,,,,,,,否,否,	,否,	,,838.0	,0.0	,42.0	,70.0	,0.0	,0.0	,0.0	,0.0	,726.0	,796.0	,	,	,****,****,****,****,,否,否,	,	,	,否,	,	,	,	,	,	,	,	,	,	,	,	,否,否,	,否,	,,	,否,	,否,,,否
【重磅新品】云米净水器600G小海豚升级版厨下式RO反渗透直饮家用,251111-605951179150308,已取消,1	,正常,	,	,,	,	,225501370546	,【24年新品】600G升级版6年长效,1600502140541	,厨房电器,净水器/净水设备及配件耗材,净水器,	,6923185653684	,6923185616399	,	,	,无售后或售后取消,,	,	,,,,,,,否,否,	,否,	,,559.0	,0.0	,10.0	,0.0	,0.0	,0.0	,0.0	,0.0	,549.0	,549.0	,	,	,****,****,****,****,,否,否,	,	,	,否,	,	,	,	,	,	,	,	,	,	,	,	,否,否,	,否,	,,	,否,	,否,,,否
【重磅新品】云米净水器600G小海豚升级版厨下式RO反渗透直饮家用,251111-096615862603233,已发货，待收货,1	,正常,2025-11-11 21:23:59,2025-11-12 21:23:59,,2025-11-12 10:19:27,	,225501370546	,【24年新品】600G升级版6年长效,1600502140541	,厨房电器,净水器/净水设备及配件耗材,净水器,	,6923185653684	,6923185616399	,	,	,无售后或售后取消,,2025-11-11 21:23:59,	,,,,,,,否,否,	,否,	,,559.0	,0.0	,10.0	,0.0	,0.0	,0.0	,0.0	,0.0	,549.0	,549.0	,JDV024015744737,京东大件物流,湖南省,邵阳市,双清区,,,否,否,	,	,	,否,	,	,	,	,	,	,	,	,	,	,	,	,否,否,	,否,否,,	,否,	,否,,,否
Viomi云米净水器1000G厨下式RO反渗透直饮过滤器净饮小海豚2,251111-225632591361288,已发货，待收货,1	,正常,2025-11-11 21:23:16,2025-11-12 21:23:17,,2025-11-12 10:19:28,	,205458105137	,小海豚2包安装1000G大加仑,1802849942800	,厨房电器,净水器/净水设备及配件耗材,净水器,	,6923185654865	,	,	,	,无售后或售后取消,,2025-11-11 21:23:17,	,,,,,,,否,否,	,否,	,,863.0	,0.0	,0.0	,0.0	,1.72	,0.0	,0.0	,0.0	,863.0	,863.0	,JDV024015744682,京东大件物流,黑龙江省,哈尔滨市,南岗区,,,否,否,	,	,	,否,	,	,	,	,	,	,	,	,	,	,	,	,否,是,	,否,否,,	,否,	,否,,,否
云米净水器滤芯家用小海豚小蓝调小白龙系列专用RO反渗透,251111-444229250683431,未发货，退款成功,1	,正常,2025-11-11 21:22:18,2025-11-13 21:22:18,,	,	,232467205433	,5in1 复合滤芯,1647394585330	,厨房电器,净水器/净水设备及配件耗材,净水器配件耗材,	,6923185627425	,	,聚水潭已取消发货 已退款 卫11.12,	,退款成功,,2025-11-11 21:22:18,	,,,,,,,否,否,	,否,	,,149.0	,0.0	,0.0	,0.0	,0.15	,0.0	,0.0	,0.0	,149.0	,149.0	,	,	,浙江省,金华市,义乌市,,,否,否,	,	,	,否,	,	,	,	,	,	,	,	,	,	,	,	,否,否,	,否,否,,	,否,	,否,,,否
【重磅新品】云米净水器600G小海豚升级版厨下式RO反渗透直饮家用,251111-113885847191094,待发货,1	,正常,2025-11-11 21:18:17,2025-11-30 21:18:17,,	,	,225501370546	,【24年新品】600G升级版6年长效,1600502140541	,厨房电器,净水器/净水设备及配件耗材,净水器,	,6923185653684	,6923185616399	,	,	,无售后或售后取消,,2025-11-11 21:18:17,	,,,,,,,否,否,	,否,	,,559.0	,0.0	,10.0	,54.9	,0.2	,0.0	,0.0	,0.0	,494.1	,549.0	,	,	,黑龙江省,鸡西市,鸡冠区,,,否,否,	,	,	,否,	,	,	,	,	,	,	,	,	,	,	,	,否,否,	,否,否,,	,否,	,否,,,否
Viomi云米净水器1000G厨下式RO反渗透直饮过滤器净饮小海豚2,251111-380297551361288,已取消,1	,正常,	,	,,	,	,205458105137	,小海豚2包安装1000G大加仑,1802849942800	,厨房电器,净水器/净水设备及配件耗材,净水器,	,6923185654865	,	,	,	,无售后或售后取消,,	,	,,,,,,,否,否,	,否,	,,863.0	,0.0	,0.0	,0.0	,0.0	,0.0	,0.0	,0.0	,863.0	,863.0	,	,	,****,****,****,****,,否,否,	,	,	,否,	,	,	,	,	,	,	,	,	,	,	,	,否,否,	,否,	,,	,否,	,否,,,否
VIOMI云米净水器1000G厨下直饮小体积净水机RO机智显龙头3秒满杯,251111-121970398790633,待发货,1	,正常,2025-11-11 21:17:11,2025-12-01 21:17:12,,	,	,842195971715	,1000G大通量RO净水器,1803617356458	,厨房电器,净水器/净水设备及配件耗材,净水器,	,6923185654247	,	,	,	,无售后或售后取消,,2025-11-11 21:17:12,	,,,,,,,否,否,	,否,	,,823.0	,0.0	,24.0	,79.9	,0.0	,0.0	,0.0	,0.0	,719.1	,799.0	,	,	,江苏省,扬州市,江都区,,,否,否,	,	,	,否,	,	,	,	,	,	,	,	,	,	,	,	,否,否,	,否,否,,	,否,	,否,,,否
【重磅新品】云米净水器600G小海豚升级版厨下式RO反渗透直饮家用,251111-473369229753554,已发货，待收货,1	,正常,2025-11-11 21:15:33,2025-11-12 21:15:33,,2025-11-12 10:19:27,	,225501370546	,【24年新品】600G升级版6年长效,1600502140541	,厨房电器,净水器/净水设备及配件耗材,净水器,	,6923185653684	,6923185616399	,主播：美然 场控：文蓝权益：直播间中奖10元红包,	,无售后或售后取消,,2025-11-11 21:15:33,	,,,,,,,否,否,	,否,	,,559.0	,0.0	,10.0	,0.0	,0.0	,0.0	,0.0	,0.0	,549.0	,549.0	,JDV024015778953,京东大件物流,山东省,临沂市,兰陵县,,,否,否,	,	,	,否,	,	,	,	,	,	,	,	,	,	,	,	,是,是,	,否,否,,	,否,	,否,,,否
云米净水器滤芯小蓝调小海豚600G+专用复合滤芯RO反渗透滤芯过滤,251111-631997806910825,已发货，待收货,2	,正常,2025-11-11 21:14:45,2025-11-12 21:14:45,,2025-11-12 09:30:26,	,296967601341	,5in1复合滤芯 2年长效,1600193054565	,厨房电器,净水器/净水设备及配件耗材,净水器配件耗材,	,6923185627425	,	,补差后返到手价198,	,无售后或售后取消,,2025-11-11 21:14:45,	,,,,,,,否,否,	,否,	,,598.0	,0.0	,5.98	,0.0	,0.0	,0.0	,0.0	,0.0	,592.02	,592.02	,JDV024015790018,京东配送,河南省,驻马店市,西平县,,,否,否,	,	,	,否,	,	,	,	,	,	,	,	,	,	,	,	,否,是,	,否,否,,	,否,	,否,,,否
云米净水器滤芯小蓝调小海豚600G+专用复合滤芯RO反渗透滤芯过滤,251111-610155958590825,未发货，退款成功,2	,正常,2025-11-11 21:12:53,2025-11-12 21:12:53,,	,	,296967601341	,5in1复合滤芯 2年长效,1600193054565	,厨房电器,净水器/净水设备及配件耗材,净水器配件耗材,	,6923185627425	,	,聚水潭已取消发货 已退款 卫11.12,	,退款成功,,2025-11-11 21:12:53,	,,,,,,,否,否,	,否,	,,598.0	,0.0	,5.98	,0.0	,0.0	,0.0	,0.0	,0.0	,592.02	,592.02	,	,	,河南省,驻马店市,西平县,,,否,否,	,	,	,否,	,	,	,	,	,	,	,	,	,	,	,	,是,是,	,否,否,,	,否,	,否,,,否
【重磅新品】云米净水器600G小海豚升级版厨下式RO反渗透直饮家用,251111-632626921781251,已取消,1	,正常,	,	,,	,	,225501370546	,【24年新品】600G升级版6年长效,1600502140541	,厨房电器,净水器/净水设备及配件耗材,净水器,	,6923185653684	,6923185616399	,	,	,无售后或售后取消,,	,	,,,,,,,否,否,	,否,	,,559.0	,0.0	,10.0	,0.0	,0.0	,0.0	,0.0	,0.0	,549.0	,549.0	,	,	,****,****,****,****,,否,否,	,	,	,否,	,	,	,	,	,	,	,	,	,	,	,	,否,否,	,否,	,,	,否,	,否,,,否
Viomi云米净水器1000G厨下式RO反渗透直饮过滤器净饮小海豚2,251111-414365816321288,未发货，退款成功,1	,正常,2025-11-11 21:09:38,2025-11-12 21:09:39,,	,	,205458105137	,小海豚2包安装1000G大加仑,1802849942800	,厨房电器,净水器/净水设备及配件耗材,净水器,	,6923185654865	,	,聚水潭已取消发货 已退款 卫11.12,	,退款成功,,2025-11-11 21:09:39,	,,,,,,,否,否,	,否,	,,863.0	,0.0	,0.0	,0.0	,1.72	,0.0	,0.0	,0.0	,863.0	,863.0	,	,	,黑龙江省,哈尔滨市,南岗区,,,否,否,	,	,	,否,	,	,	,	,	,	,	,	,	,	,	,	,否,是,	,否,否,,	,否,	,否,,,否
云米蓝调2双胆电热水器60L超短超薄速热增容大水量3000W杀菌安全,251111-050698709321938,待付款,1	,正常,	,	,,	,	,846212481564	,超薄超短电热水器60L,1807140932949	,大家电,热水器,电热水器,	,6923185657057	,6923185657057	,	,	,无售后或售后取消,,	,	,,,,,,,否,否,	,否,	,,882.0	,0.0	,0.0	,60.0	,0.0	,0.0	,0.0	,0.0	,822.0	,882.0	,	,	,****,****,****,****,,否,否,	,	,	,否,	,	,	,	,	,	,	,	,	,	,	,	,否,否,	,否,	,,	,否,	,否,,,否
【重磅新品】云米净水器600G小海豚升级版厨下式RO反渗透直饮家用,251111-503442358682107,已发货，待收货,1	,正常,2025-11-11 21:09:19,2025-11-12 21:09:19,,2025-11-12 10:19:28,	,225501370546	,【24年新品】600G升级版6年长效,1600502140541	,厨房电器,净水器/净水设备及配件耗材,净水器,	,6923185653684	,6923185616399	,	,	,无售后或售后取消,,2025-11-11 21:09:19,	,,,,,,,否,否,	,否,	,,559.0	,0.0	,10.0	,0.0	,0.0	,0.0	,0.0	,0.0	,549.0	,549.0	,JDV024015776731,京东大件物流,江苏省,徐州市,泉山区,,,否,否,	,	,	,否,	,	,	,	,	,	,	,	,	,	,	,	,否,否,	,否,否,,	,否,	,否,,,否
【重磅新品】云米净水器600G小海豚升级版厨下式RO反渗透直饮家用,251111-640019413433554,已取消,1	,正常,	,	,,	,	,225501370546	,【24年新品】600G升级版6年长效,1600502140541	,厨房电器,净水器/净水设备及配件耗材,净水器,	,6923185653684	,6923185616399	,	,	,无售后或售后取消,,	,	,,,,,,,否,否,	,否,	,,559.0	,0.0	,10.0	,0.0	,0.0	,0.0	,0.0	,0.0	,549.0	,549.0	,	,	,****,****,****,****,,否,否,	,	,	,否,	,	,	,	,	,	,	,	,	,	,	,	,否,否,	,否,	,,	,否,	,否,,,否
云米净水器滤芯家用小海豚小蓝调小白龙系列专用RO反渗透,251111-056644114061679,已发货，待收货,1	,正常,2025-11-11 21:09:37,2025-11-13 21:09:37,,2025-11-12 09:24:17,	,232467205433	,5in1 复合滤芯,1647394585330	,厨房电器,净水器/净水设备及配件耗材,净水器配件耗材,	,6923185627425	,	,补差后返 到手价109,	,无售后或售后取消,,2025-11-11 21:09:37,	,,,,,,,否,否,	,否,	,,149.0	,0.0	,0.0	,0.0	,0.0	,0.0	,0.0	,0.0	,149.0	,149.0	,JDV024016309228,京东配送,江苏省,南京市,江宁区,,,否,否,	,	,	,否,	,	,	,	,	,	,	,	,	,	,	,	,否,否,	,否,否,,	,否,	,否,,,否
云米净水器滤芯家用小海豚小蓝调小白龙系列专用RO反渗透,251111-125116106381679,未发货，退款成功,1	,正常,2025-11-11 21:06:35,2025-11-13 21:06:35,,	,	,232467205433	,5in1 复合滤芯,1647394585330	,厨房电器,净水器/净水设备及配件耗材,净水器配件耗材,	,6923185627425	,	,聚水潭已取消发货 已退款 卫11.12,	,退款成功,,2025-11-11 21:06:35,	,,,,,,,否,否,	,否,	,,149.0	,0.0	,0.0	,0.0	,0.0	,0.0	,0.0	,0.0	,149.0	,149.0	,	,	,江苏省,南京市,江宁区,,,否,否,	,	,	,否,	,	,	,	,	,	,	,	,	,	,	,	,否,否,	,否,否,,	,否,	,否,,,否
云米AI油烟机双腔大吸力Smart双腔一级能效23m³大风压智清洁节能,251111-669012529580502,已发货，待收货,1	,正常,2025-11-11 21:06:11,2025-11-12 21:06:11,,2025-11-12 09:24:30,	,750412983827	,AI双腔强吸油烟机,1737582711971	,大家电,厨房大电,油烟机,	,6923185649229	,6923185649229	,	,	,无售后或售后取消,,2025-11-11 21:06:11,	,,,,,,,否,否,	,否,	,,789.0	,0.0	,0.0	,78.9	,0.0	,0.0	,0.0	,0.0	,710.1	,789.0	,JDV024015763916,京东配送,江苏省,苏州市,吴中区,,,否,否,	,	,	,否,	,	,	,	,	,	,	,	,	,	,	,	,否,否,	,否,否,,	,否,	,否,,,否
【重磅新品】云米净水器600G小海豚升级版厨下式RO反渗透直饮家用,251111-357826567681463,已发货，待收货,1	,正常,2025-11-11 21:04:00,2025-11-12 21:04:00,,2025-11-12 10:19:28,	,225501370546	,【24年新品】600G升级版6年长效,1600502140541	,厨房电器,净水器/净水设备及配件耗材,净水器,	,6923185653684	,6923185616399	,	,	,无售后或售后取消,,2025-11-11 21:04:00,	,,,,,,,否,否,	,否,	,,559.0	,0.0	,10.0	,54.9	,0.0	,0.0	,0.0	,0.0	,494.1	,549.0	,JDV024015767596,京东大件物流,河北省,保定市,易县,,,否,否,	,	,	,否,	,	,	,	,	,	,	,	,	,	,	,	,否,否,	,否,否,,	,否,	,否,,,否
【重磅新品】云米净水器600G小海豚升级版厨下式RO反渗透直饮家用,251111-637083348543048,已发货，待收货,1	,正常,2025-11-11 21:04:07,2025-11-12 21:04:07,,2025-11-12 10:19:28,	,225501370546	,【24年新品】600G升级版6年长效,1600502140541	,厨房电器,净水器/净水设备及配件耗材,净水器,	,6923185653684	,6923185616399	,	,	,无售后或售后取消,,2025-11-11 21:04:07,	,,,,,,,否,否,	,否,	,,559.0	,0.0	,10.0	,54.9	,0.0	,0.0	,0.0	,0.0	,494.1	,549.0	,JDV024015755231,京东大件物流,上海市,上海市,徐汇区,,,否,否,	,	,	,否,	,	,	,	,	,	,	,	,	,	,	,	,否,否,	,否,否,,	,否,	,否,,,否
云米智能洗碗机10套热风烘干消毒嵌入式洗烘存一体家用IronA1,251111-216279355753995,未发货，退款成功,2	,审核中，请勿发货,2025-11-11 21:03:25,2025-11-12 21:03:26,,	,	,223485946991	,Iron A1消毒除菌洗碗机10套,1357746713795	,大家电,厨房大电,洗碗机,	,6923185616375	,6923185616375	,聚水潭已取消发货 已退款 卫11.12,	,退款成功,,2025-11-11 21:03:26,	,,,,,,,否,否,	,否,	,,3198.0	,0.0	,160.0	,100.0	,0.0	,0.0	,0.0	,0.0	,2938.0	,3038.0	,	,	,上海市,上海市,宝山区,,,否,否,	,	,	,否,	,	,	,	,	,	,	,	,	,	,	,	,否,否,	,否,	,,	,否,	,否,,,否
【重磅新品】云米净水器600G小海豚升级版厨下式RO反渗透直饮家用,251111-065871604101613,已发货，待收货,2	,正常,2025-11-11 21:02:32,2025-11-12 21:02:32,,2025-11-12 10:19:27,	,225501370546	,【24年新品】600G升级版6年长效,1600502140541	,厨房电器,净水器/净水设备及配件耗材,净水器,	,6923185653684	,6923185616399	,	,	,无售后或售后取消,,2025-11-11 21:02:32,	,,,,,,,否,否,	,否,	,,1118.0	,0.0	,11.18	,0.0	,0.0	,0.0	,0.0	,0.0	,1106.82	,1106.82	,JDV024015746025,京东大件物流,广东省,揭阳市,惠来县,,,否,否,	,	,	,否,	,	,	,	,	,	,	,	,	,	,	,	,否,否,	,否,否,,	,否,	,否,,,否
【重磅新品】云米净水器600G小海豚升级版厨下式RO反渗透直饮家用,251111-545532188180730,已取消,1	,正常,	,	,,	,	,225501370546	,【24年新品】600G升级版6年长效,1600502140541	,厨房电器,净水器/净水设备及配件耗材,净水器,	,6923185653684	,6923185616399	,	,	,无售后或售后取消,,	,	,,,,,,,否,否,	,否,	,,559.0	,0.0	,0.0	,0.0	,0.0	,0.0	,0.0	,0.0	,559.0	,559.0	,	,	,****,****,****,****,,否,否,	,	,	,否,	,	,	,	,	,	,	,	,	,	,	,	,是,否,	,否,	,,	,否,	,否,,,否
云米净水器滤芯小蓝调小海豚600G+专用复合滤芯RO反渗透滤芯过滤,251111-553039982163697,已发货，待收货,1	,正常,2025-11-11 21:01:18,2025-11-12 21:01:18,,2025-11-12 09:28:27,	,296967601341	,5in1复合滤芯 2年长效,1600193054565	,厨房电器,净水器/净水设备及配件耗材,净水器配件耗材,	,6923185627425	,	,补差后返到手价99,	,无售后或售后取消,,2025-11-11 21:01:18,	,,,,,,,否,否,	,否,	,,299.0	,0.0	,0.0	,0.0	,0.0	,0.0	,0.0	,0.0	,299.0	,299.0	,JDV024015722570,京东配送,河南省,郑州市,管城回族区,,,否,否,	,	,	,否,	,	,	,	,	,	,	,	,	,	,	,	,否,是,	,否,否,,	,否,	,否,,,否
【母婴直饮】云米净水器 SE 600G+ 新升级厨下式RO反渗透直饮家用,251111-395606823242411,未发货，退款成功,1	,正常,2025-11-11 20:59:28,2025-11-12 20:59:28,,	,	,819506595979	,【24年新品】600G升级版6年长效,1787046011387	,厨房电器,净水器/净水设备及配件耗材,净水器,	,6923185653684	,6923185616399	,主播：美然 场控：文蓝        权益：直播间抽奖10元红包==已建单拦截：ZX2511120067298，卫11.12,	,退款成功,,2025-11-11 20:59:28,	,,,,,,,否,否,	,否,	,,748.0	,0.0	,142.84	,73.8	,0.0	,0.0	,0.0	,0.0	,531.36	,605.16	,	,	,黑龙江省,鹤岗市,兴山区,,,否,否,	,	,	,否,	,	,	,	,	,	,	,	,	,	,	,	,是,是,	,否,否,,	,否,	,否,,,否
【重磅新品】云米净水器600G小海豚升级版厨下式RO反渗透直饮家用,251111-333562591550825,已发货，待收货,1	,正常,2025-11-11 20:59:20,2025-11-12 20:59:20,,2025-11-12 10:19:28,	,225501370546	,【24年新品】600G升级版6年长效,1600502140541	,厨房电器,净水器/净水设备及配件耗材,净水器,	,6923185653684	,6923185616399	,主播：美然 场控：文蓝        权益：直播间抽奖中乐扣保鲜盒,	,无售后或售后取消,,2025-11-11 20:59:20,	,,,,,,,否,否,	,否,	,,559.0	,0.0	,10.0	,54.9	,0.0	,0.0	,0.0	,0.0	,494.1	,549.0	,JDV024015770773,京东大件物流,河南省,驻马店市,西平县,,,否,否,	,	,	,否,	,	,	,	,	,	,	,	,	,	,	,	,是,是,	,否,否,,	,否,	,否,,,否
【重磅新品】云米净水器600G小海豚升级版厨下式RO反渗透直饮家用,251111-108821255763697,已发货，待收货,1	,正常,2025-11-11 20:58:44,2025-11-12 20:58:44,,2025-11-12 10:19:27,	,225501370546	,【24年新品】600G升级版6年长效,1600502140541	,厨房电器,净水器/净水设备及配件耗材,净水器,	,6923185653684	,6923185616399	,	,	,无售后或售后取消,,2025-11-11 20:58:44,	,,,,,,,否,否,	,否,	,,559.0	,0.0	,10.0	,30.0	,0.0	,0.0	,0.0	,0.0	,519.0	,549.0	,JDV024015751172,京东大件物流,河南省,郑州市,管城回族区,,,否,否,	,	,	,否,	,	,	,	,	,	,	,	,	,	,	,	,否,是,	,否,否,,	,否,	,否,,,否
云米智能洗碗机10套热风烘干消毒嵌入式洗烘存一体家用IronA1,251111-573235597673995,未发货，退款成功,1	,审核中，请勿发货,2025-11-11 20:57:15,2025-11-12 20:57:15,,	,	,223485946991	,Iron A1消毒除菌洗碗机10套,1357746713795	,大家电,厨房大电,洗碗机,	,6923185616375	,6923185616375	,聚水潭已取消发货 已退款 卫11.12,	,退款成功,,2025-11-11 20:57:15,	,,,,,,,否,否,	,否,	,,1599.0	,0.0	,80.0	,50.0	,0.0	,0.0	,0.0	,0.0	,1469.0	,1519.0	,	,	,上海市,上海市,宝山区,,,否,否,	,	,	,否,	,	,	,	,	,	,	,	,	,	,	,	,否,否,	,否,	,,	,否,	,否,,,否
云米23立方油烟机燃气灶套装家用厨房顶侧大吸力油烟机5.0KW灶具,251111-592340642220115,已发货，待收货,1	,正常,2025-11-11 20:56:12,2025-11-12 20:56:13,,2025-11-12 11:12:25,	,209837375742	,"【烟灶联动】瞬吸烟机+5.0KW灶,天然气",1792607150009	,大家电,厨房大电,烟灶消套装,	,S2409261034001,	,	,	,无售后或售后取消,,2025-11-11 20:56:13,	,,,,,,,否,否,	,否,	,,1289.0	,0.0	,65.0	,100.0	,0.0	,0.0	,0.0	,0.0	,1124.0	,1224.0	,JDV024016860306,京东大件物流,浙江省,衢州市,龙游县,,,否,否,	,	,	,否,	,	,	,	,	,	,	,	,	,	,	,	,否,否,	,否,否,,	,否,	,否,,,否
VIOMI云米净水器1000G厨下直饮小体积净水机RO机智显龙头3秒满杯,251111-166104973752955,已取消,1	,正常,	,	,,	,	,842195971715	,1000G大通量RO净水器,1803617356458	,厨房电器,净水器/净水设备及配件耗材,净水器,	,6923185654247	,	,	,	,无售后或售后取消,,	,	,,,,,,,否,否,	,否,	,,823.0	,0.0	,24.0	,79.9	,0.0	,0.0	,0.0	,0.0	,719.1	,799.0	,	,	,****,****,****,****,,否,否,	,	,	,否,	,	,	,	,	,	,	,	,	,	,	,	,否,否,	,否,	,,	,否,	,否,,,否
云米AI油烟机双腔大吸力Smart双腔一级能效23m³大风压智清洁节能,251111-161753383271206,已发货，待收货,1	,正常,2025-11-11 20:55:08,2025-11-12 20:55:08,,2025-11-12 09:24:17,	,750412983827	,AI双腔强吸油烟机,1737582711971	,大家电,厨房大电,油烟机,	,6923185649229	,6923185649229	,	,	,无售后或售后取消,,2025-11-11 20:55:08,	,,,,,,,否,否,	,否,	,,789.0	,0.0	,0.0	,0.0	,0.2	,0.0	,0.0	,0.0	,789.0	,789.0	,JDV024015746994,京东配送,云南省,西双版纳傣族自治州,景洪市,,,否,否,	,	,	,否,	,	,	,	,	,	,	,	,	,	,	,	,否,否,	,否,否,,	,否,	,否,,,否
【重磅新品】云米净水器600G小海豚升级版厨下式RO反渗透直饮家用,251111-535895754314060,已发货，待收货,2	,正常,2025-11-11 20:55:29,2025-11-12 20:55:29,,2025-11-12 10:19:27,	,225501370546	,【24年新品】600G升级版6年长效,1600502140541	,厨房电器,净水器/净水设备及配件耗材,净水器,	,6923185653684	,6923185616399	,	,	,无售后或售后取消,,2025-11-11 20:55:29,	,,,,,,,否,否,	,否,	,,1118.0	,0.0	,11.18	,0.0	,2.21	,0.0	,0.0	,0.0	,1106.82	,1106.82	,JDV024015765365,京东大件物流,湖北省,武汉市,东西湖区,,,否,否,	,	,	,否,	,	,	,	,	,	,	,	,	,	,	,	,否,是,	,否,否,,	,否,	,否,,,否
【母婴直饮】云米净水器 SE 600G+ 新升级厨下式RO反渗透直饮家用,251111-266589990463048,已取消,1	,正常,	,	,,	,	,819506595979	,【24年新品】600G升级版6年长效,1787046011387	,厨房电器,净水器/净水设备及配件耗材,净水器,	,6923185653684	,6923185616399	,	,	,无售后或售后取消,,	,	,,,,,,,否,否,	,否,	,,748.0	,0.0	,150.22	,36.9	,0.0	,0.0	,0.0	,0.0	,560.88	,597.78	,	,	,****,****,****,****,,否,否,	,	,	,否,	,	,	,	,	,	,	,	,	,	,	,	,否,否,	,否,	,,	,否,	,否,,,否
云米智能双胆电热水器扁桶家用速热储水式60L超薄抑菌节能大水量,251111-666516887172196,已取消,1	,正常,	,	,,	,	,290130975552	,"纤薄安全节能60L,双胆扁桶",1756848157332	,大家电,热水器,电热水器,	,6923185610410	,6923185610410	,	,	,无售后或售后取消,,	,	,,,,,,,否,否,	,否,	,,797.0	,0.0	,0.0	,48.0	,0.0	,0.0	,0.0	,0.0	,749.0	,797.0	,	,	,****,****,****,****,,否,否,	,	,	,否,	,	,	,	,	,	,	,	,	,	,	,	,否,否,	,否,	,,	,否,	,否,,,否
云米双腔大吸力手势控制智清洁油烟机聚能猛火灶安全烟灶联动套装,251111-333614968451770,待付款,1	,正常,	,	,,	,	,818698470695	,"【烟灶套装】双腔劲吸烟机+5.0KW灶,液化气灶",1786567894378	,大家电,厨房大电,烟灶消套装,	,S2509151408001,	,	,	,无售后或售后取消,,	,	,,,,,,,否,否,	,否,	,,1199.0	,0.0	,0.0	,400.0	,0.0	,0.0	,0.0	,0.0	,799.0	,1199.0	,	,	,****,****,****,****,,否,否,	,	,	,否,	,	,	,	,	,	,	,	,	,	,	,	,是,否,	,否,	,,	,否,	,否,,,否
【重磅新品】云米净水器600G小海豚升级版厨下式RO反渗透直饮家用,251111-134616225343048,已取消,1	,正常,	,	,,	,	,225501370546	,【24年新品】600G升级版6年长效,1600502140541	,厨房电器,净水器/净水设备及配件耗材,净水器,	,6923185653684	,6923185616399	,	,	,无售后或售后取消,,	,	,,,,,,,否,否,	,否,	,,559.0	,0.0	,0.0	,0.0	,0.0	,0.0	,0.0	,0.0	,559.0	,559.0	,	,	,****,****,****,****,,否,否,	,	,	,否,	,	,	,	,	,	,	,	,	,	,	,	,否,否,	,否,	,,	,否,	,否,,,否
云米23立方油烟机燃气灶套装家用厨房顶侧大吸力油烟机5.0KW灶具,251111-465064435303179,已取消,1	,正常,	,	,,	,	,209837375742	,"【烟灶联动】瞬吸烟机+5.0KW灶,天然气",1792607150009	,大家电,厨房大电,烟灶消套装,	,S2409261034001,	,	,	,无售后或售后取消,,	,	,,,,,,,否,否,	,否,	,,1289.0	,0.0	,65.0	,50.0	,0.0	,0.0	,0.0	,0.0	,1174.0	,1224.0	,	,	,****,****,****,****,,否,否,	,	,	,否,	,	,	,	,	,	,	,	,	,	,	,	,否,否,	,否,	,,	,否,	,否,,,否
云米净水器滤芯小蓝调小海豚600G+专用复合滤芯RO反渗透滤芯过滤,251111-597185053062327,已发货，待收货,1	,正常,2025-11-11 20:50:05,2025-11-12 20:50:06,,2025-11-12 09:28:27,	,296967601341	,5in1复合滤芯 2年长效,1600193054565	,厨房电器,净水器/净水设备及配件耗材,净水器配件耗材,	,6923185627425	,	,	,	,无售后或售后取消,,2025-11-11 20:50:06,	,,,,,,,否,否,	,否,	,,299.0	,0.0	,0.0	,0.0	,0.0	,0.0	,0.0	,0.0	,299.0	,299.0	,JDV024015752379,京东配送,山东省,威海市,荣成市,,,否,否,	,	,	,否,	,	,	,	,	,	,	,	,	,	,	,	,是,是,	,否,否,,	,否,	,否,,,否
云米智能洗碗机10套热风烘干消毒嵌入式洗烘存一体家用IronA1,251111-650756789772230,未发货，退款成功,1	,正常,2025-11-11 20:49:13,2025-11-12 20:49:14,,	,	,223485946991	,Iron A1消毒除菌洗碗机10套,1357746713795	,大家电,厨房大电,洗碗机,	,6923185616375	,6923185616375	,聚水潭已取消发货 已退款 卫11.12,	,退款成功,,2025-11-11 20:49:14,	,,,,,,,否,否,	,否,	,,1599.0	,0.0	,80.0	,12.0	,0.0	,0.0	,0.0	,0.0	,1507.0	,1519.0	,	,	,上海市,上海市,普陀区,,,否,否,	,	,	,否,	,	,	,	,	,	,	,	,	,	,	,	,否,否,	,否,否,,	,否,	,否,,,否
云米全自动智能门锁人脸猫眼密码指纹安全防撬大屏锁已接入米家AP,251111-437392566571949,已取消,1	,正常,	,	,,	,	,804409121514	,LBT16A【人脸猫眼】智能门锁,1778430742491	,基础建材,智能门锁/电子锁,智能门锁/电子锁,	,6923185652724	,	,	,	,无售后或售后取消,,	,	,,,,,,,否,否,	,否,	,,849.0	,0.0	,0.0	,0.0	,0.0	,0.0	,0.0	,0.0	,849.0	,849.0	,	,	,****,****,****,****,,否,否,	,	,	,否,	,	,	,	,	,	,	,	,	,	,	,	,否,否,	,否,	,,	,否,	,否,,,否
云米智能洗碗机10套热风烘干消毒嵌入式洗烘存一体家用IronA1,251111-264041950732230,未发货，退款成功,1	,审核中，请勿发货,2025-11-11 20:47:39,2025-11-12 20:47:39,,	,	,223485946991	,Iron A1消毒除菌洗碗机10套,1357746713795	,大家电,厨房大电,洗碗机,	,6923185616375	,6923185616375	,聚水潭已取消发货，仅退款  诚11.12,	,退款成功,,2025-11-11 20:47:39,	,,,,,,,否,否,	,否,	,,1599.0	,0.0	,80.0	,50.0	,0.0	,0.0	,0.0	,0.0	,1469.0	,1519.0	,	,	,上海市,上海市,宝山区,,,否,否,	,	,	,否,	,	,	,	,	,	,	,	,	,	,	,	,否,否,	,否,	,,	,否,	,否,,,否
【重磅新品】云米净水器600G小海豚升级版厨下式RO反渗透直饮家用,251111-140299486783048,已取消,1	,正常,	,	,,	,	,225501370546	,【24年新品】600G升级版6年长效,1600502140541	,厨房电器,净水器/净水设备及配件耗材,净水器,	,6923185653684	,6923185616399	,	,	,无售后或售后取消,,	,	,,,,,,,否,否,	,否,	,,559.0	,0.0	,10.0	,54.9	,0.0	,0.0	,0.0	,0.0	,494.1	,549.0	,	,	,****,****,****,****,,否,否,	,	,	,否,	,	,	,	,	,	,	,	,	,	,	,	,否,否,	,否,	,,	,否,	,否,,,否
云米净水器滤芯小蓝调小海豚600G+专用复合滤芯RO反渗透滤芯过滤,251111-302010887830482,待付款,1	,正常,	,	,,	,	,296967601341	,600G RO反渗透滤芯 6年长效,1600193586339	,厨房电器,净水器/净水设备及配件耗材,净水器配件耗材,	,6923185618379	,	,	,	,无售后或售后取消,,	,	,,,,,,,否,否,	,否,	,,699.0	,0.0	,0.0	,0.0	,0.0	,0.0	,0.0	,0.0	,699.0	,699.0	,	,	,****,****,****,****,,否,否,	,	,	,否,	,	,	,	,	,	,	,	,	,	,	,	,是,否,	,否,	,,	,否,	,否,,,否
云米智能电热水器小蓝调节能变频速热家用浴室洗澡抑菌50L/60L,251111-237313758770342,已发货，待收货,1	,正常,2025-11-11 20:46:36,2025-11-12 20:46:37,,2025-11-12 09:31:25,	,434684719975	,安全保护8倍增容大水量50L,1733881750461	,大家电,热水器,电热水器,	,6923185649076	,	,	,	,无售后或售后取消,,2025-11-11 20:46:37,	,,,,,,,否,否,	,否,	,,599.0	,0.0	,0.0	,29.95	,0.0	,0.0	,0.0	,0.0	,569.05	,599.0	,JDV024015771208,京东配送,江西省,赣州市,赣县区,,,否,否,	,	,	,否,	,	,	,	,	,	,	,	,	,	,	,	,否,否,	,否,否,,	,否,	,否,,,否
云米智能洗碗机10套热风烘干消毒嵌入式洗烘存一体家用IronA1,251111-609107320332230,未发货，退款成功,1	,审核中，请勿发货,2025-11-11 20:44:43,2025-11-12 20:44:43,,	,	,223485946991	,Iron A1消毒除菌洗碗机10套,1357746713795	,大家电,厨房大电,洗碗机,	,6923185616375	,6923185616375	,聚水潭已取消发货 已退款 卫11.12,	,退款成功,,2025-11-11 20:44:43,	,,,,,,,否,否,	,否,	,,1599.0	,0.0	,80.0	,50.0	,0.0	,0.0	,0.0	,0.0	,1469.0	,1519.0	,	,	,上海市,上海市,普陀区,,,否,否,	,	,	,否,	,	,	,	,	,	,	,	,	,	,	,	,否,否,	,否,	,,	,否,	,否,,,否
云米电热水器免换镁棒1级能效钛芯防护抑菌内胆免清洗3000W速热,251111-591124241963331,待发货,1	,正常,2025-11-11 20:44:54,2026-01-11 20:44:55,,	,	,215513269171	,"【免更换镁棒技术】抑菌健康洗,50L",1757655804682	,大家电,热水器,电热水器,	,6923185611882	,镁棒50/60L,主播：美然 场控：文蓝        权益：直播间抽奖中10元红包,	,无售后或售后取消,,2025-11-11 20:44:55,	,,,,,,,否,否,	,否,	,,703.0	,0.0	,0.0	,0.0	,0.0	,0.0	,0.0	,0.0	,703.0	,703.0	,	,	,浙江省,宁波市,慈溪市,,,否,否,	,	,	,否,	,	,	,	,	,	,	,	,	,	,	,	,否,是,	,否,否,,	,否,	,否,,,否
【重磅新品】云米净水器600G小海豚升级版厨下式RO反渗透直饮家用,251111-549055435083233,已取消,1	,正常,	,	,,	,	,225501370546	,【24年新品】600G升级版6年长效,1600502140541	,厨房电器,净水器/净水设备及配件耗材,净水器,	,6923185653684	,6923185616399	,	,	,无售后或售后取消,,	,	,,,,,,,否,否,	,否,	,,559.0	,0.0	,10.0	,0.0	,0.0	,0.0	,0.0	,0.0	,549.0	,549.0	,	,	,****,****,****,****,,否,否,	,	,	,否,	,	,	,	,	,	,	,	,	,	,	,	,否,否,	,否,	,,	,否,	,否,,,否
【重磅新品】云米净水器600G小海豚升级版厨下式RO反渗透直饮家用,251111-629397296772647,待发货,1	,正常,2025-11-11 20:43:47,2025-11-30 20:43:47,,	,	,225501370546	,【24年新品】600G升级版6年长效,1600502140541	,厨房电器,净水器/净水设备及配件耗材,净水器,	,6923185653684	,6923185616399	,	,	,无售后或售后取消,,2025-11-11 20:43:47,	,,,,,,,否,否,	,否,	,,559.0	,0.0	,10.0	,30.0	,16.0	,0.0	,0.0	,0.0	,519.0	,549.0	,	,	,广西壮族自治区,南宁市,西乡塘区,,,否,否,	,	,	,否,	,	,	,	,	,	,	,	,	,	,	,	,否,是,	,否,是,3	,商家,否,	,否,,信用卡分期,否
云米蓝调2双胆电热水器60L超短超薄速热增容大水量3000W杀菌安全,251111-239138260612486,已发货，待收货,1	,正常,2025-11-11 20:39:38,2025-11-12 20:39:38,,2025-11-12 11:27:41,	,846212481564	,超薄超短电热水器60L,1807140932949	,大家电,热水器,电热水器,	,6923185657057	,6923185657057	,	,	,无售后或售后取消,,2025-11-11 20:39:38,	,,,,,,,否,否,	,否,	,,882.0	,0.0	,0.0	,0.0	,0.0	,0.0	,0.0	,0.0	,882.0	,882.0	,JDV024015730033,京东大件物流,黑龙江省,双鸭山市,集贤县,,,否,否,	,	,	,否,	,	,	,	,	,	,	,	,	,	,	,	,否,否,	,否,否,,	,否,	,否,,,否
云米AI燃气热水器智控恒温防冻节能安全水质净化精准控温13L强排,251111-287949525342947,已取消,1	,正常,	,	,,	,	,773161065181	,智控恒温燃气热水器,1755671371526	,大家电,热水器,燃气热水器,	,6923185655688	,6923185655688	,	,	,无售后或售后取消,,	,	,,,,,,,否,否,	,否,	,,588.0	,0.0	,0.0	,0.0	,0.0	,0.0	,0.0	,0.0	,588.0	,588.0	,	,	,****,****,****,****,,否,否,	,	,	,否,	,	,	,	,	,	,	,	,	,	,	,	,否,否,	,否,	,,	,否,	,否,,,否
【重磅新品】云米净水器600G小海豚升级版厨下式RO反渗透直饮家用,251111-330699937383267,已发货，待收货,1	,正常,2025-11-11 20:37:57,2025-11-12 20:37:58,,2025-11-12 10:19:28,	,225501370546	,【24年新品】600G升级版6年长效,1600502140541	,厨房电器,净水器/净水设备及配件耗材,净水器,	,6923185653684	,6923185616399	,	,	,无售后或售后取消,,2025-11-11 20:37:58,	,,,,,,,否,否,	,否,	,,559.0	,0.0	,0.0	,0.0	,16.0	,0.0	,0.0	,0.0	,559.0	,559.0	,JDV024015744080,京东大件物流,内蒙古自治区,鄂尔多斯市,准格尔旗,,,否,否,	,	,	,否,	,	,	,	,	,	,	,	,	,	,	,	,否,否,	,否,是,3	,商家,否,	,否,,信用卡分期,否
【重磅新品】云米净水器600G小海豚升级版厨下式RO反渗透直饮家用,251111-583228474900682,已发货，待收货,1	,正常,2025-11-11 20:37:01,2025-11-12 20:37:01,,2025-11-12 10:19:27,	,225501370546	,【24年新品】600G升级版6年长效,1600502140541	,厨房电器,净水器/净水设备及配件耗材,净水器,	,6923185653684	,6923185616399	,	,	,无售后或售后取消,,2025-11-11 20:37:01,	,,,,,,,否,否,	,否,	,,559.0	,0.0	,10.0	,0.0	,0.1	,0.0	,0.0	,0.0	,549.0	,549.0	,JDV024015767705,京东大件物流,湖南省,湘潭市,韶山市,,,否,否,	,	,	,否,	,	,	,	,	,	,	,	,	,	,	,	,否,是,	,否,否,,	,否,	,否,,,否
云米净水器滤芯小蓝调小海豚600G+专用复合滤芯RO反渗透滤芯过滤,251111-497329128980682,已发货，待收货,1	,正常,2025-11-11 20:37:01,2025-11-12 20:37:01,,2025-11-12 09:28:27,	,296967601341	,5in1复合滤芯 2年长效,1600193054565	,厨房电器,净水器/净水设备及配件耗材,净水器配件耗材,	,6923185627425	,	,后返，到手价99,	,无售后或售后取消,,2025-11-11 20:37:01,	,,,,,,,否,否,	,否,	,,299.0	,0.0	,0.0	,18.22	,0.07	,0.0	,0.0	,0.0	,280.78	,299.0	,JDV024015762161,京东配送,湖南省,湘潭市,韶山市,,,否,否,	,	,	,否,	,	,	,	,	,	,	,	,	,	,	,	,否,是,	,否,否,,	,否,	,否,,,否
【重磅新品】云米净水器600G小海豚升级版厨下式RO反渗透直饮家用,251111-555766321522955,已发货，待收货,1	,正常,2025-11-11 20:35:39,2025-11-12 20:35:39,,2025-11-12 10:19:27,	,225501370546	,【24年新品】600G升级版6年长效,1600502140541	,厨房电器,净水器/净水设备及配件耗材,净水器,	,6923185653684	,6923185616399	,主播：美然 场控：文蓝        权益：直播间抽奖中乐扣保鲜盒,	,无售后或售后取消,,2025-11-11 20:35:39,	,,,,,,,否,否,	,否,	,,559.0	,0.0	,10.0	,0.0	,0.0	,0.0	,0.0	,0.0	,549.0	,549.0	,JDV024015776883,京东大件物流,新疆维吾尔自治区,伊犁哈萨克自治州,奎屯市,,,否,否,	,	,	,否,	,	,	,	,	,	,	,	,	,	,	,	,否,否,	,否,否,,	,否,	,否,,,否
【母婴直饮】云米净水器 SE 600G+ 新升级厨下式RO反渗透直饮家用,251111-428532099400508,已发货，待收货,1	,正常,2025-11-11 20:35:26,2025-11-12 20:35:27,,2025-11-12 09:51:24,	,819506595979	,【24年新品】600G升级版6年长效,1787046011387	,厨房电器,净水器/净水设备及配件耗材,净水器,	,6923185653684	,6923185616399	,	,	,无售后或售后取消,,2025-11-11 20:35:27,	,,,,,,,否,否,	,否,	,,748.0	,0.0	,145.6	,20.0	,0.0	,0.0	,0.0	,0.0	,582.4	,602.4	,JDV024015776533,京东配送,河南省,周口市,川汇区,,,否,否,	,	,	,否,	,	,	,	,	,	,	,	,	,	,	,	,否,否,	,否,否,,	,否,	,否,,,否
【母婴直饮】云米净水器 SE 600G+ 新升级厨下式RO反渗透直饮家用,251111-258578911640114,待付款,1	,正常,	,	,,	,	,819506595979	,【24年新品】600G升级版6年长效,1787046011387	,厨房电器,净水器/净水设备及配件耗材,净水器,	,6923185653684	,6923185616399	,	,	,无售后或售后取消,,	,	,,,,,,,否,否,	,否,	,,748.0	,0.0	,139.88	,88.56	,0.0	,0.0	,0.0	,0.0	,519.56	,608.12	,	,	,****,****,****,****,,否,否,	,	,	,否,	,	,	,	,	,	,	,	,	,	,	,	,否,否,	,否,	,,	,否,	,否,,,否
【重磅新品】云米净水器600G小海豚升级版厨下式RO反渗透直饮家用,251111-362912223622327,已发货，待收货,1	,正常,2025-11-11 20:33:19,2025-11-12 20:33:19,,2025-11-12 10:19:27,	,225501370546	,【24年新品】600G升级版6年长效,1600502140541	,厨房电器,净水器/净水设备及配件耗材,净水器,	,6923185653684	,6923185616399	,主播：美然 场控：文蓝        权益：直播间抽奖中乐扣保鲜盒,	,无售后或售后取消,,2025-11-11 20:33:19,	,,,,,,,否,否,	,否,	,,559.0	,0.0	,10.0	,0.0	,0.0	,0.0	,0.0	,0.0	,549.0	,549.0	,JDV024015767947,京东大件物流,山东省,威海市,荣成市,,,否,否,	,	,	,否,	,	,	,	,	,	,	,	,	,	,	,	,是,是,	,否,否,,	,否,	,否,,,否
【重磅新品】云米净水器600G小海豚升级版厨下式RO反渗透直饮家用,251111-259564552530584,已发货，待收货,1	,正常,2025-11-11 20:32:45,2025-11-12 20:32:45,,2025-11-12 10:19:27,	,225501370546	,【24年新品】600G升级版6年长效,1600502140541	,厨房电器,净水器/净水设备及配件耗材,净水器,	,6923185653684	,6923185616399	,	,	,无售后或售后取消,,2025-11-11 20:32:45,	,,,,,,,否,否,	,否,	,,559.0	,0.0	,10.0	,54.9	,3.0	,0.0	,0.0	,0.0	,494.1	,549.0	,JDV024015770863,京东大件物流,湖北省,孝感市,汉川市,,,否,否,	,	,	,否,	,	,	,	,	,	,	,	,	,	,	,	,否,否,	,否,否,,	,否,	,否,,,否
【重磅新品】云米净水器600G小海豚升级版厨下式RO反渗透直饮家用,251111-387249662383701,已发货，待收货,1	,正常,2025-11-11 20:28:36,2025-11-12 20:28:36,,2025-11-12 10:19:28,	,225501370546	,【24年新品】600G升级版6年长效,1600502140541	,厨房电器,净水器/净水设备及配件耗材,净水器,	,6923185653684	,6923185616399	,	,	,无售后或售后取消,,2025-11-11 20:28:36,	,,,,,,,否,否,	,否,	,,559.0	,0.0	,10.0	,54.9	,0.0	,0.0	,0.0	,0.0	,494.1	,549.0	,JDV024015767632,京东大件物流,江苏省,南京市,溧水区,,,否,否,	,	,	,否,	,	,	,	,	,	,	,	,	,	,	,	,否,否,	,否,否,,	,否,	,否,,,否
【母婴直饮】云米净水器 SE 600G+ 新升级厨下式RO反渗透直饮家用,251111-478517665411146,已取消,1	,正常,	,	,,	,	,819506595979	,【24年新品】600G升级版6年长效,1787046011387	,厨房电器,净水器/净水设备及配件耗材,净水器,	,6923185653684	,6923185616399	,	,	,无售后或售后取消,,	,	,,,,,,,否,否,	,否,	,,748.0	,0.0	,143.6	,70.0	,0.0	,0.0	,0.0	,0.0	,534.4	,604.4	,	,	,****,****,****,****,,否,否,	,	,	,否,	,	,	,	,	,	,	,	,	,	,	,	,否,否,	,否,	,,	,否,	,否,,,否
云米小厨宝6L电热水器厨房卫生间出水恒温储水式小型速热神器加热,251111-590788770180599,已发货，待收货,1	,正常,2025-11-11 20:26:59,2025-11-12 20:26:59,,2025-11-12 09:57:33,	,208073193570	,热水即刻有-【6L】,1801828025682	,大家电,热水器,厨宝,	,6923185611233	,6923185611233	,	,	,售后处理中,,2025-11-11 20:26:59,	,,,,,,,否,否,	,否,	,,267.0	,0.0	,14.0	,0.0	,0.0	,0.0	,0.0	,0.0	,253.0	,253.0	,JDV024015788898,京东配送,河北省,邢台市,巨鹿县,,,否,否,	,	,	,否,	,	,	,	,	,	,	,	,	,	,	,	,否,否,	,否,否,,	,否,	,否,,,否
【重磅新品】云米净水器600G小海豚升级版厨下式RO反渗透直饮家用,251111-612599130500581,已发货，待收货,1	,正常,2025-11-11 20:26:54,2025-11-12 20:26:54,,2025-11-12 10:19:27,	,225501370546	,【24年新品】600G升级版6年长效,1600502140541	,厨房电器,净水器/净水设备及配件耗材,净水器,	,6923185653684	,6923185616399	,	,	,无售后或售后取消,,2025-11-11 20:26:54,	,,,,,,,否,否,	,否,	,,559.0	,0.0	,10.0	,0.0	,0.2	,0.0	,0.0	,0.0	,549.0	,549.0	,JDV024015767883,京东大件物流,江西省,九江市,浔阳区,,,否,否,	,	,	,否,	,	,	,	,	,	,	,	,	,	,	,	,否,否,	,否,否,,	,否,	,否,,,否
【重磅新品】云米净水器600G小海豚升级版厨下式RO反渗透直饮家用,251111-009028299070598,未发货，退款成功,1	,审核中，请勿发货,2025-11-11 20:23:02,2025-11-12 20:23:02,,	,	,225501370546	,【24年新品】600G升级版6年长效,1600502140541	,厨房电器,净水器/净水设备及配件耗材,净水器,	,6923185653684	,6923185616399	,聚水潭已取消发货 已退款 卫11.12,	,退款成功,,2025-11-11 20:23:02,	,,,,,,,否,否,	,否,	,,559.0	,0.0	,0.0	,0.0	,0.0	,0.0	,0.0	,0.0	,559.0	,559.0	,	,	,吉林省,辽源市,龙山区,,,否,否,	,	,	,否,	,	,	,	,	,	,	,	,	,	,	,	,否,否,	,否,	,,	,否,	,否,,,否
云米净水器滤芯小蓝调小海豚600G+专用复合滤芯RO反渗透滤芯过滤,251111-282255757684069,已发货，待收货,2	,正常,2025-11-11 20:20:13,2025-11-12 20:20:13,,2025-11-12 09:28:27,	,296967601341	,5in1复合滤芯 2年长效,1600193054565	,厨房电器,净水器/净水设备及配件耗材,净水器配件耗材,	,6923185627425	,	,	,	,无售后或售后取消,,2025-11-11 20:20:13,	,,,,,,,否,否,	,否,	,,598.0	,0.0	,5.98	,0.0	,5.0	,0.0	,0.0	,0.0	,592.02	,592.02	,JDV024015794793,京东配送,湖南省,怀化市,沅陵县,,,否,否,	,	,	,否,	,	,	,	,	,	,	,	,	,	,	,	,否,否,	,否,否,,	,否,	,否,,,否
云米即热净水器厨房家用直饮RO反渗透加热净饮一体机1000G,251111-290476531341842,已发货，待收货,1	,正常,2025-11-11 20:19:59,2025-11-12 20:20:00,,2025-11-12 09:54:41,	,846360072018	,即热直饮 1000G大通量,1807240839093	,厨房电器,净水器/净水设备及配件耗材,净水器,	,6923185651116	,6923185651116	,	,	,无售后或售后取消,,2025-11-11 20:20:00,	,,,,,,,否,否,	,否,	,,1498.0	,0.0	,60.0	,40.0	,10.0	,0.0	,0.0	,0.0	,1398.0	,1438.0	,JDV024015770890,京东配送,四川省,绵阳市,涪城区,,,否,否,	,	,	,否,	,	,	,	,	,	,	,	,	,	,	,	,否,否,	,否,否,,	,否,	,否,,,否
云米智能双胆电热水器扁桶家用速热储水式60L超薄抑菌节能大水量,251111-204493309504037,已取消,1	,正常,	,	,,	,	,290130975552	,"纤薄安全节能60L,双胆扁桶",1756848157332	,大家电,热水器,电热水器,	,6923185610410	,6923185610410	,	,	,无售后或售后取消,,	,	,,,,,,,否,否,	,否,	,,797.0	,0.0	,0.0	,5.0	,0.0	,0.0	,0.0	,0.0	,792.0	,797.0	,	,	,****,****,****,****,,否,否,	,	,	,否,	,	,	,	,	,	,	,	,	,	,	,	,否,否,	,否,	,,	,否,	,否,,,否
【重磅新品】云米净水器600G小海豚升级版厨下式RO反渗透直饮家用,251111-129331433844069,已发货，待收货,1	,正常,2025-11-11 20:17:45,2025-11-12 20:17:45,,2025-11-12 10:19:28,	,225501370546	,【24年新品】600G升级版6年长效,1600502140541	,厨房电器,净水器/净水设备及配件耗材,净水器,	,6923185653684	,6923185616399	,	,	,无售后或售后取消,,2025-11-11 20:17:45,	,,,,,,,否,否,	,否,	,,559.0	,0.0	,10.0	,50.0	,3.0	,0.0	,0.0	,0.0	,499.0	,549.0	,JDV024015731149,京东大件物流,湖南省,怀化市,沅陵县,,,否,否,	,	,	,否,	,	,	,	,	,	,	,	,	,	,	,	,否,否,	,否,否,,	,否,	,否,,,否
云米5.2KW智能燃气灶大火力爆炒灶具一级节能家用厨房双灶头台嵌,251111-253965177222488,已发货，待收货,1	,正常,2025-11-11 20:16:08,2025-11-12 20:16:08,,2025-11-12 09:33:21,	,738372436858	,5.2KW聚能猛火灶（天然气）,1727247957279	,大家电,厨房大电,燃气灶,	,6923185650348	,	,	,	,无售后或售后取消,,2025-11-11 20:16:08,	,,,,,,,否,否,	,否,	,,699.0	,0.0	,0.0	,0.0	,0.0	,0.0	,0.0	,0.0	,699.0	,699.0	,JDV024016338790,京东配送,江苏省,徐州市,鼓楼区,,,否,否,	,	,	,否,	,	,	,	,	,	,	,	,	,	,	,	,否,否,	,否,否,,	,否,	,否,,,否
【重磅新品】云米净水器600G小海豚升级版厨下式RO反渗透直饮家用,251111-410978957730755,已发货，待收货,1	,正常,2025-11-11 20:15:20,2025-11-12 20:15:21,,2025-11-12 11:27:36,	,225501370546	,【24年新品】600G升级版6年长效,1600502140541	,厨房电器,净水器/净水设备及配件耗材,净水器,	,6923185653684	,6923185616399	,	,	,无售后或售后取消,,2025-11-11 20:15:21,	,,,,,,,否,否,	,否,	,,559.0	,0.0	,0.0	,0.0	,5.0	,0.0	,0.0	,0.0	,559.0	,559.0	,JDV024017668612,京东大件物流,四川省,自贡市,自流井区,,,否,否,	,	,	,否,	,	,	,	,	,	,	,	,	,	,	,	,否,否,	,否,否,,	,否,	,否,,,否
【重磅新品】云米净水器600G小海豚升级版厨下式RO反渗透直饮家用,251111-229889872290755,已取消,1	,正常,	,	,,	,	,225501370546	,【24年新品】600G升级版6年长效,1600502140541	,厨房电器,净水器/净水设备及配件耗材,净水器,	,6923185653684	,6923185616399	,	,	,无售后或售后取消,,	,	,,,,,,,否,否,	,否,	,,559.0	,0.0	,10.0	,0.0	,0.0	,0.0	,0.0	,0.0	,549.0	,549.0	,	,	,****,****,****,****,,否,否,	,	,	,否,	,	,	,	,	,	,	,	,	,	,	,	,否,否,	,否,	,,	,否,	,否,,,否
【母婴直饮】云米净水器 SE 600G+ 新升级厨下式RO反渗透直饮家用,251111-613815468380243,未发货，退款成功,1	,正常,2025-11-11 20:12:14,2025-11-12 20:12:14,,	,	,819506595979	,【24年新品】600G升级版6年长效,1787046011387	,厨房电器,净水器/净水设备及配件耗材,净水器,	,6923185653684	,6923185616399	,聚水潭已取消发货  已退款  11.11,	,退款成功,,2025-11-11 20:12:14,	,,,,,,,否,否,	,否,	,,748.0	,0.0	,142.84	,73.8	,0.0	,0.0	,0.0	,0.0	,531.36	,605.16	,	,	,浙江省,嘉兴市,海宁市,,,否,否,	,	,	,否,	,	,	,	,	,	,	,	,	,	,	,	,否,否,	,否,否,,	,否,	,否,,,否
Viomi云米净水器1000G厨下式RO反渗透直饮过滤器净饮小海豚2,251111-318389676472362,已发货，待收货,1	,正常,2025-11-11 20:11:51,2025-11-12 20:11:51,,2025-11-12 10:19:28,	,205458105137	,小海豚2包安装1000G大加仑,1802849942800	,厨房电器,净水器/净水设备及配件耗材,净水器,	,6923185654865	,	,	,	,无售后或售后取消,,2025-11-11 20:11:51,	,,,,,,,否,否,	,否,	,,863.0	,0.0	,0.0	,0.0	,5.0	,0.0	,0.0	,0.0	,863.0	,863.0	,JDV024015754601,京东大件物流,重庆市,重庆市,九龙坡区,,,否,否,	,	,	,否,	,	,	,	,	,	,	,	,	,	,	,	,否,否,	,否,否,,	,否,	,否,,,否
云米净水器滤芯小蓝调小海豚600G+专用复合滤芯RO反渗透滤芯过滤,251111-498073670001965,已发货，待收货,1	,正常,2025-11-11 20:11:32,2025-11-12 20:11:32,,2025-11-12 09:28:22,	,296967601341	,5in1复合滤芯 2年长效,1600193054565	,厨房电器,净水器/净水设备及配件耗材,净水器配件耗材,	,6923185627425	,	,	,	,无售后或售后取消,,2025-11-11 20:11:32,	,,,,,,,否,否,	,否,	,,299.0	,0.0	,0.0	,0.0	,0.0	,0.0	,0.0	,0.0	,299.0	,299.0	,JDV024015702555,京东配送,四川省,内江市,隆昌市,,,否,否,	,	,	,否,	,	,	,	,	,	,	,	,	,	,	,	,否,是,	,否,否,,	,否,	,否,,,否
Viomi云米净水器1000G厨下式RO反渗透直饮过滤器净饮小海豚2,251111-669872351672362,已取消,1	,正常,	,	,,	,	,205458105137	,小海豚2包安装1000G大加仑,1802849942800	,厨房电器,净水器/净水设备及配件耗材,净水器,	,6923185654865	,	,	,	,无售后或售后取消,,	,	,,,,,,,否,否,	,否,	,,863.0	,0.0	,0.0	,0.0	,0.0	,0.0	,0.0	,0.0	,863.0	,863.0	,	,	,****,****,****,****,,否,否,	,	,	,否,	,	,	,	,	,	,	,	,	,	,	,	,否,否,	,否,	,,	,否,	,否,,,否
云米电热水器免换镁棒1级能效钛芯防护抑菌内胆免清洗3000W速热,251111-450174666283331,未发货，退款成功,1	,正常,2025-11-11 20:11:21,2025-11-12 20:11:21,,	,	,215513269171	,"【免更换镁棒技术】抑菌健康洗,50L",1757655804682	,大家电,热水器,电热水器,	,6923185611882	,镁棒50/60L,聚水潭已取消发货  已退款  11.11,	,退款成功,,2025-11-11 20:11:21,	,,,,,,,否,否,	,否,	,,703.0	,0.0	,0.0	,0.0	,0.0	,0.0	,0.0	,0.0	,703.0	,703.0	,	,	,浙江省,宁波市,慈溪市,,,否,否,	,	,	,否,	,	,	,	,	,	,	,	,	,	,	,	,否,是,	,否,否,,	,否,	,否,,,否
【母婴直饮】云米净水器 SE 600G+ 新升级厨下式RO反渗透直饮家用,251111-228977600881965,已发货，待收货,1	,正常,2025-11-11 20:09:25,2025-11-12 20:09:26,,2025-11-12 09:45:21,	,819506595979	,【24年新品】600G升级版6年长效,1787046011387	,厨房电器,净水器/净水设备及配件耗材,净水器,	,6923185653684	,6923185616399	,	,	,无售后或售后取消,,2025-11-11 20:09:26,	,,,,,,,否,否,	,否,	,,748.0	,0.0	,137.6	,100.0	,0.0	,0.0	,0.0	,0.0	,510.4	,610.4	,JDV024015747931,京东配送,四川省,内江市,隆昌市,,,否,否,	,	,	,否,	,	,	,	,	,	,	,	,	,	,	,	,否,是,	,否,否,,	,否,	,否,,,否
【重磅新品】云米净水器600G小海豚升级版厨下式RO反渗透直饮家用,251111-318945400332579,待发货,1	,正常,2025-11-11 20:07:30,2026-02-10 20:07:30,,	,	,225501370546	,【24年新品】600G升级版6年长效,1600502140541	,厨房电器,净水器/净水设备及配件耗材,净水器,	,6923185653684	,6923185616399	,主播：美然 场控：文蓝        权益：直播间抽奖10元红包,	,无售后或售后取消,,2025-11-11 20:07:30,	,,,,,,,否,否,	,否,	,,559.0	,0.0	,10.0	,3.0	,0.0	,0.0	,0.0	,0.0	,546.0	,549.0	,	,	,湖北省,孝感市,孝南区,,,否,否,	,	,	,否,	,	,	,	,	,	,	,	,	,	,	,	,是,是,	,否,否,,	,否,	,否,,,否
云米顶侧大吸力蓝调油烟机家用厨房节能自清洁一级能效可挥手智控,251111-433816922502488,已发货，待收货,1	,正常,2025-11-11 20:07:29,2025-11-12 20:07:29,,2025-11-12 09:30:28,	,657344402006	,云米智清洁挥手智控单烟机,1723825075586	,大家电,厨房大电,油烟机,	,6923185650973	,6923185650973	,	,	,无售后或售后取消,,2025-11-11 20:07:29,	,,,,,,,否,否,	,否,	,,839.0	,0.0	,0.0	,50.0	,0.0	,0.0	,0.0	,0.0	,789.0	,839.0	,JDV024016356781,京东配送,江苏省,徐州市,鼓楼区,,,否,否,	,	,	,否,	,	,	,	,	,	,	,	,	,	,	,	,否,否,	,否,否,,	,否,	,否,,,否
【重磅新品】云米净水器600G小海豚升级版厨下式RO反渗透直饮家用,251111-218040901222660,已取消,1	,正常,	,	,,	,	,225501370546	,【24年新品】600G升级版6年长效,1600502140541	,厨房电器,净水器/净水设备及配件耗材,净水器,	,6923185653684	,6923185616399	,	,	,无售后或售后取消,,	,	,,,,,,,否,否,	,否,	,,559.0	,0.0	,0.0	,0.0	,0.0	,0.0	,0.0	,0.0	,559.0	,559.0	,	,	,****,****,****,****,,否,否,	,	,	,否,	,	,	,	,	,	,	,	,	,	,	,	,否,否,	,否,	,,	,否,	,否,,,否
【重磅新品】云米净水器600G小海豚升级版厨下式RO反渗透直饮家用,251111-456319311462660,未发货，退款成功,1	,正常,2025-11-11 20:05:12,2025-11-12 20:05:12,,	,	,225501370546	,【24年新品】600G升级版6年长效,1600502140541	,厨房电器,净水器/净水设备及配件耗材,净水器,	,6923185653684	,6923185616399	,聚水潭已取消发货  已退款  11.11,	,退款成功,,2025-11-11 20:05:12,	,,,,,,,否,否,	,否,	,,559.0	,0.0	,10.0	,0.0	,0.0	,0.0	,0.0	,0.0	,549.0	,549.0	,	,	,重庆市,重庆市,梁平区,,,否,否,	,	,	,否,	,	,	,	,	,	,	,	,	,	,	,	,否,否,	,否,否,,	,否,	,否,,,否
【重磅新品】云米净水器600G小海豚升级版厨下式RO反渗透直饮家用,251111-141285210532746,已取消,1	,正常,	,	,,	,	,225501370546	,【24年新品】600G升级版6年长效,1600502140541	,厨房电器,净水器/净水设备及配件耗材,净水器,	,6923185653684	,6923185616399	,	,	,无售后或售后取消,,	,	,,,,,,,否,否,	,否,	,,559.0	,0.0	,0.0	,0.0	,0.0	,0.0	,0.0	,0.0	,559.0	,559.0	,	,	,****,****,****,****,,否,否,	,	,	,否,	,	,	,	,	,	,	,	,	,	,	,	,否,否,	,否,	,,	,否,	,否,,,否
VIOMI云米净水器1000G厨下直饮小体积净水机RO机智显龙头3秒满杯,251111-022397653291296,已发货，待收货,1	,正常,2025-11-11 20:03:03,2025-11-12 20:03:03,,2025-11-12 10:19:29,	,842195971715	,1000G大通量RO净水器,1803617356458	,厨房电器,净水器/净水设备及配件耗材,净水器,	,6923185654247	,	,主播：美然 场控：文蓝        权益：直播间抽奖乐扣保鲜盒,	,无售后或售后取消,,2025-11-11 20:03:03,	,,,,,,,否,否,	,否,	,,823.0	,0.0	,24.0	,0.0	,0.0	,0.0	,0.0	,0.0	,799.0	,799.0	,JDV024015762935,京东大件物流,湖北省,武汉市,黄陂区,,,否,否,	,	,	,否,	,	,	,	,	,	,	,	,	,	,	,	,否,否,	,否,否,,	,否,	,否,,,否
【重磅新品】云米净水器600G小海豚升级版厨下式RO反渗透直饮家用,251111-374509484452746,未发货，退款成功,1	,正常,2025-11-11 20:04:38,2025-11-12 20:04:38,,	,	,225501370546	,【24年新品】600G升级版6年长效,1600502140541	,厨房电器,净水器/净水设备及配件耗材,净水器,	,6923185653684	,6923185616399	,ZX2511120067302待拦截11.12诚,	,退款成功,,2025-11-11 20:04:38,	,,,,,,,否,否,	,否,	,,559.0	,0.0	,10.0	,15.0	,0.0	,0.0	,0.0	,0.0	,534.0	,549.0	,	,	,安徽省,宿州市,埇桥区,,,否,否,	,	,	,否,	,	,	,	,	,	,	,	,	,	,	,	,否,否,	,否,否,,	,否,	,否,,,否
【重磅新品】云米净水器600G小海豚升级版厨下式RO反渗透直饮家用,251111-535570757941067,已发货，待收货,1	,正常,2025-11-11 20:00:19,2025-11-12 20:00:19,,2025-11-12 10:19:29,	,225501370546	,【24年新品】600G升级版6年长效,1600502140541	,厨房电器,净水器/净水设备及配件耗材,净水器,	,6923185653684	,6923185616399	,	,	,无售后或售后取消,,2025-11-11 20:00:19,	,,,,,,,否,否,	,否,	,,559.0	,0.0	,10.0	,0.0	,0.0	,0.0	,0.0	,0.0	,549.0	,549.0	,JDV024015770171,京东大件物流,内蒙古自治区,呼伦贝尔市,海拉尔区,,,否,否,	,	,	,否,	,	,	,	,	,	,	,	,	,	,	,	,否,否,	,否,否,,	,否,	,否,,,否
云米净水器滤芯小蓝调小海豚600G+专用复合滤芯RO反渗透滤芯过滤,251111-140068862323668,已发货，待收货,1	,正常,2025-11-11 19:57:53,2025-11-12 19:57:53,,2025-11-12 09:28:27,	,296967601341	,5in1复合滤芯 2年长效,1600193054565	,厨房电器,净水器/净水设备及配件耗材,净水器配件耗材,	,6923185627425	,	,后返，到手价99,	,无售后或售后取消,,2025-11-11 19:57:53,	,,,,,,,否,否,	,否,	,,299.0	,0.0	,0.0	,0.0	,0.0	,0.0	,0.0	,0.0	,299.0	,299.0	,JDV024015752218,京东配送,山东省,威海市,乳山市,,,否,否,	,	,	,否,	,	,	,	,	,	,	,	,	,	,	,	,否,否,	,否,否,,	,否,	,否,,,否
【重磅新品】云米净水器600G小海豚升级版厨下式RO反渗透直饮家用,251111-026518515292134,已发货，待收货,1	,正常,2025-11-11 19:57:19,2025-11-12 19:57:19,,2025-11-12 10:19:29,	,225501370546	,【24年新品】600G升级版6年长效,1600502140541	,厨房电器,净水器/净水设备及配件耗材,净水器,	,6923185653684	,6923185616399	,	,	,无售后或售后取消,,2025-11-11 19:57:19,	,,,,,,,否,否,	,否,	,,559.0	,0.0	,10.0	,3.0	,0.0	,0.0	,0.0	,0.0	,546.0	,549.0	,JDV024015763026,京东大件物流,海南省,三亚市,天涯区,,,否,否,	,	,	,否,	,	,	,	,	,	,	,	,	,	,	,	,否,否,	,否,否,,	,否,	,否,,,否
【重磅新品】云米净水器600G小海豚升级版厨下式RO反渗透直饮家用,251111-287582461490498,未发货，退款成功,1	,正常,2025-11-11 19:56:00,2025-11-12 19:56:00,,	,	,225501370546	,【24年新品】600G升级版6年长效,1600502140541	,厨房电器,净水器/净水设备及配件耗材,净水器,	,6923185653684	,6923185616399	,聚水潭已取消发货 已退款 卫11.12,	,退款成功,,2025-11-11 19:56:00,	,,,,,,,否,否,	,否,	,,559.0	,0.0	,10.0	,0.0	,16.0	,0.0	,0.0	,0.0	,549.0	,549.0	,	,	,黑龙江省,双鸭山市,尖山区,,,否,否,	,	,	,否,	,	,	,	,	,	,	,	,	,	,	,	,否,否,	,否,是,3	,商家,否,	,否,,信用卡分期,否
【重磅新品】云米净水器600G小海豚升级版厨下式RO反渗透直饮家用,251111-682664926831658,已取消,1	,正常,	,	,,	,	,225501370546	,【24年新品】600G升级版6年长效,1600502140541	,厨房电器,净水器/净水设备及配件耗材,净水器,	,6923185653684	,6923185616399	,	,	,无售后或售后取消,,	,	,,,,,,,否,否,	,否,	,,559.0	,0.0	,0.0	,0.0	,0.0	,0.0	,0.0	,0.0	,559.0	,559.0	,	,	,****,****,****,****,,否,否,	,	,	,否,	,	,	,	,	,	,	,	,	,	,	,	,否,否,	,否,	,,	,否,	,否,,,否
【母婴直饮】云米净水器 SE 600G+ 新升级厨下式RO反渗透直饮家用,251111-142543429252419,已发货，待收货,1	,正常,2025-11-11 19:49:50,2025-11-12 19:49:50,,2025-11-12 09:51:28,	,819506595979	,【24年新品】600G升级版6年长效,1787046011387	,厨房电器,净水器/净水设备及配件耗材,净水器,	,6923185653684	,6923185616399	,	,	,无售后或售后取消,,2025-11-11 19:49:50,	,,,,,,,否,否,	,否,	,,748.0	,0.0	,142.84	,73.8	,0.0	,0.0	,0.0	,0.0	,531.36	,605.16	,JDV024015754629,京东配送,江苏省,南京市,六合区,,,否,否,	,	,	,否,	,	,	,	,	,	,	,	,	,	,	,	,否,否,	,否,是,3	,商家,否,	,否,,信用卡分期,否
云米净水器滤芯家用小海豚小蓝调小白龙系列专用RO反渗透,251111-385509026183739,已发货，待收货,1	,正常,2025-11-11 19:48:14,2025-11-13 19:48:14,,2025-11-12 09:21:21,	,232467205433	,5in1 复合滤芯,1647394585330	,厨房电器,净水器/净水设备及配件耗材,净水器配件耗材,	,6923185627425	,	,后返，到手价109,	,无售后或售后取消,,2025-11-11 19:48:14,	,,,,,,,否,否,	,否,	,,149.0	,0.0	,0.0	,0.0	,0.0	,0.0	,0.0	,0.0	,149.0	,149.0	,JDV024016364692,京东配送,上海市,上海市,松江区,,,否,否,	,	,	,否,	,	,	,	,	,	,	,	,	,	,	,	,否,是,	,否,否,,	,否,	,否,,,否
云米全自动智能门锁人脸猫眼密码指纹安全防撬大屏锁已接入米家AP,251111-113414029631576,已发货，待收货,1	,正常,2025-11-11 19:46:30,2025-11-12 19:46:30,,2025-11-12 10:54:28,	,804409121514	,LBT16A【人脸猫眼】智能门锁,1778430742491	,基础建材,智能门锁/电子锁,智能门锁/电子锁,	,6923185652724	,	,补差后返到手价829，晒单返50,	,无售后或售后取消,,2025-11-11 19:46:30,	,,,,,,,否,否,	,否,	,,849.0	,0.0	,0.0	,42.45	,0.0	,0.0	,0.0	,0.0	,806.55	,849.0	,JDV024015767229,京东配送,河北省,秦皇岛市,昌黎县,,,否,否,	,	,	,否,	,	,	,	,	,	,	,	,	,	,	,	,否,是,	,否,否,,	,否,	,否,,,否
Viomi云米净水器1000G厨下式RO反渗透直饮过滤器净饮小海豚2,251111-053833951640170,已发货，待收货,1	,正常,2025-11-11 19:46:27,2025-11-12 19:46:27,,2025-11-12 10:19:28,	,205458105137	,小海豚2包安装1000G大加仑,1802849942800	,厨房电器,净水器/净水设备及配件耗材,净水器,	,6923185654865	,	,主播：美然 场控：文蓝        权益：直播间抽奖10元红包,	,无售后或售后取消,,2025-11-11 19:46:27,	,,,,,,,否,否,	,否,	,,863.0	,0.0	,0.0	,0.0	,0.0	,0.0	,0.0	,0.0	,863.0	,863.0	,JDV024015778072,京东大件物流,湖北省,宜昌市,西陵区,,,否,否,	,	,	,否,	,	,	,	,	,	,	,	,	,	,	,	,是,是,	,否,否,,	,否,	,否,,,否
【重磅新品】云米净水器600G小海豚升级版厨下式RO反渗透直饮家用,251111-377917346221528,已发货，待收货,1	,正常,2025-11-11 19:46:15,2025-11-12 19:46:16,,2025-11-12 10:19:29,	,225501370546	,【24年新品】600G升级版6年长效,1600502140541	,厨房电器,净水器/净水设备及配件耗材,净水器,	,6923185653684	,6923185616399	,	,	,无售后或售后取消,,2025-11-11 19:46:16,	,,,,,,,否,否,	,否,	,,559.0	,0.0	,0.0	,55.9	,0.0	,0.0	,0.0	,0.0	,503.1	,559.0	,JDV024015750165,京东大件物流,江西省,吉安市,吉州区,,,否,否,	,	,	,否,	,	,	,	,	,	,	,	,	,	,	,	,否,否,	,否,否,,	,否,	,否,,,否
云米小厨宝6L电热水器厨房卫生间出水恒温储水式小型速热神器加热,251111-355089815040735,已发货，待收货,1	,正常,2025-11-11 19:46:37,2025-11-12 19:46:38,,2025-11-12 09:57:25,	,208073193570	,热水即刻有-【6L】,1801828025682	,大家电,热水器,厨宝,	,6923185611233	,6923185611233	,	,	,无售后或售后取消,,2025-11-11 19:46:38,	,,,,,,,否,否,	,否,	,,267.0	,0.0	,14.0	,22.77	,0.2	,0.0	,0.0	,0.0	,230.23	,253.0	,JDV024015796252,京东配送,云南省,曲靖市,麒麟区,,,否,否,	,	,	,否,	,	,	,	,	,	,	,	,	,	,	,	,否,否,	,否,否,,	,否,	,否,,,否
VIOMI云米净水器大通量小海豚800G反渗透RO厨下式家用长效滤芯,251111-063900301722015,已取消,1	,正常,	,	,,	,	,837957770723	,800G大通量纯水机,1809123722986	,厨房电器,净水器/净水设备及配件耗材,净水器配件耗材,	,6923185653974	,	,	,	,无售后或售后取消,,	,	,,,,,,,否,否,	,否,	,,882.9	,0.0	,177.0	,0.0	,0.0	,0.0	,0.0	,0.0	,705.9	,705.9	,	,	,****,****,****,****,,否,否,	,	,	,否,	,	,	,	,	,	,	,	,	,	,	,	,否,否,	,否,	,,	,否,	,否,,,否
【重磅新品】云米净水器600G小海豚升级版厨下式RO反渗透直饮家用,251111-210218586454069,已发货，待收货,1	,正常,2025-11-11 19:43:40,2025-11-12 19:43:40,,2025-11-12 10:19:28,	,225501370546	,【24年新品】600G升级版6年长效,1600502140541	,厨房电器,净水器/净水设备及配件耗材,净水器,	,6923185653684	,6923185616399	,主播：美然 场控：文蓝        权益：直播间抽奖10元红包,	,无售后或售后取消,,2025-11-11 19:43:40,	,,,,,,,否,否,	,否,	,,559.0	,0.0	,10.0	,200.0	,0.2	,0.0	,0.0	,0.0	,349.0	,549.0	,JDV024015775093,京东大件物流,江西省,宜春市,袁州区,,,否,否,	,	,	,否,	,	,	,	,	,	,	,	,	,	,	,	,是,是,	,否,否,,	,否,	,否,,,否
【重磅新品】云米净水器600G小海豚升级版厨下式RO反渗透直饮家用,251111-438273380723668,已发货，待收货,1	,正常,2025-11-11 19:42:31,2025-11-12 19:42:32,,2025-11-12 10:19:29,	,225501370546	,【24年新品】600G升级版6年长效,1600502140541	,厨房电器,净水器/净水设备及配件耗材,净水器,	,6923185653684	,6923185616399	,	,	,无售后或售后取消,,2025-11-11 19:42:32,	,,,,,,,否,否,	,否,	,,559.0	,0.0	,10.0	,50.0	,0.0	,0.0	,0.0	,0.0	,499.0	,549.0	,JDV024015731121,京东大件物流,山东省,威海市,乳山市,,,否,否,	,	,	,否,	,	,	,	,	,	,	,	,	,	,	,	,否,否,	,否,否,,	,否,	,否,,,否
云米净水器滤芯小蓝调小海豚600G+专用复合滤芯RO反渗透滤芯过滤,251111-053833951583614,已发货，待收货,1	,正常,2025-11-11 19:42:11,2025-11-12 19:42:11,,2025-11-12 09:27:35,	,296967601341	,5in1复合滤芯 2年长效,1600193054565	,厨房电器,净水器/净水设备及配件耗材,净水器配件耗材,	,6923185627425	,	,	,	,无售后或售后取消,,2025-11-11 19:42:11,	,,,,,,,否,否,	,否,	,,299.0	,0.0	,0.0	,0.0	,0.2	,0.0	,0.0	,0.0	,299.0	,299.0	,JDV024015712490,京东配送,内蒙古自治区,乌兰察布市,集宁区,,,否,否,	,	,	,否,	,	,	,	,	,	,	,	,	,	,	,	,否,否,	,否,否,,	,否,	,否,,,否
VIOMI云米净水器1000G厨下直饮小体积净水机RO机智显龙头3秒满杯,251111-477794199990589,已取消,1	,正常,	,	,,	,	,842195971715	,1000G大通量RO净水器,1803617356458	,厨房电器,净水器/净水设备及配件耗材,净水器,	,6923185654247	,	,	,	,无售后或售后取消,,	,	,,,,,,,否,否,	,否,	,,823.0	,0.0	,24.0	,0.0	,0.0	,0.0	,0.0	,0.0	,799.0	,799.0	,	,	,****,****,****,****,,否,否,	,	,	,否,	,	,	,	,	,	,	,	,	,	,	,	,否,否,	,否,	,,	,否,	,否,,,否
云米顶侧双吸大吸力低噪油烟机猛火液化气聚能灶智能套装家用厨房,251111-337138225453314,已发货，待收货,1	,正常,2025-11-11 19:38:08,2025-11-12 19:38:08,,2025-11-12 11:12:29,	,674950510509	,【烟灶套装】顶侧双吸烟机+5.0KW灶（天）,1744061180430	,大家电,厨房大电,烟灶消套装,	,S2405071349001,S2501061036001,	,	,无售后或售后取消,,2025-11-11 19:38:08,	,,,,,,,否,否,	,否,	,,1079.0	,0.0	,0.0	,0.0	,0.0	,0.0	,0.0	,0.0	,1079.0	,1079.0	,JDV024016937049,京东大件物流,山东省,潍坊市,昌乐县,,,否,否,	,	,	,否,	,	,	,	,	,	,	,	,	,	,	,	,否,否,	,否,否,,	,否,	,否,,,否
云米净水器滤芯小蓝调小海豚600G+专用复合滤芯RO反渗透滤芯过滤,251111-015130959472373,已发货，待收货,1	,正常,2025-11-11 19:38:01,2025-11-12 19:38:01,,2025-11-12 09:27:35,	,296967601341	,5in1复合滤芯 2年长效,1600193054565	,厨房电器,净水器/净水设备及配件耗材,净水器配件耗材,	,6923185627425	,	,补差后返  到手价99,	,无售后或售后取消,,2025-11-11 19:38:01,	,,,,,,,否,否,	,否,	,,299.0	,0.0	,0.0	,0.0	,0.2	,0.0	,0.0	,0.0	,299.0	,299.0	,JDV024015702761,京东配送,福建省,泉州市,泉港区,,,否,否,	,	,	,否,	,	,	,	,	,	,	,	,	,	,	,	,否,否,	,否,否,,	,否,	,否,,,否
云米净水器滤芯小蓝调小海豚600G+专用复合滤芯RO反渗透滤芯过滤,251111-259973527941942,已发货，待收货,1	,正常,2025-11-11 19:37:54,2025-11-12 19:37:54,,2025-11-12 09:21:16,	,296967601341	,5in1复合滤芯 2年长效,1600193054565	,厨房电器,净水器/净水设备及配件耗材,净水器配件耗材,	,6923185627425	,	,复合滤芯到手价99一根 [viomi华华 11/11 20:07],	,无售后或售后取消,,2025-11-11 19:37:54,	,,,,,,,否,否,	,否,	,,299.0	,0.0	,0.0	,0.0	,0.0	,0.0	,0.0	,0.0	,299.0	,299.0	,JDV024016384672,京东配送,湖北省,武汉市,洪山区,,,否,否,	,	,	,否,	,	,	,	,	,	,	,	,	,	,	,	,否,否,	,否,否,,	,否,	,否,,,否
【重磅新品】云米净水器600G小海豚升级版厨下式RO反渗透直饮家用,251111-114441664901942,已发货，待收货,1	,正常,2025-11-11 19:37:16,2025-11-12 19:37:16,,2025-11-12 10:19:28,	,225501370546	,【24年新品】600G升级版6年长效,1600502140541	,厨房电器,净水器/净水设备及配件耗材,净水器,	,6923185653684	,6923185616399	,	,	,无售后或售后取消,,2025-11-11 19:37:16,	,,,,,,,否,否,	,否,	,,559.0	,0.0	,10.0	,0.0	,0.2	,0.0	,0.0	,0.0	,549.0	,549.0	,JDV024015772520,京东大件物流,湖北省,武汉市,洪山区,,,否,否,	,	,	,否,	,	,	,	,	,	,	,	,	,	,	,	,否,否,	,否,否,,	,否,	,否,,,否
【重磅新品】云米净水器600G小海豚升级版厨下式RO反渗透直饮家用,251111-158733473392373,已发货，待收货,1	,正常,2025-11-11 19:37:03,2025-11-12 19:37:03,,2025-11-12 10:19:28,	,225501370546	,【24年新品】600G升级版6年长效,1600502140541	,厨房电器,净水器/净水设备及配件耗材,净水器,	,6923185653684	,6923185616399	,	,	,无售后或售后取消,,2025-11-11 19:37:03,	,,,,,,,否,否,	,否,	,,559.0	,0.0	,10.0	,0.0	,1.09	,0.0	,0.0	,0.0	,549.0	,549.0	,JDV024015750264,京东大件物流,福建省,泉州市,泉港区,,,否,否,	,	,	,否,	,	,	,	,	,	,	,	,	,	,	,	,否,否,	,否,否,,	,否,	,否,,,否
【重磅新品】云米净水器600G小海豚升级版厨下式RO反渗透直饮家用,251111-559656486432969,已发货，待收货,1	,正常,2025-11-11 19:35:52,2025-11-12 19:35:52,,2025-11-12 10:19:28,	,225501370546	,【24年新品】600G升级版6年长效,1600502140541	,厨房电器,净水器/净水设备及配件耗材,净水器,	,6923185653684	,6923185616399	,	,	,无售后或售后取消,,2025-11-11 19:35:52,	,,,,,,,否,否,	,否,	,,559.0	,0.0	,10.0	,30.0	,0.0	,0.0	,0.0	,0.0	,519.0	,549.0	,JDV024015762836,京东大件物流,北京市,北京市,西城区,,,否,否,	,	,	,否,	,	,	,	,	,	,	,	,	,	,	,	,否,否,	,否,否,,	,否,	,否,,,否
【重磅新品】云米净水器600G小海豚升级版厨下式RO反渗透直饮家用,251111-361748304202439,已发货，待收货,1	,正常,2025-11-11 19:33:58,2025-11-12 19:33:58,,2025-11-12 10:19:29,	,225501370546	,【24年新品】600G升级版6年长效,1600502140541	,厨房电器,净水器/净水设备及配件耗材,净水器,	,6923185653684	,6923185616399	,	,	,无售后或售后取消,,2025-11-11 19:33:58,	,,,,,,,否,否,	,否,	,,559.0	,0.0	,10.0	,0.0	,1.09	,0.0	,0.0	,0.0	,549.0	,549.0	,JDV024015754681,京东大件物流,安徽省,淮南市,田家庵区,,,否,否,	,	,	,否,	,	,	,	,	,	,	,	,	,	,	,	,否,是,	,否,否,,	,否,	,否,,,否
【重磅新品】云米净水器600G小海豚升级版厨下式RO反渗透直饮家用,251111-138286220912243,已取消,1	,正常,	,	,,	,	,225501370546	,【24年新品】600G升级版6年长效,1600502140541	,厨房电器,净水器/净水设备及配件耗材,净水器,	,6923185653684	,6923185616399	,	,	,无售后或售后取消,,	,	,,,,,,,否,否,	,否,	,,559.0	,0.0	,10.0	,0.0	,0.0	,0.0	,0.0	,0.0	,549.0	,549.0	,	,	,****,****,****,****,,否,否,	,	,	,否,	,	,	,	,	,	,	,	,	,	,	,	,否,否,	,否,	,,	,否,	,否,,,否
云米顶侧双吸烟灶套装22m³大吸力抽油烟机聚能猛火灶节能燃气家用,251111-132456200583952,已发货，待收货,1	,正常,2025-11-11 19:29:18,2025-11-12 19:29:18,,2025-11-12 11:12:22,	,382839923175	,【两件套】顶侧双吸烟机+5.2KW灶（液）,1743703726622	,大家电,厨房大电,烟灶消套装,	,S2309261044001,蓝调套装,	,	,无售后或售后取消,,2025-11-11 19:29:18,	,,,,,,,否,否,	,否,	,,1218.0	,0.0	,0.0	,100.0	,2.23	,0.0	,0.0	,0.0	,1118.0	,1218.0	,JDV024016873805,京东大件物流,广西壮族自治区,玉林市,博白县,,,否,否,	,	,	,否,	,	,	,	,	,	,	,	,	,	,	,	,否,否,	,否,否,,	,否,	,否,,,否
云米净水器滤芯小蓝调小海豚600G+专用复合滤芯RO反渗透滤芯过滤,251111-658233136671600,未发货，退款成功,2	,正常,2025-11-11 19:29:16,2025-11-12 19:29:16,,	,	,296967601341	,5in1复合滤芯 2年长效,1600193054565	,厨房电器,净水器/净水设备及配件耗材,净水器配件耗材,	,6923185627425	,	,聚水潭已取消发货  已退款  11.11,	,退款成功,,2025-11-11 19:29:16,	,,,,,,,否,否,	,否,	,,598.0	,0.0	,5.98	,0.0	,0.0	,0.0	,0.0	,0.0	,592.02	,592.02	,	,	,山西省,晋中市,榆次区,,,否,否,	,	,	,否,	,	,	,	,	,	,	,	,	,	,	,	,是,是,	,否,否,,	,否,	,否,,,否
【重磅新品】云米净水器600G小海豚升级版厨下式RO反渗透直饮家用,251111-567783012671902,已发货，待收货,1	,正常,2025-11-11 19:27:01,2025-11-12 19:27:01,,2025-11-12 10:19:28,	,225501370546	,【24年新品】600G升级版6年长效,1600502140541	,厨房电器,净水器/净水设备及配件耗材,净水器,	,6923185653684	,6923185616399	,	,	,无售后或售后取消,,2025-11-11 19:27:01,	,,,,,,,否,否,	,否,	,,559.0	,0.0	,10.0	,3.0	,5.0	,0.0	,0.0	,0.0	,546.0	,549.0	,JDV024015775085,京东大件物流,广东省,佛山市,禅城区,,,否,否,	,	,	,否,	,	,	,	,	,	,	,	,	,	,	,	,否,是,	,否,否,,	,否,	,否,,,否
云米净水器滤芯小蓝调小海豚600G+专用复合滤芯RO反渗透滤芯过滤,251111-110499019153341,已发货，待收货,1	,正常,2025-11-11 19:18:26,2025-11-12 19:18:26,,2025-11-12 09:27:35,	,296967601341	,5in1复合滤芯 2年长效,1600193054565	,厨房电器,净水器/净水设备及配件耗材,净水器配件耗材,	,6923185627425	,	,补差后返到手价99,	,无售后或售后取消,,2025-11-11 19:18:26,	,,,,,,,否,否,	,否,	,,299.0	,0.0	,0.0	,20.0	,0.0	,0.0	,0.0	,0.0	,279.0	,299.0	,JDV024015729958,京东配送,河北省,邢台市,内丘县,,,否,否,	,	,	,否,	,	,	,	,	,	,	,	,	,	,	,	,否,否,	,否,否,,	,否,	,否,,,否
云米智能电热水器小蓝调节能变频速热家用浴室洗澡抑菌50L/60L,251111-250536271410342,未发货，退款成功,1	,正常,2025-11-11 19:19:48,2025-11-12 19:19:48,,	,	,434684719975	,安全保护8倍增容大水量50L,1733881750461	,大家电,热水器,电热水器,	,6923185649076	,	,聚水潭已取消发货  已退款  11.11,	,退款成功,,2025-11-11 19:19:48,	,,,,,,,否,否,	,否,	,,599.0	,0.0	,0.0	,29.95	,0.0	,0.0	,0.0	,0.0	,569.05	,599.0	,	,	,江西省,赣州市,赣县区,,,否,否,	,	,	,否,	,	,	,	,	,	,	,	,	,	,	,	,否,否,	,否,否,,	,否,	,否,,,否
【母婴直饮】云米净水器 SE 600G+ 新升级厨下式RO反渗透直饮家用,251111-106157862493847,已发货，待收货,1	,正常,2025-11-11 19:36:29,2025-11-12 19:36:29,,2025-11-12 09:48:33,	,819506595979	,【24年新品】600G升级版6年长效,1787046011387	,厨房电器,净水器/净水设备及配件耗材,净水器,	,6923185653684	,6923185616399	,主播：美然 场控：文蓝        权益：直播间抽奖10元红包,	,无售后或售后取消,,2025-11-11 19:36:29,	,,,,,,,否,否,	,否,	,,748.0	,0.0	,138.41	,95.94	,0.0	,0.0	,0.0	,0.0	,513.65	,609.59	,JDV024015759586,京东配送,河北省,保定市,满城区,,,否,否,	,	,	,否,	,	,	,	,	,	,	,	,	,	,	,	,否,是,	,否,否,,	,否,	,否,,,否
【重磅新品】云米净水器600G小海豚升级版厨下式RO反渗透直饮家用,251111-272178900511600,未发货，退款成功,1	,正常,2025-11-11 19:18:22,2025-11-12 19:18:22,,	,	,225501370546	,【24年新品】600G升级版6年长效,1600502140541	,厨房电器,净水器/净水设备及配件耗材,净水器,	,6923185653684	,6923185616399	,主播：美然 场控：文蓝        权益：直播间抽奖10元红包 聚水潭已取消发货  已退款  11.11,	,退款成功,,2025-11-11 19:18:22,	,,,,,,,否,否,	,否,	,,559.0	,0.0	,10.0	,0.0	,1.09	,0.0	,0.0	,0.0	,549.0	,549.0	,	,	,山西省,晋中市,榆次区,,,否,否,	,	,	,否,	,	,	,	,	,	,	,	,	,	,	,	,是,是,	,否,否,,	,否,	,否,,,否
【重磅新品】云米净水器600G小海豚升级版厨下式RO反渗透直饮家用,251111-037685839453847,未发货，退款成功,1	,正常,2025-11-11 19:16:22,2025-11-12 19:16:22,,	,	,225501370546	,【24年新品】600G升级版6年长效,1600502140541	,厨房电器,净水器/净水设备及配件耗材,净水器,	,6923185653684	,6923185616399	,聚水潭已取消发货  已退款  11.11,	,退款成功,,2025-11-11 19:16:22,	,,,,,,,否,否,	,否,	,,559.0	,0.0	,10.0	,0.0	,0.0	,0.0	,0.0	,0.0	,549.0	,549.0	,	,	,河北省,保定市,满城区,,,否,否,	,	,	,否,	,	,	,	,	,	,	,	,	,	,	,	,否,否,	,否,否,,	,否,	,否,,,否
【重磅新品】云米净水器600G小海豚升级版厨下式RO反渗透直饮家用,251111-360143972753341,已发货，待收货,1	,正常,2025-11-11 19:14:24,2025-11-12 19:14:24,,2025-11-12 10:19:29,	,225501370546	,【24年新品】600G升级版6年长效,1600502140541	,厨房电器,净水器/净水设备及配件耗材,净水器,	,6923185653684	,6923185616399	,	,	,无售后或售后取消,,2025-11-11 19:14:24,	,,,,,,,否,否,	,否,	,,559.0	,0.0	,10.0	,0.0	,0.0	,0.0	,0.0	,0.0	,549.0	,549.0	,JDV024015731192,京东大件物流,河北省,邢台市,内丘县,,,否,否,	,	,	,否,	,	,	,	,	,	,	,	,	,	,	,	,否,否,	,否,否,,	,否,	,否,,,否
云米双腔大吸力手势控制智清洁油烟机聚能猛火灶安全烟灶联动套装,251111-086706767433145,已发货，待收货,1	,正常,2025-11-11 20:32:02,2025-11-12 20:32:02,,2025-11-12 11:09:23,	,818698470695	,"【烟灶套装】双腔劲吸烟机+5.0KW灶,液化气灶",1786567894378	,大家电,厨房大电,烟灶消套装,	,S2509151408001,	,补差后返 返50,	,无售后或售后取消,,2025-11-11 20:32:02,	,,,,,,,否,否,	,否,	,,1199.0	,0.0	,60.0	,40.0	,0.0	,0.0	,0.0	,0.0	,1099.0	,1139.0	,JDV024016847911,京东大件物流,重庆市,重庆市,渝北区,,,否,否,	,	,	,否,	,	,	,	,	,	,	,	,	,	,	,	,否,否,	,否,否,,	,否,	,否,,,否
【重磅新品】云米净水器600G小海豚升级版厨下式RO反渗透直饮家用,251111-006375391632183,已发货，待收货,1	,正常,2025-11-11 19:11:28,2025-11-12 19:11:29,,2025-11-12 10:19:29,	,225501370546	,【24年新品】600G升级版6年长效,1600502140541	,厨房电器,净水器/净水设备及配件耗材,净水器,	,6923185653684	,6923185616399	,	,	,无售后或售后取消,,2025-11-11 19:11:29,	,,,,,,,否,否,	,否,	,,559.0	,0.0	,10.0	,0.0	,0.0	,0.0	,0.0	,0.0	,549.0	,549.0	,JDV024015761971,京东大件物流,安徽省,亳州市,谯城区,,,否,否,	,	,	,否,	,	,	,	,	,	,	,	,	,	,	,	,否,否,	,否,否,,	,否,	,否,,,否
云米顶侧双吸烟灶套装22m³大吸力抽油烟机聚能猛火灶节能燃气家用,251111-141390047580907,已发货，待收货,1	,正常,2025-11-11 19:09:05,2025-11-12 19:09:06,,2025-11-12 11:09:29,	,382839923175	,【两件套】顶侧双吸烟机+5.2KW灶（液）,1743703726622	,大家电,厨房大电,烟灶消套装,	,S2309261044001,蓝调套装,补差后返到手价1105,	,无售后或售后取消,,2025-11-11 19:09:06,	,,,,,,,否,否,	,否,	,,1218.0	,0.0	,0.0	,0.0	,0.0	,0.0	,0.0	,0.0	,1218.0	,1218.0	,JDV024016937012,京东大件物流,山东省,淄博市,临淄区,,,否,否,	,	,	,否,	,	,	,	,	,	,	,	,	,	,	,	,否,否,	,否,否,,	,否,	,否,,,否
【重磅新品】云米净水器600G小海豚升级版厨下式RO反渗透直饮家用,251111-670207843871600,已取消,1	,正常,	,	,,	,	,225501370546	,【24年新品】600G升级版6年长效,1600502140541	,厨房电器,净水器/净水设备及配件耗材,净水器,	,6923185653684	,6923185616399	,	,	,无售后或售后取消,,	,	,,,,,,,否,否,	,否,	,,559.0	,0.0	,0.0	,0.0	,0.0	,0.0	,0.0	,0.0	,559.0	,559.0	,	,	,****,****,****,****,,否,否,	,	,	,否,	,	,	,	,	,	,	,	,	,	,	,	,是,否,	,否,	,,	,否,	,否,,,否
【母婴直饮】云米净水器 SE 600G+ 新升级厨下式RO反渗透直饮家用,251111-440464894292187,已取消,1	,正常,	,	,,	,	,819506595979	,【24年新品】600G升级版6年长效,1787046011387	,厨房电器,净水器/净水设备及配件耗材,净水器,	,6923185653684	,6923185616399	,	,	,无售后或售后取消,,	,	,,,,,,,否,否,	,否,	,,748.0	,0.0	,147.6	,50.0	,0.0	,0.0	,0.0	,0.0	,550.4	,600.4	,	,	,****,****,****,****,,否,否,	,	,	,否,	,	,	,	,	,	,	,	,	,	,	,	,否,否,	,否,	,,	,否,	,否,,,否
【重磅新品】云米净水器600G小海豚升级版厨下式RO反渗透直饮家用,251111-592665679391600,已取消,1	,正常,	,	,,	,	,225501370546	,【24年新品】600G升级版6年长效,1600502140541	,厨房电器,净水器/净水设备及配件耗材,净水器,	,6923185653684	,6923185616399	,	,	,无售后或售后取消,,	,	,,,,,,,否,否,	,否,	,,559.0	,0.0	,10.0	,0.0	,0.0	,0.0	,0.0	,0.0	,549.0	,549.0	,	,	,****,****,****,****,,否,否,	,	,	,否,	,	,	,	,	,	,	,	,	,	,	,	,是,否,	,否,	,,	,否,	,否,,,否
【重磅新品】云米净水器600G小海豚升级版厨下式RO反渗透直饮家用,251111-540824123710716,未发货，退款成功,1	,正常,2025-11-11 19:02:07,2025-11-12 19:02:07,,	,	,225501370546	,【24年新品】600G升级版6年长效,1600502140541	,厨房电器,净水器/净水设备及配件耗材,净水器,	,6923185653684	,6923185616399	,聚水潭已取消发货  已退款  11.11,	,退款成功,,2025-11-11 19:02:07,	,,,,,,,否,否,	,否,	,,559.0	,0.0	,0.0	,0.0	,0.0	,0.0	,0.0	,0.0	,559.0	,559.0	,	,	,天津市,天津市,津南区,,,否,否,	,	,	,否,	,	,	,	,	,	,	,	,	,	,	,	,否,否,	,否,否,,	,否,	,否,,,否
【重磅新品】云米净水器600G小海豚升级版厨下式RO反渗透直饮家用,251111-454924757310716,已取消,1	,正常,	,	,,	,	,225501370546	,【24年新品】600G升级版6年长效,1600502140541	,厨房电器,净水器/净水设备及配件耗材,净水器,	,6923185653684	,6923185616399	,	,	,无售后或售后取消,,	,	,,,,,,,否,否,	,否,	,,559.0	,0.0	,10.0	,0.0	,0.0	,0.0	,0.0	,0.0	,549.0	,549.0	,	,	,****,****,****,****,,否,否,	,	,	,否,	,	,	,	,	,	,	,	,	,	,	,	,否,否,	,否,	,,	,否,	,否,,,否
云米顶侧双吸烟灶套装22m³大吸力抽油烟机聚能猛火灶节能燃气家用,251111-565266409820907,待付款,1	,正常,	,	,,	,	,382839923175	,【两件套】顶侧双吸烟机+5.2KW灶（液）,1743703726622	,大家电,厨房大电,烟灶消套装,	,S2309261044001,蓝调套装,	,	,无售后或售后取消,,	,	,,,,,,,否,否,	,否,	,,1218.0	,0.0	,0.0	,0.0	,0.0	,0.0	,0.0	,0.0	,1218.0	,1218.0	,	,	,****,****,****,****,,否,否,	,	,	,否,	,	,	,	,	,	,	,	,	,	,	,	,否,否,	,否,	,,	,否,	,否,,,否
【母婴直饮】云米净水器 SE 600G+ 新升级厨下式RO反渗透直饮家用,251111-126143731303484,已发货，待收货,1	,正常,2025-11-11 18:57:52,2025-11-12 18:57:53,,2025-11-12 09:48:22,	,819506595979	,【24年新品】600G升级版6年长效,1787046011387	,厨房电器,净水器/净水设备及配件耗材,净水器,	,6923185653684	,6923185616399	,	,	,无售后或售后取消,,2025-11-11 18:57:53,	,,,,,,,否,否,	,否,	,,748.0	,0.0	,157.6	,0.0	,0.0	,0.0	,0.0	,0.0	,590.4	,590.4	,JDV024015749362,京东配送,黑龙江省,哈尔滨市,依兰县,,,否,否,	,	,	,否,	,	,	,	,	,	,	,	,	,	,	,	,否,否,	,否,否,,	,否,	,否,,,否
云米智能AI门锁3D指纹密码蓝牙可连大容量续航家用公寓自动安全,251111-538045397300472,已取消,1	,正常,	,	,,	,	,743885774552	,"云米蓝调指纹密码锁LBT11C,黑色",1734954999916	,基础建材,智能门锁/电子锁,智能门锁/电子锁,	,6923185655381	,6923185655381	,	,	,无售后或售后取消,,	,	,,,,,,,否,否,	,否,	,,661.0	,0.0	,76.0	,24.0	,0.0	,0.0	,0.0	,0.0	,561.0	,585.0	,	,	,****,****,****,****,,否,否,	,	,	,否,	,	,	,	,	,	,	,	,	,	,	,	,否,否,	,否,	,,	,否,	,否,,,否
【重磅新品】云米净水器600G小海豚升级版厨下式RO反渗透直饮家用,251111-352373972480147,已发货，待收货,1	,正常,2025-11-11 18:51:40,2025-11-12 18:51:40,,2025-11-12 10:19:29,	,225501370546	,【24年新品】600G升级版6年长效,1600502140541	,厨房电器,净水器/净水设备及配件耗材,净水器,	,6923185653684	,6923185616399	,	,	,无售后或售后取消,,2025-11-11 18:51:40,	,,,,,,,否,否,	,否,	,,559.0	,0.0	,10.0	,0.0	,0.0	,0.0	,0.0	,0.0	,549.0	,549.0	,JDV024015758650,京东大件物流,浙江省,舟山市,定海区,,,否,否,	,	,	,否,	,	,	,	,	,	,	,	,	,	,	,	,否,否,	,否,否,,	,否,	,否,,,否
【母婴直饮】云米净水器 SE 600G+ 新升级厨下式RO反渗透直饮家用,251111-494571394631178,待付款,1	,正常,	,	,,	,	,819506595979	,【24年新品】600G升级版6年长效,1787046011387	,厨房电器,净水器/净水设备及配件耗材,净水器,	,6923185653684	,6923185616399	,	,	,无售后或售后取消,,	,	,,,,,,,否,否,	,否,	,,748.0	,0.0	,150.22	,36.9	,0.0	,0.0	,0.0	,0.0	,560.88	,597.78	,	,	,****,****,****,****,,否,否,	,	,	,否,	,	,	,	,	,	,	,	,	,	,	,	,否,否,	,否,	,,	,否,	,否,,,否
【重磅新品】云米净水器600G小海豚升级版厨下式RO反渗透直饮家用,251111-614696272252466,已发货，待收货,1	,正常,2025-11-11 18:48:53,2025-11-12 18:48:53,,2025-11-12 10:19:29,	,225501370546	,【24年新品】600G升级版6年长效,1600502140541	,厨房电器,净水器/净水设备及配件耗材,净水器,	,6923185653684	,6923185616399	,	,	,无售后或售后取消,,2025-11-11 18:48:53,	,,,,,,,否,否,	,否,	,,559.0	,0.0	,10.0	,0.0	,0.0	,0.0	,0.0	,0.0	,549.0	,549.0	,JDV024015742667,京东大件物流,广东省,广州市,白云区,,,否,否,	,	,	,否,	,	,	,	,	,	,	,	,	,	,	,	,否,否,	,否,否,,	,否,	,否,,,否
云米新品鲲鹏PRO油烟机28m³大吸力易清洁挥手智控烟灶联动小噪音,251111-481432737372636,待付款,1	,正常,	,	,,	,	,763759392708	,【新品】小噪音大吸力油烟机,1748828925108	,大家电,厨房大电,油烟机,	,6923185605379	,6923185605379	,	,	,无售后或售后取消,,	,	,,,,,,,否,否,	,否,	,,1999.0	,0.0	,0.0	,0.0	,0.0	,0.0	,0.0	,0.0	,1999.0	,1999.0	,	,	,****,****,****,****,,否,否,	,	,	,否,	,	,	,	,	,	,	,	,	,	,	,	,否,否,	,否,	,,	,否,	,否,,,否
云米电热水器免换镁棒1级能效钛芯防护抑菌内胆免清洗3000W速热,251111-531607078480760,已发货，待收货,1	,正常,2025-11-11 18:46:06,2025-11-12 18:46:07,,2025-11-12 09:30:24,	,215513269171	,"【免更换镁棒技术】抑菌健康洗,50L",1757655804682	,大家电,热水器,电热水器,	,6923185611882	,镁棒50/60L,	,	,无售后或售后取消,,2025-11-11 18:46:07,	,,,,,,,否,否,	,否,	,,703.0	,0.0	,0.0	,35.15	,6.67	,0.0	,0.0	,0.0	,667.85	,703.0	,JDV024015728636,京东配送,福建省,宁德市,福安市,,,否,否,	,	,	,否,	,	,	,	,	,	,	,	,	,	,	,	,否,否,	,否,否,,	,否,	,否,,,否
云米智能双胆电热水器扁桶家用速热储水式60L超薄抑菌节能大水量,251111-016777254471775,未发货，退款成功,1	,审核中，请勿发货,2025-11-11 18:46:12,2025-11-12 18:46:12,,	,	,290130975552	,"纤薄安全节能60L,双胆扁桶",1756848157332	,大家电,热水器,电热水器,	,6923185610410	,6923185610410	,聚水潭已取消发货 已退款 卫11.12,	,退款成功,,2025-11-11 18:46:12,	,,,,,,,否,否,	,否,	,,797.0	,0.0	,0.0	,39.85	,0.0	,0.0	,0.0	,0.0	,757.15	,797.0	,	,	,青海省,海东市,平安区,,,否,否,	,	,	,否,	,	,	,	,	,	,	,	,	,	,	,	,否,否,	,否,	,,	,否,	,否,,,否
【重磅新品】云米净水器600G小海豚升级版厨下式RO反渗透直饮家用,251111-607335268690707,已发货，待收货,1	,正常,2025-11-11 18:44:27,2025-11-12 18:44:27,,2025-11-12 10:19:29,	,225501370546	,【24年新品】600G升级版6年长效,1600502140541	,厨房电器,净水器/净水设备及配件耗材,净水器,	,6923185653684	,6923185616399	,	,	,无售后或售后取消,,2025-11-11 18:44:27,	,,,,,,,否,否,	,否,	,,559.0	,0.0	,0.0	,30.0	,1.05	,0.0	,0.0	,0.0	,529.0	,559.0	,JDV024015747122,京东大件物流,山东省,淄博市,张店区,,,否,否,	,	,	,否,	,	,	,	,	,	,	,	,	,	,	,	,否,是,	,否,否,,	,否,	,否,,,否
【重磅新品】云米净水器600G小海豚升级版厨下式RO反渗透直饮家用,251111-308679852370707,未发货，退款成功,1	,正常,2025-11-11 18:42:19,2025-11-12 18:42:19,,	,	,225501370546	,【24年新品】600G升级版6年长效,1600502140541	,厨房电器,净水器/净水设备及配件耗材,净水器,	,6923185653684	,6923185616399	,聚水潭已取消发货  已退款  11.11,	,退款成功,,2025-11-11 18:42:19,	,,,,,,,否,否,	,否,	,,559.0	,0.0	,0.0	,30.0	,1.05	,0.0	,0.0	,0.0	,529.0	,559.0	,	,	,山东省,淄博市,张店区,,,否,否,	,	,	,否,	,	,	,	,	,	,	,	,	,	,	,	,否,是,	,否,否,,	,否,	,否,,,否
【重磅新品】云米净水器600G小海豚升级版厨下式RO反渗透直饮家用,251111-614392153632969,已取消,1	,正常,	,	,,	,	,225501370546	,【24年新品】600G升级版6年长效,1600502140541	,厨房电器,净水器/净水设备及配件耗材,净水器,	,6923185653684	,6923185616399	,	,	,无售后或售后取消,,	,	,,,,,,,否,否,	,否,	,,559.0	,0.0	,10.0	,30.0	,0.0	,0.0	,0.0	,0.0	,519.0	,549.0	,	,	,****,****,****,****,,否,否,	,	,	,否,	,	,	,	,	,	,	,	,	,	,	,	,否,否,	,否,	,,	,否,	,否,,,否
【重磅新品】云米净水器600G小海豚升级版厨下式RO反渗透直饮家用,251111-589803066963000,已取消,1	,正常,	,	,,	,	,225501370546	,【24年新品】600G升级版6年长效,1600502140541	,厨房电器,净水器/净水设备及配件耗材,净水器,	,6923185653684	,6923185616399	,	,	,无售后或售后取消,,	,	,,,,,,,否,否,	,否,	,,559.0	,0.0	,0.0	,0.0	,0.0	,0.0	,0.0	,0.0	,559.0	,559.0	,	,	,****,****,****,****,,否,否,	,	,	,否,	,	,	,	,	,	,	,	,	,	,	,	,否,否,	,否,	,,	,否,	,否,,,否
云米净水器滤芯小蓝调小海豚600G+专用复合滤芯RO反渗透滤芯过滤,251111-639935496530707,已发货，待收货,1	,正常,2025-11-11 18:35:53,2025-11-12 18:35:53,,2025-11-12 09:27:35,	,296967601341	,5in1复合滤芯 2年长效,1600193054565	,厨房电器,净水器/净水设备及配件耗材,净水器配件耗材,	,6923185627425	,	,	,	,无售后或售后取消,,2025-11-11 18:35:53,	,,,,,,,否,否,	,否,	,,299.0	,0.0	,0.0	,0.0	,0.7	,0.0	,0.0	,0.0	,299.0	,299.0	,JDV024015733155,京东配送,山东省,淄博市,张店区,,,否,否,	,	,	,否,	,	,	,	,	,	,	,	,	,	,	,	,否,是,	,否,否,,	,否,	,否,,,否
【重磅新品】云米净水器600G小海豚升级版厨下式RO反渗透直饮家用,251111-081589748050707,未发货，退款成功,1	,正常,2025-11-11 18:35:53,2025-11-12 18:35:53,,	,	,225501370546	,【24年新品】600G升级版6年长效,1600502140541	,厨房电器,净水器/净水设备及配件耗材,净水器,	,6923185653684	,6923185616399	,聚水潭已取消发货  已退款  11.11,	,退款成功,,2025-11-11 18:35:53,	,,,,,,,否,否,	,否,	,,559.0	,0.0	,10.0	,0.0	,1.3	,0.0	,0.0	,0.0	,549.0	,549.0	,	,	,山东省,淄博市,张店区,,,否,否,	,	,	,否,	,	,	,	,	,	,	,	,	,	,	,	,否,是,	,否,否,,	,否,	,否,,,否
【重磅新品】云米净水器600G小海豚升级版厨下式RO反渗透直饮家用,251111-147062791712504,已发货，待收货,1	,正常,2025-11-11 18:35:42,2025-11-12 18:35:42,,2025-11-12 10:19:29,	,225501370546	,【24年新品】600G升级版6年长效,1600502140541	,厨房电器,净水器/净水设备及配件耗材,净水器,	,6923185653684	,6923185616399	,	,	,无售后或售后取消,,2025-11-11 18:35:42,	,,,,,,,否,否,	,否,	,,559.0	,0.0	,10.0	,0.0	,0.0	,0.0	,0.0	,0.0	,549.0	,549.0	,JDV024015722732,京东大件物流,广东省,汕头市,濠江区,,,否,否,	,	,	,否,	,	,	,	,	,	,	,	,	,	,	,	,否,否,	,否,否,,	,否,	,否,,,否
云米智能AI门锁3D指纹密码蓝牙可连大容量续航家用公寓自动安全,251111-030251477360322,已发货，待收货,1	,正常,2025-11-11 18:35:22,2025-11-12 18:35:22,,2025-11-12 10:54:28,	,743885774552	,"云米蓝调指纹密码锁LBT11C,黑色",1734954999916	,基础建材,智能门锁/电子锁,智能门锁/电子锁,	,6923185655381	,6923185655381	,	,	,无售后或售后取消,,2025-11-11 18:35:22,	,,,,,,,否,否,	,否,	,,661.0	,0.0	,76.0	,24.0	,1.12	,0.0	,0.0	,0.0	,561.0	,585.0	,JDV024015742685,京东配送,广东省,珠海市,金湾区,,,否,否,	,	,	,否,	,	,	,	,	,	,	,	,	,	,	,	,否,是,	,否,否,,	,否,	,否,,,否
云米智能AI门锁3D指纹密码蓝牙可连大容量续航家用公寓自动安全,251111-437057022320322,已取消,1	,正常,	,	,,	,	,743885774552	,"云米蓝调指纹密码锁LBT11C,黑色",1734954999916	,基础建材,智能门锁/电子锁,智能门锁/电子锁,	,6923185655381	,6923185655381	,	,	,无售后或售后取消,,	,	,,,,,,,否,否,	,否,	,,661.0	,0.0	,76.0	,24.0	,0.0	,0.0	,0.0	,0.0	,561.0	,585.0	,	,	,****,****,****,****,,否,否,	,	,	,否,	,	,	,	,	,	,	,	,	,	,	,	,否,否,	,否,	,,	,否,	,否,,,否
【重磅新品】云米净水器600G小海豚升级版厨下式RO反渗透直饮家用,251111-543172881931445,已取消,1	,正常,	,	,,	,	,225501370546	,【24年新品】600G升级版6年长效,1600502140541	,厨房电器,净水器/净水设备及配件耗材,净水器,	,6923185653684	,6923185616399	,	,	,无售后或售后取消,,	,	,,,,,,,否,否,	,否,	,,559.0	,0.0	,10.0	,0.0	,0.0	,0.0	,0.0	,0.0	,549.0	,549.0	,	,	,****,****,****,****,,否,否,	,	,	,否,	,	,	,	,	,	,	,	,	,	,	,	,否,否,	,否,	,,	,否,	,否,,,否
云米23立方油烟机燃气灶套装家用厨房顶侧大吸力油烟机5.0KW灶具,251111-379332903340115,已取消,1	,正常,	,	,,	,	,209837375742	,"【烟灶联动】瞬吸烟机+5.0KW灶,天然气",1792607150009	,大家电,厨房大电,烟灶消套装,	,S2409261034001,	,	,	,无售后或售后取消,,	,	,,,,,,,否,否,	,否,	,,1289.0	,0.0	,65.0	,100.0	,0.0	,0.0	,0.0	,0.0	,1124.0	,1224.0	,	,	,****,****,****,****,,否,否,	,	,	,否,	,	,	,	,	,	,	,	,	,	,	,	,否,否,	,否,	,,	,否,	,否,,,否
【重磅新品】云米净水器600G小海豚升级版厨下式RO反渗透直饮家用,251111-591229109843000,已发货，待收货,1	,正常,2025-11-11 18:34:32,2025-11-12 18:34:32,,2025-11-12 10:19:29,	,225501370546	,【24年新品】600G升级版6年长效,1600502140541	,厨房电器,净水器/净水设备及配件耗材,净水器,	,6923185653684	,6923185616399	,	,	,无售后或售后取消,,2025-11-11 18:34:32,	,,,,,,,否,否,	,否,	,,559.0	,0.0	,0.0	,0.0	,0.0	,0.0	,0.0	,0.0	,559.0	,559.0	,JDV024015747095,京东大件物流,河北省,秦皇岛市,海港区,,,否,否,	,	,	,否,	,	,	,	,	,	,	,	,	,	,	,	,否,否,	,否,否,,	,否,	,否,,,否
云米顶侧大吸力蓝调油烟机家用厨房节能自清洁一级能效可挥手智控,251111-673416538432545,已发货，待收货,1	,正常,2025-11-11 18:38:27,2025-11-12 18:38:27,,2025-11-12 09:21:21,	,657344402006	,云米智清洁挥手智控单烟机,1723825075586	,大家电,厨房大电,油烟机,	,6923185650973	,6923185650973	,	,	,无售后或售后取消,,2025-11-11 18:38:27,	,,,,,,,否,否,	,否,	,,838.0	,0.0	,42.0	,39.8	,1.51	,0.0	,0.0	,0.0	,756.2	,796.0	,JDV024015722445,京东配送,吉林省,长春市,九台区,,,否,否,	,	,	,否,	,	,	,	,	,	,	,	,	,	,	,	,否,是,	,否,否,,	,否,	,否,,,否
云米净水器滤芯家用小海豚小蓝调小白龙系列专用RO反渗透,251111-463177050432630,已发货，待收货,1	,正常,2025-11-11 18:31:55,2025-11-13 18:31:55,,2025-11-12 09:27:21,	,232467205433	,5in1 复合滤芯,1647394585330	,厨房电器,净水器/净水设备及配件耗材,净水器配件耗材,	,6923185627425	,	,	,	,无售后或售后取消,,2025-11-11 18:31:55,	,,,,,,,否,否,	,否,	,,149.0	,0.0	,0.0	,0.0	,0.0	,0.0	,0.0	,0.0	,149.0	,149.0	,JDV024016062887,京东配送,吉林省,通化市,梅河口市,,,否,否,	,	,	,否,	,	,	,	,	,	,	,	,	,	,	,	,否,否,	,否,否,,	,否,	,否,,,否
云米净水器滤芯家用小海豚小蓝调小白龙系列专用RO反渗透,251111-169879867712630,待付款,1	,正常,	,	,,	,	,232467205433	,5in1 复合滤芯,1647394585330	,厨房电器,净水器/净水设备及配件耗材,净水器配件耗材,	,6923185627425	,	,	,	,无售后或售后取消,,	,	,,,,,,,否,否,	,否,	,,149.0	,0.0	,0.0	,0.0	,0.0	,0.0	,0.0	,0.0	,149.0	,149.0	,	,	,****,****,****,****,,否,否,	,	,	,否,	,	,	,	,	,	,	,	,	,	,	,	,否,否,	,否,	,,	,否,	,否,,,否
云米净水器滤芯家用小海豚小蓝调小白龙系列专用RO反渗透,251111-578981783872630,待付款,1	,正常,	,	,,	,	,232467205433	,5in1 复合滤芯,1647394585330	,厨房电器,净水器/净水设备及配件耗材,净水器配件耗材,	,6923185627425	,	,	,	,无售后或售后取消,,	,	,,,,,,,否,否,	,否,	,,149.0	,0.0	,0.0	,0.0	,0.0	,0.0	,0.0	,0.0	,149.0	,149.0	,	,	,****,****,****,****,,否,否,	,	,	,否,	,	,	,	,	,	,	,	,	,	,	,	,否,否,	,否,	,,	,否,	,否,,,否
【重磅新品】云米净水器600G小海豚升级版厨下式RO反渗透直饮家用,251111-252224541032512,已取消,1	,正常,	,	,,	,	,225501370546	,【24年新品】600G升级版6年长效,1600502140541	,厨房电器,净水器/净水设备及配件耗材,净水器,	,6923185653684	,6923185616399	,	,	,无售后或售后取消,,	,	,,,,,,,否,否,	,否,	,,559.0	,0.0	,0.0	,55.9	,0.0	,0.0	,0.0	,0.0	,503.1	,559.0	,	,	,****,****,****,****,,否,否,	,	,	,否,	,	,	,	,	,	,	,	,	,	,	,	,否,否,	,否,	,,	,否,	,否,,,否
【重磅新品】云米净水器600G小海豚升级版厨下式RO反渗透直饮家用,251111-568422571531573,已发货，待收货,1	,正常,2025-11-11 18:30:34,2025-11-12 18:30:34,,2025-11-12 10:19:30,	,225501370546	,【24年新品】600G升级版6年长效,1600502140541	,厨房电器,净水器/净水设备及配件耗材,净水器,	,6923185653684	,6923185616399	,	,	,无售后或售后取消,,2025-11-11 18:30:34,	,,,,,,,否,否,	,否,	,,559.0	,0.0	,10.0	,0.0	,0.0	,0.0	,0.0	,0.0	,549.0	,549.0	,JDV024015702671,京东大件物流,浙江省,杭州市,拱墅区,,,否,否,	,	,	,否,	,	,	,	,	,	,	,	,	,	,	,	,否,否,	,否,否,,	,否,	,否,,,否
【重磅新品】云米净水器600G小海豚升级版厨下式RO反渗透直饮家用,251111-141054523691899,已发货，待收货,1	,正常,2025-11-11 18:30:36,2025-11-12 18:30:36,,2025-11-12 10:19:29,	,225501370546	,【24年新品】600G升级版6年长效,1600502140541	,厨房电器,净水器/净水设备及配件耗材,净水器,	,6923185653684	,6923185616399	,	,	,无售后或售后取消,,2025-11-11 18:30:36,	,,,,,,,否,否,	,否,	,,559.0	,0.0	,10.0	,0.0	,0.0	,0.0	,0.0	,0.0	,549.0	,549.0	,JDV024015682404,京东大件物流,山东省,临沂市,兰山区,,,否,否,	,	,	,否,	,	,	,	,	,	,	,	,	,	,	,	,否,否,	,否,否,,	,否,	,否,,,否
云米23立方油烟机燃气灶套装家用厨房顶侧大吸力油烟机5.0KW灶具,251111-405012529592447,已发货，待收货,1	,正常,2025-11-11 18:27:52,2025-11-12 18:27:52,,2025-11-12 11:12:22,	,209837375742	,"【烟灶联动】瞬吸烟机+5.0KW灶,天然气",1792607150009	,大家电,厨房大电,烟灶消套装,	,S2409261034001,	,	,	,无售后或售后取消,,2025-11-11 18:27:52,	,,,,,,,否,否,	,否,	,,1289.0	,0.0	,65.0	,0.0	,10.0	,0.0	,0.0	,0.0	,1224.0	,1224.0	,JDV024016873588,京东大件物流,辽宁省,沈阳市,铁西区,,,否,否,	,	,	,否,	,	,	,	,	,	,	,	,	,	,	,	,否,否,	,否,否,,	,否,	,否,,,否
【重磅新品】云米净水器600G小海豚升级版厨下式RO反渗透直饮家用,251111-285548296541522,已发货，待收货,1	,正常,2025-11-11 18:22:40,2025-11-12 18:22:40,,2025-11-12 10:19:29,	,225501370546	,【24年新品】600G升级版6年长效,1600502140541	,厨房电器,净水器/净水设备及配件耗材,净水器,	,6923185653684	,6923185616399	,	,	,无售后或售后取消,,2025-11-11 18:22:40,	,,,,,,,否,否,	,否,	,,559.0	,0.0	,10.0	,54.9	,0.0	,0.0	,0.0	,0.0	,494.1	,549.0	,JDV024015733704,京东大件物流,江苏省,南通市,港闸区,,,否,否,	,	,	,否,	,	,	,	,	,	,	,	,	,	,	,	,否,否,	,否,否,,	,否,	,否,,,否
【重磅新品】云米净水器600G小海豚升级版厨下式RO反渗透直饮家用,251111-261273699983622,已发货，待收货,1	,正常,2025-11-11 18:18:51,2025-11-12 18:18:51,,2025-11-12 10:19:29,	,225501370546	,【24年新品】600G升级版6年长效,1600502140541	,厨房电器,净水器/净水设备及配件耗材,净水器,	,6923185653684	,6923185616399	,	,	,无售后或售后取消,,2025-11-11 18:18:51,	,,,,,,,否,否,	,否,	,,559.0	,0.0	,10.0	,54.9	,0.0	,0.0	,0.0	,0.0	,494.1	,549.0	,JDV024015722885,京东大件物流,河北省,邢台市,沙河市,,,否,否,	,	,	,否,	,	,	,	,	,	,	,	,	,	,	,	,否,否,	,否,否,,	,否,	,否,,,否
云米净水器滤芯小蓝调小海豚600G+专用复合滤芯RO反渗透滤芯过滤,251111-448266299713791,已发货，待收货,2	,正常,2025-11-11 18:15:10,2025-11-12 18:15:10,,2025-11-12 09:09:22,	,296967601341	,5in1复合滤芯 2年长效,1600193054565	,厨房电器,净水器/净水设备及配件耗材,净水器配件耗材,	,6923185627425	,	,补差后返 到手价198元,	,无售后或售后取消,,2025-11-11 18:15:10,	,,,,,,,否,否,	,否,	,,598.0	,0.0	,5.98	,0.0	,0.0	,0.0	,0.0	,0.0	,592.02	,592.02	,JDV024016384314,京东配送,浙江省,嘉兴市,嘉善县,,,否,否,	,	,	,否,	,	,	,	,	,	,	,	,	,	,	,	,否,否,	,否,否,,	,否,	,否,,,否
云米顶侧双吸烟灶套装22m³大吸力抽油烟机聚能猛火灶节能燃气家用,251111-558618396160890,已发货，待收货,1	,正常,2025-11-11 18:12:29,2025-11-12 18:12:30,,2025-11-12 11:09:23,	,382839923175	,【两件套】顶侧双吸烟机+5.2KW灶（天）,1743705224006	,大家电,厨房大电,烟灶消套装,	,S2309261029001,蓝调套装,	,	,无售后或售后取消,,2025-11-11 18:12:30,	,,,,,,,否,否,	,否,	,,1218.0	,0.0	,0.0	,0.0	,2.43	,0.0	,0.0	,0.0	,1218.0	,1218.0	,JDV024016894090,京东大件物流,吉林省,长春市,绿园区,,,否,否,	,	,	,否,	,	,	,	,	,	,	,	,	,	,	,	,否,是,	,否,否,,	,否,	,否,,,否
云米AI燃气热水器智控恒温防冻节能安全水质净化精准控温13L强排,251111-129121666560890,已发货，待收货,1	,正常,2025-11-11 18:12:29,2025-11-12 18:12:29,,2025-11-12 09:30:28,	,773161065181	,智控恒温燃气热水器,1755671371526	,大家电,热水器,燃气热水器,	,6923185655688	,6923185655688	,	,	,无售后或售后取消,,2025-11-11 18:12:29,	,,,,,,,否,否,	,否,	,,588.0	,0.0	,0.0	,29.4	,1.12	,0.0	,0.0	,0.0	,558.6	,588.0	,JDV024015769593,京东配送,吉林省,长春市,绿园区,,,否,否,	,	,	,否,	,	,	,	,	,	,	,	,	,	,	,	,否,是,	,否,否,,	,否,	,否,,,否
【重磅新品】云米净水器600G小海豚升级版厨下式RO反渗透直饮家用,251111-436752914023157,已发货，待收货,1	,正常,2025-11-11 18:09:11,2025-11-12 18:09:12,,2025-11-12 10:19:29,	,225501370546	,【24年新品】600G升级版6年长效,1600502140541	,厨房电器,净水器/净水设备及配件耗材,净水器,	,6923185653684	,6923185616399	,	,	,无售后或售后取消,,2025-11-11 18:09:12,	,,,,,,,否,否,	,否,	,,559.0	,0.0	,10.0	,0.0	,0.0	,0.0	,0.0	,0.0	,549.0	,549.0	,JDV024015762080,京东大件物流,重庆市,重庆市,北碚区,,,否,否,	,	,	,否,	,	,	,	,	,	,	,	,	,	,	,	,否,否,	,否,否,,	,否,	,否,,,否
云米净水器滤芯小蓝调小海豚600G+专用复合滤芯RO反渗透滤芯过滤,251111-397557184913769,已发货，待收货,1	,正常,2025-11-11 18:09:08,2025-11-12 18:09:09,,2025-11-12 09:27:23,	,296967601341	,5in1复合滤芯 2年长效,1600193054565	,厨房电器,净水器/净水设备及配件耗材,净水器配件耗材,	,6923185627425	,	,	,	,无售后或售后取消,,2025-11-11 18:09:09,	,,,,,,,否,否,	,否,	,,299.0	,0.0	,0.0	,0.0	,0.0	,0.0	,0.0	,0.0	,299.0	,299.0	,JDV024016090652,京东配送,陕西省,西安市,雁塔区,,,否,否,	,	,	,否,	,	,	,	,	,	,	,	,	,	,	,	,是,是,	,否,否,,	,否,	,否,,,否
云米顶侧大吸力蓝调油烟机家用厨房节能自清洁一级能效可挥手智控,251111-467266486592545,已取消,1	,正常,	,	,,	,	,657344402006	,云米智清洁挥手智控单烟机,1723825075586	,大家电,厨房大电,油烟机,	,6923185650973	,6923185650973	,	,	,无售后或售后取消,,	,	,,,,,,,否,否,	,否,	,,838.0	,0.0	,42.0	,39.8	,0.0	,0.0	,0.0	,0.0	,756.2	,796.0	,	,	,****,****,****,****,,否,否,	,	,	,否,	,	,	,	,	,	,	,	,	,	,	,	,否,否,	,否,	,,	,否,	,否,,,否
【重磅新品】云米净水器600G小海豚升级版厨下式RO反渗透直饮家用,251111-253965177220938,已发货，待收货,1	,正常,2025-11-11 18:06:18,2025-11-12 18:06:19,,2025-11-12 10:19:30,	,225501370546	,【24年新品】600G升级版6年长效,1600502140541	,厨房电器,净水器/净水设备及配件耗材,净水器,	,6923185653684	,6923185616399	,	,	,无售后或售后取消,,2025-11-11 18:06:19,	,,,,,,,否,否,	,否,	,,559.0	,0.0	,0.0	,0.0	,0.0	,0.0	,0.0	,0.0	,559.0	,559.0	,JDV024015749139,京东大件物流,云南省,丽江市,玉龙纳西族自治县,,,否,否,	,	,	,否,	,	,	,	,	,	,	,	,	,	,	,	,否,否,	,否,否,,	,否,	,否,,,否
【重磅新品】云米净水器600G小海豚升级版厨下式RO反渗透直饮家用,251111-326736341343923,已发货，待收货,1	,正常,2025-11-11 18:05:07,2025-11-12 18:05:08,,2025-11-12 10:19:30,	,225501370546	,【24年新品】600G升级版6年长效,1600502140541	,厨房电器,净水器/净水设备及配件耗材,净水器,	,6923185653684	,6923185616399	,	,	,无售后或售后取消,,2025-11-11 18:05:08,	,,,,,,,否,否,	,否,	,,559.0	,0.0	,10.0	,54.9	,0.0	,0.0	,0.0	,0.0	,494.1	,549.0	,JDV024015752046,京东大件物流,陕西省,西安市,长安区,,,否,否,	,	,	,否,	,	,	,	,	,	,	,	,	,	,	,	,否,否,	,否,否,,	,否,	,否,,,否
【重磅新品】云米净水器600G小海豚升级版厨下式RO反渗透直饮家用,251111-572700782201221,已发货，待收货,1	,正常,2025-11-11 18:04:31,2025-11-12 18:04:31,,2025-11-12 10:19:29,	,225501370546	,【24年新品】600G升级版6年长效,1600502140541	,厨房电器,净水器/净水设备及配件耗材,净水器,	,6923185653684	,6923185616399	,	,	,无售后或售后取消,,2025-11-11 18:04:31,	,,,,,,,否,否,	,否,	,,559.0	,0.0	,10.0	,54.9	,0.0	,0.0	,0.0	,0.0	,494.1	,549.0	,JDV024015730348,京东大件物流,江苏省,扬州市,邗江区,,,否,否,	,	,	,否,	,	,	,	,	,	,	,	,	,	,	,	,否,否,	,否,否,,	,否,	,否,,,否
【重磅新品】云米净水器600G小海豚升级版厨下式RO反渗透直饮家用,251111-616363508113769,待发货,1	,正常,2025-11-11 18:04:23,2026-02-10 18:04:24,,	,	,225501370546	,【24年新品】600G升级版6年长效,1600502140541	,厨房电器,净水器/净水设备及配件耗材,净水器,	,6923185653684	,6923185616399	,主播：美然 场控：文蓝        权益：直播间抽奖10元红包=延迟已登记 [viomi英英sk 11/11 18:25],	,无售后或售后取消,,2025-11-11 18:04:24,	,,,,,,,否,否,	,否,	,,559.0	,0.0	,10.0	,0.0	,0.0	,0.0	,0.0	,0.0	,549.0	,549.0	,	,	,陕西省,西安市,雁塔区,,,否,否,	,	,	,否,	,	,	,	,	,	,	,	,	,	,	,	,是,是,	,否,否,,	,否,	,否,,,否
【重磅新品】云米净水器600G小海豚升级版厨下式RO反渗透直饮家用,251111-004467003704064,未发货，退款成功,1	,正常,2025-11-11 18:05:22,2025-11-12 18:05:23,,	,	,225501370546	,【24年新品】600G升级版6年长效,1600502140541	,厨房电器,净水器/净水设备及配件耗材,净水器,	,6923185653684	,6923185616399	,聚水潭已取消发货  已退款  11.11,	,退款成功,,2025-11-11 18:05:23,	,,,,,,,否,否,	,否,	,,559.0	,0.0	,10.0	,0.0	,16.0	,0.0	,0.0	,0.0	,549.0	,549.0	,	,	,河南省,开封市,禹王台区,,,否,否,	,	,	,否,	,	,	,	,	,	,	,	,	,	,	,	,否,否,	,否,是,3	,商家,否,	,否,,信用卡分期,否
【重磅新品】云米净水器600G小海豚升级版厨下式RO反渗透直饮家用,251111-200361940632128,已取消,1	,正常,	,	,,	,	,225501370546	,【24年新品】600G升级版6年长效,1600502140541	,厨房电器,净水器/净水设备及配件耗材,净水器,	,6923185653684	,6923185616399	,	,	,无售后或售后取消,,	,	,,,,,,,否,否,	,否,	,,559.0	,0.0	,0.0	,20.0	,0.0	,0.0	,0.0	,0.0	,539.0	,559.0	,	,	,****,****,****,****,,否,否,	,	,	,否,	,	,	,	,	,	,	,	,	,	,	,	,否,否,	,否,	,,	,否,	,否,,,否
【母婴直饮】云米净水器 SE 600G+ 新升级厨下式RO反渗透直饮家用,251111-043788541512747,已发货，待收货,1	,正常,2025-11-11 18:04:39,2025-11-12 18:04:39,,2025-11-12 09:48:22,	,819506595979	,【24年新品】600G升级版6年长效,1787046011387	,厨房电器,净水器/净水设备及配件耗材,净水器,	,6923185653684	,6923185616399	,	,	,无售后或售后取消,,2025-11-11 18:04:39,	,,,,,,,否,否,	,否,	,,748.0	,0.0	,138.41	,95.94	,0.0	,0.0	,0.0	,0.0	,513.65	,609.59	,JDV024015702834,京东配送,北京市,北京市,延庆区,,,否,否,	,	,	,否,	,	,	,	,	,	,	,	,	,	,	,	,否,否,	,否,否,,	,否,	,否,,,否
【重磅新品】云米净水器600G小海豚升级版厨下式RO反渗透直饮家用,251111-491132086642912,已发货，待收货,1	,正常,2025-11-11 17:55:26,2025-11-12 17:55:27,,2025-11-12 10:19:31,	,225501370546	,【24年新品】600G升级版6年长效,1600502140541	,厨房电器,净水器/净水设备及配件耗材,净水器,	,6923185653684	,6923185616399	,	,	,无售后或售后取消,,2025-11-11 17:55:27,	,,,,,,,否,否,	,否,	,,559.0	,0.0	,10.0	,0.0	,1.09	,0.0	,0.0	,0.0	,549.0	,549.0	,JDV024015741345,京东大件物流,天津市,天津市,滨海新区,,,否,否,	,	,	,否,	,	,	,	,	,	,	,	,	,	,	,	,否,否,	,否,否,,	,否,	,否,,,否
【重磅新品】云米净水器600G小海豚升级版厨下式RO反渗透直饮家用,251111-530243961191485,已取消,1	,正常,	,	,,	,	,225501370546	,【24年新品】600G升级版6年长效,1600502140541	,厨房电器,净水器/净水设备及配件耗材,净水器,	,6923185653684	,6923185616399	,	,	,无售后或售后取消,,	,	,,,,,,,否,否,	,否,	,,559.0	,0.0	,10.0	,0.0	,0.0	,0.0	,0.0	,0.0	,549.0	,549.0	,	,	,****,****,****,****,,否,否,	,	,	,否,	,	,	,	,	,	,	,	,	,	,	,	,否,否,	,否,	,,	,否,	,否,,,否
【母婴直饮】云米净水器 SE 600G+ 新升级厨下式RO反渗透直饮家用,251111-180617244293014,已发货，待收货,1	,正常,2025-11-11 17:52:37,2025-11-12 17:52:37,,2025-11-12 09:48:22,	,819506595979	,【24年新品】600G升级版6年长效,1787046011387	,厨房电器,净水器/净水设备及配件耗材,净水器,	,6923185653684	,6923185616399	,	,	,无售后或售后取消,,2025-11-11 17:52:37,	,,,,,,,否,否,	,否,	,,748.0	,0.0	,142.84	,73.8	,0.0	,0.0	,0.0	,0.0	,531.36	,605.16	,JDV024015728555,京东配送,广西壮族自治区,南宁市,西乡塘区,,,否,否,	,	,	,否,	,	,	,	,	,	,	,	,	,	,	,	,否,否,	,否,否,,	,否,	,否,,,否
【重磅新品】云米净水器600G小海豚升级版厨下式RO反渗透直饮家用,251111-160023211580250,已发货，待收货,1	,正常,2025-11-11 17:47:57,2025-11-12 17:47:57,,2025-11-12 10:19:30,	,225501370546	,【24年新品】600G升级版6年长效,1600502140541	,厨房电器,净水器/净水设备及配件耗材,净水器,	,6923185653684	,6923185616399	,	,	,无售后或售后取消,,2025-11-11 17:47:57,	,,,,,,,否,否,	,否,	,,559.0	,0.0	,10.0	,0.0	,0.2	,0.0	,0.0	,0.0	,549.0	,549.0	,JDV024015712356,京东大件物流,河北省,邢台市,内丘县,,,否,否,	,	,	,否,	,	,	,	,	,	,	,	,	,	,	,	,否,否,	,否,否,,	,否,	,否,,,否
【重磅新品】云米净水器600G小海豚升级版厨下式RO反渗透直饮家用,251111-507951235502506,已发货，待收货,1	,正常,2025-11-11 17:42:39,2025-11-12 17:42:39,,2025-11-12 10:19:29,	,225501370546	,【24年新品】600G升级版6年长效,1600502140541	,厨房电器,净水器/净水设备及配件耗材,净水器,	,6923185653684	,6923185616399	,	,	,无售后或售后取消,,2025-11-11 17:42:39,	,,,,,,,否,否,	,否,	,,559.0	,0.0	,0.0	,0.0	,5.0	,0.0	,0.0	,0.0	,559.0	,559.0	,JDV024015712796,京东大件物流,湖南省,长沙市,岳麓区,,,否,否,	,	,	,否,	,	,	,	,	,	,	,	,	,	,	,	,否,否,	,否,否,,	,否,	,否,,,否
【重磅新品】云米净水器600G小海豚升级版厨下式RO反渗透直饮家用,251111-540698294562893,已取消,1	,正常,	,	,,	,	,225501370546	,【24年新品】600G升级版6年长效,1600502140541	,厨房电器,净水器/净水设备及配件耗材,净水器,	,6923185653684	,6923185616399	,	,	,无售后或售后取消,,	,	,,,,,,,否,否,	,否,	,,559.0	,0.0	,10.0	,0.0	,0.0	,0.0	,0.0	,0.0	,549.0	,549.0	,	,	,****,****,****,****,,否,否,	,	,	,否,	,	,	,	,	,	,	,	,	,	,	,	,否,否,	,否,	,,	,否,	,否,,,否
【重磅新品】云米净水器600G小海豚升级版厨下式RO反渗透直饮家用,251111-174839642542506,已取消,1	,正常,	,	,,	,	,225501370546	,【24年新品】600G升级版6年长效,1600502140541	,厨房电器,净水器/净水设备及配件耗材,净水器,	,6923185653684	,6923185616399	,	,	,无售后或售后取消,,	,	,,,,,,,否,否,	,否,	,,559.0	,0.0	,0.0	,0.0	,0.0	,0.0	,0.0	,0.0	,559.0	,559.0	,	,	,****,****,****,****,,否,否,	,	,	,否,	,	,	,	,	,	,	,	,	,	,	,	,否,否,	,否,	,,	,否,	,否,,,否
【重磅新品】云米净水器600G小海豚升级版厨下式RO反渗透直饮家用,251111-169575760302506,已取消,1	,正常,	,	,,	,	,225501370546	,【24年新品】600G升级版6年长效,1600502140541	,厨房电器,净水器/净水设备及配件耗材,净水器,	,6923185653684	,6923185616399	,	,	,无售后或售后取消,,	,	,,,,,,,否,否,	,否,	,,559.0	,0.0	,0.0	,0.0	,0.0	,0.0	,0.0	,0.0	,559.0	,559.0	,	,	,****,****,****,****,,否,否,	,	,	,否,	,	,	,	,	,	,	,	,	,	,	,	,否,否,	,否,	,,	,否,	,否,,,否
【重磅新品】云米净水器600G小海豚升级版厨下式RO反渗透直饮家用,251111-124413622702506,已取消,1	,正常,	,	,,	,	,225501370546	,【24年新品】600G升级版6年长效,1600502140541	,厨房电器,净水器/净水设备及配件耗材,净水器,	,6923185653684	,6923185616399	,	,	,无售后或售后取消,,	,	,,,,,,,否,否,	,否,	,,559.0	,0.0	,10.0	,0.0	,0.0	,0.0	,0.0	,0.0	,549.0	,549.0	,	,	,****,****,****,****,,否,否,	,	,	,否,	,	,	,	,	,	,	,	,	,	,	,	,否,否,	,否,	,,	,否,	,否,,,否
【重磅新品】云米净水器600G小海豚升级版厨下式RO反渗透直饮家用,251111-581624205732780,已发货，待收货,1	,正常,2025-11-11 17:30:49,2025-11-12 17:30:49,,2025-11-12 10:19:30,	,225501370546	,【24年新品】600G升级版6年长效,1600502140541	,厨房电器,净水器/净水设备及配件耗材,净水器,	,6923185653684	,6923185616399	,	,	,无售后或售后取消,,2025-11-11 17:30:49,	,,,,,,,否,否,	,否,	,,559.0	,0.0	,0.0	,55.9	,0.0	,0.0	,0.0	,0.0	,503.1	,559.0	,JDV024015712481,京东大件物流,广东省,广州市,越秀区,,,否,否,	,	,	,否,	,	,	,	,	,	,	,	,	,	,	,	,否,否,	,否,否,,	,否,	,否,,,否
云米智能双胆电热水器扁桶家用速热储水式60L超薄抑菌节能大水量,251111-565874552373365,已取消,1	,正常,	,	,,	,	,290130975552	,"纤薄安全节能60L,双胆扁桶",1756848157332	,大家电,热水器,电热水器,	,6923185610410	,6923185610410	,	,	,无售后或售后取消,,	,	,,,,,,,否,否,	,否,	,,797.0	,0.0	,0.0	,39.85	,0.0	,0.0	,0.0	,0.0	,757.15	,797.0	,	,	,****,****,****,****,,否,否,	,	,	,否,	,	,	,	,	,	,	,	,	,	,	,	,否,否,	,否,	,,	,否,	,否,,,否
【重磅新品】云米净水器600G小海豚升级版厨下式RO反渗透直饮家用,251111-613584750190334,已发货，待收货,1	,正常,2025-11-11 17:25:26,2025-11-12 17:25:26,,2025-11-12 10:19:31,	,225501370546	,【24年新品】600G升级版6年长效,1600502140541	,厨房电器,净水器/净水设备及配件耗材,净水器,	,6923185653684	,6923185616399	,	,	,无售后或售后取消,,2025-11-11 17:25:26,	,,,,,,,否,否,	,否,	,,559.0	,0.0	,10.0	,0.0	,0.0	,0.0	,0.0	,0.0	,549.0	,549.0	,JDV024015722436,京东大件物流,福建省,厦门市,集美区,,,否,否,	,	,	,否,	,	,	,	,	,	,	,	,	,	,	,	,否,否,	,否,否,,	,否,	,否,,,否
【重磅新品】云米净水器600G小海豚升级版厨下式RO反渗透直饮家用,251111-459318290782876,已发货，待收货,1	,正常,2025-11-11 17:25:10,2025-11-12 17:25:10,,2025-11-12 10:19:30,	,225501370546	,【24年新品】600G升级版6年长效,1600502140541	,厨房电器,净水器/净水设备及配件耗材,净水器,	,6923185653684	,6923185616399	,	,	,无售后或售后取消,,2025-11-11 17:25:10,	,,,,,,,否,否,	,否,	,,559.0	,0.0	,10.0	,0.0	,0.0	,0.0	,0.0	,0.0	,549.0	,549.0	,JDV024015729787,京东大件物流,福建省,漳州市,龙海区,,,否,否,	,	,	,否,	,	,	,	,	,	,	,	,	,	,	,	,否,否,	,否,否,,	,否,	,否,,,否
云米全自动智能门锁人脸猫眼密码指纹安全防撬大屏锁已接入米家AP,251111-196891143821761,已发货，待收货,1	,正常,2025-11-11 17:21:00,2025-11-12 17:21:01,,2025-11-12 10:54:31,	,804409121514	,LBT16A【人脸猫眼】智能门锁,1778430742491	,基础建材,智能门锁/电子锁,智能门锁/电子锁,	,6923185652724	,	,	,	,无售后或售后取消,,2025-11-11 17:21:01,	,,,,,,,否,否,	,否,	,,849.0	,0.0	,0.0	,100.0	,0.0	,0.0	,0.0	,0.0	,749.0	,849.0	,JDV024015712438,京东配送,浙江省,宁波市,北仑区,,,否,否,	,	,	,否,	,	,	,	,	,	,	,	,	,	,	,	,否,否,	,否,否,,	,否,	,否,,,否
云米顶侧双吸大吸力低噪油烟机猛火液化气聚能灶智能套装家用厨房,251111-653189486122565,已发货，待收货,1	,正常,2025-11-11 17:21:09,2025-11-12 17:21:10,,2025-11-12 11:12:34,	,674950510509	,【烟灶套装】顶侧双吸烟机+5.0KW灶（天）,1744061180430	,大家电,厨房大电,烟灶消套装,	,S2405071349001,S2501061036001,	,	,无售后或售后取消,,2025-11-11 17:21:10,	,,,,,,,否,否,	,否,	,,1079.0	,0.0	,0.0	,50.0	,38.0	,0.0	,0.0	,0.0	,1029.0	,1079.0	,JDV024016855884,京东大件物流,山东省,东营市,河口区,,,否,否,	,	,	,否,	,	,	,	,	,	,	,	,	,	,	,	,否,是,	,否,是,3	,消费者,否,	,否,,信用卡分期,否
【重磅新品】云米净水器600G小海豚升级版厨下式RO反渗透直饮家用,251111-055574608182050,已取消,1	,正常,	,	,,	,	,225501370546	,【24年新品】600G升级版6年长效,1600502140541	,厨房电器,净水器/净水设备及配件耗材,净水器,	,6923185653684	,6923185616399	,	,	,无售后或售后取消,,	,	,,,,,,,否,否,	,否,	,,559.0	,0.0	,10.0	,0.0	,0.0	,0.0	,0.0	,0.0	,549.0	,549.0	,	,	,****,****,****,****,,否,否,	,	,	,否,	,	,	,	,	,	,	,	,	,	,	,	,是,否,	,否,	,,	,否,	,否,,,否
VIOMI云米净水器大通量小海豚800G反渗透RO厨下式家用长效滤芯,251111-256995509880888,已取消,1	,正常,	,	,,	,	,837957770723	,800G大通量纯水机,1809123722986	,厨房电器,净水器/净水设备及配件耗材,净水器配件耗材,	,6923185653974	,	,	,	,无售后或售后取消,,	,	,,,,,,,否,否,	,否,	,,882.9	,0.0	,177.0	,70.59	,0.0	,0.0	,0.0	,0.0	,635.31	,705.9	,	,	,****,****,****,****,,否,否,	,	,	,否,	,	,	,	,	,	,	,	,	,	,	,	,否,否,	,否,	,,	,否,	,否,,,否
【重磅新品】云米净水器600G小海豚升级版厨下式RO反渗透直饮家用,251111-300417052302351,已发货，待收货,1	,正常,2025-11-11 17:14:52,2025-11-12 17:14:52,,2025-11-12 10:19:30,	,225501370546	,【24年新品】600G升级版6年长效,1600502140541	,厨房电器,净水器/净水设备及配件耗材,净水器,	,6923185653684	,6923185616399	,	,	,无售后或售后取消,,2025-11-11 17:14:52,	,,,,,,,否,否,	,否,	,,559.0	,0.0	,0.0	,55.9	,0.0	,0.0	,0.0	,0.0	,503.1	,559.0	,JDV024015733138,京东大件物流,山西省,太原市,小店区,,,否,否,	,	,	,否,	,	,	,	,	,	,	,	,	,	,	,	,否,否,	,否,否,,	,否,	,否,,,否
【重磅新品】云米净水器600G小海豚升级版厨下式RO反渗透直饮家用,251111-299284621630598,已取消,1	,正常,	,	,,	,	,225501370546	,【24年新品】600G升级版6年长效,1600502140541	,厨房电器,净水器/净水设备及配件耗材,净水器,	,6923185653684	,6923185616399	,	,	,无售后或售后取消,,	,	,,,,,,,否,否,	,否,	,,559.0	,0.0	,0.0	,0.0	,0.0	,0.0	,0.0	,0.0	,559.0	,559.0	,	,	,****,****,****,****,,否,否,	,	,	,否,	,	,	,	,	,	,	,	,	,	,	,	,否,否,	,否,	,,	,否,	,否,,,否
【重磅新品】云米净水器600G小海豚升级版厨下式RO反渗透直饮家用,251111-562298929470598,未发货，退款成功,1	,审核中，请勿发货,2025-11-11 17:18:21,2025-11-12 17:18:22,,	,	,225501370546	,【24年新品】600G升级版6年长效,1600502140541	,厨房电器,净水器/净水设备及配件耗材,净水器,	,6923185653684	,6923185616399	,聚水潭已取消发货  已退款  11.11,	,退款成功,,2025-11-11 17:18:22,	,,,,,,,否,否,	,否,	,,559.0	,0.0	,10.0	,0.0	,0.0	,0.0	,0.0	,0.0	,549.0	,549.0	,	,	,吉林省,辽源市,龙山区,,,否,否,	,	,	,否,	,	,	,	,	,	,	,	,	,	,	,	,否,否,	,否,	,,	,否,	,否,,,否
【重磅新品】云米净水器600G小海豚升级版厨下式RO反渗透直饮家用,251111-636317909322520,未发货，退款成功,1	,正常,2025-11-11 17:10:22,2025-11-12 17:10:22,,	,	,225501370546	,【24年新品】600G升级版6年长效,1600502140541	,厨房电器,净水器/净水设备及配件耗材,净水器,	,6923185653684	,6923185616399	,聚水潭已取消发货  已退款  11.11,	,退款成功,,2025-11-11 17:10:22,	,,,,,,,否,否,	,否,	,,559.0	,0.0	,0.0	,0.0	,0.0	,0.0	,0.0	,0.0	,559.0	,559.0	,	,	,福建省,福州市,鼓楼区,,,否,否,	,	,	,否,	,	,	,	,	,	,	,	,	,	,	,	,否,否,	,否,否,,	,否,	,否,,,否
云米净水器滤芯小蓝调小海豚600G+专用复合滤芯RO反渗透滤芯过滤,251111-390657524131542,已发货，待收货,1	,正常,2025-11-11 17:06:43,2025-11-12 17:06:43,,2025-11-12 09:27:35,	,296967601341	,5in1复合滤芯 2年长效,1600193054565	,厨房电器,净水器/净水设备及配件耗材,净水器配件耗材,	,6923185627425	,	,99 [viomi英英sk 11/11 17:07],	,无售后或售后取消,,2025-11-11 17:06:43,	,,,,,,,否,否,	,否,	,,299.0	,0.0	,0.0	,21.0	,0.0	,0.0	,0.0	,0.0	,278.0	,299.0	,JDV024016106728,京东配送,北京市,北京市,房山区,,,否,否,	,	,	,否,	,	,	,	,	,	,	,	,	,	,	,	,否,否,	,否,否,,	,否,	,否,,,否
云米净饮机X2系列滤芯X2mini mango复合滤芯5in1/6in1 RO反渗透,251111-364034179381841,已发货，待收货,1	,正常,2025-11-11 17:06:42,2025-11-13 17:06:42,,2025-11-11 18:10:40,	,243153009643	,X2/X2 Pro  5合1滤芯,1360931817930	,厨房电器,净水器/净水设备及配件耗材,净水器配件耗材,	,6923185614258	,6923185614258	,	,	,无售后或售后取消,,2025-11-11 17:06:42,	,,,,,,,否,否,	,否,	,,147.0	,0.0	,0.0	,0.0	,0.0	,0.0	,0.0	,0.0	,147.0	,147.0	,JDV024002499131,京东配送,河南省,商丘市,睢阳区,,,否,否,	,	,	,否,	,	,	,	,	,	,	,	,	,	,	,	,否,否,	,否,否,,	,否,	,否,,,否
【重磅新品】云米净水器600G小海豚升级版厨下式RO反渗透直饮家用,251111-037308362320483,已发货，待收货,1	,正常,2025-11-11 17:03:48,2025-11-12 17:03:48,,2025-11-12 10:19:32,	,225501370546	,【24年新品】600G升级版6年长效,1600502140541	,厨房电器,净水器/净水设备及配件耗材,净水器,	,6923185653684	,6923185616399	,	,	,无售后或售后取消,,2025-11-11 17:03:48,	,,,,,,,否,否,	,否,	,,559.0	,0.0	,10.0	,0.0	,0.0	,0.0	,0.0	,0.0	,549.0	,549.0	,JDV024016068917,京东大件物流,陕西省,榆林市,榆阳区,,,否,否,	,	,	,否,	,	,	,	,	,	,	,	,	,	,	,	,否,否,	,否,否,,	,否,	,否,,,否
【重磅新品】云米净水器600G小海豚升级版厨下式RO反渗透直饮家用,251111-262458611260988,未发货，退款成功,1	,正常,2025-11-11 17:02:55,2025-11-12 17:02:55,,	,	,225501370546	,【24年新品】600G升级版6年长效,1600502140541	,厨房电器,净水器/净水设备及配件耗材,净水器,	,6923185653684	,6923185616399	,已挂起锁定 无需发货  已退款成功 11.11,	,退款成功,,2025-11-11 17:02:55,	,,,,,,,否,否,	,否,	,,559.0	,0.0	,10.0	,54.9	,0.2	,0.0	,0.0	,0.0	,494.1	,549.0	,	,	,广东省,潮州市,湘桥区,,,否,否,	,	,	,否,	,	,	,	,	,	,	,	,	,	,	,	,否,否,	,否,否,,	,否,	,否,,,否
【母婴直饮】云米净水器 SE 600G+ 新升级厨下式RO反渗透直饮家用,251111-440674630051542,已发货，待收货,1	,正常,2025-11-11 17:02:24,2025-11-12 17:02:24,,2025-11-12 09:54:31,	,819506595979	,【24年新品】600G升级版6年长效,1787046011387	,厨房电器,净水器/净水设备及配件耗材,净水器,	,6923185653684	,6923185616399	,	,	,无售后或售后取消,,2025-11-11 17:02:24,	,,,,,,,否,否,	,否,	,,748.0	,0.0	,145.4	,61.0	,0.0	,0.0	,0.0	,0.0	,541.6	,602.6	,JDV024016115951,京东配送,北京市,北京市,房山区,,,否,否,	,	,	,否,	,	,	,	,	,	,	,	,	,	,	,	,否,否,	,否,否,,	,否,	,否,,,否
【母婴直饮】云米净水器 SE 600G+ 新升级厨下式RO反渗透直饮家用,251111-186772375113699,已取消,1	,正常,	,	,,	,	,819506595979	,【24年新品】600G升级版6年长效,1787046011387	,厨房电器,净水器/净水设备及配件耗材,净水器,	,6923185653684	,6923185616399	,	,	,无售后或售后取消,,	,	,,,,,,,否,否,	,否,	,,748.0	,0.0	,137.6	,100.0	,0.0	,0.0	,0.0	,0.0	,510.4	,610.4	,	,	,****,****,****,****,,否,否,	,	,	,否,	,	,	,	,	,	,	,	,	,	,	,	,否,否,	,否,	,,	,否,	,否,,,否
云米净水器滤芯小蓝调小海豚600G+专用复合滤芯RO反渗透滤芯过滤,251111-324785948300177,已发货，待收货,1	,正常,2025-11-11 16:57:33,2025-11-12 16:57:33,,2025-11-11 18:43:07,	,296967601341	,5in1复合滤芯 2年长效,1600193054565	,厨房电器,净水器/净水设备及配件耗材,净水器配件耗材,	,6923185627425	,	,后返到手价99,	,无售后或售后取消,,2025-11-11 16:57:33,	,,,,,,,否,否,	,否,	,,299.0	,0.0	,0.0	,16.0	,0.2	,0.0	,0.0	,0.0	,283.0	,299.0	,JDV024003287837,京东配送,山东省,日照市,岚山区,,,否,否,	,	,	,否,	,	,	,	,	,	,	,	,	,	,	,	,否,否,	,否,否,,	,否,	,否,,,否
云米电热水器家用洗澡租房储水式速热抑菌节能省电卫生间40/60升,251111-609642166562509,已发货，待收货,1	,正常,2025-11-11 16:57:05,2025-11-12 16:57:05,,2025-11-11 21:27:34,	,227645754240	,"速热抑菌洗-40L,全国联保送货上门安装8年质保",1645458252843	,大家电,热水器,电热水器,	,6923185681281	,	,	,	,无售后或售后取消,,2025-11-11 16:57:05,	,,,,,,,否,否,	,否,	,,379.0	,0.0	,0.0	,0.0	,0.0	,0.0	,0.0	,0.0	,379.0	,379.0	,JDLD12899460298,京东大件物流,广东省,江门市,蓬江区,,,否,否,	,	,	,否,	,	,	,	,	,	,	,	,	,	,	,	,否,否,	,否,否,,	,否,	,否,,,否
VIOMI云米净水器大通量小海豚800G反渗透RO厨下式家用长效滤芯,251111-642881984040320,已发货，待收货,1	,正常,2025-11-11 16:55:46,2025-11-12 16:55:46,,2025-11-11 18:43:00,	,850333437206	,竹炭复合商品滤芯,1810726753549	,厨房电器,净水器/净水设备及配件耗材,净水器,	,6923185654193	,	,后返，到手价99,	,无售后或售后取消,,2025-11-11 16:55:46,	,,,,,,,否,否,	,否,	,,299.0	,0.0	,0.0	,0.0	,0.0	,0.0	,0.0	,0.0	,299.0	,299.0	,JDV024003287782,京东配送,河南省,焦作市,博爱县,,,否,否,	,	,	,否,	,	,	,	,	,	,	,	,	,	,	,	,否,是,	,否,否,,	,否,	,否,,,否
云米电热水器家用洗澡租房储水式速热抑菌节能省电卫生间40/60升,251111-302535227682509,已取消,1	,正常,	,	,,	,	,227645754240	,"速热抑菌洗-40L,全国联保送货上门安装8年质保",1645458252843	,大家电,热水器,电热水器,	,6923185681281	,	,	,	,无售后或售后取消,,	,	,,,,,,,否,否,	,否,	,,379.0	,0.0	,0.0	,0.0	,0.0	,0.0	,0.0	,0.0	,379.0	,379.0	,	,	,****,****,****,****,,否,否,	,	,	,否,	,	,	,	,	,	,	,	,	,	,	,	,否,否,	,否,	,,	,否,	,否,,,否
【重磅新品】云米净水器600G小海豚升级版厨下式RO反渗透直饮家用,251111-386651974072237,已取消,1	,正常,	,	,,	,	,225501370546	,【24年新品】600G升级版6年长效,1600502140541	,厨房电器,净水器/净水设备及配件耗材,净水器,	,6923185653684	,6923185616399	,	,	,无售后或售后取消,,	,	,,,,,,,否,否,	,否,	,,559.0	,0.0	,0.0	,0.0	,0.0	,0.0	,0.0	,0.0	,559.0	,559.0	,	,	,****,****,****,****,,否,否,	,	,	,否,	,	,	,	,	,	,	,	,	,	,	,	,否,否,	,否,	,,	,否,	,否,,,否
云米净水器滤芯小蓝调小海豚600G+专用复合滤芯RO反渗透滤芯过滤,251111-446987015830719,已发货，待收货,2	,正常,2025-11-11 16:52:52,2025-11-12 16:52:52,,2025-11-12 09:30:23,	,296967601341	,5in1复合滤芯 2年长效,1600193054565	,厨房电器,净水器/净水设备及配件耗材,净水器配件耗材,	,6923185627425	,	,补差后返到手价198,	,无售后或售后取消,,2025-11-11 16:52:52,	,,,,,,,否,否,	,否,	,,598.0	,0.0	,5.98	,45.0	,0.0	,0.0	,0.0	,0.0	,547.02	,592.02	,JDV024015819472,京东配送,山东省,烟台市,芝罘区,,,否,否,	,	,	,否,	,	,	,	,	,	,	,	,	,	,	,	,是,是,	,否,否,,	,否,	,否,,,否
【重磅新品】云米净水器600G小海豚升级版厨下式RO反渗透直饮家用,251111-288735925874000,已发货，待收货,1	,正常,2025-11-11 16:52:27,2025-11-12 16:52:27,,2025-11-12 10:19:31,	,225501370546	,【24年新品】600G升级版6年长效,1600502140541	,厨房电器,净水器/净水设备及配件耗材,净水器,	,6923185653684	,6923185616399	,	,	,无售后或售后取消,,2025-11-11 16:52:27,	,,,,,,,否,否,	,否,	,,559.0	,0.0	,10.0	,0.0	,0.0	,0.0	,0.0	,0.0	,549.0	,549.0	,JDV024016099526,京东大件物流,四川省,广安市,武胜县,,,否,否,	,	,	,否,	,	,	,	,	,	,	,	,	,	,	,	,否,否,	,否,否,,	,否,	,否,,,否
【重磅新品】云米净水器600G小海豚升级版厨下式RO反渗透直饮家用,251111-339329749432237,已发货，待收货,1	,正常,2025-11-11 16:54:32,2025-11-12 16:54:33,,2025-11-12 10:19:31,	,225501370546	,【24年新品】600G升级版6年长效,1600502140541	,厨房电器,净水器/净水设备及配件耗材,净水器,	,6923185653684	,6923185616399	,	,	,无售后或售后取消,,2025-11-11 16:54:33,	,,,,,,,否,否,	,否,	,,559.0	,0.0	,10.0	,0.0	,0.0	,0.0	,0.0	,0.0	,549.0	,549.0	,JDV024016107008,京东大件物流,浙江省,杭州市,上城区,,,否,否,	,	,	,否,	,	,	,	,	,	,	,	,	,	,	,	,否,否,	,否,否,,	,否,	,否,,,否
【重磅新品】云米净水器600G小海豚升级版厨下式RO反渗透直饮家用,251111-353726645910719,已发货，待收货,1	,正常,2025-11-11 16:51:12,2025-11-12 16:51:12,,2025-11-12 10:19:32,	,225501370546	,【24年新品】600G升级版6年长效,1600502140541	,厨房电器,净水器/净水设备及配件耗材,净水器,	,6923185653684	,6923185616399	,主播：美然 场控：文蓝        权益：直播间抽奖乐扣保鲜盒,	,无售后或售后取消,,2025-11-11 16:51:12,	,,,,,,,否,否,	,否,	,,559.0	,0.0	,10.0	,0.0	,0.0	,0.0	,0.0	,0.0	,549.0	,549.0	,JDV024016106582,京东大件物流,山东省,烟台市,芝罘区,,,否,否,	,	,	,否,	,	,	,	,	,	,	,	,	,	,	,	,是,是,	,否,否,,	,否,	,否,,,否
【母婴直饮】云米净水器 SE 600G+ 新升级厨下式RO反渗透直饮家用,251111-549768414873941,已发货，待收货,1	,正常,2025-11-12 10:46:36,2025-11-13 10:46:36,,2025-11-12 16:00:47,	,819506595979	,【24年新品】600G升级版6年长效,1787046011387	,厨房电器,净水器/净水设备及配件耗材,净水器,	,6923185653684	,6923185616399	,	,	,无售后或售后取消,,2025-11-12 10:46:36,	,,,,,,,否,否,	,否,	,,748.0	,0.0	,138.41	,95.94	,0.0	,0.0	,0.0	,0.0	,513.65	,609.59	,JDV024023254374,京东大件物流,湖北省,黄冈市,麻城市,,,否,否,	,	,	,否,	,	,	,	,	,	,	,	,	,	,	,	,否,否,	,否,否,,	,否,	,否,,,否
【重磅新品】云米净水器600G小海豚升级版厨下式RO反渗透直饮家用,251111-215419502894043,已取消,1	,正常,	,	,,	,	,225501370546	,【24年新品】600G升级版6年长效,1600502140541	,厨房电器,净水器/净水设备及配件耗材,净水器,	,6923185653684	,6923185616399	,	,	,无售后或售后取消,,	,	,,,,,,,否,否,	,否,	,,559.0	,0.0	,10.0	,0.0	,0.0	,0.0	,0.0	,0.0	,549.0	,549.0	,	,	,****,****,****,****,,否,否,	,	,	,否,	,	,	,	,	,	,	,	,	,	,	,	,否,否,	,否,	,,	,否,	,否,,,否
【重磅新品】云米净水器600G小海豚升级版厨下式RO反渗透直饮家用,251111-388874944900458,已发货，待收货,1	,正常,2025-11-11 16:48:07,2025-11-12 16:48:07,,2025-11-12 10:19:30,	,225501370546	,【24年新品】600G升级版6年长效,1600502140541	,厨房电器,净水器/净水设备及配件耗材,净水器,	,6923185653684	,6923185616399	,	,	,无售后或售后取消,,2025-11-11 16:48:07,	,,,,,,,否,否,	,否,	,,559.0	,0.0	,0.0	,0.0	,0.0	,0.0	,0.0	,0.0	,559.0	,559.0	,JDV024016113047,京东大件物流,河北省,邯郸市,丛台区,,,否,否,	,	,	,否,	,	,	,	,	,	,	,	,	,	,	,	,否,否,	,否,否,,	,否,	,否,,,否
【重磅新品】云米净水器600G小海豚升级版厨下式RO反渗透直饮家用,251111-400262490410763,已发货，待收货,1	,正常,2025-11-11 16:46:14,2025-11-12 16:46:15,,2025-11-12 10:19:31,	,225501370546	,【24年新品】600G升级版6年长效,1600502140541	,厨房电器,净水器/净水设备及配件耗材,净水器,	,6923185653684	,6923185616399	,	,	,无售后或售后取消,,2025-11-11 16:46:15,	,,,,,,,否,否,	,否,	,,559.0	,0.0	,10.0	,0.0	,0.2	,0.0	,0.0	,0.0	,549.0	,549.0	,JDV024016115889,京东大件物流,河北省,石家庄市,井陉矿区,,,否,否,	,	,	,否,	,	,	,	,	,	,	,	,	,	,	,	,否,否,	,否,否,,	,否,	,否,,,否
【重磅新品】云米净水器600G小海豚升级版厨下式RO反渗透直饮家用,251111-404813300133991,已发货，待收货,1	,正常,2025-11-11 16:45:25,2025-11-12 16:45:25,,2025-11-12 10:19:30,	,225501370546	,【24年新品】600G升级版6年长效,1600502140541	,厨房电器,净水器/净水设备及配件耗材,净水器,	,6923185653684	,6923185616399	,	,	,无售后或售后取消,,2025-11-11 16:45:25,	,,,,,,,否,否,	,否,	,,559.0	,0.0	,10.0	,0.0	,5.0	,0.0	,0.0	,0.0	,549.0	,549.0	,JDV024016092793,京东大件物流,广东省,广州市,从化区,,,否,否,	,	,	,否,	,	,	,	,	,	,	,	,	,	,	,	,否,否,	,否,否,,	,否,	,否,,,否
【重磅新品】云米净水器600G小海豚升级版厨下式RO反渗透直饮家用,251111-183595210261787,已发货，待收货,1	,正常,2025-11-11 16:43:54,2025-11-12 16:43:54,,2025-11-12 10:19:32,	,225501370546	,【24年新品】600G升级版6年长效,1600502140541	,厨房电器,净水器/净水设备及配件耗材,净水器,	,6923185653684	,6923185616399	,	,	,无售后或售后取消,,2025-11-11 16:43:54,	,,,,,,,否,否,	,否,	,,559.0	,0.0	,10.0	,0.0	,0.0	,0.0	,0.0	,0.0	,549.0	,549.0	,JDV024016053448,京东大件物流,浙江省,金华市,婺城区,,,否,否,	,	,	,否,	,	,	,	,	,	,	,	,	,	,	,	,否,否,	,否,否,,	,否,	,否,,,否
云米顶侧双吸大吸力低噪油烟机猛火液化气聚能灶智能套装家用厨房,251111-286785564303622,待发货,1	,正常,2025-11-11 16:41:25,2025-11-22 16:41:25,,	,	,674950510509	,【烟灶套装】顶侧双吸烟机+5.0KW灶（天）,1744061180430	,大家电,厨房大电,烟灶消套装,	,S2405071349001,S2501061036001,	,	,无售后或售后取消,,2025-11-11 16:41:25,	,,,,,,,否,否,	,否,	,,1079.0	,0.0	,0.0	,107.9	,1.94	,0.0	,0.0	,0.0	,971.1	,1079.0	,	,	,河北省,邢台市,信都区,,,否,否,	,	,	,否,	,	,	,	,	,	,	,	,	,	,	,	,否,否,	,否,否,,	,否,	,否,,,否
【重磅新品】云米净水器600G小海豚升级版厨下式RO反渗透直饮家用,251111-668425316740458,未发货，退款成功,1	,正常,2025-11-11 16:40:33,2025-11-12 16:40:33,,	,	,225501370546	,【24年新品】600G升级版6年长效,1600502140541	,厨房电器,净水器/净水设备及配件耗材,净水器,	,6923185653684	,6923185616399	,聚水潭已取消发货  已退款  11.11,	,退款成功,,2025-11-11 16:40:33,	,,,,,,,否,否,	,否,	,,559.0	,0.0	,10.0	,0.0	,0.0	,0.0	,0.0	,0.0	,549.0	,549.0	,	,	,河北省,邯郸市,丛台区,,,否,否,	,	,	,否,	,	,	,	,	,	,	,	,	,	,	,	,否,否,	,否,否,,	,否,	,否,,,否
【重磅新品】云米净水器600G小海豚升级版厨下式RO反渗透直饮家用,251111-488573550992481,已发货，待收货,1	,正常,2025-11-11 16:39:06,2025-11-12 16:39:06,,2025-11-12 10:19:32,	,225501370546	,【24年新品】600G升级版6年长效,1600502140541	,厨房电器,净水器/净水设备及配件耗材,净水器,	,6923185653684	,6923185616399	,	,	,无售后或售后取消,,2025-11-11 16:39:06,	,,,,,,,否,否,	,否,	,,559.0	,0.0	,0.0	,3.0	,0.0	,0.0	,0.0	,0.0	,556.0	,559.0	,JDV024016068898,京东大件物流,陕西省,咸阳市,秦都区,,,否,否,	,	,	,否,	,	,	,	,	,	,	,	,	,	,	,	,是,是,	,否,是,3	,商家,否,	,否,,花呗分期,否
【重磅新品】云米净水器600G小海豚升级版厨下式RO反渗透直饮家用,251111-609642135890038,已发货，待收货,1	,正常,2025-11-11 16:35:43,2025-11-12 16:35:44,,2025-11-12 10:19:31,	,225501370546	,【24年新品】600G升级版6年长效,1600502140541	,厨房电器,净水器/净水设备及配件耗材,净水器,	,6923185653684	,6923185616399	,	,	,无售后或售后取消,,2025-11-11 16:35:44,	,,,,,,,否,否,	,否,	,,559.0	,0.0	,10.0	,0.0	,0.2	,0.0	,0.0	,0.0	,549.0	,549.0	,JDV024016112668,京东大件物流,天津市,天津市,宝坻区,,,否,否,	,	,	,否,	,	,	,	,	,	,	,	,	,	,	,	,是,是,	,否,否,,	,否,	,否,,,否
云米智能电器多功能电烤箱家用烘焙小型蛋糕烤鸡翅披萨全自动16L,251111-335670219170538,已发货，待收货,1	,正常,2025-11-11 16:32:06,2025-11-13 16:32:06,,2025-11-11 18:45:04,	,231833573024	,黑色16L,1390597610941	,大家电,全屋互联网智能电器,全屋互联网智能电器,	,6923185603221	,6923185603221	,	,	,无售后或售后取消,,2025-11-11 16:32:06,	,,,,,,,否,否,	,否,	,,174.0	,0.0	,9.0	,0.0	,0.0	,0.0	,0.0	,0.0	,165.0	,165.0	,JDV024001555993,京东配送,四川省,德阳市,什邡市,,,否,否,	,	,	,否,	,	,	,	,	,	,	,	,	,	,	,	,否,否,	,否,否,,	,否,	,否,,,否
【重磅新品】云米净水器600G小海豚升级版厨下式RO反渗透直饮家用,251111-625475633453637,已取消,1	,正常,	,	,,	,	,225501370546	,【24年新品】600G升级版6年长效,1600502140541	,厨房电器,净水器/净水设备及配件耗材,净水器,	,6923185653684	,6923185616399	,	,	,无售后或售后取消,,	,	,,,,,,,否,否,	,否,	,,559.0	,0.0	,10.0	,0.0	,0.0	,0.0	,0.0	,0.0	,549.0	,549.0	,	,	,****,****,****,****,,否,否,	,	,	,否,	,	,	,	,	,	,	,	,	,	,	,	,否,否,	,否,	,,	,否,	,否,,,否
【重磅新品】云米净水器600G小海豚升级版厨下式RO反渗透直饮家用,251111-010464868792237,已取消,1	,正常,	,	,,	,	,225501370546	,【24年新品】600G升级版6年长效,1600502140541	,厨房电器,净水器/净水设备及配件耗材,净水器,	,6923185653684	,6923185616399	,	,	,无售后或售后取消,,	,	,,,,,,,否,否,	,否,	,,559.0	,0.0	,10.0	,0.0	,0.0	,0.0	,0.0	,0.0	,549.0	,549.0	,	,	,****,****,****,****,,否,否,	,	,	,否,	,	,	,	,	,	,	,	,	,	,	,	,否,否,	,否,	,,	,否,	,否,,,否
云米电热水器50/60升洗澡家用浴室速热大容量省电防漏电警示安全,251111-063061368371503,已发货，待收货,1	,正常,2025-11-11 16:26:38,2025-11-12 16:26:38,,2025-11-11 20:46:42,	,691819698413	,60L速热加长防电墙5倍增容,1683563098526	,大家电,热水器,电热水器,	,6923185614937	,	,	,	,无售后或售后取消,,2025-11-11 16:26:38,	,,,,,,,否,否,	,否,	,,592.0	,0.0	,0.0	,0.0	,0.0	,0.0	,0.0	,0.0	,592.0	,592.0	,JDLD12899283726,京东大件物流,辽宁省,鞍山市,铁西区,,,否,否,	,	,	,否,	,	,	,	,	,	,	,	,	,	,	,	,否,否,	,否,否,,	,否,	,否,,,否
VIOMI云米净水器1000G厨下直饮小体积净水机RO机智显龙头3秒满杯,251111-086172003883935,未发货，退款成功,2	,正常,2025-11-11 16:26:03,2025-11-12 16:26:04,,	,	,309517106373	,复合滤芯,1803020722098	,厨房电器,净水器/净水设备及配件耗材,净水器,	,6923185653998	,	,补差后返 到手价198 聚水潭已取消发货  已退款  11.11,	,退款成功,,2025-11-11 16:26:04,	,,,,,,,否,否,	,否,	,,598.0	,0.0	,59.8	,48.0	,0.0	,0.0	,0.0	,0.0	,490.2	,538.2	,	,	,山东省,聊城市,临清市,,,否,否,	,	,	,否,	,	,	,	,	,	,	,	,	,	,	,	,否,否,	,否,否,,	,否,	,否,,,否
【重磅新品】云米净水器600G小海豚升级版厨下式RO反渗透直饮家用,251111-005893046622906,已发货，待收货,1	,正常,2025-11-11 16:25:55,2025-11-12 16:25:55,,2025-11-12 10:19:32,	,225501370546	,【24年新品】600G升级版6年长效,1600502140541	,厨房电器,净水器/净水设备及配件耗材,净水器,	,6923185653684	,6923185616399	,	,	,无售后或售后取消,,2025-11-11 16:25:55,	,,,,,,,否,否,	,否,	,,559.0	,0.0	,10.0	,0.0	,0.0	,0.0	,0.0	,0.0	,549.0	,549.0	,JDV024016099453,京东大件物流,河北省,张家口市,赤城县,,,否,否,	,	,	,否,	,	,	,	,	,	,	,	,	,	,	,	,否,否,	,否,否,,	,否,	,否,,,否
VIOMI云米净水器1000G厨下直饮小体积净水机RO机智显龙头3秒满杯,251111-088562736683935,未发货，退款成功,1	,正常,2025-11-11 16:23:57,2025-11-12 16:23:57,,	,	,842195971715	,1000G大通量RO净水器,1803617356458	,厨房电器,净水器/净水设备及配件耗材,净水器,	,6923185654247	,	,聚水潭已取消发货  已退款  11.11,	,退款成功,,2025-11-11 16:23:57,	,,,,,,,否,否,	,否,	,,823.0	,0.0	,24.0	,79.9	,0.0	,0.0	,0.0	,0.0	,719.1	,799.0	,	,	,山东省,聊城市,临清市,,,否,否,	,	,	,否,	,	,	,	,	,	,	,	,	,	,	,	,否,否,	,否,否,,	,否,	,否,,,否
【重磅新品】云米净水器600G小海豚升级版厨下式RO反渗透直饮家用,251111-329735216731875,未发货，退款成功,1	,正常,2025-11-11 16:23:23,2025-11-12 16:23:23,,	,	,225501370546	,【24年新品】600G升级版6年长效,1600502140541	,厨房电器,净水器/净水设备及配件耗材,净水器,	,6923185653684	,6923185616399	,已建单拦截：ZX2511120067298，卫11.12,	,退款成功,,2025-11-11 16:23:23,	,,,,,,,否,否,	,否,	,,559.0	,0.0	,10.0	,0.0	,0.2	,0.0	,0.0	,0.0	,549.0	,549.0	,	,	,山东省,济南市,历城区,,,否,否,	,	,	,否,	,	,	,	,	,	,	,	,	,	,	,	,否,否,	,否,否,,	,否,	,否,,,否
【重磅新品】云米净水器600G小海豚升级版厨下式RO反渗透直饮家用,251111-583878644092331,已发货，待收货,1	,正常,2025-11-11 16:22:52,2025-11-12 16:22:53,,2025-11-12 10:19:32,	,225501370546	,【24年新品】600G升级版6年长效,1600502140541	,厨房电器,净水器/净水设备及配件耗材,净水器,	,6923185653684	,6923185616399	,主播：美然 场控：文蓝	权益：直播间转盘中10元红包,	,无售后或售后取消,,2025-11-11 16:22:53,	,,,,,,,否,否,	,否,	,,559.0	,0.0	,10.0	,54.9	,0.0	,0.0	,0.0	,0.0	,494.1	,549.0	,JDV024016062133,京东大件物流,广东省,广州市,南沙区,,,否,否,	,	,	,否,	,	,	,	,	,	,	,	,	,	,	,	,是,是,	,否,否,,	,否,	,否,,,否
云米净水器滤芯小蓝调小海豚600G+专用复合滤芯RO反渗透滤芯过滤,251111-066133696021994,已发货，待收货,1	,正常,2025-11-11 16:21:34,2025-11-12 16:21:34,,2025-11-12 09:21:16,	,296967601341	,5in1复合滤芯 2年长效,1600193054565	,厨房电器,净水器/净水设备及配件耗材,净水器配件耗材,	,6923185627425	,	,复合滤芯到手价99 [viomi华华 11/11 16:25],	,无售后或售后取消,,2025-11-11 16:21:34,	,,,,,,,否,否,	,否,	,,299.0	,0.0	,0.0	,15.0	,0.0	,0.0	,0.0	,0.0	,284.0	,299.0	,JDV024016384269,京东配送,安徽省,滁州市,定远县,,,否,否,	,	,	,否,	,	,	,	,	,	,	,	,	,	,	,	,否,否,	,否,否,,	,否,	,否,,,否
【母婴直饮】云米净水器 SE 600G+ 新升级厨下式RO反渗透直饮家用,251111-074207783233609,未发货，退款成功,1	,正常,2025-11-11 16:33:41,2025-11-12 16:33:41,,	,	,819506595979	,【24年新品】600G升级版6年长效,1787046011387	,厨房电器,净水器/净水设备及配件耗材,净水器,	,6923185653684	,6923185616399	,聚水潭已取消发货  已退款  11.11,	,退款成功,,2025-11-11 16:33:41,	,,,,,,,否,否,	,否,	,,748.0	,0.0	,141.36	,81.18	,0.0	,0.0	,0.0	,0.0	,525.46	,606.64	,	,	,广东省,揭阳市,揭东区,,,否,否,	,	,	,否,	,	,	,	,	,	,	,	,	,	,	,	,否,否,	,否,否,,	,否,	,否,,,否
【重磅新品】云米净水器600G小海豚升级版厨下式RO反渗透直饮家用,251111-031037888122590,已发货，退款成功,1	,正常,2025-11-11 16:14:22,2025-11-12 16:14:22,,2025-11-12 10:19:31,	,225501370546	,【24年新品】600G升级版6年长效,1600502140541	,厨房电器,净水器/净水设备及配件耗材,净水器,	,6923185653684	,6923185616399	,拦截	ZX2511120067409,	,退款成功,,2025-11-11 16:14:22,	,,,,,,,否,否,	,否,	,,559.0	,0.0	,0.0	,3.0	,0.0	,0.0	,0.0	,0.0	,556.0	,559.0	,JDV024016068970,京东大件物流,广东省,珠海市,香洲区,,,否,否,	,	,	,否,	,	,	,	,	,	,	,	,	,	,	,	,否,是,	,否,是,3	,商家,否,	,否,,信用卡分期,否
云米净水器滤芯小蓝调小海豚600G+专用复合滤芯RO反渗透滤芯过滤,251111-483708147352128,已发货，待收货,1	,正常,2025-11-11 16:13:55,2025-11-12 16:13:55,,2025-11-11 19:15:02,	,296967601341	,5in1复合滤芯 2年长效,1600193054565	,厨房电器,净水器/净水设备及配件耗材,净水器配件耗材,	,6923185627425	,	,后返到手价99,	,无售后或售后取消,,2025-11-11 16:13:55,	,,,,,,,否,否,	,否,	,,299.0	,0.0	,0.0	,0.0	,0.0	,0.0	,0.0	,0.0	,299.0	,299.0	,JDV024001285644,京东配送,陕西省,西安市,未央区,,,否,否,	,	,	,否,	,	,	,	,	,	,	,	,	,	,	,	,否,否,	,否,否,,	,否,	,否,,,否
云米3000W速热电热水器家用浴室免换镁棒一级能效抑菌内胆免清洗,251111-177104546112019,已发货，待收货,1	,正常,2025-11-11 16:11:55,2025-11-12 16:11:55,,2025-11-11 18:43:06,	,369876178838	,速热3000W免换镁棒电热水器60L,1799960621871	,大家电,热水器,电热水器,	,6923185611899	,6923185611882	,	,	,无售后或售后取消,,2025-11-11 16:11:55,	,,,,,,,否,否,	,否,	,,750.0	,0.0	,0.0	,64.0	,0.0	,0.0	,0.0	,0.0	,686.0	,750.0	,JDV024003310637,京东配送,广西壮族自治区,崇左市,大新县,,,否,否,	,	,	,否,	,	,	,	,	,	,	,	,	,	,	,	,否,否,	,否,否,,	,否,	,否,,,否
【重磅新品】云米净水器600G小海豚升级版厨下式RO反渗透直饮家用,251111-037937497621994,已发货，待收货,1	,正常,2025-11-11 16:11:02,2025-11-12 16:11:03,,2025-11-12 10:19:30,	,225501370546	,【24年新品】600G升级版6年长效,1600502140541	,厨房电器,净水器/净水设备及配件耗材,净水器,	,6923185653684	,6923185616399	,	,	,无售后或售后取消,,2025-11-11 16:11:03,	,,,,,,,否,否,	,否,	,,559.0	,0.0	,10.0	,0.0	,0.0	,0.0	,0.0	,0.0	,549.0	,549.0	,JDV024016115979,京东大件物流,安徽省,滁州市,定远县,,,否,否,	,	,	,否,	,	,	,	,	,	,	,	,	,	,	,	,否,否,	,否,否,,	,否,	,否,,,否
【重磅新品】云米净水器600G小海豚升级版厨下式RO反渗透直饮家用,251111-387815841402590,未发货，退款成功,1	,正常,2025-11-11 16:09:31,2025-11-12 16:09:31,,	,	,225501370546	,【24年新品】600G升级版6年长效,1600502140541	,厨房电器,净水器/净水设备及配件耗材,净水器,	,6923185653684	,6923185616399	,聚水潭已取消发货  已退款  11.11,	,退款成功,,2025-11-11 16:09:31,	,,,,,,,否,否,	,否,	,,559.0	,0.0	,0.0	,3.0	,0.0	,0.0	,0.0	,0.0	,556.0	,559.0	,	,	,广东省,珠海市,香洲区,,,否,否,	,	,	,否,	,	,	,	,	,	,	,	,	,	,	,	,否,否,	,否,是,3	,商家,否,	,否,,信用卡分期,否
【重磅新品】云米净水器600G小海豚升级版厨下式RO反渗透直饮家用,251111-653808167352187,已取消,1	,正常,	,	,,	,	,225501370546	,【24年新品】600G升级版6年长效,1600502140541	,厨房电器,净水器/净水设备及配件耗材,净水器,	,6923185653684	,6923185616399	,	,	,无售后或售后取消,,	,	,,,,,,,否,否,	,否,	,,559.0	,0.0	,0.0	,0.0	,0.0	,0.0	,0.0	,0.0	,559.0	,559.0	,	,	,****,****,****,****,,否,否,	,	,	,否,	,	,	,	,	,	,	,	,	,	,	,	,是,否,	,否,	,,	,否,	,否,,,否
【重磅新品】云米净水器600G小海豚升级版厨下式RO反渗透直饮家用,251111-474166116792187,已取消,1	,正常,	,	,,	,	,225501370546	,【24年新品】600G升级版6年长效,1600502140541	,厨房电器,净水器/净水设备及配件耗材,净水器,	,6923185653684	,6923185616399	,	,	,无售后或售后取消,,	,	,,,,,,,否,否,	,否,	,,559.0	,0.0	,0.0	,0.0	,0.0	,0.0	,0.0	,0.0	,559.0	,559.0	,	,	,****,****,****,****,,否,否,	,	,	,否,	,	,	,	,	,	,	,	,	,	,	,	,否,否,	,否,	,,	,否,	,否,,,否
云米净水器滤芯家用小海豚小蓝调小白龙系列专用RO反渗透,251111-508360200540750,已发货，待收货,1	,正常,2025-11-11 16:08:07,2025-11-13 16:08:07,,2025-11-11 18:43:06,	,232467205433	,5in1 复合滤芯,1647394585330	,厨房电器,净水器/净水设备及配件耗材,净水器配件耗材,	,6923185627425	,	,后返，到手价109,	,无售后或售后取消,,2025-11-11 16:08:07,	,,,,,,,否,否,	,否,	,,149.0	,0.0	,0.0	,0.0	,0.0	,0.0	,0.0	,0.0	,149.0	,149.0	,JDV024001556076,京东配送,广东省,梅州市,平远县,,,否,否,	,	,	,否,	,	,	,	,	,	,	,	,	,	,	,	,否,否,	,否,否,,	,否,	,否,,,否
【重磅新品】云米净水器600G小海豚升级版厨下式RO反渗透直饮家用,251111-524833329500750,已发货，待收货,1	,正常,2025-11-11 16:06:40,2025-11-12 16:06:40,,2025-11-11 18:49:44,	,225501370546	,【24年新品】600G升级版6年长效,1600502140541	,厨房电器,净水器/净水设备及配件耗材,净水器,	,6923185653684	,6923185616399	,	,	,无售后或售后取消,,2025-11-11 16:06:40,	,,,,,,,否,否,	,否,	,,559.0	,0.0	,10.0	,54.9	,0.0	,0.0	,0.0	,0.0	,494.1	,549.0	,JDV024003281098,京东大件物流,江西省,赣州市,寻乌县,,,否,否,	,	,	,否,	,	,	,	,	,	,	,	,	,	,	,	,否,否,	,否,否,,	,否,	,否,,,否
云米净水器滤芯小蓝调小海豚600G+专用复合滤芯RO反渗透滤芯过滤,251111-048947535480983,已发货，待收货,2	,正常,2025-11-11 16:08:25,2025-11-12 16:08:26,,2025-11-11 18:43:06,	,296967601341	,5in1复合滤芯 2年长效,1600193054565	,厨房电器,净水器/净水设备及配件耗材,净水器配件耗材,	,6923185627425	,	,复合滤芯到手价99一根，两根198 [viomi华华 11/11 16:58],	,无售后或售后取消,,2025-11-11 16:08:26,	,,,,,,,否,否,	,否,	,,598.0	,0.0	,5.98	,0.0	,0.0	,0.0	,0.0	,0.0	,592.02	,592.02	,JDV024003366812,京东配送,河南省,商丘市,宁陵县,,,否,否,	,	,	,否,	,	,	,	,	,	,	,	,	,	,	,	,否,否,	,否,否,,	,否,	,否,,,否
云米净水器滤芯小蓝调小海豚600G+专用复合滤芯RO反渗透滤芯过滤,251111-215555838340234,已发货，待收货,1	,正常,2025-11-11 16:01:50,2025-11-12 16:01:50,,2025-11-12 09:09:22,	,296967601341	,5in1复合滤芯 2年长效,1600193054565	,厨房电器,净水器/净水设备及配件耗材,净水器配件耗材,	,6923185627425	,	,复合滤芯到手价99 [viomi华华 11/11 16:03],	,无售后或售后取消,,2025-11-11 16:01:50,	,,,,,,,否,否,	,否,	,,299.0	,0.0	,0.0	,3.0	,0.0	,0.0	,0.0	,0.0	,296.0	,299.0	,JDV024016364162,京东配送,安徽省,合肥市,蜀山区,,,否,否,	,	,	,否,	,	,	,	,	,	,	,	,	,	,	,	,否,否,	,否,否,,	,否,	,否,,,否
【重磅新品】云米净水器600G小海豚升级版厨下式RO反渗透直饮家用,251111-393509650872187,已取消,1	,正常,	,	,,	,	,225501370546	,【24年新品】600G升级版6年长效,1600502140541	,厨房电器,净水器/净水设备及配件耗材,净水器,	,6923185653684	,6923185616399	,	,	,无售后或售后取消,,	,	,,,,,,,否,否,	,否,	,,559.0	,0.0	,10.0	,0.0	,0.0	,0.0	,0.0	,0.0	,549.0	,549.0	,	,	,****,****,****,****,,否,否,	,	,	,否,	,	,	,	,	,	,	,	,	,	,	,	,否,否,	,否,	,,	,否,	,否,,,否
【重磅新品】云米净水器600G小海豚升级版厨下式RO反渗透直饮家用,251111-111537078660234,已发货，待收货,1	,正常,2025-11-11 16:00:27,2025-11-12 16:00:27,,2025-11-11 18:49:44,	,225501370546	,【24年新品】600G升级版6年长效,1600502140541	,厨房电器,净水器/净水设备及配件耗材,净水器,	,6923185653684	,6923185616399	,	,	,无售后或售后取消,,2025-11-11 16:00:27,	,,,,,,,否,否,	,否,	,,559.0	,0.0	,10.0	,54.9	,0.0	,0.0	,0.0	,0.0	,494.1	,549.0	,JDV024003302940,京东大件物流,安徽省,合肥市,蜀山区,,,否,否,	,	,	,否,	,	,	,	,	,	,	,	,	,	,	,	,否,否,	,否,否,,	,否,	,否,,,否
云米AI燃气热水器 智控恒温防冻节能安全水质净化精准控温13L强排,251111-656911962530538,待发货,1	,正常,2025-11-11 15:59:34,2025-11-17 15:59:34,,	,	,774960777953	,智控恒温燃气热水器,1756760299679	,大家电,热水器,燃气热水器,	,6923185655688	,6923185655688	,	,	,无售后或售后取消,,2025-11-11 15:59:34,	,,,,,,,否,否,	,否,	,,698.0	,0.0	,0.0	,0.0	,0.0	,0.0	,0.0	,0.0	,698.0	,698.0	,	,	,四川省,德阳市,什邡市,,,否,否,	,	,	,否,	,	,	,	,	,	,	,	,	,	,	,	,否,否,	,否,否,,	,否,	,否,,,否
【重磅新品】云米净水器600G小海豚升级版厨下式RO反渗透直饮家用,251111-523910562192389,已取消,1	,正常,	,	,,	,	,225501370546	,【24年新品】600G升级版6年长效,1600502140541	,厨房电器,净水器/净水设备及配件耗材,净水器,	,6923185653684	,6923185616399	,	,	,无售后或售后取消,,	,	,,,,,,,否,否,	,否,	,,559.0	,0.0	,10.0	,0.0	,0.0	,0.0	,0.0	,0.0	,549.0	,549.0	,	,	,****,****,****,****,,否,否,	,	,	,否,	,	,	,	,	,	,	,	,	,	,	,	,否,否,	,否,	,,	,否,	,否,,,否
【重磅新品】云米净水器600G小海豚升级版厨下式RO反渗透直饮家用,251111-480310740632128,已发货，待收货,1	,正常,2025-11-11 15:57:29,2025-11-12 15:57:29,,2025-11-12 10:19:32,	,225501370546	,【24年新品】600G升级版6年长效,1600502140541	,厨房电器,净水器/净水设备及配件耗材,净水器,	,6923185653684	,6923185616399	,	,	,无售后或售后取消,,2025-11-11 15:57:29,	,,,,,,,否,否,	,否,	,,559.0	,0.0	,10.0	,54.9	,0.0	,0.0	,0.0	,0.0	,494.1	,549.0	,JDV024016099355,京东大件物流,陕西省,西安市,未央区,,,否,否,	,	,	,否,	,	,	,	,	,	,	,	,	,	,	,	,否,否,	,否,否,,	,否,	,否,,,否
云米顶侧双吸烟灶套装22m³大吸力抽油烟机聚能猛火灶节能燃气家用,251111-607020726690538,待发货,1	,正常,2025-11-11 15:52:54,2025-11-17 15:52:55,,	,	,382839923175	,【两件套】顶侧双吸烟机+5.2KW灶（天）,1743705224006	,大家电,厨房大电,烟灶消套装,	,S2309261029001,蓝调套装,后返到手价1199,	,无售后或售后取消,,2025-11-11 15:52:55,	,,,,,,,否,否,	,否,	,,1218.0	,0.0	,0.0	,20.0	,0.0	,0.0	,0.0	,0.0	,1198.0	,1218.0	,	,	,四川省,德阳市,什邡市,,,否,否,	,	,	,否,	,	,	,	,	,	,	,	,	,	,	,	,否,否,	,否,否,,	,否,	,否,,,否
【重磅新品】云米净水器600G小海豚升级版厨下式RO反渗透直饮家用,251111-360332726640886,已发货，待收货,1	,正常,2025-11-11 15:51:10,2025-11-12 15:51:10,,2025-11-11 18:49:45,	,225501370546	,【24年新品】600G升级版6年长效,1600502140541	,厨房电器,净水器/净水设备及配件耗材,净水器,	,6923185653684	,6923185616399	,	,	,无售后或售后取消,,2025-11-11 15:51:10,	,,,,,,,否,否,	,否,	,,559.0	,0.0	,10.0	,54.9	,0.0	,0.0	,0.0	,0.0	,494.1	,549.0	,JDV024003302850,京东大件物流,广东省,汕头市,澄海区,,,否,否,	,	,	,否,	,	,	,	,	,	,	,	,	,	,	,	,否,否,	,否,否,,	,否,	,否,,,否
云米蓝调2PRO燃气热水器静音节能水伺服恒温语音控制智控节能变频,251111-220305845861886,待发货,2	,正常,2025-11-11 15:49:38,2025-11-12 15:49:38,,	,	,852010588191	,2PRO燃气热水器【静音节能】,1812265470712	,大家电,热水器,燃气热水器,	,6923185656869	,6923185656869	,后返，送两台电烤箱，晒单返100 ZX2511120067406催发,	,无售后或售后取消,,2025-11-11 15:49:38,	,,,,,,,否,否,	,否,	,,2052.0	,0.0	,192.6	,60.0	,0.0	,0.0	,0.0	,0.0	,1799.4	,1859.4	,	,	,上海市,上海市,松江区,,,否,否,	,	,	,否,	,	,	,	,	,	,	,	,	,	,	,	,否,否,	,否,否,,	,否,	,否,,,否
【重磅新品】云米净水器600G小海豚升级版厨下式RO反渗透直饮家用,251111-546486361633605,已取消,1	,正常,	,	,,	,	,225501370546	,【24年新品】600G升级版6年长效,1600502140541	,厨房电器,净水器/净水设备及配件耗材,净水器,	,6923185653684	,6923185616399	,	,	,无售后或售后取消,,	,	,,,,,,,否,否,	,否,	,,559.0	,0.0	,10.0	,0.0	,0.0	,0.0	,0.0	,0.0	,549.0	,549.0	,	,	,****,****,****,****,,否,否,	,	,	,否,	,	,	,	,	,	,	,	,	,	,	,	,否,否,	,否,	,,	,否,	,否,,,否
【重磅新品】云米净水器600G小海豚升级版厨下式RO反渗透直饮家用,251111-189089728092469,已发货，待收货,1	,正常,2025-11-11 15:39:39,2025-11-12 15:39:40,,2025-11-11 18:49:45,	,225501370546	,【24年新品】600G升级版6年长效,1600502140541	,厨房电器,净水器/净水设备及配件耗材,净水器,	,6923185653684	,6923185616399	,	,	,无售后或售后取消,,2025-11-11 15:39:40,	,,,,,,,否,否,	,否,	,,559.0	,0.0	,10.0	,3.0	,1.09	,0.0	,0.0	,0.0	,546.0	,549.0	,JDV024003260623,京东大件物流,广东省,惠州市,惠城区,,,否,否,	,	,	,否,	,	,	,	,	,	,	,	,	,	,	,	,否,否,	,否,否,,	,否,	,否,,,否
云米净水器滤芯小蓝调小海豚600G+专用复合滤芯RO反渗透滤芯过滤,251111-530715830572656,已发货，待收货,1	,正常,2025-11-11 15:39:12,2025-11-12 15:39:13,,2025-11-11 18:42:23,	,296967601341	,5in1复合滤芯 2年长效,1600193054565	,厨房电器,净水器/净水设备及配件耗材,净水器配件耗材,	,6923185627425	,	,补差后返 到手99,	,无售后或售后取消,,2025-11-11 15:39:13,	,,,,,,,否,否,	,否,	,,299.0	,0.0	,0.0	,9.0	,0.0	,0.0	,0.0	,0.0	,290.0	,299.0	,JDV023999690615,京东配送,北京市,北京市,通州区,,,否,否,	,	,	,否,	,	,	,	,	,	,	,	,	,	,	,	,否,否,	,否,否,,	,否,	,否,,,否
云米智能双胆电热水器扁桶家用速热储水式60L超薄抑菌节能大水量,251111-061132040513441,已取消,1	,正常,	,	,,	,	,290130975552	,"纤薄安全节能60L,双胆扁桶",1756848157332	,大家电,热水器,电热水器,	,6923185610410	,6923185610410	,	,	,无售后或售后取消,,	,	,,,,,,,否,否,	,否,	,,797.0	,0.0	,0.0	,100.0	,0.0	,0.0	,0.0	,0.0	,697.0	,797.0	,	,	,****,****,****,****,,否,否,	,	,	,否,	,	,	,	,	,	,	,	,	,	,	,	,否,否,	,否,	,,	,否,	,否,,,否
【重磅新品】云米净水器600G小海豚升级版厨下式RO反渗透直饮家用,251111-154486709901299,已发货，待收货,1	,正常,2025-11-11 15:34:10,2025-11-12 15:34:10,,2025-11-11 18:49:45,	,225501370546	,【24年新品】600G升级版6年长效,1600502140541	,厨房电器,净水器/净水设备及配件耗材,净水器,	,6923185653684	,6923185616399	,	,	,无售后或售后取消,,2025-11-11 15:34:10,	,,,,,,,否,否,	,否,	,,559.0	,0.0	,10.0	,0.0	,0.0	,0.0	,0.0	,0.0	,549.0	,549.0	,JDV024003260685,京东大件物流,湖北省,十堰市,茅箭区,,,否,否,	,	,	,否,	,	,	,	,	,	,	,	,	,	,	,	,否,否,	,否,否,,	,否,	,否,,,否
【重磅新品】云米净水器600G小海豚升级版厨下式RO反渗透直饮家用,251111-239924712992397,已发货，待收货,1	,正常,2025-11-11 15:32:32,2025-11-12 15:32:32,,2025-11-11 20:36:55,	,225501370546	,【24年新品】600G升级版6年长效,1600502140541	,厨房电器,净水器/净水设备及配件耗材,净水器,	,6923185653684	,6923185616399	,	,	,无售后或售后取消,,2025-11-11 15:32:32,	,,,,,,,否,否,	,否,	,,559.0	,0.0	,10.0	,0.0	,0.0	,0.0	,0.0	,0.0	,549.0	,549.0	,JDV024003277685,京东大件物流,内蒙古自治区,通辽市,科尔沁区,,,否,否,	,	,	,否,	,	,	,	,	,	,	,	,	,	,	,	,否,否,	,否,否,,	,否,	,否,,,否
【重磅新品】云米净水器600G小海豚升级版厨下式RO反渗透直饮家用,251111-319480215852656,已发货，待收货,1	,正常,2025-11-11 15:32:57,2025-11-20 15:32:57,,2025-11-11 18:49:45,	,225501370546	,【24年新品】600G升级版6年长效,1600502140541	,厨房电器,净水器/净水设备及配件耗材,净水器,	,6923185653684	,6923185616399	,	,	,无售后或售后取消,,2025-11-11 15:32:57,	,,,,,,,否,否,	,否,	,,559.0	,0.0	,10.0	,50.0	,0.0	,0.0	,0.0	,0.0	,499.0	,549.0	,JDV024003300799,京东大件物流,河北省,廊坊市,香河县,,,否,否,	,	,	,否,	,	,	,	,	,	,	,	,	,	,	,	,否,否,	,否,否,,	,否,	,否,,,否
云米16即热零冷水燃气热水器智能低水压双调恒温防冻安全保护速热,251111-286617802382912,未发货，退款成功,1	,审核中，请勿发货,2025-11-11 15:32:10,2025-11-12 15:32:10,,	,	,216845252864	,云米即开即热16L零冷水热水器,1731415907130	,大家电,热水器,燃气热水器,	,6923185611226	,6923185611226	,聚水潭已取消发货  已退款  11.11,	,退款成功,,2025-11-11 15:32:10,	,,,,,,,否,否,	,否,	,,933.0	,0.0	,0.0	,46.65	,0.0	,0.0	,0.0	,0.0	,886.35	,933.0	,	,	,甘肃省,天水市,秦州区,,,否,否,	,	,	,否,	,	,	,	,	,	,	,	,	,	,	,	,否,否,	,否,	,,	,否,	,否,,,否
【重磅新品】云米净水器600G小海豚升级版厨下式RO反渗透直饮家用,251111-099447017862597,已发货，待收货,1	,正常,2025-11-11 15:28:03,2025-11-12 15:28:03,,2025-11-11 18:49:45,	,225501370546	,【24年新品】600G升级版6年长效,1600502140541	,厨房电器,净水器/净水设备及配件耗材,净水器,	,6923185653684	,6923185616399	,补差后返10,	,无售后或售后取消,,2025-11-11 15:28:03,	,,,,,,,否,否,	,否,	,,559.0	,0.0	,0.0	,0.0	,0.0	,0.0	,0.0	,0.0	,559.0	,559.0	,JDV024003273538,京东大件物流,江苏省,南京市,六合区,,,否,否,	,	,	,否,	,	,	,	,	,	,	,	,	,	,	,	,否,否,	,否,否,,	,否,	,否,,,否
【重磅新品】云米净水器600G小海豚升级版厨下式RO反渗透直饮家用,251111-202721268023151,已发货，待收货,1	,正常,2025-11-11 15:28:26,2025-11-12 15:28:26,,2025-11-11 18:49:45,	,225501370546	,【24年新品】600G升级版6年长效,1600502140541	,厨房电器,净水器/净水设备及配件耗材,净水器,	,6923185653684	,6923185616399	,	,	,无售后或售后取消,,2025-11-11 15:28:26,	,,,,,,,否,否,	,否,	,,559.0	,0.0	,10.0	,0.0	,1.09	,0.0	,0.0	,0.0	,549.0	,549.0	,JDV024002481662,京东大件物流,河北省,衡水市,武邑县,,,否,否,	,	,	,否,	,	,	,	,	,	,	,	,	,	,	,	,否,否,	,否,否,,	,否,	,否,,,否
云米23立方油烟机燃气灶套装家用厨房顶侧大吸力油烟机5.0KW灶具,251111-584266575441445,已发货，待收货,1	,正常,2025-11-11 15:23:18,2025-11-12 15:23:19,,2025-11-12 09:27:19,	,209837375742	,"【烟灶联动】瞬吸烟机+5.0KW灶,天然气",1792607150009	,大家电,厨房大电,烟灶消套装,	,S2409261034001,	,	,	,无售后或售后取消,,2025-11-11 15:23:19,	,,,,,,,否,否,	,否,	,,1289.0	,0.0	,65.0	,68.0	,2.31	,0.0	,0.0	,0.0	,1156.0	,1224.0	,JDV024016053017,京东配送,辽宁省,丹东市,振兴区,,,否,否,	,	,	,否,	,	,	,	,	,	,	,	,	,	,	,	,否,否,	,否,否,,	,否,	,否,,,否
【重磅新品】云米净水器600G小海豚升级版厨下式RO反渗透直饮家用,251111-635101550212921,已发货，待收货,1	,正常,2025-11-11 15:21:46,2025-11-12 15:21:47,,2025-11-11 18:49:44,	,225501370546	,【24年新品】600G升级版6年长效,1600502140541	,厨房电器,净水器/净水设备及配件耗材,净水器,	,6923185653684	,6923185616399	,	,	,无售后或售后取消,,2025-11-11 15:21:47,	,,,,,,,否,否,	,否,	,,559.0	,0.0	,10.0	,0.0	,5.0	,0.0	,0.0	,0.0	,549.0	,549.0	,JDV024003296072,京东大件物流,山西省,太原市,晋源区,,,否,否,	,	,	,否,	,	,	,	,	,	,	,	,	,	,	,	,否,否,	,否,否,,	,否,	,否,,,否
【重磅新品】云米净水器600G小海豚升级版厨下式RO反渗透直饮家用,251111-362115316090328,已取消,1	,正常,	,	,,	,	,225501370546	,【24年新品】600G升级版6年长效,1600502140541	,厨房电器,净水器/净水设备及配件耗材,净水器,	,6923185653684	,6923185616399	,	,	,无售后或售后取消,,	,	,,,,,,,否,否,	,否,	,,559.0	,0.0	,10.0	,0.0	,0.0	,0.0	,0.0	,0.0	,549.0	,549.0	,	,	,****,****,****,****,,否,否,	,	,	,否,	,	,	,	,	,	,	,	,	,	,	,	,否,否,	,否,	,,	,否,	,否,,,否
【重磅新品】云米净水器600G小海豚升级版厨下式RO反渗透直饮家用,251111-587265554822597,未发货，退款成功,1	,正常,2025-11-11 15:21:43,2025-11-12 15:21:43,,	,	,225501370546	,【24年新品】600G升级版6年长效,1600502140541	,厨房电器,净水器/净水设备及配件耗材,净水器,	,6923185653684	,6923185616399	,聚水潭已取消发货，仅退款  诚11.11,	,退款成功,,2025-11-11 15:21:43,	,,,,,,,否,否,	,否,	,,559.0	,0.0	,10.0	,0.0	,0.0	,0.0	,0.0	,0.0	,549.0	,549.0	,	,	,江苏省,南京市,浦口区,,,否,否,	,	,	,否,	,	,	,	,	,	,	,	,	,	,	,	,否,否,	,否,否,,	,否,	,否,,,否
【重磅新品】云米净水器600G小海豚升级版厨下式RO反渗透直饮家用,251111-002810243412099,已发货，待收货,1	,正常,2025-11-11 15:20:45,2025-11-12 15:20:45,,2025-11-11 18:49:45,	,225501370546	,【24年新品】600G升级版6年长效,1600502140541	,厨房电器,净水器/净水设备及配件耗材,净水器,	,6923185653684	,6923185616399	,	,	,无售后或售后取消,,2025-11-11 15:20:45,	,,,,,,,否,否,	,否,	,,559.0	,0.0	,0.0	,55.9	,0.0	,0.0	,0.0	,0.0	,503.1	,559.0	,JDV024003288242,京东大件物流,山西省,吕梁市,孝义市,,,否,否,	,	,	,否,	,	,	,	,	,	,	,	,	,	,	,	,否,否,	,否,否,,	,否,	,否,,,否
云米智能双胆电热水器扁桶家用速热储水式60L超薄抑菌节能大水量,251111-578121909850319,未发货，退款成功,1	,审核中，请勿发货,2025-11-11 15:19:53,2025-11-12 15:19:53,,	,	,290130975552	,"纤薄安全节能60L,双胆扁桶",1756848157332	,大家电,热水器,电热水器,	,6923185610410	,6923185610410	,聚水潭已取消发货  已退款  11.11,	,退款成功,,2025-11-11 15:19:53,	,,,,,,,否,否,	,否,	,,797.0	,0.0	,0.0	,79.7	,1.43	,0.0	,0.0	,0.0	,717.3	,797.0	,	,	,青海省,海东市,平安区,,,否,否,	,	,	,否,	,	,	,	,	,	,	,	,	,	,	,	,否,否,	,否,	,,	,否,	,否,,,否
【重磅新品】云米净水器600G小海豚升级版厨下式RO反渗透直饮家用,251111-014900282932582,已发货，待收货,1	,正常,2025-11-11 15:16:55,2025-11-12 15:16:55,,2025-11-11 18:49:45,	,225501370546	,【24年新品】600G升级版6年长效,1600502140541	,厨房电器,净水器/净水设备及配件耗材,净水器,	,6923185653684	,6923185616399	,	,	,无售后或售后取消,,2025-11-11 15:16:55,	,,,,,,,否,否,	,否,	,,559.0	,0.0	,10.0	,0.0	,1.09	,0.0	,0.0	,0.0	,549.0	,549.0	,JDV024002461845,京东大件物流,辽宁省,沈阳市,铁西区,,,否,否,	,	,	,否,	,	,	,	,	,	,	,	,	,	,	,	,否,否,	,否,否,,	,否,	,否,,,否
云米全自动智能门锁人脸猫眼密码指纹安全防撬大屏锁已接入米家AP,251111-000440461683628,待发货,1	,正常,2025-11-11 15:16:24,2025-11-22 15:16:24,,	,	,804409121514	,LBT16A【人脸猫眼】智能门锁,1778430742491	,基础建材,智能门锁/电子锁,智能门锁/电子锁,	,6923185652724	,	,	,	,无售后或售后取消,,2025-11-11 15:16:24,	,,,,,,,否,否,	,否,	,,849.0	,0.0	,0.0	,20.0	,0.0	,0.0	,0.0	,0.0	,829.0	,849.0	,	,	,浙江省,温州市,泰顺县,,,否,否,	,	,	,否,	,	,	,	,	,	,	,	,	,	,	,	,否,否,	,否,否,,	,否,	,否,,,否
【母婴直饮】云米净水器 SE 600G+ 新升级厨下式RO反渗透直饮家用,251111-131994764930037,已发货，待收货,1	,正常,2025-11-11 15:15:41,2025-11-12 15:15:42,,2025-11-11 18:49:07,	,819506595979	,【24年新品】600G升级版6年长效,1787046011387	,厨房电器,净水器/净水设备及配件耗材,净水器,	,6923185653684	,6923185616399	,	,	,无售后或售后取消,,2025-11-11 15:15:42,	,,,,,,,否,否,	,否,	,,748.0	,0.0	,144.8	,64.0	,0.0	,0.0	,0.0	,0.0	,539.2	,603.2	,JDV024003302895,京东大件物流,四川省,成都市,龙泉驿区,,,否,否,	,	,	,否,	,	,	,	,	,	,	,	,	,	,	,	,否,否,	,否,否,,	,否,	,否,,,否
云米净水器滤芯小蓝调小海豚600G+专用复合滤芯RO反渗透滤芯过滤,251111-195517561211705,已发货，待收货,1	,正常,2025-11-11 15:12:33,2025-11-12 15:12:34,,2025-11-11 16:32:50,	,296967601341	,5in1复合滤芯 2年长效,1600193054565	,厨房电器,净水器/净水设备及配件耗材,净水器配件耗材,	,6923185627425	,	,补差后返到手价99,	,无售后或售后取消,,2025-11-11 15:12:34,	,,,,,,,否,否,	,否,	,,299.0	,0.0	,0.0	,0.0	,0.2	,0.0	,0.0	,0.0	,299.0	,299.0	,JDV023999188846,京东配送,江苏省,无锡市,宜兴市,,,否,否,	,	,	,否,	,	,	,	,	,	,	,	,	,	,	,	,否,否,	,否,否,,	,否,	,否,,,否
【重磅新品】云米净水器600G小海豚升级版厨下式RO反渗透直饮家用,251111-246394406513937,已发货，待收货,1	,正常,2025-11-11 15:12:23,2025-11-12 15:12:23,,2025-11-11 18:49:44,	,225501370546	,【24年新品】600G升级版6年长效,1600502140541	,厨房电器,净水器/净水设备及配件耗材,净水器,	,6923185653684	,6923185616399	,	,	,无售后或售后取消,,2025-11-11 15:12:23,	,,,,,,,否,否,	,否,	,,559.0	,0.0	,10.0	,54.9	,0.2	,0.0	,0.0	,0.0	,494.1	,549.0	,JDV024003293535,京东大件物流,四川省,成都市,新津区,,,否,否,	,	,	,否,	,	,	,	,	,	,	,	,	,	,	,	,否,否,	,否,否,,	,否,	,否,,,否
【母婴直饮】云米净水器 SE 600G+ 新升级厨下式RO反渗透直饮家用,251111-312979014001650,已发货，待收货,1	,正常,2025-11-11 15:12:13,2025-11-12 15:12:13,,2025-11-11 18:47:58,	,819506595979	,【24年新品】600G升级版6年长效,1787046011387	,厨房电器,净水器/净水设备及配件耗材,净水器,	,6923185653684	,6923185616399	,	,	,无售后或售后取消,,2025-11-11 15:12:13,	,,,,,,,否,否,	,否,	,,748.0	,0.0	,157.6	,0.0	,0.0	,0.0	,0.0	,0.0	,590.4	,590.4	,JDV023998948008,京东配送,广东省,惠州市,惠阳区,,,否,否,	,	,	,否,	,	,	,	,	,	,	,	,	,	,	,	,否,否,	,否,否,,	,否,	,否,,,否
【重磅新品】云米净水器600G小海豚升级版厨下式RO反渗透直饮家用,251111-524602642753701,已取消,1	,正常,	,	,,	,	,225501370546	,【24年新品】600G升级版6年长效,1600502140541	,厨房电器,净水器/净水设备及配件耗材,净水器,	,6923185653684	,6923185616399	,	,	,无售后或售后取消,,	,	,,,,,,,否,否,	,否,	,,559.0	,0.0	,10.0	,0.0	,0.0	,0.0	,0.0	,0.0	,549.0	,549.0	,	,	,****,****,****,****,,否,否,	,	,	,否,	,	,	,	,	,	,	,	,	,	,	,	,否,否,	,否,	,,	,否,	,否,,,否
【重磅新品】云米净水器600G小海豚升级版厨下式RO反渗透直饮家用,251111-096406137140190,已发货，退款成功,1	,正常,2025-11-11 15:09:59,2026-02-10 15:09:59,,2025-11-11 18:49:45,	,225501370546	,【24年新品】600G升级版6年长效,1600502140541	,厨房电器,净水器/净水设备及配件耗材,净水器,	,6923185653684	,6923185616399	,已登记延迟发货 [viomi诺诺sk 11/11 15:14],	,退款成功,,2025-11-11 15:09:59,	,,,,,,,否,否,	,否,	,,559.0	,0.0	,0.0	,55.9	,0.2	,0.0	,0.0	,0.0	,503.1	,559.0	,JDV024003295882,京东大件物流,广东省,广州市,海珠区,,,否,否,	,	,	,否,	,	,	,	,	,	,	,	,	,	,	,	,否,否,	,否,否,,	,否,	,否,,,否
【重磅新品】云米净水器600G小海豚升级版厨下式RO反渗透直饮家用,251111-268792021332087,已发货，待收货,1	,正常,2025-11-11 15:08:33,2025-11-12 15:08:33,,2025-11-11 18:49:45,	,225501370546	,【24年新品】600G升级版6年长效,1600502140541	,厨房电器,净水器/净水设备及配件耗材,净水器,	,6923185653684	,6923185616399	,	,	,无售后或售后取消,,2025-11-11 15:08:33,	,,,,,,,否,否,	,否,	,,559.0	,0.0	,10.0	,54.9	,0.0	,0.0	,0.0	,0.0	,494.1	,549.0	,JDV024003277335,京东大件物流,陕西省,西安市,雁塔区,,,否,否,	,	,	,否,	,	,	,	,	,	,	,	,	,	,	,	,否,否,	,否,否,,	,否,	,否,,,否
VIOMI云米净水器大通量小海豚800G反渗透RO厨下式家用长效滤芯,251111-303227235873103,已发货，待收货,1	,正常,2025-11-11 15:06:12,2025-11-12 15:06:12,,2025-11-11 18:51:12,	,837957770723	,800G大通量纯水机,1809123722986	,厨房电器,净水器/净水设备及配件耗材,净水器配件耗材,	,6923185653974	,	,	,	,无售后或售后取消,,2025-11-11 15:06:12,	,,,,,,,否,否,	,否,	,,882.9	,0.0	,177.0	,91.76	,0.0	,0.0	,0.0	,0.0	,614.14	,705.9	,JDV024003310133,京东配送,广东省,广州市,荔湾区,,,否,否,	,	,	,否,	,	,	,	,	,	,	,	,	,	,	,	,否,否,	,否,否,,	,否,	,否,,,否
【重磅新品】云米净水器600G小海豚升级版厨下式RO反渗透直饮家用,251111-596608294551017,已发货，待收货,1	,正常,2025-11-11 15:02:33,2025-11-12 15:02:34,,2025-11-11 18:49:44,	,225501370546	,【24年新品】600G升级版6年长效,1600502140541	,厨房电器,净水器/净水设备及配件耗材,净水器,	,6923185653684	,6923185616399	,	,	,无售后或售后取消,,2025-11-11 15:02:34,	,,,,,,,否,否,	,否,	,,559.0	,0.0	,10.0	,0.0	,0.0	,0.0	,0.0	,0.0	,549.0	,549.0	,JDV024003310448,京东大件物流,河北省,唐山市,路南区,,,否,否,	,	,	,否,	,	,	,	,	,	,	,	,	,	,	,	,否,否,	,否,否,,	,否,	,否,,,否
【母婴直饮】云米净水器 SE 600G+ 新升级厨下式RO反渗透直饮家用,251111-025836951170037,已取消,1	,正常,	,	,,	,	,819506595979	,【24年新品】600G升级版6年长效,1787046011387	,厨房电器,净水器/净水设备及配件耗材,净水器,	,6923185653684	,6923185616399	,	,	,无售后或售后取消,,	,	,,,,,,,否,否,	,否,	,,748.0	,0.0	,144.8	,64.0	,0.0	,0.0	,0.0	,0.0	,539.2	,603.2	,	,	,****,****,****,****,,否,否,	,	,	,否,	,	,	,	,	,	,	,	,	,	,	,	,否,否,	,否,	,,	,否,	,否,,,否
【重磅新品】云米净水器600G小海豚升级版厨下式RO反渗透直饮家用,251111-124329674242206,已取消,1	,正常,	,	,,	,	,225501370546	,【24年新品】600G升级版6年长效,1600502140541	,厨房电器,净水器/净水设备及配件耗材,净水器,	,6923185653684	,6923185616399	,	,	,无售后或售后取消,,	,	,,,,,,,否,否,	,否,	,,559.0	,0.0	,10.0	,0.0	,0.0	,0.0	,0.0	,0.0	,549.0	,549.0	,	,	,****,****,****,****,,否,否,	,	,	,否,	,	,	,	,	,	,	,	,	,	,	,	,否,否,	,否,	,,	,否,	,否,,,否
【重磅新品】云米净水器600G小海豚升级版厨下式RO反渗透直饮家用,251111-299997611550240,已取消,1	,正常,	,	,,	,	,225501370546	,【24年新品】600G升级版6年长效,1600502140541	,厨房电器,净水器/净水设备及配件耗材,净水器,	,6923185653684	,6923185616399	,	,	,无售后或售后取消,,	,	,,,,,,,否,否,	,否,	,,559.0	,0.0	,10.0	,0.0	,0.0	,0.0	,0.0	,0.0	,549.0	,549.0	,	,	,****,****,****,****,,否,否,	,	,	,否,	,	,	,	,	,	,	,	,	,	,	,	,否,否,	,否,	,,	,否,	,否,,,否
【重磅新品】云米净水器600G小海豚升级版厨下式RO反渗透直饮家用,251111-172731994443250,已收货,1	,正常,2025-11-11 14:58:23,2025-11-12 14:58:23,,2025-11-11 17:52:00,2025-11-12 16:34:31,225501370546	,【24年新品】600G升级版6年长效,1600502140541	,厨房电器,净水器/净水设备及配件耗材,净水器,	,6923185653684	,6923185616399	,	,	,无售后或售后取消,,2025-11-11 14:58:23,	,,,,,,,否,否,	,否,	,,559.0	,0.0	,10.0	,3.0	,0.0	,0.0	,0.0	,0.0	,546.0	,549.0	,JDV024000963030,京东大件物流,山东省,德州市,齐河县,,,否,否,	,	,	,否,	,	,	,	,	,	,	,	,	,	,	,	,否,否,	,否,否,,	,否,	,否,,,否
【重磅新品】云米净水器600G小海豚升级版厨下式RO反渗透直饮家用,251111-132718313812087,已取消,1	,正常,	,	,,	,	,225501370546	,【24年新品】600G升级版6年长效,1600502140541	,厨房电器,净水器/净水设备及配件耗材,净水器,	,6923185653684	,6923185616399	,	,	,无售后或售后取消,,	,	,,,,,,,否,否,	,否,	,,559.0	,0.0	,10.0	,0.0	,0.0	,0.0	,0.0	,0.0	,549.0	,549.0	,	,	,****,****,****,****,,否,否,	,	,	,否,	,	,	,	,	,	,	,	,	,	,	,	,否,否,	,否,	,,	,否,	,否,,,否
【母婴直饮】云米净水器 SE 600G+ 新升级厨下式RO反渗透直饮家用,251111-476556900791773,已发货，待收货,1	,正常,2025-11-11 14:52:30,2025-11-12 14:52:31,,2025-11-11 17:37:03,	,819506595979	,【24年新品】600G升级版6年长效,1787046011387	,厨房电器,净水器/净水设备及配件耗材,净水器,	,6923185653684	,6923185616399	,	,	,无售后或售后取消,,2025-11-11 14:52:31,	,,,,,,,否,否,	,否,	,,748.0	,0.0	,137.6	,100.0	,0.0	,0.0	,0.0	,0.0	,510.4	,610.4	,JDV024000535019,京东配送,天津市,天津市,河西区,,,否,否,	,	,	,否,	,	,	,	,	,	,	,	,	,	,	,	,否,否,	,否,否,,	,否,	,否,,,否
【重磅新品】云米净水器600G小海豚升级版厨下式RO反渗透直饮家用,251111-503620637033066,已取消,1	,正常,	,	,,	,	,225501370546	,【24年新品】600G升级版6年长效,1600502140541	,厨房电器,净水器/净水设备及配件耗材,净水器,	,6923185653684	,6923185616399	,	,	,无售后或售后取消,,	,	,,,,,,,否,否,	,否,	,,559.0	,0.0	,0.0	,0.0	,0.0	,0.0	,0.0	,0.0	,559.0	,559.0	,	,	,****,****,****,****,,否,否,	,	,	,否,	,	,	,	,	,	,	,	,	,	,	,	,否,否,	,否,	,,	,否,	,否,,,否
云米净水器滤芯小蓝调小海豚600G+专用复合滤芯RO反渗透滤芯过滤,251111-379511171463249,未发货，退款成功,2	,正常,2025-11-11 14:49:06,2025-11-12 14:49:06,,	,	,296967601341	,5in1复合滤芯 2年长效,1600193054565	,厨房电器,净水器/净水设备及配件耗材,净水器配件耗材,	,6923185627425	,	,聚水潭已取消发货，仅退款  诚11.11,	,退款成功,,2025-11-11 14:49:06,	,,,,,,,否,否,	,否,	,,598.0	,0.0	,5.98	,29.0	,0.0	,0.0	,0.0	,0.0	,563.02	,592.02	,	,	,广东省,湛江市,赤坎区,,,否,否,	,	,	,否,	,	,	,	,	,	,	,	,	,	,	,	,否,否,	,否,否,,	,否,	,否,,,否
VIOMI云米净水器600G小蓝调厨下式RO反渗透直饮家用6年长效,251111-332251871642902,已取消,1	,正常,	,	,,	,	,850883552953	,RO反渗透除去重金属,1811278299045	,厨房电器,净水器/净水设备及配件耗材,净水器,	,6923185653592	,6923185653592	,	,	,无售后或售后取消,,	,	,,,,,,,否,否,	,否,	,,615.0	,0.0	,0.0	,0.0	,0.0	,0.0	,0.0	,0.0	,615.0	,615.0	,	,	,****,****,****,****,,否,否,	,	,	,否,	,	,	,	,	,	,	,	,	,	,	,	,否,否,	,否,	,,	,否,	,否,,,否
【重磅新品】云米净水器600G小海豚升级版厨下式RO反渗透直饮家用,251111-582798548511331,已发货，待收货,1	,正常,2025-11-11 14:47:59,2025-11-12 14:47:59,,2025-11-11 18:49:46,	,225501370546	,【24年新品】600G升级版6年长效,1600502140541	,厨房电器,净水器/净水设备及配件耗材,净水器,	,6923185653684	,6923185616399	,	,	,无售后或售后取消,,2025-11-11 14:47:59,	,,,,,,,否,否,	,否,	,,559.0	,0.0	,10.0	,100.0	,2.0	,0.0	,0.0	,0.0	,449.0	,549.0	,JDV024001544368,京东大件物流,江苏省,苏州市,相城区,,,否,否,	,	,	,否,	,	,	,	,	,	,	,	,	,	,	,	,否,否,	,否,否,,	,否,	,否,,,否
云米电热水器50/60升洗澡家用浴室速热大容量省电防漏电警示安全,251111-431856043653029,待发货,1	,正常,2025-11-11 14:48:10,2025-11-12 14:48:10,,	,	,691819698413	,60L速热加长防电墙5倍增容,1683563098526	,大家电,热水器,电热水器,	,6923185614937	,	,ZX2511120067406催发,	,无售后或售后取消,,2025-11-11 14:48:10,	,,,,,,,否,否,	,否,	,,592.0	,0.0	,0.0	,30.0	,0.0	,0.0	,0.0	,0.0	,562.0	,592.0	,	,	,浙江省,金华市,义乌市,,,否,否,	,	,	,否,	,	,	,	,	,	,	,	,	,	,	,	,否,否,	,否,否,,	,否,	,否,,,否
【母婴直饮】云米净水器 SE 600G+ 新升级厨下式RO反渗透直饮家用,251111-026445114920729,已发货，待收货,1	,正常,2025-11-11 14:44:06,2025-11-12 14:44:07,,2025-11-11 18:48:10,	,819506595979	,【24年新品】600G升级版6年长效,1787046011387	,厨房电器,净水器/净水设备及配件耗材,净水器,	,6923185653684	,6923185616399	,	,	,无售后或售后取消,,2025-11-11 14:44:07,	,,,,,,,否,否,	,否,	,,748.0	,0.0	,143.6	,70.0	,0.0	,0.0	,0.0	,0.0	,534.4	,604.4	,JDV024000850315,京东大件物流,江苏省,苏州市,吴江区,,,否,否,	,	,	,否,	,	,	,	,	,	,	,	,	,	,	,	,否,否,	,否,否,,	,否,	,否,,,否
【重磅新品】云米净水器600G小海豚升级版厨下式RO反渗透直饮家用,251111-404467280263249,未发货，退款成功,1	,正常,2025-11-11 14:43:09,2025-11-12 14:43:09,,	,	,225501370546	,【24年新品】600G升级版6年长效,1600502140541	,厨房电器,净水器/净水设备及配件耗材,净水器,	,6923185653684	,6923185616399	,聚水潭已取消发货，仅退款  诚11.11,	,退款成功,,2025-11-11 14:43:09,	,,,,,,,否,否,	,否,	,,559.0	,0.0	,10.0	,0.0	,0.0	,0.0	,0.0	,0.0	,549.0	,549.0	,	,	,广东省,湛江市,赤坎区,,,否,否,	,	,	,否,	,	,	,	,	,	,	,	,	,	,	,	,否,否,	,否,否,,	,否,	,否,,,否
【重磅新品】云米净水器600G小海豚升级版厨下式RO反渗透直饮家用,251111-241025728873066,已取消,1	,正常,	,	,,	,	,225501370546	,【24年新品】600G升级版6年长效,1600502140541	,厨房电器,净水器/净水设备及配件耗材,净水器,	,6923185653684	,6923185616399	,	,	,无售后或售后取消,,	,	,,,,,,,否,否,	,否,	,,559.0	,0.0	,0.0	,0.0	,0.0	,0.0	,0.0	,0.0	,559.0	,559.0	,	,	,****,****,****,****,,否,否,	,	,	,否,	,	,	,	,	,	,	,	,	,	,	,	,否,否,	,否,	,,	,否,	,否,,,否
【重磅新品】云米净水器600G小海豚升级版厨下式RO反渗透直饮家用,251111-331329093993066,已取消,1	,正常,	,	,,	,	,225501370546	,【24年新品】600G升级版6年长效,1600502140541	,厨房电器,净水器/净水设备及配件耗材,净水器,	,6923185653684	,6923185616399	,	,	,无售后或售后取消,,	,	,,,,,,,否,否,	,否,	,,559.0	,0.0	,10.0	,0.0	,0.0	,0.0	,0.0	,0.0	,549.0	,549.0	,	,	,****,****,****,****,,否,否,	,	,	,否,	,	,	,	,	,	,	,	,	,	,	,	,否,否,	,否,	,,	,否,	,否,,,否
【重磅新品】云米净水器600G小海豚升级版厨下式RO反渗透直饮家用,251111-508496525650095,已发货，待收货,1	,正常,2025-11-11 14:39:44,2025-11-12 14:39:44,,2025-11-11 18:49:46,	,225501370546	,【24年新品】600G升级版6年长效,1600502140541	,厨房电器,净水器/净水设备及配件耗材,净水器,	,6923185653684	,6923185616399	,	,	,无售后或售后取消,,2025-11-11 14:39:44,	,,,,,,,否,否,	,否,	,,559.0	,0.0	,10.0	,54.9	,0.2	,0.0	,0.0	,0.0	,494.1	,549.0	,JDV024000864830,京东大件物流,广东省,中山市,三角镇,,,否,否,	,	,	,否,	,	,	,	,	,	,	,	,	,	,	,	,否,否,	,否,否,,	,否,	,否,,,否
【重磅新品】云米净水器600G小海豚升级版厨下式RO反渗透直饮家用,251111-585954824551891,未发货，退款成功,1	,正常,2025-11-11 14:37:38,2025-11-12 14:37:39,,	,	,225501370546	,【24年新品】600G升级版6年长效,1600502140541	,厨房电器,净水器/净水设备及配件耗材,净水器,	,6923185653684	,6923185616399	,聚水潭已取消发货，仅退款  诚11.11,	,退款成功,,2025-11-11 14:37:39,	,,,,,,,否,否,	,否,	,,559.0	,0.0	,0.0	,0.0	,0.0	,0.0	,0.0	,0.0	,559.0	,559.0	,	,	,四川省,德阳市,旌阳区,,,否,否,	,	,	,否,	,	,	,	,	,	,	,	,	,	,	,	,否,否,	,否,否,,	,否,	,否,,,否
【重磅新品】云米净水器600G小海豚升级版厨下式RO反渗透直饮家用,251111-346176940420377,已取消,1	,正常,	,	,,	,	,225501370546	,【24年新品】600G升级版6年长效,1600502140541	,厨房电器,净水器/净水设备及配件耗材,净水器,	,6923185653684	,6923185616399	,	,	,无售后或售后取消,,	,	,,,,,,,否,否,	,否,	,,559.0	,0.0	,10.0	,54.9	,0.0	,0.0	,0.0	,0.0	,494.1	,549.0	,	,	,****,****,****,****,,否,否,	,	,	,否,	,	,	,	,	,	,	,	,	,	,	,	,否,否,	,否,	,,	,否,	,否,,,否
【重磅新品】云米净水器600G小海豚升级版厨下式RO反渗透直饮家用,251111-544861079061841,已发货，待收货,1	,正常,2025-11-11 14:34:42,2025-11-12 14:34:43,,2025-11-11 18:49:45,	,225501370546	,【24年新品】600G升级版6年长效,1600502140541	,厨房电器,净水器/净水设备及配件耗材,净水器,	,6923185653684	,6923185616399	,	,	,无售后或售后取消,,2025-11-11 14:34:43,	,,,,,,,否,否,	,否,	,,559.0	,0.0	,0.0	,0.0	,0.0	,0.0	,0.0	,0.0	,559.0	,559.0	,JDV024000870825,京东大件物流,广东省,汕头市,澄海区,,,否,否,	,	,	,否,	,	,	,	,	,	,	,	,	,	,	,	,否,否,	,否,否,,	,否,	,否,,,否
【重磅新品】云米净水器600G小海豚升级版厨下式RO反渗透直饮家用,251111-656628857263151,已取消,1	,正常,	,	,,	,	,225501370546	,【24年新品】600G升级版6年长效,1600502140541	,厨房电器,净水器/净水设备及配件耗材,净水器,	,6923185653684	,6923185616399	,	,	,无售后或售后取消,,	,	,,,,,,,否,否,	,否,	,,559.0	,0.0	,10.0	,0.0	,0.0	,0.0	,0.0	,0.0	,549.0	,549.0	,	,	,****,****,****,****,,否,否,	,	,	,否,	,	,	,	,	,	,	,	,	,	,	,	,否,否,	,否,	,,	,否,	,否,,,否
【重磅新品】云米净水器600G小海豚升级版厨下式RO反渗透直饮家用,251111-640354957642497,已发货，待收货,1	,正常,2025-11-11 14:30:41,2025-11-12 14:30:41,,2025-11-11 17:52:01,	,225501370546	,【24年新品】600G升级版6年长效,1600502140541	,厨房电器,净水器/净水设备及配件耗材,净水器,	,6923185653684	,6923185616399	,	,	,无售后或售后取消,,2025-11-11 14:30:41,	,,,,,,,否,否,	,否,	,,559.0	,0.0	,10.0	,0.0	,0.0	,0.0	,0.0	,0.0	,549.0	,549.0	,JDV024000534954,京东大件物流,内蒙古自治区,乌兰察布市,察哈尔右翼前旗,,,否,否,	,	,	,否,	,	,	,	,	,	,	,	,	,	,	,	,否,否,	,否,是,3	,商家,否,	,否,,花呗分期,否
云米顶侧大吸力蓝调油烟机家用厨房节能自清洁一级能效可挥手智控,251111-614444572261636,已发货，待收货,1	,正常,2025-11-11 14:29:52,2025-11-12 14:29:52,,2025-11-11 18:38:59,	,657344402006	,云米智清洁挥手智控单烟机,1723825075586	,大家电,厨房大电,油烟机,	,6923185650973	,6923185650973	,	,	,无售后或售后取消,,2025-11-11 14:29:52,	,,,,,,,否,否,	,否,	,,838.0	,0.0	,42.0	,39.8	,0.0	,0.0	,0.0	,0.0	,756.2	,796.0	,JDV024001723037,京东配送,贵州省,铜仁市,万山区,,,否,否,	,	,	,否,	,	,	,	,	,	,	,	,	,	,	,	,否,否,	,否,否,,	,否,	,否,,,否
【重磅新品】云米净水器600G小海豚升级版厨下式RO反渗透直饮家用,251111-630760425093570,已发货，待收货,1	,正常,2025-11-11 14:28:27,2025-11-12 14:28:27,,2025-11-11 18:49:45,	,225501370546	,【24年新品】600G升级版6年长效,1600502140541	,厨房电器,净水器/净水设备及配件耗材,净水器,	,6923185653684	,6923185616399	,	,	,无售后或售后取消,,2025-11-11 14:28:27,	,,,,,,,否,否,	,否,	,,559.0	,0.0	,0.0	,55.9	,16.0	,0.0	,0.0	,0.0	,503.1	,559.0	,JDV024000935381,京东大件物流,安徽省,马鞍山市,雨山区,,,否,否,	,	,	,否,	,	,	,	,	,	,	,	,	,	,	,	,否,否,	,否,是,3	,商家,否,	,否,,信用卡分期,否
【母婴直饮】云米净水器 SE 600G+ 新升级厨下式RO反渗透直饮家用,251111-223787149660084,已发货，待收货,1	,正常,2025-11-11 14:23:01,2025-11-12 14:23:02,,2025-11-11 17:36:11,	,819506595979	,【24年新品】600G升级版6年长效,1787046011387	,厨房电器,净水器/净水设备及配件耗材,净水器,	,6923185653684	,6923185616399	,	,	,无售后或售后取消,,2025-11-11 14:23:02,	,,,,,,,否,否,	,否,	,,748.0	,0.0	,142.84	,73.8	,0.0	,0.0	,0.0	,0.0	,531.36	,605.16	,JDV024000574382,京东配送,山西省,太原市,迎泽区,,,否,否,	,	,	,否,	,	,	,	,	,	,	,	,	,	,	,	,否,否,	,否,否,,	,否,	,否,,,否
【重磅新品】云米净水器600G小海豚升级版厨下式RO反渗透直饮家用,251111-672934172231666,已发货，待收货,1	,正常,2025-11-11 14:22:25,2025-11-12 14:22:26,,2025-11-11 17:52:24,	,225501370546	,【24年新品】600G升级版6年长效,1600502140541	,厨房电器,净水器/净水设备及配件耗材,净水器,	,6923185653684	,6923185616399	,	,	,无售后或售后取消,,2025-11-11 14:22:26,	,,,,,,,否,否,	,否,	,,559.0	,0.0	,10.0	,0.0	,0.0	,0.0	,0.0	,0.0	,549.0	,549.0	,JDV024001197669,京东大件物流,河南省,南阳市,邓州市,,,否,否,	,	,	,否,	,	,	,	,	,	,	,	,	,	,	,	,否,否,	,否,否,,	,否,	,否,,,否
【重磅新品】云米净水器600G小海豚升级版厨下式RO反渗透直饮家用,251111-453047806300603,已发货，待收货,1	,正常,2025-11-11 14:21:28,2025-11-12 14:21:29,,2025-11-11 18:49:46,	,225501370546	,【24年新品】600G升级版6年长效,1600502140541	,厨房电器,净水器/净水设备及配件耗材,净水器,	,6923185653684	,6923185616399	,	,	,无售后或售后取消,,2025-11-11 14:21:29,	,,,,,,,否,否,	,否,	,,559.0	,0.0	,10.0	,0.0	,1.09	,0.0	,0.0	,0.0	,549.0	,549.0	,JDV024000947971,京东大件物流,广东省,广州市,番禺区,,,否,否,	,	,	,否,	,	,	,	,	,	,	,	,	,	,	,	,否,否,	,否,否,,	,否,	,否,,,否
云米顶侧大吸力蓝调油烟机家用厨房节能自清洁一级能效可挥手智控,251111-238467223960704,已发货，待收货,1	,正常,2025-11-11 14:21:00,2025-11-12 14:21:00,,2025-11-11 18:38:59,	,657344402006	,云米智清洁挥手智控单烟机,1723825075586	,大家电,厨房大电,油烟机,	,6923185650973	,6923185650973	,	,	,无售后或售后取消,,2025-11-11 14:21:00,	,,,,,,,否,否,	,否,	,,838.0	,0.0	,42.0	,39.8	,0.0	,0.0	,0.0	,0.0	,756.2	,796.0	,JDV024001706979,京东配送,福建省,福州市,闽侯县,,,否,否,	,	,	,否,	,	,	,	,	,	,	,	,	,	,	,	,否,否,	,否,否,,	,否,	,否,,,否
云米净水器滤芯小蓝调小海豚600G+专用复合滤芯RO反渗透滤芯过滤,251111-072519534111741,已发货，待收货,2	,正常,2025-11-11 14:18:10,2025-11-12 14:18:10,,2025-11-11 18:42:01,	,296967601341	,5in1复合滤芯 2年长效,1600193054565	,厨房电器,净水器/净水设备及配件耗材,净水器配件耗材,	,6923185627425	,	,	,	,无售后或售后取消,,2025-11-11 14:18:10,	,,,,,,,否,否,	,否,	,,598.0	,0.0	,5.98	,51.0	,0.0	,0.0	,0.0	,0.0	,541.02	,592.02	,JDV024000943105,京东配送,河北省,邢台市,清河县,,,否,否,	,	,	,否,	,	,	,	,	,	,	,	,	,	,	,	,否,否,	,否,否,,	,否,	,否,,,否
【重磅新品】云米净水器600G小海豚升级版厨下式RO反渗透直饮家用,251111-302021394782182,已发货，待收货,1	,正常,2025-11-11 14:16:50,2025-11-12 14:16:50,,2025-11-11 18:49:46,	,225501370546	,【24年新品】600G升级版6年长效,1600502140541	,厨房电器,净水器/净水设备及配件耗材,净水器,	,6923185653684	,6923185616399	,	,	,无售后或售后取消,,2025-11-11 14:16:50,	,,,,,,,否,否,	,否,	,,559.0	,0.0	,10.0	,54.9	,0.0	,0.0	,0.0	,0.0	,494.1	,549.0	,JDV024003280414,京东大件物流,上海市,上海市,闵行区,,,否,否,	,	,	,否,	,	,	,	,	,	,	,	,	,	,	,	,否,否,	,否,否,,	,否,	,否,,,否
VIOMI云米净水器大通量小海豚800G反渗透RO厨下式家用长效滤芯,251111-036626839923466,未发货，退款成功,1	,正常,2025-11-11 14:14:02,2025-11-12 14:14:03,,	,	,837957770723	,800G大通量纯水机,1809123722986	,厨房电器,净水器/净水设备及配件耗材,净水器配件耗材,	,6923185653974	,	,聚水潭已取消发货，仅退款  诚11.11,	,退款成功,,2025-11-11 14:14:03,	,,,,,,,否,否,	,否,	,,882.9	,0.0	,177.0	,100.0	,1.21	,0.0	,0.0	,0.0	,605.9	,705.9	,	,	,山东省,临沂市,河东区,,,否,否,	,	,	,否,	,	,	,	,	,	,	,	,	,	,	,	,否,否,	,否,否,,	,否,	,否,,,否
【重磅新品】云米净水器600G小海豚升级版厨下式RO反渗透直饮家用,251111-330385333791741,已发货，待收货,1	,正常,2025-11-11 14:12:32,2025-11-12 14:12:33,,2025-11-11 17:52:00,	,225501370546	,【24年新品】600G升级版6年长效,1600502140541	,厨房电器,净水器/净水设备及配件耗材,净水器,	,6923185653684	,6923185616399	,	,	,无售后或售后取消,,2025-11-11 14:12:33,	,,,,,,,否,否,	,否,	,,559.0	,0.0	,0.0	,55.9	,0.0	,0.0	,0.0	,0.0	,503.1	,559.0	,JDV024000589160,京东大件物流,河北省,邢台市,清河县,,,否,否,	,	,	,否,	,	,	,	,	,	,	,	,	,	,	,	,否,否,	,否,否,,	,否,	,否,,,否
【重磅新品】云米净水器600G小海豚升级版厨下式RO反渗透直饮家用,251111-165947687303379,已取消,1	,正常,	,	,,	,	,225501370546	,【24年新品】600G升级版6年长效,1600502140541	,厨房电器,净水器/净水设备及配件耗材,净水器,	,6923185653684	,6923185616399	,	,	,无售后或售后取消,,	,	,,,,,,,否,否,	,否,	,,559.0	,0.0	,10.0	,5.0	,0.0	,0.0	,0.0	,0.0	,544.0	,549.0	,	,	,****,****,****,****,,否,否,	,	,	,否,	,	,	,	,	,	,	,	,	,	,	,	,否,否,	,否,	,,	,否,	,否,,,否
【重磅新品】云米净水器600G小海豚升级版厨下式RO反渗透直饮家用,251111-458018035220042,已发货，待收货,1	,正常,2025-11-11 14:10:25,2025-11-12 14:10:25,,2025-11-11 17:52:00,	,225501370546	,【24年新品】600G升级版6年长效,1600502140541	,厨房电器,净水器/净水设备及配件耗材,净水器,	,6923185653684	,6923185616399	,	,	,无售后或售后取消,,2025-11-11 14:10:25,	,,,,,,,否,否,	,否,	,,559.0	,0.0	,0.0	,0.0	,0.0	,0.0	,0.0	,0.0	,559.0	,559.0	,JDV024000554951,京东大件物流,河南省,郑州市,中牟县,,,否,否,	,	,	,否,	,	,	,	,	,	,	,	,	,	,	,	,否,否,	,否,否,,	,否,	,否,,,否
【重磅新品】云米净水器600G小海豚升级版厨下式RO反渗透直饮家用,251111-492841244223237,已发货，待收货,1	,正常,2025-11-11 14:10:12,2025-11-12 14:10:13,,2025-11-11 17:52:00,	,225501370546	,【24年新品】600G升级版6年长效,1600502140541	,厨房电器,净水器/净水设备及配件耗材,净水器,	,6923185653684	,6923185616399	,	,	,无售后或售后取消,,2025-11-11 14:10:13,	,,,,,,,否,否,	,否,	,,559.0	,0.0	,0.0	,0.0	,0.0	,0.0	,0.0	,0.0	,559.0	,559.0	,JDV024000615029,京东大件物流,北京市,北京市,通州区,,,否,否,	,	,	,否,	,	,	,	,	,	,	,	,	,	,	,	,否,否,	,否,否,,	,否,	,否,,,否
【重磅新品】云米净水器600G小海豚升级版厨下式RO反渗透直饮家用,251111-631641260442729,已发货，待收货,1	,正常,2025-11-11 14:07:25,2025-11-12 14:07:25,,2025-11-11 18:49:45,	,225501370546	,【24年新品】600G升级版6年长效,1600502140541	,厨房电器,净水器/净水设备及配件耗材,净水器,	,6923185653684	,6923185616399	,	,	,无售后或售后取消,,2025-11-11 14:07:25,	,,,,,,,否,否,	,否,	,,559.0	,0.0	,10.0	,0.0	,0.0	,0.0	,0.0	,0.0	,549.0	,549.0	,JDV024000850378,京东大件物流,广东省,湛江市,赤坎区,,,否,否,	,	,	,否,	,	,	,	,	,	,	,	,	,	,	,	,否,否,	,否,否,,	,否,	,否,,,否
【重磅新品】云米净水器600G小海豚升级版厨下式RO反渗透直饮家用,251111-275282695833884,已取消,1	,正常,	,	,,	,	,225501370546	,【24年新品】600G升级版6年长效,1600502140541	,厨房电器,净水器/净水设备及配件耗材,净水器,	,6923185653684	,6923185616399	,	,	,无售后或售后取消,,	,	,,,,,,,否,否,	,否,	,,559.0	,0.0	,10.0	,0.0	,0.0	,0.0	,0.0	,0.0	,549.0	,549.0	,	,	,****,****,****,****,,否,否,	,	,	,否,	,	,	,	,	,	,	,	,	,	,	,	,否,否,	,否,	,,	,否,	,否,,,否
云米净水器滤芯小蓝调小海豚600G+专用复合滤芯RO反渗透滤芯过滤,251111-389996889663250,已取消,1	,正常,	,	,,	,	,296967601341	,5in1复合滤芯 2年长效,1600193054565	,厨房电器,净水器/净水设备及配件耗材,净水器配件耗材,	,6923185627425	,	,	,	,无售后或售后取消,,	,	,,,,,,,否,否,	,否,	,,299.0	,0.0	,0.0	,14.0	,0.0	,0.0	,0.0	,0.0	,285.0	,299.0	,	,	,****,****,****,****,,否,否,	,	,	,否,	,	,	,	,	,	,	,	,	,	,	,	,否,否,	,否,	,,	,否,	,否,,,否
【重磅新品】云米净水器600G小海豚升级版厨下式RO反渗透直饮家用,251111-411251535481560,已发货，待收货,1	,正常,2025-11-11 14:03:39,2025-11-12 14:03:39,,2025-11-11 17:52:00,	,225501370546	,【24年新品】600G升级版6年长效,1600502140541	,厨房电器,净水器/净水设备及配件耗材,净水器,	,6923185653684	,6923185616399	,	,	,无售后或售后取消,,2025-11-11 14:03:39,	,,,,,,,否,否,	,否,	,,559.0	,0.0	,0.0	,0.0	,0.0	,0.0	,0.0	,0.0	,559.0	,559.0	,JDV024000589142,京东大件物流,山东省,青岛市,崂山区,,,否,否,	,	,	,否,	,	,	,	,	,	,	,	,	,	,	,	,否,否,	,否,否,,	,否,	,否,,,否
云米净水器滤芯家用小海豚小蓝调小白龙系列专用RO反渗透,251111-027525189940043,已发货，待收货,1	,正常,2025-11-11 13:55:47,2025-11-13 13:55:47,,2025-11-11 19:14:48,	,232467205433	,5in1 复合滤芯,1647394585330	,厨房电器,净水器/净水设备及配件耗材,净水器配件耗材,	,6923185627425	,	,	,	,无售后或售后取消,,2025-11-11 13:55:47,	,,,,,,,否,否,	,否,	,,149.0	,0.0	,0.0	,24.0	,0.0	,0.0	,0.0	,0.0	,125.0	,149.0	,JDV023999552169,京东配送,四川省,成都市,成华区,,,否,否,	,	,	,否,	,	,	,	,	,	,	,	,	,	,	,	,否,否,	,否,否,,	,否,	,否,,,否
【重磅新品】云米净水器600G小海豚升级版厨下式RO反渗透直饮家用,251111-134941273721560,未发货，退款成功,1	,正常,2025-11-11 13:55:07,2025-11-12 13:55:07,,	,	,225501370546	,【24年新品】600G升级版6年长效,1600502140541	,厨房电器,净水器/净水设备及配件耗材,净水器,	,6923185653684	,6923185616399	,聚水潭已取消发货，仅退款  诚11.11,	,退款成功,,2025-11-11 13:55:07,	,,,,,,,否,否,	,否,	,,559.0	,0.0	,0.0	,0.0	,0.0	,0.0	,0.0	,0.0	,559.0	,559.0	,	,	,山东省,青岛市,崂山区,,,否,否,	,	,	,否,	,	,	,	,	,	,	,	,	,	,	,	,否,否,	,否,否,,	,否,	,否,,,否
云米顶侧大吸力蓝调油烟机家用厨房节能自清洁一级能效可挥手智控,251111-681343762751977,已发货，待收货,1	,正常,2025-11-11 13:55:22,2025-11-12 13:55:22,,2025-11-12 09:30:23,	,657344402006	,云米智清洁挥手智控单烟机,1723825075586	,大家电,厨房大电,油烟机,	,6923185650973	,6923185650973	,	,	,无售后或售后取消,,2025-11-11 13:55:22,	,,,,,,,否,否,	,否,	,,838.0	,0.0	,42.0	,79.6	,15.0	,0.0	,0.0	,0.0	,716.4	,796.0	,JDV024016336873,京东配送,江苏省,南京市,浦口区,,,否,否,	,	,	,否,	,	,	,	,	,	,	,	,	,	,	,	,否,否,	,否,否,,	,否,	,否,,,否
【重磅新品】云米净水器600G小海豚升级版厨下式RO反渗透直饮家用,251111-067129895291982,已发货，待收货,1	,正常,2025-11-11 13:53:03,2025-11-12 13:53:03,,2025-11-11 18:49:46,	,225501370546	,【24年新品】600G升级版6年长效,1600502140541	,厨房电器,净水器/净水设备及配件耗材,净水器,	,6923185653684	,6923185616399	,	,	,无售后或售后取消,,2025-11-11 13:53:03,	,,,,,,,否,否,	,否,	,,559.0	,0.0	,10.0	,0.0	,0.0	,0.0	,0.0	,0.0	,549.0	,549.0	,JDV023999635184,京东大件物流,湖南省,益阳市,赫山区,,,否,否,	,	,	,否,	,	,	,	,	,	,	,	,	,	,	,	,否,否,	,否,否,,	,否,	,否,,,否
【重磅新品】云米净水器600G小海豚升级版厨下式RO反渗透直饮家用,251111-628600379001560,已取消,1	,正常,	,	,,	,	,225501370546	,【24年新品】600G升级版6年长效,1600502140541	,厨房电器,净水器/净水设备及配件耗材,净水器,	,6923185653684	,6923185616399	,	,	,无售后或售后取消,,	,	,,,,,,,否,否,	,否,	,,559.0	,0.0	,10.0	,0.0	,0.0	,0.0	,0.0	,0.0	,549.0	,549.0	,	,	,****,****,****,****,,否,否,	,	,	,否,	,	,	,	,	,	,	,	,	,	,	,	,否,否,	,否,	,,	,否,	,否,,,否
【重磅新品】云米净水器600G小海豚升级版厨下式RO反渗透直饮家用,251111-444522831513719,已发货，待收货,1	,正常,2025-11-11 13:52:52,2025-11-12 13:52:52,,2025-11-11 18:49:46,	,225501370546	,【24年新品】600G升级版6年长效,1600502140541	,厨房电器,净水器/净水设备及配件耗材,净水器,	,6923185653684	,6923185616399	,	,	,无售后或售后取消,,2025-11-11 13:52:52,	,,,,,,,否,否,	,否,	,,559.0	,0.0	,10.0	,0.0	,0.0	,0.0	,0.0	,0.0	,549.0	,549.0	,JDV023999658215,京东大件物流,福建省,泉州市,惠安县,,,否,否,	,	,	,否,	,	,	,	,	,	,	,	,	,	,	,	,否,否,	,否,否,,	,否,	,否,,,否
云米净水器滤芯小蓝调小海豚600G+专用复合滤芯RO反渗透滤芯过滤,251111-526899003793962,已发货，待收货,1	,正常,2025-11-11 13:52:01,2025-11-12 13:52:01,,2025-11-11 15:47:46,	,296967601341	,5in1复合滤芯 2年长效,1600193054565	,厨房电器,净水器/净水设备及配件耗材,净水器配件耗材,	,6923185627425	,	,后返，到手价99,	,无售后或售后取消,,2025-11-11 13:52:01,	,,,,,,,否,否,	,否,	,,299.0	,0.0	,0.0	,0.0	,0.0	,0.0	,0.0	,0.0	,299.0	,299.0	,JDV023997834554,京东配送,上海市,上海市,青浦区,,,否,否,	,	,	,否,	,	,	,	,	,	,	,	,	,	,	,	,否,否,	,否,否,,	,否,	,否,,,否
【母婴直饮】云米净水器 SE 600G+ 新升级厨下式RO反渗透直饮家用,251111-149076109713962,已发货，待收货,1	,正常,2025-11-11 13:50:41,2025-11-12 13:50:41,,2025-11-11 18:47:58,	,819506595979	,【24年新品】600G升级版6年长效,1787046011387	,厨房电器,净水器/净水设备及配件耗材,净水器,	,6923185653684	,6923185616399	,18916999643安装 [viomi英英sk 11/11 21:20],	,无售后或售后取消,,2025-11-11 13:50:41,	,,,,,,,否,否,	,否,	,,748.0	,0.0	,137.6	,100.0	,0.0	,0.0	,0.0	,0.0	,510.4	,610.4	,JDV024000366465,京东配送,上海市,上海市,青浦区,,,否,否,	,	,	,否,	,	,	,	,	,	,	,	,	,	,	,	,否,否,	,否,是,3	,商家,否,	,否,,信用卡分期,否
【重磅新品】云米净水器600G小海豚升级版厨下式RO反渗透直饮家用,251111-624846476863250,未发货，退款成功,1	,正常,2025-11-11 13:46:58,2025-11-12 13:46:58,,	,	,225501370546	,【24年新品】600G升级版6年长效,1600502140541	,厨房电器,净水器/净水设备及配件耗材,净水器,	,6923185653684	,6923185616399	,聚水潭已取消发货，仅退款  诚11.11,	,退款成功,,2025-11-11 13:46:58,	,,,,,,,否,否,	,否,	,,559.0	,0.0	,10.0	,0.0	,15.0	,0.0	,0.0	,0.0	,549.0	,549.0	,	,	,安徽省,阜阳市,颍东区,,,否,否,	,	,	,否,	,	,	,	,	,	,	,	,	,	,	,	,否,否,	,否,否,,	,否,	,否,,,否
云米净水器滤芯小蓝调小海豚600G+专用复合滤芯RO反渗透滤芯过滤,251111-295960635831855,已发货，待收货,1	,正常,2025-11-11 13:46:01,2025-11-12 13:46:01,,2025-11-11 16:20:54,	,296967601341	,5in1复合滤芯 2年长效,1600193054565	,厨房电器,净水器/净水设备及配件耗材,净水器配件耗材,	,6923185627425	,	,换购复合滤芯到手价99一根 [viomi华华 11/11 13:46],	,无售后或售后取消,,2025-11-11 13:46:01,	,,,,,,,否,否,	,否,	,,299.0	,0.0	,0.0	,0.0	,0.0	,0.0	,0.0	,0.0	,299.0	,299.0	,JDV023997780609,京东配送,湖南省,常德市,武陵区,,,否,否,	,	,	,否,	,	,	,	,	,	,	,	,	,	,	,	,否,否,	,否,否,,	,否,	,否,,,否
云米净水器滤芯家用小海豚小蓝调小白龙系列专用RO反渗透,251111-537877604660043,未发货，退款成功,1	,正常,2025-11-11 13:45:53,2025-11-13 13:45:53,,	,	,232467205433	,5in1 复合滤芯,1647394585330	,厨房电器,净水器/净水设备及配件耗材,净水器配件耗材,	,6923185627425	,	,聚水潭已取消发货  已退款  11.11,	,退款成功,,2025-11-11 13:45:53,	,,,,,,,否,否,	,否,	,,149.0	,0.0	,0.0	,24.0	,0.0	,0.0	,0.0	,0.0	,125.0	,149.0	,	,	,四川省,成都市,成华区,,,否,否,	,	,	,否,	,	,	,	,	,	,	,	,	,	,	,	,否,否,	,否,否,,	,否,	,否,,,否
【重磅新品】云米净水器600G小海豚升级版厨下式RO反渗透直饮家用,251111-376659034551855,已发货，待收货,1	,正常,2025-11-11 13:45:04,2026-02-10 13:45:05,,2025-11-11 18:49:47,	,225501370546	,【24年新品】600G升级版6年长效,1600502140541	,厨房电器,净水器/净水设备及配件耗材,净水器,	,6923185653684	,6923185616399	,	,	,无售后或售后取消,,2025-11-11 13:45:05,	,,,,,,,否,否,	,否,	,,559.0	,0.0	,10.0	,0.0	,0.0	,0.0	,0.0	,0.0	,549.0	,549.0	,JDV023999690435,京东大件物流,湖南省,常德市,武陵区,,,否,否,	,	,	,否,	,	,	,	,	,	,	,	,	,	,	,	,否,否,	,否,否,,	,否,	,否,,,否
云米顶侧双吸大吸力低噪油烟机猛火液化气聚能灶智能套装家用厨房,251111-255915466240756,未发货，退款成功,1	,正常,2025-11-11 13:41:17,2025-11-12 13:41:17,,	,	,674950510509	,【烟灶套装】顶侧双吸烟机+5.0KW灶（天）,1744061180430	,大家电,厨房大电,烟灶消套装,	,S2405071349001,S2501061036001,聚水潭已取消发货  已退款  11.11,	,退款成功,,2025-11-11 13:41:17,	,,,,,,,否,否,	,否,	,,1079.0	,0.0	,0.0	,20.0	,0.0	,0.0	,0.0	,0.0	,1059.0	,1079.0	,	,	,黑龙江省,齐齐哈尔市,富拉尔基区,,,否,否,	,	,	,否,	,	,	,	,	,	,	,	,	,	,	,	,否,否,	,否,否,,	,否,	,否,,,否
VIOMI云米净水器600G小蓝调厨下式RO反渗透直饮家用6年长效,251111-360720637520634,已发货，待收货,1	,正常,2025-11-11 18:10:26,2025-11-12 18:10:26,,2025-11-12 08:59:33,	,850883552953	,RO反渗透除去重金属,1811278299045	,厨房电器,净水器/净水设备及配件耗材,净水器,	,6923185653592	,6923185653592	,	,	,无售后或售后取消,,2025-11-11 18:10:26,	,,,,,,,否,否,	,否,	,,615.0	,0.0	,0.0	,100.0	,0.0	,0.0	,0.0	,0.0	,515.0	,615.0	,JDV024007665806,京东配送,河北省,唐山市,路北区,,,否,否,	,	,	,否,	,	,	,	,	,	,	,	,	,	,	,	,否,否,	,否,否,,	,否,	,否,,,否
VIOMI云米净水器大通量小海豚800G反渗透RO厨下式家用长效滤芯,251111-440527777343574,已发货，待收货,1	,正常,2025-11-11 13:37:24,2025-11-12 13:37:24,,2025-11-11 16:20:54,	,850333437206	,竹炭复合商品滤芯,1810726753549	,厨房电器,净水器/净水设备及配件耗材,净水器,	,6923185654193	,	,后返到手价99,	,无售后或售后取消,,2025-11-11 13:37:24,	,,,,,,,否,否,	,否,	,,299.0	,0.0	,0.0	,0.0	,0.0	,0.0	,0.0	,0.0	,299.0	,299.0	,JDV023997821388,京东配送,浙江省,嘉兴市,平湖市,,,否,否,	,	,	,否,	,	,	,	,	,	,	,	,	,	,	,	,否,否,	,否,否,,	,否,	,否,,,否
云米净水器滤芯小蓝调小海豚600G+专用复合滤芯RO反渗透滤芯过滤,251111-227132075613162,已发货，待收货,1	,正常,2025-11-11 13:37:11,2025-11-12 13:37:11,,2025-11-11 16:21:00,	,296967601341	,5in1复合滤芯 2年长效,1600193054565	,厨房电器,净水器/净水设备及配件耗材,净水器配件耗材,	,6923185627425	,	,复合滤芯到手价99一根 [viomi华华 11/11 16:41],	,无售后或售后取消,,2025-11-11 13:37:11,	,,,,,,,否,否,	,否,	,,299.0	,0.0	,0.0	,0.0	,0.2	,0.0	,0.0	,0.0	,299.0	,299.0	,JDV023997713011,京东配送,河南省,洛阳市,涧西区,,,否,否,	,	,	,否,	,	,	,	,	,	,	,	,	,	,	,	,否,否,	,否,否,,	,否,	,否,,,否
云米净水器滤芯小蓝调小海豚600G+专用复合滤芯RO反渗透滤芯过滤,251111-008420093533162,未发货，退款成功,1	,正常,2025-11-11 13:36:31,2025-11-12 13:36:32,,	,	,296967601341	,5in1复合滤芯 2年长效,1600193054565	,厨房电器,净水器/净水设备及配件耗材,净水器配件耗材,	,6923185627425	,	,聚水潭已取消发货  已退款  11.11,	,退款成功,,2025-11-11 13:36:32,	,,,,,,,否,否,	,否,	,,299.0	,0.0	,0.0	,3.0	,0.2	,0.0	,0.0	,0.0	,296.0	,299.0	,	,	,河南省,洛阳市,涧西区,,,否,否,	,	,	,否,	,	,	,	,	,	,	,	,	,	,	,	,否,否,	,否,否,,	,否,	,否,,,否
【重磅新品】云米净水器600G小海豚升级版厨下式RO反渗透直饮家用,251111-250630663773162,已发货，待收货,1	,正常,2025-11-11 13:35:30,2025-11-12 13:35:31,,2025-11-11 17:52:01,	,225501370546	,【24年新品】600G升级版6年长效,1600502140541	,厨房电器,净水器/净水设备及配件耗材,净水器,	,6923185653684	,6923185616399	,	,	,无售后或售后取消,,2025-11-11 13:35:31,	,,,,,,,否,否,	,否,	,,559.0	,0.0	,10.0	,54.9	,0.2	,0.0	,0.0	,0.0	,494.1	,549.0	,JDV024000276924,京东大件物流,河南省,洛阳市,涧西区,,,否,否,	,	,	,否,	,	,	,	,	,	,	,	,	,	,	,	,否,否,	,否,否,,	,否,	,否,,,否
VIOMI云米净水器1000G厨下直饮小体积净水机RO机智显龙头3秒满杯,251111-270197123380380,已发货，待收货,1	,正常,2025-11-11 13:35:10,2025-11-12 13:35:10,,2025-11-11 20:37:13,	,842195971715	,1000G大通量RO净水器,1803617356458	,厨房电器,净水器/净水设备及配件耗材,净水器,	,6923185654247	,	,	,	,无售后或售后取消,,2025-11-11 13:35:10,	,,,,,,,否,否,	,否,	,,823.0	,0.0	,24.0	,3.0	,0.0	,0.0	,0.0	,0.0	,796.0	,799.0	,JDV023999690328,京东大件物流,广东省,深圳市,龙岗区,,,否,否,	,	,	,否,	,	,	,	,	,	,	,	,	,	,	,	,否,否,	,否,否,,	,否,	,否,,,否
【重磅新品】云米净水器600G小海豚升级版厨下式RO反渗透直饮家用,251111-058573535563489,已发货，待收货,1	,正常,2025-11-11 13:33:27,2025-11-12 13:33:27,,2025-11-11 18:49:47,	,225501370546	,【24年新品】600G升级版6年长效,1600502140541	,厨房电器,净水器/净水设备及配件耗材,净水器,	,6923185653684	,6923185616399	,	,	,无售后或售后取消,,2025-11-11 13:33:27,	,,,,,,,否,否,	,否,	,,559.0	,0.0	,10.0	,54.9	,0.2	,0.0	,0.0	,0.0	,494.1	,549.0	,JDV023999672300,京东大件物流,西藏自治区,拉萨市,堆龙德庆区,,,否,否,	,	,	,否,	,	,	,	,	,	,	,	,	,	,	,	,否,否,	,否,否,,	,否,	,否,,,否
【重磅新品】云米净水器600G小海豚升级版厨下式RO反渗透直饮家用,251111-058573483651771,已发货，待收货,1	,正常,2025-11-11 13:28:26,2025-11-12 13:28:27,,2025-11-11 18:49:46,	,225501370546	,【24年新品】600G升级版6年长效,1600502140541	,厨房电器,净水器/净水设备及配件耗材,净水器,	,6923185653684	,6923185616399	,	,	,无售后或售后取消,,2025-11-11 13:28:27,	,,,,,,,否,否,	,否,	,,559.0	,0.0	,0.0	,0.0	,0.0	,0.0	,0.0	,0.0	,559.0	,559.0	,JDV024000372692,京东大件物流,广东省,汕头市,金平区,,,否,否,	,	,	,否,	,	,	,	,	,	,	,	,	,	,	,	,否,否,	,否,否,,	,否,	,否,,,否
【重磅新品】云米净水器600G小海豚升级版厨下式RO反渗透直饮家用,251111-556301105483513,已发货，待收货,1	,正常,2025-11-11 13:26:37,2025-11-12 13:26:37,,2025-11-11 18:49:48,	,225501370546	,【24年新品】600G升级版6年长效,1600502140541	,厨房电器,净水器/净水设备及配件耗材,净水器,	,6923185653684	,6923185616399	,	,	,无售后或售后取消,,2025-11-11 13:26:37,	,,,,,,,否,否,	,否,	,,559.0	,0.0	,10.0	,30.0	,0.2	,0.0	,0.0	,0.0	,519.0	,549.0	,JDV023999615206,京东大件物流,湖南省,永州市,零陵区,,,否,否,	,	,	,否,	,	,	,	,	,	,	,	,	,	,	,	,否,否,	,否,否,,	,否,	,否,,,否
【重磅新品】云米净水器600G小海豚升级版厨下式RO反渗透直饮家用,251111-657394265724012,已发货，待收货,1	,正常,2025-11-11 13:25:36,2025-11-12 13:25:36,,2025-11-11 18:49:45,	,225501370546	,【24年新品】600G升级版6年长效,1600502140541	,厨房电器,净水器/净水设备及配件耗材,净水器,	,6923185653684	,6923185616399	,	,	,无售后或售后取消,,2025-11-11 13:25:36,	,,,,,,,否,否,	,否,	,,559.0	,0.0	,10.0	,0.0	,0.0	,0.0	,0.0	,0.0	,549.0	,549.0	,JDV024000366941,京东大件物流,湖北省,武汉市,硚口区,,,否,否,	,	,	,否,	,	,	,	,	,	,	,	,	,	,	,	,否,否,	,否,否,,	,否,	,否,,,否
【重磅新品】云米净水器600G小海豚升级版厨下式RO反渗透直饮家用,251111-495997437572757,未发货，退款成功,1	,正常,2025-11-11 13:25:16,2025-11-12 13:25:16,,	,	,225501370546	,【24年新品】600G升级版6年长效,1600502140541	,厨房电器,净水器/净水设备及配件耗材,净水器,	,6923185653684	,6923185616399	,聚水潭已取消发货  已退款  11.11,	,退款成功,,2025-11-11 13:25:16,	,,,,,,,否,否,	,否,	,,559.0	,0.0	,10.0	,0.0	,0.0	,0.0	,0.0	,0.0	,549.0	,549.0	,	,	,广东省,广州市,白云区,,,否,否,	,	,	,否,	,	,	,	,	,	,	,	,	,	,	,	,否,否,	,否,是,3	,商家,否,	,否,,花呗分期,否
【重磅新品】云米净水器600G小海豚升级版厨下式RO反渗透直饮家用,251111-523491162411599,已发货，待收货,1	,正常,2025-11-11 13:23:22,2025-11-12 13:23:22,,2025-11-11 18:49:46,	,225501370546	,【24年新品】600G升级版6年长效,1600502140541	,厨房电器,净水器/净水设备及配件耗材,净水器,	,6923185653684	,6923185616399	,	,	,无售后或售后取消,,2025-11-11 13:23:22,	,,,,,,,否,否,	,否,	,,559.0	,0.0	,0.0	,0.0	,15.0	,0.0	,0.0	,0.0	,559.0	,559.0	,JDV024000374934,京东大件物流,安徽省,合肥市,蜀山区,,,否,否,	,	,	,否,	,	,	,	,	,	,	,	,	,	,	,	,否,否,	,否,否,,	,否,	,否,,,否
【重磅新品】云米净水器600G小海豚升级版厨下式RO反渗透直饮家用,251111-453383319083417,未发货，退款成功,1	,正常,2025-11-11 13:22:02,2025-11-12 13:22:02,,	,	,225501370546	,【24年新品】600G升级版6年长效,1600502140541	,厨房电器,净水器/净水设备及配件耗材,净水器,	,6923185653684	,6923185616399	,聚水潭已取消发货，仅退款  诚11.11 ,	,退款成功,,2025-11-11 13:22:02,	,,,,,,,否,否,	,否,	,,559.0	,0.0	,10.0	,0.0	,0.0	,0.0	,0.0	,0.0	,549.0	,549.0	,	,	,山东省,泰安市,泰山区,,,否,否,	,	,	,否,	,	,	,	,	,	,	,	,	,	,	,	,否,否,	,否,否,,	,否,	,否,,,否
【重磅新品】云米净水器600G小海豚升级版厨下式RO反渗透直饮家用,251111-398008020543250,已取消,1	,正常,	,	,,	,	,225501370546	,【24年新品】600G升级版6年长效,1600502140541	,厨房电器,净水器/净水设备及配件耗材,净水器,	,6923185653684	,6923185616399	,	,	,无售后或售后取消,,	,	,,,,,,,否,否,	,否,	,,559.0	,0.0	,10.0	,0.0	,0.0	,0.0	,0.0	,0.0	,549.0	,549.0	,	,	,****,****,****,****,,否,否,	,	,	,否,	,	,	,	,	,	,	,	,	,	,	,	,否,否,	,否,	,,	,否,	,否,,,否
【重磅新品】云米净水器600G小海豚升级版厨下式RO反渗透直饮家用,251111-287813189952345,已发货，待收货,1	,正常,2025-11-11 13:18:07,2025-11-12 13:18:07,,2025-11-11 18:49:47,	,225501370546	,【24年新品】600G升级版6年长效,1600502140541	,厨房电器,净水器/净水设备及配件耗材,净水器,	,6923185653684	,6923185616399	,	,	,无售后或售后取消,,2025-11-11 13:18:07,	,,,,,,,否,否,	,否,	,,559.0	,0.0	,10.0	,0.0	,1.09	,0.0	,0.0	,0.0	,549.0	,549.0	,JDV023999713126,京东大件物流,广东省,佛山市,禅城区,,,否,否,	,	,	,否,	,	,	,	,	,	,	,	,	,	,	,	,否,否,	,否,否,,	,否,	,否,,,否
云米净水器滤芯小蓝调小海豚600G+专用复合滤芯RO反渗透滤芯过滤,251111-454473859411432,已发货，待收货,1	,正常,2025-11-11 13:19:35,2025-11-12 13:19:35,,2025-11-11 19:15:02,	,296967601341	,5in1复合滤芯 2年长效,1600193054565	,厨房电器,净水器/净水设备及配件耗材,净水器配件耗材,	,6923185627425	,	,后返到手价99,	,无售后或售后取消,,2025-11-11 13:19:35,	,,,,,,,否,否,	,否,	,,299.0	,0.0	,0.0	,0.0	,0.0	,0.0	,0.0	,0.0	,299.0	,299.0	,JDV023997779841,京东配送,四川省,绵阳市,游仙区,,,否,否,	,	,	,否,	,	,	,	,	,	,	,	,	,	,	,	,否,否,	,否,否,,	,否,	,否,,,否
【重磅新品】云米净水器600G小海豚升级版厨下式RO反渗透直饮家用,251111-682811799992762,已发货，待收货,1	,正常,2025-11-11 13:15:55,2025-11-12 13:15:55,,2025-11-11 18:49:48,	,225501370546	,【24年新品】600G升级版6年长效,1600502140541	,厨房电器,净水器/净水设备及配件耗材,净水器,	,6923185653684	,6923185616399	,	,	,无售后或售后取消,,2025-11-11 13:15:55,	,,,,,,,否,否,	,否,	,,559.0	,0.0	,10.0	,0.0	,0.0	,0.0	,0.0	,0.0	,549.0	,549.0	,JDV023999723214,京东大件物流,广东省,广州市,番禺区,,,否,否,	,	,	,否,	,	,	,	,	,	,	,	,	,	,	,	,否,否,	,否,否,,	,否,	,否,,,否
云米即热净水器厨房家用直饮RO反渗透加热净饮一体机1000G,251111-531019917731994,已发货，待收货,1	,正常,2025-11-11 13:14:56,2025-11-12 13:14:57,,2025-11-11 18:51:06,	,846360072018	,即热直饮 1000G大通量,1807240839093	,厨房电器,净水器/净水设备及配件耗材,净水器,	,6923185651116	,6923185651116	,	,	,无售后或售后取消,,2025-11-11 13:14:57,	,,,,,,,否,否,	,否,	,,1498.0	,0.0	,60.0	,40.0	,0.0	,0.0	,0.0	,0.0	,1398.0	,1438.0	,JDV024000361903,京东配送,广东省,湛江市,麻章区,,,否,否,	,	,	,否,	,	,	,	,	,	,	,	,	,	,	,	,否,否,	,否,否,,	,否,	,否,,,否
【重磅新品】云米净水器600G小海豚升级版厨下式RO反渗透直饮家用,251111-072729291063151,已取消,1	,正常,	,	,,	,	,225501370546	,【24年新品】600G升级版6年长效,1600502140541	,厨房电器,净水器/净水设备及配件耗材,净水器,	,6923185653684	,6923185616399	,	,	,无售后或售后取消,,	,	,,,,,,,否,否,	,否,	,,559.0	,0.0	,10.0	,0.0	,0.0	,0.0	,0.0	,0.0	,549.0	,549.0	,	,	,****,****,****,****,,否,否,	,	,	,否,	,	,	,	,	,	,	,	,	,	,	,	,否,否,	,否,	,,	,否,	,否,,,否
云米小厨宝6L电热水器厨房卫生间出水恒温储水式小型速热神器加热,251111-625832149363746,已取消,1	,正常,	,	,,	,	,208073193570	,热水即刻有-【6L】,1801828025682	,大家电,热水器,厨宝,	,6923185611233	,6923185611233	,	,	,无售后或售后取消,,	,	,,,,,,,否,否,	,否,	,,267.0	,0.0	,14.0	,0.0	,0.0	,0.0	,0.0	,0.0	,253.0	,253.0	,	,	,****,****,****,****,,否,否,	,	,	,否,	,	,	,	,	,	,	,	,	,	,	,	,否,否,	,否,	,,	,否,	,否,,,否
云米净水器滤芯家用小海豚小蓝调小白龙系列专用RO反渗透,251111-006385908060902,已发货，待收货,1	,正常,2025-11-11 13:13:17,2025-11-13 13:13:17,,2025-11-11 18:42:00,	,232467205433	,5in1 复合滤芯,1647394585330	,厨房电器,净水器/净水设备及配件耗材,净水器配件耗材,	,6923185627425	,	,	,	,无售后或售后取消,,2025-11-11 13:13:17,	,,,,,,,否,否,	,否,	,,149.0	,0.0	,0.0	,23.84	,0.0	,0.0	,0.0	,0.0	,125.16	,149.0	,JDV023999731898,京东配送,福建省,南平市,建瓯市,,,否,否,	,	,	,否,	,	,	,	,	,	,	,	,	,	,	,	,否,否,	,否,否,,	,否,	,否,,,否
Viomi云米净水器1000G厨下式RO反渗透直饮过滤器净饮小海豚2,251111-680536327790123,已取消,1	,正常,	,	,,	,	,205458105137	,小海豚2包安装1000G大加仑,1802849942800	,厨房电器,净水器/净水设备及配件耗材,净水器,	,6923185654865	,	,	,	,无售后或售后取消,,	,	,,,,,,,否,否,	,否,	,,863.0	,0.0	,0.0	,50.0	,0.0	,0.0	,0.0	,0.0	,813.0	,863.0	,	,	,****,****,****,****,,否,否,	,	,	,否,	,	,	,	,	,	,	,	,	,	,	,	,否,否,	,否,	,,	,否,	,否,,,否
【重磅新品】云米净水器600G小海豚升级版厨下式RO反渗透直饮家用,251111-257320599891432,已发货，待收货,1	,正常,2025-11-11 13:13:59,2025-11-12 13:13:59,,2025-11-11 18:49:46,	,225501370546	,【24年新品】600G升级版6年长效,1600502140541	,厨房电器,净水器/净水设备及配件耗材,净水器,	,6923185653684	,6923185616399	,	,	,无售后或售后取消,,2025-11-11 13:13:59,	,,,,,,,否,否,	,否,	,,559.0	,0.0	,10.0	,0.0	,5.0	,0.0	,0.0	,0.0	,549.0	,549.0	,JDV024000376742,京东大件物流,四川省,绵阳市,游仙区,,,否,否,	,	,	,否,	,	,	,	,	,	,	,	,	,	,	,	,否,否,	,否,否,,	,否,	,否,,,否
【重磅新品】云米净水器600G小海豚升级版厨下式RO反渗透直饮家用,251111-611718316340921,已发货，待收货,1	,正常,2025-11-11 13:08:34,2025-11-12 13:08:34,,2025-11-11 18:49:47,	,225501370546	,【24年新品】600G升级版6年长效,1600502140541	,厨房电器,净水器/净水设备及配件耗材,净水器,	,6923185653684	,6923185616399	,	,	,无售后或售后取消,,2025-11-11 13:08:34,	,,,,,,,否,否,	,否,	,,559.0	,0.0	,10.0	,54.9	,0.0	,0.0	,0.0	,0.0	,494.1	,549.0	,JDV023999678895,京东大件物流,湖北省,武汉市,洪山区,,,否,否,	,	,	,否,	,	,	,	,	,	,	,	,	,	,	,	,否,否,	,否,否,,	,否,	,否,,,否
云米净水器滤芯小蓝调小海豚600G+专用复合滤芯RO反渗透滤芯过滤,251111-680127424883116,已发货，待收货,1	,正常,2025-11-11 13:06:20,2025-11-12 13:06:21,,2025-11-11 16:21:01,	,296967601341	,5in1复合滤芯 2年长效,1600193054565	,厨房电器,净水器/净水设备及配件耗材,净水器配件耗材,	,6923185627425	,	,后返到手价99,	,无售后或售后取消,,2025-11-11 13:06:21,	,,,,,,,否,否,	,否,	,,299.0	,0.0	,0.0	,14.0	,0.0	,0.0	,0.0	,0.0	,285.0	,299.0	,JDV023997713038,京东配送,辽宁省,鞍山市,立山区,,,否,否,	,	,	,否,	,	,	,	,	,	,	,	,	,	,	,	,否,否,	,否,否,,	,否,	,否,,,否
【重磅新品】云米净水器600G小海豚升级版厨下式RO反渗透直饮家用,251111-353684702783250,已取消,1	,正常,	,	,,	,	,225501370546	,【24年新品】600G升级版6年长效,1600502140541	,厨房电器,净水器/净水设备及配件耗材,净水器,	,6923185653684	,6923185616399	,	,	,无售后或售后取消,,	,	,,,,,,,否,否,	,否,	,,559.0	,0.0	,10.0	,0.0	,0.0	,0.0	,0.0	,0.0	,549.0	,549.0	,	,	,****,****,****,****,,否,否,	,	,	,否,	,	,	,	,	,	,	,	,	,	,	,	,否,否,	,否,	,,	,否,	,否,,,否
【重磅新品】云米净水器600G小海豚升级版厨下式RO反渗透直饮家用,251111-289260193410490,已取消,1	,正常,	,	,,	,	,225501370546	,【24年新品】600G升级版6年长效,1600502140541	,厨房电器,净水器/净水设备及配件耗材,净水器,	,6923185653684	,6923185616399	,	,	,无售后或售后取消,,	,	,,,,,,,否,否,	,否,	,,559.0	,0.0	,10.0	,0.0	,0.0	,0.0	,0.0	,0.0	,549.0	,549.0	,	,	,****,****,****,****,,否,否,	,	,	,否,	,	,	,	,	,	,	,	,	,	,	,	,否,否,	,否,	,,	,否,	,否,,,否
【重磅新品】云米净水器600G小海豚升级版厨下式RO反渗透直饮家用,251111-013631537461273,已发货，待收货,2	,正常,2025-11-11 13:02:58,2025-11-12 13:02:59,,2025-11-11 17:52:01,	,225501370546	,【24年新品】600G升级版6年长效,1600502140541	,厨房电器,净水器/净水设备及配件耗材,净水器,	,6923185653684	,6923185616399	,	,	,无售后或售后取消,,2025-11-11 13:02:59,	,,,,,,,否,否,	,否,	,,1118.0	,0.0	,11.18	,0.0	,0.0	,0.0	,0.0	,0.0	,1106.82	,1106.82	,JDV023999577179,京东大件物流,河南省,南阳市,南召县,,,否,否,	,	,	,否,	,	,	,	,	,	,	,	,	,	,	,	,否,否,	,否,否,,	,否,	,否,,,否
【重磅新品】云米净水器600G小海豚升级版厨下式RO反渗透直饮家用,251111-125598493051705,已发货，待收货,1	,正常,2025-11-11 13:00:03,2025-11-12 13:00:04,,2025-11-11 18:49:47,	,225501370546	,【24年新品】600G升级版6年长效,1600502140541	,厨房电器,净水器/净水设备及配件耗材,净水器,	,6923185653684	,6923185616399	,	,	,无售后或售后取消,,2025-11-11 13:00:04,	,,,,,,,否,否,	,否,	,,559.0	,0.0	,10.0	,0.0	,1.09	,0.0	,0.0	,0.0	,549.0	,549.0	,JDV023999635032,京东大件物流,江苏省,无锡市,宜兴市,,,否,否,	,	,	,否,	,	,	,	,	,	,	,	,	,	,	,	,否,否,	,否,否,,	,否,	,否,,,否
云米3000W速热电热水器家用浴室免换镁棒一级能效抑菌内胆免清洗,251111-025553804863528,已发货，待收货,1	,正常,2025-11-11 12:58:41,2025-11-12 12:58:41,,2025-11-11 16:18:59,	,369876178838	,速热3000W免换镁棒电热水器60L,1799960621871	,大家电,热水器,电热水器,	,6923185611899	,6923185611882	,	,	,无售后或售后取消,,2025-11-11 12:58:41,	,,,,,,,否,否,	,否,	,,750.0	,0.0	,0.0	,73.56	,0.0	,0.0	,0.0	,0.0	,676.44	,750.0	,JDV023998540524,京东配送,山西省,太原市,万柏林区,,,否,否,	,	,	,否,	,	,	,	,	,	,	,	,	,	,	,	,否,否,	,否,否,,	,否,	,否,,,否
【重磅新品】云米净水器600G小海豚升级版厨下式RO反渗透直饮家用,251111-479377528370154,已发货，待收货,1	,正常,2025-11-11 12:58:13,2025-11-12 12:58:13,,2025-11-11 18:49:47,	,225501370546	,【24年新品】600G升级版6年长效,1600502140541	,厨房电器,净水器/净水设备及配件耗材,净水器,	,6923185653684	,6923185616399	,	,	,无售后或售后取消,,2025-11-11 12:58:13,	,,,,,,,否,否,	,否,	,,559.0	,0.0	,0.0	,0.0	,0.0	,0.0	,0.0	,0.0	,559.0	,559.0	,JDV023999663804,京东大件物流,浙江省,宁波市,象山县,,,否,否,	,	,	,否,	,	,	,	,	,	,	,	,	,	,	,	,否,否,	,否,否,,	,否,	,否,,,否
VIOMI云米净水器大通量小海豚800G反渗透RO厨下式家用长效滤芯,251111-385467072893311,已发货，待收货,1	,正常,2025-11-11 12:54:56,2025-11-12 12:54:56,,2025-11-11 16:20:55,	,850333437206	,竹炭复合商品滤芯,1810726753549	,厨房电器,净水器/净水设备及配件耗材,净水器,	,6923185654193	,	,换购复合滤芯到手价99一根 [viomi华华 11/11 12:55],	,无售后或售后取消,,2025-11-11 12:54:56,	,,,,,,,否,否,	,否,	,,299.0	,0.0	,0.0	,24.32	,0.0	,0.0	,0.0	,0.0	,274.68	,299.0	,JDV023997760934,京东配送,上海市,上海市,青浦区,,,否,否,	,	,	,否,	,	,	,	,	,	,	,	,	,	,	,	,否,否,	,否,否,,	,否,	,否,,,否
【重磅新品】云米净水器600G小海豚升级版厨下式RO反渗透直饮家用,251111-339382188380326,已取消,1	,正常,	,	,,	,	,225501370546	,【24年新品】600G升级版6年长效,1600502140541	,厨房电器,净水器/净水设备及配件耗材,净水器,	,6923185653684	,6923185616399	,	,	,无售后或售后取消,,	,	,,,,,,,否,否,	,否,	,,559.0	,0.0	,0.0	,0.0	,0.0	,0.0	,0.0	,0.0	,559.0	,559.0	,	,	,****,****,****,****,,否,否,	,	,	,否,	,	,	,	,	,	,	,	,	,	,	,	,否,否,	,否,	,,	,否,	,否,,,否
【重磅新品】云米净水器600G小海豚升级版厨下式RO反渗透直饮家用,251111-414732849500326,已取消,1	,正常,	,	,,	,	,225501370546	,【24年新品】600G升级版6年长效,1600502140541	,厨房电器,净水器/净水设备及配件耗材,净水器,	,6923185653684	,6923185616399	,	,	,无售后或售后取消,,	,	,,,,,,,否,否,	,否,	,,559.0	,0.0	,10.0	,0.0	,0.0	,0.0	,0.0	,0.0	,549.0	,549.0	,	,	,****,****,****,****,,否,否,	,	,	,否,	,	,	,	,	,	,	,	,	,	,	,	,否,否,	,否,	,,	,否,	,否,,,否
【重磅新品】云米净水器600G小海豚升级版厨下式RO反渗透直饮家用,251111-573969611123116,已发货，待收货,1	,正常,2025-11-11 12:53:12,2025-11-12 12:53:12,,2025-11-11 16:01:14,	,225501370546	,【24年新品】600G升级版6年长效,1600502140541	,厨房电器,净水器/净水设备及配件耗材,净水器,	,6923185653684	,6923185616399	,	,	,无售后或售后取消,,2025-11-11 12:53:12,	,,,,,,,否,否,	,否,	,,559.0	,0.0	,10.0	,0.0	,0.0	,0.0	,0.0	,0.0	,549.0	,549.0	,JDV023997735249,京东大件物流,辽宁省,鞍山市,立山区,,,否,否,	,	,	,否,	,	,	,	,	,	,	,	,	,	,	,	,否,否,	,否,否,,	,否,	,否,,,否
云米净水器滤芯小蓝调小海豚600G+专用复合滤芯RO反渗透滤芯过滤,251111-332818050621446,已发货，待收货,1	,正常,2025-11-11 12:49:57,2025-11-12 12:49:58,,2025-11-11 16:20:51,	,296967601341	,5in1复合滤芯 2年长效,1600193054565	,厨房电器,净水器/净水设备及配件耗材,净水器配件耗材,	,6923185627425	,	,后返到手价99,	,无售后或售后取消,,2025-11-11 12:49:58,	,,,,,,,否,否,	,否,	,,299.0	,0.0	,0.0	,0.0	,0.0	,0.0	,0.0	,0.0	,299.0	,299.0	,JDV023994807494,京东配送,河北省,唐山市,乐亭县,,,否,否,	,	,	,否,	,	,	,	,	,	,	,	,	,	,	,	,否,否,	,否,否,,	,否,	,否,,,否
【重磅新品】云米净水器600G小海豚升级版厨下式RO反渗透直饮家用,251111-202930941501446,已发货，待收货,1	,正常,2025-11-11 12:48:54,2025-11-12 12:48:55,,2025-11-11 16:01:16,	,225501370546	,【24年新品】600G升级版6年长效,1600502140541	,厨房电器,净水器/净水设备及配件耗材,净水器,	,6923185653684	,6923185616399	,	,	,无售后或售后取消,,2025-11-11 12:48:55,	,,,,,,,否,否,	,否,	,,559.0	,0.0	,10.0	,6.0	,0.0	,0.0	,0.0	,0.0	,543.0	,549.0	,JDV023997788374,京东大件物流,河北省,唐山市,乐亭县,,,否,否,	,	,	,否,	,	,	,	,	,	,	,	,	,	,	,	,否,否,	,否,否,,	,否,	,否,,,否
【重磅新品】云米净水器600G小海豚升级版厨下式RO反渗透直饮家用,251111-128020661783336,已取消,1	,正常,	,	,,	,	,225501370546	,【24年新品】600G升级版6年长效,1600502140541	,厨房电器,净水器/净水设备及配件耗材,净水器,	,6923185653684	,6923185616399	,	,	,无售后或售后取消,,	,	,,,,,,,否,否,	,否,	,,559.0	,0.0	,10.0	,0.0	,0.0	,0.0	,0.0	,0.0	,549.0	,549.0	,	,	,****,****,****,****,,否,否,	,	,	,否,	,	,	,	,	,	,	,	,	,	,	,	,否,否,	,否,	,,	,否,	,否,,,否
【重磅新品】云米净水器600G小海豚升级版厨下式RO反渗透直饮家用,251111-520366375221571,已发货，待收货,1	,正常,2025-11-11 12:48:57,2025-11-12 12:48:57,,2025-11-11 16:01:16,	,225501370546	,【24年新品】600G升级版6年长效,1600502140541	,厨房电器,净水器/净水设备及配件耗材,净水器,	,6923185653684	,6923185616399	,	,	,无售后或售后取消,,2025-11-11 12:48:57,	,,,,,,,否,否,	,否,	,,559.0	,0.0	,10.0	,0.0	,1.09	,0.0	,0.0	,0.0	,549.0	,549.0	,JDV023997768224,京东大件物流,内蒙古自治区,包头市,土默特右旗,,,否,否,	,	,	,否,	,	,	,	,	,	,	,	,	,	,	,	,否,否,	,否,否,,	,否,	,否,,,否
云米净水器滤芯小蓝调小海豚600G+专用复合滤芯RO反渗透滤芯过滤,251111-669306110250863,已发货，待收货,1	,正常,2025-11-11 12:46:24,2025-11-12 12:46:25,,2025-11-11 19:09:28,	,296967601341	,5in1复合滤芯 2年长效,1600193054565	,厨房电器,净水器/净水设备及配件耗材,净水器配件耗材,	,6923185627425	,	,	,	,无售后或售后取消,,2025-11-11 12:46:25,	,,,,,,,否,否,	,否,	,,299.0	,0.0	,0.0	,0.0	,0.2	,0.0	,0.0	,0.0	,299.0	,299.0	,JDV023993933523,京东配送,四川省,成都市,高新西区,,,否,否,	,	,	,否,	,	,	,	,	,	,	,	,	,	,	,	,否,否,	,否,否,,	,否,	,否,,,否
【重磅新品】云米净水器600G小海豚升级版厨下式RO反渗透直饮家用,251111-513781276282943,已发货，待收货,1	,正常,2025-11-11 12:46:06,2025-11-12 12:46:07,,2025-11-11 16:01:14,	,225501370546	,【24年新品】600G升级版6年长效,1600502140541	,厨房电器,净水器/净水设备及配件耗材,净水器,	,6923185653684	,6923185616399	,	,	,无售后或售后取消,,2025-11-11 12:46:07,	,,,,,,,否,否,	,否,	,,559.0	,0.0	,10.0	,54.9	,0.2	,0.0	,0.0	,0.0	,494.1	,549.0	,JDV023997742117,京东大件物流,河南省,南阳市,新野县,,,否,否,	,	,	,否,	,	,	,	,	,	,	,	,	,	,	,	,否,否,	,否,否,,	,否,	,否,,,否
【重磅新品】云米净水器600G小海豚升级版厨下式RO反渗透直饮家用,251111-130275162463794,未发货，退款成功,1	,正常,2025-11-11 12:44:02,2025-11-12 12:44:02,,	,	,225501370546	,【24年新品】600G升级版6年长效,1600502140541	,厨房电器,净水器/净水设备及配件耗材,净水器,	,6923185653684	,6923185616399	,聚水潭已取消发货，仅退款  诚11.11,	,退款成功,,2025-11-11 12:44:02,	,,,,,,,否,否,	,否,	,,559.0	,0.0	,10.0	,0.0	,0.0	,0.0	,0.0	,0.0	,549.0	,549.0	,	,	,湖南省,衡阳市,常宁市,,,否,否,	,	,	,否,	,	,	,	,	,	,	,	,	,	,	,	,否,否,	,否,否,,	,否,	,否,,,否
【重磅新品】云米净水器600G小海豚升级版厨下式RO反渗透直饮家用,251111-456550070570863,已发货，待收货,1	,正常,2025-11-11 12:45:02,2025-11-12 12:45:02,,2025-11-11 17:52:02,	,225501370546	,【24年新品】600G升级版6年长效,1600502140541	,厨房电器,净水器/净水设备及配件耗材,净水器,	,6923185653684	,6923185616399	,	,	,无售后或售后取消,,2025-11-11 12:45:02,	,,,,,,,否,否,	,否,	,,559.0	,0.0	,10.0	,0.0	,1.09	,0.0	,0.0	,0.0	,549.0	,549.0	,JDV023997757433,京东大件物流,四川省,成都市,郫都区,,,否,否,	,	,	,否,	,	,	,	,	,	,	,	,	,	,	,	,否,否,	,否,否,,	,否,	,否,,,否
【重磅新品】云米净水器600G小海豚升级版厨下式RO反渗透直饮家用,251111-283797143912536,未发货，退款成功,1	,正常,2025-11-11 12:43:33,2025-11-12 12:43:33,,	,	,225501370546	,【24年新品】600G升级版6年长效,1600502140541	,厨房电器,净水器/净水设备及配件耗材,净水器,	,6923185653684	,6923185616399	,聚水潭已取消发货，仅退款  诚11.11,	,退款成功,,2025-11-11 12:43:33,	,,,,,,,否,否,	,否,	,,559.0	,0.0	,10.0	,0.0	,0.0	,0.0	,0.0	,0.0	,549.0	,549.0	,	,	,广东省,中山市,三角镇,,,否,否,	,	,	,否,	,	,	,	,	,	,	,	,	,	,	,	,否,否,	,否,否,,	,否,	,否,,,否
VIOMI云米净水器1000G厨下直饮小体积净水机RO机智显龙头3秒满杯,251111-336446144872260,已发货，待收货,1	,正常,2025-11-11 12:46:59,2025-11-12 12:46:59,,2025-11-11 16:17:54,	,309517106373	,复合滤芯,1803020722098	,厨房电器,净水器/净水设备及配件耗材,净水器,	,6923185653998	,	,后返到手价99,	,无售后或售后取消,,2025-11-11 12:46:59,	,,,,,,,否,否,	,否,	,,299.0	,0.0	,0.0	,0.0	,0.0	,0.0	,0.0	,0.0	,299.0	,299.0	,JDV023994228858,京东配送,广东省,广州市,番禺区,,,否,否,	,	,	,否,	,	,	,	,	,	,	,	,	,	,	,	,否,否,	,否,否,,	,否,	,否,,,否
VIOMI云米净水器大通量小海豚800G反渗透RO厨下式家用长效滤芯,251111-507762522493311,已发货，待收货,1	,正常,2025-11-11 12:42:55,2025-11-12 12:42:55,,2025-11-11 16:35:57,	,837957770723	,800G大通量纯水机,1809123722986	,厨房电器,净水器/净水设备及配件耗材,净水器配件耗材,	,6923185653974	,	,	,	,无售后或售后取消,,2025-11-11 12:42:55,	,,,,,,,否,否,	,否,	,,882.9	,0.0	,177.0	,100.0	,3.02	,0.0	,0.0	,0.0	,605.9	,705.9	,JDV023997712874,京东配送,上海市,上海市,青浦区,,,否,否,	,	,	,否,	,	,	,	,	,	,	,	,	,	,	,	,否,否,	,否,否,,	,否,	,否,,,否
【重磅新品】云米净水器600G小海豚升级版厨下式RO反渗透直饮家用,251111-157013850511410,未发货，退款成功,1	,正常,2025-11-11 12:40:38,2025-11-12 12:40:38,,	,	,225501370546	,【24年新品】600G升级版6年长效,1600502140541	,厨房电器,净水器/净水设备及配件耗材,净水器,	,6923185653684	,6923185616399	,聚水潭已取消发货  已退款  11.11,	,退款成功,,2025-11-11 12:40:38,	,,,,,,,否,否,	,否,	,,559.0	,0.0	,0.0	,0.0	,1.11	,0.0	,0.0	,0.0	,559.0	,559.0	,	,	,湖南省,长沙市,雨花区,,,否,否,	,	,	,否,	,	,	,	,	,	,	,	,	,	,	,	,否,否,	,否,否,,	,否,	,否,,,否
【重磅新品】云米净水器600G小海豚升级版厨下式RO反渗透直饮家用,251111-555797747261446,已取消,1	,正常,	,	,,	,	,225501370546	,【24年新品】600G升级版6年长效,1600502140541	,厨房电器,净水器/净水设备及配件耗材,净水器,	,6923185653684	,6923185616399	,	,	,无售后或售后取消,,	,	,,,,,,,否,否,	,否,	,,559.0	,0.0	,10.0	,6.0	,0.0	,0.0	,0.0	,0.0	,543.0	,549.0	,	,	,****,****,****,****,,否,否,	,	,	,否,	,	,	,	,	,	,	,	,	,	,	,	,否,否,	,否,	,,	,否,	,否,,,否
【重磅新品】云米净水器600G小海豚升级版厨下式RO反渗透直饮家用,251111-541495202112733,已发货，待收货,1	,正常,2025-11-11 12:39:01,2025-11-12 12:39:01,,2025-11-11 17:52:01,	,225501370546	,【24年新品】600G升级版6年长效,1600502140541	,厨房电器,净水器/净水设备及配件耗材,净水器,	,6923185653684	,6923185616399	,	,	,无售后或售后取消,,2025-11-11 12:39:01,	,,,,,,,否,否,	,否,	,,559.0	,0.0	,10.0	,0.0	,0.2	,0.0	,0.0	,0.0	,549.0	,549.0	,JDV023997720804,京东大件物流,江西省,吉安市,吉水县,,,否,否,	,	,	,否,	,	,	,	,	,	,	,	,	,	,	,	,否,否,	,否,否,,	,否,	,否,,,否
VIOMI云米净水器1000G厨下直饮小体积净水机RO机智显龙头3秒满杯,251111-513445783912260,已发货，待收货,1	,正常,2025-11-11 12:39:08,2025-11-12 12:39:08,,2025-11-11 17:52:01,	,842195971715	,1000G大通量RO净水器,1803617356458	,厨房电器,净水器/净水设备及配件耗材,净水器,	,6923185654247	,	,	,	,无售后或售后取消,,2025-11-11 12:39:08,	,,,,,,,否,否,	,否,	,,823.0	,0.0	,24.0	,0.0	,0.0	,0.0	,0.0	,0.0	,799.0	,799.0	,JDV023997722928,京东大件物流,广东省,广州市,番禺区,,,否,否,	,	,	,否,	,	,	,	,	,	,	,	,	,	,	,	,否,否,	,否,否,,	,否,	,否,,,否
【重磅新品】云米净水器600G小海豚升级版厨下式RO反渗透直饮家用,251111-564700178751488,已发货，待收货,1	,正常,2025-11-11 12:37:34,2025-11-12 12:37:35,,2025-11-11 17:52:01,	,225501370546	,【24年新品】600G升级版6年长效,1600502140541	,厨房电器,净水器/净水设备及配件耗材,净水器,	,6923185653684	,6923185616399	,	,	,无售后或售后取消,,2025-11-11 12:37:35,	,,,,,,,否,否,	,否,	,,559.0	,0.0	,10.0	,0.0	,0.0	,0.0	,0.0	,0.0	,549.0	,549.0	,JDV023997760467,京东大件物流,广东省,汕尾市,城区,,,否,否,	,	,	,否,	,	,	,	,	,	,	,	,	,	,	,	,否,否,	,否,是,3	,商家,否,	,否,,花呗分期,否
【重磅新品】云米净水器600G小海豚升级版厨下式RO反渗透直饮家用,251111-485637527071583,未发货，退款成功,1	,正常,2025-11-11 12:34:08,2025-12-12 12:34:08,,	,	,225501370546	,【24年新品】600G升级版6年长效,1600502140541	,厨房电器,净水器/净水设备及配件耗材,净水器,	,6923185653684	,6923185616399	,聚水潭已取消发货，仅退款  诚11.11,延迟发货,退款成功,,2025-11-11 12:34:08,	,,,,,,,否,否,	,否,	,,559.0	,0.0	,10.0	,54.9	,0.0	,0.0	,0.0	,0.0	,494.1	,549.0	,	,	,黑龙江省,鹤岗市,南山区,,,否,否,	,	,	,否,	,	,	,	,	,	,	,	,	,	,	,	,否,否,	,否,否,,	,否,	,否,,,否
【重磅新品】云米净水器600G小海豚升级版厨下式RO反渗透直饮家用,251111-305701885520578,已取消,1	,正常,	,	,,	,	,225501370546	,【24年新品】600G升级版6年长效,1600502140541	,厨房电器,净水器/净水设备及配件耗材,净水器,	,6923185653684	,6923185616399	,	,	,无售后或售后取消,,	,	,,,,,,,否,否,	,否,	,,559.0	,0.0	,10.0	,0.0	,0.0	,0.0	,0.0	,0.0	,549.0	,549.0	,	,	,****,****,****,****,,否,否,	,	,	,否,	,	,	,	,	,	,	,	,	,	,	,	,否,否,	,否,	,,	,否,	,否,,,否
【重磅新品】云米净水器600G小海豚升级版厨下式RO反渗透直饮家用,251111-273154107720019,已发货，待收货,1	,正常,2025-11-11 12:34:09,2025-11-12 12:34:10,,2025-11-11 17:52:01,	,225501370546	,【24年新品】600G升级版6年长效,1600502140541	,厨房电器,净水器/净水设备及配件耗材,净水器,	,6923185653684	,6923185616399	,	,	,无售后或售后取消,,2025-11-11 12:34:10,	,,,,,,,否,否,	,否,	,,559.0	,0.0	,10.0	,0.0	,0.0	,0.0	,0.0	,0.0	,549.0	,549.0	,JDV024001751331,京东大件物流,河北省,省直辖县级行政区划,辛集市,,,否,否,	,	,	,否,	,	,	,	,	,	,	,	,	,	,	,	,否,否,	,否,否,,	,否,	,否,,,否
VIOMI云米净水器大通量小海豚800G反渗透RO厨下式家用长效滤芯,251111-279298741761288,已取消,1	,正常,	,	,,	,	,850333437206	,竹炭复合商品滤芯,1810726753549	,厨房电器,净水器/净水设备及配件耗材,净水器,	,6923185654193	,	,	,	,无售后或售后取消,,	,	,,,,,,,否,否,	,否,	,,299.0	,0.0	,0.0	,0.0	,0.0	,0.0	,0.0	,0.0	,299.0	,299.0	,	,	,****,****,****,****,,否,否,	,	,	,否,	,	,	,	,	,	,	,	,	,	,	,	,否,否,	,否,	,,	,否,	,否,,,否
【重磅新品】云米净水器600G小海豚升级版厨下式RO反渗透直饮家用,251111-488930077073927,已发货，待收货,1	,正常,2025-11-11 12:32:44,2025-11-12 12:32:44,,2025-11-11 16:01:16,	,225501370546	,【24年新品】600G升级版6年长效,1600502140541	,厨房电器,净水器/净水设备及配件耗材,净水器,	,6923185653684	,6923185616399	,	,	,无售后或售后取消,,2025-11-11 12:32:44,	,,,,,,,否,否,	,否,	,,559.0	,0.0	,0.0	,55.9	,0.0	,0.0	,0.0	,0.0	,503.1	,559.0	,JDV023997737202,京东大件物流,吉林省,长春市,双阳区,,,否,否,	,	,	,否,	,	,	,	,	,	,	,	,	,	,	,	,否,否,	,否,否,,	,否,	,否,,,否
VIOMI云米净水器大通量小海豚800G反渗透RO厨下式家用长效滤芯,251111-371426608641288,未发货，退款成功,1	,正常,2025-11-11 12:29:11,2025-11-12 12:29:11,,	,	,837957770723	,800G大通量纯水机,1809123722986	,厨房电器,净水器/净水设备及配件耗材,净水器配件耗材,	,6923185653974	,	,聚水潭已取消发货，仅退款  诚11.11,	,退款成功,,2025-11-11 12:29:11,	,,,,,,,否,否,	,否,	,,882.9	,0.0	,177.0	,100.0	,1.21	,0.0	,0.0	,0.0	,605.9	,705.9	,	,	,黑龙江省,哈尔滨市,南岗区,,,否,否,	,	,	,否,	,	,	,	,	,	,	,	,	,	,	,	,否,否,	,否,否,,	,否,	,否,,,否
VIOMI云米净水器1000G厨下直饮小体积净水机RO机智显龙头3秒满杯,251111-291294420610719,已取消,1	,正常,	,	,,	,	,842195971715	,1000G大通量RO净水器,1803617356458	,厨房电器,净水器/净水设备及配件耗材,净水器,	,6923185654247	,	,	,	,无售后或售后取消,,	,	,,,,,,,否,否,	,否,	,,823.0	,0.0	,24.0	,79.9	,0.0	,0.0	,0.0	,0.0	,719.1	,799.0	,	,	,****,****,****,****,,否,否,	,	,	,否,	,	,	,	,	,	,	,	,	,	,	,	,否,否,	,否,	,,	,否,	,否,,,否
Viomi云米净水器1000G厨下式RO反渗透直饮过滤器净饮小海豚2,251111-385718731051735,已发货，待收货,1	,正常,2025-11-11 12:26:03,2025-11-12 12:26:03,,2025-11-11 17:52:01,	,205458105137	,小海豚2包安装1000G大加仑,1802849942800	,厨房电器,净水器/净水设备及配件耗材,净水器,	,6923185654865	,	,	,	,无售后或售后取消,,2025-11-11 12:26:03,	,,,,,,,否,否,	,否,	,,863.0	,0.0	,0.0	,0.0	,15.0	,0.0	,0.0	,0.0	,863.0	,863.0	,JDV023997752978,京东大件物流,江西省,吉安市,吉州区,,,否,否,	,	,	,否,	,	,	,	,	,	,	,	,	,	,	,	,否,否,	,否,否,,	,否,	,否,,,否
VIOMI云米净水器1000G厨下直饮小体积净水机RO机智显龙头3秒满杯,251111-481401280003151,已发货，待收货,1	,正常,2025-11-11 12:26:13,2025-11-12 12:26:13,,2025-11-11 17:52:02,	,842195971715	,1000G大通量RO净水器,1803617356458	,厨房电器,净水器/净水设备及配件耗材,净水器,	,6923185654247	,	,	,	,无售后或售后取消,,2025-11-11 12:26:13,	,,,,,,,否,否,	,否,	,,823.0	,0.0	,24.0	,79.9	,15.0	,0.0	,0.0	,0.0	,719.1	,799.0	,JDV023997744490,京东大件物流,福建省,厦门市,湖里区,,,否,否,	,	,	,否,	,	,	,	,	,	,	,	,	,	,	,	,否,否,	,否,否,,	,否,	,否,,,否
云米即热净水器厨房家用直饮RO反渗透加热净饮一体机1000G,251111-651008448123179,已发货，待收货,1	,正常,2025-11-11 12:24:39,2025-11-12 12:24:39,,2025-11-11 16:41:59,	,846360072018	,即热直饮 1000G大通量,1807240839093	,厨房电器,净水器/净水设备及配件耗材,净水器,	,6923185651116	,6923185651116	,后返到手价1295,	,无售后或售后取消,,2025-11-11 12:24:39,	,,,,,,,否,否,	,否,	,,1498.0	,0.0	,0.0	,100.0	,2.79	,0.0	,0.0	,0.0	,1398.0	,1498.0	,JDV023997821199,京东配送,河北省,承德市,平泉市,,,否,否,	,	,	,否,	,	,	,	,	,	,	,	,	,	,	,	,否,否,	,否,否,,	,否,	,否,,,否
云米电热水器家用洗澡租房储水式速热抑菌节能省电卫生间40/60升,251111-082900468011198,已发货，待收货,1	,正常,2025-11-11 12:24:38,2025-11-12 12:24:38,,2025-11-11 22:37:08,	,227645754240	,"速热抑菌洗-40L,全国联保送货上门安装8年质保",1645458252843	,大家电,热水器,电热水器,	,6923185681281	,	,	,	,无售后或售后取消,,2025-11-11 12:24:38,	,,,,,,,否,否,	,否,	,,379.0	,0.0	,0.0	,18.95	,0.0	,0.0	,0.0	,0.0	,360.05	,379.0	,JDLD12899006743,京东大件物流,浙江省,嘉兴市,秀洲区,,,否,否,	,	,	,否,	,	,	,	,	,	,	,	,	,	,	,	,否,否,	,否,否,,	,否,	,否,,,否
VIOMI云米净水器1000G厨下直饮小体积净水机RO机智显龙头3秒满杯,251111-668655961690100,未发货，退款成功,1	,正常,2025-11-11 12:20:10,2025-11-12 12:20:10,,	,	,842195971715	,1000G大通量RO净水器,1803617356458	,厨房电器,净水器/净水设备及配件耗材,净水器,	,6923185654247	,	,聚水潭已取消发货  已退款  11.11,	,退款成功,,2025-11-11 12:20:10,	,,,,,,,否,否,	,否,	,,823.0	,0.0	,24.0	,0.0	,0.0	,0.0	,0.0	,0.0	,799.0	,799.0	,	,	,河南省,驻马店市,西平县,,,否,否,	,	,	,否,	,	,	,	,	,	,	,	,	,	,	,	,否,否,	,否,否,,	,否,	,否,,,否
云米60升AI速热高温抑菌电热水器3000W一级节能变频增容家用租房,251111-534039795270572,已取消,1	,正常,	,	,,	,	,226368376224	,3000W速热安全60L热水器,1737176648260	,大家电,热水器,电热水器,	,6923185602224	,6923185602224	,	,	,无售后或售后取消,,	,	,,,,,,,否,否,	,否,	,,610.0	,0.0	,0.0	,0.0	,0.0	,0.0	,0.0	,0.0	,610.0	,610.0	,	,	,****,****,****,****,,否,否,	,	,	,否,	,	,	,	,	,	,	,	,	,	,	,	,否,否,	,否,	,,	,否,	,否,,,否
【母婴直饮】云米净水器 SE 600G+ 新升级厨下式RO反渗透直饮家用,251111-151645079050571,已发货，待收货,1	,正常,2025-11-11 12:13:17,2025-11-12 12:13:17,,2025-11-11 16:33:01,	,819506595979	,【24年新品】600G升级版6年长效,1787046011387	,厨房电器,净水器/净水设备及配件耗材,净水器,	,6923185653684	,6923185616399	,	,	,无售后或售后取消,,2025-11-11 12:13:17,	,,,,,,,否,否,	,否,	,,748.0	,0.0	,139.6	,50.0	,0.0	,0.0	,0.0	,0.0	,558.4	,608.4	,JDV023997839729,京东配送,湖北省,宜昌市,枝江市,,,否,否,	,	,	,否,	,	,	,	,	,	,	,	,	,	,	,	,否,否,	,否,否,,	,否,	,否,,,否
【重磅新品】云米净水器600G小海豚升级版厨下式RO反渗透直饮家用,251111-417931006241623,已取消,1	,正常,	,	,,	,	,225501370546	,【24年新品】600G升级版6年长效,1600502140541	,厨房电器,净水器/净水设备及配件耗材,净水器,	,6923185653684	,6923185616399	,	,	,无售后或售后取消,,	,	,,,,,,,否,否,	,否,	,,559.0	,0.0	,0.0	,55.9	,0.0	,0.0	,0.0	,0.0	,503.1	,559.0	,	,	,****,****,****,****,,否,否,	,	,	,否,	,	,	,	,	,	,	,	,	,	,	,	,否,否,	,否,	,,	,否,	,否,,,否
VIOMI云米净水器600G小蓝调厨下式RO反渗透直饮家用6年长效,251111-071995235920578,已取消,1	,正常,	,	,,	,	,850883552953	,RO反渗透除去重金属,1811278299045	,厨房电器,净水器/净水设备及配件耗材,净水器,	,6923185653592	,6923185653592	,	,	,无售后或售后取消,,	,	,,,,,,,否,否,	,否,	,,615.0	,0.0	,0.0	,45.0	,0.0	,0.0	,0.0	,0.0	,570.0	,615.0	,	,	,****,****,****,****,,否,否,	,	,	,否,	,	,	,	,	,	,	,	,	,	,	,	,否,否,	,否,	,,	,否,	,否,,,否
云米净水器滤芯小蓝调小海豚600G+专用复合滤芯RO反渗透滤芯过滤,251111-431174510963953,已发货，待收货,1	,正常,2025-11-11 12:07:58,2025-11-12 12:07:58,,2025-11-11 16:20:54,	,296967601341	,5in1复合滤芯 2年长效,1600193054565	,厨房电器,净水器/净水设备及配件耗材,净水器配件耗材,	,6923185627425	,	,	,	,无售后或售后取消,,2025-11-11 12:07:58,	,,,,,,,否,否,	,否,	,,299.0	,0.0	,0.0	,0.0	,0.0	,0.0	,0.0	,0.0	,299.0	,299.0	,JDV023994193730,京东配送,内蒙古自治区,呼和浩特市,玉泉区,,,否,否,	,	,	,否,	,	,	,	,	,	,	,	,	,	,	,	,否,否,	,否,否,,	,否,	,否,,,否
VIOMI云米净水器600G小蓝调厨下式RO反渗透直饮家用6年长效,251111-184098548122902,已取消,1	,正常,	,	,,	,	,850883552953	,RO反渗透除去重金属,1811278299045	,厨房电器,净水器/净水设备及配件耗材,净水器,	,6923185653592	,6923185653592	,	,	,无售后或售后取消,,	,	,,,,,,,否,否,	,否,	,,615.0	,0.0	,0.0	,0.0	,0.0	,0.0	,0.0	,0.0	,615.0	,615.0	,	,	,****,****,****,****,,否,否,	,	,	,否,	,	,	,	,	,	,	,	,	,	,	,	,否,否,	,否,	,,	,否,	,否,,,否
【重磅新品】云米净水器600G小海豚升级版厨下式RO反渗透直饮家用,251111-606014062963953,已发货，待收货,1	,正常,2025-11-11 12:04:27,2025-11-12 12:04:27,,2025-11-11 16:01:15,	,225501370546	,【24年新品】600G升级版6年长效,1600502140541	,厨房电器,净水器/净水设备及配件耗材,净水器,	,6923185653684	,6923185616399	,	,	,无售后或售后取消,,2025-11-11 12:04:27,	,,,,,,,否,否,	,否,	,,559.0	,0.0	,0.0	,30.0	,0.0	,0.0	,0.0	,0.0	,529.0	,559.0	,JDV023997691570,京东大件物流,内蒙古自治区,呼和浩特市,玉泉区,,,否,否,	,	,	,否,	,	,	,	,	,	,	,	,	,	,	,	,否,否,	,否,否,,	,否,	,否,,,否
【重磅新品】云米净水器600G小海豚升级版厨下式RO反渗透直饮家用,251111-219037090233615,已发货，待收货,1	,正常,2025-11-11 12:04:01,2025-11-12 12:04:01,,2025-11-11 16:01:14,	,225501370546	,【24年新品】600G升级版6年长效,1600502140541	,厨房电器,净水器/净水设备及配件耗材,净水器,	,6923185653684	,6923185616399	,	,	,无售后或售后取消,,2025-11-11 12:04:01,	,,,,,,,否,否,	,否,	,,559.0	,0.0	,0.0	,0.0	,0.0	,0.0	,0.0	,0.0	,559.0	,559.0	,JDV023998120396,京东大件物流,河南省,新乡市,红旗区,,,否,否,	,	,	,否,	,	,	,	,	,	,	,	,	,	,	,	,否,否,	,否,否,,	,否,	,否,,,否
VIOMI云米净水器1000G厨下直饮小体积净水机RO机智显龙头3秒满杯,251111-289365050901493,已发货，待收货,1	,正常,2025-11-11 12:03:42,2025-11-12 12:03:42,,2025-11-11 17:52:01,	,842195971715	,1000G大通量RO净水器,1803617356458	,厨房电器,净水器/净水设备及配件耗材,净水器,	,6923185654247	,	,	,	,无售后或售后取消,,2025-11-11 12:03:42,	,,,,,,,否,否,	,否,	,,823.0	,0.0	,24.0	,0.0	,0.0	,0.0	,0.0	,0.0	,799.0	,799.0	,JDV023997740137,京东大件物流,四川省,绵阳市,梓潼县,,,否,否,	,	,	,否,	,	,	,	,	,	,	,	,	,	,	,	,否,否,	,否,否,,	,否,	,否,,,否
【母婴直饮】云米净水器 SE 600G+ 新升级厨下式RO反渗透直饮家用,251111-220326817284011,已发货，待收货,1	,正常,2025-11-11 12:03:38,2025-11-12 12:03:38,,2025-11-11 15:55:23,	,819506595979	,【24年新品】600G升级版6年长效,1787046011387	,厨房电器,净水器/净水设备及配件耗材,净水器,	,6923185653684	,6923185616399	,	,	,无售后或售后取消,,2025-11-11 12:03:38,	,,,,,,,否,否,	,否,	,,748.0	,0.0	,131.64	,89.76	,0.0	,0.0	,0.0	,0.0	,526.6	,616.36	,JDV023997788401,京东配送,河南省,新乡市,新乡县,,,否,否,	,	,	,否,	,	,	,	,	,	,	,	,	,	,	,	,否,否,	,否,否,,	,否,	,否,,,否
【母婴直饮】云米净水器 SE 600G+ 新升级厨下式RO反渗透直饮家用,251111-524728482182639,已取消,1	,正常,	,	,,	,	,819506595979	,【24年新品】600G升级版6年长效,1787046011387	,厨房电器,净水器/净水设备及配件耗材,净水器,	,6923185653684	,6923185616399	,	,	,无售后或售后取消,,	,	,,,,,,,否,否,	,否,	,,748.0	,0.0	,134.64	,74.8	,0.0	,0.0	,0.0	,0.0	,538.56	,613.36	,	,	,****,****,****,****,,否,否,	,	,	,否,	,	,	,	,	,	,	,	,	,	,	,	,否,否,	,否,	,,	,否,	,否,,,否
VIOMI云米净水器600G小蓝调厨下式RO反渗透直饮家用6年长效,251111-520743851620490,已发货，待收货,1	,正常,2025-11-11 12:00:21,2025-11-12 12:00:21,,2025-11-11 15:58:05,	,850883552953	,RO反渗透除去重金属,1811278299045	,厨房电器,净水器/净水设备及配件耗材,净水器,	,6923185653592	,6923185653592	,	,	,无售后或售后取消,,2025-11-11 12:00:21,	,,,,,,,否,否,	,否,	,,615.0	,0.0	,0.0	,100.0	,15.0	,0.0	,0.0	,0.0	,515.0	,615.0	,JDV023998384428,京东配送,河南省,南阳市,内乡县,,,否,否,	,	,	,否,	,	,	,	,	,	,	,	,	,	,	,	,否,否,	,否,否,,	,否,	,否,,,否
云米净水器滤芯家用小海豚小蓝调小白龙系列专用RO反渗透,251111-201798531472100,已发货，待收货,1	,正常,2025-11-11 11:58:43,2025-11-13 11:58:43,,2025-11-11 16:20:52,	,232467205433	,5in1 复合滤芯,1647394585330	,厨房电器,净水器/净水设备及配件耗材,净水器配件耗材,	,6923185627425	,	,	,	,无售后或售后取消,,2025-11-11 11:58:43,	,,,,,,,否,否,	,否,	,,149.0	,0.0	,0.0	,0.0	,0.0	,0.0	,0.0	,0.0	,149.0	,149.0	,JDV023994240110,京东配送,湖南省,长沙市,望城区,,,否,否,	,	,	,否,	,	,	,	,	,	,	,	,	,	,	,	,否,否,	,否,否,,	,否,	,否,,,否
【购买前须联系客服确认】补收差价专用商品,251111-446588526091742,已收货,30000	,正常,2025-11-11 11:58:28,2025-11-12 11:58:28,,2025-11-11 11:58:39,2025-11-11 11:58:39,322805615497	,	,1061861892357	,虚拟商品,个性定制/设计服务/DIY,个人定制原材料,	,	,	,TP25110303278 [viomi诺诺sk 11/11 11:58],	,无售后或售后取消,,2025-11-11 11:58:28,	,,,,,,,否,否,	,否,	,,300.0	,0.0	,0.0	,0.0	,0.0	,0.0	,0.0	,0.0	,300.0	,300.0	,	,	,	,	,	,,,否,否,	,	,	,否,	,	,	,	,	,	,	,	,	,	,	,	,否,否,	,否,否,,	,否,	,否,,,否
VIOMI云米净水器600G小蓝调厨下式RO反渗透直饮家用6年长效,251111-303363582362902,未发货，退款成功,1	,正常,2025-11-11 11:57:44,2025-12-12 11:57:44,,	,	,850883552953	,RO反渗透除去重金属,1811278299045	,厨房电器,净水器/净水设备及配件耗材,净水器,	,6923185653592	,6923185653592	,聚水潭已取消发货，仅退款  诚11.11,	,退款成功,,2025-11-11 11:57:44,	,,,,,,,否,否,	,否,	,,615.0	,0.0	,0.0	,0.0	,15.0	,0.0	,0.0	,0.0	,615.0	,615.0	,	,	,江苏省,徐州市,鼓楼区,,,否,否,	,	,	,否,	,	,	,	,	,	,	,	,	,	,	,	,否,否,	,否,否,,	,否,	,否,,,否
【重磅新品】云米净水器600G小海豚升级版厨下式RO反渗透直饮家用,251111-389262876300177,已发货，待收货,1	,正常,2025-11-11 11:56:58,2025-11-12 11:56:58,,2025-11-11 16:01:16,	,225501370546	,【24年新品】600G升级版6年长效,1600502140541	,厨房电器,净水器/净水设备及配件耗材,净水器,	,6923185653684	,6923185616399	,	,	,无售后或售后取消,,2025-11-11 11:56:58,	,,,,,,,否,否,	,否,	,,559.0	,0.0	,0.0	,0.0	,2.0	,0.0	,0.0	,0.0	,559.0	,559.0	,JDV023997799991,京东大件物流,山东省,日照市,岚山区,,,否,否,	,	,	,否,	,	,	,	,	,	,	,	,	,	,	,	,否,否,	,否,否,,	,否,	,否,,,否
【购买前须联系客服确认】补收差价专用商品,251111-591952627300563,已收货,30000	,正常,2025-11-11 11:54:05,2025-11-12 11:54:05,,2025-11-11 11:54:15,2025-11-11 11:54:15,322805615497	,	,1061861892357	,虚拟商品,个性定制/设计服务/DIY,个人定制原材料,	,	,	,TP25111003915 [viomi诺诺sk 11/11 11:55]CJ2511110265774待拆机，HH2C525697966，新换货订单号：35142233226 [viomi诺诺sk 11/11 12:05],	,无售后或售后取消,,2025-11-11 11:54:05,	,,,,,,,否,否,	,否,	,,300.0	,0.0	,0.0	,0.0	,0.0	,0.0	,0.0	,0.0	,300.0	,300.0	,	,	,	,	,	,,,否,否,	,	,	,否,	,	,	,	,	,	,	,	,	,	,	,	,否,否,	,否,否,,	,否,	,否,,,否
VIOMI云米净水器600G小蓝调厨下式RO反渗透直饮家用6年长效,251111-595884797443457,已取消,1	,正常,	,	,,	,	,850883552953	,RO反渗透除去重金属,1811278299045	,厨房电器,净水器/净水设备及配件耗材,净水器,	,6923185653592	,6923185653592	,	,	,无售后或售后取消,,	,	,,,,,,,否,否,	,否,	,,615.0	,0.0	,0.0	,98.4	,0.0	,0.0	,0.0	,0.0	,516.6	,615.0	,	,	,****,****,****,****,,否,否,	,	,	,否,	,	,	,	,	,	,	,	,	,	,	,	,否,否,	,否,	,,	,否,	,否,,,否
【重磅新品】云米净水器600G小海豚升级版厨下式RO反渗透直饮家用,251111-453089769853968,已发货，待收货,1	,正常,2025-11-11 11:53:22,2025-11-12 11:53:23,,2025-11-11 17:52:00,	,225501370546	,【24年新品】600G升级版6年长效,1600502140541	,厨房电器,净水器/净水设备及配件耗材,净水器,	,6923185653684	,6923185616399	,	,	,无售后或售后取消,,2025-11-11 11:53:23,	,,,,,,,否,否,	,否,	,,559.0	,0.0	,0.0	,0.0	,0.0	,0.0	,0.0	,0.0	,559.0	,559.0	,JDV023998279119,京东大件物流,广东省,东莞市,长安镇,,,否,否,	,	,	,否,	,	,	,	,	,	,	,	,	,	,	,	,否,否,	,否,否,,	,否,	,否,,,否
【重磅新品】云米净水器600G小海豚升级版厨下式RO反渗透直饮家用,251111-641078454680073,未发货，退款成功,1	,正常,2025-11-11 11:52:56,2025-11-12 11:52:56,,	,	,225501370546	,【24年新品】600G升级版6年长效,1600502140541	,厨房电器,净水器/净水设备及配件耗材,净水器,	,6923185653684	,6923185616399	,聚水潭已取消发货，仅退款  诚11.11,	,退款成功,,2025-11-11 11:52:56,	,,,,,,,否,否,	,否,	,,559.0	,0.0	,0.0	,55.9	,5.0	,0.0	,0.0	,0.0	,503.1	,559.0	,	,	,四川省,广安市,武胜县,,,否,否,	,	,	,否,	,	,	,	,	,	,	,	,	,	,	,	,否,否,	,否,否,,	,否,	,否,,,否
【重磅新品】云米净水器600G小海豚升级版厨下式RO反渗透直饮家用,251111-572501604741226,已发货，待收货,1	,正常,2025-11-11 11:52:25,2025-11-12 11:52:25,,2025-11-11 17:52:01,	,225501370546	,【24年新品】600G升级版6年长效,1600502140541	,厨房电器,净水器/净水设备及配件耗材,净水器,	,6923185653684	,6923185616399	,	,	,无售后或售后取消,,2025-11-11 11:52:25,	,,,,,,,否,否,	,否,	,,559.0	,0.0	,0.0	,0.0	,0.0	,0.0	,0.0	,0.0	,559.0	,559.0	,JDV023997839611,京东大件物流,青海省,西宁市,城中区,,,否,否,	,	,	,否,	,	,	,	,	,	,	,	,	,	,	,	,否,否,	,否,否,,	,否,	,否,,,否
【重磅新品】云米净水器600G小海豚升级版厨下式RO反渗透直饮家用,251111-077699520023628,已发货，待收货,1	,正常,2025-11-11 11:50:00,2025-11-12 11:50:00,,2025-11-11 17:52:01,	,225501370546	,【24年新品】600G升级版6年长效,1600502140541	,厨房电器,净水器/净水设备及配件耗材,净水器,	,6923185653684	,6923185616399	,	,	,无售后或售后取消,,2025-11-11 11:50:00,	,,,,,,,否,否,	,否,	,,559.0	,0.0	,0.0	,0.0	,0.0	,0.0	,0.0	,0.0	,559.0	,559.0	,JDV023997720983,京东大件物流,重庆市,重庆市,大渡口区,,,否,否,	,	,	,否,	,	,	,	,	,	,	,	,	,	,	,	,否,否,	,否,否,,	,否,	,否,,,否
【母婴直饮】云米净水器 SE 600G+ 新升级厨下式RO反渗透直饮家用,251111-648366057783527,已取消,1	,正常,	,	,,	,	,819506595979	,【24年新品】600G升级版6年长效,1787046011387	,厨房电器,净水器/净水设备及配件耗材,净水器,	,6923185653684	,6923185616399	,	,	,无售后或售后取消,,	,	,,,,,,,否,否,	,否,	,,748.0	,0.0	,129.6	,100.0	,0.0	,0.0	,0.0	,0.0	,518.4	,618.4	,	,	,****,****,****,****,,否,否,	,	,	,否,	,	,	,	,	,	,	,	,	,	,	,	,否,否,	,否,	,,	,否,	,否,,,否
云米智能AI门锁3D指纹密码蓝牙可连大容量续航家用公寓自动安全,251111-101628035512919,已发货，待收货,1	,正常,2025-11-11 11:47:40,2025-11-12 11:47:40,,2025-11-11 16:23:53,	,743885774552	,"云米蓝调指纹密码锁LBT11C,黑色",1734954999916	,基础建材,智能门锁/电子锁,智能门锁/电子锁,	,6923185655381	,6923185655381	,	,	,无售后或售后取消,,2025-11-11 11:47:40,	,,,,,,,否,否,	,否,	,,661.0	,0.0	,76.0	,24.0	,0.0	,0.0	,0.0	,0.0	,561.0	,585.0	,JDV023997760422,京东配送,吉林省,长春市,汽车产业开发区,,,否,否,	,	,	,否,	,	,	,	,	,	,	,	,	,	,	,	,否,否,	,否,否,,	,否,	,否,,,否
云米净水器滤芯小蓝调小海豚600G+专用复合滤芯RO反渗透滤芯过滤,251111-198935846510797,已发货，待收货,2	,正常,2025-11-11 11:46:10,2025-11-12 11:46:11,,2025-11-11 15:04:49,	,296967601341	,5in1复合滤芯 2年长效,1600193054565	,厨房电器,净水器/净水设备及配件耗材,净水器配件耗材,	,6923185627425	,	,	,	,无售后或售后取消,,2025-11-11 11:46:11,	,,,,,,,否,否,	,否,	,,598.0	,0.0	,5.98	,0.0	,0.0	,0.0	,0.0	,0.0	,592.02	,592.02	,JDV023994177691,京东配送,安徽省,淮南市,田家庵区,,,否,否,	,	,	,否,	,	,	,	,	,	,	,	,	,	,	,	,否,否,	,否,否,,	,否,	,否,,,否
VIOMI云米净水器大通量小海豚800G反渗透RO厨下式家用长效滤芯,251111-076147617390797,已发货，待收货,2	,正常,2025-11-11 11:45:47,2025-11-12 11:45:47,,2025-11-11 16:20:51,	,850333437206	,竹炭复合商品滤芯,1810726753549	,厨房电器,净水器/净水设备及配件耗材,净水器,	,6923185654193	,	,	,	,无售后或售后取消,,2025-11-11 11:45:47,	,,,,,,,否,否,	,否,	,,598.0	,0.0	,29.9	,0.0	,0.0	,0.0	,0.0	,0.0	,568.1	,568.1	,JDV023994232936,京东配送,安徽省,淮南市,田家庵区,,,否,否,	,	,	,否,	,	,	,	,	,	,	,	,	,	,	,	,否,否,	,否,否,,	,否,	,否,,,否
云米16即热零冷水燃气热水器智能低水压双调恒温防冻安全保护速热,251111-633885202062912,已发货，待收货,1	,正常,2025-11-11 11:43:21,2025-11-12 11:43:21,,2025-11-11 19:13:40,	,216845252864	,云米即开即热16L零冷水热水器,1731415907130	,大家电,热水器,燃气热水器,	,6923185611226	,6923185611226	,	,	,无售后或售后取消,,2025-11-11 11:43:21,	,,,,,,,否,否,	,否,	,,933.0	,0.0	,0.0	,20.0	,0.0	,0.0	,0.0	,0.0	,913.0	,933.0	,JDV023997702031,京东配送,甘肃省,天水市,秦州区,,,否,否,	,	,	,否,	,	,	,	,	,	,	,	,	,	,	,	,否,否,	,否,否,,	,否,	,否,,,否
VIOMI云米净水器大通量小海豚800G反渗透RO厨下式家用长效滤芯,251111-564301698561288,已取消,1	,正常,	,	,,	,	,837957770723	,800G大通量纯水机,1809123722986	,厨房电器,净水器/净水设备及配件耗材,净水器配件耗材,	,6923185653974	,	,	,	,无售后或售后取消,,	,	,,,,,,,否,否,	,否,	,,882.9	,0.0	,177.0	,100.0	,0.0	,0.0	,0.0	,0.0	,605.9	,705.9	,	,	,****,****,****,****,,否,否,	,	,	,否,	,	,	,	,	,	,	,	,	,	,	,	,否,否,	,否,	,,	,否,	,否,,,否
【重磅新品】云米净水器600G小海豚升级版厨下式RO反渗透直饮家用,251111-447542802842154,已发货，待收货,1	,正常,2025-11-11 11:41:10,2025-11-12 11:41:10,,2025-11-11 16:01:15,	,225501370546	,【24年新品】600G升级版6年长效,1600502140541	,厨房电器,净水器/净水设备及配件耗材,净水器,	,6923185653684	,6923185616399	,	,	,无售后或售后取消,,2025-11-11 11:41:10,	,,,,,,,否,否,	,否,	,,559.0	,0.0	,0.0	,0.0	,0.0	,0.0	,0.0	,0.0	,559.0	,559.0	,JDV023997742108,京东大件物流,辽宁省,葫芦岛市,龙港区,,,否,否,	,	,	,否,	,	,	,	,	,	,	,	,	,	,	,	,否,否,	,否,否,,	,否,	,否,,,否
【重磅新品】云米净水器600G小海豚升级版厨下式RO反渗透直饮家用,251111-104826202440754,已发货，待收货,1	,正常,2025-11-11 11:40:55,2025-11-12 11:40:55,,2025-11-11 17:52:01,	,225501370546	,【24年新品】600G升级版6年长效,1600502140541	,厨房电器,净水器/净水设备及配件耗材,净水器,	,6923185653684	,6923185616399	,	,	,无售后或售后取消,,2025-11-11 11:40:55,	,,,,,,,否,否,	,否,	,,559.0	,0.0	,0.0	,5.0	,0.0	,0.0	,0.0	,0.0	,554.0	,559.0	,JDV023997770330,京东大件物流,江苏省,苏州市,相城区,,,否,否,	,	,	,否,	,	,	,	,	,	,	,	,	,	,	,	,否,否,	,否,否,,	,否,	,否,,,否
VIOMI云米净水器大通量小海豚800G反渗透RO厨下式家用长效滤芯,251111-033942433390797,已发货，待收货,1	,正常,2025-11-11 11:40:11,2025-11-12 11:40:11,,2025-11-11 16:35:57,	,837957770723	,800G大通量纯水机,1809123722986	,厨房电器,净水器/净水设备及配件耗材,净水器配件耗材,	,6923185653974	,	,	,	,无售后或售后取消,,2025-11-11 11:40:11,	,,,,,,,否,否,	,否,	,,882.9	,0.0	,177.0	,56.47	,0.0	,0.0	,0.0	,0.0	,649.43	,705.9	,JDV023997760745,京东配送,安徽省,淮南市,田家庵区,,,否,否,	,	,	,否,	,	,	,	,	,	,	,	,	,	,	,	,否,否,	,否,否,,	,否,	,否,,,否
【重磅新品】云米净水器600G小海豚升级版厨下式RO反渗透直饮家用,251111-153742231182308,已取消,1	,正常,	,	,,	,	,225501370546	,【24年新品】600G升级版6年长效,1600502140541	,厨房电器,净水器/净水设备及配件耗材,净水器,	,6923185653684	,6923185616399	,	,	,无售后或售后取消,,	,	,,,,,,,否,否,	,否,	,,559.0	,0.0	,0.0	,0.0	,0.0	,0.0	,0.0	,0.0	,559.0	,559.0	,	,	,****,****,****,****,,否,否,	,	,	,否,	,	,	,	,	,	,	,	,	,	,	,	,否,否,	,否,	,,	,否,	,否,,,否
云米小厨宝6L电热水器厨房卫生间出水恒温储水式小型速热神器加热,251111-211749497250065,已取消,1	,正常,	,	,,	,	,208073193570	,热水即刻有-【6L】,1801828025682	,大家电,热水器,厨宝,	,6923185611233	,6923185611233	,	,	,无售后或售后取消,,	,	,,,,,,,否,否,	,否,	,,267.0	,0.0	,14.0	,0.0	,0.0	,0.0	,0.0	,0.0	,253.0	,253.0	,	,	,****,****,****,****,,否,否,	,	,	,否,	,	,	,	,	,	,	,	,	,	,	,	,否,否,	,否,	,,	,否,	,否,,,否
【重磅新品】云米净水器600G小海豚升级版厨下式RO反渗透直饮家用,251111-431950415510972,已发货，待收货,1	,正常,2025-11-11 11:37:08,2025-11-12 11:37:08,,2025-11-11 16:01:15,	,225501370546	,【24年新品】600G升级版6年长效,1600502140541	,厨房电器,净水器/净水设备及配件耗材,净水器,	,6923185653684	,6923185616399	,	,	,无售后或售后取消,,2025-11-11 11:37:08,	,,,,,,,否,否,	,否,	,,559.0	,0.0	,0.0	,0.0	,0.0	,0.0	,0.0	,0.0	,559.0	,559.0	,JDV023997768799,京东大件物流,河南省,濮阳市,华龙区,,,否,否,	,	,	,否,	,	,	,	,	,	,	,	,	,	,	,	,否,否,	,否,否,,	,否,	,否,,,否
云米净水器滤芯小蓝调小海豚600G+专用复合滤芯RO反渗透滤芯过滤,251111-048276467283666,已发货，待收货,2	,正常,2025-11-11 11:32:21,2025-11-12 11:32:21,,2025-11-11 16:20:51,	,296967601341	,5in1复合滤芯 2年长效,1600193054565	,厨房电器,净水器/净水设备及配件耗材,净水器配件耗材,	,6923185627425	,	,后返到手价198,	,无售后或售后取消,,2025-11-11 11:32:21,	,,,,,,,否,否,	,否,	,,598.0	,0.0	,5.98	,0.0	,0.0	,0.0	,0.0	,0.0	,592.02	,592.02	,JDV023994268062,京东配送,河南省,郑州市,中牟县,,,否,否,	,	,	,否,	,	,	,	,	,	,	,	,	,	,	,	,否,否,	,否,否,,	,否,	,否,,,否
云米净水器滤芯小蓝调小海豚600G+专用复合滤芯RO反渗透滤芯过滤,251111-236768520530385,已发货，待收货,1	,正常,2025-11-11 11:30:20,2025-11-12 11:30:20,,2025-11-11 19:08:51,	,296967601341	,5in1复合滤芯 2年长效,1600193054565	,厨房电器,净水器/净水设备及配件耗材,净水器配件耗材,	,6923185627425	,	,	,	,无售后或售后取消,,2025-11-11 11:30:20,	,,,,,,,否,否,	,否,	,,299.0	,0.0	,0.0	,0.0	,0.0	,0.0	,0.0	,0.0	,299.0	,299.0	,JDV023991915290,京东配送,云南省,玉溪市,红塔区,,,否,否,	,	,	,否,	,	,	,	,	,	,	,	,	,	,	,	,否,否,	,否,否,,	,否,	,否,,,否
云米顶侧大吸力蓝调油烟机家用厨房节能自清洁一级能效可挥手智控,251111-357658868132911,已发货，待收货,1	,正常,2025-11-11 11:31:08,2025-11-12 11:31:08,,2025-11-11 16:15:03,	,657344402006	,云米智清洁挥手智控单烟机,1723825075586	,大家电,厨房大电,油烟机,	,6923185650973	,6923185650973	,	,	,无售后或售后取消,,2025-11-11 11:31:08,	,,,,,,,否,否,	,否,	,,838.0	,0.0	,42.0	,39.8	,8.0	,0.0	,0.0	,0.0	,756.2	,796.0	,JDV023997720849,京东配送,陕西省,西安市,莲湖区,,,否,否,	,	,	,否,	,	,	,	,	,	,	,	,	,	,	,	,否,否,	,否,否,,	,否,	,否,,,否
【母婴直饮】云米净水器 SE 600G+ 新升级厨下式RO反渗透直饮家用,251111-599722595923666,已取消,1	,正常,	,	,,	,	,819506595979	,【24年新品】600G升级版6年长效,1787046011387	,厨房电器,净水器/净水设备及配件耗材,净水器,	,6923185653684	,6923185616399	,	,	,无售后或售后取消,,	,	,,,,,,,否,否,	,否,	,,748.0	,0.0	,149.0	,3.0	,0.0	,0.0	,0.0	,0.0	,596.0	,599.0	,	,	,****,****,****,****,,否,否,	,	,	,否,	,	,	,	,	,	,	,	,	,	,	,	,否,否,	,否,	,,	,否,	,否,,,否
【母婴直饮】云米净水器 SE 600G+ 新升级厨下式RO反渗透直饮家用,251111-505036183123666,已发货，待收货,1	,正常,2025-11-11 11:30:20,2025-11-12 11:30:21,,2025-11-11 15:56:00,	,819506595979	,【24年新品】600G升级版6年长效,1787046011387	,厨房电器,净水器/净水设备及配件耗材,净水器,	,6923185653684	,6923185616399	,	,	,无售后或售后取消,,2025-11-11 11:30:21,	,,,,,,,否,否,	,否,	,,748.0	,0.0	,134.64	,74.8	,0.0	,0.0	,0.0	,0.0	,538.56	,613.36	,JDV023997779806,京东配送,河南省,郑州市,中牟县,,,否,否,	,	,	,否,	,	,	,	,	,	,	,	,	,	,	,	,否,否,	,否,否,,	,否,	,否,,,否
【重磅新品】云米净水器600G小海豚升级版厨下式RO反渗透直饮家用,251111-245796738612367,已发货，待收货,1	,正常,2025-11-11 11:29:16,2025-11-12 11:29:16,,2025-11-11 17:52:01,	,225501370546	,【24年新品】600G升级版6年长效,1600502140541	,厨房电器,净水器/净水设备及配件耗材,净水器,	,6923185653684	,6923185616399	,	,	,无售后或售后取消,,2025-11-11 11:29:16,	,,,,,,,否,否,	,否,	,,559.0	,0.0	,0.0	,0.0	,0.0	,0.0	,0.0	,0.0	,559.0	,559.0	,JDV023997770240,京东大件物流,湖北省,襄阳市,襄州区,,,否,否,	,	,	,否,	,	,	,	,	,	,	,	,	,	,	,	,否,否,	,否,否,,	,否,	,否,,,否
【重磅新品】云米净水器600G小海豚升级版厨下式RO反渗透直饮家用,251111-051506081283892,已发货，待收货,1	,正常,2025-11-11 11:26:57,2025-11-12 11:26:58,,2025-11-11 16:01:15,	,225501370546	,【24年新品】600G升级版6年长效,1600502140541	,厨房电器,净水器/净水设备及配件耗材,净水器,	,6923185653684	,6923185616399	,	,	,无售后或售后取消,,2025-11-11 11:26:58,	,,,,,,,否,否,	,否,	,,559.0	,0.0	,0.0	,55.9	,1.0	,0.0	,0.0	,0.0	,503.1	,559.0	,JDV023997735185,京东大件物流,河北省,衡水市,桃城区,,,否,否,	,	,	,否,	,	,	,	,	,	,	,	,	,	,	,	,否,否,	,否,否,,	,否,	,否,,,否
【重磅新品】云米净水器600G小海豚升级版厨下式RO反渗透直饮家用,251111-040485599603709,已发货，待收货,1	,正常,2025-11-11 11:25:27,2025-11-12 11:25:27,,2025-11-11 17:52:01,	,225501370546	,【24年新品】600G升级版6年长效,1600502140541	,厨房电器,净水器/净水设备及配件耗材,净水器,	,6923185653684	,6923185616399	,	,	,无售后或售后取消,,2025-11-11 11:25:27,	,,,,,,,否,否,	,否,	,,559.0	,0.0	,0.0	,55.9	,0.0	,0.0	,0.0	,0.0	,503.1	,559.0	,JDV023998104107,京东大件物流,河北省,秦皇岛市,海港区,,,否,否,	,	,	,否,	,	,	,	,	,	,	,	,	,	,	,	,否,否,	,否,否,,	,否,	,否,,,否
云米16即热零冷水燃气热水器智能低水压双调恒温防冻安全保护速热,251111-391087408782912,未发货，退款成功,1	,审核中，请勿发货,2025-11-11 11:24:08,2025-11-12 11:24:09,,	,	,216845252864	,云米即开即热16L零冷水热水器,1731415907130	,大家电,热水器,燃气热水器,	,6923185611226	,6923185611226	,聚水潭已取消发货，仅退款  诚11.11,	,退款成功,,2025-11-11 11:24:09,	,,,,,,,否,否,	,否,	,,933.0	,0.0	,0.0	,46.65	,0.0	,0.0	,0.0	,0.0	,886.35	,933.0	,	,	,甘肃省,天水市,秦州区,,,否,否,	,	,	,否,	,	,	,	,	,	,	,	,	,	,	,	,否,否,	,否,	,,	,否,	,否,,,否
云米顶侧大吸力蓝调油烟机家用厨房节能自清洁一级能效可挥手智控,251111-453960087940693,已取消,1	,正常,	,	,,	,	,657344402006	,云米智清洁挥手智控单烟机,1723825075586	,大家电,厨房大电,油烟机,	,6923185650973	,6923185650973	,	,	,无售后或售后取消,,	,	,,,,,,,否,否,	,否,	,,838.0	,0.0	,42.0	,39.8	,0.0	,0.0	,0.0	,0.0	,756.2	,796.0	,	,	,****,****,****,****,,否,否,	,	,	,否,	,	,	,	,	,	,	,	,	,	,	,	,否,否,	,否,	,,	,否,	,否,,,否
云米净水器滤芯小蓝调小海豚600G+专用复合滤芯RO反渗透滤芯过滤,251111-311175494074052,已发货，待收货,1	,正常,2025-11-11 11:15:41,2025-11-12 11:15:41,,2025-11-11 19:08:28,	,296967601341	,5in1复合滤芯 2年长效,1600193054565	,厨房电器,净水器/净水设备及配件耗材,净水器配件耗材,	,6923185627425	,	,后返到手价99,	,无售后或售后取消,,2025-11-11 11:15:41,	,,,,,,,否,否,	,否,	,,299.0	,0.0	,0.0	,0.0	,0.0	,0.0	,0.0	,0.0	,299.0	,299.0	,JDV023991320330,京东配送,四川省,成都市,简阳市,,,否,否,	,	,	,否,	,	,	,	,	,	,	,	,	,	,	,	,否,否,	,否,否,,	,否,	,否,,,否
【重磅新品】云米净水器600G小海豚升级版厨下式RO反渗透直饮家用,251111-499080261190247,已取消,1	,正常,	,	,,	,	,225501370546	,【24年新品】600G升级版6年长效,1600502140541	,厨房电器,净水器/净水设备及配件耗材,净水器,	,6923185653684	,6923185616399	,	,	,无售后或售后取消,,	,	,,,,,,,否,否,	,否,	,,559.0	,0.0	,0.0	,0.0	,0.0	,0.0	,0.0	,0.0	,559.0	,559.0	,	,	,****,****,****,****,,否,否,	,	,	,否,	,	,	,	,	,	,	,	,	,	,	,	,否,否,	,否,	,,	,否,	,否,,,否
云米净水器滤芯小蓝调小海豚600G+专用复合滤芯RO反渗透滤芯过滤,251111-485721434553747,已发货，待收货,2	,正常,2025-11-11 11:12:28,2025-11-12 11:12:28,,2025-11-11 16:20:51,	,296967601341	,5in1复合滤芯 2年长效,1600193054565	,厨房电器,净水器/净水设备及配件耗材,净水器配件耗材,	,6923185627425	,	,后返，到手价99/根,	,无售后或售后取消,,2025-11-11 11:12:28,	,,,,,,,否,否,	,否,	,,598.0	,0.0	,5.98	,0.0	,0.0	,0.0	,0.0	,0.0	,592.02	,592.02	,JDV023994232406,京东配送,河南省,郑州市,中牟县,,,否,否,	,	,	,否,	,	,	,	,	,	,	,	,	,	,	,	,否,否,	,否,否,,	,否,	,否,,,否
【母婴直饮】云米净水器 SE 600G+ 新升级厨下式RO反渗透直饮家用,251111-324324606302952,已发货，待收货,1	,正常,2025-11-11 11:11:23,2025-11-12 11:11:24,,2025-11-11 16:32:55,	,819506595979	,【24年新品】600G升级版6年长效,1787046011387	,厨房电器,净水器/净水设备及配件耗材,净水器,	,6923185653684	,6923185616399	,ZX2511110068262拦截 [viomi英英sk 11/11 22:52]==待拦截后退款 11.12,	,售后处理中,,2025-11-11 11:11:24,	,,,,,,,否,否,	,否,	,,748.0	,0.0	,134.64	,74.8	,0.0	,0.0	,0.0	,0.0	,538.56	,613.36	,JDV023997721164,京东配送,湖北省,武汉市,江汉区,,,否,否,	,	,	,否,	,	,	,	,	,	,	,	,	,	,	,	,否,否,	,否,否,,	,否,	,否,,,否
云米净水器滤芯小蓝调小海豚600G+专用复合滤芯RO反渗透滤芯过滤,251111-682245568831188,已发货，待收货,2	,正常,2025-11-11 11:08:24,2025-11-12 11:08:25,,2025-11-11 16:20:54,	,296967601341	,5in1复合滤芯 2年长效,1600193054565	,厨房电器,净水器/净水设备及配件耗材,净水器配件耗材,	,6923185627425	,	,后返，到手价99/根,	,无售后或售后取消,,2025-11-11 11:08:25,	,,,,,,,否,否,	,否,	,,598.0	,0.0	,5.98	,48.0	,1.08	,0.0	,0.0	,0.0	,544.02	,592.02	,JDV023998607187,京东配送,山西省,大同市,云冈区,,,否,否,	,	,	,否,	,	,	,	,	,	,	,	,	,	,	,	,否,否,	,否,否,,	,否,	,否,,,否
【重磅新品】云米净水器600G小海豚升级版厨下式RO反渗透直饮家用,251111-317341120954052,已发货，待收货,1	,正常,2025-11-11 11:05:08,2025-11-12 11:05:09,,2025-11-11 17:52:01,	,225501370546	,【24年新品】600G升级版6年长效,1600502140541	,厨房电器,净水器/净水设备及配件耗材,净水器,	,6923185653684	,6923185616399	,	,	,无售后或售后取消,,2025-11-11 11:05:09,	,,,,,,,否,否,	,否,	,,559.0	,0.0	,0.0	,0.0	,0.0	,0.0	,0.0	,0.0	,559.0	,559.0	,JDV023997801103,京东大件物流,四川省,成都市,简阳市,,,否,否,	,	,	,否,	,	,	,	,	,	,	,	,	,	,	,	,否,否,	,否,否,,	,否,	,否,,,否
【重磅新品】云米净水器600G小海豚升级版厨下式RO反渗透直饮家用,251111-604399276351188,已发货，待收货,1	,正常,2025-11-11 11:04:50,2025-11-12 11:04:51,,2025-11-11 15:56:03,	,225501370546	,【24年新品】600G升级版6年长效,1600502140541	,厨房电器,净水器/净水设备及配件耗材,净水器,	,6923185653684	,6923185616399	,	,	,无售后或售后取消,,2025-11-11 11:04:51,	,,,,,,,否,否,	,否,	,,559.0	,0.0	,0.0	,55.9	,6.8	,0.0	,0.0	,0.0	,503.1	,559.0	,JDV023997779796,京东大件物流,山西省,大同市,云冈区,,,否,否,	,	,	,否,	,	,	,	,	,	,	,	,	,	,	,	,否,否,	,否,否,,	,否,	,否,,,否
【重磅新品】云米净水器600G小海豚升级版厨下式RO反渗透直饮家用,251111-330175618713972,已发货，待收货,1	,正常,2025-11-11 11:03:43,2025-11-12 11:03:43,,2025-11-11 17:52:00,	,225501370546	,【24年新品】600G升级版6年长效,1600502140541	,厨房电器,净水器/净水设备及配件耗材,净水器,	,6923185653684	,6923185616399	,	,	,无售后或售后取消,,2025-11-11 11:03:43,	,,,,,,,否,否,	,否,	,,559.0	,0.0	,0.0	,0.0	,1.14	,0.0	,0.0	,0.0	,559.0	,559.0	,JDV023997770393,京东大件物流,上海市,上海市,浦东新区,,,否,否,	,	,	,否,	,	,	,	,	,	,	,	,	,	,	,	,否,否,	,否,否,,	,否,	,否,,,否
【重磅新品】云米净水器600G小海豚升级版厨下式RO反渗透直饮家用,251111-068346253631188,已取消,1	,正常,	,	,,	,	,225501370546	,【24年新品】600G升级版6年长效,1600502140541	,厨房电器,净水器/净水设备及配件耗材,净水器,	,6923185653684	,6923185616399	,	,	,无售后或售后取消,,	,	,,,,,,,否,否,	,否,	,,559.0	,0.0	,0.0	,55.9	,0.0	,0.0	,0.0	,0.0	,503.1	,559.0	,	,	,****,****,****,****,,否,否,	,	,	,否,	,	,	,	,	,	,	,	,	,	,	,	,否,否,	,否,	,,	,否,	,否,,,否
VIOMI云米净水器600G小蓝调厨下式RO反渗透直饮家用6年长效,251111-436469767770895,已发货，待收货,1	,正常,2025-11-11 11:00:40,2025-11-12 11:00:40,,2025-11-11 16:38:57,	,850883552953	,RO反渗透除去重金属,1811278299045	,厨房电器,净水器/净水设备及配件耗材,净水器,	,6923185653592	,6923185653592	,	,	,无售后或售后取消,,2025-11-11 11:00:40,	,,,,,,,否,否,	,否,	,,615.0	,0.0	,0.0	,100.0	,0.0	,0.0	,0.0	,0.0	,515.0	,615.0	,JDV023997801256,京东配送,广东省,广州市,番禺区,,,否,否,	,	,	,否,	,	,	,	,	,	,	,	,	,	,	,	,否,否,	,否,否,,	,否,	,否,,,否
VIOMI云米净水器大通量小海豚800G反渗透RO厨下式家用长效滤芯,251111-003753951592718,已发货，待收货,1	,正常,2025-11-11 11:06:04,2025-11-12 11:06:05,,2025-11-11 16:35:58,	,837957770723	,800G大通量纯水机,1809123722986	,厨房电器,净水器/净水设备及配件耗材,净水器配件耗材,	,6923185653974	,	,	,	,无售后或售后取消,,2025-11-11 11:06:05,	,,,,,,,否,否,	,否,	,,882.9	,0.0	,177.0	,100.0	,0.0	,0.0	,0.0	,0.0	,605.9	,705.9	,JDV023998508860,京东配送,江西省,南昌市,南昌县,,,否,否,	,	,	,否,	,	,	,	,	,	,	,	,	,	,	,	,否,否,	,否,否,,	,否,	,否,,,否
【重磅新品】云米净水器600G小海豚升级版厨下式RO反渗透直饮家用,251111-484830165311188,已取消,1	,正常,	,	,,	,	,225501370546	,【24年新品】600G升级版6年长效,1600502140541	,厨房电器,净水器/净水设备及配件耗材,净水器,	,6923185653684	,6923185616399	,	,	,无售后或售后取消,,	,	,,,,,,,否,否,	,否,	,,559.0	,0.0	,0.0	,55.9	,0.0	,0.0	,0.0	,0.0	,503.1	,559.0	,	,	,****,****,****,****,,否,否,	,	,	,否,	,	,	,	,	,	,	,	,	,	,	,	,否,否,	,否,	,,	,否,	,否,,,否
云米净水器滤芯小蓝调小海豚600G+专用复合滤芯RO反渗透滤芯过滤,251111-015110008392441,已发货，待收货,2	,正常,2025-11-11 10:55:54,2025-11-12 10:55:54,,2025-11-11 16:21:00,	,296967601341	,5in1复合滤芯 2年长效,1600193054565	,厨房电器,净水器/净水设备及配件耗材,净水器配件耗材,	,6923185627425	,	,后返，到手价99/根,	,无售后或售后取消,,2025-11-11 10:55:54,	,,,,,,,否,否,	,否,	,,598.0	,0.0	,5.98	,40.0	,0.0	,0.0	,0.0	,0.0	,552.02	,592.02	,JDV023998567829,京东配送,吉林省,长春市,宽城区,,,否,否,	,	,	,否,	,	,	,	,	,	,	,	,	,	,	,	,否,否,	,否,否,,	,否,	,否,,,否
云米净水器滤芯小蓝调小海豚600G+专用复合滤芯RO反渗透滤芯过滤,251111-482701514312441,已取消,2	,正常,	,	,,	,	,296967601341	,5in1复合滤芯 2年长效,1600193054565	,厨房电器,净水器/净水设备及配件耗材,净水器配件耗材,	,6923185627425	,	,	,	,无售后或售后取消,,	,	,,,,,,,否,否,	,否,	,,598.0	,0.0	,5.98	,43.0	,0.0	,0.0	,0.0	,0.0	,549.02	,592.02	,	,	,****,****,****,****,,否,否,	,	,	,否,	,	,	,	,	,	,	,	,	,	,	,	,否,否,	,否,	,,	,否,	,否,,,否
VIOMI云米净水器1000G厨下直饮小体积净水机RO机智显龙头3秒满杯,251111-292280112701032,已发货，待收货,1	,正常,2025-11-11 10:55:43,2025-11-12 10:55:44,,2025-11-11 16:17:56,	,309517106373	,复合滤芯,1803020722098	,厨房电器,净水器/净水设备及配件耗材,净水器,	,6923185653998	,	,后返，到手价99,	,无售后或售后取消,,2025-11-11 10:55:44,	,,,,,,,否,否,	,否,	,,299.0	,0.0	,0.0	,0.0	,0.0	,0.0	,0.0	,0.0	,299.0	,299.0	,JDV023995858081,京东配送,云南省,楚雄彝族自治州,禄丰市,,,否,否,	,	,	,否,	,	,	,	,	,	,	,	,	,	,	,	,否,否,	,否,否,,	,否,	,否,,,否
【重磅新品】云米净水器600G小海豚升级版厨下式RO反渗透直饮家用,251111-534406807871400,已发货，待收货,1	,正常,2025-11-11 10:53:22,2025-11-12 10:53:22,,2025-11-11 17:52:01,	,225501370546	,【24年新品】600G升级版6年长效,1600502140541	,厨房电器,净水器/净水设备及配件耗材,净水器,	,6923185653684	,6923185616399	,	,	,无售后或售后取消,,2025-11-11 10:53:22,	,,,,,,,否,否,	,否,	,,559.0	,0.0	,0.0	,0.0	,0.0	,0.0	,0.0	,0.0	,559.0	,559.0	,JDV023998263307,京东大件物流,新疆维吾尔自治区,乌鲁木齐市,沙依巴克区,,,否,否,	,	,	,否,	,	,	,	,	,	,	,	,	,	,	,	,否,否,	,否,否,,	,否,	,否,,,否
【母婴直饮】云米净水器 SE 600G+ 新升级厨下式RO反渗透直饮家用,251111-008996852031400,已取消,1	,正常,	,	,,	,	,819506595979	,【24年新品】600G升级版6年长效,1787046011387	,厨房电器,净水器/净水设备及配件耗材,净水器,	,6923185653684	,6923185616399	,	,	,无售后或售后取消,,	,	,,,,,,,否,否,	,否,	,,748.0	,0.0	,142.0	,38.0	,0.0	,0.0	,0.0	,0.0	,568.0	,606.0	,	,	,****,****,****,****,,否,否,	,	,	,否,	,	,	,	,	,	,	,	,	,	,	,	,否,否,	,否,	,,	,否,	,否,,,否
【重磅新品】云米净水器600G小海豚升级版厨下式RO反渗透直饮家用,251111-459580403272441,已发货，待收货,1	,正常,2025-11-11 10:52:29,2025-11-12 10:52:29,,2025-11-11 16:01:15,	,225501370546	,【24年新品】600G升级版6年长效,1600502140541	,厨房电器,净水器/净水设备及配件耗材,净水器,	,6923185653684	,6923185616399	,	,	,无售后或售后取消,,2025-11-11 10:52:29,	,,,,,,,否,否,	,否,	,,559.0	,0.0	,0.0	,5.0	,0.0	,0.0	,0.0	,0.0	,554.0	,559.0	,JDV023997755264,京东大件物流,吉林省,长春市,宽城区,,,否,否,	,	,	,否,	,	,	,	,	,	,	,	,	,	,	,	,否,否,	,否,否,,	,否,	,否,,,否
【重磅新品】云米净水器600G小海豚升级版厨下式RO反渗透直饮家用,251111-479849356912647,已发货，待收货,1	,正常,2025-11-11 10:52:05,2025-11-12 10:52:05,,2025-11-11 16:01:16,	,225501370546	,【24年新品】600G升级版6年长效,1600502140541	,厨房电器,净水器/净水设备及配件耗材,净水器,	,6923185653684	,6923185616399	,	,	,无售后或售后取消,,2025-11-11 10:52:05,	,,,,,,,否,否,	,否,	,,559.0	,0.0	,0.0	,0.0	,0.0	,0.0	,0.0	,0.0	,559.0	,559.0	,JDV023997737776,京东大件物流,山西省,运城市,盐湖区,,,否,否,	,	,	,否,	,	,	,	,	,	,	,	,	,	,	,	,否,否,	,否,否,,	,否,	,否,,,否
【重磅新品】云米净水器600G小海豚升级版厨下式RO反渗透直饮家用,251111-286911372912647,已取消,1	,正常,	,	,,	,	,225501370546	,【24年新品】600G升级版6年长效,1600502140541	,厨房电器,净水器/净水设备及配件耗材,净水器,	,6923185653684	,6923185616399	,	,	,无售后或售后取消,,	,	,,,,,,,否,否,	,否,	,,559.0	,0.0	,0.0	,0.0	,0.0	,0.0	,0.0	,0.0	,559.0	,559.0	,	,	,****,****,****,****,,否,否,	,	,	,否,	,	,	,	,	,	,	,	,	,	,	,	,否,否,	,否,	,,	,否,	,否,,,否
【母婴直饮】云米净水器 SE 600G+ 新升级厨下式RO反渗透直饮家用,251111-620044020153747,已发货，待收货,1	,正常,2025-11-11 10:48:45,2025-11-12 10:48:46,,2025-11-11 15:38:02,	,819506595979	,【24年新品】600G升级版6年长效,1787046011387	,厨房电器,净水器/净水设备及配件耗材,净水器,	,6923185653684	,6923185616399	,	,	,无售后或售后取消,,2025-11-11 10:48:46,	,,,,,,,否,否,	,否,	,,748.0	,0.0	,134.64	,74.8	,0.0	,0.0	,0.0	,0.0	,538.56	,613.36	,JDV023993933180,京东配送,河南省,郑州市,中牟县,,,否,否,	,	,	,否,	,	,	,	,	,	,	,	,	,	,	,	,否,否,	,否,否,,	,否,	,否,,,否
【重磅新品】云米净水器600G小海豚升级版厨下式RO反渗透直饮家用,251111-099174325873128,已发货，待收货,1	,正常,2025-11-11 10:48:06,2025-11-12 10:48:06,,2025-11-11 15:55:41,	,225501370546	,【24年新品】600G升级版6年长效,1600502140541	,厨房电器,净水器/净水设备及配件耗材,净水器,	,6923185653684	,6923185616399	,	,	,无售后或售后取消,,2025-11-11 10:48:06,	,,,,,,,否,否,	,否,	,,559.0	,0.0	,0.0	,0.0	,0.0	,0.0	,0.0	,0.0	,559.0	,559.0	,JDV023994548978,京东大件物流,河北省,秦皇岛市,海港区,,,否,否,	,	,	,否,	,	,	,	,	,	,	,	,	,	,	,	,否,否,	,否,否,,	,否,	,否,,,否
VIOMI云米净水器1000G厨下直饮小体积净水机RO机智显龙头3秒满杯,251111-586793653821032,已发货，待收货,1	,正常,2025-11-11 10:54:40,2025-11-12 10:54:40,,2025-11-11 16:17:54,	,309517106373	,复合滤芯,1803020722098	,厨房电器,净水器/净水设备及配件耗材,净水器,	,6923185653998	,	,后返，到手价99,	,无售后或售后取消,,2025-11-11 10:54:40,	,,,,,,,否,否,	,否,	,,299.0	,0.0	,0.0	,0.0	,0.0	,0.0	,0.0	,0.0	,299.0	,299.0	,JDV023995819561,京东配送,云南省,楚雄彝族自治州,禄丰市,,,否,否,	,	,	,否,	,	,	,	,	,	,	,	,	,	,	,	,否,否,	,否,否,,	,否,	,否,,,否
【重磅新品】云米净水器600G小海豚升级版厨下式RO反渗透直饮家用,251111-241549995620493,已发货，待收货,1	,正常,2025-11-11 10:47:43,2025-11-12 10:47:44,,2025-11-11 17:52:01,	,225501370546	,【24年新品】600G升级版6年长效,1600502140541	,厨房电器,净水器/净水设备及配件耗材,净水器,	,6923185653684	,6923185616399	,	,	,无售后或售后取消,,2025-11-11 10:47:44,	,,,,,,,否,否,	,否,	,,559.0	,0.0	,0.0	,0.0	,1.02	,0.0	,0.0	,0.0	,559.0	,559.0	,JDV023994190482,京东大件物流,江苏省,南京市,秦淮区,,,否,否,	,	,	,否,	,	,	,	,	,	,	,	,	,	,	,	,否,否,	,否,否,,	,否,	,否,,,否
【重磅新品】云米净水器600G小海豚升级版厨下式RO反渗透直饮家用,251111-366634678691211,已发货，待收货,2	,正常,2025-11-11 10:45:48,2025-11-12 10:45:49,,2025-11-11 15:55:41,	,225501370546	,【24年新品】600G升级版6年长效,1600502140541	,厨房电器,净水器/净水设备及配件耗材,净水器,	,6923185653684	,6923185616399	,	,	,无售后或售后取消,,2025-11-11 10:45:49,	,,,,,,,否,否,	,否,	,,1118.0	,0.0	,11.18	,110.68	,5.0	,0.0	,0.0	,0.0	,996.14	,1106.82	,JDV023993898385,京东大件物流,黑龙江省,佳木斯市,郊区,,,否,否,	,	,	,否,	,	,	,	,	,	,	,	,	,	,	,	,否,否,	,否,否,,	,否,	,否,,,否
VIOMI云米净水器大通量小海豚800G反渗透RO厨下式家用长效滤芯,251111-463648919923754,已发货，待收货,1	,正常,2025-11-11 10:43:44,2025-11-12 10:43:44,,2025-11-11 16:35:51,	,837957770723	,800G大通量纯水机,1809123722986	,厨房电器,净水器/净水设备及配件耗材,净水器配件耗材,	,6923185653974	,	,	,	,无售后或售后取消,,2025-11-11 10:43:44,	,,,,,,,否,否,	,否,	,,882.9	,0.0	,177.0	,100.0	,0.0	,0.0	,0.0	,0.0	,605.9	,705.9	,JDV023997753050,京东配送,河北省,张家口市,其他区,,,否,否,	,	,	,否,	,	,	,	,	,	,	,	,	,	,	,	,否,否,	,否,否,,	,否,	,否,,,否
云米AI燃气热水器智控恒温防冻节能安全水质净化精准控温13L强排,251111-188156557662947,未发货，退款成功,1	,正常,2025-11-11 10:43:16,2025-11-12 10:43:17,,	,	,773161065181	,智控恒温燃气热水器,1755671371526	,大家电,热水器,燃气热水器,	,6923185655688	,6923185655688	,已挂起锁定 无需发货 已退款成功 11.11,	,退款成功,,2025-11-11 10:43:17,	,,,,,,,否,否,	,否,	,,588.0	,0.0	,0.0	,0.0	,15.0	,0.0	,0.0	,0.0	,588.0	,588.0	,	,	,江西省,南昌市,西湖区,,,否,否,	,	,	,否,	,	,	,	,	,	,	,	,	,	,	,	,否,否,	,否,否,,	,否,	,否,,,否
【重磅新品】云米净水器600G小海豚升级版厨下式RO反渗透直饮家用,251111-118929507961883,已发货，待收货,1	,正常,2025-11-11 10:38:52,2025-11-12 10:38:52,,2025-11-11 15:55:41,	,225501370546	,【24年新品】600G升级版6年长效,1600502140541	,厨房电器,净水器/净水设备及配件耗材,净水器,	,6923185653684	,6923185616399	,	,	,无售后或售后取消,,2025-11-11 10:38:52,	,,,,,,,否,否,	,否,	,,559.0	,0.0	,0.0	,0.0	,5.0	,0.0	,0.0	,0.0	,559.0	,559.0	,JDV023993932973,京东大件物流,内蒙古自治区,包头市,昆都仑区,,,否,否,	,	,	,否,	,	,	,	,	,	,	,	,	,	,	,	,否,否,	,否,否,,	,否,	,否,,,否
"云米智能门锁霸王锁体适用eyeLink 2C,eLink 2Pro,eyeLink 2F",251111-450678045044086,未发货，退款成功,1	,正常,2025-11-11 10:37:52,2025-11-13 10:37:52,,	,	,264080849667	,霸王锁体（机械锁体）【适配咨询客服】,1812202409163	,基础建材,智能门锁/电子锁,智能门锁/电子锁,	,6923185622154	,6923185622154	,聚水潭已取消发货，仅退款  诚11.11,	,退款成功,,2025-11-11 10:37:52,	,,,,,,,否,否,	,否,	,,150.0	,0.0	,0.0	,9.0	,0.0	,0.0	,0.0	,0.0	,141.0	,150.0	,	,	,江苏省,苏州市,常熟市,,,否,否,	,	,	,否,	,	,	,	,	,	,	,	,	,	,	,	,否,否,	,否,否,,	,否,	,否,,,否
VIOMI云米净水器1000G厨下直饮小体积净水机RO机智显龙头3秒满杯,251111-643951500901377,已取消,1	,正常,	,	,,	,	,842195971715	,1000G大通量RO净水器,1803617356458	,厨房电器,净水器/净水设备及配件耗材,净水器,	,6923185654247	,	,	,	,无售后或售后取消,,	,	,,,,,,,否,否,	,否,	,,823.0	,0.0	,0.0	,82.3	,0.0	,0.0	,0.0	,0.0	,740.7	,823.0	,	,	,****,****,****,****,,否,否,	,	,	,否,	,	,	,	,	,	,	,	,	,	,	,	,否,否,	,否,	,,	,否,	,否,,,否
VIOMI云米净水器大通量小海豚800G反渗透RO厨下式家用长效滤芯,251111-086885087660357,待发货,1	,正常,2025-11-11 10:34:20,2025-12-02 10:34:20,,	,	,837957770723	,800G大通量纯水机,1809123722986	,厨房电器,净水器/净水设备及配件耗材,净水器配件耗材,	,6923185653974	,	,	,	,无售后或售后取消,,2025-11-11 10:34:20,	,,,,,,,否,否,	,否,	,,882.9	,0.0	,177.0	,100.0	,5.0	,0.0	,0.0	,0.0	,605.9	,705.9	,	,	,四川省,成都市,双流区,,,否,否,	,	,	,否,	,	,	,	,	,	,	,	,	,	,	,	,否,否,	,否,否,,	,否,	,否,,,否
【重磅新品】云米净水器600G小海豚升级版厨下式RO反渗透直饮家用,251111-181707784562681,已取消,1	,正常,	,	,,	,	,225501370546	,【24年新品】600G升级版6年长效,1600502140541	,厨房电器,净水器/净水设备及配件耗材,净水器,	,6923185653684	,6923185616399	,	,	,无售后或售后取消,,	,	,,,,,,,否,否,	,否,	,,559.0	,0.0	,0.0	,0.0	,0.0	,0.0	,0.0	,0.0	,559.0	,559.0	,	,	,****,****,****,****,,否,否,	,	,	,否,	,	,	,	,	,	,	,	,	,	,	,	,否,否,	,否,	,,	,否,	,否,,,否
云米23m³顶侧大吸力超薄智能油烟机厨房app挥手智控易清洁一级,251111-459412641360244,已发货，待收货,1	,正常,2025-11-11 10:33:41,2025-11-12 10:33:41,,2025-11-11 16:14:49,	,219486126363	,挥手智控单烟机,1689355640209	,大家电,厨房大电,油烟机,	,6923185613664	,6923185613664	,	,	,无售后或售后取消,,2025-11-11 10:33:41,	,,,,,,,否,否,	,否,	,,979.0	,0.0	,48.0	,32.0	,15.0	,0.0	,0.0	,0.0	,899.0	,931.0	,JDV023994252834,京东配送,浙江省,台州市,仙居县,,,否,否,	,	,	,否,	,	,	,	,	,	,	,	,	,	,	,	,否,否,	,否,否,,	,否,	,否,,,否
VIOMI云米净水器1000G厨下直饮小体积净水机RO机智显龙头3秒满杯,251111-633759352421377,已发货，待收货,1	,正常,2025-11-11 10:33:50,2025-11-12 10:33:50,,2025-11-11 17:52:02,	,842195971715	,1000G大通量RO净水器,1803617356458	,厨房电器,净水器/净水设备及配件耗材,净水器,	,6923185654247	,	,	,	,无售后或售后取消,,2025-11-11 10:33:50,	,,,,,,,否,否,	,否,	,,823.0	,0.0	,24.0	,79.9	,0.0	,0.0	,0.0	,0.0	,719.1	,799.0	,JDV023994234178,京东大件物流,河南省,洛阳市,孟津区,,,否,否,	,	,	,否,	,	,	,	,	,	,	,	,	,	,	,	,否,否,	,否,否,,	,否,	,否,,,否
VIOMI云米净水器1000G厨下直饮小体积净水机RO机智显龙头3秒满杯,251111-263433756291691,待发货,1	,正常,2025-11-11 10:32:30,2025-12-30 10:32:31,,	,	,842195971715	,1000G大通量RO净水器,1803617356458	,厨房电器,净水器/净水设备及配件耗材,净水器,	,6923185654247	,	,	,	,无售后或售后取消,,2025-11-11 10:32:31,	,,,,,,,否,否,	,否,	,,823.0	,0.0	,24.0	,0.0	,0.2	,0.0	,0.0	,0.0	,799.0	,799.0	,	,	,陕西省,西安市,未央区,,,否,否,	,	,	,否,	,	,	,	,	,	,	,	,	,	,	,	,否,否,	,否,否,,	,否,	,否,,,否
【重磅新品】云米净水器600G小海豚升级版厨下式RO反渗透直饮家用,251111-378179490131432,已取消,1	,正常,	,	,,	,	,225501370546	,【24年新品】600G升级版6年长效,1600502140541	,厨房电器,净水器/净水设备及配件耗材,净水器,	,6923185653684	,6923185616399	,	,	,无售后或售后取消,,	,	,,,,,,,否,否,	,否,	,,559.0	,0.0	,0.0	,0.0	,0.0	,0.0	,0.0	,0.0	,559.0	,559.0	,	,	,****,****,****,****,,否,否,	,	,	,否,	,	,	,	,	,	,	,	,	,	,	,	,否,否,	,否,	,,	,否,	,否,,,否
云米净水器滤芯小蓝调小海豚600G+专用复合滤芯RO反渗透滤芯过滤,251111-034582106451432,已取消,1	,正常,	,	,,	,	,296967601341	,5in1复合滤芯 2年长效,1600193054565	,厨房电器,净水器/净水设备及配件耗材,净水器配件耗材,	,6923185627425	,	,	,	,无售后或售后取消,,	,	,,,,,,,否,否,	,否,	,,299.0	,0.0	,0.0	,0.0	,0.0	,0.0	,0.0	,0.0	,299.0	,299.0	,	,	,****,****,****,****,,否,否,	,	,	,否,	,	,	,	,	,	,	,	,	,	,	,	,否,否,	,否,	,,	,否,	,否,,,否
云米净水器滤芯小蓝调小海豚600G+专用复合滤芯RO反渗透滤芯过滤,251111-489097807453320,已发货，待收货,1	,正常,2025-11-11 10:28:56,2025-11-12 10:28:56,,2025-11-11 15:27:00,	,296967601341	,5in1复合滤芯 2年长效,1600193054565	,厨房电器,净水器/净水设备及配件耗材,净水器配件耗材,	,6923185627425	,	,后返，到手价99,	,无售后或售后取消,,2025-11-11 10:28:56,	,,,,,,,否,否,	,否,	,,299.0	,0.0	,0.0	,0.0	,0.0	,0.0	,0.0	,0.0	,299.0	,299.0	,JDV023990497908,京东配送,广东省,湛江市,遂溪县,,,否,否,	,	,	,否,	,	,	,	,	,	,	,	,	,	,	,	,否,否,	,否,否,,	,否,	,否,,,否
【重磅新品】云米净水器600G小海豚升级版厨下式RO反渗透直饮家用,251111-413474526813320,已发货，待收货,1	,正常,2025-11-11 10:27:54,2025-11-12 10:27:54,,2025-11-11 17:52:02,	,225501370546	,【24年新品】600G升级版6年长效,1600502140541	,厨房电器,净水器/净水设备及配件耗材,净水器,	,6923185653684	,6923185616399	,	,	,无售后或售后取消,,2025-11-11 10:27:54,	,,,,,,,否,否,	,否,	,,559.0	,0.0	,0.0	,55.9	,0.0	,0.0	,0.0	,0.0	,503.1	,559.0	,JDV023994269195,京东大件物流,广东省,湛江市,遂溪县,,,否,否,	,	,	,否,	,	,	,	,	,	,	,	,	,	,	,	,否,否,	,否,否,,	,否,	,否,,,否
云米智能AI门锁3D指纹密码蓝牙可连大容量续航家用公寓自动安全,251111-590096689471675,待发货,1	,正常,2025-11-11 10:26:38,2025-12-12 10:26:38,,	,	,743885774552	,"云米蓝调指纹密码锁LBT11C,黑色",1734954999916	,基础建材,智能门锁/电子锁,智能门锁/电子锁,	,6923185655381	,6923185655381	,后返，返50,	,无售后或售后取消,,2025-11-11 10:26:38,	,,,,,,,否,否,	,否,	,,661.0	,0.0	,76.0	,24.0	,0.0	,0.0	,0.0	,0.0	,561.0	,585.0	,	,	,广东省,东莞市,厚街镇,,,否,否,	,	,	,否,	,	,	,	,	,	,	,	,	,	,	,	,否,否,	,否,否,,	,否,	,否,,,否
【重磅新品】云米净水器600G小海豚升级版厨下式RO反渗透直饮家用,251111-288001964320001,已发货，待收货,1	,正常,2025-11-11 10:22:46,2025-11-12 10:22:46,,2025-11-11 17:52:02,	,225501370546	,【24年新品】600G升级版6年长效,1600502140541	,厨房电器,净水器/净水设备及配件耗材,净水器,	,6923185653684	,6923185616399	,	,	,无售后或售后取消,,2025-11-11 10:22:46,	,,,,,,,否,否,	,否,	,,559.0	,0.0	,0.0	,0.0	,0.0	,0.0	,0.0	,0.0	,559.0	,559.0	,JDV023994255893,京东大件物流,四川省,乐山市,市中区,,,否,否,	,	,	,否,	,	,	,	,	,	,	,	,	,	,	,	,否,否,	,否,否,,	,否,	,否,,,否
云米净水器滤芯小蓝调小海豚600G+专用复合滤芯RO反渗透滤芯过滤,251111-176003499523247,已收货,2	,正常,2025-11-11 10:21:39,2025-11-12 10:21:39,,2025-11-11 15:09:13,2025-11-12 17:17:21,296967601341	,5in1复合滤芯 2年长效,1600193054565	,厨房电器,净水器/净水设备及配件耗材,净水器配件耗材,	,6923185627425	,	,后返到手价198===已退差394.02 [viomi诺诺sk 11/12 17:19],	,售后处理中,,2025-11-11 10:21:39,	,,,,,,,否,否,	,否,	,,598.0	,0.0	,5.98	,51.0	,0.2	,0.0	,0.0	,0.0	,541.02	,592.02	,JDV023994227077,京东配送,浙江省,嘉兴市,桐乡市,,,否,否,	,	,	,否,	,	,	,	,	,	,	,	,	,	,	,	,否,否,	,否,否,,	,否,	,否,,,否
VIOMI云米净水器大通量小海豚800G反渗透RO厨下式家用长效滤芯,251111-228337917501832,已发货，待收货,1	,正常,2025-11-11 10:19:57,2025-11-12 10:19:57,,2025-11-11 16:35:51,	,837957770723	,800G大通量纯水机,1809123722986	,厨房电器,净水器/净水设备及配件耗材,净水器配件耗材,	,6923185653974	,	,	,	,无售后或售后取消,,2025-11-11 10:19:57,	,,,,,,,否,否,	,否,	,,882.9	,0.0	,177.0	,100.0	,0.0	,0.0	,0.0	,0.0	,605.9	,705.9	,JDV023994241432,京东配送,湖北省,荆州市,洪湖市,,,否,否,	,	,	,否,	,	,	,	,	,	,	,	,	,	,	,	,否,否,	,否,否,,	,否,	,否,,,否
【重磅新品】云米净水器600G小海豚升级版厨下式RO反渗透直饮家用,251111-489370426883247,未发货，退款成功,1	,正常,2025-11-11 10:19:51,2025-11-12 10:19:51,,	,	,225501370546	,【24年新品】600G升级版6年长效,1600502140541	,厨房电器,净水器/净水设备及配件耗材,净水器,	,6923185653684	,6923185616399	,聚水潭已取消发货，仅退款  诚11.11,	,退款成功,,2025-11-11 10:19:51,	,,,,,,,否,否,	,否,	,,559.0	,0.0	,0.0	,0.0	,1.11	,0.0	,0.0	,0.0	,559.0	,559.0	,	,	,浙江省,嘉兴市,桐乡市,,,否,否,	,	,	,否,	,	,	,	,	,	,	,	,	,	,	,	,否,否,	,否,否,,	,否,	,否,,,否
VIOMI云米净水器600G小蓝调厨下式RO反渗透直饮家用6年长效,251111-198893934172681,已发货，待收货,1	,正常,2025-11-11 10:18:01,2025-11-12 10:18:01,,2025-11-11 15:35:44,	,850883552953	,RO反渗透除去重金属,1811278299045	,厨房电器,净水器/净水设备及配件耗材,净水器,	,6923185653592	,6923185653592	,	,	,无售后或售后取消,,2025-11-11 10:18:01,	,,,,,,,否,否,	,否,	,,615.0	,0.0	,0.0	,60.0	,1.04	,0.0	,0.0	,0.0	,555.0	,615.0	,JDV023994600181,京东配送,上海市,上海市,静安区,,,否,否,	,	,	,否,	,	,	,	,	,	,	,	,	,	,	,	,否,否,	,否,否,,	,否,	,否,,,否
云米小厨宝6L即热式厨房台下洗碗热水宝上出水储水式小型电热水器,251111-398888803861397,已取消,1	,正常,	,	,,	,	,205451808289	,"热水即刻有6L,小厨宝",1752480784258	,大家电,热水器,电热水器,	,6923185611233	,6923185611233	,	,	,无售后或售后取消,,	,	,,,,,,,否,否,	,否,	,,289.0	,0.0	,0.0	,0.0	,0.0	,0.0	,0.0	,0.0	,289.0	,289.0	,	,	,****,****,****,****,,否,否,	,	,	,否,	,	,	,	,	,	,	,	,	,	,	,	,否,否,	,否,	,,	,否,	,否,,,否
VIOMI云米净水器1000G厨下直饮小体积净水机RO机智显龙头3秒满杯,251111-611907060133396,已发货，待收货,1	,正常,2025-11-11 10:14:52,2025-11-12 10:14:52,,2025-11-11 17:52:02,	,842195971715	,1000G大通量RO净水器,1803617356458	,厨房电器,净水器/净水设备及配件耗材,净水器,	,6923185654247	,	,	,	,无售后或售后取消,,2025-11-11 10:14:52,	,,,,,,,否,否,	,否,	,,823.0	,0.0	,24.0	,79.9	,0.0	,0.0	,0.0	,0.0	,719.1	,799.0	,JDV023994211211,京东大件物流,河北省,邯郸市,丛台区,,,否,否,	,	,	,否,	,	,	,	,	,	,	,	,	,	,	,	,否,否,	,否,否,,	,否,	,否,,,否
【重磅新品】云米净水器600G小海豚升级版厨下式RO反渗透直饮家用,251111-676709087652780,已收货,1	,正常,2025-11-11 10:12:13,2025-11-12 10:12:14,,2025-11-11 17:52:02,2025-11-12 07:57:43,225501370546	,【24年新品】600G升级版6年长效,1600502140541	,厨房电器,净水器/净水设备及配件耗材,净水器,	,6923185653684	,6923185616399	,	,	,无售后或售后取消,,2025-11-11 10:12:14,	,,,,,,,否,否,	,否,	,,559.0	,0.0	,0.0	,55.9	,0.0	,0.0	,0.0	,0.0	,503.1	,559.0	,JDV023994268908,京东大件物流,广东省,广州市,越秀区,,,否,否,	,	,	,否,	,	,	,	,	,	,	,	,	,	,	,	,否,否,	,否,是,3	,商家,否,	,否,,信用卡分期,否
【重磅新品】云米净水器600G小海豚升级版厨下式RO反渗透直饮家用,251111-336488046132154,已发货，待收货,1	,正常,2025-11-11 10:10:58,2025-11-12 10:10:58,,2025-11-11 17:52:01,	,225501370546	,【24年新品】600G升级版6年长效,1600502140541	,厨房电器,净水器/净水设备及配件耗材,净水器,	,6923185653684	,6923185616399	,	,	,无售后或售后取消,,2025-11-11 10:10:58,	,,,,,,,否,否,	,否,	,,559.0	,0.0	,0.0	,0.0	,0.0	,0.0	,0.0	,0.0	,559.0	,559.0	,JDV023994256021,京东大件物流,江苏省,南通市,崇川区,,,否,否,	,	,	,否,	,	,	,	,	,	,	,	,	,	,	,	,否,否,	,否,否,,	,否,	,否,,,否
【重磅新品】云米净水器600G小海豚升级版厨下式RO反渗透直饮家用,251111-462610819490209,已取消,1	,正常,	,	,,	,	,225501370546	,【24年新品】600G升级版6年长效,1600502140541	,厨房电器,净水器/净水设备及配件耗材,净水器,	,6923185653684	,6923185616399	,	,	,无售后或售后取消,,	,	,,,,,,,否,否,	,否,	,,559.0	,0.0	,0.0	,0.0	,0.0	,0.0	,0.0	,0.0	,559.0	,559.0	,	,	,****,****,****,****,,否,否,	,	,	,否,	,	,	,	,	,	,	,	,	,	,	,	,否,否,	,否,	,,	,否,	,否,,,否
【重磅新品】云米净水器600G小海豚升级版厨下式RO反渗透直饮家用,251111-186740917891769,已发货，待收货,1	,正常,2025-11-11 10:08:05,2025-11-12 10:08:06,,2025-11-11 17:52:02,	,225501370546	,【24年新品】600G升级版6年长效,1600502140541	,厨房电器,净水器/净水设备及配件耗材,净水器,	,6923185653684	,6923185616399	,	,	,无售后或售后取消,,2025-11-11 10:08:06,	,,,,,,,否,否,	,否,	,,559.0	,0.0	,0.0	,0.0	,0.0	,0.0	,0.0	,0.0	,559.0	,559.0	,JDV023994248613,京东大件物流,广东省,汕尾市,海丰县,,,否,否,	,	,	,否,	,	,	,	,	,	,	,	,	,	,	,	,否,否,	,否,否,,	,否,	,否,,,否
云米蓝调2PRO燃气热水器静音节能水伺服恒温语音控制智控节能变频,251111-553616730541917,已取消,1	,正常,	,	,,	,	,852010588191	,2PRO燃气热水器【静音节能】,1812265470712	,大家电,热水器,燃气热水器,	,6923185656869	,6923185656869	,	,	,无售后或售后取消,,	,	,,,,,,,否,否,	,否,	,,1026.0	,0.0	,60.0	,40.0	,0.0	,0.0	,0.0	,0.0	,926.0	,966.0	,	,	,****,****,****,****,,否,否,	,	,	,否,	,	,	,	,	,	,	,	,	,	,	,	,否,否,	,否,	,,	,否,	,否,,,否
VIOMI云米净水器1000G厨下直饮小体积净水机RO机智显龙头3秒满杯,251111-504197364013754,已发货，待收货,2	,正常,2025-11-11 10:05:41,2025-11-12 10:05:41,,2025-11-11 15:14:56,	,309517106373	,复合滤芯,1803020722098	,厨房电器,净水器/净水设备及配件耗材,净水器,	,6923185653998	,	,后返，到手价99/根,	,无售后或售后取消,,2025-11-11 10:05:41,	,,,,,,,否,否,	,否,	,,598.0	,0.0	,59.8	,0.0	,0.2	,0.0	,0.0	,0.0	,538.2	,538.2	,JDV023988981271,京东配送,浙江省,杭州市,余杭区,,,否,否,	,	,	,否,	,	,	,	,	,	,	,	,	,	,	,	,否,否,	,否,否,,	,否,	,否,,,否
云米小厨宝6L电热水器厨房卫生间出水恒温储水式小型速热神器加热,251111-024662545921993,已发货，待收货,1	,正常,2025-11-11 10:04:59,2025-11-12 10:05:00,,2025-11-11 15:17:54,	,208073193570	,热水即刻有-【6L】,1801828025682	,大家电,热水器,厨宝,	,6923185611233	,6923185611233	,	,	,无售后或售后取消,,2025-11-11 10:05:00,	,,,,,,,否,否,	,否,	,,267.0	,0.0	,14.0	,0.0	,0.0	,0.0	,0.0	,0.0	,253.0	,253.0	,JDV023989012119,京东配送,江苏省,苏州市,吴江区,,,否,否,	,	,	,否,	,	,	,	,	,	,	,	,	,	,	,	,否,否,	,否,否,,	,否,	,否,,,否
【重磅新品】云米净水器600G小海豚升级版厨下式RO反渗透直饮家用,251111-127821463870901,已发货，待收货,1	,正常,2025-11-11 10:01:35,2025-11-12 10:01:35,,2025-11-11 17:52:01,	,225501370546	,【24年新品】600G升级版6年长效,1600502140541	,厨房电器,净水器/净水设备及配件耗材,净水器,	,6923185653684	,6923185616399	,	,	,无售后或售后取消,,2025-11-11 10:01:35,	,,,,,,,否,否,	,否,	,,559.0	,0.0	,0.0	,55.9	,0.0	,0.0	,0.0	,0.0	,503.1	,559.0	,JDV023994271923,京东大件物流,四川省,广元市,利州区,,,否,否,	,	,	,否,	,	,	,	,	,	,	,	,	,	,	,	,否,否,	,否,否,,	,否,	,否,,,否
【重磅新品】云米净水器600G小海豚升级版厨下式RO反渗透直饮家用,251111-099876923710901,已取消,1	,正常,	,	,,	,	,225501370546	,【24年新品】600G升级版6年长效,1600502140541	,厨房电器,净水器/净水设备及配件耗材,净水器,	,6923185653684	,6923185616399	,	,	,无售后或售后取消,,	,	,,,,,,,否,否,	,否,	,,559.0	,0.0	,0.0	,55.9	,0.0	,0.0	,0.0	,0.0	,503.1	,559.0	,	,	,****,****,****,****,,否,否,	,	,	,否,	,	,	,	,	,	,	,	,	,	,	,	,否,否,	,否,	,,	,否,	,否,,,否
云米60升AI速热高温抑菌电热水器3000W一级节能变频增容家用租房,251111-476074483231823,已发货，待收货,1	,正常,2025-11-11 09:59:28,2025-11-12 09:59:28,,2025-11-11 15:17:49,	,226368376224	,3000W速热安全60L热水器,1737176648260	,大家电,热水器,电热水器,	,6923185602224	,6923185602224	,	,	,无售后或售后取消,,2025-11-11 09:59:28,	,,,,,,,否,否,	,否,	,,610.0	,0.0	,0.0	,0.0	,0.0	,0.0	,0.0	,0.0	,610.0	,610.0	,JDV023988983414,京东配送,广西壮族自治区,百色市,平果市,,,否,否,	,	,	,否,	,	,	,	,	,	,	,	,	,	,	,	,否,否,	,否,否,,	,否,	,否,,,否
【重磅新品】云米净水器600G小海豚升级版厨下式RO反渗透直饮家用,251111-533022645850760,已发货，待收货,1	,正常,2025-11-11 09:58:32,2025-11-12 09:58:32,,2025-11-11 17:52:02,	,225501370546	,【24年新品】600G升级版6年长效,1600502140541	,厨房电器,净水器/净水设备及配件耗材,净水器,	,6923185653684	,6923185616399	,	,	,无售后或售后取消,,2025-11-11 09:58:32,	,,,,,,,否,否,	,否,	,,559.0	,0.0	,0.0	,0.0	,0.0	,0.0	,0.0	,0.0	,559.0	,559.0	,JDV023994254041,京东大件物流,江苏省,南通市,崇川区,,,否,否,	,	,	,否,	,	,	,	,	,	,	,	,	,	,	,	,否,否,	,否,否,,	,否,	,否,,,否
云米顶侧大吸力蓝调油烟机家用厨房节能自清洁一级能效可挥手智控,251111-669756998052387,已发货，待收货,1	,正常,2025-11-11 09:58:11,2025-11-12 09:58:11,,2025-11-11 16:14:49,	,657344402006	,云米智清洁挥手智控单烟机,1723825075586	,大家电,厨房大电,油烟机,	,6923185650973	,6923185650973	,	,	,无售后或售后取消,,2025-11-11 09:58:11,	,,,,,,,否,否,	,否,	,,838.0	,0.0	,42.0	,39.8	,0.2	,0.0	,0.0	,0.0	,756.2	,796.0	,JDV023994208734,京东配送,福建省,三明市,明溪县,,,否,否,	,	,	,否,	,	,	,	,	,	,	,	,	,	,	,	,否,否,	,否,否,,	,否,	,否,,,否
VIOMI云米净水器1000G厨下直饮小体积净水机RO机智显龙头3秒满杯,251111-416074974790751,已发货，待收货,2	,正常,2025-11-11 09:58:26,2025-11-12 09:58:27,,2025-11-11 16:18:00,	,309517106373	,复合滤芯,1803020722098	,厨房电器,净水器/净水设备及配件耗材,净水器,	,6923185653998	,	,	,	,无售后或售后取消,,2025-11-11 09:58:27,	,,,,,,,否,否,	,否,	,,598.0	,0.0	,59.8	,44.0	,2.0	,0.0	,0.0	,0.0	,494.2	,538.2	,JDV023994190689,京东配送,湖北省,荆州市,监利市,,,否,否,	,	,	,否,	,	,	,	,	,	,	,	,	,	,	,	,否,否,	,否,否,,	,否,	,否,,,否
云米净水器滤芯小蓝调小海豚600G+专用复合滤芯RO反渗透滤芯过滤,251111-305471188560646,已发货，待收货,2	,正常,2025-11-11 09:56:58,2025-11-12 09:56:58,,2025-11-11 15:05:53,	,296967601341	,5in1复合滤芯 2年长效,1600193054565	,厨房电器,净水器/净水设备及配件耗材,净水器配件耗材,	,6923185627425	,	,后返，到手价99/根,	,无售后或售后取消,,2025-11-11 09:56:58,	,,,,,,,否,否,	,否,	,,598.0	,0.0	,5.98	,0.0	,0.2	,0.0	,0.0	,0.0	,592.02	,592.02	,JDV023989012029,京东配送,广东省,广州市,海珠区,,,否,否,	,	,	,否,	,	,	,	,	,	,	,	,	,	,	,	,否,否,	,否,否,,	,否,	,否,,,否
VIOMI云米净水器1000G厨下直饮小体积净水机RO机智显龙头3秒满杯,251111-145427033670751,已取消,2	,正常,	,	,,	,	,309517106373	,复合滤芯,1803020722098	,厨房电器,净水器/净水设备及配件耗材,净水器,	,6923185653998	,	,	,	,无售后或售后取消,,	,	,,,,,,,否,否,	,否,	,,598.0	,0.0	,59.8	,3.0	,0.0	,0.0	,0.0	,0.0	,535.2	,538.2	,	,	,****,****,****,****,,否,否,	,	,	,否,	,	,	,	,	,	,	,	,	,	,	,	,否,否,	,否,	,,	,否,	,否,,,否
【重磅新品】云米净水器600G小海豚升级版厨下式RO反渗透直饮家用,251111-165098319440646,待发货,1	,正常,2025-11-11 09:53:56,2026-02-10 09:53:57,,	,	,225501370546	,【24年新品】600G升级版6年长效,1600502140541	,厨房电器,净水器/净水设备及配件耗材,净水器,	,6923185653684	,6923185616399	,	,	,无售后或售后取消,,2025-11-11 09:53:57,	,,,,,,,否,否,	,否,	,,559.0	,0.0	,0.0	,0.0	,0.2	,0.0	,0.0	,0.0	,559.0	,559.0	,	,	,广东省,广州市,海珠区,,,否,否,	,	,	,否,	,	,	,	,	,	,	,	,	,	,	,	,否,否,	,否,否,,	,否,	,否,,,否
云米3000W速热电热水器家用浴室免换镁棒一级能效抑菌内胆免清洗,251111-182074786080433,已取消,1	,正常,	,	,,	,	,369876178838	,速热3000W免换镁棒电热水器60L,1799960621871	,大家电,热水器,电热水器,	,6923185611899	,6923185611882	,	,	,无售后或售后取消,,	,	,,,,,,,否,否,	,否,	,,750.0	,0.0	,0.0	,3.0	,0.0	,0.0	,0.0	,0.0	,747.0	,750.0	,	,	,****,****,****,****,,否,否,	,	,	,否,	,	,	,	,	,	,	,	,	,	,	,	,否,否,	,否,	,,	,否,	,否,,,否
云米净水器滤芯小蓝调小海豚600G+专用复合滤芯RO反渗透滤芯过滤,251111-236254686801355,已发货，待收货,2	,正常,2025-11-11 09:49:58,2025-11-12 09:49:58,,2025-11-11 19:15:43,	,296967601341	,5in1复合滤芯 2年长效,1600193054565	,厨房电器,净水器/净水设备及配件耗材,净水器配件耗材,	,6923185627425	,	,后返，到手价99/根,	,无售后或售后取消,,2025-11-11 09:49:58,	,,,,,,,否,否,	,否,	,,598.0	,0.0	,5.98	,0.0	,0.0	,0.0	,0.0	,0.0	,592.02	,592.02	,JDV023988042384,京东配送,四川省,绵阳市,北川羌族自治县,,,否,否,	,	,	,否,	,	,	,	,	,	,	,	,	,	,	,	,否,否,	,否,否,,	,否,	,否,,,否
VIOMI云米净水器大通量小海豚800G反渗透RO厨下式家用长效滤芯,251111-592162384193669,已发货，待收货,1	,正常,2025-11-11 09:48:54,2025-11-12 09:48:54,,2025-11-11 15:23:02,	,850333437206	,竹炭复合商品滤芯,1810726753549	,厨房电器,净水器/净水设备及配件耗材,净水器,	,6923185654193	,	,后返到手价99,	,无售后或售后取消,,2025-11-11 09:48:54,	,,,,,,,否,否,	,否,	,,299.0	,0.0	,0.0	,0.0	,0.0	,0.0	,0.0	,0.0	,299.0	,299.0	,JDV023989000921,京东配送,天津市,天津市,滨海新区,,,否,否,	,	,	,否,	,	,	,	,	,	,	,	,	,	,	,	,否,否,	,否,否,,	,否,	,否,,,否
VIOMI云米净水器1000G厨下直饮小体积净水机RO机智显龙头3秒满杯,251111-108192121133754,已发货，待收货,1	,正常,2025-11-11 09:49:02,2025-11-12 09:49:03,,2025-11-11 17:52:02,	,842195971715	,1000G大通量RO净水器,1803617356458	,厨房电器,净水器/净水设备及配件耗材,净水器,	,6923185654247	,	,	,	,无售后或售后取消,,2025-11-11 09:49:03,	,,,,,,,否,否,	,否,	,,823.0	,0.0	,24.0	,0.0	,1.59	,0.0	,0.0	,0.0	,799.0	,799.0	,JDV023994228616,京东大件物流,浙江省,杭州市,余杭区,,,否,否,	,	,	,否,	,	,	,	,	,	,	,	,	,	,	,	,否,否,	,否,否,,	,否,	,否,,,否
Viomi云米净水器1000G厨下式RO反渗透直饮过滤器净饮小海豚2,251111-619257566842037,已发货，待收货,1	,正常,2025-11-11 09:47:04,2025-11-12 09:47:04,,2025-11-11 17:52:02,	,205458105137	,小海豚2包安装1000G大加仑,1802849942800	,厨房电器,净水器/净水设备及配件耗材,净水器,	,6923185654865	,	,	,	,无售后或售后取消,,2025-11-11 09:47:04,	,,,,,,,否,否,	,否,	,,863.0	,0.0	,0.0	,0.0	,0.0	,0.0	,0.0	,0.0	,863.0	,863.0	,JDV023994250351,京东大件物流,安徽省,宿州市,泗县,,,否,否,	,	,	,否,	,	,	,	,	,	,	,	,	,	,	,	,否,否,	,否,否,,	,否,	,否,,,否
VIOMI云米净水器大通量小海豚800G反渗透RO厨下式家用长效滤芯,251111-216352704001288,已取消,1	,正常,	,	,,	,	,837957770723	,800G大通量纯水机,1809123722986	,厨房电器,净水器/净水设备及配件耗材,净水器配件耗材,	,6923185653974	,	,	,	,无售后或售后取消,,	,	,,,,,,,否,否,	,否,	,,882.9	,0.0	,177.0	,100.0	,0.0	,0.0	,0.0	,0.0	,605.9	,705.9	,	,	,****,****,****,****,,否,否,	,	,	,否,	,	,	,	,	,	,	,	,	,	,	,	,否,否,	,否,	,,	,否,	,否,,,否
【重磅新品】云米净水器600G小海豚升级版厨下式RO反渗透直饮家用,251111-642420600343281,已发货，待收货,1	,正常,2025-11-11 09:45:22,2025-11-12 09:45:22,,2025-11-11 17:52:03,	,225501370546	,【24年新品】600G升级版6年长效,1600502140541	,厨房电器,净水器/净水设备及配件耗材,净水器,	,6923185653684	,6923185616399	,	,	,无售后或售后取消,,2025-11-11 09:45:22,	,,,,,,,否,否,	,否,	,,559.0	,0.0	,0.0	,0.0	,0.0	,0.0	,0.0	,0.0	,559.0	,559.0	,JDV023994188680,京东大件物流,广东省,东莞市,长安镇,,,否,否,	,	,	,否,	,	,	,	,	,	,	,	,	,	,	,	,否,否,	,否,否,,	,否,	,否,,,否
【重磅新品】云米净水器600G小海豚升级版厨下式RO反渗透直饮家用,251111-289281185361355,已发货，待收货,1	,正常,2025-11-11 09:42:19,2025-11-12 09:42:19,,2025-11-11 17:52:03,	,225501370546	,【24年新品】600G升级版6年长效,1600502140541	,厨房电器,净水器/净水设备及配件耗材,净水器,	,6923185653684	,6923185616399	,	,	,无售后或售后取消,,2025-11-11 09:42:19,	,,,,,,,否,否,	,否,	,,559.0	,0.0	,0.0	,30.0	,0.0	,0.0	,0.0	,0.0	,529.0	,559.0	,JDV023994203488,京东大件物流,四川省,绵阳市,北川羌族自治县,,,否,否,	,	,	,否,	,	,	,	,	,	,	,	,	,	,	,	,否,否,	,否,否,,	,否,	,否,,,否
【重磅新品】云米净水器600G小海豚升级版厨下式RO反渗透直饮家用,251111-293150400001049,未发货，退款成功,1	,正常,2025-11-11 09:41:47,2025-11-12 09:41:47,,	,	,225501370546	,【24年新品】600G升级版6年长效,1600502140541	,厨房电器,净水器/净水设备及配件耗材,净水器,	,6923185653684	,6923185616399	,聚水潭已取消发货，仅退款  诚11.11,	,退款成功,,2025-11-11 09:41:47,	,,,,,,,否,否,	,否,	,,559.0	,0.0	,0.0	,0.0	,0.0	,0.0	,0.0	,0.0	,559.0	,559.0	,	,	,广东省,佛山市,南海区,,,否,否,	,	,	,否,	,	,	,	,	,	,	,	,	,	,	,	,否,否,	,否,否,,	,否,	,否,,,否
云米24m³大吸力顶侧3吸油烟机聚能猛火灶 烟灶智能联动套装嵌入式,251111-533022718251763,已发货，待收货,1	,正常,2025-11-11 09:37:16,2025-11-12 09:37:16,,2025-11-11 15:10:51,	,205936193873	,"【热销套装】单烟机+5.2KW聚能灶,天然气",1604718199168	,大家电,厨房大电,烟灶消套装,	,S2302131157001,6923185649762	,	,	,无售后或售后取消,,2025-11-11 09:37:16,	,,,,,,,否,否,	,否,	,,1599.0	,0.0	,0.0	,0.0	,0.0	,0.0	,0.0	,0.0	,1599.0	,1599.0	,JDV023990455392,京东配送,广东省,揭阳市,揭东区,,,否,否,	,	,	,否,	,	,	,	,	,	,	,	,	,	,	,	,否,否,	,否,否,,	,否,	,否,,,否
云米新品鲲鹏PRO油烟机28m³大吸力易清洁挥手智控烟灶联动小噪音,251111-285820853853495,已发货，待收货,2	,正常,2025-11-11 09:37:12,2025-11-12 09:37:12,,2025-11-11 15:35:14,	,763759392708	,【新品】小噪音大吸力油烟机,1748828925108	,大家电,厨房大电,油烟机,	,6923185605379	,6923185605379	,后返，到手价3500;奇门回传单号:JDV023990477407,	,无售后或售后取消,,2025-11-11 09:37:12,	,,,,,,,否,否,	,否,	,,3998.0	,0.0	,199.9	,0.0	,0.0	,0.0	,0.0	,0.0	,3798.1	,3798.1	,JDV023990474787,京东配送,福建省,莆田市,秀屿区,,,否,否,	,	,	,否,	,	,	,	,	,	,	,	,	,	,	,	,否,否,	,否,否,,	,否,	,否,,,否
VIOMI云米净水器1000G厨下直饮小体积净水机RO机智显龙头3秒满杯,251111-063564736932137,已发货，待收货,1	,正常,2025-11-11 09:36:31,2025-11-12 09:36:31,,2025-11-11 17:52:02,	,842195971715	,1000G大通量RO净水器,1803617356458	,厨房电器,净水器/净水设备及配件耗材,净水器,	,6923185654247	,	,	,	,无售后或售后取消,,2025-11-11 09:36:31,	,,,,,,,否,否,	,否,	,,823.0	,0.0	,24.0	,0.0	,0.0	,0.0	,0.0	,0.0	,799.0	,799.0	,JDV023994208788,京东大件物流,海南省,海口市,琼山区,,,否,否,	,	,	,否,	,	,	,	,	,	,	,	,	,	,	,	,否,否,	,否,是,12	,消费者,否,	,否,,花呗分期,否
【重磅新品】云米净水器600G小海豚升级版厨下式RO反渗透直饮家用,251111-649697739192937,未发货，退款成功,1	,正常,2025-11-11 09:36:16,2025-11-12 09:36:16,,	,	,225501370546	,【24年新品】600G升级版6年长效,1600502140541	,厨房电器,净水器/净水设备及配件耗材,净水器,	,6923185653684	,6923185616399	,聚水潭已取消发货，仅退款  诚11.11,	,退款成功,,2025-11-11 09:36:16,	,,,,,,,否,否,	,否,	,,559.0	,0.0	,0.0	,0.0	,0.0	,0.0	,0.0	,0.0	,559.0	,559.0	,	,	,内蒙古自治区,呼和浩特市,新城区,,,否,否,	,	,	,否,	,	,	,	,	,	,	,	,	,	,	,	,否,否,	,否,否,,	,否,	,否,,,否
【重磅新品】云米净水器600G小海豚升级版厨下式RO反渗透直饮家用,251111-345967225211705,已取消,1	,正常,	,	,,	,	,225501370546	,【24年新品】600G升级版6年长效,1600502140541	,厨房电器,净水器/净水设备及配件耗材,净水器,	,6923185653684	,6923185616399	,	,	,无售后或售后取消,,	,	,,,,,,,否,否,	,否,	,,559.0	,0.0	,0.0	,0.0	,0.0	,0.0	,0.0	,0.0	,559.0	,559.0	,	,	,****,****,****,****,,否,否,	,	,	,否,	,	,	,	,	,	,	,	,	,	,	,	,否,否,	,否,	,,	,否,	,否,,,否
【重磅新品】云米净水器600G小海豚升级版厨下式RO反渗透直饮家用,251111-485868203632647,已发货，待收货,1	,正常,2025-11-11 09:31:59,2025-11-12 09:32:00,,2025-11-11 15:55:41,	,225501370546	,【24年新品】600G升级版6年长效,1600502140541	,厨房电器,净水器/净水设备及配件耗材,净水器,	,6923185653684	,6923185616399	,	,	,无售后或售后取消,,2025-11-11 09:32:00,	,,,,,,,否,否,	,否,	,,559.0	,0.0	,0.0	,0.0	,0.0	,0.0	,0.0	,0.0	,559.0	,559.0	,JDV023991895992,京东大件物流,山西省,运城市,盐湖区,,,否,否,	,	,	,否,	,	,	,	,	,	,	,	,	,	,	,	,否,否,	,否,否,,	,否,	,否,,,否
【重磅新品】云米净水器600G小海豚升级版厨下式RO反渗透直饮家用,251111-298823226952207,已取消,1	,正常,	,	,,	,	,225501370546	,【24年新品】600G升级版6年长效,1600502140541	,厨房电器,净水器/净水设备及配件耗材,净水器,	,6923185653684	,6923185616399	,	,	,无售后或售后取消,,	,	,,,,,,,否,否,	,否,	,,559.0	,0.0	,0.0	,50.0	,0.0	,0.0	,0.0	,0.0	,509.0	,559.0	,	,	,****,****,****,****,,否,否,	,	,	,否,	,	,	,	,	,	,	,	,	,	,	,	,否,否,	,否,	,,	,否,	,否,,,否
VIOMI云米净水器1000G厨下直饮小体积净水机RO机智显龙头3秒满杯,251111-115049828640678,已发货，待收货,1	,正常,2025-11-11 09:25:23,2025-11-12 09:25:23,,2025-11-11 17:52:03,	,842195971715	,1000G大通量RO净水器,1803617356458	,厨房电器,净水器/净水设备及配件耗材,净水器,	,6923185654247	,	,	,	,无售后或售后取消,,2025-11-11 09:25:23,	,,,,,,,否,否,	,否,	,,823.0	,0.0	,24.0	,0.0	,0.0	,0.0	,0.0	,0.0	,799.0	,799.0	,JDV023994239568,京东大件物流,四川省,成都市,温江区,,,否,否,	,	,	,否,	,	,	,	,	,	,	,	,	,	,	,	,否,否,	,否,否,,	,否,	,否,,,否
云米蒸烤一体机厨房家用嵌入式蒸烤箱45L大蒸汽电烤箱VSO4501-B,251111-411817818463423,已发货，待收货,1	,正常,2025-11-11 09:24:15,2025-11-12 09:24:15,,2025-11-11 22:55:09,	,403868159413	,黑色45L 大容量,1262647022971	,大家电,全屋互联网智能电器,全屋互联网智能电器,	,6923185606314	,6923185606314	,	,	,无售后或售后取消,,2025-11-11 09:24:15,	,,,,,,,否,否,	,否,	,,1609.0	,0.0	,81.0	,50.0	,0.0	,0.0	,0.0	,0.0	,1478.0	,1528.0	,JDLD12898298919,京东大件物流,安徽省,合肥市,庐阳区,,,否,否,	,	,	,否,	,	,	,	,	,	,	,	,	,	,	,	,否,否,	,否,否,,	,否,	,否,,,否
云米净水器滤芯家用小海豚小蓝调小白龙系列专用RO反渗透,251111-420195930452269,已发货，待收货,1	,正常,2025-11-11 09:22:31,2025-11-13 09:22:32,,2025-11-11 15:20:03,	,232467205433	,5in1 复合滤芯,1647394585330	,厨房电器,净水器/净水设备及配件耗材,净水器配件耗材,	,6923185627425	,	,后返到手价109元,	,无售后或售后取消,,2025-11-11 09:22:32,	,,,,,,,否,否,	,否,	,,149.0	,0.0	,0.0	,0.0	,0.13	,0.0	,0.0	,0.0	,149.0	,149.0	,JDV023987910290,京东配送,河北省,唐山市,滦州市,,,否,否,	,	,	,否,	,	,	,	,	,	,	,	,	,	,	,	,否,否,	,否,否,,	,否,	,否,,,否
VIOMI云米净水器大通量小海豚800G反渗透RO厨下式家用长效滤芯,251111-354754302273669,已发货，待收货,1	,正常,2025-11-11 09:21:42,2025-11-12 09:21:43,,2025-11-11 16:35:51,	,837957770723	,800G大通量纯水机,1809123722986	,厨房电器,净水器/净水设备及配件耗材,净水器配件耗材,	,6923185653974	,	,	,	,无售后或售后取消,,2025-11-11 09:21:43,	,,,,,,,否,否,	,否,	,,882.9	,0.0	,177.0	,100.0	,0.0	,0.0	,0.0	,0.0	,605.9	,705.9	,JDV023994239253,京东配送,天津市,天津市,滨海新区,,,否,否,	,	,	,否,	,	,	,	,	,	,	,	,	,	,	,	,否,否,	,否,否,,	,否,	,否,,,否
云米3000W速热电热水器家用浴室免换镁棒一级能效抑菌内胆免清洗,251111-672367952313452,已发货，待收货,3	,正常,2025-11-11 09:18:14,2025-11-12 09:18:14,,2025-11-11 15:23:55,	,369876178838	,速热3000W免换镁棒电热水器60L,1799960621871	,大家电,热水器,电热水器,	,6923185611899	,6923185611882	,	,	,无售后或售后取消,,2025-11-11 09:18:14,	,,,,,,,否,否,	,否,	,,2250.0	,0.0	,45.0	,0.0	,0.0	,0.0	,0.0	,0.0	,2205.0	,2205.0	,JDV023988659781,京东配送,浙江省,金华市,东阳市,,,否,否,	,	,	,否,	,	,	,	,	,	,	,	,	,	,	,	,否,否,	,否,否,,	,否,	,否,,,否
【冷热直饮套装】云米净水器家用厨下管线机套装一键即热制冷直饮,251111-447123372472498,已发货，待收货,1	,正常,2025-11-11 09:20:56,2025-11-12 09:20:56,,2025-11-11 13:06:39,	,480070620581	,【冷热净水直饮套装】新品净水器+冷热管线机,1620106386127	,厨房电器,净水器/净水设备及配件耗材,净水器,	,S2407170910001,	,	,	,无售后或售后取消,,2025-11-11 09:20:56,	,,,,,,,否,否,	,否,	,,1434.0	,0.0	,0.0	,0.0	,0.0	,0.0	,0.0	,0.0	,1434.0	,1434.0	,JDV023987378695,京东大件物流,河南省,濮阳市,濮阳县,,,否,否,	,	,	,否,	,	,	,	,	,	,	,	,	,	,	,	,否,否,	,否,否,,	,否,	,否,,,否
【重磅新品】云米净水器600G小海豚升级版厨下式RO反渗透直饮家用,251111-163798064753235,已发货，待收货,1	,正常,2025-11-11 09:17:00,2025-11-12 09:17:00,,2025-11-11 17:52:02,	,225501370546	,【24年新品】600G升级版6年长效,1600502140541	,厨房电器,净水器/净水设备及配件耗材,净水器,	,6923185653684	,6923185616399	,	,	,无售后或售后取消,,2025-11-11 09:17:00,	,,,,,,,否,否,	,否,	,,559.0	,0.0	,0.0	,0.0	,0.0	,0.0	,0.0	,0.0	,559.0	,559.0	,JDV023994250630,京东大件物流,四川省,绵阳市,涪城区,,,否,否,	,	,	,否,	,	,	,	,	,	,	,	,	,	,	,	,否,否,	,否,是,3	,商家,否,	,否,,信用卡分期,否
云米电热水器免换镁棒1级能效钛芯防护抑菌内胆免清洗3000W速热,251111-586468606393452,已发货，待收货,1	,正常,2025-11-11 09:15:34,2025-11-12 09:15:34,,2025-11-11 15:16:57,	,215513269171	,"【免更换镁棒技术】抑菌健康洗,50L",1757655804682	,大家电,热水器,电热水器,	,6923185611882	,镁棒50/60L,	,	,无售后或售后取消,,2025-11-11 09:15:34,	,,,,,,,否,否,	,否,	,,703.0	,0.0	,35.15	,20.86	,0.0	,0.0	,0.0	,0.0	,646.99	,667.85	,JDV023994247587,京东配送,浙江省,金华市,东阳市,,,否,否,	,	,	,否,	,	,	,	,	,	,	,	,	,	,	,	,否,否,	,否,否,,	,否,	,否,,,否
云米电热水器免换镁棒1级能效钛芯防护抑菌内胆免清洗3000W速热,251111-242871222713452,未发货，退款成功,3	,正常,2025-11-11 09:15:34,2025-11-12 09:15:34,,	,	,215513269171	,"【免更换镁棒技术】抑菌健康洗,60L",1757655804683	,大家电,热水器,电热水器,	,6923185611899	,镁棒50/60L,聚水潭已取消发货，仅退款  诚11.11,	,退款成功,,2025-11-11 09:15:34,	,,,,,,,否,否,	,否,	,,2667.0	,0.0	,133.35	,79.14	,0.0	,0.0	,0.0	,0.0	,2454.51	,2533.65	,	,	,浙江省,金华市,东阳市,,,否,否,	,	,	,否,	,	,	,	,	,	,	,	,	,	,	,	,否,否,	,否,否,,	,否,	,否,,,否
VIOMI云米净水器大通量小海豚800G反渗透RO厨下式家用长效滤芯,251111-671822681660397,已发货，待收货,1	,正常,2025-11-11 09:14:32,2025-11-12 09:14:32,,2025-11-11 16:35:58,	,837957770723	,800G大通量纯水机,1809123722986	,厨房电器,净水器/净水设备及配件耗材,净水器配件耗材,	,6923185653974	,	,	,	,无售后或售后取消,,2025-11-11 09:14:32,	,,,,,,,否,否,	,否,	,,882.9	,0.0	,177.0	,100.0	,0.0	,0.0	,0.0	,0.0	,605.9	,705.9	,JDV023994219211,京东配送,宁夏回族自治区,银川市,贺兰县,,,否,否,	,	,	,否,	,	,	,	,	,	,	,	,	,	,	,	,否,否,	,否,否,,	,否,	,否,,,否
VIOMI云米净水器600G小蓝调厨下式RO反渗透直饮家用6年长效,251111-308753273183423,已发货，待收货,1	,正常,2025-11-11 09:13:04,2025-11-12 09:13:05,,2025-11-11 15:28:55,	,850883552953	,RO反渗透除去重金属,1811278299045	,厨房电器,净水器/净水设备及配件耗材,净水器,	,6923185653592	,6923185653592	,	,	,无售后或售后取消,,2025-11-11 09:13:05,	,,,,,,,否,否,	,否,	,,615.0	,0.0	,0.0	,50.0	,0.0	,0.0	,0.0	,0.0	,565.0	,615.0	,JDV023994247542,京东配送,安徽省,合肥市,庐阳区,,,否,否,	,	,	,否,	,	,	,	,	,	,	,	,	,	,	,	,否,否,	,否,否,,	,否,	,否,,,否
云米100L消毒柜家用超薄嵌入式大容量厨房独立消毒烘干ZTD100A-1,251111-546748515923013,已发货，待收货,1	,正常,2025-11-11 09:11:30,2025-11-13 09:11:30,,2025-11-11 16:14:49,	,220820325711	,嵌入式100L消毒柜,1644782695193	,大家电,厨房大电,消毒柜,	,6923185604303	,6923185604303	,后返，晒单送清洁剂，返50,	,无售后或售后取消,,2025-11-11 09:11:30,	,,,,,,,否,否,	,否,	,,840.0	,0.0	,0.0	,35.0	,5.0	,0.0	,0.0	,0.0	,805.0	,840.0	,JDV023994233053,京东配送,湖南省,常德市,桃源县,,,否,否,	,	,	,否,	,	,	,	,	,	,	,	,	,	,	,	,否,否,	,否,否,,	,否,	,否,,,否
【重磅新品】云米净水器600G小海豚升级版厨下式RO反渗透直饮家用,251111-325194892922283,已发货，待收货,1	,正常,2025-11-11 09:08:26,2025-11-12 09:08:26,,2025-11-11 17:52:03,	,225501370546	,【24年新品】600G升级版6年长效,1600502140541	,厨房电器,净水器/净水设备及配件耗材,净水器,	,6923185653684	,6923185616399	,	,	,无售后或售后取消,,2025-11-11 09:08:26,	,,,,,,,否,否,	,否,	,,559.0	,0.0	,0.0	,0.0	,0.0	,0.0	,0.0	,0.0	,559.0	,559.0	,JDV023994203525,京东大件物流,江苏省,苏州市,虎丘区,,,否,否,	,	,	,否,	,	,	,	,	,	,	,	,	,	,	,	,否,否,	,否,否,,	,否,	,否,,,否
【重磅新品】云米净水器600G小海豚升级版厨下式RO反渗透直饮家用,251111-116622692731705,已取消,1	,正常,	,	,,	,	,225501370546	,【24年新品】600G升级版6年长效,1600502140541	,厨房电器,净水器/净水设备及配件耗材,净水器,	,6923185653684	,6923185616399	,	,	,无售后或售后取消,,	,	,,,,,,,否,否,	,否,	,,559.0	,0.0	,0.0	,0.0	,0.0	,0.0	,0.0	,0.0	,559.0	,559.0	,	,	,****,****,****,****,,否,否,	,	,	,否,	,	,	,	,	,	,	,	,	,	,	,	,否,否,	,否,	,,	,否,	,否,,,否
【重磅新品】云米净水器600G小海豚升级版厨下式RO反渗透直饮家用,251111-058028213882283,已发货，待收货,1	,正常,2025-11-11 09:05:56,2025-11-12 09:05:56,,2025-11-11 17:52:04,	,225501370546	,【24年新品】600G升级版6年长效,1600502140541	,厨房电器,净水器/净水设备及配件耗材,净水器,	,6923185653684	,6923185616399	,	,	,无售后或售后取消,,2025-11-11 09:05:56,	,,,,,,,否,否,	,否,	,,559.0	,0.0	,0.0	,0.0	,0.0	,0.0	,0.0	,0.0	,559.0	,559.0	,JDV023994219157,京东大件物流,江苏省,苏州市,高新区,,,否,否,	,	,	,否,	,	,	,	,	,	,	,	,	,	,	,	,否,否,	,否,否,,	,否,	,否,,,否
VIOMI云米净水器大通量小海豚800G反渗透RO厨下式家用长效滤芯,251111-505130534491172,已发货，待收货,1	,正常,2025-11-11 09:05:18,2025-11-12 09:05:18,,2025-11-11 16:35:51,	,837957770723	,800G大通量纯水机,1809123722986	,厨房电器,净水器/净水设备及配件耗材,净水器配件耗材,	,6923185653974	,	,	,	,无售后或售后取消,,2025-11-11 09:05:18,	,,,,,,,否,否,	,否,	,,882.9	,0.0	,177.0	,100.0	,0.0	,0.0	,0.0	,0.0	,605.9	,705.9	,JDV023994223711,京东配送,湖南省,长沙市,开福区,,,否,否,	,	,	,否,	,	,	,	,	,	,	,	,	,	,	,	,否,否,	,否,否,,	,否,	,否,,,否
VIOMI云米净水器大通量小海豚800G反渗透RO厨下式家用长效滤芯,251111-075078121793669,已取消,1	,正常,	,	,,	,	,837957770723	,800G大通量纯水机,1809123722986	,厨房电器,净水器/净水设备及配件耗材,净水器配件耗材,	,6923185653974	,	,	,	,无售后或售后取消,,	,	,,,,,,,否,否,	,否,	,,882.9	,0.0	,177.0	,50.0	,0.0	,0.0	,0.0	,0.0	,655.9	,705.9	,	,	,****,****,****,****,,否,否,	,	,	,否,	,	,	,	,	,	,	,	,	,	,	,	,否,否,	,否,	,,	,否,	,否,,,否
云米净水器滤芯小蓝调小海豚600G+专用复合滤芯RO反渗透滤芯过滤,251111-179023440272627,已发货，待收货,1	,正常,2025-11-11 09:02:04,2025-11-12 09:02:05,,2025-11-11 15:24:03,	,296967601341	,5in1复合滤芯 2年长效,1600193054565	,厨房电器,净水器/净水设备及配件耗材,净水器配件耗材,	,6923185627425	,	,后返，到手价99,	,无售后或售后取消,,2025-11-11 09:02:05,	,,,,,,,否,否,	,否,	,,299.0	,0.0	,0.0	,0.0	,0.0	,0.0	,0.0	,0.0	,299.0	,299.0	,JDV023987066244,京东配送,河南省,郑州市,金水区,,,否,否,	,	,	,否,	,	,	,	,	,	,	,	,	,	,	,	,否,否,	,否,否,,	,否,	,否,,,否
VIOMI云米净水器大通量小海豚800G反渗透RO厨下式家用长效滤芯,251111-597038272850944,已发货，待收货,1	,正常,2025-11-11 09:00:30,2025-11-12 09:00:30,,2025-11-11 15:29:02,	,850333437206	,竹炭复合商品滤芯,1810726753549	,厨房电器,净水器/净水设备及配件耗材,净水器,	,6923185654193	,	,后返到手价99,	,无售后或售后取消,,2025-11-11 09:00:30,	,,,,,,,否,否,	,否,	,,299.0	,0.0	,0.0	,7.0	,0.0	,0.0	,0.0	,0.0	,292.0	,299.0	,JDV023987092201,京东配送,贵州省,黔南布依族苗族自治州,惠水县,,,否,否,	,	,	,否,	,	,	,	,	,	,	,	,	,	,	,	,否,否,	,否,否,,	,否,	,否,,,否
【重磅新品】云米净水器600G小海豚升级版厨下式RO反渗透直饮家用,251111-437507920272627,已发货，待收货,1	,正常,2025-11-11 09:00:02,2025-11-12 09:00:02,,2025-11-11 15:55:41,	,225501370546	,【24年新品】600G升级版6年长效,1600502140541	,厨房电器,净水器/净水设备及配件耗材,净水器,	,6923185653684	,6923185616399	,	,	,无售后或售后取消,,2025-11-11 09:00:02,	,,,,,,,否,否,	,否,	,,559.0	,0.0	,0.0	,200.0	,15.0	,0.0	,0.0	,0.0	,359.0	,559.0	,JDV023992534743,京东大件物流,河南省,郑州市,金水区,,,否,否,	,	,	,否,	,	,	,	,	,	,	,	,	,	,	,	,否,否,	,否,否,,	,否,	,否,,,否
【母婴直饮】云米净水器 SE 600G+ 新升级厨下式RO反渗透直饮家用,251111-459622377771081,已发货，待收货,1	,正常,2025-11-11 08:59:35,2025-11-12 08:59:35,,2025-11-11 15:36:38,	,819506595979	,【24年新品】600G升级版6年长效,1787046011387	,厨房电器,净水器/净水设备及配件耗材,净水器,	,6923185653684	,6923185616399	,	,	,无售后或售后取消,,2025-11-11 08:59:35,	,,,,,,,否,否,	,否,	,,748.0	,0.0	,129.6	,100.0	,0.0	,0.0	,0.0	,0.0	,518.4	,618.4	,JDV023991895949,京东配送,河南省,安阳市,文峰区,,,否,否,	,	,	,否,	,	,	,	,	,	,	,	,	,	,	,	,否,否,	,否,否,,	,否,	,否,,,否
【重磅新品】云米净水器600G小海豚升级版厨下式RO反渗透直饮家用,251111-470024210061725,已取消,1	,正常,	,	,,	,	,225501370546	,【24年新品】600G升级版6年长效,1600502140541	,厨房电器,净水器/净水设备及配件耗材,净水器,	,6923185653684	,6923185616399	,	,	,无售后或售后取消,,	,	,,,,,,,否,否,	,否,	,,559.0	,0.0	,0.0	,0.0	,0.0	,0.0	,0.0	,0.0	,559.0	,559.0	,	,	,****,****,****,****,,否,否,	,	,	,否,	,	,	,	,	,	,	,	,	,	,	,	,否,否,	,否,	,,	,否,	,否,,,否
VIOMI云米净水器1000G厨下直饮小体积净水机RO机智显龙头3秒满杯,251111-223996812882723,已取消,1	,正常,	,	,,	,	,842195971715	,1000G大通量RO净水器,1803617356458	,厨房电器,净水器/净水设备及配件耗材,净水器,	,6923185654247	,	,	,	,无售后或售后取消,,	,	,,,,,,,否,否,	,否,	,,823.0	,0.0	,24.0	,0.0	,0.0	,0.0	,0.0	,0.0	,799.0	,799.0	,	,	,****,****,****,****,,否,否,	,	,	,否,	,	,	,	,	,	,	,	,	,	,	,	,否,否,	,否,	,,	,否,	,否,,,否
【重磅新品】云米净水器600G小海豚升级版厨下式RO反渗透直饮家用,251111-491111135603167,已发货，待收货,1	,正常,2025-11-11 08:57:01,2025-11-12 08:57:01,,2025-11-11 17:52:02,	,225501370546	,【24年新品】600G升级版6年长效,1600502140541	,厨房电器,净水器/净水设备及配件耗材,净水器,	,6923185653684	,6923185616399	,	,	,无售后或售后取消,,2025-11-11 08:57:01,	,,,,,,,否,否,	,否,	,,559.0	,0.0	,0.0	,55.9	,0.0	,0.0	,0.0	,0.0	,503.1	,559.0	,JDV023994233071,京东大件物流,湖南省,长沙市,岳麓区,,,否,否,	,	,	,否,	,	,	,	,	,	,	,	,	,	,	,	,否,否,	,否,否,,	,否,	,否,,,否
【重磅新品】云米净水器600G小海豚升级版厨下式RO反渗透直饮家用,251111-137761932950742,已取消,1	,正常,	,	,,	,	,225501370546	,【24年新品】600G升级版6年长效,1600502140541	,厨房电器,净水器/净水设备及配件耗材,净水器,	,6923185653684	,6923185616399	,	,	,无售后或售后取消,,	,	,,,,,,,否,否,	,否,	,,559.0	,0.0	,0.0	,0.0	,0.0	,0.0	,0.0	,0.0	,559.0	,559.0	,	,	,****,****,****,****,,否,否,	,	,	,否,	,	,	,	,	,	,	,	,	,	,	,	,否,否,	,否,	,,	,否,	,否,,,否
VIOMI云米净水器600G小蓝调厨下式RO反渗透直饮家用6年长效,251111-630278090310186,已发货，待收货,1	,正常,2025-11-11 08:52:32,2025-11-12 08:52:32,,2025-11-11 16:38:55,	,850883552953	,RO反渗透除去重金属,1811278299045	,厨房电器,净水器/净水设备及配件耗材,净水器,	,6923185653592	,6923185653592	,	,	,无售后或售后取消,,2025-11-11 08:52:32,	,,,,,,,否,否,	,否,	,,615.0	,0.0	,0.0	,100.0	,5.0	,0.0	,0.0	,0.0	,515.0	,615.0	,JDV023994250342,京东配送,四川省,成都市,成华区,,,否,否,	,	,	,否,	,	,	,	,	,	,	,	,	,	,	,	,否,否,	,否,否,,	,否,	,否,,,否
云米净水器滤芯小蓝调小海豚600G+专用复合滤芯RO反渗透滤芯过滤,251111-269872054640641,已发货，待收货,1	,正常,2025-11-11 08:50:38,2025-11-12 08:50:39,,2025-11-11 19:07:48,	,296967601341	,5in1复合滤芯 2年长效,1600193054565	,厨房电器,净水器/净水设备及配件耗材,净水器配件耗材,	,6923185627425	,	,	,	,无售后或售后取消,,2025-11-11 08:50:39,	,,,,,,,否,否,	,否,	,,299.0	,0.0	,0.0	,20.0	,0.0	,0.0	,0.0	,0.0	,279.0	,299.0	,JDV023986444452,京东配送,陕西省,西安市,未央区,,,否,否,	,	,	,否,	,	,	,	,	,	,	,	,	,	,	,	,否,否,	,否,否,,	,否,	,否,,,否
VIOMI云米净水器大通量小海豚800G反渗透RO厨下式家用长效滤芯,251111-440538315090944,已发货，待收货,1	,正常,2025-11-11 08:48:36,2025-11-12 08:48:36,,2025-11-11 16:35:51,	,837957770723	,800G大通量纯水机,1809123722986	,厨房电器,净水器/净水设备及配件耗材,净水器配件耗材,	,6923185653974	,	,	,	,无售后或售后取消,,2025-11-11 08:48:36,	,,,,,,,否,否,	,否,	,,882.9	,0.0	,177.0	,100.0	,0.0	,0.0	,0.0	,0.0	,605.9	,705.9	,JDV023994232593,京东配送,贵州省,黔南布依族苗族自治州,惠水县,,,否,否,	,	,	,否,	,	,	,	,	,	,	,	,	,	,	,	,否,否,	,否,否,,	,否,	,否,,,否
【冷热直饮套装】云米净水器家用厨下管线机套装一键即热制冷直饮,251111-504239255121925,已发货，待收货,1	,正常,2025-11-11 08:45:54,2025-11-12 08:45:54,,2025-11-11 15:55:42,	,480070620581	,【冷热净水直饮套装】新品净水器+冷热管线机,1620106386127	,厨房电器,净水器/净水设备及配件耗材,净水器,	,S2407170910001,	,	,	,无售后或售后取消,,2025-11-11 08:45:54,	,,,,,,,否,否,	,否,	,,1434.0	,0.0	,0.0	,71.7	,2.72	,0.0	,0.0	,0.0	,1362.3	,1434.0	,JDV023988983431,京东大件物流,黑龙江省,齐齐哈尔市,建华区,,,否,否,	,	,	,否,	,	,	,	,	,	,	,	,	,	,	,	,否,否,	,否,否,,	,否,	,否,,,否
【重磅新品】云米净水器600G小海豚升级版厨下式RO反渗透直饮家用,251111-153008217643331,已发货，待收货,1	,正常,2025-11-11 08:44:44,2025-11-12 08:44:44,,2025-11-11 15:55:42,	,225501370546	,【24年新品】600G升级版6年长效,1600502140541	,厨房电器,净水器/净水设备及配件耗材,净水器,	,6923185653684	,6923185616399	,	,	,无售后或售后取消,,2025-11-11 08:44:44,	,,,,,,,否,否,	,否,	,,559.0	,0.0	,0.0	,0.0	,0.0	,0.0	,0.0	,0.0	,559.0	,559.0	,JDV023988944911,京东大件物流,重庆市,重庆市,九龙坡区,,,否,否,	,	,	,否,	,	,	,	,	,	,	,	,	,	,	,	,否,否,	,否,否,,	,否,	,否,,,否
【重磅新品】云米净水器600G小海豚升级版厨下式RO反渗透直饮家用,251111-564186366273791,已发货，待收货,1	,正常,2025-11-11 08:39:56,2025-11-12 08:39:56,,2025-11-11 15:55:42,	,225501370546	,【24年新品】600G升级版6年长效,1600502140541	,厨房电器,净水器/净水设备及配件耗材,净水器,	,6923185653684	,6923185616399	,13758098951催发货 [viomi莉莉sk 11/11 13:42],	,无售后或售后取消,,2025-11-11 08:39:56,	,,,,,,,否,否,	,否,	,,559.0	,0.0	,0.0	,55.9	,0.0	,0.0	,0.0	,0.0	,503.1	,559.0	,JDV023988983260,京东大件物流,浙江省,嘉兴市,嘉善县,,,否,否,	,	,	,否,	,	,	,	,	,	,	,	,	,	,	,	,否,否,	,否,否,,	,否,	,否,,,否
【重磅新品】云米净水器600G小海豚升级版厨下式RO反渗透直饮家用,251111-021443397192454,未发货，退款成功,1	,正常,2025-11-11 08:33:56,2025-11-12 08:33:56,,	,	,225501370546	,【24年新品】600G升级版6年长效,1600502140541	,厨房电器,净水器/净水设备及配件耗材,净水器,	,6923185653684	,6923185616399	,ZX2511110068132待拦截11.11诚,	,退款成功,,2025-11-11 08:33:56,	,,,,,,,否,否,	,否,	,,559.0	,0.0	,0.0	,0.0	,0.0	,0.0	,0.0	,0.0	,559.0	,559.0	,	,	,广东省,东莞市,寮步镇,,,否,否,	,	,	,否,	,	,	,	,	,	,	,	,	,	,	,	,否,否,	,否,是,3	,商家,否,	,否,,信用卡分期,否
【重磅新品】云米净水器600G小海豚升级版厨下式RO反渗透直饮家用,251111-278753472141378,已发货，待收货,1	,正常,2025-11-11 08:33:21,2025-11-12 08:33:22,,2025-11-11 15:55:42,	,225501370546	,【24年新品】600G升级版6年长效,1600502140541	,厨房电器,净水器/净水设备及配件耗材,净水器,	,6923185653684	,6923185616399	,	,	,无售后或售后取消,,2025-11-11 08:33:22,	,,,,,,,否,否,	,否,	,,559.0	,0.0	,0.0	,1.0	,0.0	,0.0	,0.0	,0.0	,558.0	,559.0	,JDV023988983324,京东大件物流,广东省,潮州市,饶平县,,,否,否,	,	,	,否,	,	,	,	,	,	,	,	,	,	,	,	,否,否,	,否,否,,	,否,	,否,,,否
【重磅新品】云米净水器600G小海豚升级版厨下式RO反渗透直饮家用,251111-092788560271328,已发货，待收货,1	,正常,2025-11-11 08:29:23,2025-11-12 08:29:23,,2025-11-11 13:06:39,	,225501370546	,【24年新品】600G升级版6年长效,1600502140541	,厨房电器,净水器/净水设备及配件耗材,净水器,	,6923185653684	,6923185616399	,	,	,无售后或售后取消,,2025-11-11 08:29:23,	,,,,,,,否,否,	,否,	,,559.0	,0.0	,0.0	,0.0	,0.0	,0.0	,0.0	,0.0	,559.0	,559.0	,JDV023988364520,京东大件物流,河北省,邢台市,沙河市,,,否,否,	,	,	,否,	,	,	,	,	,	,	,	,	,	,	,	,否,否,	,否,否,,	,否,	,否,,,否
云米顶侧双吸大吸力低噪油烟机猛火液化气聚能灶智能套装家用厨房,251111-056423944513839,已发货，待收货,1	,正常,2025-11-11 08:28:59,2025-11-12 08:28:59,,2025-11-11 15:21:55,	,674950510509	,【烟灶套装】顶侧双吸烟机+5.0KW灶（天）,1744061180430	,大家电,厨房大电,烟灶消套装,	,S2405071349001,S2501061036001,	,	,无售后或售后取消,,2025-11-11 08:28:59,	,,,,,,,否,否,	,否,	,,1079.0	,0.0	,0.0	,0.0	,0.0	,0.0	,0.0	,0.0	,1079.0	,1079.0	,JDV023985850190,京东配送,浙江省,绍兴市,诸暨市,,,否,否,	,	,	,否,	,	,	,	,	,	,	,	,	,	,	,	,否,否,	,否,否,,	,否,	,否,,,否
【重磅新品】云米净水器600G小海豚升级版厨下式RO反渗透直饮家用,251111-139502569013328,已取消,1	,正常,	,	,,	,	,225501370546	,【24年新品】600G升级版6年长效,1600502140541	,厨房电器,净水器/净水设备及配件耗材,净水器,	,6923185653684	,6923185616399	,	,	,无售后或售后取消,,	,	,,,,,,,否,否,	,否,	,,559.0	,0.0	,0.0	,55.9	,0.0	,0.0	,0.0	,0.0	,503.1	,559.0	,	,	,****,****,****,****,,否,否,	,	,	,否,	,	,	,	,	,	,	,	,	,	,	,	,否,否,	,否,	,,	,否,	,否,,,否
云米顶侧双吸大吸力低噪油烟机猛火液化气聚能灶智能套装家用厨房,251111-339340214593839,未发货，退款成功,1	,正常,2025-11-11 08:27:50,2025-11-12 08:27:50,,	,	,674950510509	,【烟灶套装】顶侧双吸烟机+5.0KW灶（天）,1744061180430	,大家电,厨房大电,烟灶消套装,	,S2405071349001,S2501061036001,聚水潭已取消发货，仅退款  诚11.11,	,退款成功,,2025-11-11 08:27:50,	,,,,,,,否,否,	,否,	,,1079.0	,0.0	,0.0	,0.0	,0.0	,0.0	,0.0	,0.0	,1079.0	,1079.0	,	,	,浙江省,绍兴市,诸暨市,,,否,否,	,	,	,否,	,	,	,	,	,	,	,	,	,	,	,	,否,否,	,否,否,,	,否,	,否,,,否
【重磅新品】云米净水器600G小海豚升级版厨下式RO反渗透直饮家用,251111-216184952373328,未发货，退款成功,1	,正常,2025-11-11 08:27:55,2025-11-12 08:27:55,,	,	,225501370546	,【24年新品】600G升级版6年长效,1600502140541	,厨房电器,净水器/净水设备及配件耗材,净水器,	,6923185653684	,6923185616399	,聚水潭已取消发货，仅退款  诚11.11,	,退款成功,,2025-11-11 08:27:55,	,,,,,,,否,否,	,否,	,,559.0	,0.0	,0.0	,55.9	,0.0	,0.0	,0.0	,0.0	,503.1	,559.0	,	,	,江苏省,镇江市,句容市,,,否,否,	,	,	,否,	,	,	,	,	,	,	,	,	,	,	,	,否,否,	,否,否,,	,否,	,否,,,否
云米净水器滤芯家用小海豚小蓝调小白龙系列专用RO反渗透,251111-147178197332269,未发货，退款成功,1	,正常,2025-11-11 08:22:01,2025-11-13 08:22:01,,	,	,232467205433	,5in1 复合滤芯,1647394585330	,厨房电器,净水器/净水设备及配件耗材,净水器配件耗材,	,6923185627425	,	,聚水潭已取消发货，仅退款  诚11.11,	,退款成功,,2025-11-11 08:22:01,	,,,,,,,否,否,	,否,	,,149.0	,0.0	,0.0	,29.8	,0.0	,0.0	,0.0	,0.0	,119.2	,149.0	,	,	,河北省,唐山市,滦州市,,,否,否,	,	,	,否,	,	,	,	,	,	,	,	,	,	,	,	,否,否,	,否,否,,	,否,	,否,,,否
云米小厨宝6L电热水器厨房卫生间出水恒温储水式小型速热神器加热,251111-642588372531346,已发货，待收货,1	,正常,2025-11-11 08:21:19,2025-11-12 08:21:20,,2025-11-11 15:22:50,	,208073193570	,热水即刻有-【6L】,1801828025682	,大家电,热水器,厨宝,	,6923185611233	,6923185611233	,	,	,无售后或售后取消,,2025-11-11 08:21:20,	,,,,,,,否,否,	,否,	,,267.0	,0.0	,14.0	,0.0	,0.0	,0.0	,0.0	,0.0	,253.0	,253.0	,JDV023986261644,京东配送,江苏省,扬州市,广陵区,,,否,否,	,	,	,否,	,	,	,	,	,	,	,	,	,	,	,	,否,否,	,否,否,,	,否,	,否,,,否
【重磅新品】云米净水器600G小海豚升级版厨下式RO反渗透直饮家用,251111-042310080041111,未发货，退款成功,1	,正常,2025-11-11 08:19:30,2025-11-12 08:19:30,,	,	,225501370546	,【24年新品】600G升级版6年长效,1600502140541	,厨房电器,净水器/净水设备及配件耗材,净水器,	,6923185653684	,6923185616399	,聚水潭已取消发货，仅退款  诚11.11,	,退款成功,,2025-11-11 08:19:30,	,,,,,,,否,否,	,否,	,,559.0	,0.0	,0.0	,0.0	,5.0	,0.0	,0.0	,0.0	,559.0	,559.0	,	,	,四川省,宜宾市,江安县,,,否,否,	,	,	,否,	,	,	,	,	,	,	,	,	,	,	,	,否,否,	,否,否,,	,否,	,否,,,否
【重磅新品】云米净水器600G小海豚升级版厨下式RO反渗透直饮家用,251111-197887270481972,已发货，待收货,1	,正常,2025-11-11 08:17:52,2025-11-12 08:17:52,,2025-11-11 13:06:39,	,225501370546	,【24年新品】600G升级版6年长效,1600502140541	,厨房电器,净水器/净水设备及配件耗材,净水器,	,6923185653684	,6923185616399	,	,	,无售后或售后取消,,2025-11-11 08:17:52,	,,,,,,,否,否,	,否,	,,559.0	,0.0	,0.0	,0.0	,0.2	,0.0	,0.0	,0.0	,559.0	,559.0	,JDV023988344829,京东大件物流,河南省,郑州市,新郑市,,,否,否,	,	,	,否,	,	,	,	,	,	,	,	,	,	,	,	,否,否,	,否,否,,	,否,	,否,,,否
【重磅新品】云米净水器600G小海豚升级版厨下式RO反渗透直饮家用,251111-605175222631891,已发货，待收货,1	,正常,2025-11-11 08:16:04,2025-11-12 08:16:04,,2025-11-11 15:55:42,	,225501370546	,【24年新品】600G升级版6年长效,1600502140541	,厨房电器,净水器/净水设备及配件耗材,净水器,	,6923185653684	,6923185616399	,	,	,无售后或售后取消,,2025-11-11 08:16:04,	,,,,,,,否,否,	,否,	,,559.0	,0.0	,0.0	,0.0	,0.0	,0.0	,0.0	,0.0	,559.0	,559.0	,JDV023988956648,京东大件物流,四川省,德阳市,旌阳区,,,否,否,	,	,	,否,	,	,	,	,	,	,	,	,	,	,	,	,否,否,	,否,否,,	,否,	,否,,,否
VIOMI云米净水器大通量小海豚800G反渗透RO厨下式家用长效滤芯,251111-316974077552198,已发货，待收货,1	,正常,2025-11-11 08:15:06,2025-11-12 08:15:07,,2025-11-11 15:27:53,	,850333437206	,竹炭复合商品滤芯,1810726753549	,厨房电器,净水器/净水设备及配件耗材,净水器,	,6923185654193	,	,后返，到手价99,	,无售后或售后取消,,2025-11-11 08:15:07,	,,,,,,,否,否,	,否,	,,299.0	,0.0	,0.0	,0.0	,0.0	,0.0	,0.0	,0.0	,299.0	,299.0	,JDV023986110472,京东配送,辽宁省,沈阳市,浑南区,,,否,否,	,	,	,否,	,	,	,	,	,	,	,	,	,	,	,	,否,否,	,否,否,,	,否,	,否,,,否
VIOMI云米净水器600G小蓝调厨下式RO反渗透直饮家用6年长效,251111-143466176062620,已取消,1	,正常,	,	,,	,	,850883552953	,RO反渗透除去重金属,1811278299045	,厨房电器,净水器/净水设备及配件耗材,净水器,	,6923185653592	,6923185653592	,	,	,无售后或售后取消,,	,	,,,,,,,否,否,	,否,	,,615.0	,0.0	,0.0	,92.25	,0.0	,0.0	,0.0	,0.0	,522.75	,615.0	,	,	,****,****,****,****,,否,否,	,	,	,否,	,	,	,	,	,	,	,	,	,	,	,	,否,否,	,否,	,,	,否,	,否,,,否
VIOMI云米净水器1000G厨下直饮小体积净水机RO机智显龙头3秒满杯,251111-660686804482526,已发货，待收货,1	,正常,2025-11-11 08:11:28,2025-11-12 08:11:28,,2025-11-11 15:55:42,	,842195971715	,1000G大通量RO净水器,1803617356458	,厨房电器,净水器/净水设备及配件耗材,净水器,	,6923185654247	,	,	,	,无售后或售后取消,,2025-11-11 08:11:28,	,,,,,,,否,否,	,否,	,,823.0	,0.0	,24.0	,79.9	,1.43	,0.0	,0.0	,0.0	,719.1	,799.0	,JDV023989001229,京东大件物流,重庆市,重庆市,璧山区,,,否,否,	,	,	,否,	,	,	,	,	,	,	,	,	,	,	,	,否,否,	,否,否,,	,否,	,否,,,否
VIOMI云米净水器大通量小海豚800G反渗透RO厨下式家用长效滤芯,251111-476326172272198,已发货，待收货,1	,正常,2025-11-11 08:11:58,2025-11-12 08:11:59,,2025-11-11 15:18:56,	,837957770723	,800G大通量纯水机,1809123722986	,厨房电器,净水器/净水设备及配件耗材,净水器配件耗材,	,6923185653974	,	,	,	,无售后或售后取消,,2025-11-11 08:11:59,	,,,,,,,否,否,	,否,	,,882.9	,0.0	,177.0	,50.0	,0.0	,0.0	,0.0	,0.0	,655.9	,705.9	,JDV023989001497,京东配送,辽宁省,沈阳市,浑南区,,,否,否,	,	,	,否,	,	,	,	,	,	,	,	,	,	,	,	,否,否,	,否,否,,	,否,	,否,,,否
【重磅新品】云米净水器600G小海豚升级版厨下式RO反渗透直饮家用,251111-676960715151328,未发货，退款成功,1	,正常,2025-11-11 08:09:35,2025-11-12 08:09:35,,	,	,225501370546	,【24年新品】600G升级版6年长效,1600502140541	,厨房电器,净水器/净水设备及配件耗材,净水器,	,6923185653684	,6923185616399	,聚水潭已取消发货，仅退款  诚11.11,	,退款成功,,2025-11-11 08:09:35,	,,,,,,,否,否,	,否,	,,559.0	,0.0	,0.0	,0.0	,0.0	,0.0	,0.0	,0.0	,559.0	,559.0	,	,	,内蒙古自治区,鄂尔多斯市,东胜区,,,否,否,	,	,	,否,	,	,	,	,	,	,	,	,	,	,	,	,否,否,	,否,否,,	,否,	,否,,,否
云米即热净水器厨房家用直饮RO反渗透加热净饮一体机1000G,251111-672609134981598,已发货，待收货,1	,正常,2025-11-11 08:05:09,2025-11-12 08:05:09,,2025-11-11 15:15:18,	,846360072018	,即热直饮 1000G大通量,1807240839093	,厨房电器,净水器/净水设备及配件耗材,净水器,	,6923185651116	,6923185651116	,	,	,无售后或售后取消,,2025-11-11 08:05:09,	,,,,,,,否,否,	,否,	,,1498.0	,0.0	,0.0	,20.0	,0.0	,0.0	,0.0	,0.0	,1478.0	,1498.0	,JDV023988976808,京东配送,浙江省,杭州市,拱墅区,,,否,否,	,	,	,否,	,	,	,	,	,	,	,	,	,	,	,	,否,否,	,否,否,,	,否,	,否,,,否
云米16即热零冷水燃气热水器智能低水压双调恒温防冻安全保护速热,251111-077301030471053,已取消,1	,正常,	,	,,	,	,216845252864	,云米即开即热16L零冷水热水器,1731415907130	,大家电,热水器,燃气热水器,	,6923185611226	,6923185611226	,	,	,无售后或售后取消,,	,	,,,,,,,否,否,	,否,	,,933.0	,0.0	,0.0	,0.0	,0.0	,0.0	,0.0	,0.0	,933.0	,933.0	,	,	,****,****,****,****,,否,否,	,	,	,否,	,	,	,	,	,	,	,	,	,	,	,	,否,否,	,否,	,,	,否,	,否,,,否
云米净水器滤芯小蓝调小海豚600G+专用复合滤芯RO反渗透滤芯过滤,251111-297502042541926,已取消,1	,正常,	,	,,	,	,296967601341	,5in1复合滤芯 2年长效,1600193054565	,厨房电器,净水器/净水设备及配件耗材,净水器配件耗材,	,6923185627425	,	,	,	,无售后或售后取消,,	,	,,,,,,,否,否,	,否,	,,299.0	,0.0	,0.0	,0.0	,0.0	,0.0	,0.0	,0.0	,299.0	,299.0	,	,	,****,****,****,****,,否,否,	,	,	,否,	,	,	,	,	,	,	,	,	,	,	,	,否,否,	,否,	,,	,否,	,否,,,否
云米净水器滤芯小蓝调小海豚600G+专用复合滤芯RO反渗透滤芯过滤,251111-549747474861926,已取消,1	,正常,	,	,,	,	,296967601341	,5in1复合滤芯 2年长效,1600193054565	,厨房电器,净水器/净水设备及配件耗材,净水器配件耗材,	,6923185627425	,	,	,	,无售后或售后取消,,	,	,,,,,,,否,否,	,否,	,,299.0	,0.0	,0.0	,17.0	,0.0	,0.0	,0.0	,0.0	,282.0	,299.0	,	,	,****,****,****,****,,否,否,	,	,	,否,	,	,	,	,	,	,	,	,	,	,	,	,否,否,	,否,	,,	,否,	,否,,,否
云米16即热零冷水燃气热水器智能低水压双调恒温防冻安全保护速热,251111-168988546631053,已取消,1	,正常,	,	,,	,	,216845252864	,云米即开即热16L零冷水热水器,1731415907130	,大家电,热水器,燃气热水器,	,6923185611226	,6923185611226	,	,	,无售后或售后取消,,	,	,,,,,,,否,否,	,否,	,,933.0	,0.0	,0.0	,0.0	,0.0	,0.0	,0.0	,0.0	,933.0	,933.0	,	,	,****,****,****,****,,否,否,	,	,	,否,	,	,	,	,	,	,	,	,	,	,	,	,否,否,	,否,	,,	,否,	,否,,,否
云米智能AI门锁3D指纹密码蓝牙可连大容量续航家用公寓自动安全,251111-665132798361494,已发货，待收货,1	,正常,2025-11-11 08:01:50,2025-11-12 08:01:50,,2025-11-11 15:26:54,	,743885774552	,"云米蓝调指纹密码锁LBT11C,黑色",1734954999916	,基础建材,智能门锁/电子锁,智能门锁/电子锁,	,6923185655381	,6923185655381	,	,	,无售后或售后取消,,2025-11-11 08:01:50,	,,,,,,,否,否,	,否,	,,661.0	,0.0	,76.0	,24.0	,1.12	,0.0	,0.0	,0.0	,561.0	,585.0	,JDV023987919361,京东配送,广西壮族自治区,南宁市,青秀区,,,否,否,	,	,	,否,	,	,	,	,	,	,	,	,	,	,	,	,否,否,	,否,否,,	,否,	,否,,,否
【母婴直饮】云米净水器 SE 600G+ 新升级厨下式RO反渗透直饮家用,251111-580554626560866,已发货，待收货,1	,正常,2025-11-11 08:00:35,2025-11-12 08:00:36,,2025-11-11 15:15:30,	,819506595979	,【24年新品】600G升级版6年长效,1787046011387	,厨房电器,净水器/净水设备及配件耗材,净水器,	,6923185653684	,6923185616399	,	,	,无售后或售后取消,,2025-11-11 08:00:36,	,,,,,,,否,否,	,否,	,,748.0	,0.0	,142.12	,37.4	,0.0	,0.0	,0.0	,0.0	,568.48	,605.88	,JDV023988993098,京东配送,湖北省,宜昌市,点军区,,,否,否,	,	,	,否,	,	,	,	,	,	,	,	,	,	,	,	,否,否,	,否,否,,	,否,	,否,,,否
【母婴直饮】云米净水器 SE 600G+ 新升级厨下式RO反渗透直饮家用,251111-593294836141926,已发货，待收货,1	,正常,2025-11-11 08:01:03,2025-11-12 08:01:03,,2025-11-11 13:06:38,	,819506595979	,【24年新品】600G升级版6年长效,1787046011387	,厨房电器,净水器/净水设备及配件耗材,净水器,	,6923185653684	,6923185616399	,	,	,无售后或售后取消,,2025-11-11 08:01:03,	,,,,,,,否,否,	,否,	,,748.0	,0.0	,134.64	,74.8	,0.0	,0.0	,0.0	,0.0	,538.56	,613.36	,JDV023988344838,京东大件物流,黑龙江省,哈尔滨市,道里区,,,否,否,	,	,	,否,	,	,	,	,	,	,	,	,	,	,	,	,否,否,	,否,否,,	,否,	,否,,,否
【重磅新品】云米净水器600G小海豚升级版厨下式RO反渗透直饮家用,251111-289658704170675,已发货，待收货,1	,正常,2025-11-11 07:57:53,2025-11-12 07:57:54,,2025-11-11 15:55:42,	,225501370546	,【24年新品】600G升级版6年长效,1600502140541	,厨房电器,净水器/净水设备及配件耗材,净水器,	,6923185653684	,6923185616399	,	,	,无售后或售后取消,,2025-11-11 07:57:54,	,,,,,,,否,否,	,否,	,,559.0	,0.0	,0.0	,0.0	,5.0	,0.0	,0.0	,0.0	,559.0	,559.0	,JDV023988983378,京东大件物流,重庆市,重庆市,大足区,,,否,否,	,	,	,否,	,	,	,	,	,	,	,	,	,	,	,	,否,否,	,否,否,,	,否,	,否,,,否
VIOMI云米净水器1000G厨下直饮小体积净水机RO机智显龙头3秒满杯,251111-076682391101032,已发货，待收货,1	,正常,2025-11-11 07:57:38,2025-11-12 07:57:38,,2025-11-11 15:55:42,	,842195971715	,1000G大通量RO净水器,1803617356458	,厨房电器,净水器/净水设备及配件耗材,净水器,	,6923185654247	,	,	,	,无售后或售后取消,,2025-11-11 07:57:38,	,,,,,,,否,否,	,否,	,,823.0	,0.0	,24.0	,0.0	,0.0	,0.0	,0.0	,0.0	,799.0	,799.0	,JDV023990549416,京东大件物流,云南省,楚雄彝族自治州,禄丰市,,,否,否,	,	,	,否,	,	,	,	,	,	,	,	,	,	,	,	,否,否,	,否,否,,	,否,	,否,,,否
VIOMI云米净水器大通量小海豚800G反渗透RO厨下式家用长效滤芯,251111-266348839201085,已取消,1	,正常,	,	,,	,	,837957770723	,800G大通量纯水机,1809123722986	,厨房电器,净水器/净水设备及配件耗材,净水器配件耗材,	,6923185653974	,	,	,	,无售后或售后取消,,	,	,,,,,,,否,否,	,否,	,,882.9	,0.0	,177.0	,100.0	,0.0	,0.0	,0.0	,0.0	,605.9	,705.9	,	,	,****,****,****,****,,否,否,	,	,	,否,	,	,	,	,	,	,	,	,	,	,	,	,否,否,	,否,	,,	,否,	,否,,,否
【母婴直饮】云米净水器 SE 600G+ 新升级厨下式RO反渗透直饮家用,251111-412761526701926,已取消,1	,正常,	,	,,	,	,819506595979	,【24年新品】600G升级版6年长效,1787046011387	,厨房电器,净水器/净水设备及配件耗材,净水器,	,6923185653684	,6923185616399	,	,	,无售后或售后取消,,	,	,,,,,,,否,否,	,否,	,,748.0	,0.0	,134.64	,74.8	,0.0	,0.0	,0.0	,0.0	,538.56	,613.36	,	,	,****,****,****,****,,否,否,	,	,	,否,	,	,	,	,	,	,	,	,	,	,	,	,否,否,	,否,	,,	,否,	,否,,,否
云米净水器滤芯家用小海豚小蓝调小白龙系列专用RO反渗透,251111-421233968701295,已发货，待收货,1	,正常,2025-11-11 07:49:58,2025-11-13 07:49:58,,2025-11-11 15:13:57,	,232467205433	,5in1 复合滤芯,1647394585330	,厨房电器,净水器/净水设备及配件耗材,净水器配件耗材,	,6923185627425	,	,	,	,无售后或售后取消,,2025-11-11 07:49:58,	,,,,,,,否,否,	,否,	,,149.0	,0.0	,0.0	,10.0	,0.18	,0.0	,0.0	,0.0	,139.0	,149.0	,JDV023986084694,京东配送,湖南省,长沙市,开福区,,,否,否,	,	,	,否,	,	,	,	,	,	,	,	,	,	,	,	,否,否,	,否,否,,	,否,	,否,,,否
【重磅新品】云米净水器600G小海豚升级版厨下式RO反渗透直饮家用,251111-615356843611300,已取消,1	,正常,	,	,,	,	,225501370546	,【24年新品】600G升级版6年长效,1600502140541	,厨房电器,净水器/净水设备及配件耗材,净水器,	,6923185653684	,6923185616399	,	,	,无售后或售后取消,,	,	,,,,,,,否,否,	,否,	,,559.0	,0.0	,0.0	,0.0	,0.0	,0.0	,0.0	,0.0	,559.0	,559.0	,	,	,****,****,****,****,,否,否,	,	,	,否,	,	,	,	,	,	,	,	,	,	,	,	,否,否,	,否,	,,	,否,	,否,,,否
【重磅新品】云米净水器600G小海豚升级版厨下式RO反渗透直饮家用,251111-031960624781289,已取消,1	,正常,	,	,,	,	,225501370546	,【24年新品】600G升级版6年长效,1600502140541	,厨房电器,净水器/净水设备及配件耗材,净水器,	,6923185653684	,6923185616399	,	,	,无售后或售后取消,,	,	,,,,,,,否,否,	,否,	,,559.0	,0.0	,0.0	,0.0	,0.0	,0.0	,0.0	,0.0	,559.0	,559.0	,	,	,****,****,****,****,,否,否,	,	,	,否,	,	,	,	,	,	,	,	,	,	,	,	,否,否,	,否,	,,	,否,	,否,,,否
VIOMI云米净水器大通量小海豚800G反渗透RO厨下式家用长效滤芯,251111-177723216310052,未发货，退款成功,1	,正常,2025-11-11 07:43:40,2025-11-12 07:43:41,,	,	,837957770723	,800G大通量纯水机,1809123722986	,厨房电器,净水器/净水设备及配件耗材,净水器配件耗材,	,6923185653974	,	,聚水潭已取消发货，仅退款  诚11.11,	,退款成功,,2025-11-11 07:43:41,	,,,,,,,否,否,	,否,	,,882.9	,0.0	,177.0	,100.0	,0.0	,0.0	,0.0	,0.0	,605.9	,705.9	,	,	,辽宁省,盘锦市,兴隆台区,,,否,否,	,	,	,否,	,	,	,	,	,	,	,	,	,	,	,	,否,否,	,否,否,,	,否,	,否,,,否
【母婴直饮】云米净水器 SE 600G+ 新升级厨下式RO反渗透直饮家用,251111-170855033133467,已取消,1	,正常,	,	,,	,	,819506595979	,【24年新品】600G升级版6年长效,1787046011387	,厨房电器,净水器/净水设备及配件耗材,净水器,	,6923185653684	,6923185616399	,	,	,无售后或售后取消,,	,	,,,,,,,否,否,	,否,	,,748.0	,0.0	,130.15	,97.24	,0.0	,0.0	,0.0	,0.0	,520.61	,617.85	,	,	,****,****,****,****,,否,否,	,	,	,否,	,	,	,	,	,	,	,	,	,	,	,	,否,否,	,否,	,,	,否,	,否,,,否
【重磅新品】云米净水器600G小海豚升级版厨下式RO反渗透直饮家用,251111-345453381270629,已取消,1	,正常,	,	,,	,	,225501370546	,【24年新品】600G升级版6年长效,1600502140541	,厨房电器,净水器/净水设备及配件耗材,净水器,	,6923185653684	,6923185616399	,	,	,无售后或售后取消,,	,	,,,,,,,否,否,	,否,	,,559.0	,0.0	,0.0	,0.0	,0.0	,0.0	,0.0	,0.0	,559.0	,559.0	,	,	,****,****,****,****,,否,否,	,	,	,否,	,	,	,	,	,	,	,	,	,	,	,	,否,否,	,否,	,,	,否,	,否,,,否
【重磅新品】云米净水器600G小海豚升级版厨下式RO反渗透直饮家用,251111-349909891380715,已发货，待收货,1	,正常,2025-11-11 07:34:50,2025-11-12 07:34:50,,2025-11-11 11:07:35,	,225501370546	,【24年新品】600G升级版6年长效,1600502140541	,厨房电器,净水器/净水设备及配件耗材,净水器,	,6923185653684	,6923185616399	,13591653356安装 [viomi诺诺sk 11/11 14:45],	,无售后或售后取消,,2025-11-11 07:34:50,	,,,,,,,否,否,	,否,	,,559.0	,0.0	,0.0	,0.0	,0.0	,0.0	,0.0	,0.0	,559.0	,559.0	,JDV023986459535,京东大件物流,辽宁省,沈阳市,铁西区,,,否,否,	,	,	,否,	,	,	,	,	,	,	,	,	,	,	,	,否,否,	,否,否,,	,否,	,否,,,否
【重磅新品】云米净水器600G小海豚升级版厨下式RO反渗透直饮家用,251111-547776182701926,未发货，退款成功,1	,正常,2025-11-11 07:34:30,2025-11-12 07:34:30,,	,	,225501370546	,【24年新品】600G升级版6年长效,1600502140541	,厨房电器,净水器/净水设备及配件耗材,净水器,	,6923185653684	,6923185616399	,聚水潭已取消发货，仅退款  诚11.11,	,退款成功,,2025-11-11 07:34:30,	,,,,,,,否,否,	,否,	,,559.0	,0.0	,0.0	,0.0	,0.0	,0.0	,0.0	,0.0	,559.0	,559.0	,	,	,黑龙江省,哈尔滨市,道里区,,,否,否,	,	,	,否,	,	,	,	,	,	,	,	,	,	,	,	,否,否,	,否,否,,	,否,	,否,,,否
【重磅新品】云米净水器600G小海豚升级版厨下式RO反渗透直饮家用,251111-462988254760662,已取消,1	,正常,	,	,,	,	,225501370546	,【24年新品】600G升级版6年长效,1600502140541	,厨房电器,净水器/净水设备及配件耗材,净水器,	,6923185653684	,6923185616399	,	,	,无售后或售后取消,,	,	,,,,,,,否,否,	,否,	,,559.0	,0.0	,0.0	,0.0	,0.0	,0.0	,0.0	,0.0	,559.0	,559.0	,	,	,****,****,****,****,,否,否,	,	,	,否,	,	,	,	,	,	,	,	,	,	,	,	,否,否,	,否,	,,	,否,	,否,,,否
云米即热净水器厨房家用直饮RO反渗透加热净饮一体机1000G,251111-396865104240001,未发货，退款成功,1	,正常,2025-11-11 07:32:00,2025-11-12 07:32:00,,	,	,846360072018	,即热直饮 1000G大通量,1807240839093	,厨房电器,净水器/净水设备及配件耗材,净水器,	,6923185651116	,6923185651116	,聚水潭已取消发货，仅退款  诚11.11,	,退款成功,,2025-11-11 07:32:00,	,,,,,,,否,否,	,否,	,,1498.0	,0.0	,60.0	,40.0	,5.0	,0.0	,0.0	,0.0	,1398.0	,1438.0	,	,	,上海市,上海市,青浦区,,,否,否,	,	,	,否,	,	,	,	,	,	,	,	,	,	,	,	,否,否,	,否,否,,	,否,	,否,,,否
【母婴直饮】云米净水器 SE 600G+ 新升级厨下式RO反渗透直饮家用,251111-204954703471658,已取消,1	,正常,	,	,,	,	,819506595979	,【24年新品】600G升级版6年长效,1787046011387	,厨房电器,净水器/净水设备及配件耗材,净水器,	,6923185653684	,6923185616399	,	,	,无售后或售后取消,,	,	,,,,,,,否,否,	,否,	,,748.0	,0.0	,149.6	,0.0	,0.0	,0.0	,0.0	,0.0	,598.4	,598.4	,	,	,****,****,****,****,,否,否,	,	,	,否,	,	,	,	,	,	,	,	,	,	,	,	,否,否,	,否,	,,	,否,	,否,,,否
VIOMI云米净水器600G小蓝调厨下式RO反渗透直饮家用6年长效,251111-349909891373467,已发货，待收货,1	,正常,2025-11-11 16:50:54,2025-11-12 16:50:55,,2025-11-12 09:27:19,	,850883552953	,RO反渗透除去重金属,1811278299045	,厨房电器,净水器/净水设备及配件耗材,净水器,	,6923185653592	,6923185653592	,	,	,无售后或售后取消,,2025-11-11 16:50:55,	,,,,,,,否,否,	,否,	,,615.0	,0.0	,0.0	,100.0	,0.0	,0.0	,0.0	,0.0	,515.0	,615.0	,JDV024016338405,京东配送,江苏省,无锡市,梁溪区,,,否,否,	,	,	,否,	,	,	,	,	,	,	,	,	,	,	,	,否,是,	,否,否,,	,否,	,否,,,否
云米60升AI速热高温抑菌电热水器3000W一级节能变频增容家用租房,251111-158806915431454,已发货，待收货,1	,正常,2025-11-11 07:26:19,2025-11-12 07:26:19,,2025-11-11 15:18:55,	,226368376224	,3000W速热安全60L热水器,1737176648260	,大家电,热水器,电热水器,	,6923185602224	,6923185602224	,	,	,无售后或售后取消,,2025-11-11 07:26:19,	,,,,,,,否,否,	,否,	,,610.0	,0.0	,0.0	,43.0	,0.0	,0.0	,0.0	,0.0	,567.0	,610.0	,JDV023986104873,京东配送,内蒙古自治区,赤峰市,巴林左旗,,,否,否,	,	,	,否,	,	,	,	,	,	,	,	,	,	,	,	,否,否,	,否,否,,	,否,	,否,,,否
VIOMI云米净水器大通量小海豚800G反渗透RO厨下式家用长效滤芯,251111-375442654722420,已取消,1	,正常,	,	,,	,	,837957770723	,800G大通量纯水机,1809123722986	,厨房电器,净水器/净水设备及配件耗材,净水器配件耗材,	,6923185653974	,	,	,	,无售后或售后取消,,	,	,,,,,,,否,否,	,否,	,,882.9	,0.0	,177.0	,98.82	,0.0	,0.0	,0.0	,0.0	,607.08	,705.9	,	,	,****,****,****,****,,否,否,	,	,	,否,	,	,	,	,	,	,	,	,	,	,	,	,否,否,	,否,	,,	,否,	,否,,,否
【重磅新品】云米净水器600G小海豚升级版厨下式RO反渗透直饮家用,251111-127905328660020,已发货，待收货,1	,正常,2025-11-11 07:24:45,2025-11-12 07:24:45,,2025-11-11 15:55:42,	,225501370546	,【24年新品】600G升级版6年长效,1600502140541	,厨房电器,净水器/净水设备及配件耗材,净水器,	,6923185653684	,6923185616399	,	,	,无售后或售后取消,,2025-11-11 07:24:45,	,,,,,,,否,否,	,否,	,,559.0	,0.0	,0.0	,0.0	,0.0	,0.0	,0.0	,0.0	,559.0	,559.0	,JDV023987112676,京东大件物流,浙江省,嘉兴市,海宁市,,,否,否,	,	,	,否,	,	,	,	,	,	,	,	,	,	,	,	,否,否,	,否,否,,	,否,	,否,,,否
云米60升AI速热高温抑菌电热水器3000W一级节能变频增容家用租房,251111-393603980831823,未发货，退款成功,1	,正常,2025-11-11 07:22:15,2025-11-12 07:22:15,,	,	,226368376224	,3000W速热安全60L热水器,1737176648260	,大家电,热水器,电热水器,	,6923185602224	,6923185602224	,聚水潭已取消发货，仅退款  诚11.11,	,退款成功,,2025-11-11 07:22:15,	,,,,,,,否,否,	,否,	,,610.0	,0.0	,0.0	,0.0	,0.0	,0.0	,0.0	,0.0	,610.0	,610.0	,	,	,广东省,深圳市,龙华区,,,否,否,	,	,	,否,	,	,	,	,	,	,	,	,	,	,	,	,否,否,	,否,否,,	,否,	,否,,,否
VIOMI云米净水器大通量小海豚800G反渗透RO厨下式家用长效滤芯,251111-139334796802420,已取消,1	,正常,	,	,,	,	,837957770723	,800G大通量纯水机,1809123722986	,厨房电器,净水器/净水设备及配件耗材,净水器配件耗材,	,6923185653974	,	,	,	,无售后或售后取消,,	,	,,,,,,,否,否,	,否,	,,882.9	,0.0	,177.0	,70.59	,0.0	,0.0	,0.0	,0.0	,635.31	,705.9	,	,	,****,****,****,****,,否,否,	,	,	,否,	,	,	,	,	,	,	,	,	,	,	,	,否,否,	,否,	,,	,否,	,否,,,否
【重磅新品】云米净水器600G小海豚升级版厨下式RO反渗透直饮家用,251111-677013132863177,已发货，待收货,1	,正常,2025-11-11 07:20:04,2025-11-12 07:20:04,,2025-11-11 15:55:43,	,225501370546	,【24年新品】600G升级版6年长效,1600502140541	,厨房电器,净水器/净水设备及配件耗材,净水器,	,6923185653684	,6923185616399	,	,	,无售后或售后取消,,2025-11-11 07:20:04,	,,,,,,,否,否,	,否,	,,559.0	,0.0	,0.0	,50.0	,0.2	,0.0	,0.0	,0.0	,509.0	,559.0	,JDV023987062618,京东大件物流,重庆市,重庆市,九龙坡区,,,否,否,	,	,	,否,	,	,	,	,	,	,	,	,	,	,	,	,否,否,	,否,否,,	,否,	,否,,,否
云米60升AI速热高温抑菌电热水器3000W一级节能变频增容家用租房,251111-035924252263123,已取消,1	,正常,	,	,,	,	,226368376224	,3000W速热安全60L热水器,1737176648260	,大家电,热水器,电热水器,	,6923185602224	,6923185602224	,	,	,无售后或售后取消,,	,	,,,,,,,否,否,	,否,	,,610.0	,0.0	,0.0	,0.0	,0.0	,0.0	,0.0	,0.0	,610.0	,610.0	,	,	,****,****,****,****,,否,否,	,	,	,否,	,	,	,	,	,	,	,	,	,	,	,	,否,否,	,否,	,,	,否,	,否,,,否
【母婴直饮】云米净水器 SE 600G+ 新升级厨下式RO反渗透直饮家用,251111-392136016243167,未发货，退款成功,1	,正常,2025-11-11 07:18:11,2025-11-12 07:18:12,,	,	,819506595979	,【24年新品】600G升级版6年长效,1787046011387	,厨房电器,净水器/净水设备及配件耗材,净水器,	,6923185653684	,6923185616399	,聚水潭已取消发货，仅退款  诚11.11,	,退款成功,,2025-11-11 07:18:12,	,,,,,,,否,否,	,否,	,,748.0	,0.0	,134.64	,74.8	,0.0	,0.0	,0.0	,0.0	,538.56	,613.36	,	,	,湖南省,长沙市,岳麓区,,,否,否,	,	,	,否,	,	,	,	,	,	,	,	,	,	,	,	,否,否,	,否,否,,	,否,	,否,,,否
【重磅新品】云米净水器600G小海豚升级版厨下式RO反渗透直饮家用,251111-679571637832207,已发货，待收货,1	,正常,2025-11-11 07:17:06,2025-11-12 07:17:07,,2025-11-11 11:08:28,	,225501370546	,【24年新品】600G升级版6年长效,1600502140541	,厨房电器,净水器/净水设备及配件耗材,净水器,	,6923185653684	,6923185616399	,	,	,无售后或售后取消,,2025-11-11 07:17:07,	,,,,,,,否,否,	,否,	,,559.0	,0.0	,0.0	,55.9	,0.0	,0.0	,0.0	,0.0	,503.1	,559.0	,JDV023986407965,京东大件物流,河南省,郑州市,管城回族区,,,否,否,	,	,	,否,	,	,	,	,	,	,	,	,	,	,	,	,否,否,	,否,否,,	,否,	,否,,,否
【重磅新品】云米净水器600G小海豚升级版厨下式RO反渗透直饮家用,251111-341426880801914,已取消,1	,正常,	,	,,	,	,225501370546	,【24年新品】600G升级版6年长效,1600502140541	,厨房电器,净水器/净水设备及配件耗材,净水器,	,6923185653684	,6923185616399	,	,	,无售后或售后取消,,	,	,,,,,,,否,否,	,否,	,,559.0	,0.0	,0.0	,0.0	,0.0	,0.0	,0.0	,0.0	,559.0	,559.0	,	,	,****,****,****,****,,否,否,	,	,	,否,	,	,	,	,	,	,	,	,	,	,	,	,否,否,	,否,	,,	,否,	,否,,,否
【母婴直饮】云米净水器 SE 600G+ 新升级厨下式RO反渗透直饮家用,251111-354471144971189,已取消,1	,正常,	,	,,	,	,819506595979	,【24年新品】600G升级版6年长效,1787046011387	,厨房电器,净水器/净水设备及配件耗材,净水器,	,6923185653684	,6923185616399	,	,	,无售后或售后取消,,	,	,,,,,,,否,否,	,否,	,,748.0	,0.0	,129.6	,100.0	,0.0	,0.0	,0.0	,0.0	,518.4	,618.4	,	,	,****,****,****,****,,否,否,	,	,	,否,	,	,	,	,	,	,	,	,	,	,	,	,否,否,	,否,	,,	,否,	,否,,,否
【重磅新品】云米净水器600G小海豚升级版厨下式RO反渗透直饮家用,251111-441177925971432,已取消,1	,正常,	,	,,	,	,225501370546	,【24年新品】600G升级版6年长效,1600502140541	,厨房电器,净水器/净水设备及配件耗材,净水器,	,6923185653684	,6923185616399	,	,	,无售后或售后取消,,	,	,,,,,,,否,否,	,否,	,,559.0	,0.0	,0.0	,0.0	,0.0	,0.0	,0.0	,0.0	,559.0	,559.0	,	,	,****,****,****,****,,否,否,	,	,	,否,	,	,	,	,	,	,	,	,	,	,	,	,否,否,	,否,	,,	,否,	,否,,,否
VIOMI云米净水器大通量小海豚800G反渗透RO厨下式家用长效滤芯,251111-235279490603040,已发货，待收货,1	,正常,2025-11-11 06:38:23,2025-11-12 06:38:23,,2025-11-11 15:22:51,	,837957770723	,800G大通量纯水机,1809123722986	,厨房电器,净水器/净水设备及配件耗材,净水器配件耗材,	,6923185653974	,	,	,	,无售后或售后取消,,2025-11-11 06:38:23,	,,,,,,,否,否,	,否,	,,882.9	,0.0	,177.0	,100.0	,0.0	,0.0	,0.0	,0.0	,605.9	,705.9	,JDV023987112487,京东配送,辽宁省,沈阳市,沈北新区,,,否,否,	,	,	,否,	,	,	,	,	,	,	,	,	,	,	,	,否,否,	,否,否,,	,否,	,否,,,否
【母婴直饮】云米净水器 SE 600G+ 新升级厨下式RO反渗透直饮家用,251111-259218522432199,已发货，待收货,1	,正常,2025-11-11 06:37:57,2025-11-12 06:37:57,,2025-11-11 15:20:55,	,819506595979	,【24年新品】600G升级版6年长效,1787046011387	,厨房电器,净水器/净水设备及配件耗材,净水器,	,6923185653684	,6923185616399	,	,	,无售后或售后取消,,2025-11-11 06:37:57,	,,,,,,,否,否,	,否,	,,748.0	,0.0	,129.6	,100.0	,0.0	,0.0	,0.0	,0.0	,518.4	,618.4	,JDV023987076063,京东配送,福建省,泉州市,鲤城区,,,否,否,	,	,	,否,	,	,	,	,	,	,	,	,	,	,	,	,否,否,	,否,否,,	,否,	,否,,,否
云米电热水器家用洗澡租房储水式速热抑菌节能省电卫生间40/60升,251111-327879278882738,已发货，待收货,1	,正常,2025-11-11 06:30:58,2025-11-12 06:30:59,,2025-11-11 13:45:42,	,227645754240	,"速热抑菌洗-40L,全国联保送货上门安装8年质保",1645458252843	,大家电,热水器,电热水器,	,6923185681281	,	,	,	,无售后或售后取消,,2025-11-11 06:30:59,	,,,,,,,否,否,	,否,	,,379.0	,0.0	,0.0	,0.0	,0.0	,0.0	,0.0	,0.0	,379.0	,379.0	,JDLD12897588216,京东大件物流,宁夏回族自治区,中卫市,沙坡头区,,,否,否,	,	,	,否,	,	,	,	,	,	,	,	,	,	,	,	,否,否,	,否,否,,	,否,	,否,,,否
Viomi云米净水器1000G厨下式RO反渗透直饮过滤器净饮小海豚2,251111-416169336322526,未发货，退款成功,1	,正常,2025-11-11 06:19:31,2025-11-12 06:19:31,,	,	,205458105137	,小海豚2包安装1000G大加仑,1802849942800	,厨房电器,净水器/净水设备及配件耗材,净水器,	,6923185654865	,	,聚水潭已取消发货，仅退款  诚11.11,	,退款成功,,2025-11-11 06:19:31,	,,,,,,,否,否,	,否,	,,863.0	,0.0	,100.0	,50.0	,0.2	,0.0	,0.0	,0.0	,713.0	,763.0	,	,	,重庆市,重庆市,璧山区,,,否,否,	,	,	,否,	,	,	,	,	,	,	,	,	,	,	,	,否,否,	,否,否,,	,否,	,否,,,否
【母婴直饮】云米净水器 SE 600G+ 新升级厨下式RO反渗透直饮家用,251111-153270403460455,已取消,1	,正常,	,	,,	,	,819506595979	,【24年新品】600G升级版6年长效,1787046011387	,厨房电器,净水器/净水设备及配件耗材,净水器,	,6923185653684	,6923185616399	,	,	,无售后或售后取消,,	,	,,,,,,,否,否,	,否,	,,748.0	,0.0	,149.6	,0.0	,0.0	,0.0	,0.0	,0.0	,598.4	,598.4	,	,	,****,****,****,****,,否,否,	,	,	,否,	,	,	,	,	,	,	,	,	,	,	,	,否,否,	,否,	,,	,否,	,否,,,否
【重磅新品】云米净水器600G小海豚升级版厨下式RO反渗透直饮家用,251111-502068713102351,已取消,1	,正常,	,	,,	,	,225501370546	,【24年新品】600G升级版6年长效,1600502140541	,厨房电器,净水器/净水设备及配件耗材,净水器,	,6923185653684	,6923185616399	,	,	,无售后或售后取消,,	,	,,,,,,,否,否,	,否,	,,559.0	,0.0	,0.0	,0.0	,0.0	,0.0	,0.0	,0.0	,559.0	,559.0	,	,	,****,****,****,****,,否,否,	,	,	,否,	,	,	,	,	,	,	,	,	,	,	,	,否,否,	,否,	,,	,否,	,否,,,否
【重磅新品】云米净水器600G小海豚升级版厨下式RO反渗透直饮家用,251111-272147433013971,已发货，待收货,2	,正常,2025-11-11 06:15:47,2025-11-12 06:15:47,,2025-11-11 11:07:36,	,225501370546	,【24年新品】600G升级版6年长效,1600502140541	,厨房电器,净水器/净水设备及配件耗材,净水器,	,6923185653684	,6923185616399	,	,	,无售后或售后取消,,2025-11-11 06:15:47,	,,,,,,,否,否,	,否,	,,1118.0	,0.0	,11.18	,0.0	,10.0	,0.0	,0.0	,0.0	,1106.82	,1106.82	,JDV023985766741,京东大件物流,河南省,郑州市,登封市,,,否,否,	,	,	,否,	,	,	,	,	,	,	,	,	,	,	,	,否,否,	,否,否,,	,否,	,否,,,否
【母婴直饮】云米净水器 SE 600G+ 新升级厨下式RO反渗透直饮家用,251111-330689431140183,已发货，待收货,1	,正常,2025-11-11 06:07:53,2025-11-12 06:07:53,,2025-11-11 15:16:57,	,819506595979	,【24年新品】600G升级版6年长效,1787046011387	,厨房电器,净水器/净水设备及配件耗材,净水器,	,6923185653684	,6923185616399	,	,	,无售后或售后取消,,2025-11-11 06:07:53,	,,,,,,,否,否,	,否,	,,748.0	,0.0	,129.6	,100.0	,0.0	,0.0	,0.0	,0.0	,518.4	,618.4	,JDV023986092560,京东配送,广东省,茂名市,化州市,,,否,否,	,	,	,否,	,	,	,	,	,	,	,	,	,	,	,	,否,否,	,否,否,,	,否,	,否,,,否
云米净水器滤芯PP棉前置后置RO反渗透1号2号3号4号通用装C/V系列,251111-449251919510645,已取消,1	,正常,	,	,,	,	,205467667434	,1号PP棉滤芯超能升级版,760402645809	,厨房电器,净水器/净水设备及配件耗材,净水器配件耗材,	,6923185600190	,	,	,	,无售后或售后取消,,	,	,,,,,,,否,否,	,否,	,,39.0	,0.0	,0.0	,0.0	,0.0	,0.0	,0.0	,0.0	,39.0	,39.0	,	,	,****,****,****,****,,否,否,	,	,	,否,	,	,	,	,	,	,	,	,	,	,	,	,否,否,	,否,	,,	,否,	,否,,,否
【重磅新品】云米净水器600G小海豚升级版厨下式RO反渗透直饮家用,251111-300448519761355,已取消,1	,正常,	,	,,	,	,225501370546	,【24年新品】600G升级版6年长效,1600502140541	,厨房电器,净水器/净水设备及配件耗材,净水器,	,6923185653684	,6923185616399	,	,	,无售后或售后取消,,	,	,,,,,,,否,否,	,否,	,,559.0	,0.0	,0.0	,30.0	,0.0	,0.0	,0.0	,0.0	,529.0	,559.0	,	,	,****,****,****,****,,否,否,	,	,	,否,	,	,	,	,	,	,	,	,	,	,	,	,否,否,	,否,	,,	,否,	,否,,,否
【母婴直饮】云米净水器 SE 600G+ 新升级厨下式RO反渗透直饮家用,251111-306792436052854,已发货，待收货,1	,正常,2025-11-11 05:56:36,2025-11-12 05:56:37,,2025-11-11 15:20:54,	,819506595979	,【24年新品】600G升级版6年长效,1787046011387	,厨房电器,净水器/净水设备及配件耗材,净水器,	,6923185653684	,6923185616399	,	,	,无售后或售后取消,,2025-11-11 05:56:37,	,,,,,,,否,否,	,否,	,,748.0	,0.0	,129.6	,100.0	,0.0	,0.0	,0.0	,0.0	,518.4	,618.4	,JDV023986148424,京东配送,江苏省,徐州市,泉山区,,,否,否,	,	,	,否,	,	,	,	,	,	,	,	,	,	,	,	,否,否,	,否,否,,	,否,	,否,,,否
云米顶侧双吸大吸力低噪油烟机猛火液化气聚能灶智能套装家用厨房,251111-032013105591965,已发货，待收货,1	,正常,2025-11-11 05:50:09,2025-11-12 05:50:10,,2025-11-11 15:15:00,	,674950510509	,【烟灶套装】顶侧双吸烟机+5.0KW灶（天）,1744061180430	,大家电,厨房大电,烟灶消套装,	,S2405071349001,S2501061036001,	,	,无售后或售后取消,,2025-11-11 05:50:10,	,,,,,,,否,否,	,否,	,,1079.0	,0.0	,0.0	,100.0	,0.2	,0.0	,0.0	,0.0	,979.0	,1079.0	,JDV023985881412,京东配送,浙江省,绍兴市,嵊州市,,,否,否,	,	,	,否,	,	,	,	,	,	,	,	,	,	,	,	,否,否,	,否,否,,	,否,	,否,,,否
【重磅新品】云米净水器600G小海豚升级版厨下式RO反渗透直饮家用,251111-364128529923102,已发货，待收货,1	,正常,2025-11-11 05:46:26,2025-11-12 05:46:26,,2025-11-11 11:07:36,	,225501370546	,【24年新品】600G升级版6年长效,1600502140541	,厨房电器,净水器/净水设备及配件耗材,净水器,	,6923185653684	,6923185616399	,	,	,无售后或售后取消,,2025-11-11 05:46:26,	,,,,,,,否,否,	,否,	,,559.0	,0.0	,0.0	,0.0	,0.0	,0.0	,0.0	,0.0	,559.0	,559.0	,JDV023985794991,京东大件物流,内蒙古自治区,呼和浩特市,回民区,,,否,否,	,	,	,否,	,	,	,	,	,	,	,	,	,	,	,	,否,否,	,否,否,,	,否,	,否,,,否
云米全自动智能马桶2Pro一体座圈加热妇洗泡沫盾抗菌可冲洗带水箱,251111-026203921933262,已取消,1	,正常,	,	,,	,	,248791771968	,"400mm,【大冲力】多种冲洗模式",1752476543652	,家装主材,卫浴陶瓷,智能坐便器,	,6923185654582	,	,	,	,无售后或售后取消,,	,	,,,,,,,否,否,	,否,	,,2898.0	,0.0	,0.0	,0.0	,0.0	,0.0	,0.0	,0.0	,2898.0	,2898.0	,	,	,****,****,****,****,,否,否,	,	,	,否,	,	,	,	,	,	,	,	,	,	,	,	,否,否,	,否,	,,	,否,	,否,,,否
云米即热净水器厨房家用直饮RO反渗透加热净饮一体机1000G,251111-598789394752571,已取消,1	,正常,	,	,,	,	,846360072018	,即热直饮 1000G大通量,1807240839093	,厨房电器,净水器/净水设备及配件耗材,净水器,	,6923185651116	,6923185651116	,	,	,无售后或售后取消,,	,	,,,,,,,否,否,	,否,	,,1498.0	,0.0	,0.0	,100.0	,0.0	,0.0	,0.0	,0.0	,1398.0	,1498.0	,	,	,****,****,****,****,,否,否,	,	,	,否,	,	,	,	,	,	,	,	,	,	,	,	,否,否,	,否,	,,	,否,	,否,,,否
VIOMI云米净水器大通量小海豚800G反渗透RO厨下式家用长效滤芯,251111-280861109770351,已取消,1	,正常,	,	,,	,	,837957770723	,800G大通量纯水机,1809123722986	,厨房电器,净水器/净水设备及配件耗材,净水器配件耗材,	,6923185653974	,	,	,	,无售后或售后取消,,	,	,,,,,,,否,否,	,否,	,,882.9	,0.0	,177.0	,100.0	,0.0	,0.0	,0.0	,0.0	,605.9	,705.9	,	,	,****,****,****,****,,否,否,	,	,	,否,	,	,	,	,	,	,	,	,	,	,	,	,否,否,	,否,	,,	,否,	,否,,,否
【重磅新品】云米净水器600G小海豚升级版厨下式RO反渗透直饮家用,251111-654038822471725,已取消,1	,正常,	,	,,	,	,225501370546	,【24年新品】600G升级版6年长效,1600502140541	,厨房电器,净水器/净水设备及配件耗材,净水器,	,6923185653684	,6923185616399	,	,	,无售后或售后取消,,	,	,,,,,,,否,否,	,否,	,,559.0	,0.0	,0.0	,0.0	,0.0	,0.0	,0.0	,0.0	,559.0	,559.0	,	,	,****,****,****,****,,否,否,	,	,	,否,	,	,	,	,	,	,	,	,	,	,	,	,否,否,	,否,	,,	,否,	,否,,,否
VIOMI云米净水器大通量小海豚800G反渗透RO厨下式家用长效滤芯,251111-198222835271916,已取消,1	,正常,	,	,,	,	,837957770723	,800G大通量纯水机,1809123722986	,厨房电器,净水器/净水设备及配件耗材,净水器配件耗材,	,6923185653974	,	,	,	,无售后或售后取消,,	,	,,,,,,,否,否,	,否,	,,882.9	,0.0	,177.0	,50.0	,0.0	,0.0	,0.0	,0.0	,655.9	,705.9	,	,	,****,****,****,****,,否,否,	,	,	,否,	,	,	,	,	,	,	,	,	,	,	,	,否,否,	,否,	,,	,否,	,否,,,否
【重磅新品】云米净水器600G小海豚升级版厨下式RO反渗透直饮家用,251111-077154250311916,已发货，待收货,1	,正常,2025-11-11 04:59:55,2025-11-12 04:59:55,,2025-11-11 11:07:36,	,225501370546	,【24年新品】600G升级版6年长效,1600502140541	,厨房电器,净水器/净水设备及配件耗材,净水器,	,6923185653684	,6923185616399	,	,	,无售后或售后取消,,2025-11-11 04:59:55,	,,,,,,,否,否,	,否,	,,559.0	,0.0	,0.0	,0.0	,0.0	,0.0	,0.0	,0.0	,559.0	,559.0	,JDV023985853548,京东大件物流,山东省,济南市,莱芜区,,,否,否,	,	,	,否,	,	,	,	,	,	,	,	,	,	,	,	,否,否,	,否,否,,	,否,	,否,,,否
【重磅新品】云米净水器600G小海豚升级版厨下式RO反渗透直饮家用,251111-207387389511916,已取消,1	,正常,	,	,,	,	,225501370546	,【24年新品】600G升级版6年长效,1600502140541	,厨房电器,净水器/净水设备及配件耗材,净水器,	,6923185653684	,6923185616399	,	,	,无售后或售后取消,,	,	,,,,,,,否,否,	,否,	,,559.0	,0.0	,0.0	,0.0	,0.0	,0.0	,0.0	,0.0	,559.0	,559.0	,	,	,****,****,****,****,,否,否,	,	,	,否,	,	,	,	,	,	,	,	,	,	,	,	,否,否,	,否,	,,	,否,	,否,,,否
云米16即热零冷水燃气热水器智能低水压双调恒温防冻安全保护速热,251111-114399669760734,已取消,1	,正常,	,	,,	,	,216845252864	,云米即开即热16L零冷水热水器,1731415907130	,大家电,热水器,燃气热水器,	,6923185611226	,6923185611226	,	,	,无售后或售后取消,,	,	,,,,,,,否,否,	,否,	,,933.0	,0.0	,0.0	,46.65	,0.0	,0.0	,0.0	,0.0	,886.35	,933.0	,	,	,****,****,****,****,,否,否,	,	,	,否,	,	,	,	,	,	,	,	,	,	,	,	,否,否,	,否,	,,	,否,	,否,,,否
【重磅新品】云米净水器600G小海豚升级版厨下式RO反渗透直饮家用,251111-282119432581613,已取消,2	,正常,	,	,,	,	,225501370546	,【24年新品】600G升级版6年长效,1600502140541	,厨房电器,净水器/净水设备及配件耗材,净水器,	,6923185653684	,6923185616399	,	,	,无售后或售后取消,,	,	,,,,,,,否,否,	,否,	,,1118.0	,0.0	,11.18	,0.0	,0.0	,0.0	,0.0	,0.0	,1106.82	,1106.82	,	,	,****,****,****,****,,否,否,	,	,	,否,	,	,	,	,	,	,	,	,	,	,	,	,否,否,	,否,	,,	,否,	,否,,,否
【重磅新品】云米净水器600G小海豚升级版厨下式RO反渗透直饮家用,251111-527245054293041,已取消,1	,正常,	,	,,	,	,225501370546	,【24年新品】600G升级版6年长效,1600502140541	,厨房电器,净水器/净水设备及配件耗材,净水器,	,6923185653684	,6923185616399	,	,	,无售后或售后取消,,	,	,,,,,,,否,否,	,否,	,,559.0	,0.0	,0.0	,0.0	,0.0	,0.0	,0.0	,0.0	,559.0	,559.0	,	,	,****,****,****,****,,否,否,	,	,	,否,	,	,	,	,	,	,	,	,	,	,	,	,否,否,	,否,	,,	,否,	,否,,,否
Viomi云米净水器1000G厨下式RO反渗透直饮过滤器净饮小海豚2,251111-257834432943179,已发货，待收货,1	,正常,2025-11-11 03:50:27,2025-11-12 03:50:27,,2025-11-11 15:55:44,	,205458105137	,小海豚2包安装1000G大加仑,1802849942800	,厨房电器,净水器/净水设备及配件耗材,净水器,	,6923185654865	,	,	,	,无售后或售后取消,,2025-11-11 03:50:27,	,,,,,,,否,否,	,否,	,,863.0	,0.0	,100.0	,0.0	,0.0	,0.0	,0.0	,0.0	,763.0	,763.0	,JDV023986064437,京东大件物流,山东省,威海市,环翠区,,,否,否,	,	,	,否,	,	,	,	,	,	,	,	,	,	,	,	,否,否,	,否,否,,	,否,	,否,,,否
【重磅新品】云米净水器600G小海豚升级版厨下式RO反渗透直饮家用,251111-310441490800330,已取消,1	,正常,	,	,,	,	,225501370546	,【24年新品】600G升级版6年长效,1600502140541	,厨房电器,净水器/净水设备及配件耗材,净水器,	,6923185653684	,6923185616399	,	,	,无售后或售后取消,,	,	,,,,,,,否,否,	,否,	,,559.0	,0.0	,0.0	,55.9	,0.0	,0.0	,0.0	,0.0	,503.1	,559.0	,	,	,****,****,****,****,,否,否,	,	,	,否,	,	,	,	,	,	,	,	,	,	,	,	,否,否,	,否,	,,	,否,	,否,,,否
【重磅新品】云米净水器600G小海豚升级版厨下式RO反渗透直饮家用,251111-162718103920330,已取消,1	,正常,	,	,,	,	,225501370546	,【24年新品】600G升级版6年长效,1600502140541	,厨房电器,净水器/净水设备及配件耗材,净水器,	,6923185653684	,6923185616399	,	,	,无售后或售后取消,,	,	,,,,,,,否,否,	,否,	,,559.0	,0.0	,0.0	,50.0	,0.0	,0.0	,0.0	,0.0	,509.0	,559.0	,	,	,****,****,****,****,,否,否,	,	,	,否,	,	,	,	,	,	,	,	,	,	,	,	,否,否,	,否,	,,	,否,	,否,,,否
云米60升AI速热高温抑菌电热水器3000W一级节能变频增容家用租房,251111-280116672800904,已取消,1	,正常,	,	,,	,	,226368376224	,3000W速热安全60L热水器,1737176648260	,大家电,热水器,电热水器,	,6923185602224	,6923185602224	,	,	,无售后或售后取消,,	,	,,,,,,,否,否,	,否,	,,610.0	,0.0	,0.0	,0.0	,0.0	,0.0	,0.0	,0.0	,610.0	,610.0	,	,	,****,****,****,****,,否,否,	,	,	,否,	,	,	,	,	,	,	,	,	,	,	,	,否,否,	,否,	,,	,否,	,否,,,否
【重磅新品】云米净水器600G小海豚升级版厨下式RO反渗透直饮家用,251111-141809488291075,已发货，待收货,1	,正常,2025-11-11 03:07:23,2025-11-12 03:07:24,,2025-11-11 15:55:43,	,225501370546	,【24年新品】600G升级版6年长效,1600502140541	,厨房电器,净水器/净水设备及配件耗材,净水器,	,6923185653684	,6923185616399	,	,	,无售后或售后取消,,2025-11-11 03:07:24,	,,,,,,,否,否,	,否,	,,559.0	,0.0	,0.0	,5.0	,0.0	,0.0	,0.0	,0.0	,554.0	,559.0	,JDV023986058101,京东大件物流,广东省,佛山市,南海区,,,否,否,	,	,	,否,	,	,	,	,	,	,	,	,	,	,	,	,否,否,	,否,否,,	,否,	,否,,,否
【重磅新品】云米净水器600G小海豚升级版厨下式RO反渗透直饮家用,251111-662951718470530,未发货，退款成功,1	,正常,2025-11-11 02:36:26,2025-11-12 02:36:26,,	,	,225501370546	,【24年新品】600G升级版6年长效,1600502140541	,厨房电器,净水器/净水设备及配件耗材,净水器,	,6923185653684	,6923185616399	,ZX2511110068132待拦截11.11诚,	,退款成功,,2025-11-11 02:36:26,	,,,,,,,否,否,	,否,	,,559.0	,0.0	,0.0	,25.0	,1.06	,0.0	,0.0	,0.0	,534.0	,559.0	,	,	,陕西省,榆林市,榆阳区,,,否,否,	,	,	,否,	,	,	,	,	,	,	,	,	,	,	,	,否,否,	,否,否,,	,否,	,否,,,否
Viomi云米净水器1000G厨下式RO反渗透直饮过滤器净饮小海豚2,251111-057671687731951,已取消,1	,正常,	,	,,	,	,205458105137	,小海豚2包安装1000G大加仑,1802849942800	,厨房电器,净水器/净水设备及配件耗材,净水器,	,6923185654865	,	,	,	,无售后或售后取消,,	,	,,,,,,,否,否,	,否,	,,863.0	,0.0	,0.0	,0.0	,0.0	,0.0	,0.0	,0.0	,863.0	,863.0	,	,	,****,****,****,****,,否,否,	,	,	,否,	,	,	,	,	,	,	,	,	,	,	,	,否,否,	,否,	,,	,否,	,否,,,否
【冷热直饮套装】云米净水器家用厨下管线机套装一键即热制冷直饮,251111-058688868703995,已取消,1	,正常,	,	,,	,	,480070620581	,【冷热净水直饮套装】新品净水器+冷热管线机,1620106386127	,厨房电器,净水器/净水设备及配件耗材,净水器,	,S2407170910001,	,	,	,无售后或售后取消,,	,	,,,,,,,否,否,	,否,中国新疆中转,,1434.0	,0.0	,0.0	,50.0	,0.0	,0.0	,0.0	,0.0	,1384.0	,1434.0	,	,	,****,****,****,****,,否,否,	,	,	,否,	,	,	,	,	,	,	,	,	,	,	,	,否,否,	,否,	,,	,否,	,否,,,否
VIOMI云米净水器1000G厨下直饮小体积净水机RO机智显龙头3秒满杯,251111-094917169532527,待发货,1	,正常,2025-11-11 02:13:02,2025-12-27 02:13:02,,	,	,842195971715	,1000G大通量RO净水器,1803617356458	,厨房电器,净水器/净水设备及配件耗材,净水器,	,6923185654247	,	,	,	,无售后或售后取消,,2025-11-11 02:13:02,	,,,,,,,否,否,	,否,	,,823.0	,0.0	,0.0	,82.3	,1.48	,0.0	,0.0	,0.0	,740.7	,823.0	,	,	,四川省,成都市,青羊区,,,否,否,	,	,	,否,	,	,	,	,	,	,	,	,	,	,	,	,否,否,	,否,否,,	,否,	,否,,,否
VIOMI云米净水器大通量小海豚800G反渗透RO厨下式家用长效滤芯,251111-510289538580132,已发货，待收货,1	,正常,2025-11-11 01:47:34,2025-11-12 01:47:35,,2025-11-11 15:18:56,	,837957770723	,800G大通量纯水机,1809123722986	,厨房电器,净水器/净水设备及配件耗材,净水器配件耗材,	,6923185653974	,	,	,	,无售后或售后取消,,2025-11-11 01:47:35,	,,,,,,,否,否,	,否,	,,882.9	,0.0	,177.0	,15.0	,0.0	,0.0	,0.0	,0.0	,690.9	,705.9	,JDV023986053088,京东配送,江西省,宜春市,靖安县,,,否,否,	,	,	,否,	,	,	,	,	,	,	,	,	,	,	,	,否,否,	,否,否,,	,否,	,否,,,否
Viomi云米净水器1000G厨下式RO反渗透直饮过滤器净饮小海豚2,251111-328088952371951,已取消,1	,正常,	,	,,	,	,205458105137	,小海豚2包安装1000G大加仑,1802849942800	,厨房电器,净水器/净水设备及配件耗材,净水器,	,6923185654865	,	,	,	,无售后或售后取消,,	,	,,,,,,,否,否,	,否,	,,863.0	,0.0	,0.0	,0.0	,0.0	,0.0	,0.0	,0.0	,863.0	,863.0	,	,	,****,****,****,****,,否,否,	,	,	,否,	,	,	,	,	,	,	,	,	,	,	,	,否,否,	,否,	,,	,否,	,否,,,否
Viomi云米净水器1000G厨下式RO反渗透直饮过滤器净饮小海豚2,251111-635164444211951,未发货，退款成功,1	,正常,2025-11-11 01:26:13,2025-11-12 01:26:13,,	,	,205458105137	,小海豚2包安装1000G大加仑,1802849942800	,厨房电器,净水器/净水设备及配件耗材,净水器,	,6923185654865	,	,聚水潭已取消发货，仅退款  诚11.11,	,退款成功,,2025-11-11 01:26:13,	,,,,,,,否,否,	,否,	,,863.0	,0.0	,0.0	,0.0	,0.0	,0.0	,0.0	,0.0	,863.0	,863.0	,	,	,广东省,中山市,神湾镇,,,否,否,	,	,	,否,	,	,	,	,	,	,	,	,	,	,	,	,否,否,	,否,是,3	,商家,否,	,否,,信用卡分期,否
【母婴直饮】云米净水器 SE 600G+ 新升级厨下式RO反渗透直饮家用,251111-182368376350550,已发货，待收货,1	,正常,2025-11-11 01:16:52,2025-11-12 01:16:53,,2025-11-11 15:15:55,	,819506595979	,【24年新品】600G升级版6年长效,1787046011387	,厨房电器,净水器/净水设备及配件耗材,净水器,	,6923185653684	,6923185616399	,	,	,无售后或售后取消,,2025-11-11 01:16:53,	,,,,,,,否,否,	,否,	,,748.0	,0.0	,149.6	,0.0	,0.0	,0.0	,0.0	,0.0	,598.4	,598.4	,JDV023986109320,京东配送,广东省,深圳市,宝安区,,,否,否,	,	,	,否,	,	,	,	,	,	,	,	,	,	,	,	,否,否,	,否,否,,	,否,	,否,,,否
Viomi云米净水器1000G厨下式RO反渗透直饮过滤器净饮小海豚2,251111-466878482060233,已取消,1	,正常,	,	,,	,	,205458105137	,小海豚2包安装1000G大加仑,1802849942800	,厨房电器,净水器/净水设备及配件耗材,净水器,	,6923185654865	,	,	,	,无售后或售后取消,,	,	,,,,,,,否,否,	,否,	,,863.0	,0.0	,100.0	,76.3	,0.0	,0.0	,0.0	,0.0	,686.7	,763.0	,	,	,****,****,****,****,,否,否,	,	,	,否,	,	,	,	,	,	,	,	,	,	,	,	,否,否,	,否,	,,	,否,	,否,,,否
【母婴直饮】云米净水器 SE 600G+ 新升级厨下式RO反渗透直饮家用,251111-326379815283116,已取消,1	,正常,	,	,,	,	,819506595979	,【24年新品】600G升级版6年长效,1787046011387	,厨房电器,净水器/净水设备及配件耗材,净水器,	,6923185653684	,6923185616399	,	,	,无售后或售后取消,,	,	,,,,,,,否,否,	,否,	,,748.0	,0.0	,139.6	,50.0	,0.0	,0.0	,0.0	,0.0	,558.4	,608.4	,	,	,****,****,****,****,,否,否,	,	,	,否,	,	,	,	,	,	,	,	,	,	,	,	,否,否,	,否,	,,	,否,	,否,,,否
VIOMI云米净水器600G小蓝调厨下式RO反渗透直饮家用6年长效,251111-604671906233108,已发货，待收货,1	,正常,2025-11-11 01:04:53,2025-11-12 01:04:54,,2025-11-11 11:07:36,	,850883552953	,RO反渗透除去重金属,1811278299045	,厨房电器,净水器/净水设备及配件耗材,净水器,	,6923185653592	,6923185653592	,	,	,无售后或售后取消,,2025-11-11 01:04:54,	,,,,,,,否,否,	,否,	,,615.0	,0.0	,0.0	,100.0	,0.2	,0.0	,0.0	,0.0	,515.0	,615.0	,JDV023985826126,京东大件物流,河南省,洛阳市,洛龙区,,,否,否,	,	,	,否,	,	,	,	,	,	,	,	,	,	,	,	,否,否,	,否,否,,	,否,	,否,,,否
【重磅新品】云米净水器600G小海豚升级版厨下式RO反渗透直饮家用,251111-236223271250604,已发货，待收货,1	,正常,2025-11-11 01:04:36,2025-11-12 01:04:37,,2025-11-11 15:55:45,	,225501370546	,【24年新品】600G升级版6年长效,1600502140541	,厨房电器,净水器/净水设备及配件耗材,净水器,	,6923185653684	,6923185616399	,	,	,无售后或售后取消,,2025-11-11 01:04:37,	,,,,,,,否,否,	,否,	,,559.0	,0.0	,0.0	,0.0	,0.0	,0.0	,0.0	,0.0	,559.0	,559.0	,JDV023986057497,京东大件物流,江苏省,淮安市,盱眙县,,,否,否,	,	,	,否,	,	,	,	,	,	,	,	,	,	,	,	,否,否,	,否,否,,	,否,	,否,,,否
【重磅新品】云米净水器600G小海豚升级版厨下式RO反渗透直饮家用,251111-493187295571432,已取消,1	,正常,	,	,,	,	,225501370546	,【24年新品】600G升级版6年长效,1600502140541	,厨房电器,净水器/净水设备及配件耗材,净水器,	,6923185653684	,6923185616399	,	,	,无售后或售后取消,,	,	,,,,,,,否,否,	,否,	,,559.0	,0.0	,0.0	,0.0	,0.0	,0.0	,0.0	,0.0	,559.0	,559.0	,	,	,****,****,****,****,,否,否,	,	,	,否,	,	,	,	,	,	,	,	,	,	,	,	,否,否,	,否,	,,	,否,	,否,,,否
云米23立方油烟机燃气灶套装家用厨房顶侧大吸力油烟机5.0KW灶具,251111-504155410740347,已发货，待收货,1	,正常,2025-11-11 01:03:38,2025-11-12 01:03:39,,2025-11-11 15:19:47,	,209837375742	,"【烟灶联动】瞬吸烟机+5.0KW灶,天然气",1792607150009	,大家电,厨房大电,烟灶消套装,	,S2409261034001,	,	,	,无售后或售后取消,,2025-11-11 01:03:39,	,,,,,,,否,否,	,否,	,,1289.0	,0.0	,65.0	,122.4	,2.2	,0.0	,0.0	,0.0	,1101.6	,1224.0	,JDV023986195827,京东配送,浙江省,杭州市,拱墅区,,,否,否,	,	,	,否,	,	,	,	,	,	,	,	,	,	,	,	,否,否,	,否,否,,	,否,	,否,,,否
【母婴直饮】云米净水器 SE 600G+ 新升级厨下式RO反渗透直饮家用,251111-215083916932756,已取消,1	,正常,	,	,,	,	,819506595979	,【24年新品】600G升级版6年长效,1787046011387	,厨房电器,净水器/净水设备及配件耗材,净水器,	,6923185653684	,6923185616399	,	,	,无售后或售后取消,,	,	,,,,,,,否,否,	,否,	,,748.0	,0.0	,139.6	,50.0	,0.0	,0.0	,0.0	,0.0	,558.4	,608.4	,	,	,****,****,****,****,,否,否,	,	,	,否,	,	,	,	,	,	,	,	,	,	,	,	,否,否,	,否,	,,	,否,	,否,,,否
【母婴直饮】云米净水器 SE 600G+ 新升级厨下式RO反渗透直饮家用,251111-309833264772756,已发货，待收货,1	,正常,2025-11-11 22:09:36,2025-11-12 22:09:36,,2025-11-12 09:48:34,	,819506595979	,【24年新品】600G升级版6年长效,1787046011387	,厨房电器,净水器/净水设备及配件耗材,净水器,	,6923185653684	,6923185616399	,	,	,无售后或售后取消,,2025-11-11 22:09:36,	,,,,,,,否,否,	,否,	,,748.0	,0.0	,134.64	,74.8	,0.0	,0.0	,0.0	,0.0	,538.56	,613.36	,JDV024015768352,京东配送,河南省,焦作市,山阳区,,,否,否,	,	,	,否,	,	,	,	,	,	,	,	,	,	,	,	,否,否,	,否,否,,	,否,	,否,,,否
云米智能AI门锁3D指纹密码蓝牙可连大容量续航家用公寓自动安全,251111-457200177444044,已发货，待收货,1	,正常,2025-11-11 01:01:49,2025-11-12 01:01:50,,2025-11-11 15:19:58,	,743885774552	,"云米蓝调指纹密码锁LBT11C,黑色",1734954999916	,基础建材,智能门锁/电子锁,智能门锁/电子锁,	,6923185655381	,6923185655381	,	,	,无售后或售后取消,,2025-11-11 01:01:50,	,,,,,,,否,否,	,否,	,,661.0	,0.0	,76.0	,24.0	,0.0	,0.0	,0.0	,0.0	,561.0	,585.0	,JDV023986128247,京东配送,河北省,石家庄市,桥西区,,,否,否,	,	,	,否,	,	,	,	,	,	,	,	,	,	,	,	,否,否,	,否,否,,	,否,	,否,,,否
云米净饮机X2系列滤芯X2mini mango复合滤芯5in1/6in1 RO反渗透,251111-389661355654066,已发货，待收货,1	,正常,2025-11-11 01:00:25,2025-11-13 01:00:26,,2025-11-11 15:19:55,	,243153009643	,X2/X2 Pro RO反渗透滤芯,1360931817931	,厨房电器,净水器/净水设备及配件耗材,净水器配件耗材,	,6923185616177	,6923185614258	,	,	,无售后或售后取消,,2025-11-11 01:00:26,	,,,,,,,否,否,	,否,	,,189.0	,0.0	,0.0	,37.8	,0.0	,0.0	,0.0	,0.0	,151.2	,189.0	,JDV023986073913,京东配送,山东省,潍坊市,高密市,,,否,否,	,	,	,否,	,	,	,	,	,	,	,	,	,	,	,	,否,否,	,否,否,,	,否,	,否,,,否
Viomi云米净水器1000G厨下式RO反渗透直饮过滤器净饮小海豚2,251111-540855560513669,已取消,1	,正常,	,	,,	,	,205458105137	,小海豚2包安装1000G大加仑,1802849942800	,厨房电器,净水器/净水设备及配件耗材,净水器,	,6923185654865	,	,	,	,无售后或售后取消,,	,	,,,,,,,否,否,	,否,	,,863.0	,0.0	,100.0	,0.0	,0.0	,0.0	,0.0	,0.0	,763.0	,763.0	,	,	,****,****,****,****,,否,否,	,	,	,否,	,	,	,	,	,	,	,	,	,	,	,	,否,否,	,否,	,,	,否,	,否,,,否
VIOMI云米净水器大通量小海豚800G反渗透RO厨下式家用长效滤芯,251111-107374252353669,已取消,1	,正常,	,	,,	,	,837957770723	,800G大通量纯水机,1809123722986	,厨房电器,净水器/净水设备及配件耗材,净水器配件耗材,	,6923185653974	,	,	,	,无售后或售后取消,,	,	,,,,,,,否,否,	,否,	,,882.9	,0.0	,177.0	,0.0	,0.0	,0.0	,0.0	,0.0	,705.9	,705.9	,	,	,****,****,****,****,,否,否,	,	,	,否,	,	,	,	,	,	,	,	,	,	,	,	,否,否,	,否,	,,	,否,	,否,,,否
VIOMI云米净水器大通量小海豚800G反渗透RO厨下式家用长效滤芯,251111-434613850433669,已取消,1	,正常,	,	,,	,	,837957770723	,800G大通量纯水机,1809123722986	,厨房电器,净水器/净水设备及配件耗材,净水器配件耗材,	,6923185653974	,	,	,	,无售后或售后取消,,	,	,,,,,,,否,否,	,否,	,,882.9	,0.0	,177.0	,63.53	,0.0	,0.0	,0.0	,0.0	,642.37	,705.9	,	,	,****,****,****,****,,否,否,	,	,	,否,	,	,	,	,	,	,	,	,	,	,	,	,否,否,	,否,	,,	,否,	,否,,,否
云米23立方油烟机燃气灶套装家用厨房顶侧大吸力油烟机5.0KW灶具,251111-184926933300347,未发货，退款成功,1	,正常,2025-11-11 00:47:52,2025-11-12 00:47:52,,	,	,209837375742	,"【烟灶联动】瞬吸烟机+5.0KW灶,天然气",1792607150009	,大家电,厨房大电,烟灶消套装,	,S2409261034001,	,聚水潭已取消发货，仅退款  诚11.11,	,退款成功,,2025-11-11 00:47:52,	,,,,,,,否,否,	,否,	,,1289.0	,0.0	,65.0	,85.68	,0.0	,0.0	,0.0	,0.0	,1138.32	,1224.0	,	,	,浙江省,杭州市,拱墅区,,,否,否,	,	,	,否,	,	,	,	,	,	,	,	,	,	,	,	,否,否,	,否,否,,	,否,	,否,,,否
VIOMI云米净水器大通量小海豚800G反渗透RO厨下式家用长效滤芯,251111-574252674583314,未发货，退款成功,1	,正常,2025-11-11 00:47:00,2025-11-12 00:47:00,,	,	,837957770723	,800G大通量纯水机,1809123722986	,厨房电器,净水器/净水设备及配件耗材,净水器配件耗材,	,6923185653974	,	,聚水潭已取消发货，仅退款  诚11.11,	,退款成功,,2025-11-11 00:47:00,	,,,,,,,否,否,	,否,	,,882.9	,0.0	,177.0	,84.7	,15.0	,0.0	,0.0	,0.0	,621.2	,705.9	,	,	,山西省,太原市,小店区,,,否,否,	,	,	,否,	,	,	,	,	,	,	,	,	,	,	,	,否,否,	,否,否,,	,否,	,否,,,否
VIOMI云米净水器大通量小海豚800G反渗透RO厨下式家用长效滤芯,251111-607524022633064,已取消,1	,正常,	,	,,	,	,837957770723	,800G大通量纯水机,1809123722986	,厨房电器,净水器/净水设备及配件耗材,净水器配件耗材,	,6923185653974	,	,	,	,无售后或售后取消,,	,	,,,,,,,否,否,	,否,	,,882.9	,0.0	,177.0	,35.29	,0.0	,0.0	,0.0	,0.0	,670.61	,705.9	,	,	,****,****,****,****,,否,否,	,	,	,否,	,	,	,	,	,	,	,	,	,	,	,	,否,否,	,否,	,,	,否,	,否,,,否
VIOMI云米净水器大通量小海豚800G反渗透RO厨下式家用长效滤芯,251111-224982474392582,已发货，待收货,2	,正常,2025-11-11 00:28:12,2025-11-12 00:28:13,,2025-11-11 15:19:59,	,850333437206	,竹炭复合商品滤芯,1810726753549	,厨房电器,净水器/净水设备及配件耗材,净水器,	,6923185654193	,	,后返，到手价99/根,	,无售后或售后取消,,2025-11-11 00:28:13,	,,,,,,,否,否,	,否,	,,598.0	,0.0	,29.9	,2.0	,0.0	,0.0	,0.0	,0.0	,566.1	,568.1	,JDV023986119813,京东配送,四川省,德阳市,广汉市,,,否,否,	,	,	,否,	,	,	,	,	,	,	,	,	,	,	,	,否,否,	,否,否,,	,否,	,否,,,否
Viomi云米净水器1000G厨下式RO反渗透直饮过滤器净饮小海豚2,251111-010234171690344,已取消,1	,正常,	,	,,	,	,205458105137	,小海豚2包安装1000G大加仑,1802849942800	,厨房电器,净水器/净水设备及配件耗材,净水器,	,6923185654865	,	,	,	,无售后或售后取消,,	,	,,,,,,,否,否,	,否,	,,863.0	,0.0	,100.0	,76.3	,0.0	,0.0	,0.0	,0.0	,686.7	,763.0	,	,	,****,****,****,****,,否,否,	,	,	,否,	,	,	,	,	,	,	,	,	,	,	,	,否,否,	,否,	,,	,否,	,否,,,否
VIOMI云米净水器大通量小海豚800G反渗透RO厨下式家用长效滤芯,251111-228683957841221,已发货，待收货,1	,正常,2025-11-11 00:25:00,2025-11-12 00:25:00,,2025-11-11 15:21:56,	,837957770723	,800G大通量纯水机,1809123722986	,厨房电器,净水器/净水设备及配件耗材,净水器配件耗材,	,6923185653974	,	,	,	,无售后或售后取消,,2025-11-11 00:25:00,	,,,,,,,否,否,	,否,	,,882.9	,0.0	,177.0	,100.0	,0.0	,0.0	,0.0	,0.0	,605.9	,705.9	,JDV023986128076,京东配送,江苏省,淮安市,淮安区,,,否,否,	,	,	,否,	,	,	,	,	,	,	,	,	,	,	,	,否,否,	,否,否,,	,否,	,否,,,否
【重磅新品】云米净水器600G小海豚升级版厨下式RO反渗透直饮家用,251111-262699794813110,已发货，待收货,1	,正常,2025-11-11 00:26:28,2025-11-12 00:26:28,,2025-11-11 15:55:43,	,225501370546	,【24年新品】600G升级版6年长效,1600502140541	,厨房电器,净水器/净水设备及配件耗材,净水器,	,6923185653684	,6923185616399	,	,	,无售后或售后取消,,2025-11-11 00:26:28,	,,,,,,,否,否,	,否,	,,559.0	,0.0	,0.0	,55.9	,0.0	,0.0	,0.0	,0.0	,503.1	,559.0	,JDV023986074588,京东大件物流,湖北省,宜昌市,伍家岗区,,,否,否,	,	,	,否,	,	,	,	,	,	,	,	,	,	,	,	,否,否,	,否,否,,	,否,	,否,,,否
VIOMI云米净水器大通量小海豚800G反渗透RO厨下式家用长效滤芯,251111-020405296721246,待发货,1	,正常,2025-11-11 00:23:55,2025-11-12 00:23:56,,	,	,837957770723	,800G大通量纯水机,1809123722986	,厨房电器,净水器/净水设备及配件耗材,净水器配件耗材,	,6923185653974	,	,ZX2511120067406催发  地址不详,	,无售后或售后取消,,2025-11-11 00:23:56,	,,,,,,,否,否,	,否,	,,882.9	,0.0	,177.0	,77.64	,0.2	,0.0	,0.0	,0.0	,628.26	,705.9	,	,	,广东省,广州市,黄埔区,,,否,否,	,	,	,否,	,	,	,	,	,	,	,	,	,	,	,	,否,否,	,否,否,,	,否,	,否,,,否
【重磅新品】云米净水器600G小海豚升级版厨下式RO反渗透直饮家用,251111-128849057323331,未发货，退款成功,1	,正常,2025-11-11 00:21:16,2025-11-12 00:21:16,,	,	,225501370546	,【24年新品】600G升级版6年长效,1600502140541	,厨房电器,净水器/净水设备及配件耗材,净水器,	,6923185653684	,6923185616399	,聚水潭已取消发货，仅退款  诚11.11,	,退款成功,,2025-11-11 00:21:16,	,,,,,,,否,否,	,否,	,,559.0	,0.0	,0.0	,0.0	,0.0	,0.0	,0.0	,0.0	,559.0	,559.0	,	,	,重庆市,重庆市,九龙坡区,,,否,否,	,	,	,否,	,	,	,	,	,	,	,	,	,	,	,	,否,否,	,否,否,,	,否,	,否,,,否
VIOMI云米净水器600G小蓝调厨下式RO反渗透直饮家用6年长效,251111-426560766281601,已发货，待收货,1	,正常,2025-11-11 00:19:17,2025-11-12 00:19:17,,2025-11-11 11:07:37,	,850883552953	,RO反渗透除去重金属,1811278299045	,厨房电器,净水器/净水设备及配件耗材,净水器,	,6923185653592	,6923185653592	,	,	,无售后或售后取消,,2025-11-11 00:19:17,	,,,,,,,否,否,	,否,	,,615.0	,0.0	,0.0	,100.0	,0.0	,0.0	,0.0	,0.0	,515.0	,615.0	,JDV023985818619,京东大件物流,内蒙古自治区,呼和浩特市,赛罕区,,,否,否,	,	,	,否,	,	,	,	,	,	,	,	,	,	,	,	,否,否,	,否,否,,	,否,	,否,,,否
VIOMI云米净水器大通量小海豚800G反渗透RO厨下式家用长效滤芯,251111-058888066632085,未发货，退款成功,1	,正常,2025-11-11 00:15:29,2025-11-12 00:15:29,,	,	,837957770723	,800G大通量纯水机,1809123722986	,厨房电器,净水器/净水设备及配件耗材,净水器配件耗材,	,6923185653974	,	,聚水潭已取消发货，仅退款  诚11.11,	,退款成功,,2025-11-11 00:15:29,	,,,,,,,否,否,	,否,	,,882.9	,0.0	,177.0	,100.0	,0.0	,0.0	,0.0	,0.0	,605.9	,705.9	,	,	,重庆市,重庆市,璧山区,,,否,否,	,	,	,否,	,	,	,	,	,	,	,	,	,	,	,	,否,否,	,否,否,,	,否,	,否,,,否
VIOMI云米净水器大通量小海豚800G反渗透RO厨下式家用长效滤芯,251111-042949680703574,已发货，待收货,1	,正常,2025-11-11 00:14:40,2025-11-12 00:14:40,,2025-11-11 15:18:53,	,837957770723	,800G大通量纯水机,1809123722986	,厨房电器,净水器/净水设备及配件耗材,净水器配件耗材,	,6923185653974	,	,	,	,无售后或售后取消,,2025-11-11 00:14:40,	,,,,,,,否,否,	,否,	,,882.9	,0.0	,177.0	,100.0	,0.0	,0.0	,0.0	,0.0	,605.9	,705.9	,JDV023986263148,京东配送,浙江省,嘉兴市,平湖市,,,否,否,	,	,	,否,	,	,	,	,	,	,	,	,	,	,	,	,否,否,	,否,否,,	,否,	,否,,,否
VIOMI云米净水器大通量小海豚800G反渗透RO厨下式家用长效滤芯,251111-056885318061196,未发货，退款成功,1	,正常,2025-11-11 00:13:17,2025-11-12 00:13:17,,	,	,837957770723	,800G大通量纯水机,1809123722986	,厨房电器,净水器/净水设备及配件耗材,净水器配件耗材,	,6923185653974	,	,聚水潭已取消发货，仅退款  诚11.11,	,退款成功,,2025-11-11 00:13:17,	,,,,,,,否,否,	,否,	,,882.9	,0.0	,177.0	,50.0	,2.0	,0.0	,0.0	,0.0	,655.9	,705.9	,	,	,河南省,郑州市,金水区,,,否,否,	,	,	,否,	,	,	,	,	,	,	,	,	,	,	,	,否,否,	,否,否,,	,否,	,否,,,否
云米全自动智能门锁人脸猫眼密码指纹安全防撬大屏锁已接入米家AP,251111-364002722163628,未发货，退款成功,1	,正常,2025-11-11 00:10:10,2025-11-22 00:10:10,,	,	,804409121514	,LBT16A【人脸猫眼】智能门锁,1778430742491	,基础建材,智能门锁/电子锁,智能门锁/电子锁,	,6923185652724	,	,聚水潭已取消发货，仅退款  诚11.11,	,退款成功,,2025-11-11 00:10:10,	,,,,,,,否,否,	,否,	,,926.0	,0.0	,0.0	,50.0	,0.0	,0.0	,0.0	,0.0	,876.0	,926.0	,	,	,浙江省,温州市,泰顺县,,,否,否,	,	,	,否,	,	,	,	,	,	,	,	,	,	,	,	,否,否,	,否,否,,	,否,	,否,,,否
云米小厨宝6L即热式厨房台下洗碗热水宝上出水储水式小型电热水器,251111-394516242063136,未发货，退款成功,1	,正常,2025-11-11 00:09:40,2025-11-12 00:09:40,,	,	,205451808289	,"热水即刻有6L,小厨宝",1752480784258	,大家电,热水器,电热水器,	,6923185611233	,6923185611233	,聚水潭已取消发货，仅退款  诚11.11,	,退款成功,,2025-11-11 00:09:40,	,,,,,,,否,否,	,否,	,,289.0	,0.0	,0.0	,0.0	,0.0	,0.0	,0.0	,0.0	,289.0	,289.0	,	,	,云南省,昆明市,官渡区,,,否,否,	,	,	,否,	,	,	,	,	,	,	,	,	,	,	,	,否,否,	,否,否,,	,否,	,否,,,否
云米小厨宝6L即热式厨房台下洗碗热水宝上出水储水式小型电热水器,251111-123910254223136,已取消,1	,正常,	,	,,	,	,205451808289	,"热水即刻有6L,小厨宝",1752480784258	,大家电,热水器,电热水器,	,6923185611233	,6923185611233	,	,	,无售后或售后取消,,	,	,,,,,,,否,否,	,否,	,,289.0	,0.0	,0.0	,0.0	,0.0	,0.0	,0.0	,0.0	,289.0	,289.0	,	,	,****,****,****,****,,否,否,	,	,	,否,	,	,	,	,	,	,	,	,	,	,	,	,否,否,	,否,	,,	,否,	,否,,,否
云米即热净水器厨房家用直饮RO反渗透加热净饮一体机1000G,251111-359965704573503,已发货，待收货,1	,正常,2025-11-11 00:09:03,2025-11-12 00:09:03,,2025-11-11 15:15:53,	,846360072018	,即热直饮 1000G大通量,1807240839093	,厨房电器,净水器/净水设备及配件耗材,净水器,	,6923185651116	,6923185651116	,	,	,无售后或售后取消,,2025-11-11 00:09:03,	,,,,,,,否,否,	,否,	,,1498.0	,0.0	,60.0	,40.0	,0.2	,0.0	,0.0	,0.0	,1398.0	,1438.0	,JDV023986062277,京东配送,辽宁省,鞍山市,海城市,,,否,否,	,	,	,否,	,	,	,	,	,	,	,	,	,	,	,	,否,否,	,否,否,,	,否,	,否,,,否
云米冷热管线机饮水机壁挂式双出水台式管线机UV杀菌Master3,251111-465525881203628,已取消,1	,正常,	,	,,	,	,604410073495	,冷热双出水管线机Super2E,1623096067471	,厨房电器,饮水机,饮水机,	,6923185650966	,6923185651345	,	,	,无售后或售后取消,,	,	,,,,,,,否,否,	,否,	,,1175.0	,0.0	,0.0	,5.0	,0.0	,0.0	,0.0	,0.0	,1170.0	,1175.0	,	,	,****,****,****,****,,否,否,	,	,	,否,	,	,	,	,	,	,	,	,	,	,	,	,否,否,	,否,	,,	,否,	,否,,,否
Viomi云米净水器1000G厨下式RO反渗透直饮过滤器净饮小海豚2,251111-201672640023397,已发货，待收货,1	,正常,2025-11-11 00:05:30,2025-11-12 00:05:30,,2025-11-11 15:55:44,	,205458105137	,小海豚2包安装1000G大加仑,1802849942800	,厨房电器,净水器/净水设备及配件耗材,净水器,	,6923185654865	,	,	,	,无售后或售后取消,,2025-11-11 00:05:30,	,,,,,,,否,否,	,否,	,,863.0	,0.0	,100.0	,0.0	,6.0	,0.0	,0.0	,0.0	,763.0	,763.0	,JDV023986064608,京东大件物流,广东省,汕尾市,陆河县,,,否,否,	,	,	,否,	,	,	,	,	,	,	,	,	,	,	,	,否,否,	,否,否,,	,否,	,否,,,否
云米23立方油烟机燃气灶套装家用厨房顶侧大吸力油烟机5.0KW灶具,251111-229575237182744,已发货，待收货,1	,正常,2025-11-11 00:10:20,2025-11-12 00:10:20,,2025-11-11 15:14:57,	,209837375742	,"【烟灶联动】瞬吸烟机+5.0KW灶,天然气",1792607150009	,大家电,厨房大电,烟灶消套装,	,S2409261034001,	,	,	,无售后或售后取消,,2025-11-11 00:10:20,	,,,,,,,否,否,	,否,	,,1289.0	,0.0	,65.0	,50.0	,15.0	,0.0	,0.0	,0.0	,1174.0	,1224.0	,JDV023990474679,京东配送,广西壮族自治区,北海市,合浦县,,,否,否,	,	,	,否,	,	,	,	,	,	,	,	,	,	,	,	,否,否,	,否,否,,	,否,	,否,,,否
云米23立方油烟机燃气灶套装家用厨房顶侧大吸力油烟机5.0KW灶具,251111-415655554622744,已取消,1	,正常,	,	,,	,	,209837375742	,"【烟灶联动】瞬吸烟机+5.0KW灶,液化气",1792607150010	,大家电,厨房大电,烟灶消套装,	,S2411211431001,	,	,	,无售后或售后取消,,	,	,,,,,,,否,否,	,否,	,,1289.0	,0.0	,65.0	,50.0	,0.0	,0.0	,0.0	,0.0	,1174.0	,1224.0	,	,	,****,****,****,****,,否,否,	,	,	,否,	,	,	,	,	,	,	,	,	,	,	,	,否,否,	,否,	,,	,否,	,否,,,否