商品,订单号,订单状态,商品数量(件),是否审核中,支付时间,承诺发货时间,承诺送达时间,发货时间,确认收货时间,商品id,商品规格,样式ID,商品一级类目,商品二级类目,商品三级类目,商品四级类目,商家编码-规格维度,商家编码-商品维度,商家备注,买家留言,售后状态,消费者资料,订单成交时间,消费者资料上传时间,赠品名称,赠品id,赠品规格,赠品数量,团ID,团身份,是否已开始配送,配送员是否已送达,配送状态,同城是否普通快递,集运类型,赠品订单号,商品总价(元),邮费(元),店铺优惠折扣(元),平台优惠折扣(元),多多支付立减金额(元),上门安装费(元),送货入户费(元),送货入户并安装费(元),用户实付金额(元),商家实收金额(元),快递单号,快递公司,省,市,区,街道/镇,配送员手机号,是否抽奖或0元试用,是否顺丰加价,用户购买手机号,旅行类信息,充值号码,是否门店自提,门店名称,门店自定义编码,关联货品编码,货品名称,货品类型,子货品,仓库名称,仓库所在地址,海淘清关订单号,支付ID,支付方式,保税仓,是否直播间成交,是否直播间引导成交,预约配送时间,是否节能补贴,是否分期,分期期数,手续费承担方,是否无痕发货,订单来源,是否社区团购,小区送达情况,分期方式,是否已上传证件照片
VIOMI云米净水器小海豚600G+升级版厨下式RO反渗透直饮家用,260125-360589596291085,未发货，退款成功,1	,正常,2026-01-25 23:32:25,2026-01-29 23:32:26,	,	,	,852161740747	,小海豚600G+升级版,1835709207960	,厨房电器,净水器/净水设备及配件耗材,净水器,	,6923185653684	,	,延迟发货到2.29 [viomi小甜心 01/25 23:58] ZX2601260062034拦截 1.26梓晖,	,退款成功,,2026-01-25 23:32:26,	,,,,,,,否,否,	,否,	,,559.0	,0.0	,0.0	,60.0	,0.0	,0.0	,0.0	,0.0	,499.0	,559.0	,	,	,****,****,****,****,,否,否,	,	,	,否,	,	,	,	,	,	,	,	,	,	,	,	,否,否,	,否,否,,	,否,	,否,,,否
VIOMI 云米净水器600G小海豚升级版厨下式RO反渗透直饮家用,260125-405405766003396,待发货,1	,正常,2026-01-25 23:20:32,2026-01-26 23:20:32,,	,	,225501370546	,小海豚600G,1813468330532	,厨房电器,净水器/净水设备及配件耗材,净水器,	,6923185653684	,6923185616399	,	,	,无售后或售后取消,,2026-01-25 23:20:32,	,,,,,,,否,否,	,否,	,,619.0	,0.0	,0.0	,100.0	,0.0	,0.0	,0.0	,0.0	,519.0	,619.0	,	,	,广东省,珠海市,香洲区,,,否,否,	,	,	,否,	,	,	,	,	,	,	,	,	,	,	,	,否,否,	,否,否,,	,否,	,否,,,否
VIOMI云米净水器小海豚600G+升级版厨下式RO反渗透直饮家用,260125-442420509112368,待发货,1	,正常,2026-01-25 23:17:31,2026-01-26 23:17:31,,	,	,852161740747	,小海豚600G+升级版,1835709207960	,厨房电器,净水器/净水设备及配件耗材,净水器,	,6923185653684	,	,	,	,无售后或售后取消,,2026-01-25 23:17:31,	,,,,,,,否,否,	,否,	,,559.0	,0.0	,0.0	,0.0	,0.0	,0.0	,0.0	,0.0	,559.0	,559.0	,	,	,广东省,汕头市,南澳县,,,否,否,	,	,	,否,	,	,	,	,	,	,	,	,	,	,	,	,否,否,	,否,否,,	,否,	,否,,,否
云米60L速热电热水器3000W一级节能变频增容租房安全已接入米家AP,260125-115096972823038,待发货,1	,正常,2026-01-25 23:14:06,2026-01-26 23:14:07,,	,	,208071231700	,双管变频速热60L,1660917678582	,大家电,热水器,电热水器,	,6923185602224	,6923185602224	,	,	,无售后或售后取消,,2026-01-25 23:14:07,	,,,,,,,否,否,	,否,	,,656.0	,0.0	,0.0	,0.0	,0.0	,0.0	,0.0	,0.0	,656.0	,656.0	,	,	,甘肃省,张掖市,甘州区,,,否,否,	,	,	,否,	,	,	,	,	,	,	,	,	,	,	,	,否,否,	,否,否,,	,否,	,否,,,否
云米净水器600G小海豚升级版厨下式RO反渗透直饮家用,260125-603691456001318,未发货，退款成功,1	,正常,2026-01-25 23:11:36,2026-01-26 23:11:36,,	,	,852932116812	,小海豚600G+6年滤芯套装,1812983769340	,厨房电器,净水器/净水设备及配件耗材,净水器,	,S2508151538001,	,ZX2601260062034拦截 1.26梓晖,	,退款成功,,2026-01-25 23:11:36,	,,,,,,,否,否,	,否,	,,772.0	,0.0	,36.0	,24.0	,0.0	,0.0	,0.0	,0.0	,712.0	,736.0	,	,	,****,****,****,****,,否,否,	,	,	,否,	,	,	,	,	,	,	,	,	,	,	,	,否,否,	,否,否,,	,否,	,否,,,否
VIOMI云米净水器小海豚600G+升级版厨下式RO反渗透直饮家用,260125-504941822281671,待发货,1	,正常,2026-01-25 22:56:39,2026-01-26 22:56:39,,	,	,852161740747	,小海豚600G+升级版,1835709207960	,厨房电器,净水器/净水设备及配件耗材,净水器,	,6923185653684	,	,	,	,无售后或售后取消,,2026-01-25 22:56:39,	,,,,,,,否,否,	,否,	,,559.0	,0.0	,0.0	,60.0	,0.0	,0.0	,0.0	,0.0	,499.0	,559.0	,	,	,山东省,临沂市,兰山区,,,否,否,	,	,	,否,	,	,	,	,	,	,	,	,	,	,	,	,否,否,	,否,否,,	,否,	,否,,,否
云米净水器600G小海豚升级版厨下式RO反渗透直饮家用,260125-038115817912760,待发货,1	,正常,2026-01-25 22:47:44,2026-01-26 22:47:44,,	,	,852932116812	,小海豚600G+6年滤芯套装,1812983769340	,厨房电器,净水器/净水设备及配件耗材,净水器,	,S2508151538001,	,	,	,无售后或售后取消,,2026-01-25 22:47:44,	,,,,,,,否,否,	,否,	,,772.0	,0.0	,36.0	,24.0	,0.0	,0.0	,0.0	,0.0	,712.0	,736.0	,	,	,河南省,平顶山市,湛河区,,,否,否,	,	,	,否,	,	,	,	,	,	,	,	,	,	,	,	,否,否,	,否,是,3	,商家,否,	,否,,信用卡分期,否
VIOMI云米净水器小海豚600G+升级版厨下式RO反渗透直饮家用,260125-230424625442522,已取消,1	,正常,	,	,,	,	,852161740747	,小海豚600G+升级版,1835709207960	,厨房电器,净水器/净水设备及配件耗材,净水器,	,6923185653684	,	,	,	,无售后或售后取消,,	,	,,,,,,,否,否,	,否,	,,559.0	,0.0	,0.0	,0.0	,0.0	,0.0	,0.0	,0.0	,559.0	,559.0	,	,	,****,****,****,****,,否,否,	,	,	,否,	,	,	,	,	,	,	,	,	,	,	,	,否,否,	,否,	,,	,否,	,否,,,否
云米净水器600G小海豚升级版厨下式RO反渗透直饮家用,260125-099855910413545,待发货,1	,正常,2026-01-25 22:47:26,2026-01-26 22:47:26,,	,	,852932116812	,小海豚600G+6年滤芯套装,1812983769340	,厨房电器,净水器/净水设备及配件耗材,净水器,	,S2508151538001,	,	,	,无售后或售后取消,,2026-01-25 22:47:26,	,,,,,,,否,否,	,否,	,,772.0	,0.0	,36.0	,24.0	,1.42	,0.0	,0.0	,0.0	,712.0	,736.0	,	,	,上海市,上海市,宝山区,,,否,否,	,	,	,否,	,	,	,	,	,	,	,	,	,	,	,	,否,否,	,否,否,,	,否,	,否,,,否
VIOMI 云米净水器600G小海豚升级版厨下式RO反渗透直饮家用,260125-172417390232886,待发货,1	,正常,2026-01-25 22:39:36,2026-01-26 22:39:36,,	,	,225501370546	,小海豚600G,1813468330532	,厨房电器,净水器/净水设备及配件耗材,净水器,	,6923185653684	,6923185616399	,	,	,无售后或售后取消,,2026-01-25 22:39:36,	,,,,,,,否,否,	,否,	,,619.0	,0.0	,0.0	,0.0	,0.0	,0.0	,0.0	,0.0	,619.0	,619.0	,	,	,河南省,郑州市,金水区,,,否,否,	,	,	,否,	,	,	,	,	,	,	,	,	,	,	,	,否,否,	,否,否,,	,否,	,否,,,否
云米净水器600G小海豚升级版厨下式RO反渗透直饮家用,260125-650667630220320,待付款,1	,正常,	,	,,	,	,852932116812	,小海豚600G+6年滤芯套装,1812983769340	,厨房电器,净水器/净水设备及配件耗材,净水器,	,S2508151538001,	,嗮图送tds检测笔 [viomi小甜心 01/25 22:45],	,无售后或售后取消,,	,	,,,,,,,否,否,	,否,	,,772.0	,0.0	,36.0	,24.0	,0.0	,0.0	,0.0	,0.0	,712.0	,736.0	,	,	,****,****,****,****,,否,否,	,	,	,否,	,	,	,	,	,	,	,	,	,	,	,	,否,否,	,否,	,,	,否,	,否,,,否
VIOMI云米净水器小海豚600G+升级版厨下式RO反渗透直饮家用,260125-142842315192760,已取消,1	,正常,	,	,,	,	,852161740747	,小海豚600G+升级版,1835709207960	,厨房电器,净水器/净水设备及配件耗材,净水器,	,6923185653684	,	,	,	,无售后或售后取消,,	,	,,,,,,,否,否,	,否,	,,559.0	,0.0	,0.0	,0.0	,0.0	,0.0	,0.0	,0.0	,559.0	,559.0	,	,	,****,****,****,****,,否,否,	,	,	,否,	,	,	,	,	,	,	,	,	,	,	,	,否,否,	,否,	,,	,否,	,否,,,否
VIOMI云米净水器小海豚600G+升级版厨下式RO反渗透直饮家用,260125-598516775302258,已取消,1	,正常,	,	,,	,	,852161740747	,小海豚600G+升级版,1835709207960	,厨房电器,净水器/净水设备及配件耗材,净水器,	,6923185653684	,	,	,	,无售后或售后取消,,	,	,,,,,,,否,否,	,否,	,,559.0	,0.0	,0.0	,0.0	,0.0	,0.0	,0.0	,0.0	,559.0	,559.0	,	,	,****,****,****,****,,否,否,	,	,	,否,	,	,	,	,	,	,	,	,	,	,	,	,否,否,	,否,	,,	,否,	,否,,,否
新品首发 Viomi云米 小海豚3上市RO净水器5年长效反渗透净水器,260125-030372021850678,待发货,1	,正常,2026-01-25 22:08:10,2026-01-26 22:08:10,,	,	,862873034610	,小海豚3（原装滤芯）（包安装）,1825244823454	,厨房电器,净水器/净水设备及配件耗材,净水器,	,6923185605867	,	,	,	,无售后或售后取消,,2026-01-25 22:08:10,	,,,,,,,否,否,	,否,	,,498.9	,0.0	,0.0	,0.0	,0.2	,0.0	,0.0	,0.0	,498.9	,498.9	,	,	,湖南省,长沙市,岳麓区,,,否,否,	,	,	,否,	,	,	,	,	,	,	,	,	,	,	,	,否,否,	,否,否,,	,否,	,否,,,否
VIOMI云米净水器小海豚600G+升级版厨下式RO反渗透直饮家用,260125-166414313870251,未发货，退款成功,1	,正常,2026-01-25 21:36:58,2026-01-26 21:36:58,,	,	,852161740747	,小海豚600G+升级版,1835709207960	,厨房电器,净水器/净水设备及配件耗材,净水器,	,6923185653684	,	,	,	,退款成功,,2026-01-25 21:36:58,	,,,,,,,否,否,	,否,	,,559.0	,0.0	,0.0	,0.0	,16.0	,0.0	,0.0	,0.0	,559.0	,559.0	,	,	,****,****,****,****,,否,否,	,	,	,否,	,	,	,	,	,	,	,	,	,	,	,	,否,否,	,否,是,3	,商家,否,	,否,,信用卡分期,否
云米净水器600G小海豚升级版厨下式RO反渗透直饮家用,260125-015450785290760,待发货,1	,正常,2026-01-25 21:36:59,2026-01-26 21:37:00,,	,	,852932116812	,小海豚600G+6年滤芯套装,1812983769340	,厨房电器,净水器/净水设备及配件耗材,净水器,	,S2508151538001,	,	,	,无售后或售后取消,,2026-01-25 21:37:00,	,,,,,,,否,否,	,否,	,,772.0	,0.0	,0.0	,92.64	,0.0	,0.0	,0.0	,0.0	,679.36	,772.0	,	,	,山东省,菏泽市,牡丹区,,,否,否,	,	,	,否,	,	,	,	,	,	,	,	,	,	,	,	,否,否,	,否,否,,	,否,	,否,,,否
VIOMI 云米净水器600G小海豚升级版厨下式RO反渗透直饮家用,260125-114997379511599,待发货,1	,正常,2026-01-25 21:30:53,2026-01-26 21:30:53,,	,	,225501370546	,小海豚600G,1813468330532	,厨房电器,净水器/净水设备及配件耗材,净水器,	,6923185653684	,6923185616399	,	,	,无售后或售后取消,,2026-01-25 21:30:53,	,,,,,,,否,否,	,否,	,,619.0	,0.0	,0.0	,15.0	,1.2	,0.0	,0.0	,0.0	,604.0	,619.0	,	,	,安徽省,亳州市,谯城区,,,否,否,	,	,	,否,	,	,	,	,	,	,	,	,	,	,	,	,否,否,	,否,否,,	,否,	,否,,,否
云米即热净水器厨房家用直饮RO反渗透加热净饮一体机1000G,260125-183254392340804,待发货,1	,正常,2026-01-25 21:32:16,2026-01-26 21:32:17,,	,	,364990106384	,即热直饮 1000G大通量,1455593712429	,厨房电器,净水器/净水设备及配件耗材,净水器,	,6923185651116	,6923185651116	,	,	,无售后或售后取消,,2026-01-25 21:32:17,	,,,,,,,否,否,	,否,	,,1599.0	,0.0	,0.0	,15.0	,0.0	,0.0	,0.0	,0.0	,1584.0	,1599.0	,	,	,四川省,成都市,双流区,,,否,否,	,	,	,否,	,	,	,	,	,	,	,	,	,	,	,	,否,否,	,否,是,6	,商家,否,	,否,,信用卡分期,否
云米净水器600G小海豚升级版厨下式RO反渗透直饮家用,260125-264435166843101,未发货，退款成功,1	,正常,2026-01-25 21:28:13,2026-01-26 21:28:13,,	,	,852932116812	,小海豚600G+6年滤芯套装,1812983769340	,厨房电器,净水器/净水设备及配件耗材,净水器,	,S2508151538001,	,ZX2601260062034拦截 1.26梓晖,	,退款成功,,2026-01-25 21:28:13,	,,,,,,,否,否,	,否,	,,772.0	,0.0	,0.0	,100.0	,0.0	,0.0	,0.0	,0.0	,672.0	,772.0	,	,	,****,****,****,****,,否,否,	,	,	,否,	,	,	,	,	,	,	,	,	,	,	,	,否,否,	,否,否,,	,否,	,否,,,否
VIOMI云米净水器小海豚600G+升级版厨下式RO反渗透直饮家用,260125-572485834340093,已发货，待收货,1	,正常,2026-01-25 21:20:41,2026-01-26 21:20:42,	,2026-01-26 09:35:29,	,852161740747	,小海豚600G+升级版,1835709207960	,厨房电器,净水器/净水设备及配件耗材,净水器,	,6923185653684	,	,	,	,无售后或售后取消,,2026-01-25 21:20:42,	,,,,,,,否,否,	,否,	,,559.0	,0.0	,0.0	,60.0	,0.0	,0.0	,0.0	,0.0	,499.0	,559.0	,JDV025346106755,京东大件物流,广东省,广州市,黄埔区,,,否,否,	,	,	,否,	,	,	,	,	,	,	,	,	,	,	,	,否,否,	,否,否,,	,否,	,否,,,否
VIOMI云米净水器小海豚600G+升级版厨下式RO反渗透直饮家用,260125-541364140422258,已取消,1	,正常,	,	,,	,	,852161740747	,小海豚600G+升级版,1835709207960	,厨房电器,净水器/净水设备及配件耗材,净水器,	,6923185653684	,	,	,	,无售后或售后取消,,	,	,,,,,,,否,否,	,否,	,,559.0	,0.0	,0.0	,0.0	,0.0	,0.0	,0.0	,0.0	,559.0	,559.0	,	,	,****,****,****,****,,否,否,	,	,	,否,	,	,	,	,	,	,	,	,	,	,	,	,否,否,	,否,	,,	,否,	,否,,,否
VIOMI云米净水器小海豚600G+升级版厨下式RO反渗透直饮家用,260125-169224455742074,已发货，待收货,1	,正常,2026-01-25 21:19:11,2026-01-26 21:19:11,,2026-01-26 09:35:29,	,852161740747	,小海豚600G+升级版,1835709207960	,厨房电器,净水器/净水设备及配件耗材,净水器,	,6923185653684	,	,	,	,无售后或售后取消,,2026-01-25 21:19:11,	,,,,,,,否,否,	,否,	,,559.0	,0.0	,0.0	,1.0	,0.0	,0.0	,0.0	,0.0	,558.0	,559.0	,JDV025346070512,京东大件物流,广东省,广州市,番禺区,,,否,否,	,	,	,否,	,	,	,	,	,	,	,	,	,	,	,	,否,否,	,否,是,3	,商家,否,	,否,,信用卡分期,否
VIOMI云米净水器小海豚600G+升级版厨下式RO反渗透直饮家用,260125-053335836202944,待发货,1	,正常,2026-01-25 21:16:49,2026-01-26 21:16:49,,	,	,852161740747	,小海豚600G+升级版,1835709207960	,厨房电器,净水器/净水设备及配件耗材,净水器,	,6923185653684	,	,	,	,无售后或售后取消,,2026-01-25 21:16:49,	,,,,,,,否,否,	,否,	,,559.0	,0.0	,0.0	,0.0	,0.0	,0.0	,0.0	,0.0	,559.0	,559.0	,	,	,四川省,成都市,崇州市,,,否,否,	,	,	,否,	,	,	,	,	,	,	,	,	,	,	,	,否,否,	,否,否,,	,否,	,否,,,否
VIOMI云米净水器小海豚600G+升级版厨下式RO反渗透直饮家用,260125-213060185642944,未发货，退款成功,1	,正常,2026-01-25 21:14:58,2026-01-26 21:14:58,,	,	,852161740747	,小海豚600G+升级版,1835709207960	,厨房电器,净水器/净水设备及配件耗材,净水器,	,6923185653684	,	,聚水潭已取消发货 已退款1.26梓晖,	,退款成功,,2026-01-25 21:14:58,	,,,,,,,否,否,	,否,	,,559.0	,0.0	,0.0	,0.0	,0.0	,0.0	,0.0	,0.0	,559.0	,559.0	,	,	,****,****,****,****,,否,否,	,	,	,否,	,	,	,	,	,	,	,	,	,	,	,	,否,否,	,否,否,,	,否,	,否,,,否
云米净水器600G小海豚升级版厨下式RO反渗透直饮家用,260125-024772646511263,未发货，退款成功,1	,正常,2026-01-25 21:05:15,2026-01-26 21:05:15,,	,	,852932116812	,小海豚600G+6年滤芯套装,1812983769340	,厨房电器,净水器/净水设备及配件耗材,净水器,	,S2508151538001,	,嗮图送tds [viomi小甜心 01/25 21:08] 聚水潭已取消发货 已退款1.26梓晖,	,退款成功,,2026-01-25 21:05:15,	,,,,,,,否,否,	,否,	,,772.0	,0.0	,0.0	,100.0	,0.0	,0.0	,0.0	,0.0	,672.0	,772.0	,	,	,****,****,****,****,,否,否,	,	,	,否,	,	,	,	,	,	,	,	,	,	,	,	,否,否,	,否,否,,	,否,	,否,,,否
云米净水器600G小海豚升级版厨下式RO反渗透直饮家用,260125-161297241711263,已取消,1	,正常,	,	,,	,	,852932116812	,小海豚600G+6年滤芯套装,1812983769340	,厨房电器,净水器/净水设备及配件耗材,净水器,	,S2508151538001,	,	,	,无售后或售后取消,,	,	,,,,,,,否,否,	,否,	,,772.0	,0.0	,0.0	,100.0	,0.0	,0.0	,0.0	,0.0	,672.0	,772.0	,	,	,****,****,****,****,,否,否,	,	,	,否,	,	,	,	,	,	,	,	,	,	,	,	,否,否,	,否,	,,	,否,	,否,,,否
VIOMI云米净水器小海豚600G+升级版厨下式RO反渗透直饮家用,260125-390494994800294,待发货,1	,正常,2026-01-25 21:03:42,2026-01-26 21:03:43,,	,	,852161740747	,小海豚600G+升级版,1835709207960	,厨房电器,净水器/净水设备及配件耗材,净水器,	,6923185653684	,	,	,	,无售后或售后取消,,2026-01-25 21:03:43,	,,,,,,,否,否,	,否,	,,559.0	,0.0	,0.0	,0.0	,1.11	,0.0	,0.0	,0.0	,559.0	,559.0	,	,	,山东省,青岛市,城阳区,,,否,否,	,	,	,否,	,	,	,	,	,	,	,	,	,	,	,	,否,否,	,否,否,,	,否,	,否,,,否
云米22m³大吸力顶侧爆吸油烟机一级能效蓝调烟机挥手智控高温清洁,260125-300128704052637,待发货,1	,正常,2026-01-25 20:59:36,2026-01-26 20:59:36,,	,	,283026078701	,云米蓝调大吸力油烟机,1725241260848	,大家电,厨房大电,油烟机,	,6923185650973	,6923185650973	,	,	,无售后或售后取消,,2026-01-25 20:59:36,	,,,,,,,否,否,	,否,	,,899.0	,0.0	,0.0	,64.0	,0.2	,0.0	,0.0	,0.0	,835.0	,899.0	,	,	,四川省,广元市,旺苍县,,,否,否,	,	,	,否,	,	,	,	,	,	,	,	,	,	,	,	,否,否,	,否,否,,	,否,	,否,,,否
新品首发 Viomi云米 小海豚3上市RO净水器5年长效反渗透净水器,260125-140682227272385,已发货，待收货,1	,正常,2026-01-25 20:50:46,2026-01-26 20:50:46,,2026-01-26 09:35:29,	,862873034610	,小海豚3（原装滤芯）（包安装）,1825244823454	,厨房电器,净水器/净水设备及配件耗材,净水器,	,6923185605867	,	,	,	,无售后或售后取消,,2026-01-25 20:50:46,	,,,,,,,否,否,	,否,	,,498.9	,0.0	,0.0	,60.0	,0.0	,0.0	,0.0	,0.0	,438.9	,498.9	,JDV025346169826,京东大件物流,福建省,漳州市,芗城区,,,否,否,	,	,	,否,	,	,	,	,	,	,	,	,	,	,	,	,否,否,	,否,否,,	,否,	,否,,,否
云米净水器600G小海豚升级版厨下式RO反渗透直饮家用,260125-441413824082342,已发货，待收货,1	,正常,2026-01-25 20:08:57,2026-01-26 20:08:57,,2026-01-26 09:35:30,	,852932116812	,小海豚600G+6年滤芯套装,1812983769340	,厨房电器,净水器/净水设备及配件耗材,净水器,	,S2508151538001,	,	,	,无售后或售后取消,,2026-01-25 20:08:57,	,,,,,,,否,否,	,否,	,,772.0	,0.0	,0.0	,0.0	,1.54	,0.0	,0.0	,0.0	,772.0	,772.0	,JDV025346073446,京东大件物流,广西壮族自治区,贺州市,八步区,,,否,否,	,	,	,否,	,	,	,	,	,	,	,	,	,	,	,	,否,否,	,否,否,,	,否,	,否,,,否
新品首发 Viomi云米 小海豚3上市RO净水器5年长效反渗透净水器,260125-448648988251444,已取消,1	,正常,	,	,,	,	,862873034610	,小海豚3（原装滤芯）（包安装）,1825244823454	,厨房电器,净水器/净水设备及配件耗材,净水器,	,6923185605867	,	,	,	,无售后或售后取消,,	,	,,,,,,,否,否,	,否,	,,498.9	,0.0	,0.0	,0.0	,0.0	,0.0	,0.0	,0.0	,498.9	,498.9	,	,	,****,****,****,****,,否,否,	,	,	,否,	,	,	,	,	,	,	,	,	,	,	,	,是,否,	,否,	,,	,否,	,否,,,否
VIOMI云米净水器小海豚600G+升级版厨下式RO反渗透直饮家用,260125-063339241000218,已发货，待收货,1	,正常,2026-01-25 19:53:51,2026-01-26 19:53:52,,2026-01-26 09:35:30,	,852161740747	,小海豚600G+升级版,1835709207960	,厨房电器,净水器/净水设备及配件耗材,净水器,	,6923185653684	,	,	,	,无售后或售后取消,,2026-01-25 19:53:52,	,,,,,,,否,否,	,否,	,,559.0	,0.0	,0.0	,60.0	,0.0	,0.0	,0.0	,0.0	,499.0	,559.0	,JDV025346209480,京东大件物流,安徽省,合肥市,包河区,,,否,否,	,	,	,否,	,	,	,	,	,	,	,	,	,	,	,	,否,否,	,否,否,,	,否,	,否,,,否
云米矿泉台式净饮机即热式饮水机直饮家用矿化加热一体机净水器,260125-430592519813821,待付款,1	,正常,	,	,,	,	,850344043841	,AI净饮机Super2,1810740228115	,厨房电器,台式净饮机,台式净饮机,	,6923185615415	,6923185615415	,	,	,无售后或售后取消,,	,	,,,,,,,否,否,	,否,	,,1099.0	,0.0	,100.0	,75.7	,0.0	,0.0	,0.0	,0.0	,923.3	,999.0	,	,	,****,****,****,****,,否,否,	,	,	,否,	,	,	,	,	,	,	,	,	,	,	,	,否,否,	,否,	,,	,否,	,否,,,否
VIOMI云米净水器小海豚600G+升级版厨下式RO反渗透直饮家用,260125-101046096172416,已发货，待收货,1	,正常,2026-01-25 19:55:04,2026-01-26 19:55:04,,2026-01-26 09:35:29,	,852161740747	,小海豚600G+升级版,1835709207960	,厨房电器,净水器/净水设备及配件耗材,净水器,	,6923185653684	,	,	,	,无售后或售后取消,,2026-01-25 19:55:04,	,,,,,,,否,否,	,否,	,,559.0	,0.0	,0.0	,0.0	,0.0	,0.0	,0.0	,0.0	,559.0	,559.0	,JDV025346069844,京东大件物流,广东省,深圳市,龙岗区,,,否,否,	,	,	,否,	,	,	,	,	,	,	,	,	,	,	,	,否,否,	,否,否,,	,否,	,否,,,否
VIOMI云米净水器小海豚600G+升级版厨下式RO反渗透直饮家用,260125-560516381113311,待发货,1	,正常,2026-01-25 19:50:19,2026-01-26 19:50:19,,	,	,852161740747	,小海豚600G+升级版,1835709207960	,厨房电器,净水器/净水设备及配件耗材,净水器,	,6923185653684	,	,	,	,无售后或售后取消,,2026-01-25 19:50:19,	,,,,,,,否,否,	,否,	,,559.0	,0.0	,0.0	,0.0	,0.0	,0.0	,0.0	,0.0	,559.0	,559.0	,	,	,四川省,绵阳市,涪城区,,,否,否,	,	,	,否,	,	,	,	,	,	,	,	,	,	,	,	,否,否,	,否,否,,	,否,	,否,,,否
新品首发 Viomi云米 小海豚3上市RO净水器5年长效反渗透净水器,260125-479288368672691,已取消,1	,正常,	,	,,	,	,862873034610	,小海豚3（原装滤芯）（包安装）,1825244823454	,厨房电器,净水器/净水设备及配件耗材,净水器,	,6923185605867	,	,	,	,无售后或售后取消,,	,	,,,,,,,否,否,	,否,	,,498.9	,0.0	,0.0	,25.0	,0.0	,0.0	,0.0	,0.0	,473.9	,498.9	,	,	,****,****,****,****,,否,否,	,	,	,否,	,	,	,	,	,	,	,	,	,	,	,	,否,否,	,否,	,,	,否,	,否,,,否
VIOMI云米净水器小海豚600G+升级版厨下式RO反渗透直饮家用,260125-297575401060538,已发货，待收货,1	,正常,2026-01-25 19:36:41,2026-01-26 19:36:41,,2026-01-26 09:35:30,	,852161740747	,小海豚600G+升级版,1835709207960	,厨房电器,净水器/净水设备及配件耗材,净水器,	,6923185653684	,	,	,	,无售后或售后取消,,2026-01-25 19:36:41,	,,,,,,,否,否,	,否,	,,559.0	,0.0	,0.0	,0.0	,0.0	,0.0	,0.0	,0.0	,559.0	,559.0	,JDV025346075686,京东大件物流,广东省,揭阳市,惠来县,,,否,否,	,	,	,否,	,	,	,	,	,	,	,	,	,	,	,	,否,否,	,否,否,,	,否,	,否,,,否
云米无线手持吸尘器家用立式除螨大吸力吸尘机A9长续航宠物家庭,260125-646441889393973,已发货，待收货,1	,正常,2026-01-25 19:27:50,2026-01-26 19:27:50,,2026-01-26 09:35:29,	,823432069145	,云米吸尘器【长续航】,1789783831646	,生活电器,吸尘器,吸尘器,	,6923185611844	,6923185611844	,	,	,无售后或售后取消,,2026-01-25 19:27:50,	,,,,,,,否,否,	,否,	,,550.0	,0.0	,0.0	,20.0	,0.0	,0.0	,0.0	,0.0	,530.0	,550.0	,JDV025346072293,京东大件物流,陕西省,咸阳市,杨陵区,,,否,否,	,	,	,否,	,	,	,	,	,	,	,	,	,	,	,	,否,是,	,否,否,,	,否,	,否,,,否
VIOMI云米净水器小海豚600G+升级版厨下式RO反渗透直饮家用,260125-383306995353617,已发货，待收货,1	,正常,2026-01-25 19:13:14,2026-01-26 19:13:14,,2026-01-26 09:35:30,	,852161740747	,小海豚600G+升级版,1835709207960	,厨房电器,净水器/净水设备及配件耗材,净水器,	,6923185653684	,	,	,	,无售后或售后取消,,2026-01-25 19:13:14,	,,,,,,,否,否,	,否,	,,559.0	,0.0	,0.0	,60.0	,0.0	,0.0	,0.0	,0.0	,499.0	,559.0	,JDV025346092381,京东大件物流,湖北省,武汉市,江汉区,,,否,否,	,	,	,否,	,	,	,	,	,	,	,	,	,	,	,	,否,否,	,否,否,,	,否,	,否,,,否
VIOMI云米净水器小海豚600G+升级版厨下式RO反渗透直饮家用,260125-041864477100007,已发货，待收货,1	,正常,2026-01-25 18:56:16,2026-01-26 18:56:16,,2026-01-26 09:14:33,	,852161740747	,小海豚600G+升级版,1835709207960	,厨房电器,净水器/净水设备及配件耗材,净水器,	,6923185653684	,	,	,	,无售后或售后取消,,2026-01-25 18:56:16,	,,,,,,,否,否,	,否,	,,559.0	,0.0	,0.0	,0.0	,0.0	,0.0	,0.0	,0.0	,559.0	,559.0	,JDV025341076809,京东大件物流,北京市,北京市,平谷区,,,否,否,	,	,	,否,	,	,	,	,	,	,	,	,	,	,	,	,否,否,	,否,否,,	,否,	,否,,,否
VIOMI云米净水器小海豚600G+升级版厨下式RO反渗透直饮家用,260125-576580523522104,已发货，待收货,1	,正常,2026-01-25 18:42:31,2026-01-26 18:42:31,,2026-01-26 09:35:30,	,852161740747	,小海豚600G+升级版,1835709207960	,厨房电器,净水器/净水设备及配件耗材,净水器,	,6923185653684	,	,	,	,无售后或售后取消,,2026-01-25 18:42:31,	,,,,,,,否,否,	,否,	,,559.0	,0.0	,0.0	,0.0	,0.0	,0.0	,0.0	,0.0	,559.0	,559.0	,JDV025346069251,京东大件物流,广东省,汕头市,澄海区,,,否,否,	,	,	,否,	,	,	,	,	,	,	,	,	,	,	,	,否,否,	,否,否,,	,否,	,否,,,否
VIOMI云米净水器小海豚600G+升级版厨下式RO反渗透直饮家用,260125-060445191734050,已取消,1	,正常,	,	,,	,	,852161740747	,小海豚600G+升级版,1835709207960	,厨房电器,净水器/净水设备及配件耗材,净水器,	,6923185653684	,	,	,	,无售后或售后取消,,	,	,,,,,,,否,否,	,否,	,,559.0	,0.0	,0.0	,50.0	,0.0	,0.0	,0.0	,0.0	,509.0	,559.0	,	,	,****,****,****,****,,否,否,	,	,	,否,	,	,	,	,	,	,	,	,	,	,	,	,否,否,	,否,	,,	,否,	,否,,,否
VIOMI云米净水器小海豚600G+升级版厨下式RO反渗透直饮家用,260125-213914764802664,已取消,1	,正常,	,	,,	,	,852161740747	,小海豚600G+升级版,1835709207960	,厨房电器,净水器/净水设备及配件耗材,净水器,	,6923185653684	,	,	,	,无售后或售后取消,,	,	,,,,,,,否,否,	,否,	,,559.0	,0.0	,0.0	,0.0	,0.0	,0.0	,0.0	,0.0	,559.0	,559.0	,	,	,****,****,****,****,,否,否,	,	,	,否,	,	,	,	,	,	,	,	,	,	,	,	,否,否,	,否,	,,	,否,	,否,,,否
VIOMI云米 复合滤芯五合一,260125-058788451870866,待发货,1	,正常,2026-01-25 18:07:42,2026-01-27 18:07:42,	,	,	,872941778883	,小海豚600G+适用,1830543217502	,厨房电器,净水器/净水设备及配件耗材,净水器配件耗材,	,6923185627425	,	,	,	,无售后或售后取消,,2026-01-25 18:07:42,	,,,,,,,否,否,	,否,	,,298.0	,0.0	,0.0	,0.0	,0.0	,0.0	,0.0	,0.0	,298.0	,298.0	,	,	,广东省,汕尾市,城区,,,否,否,	,	,	,否,	,	,	,	,	,	,	,	,	,	,	,	,否,否,	,否,否,,	,否,	,否,,,否
VIOMI云米净水器小海豚600G+升级版厨下式RO反渗透直饮家用,260125-041009845911310,已发货，待收货,1	,正常,2026-01-25 18:08:43,2026-01-26 18:08:43,	,2026-01-26 09:35:30,	,852161740747	,小海豚600G+升级版,1835709207960	,厨房电器,净水器/净水设备及配件耗材,净水器,	,6923185653684	,	,	,	,无售后或售后取消,,2026-01-25 18:08:43,	,,,,,,,否,否,	,否,	,,559.0	,0.0	,0.0	,0.0	,0.0	,0.0	,0.0	,0.0	,559.0	,559.0	,JDV025346170727,京东大件物流,安徽省,安庆市,桐城市,,,否,否,	,	,	,否,	,	,	,	,	,	,	,	,	,	,	,	,否,否,	,否,否,,	,否,	,否,,,否
云米净水器600G小海豚升级版厨下式RO反渗透直饮家用,260125-599900895623281,已发货，待收货,1	,正常,2026-01-25 17:51:45,2026-01-26 17:51:46,,2026-01-26 09:35:30,	,852932116812	,小海豚600G+6年滤芯套装,1812983769340	,厨房电器,净水器/净水设备及配件耗材,净水器,	,S2508151538001,	,	,	,无售后或售后取消,,2026-01-25 17:51:46,	,,,,,,,否,否,	,否,	,,772.0	,0.0	,0.0	,77.2	,0.0	,0.0	,0.0	,0.0	,694.8	,772.0	,JDV025346076730,京东大件物流,广东省,佛山市,南海区,,,否,否,	,	,	,否,	,	,	,	,	,	,	,	,	,	,	,	,否,是,	,否,否,,	,否,	,否,,,否
VIOMI云米净水器小海豚600G+升级版厨下式RO反渗透直饮家用,260125-301093363310275,已取消,1	,正常,	,	,,	,	,852161740747	,小海豚600G+升级版,1835709207960	,厨房电器,净水器/净水设备及配件耗材,净水器,	,6923185653684	,	,	,	,无售后或售后取消,,	,	,,,,,,,否,否,	,否,	,,559.0	,0.0	,0.0	,0.0	,0.0	,0.0	,0.0	,0.0	,559.0	,559.0	,	,	,****,****,****,****,,否,否,	,	,	,否,	,	,	,	,	,	,	,	,	,	,	,	,否,否,	,否,	,,	,否,	,否,,,否
VIOMI云米净水器小海豚600G+升级版厨下式RO反渗透直饮家用,260125-484908736040282,已取消,1	,正常,	,	,,	,	,852161740747	,小海豚600G+升级版,1835709207960	,厨房电器,净水器/净水设备及配件耗材,净水器,	,6923185653684	,	,	,	,无售后或售后取消,,	,	,,,,,,,否,否,	,否,	,,559.0	,0.0	,0.0	,0.0	,0.0	,0.0	,0.0	,0.0	,559.0	,559.0	,	,	,****,****,****,****,,否,否,	,	,	,否,	,	,	,	,	,	,	,	,	,	,	,	,否,否,	,否,	,,	,否,	,否,,,否
VIOMI云米净水器小海豚600G+升级版厨下式RO反渗透直饮家用,260125-083430009152881,待发货,1	,正常,2026-01-25 16:57:44,2026-01-26 16:57:44,,	,	,852161740747	,小海豚600G+升级版,1835709207960	,厨房电器,净水器/净水设备及配件耗材,净水器,	,6923185653684	,	,	,	,无售后或售后取消,,2026-01-25 16:57:44,	,,,,,,,否,否,	,否,	,,559.0	,0.0	,0.0	,0.0	,0.0	,0.0	,0.0	,0.0	,559.0	,559.0	,	,	,重庆市,重庆市,九龙坡区,,,否,否,	,	,	,否,	,	,	,	,	,	,	,	,	,	,	,	,否,否,	,否,否,,	,否,	,否,,,否
新品首发 Viomi云米 小海豚3上市RO净水器5年长效反渗透净水器,260125-411786319490897,已发货，待收货,1	,正常,2026-01-25 16:52:30,2026-01-26 16:52:30,,2026-01-26 09:15:34,	,862873034610	,小海豚3+1支复合滤芯（包安装）,1825244823452	,厨房电器,净水器/净水设备及配件耗材,净水器,	,S2512250944002,	,	,	,无售后或售后取消,,2026-01-25 16:52:30,	,,,,,,,否,否,	,否,	,,609.9	,0.0	,0.0	,0.0	,0.0	,0.0	,0.0	,0.0	,609.9	,609.9	,JDV025346091832,京东大件物流,陕西省,汉中市,汉台区,,,否,否,	,	,	,否,	,	,	,	,	,	,	,	,	,	,	,	,否,否,	,否,否,,	,否,	,否,,,否
【独立制冰】云米603升冰箱变频一级风冷无霜双开对开门大容量,260125-668949563033427,已发货，待收货,1	,正常,2026-01-25 16:27:30,2026-01-26 16:27:30,,2026-01-25 19:06:54,	,325232192898	,【灰色】磨砂质感 云米独立制冰大容量603L,1719974083300	,大家电,冰箱,厨房冰箱,	,6923185650935	,6923185650935	,	,	,无售后或售后取消,,2026-01-25 16:27:30,	,,,,,,,否,否,	,否,	,,2459.0	,0.0	,0.0	,0.0	,0.0	,0.0	,0.0	,0.0	,2459.0	,2459.0	,JDLD12976401569,京东大件物流,江苏省,盐城市,亭湖区,,,否,否,	,	,	,否,	,	,	,	,	,	,	,	,	,	,	,	,否,是,	,否,否,,	,否,	,否,,,否
VIOMI 云米净水器600G小海豚升级版厨下式RO反渗透直饮家用,260125-251328008540614,已发货，待收货,1	,正常,2026-01-25 16:26:07,2026-01-26 16:26:07,,2026-01-26 08:46:07,	,225501370546	,小海豚600G,1813468330532	,厨房电器,净水器/净水设备及配件耗材,净水器,	,6923185653684	,6923185616399	,	,	,无售后或售后取消,,2026-01-25 16:26:07,	,,,,,,,否,否,	,否,	,,619.0	,0.0	,0.0	,92.85	,0.0	,0.0	,0.0	,0.0	,526.15	,619.0	,JDV025338474753,京东大件物流,四川省,成都市,新都区,,,否,否,	,	,	,否,	,	,	,	,	,	,	,	,	,	,	,	,否,否,	,否,否,,	,否,	,否,,,否
【独立制冰】云米603升冰箱变频一级风冷无霜双开对开门大容量,260125-051684329113427,已取消,1	,正常,	,	,,	,	,325232192898	,【灰色】磨砂质感 云米独立制冰大容量603L,1719974083300	,大家电,冰箱,厨房冰箱,	,6923185650935	,6923185650935	,	,	,无售后或售后取消,,	,	,,,,,,,否,否,	,否,	,,2459.0	,0.0	,0.0	,0.0	,0.0	,0.0	,0.0	,0.0	,2459.0	,2459.0	,	,	,****,****,****,****,,否,否,	,	,	,否,	,	,	,	,	,	,	,	,	,	,	,	,否,否,	,否,	,,	,否,	,否,,,否
【独立制冰】云米603升冰箱变频一级风冷无霜双开对开门大容量,260125-288903667353427,已取消,1	,正常,	,	,,	,	,325232192898	,【灰色】磨砂质感 云米独立制冰大容量603L,1719974083300	,大家电,冰箱,厨房冰箱,	,6923185650935	,6923185650935	,	,	,无售后或售后取消,,	,	,,,,,,,否,否,	,否,	,,2459.0	,0.0	,0.0	,0.0	,0.0	,0.0	,0.0	,0.0	,2459.0	,2459.0	,	,	,****,****,****,****,,否,否,	,	,	,否,	,	,	,	,	,	,	,	,	,	,	,	,否,否,	,否,	,,	,否,	,否,,,否
VIOMI云米净水器小海豚600G+升级版厨下式RO反渗透直饮家用,260125-281332969060144,已发货，待收货,1	,正常,2026-01-25 16:07:48,2026-01-26 16:07:48,,2026-01-26 08:47:10,	,852161740747	,小海豚600G+升级版,1835709207960	,厨房电器,净水器/净水设备及配件耗材,净水器,	,6923185653684	,	,	,	,无售后或售后取消,,2026-01-25 16:07:48,	,,,,,,,否,否,	,否,	,,559.0	,0.0	,0.0	,0.0	,0.0	,0.0	,0.0	,0.0	,559.0	,559.0	,JDV025338184055,京东大件物流,广东省,揭阳市,榕城区,,,否,否,	,	,	,否,	,	,	,	,	,	,	,	,	,	,	,	,否,否,	,否,否,,	,否,	,否,,,否
云米净水器600G小海豚升级版厨下式RO反渗透直饮家用,260125-136598003290259,待发货,1	,正常,2026-01-26 07:53:53,2026-01-27 07:53:53,,	,	,852932116812	,小海豚600G+6年滤芯套装,1812983769340	,厨房电器,净水器/净水设备及配件耗材,净水器,	,S2508151538001,	,	,	,无售后或售后取消,,2026-01-26 07:53:53,	,,,,,,,否,否,	,否,	,,772.0	,0.0	,0.0	,92.64	,8.0	,0.0	,0.0	,0.0	,679.36	,772.0	,	,	,湖北省,武汉市,青山区,,,否,否,	,	,	,否,	,	,	,	,	,	,	,	,	,	,	,	,否,否,	,否,否,,	,否,	,否,,,否
VIOMI云米净水器小海豚600G+升级版厨下式RO反渗透直饮家用,260125-535245657732759,已发货，待收货,1	,正常,2026-01-25 15:46:39,2026-01-26 15:46:39,	,2026-01-26 08:47:10,	,852161740747	,小海豚600G+升级版,1835709207960	,厨房电器,净水器/净水设备及配件耗材,净水器,	,6923185653684	,	,	,	,无售后或售后取消,,2026-01-25 15:46:39,	,,,,,,,否,否,	,否,	,,559.0	,0.0	,0.0	,60.0	,0.0	,0.0	,0.0	,0.0	,499.0	,559.0	,JDV025338146641,京东大件物流,广东省,深圳市,龙华区,,,否,否,	,	,	,否,	,	,	,	,	,	,	,	,	,	,	,	,否,否,	,否,否,,	,否,	,否,,,否
云米净水器600G小海豚升级版厨下式RO反渗透直饮家用,260125-415236134522713,已发货，待收货,1	,正常,2026-01-25 15:42:56,2026-01-26 15:42:56,,2026-01-26 08:46:07,	,852932116812	,小海豚600G+6年滤芯套装,1812983769340	,厨房电器,净水器/净水设备及配件耗材,净水器,	,S2508151538001,	,	,	,无售后或售后取消,,2026-01-25 15:42:56,	,,,,,,,否,否,	,否,	,,772.0	,0.0	,0.0	,65.0	,0.2	,0.0	,0.0	,0.0	,707.0	,772.0	,JDV025338204909,京东大件物流,天津市,天津市,滨海新区,,,否,否,	,	,	,否,	,	,	,	,	,	,	,	,	,	,	,	,否,否,	,否,否,,	,否,	,否,,,否
VIOMI云米净水器小海豚600G+升级版厨下式RO反渗透直饮家用,260125-429224107533680,已取消,1	,正常,	,	,,	,	,852161740747	,小海豚600G+升级版,1835709207960	,厨房电器,净水器/净水设备及配件耗材,净水器,	,6923185653684	,	,	,	,无售后或售后取消,,	,	,,,,,,,否,否,	,否,	,,559.0	,0.0	,0.0	,60.0	,0.0	,0.0	,0.0	,0.0	,499.0	,559.0	,	,	,****,****,****,****,,否,否,	,	,	,否,	,	,	,	,	,	,	,	,	,	,	,	,否,否,	,否,	,,	,否,	,否,,,否
VIOMI云米净水器小海豚600G+升级版厨下式RO反渗透直饮家用,260125-292489869731044,已发货，待收货,1	,正常,2026-01-25 15:41:03,2026-01-26 15:41:03,,2026-01-26 09:35:31,	,852161740747	,小海豚600G+升级版,1835709207960	,厨房电器,净水器/净水设备及配件耗材,净水器,	,6923185653684	,	,	,	,无售后或售后取消,,2026-01-25 15:41:03,	,,,,,,,否,否,	,否,	,,559.0	,0.0	,0.0	,60.0	,0.0	,0.0	,0.0	,0.0	,499.0	,559.0	,JDV025346089662,京东大件物流,安徽省,滁州市,定远县,,,否,否,	,	,	,否,	,	,	,	,	,	,	,	,	,	,	,	,否,否,	,否,否,,	,否,	,否,,,否
VIOMI云米净水器小海豚600G+升级版厨下式RO反渗透直饮家用,260125-589477998213500,已发货，待收货,1	,正常,2026-01-25 15:37:47,2026-01-26 15:37:47,	,2026-01-26 08:47:09,	,852161740747	,小海豚600G+升级版,1835709207960	,厨房电器,净水器/净水设备及配件耗材,净水器,	,6923185653684	,	,	,	,无售后或售后取消,,2026-01-25 15:37:47,	,,,,,,,否,否,	,否,	,,559.0	,0.0	,0.0	,25.0	,0.0	,0.0	,0.0	,0.0	,534.0	,559.0	,JDV025338129451,京东大件物流,广东省,梅州市,五华县,,,否,否,	,	,	,否,	,	,	,	,	,	,	,	,	,	,	,	,否,否,	,否,否,,	,否,	,否,,,否
VIOMI云米净水器小海豚600G+升级版厨下式RO反渗透直饮家用,260125-448664727053505,已取消,1	,正常,	,	,,	,	,852161740747	,小海豚600G+升级版,1835709207960	,厨房电器,净水器/净水设备及配件耗材,净水器,	,6923185653684	,	,	,	,无售后或售后取消,,	,	,,,,,,,否,否,	,否,	,,559.0	,0.0	,0.0	,0.0	,0.0	,0.0	,0.0	,0.0	,559.0	,559.0	,	,	,****,****,****,****,,否,否,	,	,	,否,	,	,	,	,	,	,	,	,	,	,	,	,否,否,	,否,	,,	,否,	,否,,,否
VIOMI云米净水器小海豚600G+升级版厨下式RO反渗透直饮家用,260125-597405212254086,已取消,1	,正常,	,	,,	,	,852161740747	,小海豚600G+升级版,1835709207960	,厨房电器,净水器/净水设备及配件耗材,净水器,	,6923185653684	,	,	,	,无售后或售后取消,,	,	,,,,,,,否,否,	,否,	,,559.0	,0.0	,0.0	,3.0	,0.0	,0.0	,0.0	,0.0	,556.0	,559.0	,	,	,****,****,****,****,,否,否,	,	,	,否,	,	,	,	,	,	,	,	,	,	,	,	,否,否,	,否,	,,	,否,	,否,,,否
云米无线手持吸尘器家用立式除螨大吸力吸尘机A9长续航宠物家庭,260125-644098322000410,待付款,1	,正常,	,	,,	,	,823432069145	,云米吸尘器【长续航】,1789783831646	,生活电器,吸尘器,吸尘器,	,6923185611844	,6923185611844	,	,	,无售后或售后取消,,	,	,,,,,,,否,否,	,否,	,,550.0	,0.0	,0.0	,49.5	,0.0	,0.0	,0.0	,0.0	,500.5	,550.0	,	,	,****,****,****,****,,否,否,	,	,	,否,	,	,	,	,	,	,	,	,	,	,	,	,否,否,	,否,	,,	,否,	,否,,,否
云米小厨宝6L即热式厨房台下洗碗热水宝上出水储水式小型电热水器,260125-232752464170271,待付款,1	,正常,	,	,,	,	,205451808289	,"热水即刻有6L,小厨宝",1752480784258	,大家电,热水器,电热水器,	,6923185611233	,6923185611233	,	,	,无售后或售后取消,,	,	,,,,,,,否,否,	,否,	,,289.0	,0.0	,0.0	,0.0	,0.0	,0.0	,0.0	,0.0	,289.0	,289.0	,	,	,****,****,****,****,,否,否,	,	,	,否,	,	,	,	,	,	,	,	,	,	,	,	,否,否,	,否,	,,	,否,	,否,,,否
新品首发 Viomi云米 小海豚3上市RO净水器5年长效反渗透净水器,260125-334286078303178,已发货，待收货,1	,正常,2026-01-25 15:04:54,2026-01-26 15:04:55,,2026-01-26 08:47:09,	,862873034610	,小海豚3（原装滤芯）（包安装）,1825244823454	,厨房电器,净水器/净水设备及配件耗材,净水器,	,6923185605867	,	,	,	,无售后或售后取消,,2026-01-25 15:04:55,	,,,,,,,否,否,	,否,	,,498.9	,0.0	,0.0	,0.0	,0.0	,0.0	,0.0	,0.0	,498.9	,498.9	,JDV025338263866,京东大件物流,内蒙古自治区,赤峰市,翁牛特旗,,,否,否,	,	,	,否,	,	,	,	,	,	,	,	,	,	,	,	,否,否,	,否,否,,	,否,	,否,,,否
VIOMI云米净水器小海豚600G+升级版厨下式RO反渗透直饮家用,260125-330542640663765,已发货，待收货,1	,正常,2026-01-25 14:48:36,2026-01-26 14:48:37,,2026-01-26 08:47:10,	,852161740747	,小海豚600G+升级版,1835709207960	,厨房电器,净水器/净水设备及配件耗材,净水器,	,6923185653684	,	,	,	,无售后或售后取消,,2026-01-25 14:48:37,	,,,,,,,否,否,	,否,	,,559.0	,0.0	,0.0	,0.0	,0.0	,0.0	,0.0	,0.0	,559.0	,559.0	,JDV025338184162,京东大件物流,广东省,茂名市,高州市,,,否,否,	,	,	,否,	,	,	,	,	,	,	,	,	,	,	,	,否,否,	,否,否,,	,否,	,否,,,否
云米100L消毒柜家用超薄嵌入式大容量厨房独立消毒烘干ZTD100A-1,260125-473820086660725,待发货,1	,正常,2026-01-25 14:43:58,2026-01-27 14:43:58,,	,	,220820325711	,嵌入式100L消毒柜,1644782695193	,大家电,厨房大电,消毒柜,	,6923185604303	,6923185604303	,	,	,无售后或售后取消,,2026-01-25 14:43:58,	,,,,,,,否,否,	,否,	,,839.0	,0.0	,0.0	,0.0	,0.0	,0.0	,0.0	,0.0	,839.0	,839.0	,	,	,广东省,揭阳市,普宁市,,,否,否,	,	,	,否,	,	,	,	,	,	,	,	,	,	,	,	,否,否,	,否,否,,	,否,	,否,,,否
云米100L消毒柜家用超薄嵌入式大容量厨房独立消毒烘干ZTD100A-1,260125-367882473860725,未发货，退款成功,1	,正常,2026-01-25 14:41:30,2026-01-27 14:41:30,,	,	,220820325711	,嵌入式100L消毒柜,1644782695193	,大家电,厨房大电,消毒柜,	,6923185604303	,6923185604303	,聚水潭已取消发货 已退款1.25梓晖,	,退款成功,,2026-01-25 14:41:30,	,,,,,,,否,否,	,否,	,,839.0	,0.0	,0.0	,0.0	,0.0	,0.0	,0.0	,0.0	,839.0	,839.0	,	,	,****,****,****,****,,否,否,	,	,	,否,	,	,	,	,	,	,	,	,	,	,	,	,否,否,	,否,否,,	,否,	,否,,,否
云米净水器600G小海豚升级版厨下式RO反渗透直饮家用,260125-593787666851285,已发货，待收货,1	,正常,2026-01-25 14:39:14,2026-01-26 14:39:14,,2026-01-26 08:46:09,	,852932116812	,小海豚600G+6年滤芯套装,1812983769340	,厨房电器,净水器/净水设备及配件耗材,净水器,	,S2508151538001,	,	,	,无售后或售后取消,,2026-01-25 14:39:14,	,,,,,,,否,否,	,否,	,,772.0	,0.0	,0.0	,90.0	,0.2	,0.0	,0.0	,0.0	,682.0	,772.0	,JDV025334690300,京东大件物流,内蒙古自治区,呼和浩特市,赛罕区,,,否,否,	,	,	,否,	,	,	,	,	,	,	,	,	,	,	,	,否,否,	,否,否,,	,否,	,否,,,否
云米5.2KW智能燃气灶大火力爆炒灶具一级节能家用厨房双灶头台嵌,260125-232280625540725,已发货，待收货,1	,正常,2026-01-25 14:38:55,2026-01-26 14:38:55,,2026-01-26 08:46:09,	,738372436858	,5.2KW聚能猛火灶（天然气）,1727247957279	,大家电,厨房大电,燃气灶,	,6923185650348	,	,	,	,无售后或售后取消,,2026-01-25 14:38:55,	,,,,,,,否,否,	,否,	,,699.0	,0.0	,100.0	,0.0	,0.0	,0.0	,0.0	,0.0	,599.0	,599.0	,JDV025338164049,京东大件物流,广东省,揭阳市,普宁市,,,否,否,	,	,	,否,	,	,	,	,	,	,	,	,	,	,	,	,否,否,	,否,否,,	,否,	,否,,,否
VIOMI云米净水器小海豚600G+升级版厨下式RO反渗透直饮家用,260125-548069711393520,已发货，待收货,1	,正常,2026-01-25 14:33:43,2026-01-26 14:33:43,,2026-01-26 08:47:11,	,852161740747	,小海豚600G+升级版,1835709207960	,厨房电器,净水器/净水设备及配件耗材,净水器,	,6923185653684	,	,	,	,无售后或售后取消,,2026-01-25 14:33:43,	,,,,,,,否,否,	,否,	,,559.0	,0.0	,0.0	,60.0	,0.0	,0.0	,0.0	,0.0	,499.0	,559.0	,JDV025338163912,京东大件物流,福建省,漳州市,龙文区,,,否,否,	,	,	,否,	,	,	,	,	,	,	,	,	,	,	,	,否,否,	,否,否,,	,否,	,否,,,否
VIOMI云米净水器小海豚600G+升级版厨下式RO反渗透直饮家用,260125-208897349143765,已取消,1	,正常,	,	,,	,	,852161740747	,小海豚600G+升级版,1835709207960	,厨房电器,净水器/净水设备及配件耗材,净水器,	,6923185653684	,	,	,	,无售后或售后取消,,	,	,,,,,,,否,否,	,否,	,,559.0	,0.0	,0.0	,0.0	,0.0	,0.0	,0.0	,0.0	,559.0	,559.0	,	,	,****,****,****,****,,否,否,	,	,	,否,	,	,	,	,	,	,	,	,	,	,	,	,否,否,	,否,	,,	,否,	,否,,,否
云米净水器600G小海豚升级版厨下式RO反渗透直饮家用,260125-044595965443745,待付款,1	,正常,	,	,,	,	,852932116812	,小海豚600G+6年滤芯套装,1812983769340	,厨房电器,净水器/净水设备及配件耗材,净水器,	,S2508151538001,	,	,	,无售后或售后取消,,	,	,,,,,,,否,否,	,否,	,,772.0	,0.0	,36.0	,24.0	,0.0	,0.0	,0.0	,0.0	,712.0	,736.0	,	,	,****,****,****,****,,否,否,	,	,	,否,	,	,	,	,	,	,	,	,	,	,	,	,否,否,	,否,	,,	,否,	,否,,,否
云米净水器600G小海豚升级版厨下式RO反渗透直饮家用,260125-376103278083745,已发货，待收货,1	,正常,2026-01-25 14:30:32,2026-01-26 14:30:32,,2026-01-26 08:46:09,	,852932116812	,小海豚600G+6年滤芯套装,1812983769340	,厨房电器,净水器/净水设备及配件耗材,净水器,	,S2508151538001,	,	,	,无售后或售后取消,,2026-01-25 14:30:32,	,,,,,,,否,否,	,否,	,,772.0	,0.0	,36.0	,24.0	,0.0	,0.0	,0.0	,0.0	,712.0	,736.0	,JDV025336449232,京东大件物流,江苏省,南通市,崇川区,,,否,否,	,	,	,否,	,	,	,	,	,	,	,	,	,	,	,	,否,否,	,否,否,,	,否,	,否,,,否
VIOMI云米净水器小海豚600G+升级版厨下式RO反渗透直饮家用,260125-325016676782651,已发货，待收货,1	,正常,2026-01-25 14:28:24,2026-01-26 14:28:25,,2026-01-26 08:47:10,	,852161740747	,小海豚600G+升级版,1835709207960	,厨房电器,净水器/净水设备及配件耗材,净水器,	,6923185653684	,	,	,	,无售后或售后取消,,2026-01-25 14:28:25,	,,,,,,,否,否,	,否,	,,559.0	,0.0	,0.0	,60.0	,0.0	,0.0	,0.0	,0.0	,499.0	,559.0	,JDV025335922211,京东大件物流,山西省,临汾市,洪洞县,,,否,否,	,	,	,否,	,	,	,	,	,	,	,	,	,	,	,	,否,否,	,否,否,,	,否,	,否,,,否
新品首发 Viomi云米 小海豚3上市RO净水器5年长效反渗透净水器,260125-503746466134039,已发货，待收货,1	,正常,2026-01-25 14:25:44,2026-01-26 14:25:44,,2026-01-26 08:47:10,	,862873034610	,小海豚3（原装滤芯）（包安装）,1825244823454	,厨房电器,净水器/净水设备及配件耗材,净水器,	,6923185605867	,	,	,	,无售后或售后取消,,2026-01-25 14:25:44,	,,,,,,,否,否,	,否,	,,498.9	,0.0	,0.0	,0.0	,0.0	,0.0	,0.0	,0.0	,498.9	,498.9	,JDV025338155606,京东大件物流,河南省,郑州市,金水区,,,否,否,	,	,	,否,	,	,	,	,	,	,	,	,	,	,	,	,否,否,	,否,否,,	,否,	,否,,,否
VIOMI云米净水器小海豚600G+升级版厨下式RO反渗透直饮家用,260125-484830155051332,已取消,1	,正常,	,	,,	,	,852161740747	,小海豚600G+升级版,1835709207960	,厨房电器,净水器/净水设备及配件耗材,净水器,	,6923185653684	,	,	,	,无售后或售后取消,,	,	,,,,,,,否,否,	,否,	,,559.0	,0.0	,0.0	,0.0	,0.0	,0.0	,0.0	,0.0	,559.0	,559.0	,	,	,****,****,****,****,,否,否,	,	,	,否,	,	,	,	,	,	,	,	,	,	,	,	,否,否,	,否,	,,	,否,	,否,,,否
云米60L速热电热水器3000W一级节能变频增容租房安全已接入米家AP,260125-201693611623005,已发货，待收货,1	,正常,2026-01-25 14:21:06,2026-01-26 14:21:06,,2026-01-26 08:46:09,	,208071231700	,双管变频速热60L,1660917678582	,大家电,热水器,电热水器,	,6923185602224	,6923185602224	,	,	,无售后或售后取消,,2026-01-25 14:21:06,	,,,,,,,否,否,	,否,	,,656.0	,0.0	,0.0	,60.0	,0.0	,0.0	,0.0	,0.0	,596.0	,656.0	,JDV025338135796,京东大件物流,广东省,汕头市,濠江区,,,否,否,	,	,	,否,	,	,	,	,	,	,	,	,	,	,	,	,否,否,	,否,否,,	,否,	,否,,,否
新品首发 Viomi云米 小海豚3上市RO净水器5年长效反渗透净水器,260125-471366377000896,已发货，待收货,1	,正常,2026-01-25 14:15:50,2026-01-26 14:15:50,,2026-01-26 08:47:10,	,862873034610	,小海豚3+2支复合滤芯（包安装）,1825244823453	,厨房电器,净水器/净水设备及配件耗材,净水器,	,S2512250943001,	,	,	,无售后或售后取消,,2026-01-25 14:15:50,	,,,,,,,否,否,	,否,	,,702.9	,0.0	,0.0	,30.0	,0.0	,0.0	,0.0	,0.0	,672.9	,702.9	,JDV025338273721,京东大件物流,吉林省,长春市,汽车产业开发区,,,否,否,	,	,	,否,	,	,	,	,	,	,	,	,	,	,	,	,否,否,	,否,否,,	,否,	,否,,,否
VIOMI云米净水器600G小蓝调厨下式RO反渗透直饮家用6年长效,260125-072939016631770,已取消,1	,正常,	,	,,	,	,850883552953	,RO反渗透除去重金属,1811278299045	,厨房电器,净水器/净水设备及配件耗材,净水器,	,6923185653592	,6923185653592	,	,	,无售后或售后取消,,	,	,,,,,,,否,否,	,否,	,,749.0	,0.0	,50.0	,55.92	,0.0	,0.0	,0.0	,0.0	,643.08	,699.0	,	,	,****,****,****,****,,否,否,	,	,	,否,	,	,	,	,	,	,	,	,	,	,	,	,否,否,	,否,	,,	,否,	,否,,,否
新品首发 Viomi云米 小海豚3上市RO净水器5年长效反渗透净水器,260125-484033175060310,已发货，待收货,1	,正常,2026-01-25 14:02:17,2026-01-26 14:02:17,,2026-01-26 08:47:09,	,862873034610	,小海豚3（原装滤芯）（包安装）,1825244823454	,厨房电器,净水器/净水设备及配件耗材,净水器,	,6923185605867	,	,	,	,无售后或售后取消,,2026-01-25 14:02:17,	,,,,,,,否,否,	,否,	,,498.9	,0.0	,29.93	,2.24	,0.0	,0.0	,0.0	,0.0	,466.73	,468.97	,JDV025338140162,京东大件物流,福建省,宁德市,蕉城区,,,否,否,	,	,	,否,	,	,	,	,	,	,	,	,	,	,	,	,否,否,	,否,否,,	,否,	,否,,,否
新品首发 Viomi云米 小海豚3上市RO净水器5年长效反渗透净水器,260125-312234483220310,未发货，退款成功,1	,正常,2026-01-25 14:02:17,2026-01-26 14:02:17,,	,	,862873034610	,小海豚3+1支复合滤芯（包安装）,1825244823452	,厨房电器,净水器/净水设备及配件耗材,净水器,	,S2512250944002,	,聚水潭已取消发货 已退款1.25梓晖,	,退款成功,,2026-01-25 14:02:17,	,,,,,,,否,否,	,否,	,,609.9	,0.0	,36.59	,2.76	,0.0	,0.0	,0.0	,0.0	,570.55	,573.31	,	,	,****,****,****,****,,否,否,	,	,	,否,	,	,	,	,	,	,	,	,	,	,	,	,否,否,	,否,否,,	,否,	,否,,,否
VIOMI云米净水器小海豚600G+升级版厨下式RO反渗透直饮家用,260125-219970291263630,已发货，待收货,1	,正常,2026-01-25 14:01:03,2026-01-26 14:01:03,,2026-01-26 08:47:10,	,852161740747	,小海豚600G+升级版,1835709207960	,厨房电器,净水器/净水设备及配件耗材,净水器,	,6923185653684	,	,	,	,无售后或售后取消,,2026-01-25 14:01:03,	,,,,,,,否,否,	,否,	,,559.0	,0.0	,0.0	,50.0	,0.0	,0.0	,0.0	,0.0	,509.0	,559.0	,JDV025336449538,京东大件物流,河南省,省直辖县级行政区划,济源市,,,否,否,	,	,	,否,	,	,	,	,	,	,	,	,	,	,	,	,否,否,	,否,是,3	,商家,否,	,否,,信用卡分期,否
云米电热水器50/60升洗澡家用浴室速热大容量省电防漏电安全保温,260125-183553278322782,已取消,1	,正常,	,	,,	,	,436320010098	,"速热长效保温安全电热水器,50L【2-3人】",1756921788832	,大家电,热水器,电热水器,	,6923185614920	,6923185614920	,	,	,无售后或售后取消,,	,	,,,,,,,否,否,	,否,	,,486.0	,0.0	,0.0	,5.0	,0.0	,0.0	,0.0	,0.0	,481.0	,486.0	,	,	,****,****,****,****,,否,否,	,	,	,否,	,	,	,	,	,	,	,	,	,	,	,	,否,否,	,否,	,,	,否,	,否,,,否
云米电热水器50/60升洗澡家用浴室速热大容量省电防漏电安全保温,260125-167447181680586,已发货，待收货,1	,正常,2026-01-25 14:00:08,2026-01-26 14:00:09,,2026-01-25 19:41:56,	,436320010098	,"速热长效保温安全电热水器,50L【2-3人】",1756921788832	,大家电,热水器,电热水器,	,6923185614920	,6923185614920	,	,	,无售后或售后取消,,2026-01-25 14:00:09,	,,,,,,,否,否,	,否,	,,486.0	,0.0	,0.0	,34.02	,0.0	,0.0	,0.0	,0.0	,451.98	,486.0	,JDLD12976320874,京东大件物流,河南省,安阳市,内黄县,,,否,否,	,	,	,否,	,	,	,	,	,	,	,	,	,	,	,	,否,否,	,否,否,,	,否,	,否,,,否
VIOMI云米净水器小海豚600G+升级版厨下式RO反渗透直饮家用,260125-096657753730416,已发货，待收货,1	,正常,2026-01-25 13:58:45,2026-01-26 13:58:45,,2026-01-26 08:47:10,	,852161740747	,小海豚600G+升级版,1835709207960	,厨房电器,净水器/净水设备及配件耗材,净水器,	,6923185653684	,	,	,	,无售后或售后取消,,2026-01-25 13:58:45,	,,,,,,,否,否,	,否,	,,559.0	,0.0	,0.0	,0.0	,0.0	,0.0	,0.0	,0.0	,559.0	,559.0	,JDV025336463587,京东大件物流,江苏省,镇江市,京口区,,,否,否,	,	,	,否,	,	,	,	,	,	,	,	,	,	,	,	,否,否,	,否,否,,	,否,	,否,,,否
VIOMI云米净水器小海豚600G+升级版厨下式RO反渗透直饮家用,260125-612882256240722,已取消,1	,正常,	,	,,	,	,852161740747	,小海豚600G+升级版,1835709207960	,厨房电器,净水器/净水设备及配件耗材,净水器,	,6923185653684	,	,	,	,无售后或售后取消,,	,	,,,,,,,否,否,	,否,	,,559.0	,0.0	,0.0	,0.0	,0.0	,0.0	,0.0	,0.0	,559.0	,559.0	,	,	,****,****,****,****,,否,否,	,	,	,否,	,	,	,	,	,	,	,	,	,	,	,	,否,否,	,否,	,,	,否,	,否,,,否
新品首发 Viomi云米 小海豚3上市RO净水器5年长效反渗透净水器,260125-501743696280194,已发货，待收货,1	,正常,2026-01-25 13:51:39,2026-01-26 13:51:40,	,2026-01-26 08:47:09,	,862873034610	,小海豚3（原装滤芯）（包安装）,1825244823454	,厨房电器,净水器/净水设备及配件耗材,净水器,	,6923185605867	,	,	,	,无售后或售后取消,,2026-01-25 13:51:40,	,,,,,,,否,否,	,否,	,,498.9	,0.0	,0.0	,0.0	,0.0	,0.0	,0.0	,0.0	,498.9	,498.9	,JDV025338204161,京东大件物流,浙江省,宁波市,北仑区,,,否,否,	,	,	,否,	,	,	,	,	,	,	,	,	,	,	,	,否,否,	,否,否,,	,否,	,否,,,否
云米净水器600G小海豚升级版厨下式RO反渗透直饮家用,260125-130442934710339,已发货，待收货,1	,正常,2026-01-25 13:48:47,2026-01-26 13:48:47,,2026-01-26 08:46:08,	,852932116812	,小海豚600G+6年滤芯套装,1812983769340	,厨房电器,净水器/净水设备及配件耗材,净水器,	,S2508151538001,	,	,	,无售后或售后取消,,2026-01-25 13:48:47,	,,,,,,,否,否,	,否,	,,772.0	,0.0	,36.0	,24.0	,0.0	,0.0	,0.0	,0.0	,712.0	,736.0	,JDV025335856563,京东大件物流,山西省,朔州市,怀仁市,,,否,否,	,	,	,否,	,	,	,	,	,	,	,	,	,	,	,	,否,否,	,否,否,,	,否,	,否,,,否
云米电热水器40升洗澡家用租房储水式速热抑菌节能省电安全卫生间,260125-033229401641341,已发货，待收货,2	,正常,2026-01-25 13:44:08,2026-01-26 13:44:09,,2026-01-25 20:08:17,	,661859626284	,"速热抑菌洗-40L,小海豚热水器",1750073590149	,大家电,热水器,电热水器,	,6923185681281	,6923185681281	,	,	,无售后或售后取消,,2026-01-25 13:44:09,	,,,,,,,否,否,	,否,	,,798.0	,0.0	,43.98	,24.0	,0.0	,0.0	,0.0	,0.0	,730.02	,754.02	,JDLD12976319012,京东大件物流,浙江省,温州市,乐清市,,,否,否,	,	,	,否,	,	,	,	,	,	,	,	,	,	,	,	,否,否,	,否,否,,	,否,	,否,,,否
VIOMI云米净水器小海豚600G+升级版厨下式RO反渗透直饮家用,260125-587087286633973,已发货，待收货,1	,正常,2026-01-25 13:37:49,2026-01-26 13:37:50,,2026-01-26 08:47:10,	,852161740747	,小海豚600G+升级版,1835709207960	,厨房电器,净水器/净水设备及配件耗材,净水器,	,6923185653684	,	,	,	,无售后或售后取消,,2026-01-25 13:37:50,	,,,,,,,否,否,	,否,	,,559.0	,0.0	,0.0	,60.0	,0.2	,0.0	,0.0	,0.0	,499.0	,559.0	,JDV025334701730,京东大件物流,北京市,北京市,门头沟区,,,否,否,	,	,	,否,	,	,	,	,	,	,	,	,	,	,	,	,否,否,	,否,否,,	,否,	,否,,,否
VIOMI云米净水器小海豚600G+升级版厨下式RO反渗透直饮家用,260125-491656364470339,已取消,1	,正常,	,	,,	,	,852161740747	,小海豚600G+升级版,1835709207960	,厨房电器,净水器/净水设备及配件耗材,净水器,	,6923185653684	,	,	,	,无售后或售后取消,,	,	,,,,,,,否,否,	,否,	,,559.0	,0.0	,0.0	,0.0	,0.0	,0.0	,0.0	,0.0	,559.0	,559.0	,	,	,****,****,****,****,,否,否,	,	,	,否,	,	,	,	,	,	,	,	,	,	,	,	,否,否,	,否,	,,	,否,	,否,,,否
VIOMI云米净水器小海豚600G+升级版厨下式RO反渗透直饮家用,260125-540792614530416,已取消,1	,正常,	,	,,	,	,852161740747	,小海豚600G+升级版,1835709207960	,厨房电器,净水器/净水设备及配件耗材,净水器,	,6923185653684	,	,	,	,无售后或售后取消,,	,	,,,,,,,否,否,	,否,	,,559.0	,0.0	,0.0	,0.0	,0.0	,0.0	,0.0	,0.0	,559.0	,559.0	,	,	,****,****,****,****,,否,否,	,	,	,否,	,	,	,	,	,	,	,	,	,	,	,	,否,否,	,否,	,,	,否,	,否,,,否
VIOMI云米净水器小海豚600G+升级版厨下式RO反渗透直饮家用,260125-098482275893173,已发货，待收货,1	,正常,2026-01-25 13:31:43,2026-01-26 13:31:43,,2026-01-26 08:47:11,	,852161740747	,小海豚600G+升级版,1835709207960	,厨房电器,净水器/净水设备及配件耗材,净水器,	,6923185653684	,	,	,	,无售后或售后取消,,2026-01-25 13:31:43,	,,,,,,,否,否,	,否,	,,559.0	,0.0	,0.0	,0.0	,0.0	,0.0	,0.0	,0.0	,559.0	,559.0	,JDV025334690255,京东大件物流,河北省,石家庄市,深泽县,,,否,否,	,	,	,否,	,	,	,	,	,	,	,	,	,	,	,	,否,否,	,否,否,,	,否,	,否,,,否
云米56L蒸烤一体机嵌入式家用厨房多功能电蒸箱烤箱二合一大容量,260125-200036871760671,已发货，待收货,1	,正常,2026-01-25 13:27:57,2026-01-26 13:27:57,,2026-01-25 22:32:43,	,764094861934	,【56L大容量】蒸烤一体机,1749094539007	,大家电,全屋互联网智能电器,全屋互联网智能电器,	,6923185620136	,6923185620136	,	,	,无售后或售后取消,,2026-01-25 13:27:57,	,,,,,,,否,否,	,否,	,,2216.0	,0.0	,120.0	,80.0	,0.2	,0.0	,0.0	,0.0	,2016.0	,2096.0	,JDLD12976302595,京东大件物流,贵州省,六盘水市,盘州市,,,否,否,	,	,	,否,	,	,	,	,	,	,	,	,	,	,	,	,否,否,	,否,否,,	,否,	,否,,,否
云米鲲鹏PRO烟机28m³大吸力聚能猛火灶一级能效烟灶联动厨电套装,260125-631725114960671,已发货，待收货,1	,正常,2026-01-25 13:24:48,2026-01-26 13:24:48,,2026-01-26 08:46:09,	,784230725200	,"【烟灶套装】鲲鹏PRO大吸力烟机+5.0灶具,天然气",1763233003374	,大家电,厨房大电,烟灶消套装,	,S2505161739001,	,	,	,无售后或售后取消,,2026-01-25 13:24:48,	,,,,,,,否,否,	,否,	,,2498.99	,0.0	,0.0	,0.0	,4.99	,0.0	,0.0	,0.0	,2498.99	,2498.99	,JDV025332958708,京东大件物流,贵州省,六盘水市,盘州市,,,否,否,	,	,	,否,	,	,	,	,	,	,	,	,	,	,	,	,否,否,	,否,否,,	,否,	,否,,,否
云米鲲鹏PRO烟机28m³大吸力聚能猛火灶一级能效烟灶联动厨电套装,260125-557517401680671,已取消,1	,正常,	,	,,	,	,784230725200	,"【烟灶套装】鲲鹏PRO大吸力烟机+5.0灶具,天然气",1763233003374	,大家电,厨房大电,烟灶消套装,	,S2505161739001,	,	,	,无售后或售后取消,,	,	,,,,,,,否,否,	,否,	,,2498.99	,0.0	,0.0	,0.0	,0.0	,0.0	,0.0	,0.0	,2498.99	,2498.99	,	,	,****,****,****,****,,否,否,	,	,	,否,	,	,	,	,	,	,	,	,	,	,	,	,否,否,	,否,	,,	,否,	,否,,,否
云米56L蒸烤一体机嵌入式家用厨房多功能电蒸箱烤箱二合一大容量,260125-044795194960671,未发货，退款成功,1	,正常,2026-01-25 13:20:17,2026-01-26 13:20:17,,	,	,764094861934	,【56L大容量】蒸烤一体机,1749094539007	,大家电,全屋互联网智能电器,全屋互联网智能电器,	,6923185620136	,6923185620136	,聚水潭已取消发货 已退款1.25梓晖,	,退款成功,,2026-01-25 13:20:17,	,,,,,,,否,否,	,否,	,,2216.0	,0.0	,137.0	,80.0	,0.2	,0.0	,0.0	,0.0	,1999.0	,2079.0	,	,	,****,****,****,****,,否,否,	,	,	,否,	,	,	,	,	,	,	,	,	,	,	,	,否,否,	,否,否,,	,否,	,否,,,否
云米鲲鹏PRO烟机28m³大吸力聚能猛火灶一级能效烟灶联动厨电套装,260125-485469724240671,未发货，退款成功,1	,正常,2026-01-25 13:19:20,2026-01-26 13:19:20,,	,	,784230725200	,"【烟灶套装】鲲鹏PRO大吸力烟机+5.0灶具,天然气",1763233003374	,大家电,厨房大电,烟灶消套装,	,S2505161739001,	,聚水潭已取消发货 已退款1.25梓晖,	,退款成功,,2026-01-25 13:19:20,	,,,,,,,否,否,	,否,	,,2498.99	,0.0	,0.0	,0.0	,4.99	,0.0	,0.0	,0.0	,2498.99	,2498.99	,	,	,****,****,****,****,,否,否,	,	,	,否,	,	,	,	,	,	,	,	,	,	,	,	,否,否,	,否,否,,	,否,	,否,,,否
云米净水器600G小海豚升级版厨下式RO反渗透直饮家用,260125-504281219433251,已发货，待收货,1	,正常,2026-01-25 12:54:32,2026-01-26 12:54:32,,2026-01-26 08:46:09,	,852932116812	,小海豚600G+6年滤芯套装,1812983769340	,厨房电器,净水器/净水设备及配件耗材,净水器,	,S2508151538001,	,	,	,无售后或售后取消,,2026-01-25 12:54:32,	,,,,,,,否,否,	,否,	,,772.0	,0.0	,0.0	,100.0	,0.0	,0.0	,0.0	,0.0	,672.0	,772.0	,JDV025334723293,京东大件物流,黑龙江省,牡丹江市,东安区,,,否,否,	,	,	,否,	,	,	,	,	,	,	,	,	,	,	,	,否,否,	,否,否,,	,否,	,否,,,否
VIOMI云米净水器小海豚600G+升级版厨下式RO反渗透直饮家用,260125-196775842120210,已发货，待收货,1	,正常,2026-01-25 12:52:30,2026-01-26 12:52:31,,2026-01-26 08:47:11,	,852161740747	,小海豚600G+升级版,1835709207960	,厨房电器,净水器/净水设备及配件耗材,净水器,	,6923185653684	,	,	,	,无售后或售后取消,,2026-01-25 12:52:31,	,,,,,,,否,否,	,否,	,,559.0	,0.0	,0.0	,0.0	,0.2	,0.0	,0.0	,0.0	,559.0	,559.0	,JDV025338128587,京东大件物流,广东省,广州市,白云区,,,否,否,	,	,	,否,	,	,	,	,	,	,	,	,	,	,	,	,否,否,	,否,否,,	,否,	,否,,,否
VIOMI云米净水器小海豚600G+升级版厨下式RO反渗透直饮家用,260125-237733230972158,已发货，待收货,1	,正常,2026-01-25 12:47:37,2026-01-26 12:47:37,,2026-01-26 08:47:11,	,852161740747	,小海豚600G+升级版,1835709207960	,厨房电器,净水器/净水设备及配件耗材,净水器,	,6923185653684	,	,	,	,无售后或售后取消,,2026-01-25 12:47:37,	,,,,,,,否,否,	,否,	,,559.0	,0.0	,0.0	,60.0	,0.0	,0.0	,0.0	,0.0	,499.0	,559.0	,JDV025334701749,京东大件物流,新疆维吾尔自治区,乌鲁木齐市,新市区,,,否,否,	,	,	,否,	,	,	,	,	,	,	,	,	,	,	,	,否,否,	,否,否,,	,否,	,否,,,否
新品首发 Viomi云米 小海豚3上市RO净水器5年长效反渗透净水器,260125-287959979660337,已发货，待收货,1	,正常,2026-01-25 12:28:10,2026-01-26 12:28:10,,2026-01-26 08:47:11,	,862873034610	,小海豚3（原装滤芯）（包安装）,1825244823454	,厨房电器,净水器/净水设备及配件耗材,净水器,	,6923185605867	,	,	,	,无售后或售后取消,,2026-01-25 12:28:10,	,,,,,,,否,否,	,否,	,,498.9	,0.0	,0.0	,0.0	,0.2	,0.0	,0.0	,0.0	,498.9	,498.9	,JDV025332938394,京东大件物流,江苏省,无锡市,滨湖区,,,否,否,	,	,	,否,	,	,	,	,	,	,	,	,	,	,	,	,否,否,	,否,否,,	,否,	,否,,,否
新品首发 Viomi云米 小海豚3上市RO净水器5年长效反渗透净水器,260125-406690229760900,已发货，待收货,1	,正常,2026-01-25 12:22:36,2026-01-26 12:22:36,,2026-01-26 08:47:11,	,862873034610	,小海豚3（原装滤芯）（包安装）,1825244823454	,厨房电器,净水器/净水设备及配件耗材,净水器,	,6923185605867	,	,	,	,无售后或售后取消,,2026-01-25 12:22:36,	,,,,,,,否,否,	,否,	,,498.9	,0.0	,0.0	,0.0	,0.2	,0.0	,0.0	,0.0	,498.9	,498.9	,JDV025332929979,京东大件物流,福建省,漳州市,芗城区,,,否,否,	,	,	,否,	,	,	,	,	,	,	,	,	,	,	,	,否,否,	,否,否,,	,否,	,否,,,否
VIOMI云米净水器小海豚600G+升级版厨下式RO反渗透直饮家用,260125-120313628183765,已取消,1	,正常,	,	,,	,	,852161740747	,小海豚600G+升级版,1835709207960	,厨房电器,净水器/净水设备及配件耗材,净水器,	,6923185653684	,	,	,	,无售后或售后取消,,	,	,,,,,,,否,否,	,否,	,,559.0	,0.0	,0.0	,0.0	,0.0	,0.0	,0.0	,0.0	,559.0	,559.0	,	,	,****,****,****,****,,否,否,	,	,	,否,	,	,	,	,	,	,	,	,	,	,	,	,否,否,	,否,	,,	,否,	,否,,,否
VIOMI云米净水器小海豚600G+升级版厨下式RO反渗透直饮家用,260125-009909071383765,已取消,1	,正常,	,	,,	,	,852161740747	,小海豚600G+升级版,1835709207960	,厨房电器,净水器/净水设备及配件耗材,净水器,	,6923185653684	,	,	,	,无售后或售后取消,,	,	,,,,,,,否,否,	,否,	,,559.0	,0.0	,0.0	,0.0	,0.0	,0.0	,0.0	,0.0	,559.0	,559.0	,	,	,****,****,****,****,,否,否,	,	,	,否,	,	,	,	,	,	,	,	,	,	,	,	,否,否,	,否,	,,	,否,	,否,,,否
VIOMI 云米净水器600G小海豚升级版厨下式RO反渗透直饮家用,260125-201798500714023,已发货，待收货,1	,正常,2026-01-25 12:12:50,2026-01-26 12:12:51,,2026-01-26 08:46:09,	,225501370546	,小海豚600G,1813468330532	,厨房电器,净水器/净水设备及配件耗材,净水器,	,6923185653684	,6923185616399	,	,	,无售后或售后取消,,2026-01-25 12:12:51,	,,,,,,,否,否,	,否,	,,619.0	,0.0	,0.0	,15.0	,0.0	,0.0	,0.0	,0.0	,604.0	,619.0	,JDV025336448926,京东大件物流,河南省,驻马店市,确山县,,,否,否,	,	,	,否,	,	,	,	,	,	,	,	,	,	,	,	,否,否,	,否,否,,	,否,	,否,,,否
云米净水器600G小海豚升级版厨下式RO反渗透直饮家用,260125-242745424160648,已发货，待收货,1	,正常,2026-01-25 12:08:19,2026-01-26 12:08:19,,2026-01-26 08:46:09,	,852932116812	,小海豚600G+6年滤芯套装,1812983769340	,厨房电器,净水器/净水设备及配件耗材,净水器,	,S2508151538001,	,	,	,无售后或售后取消,,2026-01-25 12:08:19,	,,,,,,,否,否,	,否,	,,772.0	,0.0	,0.0	,100.0	,1.34	,0.0	,0.0	,0.0	,672.0	,772.0	,JDV025333085205,京东大件物流,辽宁省,大连市,中山区,,,否,否,	,	,	,否,	,	,	,	,	,	,	,	,	,	,	,	,否,否,	,否,否,,	,否,	,否,,,否
VIOMI 云米净水器600G小海豚升级版厨下式RO反渗透直饮家用,260125-452534004000648,未发货，退款成功,1	,正常,2026-01-25 12:07:12,2026-01-26 12:07:12,,	,	,225501370546	,小海豚600G,1813468330532	,厨房电器,净水器/净水设备及配件耗材,净水器,	,6923185653684	,6923185616399	,聚水潭已取消发货 已退款1.25梓晖,	,退款成功,,2026-01-25 12:07:12,	,,,,,,,否,否,	,否,	,,619.0	,0.0	,0.0	,80.47	,0.2	,0.0	,0.0	,0.0	,538.53	,619.0	,	,	,****,****,****,****,,否,否,	,	,	,否,	,	,	,	,	,	,	,	,	,	,	,	,否,否,	,否,否,,	,否,	,否,,,否
VIOMI云米净水器小海豚600G+升级版厨下式RO反渗透直饮家用,260125-263444294013277,已发货，待收货,1	,正常,2026-01-25 12:00:34,2026-01-26 12:00:35,,2026-01-26 08:47:11,	,852161740747	,小海豚600G+升级版,1835709207960	,厨房电器,净水器/净水设备及配件耗材,净水器,	,6923185653684	,	,	,	,无售后或售后取消,,2026-01-25 12:00:35,	,,,,,,,否,否,	,否,	,,559.0	,0.0	,0.0	,60.0	,0.0	,0.0	,0.0	,0.0	,499.0	,559.0	,JDV025338119004,京东大件物流,湖南省,湘潭市,湘乡市,,,否,否,	,	,	,否,	,	,	,	,	,	,	,	,	,	,	,	,否,否,	,否,否,,	,否,	,否,,,否
云米电热水器50/60升洗澡家用浴室速热大容量省电防漏电安全保温,260125-084567724471680,已发货，待收货,1	,正常,2026-01-25 12:00:22,2026-01-26 12:00:22,,2026-01-25 19:09:33,	,436320010098	,"速热长效保温安全电热水器,50L【2-3人】",1756921788832	,大家电,热水器,电热水器,	,6923185614920	,6923185614920	,	,	,无售后或售后取消,,2026-01-25 12:00:22,	,,,,,,,否,否,	,否,	,,486.0	,0.0	,0.0	,0.0	,0.0	,0.0	,0.0	,0.0	,486.0	,486.0	,JDLD12975943656,京东大件物流,河南省,南阳市,邓州市,,,否,否,	,	,	,否,	,	,	,	,	,	,	,	,	,	,	,	,否,否,	,否,否,,	,否,	,否,,,否
云米矿泉台式净饮机即热式饮水机直饮家用矿化加热一体机净水器,260125-187359619450354,待付款,1	,正常,	,	,,	,	,850344043841	,AI净饮机Super2,1810740228115	,厨房电器,台式净饮机,台式净饮机,	,6923185615415	,6923185615415	,	,	,无售后或售后取消,,	,	,,,,,,,否,否,	,否,	,,1099.0	,0.0	,100.0	,99.9	,0.0	,0.0	,0.0	,0.0	,899.1	,999.0	,	,	,****,****,****,****,,否,否,	,	,	,否,	,	,	,	,	,	,	,	,	,	,	,	,否,否,	,否,	,,	,否,	,否,,,否
VIOMI云米净水器600G小蓝调厨下式RO反渗透直饮家用6年长效,260125-674328820090354,待付款,1	,正常,	,	,,	,	,850883552953	,RO反渗透除去重金属,1811278299045	,厨房电器,净水器/净水设备及配件耗材,净水器,	,6923185653592	,6923185653592	,	,	,无售后或售后取消,,	,	,,,,,,,否,否,	,否,	,,749.0	,0.0	,50.0	,100.0	,0.0	,0.0	,0.0	,0.0	,599.0	,699.0	,	,	,****,****,****,****,,否,否,	,	,	,否,	,	,	,	,	,	,	,	,	,	,	,	,否,否,	,否,	,,	,否,	,否,,,否
VIOMI云米净水器小海豚600G+升级版厨下式RO反渗透直饮家用,260125-414627981693681,已发货，待收货,1	,正常,2026-01-25 11:42:49,2026-01-26 11:42:49,,2026-01-26 08:47:11,	,852161740747	,小海豚600G+升级版,1835709207960	,厨房电器,净水器/净水设备及配件耗材,净水器,	,6923185653684	,	,	,	,无售后或售后取消,,2026-01-25 11:42:49,	,,,,,,,否,否,	,否,	,,559.0	,0.0	,0.0	,60.0	,0.2	,0.0	,0.0	,0.0	,499.0	,559.0	,JDV025336452643,京东大件物流,江西省,宜春市,丰城市,,,否,否,	,	,	,否,	,	,	,	,	,	,	,	,	,	,	,	,否,否,	,否,否,,	,否,	,否,,,否
VIOMI 云米净水器600G小海豚升级版厨下式RO反渗透直饮家用,260125-019902042490354,待付款,1	,正常,	,	,,	,	,225501370546	,小海豚600G,1813468330532	,厨房电器,净水器/净水设备及配件耗材,净水器,	,6923185653684	,6923185616399	,	,	,无售后或售后取消,,	,	,,,,,,,否,否,	,否,	,,619.0	,0.0	,0.0	,99.04	,0.0	,0.0	,0.0	,0.0	,519.96	,619.0	,	,	,****,****,****,****,,否,否,	,	,	,否,	,	,	,	,	,	,	,	,	,	,	,	,否,否,	,否,	,,	,否,	,否,,,否
VIOMI云米净水器小海豚600G+升级版厨下式RO反渗透直饮家用,260125-245880624703467,未发货，退款成功,1	,正常,2026-01-25 11:34:10,2026-01-26 11:34:10,,	,	,852161740747	,小海豚600G+升级版,1835709207960	,厨房电器,净水器/净水设备及配件耗材,净水器,	,6923185653684	,	,聚水潭已取消发货 已退款1.25梓晖,	,退款成功,,2026-01-25 11:34:10,	,,,,,,,否,否,	,否,	,,559.0	,0.0	,0.0	,0.0	,2.79	,0.0	,0.0	,0.0	,559.0	,559.0	,	,	,****,****,****,****,,否,否,	,	,	,否,	,	,	,	,	,	,	,	,	,	,	,	,否,否,	,否,否,,	,否,	,否,,,否
VIOMI云米净水器小海豚600G+升级版厨下式RO反渗透直饮家用,260125-381430034042279,已发货，待收货,1	,正常,2026-01-25 11:31:25,2026-01-26 11:31:25,,2026-01-26 08:47:12,	,852161740747	,小海豚600G+升级版,1835709207960	,厨房电器,净水器/净水设备及配件耗材,净水器,	,6923185653684	,	,	,	,无售后或售后取消,,2026-01-25 11:31:25,	,,,,,,,否,否,	,否,	,,559.0	,0.0	,0.0	,60.0	,0.0	,0.0	,0.0	,0.0	,499.0	,559.0	,JDV025331697628,京东大件物流,陕西省,西安市,蓝田县,,,否,否,	,	,	,否,	,	,	,	,	,	,	,	,	,	,	,	,否,否,	,否,否,,	,否,	,否,,,否
VIOMI云米净水器小海豚600G+升级版厨下式RO反渗透直饮家用,260125-189142167150263,已发货，待收货,1	,正常,2026-01-25 11:25:15,2026-01-26 11:25:15,	,2026-01-26 08:47:12,	,852161740747	,小海豚600G+升级版,1835709207960	,厨房电器,净水器/净水设备及配件耗材,净水器,	,6923185653684	,	,	,	,无售后或售后取消,,2026-01-25 11:25:15,	,,,,,,,否,否,	,否,	,,559.0	,0.0	,0.0	,0.0	,0.0	,0.0	,0.0	,0.0	,559.0	,559.0	,JDV025332828577,京东大件物流,广东省,深圳市,南山区,,,否,否,	,	,	,否,	,	,	,	,	,	,	,	,	,	,	,	,否,否,	,否,否,,	,否,	,否,,,否
VIOMI云米净水器小海豚600G+升级版厨下式RO反渗透直饮家用,260125-682245548452842,已取消,1	,正常,	,	,,	,	,852161740747	,小海豚600G+升级版,1835709207960	,厨房电器,净水器/净水设备及配件耗材,净水器,	,6923185653684	,	,	,	,无售后或售后取消,,	,	,,,,,,,否,否,	,否,	,,559.0	,0.0	,0.0	,25.0	,0.0	,0.0	,0.0	,0.0	,534.0	,559.0	,	,	,****,****,****,****,,否,否,	,	,	,否,	,	,	,	,	,	,	,	,	,	,	,	,否,否,	,否,	,,	,否,	,否,,,否
云米净水器600G小海豚升级版厨下式RO反渗透直饮家用,260125-440443881090409,已发货，待收货,1	,正常,2026-01-25 11:24:14,2026-01-26 11:24:15,	,2026-01-26 08:46:11,	,852932116812	,小海豚600G+6年滤芯套装,1812983769340	,厨房电器,净水器/净水设备及配件耗材,净水器,	,S2508151538001,	,晒图评价返tds笔,	,无售后或售后取消,,2026-01-25 11:24:15,	,,,,,,,否,否,	,否,	,,772.0	,0.0	,36.0	,24.0	,0.0	,0.0	,0.0	,0.0	,712.0	,736.0	,JDV025332936388,京东大件物流,广东省,肇庆市,怀集县,,,否,否,	,	,	,否,	,	,	,	,	,	,	,	,	,	,	,	,否,否,	,否,否,,	,否,	,否,,,否
云米净水器600G小海豚升级版厨下式RO反渗透直饮家用,260125-651218163330409,已取消,1	,正常,	,	,,	,	,852932116812	,小海豚600G+6年滤芯套装,1812983769340	,厨房电器,净水器/净水设备及配件耗材,净水器,	,S2508151538001,	,	,	,无售后或售后取消,,	,	,,,,,,,否,否,	,否,	,,772.0	,0.0	,36.0	,24.0	,0.0	,0.0	,0.0	,0.0	,712.0	,736.0	,	,	,****,****,****,****,,否,否,	,	,	,否,	,	,	,	,	,	,	,	,	,	,	,	,否,否,	,否,	,,	,否,	,否,,,否
VIOMI云米净水器小海豚600G+升级版厨下式RO反渗透直饮家用,260125-242179172772842,已取消,1	,正常,	,	,,	,	,852161740747	,小海豚600G+升级版,1835709207960	,厨房电器,净水器/净水设备及配件耗材,净水器,	,6923185653684	,	,	,	,无售后或售后取消,,	,	,,,,,,,否,否,	,否,	,,559.0	,0.0	,0.0	,25.0	,0.0	,0.0	,0.0	,0.0	,534.0	,559.0	,	,	,****,****,****,****,,否,否,	,	,	,否,	,	,	,	,	,	,	,	,	,	,	,	,否,否,	,否,	,,	,否,	,否,,,否
VIOMI云米净水器小海豚600G+升级版厨下式RO反渗透直饮家用,260125-247600300470913,待发货,1	,正常,2026-01-25 11:18:36,2026-02-05 11:18:36,,	,	,852161740747	,小海豚600G+升级版,1835709207960	,厨房电器,净水器/净水设备及配件耗材,净水器,	,6923185653684	,	,	,	,无售后或售后取消,,2026-01-25 11:18:36,	,,,,,,,否,否,	,否,	,,559.0	,0.0	,0.0	,60.0	,0.0	,0.0	,0.0	,0.0	,499.0	,559.0	,	,	,湖南省,邵阳市,绥宁县,,,否,否,	,	,	,否,	,	,	,	,	,	,	,	,	,	,	,	,否,否,	,否,否,,	,否,	,否,,,否
VIOMI云米净水器小海豚600G+升级版厨下式RO反渗透直饮家用,260125-554214397544054,已取消,1	,正常,	,	,,	,	,852161740747	,小海豚600G+升级版,1835709207960	,厨房电器,净水器/净水设备及配件耗材,净水器,	,6923185653684	,	,	,	,无售后或售后取消,,	,	,,,,,,,否,否,	,否,	,,559.0	,0.0	,0.0	,0.0	,0.0	,0.0	,0.0	,0.0	,559.0	,559.0	,	,	,****,****,****,****,,否,否,	,	,	,否,	,	,	,	,	,	,	,	,	,	,	,	,否,否,	,否,	,,	,否,	,否,,,否
VIOMI/云米 新品管线机 冷热管线机Super2 Pro,260125-435452690732580,待付款,1	,正常,	,	,,	,	,837301408995	,新品管线机pro,1813015099169	,厨房电器,饮水机,饮水机,	,6923185655794	,6923185655794	,	,	,无售后或售后取消,,	,	,,,,,,,否,否,	,否,	,,1599.0	,0.0	,0.0	,0.0	,0.0	,0.0	,0.0	,0.0	,1599.0	,1599.0	,	,	,****,****,****,****,,否,否,	,	,	,否,	,	,	,	,	,	,	,	,	,	,	,	,否,否,	,否,	,,	,否,	,否,,,否
VIOMI/云米 新品管线机 冷热管线机Super2 Pro,260125-555283956012580,待付款,1	,正常,	,	,,	,	,837301408995	,新品管线机pro,1813015099169	,厨房电器,饮水机,饮水机,	,6923185655794	,6923185655794	,	,	,无售后或售后取消,,	,	,,,,,,,否,否,	,否,	,,1599.0	,0.0	,0.0	,0.0	,0.0	,0.0	,0.0	,0.0	,1599.0	,1599.0	,	,	,****,****,****,****,,否,否,	,	,	,否,	,	,	,	,	,	,	,	,	,	,	,	,否,否,	,否,	,,	,否,	,否,,,否
VIOMI云米净水器小海豚600G+升级版厨下式RO反渗透直饮家用,260125-646782728491153,已发货，待收货,1	,正常,2026-01-25 11:04:24,2026-01-26 11:04:25,	,2026-01-26 08:47:12,	,852161740747	,小海豚600G+升级版,1835709207960	,厨房电器,净水器/净水设备及配件耗材,净水器,	,6923185653684	,	,	,	,无售后或售后取消,,2026-01-25 11:04:25,	,,,,,,,否,否,	,否,	,,559.0	,0.0	,0.0	,60.0	,0.0	,0.0	,0.0	,0.0	,499.0	,559.0	,JDV025332785484,京东大件物流,广东省,清远市,清新区,,,否,否,	,	,	,否,	,	,	,	,	,	,	,	,	,	,	,	,否,否,	,否,否,,	,否,	,否,,,否
VIOMI 云米净水器600G小海豚升级版厨下式RO反渗透直饮家用,260125-635279797900488,未发货，退款成功,1	,正常,2026-01-25 10:55:54,2026-01-26 10:55:54,,	,	,225501370546	,小海豚600G,1813468330532	,厨房电器,净水器/净水设备及配件耗材,净水器,	,6923185653684	,6923185616399	,ZX2601250061968拦截 1.25梓晖,	,退款成功,,2026-01-25 10:55:54,	,,,,,,,否,否,	,否,	,,619.0	,0.0	,0.0	,92.85	,0.0	,0.0	,0.0	,0.0	,526.15	,619.0	,	,	,****,****,****,****,,否,否,	,	,	,否,	,	,	,	,	,	,	,	,	,	,	,	,否,否,	,否,否,,	,否,	,否,,,否
VIOMI 云米净水器600G小海豚升级版厨下式RO反渗透直饮家用,260125-534186637734048,已发货，待收货,1	,正常,2026-01-25 10:54:39,2026-01-26 10:54:39,,2026-01-26 08:46:11,	,225501370546	,小海豚600G,1813468330532	,厨房电器,净水器/净水设备及配件耗材,净水器,	,6923185653684	,6923185616399	,	,	,无售后或售后取消,,2026-01-25 10:54:39,	,,,,,,,否,否,	,否,	,,619.0	,0.0	,0.0	,74.28	,1.08	,0.0	,0.0	,0.0	,544.72	,619.0	,JDV025331697601,京东大件物流,山西省,临汾市,翼城县,,,否,否,	,	,	,否,	,	,	,	,	,	,	,	,	,	,	,	,否,否,	,否,否,,	,否,	,否,,,否
云米智能电热水器小蓝调节能变频速热家用浴室洗澡抑菌50L/60L,260125-558723274271638,已发货，待收货,1	,正常,2026-01-25 10:53:15,2026-01-26 10:53:15,,2026-01-26 08:46:10,	,434684719975	,安全保护8倍增容大水量50L,1733881750461	,大家电,热水器,电热水器,	,6923185649076	,	,	,	,无售后或售后取消,,2026-01-25 10:53:15,	,,,,,,,否,否,	,否,	,,598.99	,0.0	,0.0	,20.0	,0.0	,0.0	,0.0	,0.0	,578.99	,598.99	,JDV025332798526,京东大件物流,湖北省,荆门市,沙洋县,,,否,否,	,	,	,否,	,	,	,	,	,	,	,	,	,	,	,	,否,否,	,否,否,,	,否,	,否,,,否
VIOMI 云米净水器600G小海豚升级版厨下式RO反渗透直饮家用,260125-044103166340507,已发货，待收货,1	,正常,2026-01-25 10:56:46,2026-01-26 10:56:46,,2026-01-26 08:46:10,	,225501370546	,小海豚600G,1813468330532	,厨房电器,净水器/净水设备及配件耗材,净水器,	,6923185653684	,6923185616399	,	,	,无售后或售后取消,,2026-01-25 10:56:46,	,,,,,,,否,否,	,否,	,,619.0	,0.0	,0.0	,86.66	,0.0	,0.0	,0.0	,0.0	,532.34	,619.0	,JDV025331813649,京东大件物流,新疆维吾尔自治区,巴音郭楞蒙古自治州,库尔勒市,,,否,否,	,	,	,否,	,	,	,	,	,	,	,	,	,	,	,	,否,否,	,否,否,,	,否,	,否,,,否
VIOMI云米净水器小海豚600G+升级版厨下式RO反渗透直饮家用,260125-422796409200192,已发货，待收货,1	,正常,2026-01-25 10:48:43,2026-01-26 10:48:43,,2026-01-26 08:47:13,	,852161740747	,小海豚600G+升级版,1835709207960	,厨房电器,净水器/净水设备及配件耗材,净水器,	,6923185653684	,	,	,	,无售后或售后取消,,2026-01-25 10:48:43,	,,,,,,,否,否,	,否,	,,559.0	,0.0	,0.0	,0.0	,1.11	,0.0	,0.0	,0.0	,559.0	,559.0	,JDV025330460552,京东大件物流,福建省,福州市,仓山区,,,否,否,	,	,	,否,	,	,	,	,	,	,	,	,	,	,	,	,否,否,	,否,否,,	,否,	,否,,,否
云米净水器600G小海豚升级版厨下式RO反渗透直饮家用,260125-329798172960947,未发货，退款成功,1	,正常,2026-01-25 10:16:48,2026-01-26 10:16:48,,	,	,852932116812	,小海豚600G+6年滤芯套装,1812983769340	,厨房电器,净水器/净水设备及配件耗材,净水器,	,S2508151538001,	,ZX2601250061968拦截 TH2C375744257已审核 待拦截退回仓库 1.25梓晖,	,退款成功,,2026-01-25 10:16:48,	,,,,,,,否,否,	,否,	,,772.0	,0.0	,0.0	,100.0	,0.0	,0.0	,0.0	,0.0	,672.0	,772.0	,	,	,****,****,****,****,,否,否,	,	,	,否,	,	,	,	,	,	,	,	,	,	,	,	,否,否,	,否,否,,	,否,	,否,,,否
新品首发 Viomi云米 小海豚3上市RO净水器5年长效反渗透净水器,260125-006805276244037,已取消,1	,正常,	,	,,	,	,862873034610	,小海豚3（原装滤芯）（包安装）,1825244823454	,厨房电器,净水器/净水设备及配件耗材,净水器,	,6923185605867	,	,	,	,无售后或售后取消,,	,	,,,,,,,否,否,	,否,	,,498.9	,0.0	,0.0	,0.0	,0.0	,0.0	,0.0	,0.0	,498.9	,498.9	,	,	,****,****,****,****,,否,否,	,	,	,否,	,	,	,	,	,	,	,	,	,	,	,	,否,否,	,否,	,,	,否,	,否,,,否
VIOMI云米净水器小海豚600G+升级版厨下式RO反渗透直饮家用,260125-311091577201125,已发货，待收货,1	,正常,2026-01-25 09:58:40,2026-01-26 09:58:41,,2026-01-26 08:47:13,	,852161740747	,小海豚600G+升级版,1835709207960	,厨房电器,净水器/净水设备及配件耗材,净水器,	,6923185653684	,	,	,	,无售后或售后取消,,2026-01-25 09:58:41,	,,,,,,,否,否,	,否,	,,559.0	,0.0	,0.0	,60.0	,0.2	,0.0	,0.0	,0.0	,499.0	,559.0	,JDV025332797707,京东大件物流,广西壮族自治区,南宁市,良庆区,,,否,否,	,	,	,否,	,	,	,	,	,	,	,	,	,	,	,	,否,否,	,否,否,,	,否,	,否,,,否
云米智能电器多功能电烤箱家用烘焙小型蛋糕烤鸡翅披萨全自动16L,260125-494172977501094,待发货,1	,正常,2026-01-25 09:53:28,2026-01-27 09:53:28,	,	,	,231833573024	,黑色16L,1390597610941	,大家电,全屋互联网智能电器,全屋互联网智能电器,	,6923185603221	,6923185603221	,	,	,无售后或售后取消,,2026-01-25 09:53:28,	,,,,,,,否,否,	,否,	,,174.0	,0.0	,9.0	,0.0	,0.0	,0.0	,0.0	,0.0	,165.0	,165.0	,	,	,广东省,深圳市,宝安区,,,否,否,	,	,	,否,	,	,	,	,	,	,	,	,	,	,	,	,否,否,	,否,否,,	,否,	,否,,,否
新品首发 Viomi云米 小海豚3上市RO净水器5年长效反渗透净水器,260125-686775406940790,已发货，待收货,1	,正常,2026-01-25 09:34:45,2026-01-26 09:34:45,,2026-01-26 08:47:13,	,862873034610	,小海豚3（原装滤芯）（包安装）,1825244823454	,厨房电器,净水器/净水设备及配件耗材,净水器,	,6923185605867	,	,	,	,无售后或售后取消,,2026-01-25 09:34:45,	,,,,,,,否,否,	,否,	,,498.9	,0.0	,0.0	,60.0	,0.0	,0.0	,0.0	,0.0	,438.9	,498.9	,JDV025332773461,京东大件物流,重庆市,重庆市,渝中区,,,否,否,	,	,	,否,	,	,	,	,	,	,	,	,	,	,	,	,否,否,	,否,否,,	,否,	,否,,,否
VIOMI云米净水器小海豚600G+升级版厨下式RO反渗透直饮家用,260125-384890344984030,已发货，待收货,1	,正常,2026-01-25 09:29:14,2026-01-26 09:29:15,,2026-01-26 08:47:14,	,852161740747	,小海豚600G+升级版,1835709207960	,厨房电器,净水器/净水设备及配件耗材,净水器,	,6923185653684	,	,	,	,无售后或售后取消,,2026-01-25 09:29:15,	,,,,,,,否,否,	,否,	,,559.0	,0.0	,0.0	,0.0	,0.0	,0.0	,0.0	,0.0	,559.0	,559.0	,JDV025330417712,京东大件物流,福建省,福州市,连江县,,,否,否,	,	,	,否,	,	,	,	,	,	,	,	,	,	,	,	,否,否,	,否,否,,	,否,	,否,,,否
VIOMI云米净水器小海豚600G+升级版厨下式RO反渗透直饮家用,260125-087136704033675,已发货，待收货,1	,正常,2026-01-25 09:28:19,2026-01-26 09:28:19,,2026-01-25 13:44:52,	,852161740747	,小海豚600G+升级版,1835709207960	,厨房电器,净水器/净水设备及配件耗材,净水器,	,6923185653684	,	,	,	,无售后或售后取消,,2026-01-25 09:28:19,	,,,,,,,否,否,	,否,	,,559.0	,0.0	,0.0	,60.0	,0.0	,0.0	,0.0	,0.0	,499.0	,559.0	,JDV025328157667,京东大件物流,四川省,成都市,武侯区,,,否,否,	,	,	,否,	,	,	,	,	,	,	,	,	,	,	,	,否,否,	,否,否,,	,否,	,否,,,否
VIOMI 云米净水器600G小海豚升级版厨下式RO反渗透直饮家用,260125-046986740013662,已取消,1	,正常,	,	,,	,	,225501370546	,小海豚600G,1813468330532	,厨房电器,净水器/净水设备及配件耗材,净水器,	,6923185653684	,6923185616399	,	,	,无售后或售后取消,,	,	,,,,,,,否,否,	,否,	,,619.0	,0.0	,0.0	,100.0	,0.0	,0.0	,0.0	,0.0	,519.0	,619.0	,	,	,****,****,****,****,,否,否,	,	,	,否,	,	,	,	,	,	,	,	,	,	,	,	,否,否,	,否,	,,	,否,	,否,,,否
云米22m³大吸力顶侧爆吸油烟机一级能效蓝调烟机挥手智控高温清洁,260125-245765250583097,已发货，待收货,1	,正常,2026-01-25 09:18:47,2026-01-26 09:18:47,,2026-01-26 08:46:12,	,283026078701	,云米蓝调大吸力油烟机,1725241260848	,大家电,厨房大电,油烟机,	,6923185650973	,6923185650973	,	,	,无售后或售后取消,,2026-01-25 09:18:47,	,,,,,,,否,否,	,否,	,,899.0	,0.0	,0.0	,0.0	,0.0	,0.0	,0.0	,0.0	,899.0	,899.0	,JDV025332290936,京东大件物流,河南省,驻马店市,泌阳县,,,否,否,	,	,	,否,	,	,	,	,	,	,	,	,	,	,	,	,否,否,	,否,否,,	,否,	,否,,,否
云米智能电热水器小蓝调节能变频速热家用浴室洗澡抑菌50L/60L,260125-036553387533076,已发货，待收货,1	,正常,2026-01-25 09:15:47,2026-01-26 09:15:47,,2026-01-26 08:46:11,	,434684719975	,安全保护8倍增容大水量60L,1733881750462	,大家电,热水器,电热水器,	,6923185649083	,	,	,	,无售后或售后取消,,2026-01-25 09:15:47,	,,,,,,,否,否,	,否,	,,699.0	,0.0	,0.0	,29.65	,0.0	,0.0	,0.0	,0.0	,669.35	,699.0	,JDV025330427837,京东大件物流,河南省,南阳市,邓州市,,,否,否,	,	,	,否,	,	,	,	,	,	,	,	,	,	,	,	,否,否,	,否,否,,	,否,	,否,,,否
VIOMI云米净水器小海豚600G+升级版厨下式RO反渗透直饮家用,260125-171431697950861,已发货，待收货,1	,正常,2026-01-25 09:05:26,2026-01-26 09:05:26,,2026-01-26 08:47:14,	,852161740747	,小海豚600G+升级版,1835709207960	,厨房电器,净水器/净水设备及配件耗材,净水器,	,6923185653684	,	,	,	,无售后或售后取消,,2026-01-25 09:05:26,	,,,,,,,否,否,	,否,	,,559.0	,0.0	,0.0	,60.0	,0.2	,0.0	,0.0	,0.0	,499.0	,559.0	,JDV025332271011,京东大件物流,浙江省,嘉兴市,海宁市,,,否,否,	,	,	,否,	,	,	,	,	,	,	,	,	,	,	,	,否,否,	,否,否,,	,否,	,否,,,否
VIOMI 云米净水器600G小海豚升级版厨下式RO反渗透直饮家用,260125-104564006533828,未发货，退款成功,1	,正常,2026-01-25 09:04:28,2026-01-26 09:04:28,,	,	,225501370546	,小海豚600G,1813468330532	,厨房电器,净水器/净水设备及配件耗材,净水器,	,6923185653684	,6923185616399	,聚水潭已取消发货 已退款1.25梓晖,	,退款成功,,2026-01-25 09:04:28,	,,,,,,,否,否,	,否,	,,619.0	,0.0	,0.0	,92.85	,0.0	,0.0	,0.0	,0.0	,526.15	,619.0	,	,	,****,****,****,****,,否,否,	,	,	,否,	,	,	,	,	,	,	,	,	,	,	,	,否,否,	,否,否,,	,否,	,否,,,否
VIOMI云米净水器小海豚600G+升级版厨下式RO反渗透直饮家用,260125-300951877972461,已发货，待收货,1	,正常,2026-01-25 08:56:44,2026-01-26 08:56:45,,2026-01-26 08:47:14,	,852161740747	,小海豚600G+升级版,1835709207960	,厨房电器,净水器/净水设备及配件耗材,净水器,	,6923185653684	,	,	,	,无售后或售后取消,,2026-01-25 08:56:45,	,,,,,,,否,否,	,否,	,,559.0	,0.0	,0.0	,0.0	,0.0	,0.0	,0.0	,0.0	,559.0	,559.0	,JDV025330431448,京东大件物流,广东省,广州市,黄埔区,,,否,否,	,	,	,否,	,	,	,	,	,	,	,	,	,	,	,	,否,否,	,否,否,,	,否,	,否,,,否
VIOMI云米净水器小海豚600G+升级版厨下式RO反渗透直饮家用,260125-522453020302171,已取消,1	,正常,	,	,,	,	,852161740747	,小海豚600G+升级版,1835709207960	,厨房电器,净水器/净水设备及配件耗材,净水器,	,6923185653684	,	,	,	,无售后或售后取消,,	,	,,,,,,,否,否,	,否,	,,559.0	,0.0	,0.0	,0.0	,0.0	,0.0	,0.0	,0.0	,559.0	,559.0	,	,	,****,****,****,****,,否,否,	,	,	,否,	,	,	,	,	,	,	,	,	,	,	,	,否,否,	,否,	,,	,否,	,否,,,否
VIOMI云米净水器小海豚600G+升级版厨下式RO反渗透直饮家用,260125-656502955611714,已发货，待收货,1	,正常,2026-01-25 08:45:02,2026-01-26 08:45:02,,2026-01-26 08:47:14,	,852161740747	,小海豚600G+升级版,1835709207960	,厨房电器,净水器/净水设备及配件耗材,净水器,	,6923185653684	,	,	,	,无售后或售后取消,,2026-01-25 08:45:02,	,,,,,,,否,否,	,否,	,,559.0	,0.0	,0.0	,51.3	,1.01	,0.0	,0.0	,0.0	,507.7	,559.0	,JDV025332270911,京东大件物流,河南省,周口市,淮阳区,,,否,否,	,	,	,否,	,	,	,	,	,	,	,	,	,	,	,	,否,否,	,否,否,,	,否,	,否,,,否
VIOMI云米净水器小海豚600G+升级版厨下式RO反渗透直饮家用,260125-616321523342171,已取消,1	,正常,	,	,,	,	,852161740747	,小海豚600G+升级版,1835709207960	,厨房电器,净水器/净水设备及配件耗材,净水器,	,6923185653684	,	,	,	,无售后或售后取消,,	,	,,,,,,,否,否,	,否,	,,559.0	,0.0	,0.0	,0.0	,0.0	,0.0	,0.0	,0.0	,559.0	,559.0	,	,	,****,****,****,****,,否,否,	,	,	,否,	,	,	,	,	,	,	,	,	,	,	,	,否,否,	,否,	,,	,否,	,否,,,否
VIOMI云米净水器小海豚600G+升级版厨下式RO反渗透直饮家用,260125-654951093803329,已取消,1	,正常,	,	,,	,	,852161740747	,小海豚600G+升级版,1835709207960	,厨房电器,净水器/净水设备及配件耗材,净水器,	,6923185653684	,	,	,	,无售后或售后取消,,	,	,,,,,,,否,否,	,否,	,,559.0	,0.0	,0.0	,0.0	,0.0	,0.0	,0.0	,0.0	,559.0	,559.0	,	,	,****,****,****,****,,否,否,	,	,	,否,	,	,	,	,	,	,	,	,	,	,	,	,否,否,	,否,	,,	,否,	,否,,,否
VIOMI云米净水器小海豚600G+升级版厨下式RO反渗透直饮家用,260125-506797812131054,已发货，待收货,1	,正常,2026-01-25 08:27:19,2026-01-26 08:27:19,,2026-01-25 15:10:23,	,852161740747	,小海豚600G+升级版,1835709207960	,厨房电器,净水器/净水设备及配件耗材,净水器,	,6923185653684	,	,	,	,无售后或售后取消,,2026-01-25 08:27:19,	,,,,,,,否,否,	,否,	,,559.0	,0.0	,0.0	,60.0	,0.0	,0.0	,0.0	,0.0	,499.0	,559.0	,JDV025332329186,京东大件物流,江西省,鹰潭市,贵溪市,,,否,否,	,	,	,否,	,	,	,	,	,	,	,	,	,	,	,	,否,否,	,否,否,,	,否,	,否,,,否
云米净水器600G小海豚升级版厨下式RO反渗透直饮家用,260125-278585721191463,已发货，待收货,1	,正常,2026-01-25 08:26:33,2026-01-26 08:26:33,,2026-01-25 13:44:52,	,852932116812	,小海豚600G+6年滤芯套装,1812983769340	,厨房电器,净水器/净水设备及配件耗材,净水器,	,S2508151538001,	,	,	,无售后或售后取消,,2026-01-25 08:26:33,	,,,,,,,否,否,	,否,	,,772.0	,0.0	,0.0	,100.0	,0.0	,0.0	,0.0	,0.0	,672.0	,772.0	,JDV025329290049,京东大件物流,山西省,太原市,迎泽区,,,否,否,	,	,	,否,	,	,	,	,	,	,	,	,	,	,	,	,否,否,	,否,否,,	,否,	,否,,,否
云米净水器600G小海豚升级版厨下式RO反渗透直饮家用,260125-404005865083854,已发货，待收货,1	,正常,2026-01-25 08:19:16,2026-01-26 08:19:16,,2026-01-25 15:10:23,	,852932116812	,小海豚600G+6年滤芯套装,1812983769340	,厨房电器,净水器/净水设备及配件耗材,净水器,	,S2508151538001,	,	,	,无售后或售后取消,,2026-01-25 08:19:16,	,,,,,,,否,否,	,否,	,,772.0	,0.0	,0.0	,100.0	,0.0	,0.0	,0.0	,0.0	,672.0	,772.0	,JDV025332271065,京东大件物流,安徽省,滁州市,凤阳县,,,否,否,	,	,	,否,	,	,	,	,	,	,	,	,	,	,	,	,否,否,	,否,否,,	,否,	,否,,,否
VIOMI 云米净水器600G小海豚升级版厨下式RO反渗透直饮家用,260125-031572661850259,已取消,1	,正常,	,	,,	,	,225501370546	,小海豚600G,1813468330532	,厨房电器,净水器/净水设备及配件耗材,净水器,	,6923185653684	,6923185616399	,	,	,无售后或售后取消,,	,	,,,,,,,否,否,	,否,	,,619.0	,0.0	,0.0	,100.0	,0.0	,0.0	,0.0	,0.0	,519.0	,619.0	,	,	,****,****,****,****,,否,否,	,	,	,否,	,	,	,	,	,	,	,	,	,	,	,	,否,否,	,否,	,,	,否,	,否,,,否
VIOMI云米净水器小海豚600G+升级版厨下式RO反渗透直饮家用,260125-338616697242820,已发货，待收货,1	,正常,2026-01-25 07:56:26,2026-01-26 07:56:26,,2026-01-25 13:44:53,	,852161740747	,小海豚600G+升级版,1835709207960	,厨房电器,净水器/净水设备及配件耗材,净水器,	,6923185653684	,	,	,	,无售后或售后取消,,2026-01-25 07:56:26,	,,,,,,,否,否,	,否,	,,559.0	,0.0	,0.0	,60.0	,0.0	,0.0	,0.0	,0.0	,499.0	,559.0	,JDV025327244312,京东大件物流,北京市,北京市,通州区,,,否,否,	,	,	,否,	,	,	,	,	,	,	,	,	,	,	,	,否,否,	,否,否,,	,否,	,否,,,否
VIOMI云米净水器小海豚600G+升级版厨下式RO反渗透直饮家用,260125-599911339521159,已取消,1	,正常,	,	,,	,	,852161740747	,小海豚600G+升级版,1835709207960	,厨房电器,净水器/净水设备及配件耗材,净水器,	,6923185653684	,	,	,	,无售后或售后取消,,	,	,,,,,,,否,否,	,否,	,,559.0	,0.0	,0.0	,0.0	,0.0	,0.0	,0.0	,0.0	,559.0	,559.0	,	,	,****,****,****,****,,否,否,	,	,	,否,	,	,	,	,	,	,	,	,	,	,	,	,否,否,	,否,	,,	,否,	,否,,,否
VIOMI云米净水器小海豚600G+升级版厨下式RO反渗透直饮家用,260125-524938176952177,已发货，待收货,1	,正常,2026-01-25 07:49:31,2026-01-26 07:49:31,,2026-01-25 13:44:53,	,852161740747	,小海豚600G+升级版,1835709207960	,厨房电器,净水器/净水设备及配件耗材,净水器,	,6923185653684	,	,	,	,无售后或售后取消,,2026-01-25 07:49:31,	,,,,,,,否,否,	,否,	,,559.0	,0.0	,0.0	,60.0	,0.0	,0.0	,0.0	,0.0	,499.0	,559.0	,JDV025327778326,京东大件物流,四川省,广安市,武胜县,,,否,否,	,	,	,否,	,	,	,	,	,	,	,	,	,	,	,	,否,否,	,否,否,,	,否,	,否,,,否
VIOMI云米净水器小海豚600G+升级版厨下式RO反渗透直饮家用,260125-119390923100614,已取消,1	,正常,	,	,,	,	,852161740747	,小海豚600G+升级版,1835709207960	,厨房电器,净水器/净水设备及配件耗材,净水器,	,6923185653684	,	,	,	,无售后或售后取消,,	,	,,,,,,,否,否,	,否,	,,559.0	,0.0	,0.0	,0.0	,0.0	,0.0	,0.0	,0.0	,559.0	,559.0	,	,	,****,****,****,****,,否,否,	,	,	,否,	,	,	,	,	,	,	,	,	,	,	,	,否,否,	,否,	,,	,否,	,否,,,否
VIOMI云米净水器小海豚600G+升级版厨下式RO反渗透直饮家用,260125-564658225460220,已发货，待收货,1	,正常,2026-01-25 07:44:15,2026-01-26 07:44:16,,2026-01-25 15:10:23,	,852161740747	,小海豚600G+升级版,1835709207960	,厨房电器,净水器/净水设备及配件耗材,净水器,	,6923185653684	,	,	,	,无售后或售后取消,,2026-01-25 07:44:16,	,,,,,,,否,否,	,否,	,,559.0	,0.0	,0.0	,60.0	,0.2	,0.0	,0.0	,0.0	,499.0	,559.0	,JDV025330408515,京东大件物流,福建省,福州市,晋安区,,,否,否,	,	,	,否,	,	,	,	,	,	,	,	,	,	,	,	,否,否,	,否,否,,	,否,	,否,,,否
VIOMI 云米净水器600G小海豚升级版厨下式RO反渗透直饮家用,260125-535486799430561,已发货，待收货,1	,正常,2026-01-25 07:25:38,2026-01-26 07:25:39,,2026-01-25 13:44:52,	,225501370546	,小海豚600G,1813468330532	,厨房电器,净水器/净水设备及配件耗材,净水器,	,6923185653684	,6923185616399	,	,	,无售后或售后取消,,2026-01-25 07:25:39,	,,,,,,,否,否,	,否,	,,619.0	,0.0	,0.0	,80.47	,0.0	,0.0	,0.0	,0.0	,538.53	,619.0	,JDV025327784158,京东大件物流,河北省,廊坊市,大城县,,,否,否,	,	,	,否,	,	,	,	,	,	,	,	,	,	,	,	,否,否,	,否,否,,	,否,	,否,,,否
VIOMI云米净水器小海豚600G+升级版厨下式RO反渗透直饮家用,260125-387983675702762,已发货，待收货,1	,正常,2026-01-25 07:14:35,2026-01-26 07:14:35,,2026-01-25 13:44:53,	,852161740747	,小海豚600G+升级版,1835709207960	,厨房电器,净水器/净水设备及配件耗材,净水器,	,6923185653684	,	,	,	,无售后或售后取消,,2026-01-25 07:14:35,	,,,,,,,否,否,	,否,	,,559.0	,0.0	,0.0	,0.0	,1.11	,0.0	,0.0	,0.0	,559.0	,559.0	,JDV025327159217,京东大件物流,北京市,北京市,西城区,,,否,否,	,	,	,否,	,	,	,	,	,	,	,	,	,	,	,	,否,否,	,否,否,,	,否,	,否,,,否
VIOMI云米净水器小海豚600G+升级版厨下式RO反渗透直饮家用,260125-178278941060723,已取消,1	,正常,	,	,,	,	,852161740747	,小海豚600G+升级版,1835709207960	,厨房电器,净水器/净水设备及配件耗材,净水器,	,6923185653684	,	,	,	,无售后或售后取消,,	,	,,,,,,,否,否,	,否,	,,559.0	,0.0	,0.0	,0.0	,0.0	,0.0	,0.0	,0.0	,559.0	,559.0	,	,	,****,****,****,****,,否,否,	,	,	,否,	,	,	,	,	,	,	,	,	,	,	,	,否,否,	,否,	,,	,否,	,否,,,否
VIOMI云米净水器小海豚600G+升级版厨下式RO反渗透直饮家用,260125-235719913033064,已发货，待收货,1	,正常,2026-01-25 05:57:59,2026-01-26 05:57:59,,2026-01-25 15:10:23,	,852161740747	,小海豚600G+升级版,1835709207960	,厨房电器,净水器/净水设备及配件耗材,净水器,	,6923185653684	,	,	,	,无售后或售后取消,,2026-01-25 05:57:59,	,,,,,,,否,否,	,否,	,,559.0	,0.0	,0.0	,0.0	,8.0	,0.0	,0.0	,0.0	,559.0	,559.0	,JDV025330417361,京东大件物流,广西壮族自治区,柳州市,柳北区,,,否,否,	,	,	,否,	,	,	,	,	,	,	,	,	,	,	,	,否,否,	,否,否,,	,否,	,否,,,否
VIOMI云米净水器小海豚600G+升级版厨下式RO反渗透直饮家用,260125-026203952670686,已发货，待收货,1	,正常,2026-01-25 05:28:37,2026-01-26 05:28:38,	,2026-01-25 13:44:53,	,852161740747	,小海豚600G+升级版,1835709207960	,厨房电器,净水器/净水设备及配件耗材,净水器,	,6923185653684	,	,	,	,无售后或售后取消,,2026-01-25 05:28:38,	,,,,,,,否,否,	,否,	,,559.0	,0.0	,0.0	,60.0	,0.0	,0.0	,0.0	,0.0	,499.0	,559.0	,JDV025327218697,京东大件物流,浙江省,绍兴市,柯桥区,,,否,否,	,	,	,否,	,	,	,	,	,	,	,	,	,	,	,	,否,否,	,否,否,,	,否,	,否,,,否
新品首发 Viomi云米 小海豚3上市RO净水器5年长效反渗透净水器,260125-073882682893872,已发货，待收货,1	,正常,2026-01-25 05:00:38,2026-01-26 05:00:39,,2026-01-25 15:10:22,	,862873034610	,小海豚3+1支复合滤芯（包安装）,1825244823452	,厨房电器,净水器/净水设备及配件耗材,净水器,	,S2512250944002,	,	,	,无售后或售后取消,,2026-01-25 05:00:39,	,,,,,,,否,否,	,否,	,,609.9	,0.0	,0.0	,0.0	,0.0	,0.0	,0.0	,0.0	,609.9	,609.9	,JDV025330422825,京东大件物流,河北省,秦皇岛市,北戴河区,,,否,否,	,	,	,否,	,	,	,	,	,	,	,	,	,	,	,	,否,否,	,否,否,,	,否,	,否,,,否
VIOMI 云米净水器600G小海豚升级版厨下式RO反渗透直饮家用,260125-274664015462818,已取消,1	,正常,	,	,,	,	,225501370546	,小海豚600G,1813468330532	,厨房电器,净水器/净水设备及配件耗材,净水器,	,6923185653684	,6923185616399	,	,	,无售后或售后取消,,	,	,,,,,,,否,否,	,否,	,,619.0	,0.0	,0.0	,86.66	,0.0	,0.0	,0.0	,0.0	,532.34	,619.0	,	,	,****,****,****,****,,否,否,	,	,	,否,	,	,	,	,	,	,	,	,	,	,	,	,否,否,	,否,	,,	,否,	,否,,,否
VIOMI 云米净水器600G小海豚升级版厨下式RO反渗透直饮家用,260125-477039235460723,已取消,1	,正常,	,	,,	,	,225501370546	,小海豚600G,1813468330532	,厨房电器,净水器/净水设备及配件耗材,净水器,	,6923185653684	,6923185616399	,	,	,无售后或售后取消,,	,	,,,,,,,否,否,	,否,	,,619.0	,0.0	,0.0	,92.85	,0.0	,0.0	,0.0	,0.0	,526.15	,619.0	,	,	,****,****,****,****,,否,否,	,	,	,否,	,	,	,	,	,	,	,	,	,	,	,	,否,否,	,否,	,,	,否,	,否,,,否
VIOMI云米净水器小海豚600G+升级版厨下式RO反渗透直饮家用,260125-009793759582679,已取消,1	,正常,	,	,,	,	,852161740747	,小海豚600G+升级版,1835709207960	,厨房电器,净水器/净水设备及配件耗材,净水器,	,6923185653684	,	,	,	,无售后或售后取消,,	,	,,,,,,,否,否,	,否,	,,559.0	,0.0	,0.0	,2.0	,0.0	,0.0	,0.0	,0.0	,557.0	,559.0	,	,	,****,****,****,****,,否,否,	,	,	,否,	,	,	,	,	,	,	,	,	,	,	,	,否,否,	,否,	,,	,否,	,否,,,否
云米电热水器50/60升洗澡家用浴室速热大容量省电防漏电安全保温,260125-645597765191364,已发货，待收货,1	,正常,2026-01-25 01:41:23,2026-01-26 01:41:24,	,2026-01-25 15:38:59,	,436320010098	,"速热长效保温安全电热水器,60L【3-4人】",1756921788833	,大家电,热水器,电热水器,	,6923185614937	,6923185614920	,	,	,无售后或售后取消,,2026-01-25 01:41:24,	,,,,,,,否,否,	,否,	,,586.0	,0.0	,0.0	,0.0	,0.0	,0.0	,0.0	,0.0	,586.0	,586.0	,JDLD12975609568,京东大件物流,广东省,揭阳市,普宁市,,,否,否,	,	,	,否,	,	,	,	,	,	,	,	,	,	,	,	,否,否,	,否,否,,	,否,	,否,,,否
新品首发 Viomi云米 小海豚3上市RO净水器5年长效反渗透净水器,260125-424390172254095,已发货，待收货,1	,正常,2026-01-25 01:35:48,2026-01-26 01:35:48,,2026-01-25 15:10:23,	,862873034610	,小海豚3（原装滤芯）（包安装）,1825244823454	,厨房电器,净水器/净水设备及配件耗材,净水器,	,6923185605867	,	,	,	,无售后或售后取消,,2026-01-25 01:35:48,	,,,,,,,否,否,	,否,	,,498.9	,0.0	,0.0	,0.0	,0.0	,0.0	,0.0	,0.0	,498.9	,498.9	,JDV025330441213,京东大件物流,江西省,南昌市,进贤县,,,否,否,	,	,	,否,	,	,	,	,	,	,	,	,	,	,	,	,否,否,	,否,否,,	,否,	,否,,,否
VIOMI 云米净水器600G小海豚升级版厨下式RO反渗透直饮家用,260125-133106307451515,未发货，退款成功,1	,正常,2026-01-25 01:24:02,2026-01-26 01:24:03,,	,	,225501370546	,小海豚600G,1813468330532	,厨房电器,净水器/净水设备及配件耗材,净水器,	,6923185653684	,6923185616399	,ZX2601250061968拦截 TH2C199613713已审核 待拦截退回仓库 1.25梓晖,	,退款成功,,2026-01-25 01:24:03,	,,,,,,,否,否,	,否,	,,619.0	,0.0	,0.0	,80.47	,0.0	,0.0	,0.0	,0.0	,538.53	,619.0	,	,	,****,****,****,****,,否,否,	,	,	,否,	,	,	,	,	,	,	,	,	,	,	,	,否,否,	,否,否,,	,否,	,否,,,否
VIOMI 云米净水器600G小海豚升级版厨下式RO反渗透直饮家用,260125-348714514761559,已发货，待收货,1	,正常,2026-01-25 01:05:32,2026-01-26 01:05:33,,2026-01-25 13:44:54,	,225501370546	,小海豚600G,1813468330532	,厨房电器,净水器/净水设备及配件耗材,净水器,	,6923185653684	,6923185616399	,	,	,无售后或售后取消,,2026-01-25 01:05:33,	,,,,,,,否,否,	,否,	,,619.0	,0.0	,0.0	,90.0	,0.0	,0.0	,0.0	,0.0	,529.0	,619.0	,JDV025325417709,京东大件物流,辽宁省,鞍山市,铁东区,,,否,否,	,	,	,否,	,	,	,	,	,	,	,	,	,	,	,	,否,否,	,否,否,,	,否,	,否,,,否
新品首发 Viomi云米 小海豚3上市RO净水器5年长效反渗透净水器,260125-591753418350016,已发货，待收货,1	,正常,2026-01-25 01:02:36,2026-01-26 01:02:36,,2026-01-25 10:33:55,	,862873034610	,小海豚3（原装滤芯）（包安装）,1825244823454	,厨房电器,净水器/净水设备及配件耗材,净水器,	,6923185605867	,	,晒图评价赠送1年延保+20元,	,无售后或售后取消,,2026-01-25 01:02:36,	,,,,,,,否,否,	,否,	,,498.9	,0.0	,0.0	,60.0	,0.0	,0.0	,0.0	,0.0	,438.9	,498.9	,JDV025326935053,京东大件物流,湖南省,娄底市,涟源市,,,否,否,	,	,	,否,	,	,	,	,	,	,	,	,	,	,	,	,否,否,	,否,否,,	,否,	,否,,,否
新品首发 Viomi云米 小海豚3上市RO净水器5年长效反渗透净水器,260125-112375939513521,未发货，退款成功,1	,正常,2026-01-25 01:01:00,2026-01-26 01:01:00,	,	,	,862873034610	,小海豚3（原装滤芯）（包安装）,1825244823454	,厨房电器,净水器/净水设备及配件耗材,净水器,	,6923185605867	,	,聚水潭已取消发货 已退款1.25梓晖,	,退款成功,,2026-01-25 01:01:00,	,,,,,,,否,否,	,否,	,,498.9	,0.0	,0.0	,100.0	,0.2	,0.0	,0.0	,0.0	,398.9	,498.9	,	,	,****,****,****,****,,否,否,	,	,	,否,	,	,	,	,	,	,	,	,	,	,	,	,否,否,	,否,否,,	,否,	,否,,,否
VIOMI云米净水器小海豚600G+升级版厨下式RO反渗透直饮家用,260125-438954892853989,已发货，待收货,1	,正常,2026-01-25 00:52:13,2026-01-26 00:52:13,,2026-01-25 10:33:55,	,852161740747	,小海豚600G+升级版,1835709207960	,厨房电器,净水器/净水设备及配件耗材,净水器,	,6923185653684	,	,	,	,无售后或售后取消,,2026-01-25 00:52:13,	,,,,,,,否,否,	,否,	,,559.0	,0.0	,0.0	,3.0	,0.0	,0.0	,0.0	,0.0	,556.0	,559.0	,JDV025326933864,京东大件物流,广东省,潮州市,潮安区,,,否,否,	,	,	,否,	,	,	,	,	,	,	,	,	,	,	,	,否,否,	,否,否,,	,否,	,否,,,否
VIOMI云米净水器小海豚600G+升级版厨下式RO反渗透直饮家用,260125-136042268194008,已发货，待收货,1	,正常,2026-01-25 00:45:19,2026-01-26 00:45:19,,2026-01-25 13:44:54,	,852161740747	,小海豚600G+升级版,1835709207960	,厨房电器,净水器/净水设备及配件耗材,净水器,	,6923185653684	,	,	,	,无售后或售后取消,,2026-01-25 00:45:19,	,,,,,,,否,否,	,否,	,,559.0	,0.0	,0.0	,3.0	,1.11	,0.0	,0.0	,0.0	,556.0	,559.0	,JDV025325303265,京东大件物流,北京市,北京市,通州区,,,否,否,	,	,	,否,	,	,	,	,	,	,	,	,	,	,	,	,否,否,	,否,否,,	,否,	,否,,,否
VIOMI云米净水器小海豚600G+升级版厨下式RO反渗透直饮家用,260125-617663710754008,已取消,1	,正常,	,	,,	,	,852161740747	,小海豚600G+升级版,1835709207960	,厨房电器,净水器/净水设备及配件耗材,净水器,	,6923185653684	,	,	,	,无售后或售后取消,,	,	,,,,,,,否,否,	,否,	,,559.0	,0.0	,0.0	,3.0	,0.0	,0.0	,0.0	,0.0	,556.0	,559.0	,	,	,****,****,****,****,,否,否,	,	,	,否,	,	,	,	,	,	,	,	,	,	,	,	,否,否,	,否,	,,	,否,	,否,,,否
VIOMI 云米净水器600G小海豚升级版厨下式RO反渗透直饮家用,260125-162885855621651,已发货，待收货,1	,正常,2026-01-25 01:38:37,2026-01-26 01:38:37,	,2026-01-25 15:10:23,	,225501370546	,小海豚600G,1813468330532	,厨房电器,净水器/净水设备及配件耗材,净水器,	,6923185653684	,6923185616399	,	,	,无售后或售后取消,,2026-01-25 01:38:37,	,,,,,,,否,否,	,否,	,,619.0	,0.0	,0.0	,100.0	,0.0	,0.0	,0.0	,0.0	,519.0	,619.0	,JDV025330390541,京东大件物流,福建省,泉州市,惠安县,,,否,否,	,	,	,否,	,	,	,	,	,	,	,	,	,	,	,	,否,否,	,否,否,,	,否,	,否,,,否
云米净水器600G小海豚升级版厨下式RO反渗透直饮家用,260125-359504299532511,已发货，待收货,1	,正常,2026-01-25 00:17:52,2026-01-26 00:17:52,,2026-01-25 13:44:53,	,852932116812	,小海豚600G+6年滤芯套装,1812983769340	,厨房电器,净水器/净水设备及配件耗材,净水器,	,S2508151538001,	,送tds笔 [viomi小仙女 01/25 08:11],	,无售后或售后取消,,2026-01-25 00:17:52,	,,,,,,,否,否,	,否,	,,772.0	,0.0	,0.0	,100.0	,0.0	,0.0	,0.0	,0.0	,672.0	,772.0	,JDV025327161459,京东大件物流,河北省,承德市,双桥区,,,否,否,	,	,	,否,	,	,	,	,	,	,	,	,	,	,	,	,否,否,	,否,否,,	,否,	,否,,,否
VIOMI 云米净水器600G小海豚升级版厨下式RO反渗透直饮家用,260125-505518507532511,未发货，退款成功,1	,正常,2026-01-25 00:13:04,2026-01-26 00:13:05,,	,	,225501370546	,小海豚600G,1813468330532	,厨房电器,净水器/净水设备及配件耗材,净水器,	,6923185653684	,6923185616399	,聚水潭已取消发货 已退款1.25梓晖,	,退款成功,,2026-01-25 00:13:05,	,,,,,,,否,否,	,否,	,,619.0	,0.0	,0.0	,100.0	,0.0	,0.0	,0.0	,0.0	,519.0	,619.0	,	,	,****,****,****,****,,否,否,	,	,	,否,	,	,	,	,	,	,	,	,	,	,	,	,否,否,	,否,否,,	,否,	,否,,,否
VIOMI云米净水器小海豚600G+升级版厨下式RO反渗透直饮家用,260125-601012365682718,已发货，待收货,1	,正常,2026-01-25 00:04:25,2026-01-26 00:04:25,,2026-01-25 10:33:55,	,852161740747	,小海豚600G+升级版,1835709207960	,厨房电器,净水器/净水设备及配件耗材,净水器,	,6923185653684	,	,	,	,无售后或售后取消,,2026-01-25 00:04:25,	,,,,,,,否,否,	,否,	,,559.0	,0.0	,0.0	,0.0	,0.0	,0.0	,0.0	,0.0	,559.0	,559.0	,JDV025326940192,京东大件物流,福建省,厦门市,思明区,,,否,否,	,	,	,否,	,	,	,	,	,	,	,	,	,	,	,	,否,否,	,否,否,,	,否,	,否,,,否
云米净水器600G小海豚升级版厨下式RO反渗透直饮家用,260125-367463011911050,已取消,1	,正常,	,	,,	,	,852932116812	,小海豚600G+6年滤芯套装,1812983769340	,厨房电器,净水器/净水设备及配件耗材,净水器,	,S2508151538001,	,	,	,无售后或售后取消,,	,	,,,,,,,否,否,	,否,	,,772.0	,0.0	,0.0	,100.0	,0.0	,0.0	,0.0	,0.0	,672.0	,772.0	,	,	,****,****,****,****,,否,否,	,	,	,否,	,	,	,	,	,	,	,	,	,	,	,	,否,否,	,否,	,,	,否,	,否,,,否
VIOMI云米净水器小海豚600G+升级版厨下式RO反渗透直饮家用,260124-385005699392074,已发货，待收货,1	,正常,2026-01-24 23:57:59,2026-01-25 23:58:00,,2026-01-25 10:33:55,	,852161740747	,小海豚600G+升级版,1835709207960	,厨房电器,净水器/净水设备及配件耗材,净水器,	,6923185653684	,	,	,	,无售后或售后取消,,2026-01-24 23:58:00,	,,,,,,,否,否,	,否,	,,559.0	,0.0	,0.0	,60.0	,0.0	,0.0	,0.0	,0.0	,499.0	,559.0	,JDV025326920375,京东大件物流,广东省,惠州市,惠阳区,,,否,否,	,	,	,否,	,	,	,	,	,	,	,	,	,	,	,	,否,否,	,否,否,,	,否,	,否,,,否
VIOMI云米净水器小海豚600G+升级版厨下式RO反渗透直饮家用,260124-127527893312074,未发货，退款成功,1	,正常,2026-01-24 23:54:06,2026-01-25 23:54:06,,	,	,852161740747	,小海豚600G+升级版,1835709207960	,厨房电器,净水器/净水设备及配件耗材,净水器,	,6923185653684	,	,聚水潭已取消发货 已退款1.25梓晖,	,退款成功,,2026-01-24 23:54:06,	,,,,,,,否,否,	,否,	,,559.0	,0.0	,0.0	,60.0	,0.0	,0.0	,0.0	,0.0	,499.0	,559.0	,	,	,****,****,****,****,,否,否,	,	,	,否,	,	,	,	,	,	,	,	,	,	,	,	,否,否,	,否,否,,	,否,	,否,,,否
新品首发 Viomi云米 小海豚3上市RO净水器5年长效反渗透净水器,260124-131334214002718,已取消,1	,正常,	,	,,	,	,862873034610	,小海豚3（原装滤芯）（包安装）,1825244823454	,厨房电器,净水器/净水设备及配件耗材,净水器,	,6923185605867	,	,	,	,无售后或售后取消,,	,	,,,,,,,否,否,	,否,	,,498.9	,0.0	,0.0	,0.0	,0.0	,0.0	,0.0	,0.0	,498.9	,498.9	,	,	,****,****,****,****,,否,否,	,	,	,否,	,	,	,	,	,	,	,	,	,	,	,	,否,否,	,否,	,,	,否,	,否,,,否
云米电热水器50/60升洗澡家用浴室速热大容量省电防漏电安全保温,260124-211445368472941,已发货，待收货,2	,正常,2026-01-24 23:35:36,2026-01-25 23:35:36,,2026-01-25 14:01:59,	,436320010098	,"速热长效保温安全电热水器,50L【2-3人】",1756921788832	,大家电,热水器,电热水器,	,6923185614920	,6923185614920	,	,	,无售后或售后取消,,2026-01-24 23:35:36,	,,,,,,,否,否,	,否,	,,972.0	,0.0	,48.6	,0.0	,0.0	,0.0	,0.0	,0.0	,923.4	,923.4	,JDLD12975571470,京东大件物流,浙江省,温州市,苍南县,,,否,否,	,	,	,否,	,	,	,	,	,	,	,	,	,	,	,	,否,否,	,否,否,,	,否,	,否,,,否
VIOMI云米 复合滤芯五合一,260124-249194094170147,已发货，待收货,1	,正常,2026-01-24 23:31:56,2026-01-26 23:31:56,,2026-01-25 15:10:23,	,872941778883	,小海豚3(600G)适用,1830647583079	,厨房电器,净水器/净水设备及配件耗材,净水器配件耗材,	,6923185657347	,	,99元一根复和 [viomi小甜心 01/24 23:32],	,无售后或售后取消,,2026-01-24 23:31:56,	,,,,,,,否,否,	,否,	,,298.0	,0.0	,0.0	,0.0	,0.0	,0.0	,0.0	,0.0	,298.0	,298.0	,JDV025332797868,京东大件物流,北京市,北京市,通州区,,,否,否,	,	,	,否,	,	,	,	,	,	,	,	,	,	,	,	,否,否,	,否,否,,	,否,	,否,,,否
云米智能电热水器小蓝调节能变频速热家用浴室洗澡抑菌50L/60L,260124-348347492772372,已发货，待收货,1	,正常,2026-01-24 22:56:12,2026-01-25 22:56:12,,2026-01-25 10:33:56,	,434684719975	,安全保护8倍增容大水量60L,1733881750462	,大家电,热水器,电热水器,	,6923185649083	,	,	,	,无售后或售后取消,,2026-01-24 22:56:12,	,,,,,,,否,否,	,否,	,,699.0	,0.0	,0.0	,3.0	,0.0	,0.0	,0.0	,0.0	,696.0	,699.0	,JDV025326927502,京东大件物流,辽宁省,辽阳市,文圣区,,,否,否,	,	,	,否,	,	,	,	,	,	,	,	,	,	,	,	,否,否,	,否,否,,	,否,	,否,,,否
VIOMI云米净水器小海豚600G+升级版厨下式RO反渗透直饮家用,260124-018381575710861,已取消,1	,正常,	,	,,	,	,852161740747	,小海豚600G+升级版,1835709207960	,厨房电器,净水器/净水设备及配件耗材,净水器,	,6923185653684	,	,	,	,无售后或售后取消,,	,	,,,,,,,否,否,	,否,	,,559.0	,0.0	,0.0	,60.0	,0.0	,0.0	,0.0	,0.0	,499.0	,559.0	,	,	,****,****,****,****,,否,否,	,	,	,否,	,	,	,	,	,	,	,	,	,	,	,	,否,否,	,否,	,,	,否,	,否,,,否
云米智能电器多功能电烤箱家用烘焙小型蛋糕烤鸡翅披萨全自动16L,260124-653608937821094,已取消,1	,正常,	,	,,	,	,231833573024	,黑色16L,1390597610941	,大家电,全屋互联网智能电器,全屋互联网智能电器,	,6923185603221	,6923185603221	,	,	,无售后或售后取消,,	,	,,,,,,,否,否,	,否,	,,174.0	,0.0	,9.0	,0.0	,0.0	,0.0	,0.0	,0.0	,165.0	,165.0	,	,	,****,****,****,****,,否,否,	,	,	,否,	,	,	,	,	,	,	,	,	,	,	,	,否,否,	,否,	,,	,否,	,否,,,否
VIOMI云米净水器小海豚600G+升级版厨下式RO反渗透直饮家用,260124-553732052590275,已取消,1	,正常,	,	,,	,	,852161740747	,小海豚600G+升级版,1835709207960	,厨房电器,净水器/净水设备及配件耗材,净水器,	,6923185653684	,	,	,	,无售后或售后取消,,	,	,,,,,,,否,否,	,否,	,,559.0	,0.0	,0.0	,0.0	,0.0	,0.0	,0.0	,0.0	,559.0	,559.0	,	,	,****,****,****,****,,否,否,	,	,	,否,	,	,	,	,	,	,	,	,	,	,	,	,否,否,	,否,	,,	,否,	,否,,,否
VIOMI云米净水器小海豚600G+升级版厨下式RO反渗透直饮家用,260124-583679383150275,已取消,1	,正常,	,	,,	,	,852161740747	,小海豚600G+升级版,1835709207960	,厨房电器,净水器/净水设备及配件耗材,净水器,	,6923185653684	,	,	,	,无售后或售后取消,,	,	,,,,,,,否,否,	,否,	,,559.0	,0.0	,0.0	,0.0	,0.0	,0.0	,0.0	,0.0	,559.0	,559.0	,	,	,****,****,****,****,,否,否,	,	,	,否,	,	,	,	,	,	,	,	,	,	,	,	,否,否,	,否,	,,	,否,	,否,,,否
VIOMI云米净水器小海豚600G+升级版厨下式RO反渗透直饮家用,260124-563557189162919,已收货,1	,正常,2026-01-24 22:28:09,2026-01-25 22:28:09,,2026-01-25 10:33:56,2026-01-26 09:03:59,852161740747	,小海豚600G+升级版,1835709207960	,厨房电器,净水器/净水设备及配件耗材,净水器,	,6923185653684	,	,AZ2601260220787 [viomi米小锂MKD 01/26 09:01],	,无售后或售后取消,,2026-01-24 22:28:09,	,,,,,,,否,否,	,否,	,,559.0	,0.0	,0.0	,0.0	,1.11	,0.0	,0.0	,0.0	,559.0	,559.0	,JDV025327100745,京东大件物流,****,****,****,****,,否,否,	,	,	,否,	,	,	,	,	,	,	,	,	,	,	,	,否,否,	,否,否,,	,否,	,否,,,否
VIOMI云米 复合滤芯五合一,260124-537384732250147,未发货，退款成功,1	,正常,2026-01-24 22:24:16,2026-01-26 22:24:16,,	,	,872941778883	,小海豚600G+适用,1830543217502	,厨房电器,净水器/净水设备及配件耗材,净水器配件耗材,	,6923185627425	,	,ZX2601250061850拦截 1.25梓晖,	,退款成功,,2026-01-24 22:24:16,	,,,,,,,否,否,	,否,	,,298.0	,0.0	,0.0	,0.0	,0.0	,0.0	,0.0	,0.0	,298.0	,298.0	,	,	,****,****,****,****,,否,否,	,	,	,否,	,	,	,	,	,	,	,	,	,	,	,	,否,否,	,否,否,,	,否,	,否,,,否
云米净水器600G小海豚升级版厨下式RO反渗透直饮家用,260124-004383086222129,已发货，待收货,1	,正常,2026-01-24 22:22:52,2026-01-25 22:22:52,,2026-01-25 13:44:54,	,852932116812	,小海豚600G+6年滤芯套装,1812983769340	,厨房电器,净水器/净水设备及配件耗材,净水器,	,S2508151538001,	,	,	,无售后或售后取消,,2026-01-24 22:22:52,	,,,,,,,否,否,	,否,	,,772.0	,0.0	,36.0	,24.0	,0.0	,0.0	,0.0	,0.0	,712.0	,736.0	,JDV025323752276,京东大件物流,北京市,北京市,通州区,,,否,否,	,	,	,否,	,	,	,	,	,	,	,	,	,	,	,	,否,否,	,否,否,,	,否,	,否,,,否
新品首发 Viomi云米 小海豚3上市RO净水器5年长效反渗透净水器,260124-007769976410147,已发货，待收货,1	,正常,2026-01-24 22:22:04,2026-01-25 22:22:05,,2026-01-25 10:33:56,	,862873034610	,小海豚3（原装滤芯）（包安装）,1825244823454	,厨房电器,净水器/净水设备及配件耗材,净水器,	,6923185605867	,	,嗮图送一年延保 [viomi小甜心 01/24 22:24],	,无售后或售后取消,,2026-01-24 22:22:05,	,,,,,,,否,否,	,否,	,,498.9	,0.0	,0.0	,0.0	,0.0	,0.0	,0.0	,0.0	,498.9	,498.9	,JDV025326927573,京东大件物流,北京市,北京市,通州区,,,否,否,	,	,	,否,	,	,	,	,	,	,	,	,	,	,	,	,否,否,	,否,否,,	,否,	,否,,,否
VIOMI云米净水器小海豚600G+升级版厨下式RO反渗透直饮家用,260124-073368942930101,已取消,1	,正常,	,	,,	,	,852161740747	,小海豚600G+升级版,1835709207960	,厨房电器,净水器/净水设备及配件耗材,净水器,	,6923185653684	,	,	,	,无售后或售后取消,,	,	,,,,,,,否,否,	,否,	,,559.0	,0.0	,0.0	,0.0	,0.0	,0.0	,0.0	,0.0	,559.0	,559.0	,	,	,****,****,****,****,,否,否,	,	,	,否,	,	,	,	,	,	,	,	,	,	,	,	,否,否,	,否,	,,	,否,	,否,,,否
云米60L速热电热水器3000W一级节能变频增容租房安全已接入米家AP,260124-211403477410797,已发货，待收货,1	,正常,2026-01-24 21:37:59,2026-01-25 21:37:59,,2026-01-25 10:33:55,	,208071231700	,双管变频速热60L,1660917678582	,大家电,热水器,电热水器,	,6923185602224	,6923185602224	,	,	,无售后或售后取消,,2026-01-24 21:37:59,	,,,,,,,否,否,	,否,	,,656.0	,0.0	,0.0	,0.0	,0.0	,0.0	,0.0	,0.0	,656.0	,656.0	,JDV025326939282,京东大件物流,广东省,揭阳市,普宁市,,,否,否,	,	,	,否,	,	,	,	,	,	,	,	,	,	,	,	,否,否,	,否,否,,	,否,	,否,,,否
云米净水器600G小海豚升级版厨下式RO反渗透直饮家用,260124-562204536431347,已发货，待收货,1	,正常,2026-01-24 21:34:40,2026-01-25 21:34:40,,2026-01-25 10:33:56,	,852932116812	,小海豚600G+6年滤芯套装,1812983769340	,厨房电器,净水器/净水设备及配件耗材,净水器,	,S2508151538001,	,	,	,无售后或售后取消,,2026-01-24 21:34:40,	,,,,,,,否,否,	,否,	,,772.0	,0.0	,0.0	,100.0	,0.0	,0.0	,0.0	,0.0	,672.0	,772.0	,JDV025327121966,京东大件物流,上海市,上海市,浦东新区,,,否,否,	,	,	,否,	,	,	,	,	,	,	,	,	,	,	,	,否,否,	,否,否,,	,否,	,否,,,否
VIOMI云米净水器小海豚600G+升级版厨下式RO反渗透直饮家用,260124-025386084772842,已发货，待收货,1	,正常,2026-01-24 21:27:46,2026-01-25 21:27:46,,2026-01-25 10:33:55,	,852161740747	,小海豚600G+升级版,1835709207960	,厨房电器,净水器/净水设备及配件耗材,净水器,	,6923185653684	,	,	,	,无售后或售后取消,,2026-01-24 21:27:46,	,,,,,,,否,否,	,否,	,,559.0	,0.0	,0.0	,60.0	,0.0	,0.0	,0.0	,0.0	,499.0	,559.0	,JDV025327165921,京东大件物流,湖北省,武汉市,汉阳区,,,否,否,	,	,	,否,	,	,	,	,	,	,	,	,	,	,	,	,否,否,	,否,否,,	,否,	,否,,,否
新品首发 Viomi云米 小海豚3上市RO净水器5年长效反渗透净水器,260124-665195671171057,未发货，退款成功,1	,正常,2026-01-24 21:25:44,2026-01-25 21:25:44,,	,	,862873034610	,小海豚3（原装滤芯）（包安装）,1825244823454	,厨房电器,净水器/净水设备及配件耗材,净水器,	,6923185605867	,	,聚水潭已取消发货 已退款1.25梓晖,	,退款成功,,2026-01-24 21:25:44,	,,,,,,,否,否,	,否,	,,498.9	,0.0	,29.93	,46.82	,0.0	,0.0	,0.0	,0.0	,422.15	,468.97	,	,	,****,****,****,****,,否,否,	,	,	,否,	,	,	,	,	,	,	,	,	,	,	,	,否,否,	,否,否,,	,否,	,否,,,否
新品首发 Viomi云米 小海豚3上市RO净水器5年长效反渗透净水器,260124-493396979331057,已发货，待收货,1	,正常,2026-01-24 21:25:44,2026-01-25 21:25:44,,2026-01-25 15:10:22,	,862873034610	,小海豚3+2支复合滤芯（包安装）,1825244823453	,厨房电器,净水器/净水设备及配件耗材,净水器,	,S2512250943001,	,	,	,无售后或售后取消,,2026-01-24 21:25:44,	,,,,,,,否,否,	,否,	,,702.9	,0.0	,42.17	,65.98	,0.0	,0.0	,0.0	,0.0	,594.75	,660.73	,JDV025330455647,京东大件物流,浙江省,杭州市,萧山区,,,否,否,	,	,	,否,	,	,	,	,	,	,	,	,	,	,	,	,否,否,	,否,否,,	,否,	,否,,,否
VIOMI云米净水器小海豚600G+升级版厨下式RO反渗透直饮家用,260124-599670208932842,未发货，退款成功,1	,正常,2026-01-24 21:18:01,2026-01-25 21:18:02,,	,	,852161740747	,小海豚600G+升级版,1835709207960	,厨房电器,净水器/净水设备及配件耗材,净水器,	,6923185653684	,	,聚水潭已取消发货 已退款1.25梓晖,	,退款成功,,2026-01-24 21:18:02,	,,,,,,,否,否,	,否,	,,559.0	,0.0	,0.0	,60.0	,0.0	,0.0	,0.0	,0.0	,499.0	,559.0	,	,	,****,****,****,****,,否,否,	,	,	,否,	,	,	,	,	,	,	,	,	,	,	,	,否,否,	,否,否,,	,否,	,否,,,否
VIOMI云米净水器小海豚600G+升级版厨下式RO反渗透直饮家用,260124-312433785183826,已取消,1	,正常,	,	,,	,	,852161740747	,小海豚600G+升级版,1835709207960	,厨房电器,净水器/净水设备及配件耗材,净水器,	,6923185653684	,	,	,	,无售后或售后取消,,	,	,,,,,,,否,否,	,否,	,,559.0	,0.0	,0.0	,0.0	,0.0	,0.0	,0.0	,0.0	,559.0	,559.0	,	,	,****,****,****,****,,否,否,	,	,	,否,	,	,	,	,	,	,	,	,	,	,	,	,否,否,	,否,	,,	,否,	,否,,,否
云米60L速热电热水器3000W一级节能变频增容租房安全已接入米家AP,260124-608855734611113,已发货，待收货,1	,正常,2026-01-24 21:08:53,2026-01-25 21:08:54,,2026-01-25 10:33:56,	,208071231700	,双管变频速热60L,1660917678582	,大家电,热水器,电热水器,	,6923185602224	,6923185602224	,	,	,无售后或售后取消,,2026-01-24 21:08:54,	,,,,,,,否,否,	,否,	,,656.0	,0.0	,0.0	,0.0	,0.0	,0.0	,0.0	,0.0	,656.0	,656.0	,JDV025326939247,京东大件物流,湖南省,衡阳市,耒阳市,,,否,否,	,	,	,否,	,	,	,	,	,	,	,	,	,	,	,	,否,否,	,否,否,,	,否,	,否,,,否
VIOMI 云米净水器600G小海豚升级版厨下式RO反渗透直饮家用,260124-120900882783826,已取消,1	,正常,	,	,,	,	,225501370546	,小海豚600G,1813468330532	,厨房电器,净水器/净水设备及配件耗材,净水器,	,6923185653684	,6923185616399	,	,	,无售后或售后取消,,	,	,,,,,,,否,否,	,否,	,,619.0	,0.0	,0.0	,0.0	,0.0	,0.0	,0.0	,0.0	,619.0	,619.0	,	,	,****,****,****,****,,否,否,	,	,	,否,	,	,	,	,	,	,	,	,	,	,	,	,否,否,	,否,	,,	,否,	,否,,,否
VIOMI云米净水器小海豚600G+升级版厨下式RO反渗透直饮家用,260124-258578869813173,已取消,1	,正常,	,	,,	,	,852161740747	,小海豚600G+升级版,1835709207960	,厨房电器,净水器/净水设备及配件耗材,净水器,	,6923185653684	,	,	,	,无售后或售后取消,,	,	,,,,,,,否,否,	,否,	,,559.0	,0.0	,0.0	,0.0	,0.0	,0.0	,0.0	,0.0	,559.0	,559.0	,	,	,****,****,****,****,,否,否,	,	,	,否,	,	,	,	,	,	,	,	,	,	,	,	,否,否,	,否,	,,	,否,	,否,,,否
VIOMI云米净水器小海豚600G+升级版厨下式RO反渗透直饮家用,260124-500600686133938,已取消,1	,正常,	,	,,	,	,852161740747	,小海豚600G+升级版,1835709207960	,厨房电器,净水器/净水设备及配件耗材,净水器,	,6923185653684	,	,	,	,无售后或售后取消,,	,	,,,,,,,否,否,	,否,	,,559.0	,0.0	,0.0	,0.0	,0.0	,0.0	,0.0	,0.0	,559.0	,559.0	,	,	,****,****,****,****,,否,否,	,	,	,否,	,	,	,	,	,	,	,	,	,	,	,	,否,否,	,否,	,,	,否,	,否,,,否
VIOMI云米净水器小海豚600G+升级版厨下式RO反渗透直饮家用,260124-511338104423617,已发货，待收货,1	,正常,2026-01-24 20:49:13,2026-01-25 20:49:14,,2026-01-25 10:33:56,	,852161740747	,小海豚600G+升级版,1835709207960	,厨房电器,净水器/净水设备及配件耗材,净水器,	,6923185653684	,	,	,	,无售后或售后取消,,2026-01-24 20:49:14,	,,,,,,,否,否,	,否,	,,559.0	,0.0	,0.0	,0.0	,0.2	,0.0	,0.0	,0.0	,559.0	,559.0	,JDV025327089573,京东大件物流,江苏省,苏州市,吴中区,,,否,否,	,	,	,否,	,	,	,	,	,	,	,	,	,	,	,	,否,否,	,否,否,,	,否,	,否,,,否
VIOMI云米净水器小海豚600G+升级版厨下式RO反渗透直饮家用,260124-045906675313519,已取消,1	,正常,	,	,,	,	,852161740747	,小海豚600G+升级版,1835709207960	,厨房电器,净水器/净水设备及配件耗材,净水器,	,6923185653684	,	,	,	,无售后或售后取消,,	,	,,,,,,,否,否,	,否,	,,559.0	,0.0	,0.0	,0.0	,0.0	,0.0	,0.0	,0.0	,559.0	,559.0	,	,	,****,****,****,****,,否,否,	,	,	,否,	,	,	,	,	,	,	,	,	,	,	,	,否,否,	,否,	,,	,否,	,否,,,否
VIOMI云米净水器小海豚600G+升级版厨下式RO反渗透直饮家用,260124-325173973340751,已发货，待收货,2	,正常,2026-01-24 20:40:37,2026-01-25 20:40:37,,2026-01-25 13:44:54,	,852161740747	,小海豚600G+升级版,1835709207960	,厨房电器,净水器/净水设备及配件耗材,净水器,	,6923185653684	,	,	,	,无售后或售后取消,,2026-01-24 20:40:37,	,,,,,,,否,否,	,否,	,,1118.0	,0.0	,11.18	,0.0	,0.0	,0.0	,0.0	,0.0	,1106.82	,1106.82	,JDV025323078562,京东大件物流,河北省,张家口市,怀来县,,,否,否,	,	,	,否,	,	,	,	,	,	,	,	,	,	,	,	,否,否,	,否,否,,	,否,	,否,,,否
云米60L速热电热水器3000W一级节能变频增容租房安全已接入米家AP,260124-616740984392281,未发货，退款成功,1	,正常,2026-01-24 20:21:44,2026-01-25 20:21:44,,	,	,208071231700	,双管变频速热60L,1660917678582	,大家电,热水器,电热水器,	,6923185602224	,6923185602224	,聚水潭已取消发货 已退款1.25梓晖,	,退款成功,,2026-01-24 20:21:44,	,,,,,,,否,否,	,否,	,,656.0	,0.0	,0.0	,0.0	,0.0	,0.0	,0.0	,0.0	,656.0	,656.0	,	,	,****,****,****,****,,否,否,	,	,	,否,	,	,	,	,	,	,	,	,	,	,	,	,否,否,	,否,否,,	,否,	,否,,,否
云米无线手持吸尘器家用立式除螨大吸力吸尘机A9长续航宠物家庭,260124-095672082000410,已发货，待收货,1	,正常,2026-01-25 15:26:28,2026-01-26 15:26:28,,2026-01-26 08:46:08,	,823432069145	,云米吸尘器【长续航】,1789783831646	,生活电器,吸尘器,吸尘器,	,6923185611844	,6923185611844	,	,	,无售后或售后取消,,2026-01-25 15:26:28,	,,,,,,,否,否,	,否,	,,550.0	,0.0	,0.0	,55.0	,0.0	,0.0	,0.0	,0.0	,495.0	,550.0	,JDV025338129506,京东大件物流,上海市,上海市,浦东新区,,,否,否,	,	,	,否,	,	,	,	,	,	,	,	,	,	,	,	,否,否,	,否,否,,	,否,	,否,,,否
云米60L速热电热水器3000W一级节能变频增容租房安全已接入米家AP,260124-282528387361356,已发货，待收货,1	,正常,2026-01-24 20:18:02,2026-01-25 20:18:02,,2026-01-25 10:33:56,	,208071231700	,双管变频速热60L,1660917678582	,大家电,热水器,电热水器,	,6923185602224	,6923185602224	,	,	,无售后或售后取消,,2026-01-24 20:18:02,	,,,,,,,否,否,	,否,	,,656.0	,0.0	,0.0	,41.0	,1.23	,0.0	,0.0	,0.0	,615.0	,656.0	,JDV025326927474,京东大件物流,云南省,昆明市,官渡区,,,否,否,	,	,	,否,	,	,	,	,	,	,	,	,	,	,	,	,否,否,	,否,否,,	,否,	,否,,,否
云米60L速热电热水器3000W一级节能变频增容租房安全已接入米家AP,260124-291000819341892,未发货，退款成功,1	,正常,2026-01-24 20:16:57,2026-01-25 20:16:58,,	,	,208071231700	,双管变频速热60L,1660917678582	,大家电,热水器,电热水器,	,6923185602224	,6923185602224	,聚水潭已取消发货 已退款1.25梓晖,	,退款成功,,2026-01-24 20:16:58,	,,,,,,,否,否,	,否,	,,656.0	,0.0	,0.0	,0.0	,0.0	,0.0	,0.0	,0.0	,656.0	,656.0	,	,	,****,****,****,****,,否,否,	,	,	,否,	,	,	,	,	,	,	,	,	,	,	,	,否,否,	,否,否,,	,否,	,否,,,否
VIOMI云米净水器小海豚600G+升级版厨下式RO反渗透直饮家用,260124-540446574163913,已发货，待收货,1	,正常,2026-01-24 20:17:03,2026-01-25 20:17:03,	,2026-01-25 10:33:56,	,852161740747	,小海豚600G+升级版,1835709207960	,厨房电器,净水器/净水设备及配件耗材,净水器,	,6923185653684	,	,	,	,无售后或售后取消,,2026-01-24 20:17:03,	,,,,,,,否,否,	,否,	,,559.0	,0.0	,0.0	,0.0	,0.0	,0.0	,0.0	,0.0	,559.0	,559.0	,JDV025327145950,京东大件物流,浙江省,杭州市,西湖区,,,否,否,	,	,	,否,	,	,	,	,	,	,	,	,	,	,	,	,否,否,	,否,否,,	,否,	,否,,,否
云米60L速热电热水器3000W一级节能变频增容租房安全已接入米家AP,260124-623860846881356,未发货，退款成功,1	,正常,2026-01-24 20:14:44,2026-01-25 20:14:44,,	,	,208071231700	,双管变频速热60L,1660917678582	,大家电,热水器,电热水器,	,6923185602224	,6923185602224	,聚水潭已取消发货 已退款1.25梓晖,	,退款成功,,2026-01-24 20:14:44,	,,,,,,,否,否,	,否,	,,656.0	,0.0	,0.0	,41.0	,1.23	,0.0	,0.0	,0.0	,615.0	,656.0	,	,	,****,****,****,****,,否,否,	,	,	,否,	,	,	,	,	,	,	,	,	,	,	,	,否,否,	,否,否,,	,否,	,否,,,否
VIOMI云米净水器小海豚600G+升级版厨下式RO反渗透直饮家用,260124-525661694332083,已取消,1	,正常,	,	,,	,	,852161740747	,小海豚600G+升级版,1835709207960	,厨房电器,净水器/净水设备及配件耗材,净水器,	,6923185653684	,	,	,	,无售后或售后取消,,	,	,,,,,,,否,否,	,否,	,,559.0	,0.0	,0.0	,0.0	,0.0	,0.0	,0.0	,0.0	,559.0	,559.0	,	,	,****,****,****,****,,否,否,	,	,	,否,	,	,	,	,	,	,	,	,	,	,	,	,否,否,	,否,	,,	,否,	,否,,,否
VIOMI云米净水器小海豚600G+升级版厨下式RO反渗透直饮家用,260124-523208036732083,已取消,1	,正常,	,	,,	,	,852161740747	,小海豚600G+升级版,1835709207960	,厨房电器,净水器/净水设备及配件耗材,净水器,	,6923185653684	,	,	,	,无售后或售后取消,,	,	,,,,,,,否,否,	,否,	,,559.0	,0.0	,0.0	,0.0	,0.0	,0.0	,0.0	,0.0	,559.0	,559.0	,	,	,****,****,****,****,,否,否,	,	,	,否,	,	,	,	,	,	,	,	,	,	,	,	,否,否,	,否,	,,	,否,	,否,,,否
VIOMI云米净水器小海豚600G+升级版厨下式RO反渗透直饮家用,260124-350853599663359,已发货，待收货,1	,正常,2026-01-24 19:54:14,2026-01-25 19:54:14,,2026-01-25 13:44:54,	,852161740747	,小海豚600G+升级版,1835709207960	,厨房电器,净水器/净水设备及配件耗材,净水器,	,6923185653684	,	,	,	,无售后或售后取消,,2026-01-24 19:54:14,	,,,,,,,否,否,	,否,	,,559.0	,0.0	,0.0	,60.0	,0.0	,0.0	,0.0	,0.0	,499.0	,559.0	,JDV025323065100,京东大件物流,辽宁省,锦州市,太和区,,,否,否,	,	,	,否,	,	,	,	,	,	,	,	,	,	,	,	,否,否,	,否,否,,	,否,	,否,,,否
VIOMI云米净水器小海豚600G+升级版厨下式RO反渗透直饮家用,260124-098345992572083,已取消,1	,正常,	,	,,	,	,852161740747	,小海豚600G+升级版,1835709207960	,厨房电器,净水器/净水设备及配件耗材,净水器,	,6923185653684	,	,	,	,无售后或售后取消,,	,	,,,,,,,否,否,	,否,	,,559.0	,0.0	,0.0	,0.0	,0.0	,0.0	,0.0	,0.0	,559.0	,559.0	,	,	,****,****,****,****,,否,否,	,	,	,否,	,	,	,	,	,	,	,	,	,	,	,	,否,否,	,否,	,,	,否,	,否,,,否
VIOMI云米净水器小海豚600G+升级版厨下式RO反渗透直饮家用,260124-387721511271295,已发货，待收货,1	,正常,2026-01-24 19:27:58,2026-01-25 19:27:59,,2026-01-25 13:44:55,	,852161740747	,小海豚600G+升级版,1835709207960	,厨房电器,净水器/净水设备及配件耗材,净水器,	,6923185653684	,	,	,	,无售后或售后取消,,2026-01-24 19:27:59,	,,,,,,,否,否,	,否,	,,559.0	,0.0	,0.0	,60.0	,0.0	,0.0	,0.0	,0.0	,499.0	,559.0	,JDV025322376382,京东大件物流,河北省,邢台市,巨鹿县,,,否,否,	,	,	,否,	,	,	,	,	,	,	,	,	,	,	,	,否,否,	,否,否,,	,否,	,否,,,否
VIOMI云米净水器小海豚600G+升级版厨下式RO反渗透直饮家用,260124-418822233693867,已取消,1	,正常,	,	,,	,	,852161740747	,小海豚600G+升级版,1835709207960	,厨房电器,净水器/净水设备及配件耗材,净水器,	,6923185653684	,	,	,	,无售后或售后取消,,	,	,,,,,,,否,否,	,否,	,,559.0	,0.0	,0.0	,0.0	,0.0	,0.0	,0.0	,0.0	,559.0	,559.0	,	,	,****,****,****,****,,否,否,	,	,	,否,	,	,	,	,	,	,	,	,	,	,	,	,否,否,	,否,	,,	,否,	,否,,,否
VIOMI云米净水器小海豚600G+升级版厨下式RO反渗透直饮家用,260124-015581919573491,已发货，待收货,1	,正常,2026-01-24 19:16:29,2026-01-25 19:16:29,,2026-01-25 13:44:54,	,852161740747	,小海豚600G+升级版,1835709207960	,厨房电器,净水器/净水设备及配件耗材,净水器,	,6923185653684	,	,	,	,无售后或售后取消,,2026-01-24 19:16:29,	,,,,,,,否,否,	,否,	,,559.0	,0.0	,0.0	,0.0	,0.2	,0.0	,0.0	,0.0	,559.0	,559.0	,JDV025322365430,京东大件物流,内蒙古自治区,呼和浩特市,玉泉区,,,否,否,	,	,	,否,	,	,	,	,	,	,	,	,	,	,	,	,否,否,	,否,否,,	,否,	,否,,,否
VIOMI云米净水器小海豚600G+升级版厨下式RO反渗透直饮家用,260124-396414195253041,已取消,1	,正常,	,	,,	,	,852161740747	,小海豚600G+升级版,1835709207960	,厨房电器,净水器/净水设备及配件耗材,净水器,	,6923185653684	,	,	,	,无售后或售后取消,,	,	,,,,,,,否,否,	,否,	,,559.0	,0.0	,0.0	,0.0	,0.0	,0.0	,0.0	,0.0	,559.0	,559.0	,	,	,****,****,****,****,,否,否,	,	,	,否,	,	,	,	,	,	,	,	,	,	,	,	,否,否,	,否,	,,	,否,	,否,,,否
VIOMI云米净水器小海豚600G+升级版厨下式RO反渗透直饮家用,260124-086706829701180,已发货，待收货,1	,正常,2026-01-24 18:08:49,2026-01-25 18:08:49,,2026-01-25 13:44:55,	,852161740747	,小海豚600G+升级版,1835709207960	,厨房电器,净水器/净水设备及配件耗材,净水器,	,6923185653684	,	,	,	,无售后或售后取消,,2026-01-24 18:08:49,	,,,,,,,否,否,	,否,	,,559.0	,0.0	,0.0	,25.0	,0.0	,0.0	,0.0	,0.0	,534.0	,559.0	,JDV025321397336,京东大件物流,云南省,楚雄彝族自治州,元谋县,,,否,否,	,	,	,否,	,	,	,	,	,	,	,	,	,	,	,	,否,否,	,否,否,,	,否,	,否,,,否
VIOMI云米净水器小海豚600G+升级版厨下式RO反渗透直饮家用,260124-456067663460631,已发货，待收货,1	,正常,2026-01-24 18:06:17,2026-01-25 18:06:17,	,2026-01-25 10:33:56,	,852161740747	,小海豚600G+升级版,1835709207960	,厨房电器,净水器/净水设备及配件耗材,净水器,	,6923185653684	,	,	,	,无售后或售后取消,,2026-01-24 18:06:17,	,,,,,,,否,否,	,否,	,,559.0	,0.0	,0.0	,0.0	,0.0	,0.0	,0.0	,0.0	,559.0	,559.0	,JDV025327116952,京东大件物流,浙江省,杭州市,江干区,,,否,否,	,	,	,否,	,	,	,	,	,	,	,	,	,	,	,	,否,否,	,否,否,,	,否,	,否,,,否
VIOMI云米净水器小海豚600G+升级版厨下式RO反渗透直饮家用,260124-449346333094048,已取消,1	,正常,	,	,,	,	,852161740747	,小海豚600G+升级版,1835709207960	,厨房电器,净水器/净水设备及配件耗材,净水器,	,6923185653684	,	,	,	,无售后或售后取消,,	,	,,,,,,,否,否,	,否,	,,559.0	,0.0	,0.0	,0.0	,0.0	,0.0	,0.0	,0.0	,559.0	,559.0	,	,	,****,****,****,****,,否,否,	,	,	,否,	,	,	,	,	,	,	,	,	,	,	,	,否,否,	,否,	,,	,否,	,否,,,否
VIOMI云米净水器小海豚600G+升级版厨下式RO反渗透直饮家用,260124-538894743974048,已取消,1	,正常,	,	,,	,	,852161740747	,小海豚600G+升级版,1835709207960	,厨房电器,净水器/净水设备及配件耗材,净水器,	,6923185653684	,	,	,	,无售后或售后取消,,	,	,,,,,,,否,否,	,否,	,,559.0	,0.0	,0.0	,0.0	,0.0	,0.0	,0.0	,0.0	,559.0	,559.0	,	,	,****,****,****,****,,否,否,	,	,	,否,	,	,	,	,	,	,	,	,	,	,	,	,否,否,	,否,	,,	,否,	,否,,,否
云米23m³顶侧大吸力超薄智能油烟机厨房app挥手智控易清洁一级,260124-354943035722776,已取消,1	,正常,	,	,,	,	,219486126363	,挥手智控单烟机,1689355640209	,大家电,厨房大电,油烟机,	,6923185613664	,6923185613664	,	,	,无售后或售后取消,,	,	,,,,,,,否,否,	,否,	,,1031.0	,0.0	,0.0	,0.0	,0.0	,0.0	,0.0	,0.0	,1031.0	,1031.0	,	,	,****,****,****,****,,否,否,	,	,	,否,	,	,	,	,	,	,	,	,	,	,	,	,否,否,	,否,	,,	,否,	,否,,,否
云米60L速热电热水器3000W一级节能变频增容租房安全已接入米家AP,260124-294670866032782,已取消,1	,正常,	,	,,	,	,208071231700	,双管变频速热60L,1660917678582	,大家电,热水器,电热水器,	,6923185602224	,6923185602224	,	,	,无售后或售后取消,,	,	,,,,,,,否,否,	,否,	,,656.0	,0.0	,0.0	,0.0	,0.0	,0.0	,0.0	,0.0	,656.0	,656.0	,	,	,****,****,****,****,,否,否,	,	,	,否,	,	,	,	,	,	,	,	,	,	,	,	,否,否,	,否,	,,	,否,	,否,,,否
云米净水器600G小海豚升级版厨下式RO反渗透直饮家用,260124-312056267063625,已发货，待收货,1	,正常,2026-01-24 17:48:03,2026-01-25 17:48:04,	,2026-01-25 10:33:56,	,852932116812	,小海豚600G+6年滤芯套装,1812983769340	,厨房电器,净水器/净水设备及配件耗材,净水器,	,S2508151538001,	,	,	,无售后或售后取消,,2026-01-24 17:48:04,	,,,,,,,否,否,	,否,	,,772.0	,0.0	,0.0	,100.0	,0.0	,0.0	,0.0	,0.0	,672.0	,772.0	,JDV025327116961,京东大件物流,安徽省,合肥市,包河区,,,否,否,	,	,	,否,	,	,	,	,	,	,	,	,	,	,	,	,否,否,	,否,否,,	,否,	,否,,,否
VIOMI云米净水器小海豚600G+升级版厨下式RO反渗透直饮家用,260124-263591052891994,未发货，退款成功,1	,审核中，请勿发货,2026-01-24 17:43:58,2026-01-25 17:43:58,,	,	,852161740747	,小海豚600G+升级版,1835709207960	,厨房电器,净水器/净水设备及配件耗材,净水器,	,6923185653684	,	,聚水潭已取消发货 已退款1.25梓晖,	,退款成功,,2026-01-24 17:43:58,	,,,,,,,否,否,	,否,	,,559.0	,0.0	,0.0	,60.0	,0.0	,0.0	,0.0	,0.0	,499.0	,559.0	,	,	,****,****,****,****,,否,否,	,	,	,否,	,	,	,	,	,	,	,	,	,	,	,	,否,否,	,否,	,,	,否,	,否,,,否
VIOMI云米净水器小海豚600G+升级版厨下式RO反渗透直饮家用,260124-104385758841489,已发货，待收货,1	,正常,2026-01-24 17:38:19,2026-01-25 17:38:19,,2026-01-25 15:10:23,	,852161740747	,小海豚600G+升级版,1835709207960	,厨房电器,净水器/净水设备及配件耗材,净水器,	,6923185653684	,	,	,	,无售后或售后取消,,2026-01-24 17:38:19,	,,,,,,,否,否,	,否,	,,559.0	,0.0	,0.0	,60.0	,4.83	,0.0	,0.0	,0.0	,499.0	,559.0	,JDV025330428296,京东大件物流,海南省,省直辖县级行政区划,澄迈县,,,否,否,	,	,	,否,	,	,	,	,	,	,	,	,	,	,	,	,否,否,	,否,否,,	,否,	,否,,,否
VIOMI云米净水器600G小蓝调厨下式RO反渗透直饮家用6年长效,260124-551938977380538,已取消,1	,正常,	,	,,	,	,850883552953	,RO反渗透除去重金属,1811278299045	,厨房电器,净水器/净水设备及配件耗材,净水器,	,6923185653592	,6923185653592	,	,	,无售后或售后取消,,	,	,,,,,,,否,否,	,否,	,,749.0	,0.0	,50.0	,0.0	,0.0	,0.0	,0.0	,0.0	,699.0	,699.0	,	,	,****,****,****,****,,否,否,	,	,	,否,	,	,	,	,	,	,	,	,	,	,	,	,否,否,	,否,	,,	,否,	,否,,,否
云米电热水器40升洗澡家用租房储水式速热抑菌节能省电安全卫生间,260124-188670359903446,已发货，待收货,1	,正常,2026-01-24 17:20:21,2026-01-25 17:20:21,,2026-01-24 20:15:28,	,661859626284	,"速热抑菌洗-40L,小海豚热水器",1750073590149	,大家电,热水器,电热水器,	,6923185681281	,6923185681281	,	,	,无售后或售后取消,,2026-01-24 17:20:21,	,,,,,,,否,否,	,否,	,,399.0	,0.0	,18.0	,12.0	,0.2	,0.0	,0.0	,0.0	,369.0	,381.0	,JDLD12975378950,京东大件物流,福建省,漳州市,龙文区,,,否,否,	,	,	,否,	,	,	,	,	,	,	,	,	,	,	,	,否,否,	,否,否,,	,否,	,否,,,否
VIOMI云米净水器小海豚600G+升级版厨下式RO反渗透直饮家用,260124-490198832752563,已取消,1	,正常,	,	,,	,	,852161740747	,小海豚600G+升级版,1835709207960	,厨房电器,净水器/净水设备及配件耗材,净水器,	,6923185653684	,	,	,	,无售后或售后取消,,	,	,,,,,,,否,否,	,否,	,,559.0	,0.0	,0.0	,0.0	,0.0	,0.0	,0.0	,0.0	,559.0	,559.0	,	,	,****,****,****,****,,否,否,	,	,	,否,	,	,	,	,	,	,	,	,	,	,	,	,否,否,	,否,	,,	,否,	,否,,,否
VIOMI云米净水器小海豚600G+升级版厨下式RO反渗透直饮家用,260124-455501452882103,未发货，退款成功,1	,正常,2026-01-24 16:59:39,2026-01-25 16:59:39,,	,	,852161740747	,小海豚600G+升级版,1835709207960	,厨房电器,净水器/净水设备及配件耗材,净水器,	,6923185653684	,	,ZX2601250061850拦截 TH2C891361925已审核 待退回仓库 1.25梓晖,	,退款成功,,2026-01-24 16:59:39,	,,,,,,,否,否,	,否,	,,559.0	,0.0	,0.0	,60.0	,0.0	,0.0	,0.0	,0.0	,499.0	,559.0	,	,	,****,****,****,****,,否,否,	,	,	,否,	,	,	,	,	,	,	,	,	,	,	,	,否,否,	,否,否,,	,否,	,否,,,否
VIOMI云米净水器小海豚600G+升级版厨下式RO反渗透直饮家用,260124-096238365002453,已发货，待收货,1	,正常,2026-01-24 16:55:09,2026-01-25 16:55:10,,2026-01-25 08:47:10,	,852161740747	,小海豚600G+升级版,1835709207960	,厨房电器,净水器/净水设备及配件耗材,净水器,	,6923185653684	,	,	,	,无售后或售后取消,,2026-01-24 16:55:10,	,,,,,,,否,否,	,否,	,,559.0	,0.0	,0.0	,0.0	,0.0	,0.0	,0.0	,0.0	,559.0	,559.0	,JDV025319029750,京东大件物流,山东省,烟台市,芝罘区,,,否,否,	,	,	,否,	,	,	,	,	,	,	,	,	,	,	,	,否,否,	,否,否,,	,否,	,否,,,否
VIOMI云米净水器小海豚600G+升级版厨下式RO反渗透直饮家用,260124-596776076830516,已发货，待收货,1	,正常,2026-01-24 16:51:12,2026-01-25 16:51:12,	,2026-01-25 10:33:57,	,852161740747	,小海豚600G+升级版,1835709207960	,厨房电器,净水器/净水设备及配件耗材,净水器,	,6923185653684	,	,	,	,无售后或售后取消,,2026-01-24 16:51:12,	,,,,,,,否,否,	,否,	,,559.0	,0.0	,0.0	,0.0	,0.0	,0.0	,0.0	,0.0	,559.0	,559.0	,JDV025327099940,京东大件物流,安徽省,宣城市,宁国市,,,否,否,	,	,	,否,	,	,	,	,	,	,	,	,	,	,	,	,否,否,	,否,否,,	,否,	,否,,,否
VIOMI云米净水器小海豚600G+升级版厨下式RO反渗透直饮家用,260124-525347090002103,已取消,1	,正常,	,	,,	,	,852161740747	,小海豚600G+升级版,1835709207960	,厨房电器,净水器/净水设备及配件耗材,净水器,	,6923185653684	,	,	,	,无售后或售后取消,,	,	,,,,,,,否,否,	,否,	,,559.0	,0.0	,0.0	,0.0	,0.0	,0.0	,0.0	,0.0	,559.0	,559.0	,	,	,****,****,****,****,,否,否,	,	,	,否,	,	,	,	,	,	,	,	,	,	,	,	,否,否,	,否,	,,	,否,	,否,,,否
云米小厨宝6L即热式厨房台下洗碗热水宝上出水储水式小型电热水器,260124-364065657130838,已发货，待收货,1	,正常,2026-01-24 16:39:40,2026-01-25 16:39:40,,2026-01-25 08:46:12,	,205451808289	,"热水即刻有6L,小厨宝",1752480784258	,大家电,热水器,电热水器,	,6923185611233	,6923185611233	,	,	,无售后或售后取消,,2026-01-24 16:39:40,	,,,,,,,否,否,	,否,	,,289.0	,0.0	,0.0	,9.0	,0.0	,0.0	,0.0	,0.0	,280.0	,289.0	,JDV025319325931,京东大件物流,湖南省,湘潭市,雨湖区,,,否,否,	,	,	,否,	,	,	,	,	,	,	,	,	,	,	,	,否,否,	,否,否,,	,否,	,否,,,否
VIOMI云米净水器小海豚600G+升级版厨下式RO反渗透直饮家用,260124-543833464391628,已发货，待收货,1	,正常,2026-01-24 16:22:38,2026-01-25 16:22:38,,2026-01-25 08:47:10,	,852161740747	,小海豚600G+升级版,1835709207960	,厨房电器,净水器/净水设备及配件耗材,净水器,	,6923185653684	,	,	,	,无售后或售后取消,,2026-01-24 16:22:38,	,,,,,,,否,否,	,否,	,,559.0	,0.0	,0.0	,60.0	,0.0	,0.0	,0.0	,0.0	,499.0	,559.0	,JDV025319856830,京东大件物流,河北省,保定市,莲池区,,,否,否,	,	,	,否,	,	,	,	,	,	,	,	,	,	,	,	,否,否,	,否,否,,	,否,	,否,,,否
VIOMI云米净水器小海豚600G+升级版厨下式RO反渗透直饮家用,260124-488573529700764,已取消,1	,正常,	,	,,	,	,852161740747	,小海豚600G+升级版,1835709207960	,厨房电器,净水器/净水设备及配件耗材,净水器,	,6923185653684	,	,	,	,无售后或售后取消,,	,	,,,,,,,否,否,	,否,	,,559.0	,0.0	,0.0	,60.0	,0.0	,0.0	,0.0	,0.0	,499.0	,559.0	,	,	,****,****,****,****,,否,否,	,	,	,否,	,	,	,	,	,	,	,	,	,	,	,	,否,否,	,否,	,,	,否,	,否,,,否
VIOMI云米净水器小海豚600G+升级版厨下式RO反渗透直饮家用,260124-543005161891299,已发货，待收货,1	,正常,2026-01-24 16:19:53,2026-01-25 16:19:53,,2026-01-25 10:33:57,	,852161740747	,小海豚600G+升级版,1835709207960	,厨房电器,净水器/净水设备及配件耗材,净水器,	,6923185653684	,	,	,	,无售后或售后取消,,2026-01-24 16:19:53,	,,,,,,,否,否,	,否,	,,559.0	,0.0	,0.0	,60.0	,0.0	,0.0	,0.0	,0.0	,499.0	,559.0	,JDV025327089142,京东大件物流,湖北省,武汉市,江岸区,,,否,否,	,	,	,否,	,	,	,	,	,	,	,	,	,	,	,	,否,否,	,否,否,,	,否,	,否,,,否
VIOMI云米净水器小海豚600G+升级版厨下式RO反渗透直饮家用,260124-336005773704074,已发货，待收货,1	,正常,2026-01-24 16:14:21,2026-01-25 16:14:21,,2026-01-25 10:33:57,	,852161740747	,小海豚600G+升级版,1835709207960	,厨房电器,净水器/净水设备及配件耗材,净水器,	,6923185653684	,	,	,	,无售后或售后取消,,2026-01-24 16:14:21,	,,,,,,,否,否,	,否,	,,559.0	,0.0	,0.0	,0.0	,0.0	,0.0	,0.0	,0.0	,559.0	,559.0	,JDV025327098412,京东大件物流,上海市,上海市,闵行区,,,否,否,	,	,	,否,	,	,	,	,	,	,	,	,	,	,	,	,否,否,	,否,否,,	,否,	,否,,,否
VIOMI云米净水器小海豚600G+升级版厨下式RO反渗透直饮家用,260124-136199606682005,已发货，待收货,1	,正常,2026-01-24 16:13:50,2026-01-25 16:13:50,,2026-01-25 08:47:10,	,852161740747	,小海豚600G+升级版,1835709207960	,厨房电器,净水器/净水设备及配件耗材,净水器,	,6923185653684	,	,	,	,无售后或售后取消,,2026-01-24 16:13:50,	,,,,,,,否,否,	,否,	,,559.0	,0.0	,0.0	,0.0	,0.0	,0.0	,0.0	,0.0	,559.0	,559.0	,JDV025319431305,京东大件物流,山西省,长治市,沁源县,,,否,否,	,	,	,否,	,	,	,	,	,	,	,	,	,	,	,	,否,否,	,否,否,,	,否,	,否,,,否
云米矿泉台式净饮机即热式饮水机直饮家用矿化加热一体机净水器,260124-149453617531663,已发货，待收货,1	,正常,2026-01-24 15:59:39,2026-01-25 15:59:39,,2026-01-25 08:46:12,	,850344043841	,AI净饮机Super2,1810740228115	,厨房电器,台式净饮机,台式净饮机,	,6923185615415	,6923185615415	,	,	,无售后或售后取消,,2026-01-24 15:59:39,	,,,,,,,否,否,	,否,	,,1099.0	,0.0	,100.0	,100.0	,0.0	,0.0	,0.0	,0.0	,899.0	,999.0	,JDV025319558877,京东大件物流,四川省,成都市,双流区,,,否,否,	,	,	,否,	,	,	,	,	,	,	,	,	,	,	,	,否,否,	,否,否,,	,否,	,否,,,否
VIOMI云米净水器小海豚600G+升级版厨下式RO反渗透直饮家用,260124-572145026592214,已发货，待收货,1	,正常,2026-01-24 15:57:47,2026-01-25 15:57:48,,2026-01-25 08:47:10,	,852161740747	,小海豚600G+升级版,1835709207960	,厨房电器,净水器/净水设备及配件耗材,净水器,	,6923185653684	,	,	,	,无售后或售后取消,,2026-01-24 15:57:48,	,,,,,,,否,否,	,否,	,,559.0	,0.0	,0.0	,60.0	,0.2	,0.0	,0.0	,0.0	,499.0	,559.0	,JDV025319856858,京东大件物流,山东省,烟台市,莱山区,,,否,否,	,	,	,否,	,	,	,	,	,	,	,	,	,	,	,	,否,否,	,否,否,,	,否,	,否,,,否
云米净水器600G小海豚升级版厨下式RO反渗透直饮家用,260124-334044884561636,已发货，待收货,1	,正常,2026-01-24 15:55:23,2026-01-25 15:55:24,,2026-01-25 08:46:11,	,852932116812	,小海豚600G+6年滤芯套装,1812983769340	,厨房电器,净水器/净水设备及配件耗材,净水器,	,S2508151538001,	,	,	,无售后或售后取消,,2026-01-24 15:55:24,	,,,,,,,否,否,	,否,	,,772.0	,0.0	,0.0	,77.2	,0.0	,0.0	,0.0	,0.0	,694.8	,772.0	,JDV025319712373,京东大件物流,广东省,汕头市,澄海区,,,否,否,	,	,	,否,	,	,	,	,	,	,	,	,	,	,	,	,否,否,	,否,否,,	,否,	,否,,,否
VIOMI云米净水器小海豚600G+升级版厨下式RO反渗透直饮家用,260124-532980733472214,已取消,1	,正常,	,	,,	,	,852161740747	,小海豚600G+升级版,1835709207960	,厨房电器,净水器/净水设备及配件耗材,净水器,	,6923185653684	,	,	,	,无售后或售后取消,,	,	,,,,,,,否,否,	,否,	,,559.0	,0.0	,0.0	,0.0	,0.0	,0.0	,0.0	,0.0	,559.0	,559.0	,	,	,****,****,****,****,,否,否,	,	,	,否,	,	,	,	,	,	,	,	,	,	,	,	,否,否,	,否,	,,	,否,	,否,,,否
VIOMI云米净水器小海豚600G+升级版厨下式RO反渗透直饮家用,260124-165308014112214,已取消,1	,正常,	,	,,	,	,852161740747	,小海豚600G+升级版,1835709207960	,厨房电器,净水器/净水设备及配件耗材,净水器,	,6923185653684	,	,	,	,无售后或售后取消,,	,	,,,,,,,否,否,	,否,	,,559.0	,0.0	,0.0	,0.0	,0.0	,0.0	,0.0	,0.0	,559.0	,559.0	,	,	,****,****,****,****,,否,否,	,	,	,否,	,	,	,	,	,	,	,	,	,	,	,	,否,否,	,否,	,,	,否,	,否,,,否
VIOMI云米净水器小海豚600G+升级版厨下式RO反渗透直饮家用,260124-253807849013173,已取消,1	,正常,	,	,,	,	,852161740747	,小海豚600G+升级版,1835709207960	,厨房电器,净水器/净水设备及配件耗材,净水器,	,6923185653684	,	,	,	,无售后或售后取消,,	,	,,,,,,,否,否,	,否,	,,559.0	,0.0	,0.0	,0.0	,0.0	,0.0	,0.0	,0.0	,559.0	,559.0	,	,	,****,****,****,****,,否,否,	,	,	,否,	,	,	,	,	,	,	,	,	,	,	,	,否,否,	,否,	,,	,否,	,否,,,否
VIOMI云米净水器小海豚600G+升级版厨下式RO反渗透直饮家用,260124-422785851033496,已发货，待收货,1	,正常,2026-01-24 15:44:12,2026-01-25 15:44:12,,2026-01-25 10:33:57,	,852161740747	,小海豚600G+升级版,1835709207960	,厨房电器,净水器/净水设备及配件耗材,净水器,	,6923185653684	,	,	,	,无售后或售后取消,,2026-01-24 15:44:12,	,,,,,,,否,否,	,否,	,,559.0	,0.0	,0.0	,60.0	,0.0	,0.0	,0.0	,0.0	,499.0	,559.0	,JDV025327116871,京东大件物流,浙江省,宁波市,鄞州区,,,否,否,	,	,	,否,	,	,	,	,	,	,	,	,	,	,	,	,否,否,	,否,否,,	,否,	,否,,,否
VIOMI云米净水器小海豚600G+升级版厨下式RO反渗透直饮家用,260124-181005196821004,已发货，待收货,1	,正常,2026-01-24 15:30:36,2026-01-25 15:30:37,,2026-01-25 08:47:11,	,852161740747	,小海豚600G+升级版,1835709207960	,厨房电器,净水器/净水设备及配件耗材,净水器,	,6923185653684	,	,ZX2601250062012拦截 TH2C452143825已审核 待拦截退回仓库 1.25梓晖,	,售后处理中,,2026-01-24 15:30:37,	,,,,,,,否,否,	,否,	,,559.0	,0.0	,0.0	,0.0	,0.0	,0.0	,0.0	,0.0	,559.0	,559.0	,JDV025319320622,京东大件物流,湖南省,株洲市,芦淞区,,,否,否,	,	,	,否,	,	,	,	,	,	,	,	,	,	,	,	,否,否,	,否,否,,	,否,	,否,,,否
云米60L速热电热水器3000W一级节能变频增容租房安全已接入米家AP,260124-314614761003669,已发货，待收货,1	,正常,2026-01-24 15:28:23,2026-01-25 15:28:23,,2026-01-25 08:46:12,	,208071231700	,双管变频速热60L,1660917678582	,大家电,热水器,电热水器,	,6923185602224	,6923185602224	,	,	,无售后或售后取消,,2026-01-24 15:28:23,	,,,,,,,否,否,	,否,	,,656.0	,0.0	,0.0	,50.0	,0.0	,0.0	,0.0	,0.0	,606.0	,656.0	,JDV025319316069,京东大件物流,广西壮族自治区,钦州市,钦南区,,,否,否,	,	,	,否,	,	,	,	,	,	,	,	,	,	,	,	,否,否,	,否,是,3	,商家,否,	,否,,花呗分期,否
云米60L速热电热水器3000W一级节能变频增容租房安全已接入米家AP,260124-100715794850797,已取消,1	,正常,	,	,,	,	,208071231700	,双管变频速热60L,1660917678582	,大家电,热水器,电热水器,	,6923185602224	,6923185602224	,	,	,无售后或售后取消,,	,	,,,,,,,否,否,	,否,	,,656.0	,0.0	,0.0	,32.8	,0.0	,0.0	,0.0	,0.0	,623.2	,656.0	,	,	,****,****,****,****,,否,否,	,	,	,否,	,	,	,	,	,	,	,	,	,	,	,	,否,否,	,否,	,,	,否,	,否,,,否
云米60L速热电热水器3000W一级节能变频增容租房安全已接入米家AP,260124-175961546283669,已取消,1	,正常,	,	,,	,	,208071231700	,双管变频速热60L,1660917678582	,大家电,热水器,电热水器,	,6923185602224	,6923185602224	,	,	,无售后或售后取消,,	,	,,,,,,,否,否,	,否,	,,656.0	,0.0	,0.0	,50.0	,0.0	,0.0	,0.0	,0.0	,606.0	,656.0	,	,	,****,****,****,****,,否,否,	,	,	,否,	,	,	,	,	,	,	,	,	,	,	,	,否,否,	,否,	,,	,否,	,否,,,否
云米鲲鹏PRO烟机28m³大吸力聚能猛火灶一级能效烟灶联动厨电套装,260124-551278395723848,已发货，待收货,1	,正常,2026-01-24 15:17:48,2026-01-25 15:17:48,,2026-01-25 08:46:12,	,784230725200	,"【烟灶套装】鲲鹏PRO大吸力烟机+5.2灶具,天然气",1763233003376	,大家电,厨房大电,烟灶消套装,	,S2505161744001,	,	,	,无售后或售后取消,,2026-01-24 15:17:48,	,,,,,,,否,否,	,否,	,,2557.0	,0.0	,0.0	,0.0	,0.0	,0.0	,0.0	,0.0	,2557.0	,2557.0	,JDV025319558724,京东大件物流,河北省,廊坊市,香河县,,,否,否,	,	,	,否,	,	,	,	,	,	,	,	,	,	,	,	,否,否,	,否,否,,	,否,	,否,,,否
VIOMI云米净水器小海豚600G+升级版厨下式RO反渗透直饮家用,260124-422838331742820,已发货，待收货,1	,正常,2026-01-24 15:16:30,2026-01-25 15:16:31,,2026-01-25 08:47:10,	,852161740747	,小海豚600G+升级版,1835709207960	,厨房电器,净水器/净水设备及配件耗材,净水器,	,6923185653684	,	,	,	,无售后或售后取消,,2026-01-24 15:16:31,	,,,,,,,否,否,	,否,	,,559.0	,0.0	,0.0	,60.0	,0.2	,0.0	,0.0	,0.0	,499.0	,559.0	,JDV025318834900,京东大件物流,吉林省,长春市,二道区,,,否,否,	,	,	,否,	,	,	,	,	,	,	,	,	,	,	,	,否,否,	,否,否,,	,否,	,否,,,否
VIOMI云米净水器小海豚600G+升级版厨下式RO反渗透直饮家用,260124-412436468062155,已取消,1	,正常,	,	,,	,	,852161740747	,小海豚600G+升级版,1835709207960	,厨房电器,净水器/净水设备及配件耗材,净水器,	,6923185653684	,	,	,	,无售后或售后取消,,	,	,,,,,,,否,否,	,否,	,,559.0	,0.0	,0.0	,0.0	,0.0	,0.0	,0.0	,0.0	,559.0	,559.0	,	,	,****,****,****,****,,否,否,	,	,	,否,	,	,	,	,	,	,	,	,	,	,	,	,否,否,	,否,	,,	,否,	,否,,,否
云米鲲鹏PRO烟机28m³大吸力聚能猛火灶一级能效烟灶联动厨电套装,260124-175961618763848,已取消,1	,正常,	,	,,	,	,784230725200	,"【烟灶套装】鲲鹏PRO大吸力烟机+5.2灶具,天然气",1763233003376	,大家电,厨房大电,烟灶消套装,	,S2505161744001,	,	,	,无售后或售后取消,,	,	,,,,,,,否,否,	,否,	,,2557.0	,0.0	,0.0	,0.0	,0.0	,0.0	,0.0	,0.0	,2557.0	,2557.0	,	,	,****,****,****,****,,否,否,	,	,	,否,	,	,	,	,	,	,	,	,	,	,	,	,否,否,	,否,	,,	,否,	,否,,,否
新品首发 Viomi云米 小海豚3上市RO净水器5年长效反渗透净水器,260124-325792612682936,已发货，待收货,1	,正常,2026-01-24 14:54:38,2026-01-25 14:54:39,,2026-01-25 08:47:11,	,862873034610	,小海豚3（原装滤芯）（包安装）,1825244823454	,厨房电器,净水器/净水设备及配件耗材,净水器,	,6923185605867	,	,	,	,无售后或售后取消,,2026-01-24 14:54:39,	,,,,,,,否,否,	,否,	,,498.9	,0.0	,0.0	,0.0	,0.0	,0.0	,0.0	,0.0	,498.9	,498.9	,JDV025319316410,京东大件物流,辽宁省,葫芦岛市,龙港区,,,否,否,	,	,	,否,	,	,	,	,	,	,	,	,	,	,	,	,否,否,	,否,否,,	,否,	,否,,,否
云米掌静脉门锁人脸指纹密码蓝牙全自动安全可视化大屏带门铃防盗,260124-603277237832568,已发货，待收货,1	,正常,2026-01-24 14:46:24,2026-01-25 14:46:24,	,2026-01-25 08:46:13,	,767193647325	,云米蓝调掌静脉锁LBT14A,1751600759442	,基础建材,智能门锁/电子锁,智能门锁/电子锁,	,6923185655398	,	,晒图评价返100+cpu门卡一个,	,无售后或售后取消,,2026-01-24 14:46:24,	,,,,,,,否,否,	,否,	,,1104.0	,0.0	,0.0	,20.0	,0.0	,0.0	,0.0	,0.0	,1084.0	,1104.0	,JDV025319320434,京东大件物流,江苏省,无锡市,宜兴市,,,否,否,	,	,	,否,	,	,	,	,	,	,	,	,	,	,	,	,否,否,	,否,否,,	,否,	,否,,,否
VIOMI云米净水器小海豚600G+升级版厨下式RO反渗透直饮家用,260124-114252910931480,已发货，待收货,1	,正常,2026-01-24 14:30:13,2026-01-25 14:30:13,,2026-01-25 08:47:12,	,852161740747	,小海豚600G+升级版,1835709207960	,厨房电器,净水器/净水设备及配件耗材,净水器,	,6923185653684	,	,	,	,无售后或售后取消,,2026-01-24 14:30:13,	,,,,,,,否,否,	,否,	,,559.0	,0.0	,0.0	,0.0	,0.0	,0.0	,0.0	,0.0	,559.0	,559.0	,JDV025319335831,京东大件物流,广西壮族自治区,北海市,合浦县,,,否,否,	,	,	,否,	,	,	,	,	,	,	,	,	,	,	,	,否,否,	,否,否,,	,否,	,否,,,否
云米小厨宝6L即热式厨房台下洗碗热水宝上出水储水式小型电热水器,260124-519642857820047,已发货，待收货,1	,正常,2026-01-24 14:23:20,2026-01-25 14:23:20,,2026-01-25 08:46:13,	,205451808289	,"热水即刻有6L,小厨宝",1752480784258	,大家电,热水器,电热水器,	,6923185611233	,6923185611233	,	,	,无售后或售后取消,,2026-01-24 14:23:20,	,,,,,,,否,否,	,否,	,,289.0	,0.0	,0.0	,0.0	,0.2	,0.0	,0.0	,0.0	,289.0	,289.0	,JDV025318145600,京东大件物流,湖北省,宜昌市,当阳市,,,否,否,	,	,	,否,	,	,	,	,	,	,	,	,	,	,	,	,否,否,	,否,否,,	,否,	,否,,,否
VIOMI云米净水器小海豚600G+升级版厨下式RO反渗透直饮家用,260124-328833513840996,已发货，待收货,1	,正常,2026-01-24 14:23:00,2026-01-25 14:23:00,,2026-01-25 08:47:11,	,852161740747	,小海豚600G+升级版,1835709207960	,厨房电器,净水器/净水设备及配件耗材,净水器,	,6923185653684	,	,	,	,无售后或售后取消,,2026-01-24 14:23:00,	,,,,,,,否,否,	,否,	,,559.0	,0.0	,0.0	,30.0	,0.0	,0.0	,0.0	,0.0	,529.0	,559.0	,JDV025318145833,京东大件物流,河南省,新乡市,辉县市,,,否,否,	,	,	,否,	,	,	,	,	,	,	,	,	,	,	,	,否,否,	,否,否,,	,否,	,否,,,否
云米即热净水器厨房家用直饮RO反渗透加热净饮一体机1000G,260124-347267479983467,已发货，待收货,1	,正常,2026-01-24 14:16:16,2026-01-25 14:16:16,,2026-01-25 08:46:14,	,364990106384	,即热直饮 1000G大通量,1455593712429	,厨房电器,净水器/净水设备及配件耗材,净水器,	,6923185651116	,6923185651116	,	,	,无售后或售后取消,,2026-01-24 14:16:16,	,,,,,,,否,否,	,否,	,,1599.0	,0.0	,0.0	,0.0	,0.0	,0.0	,0.0	,0.0	,1599.0	,1599.0	,JDV025319302811,京东大件物流,浙江省,金华市,东阳市,,,否,否,	,	,	,否,	,	,	,	,	,	,	,	,	,	,	,	,否,否,	,否,否,,	,否,	,否,,,否
VIOMI云米净水器小海豚600G+升级版厨下式RO反渗透直饮家用,260124-522086008390454,已收货,1	,正常,2026-01-24 13:55:34,2026-01-25 13:55:34,,2026-01-25 08:47:12,2026-01-25 19:18:38,852161740747	,小海豚600G+升级版,1835709207960	,厨房电器,净水器/净水设备及配件耗材,净水器,	,6923185653684	,	,	,	,无售后或售后取消,,2026-01-24 13:55:34,	,,,,,,,否,否,	,否,	,,559.0	,0.0	,0.0	,0.0	,0.0	,0.0	,0.0	,0.0	,559.0	,559.0	,JDV025316884788,京东大件物流,****,****,****,****,,否,否,	,	,	,否,	,	,	,	,	,	,	,	,	,	,	,	,否,否,	,否,否,,	,否,	,否,,,否
VIOMI云米净水器小海豚600G+升级版厨下式RO反渗透直饮家用,260124-181005207110454,已取消,1	,正常,	,	,,	,	,852161740747	,小海豚600G+升级版,1835709207960	,厨房电器,净水器/净水设备及配件耗材,净水器,	,6923185653684	,	,	,	,无售后或售后取消,,	,	,,,,,,,否,否,	,否,	,,559.0	,0.0	,0.0	,0.0	,0.0	,0.0	,0.0	,0.0	,559.0	,559.0	,	,	,****,****,****,****,,否,否,	,	,	,否,	,	,	,	,	,	,	,	,	,	,	,	,否,否,	,否,	,,	,否,	,否,,,否
云米智能电热水器小蓝调节能变频速热家用浴室洗澡抑菌50L/60L,260124-586531479100433,已发货，待收货,1	,正常,2026-01-24 13:46:19,2026-01-25 13:46:19,,2026-01-25 08:46:13,	,434684719975	,安全保护8倍增容大水量60L,1733881750462	,大家电,热水器,电热水器,	,6923185649083	,	,	,	,无售后或售后取消,,2026-01-24 13:46:19,	,,,,,,,否,否,	,否,	,,699.0	,0.0	,0.0	,20.0	,0.0	,0.0	,0.0	,0.0	,679.0	,699.0	,JDV025319340836,京东大件物流,广西壮族自治区,南宁市,武鸣区,,,否,否,	,	,	,否,	,	,	,	,	,	,	,	,	,	,	,	,否,否,	,否,否,,	,否,	,否,,,否
VIOMI云米净水器小海豚600G+升级版厨下式RO反渗透直饮家用,260124-370650672763378,已取消,1	,正常,	,	,,	,	,852161740747	,小海豚600G+升级版,1835709207960	,厨房电器,净水器/净水设备及配件耗材,净水器,	,6923185653684	,	,	,	,无售后或售后取消,,	,	,,,,,,,否,否,	,否,	,,559.0	,0.0	,0.0	,0.0	,0.0	,0.0	,0.0	,0.0	,559.0	,559.0	,	,	,****,****,****,****,,否,否,	,	,	,否,	,	,	,	,	,	,	,	,	,	,	,	,否,否,	,否,	,,	,否,	,否,,,否
VIOMI云米净水器小海豚600G+升级版厨下式RO反渗透直饮家用,260124-478360441191362,已发货，待收货,1	,正常,2026-01-24 13:12:06,2026-01-25 13:12:06,,2026-01-25 08:47:13,	,852161740747	,小海豚600G+升级版,1835709207960	,厨房电器,净水器/净水设备及配件耗材,净水器,	,6923185653684	,	,	,	,无售后或售后取消,,2026-01-24 13:12:06,	,,,,,,,否,否,	,否,	,,559.0	,0.0	,0.0	,60.0	,1.06	,0.0	,0.0	,0.0	,499.0	,559.0	,JDV025319315743,京东大件物流,海南省,省直辖县级行政区划,定安县,,,否,否,	,	,	,否,	,	,	,	,	,	,	,	,	,	,	,	,否,否,	,否,否,,	,否,	,否,,,否
VIOMI云米净水器小海豚600G+升级版厨下式RO反渗透直饮家用,260124-623315545742928,已发货，待收货,1	,正常,2026-01-24 13:06:34,2026-01-25 13:06:35,,2026-01-25 08:47:13,	,852161740747	,小海豚600G+升级版,1835709207960	,厨房电器,净水器/净水设备及配件耗材,净水器,	,6923185653684	,	,	,	,无售后或售后取消,,2026-01-24 13:06:35,	,,,,,,,否,否,	,否,	,,559.0	,0.0	,0.0	,60.0	,0.2	,0.0	,0.0	,0.0	,499.0	,559.0	,JDV025318108097,京东大件物流,上海市,上海市,浦东新区,,,否,否,	,	,	,否,	,	,	,	,	,	,	,	,	,	,	,	,否,否,	,否,否,,	,否,	,否,,,否
VIOMI云米净水器小海豚600G+升级版厨下式RO反渗透直饮家用,260124-351954604382240,已取消,1	,正常,	,	,,	,	,852161740747	,小海豚600G+升级版,1835709207960	,厨房电器,净水器/净水设备及配件耗材,净水器,	,6923185653684	,	,	,	,无售后或售后取消,,	,	,,,,,,,否,否,	,否,	,,559.0	,0.0	,0.0	,0.0	,0.0	,0.0	,0.0	,0.0	,559.0	,559.0	,	,	,****,****,****,****,,否,否,	,	,	,否,	,	,	,	,	,	,	,	,	,	,	,	,否,否,	,否,	,,	,否,	,否,,,否
VIOMI云米净水器小海豚600G+升级版厨下式RO反渗透直饮家用,260124-665510243982928,未发货，退款成功,1	,正常,2026-01-24 13:00:26,2026-01-25 13:00:27,,	,	,852161740747	,小海豚600G+升级版,1835709207960	,厨房电器,净水器/净水设备及配件耗材,净水器,	,6923185653684	,	,聚水潭已取消发货 已退款1.24丹丹,	,退款成功,,2026-01-24 13:00:27,	,,,,,,,否,否,	,否,	,,559.0	,0.0	,0.0	,0.0	,1.11	,0.0	,0.0	,0.0	,559.0	,559.0	,	,	,****,****,****,****,,否,否,	,	,	,否,	,	,	,	,	,	,	,	,	,	,	,	,否,否,	,否,否,,	,否,	,否,,,否
VIOMI 云米净水器600G小海豚升级版厨下式RO反渗透直饮家用,260124-103400128940677,已发货，待收货,1	,正常,2026-01-24 12:58:08,2026-01-25 12:58:08,,2026-01-24 17:15:40,	,225501370546	,小海豚600G,1813468330532	,厨房电器,净水器/净水设备及配件耗材,净水器,	,6923185653684	,6923185616399	,	,	,无售后或售后取消,,2026-01-24 12:58:08,	,,,,,,,否,否,	,否,	,,619.0	,0.0	,0.0	,92.85	,0.0	,0.0	,0.0	,0.0	,526.15	,619.0	,JDV025314158186,京东大件物流,江西省,南昌市,南昌县,,,否,否,	,	,	,否,	,	,	,	,	,	,	,	,	,	,	,	,否,否,	,否,否,,	,否,	,否,,,否
云米净水器600G小海豚升级版厨下式RO反渗透直饮家用,260124-238068744610790,未发货，退款成功,1	,正常,2026-01-24 12:52:29,2026-01-25 12:52:29,,	,	,852932116812	,小海豚600G+6年滤芯套装,1812983769340	,厨房电器,净水器/净水设备及配件耗材,净水器,	,S2508151538001,	,聚水潭已取消发货 已退款1.24丹丹,	,退款成功,,2026-01-24 12:52:29,	,,,,,,,否,否,	,否,	,,772.0	,0.0	,0.0	,100.0	,0.0	,0.0	,0.0	,0.0	,672.0	,772.0	,	,	,****,****,****,****,,否,否,	,	,	,否,	,	,	,	,	,	,	,	,	,	,	,	,否,否,	,否,否,,	,否,	,否,,,否
新品首发 Viomi云米 小海豚3上市RO净水器5年长效反渗透净水器,260124-166807508590161,已发货，待收货,1	,正常,2026-01-24 12:42:14,2026-01-25 12:42:14,,2026-01-25 08:47:13,	,862873034610	,小海豚3（原装滤芯）（包安装）,1825244823454	,厨房电器,净水器/净水设备及配件耗材,净水器,	,6923185605867	,	,晒图评价赠送1年延保+20元,	,无售后或售后取消,,2026-01-24 12:42:14,	,,,,,,,否,否,	,否,	,,498.9	,0.0	,0.0	,0.0	,4.95	,0.0	,0.0	,0.0	,498.9	,498.9	,JDV025319325024,京东大件物流,福建省,南平市,延平区,,,否,否,	,	,	,否,	,	,	,	,	,	,	,	,	,	,	,	,否,否,	,否,否,,	,否,	,否,,,否
VIOMI云米净水器小海豚600G+升级版厨下式RO反渗透直饮家用,260124-071995277600434,已发货，待收货,1	,正常,2026-01-24 12:36:40,2026-01-25 12:36:40,,2026-01-24 17:15:40,	,852161740747	,小海豚600G+升级版,1835709207960	,厨房电器,净水器/净水设备及配件耗材,净水器,	,6923185653684	,	,	,	,无售后或售后取消,,2026-01-24 12:36:40,	,,,,,,,否,否,	,否,	,,559.0	,0.0	,0.0	,0.0	,0.0	,0.0	,0.0	,0.0	,559.0	,559.0	,JDV025313814144,京东大件物流,湖北省,武汉市,青山区,,,否,否,	,	,	,否,	,	,	,	,	,	,	,	,	,	,	,	,否,否,	,否,否,,	,否,	,否,,,否
VIOMI云米净水器小海豚600G+升级版厨下式RO反渗透直饮家用,260124-517073804910434,已取消,1	,正常,	,	,,	,	,852161740747	,小海豚600G+升级版,1835709207960	,厨房电器,净水器/净水设备及配件耗材,净水器,	,6923185653684	,	,	,	,无售后或售后取消,,	,	,,,,,,,否,否,	,否,	,,559.0	,0.0	,0.0	,0.0	,0.0	,0.0	,0.0	,0.0	,559.0	,559.0	,	,	,****,****,****,****,,否,否,	,	,	,否,	,	,	,	,	,	,	,	,	,	,	,	,否,否,	,否,	,,	,否,	,否,,,否
VIOMI云米净水器小海豚600G+升级版厨下式RO反渗透直饮家用,260124-613595246190434,已发货，待收货,1	,正常,2026-01-24 12:34:30,2026-01-25 12:34:30,,2026-01-25 08:47:13,	,852161740747	,小海豚600G+升级版,1835709207960	,厨房电器,净水器/净水设备及配件耗材,净水器,	,6923185653684	,	,	,	,无售后或售后取消,,2026-01-24 12:34:30,	,,,,,,,否,否,	,否,	,,559.0	,0.0	,0.0	,0.0	,0.0	,0.0	,0.0	,0.0	,559.0	,559.0	,JDV025315291412,京东大件物流,黑龙江省,鸡西市,虎林市,,,否,否,	,	,	,否,	,	,	,	,	,	,	,	,	,	,	,	,否,否,	,否,否,,	,否,	,否,,,否
VIOMI云米净水器小海豚600G+升级版厨下式RO反渗透直饮家用,260124-667649338983603,已发货，待收货,1	,正常,2026-01-24 12:27:22,2026-01-25 12:27:22,,2026-01-24 17:15:39,	,852161740747	,小海豚600G+升级版,1835709207960	,厨房电器,净水器/净水设备及配件耗材,净水器,	,6923185653684	,	,	,	,无售后或售后取消,,2026-01-24 12:27:22,	,,,,,,,否,否,	,否,	,,559.0	,0.0	,0.0	,0.0	,0.2	,0.0	,0.0	,0.0	,559.0	,559.0	,JDV025314289711,京东大件物流,湖南省,长沙市,岳麓区,,,否,否,	,	,	,否,	,	,	,	,	,	,	,	,	,	,	,	,否,否,	,否,否,,	,否,	,否,,,否
VIOMI云米净水器小海豚600G+升级版厨下式RO反渗透直饮家用,260124-617359623792751,已发货，待收货,1	,正常,2026-01-24 12:02:14,2026-01-25 12:02:14,,2026-01-25 08:47:14,	,852161740747	,小海豚600G+升级版,1835709207960	,厨房电器,净水器/净水设备及配件耗材,净水器,	,6923185653684	,	,	,	,无售后或售后取消,,2026-01-24 12:02:14,	,,,,,,,否,否,	,否,	,,559.0	,0.0	,0.0	,60.0	,1.03	,0.0	,0.0	,0.0	,499.0	,559.0	,JDV025318160090,京东大件物流,江苏省,无锡市,锡山区,,,否,否,	,	,	,否,	,	,	,	,	,	,	,	,	,	,	,	,否,否,	,否,否,,	,否,	,否,,,否
云米23m³顶侧大吸力超薄智能油烟机厨房app挥手智控易清洁一级,260124-351786770060764,已发货，待收货,1	,正常,2026-01-24 11:51:50,2026-01-25 11:51:50,,2026-01-24 17:15:39,	,219486126363	,挥手智控单烟机,1689355640209	,大家电,厨房大电,油烟机,	,6923185613664	,6923185613664	,	,	,无售后或售后取消,,2026-01-24 11:51:50,	,,,,,,,否,否,	,否,	,,1031.0	,0.0	,200.0	,72.11	,0.0	,0.0	,0.0	,0.0	,758.89	,831.0	,JDV025314293529,京东大件物流,河南省,洛阳市,栾川县,,,否,否,	,	,	,否,	,	,	,	,	,	,	,	,	,	,	,	,否,否,	,否,否,,	,否,	,否,,,否
云米小厨宝6L即热式厨房台下洗碗热水宝上出水储水式小型电热水器,260124-179988078220764,已发货，待收货,1	,正常,2026-01-24 11:51:50,2026-01-25 11:51:51,,2026-01-24 17:15:40,	,205451808289	,"热水即刻有6L,小厨宝",1752480784258	,大家电,热水器,电热水器,	,6923185611233	,6923185611233	,	,	,无售后或售后取消,,2026-01-24 11:51:51,	,,,,,,,否,否,	,否,	,,289.0	,0.0	,0.0	,0.0	,0.0	,0.0	,0.0	,0.0	,289.0	,289.0	,JDV025313793163,京东大件物流,河南省,洛阳市,栾川县,,,否,否,	,	,	,否,	,	,	,	,	,	,	,	,	,	,	,	,否,否,	,否,否,,	,否,	,否,,,否
VIOMI云米净水器小海豚600G+升级版厨下式RO反渗透直饮家用,260124-338260191582698,未发货，退款成功,1	,正常,2026-01-24 11:43:19,2026-01-25 11:43:19,,	,	,852161740747	,小海豚600G+升级版,1835709207960	,厨房电器,净水器/净水设备及配件耗材,净水器,	,6923185653684	,	,聚水潭已取消发货 已退款1.24丹丹,	,退款成功,,2026-01-24 11:43:19,	,,,,,,,否,否,	,否,	,,559.0	,0.0	,0.0	,0.0	,0.0	,0.0	,0.0	,0.0	,559.0	,559.0	,	,	,****,****,****,****,,否,否,	,	,	,否,	,	,	,	,	,	,	,	,	,	,	,	,否,否,	,否,否,,	,否,	,否,,,否
云米净水器600G小海豚升级版厨下式RO反渗透直饮家用,260124-647401326210825,已发货，待收货,1	,正常,2026-01-24 11:32:26,2026-01-25 11:32:26,	,2026-01-24 17:15:39,	,852932116812	,小海豚600G+6年滤芯套装,1812983769340	,厨房电器,净水器/净水设备及配件耗材,净水器,	,S2508151538001,	,	,	,无售后或售后取消,,2026-01-24 11:32:26,	,,,,,,,否,否,	,否,	,,772.0	,0.0	,36.0	,24.0	,0.0	,0.0	,0.0	,0.0	,712.0	,736.0	,JDV025314290081,京东大件物流,广东省,佛山市,禅城区,,,否,否,	,	,	,否,	,	,	,	,	,	,	,	,	,	,	,	,否,否,	,否,否,,	,否,	,否,,,否
云米净水器600G小海豚升级版厨下式RO反渗透直饮家用,260124-551572017442191,已发货，待收货,1	,正常,2026-01-24 11:28:05,2026-01-25 11:28:05,,2026-01-24 17:15:39,	,852932116812	,小海豚600G+6年滤芯套装,1812983769340	,厨房电器,净水器/净水设备及配件耗材,净水器,	,S2508151538001,	,	,	,无售后或售后取消,,2026-01-24 11:28:05,	,,,,,,,否,否,	,否,	,,772.0	,0.0	,0.0	,92.64	,0.0	,0.0	,0.0	,0.0	,679.36	,772.0	,JDV025314175629,京东大件物流,江苏省,淮安市,盱眙县,,,否,否,	,	,	,否,	,	,	,	,	,	,	,	,	,	,	,	,否,否,	,否,是,3	,商家,否,	,否,,信用卡分期,否
VIOMI云米净水器小海豚600G+升级版厨下式RO反渗透直饮家用,260124-486004570441062,已发货，待收货,1	,正常,2026-01-24 11:17:58,2026-01-25 11:17:58,,2026-01-24 17:15:40,	,852161740747	,小海豚600G+升级版,1835709207960	,厨房电器,净水器/净水设备及配件耗材,净水器,	,6923185653684	,	,	,	,无售后或售后取消,,2026-01-24 11:17:58,	,,,,,,,否,否,	,否,	,,559.0	,0.0	,0.0	,60.0	,0.0	,0.0	,0.0	,0.0	,499.0	,559.0	,JDV025313814126,京东大件物流,河南省,郑州市,金水区,,,否,否,	,	,	,否,	,	,	,	,	,	,	,	,	,	,	,	,否,否,	,否,否,,	,否,	,否,,,否
云米净水器600G小海豚升级版厨下式RO反渗透直饮家用,260124-083267458633461,已取消,1	,正常,	,	,,	,	,852932116812	,小海豚600G+6年滤芯套装,1812983769340	,厨房电器,净水器/净水设备及配件耗材,净水器,	,S2508151538001,	,	,	,无售后或售后取消,,	,	,,,,,,,否,否,	,否,	,,772.0	,0.0	,0.0	,77.2	,0.0	,0.0	,0.0	,0.0	,694.8	,772.0	,	,	,****,****,****,****,,否,否,	,	,	,否,	,	,	,	,	,	,	,	,	,	,	,	,否,否,	,否,	,,	,否,	,否,,,否
VIOMI云米净水器小海豚600G+升级版厨下式RO反渗透直饮家用,260124-344992007691436,已发货，待收货,1	,正常,2026-01-24 11:10:29,2026-01-25 11:10:29,,2026-01-24 17:15:40,	,852161740747	,小海豚600G+升级版,1835709207960	,厨房电器,净水器/净水设备及配件耗材,净水器,	,6923185653684	,	,ZX2601240062627==物流 [viomi米小锂MKD 01/24 11:34]==ZX2601250061879==修改地址 [viomi米小锂MKD 01/25 10:58],	,无售后或售后取消,,2026-01-24 11:10:29,	,,,,,,,否,否,	,否,	,,559.0	,0.0	,0.0	,0.0	,0.0	,0.0	,0.0	,0.0	,559.0	,559.0	,JDV025313052842,京东大件物流,山东省,潍坊市,奎文区,,,否,否,	,	,	,否,	,	,	,	,	,	,	,	,	,	,	,	,否,否,	,否,否,,	,否,	,否,,,否
VIOMI云米净水器小海豚600G+升级版厨下式RO反渗透直饮家用,260124-036584855113461,已发货，待收货,1	,正常,2026-01-24 11:08:50,2026-01-25 11:08:50,,2026-01-24 17:15:40,	,852161740747	,小海豚600G+升级版,1835709207960	,厨房电器,净水器/净水设备及配件耗材,净水器,	,6923185653684	,	,	,	,无售后或售后取消,,2026-01-24 11:08:50,	,,,,,,,否,否,	,否,	,,559.0	,0.0	,0.0	,0.0	,0.0	,0.0	,0.0	,0.0	,559.0	,559.0	,JDV025314297594,京东大件物流,广东省,肇庆市,四会市,,,否,否,	,	,	,否,	,	,	,	,	,	,	,	,	,	,	,	,否,否,	,否,否,,	,否,	,否,,,否
VIOMI云米净水器小海豚600G+升级版厨下式RO反渗透直饮家用,260124-105633553993461,已取消,1	,正常,	,	,,	,	,852161740747	,小海豚600G+升级版,1835709207960	,厨房电器,净水器/净水设备及配件耗材,净水器,	,6923185653684	,	,	,	,无售后或售后取消,,	,	,,,,,,,否,否,	,否,	,,559.0	,0.0	,0.0	,0.0	,0.0	,0.0	,0.0	,0.0	,559.0	,559.0	,	,	,****,****,****,****,,否,否,	,	,	,否,	,	,	,	,	,	,	,	,	,	,	,	,否,否,	,否,	,,	,否,	,否,,,否
VIOMI云米净水器小海豚600G+升级版厨下式RO反渗透直饮家用,260124-032579284491436,已取消,1	,正常,	,	,,	,	,852161740747	,小海豚600G+升级版,1835709207960	,厨房电器,净水器/净水设备及配件耗材,净水器,	,6923185653684	,	,	,	,无售后或售后取消,,	,	,,,,,,,否,否,	,否,	,,559.0	,0.0	,0.0	,0.0	,0.0	,0.0	,0.0	,0.0	,559.0	,559.0	,	,	,****,****,****,****,,否,否,	,	,	,否,	,	,	,	,	,	,	,	,	,	,	,	,否,否,	,否,	,,	,否,	,否,,,否
VIOMI云米净水器小海豚600G+升级版厨下式RO反渗透直饮家用,260124-117650255513636,已发货，待收货,1	,正常,2026-01-24 10:29:13,2026-01-25 10:29:13,,2026-01-24 17:15:40,	,852161740747	,小海豚600G+升级版,1835709207960	,厨房电器,净水器/净水设备及配件耗材,净水器,	,6923185653684	,	,	,	,无售后或售后取消,,2026-01-24 10:29:13,	,,,,,,,否,否,	,否,	,,559.0	,0.0	,0.0	,0.0	,0.0	,0.0	,0.0	,0.0	,559.0	,559.0	,JDV025313787215,京东大件物流,浙江省,杭州市,临平区,,,否,否,	,	,	,否,	,	,	,	,	,	,	,	,	,	,	,	,否,否,	,否,否,,	,否,	,否,,,否
新品首发 Viomi云米 小海豚3上市RO净水器5年长效反渗透净水器,260124-465504899370979,已发货，待收货,1	,正常,2026-01-24 10:25:23,2026-01-25 10:25:23,,2026-01-24 17:15:40,	,862873034610	,小海豚3（原装滤芯）（包安装）,1825244823454	,厨房电器,净水器/净水设备及配件耗材,净水器,	,6923185605867	,	,晒图评价赠送1年延保+额外申请30元 ZX2601240062607送货上门1.24米锋,	,无售后或售后取消,,2026-01-24 10:25:23,	,,,,,,,否,否,	,否,	,,498.9	,0.0	,0.0	,0.0	,0.0	,0.0	,0.0	,0.0	,498.9	,498.9	,JDV025314293285,京东大件物流,河北省,唐山市,路北区,,,否,否,	,	,	,否,	,	,	,	,	,	,	,	,	,	,	,	,否,否,	,否,否,,	,否,	,否,,,否
云米矿泉台式净饮机即热式饮水机直饮家用矿化加热一体机净水器,260124-431436675443282,已发货，待收货,1	,正常,2026-01-24 10:23:03,2026-01-25 10:23:03,,2026-01-24 17:15:40,	,850344043841	,AI净饮机Super2,1810740228115	,厨房电器,台式净饮机,台式净饮机,	,6923185615415	,6923185615415	,	,	,无售后或售后取消,,2026-01-24 10:23:03,	,,,,,,,否,否,	,否,	,,1099.0	,0.0	,100.0	,0.0	,0.0	,0.0	,0.0	,0.0	,999.0	,999.0	,JDV025314316065,京东大件物流,江苏省,苏州市,吴江区,,,否,否,	,	,	,否,	,	,	,	,	,	,	,	,	,	,	,	,否,否,	,否,否,,	,否,	,否,,,否
云米23m³顶侧大吸力超薄智能油烟机厨房app挥手智控易清洁一级,260124-290549952140764,已取消,1	,正常,	,	,,	,	,219486126363	,挥手智控单烟机,1689355640209	,大家电,厨房大电,油烟机,	,6923185613664	,6923185613664	,	,	,无售后或售后取消,,	,	,,,,,,,否,否,	,否,	,,1031.0	,0.0	,200.0	,0.0	,0.0	,0.0	,0.0	,0.0	,831.0	,831.0	,	,	,****,****,****,****,,否,否,	,	,	,否,	,	,	,	,	,	,	,	,	,	,	,	,否,否,	,否,	,,	,否,	,否,,,否
VIOMI 云米净水器600G小海豚升级版厨下式RO反渗透直饮家用,260124-439940574870819,未发货，退款成功,1	,正常,2026-01-24 10:06:34,2026-01-25 10:06:35,	,	,	,225501370546	,小海豚600G,1813468330532	,厨房电器,净水器/净水设备及配件耗材,净水器,	,6923185653684	,6923185616399	,聚水潭已取消发货 已退款1.24梓晖,	,退款成功,,2026-01-24 10:06:35,	,,,,,,,否,否,	,否,	,,619.0	,0.0	,0.0	,100.0	,0.0	,0.0	,0.0	,0.0	,519.0	,619.0	,	,	,****,****,****,****,,否,否,	,	,	,否,	,	,	,	,	,	,	,	,	,	,	,	,否,否,	,否,否,,	,否,	,否,,,否
VIOMI云米净水器小海豚600G+升级版厨下式RO反渗透直饮家用,260124-031918661242445,已发货，待收货,1	,正常,2026-01-24 10:06:19,2026-01-25 10:06:20,,2026-01-24 17:15:40,	,852161740747	,小海豚600G+升级版,1835709207960	,厨房电器,净水器/净水设备及配件耗材,净水器,	,6923185653684	,	,	,	,无售后或售后取消,,2026-01-24 10:06:20,	,,,,,,,否,否,	,否,	,,559.0	,0.0	,0.0	,60.0	,0.0	,0.0	,0.0	,0.0	,499.0	,559.0	,JDV025314335199,京东大件物流,广东省,江门市,新会区,,,否,否,	,	,	,否,	,	,	,	,	,	,	,	,	,	,	,	,否,否,	,否,否,,	,否,	,否,,,否
VIOMI云米净水器小海豚600G+升级版厨下式RO反渗透直饮家用,260124-274538206842445,已取消,1	,正常,	,	,,	,	,852161740747	,小海豚600G+升级版,1835709207960	,厨房电器,净水器/净水设备及配件耗材,净水器,	,6923185653684	,	,	,	,无售后或售后取消,,	,	,,,,,,,否,否,	,否,	,,559.0	,0.0	,0.0	,0.0	,0.0	,0.0	,0.0	,0.0	,559.0	,559.0	,	,	,****,****,****,****,,否,否,	,	,	,否,	,	,	,	,	,	,	,	,	,	,	,	,否,否,	,否,	,,	,否,	,否,,,否
"云米智能门锁霸王锁体适用eyeLink 2C,eLink 2Pro,eyeLink 2F",260124-450342428162294,未发货，退款成功,1	,正常,2026-01-24 09:59:12,2026-01-26 09:59:12,,	,	,264080849667	,霸王锁体（机械锁体）【适配咨询客服】,1812202409163	,基础建材,智能门锁/电子锁,智能门锁/电子锁,	,6923185622154	,6923185622154	,ZX2601240062726拦截 TH2C161547174待拦截退回 1.24梓晖,	,退款成功,,2026-01-24 09:59:12,	,,,,,,,否,否,	,否,	,,150.0	,0.0	,0.0	,0.0	,0.0	,0.0	,0.0	,0.0	,150.0	,150.0	,	,	,****,****,****,****,,否,否,	,	,	,否,	,	,	,	,	,	,	,	,	,	,	,	,否,否,	,否,否,,	,否,	,否,,,否
VIOMI 云米净水器600G小海豚升级版厨下式RO反渗透直饮家用,260124-190851335753364,已发货，待收货,1	,正常,2026-01-24 09:52:35,2026-01-25 09:52:35,	,2026-01-24 17:15:40,	,225501370546	,小海豚600G,1813468330532	,厨房电器,净水器/净水设备及配件耗材,净水器,	,6923185653684	,6923185616399	,	,	,无售后或售后取消,,2026-01-24 09:52:35,	,,,,,,,否,否,	,否,	,,619.0	,0.0	,0.0	,60.0	,0.0	,0.0	,0.0	,0.0	,559.0	,619.0	,JDV025314292835,京东大件物流,广东省,汕头市,金平区,,,否,否,	,	,	,否,	,	,	,	,	,	,	,	,	,	,	,	,否,否,	,否,否,,	,否,	,否,,,否
VIOMI云米净水器小海豚600G+升级版厨下式RO反渗透直饮家用,260124-221973123402691,已发货，待收货,1	,正常,2026-01-24 09:50:34,2026-01-25 09:50:34,,2026-01-24 17:15:41,	,852161740747	,小海豚600G+升级版,1835709207960	,厨房电器,净水器/净水设备及配件耗材,净水器,	,6923185653684	,	,	,	,无售后或售后取消,,2026-01-24 09:50:34,	,,,,,,,否,否,	,否,	,,559.0	,0.0	,0.0	,60.0	,0.2	,0.0	,0.0	,0.0	,499.0	,559.0	,JDV025313822593,京东大件物流,上海市,上海市,浦东新区,,,否,否,	,	,	,否,	,	,	,	,	,	,	,	,	,	,	,	,否,否,	,否,否,,	,否,	,否,,,否
新品首发 Viomi云米 小海豚3上市RO净水器5年长效反渗透净水器,260124-262940956223179,已发货，待收货,1	,正常,2026-01-24 09:44:05,2026-01-25 09:44:05,,2026-01-24 17:15:41,	,862873034610	,小海豚3（原装滤芯）（包安装）,1825244823454	,厨房电器,净水器/净水设备及配件耗材,净水器,	,6923185605867	,	,	,	,无售后或售后取消,,2026-01-24 09:44:05,	,,,,,,,否,否,	,否,	,,498.9	,0.0	,0.0	,0.0	,0.0	,0.0	,0.0	,0.0	,498.9	,498.9	,JDV025314296623,京东大件物流,广西壮族自治区,南宁市,青秀区,,,否,否,	,	,	,否,	,	,	,	,	,	,	,	,	,	,	,	,否,否,	,否,否,,	,否,	,否,,,否
VIOMI云米 复合滤芯五合一,260124-515438068113905,已发货，退款成功,1	,正常,2026-01-24 09:29:10,2026-01-26 09:29:11,	,2026-01-24 17:15:41,	,872941778883	,小海豚600G+适用,1830543217502	,厨房电器,净水器/净水设备及配件耗材,净水器配件耗材,	,6923185627425	,	,ZX2601250061822拦截 TH2C956399668已审核 待拦截退回仓库 1.25梓晖,	,退款成功,,2026-01-24 09:29:11,	,,,,,,,否,否,	,否,	,,298.0	,0.0	,0.0	,0.0	,0.0	,0.0	,0.0	,0.0	,298.0	,298.0	,JDV025314324066,京东大件物流,****,****,****,****,,否,否,	,	,	,否,	,	,	,	,	,	,	,	,	,	,	,	,否,否,	,否,否,,	,否,	,否,,,否
云米60L速热电热水器3000W一级节能变频增容租房安全已接入米家AP,260124-118027784551168,已发货，待收货,1	,正常,2026-01-24 09:26:04,2026-01-25 09:26:05,,2026-01-24 17:15:40,	,208071231700	,双管变频速热60L,1660917678582	,大家电,热水器,电热水器,	,6923185602224	,6923185602224	,	,	,无售后或售后取消,,2026-01-24 09:26:05,	,,,,,,,否,否,	,否,	,,656.0	,0.0	,0.0	,50.0	,0.0	,0.0	,0.0	,0.0	,606.0	,656.0	,JDV025314335657,京东大件物流,湖南省,娄底市,双峰县,,,否,否,	,	,	,否,	,	,	,	,	,	,	,	,	,	,	,	,否,否,	,否,否,,	,否,	,否,,,否
云米3000W速热电热水器家用浴室免换镁棒一级能效抑菌内胆免清洗,260124-483917862463182,已发货，待收货,1	,正常,2026-01-24 09:21:57,2026-01-25 09:21:57,,2026-01-24 17:15:42,	,369876178838	,速热3000W免换镁棒电热水器60L,1799960621871	,大家电,热水器,电热水器,	,6923185611899	,6923185611882	,	,	,无售后或售后取消,,2026-01-24 09:21:57,	,,,,,,,否,否,	,否,	,,1099.0	,0.0	,300.0	,0.0	,1.59	,0.0	,0.0	,0.0	,799.0	,799.0	,JDV025314287623,京东大件物流,福建省,厦门市,思明区,,,否,否,	,	,	,否,	,	,	,	,	,	,	,	,	,	,	,	,否,否,	,否,否,,	,否,	,否,,,否
VIOMI云米净水器小海豚600G+升级版厨下式RO反渗透直饮家用,260124-518415982182065,已发货，待收货,1	,正常,2026-01-24 09:20:49,2026-01-25 09:20:49,	,2026-01-24 17:15:41,	,852161740747	,小海豚600G+升级版,1835709207960	,厨房电器,净水器/净水设备及配件耗材,净水器,	,6923185653684	,	,	,	,无售后或售后取消,,2026-01-24 09:20:49,	,,,,,,,否,否,	,否,	,,559.0	,0.0	,0.0	,0.0	,0.0	,0.0	,0.0	,0.0	,559.0	,559.0	,JDV025314278290,京东大件物流,广东省,湛江市,雷州市,,,否,否,	,	,	,否,	,	,	,	,	,	,	,	,	,	,	,	,否,否,	,否,否,,	,否,	,否,,,否
VIOMI云米净水器小海豚600G+升级版厨下式RO反渗透直饮家用,260124-400828679780160,已取消,1	,正常,	,	,,	,	,852161740747	,小海豚600G+升级版,1835709207960	,厨房电器,净水器/净水设备及配件耗材,净水器,	,6923185653684	,	,	,	,无售后或售后取消,,	,	,,,,,,,否,否,	,否,	,,559.0	,0.0	,0.0	,60.0	,0.0	,0.0	,0.0	,0.0	,499.0	,559.0	,	,	,****,****,****,****,,否,否,	,	,	,否,	,	,	,	,	,	,	,	,	,	,	,	,否,否,	,否,	,,	,否,	,否,,,否
新品首发 Viomi云米 小海豚3上市RO净水器5年长效反渗透净水器,260124-302084309310868,已发货，待收货,1	,正常,2026-01-24 08:41:29,2026-01-25 08:41:29,,2026-01-24 17:15:41,	,862873034610	,小海豚3（原装滤芯）（包安装）,1825244823454	,厨房电器,净水器/净水设备及配件耗材,净水器,	,6923185605867	,	,晒图评价赠送1年延保+20元,	,无售后或售后取消,,2026-01-24 08:41:29,	,,,,,,,否,否,	,否,	,,498.9	,0.0	,0.0	,0.0	,0.0	,0.0	,0.0	,0.0	,498.9	,498.9	,JDV025314324281,京东大件物流,广东省,广州市,白云区,,,否,否,	,	,	,否,	,	,	,	,	,	,	,	,	,	,	,	,否,否,	,否,否,,	,否,	,否,,,否
VIOMI云米净水器小海豚600G+升级版厨下式RO反渗透直饮家用,260124-431803646273189,已取消,1	,正常,	,	,,	,	,852161740747	,小海豚600G+升级版,1835709207960	,厨房电器,净水器/净水设备及配件耗材,净水器,	,6923185653684	,	,	,	,无售后或售后取消,,	,	,,,,,,,否,否,	,否,	,,559.0	,0.0	,0.0	,0.0	,0.0	,0.0	,0.0	,0.0	,559.0	,559.0	,	,	,****,****,****,****,,否,否,	,	,	,否,	,	,	,	,	,	,	,	,	,	,	,	,否,否,	,否,	,,	,否,	,否,,,否
VIOMI云米净水器小海豚600G+升级版厨下式RO反渗透直饮家用,260124-512806152492238,已取消,1	,正常,	,	,,	,	,852161740747	,小海豚600G+升级版,1835709207960	,厨房电器,净水器/净水设备及配件耗材,净水器,	,6923185653684	,	,	,	,无售后或售后取消,,	,	,,,,,,,否,否,	,否,	,,559.0	,0.0	,0.0	,0.0	,0.0	,0.0	,0.0	,0.0	,559.0	,559.0	,	,	,****,****,****,****,,否,否,	,	,	,否,	,	,	,	,	,	,	,	,	,	,	,	,否,否,	,否,	,,	,否,	,否,,,否
VIOMI云米净水器小海豚600G+升级版厨下式RO反渗透直饮家用,260124-628474581352353,已发货，待收货,1	,正常,2026-01-24 08:15:36,2026-01-25 08:15:36,,2026-01-24 17:15:42,	,852161740747	,小海豚600G+升级版,1835709207960	,厨房电器,净水器/净水设备及配件耗材,净水器,	,6923185653684	,	,	,	,无售后或售后取消,,2026-01-24 08:15:36,	,,,,,,,否,否,	,否,	,,559.0	,0.0	,0.0	,60.0	,0.0	,0.0	,0.0	,0.0	,499.0	,559.0	,JDV025309429674,京东大件物流,黑龙江省,齐齐哈尔市,龙沙区,,,否,否,	,	,	,否,	,	,	,	,	,	,	,	,	,	,	,	,否,否,	,否,否,,	,否,	,否,,,否
VIOMI云米净水器小海豚600G+升级版厨下式RO反渗透直饮家用,260124-406910452072353,已取消,1	,正常,	,	,,	,	,852161740747	,小海豚600G+升级版,1835709207960	,厨房电器,净水器/净水设备及配件耗材,净水器,	,6923185653684	,	,	,	,无售后或售后取消,,	,	,,,,,,,否,否,	,否,	,,559.0	,0.0	,0.0	,0.0	,0.0	,0.0	,0.0	,0.0	,559.0	,559.0	,	,	,****,****,****,****,,否,否,	,	,	,否,	,	,	,	,	,	,	,	,	,	,	,	,否,否,	,否,	,,	,否,	,否,,,否
VIOMI 云米净水器600G小海豚升级版厨下式RO反渗透直饮家用,260124-677401085443407,已发货，待收货,1	,正常,2026-01-24 08:06:29,2026-01-25 08:06:30,	,2026-01-24 17:15:42,	,225501370546	,小海豚600G,1813468330532	,厨房电器,净水器/净水设备及配件耗材,净水器,	,6923185653684	,6923185616399	,	,	,无售后或售后取消,,2026-01-24 08:06:30,	,,,,,,,否,否,	,否,	,,619.0	,0.0	,0.0	,100.0	,0.0	,0.0	,0.0	,0.0	,519.0	,619.0	,JDV025313813396,京东大件物流,上海市,上海市,浦东新区,,,否,否,	,	,	,否,	,	,	,	,	,	,	,	,	,	,	,	,否,否,	,否,否,,	,否,	,否,,,否
新品首发 Viomi云米 小海豚3上市RO净水器5年长效反渗透净水器,260124-013044323970643,未发货，退款成功,1	,正常,2026-01-24 08:03:43,2026-01-25 08:03:43,,	,	,862873034610	,小海豚3（原装滤芯）（包安装）,1825244823454	,厨房电器,净水器/净水设备及配件耗材,净水器,	,6923185605867	,	,聚水潭已取消发货 已退款1.24梓晖,	,退款成功,,2026-01-24 08:03:43,	,,,,,,,否,否,	,否,	,,498.9	,0.0	,0.0	,49.69	,0.0	,0.0	,0.0	,0.0	,449.21	,498.9	,	,	,****,****,****,****,,否,否,	,	,	,否,	,	,	,	,	,	,	,	,	,	,	,	,否,否,	,否,否,,	,否,	,否,,,否
VIOMI云米净水器小海豚600G+升级版厨下式RO反渗透直饮家用,260124-245576506931969,已取消,1	,正常,	,	,,	,	,852161740747	,小海豚600G+升级版,1835709207960	,厨房电器,净水器/净水设备及配件耗材,净水器,	,6923185653684	,	,	,	,无售后或售后取消,,	,	,,,,,,,否,否,	,否,	,,559.0	,0.0	,0.0	,0.0	,0.0	,0.0	,0.0	,0.0	,559.0	,559.0	,	,	,****,****,****,****,,否,否,	,	,	,否,	,	,	,	,	,	,	,	,	,	,	,	,否,否,	,否,	,,	,否,	,否,,,否
VIOMI云米净水器小海豚600G+升级版厨下式RO反渗透直饮家用,260124-633843238451969,未发货，退款成功,1	,正常,2026-01-24 07:37:00,2026-01-25 07:37:00,,	,	,852161740747	,小海豚600G+升级版,1835709207960	,厨房电器,净水器/净水设备及配件耗材,净水器,	,6923185653684	,	,TH2C156838355退货单=OFC已取消发货1.24丹丹,	,退款成功,,2026-01-24 07:37:00,	,,,,,,,否,否,	,否,	,,559.0	,0.0	,0.0	,50.0	,0.0	,0.0	,0.0	,0.0	,509.0	,559.0	,	,	,****,****,****,****,,否,否,	,	,	,否,	,	,	,	,	,	,	,	,	,	,	,	,否,否,	,否,是,3	,商家,否,	,否,,信用卡分期,否
云米净水器600G小海豚升级版厨下式RO反渗透直饮家用,260124-374698186390463,已发货，待收货,1	,正常,2026-01-24 16:30:21,2026-01-25 16:30:21,,2026-01-25 08:46:11,	,852932116812	,小海豚600G+6年滤芯套装,1812983769340	,厨房电器,净水器/净水设备及配件耗材,净水器,	,S2508151538001,	,	,	,无售后或售后取消,,2026-01-24 16:30:21,	,,,,,,,否,否,	,否,	,,772.0	,0.0	,0.0	,100.0	,0.0	,0.0	,0.0	,0.0	,672.0	,772.0	,JDV025319723173,京东大件物流,四川省,达州市,宣汉县,,,否,否,	,	,	,否,	,	,	,	,	,	,	,	,	,	,	,	,否,否,	,否,否,,	,否,	,否,,,否
VIOMI云米净水器小海豚600G+升级版厨下式RO反渗透直饮家用,260124-340283963750965,已发货，待收货,1	,正常,2026-01-24 05:35:14,2026-01-25 05:35:14,,2026-01-24 13:27:50,	,852161740747	,小海豚600G+升级版,1835709207960	,厨房电器,净水器/净水设备及配件耗材,净水器,	,6923185653684	,	,	,	,无售后或售后取消,,2026-01-24 05:35:14,	,,,,,,,否,否,	,否,	,,559.0	,0.0	,0.0	,0.0	,0.0	,0.0	,0.0	,0.0	,559.0	,559.0	,JDV025308830304,京东大件物流,福建省,漳州市,龙海区,,,否,否,	,	,	,否,	,	,	,	,	,	,	,	,	,	,	,	,否,否,	,否,否,,	,否,	,否,,,否
VIOMI 云米净水器600G小海豚升级版厨下式RO反渗透直饮家用,260124-609862315622818,已取消,1	,正常,	,	,,	,	,225501370546	,小海豚600G,1813468330532	,厨房电器,净水器/净水设备及配件耗材,净水器,	,6923185653684	,6923185616399	,	,	,无售后或售后取消,,	,	,,,,,,,否,否,	,否,	,,619.0	,0.0	,0.0	,80.47	,0.0	,0.0	,0.0	,0.0	,538.53	,619.0	,	,	,****,****,****,****,,否,否,	,	,	,否,	,	,	,	,	,	,	,	,	,	,	,	,否,否,	,否,	,,	,否,	,否,,,否
云米60L速热电热水器3000W一级节能变频增容租房安全已接入米家AP,260124-515060580770797,已取消,1	,正常,	,	,,	,	,208071231700	,双管变频速热60L,1660917678582	,大家电,热水器,电热水器,	,6923185602224	,6923185602224	,	,	,无售后或售后取消,,	,	,,,,,,,否,否,	,否,	,,656.0	,0.0	,0.0	,0.0	,0.0	,0.0	,0.0	,0.0	,656.0	,656.0	,	,	,****,****,****,****,,否,否,	,	,	,否,	,	,	,	,	,	,	,	,	,	,	,	,否,否,	,否,	,,	,否,	,否,,,否
VIOMI 云米净水器600G小海豚升级版厨下式RO反渗透直饮家用,260124-558010211931081,已发货，待收货,1	,正常,2026-01-24 02:25:07,2026-01-25 02:25:07,,2026-01-24 13:27:50,	,225501370546	,小海豚600G,1813468330532	,厨房电器,净水器/净水设备及配件耗材,净水器,	,6923185653684	,6923185616399	,	,	,无售后或售后取消,,2026-01-24 02:25:07,	,,,,,,,否,否,	,否,	,,619.0	,0.0	,0.0	,100.0	,0.0	,0.0	,0.0	,0.0	,519.0	,619.0	,JDV025308827800,京东大件物流,广东省,肇庆市,端州区,,,否,否,	,	,	,否,	,	,	,	,	,	,	,	,	,	,	,	,否,否,	,否,否,,	,否,	,否,,,否
云米净水器600G小海豚升级版厨下式RO反渗透直饮家用,260124-182756329110014,未发货，退款成功,1	,正常,2026-01-24 02:06:17,2026-01-25 02:06:17,,	,	,852932116812	,小海豚600G+6年滤芯套装,1812983769340	,厨房电器,净水器/净水设备及配件耗材,净水器,	,S2508151538001,	,聚水潭已取消发货 已退款1.24梓晖,	,退款成功,,2026-01-24 02:06:17,	,,,,,,,否,否,	,否,	,,772.0	,0.0	,36.0	,24.0	,3.0	,0.0	,0.0	,0.0	,712.0	,736.0	,	,	,****,****,****,****,,否,否,	,	,	,否,	,	,	,	,	,	,	,	,	,	,	,	,否,否,	,否,否,,	,否,	,否,,,否
云米净水器600G小海豚升级版厨下式RO反渗透直饮家用,260124-227876616542030,已取消,1	,正常,	,	,,	,	,852932116812	,小海豚600G+6年滤芯套装,1812983769340	,厨房电器,净水器/净水设备及配件耗材,净水器,	,S2508151538001,	,	,	,无售后或售后取消,,	,	,,,,,,,否,否,	,否,	,,772.0	,0.0	,36.0	,24.0	,0.0	,0.0	,0.0	,0.0	,712.0	,736.0	,	,	,****,****,****,****,,否,否,	,	,	,否,	,	,	,	,	,	,	,	,	,	,	,	,否,否,	,否,	,,	,否,	,否,,,否
VIOMI云米净水器小海豚600G+升级版厨下式RO反渗透直饮家用,260124-632773701171969,未发货，退款成功,1	,正常,2026-01-24 00:52:18,2026-01-25 00:52:18,,	,	,852161740747	,小海豚600G+升级版,1835709207960	,厨房电器,净水器/净水设备及配件耗材,净水器,	,6923185653684	,	,ZX2601240062557拦截 1.24梓晖 TH2C521437586未发出，OFC已取消发货1.24丹丹,	,退款成功,,2026-01-24 00:52:18,	,,,,,,,否,否,	,否,	,,559.0	,0.0	,0.0	,50.0	,0.0	,0.0	,0.0	,0.0	,509.0	,559.0	,	,	,****,****,****,****,,否,否,	,	,	,否,	,	,	,	,	,	,	,	,	,	,	,	,否,否,	,否,是,3	,商家,否,	,否,,信用卡分期,否
云米60L速热电热水器3000W一级节能变频增容租房安全已接入米家AP,260124-485574644122221,已发货，待收货,1	,正常,2026-01-24 00:49:39,2026-01-25 00:49:39,	,2026-01-24 13:27:50,	,208071231700	,双管变频速热60L,1660917678582	,大家电,热水器,电热水器,	,6923185602224	,6923185602224	,	,	,无售后或售后取消,,2026-01-24 00:49:39,	,,,,,,,否,否,	,否,	,,656.0	,0.0	,0.0	,15.0	,0.0	,0.0	,0.0	,0.0	,641.0	,656.0	,JDV025308827728,京东大件物流,广东省,揭阳市,榕城区,,,否,否,	,	,	,否,	,	,	,	,	,	,	,	,	,	,	,	,否,否,	,否,否,,	,否,	,否,,,否
VIOMI 云米净水器600G小海豚升级版厨下式RO反渗透直饮家用,260124-007193291123318,已收货,1	,正常,2026-01-24 00:43:39,2026-01-25 00:43:39,,2026-01-24 13:27:51,2026-01-25 17:46:21,225501370546	,小海豚600G,1813468330532	,厨房电器,净水器/净水设备及配件耗材,净水器,	,6923185653684	,6923185616399	,	,	,无售后或售后取消,,2026-01-24 00:43:39,	,,,,,,,否,否,	,否,	,,619.0	,0.0	,0.0	,99.04	,0.0	,0.0	,0.0	,0.0	,519.96	,619.0	,JDV025307588248,京东大件物流,****,****,****,****,,否,否,	,	,	,否,	,	,	,	,	,	,	,	,	,	,	,	,否,否,	,否,否,,	,否,	,否,,,否
VIOMI 云米净水器600G小海豚升级版厨下式RO反渗透直饮家用,260124-633392361014050,已取消,1	,正常,	,	,,	,	,225501370546	,小海豚600G,1813468330532	,厨房电器,净水器/净水设备及配件耗材,净水器,	,6923185653684	,6923185616399	,	,	,无售后或售后取消,,	,	,,,,,,,否,否,	,否,	,,619.0	,0.0	,0.0	,80.47	,0.0	,0.0	,0.0	,0.0	,538.53	,619.0	,	,	,****,****,****,****,,否,否,	,	,	,否,	,	,	,	,	,	,	,	,	,	,	,	,否,否,	,否,	,,	,否,	,否,,,否
VIOMI 云米净水器600G小海豚升级版厨下式RO反渗透直饮家用,260124-137699008113825,已发货，待收货,1	,正常,2026-01-24 00:10:11,2026-01-25 00:10:11,,2026-01-24 13:27:51,	,225501370546	,小海豚600G,1813468330532	,厨房电器,净水器/净水设备及配件耗材,净水器,	,6923185653684	,6923185616399	,	,	,无售后或售后取消,,2026-01-24 00:10:11,	,,,,,,,否,否,	,否,	,,619.0	,0.0	,0.0	,80.47	,1.07	,0.0	,0.0	,0.0	,538.53	,619.0	,JDV025309162457,京东大件物流,河南省,商丘市,永城市,,,否,否,	,	,	,否,	,	,	,	,	,	,	,	,	,	,	,	,否,否,	,否,否,,	,否,	,否,,,否
VIOMI云米净水器小海豚600G+升级版厨下式RO反渗透直饮家用,260124-381608271391962,已取消,1	,正常,	,	,,	,	,852161740747	,小海豚600G+升级版,1835709207960	,厨房电器,净水器/净水设备及配件耗材,净水器,	,6923185653684	,	,	,	,无售后或售后取消,,	,	,,,,,,,否,否,	,否,	,,559.0	,0.0	,0.0	,3.0	,0.0	,0.0	,0.0	,0.0	,556.0	,559.0	,	,	,****,****,****,****,,否,否,	,	,	,否,	,	,	,	,	,	,	,	,	,	,	,	,否,否,	,否,	,,	,否,	,否,,,否
云米电热水器40升洗澡家用租房储水式速热抑菌节能省电安全卫生间,260123-551131573761527,已发货，待收货,1	,正常,2026-01-23 23:39:50,2026-01-24 23:39:51,,2026-01-24 19:57:59,	,661859626284	,"速热抑菌洗-40L,小海豚热水器",1750073590149	,大家电,热水器,电热水器,	,6923185681281	,6923185681281	,	,	,无售后或售后取消,,2026-01-23 23:39:51,	,,,,,,,否,否,	,否,	,,399.0	,0.0	,0.0	,100.0	,0.0	,0.0	,0.0	,0.0	,299.0	,399.0	,JDLD12974513144,京东大件物流,广西壮族自治区,北海市,合浦县,,,否,否,	,	,	,否,	,	,	,	,	,	,	,	,	,	,	,	,否,否,	,否,否,,	,否,	,否,,,否
云米蓝调2PRO燃气热水器静音节能水伺服恒温语音控制智控节能变频,260123-653273413960207,已发货，待收货,1	,正常,2026-01-23 23:27:16,2026-01-24 23:27:16,,2026-01-24 11:49:38,	,852010588191	,2PRO燃气热水器【静音节能】,1812265470712	,大家电,热水器,燃气热水器,	,6923185656869	,6923185656869	,	,	,无售后或售后取消,,2026-01-23 23:27:16,	,,,,,,,否,否,	,否,	,,898.99	,0.0	,0.0	,0.0	,0.0	,0.0	,0.0	,0.0	,898.99	,898.99	,JDV025308821357,京东大件物流,四川省,自贡市,自流井区,,,否,否,	,	,	,否,	,	,	,	,	,	,	,	,	,	,	,	,否,否,	,否,否,,	,否,	,否,,,否
VIOMI云米净水器小海豚600G+升级版厨下式RO反渗透直饮家用,260123-535617871471612,已发货，待收货,1	,正常,2026-01-23 23:02:08,2026-01-24 23:02:08,,2026-01-24 13:27:50,	,852161740747	,小海豚600G+升级版,1835709207960	,厨房电器,净水器/净水设备及配件耗材,净水器,	,6923185653684	,	,	,	,无售后或售后取消,,2026-01-23 23:02:08,	,,,,,,,否,否,	,否,	,,559.0	,0.0	,0.0	,0.0	,0.0	,0.0	,0.0	,0.0	,559.0	,559.0	,JDV025307674486,京东大件物流,陕西省,汉中市,南郑区,,,否,否,	,	,	,否,	,	,	,	,	,	,	,	,	,	,	,	,否,否,	,否,否,,	,否,	,否,,,否
VIOMI 云米净水器600G小海豚升级版厨下式RO反渗透直饮家用,260123-046347139502163,已取消,1	,正常,	,	,,	,	,225501370546	,小海豚600G,1813468330532	,厨房电器,净水器/净水设备及配件耗材,净水器,	,6923185653684	,6923185616399	,	,	,无售后或售后取消,,	,	,,,,,,,否,否,	,否,	,,619.0	,0.0	,0.0	,70.0	,0.0	,0.0	,0.0	,0.0	,549.0	,619.0	,	,	,****,****,****,****,,否,否,	,	,	,否,	,	,	,	,	,	,	,	,	,	,	,	,否,否,	,否,	,,	,否,	,否,,,否
云米60L速热电热水器3000W一级节能变频增容租房安全已接入米家AP,260123-428353809973099,已发货，待收货,1	,正常,2026-01-23 22:52:52,2026-01-24 22:52:52,,2026-01-24 11:49:37,	,208071231700	,双管变频速热60L,1660917678582	,大家电,热水器,电热水器,	,6923185602224	,6923185602224	,嗮图赠送花洒 [viomi小甜心 01/23 23:05],	,无售后或售后取消,,2026-01-23 22:52:52,	,,,,,,,否,否,	,否,	,,656.0	,0.0	,0.0	,28.0	,0.0	,0.0	,0.0	,0.0	,628.0	,656.0	,JDV025308821501,京东大件物流,浙江省,温州市,永嘉县,,,否,否,	,	,	,否,	,	,	,	,	,	,	,	,	,	,	,	,否,是,	,否,是,3	,商家,否,	,否,,信用卡分期,否
VIOMI云米净水器小海豚600G+升级版厨下式RO反渗透直饮家用,260123-628893969993302,未发货，退款成功,1	,正常,2026-01-23 22:33:45,2026-01-24 22:33:45,,	,	,852161740747	,小海豚600G+升级版,1835709207960	,厨房电器,净水器/净水设备及配件耗材,净水器,	,6923185653684	,	,ZX2601240062557拦截 1.24梓晖 TH2C549798458未发出OFC已取消发货1.24丹丹 ,	,退款成功,,2026-01-23 22:33:45,	,,,,,,,否,否,	,否,	,,559.0	,0.0	,0.0	,60.0	,0.0	,0.0	,0.0	,0.0	,499.0	,559.0	,	,	,****,****,****,****,,否,否,	,	,	,否,	,	,	,	,	,	,	,	,	,	,	,	,否,否,	,否,否,,	,否,	,否,,,否
云米净水器600G小海豚升级版厨下式RO反渗透直饮家用,260123-667429159211940,已发货，待收货,1	,正常,2026-01-23 22:33:32,2026-01-24 22:33:32,,2026-01-24 11:49:38,	,852932116812	,小海豚600G+6年滤芯套装,1812983769340	,厨房电器,净水器/净水设备及配件耗材,净水器,	,S2508151538001,	,	,	,无售后或售后取消,,2026-01-23 22:33:32,	,,,,,,,否,否,	,否,	,,772.0	,0.0	,36.0	,24.0	,0.0	,0.0	,0.0	,0.0	,712.0	,736.0	,JDV025306635365,京东大件物流,北京市,北京市,通州区,,,否,否,	,	,	,否,	,	,	,	,	,	,	,	,	,	,	,	,否,否,	,否,否,,	,否,	,否,,,否
VIOMI云米净水器小海豚600G+升级版厨下式RO反渗透直饮家用,260123-176758464110926,未发货，退款成功,1	,正常,2026-01-23 22:24:50,2026-01-24 22:24:51,,	,	,852161740747	,小海豚600G+升级版,1835709207960	,厨房电器,净水器/净水设备及配件耗材,净水器,	,6923185653684	,	,聚水潭已取消发货 已退款1.24梓晖,	,退款成功,,2026-01-23 22:24:51,	,,,,,,,否,否,	,否,	,,559.0	,0.0	,0.0	,60.0	,0.0	,0.0	,0.0	,0.0	,499.0	,559.0	,	,	,****,****,****,****,,否,否,	,	,	,否,	,	,	,	,	,	,	,	,	,	,	,	,否,否,	,否,否,,	,否,	,否,,,否
VIOMI云米净水器小海豚600G+升级版厨下式RO反渗透直饮家用,260123-130558257501872,已发货，待收货,1	,正常,2026-01-23 22:15:05,2026-01-24 22:15:05,,2026-01-24 11:49:38,	,852161740747	,小海豚600G+升级版,1835709207960	,厨房电器,净水器/净水设备及配件耗材,净水器,	,6923185653684	,	,	,	,无售后或售后取消,,2026-01-23 22:15:05,	,,,,,,,否,否,	,否,	,,559.0	,0.0	,0.0	,0.0	,1.11	,0.0	,0.0	,0.0	,559.0	,559.0	,JDV025306608905,京东大件物流,山西省,晋中市,寿阳县,,,否,否,	,	,	,否,	,	,	,	,	,	,	,	,	,	,	,	,否,否,	,否,否,,	,否,	,否,,,否
VIOMI云米净水器小海豚600G+升级版厨下式RO反渗透直饮家用,260123-652969306403536,已取消,1	,正常,	,	,,	,	,852161740747	,小海豚600G+升级版,1835709207960	,厨房电器,净水器/净水设备及配件耗材,净水器,	,6923185653684	,	,	,	,无售后或售后取消,,	,	,,,,,,,否,否,	,否,	,,559.0	,0.0	,0.0	,0.0	,0.0	,0.0	,0.0	,0.0	,559.0	,559.0	,	,	,****,****,****,****,,否,否,	,	,	,否,	,	,	,	,	,	,	,	,	,	,	,	,否,否,	,否,	,,	,否,	,否,,,否
云米蓝调2PRO燃气热水器静音节能水伺服恒温语音控制智控节能变频,260123-669410936423322,未发货，退款成功,1	,正常,2026-01-23 21:45:01,2026-01-24 21:45:01,,	,	,852010588191	,2PRO燃气热水器【静音节能】,1812265470712	,大家电,热水器,燃气热水器,	,6923185656869	,6923185656869	,直播间中奖10元红包 ZX2601240062557拦截 1.24梓晖 TH2C668473125待拦截退回填写单号1.24丹丹 ,	,退款成功,,2026-01-23 21:45:01,	,,,,,,,否,否,	,否,	,,898.99	,0.0	,0.0	,0.0	,0.0	,0.0	,0.0	,0.0	,898.99	,898.99	,	,	,****,****,****,****,,否,否,	,	,	,否,	,	,	,	,	,	,	,	,	,	,	,	,是,是,	,否,否,,	,否,	,否,,,否
云米净水器滤芯PP棉前置后置RO反渗透1号2号3号4号通用装C/V系列,260123-362230617651022,已发货，待收货,1	,正常,2026-01-23 21:41:42,2026-01-25 21:41:43,,2026-01-24 13:27:51,	,205467667434	,1号PP棉滤芯超能升级版,760402645809	,厨房电器,净水器/净水设备及配件耗材,净水器配件耗材,	,6923185600190	,	,	,	,无售后或售后取消,,2026-01-23 21:41:43,	,,,,,,,否,否,	,否,	,,39.0	,0.0	,0.0	,0.0	,0.0	,0.0	,0.0	,0.0	,39.0	,39.0	,JDV025308829563,京东大件物流,湖南省,衡阳市,常宁市,,,否,否,	,	,	,否,	,	,	,	,	,	,	,	,	,	,	,	,否,否,	,否,否,,	,否,	,否,,,否
VIOMI云米净水器小海豚600G+升级版厨下式RO反渗透直饮家用,260123-666432990744023,已发货，待收货,1	,正常,2026-01-23 21:29:44,2026-01-24 21:29:44,,2026-01-24 11:49:38,	,852161740747	,小海豚600G+升级版,1835709207960	,厨房电器,净水器/净水设备及配件耗材,净水器,	,6923185653684	,	,直播间中奖10元红包,	,无售后或售后取消,,2026-01-23 21:29:44,	,,,,,,,否,否,	,否,	,,559.0	,0.0	,0.0	,0.0	,1.11	,0.0	,0.0	,0.0	,559.0	,559.0	,JDV025309103158,京东大件物流,河南省,郑州市,惠济区,,,否,否,	,	,	,否,	,	,	,	,	,	,	,	,	,	,	,	,是,是,	,否,否,,	,否,	,否,,,否
云米56L蒸烤一体机嵌入式家用厨房多功能电蒸箱烤箱二合一大容量,260123-611057692310513,已发货，待收货,1	,正常,2026-01-23 21:29:06,2026-01-24 21:29:07,	,2026-01-24 23:27:32,	,764094861934	,【56L大容量】蒸烤一体机,1749094539007	,大家电,全屋互联网智能电器,全屋互联网智能电器,	,6923185620136	,6923185620136	,	,	,无售后或售后取消,,2026-01-23 21:29:07,	,,,,,,,否,否,	,否,	,,2216.0	,0.0	,137.0	,80.0	,0.0	,0.0	,0.0	,0.0	,1999.0	,2079.0	,JDLD12974479230,京东大件物流,浙江省,杭州市,上城区,,,否,否,	,	,	,否,	,	,	,	,	,	,	,	,	,	,	,	,否,是,	,否,否,,	,否,	,否,,,否
云米净水器600G小海豚升级版厨下式RO反渗透直饮家用,260123-121970440582556,已发货，待收货,1	,正常,2026-01-23 21:27:29,2026-01-24 21:27:29,,2026-01-24 11:49:38,	,852932116812	,小海豚600G+6年滤芯套装,1812983769340	,厨房电器,净水器/净水设备及配件耗材,净水器,	,S2508151538001,	,	,	,无售后或售后取消,,2026-01-23 21:27:29,	,,,,,,,否,否,	,否,	,,772.0	,0.0	,36.0	,24.0	,1.42	,0.0	,0.0	,0.0	,712.0	,736.0	,JDV025305623119,京东大件物流,山东省,青岛市,市南区,,,否,否,	,	,	,否,	,	,	,	,	,	,	,	,	,	,	,	,否,是,	,否,否,,	,否,	,否,,,否
云米60L速热电热水器3000W一级节能变频增容租房安全已接入米家AP,260123-364107568781892,未发货，退款成功,1	,审核中，请勿发货,2026-01-23 21:25:49,2026-01-24 21:25:49,,	,	,208071231700	,双管变频速热60L,1660917678582	,大家电,热水器,电热水器,	,6923185602224	,6923185602224	,聚水潭已取消发货 已退款1.24梓晖,	,退款成功,,2026-01-23 21:25:49,	,,,,,,,否,否,	,否,	,,656.0	,0.0	,0.0	,32.0	,0.0	,0.0	,0.0	,0.0	,624.0	,656.0	,	,	,****,****,****,****,,否,否,	,	,	,否,	,	,	,	,	,	,	,	,	,	,	,	,否,否,	,否,	,,	,否,	,否,,,否
云米净水器600G小海豚升级版厨下式RO反渗透直饮家用,260123-136660980102556,已取消,1	,正常,	,	,,	,	,852932116812	,小海豚600G+6年滤芯套装,1812983769340	,厨房电器,净水器/净水设备及配件耗材,净水器,	,S2508151538001,	,	,	,无售后或售后取消,,	,	,,,,,,,否,否,	,否,	,,772.0	,0.0	,36.0	,24.0	,0.0	,0.0	,0.0	,0.0	,712.0	,736.0	,	,	,****,****,****,****,,否,否,	,	,	,否,	,	,	,	,	,	,	,	,	,	,	,	,否,否,	,否,	,,	,否,	,否,,,否
VIOMI 云米净水器600G小海豚升级版厨下式RO反渗透直饮家用,260123-577241137552444,已收货,1	,正常,2026-01-23 21:13:00,2026-01-24 21:13:00,	,2026-01-24 10:17:04,2026-01-25 12:48:19,225501370546	,小海豚600G,1813468330532	,厨房电器,净水器/净水设备及配件耗材,净水器,	,6923185653684	,6923185616399	,	,	,无售后或售后取消,,2026-01-23 21:13:00,	,,,,,,,否,否,	,否,	,,619.0	,0.0	,0.0	,92.85	,0.0	,0.0	,0.0	,0.0	,526.15	,619.0	,JDV025308820852,京东大件物流,****,****,****,****,,否,否,	,	,	,否,	,	,	,	,	,	,	,	,	,	,	,	,否,是,	,否,否,,	,否,	,否,,,否
VIOMI云米 复合滤芯五合一,260123-651847298570143,已收货,1	,正常,2026-01-23 21:11:51,2026-01-25 21:11:52,,2026-01-24 13:27:51,2026-01-25 16:40:44,872941778883	,小海豚600G适用,1830545935279	,厨房电器,净水器/净水设备及配件耗材,净水器配件耗材,	,6923185627425	,	,	,	,无售后或售后取消,,2026-01-23 21:11:52,	,,,,,,,否,否,	,否,	,,298.0	,0.0	,0.0	,0.0	,0.0	,0.0	,0.0	,0.0	,298.0	,298.0	,JDV025309116952,京东大件物流,****,****,****,****,,否,否,	,	,	,否,	,	,	,	,	,	,	,	,	,	,	,	,否,否,	,否,否,,	,否,	,否,,,否
云米60L速热电热水器3000W一级节能变频增容租房安全已接入米家AP,260123-343492544110953,已取消,1	,正常,	,	,,	,	,208071231700	,双管变频速热60L,1660917678582	,大家电,热水器,电热水器,	,6923185602224	,6923185602224	,	,	,无售后或售后取消,,	,	,,,,,,,否,否,	,否,	,,656.0	,0.0	,0.0	,0.0	,0.0	,0.0	,0.0	,0.0	,656.0	,656.0	,	,	,****,****,****,****,,否,否,	,	,	,否,	,	,	,	,	,	,	,	,	,	,	,	,否,否,	,否,	,,	,否,	,否,,,否
新品首发 Viomi云米 小海豚3上市RO净水器5年长效反渗透净水器,260123-170047608371367,已发货，待收货,1	,正常,2026-01-23 20:41:36,2026-01-24 20:41:37,,2026-01-24 15:48:59,	,862873034610	,小海豚3+2支复合滤芯（包安装）,1825244823453	,厨房电器,净水器/净水设备及配件耗材,净水器,	,S2512250943001,	,	,	,无售后或售后取消,,2026-01-23 20:41:37,	,,,,,,,否,否,	,否,	,,702.9	,0.0	,0.0	,0.0	,0.0	,0.0	,0.0	,0.0	,702.9	,702.9	,JDV025314278147,京东大件物流,山东省,济宁市,任城区,,,否,否,	,	,	,否,	,	,	,	,	,	,	,	,	,	,	,	,否,否,	,否,否,,	,否,	,否,,,否
云米净水器600G小海豚升级版厨下式RO反渗透直饮家用,260123-295761396112210,已发货，待收货,2	,正常,2026-01-23 20:29:59,2026-01-24 20:30:00,,2026-01-24 11:49:38,	,852932116812	,小海豚600G+6年滤芯套装,1812983769340	,厨房电器,净水器/净水设备及配件耗材,净水器,	,S2508151538001,	,	,	,无售后或售后取消,,2026-01-23 20:30:00,	,,,,,,,否,否,	,否,	,,1544.0	,0.0	,120.88	,60.0	,0.0	,0.0	,0.0	,0.0	,1363.12	,1423.12	,JDV025305499115,京东大件物流,宁夏回族自治区,石嘴山市,大武口区,,,否,否,	,	,	,否,	,	,	,	,	,	,	,	,	,	,	,	,否,否,	,否,否,,	,否,	,否,,,否
云米净水器600G小海豚升级版厨下式RO反渗透直饮家用,260123-441209383312210,已取消,1	,正常,	,	,,	,	,852932116812	,小海豚600G+6年滤芯套装,1812983769340	,厨房电器,净水器/净水设备及配件耗材,净水器,	,S2508151538001,	,	,	,无售后或售后取消,,	,	,,,,,,,否,否,	,否,	,,772.0	,0.0	,36.0	,24.0	,0.0	,0.0	,0.0	,0.0	,712.0	,736.0	,	,	,****,****,****,****,,否,否,	,	,	,否,	,	,	,	,	,	,	,	,	,	,	,	,否,否,	,否,	,,	,否,	,否,,,否
VIOMI云米净水器小海豚600G+升级版厨下式RO反渗透直饮家用,260123-589949867643968,已发货，待收货,1	,正常,2026-01-23 20:08:36,2026-01-24 20:08:36,	,2026-01-24 10:17:04,	,852161740747	,小海豚600G+升级版,1835709207960	,厨房电器,净水器/净水设备及配件耗材,净水器,	,6923185653684	,	,	,	,无售后或售后取消,,2026-01-23 20:08:36,	,,,,,,,否,否,	,否,	,,559.0	,0.0	,0.0	,60.0	,0.0	,0.0	,0.0	,0.0	,499.0	,559.0	,JDV025308800072,京东大件物流,广东省,东莞市,东城区,,,否,否,	,	,	,否,	,	,	,	,	,	,	,	,	,	,	,	,否,否,	,否,否,,	,否,	,否,,,否
云米电热水器50/60升洗澡家用浴室速热大容量省电防漏电安全保温,260123-292699532832063,已取消,1	,正常,	,	,,	,	,436320010098	,"速热长效保温安全电热水器,50L【2-3人】",1756921788832	,大家电,热水器,电热水器,	,6923185614920	,6923185614920	,	,	,无售后或售后取消,,	,	,,,,,,,否,否,	,否,	,,486.0	,0.0	,0.0	,3.0	,0.0	,0.0	,0.0	,0.0	,483.0	,486.0	,	,	,****,****,****,****,,否,否,	,	,	,否,	,	,	,	,	,	,	,	,	,	,	,	,否,否,	,否,	,,	,否,	,否,,,否
VIOMI云米净水器小海豚600G+升级版厨下式RO反渗透直饮家用,260123-147314491781506,已收货,1	,正常,2026-01-23 19:59:41,2026-01-24 19:59:41,,2026-01-24 10:17:04,2026-01-25 18:00:57,852161740747	,小海豚600G+升级版,1835709207960	,厨房电器,净水器/净水设备及配件耗材,净水器,	,6923185653684	,	,	,	,无售后或售后取消,,2026-01-23 19:59:41,	,,,,,,,否,否,	,否,	,,559.0	,0.0	,0.0	,60.0	,0.0	,0.0	,0.0	,0.0	,499.0	,559.0	,JDV025308812932,京东大件物流,****,****,****,****,,否,否,	,	,	,否,	,	,	,	,	,	,	,	,	,	,	,	,否,否,	,否,否,,	,否,	,否,,,否
云米净水器600G小海豚升级版厨下式RO反渗透直饮家用,260123-128146490922192,已取消,1	,正常,	,	,,	,	,852932116812	,小海豚600G+6年滤芯套装,1812983769340	,厨房电器,净水器/净水设备及配件耗材,净水器,	,S2508151538001,	,	,	,无售后或售后取消,,	,	,,,,,,,否,否,	,否,	,,772.0	,0.0	,0.0	,0.0	,0.0	,0.0	,0.0	,0.0	,772.0	,772.0	,	,	,****,****,****,****,,否,否,	,	,	,否,	,	,	,	,	,	,	,	,	,	,	,	,否,否,	,否,	,,	,否,	,否,,,否
新品首发 Viomi云米 小海豚3上市RO净水器5年长效反渗透净水器,260123-441869934091103,已发货，待收货,1	,正常,2026-01-23 19:44:35,2026-01-24 19:44:35,,2026-01-24 10:17:04,	,862873034610	,小海豚3（原装滤芯）（包安装）,1825244823454	,厨房电器,净水器/净水设备及配件耗材,净水器,	,6923185605867	,	,	,	,无售后或售后取消,,2026-01-23 19:44:35,	,,,,,,,否,否,	,否,	,,498.9	,0.0	,0.0	,0.0	,0.0	,0.0	,0.0	,0.0	,498.9	,498.9	,JDV025308826872,京东大件物流,山东省,济宁市,梁山县,,,否,否,	,	,	,否,	,	,	,	,	,	,	,	,	,	,	,	,否,否,	,否,否,,	,否,	,否,,,否
VIOMI云米净水器小海豚600G+升级版厨下式RO反渗透直饮家用,260123-243951255941154,已取消,1	,正常,	,	,,	,	,852161740747	,小海豚600G+升级版,1835709207960	,厨房电器,净水器/净水设备及配件耗材,净水器,	,6923185653684	,	,	,	,无售后或售后取消,,	,	,,,,,,,否,否,	,否,	,,559.0	,0.0	,0.0	,60.0	,0.0	,0.0	,0.0	,0.0	,499.0	,559.0	,	,	,****,****,****,****,,否,否,	,	,	,否,	,	,	,	,	,	,	,	,	,	,	,	,否,否,	,否,	,,	,否,	,否,,,否
VIOMI云米净水器小海豚600G+升级版厨下式RO反渗透直饮家用,260123-594175670572238,已取消,1	,正常,	,	,,	,	,852161740747	,小海豚600G+升级版,1835709207960	,厨房电器,净水器/净水设备及配件耗材,净水器,	,6923185653684	,	,	,	,无售后或售后取消,,	,	,,,,,,,否,否,	,否,	,,559.0	,0.0	,0.0	,0.0	,0.0	,0.0	,0.0	,0.0	,559.0	,559.0	,	,	,****,****,****,****,,否,否,	,	,	,否,	,	,	,	,	,	,	,	,	,	,	,	,否,否,	,否,	,,	,否,	,否,,,否
VIOMI云米净水器小海豚600G+升级版厨下式RO反渗透直饮家用,260123-447322591673259,已发货，待收货,1	,正常,2026-01-23 19:15:24,2026-01-24 19:15:24,,2026-01-24 10:17:04,	,852161740747	,小海豚600G+升级版,1835709207960	,厨房电器,净水器/净水设备及配件耗材,净水器,	,6923185653684	,	,	,	,无售后或售后取消,,2026-01-23 19:15:24,	,,,,,,,否,否,	,否,	,,559.0	,0.0	,0.0	,60.0	,0.0	,0.0	,0.0	,0.0	,499.0	,559.0	,JDV025308813105,京东大件物流,广西壮族自治区,河池市,金城江区,,,否,否,	,	,	,否,	,	,	,	,	,	,	,	,	,	,	,	,否,否,	,否,否,,	,否,	,否,,,否
新品首发 Viomi云米 小海豚3上市RO净水器5年长效反渗透净水器,260123-071680735573222,已取消,1	,正常,	,	,,	,	,862873034610	,小海豚3（原装滤芯）（包安装）,1825244823454	,厨房电器,净水器/净水设备及配件耗材,净水器,	,6923185605867	,	,	,	,无售后或售后取消,,	,	,,,,,,,否,否,	,否,	,,498.9	,0.0	,0.0	,0.0	,0.0	,0.0	,0.0	,0.0	,498.9	,498.9	,	,	,****,****,****,****,,否,否,	,	,	,否,	,	,	,	,	,	,	,	,	,	,	,	,否,否,	,否,	,,	,否,	,否,,,否
云米小厨宝6L即热式厨房台下洗碗热水宝上出水储水式小型电热水器,260123-503452802582667,已发货，待收货,1	,正常,2026-01-23 18:37:54,2026-01-24 18:37:54,,2026-01-24 09:19:37,	,205451808289	,"热水即刻有6L,小厨宝",1752480784258	,大家电,热水器,电热水器,	,6923185611233	,6923185611233	,	,	,无售后或售后取消,,2026-01-23 18:37:54,	,,,,,,,否,否,	,否,	,,289.0	,0.0	,0.0	,0.0	,0.0	,0.0	,0.0	,0.0	,289.0	,289.0	,JDV025303052134,京东大件物流,陕西省,榆林市,榆阳区,,,否,否,	,	,	,否,	,	,	,	,	,	,	,	,	,	,	,	,否,否,	,否,否,,	,否,	,否,,,否
VIOMI云米净水器小海豚600G+升级版厨下式RO反渗透直饮家用,260123-583731843452003,已发货，待收货,1	,正常,2026-01-23 18:37:57,2026-01-24 18:37:57,,2026-01-24 10:17:05,	,852161740747	,小海豚600G+升级版,1835709207960	,厨房电器,净水器/净水设备及配件耗材,净水器,	,6923185653684	,	,	,	,无售后或售后取消,,2026-01-23 18:37:57,	,,,,,,,否,否,	,否,	,,559.0	,0.0	,0.0	,0.0	,0.0	,0.0	,0.0	,0.0	,559.0	,559.0	,JDV025309078630,京东大件物流,江苏省,盐城市,东台市,,,否,否,	,	,	,否,	,	,	,	,	,	,	,	,	,	,	,	,否,否,	,否,否,,	,否,	,否,,,否
VIOMI云米净水器小海豚600G+升级版厨下式RO反渗透直饮家用,260123-324314120572003,已取消,1	,正常,	,	,,	,	,852161740747	,小海豚600G+升级版,1835709207960	,厨房电器,净水器/净水设备及配件耗材,净水器,	,6923185653684	,	,	,	,无售后或售后取消,,	,	,,,,,,,否,否,	,否,	,,559.0	,0.0	,0.0	,0.0	,0.0	,0.0	,0.0	,0.0	,559.0	,559.0	,	,	,****,****,****,****,,否,否,	,	,	,否,	,	,	,	,	,	,	,	,	,	,	,	,否,否,	,否,	,,	,否,	,否,,,否
云米智能电热水器小蓝调节能变频速热家用浴室洗澡抑菌50L/60L,260123-204902316381286,已取消,1	,正常,	,	,,	,	,434684719975	,安全保护8倍增容大水量50L,1733881750461	,大家电,热水器,电热水器,	,6923185649076	,	,	,	,无售后或售后取消,,	,	,,,,,,,否,否,	,否,	,,598.99	,0.0	,0.0	,0.0	,0.0	,0.0	,0.0	,0.0	,598.99	,598.99	,	,	,****,****,****,****,,否,否,	,	,	,否,	,	,	,	,	,	,	,	,	,	,	,	,否,否,	,否,	,,	,否,	,否,,,否
云米智能电热水器小蓝调节能变频速热家用浴室洗澡抑菌50L/60L,260123-497213817181286,已发货，待收货,1	,正常,2026-01-23 18:48:35,2026-01-24 18:48:35,,2026-01-24 10:17:04,	,434684719975	,安全保护8倍增容大水量50L,1733881750461	,大家电,热水器,电热水器,	,6923185649076	,	,	,	,无售后或售后取消,,2026-01-23 18:48:35,	,,,,,,,否,否,	,否,	,,598.99	,0.0	,0.0	,25.0	,0.0	,0.0	,0.0	,0.0	,573.99	,598.99	,JDV025308826603,京东大件物流,湖北省,襄阳市,樊城区,,,否,否,	,	,	,否,	,	,	,	,	,	,	,	,	,	,	,	,否,否,	,否,否,,	,否,	,否,,,否
云米智能电热水器小蓝调节能变频速热家用浴室洗澡抑菌50L/60L,260123-252811733341286,已取消,1	,正常,	,	,,	,	,434684719975	,安全保护8倍增容大水量60L,1733881750462	,大家电,热水器,电热水器,	,6923185649083	,	,	,	,无售后或售后取消,,	,	,,,,,,,否,否,	,否,	,,699.0	,0.0	,0.0	,0.0	,0.0	,0.0	,0.0	,0.0	,699.0	,699.0	,	,	,****,****,****,****,,否,否,	,	,	,否,	,	,	,	,	,	,	,	,	,	,	,	,否,否,	,否,	,,	,否,	,否,,,否
VIOMI云米净水器小海豚600G+升级版厨下式RO反渗透直饮家用,260123-440601229712803,未发货，退款成功,1	,正常,2026-01-23 17:58:15,2026-01-26 17:58:15,,	,	,852161740747	,小海豚600G+升级版,1835709207960	,厨房电器,净水器/净水设备及配件耗材,净水器,	,6923185653684	,	,延迟发货到1.23号 [viomi小甜心 01/23 18:00] ZX2601240062557拦截 1.24梓晖 TH2C754756944待拦截退回后填写单号1.24丹丹 ,	,退款成功,,2026-01-23 17:58:15,	,,,,,,,否,否,	,否,	,,559.0	,0.0	,0.0	,0.0	,0.0	,0.0	,0.0	,0.0	,559.0	,559.0	,	,	,****,****,****,****,,否,否,	,	,	,否,	,	,	,	,	,	,	,	,	,	,	,	,否,否,	,否,否,,	,否,	,否,,,否
VIOMI云米净水器小海豚600G+升级版厨下式RO反渗透直饮家用,260123-453467205220764,已取消,1	,正常,	,	,,	,	,852161740747	,小海豚600G+升级版,1835709207960	,厨房电器,净水器/净水设备及配件耗材,净水器,	,6923185653684	,	,	,	,无售后或售后取消,,	,	,,,,,,,否,否,	,否,	,,559.0	,0.0	,0.0	,60.0	,0.0	,0.0	,0.0	,0.0	,499.0	,559.0	,	,	,****,****,****,****,,否,否,	,	,	,否,	,	,	,	,	,	,	,	,	,	,	,	,否,否,	,否,	,,	,否,	,否,,,否
VIOMI云米净水器小海豚600G+升级版厨下式RO反渗透直饮家用,260123-536472460852894,已收货,1	,正常,2026-01-23 17:47:13,2026-01-24 17:47:13,,2026-01-24 10:17:05,2026-01-25 12:27:12,852161740747	,小海豚600G+升级版,1835709207960	,厨房电器,净水器/净水设备及配件耗材,净水器,	,6923185653684	,	,	,	,无售后或售后取消,,2026-01-23 17:47:13,	,,,,,,,否,否,	,否,	,,559.0	,0.0	,0.0	,61.95	,0.0	,0.0	,0.0	,0.0	,497.05	,559.0	,JDV025308809862,京东大件物流,****,****,****,****,,否,否,	,	,	,否,	,	,	,	,	,	,	,	,	,	,	,	,否,否,	,否,否,,	,否,	,否,,,否
云米净水器600G小海豚升级版厨下式RO反渗透直饮家用,260123-356264220230584,已发货，待收货,1	,正常,2026-01-23 17:38:40,2026-01-24 17:38:40,	,2026-01-24 10:17:05,	,852932116812	,小海豚600G+6年滤芯套装,1812983769340	,厨房电器,净水器/净水设备及配件耗材,净水器,	,S2508151538001,	,	,	,无售后或售后取消,,2026-01-23 17:38:40,	,,,,,,,否,否,	,否,	,,772.0	,0.0	,0.0	,100.0	,0.0	,0.0	,0.0	,0.0	,672.0	,772.0	,JDV025308816073,京东大件物流,广东省,广州市,荔湾区,,,否,否,	,	,	,否,	,	,	,	,	,	,	,	,	,	,	,	,否,否,	,否,是,3	,商家,否,	,否,,信用卡分期,否
新品首发 Viomi云米 小海豚3上市RO净水器5年长效反渗透净水器,260123-672189725031825,已发货，待收货,1	,正常,2026-01-23 17:36:52,2026-01-24 17:36:53,,2026-01-24 09:04:38,	,862873034610	,小海豚3+1支复合滤芯（包安装）,1825244823452	,厨房电器,净水器/净水设备及配件耗材,净水器,	,S2512250944002,	,	,	,无售后或售后取消,,2026-01-23 17:36:53,	,,,,,,,否,否,	,否,	,,609.9	,0.0	,0.0	,0.0	,0.0	,0.0	,0.0	,0.0	,609.9	,609.9	,JDV025301921966,京东大件物流,辽宁省,沈阳市,沈河区,,,否,否,	,	,	,否,	,	,	,	,	,	,	,	,	,	,	,	,否,否,	,否,否,,	,否,	,否,,,否
云米电热水器40升洗澡家用租房储水式速热抑菌节能省电安全卫生间,260123-645513951662524,已发货，待收货,1	,正常,2026-01-23 17:25:38,2026-01-24 17:25:38,	,2026-01-23 22:51:30,	,661859626284	,"速热抑菌洗-40L,小海豚热水器",1750073590149	,大家电,热水器,电热水器,	,6923185681281	,6923185681281	,	,	,无售后或售后取消,,2026-01-23 17:25:38,	,,,,,,,否,否,	,否,	,,399.0	,0.0	,18.0	,12.0	,0.0	,0.0	,0.0	,0.0	,369.0	,381.0	,JDLD12974275498,京东大件物流,安徽省,蚌埠市,蚌山区,,,否,否,	,	,	,否,	,	,	,	,	,	,	,	,	,	,	,	,否,否,	,否,否,,	,否,	,否,,,否
VIOMI云米净水器小海豚600G+升级版厨下式RO反渗透直饮家用,260123-256334969180062,未发货，退款成功,1	,正常,2026-01-23 17:16:16,2026-01-24 17:16:17,,	,	,852161740747	,小海豚600G+升级版,1835709207960	,厨房电器,净水器/净水设备及配件耗材,净水器,	,6923185653684	,	,延迟发货 聚水潭已取消发货 已退款1.23丹丹,	,退款成功,,2026-01-23 17:16:17,	,,,,,,,否,否,	,否,	,,559.0	,0.0	,0.0	,0.0	,0.0	,0.0	,0.0	,0.0	,559.0	,559.0	,	,	,****,****,****,****,,否,否,	,	,	,否,	,	,	,	,	,	,	,	,	,	,	,	,否,否,	,否,否,,	,否,	,否,,,否
VIOMI云米净水器小海豚600G+升级版厨下式RO反渗透直饮家用,260123-554161989980062,已取消,1	,正常,	,	,,	,	,852161740747	,小海豚600G+升级版,1835709207960	,厨房电器,净水器/净水设备及配件耗材,净水器,	,6923185653684	,	,	,	,无售后或售后取消,,	,	,,,,,,,否,否,	,否,	,,559.0	,0.0	,0.0	,0.0	,0.0	,0.0	,0.0	,0.0	,559.0	,559.0	,	,	,****,****,****,****,,否,否,	,	,	,否,	,	,	,	,	,	,	,	,	,	,	,	,否,否,	,否,	,,	,否,	,否,,,否
云米60L速热电热水器3000W一级节能变频增容租房安全已接入米家AP,260123-387218163341892,未发货，退款成功,1	,正常,2026-01-23 17:08:39,2026-01-24 17:08:39,,	,	,208071231700	,双管变频速热60L,1660917678582	,大家电,热水器,电热水器,	,6923185602224	,6923185602224	,聚水潭已取消发货 已退款1.23丹丹,	,退款成功,,2026-01-23 17:08:39,	,,,,,,,否,否,	,否,	,,656.0	,0.0	,0.0	,32.0	,0.0	,0.0	,0.0	,0.0	,624.0	,656.0	,	,	,****,****,****,****,,否,否,	,	,	,否,	,	,	,	,	,	,	,	,	,	,	,	,否,否,	,否,否,,	,否,	,否,,,否
新品首发 Viomi云米 小海豚3上市RO净水器5年长效反渗透净水器,260123-201871921523295,已发货，待收货,1	,正常,2026-01-23 17:04:25,2026-01-24 17:04:26,,2026-01-24 15:58:20,	,862873034610	,小海豚3+2支复合滤芯（包安装）,1825244823453	,厨房电器,净水器/净水设备及配件耗材,净水器,	,S2512250943001,	,	,	,无售后或售后取消,,2026-01-23 17:04:26,	,,,,,,,否,否,	,否,	,,702.9	,0.0	,0.0	,0.0	,0.0	,0.0	,0.0	,0.0	,702.9	,702.9	,JDV025314319404,京东大件物流,江苏省,苏州市,张家港市,,,否,否,	,	,	,否,	,	,	,	,	,	,	,	,	,	,	,	,否,否,	,否,否,,	,否,	,否,,,否
云米56L蒸烤一体机嵌入式家用厨房多功能电蒸箱烤箱二合一大容量,260123-246174237112373,已发货，待收货,1	,正常,2026-01-23 16:52:36,2026-01-24 16:52:36,,2026-01-24 15:56:04,	,764094861934	,【56L大容量】蒸烤一体机,1749094539007	,大家电,全屋互联网智能电器,全屋互联网智能电器,	,6923185620136	,6923185620136	,	,	,无售后或售后取消,,2026-01-23 16:52:36,	,,,,,,,否,否,	,否,	,,2216.0	,0.0	,137.0	,80.0	,0.0	,0.0	,0.0	,0.0	,1999.0	,2079.0	,JDLD12974347982,京东大件物流,福建省,莆田市,荔城区,,,否,否,	,	,	,否,	,	,	,	,	,	,	,	,	,	,	,	,否,否,	,否,否,,	,否,	,否,,,否
VIOMI云米净水器小海豚600G+升级版厨下式RO反渗透直饮家用,260123-319647957342812,已发货，待收货,1	,正常,2026-01-23 16:51:16,2026-01-24 16:51:17,,2026-01-24 10:17:05,	,852161740747	,小海豚600G+升级版,1835709207960	,厨房电器,净水器/净水设备及配件耗材,净水器,	,6923185653684	,	,	,	,无售后或售后取消,,2026-01-23 16:51:17,	,,,,,,,否,否,	,否,	,,559.0	,0.0	,0.0	,60.0	,0.0	,0.0	,0.0	,0.0	,499.0	,559.0	,JDV025309168450,京东大件物流,河南省,三门峡市,陕州区,,,否,否,	,	,	,否,	,	,	,	,	,	,	,	,	,	,	,	,否,否,	,否,否,,	,否,	,否,,,否
VIOMI云米净水器小海豚600G+升级版厨下式RO反渗透直饮家用,260123-295048364462766,已收货,1	,正常,2026-01-23 16:33:44,2026-01-24 16:33:44,,2026-01-24 09:04:38,2026-01-25 11:27:21,852161740747	,小海豚600G+升级版,1835709207960	,厨房电器,净水器/净水设备及配件耗材,净水器,	,6923185653684	,	,	,	,无售后或售后取消,,2026-01-23 16:33:44,	,,,,,,,否,否,	,否,	,,559.0	,0.0	,0.0	,60.0	,0.0	,0.0	,0.0	,0.0	,499.0	,559.0	,JDV025302721500,京东大件物流,****,****,****,****,,否,否,	,	,	,否,	,	,	,	,	,	,	,	,	,	,	,	,否,否,	,否,否,,	,否,	,否,,,否
云米掌静脉门锁人脸指纹密码蓝牙全自动安全可视化大屏带门铃防盗,260123-111820152434048,已取消,1	,正常,	,	,,	,	,767193647325	,云米蓝调掌静脉锁LBT14A,1751600759442	,基础建材,智能门锁/电子锁,智能门锁/电子锁,	,6923185655398	,	,	,	,无售后或售后取消,,	,	,,,,,,,否,否,	,否,	,,1104.0	,0.0	,0.0	,0.0	,0.0	,0.0	,0.0	,0.0	,1104.0	,1104.0	,	,	,****,****,****,****,,否,否,	,	,	,否,	,	,	,	,	,	,	,	,	,	,	,	,否,否,	,否,	,,	,否,	,否,,,否
云米掌静脉门锁人脸指纹密码蓝牙全自动安全可视化大屏带门铃防盗,260123-470129057394048,已发货，待收货,1	,正常,2026-01-23 16:26:58,2026-01-24 16:26:58,,2026-01-24 09:03:45,	,767193647325	,云米蓝调掌静脉锁LBT14A,1751600759442	,基础建材,智能门锁/电子锁,智能门锁/电子锁,	,6923185655398	,	,TH2C398296784已审核 待提供寄出单号 1.25梓晖==ass已上传单号 待退回仓库 1.26梓晖,	,售后处理中,,2026-01-23 16:26:58,	,,,,,,,否,否,	,否,	,,1104.0	,0.0	,0.0	,0.0	,0.0	,0.0	,0.0	,0.0	,1104.0	,1104.0	,JDV025300813481,京东大件物流,福建省,厦门市,思明区,,,否,否,	,	,	,否,	,	,	,	,	,	,	,	,	,	,	,	,否,否,	,否,否,,	,否,	,否,,,否
VIOMI 云米净水器600G小海豚升级版厨下式RO反渗透直饮家用,260123-031258120520301,已发货，待收货,1	,正常,2026-01-23 16:16:54,2026-01-24 16:16:54,,2026-01-24 10:17:06,	,225501370546	,小海豚600G,1813468330532	,厨房电器,净水器/净水设备及配件耗材,净水器,	,6923185653684	,6923185616399	,	,	,无售后或售后取消,,2026-01-23 16:16:54,	,,,,,,,否,否,	,否,	,,619.0	,0.0	,0.0	,92.85	,0.0	,0.0	,0.0	,0.0	,526.15	,619.0	,JDV025309083958,京东大件物流,湖北省,武汉市,硚口区,,,否,否,	,	,	,否,	,	,	,	,	,	,	,	,	,	,	,	,否,否,	,否,否,,	,否,	,否,,,否
云米60L速热电热水器3000W一级节能变频增容租房安全已接入米家AP,260123-168107712063182,已发货，退款成功,1	,正常,2026-01-23 16:14:23,2026-01-24 16:14:23,,2026-01-24 09:03:46,	,208071231700	,双管变频速热60L,1660917678582	,大家电,热水器,电热水器,	,6923185602224	,6923185602224	,ZX2601240062573拦截 TH2C671364929已审核 待商品退回 1.24梓晖,	,退款成功,,2026-01-23 16:14:23,	,,,,,,,否,否,	,否,	,,656.0	,0.0	,0.0	,0.0	,1.31	,0.0	,0.0	,0.0	,656.0	,656.0	,JDV025300796964,京东大件物流,****,****,****,****,,否,否,	,	,	,否,	,	,	,	,	,	,	,	,	,	,	,	,否,否,	,否,否,,	,否,	,否,,,否
VIOMI云米净水器小海豚600G+升级版厨下式RO反渗透直饮家用,260123-339990352281119,已发货，待收货,1	,正常,2026-01-23 16:09:57,2026-01-24 16:09:57,,2026-01-24 09:04:38,	,852161740747	,小海豚600G+升级版,1835709207960	,厨房电器,净水器/净水设备及配件耗材,净水器,	,6923185653684	,	,	,	,无售后或售后取消,,2026-01-23 16:09:57,	,,,,,,,否,否,	,否,	,,559.0	,0.0	,0.0	,60.0	,0.0	,0.0	,0.0	,0.0	,499.0	,559.0	,JDV025301177747,京东大件物流,新疆维吾尔自治区,乌鲁木齐市,新市区,,,否,否,	,	,	,否,	,	,	,	,	,	,	,	,	,	,	,	,否,否,	,否,否,,	,否,	,否,,,否
VIOMI云米净水器小海豚600G+升级版厨下式RO反渗透直饮家用,260123-099216320850460,已发货，待收货,1	,正常,2026-01-23 16:01:52,2026-01-24 16:01:52,	,2026-01-24 09:04:39,	,852161740747	,小海豚600G+升级版,1835709207960	,厨房电器,净水器/净水设备及配件耗材,净水器,	,6923185653684	,	,	,	,无售后或售后取消,,2026-01-23 16:01:52,	,,,,,,,否,否,	,否,	,,559.0	,0.0	,0.0	,60.0	,0.2	,0.0	,0.0	,0.0	,499.0	,559.0	,JDV025300809170,京东大件物流,广东省,佛山市,禅城区,,,否,否,	,	,	,否,	,	,	,	,	,	,	,	,	,	,	,	,否,否,	,否,否,,	,否,	,否,,,否
VIOMI云米净水器小海豚600G+升级版厨下式RO反渗透直饮家用,260123-370923323730460,已取消,1	,正常,	,	,,	,	,852161740747	,小海豚600G+升级版,1835709207960	,厨房电器,净水器/净水设备及配件耗材,净水器,	,6923185653684	,	,	,	,无售后或售后取消,,	,	,,,,,,,否,否,	,否,	,,559.0	,0.0	,0.0	,3.0	,0.0	,0.0	,0.0	,0.0	,556.0	,559.0	,	,	,****,****,****,****,,否,否,	,	,	,否,	,	,	,	,	,	,	,	,	,	,	,	,否,否,	,否,	,,	,否,	,否,,,否
VIOMI 云米净水器600G小海豚升级版厨下式RO反渗透直饮家用,260123-075350679140953,已发货，待收货,1	,正常,2026-01-23 15:53:16,2026-01-24 15:53:16,,2026-01-24 10:17:05,	,225501370546	,小海豚600G,1813468330532	,厨房电器,净水器/净水设备及配件耗材,净水器,	,6923185653684	,6923185616399	,	,	,无售后或售后取消,,2026-01-23 15:53:16,	,,,,,,,否,否,	,否,	,,619.0	,0.0	,0.0	,100.0	,1.03	,0.0	,0.0	,0.0	,519.0	,619.0	,JDV025309083984,京东大件物流,江苏省,苏州市,常熟市,,,否,否,	,	,	,否,	,	,	,	,	,	,	,	,	,	,	,	,否,否,	,否,否,,	,否,	,否,,,否
VIOMI云米净水器小海豚600G+升级版厨下式RO反渗透直饮家用,260123-240249761423740,已收货,1	,正常,2026-01-23 15:52:35,2026-01-24 15:52:35,,2026-01-24 09:04:38,2026-01-25 14:33:02,852161740747	,小海豚600G+升级版,1835709207960	,厨房电器,净水器/净水设备及配件耗材,净水器,	,6923185653684	,	,	,	,无售后或售后取消,,2026-01-23 15:52:35,	,,,,,,,否,否,	,否,	,,559.0	,0.0	,0.0	,60.0	,0.0	,0.0	,0.0	,0.0	,499.0	,559.0	,JDV025301084085,京东大件物流,****,****,****,****,,否,否,	,	,	,否,	,	,	,	,	,	,	,	,	,	,	,	,否,否,	,否,否,,	,否,	,否,,,否
云米净水器600G小海豚升级版厨下式RO反渗透直饮家用,260123-178352309910463,已取消,1	,正常,	,	,,	,	,852932116812	,小海豚600G+6年滤芯套装,1812983769340	,厨房电器,净水器/净水设备及配件耗材,净水器,	,S2508151538001,	,	,	,无售后或售后取消,,	,	,,,,,,,否,否,	,否,	,,772.0	,0.0	,36.0	,24.0	,0.0	,0.0	,0.0	,0.0	,712.0	,736.0	,	,	,****,****,****,****,,否,否,	,	,	,否,	,	,	,	,	,	,	,	,	,	,	,	,否,否,	,否,	,,	,否,	,否,,,否
VIOMI云米净水器小海豚600G+升级版厨下式RO反渗透直饮家用,260123-608509652630463,已取消,1	,正常,	,	,,	,	,852161740747	,小海豚600G+升级版,1835709207960	,厨房电器,净水器/净水设备及配件耗材,净水器,	,6923185653684	,	,	,	,无售后或售后取消,,	,	,,,,,,,否,否,	,否,	,,559.0	,0.0	,0.0	,60.0	,0.0	,0.0	,0.0	,0.0	,499.0	,559.0	,	,	,****,****,****,****,,否,否,	,	,	,否,	,	,	,	,	,	,	,	,	,	,	,	,否,否,	,否,	,,	,否,	,否,,,否
"云米智能门锁霸王锁体适用eyeLink 2C,eLink 2Pro,eyeLink 2F",260123-453330900482294,未发货，退款成功,1	,正常,2026-01-23 15:45:05,2026-01-25 15:45:05,,	,	,264080849667	,霸王锁体（机械锁体）【适配咨询客服】,1812202409163	,基础建材,智能门锁/电子锁,智能门锁/电子锁,	,6923185622154	,6923185622154	,ZX2601240062585拦截=TH2C632538868拦截退回后填写单号1.24丹丹,	,退款成功,,2026-01-23 15:45:05,	,,,,,,,否,否,	,否,	,,150.0	,0.0	,0.0	,0.0	,0.0	,0.0	,0.0	,0.0	,150.0	,150.0	,	,	,****,****,****,****,,否,否,	,	,	,否,	,	,	,	,	,	,	,	,	,	,	,	,否,否,	,否,否,,	,否,	,否,,,否
VIOMI云米净水器小海豚600G+升级版厨下式RO反渗透直饮家用,260123-525126941020062,已取消,1	,正常,	,	,,	,	,852161740747	,小海豚600G+升级版,1835709207960	,厨房电器,净水器/净水设备及配件耗材,净水器,	,6923185653684	,	,	,	,无售后或售后取消,,	,	,,,,,,,否,否,	,否,	,,559.0	,0.0	,0.0	,0.0	,0.0	,0.0	,0.0	,0.0	,559.0	,559.0	,	,	,****,****,****,****,,否,否,	,	,	,否,	,	,	,	,	,	,	,	,	,	,	,	,否,否,	,否,	,,	,否,	,否,,,否
VIOMI云米净水器小海豚600G+升级版厨下式RO反渗透直饮家用,260123-612662065463516,已发货，待收货,1	,正常,2026-01-23 15:35:28,2026-01-24 15:35:29,,2026-01-24 09:04:39,	,852161740747	,小海豚600G+升级版,1835709207960	,厨房电器,净水器/净水设备及配件耗材,净水器,	,6923185653684	,	,	,	,无售后或售后取消,,2026-01-23 15:35:29,	,,,,,,,否,否,	,否,	,,559.0	,0.0	,0.0	,0.0	,0.0	,0.0	,0.0	,0.0	,559.0	,559.0	,JDV025300775851,京东大件物流,福建省,福州市,长乐区,,,否,否,	,	,	,否,	,	,	,	,	,	,	,	,	,	,	,	,否,否,	,否,否,,	,否,	,否,,,否
VIOMI 云米净水器600G小海豚升级版厨下式RO反渗透直饮家用,260123-138464541101736,未发货，退款成功,1	,正常,2026-01-23 15:23:33,2026-01-24 15:23:33,,	,	,225501370546	,小海豚600G,1813468330532	,厨房电器,净水器/净水设备及配件耗材,净水器,	,6923185653684	,6923185616399	,聚水潭已取消发货 已退款1.23丹丹,	,退款成功,,2026-01-23 15:23:33,	,,,,,,,否,否,	,否,	,,619.0	,0.0	,0.0	,100.0	,0.0	,0.0	,0.0	,0.0	,519.0	,619.0	,	,	,****,****,****,****,,否,否,	,	,	,否,	,	,	,	,	,	,	,	,	,	,	,	,否,否,	,否,否,,	,否,	,否,,,否
VIOMI云米净水器小海豚600G+升级版厨下式RO反渗透直饮家用,260123-617527416393042,未发货，退款成功,1	,正常,2026-01-23 14:52:31,2026-01-24 14:52:32,,	,	,852161740747	,小海豚600G+升级版,1835709207960	,厨房电器,净水器/净水设备及配件耗材,净水器,	,6923185653684	,	,ZX2601240062557拦截 1.24梓晖 TH2C139345756待拦截退回后填写单号1.24丹丹 ,	,退款成功,,2026-01-23 14:52:32,	,,,,,,,否,否,	,否,	,,559.0	,0.0	,0.0	,60.0	,0.0	,0.0	,0.0	,0.0	,499.0	,559.0	,	,	,****,****,****,****,,否,否,	,	,	,否,	,	,	,	,	,	,	,	,	,	,	,	,否,否,	,否,否,,	,否,	,否,,,否
云米智能电热水器小蓝调节能变频速热家用浴室洗澡抑菌50L/60L,260123-002076208671418,已取消,1	,正常,	,	,,	,	,434684719975	,安全保护8倍增容大水量50L,1733881750461	,大家电,热水器,电热水器,	,6923185649076	,	,	,	,无售后或售后取消,,	,	,,,,,,,否,否,	,否,	,,598.99	,0.0	,0.0	,20.0	,0.0	,0.0	,0.0	,0.0	,578.99	,598.99	,	,	,****,****,****,****,,否,否,	,	,	,否,	,	,	,	,	,	,	,	,	,	,	,	,否,否,	,否,	,,	,否,	,否,,,否
VIOMI云米净水器小海豚600G+升级版厨下式RO反渗透直饮家用,260123-382908567883942,已发货，待收货,1	,正常,2026-01-23 14:14:00,2026-01-24 14:14:00,,2026-01-24 09:04:39,	,852161740747	,小海豚600G+升级版,1835709207960	,厨房电器,净水器/净水设备及配件耗材,净水器,	,6923185653684	,	,	,	,无售后或售后取消,,2026-01-23 14:14:00,	,,,,,,,否,否,	,否,	,,559.0	,0.0	,0.0	,0.0	,0.0	,0.0	,0.0	,0.0	,559.0	,559.0	,JDV025300775671,京东大件物流,广东省,广州市,番禺区,,,否,否,	,	,	,否,	,	,	,	,	,	,	,	,	,	,	,	,否,否,	,否,否,,	,否,	,否,,,否
1级能效云米电热水器 智能联网 免更换镁棒 短款3300W速热 Smart2,260123-389608906312958,已取消,1	,正常,	,	,,	,	,415597395169	,超短免换镁棒热水器,1822787048306	,大家电,热水器,电热水器,	,6923185651444	,6923185651444	,	,	,无售后或售后取消,,	,	,,,,,,,否,否,	,否,	,,979.0	,0.0	,0.0	,0.0	,0.0	,0.0	,0.0	,0.0	,979.0	,979.0	,	,	,****,****,****,****,,否,否,	,	,	,否,	,	,	,	,	,	,	,	,	,	,	,	,否,否,	,否,	,,	,否,	,否,,,否
云米净水器600G小海豚升级版厨下式RO反渗透直饮家用,260123-646530997860895,已取消,1	,正常,	,	,,	,	,852932116812	,小海豚600G+6年滤芯套装,1812983769340	,厨房电器,净水器/净水设备及配件耗材,净水器,	,S2508151538001,	,	,	,无售后或售后取消,,	,	,,,,,,,否,否,	,否,	,,772.0	,0.0	,36.0	,24.0	,0.0	,0.0	,0.0	,0.0	,712.0	,736.0	,	,	,****,****,****,****,,否,否,	,	,	,否,	,	,	,	,	,	,	,	,	,	,	,	,否,否,	,否,	,,	,否,	,否,,,否
新品首发 Viomi云米 小海豚3上市RO净水器5年长效反渗透净水器,260123-083686900090115,已发货，待收货,1	,正常,2026-01-23 13:36:39,2026-01-24 13:36:39,,2026-01-24 09:04:40,	,862873034610	,小海豚3（原装滤芯）（包安装）,1825244823454	,厨房电器,净水器/净水设备及配件耗材,净水器,	,6923185605867	,	,	,	,无售后或售后取消,,2026-01-23 13:36:39,	,,,,,,,否,否,	,否,	,,498.9	,0.0	,0.0	,60.0	,0.2	,0.0	,0.0	,0.0	,438.9	,498.9	,JDV025300789468,京东大件物流,上海市,上海市,闵行区,,,否,否,	,	,	,否,	,	,	,	,	,	,	,	,	,	,	,	,否,否,	,否,否,,	,否,	,否,,,否
VIOMI云米净水器小海豚600G+升级版厨下式RO反渗透直饮家用,260123-319742307902542,已发货，待收货,1	,正常,2026-01-23 13:20:51,2026-01-24 13:20:52,,2026-01-24 09:04:38,	,852161740747	,小海豚600G+升级版,1835709207960	,厨房电器,净水器/净水设备及配件耗材,净水器,	,6923185653684	,	,	,	,无售后或售后取消,,2026-01-23 13:20:52,	,,,,,,,否,否,	,否,	,,559.0	,0.0	,0.0	,60.0	,0.0	,0.0	,0.0	,0.0	,499.0	,559.0	,JDV025297721844,京东大件物流,江苏省,南通市,海门区,,,否,否,	,	,	,否,	,	,	,	,	,	,	,	,	,	,	,	,否,否,	,否,否,,	,否,	,否,,,否
VIOMI云米净水器小海豚600G+升级版厨下式RO反渗透直饮家用,260123-334181209662542,已取消,1	,正常,	,	,,	,	,852161740747	,小海豚600G+升级版,1835709207960	,厨房电器,净水器/净水设备及配件耗材,净水器,	,6923185653684	,	,	,	,无售后或售后取消,,	,	,,,,,,,否,否,	,否,	,,559.0	,0.0	,0.0	,25.0	,0.0	,0.0	,0.0	,0.0	,534.0	,559.0	,	,	,****,****,****,****,,否,否,	,	,	,否,	,	,	,	,	,	,	,	,	,	,	,	,否,否,	,否,	,,	,否,	,否,,,否
VIOMI云米净水器小海豚600G+升级版厨下式RO反渗透直饮家用,260123-154245557822542,已取消,1	,正常,	,	,,	,	,852161740747	,小海豚600G+升级版,1835709207960	,厨房电器,净水器/净水设备及配件耗材,净水器,	,6923185653684	,	,	,	,无售后或售后取消,,	,	,,,,,,,否,否,	,否,	,,559.0	,0.0	,0.0	,60.0	,0.0	,0.0	,0.0	,0.0	,499.0	,559.0	,	,	,****,****,****,****,,否,否,	,	,	,否,	,	,	,	,	,	,	,	,	,	,	,	,否,否,	,否,	,,	,否,	,否,,,否
云米净水器600G小海豚升级版厨下式RO反渗透直饮家用,260123-072330821931940,未发货，退款成功,1	,正常,2026-01-23 13:10:08,2026-01-24 13:10:08,,	,	,852932116812	,小海豚600G+6年滤芯套装,1812983769340	,厨房电器,净水器/净水设备及配件耗材,净水器,	,S2508151538001,	,ZX2601240062557拦截 1.24梓晖 TH2C158344187待拦截退回后填写单号1.24丹丹 ,	,退款成功,,2026-01-23 13:10:08,	,,,,,,,否,否,	,否,	,,772.0	,0.0	,36.0	,24.0	,0.0	,0.0	,0.0	,0.0	,712.0	,736.0	,	,	,****,****,****,****,,否,否,	,	,	,否,	,	,	,	,	,	,	,	,	,	,	,	,否,否,	,否,否,,	,否,	,否,,,否
VIOMI云米净水器小海豚600G+升级版厨下式RO反渗透直饮家用,260123-353506507074053,已发货，待收货,1	,正常,2026-01-23 13:10:50,2026-01-24 13:10:50,	,2026-01-24 09:04:39,	,852161740747	,小海豚600G+升级版,1835709207960	,厨房电器,净水器/净水设备及配件耗材,净水器,	,6923185653684	,	,	,	,无售后或售后取消,,2026-01-23 13:10:50,	,,,,,,,否,否,	,否,	,,559.0	,0.0	,0.0	,0.0	,1.11	,0.0	,0.0	,0.0	,559.0	,559.0	,JDV025300807820,京东大件物流,福建省,泉州市,安溪县,,,否,否,	,	,	,否,	,	,	,	,	,	,	,	,	,	,	,	,否,否,	,否,否,,	,否,	,否,,,否
VIOMI 云米净水器600G小海豚升级版厨下式RO反渗透直饮家用,260123-388057055612514,已发货，待收货,1	,正常,2026-01-23 12:46:16,2026-01-24 12:46:16,,2026-01-24 09:03:46,	,225501370546	,小海豚600G,1813468330532	,厨房电器,净水器/净水设备及配件耗材,净水器,	,6923185653684	,6923185616399	,	,	,无售后或售后取消,,2026-01-23 12:46:16,	,,,,,,,否,否,	,否,	,,619.0	,0.0	,0.0	,100.0	,0.2	,0.0	,0.0	,0.0	,519.0	,619.0	,JDV025295995499,京东大件物流,河北省,沧州市,东光县,,,否,否,	,	,	,否,	,	,	,	,	,	,	,	,	,	,	,	,否,否,	,否,否,,	,否,	,否,,,否
新品首发 Viomi云米 小海豚3上市RO净水器5年长效反渗透净水器,260123-047060108882133,已取消,1	,正常,	,	,,	,	,862873034610	,小海豚3（原装滤芯）（包安装）,1825244823454	,厨房电器,净水器/净水设备及配件耗材,净水器,	,6923185605867	,	,	,	,无售后或售后取消,,	,	,,,,,,,否,否,	,否,	,,498.9	,0.0	,0.0	,5.0	,0.0	,0.0	,0.0	,0.0	,493.9	,498.9	,	,	,****,****,****,****,,否,否,	,	,	,否,	,	,	,	,	,	,	,	,	,	,	,	,否,否,	,否,	,,	,否,	,否,,,否
新品首发 Viomi云米 小海豚3上市RO净水器5年长效反渗透净水器,260123-542449416531378,未发货，退款成功,1	,正常,2026-01-23 12:32:31,2026-01-24 12:32:31,,	,	,862873034610	,小海豚3（原装滤芯）（包安装）,1825244823454	,厨房电器,净水器/净水设备及配件耗材,净水器,	,6923185605867	,	,延迟7天发货   晒图评价登记赠送1年延保+20元 ZX2601250061850拦截 1.25梓晖,	,退款成功,,2026-01-23 12:32:31,	,,,,,,,否,否,	,否,	,,498.9	,0.0	,0.0	,99.0	,0.0	,0.0	,0.0	,0.0	,399.9	,498.9	,	,	,****,****,****,****,,否,否,	,	,	,否,	,	,	,	,	,	,	,	,	,	,	,	,否,否,	,否,否,,	,否,	,否,,,否
VIOMI 云米净水器600G小海豚升级版厨下式RO反渗透直饮家用,260123-015277832510732,已收货,1	,正常,2026-01-23 12:30:36,2026-01-24 12:30:37,,2026-01-24 09:03:46,2026-01-25 15:28:22,225501370546	,小海豚600G,1813468330532	,厨房电器,净水器/净水设备及配件耗材,净水器,	,6923185653684	,6923185616399	,	,	,无售后或售后取消,,2026-01-23 12:30:37,	,,,,,,,否,否,	,否,	,,619.0	,0.0	,0.0	,90.0	,0.0	,0.0	,0.0	,0.0	,529.0	,619.0	,JDV025293982074,京东大件物流,****,****,****,****,,否,否,	,	,	,否,	,	,	,	,	,	,	,	,	,	,	,	,否,否,	,否,否,,	,否,	,否,,,否
VIOMI云米净水器小海豚600G+升级版厨下式RO反渗透直饮家用,260123-013275010593675,已发货，退款成功,1	,正常,2026-01-23 12:21:07,2026-01-24 12:21:08,,2026-01-24 09:04:39,	,852161740747	,小海豚600G+升级版,1835709207960	,厨房电器,净水器/净水设备及配件耗材,净水器,	,6923185653684	,	,ZX2601230063157==延发拦截1.23米锋===TH2C126262526已审核 待退回仓库 1.24梓晖,	,退款成功,,2026-01-23 12:21:08,	,,,,,,,否,否,	,否,	,,559.0	,0.0	,0.0	,60.0	,0.0	,0.0	,0.0	,0.0	,499.0	,559.0	,JDV025293504617,京东大件物流,****,****,****,****,,否,否,	,	,	,否,	,	,	,	,	,	,	,	,	,	,	,	,否,否,	,否,否,,	,否,	,否,,,否
VIOMI云米净水器小海豚600G+升级版厨下式RO反渗透直饮家用,260123-362555687262506,已发货，待收货,1	,正常,2026-01-23 12:17:36,2026-01-24 12:17:36,,2026-01-24 09:04:39,	,852161740747	,小海豚600G+升级版,1835709207960	,厨房电器,净水器/净水设备及配件耗材,净水器,	,6923185653684	,	,	,	,无售后或售后取消,,2026-01-23 12:17:36,	,,,,,,,否,否,	,否,	,,559.0	,0.0	,0.0	,0.0	,0.0	,0.0	,0.0	,0.0	,559.0	,559.0	,JDV025293521231,京东大件物流,北京市,北京市,大兴区,,,否,否,	,	,	,否,	,	,	,	,	,	,	,	,	,	,	,	,否,否,	,否,否,,	,否,	,否,,,否
VIOMI云米净水器小海豚600G+升级版厨下式RO反渗透直饮家用,260123-013505739180677,未发货，退款成功,1	,正常,2026-01-23 12:14:51,2026-01-24 12:14:51,,	,	,852161740747	,小海豚600G+升级版,1835709207960	,厨房电器,净水器/净水设备及配件耗材,净水器,	,6923185653684	,	,聚水潭已取消发货 已退款1.23丹丹,	,退款成功,,2026-01-23 12:14:51,	,,,,,,,否,否,	,否,	,,559.0	,0.0	,0.0	,0.0	,0.0	,0.0	,0.0	,0.0	,559.0	,559.0	,	,	,****,****,****,****,,否,否,	,	,	,否,	,	,	,	,	,	,	,	,	,	,	,	,否,否,	,否,否,,	,否,	,否,,,否
云米净水器600G小海豚升级版厨下式RO反渗透直饮家用,260123-111128112643695,已收货,1	,正常,2026-01-23 12:01:01,2026-01-24 12:01:01,,2026-01-24 09:03:47,2026-01-25 13:11:30,852932116812	,小海豚600G+6年滤芯套装,1812983769340	,厨房电器,净水器/净水设备及配件耗材,净水器,	,S2508151538001,	,	,	,无售后或售后取消,,2026-01-23 12:01:01,	,,,,,,,否,否,	,否,	,,772.0	,0.0	,0.0	,92.64	,0.2	,0.0	,0.0	,0.0	,679.36	,772.0	,JDV025293200616,京东大件物流,****,****,****,****,,否,否,	,	,	,否,	,	,	,	,	,	,	,	,	,	,	,	,否,否,	,否,否,,	,否,	,否,,,否
VIOMI 云米净水器600G小海豚升级版厨下式RO反渗透直饮家用,260123-126300997202412,已取消,1	,正常,	,	,,	,	,225501370546	,小海豚600G,1813468330532	,厨房电器,净水器/净水设备及配件耗材,净水器,	,6923185653684	,6923185616399	,	,	,无售后或售后取消,,	,	,,,,,,,否,否,	,否,	,,619.0	,0.0	,0.0	,0.0	,0.0	,0.0	,0.0	,0.0	,619.0	,619.0	,	,	,****,****,****,****,,否,否,	,	,	,否,	,	,	,	,	,	,	,	,	,	,	,	,否,否,	,否,	,,	,否,	,否,,,否
新品首发 Viomi云米 小海豚3上市RO净水器5年长效反渗透净水器,260123-093302300183504,已发货，待收货,1	,正常,2026-01-23 11:57:30,2026-01-24 11:57:31,,2026-01-24 09:04:39,	,862873034610	,小海豚3+1支复合滤芯（包安装）,1825244823452	,厨房电器,净水器/净水设备及配件耗材,净水器,	,S2512250944002,	,	,	,无售后或售后取消,,2026-01-23 11:57:31,	,,,,,,,否,否,	,否,	,,609.9	,0.0	,0.0	,0.0	,0.0	,0.0	,0.0	,0.0	,609.9	,609.9	,JDV025294821039,京东大件物流,福建省,龙岩市,新罗区,,,否,否,	,	,	,否,	,	,	,	,	,	,	,	,	,	,	,	,否,否,	,否,否,,	,否,	,否,,,否
VIOMI 云米净水器600G小海豚升级版厨下式RO反渗透直饮家用,260123-319605982802412,已发货，待收货,1	,正常,2026-01-23 11:59:35,2026-01-24 11:59:35,	,2026-01-24 09:03:46,	,225501370546	,小海豚600G,1813468330532	,厨房电器,净水器/净水设备及配件耗材,净水器,	,6923185653684	,6923185616399	,	,	,无售后或售后取消,,2026-01-23 11:59:35,	,,,,,,,否,否,	,否,	,,619.0	,0.0	,0.0	,74.28	,0.0	,0.0	,0.0	,0.0	,544.72	,619.0	,JDV025294820705,京东大件物流,广东省,东莞市,茶山镇,,,否,否,	,	,	,否,	,	,	,	,	,	,	,	,	,	,	,	,否,否,	,否,否,,	,否,	,否,,,否
新品首发 Viomi云米 小海豚3上市RO净水器5年长效反渗透净水器,260123-345275143703504,已取消,1	,正常,	,	,,	,	,862873034610	,小海豚3（原装滤芯）（包安装）,1825244823454	,厨房电器,净水器/净水设备及配件耗材,净水器,	,6923185605867	,	,	,	,无售后或售后取消,,	,	,,,,,,,否,否,	,否,	,,498.9	,0.0	,0.0	,0.0	,0.0	,0.0	,0.0	,0.0	,498.9	,498.9	,	,	,****,****,****,****,,否,否,	,	,	,否,	,	,	,	,	,	,	,	,	,	,	,	,否,否,	,否,	,,	,否,	,否,,,否
VIOMI云米净水器小海豚600G+升级版厨下式RO反渗透直饮家用,260123-304768652812275,未发货，退款成功,1	,审核中，请勿发货,2026-01-23 11:55:20,2026-01-24 11:55:20,,	,	,852161740747	,小海豚600G+升级版,1835709207960	,厨房电器,净水器/净水设备及配件耗材,净水器,	,6923185653684	,	,聚水潭已取消发货 已退款1.23丹丹,	,退款成功,,2026-01-23 11:55:20,	,,,,,,,否,否,	,否,	,,559.0	,0.0	,0.0	,60.0	,0.0	,0.0	,0.0	,0.0	,499.0	,559.0	,	,	,****,****,****,****,,否,否,	,	,	,否,	,	,	,	,	,	,	,	,	,	,	,	,否,否,	,否,	,,	,否,	,否,,,否
VIOMI云米 复合滤芯五合一,260123-394904267121399,已发货，待收货,1	,正常,2026-01-23 11:55:14,2026-01-25 11:55:14,,2026-01-25 15:10:24,	,872941778883	,小海豚3(600G)适用,1830647583079	,厨房电器,净水器/净水设备及配件耗材,净水器配件耗材,	,6923185657347	,	,	,	,无售后或售后取消,,2026-01-23 11:55:14,	,,,,,,,否,否,	,否,	,,298.0	,0.0	,0.0	,0.0	,0.0	,0.0	,0.0	,0.0	,298.0	,298.0	,JDV025332785071,京东大件物流,湖南省,湘潭市,雨湖区,,,否,否,	,	,	,否,	,	,	,	,	,	,	,	,	,	,	,	,否,否,	,否,否,,	,否,	,否,,,否
VIOMI 云米净水器600G小海豚升级版厨下式RO反渗透直饮家用,260123-295310518702294,已发货，待收货,1	,正常,2026-01-23 11:55:12,2026-01-24 11:55:12,,2026-01-24 09:03:47,	,225501370546	,小海豚600G,1813468330532	,厨房电器,净水器/净水设备及配件耗材,净水器,	,6923185653684	,6923185616399	,	,	,无售后或售后取消,,2026-01-23 11:55:12,	,,,,,,,否,否,	,否,	,,619.0	,0.0	,0.0	,74.28	,0.0	,0.0	,0.0	,0.0	,544.72	,619.0	,JDV025294018211,京东大件物流,河南省,商丘市,睢阳区,,,否,否,	,	,	,否,	,	,	,	,	,	,	,	,	,	,	,	,否,否,	,否,否,,	,否,	,否,,,否
VIOMI云米净水器小海豚600G+升级版厨下式RO反渗透直饮家用,260123-067412969103618,已取消,1	,正常,	,	,,	,	,852161740747	,小海豚600G+升级版,1835709207960	,厨房电器,净水器/净水设备及配件耗材,净水器,	,6923185653684	,	,	,	,无售后或售后取消,,	,	,,,,,,,否,否,	,否,	,,559.0	,0.0	,0.0	,0.0	,0.0	,0.0	,0.0	,0.0	,559.0	,559.0	,	,	,****,****,****,****,,否,否,	,	,	,否,	,	,	,	,	,	,	,	,	,	,	,	,否,否,	,否,	,,	,否,	,否,,,否
VIOMI云米净水器小海豚600G+升级版厨下式RO反渗透直饮家用,260123-414292405911953,已发货，待收货,1	,正常,2026-01-23 11:40:27,2026-01-24 11:40:28,,2026-01-24 09:04:39,	,852161740747	,小海豚600G+升级版,1835709207960	,厨房电器,净水器/净水设备及配件耗材,净水器,	,6923185653684	,	,AZ2601240227398=15037819595=安装=陈煜1.24,	,无售后或售后取消,,2026-01-23 11:40:28,	,,,,,,,否,否,	,否,	,,559.0	,0.0	,0.0	,60.0	,0.0	,0.0	,0.0	,0.0	,499.0	,559.0	,JDV025295056477,京东大件物流,河南省,开封市,鼓楼区,,,否,否,	,	,	,否,	,	,	,	,	,	,	,	,	,	,	,	,否,否,	,否,否,,	,否,	,否,,,否
新品首发 Viomi云米 小海豚3上市RO净水器5年长效反渗透净水器,260123-491624907121399,已发货，待收货,1	,正常,2026-01-23 11:35:56,2026-01-24 11:35:56,,2026-01-24 09:04:39,	,862873034610	,小海豚3（原装滤芯）（包安装）,1825244823454	,厨房电器,净水器/净水设备及配件耗材,净水器,	,6923185605867	,	,AZ2601240227375==1.24振尧,	,无售后或售后取消,,2026-01-23 11:35:56,	,,,,,,,否,否,	,否,	,,498.9	,0.0	,0.0	,0.0	,0.0	,0.0	,0.0	,0.0	,498.9	,498.9	,JDV025294812280,京东大件物流,湖南省,湘潭市,雨湖区,,,否,否,	,	,	,否,	,	,	,	,	,	,	,	,	,	,	,	,否,否,	,否,否,,	,否,	,否,,,否
VIOMI 云米净水器600G小海豚升级版厨下式RO反渗透直饮家用,260123-637712525602442,已发货，待收货,1	,正常,2026-01-23 11:35:09,2026-01-24 11:35:09,,2026-01-24 09:03:47,	,225501370546	,小海豚600G,1813468330532	,厨房电器,净水器/净水设备及配件耗材,净水器,	,6923185653684	,6923185616399	,	,	,无售后或售后取消,,2026-01-23 11:35:09,	,,,,,,,否,否,	,否,	,,619.0	,0.0	,0.0	,80.47	,1.07	,0.0	,0.0	,0.0	,538.53	,619.0	,JDV025294800796,京东大件物流,广西壮族自治区,南宁市,江南区,,,否,否,	,	,	,否,	,	,	,	,	,	,	,	,	,	,	,	,否,否,	,否,否,,	,否,	,否,,,否
VIOMI云米 复合滤芯五合一,260123-640312983921399,未发货，退款成功,1	,正常,2026-01-23 11:34:13,2026-01-25 11:34:14,,	,	,872941778883	,小海豚3(600G)适用,1830647583079	,厨房电器,净水器/净水设备及配件耗材,净水器配件耗材,	,6923185657347	,	,"TH2C664798688退货单,OFC已取消发货1.23丹丹",	,退款成功,,2026-01-23 11:34:14,	,,,,,,,否,否,	,否,	,,298.0	,0.0	,0.0	,0.0	,0.0	,0.0	,0.0	,0.0	,298.0	,298.0	,	,	,****,****,****,****,,否,否,	,	,	,否,	,	,	,	,	,	,	,	,	,	,	,	,否,否,	,否,否,,	,否,	,否,,,否
新品首发 Viomi云米 小海豚3上市RO净水器5年长效反渗透净水器,260123-317571797361399,未发货，退款成功,1	,正常,2026-01-23 11:34:28,2026-01-24 11:34:28,,	,	,862873034610	,小海豚3（原装滤芯）（包安装）,1825244823454	,厨房电器,净水器/净水设备及配件耗材,净水器,	,6923185605867	,	,聚水潭已取消发货 已退款1.23丹丹,	,退款成功,,2026-01-23 11:34:28,	,,,,,,,否,否,	,否,	,,498.9	,0.0	,0.0	,0.0	,0.0	,0.0	,0.0	,0.0	,498.9	,498.9	,	,	,****,****,****,****,,否,否,	,	,	,否,	,	,	,	,	,	,	,	,	,	,	,	,否,否,	,否,否,,	,否,	,否,,,否
云米净水器600G小海豚升级版厨下式RO反渗透直饮家用,260123-523134584360896,已取消,1	,正常,	,	,,	,	,852932116812	,小海豚600G+6年滤芯套装,1812983769340	,厨房电器,净水器/净水设备及配件耗材,净水器,	,S2508151538001,	,	,	,无售后或售后取消,,	,	,,,,,,,否,否,	,否,	,,772.0	,0.0	,36.0	,24.0	,0.0	,0.0	,0.0	,0.0	,712.0	,736.0	,	,	,****,****,****,****,,否,否,	,	,	,否,	,	,	,	,	,	,	,	,	,	,	,	,否,否,	,否,	,,	,否,	,否,,,否
VIOMI云米净水器小海豚600G+升级版厨下式RO反渗透直饮家用,260123-198673712722412,未发货，退款成功,1	,正常,2026-01-23 11:29:02,2026-01-24 11:29:02,	,	,	,852161740747	,小海豚600G+升级版,1835709207960	,厨房电器,净水器/净水设备及配件耗材,净水器,	,6923185653684	,	,聚水潭已取消发货 已退款1.23丹丹,	,退款成功,,2026-01-23 11:29:02,	,,,,,,,否,否,	,否,	,,559.0	,0.0	,0.0	,0.0	,0.0	,0.0	,0.0	,0.0	,559.0	,559.0	,	,	,****,****,****,****,,否,否,	,	,	,否,	,	,	,	,	,	,	,	,	,	,	,	,否,否,	,否,否,,	,否,	,否,,,否
云米净水器600G小海豚升级版厨下式RO反渗透直饮家用,260123-458374530632899,已发货，待收货,1	,正常,2026-01-23 11:28:19,2026-01-24 11:28:19,,2026-01-24 09:03:46,	,852932116812	,小海豚600G+6年滤芯套装,1812983769340	,厨房电器,净水器/净水设备及配件耗材,净水器,	,S2508151538001,	,晒图评价赠送一根tds笔,	,无售后或售后取消,,2026-01-23 11:28:19,	,,,,,,,否,否,	,否,	,,772.0	,0.0	,0.0	,100.0	,0.0	,0.0	,0.0	,0.0	,672.0	,772.0	,JDV025294179121,京东大件物流,陕西省,西安市,长安区,,,否,否,	,	,	,否,	,	,	,	,	,	,	,	,	,	,	,	,否,否,	,否,否,,	,否,	,否,,,否
云米鲲鹏PRO烟机28m³大吸力聚能猛火灶一级能效烟灶联动厨电套装,260123-603025589780336,已发货，待收货,1	,正常,2026-01-23 11:27:54,2026-01-24 11:27:54,,2026-01-24 09:03:46,	,784230725200	,"【烟灶套装】鲲鹏PRO大吸力烟机+5.2灶具,天然气",1763233003376	,大家电,厨房大电,烟灶消套装,	,S2505161744001,	,	,	,无售后或售后取消,,2026-01-23 11:27:54,	,,,,,,,否,否,	,否,	,,2557.0	,0.0	,0.0	,0.0	,0.0	,0.0	,0.0	,0.0	,2557.0	,2557.0	,JDV025300788693,京东大件物流,山东省,威海市,荣成市,,,否,否,	,	,	,否,	,	,	,	,	,	,	,	,	,	,	,	,否,否,	,否,否,,	,否,	,否,,,否
新品首发 Viomi云米 小海豚3上市RO净水器5年长效反渗透净水器,260123-018413074873114,已收货,1	,正常,2026-01-23 11:24:03,2026-01-24 11:24:03,,2026-01-24 09:04:39,2026-01-24 17:42:56,862873034610	,小海豚3（原装滤芯）（包安装）,1825244823454	,厨房电器,净水器/净水设备及配件耗材,净水器,	,6923185605867	,	,	,	,无售后或售后取消,,2026-01-23 11:24:03,	,,,,,,,否,否,	,否,	,,498.9	,0.0	,0.0	,60.0	,0.0	,0.0	,0.0	,0.0	,438.9	,498.9	,JDV025294763463,京东大件物流,****,****,****,****,,否,否,	,	,	,否,	,	,	,	,	,	,	,	,	,	,	,	,否,否,	,否,否,,	,否,	,否,,,否
VIOMI云米净水器小海豚600G+升级版厨下式RO反渗透直饮家用,260123-152263728722229,已取消,1	,正常,	,	,,	,	,852161740747	,小海豚600G+升级版,1835709207960	,厨房电器,净水器/净水设备及配件耗材,净水器,	,6923185653684	,	,	,	,无售后或售后取消,,	,	,,,,,,,否,否,	,否,	,,559.0	,0.0	,0.0	,0.0	,0.0	,0.0	,0.0	,0.0	,559.0	,559.0	,	,	,****,****,****,****,,否,否,	,	,	,否,	,	,	,	,	,	,	,	,	,	,	,	,否,否,	,否,	,,	,否,	,否,,,否
VIOMI云米净水器小海豚600G+升级版厨下式RO反渗透直饮家用,260123-404089761352899,未发货，退款成功,1	,正常,2026-01-23 11:23:09,2026-01-24 11:23:09,,	,	,852161740747	,小海豚600G+升级版,1835709207960	,厨房电器,净水器/净水设备及配件耗材,净水器,	,6923185653684	,	,聚水潭已取消发货 已退款1.23丹丹,	,退款成功,,2026-01-23 11:23:09,	,,,,,,,否,否,	,否,	,,559.0	,0.0	,0.0	,0.0	,0.0	,0.0	,0.0	,0.0	,559.0	,559.0	,	,	,****,****,****,****,,否,否,	,	,	,否,	,	,	,	,	,	,	,	,	,	,	,	,否,否,	,否,否,,	,否,	,否,,,否
新品首发 Viomi云米 小海豚3上市RO净水器5年长效反渗透净水器,260123-436469788310551,未发货，退款成功,1	,正常,2026-01-23 11:25:46,2026-01-24 11:25:46,,	,	,862873034610	,小海豚3（原装滤芯）（包安装）,1825244823454	,厨房电器,净水器/净水设备及配件耗材,净水器,	,6923185605867	,	,晒图评价赠送1年延保+20元 ZX2601240062557拦截1.24梓晖 TH2C892443183待拦截退回后填写单号1.24丹丹 ,	,退款成功,,2026-01-23 11:25:46,	,,,,,,,否,否,	,否,	,,498.9	,0.0	,0.0	,60.0	,0.0	,0.0	,0.0	,0.0	,438.9	,498.9	,	,	,****,****,****,****,,否,否,	,	,	,否,	,	,	,	,	,	,	,	,	,	,	,	,否,否,	,否,否,,	,否,	,否,,,否
VIOMI云米 复合滤芯五合一,260123-581215229470484,已发货，待收货,4	,正常,2026-01-23 11:09:56,2026-01-25 11:09:56,,2026-01-24 13:27:51,	,872941778883	,小海豚600G+适用,1830543217502	,厨房电器,净水器/净水设备及配件耗材,净水器配件耗材,	,6923185627425	,	,咨询过运营可以给到99/根 购买了4根~后返784差价,	,无售后或售后取消,,2026-01-23 11:09:56,	,,,,,,,否,否,	,否,	,,1192.0	,0.0	,11.92	,0.0	,0.0	,0.0	,0.0	,0.0	,1180.08	,1180.08	,JDV025292239171,京东大件物流,安徽省,芜湖市,鸠江区,,,否,否,	,	,	,否,	,	,	,	,	,	,	,	,	,	,	,	,否,否,	,否,否,,	,否,	,否,,,否
VIOMI云米净水器小海豚600G+升级版厨下式RO反渗透直饮家用,260123-411440268901640,已取消,1	,正常,	,	,,	,	,852161740747	,小海豚600G+升级版,1835709207960	,厨房电器,净水器/净水设备及配件耗材,净水器,	,6923185653684	,	,	,	,无售后或售后取消,,	,	,,,,,,,否,否,	,否,	,,559.0	,0.0	,0.0	,50.0	,0.0	,0.0	,0.0	,0.0	,509.0	,559.0	,	,	,****,****,****,****,,否,否,	,	,	,否,	,	,	,	,	,	,	,	,	,	,	,	,否,否,	,否,	,,	,否,	,否,,,否
VIOMI云米净水器小海豚600G+升级版厨下式RO反渗透直饮家用,260123-523784691333339,已取消,1	,正常,	,	,,	,	,852161740747	,小海豚600G+升级版,1835709207960	,厨房电器,净水器/净水设备及配件耗材,净水器,	,6923185653684	,	,	,	,无售后或售后取消,,	,	,,,,,,,否,否,	,否,	,,559.0	,0.0	,0.0	,0.0	,0.0	,0.0	,0.0	,0.0	,559.0	,559.0	,	,	,****,****,****,****,,否,否,	,	,	,否,	,	,	,	,	,	,	,	,	,	,	,	,否,否,	,否,	,,	,否,	,否,,,否
VIOMI云米净水器小海豚600G+升级版厨下式RO反渗透直饮家用,260123-612620091701548,已取消,1	,正常,	,	,,	,	,852161740747	,小海豚600G+升级版,1835709207960	,厨房电器,净水器/净水设备及配件耗材,净水器,	,6923185653684	,	,	,	,无售后或售后取消,,	,	,,,,,,,否,否,	,否,	,,559.0	,0.0	,0.0	,0.0	,0.0	,0.0	,0.0	,0.0	,559.0	,559.0	,	,	,****,****,****,****,,否,否,	,	,	,否,	,	,	,	,	,	,	,	,	,	,	,	,否,否,	,否,	,,	,否,	,否,,,否
VIOMI云米净水器小海豚600G+升级版厨下式RO反渗透直饮家用,260123-466081616294048,已取消,1	,正常,	,	,,	,	,852161740747	,小海豚600G+升级版,1835709207960	,厨房电器,净水器/净水设备及配件耗材,净水器,	,6923185653684	,	,	,	,无售后或售后取消,,	,	,,,,,,,否,否,	,否,	,,559.0	,0.0	,0.0	,0.0	,0.0	,0.0	,0.0	,0.0	,559.0	,559.0	,	,	,****,****,****,****,,否,否,	,	,	,否,	,	,	,	,	,	,	,	,	,	,	,	,否,否,	,否,	,,	,否,	,否,,,否
VIOMI云米净水器小海豚600G+升级版厨下式RO反渗透直饮家用,260123-622476706120178,已发货，待收货,1	,正常,2026-01-23 10:44:35,2026-01-24 10:44:35,,2026-01-24 09:04:40,	,852161740747	,小海豚600G+升级版,1835709207960	,厨房电器,净水器/净水设备及配件耗材,净水器,	,6923185653684	,	,	,	,无售后或售后取消,,2026-01-23 10:44:35,	,,,,,,,否,否,	,否,	,,559.0	,0.0	,0.0	,0.0	,0.0	,0.0	,0.0	,0.0	,559.0	,559.0	,JDV025293174577,京东大件物流,山东省,日照市,莒县,,,否,否,	,	,	,否,	,	,	,	,	,	,	,	,	,	,	,	,否,否,	,否,否,,	,否,	,否,,,否
VIOMI云米净水器小海豚600G+升级版厨下式RO反渗透直饮家用,260123-375516075661582,已收货,1	,正常,2026-01-23 10:32:59,2026-01-24 10:32:59,,2026-01-23 13:53:33,2026-01-25 17:44:21,852161740747	,小海豚600G+升级版,1835709207960	,厨房电器,净水器/净水设备及配件耗材,净水器,	,6923185653684	,	,	,	,无售后或售后取消,,2026-01-23 10:32:59,	,,,,,,,否,否,	,否,	,,559.0	,0.0	,0.0	,0.0	,0.0	,0.0	,0.0	,0.0	,559.0	,559.0	,JDV025293374000,京东大件物流,****,****,****,****,,否,否,	,	,	,否,	,	,	,	,	,	,	,	,	,	,	,	,否,否,	,否,否,,	,否,	,否,,,否
VIOMI云米净水器小海豚600G+升级版厨下式RO反渗透直饮家用,260123-620085963080178,未发货，退款成功,1	,正常,2026-01-23 10:32:19,2026-01-24 10:32:19,,	,	,852161740747	,小海豚600G+升级版,1835709207960	,厨房电器,净水器/净水设备及配件耗材,净水器,	,6923185653684	,	,聚水潭已取消发货 已退款1.23丹丹,	,退款成功,,2026-01-23 10:32:19,	,,,,,,,否,否,	,否,	,,559.0	,0.0	,0.0	,0.0	,0.0	,0.0	,0.0	,0.0	,559.0	,559.0	,	,	,****,****,****,****,,否,否,	,	,	,否,	,	,	,	,	,	,	,	,	,	,	,	,否,否,	,否,否,,	,否,	,否,,,否
VIOMI云米净水器小海豚600G+升级版厨下式RO反渗透直饮家用,260123-325027172774048,已取消,1	,正常,	,	,,	,	,852161740747	,小海豚600G+升级版,1835709207960	,厨房电器,净水器/净水设备及配件耗材,净水器,	,6923185653684	,	,	,	,无售后或售后取消,,	,	,,,,,,,否,否,	,否,	,,559.0	,0.0	,0.0	,0.0	,0.0	,0.0	,0.0	,0.0	,559.0	,559.0	,	,	,****,****,****,****,,否,否,	,	,	,否,	,	,	,	,	,	,	,	,	,	,	,	,否,否,	,否,	,,	,否,	,否,,,否
VIOMI云米净水器小海豚600G+升级版厨下式RO反渗透直饮家用,260123-649068551771994,未发货，退款成功,1	,审核中，请勿发货,2026-01-23 10:21:25,2026-01-24 10:21:25,,	,	,852161740747	,小海豚600G+升级版,1835709207960	,厨房电器,净水器/净水设备及配件耗材,净水器,	,6923185653684	,	,聚水潭已取消发货 已退款1.23丹丹,	,退款成功,,2026-01-23 10:21:25,	,,,,,,,否,否,	,否,	,,559.0	,0.0	,0.0	,60.0	,1.11	,0.0	,0.0	,0.0	,499.0	,559.0	,	,	,****,****,****,****,,否,否,	,	,	,否,	,	,	,	,	,	,	,	,	,	,	,	,否,否,	,否,	,,	,否,	,否,,,否
VIOMI云米净水器小海豚600G+升级版厨下式RO反渗透直饮家用,260123-255705781813041,已取消,1	,正常,	,	,,	,	,852161740747	,小海豚600G+升级版,1835709207960	,厨房电器,净水器/净水设备及配件耗材,净水器,	,6923185653684	,	,	,	,无售后或售后取消,,	,	,,,,,,,否,否,	,否,	,,559.0	,0.0	,0.0	,0.0	,0.0	,0.0	,0.0	,0.0	,559.0	,559.0	,	,	,****,****,****,****,,否,否,	,	,	,否,	,	,	,	,	,	,	,	,	,	,	,	,否,否,	,否,	,,	,否,	,否,,,否
云米无线手持吸尘器家用立式除螨大吸力吸尘机A9长续航宠物家庭,260123-123616642643096,已发货，待收货,1	,正常,2026-01-23 10:03:28,2026-01-24 10:03:28,,2026-01-24 09:03:47,	,823432069145	,云米吸尘器【长续航】,1789783831646	,生活电器,吸尘器,吸尘器,	,6923185611844	,6923185611844	,	,	,无售后或售后取消,,2026-01-23 10:03:28,	,,,,,,,否,否,	,否,	,,550.0	,0.0	,0.0	,0.0	,0.0	,0.0	,0.0	,0.0	,550.0	,550.0	,JDV025294742019,京东大件物流,北京市,北京市,朝阳区,,,否,否,	,	,	,否,	,	,	,	,	,	,	,	,	,	,	,	,否,否,	,否,否,,	,否,	,否,,,否
云米无线手持吸尘器家用立式除螨大吸力吸尘机A9长续航宠物家庭,260123-294974953043096,已取消,1	,正常,	,	,,	,	,823432069145	,云米吸尘器【长续航】,1789783831646	,生活电器,吸尘器,吸尘器,	,6923185611844	,6923185611844	,	,	,无售后或售后取消,,	,	,,,,,,,否,否,	,否,	,,550.0	,0.0	,0.0	,0.0	,0.0	,0.0	,0.0	,0.0	,550.0	,550.0	,	,	,****,****,****,****,,否,否,	,	,	,否,	,	,	,	,	,	,	,	,	,	,	,	,否,否,	,否,	,,	,否,	,否,,,否
VIOMI 云米净水器600G小海豚升级版厨下式RO反渗透直饮家用,260123-601326917251863,已取消,1	,正常,	,	,,	,	,225501370546	,小海豚600G,1813468330532	,厨房电器,净水器/净水设备及配件耗材,净水器,	,6923185653684	,6923185616399	,	,	,无售后或售后取消,,	,	,,,,,,,否,否,	,否,	,,619.0	,0.0	,0.0	,99.04	,0.0	,0.0	,0.0	,0.0	,519.96	,619.0	,	,	,****,****,****,****,,否,否,	,	,	,否,	,	,	,	,	,	,	,	,	,	,	,	,否,否,	,否,	,,	,否,	,否,,,否
VIOMI 云米净水器600G小海豚升级版厨下式RO反渗透直饮家用,260123-568223383873336,已发货，待收货,1	,正常,2026-01-23 09:49:20,2026-01-24 09:49:20,,2026-01-24 09:03:48,	,225501370546	,小海豚600G,1813468330532	,厨房电器,净水器/净水设备及配件耗材,净水器,	,6923185653684	,6923185616399	,	,	,无售后或售后取消,,2026-01-23 09:49:20,	,,,,,,,否,否,	,否,	,,619.0	,0.0	,0.0	,74.28	,0.0	,0.0	,0.0	,0.0	,544.72	,619.0	,JDV025292206385,京东大件物流,湖北省,武汉市,江岸区,,,否,否,	,	,	,否,	,	,	,	,	,	,	,	,	,	,	,	,否,否,	,否,否,,	,否,	,否,,,否
云米小厨宝6L即热式厨房台下洗碗热水宝上出水储水式小型电热水器,260123-606748086692812,已取消,1	,正常,	,	,,	,	,205451808289	,"热水即刻有6L,小厨宝",1752480784258	,大家电,热水器,电热水器,	,6923185611233	,6923185611233	,	,	,无售后或售后取消,,	,	,,,,,,,否,否,	,否,	,,289.0	,0.0	,0.0	,17.34	,0.0	,0.0	,0.0	,0.0	,271.66	,289.0	,	,	,****,****,****,****,,否,否,	,	,	,否,	,	,	,	,	,	,	,	,	,	,	,	,否,否,	,否,	,,	,否,	,否,,,否
云米净水器600G小海豚升级版厨下式RO反渗透直饮家用,260123-584885235350954,已发货，待收货,1	,正常,2026-01-23 09:39:50,2026-01-24 09:39:50,,2026-01-24 09:03:48,	,852932116812	,小海豚600G+6年滤芯套装,1812983769340	,厨房电器,净水器/净水设备及配件耗材,净水器,	,S2508151538001,	,	,	,无售后或售后取消,,2026-01-23 09:39:50,	,,,,,,,否,否,	,否,	,,772.0	,0.0	,0.0	,38.0	,0.0	,0.0	,0.0	,0.0	,734.0	,772.0	,JDV025294844930,京东大件物流,福建省,福州市,长乐区,,,否,否,	,	,	,否,	,	,	,	,	,	,	,	,	,	,	,	,否,否,	,否,否,,	,否,	,否,,,否
VIOMI 云米净水器600G小海豚升级版厨下式RO反渗透直饮家用,260123-301885100420789,已发货，待收货,1	,正常,2026-01-23 09:32:49,2026-01-24 09:32:49,,2026-01-23 13:53:34,	,225501370546	,小海豚600G,1813468330532	,厨房电器,净水器/净水设备及配件耗材,净水器,	,6923185653684	,6923185616399	,	,	,无售后或售后取消,,2026-01-23 09:32:49,	,,,,,,,否,否,	,否,	,,619.0	,0.0	,0.0	,80.47	,0.0	,0.0	,0.0	,0.0	,538.53	,619.0	,JDV025289847016,京东大件物流,山东省,临沂市,河东区,,,否,否,	,	,	,否,	,	,	,	,	,	,	,	,	,	,	,	,否,否,	,否,否,,	,否,	,否,,,否
云米净水器600G小海豚升级版厨下式RO反渗透直饮家用,260123-013379857933573,已收货,1	,正常,2026-01-23 09:30:26,2026-01-24 09:30:26,,2026-01-23 13:53:33,2026-01-25 13:59:40,852932116812	,小海豚600G+6年滤芯套装,1812983769340	,厨房电器,净水器/净水设备及配件耗材,净水器,	,S2508151538001,	,	,	,无售后或售后取消,,2026-01-23 09:30:26,	,,,,,,,否,否,	,否,	,,772.0	,0.0	,0.0	,100.0	,0.0	,0.0	,0.0	,0.0	,672.0	,772.0	,JDV025292110033,京东大件物流,****,****,****,****,,否,否,	,	,	,否,	,	,	,	,	,	,	,	,	,	,	,	,否,否,	,否,是,3	,消费者,否,	,否,,花呗分期,否
云米净水器600G小海豚升级版厨下式RO反渗透直饮家用,260123-040139569483671,已发货，待收货,1	,正常,2026-01-23 09:27:59,2026-01-24 09:27:59,,2026-01-24 09:03:47,	,852932116812	,小海豚600G+6年滤芯套装,1812983769340	,厨房电器,净水器/净水设备及配件耗材,净水器,	,S2508151538001,	,	,	,无售后或售后取消,,2026-01-23 09:27:59,	,,,,,,,否,否,	,否,	,,772.0	,0.0	,0.0	,100.0	,1.34	,0.0	,0.0	,0.0	,672.0	,772.0	,JDV025292218687,京东大件物流,江苏省,无锡市,新吴区,,,否,否,	,	,	,否,	,	,	,	,	,	,	,	,	,	,	,	,否,否,	,否,否,,	,否,	,否,,,否
VIOMI云米净水器小海豚600G+升级版厨下式RO反渗透直饮家用,260123-308753241710662,已发货，待收货,1	,正常,2026-01-23 09:21:29,2026-01-24 09:21:30,	,2026-01-24 09:04:40,	,852161740747	,小海豚600G+升级版,1835709207960	,厨房电器,净水器/净水设备及配件耗材,净水器,	,6923185653684	,	,	,	,无售后或售后取消,,2026-01-23 09:21:30,	,,,,,,,否,否,	,否,	,,559.0	,0.0	,0.0	,0.0	,8.0	,0.0	,0.0	,0.0	,559.0	,559.0	,JDV025292262114,京东大件物流,江苏省,扬州市,广陵区,,,否,否,	,	,	,否,	,	,	,	,	,	,	,	,	,	,	,	,否,否,	,否,否,,	,否,	,否,,,否
VIOMI云米净水器小海豚600G+升级版厨下式RO反渗透直饮家用,260123-189593086391721,已发货，待收货,1	,正常,2026-01-23 09:13:45,2026-01-24 09:13:45,,2026-01-24 09:04:41,	,852161740747	,小海豚600G+升级版,1835709207960	,厨房电器,净水器/净水设备及配件耗材,净水器,	,6923185653684	,	,	,	,无售后或售后取消,,2026-01-23 09:13:45,	,,,,,,,否,否,	,否,	,,559.0	,0.0	,0.0	,60.0	,0.0	,0.0	,0.0	,0.0	,499.0	,559.0	,JDV025294799525,京东大件物流,湖南省,益阳市,南县,,,否,否,	,	,	,否,	,	,	,	,	,	,	,	,	,	,	,	,否,否,	,否,否,,	,否,	,否,,,否
云米22m³大吸力顶侧爆吸油烟机一级能效蓝调烟机挥手智控高温清洁,260123-113246236193187,已发货，待收货,1	,正常,2026-01-23 09:11:37,2026-01-24 09:11:37,,2026-01-24 09:03:48,	,283026078701	,云米蓝调大吸力油烟机,1725241260848	,大家电,厨房大电,油烟机,	,6923185650973	,6923185650973	,	,	,无售后或售后取消,,2026-01-23 09:11:37,	,,,,,,,否,否,	,否,	,,899.0	,0.0	,0.0	,0.0	,0.0	,0.0	,0.0	,0.0	,899.0	,899.0	,JDV025294763975,京东大件物流,广西壮族自治区,北海市,合浦县,,,否,否,	,	,	,否,	,	,	,	,	,	,	,	,	,	,	,	,否,否,	,否,否,,	,否,	,否,,,否
云米5.0KW智能燃气灶大火力爆炒灶具一级节能家用厨房双灶头台嵌,260123-611613437473187,待发货,1	,正常,2026-01-23 09:10:18,2026-01-24 09:10:18,,	,	,623266189560	,5.0KW精焰猛火灶（液化气）,1690346386817	,大家电,厨房大电,燃气灶,	,6923185649649	,	,	,	,无售后或售后取消,,2026-01-23 09:10:18,	,,,,,,,否,否,	,否,	,,444.0	,0.0	,29.0	,16.0	,0.0	,0.0	,0.0	,0.0	,399.0	,415.0	,	,	,广西壮族自治区,北海市,合浦县,,,否,否,	,	,	,否,	,	,	,	,	,	,	,	,	,	,	,	,否,否,	,否,否,,	,否,	,否,,,否
VIOMI云米净水器小海豚600G+升级版厨下式RO反渗透直饮家用,260123-553197289911721,已取消,1	,正常,	,	,,	,	,852161740747	,小海豚600G+升级版,1835709207960	,厨房电器,净水器/净水设备及配件耗材,净水器,	,6923185653684	,	,	,	,无售后或售后取消,,	,	,,,,,,,否,否,	,否,	,,559.0	,0.0	,0.0	,0.0	,0.0	,0.0	,0.0	,0.0	,559.0	,559.0	,	,	,****,****,****,****,,否,否,	,	,	,否,	,	,	,	,	,	,	,	,	,	,	,	,否,否,	,否,	,,	,否,	,否,,,否
VIOMI云米净水器小海豚600G+升级版厨下式RO反渗透直饮家用,260123-570939164233945,已发货，待收货,1	,正常,2026-01-23 09:01:22,2026-01-24 09:01:22,,2026-01-23 13:53:33,	,852161740747	,小海豚600G+升级版,1835709207960	,厨房电器,净水器/净水设备及配件耗材,净水器,	,6923185653684	,	,	,	,无售后或售后取消,,2026-01-23 09:01:22,	,,,,,,,否,否,	,否,	,,559.0	,0.0	,0.0	,0.0	,0.2	,0.0	,0.0	,0.0	,559.0	,559.0	,JDV025290403605,京东大件物流,山东省,淄博市,淄川区,,,否,否,	,	,	,否,	,	,	,	,	,	,	,	,	,	,	,	,否,否,	,否,否,,	,否,	,否,,,否
VIOMI 云米净水器600G小海豚升级版厨下式RO反渗透直饮家用,260123-175594617142815,已发货，待收货,1	,正常,2026-01-23 08:58:27,2026-01-24 08:58:28,,2026-01-23 13:53:33,	,225501370546	,小海豚600G,1813468330532	,厨房电器,净水器/净水设备及配件耗材,净水器,	,6923185653684	,6923185616399	,	,	,无售后或售后取消,,2026-01-23 08:58:28,	,,,,,,,否,否,	,否,	,,619.0	,0.0	,0.0	,100.0	,8.0	,0.0	,0.0	,0.0	,519.0	,619.0	,JDV025290555065,京东大件物流,吉林省,长春市,九台区,,,否,否,	,	,	,否,	,	,	,	,	,	,	,	,	,	,	,	,否,否,	,否,否,,	,否,	,否,,,否
VIOMI 云米净水器600G小海豚升级版厨下式RO反渗透直饮家用,260123-638016581122791,已发货，待收货,1	,正常,2026-01-23 08:58:00,2026-01-24 08:58:00,,2026-01-23 13:53:33,	,225501370546	,小海豚600G,1813468330532	,厨房电器,净水器/净水设备及配件耗材,净水器,	,6923185653684	,6923185616399	,	,	,无售后或售后取消,,2026-01-23 08:58:00,	,,,,,,,否,否,	,否,	,,619.0	,0.0	,0.0	,100.0	,0.0	,0.0	,0.0	,0.0	,519.0	,619.0	,JDV025290555039,京东大件物流,四川省,成都市,双流区,,,否,否,	,	,	,否,	,	,	,	,	,	,	,	,	,	,	,	,否,否,	,否,否,,	,否,	,否,,,否
VIOMI 云米净水器600G小海豚升级版厨下式RO反渗透直饮家用,260123-327407430051883,已收货,1	,正常,2026-01-23 08:54:52,2026-01-24 08:54:52,,2026-01-23 13:53:33,2026-01-25 09:37:55,225501370546	,小海豚600G,1813468330532	,厨房电器,净水器/净水设备及配件耗材,净水器,	,6923185653684	,6923185616399	,	,	,无售后或售后取消,,2026-01-23 08:54:52,	,,,,,,,否,否,	,否,	,,619.0	,0.0	,0.0	,100.0	,0.0	,0.0	,0.0	,0.0	,519.0	,619.0	,JDV025290426221,京东大件物流,****,****,****,****,,否,否,	,	,	,否,	,	,	,	,	,	,	,	,	,	,	,	,否,否,	,否,否,,	,否,	,否,,,否
VIOMI云米净水器小海豚600G+升级版厨下式RO反渗透直饮家用,260123-223661299350954,未发货，退款成功,1	,正常,2026-01-23 08:48:50,2026-01-24 08:48:50,,	,	,852161740747	,小海豚600G+升级版,1835709207960	,厨房电器,净水器/净水设备及配件耗材,净水器,	,6923185653684	,	,TH2C633628683用户退款，OFC已取消发货1.23丹丹,	,退款成功,,2026-01-23 08:48:50,	,,,,,,,否,否,	,否,	,,559.0	,0.0	,0.0	,60.0	,0.0	,0.0	,0.0	,0.0	,499.0	,559.0	,	,	,****,****,****,****,,否,否,	,	,	,否,	,	,	,	,	,	,	,	,	,	,	,	,否,否,	,否,否,,	,否,	,否,,,否
VIOMI云米净水器小海豚600G+升级版厨下式RO反渗透直饮家用,260123-315894023750561,已取消,1	,正常,	,	,,	,	,852161740747	,小海豚600G+升级版,1835709207960	,厨房电器,净水器/净水设备及配件耗材,净水器,	,6923185653684	,	,	,	,无售后或售后取消,,	,	,,,,,,,否,否,	,否,	,,559.0	,0.0	,0.0	,0.0	,0.0	,0.0	,0.0	,0.0	,559.0	,559.0	,	,	,****,****,****,****,,否,否,	,	,	,否,	,	,	,	,	,	,	,	,	,	,	,	,否,否,	,否,	,,	,否,	,否,,,否
Viomi云米净水器1000G厨下式RO反渗透直饮过滤器净饮小海豚2,260123-602731998840983,已发货，待收货,1	,正常,2026-01-23 08:34:38,2026-01-24 08:34:38,,2026-01-24 13:27:52,	,205458105137	,小海豚2包安装1000G大加仑,1802849942800	,厨房电器,净水器/净水设备及配件耗材,净水器,	,6923185654865	,	,	,	,无售后或售后取消,,2026-01-23 08:34:38,	,,,,,,,否,否,	,否,	,,999.0	,0.0	,100.0	,89.9	,0.0	,0.0	,0.0	,0.0	,809.1	,899.0	,JDV025294771060,京东大件物流,浙江省,宁波市,鄞州区,,,否,否,	,	,	,否,	,	,	,	,	,	,	,	,	,	,	,	,否,否,	,否,否,,	,否,	,否,,,否
云米净水器600G小海豚升级版厨下式RO反渗透直饮家用,260123-310609221180583,已取消,1	,正常,	,	,,	,	,852932116812	,小海豚600G+6年滤芯套装,1812983769340	,厨房电器,净水器/净水设备及配件耗材,净水器,	,S2508151538001,	,	,	,无售后或售后取消,,	,	,,,,,,,否,否,	,否,	,,772.0	,0.0	,0.0	,100.0	,0.0	,0.0	,0.0	,0.0	,672.0	,772.0	,	,	,****,****,****,****,,否,否,	,	,	,否,	,	,	,	,	,	,	,	,	,	,	,	,否,否,	,否,	,,	,否,	,否,,,否
Viomi云米净水器1000G厨下式RO反渗透直饮过滤器净饮小海豚2,260123-302503760272047,已取消,1	,正常,	,	,,	,	,205458105137	,小海豚2包安装1000G大加仑,1802849942800	,厨房电器,净水器/净水设备及配件耗材,净水器,	,6923185654865	,	,	,	,无售后或售后取消,,	,	,,,,,,,否,否,	,否,	,,999.0	,0.0	,100.0	,62.93	,0.0	,0.0	,0.0	,0.0	,836.07	,899.0	,	,	,****,****,****,****,,否,否,	,	,	,否,	,	,	,	,	,	,	,	,	,	,	,	,否,否,	,否,	,,	,否,	,否,,,否
云米电热水器50/60升洗澡家用浴室速热大容量省电防漏电安全保温,260123-056969162241527,已取消,1	,正常,	,	,,	,	,436320010098	,"速热长效保温安全电热水器,50L【2-3人】",1756921788832	,大家电,热水器,电热水器,	,6923185614920	,6923185614920	,	,	,无售后或售后取消,,	,	,,,,,,,否,否,	,否,	,,486.0	,0.0	,0.0	,6.0	,0.0	,0.0	,0.0	,0.0	,480.0	,486.0	,	,	,****,****,****,****,,否,否,	,	,	,否,	,	,	,	,	,	,	,	,	,	,	,	,否,否,	,否,	,,	,否,	,否,,,否
VIOMI云米净水器小海豚600G+升级版厨下式RO反渗透直饮家用,260123-042750471751873,已发货，待收货,1	,正常,2026-01-23 07:57:45,2026-01-24 07:57:45,,2026-01-23 13:53:34,	,852161740747	,小海豚600G+升级版,1835709207960	,厨房电器,净水器/净水设备及配件耗材,净水器,	,6923185653684	,	,	,	,无售后或售后取消,,2026-01-23 07:57:45,	,,,,,,,否,否,	,否,	,,559.0	,0.0	,0.0	,60.0	,0.0	,0.0	,0.0	,0.0	,499.0	,559.0	,JDV025289033902,京东大件物流,河北省,衡水市,安平县,,,否,否,	,	,	,否,	,	,	,	,	,	,	,	,	,	,	,	,否,否,	,否,否,,	,否,	,否,,,否
VIOMI 云米净水器600G小海豚升级版厨下式RO反渗透直饮家用,260123-466301754923384,已发货，待收货,1	,正常,2026-01-23 07:42:54,2026-01-24 07:42:54,,2026-01-23 20:29:04,	,225501370546	,小海豚600G,1813468330532	,厨房电器,净水器/净水设备及配件耗材,净水器,	,6923185653684	,6923185616399	,	,	,无售后或售后取消,,2026-01-23 07:42:54,	,,,,,,,否,否,	,否,	,,619.0	,0.0	,0.0	,70.0	,0.0	,0.0	,0.0	,0.0	,549.0	,619.0	,JDV025294790050,京东大件物流,湖南省,长沙市,望城区,,,否,否,	,	,	,否,	,	,	,	,	,	,	,	,	,	,	,	,否,否,	,否,否,,	,否,	,否,,,否
VIOMI云米净水器小海豚600G+升级版厨下式RO反渗透直饮家用,260123-077720471110454,已取消,1	,正常,	,	,,	,	,852161740747	,小海豚600G+升级版,1835709207960	,厨房电器,净水器/净水设备及配件耗材,净水器,	,6923185653684	,	,	,	,无售后或售后取消,,	,	,,,,,,,否,否,	,否,	,,559.0	,0.0	,0.0	,0.0	,0.0	,0.0	,0.0	,0.0	,559.0	,559.0	,	,	,****,****,****,****,,否,否,	,	,	,否,	,	,	,	,	,	,	,	,	,	,	,	,否,否,	,否,	,,	,否,	,否,,,否
VIOMI云米净水器小海豚600G+升级版厨下式RO反渗透直饮家用,260123-677810061701890,已取消,1	,正常,	,	,,	,	,852161740747	,小海豚600G+升级版,1835709207960	,厨房电器,净水器/净水设备及配件耗材,净水器,	,6923185653684	,	,	,	,无售后或售后取消,,	,	,,,,,,,否,否,	,否,	,,559.0	,0.0	,0.0	,60.0	,0.0	,0.0	,0.0	,0.0	,499.0	,559.0	,	,	,****,****,****,****,,否,否,	,	,	,否,	,	,	,	,	,	,	,	,	,	,	,	,否,否,	,否,	,,	,否,	,否,,,否
VIOMI 云米净水器600G小海豚升级版厨下式RO反渗透直饮家用,260123-289543298662818,已取消,1	,正常,	,	,,	,	,225501370546	,小海豚600G,1813468330532	,厨房电器,净水器/净水设备及配件耗材,净水器,	,6923185653684	,6923185616399	,	,	,无售后或售后取消,,	,	,,,,,,,否,否,	,否,	,,619.0	,0.0	,0.0	,86.66	,0.0	,0.0	,0.0	,0.0	,532.34	,619.0	,	,	,****,****,****,****,,否,否,	,	,	,否,	,	,	,	,	,	,	,	,	,	,	,	,否,否,	,否,	,,	,否,	,否,,,否
云米净水器600G小海豚升级版厨下式RO反渗透直饮家用,260123-248072138381179,已发货，待收货,1	,正常,2026-01-23 06:58:08,2026-01-24 06:58:08,,2026-01-23 13:53:34,	,852932116812	,小海豚600G+6年滤芯套装,1812983769340	,厨房电器,净水器/净水设备及配件耗材,净水器,	,S2508151538001,	,	,	,无售后或售后取消,,2026-01-23 06:58:08,	,,,,,,,否,否,	,否,	,,772.0	,0.0	,0.0	,100.0	,16.0	,0.0	,0.0	,0.0	,672.0	,772.0	,JDV025288324593,京东大件物流,江西省,九江市,濂溪区,,,否,否,	,	,	,否,	,	,	,	,	,	,	,	,	,	,	,	,否,否,	,否,是,3	,商家,否,	,否,,信用卡分期,否
VIOMI云米净水器小海豚600G+升级版厨下式RO反渗透直饮家用,260123-541599997453501,已发货，待收货,1	,正常,2026-01-23 06:36:16,2026-01-24 06:36:16,,2026-01-23 13:53:34,	,852161740747	,小海豚600G+升级版,1835709207960	,厨房电器,净水器/净水设备及配件耗材,净水器,	,6923185653684	,	,	,	,无售后或售后取消,,2026-01-23 06:36:16,	,,,,,,,否,否,	,否,	,,559.0	,0.0	,0.0	,100.0	,0.0	,0.0	,0.0	,0.0	,459.0	,559.0	,JDV025288847581,京东大件物流,辽宁省,鞍山市,铁西区,,,否,否,	,	,	,否,	,	,	,	,	,	,	,	,	,	,	,	,否,否,	,否,否,,	,否,	,否,,,否
云米净水器600G小海豚升级版厨下式RO反渗透直饮家用,260123-369801326180287,已取消,1	,正常,	,	,,	,	,852932116812	,小海豚600G+6年滤芯套装,1812983769340	,厨房电器,净水器/净水设备及配件耗材,净水器,	,S2508151538001,	,	,	,无售后或售后取消,,	,	,,,,,,,否,否,	,否,	,,772.0	,0.0	,0.0	,100.0	,0.0	,0.0	,0.0	,0.0	,672.0	,772.0	,	,	,****,****,****,****,,否,否,	,	,	,否,	,	,	,	,	,	,	,	,	,	,	,	,否,否,	,否,	,,	,否,	,否,,,否
VIOMI 云米净水器600G小海豚升级版厨下式RO反渗透直饮家用,260123-437644183150184,已收货,1	,正常,2026-01-23 05:48:58,2026-01-24 05:48:58,,2026-01-23 20:30:17,2026-01-24 20:15:13,225501370546	,小海豚600G,1813468330532	,厨房电器,净水器/净水设备及配件耗材,净水器,	,6923185653684	,6923185616399	,	,	,无售后或售后取消,,2026-01-23 05:48:58,	,,,,,,,否,否,	,否,	,,619.0	,0.0	,0.0	,86.66	,0.2	,0.0	,0.0	,0.0	,532.34	,619.0	,JDV025292223970,京东大件物流,****,****,****,****,,否,否,	,	,	,否,	,	,	,	,	,	,	,	,	,	,	,	,否,否,	,否,否,,	,否,	,否,,,否
云米顶侧大吸力蓝调油烟机家用厨房节能自清洁一级能效可挥手智控,260123-545888745882669,未发货，退款成功,1	,正常,2026-01-23 03:00:15,2026-01-24 03:00:15,,	,	,657344402006	,顶侧双吸智清洁挥手智控单烟机,1832827639759	,大家电,厨房大电,油烟机,	,6923185650973	,6923185650973	,聚水潭已取消发货 已退款1.23丹丹,	,退款成功,,2026-01-23 03:00:15,	,,,,,,,否,否,	,否,	,,849.0	,0.0	,0.0	,0.0	,0.0	,0.0	,0.0	,0.0	,849.0	,849.0	,	,	,****,****,****,****,,否,否,	,	,	,否,	,	,	,	,	,	,	,	,	,	,	,	,否,否,	,否,否,,	,否,	,否,,,否
云米蓝调2PRO燃气热水器静音节能水伺服恒温语音控制智控节能变频,260123-324901343641281,已发货，待收货,1	,正常,2026-01-23 01:43:43,2026-01-24 01:43:43,,2026-01-23 13:53:34,	,852010588191	,2PRO燃气热水器【静音节能】,1812265470712	,大家电,热水器,燃气热水器,	,6923185656869	,6923185656869	,	,	,无售后或售后取消,,2026-01-23 01:43:43,	,,,,,,,否,否,	,否,	,,898.99	,0.0	,0.0	,0.0	,0.0	,0.0	,0.0	,0.0	,898.99	,898.99	,JDV025288441316,京东大件物流,江西省,赣州市,安远县,,,否,否,	,	,	,否,	,	,	,	,	,	,	,	,	,	,	,	,否,否,	,否,否,,	,否,	,否,,,否
云米蓝调2PRO燃气热水器静音节能水伺服恒温语音控制智控节能变频,260123-224206590361281,已取消,1	,正常,	,	,,	,	,852010588191	,2PRO燃气热水器【静音节能】,1812265470712	,大家电,热水器,燃气热水器,	,6923185656869	,6923185656869	,	,	,无售后或售后取消,,	,	,,,,,,,否,否,	,否,	,,898.99	,0.0	,0.0	,0.0	,0.0	,0.0	,0.0	,0.0	,898.99	,898.99	,	,	,****,****,****,****,,否,否,	,	,	,否,	,	,	,	,	,	,	,	,	,	,	,	,否,否,	,否,	,,	,否,	,否,,,否
VIOMI云米净水器小海豚600G+升级版厨下式RO反渗透直饮家用,260123-436920675933690,已发货，待收货,1	,正常,2026-01-23 01:26:52,2026-01-24 01:26:53,,2026-01-23 13:53:34,	,852161740747	,小海豚600G+升级版,1835709207960	,厨房电器,净水器/净水设备及配件耗材,净水器,	,6923185653684	,	,	,	,无售后或售后取消,,2026-01-23 01:26:53,	,,,,,,,否,否,	,否,	,,559.0	,0.0	,0.0	,0.0	,0.0	,0.0	,0.0	,0.0	,559.0	,559.0	,JDV025287111144,京东大件物流,四川省,绵阳市,游仙区,,,否,否,	,	,	,否,	,	,	,	,	,	,	,	,	,	,	,	,否,否,	,否,否,,	,否,	,否,,,否
VIOMI云米净水器小海豚600G+升级版厨下式RO反渗透直饮家用,260123-416871913043374,已取消,1	,正常,	,	,,	,	,852161740747	,小海豚600G+升级版,1835709207960	,厨房电器,净水器/净水设备及配件耗材,净水器,	,6923185653684	,	,	,	,无售后或售后取消,,	,	,,,,,,,否,否,	,否,	,,559.0	,0.0	,0.0	,0.0	,0.0	,0.0	,0.0	,0.0	,559.0	,559.0	,	,	,****,****,****,****,,否,否,	,	,	,否,	,	,	,	,	,	,	,	,	,	,	,	,否,否,	,否,	,,	,否,	,否,,,否
VIOMI云米净水器小海豚600G+升级版厨下式RO反渗透直饮家用,260123-168694935043592,已发货，待收货,1	,正常,2026-01-23 01:19:11,2026-01-24 01:19:11,,2026-01-23 13:53:34,	,852161740747	,小海豚600G+升级版,1835709207960	,厨房电器,净水器/净水设备及配件耗材,净水器,	,6923185653684	,	,	,	,无售后或售后取消,,2026-01-23 01:19:11,	,,,,,,,否,否,	,否,	,,559.0	,0.0	,0.0	,0.0	,1.11	,0.0	,0.0	,0.0	,559.0	,559.0	,JDV025288436733,京东大件物流,广东省,肇庆市,端州区,,,否,否,	,	,	,否,	,	,	,	,	,	,	,	,	,	,	,	,否,否,	,否,否,,	,否,	,否,,,否
云米净水器600G小海豚升级版厨下式RO反渗透直饮家用,260123-638341660960778,已取消,1	,正常,	,	,,	,	,852932116812	,小海豚600G+6年滤芯套装,1812983769340	,厨房电器,净水器/净水设备及配件耗材,净水器,	,S2508151538001,	,	,	,无售后或售后取消,,	,	,,,,,,,否,否,	,否,	,,772.0	,0.0	,0.0	,100.0	,0.0	,0.0	,0.0	,0.0	,672.0	,772.0	,	,	,****,****,****,****,,否,否,	,	,	,否,	,	,	,	,	,	,	,	,	,	,	,	,否,否,	,否,	,,	,否,	,否,,,否
云米净水器600G小海豚升级版厨下式RO反渗透直饮家用,260123-063973639772383,已发货，待收货,1	,正常,2026-01-23 00:26:24,2026-01-24 00:26:25,,2026-01-23 13:53:34,	,852932116812	,小海豚600G+6年滤芯套装,1812983769340	,厨房电器,净水器/净水设备及配件耗材,净水器,	,S2508151538001,	,赠送一个tds笔,	,无售后或售后取消,,2026-01-23 00:26:25,	,,,,,,,否,否,	,否,	,,772.0	,0.0	,0.0	,92.64	,0.0	,0.0	,0.0	,0.0	,679.36	,772.0	,JDV025288343071,京东大件物流,河南省,许昌市,建安区,,,否,否,	,	,	,否,	,	,	,	,	,	,	,	,	,	,	,	,否,否,	,否,否,,	,否,	,否,,,否
VIOMI云米净水器小海豚600G+升级版厨下式RO反渗透直饮家用,260123-677317251362943,已收货,1	,正常,2026-01-23 00:10:40,2026-01-24 00:10:40,,2026-01-23 13:53:35,2026-01-25 14:21:15,852161740747	,小海豚600G+升级版,1835709207960	,厨房电器,净水器/净水设备及配件耗材,净水器,	,6923185653684	,	,	,	,无售后或售后取消,,2026-01-23 00:10:40,	,,,,,,,否,否,	,否,	,,559.0	,0.0	,0.0	,60.0	,0.0	,0.0	,0.0	,0.0	,499.0	,559.0	,JDV025286579232,京东大件物流,****,****,****,****,,否,否,	,	,	,否,	,	,	,	,	,	,	,	,	,	,	,	,否,否,	,否,否,,	,否,	,否,,,否
VIOMI云米净水器小海豚600G+升级版厨下式RO反渗透直饮家用,260123-379626462791666,未发货，退款成功,1	,正常,2026-01-23 00:01:30,2026-01-24 00:01:30,,	,	,852161740747	,小海豚600G+升级版,1835709207960	,厨房电器,净水器/净水设备及配件耗材,净水器,	,6923185653684	,	,聚水潭已取消发货 已退款1.23丹丹,	,退款成功,,2026-01-23 00:01:30,	,,,,,,,否,否,	,否,	,,559.0	,0.0	,0.0	,0.0	,0.0	,0.0	,0.0	,0.0	,559.0	,559.0	,	,	,****,****,****,****,,否,否,	,	,	,否,	,	,	,	,	,	,	,	,	,	,	,	,否,否,	,否,否,,	,否,	,否,,,否
云米净水器600G小海豚升级版厨下式RO反渗透直饮家用,260122-415823348143718,已发货，待收货,1	,正常,2026-01-22 23:56:31,2026-01-23 23:56:32,,2026-01-23 13:53:34,	,852932116812	,小海豚600G+6年滤芯套装,1812983769340	,厨房电器,净水器/净水设备及配件耗材,净水器,	,S2508151538001,	,	,	,无售后或售后取消,,2026-01-22 23:56:32,	,,,,,,,否,否,	,否,	,,772.0	,0.0	,36.0	,24.0	,0.0	,0.0	,0.0	,0.0	,712.0	,736.0	,JDV025287010129,京东大件物流,山东省,枣庄市,滕州市,,,否,否,	,	,	,否,	,	,	,	,	,	,	,	,	,	,	,	,否,是,	,否,否,,	,否,	,否,,,否
云米净水器600G小海豚升级版厨下式RO反渗透直饮家用,260122-583763290543718,未发货，退款成功,1	,正常,2026-01-22 23:52:27,2026-01-23 23:52:27,,	,	,852932116812	,小海豚600G+6年滤芯套装,1812983769340	,厨房电器,净水器/净水设备及配件耗材,净水器,	,S2508151538001,	,聚水潭已取消发货 已退款1.23丹丹,	,退款成功,,2026-01-22 23:52:27,	,,,,,,,否,否,	,否,	,,772.0	,0.0	,36.0	,24.0	,0.0	,0.0	,0.0	,0.0	,712.0	,736.0	,	,	,****,****,****,****,,否,否,	,	,	,否,	,	,	,	,	,	,	,	,	,	,	,	,否,是,	,否,否,,	,否,	,否,,,否
VIOMI云米净水器小海豚600G+升级版厨下式RO反渗透直饮家用,260122-225664100641949,已发货，待收货,1	,正常,2026-01-22 23:49:24,2026-01-23 23:49:24,,2026-01-23 16:32:23,	,852161740747	,小海豚600G+升级版,1835709207960	,厨房电器,净水器/净水设备及配件耗材,净水器,	,6923185653684	,	,	,	,无售后或售后取消,,2026-01-22 23:49:24,	,,,,,,,否,否,	,否,	,,559.0	,0.0	,0.0	,60.0	,0.0	,0.0	,0.0	,0.0	,499.0	,559.0	,JDV025294764849,京东大件物流,广西壮族自治区,玉林市,玉州区,,,否,否,	,	,	,否,	,	,	,	,	,	,	,	,	,	,	,	,否,否,	,否,否,,	,否,	,否,,,否
新品首发 Viomi云米 小海豚3上市RO净水器5年长效反渗透净水器,260122-657299945782766,已发货，待收货,1	,正常,2026-01-22 23:31:00,2026-01-23 23:31:00,,2026-01-23 13:53:34,	,862873034610	,小海豚3（原装滤芯）（包安装）,1825244823454	,厨房电器,净水器/净水设备及配件耗材,净水器,	,6923185605867	,	,	,	,无售后或售后取消,,2026-01-22 23:31:00,	,,,,,,,否,否,	,否,	,,498.9	,0.0	,0.0	,0.0	,0.0	,0.0	,0.0	,0.0	,498.9	,498.9	,JDV025288450764,京东大件物流,江苏省,徐州市,泉山区,,,否,否,	,	,	,否,	,	,	,	,	,	,	,	,	,	,	,	,否,否,	,否,否,,	,否,	,否,,,否
VIOMI云米净水器小海豚600G+升级版厨下式RO反渗透直饮家用,260122-436081836390582,已收货,1	,正常,2026-01-22 23:12:21,2026-01-23 23:12:21,	,2026-01-23 11:52:34,2026-01-25 12:14:05,852161740747	,小海豚600G+升级版,1835709207960	,厨房电器,净水器/净水设备及配件耗材,净水器,	,6923185653684	,	,	,	,无售后或售后取消,,2026-01-22 23:12:21,	,,,,,,,否,否,	,否,	,,559.0	,0.0	,0.0	,0.0	,0.0	,0.0	,0.0	,0.0	,559.0	,559.0	,JDV025288267839,京东大件物流,****,****,****,****,,否,否,	,	,	,否,	,	,	,	,	,	,	,	,	,	,	,	,否,否,	,否,否,,	,否,	,否,,,否
新品首发 Viomi云米 小海豚3上市RO净水器5年长效反渗透净水器,260122-287792218481399,已取消,1	,正常,	,	,,	,	,862873034610	,小海豚3（原装滤芯）（包安装）,1825244823454	,厨房电器,净水器/净水设备及配件耗材,净水器,	,6923185605867	,	,	,	,无售后或售后取消,,	,	,,,,,,,否,否,	,否,	,,498.9	,0.0	,0.0	,0.0	,0.0	,0.0	,0.0	,0.0	,498.9	,498.9	,	,	,****,****,****,****,,否,否,	,	,	,否,	,	,	,	,	,	,	,	,	,	,	,	,否,否,	,否,	,,	,否,	,否,,,否
VIOMI云米净水器小海豚600G+升级版厨下式RO反渗透直饮家用,260122-433921738353081,已发货，待收货,1	,正常,2026-01-22 22:45:39,2026-01-23 22:45:39,,2026-01-23 11:12:54,	,852161740747	,小海豚600G+升级版,1835709207960	,厨房电器,净水器/净水设备及配件耗材,净水器,	,6923185653684	,	,	,	,无售后或售后取消,,2026-01-22 22:45:39,	,,,,,,,否,否,	,否,	,,559.0	,0.0	,0.0	,0.0	,0.0	,0.0	,0.0	,0.0	,559.0	,559.0	,JDV025288435940,京东大件物流,广东省,潮州市,饶平县,,,否,否,	,	,	,否,	,	,	,	,	,	,	,	,	,	,	,	,否,否,	,否,否,,	,否,	,否,,,否
VIOMI云米净水器小海豚600G+升级版厨下式RO反渗透直饮家用,260122-446913584690929,已取消,1	,正常,	,	,,	,	,852161740747	,小海豚600G+升级版,1835709207960	,厨房电器,净水器/净水设备及配件耗材,净水器,	,6923185653684	,	,	,	,无售后或售后取消,,	,	,,,,,,,否,否,	,否,	,,559.0	,0.0	,0.0	,0.0	,0.0	,0.0	,0.0	,0.0	,559.0	,559.0	,	,	,****,****,****,****,,否,否,	,	,	,否,	,	,	,	,	,	,	,	,	,	,	,	,否,否,	,否,	,,	,否,	,否,,,否
云米矿泉台式净饮机即热式饮水机直饮家用矿化加热一体机净水器,260122-535413440853396,待发货,1	,正常,2026-01-22 22:41:45,2026-01-23 22:41:46,,	,	,850344043841	,AI净饮机Super2,1810740228115	,厨房电器,台式净饮机,台式净饮机,	,6923185615415	,6923185615415	,	,	,无售后或售后取消,,2026-01-22 22:41:46,	,,,,,,,否,否,	,否,中国澳门集运,,1099.0	,0.0	,100.0	,48.0	,0.0	,0.0	,0.0	,0.0	,951.0	,999.0	,	,	,广东省,珠海市,香洲区,,,否,否,	,	,	,否,	,	,	,	,	,	,	,	,	,	,	,	,否,否,	,否,否,,	,否,	,否,,,否
云米净水器600G小海豚升级版厨下式RO反渗透直饮家用,260122-123826399552642,已发货，待收货,1	,正常,2026-01-22 22:15:09,2026-01-23 22:15:09,,2026-01-23 11:12:53,	,852932116812	,小海豚600G+6年滤芯套装,1812983769340	,厨房电器,净水器/净水设备及配件耗材,净水器,	,S2508151538001,	,	,	,无售后或售后取消,,2026-01-22 22:15:09,	,,,,,,,否,否,	,否,	,,772.0	,0.0	,0.0	,100.0	,0.0	,0.0	,0.0	,0.0	,672.0	,772.0	,JDV025285641370,京东大件物流,山东省,烟台市,莱阳市,,,否,否,	,	,	,否,	,	,	,	,	,	,	,	,	,	,	,	,否,否,	,否,是,3	,商家,否,	,否,,信用卡分期,否
VIOMI云米 复合滤芯五合一,260122-457263029802126,已发货，待收货,1	,正常,2026-01-22 22:13:27,2026-01-24 22:13:27,,2026-01-23 13:53:35,	,872941778883	,小海豚3(600G)适用,1830647583079	,厨房电器,净水器/净水设备及配件耗材,净水器配件耗材,	,6923185657347	,	,99一根复和 [viomi小甜心 01/22 22:13],	,无售后或售后取消,,2026-01-22 22:13:27,	,,,,,,,否,否,	,否,	,,298.0	,0.0	,0.0	,0.0	,0.0	,0.0	,0.0	,0.0	,298.0	,298.0	,JDV025288422721,京东大件物流,安徽省,黄山市,黄山区,,,否,否,	,	,	,否,	,	,	,	,	,	,	,	,	,	,	,	,否,否,	,否,否,,	,否,	,否,,,否
VIOMI云米净水器小海豚600G+升级版厨下式RO反渗透直饮家用,260122-342465001833779,未发货，退款成功,1	,正常,2026-01-22 22:10:11,2026-01-23 22:10:12,,	,	,852161740747	,小海豚600G+升级版,1835709207960	,厨房电器,净水器/净水设备及配件耗材,净水器,	,6923185653684	,	,TH2C336926594用户退款OFC已取消发货1.23丹丹,	,退款成功,,2026-01-22 22:10:12,	,,,,,,,否,否,	,否,	,,559.0	,0.0	,0.0	,0.0	,0.0	,0.0	,0.0	,0.0	,559.0	,559.0	,	,	,****,****,****,****,,否,否,	,	,	,否,	,	,	,	,	,	,	,	,	,	,	,	,否,否,	,否,否,,	,否,	,否,,,否
新品首发 Viomi云米 小海豚3上市RO净水器5年长效反渗透净水器,260122-527580567173706,已发货，待收货,1	,正常,2026-01-22 22:11:41,2026-01-23 22:11:41,,2026-01-23 11:52:34,	,862873034610	,小海豚3（原装滤芯）（包安装）,1825244823454	,厨房电器,净水器/净水设备及配件耗材,净水器,	,6923185605867	,	,晒图送1年延保 [viomi小甜心 01/22 22:46],	,无售后或售后取消,,2026-01-22 22:11:41,	,,,,,,,否,否,	,否,	,,498.9	,0.0	,0.0	,0.0	,0.0	,0.0	,0.0	,0.0	,498.9	,498.9	,JDV025288450702,京东大件物流,甘肃省,临夏回族自治州,临夏市,,,否,否,	,	,	,否,	,	,	,	,	,	,	,	,	,	,	,	,否,是,	,否,否,,	,否,	,否,,,否
新品首发 Viomi云米 小海豚3上市RO净水器5年长效反渗透净水器,260122-381104975402126,已发货，待收货,1	,正常,2026-01-22 21:59:20,2026-01-23 21:59:20,,2026-01-23 11:12:54,	,862873034610	,小海豚3（原装滤芯）（包安装）,1825244823454	,厨房电器,净水器/净水设备及配件耗材,净水器,	,6923185605867	,	,嗮图赠送一年延保 [viomi小甜心 01/22 22:11],	,无售后或售后取消,,2026-01-22 21:59:20,	,,,,,,,否,否,	,否,	,,498.9	,0.0	,0.0	,0.0	,0.0	,0.0	,0.0	,0.0	,498.9	,498.9	,JDV025288436274,京东大件物流,安徽省,黄山市,黄山区,,,否,否,	,	,	,否,	,	,	,	,	,	,	,	,	,	,	,	,否,否,	,否,否,,	,否,	,否,,,否
VIOMI云米净水器小海豚600G+升级版厨下式RO反渗透直饮家用,260122-025134374550423,已收货,1	,正常,2026-01-22 21:50:33,2026-01-23 21:50:33,,2026-01-23 11:12:53,2026-01-25 14:05:25,852161740747	,小海豚600G+升级版,1835709207960	,厨房电器,净水器/净水设备及配件耗材,净水器,	,6923185653684	,	,	,	,无售后或售后取消,,2026-01-22 21:50:33,	,,,,,,,否,否,	,否,	,,559.0	,0.0	,0.0	,0.0	,0.0	,0.0	,0.0	,0.0	,559.0	,559.0	,JDV025288343045,京东大件物流,****,****,****,****,,否,否,	,	,	,否,	,	,	,	,	,	,	,	,	,	,	,	,否,否,	,否,否,,	,否,	,否,,,否
VIOMI云米净水器小海豚600G+升级版厨下式RO反渗透直饮家用,260122-299662098793886,已收货,1	,正常,2026-01-22 21:44:24,2026-01-23 21:44:24,,2026-01-23 11:12:53,2026-01-25 10:30:28,852161740747	,小海豚600G+升级版,1835709207960	,厨房电器,净水器/净水设备及配件耗材,净水器,	,6923185653684	,	,	,	,无售后或售后取消,,2026-01-22 21:44:24,	,,,,,,,否,否,	,否,	,,559.0	,0.0	,0.0	,60.0	,0.0	,0.0	,0.0	,0.0	,499.0	,559.0	,JDV025285673608,京东大件物流,****,****,****,****,,否,否,	,	,	,否,	,	,	,	,	,	,	,	,	,	,	,	,否,否,	,否,否,,	,否,	,否,,,否
VIOMI云米净水器小海豚600G+升级版厨下式RO反渗透直饮家用,260122-040328282510953,已取消,1	,正常,	,	,,	,	,852161740747	,小海豚600G+升级版,1835709207960	,厨房电器,净水器/净水设备及配件耗材,净水器,	,6923185653684	,	,	,	,无售后或售后取消,,	,	,,,,,,,否,否,	,否,	,,559.0	,0.0	,0.0	,0.0	,0.0	,0.0	,0.0	,0.0	,559.0	,559.0	,	,	,****,****,****,****,,否,否,	,	,	,否,	,	,	,	,	,	,	,	,	,	,	,	,否,否,	,否,	,,	,否,	,否,,,否
VIOMI云米 滤芯 反渗透滤芯RO膜,260122-416001584790423,已取消,1	,正常,	,	,,	,	,873065157674	,小海豚600G+适用,1831082596457	,厨房电器,净水器/净水设备及配件耗材,净水器配件耗材,	,6923185618379	,	,	,	,无售后或售后取消,,	,	,,,,,,,否,否,	,否,	,,698.0	,0.0	,0.0	,25.0	,0.0	,0.0	,0.0	,0.0	,673.0	,698.0	,	,	,****,****,****,****,,否,否,	,	,	,否,	,	,	,	,	,	,	,	,	,	,	,	,否,否,	,否,	,,	,否,	,否,,,否
VIOMI云米净水器小海豚600G+升级版厨下式RO反渗透直饮家用,260122-570446343790994,已发货，待收货,1	,正常,2026-01-22 21:22:37,2026-01-23 21:22:37,,2026-01-23 09:46:04,	,852161740747	,小海豚600G+升级版,1835709207960	,厨房电器,净水器/净水设备及配件耗材,净水器,	,6923185653684	,	,直播间中奖10元红包,	,无售后或售后取消,,2026-01-22 21:22:37,	,,,,,,,否,否,	,否,	,,559.0	,0.0	,0.0	,0.0	,0.0	,0.0	,0.0	,0.0	,559.0	,559.0	,JDV025285011229,京东大件物流,河北省,保定市,涞水县,,,否,否,	,	,	,否,	,	,	,	,	,	,	,	,	,	,	,	,是,是,	,否,否,,	,否,	,否,,,否
VIOMI云米净水器小海豚600G+升级版厨下式RO反渗透直饮家用,260122-245167634821473,已取消,1	,正常,	,	,,	,	,852161740747	,小海豚600G+升级版,1835709207960	,厨房电器,净水器/净水设备及配件耗材,净水器,	,6923185653684	,	,	,	,无售后或售后取消,,	,	,,,,,,,否,否,	,否,	,,559.0	,0.0	,0.0	,0.0	,0.0	,0.0	,0.0	,0.0	,559.0	,559.0	,	,	,****,****,****,****,,否,否,	,	,	,否,	,	,	,	,	,	,	,	,	,	,	,	,否,否,	,否,	,,	,否,	,否,,,否
云米60L速热电热水器3000W一级节能变频增容租房安全已接入米家AP,260122-007937769803574,已发货，待收货,1	,正常,2026-01-22 21:15:45,2026-01-23 21:15:45,,2026-01-23 09:46:04,	,208071231700	,双管变频速热60L,1660917678582	,大家电,热水器,电热水器,	,6923185602224	,6923185602224	,	,	,无售后或售后取消,,2026-01-22 21:15:45,	,,,,,,,否,否,	,否,	,,656.0	,0.0	,0.0	,0.0	,0.0	,0.0	,0.0	,0.0	,656.0	,656.0	,JDV025288472006,京东大件物流,贵州省,遵义市,赤水市,,,否,否,	,	,	,否,	,	,	,	,	,	,	,	,	,	,	,	,否,是,	,否,否,,	,否,	,否,,,否
新品首发 Viomi云米 小海豚3上市RO净水器5年长效反渗透净水器,260122-506189606432103,已发货，待收货,1	,正常,2026-01-22 21:04:42,2026-01-23 21:04:42,,2026-01-23 09:46:04,	,862873034610	,小海豚3（原装滤芯）（包安装）,1825244823454	,厨房电器,净水器/净水设备及配件耗材,净水器,	,6923185605867	,	,	,	,无售后或售后取消,,2026-01-22 21:04:42,	,,,,,,,否,否,	,否,	,,498.9	,0.0	,0.0	,0.0	,0.2	,0.0	,0.0	,0.0	,498.9	,498.9	,JDV025288455903,京东大件物流,江苏省,泰州市,海陵区,,,否,否,	,	,	,否,	,	,	,	,	,	,	,	,	,	,	,	,否,否,	,否,否,,	,否,	,否,,,否
云米60L速热电热水器3000W一级节能变频增容租房安全已接入米家AP,260122-603738611270464,已发货，待收货,1	,正常,2026-01-22 21:05:07,2026-01-23 21:05:07,,2026-01-23 11:12:54,	,208071231700	,双管变频速热60L,1660917678582	,大家电,热水器,电热水器,	,6923185602224	,6923185602224	,	,	,无售后或售后取消,,2026-01-22 21:05:07,	,,,,,,,否,否,	,否,	,,656.0	,0.0	,0.0	,65.6	,16.0	,0.0	,0.0	,0.0	,590.4	,656.0	,JDV025288432450,京东大件物流,河南省,周口市,太康县,,,否,否,	,	,	,否,	,	,	,	,	,	,	,	,	,	,	,	,否,否,	,否,是,3	,商家,否,	,否,,信用卡分期,否
VIOMI云米净水器小海豚600G+升级版厨下式RO反渗透直饮家用,260122-552012387932442,已发货，待收货,1	,正常,2026-01-22 21:00:53,2026-01-23 21:00:54,,2026-01-23 09:40:03,	,852161740747	,小海豚600G+升级版,1835709207960	,厨房电器,净水器/净水设备及配件耗材,净水器,	,6923185653684	,	,	,	,无售后或售后取消,,2026-01-22 21:00:54,	,,,,,,,否,否,	,否,	,,559.0	,0.0	,0.0	,60.0	,0.2	,0.0	,0.0	,0.0	,499.0	,559.0	,JDV025288324522,京东大件物流,河南省,驻马店市,驿城区,,,否,否,	,	,	,否,	,	,	,	,	,	,	,	,	,	,	,	,否,是,	,否,否,,	,否,	,否,,,否
VIOMI云米净水器小海豚600G+升级版厨下式RO反渗透直饮家用,260122-231693370972442,已取消,1	,正常,	,	,,	,	,852161740747	,小海豚600G+升级版,1835709207960	,厨房电器,净水器/净水设备及配件耗材,净水器,	,6923185653684	,	,	,	,无售后或售后取消,,	,	,,,,,,,否,否,	,否,	,,559.0	,0.0	,0.0	,0.0	,0.0	,0.0	,0.0	,0.0	,559.0	,559.0	,	,	,****,****,****,****,,否,否,	,	,	,否,	,	,	,	,	,	,	,	,	,	,	,	,否,否,	,否,	,,	,否,	,否,,,否
VIOMI云米净水器小海豚600G+升级版厨下式RO反渗透直饮家用,260122-034739351132442,已取消,1	,正常,	,	,,	,	,852161740747	,小海豚600G+升级版,1835709207960	,厨房电器,净水器/净水设备及配件耗材,净水器,	,6923185653684	,	,	,	,无售后或售后取消,,	,	,,,,,,,否,否,	,否,	,,559.0	,0.0	,0.0	,0.0	,0.0	,0.0	,0.0	,0.0	,559.0	,559.0	,	,	,****,****,****,****,,否,否,	,	,	,否,	,	,	,	,	,	,	,	,	,	,	,	,否,否,	,否,	,,	,否,	,否,,,否
VIOMI云米净水器小海豚600G+升级版厨下式RO反渗透直饮家用,260122-383967609162594,已发货，待收货,1	,正常,2026-01-22 20:59:16,2026-01-23 20:59:17,,2026-01-23 13:53:35,	,852161740747	,小海豚600G+升级版,1835709207960	,厨房电器,净水器/净水设备及配件耗材,净水器,	,6923185653684	,	,	,	,无售后或售后取消,,2026-01-22 20:59:17,	,,,,,,,否,否,	,否,	,,559.0	,0.0	,0.0	,0.0	,1.11	,0.0	,0.0	,0.0	,559.0	,559.0	,JDV025285160986,京东大件物流,陕西省,汉中市,汉台区,,,否,否,	,	,	,否,	,	,	,	,	,	,	,	,	,	,	,	,否,是,	,否,否,,	,否,	,否,,,否
VIOMI云米净水器小海豚600G+升级版厨下式RO反渗透直饮家用,260122-229176820042594,已取消,1	,正常,	,	,,	,	,852161740747	,小海豚600G+升级版,1835709207960	,厨房电器,净水器/净水设备及配件耗材,净水器,	,6923185653684	,	,	,	,无售后或售后取消,,	,	,,,,,,,否,否,	,否,	,,559.0	,0.0	,0.0	,0.0	,0.0	,0.0	,0.0	,0.0	,559.0	,559.0	,	,	,****,****,****,****,,否,否,	,	,	,否,	,	,	,	,	,	,	,	,	,	,	,	,否,否,	,否,	,,	,否,	,否,,,否
VIOMI云米净水器小海豚600G+升级版厨下式RO反渗透直饮家用,260122-483330701720856,已发货，待收货,1	,正常,2026-01-22 20:35:51,2026-01-23 20:35:52,,2026-01-23 09:40:03,	,852161740747	,小海豚600G+升级版,1835709207960	,厨房电器,净水器/净水设备及配件耗材,净水器,	,6923185653684	,	,	,	,无售后或售后取消,,2026-01-22 20:35:52,	,,,,,,,否,否,	,否,	,,559.0	,0.0	,0.0	,60.0	,0.0	,0.0	,0.0	,0.0	,499.0	,559.0	,JDV025288404280,京东大件物流,广东省,东莞市,万江区,,,否,否,	,	,	,否,	,	,	,	,	,	,	,	,	,	,	,	,否,否,	,否,否,,	,否,	,否,,,否
云米顶侧大吸力蓝调油烟机家用厨房节能自清洁一级能效可挥手智控,260122-075969369750856,已发货，待收货,1	,正常,2026-01-22 20:33:12,2026-01-23 20:33:12,,2026-01-23 09:19:01,	,657344402006	,顶侧双吸智清洁挥手智控单烟机,1832827639759	,大家电,厨房大电,油烟机,	,6923185650973	,6923185650973	,	,	,无售后或售后取消,,2026-01-22 20:33:12,	,,,,,,,否,否,	,否,	,,849.0	,0.0	,0.0	,20.0	,0.0	,0.0	,0.0	,0.0	,829.0	,849.0	,JDV025288261037,京东大件物流,安徽省,合肥市,肥东县,,,否,否,	,	,	,否,	,	,	,	,	,	,	,	,	,	,	,	,否,是,	,否,否,,	,否,	,否,,,否
VIOMI云米净水器小海豚600G+升级版厨下式RO反渗透直饮家用,260122-035567726172442,已取消,1	,正常,	,	,,	,	,852161740747	,小海豚600G+升级版,1835709207960	,厨房电器,净水器/净水设备及配件耗材,净水器,	,6923185653684	,	,	,	,无售后或售后取消,,	,	,,,,,,,否,否,	,否,	,,559.0	,0.0	,0.0	,0.0	,0.0	,0.0	,0.0	,0.0	,559.0	,559.0	,	,	,****,****,****,****,,否,否,	,	,	,否,	,	,	,	,	,	,	,	,	,	,	,	,否,否,	,否,	,,	,否,	,否,,,否
VIOMI 云米净水器600G小海豚升级版厨下式RO反渗透直饮家用,260122-669788413571863,已取消,1	,正常,	,	,,	,	,225501370546	,小海豚600G,1813468330532	,厨房电器,净水器/净水设备及配件耗材,净水器,	,6923185653684	,6923185616399	,	,	,无售后或售后取消,,	,	,,,,,,,否,否,	,否,	,,619.0	,0.0	,0.0	,99.04	,0.0	,0.0	,0.0	,0.0	,519.96	,619.0	,	,	,****,****,****,****,,否,否,	,	,	,否,	,	,	,	,	,	,	,	,	,	,	,	,否,否,	,否,	,,	,否,	,否,,,否
云米电热水器50/60升洗澡家用浴室速热大容量省电防漏电安全保温,260122-201515405662042,已发货，待收货,1	,正常,2026-01-22 20:30:41,2026-01-23 20:30:41,,2026-01-23 19:57:57,	,436320010098	,"速热长效保温安全电热水器,60L【3-4人】",1756921788833	,大家电,热水器,电热水器,	,6923185614937	,6923185614920	,	,	,无售后或售后取消,,2026-01-22 20:30:41,	,,,,,,,否,否,	,否,	,,586.0	,0.0	,0.0	,0.0	,0.0	,0.0	,0.0	,0.0	,586.0	,586.0	,JDLD12973314156,京东大件物流,江西省,赣州市,南康区,,,否,否,	,	,	,否,	,	,	,	,	,	,	,	,	,	,	,	,否,否,	,否,否,,	,否,	,否,,,否
云米60L速热电热水器3000W一级节能变频增容租房安全已接入米家AP,260122-029716713822042,已发货，待收货,1	,正常,2026-01-22 20:30:41,2026-01-23 20:30:41,,2026-01-23 09:46:04,	,208071231700	,双管变频速热60L,1660917678582	,大家电,热水器,电热水器,	,6923185602224	,6923185602224	,嗮图赠送花洒 [viomi小甜心 01/22 20:36],	,无售后或售后取消,,2026-01-22 20:30:41,	,,,,,,,否,否,	,否,	,,656.0	,0.0	,0.0	,0.0	,0.0	,0.0	,0.0	,0.0	,656.0	,656.0	,JDV025288431658,京东大件物流,江西省,赣州市,南康区,,,否,否,	,	,	,否,	,	,	,	,	,	,	,	,	,	,	,	,否,否,	,否,否,,	,否,	,否,,,否
VIOMI 云米净水器600G小海豚升级版厨下式RO反渗透直饮家用,260122-552222082650741,已发货，待收货,1	,正常,2026-01-22 20:10:10,2026-01-23 20:10:11,,2026-01-23 09:46:04,	,225501370546	,小海豚600G,1813468330532	,厨房电器,净水器/净水设备及配件耗材,净水器,	,6923185653684	,6923185616399	,	,	,无售后或售后取消,,2026-01-22 20:10:11,	,,,,,,,否,否,	,否,	,,619.0	,0.0	,0.0	,99.04	,0.2	,0.0	,0.0	,0.0	,519.96	,619.0	,JDV025284277078,京东大件物流,内蒙古自治区,呼和浩特市,赛罕区,,,否,否,	,	,	,否,	,	,	,	,	,	,	,	,	,	,	,	,否,否,	,否,否,,	,否,	,否,,,否
VIOMI云米净水器小海豚600G+升级版厨下式RO反渗透直饮家用,260122-180208299623819,已取消,1	,正常,	,	,,	,	,852161740747	,小海豚600G+升级版,1835709207960	,厨房电器,净水器/净水设备及配件耗材,净水器,	,6923185653684	,	,	,	,无售后或售后取消,,	,	,,,,,,,否,否,	,否,	,,559.0	,0.0	,0.0	,0.0	,0.0	,0.0	,0.0	,0.0	,559.0	,559.0	,	,	,****,****,****,****,,否,否,	,	,	,否,	,	,	,	,	,	,	,	,	,	,	,	,否,否,	,否,	,,	,否,	,否,,,否
VIOMI云米 滤芯 反渗透滤芯RO膜,260122-129656430173134,已取消,1	,正常,	,	,,	,	,873065157674	,小海豚600G+适用,1831082596457	,厨房电器,净水器/净水设备及配件耗材,净水器配件耗材,	,6923185618379	,	,88折一根滤芯 [viomi小甜心 01/22 21:26],	,无售后或售后取消,,	,	,,,,,,,否,否,	,否,	,,698.0	,0.0	,0.0	,0.0	,0.0	,0.0	,0.0	,0.0	,698.0	,698.0	,	,	,****,****,****,****,,否,否,	,	,	,否,	,	,	,	,	,	,	,	,	,	,	,	,否,否,	,否,	,,	,否,	,否,,,否
云米60L速热电热水器3000W一级节能变频增容租房安全已接入米家AP,260122-210187129211231,已取消,1	,正常,	,	,,	,	,208071231700	,双管变频速热60L,1660917678582	,大家电,热水器,电热水器,	,6923185602224	,6923185602224	,	,	,无售后或售后取消,,	,	,,,,,,,否,否,	,否,	,,656.0	,0.0	,0.0	,28.0	,0.0	,0.0	,0.0	,0.0	,628.0	,656.0	,	,	,****,****,****,****,,否,否,	,	,	,否,	,	,	,	,	,	,	,	,	,	,	,	,否,否,	,否,	,,	,否,	,否,,,否
VIOMI云米净水器小海豚600G+升级版厨下式RO反渗透直饮家用,260122-048926574223438,已发货，待收货,1	,正常,2026-01-22 19:48:12,2026-01-23 19:48:12,,2026-01-23 09:46:04,	,852161740747	,小海豚600G+升级版,1835709207960	,厨房电器,净水器/净水设备及配件耗材,净水器,	,6923185653684	,	,	,	,无售后或售后取消,,2026-01-22 19:48:12,	,,,,,,,否,否,	,否,	,,559.0	,0.0	,0.0	,0.0	,0.0	,0.0	,0.0	,0.0	,559.0	,559.0	,JDV025284593248,京东大件物流,北京市,北京市,海淀区,,,否,否,	,	,	,否,	,	,	,	,	,	,	,	,	,	,	,	,否,否,	,否,否,,	,否,	,否,,,否
VIOMI云米净水器小海豚600G+升级版厨下式RO反渗透直饮家用,260122-007245678160040,已发货，待收货,1	,正常,2026-01-22 19:46:24,2026-01-23 19:46:25,,2026-01-23 09:46:04,	,852161740747	,小海豚600G+升级版,1835709207960	,厨房电器,净水器/净水设备及配件耗材,净水器,	,6923185653684	,	,	,	,无售后或售后取消,,2026-01-22 19:46:25,	,,,,,,,否,否,	,否,	,,559.0	,0.0	,0.0	,0.0	,0.0	,0.0	,0.0	,0.0	,559.0	,559.0	,JDV025284297508,京东大件物流,内蒙古自治区,乌海市,乌达区,,,否,否,	,	,	,否,	,	,	,	,	,	,	,	,	,	,	,	,否,否,	,否,否,,	,否,	,否,,,否
VIOMI云米净水器小海豚600G+升级版厨下式RO反渗透直饮家用,260122-471743874703438,已取消,1	,正常,	,	,,	,	,852161740747	,小海豚600G+升级版,1835709207960	,厨房电器,净水器/净水设备及配件耗材,净水器,	,6923185653684	,	,	,	,无售后或售后取消,,	,	,,,,,,,否,否,	,否,	,,559.0	,0.0	,0.0	,0.0	,0.0	,0.0	,0.0	,0.0	,559.0	,559.0	,	,	,****,****,****,****,,否,否,	,	,	,否,	,	,	,	,	,	,	,	,	,	,	,	,否,否,	,否,	,,	,否,	,否,,,否
新品首发 Viomi云米 小海豚3上市RO净水器5年长效反渗透净水器,260122-199774727781609,已发货，待收货,1	,正常,2026-01-22 19:28:26,2026-01-23 19:28:27,,2026-01-23 09:40:03,	,862873034610	,小海豚3（原装滤芯）（包安装）,1825244823454	,厨房电器,净水器/净水设备及配件耗材,净水器,	,6923185605867	,	,	,	,无售后或售后取消,,2026-01-22 19:28:27,	,,,,,,,否,否,	,否,	,,498.9	,0.0	,0.0	,0.0	,0.0	,0.0	,0.0	,0.0	,498.9	,498.9	,JDV025288419202,京东大件物流,湖北省,黄石市,黄石港区,,,否,否,	,	,	,否,	,	,	,	,	,	,	,	,	,	,	,	,否,否,	,否,否,,	,否,	,否,,,否
VIOMI云米净水器小海豚600G+升级版厨下式RO反渗透直饮家用,260122-515459028562249,已取消,1	,正常,	,	,,	,	,852161740747	,小海豚600G+升级版,1835709207960	,厨房电器,净水器/净水设备及配件耗材,净水器,	,6923185653684	,	,	,	,无售后或售后取消,,	,	,,,,,,,否,否,	,否,	,,559.0	,0.0	,0.0	,0.0	,0.0	,0.0	,0.0	,0.0	,559.0	,559.0	,	,	,****,****,****,****,,否,否,	,	,	,否,	,	,	,	,	,	,	,	,	,	,	,	,否,否,	,否,	,,	,否,	,否,,,否
VIOMI云米净水器小海豚600G+升级版厨下式RO反渗透直饮家用,260122-352751459993693,已取消,1	,正常,	,	,,	,	,852161740747	,小海豚600G+升级版,1835709207960	,厨房电器,净水器/净水设备及配件耗材,净水器,	,6923185653684	,	,	,	,无售后或售后取消,,	,	,,,,,,,否,否,	,否,	,,559.0	,0.0	,0.0	,0.0	,0.0	,0.0	,0.0	,0.0	,559.0	,559.0	,	,	,****,****,****,****,,否,否,	,	,	,否,	,	,	,	,	,	,	,	,	,	,	,	,否,否,	,否,	,,	,否,	,否,,,否
云米即热净水器厨房家用直饮RO反渗透加热净饮一体机1000G,260122-398427430481250,已发货，待收货,1	,正常,2026-01-22 19:19:04,2026-01-23 19:19:04,,2026-01-23 09:40:04,	,364990106384	,即热直饮 1000G大通量,1455593712429	,厨房电器,净水器/净水设备及配件耗材,净水器,	,6923185651116	,6923185651116	,	,	,无售后或售后取消,,2026-01-22 19:19:04,	,,,,,,,否,否,	,否,	,,1599.0	,0.0	,0.0	,50.0	,0.0	,0.0	,0.0	,0.0	,1549.0	,1599.0	,JDV025288419005,京东大件物流,辽宁省,大连市,沙河口区,,,否,否,	,	,	,否,	,	,	,	,	,	,	,	,	,	,	,	,否,否,	,否,否,,	,否,	,否,,,否
VIOMI云米净水器小海豚600G+升级版厨下式RO反渗透直饮家用,260122-149453555352789,已收货,1	,正常,2026-01-22 19:09:49,2026-01-23 19:09:49,,2026-01-23 09:40:03,2026-01-25 16:03:38,852161740747	,小海豚600G+升级版,1835709207960	,厨房电器,净水器/净水设备及配件耗材,净水器,	,6923185653684	,	,	,	,无售后或售后取消,,2026-01-22 19:09:49,	,,,,,,,否,否,	,否,	,,559.0	,0.0	,0.0	,0.0	,0.0	,0.0	,0.0	,0.0	,559.0	,559.0	,JDV025288419256,京东大件物流,****,****,****,****,,否,否,	,	,	,否,	,	,	,	,	,	,	,	,	,	,	,	,否,否,	,否,否,,	,否,	,否,,,否
VIOMI云米净水器小海豚600G+升级版厨下式RO反渗透直饮家用,260122-052470750851850,已收货,1	,正常,2026-01-22 18:58:53,2026-01-23 18:58:54,,2026-01-23 09:40:03,2026-01-25 23:10:11,852161740747	,小海豚600G+升级版,1835709207960	,厨房电器,净水器/净水设备及配件耗材,净水器,	,6923185653684	,	,AZ2601240227251=13696969954=安装=陈煜1.24,	,无售后或售后取消,,2026-01-22 18:58:54,	,,,,,,,否,否,	,否,	,,559.0	,0.0	,0.0	,60.0	,0.0	,0.0	,0.0	,0.0	,499.0	,559.0	,JDV025288404101,京东大件物流,****,****,****,****,,否,否,	,	,	,否,	,	,	,	,	,	,	,	,	,	,	,	,否,否,	,否,否,,	,否,	,否,,,否
云米净水器600G小海豚升级版厨下式RO反渗透直饮家用,260122-504218263062078,已取消,1	,正常,	,	,,	,	,852932116812	,小海豚600G+6年滤芯套装,1812983769340	,厨房电器,净水器/净水设备及配件耗材,净水器,	,S2508151538001,	,	,	,无售后或售后取消,,	,	,,,,,,,否,否,	,否,	,,772.0	,0.0	,0.0	,77.2	,0.0	,0.0	,0.0	,0.0	,694.8	,772.0	,	,	,****,****,****,****,,否,否,	,	,	,否,	,	,	,	,	,	,	,	,	,	,	,	,否,否,	,否,	,,	,否,	,否,,,否
云米小厨宝6L即热式厨房台下洗碗热水宝上出水储水式小型电热水器,260122-430335660361336,已取消,1	,正常,	,	,,	,	,205451808289	,"热水即刻有6L,小厨宝",1752480784258	,大家电,热水器,电热水器,	,6923185611233	,6923185611233	,	,	,无售后或售后取消,,	,	,,,,,,,否,否,	,否,	,,289.0	,0.0	,0.0	,0.0	,0.0	,0.0	,0.0	,0.0	,289.0	,289.0	,	,	,****,****,****,****,,否,否,	,	,	,否,	,	,	,	,	,	,	,	,	,	,	,	,否,否,	,否,	,,	,否,	,否,,,否
VIOMI云米 复合滤芯五合一,260122-234388201114073,已发货，待收货,2	,正常,2026-01-22 18:13:15,2026-01-24 18:13:16,,2026-01-25 15:10:24,	,872941778883	,小海豚3(600G)适用,1830647583079	,厨房电器,净水器/净水设备及配件耗材,净水器配件耗材,	,6923185657347	,	,99一根，已下单两根，到货后返 [viomi小甜心 01/22 18:16],	,无售后或售后取消,,2026-01-22 18:13:16,	,,,,,,,否,否,	,否,	,,596.0	,0.0	,5.96	,0.0	,1.18	,0.0	,0.0	,0.0	,590.04	,590.04	,JDV025332917075,京东大件物流,内蒙古自治区,赤峰市,喀喇沁旗,,,否,否,	,	,	,否,	,	,	,	,	,	,	,	,	,	,	,	,否,否,	,否,否,,	,否,	,否,,,否
新品首发 Viomi云米 小海豚3上市RO净水器5年长效反渗透净水器,260122-304925939354073,已发货，待收货,1	,正常,2026-01-22 18:11:41,2026-01-23 18:11:41,,2026-01-23 09:40:04,	,862873034610	,小海豚3（原装滤芯）（包安装）,1825244823454	,厨房电器,净水器/净水设备及配件耗材,净水器,	,6923185605867	,	,	,	,无售后或售后取消,,2026-01-22 18:11:41,	,,,,,,,否,否,	,否,	,,498.9	,0.0	,0.0	,0.0	,0.2	,0.0	,0.0	,0.0	,498.9	,498.9	,JDV025288403650,京东大件物流,内蒙古自治区,赤峰市,喀喇沁旗,,,否,否,	,	,	,否,	,	,	,	,	,	,	,	,	,	,	,	,否,否,	,否,否,,	,否,	,否,,,否
VIOMI云米净水器小海豚600G+升级版厨下式RO反渗透直饮家用,260122-147922654871736,已发货，待收货,1	,正常,2026-01-22 18:11:40,2026-01-23 18:11:40,,2026-01-23 09:20:21,	,852161740747	,小海豚600G+升级版,1835709207960	,厨房电器,净水器/净水设备及配件耗材,净水器,	,6923185653684	,	,AZ2601240227627=18336993081=安装=陈煜1.24,	,无售后或售后取消,,2026-01-22 18:11:40,	,,,,,,,否,否,	,否,	,,559.0	,0.0	,0.0	,0.0	,0.0	,0.0	,0.0	,0.0	,559.0	,559.0	,JDV025288257301,京东大件物流,河南省,商丘市,睢阳区,,,否,否,	,	,	,否,	,	,	,	,	,	,	,	,	,	,	,	,否,否,	,否,否,,	,否,	,否,,,否
新品首发 Viomi云米 小海豚3上市RO净水器5年长效反渗透净水器,260122-022942860954073,未发货，退款成功,1	,正常,2026-01-22 18:01:07,2026-01-23 18:01:08,,	,	,862873034610	,小海豚3+2支复合滤芯（包安装）,1825244823453	,厨房电器,净水器/净水设备及配件耗材,净水器,	,S2512250943001,	,聚水潭已取消发货 已退款1.22丹丹,	,退款成功,,2026-01-22 18:01:08,	,,,,,,,否,否,	,否,	,,702.9	,0.0	,0.0	,0.0	,0.2	,0.0	,0.0	,0.0	,702.9	,702.9	,	,	,****,****,****,****,,否,否,	,	,	,否,	,	,	,	,	,	,	,	,	,	,	,	,否,否,	,否,否,,	,否,	,否,,,否
VIOMI云米 复合滤芯五合一,260122-128618339892817,已收货，退款成功,1	,正常,2026-01-22 17:57:14,2026-01-24 17:57:15,	,2026-01-23 13:53:35,2026-01-24 12:51:36,872941778883	,小海豚3(600G)适用,1830647583079	,厨房电器,净水器/净水设备及配件耗材,净水器配件耗材,	,6923185657347	,	,99一根复和 [viomi小甜心 01/22 17:58]==已引导仅退款 [viomi米小锂MKD 01/24 12:53],	,退款成功,,2026-01-22 17:57:15,	,,,,,,,否,否,	,否,	,,298.0	,0.0	,0.0	,0.0	,0.0	,0.0	,0.0	,0.0	,298.0	,298.0	,JDV025288416753,京东大件物流,****,****,****,****,,否,否,	,	,	,否,	,	,	,	,	,	,	,	,	,	,	,	,否,否,	,否,否,,	,否,	,否,,,否
VIOMI 云米净水器600G小海豚升级版厨下式RO反渗透直饮家用,260122-430723581594073,未发货，退款成功,1	,正常,2026-01-22 17:55:04,2026-01-23 17:55:04,,	,	,225501370546	,小海豚600G,1813468330532	,厨房电器,净水器/净水设备及配件耗材,净水器,	,6923185653684	,6923185616399	,聚水潭已取消发货 已退款1.22丹丹,	,退款成功,,2026-01-22 17:55:04,	,,,,,,,否,否,	,否,	,,619.0	,0.0	,0.0	,0.0	,1.23	,0.0	,0.0	,0.0	,619.0	,619.0	,	,	,****,****,****,****,,否,否,	,	,	,否,	,	,	,	,	,	,	,	,	,	,	,	,否,否,	,否,否,,	,否,	,否,,,否
新品首发 Viomi云米 小海豚3上市RO净水器5年长效反渗透净水器,260122-258536906292817,已收货,1	,正常,2026-01-22 17:51:40,2026-01-23 17:51:40,	,2026-01-23 09:40:04,2026-01-25 14:57:09,862873034610	,小海豚3（原装滤芯）（包安装）,1825244823454	,厨房电器,净水器/净水设备及配件耗材,净水器,	,6923185605867	,	,嗮图赠送一年延保 [viomi小甜心 01/22 17:56],	,无售后或售后取消,,2026-01-22 17:51:40,	,,,,,,,否,否,	,否,	,,498.9	,0.0	,0.0	,60.0	,0.0	,0.0	,0.0	,0.0	,438.9	,498.9	,JDV025288471205,京东大件物流,****,****,****,****,,否,否,	,	,	,否,	,	,	,	,	,	,	,	,	,	,	,	,否,否,	,否,否,,	,否,	,否,,,否
VIOMI云米净水器小海豚600G+升级版厨下式RO反渗透直饮家用,260122-007528783492106,已发货，待收货,1	,正常,2026-01-22 17:50:12,2026-01-23 17:50:12,,2026-01-23 09:46:05,	,852161740747	,小海豚600G+升级版,1835709207960	,厨房电器,净水器/净水设备及配件耗材,净水器,	,6923185653684	,	,	,	,无售后或售后取消,,2026-01-22 17:50:12,	,,,,,,,否,否,	,否,	,,559.0	,0.0	,0.0	,60.0	,0.2	,0.0	,0.0	,0.0	,499.0	,559.0	,JDV025282353204,京东大件物流,山东省,济宁市,任城区,,,否,否,	,	,	,否,	,	,	,	,	,	,	,	,	,	,	,	,否,否,	,否,否,,	,否,	,否,,,否
VIOMI云米净水器小海豚600G+升级版厨下式RO反渗透直饮家用,260122-210973529721927,已发货，待收货,1	,正常,2026-01-22 17:39:14,2026-01-23 17:39:14,,2026-01-23 09:20:21,	,852161740747	,小海豚600G+升级版,1835709207960	,厨房电器,净水器/净水设备及配件耗材,净水器,	,6923185653684	,	,	,	,无售后或售后取消,,2026-01-22 17:39:14,	,,,,,,,否,否,	,否,	,,559.0	,0.0	,0.0	,0.0	,0.0	,0.0	,0.0	,0.0	,559.0	,559.0	,JDV025280498437,京东大件物流,宁夏回族自治区,银川市,金凤区,,,否,否,	,	,	,否,	,	,	,	,	,	,	,	,	,	,	,	,否,否,	,否,否,,	,否,	,否,,,否
云米净水器600G小海豚升级版厨下式RO反渗透直饮家用,260122-667911534973033,已发货，待收货,1	,正常,2026-01-22 17:34:44,2026-01-23 17:34:44,,2026-01-23 13:53:35,	,852932116812	,小海豚600G+6年滤芯套装,1812983769340	,厨房电器,净水器/净水设备及配件耗材,净水器,	,S2508151538001,	,_AZ2601260220731 [viomi米小锂MKD 01/26 08:20],	,无售后或售后取消,,2026-01-22 17:34:44,	,,,,,,,否,否,	,否,	,,772.0	,0.0	,36.0	,24.0	,0.0	,0.0	,0.0	,0.0	,712.0	,736.0	,JDV025282336741,京东大件物流,陕西省,西安市,灞桥区,,,否,否,	,	,	,否,	,	,	,	,	,	,	,	,	,	,	,	,否,否,	,否,否,,	,否,	,否,,,否
VIOMI云米净水器小海豚600G+升级版厨下式RO反渗透直饮家用,260122-542428393081927,已取消,1	,正常,	,	,,	,	,852161740747	,小海豚600G+升级版,1835709207960	,厨房电器,净水器/净水设备及配件耗材,净水器,	,6923185653684	,	,	,	,无售后或售后取消,,	,	,,,,,,,否,否,	,否,	,,559.0	,0.0	,0.0	,0.0	,0.0	,0.0	,0.0	,0.0	,559.0	,559.0	,	,	,****,****,****,****,,否,否,	,	,	,否,	,	,	,	,	,	,	,	,	,	,	,	,否,否,	,否,	,,	,否,	,否,,,否
VIOMI云米净水器小海豚600G+升级版厨下式RO反渗透直饮家用,260122-515207349891850,已取消,1	,正常,	,	,,	,	,852161740747	,小海豚600G+升级版,1835709207960	,厨房电器,净水器/净水设备及配件耗材,净水器,	,6923185653684	,	,	,	,无售后或售后取消,,	,	,,,,,,,否,否,	,否,	,,559.0	,0.0	,0.0	,60.0	,0.0	,0.0	,0.0	,0.0	,499.0	,559.0	,	,	,****,****,****,****,,否,否,	,	,	,否,	,	,	,	,	,	,	,	,	,	,	,	,否,否,	,否,	,,	,否,	,否,,,否
VIOMI云米净水器小海豚600G+升级版厨下式RO反渗透直饮家用,260122-110687700601927,已取消,1	,正常,	,	,,	,	,852161740747	,小海豚600G+升级版,1835709207960	,厨房电器,净水器/净水设备及配件耗材,净水器,	,6923185653684	,	,	,	,无售后或售后取消,,	,	,,,,,,,否,否,	,否,	,,559.0	,0.0	,0.0	,0.0	,0.0	,0.0	,0.0	,0.0	,559.0	,559.0	,	,	,****,****,****,****,,否,否,	,	,	,否,	,	,	,	,	,	,	,	,	,	,	,	,否,否,	,否,	,,	,否,	,否,,,否
VIOMI云米净水器小海豚600G+升级版厨下式RO反渗透直饮家用,260122-140467279453975,已取消,1	,正常,	,	,,	,	,852161740747	,小海豚600G+升级版,1835709207960	,厨房电器,净水器/净水设备及配件耗材,净水器,	,6923185653684	,	,	,	,无售后或售后取消,,	,	,,,,,,,否,否,	,否,	,,559.0	,0.0	,0.0	,0.0	,0.0	,0.0	,0.0	,0.0	,559.0	,559.0	,	,	,****,****,****,****,,否,否,	,	,	,否,	,	,	,	,	,	,	,	,	,	,	,	,否,否,	,否,	,,	,否,	,否,,,否
VIOMI云米净水器小海豚600G+升级版厨下式RO反渗透直饮家用,260122-311489994363471,已发货，待收货,1	,正常,2026-01-22 17:26:51,2026-01-23 17:26:51,	,2026-01-23 09:20:21,	,852161740747	,小海豚600G+升级版,1835709207960	,厨房电器,净水器/净水设备及配件耗材,净水器,	,6923185653684	,	,	,	,无售后或售后取消,,2026-01-22 17:26:51,	,,,,,,,否,否,	,否,	,,559.0	,0.0	,0.0	,25.0	,0.0	,0.0	,0.0	,0.0	,534.0	,559.0	,JDV025288267713,京东大件物流,江苏省,宿迁市,沭阳县,,,否,否,	,	,	,否,	,	,	,	,	,	,	,	,	,	,	,	,否,否,	,否,否,,	,否,	,否,,,否
VIOMI云米净水器小海豚600G+升级版厨下式RO反渗透直饮家用,260122-300920378883363,已收货,1	,正常,2026-01-22 17:15:34,2026-01-23 17:15:34,,2026-01-23 09:20:21,2026-01-25 01:14:33,852161740747	,小海豚600G+升级版,1835709207960	,厨房电器,净水器/净水设备及配件耗材,净水器,	,6923185653684	,	,	,	,无售后或售后取消,,2026-01-22 17:15:34,	,,,,,,,否,否,	,否,	,,559.0	,0.0	,0.0	,0.0	,1.11	,0.0	,0.0	,0.0	,559.0	,559.0	,JDV025288260882,京东大件物流,****,****,****,****,,否,否,	,	,	,否,	,	,	,	,	,	,	,	,	,	,	,	,否,否,	,否,否,,	,否,	,否,,,否
新品首发 Viomi云米 小海豚3上市RO净水器5年长效反渗透净水器,260122-499646502520744,已发货，待收货,1	,正常,2026-01-22 17:08:05,2026-01-23 17:08:05,,2026-01-23 09:40:04,	,862873034610	,小海豚3（原装滤芯）（包安装）,1825244823454	,厨房电器,净水器/净水设备及配件耗材,净水器,	,6923185605867	,	,	,	,无售后或售后取消,,2026-01-22 17:08:05,	,,,,,,,否,否,	,否,	,,498.9	,0.0	,0.0	,0.0	,0.0	,0.0	,0.0	,0.0	,498.9	,498.9	,JDV025288430353,京东大件物流,福建省,厦门市,思明区,,,否,否,	,	,	,否,	,	,	,	,	,	,	,	,	,	,	,	,否,否,	,否,否,,	,否,	,否,,,否
VIOMI云米净水器小海豚600G+升级版厨下式RO反渗透直饮家用,260122-007088423251918,已发货，待收货,1	,正常,2026-01-22 17:05:35,2026-01-23 17:05:35,,2026-01-23 09:40:04,	,852161740747	,小海豚600G+升级版,1835709207960	,厨房电器,净水器/净水设备及配件耗材,净水器,	,6923185653684	,	,AZ2601240227847=17352787728=安装=陈煜1.24,	,无售后或售后取消,,2026-01-22 17:05:35,	,,,,,,,否,否,	,否,	,,559.0	,0.0	,0.0	,50.0	,0.0	,0.0	,0.0	,0.0	,509.0	,559.0	,JDV025288408258,京东大件物流,湖南省,株洲市,天元区,,,否,否,	,	,	,否,	,	,	,	,	,	,	,	,	,	,	,	,否,否,	,否,否,,	,否,	,否,,,否
VIOMI云米 复合滤芯五合一,260122-332367204760071,已收货，退款成功,2	,正常,2026-01-22 17:05:30,2026-01-24 17:05:31,,2026-01-22 18:37:54,2026-01-23 20:33:46,872941778883	,小竹泉1000G适用,1830649671964	,厨房电器,净水器/净水设备及配件耗材,净水器配件耗材,	,6923185653998	,	,99一根，已下单两只，到货后返 [viomi小甜心 01/22 17:05]==差价590-198=392==1.24振尧,	,退款成功,,2026-01-22 17:05:31,	,,,,,,,否,否,	,否,	,,596.0	,0.0	,5.96	,0.0	,0.0	,0.0	,0.0	,0.0	,590.04	,590.04	,JDV025280134370,京东配送,****,****,****,****,,否,否,	,	,	,否,	,	,	,	,	,	,	,	,	,	,	,	,否,否,	,否,否,,	,否,	,否,,,否
新品首发 Viomi云米 小海豚3上市RO净水器5年长效反渗透净水器,260122-164290957712010,已取消,1	,正常,	,	,,	,	,862873034610	,小海豚3（原装滤芯）（包安装）,1825244823454	,厨房电器,净水器/净水设备及配件耗材,净水器,	,6923185605867	,	,	,	,无售后或售后取消,,	,	,,,,,,,否,否,	,否,	,,498.9	,0.0	,0.0	,0.0	,0.0	,0.0	,0.0	,0.0	,498.9	,498.9	,	,	,****,****,****,****,,否,否,	,	,	,否,	,	,	,	,	,	,	,	,	,	,	,	,否,否,	,否,	,,	,否,	,否,,,否
VIOMI云米净水器小海豚600G+升级版厨下式RO反渗透直饮家用,260122-388088481311024,已取消,1	,正常,	,	,,	,	,852161740747	,小海豚600G+升级版,1835709207960	,厨房电器,净水器/净水设备及配件耗材,净水器,	,6923185653684	,	,	,	,无售后或售后取消,,	,	,,,,,,,否,否,	,否,	,,559.0	,0.0	,0.0	,60.0	,0.0	,0.0	,0.0	,0.0	,499.0	,559.0	,	,	,****,****,****,****,,否,否,	,	,	,否,	,	,	,	,	,	,	,	,	,	,	,	,否,否,	,否,	,,	,否,	,否,,,否
云米净水器600G小海豚升级版厨下式RO反渗透直饮家用,260122-169397481101179,已取消,1	,正常,	,	,,	,	,852932116812	,小海豚600G+6年滤芯套装,1812983769340	,厨房电器,净水器/净水设备及配件耗材,净水器,	,S2508151538001,	,	,	,无售后或售后取消,,	,	,,,,,,,否,否,	,否,	,,772.0	,0.0	,0.0	,100.0	,0.0	,0.0	,0.0	,0.0	,672.0	,772.0	,	,	,****,****,****,****,,否,否,	,	,	,否,	,	,	,	,	,	,	,	,	,	,	,	,否,否,	,否,	,,	,否,	,否,,,否
VIOMI云米净水器小海豚600G+升级版厨下式RO反渗透直饮家用,260122-424411164250379,已发货，待收货,1	,正常,2026-01-22 16:31:17,2026-01-23 16:31:17,,2026-01-23 09:20:22,	,852161740747	,小海豚600G+升级版,1835709207960	,厨房电器,净水器/净水设备及配件耗材,净水器,	,6923185653684	,	,	,	,无售后或售后取消,,2026-01-22 16:31:17,	,,,,,,,否,否,	,否,	,,559.0	,0.0	,0.0	,0.0	,1.11	,0.0	,0.0	,0.0	,559.0	,559.0	,JDV025279288134,京东大件物流,广东省,东莞市,虎门镇,,,否,否,	,	,	,否,	,	,	,	,	,	,	,	,	,	,	,	,否,否,	,否,否,,	,否,	,否,,,否
VIOMI 云米净水器600G小海豚升级版厨下式RO反渗透直饮家用,260122-543172934063535,已取消,1	,正常,	,	,,	,	,225501370546	,小海豚600G,1813468330532	,厨房电器,净水器/净水设备及配件耗材,净水器,	,6923185653684	,6923185616399	,	,	,无售后或售后取消,,	,	,,,,,,,否,否,	,否,	,,619.0	,0.0	,0.0	,100.0	,0.0	,0.0	,0.0	,0.0	,519.0	,619.0	,	,	,****,****,****,****,,否,否,	,	,	,否,	,	,	,	,	,	,	,	,	,	,	,	,否,否,	,否,	,,	,否,	,否,,,否
云米净水器600G小海豚升级版厨下式RO反渗透直饮家用,260122-047395663460993,已取消,1	,正常,	,	,,	,	,852932116812	,小海豚600G+6年滤芯套装,1812983769340	,厨房电器,净水器/净水设备及配件耗材,净水器,	,S2508151538001,	,	,	,无售后或售后取消,,	,	,,,,,,,否,否,	,否,中国澳门集运,,772.0	,0.0	,36.0	,24.0	,0.0	,0.0	,0.0	,0.0	,712.0	,736.0	,	,	,****,****,****,****,,否,否,	,	,	,否,	,	,	,	,	,	,	,	,	,	,	,	,否,否,	,否,	,,	,否,	,否,,,否
新品首发 Viomi云米 小海豚3上市RO净水器5年长效反渗透净水器,260122-410685356350738,已收货,1	,正常,2026-01-22 16:18:17,2026-01-23 16:18:17,,2026-01-23 09:20:22,2026-01-25 16:49:13,862873034610	,小海豚3（原装滤芯）（包安装）,1825244823454	,厨房电器,净水器/净水设备及配件耗材,净水器,	,6923185605867	,	,99一根复合滤芯 限量两根,	,无售后或售后取消,,2026-01-22 16:18:17,	,,,,,,,否,否,	,否,	,,498.9	,0.0	,0.0	,0.0	,0.0	,0.0	,0.0	,0.0	,498.9	,498.9	,JDV025280153829,京东大件物流,****,****,****,****,,否,否,	,	,	,否,	,	,	,	,	,	,	,	,	,	,	,	,否,否,	,否,否,,	,否,	,否,,,否
VIOMI云米净水器小海豚600G+升级版厨下式RO反渗透直饮家用,260122-206590493053829,已收货,1	,正常,2026-01-22 15:52:54,2026-01-23 15:52:54,,2026-01-23 09:20:23,2026-01-23 14:04:57,852161740747	,小海豚600G+升级版,1835709207960	,厨房电器,净水器/净水设备及配件耗材,净水器,	,6923185653684	,	,AZ2601230229654==1.23米锋,	,无售后或售后取消,,2026-01-22 15:52:54,	,,,,,,,否,否,	,否,	,,559.0	,0.0	,0.0	,0.0	,0.0	,0.0	,0.0	,0.0	,559.0	,559.0	,JDV025277847863,京东大件物流,****,****,****,****,,否,否,	,	,	,否,	,	,	,	,	,	,	,	,	,	,	,	,否,否,	,否,否,,	,否,	,否,,,否
云米净水器600G小海豚升级版厨下式RO反渗透直饮家用,260122-337442260621179,已取消,1	,正常,	,	,,	,	,852932116812	,小海豚600G+6年滤芯套装,1812983769340	,厨房电器,净水器/净水设备及配件耗材,净水器,	,S2508151538001,	,	,	,无售后或售后取消,,	,	,,,,,,,否,否,	,否,	,,772.0	,0.0	,36.0	,24.0	,0.0	,0.0	,0.0	,0.0	,712.0	,736.0	,	,	,****,****,****,****,,否,否,	,	,	,否,	,	,	,	,	,	,	,	,	,	,	,	,否,否,	,否,	,,	,否,	,否,,,否
VIOMI云米净水器小海豚600G+升级版厨下式RO反渗透直饮家用,260122-040307299863981,已发货，待收货,1	,正常,2026-01-22 15:40:58,2026-01-23 15:40:58,,2026-01-23 09:20:22,	,852161740747	,小海豚600G+升级版,1835709207960	,厨房电器,净水器/净水设备及配件耗材,净水器,	,6923185653684	,	,	,	,无售后或售后取消,,2026-01-22 15:40:58,	,,,,,,,否,否,	,否,	,,559.0	,0.0	,0.0	,0.0	,0.0	,0.0	,0.0	,0.0	,559.0	,559.0	,JDV025280068291,京东大件物流,辽宁省,大连市,瓦房店市,,,否,否,	,	,	,否,	,	,	,	,	,	,	,	,	,	,	,	,否,否,	,否,否,,	,否,	,否,,,否
VIOMI云米净水器600G小蓝调厨下式RO反渗透直饮家用6年长效,260122-300794519181179,已取消,1	,正常,	,	,,	,	,850883552953	,RO反渗透除去重金属,1811278299045	,厨房电器,净水器/净水设备及配件耗材,净水器,	,6923185653592	,6923185653592	,	,	,无售后或售后取消,,	,	,,,,,,,否,否,	,否,	,,749.0	,0.0	,50.0	,90.0	,0.0	,0.0	,0.0	,0.0	,609.0	,699.0	,	,	,****,****,****,****,,否,否,	,	,	,否,	,	,	,	,	,	,	,	,	,	,	,	,否,否,	,否,	,,	,否,	,否,,,否
VIOMI云米净水器小海豚600G+升级版厨下式RO反渗透直饮家用,260122-444239715862204,已发货，待收货,1	,正常,2026-01-22 15:40:28,2026-01-23 15:40:29,,2026-01-23 09:20:22,	,852161740747	,小海豚600G+升级版,1835709207960	,厨房电器,净水器/净水设备及配件耗材,净水器,	,6923185653684	,	,	,	,无售后或售后取消,,2026-01-22 15:40:29,	,,,,,,,否,否,	,否,	,,559.0	,0.0	,0.0	,0.0	,0.0	,0.0	,0.0	,0.0	,559.0	,559.0	,JDV025280134434,京东大件物流,广东省,佛山市,顺德区,,,否,否,	,	,	,否,	,	,	,	,	,	,	,	,	,	,	,	,否,否,	,否,否,,	,否,	,否,,,否
VIOMI云米净水器小海豚600G+升级版厨下式RO反渗透直饮家用,260122-110740139632664,已发货，待收货,1	,正常,2026-01-22 15:35:28,2026-01-23 15:35:28,,2026-01-23 09:20:21,	,852161740747	,小海豚600G+升级版,1835709207960	,厨房电器,净水器/净水设备及配件耗材,净水器,	,6923185653684	,	,	,	,无售后或售后取消,,2026-01-22 15:35:28,	,,,,,,,否,否,	,否,	,,559.0	,0.0	,0.0	,50.0	,0.0	,0.0	,0.0	,0.0	,509.0	,559.0	,JDV025288324325,京东大件物流,浙江省,杭州市,江干区,,,否,否,	,	,	,否,	,	,	,	,	,	,	,	,	,	,	,	,否,否,	,否,否,,	,否,	,否,,,否
新品首发 Viomi云米 小海豚3上市RO净水器5年长效反渗透净水器,260122-099782562133024,已发货，待收货,1	,正常,2026-01-22 15:13:37,2026-01-23 15:13:38,,2026-01-23 09:20:23,	,862873034610	,小海豚3（原装滤芯）（包安装）,1825244823454	,厨房电器,净水器/净水设备及配件耗材,净水器,	,6923185605867	,	,晒图评价登记赠送1年延保+20元,	,无售后或售后取消,,2026-01-22 15:13:38,	,,,,,,,否,否,	,否,	,,498.9	,0.0	,0.0	,5.0	,1.03	,0.0	,0.0	,0.0	,493.9	,498.9	,JDV025279278333,京东大件物流,山东省,济宁市,任城区,,,否,否,	,	,	,否,	,	,	,	,	,	,	,	,	,	,	,	,否,否,	,否,否,,	,否,	,否,,,否
云米电热水器40升洗澡家用租房储水式速热抑菌节能省电安全卫生间,260122-006050363772721,已发货，待收货,1	,正常,2026-01-22 15:01:50,2026-01-23 15:01:50,,2026-01-22 20:13:13,	,661859626284	,"速热抑菌洗-40L,小海豚热水器",1750073590149	,大家电,热水器,电热水器,	,6923185681281	,6923185681281	,	,	,无售后或售后取消,,2026-01-22 15:01:50,	,,,,,,,否,否,	,否,	,,399.0	,0.0	,18.0	,12.0	,0.0	,0.0	,0.0	,0.0	,369.0	,381.0	,JDLD12972903548,京东大件物流,浙江省,台州市,路桥区,,,否,否,	,	,	,否,	,	,	,	,	,	,	,	,	,	,	,	,否,否,	,否,否,,	,否,	,否,,,否
VIOMI云米净水器小海豚600G+升级版厨下式RO反渗透直饮家用,260122-037706873180062,已发货，退款成功,1	,正常,2026-01-22 15:00:55,2026-01-23 15:00:55,,2026-01-23 09:20:22,	,852161740747	,小海豚600G+升级版,1835709207960	,厨房电器,净水器/净水设备及配件耗材,净水器,	,6923185653684	,	,ZX2601230063047拦截==TH2C352933829已审核，待拦截成功后填写单号1.23丹丹,	,退款成功,,2026-01-22 15:00:55,	,,,,,,,否,否,	,否,	,,559.0	,0.0	,0.0	,0.0	,0.0	,0.0	,0.0	,0.0	,559.0	,559.0	,JDV025279253260,京东大件物流,****,****,****,****,,否,否,	,	,	,否,	,	,	,	,	,	,	,	,	,	,	,	,否,否,	,否,否,,	,否,	,否,,,否
VIOMI云米净水器小海豚600G+升级版厨下式RO反渗透直饮家用,260122-546863890750264,已取消,1	,正常,	,	,,	,	,852161740747	,小海豚600G+升级版,1835709207960	,厨房电器,净水器/净水设备及配件耗材,净水器,	,6923185653684	,	,	,	,无售后或售后取消,,	,	,,,,,,,否,否,	,否,	,,559.0	,0.0	,0.0	,0.0	,0.0	,0.0	,0.0	,0.0	,559.0	,559.0	,	,	,****,****,****,****,,否,否,	,	,	,否,	,	,	,	,	,	,	,	,	,	,	,	,否,否,	,否,	,,	,否,	,否,,,否
VIOMI云米净水器小海豚600G+升级版厨下式RO反渗透直饮家用,260122-307201391014048,已取消,1	,正常,	,	,,	,	,852161740747	,小海豚600G+升级版,1835709207960	,厨房电器,净水器/净水设备及配件耗材,净水器,	,6923185653684	,	,	,	,无售后或售后取消,,	,	,,,,,,,否,否,	,否,	,,559.0	,0.0	,0.0	,0.0	,0.0	,0.0	,0.0	,0.0	,559.0	,559.0	,	,	,****,****,****,****,,否,否,	,	,	,否,	,	,	,	,	,	,	,	,	,	,	,	,否,否,	,否,	,,	,否,	,否,,,否
VIOMI云米净水器小海豚600G+升级版厨下式RO反渗透直饮家用,260122-119044871734013,已发货，待收货,1	,正常,2026-01-22 14:46:12,2026-01-23 14:46:12,,2026-01-22 18:04:58,	,852161740747	,小海豚600G+升级版,1835709207960	,厨房电器,净水器/净水设备及配件耗材,净水器,	,6923185653684	,	,	,	,无售后或售后取消,,2026-01-22 14:46:12,	,,,,,,,否,否,	,否,	,,559.0	,0.0	,0.0	,60.0	,0.2	,0.0	,0.0	,0.0	,499.0	,559.0	,JDV025276279902,京东大件物流,江苏省,盐城市,滨海县,,,否,否,	,	,	,否,	,	,	,	,	,	,	,	,	,	,	,	,否,否,	,否,否,,	,否,	,否,,,否
VIOMI云米净水器小海豚600G+升级版厨下式RO反渗透直饮家用,260122-392932944272794,已发货，待收货,1	,正常,2026-01-22 14:35:59,2026-01-23 14:35:59,,2026-01-23 09:20:22,	,852161740747	,小海豚600G+升级版,1835709207960	,厨房电器,净水器/净水设备及配件耗材,净水器,	,6923185653684	,	,	,	,无售后或售后取消,,2026-01-22 14:35:59,	,,,,,,,否,否,	,否,	,,559.0	,0.0	,0.0	,0.0	,0.0	,0.0	,0.0	,0.0	,559.0	,559.0	,JDV025288324209,京东大件物流,江苏省,常州市,溧阳市,,,否,否,	,	,	,否,	,	,	,	,	,	,	,	,	,	,	,	,否,否,	,否,否,,	,否,	,否,,,否
云米智能电热水器小蓝调节能变频速热家用浴室洗澡抑菌50L/60L,260122-070086889863354,已发货，待收货,1	,正常,2026-01-22 14:32:51,2026-01-23 14:32:51,,2026-01-22 18:40:55,	,434684719975	,安全保护8倍增容大水量60L,1733881750462	,大家电,热水器,电热水器,	,6923185649083	,	,	,	,无售后或售后取消,,2026-01-22 14:32:51,	,,,,,,,否,否,	,否,	,,699.0	,0.0	,0.0	,20.0	,0.0	,0.0	,0.0	,0.0	,679.0	,699.0	,JDV025279304409,京东配送,河南省,平顶山市,汝州市,,,否,否,	,	,	,否,	,	,	,	,	,	,	,	,	,	,	,	,否,否,	,否,否,,	,否,	,否,,,否
VIOMI云米净水器小海豚600G+升级版厨下式RO反渗透直饮家用,260122-482439381302815,未发货，退款成功,1	,正常,2026-01-22 14:32:07,2026-01-23 14:32:07,,	,	,852161740747	,小海豚600G+升级版,1835709207960	,厨房电器,净水器/净水设备及配件耗材,净水器,	,6923185653684	,	,已留言给用户拒收，ZX2601230063031拦截===TH2C466523648已审核，待拦截成功后填写单号1.23丹丹,	,退款成功,,2026-01-22 14:32:07,	,,,,,,,否,否,	,否,	,,559.0	,0.0	,0.0	,0.0	,1.11	,0.0	,0.0	,0.0	,559.0	,559.0	,	,	,****,****,****,****,,否,否,	,	,	,否,	,	,	,	,	,	,	,	,	,	,	,	,否,否,	,否,否,,	,否,	,否,,,否
VIOMI云米净水器小海豚600G+升级版厨下式RO反渗透直饮家用,260122-389912993301467,已收货,1	,正常,2026-01-22 14:25:54,2026-01-23 14:25:54,,2026-01-23 09:20:23,2026-01-25 15:57:01,852161740747	,小海豚600G+升级版,1835709207960	,厨房电器,净水器/净水设备及配件耗材,净水器,	,6923185653684	,	,AZ2601240227007 [viomi米小锂MKD 01/24 15:16],	,无售后或售后取消,,2026-01-22 14:25:54,	,,,,,,,否,否,	,否,	,,559.0	,0.0	,0.0	,0.0	,0.0	,0.0	,0.0	,0.0	,559.0	,559.0	,JDV025288324180,京东大件物流,****,****,****,****,,否,否,	,	,	,否,	,	,	,	,	,	,	,	,	,	,	,	,否,否,	,否,否,,	,否,	,否,,,否
VIOMI云米净水器小海豚600G+升级版厨下式RO反渗透直饮家用,260122-562403797423107,已发货，待收货,1	,正常,2026-01-22 14:21:22,2026-01-23 14:21:22,,2026-01-23 09:20:22,	,852161740747	,小海豚600G+升级版,1835709207960	,厨房电器,净水器/净水设备及配件耗材,净水器,	,6923185653684	,	,	,	,无售后或售后取消,,2026-01-22 14:21:22,	,,,,,,,否,否,	,否,	,,559.0	,0.0	,0.0	,0.0	,0.0	,0.0	,0.0	,0.0	,559.0	,559.0	,JDV025288324217,京东大件物流,河南省,郑州市,中原区,,,否,否,	,	,	,否,	,	,	,	,	,	,	,	,	,	,	,	,否,否,	,否,否,,	,否,	,否,,,否
云米60L速热电热水器3000W一级节能变频增容租房安全已接入米家AP,260122-553438420622166,已取消,1	,正常,	,	,,	,	,208071231700	,双管变频速热60L,1660917678582	,大家电,热水器,电热水器,	,6923185602224	,6923185602224	,	,	,无售后或售后取消,,	,	,,,,,,,否,否,	,否,	,,656.0	,0.0	,0.0	,15.0	,0.0	,0.0	,0.0	,0.0	,641.0	,656.0	,	,	,****,****,****,****,,否,否,	,	,	,否,	,	,	,	,	,	,	,	,	,	,	,	,否,否,	,否,	,,	,否,	,否,,,否
VIOMI云米净水器小海豚600G+升级版厨下式RO反渗透直饮家用,260122-634052953652624,已发货，待收货,1	,正常,2026-01-22 14:08:34,2026-01-23 14:08:34,,2026-01-22 18:04:58,	,852161740747	,小海豚600G+升级版,1835709207960	,厨房电器,净水器/净水设备及配件耗材,净水器,	,6923185653684	,	,	,	,无售后或售后取消,,2026-01-22 14:08:34,	,,,,,,,否,否,	,否,	,,559.0	,0.0	,0.0	,60.0	,0.0	,0.0	,0.0	,0.0	,499.0	,559.0	,JDV025277452145,京东大件物流,湖北省,恩施土家族苗族自治州,恩施市,,,否,否,	,	,	,否,	,	,	,	,	,	,	,	,	,	,	,	,否,否,	,否,否,,	,否,	,否,,,否
VIOMI云米净水器小海豚600G+升级版厨下式RO反渗透直饮家用,260122-330427339084057,已发货，待收货,1	,正常,2026-01-22 14:03:26,2026-01-23 14:03:26,,2026-01-23 09:20:23,	,852161740747	,小海豚600G+升级版,1835709207960	,厨房电器,净水器/净水设备及配件耗材,净水器,	,6923185653684	,	,	,	,无售后或售后取消,,2026-01-22 14:03:26,	,,,,,,,否,否,	,否,	,,559.0	,0.0	,0.0	,60.0	,0.0	,0.0	,0.0	,0.0	,499.0	,559.0	,JDV025277279101,京东大件物流,广东省,佛山市,顺德区,,,否,否,	,	,	,否,	,	,	,	,	,	,	,	,	,	,	,	,否,否,	,否,否,,	,否,	,否,,,否
新品首发 Viomi云米 小海豚3上市RO净水器5年长效反渗透净水器,260122-272273324331388,已发货，待收货,1	,正常,2026-01-22 13:45:18,2026-01-23 13:45:18,	,2026-01-22 18:04:58,	,862873034610	,小海豚3（原装滤芯）（包安装）,1825244823454	,厨房电器,净水器/净水设备及配件耗材,净水器,	,6923185605867	,	,TH2C496399643已审核 待退回仓库 1.25梓晖,	,售后处理中,,2026-01-22 13:45:18,	,,,,,,,否,否,	,否,	,,498.9	,0.0	,0.0	,0.0	,0.0	,0.0	,0.0	,0.0	,498.9	,498.9	,JDV025274520405,京东大件物流,浙江省,温州市,瑞安市,,,否,否,	,	,	,否,	,	,	,	,	,	,	,	,	,	,	,	,否,否,	,否,否,,	,否,	,否,,,否
VIOMI云米净水器小海豚600G+升级版厨下式RO反渗透直饮家用,260122-251249344943718,已取消,1	,正常,	,	,,	,	,852161740747	,小海豚600G+升级版,1835709207960	,厨房电器,净水器/净水设备及配件耗材,净水器,	,6923185653684	,	,	,	,无售后或售后取消,,	,	,,,,,,,否,否,	,否,	,,559.0	,0.0	,0.0	,3.0	,0.0	,0.0	,0.0	,0.0	,556.0	,559.0	,	,	,****,****,****,****,,否,否,	,	,	,否,	,	,	,	,	,	,	,	,	,	,	,	,否,否,	,否,	,,	,否,	,否,,,否
VIOMI云米净水器小海豚600G+升级版厨下式RO反渗透直饮家用,260122-380863834460830,已发货，待收货,1	,正常,2026-01-22 13:36:37,2026-01-23 13:36:37,,2026-01-23 09:20:23,	,852161740747	,小海豚600G+升级版,1835709207960	,厨房电器,净水器/净水设备及配件耗材,净水器,	,6923185653684	,	,	,	,无售后或售后取消,,2026-01-22 13:36:37,	,,,,,,,否,否,	,否,	,,559.0	,0.0	,0.0	,0.0	,0.0	,0.0	,0.0	,0.0	,559.0	,559.0	,JDV025277472637,京东大件物流,江西省,赣州市,章贡区,,,否,否,	,	,	,否,	,	,	,	,	,	,	,	,	,	,	,	,否,否,	,否,否,,	,否,	,否,,,否
VIOMI云米净水器小海豚600G+升级版厨下式RO反渗透直饮家用,260122-138338639402350,已取消,1	,正常,	,	,,	,	,852161740747	,小海豚600G+升级版,1835709207960	,厨房电器,净水器/净水设备及配件耗材,净水器,	,6923185653684	,	,	,	,无售后或售后取消,,	,	,,,,,,,否,否,	,否,	,,559.0	,0.0	,0.0	,0.0	,0.0	,0.0	,0.0	,0.0	,559.0	,559.0	,	,	,****,****,****,****,,否,否,	,	,	,否,	,	,	,	,	,	,	,	,	,	,	,	,否,否,	,否,	,,	,否,	,否,,,否
VIOMI云米净水器小海豚600G+升级版厨下式RO反渗透直饮家用,260122-282675156491885,已收货,1	,正常,2026-01-22 13:26:30,2026-01-23 13:26:30,,2026-01-22 18:04:57,2026-01-23 12:35:12,852161740747	,小海豚600G+升级版,1835709207960	,厨房电器,净水器/净水设备及配件耗材,净水器,	,6923185653684	,	,	,	,无售后或售后取消,,2026-01-22 13:26:30,	,,,,,,,否,否,	,否,	,,559.0	,0.0	,0.0	,60.0	,0.0	,0.0	,0.0	,0.0	,499.0	,559.0	,JDV025277482501,京东大件物流,****,****,****,****,,否,否,	,	,	,否,	,	,	,	,	,	,	,	,	,	,	,	,否,否,	,否,否,,	,否,	,否,,,否
云米无线手持吸尘器家用立式除螨大吸力吸尘机A9长续航宠物家庭,260122-501491965550553,已取消,1	,正常,	,	,,	,	,823432069145	,云米吸尘器【长续航】,1789783831646	,生活电器,吸尘器,吸尘器,	,6923185611844	,6923185611844	,	,	,无售后或售后取消,,	,	,,,,,,,否,否,	,否,	,,550.0	,0.0	,0.0	,0.0	,0.0	,0.0	,0.0	,0.0	,550.0	,550.0	,	,	,****,****,****,****,,否,否,	,	,	,否,	,	,	,	,	,	,	,	,	,	,	,	,否,否,	,否,	,,	,否,	,否,,,否
VIOMI云米净水器小海豚600G+升级版厨下式RO反渗透直饮家用,260122-243710041720478,已取消,1	,正常,	,	,,	,	,852161740747	,小海豚600G+升级版,1835709207960	,厨房电器,净水器/净水设备及配件耗材,净水器,	,6923185653684	,	,	,	,无售后或售后取消,,	,	,,,,,,,否,否,	,否,	,,559.0	,0.0	,0.0	,5.0	,0.0	,0.0	,0.0	,0.0	,554.0	,559.0	,	,	,****,****,****,****,,否,否,	,	,	,否,	,	,	,	,	,	,	,	,	,	,	,	,否,否,	,否,	,,	,否,	,否,,,否
VIOMI云米净水器小海豚600G+升级版厨下式RO反渗透直饮家用,260122-070170723881015,已发货，待收货,1	,正常,2026-01-22 13:11:54,2026-01-23 13:11:54,,2026-01-22 18:04:58,	,852161740747	,小海豚600G+升级版,1835709207960	,厨房电器,净水器/净水设备及配件耗材,净水器,	,6923185653684	,	,AZ2601240227040 [viomi米小锂MKD 01/24 15:25],	,无售后或售后取消,,2026-01-22 13:11:54,	,,,,,,,否,否,	,否,	,,559.0	,0.0	,0.0	,60.0	,0.0	,0.0	,0.0	,0.0	,499.0	,559.0	,JDV025275985224,京东大件物流,河南省,驻马店市,正阳县,,,否,否,	,	,	,否,	,	,	,	,	,	,	,	,	,	,	,	,否,否,	,否,否,,	,否,	,否,,,否
云米无线手持吸尘器家用立式除螨大吸力吸尘机A9长续航宠物家庭,260122-677914877512817,已发货，待收货,1	,正常,2026-01-22 12:56:31,2026-01-23 12:56:32,,2026-01-22 18:52:53,	,823432069145	,云米吸尘器【长续航】,1789783831646	,生活电器,吸尘器,吸尘器,	,6923185611844	,6923185611844	,	,	,无售后或售后取消,,2026-01-22 12:56:32,	,,,,,,,否,否,	,否,	,,550.0	,0.0	,0.0	,48.0	,0.0	,0.0	,0.0	,0.0	,502.0	,550.0	,JDV025277267806,京东配送,山东省,济宁市,金乡县,,,否,否,	,	,	,否,	,	,	,	,	,	,	,	,	,	,	,	,否,否,	,否,否,,	,否,	,否,,,否
VIOMI 云米净水器600G小海豚升级版厨下式RO反渗透直饮家用,260122-534490693941127,未发货，退款成功,1	,正常,2026-01-22 12:38:37,2026-01-23 12:38:37,,	,	,225501370546	,小海豚600G,1813468330532	,厨房电器,净水器/净水设备及配件耗材,净水器,	,6923185653684	,6923185616399	,聚水潭已取消发货 已退款==TH2C578194933此单未发货，OFC已取消发货1.22丹丹,	,退款成功,,2026-01-22 12:38:37,	,,,,,,,否,否,	,否,	,,619.0	,0.0	,0.0	,74.28	,0.0	,0.0	,0.0	,0.0	,544.72	,619.0	,	,	,****,****,****,****,,否,否,	,	,	,否,	,	,	,	,	,	,	,	,	,	,	,	,否,否,	,否,是,3	,商家,否,	,否,,信用卡分期,否
新品首发 Viomi云米 小海豚3上市RO净水器5年长效反渗透净水器,260122-427923883672956,已收货,1	,正常,2026-01-22 12:09:03,2026-01-23 12:09:03,,2026-01-22 18:04:58,2026-01-26 09:37:56,862873034610	,小海豚3+1支复合滤芯（包安装）,1825244823452	,厨房电器,净水器/净水设备及配件耗材,净水器,	,S2512250944002,	,	,	,无售后或售后取消,,2026-01-22 12:09:03,	,,,,,,,否,否,	,否,	,,609.9	,0.0	,0.0	,60.0	,0.0	,0.0	,0.0	,0.0	,549.9	,609.9	,JDV025274514984,京东大件物流,****,****,****,****,,否,否,	,	,	,否,	,	,	,	,	,	,	,	,	,	,	,	,否,否,	,否,否,,	,否,	,否,,,否
VIOMI云米 复合滤芯五合一,260122-659187382671742,已发货，待收货,1	,正常,2026-01-22 12:02:13,2026-01-24 12:02:13,,2026-01-22 15:57:22,	,872941778883	,小海豚600G适用,1830545935279	,厨房电器,净水器/净水设备及配件耗材,净水器配件耗材,	,6923185627425	,	,到手价格199==ZX2601250062067==1.25振尧,	,售后处理中,,2026-01-22 12:02:13,	,,,,,,,否,否,	,否,	,,298.0	,0.0	,0.0	,0.0	,0.0	,0.0	,0.0	,0.0	,298.0	,298.0	,JDV025272549897,京东配送,山西省,忻州市,原平市,,,否,否,	,	,	,否,	,	,	,	,	,	,	,	,	,	,	,	,否,否,	,否,否,,	,否,	,否,,,否
VIOMI云米净水器小海豚600G+升级版厨下式RO反渗透直饮家用,260122-252916549190961,已收货,1	,正常,2026-01-22 12:00:36,2026-01-23 12:00:36,,2026-01-23 09:20:24,2026-01-25 18:07:32,852161740747	,小海豚600G+升级版,1835709207960	,厨房电器,净水器/净水设备及配件耗材,净水器,	,6923185653684	,	,	,	,无售后或售后取消,,2026-01-22 12:00:36,	,,,,,,,否,否,	,否,	,,559.0	,0.0	,0.0	,0.0	,0.0	,0.0	,0.0	,0.0	,559.0	,559.0	,JDV025272520181,京东大件物流,****,****,****,****,,否,否,	,	,	,否,	,	,	,	,	,	,	,	,	,	,	,	,否,否,	,否,否,,	,否,	,否,,,否
云米电热水器免换镁棒1级能效钛芯防护抑菌内胆免清洗3000W速热,260122-528073429352906,已取消,1	,正常,	,	,,	,	,215513269171	,"【免更换镁棒技术】抑菌健康洗,60L",1757655804683	,大家电,热水器,电热水器,	,6923185611899	,镁棒50/60L,	,	,无售后或售后取消,,	,	,,,,,,,否,否,	,否,	,,1199.0	,0.0	,400.0	,2.0	,0.0	,0.0	,0.0	,0.0	,797.0	,799.0	,	,	,****,****,****,****,,否,否,	,	,	,否,	,	,	,	,	,	,	,	,	,	,	,	,否,否,	,否,	,,	,否,	,否,,,否
云米净水器600G小海豚升级版厨下式RO反渗透直饮家用,260122-214958108301608,已收货，退款成功,1	,正常,2026-01-22 11:38:33,2026-01-23 11:38:34,,2026-01-22 15:34:21,2026-01-24 08:31:02,852932116812	,小海豚600G+6年滤芯套装,1812983769340	,厨房电器,净水器/净水设备及配件耗材,净水器,	,S2508151538001,	,用户下单实付金额712，目前反馈价格694.8，已核实为平台优惠，跟用户解释不支持价保，用户反馈要退货，挽单权限特殊补偿20元给用户，用户同意，待确认收货后申请==陈煜1.22,	,退款成功,,2026-01-22 11:38:34,	,,,,,,,否,否,	,否,	,,772.0	,0.0	,36.0	,24.0	,0.0	,0.0	,0.0	,0.0	,712.0	,736.0	,JDV025273519351,京东配送,****,****,****,****,,否,否,	,	,	,否,	,	,	,	,	,	,	,	,	,	,	,	,否,否,	,否,否,,	,否,	,否,,,否
VIOMI云米净水器小海豚600G+升级版厨下式RO反渗透直饮家用,260122-624500426290043,已发货，待收货,1	,正常,2026-01-22 11:37:17,2026-01-23 11:37:17,,2026-01-22 18:04:58,	,852161740747	,小海豚600G+升级版,1835709207960	,厨房电器,净水器/净水设备及配件耗材,净水器,	,6923185653684	,	,	,	,无售后或售后取消,,2026-01-22 11:37:17,	,,,,,,,否,否,	,否,	,,559.0	,0.0	,0.0	,0.0	,0.0	,0.0	,0.0	,0.0	,559.0	,559.0	,JDV025274521637,京东大件物流,福建省,福州市,平潭县,,,否,否,	,	,	,否,	,	,	,	,	,	,	,	,	,	,	,	,否,否,	,否,否,,	,否,	,否,,,否
VIOMI云米净水器小海豚600G+升级版厨下式RO反渗透直饮家用,260122-546276646521927,已取消,1	,正常,	,	,,	,	,852161740747	,小海豚600G+升级版,1835709207960	,厨房电器,净水器/净水设备及配件耗材,净水器,	,6923185653684	,	,	,	,无售后或售后取消,,	,	,,,,,,,否,否,	,否,	,,559.0	,0.0	,0.0	,0.0	,0.0	,0.0	,0.0	,0.0	,559.0	,559.0	,	,	,****,****,****,****,,否,否,	,	,	,否,	,	,	,	,	,	,	,	,	,	,	,	,否,否,	,否,	,,	,否,	,否,,,否
VIOMI云米净水器小海豚600G+升级版厨下式RO反渗透直饮家用,260122-637712473742596,已发货，待收货,1	,正常,2026-01-22 11:30:40,2026-01-23 11:30:41,	,2026-01-22 18:04:59,	,852161740747	,小海豚600G+升级版,1835709207960	,厨房电器,净水器/净水设备及配件耗材,净水器,	,6923185653684	,	,	,	,无售后或售后取消,,2026-01-22 11:30:41,	,,,,,,,否,否,	,否,	,,559.0	,0.0	,0.0	,60.0	,0.0	,0.0	,0.0	,0.0	,499.0	,559.0	,JDV025274509055,京东大件物流,广东省,广州市,番禺区,,,否,否,	,	,	,否,	,	,	,	,	,	,	,	,	,	,	,	,否,否,	,否,否,,	,否,	,否,,,否
VIOMI 云米净水器600G小海豚升级版厨下式RO反渗透直饮家用,260122-021852362291321,已发货，待收货,1	,正常,2026-01-22 10:58:10,2026-01-23 10:58:10,	,2026-01-22 14:16:42,	,225501370546	,小海豚600G,1813468330532	,厨房电器,净水器/净水设备及配件耗材,净水器,	,6923185653684	,6923185616399	,	,	,无售后或售后取消,,2026-01-22 10:58:10,	,,,,,,,否,否,	,否,	,,619.0	,0.0	,0.0	,99.04	,0.0	,0.0	,0.0	,0.0	,519.96	,619.0	,JDV025271212940,京东配送,上海市,上海市,宝山区,,,否,否,	,	,	,否,	,	,	,	,	,	,	,	,	,	,	,	,否,否,	,否,否,,	,否,	,否,,,否
云米5.0KW智能燃气灶大火力爆炒灶具一级节能家用厨房双灶头台嵌,260122-180355121463115,已发货，待收货,1	,正常,2026-01-22 10:56:35,2026-01-23 10:56:35,,2026-01-22 14:55:51,	,623266189560	,5.0KW精焰猛火灶（天然气）,1690346386816	,大家电,厨房大电,燃气灶,	,6923185649656	,	,	,	,无售后或售后取消,,2026-01-22 10:56:35,	,,,,,,,否,否,	,否,	,,444.0	,0.0	,5.0	,48.29	,0.0	,0.0	,0.0	,0.0	,390.71	,439.0	,JDV025274509970,京东配送,安徽省,芜湖市,鸠江区,,,否,否,	,	,	,否,	,	,	,	,	,	,	,	,	,	,	,	,否,否,	,否,否,,	,否,	,否,,,否
云米23m³顶侧大吸力超薄智能油烟机厨房app挥手智控易清洁一级,260122-594186135863115,已发货，待收货,1	,正常,2026-01-22 10:53:33,2026-01-23 10:53:33,,2026-01-22 15:03:47,	,219486126363	,挥手智控单烟机,1689355640209	,大家电,厨房大电,油烟机,	,6923185613664	,6923185613664	,	,	,无售后或售后取消,,2026-01-22 10:53:33,	,,,,,,,否,否,	,否,	,,1031.0	,0.0	,200.0	,100.0	,0.0	,0.0	,0.0	,0.0	,731.0	,831.0	,JDV025274505410,京东配送,安徽省,芜湖市,鸠江区,,,否,否,	,	,	,否,	,	,	,	,	,	,	,	,	,	,	,	,否,否,	,否,否,,	,否,	,否,,,否
VIOMI云米净水器小海豚600G+升级版厨下式RO反渗透直饮家用,260122-129226586550885,已发货，待收货,1	,正常,2026-01-22 10:30:46,2026-01-23 10:30:46,,2026-01-22 18:04:58,	,852161740747	,小海豚600G+升级版,1835709207960	,厨房电器,净水器/净水设备及配件耗材,净水器,	,6923185653684	,	,	,	,无售后或售后取消,,2026-01-22 10:30:46,	,,,,,,,否,否,	,否,	,,559.0	,0.0	,0.0	,0.0	,0.0	,0.0	,0.0	,0.0	,559.0	,559.0	,JDV025274507435,京东大件物流,广东省,中山市,小榄镇,,,否,否,	,	,	,否,	,	,	,	,	,	,	,	,	,	,	,	,否,否,	,否,否,,	,否,	,否,,,否
VIOMI云米净水器小海豚600G+升级版厨下式RO反渗透直饮家用,260122-212326182411885,已取消,1	,正常,	,	,,	,	,852161740747	,小海豚600G+升级版,1835709207960	,厨房电器,净水器/净水设备及配件耗材,净水器,	,6923185653684	,	,	,	,无售后或售后取消,,	,	,,,,,,,否,否,	,否,	,,559.0	,0.0	,0.0	,60.0	,0.0	,0.0	,0.0	,0.0	,499.0	,559.0	,	,	,****,****,****,****,,否,否,	,	,	,否,	,	,	,	,	,	,	,	,	,	,	,	,否,否,	,否,	,,	,否,	,否,,,否
VIOMI云米净水器小海豚600G+升级版厨下式RO反渗透直饮家用,260122-036008107543923,已发货，待收货,1	,正常,2026-01-22 10:15:58,2026-01-23 10:15:58,,2026-01-22 18:04:58,	,852161740747	,小海豚600G+升级版,1835709207960	,厨房电器,净水器/净水设备及配件耗材,净水器,	,6923185653684	,	,AZ2601240227217=19502528028=安装=陈煜1.24,	,无售后或售后取消,,2026-01-22 10:15:58,	,,,,,,,否,否,	,否,	,,559.0	,0.0	,0.0	,60.0	,0.0	,0.0	,0.0	,0.0	,499.0	,559.0	,JDV025273432035,京东大件物流,江苏省,连云港市,灌云县,,,否,否,	,	,	,否,	,	,	,	,	,	,	,	,	,	,	,	,否,否,	,否,否,,	,否,	,否,,,否
云米小厨宝6L电热水器厨房卫生间出水恒温储水式小型速热神器加热,260122-638582791832217,已发货，待收货,1	,正常,2026-01-22 09:54:32,2026-01-23 09:54:32,,2026-01-22 14:21:39,	,208073193570	,热水即刻有-【6L】,1801828025682	,大家电,热水器,厨宝,	,6923185611233	,6923185611233	,	,	,无售后或售后取消,,2026-01-22 09:54:32,	,,,,,,,否,否,	,否,	,,239.0	,0.0	,0.0	,20.0	,0.2	,0.0	,0.0	,0.0	,219.0	,239.0	,JDV025273398616,京东配送,江苏省,镇江市,句容市,,,否,否,	,	,	,否,	,	,	,	,	,	,	,	,	,	,	,	,否,否,	,否,否,,	,否,	,否,,,否
云米小厨宝6L电热水器厨房卫生间出水恒温储水式小型速热神器加热,260122-241466109591395,已发货，待收货,4	,正常,2026-01-22 09:46:07,2026-01-23 09:46:07,,2026-01-22 18:43:36,	,208073193570	,热水即刻有-【6L】,1801828025682	,大家电,热水器,厨宝,	,6923185611233	,6923185611233	,AZ2601240226082==1.24米锋 TH2C492459446已审核 待提供寄出单号 1.24梓晖==ass已上传单号 待退回仓库1.24梓晖 ,	,售后处理中,,2026-01-22 09:46:07,	,,,,,,,否,否,	,否,	,,956.0	,0.0	,19.12	,59.0	,0.0	,0.0	,0.0	,0.0	,877.88	,936.88	,JDV025271600329,京东配送,云南省,文山壮族苗族自治州,文山市,,,否,否,	,	,	,否,	,	,	,	,	,	,	,	,	,	,	,	,否,否,	,否,否,,	,否,	,否,,,否
云米小厨宝6L电热水器厨房卫生间出水恒温储水式小型速热神器加热,260122-349438022062167,已收货,1	,正常,2026-01-22 09:45:16,2026-01-23 09:45:16,,2026-01-22 14:22:47,2026-01-23 20:58:05,208073193570	,热水即刻有-【6L】,1801828025682	,大家电,热水器,厨宝,	,6923185611233	,6923185611233	,	,	,无售后或售后取消,,2026-01-22 09:45:16,	,,,,,,,否,否,	,否,	,,239.0	,0.0	,0.0	,25.0	,0.0	,0.0	,0.0	,0.0	,214.0	,239.0	,JDV025273398650,京东配送,****,****,****,****,,否,否,	,	,	,否,	,	,	,	,	,	,	,	,	,	,	,	,否,否,	,否,否,,	,否,	,否,,,否
VIOMI云米净水器小海豚600G+升级版厨下式RO反渗透直饮家用,260122-245933085081956,已取消,1	,正常,	,	,,	,	,852161740747	,小海豚600G+升级版,1835709207960	,厨房电器,净水器/净水设备及配件耗材,净水器,	,6923185653684	,	,	,	,无售后或售后取消,,	,	,,,,,,,否,否,	,否,	,,559.0	,0.0	,0.0	,0.0	,0.0	,0.0	,0.0	,0.0	,559.0	,559.0	,	,	,****,****,****,****,,否,否,	,	,	,否,	,	,	,	,	,	,	,	,	,	,	,	,否,否,	,否,	,,	,否,	,否,,,否
VIOMI云米净水器小海豚600G+升级版厨下式RO反渗透直饮家用,260122-441135930981053,已发货，待收货,1	,正常,2026-01-22 09:35:21,2026-01-23 09:35:22,,2026-01-22 18:04:59,	,852161740747	,小海豚600G+升级版,1835709207960	,厨房电器,净水器/净水设备及配件耗材,净水器,	,6923185653684	,	,	,	,无售后或售后取消,,2026-01-22 09:35:22,	,,,,,,,否,否,	,否,	,,559.0	,0.0	,0.0	,50.0	,0.0	,0.0	,0.0	,0.0	,509.0	,559.0	,JDV025270993447,京东大件物流,山西省,太原市,清徐县,,,否,否,	,	,	,否,	,	,	,	,	,	,	,	,	,	,	,	,否,否,	,否,否,,	,否,	,否,,,否
VIOMI云米净水器小海豚600G+升级版厨下式RO反渗透直饮家用,260122-317697605932954,已收货,1	,正常,2026-01-22 09:34:09,2026-01-23 09:34:10,,2026-01-22 18:04:59,2026-01-25 13:51:32,852161740747	,小海豚600G+升级版,1835709207960	,厨房电器,净水器/净水设备及配件耗材,净水器,	,6923185653684	,	,	,	,无售后或售后取消,,2026-01-22 09:34:10,	,,,,,,,否,否,	,否,	,,559.0	,0.0	,0.0	,60.0	,0.0	,0.0	,0.0	,0.0	,499.0	,559.0	,JDV025271595223,京东大件物流,****,****,****,****,,否,否,	,	,	,否,	,	,	,	,	,	,	,	,	,	,	,	,否,否,	,否,否,,	,否,	,否,,,否
云米5.0KW智能燃气灶大火力爆炒灶具一级节能家用厨房双灶头台嵌,260122-321346670992474,未发货，退款成功,1	,正常,2026-01-22 09:32:08,2026-01-23 09:32:08,,	,	,623266189560	,5.0KW精焰猛火灶（液化气）,1690346386817	,大家电,厨房大电,燃气灶,	,6923185649649	,	,已取消发货 TH2C612998321建退货单OFC已取消发货1.24丹丹,	,退款成功,,2026-01-22 09:32:08,	,,,,,,,否,否,	,否,	,,444.0	,0.0	,5.0	,43.9	,0.0	,0.0	,0.0	,0.0	,395.1	,439.0	,	,	,****,****,****,****,,否,否,	,	,	,否,	,	,	,	,	,	,	,	,	,	,	,	,否,否,	,否,否,,	,否,	,否,,,否
VIOMI云米净水器小海豚600G+升级版厨下式RO反渗透直饮家用,260122-479094454613585,已取消,1	,正常,	,	,,	,	,852161740747	,小海豚600G+升级版,1835709207960	,厨房电器,净水器/净水设备及配件耗材,净水器,	,6923185653684	,	,	,	,无售后或售后取消,,	,	,,,,,,,否,否,	,否,	,,559.0	,0.0	,0.0	,0.0	,0.0	,0.0	,0.0	,0.0	,559.0	,559.0	,	,	,****,****,****,****,,否,否,	,	,	,否,	,	,	,	,	,	,	,	,	,	,	,	,否,否,	,否,	,,	,否,	,否,,,否
云米60L速热电热水器3000W一级节能变频增容租房安全已接入米家AP,260122-303290160703118,已取消,1	,正常,	,	,,	,	,208071231700	,双管变频速热60L,1660917678582	,大家电,热水器,电热水器,	,6923185602224	,6923185602224	,	,	,无售后或售后取消,,	,	,,,,,,,否,否,	,否,	,,671.0	,0.0	,0.0	,60.0	,0.0	,0.0	,0.0	,0.0	,611.0	,671.0	,	,	,****,****,****,****,,否,否,	,	,	,否,	,	,	,	,	,	,	,	,	,	,	,	,否,否,	,否,	,,	,否,	,否,,,否
VIOMI云米净水器小海豚600G+升级版厨下式RO反渗透直饮家用,260122-376543649311020,已收货,1	,正常,2026-01-22 08:43:31,2026-01-23 08:43:32,,2026-01-22 18:04:59,2026-01-24 17:35:59,852161740747	,小海豚600G+升级版,1835709207960	,厨房电器,净水器/净水设备及配件耗材,净水器,	,6923185653684	,	,AZ2601240227041==1.24米锋,	,无售后或售后取消,,2026-01-22 08:43:32,	,,,,,,,否,否,	,否,	,,559.0	,0.0	,0.0	,0.0	,0.0	,0.0	,0.0	,0.0	,559.0	,559.0	,JDV025269464086,京东大件物流,****,****,****,****,,否,否,	,	,	,否,	,	,	,	,	,	,	,	,	,	,	,	,否,否,	,否,否,,	,否,	,否,,,否
云米净水器600G小海豚升级版厨下式RO反渗透直饮家用,260122-334380439063450,已发货，待收货,1	,正常,2026-01-22 08:51:13,2026-01-23 08:51:13,,2026-01-22 11:53:04,	,852932116812	,小海豚600G+6年滤芯套装,1812983769340	,厨房电器,净水器/净水设备及配件耗材,净水器,	,S2508151538001,	,已询问技术1.25米锋,	,无售后或售后取消,,2026-01-22 08:51:13,	,,,,,,,否,否,	,否,	,,772.0	,0.0	,36.0	,24.0	,0.0	,0.0	,0.0	,0.0	,712.0	,736.0	,JDV025268155621,京东配送,山东省,菏泽市,曹县,,,否,否,	,	,	,否,	,	,	,	,	,	,	,	,	,	,	,	,否,否,	,否,否,,	,否,	,否,,,否
云米小厨宝6L电热水器厨房卫生间出水恒温储水式小型速热神器加热,260122-281028934003518,已收货,1	,正常,2026-01-22 08:28:40,2026-01-23 08:28:40,,2026-01-22 11:47:42,2026-01-25 20:52:19,208073193570	,热水即刻有-【6L】,1801828025682	,大家电,热水器,厨宝,	,6923185611233	,6923185611233	,	,	,无售后或售后取消,,2026-01-22 08:28:40,	,,,,,,,否,否,	,否,	,,239.0	,0.0	,0.0	,11.0	,0.2	,0.0	,0.0	,0.0	,228.0	,239.0	,JDV025269632908,京东配送,****,****,****,****,,否,否,	,	,	,否,	,	,	,	,	,	,	,	,	,	,	,	,否,否,	,否,否,,	,否,	,否,,,否
VIOMI 云米净水器600G小海豚升级版厨下式RO反渗透直饮家用,260122-105119803822163,已取消,1	,正常,	,	,,	,	,225501370546	,小海豚600G,1813468330532	,厨房电器,净水器/净水设备及配件耗材,净水器,	,6923185653684	,6923185616399	,	,	,无售后或售后取消,,	,	,,,,,,,否,否,	,否,	,,619.0	,0.0	,0.0	,74.28	,0.0	,0.0	,0.0	,0.0	,544.72	,619.0	,	,	,****,****,****,****,,否,否,	,	,	,否,	,	,	,	,	,	,	,	,	,	,	,	,否,否,	,否,	,,	,否,	,否,,,否
新品首发 Viomi云米 小海豚3上市RO净水器5年长效反渗透净水器,260122-409542408573507,已发货，待收货,1	,正常,2026-01-22 07:55:34,2026-01-23 07:55:34,,2026-01-22 18:04:59,	,862873034610	,小海豚3（原装滤芯）（包安装）,1825244823454	,厨房电器,净水器/净水设备及配件耗材,净水器,	,6923185605867	,	,	,	,无售后或售后取消,,2026-01-22 07:55:34,	,,,,,,,否,否,	,否,	,,498.9	,0.0	,0.0	,100.0	,2.0	,0.0	,0.0	,0.0	,398.9	,498.9	,JDV025271600859,京东大件物流,湖北省,咸宁市,通城县,,,否,否,	,	,	,否,	,	,	,	,	,	,	,	,	,	,	,	,否,否,	,否,否,,	,否,	,否,,,否
云米鲲鹏PRO烟机28m³大吸力聚能猛火灶一级能效烟灶联动厨电套装,260122-156080565782886,已取消,1	,正常,	,	,,	,	,784230725200	,"【烟灶套装】鲲鹏PRO大吸力烟机+5.2灶具,天然气",1763233003376	,大家电,厨房大电,烟灶消套装,	,S2505161744001,	,	,	,无售后或售后取消,,	,	,,,,,,,否,否,	,否,	,,2557.0	,0.0	,0.0	,0.0	,0.0	,0.0	,0.0	,0.0	,2557.0	,2557.0	,	,	,****,****,****,****,,否,否,	,	,	,否,	,	,	,	,	,	,	,	,	,	,	,	,否,否,	,否,	,,	,否,	,否,,,否
云米小厨宝6L电热水器厨房卫生间出水恒温储水式小型速热神器加热,260122-050876967300640,已发货，待收货,1	,正常,2026-01-22 07:46:19,2026-01-23 07:46:19,,2026-01-22 15:13:42,	,208073193570	,热水即刻有-【6L】,1801828025682	,大家电,热水器,厨宝,	,6923185611233	,6923185611233	,	,	,无售后或售后取消,,2026-01-22 07:46:19,	,,,,,,,否,否,	,否,	,,239.0	,0.0	,0.0	,0.0	,0.0	,0.0	,0.0	,0.0	,239.0	,239.0	,JDV025271593962,京东配送,广东省,东莞市,石龙镇,,,否,否,	,	,	,否,	,	,	,	,	,	,	,	,	,	,	,	,否,否,	,否,否,,	,否,	,否,,,否
云米小厨宝6L电热水器厨房卫生间出水恒温储水式小型速热神器加热,260122-408493822383300,已发货，待收货,1	,正常,2026-01-22 07:41:25,2026-01-23 07:41:25,,2026-01-22 12:08:16,	,208073193570	,热水即刻有-【6L】,1801828025682	,大家电,热水器,厨宝,	,6923185611233	,6923185611233	,	,	,无售后或售后取消,,2026-01-22 07:41:25,	,,,,,,,否,否,	,否,	,,239.0	,0.0	,0.0	,23.9	,0.0	,0.0	,0.0	,0.0	,215.1	,239.0	,JDV025267916806,京东配送,山西省,忻州市,忻府区,,,否,否,	,	,	,否,	,	,	,	,	,	,	,	,	,	,	,	,否,否,	,否,否,,	,否,	,否,,,否
VIOMI云米净水器小海豚600G+升级版厨下式RO反渗透直饮家用,260122-399423619402731,已发货，待收货,1	,正常,2026-01-22 07:26:46,2026-01-23 07:26:46,,2026-01-22 18:04:59,	,852161740747	,小海豚600G+升级版,1835709207960	,厨房电器,净水器/净水设备及配件耗材,净水器,	,6923185653684	,	,	,	,无售后或售后取消,,2026-01-22 07:26:46,	,,,,,,,否,否,	,否,	,,559.0	,0.0	,0.0	,0.0	,0.0	,0.0	,0.0	,0.0	,559.0	,559.0	,JDV025267911172,京东大件物流,四川省,德阳市,中江县,,,否,否,	,	,	,否,	,	,	,	,	,	,	,	,	,	,	,	,否,否,	,否,否,,	,否,	,否,,,否
VIOMI云米净水器小海豚600G+升级版厨下式RO反渗透直饮家用,260122-424096643461890,已取消,1	,正常,	,	,,	,	,852161740747	,小海豚600G+升级版,1835709207960	,厨房电器,净水器/净水设备及配件耗材,净水器,	,6923185653684	,	,	,	,无售后或售后取消,,	,	,,,,,,,否,否,	,否,	,,559.0	,0.0	,0.0	,60.0	,0.0	,0.0	,0.0	,0.0	,499.0	,559.0	,	,	,****,****,****,****,,否,否,	,	,	,否,	,	,	,	,	,	,	,	,	,	,	,	,否,否,	,否,	,,	,否,	,否,,,否
VIOMI云米净水器小海豚600G+升级版厨下式RO反渗透直饮家用,260122-235279490690020,已取消,1	,正常,	,	,,	,	,852161740747	,小海豚600G+升级版,1835709207960	,厨房电器,净水器/净水设备及配件耗材,净水器,	,6923185653684	,	,	,	,无售后或售后取消,,	,	,,,,,,,否,否,	,否,	,,559.0	,0.0	,0.0	,0.0	,0.0	,0.0	,0.0	,0.0	,559.0	,559.0	,	,	,****,****,****,****,,否,否,	,	,	,否,	,	,	,	,	,	,	,	,	,	,	,	,否,否,	,否,	,,	,否,	,否,,,否
VIOMI云米净水器小海豚600G+升级版厨下式RO反渗透直饮家用,260122-348106298993876,已发货，待收货,1	,正常,2026-01-22 06:45:13,2026-01-23 06:45:13,,2026-01-22 18:04:59,	,852161740747	,小海豚600G+升级版,1835709207960	,厨房电器,净水器/净水设备及配件耗材,净水器,	,6923185653684	,	,	,	,无售后或售后取消,,2026-01-22 06:45:13,	,,,,,,,否,否,	,否,	,,559.0	,0.0	,0.0	,0.0	,0.0	,0.0	,0.0	,0.0	,559.0	,559.0	,JDV025267897130,京东大件物流,内蒙古自治区,兴安盟,乌兰浩特市,,,否,否,	,	,	,否,	,	,	,	,	,	,	,	,	,	,	,	,否,否,	,否,否,,	,否,	,否,,,否
VIOMI云米净水器小海豚600G+升级版厨下式RO反渗透直饮家用,260122-450772375153876,已取消,1	,正常,	,	,,	,	,852161740747	,小海豚600G+升级版,1835709207960	,厨房电器,净水器/净水设备及配件耗材,净水器,	,6923185653684	,	,	,	,无售后或售后取消,,	,	,,,,,,,否,否,	,否,	,,559.0	,0.0	,0.0	,0.0	,0.0	,0.0	,0.0	,0.0	,559.0	,559.0	,	,	,****,****,****,****,,否,否,	,	,	,否,	,	,	,	,	,	,	,	,	,	,	,	,否,否,	,否,	,,	,否,	,否,,,否
VIOMI云米净水器小海豚600G+升级版厨下式RO反渗透直饮家用,260122-262982920522731,已取消,1	,正常,	,	,,	,	,852161740747	,小海豚600G+升级版,1835709207960	,厨房电器,净水器/净水设备及配件耗材,净水器,	,6923185653684	,	,	,	,无售后或售后取消,,	,	,,,,,,,否,否,	,否,	,,559.0	,0.0	,0.0	,0.0	,0.0	,0.0	,0.0	,0.0	,559.0	,559.0	,	,	,****,****,****,****,,否,否,	,	,	,否,	,	,	,	,	,	,	,	,	,	,	,	,否,否,	,否,	,,	,否,	,否,,,否
云米AI燃气热水器 智控恒温防冻节能安全水质净化精准控温13L强排,260122-155273214392995,已发货，待收货,1	,正常,2026-01-22 06:31:48,2026-01-23 06:31:48,,2026-01-22 14:56:44,	,774960777953	,智控恒温燃气热水器,1756760299679	,大家电,热水器,燃气热水器,	,6923185655688	,6923185655688	,	,	,无售后或售后取消,,2026-01-22 06:31:48,	,,,,,,,否,否,	,否,	,,529.0	,0.0	,0.0	,68.77	,0.0	,0.0	,0.0	,0.0	,460.23	,529.0	,JDV025271586628,京东配送,四川省,广安市,前锋区,,,否,否,	,	,	,否,	,	,	,	,	,	,	,	,	,	,	,	,否,否,	,否,否,,	,否,	,否,,,否
VIOMI云米净水器小海豚600G+升级版厨下式RO反渗透直饮家用,260122-291263005092808,已收货,1	,正常,2026-01-22 06:06:24,2026-01-23 06:06:24,,2026-01-22 18:04:59,2026-01-25 21:07:47,852161740747	,小海豚600G+升级版,1835709207960	,厨房电器,净水器/净水设备及配件耗材,净水器,	,6923185653684	,	,WX2601250240157==1.25振尧,	,无售后或售后取消,,2026-01-22 06:06:24,	,,,,,,,否,否,	,否,	,,559.0	,0.0	,0.0	,60.0	,0.0	,0.0	,0.0	,0.0	,499.0	,559.0	,JDV025271051975,京东大件物流,****,****,****,****,,否,否,	,	,	,否,	,	,	,	,	,	,	,	,	,	,	,	,否,否,	,否,否,,	,否,	,否,,,否
VIOMI云米净水器小海豚600G+升级版厨下式RO反渗透直饮家用,260122-073882745252808,已取消,1	,正常,	,	,,	,	,852161740747	,小海豚600G+升级版,1835709207960	,厨房电器,净水器/净水设备及配件耗材,净水器,	,6923185653684	,	,	,	,无售后或售后取消,,	,	,,,,,,,否,否,	,否,	,,559.0	,0.0	,0.0	,60.0	,0.0	,0.0	,0.0	,0.0	,499.0	,559.0	,	,	,****,****,****,****,,否,否,	,	,	,否,	,	,	,	,	,	,	,	,	,	,	,	,否,否,	,否,	,,	,否,	,否,,,否
云米AI燃气热水器 智控恒温防冻节能安全水质净化精准控温13L强排,260122-510289590661353,已取消,1	,正常,	,	,,	,	,774960777953	,智控恒温燃气热水器,1756760299679	,大家电,热水器,燃气热水器,	,6923185655688	,6923185655688	,	,	,无售后或售后取消,,	,	,,,,,,,否,否,	,否,	,,529.0	,0.0	,0.0	,58.19	,0.0	,0.0	,0.0	,0.0	,470.81	,529.0	,	,	,****,****,****,****,,否,否,	,	,	,否,	,	,	,	,	,	,	,	,	,	,	,	,否,否,	,否,	,,	,否,	,否,,,否
VIOMI 云米净水器600G小海豚升级版厨下式RO反渗透直饮家用,260122-327239616120702,已收货,1	,正常,2026-01-22 03:02:10,2026-01-23 03:02:10,,2026-01-22 11:11:48,2026-01-25 15:15:34,225501370546	,小海豚600G,1813468330532	,厨房电器,净水器/净水设备及配件耗材,净水器,	,6923185653684	,6923185616399	,	,	,无售后或售后取消,,2026-01-22 03:02:10,	,,,,,,,否,否,	,否,	,,619.0	,0.0	,0.0	,61.9	,0.0	,0.0	,0.0	,0.0	,557.1	,619.0	,JDV025267781032,京东配送,****,****,****,****,,否,否,	,	,	,否,	,	,	,	,	,	,	,	,	,	,	,	,否,否,	,否,否,,	,否,	,否,,,否
VIOMI云米净水器小海豚600G+升级版厨下式RO反渗透直饮家用,260122-024033379990747,已发货，待收货,1	,正常,2026-01-22 02:10:48,2026-01-23 02:10:49,	,2026-01-22 15:52:15,	,852161740747	,小海豚600G+升级版,1835709207960	,厨房电器,净水器/净水设备及配件耗材,净水器,	,6923185653684	,	,AZ2601250240172==1.25振尧,	,无售后或售后取消,,2026-01-22 02:10:49,	,,,,,,,否,否,	,否,	,,559.0	,0.0	,0.0	,60.0	,0.2	,0.0	,0.0	,0.0	,499.0	,559.0	,JDV025271618587,京东大件物流,广东省,深圳市,龙岗区,,,否,否,	,	,	,否,	,	,	,	,	,	,	,	,	,	,	,	,否,否,	,否,否,,	,否,	,否,,,否
云米23m³顶侧大吸力超薄智能油烟机厨房app挥手智控易清洁一级,260122-555577567662590,已取消,1	,正常,	,	,,	,	,219486126363	,挥手智控单烟机,1689355640209	,大家电,厨房大电,油烟机,	,6923185613664	,6923185613664	,	,	,无售后或售后取消,,	,	,,,,,,,否,否,	,否,	,,1031.0	,0.0	,200.0	,83.1	,0.0	,0.0	,0.0	,0.0	,747.9	,831.0	,	,	,****,****,****,****,,否,否,	,	,	,否,	,	,	,	,	,	,	,	,	,	,	,	,否,否,	,否,	,,	,否,	,否,,,否
新品首发 Viomi云米 小海豚3上市RO净水器5年长效反渗透净水器,260122-563766946192668,已发货，待收货,1	,正常,2026-01-22 01:17:24,2026-01-23 01:17:24,,2026-01-22 15:48:07,	,862873034610	,小海豚3（原装滤芯）（包安装）,1825244823454	,厨房电器,净水器/净水设备及配件耗材,净水器,	,6923185605867	,	,晒图评价赠1年延保+20元,	,无售后或售后取消,,2026-01-22 01:17:24,	,,,,,,,否,否,	,否,	,,498.9	,0.0	,0.0	,0.0	,0.0	,0.0	,0.0	,0.0	,498.9	,498.9	,JDV025271594036,京东大件物流,广东省,广州市,天河区,,,否,否,	,	,	,否,	,	,	,	,	,	,	,	,	,	,	,	,否,否,	,否,否,,	,否,	,否,,,否
云米顶侧大吸力蓝调油烟机家用厨房节能自清洁一级能效可挥手智控,260122-194626229761518,已发货，待收货,1	,正常,2026-01-22 01:14:14,2026-01-23 01:14:14,,2026-01-22 11:09:49,	,657344402006	,顶侧双吸智清洁挥手智控单烟机,1832827639759	,大家电,厨房大电,油烟机,	,6923185650973	,6923185650973	,	,	,无售后或售后取消,,2026-01-22 01:14:14,	,,,,,,,否,否,	,否,	,,849.0	,0.0	,0.0	,0.0	,0.0	,0.0	,0.0	,0.0	,849.0	,849.0	,JDV025266092982,京东配送,四川省,成都市,双流区,,,否,否,	,	,	,否,	,	,	,	,	,	,	,	,	,	,	,	,否,否,	,否,否,,	,否,	,否,,,否
VIOMI 云米净水器600G小海豚升级版厨下式RO反渗透直饮家用,260122-172134295860267,已收货,1	,正常,2026-01-22 01:13:16,2026-01-23 01:13:17,,2026-01-22 15:22:45,2026-01-24 14:54:07,225501370546	,小海豚600G,1813468330532	,厨房电器,净水器/净水设备及配件耗材,净水器,	,6923185653684	,6923185616399	,	,	,无售后或售后取消,,2026-01-22 01:13:17,	,,,,,,,否,否,	,否,	,,619.0	,0.0	,0.0	,100.0	,0.0	,0.0	,0.0	,0.0	,519.0	,619.0	,JDV025271649582,京东大件物流,****,****,****,****,,否,否,	,	,	,否,	,	,	,	,	,	,	,	,	,	,	,	,否,否,	,否,否,,	,否,	,否,,,否
云米顶侧大吸力蓝调油烟机家用厨房节能自清洁一级能效可挥手智控,260122-097024765441518,已取消,1	,正常,	,	,,	,	,657344402006	,顶侧双吸智清洁挥手智控单烟机,1832827639759	,大家电,厨房大电,油烟机,	,6923185650973	,6923185650973	,	,	,无售后或售后取消,,	,	,,,,,,,否,否,	,否,	,,849.0	,0.0	,0.0	,0.0	,0.0	,0.0	,0.0	,0.0	,849.0	,849.0	,	,	,****,****,****,****,,否,否,	,	,	,否,	,	,	,	,	,	,	,	,	,	,	,	,否,否,	,否,	,,	,否,	,否,,,否
云米净水器600G小海豚升级版厨下式RO反渗透直饮家用,260122-025459433053809,已发货，待收货,1	,正常,2026-01-22 01:08:53,2026-01-23 01:08:53,,2026-01-22 10:32:03,	,852932116812	,小海豚600G+6年滤芯套装,1812983769340	,厨房电器,净水器/净水设备及配件耗材,净水器,	,S2508151538001,	,	,	,无售后或售后取消,,2026-01-22 01:08:53,	,,,,,,,否,否,	,否,	,,772.0	,0.0	,0.0	,100.0	,1.34	,0.0	,0.0	,0.0	,672.0	,772.0	,JDV025267361533,京东配送,安徽省,滁州市,明光市,,,否,否,	,	,	,否,	,	,	,	,	,	,	,	,	,	,	,	,否,否,	,否,否,,	,否,	,否,,,否
新品首发 Viomi云米 小海豚3上市RO净水器5年长效反渗透净水器,260122-452963920180196,已取消,1	,正常,	,	,,	,	,862873034610	,小海豚3（原装滤芯）（包安装）,1825244823454	,厨房电器,净水器/净水设备及配件耗材,净水器,	,6923185605867	,	,	,	,无售后或售后取消,,	,	,,,,,,,否,否,	,否,	,,498.9	,0.0	,0.0	,0.0	,0.0	,0.0	,0.0	,0.0	,498.9	,498.9	,	,	,****,****,****,****,,否,否,	,	,	,否,	,	,	,	,	,	,	,	,	,	,	,	,否,否,	,否,	,,	,否,	,否,,,否
云米5.0KW智能燃气灶大火力爆炒灶具一级节能家用厨房双灶头台嵌,260122-181256885761518,已发货，待收货,1	,正常,2026-01-22 01:06:14,2026-01-23 01:06:14,,2026-01-22 09:21:16,	,623266189560	,5.0KW精焰猛火灶（天然气）,1690346386816	,大家电,厨房大电,燃气灶,	,6923185649656	,	,	,	,无售后或售后取消,,2026-01-22 01:06:14,	,,,,,,,否,否,	,否,	,,444.0	,0.0	,29.0	,16.0	,0.0	,0.0	,0.0	,0.0	,399.0	,415.0	,JDV025267259679,京东大件物流,四川省,成都市,双流区,,,否,否,	,	,	,否,	,	,	,	,	,	,	,	,	,	,	,	,否,否,	,否,否,,	,否,	,否,,,否
VIOMI云米净水器小海豚600G+升级版厨下式RO反渗透直饮家用,260122-096102070683036,已取消,1	,正常,	,	,,	,	,852161740747	,小海豚600G+升级版,1835709207960	,厨房电器,净水器/净水设备及配件耗材,净水器,	,6923185653684	,	,	,	,无售后或售后取消,,	,	,,,,,,,否,否,	,否,	,,559.0	,0.0	,0.0	,0.0	,0.0	,0.0	,0.0	,0.0	,559.0	,559.0	,	,	,****,****,****,****,,否,否,	,	,	,否,	,	,	,	,	,	,	,	,	,	,	,	,否,否,	,否,	,,	,否,	,否,,,否
新品首发 Viomi云米 小海豚3上市RO净水器5年长效反渗透净水器,260122-295971111223224,已取消,1	,正常,	,	,,	,	,862873034610	,小海豚3（原装滤芯）（包安装）,1825244823454	,厨房电器,净水器/净水设备及配件耗材,净水器,	,6923185605867	,	,	,	,无售后或售后取消,,	,	,,,,,,,否,否,	,否,	,,498.9	,0.0	,0.0	,0.0	,0.0	,0.0	,0.0	,0.0	,498.9	,498.9	,	,	,****,****,****,****,,否,否,	,	,	,否,	,	,	,	,	,	,	,	,	,	,	,	,否,否,	,否,	,,	,否,	,否,,,否
云米AI燃气热水器 智控恒温防冻节能安全水质净化精准控温13L强排,260122-484840630601336,已取消,1	,正常,	,	,,	,	,774960777953	,智控恒温燃气热水器,1756760299679	,大家电,热水器,燃气热水器,	,6923185655688	,6923185655688	,	,	,无售后或售后取消,,	,	,,,,,,,否,否,	,否,	,,529.0	,0.0	,0.0	,20.0	,0.0	,0.0	,0.0	,0.0	,509.0	,529.0	,	,	,****,****,****,****,,否,否,	,	,	,否,	,	,	,	,	,	,	,	,	,	,	,	,否,否,	,否,	,,	,否,	,否,,,否
VIOMI云米净水器小海豚600G+升级版厨下式RO反渗透直饮家用,260122-381870435942065,已发货，待收货,1	,正常,2026-01-22 00:13:26,2026-01-23 00:13:27,,2026-01-22 10:32:03,	,852161740747	,小海豚600G+升级版,1835709207960	,厨房电器,净水器/净水设备及配件耗材,净水器,	,6923185653684	,	,	,	,无售后或售后取消,,2026-01-22 00:13:27,	,,,,,,,否,否,	,否,	,,559.0	,0.0	,0.0	,100.0	,0.0	,0.0	,0.0	,0.0	,459.0	,559.0	,JDV025267361507,京东大件物流,湖北省,武汉市,江汉区,,,否,否,	,	,	,否,	,	,	,	,	,	,	,	,	,	,	,	,否,否,	,否,否,,	,否,	,否,,,否
VIOMI云米净水器小海豚600G+升级版厨下式RO反渗透直饮家用,260122-259690360320149,已取消,1	,正常,	,	,,	,	,852161740747	,小海豚600G+升级版,1835709207960	,厨房电器,净水器/净水设备及配件耗材,净水器,	,6923185653684	,	,	,	,无售后或售后取消,,	,	,,,,,,,否,否,	,否,	,,559.0	,0.0	,0.0	,50.0	,0.0	,0.0	,0.0	,0.0	,509.0	,559.0	,	,	,****,****,****,****,,否,否,	,	,	,否,	,	,	,	,	,	,	,	,	,	,	,	,否,否,	,否,	,,	,否,	,否,,,否
VIOMI 云米净水器600G小海豚升级版厨下式RO反渗透直饮家用,260122-191805571382894,已发货，待收货,1	,正常,2026-01-22 00:05:19,2026-01-23 00:05:19,,2026-01-22 11:01:36,	,225501370546	,小海豚600G,1813468330532	,厨房电器,净水器/净水设备及配件耗材,净水器,	,6923185653684	,6923185616399	,AZ2601230229489==AZ2601230229493==1.23米锋,	,无售后或售后取消,,2026-01-22 00:05:19,	,,,,,,,否,否,	,否,	,,619.0	,0.0	,0.0	,100.0	,0.0	,0.0	,0.0	,0.0	,519.0	,619.0	,JDV025266150898,京东配送,四川省,成都市,青羊区,,,否,否,	,	,	,否,	,	,	,	,	,	,	,	,	,	,	,	,否,否,	,否,否,,	,否,	,否,,,否
云米蓝调2PRO燃气热水器静音节能水伺服恒温语音控制智控节能变频,260122-131627804982894,已发货，待收货,1	,正常,2026-01-22 00:04:42,2026-01-23 00:04:42,,2026-01-22 09:48:27,	,852010588191	,2PRO燃气热水器【静音节能】,1812265470712	,大家电,热水器,燃气热水器,	,6923185656869	,6923185656869	,	,	,无售后或售后取消,,2026-01-22 00:04:42,	,,,,,,,否,否,	,否,	,,898.99	,0.0	,100.0	,100.0	,0.0	,0.0	,0.0	,0.0	,698.99	,798.99	,JDV025267280030,京东大件物流,四川省,成都市,青羊区,,,否,否,	,	,	,否,	,	,	,	,	,	,	,	,	,	,	,	,否,否,	,否,否,,	,否,	,否,,,否
新品首发 Viomi云米 小海豚3上市RO净水器5年长效反渗透净水器,260122-299746005331545,已发货，待收货,1	,正常,2026-01-22 00:03:51,2026-01-23 00:03:51,,2026-01-22 10:32:03,	,862873034610	,小海豚3（原装滤芯）（包安装）,1825244823454	,厨房电器,净水器/净水设备及配件耗材,净水器,	,6923185605867	,	,	,	,无售后或售后取消,,2026-01-22 00:03:51,	,,,,,,,否,否,	,否,	,,498.9	,0.0	,0.0	,0.0	,0.0	,0.0	,0.0	,0.0	,498.9	,498.9	,JDV025267282243,京东大件物流,江苏省,苏州市,常熟市,,,否,否,	,	,	,否,	,	,	,	,	,	,	,	,	,	,	,	,否,否,	,否,否,,	,否,	,否,,,否
VIOMI云米净水器小海豚600G+升级版厨下式RO反渗透直饮家用,260121-541893640502894,未发货，退款成功,1	,正常,2026-01-21 23:53:45,2026-01-22 23:53:45,,	,	,852161740747	,小海豚600G+升级版,1835709207960	,厨房电器,净水器/净水设备及配件耗材,净水器,	,6923185653684	,	,聚水潭已取消发货 已退款1.22丹丹,	,退款成功,,2026-01-21 23:53:45,	,,,,,,,否,否,	,否,	,,559.0	,0.0	,0.0	,0.0	,0.0	,0.0	,0.0	,0.0	,559.0	,559.0	,	,	,****,****,****,****,,否,否,	,	,	,否,	,	,	,	,	,	,	,	,	,	,	,	,否,否,	,否,否,,	,否,	,否,,,否
VIOMI云米净水器小海豚600G+升级版厨下式RO反渗透直饮家用,260121-159745390920327,已发货，待收货,1	,正常,2026-01-21 23:28:41,2026-01-22 23:28:41,,2026-01-22 13:53:48,	,852161740747	,小海豚600G+升级版,1835709207960	,厨房电器,净水器/净水设备及配件耗材,净水器,	,6923185653684	,	,	,	,无售后或售后取消,,2026-01-21 23:28:41,	,,,,,,,否,否,	,否,	,,559.0	,0.0	,0.0	,60.0	,0.0	,0.0	,0.0	,0.0	,499.0	,559.0	,JDV025265791374,京东大件物流,辽宁省,盘锦市,大洼区,,,否,否,	,	,	,否,	,	,	,	,	,	,	,	,	,	,	,	,否,否,	,否,否,,	,否,	,否,,,否
云米净水器600G小海豚升级版厨下式RO反渗透直饮家用,260121-142386173463886,已取消,1	,正常,	,	,,	,	,852932116812	,小海豚600G+6年滤芯套装,1812983769340	,厨房电器,净水器/净水设备及配件耗材,净水器,	,S2508151538001,	,	,	,无售后或售后取消,,	,	,,,,,,,否,否,	,否,	,,772.0	,0.0	,0.0	,100.0	,0.0	,0.0	,0.0	,0.0	,672.0	,772.0	,	,	,****,****,****,****,,否,否,	,	,	,否,	,	,	,	,	,	,	,	,	,	,	,	,否,否,	,否,	,,	,否,	,否,,,否
VIOMI云米净水器小海豚600G+升级版厨下式RO反渗透直饮家用,260121-569885397381890,已取消,1	,正常,	,	,,	,	,852161740747	,小海豚600G+升级版,1835709207960	,厨房电器,净水器/净水设备及配件耗材,净水器,	,6923185653684	,	,	,	,无售后或售后取消,,	,	,,,,,,,否,否,	,否,	,,559.0	,0.0	,0.0	,60.0	,0.0	,0.0	,0.0	,0.0	,499.0	,559.0	,	,	,****,****,****,****,,否,否,	,	,	,否,	,	,	,	,	,	,	,	,	,	,	,	,否,否,	,否,	,,	,否,	,否,,,否
VIOMI云米净水器小海豚600G+升级版厨下式RO反渗透直饮家用,260121-638530404672838,已收货,1	,正常,2026-01-21 23:00:36,2026-01-22 23:00:36,,2026-01-22 10:32:03,2026-01-25 21:48:13,852161740747	,小海豚600G+升级版,1835709207960	,厨房电器,净水器/净水设备及配件耗材,净水器,	,6923185653684	,	,	,	,无售后或售后取消,,2026-01-21 23:00:36,	,,,,,,,否,否,	,否,	,,559.0	,0.0	,0.0	,0.0	,0.0	,0.0	,0.0	,0.0	,559.0	,559.0	,JDV025267279902,京东大件物流,****,****,****,****,,否,否,	,	,	,否,	,	,	,	,	,	,	,	,	,	,	,	,否,是,	,否,否,,	,否,	,否,,,否
VIOMI云米净水器小海豚600G+升级版厨下式RO反渗透直饮家用,260121-550408046150961,已取消,1	,正常,	,	,,	,	,852161740747	,小海豚600G+升级版,1835709207960	,厨房电器,净水器/净水设备及配件耗材,净水器,	,6923185653684	,	,	,	,无售后或售后取消,,	,	,,,,,,,否,否,	,否,	,,559.0	,0.0	,0.0	,0.0	,0.0	,0.0	,0.0	,0.0	,559.0	,559.0	,	,	,****,****,****,****,,否,否,	,	,	,否,	,	,	,	,	,	,	,	,	,	,	,	,否,否,	,否,	,,	,否,	,否,,,否
VIOMI云米净水器小海豚600G+升级版厨下式RO反渗透直饮家用,260121-275256471173653,已发货，待收货,1	,正常,2026-01-21 22:52:17,2026-01-22 22:52:17,,2026-01-22 09:05:21,	,852161740747	,小海豚600G+升级版,1835709207960	,厨房电器,净水器/净水设备及配件耗材,净水器,	,6923185653684	,	,	,	,无售后或售后取消,,2026-01-21 22:52:17,	,,,,,,,否,否,	,否,	,,559.0	,0.0	,0.0	,60.0	,0.0	,0.0	,0.0	,0.0	,499.0	,559.0	,JDV025267439023,京东大件物流,河南省,许昌市,建安区,,,否,否,	,	,	,否,	,	,	,	,	,	,	,	,	,	,	,	,否,否,	,否,否,,	,否,	,否,,,否
新品首发 Viomi云米 小海豚3上市RO净水器5年长效反渗透净水器,260121-273919516172361,已发货，待收货,1	,正常,2026-01-21 22:49:29,2026-01-22 22:49:29,	,2026-01-22 10:32:03,	,862873034610	,小海豚3（原装滤芯）（包安装）,1825244823454	,厨房电器,净水器/净水设备及配件耗材,净水器,	,6923185605867	,	,	,	,无售后或售后取消,,2026-01-21 22:49:29,	,,,,,,,否,否,	,否,	,,498.9	,0.0	,0.0	,3.0	,0.0	,0.0	,0.0	,0.0	,495.9	,498.9	,JDV025267278597,京东大件物流,广东省,深圳市,宝安区,,,否,否,	,	,	,否,	,	,	,	,	,	,	,	,	,	,	,	,否,否,	,否,否,,	,否,	,否,,,否
VIOMI 云米净水器600G小海豚升级版厨下式RO反渗透直饮家用,260121-059506706034024,已取消,1	,正常,	,	,,	,	,225501370546	,小海豚600G,1813468330532	,厨房电器,净水器/净水设备及配件耗材,净水器,	,6923185653684	,6923185616399	,	,	,无售后或售后取消,,	,	,,,,,,,否,否,	,否,	,,619.0	,0.0	,0.0	,0.0	,0.0	,0.0	,0.0	,0.0	,619.0	,619.0	,	,	,****,****,****,****,,否,否,	,	,	,否,	,	,	,	,	,	,	,	,	,	,	,	,否,否,	,否,	,,	,否,	,否,,,否
VIOMI云米净水器小海豚600G+升级版厨下式RO反渗透直饮家用,260121-461001223802575,已发货，待收货,1	,正常,2026-01-21 22:38:51,2026-01-22 22:38:51,	,2026-01-22 10:32:03,	,852161740747	,小海豚600G+升级版,1835709207960	,厨房电器,净水器/净水设备及配件耗材,净水器,	,6923185653684	,	,	,	,无售后或售后取消,,2026-01-21 22:38:51,	,,,,,,,否,否,	,否,	,,559.0	,0.0	,0.0	,0.0	,1.11	,0.0	,0.0	,0.0	,559.0	,559.0	,JDV025267282252,京东大件物流,广东省,深圳市,福田区,,,否,否,	,	,	,否,	,	,	,	,	,	,	,	,	,	,	,	,否,否,	,否,否,,	,否,	,否,,,否
VIOMI云米净水器小海豚600G+升级版厨下式RO反渗透直饮家用,260121-185791988092144,已取消,1	,正常,	,	,,	,	,852161740747	,小海豚600G+升级版,1835709207960	,厨房电器,净水器/净水设备及配件耗材,净水器,	,6923185653684	,	,	,	,无售后或售后取消,,	,	,,,,,,,否,否,	,否,	,,559.0	,0.0	,0.0	,0.0	,0.0	,0.0	,0.0	,0.0	,559.0	,559.0	,	,	,****,****,****,****,,否,否,	,	,	,否,	,	,	,	,	,	,	,	,	,	,	,	,否,否,	,否,	,,	,否,	,否,,,否
云米净水器600G小海豚升级版厨下式RO反渗透直饮家用,260121-468781679012404,已发货，待收货,1	,正常,2026-01-21 22:26:53,2026-01-22 22:26:53,,2026-01-22 09:53:21,	,852932116812	,小海豚600G+6年滤芯套装,1812983769340	,厨房电器,净水器/净水设备及配件耗材,净水器,	,S2508151538001,	,	,	,无售后或售后取消,,2026-01-21 22:26:53,	,,,,,,,否,否,	,否,	,,772.0	,0.0	,0.0	,100.0	,3.0	,0.0	,0.0	,0.0	,672.0	,772.0	,JDV025267381468,京东配送,江苏省,南京市,江宁区,,,否,否,	,	,	,否,	,	,	,	,	,	,	,	,	,	,	,	,否,否,	,否,否,,	,否,	,否,,,否
云米AI燃气热水器 智控恒温防冻节能安全水质净化精准控温13L强排,260121-290397918870898,已收货,1	,正常,2026-01-21 22:26:42,2026-01-22 22:26:42,,2026-01-22 09:22:24,2026-01-25 00:55:24,774960777953	,智控恒温燃气热水器,1756760299679	,大家电,热水器,燃气热水器,	,6923185655688	,6923185655688	,	,	,无售后或售后取消,,2026-01-21 22:26:42,	,,,,,,,否,否,	,否,	,,529.0	,0.0	,0.0	,20.0	,0.0	,0.0	,0.0	,0.0	,509.0	,529.0	,JDV025267252256,京东大件物流,****,****,****,****,,否,否,	,	,	,否,	,	,	,	,	,	,	,	,	,	,	,	,否,否,	,否,否,,	,否,	,否,,,否
VIOMI云米净水器小海豚600G+升级版厨下式RO反渗透直饮家用,260121-112313024813091,已发货，待收货,1	,正常,2026-01-21 22:19:49,2026-01-22 22:19:50,,2026-01-22 11:38:25,	,852161740747	,小海豚600G+升级版,1835709207960	,厨房电器,净水器/净水设备及配件耗材,净水器,	,6923185653684	,	,	,	,无售后或售后取消,,2026-01-21 22:19:50,	,,,,,,,否,否,	,否,	,,559.0	,0.0	,0.0	,60.0	,0.0	,0.0	,0.0	,0.0	,499.0	,559.0	,JDV025264995603,京东大件物流,天津市,天津市,西青区,,,否,否,	,	,	,否,	,	,	,	,	,	,	,	,	,	,	,	,否,是,	,否,否,,	,否,	,否,,,否
VIOMI 云米净水器600G小海豚升级版厨下式RO反渗透直饮家用,260121-088253479251127,已收货,1	,正常,2026-01-21 22:12:24,2026-01-22 22:12:24,,2026-01-22 11:06:38,2026-01-24 21:08:24,225501370546	,小海豚600G,1813468330532	,厨房电器,净水器/净水设备及配件耗材,净水器,	,6923185653684	,6923185616399	,	,	,无售后或售后取消,,2026-01-21 22:12:24,	,,,,,,,否,否,	,否,	,,619.0	,0.0	,0.0	,99.04	,0.0	,0.0	,0.0	,0.0	,519.96	,619.0	,JDV025264947058,京东配送,****,****,****,****,,否,否,	,	,	,否,	,	,	,	,	,	,	,	,	,	,	,	,否,否,	,否,否,,	,否,	,否,,,否
VIOMI云米净水器小海豚600G+升级版厨下式RO反渗透直饮家用,260121-193598636421180,已收货,1	,正常,2026-01-21 22:12:00,2026-01-22 22:12:01,,2026-01-22 11:38:25,2026-01-25 21:17:36,852161740747	,小海豚600G+升级版,1835709207960	,厨房电器,净水器/净水设备及配件耗材,净水器,	,6923185653684	,	,	,	,无售后或售后取消,,2026-01-21 22:12:01,	,,,,,,,否,否,	,否,	,,559.0	,0.0	,0.0	,60.0	,0.0	,0.0	,0.0	,0.0	,499.0	,559.0	,JDV025264947040,京东大件物流,****,****,****,****,,否,否,	,	,	,否,	,	,	,	,	,	,	,	,	,	,	,	,否,否,	,否,否,,	,否,	,否,,,否
VIOMI云米净水器小海豚600G+升级版厨下式RO反渗透直饮家用,260121-488122621453085,已取消,1	,正常,	,	,,	,	,852161740747	,小海豚600G+升级版,1835709207960	,厨房电器,净水器/净水设备及配件耗材,净水器,	,6923185653684	,	,	,	,无售后或售后取消,,	,	,,,,,,,否,否,	,否,	,,559.0	,0.0	,0.0	,0.0	,0.0	,0.0	,0.0	,0.0	,559.0	,559.0	,	,	,****,****,****,****,,否,否,	,	,	,否,	,	,	,	,	,	,	,	,	,	,	,	,否,否,	,否,	,,	,否,	,否,,,否
云米小厨宝6L电热水器厨房卫生间出水恒温储水式小型速热神器加热,260121-235835308401950,已发货，待收货,1	,正常,2026-01-21 22:05:13,2026-01-22 22:05:13,,2026-01-22 10:53:57,	,208073193570	,热水即刻有-【6L】,1801828025682	,大家电,热水器,厨宝,	,6923185611233	,6923185611233	,	,	,无售后或售后取消,,2026-01-21 22:05:13,	,,,,,,,否,否,	,否,	,,239.0	,0.0	,0.0	,20.0	,0.0	,0.0	,0.0	,0.0	,219.0	,239.0	,JDV025264878037,京东配送,山东省,潍坊市,潍城区,,,否,否,	,	,	,否,	,	,	,	,	,	,	,	,	,	,	,	,否,否,	,否,否,,	,否,	,否,,,否
VIOMI 云米净水器600G小海豚升级版厨下式RO反渗透直饮家用,260121-646032944683924,已发货，待收货,1	,正常,2026-01-21 22:02:22,2026-01-22 22:02:22,,2026-01-22 11:11:18,	,225501370546	,小海豚600G,1813468330532	,厨房电器,净水器/净水设备及配件耗材,净水器,	,6923185653684	,6923185616399	,直播间中奖5元红包,	,无售后或售后取消,,2026-01-21 22:02:22,	,,,,,,,否,否,	,否,	,,619.0	,0.0	,0.0	,92.85	,1.05	,0.0	,0.0	,0.0	,526.15	,619.0	,JDV025265000089,京东配送,山东省,烟台市,龙口市,,,否,否,	,	,	,否,	,	,	,	,	,	,	,	,	,	,	,	,是,是,	,否,否,,	,否,	,否,,,否
新品首发 Viomi云米 小海豚3上市RO净水器5年长效反渗透净水器,260121-429984335461302,已收货,1	,正常,2026-01-21 21:44:23,2026-01-22 21:44:24,,2026-01-22 10:32:04,2026-01-24 15:42:38,862873034610	,小海豚3（原装滤芯）（包安装）,1825244823454	,厨房电器,净水器/净水设备及配件耗材,净水器,	,6923185605867	,	,	,	,无售后或售后取消,,2026-01-21 21:44:24,	,,,,,,,否,否,	,否,	,,498.9	,0.0	,0.0	,0.0	,0.0	,0.0	,0.0	,0.0	,498.9	,498.9	,JDV025267279524,京东大件物流,****,****,****,****,,否,否,	,	,	,否,	,	,	,	,	,	,	,	,	,	,	,	,否,是,	,否,否,,	,否,	,否,,,否
云米净水器600G小海豚升级版厨下式RO反渗透直饮家用,260121-341023189301517,已发货，待收货,1	,正常,2026-01-21 21:42:27,2026-01-22 21:42:27,,2026-01-22 10:57:37,	,852932116812	,小海豚600G+6年滤芯套装,1812983769340	,厨房电器,净水器/净水设备及配件耗材,净水器,	,S2508151538001,	,TH2C758989729==已建退货单，待用户寄回后上传ass 袁诺希1.25,	,售后处理中,,2026-01-21 21:42:27,	,,,,,,,否,否,	,否,	,,772.0	,0.0	,0.0	,100.0	,1.34	,0.0	,0.0	,0.0	,672.0	,772.0	,JDV025265015432,京东配送,四川省,成都市,双流区,,,否,否,	,	,	,否,	,	,	,	,	,	,	,	,	,	,	,	,否,是,	,否,否,,	,否,	,否,,,否
VIOMI云米净水器小海豚600G+升级版厨下式RO反渗透直饮家用,260121-441455819102991,已取消,1	,正常,	,	,,	,	,852161740747	,小海豚600G+升级版,1835709207960	,厨房电器,净水器/净水设备及配件耗材,净水器,	,6923185653684	,	,	,	,无售后或售后取消,,	,	,,,,,,,否,否,	,否,	,,559.0	,0.0	,0.0	,0.0	,0.0	,0.0	,0.0	,0.0	,559.0	,559.0	,	,	,****,****,****,****,,否,否,	,	,	,否,	,	,	,	,	,	,	,	,	,	,	,	,否,否,	,否,	,,	,否,	,否,,,否
VIOMI云米净水器小海豚600G+升级版厨下式RO反渗透直饮家用,260121-633827551541517,未发货，退款成功,1	,正常,2026-01-21 21:36:06,2026-01-22 21:36:06,,	,	,852161740747	,小海豚600G+升级版,1835709207960	,厨房电器,净水器/净水设备及配件耗材,净水器,	,6923185653684	,	,聚水潭已取消发货 已退款1.22丹丹,	,退款成功,,2026-01-21 21:36:06,	,,,,,,,否,否,	,否,	,,559.0	,0.0	,0.0	,60.0	,0.2	,0.0	,0.0	,0.0	,499.0	,559.0	,	,	,****,****,****,****,,否,否,	,	,	,否,	,	,	,	,	,	,	,	,	,	,	,	,否,是,	,否,否,,	,否,	,否,,,否
云米净水器600G小海豚升级版厨下式RO反渗透直饮家用,260121-052811600211783,已发货，待收货,1	,正常,2026-01-21 21:30:38,2026-01-22 21:30:38,,2026-01-22 11:14:56,	,852932116812	,小海豚600G+6年滤芯套装,1812983769340	,厨房电器,净水器/净水设备及配件耗材,净水器,	,S2508151538001,	,	,	,无售后或售后取消,,2026-01-21 21:30:38,	,,,,,,,否,否,	,否,	,,772.0	,0.0	,36.0	,24.0	,0.0	,0.0	,0.0	,0.0	,712.0	,736.0	,JDV025265162510,京东配送,山东省,烟台市,莱州市,,,否,否,	,	,	,否,	,	,	,	,	,	,	,	,	,	,	,	,否,否,	,否,否,,	,否,	,否,,,否
云米矿泉台式净饮机即热式饮水机直饮家用矿化加热一体机净水器,260121-330023595671311,已取消,1	,正常,	,	,,	,	,850344043841	,AI净饮机Super2,1810740228115	,厨房电器,台式净饮机,台式净饮机,	,6923185615415	,6923185615415	,	,	,无售后或售后取消,,	,	,,,,,,,否,否,	,否,	,,1099.0	,0.0	,0.0	,0.0	,0.0	,0.0	,0.0	,0.0	,1099.0	,1099.0	,	,	,****,****,****,****,,否,否,	,	,	,否,	,	,	,	,	,	,	,	,	,	,	,	,否,否,	,否,	,,	,否,	,否,,,否
云米矿泉台式净饮机即热式饮水机直饮家用矿化加热一体机净水器,260121-278784908951311,未发货，退款成功,1	,正常,2026-01-21 21:22:15,2026-01-22 21:22:16,	,	,	,850344043841	,AI净饮机Super2,1810740228115	,厨房电器,台式净饮机,台式净饮机,	,6923185615415	,6923185615415	,ZX2601220063781拦截==TH2C112698542已审核===查询物流单号已取消1.22丹丹,	,退款成功,,2026-01-21 21:22:16,	,,,,,,,否,否,	,否,	,,1099.0	,0.0	,100.0	,0.0	,0.0	,0.0	,0.0	,0.0	,999.0	,999.0	,	,	,****,****,****,****,,否,否,	,	,	,否,	,	,	,	,	,	,	,	,	,	,	,	,否,是,	,否,否,,	,否,	,否,,,否
VIOMI云米净水器小海豚600G+升级版厨下式RO反渗透直饮家用,260121-541977515603465,已发货，待收货,1	,正常,2026-01-21 20:57:20,2026-01-22 20:57:20,,2026-01-22 09:05:21,	,852161740747	,小海豚600G+升级版,1835709207960	,厨房电器,净水器/净水设备及配件耗材,净水器,	,6923185653684	,	,	,	,无售后或售后取消,,2026-01-21 20:57:20,	,,,,,,,否,否,	,否,	,,559.0	,0.0	,0.0	,0.0	,0.0	,0.0	,0.0	,0.0	,559.0	,559.0	,JDV025267454315,京东大件物流,河南省,驻马店市,汝南县,,,否,否,	,	,	,否,	,	,	,	,	,	,	,	,	,	,	,	,否,否,	,否,否,,	,否,	,否,,,否
VIOMI云米净水器小海豚600G+升级版厨下式RO反渗透直饮家用,260121-635678236190061,已收货,1	,正常,2026-01-21 20:48:02,2026-01-22 20:48:03,,2026-01-22 10:32:04,2026-01-23 21:33:05,852161740747	,小海豚600G+升级版,1835709207960	,厨房电器,净水器/净水设备及配件耗材,净水器,	,6923185653684	,	,	,	,无售后或售后取消,,2026-01-21 20:48:03,	,,,,,,,否,否,	,否,	,,559.0	,0.0	,0.0	,0.0	,0.0	,0.0	,0.0	,0.0	,559.0	,559.0	,JDV025267259292,京东大件物流,****,****,****,****,,否,否,	,	,	,否,	,	,	,	,	,	,	,	,	,	,	,	,否,否,	,否,否,,	,否,	,否,,,否
云米净水器600G小海豚升级版厨下式RO反渗透直饮家用,260121-583978248582260,已取消,1	,正常,	,	,,	,	,852932116812	,小海豚600G+6年滤芯套装,1812983769340	,厨房电器,净水器/净水设备及配件耗材,净水器,	,S2508151538001,	,	,	,无售后或售后取消,,	,	,,,,,,,否,否,	,否,	,,772.0	,0.0	,0.0	,77.2	,0.0	,0.0	,0.0	,0.0	,694.8	,772.0	,	,	,****,****,****,****,,否,否,	,	,	,否,	,	,	,	,	,	,	,	,	,	,	,	,否,否,	,否,	,,	,否,	,否,,,否
VIOMI云米净水器小海豚600G+升级版厨下式RO反渗透直饮家用,260121-480609594880066,已取消,1	,正常,	,	,,	,	,852161740747	,小海豚600G+升级版,1835709207960	,厨房电器,净水器/净水设备及配件耗材,净水器,	,6923185653684	,	,	,	,无售后或售后取消,,	,	,,,,,,,否,否,	,否,	,,559.0	,0.0	,0.0	,0.0	,0.0	,0.0	,0.0	,0.0	,559.0	,559.0	,	,	,****,****,****,****,,否,否,	,	,	,否,	,	,	,	,	,	,	,	,	,	,	,	,否,否,	,否,	,,	,否,	,否,,,否
VIOMI云米净水器小海豚600G+升级版厨下式RO反渗透直饮家用,260121-187417249333657,已发货，待收货,1	,正常,2026-01-21 20:25:18,2026-01-22 20:25:18,,2026-01-22 10:32:04,	,852161740747	,小海豚600G+升级版,1835709207960	,厨房电器,净水器/净水设备及配件耗材,净水器,	,6923185653684	,	,	,	,无售后或售后取消,,2026-01-21 20:25:18,	,,,,,,,否,否,	,否,	,,559.0	,0.0	,0.0	,0.0	,0.0	,0.0	,0.0	,0.0	,559.0	,559.0	,JDV025267278174,京东大件物流,福建省,福州市,长乐区,,,否,否,	,	,	,否,	,	,	,	,	,	,	,	,	,	,	,	,否,是,	,否,否,,	,否,	,否,,,否
VIOMI 云米净水器600G小海豚升级版厨下式RO反渗透直饮家用,260121-406726951332101,已取消,1	,正常,	,	,,	,	,225501370546	,小海豚600G,1813468330532	,厨房电器,净水器/净水设备及配件耗材,净水器,	,6923185653684	,6923185616399	,	,	,无售后或售后取消,,	,	,,,,,,,否,否,	,否,	,,619.0	,0.0	,0.0	,68.09	,0.0	,0.0	,0.0	,0.0	,550.91	,619.0	,	,	,****,****,****,****,,否,否,	,	,	,否,	,	,	,	,	,	,	,	,	,	,	,	,否,否,	,否,	,,	,否,	,否,,,否
新品首发 Viomi云米 小海豚3上市RO净水器5年长效反渗透净水器,260121-283943923310899,已收货,1	,正常,2026-01-21 20:22:33,2026-01-22 20:22:33,,2026-01-22 10:32:04,2026-01-25 08:02:53,862873034610	,小海豚3（原装滤芯）（包安装）,1825244823454	,厨房电器,净水器/净水设备及配件耗材,净水器,	,6923185605867	,	,	,	,无售后或售后取消,,2026-01-21 20:22:33,	,,,,,,,否,否,	,否,	,,498.9	,0.0	,0.0	,49.89	,0.0	,0.0	,0.0	,0.0	,449.01	,498.9	,JDV025267247656,京东大件物流,****,****,****,****,,否,否,	,	,	,否,	,	,	,	,	,	,	,	,	,	,	,	,否,否,	,否,否,,	,否,	,否,,,否
VIOMI云米净水器小海豚600G+升级版厨下式RO反渗透直饮家用,260121-112942180780567,已收货,1	,正常,2026-01-21 20:22:09,2026-01-22 20:22:09,,2026-01-22 09:05:22,2026-01-24 14:54:12,852161740747	,小海豚600G+升级版,1835709207960	,厨房电器,净水器/净水设备及配件耗材,净水器,	,6923185653684	,	,	,	,无售后或售后取消,,2026-01-21 20:22:09,	,,,,,,,否,否,	,否,	,,559.0	,0.0	,0.0	,60.0	,0.0	,0.0	,0.0	,0.0	,499.0	,559.0	,JDV025267454216,京东大件物流,****,****,****,****,,否,否,	,	,	,否,	,	,	,	,	,	,	,	,	,	,	,	,否,否,	,否,否,,	,否,	,否,,,否
VIOMI云米净水器小海豚600G+升级版厨下式RO反渗透直饮家用,260121-110671992352284,已收货,1	,正常,2026-01-21 20:19:54,2026-01-22 20:19:54,	,2026-01-22 09:05:22,2026-01-25 09:23:00,852161740747	,小海豚600G+升级版,1835709207960	,厨房电器,净水器/净水设备及配件耗材,净水器,	,6923185653684	,	,	,	,无售后或售后取消,,2026-01-21 20:19:54,	,,,,,,,否,否,	,否,	,,559.0	,0.0	,0.0	,60.0	,0.0	,0.0	,0.0	,0.0	,499.0	,559.0	,JDV025267376023,京东大件物流,****,****,****,****,,否,否,	,	,	,否,	,	,	,	,	,	,	,	,	,	,	,	,否,否,	,否,否,,	,否,	,否,,,否
新品首发 Viomi云米 小海豚3上市RO净水器5年长效反渗透净水器,260121-325084823860360,已取消,1	,正常,	,	,,	,	,862873034610	,小海豚3（原装滤芯）（包安装）,1825244823454	,厨房电器,净水器/净水设备及配件耗材,净水器,	,6923185605867	,	,	,	,无售后或售后取消,,	,	,,,,,,,否,否,	,否,	,,498.9	,0.0	,0.0	,0.0	,0.0	,0.0	,0.0	,0.0	,498.9	,498.9	,	,	,****,****,****,****,,否,否,	,	,	,否,	,	,	,	,	,	,	,	,	,	,	,	,否,否,	,否,	,,	,否,	,否,,,否
云米智能电热水器小蓝调节能变频速热家用浴室洗澡抑菌50L/60L,260121-461614672272485,已取消,1	,正常,	,	,,	,	,434684719975	,安全保护8倍增容大水量50L,1733881750461	,大家电,热水器,电热水器,	,6923185649076	,	,	,	,无售后或售后取消,,	,	,,,,,,,否,否,	,否,	,,598.99	,0.0	,0.0	,25.0	,0.0	,0.0	,0.0	,0.0	,573.99	,598.99	,	,	,****,****,****,****,,否,否,	,	,	,否,	,	,	,	,	,	,	,	,	,	,	,	,否,否,	,否,	,,	,否,	,否,,,否
VIOMI云米净水器小海豚600G+升级版厨下式RO反渗透直饮家用,260121-200896704141714,已发货，待收货,1	,正常,2026-01-21 20:16:51,2026-01-22 20:16:52,,2026-01-22 09:05:21,	,852161740747	,小海豚600G+升级版,1835709207960	,厨房电器,净水器/净水设备及配件耗材,净水器,	,6923185653684	,	,	,	,无售后或售后取消,,2026-01-21 20:16:52,	,,,,,,,否,否,	,否,	,,559.0	,0.0	,0.0	,60.0	,0.0	,0.0	,0.0	,0.0	,499.0	,559.0	,JDV025267454278,京东大件物流,安徽省,滁州市,南谯区,,,否,否,	,	,	,否,	,	,	,	,	,	,	,	,	,	,	,	,否,否,	,否,否,,	,否,	,否,,,否
VIOMI云米净水器小海豚600G+升级版厨下式RO反渗透直饮家用,260121-275612976672284,已取消,1	,正常,	,	,,	,	,852161740747	,小海豚600G+升级版,1835709207960	,厨房电器,净水器/净水设备及配件耗材,净水器,	,6923185653684	,	,	,	,无售后或售后取消,,	,	,,,,,,,否,否,	,否,	,,559.0	,0.0	,0.0	,60.0	,0.0	,0.0	,0.0	,0.0	,499.0	,559.0	,	,	,****,****,****,****,,否,否,	,	,	,否,	,	,	,	,	,	,	,	,	,	,	,	,否,否,	,否,	,,	,否,	,否,,,否
VIOMI云米净水器小海豚600G+升级版厨下式RO反渗透直饮家用,260121-182352637472284,未发货，退款成功,1	,正常,2026-01-21 20:08:14,2026-01-22 20:08:14,	,	,	,852161740747	,小海豚600G+升级版,1835709207960	,厨房电器,净水器/净水设备及配件耗材,净水器,	,6923185653684	,	,聚水潭已取消发货 已退款1.21丹丹,	,退款成功,,2026-01-21 20:08:14,	,,,,,,,否,否,	,否,	,,559.0	,0.0	,0.0	,60.0	,0.0	,0.0	,0.0	,0.0	,499.0	,559.0	,	,	,****,****,****,****,,否,否,	,	,	,否,	,	,	,	,	,	,	,	,	,	,	,	,否,否,	,否,否,,	,否,	,否,,,否
VIOMI云米净水器小海豚600G+升级版厨下式RO反渗透直饮家用,260121-471890675232284,已取消,1	,正常,	,	,,	,	,852161740747	,小海豚600G+升级版,1835709207960	,厨房电器,净水器/净水设备及配件耗材,净水器,	,6923185653684	,	,	,	,无售后或售后取消,,	,	,,,,,,,否,否,	,否,	,,559.0	,0.0	,0.0	,60.0	,0.0	,0.0	,0.0	,0.0	,499.0	,559.0	,	,	,****,****,****,****,,否,否,	,	,	,否,	,	,	,	,	,	,	,	,	,	,	,	,否,否,	,否,	,,	,否,	,否,,,否
VIOMI云米 复合滤芯五合一,260121-080514988342330,已发货，待收货,1	,正常,2026-01-21 20:05:34,2026-01-23 20:05:35,,2026-01-22 15:37:48,	,872941778883	,昆仑3台净适用,1843328692322	,厨房电器,净水器/净水设备及配件耗材,净水器配件耗材,	,6923185655299	,	,闪电退货TH2C623868328已审核，待寄出1.24丹丹 ,	,售后处理中,,2026-01-21 20:05:35,	,,,,,,,否,否,	,否,	,,189.0	,0.0	,0.0	,0.0	,0.0	,0.0	,0.0	,0.0	,189.0	,189.0	,JDV025271594602,京东配送,湖北省,黄冈市,红安县,,,否,否,	,	,	,否,	,	,	,	,	,	,	,	,	,	,	,	,否,否,	,否,否,,	,否,	,否,,,否
云米蓝调2PRO燃气热水器静音节能水伺服恒温语音控制智控节能变频,260121-668309941880211,未发货，退款成功,1	,正常,2026-01-21 20:00:22,2026-01-22 20:00:22,,	,	,852010588191	,2PRO燃气热水器【静音节能】,1812265470712	,大家电,热水器,燃气热水器,	,6923185656869	,6923185656869	,聚水潭已取消发货 已退款1.22丹丹,	,退款成功,,2026-01-21 20:00:22,	,,,,,,,否,否,	,否,	,,898.99	,0.0	,100.0	,79.89	,0.0	,0.0	,0.0	,0.0	,719.1	,798.99	,	,	,****,****,****,****,,否,否,	,	,	,否,	,	,	,	,	,	,	,	,	,	,	,	,否,否,	,否,否,,	,否,	,否,,,否
VIOMI云米净水器小海豚600G+升级版厨下式RO反渗透直饮家用,260121-280268654081879,已取消,1	,正常,	,	,,	,	,852161740747	,小海豚600G+升级版,1835709207960	,厨房电器,净水器/净水设备及配件耗材,净水器,	,6923185653684	,	,	,	,无售后或售后取消,,	,	,,,,,,,否,否,	,否,	,,559.0	,0.0	,0.0	,60.0	,0.0	,0.0	,0.0	,0.0	,499.0	,559.0	,	,	,****,****,****,****,,否,否,	,	,	,否,	,	,	,	,	,	,	,	,	,	,	,	,否,否,	,否,	,,	,否,	,否,,,否
VIOMI云米净水器小海豚600G+升级版厨下式RO反渗透直饮家用,260121-574231713312284,未发货，退款成功,1	,正常,2026-01-21 19:57:34,2026-01-22 19:57:34,	,	,	,852161740747	,小海豚600G+升级版,1835709207960	,厨房电器,净水器/净水设备及配件耗材,净水器,	,6923185653684	,	,聚水潭已取消发货 已退款1.21丹丹,	,退款成功,,2026-01-21 19:57:34,	,,,,,,,否,否,	,否,	,,559.0	,0.0	,0.0	,60.0	,0.0	,0.0	,0.0	,0.0	,499.0	,559.0	,	,	,****,****,****,****,,否,否,	,	,	,否,	,	,	,	,	,	,	,	,	,	,	,	,否,否,	,否,否,,	,否,	,否,,,否
云米23立方油烟机燃气灶套装家用厨房顶侧大吸力油烟机5.0KW灶具,260121-349034257923261,已发货，待收货,1	,正常,2026-01-21 19:48:38,2026-01-22 19:48:39,	,2026-01-22 09:04:15,	,209837375742	,"【烟灶联动】瞬吸烟机+5.0KW灶,天然气",1792607150009	,大家电,厨房大电,烟灶消套装,	,S2409261034001,	,	,	,无售后或售后取消,,2026-01-21 19:48:39,	,,,,,,,否,否,	,否,	,,1399.0	,0.0	,0.0	,0.0	,2.79	,0.0	,0.0	,0.0	,1399.0	,1399.0	,JDV025267418458,京东大件物流,上海市,上海市,闵行区,,,否,否,	,	,	,否,	,	,	,	,	,	,	,	,	,	,	,	,否,否,	,否,否,,	,否,	,否,,,否
VIOMI云米净水器小海豚600G+升级版厨下式RO反渗透直饮家用,260121-014978988411173,已取消,1	,正常,	,	,,	,	,852161740747	,小海豚600G+升级版,1835709207960	,厨房电器,净水器/净水设备及配件耗材,净水器,	,6923185653684	,	,	,	,无售后或售后取消,,	,	,,,,,,,否,否,	,否,	,,559.0	,0.0	,0.0	,0.0	,0.0	,0.0	,0.0	,0.0	,559.0	,559.0	,	,	,****,****,****,****,,否,否,	,	,	,否,	,	,	,	,	,	,	,	,	,	,	,	,否,否,	,否,	,,	,否,	,否,,,否
VIOMI云米净水器小海豚600G+升级版厨下式RO反渗透直饮家用,260121-252774991384016,已发货，待收货,1	,正常,2026-01-21 19:39:52,2026-01-22 19:39:52,,2026-01-22 10:32:04,	,852161740747	,小海豚600G+升级版,1835709207960	,厨房电器,净水器/净水设备及配件耗材,净水器,	,6923185653684	,	,	,	,无售后或售后取消,,2026-01-21 19:39:52,	,,,,,,,否,否,	,否,	,,559.0	,0.0	,0.0	,60.0	,0.2	,0.0	,0.0	,0.0	,499.0	,559.0	,JDV025267247458,京东大件物流,福建省,泉州市,丰泽区,,,否,否,	,	,	,否,	,	,	,	,	,	,	,	,	,	,	,	,否,否,	,否,否,,	,否,	,否,,,否
云米小厨宝6L电热水器厨房卫生间出水恒温储水式小型速热神器加热,260121-206265423470154,未发货，退款成功,1	,正常,2026-01-21 19:30:31,2026-01-22 19:30:31,,	,	,208073193570	,热水即刻有-【6L】,1801828025682	,大家电,热水器,厨宝,	,6923185611233	,6923185611233	,聚水潭已取消发货 已退款1.21丹丹,	,退款成功,,2026-01-21 19:30:31,	,,,,,,,否,否,	,否,	,,239.0	,0.0	,0.0	,0.0	,0.2	,0.0	,0.0	,0.0	,239.0	,239.0	,	,	,****,****,****,****,,否,否,	,	,	,否,	,	,	,	,	,	,	,	,	,	,	,	,否,否,	,否,否,,	,否,	,否,,,否
VIOMI云米净水器小海豚600G+升级版厨下式RO反渗透直饮家用,260121-271025467003503,已收货,1	,正常,2026-01-21 19:22:27,2026-01-22 19:22:27,,2026-01-22 11:38:26,2026-01-24 19:36:16,852161740747	,小海豚600G+升级版,1835709207960	,厨房电器,净水器/净水设备及配件耗材,净水器,	,6923185653684	,	,	,	,无售后或售后取消,,2026-01-21 19:22:27,	,,,,,,,否,否,	,否,	,,559.0	,0.0	,0.0	,0.0	,1.11	,0.0	,0.0	,0.0	,559.0	,559.0	,JDV025262148751,京东大件物流,****,****,****,****,,否,否,	,	,	,否,	,	,	,	,	,	,	,	,	,	,	,	,否,否,	,否,否,,	,否,	,否,,,否
云米小厨宝6L电热水器厨房卫生间出水恒温储水式小型速热神器加热,260121-096537229731494,已收货,1	,正常,2026-01-21 19:03:58,2026-01-22 19:03:59,,2026-01-22 09:04:14,2026-01-24 09:05:14,208073193570	,热水即刻有-【6L】,1801828025682	,大家电,热水器,厨宝,	,6923185611233	,6923185611233	,	,	,无售后或售后取消,,2026-01-21 19:03:59,	,,,,,,,否,否,	,否,	,,239.0	,0.0	,0.0	,23.9	,0.0	,0.0	,0.0	,0.0	,215.1	,239.0	,JDV025267438807,京东大件物流,****,****,****,****,,否,否,	,	,	,否,	,	,	,	,	,	,	,	,	,	,	,	,否,否,	,否,否,,	,否,	,否,,,否
VIOMI云米净水器小海豚600G+升级版厨下式RO反渗透直饮家用,260121-442043001270760,已发货，待收货,1	,正常,2026-01-21 18:58:00,2026-01-22 18:58:01,,2026-01-22 10:32:04,	,852161740747	,小海豚600G+升级版,1835709207960	,厨房电器,净水器/净水设备及配件耗材,净水器,	,6923185653684	,	,	,	,无售后或售后取消,,2026-01-21 18:58:01,	,,,,,,,否,否,	,否,	,,559.0	,0.0	,0.0	,60.0	,0.0	,0.0	,0.0	,0.0	,499.0	,559.0	,JDV025267278022,京东大件物流,广东省,深圳市,龙华区,,,否,否,	,	,	,否,	,	,	,	,	,	,	,	,	,	,	,	,否,否,	,否,否,,	,否,	,否,,,否
VIOMI云米净水器小海豚600G+升级版厨下式RO反渗透直饮家用,260121-407717865783642,已发货，待收货,1	,正常,2026-01-21 18:53:15,2026-01-22 18:53:15,,2026-01-22 09:05:22,	,852161740747	,小海豚600G+升级版,1835709207960	,厨房电器,净水器/净水设备及配件耗材,净水器,	,6923185653684	,	,	,	,无售后或售后取消,,2026-01-21 18:53:15,	,,,,,,,否,否,	,否,	,,559.0	,0.0	,0.0	,0.0	,0.0	,0.0	,0.0	,0.0	,559.0	,559.0	,JDV025267386669,京东大件物流,江西省,赣州市,于都县,,,否,否,	,	,	,否,	,	,	,	,	,	,	,	,	,	,	,	,否,否,	,否,否,,	,否,	,否,,,否
云米小厨宝6L电热水器厨房卫生间出水恒温储水式小型速热神器加热,260121-307028345130946,已发货，待收货,1	,正常,2026-01-21 18:25:31,2026-01-22 18:25:32,,2026-01-22 08:50:15,	,208073193570	,热水即刻有-【6L】,1801828025682	,大家电,热水器,厨宝,	,6923185611233	,6923185611233	,AZ2601220232397==1.22米锋==已催促网点==1.23振尧,	,无售后或售后取消,,2026-01-21 18:25:32,	,,,,,,,否,否,	,否,	,,239.0	,0.0	,0.0	,25.0	,0.0	,0.0	,0.0	,0.0	,214.0	,239.0	,JDV025267454000,京东配送,浙江省,杭州市,萧山区,,,否,否,	,	,	,否,	,	,	,	,	,	,	,	,	,	,	,	,否,是,	,否,否,,	,否,	,否,,,否
VIOMI云米净水器小海豚600G+升级版厨下式RO反渗透直饮家用,260121-548054034730946,已发货，退款成功,1	,正常,2026-01-21 18:23:31,2026-01-22 18:23:31,,2026-01-22 09:05:22,	,852161740747	,小海豚600G+升级版,1835709207960	,厨房电器,净水器/净水设备及配件耗材,净水器,	,6923185653684	,	,AZ2601220232396==1.22米锋,	,退款成功,,2026-01-21 18:23:31,	,,,,,,,否,否,	,否,	,,559.0	,0.0	,0.0	,60.0	,0.0	,0.0	,0.0	,0.0	,499.0	,559.0	,JDV025267418394,京东大件物流,浙江省,杭州市,萧山区,,,否,否,	,	,	,否,	,	,	,	,	,	,	,	,	,	,	,	,否,是,	,否,否,,	,否,	,否,,,否
云米小厨宝6L电热水器厨房卫生间出水恒温储水式小型速热神器加热,260121-094864730513630,已发货，待收货,1	,正常,2026-01-21 17:51:54,2026-01-22 17:51:54,,2026-01-21 19:20:52,	,208073193570	,热水即刻有-【6L】,1801828025682	,大家电,热水器,厨宝,	,6923185611233	,6923185611233	,AZ2601220231920==1.22米锋,	,无售后或售后取消,,2026-01-21 17:51:54,	,,,,,,,否,否,	,否,	,,239.0	,0.0	,0.0	,20.0	,0.0	,0.0	,0.0	,0.0	,219.0	,239.0	,JDV025259788966,京东配送,河北省,邢台市,宁晋县,,,否,否,	,	,	,否,	,	,	,	,	,	,	,	,	,	,	,	,否,否,	,否,否,,	,否,	,否,,,否
新品首发 Viomi云米 小海豚3上市RO净水器5年长效反渗透净水器,260121-523229008243854,已发货，待收货,1	,正常,2026-01-21 17:41:14,2026-02-21 17:41:14,,2026-01-22 10:32:05,	,862873034610	,小海豚3（原装滤芯）（包安装）,1825244823454	,厨房电器,净水器/净水设备及配件耗材,净水器,	,6923185605867	,	,延迟发货到2月21 [viomi小甜心 01/21 17:43] ZX2601220063860==延发拦截1.22米锋==ZX2601250062108==1.25振尧,	,无售后或售后取消,,2026-01-21 17:41:14,	,,,,,,,否,否,	,否,	,,498.9	,0.0	,0.0	,0.0	,0.0	,0.0	,0.0	,0.0	,498.9	,498.9	,JDV025267251266,京东大件物流,四川省,成都市,彭州市,,,否,否,	,	,	,否,	,	,	,	,	,	,	,	,	,	,	,	,否,否,	,否,否,,	,否,	,否,,,否
VIOMI云米净水器小海豚600G+升级版厨下式RO反渗透直饮家用,260121-242588107110850,已发货，待收货,1	,正常,2026-01-21 17:33:44,2026-01-22 17:33:44,,2026-01-22 10:32:04,	,852161740747	,小海豚600G+升级版,1835709207960	,厨房电器,净水器/净水设备及配件耗材,净水器,	,6923185653684	,	,	,	,无售后或售后取消,,2026-01-21 17:33:44,	,,,,,,,否,否,	,否,	,,559.0	,0.0	,0.0	,60.0	,0.0	,0.0	,0.0	,0.0	,499.0	,559.0	,JDV025267297246,京东大件物流,广西壮族自治区,钦州市,灵山县,,,否,否,	,	,	,否,	,	,	,	,	,	,	,	,	,	,	,	,否,否,	,否,否,,	,否,	,否,,,否
云米小厨宝6L电热水器厨房卫生间出水恒温储水式小型速热神器加热,260121-217380308633510,已发货，待收货,1	,正常,2026-01-21 17:19:41,2026-01-22 17:19:41,,2026-01-21 18:58:14,	,208073193570	,热水即刻有-【6L】,1801828025682	,大家电,热水器,厨宝,	,6923185611233	,6923185611233	,	,	,无售后或售后取消,,2026-01-21 17:19:41,	,,,,,,,否,否,	,否,	,,239.0	,17.0	,0.0	,0.0	,0.0	,0.0	,0.0	,0.0	,256.0	,256.0	,JDV025259123896,京东配送,新疆维吾尔自治区,伊犁哈萨克自治州,昭苏县,,,否,否,	,	,	,否,	,	,	,	,	,	,	,	,	,	,	,	,否,否,	,否,否,,	,否,	,否,,,否
VIOMI云米净水器小海豚600G+升级版厨下式RO反渗透直饮家用,260121-538763609733702,已取消,1	,正常,	,	,,	,	,852161740747	,小海豚600G+升级版,1835709207960	,厨房电器,净水器/净水设备及配件耗材,净水器,	,6923185653684	,	,	,	,无售后或售后取消,,	,	,,,,,,,否,否,	,否,	,,559.0	,0.0	,0.0	,0.0	,0.0	,0.0	,0.0	,0.0	,559.0	,559.0	,	,	,****,****,****,****,,否,否,	,	,	,否,	,	,	,	,	,	,	,	,	,	,	,	,否,否,	,否,	,,	,否,	,否,,,否
云米矿泉台式净饮机即热式饮水机直饮家用矿化加热一体机净水器,260121-412473168181034,已发货，待收货,1	,正常,2026-01-21 16:57:54,2026-01-22 16:57:54,,2026-01-22 09:27:22,	,850344043841	,AI净饮机Super2,1810740228115	,厨房电器,台式净饮机,台式净饮机,	,6923185615415	,6923185615415	,直播间中奖10元红包,	,无售后或售后取消,,2026-01-21 16:57:54,	,,,,,,,否,否,	,否,	,,1099.0	,0.0	,100.0	,10.0	,0.0	,0.0	,0.0	,0.0	,989.0	,999.0	,JDV025267247296,京东大件物流,重庆市,重庆市,渝北区,,,否,否,	,	,	,否,	,	,	,	,	,	,	,	,	,	,	,	,是,是,	,否,否,,	,否,	,否,,,否
新品首发 Viomi云米 小海豚3上市RO净水器5年长效反渗透净水器,260121-372606246533339,已收货,1	,正常,2026-01-21 16:52:18,2026-01-22 16:52:18,,2026-01-22 09:05:23,2026-01-24 19:14:03,862873034610	,小海豚3（原装滤芯）（包安装）,1825244823454	,厨房电器,净水器/净水设备及配件耗材,净水器,	,6923185605867	,	,嗮图赠送一年延保 [viomi小甜心 01/21 16:54],	,无售后或售后取消,,2026-01-21 16:52:18,	,,,,,,,否,否,	,否,	,,498.9	,0.0	,0.0	,0.0	,0.0	,0.0	,0.0	,0.0	,498.9	,498.9	,JDV025258422806,京东大件物流,****,****,****,****,,否,否,	,	,	,否,	,	,	,	,	,	,	,	,	,	,	,	,否,否,	,否,否,,	,否,	,否,,,否
VIOMI云米净水器小海豚600G+升级版厨下式RO反渗透直饮家用,260121-609479564912414,未发货，退款成功,1	,审核中，请勿发货,2026-01-21 16:10:16,2026-01-22 16:10:16,,	,	,852161740747	,小海豚600G+升级版,1835709207960	,厨房电器,净水器/净水设备及配件耗材,净水器,	,6923185653684	,	,聚水潭已取消发货 已退款1.21丹丹,	,退款成功,,2026-01-21 16:10:16,	,,,,,,,否,否,	,否,	,,559.0	,0.0	,0.0	,50.0	,0.0	,0.0	,0.0	,0.0	,509.0	,559.0	,	,	,****,****,****,****,,否,否,	,	,	,否,	,	,	,	,	,	,	,	,	,	,	,	,否,否,	,否,	,,	,否,	,否,,,否
新品首发 Viomi云米 小海豚3上市RO净水器5年长效反渗透净水器,260121-388271992452651,已收货,1	,正常,2026-01-21 15:59:47,2026-01-22 15:59:47,,2026-01-22 09:05:22,2026-01-23 18:48:40,862873034610	,小海豚3（原装滤芯）（包安装）,1825244823454	,厨房电器,净水器/净水设备及配件耗材,净水器,	,6923185605867	,	,AZ2601220232784=13113392187=安装-陈煜1.22==晒单20元引导仅退款==1.23振尧==WX2601240226604	 [viomi米小锂MKD 01/24 12:58],	,无售后或售后取消,,2026-01-21 15:59:47,	,,,,,,,否,否,	,否,	,,498.9	,0.0	,0.0	,10.0	,0.0	,0.0	,0.0	,0.0	,488.9	,498.9	,JDV025259294967,京东大件物流,****,****,****,****,,否,否,	,	,	,否,	,	,	,	,	,	,	,	,	,	,	,	,否,否,	,否,否,,	,否,	,否,,,否
VIOMI云米净水器小海豚600G+升级版厨下式RO反渗透直饮家用,260121-570247104112976,已取消,1	,正常,	,	,,	,	,852161740747	,小海豚600G+升级版,1835709207960	,厨房电器,净水器/净水设备及配件耗材,净水器,	,6923185653684	,	,	,	,无售后或售后取消,,	,	,,,,,,,否,否,	,否,	,,559.0	,0.0	,0.0	,0.0	,0.0	,0.0	,0.0	,0.0	,559.0	,559.0	,	,	,****,****,****,****,,否,否,	,	,	,否,	,	,	,	,	,	,	,	,	,	,	,	,否,否,	,否,	,,	,否,	,否,,,否
VIOMI云米净水器小海豚600G+升级版厨下式RO反渗透直饮家用,260121-197855885722657,已发货，待收货,1	,正常,2026-01-21 15:52:32,2026-01-22 15:52:33,,2026-01-22 09:05:22,	,852161740747	,小海豚600G+升级版,1835709207960	,厨房电器,净水器/净水设备及配件耗材,净水器,	,6923185653684	,	,	,	,无售后或售后取消,,2026-01-21 15:52:33,	,,,,,,,否,否,	,否,	,,559.0	,0.0	,0.0	,60.0	,0.0	,0.0	,0.0	,0.0	,499.0	,559.0	,JDV025258959078,京东大件物流,山东省,临沂市,兰山区,,,否,否,	,	,	,否,	,	,	,	,	,	,	,	,	,	,	,	,否,否,	,否,否,,	,否,	,否,,,否
VIOMI云米净水器小海豚600G+升级版厨下式RO反渗透直饮家用,260121-072844592734085,已取消,1	,正常,	,	,,	,	,852161740747	,小海豚600G+升级版,1835709207960	,厨房电器,净水器/净水设备及配件耗材,净水器,	,6923185653684	,	,	,	,无售后或售后取消,,	,	,,,,,,,否,否,	,否,	,,559.0	,0.0	,0.0	,50.0	,0.0	,0.0	,0.0	,0.0	,509.0	,559.0	,	,	,****,****,****,****,,否,否,	,	,	,否,	,	,	,	,	,	,	,	,	,	,	,	,否,否,	,否,	,,	,否,	,否,,,否
云米净水器600G小海豚升级版厨下式RO反渗透直饮家用,260121-106766057823526,已取消,1	,正常,	,	,,	,	,852932116812	,小海豚600G+6年滤芯套装,1812983769340	,厨房电器,净水器/净水设备及配件耗材,净水器,	,S2508151538001,	,	,	,无售后或售后取消,,	,	,,,,,,,否,否,	,否,	,,772.0	,0.0	,0.0	,100.0	,0.0	,0.0	,0.0	,0.0	,672.0	,772.0	,	,	,****,****,****,****,,否,否,	,	,	,否,	,	,	,	,	,	,	,	,	,	,	,	,否,否,	,否,	,,	,否,	,否,,,否
VIOMI 云米净水器600G小海豚升级版厨下式RO反渗透直饮家用,260121-207712500113491,已发货，待收货,1	,正常,2026-01-21 15:43:20,2026-01-22 15:43:20,,2026-01-22 08:53:21,	,225501370546	,小海豚600G,1813468330532	,厨房电器,净水器/净水设备及配件耗材,净水器,	,6923185653684	,6923185616399	,AZ2601230229988==1.23米锋,	,无售后或售后取消,,2026-01-21 15:43:20,	,,,,,,,否,否,	,否,	,,619.0	,0.0	,0.0	,0.0	,1.23	,0.0	,0.0	,0.0	,619.0	,619.0	,JDV025267393627,京东配送,安徽省,滁州市,凤阳县,,,否,否,	,	,	,否,	,	,	,	,	,	,	,	,	,	,	,	,否,否,	,否,否,,	,否,	,否,,,否
VIOMI云米净水器小海豚600G+升级版厨下式RO反渗透直饮家用,260121-131659210291423,已取消,1	,正常,	,	,,	,	,852161740747	,小海豚600G+升级版,1835709207960	,厨房电器,净水器/净水设备及配件耗材,净水器,	,6923185653684	,	,	,	,无售后或售后取消,,	,	,,,,,,,否,否,	,否,	,,559.0	,0.0	,0.0	,0.0	,0.0	,0.0	,0.0	,0.0	,559.0	,559.0	,	,	,****,****,****,****,,否,否,	,	,	,否,	,	,	,	,	,	,	,	,	,	,	,	,否,否,	,否,	,,	,否,	,否,,,否
VIOMI云米净水器小海豚600G+升级版厨下式RO反渗透直饮家用,260121-472467423542350,未发货，退款成功,1	,正常,2026-01-21 15:40:53,2026-01-22 15:40:53,,	,	,852161740747	,小海豚600G+升级版,1835709207960	,厨房电器,净水器/净水设备及配件耗材,净水器,	,6923185653684	,	,聚水潭已取消发货 已退款1.21丹丹,	,退款成功,,2026-01-21 15:40:53,	,,,,,,,否,否,	,否,	,,559.0	,0.0	,0.0	,55.67	,0.0	,0.0	,0.0	,0.0	,503.33	,559.0	,	,	,****,****,****,****,,否,否,	,	,	,否,	,	,	,	,	,	,	,	,	,	,	,	,否,否,	,否,否,,	,否,	,否,,,否
新品首发 Viomi云米 小海豚3上市RO净水器5年长效反渗透净水器,260121-106629711490021,已发货，待收货,1	,正常,2026-01-21 15:39:13,2026-01-22 15:39:13,,2026-01-22 09:05:23,	,862873034610	,小海豚3（原装滤芯）（包安装）,1825244823454	,厨房电器,净水器/净水设备及配件耗材,净水器,	,6923185605867	,	,	,	,无售后或售后取消,,2026-01-21 15:39:13,	,,,,,,,否,否,	,否,	,,498.9	,0.0	,0.0	,0.0	,0.0	,0.0	,0.0	,0.0	,498.9	,498.9	,JDV025259294832,京东大件物流,辽宁省,沈阳市,新民市,,,否,否,	,	,	,否,	,	,	,	,	,	,	,	,	,	,	,	,否,否,	,否,否,,	,否,	,否,,,否
云米顶侧大吸力蓝调油烟机家用厨房节能自清洁一级能效可挥手智控,260121-271665108551837,已收货,1	,正常,2026-01-21 15:33:44,2026-01-22 15:33:44,,2026-01-21 19:02:59,2026-01-22 15:36:28,657344402006	,顶侧双吸智清洁挥手智控单烟机,1832827639759	,大家电,厨房大电,油烟机,	,6923185650973	,6923185650973	,AZ2601230229967==1.23米锋,	,无售后或售后取消,,2026-01-21 15:33:44,	,,,,,,,否,否,	,否,	,,849.0	,0.0	,0.0	,10.0	,0.0	,0.0	,0.0	,0.0	,839.0	,849.0	,JDV025259295444,京东配送,****,****,****,****,,否,否,	,	,	,否,	,	,	,	,	,	,	,	,	,	,	,	,否,否,	,否,否,,	,否,	,否,,,否
VIOMI云米净水器小海豚600G+升级版厨下式RO反渗透直饮家用,260121-639337818463526,已取消,1	,正常,	,	,,	,	,852161740747	,小海豚600G+升级版,1835709207960	,厨房电器,净水器/净水设备及配件耗材,净水器,	,6923185653684	,	,	,	,无售后或售后取消,,	,	,,,,,,,否,否,	,否,	,,559.0	,0.0	,0.0	,0.0	,0.0	,0.0	,0.0	,0.0	,559.0	,559.0	,	,	,****,****,****,****,,否,否,	,	,	,否,	,	,	,	,	,	,	,	,	,	,	,	,否,否,	,否,	,,	,否,	,否,,,否
云米顶侧大吸力蓝调油烟机家用厨房节能自清洁一级能效可挥手智控,260121-329305310791837,已取消,1	,正常,	,	,,	,	,657344402006	,顶侧双吸智清洁挥手智控单烟机,1832827639759	,大家电,厨房大电,油烟机,	,6923185650973	,6923185650973	,	,	,无售后或售后取消,,	,	,,,,,,,否,否,	,否,	,,849.0	,0.0	,0.0	,15.0	,0.0	,0.0	,0.0	,0.0	,834.0	,849.0	,	,	,****,****,****,****,,否,否,	,	,	,否,	,	,	,	,	,	,	,	,	,	,	,	,否,否,	,否,	,,	,否,	,否,,,否
云米顶侧大吸力蓝调油烟机家用厨房节能自清洁一级能效可挥手智控,260121-322143526471837,已取消,1	,正常,	,	,,	,	,657344402006	,顶侧双吸智清洁挥手智控单烟机,1832827639759	,大家电,厨房大电,油烟机,	,6923185650973	,6923185650973	,	,	,无售后或售后取消,,	,	,,,,,,,否,否,	,否,	,,849.0	,0.0	,0.0	,10.0	,0.0	,0.0	,0.0	,0.0	,839.0	,849.0	,	,	,****,****,****,****,,否,否,	,	,	,否,	,	,	,	,	,	,	,	,	,	,	,	,否,否,	,否,	,,	,否,	,否,,,否
云米顶侧大吸力蓝调油烟机家用厨房节能自清洁一级能效可挥手智控,260121-349815447111837,已取消,1	,正常,	,	,,	,	,657344402006	,顶侧双吸智清洁挥手智控单烟机,1832827639759	,大家电,厨房大电,油烟机,	,6923185650973	,6923185650973	,	,	,无售后或售后取消,,	,	,,,,,,,否,否,	,否,	,,849.0	,0.0	,0.0	,42.45	,0.0	,0.0	,0.0	,0.0	,806.55	,849.0	,	,	,****,****,****,****,,否,否,	,	,	,否,	,	,	,	,	,	,	,	,	,	,	,	,否,否,	,否,	,,	,否,	,否,,,否
VIOMI云米净水器小海豚600G+升级版厨下式RO反渗透直饮家用,260121-068094595500804,未发货，退款成功,1	,正常,2026-01-21 15:25:00,2026-01-22 15:25:01,,	,	,852161740747	,小海豚600G+升级版,1835709207960	,厨房电器,净水器/净水设备及配件耗材,净水器,	,6923185653684	,	,拦截成功，物流已取消ZX2601210064172拦截==TH2C159723949已审核1.21丹丹,	,退款成功,,2026-01-21 15:25:01,	,,,,,,,否,否,	,否,	,,559.0	,0.0	,0.0	,50.0	,0.0	,0.0	,0.0	,0.0	,509.0	,559.0	,	,	,****,****,****,****,,否,否,	,	,	,否,	,	,	,	,	,	,	,	,	,	,	,	,否,否,	,否,否,,	,否,	,否,,,否
VIOMI云米净水器小海豚600G+升级版厨下式RO反渗透直饮家用,260121-153217984934048,已取消,1	,正常,	,	,,	,	,852161740747	,小海豚600G+升级版,1835709207960	,厨房电器,净水器/净水设备及配件耗材,净水器,	,6923185653684	,	,	,	,无售后或售后取消,,	,	,,,,,,,否,否,	,否,	,,559.0	,0.0	,0.0	,0.0	,0.0	,0.0	,0.0	,0.0	,559.0	,559.0	,	,	,****,****,****,****,,否,否,	,	,	,否,	,	,	,	,	,	,	,	,	,	,	,	,否,否,	,否,	,,	,否,	,否,,,否
VIOMI云米净水器小海豚600G+升级版厨下式RO反渗透直饮家用,260121-479713083681331,已发货，待收货,1	,正常,2026-01-21 14:58:28,2026-01-22 14:58:29,,2026-01-21 18:00:04,	,852161740747	,小海豚600G+升级版,1835709207960	,厨房电器,净水器/净水设备及配件耗材,净水器,	,6923185653684	,	,	,	,无售后或售后取消,,2026-01-21 14:58:29,	,,,,,,,否,否,	,否,	,,559.0	,0.0	,0.0	,0.0	,0.0	,0.0	,0.0	,0.0	,559.0	,559.0	,JDV025256530826,京东大件物流,湖北省,武汉市,汉阳区,,,否,否,	,	,	,否,	,	,	,	,	,	,	,	,	,	,	,	,否,否,	,否,否,,	,否,	,否,,,否
云米小厨宝6L电热水器厨房卫生间出水恒温储水式小型速热神器加热,260121-528115310180725,已收货,1	,正常,2026-01-21 14:57:19,2026-01-22 14:57:19,	,2026-01-21 18:43:59,2026-01-25 22:10:50,208073193570	,热水即刻有-【6L】,1801828025682	,大家电,热水器,厨宝,	,6923185611233	,6923185611233	,	,	,无售后或售后取消,,2026-01-21 14:57:19,	,,,,,,,否,否,	,否,	,,239.0	,0.0	,0.0	,0.0	,0.0	,0.0	,0.0	,0.0	,239.0	,239.0	,JDV025256576958,京东配送,****,****,****,****,,否,否,	,	,	,否,	,	,	,	,	,	,	,	,	,	,	,	,否,否,	,否,否,,	,否,	,否,,,否
VIOMI云米净水器小海豚600G+升级版厨下式RO反渗透直饮家用,260121-372087273862519,已发货，待收货,1	,正常,2026-01-21 14:56:02,2026-01-22 14:56:03,,2026-01-22 09:05:23,	,852161740747	,小海豚600G+升级版,1835709207960	,厨房电器,净水器/净水设备及配件耗材,净水器,	,6923185653684	,	,	,	,无售后或售后取消,,2026-01-21 14:56:03,	,,,,,,,否,否,	,否,	,,559.0	,0.0	,0.0	,30.0	,1.05	,0.0	,0.0	,0.0	,529.0	,559.0	,JDV025257641246,京东大件物流,湖南省,长沙市,长沙县,,,否,否,	,	,	,否,	,	,	,	,	,	,	,	,	,	,	,	,否,否,	,否,否,,	,否,	,否,,,否
VIOMI云米净水器小海豚600G+升级版厨下式RO反渗透直饮家用,260121-288830308780804,已取消,1	,正常,	,	,,	,	,852161740747	,小海豚600G+升级版,1835709207960	,厨房电器,净水器/净水设备及配件耗材,净水器,	,6923185653684	,	,	,	,无售后或售后取消,,	,	,,,,,,,否,否,	,否,	,,559.0	,0.0	,0.0	,0.0	,0.0	,0.0	,0.0	,0.0	,559.0	,559.0	,	,	,****,****,****,****,,否,否,	,	,	,否,	,	,	,	,	,	,	,	,	,	,	,	,否,否,	,否,	,,	,否,	,否,,,否
VIOMI云米净水器小海豚600G+升级版厨下式RO反渗透直饮家用,260121-116580739500804,未发货，退款成功,1	,正常,2026-01-21 14:44:48,2026-01-22 14:44:48,,	,	,852161740747	,小海豚600G+升级版,1835709207960	,厨房电器,净水器/净水设备及配件耗材,净水器,	,6923185653684	,	,聚水潭已取消发货 已退款1.21丹丹,	,退款成功,,2026-01-21 14:44:48,	,,,,,,,否,否,	,否,	,,559.0	,0.0	,0.0	,50.0	,0.0	,0.0	,0.0	,0.0	,509.0	,559.0	,	,	,****,****,****,****,,否,否,	,	,	,否,	,	,	,	,	,	,	,	,	,	,	,	,否,否,	,否,否,,	,否,	,否,,,否
VIOMI云米净水器小海豚600G+升级版厨下式RO反渗透直饮家用,260121-253724004662715,已取消,1	,正常,	,	,,	,	,852161740747	,小海豚600G+升级版,1835709207960	,厨房电器,净水器/净水设备及配件耗材,净水器,	,6923185653684	,	,	,	,无售后或售后取消,,	,	,,,,,,,否,否,	,否,	,,559.0	,0.0	,0.0	,60.0	,0.0	,0.0	,0.0	,0.0	,499.0	,559.0	,	,	,****,****,****,****,,否,否,	,	,	,否,	,	,	,	,	,	,	,	,	,	,	,	,否,否,	,否,	,,	,否,	,否,,,否
云米蓝调2PRO燃气热水器静音节能水伺服恒温语音控制智控节能变频,260121-644203211112446,已发货，待收货,1	,正常,2026-01-21 14:23:54,2026-01-22 14:23:55,,2026-01-21 18:39:53,	,852010588191	,2PRO燃气热水器【静音节能】,1812265470712	,大家电,热水器,燃气热水器,	,6923185656869	,6923185656869	,	,	,无售后或售后取消,,2026-01-21 14:23:55,	,,,,,,,否,否,	,否,	,,898.99	,0.0	,100.0	,95.87	,0.0	,0.0	,0.0	,0.0	,703.12	,798.99	,JDV025257638257,京东配送,湖南省,长沙市,芙蓉区,,,否,否,	,	,	,否,	,	,	,	,	,	,	,	,	,	,	,	,否,否,	,否,否,,	,否,	,否,,,否
云米5.2KW智能燃气灶大火力爆炒灶具一级节能家用厨房双灶头台嵌,260121-230372196693414,已发货，退款成功,1	,正常,2026-01-21 14:16:24,2026-01-22 14:16:25,,2026-01-21 18:35:49,	,738372436858	,5.2KW聚能猛火灶（天然气）,1727247957279	,大家电,厨房大电,燃气灶,	,6923185650348	,	,到手后返599-150=449=陈煜1.21,	,退款成功,,2026-01-21 14:16:25,	,,,,,,,否,否,	,否,	,,699.0	,0.0	,100.0	,0.0	,0.0	,0.0	,0.0	,0.0	,599.0	,599.0	,JDV025257651478,京东配送,河南省,郑州市,中原区,,,否,否,	,	,	,否,	,	,	,	,	,	,	,	,	,	,	,	,否,否,	,否,否,,	,否,	,否,,,否
云米60L速热电热水器3000W一级节能变频增容租房安全已接入米家AP,260121-441083543991680,已发货，待收货,1	,正常,2026-01-21 13:56:31,2026-01-22 13:56:31,,2026-01-21 19:22:58,	,208071231700	,双管变频速热60L,1660917678582	,大家电,热水器,电热水器,	,6923185602224	,6923185602224	,	,	,无售后或售后取消,,2026-01-21 13:56:31,	,,,,,,,否,否,	,否,	,,671.0	,0.0	,0.0	,0.0	,0.2	,0.0	,0.0	,0.0	,671.0	,671.0	,JDV025257656113,京东配送,河南省,南阳市,邓州市,,,否,否,	,	,	,否,	,	,	,	,	,	,	,	,	,	,	,	,否,否,	,否,否,,	,否,	,否,,,否
VIOMI云米净水器小海豚600G+升级版厨下式RO反渗透直饮家用,260121-531701470842115,已取消,1	,正常,	,	,,	,	,852161740747	,小海豚600G+升级版,1835709207960	,厨房电器,净水器/净水设备及配件耗材,净水器,	,6923185653684	,	,	,	,无售后或售后取消,,	,	,,,,,,,否,否,	,否,	,,559.0	,0.0	,0.0	,0.0	,0.0	,0.0	,0.0	,0.0	,559.0	,559.0	,	,	,****,****,****,****,,否,否,	,	,	,否,	,	,	,	,	,	,	,	,	,	,	,	,否,否,	,否,	,,	,否,	,否,,,否
云米净水器600G小海豚升级版厨下式RO反渗透直饮家用,260121-319291441561065,已发货，待收货,1	,正常,2026-01-21 13:29:17,2026-01-22 13:29:17,	,2026-01-21 18:31:23,	,852932116812	,小海豚600G+6年滤芯套装,1812983769340	,厨房电器,净水器/净水设备及配件耗材,净水器,	,S2508151538001,	,AZ2601250238853==1.25米锋,	,无售后或售后取消,,2026-01-21 13:29:17,	,,,,,,,否,否,	,否,	,,772.0	,0.0	,0.0	,92.64	,0.0	,0.0	,0.0	,0.0	,679.36	,772.0	,JDV025257738013,京东配送,广东省,揭阳市,榕城区,,,否,否,	,	,	,否,	,	,	,	,	,	,	,	,	,	,	,	,否,否,	,否,否,,	,否,	,否,,,否
VIOMI云米净水器小海豚600G+升级版厨下式RO反渗透直饮家用,260121-398301601281783,已收货,1	,正常,2026-01-21 13:20:28,2026-01-22 13:20:28,	,2026-01-21 18:00:04,2026-01-22 14:02:53,852161740747	,小海豚600G+升级版,1835709207960	,厨房电器,净水器/净水设备及配件耗材,净水器,	,6923185653684	,	,	,	,无售后或售后取消,,2026-01-21 13:20:28,	,,,,,,,否,否,	,否,	,,559.0	,0.0	,0.0	,0.0	,0.0	,0.0	,0.0	,0.0	,559.0	,559.0	,JDV025253511229,京东大件物流,****,****,****,****,,否,否,	,	,	,否,	,	,	,	,	,	,	,	,	,	,	,	,否,否,	,否,否,,	,否,	,否,,,否
云米净水器600G小海豚升级版厨下式RO反渗透直饮家用,260121-201095975293033,已取消,1	,正常,	,	,,	,	,852932116812	,小海豚600G+6年滤芯套装,1812983769340	,厨房电器,净水器/净水设备及配件耗材,净水器,	,S2508151538001,	,	,	,无售后或售后取消,,	,	,,,,,,,否,否,	,否,	,,772.0	,0.0	,0.0	,77.2	,0.0	,0.0	,0.0	,0.0	,694.8	,772.0	,	,	,****,****,****,****,,否,否,	,	,	,否,	,	,	,	,	,	,	,	,	,	,	,	,否,否,	,否,	,,	,否,	,否,,,否
云米小厨宝6L电热水器厨房卫生间出水恒温储水式小型速热神器加热,260121-337578606893122,已发货，待收货,1	,正常,2026-01-21 13:20:23,2026-01-22 13:20:24,,2026-01-21 18:57:05,	,208073193570	,热水即刻有-【6L】,1801828025682	,大家电,热水器,厨宝,	,6923185611233	,6923185611233	,	,	,无售后或售后取消,,2026-01-21 13:20:24,	,,,,,,,否,否,	,否,	,,239.0	,0.0	,0.0	,20.0	,0.0	,0.0	,0.0	,0.0	,219.0	,239.0	,JDV025257633190,京东配送,湖南省,常德市,临澧县,,,否,否,	,	,	,否,	,	,	,	,	,	,	,	,	,	,	,	,否,否,	,否,否,,	,否,	,否,,,否
VIOMI 云米净水器600G小海豚升级版厨下式RO反渗透直饮家用,260121-334978096713943,已收货,1	,正常,2026-01-21 13:09:58,2026-01-22 13:09:58,,2026-01-21 18:00:04,2026-01-22 15:23:56,225501370546	,小海豚600G,1813468330532	,厨房电器,净水器/净水设备及配件耗材,净水器,	,6923185653684	,6923185616399	,	,	,无售后或售后取消,,2026-01-21 13:09:58,	,,,,,,,否,否,	,否,	,,619.0	,0.0	,0.0	,92.85	,1.05	,0.0	,0.0	,0.0	,526.15	,619.0	,JDV025255346246,京东大件物流,****,****,****,****,,否,否,	,	,	,否,	,	,	,	,	,	,	,	,	,	,	,	,否,否,	,否,否,,	,否,	,否,,,否
VIOMI云米净水器小海豚600G+升级版厨下式RO反渗透直饮家用,260121-353087024751271,已发货，待收货,1	,正常,2026-01-21 13:04:36,2026-01-22 13:04:37,,2026-01-22 09:05:23,	,852161740747	,小海豚600G+升级版,1835709207960	,厨房电器,净水器/净水设备及配件耗材,净水器,	,6923185653684	,	,	,	,无售后或售后取消,,2026-01-21 13:04:37,	,,,,,,,否,否,	,否,	,,559.0	,0.0	,0.0	,60.0	,0.2	,0.0	,0.0	,0.0	,499.0	,559.0	,JDV025257616486,京东大件物流,海南省,海口市,龙华区,,,否,否,	,	,	,否,	,	,	,	,	,	,	,	,	,	,	,	,否,否,	,否,否,,	,否,	,否,,,否
VIOMI云米净水器小海豚600G+升级版厨下式RO反渗透直饮家用,260121-216593928614048,已取消,1	,正常,	,	,,	,	,852161740747	,小海豚600G+升级版,1835709207960	,厨房电器,净水器/净水设备及配件耗材,净水器,	,6923185653684	,	,	,	,无售后或售后取消,,	,	,,,,,,,否,否,	,否,	,,559.0	,0.0	,0.0	,0.0	,0.0	,0.0	,0.0	,0.0	,559.0	,559.0	,	,	,****,****,****,****,,否,否,	,	,	,否,	,	,	,	,	,	,	,	,	,	,	,	,否,否,	,否,	,,	,否,	,否,,,否
VIOMI云米净水器小海豚600G+升级版厨下式RO反渗透直饮家用,260121-624039084454048,已取消,1	,正常,	,	,,	,	,852161740747	,小海豚600G+升级版,1835709207960	,厨房电器,净水器/净水设备及配件耗材,净水器,	,6923185653684	,	,	,	,无售后或售后取消,,	,	,,,,,,,否,否,	,否,	,,559.0	,0.0	,0.0	,0.0	,0.0	,0.0	,0.0	,0.0	,559.0	,559.0	,	,	,****,****,****,****,,否,否,	,	,	,否,	,	,	,	,	,	,	,	,	,	,	,	,否,否,	,否,	,,	,否,	,否,,,否
云米60L速热电热水器3000W一级节能变频增容租房安全已接入米家AP,260121-384806458992782,已发货，待收货,1	,正常,2026-01-21 12:57:20,2026-01-22 12:57:20,,2026-01-21 18:48:54,	,208071231700	,双管变频速热60L,1660917678582	,大家电,热水器,电热水器,	,6923185602224	,6923185602224	,	,	,无售后或售后取消,,2026-01-21 12:57:20,	,,,,,,,否,否,	,否,	,,671.0	,0.0	,0.0	,67.1	,0.0	,0.0	,0.0	,0.0	,603.9	,671.0	,JDV025257630643,京东配送,四川省,宜宾市,高县,,,否,否,	,	,	,否,	,	,	,	,	,	,	,	,	,	,	,	,否,否,	,否,否,,	,否,	,否,,,否
VIOMI 云米净水器600G小海豚升级版厨下式RO反渗透直饮家用,260121-068880995962115,已发货，待收货,1	,正常,2026-01-21 12:53:31,2026-01-22 12:53:31,,2026-01-21 19:15:01,	,225501370546	,小海豚600G,1813468330532	,厨房电器,净水器/净水设备及配件耗材,净水器,	,6923185653684	,6923185616399	,	,	,无售后或售后取消,,2026-01-21 12:53:31,	,,,,,,,否,否,	,否,	,,619.0	,0.0	,0.0	,92.85	,0.2	,0.0	,0.0	,0.0	,526.15	,619.0	,JDV025257617530,京东配送,广西壮族自治区,玉林市,陆川县,,,否,否,	,	,	,否,	,	,	,	,	,	,	,	,	,	,	,	,否,否,	,否,否,,	,否,	,否,,,否
VIOMI云米净水器小海豚600G+升级版厨下式RO反渗透直饮家用,260121-517241597471679,已收货,1	,正常,2026-01-21 12:37:29,2026-01-22 12:37:29,,2026-01-21 18:00:05,2026-01-24 10:03:28,852161740747	,小海豚600G+升级版,1835709207960	,厨房电器,净水器/净水设备及配件耗材,净水器,	,6923185653684	,	,	,	,无售后或售后取消,,2026-01-21 12:37:29,	,,,,,,,否,否,	,否,	,,559.0	,0.0	,0.0	,0.0	,0.0	,0.0	,0.0	,0.0	,559.0	,559.0	,JDV025251561324,京东大件物流,****,****,****,****,,否,否,	,	,	,否,	,	,	,	,	,	,	,	,	,	,	,	,否,否,	,否,否,,	,否,	,否,,,否
VIOMI云米净水器小海豚600G+升级版厨下式RO反渗透直饮家用,260121-069478715703044,未发货，退款成功,1	,正常,2026-01-21 12:35:36,2026-01-22 12:35:36,,	,	,852161740747	,小海豚600G+升级版,1835709207960	,厨房电器,净水器/净水设备及配件耗材,净水器,	,6923185653684	,	,聚水潭已取消发货 已退款1.21丹丹,	,退款成功,,2026-01-21 12:35:36,	,,,,,,,否,否,	,否,	,,559.0	,0.0	,0.0	,60.0	,0.0	,0.0	,0.0	,0.0	,499.0	,559.0	,	,	,****,****,****,****,,否,否,	,	,	,否,	,	,	,	,	,	,	,	,	,	,	,	,否,否,	,否,否,,	,否,	,否,,,否
VIOMI云米净水器小海豚600G+升级版厨下式RO反渗透直饮家用,260121-040118587814048,已取消,1	,正常,	,	,,	,	,852161740747	,小海豚600G+升级版,1835709207960	,厨房电器,净水器/净水设备及配件耗材,净水器,	,6923185653684	,	,	,	,无售后或售后取消,,	,	,,,,,,,否,否,	,否,	,,559.0	,0.0	,0.0	,0.0	,0.0	,0.0	,0.0	,0.0	,559.0	,559.0	,	,	,****,****,****,****,,否,否,	,	,	,否,	,	,	,	,	,	,	,	,	,	,	,	,否,否,	,否,	,,	,否,	,否,,,否
云米小厨宝6L电热水器厨房卫生间出水恒温储水式小型速热神器加热,260121-484505076120923,已收货,1	,正常,2026-01-21 12:33:15,2026-01-22 12:33:15,,2026-01-21 21:10:09,2026-01-24 19:01:15,208073193570	,热水即刻有-【6L】,1801828025682	,大家电,热水器,厨宝,	,6923185611233	,6923185611233	,	,	,无售后或售后取消,,2026-01-21 12:33:15,	,,,,,,,否,否,	,否,	,,239.0	,0.0	,0.0	,20.0	,0.0	,0.0	,0.0	,0.0	,219.0	,239.0	,JDV025257632300,京东配送,****,****,****,****,,否,否,	,	,	,否,	,	,	,	,	,	,	,	,	,	,	,	,否,否,	,否,否,,	,否,	,否,,,否
VIOMI云米净水器小海豚600G+升级版厨下式RO反渗透直饮家用,260121-266170560131085,已取消,1	,正常,	,	,,	,	,852161740747	,小海豚600G+升级版,1835709207960	,厨房电器,净水器/净水设备及配件耗材,净水器,	,6923185653684	,	,	,	,无售后或售后取消,,	,	,,,,,,,否,否,	,否,	,,559.0	,0.0	,0.0	,20.0	,0.0	,0.0	,0.0	,0.0	,539.0	,559.0	,	,	,****,****,****,****,,否,否,	,	,	,否,	,	,	,	,	,	,	,	,	,	,	,	,否,否,	,否,	,,	,否,	,否,,,否
新品首发 Viomi云米 小海豚3上市RO净水器5年长效反渗透净水器,260121-473128046892707,已取消,1	,正常,	,	,,	,	,862873034610	,小海豚3+1支复合滤芯（包安装）,1825244823452	,厨房电器,净水器/净水设备及配件耗材,净水器,	,S2512250944002,	,	,	,无售后或售后取消,,	,	,,,,,,,否,否,	,否,	,,609.9	,0.0	,0.0	,60.0	,0.0	,0.0	,0.0	,0.0	,549.9	,609.9	,	,	,****,****,****,****,,否,否,	,	,	,否,	,	,	,	,	,	,	,	,	,	,	,	,否,否,	,否,	,,	,否,	,否,,,否
VIOMI云米 复合滤芯五合一,260121-465127370300833,已发货，待收货,2	,正常,2026-01-21 12:28:16,2026-01-23 12:28:17,,2026-01-21 14:17:36,	,872941778883	,小海豚3(600G)适用,1830647583079	,厨房电器,净水器/净水设备及配件耗材,净水器配件耗材,	,6923185657347	,	,	,	,售后处理中,,2026-01-21 12:28:17,	,,,,,,,否,否,	,否,	,,596.0	,0.0	,5.96	,0.0	,0.0	,0.0	,0.0	,0.0	,590.04	,590.04	,JDV025251545563,京东大件物流,福建省,漳州市,芗城区,,,否,否,	,	,	,否,	,	,	,	,	,	,	,	,	,	,	,	,否,否,	,否,否,,	,否,	,否,,,否
VIOMI云米净水器小海豚600G+升级版厨下式RO反渗透直饮家用,260121-426162296332188,已取消,1	,正常,	,	,,	,	,852161740747	,小海豚600G+升级版,1835709207960	,厨房电器,净水器/净水设备及配件耗材,净水器,	,6923185653684	,	,	,	,无售后或售后取消,,	,	,,,,,,,否,否,	,否,	,,559.0	,0.0	,0.0	,60.0	,0.0	,0.0	,0.0	,0.0	,499.0	,559.0	,	,	,****,****,****,****,,否,否,	,	,	,否,	,	,	,	,	,	,	,	,	,	,	,	,否,否,	,否,	,,	,否,	,否,,,否
VIOMI云米净水器小海豚600G+升级版厨下式RO反渗透直饮家用,260121-210984005132188,未发货，退款成功,1	,正常,2026-01-21 12:25:10,2026-01-22 12:25:10,,	,	,852161740747	,小海豚600G+升级版,1835709207960	,厨房电器,净水器/净水设备及配件耗材,净水器,	,6923185653684	,	,聚水潭已取消发货 已退款1.21丹丹,	,退款成功,,2026-01-21 12:25:10,	,,,,,,,否,否,	,否,	,,559.0	,0.0	,0.0	,60.0	,0.0	,0.0	,0.0	,0.0	,499.0	,559.0	,	,	,****,****,****,****,,否,否,	,	,	,否,	,	,	,	,	,	,	,	,	,	,	,	,否,否,	,否,否,,	,否,	,否,,,否
VIOMI云米净水器小海豚600G+升级版厨下式RO反渗透直饮家用,260121-629376356771124,已发货，待收货,1	,正常,2026-01-21 12:19:12,2026-01-22 12:19:12,,2026-01-22 09:05:23,	,852161740747	,小海豚600G+升级版,1835709207960	,厨房电器,净水器/净水设备及配件耗材,净水器,	,6923185653684	,	,	,	,无售后或售后取消,,2026-01-21 12:19:12,	,,,,,,,否,否,	,否,	,,559.0	,0.0	,0.0	,60.0	,0.2	,0.0	,0.0	,0.0	,499.0	,559.0	,JDV025251133779,京东大件物流,重庆市,重庆市,江津区,,,否,否,	,	,	,否,	,	,	,	,	,	,	,	,	,	,	,	,否,否,	,否,否,,	,否,	,否,,,否
云米60L速热电热水器3000W一级节能变频增容租房安全已接入米家AP,260121-058678341232782,已取消,1	,正常,	,	,,	,	,208071231700	,双管变频速热60L,1660917678582	,大家电,热水器,电热水器,	,6923185602224	,6923185602224	,	,	,无售后或售后取消,,	,	,,,,,,,否,否,	,否,	,,671.0	,0.0	,0.0	,25.0	,0.0	,0.0	,0.0	,0.0	,646.0	,671.0	,	,	,****,****,****,****,,否,否,	,	,	,否,	,	,	,	,	,	,	,	,	,	,	,	,否,否,	,否,	,,	,否,	,否,,,否
新品首发 Viomi云米 小海豚3上市RO净水器5年长效反渗透净水器,260121-142690292061363,已收货,1	,正常,2026-01-21 12:16:53,2026-01-22 12:16:53,,2026-01-22 09:05:23,2026-01-25 15:59:27,862873034610	,小海豚3（原装滤芯）（包安装）,1825244823454	,厨房电器,净水器/净水设备及配件耗材,净水器,	,6923185605867	,	,已反馈刘宇登记延保==1.25振尧,	,无售后或售后取消,,2026-01-21 12:16:53,	,,,,,,,否,否,	,否,	,,498.9	,0.0	,0.0	,0.0	,0.0	,0.0	,0.0	,0.0	,498.9	,498.9	,JDV025257619402,京东大件物流,****,****,****,****,,否,否,	,	,	,否,	,	,	,	,	,	,	,	,	,	,	,	,否,否,	,否,否,,	,否,	,否,,,否
新品首发 Viomi云米 小海豚3上市RO净水器5年长效反渗透净水器,260121-411775844652707,已取消,1	,正常,	,	,,	,	,862873034610	,小海豚3+1支复合滤芯（包安装）,1825244823452	,厨房电器,净水器/净水设备及配件耗材,净水器,	,S2512250944002,	,	,	,无售后或售后取消,,	,	,,,,,,,否,否,	,否,	,,609.9	,0.0	,0.0	,60.0	,0.0	,0.0	,0.0	,0.0	,549.9	,609.9	,	,	,****,****,****,****,,否,否,	,	,	,否,	,	,	,	,	,	,	,	,	,	,	,	,否,否,	,否,	,,	,否,	,否,,,否
VIOMI云米净水器小海豚600G+升级版厨下式RO反渗透直饮家用,260121-627929290341718,已发货，待收货,1	,正常,2026-01-21 11:58:33,2026-01-22 11:58:33,,2026-01-21 18:00:04,	,852161740747	,小海豚600G+升级版,1835709207960	,厨房电器,净水器/净水设备及配件耗材,净水器,	,6923185653684	,	,	,	,无售后或售后取消,,2026-01-21 11:58:33,	,,,,,,,否,否,	,否,	,,559.0	,0.0	,0.0	,60.0	,0.0	,0.0	,0.0	,0.0	,499.0	,559.0	,JDV025253527419,京东大件物流,江西省,九江市,瑞昌市,,,否,否,	,	,	,否,	,	,	,	,	,	,	,	,	,	,	,	,否,否,	,否,否,,	,否,	,否,,,否
云米AI燃气热水器 智控恒温防冻节能安全水质净化精准控温13L强排,260121-454075358830189,已收货,1	,正常,2026-01-21 11:56:49,2026-01-22 11:56:49,,2026-01-21 18:50:56,2026-01-24 13:14:09,774960777953	,智控恒温燃气热水器,1756760299679	,大家电,热水器,燃气热水器,	,6923185655688	,6923185655688	,	,	,无售后或售后取消,,2026-01-21 11:56:49,	,,,,,,,否,否,	,否,	,,529.0	,0.0	,0.0	,60.0	,0.0	,0.0	,0.0	,0.0	,469.0	,529.0	,JDV025257695002,京东配送,****,****,****,****,,否,否,	,	,	,否,	,	,	,	,	,	,	,	,	,	,	,	,否,否,	,否,否,,	,否,	,否,,,否
VIOMI云米净水器小海豚600G+升级版厨下式RO反渗透直饮家用,260121-148583226981718,已取消,1	,正常,	,	,,	,	,852161740747	,小海豚600G+升级版,1835709207960	,厨房电器,净水器/净水设备及配件耗材,净水器,	,6923185653684	,	,	,	,无售后或售后取消,,	,	,,,,,,,否,否,	,否,	,,559.0	,0.0	,0.0	,60.0	,0.0	,0.0	,0.0	,0.0	,499.0	,559.0	,	,	,****,****,****,****,,否,否,	,	,	,否,	,	,	,	,	,	,	,	,	,	,	,	,否,否,	,否,	,,	,否,	,否,,,否
云米小厨宝6L电热水器厨房卫生间出水恒温储水式小型速热神器加热,260121-369528738131891,已收货,1	,正常,2026-01-21 11:46:40,2026-01-22 11:46:40,,2026-01-21 18:00:05,2026-01-24 10:35:41,208073193570	,热水即刻有-【6L】,1801828025682	,大家电,热水器,厨宝,	,6923185611233	,6923185611233	,	,	,无售后或售后取消,,2026-01-21 11:46:40,	,,,,,,,否,否,	,否,	,,239.0	,0.0	,0.0	,0.0	,0.0	,0.0	,0.0	,0.0	,239.0	,239.0	,JDV025250530105,京东大件物流,****,****,****,****,,否,否,	,	,	,否,	,	,	,	,	,	,	,	,	,	,	,	,否,否,	,否,否,,	,否,	,否,,,否
VIOMI云米净水器小海豚600G+升级版厨下式RO反渗透直饮家用,260121-308218437270837,已发货，待收货,1	,正常,2026-01-21 11:43:30,2026-01-22 11:43:30,,2026-01-22 09:05:23,	,852161740747	,小海豚600G+升级版,1835709207960	,厨房电器,净水器/净水设备及配件耗材,净水器,	,6923185653684	,	,	,	,无售后或售后取消,,2026-01-21 11:43:30,	,,,,,,,否,否,	,否,	,,559.0	,0.0	,0.0	,83.0	,0.0	,0.0	,0.0	,0.0	,476.0	,559.0	,JDV025257597080,京东大件物流,广东省,肇庆市,德庆县,,,否,否,	,	,	,否,	,	,	,	,	,	,	,	,	,	,	,	,否,否,	,否,否,,	,否,	,否,,,否
新品首发 Viomi云米 小海豚3上市RO净水器5年长效反渗透净水器,260121-179705035073659,已发货，待收货,1	,正常,2026-01-21 11:38:53,2026-01-22 11:38:53,	,2026-01-22 09:05:23,	,862873034610	,小海豚3+1支复合滤芯（包安装）,1825244823452	,厨房电器,净水器/净水设备及配件耗材,净水器,	,S2512250944002,	,	,	,无售后或售后取消,,2026-01-21 11:38:53,	,,,,,,,否,否,	,否,	,,609.9	,0.0	,0.0	,60.0	,0.0	,0.0	,0.0	,0.0	,549.9	,609.9	,JDV025257737967,京东大件物流,福建省,泉州市,丰泽区,,,否,否,	,	,	,否,	,	,	,	,	,	,	,	,	,	,	,	,否,否,	,否,否,,	,否,	,否,,,否
云米小厨宝6L电热水器厨房卫生间出水恒温储水式小型速热神器加热,260121-124119979522521,已取消,1	,正常,	,	,,	,	,208073193570	,热水即刻有-【6L】,1801828025682	,大家电,热水器,厨宝,	,6923185611233	,6923185611233	,	,	,无售后或售后取消,,	,	,,,,,,,否,否,	,否,	,,239.0	,0.0	,0.0	,0.0	,0.0	,0.0	,0.0	,0.0	,239.0	,239.0	,	,	,****,****,****,****,,否,否,	,	,	,否,	,	,	,	,	,	,	,	,	,	,	,	,否,否,	,否,	,,	,否,	,否,,,否
云米AI燃气热水器 智控恒温防冻节能安全水质净化精准控温13L强排,260121-515605818971941,已收货,1	,正常,2026-01-21 11:34:08,2026-01-22 11:34:08,,2026-01-21 18:00:05,2026-01-24 20:17:18,774960777953	,智控恒温燃气热水器,1756760299679	,大家电,热水器,燃气热水器,	,6923185655688	,6923185655688	,	,	,无售后或售后取消,,2026-01-21 11:34:08,	,,,,,,,否,否,	,否,	,,529.0	,0.0	,0.0	,26.45	,1.0	,0.0	,0.0	,0.0	,502.55	,529.0	,JDV025251545581,京东大件物流,****,****,****,****,,否,否,	,	,	,否,	,	,	,	,	,	,	,	,	,	,	,	,否,否,	,否,否,,	,否,	,否,,,否
云米小厨宝6L电热水器厨房卫生间出水恒温储水式小型速热神器加热,260121-105025421602593,已发货，待收货,1	,正常,2026-01-21 11:30:20,2026-01-22 11:30:20,,2026-01-21 18:00:05,	,208073193570	,热水即刻有-【6L】,1801828025682	,大家电,热水器,厨宝,	,6923185611233	,6923185611233	,	,	,无售后或售后取消,,2026-01-21 11:30:20,	,,,,,,,否,否,	,否,	,,239.0	,0.0	,0.0	,20.0	,0.0	,0.0	,0.0	,0.0	,219.0	,239.0	,JDV025251339562,京东大件物流,山东省,菏泽市,成武县,,,否,否,	,	,	,否,	,	,	,	,	,	,	,	,	,	,	,	,否,否,	,否,否,,	,否,	,否,,,否
云米电热水器家用洗澡租房储水式速热抑菌安全节能省电卫生间40升,260121-616237647463851,已取消,1	,正常,	,	,,	,	,227645754240	,"速热抑菌洗-40L,全国联保送货上门安装8年质保",1645458252843	,大家电,热水器,电热水器,	,6923185681281	,	,	,	,无售后或售后取消,,	,	,,,,,,,否,否,	,否,	,,467.0	,0.0	,0.0	,0.0	,0.0	,0.0	,0.0	,0.0	,467.0	,467.0	,	,	,****,****,****,****,,否,否,	,	,	,否,	,	,	,	,	,	,	,	,	,	,	,	,否,否,	,否,	,,	,否,	,否,,,否
Viomi云米净水器1000G厨下式RO反渗透直饮过滤器净饮小海豚2,260121-391087398423713,已发货，待收货,1	,正常,2026-01-21 11:15:08,2026-01-22 11:15:08,,2026-01-21 19:53:03,	,205458105137	,小海豚2包安装1000G大加仑,1802849942800	,厨房电器,净水器/净水设备及配件耗材,净水器,	,6923185654865	,	,	,	,无售后或售后取消,,2026-01-21 11:15:08,	,,,,,,,否,否,	,否,	,,999.0	,0.0	,100.0	,100.0	,0.0	,0.0	,0.0	,0.0	,799.0	,899.0	,JDV025257654556,京东配送,四川省,成都市,武侯区,,,否,否,	,	,	,否,	,	,	,	,	,	,	,	,	,	,	,	,否,否,	,否,是,3	,商家,否,	,否,,信用卡分期,否
云米AI燃气热水器 智控恒温防冻节能安全水质净化精准控温13L强排,260121-500726546732047,已取消,1	,正常,	,	,,	,	,774960777953	,智控恒温燃气热水器,1756760299679	,大家电,热水器,燃气热水器,	,6923185655688	,6923185655688	,	,	,无售后或售后取消,,	,	,,,,,,,否,否,	,否,	,,529.0	,0.0	,0.0	,0.0	,0.0	,0.0	,0.0	,0.0	,529.0	,529.0	,	,	,****,****,****,****,,否,否,	,	,	,否,	,	,	,	,	,	,	,	,	,	,	,	,否,否,	,否,	,,	,否,	,否,,,否
云米净水器600G小海豚升级版厨下式RO反渗透直饮家用,260121-167709315501299,待发货,1	,正常,2026-01-21 10:53:49,2026-03-23 10:53:50,,	,	,852932116812	,小海豚600G+6年滤芯套装,1812983769340	,厨房电器,净水器/净水设备及配件耗材,净水器,	,S2508151538001,	,	,	,无售后或售后取消,,2026-01-21 10:53:50,	,,,,,,,否,否,	,否,	,,772.0	,0.0	,0.0	,100.0	,0.0	,0.0	,0.0	,0.0	,672.0	,772.0	,	,	,广东省,揭阳市,惠来县,,,否,否,	,	,	,否,	,	,	,	,	,	,	,	,	,	,	,	,否,否,	,否,否,,	,否,	,否,,,否
云米AI燃气热水器 智控恒温防冻节能安全水质净化精准控温13L强排,260121-653954915950189,已取消,1	,正常,	,	,,	,	,774960777953	,智控恒温燃气热水器,1756760299679	,大家电,热水器,燃气热水器,	,6923185655688	,6923185655688	,	,	,无售后或售后取消,,	,	,,,,,,,否,否,	,否,	,,529.0	,0.0	,0.0	,60.0	,0.0	,0.0	,0.0	,0.0	,469.0	,529.0	,	,	,****,****,****,****,,否,否,	,	,	,否,	,	,	,	,	,	,	,	,	,	,	,	,否,否,	,否,	,,	,否,	,否,,,否
VIOMI云米净水器小海豚600G+升级版厨下式RO反渗透直饮家用,260121-633203617303462,已发货，待收货,1	,正常,2026-01-21 10:47:57,2026-01-22 10:47:57,,2026-01-21 18:00:05,	,852161740747	,小海豚600G+升级版,1835709207960	,厨房电器,净水器/净水设备及配件耗材,净水器,	,6923185653684	,	,	,	,无售后或售后取消,,2026-01-21 10:47:57,	,,,,,,,否,否,	,否,	,,559.0	,0.0	,0.0	,60.0	,5.0	,0.0	,0.0	,0.0	,499.0	,559.0	,JDV025250578846,京东大件物流,山东省,菏泽市,牡丹区,,,否,否,	,	,	,否,	,	,	,	,	,	,	,	,	,	,	,	,否,否,	,否,否,,	,否,	,否,,,否
VIOMI云米净水器小海豚600G+升级版厨下式RO反渗透直饮家用,260121-190589233500627,已取消,1	,正常,	,	,,	,	,852161740747	,小海豚600G+升级版,1835709207960	,厨房电器,净水器/净水设备及配件耗材,净水器,	,6923185653684	,	,	,	,无售后或售后取消,,	,	,,,,,,,否,否,	,否,	,,559.0	,0.0	,0.0	,0.0	,0.0	,0.0	,0.0	,0.0	,559.0	,559.0	,	,	,****,****,****,****,,否,否,	,	,	,否,	,	,	,	,	,	,	,	,	,	,	,	,否,否,	,否,	,,	,否,	,否,,,否
VIOMI云米净水器600G小蓝调厨下式RO反渗透直饮家用6年长效,260121-366225723762588,已取消,1	,正常,	,	,,	,	,850883552953	,RO反渗透除去重金属,1811278299045	,厨房电器,净水器/净水设备及配件耗材,净水器,	,6923185653592	,6923185653592	,	,	,无售后或售后取消,,	,	,,,,,,,否,否,	,否,	,,749.0	,0.0	,50.0	,0.0	,0.0	,0.0	,0.0	,0.0	,699.0	,699.0	,	,	,****,****,****,****,,否,否,	,	,	,否,	,	,	,	,	,	,	,	,	,	,	,	,否,否,	,否,	,,	,否,	,否,,,否
VIOMI云米 复合滤芯五合一,260121-206915530361316,已发货，待收货,1	,正常,2026-01-21 10:32:19,2026-01-23 10:32:20,,2026-01-21 14:17:36,	,872941778883	,小海豚3(600G)适用,1830647583079	,厨房电器,净水器/净水设备及配件耗材,净水器配件耗材,	,6923185657347	,	,到手价99一支 [viomi小仙女 01/21 10:34],	,无售后或售后取消,,2026-01-21 10:32:20,	,,,,,,,否,否,	,否,	,,298.0	,0.0	,0.0	,0.0	,0.0	,0.0	,0.0	,0.0	,298.0	,298.0	,JDV025250946577,京东大件物流,上海市,上海市,宝山区,,,否,否,	,	,	,否,	,	,	,	,	,	,	,	,	,	,	,	,否,否,	,否,否,,	,否,	,否,,,否
新品首发 Viomi云米 小海豚3上市RO净水器5年长效反渗透净水器,260121-433460354681316,已收货,1	,正常,2026-01-21 10:30:16,2026-01-22 10:30:17,,2026-01-21 14:17:36,2026-01-23 15:15:50,862873034610	,小海豚3（原装滤芯）（包安装）,1825244823454	,厨房电器,净水器/净水设备及配件耗材,净水器,	,6923185605867	,	,	,	,无售后或售后取消,,2026-01-21 10:30:17,	,,,,,,,否,否,	,否,	,,498.9	,0.0	,0.0	,25.0	,0.0	,0.0	,0.0	,0.0	,473.9	,498.9	,JDV025250945075,京东大件物流,****,****,****,****,,否,否,	,	,	,否,	,	,	,	,	,	,	,	,	,	,	,	,否,否,	,否,否,,	,否,	,否,,,否
新品首发 Viomi云米 小海豚3上市RO净水器5年长效反渗透净水器,260121-059192153650032,已收货,1	,正常,2026-01-21 10:24:25,2026-01-22 10:24:25,,2026-01-21 14:17:36,2026-01-26 09:38:48,862873034610	,小海豚3（原装滤芯）（包安装）,1825244823454	,厨房电器,净水器/净水设备及配件耗材,净水器,	,6923185605867	,	,晒单延保已登记1.26米锋,	,无售后或售后取消,,2026-01-21 10:24:25,	,,,,,,,否,否,	,否,	,,498.9	,0.0	,0.0	,49.89	,0.0	,0.0	,0.0	,0.0	,449.01	,498.9	,JDV025250957611,京东大件物流,****,****,****,****,,否,否,	,	,	,否,	,	,	,	,	,	,	,	,	,	,	,	,否,否,	,否,否,,	,否,	,否,,,否
云米小厨宝6L电热水器厨房卫生间出水恒温储水式小型速热神器加热,260121-197310574093574,已发货，待收货,1	,正常,2026-01-21 10:19:25,2026-01-22 10:19:25,,2026-01-21 14:17:36,	,208073193570	,热水即刻有-【6L】,1801828025682	,大家电,热水器,厨宝,	,6923185611233	,6923185611233	,	,	,无售后或售后取消,,2026-01-21 10:19:25,	,,,,,,,否,否,	,否,	,,239.0	,0.0	,0.0	,0.0	,0.0	,0.0	,0.0	,0.0	,239.0	,239.0	,JDV025250925894,京东大件物流,福建省,泉州市,惠安县,,,否,否,	,	,	,否,	,	,	,	,	,	,	,	,	,	,	,	,否,否,	,否,否,,	,否,	,否,,,否
云米23立方油烟机燃气灶套装家用厨房顶侧大吸力油烟机5.0KW灶具,260121-238257456771387,已取消,1	,正常,	,	,,	,	,209837375742	,"【烟灶联动】瞬吸烟机+5.0KW灶,天然气",1792607150009	,大家电,厨房大电,烟灶消套装,	,S2409261034001,	,	,	,无售后或售后取消,,	,	,,,,,,,否,否,	,否,	,,1399.0	,0.0	,0.0	,3.0	,0.0	,0.0	,0.0	,0.0	,1396.0	,1399.0	,	,	,****,****,****,****,,否,否,	,	,	,否,	,	,	,	,	,	,	,	,	,	,	,	,否,否,	,否,	,,	,否,	,否,,,否
云米净水器600G小海豚升级版厨下式RO反渗透直饮家用,260121-078622298502331,已发货，待收货,1	,正常,2026-01-21 10:06:12,2026-01-22 10:06:12,,2026-01-21 14:17:36,	,852932116812	,小海豚600G+6年滤芯套装,1812983769340	,厨房电器,净水器/净水设备及配件耗材,净水器,	,S2508151538001,	,	,	,无售后或售后取消,,2026-01-21 10:06:12,	,,,,,,,否,否,	,否,	,,772.0	,0.0	,36.0	,24.0	,0.0	,0.0	,0.0	,0.0	,712.0	,736.0	,JDV025251689724,京东大件物流,江苏省,连云港市,东海县,,,否,否,	,	,	,否,	,	,	,	,	,	,	,	,	,	,	,	,否,否,	,否,否,,	,否,	,否,,,否
VIOMI 云米净水器600G小海豚升级版厨下式RO反渗透直饮家用,260121-364988372620681,已取消,1	,正常,	,	,,	,	,225501370546	,小海豚600G,1813468330532	,厨房电器,净水器/净水设备及配件耗材,净水器,	,6923185653684	,6923185616399	,	,	,无售后或售后取消,,	,	,,,,,,,否,否,	,否,	,,619.0	,0.0	,0.0	,0.0	,0.0	,0.0	,0.0	,0.0	,619.0	,619.0	,	,	,****,****,****,****,,否,否,	,	,	,否,	,	,	,	,	,	,	,	,	,	,	,	,否,否,	,否,	,,	,否,	,否,,,否
云米小厨宝6L电热水器厨房卫生间出水恒温储水式小型速热神器加热,260121-476242265730489,已发货，待收货,1	,正常,2026-01-21 09:45:15,2026-01-22 09:45:15,,2026-01-21 14:17:36,	,208073193570	,热水即刻有-【6L】,1801828025682	,大家电,热水器,厨宝,	,6923185611233	,6923185611233	,	,	,无售后或售后取消,,2026-01-21 09:45:15,	,,,,,,,否,否,	,否,	,,239.0	,0.0	,0.0	,0.0	,0.0	,0.0	,0.0	,0.0	,239.0	,239.0	,JDV025247704192,京东大件物流,山东省,济南市,天桥区,,,否,否,	,	,	,否,	,	,	,	,	,	,	,	,	,	,	,	,否,否,	,否,否,,	,否,	,否,,,否
云米小厨宝6L电热水器厨房卫生间出水恒温储水式小型速热神器加热,260121-496563710281694,已收货,1	,正常,2026-01-21 09:33:27,2026-01-22 09:33:27,,2026-01-21 14:17:36,2026-01-23 10:46:51,208073193570	,热水即刻有-【6L】,1801828025682	,大家电,热水器,厨宝,	,6923185611233	,6923185611233	,	,	,无售后或售后取消,,2026-01-21 09:33:27,	,,,,,,,否,否,	,否,	,,239.0	,0.0	,0.0	,20.0	,1.09	,0.0	,0.0	,0.0	,219.0	,239.0	,JDV025251726760,京东大件物流,****,****,****,****,,否,否,	,	,	,否,	,	,	,	,	,	,	,	,	,	,	,	,否,否,	,否,否,,	,否,	,否,,,否
云米智能电热水器小蓝调节能变频速热家用浴室洗澡抑菌50L/60L,260121-421915532854007,已发货，待收货,1	,正常,2026-01-21 09:32:31,2026-01-22 09:32:31,,2026-01-21 14:17:36,	,434684719975	,安全保护8倍增容大水量60L,1733881750462	,大家电,热水器,电热水器,	,6923185649083	,	,	,	,无售后或售后取消,,2026-01-21 09:32:31,	,,,,,,,否,否,	,否,	,,699.0	,0.0	,0.0	,20.0	,0.0	,0.0	,0.0	,0.0	,679.0	,699.0	,JDV025250953651,京东大件物流,福建省,厦门市,湖里区,,,否,否,	,	,	,否,	,	,	,	,	,	,	,	,	,	,	,	,否,否,	,否,否,,	,否,	,否,,,否
云米AI燃气热水器 智控恒温防冻节能安全水质净化精准控温13L强排,260121-539555336551586,未发货，退款成功,1	,正常,2026-01-21 09:31:41,2026-02-21 09:31:41,,	,	,774960777953	,智控恒温燃气热水器,1756760299679	,大家电,热水器,燃气热水器,	,6923185655688	,6923185655688	,聚水潭已取消发货 已退款==TH2C733877819此单未发货，OFC已取消发货1.22丹丹,	,退款成功,,2026-01-21 09:31:41,	,,,,,,,否,否,	,否,	,,529.0	,0.0	,0.0	,52.9	,0.0	,0.0	,0.0	,0.0	,476.1	,529.0	,	,	,****,****,****,****,,否,否,	,	,	,否,	,	,	,	,	,	,	,	,	,	,	,	,否,否,	,否,否,,	,否,	,否,,,否
VIOMI云米净水器小海豚600G+升级版厨下式RO反渗透直饮家用,260121-650117179810548,已发货，待收货,1	,正常,2026-01-21 09:22:46,2026-01-22 09:22:47,,2026-01-21 18:00:06,	,852161740747	,小海豚600G+升级版,1835709207960	,厨房电器,净水器/净水设备及配件耗材,净水器,	,6923185653684	,	,	,	,无售后或售后取消,,2026-01-21 09:22:47,	,,,,,,,否,否,	,否,	,,559.0	,0.0	,0.0	,60.0	,0.0	,0.0	,0.0	,0.0	,499.0	,559.0	,JDV025249006933,京东大件物流,吉林省,长春市,南关区,,,否,否,	,	,	,否,	,	,	,	,	,	,	,	,	,	,	,	,否,否,	,否,否,,	,否,	,否,,,否
云米电热水器50/60升洗澡家用浴室速热大容量省电防漏电安全保温,260121-294251477400372,已发货，待收货,1	,正常,2026-01-21 09:19:56,2026-01-22 09:19:56,,2026-01-21 14:41:14,	,436320010098	,"速热长效保温安全电热水器,50L【2-3人】",1756921788832	,大家电,热水器,电热水器,	,6923185614920	,6923185614920	,	,	,无售后或售后取消,,2026-01-21 09:19:56,	,,,,,,,否,否,	,否,	,,486.0	,0.0	,0.0	,63.18	,0.0	,0.0	,0.0	,0.0	,422.82	,486.0	,JDLD12971441597,京东大件物流,湖北省,荆门市,钟祥市,,,否,否,	,	,	,否,	,	,	,	,	,	,	,	,	,	,	,	,否,否,	,否,否,,	,否,	,否,,,否
新品首发 Viomi云米 小海豚3上市RO净水器5年长效反渗透净水器,260121-633591642510696,已收货,1	,正常,2026-01-21 09:19:04,2026-01-22 09:19:05,,2026-01-21 14:17:36,2026-01-25 12:19:11,862873034610	,小海豚3（原装滤芯）（包安装）,1825244823454	,厨房电器,净水器/净水设备及配件耗材,净水器,	,6923185605867	,	,	,	,无售后或售后取消,,2026-01-21 09:19:05,	,,,,,,,否,否,	,否,	,,498.9	,0.0	,0.0	,0.0	,0.0	,0.0	,0.0	,0.0	,498.9	,498.9	,JDV025250946783,京东大件物流,****,****,****,****,,否,否,	,	,	,否,	,	,	,	,	,	,	,	,	,	,	,	,否,否,	,否,否,,	,否,	,否,,,否
云米净水器600G小海豚升级版厨下式RO反渗透直饮家用,260121-599041052963483,已取消,1	,正常,	,	,,	,	,852932116812	,小海豚600G+6年滤芯套装,1812983769340	,厨房电器,净水器/净水设备及配件耗材,净水器,	,S2508151538001,	,	,	,无售后或售后取消,,	,	,,,,,,,否,否,	,否,	,,772.0	,0.0	,36.0	,24.0	,0.0	,0.0	,0.0	,0.0	,712.0	,736.0	,	,	,****,****,****,****,,否,否,	,	,	,否,	,	,	,	,	,	,	,	,	,	,	,	,否,否,	,否,	,,	,否,	,否,,,否
新品首发 Viomi云米 小海豚3上市RO净水器5年长效反渗透净水器,260121-042918295950696,未发货，退款成功,1	,正常,2026-01-21 09:15:05,2026-01-22 09:15:06,,	,	,862873034610	,小海豚3（原装滤芯）（包安装）,1825244823454	,厨房电器,净水器/净水设备及配件耗材,净水器,	,6923185605867	,	,聚水潭已取消发货 已退款1.21丹丹,	,退款成功,,2026-01-21 09:15:06,	,,,,,,,否,否,	,否,	,,498.9	,0.0	,0.0	,0.0	,0.0	,0.0	,0.0	,0.0	,498.9	,498.9	,	,	,****,****,****,****,,否,否,	,	,	,否,	,	,	,	,	,	,	,	,	,	,	,	,否,否,	,否,否,,	,否,	,否,,,否
VIOMI云米净水器小海豚600G+升级版厨下式RO反渗透直饮家用,260121-069331894643946,已取消,1	,正常,	,	,,	,	,852161740747	,小海豚600G+升级版,1835709207960	,厨房电器,净水器/净水设备及配件耗材,净水器,	,6923185653684	,	,	,	,无售后或售后取消,,	,	,,,,,,,否,否,	,否,	,,559.0	,0.0	,0.0	,0.0	,0.0	,0.0	,0.0	,0.0	,559.0	,559.0	,	,	,****,****,****,****,,否,否,	,	,	,否,	,	,	,	,	,	,	,	,	,	,	,	,否,否,	,否,	,,	,否,	,否,,,否
云米小厨宝6L电热水器厨房卫生间出水恒温储水式小型速热神器加热,260121-321346618892601,已发货，待收货,1	,正常,2026-01-21 08:55:57,2026-01-22 08:55:57,	,2026-01-21 14:17:36,	,208073193570	,热水即刻有-【6L】,1801828025682	,大家电,热水器,厨宝,	,6923185611233	,6923185611233	,	,	,无售后或售后取消,,2026-01-21 08:55:57,	,,,,,,,否,否,	,否,	,,239.0	,0.0	,0.0	,16.73	,0.0	,0.0	,0.0	,0.0	,222.27	,239.0	,JDV025250946873,京东大件物流,福建省,厦门市,集美区,,,否,否,	,	,	,否,	,	,	,	,	,	,	,	,	,	,	,	,否,否,	,否,否,,	,否,	,否,,,否
VIOMI云米净水器小海豚600G+升级版厨下式RO反渗透直饮家用,260121-567426476340257,已取消,1	,正常,	,	,,	,	,852161740747	,小海豚600G+升级版,1835709207960	,厨房电器,净水器/净水设备及配件耗材,净水器,	,6923185653684	,	,	,	,无售后或售后取消,,	,	,,,,,,,否,否,	,否,	,,559.0	,0.0	,0.0	,3.0	,0.0	,0.0	,0.0	,0.0	,556.0	,559.0	,	,	,****,****,****,****,,否,否,	,	,	,否,	,	,	,	,	,	,	,	,	,	,	,	,否,否,	,否,	,,	,否,	,否,,,否
VIOMI云米净水器小海豚600G+升级版厨下式RO反渗透直饮家用,260121-397588611383084,未发货，退款成功,1	,正常,2026-01-21 08:49:06,2026-01-22 08:49:06,,	,	,852161740747	,小海豚600G+升级版,1835709207960	,厨房电器,净水器/净水设备及配件耗材,净水器,	,6923185653684	,	, ZX2601210064127拦截==TH2C213648221待拦截成功后填写单号1.21丹丹 已产生退回单号JDV025264635056---TH2C213648221已填写单号，待入库1.22丹丹,	,退款成功,,2026-01-21 08:49:06,	,,,,,,,否,否,	,否,	,,559.0	,0.0	,0.0	,100.0	,0.0	,0.0	,0.0	,0.0	,459.0	,559.0	,	,	,****,****,****,****,,否,否,	,	,	,否,	,	,	,	,	,	,	,	,	,	,	,	,否,否,	,否,否,,	,否,	,否,,,否
VIOMI云米净水器小海豚600G+升级版厨下式RO反渗透直饮家用,260121-579401214301746,已收货,1	,正常,2026-01-21 08:48:01,2026-01-22 08:48:01,,2026-01-21 14:17:38,2026-01-22 16:09:10,852161740747	,小海豚600G+升级版,1835709207960	,厨房电器,净水器/净水设备及配件耗材,净水器,	,6923185653684	,	,	,	,无售后或售后取消,,2026-01-21 08:48:01,	,,,,,,,否,否,	,否,	,,559.0	,0.0	,0.0	,5.0	,1.1	,0.0	,0.0	,0.0	,554.0	,559.0	,JDV025247404277,京东大件物流,****,****,****,****,,否,否,	,	,	,否,	,	,	,	,	,	,	,	,	,	,	,	,否,否,	,否,否,,	,否,	,否,,,否
云米AI燃气热水器 智控恒温防冻节能安全水质净化精准控温13L强排,260121-130285648304067,已取消,1	,正常,	,	,,	,	,774960777953	,智控恒温燃气热水器,1756760299679	,大家电,热水器,燃气热水器,	,6923185655688	,6923185655688	,	,	,无售后或售后取消,,	,	,,,,,,,否,否,	,否,	,,529.0	,0.0	,0.0	,68.77	,0.0	,0.0	,0.0	,0.0	,460.23	,529.0	,	,	,****,****,****,****,,否,否,	,	,	,否,	,	,	,	,	,	,	,	,	,	,	,	,否,否,	,否,	,,	,否,	,否,,,否
新品首发 Viomi云米 小海豚3上市RO净水器5年长效反渗透净水器,260121-537604964663322,已发货，待收货,1	,正常,2026-01-21 08:25:31,2026-01-22 08:25:32,,2026-01-21 14:17:39,	,862873034610	,小海豚3（原装滤芯）（包安装）,1825244823454	,厨房电器,净水器/净水设备及配件耗材,净水器,	,6923185605867	,	,	,	,无售后或售后取消,,2026-01-21 08:25:32,	,,,,,,,否,否,	,否,	,,498.9	,0.0	,0.0	,0.0	,0.0	,0.0	,0.0	,0.0	,498.9	,498.9	,JDV025250942662,京东大件物流,山西省,太原市,迎泽区,,,否,否,	,	,	,否,	,	,	,	,	,	,	,	,	,	,	,	,否,否,	,否,否,,	,否,	,否,,,否
云米小厨宝6L电热水器厨房卫生间出水恒温储水式小型速热神器加热,260121-278921234032288,已发货，待收货,1	,正常,2026-01-21 08:17:46,2026-01-22 08:17:47,,2026-01-21 14:17:38,	,208073193570	,热水即刻有-【6L】,1801828025682	,大家电,热水器,厨宝,	,6923185611233	,6923185611233	,	,	,无售后或售后取消,,2026-01-21 08:17:47,	,,,,,,,否,否,	,否,	,,239.0	,0.0	,0.0	,5.0	,0.2	,0.0	,0.0	,0.0	,234.0	,239.0	,JDV025250924860,京东大件物流,福建省,漳州市,芗城区,,,否,否,	,	,	,否,	,	,	,	,	,	,	,	,	,	,	,	,否,否,	,否,否,,	,否,	,否,,,否
云米小厨宝6L电热水器厨房卫生间出水恒温储水式小型速热神器加热,260121-382531060041206,已取消,1	,正常,	,	,,	,	,208073193570	,热水即刻有-【6L】,1801828025682	,大家电,热水器,厨宝,	,6923185611233	,6923185611233	,	,	,无售后或售后取消,,	,	,,,,,,,否,否,	,否,	,,239.0	,0.0	,0.0	,0.0	,0.0	,0.0	,0.0	,0.0	,239.0	,239.0	,	,	,****,****,****,****,,否,否,	,	,	,否,	,	,	,	,	,	,	,	,	,	,	,	,否,否,	,否,	,,	,否,	,否,,,否
VIOMI云米净水器小海豚600G+升级版厨下式RO反渗透直饮家用,260121-396508567131793,已收货,1	,正常,2026-01-21 08:11:48,2026-01-22 08:11:49,,2026-01-21 14:17:38,2026-01-24 09:47:00,852161740747	,小海豚600G+升级版,1835709207960	,厨房电器,净水器/净水设备及配件耗材,净水器,	,6923185653684	,	,AZ2601220232927==1.22米锋,	,无售后或售后取消,,2026-01-21 08:11:49,	,,,,,,,否,否,	,否,	,,559.0	,0.0	,0.0	,60.0	,0.0	,0.0	,0.0	,0.0	,499.0	,559.0	,JDV025247437001,京东大件物流,****,****,****,****,,否,否,	,	,	,否,	,	,	,	,	,	,	,	,	,	,	,	,否,否,	,否,否,,	,否,	,否,,,否
云米净水器600G小海豚升级版厨下式RO反渗透直饮家用,260121-183039476121870,已取消,1	,正常,	,	,,	,	,852932116812	,小海豚600G+6年滤芯套装,1812983769340	,厨房电器,净水器/净水设备及配件耗材,净水器,	,S2508151538001,	,	,	,无售后或售后取消,,	,	,,,,,,,否,否,	,否,	,,772.0	,0.0	,0.0	,100.0	,0.0	,0.0	,0.0	,0.0	,672.0	,772.0	,	,	,****,****,****,****,,否,否,	,	,	,否,	,	,	,	,	,	,	,	,	,	,	,	,否,否,	,否,	,,	,否,	,否,,,否
云米AI燃气热水器 智控恒温防冻节能安全水质净化精准控温13L强排,260121-413610873122357,已取消,1	,正常,	,	,,	,	,774960777953	,智控恒温燃气热水器,1756760299679	,大家电,热水器,燃气热水器,	,6923185655688	,6923185655688	,	,	,无售后或售后取消,,	,	,,,,,,,否,否,	,否,	,,529.0	,0.0	,0.0	,50.0	,0.0	,0.0	,0.0	,0.0	,479.0	,529.0	,	,	,****,****,****,****,,否,否,	,	,	,否,	,	,	,	,	,	,	,	,	,	,	,	,否,否,	,否,	,,	,否,	,否,,,否
云米净水器600G小海豚升级版厨下式RO反渗透直饮家用,260121-510027415931431,已发货，待收货,1	,正常,2026-01-21 07:44:32,2026-01-22 07:44:32,,2026-01-21 14:17:39,	,852932116812	,小海豚600G+6年滤芯套装,1812983769340	,厨房电器,净水器/净水设备及配件耗材,净水器,	,S2508151538001,	,	,	,无售后或售后取消,,2026-01-21 07:44:32,	,,,,,,,否,否,	,否,	,,772.0	,0.0	,0.0	,92.64	,0.2	,0.0	,0.0	,0.0	,679.36	,772.0	,JDV025250935625,京东大件物流,广东省,广州市,增城区,,,否,否,	,	,	,否,	,	,	,	,	,	,	,	,	,	,	,	,否,否,	,否,否,,	,否,	,否,,,否
VIOMI云米净水器小海豚600G+升级版厨下式RO反渗透直饮家用,260121-258201362022695,已取消,1	,正常,	,	,,	,	,852161740747	,小海豚600G+升级版,1835709207960	,厨房电器,净水器/净水设备及配件耗材,净水器,	,6923185653684	,	,	,	,无售后或售后取消,,	,	,,,,,,,否,否,	,否,	,,559.0	,0.0	,0.0	,0.0	,0.0	,0.0	,0.0	,0.0	,559.0	,559.0	,	,	,****,****,****,****,,否,否,	,	,	,否,	,	,	,	,	,	,	,	,	,	,	,	,否,否,	,否,	,,	,否,	,否,,,否
VIOMI云米净水器小海豚600G+升级版厨下式RO反渗透直饮家用,260121-244706219634062,已发货，待收货,1	,正常,2026-01-21 07:12:12,2026-01-22 07:12:12,,2026-01-21 14:17:38,	,852161740747	,小海豚600G+升级版,1835709207960	,厨房电器,净水器/净水设备及配件耗材,净水器,	,6923185653684	,	,	,	,无售后或售后取消,,2026-01-21 07:12:12,	,,,,,,,否,否,	,否,	,,559.0	,0.0	,0.0	,0.0	,0.0	,0.0	,0.0	,0.0	,559.0	,559.0	,JDV025247560256,京东大件物流,吉林省,松原市,乾安县,,,否,否,	,	,	,否,	,	,	,	,	,	,	,	,	,	,	,	,否,否,	,否,否,,	,否,	,否,,,否
VIOMI云米净水器小海豚600G+升级版厨下式RO反渗透直饮家用,260121-501670254194062,已取消,1	,正常,	,	,,	,	,852161740747	,小海豚600G+升级版,1835709207960	,厨房电器,净水器/净水设备及配件耗材,净水器,	,6923185653684	,	,	,	,无售后或售后取消,,	,	,,,,,,,否,否,	,否,	,,559.0	,0.0	,0.0	,5.0	,0.0	,0.0	,0.0	,0.0	,554.0	,559.0	,	,	,****,****,****,****,,否,否,	,	,	,否,	,	,	,	,	,	,	,	,	,	,	,	,否,否,	,否,	,,	,否,	,否,,,否
VIOMI云米净水器小海豚600G+升级版厨下式RO反渗透直饮家用,260121-680169367853872,已取消,1	,正常,	,	,,	,	,852161740747	,小海豚600G+升级版,1835709207960	,厨房电器,净水器/净水设备及配件耗材,净水器,	,6923185653684	,	,	,	,无售后或售后取消,,	,	,,,,,,,否,否,	,否,	,,559.0	,0.0	,0.0	,0.0	,0.0	,0.0	,0.0	,0.0	,559.0	,559.0	,	,	,****,****,****,****,,否,否,	,	,	,否,	,	,	,	,	,	,	,	,	,	,	,	,否,否,	,否,	,,	,否,	,否,,,否
VIOMI云米净水器小海豚600G+升级版厨下式RO反渗透直饮家用,260121-021642668333872,已发货，待收货,1	,正常,2026-01-21 06:55:36,2026-01-22 06:55:36,,2026-01-21 14:17:38,	,852161740747	,小海豚600G+升级版,1835709207960	,厨房电器,净水器/净水设备及配件耗材,净水器,	,6923185653684	,	,	,	,无售后或售后取消,,2026-01-21 06:55:36,	,,,,,,,否,否,	,否,	,,559.0	,0.0	,0.0	,5.0	,0.0	,0.0	,0.0	,0.0	,554.0	,559.0	,JDV025247532382,京东大件物流,河北省,衡水市,景县,,,否,否,	,	,	,否,	,	,	,	,	,	,	,	,	,	,	,	,否,否,	,否,否,,	,否,	,否,,,否
VIOMI 云米净水器600G小海豚升级版厨下式RO反渗透直饮家用,260121-676289595022474,已发货，待收货,1	,正常,2026-01-21 06:00:48,2026-01-22 06:00:49,	,2026-01-21 14:17:39,	,225501370546	,小海豚600G,1813468330532	,厨房电器,净水器/净水设备及配件耗材,净水器,	,6923185653684	,6923185616399	,	,	,无售后或售后取消,,2026-01-21 06:00:49,	,,,,,,,否,否,	,否,	,,619.0	,0.0	,0.0	,92.85	,0.0	,0.0	,0.0	,0.0	,526.15	,619.0	,JDV025250942600,京东大件物流,广东省,汕头市,潮阳区,,,否,否,	,	,	,否,	,	,	,	,	,	,	,	,	,	,	,	,否,否,	,否,否,,	,否,	,否,,,否
云米AI燃气热水器 智控恒温防冻节能安全水质净化精准控温13L强排,260121-160117625223285,已发货，待收货,1	,正常,2026-01-21 05:41:19,2026-03-23 05:41:19,,2026-01-21 14:17:39,	,774960777953	,智控恒温燃气热水器,1756760299679	,大家电,热水器,燃气热水器,	,6923185655688	,6923185655688	,延发60天==1.21米锋 ZX2601210064121=已拦截1.21米锋,	,无售后或售后取消,,2026-01-21 05:41:19,	,,,,,,,否,否,	,否,	,,529.0	,0.0	,0.0	,52.9	,0.2	,0.0	,0.0	,0.0	,476.1	,529.0	,JDV025250942546,京东大件物流,安徽省,合肥市,新站综合开发试验区,,,否,否,	,	,	,否,	,	,	,	,	,	,	,	,	,	,	,	,否,否,	,否,否,,	,否,	,否,,,否
云米小厨宝6L电热水器厨房卫生间出水恒温储水式小型速热神器加热,260121-004173370883046,已发货，待收货,1	,正常,2026-01-21 05:32:08,2026-01-22 05:32:08,,2026-01-21 14:17:39,	,208073193570	,热水即刻有-【6L】,1801828025682	,大家电,热水器,厨宝,	,6923185611233	,6923185611233	,	,	,无售后或售后取消,,2026-01-21 05:32:08,	,,,,,,,否,否,	,否,	,,239.0	,0.0	,0.0	,20.0	,0.0	,0.0	,0.0	,0.0	,219.0	,239.0	,JDV025251706322,京东大件物流,湖北省,省直辖县级行政区划,仙桃市,,,否,否,	,	,	,否,	,	,	,	,	,	,	,	,	,	,	,	,否,否,	,否,否,,	,否,	,否,,,否
VIOMI 云米净水器600G小海豚升级版厨下式RO反渗透直饮家用,260121-035588749641509,已发货，待收货,1	,正常,2026-01-21 05:30:06,2026-01-22 05:30:06,,2026-01-21 14:17:38,	,225501370546	,小海豚600G,1813468330532	,厨房电器,净水器/净水设备及配件耗材,净水器,	,6923185653684	,6923185616399	,	,	,无售后或售后取消,,2026-01-21 05:30:06,	,,,,,,,否,否,	,否,	,,619.0	,0.0	,0.0	,80.0	,0.0	,0.0	,0.0	,0.0	,539.0	,619.0	,JDV025247540788,京东大件物流,山东省,济宁市,高新区,,,否,否,	,	,	,否,	,	,	,	,	,	,	,	,	,	,	,	,否,否,	,否,否,,	,否,	,否,,,否
云米小厨宝6L电热水器厨房卫生间出水恒温储水式小型速热神器加热,260121-200299015692601,已取消,1	,正常,	,	,,	,	,208073193570	,热水即刻有-【6L】,1801828025682	,大家电,热水器,厨宝,	,6923185611233	,6923185611233	,	,	,无售后或售后取消,,	,	,,,,,,,否,否,	,否,	,,239.0	,0.0	,0.0	,19.12	,0.0	,0.0	,0.0	,0.0	,219.88	,239.0	,	,	,****,****,****,****,,否,否,	,	,	,否,	,	,	,	,	,	,	,	,	,	,	,	,否,否,	,否,	,,	,否,	,否,,,否
VIOMI 云米净水器600G小海豚升级版厨下式RO反渗透直饮家用,260121-604241989971041,已发货，待收货,1	,正常,2026-01-21 05:07:35,2026-01-22 05:07:35,,2026-01-21 14:17:38,	,225501370546	,小海豚600G,1813468330532	,厨房电器,净水器/净水设备及配件耗材,净水器,	,6923185653684	,6923185616399	,	,	,无售后或售后取消,,2026-01-21 05:07:35,	,,,,,,,否,否,	,否,	,,619.0	,0.0	,0.0	,99.04	,1.03	,0.0	,0.0	,0.0	,519.96	,619.0	,JDV025247532365,京东大件物流,四川省,绵阳市,北川羌族自治县,,,否,否,	,	,	,否,	,	,	,	,	,	,	,	,	,	,	,	,否,否,	,否,否,,	,否,	,否,,,否
VIOMI 云米净水器600G小海豚升级版厨下式RO反渗透直饮家用,260121-034435295662373,已收货,1	,正常,2026-01-21 04:54:25,2026-01-22 04:54:26,,2026-01-21 14:17:38,2026-01-22 12:46:17,225501370546	,小海豚600G,1813468330532	,厨房电器,净水器/净水设备及配件耗材,净水器,	,6923185653684	,6923185616399	,	,	,无售后或售后取消,,2026-01-21 04:54:26,	,,,,,,,否,否,	,否,	,,619.0	,0.0	,0.0	,80.0	,0.0	,0.0	,0.0	,0.0	,539.0	,619.0	,JDV025247538367,京东大件物流,****,****,****,****,,否,否,	,	,	,否,	,	,	,	,	,	,	,	,	,	,	,	,否,否,	,否,否,,	,否,	,否,,,否
云米AI燃气热水器 智控恒温防冻节能安全水质净化精准控温13L强排,260121-577314548021438,已收货,1	,正常,2026-01-21 04:39:33,2026-01-22 04:39:34,,2026-01-21 14:17:39,2026-01-22 19:16:41,774960777953	,智控恒温燃气热水器,1756760299679	,大家电,热水器,燃气热水器,	,6923185655688	,6923185655688	,AZ2601220231896==1.22米锋,	,无售后或售后取消,,2026-01-21 04:39:34,	,,,,,,,否,否,	,否,	,,529.0	,0.0	,0.0	,43.0	,0.2	,0.0	,0.0	,0.0	,486.0	,529.0	,JDV025250969750,京东大件物流,****,****,****,****,,否,否,	,	,	,否,	,	,	,	,	,	,	,	,	,	,	,	,否,否,	,否,否,,	,否,	,否,,,否
VIOMI云米净水器小海豚600G+升级版厨下式RO反渗透直饮家用,260121-191386099242350,已取消,1	,正常,	,	,,	,	,852161740747	,小海豚600G+升级版,1835709207960	,厨房电器,净水器/净水设备及配件耗材,净水器,	,6923185653684	,	,	,	,无售后或售后取消,,	,	,,,,,,,否,否,	,否,	,,559.0	,0.0	,0.0	,0.0	,0.0	,0.0	,0.0	,0.0	,559.0	,559.0	,	,	,****,****,****,****,,否,否,	,	,	,否,	,	,	,	,	,	,	,	,	,	,	,	,否,否,	,否,	,,	,否,	,否,,,否
VIOMI云米净水器小海豚600G+升级版厨下式RO反渗透直饮家用,260121-354334830133250,已发货，待收货,1	,正常,2026-01-21 01:44:08,2026-01-22 01:44:08,,2026-01-21 14:17:38,	,852161740747	,小海豚600G+升级版,1835709207960	,厨房电器,净水器/净水设备及配件耗材,净水器,	,6923185653684	,	,	,	,无售后或售后取消,,2026-01-21 01:44:08,	,,,,,,,否,否,	,否,	,,559.0	,0.0	,0.0	,60.0	,0.0	,0.0	,0.0	,0.0	,499.0	,559.0	,JDV025250960060,京东大件物流,广东省,广州市,天河区,,,否,否,	,	,	,否,	,	,	,	,	,	,	,	,	,	,	,	,否,否,	,否,否,,	,否,	,否,,,否
云米顶侧大吸力蓝调油烟机家用厨房节能自清洁一级能效可挥手智控,260121-001352733040228,已发货，待收货,1	,正常,2026-01-21 01:22:33,2026-01-22 01:22:33,,2026-01-21 09:47:00,	,657344402006	,顶侧双吸智清洁挥手智控单烟机,1832827639759	,大家电,厨房大电,油烟机,	,6923185650973	,6923185650973	,	,	,无售后或售后取消,,2026-01-21 01:22:33,	,,,,,,,否,否,	,否,	,,849.0	,0.0	,0.0	,0.0	,0.0	,0.0	,0.0	,0.0	,849.0	,849.0	,JDV025245788090,京东大件物流,江苏省,苏州市,相城区,,,否,否,	,	,	,否,	,	,	,	,	,	,	,	,	,	,	,	,否,否,	,否,否,,	,否,	,否,,,否
云米60L速热电热水器3000W一级节能变频增容租房安全已接入米家AP,260121-039845937490100,已发货，待收货,1	,正常,2026-01-21 01:20:49,2026-01-22 01:20:49,,2026-01-21 09:46:59,	,208071231700	,双管变频速热60L,1660917678582	,大家电,热水器,电热水器,	,6923185602224	,6923185602224	,	,	,无售后或售后取消,,2026-01-21 01:20:49,	,,,,,,,否,否,	,否,	,,671.0	,0.0	,0.0	,3.0	,0.0	,0.0	,0.0	,0.0	,668.0	,671.0	,JDV025245635470,京东大件物流,浙江省,金华市,东阳市,,,否,否,	,	,	,否,	,	,	,	,	,	,	,	,	,	,	,	,否,否,	,否,否,,	,否,	,否,,,否
VIOMI云米净水器小海豚600G+升级版厨下式RO反渗透直饮家用,260121-526133511802115,已取消,1	,正常,	,	,,	,	,852161740747	,小海豚600G+升级版,1835709207960	,厨房电器,净水器/净水设备及配件耗材,净水器,	,6923185653684	,	,	,	,无售后或售后取消,,	,	,,,,,,,否,否,	,否,	,,559.0	,0.0	,0.0	,0.0	,0.0	,0.0	,0.0	,0.0	,559.0	,559.0	,	,	,****,****,****,****,,否,否,	,	,	,否,	,	,	,	,	,	,	,	,	,	,	,	,否,否,	,否,	,,	,否,	,否,,,否
VIOMI云米净水器小海豚600G+升级版厨下式RO反渗透直饮家用,260121-676509795983414,已发货，待收货,1	,正常,2026-01-21 01:09:10,2026-01-22 01:09:10,,2026-01-21 14:17:38,	,852161740747	,小海豚600G+升级版,1835709207960	,厨房电器,净水器/净水设备及配件耗材,净水器,	,6923185653684	,	,	,	,无售后或售后取消,,2026-01-21 01:09:10,	,,,,,,,否,否,	,否,	,,559.0	,0.0	,0.0	,60.0	,0.2	,0.0	,0.0	,0.0	,499.0	,559.0	,JDV025251713396,京东大件物流,浙江省,嘉兴市,秀洲区,,,否,否,	,	,	,否,	,	,	,	,	,	,	,	,	,	,	,	,否,否,	,否,否,,	,否,	,否,,,否
VIOMI云米净水器小海豚600G+升级版厨下式RO反渗透直饮家用,260121-448633321900343,已取消,1	,正常,	,	,,	,	,852161740747	,小海豚600G+升级版,1835709207960	,厨房电器,净水器/净水设备及配件耗材,净水器,	,6923185653684	,	,	,	,无售后或售后取消,,	,	,,,,,,,否,否,	,否,	,,559.0	,0.0	,0.0	,0.0	,0.0	,0.0	,0.0	,0.0	,559.0	,559.0	,	,	,****,****,****,****,,否,否,	,	,	,否,	,	,	,	,	,	,	,	,	,	,	,	,否,否,	,否,	,,	,否,	,否,,,否
VIOMI云米净水器小海豚600G+升级版厨下式RO反渗透直饮家用,260121-146863634781928,已发货，待收货,1	,正常,2026-01-21 00:48:10,2026-01-22 00:48:10,,2026-01-21 14:17:39,	,852161740747	,小海豚600G+升级版,1835709207960	,厨房电器,净水器/净水设备及配件耗材,净水器,	,6923185653684	,	,	,	,无售后或售后取消,,2026-01-21 00:48:10,	,,,,,,,否,否,	,否,	,,559.0	,0.0	,0.0	,100.0	,0.0	,0.0	,0.0	,0.0	,459.0	,559.0	,JDV025251717095,京东大件物流,安徽省,芜湖市,弋江区,,,否,否,	,	,	,否,	,	,	,	,	,	,	,	,	,	,	,	,否,否,	,否,否,,	,否,	,否,,,否
VIOMI 云米净水器600G小海豚升级版厨下式RO反渗透直饮家用,260121-449902036602620,已发货，待收货,1	,正常,2026-01-21 00:44:42,2026-01-22 00:44:42,,2026-01-21 14:17:38,	,225501370546	,小海豚600G,1813468330532	,厨房电器,净水器/净水设备及配件耗材,净水器,	,6923185653684	,6923185616399	,	,	,无售后或售后取消,,2026-01-21 00:44:42,	,,,,,,,否,否,	,否,	,,619.0	,0.0	,0.0	,100.0	,0.0	,0.0	,0.0	,0.0	,519.0	,619.0	,JDV025250942743,京东大件物流,广东省,潮州市,潮安区,,,否,否,	,	,	,否,	,	,	,	,	,	,	,	,	,	,	,	,否,否,	,否,否,,	,否,	,否,,,否
VIOMI 云米净水器600G小海豚升级版厨下式RO反渗透直饮家用,260121-676342033991925,已发货，待收货,1	,正常,2026-01-21 00:44:08,2026-01-22 00:44:08,,2026-01-21 14:17:39,	,225501370546	,小海豚600G,1813468330532	,厨房电器,净水器/净水设备及配件耗材,净水器,	,6923185653684	,6923185616399	,	,	,无售后或售后取消,,2026-01-21 00:44:08,	,,,,,,,否,否,	,否,	,,619.0	,0.0	,0.0	,92.85	,0.0	,0.0	,0.0	,0.0	,526.15	,619.0	,JDV025251689347,京东大件物流,河南省,许昌市,长葛市,,,否,否,	,	,	,否,	,	,	,	,	,	,	,	,	,	,	,	,否,否,	,否,否,,	,否,	,否,,,否
VIOMI云米净水器小海豚600G+升级版厨下式RO反渗透直饮家用,260121-227876596002744,未发货，退款成功,1	,正常,2026-01-21 00:43:14,2026-01-22 00:43:15,,	,	,852161740747	,小海豚600G+升级版,1835709207960	,厨房电器,净水器/净水设备及配件耗材,净水器,	,6923185653684	,	,聚水潭已取消发货 已退款1.21丹丹,	,退款成功,,2026-01-21 00:43:15,	,,,,,,,否,否,	,否,	,,559.0	,0.0	,0.0	,60.0	,0.0	,0.0	,0.0	,0.0	,499.0	,559.0	,	,	,****,****,****,****,,否,否,	,	,	,否,	,	,	,	,	,	,	,	,	,	,	,	,否,否,	,否,否,,	,否,	,否,,,否
云米AI燃气热水器 智控恒温防冻节能安全水质净化精准控温13L强排,260121-061320774003870,已取消,2	,正常,	,	,,	,	,774960777953	,智控恒温燃气热水器,1756760299679	,大家电,热水器,燃气热水器,	,6923185655688	,6923185655688	,	,	,无售后或售后取消,,	,	,,,,,,,否,否,	,否,	,,1058.0	,0.0	,52.9	,100.0	,0.0	,0.0	,0.0	,0.0	,905.1	,1005.1	,	,	,****,****,****,****,,否,否,	,	,	,否,	,	,	,	,	,	,	,	,	,	,	,	,否,否,	,否,	,,	,否,	,否,,,否
云米小厨宝6L电热水器厨房卫生间出水恒温储水式小型速热神器加热,260121-431489073591469,已取消,1	,正常,	,	,,	,	,208073193570	,热水即刻有-【6L】,1801828025682	,大家电,热水器,厨宝,	,6923185611233	,6923185611233	,	,	,无售后或售后取消,,	,	,,,,,,,否,否,	,否,	,,239.0	,0.0	,0.0	,47.8	,0.0	,0.0	,0.0	,0.0	,191.2	,239.0	,	,	,****,****,****,****,,否,否,	,	,	,否,	,	,	,	,	,	,	,	,	,	,	,	,否,否,	,否,	,,	,否,	,否,,,否
云米小厨宝6L电热水器厨房卫生间出水恒温储水式小型速热神器加热,260121-513592584631469,已发货，待收货,1	,正常,2026-01-21 00:13:47,2026-01-22 00:13:47,,2026-01-21 14:17:39,	,208073193570	,热水即刻有-【6L】,1801828025682	,大家电,热水器,厨宝,	,6923185611233	,6923185611233	,	,	,无售后或售后取消,,2026-01-21 00:13:47,	,,,,,,,否,否,	,否,	,,239.0	,0.0	,0.0	,47.8	,0.14	,0.0	,0.0	,0.0	,191.2	,239.0	,JDV025245816496,京东大件物流,江苏省,无锡市,新吴区,,,否,否,	,	,	,否,	,	,	,	,	,	,	,	,	,	,	,	,否,否,	,否,否,,	,否,	,否,,,否
VIOMI 云米净水器600G小海豚升级版厨下式RO反渗透直饮家用,260121-433481336363361,已发货，待收货,1	,正常,2026-01-21 00:06:16,2026-01-22 00:06:17,,2026-01-21 14:17:38,	,225501370546	,小海豚600G,1813468330532	,厨房电器,净水器/净水设备及配件耗材,净水器,	,6923185653684	,6923185616399	,七退 TH2C527487494 已审核，待用户提供寄回单号后上传ass 袁诺希1.23==ass已上传单号 1.24梓晖,	,售后处理中,,2026-01-21 00:06:17,	,,,,,,,否,否,	,否,	,,619.0	,0.0	,0.0	,100.0	,0.0	,0.0	,0.0	,0.0	,519.0	,619.0	,JDV025247545880,京东大件物流,河北省,邢台市,襄都区,,,否,否,	,	,	,否,	,	,	,	,	,	,	,	,	,	,	,	,否,否,	,否,否,,	,否,	,否,,,否
VIOMI云米净水器小海豚600G+升级版厨下式RO反渗透直饮家用,260121-247820480133994,未发货，退款成功,1	,正常,2026-01-21 00:05:20,2026-01-22 00:05:20,,	,	,852161740747	,小海豚600G+升级版,1835709207960	,厨房电器,净水器/净水设备及配件耗材,净水器,	,6923185653684	,	,ZX2601210064043拦截==TH2C196124196已撤销，库内拦截成功1.21丹丹,	,退款成功,,2026-01-21 00:05:20,	,,,,,,,否,否,	,否,	,,559.0	,0.0	,0.0	,60.0	,0.0	,0.0	,0.0	,0.0	,499.0	,559.0	,	,	,****,****,****,****,,否,否,	,	,	,否,	,	,	,	,	,	,	,	,	,	,	,	,否,否,	,否,否,,	,否,	,否,,,否
VIOMI云米净水器小海豚600G+升级版厨下式RO反渗透直饮家用,260121-411671007641647,已取消,1	,正常,	,	,,	,	,852161740747	,小海豚600G+升级版,1835709207960	,厨房电器,净水器/净水设备及配件耗材,净水器,	,6923185653684	,	,	,	,无售后或售后取消,,	,	,,,,,,,否,否,	,否,	,,559.0	,0.0	,0.0	,0.0	,0.0	,0.0	,0.0	,0.0	,559.0	,559.0	,	,	,****,****,****,****,,否,否,	,	,	,否,	,	,	,	,	,	,	,	,	,	,	,	,否,否,	,否,	,,	,否,	,否,,,否
VIOMI云米净水器小海豚600G+升级版厨下式RO反渗透直饮家用,260120-095315618220343,已取消,1	,正常,	,	,,	,	,852161740747	,小海豚600G+升级版,1835709207960	,厨房电器,净水器/净水设备及配件耗材,净水器,	,6923185653684	,	,	,	,无售后或售后取消,,	,	,,,,,,,否,否,	,否,	,,559.0	,0.0	,0.0	,0.0	,0.0	,0.0	,0.0	,0.0	,559.0	,559.0	,	,	,****,****,****,****,,否,否,	,	,	,否,	,	,	,	,	,	,	,	,	,	,	,	,否,否,	,否,	,,	,否,	,否,,,否
VIOMI云米 复合滤芯五合一,260120-465368574380343,已取消,1	,正常,	,	,,	,	,872941778883	,小蓝调600G+适用,1830543217503	,厨房电器,净水器/净水设备及配件耗材,净水器配件耗材,	,6923185627425	,	,	,	,无售后或售后取消,,	,	,,,,,,,否,否,	,否,	,,298.0	,0.0	,0.0	,0.0	,0.0	,0.0	,0.0	,0.0	,298.0	,298.0	,	,	,****,****,****,****,,否,否,	,	,	,否,	,	,	,	,	,	,	,	,	,	,	,	,否,否,	,否,	,,	,否,	,否,,,否
VIOMI云米净水器小海豚600G+升级版厨下式RO反渗透直饮家用,260120-610187363943413,已发货，退款成功,1	,正常,2026-01-20 23:36:58,2026-01-21 23:36:58,,2026-01-21 09:50:09,	,852161740747	,小海豚600G+升级版,1835709207960	,厨房电器,净水器/净水设备及配件耗材,净水器,	,6923185653684	,	,AZ2601240226417==1.24米锋   旧机拆卸（云米产品）报销30==1.25米锋,	,退款成功,,2026-01-20 23:36:58,	,,,,,,,否,否,	,否,	,,559.0	,0.0	,0.0	,60.0	,0.0	,0.0	,0.0	,0.0	,499.0	,559.0	,JDV025245646764,京东大件物流,福建省,福州市,永泰县,,,否,否,	,	,	,否,	,	,	,	,	,	,	,	,	,	,	,	,否,否,	,否,否,,	,否,	,否,,,否
VIOMI云米净水器小海豚600G+升级版厨下式RO反渗透直饮家用,260120-607177982262156,已发货，待收货,1	,正常,2026-01-20 23:36:19,2026-01-21 23:36:19,,2026-01-21 14:17:39,	,852161740747	,小海豚600G+升级版,1835709207960	,厨房电器,净水器/净水设备及配件耗材,净水器,	,6923185653684	,	,ZX2601230063023==物流 [viomi米小锂MKD 01/23 08:27]==已反馈重新发货 [viomi米小锂MKD 01/23 13:10]===HH2C642444679待发货1.24丹丹,	,无售后或售后取消,,2026-01-20 23:36:19,	,,,,,,,否,否,	,否,	,,559.0	,0.0	,0.0	,50.0	,0.0	,0.0	,0.0	,0.0	,509.0	,559.0	,JDV025243748673,京东大件物流,天津市,天津市,北辰区,,,否,否,	,	,	,否,	,	,	,	,	,	,	,	,	,	,	,	,否,否,	,否,否,,	,否,	,否,,,否
VIOMI云米净水器小海豚600G+升级版厨下式RO反渗透直饮家用,260120-685684856361696,已收货，退款成功,1	,正常,2026-01-20 23:25:26,2026-01-21 23:25:26,,2026-01-21 09:50:09,2026-01-23 10:30:39,852161740747	,小海豚600G+升级版,1835709207960	,厨房电器,净水器/净水设备及配件耗材,净水器,	,6923185653684	,	,直播间中奖10元 AZ2601220232279==1.22米锋 已核实差价10元，可退差价1.23丹丹,	,退款成功,,2026-01-20 23:25:26,	,,,,,,,否,否,	,否,	,,559.0	,0.0	,0.0	,60.0	,0.0	,0.0	,0.0	,0.0	,499.0	,559.0	,JDV025245631870,京东大件物流,****,****,****,****,,否,否,	,	,	,否,	,	,	,	,	,	,	,	,	,	,	,	,是,是,	,否,否,,	,否,	,否,,,否
VIOMI云米净水器小海豚600G+升级版厨下式RO反渗透直饮家用,260120-325645770281696,已取消,1	,正常,	,	,,	,	,852161740747	,小海豚600G+升级版,1835709207960	,厨房电器,净水器/净水设备及配件耗材,净水器,	,6923185653684	,	,	,	,无售后或售后取消,,	,	,,,,,,,否,否,	,否,	,,559.0	,0.0	,0.0	,0.0	,0.0	,0.0	,0.0	,0.0	,559.0	,559.0	,	,	,****,****,****,****,,否,否,	,	,	,否,	,	,	,	,	,	,	,	,	,	,	,	,是,否,	,否,	,,	,否,	,否,,,否
云米小厨宝6L电热水器厨房卫生间出水恒温储水式小型速热神器加热,260120-255726722601203,未发货，退款成功,1	,正常,2026-01-20 23:03:31,2026-01-21 23:03:31,,	,	,208073193570	,热水即刻有-【6L】,1801828025682	,大家电,热水器,厨宝,	,6923185611233	,6923185611233	,聚水潭已取消发货 已退款1.21丹丹,	,退款成功,,2026-01-20 23:03:31,	,,,,,,,否,否,	,否,	,,239.0	,0.0	,0.0	,25.0	,1.07	,0.0	,0.0	,0.0	,214.0	,239.0	,	,	,****,****,****,****,,否,否,	,	,	,否,	,	,	,	,	,	,	,	,	,	,	,	,否,是,	,否,否,,	,否,	,否,,,否
云米AI燃气热水器 智控恒温防冻节能安全水质净化精准控温13L强排,260120-241308802681337,已取消,1	,正常,	,	,,	,	,774960777953	,智控恒温燃气热水器,1756760299679	,大家电,热水器,燃气热水器,	,6923185655688	,6923185655688	,	,	,无售后或售后取消,,	,	,,,,,,,否,否,	,否,	,,529.0	,0.0	,0.0	,0.0	,0.0	,0.0	,0.0	,0.0	,529.0	,529.0	,	,	,****,****,****,****,,否,否,	,	,	,否,	,	,	,	,	,	,	,	,	,	,	,	,是,否,	,否,	,,	,否,	,否,,,否
VIOMI云米净水器小海豚600G+升级版厨下式RO反渗透直饮家用,260120-322101625263487,已发货，待收货,1	,正常,2026-01-20 22:44:39,2026-01-21 22:44:39,,2026-01-21 14:17:38,	,852161740747	,小海豚600G+升级版,1835709207960	,厨房电器,净水器/净水设备及配件耗材,净水器,	,6923185653684	,	,	,	,无售后或售后取消,,2026-01-20 22:44:39,	,,,,,,,否,否,	,否,	,,559.0	,0.0	,0.0	,60.0	,0.2	,0.0	,0.0	,0.0	,499.0	,559.0	,JDV025247540743,京东大件物流,四川省,成都市,青羊区,,,否,否,	,	,	,否,	,	,	,	,	,	,	,	,	,	,	,	,否,是,	,否,否,,	,否,	,否,,,否
云米净水器600G小海豚升级版厨下式RO反渗透直饮家用,260120-388329705902724,已发货，待收货,1	,正常,2026-01-20 22:43:31,2026-01-21 22:43:31,,2026-01-21 14:17:40,	,852932116812	,小海豚600G+6年滤芯套装,1812983769340	,厨房电器,净水器/净水设备及配件耗材,净水器,	,S2508151538001,	,送一支检测笔 ZX2601240062618物流异常，已建单咨询1.24丹丹 HH2C298125889已生成换货单1.24丹丹,	,无售后或售后取消,,2026-01-20 22:43:31,	,,,,,,,否,否,	,否,	,,772.0	,0.0	,0.0	,100.0	,0.0	,0.0	,0.0	,0.0	,672.0	,772.0	,JDV025243321095,京东大件物流,山东省,济宁市,任城区,,,否,否,	,	,	,否,	,	,	,	,	,	,	,	,	,	,	,	,否,否,	,否,是,3	,商家,否,	,否,,信用卡分期,否
云米AI燃气热水器 智控恒温防冻节能安全水质净化精准控温13L强排,260120-538317975093554,已发货，待收货,1	,正常,2026-01-20 22:41:05,2026-01-21 22:41:05,,2026-01-21 09:47:01,	,774960777953	,智控恒温燃气热水器,1756760299679	,大家电,热水器,燃气热水器,	,6923185655688	,6923185655688	,AZ2601220232055==1.22米锋,	,无售后或售后取消,,2026-01-20 22:41:05,	,,,,,,,否,否,	,否,	,,529.0	,0.0	,0.0	,0.0	,0.0	,0.0	,0.0	,0.0	,529.0	,529.0	,JDV025245626596,京东大件物流,广东省,佛山市,高明区,,,否,否,	,	,	,否,	,	,	,	,	,	,	,	,	,	,	,	,否,否,	,否,否,,	,否,	,否,,,否
云米小厨宝6L电热水器厨房卫生间出水恒温储水式小型速热神器加热,260120-420017672492166,已收货,1	,正常,2026-01-20 22:39:55,2026-01-21 22:39:56,	,2026-01-21 09:47:00,2026-01-22 16:55:20,208073193570	,热水即刻有-【6L】,1801828025682	,大家电,热水器,厨宝,	,6923185611233	,6923185611233	,	,	,无售后或售后取消,,2026-01-20 22:39:56,	,,,,,,,否,否,	,否,	,,239.0	,0.0	,0.0	,20.0	,0.0	,0.0	,0.0	,0.0	,219.0	,239.0	,JDV025245926143,京东大件物流,****,****,****,****,,否,否,	,	,	,否,	,	,	,	,	,	,	,	,	,	,	,	,否,否,	,否,否,,	,否,	,否,,,否
云米智能电热水器小蓝调节能变频速热家用浴室洗澡抑菌50L/60L,260120-419472371283158,已收货,1	,正常,2026-01-20 22:24:11,2026-01-21 22:24:11,,2026-01-21 09:47:00,2026-01-24 08:35:51,434684719975	,安全保护8倍增容大水量60L,1733881750462	,大家电,热水器,电热水器,	,6923185649083	,	,晒单10==1.24米锋,	,无售后或售后取消,,2026-01-20 22:24:11,	,,,,,,,否,否,	,否,	,,699.0	,0.0	,0.0	,0.0	,0.0	,0.0	,0.0	,0.0	,699.0	,699.0	,JDV025245626578,京东大件物流,****,****,****,****,,否,否,	,	,	,否,	,	,	,	,	,	,	,	,	,	,	,	,否,否,	,否,否,,	,否,	,否,,,否
云米60L速热电热水器3000W一级节能变频增容租房安全已接入米家AP,260120-247673679443158,已收货,1	,正常,2026-01-20 22:24:11,2026-01-21 22:24:11,,2026-01-21 09:47:00,2026-01-24 10:00:36,208071231700	,双管变频速热60L,1660917678582	,大家电,热水器,电热水器,	,6923185602224	,6923185602224	,	,	,无售后或售后取消,,2026-01-20 22:24:11,	,,,,,,,否,否,	,否,	,,671.0	,0.0	,0.0	,0.0	,0.0	,0.0	,0.0	,0.0	,671.0	,671.0	,JDV025245626551,京东大件物流,****,****,****,****,,否,否,	,	,	,否,	,	,	,	,	,	,	,	,	,	,	,	,否,否,	,否,否,,	,否,	,否,,,否
云米AI燃气热水器 智控恒温防冻节能安全水质净化精准控温13L强排,260120-384303121933605,已发货，待收货,1	,正常,2026-01-20 22:17:51,2026-01-21 22:17:51,,2026-01-21 09:47:00,	,774960777953	,智控恒温燃气热水器,1756760299679	,大家电,热水器,燃气热水器,	,6923185655688	,6923185655688	,	,	,无售后或售后取消,,2026-01-20 22:17:51,	,,,,,,,否,否,	,否,	,,529.0	,0.0	,0.0	,52.9	,0.0	,0.0	,0.0	,0.0	,476.1	,529.0	,JDV025245612315,京东大件物流,浙江省,杭州市,江干区,,,否,否,	,	,	,否,	,	,	,	,	,	,	,	,	,	,	,	,否,否,	,否,否,,	,否,	,否,,,否
VIOMI云米净水器小海豚600G+升级版厨下式RO反渗透直饮家用,260120-351577075223923,未发货，退款成功,1	,正常,2026-01-20 22:05:25,2026-01-21 22:05:26,,	,	,852161740747	,小海豚600G+升级版,1835709207960	,厨房电器,净水器/净水设备及配件耗材,净水器,	,6923185653684	,	,聚水潭已取消发货 已退款1.21丹丹,	,退款成功,,2026-01-20 22:05:26,	,,,,,,,否,否,	,否,	,,559.0	,0.0	,0.0	,60.0	,0.0	,0.0	,0.0	,0.0	,499.0	,559.0	,	,	,****,****,****,****,,否,否,	,	,	,否,	,	,	,	,	,	,	,	,	,	,	,	,否,否,	,否,否,,	,否,	,否,,,否
VIOMI云米净水器小海豚600G+升级版厨下式RO反渗透直饮家用,260120-200749893253994,已取消,1	,正常,	,	,,	,	,852161740747	,小海豚600G+升级版,1835709207960	,厨房电器,净水器/净水设备及配件耗材,净水器,	,6923185653684	,	,	,	,无售后或售后取消,,	,	,,,,,,,否,否,	,否,	,,559.0	,0.0	,0.0	,60.0	,0.0	,0.0	,0.0	,0.0	,499.0	,559.0	,	,	,****,****,****,****,,否,否,	,	,	,否,	,	,	,	,	,	,	,	,	,	,	,	,否,否,	,否,	,,	,否,	,否,,,否
VIOMI云米 复合滤芯五合一,260120-239746424373746,已发货，待收货,1	,正常,2026-01-20 21:50:07,2026-01-22 21:50:07,,2026-01-21 14:17:37,	,872941778883	,小海豚600G适用,1830545935279	,厨房电器,净水器/净水设备及配件耗材,净水器配件耗材,	,6923185627425	,	,	,	,无售后或售后取消,,2026-01-20 21:50:07,	,,,,,,,否,否,	,否,	,,298.0	,0.0	,0.0	,0.0	,0.0	,0.0	,0.0	,0.0	,298.0	,298.0	,JDV025247540726,京东大件物流,陕西省,西安市,长安区,,,否,否,	,	,	,否,	,	,	,	,	,	,	,	,	,	,	,	,否,否,	,否,否,,	,否,	,否,,,否
VIOMI云米净水器小海豚600G+升级版厨下式RO反渗透直饮家用,260120-346344681104083,已取消,1	,正常,	,	,,	,	,852161740747	,小海豚600G+升级版,1835709207960	,厨房电器,净水器/净水设备及配件耗材,净水器,	,6923185653684	,	,	,	,无售后或售后取消,,	,	,,,,,,,否,否,	,否,	,,559.0	,0.0	,0.0	,0.0	,0.0	,0.0	,0.0	,0.0	,559.0	,559.0	,	,	,****,****,****,****,,否,否,	,	,	,否,	,	,	,	,	,	,	,	,	,	,	,	,否,否,	,否,	,,	,否,	,否,,,否
VIOMI云米净水器小海豚600G+升级版厨下式RO反渗透直饮家用,260120-540918464830385,已发货，待收货,1	,正常,2026-01-20 21:48:02,2026-01-21 21:48:03,,2026-01-21 09:50:09,	,852161740747	,小海豚600G+升级版,1835709207960	,厨房电器,净水器/净水设备及配件耗材,净水器,	,6923185653684	,	,	,	,无售后或售后取消,,2026-01-20 21:48:03,	,,,,,,,否,否,	,否,	,,559.0	,0.0	,0.0	,0.0	,0.2	,0.0	,0.0	,0.0	,559.0	,559.0	,JDV025245635327,京东大件物流,广东省,汕头市,龙湖区,,,否,否,	,	,	,否,	,	,	,	,	,	,	,	,	,	,	,	,否,否,	,否,否,,	,否,	,否,,,否
VIOMI云米净水器小海豚600G+升级版厨下式RO反渗透直饮家用,260120-204409454923103,已取消,1	,正常,	,	,,	,	,852161740747	,小海豚600G+升级版,1835709207960	,厨房电器,净水器/净水设备及配件耗材,净水器,	,6923185653684	,	,	,	,无售后或售后取消,,	,	,,,,,,,否,否,	,否,	,,559.0	,0.0	,0.0	,0.0	,0.0	,0.0	,0.0	,0.0	,559.0	,559.0	,	,	,****,****,****,****,,否,否,	,	,	,否,	,	,	,	,	,	,	,	,	,	,	,	,是,否,	,否,	,,	,否,	,否,,,否
VIOMI云米净水器小海豚600G+升级版厨下式RO反渗透直饮家用,260120-450950674763103,已取消,1	,正常,	,	,,	,	,852161740747	,小海豚600G+升级版,1835709207960	,厨房电器,净水器/净水设备及配件耗材,净水器,	,6923185653684	,	,	,	,无售后或售后取消,,	,	,,,,,,,否,否,	,否,	,,559.0	,0.0	,0.0	,0.0	,0.0	,0.0	,0.0	,0.0	,559.0	,559.0	,	,	,****,****,****,****,,否,否,	,	,	,否,	,	,	,	,	,	,	,	,	,	,	,	,是,否,	,否,	,,	,否,	,否,,,否
VIOMI云米净水器小海豚600G+升级版厨下式RO反渗透直饮家用,260120-529824530833506,已发货，待收货,1	,正常,2026-01-20 21:35:43,2026-01-21 21:35:43,,2026-01-21 09:50:10,	,852161740747	,小海豚600G+升级版,1835709207960	,厨房电器,净水器/净水设备及配件耗材,净水器,	,6923185653684	,	,	,	,无售后或售后取消,,2026-01-20 21:35:43,	,,,,,,,否,否,	,否,	,,559.0	,0.0	,0.0	,60.0	,0.0	,0.0	,0.0	,0.0	,499.0	,559.0	,JDV025245631835,京东大件物流,广东省,惠州市,惠城区,,,否,否,	,	,	,否,	,	,	,	,	,	,	,	,	,	,	,	,否,否,	,否,否,,	,否,	,否,,,否
新品首发 Viomi云米 小海豚3上市RO净水器5年长效反渗透净水器,260120-420374156952195,已收货,1	,正常,2026-01-20 21:26:14,2026-01-21 21:26:14,,2026-01-21 09:50:10,2026-01-24 14:32:49,862873034610	,小海豚3+1支复合滤芯（包安装）,1825244823452	,厨房电器,净水器/净水设备及配件耗材,净水器,	,S2512250944002,	,晒图评价返20元+赠送1年延保,	,无售后或售后取消,,2026-01-20 21:26:14,	,,,,,,,否,否,	,否,	,,609.9	,0.0	,0.0	,0.0	,0.0	,0.0	,0.0	,0.0	,609.9	,609.9	,JDV025245625031,京东大件物流,****,****,****,****,,否,否,	,	,	,否,	,	,	,	,	,	,	,	,	,	,	,	,否,否,	,否,否,,	,否,	,否,,,否
云米AI燃气热水器 智控恒温防冻节能安全水质净化精准控温13L强排,260120-143990526273009,已发货，待收货,1	,正常,2026-01-20 21:16:35,2026-01-21 21:16:36,	,2026-01-21 09:47:00,	,774960777953	,智控恒温燃气热水器,1756760299679	,大家电,热水器,燃气热水器,	,6923185655688	,6923185655688	,	,	,无售后或售后取消,,2026-01-20 21:16:36,	,,,,,,,否,否,	,否,	,,529.0	,0.0	,0.0	,0.0	,0.0	,0.0	,0.0	,0.0	,529.0	,529.0	,JDV025245626507,京东大件物流,广东省,珠海市,香洲区,,,否,否,	,	,	,否,	,	,	,	,	,	,	,	,	,	,	,	,否,否,	,否,否,,	,否,	,否,,,否
云米AI燃气热水器 智控恒温防冻节能安全水质净化精准控温13L强排,260120-148908347713009,已发货，待收货,1	,正常,2026-01-20 21:15:44,2026-01-21 21:15:45,	,2026-01-21 09:47:01,	,774960777953	,智控恒温燃气热水器,1756760299679	,大家电,热水器,燃气热水器,	,6923185655688	,6923185655688	,	,	,无售后或售后取消,,2026-01-20 21:15:45,	,,,,,,,否,否,	,否,	,,529.0	,0.0	,0.0	,0.0	,0.0	,0.0	,0.0	,0.0	,529.0	,529.0	,JDV025245626497,京东大件物流,广东省,珠海市,香洲区,,,否,否,	,	,	,否,	,	,	,	,	,	,	,	,	,	,	,	,否,否,	,否,否,,	,否,	,否,,,否
云米AI燃气热水器 智控恒温防冻节能安全水质净化精准控温13L强排,260120-254374111553009,已发货，待收货,1	,正常,2026-01-20 21:15:10,2026-01-21 21:15:10,	,2026-01-21 09:47:00,	,774960777953	,智控恒温燃气热水器,1756760299679	,大家电,热水器,燃气热水器,	,6923185655688	,6923185655688	,	,	,无售后或售后取消,,2026-01-20 21:15:10,	,,,,,,,否,否,	,否,	,,529.0	,0.0	,0.0	,0.0	,0.0	,0.0	,0.0	,0.0	,529.0	,529.0	,JDV025245626461,京东大件物流,广东省,珠海市,香洲区,,,否,否,	,	,	,否,	,	,	,	,	,	,	,	,	,	,	,	,否,否,	,否,否,,	,否,	,否,,,否
VIOMI云米净水器小海豚600G+升级版厨下式RO反渗透直饮家用,260120-190945749280090,已发货，待收货,1	,正常,2026-01-20 21:03:35,2026-01-21 21:03:35,,2026-01-21 14:17:40,	,852161740747	,小海豚600G+升级版,1835709207960	,厨房电器,净水器/净水设备及配件耗材,净水器,	,6923185653684	,	,ZX2601240062622物流异常，已建单咨询1.24丹丹 HH2C282373921已生成换货单1.24丹丹,	,无售后或售后取消,,2026-01-20 21:03:35,	,,,,,,,否,否,	,否,	,,559.0	,0.0	,0.0	,0.0	,2.79	,0.0	,0.0	,0.0	,559.0	,559.0	,JDV025242941141,京东大件物流,辽宁省,朝阳市,凌源市,,,否,否,	,	,	,否,	,	,	,	,	,	,	,	,	,	,	,	,否,否,	,否,否,,	,否,	,否,,,否
VIOMI云米净水器小海豚600G+升级版厨下式RO反渗透直饮家用,260120-672724488480090,已取消,1	,正常,	,	,,	,	,852161740747	,小海豚600G+升级版,1835709207960	,厨房电器,净水器/净水设备及配件耗材,净水器,	,6923185653684	,	,	,	,无售后或售后取消,,	,	,,,,,,,否,否,	,否,	,,559.0	,0.0	,0.0	,0.0	,0.0	,0.0	,0.0	,0.0	,559.0	,559.0	,	,	,****,****,****,****,,否,否,	,	,	,否,	,	,	,	,	,	,	,	,	,	,	,	,否,否,	,否,	,,	,否,	,否,,,否
VIOMI云米净水器小海豚600G+升级版厨下式RO反渗透直饮家用,260120-031079820922115,已取消,1	,正常,	,	,,	,	,852161740747	,小海豚600G+升级版,1835709207960	,厨房电器,净水器/净水设备及配件耗材,净水器,	,6923185653684	,	,	,	,无售后或售后取消,,	,	,,,,,,,否,否,	,否,	,,559.0	,0.0	,0.0	,0.0	,0.0	,0.0	,0.0	,0.0	,559.0	,559.0	,	,	,****,****,****,****,,否,否,	,	,	,否,	,	,	,	,	,	,	,	,	,	,	,	,否,否,	,否,	,,	,否,	,否,,,否
VIOMI云米净水器小海豚600G+升级版厨下式RO反渗透直饮家用,260120-082722188922115,已取消,1	,正常,	,	,,	,	,852161740747	,小海豚600G+升级版,1835709207960	,厨房电器,净水器/净水设备及配件耗材,净水器,	,6923185653684	,	,	,	,无售后或售后取消,,	,	,,,,,,,否,否,	,否,	,,559.0	,0.0	,0.0	,1.0	,0.0	,0.0	,0.0	,0.0	,558.0	,559.0	,	,	,****,****,****,****,,否,否,	,	,	,否,	,	,	,	,	,	,	,	,	,	,	,	,否,否,	,否,	,,	,否,	,否,,,否
云米60L速热电热水器3000W一级节能变频增容租房安全已接入米家AP,260120-371531456060923,已取消,1	,正常,	,	,,	,	,208071231700	,双管变频速热60L,1660917678582	,大家电,热水器,电热水器,	,6923185602224	,6923185602224	,	,	,无售后或售后取消,,	,	,,,,,,,否,否,	,否,	,,671.0	,0.0	,0.0	,0.0	,0.0	,0.0	,0.0	,0.0	,671.0	,671.0	,	,	,****,****,****,****,,否,否,	,	,	,否,	,	,	,	,	,	,	,	,	,	,	,	,否,否,	,否,	,,	,否,	,否,,,否
云米5.2KW智能燃气灶大火力爆炒灶具一级节能家用厨房双灶头台嵌,260120-446609507960644,已发货，待收货,1	,正常,2026-01-20 20:45:52,2026-01-21 20:45:52,,2026-01-21 09:47:01,	,738372436858	,5.2KW聚能猛火灶（天然气）,1727247957279	,大家电,厨房大电,燃气灶,	,6923185650348	,	,	,	,无售后或售后取消,,2026-01-20 20:45:52,	,,,,,,,否,否,	,否,	,,699.0	,0.0	,100.0	,0.0	,0.0	,0.0	,0.0	,0.0	,599.0	,599.0	,JDV025245631663,京东大件物流,重庆市,重庆市,大足区,,,否,否,	,	,	,否,	,	,	,	,	,	,	,	,	,	,	,	,否,否,	,否,否,,	,否,	,否,,,否
VIOMI云米净水器小海豚600G+升级版厨下式RO反渗透直饮家用,260120-052093315430850,已取消,1	,正常,	,	,,	,	,852161740747	,小海豚600G+升级版,1835709207960	,厨房电器,净水器/净水设备及配件耗材,净水器,	,6923185653684	,	,	,	,无售后或售后取消,,	,	,,,,,,,否,否,	,否,	,,559.0	,0.0	,0.0	,0.0	,0.0	,0.0	,0.0	,0.0	,559.0	,559.0	,	,	,****,****,****,****,,否,否,	,	,	,否,	,	,	,	,	,	,	,	,	,	,	,	,否,否,	,否,	,,	,否,	,否,,,否
云米5.2KW智能燃气灶大火力爆炒灶具一级节能家用厨房双灶头台嵌,260120-252140613240644,已取消,1	,正常,	,	,,	,	,738372436858	,5.2KW聚能猛火灶（天然气）,1727247957279	,大家电,厨房大电,燃气灶,	,6923185650348	,	,	,	,无售后或售后取消,,	,	,,,,,,,否,否,	,否,	,,699.0	,0.0	,100.0	,0.0	,0.0	,0.0	,0.0	,0.0	,599.0	,599.0	,	,	,****,****,****,****,,否,否,	,	,	,否,	,	,	,	,	,	,	,	,	,	,	,	,否,否,	,否,	,,	,否,	,否,,,否
云米5.2KW智能燃气灶大火力爆炒灶具一级节能家用厨房双灶头台嵌,260120-656293282200918,已发货，待收货,1	,正常,2026-01-20 20:42:19,2026-01-21 20:42:19,,2026-01-21 09:47:01,	,738372436858	,5.2KW聚能猛火灶（天然气）,1727247957279	,大家电,厨房大电,燃气灶,	,6923185650348	,	,	,	,无售后或售后取消,,2026-01-20 20:42:19,	,,,,,,,否,否,	,否,	,,699.0	,0.0	,100.0	,6.28	,0.0	,0.0	,0.0	,0.0	,592.72	,599.0	,JDV025245612062,京东大件物流,河南省,郑州市,新郑市,,,否,否,	,	,	,否,	,	,	,	,	,	,	,	,	,	,	,	,否,否,	,否,否,,	,否,	,否,,,否
云米23m³顶侧大吸力超薄智能油烟机厨房app挥手智控易清洁一级,260120-312695898520918,已发货，待收货,1	,正常,2026-01-20 20:42:19,2026-01-21 20:42:19,,2026-01-21 09:47:01,	,219486126363	,挥手智控单烟机,1689355640209	,大家电,厨房大电,油烟机,	,6923185613664	,6923185613664	,	,	,无售后或售后取消,,2026-01-20 20:42:19,	,,,,,,,否,否,	,否,	,,1031.0	,0.0	,200.0	,8.72	,0.0	,0.0	,0.0	,0.0	,822.28	,831.0	,JDV025245659536,京东大件物流,河南省,郑州市,新郑市,,,否,否,	,	,	,否,	,	,	,	,	,	,	,	,	,	,	,	,否,否,	,否,否,,	,否,	,否,,,否
VIOMI云米净水器小海豚600G+升级版厨下式RO反渗透直饮家用,260120-034739403193259,已发货，退款成功,1	,正常,2026-01-20 20:37:40,2026-01-21 20:37:40,,2026-01-21 09:50:09,	,852161740747	,小海豚600G+升级版,1835709207960	,厨房电器,净水器/净水设备及配件耗材,净水器,	,6923185653684	,	,ZX2601220063764==退货拦截1.22米锋 TH2C269739376==已审核，待拦截成功后填写单号1.22丹丹  顾客取消退货已反馈专员处理==1.23米锋 TH2C269739376已填写单号待入库1.23丹丹 ,	,退款成功,,2026-01-20 20:37:40,	,,,,,,,否,否,	,否,	,,559.0	,0.0	,0.0	,60.0	,0.0	,0.0	,0.0	,0.0	,499.0	,559.0	,JDV025245635345,京东大件物流,****,****,****,****,,否,否,	,	,	,否,	,	,	,	,	,	,	,	,	,	,	,	,否,否,	,否,否,,	,否,	,否,,,否
VIOMI云米净水器小海豚600G+升级版厨下式RO反渗透直饮家用,260120-678732829000327,未发货，退款成功,1	,正常,2026-01-20 20:29:07,2026-01-21 20:29:07,,	,	,852161740747	,小海豚600G+升级版,1835709207960	,厨房电器,净水器/净水设备及配件耗材,净水器,	,6923185653684	,	,TH2C143137516已建单取消订单，OFC未发货1.21丹丹,	,退款成功,,2026-01-20 20:29:07,	,,,,,,,否,否,	,否,	,,559.0	,0.0	,0.0	,60.0	,0.0	,0.0	,0.0	,0.0	,499.0	,559.0	,	,	,****,****,****,****,,否,否,	,	,	,否,	,	,	,	,	,	,	,	,	,	,	,	,否,否,	,否,否,,	,否,	,否,,,否
云米小厨宝6L电热水器厨房卫生间出水恒温储水式小型速热神器加热,260120-424400657993884,已发货，待收货,1	,正常,2026-01-20 20:26:52,2026-01-21 20:26:52,,2026-01-21 14:17:38,	,208073193570	,热水即刻有-【6L】,1801828025682	,大家电,热水器,厨宝,	,6923185611233	,6923185611233	,	,	,无售后或售后取消,,2026-01-20 20:26:52,	,,,,,,,否,否,	,否,	,,239.0	,0.0	,0.0	,20.0	,0.0	,0.0	,0.0	,0.0	,219.0	,239.0	,JDV025247552083,京东大件物流,甘肃省,酒泉市,玉门市,,,否,否,	,	,	,否,	,	,	,	,	,	,	,	,	,	,	,	,否,是,	,否,否,,	,否,	,否,,,否
VIOMI云米净水器小海豚600G+升级版厨下式RO反渗透直饮家用,260120-610449559981218,已发货，待收货,1	,正常,2026-01-20 20:12:42,2026-01-21 20:12:42,,2026-01-21 09:50:10,	,852161740747	,小海豚600G+升级版,1835709207960	,厨房电器,净水器/净水设备及配件耗材,净水器,	,6923185653684	,	,	,	,无售后或售后取消,,2026-01-20 20:12:42,	,,,,,,,否,否,	,否,	,,559.0	,0.0	,0.0	,0.0	,1.11	,0.0	,0.0	,0.0	,559.0	,559.0	,JDV025245659562,京东大件物流,福建省,泉州市,惠安县,,,否,否,	,	,	,否,	,	,	,	,	,	,	,	,	,	,	,	,否,否,	,否,否,,	,否,	,否,,,否
1级能效云米电热水器 智能联网 免更换镁棒 短款3300W速热 Smart2,260120-438933941812307,已收货,1	,正常,2026-01-20 20:10:05,2026-01-21 20:10:06,,2026-01-21 09:47:00,2026-01-25 15:34:48,415597395169	,超短免换镁棒热水器,1822787048306	,大家电,热水器,电热水器,	,6923185651444	,6923185651444	,	,	,无售后或售后取消,,2026-01-20 20:10:06,	,,,,,,,否,否,	,否,	,,979.0	,0.0	,48.0	,32.0	,0.0	,0.0	,0.0	,0.0	,899.0	,931.0	,JDV025245631771,京东大件物流,****,****,****,****,,否,否,	,	,	,否,	,	,	,	,	,	,	,	,	,	,	,	,是,是,	,否,否,,	,否,	,否,,,否
1级能效云米电热水器 智能联网 免更换镁棒 短款3300W速热 Smart2,260120-230959367732307,已取消,1	,正常,	,	,,	,	,415597395169	,超短免换镁棒热水器,1822787048306	,大家电,热水器,电热水器,	,6923185651444	,6923185651444	,	,	,无售后或售后取消,,	,	,,,,,,,否,否,	,否,	,,979.0	,0.0	,48.0	,32.0	,0.0	,0.0	,0.0	,0.0	,899.0	,931.0	,	,	,****,****,****,****,,否,否,	,	,	,否,	,	,	,	,	,	,	,	,	,	,	,	,是,否,	,否,	,,	,否,	,否,,,否
云米AI燃气热水器 智控恒温防冻节能安全水质净化精准控温13L强排,260120-095934288181438,未发货，退款成功,1	,正常,2026-01-20 20:07:47,2026-01-21 20:07:47,,	,	,774960777953	,智控恒温燃气热水器,1756760299679	,大家电,热水器,燃气热水器,	,6923185655688	,6923185655688	,ZX2601210064035拦截==TH2C528773137已撤销，库内拦截1.21丹丹,	,退款成功,,2026-01-20 20:07:47,	,,,,,,,否,否,	,否,	,,529.0	,0.0	,0.0	,26.45	,1.0	,0.0	,0.0	,0.0	,502.55	,529.0	,	,	,****,****,****,****,,否,否,	,	,	,否,	,	,	,	,	,	,	,	,	,	,	,	,否,否,	,否,否,,	,否,	,否,,,否
1级能效云米电热水器 智能联网 免更换镁棒 短款3300W速热 Smart2,260120-129604011572307,未发货，退款成功,1	,正常,2026-01-20 20:06:00,2026-01-21 20:06:00,,	,	,415597395169	,超短免换镁棒热水器,1822787048306	,大家电,热水器,电热水器,	,6923185651444	,6923185651444	,聚水潭已取消发货 已退款1.21丹丹,	,退款成功,,2026-01-20 20:06:00,	,,,,,,,否,否,	,否,	,,979.0	,0.0	,48.0	,32.0	,0.0	,0.0	,0.0	,0.0	,899.0	,931.0	,	,	,****,****,****,****,,否,否,	,	,	,否,	,	,	,	,	,	,	,	,	,	,	,	,否,是,	,否,否,,	,否,	,否,,,否
Viomi云米净水器1000G厨下式RO反渗透直饮过滤器净饮小海豚2,260120-248135042580416,已收货,1	,正常,2026-01-20 20:05:58,2026-01-21 20:05:58,,2026-01-21 09:47:01,2026-01-23 17:12:29,205458105137	,小海豚2包安装1000G大加仑,1802849942800	,厨房电器,净水器/净水设备及配件耗材,净水器,	,6923185654865	,	,	,	,无售后或售后取消,,2026-01-20 20:05:58,	,,,,,,,否,否,	,否,	,,999.0	,0.0	,100.0	,0.0	,0.0	,0.0	,0.0	,0.0	,899.0	,899.0	,JDV025245626229,京东大件物流,****,****,****,****,,否,否,	,	,	,否,	,	,	,	,	,	,	,	,	,	,	,	,否,否,	,否,否,,	,否,	,否,,,否
VIOMI云米净水器小海豚600G+升级版厨下式RO反渗透直饮家用,260120-684153935462583,已收货,1	,正常,2026-01-20 19:59:11,2026-01-21 19:59:12,,2026-01-21 14:17:38,2026-01-24 14:03:09,852161740747	,小海豚600G+升级版,1835709207960	,厨房电器,净水器/净水设备及配件耗材,净水器,	,6923185653684	,	,	,	,无售后或售后取消,,2026-01-20 19:59:12,	,,,,,,,否,否,	,否,	,,559.0	,0.0	,0.0	,0.0	,0.0	,0.0	,0.0	,0.0	,559.0	,559.0	,JDV025247571532,京东大件物流,****,****,****,****,,否,否,	,	,	,否,	,	,	,	,	,	,	,	,	,	,	,	,否,否,	,否,否,,	,否,	,否,,,否
VIOMI云米净水器小海豚600G+升级版厨下式RO反渗透直饮家用,260120-329210928701281,已取消,1	,正常,	,	,,	,	,852161740747	,小海豚600G+升级版,1835709207960	,厨房电器,净水器/净水设备及配件耗材,净水器,	,6923185653684	,	,	,	,无售后或售后取消,,	,	,,,,,,,否,否,	,否,	,,559.0	,0.0	,0.0	,0.0	,0.0	,0.0	,0.0	,0.0	,559.0	,559.0	,	,	,****,****,****,****,,否,否,	,	,	,否,	,	,	,	,	,	,	,	,	,	,	,	,否,否,	,否,	,,	,否,	,否,,,否
VIOMI云米净水器小海豚600G+升级版厨下式RO反渗透直饮家用,260120-376984071743844,已取消,1	,正常,	,	,,	,	,852161740747	,小海豚600G+升级版,1835709207960	,厨房电器,净水器/净水设备及配件耗材,净水器,	,6923185653684	,	,	,	,无售后或售后取消,,	,	,,,,,,,否,否,	,否,	,,559.0	,0.0	,0.0	,0.0	,0.0	,0.0	,0.0	,0.0	,559.0	,559.0	,	,	,****,****,****,****,,否,否,	,	,	,否,	,	,	,	,	,	,	,	,	,	,	,	,否,否,	,否,	,,	,否,	,否,,,否
VIOMI云米净水器小海豚600G+升级版厨下式RO反渗透直饮家用,260120-044753251940912,已取消,1	,正常,	,	,,	,	,852161740747	,小海豚600G+升级版,1835709207960	,厨房电器,净水器/净水设备及配件耗材,净水器,	,6923185653684	,	,	,	,无售后或售后取消,,	,	,,,,,,,否,否,	,否,	,,559.0	,0.0	,0.0	,3.0	,0.0	,0.0	,0.0	,0.0	,556.0	,559.0	,	,	,****,****,****,****,,否,否,	,	,	,否,	,	,	,	,	,	,	,	,	,	,	,	,否,否,	,否,	,,	,否,	,否,,,否
VIOMI云米净水器小海豚600G+升级版厨下式RO反渗透直饮家用,260120-311993383260229,已收货,1	,正常,2026-01-20 19:32:11,2026-01-21 19:32:11,,2026-01-21 14:17:38,2026-01-23 20:06:57,852161740747	,小海豚600G+升级版,1835709207960	,厨房电器,净水器/净水设备及配件耗材,净水器,	,6923185653684	,	,	,	,无售后或售后取消,,2026-01-20 19:32:11,	,,,,,,,否,否,	,否,	,,559.0	,0.0	,0.0	,60.0	,0.0	,0.0	,0.0	,0.0	,499.0	,559.0	,JDV025247552111,京东大件物流,****,****,****,****,,否,否,	,	,	,否,	,	,	,	,	,	,	,	,	,	,	,	,否,否,	,否,否,,	,否,	,否,,,否
VIOMI云米净水器小海豚600G+升级版厨下式RO反渗透直饮家用,260120-387113357733555,已发货，待收货,1	,正常,2026-01-20 19:27:56,2026-01-21 19:27:56,,2026-01-21 14:17:40,	,852161740747	,小海豚600G+升级版,1835709207960	,厨房电器,净水器/净水设备及配件耗材,净水器,	,6923185653684	,	,直播间中奖10元 AZ2601220233427=18657133815=安装=陈煜1.22,	,无售后或售后取消,,2026-01-20 19:27:56,	,,,,,,,否,否,	,否,	,,559.0	,0.0	,0.0	,60.0	,0.2	,0.0	,0.0	,0.0	,499.0	,559.0	,JDV025245814893,京东大件物流,浙江省,杭州市,余杭区,,,否,否,	,	,	,否,	,	,	,	,	,	,	,	,	,	,	,	,是,是,	,否,否,,	,否,	,否,,,否
VIOMI云米净水器小海豚600G+升级版厨下式RO反渗透直饮家用,260120-365135142420148,已取消,1	,正常,	,	,,	,	,852161740747	,小海豚600G+升级版,1835709207960	,厨房电器,净水器/净水设备及配件耗材,净水器,	,6923185653684	,	,	,	,无售后或售后取消,,	,	,,,,,,,否,否,	,否,	,,559.0	,0.0	,0.0	,50.0	,0.0	,0.0	,0.0	,0.0	,509.0	,559.0	,	,	,****,****,****,****,,否,否,	,	,	,否,	,	,	,	,	,	,	,	,	,	,	,	,否,否,	,否,	,,	,否,	,否,,,否
VIOMI云米净水器小海豚600G+升级版厨下式RO反渗透直饮家用,260120-346806086053428,已取消,1	,正常,	,	,,	,	,852161740747	,小海豚600G+升级版,1835709207960	,厨房电器,净水器/净水设备及配件耗材,净水器,	,6923185653684	,	,	,	,无售后或售后取消,,	,	,,,,,,,否,否,	,否,	,,559.0	,0.0	,0.0	,60.0	,0.0	,0.0	,0.0	,0.0	,499.0	,559.0	,	,	,****,****,****,****,,否,否,	,	,	,否,	,	,	,	,	,	,	,	,	,	,	,	,否,否,	,否,	,,	,否,	,否,,,否
VIOMI云米净水器小海豚600G+升级版厨下式RO反渗透直饮家用,260120-253388398183819,已取消,1	,正常,	,	,,	,	,852161740747	,小海豚600G+升级版,1835709207960	,厨房电器,净水器/净水设备及配件耗材,净水器,	,6923185653684	,	,	,	,无售后或售后取消,,	,	,,,,,,,否,否,	,否,	,,559.0	,0.0	,0.0	,0.0	,0.0	,0.0	,0.0	,0.0	,559.0	,559.0	,	,	,****,****,****,****,,否,否,	,	,	,否,	,	,	,	,	,	,	,	,	,	,	,	,否,否,	,否,	,,	,否,	,否,,,否
云米净水器600G小海豚升级版厨下式RO反渗透直饮家用,260120-537877614962112,已取消,1	,正常,	,	,,	,	,852932116812	,小海豚600G+6年滤芯套装,1812983769340	,厨房电器,净水器/净水设备及配件耗材,净水器,	,S2508151538001,	,	,	,无售后或售后取消,,	,	,,,,,,,否,否,	,否,	,,772.0	,0.0	,36.0	,24.0	,0.0	,0.0	,0.0	,0.0	,712.0	,736.0	,	,	,****,****,****,****,,否,否,	,	,	,否,	,	,	,	,	,	,	,	,	,	,	,	,否,否,	,否,	,,	,否,	,否,,,否
VIOMI云米净水器小海豚600G+升级版厨下式RO反渗透直饮家用,260120-239673054790703,已收货,1	,正常,2026-01-20 19:00:17,2026-01-21 19:00:17,	,2026-01-21 14:17:41,2026-01-25 12:54:22,852161740747	,小海豚600G+升级版,1835709207960	,厨房电器,净水器/净水设备及配件耗材,净水器,	,6923185653684	,	,	,	,无售后或售后取消,,2026-01-20 19:00:17,	,,,,,,,否,否,	,否,	,,559.0	,0.0	,0.0	,0.0	,0.0	,0.0	,0.0	,0.0	,559.0	,559.0	,JDV025245863109,京东大件物流,****,****,****,****,,否,否,	,	,	,否,	,	,	,	,	,	,	,	,	,	,	,	,否,否,	,否,否,,	,否,	,否,,,否
云米净水器600G小海豚升级版厨下式RO反渗透直饮家用,260120-590495127162267,未发货，退款成功,1	,正常,2026-01-20 18:54:27,2026-01-21 18:54:27,,	,	,852932116812	,小海豚600G+6年滤芯套装,1812983769340	,厨房电器,净水器/净水设备及配件耗材,净水器,	,S2508151538001,	,ZX2601210064039拦截==TH2C125685317已撤销，库内拦截成功1.21丹丹,	,退款成功,,2026-01-20 18:54:27,	,,,,,,,否,否,	,否,	,,772.0	,0.0	,36.0	,24.0	,0.0	,0.0	,0.0	,0.0	,712.0	,736.0	,	,	,****,****,****,****,,否,否,	,	,	,否,	,	,	,	,	,	,	,	,	,	,	,	,否,是,	,否,否,,	,否,	,否,,,否
云米净水器600G小海豚升级版厨下式RO反渗透直饮家用,260120-638352125562267,已取消,1	,正常,	,	,,	,	,852932116812	,小海豚600G+6年滤芯套装,1812983769340	,厨房电器,净水器/净水设备及配件耗材,净水器,	,S2508151538001,	,	,	,无售后或售后取消,,	,	,,,,,,,否,否,	,否,	,,772.0	,0.0	,36.0	,24.0	,0.0	,0.0	,0.0	,0.0	,712.0	,736.0	,	,	,****,****,****,****,,否,否,	,	,	,否,	,	,	,	,	,	,	,	,	,	,	,	,否,否,	,否,	,,	,否,	,否,,,否
云米净水器600G小海豚升级版厨下式RO反渗透直饮家用,260120-059412354682267,已取消,1	,正常,	,	,,	,	,852932116812	,小海豚600G+6年滤芯套装,1812983769340	,厨房电器,净水器/净水设备及配件耗材,净水器,	,S2508151538001,	,	,	,无售后或售后取消,,	,	,,,,,,,否,否,	,否,	,,772.0	,0.0	,36.0	,24.0	,0.0	,0.0	,0.0	,0.0	,712.0	,736.0	,	,	,****,****,****,****,,否,否,	,	,	,否,	,	,	,	,	,	,	,	,	,	,	,	,否,否,	,否,	,,	,否,	,否,,,否
云米智能电热水器小蓝调节能变频速热家用浴室洗澡抑菌50L/60L,260120-273867107871439,已发货，待收货,1	,正常,2026-01-20 18:47:43,2026-01-21 18:47:43,	,2026-01-21 09:47:01,	,434684719975	,安全保护8倍增容大水量50L,1733881750461	,大家电,热水器,电热水器,	,6923185649076	,	,	,	,无售后或售后取消,,2026-01-20 18:47:43,	,,,,,,,否,否,	,否,	,,598.99	,0.0	,0.0	,3.0	,0.0	,0.0	,0.0	,0.0	,595.99	,598.99	,JDV025245611711,京东大件物流,广东省,茂名市,电白区,,,否,否,	,	,	,否,	,	,	,	,	,	,	,	,	,	,	,	,否,否,	,否,否,,	,否,	,否,,,否
VIOMI云米净水器小海豚600G+升级版厨下式RO反渗透直饮家用,260120-548499669333867,已取消,1	,正常,	,	,,	,	,852161740747	,小海豚600G+升级版,1835709207960	,厨房电器,净水器/净水设备及配件耗材,净水器,	,6923185653684	,	,	,	,无售后或售后取消,,	,	,,,,,,,否,否,	,否,	,,559.0	,0.0	,0.0	,0.0	,0.0	,0.0	,0.0	,0.0	,559.0	,559.0	,	,	,****,****,****,****,,否,否,	,	,	,否,	,	,	,	,	,	,	,	,	,	,	,	,否,否,	,否,	,,	,否,	,否,,,否
VIOMI云米净水器小海豚600G+升级版厨下式RO反渗透直饮家用,260120-015403631023352,已收货,1	,正常,2026-01-20 18:43:02,2026-01-21 18:43:03,,2026-01-21 14:17:38,2026-01-25 14:31:07,852161740747	,小海豚600G+升级版,1835709207960	,厨房电器,净水器/净水设备及配件耗材,净水器,	,6923185653684	,	,	,	,无售后或售后取消,,2026-01-20 18:43:03,	,,,,,,,否,否,	,否,	,,559.0	,0.0	,0.0	,0.0	,0.0	,0.0	,0.0	,0.0	,559.0	,559.0	,JDV025247545810,京东大件物流,****,****,****,****,,否,否,	,	,	,否,	,	,	,	,	,	,	,	,	,	,	,	,否,是,	,否,否,,	,否,	,否,,,否
新品首发 Viomi云米 小海豚3上市RO净水器5年长效反渗透净水器,260120-526804600352299,未发货，退款成功,1	,正常,2026-01-20 18:39:01,2026-01-21 18:39:02,,	,	,862873034610	,小海豚3（原装滤芯）（包安装）,1825244823454	,厨房电器,净水器/净水设备及配件耗材,净水器,	,6923185605867	,	,聚水潭已取消发货 已退款1.21丹丹,	,退款成功,,2026-01-20 18:39:02,	,,,,,,,否,否,	,否,	,,498.9	,0.0	,0.0	,0.0	,0.0	,0.0	,0.0	,0.0	,498.9	,498.9	,	,	,****,****,****,****,,否,否,	,	,	,否,	,	,	,	,	,	,	,	,	,	,	,	,否,是,	,否,否,,	,否,	,否,,,否
云米小厨宝6L电热水器厨房卫生间出水恒温储水式小型速热神器加热,260120-002527075911599,已发货，待收货,1	,正常,2026-01-20 18:19:40,2026-01-21 18:19:40,,2026-01-21 14:17:41,	,208073193570	,热水即刻有-【6L】,1801828025682	,大家电,热水器,厨宝,	,6923185611233	,6923185611233	,ZX2601240062616物流异常，建单咨询1.24丹丹 HH2C881535899已生成换货单1.24丹丹,	,无售后或售后取消,,2026-01-20 18:19:40,	,,,,,,,否,否,	,否,	,,239.0	,0.0	,0.0	,0.0	,0.0	,0.0	,0.0	,0.0	,239.0	,239.0	,JDV025239622588,京东大件物流,天津市,天津市,河东区,,,否,否,	,	,	,否,	,	,	,	,	,	,	,	,	,	,	,	,否,否,	,否,否,,	,否,	,否,,,否
VIOMI云米净水器小海豚600G+升级版厨下式RO反渗透直饮家用,260120-555787303300031,已发货，待收货,1	,正常,2026-01-20 18:14:16,2026-01-21 18:14:16,,2026-01-21 14:17:39,	,852161740747	,小海豚600G+升级版,1835709207960	,厨房电器,净水器/净水设备及配件耗材,净水器,	,6923185653684	,	,	,	,无售后或售后取消,,2026-01-20 18:14:16,	,,,,,,,否,否,	,否,	,,559.0	,0.0	,0.0	,60.0	,0.0	,0.0	,0.0	,0.0	,499.0	,559.0	,JDV025247532292,京东大件物流,陕西省,安康市,旬阳市,,,否,否,	,	,	,否,	,	,	,	,	,	,	,	,	,	,	,	,否,否,	,否,否,,	,否,	,否,,,否
云米AI燃气热水器 智控恒温防冻节能安全水质净化精准控温13L强排,260120-414491645550189,已发货，退款成功,1	,正常,2026-01-20 18:01:47,2026-01-21 18:01:47,,2026-01-21 09:47:01,	,774960777953	,智控恒温燃气热水器,1756760299679	,大家电,热水器,燃气热水器,	,6923185655688	,6923185655688	,ZX2601210064078拦截，此单库内拦截成功1.21丹丹,	,退款成功,,2026-01-20 18:01:47,	,,,,,,,否,否,	,否,	,,529.0	,0.0	,0.0	,52.9	,0.0	,0.0	,0.0	,0.0	,476.1	,529.0	,JDV025245611747,京东大件物流,****,****,****,****,,否,否,	,	,	,否,	,	,	,	,	,	,	,	,	,	,	,	,否,否,	,否,否,,	,否,	,否,,,否
云米净水器600G小海豚升级版厨下式RO反渗透直饮家用,260120-469489426023367,已发货，待收货,1	,正常,2026-01-20 17:47:02,2026-01-21 17:47:02,,2026-01-21 14:17:40,	,852932116812	,小海豚600G+6年滤芯套装,1812983769340	,厨房电器,净水器/净水设备及配件耗材,净水器,	,S2508151538001,	,ZX2601230063057==咨询物流1.23米锋==物流已退回已反馈二线重发1.23米锋 HH2C771523456待发货1.24丹丹,	,无售后或售后取消,,2026-01-20 17:47:02,	,,,,,,,否,否,	,否,	,,772.0	,0.0	,0.0	,100.0	,0.0	,0.0	,0.0	,0.0	,672.0	,772.0	,JDV025241891990,京东大件物流,山东省,济宁市,兖州区,,,否,否,	,	,	,否,	,	,	,	,	,	,	,	,	,	,	,	,否,否,	,否,否,,	,否,	,否,,,否
VIOMI云米净水器小海豚600G+升级版厨下式RO反渗透直饮家用,260120-559404859731041,已取消,1	,正常,	,	,,	,	,852161740747	,小海豚600G+升级版,1835709207960	,厨房电器,净水器/净水设备及配件耗材,净水器,	,6923185653684	,	,	,	,无售后或售后取消,,	,	,,,,,,,否,否,	,否,	,,559.0	,0.0	,0.0	,0.0	,0.0	,0.0	,0.0	,0.0	,559.0	,559.0	,	,	,****,****,****,****,,否,否,	,	,	,否,	,	,	,	,	,	,	,	,	,	,	,	,否,否,	,否,	,,	,否,	,否,,,否
云米23m³顶侧大吸力超薄智能油烟机厨房app挥手智控易清洁一级,260120-347382771350426,已收货,1	,正常,2026-01-20 17:29:17,2026-01-21 17:29:17,,2026-01-21 09:47:01,2026-01-23 20:09:27,219486126363	,挥手智控单烟机,1689355640209	,大家电,厨房大电,油烟机,	,6923185613664	,6923185613664	,晒图评价返清洁剂 AZ2601220232330=13631195291=安装=陈煜1.22==ZX2601230063092=物流 [viomi米小锂MKD 01/23 11:53],	,无售后或售后取消,,2026-01-20 17:29:17,	,,,,,,,否,否,	,否,	,,1031.0	,0.0	,200.0	,83.1	,0.0	,0.0	,0.0	,0.0	,747.9	,831.0	,JDV025245634992,京东大件物流,****,****,****,****,,否,否,	,	,	,否,	,	,	,	,	,	,	,	,	,	,	,	,否,否,	,否,否,,	,否,	,否,,,否
VIOMI云米净水器小海豚600G+升级版厨下式RO反渗透直饮家用,260120-098796880211041,已取消,1	,正常,	,	,,	,	,852161740747	,小海豚600G+升级版,1835709207960	,厨房电器,净水器/净水设备及配件耗材,净水器,	,6923185653684	,	,	,	,无售后或售后取消,,	,	,,,,,,,否,否,	,否,	,,559.0	,0.0	,0.0	,0.0	,0.0	,0.0	,0.0	,0.0	,559.0	,559.0	,	,	,****,****,****,****,,否,否,	,	,	,否,	,	,	,	,	,	,	,	,	,	,	,	,否,否,	,否,	,,	,否,	,否,,,否
云米电热水器50/60升洗澡家用浴室速热大容量省电防漏电安全保温,260120-215807486292340,已发货，待收货,1	,正常,2026-01-20 17:14:02,2026-01-21 17:14:03,,2026-01-20 20:48:10,	,436320010098	,"速热长效保温安全电热水器,60L【3-4人】",1756921788833	,大家电,热水器,电热水器,	,6923185614937	,6923185614920	,	,	,无售后或售后取消,,2026-01-20 17:14:03,	,,,,,,,否,否,	,否,	,,586.0	,0.0	,0.0	,0.0	,0.0	,0.0	,0.0	,0.0	,586.0	,586.0	,JDLD12970938954,京东大件物流,贵州省,黔南布依族苗族自治州,龙里县,,,否,否,	,	,	,否,	,	,	,	,	,	,	,	,	,	,	,	,否,否,	,否,否,,	,否,	,否,,,否
VIOMI云米净水器小海豚600G+升级版厨下式RO反渗透直饮家用,260120-397473246721347,已发货，待收货,1	,正常,2026-01-20 17:08:35,2026-01-21 17:08:36,,2026-01-21 14:17:40,	,852161740747	,小海豚600G+升级版,1835709207960	,厨房电器,净水器/净水设备及配件耗材,净水器,	,6923185653684	,	,ZX2601240062623物流异常，已建单咨询1.24丹丹 HH2C675125681已生成换货单1.24丹丹,	,无售后或售后取消,,2026-01-20 17:08:36,	,,,,,,,否,否,	,否,	,,559.0	,0.0	,0.0	,0.0	,0.0	,0.0	,0.0	,0.0	,559.0	,559.0	,JDV025241793954,京东大件物流,北京市,北京市,昌平区,,,否,否,	,	,	,否,	,	,	,	,	,	,	,	,	,	,	,	,否,否,	,否,否,,	,否,	,否,,,否
云米小厨宝6L电热水器厨房卫生间出水恒温储水式小型速热神器加热,260120-187464497592875,已发货，待收货,1	,正常,2026-01-20 17:08:46,2026-01-21 17:08:46,,2026-01-21 09:47:02,	,208073193570	,热水即刻有-【6L】,1801828025682	,大家电,热水器,厨宝,	,6923185611233	,6923185611233	,	,	,无售后或售后取消,,2026-01-20 17:08:46,	,,,,,,,否,否,	,否,	,,239.0	,0.0	,0.0	,0.0	,0.0	,0.0	,0.0	,0.0	,239.0	,239.0	,JDV025238209183,京东大件物流,福建省,宁德市,蕉城区,,,否,否,	,	,	,否,	,	,	,	,	,	,	,	,	,	,	,	,否,否,	,否,否,,	,否,	,否,,,否
VIOMI 云米净水器600G小海豚升级版厨下式RO反渗透直饮家用,260120-355603638603201,已收货,1	,正常,2026-01-20 17:04:43,2026-01-21 17:04:43,,2026-01-21 14:17:41,2026-01-23 22:14:01,225501370546	,小海豚600G,1813468330532	,厨房电器,净水器/净水设备及配件耗材,净水器,	,6923185653684	,6923185616399	,	,	,无售后或售后取消,,2026-01-20 17:04:43,	,,,,,,,否,否,	,否,	,,619.0	,0.0	,0.0	,68.09	,0.0	,0.0	,0.0	,0.0	,550.91	,619.0	,JDV025245833677,京东大件物流,****,****,****,****,,否,否,	,	,	,否,	,	,	,	,	,	,	,	,	,	,	,	,否,否,	,否,否,,	,否,	,否,,,否
新品首发 Viomi云米 小海豚3上市RO净水器5年长效反渗透净水器,260120-492967094580423,已收货,1	,正常,2026-01-20 17:04:14,2026-01-21 17:04:15,,2026-01-21 09:50:10,2026-01-24 10:15:24,862873034610	,小海豚3（原装滤芯）（包安装）,1825244823454	,厨房电器,净水器/净水设备及配件耗材,净水器,	,6923185605867	,	,	,	,无售后或售后取消,,2026-01-20 17:04:15,	,,,,,,,否,否,	,否,	,,498.9	,0.0	,0.0	,50.0	,0.0	,0.0	,0.0	,0.0	,448.9	,498.9	,JDV025238189176,京东大件物流,****,****,****,****,,否,否,	,	,	,否,	,	,	,	,	,	,	,	,	,	,	,	,否,否,	,否,否,,	,否,	,否,,,否
VIOMI云米净水器小海豚600G+升级版厨下式RO反渗透直饮家用,260120-598653090123201,已取消,1	,正常,	,	,,	,	,852161740747	,小海豚600G+升级版,1835709207960	,厨房电器,净水器/净水设备及配件耗材,净水器,	,6923185653684	,	,	,	,无售后或售后取消,,	,	,,,,,,,否,否,	,否,	,,559.0	,0.0	,0.0	,0.0	,0.0	,0.0	,0.0	,0.0	,559.0	,559.0	,	,	,****,****,****,****,,否,否,	,	,	,否,	,	,	,	,	,	,	,	,	,	,	,	,否,否,	,否,	,,	,否,	,否,,,否
VIOMI云米净水器小海豚600G+升级版厨下式RO反渗透直饮家用,260120-024788406603201,已取消,1	,正常,	,	,,	,	,852161740747	,小海豚600G+升级版,1835709207960	,厨房电器,净水器/净水设备及配件耗材,净水器,	,6923185653684	,	,	,	,无售后或售后取消,,	,	,,,,,,,否,否,	,否,	,,559.0	,0.0	,0.0	,0.0	,0.0	,0.0	,0.0	,0.0	,559.0	,559.0	,	,	,****,****,****,****,,否,否,	,	,	,否,	,	,	,	,	,	,	,	,	,	,	,	,否,否,	,否,	,,	,否,	,否,,,否
新品首发 Viomi云米 小海豚3上市RO净水器5年长效反渗透净水器,260120-411723374201519,已发货，待收货,1	,正常,2026-01-20 17:00:11,2026-01-21 17:00:11,,2026-01-21 09:50:11,	,862873034610	,小海豚3（原装滤芯）（包安装）,1825244823454	,厨房电器,净水器/净水设备及配件耗材,净水器,	,6923185605867	,	,	,	,无售后或售后取消,,2026-01-20 17:00:11,	,,,,,,,否,否,	,否,	,,498.9	,0.0	,0.0	,4.0	,0.0	,0.0	,0.0	,0.0	,494.9	,498.9	,JDV025245634840,京东大件物流,河南省,南阳市,新野县,,,否,否,	,	,	,否,	,	,	,	,	,	,	,	,	,	,	,	,否,否,	,否,否,,	,否,	,否,,,否
VIOMI云米净水器小海豚600G+升级版厨下式RO反渗透直饮家用,260120-638090002761509,已取消,1	,正常,	,	,,	,	,852161740747	,小海豚600G+升级版,1835709207960	,厨房电器,净水器/净水设备及配件耗材,净水器,	,6923185653684	,	,	,	,无售后或售后取消,,	,	,,,,,,,否,否,	,否,	,,559.0	,0.0	,0.0	,0.0	,0.0	,0.0	,0.0	,0.0	,559.0	,559.0	,	,	,****,****,****,****,,否,否,	,	,	,否,	,	,	,	,	,	,	,	,	,	,	,	,否,否,	,否,	,,	,否,	,否,,,否
VIOMI云米净水器小海豚600G+升级版厨下式RO反渗透直饮家用,260120-615398807043216,已取消,1	,正常,	,	,,	,	,852161740747	,小海豚600G+升级版,1835709207960	,厨房电器,净水器/净水设备及配件耗材,净水器,	,6923185653684	,	,	,	,无售后或售后取消,,	,	,,,,,,,否,否,	,否,	,,559.0	,0.0	,0.0	,0.0	,0.0	,0.0	,0.0	,0.0	,559.0	,559.0	,	,	,****,****,****,****,,否,否,	,	,	,否,	,	,	,	,	,	,	,	,	,	,	,	,否,否,	,否,	,,	,否,	,否,,,否
云米小厨宝6L电热水器厨房卫生间出水恒温储水式小型速热神器加热,260120-262144059832875,已发货，待收货,1	,正常,2026-01-20 16:49:20,2026-01-21 16:49:20,,2026-01-21 09:47:01,	,208073193570	,热水即刻有-【6L】,1801828025682	,大家电,热水器,厨宝,	,6923185611233	,6923185611233	,	,	,无售后或售后取消,,2026-01-20 16:49:20,	,,,,,,,否,否,	,否,	,,239.0	,0.0	,0.0	,0.0	,1.15	,0.0	,0.0	,0.0	,239.0	,239.0	,JDV025238179007,京东大件物流,福建省,宁德市,蕉城区,,,否,否,	,	,	,否,	,	,	,	,	,	,	,	,	,	,	,	,否,否,	,否,否,,	,否,	,否,,,否
云米新品鲲鹏PRO油烟机28m³大吸力易清洁挥手智控烟灶联动小噪音,260120-476640734803799,已取消,1	,正常,	,	,,	,	,763759392708	,【新品】小噪音大吸力油烟机,1748828925108	,大家电,厨房大电,油烟机,	,6923185605379	,6923185605379	,	,	,无售后或售后取消,,	,	,,,,,,,否,否,	,否,	,,1999.0	,0.0	,0.0	,100.0	,0.0	,0.0	,0.0	,0.0	,1899.0	,1999.0	,	,	,****,****,****,****,,否,否,	,	,	,否,	,	,	,	,	,	,	,	,	,	,	,	,否,否,	,否,	,,	,否,	,否,,,否
云米电热水器50/60升洗澡家用浴室速热大容量省电防漏电警示安全,260120-116821901652340,已取消,1	,正常,	,	,,	,	,691819698413	,60L速热加长防电墙5倍增容,1683563098526	,大家电,热水器,电热水器,	,6923185614937	,	,	,	,无售后或售后取消,,	,	,,,,,,,否,否,	,否,	,,588.99	,0.0	,0.0	,0.0	,0.0	,0.0	,0.0	,0.0	,588.99	,588.99	,	,	,****,****,****,****,,否,否,	,	,	,否,	,	,	,	,	,	,	,	,	,	,	,	,否,否,	,否,	,,	,否,	,否,,,否
VIOMI云米净水器小海豚600G+升级版厨下式RO反渗透直饮家用,260120-471880210070434,已发货，待收货,1	,正常,2026-01-20 16:39:09,2026-01-21 16:39:10,,2026-01-21 14:17:41,	,852161740747	,小海豚600G+升级版,1835709207960	,厨房电器,净水器/净水设备及配件耗材,净水器,	,6923185653684	,	,	,	,无售后或售后取消,,2026-01-20 16:39:10,	,,,,,,,否,否,	,否,	,,559.0	,0.0	,0.0	,60.0	,0.0	,0.0	,0.0	,0.0	,499.0	,559.0	,JDV025245827592,京东大件物流,江苏省,南京市,栖霞区,,,否,否,	,	,	,否,	,	,	,	,	,	,	,	,	,	,	,	,否,否,	,否,否,,	,否,	,否,,,否
VIOMI云米净水器小海豚600G+升级版厨下式RO反渗透直饮家用,260120-305618010522935,已发货，待收货,1	,正常,2026-01-20 16:38:34,2026-01-21 16:38:34,	,2026-01-21 14:17:41,	,852161740747	,小海豚600G+升级版,1835709207960	,厨房电器,净水器/净水设备及配件耗材,净水器,	,6923185653684	,	,	,	,无售后或售后取消,,2026-01-20 16:38:34,	,,,,,,,否,否,	,否,	,,559.0	,0.0	,0.0	,60.0	,0.2	,0.0	,0.0	,0.0	,499.0	,559.0	,JDV025245787632,京东大件物流,江苏省,南京市,江宁区,,,否,否,	,	,	,否,	,	,	,	,	,	,	,	,	,	,	,	,否,否,	,否,否,,	,否,	,否,,,否
新品首发 Viomi云米 小海豚3上市RO净水器5年长效反渗透净水器,260120-555598559531393,已发货，待收货,1	,正常,2026-01-20 16:35:58,2026-01-21 16:35:58,,2026-01-21 09:50:11,	,862873034610	,小海豚3（原装滤芯）（包安装）,1825244823454	,厨房电器,净水器/净水设备及配件耗材,净水器,	,6923185605867	,	,	,	,无售后或售后取消,,2026-01-20 16:35:58,	,,,,,,,否,否,	,否,	,,498.9	,0.0	,0.0	,0.0	,0.0	,0.0	,0.0	,0.0	,498.9	,498.9	,JDV025245659086,京东大件物流,广东省,肇庆市,端州区,,,否,否,	,	,	,否,	,	,	,	,	,	,	,	,	,	,	,	,否,否,	,否,否,,	,否,	,否,,,否
VIOMI云米净水器小海豚600G+升级版厨下式RO反渗透直饮家用,260120-049083860481347,未发货，退款成功,1	,正常,2026-01-20 16:22:22,2026-01-21 16:22:22,,	,	,852161740747	,小海豚600G+升级版,1835709207960	,厨房电器,净水器/净水设备及配件耗材,净水器,	,6923185653684	,	,聚水潭已取消发货 已退款1.20梓晖,	,退款成功,,2026-01-20 16:22:22,	,,,,,,,否,否,	,否,	,,559.0	,0.0	,0.0	,0.0	,0.0	,0.0	,0.0	,0.0	,559.0	,559.0	,	,	,****,****,****,****,,否,否,	,	,	,否,	,	,	,	,	,	,	,	,	,	,	,	,否,否,	,否,否,,	,否,	,否,,,否
VIOMI云米净水器小海豚600G+升级版厨下式RO反渗透直饮家用,260120-081159842212237,已发货，待收货,1	,正常,2026-01-20 16:22:02,2026-01-21 16:22:02,,2026-01-21 09:50:11,	,852161740747	,小海豚600G+升级版,1835709207960	,厨房电器,净水器/净水设备及配件耗材,净水器,	,6923185653684	,	,	,	,无售后或售后取消,,2026-01-20 16:22:02,	,,,,,,,否,否,	,否,	,,559.0	,0.0	,0.0	,50.0	,0.2	,0.0	,0.0	,0.0	,509.0	,559.0	,JDV025245625948,京东大件物流,福建省,三明市,永安市,,,否,否,	,	,	,否,	,	,	,	,	,	,	,	,	,	,	,	,否,否,	,否,否,,	,否,	,否,,,否
新品首发 Viomi云米 小海豚3上市RO净水器5年长效反渗透净水器,260120-040642886040066,已收货,1	,正常,2026-01-20 16:18:32,2026-01-21 16:18:33,,2026-01-21 09:50:11,2026-01-22 15:17:05,862873034610	,小海豚3+2支复合滤芯（包安装）,1825244823453	,厨房电器,净水器/净水设备及配件耗材,净水器,	,S2512250943001,	,	,	,无售后或售后取消,,2026-01-20 16:18:33,	,,,,,,,否,否,	,否,	,,702.9	,0.0	,0.0	,0.0	,0.0	,0.0	,0.0	,0.0	,702.9	,702.9	,JDV025237005991,京东大件物流,****,****,****,****,,否,否,	,	,	,否,	,	,	,	,	,	,	,	,	,	,	,	,否,否,	,否,否,,	,否,	,否,,,否
云米AI燃气热水器 智控恒温防冻节能安全水质净化精准控温13L强排,260120-321000630691112,已发货，待收货,1	,正常,2026-01-20 16:16:09,2026-01-21 16:16:09,,2026-01-21 09:47:02,	,774960777953	,智控恒温燃气热水器,1756760299679	,大家电,热水器,燃气热水器,	,6923185655688	,6923185655688	,	,	,无售后或售后取消,,2026-01-20 16:16:09,	,,,,,,,否,否,	,否,	,,529.0	,0.0	,0.0	,0.0	,0.0	,0.0	,0.0	,0.0	,529.0	,529.0	,JDV025236965840,京东大件物流,四川省,成都市,新都区,,,否,否,	,	,	,否,	,	,	,	,	,	,	,	,	,	,	,	,否,否,	,否,否,,	,否,	,否,,,否
VIOMI云米净水器小海豚600G+升级版厨下式RO反渗透直饮家用,260120-557506937202829,已收货,1	,正常,2026-01-20 16:15:23,2026-01-21 16:15:24,,2026-01-21 14:17:38,2026-01-22 22:45:18,852161740747	,小海豚600G+升级版,1835709207960	,厨房电器,净水器/净水设备及配件耗材,净水器,	,6923185653684	,	,AZ2601220232698==1.22米锋,	,无售后或售后取消,,2026-01-20 16:15:24,	,,,,,,,否,否,	,否,	,,559.0	,0.0	,0.0	,60.0	,0.0	,0.0	,0.0	,0.0	,499.0	,559.0	,JDV025247560192,京东大件物流,****,****,****,****,,否,否,	,	,	,否,	,	,	,	,	,	,	,	,	,	,	,	,否,否,	,否,否,,	,否,	,否,,,否
云米电热水器50/60升洗澡家用浴室速热大容量省电防漏电警示安全,260120-384848423252340,已取消,1	,正常,	,	,,	,	,691819698413	,50L速热加长防电墙5倍增容,1683563098525	,大家电,热水器,电热水器,	,6923185614920	,	,	,	,无售后或售后取消,,	,	,,,,,,,否,否,	,否,	,,488.99	,0.0	,0.0	,0.0	,0.0	,0.0	,0.0	,0.0	,488.99	,488.99	,	,	,****,****,****,****,,否,否,	,	,	,否,	,	,	,	,	,	,	,	,	,	,	,	,否,否,	,否,	,,	,否,	,否,,,否
VIOMI云米净水器小海豚600G+升级版厨下式RO反渗透直饮家用,260120-651689991741281,已取消,1	,正常,	,	,,	,	,852161740747	,小海豚600G+升级版,1835709207960	,厨房电器,净水器/净水设备及配件耗材,净水器,	,6923185653684	,	,	,	,无售后或售后取消,,	,	,,,,,,,否,否,	,否,	,,559.0	,0.0	,0.0	,0.0	,0.0	,0.0	,0.0	,0.0	,559.0	,559.0	,	,	,****,****,****,****,,否,否,	,	,	,否,	,	,	,	,	,	,	,	,	,	,	,	,否,否,	,否,	,,	,否,	,否,,,否
VIOMI云米净水器小海豚600G+升级版厨下式RO反渗透直饮家用,260120-109188236903819,已取消,1	,正常,	,	,,	,	,852161740747	,小海豚600G+升级版,1835709207960	,厨房电器,净水器/净水设备及配件耗材,净水器,	,6923185653684	,	,	,	,无售后或售后取消,,	,	,,,,,,,否,否,	,否,	,,559.0	,0.0	,0.0	,0.0	,0.0	,0.0	,0.0	,0.0	,559.0	,559.0	,	,	,****,****,****,****,,否,否,	,	,	,否,	,	,	,	,	,	,	,	,	,	,	,	,否,否,	,否,	,,	,否,	,否,,,否
VIOMI云米净水器小海豚600G+升级版厨下式RO反渗透直饮家用,260120-113927800462855,已取消,1	,正常,	,	,,	,	,852161740747	,小海豚600G+升级版,1835709207960	,厨房电器,净水器/净水设备及配件耗材,净水器,	,6923185653684	,	,	,	,无售后或售后取消,,	,	,,,,,,,否,否,	,否,	,,559.0	,0.0	,0.0	,0.0	,0.0	,0.0	,0.0	,0.0	,559.0	,559.0	,	,	,****,****,****,****,,否,否,	,	,	,否,	,	,	,	,	,	,	,	,	,	,	,	,否,否,	,否,	,,	,否,	,否,,,否
VIOMI云米净水器小海豚600G+升级版厨下式RO反渗透直饮家用,260120-179788858893054,已收货,1	,正常,2026-01-20 15:56:18,2026-01-21 15:56:18,,2026-01-21 09:50:11,2026-01-24 19:25:58,852161740747	,小海豚600G+升级版,1835709207960	,厨房电器,净水器/净水设备及配件耗材,净水器,	,6923185653684	,	,	,	,无售后或售后取消,,2026-01-20 15:56:18,	,,,,,,,否,否,	,否,	,,559.0	,0.0	,0.0	,60.0	,0.2	,0.0	,0.0	,0.0	,499.0	,559.0	,JDV025236983086,京东大件物流,****,****,****,****,,否,否,	,	,	,否,	,	,	,	,	,	,	,	,	,	,	,	,否,否,	,否,否,,	,否,	,否,,,否
VIOMI 云米净水器600G小海豚升级版厨下式RO反渗透直饮家用,260120-208257707581828,已发货，待收货,1	,正常,2026-01-20 15:52:48,2026-01-21 15:52:48,	,2026-01-21 09:47:02,	,225501370546	,小海豚600G,1813468330532	,厨房电器,净水器/净水设备及配件耗材,净水器,	,6923185653684	,6923185616399	,AZ2601220232601==1.22米锋==已反馈网点1.24米锋,	,无售后或售后取消,,2026-01-20 15:52:48,	,,,,,,,否,否,	,否,	,,619.0	,0.0	,0.0	,0.0	,0.0	,0.0	,0.0	,0.0	,619.0	,619.0	,JDV025245814400,京东大件物流,江苏省,连云港市,赣榆区,,,否,否,	,	,	,否,	,	,	,	,	,	,	,	,	,	,	,	,否,否,	,否,否,,	,否,	,否,,,否
VIOMI云米净水器小海豚600G+升级版厨下式RO反渗透直饮家用,260120-327187207703786,已取消,1	,正常,	,	,,	,	,852161740747	,小海豚600G+升级版,1835709207960	,厨房电器,净水器/净水设备及配件耗材,净水器,	,6923185653684	,	,	,	,无售后或售后取消,,	,	,,,,,,,否,否,	,否,	,,559.0	,0.0	,0.0	,3.0	,0.0	,0.0	,0.0	,0.0	,556.0	,559.0	,	,	,****,****,****,****,,否,否,	,	,	,否,	,	,	,	,	,	,	,	,	,	,	,	,否,否,	,否,	,,	,否,	,否,,,否
云米23m³顶侧大吸力超薄智能油烟机厨房app挥手智控易清洁一级,260120-583847155340400,已发货，待收货,1	,正常,2026-01-20 15:49:29,2026-01-21 15:49:29,,2026-01-21 09:47:02,	,219486126363	,挥手智控单烟机,1689355640209	,大家电,厨房大电,油烟机,	,6923185613664	,6923185613664	,	,	,无售后或售后取消,,2026-01-20 15:49:29,	,,,,,,,否,否,	,否,	,,1031.0	,0.0	,0.0	,0.0	,0.0	,0.0	,0.0	,0.0	,1031.0	,1031.0	,JDV025237017296,京东大件物流,广东省,揭阳市,惠来县,,,否,否,	,	,	,否,	,	,	,	,	,	,	,	,	,	,	,	,否,否,	,否,否,,	,否,	,否,,,否
云米23立方油烟机燃气灶套装家用厨房顶侧大吸力油烟机5.0KW灶具,260120-368605959770281,已发货，退款成功,1	,正常,2026-01-20 15:45:38,2026-01-21 15:45:39,,2026-01-21 09:47:01,	,209837375742	,"【烟灶联动】瞬吸烟机+5.0KW灶,液化气",1792607150010	,大家电,厨房大电,烟灶消套装,	,S2411211431001,	,AZ2601230229143==AZ2601230229141=1.23米锋 报销运费102.07已登记小额==1.23米锋 已咨询上级不支持发灶具的操作=陈煜1.24,	,退款成功,,2026-01-20 15:45:39,	,,,,,,,否,否,	,否,	,,1399.0	,0.0	,0.0	,0.0	,0.0	,0.0	,0.0	,0.0	,1399.0	,1399.0	,JDV025238196097,京东大件物流,****,****,****,****,,否,否,	,	,	,否,	,	,	,	,	,	,	,	,	,	,	,	,否,否,	,否,否,,	,否,	,否,,,否
云米23m³顶侧大吸力超薄智能油烟机厨房app挥手智控易清洁一级,260120-503704471130281,未发货，退款成功,1	,正常,2026-01-20 15:43:54,2026-01-21 15:43:55,,	,	,219486126363	,挥手智控单烟机,1689355640209	,大家电,厨房大电,油烟机,	,6923185613664	,6923185613664	,聚水潭已取消发货 已退款1.20丹丹,	,退款成功,,2026-01-20 15:43:55,	,,,,,,,否,否,	,否,	,,1031.0	,0.0	,200.0	,0.0	,1.66	,0.0	,0.0	,0.0	,831.0	,831.0	,	,	,****,****,****,****,,否,否,	,	,	,否,	,	,	,	,	,	,	,	,	,	,	,	,否,否,	,否,否,,	,否,	,否,,,否
云米顶侧大吸力蓝调油烟机家用厨房节能自清洁一级能效可挥手智控,260120-538296983180400,未发货，退款成功,1	,正常,2026-01-20 15:36:40,2026-01-21 15:36:40,	,	,	,657344402006	,顶侧双吸智清洁挥手智控单烟机,1832827639759	,大家电,厨房大电,油烟机,	,6923185650973	,6923185650973	,嗮图赠送清洁剂 [viomi小甜心 01/20 15:43] 聚水潭已取消发货 已退款1.20丹丹,	,退款成功,,2026-01-20 15:36:40,	,,,,,,,否,否,	,否,	,,849.0	,0.0	,0.0	,0.0	,0.0	,0.0	,0.0	,0.0	,849.0	,849.0	,	,	,****,****,****,****,,否,否,	,	,	,否,	,	,	,	,	,	,	,	,	,	,	,	,否,否,	,否,否,,	,否,	,否,,,否
云米23m³顶侧大吸力超薄智能油烟机厨房app挥手智控易清洁一级,260120-023886589580400,已取消,1	,正常,	,	,,	,	,219486126363	,挥手智控单烟机,1689355640209	,大家电,厨房大电,油烟机,	,6923185613664	,6923185613664	,	,	,无售后或售后取消,,	,	,,,,,,,否,否,	,否,	,,1031.0	,0.0	,0.0	,0.0	,0.0	,0.0	,0.0	,0.0	,1031.0	,1031.0	,	,	,****,****,****,****,,否,否,	,	,	,否,	,	,	,	,	,	,	,	,	,	,	,	,否,否,	,否,	,,	,否,	,否,,,否
VIOMI云米净水器小海豚600G+升级版厨下式RO反渗透直饮家用,260120-347791705701089,已取消,1	,正常,	,	,,	,	,852161740747	,小海豚600G+升级版,1835709207960	,厨房电器,净水器/净水设备及配件耗材,净水器,	,6923185653684	,	,	,	,无售后或售后取消,,	,	,,,,,,,否,否,	,否,	,,559.0	,0.0	,0.0	,0.0	,0.0	,0.0	,0.0	,0.0	,559.0	,559.0	,	,	,****,****,****,****,,否,否,	,	,	,否,	,	,	,	,	,	,	,	,	,	,	,	,否,否,	,否,	,,	,否,	,否,,,否
VIOMI云米净水器小海豚600G+升级版厨下式RO反渗透直饮家用,260120-593619852922472,未发货，退款成功,1	,正常,2026-01-20 15:25:37,2026-01-21 15:25:37,,	,	,852161740747	,小海豚600G+升级版,1835709207960	,厨房电器,净水器/净水设备及配件耗材,净水器,	,6923185653684	,	,聚水潭已取消发货 已退款1.20丹丹,	,退款成功,,2026-01-20 15:25:37,	,,,,,,,否,否,	,否,	,,559.0	,0.0	,0.0	,55.42	,0.0	,0.0	,0.0	,0.0	,503.58	,559.0	,	,	,****,****,****,****,,否,否,	,	,	,否,	,	,	,	,	,	,	,	,	,	,	,	,否,否,	,否,否,,	,否,	,否,,,否
VIOMI云米净水器小海豚600G+升级版厨下式RO反渗透直饮家用,260120-603916879482472,未发货，退款成功,1	,正常,2026-01-20 15:18:32,2026-01-21 15:18:32,,	,	,852161740747	,小海豚600G+升级版,1835709207960	,厨房电器,净水器/净水设备及配件耗材,净水器,	,6923185653684	,	,聚水潭已取消发货 已退款1.20丹丹,	,退款成功,,2026-01-20 15:18:32,	,,,,,,,否,否,	,否,	,,559.0	,0.0	,0.0	,55.42	,0.0	,0.0	,0.0	,0.0	,503.58	,559.0	,	,	,****,****,****,****,,否,否,	,	,	,否,	,	,	,	,	,	,	,	,	,	,	,	,否,否,	,否,否,,	,否,	,否,,,否
VIOMI云米净水器小海豚600G+升级版厨下式RO反渗透直饮家用,260120-564008097293071,已取消,1	,正常,	,	,,	,	,852161740747	,小海豚600G+升级版,1835709207960	,厨房电器,净水器/净水设备及配件耗材,净水器,	,6923185653684	,	,	,	,无售后或售后取消,,	,	,,,,,,,否,否,	,否,	,,559.0	,0.0	,0.0	,60.0	,0.0	,0.0	,0.0	,0.0	,499.0	,559.0	,	,	,****,****,****,****,,否,否,	,	,	,否,	,	,	,	,	,	,	,	,	,	,	,	,否,否,	,否,	,,	,否,	,否,,,否
云米AI燃气热水器 智控恒温防冻节能安全水质净化精准控温13L强排,260120-356411020814095,已发货，待收货,1	,正常,2026-01-20 15:04:15,2026-01-21 15:04:15,,2026-01-21 09:47:03,	,774960777953	,智控恒温燃气热水器,1756760299679	,大家电,热水器,燃气热水器,	,6923185655688	,6923185655688	,	,	,无售后或售后取消,,2026-01-20 15:04:15,	,,,,,,,否,否,	,否,	,,529.0	,0.0	,0.0	,0.0	,0.0	,0.0	,0.0	,0.0	,529.0	,529.0	,JDV025235499022,京东大件物流,四川省,广安市,广安区,,,否,否,	,	,	,否,	,	,	,	,	,	,	,	,	,	,	,	,否,否,	,否,否,,	,否,	,否,,,否
云米60L速热电热水器3000W一级节能变频增容租房安全已接入米家AP,260120-296788969024054,已取消,1	,正常,	,	,,	,	,208071231700	,双管变频速热60L,1660917678582	,大家电,热水器,电热水器,	,6923185602224	,6923185602224	,	,	,无售后或售后取消,,	,	,,,,,,,否,否,	,否,	,,671.0	,0.0	,0.0	,0.0	,0.0	,0.0	,0.0	,0.0	,671.0	,671.0	,	,	,****,****,****,****,,否,否,	,	,	,否,	,	,	,	,	,	,	,	,	,	,	,	,否,否,	,否,	,,	,否,	,否,,,否
云米电热水器50/60升洗澡家用浴室速热大容量省电防漏电安全保温,260120-151749978452340,已取消,1	,正常,	,	,,	,	,436320010098	,"速热长效保温安全电热水器,50L【2-3人】",1756921788832	,大家电,热水器,电热水器,	,6923185614920	,6923185614920	,	,	,无售后或售后取消,,	,	,,,,,,,否,否,	,否,	,,486.0	,0.0	,0.0	,0.0	,0.0	,0.0	,0.0	,0.0	,486.0	,486.0	,	,	,****,****,****,****,,否,否,	,	,	,否,	,	,	,	,	,	,	,	,	,	,	,	,否,否,	,否,	,,	,否,	,否,,,否
VIOMI云米净水器小海豚600G+升级版厨下式RO反渗透直饮家用,260120-075843572031785,未发货，退款成功,1	,正常,2026-01-20 14:33:24,2026-01-21 14:33:24,,	,	,852161740747	,小海豚600G+升级版,1835709207960	,厨房电器,净水器/净水设备及配件耗材,净水器,	,6923185653684	,	,ZX2601200065837拦截 1.20梓晖==已取消发货1.21丹丹,	,退款成功,,2026-01-20 14:33:24,	,,,,,,,否,否,	,否,	,,559.0	,0.0	,0.0	,0.0	,0.0	,0.0	,0.0	,0.0	,559.0	,559.0	,	,	,****,****,****,****,,否,否,	,	,	,否,	,	,	,	,	,	,	,	,	,	,	,	,否,否,	,否,否,,	,否,	,否,,,否
云米小厨宝6L电热水器厨房卫生间出水恒温储水式小型速热神器加热,260120-209421637230270,已发货，待收货,1	,正常,2026-01-20 14:28:41,2026-01-21 14:28:41,,2026-01-20 17:30:33,	,208073193570	,热水即刻有-【6L】,1801828025682	,大家电,热水器,厨宝,	,6923185611233	,6923185611233	,AZ2601220232363==1.22米锋,	,无售后或售后取消,,2026-01-20 14:28:41,	,,,,,,,否,否,	,否,	,,239.0	,0.0	,0.0	,0.0	,0.0	,0.0	,0.0	,0.0	,239.0	,239.0	,JDV025234022646,京东大件物流,安徽省,六安市,霍邱县,,,否,否,	,	,	,否,	,	,	,	,	,	,	,	,	,	,	,	,否,否,	,否,否,,	,否,	,否,,,否
VIOMI云米净水器小海豚600G+升级版厨下式RO反渗透直饮家用,260120-500611192462707,已发货，待收货,1	,正常,2026-01-20 14:19:14,2026-01-21 14:19:14,,2026-01-21 09:50:13,	,852161740747	,小海豚600G+升级版,1835709207960	,厨房电器,净水器/净水设备及配件耗材,净水器,	,6923185653684	,	,	,	,无售后或售后取消,,2026-01-20 14:19:14,	,,,,,,,否,否,	,否,	,,559.0	,0.0	,0.0	,60.0	,0.2	,0.0	,0.0	,0.0	,499.0	,559.0	,JDV025233579250,京东大件物流,北京市,北京市,昌平区,,,否,否,	,	,	,否,	,	,	,	,	,	,	,	,	,	,	,	,否,否,	,否,否,,	,否,	,否,,,否
云米电热水器50/60升洗澡家用浴室速热大容量省电防漏电安全保温,260120-446452283732340,已取消,1	,正常,	,	,,	,	,436320010098	,"速热长效保温安全电热水器,50L【2-3人】",1756921788832	,大家电,热水器,电热水器,	,6923185614920	,6923185614920	,	,	,无售后或售后取消,,	,	,,,,,,,否,否,	,否,	,,486.0	,0.0	,0.0	,15.0	,0.0	,0.0	,0.0	,0.0	,471.0	,486.0	,	,	,****,****,****,****,,否,否,	,	,	,否,	,	,	,	,	,	,	,	,	,	,	,	,否,否,	,否,	,,	,否,	,否,,,否
新品首发 Viomi云米 小海豚3上市RO净水器5年长效反渗透净水器,260120-180438965880863,已取消,1	,正常,	,	,,	,	,862873034610	,小海豚3（原装滤芯）（包安装）,1825244823454	,厨房电器,净水器/净水设备及配件耗材,净水器,	,6923185605867	,	,	,	,无售后或售后取消,,	,	,,,,,,,否,否,	,否,	,,498.9	,0.0	,0.0	,60.0	,0.0	,0.0	,0.0	,0.0	,438.9	,498.9	,	,	,****,****,****,****,,否,否,	,	,	,否,	,	,	,	,	,	,	,	,	,	,	,	,否,否,	,否,	,,	,否,	,否,,,否
云米小厨宝6L电热水器厨房卫生间出水恒温储水式小型速热神器加热,260120-051642438060353,已发货，待收货,1	,正常,2026-01-20 13:54:56,2026-01-21 13:54:56,,2026-01-21 14:17:37,	,208073193570	,热水即刻有-【6L】,1801828025682	,大家电,热水器,厨宝,	,6923185611233	,6923185611233	,	,	,无售后或售后取消,,2026-01-20 13:54:56,	,,,,,,,否,否,	,否,	,,239.0	,0.0	,0.0	,0.0	,0.0	,0.0	,0.0	,0.0	,239.0	,239.0	,JDV025247538268,京东大件物流,山东省,潍坊市,昌乐县,,,否,否,	,	,	,否,	,	,	,	,	,	,	,	,	,	,	,	,否,否,	,否,否,,	,否,	,否,,,否
云米小厨宝6L电热水器厨房卫生间出水恒温储水式小型速热神器加热,260120-269945465260353,已取消,1	,正常,	,	,,	,	,208073193570	,热水即刻有-【6L】,1801828025682	,大家电,热水器,厨宝,	,6923185611233	,6923185611233	,	,	,无售后或售后取消,,	,	,,,,,,,否,否,	,否,	,,239.0	,0.0	,0.0	,0.0	,0.0	,0.0	,0.0	,0.0	,239.0	,239.0	,	,	,****,****,****,****,,否,否,	,	,	,否,	,	,	,	,	,	,	,	,	,	,	,	,否,否,	,否,	,,	,否,	,否,,,否
云米5.2KW智能燃气灶大火力爆炒灶具一级节能家用厨房双灶头台嵌,260120-012247427444026,已取消,1	,正常,	,	,,	,	,738372436858	,5.2KW聚能猛火灶（液化气）,1727247957280	,大家电,厨房大电,燃气灶,	,6923185650331	,	,	,	,无售后或售后取消,,	,	,,,,,,,否,否,	,否,	,,699.0	,0.0	,100.0	,9.0	,0.0	,0.0	,0.0	,0.0	,590.0	,599.0	,	,	,****,****,****,****,,否,否,	,	,	,否,	,	,	,	,	,	,	,	,	,	,	,	,否,否,	,否,	,,	,否,	,否,,,否
云米智能AI门锁3D指纹密码蓝牙可连大容量续航家用公寓自动安全,260120-283797143853198,未发货，退款成功,1	,正常,2026-01-20 13:39:54,2026-01-21 13:39:54,,	,	,743885774552	,"云米蓝调指纹密码锁LBT11C,黑色",1734954999916	,基础建材,智能门锁/电子锁,智能门锁/电子锁,	,6923185655381	,6923185655381	,聚水潭已取消发货 已退款1.20丹丹,	,退款成功,,2026-01-20 13:39:54,	,,,,,,,否,否,	,否,	,,659.0	,0.0	,50.0	,11.85	,0.0	,0.0	,0.0	,0.0	,597.15	,609.0	,	,	,****,****,****,****,,否,否,	,	,	,否,	,	,	,	,	,	,	,	,	,	,	,	,否,否,	,否,否,,	,否,	,否,,,否
云米小厨宝6L电热水器厨房卫生间出水恒温储水式小型速热神器加热,260120-500275627650152,已发货，待收货,1	,正常,2026-01-20 13:19:56,2026-01-21 13:19:56,,2026-01-21 09:47:03,	,208073193570	,热水即刻有-【6L】,1801828025682	,大家电,热水器,厨宝,	,6923185611233	,6923185611233	,	,	,无售后或售后取消,,2026-01-20 13:19:56,	,,,,,,,否,否,	,否,	,,239.0	,0.0	,0.0	,11.95	,0.0	,0.0	,0.0	,0.0	,227.05	,239.0	,JDV025235513863,京东大件物流,福建省,莆田市,仙游县,,,否,否,	,	,	,否,	,	,	,	,	,	,	,	,	,	,	,	,否,否,	,否,否,,	,否,	,否,,,否
VIOMI云米净水器小海豚600G+升级版厨下式RO反渗透直饮家用,260120-269777651260028,已取消,1	,正常,	,	,,	,	,852161740747	,小海豚600G+升级版,1835709207960	,厨房电器,净水器/净水设备及配件耗材,净水器,	,6923185653684	,	,	,	,无售后或售后取消,,	,	,,,,,,,否,否,	,否,	,,559.0	,0.0	,0.0	,0.0	,0.0	,0.0	,0.0	,0.0	,559.0	,559.0	,	,	,****,****,****,****,,否,否,	,	,	,否,	,	,	,	,	,	,	,	,	,	,	,	,否,否,	,否,	,,	,否,	,否,,,否
VIOMI 云米净水器600G小海豚升级版厨下式RO反渗透直饮家用,260120-275922368901270,已取消,1	,正常,	,	,,	,	,225501370546	,小海豚600G,1813468330532	,厨房电器,净水器/净水设备及配件耗材,净水器,	,6923185653684	,6923185616399	,	,	,无售后或售后取消,,	,	,,,,,,,否,否,	,否,中国台湾集运,,619.0	,0.0	,0.0	,49.52	,0.0	,0.0	,0.0	,0.0	,569.48	,619.0	,	,	,****,****,****,****,,否,否,	,	,	,否,	,	,	,	,	,	,	,	,	,	,	,	,否,否,	,否,	,,	,否,	,否,,,否
新品首发 Viomi云米 小海豚3上市RO净水器5年长效反渗透净水器,260120-674842601903297,已收货,1	,正常,2026-01-20 13:06:59,2026-01-21 13:07:00,,2026-01-21 09:50:12,2026-01-22 13:07:16,862873034610	,小海豚3（原装滤芯）（包安装）,1825244823454	,厨房电器,净水器/净水设备及配件耗材,净水器,	,6923185605867	,	,	,	,无售后或售后取消,,2026-01-20 13:07:00,	,,,,,,,否,否,	,否,	,,498.9	,0.0	,0.0	,0.0	,0.0	,0.0	,0.0	,0.0	,498.9	,498.9	,JDV025235539145,京东大件物流,****,****,****,****,,否,否,	,	,	,否,	,	,	,	,	,	,	,	,	,	,	,	,否,否,	,否,否,,	,否,	,否,,,否
VIOMI云米净水器小海豚600G+升级版厨下式RO反渗透直饮家用,260120-141064936972802,已取消,1	,正常,	,	,,	,	,852161740747	,小海豚600G+升级版,1835709207960	,厨房电器,净水器/净水设备及配件耗材,净水器,	,6923185653684	,	,	,	,无售后或售后取消,,	,	,,,,,,,否,否,	,否,	,,559.0	,0.0	,0.0	,0.0	,0.0	,0.0	,0.0	,0.0	,559.0	,559.0	,	,	,****,****,****,****,,否,否,	,	,	,否,	,	,	,	,	,	,	,	,	,	,	,	,否,否,	,否,	,,	,否,	,否,,,否
云米小厨宝6L电热水器厨房卫生间出水恒温储水式小型速热神器加热,260120-387008510254088,已收货,1	,正常,2026-01-20 12:59:19,2026-01-21 12:59:19,	,2026-01-21 09:47:03,2026-01-24 08:19:18,208073193570	,热水即刻有-【6L】,1801828025682	,大家电,热水器,厨宝,	,6923185611233	,6923185611233	,AZ2601240225651==1.24米锋 WX2601250240078=13605615769=漏水维修=陈煜1.25,	,无售后或售后取消,,2026-01-20 12:59:19,	,,,,,,,否,否,	,否,	,,239.0	,0.0	,0.0	,50.0	,0.0	,0.0	,0.0	,0.0	,189.0	,239.0	,JDV025235136970,京东大件物流,****,****,****,****,,否,否,	,	,	,否,	,	,	,	,	,	,	,	,	,	,	,	,否,否,	,否,否,,	,否,	,否,,,否
VIOMI云米净水器小海豚600G+升级版厨下式RO反渗透直饮家用,260120-572837128532746,已收货,1	,正常,2026-01-20 12:59:24,2026-01-21 12:59:24,,2026-01-21 14:17:38,2026-01-25 12:17:15,852161740747	,小海豚600G+升级版,1835709207960	,厨房电器,净水器/净水设备及配件耗材,净水器,	,6923185653684	,	,	,	,无售后或售后取消,,2026-01-20 12:59:24,	,,,,,,,否,否,	,否,	,,559.0	,0.0	,0.0	,0.0	,0.0	,0.0	,0.0	,0.0	,559.0	,559.0	,JDV025247540709,京东大件物流,****,****,****,****,,否,否,	,	,	,否,	,	,	,	,	,	,	,	,	,	,	,	,否,否,	,否,否,,	,否,	,否,,,否
新品首发 Viomi云米 小海豚3上市RO净水器5年长效反渗透净水器,260120-646698780193931,未发货，退款成功,1	,正常,2026-01-20 12:57:27,2026-01-21 12:57:27,,	,	,862873034610	,小海豚3（原装滤芯）（包安装）,1825244823454	,厨房电器,净水器/净水设备及配件耗材,净水器,	,6923185605867	,	,聚水潭已取消发货 已退款1.20梓晖,	,退款成功,,2026-01-20 12:57:27,	,,,,,,,否,否,	,否,	,,498.9	,0.0	,0.0	,60.0	,0.0	,0.0	,0.0	,0.0	,438.9	,498.9	,	,	,****,****,****,****,,否,否,	,	,	,否,	,	,	,	,	,	,	,	,	,	,	,	,否,否,	,否,否,,	,否,	,否,,,否
云米5.2KW智能燃气灶大火力爆炒灶具一级节能家用厨房双灶头台嵌,260120-325226339983767,已取消,1	,正常,	,	,,	,	,738372436858	,5.2KW聚能猛火灶（天然气）,1727247957279	,大家电,厨房大电,燃气灶,	,6923185650348	,	,	,	,无售后或售后取消,,	,	,,,,,,,否,否,	,否,	,,699.0	,0.0	,100.0	,0.0	,0.0	,0.0	,0.0	,0.0	,599.0	,599.0	,	,	,****,****,****,****,,否,否,	,	,	,否,	,	,	,	,	,	,	,	,	,	,	,	,否,否,	,否,	,,	,否,	,否,,,否
云米AI燃气热水器 智控恒温防冻节能安全水质净化精准控温13L强排,260120-645755124101733,已收货,1	,正常,2026-01-20 12:49:26,2026-01-21 12:49:26,,2026-01-21 09:47:03,2026-01-24 20:38:49,774960777953	,智控恒温燃气热水器,1756760299679	,大家电,热水器,燃气热水器,	,6923185655688	,6923185655688	,	,	,无售后或售后取消,,2026-01-20 12:49:26,	,,,,,,,否,否,	,否,	,,529.0	,0.0	,0.0	,74.06	,0.0	,0.0	,0.0	,0.0	,454.94	,529.0	,JDV025235507581,京东大件物流,****,****,****,****,,否,否,	,	,	,否,	,	,	,	,	,	,	,	,	,	,	,	,否,否,	,否,否,,	,否,	,否,,,否
VIOMI 云米净水器600G小海豚升级版厨下式RO反渗透直饮家用,260120-659439030612989,未发货，退款成功,1	,正常,2026-01-20 12:51:23,2026-01-21 12:51:23,,	,	,225501370546	,小海豚600G,1813468330532	,厨房电器,净水器/净水设备及配件耗材,净水器,	,6923185653684	,6923185616399	,聚水潭已取消发货 已退款1.20丹丹,	,退款成功,,2026-01-20 12:51:23,	,,,,,,,否,否,	,否,	,,619.0	,0.0	,0.0	,26.0	,0.0	,0.0	,0.0	,0.0	,593.0	,619.0	,	,	,****,****,****,****,,否,否,	,	,	,否,	,	,	,	,	,	,	,	,	,	,	,	,否,否,	,否,否,,	,否,	,否,,,否
VIOMI 云米净水器600G小海豚升级版厨下式RO反渗透直饮家用,260120-375599982932989,已发货，待收货,1	,正常,2026-01-20 12:52:27,2026-01-21 12:52:27,,2026-01-20 17:30:33,	,225501370546	,小海豚600G,1813468330532	,厨房电器,净水器/净水设备及配件耗材,净水器,	,6923185653684	,6923185616399	,	,	,无售后或售后取消,,2026-01-20 12:52:27,	,,,,,,,否,否,	,否,	,,619.0	,0.0	,0.0	,86.66	,5.0	,0.0	,0.0	,0.0	,532.34	,619.0	,JDV025232703534,京东大件物流,湖南省,娄底市,新化县,,,否,否,	,	,	,否,	,	,	,	,	,	,	,	,	,	,	,	,否,否,	,否,否,,	,否,	,否,,,否
云米AI燃气热水器 智控恒温防冻节能安全水质净化精准控温13L强排,260120-458542354790373,待发货,1	,正常,2026-01-20 12:46:00,2026-02-15 12:46:00,,	,	,774960777953	,智控恒温燃气热水器,1756760299679	,大家电,热水器,燃气热水器,	,6923185655688	,6923185655688	,延迟发货到2月15号 [viomi小甜心 01/20 12:48],	,无售后或售后取消,,2026-01-20 12:46:00,	,,,,,,,否,否,	,否,	,,529.0	,0.0	,0.0	,52.9	,0.0	,0.0	,0.0	,0.0	,476.1	,529.0	,	,	,重庆市,重庆市,綦江区,,,否,否,	,	,	,否,	,	,	,	,	,	,	,	,	,	,	,	,否,否,	,否,否,,	,否,	,否,,,否
云米电热水器家用洗澡租房储水式速热抑菌安全节能省电卫生间40升,260120-247642253640432,已发货，待收货,1	,正常,2026-01-20 12:27:34,2026-01-21 12:27:34,,2026-01-20 20:48:20,	,227645754240	,"速热抑菌洗-40L,全国联保送货上门安装8年质保",1645458252843	,大家电,热水器,电热水器,	,6923185681281	,	,	,	,无售后或售后取消,,2026-01-20 12:27:34,	,,,,,,,否,否,	,否,	,,467.0	,0.0	,0.0	,0.0	,5.0	,0.0	,0.0	,0.0	,467.0	,467.0	,JDLD12970439914,京东大件物流,湖南省,株洲市,醴陵市,,,否,否,	,	,	,否,	,	,	,	,	,	,	,	,	,	,	,	,否,否,	,否,否,,	,否,	,否,,,否
云米小厨宝6L电热水器厨房卫生间出水恒温储水式小型速热神器加热,260120-142522530094088,未发货，退款成功,1	,正常,2026-01-20 12:27:36,2026-01-21 12:27:36,	,	,	,208073193570	,热水即刻有-【6L】,1801828025682	,大家电,热水器,厨宝,	,6923185611233	,6923185611233	,聚水潭已取消发货 已退款1.20丹丹,	,退款成功,,2026-01-20 12:27:36,	,,,,,,,否,否,	,否,	,,239.0	,0.0	,0.0	,50.0	,0.0	,0.0	,0.0	,0.0	,189.0	,239.0	,	,	,****,****,****,****,,否,否,	,	,	,否,	,	,	,	,	,	,	,	,	,	,	,	,否,否,	,否,否,,	,否,	,否,,,否
VIOMI 云米净水器600G小海豚升级版厨下式RO反渗透直饮家用,260120-660602918531863,已取消,1	,正常,	,	,,	,	,225501370546	,小海豚600G,1813468330532	,厨房电器,净水器/净水设备及配件耗材,净水器,	,6923185653684	,6923185616399	,	,	,无售后或售后取消,,	,	,,,,,,,否,否,	,否,	,,619.0	,0.0	,0.0	,92.85	,0.0	,0.0	,0.0	,0.0	,526.15	,619.0	,	,	,****,****,****,****,,否,否,	,	,	,否,	,	,	,	,	,	,	,	,	,	,	,	,否,否,	,否,	,,	,否,	,否,,,否
云米AI燃气热水器 智控恒温防冻节能安全水质净化精准控温13L强排,260120-551572007352156,待发货,1	,正常,2026-01-20 12:17:49,2026-01-31 12:17:49,,	,	,774960777953	,智控恒温燃气热水器,1756760299679	,大家电,热水器,燃气热水器,	,6923185655688	,6923185655688	,延迟发货到1月31号 [viomi小甜心 01/20 12:20],	,无售后或售后取消,,2026-01-20 12:17:49,	,,,,,,,否,否,	,否,	,,529.0	,0.0	,0.0	,74.06	,0.0	,0.0	,0.0	,0.0	,454.94	,529.0	,	,	,江西省,南昌市,南昌县,,,否,否,	,	,	,否,	,	,	,	,	,	,	,	,	,	,	,	,否,否,	,否,否,,	,否,	,否,,,否
新品首发 Viomi云米 小海豚3上市RO净水器5年长效反渗透净水器,260120-270847209050751,已发货，待收货,1	,正常,2026-01-20 11:49:34,2026-01-21 11:49:34,,2026-01-20 17:30:33,	,862873034610	,小海豚3（原装滤芯）（包安装）,1825244823454	,厨房电器,净水器/净水设备及配件耗材,净水器,	,6923185605867	,	,	,	,无售后或售后取消,,2026-01-20 11:49:34,	,,,,,,,否,否,	,否,	,,498.9	,0.0	,0.0	,0.0	,0.0	,0.0	,0.0	,0.0	,498.9	,498.9	,JDV025232696960,京东大件物流,江苏省,常州市,新北区,,,否,否,	,	,	,否,	,	,	,	,	,	,	,	,	,	,	,	,否,否,	,否,否,,	,否,	,否,,,否
VIOMI云米净水器小海豚600G+升级版厨下式RO反渗透直饮家用,260120-128387683882805,已取消,1	,正常,	,	,,	,	,852161740747	,小海豚600G+升级版,1835709207960	,厨房电器,净水器/净水设备及配件耗材,净水器,	,6923185653684	,	,	,	,无售后或售后取消,,	,	,,,,,,,否,否,	,否,	,,559.0	,0.0	,0.0	,0.0	,0.0	,0.0	,0.0	,0.0	,559.0	,559.0	,	,	,****,****,****,****,,否,否,	,	,	,否,	,	,	,	,	,	,	,	,	,	,	,	,否,否,	,否,	,,	,否,	,否,,,否
新品首发 Viomi云米 小海豚3上市RO净水器5年长效反渗透净水器,260120-227687872831380,已发货，待收货,1	,正常,2026-01-20 11:19:02,2026-01-21 11:19:02,,2026-01-20 17:30:33,	,862873034610	,小海豚3（原装滤芯）（包安装）,1825244823454	,厨房电器,净水器/净水设备及配件耗材,净水器,	,6923185605867	,	,AZ2601220232296==1.22米锋,	,无售后或售后取消,,2026-01-20 11:19:02,	,,,,,,,否,否,	,否,	,,498.9	,0.0	,0.0	,0.0	,0.0	,0.0	,0.0	,0.0	,498.9	,498.9	,JDV025232696862,京东大件物流,湖南省,怀化市,会同县,,,否,否,	,	,	,否,	,	,	,	,	,	,	,	,	,	,	,	,否,否,	,否,否,,	,否,	,否,,,否
VIOMI云米净水器小海豚600G+升级版厨下式RO反渗透直饮家用,260120-645398556272749,已发货，待收货,1	,正常,2026-01-20 11:13:44,2026-01-21 11:13:44,	,2026-01-20 17:30:33,	,852161740747	,小海豚600G+升级版,1835709207960	,厨房电器,净水器/净水设备及配件耗材,净水器,	,6923185653684	,	,	,	,无售后或售后取消,,2026-01-20 11:13:44,	,,,,,,,否,否,	,否,	,,559.0	,0.0	,0.0	,50.0	,0.0	,0.0	,0.0	,0.0	,509.0	,559.0	,JDV025232712883,京东大件物流,广东省,揭阳市,普宁市,,,否,否,	,	,	,否,	,	,	,	,	,	,	,	,	,	,	,	,否,否,	,否,否,,	,否,	,否,,,否
VIOMI云米净水器小海豚600G+升级版厨下式RO反渗透直饮家用,260120-560285663561509,已取消,1	,正常,	,	,,	,	,852161740747	,小海豚600G+升级版,1835709207960	,厨房电器,净水器/净水设备及配件耗材,净水器,	,6923185653684	,	,	,	,无售后或售后取消,,	,	,,,,,,,否,否,	,否,	,,559.0	,0.0	,0.0	,0.0	,0.0	,0.0	,0.0	,0.0	,559.0	,559.0	,	,	,****,****,****,****,,否,否,	,	,	,否,	,	,	,	,	,	,	,	,	,	,	,	,否,否,	,否,	,,	,否,	,否,,,否
VIOMI云米净水器小海豚600G+升级版厨下式RO反渗透直饮家用,260120-292762447452103,已发货，待收货,1	,正常,2026-01-20 11:08:56,2026-01-21 11:08:57,,2026-01-21 14:17:37,	,852161740747	,小海豚600G+升级版,1835709207960	,厨房电器,净水器/净水设备及配件耗材,净水器,	,6923185653684	,	,	,	,无售后或售后取消,,2026-01-20 11:08:57,	,,,,,,,否,否,	,否,	,,559.0	,0.0	,0.0	,60.0	,0.0	,0.0	,0.0	,0.0	,499.0	,559.0	,JDV025247560121,京东大件物流,甘肃省,天水市,秦州区,,,否,否,	,	,	,否,	,	,	,	,	,	,	,	,	,	,	,	,否,否,	,否,否,,	,否,	,否,,,否
云米小厨宝6L电热水器厨房卫生间出水恒温储水式小型速热神器加热,260120-572103145900353,未发货，退款成功,1	,正常,2026-01-20 11:01:23,2026-01-21 11:01:23,,	,	,208073193570	,热水即刻有-【6L】,1801828025682	,大家电,热水器,厨宝,	,6923185611233	,6923185611233	,聚水潭已取消发货 已退款1.20梓晖,	,退款成功,,2026-01-20 11:01:23,	,,,,,,,否,否,	,否,	,,239.0	,0.0	,0.0	,0.0	,0.0	,0.0	,0.0	,0.0	,239.0	,239.0	,	,	,****,****,****,****,,否,否,	,	,	,否,	,	,	,	,	,	,	,	,	,	,	,	,否,否,	,否,否,,	,否,	,否,,,否
云米小厨宝6L电热水器厨房卫生间出水恒温储水式小型速热神器加热,260120-301025236541622,已发货，待收货,1	,正常,2026-01-20 10:54:25,2026-01-21 10:54:25,,2026-01-21 14:17:37,	,208073193570	,热水即刻有-【6L】,1801828025682	,大家电,热水器,厨宝,	,6923185611233	,6923185611233	,	,	,无售后或售后取消,,2026-01-20 10:54:25,	,,,,,,,否,否,	,否,	,,239.0	,0.0	,0.0	,25.0	,1.15	,0.0	,0.0	,0.0	,214.0	,239.0	,JDV025247532275,京东大件物流,山西省,太原市,迎泽区,,,否,否,	,	,	,否,	,	,	,	,	,	,	,	,	,	,	,	,否,否,	,否,否,,	,否,	,否,,,否
VIOMI云米净水器小海豚600G+升级版厨下式RO反渗透直饮家用,260120-041376889160162,已取消,1	,正常,	,	,,	,	,852161740747	,小海豚600G+升级版,1835709207960	,厨房电器,净水器/净水设备及配件耗材,净水器,	,6923185653684	,	,	,	,无售后或售后取消,,	,	,,,,,,,否,否,	,否,	,,559.0	,0.0	,0.0	,60.0	,0.0	,0.0	,0.0	,0.0	,499.0	,559.0	,	,	,****,****,****,****,,否,否,	,	,	,否,	,	,	,	,	,	,	,	,	,	,	,	,否,否,	,否,	,,	,否,	,否,,,否
VIOMI云米净水器小海豚600G+升级版厨下式RO反渗透直饮家用,260120-089055587891940,未发货，退款成功,1	,审核中，请勿发货,2026-01-20 10:46:38,2026-01-21 10:46:39,,	,	,852161740747	,小海豚600G+升级版,1835709207960	,厨房电器,净水器/净水设备及配件耗材,净水器,	,6923185653684	,	,聚水潭已取消发货 已退款1.20丹丹,	,退款成功,,2026-01-20 10:46:39,	,,,,,,,否,否,	,否,	,,559.0	,0.0	,0.0	,0.0	,0.0	,0.0	,0.0	,0.0	,559.0	,559.0	,	,	,****,****,****,****,,否,否,	,	,	,否,	,	,	,	,	,	,	,	,	,	,	,	,否,否,	,否,	,,	,否,	,否,,,否
云米智能电热水器小蓝调节能变频速热家用浴室洗澡抑菌50L/60L,260120-451558807051588,已收货,1	,正常,2026-01-20 10:42:18,2026-01-21 10:42:18,,2026-01-20 17:30:34,2026-01-25 09:49:51,434684719975	,安全保护8倍增容大水量60L,1733881750462	,大家电,热水器,电热水器,	,6923185649083	,	,AZ2601220231692==1.22米锋,	,无售后或售后取消,,2026-01-20 10:42:18,	,,,,,,,否,否,	,否,	,,699.0	,0.0	,0.0	,0.0	,0.0	,0.0	,0.0	,0.0	,699.0	,699.0	,JDV025229411171,京东大件物流,****,****,****,****,,否,否,	,	,	,否,	,	,	,	,	,	,	,	,	,	,	,	,否,否,	,否,否,,	,否,	,否,,,否
云米5.0KW智能燃气灶大火力爆炒灶具一级节能家用厨房双灶头台嵌,260120-597447185990500,未发货，退款成功,1	,正常,2026-01-20 10:50:58,2026-01-21 10:50:58,,	,	,623266189560	,5.0KW精焰猛火灶（液化气）,1690346386817	,大家电,厨房大电,燃气灶,	,6923185649649	,	,ZX2601250061962==1.25米锋,	,退款成功,,2026-01-20 10:50:58,	,,,,,,,否,否,	,否,	,,444.0	,0.0	,4.44	,36.18	,0.0	,0.0	,0.0	,0.0	,403.38	,439.56	,	,	,****,****,****,****,,否,否,	,	,	,否,	,	,	,	,	,	,	,	,	,	,	,	,否,否,	,否,否,,	,否,	,否,,,否
云米5.0KW智能燃气灶大火力爆炒灶具一级节能家用厨房双灶头台嵌,260120-511547840070500,未发货，退款成功,1	,正常,2026-01-20 10:50:58,2026-01-21 10:50:58,,	,	,623266189560	,5.0KW精焰猛火灶（天然气）,1690346386816	,大家电,厨房大电,燃气灶,	,6923185649656	,	,聚水潭已取消发货 已退款1.20丹丹,	,退款成功,,2026-01-20 10:50:58,	,,,,,,,否,否,	,否,	,,444.0	,0.0	,4.44	,36.19	,0.0	,0.0	,0.0	,0.0	,403.37	,439.56	,	,	,****,****,****,****,,否,否,	,	,	,否,	,	,	,	,	,	,	,	,	,	,	,	,否,否,	,否,否,,	,否,	,否,,,否
VIOMI云米净水器小海豚600G+升级版厨下式RO反渗透直饮家用,260120-180963284571824,已取消,1	,正常,	,	,,	,	,852161740747	,小海豚600G+升级版,1835709207960	,厨房电器,净水器/净水设备及配件耗材,净水器,	,6923185653684	,	,	,	,无售后或售后取消,,	,	,,,,,,,否,否,	,否,	,,559.0	,0.0	,0.0	,0.0	,0.0	,0.0	,0.0	,0.0	,559.0	,559.0	,	,	,****,****,****,****,,否,否,	,	,	,否,	,	,	,	,	,	,	,	,	,	,	,	,否,否,	,否,	,,	,否,	,否,,,否
VIOMI 云米净水器600G小海豚升级版厨下式RO反渗透直饮家用,260120-098408917392198,已收货,1	,正常,2026-01-20 10:32:21,2026-01-21 10:32:21,,2026-01-21 14:17:37,2026-01-25 19:21:28,225501370546	,小海豚600G,1813468330532	,厨房电器,净水器/净水设备及配件耗材,净水器,	,6923185653684	,6923185616399	,	,	,无售后或售后取消,,2026-01-20 10:32:21,	,,,,,,,否,否,	,否,	,,619.0	,0.0	,0.0	,100.0	,0.0	,0.0	,0.0	,0.0	,519.0	,619.0	,JDV025247545764,京东大件物流,****,****,****,****,,否,否,	,	,	,否,	,	,	,	,	,	,	,	,	,	,	,	,否,否,	,否,否,,	,否,	,否,,,否
VIOMI云米净水器小海豚600G+升级版厨下式RO反渗透直饮家用,260120-497717102171824,已发货，待收货,1	,正常,2026-01-20 10:33:29,2026-01-21 10:33:30,,2026-01-21 09:50:13,	,852161740747	,小海豚600G+升级版,1835709207960	,厨房电器,净水器/净水设备及配件耗材,净水器,	,6923185653684	,	,	,	,无售后或售后取消,,2026-01-20 10:33:30,	,,,,,,,否,否,	,否,	,,559.0	,0.0	,0.0	,50.0	,0.0	,0.0	,0.0	,0.0	,509.0	,559.0	,JDV025230211892,京东大件物流,陕西省,西安市,未央区,,,否,否,	,	,	,否,	,	,	,	,	,	,	,	,	,	,	,	,否,否,	,否,否,,	,否,	,否,,,否
云米小厨宝6L电热水器厨房卫生间出水恒温储水式小型速热神器加热,260120-486088446310775,已取消,1	,正常,	,	,,	,	,208073193570	,热水即刻有-【6L】,1801828025682	,大家电,热水器,厨宝,	,6923185611233	,6923185611233	,	,	,无售后或售后取消,,	,	,,,,,,,否,否,	,否,	,,239.0	,0.0	,0.0	,0.0	,0.0	,0.0	,0.0	,0.0	,239.0	,239.0	,	,	,****,****,****,****,,否,否,	,	,	,否,	,	,	,	,	,	,	,	,	,	,	,	,否,否,	,否,	,,	,否,	,否,,,否
云米小厨宝6L电热水器厨房卫生间出水恒温储水式小型速热神器加热,260120-461079898470775,已取消,1	,正常,	,	,,	,	,208073193570	,热水即刻有-【6L】,1801828025682	,大家电,热水器,厨宝,	,6923185611233	,6923185611233	,	,	,无售后或售后取消,,	,	,,,,,,,否,否,	,否,	,,239.0	,0.0	,0.0	,21.51	,0.0	,0.0	,0.0	,0.0	,217.49	,239.0	,	,	,****,****,****,****,,否,否,	,	,	,否,	,	,	,	,	,	,	,	,	,	,	,	,否,否,	,否,	,,	,否,	,否,,,否
VIOMI云米净水器小海豚600G+升级版厨下式RO反渗透直饮家用,260120-604483120740190,已取消,1	,正常,	,	,,	,	,852161740747	,小海豚600G+升级版,1835709207960	,厨房电器,净水器/净水设备及配件耗材,净水器,	,6923185653684	,	,	,	,无售后或售后取消,,	,	,,,,,,,否,否,	,否,	,,559.0	,0.0	,0.0	,0.0	,0.0	,0.0	,0.0	,0.0	,559.0	,559.0	,	,	,****,****,****,****,,否,否,	,	,	,否,	,	,	,	,	,	,	,	,	,	,	,	,否,否,	,否,	,,	,否,	,否,,,否
VIOMI云米净水器小海豚600G+升级版厨下式RO反渗透直饮家用,260120-182661977720685,已取消,1	,正常,	,	,,	,	,852161740747	,小海豚600G+升级版,1835709207960	,厨房电器,净水器/净水设备及配件耗材,净水器,	,6923185653684	,	,	,	,无售后或售后取消,,	,	,,,,,,,否,否,	,否,	,,559.0	,0.0	,0.0	,0.0	,0.0	,0.0	,0.0	,0.0	,559.0	,559.0	,	,	,****,****,****,****,,否,否,	,	,	,否,	,	,	,	,	,	,	,	,	,	,	,	,否,否,	,否,	,,	,否,	,否,,,否
VIOMI云米净水器小海豚600G+升级版厨下式RO反渗透直饮家用,260120-118195494520685,已取消,1	,正常,	,	,,	,	,852161740747	,小海豚600G+升级版,1835709207960	,厨房电器,净水器/净水设备及配件耗材,净水器,	,6923185653684	,	,	,	,无售后或售后取消,,	,	,,,,,,,否,否,	,否,	,,559.0	,0.0	,0.0	,0.0	,0.0	,0.0	,0.0	,0.0	,559.0	,559.0	,	,	,****,****,****,****,,否,否,	,	,	,否,	,	,	,	,	,	,	,	,	,	,	,	,否,否,	,否,	,,	,否,	,否,,,否
VIOMI云米净水器小海豚600G+升级版厨下式RO反渗透直饮家用,260120-591197662840478,已发货，待收货,1	,正常,2026-01-20 10:16:44,2026-01-21 10:16:44,,2026-01-21 14:17:37,	,852161740747	,小海豚600G+升级版,1835709207960	,厨房电器,净水器/净水设备及配件耗材,净水器,	,6923185653684	,	,	,	,无售后或售后取消,,2026-01-20 10:16:44,	,,,,,,,否,否,	,否,	,,559.0	,0.0	,0.0	,0.0	,0.0	,0.0	,0.0	,0.0	,559.0	,559.0	,JDV025247560112,京东大件物流,山西省,长治市,襄垣县,,,否,否,	,	,	,否,	,	,	,	,	,	,	,	,	,	,	,	,否,否,	,否,否,,	,否,	,否,,,否
VIOMI云米净水器小海豚600G+升级版厨下式RO反渗透直饮家用,260120-312821716620065,已发货，待收货,1	,正常,2026-01-20 10:13:33,2026-01-21 10:13:33,,2026-01-20 17:30:33,	,852161740747	,小海豚600G+升级版,1835709207960	,厨房电器,净水器/净水设备及配件耗材,净水器,	,6923185653684	,	,	,	,无售后或售后取消,,2026-01-20 10:13:33,	,,,,,,,否,否,	,否,	,,559.0	,0.0	,0.0	,0.0	,0.0	,0.0	,0.0	,0.0	,559.0	,559.0	,JDV025230210203,京东大件物流,黑龙江省,绥化市,望奎县,,,否,否,	,	,	,否,	,	,	,	,	,	,	,	,	,	,	,	,否,否,	,否,否,,	,否,	,否,,,否
新品首发 Viomi云米 小海豚3上市RO净水器5年长效反渗透净水器,260120-203381829200658,已收货,1	,正常,2026-01-20 10:11:35,2026-01-21 10:11:35,,2026-01-20 17:30:33,2026-01-22 20:28:27,862873034610	,小海豚3+2支复合滤芯（包安装）,1825244823453	,厨房电器,净水器/净水设备及配件耗材,净水器,	,S2512250943001,	,	,	,无售后或售后取消,,2026-01-20 10:11:35,	,,,,,,,否,否,	,否,	,,702.9	,0.0	,0.0	,0.0	,0.0	,0.0	,0.0	,0.0	,702.9	,702.9	,JDV025232703049,京东大件物流,****,****,****,****,,否,否,	,	,	,否,	,	,	,	,	,	,	,	,	,	,	,	,否,否,	,否,否,,	,否,	,否,,,否
VIOMI 云米净水器600G小海豚升级版厨下式RO反渗透直饮家用,260120-175038799502596,已收货,1	,正常,2026-01-20 10:11:05,2026-01-21 10:11:05,	,2026-01-20 17:30:34,2026-01-22 11:01:10,225501370546	,小海豚600G,1813468330532	,厨房电器,净水器/净水设备及配件耗材,净水器,	,6923185653684	,6923185616399	,	,	,无售后或售后取消,,2026-01-20 10:11:05,	,,,,,,,否,否,	,否,	,,619.0	,0.0	,0.0	,99.04	,0.0	,0.0	,0.0	,0.0	,519.96	,619.0	,JDV025228357243,京东大件物流,****,****,****,****,,否,否,	,	,	,否,	,	,	,	,	,	,	,	,	,	,	,	,否,否,	,否,否,,	,否,	,否,,,否
云米小厨宝6L电热水器厨房卫生间出水恒温储水式小型速热神器加热,260120-130453399930507,已取消,1	,正常,	,	,,	,	,208073193570	,热水即刻有-【6L】,1801828025682	,大家电,热水器,厨宝,	,6923185611233	,6923185611233	,	,	,无售后或售后取消,,	,	,,,,,,,否,否,	,否,	,,239.0	,0.0	,0.0	,26.29	,0.0	,0.0	,0.0	,0.0	,212.71	,239.0	,	,	,****,****,****,****,,否,否,	,	,	,否,	,	,	,	,	,	,	,	,	,	,	,	,否,否,	,否,	,,	,否,	,否,,,否
VIOMI云米净水器600G小蓝调厨下式RO反渗透直饮家用6年长效,260120-492432331103526,已取消,1	,正常,	,	,,	,	,850883552953	,RO反渗透除去重金属,1811278299045	,厨房电器,净水器/净水设备及配件耗材,净水器,	,6923185653592	,6923185653592	,	,	,无售后或售后取消,,	,	,,,,,,,否,否,	,否,	,,749.0	,0.0	,50.0	,83.88	,0.0	,0.0	,0.0	,0.0	,615.12	,699.0	,	,	,****,****,****,****,,否,否,	,	,	,否,	,	,	,	,	,	,	,	,	,	,	,	,否,否,	,否,	,,	,否,	,否,,,否
VIOMI云米净水器小海豚600G+升级版厨下式RO反渗透直饮家用,260120-050793049711443,已收货,1	,正常,2026-01-20 09:38:37,2026-01-21 09:38:37,,2026-01-20 17:30:34,2026-01-22 19:12:18,852161740747	,小海豚600G+升级版,1835709207960	,厨房电器,净水器/净水设备及配件耗材,净水器,	,6923185653684	,	,	,	,无售后或售后取消,,2026-01-20 09:38:37,	,,,,,,,否,否,	,否,	,,559.0	,0.0	,0.0	,0.0	,0.2	,0.0	,0.0	,0.0	,559.0	,559.0	,JDV025227939462,京东大件物流,****,****,****,****,,否,否,	,	,	,否,	,	,	,	,	,	,	,	,	,	,	,	,否,否,	,否,否,,	,否,	,否,,,否
云米AI燃气热水器 智控恒温防冻节能安全水质净化精准控温13L强排,260120-263538624072206,已取消,1	,正常,	,	,,	,	,774960777953	,智控恒温燃气热水器,1756760299679	,大家电,热水器,燃气热水器,	,6923185655688	,6923185655688	,	,	,无售后或售后取消,,	,	,,,,,,,否,否,	,否,	,,529.0	,0.0	,0.0	,74.06	,0.0	,0.0	,0.0	,0.0	,454.94	,529.0	,	,	,****,****,****,****,,否,否,	,	,	,否,	,	,	,	,	,	,	,	,	,	,	,	,否,否,	,否,	,,	,否,	,否,,,否
云米小厨宝6L电热水器厨房卫生间出水恒温储水式小型速热神器加热,260120-477123131680652,已发货，待收货,1	,正常,2026-01-20 09:32:14,2026-01-21 09:32:15,,2026-01-20 17:30:34,	,208073193570	,热水即刻有-【6L】,1801828025682	,大家电,热水器,厨宝,	,6923185611233	,6923185611233	,	,	,无售后或售后取消,,2026-01-20 09:32:15,	,,,,,,,否,否,	,否,	,,239.0	,0.0	,0.0	,0.0	,0.0	,0.0	,0.0	,0.0	,239.0	,239.0	,JDV025227263501,京东大件物流,山西省,太原市,杏花岭区,,,否,否,	,	,	,否,	,	,	,	,	,	,	,	,	,	,	,	,否,否,	,否,否,,	,否,	,否,,,否
云米智能电热水器小蓝调节能变频速热家用浴室洗澡抑菌50L/60L,260120-238865682820225,已发货，待收货,1	,正常,2026-01-20 09:26:34,2026-01-21 09:26:34,,2026-01-20 17:30:35,	,434684719975	,安全保护8倍增容大水量50L,1733881750461	,大家电,热水器,电热水器,	,6923185649076	,	,AZ2601230229993==1.23米锋,	,无售后或售后取消,,2026-01-20 09:26:34,	,,,,,,,否,否,	,否,	,,598.99	,0.0	,0.0	,0.0	,0.0	,0.0	,0.0	,0.0	,598.99	,598.99	,JDV025227940957,京东大件物流,内蒙古自治区,包头市,东河区,,,否,否,	,	,	,否,	,	,	,	,	,	,	,	,	,	,	,	,否,否,	,否,否,,	,否,	,否,,,否
云米智能电热水器小蓝调节能变频速热家用浴室洗澡抑菌50L/60L,260120-572962967940225,已取消,1	,正常,	,	,,	,	,434684719975	,安全保护8倍增容大水量50L,1733881750461	,大家电,热水器,电热水器,	,6923185649076	,	,	,	,无售后或售后取消,,	,	,,,,,,,否,否,	,否,	,,598.99	,0.0	,0.0	,0.0	,0.0	,0.0	,0.0	,0.0	,598.99	,598.99	,	,	,****,****,****,****,,否,否,	,	,	,否,	,	,	,	,	,	,	,	,	,	,	,	,否,否,	,否,	,,	,否,	,否,,,否
云米智能电热水器小蓝调节能变频速热家用浴室洗澡抑菌50L/60L,260120-229365584260225,未发货，退款成功,1	,正常,2026-01-20 09:25:26,2026-01-21 09:25:26,,	,	,434684719975	,安全保护8倍增容大水量50L,1733881750461	,大家电,热水器,电热水器,	,6923185649076	,	,聚水潭已取消发货 已退款1.20丹丹,	,退款成功,,2026-01-20 09:25:26,	,,,,,,,否,否,	,否,	,,598.99	,0.0	,0.0	,0.0	,0.0	,0.0	,0.0	,0.0	,598.99	,598.99	,	,	,****,****,****,****,,否,否,	,	,	,否,	,	,	,	,	,	,	,	,	,	,	,	,否,否,	,否,否,,	,否,	,否,,,否
云米净水器600G小海豚升级版厨下式RO反渗透直饮家用,260120-613888889232005,已发货，退款成功,1	,正常,2026-01-20 09:25:20,2026-01-21 09:25:20,,2026-01-20 17:30:33,	,852932116812	,小海豚600G+6年滤芯套装,1812983769340	,厨房电器,净水器/净水设备及配件耗材,净水器,	,S2508151538001,	,送tds检测笔 [viomi小甜心 01/20 09:26] 检测笔没库存折现30=陈煜1.22 已核实差价为30元，可退差价1.22丹丹,	,退款成功,,2026-01-20 09:25:20,	,,,,,,,否,否,	,否,	,,772.0	,0.0	,0.0	,13.0	,0.0	,0.0	,0.0	,0.0	,759.0	,772.0	,JDV025229416625,京东大件物流,广东省,阳江市,阳西县,,,否,否,	,	,	,否,	,	,	,	,	,	,	,	,	,	,	,	,否,否,	,否,否,,	,否,	,否,,,否
新品首发 Viomi云米 小海豚3上市RO净水器5年长效反渗透净水器,260120-210732378430220,已取消,1	,正常,	,	,,	,	,862873034610	,小海豚3+2支复合滤芯（包安装）,1825244823453	,厨房电器,净水器/净水设备及配件耗材,净水器,	,S2512250943001,	,	,	,无售后或售后取消,,	,	,,,,,,,否,否,	,否,	,,702.9	,0.0	,0.0	,0.0	,0.0	,0.0	,0.0	,0.0	,702.9	,702.9	,	,	,****,****,****,****,,否,否,	,	,	,否,	,	,	,	,	,	,	,	,	,	,	,	,否,否,	,否,	,,	,否,	,否,,,否
VIOMI 云米净水器600G小海豚升级版厨下式RO反渗透直饮家用,260120-248030247312244,已发货，待收货,1	,正常,2026-01-20 09:23:26,2026-01-21 09:23:27,,2026-01-20 17:30:34,	,225501370546	,小海豚600G,1813468330532	,厨房电器,净水器/净水设备及配件耗材,净水器,	,6923185653684	,6923185616399	,	,	,无售后或售后取消,,2026-01-20 09:23:27,	,,,,,,,否,否,	,否,	,,619.0	,0.0	,0.0	,100.0	,0.0	,0.0	,0.0	,0.0	,519.0	,619.0	,JDV025229088070,京东大件物流,四川省,雅安市,名山区,,,否,否,	,	,	,否,	,	,	,	,	,	,	,	,	,	,	,	,否,否,	,否,否,,	,否,	,否,,,否
云米小厨宝6L电热水器厨房卫生间出水恒温储水式小型速热神器加热,260120-420153935512823,未发货，退款成功,1	,正常,2026-01-20 09:18:34,2026-01-21 09:18:34,,	,	,208073193570	,热水即刻有-【6L】,1801828025682	,大家电,热水器,厨宝,	,6923185611233	,6923185611233	,ZX2601200065734拦截==库内拦截已取消发货1.20丹丹,	,退款成功,,2026-01-20 09:18:34,	,,,,,,,否,否,	,否,	,,239.0	,0.0	,0.0	,16.37	,0.0	,0.0	,0.0	,0.0	,222.63	,239.0	,	,	,****,****,****,****,,否,否,	,	,	,否,	,	,	,	,	,	,	,	,	,	,	,	,否,否,	,否,否,,	,否,	,否,,,否
云米23立方油烟机燃气灶套装家用厨房顶侧大吸力油烟机5.0KW灶具,260120-178446702183646,未发货，退款成功,1	,正常,2026-01-20 09:11:32,2026-01-21 09:11:32,,	,	,209837375742	,"【烟灶联动】瞬吸烟机+5.0KW灶,天然气",1792607150009	,大家电,厨房大电,烟灶消套装,	,S2409261034001,	,已拦截成功1.21丹丹，ZX2601200065819拦截==TH2C889474551已审核，待退回1.20丹丹,	,退款成功,,2026-01-20 09:11:32,	,,,,,,,否,否,	,否,	,,1399.0	,0.0	,0.0	,0.0	,0.0	,0.0	,0.0	,0.0	,1399.0	,1399.0	,	,	,****,****,****,****,,否,否,	,	,	,否,	,	,	,	,	,	,	,	,	,	,	,	,否,否,	,否,否,,	,否,	,否,,,否
VIOMI云米净水器小海豚600G+升级版厨下式RO反渗透直饮家用,260120-168422336823427,已发货，待收货,1	,正常,2026-01-20 09:00:56,2026-01-21 09:00:56,,2026-01-20 17:30:33,	,852161740747	,小海豚600G+升级版,1835709207960	,厨房电器,净水器/净水设备及配件耗材,净水器,	,6923185653684	,	,	,	,无售后或售后取消,,2026-01-20 09:00:56,	,,,,,,,否,否,	,否,	,,559.0	,0.0	,0.0	,100.0	,0.0	,0.0	,0.0	,0.0	,459.0	,559.0	,JDV025229332108,京东大件物流,江西省,宜春市,铜鼓县,,,否,否,	,	,	,否,	,	,	,	,	,	,	,	,	,	,	,	,否,否,	,否,否,,	,否,	,否,,,否
云米小厨宝6L电热水器厨房卫生间出水恒温储水式小型速热神器加热,260120-496228155762966,已取消,1	,正常,	,	,,	,	,208073193570	,热水即刻有-【6L】,1801828025682	,大家电,热水器,厨宝,	,6923185611233	,6923185611233	,	,	,无售后或售后取消,,	,	,,,,,,,否,否,	,否,	,,239.0	,0.0	,0.0	,21.51	,0.0	,0.0	,0.0	,0.0	,217.49	,239.0	,	,	,****,****,****,****,,否,否,	,	,	,否,	,	,	,	,	,	,	,	,	,	,	,	,否,否,	,否,	,,	,否,	,否,,,否
云米小厨宝6L电热水器厨房卫生间出水恒温储水式小型速热神器加热,260120-636454234411698,已发货，待收货,1	,正常,2026-01-20 08:44:08,2026-01-21 08:44:08,,2026-01-21 14:17:37,	,208073193570	,热水即刻有-【6L】,1801828025682	,大家电,热水器,厨宝,	,6923185611233	,6923185611233	,	,	,无售后或售后取消,,2026-01-20 08:44:08,	,,,,,,,否,否,	,否,	,,239.0	,0.0	,0.0	,50.0	,0.0	,0.0	,0.0	,0.0	,189.0	,239.0	,JDV025247571496,京东大件物流,四川省,成都市,彭州市,,,否,否,	,	,	,否,	,	,	,	,	,	,	,	,	,	,	,	,否,否,	,否,否,,	,否,	,否,,,否
云米AI燃气热水器 智控恒温防冻节能安全水质净化精准控温13L强排,260120-435368783382225,已发货，待收货,1	,正常,2026-01-20 08:26:18,2026-01-21 08:26:18,,2026-01-20 17:30:34,	,774960777953	,智控恒温燃气热水器,1756760299679	,大家电,热水器,燃气热水器,	,6923185655688	,6923185655688	,	,	,无售后或售后取消,,2026-01-20 08:26:18,	,,,,,,,否,否,	,否,	,,529.0	,0.0	,0.0	,0.0	,0.0	,0.0	,0.0	,0.0	,529.0	,529.0	,JDV025226134981,京东大件物流,湖北省,武汉市,江汉区,,,否,否,	,	,	,否,	,	,	,	,	,	,	,	,	,	,	,	,否,否,	,否,否,,	,否,	,否,,,否
云米电热水器50/60升洗澡家用浴室速热大容量省电防漏电安全保温,260120-162749561220225,已取消,1	,正常,	,	,,	,	,436320010098	,"速热长效保温安全电热水器,50L【2-3人】",1756921788832	,大家电,热水器,电热水器,	,6923185614920	,6923185614920	,	,	,无售后或售后取消,,	,	,,,,,,,否,否,	,否,	,,486.0	,0.0	,0.0	,0.0	,0.0	,0.0	,0.0	,0.0	,486.0	,486.0	,	,	,****,****,****,****,,否,否,	,	,	,否,	,	,	,	,	,	,	,	,	,	,	,	,否,否,	,否,	,,	,否,	,否,,,否
云米23m³顶侧大吸力超薄智能油烟机厨房app挥手智控易清洁一级,260120-091823870381050,已取消,1	,正常,	,	,,	,	,219486126363	,挥手智控单烟机,1689355640209	,大家电,厨房大电,油烟机,	,6923185613664	,6923185613664	,	,	,无售后或售后取消,,	,	,,,,,,,否,否,	,否,	,,1031.0	,0.0	,200.0	,0.0	,0.0	,0.0	,0.0	,0.0	,831.0	,831.0	,	,	,****,****,****,****,,否,否,	,	,	,否,	,	,	,	,	,	,	,	,	,	,	,	,否,否,	,否,	,,	,否,	,否,,,否
VIOMI 云米净水器600G小海豚升级版厨下式RO反渗透直饮家用,260120-071785562543549,已取消,1	,正常,	,	,,	,	,225501370546	,小海豚600G,1813468330532	,厨房电器,净水器/净水设备及配件耗材,净水器,	,6923185653684	,6923185616399	,	,	,无售后或售后取消,,	,	,,,,,,,否,否,	,否,	,,619.0	,0.0	,0.0	,55.71	,0.0	,0.0	,0.0	,0.0	,563.29	,619.0	,	,	,****,****,****,****,,否,否,	,	,	,否,	,	,	,	,	,	,	,	,	,	,	,	,否,否,	,否,	,,	,否,	,否,,,否
新品首发 Viomi云米 小海豚3上市RO净水器5年长效反渗透净水器,260120-110918439280254,已收货,1	,正常,2026-01-20 07:37:55,2026-01-21 07:37:55,,2026-01-20 17:30:34,2026-01-23 13:05:52,862873034610	,小海豚3+2支复合滤芯（包安装）,1825244823453	,厨房电器,净水器/净水设备及配件耗材,净水器,	,S2512250943001,	,	,	,无售后或售后取消,,2026-01-20 07:37:55,	,,,,,,,否,否,	,否,	,,702.9	,0.0	,0.0	,0.0	,0.0	,0.0	,0.0	,0.0	,702.9	,702.9	,JDV025226134946,京东大件物流,****,****,****,****,,否,否,	,	,	,否,	,	,	,	,	,	,	,	,	,	,	,	,否,否,	,否,否,,	,否,	,否,,,否
VIOMI云米净水器小海豚600G+升级版厨下式RO反渗透直饮家用,260120-014449447343549,已收货,1	,正常,2026-01-20 07:35:37,2026-01-21 07:35:37,,2026-01-20 17:30:35,2026-01-22 22:18:05,852161740747	,小海豚600G+升级版,1835709207960	,厨房电器,净水器/净水设备及配件耗材,净水器,	,6923185653684	,	,	,	,无售后或售后取消,,2026-01-20 07:35:37,	,,,,,,,否,否,	,否,	,,559.0	,0.0	,0.0	,3.0	,0.2	,0.0	,0.0	,0.0	,556.0	,559.0	,JDV025227211007,京东大件物流,****,****,****,****,,否,否,	,	,	,否,	,	,	,	,	,	,	,	,	,	,	,	,否,否,	,否,否,,	,否,	,否,,,否
云米100L消毒柜家用超薄嵌入式大容量厨房独立消毒烘干ZTD100A-1,260120-205699161691119,已发货，待收货,1	,正常,2026-01-20 07:23:37,2026-01-22 07:23:37,,2026-01-20 17:30:35,	,220820325711	,嵌入式100L消毒柜,1644782695193	,大家电,厨房大电,消毒柜,	,6923185604303	,6923185604303	,	,	,无售后或售后取消,,2026-01-20 07:23:37,	,,,,,,,否,否,	,否,	,,839.0	,0.0	,0.0	,100.0	,0.0	,0.0	,0.0	,0.0	,739.0	,839.0	,JDV025226150094,京东大件物流,广东省,阳江市,江城区,,,否,否,	,	,	,否,	,	,	,	,	,	,	,	,	,	,	,	,否,否,	,否,否,,	,否,	,否,,,否
云米AI燃气热水器 智控恒温防冻节能安全水质净化精准控温13L强排,260120-027231546893766,已取消,1	,正常,	,	,,	,	,774960777953	,智控恒温燃气热水器,1756760299679	,大家电,热水器,燃气热水器,	,6923185655688	,6923185655688	,	,	,无售后或售后取消,,	,	,,,,,,,否,否,	,否,	,,529.0	,0.0	,0.0	,47.61	,0.0	,0.0	,0.0	,0.0	,481.39	,529.0	,	,	,****,****,****,****,,否,否,	,	,	,否,	,	,	,	,	,	,	,	,	,	,	,	,否,否,	,否,	,,	,否,	,否,,,否
VIOMI 云米净水器600G小海豚升级版厨下式RO反渗透直饮家用,260120-070569203302818,已取消,1	,正常,	,	,,	,	,225501370546	,小海豚600G,1813468330532	,厨房电器,净水器/净水设备及配件耗材,净水器,	,6923185653684	,6923185616399	,	,	,无售后或售后取消,,	,	,,,,,,,否,否,	,否,	,,619.0	,0.0	,0.0	,61.9	,0.0	,0.0	,0.0	,0.0	,557.1	,619.0	,	,	,****,****,****,****,,否,否,	,	,	,否,	,	,	,	,	,	,	,	,	,	,	,	,否,否,	,否,	,,	,否,	,否,,,否
云米AI燃气热水器 智控恒温防冻节能安全水质净化精准控温13L强排,260120-243814961513268,已发货，待收货,1	,正常,2026-01-20 07:07:02,2026-01-21 07:07:02,,2026-01-20 17:30:35,	,774960777953	,智控恒温燃气热水器,1756760299679	,大家电,热水器,燃气热水器,	,6923185655688	,6923185655688	,AZ2601220232352==1.22米锋,	,无售后或售后取消,,2026-01-20 07:07:02,	,,,,,,,否,否,	,否,	,,529.0	,0.0	,0.0	,74.06	,0.0	,0.0	,0.0	,0.0	,454.94	,529.0	,JDV025226120601,京东大件物流,江西省,吉安市,吉州区,,,否,否,	,	,	,否,	,	,	,	,	,	,	,	,	,	,	,	,否,否,	,否,否,,	,否,	,否,,,否
VIOMI 云米净水器600G小海豚升级版厨下式RO反渗透直饮家用,260120-424987891250352,已收货,1	,正常,2026-01-20 07:00:02,2026-01-21 07:00:03,,2026-01-20 17:30:34,2026-01-23 16:41:09,225501370546	,小海豚600G,1813468330532	,厨房电器,净水器/净水设备及配件耗材,净水器,	,6923185653684	,6923185616399	,	,	,无售后或售后取消,,2026-01-20 07:00:03,	,,,,,,,否,否,	,否,	,,619.0	,0.0	,0.0	,99.04	,1.03	,0.0	,0.0	,0.0	,519.96	,619.0	,JDV025226015912,京东大件物流,****,****,****,****,,否,否,	,	,	,否,	,	,	,	,	,	,	,	,	,	,	,	,否,否,	,否,否,,	,否,	,否,,,否
VIOMI云米净水器小海豚600G+升级版厨下式RO反渗透直饮家用,260120-535151317412619,已发货，待收货,1	,正常,2026-01-20 06:56:19,2026-01-21 06:56:19,,2026-01-20 17:30:34,	,852161740747	,小海豚600G+升级版,1835709207960	,厨房电器,净水器/净水设备及配件耗材,净水器,	,6923185653684	,	,AZ2601210237352=15555599735=安装=陈煜1.21,	,无售后或售后取消,,2026-01-20 06:56:19,	,,,,,,,否,否,	,否,	,,559.0	,0.0	,0.0	,30.0	,0.0	,0.0	,0.0	,0.0	,529.0	,559.0	,JDV025227252208,京东大件物流,河南省,平顶山市,郏县,,,否,否,	,	,	,否,	,	,	,	,	,	,	,	,	,	,	,	,否,否,	,否,否,,	,否,	,否,,,否
VIOMI云米净水器小海豚600G+升级版厨下式RO反渗透直饮家用,260120-046493888070500,已收货,1	,正常,2026-01-20 06:55:51,2026-01-21 06:55:51,,2026-01-20 17:30:35,2026-01-23 15:12:43,852161740747	,小海豚600G+升级版,1835709207960	,厨房电器,净水器/净水设备及配件耗材,净水器,	,6923185653684	,	,	,	,无售后或售后取消,,2026-01-20 06:55:51,	,,,,,,,否,否,	,否,	,,559.0	,0.0	,0.0	,50.0	,0.0	,0.0	,0.0	,0.0	,509.0	,559.0	,JDV025225887121,京东大件物流,****,****,****,****,,否,否,	,	,	,否,	,	,	,	,	,	,	,	,	,	,	,	,否,否,	,否,否,,	,否,	,否,,,否
VIOMI 云米净水器600G小海豚升级版厨下式RO反渗透直饮家用,260120-436218151322005,已发货，退款成功,1	,正常,2026-01-20 06:54:14,2026-01-21 06:54:14,,2026-01-20 17:30:35,	,225501370546	,小海豚600G,1813468330532	,厨房电器,净水器/净水设备及配件耗材,净水器,	,6923185653684	,6923185616399	,TH2C123212133已审核 待拒收退回仓库 1.24梓晖,	,退款成功,,2026-01-20 06:54:14,	,,,,,,,否,否,	,否,	,,619.0	,0.0	,0.0	,80.0	,0.0	,0.0	,0.0	,0.0	,539.0	,619.0	,JDV025225792252,京东大件物流,****,****,****,****,,否,否,	,	,	,否,	,	,	,	,	,	,	,	,	,	,	,	,否,否,	,否,否,,	,否,	,否,,,否
VIOMI 云米净水器600G小海豚升级版厨下式RO反渗透直饮家用,260120-103662261770069,已取消,1	,正常,	,	,,	,	,225501370546	,小海豚600G,1813468330532	,厨房电器,净水器/净水设备及配件耗材,净水器,	,6923185653684	,6923185616399	,	,	,无售后或售后取消,,	,	,,,,,,,否,否,	,否,	,,619.0	,0.0	,0.0	,61.9	,0.0	,0.0	,0.0	,0.0	,557.1	,619.0	,	,	,****,****,****,****,,否,否,	,	,	,否,	,	,	,	,	,	,	,	,	,	,	,	,否,否,	,否,	,,	,否,	,否,,,否
云米小厨宝6L电热水器厨房卫生间出水恒温储水式小型速热神器加热,260120-260980140450056,已发货，待收货,1	,正常,2026-01-20 06:24:28,2026-01-21 06:24:28,,2026-01-20 17:30:34,	,208073193570	,热水即刻有-【6L】,1801828025682	,大家电,热水器,厨宝,	,6923185611233	,6923185611233	,	,	,无售后或售后取消,,2026-01-20 06:24:28,	,,,,,,,否,否,	,否,	,,239.0	,0.0	,0.0	,50.0	,0.11	,0.0	,0.0	,0.0	,189.0	,239.0	,JDV025225922293,京东大件物流,天津市,天津市,西青区,,,否,否,	,	,	,否,	,	,	,	,	,	,	,	,	,	,	,	,否,否,	,否,否,,	,否,	,否,,,否
云米小厨宝6L电热水器厨房卫生间出水恒温储水式小型速热神器加热,260120-466826115380376,已取消,1	,正常,	,	,,	,	,208073193570	,热水即刻有-【6L】,1801828025682	,大家电,热水器,厨宝,	,6923185611233	,6923185611233	,	,	,无售后或售后取消,,	,	,,,,,,,否,否,	,否,	,,239.0	,0.0	,0.0	,23.9	,0.0	,0.0	,0.0	,0.0	,215.1	,239.0	,	,	,****,****,****,****,,否,否,	,	,	,否,	,	,	,	,	,	,	,	,	,	,	,	,否,否,	,否,	,,	,否,	,否,,,否
VIOMI云米净水器小海豚600G+升级版厨下式RO反渗透直饮家用,260120-395187403060654,已取消,1	,正常,	,	,,	,	,852161740747	,小海豚600G+升级版,1835709207960	,厨房电器,净水器/净水设备及配件耗材,净水器,	,6923185653684	,	,	,	,无售后或售后取消,,	,	,,,,,,,否,否,	,否,	,,559.0	,0.0	,0.0	,0.0	,0.0	,0.0	,0.0	,0.0	,559.0	,559.0	,	,	,****,****,****,****,,否,否,	,	,	,否,	,	,	,	,	,	,	,	,	,	,	,	,否,否,	,否,	,,	,否,	,否,,,否
云米蓝调2PRO燃气热水器静音节能水伺服恒温语音控制智控节能变频,260120-055039792723845,已取消,1	,正常,	,	,,	,	,852010588191	,2PRO燃气热水器【静音节能】,1812265470712	,大家电,热水器,燃气热水器,	,6923185656869	,6923185656869	,	,	,无售后或售后取消,,	,	,,,,,,,否,否,	,否,	,,898.99	,0.0	,100.0	,0.0	,0.0	,0.0	,0.0	,0.0	,798.99	,798.99	,	,	,****,****,****,****,,否,否,	,	,	,否,	,	,	,	,	,	,	,	,	,	,	,	,否,否,	,否,	,,	,否,	,否,,,否
云米小厨宝6L电热水器厨房卫生间出水恒温储水式小型速热神器加热,260120-510887268730949,未发货，退款成功,1	,正常,2026-01-20 05:43:33,2026-01-21 05:43:33,,	,	,208073193570	,热水即刻有-【6L】,1801828025682	,大家电,热水器,厨宝,	,6923185611233	,6923185611233	,聚水潭已取消发货 已退款1.20丹丹,	,退款成功,,2026-01-20 05:43:33,	,,,,,,,否,否,	,否,	,,239.0	,0.0	,0.0	,50.0	,0.0	,0.0	,0.0	,0.0	,189.0	,239.0	,	,	,****,****,****,****,,否,否,	,	,	,否,	,	,	,	,	,	,	,	,	,	,	,	,否,否,	,否,否,,	,否,	,否,,,否
云米小厨宝6L电热水器厨房卫生间出水恒温储水式小型速热神器加热,260120-624909433190829,已取消,1	,正常,	,	,,	,	,208073193570	,热水即刻有-【6L】,1801828025682	,大家电,热水器,厨宝,	,6923185611233	,6923185611233	,	,	,无售后或售后取消,,	,	,,,,,,,否,否,	,否,	,,239.0	,0.0	,0.0	,0.0	,0.0	,0.0	,0.0	,0.0	,239.0	,239.0	,	,	,****,****,****,****,,否,否,	,	,	,否,	,	,	,	,	,	,	,	,	,	,	,	,否,否,	,否,	,,	,否,	,否,,,否
VIOMI云米净水器小海豚600G+升级版厨下式RO反渗透直饮家用,260120-659239738982818,已取消,1	,正常,	,	,,	,	,852161740747	,小海豚600G+升级版,1835709207960	,厨房电器,净水器/净水设备及配件耗材,净水器,	,6923185653684	,	,	,	,无售后或售后取消,,	,	,,,,,,,否,否,	,否,	,,559.0	,0.0	,0.0	,0.0	,0.0	,0.0	,0.0	,0.0	,559.0	,559.0	,	,	,****,****,****,****,,否,否,	,	,	,否,	,	,	,	,	,	,	,	,	,	,	,	,否,否,	,否,	,,	,否,	,否,,,否
云米小厨宝6L电热水器厨房卫生间出水恒温储水式小型速热神器加热,260120-228862277990829,已取消,1	,正常,	,	,,	,	,208073193570	,热水即刻有-【6L】,1801828025682	,大家电,热水器,厨宝,	,6923185611233	,6923185611233	,	,	,无售后或售后取消,,	,	,,,,,,,否,否,	,否,	,,239.0	,0.0	,0.0	,0.0	,0.0	,0.0	,0.0	,0.0	,239.0	,239.0	,	,	,****,****,****,****,,否,否,	,	,	,否,	,	,	,	,	,	,	,	,	,	,	,	,否,否,	,否,	,,	,否,	,否,,,否
VIOMI云米净水器小海豚600G+升级版厨下式RO反渗透直饮家用,260120-503106803283877,已发货，待收货,1	,正常,2026-01-20 04:29:12,2026-01-21 04:29:12,,2026-01-20 16:40:42,	,852161740747	,小海豚600G+升级版,1835709207960	,厨房电器,净水器/净水设备及配件耗材,净水器,	,6923185653684	,	,	,	,无售后或售后取消,,2026-01-20 04:29:12,	,,,,,,,否,否,	,否,	,,559.0	,0.0	,0.0	,0.0	,0.0	,0.0	,0.0	,0.0	,559.0	,559.0	,JDV025227157561,京东大件物流,湖北省,黄冈市,黄梅县,,,否,否,	,	,	,否,	,	,	,	,	,	,	,	,	,	,	,	,否,否,	,否,否,,	,否,	,否,,,否
云米AI燃气热水器 智控恒温防冻节能安全水质净化精准控温13L强排,260120-571861931663045,未发货，退款成功,1	,正常,2026-01-20 02:57:35,2026-01-21 02:57:36,	,	,	,774960777953	,智控恒温燃气热水器,1756760299679	,大家电,热水器,燃气热水器,	,6923185655688	,6923185655688	,TH2C849277828已取消发货，WMS已撤销1.20丹丹,	,退款成功,,2026-01-20 02:57:36,	,,,,,,,否,否,	,否,	,,529.0	,0.0	,0.0	,74.06	,0.0	,0.0	,0.0	,0.0	,454.94	,529.0	,	,	,****,****,****,****,,否,否,	,	,	,否,	,	,	,	,	,	,	,	,	,	,	,	,否,否,	,否,否,,	,否,	,否,,,否
云米净水器600G小海豚升级版厨下式RO反渗透直饮家用,260120-135413164422650,已收货,1	,正常,2026-01-20 02:36:03,2026-01-21 02:36:03,,2026-01-20 15:39:29,2026-01-21 18:40:11,852932116812	,小海豚600G+6年滤芯套装,1812983769340	,厨房电器,净水器/净水设备及配件耗材,净水器,	,S2508151538001,	,送TDS笔 [viomi小仙女 01/20 11:09],	,无售后或售后取消,,2026-01-20 02:36:03,	,,,,,,,否,否,	,否,	,,772.0	,0.0	,0.0	,100.0	,0.2	,0.0	,0.0	,0.0	,672.0	,772.0	,JDV025227157526,京东大件物流,****,****,****,****,,否,否,	,	,	,否,	,	,	,	,	,	,	,	,	,	,	,	,否,否,	,否,否,,	,否,	,否,,,否
VIOMI云米净水器小海豚600G+升级版厨下式RO反渗透直饮家用,260120-636286430810689,未发货，退款成功,1	,正常,2026-01-20 02:11:57,2026-01-21 02:11:58,,	,	,852161740747	,小海豚600G+升级版,1835709207960	,厨房电器,净水器/净水设备及配件耗材,净水器,	,6923185653684	,	,库内拦截成功1.21丹丹，ZX2601200065676拦截==TH2C248567442已审核，待拦截后填写单号1.20丹丹===已入库,	,退款成功,,2026-01-20 02:11:58,	,,,,,,,否,否,	,否,	,,559.0	,0.0	,0.0	,100.0	,0.0	,0.0	,0.0	,0.0	,459.0	,559.0	,	,	,****,****,****,****,,否,否,	,	,	,否,	,	,	,	,	,	,	,	,	,	,	,	,否,否,	,否,否,,	,否,	,否,,,否
云米智能电热水器小蓝调节能变频速热家用浴室洗澡抑菌50L/60L,260120-495913593163597,已发货，待收货,1	,正常,2026-01-21 01:07:54,2026-01-22 01:07:54,	,2026-01-21 14:17:39,	,434684719975	,安全保护8倍增容大水量50L,1733881750461	,大家电,热水器,电热水器,	,6923185649076	,	,AZ2601220232795==1.22米锋,	,无售后或售后取消,,2026-01-21 01:07:54,	,,,,,,,否,否,	,否,	,,598.99	,0.0	,0.0	,30.0	,0.0	,0.0	,0.0	,0.0	,568.99	,598.99	,JDV025250951439,京东大件物流,福建省,厦门市,集美区,,,否,否,	,	,	,否,	,	,	,	,	,	,	,	,	,	,	,	,否,否,	,否,否,,	,否,	,否,,,否
VIOMI云米净水器小海豚600G+升级版厨下式RO反渗透直饮家用,260120-556458391890272,已发货，待收货,1	,正常,2026-01-20 01:54:32,2026-01-21 01:54:32,,2026-01-21 14:17:37,	,852161740747	,小海豚600G+升级版,1835709207960	,厨房电器,净水器/净水设备及配件耗材,净水器,	,6923185653684	,	,	,	,无售后或售后取消,,2026-01-20 01:54:32,	,,,,,,,否,否,	,否,	,,559.0	,0.0	,0.0	,100.0	,0.0	,0.0	,0.0	,0.0	,459.0	,559.0	,JDV025247545720,京东大件物流,山东省,菏泽市,东明县,,,否,否,	,	,	,否,	,	,	,	,	,	,	,	,	,	,	,	,否,否,	,否,否,,	,否,	,否,,,否
云米净水器600G小海豚升级版厨下式RO反渗透直饮家用,260120-304024174992703,已发货，待收货,1	,正常,2026-01-20 09:21:02,2026-01-21 09:21:02,,2026-01-20 17:30:35,	,852932116812	,小海豚600G+6年滤芯套装,1812983769340	,厨房电器,净水器/净水设备及配件耗材,净水器,	,S2508151538001,	,送TDS笔 [viomi小仙女 01/20 09:21]  AZ2601220232541==1.22米锋,	,无售后或售后取消,,2026-01-20 09:21:02,	,,,,,,,否,否,	,否,	,,772.0	,0.0	,0.0	,0.0	,1.54	,0.0	,0.0	,0.0	,772.0	,772.0	,JDV025227204111,京东大件物流,湖北省,武汉市,江岸区,,,否,否,	,	,	,否,	,	,	,	,	,	,	,	,	,	,	,	,否,否,	,否,否,,	,否,	,否,,,否
新品首发 Viomi云米 小海豚3上市RO净水器5年长效反渗透净水器,260120-062537090563418,已发货，待收货,1	,正常,2026-01-20 01:19:45,2026-01-21 01:19:46,,2026-01-20 14:11:46,	,862873034610	,小海豚3（原装滤芯）（包安装）,1825244823454	,厨房电器,净水器/净水设备及配件耗材,净水器,	,6923185605867	,	,	,	,无售后或售后取消,,2026-01-20 01:19:46,	,,,,,,,否,否,	,否,	,,498.9	,0.0	,0.0	,0.0	,0.2	,0.0	,0.0	,0.0	,498.9	,498.9	,JDV025225507376,京东大件物流,山东省,聊城市,东昌府区,,,否,否,	,	,	,否,	,	,	,	,	,	,	,	,	,	,	,	,否,否,	,否,否,,	,否,	,否,,,否
云米净水器600G小海豚升级版厨下式RO反渗透直饮家用,260120-565539029332555,已收货,1	,正常,2026-01-20 01:18:33,2026-01-21 01:18:34,,2026-01-20 14:11:46,2026-01-24 01:52:18,852932116812	,小海豚600G+6年滤芯套装,1812983769340	,厨房电器,净水器/净水设备及配件耗材,净水器,	,S2508151538001,	,	,	,无售后或售后取消,,2026-01-20 01:18:34,	,,,,,,,否,否,	,否,	,,772.0	,0.0	,0.0	,92.64	,8.0	,0.0	,0.0	,0.0	,679.36	,772.0	,JDV025225924005,京东大件物流,****,****,****,****,,否,否,	,	,	,否,	,	,	,	,	,	,	,	,	,	,	,	,否,否,	,否,否,,	,否,	,否,,,否
VIOMI云米净水器小海豚600G+升级版厨下式RO反渗透直饮家用,260120-113602783602779,已发货，待收货,1	,正常,2026-01-20 00:48:46,2026-01-21 00:48:46,,2026-01-20 15:39:29,	,852161740747	,小海豚600G+升级版,1835709207960	,厨房电器,净水器/净水设备及配件耗材,净水器,	,6923185653684	,	,	,	,无售后或售后取消,,2026-01-20 00:48:46,	,,,,,,,否,否,	,否,	,,559.0	,0.0	,0.0	,0.0	,0.2	,0.0	,0.0	,0.0	,559.0	,559.0	,JDV025226154028,京东大件物流,广东省,佛山市,禅城区,,,否,否,	,	,	,否,	,	,	,	,	,	,	,	,	,	,	,	,否,否,	,否,否,,	,否,	,否,,,否
VIOMI 云米净水器600G小海豚升级版厨下式RO反渗透直饮家用,260120-017133749773366,已取消,1	,正常,	,	,,	,	,225501370546	,小海豚600G,1813468330532	,厨房电器,净水器/净水设备及配件耗材,净水器,	,6923185653684	,6923185616399	,	,	,无售后或售后取消,,	,	,,,,,,,否,否,	,否,	,,619.0	,0.0	,0.0	,86.66	,0.0	,0.0	,0.0	,0.0	,532.34	,619.0	,	,	,****,****,****,****,,否,否,	,	,	,否,	,	,	,	,	,	,	,	,	,	,	,	,否,否,	,否,	,,	,否,	,否,,,否
VIOMI云米净水器小海豚600G+升级版厨下式RO反渗透直饮家用,260120-362733903360402,已发货，待收货,1	,正常,2026-01-20 00:33:01,2026-01-21 00:33:01,	,2026-01-20 17:30:34,	,852161740747	,小海豚600G+升级版,1835709207960	,厨房电器,净水器/净水设备及配件耗材,净水器,	,6923185653684	,	,	,	,无售后或售后取消,,2026-01-20 00:33:01,	,,,,,,,否,否,	,否,	,,559.0	,0.0	,0.0	,0.0	,1.11	,0.0	,0.0	,0.0	,559.0	,559.0	,JDV025226141166,京东大件物流,广东省,茂名市,化州市,,,否,否,	,	,	,否,	,	,	,	,	,	,	,	,	,	,	,	,否,否,	,否,否,,	,否,	,否,,,否
VIOMI云米净水器小海豚600G+升级版厨下式RO反渗透直饮家用,260120-504323172650807,已发货，待收货,1	,正常,2026-01-20 00:22:09,2026-01-21 00:22:09,,2026-01-20 14:11:46,	,852161740747	,小海豚600G+升级版,1835709207960	,厨房电器,净水器/净水设备及配件耗材,净水器,	,6923185653684	,	,	,	,无售后或售后取消,,2026-01-20 00:22:09,	,,,,,,,否,否,	,否,	,,559.0	,0.0	,0.0	,100.0	,0.0	,0.0	,0.0	,0.0	,459.0	,559.0	,JDV025224723341,京东大件物流,陕西省,西安市,雁塔区,,,否,否,	,	,	,否,	,	,	,	,	,	,	,	,	,	,	,	,否,否,	,否,否,,	,否,	,否,,,否
云米60L速热电热水器3000W一级节能变频增容租房安全已接入米家AP,260120-594374848123404,已收货,1	,正常,2026-01-20 00:20:36,2026-01-21 00:20:36,	,2026-01-20 15:39:29,2026-01-25 14:22:04,208071231700	,双管变频速热60L,1660917678582	,大家电,热水器,电热水器,	,6923185602224	,6923185602224	,	,	,无售后或售后取消,,2026-01-20 00:20:36,	,,,,,,,否,否,	,否,	,,671.0	,0.0	,0.0	,52.0	,0.0	,0.0	,0.0	,0.0	,619.0	,671.0	,JDV025225470045,京东大件物流,****,****,****,****,,否,否,	,	,	,否,	,	,	,	,	,	,	,	,	,	,	,	,否,否,	,否,否,,	,否,	,否,,,否
新品首发 Viomi云米 小海豚3上市RO净水器5年长效反渗透净水器,260120-379899092600936,已收货,1	,正常,2026-01-20 00:18:45,2026-01-21 00:18:45,,2026-01-20 15:39:29,2026-01-23 12:05:43,862873034610	,小海豚3（原装滤芯）（包安装）,1825244823454	,厨房电器,净水器/净水设备及配件耗材,净水器,	,6923185605867	,	,	,	,无售后或售后取消,,2026-01-20 00:18:45,	,,,,,,,否,否,	,否,	,,498.9	,0.0	,0.0	,0.0	,0.0	,0.0	,0.0	,0.0	,498.9	,498.9	,JDV025226140922,京东大件物流,****,****,****,****,,否,否,	,	,	,否,	,	,	,	,	,	,	,	,	,	,	,	,否,否,	,否,否,,	,否,	,否,,,否
云米小厨宝6L电热水器厨房卫生间出水恒温储水式小型速热神器加热,260119-236401539383566,已发货，待收货,1	,正常,2026-01-19 23:54:32,2026-01-20 23:54:32,,2026-01-20 14:11:48,	,208073193570	,热水即刻有-【6L】,1801828025682	,大家电,热水器,厨宝,	,6923185611233	,6923185611233	,	,	,无售后或售后取消,,2026-01-19 23:54:32,	,,,,,,,否,否,	,否,	,,239.0	,0.0	,0.0	,0.0	,0.2	,0.0	,0.0	,0.0	,239.0	,239.0	,JDV025223825671,京东大件物流,河北省,邢台市,南宫市,,,否,否,	,	,	,否,	,	,	,	,	,	,	,	,	,	,	,	,否,否,	,否,否,,	,否,	,否,,,否
【母婴直饮】云米净水器 SE 600G+ 新升级厨下式RO反渗透直饮家用,260119-616248185243710,未发货，退款成功,1	,正常,2026-01-19 23:52:13,2026-01-20 23:52:13,,	,	,819506595979	,【24年新品】600G升级版6年长效,1787046011387	,厨房电器,净水器/净水设备及配件耗材,净水器,	,6923185653684	,6923185616399	,聚水潭已取消发货 已退款1.20丹丹,	,退款成功,,2026-01-19 23:52:13,	,,,,,,,否,否,	,否,	,,748.0	,0.0	,0.0	,0.0	,0.0	,0.0	,0.0	,0.0	,748.0	,748.0	,	,	,****,****,****,****,,否,否,	,	,	,否,	,	,	,	,	,	,	,	,	,	,	,	,是,是,	,否,否,,	,否,	,否,,,否
VIOMI云米净水器小海豚600G+升级版厨下式RO反渗透直饮家用,260119-245912093050709,已收货,1	,正常,2026-01-19 23:48:05,2026-01-20 23:48:05,	,2026-01-20 14:11:47,2026-01-24 15:18:21,852161740747	,小海豚600G+升级版,1835709207960	,厨房电器,净水器/净水设备及配件耗材,净水器,	,6923185653684	,	,	,	,无售后或售后取消,,2026-01-19 23:48:05,	,,,,,,,否,否,	,否,	,,559.0	,0.0	,0.0	,50.0	,0.0	,0.0	,0.0	,0.0	,509.0	,559.0	,JDV025225843786,京东大件物流,****,****,****,****,,否,否,	,	,	,否,	,	,	,	,	,	,	,	,	,	,	,	,否,是,	,否,否,,	,否,	,否,,,否
VIOMI云米净水器小海豚600G+升级版厨下式RO反渗透直饮家用,260119-052974139690807,未发货，退款成功,1	,正常,2026-01-19 23:47:09,2026-01-20 23:47:09,,	,	,852161740747	,小海豚600G+升级版,1835709207960	,厨房电器,净水器/净水设备及配件耗材,净水器,	,6923185653684	,	,聚水潭已取消发货 已退款1.20丹丹,	,退款成功,,2026-01-19 23:47:09,	,,,,,,,否,否,	,否,	,,559.0	,0.0	,0.0	,100.0	,0.0	,0.0	,0.0	,0.0	,459.0	,559.0	,	,	,****,****,****,****,,否,否,	,	,	,否,	,	,	,	,	,	,	,	,	,	,	,	,否,否,	,否,否,,	,否,	,否,,,否
VIOMI云米 复合滤芯五合一,260119-258830549383890,已发货，退款成功,1	,正常,2026-01-19 23:30:57,2026-01-21 23:30:57,,2026-01-20 17:30:35,	,872941778883	,小海豚3(600G)适用,1830647583079	,厨房电器,净水器/净水设备及配件耗材,净水器配件耗材,	,6923185657347	,	,99元换购 后返差价=已核实差价199元，可退差价1.21丹丹,	,退款成功,,2026-01-19 23:30:57,	,,,,,,,否,否,	,否,	,,298.0	,0.0	,0.0	,0.0	,0.2	,0.0	,0.0	,0.0	,298.0	,298.0	,JDV025225507295,京东大件物流,广东省,广州市,花都区,,,否,否,	,	,	,否,	,	,	,	,	,	,	,	,	,	,	,	,否,否,	,否,否,,	,否,	,否,,,否
新品首发 Viomi云米 小海豚3上市RO净水器5年长效反渗透净水器,260119-234514102663890,已收货,1	,正常,2026-01-19 23:28:13,2026-01-20 23:28:13,,2026-01-20 14:11:47,2026-01-22 13:59:10,862873034610	,小海豚3（原装滤芯）（包安装）,1825244823454	,厨房电器,净水器/净水设备及配件耗材,净水器,	,6923185605867	,	,晒图评价送1年延保+20元==AZ2601210238190==1.21振尧  晒单20＋延保已登记1.22米锋,	,无售后或售后取消,,2026-01-19 23:28:13,	,,,,,,,否,否,	,否,	,,498.9	,0.0	,0.0	,0.0	,0.2	,0.0	,0.0	,0.0	,498.9	,498.9	,JDV025225478853,京东大件物流,****,****,****,****,,否,否,	,	,	,否,	,	,	,	,	,	,	,	,	,	,	,	,否,否,	,否,否,,	,否,	,否,,,否
VIOMI云米净水器小海豚600G+升级版厨下式RO反渗透直饮家用,260119-108422776363116,已收货,1	,正常,2026-01-19 23:26:20,2026-01-20 23:26:21,,2026-01-20 14:11:47,2026-01-23 12:20:04,852161740747	,小海豚600G+升级版,1835709207960	,厨房电器,净水器/净水设备及配件耗材,净水器,	,6923185653684	,	,直播间中奖10元,	,无售后或售后取消,,2026-01-19 23:26:21,	,,,,,,,否,否,	,否,	,,559.0	,0.0	,0.0	,0.0	,0.0	,0.0	,0.0	,0.0	,559.0	,559.0	,JDV025225843741,京东大件物流,****,****,****,****,,否,否,	,	,	,否,	,	,	,	,	,	,	,	,	,	,	,	,是,是,	,否,否,,	,否,	,否,,,否
云米小厨宝6L电热水器厨房卫生间出水恒温储水式小型速热神器加热,260119-612913693020170,已发货，待收货,1	,正常,2026-01-19 23:00:41,2026-01-20 23:00:41,,2026-01-20 14:11:47,	,208073193570	,热水即刻有-【6L】,1801828025682	,大家电,热水器,厨宝,	,6923185611233	,6923185611233	,	,	,无售后或售后取消,,2026-01-19 23:00:41,	,,,,,,,否,否,	,否,	,,239.0	,0.0	,0.0	,20.0	,0.0	,0.0	,0.0	,0.0	,219.0	,239.0	,JDV025225841761,京东大件物流,安徽省,亳州市,涡阳县,,,否,否,	,	,	,否,	,	,	,	,	,	,	,	,	,	,	,	,否,否,	,否,否,,	,否,	,否,,,否
新品首发 Viomi云米 小海豚3上市RO净水器5年长效反渗透净水器,260119-081096937901950,已发货，待收货,1	,正常,2026-01-19 22:58:00,2026-01-20 22:58:00,	,2026-01-20 14:11:48,	,862873034610	,小海豚3+1支复合滤芯（包安装）,1825244823452	,厨房电器,净水器/净水设备及配件耗材,净水器,	,S2512250944002,	,晒图评价送1年延保+20元,	,无售后或售后取消,,2026-01-19 22:58:00,	,,,,,,,否,否,	,否,	,,609.9	,0.0	,0.0	,0.0	,1.21	,0.0	,0.0	,0.0	,609.9	,609.9	,JDV025225507250,京东大件物流,广东省,中山市,小榄镇,,,否,否,	,	,	,否,	,	,	,	,	,	,	,	,	,	,	,	,否,是,	,否,否,,	,否,	,否,,,否
新品首发 Viomi云米 小海豚3上市RO净水器5年长效反渗透净水器,260119-589981294100715,已收货,1	,正常,2026-01-19 22:58:58,2026-01-20 22:58:58,,2026-01-20 14:11:47,2026-01-24 15:05:13,862873034610	,小海豚3（原装滤芯）（包安装）,1825244823454	,厨房电器,净水器/净水设备及配件耗材,净水器,	,6923185605867	,	,	,	,无售后或售后取消,,2026-01-19 22:58:58,	,,,,,,,否,否,	,否,	,,498.9	,0.0	,0.0	,0.0	,0.2	,0.0	,0.0	,0.0	,498.9	,498.9	,JDV025225509626,京东大件物流,****,****,****,****,,否,否,	,	,	,否,	,	,	,	,	,	,	,	,	,	,	,	,否,是,	,否,否,,	,否,	,否,,,否
云米23m³顶侧大吸力超薄智能油烟机厨房app挥手智控易清洁一级,260119-029024601752823,已取消,1	,正常,	,	,,	,	,219486126363	,挥手智控单烟机,1689355640209	,大家电,厨房大电,油烟机,	,6923185613664	,6923185613664	,	,	,无售后或售后取消,,	,	,,,,,,,否,否,	,否,	,,1031.0	,0.0	,200.0	,6.0	,0.0	,0.0	,0.0	,0.0	,825.0	,831.0	,	,	,****,****,****,****,,否,否,	,	,	,否,	,	,	,	,	,	,	,	,	,	,	,	,否,否,	,否,	,,	,否,	,否,,,否
云米AI燃气热水器 智控恒温防冻节能安全水质净化精准控温13L强排,260119-256901179753268,已取消,1	,正常,	,	,,	,	,774960777953	,智控恒温燃气热水器,1756760299679	,大家电,热水器,燃气热水器,	,6923185655688	,6923185655688	,	,	,无售后或售后取消,,	,	,,,,,,,否,否,	,否,	,,529.0	,0.0	,0.0	,25.0	,0.0	,0.0	,0.0	,0.0	,504.0	,529.0	,	,	,****,****,****,****,,否,否,	,	,	,否,	,	,	,	,	,	,	,	,	,	,	,	,否,否,	,否,	,,	,否,	,否,,,否
VIOMI云米净水器小海豚600G+升级版厨下式RO反渗透直饮家用,260119-015393123852361,已收货,1	,正常,2026-01-19 22:42:43,2026-01-20 22:42:43,,2026-01-20 14:11:48,2026-01-25 12:50:00,852161740747	,小海豚600G+升级版,1835709207960	,厨房电器,净水器/净水设备及配件耗材,净水器,	,6923185653684	,	,	,	,无售后或售后取消,,2026-01-19 22:42:43,	,,,,,,,否,否,	,否,	,,559.0	,0.0	,0.0	,60.0	,0.0	,0.0	,0.0	,0.0	,499.0	,559.0	,JDV025223249042,京东大件物流,****,****,****,****,,否,否,	,	,	,否,	,	,	,	,	,	,	,	,	,	,	,	,否,是,	,否,否,,	,否,	,否,,,否
云米智能电热水器小蓝调节能变频速热家用浴室洗澡抑菌50L/60L,260119-680945303870750,已取消,6	,正常,	,	,,	,	,434684719975	,安全保护8倍增容大水量50L,1733881750461	,大家电,热水器,电热水器,	,6923185649076	,	,	,	,无售后或售后取消,,	,	,,,,,,,否,否,	,否,	,,3593.94	,0.0	,71.87	,20.0	,0.0	,0.0	,0.0	,0.0	,3502.07	,3522.07	,	,	,****,****,****,****,,否,否,	,	,	,否,	,	,	,	,	,	,	,	,	,	,	,	,否,否,	,否,	,,	,否,	,否,,,否
Viomi云米净水器1000G厨下式RO反渗透直饮过滤器净饮小海豚2,260119-657729809981322,已发货，待收货,1	,正常,2026-01-19 22:09:28,2026-01-20 22:09:28,,2026-01-20 10:25:42,	,205458105137	,小海豚2包安装1000G大加仑,1802849942800	,厨房电器,净水器/净水设备及配件耗材,净水器,	,6923185654865	,	,	,	,无售后或售后取消,,2026-01-19 22:09:28,	,,,,,,,否,否,	,否,	,,999.0	,0.0	,148.0	,32.0	,1.63	,0.0	,0.0	,0.0	,819.0	,851.0	,JDV025225509545,京东大件物流,浙江省,宁波市,北仑区,,,否,否,	,	,	,否,	,	,	,	,	,	,	,	,	,	,	,	,否,否,	,否,否,,	,否,	,否,,,否
VIOMI云米净水器小海豚600G+升级版厨下式RO反渗透直饮家用,260119-047437658550412,已发货，待收货,1	,正常,2026-01-19 22:02:50,2026-01-20 22:02:51,,2026-01-20 10:25:42,	,852161740747	,小海豚600G+升级版,1835709207960	,厨房电器,净水器/净水设备及配件耗材,净水器,	,6923185653684	,	,	,	,无售后或售后取消,,2026-01-19 22:02:51,	,,,,,,,否,否,	,否,	,,559.0	,0.0	,0.0	,60.0	,0.0	,0.0	,0.0	,0.0	,499.0	,559.0	,JDV025225826632,京东大件物流,江西省,抚州市,临川区,,,否,否,	,	,	,否,	,	,	,	,	,	,	,	,	,	,	,	,否,否,	,否,否,,	,否,	,否,,,否
VIOMI云米净水器小海豚600G+升级版厨下式RO反渗透直饮家用,260119-646111567460771,已发货，待收货,1	,正常,2026-01-19 21:49:35,2026-01-20 21:49:36,	,2026-01-20 10:25:43,	,852161740747	,小海豚600G+升级版,1835709207960	,厨房电器,净水器/净水设备及配件耗材,净水器,	,6923185653684	,	,	,	,无售后或售后取消,,2026-01-19 21:49:36,	,,,,,,,否,否,	,否,	,,559.0	,0.0	,0.0	,60.0	,0.2	,0.0	,0.0	,0.0	,499.0	,559.0	,JDV025225469440,京东大件物流,广东省,江门市,蓬江区,,,否,否,	,	,	,否,	,	,	,	,	,	,	,	,	,	,	,	,否,是,	,否,否,,	,否,	,否,,,否
云米净水器600G小海豚升级版厨下式RO反渗透直饮家用,260119-213290893623438,已发货，待收货,1	,正常,2026-01-19 21:48:25,2026-01-20 21:48:25,,2026-01-20 10:25:42,	,852932116812	,小海豚600G+6年滤芯套装,1812983769340	,厨房电器,净水器/净水设备及配件耗材,净水器,	,S2508151538001,	,AZ2601220232357==1.22米锋,	,无售后或售后取消,,2026-01-19 21:48:25,	,,,,,,,否,否,	,否,	,,772.0	,0.0	,0.0	,50.0	,0.0	,0.0	,0.0	,0.0	,722.0	,772.0	,JDV025225923437,京东大件物流,浙江省,温州市,平阳县,,,否,否,	,	,	,否,	,	,	,	,	,	,	,	,	,	,	,	,否,否,	,否,否,,	,否,	,否,,,否
VIOMI云米净水器小海豚600G+升级版厨下式RO反渗透直饮家用,260119-273479145011176,未发货，退款成功,1	,审核中，请勿发货,2026-01-19 21:49:21,2026-01-20 21:49:21,,	,	,852161740747	,小海豚600G+升级版,1835709207960	,厨房电器,净水器/净水设备及配件耗材,净水器,	,6923185653684	,	,聚水潭已取消发货 已退款1.20丹丹,	,退款成功,,2026-01-19 21:49:21,	,,,,,,,否,否,	,否,	,,559.0	,0.0	,0.0	,50.0	,0.0	,0.0	,0.0	,0.0	,509.0	,559.0	,	,	,****,****,****,****,,否,否,	,	,	,否,	,	,	,	,	,	,	,	,	,	,	,	,否,否,	,否,	,,	,否,	,否,,,否
云米小厨宝6L电热水器厨房卫生间出水恒温储水式小型速热神器加热,260119-575815084412816,已发货，待收货,1	,正常,2026-01-19 21:41:19,2026-01-20 21:41:19,,2026-01-21 14:17:38,	,208073193570	,热水即刻有-【6L】,1801828025682	,大家电,热水器,厨宝,	,6923185611233	,6923185611233	,	,	,无售后或售后取消,,2026-01-19 21:41:19,	,,,,,,,否,否,	,否,	,,239.0	,0.0	,0.0	,5.0	,0.0	,0.0	,0.0	,0.0	,234.0	,239.0	,JDV025247540671,京东大件物流,山东省,烟台市,莱州市,,,否,否,	,	,	,否,	,	,	,	,	,	,	,	,	,	,	,	,否,否,	,否,否,,	,否,	,否,,,否
云米净水器600G小海豚升级版厨下式RO反渗透直饮家用,260119-284132688200223,已收货,1	,正常,2026-01-19 21:41:19,2026-01-20 21:41:20,,2026-01-21 14:17:37,2026-01-25 23:11:53,852932116812	,小海豚600G+6年滤芯套装,1812983769340	,厨房电器,净水器/净水设备及配件耗材,净水器,	,S2508151538001,	,	,	,无售后或售后取消,,2026-01-19 21:41:20,	,,,,,,,否,否,	,否,	,,772.0	,0.0	,0.0	,100.0	,0.0	,0.0	,0.0	,0.0	,672.0	,772.0	,JDV025247552066,京东大件物流,****,****,****,****,,否,否,	,	,	,否,	,	,	,	,	,	,	,	,	,	,	,	,否,否,	,否,否,,	,否,	,否,,,否
VIOMI云米净水器小海豚600G+升级版厨下式RO反渗透直饮家用,260119-307327168033945,已收货,1	,正常,2026-01-19 21:40:21,2026-01-20 21:40:21,,2026-01-20 10:25:42,2026-01-22 08:21:15,852161740747	,小海豚600G+升级版,1835709207960	,厨房电器,净水器/净水设备及配件耗材,净水器,	,6923185653684	,	,	,	,无售后或售后取消,,2026-01-19 21:40:21,	,,,,,,,否,否,	,否,	,,559.0	,0.0	,0.0	,60.0	,0.0	,0.0	,0.0	,0.0	,499.0	,559.0	,JDV025225859832,京东大件物流,****,****,****,****,,否,否,	,	,	,否,	,	,	,	,	,	,	,	,	,	,	,	,否,否,	,否,否,,	,否,	,否,,,否
VIOMI 云米净水器600G小海豚升级版厨下式RO反渗透直饮家用,260119-577241147832273,已取消,1	,正常,	,	,,	,	,225501370546	,小海豚600G,1813468330532	,厨房电器,净水器/净水设备及配件耗材,净水器,	,6923185653684	,6923185616399	,	,	,无售后或售后取消,,	,	,,,,,,,否,否,	,否,	,,619.0	,0.0	,0.0	,0.0	,0.0	,0.0	,0.0	,0.0	,619.0	,619.0	,	,	,****,****,****,****,,否,否,	,	,	,否,	,	,	,	,	,	,	,	,	,	,	,	,否,否,	,否,	,,	,否,	,否,,,否
VIOMI 云米净水器600G小海豚升级版厨下式RO反渗透直饮家用,260119-640847767992273,已收货,1	,正常,2026-01-19 21:36:26,2026-01-20 21:36:26,,2026-01-20 14:11:48,2026-01-24 12:51:52,225501370546	,小海豚600G,1813468330532	,厨房电器,净水器/净水设备及配件耗材,净水器,	,6923185653684	,6923185616399	,	,	,无售后或售后取消,,2026-01-19 21:36:26,	,,,,,,,否,否,	,否,	,,619.0	,0.0	,0.0	,100.0	,0.0	,0.0	,0.0	,0.0	,519.0	,619.0	,JDV025225488448,京东大件物流,****,****,****,****,,否,否,	,	,	,否,	,	,	,	,	,	,	,	,	,	,	,	,否,否,	,否,否,,	,否,	,否,,,否
云米智能AI门锁3D指纹密码蓝牙可连大容量续航家用公寓自动安全,260119-453205113190671,已发货，待收货,1	,正常,2026-01-20 09:59:35,2026-01-21 09:59:35,,2026-01-20 17:30:33,	,743885774552	,"云米蓝调指纹密码锁LBT11C,黑色",1734954999916	,基础建材,智能门锁/电子锁,智能门锁/电子锁,	,6923185655381	,6923185655381	,AZ2601220232426==反馈网点跟进==1.24振尧==已反馈技术1.25米锋,	,无售后或售后取消,,2026-01-20 09:59:35,	,,,,,,,否,否,	,否,	,,659.0	,0.0	,50.0	,79.17	,0.0	,0.0	,0.0	,0.0	,529.83	,609.0	,JDV025232714441,京东大件物流,湖南省,怀化市,洪江市,,,否,否,	,	,	,否,	,	,	,	,	,	,	,	,	,	,	,	,否,否,	,否,否,,	,否,	,否,,,否
新品首发 Viomi云米 小海豚3上市RO净水器5年长效反渗透净水器,260119-570173703800847,已取消,1	,正常,	,	,,	,	,862873034610	,小海豚3+2支复合滤芯（包安装）,1825244823453	,厨房电器,净水器/净水设备及配件耗材,净水器,	,S2512250943001,	,	,	,无售后或售后取消,,	,	,,,,,,,否,否,	,否,	,,702.9	,0.0	,0.0	,67.2	,0.0	,0.0	,0.0	,0.0	,635.7	,702.9	,	,	,****,****,****,****,,否,否,	,	,	,否,	,	,	,	,	,	,	,	,	,	,	,	,否,否,	,否,	,,	,否,	,否,,,否
VIOMI 云米净水器600G小海豚升级版厨下式RO反渗透直饮家用,260119-095336599942103,已取消,1	,正常,	,	,,	,	,225501370546	,小海豚600G,1813468330532	,厨房电器,净水器/净水设备及配件耗材,净水器,	,6923185653684	,6923185616399	,	,	,无售后或售后取消,,	,	,,,,,,,否,否,	,否,	,,619.0	,0.0	,0.0	,74.28	,0.0	,0.0	,0.0	,0.0	,544.72	,619.0	,	,	,****,****,****,****,,否,否,	,	,	,否,	,	,	,	,	,	,	,	,	,	,	,	,否,否,	,否,	,,	,否,	,否,,,否
云米智能电器多功能电烤箱家用烘焙小型蛋糕烤鸡翅披萨全自动16L,260119-024431838750958,已发货，退款成功,1	,正常,2026-01-19 21:14:40,2026-01-21 21:14:40,,2026-01-20 17:30:36,	,231833573024	,黑色16L,1390597610941	,大家电,全屋互联网智能电器,全屋互联网智能电器,	,6923185603221	,6923185603221	,ZX2601200065860=TH2C179251814 袁诺希1.20,	,退款成功,,2026-01-19 21:14:40,	,,,,,,,否,否,	,否,	,,174.0	,0.0	,9.0	,0.0	,0.0	,0.0	,0.0	,0.0	,165.0	,165.0	,JDV025225461592,京东大件物流,****,****,****,****,,否,否,	,	,	,否,	,	,	,	,	,	,	,	,	,	,	,	,否,否,	,否,否,,	,否,	,否,,,否
云米智能AI门锁3D指纹密码蓝牙可连大容量续航家用公寓自动安全,260119-672724456990958,已发货，退款成功,1	,正常,2026-01-19 21:14:22,2026-01-20 21:14:23,,2026-01-20 10:25:43,	,743885774552	,"云米蓝调指纹密码锁LBT11C,黑色",1734954999916	,基础建材,智能门锁/电子锁,智能门锁/电子锁,	,6923185655381	,6923185655381	,ZX2601200065750拦截 TH2C613776399已审核 待拒收退回 1.20梓晖  库内已取消发货,	,退款成功,,2026-01-19 21:14:23,	,,,,,,,否,否,	,否,	,,659.0	,0.0	,50.0	,0.0	,0.0	,0.0	,0.0	,0.0	,609.0	,609.0	,JDV025225507035,京东大件物流,****,****,****,****,,否,否,	,	,	,否,	,	,	,	,	,	,	,	,	,	,	,	,否,否,	,否,否,,	,否,	,否,,,否
云米小厨宝6L电热水器厨房卫生间出水恒温储水式小型速热神器加热,260119-160306306590958,已发货，退款成功,1	,正常,2026-01-19 21:13:57,2026-01-20 21:13:58,,2026-01-20 10:25:43,	,208073193570	,热水即刻有-【6L】,1801828025682	,大家电,热水器,厨宝,	,6923185611233	,6923185611233	,ZX2601200065750拦截 TH2C517925591已审核 待拒收退回 1.20梓晖，库内已取消发货,	,退款成功,,2026-01-19 21:13:58,	,,,,,,,否,否,	,否,	,,239.0	,0.0	,0.0	,0.0	,0.0	,0.0	,0.0	,0.0	,239.0	,239.0	,JDV025225461647,京东大件物流,****,****,****,****,,否,否,	,	,	,否,	,	,	,	,	,	,	,	,	,	,	,	,否,否,	,否,否,,	,否,	,否,,,否
云米小厨宝6L电热水器厨房卫生间出水恒温储水式小型速热神器加热,260119-675146657361015,已发货，待收货,1	,正常,2026-01-19 21:08:58,2026-01-20 21:08:58,,2026-01-20 09:23:46,	,208073193570	,热水即刻有-【6L】,1801828025682	,大家电,热水器,厨宝,	,6923185611233	,6923185611233	,	,	,无售后或售后取消,,2026-01-19 21:08:58,	,,,,,,,否,否,	,否,	,,239.0	,0.0	,0.0	,0.0	,0.0	,0.0	,0.0	,0.0	,239.0	,239.0	,JDV025225859634,京东大件物流,湖北省,十堰市,竹山县,,,否,否,	,	,	,否,	,	,	,	,	,	,	,	,	,	,	,	,否,否,	,否,否,,	,否,	,否,,,否
云米60L速热电热水器3000W一级节能变频增容租房安全已接入米家AP,260119-403460605441827,已发货，退款成功,1	,正常,2026-01-19 21:05:44,2026-01-20 21:05:44,,2026-01-20 10:25:42,	,208071231700	,双管变频速热60L,1660917678582	,大家电,热水器,电热水器,	,6923185602224	,6923185602224	,晒图评价返淋蓬头1个==ZX2601210064022=TH2C976719787=已审核，未上传退回单号，待物流退回填写 袁诺希1.21 ass已上传单号 拦截成功 可退 袁诺希1.23,	,退款成功,,2026-01-19 21:05:44,	,,,,,,,否,否,	,否,	,,671.0	,0.0	,0.0	,60.0	,0.0	,0.0	,0.0	,0.0	,611.0	,671.0	,JDV025225528400,京东大件物流,****,****,****,****,,否,否,	,	,	,否,	,	,	,	,	,	,	,	,	,	,	,	,否,否,	,否,否,,	,否,	,否,,,否
VIOMI云米净水器小海豚600G+升级版厨下式RO反渗透直饮家用,260119-686439872894089,已发货，待收货,1	,正常,2026-01-19 20:57:54,2026-01-20 20:57:55,,2026-01-20 14:11:48,	,852161740747	,小海豚600G+升级版,1835709207960	,厨房电器,净水器/净水设备及配件耗材,净水器,	,6923185653684	,	,	,	,无售后或售后取消,,2026-01-19 20:57:55,	,,,,,,,否,否,	,否,	,,559.0	,0.0	,0.0	,0.0	,1.11	,0.0	,0.0	,0.0	,559.0	,559.0	,JDV025222779286,京东大件物流,贵州省,毕节市,金沙县,,,否,否,	,	,	,否,	,	,	,	,	,	,	,	,	,	,	,	,否,否,	,否,否,,	,否,	,否,,,否
VIOMI云米净水器小海豚600G+升级版厨下式RO反渗透直饮家用,260119-455459499620096,已发货，待收货,1	,正常,2026-01-19 20:56:02,2026-01-20 20:56:02,	,2026-01-20 09:23:45,	,852161740747	,小海豚600G+升级版,1835709207960	,厨房电器,净水器/净水设备及配件耗材,净水器,	,6923185653684	,	,	,	,无售后或售后取消,,2026-01-19 20:56:02,	,,,,,,,否,否,	,否,	,,559.0	,0.0	,0.0	,0.0	,0.0	,0.0	,0.0	,0.0	,559.0	,559.0	,JDV025225816014,京东大件物流,安徽省,蚌埠市,蚌山区,,,否,否,	,	,	,否,	,	,	,	,	,	,	,	,	,	,	,	,否,否,	,否,否,,	,否,	,否,,,否
VIOMI云米净水器小海豚600G+升级版厨下式RO反渗透直饮家用,260119-461855854983834,已收货,1	,正常,2026-01-19 20:54:06,2026-01-20 20:54:07,,2026-01-20 09:23:46,2026-01-22 21:25:13,852161740747	,小海豚600G+升级版,1835709207960	,厨房电器,净水器/净水设备及配件耗材,净水器,	,6923185653684	,	,	,	,无售后或售后取消,,2026-01-19 20:54:07,	,,,,,,,否,否,	,否,	,,559.0	,0.0	,0.0	,0.0	,1.11	,0.0	,0.0	,0.0	,559.0	,559.0	,JDV025225846029,京东大件物流,****,****,****,****,,否,否,	,	,	,否,	,	,	,	,	,	,	,	,	,	,	,	,否,否,	,否,否,,	,否,	,否,,,否
VIOMI云米净水器小海豚600G+升级版厨下式RO反渗透直饮家用,260119-003659600163746,已收货,1	,正常,2026-01-19 20:52:16,2026-01-20 20:52:16,,2026-01-20 10:25:43,2026-01-25 19:26:33,852161740747	,小海豚600G+升级版,1835709207960	,厨房电器,净水器/净水设备及配件耗材,净水器,	,6923185653684	,	,	,	,无售后或售后取消,,2026-01-19 20:52:16,	,,,,,,,否,否,	,否,	,,559.0	,0.0	,0.0	,15.0	,0.0	,0.0	,0.0	,0.0	,544.0	,559.0	,JDV025221913910,京东大件物流,****,****,****,****,,否,否,	,	,	,否,	,	,	,	,	,	,	,	,	,	,	,	,否,否,	,否,是,12	,消费者,否,	,否,,花呗分期,否
VIOMI云米净水器小海豚600G+升级版厨下式RO反渗透直饮家用,260119-647160195463834,未发货，退款成功,1	,正常,2026-01-19 20:50:45,2026-01-20 20:50:45,,	,	,852161740747	,小海豚600G+升级版,1835709207960	,厨房电器,净水器/净水设备及配件耗材,净水器,	,6923185653684	,	,聚水潭已取消发货 已退款1.20丹丹 ,	,退款成功,,2026-01-19 20:50:45,	,,,,,,,否,否,	,否,	,,559.0	,0.0	,0.0	,0.0	,0.2	,0.0	,0.0	,0.0	,559.0	,559.0	,	,	,****,****,****,****,,否,否,	,	,	,否,	,	,	,	,	,	,	,	,	,	,	,	,否,否,	,否,否,,	,否,	,否,,,否
新品首发 Viomi云米 小海豚3上市RO净水器5年长效反渗透净水器,260119-301958469240847,已取消,1	,正常,	,	,,	,	,862873034610	,小海豚3+2支复合滤芯（包安装）,1825244823453	,厨房电器,净水器/净水设备及配件耗材,净水器,	,S2512250943001,	,	,	,无售后或售后取消,,	,	,,,,,,,否,否,	,否,	,,702.9	,0.0	,0.0	,67.2	,0.0	,0.0	,0.0	,0.0	,635.7	,702.9	,	,	,****,****,****,****,,否,否,	,	,	,否,	,	,	,	,	,	,	,	,	,	,	,	,否,否,	,否,	,,	,否,	,否,,,否
VIOMI云米净水器小海豚600G+升级版厨下式RO反渗透直饮家用,260119-172281106823834,已取消,1	,正常,	,	,,	,	,852161740747	,小海豚600G+升级版,1835709207960	,厨房电器,净水器/净水设备及配件耗材,净水器,	,6923185653684	,	,	,	,无售后或售后取消,,	,	,,,,,,,否,否,	,否,	,,559.0	,0.0	,0.0	,0.0	,0.0	,0.0	,0.0	,0.0	,559.0	,559.0	,	,	,****,****,****,****,,否,否,	,	,	,否,	,	,	,	,	,	,	,	,	,	,	,	,否,否,	,否,	,,	,否,	,否,,,否
VIOMI云米净水器小海豚600G+升级版厨下式RO反渗透直饮家用,260119-323297022263161,已收货,1	,正常,2026-01-19 20:34:39,2026-01-20 20:34:39,,2026-01-20 10:25:43,2026-01-23 16:34:16,852161740747	,小海豚600G+升级版,1835709207960	,厨房电器,净水器/净水设备及配件耗材,净水器,	,6923185653684	,	,	,	,无售后或售后取消,,2026-01-19 20:34:39,	,,,,,,,否,否,	,否,	,,559.0	,0.0	,0.0	,0.0	,0.0	,0.0	,0.0	,0.0	,559.0	,559.0	,JDV025222871177,京东大件物流,****,****,****,****,,否,否,	,	,	,否,	,	,	,	,	,	,	,	,	,	,	,	,是,是,	,否,否,,	,否,	,否,,,否
云米小厨宝6L电热水器厨房卫生间出水恒温储水式小型速热神器加热,260119-355142265173274,已收货,1	,正常,2026-01-19 20:27:10,2026-01-20 20:27:10,,2026-01-20 09:23:46,2026-01-25 14:30:48,208073193570	,热水即刻有-【6L】,1801828025682	,大家电,热水器,厨宝,	,6923185611233	,6923185611233	,	,	,无售后或售后取消,,2026-01-19 20:27:10,	,,,,,,,否,否,	,否,	,,239.0	,0.0	,0.0	,25.0	,0.0	,0.0	,0.0	,0.0	,214.0	,239.0	,JDV025225826578,京东大件物流,****,****,****,****,,否,否,	,	,	,否,	,	,	,	,	,	,	,	,	,	,	,	,否,是,	,否,否,,	,否,	,否,,,否
云米净水器600G小海豚升级版厨下式RO反渗透直饮家用,260119-033911007543849,已取消,1	,正常,	,	,,	,	,852932116812	,小海豚600G+6年滤芯套装,1812983769340	,厨房电器,净水器/净水设备及配件耗材,净水器,	,S2508151538001,	,	,	,无售后或售后取消,,	,	,,,,,,,否,否,	,否,	,,772.0	,0.0	,0.0	,100.0	,0.0	,0.0	,0.0	,0.0	,672.0	,772.0	,	,	,****,****,****,****,,否,否,	,	,	,否,	,	,	,	,	,	,	,	,	,	,	,	,否,否,	,否,	,,	,否,	,否,,,否
VIOMI云米净水器小海豚600G+升级版厨下式RO反渗透直饮家用,260119-578069512503849,已取消,1	,正常,	,	,,	,	,852161740747	,小海豚600G+升级版,1835709207960	,厨房电器,净水器/净水设备及配件耗材,净水器,	,6923185653684	,	,	,	,无售后或售后取消,,	,	,,,,,,,否,否,	,否,	,,559.0	,0.0	,0.0	,0.0	,0.0	,0.0	,0.0	,0.0	,559.0	,559.0	,	,	,****,****,****,****,,否,否,	,	,	,否,	,	,	,	,	,	,	,	,	,	,	,	,否,否,	,否,	,,	,否,	,否,,,否
云米AI燃气热水器 智控恒温防冻节能安全水质净化精准控温13L强排,260119-051275426173875,已发货，待收货,1	,正常,2026-01-19 20:15:45,2026-01-20 20:15:45,,2026-01-20 09:23:45,	,774960777953	,智控恒温燃气热水器,1756760299679	,大家电,热水器,燃气热水器,	,6923185655688	,6923185655688	,	,	,无售后或售后取消,,2026-01-19 20:15:45,	,,,,,,,否,否,	,否,	,,529.0	,0.0	,0.0	,26.45	,0.0	,0.0	,0.0	,0.0	,502.55	,529.0	,JDV025225507044,京东大件物流,四川省,成都市,郫都区,,,否,否,	,	,	,否,	,	,	,	,	,	,	,	,	,	,	,	,否,否,	,否,否,,	,否,	,否,,,否
VIOMI云米净水器小海豚600G+升级版厨下式RO反渗透直饮家用,260119-665447339542488,已取消,1	,正常,	,	,,	,	,852161740747	,小海豚600G+升级版,1835709207960	,厨房电器,净水器/净水设备及配件耗材,净水器,	,6923185653684	,	,	,	,无售后或售后取消,,	,	,,,,,,,否,否,	,否,	,,559.0	,0.0	,0.0	,0.0	,0.0	,0.0	,0.0	,0.0	,559.0	,559.0	,	,	,****,****,****,****,,否,否,	,	,	,否,	,	,	,	,	,	,	,	,	,	,	,	,否,否,	,否,	,,	,否,	,否,,,否
云米净水器600G小海豚升级版厨下式RO反渗透直饮家用,260119-461436424543448,已取消,1	,正常,	,	,,	,	,852932116812	,小海豚600G+6年滤芯套装,1812983769340	,厨房电器,净水器/净水设备及配件耗材,净水器,	,S2508151538001,	,	,	,无售后或售后取消,,	,	,,,,,,,否,否,	,否,	,,772.0	,0.0	,0.0	,100.0	,0.0	,0.0	,0.0	,0.0	,672.0	,772.0	,	,	,****,****,****,****,,否,否,	,	,	,否,	,	,	,	,	,	,	,	,	,	,	,	,否,否,	,否,	,,	,否,	,否,,,否
云米净水器600G小海豚升级版厨下式RO反渗透直饮家用,260119-499269026232730,已收货,1	,正常,2026-01-19 20:11:42,2026-01-20 20:11:42,,2026-01-20 10:25:44,2026-01-24 15:57:18,852932116812	,小海豚600G+6年滤芯套装,1812983769340	,厨房电器,净水器/净水设备及配件耗材,净水器,	,S2508151538001,	,赠送一支tds笔,	,无售后或售后取消,,2026-01-19 20:11:42,	,,,,,,,否,否,	,否,	,,772.0	,0.0	,0.0	,80.0	,1.38	,0.0	,0.0	,0.0	,692.0	,772.0	,JDV025221301255,京东大件物流,****,****,****,****,,否,否,	,	,	,否,	,	,	,	,	,	,	,	,	,	,	,	,否,是,	,否,否,,	,否,	,否,,,否
VIOMI云米净水器小海豚600G+升级版厨下式RO反渗透直饮家用,260119-307023091230163,已发货，待收货,1	,正常,2026-01-19 20:09:19,2026-01-20 20:09:19,,2026-01-20 09:23:46,	,852161740747	,小海豚600G+升级版,1835709207960	,厨房电器,净水器/净水设备及配件耗材,净水器,	,6923185653684	,	,	,	,无售后或售后取消,,2026-01-19 20:09:19,	,,,,,,,否,否,	,否,	,,559.0	,0.0	,0.0	,3.0	,1.11	,0.0	,0.0	,0.0	,556.0	,559.0	,JDV025225478332,京东大件物流,广东省,茂名市,电白区,,,否,否,	,	,	,否,	,	,	,	,	,	,	,	,	,	,	,	,否,否,	,否,否,,	,否,	,否,,,否
云米23m³顶侧大吸力超薄智能油烟机厨房app挥手智控易清洁一级,260119-121687294291732,已发货，待收货,1	,正常,2026-01-19 20:03:15,2026-01-20 20:03:15,,2026-01-20 09:23:45,	,219486126363	,挥手智控单烟机,1689355640209	,大家电,厨房大电,油烟机,	,6923185613664	,6923185613664	,	,	,无售后或售后取消,,2026-01-19 20:03:15,	,,,,,,,否,否,	,否,	,,1031.0	,0.0	,200.0	,32.0	,0.0	,0.0	,0.0	,0.0	,799.0	,831.0	,JDV025225509356,京东大件物流,河南省,郑州市,中牟县,,,否,否,	,	,	,否,	,	,	,	,	,	,	,	,	,	,	,	,否,否,	,否,否,,	,否,	,否,,,否
云米顶侧大吸力蓝调油烟机家用厨房节能自清洁一级能效可挥手智控,260119-318221893933415,未发货，退款成功,1	,正常,2026-01-19 20:06:36,2026-01-20 20:06:36,	,	,	,657344402006	,顶侧双吸智清洁挥手智控单烟机,1832827639759	,大家电,厨房大电,油烟机,	,6923185650973	,6923185650973	,ZX2601200065634库内拦截已取消发货1.20丹丹,	,退款成功,,2026-01-19 20:06:36,	,,,,,,,否,否,	,否,	,,849.0	,0.0	,0.0	,0.0	,0.0	,0.0	,0.0	,0.0	,849.0	,849.0	,	,	,****,****,****,****,,否,否,	,	,	,否,	,	,	,	,	,	,	,	,	,	,	,	,否,否,	,否,否,,	,否,	,否,,,否
VIOMI云米净水器小海豚600G+升级版厨下式RO反渗透直饮家用,260119-344908153253241,已取消,1	,正常,	,	,,	,	,852161740747	,小海豚600G+升级版,1835709207960	,厨房电器,净水器/净水设备及配件耗材,净水器,	,6923185653684	,	,	,	,无售后或售后取消,,	,	,,,,,,,否,否,	,否,	,,559.0	,0.0	,0.0	,0.0	,0.0	,0.0	,0.0	,0.0	,559.0	,559.0	,	,	,****,****,****,****,,否,否,	,	,	,否,	,	,	,	,	,	,	,	,	,	,	,	,否,否,	,否,	,,	,否,	,否,,,否
VIOMI云米净水器小海豚600G+升级版厨下式RO反渗透直饮家用,260119-486434414102530,已发货，待收货,1	,正常,2026-01-19 19:49:36,2026-01-20 19:49:36,,2026-01-20 09:23:46,	,852161740747	,小海豚600G+升级版,1835709207960	,厨房电器,净水器/净水设备及配件耗材,净水器,	,6923185653684	,	,	,	,无售后或售后取消,,2026-01-19 19:49:36,	,,,,,,,否,否,	,否,	,,559.0	,0.0	,0.0	,0.0	,0.0	,0.0	,0.0	,0.0	,559.0	,559.0	,JDV025225509283,京东大件物流,福建省,福州市,闽侯县,,,否,否,	,	,	,否,	,	,	,	,	,	,	,	,	,	,	,	,否,否,	,否,是,3	,商家,否,	,否,,信用卡分期,否
VIOMI云米净水器小海豚600G+升级版厨下式RO反渗透直饮家用,260119-251626821142530,已取消,1	,正常,	,	,,	,	,852161740747	,小海豚600G+升级版,1835709207960	,厨房电器,净水器/净水设备及配件耗材,净水器,	,6923185653684	,	,	,	,无售后或售后取消,,	,	,,,,,,,否,否,	,否,	,,559.0	,0.0	,0.0	,0.0	,0.0	,0.0	,0.0	,0.0	,559.0	,559.0	,	,	,****,****,****,****,,否,否,	,	,	,否,	,	,	,	,	,	,	,	,	,	,	,	,否,否,	,否,	,,	,否,	,否,,,否
新品首发 Viomi云米 小海豚3上市RO净水器5年长效反渗透净水器,260119-198285729380764,已取消,1	,正常,	,	,,	,	,862873034610	,小海豚3+1支复合滤芯（包安装）,1825244823452	,厨房电器,净水器/净水设备及配件耗材,净水器,	,S2512250944002,	,	,	,无售后或售后取消,,	,	,,,,,,,否,否,	,否,	,,609.9	,0.0	,0.0	,0.0	,0.0	,0.0	,0.0	,0.0	,609.9	,609.9	,	,	,****,****,****,****,,否,否,	,	,	,否,	,	,	,	,	,	,	,	,	,	,	,	,否,否,	,否,	,,	,否,	,否,,,否
VIOMI云米净水器小海豚600G+升级版厨下式RO反渗透直饮家用,260119-546517819023236,已取消,1	,正常,	,	,,	,	,852161740747	,小海豚600G+升级版,1835709207960	,厨房电器,净水器/净水设备及配件耗材,净水器,	,6923185653684	,	,	,	,无售后或售后取消,,	,	,,,,,,,否,否,	,否,	,,559.0	,0.0	,0.0	,0.0	,0.0	,0.0	,0.0	,0.0	,559.0	,559.0	,	,	,****,****,****,****,,否,否,	,	,	,否,	,	,	,	,	,	,	,	,	,	,	,	,否,否,	,否,	,,	,否,	,否,,,否
云米23m³顶侧大吸力超薄智能油烟机厨房app挥手智控易清洁一级,260119-646908515980400,已取消,1	,正常,	,	,,	,	,219486126363	,挥手智控单烟机,1689355640209	,大家电,厨房大电,油烟机,	,6923185613664	,6923185613664	,	,	,无售后或售后取消,,	,	,,,,,,,否,否,	,否,	,,1031.0	,0.0	,200.0	,0.0	,0.0	,0.0	,0.0	,0.0	,831.0	,831.0	,	,	,****,****,****,****,,否,否,	,	,	,否,	,	,	,	,	,	,	,	,	,	,	,	,否,否,	,否,	,,	,否,	,否,,,否
VIOMI云米净水器小海豚600G+升级版厨下式RO反渗透直饮家用,260119-181120582041180,已取消,1	,正常,	,	,,	,	,852161740747	,小海豚600G+升级版,1835709207960	,厨房电器,净水器/净水设备及配件耗材,净水器,	,6923185653684	,	,	,	,无售后或售后取消,,	,	,,,,,,,否,否,	,否,	,,559.0	,0.0	,0.0	,0.0	,0.0	,0.0	,0.0	,0.0	,559.0	,559.0	,	,	,****,****,****,****,,否,否,	,	,	,否,	,	,	,	,	,	,	,	,	,	,	,	,否,否,	,否,	,,	,否,	,否,,,否
VIOMI云米净水器小海豚600G+升级版厨下式RO反渗透直饮家用,260119-450866757940771,已收货,1	,正常,2026-01-19 19:26:04,2026-01-20 19:26:04,,2026-01-21 14:17:37,2026-01-24 21:48:48,852161740747	,小海豚600G+升级版,1835709207960	,厨房电器,净水器/净水设备及配件耗材,净水器,	,6923185653684	,	,	,	,无售后或售后取消,,2026-01-19 19:26:04,	,,,,,,,否,否,	,否,	,,559.0	,0.0	,0.0	,0.0	,1.11	,0.0	,0.0	,0.0	,559.0	,559.0	,JDV025247532302,京东大件物流,****,****,****,****,,否,否,	,	,	,否,	,	,	,	,	,	,	,	,	,	,	,	,否,否,	,否,否,,	,否,	,否,,,否
VIOMI云米净水器小海豚600G+升级版厨下式RO反渗透直饮家用,260119-596031619380771,已取消,1	,正常,	,	,,	,	,852161740747	,小海豚600G+升级版,1835709207960	,厨房电器,净水器/净水设备及配件耗材,净水器,	,6923185653684	,	,	,	,无售后或售后取消,,	,	,,,,,,,否,否,	,否,	,,559.0	,0.0	,0.0	,0.0	,0.0	,0.0	,0.0	,0.0	,559.0	,559.0	,	,	,****,****,****,****,,否,否,	,	,	,否,	,	,	,	,	,	,	,	,	,	,	,	,否,否,	,否,	,,	,否,	,否,,,否
VIOMI云米净水器小海豚600G+升级版厨下式RO反渗透直饮家用,260119-186814349711024,已取消,1	,正常,	,	,,	,	,852161740747	,小海豚600G+升级版,1835709207960	,厨房电器,净水器/净水设备及配件耗材,净水器,	,6923185653684	,	,	,	,无售后或售后取消,,	,	,,,,,,,否,否,	,否,	,,559.0	,0.0	,0.0	,60.0	,0.0	,0.0	,0.0	,0.0	,499.0	,559.0	,	,	,****,****,****,****,,否,否,	,	,	,否,	,	,	,	,	,	,	,	,	,	,	,	,否,否,	,否,	,,	,否,	,否,,,否
新品首发 Viomi云米 小海豚3上市RO净水器5年长效反渗透净水器,260119-075770182061950,已取消,1	,正常,	,	,,	,	,862873034610	,小海豚3+1支复合滤芯（包安装）,1825244823452	,厨房电器,净水器/净水设备及配件耗材,净水器,	,S2512250944002,	,	,	,无售后或售后取消,,	,	,,,,,,,否,否,	,否,	,,609.9	,0.0	,0.0	,0.0	,0.0	,0.0	,0.0	,0.0	,609.9	,609.9	,	,	,****,****,****,****,,否,否,	,	,	,否,	,	,	,	,	,	,	,	,	,	,	,	,否,否,	,否,	,,	,否,	,否,,,否
云米60L速热电热水器3000W一级节能变频增容租房安全已接入米家AP,260119-015581909322612,已取消,1	,正常,	,	,,	,	,208071231700	,双管变频速热60L,1660917678582	,大家电,热水器,电热水器,	,6923185602224	,6923185602224	,	,	,无售后或售后取消,,	,	,,,,,,,否,否,	,否,	,,671.0	,0.0	,0.0	,32.0	,0.0	,0.0	,0.0	,0.0	,639.0	,671.0	,	,	,****,****,****,****,,否,否,	,	,	,否,	,	,	,	,	,	,	,	,	,	,	,	,否,否,	,否,	,,	,否,	,否,,,否
云米净水器600G小海豚升级版厨下式RO反渗透直饮家用,260119-092631232100287,未发货，退款成功,1	,正常,2026-01-20 09:05:06,2026-01-21 09:05:06,,	,	,852932116812	,小海豚600G+6年滤芯套装,1812983769340	,厨房电器,净水器/净水设备及配件耗材,净水器,	,S2508151538001,	,聚水潭已取消发货 已退款1.20丹丹,	,退款成功,,2026-01-20 09:05:06,	,,,,,,,否,否,	,否,	,,772.0	,0.0	,0.0	,100.0	,1.34	,0.0	,0.0	,0.0	,672.0	,772.0	,	,	,****,****,****,****,,否,否,	,	,	,否,	,	,	,	,	,	,	,	,	,	,	,	,否,否,	,否,否,,	,否,	,否,,,否
VIOMI云米净水器小海豚600G+升级版厨下式RO反渗透直饮家用,260119-655381051822968,已发货，待收货,1	,正常,2026-01-19 18:56:50,2026-01-20 18:56:50,,2026-01-20 09:23:46,	,852161740747	,小海豚600G+升级版,1835709207960	,厨房电器,净水器/净水设备及配件耗材,净水器,	,6923185653684	,	,	,	,无售后或售后取消,,2026-01-19 18:56:50,	,,,,,,,否,否,	,否,	,,559.0	,0.0	,0.0	,0.0	,0.0	,0.0	,0.0	,0.0	,559.0	,559.0	,JDV025225815787,京东大件物流,江西省,景德镇市,昌江区,,,否,否,	,	,	,否,	,	,	,	,	,	,	,	,	,	,	,	,否,否,	,否,否,,	,否,	,否,,,否
新品首发 Viomi云米 小海豚3上市RO净水器5年长效反渗透净水器,260119-683797430702968,未发货，退款成功,1	,正常,2026-01-19 18:52:57,2026-01-20 18:52:57,,	,	,862873034610	,小海豚3（原装滤芯）（包安装）,1825244823454	,厨房电器,净水器/净水设备及配件耗材,净水器,	,6923185605867	,	,聚水潭已取消发货 已退款1.20丹丹,	,退款成功,,2026-01-19 18:52:57,	,,,,,,,否,否,	,否,	,,498.9	,0.0	,0.0	,0.0	,0.2	,0.0	,0.0	,0.0	,498.9	,498.9	,	,	,****,****,****,****,,否,否,	,	,	,否,	,	,	,	,	,	,	,	,	,	,	,	,否,否,	,否,否,,	,否,	,否,,,否
VIOMI云米净水器小海豚600G+升级版厨下式RO反渗透直饮家用,260119-308512100671742,已取消,1	,正常,	,	,,	,	,852161740747	,小海豚600G+升级版,1835709207960	,厨房电器,净水器/净水设备及配件耗材,净水器,	,6923185653684	,	,	,	,无售后或售后取消,,	,	,,,,,,,否,否,	,否,	,,559.0	,0.0	,0.0	,6.0	,0.0	,0.0	,0.0	,0.0	,553.0	,559.0	,	,	,****,****,****,****,,否,否,	,	,	,否,	,	,	,	,	,	,	,	,	,	,	,	,否,否,	,否,	,,	,否,	,否,,,否
VIOMI云米净水器小海豚600G+升级版厨下式RO反渗透直饮家用,260119-554245865834092,已取消,1	,正常,	,	,,	,	,852161740747	,小海豚600G+升级版,1835709207960	,厨房电器,净水器/净水设备及配件耗材,净水器,	,6923185653684	,	,	,	,无售后或售后取消,,	,	,,,,,,,否,否,	,否,	,,559.0	,0.0	,0.0	,0.0	,0.0	,0.0	,0.0	,0.0	,559.0	,559.0	,	,	,****,****,****,****,,否,否,	,	,	,否,	,	,	,	,	,	,	,	,	,	,	,	,否,否,	,否,	,,	,否,	,否,,,否
VIOMI云米净水器小海豚600G+升级版厨下式RO反渗透直饮家用,260119-664514128190122,已发货，待收货,1	,正常,2026-01-19 18:26:58,2026-01-20 18:26:58,,2026-01-20 09:23:47,	,852161740747	,小海豚600G+升级版,1835709207960	,厨房电器,净水器/净水设备及配件耗材,净水器,	,6923185653684	,	,	,	,无售后或售后取消,,2026-01-19 18:26:58,	,,,,,,,否,否,	,否,	,,559.0	,0.0	,0.0	,0.0	,1.11	,0.0	,0.0	,0.0	,559.0	,559.0	,JDV025219809907,京东大件物流,河北省,廊坊市,霸州市,,,否,否,	,	,	,否,	,	,	,	,	,	,	,	,	,	,	,	,否,否,	,否,否,,	,否,	,否,,,否
云米小厨宝6L电热水器厨房卫生间出水恒温储水式小型速热神器加热,260119-370168379831196,已收货,1	,正常,2026-01-19 18:22:27,2026-01-20 18:22:27,,2026-01-21 14:17:36,2026-01-24 09:58:38,208073193570	,热水即刻有-【6L】,1801828025682	,大家电,热水器,厨宝,	,6923185611233	,6923185611233	,	,	,无售后或售后取消,,2026-01-19 18:22:27,	,,,,,,,否,否,	,否,	,,239.0	,0.0	,0.0	,0.0	,0.2	,0.0	,0.0	,0.0	,239.0	,239.0	,JDV025247560093,京东大件物流,****,****,****,****,,否,否,	,	,	,否,	,	,	,	,	,	,	,	,	,	,	,	,否,否,	,否,否,,	,否,	,否,,,否
云米小厨宝6L电热水器厨房卫生间出水恒温储水式小型速热神器加热,260119-663801096631196,已取消,1	,正常,	,	,,	,	,208073193570	,热水即刻有-【6L】,1801828025682	,大家电,热水器,厨宝,	,6923185611233	,6923185611233	,	,	,无售后或售后取消,,	,	,,,,,,,否,否,	,否,	,,239.0	,0.0	,0.0	,0.0	,0.0	,0.0	,0.0	,0.0	,239.0	,239.0	,	,	,****,****,****,****,,否,否,	,	,	,否,	,	,	,	,	,	,	,	,	,	,	,	,否,否,	,否,	,,	,否,	,否,,,否
云米小厨宝6L电热水器厨房卫生间出水恒温储水式小型速热神器加热,260119-467801280951196,已取消,1	,正常,	,	,,	,	,208073193570	,热水即刻有-【6L】,1801828025682	,大家电,热水器,厨宝,	,6923185611233	,6923185611233	,	,	,无售后或售后取消,,	,	,,,,,,,否,否,	,否,	,,239.0	,0.0	,0.0	,0.0	,0.0	,0.0	,0.0	,0.0	,239.0	,239.0	,	,	,****,****,****,****,,否,否,	,	,	,否,	,	,	,	,	,	,	,	,	,	,	,	,否,否,	,否,	,,	,否,	,否,,,否
新品首发 Viomi云米 小海豚3上市RO净水器5年长效反渗透净水器,260119-315443177821295,已收货,1	,正常,2026-01-19 18:17:45,2026-01-20 18:17:46,,2026-01-20 09:23:47,2026-01-23 15:37:38,862873034610	,小海豚3（原装滤芯）（包安装）,1825244823454	,厨房电器,净水器/净水设备及配件耗材,净水器,	,6923185605867	,	,AZ2601220231911==1.22米锋,	,无售后或售后取消,,2026-01-19 18:17:46,	,,,,,,,否,否,	,否,	,,498.9	,0.0	,0.0	,0.0	,0.0	,0.0	,0.0	,0.0	,498.9	,498.9	,JDV025225506440,京东大件物流,****,****,****,****,,否,否,	,	,	,否,	,	,	,	,	,	,	,	,	,	,	,	,否,否,	,否,否,,	,否,	,否,,,否
新品首发 Viomi云米 小海豚3上市RO净水器5年长效反渗透净水器,260119-516098691421295,已取消,1	,正常,	,	,,	,	,862873034610	,小海豚3（原装滤芯）（包安装）,1825244823454	,厨房电器,净水器/净水设备及配件耗材,净水器,	,6923185605867	,	,	,	,无售后或售后取消,,	,	,,,,,,,否,否,	,否,	,,498.9	,0.0	,0.0	,0.0	,0.0	,0.0	,0.0	,0.0	,498.9	,498.9	,	,	,****,****,****,****,,否,否,	,	,	,否,	,	,	,	,	,	,	,	,	,	,	,	,否,否,	,否,	,,	,否,	,否,,,否
云米AI燃气热水器 智控恒温防冻节能安全水质净化精准控温13L强排,260119-436249577010659,未发货，退款成功,1	,正常,2026-01-19 18:09:35,2026-01-20 18:09:35,,	,	,774960777953	,智控恒温燃气热水器,1756760299679	,大家电,热水器,燃气热水器,	,6923185655688	,6923185655688	,聚水潭已取消发货 已退款1.20丹丹,	,退款成功,,2026-01-19 18:09:35,	,,,,,,,否,否,	,否,	,,529.0	,0.0	,0.0	,60.0	,0.0	,0.0	,0.0	,0.0	,469.0	,529.0	,	,	,****,****,****,****,,否,否,	,	,	,否,	,	,	,	,	,	,	,	,	,	,	,	,否,是,	,否,否,,	,否,	,否,,,否
新品首发 Viomi云米 小海豚3上市RO净水器5年长效反渗透净水器,260119-276782180723744,已收货,1	,正常,2026-01-19 17:46:59,2026-01-20 17:46:59,,2026-01-20 09:23:46,2026-01-24 13:57:18,862873034610	,小海豚3（原装滤芯）（包安装）,1825244823454	,厨房电器,净水器/净水设备及配件耗材,净水器,	,6923185605867	,	,AZ2601230229432==1.23米锋,	,无售后或售后取消,,2026-01-19 17:46:59,	,,,,,,,否,否,	,否,	,,498.9	,0.0	,0.0	,60.0	,0.0	,0.0	,0.0	,0.0	,438.9	,498.9	,JDV025225463726,京东大件物流,****,****,****,****,,否,否,	,	,	,否,	,	,	,	,	,	,	,	,	,	,	,	,否,否,	,否,否,,	,否,	,否,,,否
VIOMI云米净水器小海豚600G+升级版厨下式RO反渗透直饮家用,260119-436249597592229,已取消,1	,正常,	,	,,	,	,852161740747	,小海豚600G+升级版,1835709207960	,厨房电器,净水器/净水设备及配件耗材,净水器,	,6923185653684	,	,	,	,无售后或售后取消,,	,	,,,,,,,否,否,	,否,	,,559.0	,0.0	,0.0	,0.0	,0.0	,0.0	,0.0	,0.0	,559.0	,559.0	,	,	,****,****,****,****,,否,否,	,	,	,否,	,	,	,	,	,	,	,	,	,	,	,	,否,否,	,否,	,,	,否,	,否,,,否
【母婴直饮】云米净水器 SE 600G+ 新升级厨下式RO反渗透直饮家用,260119-480856031530493,已取消,1	,正常,	,	,,	,	,819506595979	,【24年新品】600G升级版6年长效,1787046011387	,厨房电器,净水器/净水设备及配件耗材,净水器,	,6923185653684	,6923185616399	,	,	,无售后或售后取消,,	,	,,,,,,,否,否,	,否,	,,748.0	,0.0	,129.6	,100.0	,0.0	,0.0	,0.0	,0.0	,518.4	,618.4	,	,	,****,****,****,****,,否,否,	,	,	,否,	,	,	,	,	,	,	,	,	,	,	,	,否,否,	,否,	,,	,否,	,否,,,否
云米顶侧大吸力蓝调油烟机家用厨房节能自清洁一级能效可挥手智控,260119-291630006651596,已收货,1	,正常,2026-01-19 17:10:16,2026-01-20 17:10:16,,2026-01-20 09:23:47,2026-01-24 11:05:37,657344402006	,顶侧双吸智清洁挥手智控单烟机,1832827639759	,大家电,厨房大电,油烟机,	,6923185650973	,6923185650973	,	,	,无售后或售后取消,,2026-01-19 17:10:16,	,,,,,,,否,否,	,否,	,,849.0	,0.0	,0.0	,0.0	,0.0	,0.0	,0.0	,0.0	,849.0	,849.0	,JDV025225922671,京东大件物流,****,****,****,****,,否,否,	,	,	,否,	,	,	,	,	,	,	,	,	,	,	,	,否,否,	,否,否,,	,否,	,否,,,否
VIOMI云米净水器小海豚600G+升级版厨下式RO反渗透直饮家用,260119-647778803262854,已发货，待收货,1	,正常,2026-01-19 17:08:39,2026-01-20 17:08:39,,2026-01-21 14:17:37,	,852161740747	,小海豚600G+升级版,1835709207960	,厨房电器,净水器/净水设备及配件耗材,净水器,	,6923185653684	,	,	,	,无售后或售后取消,,2026-01-19 17:08:39,	,,,,,,,否,否,	,否,	,,559.0	,0.0	,0.0	,60.0	,0.0	,0.0	,0.0	,0.0	,499.0	,559.0	,JDV025247552004,京东大件物流,黑龙江省,哈尔滨市,五常市,,,否,否,	,	,	,否,	,	,	,	,	,	,	,	,	,	,	,	,否,否,	,否,否,,	,否,	,否,,,否
VIOMI云米净水器小海豚600G+升级版厨下式RO反渗透直饮家用,260119-534312425062401,已取消,1	,正常,	,	,,	,	,852161740747	,小海豚600G+升级版,1835709207960	,厨房电器,净水器/净水设备及配件耗材,净水器,	,6923185653684	,	,	,	,无售后或售后取消,,	,	,,,,,,,否,否,	,否,	,,559.0	,0.0	,0.0	,0.0	,0.0	,0.0	,0.0	,0.0	,559.0	,559.0	,	,	,****,****,****,****,,否,否,	,	,	,否,	,	,	,	,	,	,	,	,	,	,	,	,否,否,	,否,	,,	,否,	,否,,,否
VIOMI云米净水器小海豚600G+升级版厨下式RO反渗透直饮家用,260119-373324521013854,已发货，待收货,1	,正常,2026-01-19 17:05:58,2026-01-20 17:05:58,	,2026-01-20 08:45:25,	,852161740747	,小海豚600G+升级版,1835709207960	,厨房电器,净水器/净水设备及配件耗材,净水器,	,6923185653684	,	,	,	,无售后或售后取消,,2026-01-19 17:05:58,	,,,,,,,否,否,	,否,	,,559.0	,0.0	,0.0	,0.0	,0.0	,0.0	,0.0	,0.0	,559.0	,559.0	,JDV025218551106,京东大件物流,广东省,揭阳市,榕城区,,,否,否,	,	,	,否,	,	,	,	,	,	,	,	,	,	,	,	,否,否,	,否,否,,	,否,	,否,,,否
VIOMI云米净水器小海豚600G+升级版厨下式RO反渗透直饮家用,260119-336561466952162,已取消,1	,正常,	,	,,	,	,852161740747	,小海豚600G+升级版,1835709207960	,厨房电器,净水器/净水设备及配件耗材,净水器,	,6923185653684	,	,	,	,无售后或售后取消,,	,	,,,,,,,否,否,	,否,	,,559.0	,0.0	,0.0	,0.0	,0.0	,0.0	,0.0	,0.0	,559.0	,559.0	,	,	,****,****,****,****,,否,否,	,	,	,否,	,	,	,	,	,	,	,	,	,	,	,	,否,否,	,否,	,,	,否,	,否,,,否
云米AI燃气热水器 智控恒温防冻节能安全水质净化精准控温13L强排,260119-576255444522473,已取消,1	,正常,	,	,,	,	,774960777953	,智控恒温燃气热水器,1756760299679	,大家电,热水器,燃气热水器,	,6923185655688	,6923185655688	,	,	,无售后或售后取消,,	,	,,,,,,,否,否,	,否,	,,529.0	,0.0	,0.0	,58.19	,0.0	,0.0	,0.0	,0.0	,470.81	,529.0	,	,	,****,****,****,****,,否,否,	,	,	,否,	,	,	,	,	,	,	,	,	,	,	,	,否,否,	,否,	,,	,否,	,否,,,否
VIOMI云米净水器小海豚600G+升级版厨下式RO反渗透直饮家用,260119-268037035560525,已收货,1	,正常,2026-01-19 16:58:06,2026-01-20 16:58:07,,2026-01-20 09:23:47,2026-01-25 16:57:59,852161740747	,小海豚600G+升级版,1835709207960	,厨房电器,净水器/净水设备及配件耗材,净水器,	,6923185653684	,	,	,	,无售后或售后取消,,2026-01-19 16:58:07,	,,,,,,,否,否,	,否,	,,559.0	,0.0	,0.0	,60.0	,0.0	,0.0	,0.0	,0.0	,499.0	,559.0	,JDV025225826237,京东大件物流,****,****,****,****,,否,否,	,	,	,否,	,	,	,	,	,	,	,	,	,	,	,	,否,否,	,否,否,,	,否,	,否,,,否
云米即热净水器厨房家用直饮RO反渗透加热净饮一体机1000G,260119-112344502570102,已发货，待收货,1	,正常,2026-01-19 16:46:59,2026-01-20 16:46:59,,2026-01-20 08:44:28,	,364990106384	,即热直饮 1000G大通量,1455593712429	,厨房电器,净水器/净水设备及配件耗材,净水器,	,6923185651116	,6923185651116	,	,	,无售后或售后取消,,2026-01-19 16:46:59,	,,,,,,,否,否,	,否,	,,1599.0	,0.0	,0.0	,0.0	,0.0	,0.0	,0.0	,0.0	,1599.0	,1599.0	,JDV025218318050,京东大件物流,安徽省,合肥市,包河区,,,否,否,	,	,	,否,	,	,	,	,	,	,	,	,	,	,	,	,否,否,	,否,否,,	,否,	,否,,,否
VIOMI云米净水器小海豚600G+升级版厨下式RO反渗透直饮家用,260119-064026110263568,已发货，待收货,1	,正常,2026-01-19 16:44:15,2026-01-20 16:44:15,,2026-01-20 09:23:47,	,852161740747	,小海豚600G+升级版,1835709207960	,厨房电器,净水器/净水设备及配件耗材,净水器,	,6923185653684	,	,	,	,无售后或售后取消,,2026-01-19 16:44:15,	,,,,,,,否,否,	,否,	,,559.0	,0.0	,0.0	,0.0	,0.0	,0.0	,0.0	,0.0	,559.0	,559.0	,JDV025225822591,京东大件物流,江西省,赣州市,章贡区,,,否,否,	,	,	,否,	,	,	,	,	,	,	,	,	,	,	,	,否,否,	,否,否,,	,否,	,否,,,否
VIOMI云米净水器小海豚600G+升级版厨下式RO反渗透直饮家用,260119-333583521302876,未发货，退款成功,1	,正常,2026-01-19 16:29:46,2026-01-20 16:29:47,,	,	,852161740747	,小海豚600G+升级版,1835709207960	,厨房电器,净水器/净水设备及配件耗材,净水器,	,6923185653684	,	,聚水潭已取消发货 已退款1.19梓晖,	,退款成功,,2026-01-19 16:29:47,	,,,,,,,否,否,	,否,	,,559.0	,0.0	,0.0	,0.0	,0.0	,0.0	,0.0	,0.0	,559.0	,559.0	,	,	,****,****,****,****,,否,否,	,	,	,否,	,	,	,	,	,	,	,	,	,	,	,	,否,否,	,否,否,,	,否,	,否,,,否
云米即热净水器厨房家用直饮RO反渗透加热净饮一体机1000G,260119-479744571690102,已收货,1	,正常,2026-01-19 16:24:43,2026-01-20 16:24:43,,2026-01-20 08:44:28,2026-01-24 12:21:28,364990106384	,即热直饮 1000G大通量,1455593712429	,厨房电器,净水器/净水设备及配件耗材,净水器,	,6923185651116	,6923185651116	,	,	,无售后或售后取消,,2026-01-19 16:24:43,	,,,,,,,否,否,	,否,	,,1599.0	,0.0	,0.0	,0.0	,0.0	,0.0	,0.0	,0.0	,1599.0	,1599.0	,JDV025217569752,京东大件物流,****,****,****,****,,否,否,	,	,	,否,	,	,	,	,	,	,	,	,	,	,	,	,否,否,	,否,否,,	,否,	,否,,,否
VIOMI云米净水器小海豚600G+升级版厨下式RO反渗透直饮家用,260119-353212864080527,已发货，待收货,1	,正常,2026-01-19 16:21:47,2026-01-20 16:21:48,,2026-01-20 08:45:25,	,852161740747	,小海豚600G+升级版,1835709207960	,厨房电器,净水器/净水设备及配件耗材,净水器,	,6923185653684	,	,	,	,无售后或售后取消,,2026-01-19 16:21:48,	,,,,,,,否,否,	,否,	,,559.0	,0.0	,0.0	,0.0	,0.0	,0.0	,0.0	,0.0	,559.0	,559.0	,JDV025217976633,京东大件物流,河北省,邯郸市,邯山区,,,否,否,	,	,	,否,	,	,	,	,	,	,	,	,	,	,	,	,否,否,	,否,否,,	,否,	,否,,,否
VIOMI云米净水器小海豚600G+升级版厨下式RO反渗透直饮家用,260119-616279590443352,已收货,1	,正常,2026-01-19 16:13:28,2026-01-20 16:13:28,,2026-01-20 14:11:49,2026-01-23 12:20:46,852161740747	,小海豚600G+升级版,1835709207960	,厨房电器,净水器/净水设备及配件耗材,净水器,	,6923185653684	,	,AZ2601230229535==1.23米锋,	,无售后或售后取消,,2026-01-19 16:13:28,	,,,,,,,否,否,	,否,	,,559.0	,0.0	,0.0	,5.0	,0.0	,0.0	,0.0	,0.0	,554.0	,559.0	,JDV025225904177,京东大件物流,****,****,****,****,,否,否,	,	,	,否,	,	,	,	,	,	,	,	,	,	,	,	,否,否,	,否,否,,	,否,	,否,,,否
VIOMI云米净水器小海豚600G+升级版厨下式RO反渗透直饮家用,260119-275450478911149,已发货，待收货,1	,正常,2026-01-19 16:08:13,2026-01-20 16:08:13,,2026-01-20 09:23:47,	,852161740747	,小海豚600G+升级版,1835709207960	,厨房电器,净水器/净水设备及配件耗材,净水器,	,6923185653684	,	,	,	,无售后或售后取消,,2026-01-19 16:08:13,	,,,,,,,否,否,	,否,	,,559.0	,0.0	,0.0	,200.0	,0.0	,0.0	,0.0	,0.0	,359.0	,559.0	,JDV025218799314,京东大件物流,陕西省,渭南市,韩城市,,,否,否,	,	,	,否,	,	,	,	,	,	,	,	,	,	,	,	,否,否,	,否,否,,	,否,	,否,,,否
【母婴直饮】云米净水器 SE 600G+ 新升级厨下式RO反渗透直饮家用,260119-608908101173285,已取消,1	,正常,	,	,,	,	,819506595979	,【24年新品】600G升级版6年长效,1787046011387	,厨房电器,净水器/净水设备及配件耗材,净水器,	,6923185653684	,6923185616399	,	,	,无售后或售后取消,,	,	,,,,,,,否,否,	,否,	,,748.0	,0.0	,149.0	,3.0	,0.0	,0.0	,0.0	,0.0	,596.0	,599.0	,	,	,****,****,****,****,,否,否,	,	,	,否,	,	,	,	,	,	,	,	,	,	,	,	,否,否,	,否,	,,	,否,	,否,,,否
VIOMI云米净水器小海豚600G+升级版厨下式RO反渗透直饮家用,260119-674926487900474,已发货，待收货,1	,正常,2026-01-19 15:58:28,2026-01-20 15:58:28,,2026-01-20 08:45:25,	,852161740747	,小海豚600G+升级版,1835709207960	,厨房电器,净水器/净水设备及配件耗材,净水器,	,6923185653684	,	,	,	,无售后或售后取消,,2026-01-19 15:58:28,	,,,,,,,否,否,	,否,	,,559.0	,0.0	,0.0	,3.36	,0.0	,0.0	,0.0	,0.0	,555.64	,559.0	,JDV025217578222,京东大件物流,湖南省,长沙市,望城区,,,否,否,	,	,	,否,	,	,	,	,	,	,	,	,	,	,	,	,否,否,	,否,是,24	,消费者,否,	,否,,信用卡分期,否
VIOMI云米 复合滤芯五合一,260119-662972700210750,已发货，退款成功,2	,正常,2026-01-19 15:49:55,2026-01-21 15:49:55,,2026-01-20 17:30:36,	,872941778883	,小海豚600G+适用,1830543217502	,厨房电器,净水器/净水设备及配件耗材,净水器配件耗材,	,6923185627425	,	,复合滤芯99一支 [viomi小仙女 01/19 15:50] 已核实差价为392元，可退差价1.21丹丹,	,退款成功,,2026-01-19 15:49:55,	,,,,,,,否,否,	,否,	,,596.0	,0.0	,5.96	,9.0	,0.0	,0.0	,0.0	,0.0	,581.04	,590.04	,JDV025217534008,京东大件物流,广西壮族自治区,玉林市,北流市,,,否,否,	,	,	,否,	,	,	,	,	,	,	,	,	,	,	,	,否,否,	,否,否,,	,否,	,否,,,否
VIOMI云米净水器小海豚600G+升级版厨下式RO反渗透直饮家用,260119-089265324393205,已发货，待收货,1	,正常,2026-01-19 15:48:58,2026-01-20 15:48:58,,2026-01-20 08:45:25,	,852161740747	,小海豚600G+升级版,1835709207960	,厨房电器,净水器/净水设备及配件耗材,净水器,	,6923185653684	,	,	,	,无售后或售后取消,,2026-01-19 15:48:58,	,,,,,,,否,否,	,否,	,,559.0	,0.0	,0.0	,0.0	,0.0	,0.0	,0.0	,0.0	,559.0	,559.0	,JDV025218082277,京东大件物流,四川省,广元市,利州区,,,否,否,	,	,	,否,	,	,	,	,	,	,	,	,	,	,	,	,否,否,	,否,否,,	,否,	,否,,,否
VIOMI云米 复合滤芯五合一,260119-240469941810750,未发货，退款成功,2	,正常,2026-01-19 15:42:12,2026-01-21 15:42:13,,	,	,872941778883	,小海豚600G+适用,1830543217502	,厨房电器,净水器/净水设备及配件耗材,净水器配件耗材,	,6923185627425	,	,聚水潭已取消发货 已退款1.19梓晖,	,退款成功,,2026-01-19 15:42:13,	,,,,,,,否,否,	,否,	,,596.0	,0.0	,5.96	,0.0	,0.0	,0.0	,0.0	,0.0	,590.04	,590.04	,	,	,****,****,****,****,,否,否,	,	,	,否,	,	,	,	,	,	,	,	,	,	,	,	,否,否,	,否,否,,	,否,	,否,,,否
新品首发 Viomi云米 小海豚3上市RO净水器5年长效反渗透净水器,260119-087828806010968,已收货,1	,正常,2026-01-19 15:25:52,2026-01-20 15:25:52,,2026-01-20 08:45:26,2026-01-24 14:39:09,862873034610	,小海豚3（原装滤芯）（包安装）,1825244823454	,厨房电器,净水器/净水设备及配件耗材,净水器,	,6923185605867	,	,	,	,无售后或售后取消,,2026-01-19 15:25:52,	,,,,,,,否,否,	,否,	,,498.9	,0.0	,0.0	,0.0	,0.2	,0.0	,0.0	,0.0	,498.9	,498.9	,JDV025217551681,京东大件物流,****,****,****,****,,否,否,	,	,	,否,	,	,	,	,	,	,	,	,	,	,	,	,否,否,	,否,否,,	,否,	,否,,,否
VIOMI云米净水器小海豚600G+升级版厨下式RO反渗透直饮家用,260119-298550576690670,已收货,1	,正常,2026-01-19 15:24:45,2026-01-20 15:24:45,,2026-01-20 08:45:25,2026-01-21 15:47:22,852161740747	,小海豚600G+升级版,1835709207960	,厨房电器,净水器/净水设备及配件耗材,净水器,	,6923185653684	,	,AZ2601210236728=18605959320=安装=陈煜1.21,	,无售后或售后取消,,2026-01-19 15:24:45,	,,,,,,,否,否,	,否,	,,559.0	,0.0	,0.0	,0.0	,0.0	,0.0	,0.0	,0.0	,559.0	,559.0	,JDV025217310392,京东大件物流,****,****,****,****,,否,否,	,	,	,否,	,	,	,	,	,	,	,	,	,	,	,	,否,否,	,否,否,,	,否,	,否,,,否
VIOMI云米净水器小海豚600G+升级版厨下式RO反渗透直饮家用,260119-095514837293872,未发货，退款成功,1	,正常,2026-01-19 15:23:36,2026-01-20 15:23:36,,	,	,852161740747	,小海豚600G+升级版,1835709207960	,厨房电器,净水器/净水设备及配件耗材,净水器,	,6923185653684	,	,ZX2601200065794==1.20振尧 用户退款，TH2C993213197已建单取消OFC，未发货1.21丹丹,	,退款成功,,2026-01-19 15:23:36,	,,,,,,,否,否,	,否,	,,559.0	,0.0	,0.0	,0.0	,0.0	,0.0	,0.0	,0.0	,559.0	,559.0	,	,	,****,****,****,****,,否,否,	,	,	,否,	,	,	,	,	,	,	,	,	,	,	,	,否,否,	,否,否,,	,否,	,否,,,否
云米AI燃气热水器 智控恒温防冻节能安全水质净化精准控温13L强排,260119-596052559483054,已取消,1	,正常,	,	,,	,	,774960777953	,智控恒温燃气热水器,1756760299679	,大家电,热水器,燃气热水器,	,6923185655688	,6923185655688	,	,	,无售后或售后取消,,	,	,,,,,,,否,否,	,否,	,,529.0	,0.0	,0.0	,0.0	,0.0	,0.0	,0.0	,0.0	,529.0	,529.0	,	,	,****,****,****,****,,否,否,	,	,	,否,	,	,	,	,	,	,	,	,	,	,	,	,否,否,	,否,	,,	,否,	,否,,,否
云米顶侧大吸力蓝调油烟机家用厨房节能自清洁一级能效可挥手智控,260119-232249126510371,已发货，待收货,1	,正常,2026-01-19 14:42:02,2026-01-20 14:42:02,,2026-01-20 08:44:28,	,657344402006	,顶侧双吸智清洁挥手智控单烟机,1832827639759	,大家电,厨房大电,油烟机,	,6923185650973	,6923185650973	,	,	,无售后或售后取消,,2026-01-19 14:42:02,	,,,,,,,否,否,	,否,	,,849.0	,0.0	,0.0	,84.9	,0.0	,0.0	,0.0	,0.0	,764.1	,849.0	,JDV025218315036,京东大件物流,福建省,泉州市,惠安县,,,否,否,	,	,	,否,	,	,	,	,	,	,	,	,	,	,	,	,否,否,	,否,否,,	,否,	,否,,,否
云米小厨宝6L电热水器厨房卫生间出水恒温储水式小型速热神器加热,260119-351692418621744,未发货，退款成功,1	,审核中，请勿发货,2026-01-19 14:38:03,2026-01-20 14:38:03,,	,	,208073193570	,热水即刻有-【6L】,1801828025682	,大家电,热水器,厨宝,	,6923185611233	,6923185611233	,聚水潭已取消发货 已退款1.19梓晖,	,退款成功,,2026-01-19 14:38:03,	,,,,,,,否,否,	,否,	,,239.0	,0.0	,0.0	,30.0	,0.0	,0.0	,0.0	,0.0	,209.0	,239.0	,	,	,****,****,****,****,,否,否,	,	,	,否,	,	,	,	,	,	,	,	,	,	,	,	,否,否,	,否,	,,	,否,	,否,,,否
VIOMI云米净水器小海豚600G+升级版厨下式RO反渗透直饮家用,260119-346827047233502,已收货,1	,正常,2026-01-19 14:35:14,2026-01-20 14:35:14,,2026-01-20 09:23:48,2026-01-23 06:55:41,852161740747	,小海豚600G+升级版,1835709207960	,厨房电器,净水器/净水设备及配件耗材,净水器,	,6923185653684	,	,	,	,无售后或售后取消,,2026-01-19 14:35:14,	,,,,,,,否,否,	,否,	,,559.0	,0.0	,0.0	,0.0	,0.0	,0.0	,0.0	,0.0	,559.0	,559.0	,JDV025225815185,京东大件物流,****,****,****,****,,否,否,	,	,	,否,	,	,	,	,	,	,	,	,	,	,	,	,否,否,	,否,否,,	,否,	,否,,,否
新品首发 Viomi云米 小海豚3上市RO净水器5年长效反渗透净水器,260119-483141957970563,已收货,1	,正常,2026-01-19 14:28:00,2026-01-20 14:28:00,,2026-01-20 08:45:26,2026-01-25 12:34:10,862873034610	,小海豚3（原装滤芯）（包安装）,1825244823454	,厨房电器,净水器/净水设备及配件耗材,净水器,	,6923185605867	,	,	,	,无售后或售后取消,,2026-01-19 14:28:00,	,,,,,,,否,否,	,否,	,,498.9	,0.0	,0.0	,60.0	,0.0	,0.0	,0.0	,0.0	,438.9	,498.9	,JDV025217515376,京东大件物流,****,****,****,****,,否,否,	,	,	,否,	,	,	,	,	,	,	,	,	,	,	,	,否,否,	,否,否,,	,否,	,否,,,否
新品首发 Viomi云米 小海豚3上市RO净水器5年长效反渗透净水器,260119-181529526571393,已发货，待收货,1	,正常,2026-01-19 14:22:49,2026-01-20 14:22:50,,2026-01-20 08:45:26,	,862873034610	,小海豚3（原装滤芯）（包安装）,1825244823454	,厨房电器,净水器/净水设备及配件耗材,净水器,	,6923185605867	,	,	,	,无售后或售后取消,,2026-01-19 14:22:50,	,,,,,,,否,否,	,否,	,,498.9	,0.0	,0.0	,0.0	,0.0	,0.0	,0.0	,0.0	,498.9	,498.9	,JDV025217577843,京东大件物流,广东省,肇庆市,端州区,,,否,否,	,	,	,否,	,	,	,	,	,	,	,	,	,	,	,	,否,否,	,否,否,,	,否,	,否,,,否
VIOMI云米净水器小海豚600G+升级版厨下式RO反渗透直饮家用,260119-605301031350176,已发货，待收货,1	,正常,2026-01-19 14:10:38,2026-01-20 14:10:38,	,2026-01-19 17:59:42,	,852161740747	,小海豚600G+升级版,1835709207960	,厨房电器,净水器/净水设备及配件耗材,净水器,	,6923185653684	,	,	,	,无售后或售后取消,,2026-01-19 14:10:38,	,,,,,,,否,否,	,否,	,,559.0	,0.0	,0.0	,60.0	,0.0	,0.0	,0.0	,0.0	,499.0	,559.0	,JDV025216522667,京东大件物流,上海市,上海市,虹口区,,,否,否,	,	,	,否,	,	,	,	,	,	,	,	,	,	,	,	,否,否,	,否,否,,	,否,	,否,,,否
VIOMI云米净水器小海豚600G+升级版厨下式RO反渗透直饮家用,260119-000629205330885,已取消,1	,正常,	,	,,	,	,852161740747	,小海豚600G+升级版,1835709207960	,厨房电器,净水器/净水设备及配件耗材,净水器,	,6923185653684	,	,	,	,无售后或售后取消,,	,	,,,,,,,否,否,	,否,	,,559.0	,0.0	,0.0	,0.0	,0.0	,0.0	,0.0	,0.0	,559.0	,559.0	,	,	,****,****,****,****,,否,否,	,	,	,否,	,	,	,	,	,	,	,	,	,	,	,	,否,否,	,否,	,,	,否,	,否,,,否
云米小厨宝6L电热水器厨房卫生间出水恒温储水式小型速热神器加热,260119-628264866082311,已收货,2	,正常,2026-01-19 13:58:12,2026-01-20 13:58:12,,2026-01-19 17:59:42,2026-01-20 17:05:41,208073193570	,热水即刻有-【6L】,1801828025682	,大家电,热水器,厨宝,	,6923185611233	,6923185611233	,	,	,无售后或售后取消,,2026-01-19 13:58:12,	,,,,,,,否,否,	,否,	,,478.0	,0.0	,9.56	,0.0	,0.2	,0.0	,0.0	,0.0	,468.44	,468.44	,JDV025213568371,京东大件物流,****,****,****,****,,否,否,	,	,	,否,	,	,	,	,	,	,	,	,	,	,	,	,否,否,	,否,否,,	,否,	,否,,,否
VIOMI云米净水器小海豚600G+升级版厨下式RO反渗透直饮家用,260119-145332641380160,已收货,1	,正常,2026-01-19 13:50:24,2026-01-20 13:50:25,,2026-01-20 09:23:48,2026-01-24 00:34:50,852161740747	,小海豚600G+升级版,1835709207960	,厨房电器,净水器/净水设备及配件耗材,净水器,	,6923185653684	,	,未提供机器SN码和未拆封凭证，已留言用户，先拒绝 袁诺希1.25,	,售后处理中,,2026-01-19 13:50:25,	,,,,,,,否,否,	,否,	,,559.0	,0.0	,0.0	,60.0	,5.0	,0.0	,0.0	,0.0	,499.0	,559.0	,JDV025225825903,京东大件物流,****,****,****,****,,否,否,	,	,	,否,	,	,	,	,	,	,	,	,	,	,	,	,否,否,	,否,否,,	,否,	,否,,,否
VIOMI 云米净水器600G小海豚升级版厨下式RO反渗透直饮家用,260119-296621207140231,已收货,1	,正常,2026-01-19 13:33:19,2026-01-20 13:33:19,	,2026-01-19 17:59:41,2026-01-22 18:35:37,225501370546	,小海豚600G,1813468330532	,厨房电器,净水器/净水设备及配件耗材,净水器,	,6923185653684	,6923185616399	,	,	,无售后或售后取消,,2026-01-19 13:33:19,	,,,,,,,否,否,	,否,	,,619.0	,0.0	,0.0	,92.85	,1.05	,0.0	,0.0	,0.0	,526.15	,619.0	,JDV025216549756,京东大件物流,****,****,****,****,,否,否,	,	,	,否,	,	,	,	,	,	,	,	,	,	,	,	,否,否,	,否,否,,	,否,	,否,,,否
云米顶侧大吸力蓝调油烟机家用厨房节能自清洁一级能效可挥手智控,260119-209746675261879,未发货，退款成功,1	,正常,2026-01-19 13:17:39,2026-01-20 13:17:39,,	,	,657344402006	,顶侧双吸智清洁挥手智控单烟机,1832827639759	,大家电,厨房大电,油烟机,	,6923185650973	,6923185650973	,ZX2601190065958拦截 1.19梓晖，库内拦截物流已取消1.20丹丹,	,退款成功,,2026-01-19 13:17:39,	,,,,,,,否,否,	,否,	,,849.0	,0.0	,0.0	,42.45	,0.0	,0.0	,0.0	,0.0	,806.55	,849.0	,	,	,****,****,****,****,,否,否,	,	,	,否,	,	,	,	,	,	,	,	,	,	,	,	,否,否,	,否,否,,	,否,	,否,,,否
云米小厨宝6L电热水器厨房卫生间出水恒温储水式小型速热神器加热,260119-001184971120090,已收货,1	,正常,2026-01-19 13:10:39,2026-01-20 13:10:40,,2026-01-19 17:59:41,2026-01-21 12:21:26,208073193570	,热水即刻有-【6L】,1801828025682	,大家电,热水器,厨宝,	,6923185611233	,6923185611233	,	,	,无售后或售后取消,,2026-01-19 13:10:40,	,,,,,,,否,否,	,否,	,,239.0	,0.0	,0.0	,16.73	,0.0	,0.0	,0.0	,0.0	,222.27	,239.0	,JDV025216522783,京东大件物流,****,****,****,****,,否,否,	,	,	,否,	,	,	,	,	,	,	,	,	,	,	,	,否,否,	,否,否,,	,否,	,否,,,否
VIOMI云米净水器小海豚600G+升级版厨下式RO反渗透直饮家用,260119-674192495031145,已发货，待收货,1	,正常,2026-01-19 13:06:26,2026-01-20 13:06:26,,2026-01-20 08:45:26,	,852161740747	,小海豚600G+升级版,1835709207960	,厨房电器,净水器/净水设备及配件耗材,净水器,	,6923185653684	,	,	,	,无售后或售后取消,,2026-01-19 13:06:26,	,,,,,,,否,否,	,否,	,,559.0	,0.0	,0.0	,0.0	,0.0	,0.0	,0.0	,0.0	,559.0	,559.0	,JDV025217588390,京东大件物流,广东省,梅州市,丰顺县,,,否,否,	,	,	,否,	,	,	,	,	,	,	,	,	,	,	,	,否,否,	,否,否,,	,否,	,否,,,否
VIOMI云米净水器小海豚600G+升级版厨下式RO反渗透直饮家用,260119-307411106181796,已发货，待收货,1	,正常,2026-01-19 12:57:00,2026-01-20 12:57:00,,2026-01-19 16:00:40,	,852161740747	,小海豚600G+升级版,1835709207960	,厨房电器,净水器/净水设备及配件耗材,净水器,	,6923185653684	,	,AZ2601210236793==1.21米锋,	,无售后或售后取消,,2026-01-19 12:57:00,	,,,,,,,否,否,	,否,	,,559.0	,0.0	,0.0	,60.0	,0.0	,0.0	,0.0	,0.0	,499.0	,559.0	,JDV025212388372,京东大件物流,内蒙古自治区,呼和浩特市,回民区,,,否,否,	,	,	,否,	,	,	,	,	,	,	,	,	,	,	,	,否,否,	,否,否,,	,否,	,否,,,否
云米顶侧大吸力蓝调油烟机家用厨房节能自清洁一级能效可挥手智控,260119-613710641521178,已收货，退款成功,1	,正常,2026-01-19 12:55:34,2026-01-20 12:55:34,,2026-01-20 08:44:29,2026-01-25 21:35:22,657344402006	,顶侧双吸智清洁挥手智控单烟机,1832827639759	,大家电,厨房大电,油烟机,	,6923185650973	,6923185650973	,	,	,退款成功,,2026-01-19 12:55:34,	,,,,,,,否,否,	,否,	,,849.0	,0.0	,0.0	,100.0	,0.0	,0.0	,0.0	,0.0	,749.0	,849.0	,JDV025217514189,京东大件物流,****,****,****,****,,否,否,	,	,	,否,	,	,	,	,	,	,	,	,	,	,	,	,否,否,	,否,否,,	,否,	,否,,,否
新品首发 Viomi云米 小海豚3上市RO净水器5年长效反渗透净水器,260119-537552504380833,已发货，待收货,1	,正常,2026-01-19 12:45:47,2026-01-20 12:45:47,,2026-01-19 16:00:40,	,862873034610	,小海豚3（原装滤芯）（包安装）,1825244823454	,厨房电器,净水器/净水设备及配件耗材,净水器,	,6923185605867	,	,	,	,无售后或售后取消,,2026-01-19 12:45:47,	,,,,,,,否,否,	,否,	,,498.9	,0.0	,0.0	,0.0	,0.0	,0.0	,0.0	,0.0	,498.9	,498.9	,JDV025213045086,京东大件物流,福建省,漳州市,芗城区,,,否,否,	,	,	,否,	,	,	,	,	,	,	,	,	,	,	,	,否,否,	,否,否,,	,否,	,否,,,否
VIOMI云米净水器小海豚600G+升级版厨下式RO反渗透直饮家用,260119-065106112061336,已取消,1	,正常,	,	,,	,	,852161740747	,小海豚600G+升级版,1835709207960	,厨房电器,净水器/净水设备及配件耗材,净水器,	,6923185653684	,	,	,	,无售后或售后取消,,	,	,,,,,,,否,否,	,否,	,,559.0	,0.0	,0.0	,0.0	,0.0	,0.0	,0.0	,0.0	,559.0	,559.0	,	,	,****,****,****,****,,否,否,	,	,	,否,	,	,	,	,	,	,	,	,	,	,	,	,否,否,	,否,	,,	,否,	,否,,,否
【母婴直饮】云米净水器 SE 600G+ 新升级厨下式RO反渗透直饮家用,260119-171672932762599,已发货，待收货,1	,正常,2026-01-19 12:34:22,2026-01-20 12:34:23,,2026-01-19 16:00:41,	,819506595979	,【24年新品】600G升级版6年长效,1787046011387	,厨房电器,净水器/净水设备及配件耗材,净水器,	,6923185653684	,6923185616399	,	,	,无售后或售后取消,,2026-01-19 12:34:23,	,,,,,,,否,否,	,否,	,,748.0	,0.0	,133.14	,82.28	,0.0	,0.0	,0.0	,0.0	,532.58	,614.86	,JDV025211965786,京东大件物流,湖北省,武汉市,东西湖区,,,否,否,	,	,	,否,	,	,	,	,	,	,	,	,	,	,	,	,否,否,	,否,否,,	,否,	,否,,,否
VIOMI云米净水器小海豚600G+升级版厨下式RO反渗透直饮家用,260119-669882795613398,已取消,1	,正常,	,	,,	,	,852161740747	,小海豚600G+升级版,1835709207960	,厨房电器,净水器/净水设备及配件耗材,净水器,	,6923185653684	,	,	,	,无售后或售后取消,,	,	,,,,,,,否,否,	,否,	,,559.0	,0.0	,0.0	,0.0	,0.0	,0.0	,0.0	,0.0	,559.0	,559.0	,	,	,****,****,****,****,,否,否,	,	,	,否,	,	,	,	,	,	,	,	,	,	,	,	,否,否,	,否,	,,	,否,	,否,,,否
云米小厨宝6L电热水器厨房卫生间出水恒温储水式小型速热神器加热,260119-389168576922292,已取消,1	,正常,	,	,,	,	,208073193570	,热水即刻有-【6L】,1801828025682	,大家电,热水器,厨宝,	,6923185611233	,6923185611233	,	,	,无售后或售后取消,,	,	,,,,,,,否,否,	,否,	,,239.0	,0.0	,0.0	,0.0	,0.0	,0.0	,0.0	,0.0	,239.0	,239.0	,	,	,****,****,****,****,,否,否,	,	,	,否,	,	,	,	,	,	,	,	,	,	,	,	,否,否,	,否,	,,	,否,	,否,,,否
VIOMI云米净水器小海豚600G+升级版厨下式RO反渗透直饮家用,260119-322667845151505,已发货，待收货,1	,正常,2026-01-19 12:13:23,2026-01-20 12:13:23,,2026-01-19 17:59:42,	,852161740747	,小海豚600G+升级版,1835709207960	,厨房电器,净水器/净水设备及配件耗材,净水器,	,6923185653684	,	,	,	,无售后或售后取消,,2026-01-19 12:13:23,	,,,,,,,否,否,	,否,	,,559.0	,0.0	,0.0	,0.0	,0.0	,0.0	,0.0	,0.0	,559.0	,559.0	,JDV025213045230,京东大件物流,广西壮族自治区,百色市,田林县,,,否,否,	,	,	,否,	,	,	,	,	,	,	,	,	,	,	,	,否,否,	,否,否,,	,否,	,否,,,否
云米净水器600G小海豚升级版厨下式RO反渗透直饮家用,260119-048685422084066,已收货，退款成功,1	,正常,2026-01-19 12:13:18,2026-01-20 12:13:18,,2026-01-20 08:44:29,2026-01-21 16:32:36,852932116812	,小海豚600G+6年滤芯套装,1812983769340	,厨房电器,净水器/净水设备及配件耗材,净水器,	,S2508151538001,	,AZ2601210236737==1.21米锋 检测笔没库存，折现30=陈煜1.21 已核实差价为30元，可退差价1.21丹丹,	,退款成功,,2026-01-19 12:13:18,	,,,,,,,否,否,	,否,	,,772.0	,0.0	,0.0	,61.76	,1.42	,0.0	,0.0	,0.0	,710.24	,772.0	,JDV025212734980,京东大件物流,****,****,****,****,,否,否,	,	,	,否,	,	,	,	,	,	,	,	,	,	,	,	,否,否,	,否,否,,	,否,	,否,,,否
VIOMI云米净水器小海豚600G+升级版厨下式RO反渗透直饮家用,260119-169449889311505,已取消,1	,正常,	,	,,	,	,852161740747	,小海豚600G+升级版,1835709207960	,厨房电器,净水器/净水设备及配件耗材,净水器,	,6923185653684	,	,	,	,无售后或售后取消,,	,	,,,,,,,否,否,	,否,	,,559.0	,0.0	,0.0	,0.0	,0.0	,0.0	,0.0	,0.0	,559.0	,559.0	,	,	,****,****,****,****,,否,否,	,	,	,否,	,	,	,	,	,	,	,	,	,	,	,	,否,否,	,否,	,,	,否,	,否,,,否
云米小厨宝6L电热水器厨房卫生间出水恒温储水式小型速热神器加热,260119-085438000751139,已收货,1	,正常,2026-01-19 12:05:46,2026-01-20 12:05:46,,2026-01-19 16:00:41,2026-01-23 19:15:59,208073193570	,热水即刻有-【6L】,1801828025682	,大家电,热水器,厨宝,	,6923185611233	,6923185611233	,	,	,无售后或售后取消,,2026-01-19 12:05:46,	,,,,,,,否,否,	,否,	,,239.0	,0.0	,0.0	,0.0	,0.0	,0.0	,0.0	,0.0	,239.0	,239.0	,JDV025211309192,京东大件物流,****,****,****,****,,否,否,	,	,	,否,	,	,	,	,	,	,	,	,	,	,	,	,否,否,	,否,否,,	,否,	,否,,,否
VIOMI云米净水器小海豚600G+升级版厨下式RO反渗透直饮家用,260119-252968998483655,已收货,1	,正常,2026-01-19 11:57:29,2026-01-20 11:57:29,,2026-01-19 17:59:42,2026-01-22 12:11:54,852161740747	,小海豚600G+升级版,1835709207960	,厨房电器,净水器/净水设备及配件耗材,净水器,	,6923185653684	,	,AZ2601210237015==1.21米锋,	,无售后或售后取消,,2026-01-19 11:57:29,	,,,,,,,否,否,	,否,	,,559.0	,0.0	,0.0	,60.0	,0.2	,0.0	,0.0	,0.0	,499.0	,559.0	,JDV025212729940,京东大件物流,****,****,****,****,,否,否,	,	,	,否,	,	,	,	,	,	,	,	,	,	,	,	,否,否,	,否,否,,	,否,	,否,,,否
VIOMI云米净水器小海豚600G+升级版厨下式RO反渗透直饮家用,260119-319993976403655,已取消,1	,正常,	,	,,	,	,852161740747	,小海豚600G+升级版,1835709207960	,厨房电器,净水器/净水设备及配件耗材,净水器,	,6923185653684	,	,	,	,无售后或售后取消,,	,	,,,,,,,否,否,	,否,	,,559.0	,0.0	,0.0	,0.0	,0.0	,0.0	,0.0	,0.0	,559.0	,559.0	,	,	,****,****,****,****,,否,否,	,	,	,否,	,	,	,	,	,	,	,	,	,	,	,	,否,否,	,否,	,,	,否,	,否,,,否
云米电热水器家用洗澡租房储水式速热抑菌安全节能省电卫生间40升,260119-458877847133347,已发货，待收货,1	,正常,2026-01-19 11:54:52,2026-01-20 11:54:52,	,2026-01-19 16:25:15,	,227645754240	,"速热抑菌洗-40L,全国联保送货上门安装8年质保",1645458252843	,大家电,热水器,电热水器,	,6923185681281	,	,	,	,无售后或售后取消,,2026-01-19 11:54:52,	,,,,,,,否,否,	,否,	,,467.0	,0.0	,0.0	,10.0	,0.2	,0.0	,0.0	,0.0	,457.0	,467.0	,JDLD12969309478,京东大件物流,福建省,宁德市,福安市,,,否,否,	,	,	,否,	,	,	,	,	,	,	,	,	,	,	,	,否,否,	,否,否,,	,否,	,否,,,否
云米小厨宝6L电热水器厨房卫生间出水恒温储水式小型速热神器加热,260119-380350032250949,已收货,1	,正常,2026-01-19 11:53:50,2026-01-20 11:53:50,,2026-01-19 16:00:41,2026-01-21 20:12:42,208073193570	,热水即刻有-【6L】,1801828025682	,大家电,热水器,厨宝,	,6923185611233	,6923185611233	,	,	,无售后或售后取消,,2026-01-19 11:53:50,	,,,,,,,否,否,	,否,	,,239.0	,0.0	,0.0	,0.0	,0.0	,0.0	,0.0	,0.0	,239.0	,239.0	,JDV025211157705,京东大件物流,****,****,****,****,,否,否,	,	,	,否,	,	,	,	,	,	,	,	,	,	,	,	,否,否,	,否,否,,	,否,	,否,,,否
【母婴直饮】云米净水器 SE 600G+ 新升级厨下式RO反渗透直饮家用,260119-235761887641065,已发货，待收货,1	,正常,2026-01-19 11:50:28,2026-01-20 11:50:29,	,2026-01-19 16:00:40,	,819506595979	,【24年新品】600G升级版6年长效,1787046011387	,厨房电器,净水器/净水设备及配件耗材,净水器,	,6923185653684	,6923185616399	,	,	,无售后或售后取消,,2026-01-19 11:50:29,	,,,,,,,否,否,	,否,	,,748.0	,0.0	,129.6	,100.0	,0.0	,0.0	,0.0	,0.0	,518.4	,618.4	,JDV025213037805,京东大件物流,广东省,揭阳市,榕城区,,,否,否,	,	,	,否,	,	,	,	,	,	,	,	,	,	,	,	,否,否,	,否,否,,	,否,	,否,,,否
云米小厨宝6L电热水器厨房卫生间出水恒温储水式小型速热神器加热,260119-165884793151999,未发货，退款成功,1	,正常,2026-01-19 11:49:10,2026-01-20 11:49:10,	,	,	,208073193570	,热水即刻有-【6L】,1801828025682	,大家电,热水器,厨宝,	,6923185611233	,6923185611233	,聚水潭已取消发货 已退款1.19梓晖,	,退款成功,,2026-01-19 11:49:10,	,,,,,,,否,否,	,否,	,,239.0	,0.0	,0.0	,23.9	,0.0	,0.0	,0.0	,0.0	,215.1	,239.0	,	,	,****,****,****,****,,否,否,	,	,	,否,	,	,	,	,	,	,	,	,	,	,	,	,否,否,	,否,否,,	,否,	,否,,,否
云米顶侧大吸力蓝调油烟机家用厨房节能自清洁一级能效可挥手智控,260119-215293632002780,已发货，待收货,1	,正常,2026-01-19 11:45:14,2026-01-20 11:45:14,,2026-01-19 16:00:41,	,657344402006	,顶侧双吸智清洁挥手智控单烟机,1832827639759	,大家电,厨房大电,油烟机,	,6923185650973	,6923185650973	,	,	,无售后或售后取消,,2026-01-19 11:45:14,	,,,,,,,否,否,	,否,	,,849.0	,0.0	,0.0	,0.0	,0.0	,0.0	,0.0	,0.0	,849.0	,849.0	,JDV025213072545,京东大件物流,广东省,湛江市,霞山区,,,否,否,	,	,	,否,	,	,	,	,	,	,	,	,	,	,	,	,否,否,	,否,否,,	,否,	,否,,,否
VIOMI云米净水器小海豚600G+升级版厨下式RO反渗透直饮家用,260119-078318149263866,已收货,1	,正常,2026-01-19 11:31:18,2026-01-20 11:31:18,,2026-01-19 16:00:41,2026-01-21 13:18:00,852161740747	,小海豚600G+升级版,1835709207960	,厨房电器,净水器/净水设备及配件耗材,净水器,	,6923185653684	,	,	,	,无售后或售后取消,,2026-01-19 11:31:18,	,,,,,,,否,否,	,否,	,,559.0	,0.0	,0.0	,60.0	,1.12	,0.0	,0.0	,0.0	,499.0	,559.0	,JDV025213056956,京东大件物流,****,****,****,****,,否,否,	,	,	,否,	,	,	,	,	,	,	,	,	,	,	,	,否,否,	,否,否,,	,否,	,否,,,否
VIOMI云米净水器小海豚600G+升级版厨下式RO反渗透直饮家用,260119-316208586264010,已取消,1	,正常,	,	,,	,	,852161740747	,小海豚600G+升级版,1835709207960	,厨房电器,净水器/净水设备及配件耗材,净水器,	,6923185653684	,	,	,	,无售后或售后取消,,	,	,,,,,,,否,否,	,否,	,,559.0	,0.0	,0.0	,0.0	,0.0	,0.0	,0.0	,0.0	,559.0	,559.0	,	,	,****,****,****,****,,否,否,	,	,	,否,	,	,	,	,	,	,	,	,	,	,	,	,否,否,	,否,	,,	,否,	,否,,,否
云米小厨宝6L电热水器厨房卫生间出水恒温储水式小型速热神器加热,260119-147262093601630,已发货，待收货,1	,正常,2026-01-19 11:16:31,2026-01-20 11:16:31,	,2026-01-19 13:31:48,	,208073193570	,热水即刻有-【6L】,1801828025682	,大家电,热水器,厨宝,	,6923185611233	,6923185611233	,	,	,无售后或售后取消,,2026-01-19 11:16:31,	,,,,,,,否,否,	,否,	,,239.0	,0.0	,0.0	,3.0	,0.0	,0.0	,0.0	,0.0	,236.0	,239.0	,JDV025211945115,京东大件物流,江苏省,宿迁市,沭阳县,,,否,否,	,	,	,否,	,	,	,	,	,	,	,	,	,	,	,	,否,否,	,否,否,,	,否,	,否,,,否
云米60L速热电热水器3000W一级节能变频增容租房安全已接入米家AP,260119-136252035391788,已发货，待收货,1	,正常,2026-01-19 11:10:29,2026-01-20 11:10:29,,2026-01-19 16:00:42,	,208071231700	,双管变频速热60L,1660917678582	,大家电,热水器,电热水器,	,6923185602224	,6923185602224	,	,	,无售后或售后取消,,2026-01-19 11:10:29,	,,,,,,,否,否,	,否,	,,671.0	,0.0	,0.0	,0.0	,0.0	,0.0	,0.0	,0.0	,671.0	,671.0	,JDV025213043942,京东大件物流,陕西省,西安市,莲湖区,,,否,否,	,	,	,否,	,	,	,	,	,	,	,	,	,	,	,	,否,否,	,否,否,,	,否,	,否,,,否
新品首发 Viomi云米 小海豚3上市RO净水器5年长效反渗透净水器,260119-602281142562192,未发货，退款成功,1	,正常,2026-01-19 11:08:13,2026-01-20 11:08:13,	,	,	,862873034610	,小海豚3（原装滤芯）（包安装）,1825244823454	,厨房电器,净水器/净水设备及配件耗材,净水器,	,6923185605867	,	,聚水潭已取消发货 已退款1.19梓晖,	,退款成功,,2026-01-19 11:08:13,	,,,,,,,否,否,	,否,	,,498.9	,0.0	,0.0	,0.0	,0.2	,0.0	,0.0	,0.0	,498.9	,498.9	,	,	,****,****,****,****,,否,否,	,	,	,否,	,	,	,	,	,	,	,	,	,	,	,	,否,否,	,否,否,,	,否,	,否,,,否
VIOMI云米净水器小海豚600G+升级版厨下式RO反渗透直饮家用,260119-088887837051485,已取消,1	,正常,	,	,,	,	,852161740747	,小海豚600G+升级版,1835709207960	,厨房电器,净水器/净水设备及配件耗材,净水器,	,6923185653684	,	,	,	,无售后或售后取消,,	,	,,,,,,,否,否,	,否,	,,559.0	,0.0	,0.0	,60.0	,0.0	,0.0	,0.0	,0.0	,499.0	,559.0	,	,	,****,****,****,****,,否,否,	,	,	,否,	,	,	,	,	,	,	,	,	,	,	,	,否,否,	,否,	,,	,否,	,否,,,否
云米电热水器50/60升洗澡家用浴室速热大容量省电防漏电安全保温,260119-056539235891346,已收货,1	,正常,2026-01-19 10:41:18,2026-01-20 10:41:18,,2026-01-19 16:04:01,2026-01-22 12:36:57,436320010098	,"速热长效保温安全电热水器,60L【3-4人】",1756921788833	,大家电,热水器,电热水器,	,6923185614937	,6923185614920	,	,	,无售后或售后取消,,2026-01-19 10:41:18,	,,,,,,,否,否,	,否,	,,586.0	,0.0	,0.0	,52.74	,0.0	,0.0	,0.0	,0.0	,533.26	,586.0	,JDLD12969336415,京东大件物流,****,****,****,****,,否,否,	,	,	,否,	,	,	,	,	,	,	,	,	,	,	,	,否,否,	,否,否,,	,否,	,否,,,否
新品首发 Viomi云米 小海豚3上市RO净水器5年长效反渗透净水器,260119-273888131360589,已收货,1	,正常,2026-01-19 10:38:49,2026-01-20 10:38:50,,2026-01-19 16:00:40,2026-01-26 09:47:15,862873034610	,小海豚3（原装滤芯）（包安装）,1825244823454	,厨房电器,净水器/净水设备及配件耗材,净水器,	,6923185605867	,	,AZ2601220232570==1.22米锋,	,无售后或售后取消,,2026-01-19 10:38:50,	,,,,,,,否,否,	,否,	,,498.9	,0.0	,0.0	,0.0	,0.0	,0.0	,0.0	,0.0	,498.9	,498.9	,JDV025213037651,京东大件物流,****,****,****,****,,否,否,	,	,	,否,	,	,	,	,	,	,	,	,	,	,	,	,否,否,	,否,否,,	,否,	,否,,,否
VIOMI云米 复合滤芯五合一,260119-464351434333598,已收货，退款成功,2	,正常,2026-01-19 10:25:33,2026-01-21 10:25:34,,2026-01-19 16:00:42,2026-01-21 15:58:16,872941778883	,小海豚3(600G)适用,1830647583079	,厨房电器,净水器/净水设备及配件耗材,净水器配件耗材,	,6923185657347	,	,待核实差价后处理==99/根退差 袁诺希1.21,	,退款成功,,2026-01-19 10:25:34,	,,,,,,,否,否,	,否,	,,596.0	,0.0	,5.96	,0.0	,1.18	,0.0	,0.0	,0.0	,590.04	,590.04	,JDV025209676087,京东大件物流,****,****,****,****,,否,否,	,	,	,否,	,	,	,	,	,	,	,	,	,	,	,	,否,否,	,否,否,,	,否,	,否,,,否
云米AI燃气热水器 智控恒温防冻节能安全水质净化精准控温13L强排,260119-286848530751243,已取消,1	,正常,	,	,,	,	,774960777953	,智控恒温燃气热水器,1756760299679	,大家电,热水器,燃气热水器,	,6923185655688	,6923185655688	,	,	,无售后或售后取消,,	,	,,,,,,,否,否,	,否,	,,529.0	,0.0	,0.0	,52.9	,0.0	,0.0	,0.0	,0.0	,476.1	,529.0	,	,	,****,****,****,****,,否,否,	,	,	,否,	,	,	,	,	,	,	,	,	,	,	,	,否,否,	,否,	,,	,否,	,否,,,否
【母婴直饮】云米净水器 SE 600G+ 新升级厨下式RO反渗透直饮家用,260119-211854365061472,未发货，退款成功,1	,正常,2026-01-19 10:10:37,2026-01-20 10:10:37,,	,	,819506595979	,【24年新品】600G升级版6年长效,1787046011387	,厨房电器,净水器/净水设备及配件耗材,净水器,	,6923185653684	,6923185616399	,聚水潭已取消发货 已退款1.19梓晖,	,退款成功,,2026-01-19 10:10:37,	,,,,,,,否,否,	,否,	,,748.0	,0.0	,149.6	,0.0	,0.0	,0.0	,0.0	,0.0	,598.4	,598.4	,	,	,****,****,****,****,,否,否,	,	,	,否,	,	,	,	,	,	,	,	,	,	,	,	,否,否,	,否,否,,	,否,	,否,,,否
云米AI燃气热水器 智控恒温防冻节能安全水质净化精准控温13L强排,260119-479671119490036,已收货,1	,正常,2026-01-19 10:08:26,2026-01-20 10:08:26,	,2026-01-19 16:00:41,2026-01-22 08:20:36,774960777953	,智控恒温燃气热水器,1756760299679	,大家电,热水器,燃气热水器,	,6923185655688	,6923185655688	,	,	,无售后或售后取消,,2026-01-19 10:08:26,	,,,,,,,否,否,	,否,	,,529.0	,0.0	,0.0	,60.0	,0.0	,0.0	,0.0	,0.0	,469.0	,529.0	,JDV025213050360,京东大件物流,****,****,****,****,,否,否,	,	,	,否,	,	,	,	,	,	,	,	,	,	,	,	,否,否,	,否,否,,	,否,	,否,,,否
云米AI燃气热水器 智控恒温防冻节能安全水质净化精准控温13L强排,260119-195045660202730,已取消,1	,正常,	,	,,	,	,774960777953	,智控恒温燃气热水器,1756760299679	,大家电,热水器,燃气热水器,	,6923185655688	,6923185655688	,	,	,无售后或售后取消,,	,	,,,,,,,否,否,	,否,	,,529.0	,0.0	,0.0	,26.45	,0.0	,0.0	,0.0	,0.0	,502.55	,529.0	,	,	,****,****,****,****,,否,否,	,	,	,否,	,	,	,	,	,	,	,	,	,	,	,	,否,否,	,否,	,,	,否,	,否,,,否
新品首发 Viomi云米 小海豚3上市RO净水器5年长效反渗透净水器,260119-349270208093598,已收货,1	,正常,2026-01-19 10:00:29,2026-01-20 10:00:29,,2026-01-19 16:00:42,2026-01-21 12:37:27,862873034610	,小海豚3（原装滤芯）（包安装）,1825244823454	,厨房电器,净水器/净水设备及配件耗材,净水器,	,6923185605867	,	,	,	,无售后或售后取消,,2026-01-19 10:00:29,	,,,,,,,否,否,	,否,	,,498.9	,0.0	,0.0	,60.0	,1.04	,0.0	,0.0	,0.0	,438.9	,498.9	,JDV025213072446,京东大件物流,****,****,****,****,,否,否,	,	,	,否,	,	,	,	,	,	,	,	,	,	,	,	,否,否,	,否,否,,	,否,	,否,,,否
【母婴直饮】云米净水器 SE 600G+ 新升级厨下式RO反渗透直饮家用,260119-641434918482330,已发货，待收货,1	,正常,2026-01-19 09:39:19,2026-01-20 09:39:19,,2026-01-19 16:00:42,	,819506595979	,【24年新品】600G升级版6年长效,1787046011387	,厨房电器,净水器/净水设备及配件耗材,净水器,	,6923185653684	,6923185616399	,	,	,无售后或售后取消,,2026-01-19 09:39:19,	,,,,,,,否,否,	,否,	,,748.0	,0.0	,136.13	,67.32	,0.0	,0.0	,0.0	,0.0	,544.55	,611.87	,JDV025210335950,京东大件物流,山东省,德州市,德城区,,,否,否,	,	,	,否,	,	,	,	,	,	,	,	,	,	,	,	,否,否,	,否,否,,	,否,	,否,,,否
云米电热水器40升洗澡家用租房储水式速热抑菌节能省电安全卫生间,260119-593032681050338,已发货，待收货,1	,正常,2026-01-19 09:35:42,2026-01-20 09:35:42,,2026-01-19 15:05:30,	,661859626284	,"速热抑菌洗-40L,小海豚热水器",1750073590149	,大家电,热水器,电热水器,	,6923185681281	,6923185681281	,AZ2601210237919=13814906075=安装=陈煜1.21,	,无售后或售后取消,,2026-01-19 09:35:42,	,,,,,,,否,否,	,否,	,,399.0	,0.0	,0.0	,55.86	,0.0	,0.0	,0.0	,0.0	,343.14	,399.0	,JDLD12969250124,京东大件物流,江苏省,苏州市,常熟市,,,否,否,	,	,	,否,	,	,	,	,	,	,	,	,	,	,	,	,否,否,	,否,否,,	,否,	,否,,,否
VIOMI云米净水器小海豚600G+升级版厨下式RO反渗透直饮家用,260119-351440739852188,已取消,1	,正常,	,	,,	,	,852161740747	,小海豚600G+升级版,1835709207960	,厨房电器,净水器/净水设备及配件耗材,净水器,	,6923185653684	,	,	,	,无售后或售后取消,,	,	,,,,,,,否,否,	,否,	,,559.0	,0.0	,0.0	,0.0	,0.0	,0.0	,0.0	,0.0	,559.0	,559.0	,	,	,****,****,****,****,,否,否,	,	,	,否,	,	,	,	,	,	,	,	,	,	,	,	,否,否,	,否,	,,	,否,	,否,,,否
【母婴直饮】云米净水器 SE 600G+ 新升级厨下式RO反渗透直饮家用,260119-113246288210885,已取消,1	,正常,	,	,,	,	,819506595979	,【24年新品】600G升级版6年长效,1787046011387	,厨房电器,净水器/净水设备及配件耗材,净水器,	,6923185653684	,6923185616399	,	,	,无售后或售后取消,,	,	,,,,,,,否,否,	,否,	,,748.0	,0.0	,0.0	,0.0	,0.0	,0.0	,0.0	,0.0	,748.0	,748.0	,	,	,****,****,****,****,,否,否,	,	,	,否,	,	,	,	,	,	,	,	,	,	,	,	,否,否,	,否,	,,	,否,	,否,,,否
VIOMI云米净水器小海豚600G+升级版厨下式RO反渗透直饮家用,260119-613102394892188,已收货，退款成功,1	,正常,2026-01-19 09:21:11,2026-01-20 09:21:12,,2026-01-19 13:31:48,2026-01-22 18:18:35,852161740747	,小海豚600G+升级版,1835709207960	,厨房电器,净水器/净水设备及配件耗材,净水器,	,6923185653684	,	,已核实差价为50元，可退差价1.21丹丹,	,退款成功,,2026-01-19 09:21:12,	,,,,,,,否,否,	,否,	,,559.0	,0.0	,0.0	,0.0	,1.11	,0.0	,0.0	,0.0	,559.0	,559.0	,JDV025207256627,京东大件物流,****,****,****,****,,否,否,	,	,	,否,	,	,	,	,	,	,	,	,	,	,	,	,否,否,	,否,否,,	,否,	,否,,,否
VIOMI云米净水器小海豚600G+升级版厨下式RO反渗透直饮家用,260119-439374353932188,已取消,1	,正常,	,	,,	,	,852161740747	,小海豚600G+升级版,1835709207960	,厨房电器,净水器/净水设备及配件耗材,净水器,	,6923185653684	,	,	,	,无售后或售后取消,,	,	,,,,,,,否,否,	,否,	,,559.0	,0.0	,0.0	,0.0	,0.0	,0.0	,0.0	,0.0	,559.0	,559.0	,	,	,****,****,****,****,,否,否,	,	,	,否,	,	,	,	,	,	,	,	,	,	,	,	,否,否,	,否,	,,	,否,	,否,,,否
VIOMI云米净水器小海豚600G+升级版厨下式RO反渗透直饮家用,260119-364988372492188,已取消,1	,正常,	,	,,	,	,852161740747	,小海豚600G+升级版,1835709207960	,厨房电器,净水器/净水设备及配件耗材,净水器,	,6923185653684	,	,	,	,无售后或售后取消,,	,	,,,,,,,否,否,	,否,	,,559.0	,0.0	,0.0	,0.0	,0.0	,0.0	,0.0	,0.0	,559.0	,559.0	,	,	,****,****,****,****,,否,否,	,	,	,否,	,	,	,	,	,	,	,	,	,	,	,	,否,否,	,否,	,,	,否,	,否,,,否
VIOMI云米净水器小海豚600G+升级版厨下式RO反渗透直饮家用,260119-245765312823736,已发货，待收货,1	,正常,2026-01-19 09:10:36,2026-01-20 09:10:37,,2026-01-19 16:00:42,	,852161740747	,小海豚600G+升级版,1835709207960	,厨房电器,净水器/净水设备及配件耗材,净水器,	,6923185653684	,	,	,	,无售后或售后取消,,2026-01-19 09:10:37,	,,,,,,,否,否,	,否,中国台湾集运,,559.0	,0.0	,0.0	,0.0	,0.0	,0.0	,0.0	,0.0	,559.0	,559.0	,JDV025209646782,京东大件物流,福建省,泉州市,石狮市,,,否,否,	,	,	,否,	,	,	,	,	,	,	,	,	,	,	,	,否,否,	,否,否,,	,否,	,否,,,否
VIOMI云米净水器小海豚600G+升级版厨下式RO反渗透直饮家用,260119-193577664943983,已发货，待收货,1	,正常,2026-01-19 09:10:18,2026-01-20 09:10:18,,2026-01-19 10:40:08,	,852161740747	,小海豚600G+升级版,1835709207960	,厨房电器,净水器/净水设备及配件耗材,净水器,	,6923185653684	,	,	,	,无售后或售后取消,,2026-01-19 09:10:18,	,,,,,,,否,否,	,否,	,,559.0	,0.0	,0.0	,0.0	,5.0	,0.0	,0.0	,0.0	,559.0	,559.0	,JDV025206941743,京东大件物流,内蒙古自治区,呼和浩特市,回民区,,,否,否,	,	,	,否,	,	,	,	,	,	,	,	,	,	,	,	,否,否,	,否,否,,	,否,	,否,,,否
新品首发 Viomi云米 小海豚3上市RO净水器5年长效反渗透净水器,260119-134951780673230,已取消,1	,正常,	,	,,	,	,862873034610	,小海豚3（原装滤芯）（包安装）,1825244823454	,厨房电器,净水器/净水设备及配件耗材,净水器,	,6923185605867	,	,	,	,无售后或售后取消,,	,	,,,,,,,否,否,	,否,	,,498.9	,0.0	,0.0	,0.0	,0.0	,0.0	,0.0	,0.0	,498.9	,498.9	,	,	,****,****,****,****,,否,否,	,	,	,否,	,	,	,	,	,	,	,	,	,	,	,	,否,否,	,否,	,,	,否,	,否,,,否
【母婴直饮】云米净水器 SE 600G+ 新升级厨下式RO反渗透直饮家用,260119-253440878971183,已发货，待收货,1	,正常,2026-01-19 08:59:46,2026-01-20 08:59:46,,2026-01-19 16:00:42,	,819506595979	,【24年新品】600G升级版6年长效,1787046011387	,厨房电器,净水器/净水设备及配件耗材,净水器,	,6923185653684	,6923185616399	,	,	,无售后或售后取消,,2026-01-19 08:59:46,	,,,,,,,否,否,	,否,	,,748.0	,0.0	,134.64	,74.8	,0.0	,0.0	,0.0	,0.0	,538.56	,613.36	,JDV025209479688,京东大件物流,山东省,济南市,历城区,,,否,否,	,	,	,否,	,	,	,	,	,	,	,	,	,	,	,	,否,否,	,否,否,,	,否,	,否,,,否
云米100L消毒柜家用超薄嵌入式大容量厨房独立消毒烘干ZTD100A-1,260119-366508807760774,未发货，退款成功,3	,审核中，请勿发货,2026-01-19 08:58:27,2026-01-21 08:58:27,,	,	,220820325711	,嵌入式100L消毒柜,1644782695193	,大家电,厨房大电,消毒柜,	,6923185604303	,6923185604303	,聚水潭已取消发货 已退款1.19梓晖,	,退款成功,,2026-01-19 08:58:27,	,,,,,,,否,否,	,否,	,,2517.0	,0.0	,25.17	,85.0	,0.0	,0.0	,0.0	,0.0	,2406.83	,2491.83	,	,	,****,****,****,****,,否,否,	,	,	,否,	,	,	,	,	,	,	,	,	,	,	,	,否,否,	,否,	,,	,否,	,否,,,否
云米100L消毒柜家用超薄嵌入式大容量厨房独立消毒烘干ZTD100A-1,260119-193913177680774,未发货，退款成功,2	,审核中，请勿发货,2026-01-19 08:54:15,2026-01-21 08:54:15,,	,	,220820325711	,嵌入式100L消毒柜,1644782695193	,大家电,厨房大电,消毒柜,	,6923185604303	,6923185604303	,聚水潭已取消发货 已退款1.19梓晖,	,退款成功,,2026-01-19 08:54:15,	,,,,,,,否,否,	,否,	,,1678.0	,0.0	,16.78	,60.0	,0.0	,0.0	,0.0	,0.0	,1601.22	,1661.22	,	,	,****,****,****,****,,否,否,	,	,	,否,	,	,	,	,	,	,	,	,	,	,	,	,否,否,	,否,	,,	,否,	,否,,,否
【母婴直饮】云米净水器RO反渗透厨下家用直饮机600G大通量,260119-367788070500287,已取消,1	,正常,	,	,,	,	,368266541253	,小海豚600G+1支复合滤芯套装,1828417393092	,厨房电器,净水器/净水设备及配件耗材,净水器,	,S2503031016001,	,	,	,无售后或售后取消,,	,	,,,,,,,否,否,	,否,	,,699.0	,0.0	,0.0	,90.0	,0.0	,0.0	,0.0	,0.0	,609.0	,699.0	,	,	,****,****,****,****,,否,否,	,	,	,否,	,	,	,	,	,	,	,	,	,	,	,	,否,否,	,否,	,,	,否,	,否,,,否
云米AI燃气热水器 智控恒温防冻节能安全水质净化精准控温13L强排,260119-474302452050509,已取消,1	,正常,	,	,,	,	,774960777953	,智控恒温燃气热水器,1756760299679	,大家电,热水器,燃气热水器,	,6923185655688	,6923185655688	,	,	,无售后或售后取消,,	,	,,,,,,,否,否,	,否,	,,529.0	,0.0	,0.0	,68.77	,0.0	,0.0	,0.0	,0.0	,460.23	,529.0	,	,	,****,****,****,****,,否,否,	,	,	,否,	,	,	,	,	,	,	,	,	,	,	,	,否,否,	,否,	,,	,否,	,否,,,否
云米顶侧大吸力蓝调油烟机家用厨房节能自清洁一级能效可挥手智控,260119-006648021402669,已取消,1	,正常,	,	,,	,	,657344402006	,顶侧双吸智清洁挥手智控单烟机,1832827639759	,大家电,厨房大电,油烟机,	,6923185650973	,6923185650973	,	,	,无售后或售后取消,,	,	,,,,,,,否,否,	,否,	,,849.0	,0.0	,0.0	,0.0	,0.0	,0.0	,0.0	,0.0	,849.0	,849.0	,	,	,****,****,****,****,,否,否,	,	,	,否,	,	,	,	,	,	,	,	,	,	,	,	,否,否,	,否,	,,	,否,	,否,,,否
云米100L消毒柜家用超薄嵌入式大容量厨房独立消毒烘干ZTD100A-1,260119-308962946640774,未发货，退款成功,2	,审核中，请勿发货,2026-01-19 09:04:32,2026-01-21 09:04:32,,	,	,220820325711	,嵌入式100L消毒柜,1644782695193	,大家电,厨房大电,消毒柜,	,6923185604303	,6923185604303	,聚水潭已取消发货 已退款1.19梓晖,	,退款成功,,2026-01-19 09:04:32,	,,,,,,,否,否,	,否,	,,1678.0	,0.0	,16.78	,68.0	,0.0	,0.0	,0.0	,0.0	,1593.22	,1661.22	,	,	,****,****,****,****,,否,否,	,	,	,否,	,	,	,	,	,	,	,	,	,	,	,	,否,否,	,否,	,,	,否,	,否,,,否
云米顶侧大吸力蓝调油烟机家用厨房节能自清洁一级能效可挥手智控,260119-161533213082669,已取消,1	,正常,	,	,,	,	,657344402006	,顶侧双吸智清洁挥手智控单烟机,1832827639759	,大家电,厨房大电,油烟机,	,6923185650973	,6923185650973	,	,	,无售后或售后取消,,	,	,,,,,,,否,否,	,否,	,,849.0	,0.0	,0.0	,0.0	,0.0	,0.0	,0.0	,0.0	,849.0	,849.0	,	,	,****,****,****,****,,否,否,	,	,	,否,	,	,	,	,	,	,	,	,	,	,	,	,否,否,	,否,	,,	,否,	,否,,,否
云米AI燃气热水器 智控恒温防冻节能安全水质净化精准控温13L强排,260119-271979692451459,未发货，退款成功,1	,正常,2026-01-19 08:32:58,2026-01-20 08:32:58,,	,	,774960777953	,智控恒温燃气热水器,1756760299679	,大家电,热水器,燃气热水器,	,6923185655688	,6923185655688	,聚水潭已取消发货 已退款1.19梓晖,	,退款成功,,2026-01-19 08:32:58,	,,,,,,,否,否,	,否,	,,529.0	,0.0	,0.0	,60.0	,0.0	,0.0	,0.0	,0.0	,469.0	,529.0	,	,	,****,****,****,****,,否,否,	,	,	,否,	,	,	,	,	,	,	,	,	,	,	,	,否,否,	,否,否,,	,否,	,否,,,否
VIOMI云米净水器小海豚600G+升级版厨下式RO反渗透直饮家用,260119-408755924583149,已收货,1	,正常,2026-01-19 08:18:17,2026-01-20 08:18:17,,2026-01-19 10:40:08,2026-01-21 13:57:31,852161740747	,小海豚600G+升级版,1835709207960	,厨房电器,净水器/净水设备及配件耗材,净水器,	,6923185653684	,	,	,	,无售后或售后取消,,2026-01-19 08:18:17,	,,,,,,,否,否,	,否,	,,559.0	,0.0	,0.0	,0.0	,0.0	,0.0	,0.0	,0.0	,559.0	,559.0	,JDV025207209260,京东大件物流,****,****,****,****,,否,否,	,	,	,否,	,	,	,	,	,	,	,	,	,	,	,	,否,否,	,否,否,,	,否,	,否,,,否
云米净水器600G小海豚升级版厨下式RO反渗透直饮家用,260119-418727861872470,已取消,1	,正常,	,	,,	,	,852932116812	,小海豚600G+6年滤芯套装,1812983769340	,厨房电器,净水器/净水设备及配件耗材,净水器,	,S2508151538001,	,	,	,无售后或售后取消,,	,	,,,,,,,否,否,	,否,	,,772.0	,0.0	,0.0	,100.0	,0.0	,0.0	,0.0	,0.0	,672.0	,772.0	,	,	,****,****,****,****,,否,否,	,	,	,否,	,	,	,	,	,	,	,	,	,	,	,	,否,否,	,否,	,,	,否,	,否,,,否
VIOMI 云米净水器600G小海豚升级版厨下式RO反渗透直饮家用,260119-626314494271244,已收货,1	,正常,2026-01-19 07:55:57,2026-01-20 07:55:58,,2026-01-19 16:00:42,2026-01-21 15:38:27,225501370546	,小海豚600G,1813468330532	,厨房电器,净水器/净水设备及配件耗材,净水器,	,6923185653684	,6923185616399	,	,	,无售后或售后取消,,2026-01-19 07:55:58,	,,,,,,,否,否,	,否,	,,619.0	,0.0	,0.0	,68.09	,0.0	,0.0	,0.0	,0.0	,550.91	,619.0	,JDV025208195083,京东大件物流,****,****,****,****,,否,否,	,	,	,否,	,	,	,	,	,	,	,	,	,	,	,	,否,否,	,否,否,,	,否,	,否,,,否
VIOMI云米净水器小海豚600G+升级版厨下式RO反渗透直饮家用,260119-304191915563372,已收货,1	,正常,2026-01-19 07:45:36,2026-01-20 07:45:36,,2026-01-19 13:31:48,2026-01-22 11:57:51,852161740747	,小海豚600G+升级版,1835709207960	,厨房电器,净水器/净水设备及配件耗材,净水器,	,6923185653684	,	,	,	,无售后或售后取消,,2026-01-19 07:45:36,	,,,,,,,否,否,	,否,	,,559.0	,0.0	,0.0	,0.0	,0.0	,0.0	,0.0	,0.0	,559.0	,559.0	,JDV025206168707,京东大件物流,****,****,****,****,,否,否,	,	,	,否,	,	,	,	,	,	,	,	,	,	,	,	,否,否,	,否,否,,	,否,	,否,,,否
VIOMI云米净水器小海豚600G+升级版厨下式RO反渗透直饮家用,260119-515867994543804,未发货，退款成功,1	,正常,2026-01-19 07:32:36,2026-01-20 07:32:36,	,	,	,852161740747	,小海豚600G+升级版,1835709207960	,厨房电器,净水器/净水设备及配件耗材,净水器,	,6923185653684	,	,聚水潭已取消发货 已退款1.19梓晖,	,退款成功,,2026-01-19 07:32:36,	,,,,,,,否,否,	,否,	,,559.0	,0.0	,0.0	,0.0	,1.11	,0.0	,0.0	,0.0	,559.0	,559.0	,	,	,****,****,****,****,,否,否,	,	,	,否,	,	,	,	,	,	,	,	,	,	,	,	,否,否,	,否,否,,	,否,	,否,,,否
VIOMI云米净水器小海豚600G+升级版厨下式RO反渗透直饮家用,260119-142868549983861,已发货，待收货,1	,正常,2026-01-19 07:26:19,2026-01-20 07:26:20,,2026-01-19 10:40:08,	,852161740747	,小海豚600G+升级版,1835709207960	,厨房电器,净水器/净水设备及配件耗材,净水器,	,6923185653684	,	,ZX2601240062624物流异常，已建单咨询1.24丹丹 HH2C729193361已生成换货单1.24丹丹,	,无售后或售后取消,,2026-01-19 07:26:20,	,,,,,,,否,否,	,否,	,,559.0	,0.0	,0.0	,60.0	,0.0	,0.0	,0.0	,0.0	,499.0	,559.0	,JDV025206258913,京东大件物流,广西壮族自治区,柳州市,鹿寨县,,,否,否,	,	,	,否,	,	,	,	,	,	,	,	,	,	,	,	,否,否,	,否,否,,	,否,	,否,,,否
VIOMI云米净水器小海豚600G+升级版厨下式RO反渗透直饮家用,260119-609778409081343,已取消,1	,正常,	,	,,	,	,852161740747	,小海豚600G+升级版,1835709207960	,厨房电器,净水器/净水设备及配件耗材,净水器,	,6923185653684	,	,	,	,无售后或售后取消,,	,	,,,,,,,否,否,	,否,	,,559.0	,0.0	,0.0	,0.0	,0.0	,0.0	,0.0	,0.0	,559.0	,559.0	,	,	,****,****,****,****,,否,否,	,	,	,否,	,	,	,	,	,	,	,	,	,	,	,	,否,否,	,否,	,,	,否,	,否,,,否
VIOMI 云米净水器600G小海豚升级版厨下式RO反渗透直饮家用,260119-058636450162589,已收货,1	,正常,2026-01-19 06:58:52,2026-01-20 06:58:52,,2026-01-19 13:31:48,2026-01-21 14:02:28,225501370546	,小海豚600G,1813468330532	,厨房电器,净水器/净水设备及配件耗材,净水器,	,6923185653684	,6923185616399	,	,	,无售后或售后取消,,2026-01-19 06:58:52,	,,,,,,,否,否,	,否,	,,619.0	,0.0	,0.0	,86.66	,0.0	,0.0	,0.0	,0.0	,532.34	,619.0	,JDV025206065692,京东大件物流,****,****,****,****,,否,否,	,	,	,否,	,	,	,	,	,	,	,	,	,	,	,	,否,否,	,否,否,,	,否,	,否,,,否
云米23m³顶侧大吸力超薄智能油烟机厨房app挥手智控易清洁一级,260119-273772788042797,已收货,1	,正常,2026-01-19 06:47:10,2026-01-20 06:47:10,,2026-01-19 10:40:08,2026-01-24 08:03:48,219486126363	,挥手智控单烟机,1689355640209	,大家电,厨房大电,油烟机,	,6923185613664	,6923185613664	,	,	,无售后或售后取消,,2026-01-19 06:47:10,	,,,,,,,否,否,	,否,	,,1031.0	,0.0	,0.0	,0.0	,0.0	,0.0	,0.0	,0.0	,1031.0	,1031.0	,JDV025206258850,京东大件物流,****,****,****,****,,否,否,	,	,	,否,	,	,	,	,	,	,	,	,	,	,	,	,否,否,	,否,否,,	,否,	,否,,,否
云米AI燃气热水器 智控恒温防冻节能安全水质净化精准控温13L强排,260119-476619794851459,未发货，退款成功,1	,正常,2026-01-19 06:19:26,2026-01-20 06:19:27,,	,	,774960777953	,智控恒温燃气热水器,1756760299679	,大家电,热水器,燃气热水器,	,6923185655688	,6923185655688	,聚水潭已取消发货 已退款1.19梓晖,	,退款成功,,2026-01-19 06:19:27,	,,,,,,,否,否,	,否,	,,529.0	,0.0	,0.0	,60.0	,0.0	,0.0	,0.0	,0.0	,469.0	,529.0	,	,	,****,****,****,****,,否,否,	,	,	,否,	,	,	,	,	,	,	,	,	,	,	,	,否,否,	,否,否,,	,否,	,否,,,否
云米AI燃气热水器 智控恒温防冻节能安全水质净化精准控温13L强排,260119-162172802561816,已取消,1	,正常,	,	,,	,	,774960777953	,智控恒温燃气热水器,1756760299679	,大家电,热水器,燃气热水器,	,6923185655688	,6923185655688	,	,	,无售后或售后取消,,	,	,,,,,,,否,否,	,否,	,,529.0	,0.0	,0.0	,25.0	,0.0	,0.0	,0.0	,0.0	,504.0	,529.0	,	,	,****,****,****,****,,否,否,	,	,	,否,	,	,	,	,	,	,	,	,	,	,	,	,否,否,	,否,	,,	,否,	,否,,,否
云米AI燃气热水器 智控恒温防冻节能安全水质净化精准控温13L强排,260119-511851927041816,已取消,1	,正常,	,	,,	,	,774960777953	,智控恒温燃气热水器,1756760299679	,大家电,热水器,燃气热水器,	,6923185655688	,6923185655688	,	,	,无售后或售后取消,,	,	,,,,,,,否,否,	,否,	,,529.0	,0.0	,0.0	,60.0	,0.0	,0.0	,0.0	,0.0	,469.0	,529.0	,	,	,****,****,****,****,,否,否,	,	,	,否,	,	,	,	,	,	,	,	,	,	,	,	,否,否,	,否,	,,	,否,	,否,,,否
云米AI燃气热水器 智控恒温防冻节能安全水质净化精准控温13L强排,260119-427944865281816,已取消,1	,正常,	,	,,	,	,774960777953	,智控恒温燃气热水器,1756760299679	,大家电,热水器,燃气热水器,	,6923185655688	,6923185655688	,	,	,无售后或售后取消,,	,	,,,,,,,否,否,	,否,	,,529.0	,0.0	,0.0	,0.0	,0.0	,0.0	,0.0	,0.0	,529.0	,529.0	,	,	,****,****,****,****,,否,否,	,	,	,否,	,	,	,	,	,	,	,	,	,	,	,	,否,否,	,否,	,,	,否,	,否,,,否
云米AI燃气热水器 智控恒温防冻节能安全水质净化精准控温13L强排,260119-163284262401816,已取消,1	,正常,	,	,,	,	,774960777953	,智控恒温燃气热水器,1756760299679	,大家电,热水器,燃气热水器,	,6923185655688	,6923185655688	,	,	,无售后或售后取消,,	,	,,,,,,,否,否,	,否,	,,529.0	,0.0	,0.0	,0.0	,0.0	,0.0	,0.0	,0.0	,529.0	,529.0	,	,	,****,****,****,****,,否,否,	,	,	,否,	,	,	,	,	,	,	,	,	,	,	,	,否,否,	,否,	,,	,否,	,否,,,否
VIOMI云米净水器小海豚600G+升级版厨下式RO反渗透直饮家用,260119-284122181210455,已取消,1	,正常,	,	,,	,	,852161740747	,小海豚600G+升级版,1835709207960	,厨房电器,净水器/净水设备及配件耗材,净水器,	,6923185653684	,	,	,	,无售后或售后取消,,	,	,,,,,,,否,否,	,否,	,,559.0	,0.0	,0.0	,0.0	,0.0	,0.0	,0.0	,0.0	,559.0	,559.0	,	,	,****,****,****,****,,否,否,	,	,	,否,	,	,	,	,	,	,	,	,	,	,	,	,否,否,	,否,	,,	,否,	,否,,,否
云米AI燃气热水器 智控恒温防冻节能安全水质净化精准控温13L强排,260119-591333967512184,已收货,1	,正常,2026-01-19 05:30:50,2026-01-20 05:30:51,,2026-01-19 10:40:08,2026-01-21 18:44:08,774960777953	,智控恒温燃气热水器,1756760299679	,大家电,热水器,燃气热水器,	,6923185655688	,6923185655688	,	,	,无售后或售后取消,,2026-01-19 05:30:51,	,,,,,,,否,否,	,否,	,,529.0	,0.0	,0.0	,47.61	,0.0	,0.0	,0.0	,0.0	,481.39	,529.0	,JDV025206268436,京东大件物流,****,****,****,****,,否,否,	,	,	,否,	,	,	,	,	,	,	,	,	,	,	,	,否,否,	,否,否,,	,否,	,否,,,否
新品首发 Viomi云米 小海豚3上市RO净水器5年长效反渗透净水器,260119-273384804731167,已发货，待收货,1	,正常,2026-01-19 05:27:16,2026-01-20 05:27:16,,2026-01-19 09:40:49,	,862873034610	,小海豚3（原装滤芯）（包安装）,1825244823454	,厨房电器,净水器/净水设备及配件耗材,净水器,	,6923185605867	,	,	,	,无售后或售后取消,,2026-01-19 05:27:16,	,,,,,,,否,否,	,否,	,,498.9	,0.0	,0.0	,0.0	,0.0	,0.0	,0.0	,0.0	,498.9	,498.9	,JDV025206263522,京东大件物流,山东省,菏泽市,曹县,,,否,否,	,	,	,否,	,	,	,	,	,	,	,	,	,	,	,	,否,否,	,否,否,,	,否,	,否,,,否
VIOMI云米净水器小海豚600G+升级版厨下式RO反渗透直饮家用,260119-284122212663516,已发货，退款成功,1	,正常,2026-01-19 04:58:24,2026-01-20 04:58:24,,2026-01-19 09:40:48,	,852161740747	,小海豚600G+升级版,1835709207960	,厨房电器,净水器/净水设备及配件耗材,净水器,	,6923185653684	,	,TH2C744395519已审核 待商品入库 1.25梓晖,	,退款成功,,2026-01-19 04:58:24,	,,,,,,,否,否,	,否,	,,559.0	,0.0	,0.0	,0.0	,0.0	,0.0	,0.0	,0.0	,559.0	,559.0	,JDV025206268220,京东大件物流,****,****,****,****,,否,否,	,	,	,否,	,	,	,	,	,	,	,	,	,	,	,	,否,否,	,否,否,,	,否,	,否,,,否
VIOMI云米净水器小海豚600G+升级版厨下式RO反渗透直饮家用,260119-134605760823516,已发货，退款成功,1	,正常,2026-01-19 04:57:52,2026-01-20 04:57:53,,2026-01-19 09:40:49,	,852161740747	,小海豚600G+升级版,1835709207960	,厨房电器,净水器/净水设备及配件耗材,净水器,	,6923185653684	,	,ZX2601200065613拦截 TH2C834173725已审核 待拦截退回 1.20梓晖,	,退款成功,,2026-01-19 04:57:53,	,,,,,,,否,否,	,否,	,,559.0	,0.0	,0.0	,0.0	,0.0	,0.0	,0.0	,0.0	,559.0	,559.0	,JDV025206268166,京东大件物流,****,****,****,****,,否,否,	,	,	,否,	,	,	,	,	,	,	,	,	,	,	,	,否,否,	,否,否,,	,否,	,否,,,否
新品首发 Viomi云米 小海豚3上市RO净水器5年长效反渗透净水器,260119-602239220023516,未发货，退款成功,1	,正常,2026-01-19 04:52:59,2026-01-20 04:52:59,,	,	,862873034610	,小海豚3（原装滤芯）（包安装）,1825244823454	,厨房电器,净水器/净水设备及配件耗材,净水器,	,6923185605867	,	,聚水潭已取消发货 已退款1.19梓晖,	,退款成功,,2026-01-19 04:52:59,	,,,,,,,否,否,	,否,	,,498.9	,0.0	,0.0	,0.0	,0.0	,0.0	,0.0	,0.0	,498.9	,498.9	,	,	,****,****,****,****,,否,否,	,	,	,否,	,	,	,	,	,	,	,	,	,	,	,	,否,否,	,否,否,,	,否,	,否,,,否
新品首发 Viomi云米 小海豚3上市RO净水器5年长效反渗透净水器,260119-199418233193174,已收货,1	,正常,2026-01-19 04:51:00,2026-01-20 04:51:00,,2026-01-19 09:40:48,2026-01-23 13:55:12,862873034610	,小海豚3（原装滤芯）（包安装）,1825244823454	,厨房电器,净水器/净水设备及配件耗材,净水器,	,6923185605867	,	,AZ2601230228683 [viomi米小锂MKD 01/23 08:40],	,无售后或售后取消,,2026-01-19 04:51:00,	,,,,,,,否,否,	,否,	,,498.9	,0.0	,0.0	,2.3	,0.2	,0.0	,0.0	,0.0	,496.6	,498.9	,JDV025206258841,京东大件物流,****,****,****,****,,否,否,	,	,	,否,	,	,	,	,	,	,	,	,	,	,	,	,否,否,	,否,否,,	,否,	,否,,,否
VIOMI云米净水器小海豚600G+升级版厨下式RO反渗透直饮家用,260119-111086179943737,未发货，退款成功,2	,正常,2026-01-19 04:21:06,2026-01-20 04:21:06,,	,	,852161740747	,小海豚600G+升级版,1835709207960	,厨房电器,净水器/净水设备及配件耗材,净水器,	,6923185653684	,	,聚水潭已取消发货 已退款1.19梓晖,	,退款成功,,2026-01-19 04:21:06,	,,,,,,,否,否,	,否,	,,1118.0	,0.0	,11.18	,103.65	,0.0	,0.0	,0.0	,0.0	,1003.17	,1106.82	,	,	,****,****,****,****,,否,否,	,	,	,否,	,	,	,	,	,	,	,	,	,	,	,	,否,否,	,否,否,,	,否,	,否,,,否
云米电热水器40升洗澡家用租房储水式速热抑菌节能省电安全卫生间,260119-520345392700195,已取消,1	,正常,	,	,,	,	,661859626284	,"速热抑菌洗-40L,小海豚热水器",1750073590149	,大家电,热水器,电热水器,	,6923185681281	,6923185681281	,	,	,无售后或售后取消,,	,	,,,,,,,否,否,	,否,	,,399.0	,0.0	,18.0	,12.0	,0.0	,0.0	,0.0	,0.0	,369.0	,381.0	,	,	,****,****,****,****,,否,否,	,	,	,否,	,	,	,	,	,	,	,	,	,	,	,	,否,否,	,否,	,,	,否,	,否,,,否
VIOMI云米净水器小海豚600G+升级版厨下式RO反渗透直饮家用,260119-546329085463691,已发货，待收货,1	,正常,2026-01-19 02:26:19,2026-01-20 02:26:20,,2026-01-19 09:40:49,	,852161740747	,小海豚600G+升级版,1835709207960	,厨房电器,净水器/净水设备及配件耗材,净水器,	,6923185653684	,	,	,	,无售后或售后取消,,2026-01-19 02:26:20,	,,,,,,,否,否,	,否,	,,559.0	,0.0	,0.0	,60.0	,0.2	,0.0	,0.0	,0.0	,499.0	,559.0	,JDV025206268093,京东大件物流,湖南省,长沙市,岳麓区,,,否,否,	,	,	,否,	,	,	,	,	,	,	,	,	,	,	,	,否,否,	,否,否,,	,否,	,否,,,否
VIOMI云米净水器小海豚600G+升级版厨下式RO反渗透直饮家用,260119-368448673383990,已取消,1	,正常,	,	,,	,	,852161740747	,小海豚600G+升级版,1835709207960	,厨房电器,净水器/净水设备及配件耗材,净水器,	,6923185653684	,	,	,	,无售后或售后取消,,	,	,,,,,,,否,否,	,否,	,,559.0	,0.0	,0.0	,100.0	,0.0	,0.0	,0.0	,0.0	,459.0	,559.0	,	,	,****,****,****,****,,否,否,	,	,	,否,	,	,	,	,	,	,	,	,	,	,	,	,否,否,	,否,	,,	,否,	,否,,,否
【母婴直饮】云米净水器 SE 600G+ 新升级厨下式RO反渗透直饮家用,260119-516507584013855,已发货，退款成功,1	,正常,2026-01-19 01:08:41,2026-01-20 01:08:41,,2026-01-19 09:40:49,	,819506595979	,【24年新品】600G升级版6年长效,1787046011387	,厨房电器,净水器/净水设备及配件耗材,净水器,	,6923185653684	,6923185616399	,ZX2601190065826拦截 TH2C843725848已审核 待拦截退回 1.19梓晖 ,	,退款成功,,2026-01-19 01:08:41,	,,,,,,,否,否,	,否,	,,748.0	,0.0	,129.6	,100.0	,0.0	,0.0	,0.0	,0.0	,518.4	,618.4	,JDV025206283340,京东大件物流,****,****,****,****,,否,否,	,	,	,否,	,	,	,	,	,	,	,	,	,	,	,	,否,否,	,否,否,,	,否,	,否,,,否
VIOMI云米净水器小海豚600G+升级版厨下式RO反渗透直饮家用,260119-254237775373855,已收货,1	,正常,2026-01-19 01:03:48,2026-01-20 01:03:49,,2026-01-19 09:40:50,2026-01-22 00:52:44,852161740747	,小海豚600G+升级版,1835709207960	,厨房电器,净水器/净水设备及配件耗材,净水器,	,6923185653684	,	,AZ2601210236763==1.21米锋,	,无售后或售后取消,,2026-01-19 01:03:49,	,,,,,,,否,否,	,否,	,,559.0	,0.0	,0.0	,60.0	,0.2	,0.0	,0.0	,0.0	,499.0	,559.0	,JDV025206278686,京东大件物流,****,****,****,****,,否,否,	,	,	,否,	,	,	,	,	,	,	,	,	,	,	,	,否,否,	,否,否,,	,否,	,否,,,否
VIOMI云米净水器小海豚600G+升级版厨下式RO反渗透直饮家用,260119-446630541613280,已收货,1	,正常,2026-01-19 00:37:55,2026-01-20 00:37:55,,2026-01-19 09:40:49,2026-01-24 09:24:58,852161740747	,小海豚600G+升级版,1835709207960	,厨房电器,净水器/净水设备及配件耗材,净水器,	,6923185653684	,	,	,	,无售后或售后取消,,2026-01-19 00:37:55,	,,,,,,,否,否,	,否,	,,559.0	,0.0	,0.0	,100.0	,0.0	,0.0	,0.0	,0.0	,459.0	,559.0	,JDV025205156055,京东大件物流,****,****,****,****,,否,否,	,	,	,否,	,	,	,	,	,	,	,	,	,	,	,	,否,否,	,否,否,,	,否,	,否,,,否
VIOMI云米净水器小海豚600G+升级版厨下式RO反渗透直饮家用,260119-222979714662818,已取消,1	,正常,	,	,,	,	,852161740747	,小海豚600G+升级版,1835709207960	,厨房电器,净水器/净水设备及配件耗材,净水器,	,6923185653684	,	,	,	,无售后或售后取消,,	,	,,,,,,,否,否,	,否,	,,559.0	,0.0	,0.0	,0.0	,0.0	,0.0	,0.0	,0.0	,559.0	,559.0	,	,	,****,****,****,****,,否,否,	,	,	,否,	,	,	,	,	,	,	,	,	,	,	,	,否,否,	,否,	,,	,否,	,否,,,否
VIOMI云米净水器小海豚600G+升级版厨下式RO反渗透直饮家用,260119-515731637791998,已收货,1	,正常,2026-01-19 00:29:44,2026-01-20 00:29:45,,2026-01-19 09:40:50,2026-01-25 09:33:23,852161740747	,小海豚600G+升级版,1835709207960	,厨房电器,净水器/净水设备及配件耗材,净水器,	,6923185653684	,	,AZ2601230229532=1.23米锋,	,无售后或售后取消,,2026-01-19 00:29:45,	,,,,,,,否,否,	,否,	,,559.0	,0.0	,0.0	,60.0	,0.0	,0.0	,0.0	,0.0	,499.0	,559.0	,JDV025206055946,京东大件物流,****,****,****,****,,否,否,	,	,	,否,	,	,	,	,	,	,	,	,	,	,	,	,否,否,	,否,否,,	,否,	,否,,,否
新品首发 Viomi云米 小海豚3上市RO净水器5年长效反渗透净水器,260119-547660818741059,已发货，待收货,1	,正常,2026-01-19 00:20:13,2026-01-20 00:20:13,	,2026-01-19 09:40:50,	,862873034610	,小海豚3（原装滤芯）（包安装）,1825244823454	,厨房电器,净水器/净水设备及配件耗材,净水器,	,6923185605867	,	,	,	,无售后或售后取消,,2026-01-19 00:20:13,	,,,,,,,否,否,	,否,	,,498.9	,0.0	,0.0	,0.0	,0.0	,0.0	,0.0	,0.0	,498.9	,498.9	,JDV025206258580,京东大件物流,福建省,泉州市,南安市,,,否,否,	,	,	,否,	,	,	,	,	,	,	,	,	,	,	,	,否,否,	,否,否,,	,否,	,否,,,否
云米净水器600G小海豚升级版厨下式RO反渗透直饮家用,260119-552442293850798,已收货,1	,正常,2026-01-19 00:10:48,2026-01-20 00:10:49,,2026-01-19 13:31:49,2026-01-22 22:36:06,852932116812	,小海豚600G+6年滤芯套装,1812983769340	,厨房电器,净水器/净水设备及配件耗材,净水器,	,S2508151538001,	,	,	,无售后或售后取消,,2026-01-19 00:10:49,	,,,,,,,否,否,	,否,	,,772.0	,0.0	,0.0	,100.0	,5.0	,0.0	,0.0	,0.0	,672.0	,772.0	,JDV025206055963,京东大件物流,****,****,****,****,,否,否,	,	,	,否,	,	,	,	,	,	,	,	,	,	,	,	,否,否,	,否,否,,	,否,	,否,,,否
【母婴直饮】云米净水器 SE 600G+ 新升级厨下式RO反渗透直饮家用,260119-085899363930798,已取消,1	,正常,	,	,,	,	,819506595979	,【24年新品】600G升级版6年长效,1787046011387	,厨房电器,净水器/净水设备及配件耗材,净水器,	,6923185653684	,6923185616399	,	,	,无售后或售后取消,,	,	,,,,,,,否,否,	,否,	,,748.0	,0.0	,129.6	,100.0	,0.0	,0.0	,0.0	,0.0	,518.4	,618.4	,	,	,****,****,****,****,,否,否,	,	,	,否,	,	,	,	,	,	,	,	,	,	,	,	,否,否,	,否,	,,	,否,	,否,,,否