商品,订单号,订单状态,商品数量(件),是否审核中,支付时间,承诺发货时间,承诺送达时间,发货时间,确认收货时间,商品id,商品规格,样式ID,商品一级类目,商品二级类目,商品三级类目,商品四级类目,商家编码-规格维度,商家编码-商品维度,商家备注,买家留言,售后状态,消费者资料,订单成交时间,消费者资料上传时间,赠品名称,赠品id,赠品规格,赠品数量,团ID,团身份,是否已开始配送,配送员是否已送达,配送状态,同城是否普通快递,集运类型,赠品订单号,商品总价(元),邮费(元),店铺优惠折扣(元),平台优惠折扣(元),多多支付立减金额(元),上门安装费(元),送货入户费(元),送货入户并安装费(元),用户实付金额(元),商家实收金额(元),快递单号,快递公司,省,市,区,街道/镇,配送员手机号,是否抽奖或0元试用,是否顺丰加价,用户购买手机号,旅行类信息,充值号码,是否门店自提,门店名称,门店自定义编码,关联货品编码,货品名称,货品类型,子货品,仓库名称,仓库所在地址,海淘清关订单号,支付ID,支付方式,保税仓,是否直播间成交,是否直播间引导成交,预约配送时间,是否节能补贴,是否分期,分期期数,手续费承担方,是否无痕发货,订单来源,是否社区团购,小区送达情况,分期方式,是否已上传证件照片
云米顶侧大吸力蓝调油烟机家用厨房节能自清洁一级能效可挥手智控,251102-678523061901091,待发货,1	,正常,2025-11-02 23:55:06,2025-12-20 23:55:06,,	,	,657344402006	,云米智清洁挥手智控单烟机,1723825075586	,大家电,厨房大电,油烟机,	,6923185650973	,6923185650973	,已登记赠品 [viomi诺诺sk 11/02 23:59],	,无售后或售后取消,,2025-11-02 23:55:06,	,,,,,,,否,否,	,否,	,,839.0	,0.0	,42.0	,79.7	,0.0	,0.0	,0.0	,0.0	,717.3	,797.0	,	,	,陕西省,西安市,灞桥区,,,否,否,	,	,	,否,	,	,	,	,	,	,	,	,	,	,	,	,否,否,	,否,否,,	,否,	,否,,,否
【重磅新品】云米净水器600G小海豚升级版厨下式RO反渗透直饮家用,251102-411597607201533,待发货,1	,正常,2025-11-02 23:54:01,2025-11-03 23:54:01,,	,	,225501370546	,【24年新品】600G升级版6年长效,1600502140541	,厨房电器,净水器/净水设备及配件耗材,净水器,	,6923185653684	,6923185616399	,	,	,无售后或售后取消,,2025-11-02 23:54:01,	,,,,,,,否,否,	,否,	,,558.99	,0.0	,0.0	,0.0	,0.0	,0.0	,0.0	,0.0	,558.99	,558.99	,	,	,广东省,广州市,越秀区,,,否,否,	,	,	,否,	,	,	,	,	,	,	,	,	,	,	,	,否,否,	,否,否,,	,否,	,否,,,否
Viomi云米净水器1000G厨下式RO反渗透直饮过滤器净饮小海豚2,251102-069216571793937,待发货,1	,正常,2025-11-02 23:54:07,2025-11-03 23:54:07,,	,	,205458105137	,小海豚2包安装1000G大加仑,1802849942800	,厨房电器,净水器/净水设备及配件耗材,净水器,	,6923185654865	,	,	,	,无售后或售后取消,,2025-11-02 23:54:07,	,,,,,,,否,否,	,否,	,,863.0	,0.0	,0.0	,0.0	,0.0	,0.0	,0.0	,0.0	,863.0	,863.0	,	,	,河南省,郑州市,二七区,,,否,否,	,	,	,否,	,	,	,	,	,	,	,	,	,	,	,	,否,否,	,否,否,,	,否,	,否,,,否
【重磅新品】云米净水器600G小海豚升级版厨下式RO反渗透直饮家用,251102-155535358331138,已取消,1	,正常,	,	,,	,	,225501370546	,【24年新品】600G升级版6年长效,1600502140541	,厨房电器,净水器/净水设备及配件耗材,净水器,	,6923185653684	,6923185616399	,	,	,无售后或售后取消,,	,	,,,,,,,否,否,	,否,	,,558.99	,0.0	,0.0	,0.0	,0.0	,0.0	,0.0	,0.0	,558.99	,558.99	,	,	,****,****,****,****,,否,否,	,	,	,否,	,	,	,	,	,	,	,	,	,	,	,	,否,否,	,否,	,,	,否,	,否,,,否
云米净水器滤芯家用小海豚小蓝调小白龙系列专用RO反渗透,251102-189351903603211,已取消,2	,正常,	,	,,	,	,232467205433	,5in1 复合滤芯,1647394585330	,厨房电器,净水器/净水设备及配件耗材,净水器,	,6923185627425	,	,	,	,无售后或售后取消,,	,	,,,,,,,否,否,	,否,	,,298.0	,0.0	,2.98	,0.0	,0.0	,0.0	,0.0	,0.0	,295.02	,295.02	,	,	,****,****,****,****,,否,否,	,	,	,否,	,	,	,	,	,	,	,	,	,	,	,	,否,否,	,否,	,,	,否,	,否,,,否
【重磅新品】云米净水器600G小海豚升级版厨下式RO反渗透直饮家用,251102-543770591623743,待发货,1	,正常,2025-11-02 23:41:35,2025-11-03 23:41:35,,	,	,225501370546	,【24年新品】600G升级版6年长效,1600502140541	,厨房电器,净水器/净水设备及配件耗材,净水器,	,6923185653684	,6923185616399	,	,	,无售后或售后取消,,2025-11-02 23:41:35,	,,,,,,,否,否,	,否,	,,558.99	,0.0	,0.0	,3.0	,0.0	,0.0	,0.0	,0.0	,555.99	,558.99	,	,	,福建省,福州市,晋安区,,,否,否,	,	,	,否,	,	,	,	,	,	,	,	,	,	,	,	,否,否,	,否,否,,	,否,	,否,,,否
【重磅新品】云米净水器600G小海豚升级版厨下式RO反渗透直饮家用,251102-225632601622164,已取消,1	,正常,	,	,,	,	,225501370546	,【24年新品】600G升级版6年长效,1600502140541	,厨房电器,净水器/净水设备及配件耗材,净水器,	,6923185653684	,6923185616399	,	,	,无售后或售后取消,,	,	,,,,,,,否,否,	,否,	,,558.99	,0.0	,0.0	,0.0	,0.0	,0.0	,0.0	,0.0	,558.99	,558.99	,	,	,****,****,****,****,,否,否,	,	,	,否,	,	,	,	,	,	,	,	,	,	,	,	,否,否,	,否,	,,	,否,	,否,,,否
云米净水器滤芯小蓝调小海豚600G+专用复合滤芯RO反渗透滤芯过滤,251102-383705443991461,待发货,2	,正常,2025-11-02 23:32:10,2025-11-03 23:32:10,,	,	,296967601341	,5in1复合滤芯 2年长效,1600193054565	,厨房电器,净水器/净水设备及配件耗材,净水器,	,6923185627425	,	,后返，到手价99/根,	,无售后或售后取消,,2025-11-02 23:32:10,	,,,,,,,否,否,	,否,	,,598.0	,0.0	,5.98	,43.0	,0.0	,0.0	,0.0	,0.0	,549.02	,592.02	,	,	,广东省,深圳市,宝安区,,,否,否,	,	,	,否,	,	,	,	,	,	,	,	,	,	,	,	,否,是,	,否,否,,	,否,	,否,,,否
【重磅新品】云米净水器600G小海豚升级版厨下式RO反渗透直饮家用,251102-487126484540512,待发货,1	,正常,2025-11-02 23:28:53,2025-11-03 23:28:53,,	,	,225501370546	,【24年新品】600G升级版6年长效,1600502140541	,厨房电器,净水器/净水设备及配件耗材,净水器,	,6923185653684	,6923185616399	,送tds笔,	,无售后或售后取消,,2025-11-02 23:28:53,	,,,,,,,否,否,	,否,	,,558.99	,0.0	,0.0	,0.0	,0.0	,0.0	,0.0	,0.0	,558.99	,558.99	,	,	,河北省,保定市,安新县,,,否,否,	,	,	,否,	,	,	,	,	,	,	,	,	,	,	,	,否,是,	,否,否,,	,否,	,否,,,否
【重磅新品】云米净水器600G小海豚升级版厨下式RO反渗透直饮家用,251102-463984412311461,待发货,1	,正常,2025-11-02 23:25:17,2025-11-03 23:25:17,,	,	,225501370546	,【24年新品】600G升级版6年长效,1600502140541	,厨房电器,净水器/净水设备及配件耗材,净水器,	,6923185653684	,6923185616399	,	,	,无售后或售后取消,,2025-11-02 23:25:17,	,,,,,,,否,否,	,否,	,,558.99	,0.0	,0.0	,55.89	,0.0	,0.0	,0.0	,0.0	,503.1	,558.99	,	,	,广东省,深圳市,宝安区,,,否,否,	,	,	,否,	,	,	,	,	,	,	,	,	,	,	,	,否,是,	,否,否,,	,否,	,否,,,否
云米电热水器免换镁棒1级能效钛芯防护抑菌内胆免清洗3000W速热,251102-104878609950382,待发货,1	,正常,2025-11-02 23:22:48,2025-11-03 23:22:48,,	,	,215513269171	,"【免更换镁棒技术】抑菌健康洗,50L",1757655804682	,大家电,热水器,电热水器,	,6923185611882	,镁棒50/60L,	,	,无售后或售后取消,,2025-11-02 23:22:48,	,,,,,,,否,否,	,否,	,,703.0	,0.0	,0.0	,0.0	,0.0	,0.0	,0.0	,0.0	,703.0	,703.0	,	,	,浙江省,杭州市,拱墅区,,,否,否,	,	,	,否,	,	,	,	,	,	,	,	,	,	,	,	,否,否,	,否,否,,	,否,	,否,,,否
云米AI油烟机双腔大吸力Smart双腔一级能效23m³大风压智清洁节能,251102-023341309452008,未发货，退款成功,1	,正常,2025-11-02 23:22:20,2025-11-03 23:22:20,,	,	,750412983827	,AI双腔强吸油烟机,1737582711971	,大家电,厨房大电,油烟机,	,6923185649229	,6923185649229	,	,	,退款成功,,2025-11-02 23:22:20,	,,,,,,,否,否,	,否,	,,832.0	,0.0	,42.0	,32.0	,0.0	,0.0	,0.0	,0.0	,758.0	,790.0	,	,	,安徽省,芜湖市,无为市,,,否,否,	,	,	,否,	,	,	,	,	,	,	,	,	,	,	,	,否,否,	,否,否,,	,否,	,否,,,否
【重磅新品】云米净水器600G小海豚升级版厨下式RO反渗透直饮家用,251102-506525130310834,待发货,1	,正常,2025-11-02 23:17:51,2025-11-03 23:17:51,,	,	,225501370546	,【24年新品】600G升级版6年长效,1600502140541	,厨房电器,净水器/净水设备及配件耗材,净水器,	,6923185653684	,6923185616399	,	,	,无售后或售后取消,,2025-11-02 23:17:51,	,,,,,,,否,否,	,否,	,,558.99	,0.0	,0.0	,55.89	,1.0	,0.0	,0.0	,0.0	,503.1	,558.99	,	,	,广东省,佛山市,南海区,,,否,否,	,	,	,否,	,	,	,	,	,	,	,	,	,	,	,	,否,否,	,否,否,,	,否,	,否,,,否
【重磅新品】云米净水器600G小海豚升级版厨下式RO反渗透直饮家用,251102-320444905781938,待发货,1	,正常,2025-11-02 23:16:56,2025-11-03 23:16:56,,	,	,225501370546	,【24年新品】600G升级版6年长效,1600502140541	,厨房电器,净水器/净水设备及配件耗材,净水器,	,6923185653684	,6923185616399	,	,	,无售后或售后取消,,2025-11-02 23:16:56,	,,,,,,,否,否,	,否,	,,558.99	,0.0	,0.0	,0.99	,0.0	,0.0	,0.0	,0.0	,558.0	,558.99	,	,	,贵州省,六盘水市,钟山区,,,否,否,	,	,	,否,	,	,	,	,	,	,	,	,	,	,	,	,否,否,	,否,否,,	,否,	,否,,,否
云米净水器滤芯家用小海豚小蓝调小白龙系列专用RO反渗透,251102-521477876102626,待发货,1	,正常,2025-11-02 23:16:15,2025-11-04 23:16:15,,	,	,232467205433	,5in1 复合滤芯,1647394585330	,厨房电器,净水器/净水设备及配件耗材,净水器,	,6923185627425	,	,	,	,无售后或售后取消,,2025-11-02 23:16:15,	,,,,,,,否,否,	,否,	,,149.0	,0.0	,0.0	,0.0	,0.0	,0.0	,0.0	,0.0	,149.0	,149.0	,	,	,广东省,肇庆市,端州区,,,否,否,	,	,	,否,	,	,	,	,	,	,	,	,	,	,	,	,否,否,	,否,否,,	,否,	,否,,,否
云米净水器滤芯家用小海豚小蓝调小白龙系列专用RO反渗透,251102-462851991871275,未发货，退款成功,1	,正常,2025-11-02 23:13:04,2025-11-04 23:13:04,,	,	,232467205433	,5in1 复合滤芯,1647394585330	,厨房电器,净水器/净水设备及配件耗材,净水器,	,6923185627425	,	,109 [viomi英英sk 11/02 23:14],	,退款成功,,2025-11-02 23:13:04,	,,,,,,,否,否,	,否,	,,149.0	,0.0	,0.0	,0.0	,0.0	,0.0	,0.0	,0.0	,149.0	,149.0	,	,	,河南省,驻马店市,遂平县,,,否,否,	,	,	,否,	,	,	,	,	,	,	,	,	,	,	,	,否,否,	,否,否,,	,否,	,否,,,否
【母婴直饮】云米净水器 SE 600G+ 新升级厨下式RO反渗透直饮家用,251102-498388242782451,待发货,1	,正常,2025-11-02 23:04:07,2025-11-03 23:04:07,,	,	,819506595979	,【24年新品】600G升级版6年长效,1787046011387	,厨房电器,净水器/净水设备及配件耗材,净水器,	,6923185653684	,6923185616399	,	,	,无售后或售后取消,,2025-11-02 23:04:07,	,,,,,,,否,否,	,否,	,,748.0	,0.0	,129.6	,100.0	,0.0	,0.0	,0.0	,0.0	,518.4	,618.4	,	,	,山东省,东营市,河口区,,,否,否,	,	,	,否,	,	,	,	,	,	,	,	,	,	,	,	,否,是,	,否,否,,	,否,	,否,,,否
云米顶侧大吸力蓝调油烟机家用厨房节能自清洁一级能效可挥手智控,251102-637167286702671,待发货,1	,正常,2025-11-02 23:02:28,2025-11-03 23:02:29,,	,	,657344402006	,云米智清洁挥手智控单烟机,1723825075586	,大家电,厨房大电,油烟机,	,6923185650973	,6923185650973	,	,	,无售后或售后取消,,2025-11-02 23:02:29,	,,,,,,,否,否,	,否,	,,839.0	,0.0	,42.0	,39.85	,0.0	,0.0	,0.0	,0.0	,757.15	,797.0	,	,	,广东省,汕头市,龙湖区,,,否,否,	,	,	,否,	,	,	,	,	,	,	,	,	,	,	,	,否,否,	,否,否,,	,否,	,否,,,否
【母婴直饮】云米净水器 SE 600G+ 新升级厨下式RO反渗透直饮家用,251102-054117045823156,待付款,1	,正常,	,	,,	,	,819506595979	,【24年新品】600G升级版6年长效,1787046011387	,厨房电器,净水器/净水设备及配件耗材,净水器,	,6923185653684	,6923185616399	,	,	,无售后或售后取消,,	,	,,,,,,,否,否,	,否,	,,748.0	,0.0	,144.2	,27.0	,0.0	,0.0	,0.0	,0.0	,576.8	,603.8	,	,	,****,****,****,****,,否,否,	,	,	,否,	,	,	,	,	,	,	,	,	,	,	,	,否,否,	,否,	,,	,否,	,否,,,否
【重磅新品】云米净水器600G小海豚升级版厨下式RO反渗透直饮家用,251102-488783244920498,未发货，退款成功,1	,正常,2025-11-02 22:58:28,2025-11-03 22:58:28,,	,	,225501370546	,【24年新品】600G升级版6年长效,1600502140541	,厨房电器,净水器/净水设备及配件耗材,净水器,	,6923185653684	,6923185616399	,	,	,退款成功,,2025-11-02 22:58:28,	,,,,,,,否,否,	,否,	,,558.99	,0.0	,0.0	,0.0	,0.0	,0.0	,0.0	,0.0	,558.99	,558.99	,	,	,新疆维吾尔自治区,塔城地区,乌苏市,,,否,否,	,	,	,否,	,	,	,	,	,	,	,	,	,	,	,	,否,否,	,否,否,,	,否,	,否,,,否
云米净水器滤芯小蓝调小海豚600G+专用复合滤芯RO反渗透滤芯过滤,251102-560411492713622,待发货,1	,正常,2025-11-02 22:55:44,2025-11-03 22:55:44,,	,	,296967601341	,5in1复合滤芯 2年长效,1600193054565	,厨房电器,净水器/净水设备及配件耗材,净水器,	,6923185627425	,	,后返，到手价99,	,无售后或售后取消,,2025-11-02 22:55:44,	,,,,,,,否,否,	,否,	,,299.0	,0.0	,0.0	,0.0	,0.0	,0.0	,0.0	,0.0	,299.0	,299.0	,	,	,浙江省,嘉兴市,桐乡市,,,否,否,	,	,	,否,	,	,	,	,	,	,	,	,	,	,	,	,否,是,	,否,否,,	,否,	,否,,,否
云米AI燃气热水器智控恒温防冻节能安全水质净化精准控温13L强排,251102-312423226901353,待发货,1	,正常,2025-11-02 22:55:14,2025-11-03 22:55:14,,	,	,773161065181	,智控恒温燃气热水器,1755671371526	,大家电,热水器,燃气热水器,	,6923185655688	,6923185655688	,	,	,无售后或售后取消,,2025-11-02 22:55:14,	,,,,,,,否,否,	,否,	,,588.0	,0.0	,0.0	,0.0	,0.0	,0.0	,0.0	,0.0	,588.0	,588.0	,	,	,广西壮族自治区,防城港市,港口区,,,否,否,	,	,	,否,	,	,	,	,	,	,	,	,	,	,	,	,否,否,	,否,否,,	,否,	,否,,,否
【母婴直饮】云米净水器 SE 600G+ 新升级厨下式RO反渗透直饮家用,251102-316177191273622,待发货,1	,正常,2025-11-02 22:52:05,2025-11-03 22:52:05,,	,	,819506595979	,【24年新品】600G升级版6年长效,1787046011387	,厨房电器,净水器/净水设备及配件耗材,净水器,	,6923185653684	,6923185616399	,	,	,无售后或售后取消,,2025-11-02 22:52:05,	,,,,,,,否,否,	,否,	,,748.0	,0.0	,130.15	,97.24	,0.0	,0.0	,0.0	,0.0	,520.61	,617.85	,	,	,浙江省,嘉兴市,桐乡市,,,否,否,	,	,	,否,	,	,	,	,	,	,	,	,	,	,	,	,否,是,	,否,否,,	,否,	,否,,,否
云米净水器滤芯小蓝调小海豚600G+专用复合滤芯RO反渗透滤芯过滤,251102-403628398213446,待发货,1	,正常,2025-11-02 22:46:20,2025-11-03 22:46:20,,	,	,296967601341	,5in1复合滤芯 2年长效,1600193054565	,厨房电器,净水器/净水设备及配件耗材,净水器,	,6923185627425	,	,后返，到手价99,	,无售后或售后取消,,2025-11-02 22:46:20,	,,,,,,,否,否,	,否,	,,299.0	,0.0	,0.0	,0.0	,0.0	,0.0	,0.0	,0.0	,299.0	,299.0	,	,	,广东省,珠海市,金湾区,,,否,否,	,	,	,否,	,	,	,	,	,	,	,	,	,	,	,	,否,否,	,否,否,,	,否,	,否,,,否
【母婴直饮】云米净水器 SE 600G+ 新升级厨下式RO反渗透直饮家用,251102-373848829573446,待发货,1	,正常,2025-11-02 22:45:18,2025-11-03 22:45:18,,	,	,819506595979	,【24年新品】600G升级版6年长效,1787046011387	,厨房电器,净水器/净水设备及配件耗材,净水器,	,6923185653684	,6923185616399	,后返，送TDS笔,	,无售后或售后取消,,2025-11-02 22:45:18,	,,,,,,,否,否,	,否,	,,748.0	,0.0	,134.64	,74.8	,0.0	,0.0	,0.0	,0.0	,538.56	,613.36	,	,	,广东省,珠海市,金湾区,,,否,否,	,	,	,否,	,	,	,	,	,	,	,	,	,	,	,	,否,否,	,否,否,,	,否,	,否,,,否
云米净水器滤芯小蓝调小海豚600G+专用复合滤芯RO反渗透滤芯过滤,251102-371154020681549,未发货，退款成功,1	,正常,2025-11-02 22:38:03,2025-11-03 22:38:03,,	,	,296967601341	,5in1复合滤芯 2年长效,1600193054565	,厨房电器,净水器/净水设备及配件耗材,净水器,	,6923185627425	,	,后返，到手价99,	,退款成功,,2025-11-02 22:38:03,	,,,,,,,否,否,	,否,	,,299.0	,0.0	,0.0	,0.0	,0.2	,0.0	,0.0	,0.0	,299.0	,299.0	,	,	,山东省,临沂市,兰山区,,,否,否,	,	,	,否,	,	,	,	,	,	,	,	,	,	,	,	,否,否,	,否,否,,	,否,	,否,,,否
【重磅新品】云米净水器600G小海豚升级版厨下式RO反渗透直饮家用,251102-155535327561549,未发货，退款成功,1	,正常,2025-11-02 22:37:26,2025-11-03 22:37:26,,	,	,225501370546	,【24年新品】600G升级版6年长效,1600502140541	,厨房电器,净水器/净水设备及配件耗材,净水器,	,6923185653684	,6923185616399	,	,	,退款成功,,2025-11-02 22:37:26,	,,,,,,,否,否,	,否,	,,558.99	,0.0	,0.0	,0.0	,0.0	,0.0	,0.0	,0.0	,558.99	,558.99	,	,	,山东省,临沂市,兰山区,,,否,否,	,	,	,否,	,	,	,	,	,	,	,	,	,	,	,	,否,否,	,否,否,,	,否,	,否,,,否
【重磅新品】云米净水器600G小海豚升级版厨下式RO反渗透直饮家用,251102-558492598560325,已取消,1	,正常,	,	,,	,	,225501370546	,【24年新品】600G升级版6年长效,1600502140541	,厨房电器,净水器/净水设备及配件耗材,净水器,	,6923185653684	,6923185616399	,	,	,无售后或售后取消,,	,	,,,,,,,否,否,	,否,	,,558.99	,0.0	,0.0	,0.0	,0.0	,0.0	,0.0	,0.0	,558.99	,558.99	,	,	,****,****,****,****,,否,否,	,	,	,否,	,	,	,	,	,	,	,	,	,	,	,	,否,否,	,否,	,,	,否,	,否,,,否
【母婴直饮】云米净水器 SE 600G+ 新升级厨下式RO反渗透直饮家用,251102-352657140112186,待发货,1	,正常,2025-11-02 22:33:25,2025-11-03 22:33:25,,	,	,819506595979	,【24年新品】600G升级版6年长效,1787046011387	,厨房电器,净水器/净水设备及配件耗材,净水器,	,6923185653684	,6923185616399	,	,	,无售后或售后取消,,2025-11-02 22:33:25,	,,,,,,,否,否,	,否,	,,748.0	,0.0	,129.6	,100.0	,0.0	,0.0	,0.0	,0.0	,518.4	,618.4	,	,	,广东省,深圳市,龙华区,,,否,否,	,	,	,否,	,	,	,	,	,	,	,	,	,	,	,	,否,否,	,否,否,,	,否,	,否,,,否
【重磅新品】云米净水器600G小海豚升级版厨下式RO反渗透直饮家用,251102-661190100630576,已取消,1	,正常,	,	,,	,	,225501370546	,【24年新品】600G升级版6年长效,1600502140541	,厨房电器,净水器/净水设备及配件耗材,净水器,	,6923185653684	,6923185616399	,	,	,无售后或售后取消,,	,	,,,,,,,否,否,	,否,	,,558.99	,0.0	,0.0	,0.0	,0.0	,0.0	,0.0	,0.0	,558.99	,558.99	,	,	,****,****,****,****,,否,否,	,	,	,否,	,	,	,	,	,	,	,	,	,	,	,	,否,否,	,否,	,,	,否,	,否,,,否
【重磅新品】云米净水器600G小海豚升级版厨下式RO反渗透直饮家用,251102-411377374750022,待发货,1	,正常,2025-11-02 22:33:05,2025-11-03 22:33:05,,	,	,225501370546	,【24年新品】600G升级版6年长效,1600502140541	,厨房电器,净水器/净水设备及配件耗材,净水器,	,6923185653684	,6923185616399	,	,	,无售后或售后取消,,2025-11-02 22:33:05,	,,,,,,,否,否,	,否,	,,558.99	,0.0	,0.0	,0.0	,2.0	,0.0	,0.0	,0.0	,558.99	,558.99	,	,	,辽宁省,沈阳市,于洪区,,,否,否,	,	,	,否,	,	,	,	,	,	,	,	,	,	,	,	,否,否,	,否,否,,	,否,	,否,,,否
【重磅新品】云米净水器600G小海豚升级版厨下式RO反渗透直饮家用,251102-559394373930081,待发货,1	,正常,2025-11-02 22:32:30,2025-11-03 22:32:30,,	,	,225501370546	,【24年新品】600G升级版6年长效,1600502140541	,厨房电器,净水器/净水设备及配件耗材,净水器,	,6923185653684	,6923185616399	,	,	,无售后或售后取消,,2025-11-02 22:32:30,	,,,,,,,否,否,	,否,	,,558.99	,0.0	,0.0	,0.0	,0.0	,0.0	,0.0	,0.0	,558.99	,558.99	,	,	,四川省,成都市,温江区,,,否,否,	,	,	,否,	,	,	,	,	,	,	,	,	,	,	,	,否,否,	,否,否,,	,否,	,否,,,否
【重磅新品】云米净水器600G小海豚升级版厨下式RO反渗透直饮家用,251102-475193689630022,已取消,1	,正常,	,	,,	,	,225501370546	,【24年新品】600G升级版6年长效,1600502140541	,厨房电器,净水器/净水设备及配件耗材,净水器,	,6923185653684	,6923185616399	,	,	,无售后或售后取消,,	,	,,,,,,,否,否,	,否,	,,558.99	,0.0	,0.0	,0.0	,0.0	,0.0	,0.0	,0.0	,558.99	,558.99	,	,	,****,****,****,****,,否,否,	,	,	,否,	,	,	,	,	,	,	,	,	,	,	,	,否,否,	,否,	,,	,否,	,否,,,否
【重磅新品】云米净水器600G小海豚升级版厨下式RO反渗透直饮家用,251102-259847678340317,待发货,1	,正常,2025-11-02 22:32:12,2025-11-03 22:32:12,,	,	,225501370546	,【24年新品】600G升级版6年长效,1600502140541	,厨房电器,净水器/净水设备及配件耗材,净水器,	,6923185653684	,6923185616399	,	,	,无售后或售后取消,,2025-11-02 22:32:12,	,,,,,,,否,否,	,否,	,,558.99	,0.0	,0.0	,0.0	,0.0	,0.0	,0.0	,0.0	,558.99	,558.99	,	,	,重庆市,重庆市,九龙坡区,,,否,否,	,	,	,否,	,	,	,	,	,	,	,	,	,	,	,	,否,否,	,否,是,3	,商家,否,	,否,,信用卡分期,否
VIOMI云米净水器1000G厨下直饮小体积净水机RO机智显龙头3秒满杯,251102-223524974080099,已取消,1	,正常,	,	,,	,	,842195971715	,1000G大通量RO净水器,1803617356458	,厨房电器,净水器/净水设备及配件耗材,净水器,	,6923185654247	,	,	,	,无售后或售后取消,,	,	,,,,,,,否,否,	,否,	,,806.0	,0.0	,7.0	,0.0	,0.0	,0.0	,0.0	,0.0	,799.0	,799.0	,	,	,****,****,****,****,,否,否,	,	,	,否,	,	,	,	,	,	,	,	,	,	,	,	,否,否,	,否,	,,	,否,	,否,,,否
【母婴直饮】云米净水器 SE 600G+ 新升级厨下式RO反渗透直饮家用,251102-559268555152186,未发货，退款成功,1	,正常,2025-11-02 22:29:51,2025-11-03 22:29:51,,	,	,819506595979	,【24年新品】600G升级版6年长效,1787046011387	,厨房电器,净水器/净水设备及配件耗材,净水器,	,6923185653684	,6923185616399	,	,	,退款成功,,2025-11-02 22:29:51,	,,,,,,,否,否,	,否,	,,748.0	,0.0	,129.6	,100.0	,0.0	,0.0	,0.0	,0.0	,518.4	,618.4	,	,	,广东省,深圳市,龙华区,,,否,否,	,	,	,否,	,	,	,	,	,	,	,	,	,	,	,	,否,否,	,否,否,,	,否,	,否,,,否
【母婴直饮】云米净水器 SE 600G+ 新升级厨下式RO反渗透直饮家用,251102-250819459391862,未发货，退款成功,1	,正常,2025-11-02 22:28:33,2025-11-03 22:28:33,,	,	,819506595979	,【24年新品】600G升级版6年长效,1787046011387	,厨房电器,净水器/净水设备及配件耗材,净水器,	,6923185653684	,6923185616399	,	,	,退款成功,,2025-11-02 22:28:33,	,,,,,,,否,否,	,否,	,,748.0	,0.0	,149.6	,0.0	,0.0	,0.0	,0.0	,0.0	,598.4	,598.4	,	,	,山东省,青岛市,莱西市,,,否,否,	,	,	,否,	,	,	,	,	,	,	,	,	,	,	,	,否,否,	,否,否,,	,否,	,否,,,否
云米即热净水器厨房家用直饮RO反渗透加热净饮一体机1000G,251102-686869747290821,已取消,1	,正常,	,	,,	,	,846360072018	,即热直饮 1000G大通量,1807240839093	,厨房电器,净水器/净水设备及配件耗材,净水器,	,6923185651116	,6923185651116	,	,	,无售后或售后取消,,	,	,,,,,,,否,否,	,否,	,,1618.0	,0.0	,324.0	,100.0	,0.0	,0.0	,0.0	,0.0	,1194.0	,1294.0	,	,	,****,****,****,****,,否,否,	,	,	,否,	,	,	,	,	,	,	,	,	,	,	,	,否,否,	,否,	,,	,否,	,否,,,否
【重磅新品】云米净水器600G小海豚升级版厨下式RO反渗透直饮家用,251102-382321344860768,待发货,1	,正常,2025-11-02 22:16:58,2025-11-03 22:16:58,,	,	,225501370546	,【24年新品】600G升级版6年长效,1600502140541	,厨房电器,净水器/净水设备及配件耗材,净水器,	,6923185653684	,6923185616399	,直播间中奖5元红包,	,无售后或售后取消,,2025-11-02 22:16:58,	,,,,,,,否,否,	,否,	,,558.99	,0.0	,0.0	,0.0	,0.0	,0.0	,0.0	,0.0	,558.99	,558.99	,	,	,新疆维吾尔自治区,自治区直辖县级行政区划,石河子市,,,否,否,	,	,	,否,	,	,	,	,	,	,	,	,	,	,	,	,否,是,	,否,否,,	,否,	,否,,,否
云米小厨宝6L电热水器厨房卫生间出水恒温储水式小型速热神器加热,251102-518185367961299,待发货,1	,正常,2025-11-02 22:16:05,2025-11-03 22:16:05,,	,	,208073193570	,热水即刻有-【6L】,1801828025682	,大家电,热水器,厨宝,	,6923185611233	,6923185611233	,	,	,无售后或售后取消,,2025-11-02 22:16:05,	,,,,,,,否,否,	,否,	,,254.0	,0.0	,0.0	,50.0	,0.0	,0.0	,0.0	,0.0	,204.0	,254.0	,	,	,江苏省,南京市,江宁区,,,否,否,	,	,	,否,	,	,	,	,	,	,	,	,	,	,	,	,否,否,	,否,否,,	,否,	,否,,,否
【重磅新品】云米净水器600G小海豚升级版厨下式RO反渗透直饮家用,251102-433271662882030,待发货,1	,正常,2025-11-02 22:13:37,2025-11-03 22:13:37,,	,	,225501370546	,【24年新品】600G升级版6年长效,1600502140541	,厨房电器,净水器/净水设备及配件耗材,净水器,	,6923185653684	,6923185616399	,	,	,无售后或售后取消,,2025-11-02 22:13:37,	,,,,,,,否,否,	,否,	,,558.99	,0.0	,0.0	,0.0	,0.0	,0.0	,0.0	,0.0	,558.99	,558.99	,	,	,山东省,菏泽市,单县,,,否,否,	,	,	,否,	,	,	,	,	,	,	,	,	,	,	,	,否,否,	,否,否,,	,否,	,否,,,否
云米即热净水器厨房家用直饮RO反渗透加热净饮一体机1000G,251102-627090440560138,待发货,1	,正常,2025-11-02 22:06:40,2025-11-03 22:06:40,,	,	,846360072018	,即热直饮 1000G大通量,1807240839093	,厨房电器,净水器/净水设备及配件耗材,净水器,	,6923185651116	,6923185651116	,	,	,无售后或售后取消,,2025-11-02 22:06:40,	,,,,,,,否,否,	,否,	,,1618.0	,0.0	,324.0	,6.0	,0.0	,0.0	,0.0	,0.0	,1288.0	,1294.0	,	,	,江苏省,常州市,天宁区,,,否,否,	,	,	,否,	,	,	,	,	,	,	,	,	,	,	,	,否,否,	,否,否,,	,否,	,否,,,否
VIOMI云米净水器1000G厨下直饮小体积净水机RO机智显龙头3秒满杯,251102-154476296603666,待发货,1	,正常,2025-11-02 22:06:48,2025-11-03 22:06:48,,	,	,842195971715	,1000G大通量RO净水器,1803617356458	,厨房电器,净水器/净水设备及配件耗材,净水器,	,6923185654247	,	,	,	,无售后或售后取消,,2025-11-02 22:06:48,	,,,,,,,否,否,	,否,	,,806.0	,0.0	,7.0	,0.0	,0.0	,0.0	,0.0	,0.0	,799.0	,799.0	,	,	,黑龙江省,大庆市,大同区,,,否,否,	,	,	,否,	,	,	,	,	,	,	,	,	,	,	,	,否,否,	,否,否,,	,否,	,否,,,否
【冷热直饮套装】云米净水器家用厨下管线机套装一键即热制冷直饮,251102-340587978291438,待发货,1	,正常,2025-11-02 21:58:49,2025-11-03 21:58:49,,	,	,480070620581	,【冷热净水直饮套装】新品净水器+冷热管线机,1620106386127	,厨房电器,净水器/净水设备及配件耗材,净水器,	,S2407170910001,	,	,	,无售后或售后取消,,2025-11-02 21:58:49,	,,,,,,,否,否,	,否,	,,1429.0	,0.0	,20.0	,0.0	,2.82	,0.0	,0.0	,0.0	,1409.0	,1409.0	,	,	,安徽省,马鞍山市,和县,,,否,否,	,	,	,否,	,	,	,	,	,	,	,	,	,	,	,	,否,否,	,否,否,,	,否,	,否,,,否
【母婴直饮】云米净水器 SE 600G+ 新升级厨下式RO反渗透直饮家用,251102-518520912292882,待发货,1	,正常,2025-11-02 21:56:56,2025-11-03 21:56:57,,	,	,819506595979	,【24年新品】600G升级版6年长效,1787046011387	,厨房电器,净水器/净水设备及配件耗材,净水器,	,6923185653684	,6923185616399	,后返，送TDS笔,	,无售后或售后取消,,2025-11-02 21:56:57,	,,,,,,,否,否,	,否,	,,748.0	,0.0	,134.64	,74.8	,0.0	,0.0	,0.0	,0.0	,538.56	,613.36	,	,	,内蒙古自治区,呼和浩特市,玉泉区,,,否,否,	,	,	,否,	,	,	,	,	,	,	,	,	,	,	,	,否,否,	,否,否,,	,否,	,否,,,否
【重磅新品】云米净水器600G小海豚升级版厨下式RO反渗透直饮家用,251102-191962857832721,待发货,1	,正常,2025-11-02 21:53:25,2025-11-03 21:53:25,,	,	,225501370546	,【24年新品】600G升级版6年长效,1600502140541	,厨房电器,净水器/净水设备及配件耗材,净水器,	,6923185653684	,6923185616399	,	,	,无售后或售后取消,,2025-11-02 21:53:25,	,,,,,,,否,否,	,否,	,,558.99	,0.0	,0.0	,0.99	,1.11	,0.0	,0.0	,0.0	,558.0	,558.99	,	,	,北京市,北京市,密云区,,,否,否,	,	,	,否,	,	,	,	,	,	,	,	,	,	,	,	,否,是,	,否,否,,	,否,	,否,,,否
云米即热净水器厨房家用直饮RO反渗透加热净饮一体机1000G,251102-656597369143090,已取消,1	,正常,	,	,,	,	,846360072018	,即热直饮 1000G大通量,1807240839093	,厨房电器,净水器/净水设备及配件耗材,净水器,	,6923185651116	,6923185651116	,	,	,无售后或售后取消,,	,	,,,,,,,否,否,	,否,	,,1618.0	,0.0	,324.0	,50.0	,0.0	,0.0	,0.0	,0.0	,1244.0	,1294.0	,	,	,****,****,****,****,,否,否,	,	,	,否,	,	,	,	,	,	,	,	,	,	,	,	,否,否,	,否,	,,	,否,	,否,,,否
【母婴直饮】云米净水器 SE 600G+ 新升级厨下式RO反渗透直饮家用,251102-225685062052882,未发货，退款成功,1	,正常,2025-11-02 21:54:56,2025-11-03 21:54:57,,	,	,819506595979	,【24年新品】600G升级版6年长效,1787046011387	,厨房电器,净水器/净水设备及配件耗材,净水器,	,6923185653684	,6923185616399	,后返，送TDS笔,	,退款成功,,2025-11-02 21:54:57,	,,,,,,,否,否,	,否,	,,748.0	,0.0	,134.64	,74.8	,0.0	,0.0	,0.0	,0.0	,538.56	,613.36	,	,	,内蒙古自治区,包头市,土默特右旗,,,否,否,	,	,	,否,	,	,	,	,	,	,	,	,	,	,	,	,否,否,	,否,否,,	,否,	,否,,,否
【母婴直饮】云米净水器 SE 600G+ 新升级厨下式RO反渗透直饮家用,251102-277012887952186,已取消,1	,正常,	,	,,	,	,819506595979	,【24年新品】600G升级版6年长效,1787046011387	,厨房电器,净水器/净水设备及配件耗材,净水器,	,6923185653684	,6923185616399	,	,	,无售后或售后取消,,	,	,,,,,,,否,否,	,否,	,,748.0	,0.0	,134.64	,74.8	,0.0	,0.0	,0.0	,0.0	,538.56	,613.36	,	,	,****,****,****,****,,否,否,	,	,	,否,	,	,	,	,	,	,	,	,	,	,	,	,否,否,	,否,	,,	,否,	,否,,,否
【重磅新品】云米净水器600G小海豚升级版厨下式RO反渗透直饮家用,251102-474721882523666,未发货，退款成功,1	,正常,2025-11-02 21:50:34,2025-11-03 21:50:34,,	,	,225501370546	,【24年新品】600G升级版6年长效,1600502140541	,厨房电器,净水器/净水设备及配件耗材,净水器,	,6923185653684	,6923185616399	,	,	,退款成功,,2025-11-02 21:50:34,	,,,,,,,否,否,	,否,	,,558.99	,0.0	,0.0	,0.0	,0.0	,0.0	,0.0	,0.0	,558.99	,558.99	,	,	,黑龙江省,大庆市,大同区,,,否,否,	,	,	,否,	,	,	,	,	,	,	,	,	,	,	,	,否,否,	,否,否,,	,否,	,否,,,否
【母婴直饮】云米净水器 SE 600G+ 新升级厨下式RO反渗透直饮家用,251102-226660226641747,待发货,1	,正常,2025-11-02 21:47:46,2025-11-03 21:47:46,,	,	,819506595979	,【24年新品】600G升级版6年长效,1787046011387	,厨房电器,净水器/净水设备及配件耗材,净水器,	,6923185653684	,6923185616399	,	,	,无售后或售后取消,,2025-11-02 21:47:46,	,,,,,,,否,否,	,否,	,,748.0	,0.0	,109.6	,200.0	,0.0	,0.0	,0.0	,0.0	,438.4	,638.4	,	,	,湖南省,衡阳市,蒸湘区,,,否,否,	,	,	,否,	,	,	,	,	,	,	,	,	,	,	,	,否,否,	,否,否,,	,否,	,否,,,否
云米即热净水器厨房家用直饮RO反渗透加热净饮一体机1000G,251102-209578934563017,待发货,1	,正常,2025-11-02 21:37:43,2025-11-03 21:37:43,,	,	,364990106384	,即热直饮 1000G大通量,1455593712429	,厨房电器,净水器/净水设备及配件耗材,净水器,	,6923185651116	,6923185651116	,后返，送原装复合滤芯1根,	,无售后或售后取消,,2025-11-02 21:37:43,	,,,,,,,否,否,	,否,	,,1668.85	,0.0	,300.39	,166.88	,0.0	,0.0	,0.0	,0.0	,1201.58	,1368.46	,	,	,山西省,太原市,迎泽区,,,否,否,	,	,	,否,	,	,	,	,	,	,	,	,	,	,	,	,否,否,	,否,是,3	,商家,否,	,否,,花呗分期,否
【重磅新品】云米净水器600G小海豚升级版厨下式RO反渗透直饮家用,251102-414617485620409,待发货,1	,正常,2025-11-02 21:33:40,2025-11-03 21:33:40,2025-11-04 23:59:59,	,	,225501370546	,【24年新品】600G升级版6年长效,1600502140541	,厨房电器,净水器/净水设备及配件耗材,净水器,	,6923185653684	,6923185616399	,	,	,无售后或售后取消,,2025-11-02 21:33:40,	,,,,,,,否,否,	,否,	,,558.99	,0.0	,0.0	,55.6	,0.0	,0.0	,0.0	,0.0	,503.39	,558.99	,	,	,浙江省,温州市,龙湾区,,,否,否,	,	,	,否,	,	,	,	,	,	,	,	,	,	,	,	,否,否,	,否,否,,	,否,	,否,,,否
云米26m³大吸力超薄鲲鹏抽油烟机聚能猛火灶智能家用厨房烟灶套装,251102-620274717022607,待发货,1	,正常,2025-11-02 21:32:58,2026-01-02 21:32:58,,	,	,702770659797	,26立方米大吸力烟机+5.2灶具（天）,1693886655641	,大家电,厨房大电,烟灶消套装,	,S2408271814001,	,后返，送清洁剂，返100,	,无售后或售后取消,,2025-11-02 21:32:58,	,,,,,,,否,否,	,否,	,,2099.0	,0.0	,0.0	,100.0	,0.0	,0.0	,0.0	,0.0	,1999.0	,2099.0	,	,	,广东省,汕头市,金平区,,,否,否,	,	,	,否,	,	,	,	,	,	,	,	,	,	,	,	,否,否,	,否,否,,	,否,	,否,,,否
【重磅新品】云米净水器600G小海豚升级版厨下式RO反渗透直饮家用,251102-181781163601382,已发货，待收货,1	,正常,2025-11-02 21:28:10,2025-11-03 21:28:10,,2025-11-03 09:14:18,	,225501370546	,【24年新品】600G升级版6年长效,1600502140541	,厨房电器,净水器/净水设备及配件耗材,净水器,	,6923185653684	,6923185616399	,	,	,无售后或售后取消,,2025-11-02 21:28:10,	,,,,,,,否,否,	,否,	,,558.99	,0.0	,0.0	,3.0	,0.0	,0.0	,0.0	,0.0	,555.99	,558.99	,JDV023823311921,京东大件物流,上海市,上海市,普陀区,,,否,否,	,	,	,否,	,	,	,	,	,	,	,	,	,	,	,	,否,否,	,否,否,,	,否,	,否,,,否
云米小厨宝6L电热水器厨房卫生间出水恒温储水式小型速热神器加热,251102-657855691193661,已取消,1	,正常,	,	,,	,	,208073193570	,热水即刻有-【6L】,1801828025682	,大家电,热水器,厨宝,	,6923185611233	,6923185611233	,	,	,无售后或售后取消,,	,	,,,,,,,否,否,	,否,	,,254.0	,0.0	,0.0	,30.0	,0.0	,0.0	,0.0	,0.0	,224.0	,254.0	,	,	,****,****,****,****,,否,否,	,	,	,否,	,	,	,	,	,	,	,	,	,	,	,	,否,否,	,否,	,,	,否,	,否,,,否
【母婴直饮】云米净水器 SE 600G+ 新升级厨下式RO反渗透直饮家用,251102-535119839660466,待发货,1	,正常,2025-11-02 21:18:09,2025-11-03 21:18:09,,	,	,819506595979	,【24年新品】600G升级版6年长效,1787046011387	,厨房电器,净水器/净水设备及配件耗材,净水器,	,6923185653684	,6923185616399	,	,	,无售后或售后取消,,2025-11-02 21:18:09,	,,,,,,,否,否,	,否,	,,748.0	,0.0	,149.6	,0.0	,0.0	,0.0	,0.0	,0.0	,598.4	,598.4	,	,	,江苏省,宿迁市,泗洪县,,,否,否,	,	,	,否,	,	,	,	,	,	,	,	,	,	,	,	,否,否,	,否,否,,	,否,	,否,,,否
【母婴直饮】云米净水器 SE 600G+ 新升级厨下式RO反渗透直饮家用,251102-130956706220466,待付款,1	,正常,	,	,,	,	,819506595979	,【24年新品】600G升级版6年长效,1787046011387	,厨房电器,净水器/净水设备及配件耗材,净水器,	,6923185653684	,6923185616399	,	,	,无售后或售后取消,,	,	,,,,,,,否,否,	,否,	,,748.0	,0.0	,149.6	,0.0	,0.0	,0.0	,0.0	,0.0	,598.4	,598.4	,	,	,****,****,****,****,,否,否,	,	,	,否,	,	,	,	,	,	,	,	,	,	,	,	,否,否,	,否,	,,	,否,	,否,,,否
【重磅新品】云米净水器600G小海豚升级版厨下式RO反渗透直饮家用,251102-509366833442696,已取消,1	,正常,	,	,,	,	,225501370546	,【24年新品】600G升级版6年长效,1600502140541	,厨房电器,净水器/净水设备及配件耗材,净水器,	,6923185653684	,6923185616399	,	,	,无售后或售后取消,,	,	,,,,,,,否,否,	,否,	,,558.99	,0.0	,0.0	,0.0	,0.0	,0.0	,0.0	,0.0	,558.99	,558.99	,	,	,****,****,****,****,,否,否,	,	,	,否,	,	,	,	,	,	,	,	,	,	,	,	,否,否,	,否,	,,	,否,	,否,,,否
【重磅新品】云米净水器600G小海豚升级版厨下式RO反渗透直饮家用,251102-578730135900422,已取消,1	,正常,	,	,,	,	,225501370546	,【24年新品】600G升级版6年长效,1600502140541	,厨房电器,净水器/净水设备及配件耗材,净水器,	,6923185653684	,6923185616399	,	,	,无售后或售后取消,,	,	,,,,,,,否,否,	,否,	,,558.99	,0.0	,0.0	,0.0	,0.0	,0.0	,0.0	,0.0	,558.99	,558.99	,	,	,****,****,****,****,,否,否,	,	,	,否,	,	,	,	,	,	,	,	,	,	,	,	,否,否,	,否,	,,	,否,	,否,,,否
【母婴直饮】云米净水器 SE 600G+ 新升级厨下式RO反渗透直饮家用,251102-505916966550576,待付款,1	,正常,	,	,,	,	,819506595979	,【24年新品】600G升级版6年长效,1787046011387	,厨房电器,净水器/净水设备及配件耗材,净水器,	,6923185653684	,6923185616399	,	,	,无售后或售后取消,,	,	,,,,,,,否,否,	,否,	,,748.0	,0.0	,143.6	,30.0	,0.0	,0.0	,0.0	,0.0	,574.4	,604.4	,	,	,****,****,****,****,,否,否,	,	,	,否,	,	,	,	,	,	,	,	,	,	,	,	,否,否,	,否,	,,	,否,	,否,,,否
云米净水器滤芯小蓝调小海豚600G+专用复合滤芯RO反渗透滤芯过滤,251102-677684221502986,待发货,1	,正常,2025-11-02 21:02:50,2025-11-03 21:02:50,,	,	,296967601341	,5in1复合滤芯 2年长效,1600193054565	,厨房电器,净水器/净水设备及配件耗材,净水器,	,6923185627425	,	,后返到手价99,	,无售后或售后取消,,2025-11-02 21:02:50,	,,,,,,,否,否,	,否,	,,299.0	,0.0	,0.0	,0.0	,0.0	,0.0	,0.0	,0.0	,299.0	,299.0	,	,	,广东省,东莞市,塘厦镇,,,否,否,	,	,	,否,	,	,	,	,	,	,	,	,	,	,	,	,否,是,	,否,否,,	,否,	,否,,,否
【重磅新品】云米净水器600G小海豚升级版厨下式RO反渗透直饮家用,251102-271843345982986,待发货,1	,正常,2025-11-02 21:00:46,2025-11-03 21:00:47,,	,	,225501370546	,【24年新品】600G升级版6年长效,1600502140541	,厨房电器,净水器/净水设备及配件耗材,净水器,	,6923185653684	,6923185616399	,	,	,无售后或售后取消,,2025-11-02 21:00:47,	,,,,,,,否,否,	,否,	,,558.99	,0.0	,0.0	,0.0	,0.0	,0.0	,0.0	,0.0	,558.99	,558.99	,	,	,广东省,东莞市,塘厦镇,,,否,否,	,	,	,否,	,	,	,	,	,	,	,	,	,	,	,	,否,是,	,否,否,,	,否,	,否,,,否
云米即热净水器厨房家用直饮RO反渗透加热净饮一体机1000G,251102-635143534932830,待发货,1	,正常,2025-11-02 21:00:07,2025-11-03 21:00:07,,	,	,364990106384	,即热直饮 1000G大通量,1455593712429	,厨房电器,净水器/净水设备及配件耗材,净水器,	,6923185651116	,6923185651116	,后返，送原装复合滤芯1根,	,无售后或售后取消,,2025-11-02 21:00:07,	,,,,,,,否,否,	,否,	,,1668.85	,0.0	,315.77	,90.0	,0.0	,0.0	,0.0	,0.0	,1263.08	,1353.08	,	,	,山东省,济南市,历城区,,,否,否,	,	,	,否,	,	,	,	,	,	,	,	,	,	,	,	,否,否,	,否,否,,	,否,	,否,,,否
【重磅新品】云米净水器600G小海豚升级版厨下式RO反渗透直饮家用,251102-193672057120660,未发货，退款成功,1	,正常,2025-11-02 20:59:05,2025-11-03 20:59:05,,	,	,225501370546	,【24年新品】600G升级版6年长效,1600502140541	,厨房电器,净水器/净水设备及配件耗材,净水器,	,6923185653684	,6923185616399	,	,	,退款成功,,2025-11-02 20:59:05,	,,,,,,,否,否,	,否,	,,558.99	,0.0	,0.0	,0.0	,0.2	,0.0	,0.0	,0.0	,558.99	,558.99	,	,	,湖北省,咸宁市,咸安区,,,否,否,	,	,	,否,	,	,	,	,	,	,	,	,	,	,	,	,否,否,	,否,否,,	,否,	,否,,,否
云米即热净水器厨房家用直饮RO反渗透加热净饮一体机1000G,251102-197551756852418,待发货,1	,正常,2025-11-02 20:55:39,2025-11-03 20:55:39,,	,	,846360072018	,即热直饮 1000G大通量,1807240839093	,厨房电器,净水器/净水设备及配件耗材,净水器,	,6923185651116	,6923185651116	,	,	,无售后或售后取消,,2025-11-02 20:55:39,	,,,,,,,否,否,	,否,中国香港集运/转运,,1618.0	,0.0	,324.0	,50.0	,0.0	,0.0	,0.0	,0.0	,1244.0	,1294.0	,	,	,广东省,东莞市,常平镇,,,否,否,	,	,	,否,	,	,	,	,	,	,	,	,	,	,	,	,否,否,	,否,否,,	,否,	,否,,,否
【重磅新品】云米净水器600G小海豚升级版厨下式RO反渗透直饮家用,251102-654227566100198,待发货,1	,正常,2025-11-02 20:53:39,2025-11-03 20:53:39,,	,	,225501370546	,【24年新品】600G升级版6年长效,1600502140541	,厨房电器,净水器/净水设备及配件耗材,净水器,	,6923185653684	,6923185616399	,	,	,无售后或售后取消,,2025-11-02 20:53:39,	,,,,,,,否,否,	,否,	,,558.99	,0.0	,0.0	,0.0	,0.0	,0.0	,0.0	,0.0	,558.99	,558.99	,	,	,河北省,承德市,双桥区,,,否,否,	,	,	,否,	,	,	,	,	,	,	,	,	,	,	,	,否,否,	,否,否,,	,否,	,否,,,否
【母婴直饮】云米净水器 SE 600G+ 新升级厨下式RO反渗透直饮家用,251102-430807499100000,待付款,1	,正常,	,	,,	,	,819506595979	,【24年新品】600G升级版6年长效,1787046011387	,厨房电器,净水器/净水设备及配件耗材,净水器,	,6923185653684	,6923185616399	,	,	,无售后或售后取消,,	,	,,,,,,,否,否,	,否,	,,748.0	,0.0	,134.64	,74.8	,0.0	,0.0	,0.0	,0.0	,538.56	,613.36	,	,	,****,****,****,****,,否,否,	,	,	,否,	,	,	,	,	,	,	,	,	,	,	,	,否,否,	,否,	,,	,否,	,否,,,否
云米净水器滤芯家用小海豚小蓝调小白龙系列专用RO反渗透,251102-430304192900367,待发货,1	,正常,2025-11-02 20:50:04,2025-11-04 20:50:04,,	,	,232467205433	,5in1 复合滤芯,1647394585330	,厨房电器,净水器/净水设备及配件耗材,净水器,	,6923185627425	,	,后返，到手价109,	,无售后或售后取消,,2025-11-02 20:50:04,	,,,,,,,否,否,	,否,	,,149.0	,0.0	,0.0	,0.0	,0.0	,0.0	,0.0	,0.0	,149.0	,149.0	,	,	,上海市,上海市,嘉定区,,,否,否,	,	,	,否,	,	,	,	,	,	,	,	,	,	,	,	,否,否,	,否,否,,	,否,	,否,,,否
【重磅新品】云米净水器600G小海豚升级版厨下式RO反渗透直饮家用,251102-649592849941719,待发货,1	,正常,2025-11-02 20:45:11,2025-11-03 20:45:11,,	,	,225501370546	,【24年新品】600G升级版6年长效,1600502140541	,厨房电器,净水器/净水设备及配件耗材,净水器,	,6923185653684	,6923185616399	,	,	,无售后或售后取消,,2025-11-02 20:45:11,	,,,,,,,否,否,	,否,	,,558.99	,0.0	,0.0	,0.0	,0.0	,0.0	,0.0	,0.0	,558.99	,558.99	,	,	,甘肃省,张掖市,甘州区,,,否,否,	,	,	,否,	,	,	,	,	,	,	,	,	,	,	,	,否,否,	,否,否,,	,否,	,否,,,否
【重磅新品】云米净水器600G小海豚升级版厨下式RO反渗透直饮家用,251102-525609286060046,已取消,1	,正常,	,	,,	,	,225501370546	,【24年新品】600G升级版6年长效,1600502140541	,厨房电器,净水器/净水设备及配件耗材,净水器,	,6923185653684	,6923185616399	,	,	,无售后或售后取消,,	,	,,,,,,,否,否,	,否,	,,558.99	,0.0	,0.0	,0.0	,0.0	,0.0	,0.0	,0.0	,558.99	,558.99	,	,	,****,****,****,****,,否,否,	,	,	,否,	,	,	,	,	,	,	,	,	,	,	,	,否,否,	,否,	,,	,否,	,否,,,否
云米净水器滤芯家用小海豚小蓝调小白龙系列专用RO反渗透,251102-448895413850417,待发货,1	,正常,2025-11-02 20:42:35,2025-11-04 20:42:35,,	,	,232467205433	,5in1 复合滤芯,1647394585330	,厨房电器,净水器/净水设备及配件耗材,净水器,	,6923185627425	,	,	,	,无售后或售后取消,,2025-11-02 20:42:35,	,,,,,,,否,否,	,否,	,,149.0	,0.0	,0.0	,7.0	,0.1	,0.0	,0.0	,0.0	,142.0	,149.0	,	,	,四川省,德阳市,什邡市,,,否,否,	,	,	,否,	,	,	,	,	,	,	,	,	,	,	,	,否,否,	,否,否,,	,否,	,否,,,否
云米即热净水器厨房家用直饮RO反渗透加热净饮一体机1000G,251102-415278077514045,待发货,1	,正常,2025-11-02 20:39:11,2025-11-03 20:39:12,,	,	,364990106384	,即热直饮 1000G大通量,1455593712429	,厨房电器,净水器/净水设备及配件耗材,净水器,	,6923185651116	,6923185651116	,	,	,无售后或售后取消,,2025-11-02 20:39:12,	,,,,,,,否,否,	,否,	,,1668.85	,0.0	,317.08	,83.44	,0.0	,0.0	,0.0	,0.0	,1268.33	,1351.77	,	,	,安徽省,淮南市,凤台县,,,否,否,	,	,	,否,	,	,	,	,	,	,	,	,	,	,	,	,否,是,	,否,否,,	,否,	,否,,,否
【重磅新品】云米净水器600G小海豚升级版厨下式RO反渗透直饮家用,251102-199690873203999,未发货，退款成功,1	,正常,2025-11-02 20:36:25,2025-11-03 20:36:25,,	,	,225501370546	,【24年新品】600G升级版6年长效,1600502140541	,厨房电器,净水器/净水设备及配件耗材,净水器,	,6923185653684	,6923185616399	,	,	,退款成功,,2025-11-02 20:36:25,	,,,,,,,否,否,	,否,	,,558.99	,0.0	,0.0	,0.0	,0.0	,0.0	,0.0	,0.0	,558.99	,558.99	,	,	,甘肃省,兰州市,城关区,,,否,否,	,	,	,否,	,	,	,	,	,	,	,	,	,	,	,	,否,否,	,否,否,,	,否,	,否,,,否
【重磅新品】云米净水器600G小海豚升级版厨下式RO反渗透直饮家用,251102-513812733470122,已发货，待收货,1	,正常,2025-11-02 20:33:47,2025-11-03 20:33:47,,2025-11-03 09:14:17,	,225501370546	,【24年新品】600G升级版6年长效,1600502140541	,厨房电器,净水器/净水设备及配件耗材,净水器,	,6923185653684	,6923185616399	,	,	,无售后或售后取消,,2025-11-02 20:33:47,	,,,,,,,否,否,	,否,	,,558.99	,0.0	,0.0	,55.89	,0.0	,0.0	,0.0	,0.0	,503.1	,558.99	,JDV023823311912,京东大件物流,湖北省,宜昌市,伍家岗区,,,否,否,	,	,	,否,	,	,	,	,	,	,	,	,	,	,	,	,否,否,	,否,否,,	,否,	,否,,,否
【母婴直饮】云米净水器 SE 600G+ 新升级厨下式RO反渗透直饮家用,251102-435473630851791,待发货,1	,正常,2025-11-02 20:33:35,2025-11-03 20:33:36,,	,	,819506595979	,【24年新品】600G升级版6年长效,1787046011387	,厨房电器,净水器/净水设备及配件耗材,净水器,	,6923185653684	,6923185616399	,	,	,无售后或售后取消,,2025-11-02 20:33:36,	,,,,,,,否,否,	,否,	,,748.0	,0.0	,129.6	,100.0	,0.0	,0.0	,0.0	,0.0	,518.4	,618.4	,	,	,福建省,厦门市,集美区,,,否,否,	,	,	,否,	,	,	,	,	,	,	,	,	,	,	,	,否,否,	,否,否,,	,否,	,否,,,否
云米顶侧大吸力蓝调油烟机家用厨房节能自清洁一级能效可挥手智控,251102-573749368390176,待发货,1	,正常,2025-11-02 20:31:56,2025-11-03 20:31:57,,	,	,657344402006	,云米智清洁挥手智控单烟机,1723825075586	,大家电,厨房大电,油烟机,	,6923185650973	,6923185650973	,	,	,无售后或售后取消,,2025-11-02 20:31:57,	,,,,,,,否,否,	,否,	,,839.0	,0.0	,42.0	,39.85	,0.0	,0.0	,0.0	,0.0	,757.15	,797.0	,	,	,海南省,省直辖县级行政区划,琼海市,,,否,否,	,	,	,否,	,	,	,	,	,	,	,	,	,	,	,	,否,否,	,否,否,,	,否,	,否,,,否
【重磅新品】云米净水器600G小海豚升级版厨下式RO反渗透直饮家用,251102-116465344080133,待发货,1	,正常,2025-11-02 20:26:06,2025-11-03 20:26:06,,	,	,225501370546	,【24年新品】600G升级版6年长效,1600502140541	,厨房电器,净水器/净水设备及配件耗材,净水器,	,6923185653684	,6923185616399	,	,	,无售后或售后取消,,2025-11-02 20:26:06,	,,,,,,,否,否,	,否,	,,558.99	,0.0	,0.0	,10.0	,0.0	,0.0	,0.0	,0.0	,548.99	,558.99	,	,	,四川省,成都市,双流区,,,否,否,	,	,	,否,	,	,	,	,	,	,	,	,	,	,	,	,否,否,	,否,否,,	,否,	,否,,,否
【母婴直饮】云米净水器 SE 600G+ 新升级厨下式RO反渗透直饮家用,251102-607838605740975,待发货,1	,正常,2025-11-02 20:24:49,2025-11-03 20:24:49,,	,	,819506595979	,【24年新品】600G升级版6年长效,1787046011387	,厨房电器,净水器/净水设备及配件耗材,净水器,	,6923185653684	,6923185616399	,	,	,无售后或售后取消,,2025-11-02 20:24:49,	,,,,,,,否,否,	,否,	,,748.0	,0.0	,139.6	,50.0	,0.0	,0.0	,0.0	,0.0	,558.4	,608.4	,	,	,安徽省,滁州市,天长市,,,否,否,	,	,	,否,	,	,	,	,	,	,	,	,	,	,	,	,否,否,	,否,否,,	,否,	,否,,,否
云米净水器滤芯小蓝调小海豚600G+专用复合滤芯RO反渗透滤芯过滤,251102-578321191263347,待发货,1	,正常,2025-11-02 20:24:36,2025-11-03 20:24:36,,	,	,296967601341	,5in1复合滤芯 2年长效,1600193054565	,厨房电器,净水器/净水设备及配件耗材,净水器,	,6923185627425	,	,后返，到手价99,	,无售后或售后取消,,2025-11-02 20:24:36,	,,,,,,,否,否,	,否,	,,299.0	,0.0	,0.0	,0.0	,0.0	,0.0	,0.0	,0.0	,299.0	,299.0	,	,	,北京市,北京市,丰台区,,,否,否,	,	,	,否,	,	,	,	,	,	,	,	,	,	,	,	,否,是,	,否,否,,	,否,	,否,,,否
云米净水器滤芯小蓝调小海豚600G+专用复合滤芯RO反渗透滤芯过滤,251102-633067354401018,待发货,1	,正常,2025-11-02 20:22:01,2025-11-03 20:22:01,,	,	,296967601341	,5in1复合滤芯 2年长效,1600193054565	,厨房电器,净水器/净水设备及配件耗材,净水器,	,6923185627425	,	,后返，到手价99,	,无售后或售后取消,,2025-11-02 20:22:01,	,,,,,,,否,否,	,否,	,,299.0	,0.0	,0.0	,0.0	,0.0	,0.0	,0.0	,0.0	,299.0	,299.0	,	,	,河南省,平顶山市,鲁山县,,,否,否,	,	,	,否,	,	,	,	,	,	,	,	,	,	,	,	,否,否,	,否,否,,	,否,	,否,,,否
【重磅新品】云米净水器600G小海豚升级版厨下式RO反渗透直饮家用,251102-060062471780645,待发货,1	,正常,2025-11-02 20:22:10,2025-11-03 20:22:10,,	,	,225501370546	,【24年新品】600G升级版6年长效,1600502140541	,厨房电器,净水器/净水设备及配件耗材,净水器,	,6923185653684	,6923185616399	,	,	,无售后或售后取消,,2025-11-02 20:22:10,	,,,,,,,否,否,	,否,	,,558.99	,0.0	,0.0	,0.0	,2.0	,0.0	,0.0	,0.0	,558.99	,558.99	,	,	,湖北省,荆州市,沙市区,,,否,否,	,	,	,否,	,	,	,	,	,	,	,	,	,	,	,	,是,是,	,否,否,,	,否,	,否,,,否
【重磅新品】云米净水器600G小海豚升级版厨下式RO反渗透直饮家用,251102-339497500961018,待发货,1	,正常,2025-11-02 20:20:09,2025-11-03 20:20:09,,	,	,225501370546	,【24年新品】600G升级版6年长效,1600502140541	,厨房电器,净水器/净水设备及配件耗材,净水器,	,6923185653684	,6923185616399	,	,	,无售后或售后取消,,2025-11-02 20:20:09,	,,,,,,,否,否,	,否,	,,558.99	,0.0	,0.0	,50.0	,0.0	,0.0	,0.0	,0.0	,508.99	,558.99	,	,	,河南省,平顶山市,鲁山县,,,否,否,	,	,	,否,	,	,	,	,	,	,	,	,	,	,	,	,否,否,	,否,否,,	,否,	,否,,,否
【重磅新品】云米净水器600G小海豚升级版厨下式RO反渗透直饮家用,251102-140677015903347,待发货,1	,正常,2025-11-02 20:17:48,2025-11-03 20:17:48,,	,	,225501370546	,【24年新品】600G升级版6年长效,1600502140541	,厨房电器,净水器/净水设备及配件耗材,净水器,	,6923185653684	,6923185616399	,	,	,无售后或售后取消,,2025-11-02 20:17:48,	,,,,,,,否,否,	,否,	,,558.99	,0.0	,0.0	,55.89	,0.0	,0.0	,0.0	,0.0	,503.1	,558.99	,	,	,北京市,北京市,丰台区,,,否,否,	,	,	,否,	,	,	,	,	,	,	,	,	,	,	,	,是,是,	,否,否,,	,否,	,否,,,否
云米净水器滤芯小蓝调小海豚600G+专用复合滤芯RO反渗透滤芯过滤,251102-294838659363471,待发货,1	,正常,2025-11-02 20:14:23,2025-11-03 20:14:23,,	,	,296967601341	,5in1复合滤芯 2年长效,1600193054565	,厨房电器,净水器/净水设备及配件耗材,净水器,	,6923185627425	,	,后返到手价99,	,无售后或售后取消,,2025-11-02 20:14:23,	,,,,,,,否,否,	,否,	,,299.0	,0.0	,0.0	,0.0	,0.0	,0.0	,0.0	,0.0	,299.0	,299.0	,	,	,广东省,佛山市,顺德区,,,否,否,	,	,	,否,	,	,	,	,	,	,	,	,	,	,	,	,否,否,	,否,否,,	,否,	,否,,,否
【重磅新品】云米净水器600G小海豚升级版厨下式RO反渗透直饮家用,251102-203570614563471,待发货,1	,正常,2025-11-02 20:11:04,2025-11-03 20:11:04,,	,	,225501370546	,【24年新品】600G升级版6年长效,1600502140541	,厨房电器,净水器/净水设备及配件耗材,净水器,	,6923185653684	,6923185616399	,	,	,无售后或售后取消,,2025-11-02 20:11:04,	,,,,,,,否,否,	,否,	,,558.99	,0.0	,0.0	,0.0	,0.0	,0.0	,0.0	,0.0	,558.99	,558.99	,	,	,广东省,佛山市,顺德区,,,否,否,	,	,	,否,	,	,	,	,	,	,	,	,	,	,	,	,否,否,	,否,否,,	,否,	,否,,,否
【重磅新品】云米净水器600G小海豚升级版厨下式RO反渗透直饮家用,251102-038304519821336,待发货,1	,正常,2025-11-02 20:07:41,2025-11-03 20:07:41,,	,	,225501370546	,【24年新品】600G升级版6年长效,1600502140541	,厨房电器,净水器/净水设备及配件耗材,净水器,	,6923185653684	,6923185616399	,	,	,无售后或售后取消,,2025-11-02 20:07:41,	,,,,,,,否,否,	,否,	,,558.99	,0.0	,0.0	,0.0	,0.0	,0.0	,0.0	,0.0	,558.99	,558.99	,	,	,广东省,潮州市,枫溪区,,,否,否,	,	,	,否,	,	,	,	,	,	,	,	,	,	,	,	,否,否,	,否,否,,	,否,	,否,,,否
云米顶侧大吸力蓝调油烟机家用厨房节能自清洁一级能效可挥手智控,251102-196849232302671,已取消,1	,正常,	,	,,	,	,657344402006	,云米智清洁挥手智控单烟机,1723825075586	,大家电,厨房大电,油烟机,	,6923185650973	,6923185650973	,	,	,无售后或售后取消,,	,	,,,,,,,否,否,	,否,	,,839.0	,0.0	,42.0	,39.85	,0.0	,0.0	,0.0	,0.0	,757.15	,797.0	,	,	,****,****,****,****,,否,否,	,	,	,否,	,	,	,	,	,	,	,	,	,	,	,	,否,否,	,否,	,,	,否,	,否,,,否
云米净水器滤芯小蓝调小海豚600G+专用复合滤芯RO反渗透滤芯过滤,251102-621270874543648,待发货,1	,正常,2025-11-02 19:59:04,2025-11-03 19:59:04,,	,	,296967601341	,5in1复合滤芯 2年长效,1600193054565	,厨房电器,净水器/净水设备及配件耗材,净水器,	,6923185627425	,	,	,	,无售后或售后取消,,2025-11-02 19:59:04,	,,,,,,,否,否,	,否,	,,299.0	,0.0	,0.0	,0.0	,0.0	,0.0	,0.0	,0.0	,299.0	,299.0	,	,	,广东省,佛山市,顺德区,,,否,否,	,	,	,否,	,	,	,	,	,	,	,	,	,	,	,	,否,否,	,否,否,,	,否,	,否,,,否
【重磅新品】云米净水器600G小海豚升级版厨下式RO反渗透直饮家用,251102-123878848943648,待发货,1	,正常,2025-11-02 19:58:23,2025-11-03 19:58:23,,	,	,225501370546	,【24年新品】600G升级版6年长效,1600502140541	,厨房电器,净水器/净水设备及配件耗材,净水器,	,6923185653684	,6923185616399	,	,	,无售后或售后取消,,2025-11-02 19:58:23,	,,,,,,,否,否,	,否,	,,558.99	,0.0	,0.0	,0.0	,0.0	,0.0	,0.0	,0.0	,558.99	,558.99	,	,	,广东省,佛山市,顺德区,,,否,否,	,	,	,否,	,	,	,	,	,	,	,	,	,	,	,	,否,否,	,否,否,,	,否,	,否,,,否
云米即热净水器厨房家用直饮RO反渗透加热净饮一体机1000G,251102-505382192644089,待发货,1	,正常,2025-11-02 19:57:47,2025-11-03 19:57:47,,	,	,846360072018	,即热直饮 1000G大通量,1807240839093	,厨房电器,净水器/净水设备及配件耗材,净水器,	,6923185651116	,6923185651116	,	,	,无售后或售后取消,,2025-11-02 19:57:47,	,,,,,,,否,否,	,否,	,,1618.0	,0.0	,324.0	,129.4	,2.32	,0.0	,0.0	,0.0	,1164.6	,1294.0	,	,	,浙江省,杭州市,萧山区,,,否,否,	,	,	,否,	,	,	,	,	,	,	,	,	,	,	,	,否,否,	,否,否,,	,否,	,否,,,否
云米即热净水器厨房家用直饮RO反渗透加热净饮一体机1000G,251102-559352389124089,已取消,1	,正常,	,	,,	,	,846360072018	,即热直饮 1000G大通量,1807240839093	,厨房电器,净水器/净水设备及配件耗材,净水器,	,6923185651116	,6923185651116	,	,	,无售后或售后取消,,	,	,,,,,,,否,否,	,否,	,,1618.0	,0.0	,324.0	,129.4	,0.0	,0.0	,0.0	,0.0	,1164.6	,1294.0	,	,	,****,****,****,****,,否,否,	,	,	,否,	,	,	,	,	,	,	,	,	,	,	,	,否,否,	,否,	,,	,否,	,否,,,否
【重磅新品】云米净水器600G小海豚升级版厨下式RO反渗透直饮家用,251102-213909532224029,待发货,1	,正常,2025-11-02 19:55:26,2025-11-10 19:55:26,,	,	,225501370546	,【24年新品】600G升级版6年长效,1600502140541	,厨房电器,净水器/净水设备及配件耗材,净水器,	,6923185653684	,6923185616399	,	,	,无售后或售后取消,,2025-11-02 19:55:26,	,,,,,,,否,否,	,否,	,,558.99	,0.0	,0.0	,55.89	,16.0	,0.0	,0.0	,0.0	,503.1	,558.99	,	,	,山东省,济南市,天桥区,,,否,否,	,	,	,否,	,	,	,	,	,	,	,	,	,	,	,	,否,否,	,否,是,3	,商家,否,	,否,,信用卡分期,否
【母婴直饮】云米净水器 SE 600G+ 新升级厨下式RO反渗透直饮家用,251102-235185139271295,待付款,1	,正常,	,	,,	,	,819506595979	,【24年新品】600G升级版6年长效,1787046011387	,厨房电器,净水器/净水设备及配件耗材,净水器,	,6923185653684	,6923185616399	,	,	,无售后或售后取消,,	,	,,,,,,,否,否,	,否,	,,748.0	,0.0	,130.15	,97.24	,0.0	,0.0	,0.0	,0.0	,520.61	,617.85	,	,	,****,****,****,****,,否,否,	,	,	,否,	,	,	,	,	,	,	,	,	,	,	,	,否,否,	,否,	,,	,否,	,否,,,否
云米净水器滤芯家用小海豚小蓝调小白龙系列专用RO反渗透,251102-058353314083966,待发货,1	,正常,2025-11-02 19:44:55,2025-11-04 19:44:55,,	,	,232467205433	,5in1 复合滤芯,1647394585330	,厨房电器,净水器/净水设备及配件耗材,净水器,	,6923185627425	,	,	,	,无售后或售后取消,,2025-11-02 19:44:55,	,,,,,,,否,否,	,否,	,,149.0	,0.0	,0.0	,0.0	,0.0	,0.0	,0.0	,0.0	,149.0	,149.0	,	,	,江苏省,镇江市,润州区,,,否,否,	,	,	,否,	,	,	,	,	,	,	,	,	,	,	,	,否,否,	,否,否,,	,否,	,否,,,否
【重磅新品】云米净水器600G小海豚升级版厨下式RO反渗透直饮家用,251102-601148638852637,待发货,1	,正常,2025-11-02 19:42:13,2025-11-03 19:42:13,,	,	,225501370546	,【24年新品】600G升级版6年长效,1600502140541	,厨房电器,净水器/净水设备及配件耗材,净水器,	,6923185653684	,6923185616399	,	,	,无售后或售后取消,,2025-11-02 19:42:13,	,,,,,,,否,否,	,否,	,,558.99	,0.0	,0.0	,5.0	,0.0	,0.0	,0.0	,0.0	,553.99	,558.99	,	,	,福建省,漳州市,龙海区,,,否,否,	,	,	,否,	,	,	,	,	,	,	,	,	,	,	,	,否,否,	,否,否,,	,否,	,否,,,否
【重磅新品】云米净水器600G小海豚升级版厨下式RO反渗透直饮家用,251102-008032162111549,待发货,1	,正常,2025-11-02 19:34:55,2025-11-03 19:34:55,,	,	,225501370546	,【24年新品】600G升级版6年长效,1600502140541	,厨房电器,净水器/净水设备及配件耗材,净水器,	,6923185653684	,6923185616399	,	,	,无售后或售后取消,,2025-11-02 19:34:55,	,,,,,,,否,否,	,否,	,,558.99	,0.0	,0.0	,0.0	,0.0	,0.0	,0.0	,0.0	,558.99	,558.99	,	,	,山东省,潍坊市,寿光市,,,否,否,	,	,	,否,	,	,	,	,	,	,	,	,	,	,	,	,否,否,	,否,否,,	,否,	,否,,,否
云米即热净水器厨房家用直饮RO反渗透加热净饮一体机1000G,251102-135937462671492,待发货,1	,正常,2025-11-02 19:26:26,2025-11-22 19:26:26,,	,	,846360072018	,即热直饮 1000G大通量,1807240839093	,厨房电器,净水器/净水设备及配件耗材,净水器,	,6923185651116	,6923185651116	,	,	,无售后或售后取消,,2025-11-02 19:26:26,	,,,,,,,否,否,	,否,	,,1618.0	,0.0	,324.0	,129.4	,0.0	,0.0	,0.0	,0.0	,1164.6	,1294.0	,	,	,上海市,上海市,杨浦区,,,否,否,	,	,	,否,	,	,	,	,	,	,	,	,	,	,	,	,否,否,	,否,否,,	,否,	,否,,,否
【重磅新品】云米净水器600G小海豚升级版厨下式RO反渗透直饮家用,251102-269526055290206,未发货，退款成功,1	,正常,2025-11-02 19:22:17,2025-11-03 19:22:17,,	,	,225501370546	,【24年新品】600G升级版6年长效,1600502140541	,厨房电器,净水器/净水设备及配件耗材,净水器,	,6923185653684	,6923185616399	,	,	,退款成功,,2025-11-02 19:22:17,	,,,,,,,否,否,	,否,	,,558.99	,0.0	,0.0	,55.89	,8.0	,0.0	,0.0	,0.0	,503.1	,558.99	,	,	,北京市,北京市,朝阳区,,,否,否,	,	,	,否,	,	,	,	,	,	,	,	,	,	,	,	,否,否,	,否,否,,	,否,	,否,,,否
云米小厨宝6L电热水器厨房卫生间出水恒温储水式小型速热神器加热,251102-140593108484060,待发货,1	,正常,2025-11-02 19:19:46,2025-11-03 19:19:46,,	,	,208073193570	,热水即刻有-【6L】,1801828025682	,大家电,热水器,厨宝,	,6923185611233	,6923185611233	,	,	,无售后或售后取消,,2025-11-02 19:19:46,	,,,,,,,否,否,	,否,	,,254.0	,0.0	,0.0	,0.0	,0.0	,0.0	,0.0	,0.0	,254.0	,254.0	,	,	,福建省,龙岩市,长汀县,,,否,否,	,	,	,否,	,	,	,	,	,	,	,	,	,	,	,	,否,否,	,否,否,,	,否,	,否,,,否
云米小厨宝6L电热水器厨房卫生间出水恒温储水式小型速热神器加热,251102-309717931524060,待付款,1	,正常,	,	,,	,	,208073193570	,热水即刻有-【6L】,1801828025682	,大家电,热水器,厨宝,	,6923185611233	,6923185611233	,	,	,无售后或售后取消,,	,	,,,,,,,否,否,	,否,	,,254.0	,0.0	,0.0	,0.0	,0.0	,0.0	,0.0	,0.0	,254.0	,254.0	,	,	,****,****,****,****,,否,否,	,	,	,否,	,	,	,	,	,	,	,	,	,	,	,	,否,否,	,否,	,,	,否,	,否,,,否
云米即热净水器厨房家用直饮RO反渗透加热净饮一体机1000G,251102-502435746110556,未发货，退款成功,1	,正常,2025-11-02 19:18:10,2025-11-03 19:18:10,,	,	,846360072018	,即热直饮 1000G大通量,1807240839093	,厨房电器,净水器/净水设备及配件耗材,净水器,	,6923185651116	,6923185651116	,聚水潭已取消发货 已退款   叶11.2,	,退款成功,,2025-11-02 19:18:10,	,,,,,,,否,否,	,否,	,,1618.0	,0.0	,324.0	,6.0	,2.57	,0.0	,0.0	,0.0	,1288.0	,1294.0	,	,	,重庆市,县,云阳县,,,否,否,	,	,	,否,	,	,	,	,	,	,	,	,	,	,	,	,否,是,	,否,否,,	,否,	,否,,,否
【重磅新品】云米净水器600G小海豚升级版厨下式RO反渗透直饮家用,251102-192969521442911,已取消,1	,正常,	,	,,	,	,225501370546	,【24年新品】600G升级版6年长效,1600502140541	,厨房电器,净水器/净水设备及配件耗材,净水器,	,6923185653684	,6923185616399	,	,	,无售后或售后取消,,	,	,,,,,,,否,否,	,否,	,,558.99	,0.0	,0.0	,0.0	,0.0	,0.0	,0.0	,0.0	,558.99	,558.99	,	,	,****,****,****,****,,否,否,	,	,	,否,	,	,	,	,	,	,	,	,	,	,	,	,否,否,	,否,	,,	,否,	,否,,,否
【重磅新品】云米净水器600G小海豚升级版厨下式RO反渗透直饮家用,251102-577597663550556,未发货，退款成功,1	,正常,2025-11-02 19:10:55,2025-11-03 19:10:55,,	,	,225501370546	,【24年新品】600G升级版6年长效,1600502140541	,厨房电器,净水器/净水设备及配件耗材,净水器,	,6923185653684	,6923185616399	,聚水潭已取消发货 已退款   叶11.2,	,退款成功,,2025-11-02 19:10:55,	,,,,,,,否,否,	,否,	,,558.99	,0.0	,0.0	,0.0	,1.11	,0.0	,0.0	,0.0	,558.99	,558.99	,	,	,重庆市,县,云阳县,,,否,否,	,	,	,否,	,	,	,	,	,	,	,	,	,	,	,	,否,是,	,否,否,,	,否,	,否,,,否
云米净水器滤芯小蓝调小海豚600G+专用复合滤芯RO反渗透滤芯过滤,251102-482785369680986,待发货,1	,正常,2025-11-02 19:10:16,2025-11-03 19:10:16,,	,	,296967601341	,5in1复合滤芯 2年长效,1600193054565	,厨房电器,净水器/净水设备及配件耗材,净水器,	,6923185627425	,	,后返到手价99,	,无售后或售后取消,,2025-11-02 19:10:16,	,,,,,,,否,否,	,否,	,,299.0	,0.0	,0.0	,0.0	,0.0	,0.0	,0.0	,0.0	,299.0	,299.0	,	,	,河南省,平顶山市,宝丰县,,,否,否,	,	,	,否,	,	,	,	,	,	,	,	,	,	,	,	,否,否,	,否,否,,	,否,	,否,,,否
【重磅新品】云米净水器600G小海豚升级版厨下式RO反渗透直饮家用,251102-124853993793980,待发货,1	,正常,2025-11-02 19:04:23,2025-11-03 19:04:24,,	,	,225501370546	,【24年新品】600G升级版6年长效,1600502140541	,厨房电器,净水器/净水设备及配件耗材,净水器,	,6923185653684	,6923185616399	,	,	,无售后或售后取消,,2025-11-02 19:04:24,	,,,,,,,否,否,	,否,	,,558.99	,0.0	,0.0	,0.0	,0.0	,0.0	,0.0	,0.0	,558.99	,558.99	,	,	,浙江省,金华市,永康市,,,否,否,	,	,	,否,	,	,	,	,	,	,	,	,	,	,	,	,否,否,	,否,否,,	,否,	,否,,,否
云米小厨宝6L电热水器厨房卫生间出水恒温储水式小型速热神器加热,251102-056350544270023,已取消,1	,正常,	,	,,	,	,208073193570	,热水即刻有-【6L】,1801828025682	,大家电,热水器,厨宝,	,6923185611233	,6923185611233	,	,	,无售后或售后取消,,	,	,,,,,,,否,否,	,否,	,,254.0	,0.0	,0.0	,0.0	,0.0	,0.0	,0.0	,0.0	,254.0	,254.0	,	,	,****,****,****,****,,否,否,	,	,	,否,	,	,	,	,	,	,	,	,	,	,	,	,否,否,	,否,	,,	,否,	,否,,,否
云米F3 1000G尼莫蓝/S2/Q5/X2系列净水器净饮机滤芯家用通用系列,251102-203224553001274,已发货，待收货,1	,正常,2025-11-02 18:49:30,2025-11-04 18:49:30,,2025-11-03 09:11:21,	,291141614396	,F3 5合1（更多适用型号见图）,1360766685918	,厨房电器,净水器/净水设备及配件耗材,净水器,	,6923185614258	,	,	,	,无售后或售后取消,,2025-11-02 18:49:30,	,,,,,,,否,否,	,否,	,,156.0	,0.0	,0.0	,0.0	,0.0	,0.0	,0.0	,0.0	,156.0	,156.0	,JDV023822813726,京东大件物流,广东省,深圳市,宝安区,,,否,否,	,	,	,否,	,	,	,	,	,	,	,	,	,	,	,	,否,否,	,否,否,,	,否,	,否,,,否
【重磅新品】云米净水器600G小海豚升级版厨下式RO反渗透直饮家用,251102-310347108721761,待发货,1	,正常,2025-11-02 18:48:39,2025-11-03 18:48:39,,	,	,225501370546	,【24年新品】600G升级版6年长效,1600502140541	,厨房电器,净水器/净水设备及配件耗材,净水器,	,6923185653684	,6923185616399	,	,	,无售后或售后取消,,2025-11-02 18:48:39,	,,,,,,,否,否,	,否,	,,558.99	,0.0	,0.0	,0.0	,1.11	,0.0	,0.0	,0.0	,558.99	,558.99	,	,	,北京市,北京市,怀柔区,,,否,否,	,	,	,否,	,	,	,	,	,	,	,	,	,	,	,	,否,否,	,否,否,,	,否,	,否,,,否
【重磅新品】云米净水器600G小海豚升级版厨下式RO反渗透直饮家用,251102-669169805682208,未发货，退款成功,1	,正常,2025-11-02 18:44:54,2025-11-03 18:44:54,,	,	,225501370546	,【24年新品】600G升级版6年长效,1600502140541	,厨房电器,净水器/净水设备及配件耗材,净水器,	,6923185653684	,6923185616399	,聚水潭已取消发货 已退款   叶11.2,	,退款成功,,2025-11-02 18:44:54,	,,,,,,,否,否,	,否,	,,558.99	,0.0	,0.0	,55.87	,0.99	,0.0	,0.0	,0.0	,503.12	,558.99	,	,	,辽宁省,阜新市,太平区,,,否,否,	,	,	,否,	,	,	,	,	,	,	,	,	,	,	,	,否,否,	,否,否,,	,否,	,否,,,否
云米即热净水器厨房家用直饮RO反渗透加热净饮一体机1000G,251102-632668853821358,待发货,1	,正常,2025-11-02 18:43:00,2025-11-03 18:43:01,,	,	,364990106384	,即热直饮 1000G大通量,1455593712429	,厨房电器,净水器/净水设备及配件耗材,净水器,	,6923185651116	,6923185651116	,	,	,无售后或售后取消,,2025-11-02 18:43:01,	,,,,,,,否,否,	,否,	,,1668.85	,0.0	,300.39	,166.88	,0.0	,0.0	,0.0	,0.0	,1201.58	,1368.46	,	,	,北京市,北京市,海淀区,,,否,否,	,	,	,否,	,	,	,	,	,	,	,	,	,	,	,	,否,否,	,否,否,,	,否,	,否,,,否
【重磅新品】云米净水器600G小海豚升级版厨下式RO反渗透直饮家用,251102-265226821153723,已取消,1	,正常,	,	,,	,	,225501370546	,【24年新品】600G升级版6年长效,1600502140541	,厨房电器,净水器/净水设备及配件耗材,净水器,	,6923185653684	,6923185616399	,	,	,无售后或售后取消,,	,	,,,,,,,否,否,	,否,	,,558.99	,0.0	,0.0	,0.0	,0.0	,0.0	,0.0	,0.0	,558.99	,558.99	,	,	,****,****,****,****,,否,否,	,	,	,否,	,	,	,	,	,	,	,	,	,	,	,	,否,否,	,否,	,,	,否,	,否,,,否
云米即热净水器厨房家用直饮RO反渗透加热净饮一体机1000G,251102-459486041652189,待发货,1	,正常,2025-11-02 18:27:13,2025-11-03 18:27:13,,	,	,846360072018	,即热直饮 1000G大通量,1807240839093	,厨房电器,净水器/净水设备及配件耗材,净水器,	,6923185651116	,6923185651116	,	,	,无售后或售后取消,,2025-11-02 18:27:13,	,,,,,,,否,否,	,否,	,,1618.0	,0.0	,324.0	,50.0	,0.0	,0.0	,0.0	,0.0	,1244.0	,1294.0	,	,	,广东省,深圳市,龙岗区,,,否,否,	,	,	,否,	,	,	,	,	,	,	,	,	,	,	,	,否,否,	,否,否,,	,否,	,否,,,否
【重磅新品】云米净水器600G小海豚升级版厨下式RO反渗透直饮家用,251102-537059725633580,待发货,1	,正常,2025-11-02 18:25:36,2025-11-03 18:25:36,,	,	,225501370546	,【24年新品】600G升级版6年长效,1600502140541	,厨房电器,净水器/净水设备及配件耗材,净水器,	,6923185653684	,6923185616399	,	,	,无售后或售后取消,,2025-11-02 18:25:36,	,,,,,,,否,否,	,否,	,,558.99	,0.0	,0.0	,0.0	,0.0	,0.0	,0.0	,0.0	,558.99	,558.99	,	,	,山东省,烟台市,芝罘区,,,否,否,	,	,	,否,	,	,	,	,	,	,	,	,	,	,	,	,否,是,	,否,否,,	,否,	,否,,,否
【重磅新品】云米净水器600G小海豚升级版厨下式RO反渗透直饮家用,251102-686188214591043,待发货,1	,正常,2025-11-02 18:25:37,2025-11-03 18:25:37,,	,	,225501370546	,【24年新品】600G升级版6年长效,1600502140541	,厨房电器,净水器/净水设备及配件耗材,净水器,	,6923185653684	,6923185616399	,送tds笔,	,无售后或售后取消,,2025-11-02 18:25:37,	,,,,,,,否,否,	,否,	,,558.99	,0.0	,0.0	,0.0	,0.0	,0.0	,0.0	,0.0	,558.99	,558.99	,	,	,广东省,佛山市,顺德区,,,否,否,	,	,	,否,	,	,	,	,	,	,	,	,	,	,	,	,否,否,	,否,是,3	,商家,否,	,否,,花呗分期,否
【母婴直饮】云米净水器 SE 600G+ 新升级厨下式RO反渗透直饮家用,251102-187967772172775,待发货,1	,正常,2025-11-02 18:22:33,2025-11-03 18:22:33,,	,	,819506595979	,【24年新品】600G升级版6年长效,1787046011387	,厨房电器,净水器/净水设备及配件耗材,净水器,	,6923185653684	,6923185616399	,	,	,无售后或售后取消,,2025-11-02 18:22:33,	,,,,,,,否,否,	,否,	,,748.0	,0.0	,134.64	,74.8	,0.0	,0.0	,0.0	,0.0	,538.56	,613.36	,	,	,浙江省,温州市,洞头区,,,否,否,	,	,	,否,	,	,	,	,	,	,	,	,	,	,	,	,否,是,	,否,否,,	,否,	,否,,,否
【重磅新品】云米净水器600G小海豚升级版厨下式RO反渗透直饮家用,251102-076881641783969,未发货，退款成功,1	,正常,2025-11-02 18:23:07,2025-11-03 18:23:07,,	,	,225501370546	,【24年新品】600G升级版6年长效,1600502140541	,厨房电器,净水器/净水设备及配件耗材,净水器,	,6923185653684	,6923185616399	,	,	,退款成功,,2025-11-02 18:23:07,	,,,,,,,否,否,	,否,	,,558.99	,0.0	,0.0	,0.0	,0.0	,0.0	,0.0	,0.0	,558.99	,558.99	,	,	,甘肃省,天水市,清水县,,,否,否,	,	,	,否,	,	,	,	,	,	,	,	,	,	,	,	,否,否,	,否,是,3	,商家,否,	,否,,信用卡分期,否
【重磅新品】云米净水器600G小海豚升级版厨下式RO反渗透直饮家用,251102-235216576123035,待发货,1	,正常,2025-11-02 18:21:17,2025-11-03 18:21:17,,	,	,225501370546	,【24年新品】600G升级版6年长效,1600502140541	,厨房电器,净水器/净水设备及配件耗材,净水器,	,6923185653684	,6923185616399	,	,	,无售后或售后取消,,2025-11-02 18:21:17,	,,,,,,,否,否,	,否,	,,558.99	,0.0	,0.0	,0.0	,0.0	,0.0	,0.0	,0.0	,558.99	,558.99	,	,	,广东省,广州市,荔湾区,,,否,否,	,	,	,否,	,	,	,	,	,	,	,	,	,	,	,	,否,否,	,否,否,,	,否,	,否,,,否
【重磅新品】云米净水器600G小海豚升级版厨下式RO反渗透直饮家用,251102-616227151511065,已取消,1	,正常,	,	,,	,	,225501370546	,【24年新品】600G升级版6年长效,1600502140541	,厨房电器,净水器/净水设备及配件耗材,净水器,	,6923185653684	,6923185616399	,	,	,无售后或售后取消,,	,	,,,,,,,否,否,	,否,	,,558.99	,0.0	,0.0	,0.0	,0.0	,0.0	,0.0	,0.0	,558.99	,558.99	,	,	,****,****,****,****,,否,否,	,	,	,否,	,	,	,	,	,	,	,	,	,	,	,	,否,否,	,否,	,,	,否,	,否,,,否
云米小厨宝6L电热水器厨房卫生间出水恒温储水式小型速热神器加热,251102-111432209972516,已发货，待收货,1	,正常,2025-11-02 18:17:32,2025-11-03 18:17:32,,2025-11-03 09:11:22,	,208073193570	,热水即刻有-【6L】,1801828025682	,大家电,热水器,厨宝,	,6923185611233	,6923185611233	,	,	,无售后或售后取消,,2025-11-02 18:17:32,	,,,,,,,否,否,	,否,	,,254.0	,0.0	,0.0	,0.0	,0.2	,0.0	,0.0	,0.0	,254.0	,254.0	,JDV023823329290,京东大件物流,湖北省,黄石市,黄石港区,,,否,否,	,	,	,否,	,	,	,	,	,	,	,	,	,	,	,	,否,否,	,否,否,,	,否,	,否,,,否
【母婴直饮】云米净水器 SE 600G+ 新升级厨下式RO反渗透直饮家用,251102-460366877040859,待发货,1	,正常,2025-11-02 18:10:59,2025-11-03 18:10:59,,	,	,819506595979	,【24年新品】600G升级版6年长效,1787046011387	,厨房电器,净水器/净水设备及配件耗材,净水器,	,6923185653684	,6923185616399	,	,	,无售后或售后取消,,2025-11-02 18:10:59,	,,,,,,,否,否,	,否,	,,748.0	,0.0	,134.64	,74.8	,0.0	,0.0	,0.0	,0.0	,538.56	,613.36	,	,	,广东省,广州市,番禺区,,,否,否,	,	,	,否,	,	,	,	,	,	,	,	,	,	,	,	,否,否,	,否,否,,	,否,	,否,,,否
Viomi云米净水器1000G厨下式RO反渗透直饮过滤器净饮小海豚2,251102-384072445590409,待发货,1	,正常,2025-11-02 18:09:42,2025-11-03 18:09:42,,	,	,205458105137	,小海豚2包安装1000G大加仑,1802849942800	,厨房电器,净水器/净水设备及配件耗材,净水器,	,6923185654865	,	,	,	,无售后或售后取消,,2025-11-02 18:09:42,	,,,,,,,否,否,	,否,	,,863.0	,0.0	,0.0	,0.0	,0.0	,0.0	,0.0	,0.0	,863.0	,863.0	,	,	,四川省,乐山市,市中区,,,否,否,	,	,	,否,	,	,	,	,	,	,	,	,	,	,	,	,否,否,	,否,否,,	,否,	,否,,,否
【重磅新品】云米净水器600G小海豚升级版厨下式RO反渗透直饮家用,251102-041607513731791,已取消,1	,正常,	,	,,	,	,225501370546	,【24年新品】600G升级版6年长效,1600502140541	,厨房电器,净水器/净水设备及配件耗材,净水器,	,6923185653684	,6923185616399	,	,	,无售后或售后取消,,	,	,,,,,,,否,否,	,否,	,,558.99	,0.0	,0.0	,0.0	,0.0	,0.0	,0.0	,0.0	,558.99	,558.99	,	,	,****,****,****,****,,否,否,	,	,	,否,	,	,	,	,	,	,	,	,	,	,	,	,否,否,	,否,	,,	,否,	,否,,,否
【重磅新品】云米净水器600G小海豚升级版厨下式RO反渗透直饮家用,251102-246121828673580,已取消,1	,正常,	,	,,	,	,225501370546	,【24年新品】600G升级版6年长效,1600502140541	,厨房电器,净水器/净水设备及配件耗材,净水器,	,6923185653684	,6923185616399	,	,	,无售后或售后取消,,	,	,,,,,,,否,否,	,否,	,,558.99	,0.0	,0.0	,0.0	,0.0	,0.0	,0.0	,0.0	,558.99	,558.99	,	,	,****,****,****,****,,否,否,	,	,	,否,	,	,	,	,	,	,	,	,	,	,	,	,否,否,	,否,	,,	,否,	,否,,,否
【重磅新品】云米净水器600G小海豚升级版厨下式RO反渗透直饮家用,251102-311993352493426,已发货，待收货,1	,正常,2025-11-02 18:03:49,2025-11-03 18:03:49,,2025-11-03 09:14:18,	,225501370546	,【24年新品】600G升级版6年长效,1600502140541	,厨房电器,净水器/净水设备及配件耗材,净水器,	,6923185653684	,6923185616399	,直播间中奖10元红包,	,无售后或售后取消,,2025-11-02 18:03:49,	,,,,,,,否,否,	,否,	,,558.99	,0.0	,0.0	,0.0	,0.0	,0.0	,0.0	,0.0	,558.99	,558.99	,JDV023823311192,京东大件物流,安徽省,淮北市,濉溪县,,,否,否,	,	,	,否,	,	,	,	,	,	,	,	,	,	,	,	,是,是,	,否,否,,	,否,	,否,,,否
【重磅新品】云米净水器600G小海豚升级版厨下式RO反渗透直饮家用,251102-052900687403610,已取消,1	,正常,	,	,,	,	,225501370546	,【24年新品】600G升级版6年长效,1600502140541	,厨房电器,净水器/净水设备及配件耗材,净水器,	,6923185653684	,6923185616399	,	,	,无售后或售后取消,,	,	,,,,,,,否,否,	,否,	,,558.99	,0.0	,0.0	,20.0	,0.0	,0.0	,0.0	,0.0	,538.99	,558.99	,	,	,****,****,****,****,,否,否,	,	,	,否,	,	,	,	,	,	,	,	,	,	,	,	,否,否,	,否,	,,	,否,	,否,,,否
【母婴直饮】云米净水器 SE 600G+ 新升级厨下式RO反渗透直饮家用,251102-033481091492437,待发货,1	,正常,2025-11-02 18:02:52,2025-11-03 18:02:53,,	,	,819506595979	,【24年新品】600G升级版6年长效,1787046011387	,厨房电器,净水器/净水设备及配件耗材,净水器,	,6923185653684	,6923185616399	,送tds笔,	,无售后或售后取消,,2025-11-02 18:02:53,	,,,,,,,否,否,	,否,	,,748.0	,0.0	,129.6	,100.0	,0.0	,0.0	,0.0	,0.0	,518.4	,618.4	,	,	,重庆市,重庆市,沙坪坝区,,,否,否,	,	,	,否,	,	,	,	,	,	,	,	,	,	,	,	,否,否,	,否,否,,	,否,	,否,,,否
Viomi云米净水器1000G厨下式RO反渗透直饮过滤器净饮小海豚2,251102-559897648674041,待发货,1	,正常,2025-11-02 18:01:51,2025-11-03 18:01:51,,	,	,205458105137	,小海豚2包安装1000G大加仑,1802849942800	,厨房电器,净水器/净水设备及配件耗材,净水器,	,6923185654865	,	,	,	,无售后或售后取消,,2025-11-02 18:01:51,	,,,,,,,否,否,	,否,	,,863.0	,0.0	,0.0	,5.0	,0.0	,0.0	,0.0	,0.0	,858.0	,863.0	,	,	,四川省,绵阳市,安州区,,,否,否,	,	,	,否,	,	,	,	,	,	,	,	,	,	,	,	,否,否,	,否,否,,	,否,	,否,,,否
云米净水器滤芯小蓝调小海豚600G+专用复合滤芯RO反渗透滤芯过滤,251102-102204730893590,待发货,1	,正常,2025-11-02 18:01:42,2025-11-03 18:01:42,,	,	,296967601341	,5in1复合滤芯 2年长效,1600193054565	,厨房电器,净水器/净水设备及配件耗材,净水器,	,6923185627425	,	,后返，到手价99,	,无售后或售后取消,,2025-11-02 18:01:42,	,,,,,,,否,否,	,否,	,,299.0	,0.0	,0.0	,9.0	,0.0	,0.0	,0.0	,0.0	,290.0	,299.0	,	,	,广东省,佛山市,顺德区,,,否,否,	,	,	,否,	,	,	,	,	,	,	,	,	,	,	,	,否,否,	,否,否,,	,否,	,否,,,否
云米净水器滤芯小蓝调小海豚600G+专用复合滤芯RO反渗透滤芯过滤,251102-643123146253590,未发货，退款成功,1	,正常,2025-11-02 17:57:10,2025-11-03 17:57:10,,	,	,296967601341	,5in1复合滤芯 2年长效,1600193054565	,厨房电器,净水器/净水设备及配件耗材,净水器,	,6923185627425	,	,后返，到手价99==聚水潭已取消发货 已退款   叶11.2,	,退款成功,,2025-11-02 17:57:10,	,,,,,,,否,否,	,否,	,,299.0	,0.0	,0.0	,9.0	,0.0	,0.0	,0.0	,0.0	,290.0	,299.0	,	,	,广东省,广州市,南沙区,,,否,否,	,	,	,否,	,	,	,	,	,	,	,	,	,	,	,	,否,否,	,否,否,,	,否,	,否,,,否
云米即热净水器厨房家用直饮RO反渗透加热净饮一体机1000G,251102-549590146612189,未发货，退款成功,1	,正常,2025-11-02 17:56:16,2025-11-03 17:56:16,,	,	,846360072018	,即热直饮 1000G大通量,1807240839093	,厨房电器,净水器/净水设备及配件耗材,净水器,	,6923185651116	,6923185651116	,拦截	ZX2511020063907,	,退款成功,,2025-11-02 17:56:16,	,,,,,,,否,否,	,否,	,,1618.0	,0.0	,324.0	,6.0	,38.0	,0.0	,0.0	,0.0	,1288.0	,1294.0	,	,	,广东省,深圳市,龙岗区,,,否,否,	,	,	,否,	,	,	,	,	,	,	,	,	,	,	,	,否,否,	,否,是,3	,消费者,否,	,否,,信用卡分期,否
云米净水器滤芯小蓝调小海豚600G+专用复合滤芯RO反渗透滤芯过滤,251102-682591526413590,已取消,1	,正常,	,	,,	,	,296967601341	,5in1复合滤芯 2年长效,1600193054565	,厨房电器,净水器/净水设备及配件耗材,净水器,	,6923185627425	,	,	,	,无售后或售后取消,,	,	,,,,,,,否,否,	,否,	,,299.0	,0.0	,0.0	,0.0	,0.0	,0.0	,0.0	,0.0	,299.0	,299.0	,	,	,****,****,****,****,,否,否,	,	,	,否,	,	,	,	,	,	,	,	,	,	,	,	,否,否,	,否,	,,	,否,	,否,,,否
【重磅新品】云米净水器600G小海豚升级版厨下式RO反渗透直饮家用,251102-516780276050191,已发货，待收货,1	,正常,2025-11-02 17:52:24,2025-11-03 17:52:24,,2025-11-03 09:14:18,	,225501370546	,【24年新品】600G升级版6年长效,1600502140541	,厨房电器,净水器/净水设备及配件耗材,净水器,	,6923185653684	,6923185616399	,后返，送TDS笔 ,	,无售后或售后取消,,2025-11-02 17:52:24,	,,,,,,,否,否,	,否,	,,558.99	,0.0	,0.0	,0.0	,0.0	,0.0	,0.0	,0.0	,558.99	,558.99	,JDV023823301464,京东大件物流,湖北省,黄冈市,黄州区,,,否,否,	,	,	,否,	,	,	,	,	,	,	,	,	,	,	,	,否,否,	,否,否,,	,否,	,否,,,否
云米净水器滤芯小蓝调小海豚600G+专用复合滤芯RO反渗透滤芯过滤,251102-087283546450191,待发货,1	,正常,2025-11-02 17:52:24,2025-11-03 17:52:24,,	,	,296967601341	,5in1复合滤芯 2年长效,1600193054565	,厨房电器,净水器/净水设备及配件耗材,净水器,	,6923185627425	,	,后返，到手价99,	,无售后或售后取消,,2025-11-02 17:52:24,	,,,,,,,否,否,	,否,	,,299.0	,0.0	,0.0	,13.0	,0.0	,0.0	,0.0	,0.0	,286.0	,299.0	,	,	,湖北省,黄冈市,黄州区,,,否,否,	,	,	,否,	,	,	,	,	,	,	,	,	,	,	,	,否,否,	,否,否,,	,否,	,否,,,否
【母婴直饮】云米净水器 SE 600G+ 新升级厨下式RO反渗透直饮家用,251102-207324485133590,待发货,1	,正常,2025-11-02 17:43:12,2025-11-03 17:43:12,,	,	,819506595979	,【24年新品】600G升级版6年长效,1787046011387	,厨房电器,净水器/净水设备及配件耗材,净水器,	,6923185653684	,6923185616399	,	,	,无售后或售后取消,,2025-11-02 17:43:12,	,,,,,,,否,否,	,否,	,,748.0	,0.0	,130.15	,97.24	,0.0	,0.0	,0.0	,0.0	,520.61	,617.85	,	,	,广东省,佛山市,顺德区,,,否,否,	,	,	,否,	,	,	,	,	,	,	,	,	,	,	,	,否,否,	,否,否,,	,否,	,否,,,否
【母婴直饮】云米净水器 SE 600G+ 新升级厨下式RO反渗透直饮家用,251102-588335050253590,未发货，退款成功,1	,正常,2025-11-02 17:42:03,2025-11-03 17:42:03,,	,	,819506595979	,【24年新品】600G升级版6年长效,1787046011387	,厨房电器,净水器/净水设备及配件耗材,净水器,	,6923185653684	,6923185616399	,聚水潭已取消发货 已退款   叶11.2,	,退款成功,,2025-11-02 17:42:03,	,,,,,,,否,否,	,否,	,,748.0	,0.0	,130.15	,97.24	,0.0	,0.0	,0.0	,0.0	,520.61	,617.85	,	,	,广东省,广州市,南沙区,,,否,否,	,	,	,否,	,	,	,	,	,	,	,	,	,	,	,	,否,否,	,否,否,,	,否,	,否,,,否
【重磅新品】云米净水器600G小海豚升级版厨下式RO反渗透直饮家用,251102-593053694242960,待发货,1	,正常,2025-11-02 17:41:31,2025-11-03 17:41:31,,	,	,225501370546	,【24年新品】600G升级版6年长效,1600502140541	,厨房电器,净水器/净水设备及配件耗材,净水器,	,6923185653684	,6923185616399	,	,	,无售后或售后取消,,2025-11-02 17:41:31,	,,,,,,,否,否,	,否,	,,558.99	,0.0	,0.0	,55.89	,0.0	,0.0	,0.0	,0.0	,503.1	,558.99	,	,	,福建省,漳州市,南靖县,,,否,否,	,	,	,否,	,	,	,	,	,	,	,	,	,	,	,	,否,是,	,否,是,3	,商家,否,	,否,,花呗分期,否
云米净水器滤芯小蓝调小海豚600G+专用复合滤芯RO反渗透滤芯过滤,251102-172239143224031,已发货，待收货,1	,正常,2025-11-02 17:39:04,2025-11-03 17:39:04,,2025-11-02 20:18:25,	,296967601341	,5in1复合滤芯 2年长效,1600193054565	,厨房电器,净水器/净水设备及配件耗材,净水器,	,6923185627425	,	,后返到手价99,	,无售后或售后取消,,2025-11-02 17:39:04,	,,,,,,,否,否,	,否,	,,299.0	,0.0	,0.0	,0.0	,0.0	,0.0	,0.0	,0.0	,299.0	,299.0	,JDV023816579559,京东大件物流,山东省,潍坊市,潍城区,,,否,否,	,	,	,否,	,	,	,	,	,	,	,	,	,	,	,	,否,否,	,否,否,,	,否,	,否,,,否
云米即热净水器厨房家用直饮RO反渗透加热净饮一体机1000G,251102-255055675782086,已取消,1	,正常,	,	,,	,	,846360072018	,即热直饮 1000G大通量,1807240839093	,厨房电器,净水器/净水设备及配件耗材,净水器,	,6923185651116	,6923185651116	,	,	,无售后或售后取消,,	,	,,,,,,,否,否,	,否,	,,1618.0	,0.0	,324.0	,6.0	,0.0	,0.0	,0.0	,0.0	,1288.0	,1294.0	,	,	,****,****,****,****,,否,否,	,	,	,否,	,	,	,	,	,	,	,	,	,	,	,	,否,否,	,否,	,,	,否,	,否,,,否
【重磅新品】云米净水器600G小海豚升级版厨下式RO反渗透直饮家用,251102-152033042070576,已取消,1	,正常,	,	,,	,	,225501370546	,【24年新品】600G升级版6年长效,1600502140541	,厨房电器,净水器/净水设备及配件耗材,净水器,	,6923185653684	,6923185616399	,	,	,无售后或售后取消,,	,	,,,,,,,否,否,	,否,	,,558.99	,0.0	,0.0	,0.0	,0.0	,0.0	,0.0	,0.0	,558.99	,558.99	,	,	,****,****,****,****,,否,否,	,	,	,否,	,	,	,	,	,	,	,	,	,	,	,	,否,否,	,否,	,,	,否,	,否,,,否
【重磅新品】云米净水器600G小海豚升级版厨下式RO反渗透直饮家用,251102-351545628173590,未发货，退款成功,1	,正常,2025-11-02 17:32:27,2025-11-03 17:32:27,,	,	,225501370546	,【24年新品】600G升级版6年长效,1600502140541	,厨房电器,净水器/净水设备及配件耗材,净水器,	,6923185653684	,6923185616399	,聚水潭已取消发货 已退款   叶11.2,	,退款成功,,2025-11-02 17:32:27,	,,,,,,,否,否,	,否,	,,558.99	,0.0	,0.0	,0.0	,0.0	,0.0	,0.0	,0.0	,558.99	,558.99	,	,	,广东省,佛山市,顺德区,,,否,否,	,	,	,否,	,	,	,	,	,	,	,	,	,	,	,	,否,否,	,否,否,,	,否,	,否,,,否
【重磅新品】云米净水器600G小海豚升级版厨下式RO反渗透直饮家用,251102-241791157873832,已发货，待收货,1	,正常,2025-11-02 17:21:52,2025-11-03 17:21:52,,2025-11-03 09:14:18,	,225501370546	,【24年新品】600G升级版6年长效,1600502140541	,厨房电器,净水器/净水设备及配件耗材,净水器,	,6923185653684	,6923185616399	,	,	,无售后或售后取消,,2025-11-02 17:21:52,	,,,,,,,否,否,	,否,	,,558.99	,0.0	,0.0	,0.0	,0.0	,0.0	,0.0	,0.0	,558.99	,558.99	,JDV023823311023,京东大件物流,浙江省,宁波市,余姚市,,,否,否,	,	,	,否,	,	,	,	,	,	,	,	,	,	,	,	,否,否,	,否,否,,	,否,	,否,,,否
【重磅新品】云米净水器600G小海豚升级版厨下式RO反渗透直饮家用,251102-357648382343868,已发货，待收货,1	,正常,2025-11-02 17:16:27,2025-11-03 17:16:27,,2025-11-03 09:14:18,	,225501370546	,【24年新品】600G升级版6年长效,1600502140541	,厨房电器,净水器/净水设备及配件耗材,净水器,	,6923185653684	,6923185616399	,	,	,无售后或售后取消,,2025-11-02 17:16:27,	,,,,,,,否,否,	,否,	,,558.99	,0.0	,0.0	,0.0	,0.0	,0.0	,0.0	,0.0	,558.99	,558.99	,JDV023823283893,京东大件物流,浙江省,宁波市,北仑区,,,否,否,	,	,	,否,	,	,	,	,	,	,	,	,	,	,	,	,否,否,	,否,否,,	,否,	,否,,,否
【重磅新品】云米净水器600G小海豚升级版厨下式RO反渗透直饮家用,251102-472635153981429,已发货，待收货,1	,正常,2025-11-02 17:12:15,2025-11-03 17:12:15,,2025-11-03 09:14:18,	,225501370546	,【24年新品】600G升级版6年长效,1600502140541	,厨房电器,净水器/净水设备及配件耗材,净水器,	,6923185653684	,6923185616399	,	,	,无售后或售后取消,,2025-11-02 17:12:15,	,,,,,,,否,否,	,否,	,,558.99	,0.0	,0.0	,50.0	,0.0	,0.0	,0.0	,0.0	,508.99	,558.99	,JDV023823278889,京东大件物流,安徽省,马鞍山市,雨山区,,,否,否,	,	,	,否,	,	,	,	,	,	,	,	,	,	,	,	,否,否,	,否,否,,	,否,	,否,,,否
云米即热净水器厨房家用直饮RO反渗透加热净饮一体机1000G,251102-286135478670870,待发货,1	,正常,2025-11-02 17:05:21,2025-12-03 17:05:21,,	,	,846360072018	,即热直饮 1000G大通量,1807240839093	,厨房电器,净水器/净水设备及配件耗材,净水器,	,6923185651116	,6923185651116	,延迟已登记 [viomi英英sk 11/02 17:08],	,无售后或售后取消,,2025-11-02 17:05:21,	,,,,,,,否,否,	,否,	,,1618.0	,0.0	,324.0	,129.4	,0.0	,0.0	,0.0	,0.0	,1164.6	,1294.0	,	,	,辽宁省,辽阳市,辽阳县,,,否,否,	,	,	,否,	,	,	,	,	,	,	,	,	,	,	,	,否,否,	,否,否,,	,否,	,否,,,否
【重磅新品】云米净水器600G小海豚升级版厨下式RO反渗透直饮家用,251102-465022522971364,未发货，退款成功,1	,正常,2025-11-02 17:03:06,2025-11-03 17:03:06,,	,	,225501370546	,【24年新品】600G升级版6年长效,1600502140541	,厨房电器,净水器/净水设备及配件耗材,净水器,	,6923185653684	,6923185616399	,聚水潭已取消发货 已退款   叶11.2,	,退款成功,,2025-11-02 17:03:06,	,,,,,,,否,否,	,否,	,,558.99	,0.0	,0.0	,0.0	,0.0	,0.0	,0.0	,0.0	,558.99	,558.99	,	,	,安徽省,淮北市,濉溪县,,,否,否,	,	,	,否,	,	,	,	,	,	,	,	,	,	,	,	,否,否,	,否,否,,	,否,	,否,,,否
【重磅新品】云米净水器600G小海豚升级版厨下式RO反渗透直饮家用,251102-530139124013426,已取消,1	,正常,	,	,,	,	,225501370546	,【24年新品】600G升级版6年长效,1600502140541	,厨房电器,净水器/净水设备及配件耗材,净水器,	,6923185653684	,6923185616399	,	,	,无售后或售后取消,,	,	,,,,,,,否,否,	,否,	,,558.99	,0.0	,0.0	,0.0	,0.0	,0.0	,0.0	,0.0	,558.99	,558.99	,	,	,****,****,****,****,,否,否,	,	,	,否,	,	,	,	,	,	,	,	,	,	,	,	,否,否,	,否,	,,	,否,	,否,,,否
云米即热净水器厨房家用直饮RO反渗透加热净饮一体机1000G,251102-680536317553863,待发货,1	,正常,2025-11-02 16:58:09,2026-01-27 16:58:09,,	,	,364990106384	,即热直饮 1000G大通量,1455593712429	,厨房电器,净水器/净水设备及配件耗材,净水器,	,6923185651116	,6923185651116	,赠送复合滤芯一支,	,无售后或售后取消,,2025-11-02 16:58:09,	,,,,,,,否,否,	,否,	,,1668.85	,0.0	,303.77	,150.0	,0.0	,0.0	,0.0	,0.0	,1215.08	,1365.08	,	,	,湖南省,长沙市,天心区,,,否,否,	,	,	,否,	,	,	,	,	,	,	,	,	,	,	,	,否,否,	,否,否,,	,否,	,否,,,否
云米小厨宝6L电热水器厨房卫生间出水恒温储水式小型速热神器加热,251102-104081661451220,未发货，退款成功,1	,正常,2025-11-02 16:26:48,2025-11-03 16:26:48,,	,	,208073193570	,热水即刻有-【6L】,1801828025682	,大家电,热水器,厨宝,	,6923185611233	,6923185611233	,聚水潭已取消发货 已退款   叶11.2,	,退款成功,,2025-11-02 16:26:48,	,,,,,,,否,否,	,否,	,,254.0	,0.0	,0.0	,0.0	,0.0	,0.0	,0.0	,0.0	,254.0	,254.0	,	,	,贵州省,安顺市,西秀区,,,否,否,	,	,	,否,	,	,	,	,	,	,	,	,	,	,	,	,否,否,	,否,否,,	,否,	,否,,,否
【重磅新品】云米净水器600G小海豚升级版厨下式RO反渗透直饮家用,251102-496416857643392,已发货，待收货,1	,正常,2025-11-02 16:25:11,2025-11-03 16:25:11,,2025-11-03 09:14:18,	,225501370546	,【24年新品】600G升级版6年长效,1600502140541	,厨房电器,净水器/净水设备及配件耗材,净水器,	,6923185653684	,6923185616399	,	,	,无售后或售后取消,,2025-11-02 16:25:11,	,,,,,,,否,否,	,否,	,,558.99	,0.0	,0.0	,0.0	,1.11	,0.0	,0.0	,0.0	,558.99	,558.99	,JDV023823278737,京东大件物流,江西省,上饶市,信州区,,,否,否,	,	,	,否,	,	,	,	,	,	,	,	,	,	,	,	,否,否,	,否,否,,	,否,	,否,,,否
【重磅新品】云米净水器600G小海豚升级版厨下式RO反渗透直饮家用,251102-003701511723392,已取消,1	,正常,	,	,,	,	,225501370546	,【24年新品】600G升级版6年长效,1600502140541	,厨房电器,净水器/净水设备及配件耗材,净水器,	,6923185653684	,6923185616399	,	,	,无售后或售后取消,,	,	,,,,,,,否,否,	,否,	,,558.99	,0.0	,0.0	,0.0	,0.0	,0.0	,0.0	,0.0	,558.99	,558.99	,	,	,****,****,****,****,,否,否,	,	,	,否,	,	,	,	,	,	,	,	,	,	,	,	,否,否,	,否,	,,	,否,	,否,,,否
【重磅新品】云米净水器600G小海豚升级版厨下式RO反渗透直饮家用,251102-152253263493457,已取消,1	,正常,	,	,,	,	,225501370546	,【24年新品】600G升级版6年长效,1600502140541	,厨房电器,净水器/净水设备及配件耗材,净水器,	,6923185653684	,6923185616399	,	,	,无售后或售后取消,,	,	,,,,,,,否,否,	,否,	,,558.99	,0.0	,0.0	,0.0	,0.0	,0.0	,0.0	,0.0	,558.99	,558.99	,	,	,****,****,****,****,,否,否,	,	,	,否,	,	,	,	,	,	,	,	,	,	,	,	,否,否,	,否,	,,	,否,	,否,,,否
【重磅新品】云米净水器600G小海豚升级版厨下式RO反渗透直饮家用,251102-359556790593580,未发货，退款成功,1	,正常,2025-11-02 16:19:36,2025-11-03 16:19:36,,	,	,225501370546	,【24年新品】600G升级版6年长效,1600502140541	,厨房电器,净水器/净水设备及配件耗材,净水器,	,6923185653684	,6923185616399	,送tds笔==聚水潭已取消发货 已退款   叶11.2 ,	,退款成功,,2025-11-02 16:19:36,	,,,,,,,否,否,	,否,	,,558.99	,0.0	,0.0	,0.0	,0.0	,0.0	,0.0	,0.0	,558.99	,558.99	,	,	,山东省,烟台市,芝罘区,,,否,否,	,	,	,否,	,	,	,	,	,	,	,	,	,	,	,	,否,是,	,否,否,,	,否,	,否,,,否
VIOMI云米净水器1000G厨下直饮小体积净水机RO机智显龙头3秒满杯,251102-315055173151799,待发货,1	,正常,2025-11-02 16:03:31,2025-11-03 16:03:31,,	,	,842195971715	,1000G大通量RO净水器,1803617356458	,厨房电器,净水器/净水设备及配件耗材,净水器,	,6923185654247	,	,	,	,无售后或售后取消,,2025-11-02 16:03:31,	,,,,,,,否,否,	,否,	,,806.0	,0.0	,7.0	,0.0	,0.0	,0.0	,0.0	,0.0	,799.0	,799.0	,	,	,山东省,滨州市,滨城区,,,否,否,	,	,	,否,	,	,	,	,	,	,	,	,	,	,	,	,否,否,	,否,否,,	,否,	,否,,,否
【重磅新品】云米净水器600G小海豚升级版厨下式RO反渗透直饮家用,251102-296789020993580,已取消,1	,正常,	,	,,	,	,225501370546	,【24年新品】600G升级版6年长效,1600502140541	,厨房电器,净水器/净水设备及配件耗材,净水器,	,6923185653684	,6923185616399	,	,	,无售后或售后取消,,	,	,,,,,,,否,否,	,否,	,,558.99	,0.0	,0.0	,0.0	,0.0	,0.0	,0.0	,0.0	,558.99	,558.99	,	,	,****,****,****,****,,否,否,	,	,	,否,	,	,	,	,	,	,	,	,	,	,	,	,否,否,	,否,	,,	,否,	,否,,,否
云米净水器滤芯小蓝调小海豚600G+专用复合滤芯RO反渗透滤芯过滤,251102-558534562220482,已发货，待收货,1	,正常,2025-11-02 16:02:21,2025-11-03 16:02:21,,2025-11-02 20:18:25,	,296967601341	,5in1复合滤芯 2年长效,1600193054565	,厨房电器,净水器/净水设备及配件耗材,净水器,	,6923185627425	,	,补差后返 到手价99,	,无售后或售后取消,,2025-11-02 16:02:21,	,,,,,,,否,否,	,否,	,,299.0	,0.0	,0.0	,0.0	,0.0	,0.0	,0.0	,0.0	,299.0	,299.0	,JDV023815441681,京东大件物流,广西壮族自治区,玉林市,博白县,,,否,否,	,	,	,否,	,	,	,	,	,	,	,	,	,	,	,	,否,否,	,否,否,,	,否,	,否,,,否
VIOMI云米净水器1000G厨下直饮小体积净水机RO机智显龙头3秒满杯,251102-503914206723787,待发货,1	,正常,2025-11-02 16:01:03,2025-11-03 16:01:03,,	,	,842195971715	,1000G大通量RO净水器,1803617356458	,厨房电器,净水器/净水设备及配件耗材,净水器,	,6923185654247	,	,	,	,无售后或售后取消,,2025-11-02 16:01:03,	,,,,,,,否,否,	,否,	,,806.0	,0.0	,7.0	,0.0	,0.0	,0.0	,0.0	,0.0	,799.0	,799.0	,	,	,河北省,邯郸市,复兴区,,,否,否,	,	,	,否,	,	,	,	,	,	,	,	,	,	,	,	,否,否,	,否,否,,	,否,	,否,,,否
云米新品鲲鹏PRO油烟机28m³大吸力易清洁挥手智控烟灶联动小噪音,251102-518762064301335,已发货，待收货,1	,正常,2025-11-02 16:00:33,2025-11-03 16:00:34,,2025-11-02 20:18:25,	,763759392708	,【新品】小噪音大吸力油烟机,1748828925108	,大家电,厨房大电,油烟机,	,6923185605379	,6923185605379	,	,	,无售后或售后取消,,2025-11-02 16:00:34,	,,,,,,,否,否,	,否,	,,1999.0	,0.0	,0.0	,0.0	,0.0	,0.0	,0.0	,0.0	,1999.0	,1999.0	,JDV023815438630,京东大件物流,福建省,漳州市,龙海区,,,否,否,	,	,	,否,	,	,	,	,	,	,	,	,	,	,	,	,否,否,	,否,否,,	,否,	,否,,,否
【母婴直饮】云米净水器 SE 600G+ 新升级厨下式RO反渗透直饮家用,251102-331412948500148,待付款,1	,正常,	,	,,	,	,819506595979	,【24年新品】600G升级版6年长效,1787046011387	,厨房电器,净水器/净水设备及配件耗材,净水器,	,6923185653684	,6923185616399	,	,	,无售后或售后取消,,	,	,,,,,,,否,否,	,否,	,,748.0	,0.0	,129.6	,100.0	,0.0	,0.0	,0.0	,0.0	,518.4	,618.4	,	,	,****,****,****,****,,否,否,	,	,	,否,	,	,	,	,	,	,	,	,	,	,	,	,否,否,	,否,	,,	,否,	,否,,,否
云米净水器滤芯小蓝调小海豚600G+专用复合滤芯RO反渗透滤芯过滤,251102-341164705361174,未发货，退款成功,1	,正常,2025-11-02 15:54:24,2025-11-03 15:54:25,,	,	,296967601341	,5in1复合滤芯 2年长效,1600193054565	,厨房电器,净水器/净水设备及配件耗材,净水器,	,6923185627425	,	,聚水潭已取消发货 已退款   叶11.2,	,退款成功,,2025-11-02 15:54:25,	,,,,,,,否,否,	,否,	,,299.0	,0.0	,0.0	,0.0	,0.0	,0.0	,0.0	,0.0	,299.0	,299.0	,	,	,河北省,邢台市,襄都区,,,否,否,	,	,	,否,	,	,	,	,	,	,	,	,	,	,	,	,否,否,	,否,否,,	,否,	,否,,,否
【母婴直饮】云米净水器 SE 600G+ 新升级厨下式RO反渗透直饮家用,251102-286387115540148,待付款,1	,正常,	,	,,	,	,819506595979	,【24年新品】600G升级版6年长效,1787046011387	,厨房电器,净水器/净水设备及配件耗材,净水器,	,6923185653684	,6923185616399	,	,	,无售后或售后取消,,	,	,,,,,,,否,否,	,否,	,,748.0	,0.0	,149.6	,0.0	,0.0	,0.0	,0.0	,0.0	,598.4	,598.4	,	,	,****,****,****,****,,否,否,	,	,	,否,	,	,	,	,	,	,	,	,	,	,	,	,否,否,	,否,	,,	,否,	,否,,,否
云米净水器滤芯小蓝调小海豚600G+专用复合滤芯RO反渗透滤芯过滤,251102-091897218641174,已取消,2	,正常,	,	,,	,	,296967601341	,5in1复合滤芯 2年长效,1600193054565	,厨房电器,净水器/净水设备及配件耗材,净水器,	,6923185627425	,	,	,	,无售后或售后取消,,	,	,,,,,,,否,否,	,否,	,,598.0	,0.0	,5.98	,0.0	,0.0	,0.0	,0.0	,0.0	,592.02	,592.02	,	,	,****,****,****,****,,否,否,	,	,	,否,	,	,	,	,	,	,	,	,	,	,	,	,否,否,	,否,	,,	,否,	,否,,,否
VIOMI云米净水器1000G厨下直饮小体积净水机RO机智显龙头3秒满杯,251102-611718336911900,未发货，退款成功,1	,审核中，请勿发货,2025-11-02 15:49:52,2025-11-03 15:49:52,,	,	,842195971715	,1000G大通量RO净水器,1803617356458	,厨房电器,净水器/净水设备及配件耗材,净水器,	,6923185654247	,	,聚水潭已取消发货 已退款   叶11.2,	,退款成功,,2025-11-02 15:49:52,	,,,,,,,否,否,	,否,	,,806.0	,0.0	,7.0	,79.9	,0.2	,0.0	,0.0	,0.0	,719.1	,799.0	,	,	,安徽省,合肥市,庐江县,,,否,否,	,	,	,否,	,	,	,	,	,	,	,	,	,	,	,	,否,否,	,否,	,,	,否,	,否,,,否
【重磅新品】云米净水器600G小海豚升级版厨下式RO反渗透直饮家用,251102-653451619921174,已发货，待收货,1	,正常,2025-11-02 15:48:39,2025-11-03 15:48:39,,2025-11-02 20:18:49,	,225501370546	,【24年新品】600G升级版6年长效,1600502140541	,厨房电器,净水器/净水设备及配件耗材,净水器,	,6923185653684	,6923185616399	,送tds笔,	,无售后或售后取消,,2025-11-02 15:48:39,	,,,,,,,否,否,	,否,	,,558.99	,0.0	,0.0	,0.0	,0.0	,0.0	,0.0	,0.0	,558.99	,558.99	,JDV023816722346,京东大件物流,河北省,邢台市,襄都区,,,否,否,	,	,	,否,	,	,	,	,	,	,	,	,	,	,	,	,否,否,	,否,否,,	,否,	,否,,,否
【重磅新品】云米净水器600G小海豚升级版厨下式RO反渗透直饮家用,251102-595612209510708,待发货,1	,正常,2025-11-02 15:46:13,2025-11-03 15:46:13,,	,	,225501370546	,【24年新品】600G升级版6年长效,1600502140541	,厨房电器,净水器/净水设备及配件耗材,净水器,	,6923185653684	,6923185616399	,	,	,无售后或售后取消,,2025-11-02 15:46:13,	,,,,,,,否,否,	,否,	,,558.99	,0.0	,0.0	,0.0	,0.0	,0.0	,0.0	,0.0	,558.99	,558.99	,	,	,广东省,梅州市,兴宁市,,,否,否,	,	,	,否,	,	,	,	,	,	,	,	,	,	,	,	,否,否,	,否,否,,	,否,	,否,,,否
【重磅新品】云米净水器600G小海豚升级版厨下式RO反渗透直饮家用,251102-040202463542718,已取消,1	,正常,	,	,,	,	,225501370546	,【24年新品】600G升级版6年长效,1600502140541	,厨房电器,净水器/净水设备及配件耗材,净水器,	,6923185653684	,6923185616399	,	,	,无售后或售后取消,,	,	,,,,,,,否,否,	,否,	,,558.99	,0.0	,0.0	,0.0	,0.0	,0.0	,0.0	,0.0	,558.99	,558.99	,	,	,****,****,****,****,,否,否,	,	,	,否,	,	,	,	,	,	,	,	,	,	,	,	,否,否,	,否,	,,	,否,	,否,,,否
【母婴直饮】云米净水器 SE 600G+ 新升级厨下式RO反渗透直饮家用,251102-138716168490086,已取消,1	,正常,	,	,,	,	,819506595979	,【24年新品】600G升级版6年长效,1787046011387	,厨房电器,净水器/净水设备及配件耗材,净水器,	,6923185653684	,6923185616399	,	,	,无售后或售后取消,,	,	,,,,,,,否,否,	,否,	,,748.0	,0.0	,136.13	,67.32	,0.0	,0.0	,0.0	,0.0	,544.55	,611.87	,	,	,****,****,****,****,,否,否,	,	,	,否,	,	,	,	,	,	,	,	,	,	,	,	,否,否,	,否,	,,	,否,	,否,,,否
【重磅新品】云米净水器600G小海豚升级版厨下式RO反渗透直饮家用,251102-012551504273663,未发货，退款成功,1	,正常,2025-11-02 15:39:49,2025-11-03 15:39:49,,	,	,225501370546	,【24年新品】600G升级版6年长效,1600502140541	,厨房电器,净水器/净水设备及配件耗材,净水器,	,6923185653684	,6923185616399	,聚水潭已取消发货 已退款   叶11.2,	,退款成功,,2025-11-02 15:39:49,	,,,,,,,否,否,	,否,	,,558.99	,0.0	,0.0	,0.0	,1.11	,0.0	,0.0	,0.0	,558.99	,558.99	,	,	,江苏省,扬州市,邗江区,,,否,否,	,	,	,否,	,	,	,	,	,	,	,	,	,	,	,	,否,否,	,否,否,,	,否,	,否,,,否
【重磅新品】云米净水器600G小海豚升级版厨下式RO反渗透直饮家用,251102-083068271020482,已发货，待收货,1	,正常,2025-11-02 15:38:46,2025-11-03 15:38:46,,2025-11-02 20:18:26,	,225501370546	,【24年新品】600G升级版6年长效,1600502140541	,厨房电器,净水器/净水设备及配件耗材,净水器,	,6923185653684	,6923185616399	,赠送tds笔,	,无售后或售后取消,,2025-11-02 15:38:46,	,,,,,,,否,否,	,否,	,,558.99	,0.0	,0.0	,0.0	,0.0	,0.0	,0.0	,0.0	,558.99	,558.99	,JDV023815792438,京东大件物流,广西壮族自治区,玉林市,博白县,,,否,否,	,	,	,否,	,	,	,	,	,	,	,	,	,	,	,	,否,否,	,否,否,,	,否,	,否,,,否
【母婴直饮】云米净水器 SE 600G+ 新升级厨下式RO反渗透直饮家用,251102-192623481120325,已发货，待收货,1	,正常,2025-11-02 15:37:10,2025-11-03 15:37:10,,2025-11-03 09:11:22,	,819506595979	,【24年新品】600G升级版6年长效,1787046011387	,厨房电器,净水器/净水设备及配件耗材,净水器,	,6923185653684	,6923185616399	,	,	,无售后或售后取消,,2025-11-02 15:37:10,	,,,,,,,否,否,	,否,	,,748.0	,0.0	,136.13	,67.32	,0.0	,0.0	,0.0	,0.0	,544.55	,611.87	,JDV023816059846,京东大件物流,云南省,昆明市,晋宁区,,,否,否,	,	,	,否,	,	,	,	,	,	,	,	,	,	,	,	,否,否,	,否,否,,	,否,	,否,,,否
【重磅新品】云米净水器600G小海豚升级版厨下式RO反渗透直饮家用,251102-468063372881174,已取消,1	,正常,	,	,,	,	,225501370546	,【24年新品】600G升级版6年长效,1600502140541	,厨房电器,净水器/净水设备及配件耗材,净水器,	,6923185653684	,6923185616399	,	,	,无售后或售后取消,,	,	,,,,,,,否,否,	,否,	,,558.99	,0.0	,0.0	,0.0	,0.0	,0.0	,0.0	,0.0	,558.99	,558.99	,	,	,****,****,****,****,,否,否,	,	,	,否,	,	,	,	,	,	,	,	,	,	,	,	,否,否,	,否,	,,	,否,	,否,,,否
云米净水器滤芯小蓝调小海豚600G+专用复合滤芯RO反渗透滤芯过滤,251102-573885662741493,已发货，待收货,2	,正常,2025-11-02 15:31:12,2025-11-03 15:31:12,,2025-11-02 16:00:38,	,296967601341	,5in1复合滤芯 2年长效,1600193054565	,厨房电器,净水器/净水设备及配件耗材,净水器,	,6923185627425	,	,到手价198 [viomi莉莉sk 11/02 15:31],	,无售后或售后取消,,2025-11-02 15:31:12,	,,,,,,,否,否,	,否,	,,598.0	,0.0	,5.98	,0.0	,0.0	,0.0	,0.0	,0.0	,592.02	,592.02	,JDV023814421515,京东配送,重庆市,重庆市,万州区,,,否,否,	,	,	,否,	,	,	,	,	,	,	,	,	,	,	,	,否,否,	,否,否,,	,否,	,否,,,否
【母婴直饮】云米净水器 SE 600G+ 新升级厨下式RO反渗透直饮家用,251102-361989476743239,待付款,1	,正常,	,	,,	,	,819506595979	,【24年新品】600G升级版6年长效,1787046011387	,厨房电器,净水器/净水设备及配件耗材,净水器,	,6923185653684	,6923185616399	,	,	,无售后或售后取消,,	,	,,,,,,,否,否,	,否,	,,748.0	,0.0	,136.13	,67.32	,0.0	,0.0	,0.0	,0.0	,544.55	,611.87	,	,	,****,****,****,****,,否,否,	,	,	,否,	,	,	,	,	,	,	,	,	,	,	,	,否,否,	,否,	,,	,否,	,否,,,否
【重磅新品】云米净水器600G小海豚升级版厨下式RO反渗透直饮家用,251102-266988491190935,已发货，待收货,1	,正常,2025-11-02 15:28:47,2025-11-03 15:28:47,,2025-11-02 20:18:25,	,225501370546	,【24年新品】600G升级版6年长效,1600502140541	,厨房电器,净水器/净水设备及配件耗材,净水器,	,6923185653684	,6923185616399	,	,	,无售后或售后取消,,2025-11-02 15:28:47,	,,,,,,,否,否,	,否,	,,558.99	,0.0	,0.0	,0.0	,0.0	,0.0	,0.0	,0.0	,558.99	,558.99	,JDV023815837689,京东大件物流,辽宁省,沈阳市,新民市,,,否,否,	,	,	,否,	,	,	,	,	,	,	,	,	,	,	,	,否,否,	,否,否,,	,否,	,否,,,否
【重磅新品】云米净水器600G小海豚升级版厨下式RO反渗透直饮家用,251102-488678428960325,已取消,1	,正常,	,	,,	,	,225501370546	,【24年新品】600G升级版6年长效,1600502140541	,厨房电器,净水器/净水设备及配件耗材,净水器,	,6923185653684	,6923185616399	,	,	,无售后或售后取消,,	,	,,,,,,,否,否,	,否,	,,558.99	,0.0	,0.0	,0.0	,0.0	,0.0	,0.0	,0.0	,558.99	,558.99	,	,	,****,****,****,****,,否,否,	,	,	,否,	,	,	,	,	,	,	,	,	,	,	,	,否,否,	,否,	,,	,否,	,否,,,否
【母婴直饮】云米净水器 SE 600G+ 新升级厨下式RO反渗透直饮家用,251102-023886599701493,已取消,1	,正常,	,	,,	,	,819506595979	,【24年新品】600G升级版6年长效,1787046011387	,厨房电器,净水器/净水设备及配件耗材,净水器,	,6923185653684	,6923185616399	,	,	,无售后或售后取消,,	,	,,,,,,,否,否,	,否,	,,748.0	,0.0	,136.13	,67.32	,0.0	,0.0	,0.0	,0.0	,544.55	,611.87	,	,	,****,****,****,****,,否,否,	,	,	,否,	,	,	,	,	,	,	,	,	,	,	,	,否,否,	,否,	,,	,否,	,否,,,否
【母婴直饮】云米净水器 SE 600G+ 新升级厨下式RO反渗透直饮家用,251102-339958842942771,待付款,1	,正常,	,	,,	,	,819506595979	,【24年新品】600G升级版6年长效,1787046011387	,厨房电器,净水器/净水设备及配件耗材,净水器,	,6923185653684	,6923185616399	,	,	,无售后或售后取消,,	,	,,,,,,,否,否,	,否,	,,748.0	,0.0	,136.13	,67.32	,0.0	,0.0	,0.0	,0.0	,544.55	,611.87	,	,	,****,****,****,****,,否,否,	,	,	,否,	,	,	,	,	,	,	,	,	,	,	,	,否,否,	,否,	,,	,否,	,否,,,否
云米净水器滤芯小蓝调小海豚600G+专用复合滤芯RO反渗透滤芯过滤,251102-166975250063747,已发货，待收货,2	,正常,2025-11-02 15:16:15,2025-11-03 15:16:16,,2025-11-02 20:18:25,	,296967601341	,5in1复合滤芯 2年长效,1600193054565	,厨房电器,净水器/净水设备及配件耗材,净水器,	,6923185627425	,	,补差后返到手价198,	,无售后或售后取消,,2025-11-02 15:16:16,	,,,,,,,否,否,	,否,	,,598.0	,0.0	,5.98	,29.0	,0.0	,0.0	,0.0	,0.0	,563.02	,592.02	,JDV023816154193,京东大件物流,广西壮族自治区,贺州市,八步区,,,否,否,	,	,	,否,	,	,	,	,	,	,	,	,	,	,	,	,否,否,	,否,否,,	,否,	,否,,,否
云米净水器滤芯小蓝调小海豚600G+专用复合滤芯RO反渗透滤芯过滤,251102-311511028083274,已发货，待收货,1	,正常,2025-11-02 15:08:02,2025-11-03 15:08:02,,2025-11-02 16:08:41,	,296967601341	,5in1复合滤芯 2年长效,1600193054565	,厨房电器,净水器/净水设备及配件耗材,净水器,	,6923185627425	,	,补差后返到手价99,	,无售后或售后取消,,2025-11-02 15:08:02,	,,,,,,,否,否,	,否,	,,299.0	,0.0	,0.0	,0.0	,0.0	,0.0	,0.0	,0.0	,299.0	,299.0	,JDV023814041570,京东配送,山东省,潍坊市,青州市,,,否,否,	,	,	,否,	,	,	,	,	,	,	,	,	,	,	,	,否,否,	,否,否,,	,否,	,否,,,否
云米小厨宝6L电热水器厨房卫生间出水恒温储水式小型速热神器加热,251102-287645386272888,已发货，待收货,1	,正常,2025-11-02 15:07:37,2025-11-03 15:07:37,,2025-11-02 20:18:26,	,208073193570	,热水即刻有-【6L】,1801828025682	,大家电,热水器,厨宝,	,6923185611233	,6923185611233	,	,	,无售后或售后取消,,2025-11-02 15:07:37,	,,,,,,,否,否,	,否,	,,254.0	,0.0	,0.0	,0.0	,0.0	,0.0	,0.0	,0.0	,254.0	,254.0	,JDV023814533501,京东大件物流,广东省,佛山市,南海区,,,否,否,	,	,	,否,	,	,	,	,	,	,	,	,	,	,	,	,否,否,	,否,否,,	,否,	,否,,,否
VIOMI云米净水器1000G厨下直饮小体积净水机RO机智显龙头3秒满杯,251102-568338727340785,已发货，待收货,1	,正常,2025-11-02 15:05:06,2025-11-03 15:05:06,,2025-11-02 20:18:25,	,842195971715	,1000G大通量RO净水器,1803617356458	,厨房电器,净水器/净水设备及配件耗材,净水器,	,6923185654247	,	,换购复合滤芯99一支 限购2支,	,无售后或售后取消,,2025-11-02 15:05:06,	,,,,,,,否,否,	,否,	,,806.0	,0.0	,7.0	,0.0	,5.0	,0.0	,0.0	,0.0	,799.0	,799.0	,JDV023816133880,京东大件物流,浙江省,嘉兴市,海盐县,,,否,否,	,	,	,否,	,	,	,	,	,	,	,	,	,	,	,	,否,否,	,否,否,,	,否,	,否,,,否
【重磅新品】云米净水器600G小海豚升级版厨下式RO反渗透直饮家用,251102-667617902963274,已发货，待收货,1	,正常,2025-11-02 15:03:59,2025-11-03 15:03:59,,2025-11-02 20:18:25,	,225501370546	,【24年新品】600G升级版6年长效,1600502140541	,厨房电器,净水器/净水设备及配件耗材,净水器,	,6923185653684	,6923185616399	,赠送tds笔,	,无售后或售后取消,,2025-11-02 15:03:59,	,,,,,,,否,否,	,否,	,,558.99	,0.0	,0.0	,1.0	,0.0	,0.0	,0.0	,0.0	,557.99	,558.99	,JDV023816204863,京东大件物流,山东省,潍坊市,青州市,,,否,否,	,	,	,否,	,	,	,	,	,	,	,	,	,	,	,	,否,否,	,否,否,,	,否,	,否,,,否
云米AI油烟机双腔大吸力Smart双腔一级能效23m³大风压智清洁节能,251102-494550434112021,未发货，退款成功,1	,正常,2025-11-02 15:02:43,2025-11-03 15:02:44,,	,	,750412983827	,AI双腔强吸油烟机,1737582711971	,大家电,厨房大电,油烟机,	,6923185649229	,6923185649229	,聚水潭已取消发货 已退款   叶11.2,	,退款成功,,2025-11-02 15:02:44,	,,,,,,,否,否,	,否,	,,832.0	,0.0	,42.0	,55.3	,0.0	,0.0	,0.0	,0.0	,734.7	,790.0	,	,	,四川省,成都市,青羊区,,,否,否,	,	,	,否,	,	,	,	,	,	,	,	,	,	,	,	,否,否,	,否,否,,	,否,	,否,,,否
云米AI油烟机双腔大吸力Smart双腔一级能效23m³大风压智清洁节能,251102-295656538432021,未发货，退款成功,1	,正常,2025-11-02 15:01:53,2025-11-03 15:01:54,,	,	,750412983827	,AI双腔强吸油烟机,1737582711971	,大家电,厨房大电,油烟机,	,6923185649229	,6923185649229	,聚水潭已取消发货 已退款   叶11.2,	,退款成功,,2025-11-02 15:01:54,	,,,,,,,否,否,	,否,	,,832.0	,0.0	,42.0	,55.3	,0.0	,0.0	,0.0	,0.0	,734.7	,790.0	,	,	,四川省,成都市,青羊区,,,否,否,	,	,	,否,	,	,	,	,	,	,	,	,	,	,	,	,否,否,	,否,否,,	,否,	,否,,,否
【重磅新品】云米净水器600G小海豚升级版厨下式RO反渗透直饮家用,251102-231064215160732,已发货，待收货,1	,正常,2025-11-02 14:59:11,2025-11-03 14:59:11,,2025-11-02 20:18:26,	,225501370546	,【24年新品】600G升级版6年长效,1600502140541	,厨房电器,净水器/净水设备及配件耗材,净水器,	,6923185653684	,6923185616399	,	,	,无售后或售后取消,,2025-11-02 14:59:11,	,,,,,,,否,否,	,否,	,,558.99	,0.0	,0.0	,0.0	,0.0	,0.0	,0.0	,0.0	,558.99	,558.99	,JDV023815610980,京东大件物流,河南省,郑州市,登封市,,,否,否,	,	,	,否,	,	,	,	,	,	,	,	,	,	,	,	,否,否,	,否,否,,	,否,	,否,,,否
【重磅新品】云米净水器600G小海豚升级版厨下式RO反渗透直饮家用,251102-475172770162879,已取消,1	,正常,	,	,,	,	,225501370546	,【24年新品】600G升级版6年长效,1600502140541	,厨房电器,净水器/净水设备及配件耗材,净水器,	,6923185653684	,6923185616399	,	,	,无售后或售后取消,,	,	,,,,,,,否,否,	,否,	,,558.99	,0.0	,0.0	,0.0	,0.0	,0.0	,0.0	,0.0	,558.99	,558.99	,	,	,****,****,****,****,,否,否,	,	,	,否,	,	,	,	,	,	,	,	,	,	,	,	,否,否,	,否,	,,	,否,	,否,,,否
【母婴直饮】云米净水器 SE 600G+ 新升级厨下式RO反渗透直饮家用,251102-190840849972744,已发货，待收货,1	,正常,2025-11-02 14:43:47,2025-11-03 14:43:47,,2025-11-02 20:18:26,	,819506595979	,【24年新品】600G升级版6年长效,1787046011387	,厨房电器,净水器/净水设备及配件耗材,净水器,	,6923185653684	,6923185616399	,	,	,无售后或售后取消,,2025-11-02 14:43:47,	,,,,,,,否,否,	,否,	,,748.0	,0.0	,139.6	,50.0	,0.0	,0.0	,0.0	,0.0	,558.4	,608.4	,JDV023815782232,京东大件物流,广东省,深圳市,宝安区,,,否,否,	,	,	,否,	,	,	,	,	,	,	,	,	,	,	,	,否,否,	,否,否,,	,否,	,否,,,否
VIOMI云米净水器1000G厨下直饮小体积净水机RO机智显龙头3秒满杯,251102-335575857541042,已发货，待收货,1	,正常,2025-11-02 14:41:14,2025-11-03 14:41:14,,2025-11-02 20:18:26,	,842195971715	,1000G大通量RO净水器,1803617356458	,厨房电器,净水器/净水设备及配件耗材,净水器,	,6923185654247	,	,	,	,无售后或售后取消,,2025-11-02 14:41:14,	,,,,,,,否,否,	,否,	,,806.0	,0.0	,7.0	,0.0	,0.0	,0.0	,0.0	,0.0	,799.0	,799.0	,JDV023815446586,京东大件物流,四川省,内江市,隆昌市,,,否,否,	,	,	,否,	,	,	,	,	,	,	,	,	,	,	,	,否,否,	,否,否,,	,否,	,否,,,否
【重磅新品】云米净水器600G小海豚升级版厨下式RO反渗透直饮家用,251102-015235837530412,已取消,1	,正常,	,	,,	,	,225501370546	,【24年新品】600G升级版6年长效,1600502140541	,厨房电器,净水器/净水设备及配件耗材,净水器,	,6923185653684	,6923185616399	,	,	,无售后或售后取消,,	,	,,,,,,,否,否,	,否,	,,558.99	,0.0	,0.0	,0.0	,0.0	,0.0	,0.0	,0.0	,558.99	,558.99	,	,	,****,****,****,****,,否,否,	,	,	,否,	,	,	,	,	,	,	,	,	,	,	,	,否,否,	,否,	,,	,否,	,否,,,否
云米电热水器家用洗澡租房储水式速热抑菌节能省电卫生间40/60升,251102-289260245373022,已发货，待收货,1	,正常,2025-11-02 14:38:47,2025-11-03 14:38:48,,2025-11-02 19:47:16,	,227645754240	,"速热抑菌洗-40L,全国联保送货上门安装8年质保",1645458252843	,大家电,热水器,电热水器,	,6923185681281	,	,补差后返 到手价385,	,无售后或售后取消,,2025-11-02 14:38:48,	,,,,,,,否,否,	,否,	,,467.0	,0.0	,0.0	,46.7	,0.0	,0.0	,0.0	,0.0	,420.3	,467.0	,JDLD12885991123,京东大件物流,江西省,九江市,永修县,,,否,否,	,	,	,否,	,	,	,	,	,	,	,	,	,	,	,	,否,否,	,否,否,,	,否,	,否,,,否
【重磅新品】云米净水器600G小海豚升级版厨下式RO反渗透直饮家用,251102-280986949140922,已取消,1	,正常,	,	,,	,	,225501370546	,【24年新品】600G升级版6年长效,1600502140541	,厨房电器,净水器/净水设备及配件耗材,净水器,	,6923185653684	,6923185616399	,	,	,无售后或售后取消,,	,	,,,,,,,否,否,	,否,	,,558.99	,0.0	,0.0	,0.0	,0.0	,0.0	,0.0	,0.0	,558.99	,558.99	,	,	,****,****,****,****,,否,否,	,	,	,否,	,	,	,	,	,	,	,	,	,	,	,	,否,否,	,否,	,,	,否,	,否,,,否
【母婴直饮】云米净水器 SE 600G+ 新升级厨下式RO反渗透直饮家用,251102-453697943903881,已发货，待收货,1	,正常,2025-11-02 14:37:58,2025-11-03 14:37:58,,2025-11-02 20:18:27,	,819506595979	,【24年新品】600G升级版6年长效,1787046011387	,厨房电器,净水器/净水设备及配件耗材,净水器,	,6923185653684	,6923185616399	,	,	,无售后或售后取消,,2025-11-02 14:37:58,	,,,,,,,否,否,	,否,	,,748.0	,0.0	,134.64	,74.8	,0.0	,0.0	,0.0	,0.0	,538.56	,613.36	,JDV023814446497,京东大件物流,黑龙江省,齐齐哈尔市,龙沙区,,,否,否,	,	,	,否,	,	,	,	,	,	,	,	,	,	,	,	,否,否,	,否,否,,	,否,	,否,,,否
【母婴直饮】云米净水器 SE 600G+ 新升级厨下式RO反渗透直饮家用,251102-216258332203300,已发货，待收货,1	,正常,2025-11-02 14:36:01,2025-11-03 14:36:01,,2025-11-02 20:18:26,	,819506595979	,【24年新品】600G升级版6年长效,1787046011387	,厨房电器,净水器/净水设备及配件耗材,净水器,	,6923185653684	,6923185616399	,	,	,无售后或售后取消,,2025-11-02 14:36:01,	,,,,,,,否,否,	,否,	,,748.0	,0.0	,138.2	,57.0	,0.0	,0.0	,0.0	,0.0	,552.8	,609.8	,JDV023814441880,京东大件物流,吉林省,长春市,净月区,,,否,否,	,	,	,否,	,	,	,	,	,	,	,	,	,	,	,	,否,否,	,否,否,,	,否,	,否,,,否
【母婴直饮】云米净水器 SE 600G+ 新升级厨下式RO反渗透直饮家用,251102-292626174340637,已发货，待收货,1	,正常,2025-11-02 14:31:12,2025-11-03 14:31:13,,2025-11-02 20:18:26,	,819506595979	,【24年新品】600G升级版6年长效,1787046011387	,厨房电器,净水器/净水设备及配件耗材,净水器,	,6923185653684	,6923185616399	,	,	,无售后或售后取消,,2025-11-02 14:31:13,	,,,,,,,否,否,	,否,	,,748.0	,0.0	,130.15	,97.24	,0.0	,0.0	,0.0	,0.0	,520.61	,617.85	,JDV023814635821,京东大件物流,山西省,运城市,盐湖区,,,否,否,	,	,	,否,	,	,	,	,	,	,	,	,	,	,	,	,否,否,	,否,否,,	,否,	,否,,,否
【重磅新品】云米净水器600G小海豚升级版厨下式RO反渗透直饮家用,251102-209757223263881,已取消,1	,正常,	,	,,	,	,225501370546	,【24年新品】600G升级版6年长效,1600502140541	,厨房电器,净水器/净水设备及配件耗材,净水器,	,6923185653684	,6923185616399	,	,	,无售后或售后取消,,	,	,,,,,,,否,否,	,否,	,,558.99	,0.0	,0.0	,0.0	,0.0	,0.0	,0.0	,0.0	,558.99	,558.99	,	,	,****,****,****,****,,否,否,	,	,	,否,	,	,	,	,	,	,	,	,	,	,	,	,否,否,	,否,	,,	,否,	,否,,,否
云米净水器滤芯家用小海豚小蓝调小白龙系列专用RO反渗透,251102-683556226631780,未发货，退款成功,1	,正常,2025-11-02 14:29:23,2025-11-04 14:29:23,,	,	,232467205433	,5in1 复合滤芯,1647394585330	,厨房电器,净水器/净水设备及配件耗材,净水器,	,6923185627425	,	,补差后返 到手价 109晒单返10==聚水潭已取消发货 已退款   叶11.2,	,退款成功,,2025-11-02 14:29:23,	,,,,,,,否,否,	,否,	,,149.0	,0.0	,0.0	,26.82	,3.61	,0.0	,0.0	,0.0	,122.18	,149.0	,	,	,河南省,郑州市,新郑市,,,否,否,	,	,	,否,	,	,	,	,	,	,	,	,	,	,	,	,否,否,	,否,否,,	,否,	,否,,,否
【母婴直饮】云米净水器 SE 600G+ 新升级厨下式RO反渗透直饮家用,251102-141012580703881,未发货，退款成功,1	,正常,2025-11-02 14:24:41,2025-11-03 14:24:41,,	,	,819506595979	,【24年新品】600G升级版6年长效,1787046011387	,厨房电器,净水器/净水设备及配件耗材,净水器,	,6923185653684	,6923185616399	,聚水潭已取消发货 已退款   叶11.2,	,退款成功,,2025-11-02 14:24:41,	,,,,,,,否,否,	,否,	,,748.0	,0.0	,149.6	,0.0	,0.0	,0.0	,0.0	,0.0	,598.4	,598.4	,	,	,黑龙江省,齐齐哈尔市,建华区,,,否,否,	,	,	,否,	,	,	,	,	,	,	,	,	,	,	,	,否,否,	,否,否,,	,否,	,否,,,否
【母婴直饮】云米净水器 SE 600G+ 新升级厨下式RO反渗透直饮家用,251102-087325458783881,已取消,1	,正常,	,	,,	,	,819506595979	,【24年新品】600G升级版6年长效,1787046011387	,厨房电器,净水器/净水设备及配件耗材,净水器,	,6923185653684	,6923185616399	,	,	,无售后或售后取消,,	,	,,,,,,,否,否,	,否,	,,748.0	,0.0	,134.64	,74.8	,0.0	,0.0	,0.0	,0.0	,538.56	,613.36	,	,	,****,****,****,****,,否,否,	,	,	,否,	,	,	,	,	,	,	,	,	,	,	,	,否,否,	,否,	,,	,否,	,否,,,否
【冷热直饮套装】云米净水器家用厨下管线机套装一键即热制冷直饮,251102-611120596571575,待付款,1	,正常,	,	,,	,	,480070620581	,【冷热净水直饮套装】新品净水器+冷热管线机,1620106386127	,厨房电器,净水器/净水设备及配件耗材,净水器,	,S2407170910001,	,	,	,无售后或售后取消,,	,	,,,,,,,否,否,	,否,	,,1429.0	,0.0	,20.0	,0.0	,0.0	,0.0	,0.0	,0.0	,1409.0	,1409.0	,	,	,****,****,****,****,,否,否,	,	,	,否,	,	,	,	,	,	,	,	,	,	,	,	,否,否,	,否,	,,	,否,	,否,,,否
【重磅新品】云米净水器600G小海豚升级版厨下式RO反渗透直饮家用,251102-506336448903030,已发货，待收货,1	,正常,2025-11-02 14:22:48,2025-11-03 14:22:48,,2025-11-02 20:18:27,	,225501370546	,【24年新品】600G升级版6年长效,1600502140541	,厨房电器,净水器/净水设备及配件耗材,净水器,	,6923185653684	,6923185616399	,	,	,无售后或售后取消,,2025-11-02 14:22:48,	,,,,,,,否,否,	,否,	,,558.99	,0.0	,0.0	,0.0	,0.0	,0.0	,0.0	,0.0	,558.99	,558.99	,JDV023814441862,京东大件物流,河北省,廊坊市,大厂回族自治县,,,否,否,	,	,	,否,	,	,	,	,	,	,	,	,	,	,	,	,否,否,	,否,否,,	,否,	,否,,,否
【母婴直饮】云米净水器 SE 600G+ 新升级厨下式RO反渗透直饮家用,251102-529971351972801,已发货，待收货,1	,正常,2025-11-02 14:20:19,2025-11-03 14:20:19,,2025-11-02 20:18:26,	,819506595979	,【24年新品】600G升级版6年长效,1787046011387	,厨房电器,净水器/净水设备及配件耗材,净水器,	,6923185653684	,6923185616399	,	,	,无售后或售后取消,,2025-11-02 14:20:19,	,,,,,,,否,否,	,否,	,,748.0	,0.0	,142.12	,37.4	,0.0	,0.0	,0.0	,0.0	,568.48	,605.88	,JDV023814401291,京东大件物流,黑龙江省,哈尔滨市,南岗区,,,否,否,	,	,	,否,	,	,	,	,	,	,	,	,	,	,	,	,否,否,	,否,否,,	,否,	,否,,,否
VIOMI云米净水器1000G厨下直饮小体积净水机RO机智显龙头3秒满杯,251102-449723830643826,已发货，待收货,1	,正常,2025-11-02 14:11:38,2025-11-03 14:11:38,,2025-11-02 20:18:26,	,842195971715	,1000G大通量RO净水器,1803617356458	,厨房电器,净水器/净水设备及配件耗材,净水器,	,6923185654247	,	,	,	,无售后或售后取消,,2025-11-02 14:11:38,	,,,,,,,否,否,	,否,	,,806.0	,0.0	,7.0	,79.9	,0.0	,0.0	,0.0	,0.0	,719.1	,799.0	,JDV023814503316,京东大件物流,广东省,珠海市,香洲区,,,否,否,	,	,	,否,	,	,	,	,	,	,	,	,	,	,	,	,否,否,	,否,否,,	,否,	,否,,,否
【重磅新品】云米净水器600G小海豚升级版厨下式RO反渗透直饮家用,251102-225443847793503,已发货，待收货,1	,正常,2025-11-02 14:08:55,2025-11-03 14:08:55,,2025-11-02 20:18:25,	,225501370546	,【24年新品】600G升级版6年长效,1600502140541	,厨房电器,净水器/净水设备及配件耗材,净水器,	,6923185653684	,6923185616399	,	,	,无售后或售后取消,,2025-11-02 14:08:55,	,,,,,,,否,否,	,否,	,,558.99	,0.0	,0.0	,0.0	,0.0	,0.0	,0.0	,0.0	,558.99	,558.99	,JDV023815446721,京东大件物流,广西壮族自治区,南宁市,西乡塘区,,,否,否,	,	,	,否,	,	,	,	,	,	,	,	,	,	,	,	,否,否,	,否,否,,	,否,	,否,,,否
【重磅新品】云米净水器600G小海豚升级版厨下式RO反渗透直饮家用,251102-066878195231718,已取消,2	,正常,	,	,,	,	,225501370546	,【24年新品】600G升级版6年长效,1600502140541	,厨房电器,净水器/净水设备及配件耗材,净水器,	,6923185653684	,6923185616399	,	,	,无售后或售后取消,,	,	,,,,,,,否,否,	,否,	,,1117.98	,0.0	,11.17	,0.0	,0.0	,0.0	,0.0	,0.0	,1106.81	,1106.81	,	,	,****,****,****,****,,否,否,	,	,	,否,	,	,	,	,	,	,	,	,	,	,	,	,否,否,	,否,	,,	,否,	,否,,,否
云米顶侧大吸力蓝调油烟机家用厨房节能自清洁一级能效可挥手智控,251102-560159834533627,已取消,1	,正常,	,	,,	,	,657344402006	,云米智清洁挥手智控单烟机,1723825075586	,大家电,厨房大电,油烟机,	,6923185650973	,6923185650973	,	,	,无售后或售后取消,,	,	,,,,,,,否,否,	,否,	,,839.0	,0.0	,42.0	,79.7	,0.0	,0.0	,0.0	,0.0	,717.3	,797.0	,	,	,****,****,****,****,,否,否,	,	,	,否,	,	,	,	,	,	,	,	,	,	,	,	,否,否,	,否,	,,	,否,	,否,,,否
云米净水器滤芯家用小海豚小蓝调小白龙系列专用RO反渗透,251102-298047249980287,已发货，待收货,1	,正常,2025-11-02 13:59:48,2025-11-04 13:59:48,,2025-11-02 20:18:26,	,232467205433	,600G RO反渗透,1358951046252	,厨房电器,净水器/净水设备及配件耗材,净水器,	,6923185618379	,	,补差后返 到手458元,	,无售后或售后取消,,2025-11-02 13:59:48,	,,,,,,,否,否,	,否,	,,549.0	,0.0	,0.0	,37.0	,0.0	,0.0	,0.0	,0.0	,512.0	,549.0	,JDV023814500130,京东大件物流,河北省,沧州市,肃宁县,,,否,否,	,	,	,否,	,	,	,	,	,	,	,	,	,	,	,	,否,否,	,否,否,,	,否,	,否,,,否
云米净水器滤芯家用小海豚小蓝调小白龙系列专用RO反渗透,251102-194122892860287,已取消,1	,正常,	,	,,	,	,232467205433	,600G RO反渗透,1358951046252	,厨房电器,净水器/净水设备及配件耗材,净水器,	,6923185618379	,	,	,	,无售后或售后取消,,	,	,,,,,,,否,否,	,否,	,,549.0	,0.0	,0.0	,27.0	,0.0	,0.0	,0.0	,0.0	,522.0	,549.0	,	,	,****,****,****,****,,否,否,	,	,	,否,	,	,	,	,	,	,	,	,	,	,	,	,否,否,	,否,	,,	,否,	,否,,,否
云米净水器滤芯家用小海豚小蓝调小白龙系列专用RO反渗透,251102-633465751100287,已取消,1	,正常,	,	,,	,	,232467205433	,600G RO反渗透,1358951046252	,厨房电器,净水器/净水设备及配件耗材,净水器,	,6923185618379	,	,	,	,无售后或售后取消,,	,	,,,,,,,否,否,	,否,	,,549.0	,0.0	,0.0	,37.0	,0.0	,0.0	,0.0	,0.0	,512.0	,549.0	,	,	,****,****,****,****,,否,否,	,	,	,否,	,	,	,	,	,	,	,	,	,	,	,	,否,否,	,否,	,,	,否,	,否,,,否
【重磅新品】云米净水器600G小海豚升级版厨下式RO反渗透直饮家用,251102-073914160782734,未发货，退款成功,1	,正常,2025-11-02 13:55:21,2025-11-03 13:55:21,,	,	,225501370546	,【24年新品】600G升级版6年长效,1600502140541	,厨房电器,净水器/净水设备及配件耗材,净水器,	,6923185653684	,6923185616399	,聚水潭已取消发货 已退款   叶11.2,	,退款成功,,2025-11-02 13:55:21,	,,,,,,,否,否,	,否,	,,558.99	,0.0	,0.0	,0.0	,1.11	,0.0	,0.0	,0.0	,558.99	,558.99	,	,	,广东省,中山市,古镇,,,否,否,	,	,	,否,	,	,	,	,	,	,	,	,	,	,	,	,否,否,	,否,否,,	,否,	,否,,,否
【重磅新品】云米净水器600G小海豚升级版厨下式RO反渗透直饮家用,251102-068346233164020,未发货，退款成功,1	,正常,2025-11-02 13:51:35,2025-11-03 13:51:35,,	,	,225501370546	,【24年新品】600G升级版6年长效,1600502140541	,厨房电器,净水器/净水设备及配件耗材,净水器,	,6923185653684	,6923185616399	,聚水潭已取消发货  已退款  11.2,	,退款成功,,2025-11-02 13:51:35,	,,,,,,,否,否,	,否,	,,558.99	,0.0	,0.0	,0.0	,0.0	,0.0	,0.0	,0.0	,558.99	,558.99	,	,	,山东省,潍坊市,潍城区,,,否,否,	,	,	,否,	,	,	,	,	,	,	,	,	,	,	,	,否,否,	,否,否,,	,否,	,否,,,否
云米净水器滤芯小蓝调小海豚600G+专用复合滤芯RO反渗透滤芯过滤,251102-067696074381576,已发货，待收货,1	,正常,2025-11-02 13:35:35,2025-11-03 13:35:36,,2025-11-02 15:28:30,	,296967601341	,5in1复合滤芯 2年长效,1600193054565	,厨房电器,净水器/净水设备及配件耗材,净水器,	,6923185627425	,	,补差后返 到手价99,	,无售后或售后取消,,2025-11-02 13:35:36,	,,,,,,,否,否,	,否,	,,299.0	,0.0	,0.0	,0.0	,0.0	,0.0	,0.0	,0.0	,299.0	,299.0	,JDV023812182763,京东配送,黑龙江省,鸡西市,密山市,,,否,否,	,	,	,否,	,	,	,	,	,	,	,	,	,	,	,	,否,否,	,否,否,,	,否,	,否,,,否
【重磅新品】云米净水器600G小海豚升级版厨下式RO反渗透直饮家用,251102-685863093763683,已发货，待收货,1	,正常,2025-11-02 13:31:29,2025-11-03 13:31:29,,2025-11-02 20:18:28,	,225501370546	,【24年新品】600G升级版6年长效,1600502140541	,厨房电器,净水器/净水设备及配件耗材,净水器,	,6923185653684	,6923185616399	,	,	,无售后或售后取消,,2025-11-02 13:31:29,	,,,,,,,否,否,	,否,	,,558.99	,0.0	,0.0	,0.0	,1.11	,0.0	,0.0	,0.0	,558.99	,558.99	,JDV023813453600,京东大件物流,河南省,洛阳市,老城区,,,否,否,	,	,	,否,	,	,	,	,	,	,	,	,	,	,	,	,否,否,	,否,否,,	,否,	,否,,,否
【重磅新品】云米净水器600G小海豚升级版厨下式RO反渗透直饮家用,251102-415508733491250,已发货，待收货,1	,正常,2025-11-02 13:31:40,2025-11-03 13:31:40,,2025-11-02 20:18:27,	,225501370546	,【24年新品】600G升级版6年长效,1600502140541	,厨房电器,净水器/净水设备及配件耗材,净水器,	,6923185653684	,6923185616399	,	,	,无售后或售后取消,,2025-11-02 13:31:40,	,,,,,,,否,否,	,否,	,,558.99	,0.0	,0.0	,0.0	,0.0	,0.0	,0.0	,0.0	,558.99	,558.99	,JDV023813682271,京东大件物流,山东省,济南市,历城区,,,否,否,	,	,	,否,	,	,	,	,	,	,	,	,	,	,	,	,否,否,	,否,否,,	,否,	,否,,,否
【重磅新品】云米净水器600G小海豚升级版厨下式RO反渗透直饮家用,251102-318358167181576,已发货，待收货,1	,正常,2025-11-02 13:31:18,2025-11-03 13:31:18,,2025-11-02 20:18:27,	,225501370546	,【24年新品】600G升级版6年长效,1600502140541	,厨房电器,净水器/净水设备及配件耗材,净水器,	,6923185653684	,6923185616399	,	,	,无售后或售后取消,,2025-11-02 13:31:18,	,,,,,,,否,否,	,否,	,,558.99	,0.0	,0.0	,0.0	,0.0	,0.0	,0.0	,0.0	,558.99	,558.99	,JDV023813704809,京东大件物流,黑龙江省,鸡西市,密山市,,,否,否,	,	,	,否,	,	,	,	,	,	,	,	,	,	,	,	,否,否,	,否,否,,	,否,	,否,,,否
云米净水器滤芯家用小海豚小蓝调小白龙系列专用RO反渗透,251102-268393593222317,已发货，待收货,1	,正常,2025-11-02 13:25:40,2025-11-04 13:25:41,,2025-11-02 14:09:05,	,232467205433	,5in1 复合滤芯,1647394585330	,厨房电器,净水器/净水设备及配件耗材,净水器,	,6923185627425	,	,补差后返到手价109,	,无售后或售后取消,,2025-11-02 13:25:41,	,,,,,,,否,否,	,否,	,,149.0	,0.0	,0.0	,0.0	,0.0	,0.0	,0.0	,0.0	,149.0	,149.0	,JDV023812023420,京东配送,山东省,济南市,历下区,,,否,否,	,	,	,否,	,	,	,	,	,	,	,	,	,	,	,	,否,否,	,否,否,,	,否,	,否,,,否
【重磅新品】云米净水器600G小海豚升级版厨下式RO反渗透直饮家用,251102-557349629460466,已发货，待收货,1	,正常,2025-11-02 13:21:00,2025-11-03 13:21:00,,2025-11-02 20:18:27,	,225501370546	,【24年新品】600G升级版6年长效,1600502140541	,厨房电器,净水器/净水设备及配件耗材,净水器,	,6923185653684	,6923185616399	,	,	,无售后或售后取消,,2025-11-02 13:21:00,	,,,,,,,否,否,	,否,	,,558.99	,0.0	,0.0	,55.89	,0.0	,0.0	,0.0	,0.0	,503.1	,558.99	,JDV023813652472,京东大件物流,北京市,北京市,密云区,,,否,否,	,	,	,否,	,	,	,	,	,	,	,	,	,	,	,	,否,否,	,否,否,,	,否,	,否,,,否
云米小厨宝6L电热水器厨房卫生间出水恒温储水式小型速热神器加热,251102-453089728132861,已发货，待收货,5	,正常,2025-11-02 13:16:38,2025-11-03 13:16:38,,2025-11-02 14:11:15,	,208073193570	,热水即刻有-【6L】,1801828025682	,大家电,热水器,厨宝,	,6923185611233	,6923185611233	,	,	,无售后或售后取消,,2025-11-02 13:16:38,	,,,,,,,否,否,	,否,	,,1270.0	,0.0	,25.4	,0.0	,0.2	,0.0	,0.0	,0.0	,1244.6	,1244.6	,JDV023811946209,京东配送,山西省,吕梁市,文水县,,,否,否,	,	,	,否,	,	,	,	,	,	,	,	,	,	,	,	,否,否,	,否,否,,	,否,	,否,,,否
云米净水器滤芯小蓝调小海豚600G+专用复合滤芯RO反渗透滤芯过滤,251102-309770381600696,已发货，待收货,2	,正常,2025-11-02 13:15:49,2025-11-03 13:15:50,,2025-11-02 14:27:03,	,296967601341	,5in1复合滤芯 2年长效,1600193054565	,厨房电器,净水器/净水设备及配件耗材,净水器,	,6923185627425	,	,补差后返到手价198,	,无售后或售后取消,,2025-11-02 13:15:50,	,,,,,,,否,否,	,否,	,,598.0	,0.0	,5.98	,0.0	,0.0	,0.0	,0.0	,0.0	,592.02	,592.02	,JDV023812160904,京东配送,湖南省,娄底市,新化县,,,否,否,	,	,	,否,	,	,	,	,	,	,	,	,	,	,	,	,否,否,	,否,否,,	,否,	,否,,,否
云米小厨宝6L电热水器厨房卫生间出水恒温储水式小型速热神器加热,251102-633297968772861,未发货，退款成功,5	,正常,2025-11-02 13:14:45,2025-11-03 13:14:45,,	,	,208073193570	,热水即刻有-【6L】,1801828025682	,大家电,热水器,厨宝,	,6923185611233	,6923185611233	,聚水潭已取消发货  已退款  11.2,	,退款成功,,2025-11-02 13:14:45,	,,,,,,,否,否,	,否,	,,1270.0	,0.0	,25.4	,0.0	,0.2	,0.0	,0.0	,0.0	,1244.6	,1244.6	,	,	,山西省,吕梁市,文水县,,,否,否,	,	,	,否,	,	,	,	,	,	,	,	,	,	,	,	,否,否,	,否,否,,	,否,	,否,,,否
云米净水器滤芯小蓝调小海豚600G+专用复合滤芯RO反渗透滤芯过滤,251102-638834491680696,已取消,1	,正常,	,	,,	,	,296967601341	,5in1复合滤芯 2年长效,1600193054565	,厨房电器,净水器/净水设备及配件耗材,净水器,	,6923185627425	,	,	,	,无售后或售后取消,,	,	,,,,,,,否,否,	,否,	,,299.0	,0.0	,0.0	,0.0	,0.0	,0.0	,0.0	,0.0	,299.0	,299.0	,	,	,****,****,****,****,,否,否,	,	,	,否,	,	,	,	,	,	,	,	,	,	,	,	,否,否,	,否,	,,	,否,	,否,,,否
云米小厨宝6L电热水器厨房卫生间出水恒温储水式小型速热神器加热,251102-072561467012861,已取消,5	,正常,	,	,,	,	,208073193570	,热水即刻有-【6L】,1801828025682	,大家电,热水器,厨宝,	,6923185611233	,6923185611233	,	,	,无售后或售后取消,,	,	,,,,,,,否,否,	,否,	,,1270.0	,0.0	,25.4	,0.0	,0.0	,0.0	,0.0	,0.0	,1244.6	,1244.6	,	,	,****,****,****,****,,否,否,	,	,	,否,	,	,	,	,	,	,	,	,	,	,	,	,否,否,	,否,	,,	,否,	,否,,,否
云米电热水器50/60升洗澡家用浴室速热大容量省电防漏电警示安全,251102-581550743122035,已发货，待收货,1	,正常,2025-11-02 13:12:14,2025-11-03 13:12:14,,2025-11-02 15:55:14,	,691819698413	,50L速热加长防电墙5倍增容,1683563098525	,大家电,热水器,电热水器,	,6923185614920	,	,	,	,无售后或售后取消,,2025-11-02 13:12:14,	,,,,,,,否,否,	,否,	,,493.0	,0.0	,0.0	,0.0	,1.15	,0.0	,0.0	,0.0	,493.0	,493.0	,JDLD12885611773,京东大件物流,福建省,龙岩市,上杭县,,,否,否,	,	,	,否,	,	,	,	,	,	,	,	,	,	,	,	,否,否,	,否,否,,	,否,	,否,,,否
【重磅新品】云米净水器600G小海豚升级版厨下式RO反渗透直饮家用,251102-413348677170493,已发货，待收货,1	,正常,2025-11-02 13:11:40,2025-11-03 13:11:40,,2025-11-02 20:18:27,	,225501370546	,【24年新品】600G升级版6年长效,1600502140541	,厨房电器,净水器/净水设备及配件耗材,净水器,	,6923185653684	,6923185616399	,	,	,无售后或售后取消,,2025-11-02 13:11:40,	,,,,,,,否,否,	,否,	,,558.99	,0.0	,0.0	,55.89	,0.0	,0.0	,0.0	,0.0	,503.1	,558.99	,JDV023814523376,京东大件物流,广东省,惠州市,惠城区,,,否,否,	,	,	,否,	,	,	,	,	,	,	,	,	,	,	,	,否,否,	,否,否,,	,否,	,否,,,否
【重磅新品】云米净水器600G小海豚升级版厨下式RO反渗透直饮家用,251102-578080008480696,已取消,1	,正常,	,	,,	,	,225501370546	,【24年新品】600G升级版6年长效,1600502140541	,厨房电器,净水器/净水设备及配件耗材,净水器,	,6923185653684	,6923185616399	,	,	,无售后或售后取消,,	,	,,,,,,,否,否,	,否,	,,558.99	,0.0	,0.0	,0.0	,0.0	,0.0	,0.0	,0.0	,558.99	,558.99	,	,	,****,****,****,****,,否,否,	,	,	,否,	,	,	,	,	,	,	,	,	,	,	,	,否,否,	,否,	,,	,否,	,否,,,否
【重磅新品】云米净水器600G小海豚升级版厨下式RO反渗透直饮家用,251102-201410537760696,已发货，待收货,1	,正常,2025-11-02 13:10:41,2025-11-03 13:10:41,,2025-11-02 20:18:27,	,225501370546	,【24年新品】600G升级版6年长效,1600502140541	,厨房电器,净水器/净水设备及配件耗材,净水器,	,6923185653684	,6923185616399	,送tds笔,	,无售后或售后取消,,2025-11-02 13:10:41,	,,,,,,,否,否,	,否,	,,558.99	,0.0	,0.0	,0.0	,0.0	,0.0	,0.0	,0.0	,558.99	,558.99	,JDV023814483478,京东大件物流,湖南省,娄底市,新化县,,,否,否,	,	,	,否,	,	,	,	,	,	,	,	,	,	,	,	,否,否,	,否,否,,	,否,	,否,,,否
【重磅新品】云米净水器600G小海豚升级版厨下式RO反渗透直饮家用,251102-553564311912878,已发货，待收货,1	,正常,2025-11-02 13:05:11,2025-11-03 13:05:11,,2025-11-02 20:18:26,	,225501370546	,【24年新品】600G升级版6年长效,1600502140541	,厨房电器,净水器/净水设备及配件耗材,净水器,	,6923185653684	,6923185616399	,	,	,无售后或售后取消,,2025-11-02 13:05:11,	,,,,,,,否,否,	,否,	,,558.99	,0.0	,0.0	,0.0	,0.2	,0.0	,0.0	,0.0	,558.99	,558.99	,JDV023813682236,京东大件物流,北京市,北京市,房山区,,,否,否,	,	,	,否,	,	,	,	,	,	,	,	,	,	,	,	,否,否,	,否,否,,	,否,	,否,,,否
【母婴直饮】云米净水器 SE 600G+ 新升级厨下式RO反渗透直饮家用,251102-498461622693701,已取消,1	,正常,	,	,,	,	,819506595979	,【24年新品】600G升级版6年长效,1787046011387	,厨房电器,净水器/净水设备及配件耗材,净水器,	,6923185653684	,6923185616399	,	,	,无售后或售后取消,,	,	,,,,,,,否,否,	,否,	,,748.0	,0.0	,136.13	,67.32	,0.0	,0.0	,0.0	,0.0	,544.55	,611.87	,	,	,****,****,****,****,,否,否,	,	,	,否,	,	,	,	,	,	,	,	,	,	,	,	,否,否,	,否,	,,	,否,	,否,,,否
【重磅新品】云米净水器600G小海豚升级版厨下式RO反渗透直饮家用,251102-176422981953058,未发货，退款成功,1	,正常,2025-11-02 13:07:29,2025-11-03 13:07:29,,	,	,225501370546	,【24年新品】600G升级版6年长效,1600502140541	,厨房电器,净水器/净水设备及配件耗材,净水器,	,6923185653684	,6923185616399	,拦截ZX2511020063904	 ,	,退款成功,,2025-11-02 13:07:29,	,,,,,,,否,否,	,否,	,,558.99	,0.0	,0.0	,5.0	,0.0	,0.0	,0.0	,0.0	,553.99	,558.99	,	,	,云南省,昆明市,晋宁区,,,否,否,	,	,	,否,	,	,	,	,	,	,	,	,	,	,	,	,否,否,	,否,否,,	,否,	,否,,,否
云米26m³大吸力超薄鲲鹏抽油烟机聚能猛火灶智能家用厨房烟灶套装,251102-613354073693626,已发货，待收货,1	,正常,2025-11-02 12:57:23,2025-11-03 12:57:23,,2025-11-02 20:18:25,	,702770659797	,26立方米大吸力烟机+5.2灶具（天）,1693886655641	,大家电,厨房大电,烟灶消套装,	,S2408271814001,	,	,	,无售后或售后取消,,2025-11-02 12:57:23,	,,,,,,,否,否,	,否,	,,2099.0	,0.0	,0.0	,90.0	,4.01	,0.0	,0.0	,0.0	,2009.0	,2099.0	,JDV023816151549,京东大件物流,山东省,青岛市,崂山区,,,否,否,	,	,	,否,	,	,	,	,	,	,	,	,	,	,	,	,否,否,	,否,否,,	,否,	,否,,,否
【重磅新品】云米净水器600G小海豚升级版厨下式RO反渗透直饮家用,251102-178562014760532,已发货，待收货,1	,正常,2025-11-02 12:52:32,2025-11-03 12:52:32,,2025-11-02 20:18:28,	,225501370546	,【24年新品】600G升级版6年长效,1600502140541	,厨房电器,净水器/净水设备及配件耗材,净水器,	,6923185653684	,6923185616399	,	,	,无售后或售后取消,,2025-11-02 12:52:32,	,,,,,,,否,否,	,否,	,,558.99	,0.0	,0.0	,30.0	,1.05	,0.0	,0.0	,0.0	,528.99	,558.99	,JDV023813480645,京东大件物流,重庆市,重庆市,璧山区,,,否,否,	,	,	,否,	,	,	,	,	,	,	,	,	,	,	,	,否,否,	,否,否,,	,否,	,否,,,否
云米顶侧大吸力蓝调油烟机家用厨房节能自清洁一级能效可挥手智控,251102-294901594540484,已取消,1	,正常,	,	,,	,	,657344402006	,云米智清洁挥手智控单烟机,1723825075586	,大家电,厨房大电,油烟机,	,6923185650973	,6923185650973	,	,	,无售后或售后取消,,	,	,,,,,,,否,否,	,否,	,,839.0	,0.0	,42.0	,0.0	,0.0	,0.0	,0.0	,0.0	,797.0	,797.0	,	,	,****,****,****,****,,否,否,	,	,	,否,	,	,	,	,	,	,	,	,	,	,	,	,否,否,	,否,	,,	,否,	,否,,,否
云米AI燃气热水器智控恒温防冻节能安全水质净化精准控温13L强排,251102-018046000680503,已发货，待收货,1	,正常,2025-11-02 12:44:31,2025-11-03 12:44:31,,2025-11-02 20:18:26,	,773161065181	,智控恒温燃气热水器,1755671371526	,大家电,热水器,燃气热水器,	,6923185655688	,6923185655688	,	,	,无售后或售后取消,,2025-11-02 12:44:31,	,,,,,,,否,否,	,否,	,,588.0	,0.0	,0.0	,29.4	,0.2	,0.0	,0.0	,0.0	,558.6	,588.0	,JDV023814487797,京东大件物流,福建省,莆田市,涵江区,,,否,否,	,	,	,否,	,	,	,	,	,	,	,	,	,	,	,	,否,否,	,否,否,,	,否,	,否,,,否
云米5.0KW智能燃气灶大火力爆炒灶具一级节能家用厨房双灶头台嵌,251102-367609781824020,已发货，待收货,1	,正常,2025-11-02 12:43:17,2025-11-03 12:43:17,,2025-11-02 14:48:52,	,623266189560	,5.0KW精焰猛火灶（天然气）,1690346386816	,大家电,厨房大电,燃气灶,	,6923185649656	,	,	,	,无售后或售后取消,,2025-11-02 12:43:17,	,,,,,,,否,否,	,否,	,,779.0	,0.0	,0.0	,0.0	,0.0	,0.0	,0.0	,0.0	,779.0	,779.0	,JDV023812174009,京东配送,天津市,天津市,滨海新区,,,否,否,	,	,	,否,	,	,	,	,	,	,	,	,	,	,	,	,否,否,	,否,否,,	,否,	,否,,,否
云米AI油烟机双腔大吸力Smart双腔一级能效23m³大风压智清洁节能,251102-597698813504020,已发货，待收货,1	,正常,2025-11-02 12:42:48,2025-11-03 12:42:48,,2025-11-02 14:48:56,	,750412983827	,AI双腔强吸油烟机,1737582711971	,大家电,厨房大电,油烟机,	,6923185649229	,6923185649229	,这个烟机订单和251102-367609781824020这个灶具订单一起，给客户到手价1099元,	,无售后或售后取消,,2025-11-02 12:42:48,	,,,,,,,否,否,	,否,	,,832.0	,0.0	,42.0	,5.0	,0.0	,0.0	,0.0	,0.0	,785.0	,790.0	,JDV023812146341,京东配送,天津市,天津市,滨海新区,,,否,否,	,	,	,否,	,	,	,	,	,	,	,	,	,	,	,	,否,否,	,否,否,,	,否,	,否,,,否
【冷热直饮套装】云米净水器家用厨下管线机套装一键即热制冷直饮,251102-581162770063671,待发货,1	,正常,2025-11-02 12:42:15,2025-11-18 12:42:15,,	,	,480070620581	,【净热直饮套装】新品净水器+制热管线机,1620106386126	,厨房电器,净水器/净水设备及配件耗材,净水器,	,S2405281401001,	,延迟发货已登 [viomi莉莉sk 11/02 12:57],	,无售后或售后取消,,2025-11-02 12:42:15,	,,,,,,,否,否,	,否,	,,1349.0	,0.0	,0.0	,134.9	,2.42	,0.0	,0.0	,0.0	,1214.1	,1349.0	,	,	,湖北省,武汉市,江岸区,,,否,否,	,	,	,否,	,	,	,	,	,	,	,	,	,	,	,	,否,否,	,否,否,,	,否,	,否,,,否
云米AI燃气热水器智控恒温防冻节能安全水质净化精准控温13L强排,251102-402003084840503,未发货，退款成功,1	,正常,2025-11-02 12:41:23,2025-11-03 12:41:23,,	,	,773161065181	,智控恒温燃气热水器,1755671371526	,大家电,热水器,燃气热水器,	,6923185655688	,6923185655688	,聚水潭已取消发货 已退款   叶11.2,	,退款成功,,2025-11-02 12:41:23,	,,,,,,,否,否,	,否,	,,588.0	,0.0	,0.0	,29.4	,0.2	,0.0	,0.0	,0.0	,558.6	,588.0	,	,	,福建省,莆田市,涵江区,,,否,否,	,	,	,否,	,	,	,	,	,	,	,	,	,	,	,	,否,否,	,否,否,,	,否,	,否,,,否
【重磅新品】云米净水器600G小海豚升级版厨下式RO反渗透直饮家用,251102-087797276200532,未发货，退款成功,1	,正常,2025-11-02 12:38:13,2025-11-03 12:38:13,,	,	,225501370546	,【24年新品】600G升级版6年长效,1600502140541	,厨房电器,净水器/净水设备及配件耗材,净水器,	,6923185653684	,6923185616399	,聚水潭已取消发货 已退款   叶11.2,	,退款成功,,2025-11-02 12:38:13,	,,,,,,,否,否,	,否,	,,558.99	,0.0	,0.0	,30.0	,1.05	,0.0	,0.0	,0.0	,528.99	,558.99	,	,	,重庆市,重庆市,璧山区,,,否,否,	,	,	,否,	,	,	,	,	,	,	,	,	,	,	,	,否,否,	,否,否,,	,否,	,否,,,否
云米智能AI门锁3D指纹密码蓝牙可连大容量续航家用公寓自动安全,251102-545427372431944,待付款,1	,正常,	,	,,	,	,743885774552	,"云米蓝调指纹密码锁LBT11C,黑色",1734954999916	,基础建材,智能门锁/电子锁,智能门锁/电子锁,	,6923185655381	,6923185655381	,	,	,无售后或售后取消,,	,	,,,,,,,否,否,	,否,	,,662.0	,0.0	,34.0	,0.0	,0.0	,0.0	,0.0	,0.0	,628.0	,628.0	,	,	,****,****,****,****,,否,否,	,	,	,否,	,	,	,	,	,	,	,	,	,	,	,	,否,否,	,否,	,,	,否,	,否,,,否
云米AI油烟机双腔大吸力Smart双腔一级能效23m³大风压智清洁节能,251102-020929584704020,未发货，退款成功,1	,正常,2025-11-02 12:31:22,2025-11-03 12:31:23,,	,	,750412983827	,AI双腔强吸油烟机,1737582711971	,大家电,厨房大电,油烟机,	,6923185649229	,6923185649229	,聚水潭已取消发货 已退款   叶11.2,	,退款成功,,2025-11-02 12:31:23,	,,,,,,,否,否,	,否,	,,832.0	,0.0	,42.0	,79.0	,0.0	,0.0	,0.0	,0.0	,711.0	,790.0	,	,	,天津市,天津市,滨海新区,,,否,否,	,	,	,否,	,	,	,	,	,	,	,	,	,	,	,	,否,否,	,否,否,,	,否,	,否,,,否
【冷热直饮套装】云米净水器家用厨下管线机套装一键即热制冷直饮,251102-504532846223747,已发货，待收货,1	,正常,2025-11-02 12:26:24,2025-11-03 12:26:24,,2025-11-02 20:18:28,	,480070620581	,【冷热净水直饮套装】新品净水器+冷热管线机,1620106386127	,厨房电器,净水器/净水设备及配件耗材,净水器,	,S2407170910001,	,	,	,无售后或售后取消,,2025-11-02 12:26:24,	,,,,,,,否,否,	,否,	,,1429.0	,0.0	,20.0	,140.9	,6.0	,0.0	,0.0	,0.0	,1268.1	,1409.0	,JDV023814502721,京东大件物流,广西壮族自治区,贺州市,八步区,,,否,否,	,	,	,否,	,	,	,	,	,	,	,	,	,	,	,	,否,否,	,否,否,,	,否,	,否,,,否
【冷热直饮套装】云米净水器家用厨下管线机套装一键即热制冷直饮,251102-259260496213389,待付款,1	,正常,	,	,,	,	,480070620581	,【冷热净水直饮套装】新品净水器+冷热管线机,1620106386127	,厨房电器,净水器/净水设备及配件耗材,净水器,	,S2407170910001,	,	,	,无售后或售后取消,,	,	,,,,,,,否,否,	,否,	,,1429.0	,0.0	,20.0	,140.9	,0.0	,0.0	,0.0	,0.0	,1268.1	,1409.0	,	,	,****,****,****,****,,否,否,	,	,	,否,	,	,	,	,	,	,	,	,	,	,	,	,否,否,	,否,	,,	,否,	,否,,,否
【重磅新品】云米净水器600G小海豚升级版厨下式RO反渗透直饮家用,251102-351168182562166,已取消,1	,正常,	,	,,	,	,225501370546	,【24年新品】600G升级版6年长效,1600502140541	,厨房电器,净水器/净水设备及配件耗材,净水器,	,6923185653684	,6923185616399	,	,	,无售后或售后取消,,	,	,,,,,,,否,否,	,否,	,,558.99	,0.0	,0.0	,0.0	,0.0	,0.0	,0.0	,0.0	,558.99	,558.99	,	,	,****,****,****,****,,否,否,	,	,	,否,	,	,	,	,	,	,	,	,	,	,	,	,否,否,	,否,	,,	,否,	,否,,,否
【重磅新品】云米净水器600G小海豚升级版厨下式RO反渗透直饮家用,251102-054840542782771,已取消,1	,正常,	,	,,	,	,225501370546	,【24年新品】600G升级版6年长效,1600502140541	,厨房电器,净水器/净水设备及配件耗材,净水器,	,6923185653684	,6923185616399	,	,	,无售后或售后取消,,	,	,,,,,,,否,否,	,否,	,,558.99	,0.0	,0.0	,0.0	,0.0	,0.0	,0.0	,0.0	,558.99	,558.99	,	,	,****,****,****,****,,否,否,	,	,	,否,	,	,	,	,	,	,	,	,	,	,	,	,否,否,	,否,	,,	,否,	,否,,,否
【重磅新品】云米净水器600G小海豚升级版厨下式RO反渗透直饮家用,251102-530097160513208,已发货，待收货,1	,正常,2025-11-02 12:09:50,2025-11-03 12:09:50,,2025-11-02 20:18:28,	,225501370546	,【24年新品】600G升级版6年长效,1600502140541	,厨房电器,净水器/净水设备及配件耗材,净水器,	,6923185653684	,6923185616399	,	,	,无售后或售后取消,,2025-11-02 12:09:50,	,,,,,,,否,否,	,否,	,,558.99	,0.0	,0.0	,0.0	,1.11	,0.0	,0.0	,0.0	,558.99	,558.99	,JDV023814514224,京东大件物流,广东省,珠海市,香洲区,,,否,否,	,	,	,否,	,	,	,	,	,	,	,	,	,	,	,	,否,否,	,否,否,,	,否,	,否,,,否
【母婴直饮】云米净水器 SE 600G+ 新升级厨下式RO反渗透直饮家用,251102-373293105512333,已发货，待收货,1	,正常,2025-11-02 12:09:30,2025-11-03 12:09:30,,2025-11-02 15:27:58,	,819506595979	,【24年新品】600G升级版6年长效,1787046011387	,厨房电器,净水器/净水设备及配件耗材,净水器,	,6923185653684	,6923185616399	,	,	,无售后或售后取消,,2025-11-02 12:09:30,	,,,,,,,否,否,	,否,	,,748.0	,0.0	,130.15	,97.24	,0.0	,0.0	,0.0	,0.0	,520.61	,617.85	,JDV023812689174,京东配送,河北省,唐山市,乐亭县,,,否,否,	,	,	,否,	,	,	,	,	,	,	,	,	,	,	,	,否,否,	,否,是,3	,商家,否,	,否,,信用卡分期,否
【母婴直饮】云米净水器 SE 600G+ 新升级厨下式RO反渗透直饮家用,251102-668257564991547,已取消,1	,正常,	,	,,	,	,819506595979	,【24年新品】600G升级版6年长效,1787046011387	,厨房电器,净水器/净水设备及配件耗材,净水器,	,6923185653684	,6923185616399	,	,	,无售后或售后取消,,	,	,,,,,,,否,否,	,否,	,,748.0	,0.0	,136.13	,67.32	,0.0	,0.0	,0.0	,0.0	,544.55	,611.87	,	,	,****,****,****,****,,否,否,	,	,	,否,	,	,	,	,	,	,	,	,	,	,	,	,否,否,	,否,	,,	,否,	,否,,,否
【重磅新品】云米净水器600G小海豚升级版厨下式RO反渗透直饮家用,251102-650201013853465,已发货，待收货,1	,正常,2025-11-02 12:06:19,2025-11-03 12:06:19,,2025-11-02 15:58:38,	,225501370546	,【24年新品】600G升级版6年长效,1600502140541	,厨房电器,净水器/净水设备及配件耗材,净水器,	,6923185653684	,6923185616399	,	,	,无售后或售后取消,,2025-11-02 12:06:19,	,,,,,,,否,否,	,否,	,,558.99	,0.0	,0.0	,2.0	,0.0	,0.0	,0.0	,0.0	,556.99	,558.99	,JDV023812537183,京东大件物流,辽宁省,盘锦市,兴隆台区,,,否,否,	,	,	,否,	,	,	,	,	,	,	,	,	,	,	,	,否,否,	,否,是,3	,商家,否,	,否,,花呗分期,否
【母婴直饮】云米净水器 SE 600G+ 新升级厨下式RO反渗透直饮家用,251102-163882023200187,已发货，待收货,1	,正常,2025-11-02 12:05:57,2025-11-30 12:05:57,,2025-11-02 15:28:07,	,819506595979	,【24年新品】600G升级版6年长效,1787046011387	,厨房电器,净水器/净水设备及配件耗材,净水器,	,6923185653684	,6923185616399	,	,	,无售后或售后取消,,2025-11-02 12:05:57,	,,,,,,,否,否,	,否,	,,748.0	,0.0	,134.64	,74.8	,0.0	,0.0	,0.0	,0.0	,538.56	,613.36	,JDV023812881658,京东配送,山东省,临沂市,兰山区,,,否,否,	,	,	,否,	,	,	,	,	,	,	,	,	,	,	,	,否,否,	,否,否,,	,否,	,否,,,否
云米净水器滤芯小蓝调小海豚600G+专用复合滤芯RO反渗透滤芯过滤,251102-093470103193101,已发货，待收货,1	,正常,2025-11-02 11:46:11,2025-11-03 11:46:12,,2025-11-02 13:55:09,	,296967601341	,5in1复合滤芯 2年长效,1600193054565	,厨房电器,净水器/净水设备及配件耗材,净水器,	,6923185627425	,	,补差后返到手价99,	,无售后或售后取消,,2025-11-02 11:46:12,	,,,,,,,否,否,	,否,中国新疆中转,,299.0	,0.0	,0.0	,0.0	,0.2	,0.0	,0.0	,0.0	,299.0	,299.0	,JDV023810550973,京东配送,陕西省,咸阳市,泾阳县,,,否,否,	,	,	,否,	,	,	,	,	,	,	,	,	,	,	,	,否,否,	,否,否,,	,否,	,否,,,否
【重磅新品】云米净水器600G小海豚升级版厨下式RO反渗透直饮家用,251102-456759775571934,已发货，待收货,1	,正常,2025-11-02 11:43:44,2025-11-03 11:43:44,,2025-11-02 15:58:38,	,225501370546	,【24年新品】600G升级版6年长效,1600502140541	,厨房电器,净水器/净水设备及配件耗材,净水器,	,6923185653684	,6923185616399	,送tds笔,	,无售后或售后取消,,2025-11-02 11:43:44,	,,,,,,,否,否,	,否,	,,558.99	,0.0	,0.0	,55.89	,0.0	,0.0	,0.0	,0.0	,503.1	,558.99	,JDV023812552457,京东大件物流,新疆维吾尔自治区,阿克苏地区,温宿县,,,否,否,	,	,	,否,	,	,	,	,	,	,	,	,	,	,	,	,否,否,	,否,否,,	,否,	,否,,,否
【冷热直饮套装】云米净水器家用厨下管线机套装一键即热制冷直饮,251102-276624904500297,已发货，待收货,1	,正常,2025-11-02 11:41:36,2025-11-03 11:41:36,,2025-11-02 13:43:52,	,480070620581	,【冷热净水直饮套装】新品净水器+冷热管线机,1620106386127	,厨房电器,净水器/净水设备及配件耗材,净水器,	,S2407170910001,	,	,	,无售后或售后取消,,2025-11-02 11:41:36,	,,,,,,,否,否,	,否,	,,1429.0	,0.0	,20.0	,0.0	,0.0	,0.0	,0.0	,0.0	,1409.0	,1409.0	,JDV023810657722,京东配送,四川省,成都市,温江区,,,否,否,	,	,	,否,	,	,	,	,	,	,	,	,	,	,	,	,否,否,	,否,否,,	,否,	,否,,,否
【重磅新品】云米净水器600G小海豚升级版厨下式RO反渗透直饮家用,251102-481055291710392,已取消,1	,正常,	,	,,	,	,225501370546	,【24年新品】600G升级版6年长效,1600502140541	,厨房电器,净水器/净水设备及配件耗材,净水器,	,6923185653684	,6923185616399	,	,	,无售后或售后取消,,	,	,,,,,,,否,否,	,否,	,,558.99	,0.0	,0.0	,0.0	,0.0	,0.0	,0.0	,0.0	,558.99	,558.99	,	,	,****,****,****,****,,否,否,	,	,	,否,	,	,	,	,	,	,	,	,	,	,	,	,否,否,	,否,	,,	,否,	,否,,,否
【重磅新品】云米净水器600G小海豚升级版厨下式RO反渗透直饮家用,251102-387532756633169,已发货，待收货,1	,正常,2025-11-02 11:34:53,2025-11-03 11:34:53,,2025-11-02 15:58:39,	,225501370546	,【24年新品】600G升级版6年长效,1600502140541	,厨房电器,净水器/净水设备及配件耗材,净水器,	,6923185653684	,6923185616399	,	,	,无售后或售后取消,,2025-11-02 11:34:53,	,,,,,,,否,否,	,否,	,,558.99	,0.0	,0.0	,0.0	,0.0	,0.0	,0.0	,0.0	,558.99	,558.99	,JDV023812184807,京东大件物流,福建省,厦门市,集美区,,,否,否,	,	,	,否,	,	,	,	,	,	,	,	,	,	,	,	,否,否,	,否,否,,	,否,	,否,,,否
【母婴直饮】云米净水器 SE 600G+ 新升级厨下式RO反渗透直饮家用,251102-091058378322593,已发货，待收货,1	,正常,2025-11-02 11:28:44,2025-11-03 11:28:44,,2025-11-02 13:25:38,	,819506595979	,【24年新品】600G升级版6年长效,1787046011387	,厨房电器,净水器/净水设备及配件耗材,净水器,	,6923185653684	,6923185616399	,	,	,无售后或售后取消,,2025-11-02 11:28:44,	,,,,,,,否,否,	,否,	,,748.0	,0.0	,129.6	,100.0	,0.0	,0.0	,0.0	,0.0	,518.4	,618.4	,JDV023811413329,京东配送,北京市,北京市,海淀区,,,否,否,	,	,	,否,	,	,	,	,	,	,	,	,	,	,	,	,否,否,	,否,否,,	,否,	,否,,,否
【重磅新品】云米净水器600G小海豚升级版厨下式RO反渗透直饮家用,251102-466532493723716,已发货，待收货,1	,正常,2025-11-02 11:20:47,2025-11-03 11:20:47,,2025-11-02 14:02:04,	,225501370546	,【24年新品】600G升级版6年长效,1600502140541	,厨房电器,净水器/净水设备及配件耗材,净水器,	,6923185653684	,6923185616399	,送tds ,	,无售后或售后取消,,2025-11-02 11:20:47,	,,,,,,,否,否,	,否,	,,558.99	,0.0	,0.0	,55.89	,15.0	,0.0	,0.0	,0.0	,503.1	,558.99	,JDV023811229331,京东大件物流,山西省,太原市,小店区,,,否,否,	,	,	,否,	,	,	,	,	,	,	,	,	,	,	,	,否,否,	,否,否,,	,否,	,否,,,否
云米净水器滤芯家用小海豚小蓝调小白龙系列专用RO反渗透,251102-296967237202593,未发货，退款成功,1	,正常,2025-11-02 11:13:08,2025-11-04 11:13:08,,	,	,232467205433	,600G RO反渗透,1358951046252	,厨房电器,净水器/净水设备及配件耗材,净水器,	,6923185618379	,	,聚水潭已取消发货 已退款   叶11.2,	,退款成功,,2025-11-02 11:13:08,	,,,,,,,否,否,	,否,	,,549.0	,0.0	,0.0	,43.0	,0.0	,0.0	,0.0	,0.0	,506.0	,549.0	,	,	,北京市,北京市,海淀区,,,否,否,	,	,	,否,	,	,	,	,	,	,	,	,	,	,	,	,否,否,	,否,否,,	,否,	,否,,,否
【重磅新品】云米净水器600G小海豚升级版厨下式RO反渗透直饮家用,251102-061792601751903,已取消,1	,正常,	,	,,	,	,225501370546	,【24年新品】600G升级版6年长效,1600502140541	,厨房电器,净水器/净水设备及配件耗材,净水器,	,6923185653684	,6923185616399	,	,	,无售后或售后取消,,	,	,,,,,,,否,否,	,否,	,,558.99	,0.0	,0.0	,50.0	,0.0	,0.0	,0.0	,0.0	,508.99	,558.99	,	,	,****,****,****,****,,否,否,	,	,	,否,	,	,	,	,	,	,	,	,	,	,	,	,否,否,	,否,	,,	,否,	,否,,,否
【重磅新品】云米净水器600G小海豚升级版厨下式RO反渗透直饮家用,251102-354586519890043,已发货，待收货,1	,正常,2025-11-02 10:54:43,2025-11-03 10:54:43,,2025-11-02 15:58:39,	,225501370546	,【24年新品】600G升级版6年长效,1600502140541	,厨房电器,净水器/净水设备及配件耗材,净水器,	,6923185653684	,6923185616399	,	,	,无售后或售后取消,,2025-11-02 10:54:43,	,,,,,,,否,否,	,否,	,,558.99	,0.0	,0.0	,0.0	,0.0	,0.0	,0.0	,0.0	,558.99	,558.99	,JDV023812154559,京东大件物流,广东省,广州市,增城区,,,否,否,	,	,	,否,	,	,	,	,	,	,	,	,	,	,	,	,否,否,	,否,否,,	,否,	,否,,,否
【重磅新品】云米净水器600G小海豚升级版厨下式RO反渗透直饮家用,251102-392335255980910,已发货，待收货,1	,正常,2025-11-02 10:49:03,2025-11-03 10:49:03,,2025-11-02 15:58:39,	,225501370546	,【24年新品】600G升级版6年长效,1600502140541	,厨房电器,净水器/净水设备及配件耗材,净水器,	,6923185653684	,6923185616399	,	,	,无售后或售后取消,,2025-11-02 10:49:03,	,,,,,,,否,否,	,否,	,,558.99	,0.0	,0.0	,55.89	,0.0	,0.0	,0.0	,0.0	,503.1	,558.99	,JDV023811214545,京东大件物流,河北省,张家口市,桥西区,,,否,否,	,	,	,否,	,	,	,	,	,	,	,	,	,	,	,	,否,否,	,否,否,,	,否,	,否,,,否
【重磅新品】云米净水器600G小海豚升级版厨下式RO反渗透直饮家用,251102-637303528962094,已取消,1	,正常,	,	,,	,	,225501370546	,【24年新品】600G升级版6年长效,1600502140541	,厨房电器,净水器/净水设备及配件耗材,净水器,	,6923185653684	,6923185616399	,	,	,无售后或售后取消,,	,	,,,,,,,否,否,	,否,	,,558.99	,0.0	,0.0	,0.0	,0.0	,0.0	,0.0	,0.0	,558.99	,558.99	,	,	,****,****,****,****,,否,否,	,	,	,否,	,	,	,	,	,	,	,	,	,	,	,	,否,否,	,否,	,,	,否,	,否,,,否
云米净水器滤芯小蓝调小海豚600G+专用复合滤芯RO反渗透滤芯过滤,251102-250756482711321,已发货，待收货,1	,正常,2025-11-02 10:45:24,2025-11-03 10:45:25,,2025-11-02 14:23:53,	,296967601341	,5in1复合滤芯 2年长效,1600193054565	,厨房电器,净水器/净水设备及配件耗材,净水器,	,6923185627425	,	,补差后返到手价99,	,无售后或售后取消,,2025-11-02 10:45:25,	,,,,,,,否,否,	,否,	,,299.0	,0.0	,0.0	,9.0	,0.0	,0.0	,0.0	,0.0	,290.0	,299.0	,JDV023809496774,京东配送,广东省,广州市,白云区,,,否,否,	,	,	,否,	,	,	,	,	,	,	,	,	,	,	,	,否,否,	,否,否,,	,否,	,否,,,否
【重磅新品】云米净水器600G小海豚升级版厨下式RO反渗透直饮家用,251102-342402014772620,已取消,1	,正常,	,	,,	,	,225501370546	,【24年新品】600G升级版6年长效,1600502140541	,厨房电器,净水器/净水设备及配件耗材,净水器,	,6923185653684	,6923185616399	,	,	,无售后或售后取消,,	,	,,,,,,,否,否,	,否,	,,558.99	,0.0	,0.0	,50.0	,0.0	,0.0	,0.0	,0.0	,508.99	,558.99	,	,	,****,****,****,****,,否,否,	,	,	,否,	,	,	,	,	,	,	,	,	,	,	,	,否,否,	,否,	,,	,否,	,否,,,否
【母婴直饮】云米净水器 SE 600G+ 新升级厨下式RO反渗透直饮家用,251102-239243159992745,已取消,1	,正常,	,	,,	,	,819506595979	,【24年新品】600G升级版6年长效,1787046011387	,厨房电器,净水器/净水设备及配件耗材,净水器,	,6923185653684	,6923185616399	,	,	,无售后或售后取消,,	,	,,,,,,,否,否,	,否,	,,748.0	,0.0	,139.6	,50.0	,0.0	,0.0	,0.0	,0.0	,558.4	,608.4	,	,	,****,****,****,****,,否,否,	,	,	,否,	,	,	,	,	,	,	,	,	,	,	,	,否,否,	,否,	,,	,否,	,否,,,否
【重磅新品】云米净水器600G小海豚升级版厨下式RO反渗透直饮家用,251102-267103844640696,已取消,1	,正常,	,	,,	,	,225501370546	,【24年新品】600G升级版6年长效,1600502140541	,厨房电器,净水器/净水设备及配件耗材,净水器,	,6923185653684	,6923185616399	,	,	,无售后或售后取消,,	,	,,,,,,,否,否,	,否,	,,558.99	,0.0	,0.0	,0.0	,0.0	,0.0	,0.0	,0.0	,558.99	,558.99	,	,	,****,****,****,****,,否,否,	,	,	,否,	,	,	,	,	,	,	,	,	,	,	,	,否,否,	,否,	,,	,否,	,否,,,否
【重磅新品】云米净水器600G小海豚升级版厨下式RO反渗透直饮家用,251102-568621801003850,已发货，待收货,1	,正常,2025-11-02 10:39:59,2025-11-03 10:39:59,,2025-11-02 15:58:39,	,225501370546	,【24年新品】600G升级版6年长效,1600502140541	,厨房电器,净水器/净水设备及配件耗材,净水器,	,6923185653684	,6923185616399	,	,	,无售后或售后取消,,2025-11-02 10:39:59,	,,,,,,,否,否,	,否,	,,558.99	,0.0	,0.0	,0.0	,0.0	,0.0	,0.0	,0.0	,558.99	,558.99	,JDV023812194167,京东大件物流,广东省,深圳市,坪山区,,,否,否,	,	,	,否,	,	,	,	,	,	,	,	,	,	,	,	,否,否,	,否,否,,	,否,	,否,,,否
【重磅新品】云米净水器600G小海豚升级版厨下式RO反渗透直饮家用,251102-000377557371004,已取消,1	,正常,	,	,,	,	,225501370546	,【24年新品】600G升级版6年长效,1600502140541	,厨房电器,净水器/净水设备及配件耗材,净水器,	,6923185653684	,6923185616399	,	,	,无售后或售后取消,,	,	,,,,,,,否,否,	,否,	,,558.99	,0.0	,0.0	,0.0	,0.0	,0.0	,0.0	,0.0	,558.99	,558.99	,	,	,****,****,****,****,,否,否,	,	,	,否,	,	,	,	,	,	,	,	,	,	,	,	,否,否,	,否,	,,	,否,	,否,,,否
【母婴直饮】云米净水器 SE 600G+ 新升级厨下式RO反渗透直饮家用,251102-459884490393101,已发货，待收货,1	,正常,2025-11-02 10:37:10,2025-11-03 10:37:10,,2025-11-02 13:44:44,	,819506595979	,【24年新品】600G升级版6年长效,1787046011387	,厨房电器,净水器/净水设备及配件耗材,净水器,	,6923185653684	,6923185616399	,	,	,无售后或售后取消,,2025-11-02 10:37:10,	,,,,,,,否,否,	,否,	,,748.0	,0.0	,129.6	,100.0	,0.0	,0.0	,0.0	,0.0	,518.4	,618.4	,JDV023811212690,京东配送,新疆维吾尔自治区,乌鲁木齐市,头屯河区,,,否,否,	,	,	,否,	,	,	,	,	,	,	,	,	,	,	,	,否,否,	,否,否,,	,否,	,否,,,否
云米净水器滤芯家用小海豚小蓝调小白龙系列专用RO反渗透,251102-514976715051677,已发货，待收货,1	,正常,2025-11-02 10:32:29,2025-11-04 10:32:29,,2025-11-02 13:35:07,	,232467205433	,5in1 复合滤芯,1647394585330	,厨房电器,净水器/净水设备及配件耗材,净水器,	,6923185627425	,	,补差后返到手价109,	,无售后或售后取消,,2025-11-02 10:32:29,	,,,,,,,否,否,	,否,	,,149.0	,0.0	,0.0	,3.0	,0.0	,0.0	,0.0	,0.0	,146.0	,149.0	,JDV023809279426,京东配送,黑龙江省,大庆市,让胡路区,,,否,否,	,	,	,否,	,	,	,	,	,	,	,	,	,	,	,	,否,否,	,否,否,,	,否,	,否,,,否
云米AI油烟机双腔大吸力Smart双腔一级能效23m³大风压智清洁节能,251102-274276062784020,未发货，退款成功,1	,审核中，请勿发货,2025-11-02 10:32:05,2025-11-03 10:32:05,,	,	,750412983827	,AI双腔强吸油烟机,1737582711971	,大家电,厨房大电,油烟机,	,6923185649229	,6923185649229	,聚水潭已取消发货 已退款   叶11.2,	,退款成功,,2025-11-02 10:32:05,	,,,,,,,否,否,	,否,	,,832.0	,0.0	,42.0	,79.0	,0.0	,0.0	,0.0	,0.0	,711.0	,790.0	,	,	,天津市,天津市,滨海新区,,,否,否,	,	,	,否,	,	,	,	,	,	,	,	,	,	,	,	,否,否,	,否,	,,	,否,	,否,,,否
【重磅新品】云米净水器600G小海豚升级版厨下式RO反渗透直饮家用,251102-453991493203710,已发货，待收货,1	,正常,2025-11-02 10:31:19,2025-11-03 10:31:19,,2025-11-02 14:02:05,	,225501370546	,【24年新品】600G升级版6年长效,1600502140541	,厨房电器,净水器/净水设备及配件耗材,净水器,	,6923185653684	,6923185616399	,	,	,无售后或售后取消,,2025-11-02 10:31:19,	,,,,,,,否,否,	,否,	,,558.99	,0.0	,0.0	,55.89	,15.0	,0.0	,0.0	,0.0	,503.1	,558.99	,JDV023810375906,京东大件物流,山东省,烟台市,龙口市,,,否,否,	,	,	,否,	,	,	,	,	,	,	,	,	,	,	,	,否,否,	,否,否,,	,否,	,否,,,否
云米净水器滤芯小蓝调小海豚600G+专用复合滤芯RO反渗透滤芯过滤,251102-394222671443710,已发货，待收货,1	,正常,2025-11-02 10:30:52,2025-11-03 10:30:53,,2025-11-02 13:36:40,	,296967601341	,5in1复合滤芯 2年长效,1600193054565	,厨房电器,净水器/净水设备及配件耗材,净水器,	,6923185627425	,	,补差后返到手价99,	,无售后或售后取消,,2025-11-02 10:30:53,	,,,,,,,否,否,	,否,	,,299.0	,0.0	,0.0	,44.85	,5.0	,0.0	,0.0	,0.0	,254.15	,299.0	,JDV023810351786,京东配送,山东省,烟台市,龙口市,,,否,否,	,	,	,否,	,	,	,	,	,	,	,	,	,	,	,	,否,否,	,否,否,,	,否,	,否,,,否
【重磅新品】云米净水器600G小海豚升级版厨下式RO反渗透直饮家用,251102-404173657732460,已取消,1	,正常,	,	,,	,	,225501370546	,【24年新品】600G升级版6年长效,1600502140541	,厨房电器,净水器/净水设备及配件耗材,净水器,	,6923185653684	,6923185616399	,	,	,无售后或售后取消,,	,	,,,,,,,否,否,	,否,	,,558.99	,0.0	,0.0	,0.0	,0.0	,0.0	,0.0	,0.0	,558.99	,558.99	,	,	,****,****,****,****,,否,否,	,	,	,否,	,	,	,	,	,	,	,	,	,	,	,	,否,否,	,否,	,,	,否,	,否,,,否
【重磅新品】云米净水器600G小海豚升级版厨下式RO反渗透直饮家用,251102-378881984083312,未发货，退款成功,1	,正常,2025-11-02 10:24:11,2025-11-03 10:24:11,,	,	,225501370546	,【24年新品】600G升级版6年长效,1600502140541	,厨房电器,净水器/净水设备及配件耗材,净水器,	,6923185653684	,6923185616399	,拦截	ZX2511020063750,	,退款成功,,2025-11-02 10:24:11,	,,,,,,,否,否,	,否,	,,558.99	,0.0	,0.0	,50.0	,0.0	,0.0	,0.0	,0.0	,508.99	,558.99	,	,	,辽宁省,丹东市,凤城市,,,否,否,	,	,	,否,	,	,	,	,	,	,	,	,	,	,	,	,否,否,	,否,否,,	,否,	,否,,,否
【母婴直饮】云米净水器 SE 600G+ 新升级厨下式RO反渗透直饮家用,251102-606538329603775,已取消,1	,正常,	,	,,	,	,819506595979	,【24年新品】600G升级版6年长效,1787046011387	,厨房电器,净水器/净水设备及配件耗材,净水器,	,6923185653684	,6923185616399	,	,	,无售后或售后取消,,	,	,,,,,,,否,否,	,否,	,,748.0	,0.0	,138.2	,57.0	,0.0	,0.0	,0.0	,0.0	,552.8	,609.8	,	,	,****,****,****,****,,否,否,	,	,	,否,	,	,	,	,	,	,	,	,	,	,	,	,否,否,	,否,	,,	,否,	,否,,,否
【重磅新品】云米净水器600G小海豚升级版厨下式RO反渗透直饮家用,251102-204912760403312,未发货，退款成功,1	,正常,2025-11-02 10:20:56,2025-11-03 10:20:56,,	,	,225501370546	,【24年新品】600G升级版6年长效,1600502140541	,厨房电器,净水器/净水设备及配件耗材,净水器,	,6923185653684	,6923185616399	,聚水潭已取消发货 已退款   叶11.2,	,退款成功,,2025-11-02 10:20:56,	,,,,,,,否,否,	,否,	,,558.99	,0.0	,0.0	,50.0	,0.0	,0.0	,0.0	,0.0	,508.99	,558.99	,	,	,辽宁省,丹东市,凤城市,,,否,否,	,	,	,否,	,	,	,	,	,	,	,	,	,	,	,	,否,否,	,否,否,,	,否,	,否,,,否
【重磅新品】云米净水器600G小海豚升级版厨下式RO反渗透直饮家用,251102-451003083140685,已取消,1	,正常,	,	,,	,	,225501370546	,【24年新品】600G升级版6年长效,1600502140541	,厨房电器,净水器/净水设备及配件耗材,净水器,	,6923185653684	,6923185616399	,	,	,无售后或售后取消,,	,	,,,,,,,否,否,	,否,	,,558.99	,0.0	,0.0	,0.0	,0.0	,0.0	,0.0	,0.0	,558.99	,558.99	,	,	,****,****,****,****,,否,否,	,	,	,否,	,	,	,	,	,	,	,	,	,	,	,	,否,否,	,否,	,,	,否,	,否,,,否
【母婴直饮】云米净水器 SE 600G+ 新升级厨下式RO反渗透直饮家用,251102-487524943363775,已发货，待收货,1	,正常,2025-11-02 10:23:23,2025-11-03 10:23:24,,2025-11-02 13:43:35,	,819506595979	,【24年新品】600G升级版6年长效,1787046011387	,厨房电器,净水器/净水设备及配件耗材,净水器,	,6923185653684	,6923185616399	,	,	,无售后或售后取消,,2025-11-02 10:23:24,	,,,,,,,否,否,	,否,	,,748.0	,0.0	,129.6	,100.0	,0.0	,0.0	,0.0	,0.0	,518.4	,618.4	,JDV023810435756,京东配送,云南省,昆明市,官渡区,,,否,否,	,	,	,否,	,	,	,	,	,	,	,	,	,	,	,	,否,否,	,否,否,,	,否,	,否,,,否
【重磅新品】云米净水器600G小海豚升级版厨下式RO反渗透直饮家用,251102-672367952240426,已发货，待收货,1	,正常,2025-11-02 10:08:47,2025-11-03 10:08:48,,2025-11-02 14:02:04,	,225501370546	,【24年新品】600G升级版6年长效,1600502140541	,厨房电器,净水器/净水设备及配件耗材,净水器,	,6923185653684	,6923185616399	,	,	,无售后或售后取消,,2025-11-02 10:08:48,	,,,,,,,否,否,	,否,	,,558.99	,0.0	,0.0	,0.0	,15.0	,0.0	,0.0	,0.0	,558.99	,558.99	,JDV023810452181,京东大件物流,山西省,长治市,潞州区,,,否,否,	,	,	,否,	,	,	,	,	,	,	,	,	,	,	,	,否,否,	,否,否,,	,否,	,否,,,否
【重磅新品】云米净水器600G小海豚升级版厨下式RO反渗透直饮家用,251102-226387618183066,已发货，待收货,1	,正常,2025-11-02 10:09:08,2025-11-03 10:09:08,,2025-11-02 14:02:04,	,225501370546	,【24年新品】600G升级版6年长效,1600502140541	,厨房电器,净水器/净水设备及配件耗材,净水器,	,6923185653684	,6923185616399	,	,	,无售后或售后取消,,2025-11-02 10:09:08,	,,,,,,,否,否,	,否,	,,558.99	,0.0	,0.0	,0.0	,3.0	,0.0	,0.0	,0.0	,558.99	,558.99	,JDV023810834923,京东大件物流,贵州省,铜仁市,碧江区,,,否,否,	,	,	,否,	,	,	,	,	,	,	,	,	,	,	,	,否,否,	,否,否,,	,否,	,否,,,否
【重磅新品】云米净水器600G小海豚升级版厨下式RO反渗透直饮家用,251102-527203111303066,已取消,1	,正常,	,	,,	,	,225501370546	,【24年新品】600G升级版6年长效,1600502140541	,厨房电器,净水器/净水设备及配件耗材,净水器,	,6923185653684	,6923185616399	,	,	,无售后或售后取消,,	,	,,,,,,,否,否,	,否,	,,558.99	,0.0	,0.0	,0.0	,0.0	,0.0	,0.0	,0.0	,558.99	,558.99	,	,	,****,****,****,****,,否,否,	,	,	,否,	,	,	,	,	,	,	,	,	,	,	,	,否,否,	,否,	,,	,否,	,否,,,否
【母婴直饮】云米净水器 SE 600G+ 新升级厨下式RO反渗透直饮家用,251102-099541347951725,未发货，退款成功,1	,正常,2025-11-02 10:06:31,2025-11-03 10:06:31,,	,	,819506595979	,【24年新品】600G升级版6年长效,1787046011387	,厨房电器,净水器/净水设备及配件耗材,净水器,	,6923185653684	,6923185616399	,聚水潭已取消发货 已退款   叶11.2,	,退款成功,,2025-11-02 10:06:31,	,,,,,,,否,否,	,否,	,,748.0	,0.0	,0.0	,62.29	,0.0	,0.0	,0.0	,0.0	,685.71	,748.0	,	,	,辽宁省,沈阳市,新民市,,,否,否,	,	,	,否,	,	,	,	,	,	,	,	,	,	,	,	,否,否,	,否,否,,	,否,	,否,,,否
【母婴直饮】云米净水器 SE 600G+ 新升级厨下式RO反渗透直饮家用,251102-272315246932536,未发货，退款成功,1	,正常,2025-11-02 10:04:51,2025-11-03 10:04:51,,	,	,819506595979	,【24年新品】600G升级版6年长效,1787046011387	,厨房电器,净水器/净水设备及配件耗材,净水器,	,6923185653684	,6923185616399	,聚水潭已取消发货 已退款   叶11.2,	,退款成功,,2025-11-02 10:04:51,	,,,,,,,否,否,	,否,	,,748.0	,0.0	,149.6	,0.0	,0.0	,0.0	,0.0	,0.0	,598.4	,598.4	,	,	,广东省,汕头市,澄海区,,,否,否,	,	,	,否,	,	,	,	,	,	,	,	,	,	,	,	,否,否,	,否,否,,	,否,	,否,,,否
【重磅新品】云米净水器600G小海豚升级版厨下式RO反渗透直饮家用,251102-626230618451861,已发货，待收货,1	,正常,2025-11-02 10:03:04,2025-11-03 10:03:04,,2025-11-02 15:58:39,	,225501370546	,【24年新品】600G升级版6年长效,1600502140541	,厨房电器,净水器/净水设备及配件耗材,净水器,	,6923185653684	,6923185616399	,	,	,无售后或售后取消,,2025-11-02 10:03:04,	,,,,,,,否,否,	,否,	,,558.99	,0.0	,0.0	,0.0	,1.11	,0.0	,0.0	,0.0	,558.99	,558.99	,JDV023812173755,京东大件物流,广西壮族自治区,南宁市,西乡塘区,,,否,否,	,	,	,否,	,	,	,	,	,	,	,	,	,	,	,	,否,否,	,否,否,,	,否,	,否,,,否
云米小厨宝6L电热水器厨房卫生间出水恒温储水式小型速热神器加热,251102-641822943522250,已发货，待收货,1	,正常,2025-11-02 10:01:49,2025-11-03 10:01:49,,2025-11-02 14:53:52,	,208073193570	,热水即刻有-【6L】,1801828025682	,大家电,热水器,厨宝,	,6923185611233	,6923185611233	,	,	,无售后或售后取消,,2025-11-02 10:01:49,	,,,,,,,否,否,	,否,	,,254.0	,0.0	,0.0	,10.0	,0.2	,0.0	,0.0	,0.0	,244.0	,254.0	,JDV023812193860,京东配送,广西壮族自治区,南宁市,邕宁区,,,否,否,	,	,	,否,	,	,	,	,	,	,	,	,	,	,	,	,否,否,	,否,否,,	,否,	,否,,,否
【母婴直饮】云米净水器 SE 600G+ 新升级厨下式RO反渗透直饮家用,251102-496605673780817,已发货，待收货,1	,正常,2025-11-02 10:01:24,2025-11-03 10:01:24,,2025-11-02 13:24:46,	,819506595979	,【24年新品】600G升级版6年长效,1787046011387	,厨房电器,净水器/净水设备及配件耗材,净水器,	,6923185653684	,6923185616399	,	,	,无售后或售后取消,,2025-11-02 10:01:24,	,,,,,,,否,否,	,否,	,,748.0	,0.0	,129.6	,100.0	,0.0	,0.0	,0.0	,0.0	,518.4	,618.4	,JDV023810419277,京东配送,辽宁省,鞍山市,海城市,,,否,否,	,	,	,否,	,	,	,	,	,	,	,	,	,	,	,	,否,否,	,否,否,,	,否,	,否,,,否
【冷热直饮套装】云米净水器家用厨下管线机套装一键即热制冷直饮,251102-096940889622777,已发货，待收货,1	,正常,2025-11-02 09:56:40,2025-11-03 09:56:40,,2025-11-02 14:05:45,	,480070620581	,【冷热净水直饮套装】新品净水器+冷热管线机,1620106386127	,厨房电器,净水器/净水设备及配件耗材,净水器,	,S2407170910001,	,	,	,无售后或售后取消,,2025-11-02 09:56:40,	,,,,,,,否,否,	,否,	,,1429.0	,0.0	,20.0	,70.45	,0.0	,0.0	,0.0	,0.0	,1338.55	,1409.0	,JDV023811414084,京东配送,江西省,九江市,庐山市,,,否,否,	,	,	,否,	,	,	,	,	,	,	,	,	,	,	,	,否,否,	,否,否,,	,否,	,否,,,否
云米净水器滤芯家用小海豚小蓝调小白龙系列专用RO反渗透,251102-118583488131966,已发货，待收货,1	,正常,2025-11-02 09:55:31,2025-11-04 09:55:31,,2025-11-02 14:26:55,	,232467205433	,5in1 复合滤芯,1647394585330	,厨房电器,净水器/净水设备及配件耗材,净水器,	,6923185627425	,	,	,	,无售后或售后取消,,2025-11-02 09:55:31,	,,,,,,,否,否,	,否,	,,149.0	,0.0	,0.0	,5.0	,0.11	,0.0	,0.0	,0.0	,144.0	,149.0	,JDV023809295454,京东配送,广东省,揭阳市,榕城区,,,否,否,	,	,	,否,	,	,	,	,	,	,	,	,	,	,	,	,否,否,	,否,否,,	,否,	,否,,,否
【重磅新品】云米净水器600G小海豚升级版厨下式RO反渗透直饮家用,251102-484085603921117,已发货，待收货,1	,正常,2025-11-02 09:52:54,2025-11-03 09:52:54,,2025-11-02 14:02:04,	,225501370546	,【24年新品】600G升级版6年长效,1600502140541	,厨房电器,净水器/净水设备及配件耗材,净水器,	,6923185653684	,6923185616399	,	,	,无售后或售后取消,,2025-11-02 09:52:54,	,,,,,,,否,否,	,否,	,,558.99	,0.0	,0.0	,0.0	,0.0	,0.0	,0.0	,0.0	,558.99	,558.99	,JDV023810764840,京东大件物流,甘肃省,武威市,凉州区,,,否,否,	,	,	,否,	,	,	,	,	,	,	,	,	,	,	,	,否,否,	,否,是,3	,商家,否,	,否,,信用卡分期,否
【重磅新品】云米净水器600G小海豚升级版厨下式RO反渗透直饮家用,251102-665971607172675,已发货，待收货,1	,正常,2025-11-02 09:51:59,2025-11-03 09:52:00,,2025-11-02 15:58:40,	,225501370546	,【24年新品】600G升级版6年长效,1600502140541	,厨房电器,净水器/净水设备及配件耗材,净水器,	,6923185653684	,6923185616399	,	,	,无售后或售后取消,,2025-11-02 09:52:00,	,,,,,,,否,否,	,否,	,,558.99	,0.0	,0.0	,0.0	,0.0	,0.0	,0.0	,0.0	,558.99	,558.99	,JDV023812114824,京东大件物流,广东省,中山市,小榄镇,,,否,否,	,	,	,否,	,	,	,	,	,	,	,	,	,	,	,	,否,否,	,否,否,,	,否,	,否,,,否
【重磅新品】云米净水器600G小海豚升级版厨下式RO反渗透直饮家用,251102-303583751812675,已取消,1	,正常,	,	,,	,	,225501370546	,【24年新品】600G升级版6年长效,1600502140541	,厨房电器,净水器/净水设备及配件耗材,净水器,	,6923185653684	,6923185616399	,	,	,无售后或售后取消,,	,	,,,,,,,否,否,	,否,	,,558.99	,0.0	,0.0	,0.0	,0.0	,0.0	,0.0	,0.0	,558.99	,558.99	,	,	,****,****,****,****,,否,否,	,	,	,否,	,	,	,	,	,	,	,	,	,	,	,	,否,否,	,否,	,,	,否,	,否,,,否
云米矿泉台式净饮机即热式饮水机直饮家用矿化加热一体机净水器,251102-525504397601429,已取消,1	,正常,	,	,,	,	,826920121377	,spuer2,1792670253677	,厨房电器,台式净饮机,台式净饮机,	,6923185615415	,6923185615415	,	,	,无售后或售后取消,,	,	,,,,,,,否,否,	,否,	,,1175.0	,0.0	,176.25	,0.0	,0.0	,0.0	,0.0	,0.0	,998.75	,998.75	,	,	,****,****,****,****,,否,否,	,	,	,否,	,	,	,	,	,	,	,	,	,	,	,	,否,否,	,否,	,,	,否,	,否,,,否
【重磅新品】云米净水器600G小海豚升级版厨下式RO反渗透直饮家用,251102-378116585903815,已发货，待收货,1	,正常,2025-11-02 09:48:10,2025-11-03 09:48:10,,2025-11-02 15:58:41,	,225501370546	,【24年新品】600G升级版6年长效,1600502140541	,厨房电器,净水器/净水设备及配件耗材,净水器,	,6923185653684	,6923185616399	,	,	,无售后或售后取消,,2025-11-02 09:48:10,	,,,,,,,否,否,	,否,	,,558.99	,0.0	,0.0	,0.0	,0.0	,0.0	,0.0	,0.0	,558.99	,558.99	,JDV023812128324,京东大件物流,广东省,深圳市,龙华区,,,否,否,	,	,	,否,	,	,	,	,	,	,	,	,	,	,	,	,否,否,	,否,否,,	,否,	,否,,,否
【重磅新品】云米净水器600G小海豚升级版厨下式RO反渗透直饮家用,251102-028122857901174,已发货，待收货,1	,正常,2025-11-02 09:46:18,2025-11-03 09:46:18,,2025-11-02 15:58:40,	,225501370546	,【24年新品】600G升级版6年长效,1600502140541	,厨房电器,净水器/净水设备及配件耗材,净水器,	,6923185653684	,6923185616399	,	,	,无售后或售后取消,,2025-11-02 09:46:18,	,,,,,,,否,否,	,否,	,,558.99	,0.0	,0.0	,0.0	,0.0	,0.0	,0.0	,0.0	,558.99	,558.99	,JDV023811414049,京东大件物流,江西省,抚州市,黎川县,,,否,否,	,	,	,否,	,	,	,	,	,	,	,	,	,	,	,	,否,否,	,否,否,,	,否,	,否,,,否
云米净水器滤芯小蓝调小海豚600G+专用复合滤芯RO反渗透滤芯过滤,251102-094550178173973,已发货，待收货,1	,正常,2025-11-02 09:42:50,2025-11-03 09:42:51,,2025-11-02 14:26:51,	,296967601341	,5in1复合滤芯 2年长效,1600193054565	,厨房电器,净水器/净水设备及配件耗材,净水器,	,6923185627425	,	,补差后返到手价99,	,无售后或售后取消,,2025-11-02 09:42:51,	,,,,,,,否,否,	,否,	,,299.0	,0.0	,0.0	,0.0	,0.0	,0.0	,0.0	,0.0	,299.0	,299.0	,JDV023809227999,京东配送,福建省,漳州市,龙海区,,,否,否,	,	,	,否,	,	,	,	,	,	,	,	,	,	,	,	,否,否,	,否,否,,	,否,	,否,,,否
【重磅新品】云米净水器600G小海豚升级版厨下式RO反渗透直饮家用,251102-193913239851385,已发货，待收货,1	,正常,2025-11-02 09:39:32,2025-11-03 09:39:32,,2025-11-02 15:58:40,	,225501370546	,【24年新品】600G升级版6年长效,1600502140541	,厨房电器,净水器/净水设备及配件耗材,净水器,	,6923185653684	,6923185616399	,	,	,无售后或售后取消,,2025-11-02 09:39:32,	,,,,,,,否,否,	,否,	,,558.99	,0.0	,0.0	,0.0	,0.2	,0.0	,0.0	,0.0	,558.99	,558.99	,JDV023811385239,京东大件物流,浙江省,温州市,瑞安市,,,否,否,	,	,	,否,	,	,	,	,	,	,	,	,	,	,	,	,否,否,	,否,否,,	,否,	,否,,,否
【重磅新品】云米净水器600G小海豚升级版厨下式RO反渗透直饮家用,251102-629082745141699,已发货，待收货,1	,正常,2025-11-02 09:38:54,2025-11-03 09:38:54,,2025-11-02 15:58:40,	,225501370546	,【24年新品】600G升级版6年长效,1600502140541	,厨房电器,净水器/净水设备及配件耗材,净水器,	,6923185653684	,6923185616399	,	,	,无售后或售后取消,,2025-11-02 09:38:54,	,,,,,,,否,否,	,否,	,,558.99	,0.0	,0.0	,0.0	,0.0	,0.0	,0.0	,0.0	,558.99	,558.99	,JDV023811392529,京东大件物流,浙江省,金华市,东阳市,,,否,否,	,	,	,否,	,	,	,	,	,	,	,	,	,	,	,	,否,否,	,否,否,,	,否,	,否,,,否
【母婴直饮】云米净水器 SE 600G+ 新升级厨下式RO反渗透直饮家用,251102-285820884583300,待付款,1	,正常,	,	,,	,	,819506595979	,【24年新品】600G升级版6年长效,1787046011387	,厨房电器,净水器/净水设备及配件耗材,净水器,	,6923185653684	,6923185616399	,	,	,无售后或售后取消,,	,	,,,,,,,否,否,	,否,	,,748.0	,0.0	,149.6	,0.0	,0.0	,0.0	,0.0	,0.0	,598.4	,598.4	,	,	,****,****,****,****,,否,否,	,	,	,否,	,	,	,	,	,	,	,	,	,	,	,	,否,否,	,否,	,,	,否,	,否,,,否
【母婴直饮】云米净水器 SE 600G+ 新升级厨下式RO反渗透直饮家用,251102-121991391663815,未发货，退款成功,1	,正常,2025-11-02 09:37:19,2025-11-03 09:37:20,,	,	,819506595979	,【24年新品】600G升级版6年长效,1787046011387	,厨房电器,净水器/净水设备及配件耗材,净水器,	,6923185653684	,6923185616399	,聚水潭已取消发货  已退款  11.2,	,退款成功,,2025-11-02 09:37:20,	,,,,,,,否,否,	,否,	,,748.0	,0.0	,149.6	,0.0	,0.0	,0.0	,0.0	,0.0	,598.4	,598.4	,	,	,广东省,深圳市,龙华区,,,否,否,	,	,	,否,	,	,	,	,	,	,	,	,	,	,	,	,否,否,	,否,否,,	,否,	,否,,,否
【重磅新品】云米净水器600G小海豚升级版厨下式RO反渗透直饮家用,251102-493281615420327,已取消,1	,正常,	,	,,	,	,225501370546	,【24年新品】600G升级版6年长效,1600502140541	,厨房电器,净水器/净水设备及配件耗材,净水器,	,6923185653684	,6923185616399	,	,	,无售后或售后取消,,	,	,,,,,,,否,否,	,否,	,,558.99	,0.0	,0.0	,0.0	,0.0	,0.0	,0.0	,0.0	,558.99	,558.99	,	,	,****,****,****,****,,否,否,	,	,	,否,	,	,	,	,	,	,	,	,	,	,	,	,否,否,	,否,	,,	,否,	,否,,,否
【母婴直饮】云米净水器 SE 600G+ 新升级厨下式RO反渗透直饮家用,251102-545521713581174,未发货，退款成功,1	,正常,2025-11-02 09:33:56,2025-11-03 09:33:56,,	,	,819506595979	,【24年新品】600G升级版6年长效,1787046011387	,厨房电器,净水器/净水设备及配件耗材,净水器,	,6923185653684	,6923185616399	,聚水潭已取消发货 已退款   叶11.2,	,退款成功,,2025-11-02 09:33:56,	,,,,,,,否,否,	,否,	,,748.0	,0.0	,142.12	,37.4	,0.0	,0.0	,0.0	,0.0	,568.48	,605.88	,	,	,江西省,抚州市,黎川县,,,否,否,	,	,	,否,	,	,	,	,	,	,	,	,	,	,	,	,否,否,	,否,否,,	,否,	,否,,,否
【重磅新品】云米净水器600G小海豚升级版厨下式RO反渗透直饮家用,251102-131155956093973,已发货，待收货,1	,正常,2025-11-02 09:33:29,2025-11-03 09:33:29,,2025-11-02 15:58:39,	,225501370546	,【24年新品】600G升级版6年长效,1600502140541	,厨房电器,净水器/净水设备及配件耗材,净水器,	,6923185653684	,6923185616399	,	,	,无售后或售后取消,,2025-11-02 09:33:29,	,,,,,,,否,否,	,否,	,,558.99	,0.0	,0.0	,55.89	,2.51	,0.0	,0.0	,0.0	,503.1	,558.99	,JDV023812173800,京东大件物流,福建省,漳州市,龙海区,,,否,否,	,	,	,否,	,	,	,	,	,	,	,	,	,	,	,	,否,否,	,否,否,,	,否,	,否,,,否
【母婴直饮】云米净水器 SE 600G+ 新升级厨下式RO反渗透直饮家用,251102-294639440303815,未发货，退款成功,1	,正常,2025-11-02 09:29:22,2025-11-03 09:29:22,,	,	,819506595979	,【24年新品】600G升级版6年长效,1787046011387	,厨房电器,净水器/净水设备及配件耗材,净水器,	,6923185653684	,6923185616399	,聚水潭已取消发货  已退款  11..2,	,退款成功,,2025-11-02 09:29:22,	,,,,,,,否,否,	,否,	,,748.0	,0.0	,0.0	,0.0	,0.0	,0.0	,0.0	,0.0	,748.0	,748.0	,	,	,广东省,深圳市,龙华区,,,否,否,	,	,	,否,	,	,	,	,	,	,	,	,	,	,	,	,否,否,	,否,否,,	,否,	,否,,,否
【重磅新品】云米净水器600G小海豚升级版厨下式RO反渗透直饮家用,251102-514808953132292,已发货，待收货,1	,正常,2025-11-02 09:22:34,2025-11-03 09:22:34,,2025-11-02 14:02:05,	,225501370546	,【24年新品】600G升级版6年长效,1600502140541	,厨房电器,净水器/净水设备及配件耗材,净水器,	,6923185653684	,6923185616399	,	,	,无售后或售后取消,,2025-11-02 09:22:34,	,,,,,,,否,否,	,否,	,,558.99	,0.0	,0.0	,0.0	,0.0	,0.0	,0.0	,0.0	,558.99	,558.99	,JDV023809291316,京东大件物流,陕西省,咸阳市,乾县,,,否,否,	,	,	,否,	,	,	,	,	,	,	,	,	,	,	,	,否,否,	,否,否,,	,否,	,否,,,否
【重磅新品】云米净水器600G小海豚升级版厨下式RO反渗透直饮家用,251102-663727696172292,已取消,1	,正常,	,	,,	,	,225501370546	,【24年新品】600G升级版6年长效,1600502140541	,厨房电器,净水器/净水设备及配件耗材,净水器,	,6923185653684	,6923185616399	,	,	,无售后或售后取消,,	,	,,,,,,,否,否,	,否,	,,558.99	,0.0	,0.0	,0.0	,0.0	,0.0	,0.0	,0.0	,558.99	,558.99	,	,	,****,****,****,****,,否,否,	,	,	,否,	,	,	,	,	,	,	,	,	,	,	,	,否,否,	,否,	,,	,否,	,否,,,否
【重磅新品】云米净水器600G小海豚升级版厨下式RO反渗透直饮家用,251102-422041403692292,已取消,1	,正常,	,	,,	,	,225501370546	,【24年新品】600G升级版6年长效,1600502140541	,厨房电器,净水器/净水设备及配件耗材,净水器,	,6923185653684	,6923185616399	,	,	,无售后或售后取消,,	,	,,,,,,,否,否,	,否,	,,558.99	,0.0	,0.0	,0.0	,0.0	,0.0	,0.0	,0.0	,558.99	,558.99	,	,	,****,****,****,****,,否,否,	,	,	,否,	,	,	,	,	,	,	,	,	,	,	,	,否,否,	,否,	,,	,否,	,否,,,否
【重磅新品】云米净水器600G小海豚升级版厨下式RO反渗透直饮家用,251102-136776302953513,已取消,1	,正常,	,	,,	,	,225501370546	,【24年新品】600G升级版6年长效,1600502140541	,厨房电器,净水器/净水设备及配件耗材,净水器,	,6923185653684	,6923185616399	,	,	,无售后或售后取消,,	,	,,,,,,,否,否,	,否,	,,558.99	,0.0	,0.0	,0.0	,0.0	,0.0	,0.0	,0.0	,558.99	,558.99	,	,	,****,****,****,****,,否,否,	,	,	,否,	,	,	,	,	,	,	,	,	,	,	,	,否,否,	,否,	,,	,否,	,否,,,否
【重磅新品】云米净水器600G小海豚升级版厨下式RO反渗透直饮家用,251102-483152413092920,已发货，待收货,1	,正常,2025-11-02 08:59:53,2025-11-03 08:59:53,,2025-11-02 14:02:05,	,225501370546	,【24年新品】600G升级版6年长效,1600502140541	,厨房电器,净水器/净水设备及配件耗材,净水器,	,6923185653684	,6923185616399	,	,	,无售后或售后取消,,2025-11-02 08:59:53,	,,,,,,,否,否,	,否,	,,558.99	,0.0	,0.0	,0.0	,15.0	,0.0	,0.0	,0.0	,558.99	,558.99	,JDV023809424049,京东大件物流,河南省,郑州市,荥阳市,,,否,否,	,	,	,否,	,	,	,	,	,	,	,	,	,	,	,	,否,否,	,否,否,,	,否,	,否,,,否
VIOMI/云米 新品管线机 冷热管线机Super2 Pro,251102-548111696183042,已取消,1	,正常,	,	,,	,	,837301408995	,	,1799598972550	,厨房电器,饮水机,饮水机,	,MG6D-A,6923185655794	,	,	,无售后或售后取消,,	,	,,,,,,,否,否,	,否,	,,1495.0	,0.0	,0.0	,100.0	,0.0	,0.0	,0.0	,0.0	,1395.0	,1495.0	,	,	,****,****,****,****,,否,否,	,	,	,否,	,	,	,	,	,	,	,	,	,	,	,	,否,否,	,否,	,,	,否,	,否,,,否
云米26m³大吸力超薄鲲鹏抽油烟机聚能猛火灶智能家用厨房烟灶套装,251102-608352387501990,已发货，待收货,1	,正常,2025-11-02 08:47:53,2025-11-03 08:47:54,,2025-11-02 14:47:59,	,702770659797	,26立方米大吸力烟机+5.2灶具（天）,1693886655641	,大家电,厨房大电,烟灶消套装,	,S2408271814001,	,补差后返到手价1699，页面的装修补贴100，一共到手价1599;奇门回传单号:JDV023812173440,	,无售后或售后取消,,2025-11-02 08:47:54,	,,,,,,,否,否,	,否,	,,2099.0	,0.0	,0.0	,0.0	,0.0	,0.0	,0.0	,0.0	,2099.0	,2099.0	,JDV023812167868,京东配送,四川省,成都市,龙泉驿区,,,否,否,	,	,	,否,	,	,	,	,	,	,	,	,	,	,	,	,否,否,	,否,否,,	,否,	,否,,,否
【重磅新品】云米净水器600G小海豚升级版厨下式RO反渗透直饮家用,251102-339004649101624,已取消,1	,正常,	,	,,	,	,225501370546	,【24年新品】600G升级版6年长效,1600502140541	,厨房电器,净水器/净水设备及配件耗材,净水器,	,6923185653684	,6923185616399	,	,	,无售后或售后取消,,	,	,,,,,,,否,否,	,否,	,,558.99	,0.0	,0.0	,0.0	,0.0	,0.0	,0.0	,0.0	,558.99	,558.99	,	,	,****,****,****,****,,否,否,	,	,	,否,	,	,	,	,	,	,	,	,	,	,	,	,否,否,	,否,	,,	,否,	,否,,,否
【重磅新品】云米净水器600G小海豚升级版厨下式RO反渗透直饮家用,251102-117744616973247,已发货，待收货,1	,正常,2025-11-02 08:17:11,2025-11-03 08:17:11,,2025-11-02 14:02:05,	,225501370546	,【24年新品】600G升级版6年长效,1600502140541	,厨房电器,净水器/净水设备及配件耗材,净水器,	,6923185653684	,6923185616399	,	,	,无售后或售后取消,,2025-11-02 08:17:11,	,,,,,,,否,否,	,否,	,,558.99	,0.0	,0.0	,0.0	,1.11	,0.0	,0.0	,0.0	,558.99	,558.99	,JDV023808036114,京东大件物流,四川省,成都市,郫都区,,,否,否,	,	,	,否,	,	,	,	,	,	,	,	,	,	,	,	,否,否,	,否,否,,	,否,	,否,,,否
【重磅新品】云米净水器600G小海豚升级版厨下式RO反渗透直饮家用,251102-382835136050394,已取消,1	,正常,	,	,,	,	,225501370546	,【24年新品】600G升级版6年长效,1600502140541	,厨房电器,净水器/净水设备及配件耗材,净水器,	,6923185653684	,6923185616399	,	,	,无售后或售后取消,,	,	,,,,,,,否,否,	,否,	,,558.99	,0.0	,0.0	,0.0	,0.0	,0.0	,0.0	,0.0	,558.99	,558.99	,	,	,****,****,****,****,,否,否,	,	,	,否,	,	,	,	,	,	,	,	,	,	,	,	,否,否,	,否,	,,	,否,	,否,,,否
【重磅新品】云米净水器600G小海豚升级版厨下式RO反渗透直饮家用,251102-135570408973247,已取消,1	,正常,	,	,,	,	,225501370546	,【24年新品】600G升级版6年长效,1600502140541	,厨房电器,净水器/净水设备及配件耗材,净水器,	,6923185653684	,6923185616399	,	,	,无售后或售后取消,,	,	,,,,,,,否,否,	,否,	,,558.99	,0.0	,0.0	,0.0	,0.0	,0.0	,0.0	,0.0	,558.99	,558.99	,	,	,****,****,****,****,,否,否,	,	,	,否,	,	,	,	,	,	,	,	,	,	,	,	,否,否,	,否,	,,	,否,	,否,,,否
云米顶侧大吸力蓝调油烟机家用厨房节能自清洁一级能效可挥手智控,251102-584329469441771,已发货，待收货,1	,正常,2025-11-02 08:07:28,2025-11-03 08:07:29,,2025-11-02 14:44:54,	,657344402006	,云米智清洁挥手智控单烟机,1723825075586	,大家电,厨房大电,油烟机,	,6923185650973	,6923185650973	,	,	,无售后或售后取消,,2025-11-02 08:07:29,	,,,,,,,否,否,	,否,	,,839.0	,0.0	,42.0	,71.73	,0.0	,0.0	,0.0	,0.0	,725.27	,797.0	,JDV023809532533,京东配送,天津市,天津市,静海区,,,否,否,	,	,	,否,	,	,	,	,	,	,	,	,	,	,	,	,否,否,	,否,否,,	,否,	,否,,,否
【重磅新品】云米净水器600G小海豚升级版厨下式RO反渗透直饮家用,251102-421705827840882,已取消,1	,正常,	,	,,	,	,225501370546	,【24年新品】600G升级版6年长效,1600502140541	,厨房电器,净水器/净水设备及配件耗材,净水器,	,6923185653684	,6923185616399	,	,	,无售后或售后取消,,	,	,,,,,,,否,否,	,否,	,,558.99	,0.0	,0.0	,0.0	,0.0	,0.0	,0.0	,0.0	,558.99	,558.99	,	,	,****,****,****,****,,否,否,	,	,	,否,	,	,	,	,	,	,	,	,	,	,	,	,否,否,	,否,	,,	,否,	,否,,,否
【母婴直饮】云米净水器 SE 600G+ 新升级厨下式RO反渗透直饮家用,251102-016106135171327,已发货，待收货,1	,正常,2025-11-02 07:50:23,2025-11-03 07:50:23,,2025-11-02 09:54:45,	,819506595979	,【24年新品】600G升级版6年长效,1787046011387	,厨房电器,净水器/净水设备及配件耗材,净水器,	,6923185653684	,6923185616399	,	,	,无售后或售后取消,,2025-11-02 07:50:23,	,,,,,,,否,否,	,否,	,,748.0	,0.0	,134.64	,74.8	,0.0	,0.0	,0.0	,0.0	,538.56	,613.36	,JDV023807969860,京东配送,北京市,北京市,大兴区,,,否,否,	,	,	,否,	,	,	,	,	,	,	,	,	,	,	,	,否,否,	,否,是,3	,商家,否,	,否,,信用卡分期,否
【重磅新品】云米净水器600G小海豚升级版厨下式RO反渗透直饮家用,251102-222340062851327,已取消,1	,正常,	,	,,	,	,225501370546	,【24年新品】600G升级版6年长效,1600502140541	,厨房电器,净水器/净水设备及配件耗材,净水器,	,6923185653684	,6923185616399	,	,	,无售后或售后取消,,	,	,,,,,,,否,否,	,否,	,,558.99	,0.0	,0.0	,50.0	,0.0	,0.0	,0.0	,0.0	,508.99	,558.99	,	,	,****,****,****,****,,否,否,	,	,	,否,	,	,	,	,	,	,	,	,	,	,	,	,否,否,	,否,	,,	,否,	,否,,,否
【母婴直饮】云米净水器 SE 600G+ 新升级厨下式RO反渗透直饮家用,251102-258432048782360,已取消,1	,正常,	,	,,	,	,819506595979	,【24年新品】600G升级版6年长效,1787046011387	,厨房电器,净水器/净水设备及配件耗材,净水器,	,6923185653684	,6923185616399	,	,	,无售后或售后取消,,	,	,,,,,,,否,否,	,否,	,,748.0	,0.0	,139.6	,50.0	,0.0	,0.0	,0.0	,0.0	,558.4	,608.4	,	,	,****,****,****,****,,否,否,	,	,	,否,	,	,	,	,	,	,	,	,	,	,	,	,否,否,	,否,	,,	,否,	,否,,,否
【重磅新品】云米净水器600G小海豚升级版厨下式RO反渗透直饮家用,251102-663549396551312,已发货，待收货,1	,正常,2025-11-02 07:35:20,2025-11-03 07:35:20,,2025-11-02 11:44:59,	,225501370546	,【24年新品】600G升级版6年长效,1600502140541	,厨房电器,净水器/净水设备及配件耗材,净水器,	,6923185653684	,6923185616399	,	,	,无售后或售后取消,,2025-11-02 07:35:20,	,,,,,,,否,否,	,否,	,,558.99	,0.0	,0.0	,0.0	,0.0	,0.0	,0.0	,0.0	,558.99	,558.99	,JDV023808030606,京东大件物流,山东省,临沂市,河东区,,,否,否,	,	,	,否,	,	,	,	,	,	,	,	,	,	,	,	,否,否,	,否,否,,	,否,	,否,,,否
【重磅新品】云米净水器600G小海豚升级版厨下式RO反渗透直饮家用,251102-293192363591312,已取消,1	,正常,	,	,,	,	,225501370546	,【24年新品】600G升级版6年长效,1600502140541	,厨房电器,净水器/净水设备及配件耗材,净水器,	,6923185653684	,6923185616399	,	,	,无售后或售后取消,,	,	,,,,,,,否,否,	,否,	,,558.99	,0.0	,0.0	,0.0	,0.0	,0.0	,0.0	,0.0	,558.99	,558.99	,	,	,****,****,****,****,,否,否,	,	,	,否,	,	,	,	,	,	,	,	,	,	,	,	,否,否,	,否,	,,	,否,	,否,,,否
云米AI油烟机双腔大吸力Smart双腔一级能效23m³大风压智清洁节能,251102-080583083584020,未发货，退款成功,1	,审核中，请勿发货,2025-11-02 07:35:18,2025-11-03 07:35:18,,	,	,750412983827	,AI双腔强吸油烟机,1737582711971	,大家电,厨房大电,油烟机,	,6923185649229	,6923185649229	,聚水潭已取消发货 已退款 卫11.1 ,	,退款成功,,2025-11-02 07:35:18,	,,,,,,,否,否,	,否,	,,832.0	,0.0	,42.0	,79.0	,0.0	,0.0	,0.0	,0.0	,711.0	,790.0	,	,	,天津市,天津市,滨海新区,,,否,否,	,	,	,否,	,	,	,	,	,	,	,	,	,	,	,	,否,否,	,否,	,,	,否,	,否,,,否
VIOMI云米净水器1000G厨下直饮小体积净水机RO机智显龙头3秒满杯,251102-025019031151224,已发货，待收货,1	,正常,2025-11-02 07:26:55,2025-11-03 07:26:55,,2025-11-02 15:58:41,	,842195971715	,1000G大通量RO净水器,1803617356458	,厨房电器,净水器/净水设备及配件耗材,净水器,	,6923185654247	,	,	,	,无售后或售后取消,,2025-11-02 07:26:55,	,,,,,,,否,否,	,否,	,,806.0	,0.0	,7.0	,95.88	,0.0	,0.0	,0.0	,0.0	,703.12	,799.0	,JDV023808202172,京东大件物流,河南省,驻马店市,新蔡县,,,否,否,	,	,	,否,	,	,	,	,	,	,	,	,	,	,	,	,否,否,	,否,否,,	,否,	,否,,,否
云米AI油烟机双腔大吸力Smart双腔一级能效23m³大风压智清洁节能,251102-084620111424020,未发货，退款成功,1	,正常,2025-11-02 07:30:58,2025-11-03 07:30:59,,	,	,750412983827	,AI双腔强吸油烟机,1737582711971	,大家电,厨房大电,油烟机,	,6923185649229	,6923185649229	,聚水潭已取消发货 已退款 卫11.1,	,退款成功,,2025-11-02 07:30:59,	,,,,,,,否,否,	,否,	,,832.0	,0.0	,42.0	,79.0	,0.0	,0.0	,0.0	,0.0	,711.0	,790.0	,	,	,天津市,天津市,滨海新区,,,否,否,	,	,	,否,	,	,	,	,	,	,	,	,	,	,	,	,否,否,	,否,否,,	,否,	,否,,,否
云米净水器滤芯家用小海豚小蓝调小白龙系列专用RO反渗透,251102-651606167873707,已发货，待收货,1	,正常,2025-11-02 07:23:03,2025-11-04 07:23:03,,2025-11-02 09:52:24,	,232467205433	,5in1 复合滤芯,1647394585330	,厨房电器,净水器/净水设备及配件耗材,净水器,	,6923185627425	,	,	,	,无售后或售后取消,,2025-11-02 07:23:03,	,,,,,,,否,否,	,否,	,,149.0	,0.0	,0.0	,17.88	,0.11	,0.0	,0.0	,0.0	,131.12	,149.0	,JDV023808030560,京东配送,山东省,济南市,槐荫区,,,否,否,	,	,	,否,	,	,	,	,	,	,	,	,	,	,	,	,否,否,	,否,否,,	,否,	,否,,,否
云米双腔大吸力手势控制智清洁油烟机聚能猛火灶安全烟灶联动套装,251102-225234153024020,已取消,1	,正常,	,	,,	,	,818688568550	,"【烟灶套装】双腔劲吸烟机+5.2KW灶,天然气灶",1786564457087	,大家电,厨房大电,烟灶消套装,	,S2509151411001,	,	,	,无售后或售后取消,,	,	,,,,,,,否,否,	,否,	,,1299.0	,0.0	,0.0	,0.0	,0.0	,0.0	,0.0	,0.0	,1299.0	,1299.0	,	,	,****,****,****,****,,否,否,	,	,	,否,	,	,	,	,	,	,	,	,	,	,	,	,否,否,	,否,	,,	,否,	,否,,,否
云米顶侧双吸大吸力低噪油烟机猛火液化气聚能灶智能套装家用厨房,251102-028835920290927,已取消,1	,正常,	,	,,	,	,674950510509	,【烟灶套装】顶侧双吸烟机+5.0KW灶（天）,1744061180430	,大家电,厨房大电,烟灶消套装,	,S2405071349001,S2501061036001,	,	,无售后或售后取消,,	,	,,,,,,,否,否,	,否,	,,1187.0	,0.0	,0.0	,65.0	,0.0	,0.0	,0.0	,0.0	,1122.0	,1187.0	,	,	,****,****,****,****,,否,否,	,	,	,否,	,	,	,	,	,	,	,	,	,	,	,	,否,否,	,否,	,,	,否,	,否,,,否
云米双腔大吸力手势控制智清洁油烟机聚能猛火灶安全烟灶联动套装,251102-134437936704020,已取消,1	,正常,	,	,,	,	,818698470695	,"【烟灶套装】双腔劲吸烟机+5.0KW灶,液化气灶",1786567894378	,大家电,厨房大电,烟灶消套装,	,S2509151408001,	,	,	,无售后或售后取消,,	,	,,,,,,,否,否,	,否,	,,1199.0	,0.0	,0.0	,119.9	,0.0	,0.0	,0.0	,0.0	,1079.1	,1199.0	,	,	,****,****,****,****,,否,否,	,	,	,否,	,	,	,	,	,	,	,	,	,	,	,	,否,否,	,否,	,,	,否,	,否,,,否
【母婴直饮】云米净水器 SE 600G+ 新升级厨下式RO反渗透直饮家用,251102-243982713203938,已取消,1	,正常,	,	,,	,	,819506595979	,【24年新品】600G升级版6年长效,1787046011387	,厨房电器,净水器/净水设备及配件耗材,净水器,	,6923185653684	,6923185616399	,	,	,无售后或售后取消,,	,	,,,,,,,否,否,	,否,	,,748.0	,0.0	,129.6	,100.0	,0.0	,0.0	,0.0	,0.0	,518.4	,618.4	,	,	,****,****,****,****,,否,否,	,	,	,否,	,	,	,	,	,	,	,	,	,	,	,	,否,否,	,否,	,,	,否,	,否,,,否
【重磅新品】云米净水器600G小海豚升级版厨下式RO反渗透直饮家用,251102-320402942372920,已取消,1	,正常,	,	,,	,	,225501370546	,【24年新品】600G升级版6年长效,1600502140541	,厨房电器,净水器/净水设备及配件耗材,净水器,	,6923185653684	,6923185616399	,	,	,无售后或售后取消,,	,	,,,,,,,否,否,	,否,	,,558.99	,0.0	,0.0	,0.0	,0.0	,0.0	,0.0	,0.0	,558.99	,558.99	,	,	,****,****,****,****,,否,否,	,	,	,否,	,	,	,	,	,	,	,	,	,	,	,	,否,否,	,否,	,,	,否,	,否,,,否
云米26m³大吸力超薄鲲鹏抽油烟机聚能猛火灶智能家用厨房烟灶套装,251102-416169388461990,已取消,1	,正常,	,	,,	,	,702770659797	,26立方米大吸力烟机+5.2灶具（天）,1693886655641	,大家电,厨房大电,烟灶消套装,	,S2408271814001,	,	,	,无售后或售后取消,,	,	,,,,,,,否,否,	,否,	,,2099.0	,0.0	,0.0	,0.0	,0.0	,0.0	,0.0	,0.0	,2099.0	,2099.0	,	,	,****,****,****,****,,否,否,	,	,	,否,	,	,	,	,	,	,	,	,	,	,	,	,否,否,	,否,	,,	,否,	,否,,,否
【冷热直饮套装】云米净水器家用厨下管线机套装一键即热制冷直饮,251102-647191652653120,已取消,1	,正常,	,	,,	,	,480070620581	,【冷热净水直饮套装】新品净水器+冷热管线机,1620106386127	,厨房电器,净水器/净水设备及配件耗材,净水器,	,S2407170910001,	,	,	,无售后或售后取消,,	,	,,,,,,,否,否,	,否,	,,1429.0	,0.0	,20.0	,0.0	,0.0	,0.0	,0.0	,0.0	,1409.0	,1409.0	,	,	,****,****,****,****,,否,否,	,	,	,否,	,	,	,	,	,	,	,	,	,	,	,	,否,否,	,否,	,,	,否,	,否,,,否
【重磅新品】云米净水器600G小海豚升级版厨下式RO反渗透直饮家用,251102-333080184431471,已发货，待收货,1	,正常,2025-11-02 06:06:25,2025-11-03 06:06:25,,2025-11-02 11:44:59,	,225501370546	,【24年新品】600G升级版6年长效,1600502140541	,厨房电器,净水器/净水设备及配件耗材,净水器,	,6923185653684	,6923185616399	,	,	,无售后或售后取消,,2025-11-02 06:06:25,	,,,,,,,否,否,	,否,	,,558.99	,0.0	,0.0	,0.0	,0.0	,0.0	,0.0	,0.0	,558.99	,558.99	,JDV023808030615,京东大件物流,黑龙江省,齐齐哈尔市,建华区,,,否,否,	,	,	,否,	,	,	,	,	,	,	,	,	,	,	,	,否,否,	,否,否,,	,否,	,否,,,否
【重磅新品】云米净水器600G小海豚升级版厨下式RO反渗透直饮家用,251102-135413143123057,已发货，待收货,1	,正常,2025-11-02 05:39:03,2025-11-03 05:39:03,,2025-11-02 11:44:59,	,225501370546	,【24年新品】600G升级版6年长效,1600502140541	,厨房电器,净水器/净水设备及配件耗材,净水器,	,6923185653684	,6923185616399	,	,	,无售后或售后取消,,2025-11-02 05:39:03,	,,,,,,,否,否,	,否,	,,558.99	,0.0	,0.0	,0.99	,0.0	,0.0	,0.0	,0.0	,558.0	,558.99	,JDV023808112262,京东大件物流,黑龙江省,哈尔滨市,通河县,,,否,否,	,	,	,否,	,	,	,	,	,	,	,	,	,	,	,	,否,否,	,否,否,,	,否,	,否,,,否
【重磅新品】云米净水器600G小海豚升级版厨下式RO反渗透直饮家用,251102-000136322573247,已取消,1	,正常,	,	,,	,	,225501370546	,【24年新品】600G升级版6年长效,1600502140541	,厨房电器,净水器/净水设备及配件耗材,净水器,	,6923185653684	,6923185616399	,	,	,无售后或售后取消,,	,	,,,,,,,否,否,	,否,	,,558.99	,0.0	,0.0	,0.0	,0.0	,0.0	,0.0	,0.0	,558.99	,558.99	,	,	,****,****,****,****,,否,否,	,	,	,否,	,	,	,	,	,	,	,	,	,	,	,	,否,否,	,否,	,,	,否,	,否,,,否
【母婴直饮】云米净水器 SE 600G+ 新升级厨下式RO反渗透直饮家用,251102-182871692873572,已取消,1	,正常,	,	,,	,	,819506595979	,【24年新品】600G升级版6年长效,1787046011387	,厨房电器,净水器/净水设备及配件耗材,净水器,	,6923185653684	,6923185616399	,	,	,无售后或售后取消,,	,	,,,,,,,否,否,	,否,	,,748.0	,0.0	,149.6	,0.0	,0.0	,0.0	,0.0	,0.0	,598.4	,598.4	,	,	,****,****,****,****,,否,否,	,	,	,否,	,	,	,	,	,	,	,	,	,	,	,	,否,否,	,否,	,,	,否,	,否,,,否
【重磅新品】云米净水器600G小海豚升级版厨下式RO反渗透直饮家用,251102-389105662340685,已发货，待收货,1	,正常,2025-11-02 02:21:27,2025-11-03 02:21:27,,2025-11-02 11:44:59,	,225501370546	,【24年新品】600G升级版6年长效,1600502140541	,厨房电器,净水器/净水设备及配件耗材,净水器,	,6923185653684	,6923185616399	,	,	,无售后或售后取消,,2025-11-02 02:21:27,	,,,,,,,否,否,	,否,	,,558.99	,0.0	,0.0	,0.0	,5.0	,0.0	,0.0	,0.0	,558.99	,558.99	,JDV023808003300,京东大件物流,河北省,张家口市,桥东区,,,否,否,	,	,	,否,	,	,	,	,	,	,	,	,	,	,	,	,否,否,	,否,否,,	,否,	,否,,,否
VIOMI云米净水器1000G厨下直饮小体积净水机RO机智显龙头3秒满杯,251102-182368376473067,已发货，待收货,1	,正常,2025-11-02 02:20:07,2025-11-03 02:20:08,,2025-11-02 15:58:42,	,842195971715	,1000G大通量RO净水器,1803617356458	,厨房电器,净水器/净水设备及配件耗材,净水器,	,6923185654247	,	,	,	,无售后或售后取消,,2025-11-02 02:20:08,	,,,,,,,否,否,	,否,	,,806.0	,0.0	,0.0	,0.0	,1.61	,0.0	,0.0	,0.0	,806.0	,806.0	,JDV023808190005,京东大件物流,青海省,西宁市,城中区,,,否,否,	,	,	,否,	,	,	,	,	,	,	,	,	,	,	,	,否,否,	,否,否,,	,否,	,否,,,否
【重磅新品】云米净水器600G小海豚升级版厨下式RO反渗透直饮家用,251102-678512586281814,已发货，待收货,1	,正常,2025-11-02 01:09:22,2025-11-03 01:09:22,,2025-11-02 14:02:05,	,225501370546	,【24年新品】600G升级版6年长效,1600502140541	,厨房电器,净水器/净水设备及配件耗材,净水器,	,6923185653684	,6923185616399	,	,	,无售后或售后取消,,2025-11-02 01:09:22,	,,,,,,,否,否,	,否,	,,558.99	,0.0	,0.0	,55.89	,5.0	,0.0	,0.0	,0.0	,503.1	,558.99	,JDV023808302199,京东大件物流,山东省,济南市,平阴县,,,否,否,	,	,	,否,	,	,	,	,	,	,	,	,	,	,	,	,否,否,	,否,否,,	,否,	,否,,,否
云米AI燃气热水器智控恒温防冻节能安全水质净化精准控温13L强排,251102-009458163312723,已发货，待收货,1	,正常,2025-11-02 01:05:46,2025-11-03 01:05:46,,2025-11-02 14:48:03,	,773161065181	,智控恒温燃气热水器,1755671371526	,大家电,热水器,燃气热水器,	,6923185655688	,6923185655688	,	,	,无售后或售后取消,,2025-11-02 01:05:46,	,,,,,,,否,否,	,否,	,,588.0	,0.0	,0.0	,48.0	,1.08	,0.0	,0.0	,0.0	,540.0	,588.0	,JDV023809295401,京东配送,广西壮族自治区,防城港市,港口区,,,否,否,	,	,	,否,	,	,	,	,	,	,	,	,	,	,	,	,否,否,	,否,否,,	,否,	,否,,,否
云米AI燃气热水器智控恒温防冻节能安全水质净化精准控温13L强排,251102-503924692592723,未发货，退款成功,1	,正常,2025-11-02 01:02:27,2025-11-03 01:02:28,,	,	,773161065181	,智控恒温燃气热水器,1755671371526	,大家电,热水器,燃气热水器,	,6923185655688	,6923185655688	,聚水潭已取消发货 已退款 卫11.1,	,退款成功,,2025-11-02 01:02:28,	,,,,,,,否,否,	,否,	,,588.0	,0.0	,0.0	,48.0	,1.08	,0.0	,0.0	,0.0	,540.0	,588.0	,	,	,广西壮族自治区,防城港市,港口区,,,否,否,	,	,	,否,	,	,	,	,	,	,	,	,	,	,	,	,否,否,	,否,否,,	,否,	,否,,,否
【母婴直饮】云米净水器 SE 600G+ 新升级厨下式RO反渗透直饮家用,251102-637597150733247,未发货，退款成功,1	,正常,2025-11-02 00:40:58,2025-11-03 00:40:59,,	,	,819506595979	,【24年新品】600G升级版6年长效,1787046011387	,厨房电器,净水器/净水设备及配件耗材,净水器,	,6923185653684	,6923185616399	,聚水潭已取消发货 已退款 卫11.1,	,退款成功,,2025-11-02 00:40:59,	,,,,,,,否,否,	,否,	,,748.0	,0.0	,142.12	,37.4	,0.0	,0.0	,0.0	,0.0	,568.48	,605.88	,	,	,四川省,成都市,双流区,,,否,否,	,	,	,否,	,	,	,	,	,	,	,	,	,	,	,	,否,否,	,否,否,,	,否,	,否,,,否
【母婴直饮】云米净水器 SE 600G+ 新升级厨下式RO反渗透直饮家用,251102-066815280653247,已取消,1	,正常,	,	,,	,	,819506595979	,【24年新品】600G升级版6年长效,1787046011387	,厨房电器,净水器/净水设备及配件耗材,净水器,	,6923185653684	,6923185616399	,	,	,无售后或售后取消,,	,	,,,,,,,否,否,	,否,	,,748.0	,0.0	,142.12	,37.4	,0.0	,0.0	,0.0	,0.0	,568.48	,605.88	,	,	,****,****,****,****,,否,否,	,	,	,否,	,	,	,	,	,	,	,	,	,	,	,	,否,否,	,否,	,,	,否,	,否,,,否
云米全自动智能门锁人脸猫眼密码指纹安全防撬大屏锁已接入米家AP,251102-057336174182600,已发货，待收货,1	,正常,2025-11-02 00:37:19,2025-11-03 00:37:19,,2025-11-02 09:36:24,	,804409121514	,LBT16A【人脸猫眼】智能门锁,1778430742491	,基础建材,智能门锁/电子锁,智能门锁/电子锁,	,6923185652724	,	,	,	,无售后或售后取消,,2025-11-02 00:37:19,	,,,,,,,否,否,	,否,	,,849.0	,0.0	,0.0	,0.0	,0.0	,0.0	,0.0	,0.0	,849.0	,849.0	,JDV023806494457,京东配送,山东省,东营市,东营区,,,否,否,	,	,	,否,	,	,	,	,	,	,	,	,	,	,	,	,否,否,	,否,否,,	,否,	,否,,,否
【新品】云米120°超广角猫眼全自动智能门锁家用客厅室内高清大屏,251102-551697794662600,未发货，退款成功,1	,正常,2025-11-02 00:36:45,2025-11-03 00:36:45,,	,	,697436012016	,超广角猫眼蓝调门锁,1689999602375	,基础建材,智能门锁/电子锁,智能门锁/电子锁,	,6923185654667	,6923185654667	,聚水潭已取消发货 已退款 卫11.2,	,退款成功,,2025-11-02 00:36:45,	,,,,,,,否,否,	,否,	,,799.0	,0.0	,0.0	,0.0	,0.0	,0.0	,0.0	,0.0	,799.0	,799.0	,	,	,山东省,东营市,东营区,,,否,否,	,	,	,否,	,	,	,	,	,	,	,	,	,	,	,	,否,否,	,否,否,,	,否,	,否,,,否
【母婴直饮】云米净水器 SE 600G+ 新升级厨下式RO反渗透直饮家用,251102-527790313792184,已发货，待收货,1	,正常,2025-11-02 00:34:29,2025-11-03 00:34:30,,2025-11-02 14:05:45,	,819506595979	,【24年新品】600G升级版6年长效,1787046011387	,厨房电器,净水器/净水设备及配件耗材,净水器,	,6923185653684	,6923185616399	,	,	,无售后或售后取消,,2025-11-02 00:34:30,	,,,,,,,否,否,	,否,	,,748.0	,0.0	,142.12	,37.4	,0.0	,0.0	,0.0	,0.0	,568.48	,605.88	,JDV023809550057,京东配送,江苏省,南京市,秦淮区,,,否,否,	,	,	,否,	,	,	,	,	,	,	,	,	,	,	,	,否,否,	,否,否,,	,否,	,否,,,否
云米智能AI门锁3D指纹密码蓝牙可连大容量续航家用公寓自动安全,251102-083225505382600,未发货，退款成功,1	,正常,2025-11-02 00:27:26,2025-11-03 00:27:26,,	,	,743885774552	,"云米蓝调指纹密码锁LBT11C,黑色",1734954999916	,基础建材,智能门锁/电子锁,智能门锁/电子锁,	,6923185655381	,6923185655381	,聚水潭已取消发货 已退款 卫11.2 ,	,退款成功,,2025-11-02 00:27:26,	,,,,,,,否,否,	,否,	,,662.0	,0.0	,34.0	,100.0	,0.0	,0.0	,0.0	,0.0	,528.0	,628.0	,	,	,山东省,东营市,东营区,,,否,否,	,	,	,否,	,	,	,	,	,	,	,	,	,	,	,	,否,否,	,否,否,,	,否,	,否,,,否
【母婴直饮】云米净水器 SE 600G+ 新升级厨下式RO反渗透直饮家用,251102-322510590292593,未发货，退款成功,1	,正常,2025-11-02 00:23:53,2025-11-03 00:23:53,,	,	,819506595979	,【24年新品】600G升级版6年长效,1787046011387	,厨房电器,净水器/净水设备及配件耗材,净水器,	,6923185653684	,6923185616399	,送tds笔 聚水潭已取消发货  已退款  11.2,	,退款成功,,2025-11-02 00:23:53,	,,,,,,,否,否,	,否,	,,748.0	,0.0	,129.6	,100.0	,0.0	,0.0	,0.0	,0.0	,518.4	,618.4	,	,	,河南省,信阳市,固始县,,,否,否,	,	,	,否,	,	,	,	,	,	,	,	,	,	,	,	,否,否,	,否,否,,	,否,	,否,,,否
云米AI燃气热水器智控恒温防冻节能安全水质净化精准控温13L强排,251102-617233836452512,已发货，待收货,1	,正常,2025-11-02 11:45:06,2025-11-03 11:45:06,,2025-11-02 16:17:53,	,773161065181	,智控恒温燃气热水器,1755671371526	,大家电,热水器,燃气热水器,	,6923185655688	,6923185655688	,	,	,无售后或售后取消,,2025-11-02 11:45:06,	,,,,,,,否,否,	,否,	,,588.0	,0.0	,0.0	,29.4	,0.2	,0.0	,0.0	,0.0	,558.6	,588.0	,JDV023813574163,京东配送,浙江省,湖州市,安吉县,,,否,否,	,	,	,否,	,	,	,	,	,	,	,	,	,	,	,	,否,否,	,否,否,,	,否,	,否,,,否
VIOMI云米净水器1000G厨下直饮小体积净水机RO机智显龙头3秒满杯,251102-235772373422265,已发货，待收货,1	,正常,2025-11-02 00:13:15,2025-11-03 00:13:15,,2025-11-02 15:58:41,	,842195971715	,1000G大通量RO净水器,1803617356458	,厨房电器,净水器/净水设备及配件耗材,净水器,	,6923185654247	,	,	,	,无售后或售后取消,,2025-11-02 00:13:15,	,,,,,,,否,否,	,否,	,,806.0	,0.0	,0.0	,100.0	,1.41	,0.0	,0.0	,0.0	,706.0	,806.0	,JDV023808194647,京东大件物流,安徽省,滁州市,来安县,,,否,否,	,	,	,否,	,	,	,	,	,	,	,	,	,	,	,	,否,否,	,否,否,,	,否,	,否,,,否
云米矿泉台式净饮机即热式饮水机直饮家用矿化加热一体机净水器,251102-101837708862321,已发货，待收货,1	,正常,2025-11-02 00:09:30,2025-11-04 00:09:30,,2025-11-02 14:50:57,	,826920121377	,spuer2,1792670253677	,厨房电器,台式净饮机,台式净饮机,	,6923185615415	,6923185615415	,	,	,无售后或售后取消,,2025-11-02 00:09:30,	,,,,,,,否,否,	,否,	,,1175.0	,0.0	,161.25	,100.0	,0.0	,0.0	,0.0	,0.0	,913.75	,1013.75	,JDV023809227928,京东配送,河北省,石家庄市,长安区,,,否,否,	,	,	,否,	,	,	,	,	,	,	,	,	,	,	,	,否,否,	,否,否,,	,否,	,否,,,否
云米全自动智能门锁人脸猫眼密码指纹安全防撬大屏锁已接入米家AP,251102-257414940303622,已取消,1	,正常,	,	,,	,	,804409121514	,LBT16A【人脸猫眼】智能门锁,1778430742491	,基础建材,智能门锁/电子锁,智能门锁/电子锁,	,6923185652724	,	,	,	,无售后或售后取消,,	,	,,,,,,,否,否,	,否,	,,849.0	,0.0	,0.0	,0.0	,0.0	,0.0	,0.0	,0.0	,849.0	,849.0	,	,	,****,****,****,****,,否,否,	,	,	,否,	,	,	,	,	,	,	,	,	,	,	,	,否,否,	,否,	,,	,否,	,否,,,否
【重磅新品】云米净水器600G小海豚升级版厨下式RO反渗透直饮家用,251102-373471352433349,已发货，待收货,1	,正常,2025-11-02 00:04:39,2025-11-03 00:04:39,,2025-11-02 14:02:06,	,225501370546	,【24年新品】600G升级版6年长效,1600502140541	,厨房电器,净水器/净水设备及配件耗材,净水器,	,6923185653684	,6923185616399	,送tds笔,	,无售后或售后取消,,2025-11-02 00:04:39,	,,,,,,,否,否,	,否,	,,558.99	,0.0	,0.0	,0.0	,0.0	,0.0	,0.0	,0.0	,558.99	,558.99	,JDV023808016978,京东大件物流,四川省,成都市,武侯区,,,否,否,	,	,	,否,	,	,	,	,	,	,	,	,	,	,	,	,否,否,	,否,否,,	,否,	,否,,,否
【母婴直饮】云米净水器 SE 600G+ 新升级厨下式RO反渗透直饮家用,251102-087891700052593,未发货，退款成功,1	,正常,2025-11-02 00:04:24,2025-11-03 00:04:25,,	,	,819506595979	,【24年新品】600G升级版6年长效,1787046011387	,厨房电器,净水器/净水设备及配件耗材,净水器,	,6923185653684	,6923185616399	,聚水潭已取消发货 已退款 卫11.2,	,退款成功,,2025-11-02 00:04:25,	,,,,,,,否,否,	,否,	,,748.0	,0.0	,129.6	,100.0	,0.0	,0.0	,0.0	,0.0	,518.4	,618.4	,	,	,河南省,信阳市,固始县,,,否,否,	,	,	,否,	,	,	,	,	,	,	,	,	,	,	,	,否,否,	,否,否,,	,否,	,否,,,否