=======================================================
[2026/04/14/周二  9:51:54.69] 拼多多自动化定时任务触发
=======================================================
The system cannot find the path specified.
[ 9:51:54.69] ----------------------------------------------
[ 9:51:54.69] 启动阶段一：00-PDD_Unified_Full_Task.cjs
[系统日志] 数据库预定路径已解析为: D:\WorkSpace\00_Shared_Database数据库\TmallDataCenter.db

======================================================
🚀 开始执行综合业务轮询: 【云米拼多多官方旗舰店】
======================================================

--- 📦 [任务 1/2] 启动【订单报表】同步 (回溯 30 天) ---
✅ 订单数据库最新。

--- 📈 [任务 2/2] 启动【推广报表】抓取 (基于数据库查漏) ---

🔍 正在查询数据库寻找 [云米拼多多官方旗舰店] 缺失的推广报表日期...
 -> 数据库已存 15 天，缺失 0 天。
✅ [云米拼多多官方旗舰店] 的推广报表数据已在数据库中完整，无需操作。
🏁 店铺 【云米拼多多官方旗舰店】 业务收尾完成。

======================================================
🚀 开始执行综合业务轮询: 【云米拼多多专卖店_新店】
======================================================

--- 📦 [任务 1/2] 启动【订单报表】同步 (回溯 30 天) ---
✅ 订单数据库最新。

--- 📈 [任务 2/2] 启动【推广报表】抓取 (基于数据库查漏) ---

🔍 正在查询数据库寻找 [云米拼多多专卖店_新店] 缺失的推广报表日期...
 -> 数据库已存 15 天，缺失 0 天。
✅ [云米拼多多专卖店_新店] 的推广报表数据已在数据库中完整，无需操作。
🏁 店铺 【云米拼多多专卖店_新店】 业务收尾完成。

🎉 所有店铺【订单+推广】自动化数据同步任务圆满完成！
[ 9:51:54.69] ----------------------------------------------
[ 9:51:54.69] 启动阶段二：pddprice-scraper.cjs
🔗 数据库已成功挂载至中心位置: D:\WorkSpace\00_Shared_Database数据库\TmallDataCenter.db
CREATE TABLE IF NOT EXISTS "pdd市场监控" (
        id INTEGER PRIMARY KEY AUTOINCREMENT,
        product_id TEXT,        
        title TEXT,             
        price REAL,             
        total_sales INTEGER,    
        monthly_sales INTEGER,  
        weekly_sales INTEGER,   
        daily_sales_tag INTEGER,
        hot_sales INTEGER,      
        grabbed_sales INTEGER,  
        daily_increment INTEGER,
        product_url TEXT,       
        monitor_date DATE,   
        scrape_time DATETIME DEFAULT CURRENT_TIMESTAMP,
        UNIQUE(product_id, monitor_date) 
    )

🚀 正在启动带有反爬虫伪装的浏览器实例...

========================================
⏳ 准备访问第 1/16 个网址: https://mobile.yangkeduo.com/sjs_cat_rank_list.html?list_id=3283500946001010801&list_sn=YWGBa9o9B_lmiaes3Jhw_xjc&__list_version=2&_pdd_fs=1&_pdd_tc=ffffff&_pdd_sbs=1&scene_id=goods_detail&display_type=base&refer_page_name=goods_detail&refer_page_id=10014_1775610902771_ppiz639h56&refer_page_sn=10014&activeTab=0
✅ 页面加载完成，开始检测登录状态...
🔓 状态正常：已识别到商品数据，免登陆直接放行！
🎉 成功提取到 20 条商品数据，进入数据清洗入库阶段...
BEGIN

    SELECT total_sales, price FROM "pdd市场监控"
    WHERE product_id = '209020621849' AND monitor_date = '2026-04-14'


    INSERT OR REPLACE INTO "pdd市场监控"
    (product_id, title, price, total_sales, monthly_sales, weekly_sales, daily_sales_tag, hot_sales, grabbed_sales, daily_increment, product_url, monitor_date, scrape_time) 
    VALUES ('209020621849', '美的净水器反渗透全屋保'/*+55 bytes*/, 809.0, NULL, NULL, NULL, 30.0, NULL, 514000.0, NULL, 'https://mobile.yangkeduo.com/goo'/*+29 bytes*/, '2026-04-14', datetime('now', 'localtime'))


    SELECT total_sales, price FROM "pdd市场监控"
    WHERE product_id = '353140007622' AND monitor_date = '2026-04-14'


    SELECT total_sales FROM "pdd市场监控"
    WHERE product_id = '353140007622' AND monitor_date = '2026-04-13'


    INSERT OR REPLACE INTO "pdd市场监控"
    (product_id, title, price, total_sales, monthly_sales, weekly_sales, daily_sales_tag, hot_sales, grabbed_sales, daily_increment, product_url, monitor_date, scrape_time) 
    VALUES ('353140007622', '美的家用净水器 6年长效'/*+52 bytes*/, 1808.9, 13000.0, NULL, 100.0, NULL, NULL, NULL, 0.0, 'https://mobile.yangkeduo.com/goo'/*+29 bytes*/, '2026-04-14', datetime('now', 'localtime'))


    SELECT total_sales, price FROM "pdd市场监控"
    WHERE product_id = '389772889864' AND monitor_date = '2026-04-14'


    SELECT total_sales FROM "pdd市场监控"
    WHERE product_id = '389772889864' AND monitor_date = '2026-04-13'


    INSERT OR REPLACE INTO "pdd市场监控"
    (product_id, title, price, total_sales, monthly_sales, weekly_sales, daily_sales_tag, hot_sales, grabbed_sales, daily_increment, product_url, monitor_date, scrape_time) 
    VALUES ('389772889864', '美的15T大通量前置过滤器'/*+51 bytes*/, 275.0, 14000.0, NULL, NULL, 30.0, NULL, NULL, 0.0, 'https://mobile.yangkeduo.com/goo'/*+29 bytes*/, '2026-04-14', datetime('now', 'localtime'))


    SELECT total_sales, price FROM "pdd市场监控"
    WHERE product_id = '626312797718' AND monitor_date = '2026-04-14'


    SELECT total_sales FROM "pdd市场监控"
    WHERE product_id = '626312797718' AND monitor_date = '2026-04-13'


    INSERT OR REPLACE INTO "pdd市场监控"
    (product_id, title, price, total_sales, monthly_sales, weekly_sales, daily_sales_tag, hot_sales, grabbed_sales, daily_increment, product_url, monitor_date, scrape_time) 
    VALUES ('626312797718', '美的北极星超滤净水器家'/*+57 bytes*/, 539.0, 129000.0, NULL, 200.0, NULL, NULL, NULL, 0.0, 'https://mobile.yangkeduo.com/goo'/*+29 bytes*/, '2026-04-14', datetime('now', 'localtime'))


    SELECT total_sales, price FROM "pdd市场监控"
    WHERE product_id = '786620855421' AND monitor_date = '2026-04-14'


    INSERT OR REPLACE INTO "pdd市场监控"
    (product_id, title, price, total_sales, monthly_sales, weekly_sales, daily_sales_tag, hot_sales, grabbed_sales, daily_increment, product_url, monitor_date, scrape_time) 
    VALUES ('786620855421', '美的净水器入户水管前置'/*+54 bytes*/, 316.0, NULL, NULL, NULL, 30.0, NULL, 14000.0, NULL, 'https://mobile.yangkeduo.com/goo'/*+29 bytes*/, '2026-04-14', datetime('now', 'localtime'))


    SELECT total_sales, price FROM "pdd市场监控"
    WHERE product_id = '5085107966' AND monitor_date = '2026-04-14'


    SELECT total_sales FROM "pdd市场监控"
    WHERE product_id = '5085107966' AND monitor_date = '2026-04-13'


    INSERT OR REPLACE INTO "pdd市场监控"
    (product_id, title, price, total_sales, monthly_sales, weekly_sales, daily_sales_tag, hot_sales, grabbed_sales, daily_increment, product_url, monitor_date, scrape_time) 
    VALUES ('5085107966', '美的家用净水器直饮机厨'/*+41 bytes*/, 928.0, 187000.0, NULL, 100.0, NULL, NULL, NULL, 0.0, 'https://mobile.yangkeduo.com/goo'/*+27 bytes*/, '2026-04-14', datetime('now', 'localtime'))


    SELECT total_sales, price FROM "pdd市场监控"
    WHERE product_id = '347579110147' AND monitor_date = '2026-04-14'


    SELECT total_sales FROM "pdd市场监控"
    WHERE product_id = '347579110147' AND monitor_date = '2026-04-13'


    INSERT OR REPLACE INTO "pdd市场监控"
    (product_id, title, price, total_sales, monthly_sales, weekly_sales, daily_sales_tag, hot_sales, grabbed_sales, daily_increment, product_url, monitor_date, scrape_time) 
    VALUES ('347579110147', '美的星河净水器反渗透陶'/*+53 bytes*/, 2689.0, 502000.0, 404.0, NULL, NULL, NULL, NULL, 0.0, 'https://mobile.yangkeduo.com/goo'/*+29 bytes*/, '2026-04-14', datetime('now', 'localtime'))


    SELECT total_sales, price FROM "pdd市场监控"
    WHERE product_id = '381325784135' AND monitor_date = '2026-04-14'


    SELECT total_sales FROM "pdd市场监控"
    WHERE product_id = '381325784135' AND monitor_date = '2026-04-13'


    INSERT OR REPLACE INTO "pdd市场监控"
    (product_id, title, price, total_sales, monthly_sales, weekly_sales, daily_sales_tag, hot_sales, grabbed_sales, daily_increment, product_url, monitor_date, scrape_time) 
    VALUES ('381325784135', '美的净水器家用陶氏5年R'/*+48 bytes*/, 1674.0, 1744.0, 239.0, NULL, NULL, NULL, NULL, NULL, 'https://mobile.yangkeduo.com/goo'/*+29 bytes*/, '2026-04-14', datetime('now', 'localtime'))


    SELECT total_sales, price FROM "pdd市场监控"
    WHERE product_id = '917687138596' AND monitor_date = '2026-04-14'


    SELECT total_sales FROM "pdd市场监控"
    WHERE product_id = '917687138596' AND monitor_date = '2026-04-13'


    INSERT OR REPLACE INTO "pdd市场监控"
    (product_id, title, price, total_sales, monthly_sales, weekly_sales, daily_sales_tag, hot_sales, grabbed_sales, daily_increment, product_url, monitor_date, scrape_time) 
    VALUES ('917687138596', '美的净水器1000G大通量母'/*+54 bytes*/, 1049.0, 194.0, NULL, NULL, NULL, NULL, NULL, 1.0, 'https://mobile.yangkeduo.com/goo'/*+29 bytes*/, '2026-04-14', datetime('now', 'localtime'))


    SELECT total_sales, price FROM "pdd市场监控"
    WHERE product_id = '758048911119' AND monitor_date = '2026-04-14'


    SELECT total_sales FROM "pdd市场监控"
    WHERE product_id = '758048911119' AND monitor_date = '2026-04-13'


    INSERT OR REPLACE INTO "pdd市场监控"
    (product_id, title, price, total_sales, monthly_sales, weekly_sales, daily_sales_tag, hot_sales, grabbed_sales, daily_increment, product_url, monitor_date, scrape_time) 
    VALUES ('758048911119', '美的净水器家用接近1200G'/*+54 bytes*/, 839.0, 18000.0, 389.0, NULL, NULL, NULL, NULL, 0.0, 'https://mobile.yangkeduo.com/goo'/*+29 bytes*/, '2026-04-14', datetime('now', 'localtime'))


    SELECT total_sales, price FROM "pdd市场监控"
    WHERE product_id = '856971145601' AND monitor_date = '2026-04-14'


    INSERT OR REPLACE INTO "pdd市场监控"
    (product_id, title, price, total_sales, monthly_sales, weekly_sales, daily_sales_tag, hot_sales, grabbed_sales, daily_increment, product_url, monitor_date, scrape_time) 
    VALUES ('856971145601', '美的鲜矿水净水器双出水'/*+51 bytes*/, 2187.0, NULL, NULL, NULL, NULL, NULL, 356.0, NULL, 'https://mobile.yangkeduo.com/goo'/*+29 bytes*/, '2026-04-14', datetime('now', 'localtime'))


    SELECT total_sales, price FROM "pdd市场监控"
    WHERE product_id = '872010839953' AND monitor_date = '2026-04-14'


    INSERT OR REPLACE INTO "pdd市场监控"
    (product_id, title, price, total_sales, monthly_sales, weekly_sales, daily_sales_tag, hot_sales, grabbed_sales, daily_increment, product_url, monitor_date, scrape_time) 
    VALUES ('872010839953', '美的前置过滤器家用超15'/*+55 bytes*/, 459.9, NULL, 212.0, NULL, NULL, NULL, 456.0, NULL, 'https://mobile.yangkeduo.com/goo'/*+29 bytes*/, '2026-04-14', datetime('now', 'localtime'))


    SELECT total_sales, price FROM "pdd市场监控"
    WHERE product_id = '428434536561' AND monitor_date = '2026-04-14'


    SELECT total_sales FROM "pdd市场监控"
    WHERE product_id = '428434536561' AND monitor_date = '2026-04-13'


    INSERT OR REPLACE INTO "pdd市场监控"
    (product_id, title, price, total_sales, monthly_sales, weekly_sales, daily_sales_tag, hot_sales, grabbed_sales, daily_increment, product_url, monitor_date, scrape_time) 
    VALUES ('428434536561', '美的净水器家用直饮机RO'/*+55 bytes*/, 894.0, 10000.0, NULL, NULL, NULL, NULL, NULL, 0.0, 'https://mobile.yangkeduo.com/goo'/*+29 bytes*/, '2026-04-14', datetime('now', 'localtime'))


    SELECT total_sales, price FROM "pdd市场监控"
    WHERE product_id = '423406945889' AND monitor_date = '2026-04-14'


    INSERT OR REPLACE INTO "pdd市场监控"
    (product_id, title, price, total_sales, monthly_sales, weekly_sales, daily_sales_tag, hot_sales, grabbed_sales, daily_increment, product_url, monitor_date, scrape_time) 
    VALUES ('423406945889', '美的净水器家用厨房直饮'/*+52 bytes*/, 1206.07, NULL, NULL, NULL, NULL, NULL, 599.0, NULL, 'https://mobile.yangkeduo.com/goo'/*+29 bytes*/, '2026-04-14', datetime('now', 'localtime'))


    SELECT total_sales, price FROM "pdd市场监控"
    WHERE product_id = '896550700189' AND monitor_date = '2026-04-14'


    INSERT OR REPLACE INTO "pdd市场监控"
    (product_id, title, price, total_sales, monthly_sales, weekly_sales, daily_sales_tag, hot_sales, grabbed_sales, daily_increment, product_url, monitor_date, scrape_time) 
    VALUES ('896550700189', '美的净水器白月光1200GPRO'/*+52 bytes*/, 3049.0, NULL, NULL, NULL, NULL, NULL, 86.0, NULL, 'https://mobile.yangkeduo.com/goo'/*+29 bytes*/, '2026-04-14', datetime('now', 'localtime'))


    SELECT total_sales, price FROM "pdd市场监控"
    WHERE product_id = '458897903176' AND monitor_date = '2026-04-14'


    INSERT OR REPLACE INTO "pdd市场监控"
    (product_id, title, price, total_sales, monthly_sales, weekly_sales, daily_sales_tag, hot_sales, grabbed_sales, daily_increment, product_url, monitor_date, scrape_time) 
    VALUES ('458897903176', '美的家用净水器伴侣 超薄'/*+49 bytes*/, 1479.0, NULL, NULL, NULL, NULL, NULL, 838.0, NULL, 'https://mobile.yangkeduo.com/goo'/*+29 bytes*/, '2026-04-14', datetime('now', 'localtime'))


    SELECT total_sales, price FROM "pdd市场监控"
    WHERE product_id = '411572747691' AND monitor_date = '2026-04-14'


    SELECT total_sales FROM "pdd市场监控"
    WHERE product_id = '411572747691' AND monitor_date = '2026-04-13'


    INSERT OR REPLACE INTO "pdd市场监控"
    (product_id, title, price, total_sales, monthly_sales, weekly_sales, daily_sales_tag, hot_sales, grabbed_sales, daily_increment, product_url, monitor_date, scrape_time) 
    VALUES ('411572747691', '美的家用净水器 6年长效'/*+47 bytes*/, 3129.0, 17000.0, NULL, NULL, NULL, NULL, NULL, 0.0, 'https://mobile.yangkeduo.com/goo'/*+29 bytes*/, '2026-04-14', datetime('now', 'localtime'))


    SELECT total_sales, price FROM "pdd市场监控"
    WHERE product_id = '640368739044' AND monitor_date = '2026-04-14'


    INSERT OR REPLACE INTO "pdd市场监控"
    (product_id, title, price, total_sales, monthly_sales, weekly_sales, daily_sales_tag, hot_sales, grabbed_sales, daily_increment, product_url, monitor_date, scrape_time) 
    VALUES ('640368739044', '美的家用净水器WIFI智联厨'/*+50 bytes*/, 895.0, NULL, NULL, NULL, NULL, NULL, 256.0, NULL, 'https://mobile.yangkeduo.com/goo'/*+29 bytes*/, '2026-04-14', datetime('now', 'localtime'))


    SELECT total_sales, price FROM "pdd市场监控"
    WHERE product_id = '857375738478' AND monitor_date = '2026-04-14'


    INSERT OR REPLACE INTO "pdd市场监控"
    (product_id, title, price, total_sales, monthly_sales, weekly_sales, daily_sales_tag, hot_sales, grabbed_sales, daily_increment, product_url, monitor_date, scrape_time) 
    VALUES ('857375738478', '美的净水器母婴级家用直'/*+53 bytes*/, 1309.0, NULL, NULL, NULL, NULL, NULL, 481.0, NULL, 'https://mobile.yangkeduo.com/goo'/*+29 bytes*/, '2026-04-14', datetime('now', 'localtime'))


    SELECT total_sales, price FROM "pdd市场监控"
    WHERE product_id = '571724488626' AND monitor_date = '2026-04-14'


    SELECT total_sales FROM "pdd市场监控"
    WHERE product_id = '571724488626' AND monitor_date = '2026-04-13'


    INSERT OR REPLACE INTO "pdd市场监控"
    (product_id, title, price, total_sales, monthly_sales, weekly_sales, daily_sales_tag, hot_sales, grabbed_sales, daily_increment, product_url, monitor_date, scrape_time) 
    VALUES ('571724488626', '美的净水器家用反渗透母'/*+50 bytes*/, 2553.44, 16000.0, NULL, NULL, NULL, NULL, NULL, 0.0, 'https://mobile.yangkeduo.com/goo'/*+29 bytes*/, '2026-04-14', datetime('now', 'localtime'))

COMMIT
💾 当前页面数据已成功清洗并写入 SQLite 数据库。
💤 模拟人工停顿 4080 毫秒...

========================================
⏳ 准备访问第 2/16 个网址: https://mobile.yangkeduo.com/sjs_cat_rank_list.html?list_id=158438010201&scene_id=goods_detail%2Crelated_goods&list_sn=YWGKOjNRP-SpmKbvEED5Q9J3&__list_version=2&_pdd_fs=1&refer_page_name=bangdan_list&refer_page_id=17542_1775617970181_16m6qofvrv&refer_page_sn=17542&page_from=69&activeTab=0
✅ 页面加载完成，开始检测登录状态...
🔓 状态正常：已识别到商品数据，免登陆直接放行！
🎉 成功提取到 20 条商品数据，进入数据清洗入库阶段...
BEGIN

    SELECT total_sales, price FROM "pdd市场监控"
    WHERE product_id = '868851073714' AND monitor_date = '2026-04-14'


    SELECT total_sales FROM "pdd市场监控"
    WHERE product_id = '868851073714' AND monitor_date = '2026-04-13'


    INSERT OR REPLACE INTO "pdd市场监控"
    (product_id, title, price, total_sales, monthly_sales, weekly_sales, daily_sales_tag, hot_sales, grabbed_sales, daily_increment, product_url, monitor_date, scrape_time) 
    VALUES ('868851073714', 'VIOMI云米小海豚3 厨下净水'/*+39 bytes*/, 499.0, 1338.0, NULL, 100.0, NULL, NULL, NULL, 10.0, 'https://mobile.yangkeduo.com/goo'/*+29 bytes*/, '2026-04-14', datetime('now', 'localtime'))


    SELECT total_sales, price FROM "pdd市场监控"
    WHERE product_id = '852161740747' AND monitor_date = '2026-04-14'


    INSERT OR REPLACE INTO "pdd市场监控"
    (product_id, title, price, total_sales, monthly_sales, weekly_sales, daily_sales_tag, hot_sales, grabbed_sales, daily_increment, product_url, monitor_date, scrape_time) 
    VALUES ('852161740747', 'VIOMI云米净水器小海豚600'/*+43 bytes*/, 899.0, NULL, NULL, 100.0, NULL, NULL, NULL, NULL, 'https://mobile.yangkeduo.com/goo'/*+29 bytes*/, '2026-04-14', datetime('now', 'localtime'))


    SELECT total_sales, price FROM "pdd市场监控"
    WHERE product_id = '736780887569' AND monitor_date = '2026-04-14'


    SELECT total_sales FROM "pdd市场监控"
    WHERE product_id = '736780887569' AND monitor_date = '2026-04-13'


    INSERT OR REPLACE INTO "pdd市场监控"
    (product_id, title, price, total_sales, monthly_sales, weekly_sales, daily_sales_tag, hot_sales, grabbed_sales, daily_increment, product_url, monitor_date, scrape_time) 
    VALUES ('736780887569', '云米小海豚8T前置过滤器'/*+53 bytes*/, 143.9, 20000.0, 320.0, NULL, NULL, NULL, NULL, 0.0, 'https://mobile.yangkeduo.com/goo'/*+29 bytes*/, '2026-04-14', datetime('now', 'localtime'))


    SELECT total_sales, price FROM "pdd市场监控"
    WHERE product_id = '798482186210' AND monitor_date = '2026-04-14'


    SELECT total_sales FROM "pdd市场监控"
    WHERE product_id = '798482186210' AND monitor_date = '2026-04-13'


    INSERT OR REPLACE INTO "pdd市场监控"
    (product_id, title, price, total_sales, monthly_sales, weekly_sales, daily_sales_tag, hot_sales, grabbed_sales, daily_increment, product_url, monitor_date, scrape_time) 
    VALUES ('798482186210', '云米小白龙800G+升级净水'/*+50 bytes*/, 639.0, 3662.0, NULL, NULL, NULL, NULL, NULL, 3.0, 'https://mobile.yangkeduo.com/goo'/*+29 bytes*/, '2026-04-14', datetime('now', 'localtime'))


    SELECT total_sales, price FROM "pdd市场监控"
    WHERE product_id = '925874862450' AND monitor_date = '2026-04-14'


    SELECT total_sales FROM "pdd市场监控"
    WHERE product_id = '925874862450' AND monitor_date = '2026-04-13'


    INSERT OR REPLACE INTO "pdd市场监控"
    (product_id, title, price, total_sales, monthly_sales, weekly_sales, daily_sales_tag, hot_sales, grabbed_sales, daily_increment, product_url, monitor_date, scrape_time) 
    VALUES ('925874862450', '云米(VIOMI) 小海豚PRO 家用'/*+44 bytes*/, 799.0, 134.0, NULL, NULL, NULL, NULL, NULL, 2.0, 'https://mobile.yangkeduo.com/goo'/*+29 bytes*/, '2026-04-14', datetime('now', 'localtime'))


    SELECT total_sales, price FROM "pdd市场监控"
    WHERE product_id = '852932116812' AND monitor_date = '2026-04-14'


    INSERT OR REPLACE INTO "pdd市场监控"
    (product_id, title, price, total_sales, monthly_sales, weekly_sales, daily_sales_tag, hot_sales, grabbed_sales, daily_increment, product_url, monitor_date, scrape_time) 
    VALUES ('852932116812', '云米净水器600G小海豚升级'/*+35 bytes*/, 712.0, NULL, 305.0, NULL, NULL, NULL, 1255.0, NULL, 'https://mobile.yangkeduo.com/goo'/*+29 bytes*/, '2026-04-14', datetime('now', 'localtime'))


    SELECT total_sales, price FROM "pdd市场监控"
    WHERE product_id = '915797572693' AND monitor_date = '2026-04-14'


    INSERT OR REPLACE INTO "pdd市场监控"
    (product_id, title, price, total_sales, monthly_sales, weekly_sales, daily_sales_tag, hot_sales, grabbed_sales, daily_increment, product_url, monitor_date, scrape_time) 
    VALUES ('915797572693', 'VIOMI云米净水器小海豚600'/*+45 bytes*/, 599.0, NULL, NULL, NULL, NULL, NULL, NULL, NULL, 'https://mobile.yangkeduo.com/goo'/*+29 bytes*/, '2026-04-14', datetime('now', 'localtime'))


    SELECT total_sales, price FROM "pdd市场监控"
    WHERE product_id = '916452280972' AND monitor_date = '2026-04-14'


    INSERT OR REPLACE INTO "pdd市场监控"
    (product_id, title, price, total_sales, monthly_sales, weekly_sales, daily_sales_tag, hot_sales, grabbed_sales, daily_increment, product_url, monitor_date, scrape_time) 
    VALUES ('916452280972', '云米(VIOMI) 小海豚900G  家'/*+48 bytes*/, 749.0, NULL, NULL, NULL, NULL, NULL, 37.0, NULL, 'https://mobile.yangkeduo.com/goo'/*+29 bytes*/, '2026-04-14', datetime('now', 'localtime'))


    SELECT total_sales, price FROM "pdd市场监控"
    WHERE product_id = '907059476083' AND monitor_date = '2026-04-14'


    INSERT OR REPLACE INTO "pdd市场监控"
    (product_id, title, price, total_sales, monthly_sales, weekly_sales, daily_sales_tag, hot_sales, grabbed_sales, daily_increment, product_url, monitor_date, scrape_time) 
    VALUES ('907059476083', '云米净水器滤芯CROSS 3 5IN'/*+43 bytes*/, 132.0, NULL, NULL, NULL, NULL, NULL, 141.0, NULL, 'https://mobile.yangkeduo.com/goo'/*+29 bytes*/, '2026-04-14', datetime('now', 'localtime'))


    SELECT total_sales, price FROM "pdd市场监控"
    WHERE product_id = '862873034610' AND monitor_date = '2026-04-14'


    INSERT OR REPLACE INTO "pdd市场监控"
    (product_id, title, price, total_sales, monthly_sales, weekly_sales, daily_sales_tag, hot_sales, grabbed_sales, daily_increment, product_url, monitor_date, scrape_time) 
    VALUES ('862873034610', 'VIOMI云米 小海豚3新品5年'/*+48 bytes*/, 559.0, NULL, NULL, NULL, NULL, NULL, 1204.0, NULL, 'https://mobile.yangkeduo.com/goo'/*+29 bytes*/, '2026-04-14', datetime('now', 'localtime'))


    SELECT total_sales, price FROM "pdd市场监控"
    WHERE product_id = '917032713009' AND monitor_date = '2026-04-14'


    SELECT total_sales FROM "pdd市场监控"
    WHERE product_id = '917032713009' AND monitor_date = '2026-04-13'


    INSERT OR REPLACE INTO "pdd市场监控"
    (product_id, title, price, total_sales, monthly_sales, weekly_sales, daily_sales_tag, hot_sales, grabbed_sales, daily_increment, product_url, monitor_date, scrape_time) 
    VALUES ('917032713009', 'VIOMI云米冷热管线机饮水'/*+44 bytes*/, 657.9, 875.0, NULL, NULL, NULL, NULL, NULL, 0.0, 'https://mobile.yangkeduo.com/goo'/*+29 bytes*/, '2026-04-14', datetime('now', 'localtime'))


    SELECT total_sales, price FROM "pdd市场监控"
    WHERE product_id = '917034829515' AND monitor_date = '2026-04-14'


    SELECT total_sales FROM "pdd市场监控"
    WHERE product_id = '917034829515' AND monitor_date = '2026-04-13'


    INSERT OR REPLACE INTO "pdd市场监控"
    (product_id, title, price, total_sales, monthly_sales, weekly_sales, daily_sales_tag, hot_sales, grabbed_sales, daily_increment, product_url, monitor_date, scrape_time) 
    VALUES ('917034829515', 'VIOMI云米制冷管线机壁挂'/*+53 bytes*/, 869.0, 7829.0, NULL, NULL, NULL, NULL, NULL, 0.0, 'https://mobile.yangkeduo.com/goo'/*+29 bytes*/, '2026-04-14', datetime('now', 'localtime'))


    SELECT total_sales, price FROM "pdd市场监控"
    WHERE product_id = '917001945930' AND monitor_date = '2026-04-14'


    SELECT total_sales FROM "pdd市场监控"
    WHERE product_id = '917001945930' AND monitor_date = '2026-04-13'


    INSERT OR REPLACE INTO "pdd市场监控"
    (product_id, title, price, total_sales, monthly_sales, weekly_sales, daily_sales_tag, hot_sales, grabbed_sales, daily_increment, product_url, monitor_date, scrape_time) 
    VALUES ('917001945930', '云米矿泉台式净饮机即热'/*+54 bytes*/, 931.28, 58.0, NULL, NULL, NULL, NULL, NULL, 0.0, 'https://mobile.yangkeduo.com/goo'/*+29 bytes*/, '2026-04-14', datetime('now', 'localtime'))


    SELECT total_sales, price FROM "pdd市场监控"
    WHERE product_id = '364990106384' AND monitor_date = '2026-04-14'


    INSERT OR REPLACE INTO "pdd市场监控"
    (product_id, title, price, total_sales, monthly_sales, weekly_sales, daily_sales_tag, hot_sales, grabbed_sales, daily_increment, product_url, monitor_date, scrape_time) 
    VALUES ('364990106384', '云米即热净水器厨房家用'/*+43 bytes*/, 1598.85, NULL, NULL, NULL, NULL, NULL, 405.0, NULL, 'https://mobile.yangkeduo.com/goo'/*+29 bytes*/, '2026-04-14', datetime('now', 'localtime'))


    SELECT total_sales, price FROM "pdd市场监控"
    WHERE product_id = '916996455515' AND monitor_date = '2026-04-14'


    SELECT total_sales FROM "pdd市场监控"
    WHERE product_id = '916996455515' AND monitor_date = '2026-04-13'


    INSERT OR REPLACE INTO "pdd市场监控"
    (product_id, title, price, total_sales, monthly_sales, weekly_sales, daily_sales_tag, hot_sales, grabbed_sales, daily_increment, product_url, monitor_date, scrape_time) 
    VALUES ('916996455515', 'VIOMI/云米 新品管线机 冷'/*+22 bytes*/, 1449.0, 16.0, NULL, NULL, NULL, NULL, NULL, 0.0, 'https://mobile.yangkeduo.com/goo'/*+29 bytes*/, '2026-04-14', datetime('now', 'localtime'))


    SELECT total_sales, price FROM "pdd市场监控"
    WHERE product_id = '270574611944' AND monitor_date = '2026-04-14'


    INSERT OR REPLACE INTO "pdd市场监控"
    (product_id, title, price, total_sales, monthly_sales, weekly_sales, daily_sales_tag, hot_sales, grabbed_sales, daily_increment, product_url, monitor_date, scrape_time) 
    VALUES ('270574611944', '云米净水器家用1200G直饮'/*+47 bytes*/, 1338.22, NULL, NULL, NULL, NULL, NULL, 112.0, NULL, 'https://mobile.yangkeduo.com/goo'/*+29 bytes*/, '2026-04-14', datetime('now', 'localtime'))


    SELECT total_sales, price FROM "pdd市场监控"
    WHERE product_id = '807917848763' AND monitor_date = '2026-04-14'


    SELECT total_sales FROM "pdd市场监控"
    WHERE product_id = '807917848763' AND monitor_date = '2026-04-13'


    INSERT OR REPLACE INTO "pdd市场监控"
    (product_id, title, price, total_sales, monthly_sales, weekly_sales, daily_sales_tag, hot_sales, grabbed_sales, daily_increment, product_url, monitor_date, scrape_time) 
    VALUES ('807917848763', '云米净水器鲜活泉1000G 家'/*+50 bytes*/, 919.0, 21.0, NULL, NULL, NULL, NULL, NULL, 1.0, 'https://mobile.yangkeduo.com/goo'/*+29 bytes*/, '2026-04-14', datetime('now', 'localtime'))


    SELECT total_sales, price FROM "pdd市场监控"
    WHERE product_id = '205458105137' AND monitor_date = '2026-04-14'


    INSERT OR REPLACE INTO "pdd市场监控"
    (product_id, title, price, total_sales, monthly_sales, weekly_sales, daily_sales_tag, hot_sales, grabbed_sales, daily_increment, product_url, monitor_date, scrape_time) 
    VALUES ('205458105137', 'VIOMI云米净水器1000G厨下式'/*+42 bytes*/, 899.0, NULL, NULL, NULL, NULL, NULL, 32000.0, NULL, 'https://mobile.yangkeduo.com/goo'/*+29 bytes*/, '2026-04-14', datetime('now', 'localtime'))


    SELECT total_sales, price FROM "pdd市场监控"
    WHERE product_id = '907974025123' AND monitor_date = '2026-04-14'


    INSERT OR REPLACE INTO "pdd市场监控"
    (product_id, title, price, total_sales, monthly_sales, weekly_sales, daily_sales_tag, hot_sales, grabbed_sales, daily_increment, product_url, monitor_date, scrape_time) 
    VALUES ('907974025123', 'VIOMI云米净水器1000G厨下式'/*+42 bytes*/, 899.0, NULL, NULL, NULL, NULL, NULL, 6.0, NULL, 'https://mobile.yangkeduo.com/goo'/*+29 bytes*/, '2026-04-14', datetime('now', 'localtime'))


    SELECT total_sales, price FROM "pdd市场监控"
    WHERE product_id = '590227618209' AND monitor_date = '2026-04-14'


    SELECT total_sales FROM "pdd市场监控"
    WHERE product_id = '590227618209' AND monitor_date = '2026-04-13'


    INSERT OR REPLACE INTO "pdd市场监控"
    (product_id, title, price, total_sales, monthly_sales, weekly_sales, daily_sales_tag, hot_sales, grabbed_sales, daily_increment, product_url, monitor_date, scrape_time) 
    VALUES ('590227618209', '云米(VIOMI)前置过滤器自动'/*+47 bytes*/, 477.9, 507.0, NULL, NULL, NULL, NULL, NULL, NULL, 'https://mobile.yangkeduo.com/goo'/*+29 bytes*/, '2026-04-14', datetime('now', 'localtime'))

COMMIT
💾 当前页面数据已成功清洗并写入 SQLite 数据库。
💤 模拟人工停顿 4470 毫秒...

========================================
⏳ 准备访问第 3/16 个网址: https://mobile.yangkeduo.com/sjs_cat_rank_list.html?list_id=3283500335952010801&list_sn=YWF8XVMLgYDEn8CVFmjq-aO4&__list_version=2&_pdd_fs=1&_pdd_tc=ffffff&_pdd_sbs=1&scene_id=goods_detail&display_type=base&refer_page_name=goods_detail&refer_page_id=10014_1775628390060_fve52hluwo&refer_page_sn=10014&activeTab=0
✅ 页面加载完成，开始检测登录状态...
🔓 状态正常：已识别到商品数据，免登陆直接放行！
🎉 成功提取到 20 条商品数据，进入数据清洗入库阶段...
BEGIN

    SELECT total_sales, price FROM "pdd市场监控"
    WHERE product_id = '760102321947' AND monitor_date = '2026-04-14'


    SELECT total_sales FROM "pdd市场监控"
    WHERE product_id = '760102321947' AND monitor_date = '2026-04-13'


    INSERT OR REPLACE INTO "pdd市场监控"
    (product_id, title, price, total_sales, monthly_sales, weekly_sales, daily_sales_tag, hot_sales, grabbed_sales, daily_increment, product_url, monitor_date, scrape_time) 
    VALUES ('760102321947', '小米净水器1200G PRO家用净'/*+45 bytes*/, 1213.0, 8212.0, NULL, NULL, NULL, NULL, NULL, 33.0, 'https://mobile.yangkeduo.com/goo'/*+29 bytes*/, '2026-04-14', datetime('now', 'localtime'))


    SELECT total_sales, price FROM "pdd市场监控"
    WHERE product_id = '795204016964' AND monitor_date = '2026-04-14'


    SELECT total_sales FROM "pdd市场监控"
    WHERE product_id = '795204016964' AND monitor_date = '2026-04-13'


    INSERT OR REPLACE INTO "pdd市场监控"
    (product_id, title, price, total_sales, monthly_sales, weekly_sales, daily_sales_tag, hot_sales, grabbed_sales, daily_increment, product_url, monitor_date, scrape_time) 
    VALUES ('795204016964', '米家前置过滤器 PRO 定时'/*+32 bytes*/, 559.9, 4814.0, NULL, 100.0, NULL, NULL, NULL, NULL, 'https://mobile.yangkeduo.com/goo'/*+29 bytes*/, '2026-04-14', datetime('now', 'localtime'))


    SELECT total_sales, price FROM "pdd市场监控"
    WHERE product_id = '935804724755' AND monitor_date = '2026-04-14'


    INSERT OR REPLACE INTO "pdd市场监控"
    (product_id, title, price, total_sales, monthly_sales, weekly_sales, daily_sales_tag, hot_sales, grabbed_sales, daily_increment, product_url, monitor_date, scrape_time) 
    VALUES ('935804724755', '小米米家龙头净水器2家用'/*+54 bytes*/, 85.9, NULL, NULL, NULL, 50.0, NULL, 193.0, NULL, 'https://mobile.yangkeduo.com/goo'/*+29 bytes*/, '2026-04-14', datetime('now', 'localtime'))


    SELECT total_sales, price FROM "pdd市场监控"
    WHERE product_id = '648892853552' AND monitor_date = '2026-04-14'


    SELECT total_sales FROM "pdd市场监控"
    WHERE product_id = '648892853552' AND monitor_date = '2026-04-13'


    INSERT OR REPLACE INTO "pdd市场监控"
    (product_id, title, price, total_sales, monthly_sales, weekly_sales, daily_sales_tag, hot_sales, grabbed_sales, daily_increment, product_url, monitor_date, scrape_time) 
    VALUES ('648892853552', '米家小米净水器家用净水'/*+52 bytes*/, 794.0, 16000.0, 238.0, NULL, NULL, NULL, NULL, NULL, 'https://mobile.yangkeduo.com/goo'/*+29 bytes*/, '2026-04-14', datetime('now', 'localtime'))


    SELECT total_sales, price FROM "pdd市场监控"
    WHERE product_id = '930637823921' AND monitor_date = '2026-04-14'


    SELECT total_sales FROM "pdd市场监控"
    WHERE product_id = '930637823921' AND monitor_date = '2026-04-13'


    INSERT OR REPLACE INTO "pdd市场监控"
    (product_id, title, price, total_sales, monthly_sales, weekly_sales, daily_sales_tag, hot_sales, grabbed_sales, daily_increment, product_url, monitor_date, scrape_time) 
    VALUES ('930637823921', '小米米家净水器S1 1200G 母'/*+45 bytes*/, 1099.0, 2851.0, NULL, NULL, NULL, NULL, NULL, NULL, 'https://mobile.yangkeduo.com/goo'/*+29 bytes*/, '2026-04-14', datetime('now', 'localtime'))


    SELECT total_sales, price FROM "pdd市场监控"
    WHERE product_id = '714877112304' AND monitor_date = '2026-04-14'


    SELECT total_sales FROM "pdd市场监控"
    WHERE product_id = '714877112304' AND monitor_date = '2026-04-13'


    INSERT OR REPLACE INTO "pdd市场监控"
    (product_id, title, price, total_sales, monthly_sales, weekly_sales, daily_sales_tag, hot_sales, grabbed_sales, daily_increment, product_url, monitor_date, scrape_time) 
    VALUES ('714877112304', '小米米家前置过滤器/PRO全'/*+54 bytes*/, 284.0, 6769.0, 258.0, NULL, NULL, NULL, NULL, NULL, 'https://mobile.yangkeduo.com/goo'/*+29 bytes*/, '2026-04-14', datetime('now', 'localtime'))


    SELECT total_sales, price FROM "pdd市场监控"
    WHERE product_id = '723053416812' AND monitor_date = '2026-04-14'


    SELECT total_sales FROM "pdd市场监控"
    WHERE product_id = '723053416812' AND monitor_date = '2026-04-13'


    INSERT OR REPLACE INTO "pdd市场监控"
    (product_id, title, price, total_sales, monthly_sales, weekly_sales, daily_sales_tag, hot_sales, grabbed_sales, daily_increment, product_url, monitor_date, scrape_time) 
    VALUES ('723053416812', '小米净水器N1/S1 1200G家用'/*+45 bytes*/, 947.0, 4118.0, NULL, NULL, NULL, NULL, NULL, 7.0, 'https://mobile.yangkeduo.com/goo'/*+29 bytes*/, '2026-04-14', datetime('now', 'localtime'))


    SELECT total_sales, price FROM "pdd市场监控"
    WHERE product_id = '793802267792' AND monitor_date = '2026-04-14'


    SELECT total_sales FROM "pdd市场监控"
    WHERE product_id = '793802267792' AND monitor_date = '2026-04-13'


    INSERT OR REPLACE INTO "pdd市场监控"
    (product_id, title, price, total_sales, monthly_sales, weekly_sales, daily_sales_tag, hot_sales, grabbed_sales, daily_increment, product_url, monitor_date, scrape_time) 
    VALUES ('793802267792', '小米米家即热净水器1200G'/*+53 bytes*/, 1967.0, 1262.0, NULL, NULL, NULL, NULL, NULL, NULL, 'https://mobile.yangkeduo.com/goo'/*+29 bytes*/, '2026-04-14', datetime('now', 'localtime'))


    SELECT total_sales, price FROM "pdd市场监控"
    WHERE product_id = '934551959234' AND monitor_date = '2026-04-14'


    INSERT OR REPLACE INTO "pdd市场监控"
    (product_id, title, price, total_sales, monthly_sales, weekly_sales, daily_sales_tag, hot_sales, grabbed_sales, daily_increment, product_url, monitor_date, scrape_time) 
    VALUES ('934551959234', '小米净水器滤芯600G/400G原'/*+48 bytes*/, 148.5, NULL, NULL, NULL, NULL, NULL, 99.0, NULL, 'https://mobile.yangkeduo.com/goo'/*+29 bytes*/, '2026-04-14', datetime('now', 'localtime'))


    SELECT total_sales, price FROM "pdd市场监控"
    WHERE product_id = '920039226801' AND monitor_date = '2026-04-14'


    SELECT total_sales FROM "pdd市场监控"
    WHERE product_id = '920039226801' AND monitor_date = '2026-04-13'


    INSERT OR REPLACE INTO "pdd市场监控"
    (product_id, title, price, total_sales, monthly_sales, weekly_sales, daily_sales_tag, hot_sales, grabbed_sales, daily_increment, product_url, monitor_date, scrape_time) 
    VALUES ('920039226801', '小米米家净水器N1 800G家用'/*+50 bytes*/, 1879.0, 13000.0, NULL, NULL, NULL, NULL, NULL, NULL, 'https://mobile.yangkeduo.com/goo'/*+29 bytes*/, '2026-04-14', datetime('now', 'localtime'))


    SELECT total_sales, price FROM "pdd市场监控"
    WHERE product_id = '724524723845' AND monitor_date = '2026-04-14'


    SELECT total_sales FROM "pdd市场监控"
    WHERE product_id = '724524723845' AND monitor_date = '2026-04-13'


    INSERT OR REPLACE INTO "pdd市场监控"
    (product_id, title, price, total_sales, monthly_sales, weekly_sales, daily_sales_tag, hot_sales, grabbed_sales, daily_increment, product_url, monitor_date, scrape_time) 
    VALUES ('724524723845', '小米米家净水器1200G家用'/*+53 bytes*/, 969.0, 10000.0, 276.0, NULL, NULL, NULL, NULL, NULL, 'https://mobile.yangkeduo.com/goo'/*+29 bytes*/, '2026-04-14', datetime('now', 'localtime'))


    SELECT total_sales, price FROM "pdd市场监控"
    WHERE product_id = '929227065932' AND monitor_date = '2026-04-14'


    SELECT total_sales FROM "pdd市场监控"
    WHERE product_id = '929227065932' AND monitor_date = '2026-04-13'


    INSERT OR REPLACE INTO "pdd市场监控"
    (product_id, title, price, total_sales, monthly_sales, weekly_sales, daily_sales_tag, hot_sales, grabbed_sales, daily_increment, product_url, monitor_date, scrape_time) 
    VALUES ('929227065932', '小米米家净水器800G家用厨'/*+54 bytes*/, 794.0, 16000.0, NULL, NULL, NULL, NULL, NULL, NULL, 'https://mobile.yangkeduo.com/goo'/*+29 bytes*/, '2026-04-14', datetime('now', 'localtime'))


    SELECT total_sales, price FROM "pdd市场监控"
    WHERE product_id = '878626118056' AND monitor_date = '2026-04-14'


    SELECT total_sales FROM "pdd市场监控"
    WHERE product_id = '878626118056' AND monitor_date = '2026-04-13'


    INSERT OR REPLACE INTO "pdd市场监控"
    (product_id, title, price, total_sales, monthly_sales, weekly_sales, daily_sales_tag, hot_sales, grabbed_sales, daily_increment, product_url, monitor_date, scrape_time) 
    VALUES ('878626118056', '小米米家净水器1600GPRO双'/*+54 bytes*/, 1799.0, 2605.0, 219.0, NULL, NULL, NULL, NULL, NULL, 'https://mobile.yangkeduo.com/goo'/*+29 bytes*/, '2026-04-14', datetime('now', 'localtime'))


    SELECT total_sales, price FROM "pdd市场监控"
    WHERE product_id = '926712475871' AND monitor_date = '2026-04-14'


    SELECT total_sales FROM "pdd市场监控"
    WHERE product_id = '926712475871' AND monitor_date = '2026-04-13'


    INSERT OR REPLACE INTO "pdd市场监控"
    (product_id, title, price, total_sales, monthly_sales, weekly_sales, daily_sales_tag, hot_sales, grabbed_sales, daily_increment, product_url, monitor_date, scrape_time) 
    VALUES ('926712475871', '小米/米家净水器PRO双出水'/*+50 bytes*/, 1459.0, 2347.0, NULL, NULL, NULL, NULL, NULL, NULL, 'https://mobile.yangkeduo.com/goo'/*+29 bytes*/, '2026-04-14', datetime('now', 'localtime'))


    SELECT total_sales, price FROM "pdd市场监控"
    WHERE product_id = '789311163987' AND monitor_date = '2026-04-14'


    INSERT OR REPLACE INTO "pdd市场监控"
    (product_id, title, price, total_sales, monthly_sales, weekly_sales, daily_sales_tag, hot_sales, grabbed_sales, daily_increment, product_url, monitor_date, scrape_time) 
    VALUES ('789311163987', '小米净水器S1 1200G厨下式'/*+51 bytes*/, 1888.0, NULL, NULL, NULL, NULL, NULL, 94.0, NULL, 'https://mobile.yangkeduo.com/goo'/*+29 bytes*/, '2026-04-14', datetime('now', 'localtime'))


    SELECT total_sales, price FROM "pdd市场监控"
    WHERE product_id = '913185603260' AND monitor_date = '2026-04-14'


    SELECT total_sales FROM "pdd市场监控"
    WHERE product_id = '913185603260' AND monitor_date = '2026-04-13'


    INSERT OR REPLACE INTO "pdd市场监控"
    (product_id, title, price, total_sales, monthly_sales, weekly_sales, daily_sales_tag, hot_sales, grabbed_sales, daily_increment, product_url, monitor_date, scrape_time) 
    VALUES ('913185603260', '小米米家净水器1000G 家用'/*+54 bytes*/, 919.0, 11000.0, NULL, NULL, NULL, NULL, NULL, NULL, 'https://mobile.yangkeduo.com/goo'/*+29 bytes*/, '2026-04-14', datetime('now', 'localtime'))


    SELECT total_sales, price FROM "pdd市场监控"
    WHERE product_id = '861519766493' AND monitor_date = '2026-04-14'


    SELECT total_sales FROM "pdd市场监控"
    WHERE product_id = '861519766493' AND monitor_date = '2026-04-13'


    INSERT OR REPLACE INTO "pdd市场监控"
    (product_id, title, price, total_sales, monthly_sales, weekly_sales, daily_sales_tag, hot_sales, grabbed_sales, daily_increment, product_url, monitor_date, scrape_time) 
    VALUES ('861519766493', '小米米家净水器1600G家用'/*+50 bytes*/, 1351.0, 1205.0, NULL, NULL, NULL, NULL, NULL, NULL, 'https://mobile.yangkeduo.com/goo'/*+29 bytes*/, '2026-04-14', datetime('now', 'localtime'))


    SELECT total_sales, price FROM "pdd市场监控"
    WHERE product_id = '734917908081' AND monitor_date = '2026-04-14'


    INSERT OR REPLACE INTO "pdd市场监控"
    (product_id, title, price, total_sales, monthly_sales, weekly_sales, daily_sales_tag, hot_sales, grabbed_sales, daily_increment, product_url, monitor_date, scrape_time) 
    VALUES ('734917908081', '米家小米净水器1200G PRO 厨'/*+42 bytes*/, 1261.0, NULL, NULL, NULL, NULL, NULL, 387.0, NULL, 'https://mobile.yangkeduo.com/goo'/*+29 bytes*/, '2026-04-14', datetime('now', 'localtime'))


    SELECT total_sales, price FROM "pdd市场监控"
    WHERE product_id = '846161125509' AND monitor_date = '2026-04-14'


    SELECT total_sales FROM "pdd市场监控"
    WHERE product_id = '846161125509' AND monitor_date = '2026-04-13'


    INSERT OR REPLACE INTO "pdd市场监控"
    (product_id, title, price, total_sales, monthly_sales, weekly_sales, daily_sales_tag, hot_sales, grabbed_sales, daily_increment, product_url, monitor_date, scrape_time) 
    VALUES ('846161125509', '小米净水器S1 1600G母婴级'/*+50 bytes*/, 1469.0, 561.0, NULL, NULL, NULL, NULL, NULL, NULL, 'https://mobile.yangkeduo.com/goo'/*+29 bytes*/, '2026-04-14', datetime('now', 'localtime'))


    SELECT total_sales, price FROM "pdd市场监控"
    WHERE product_id = '864392956629' AND monitor_date = '2026-04-14'


    SELECT total_sales FROM "pdd市场监控"
    WHERE product_id = '864392956629' AND monitor_date = '2026-04-13'


    INSERT OR REPLACE INTO "pdd市场监控"
    (product_id, title, price, total_sales, monthly_sales, weekly_sales, daily_sales_tag, hot_sales, grabbed_sales, daily_increment, product_url, monitor_date, scrape_time) 
    VALUES ('864392956629', '小米米家前置过滤器PRO自'/*+51 bytes*/, 559.0, 4814.0, NULL, NULL, NULL, NULL, NULL, NULL, 'https://mobile.yangkeduo.com/goo'/*+29 bytes*/, '2026-04-14', datetime('now', 'localtime'))

COMMIT
💾 当前页面数据已成功清洗并写入 SQLite 数据库。
💤 模拟人工停顿 3018 毫秒...

========================================
⏳ 准备访问第 4/16 个网址: https://mobile.yangkeduo.com/sjs_cat_rank_list.html?refer_share_id=iLKJf757sHkUnIicy069SB75ZkwhIUfv&refer_share_channel=copy_link&_pdd_fs=1&__list_version=2&display_type=base&list_sn=YWE3UtyUoB3JnVpcQVxUEUuW&scene_id=goods_detail&refer_share_uin=6NCWZWVQQSPG3MY5ZMDLWFR3KU_GEXDA&_pdd_tc=ffffff&_pdd_sbs=1&share_list_id=9298010204&list_id=9298010204
✅ 页面加载完成，开始检测登录状态...
🔓 状态正常：已识别到商品数据，免登陆直接放行！
🎉 成功提取到 60 条商品数据，进入数据清洗入库阶段...
BEGIN

    SELECT total_sales, price FROM "pdd市场监控"
    WHERE product_id = '131363133209' AND monitor_date = '2026-04-14'


    SELECT total_sales FROM "pdd市场监控"
    WHERE product_id = '131363133209' AND monitor_date = '2026-04-13'


    INSERT OR REPLACE INTO "pdd市场监控"
    (product_id, title, price, total_sales, monthly_sales, weekly_sales, daily_sales_tag, hot_sales, grabbed_sales, daily_increment, product_url, monitor_date, scrape_time) 
    VALUES ('131363133209', '海尔前置过滤器全屋自来'/*+53 bytes*/, 283.0, 142000.0, NULL, NULL, 100.0, NULL, NULL, 0.0, 'https://mobile.yangkeduo.com/goo'/*+29 bytes*/, '2026-04-14', datetime('now', 'localtime'))


    SELECT total_sales, price FROM "pdd市场监控"
    WHERE product_id = '922405222213' AND monitor_date = '2026-04-14'


    INSERT OR REPLACE INTO "pdd市场监控"
    (product_id, title, price, total_sales, monthly_sales, weekly_sales, daily_sales_tag, hot_sales, grabbed_sales, daily_increment, product_url, monitor_date, scrape_time) 
    VALUES ('922405222213', '小米米家水龙头净水器2水'/*+54 bytes*/, 90.9, NULL, NULL, NULL, 400.0, NULL, 3238.0, NULL, 'https://mobile.yangkeduo.com/goo'/*+29 bytes*/, '2026-04-14', datetime('now', 'localtime'))


    SELECT total_sales, price FROM "pdd市场监控"
    WHERE product_id = '872986550973' AND monitor_date = '2026-04-14'


    INSERT OR REPLACE INTO "pdd市场监控"
    (product_id, title, price, total_sales, monthly_sales, weekly_sales, daily_sales_tag, hot_sales, grabbed_sales, daily_increment, product_url, monitor_date, scrape_time) 
    VALUES ('872986550973', '沁园【TRULIVA】可直饮龙头'/*+51 bytes*/, 82.99, NULL, NULL, NULL, 100.0, NULL, 6833.0, NULL, 'https://mobile.yangkeduo.com/goo'/*+29 bytes*/, '2026-04-14', datetime('now', 'localtime'))


    SELECT total_sales, price FROM "pdd市场监控"
    WHERE product_id = '635594987496' AND monitor_date = '2026-04-14'


    SELECT total_sales FROM "pdd市场监控"
    WHERE product_id = '635594987496' AND monitor_date = '2026-04-13'


    INSERT OR REPLACE INTO "pdd市场监控"
    (product_id, title, price, total_sales, monthly_sales, weekly_sales, daily_sales_tag, hot_sales, grabbed_sales, daily_increment, product_url, monitor_date, scrape_time) 
    VALUES ('635594987496', '艾美特前置花洒沐浴淋浴'/*+57 bytes*/, 27.3, 594000.0, NULL, NULL, 100.0, NULL, NULL, 0.0, 'https://mobile.yangkeduo.com/goo'/*+29 bytes*/, '2026-04-14', datetime('now', 'localtime'))


    SELECT total_sales, price FROM "pdd市场监控"
    WHERE product_id = '856547421423' AND monitor_date = '2026-04-14'


    SELECT total_sales FROM "pdd市场监控"
    WHERE product_id = '856547421423' AND monitor_date = '2026-04-13'


    INSERT OR REPLACE INTO "pdd市场监控"
    (product_id, title, price, total_sales, monthly_sales, weekly_sales, daily_sales_tag, hot_sales, grabbed_sales, daily_increment, product_url, monitor_date, scrape_time) 
    VALUES ('856547421423', '海尔净水器鲜活水PROMAX家'/*+44 bytes*/, 1369.0, 2659.0, NULL, 200.0, NULL, NULL, NULL, 57.0, 'https://mobile.yangkeduo.com/goo'/*+29 bytes*/, '2026-04-14', datetime('now', 'localtime'))


    SELECT total_sales, price FROM "pdd市场监控"
    WHERE product_id = '209020621849' AND monitor_date = '2026-04-14'


    INSERT OR REPLACE INTO "pdd市场监控"
    (product_id, title, price, total_sales, monthly_sales, weekly_sales, daily_sales_tag, hot_sales, grabbed_sales, daily_increment, product_url, monitor_date, scrape_time) 
    VALUES ('209020621849', '美的净水器反渗透全屋保'/*+55 bytes*/, 809.0, NULL, NULL, NULL, 30.0, NULL, 514000.0, NULL, 'https://mobile.yangkeduo.com/goo'/*+29 bytes*/, '2026-04-14', datetime('now', 'localtime'))


    SELECT total_sales, price FROM "pdd市场监控"
    WHERE product_id = '758048463055' AND monitor_date = '2026-04-14'


    SELECT total_sales FROM "pdd市场监控"
    WHERE product_id = '758048463055' AND monitor_date = '2026-04-13'


    INSERT OR REPLACE INTO "pdd市场监控"
    (product_id, title, price, total_sales, monthly_sales, weekly_sales, daily_sales_tag, hot_sales, grabbed_sales, daily_increment, product_url, monitor_date, scrape_time) 
    VALUES ('758048463055', '沁园前置过滤器净水器智'/*+53 bytes*/, 593.0, 4917.0, NULL, NULL, 30.0, NULL, NULL, 34.0, 'https://mobile.yangkeduo.com/goo'/*+29 bytes*/, '2026-04-14', datetime('now', 'localtime'))


    SELECT total_sales, price FROM "pdd市场监控"
    WHERE product_id = '837277953649' AND monitor_date = '2026-04-14'


    SELECT total_sales FROM "pdd市场监控"
    WHERE product_id = '837277953649' AND monitor_date = '2026-04-13'


    INSERT OR REPLACE INTO "pdd市场监控"
    (product_id, title, price, total_sales, monthly_sales, weekly_sales, daily_sales_tag, hot_sales, grabbed_sales, daily_increment, product_url, monitor_date, scrape_time) 
    VALUES ('837277953649', '【全新正品】海尔净水器'/*+41 bytes*/, 1369.0, 2659.0, NULL, NULL, 30.0, NULL, NULL, 57.0, 'https://mobile.yangkeduo.com/goo'/*+29 bytes*/, '2026-04-14', datetime('now', 'localtime'))


    SELECT total_sales, price FROM "pdd市场监控"
    WHERE product_id = '353140007622' AND monitor_date = '2026-04-14'


    SELECT total_sales FROM "pdd市场监控"
    WHERE product_id = '353140007622' AND monitor_date = '2026-04-13'


    INSERT OR REPLACE INTO "pdd市场监控"
    (product_id, title, price, total_sales, monthly_sales, weekly_sales, daily_sales_tag, hot_sales, grabbed_sales, daily_increment, product_url, monitor_date, scrape_time) 
    VALUES ('353140007622', '美的家用净水器 6年长效'/*+52 bytes*/, 1808.9, 13000.0, NULL, 100.0, NULL, NULL, NULL, 0.0, 'https://mobile.yangkeduo.com/goo'/*+29 bytes*/, '2026-04-14', datetime('now', 'localtime'))


    SELECT total_sales, price FROM "pdd市场监控"
    WHERE product_id = '854824820292' AND monitor_date = '2026-04-14'


    INSERT OR REPLACE INTO "pdd市场监控"
    (product_id, title, price, total_sales, monthly_sales, weekly_sales, daily_sales_tag, hot_sales, grabbed_sales, daily_increment, product_url, monitor_date, scrape_time) 
    VALUES ('854824820292', '海尔净水器家用直饮鲜活'/*+47 bytes*/, 1159.0, NULL, NULL, 100.0, NULL, NULL, 20000.0, NULL, 'https://mobile.yangkeduo.com/goo'/*+29 bytes*/, '2026-04-14', datetime('now', 'localtime'))


    SELECT total_sales, price FROM "pdd市场监控"
    WHERE product_id = '389772889864' AND monitor_date = '2026-04-14'


    SELECT total_sales FROM "pdd市场监控"
    WHERE product_id = '389772889864' AND monitor_date = '2026-04-13'


    INSERT OR REPLACE INTO "pdd市场监控"
    (product_id, title, price, total_sales, monthly_sales, weekly_sales, daily_sales_tag, hot_sales, grabbed_sales, daily_increment, product_url, monitor_date, scrape_time) 
    VALUES ('389772889864', '美的15T大通量前置过滤器'/*+51 bytes*/, 275.0, 14000.0, NULL, NULL, 30.0, NULL, NULL, 0.0, 'https://mobile.yangkeduo.com/goo'/*+29 bytes*/, '2026-04-14', datetime('now', 'localtime'))


    SELECT total_sales, price FROM "pdd市场监控"
    WHERE product_id = '798619001655' AND monitor_date = '2026-04-14'


    INSERT OR REPLACE INTO "pdd市场监控"
    (product_id, title, price, total_sales, monthly_sales, weekly_sales, daily_sales_tag, hot_sales, grabbed_sales, daily_increment, product_url, monitor_date, scrape_time) 
    VALUES ('798619001655', '沁园TRULIVA可直饮净水器水'/*+51 bytes*/, 168.0, NULL, NULL, NULL, 60.0, NULL, 8468.0, NULL, 'https://mobile.yangkeduo.com/goo'/*+29 bytes*/, '2026-04-14', datetime('now', 'localtime'))


    SELECT total_sales, price FROM "pdd市场监控"
    WHERE product_id = '758150701089' AND monitor_date = '2026-04-14'


    INSERT OR REPLACE INTO "pdd市场监控"
    (product_id, title, price, total_sales, monthly_sales, weekly_sales, daily_sales_tag, hot_sales, grabbed_sales, daily_increment, product_url, monitor_date, scrape_time) 
    VALUES ('758150701089', '沁园净水器10T大通量25微'/*+54 bytes*/, 379.0, NULL, NULL, NULL, 30.0, NULL, 6164.0, NULL, 'https://mobile.yangkeduo.com/goo'/*+29 bytes*/, '2026-04-14', datetime('now', 'localtime'))


    SELECT total_sales, price FROM "pdd市场监控"
    WHERE product_id = '726880345881' AND monitor_date = '2026-04-14'


    SELECT total_sales FROM "pdd市场监控"
    WHERE product_id = '726880345881' AND monitor_date = '2026-04-13'


    INSERT OR REPLACE INTO "pdd市场监控"
    (product_id, title, price, total_sales, monthly_sales, weekly_sales, daily_sales_tag, hot_sales, grabbed_sales, daily_increment, product_url, monitor_date, scrape_time) 
    VALUES ('726880345881', '海尔全屋前置过滤器家用'/*+57 bytes*/, 619.0, 4850.0, NULL, NULL, 30.0, NULL, NULL, 17.0, 'https://mobile.yangkeduo.com/goo'/*+29 bytes*/, '2026-04-14', datetime('now', 'localtime'))


    SELECT total_sales, price FROM "pdd市场监控"
    WHERE product_id = '626312797718' AND monitor_date = '2026-04-14'


    SELECT total_sales FROM "pdd市场监控"
    WHERE product_id = '626312797718' AND monitor_date = '2026-04-13'


    INSERT OR REPLACE INTO "pdd市场监控"
    (product_id, title, price, total_sales, monthly_sales, weekly_sales, daily_sales_tag, hot_sales, grabbed_sales, daily_increment, product_url, monitor_date, scrape_time) 
    VALUES ('626312797718', '美的北极星超滤净水器家'/*+57 bytes*/, 539.0, 129000.0, NULL, 200.0, NULL, NULL, NULL, 0.0, 'https://mobile.yangkeduo.com/goo'/*+29 bytes*/, '2026-04-14', datetime('now', 'localtime'))


    SELECT total_sales, price FROM "pdd市场监控"
    WHERE product_id = '786620855421' AND monitor_date = '2026-04-14'


    INSERT OR REPLACE INTO "pdd市场监控"
    (product_id, title, price, total_sales, monthly_sales, weekly_sales, daily_sales_tag, hot_sales, grabbed_sales, daily_increment, product_url, monitor_date, scrape_time) 
    VALUES ('786620855421', '美的净水器入户水管前置'/*+54 bytes*/, 316.0, NULL, NULL, NULL, 30.0, NULL, 14000.0, NULL, 'https://mobile.yangkeduo.com/goo'/*+29 bytes*/, '2026-04-14', datetime('now', 'localtime'))


    SELECT total_sales, price FROM "pdd市场监控"
    WHERE product_id = '929920369076' AND monitor_date = '2026-04-14'


    INSERT OR REPLACE INTO "pdd市场监控"
    (product_id, title, price, total_sales, monthly_sales, weekly_sales, daily_sales_tag, hot_sales, grabbed_sales, daily_increment, product_url, monitor_date, scrape_time) 
    VALUES ('929920369076', '小米米家净水器800G家用厨'/*+54 bytes*/, 839.0, NULL, NULL, NULL, 50.0, NULL, 160.0, NULL, 'https://mobile.yangkeduo.com/goo'/*+29 bytes*/, '2026-04-14', datetime('now', 'localtime'))


    SELECT total_sales, price FROM "pdd市场监控"
    WHERE product_id = '711881031979' AND monitor_date = '2026-04-14'


    SELECT total_sales FROM "pdd市场监控"
    WHERE product_id = '711881031979' AND monitor_date = '2026-04-13'


    INSERT OR REPLACE INTO "pdd市场监控"
    (product_id, title, price, total_sales, monthly_sales, weekly_sales, daily_sales_tag, hot_sales, grabbed_sales, daily_increment, product_url, monitor_date, scrape_time) 
    VALUES ('711881031979', '海尔净水器家用厨下式直'/*+56 bytes*/, 844.0, 11000.0, NULL, 200.0, NULL, NULL, NULL, 0.0, 'https://mobile.yangkeduo.com/goo'/*+29 bytes*/, '2026-04-14', datetime('now', 'localtime'))


    SELECT total_sales, price FROM "pdd市场监控"
    WHERE product_id = '824870103252' AND monitor_date = '2026-04-14'


    INSERT OR REPLACE INTO "pdd市场监控"
    (product_id, title, price, total_sales, monthly_sales, weekly_sales, daily_sales_tag, hot_sales, grabbed_sales, daily_increment, product_url, monitor_date, scrape_time) 
    VALUES ('824870103252', '海尔新款净水器前置全屋'/*+51 bytes*/, 447.0, NULL, NULL, NULL, 40.0, NULL, 2111.0, NULL, 'https://mobile.yangkeduo.com/goo'/*+29 bytes*/, '2026-04-14', datetime('now', 'localtime'))


    SELECT total_sales, price FROM "pdd市场监控"
    WHERE product_id = '5085107966' AND monitor_date = '2026-04-14'


    SELECT total_sales FROM "pdd市场监控"
    WHERE product_id = '5085107966' AND monitor_date = '2026-04-13'


    INSERT OR REPLACE INTO "pdd市场监控"
    (product_id, title, price, total_sales, monthly_sales, weekly_sales, daily_sales_tag, hot_sales, grabbed_sales, daily_increment, product_url, monitor_date, scrape_time) 
    VALUES ('5085107966', '美的家用净水器直饮机厨'/*+41 bytes*/, 928.0, 187000.0, NULL, 100.0, NULL, NULL, NULL, 0.0, 'https://mobile.yangkeduo.com/goo'/*+27 bytes*/, '2026-04-14', datetime('now', 'localtime'))


    SELECT total_sales, price FROM "pdd市场监控"
    WHERE product_id = '131363133209' AND monitor_date = '2026-04-14'


    SELECT total_sales, price FROM "pdd市场监控"
    WHERE product_id = '635594987496' AND monitor_date = '2026-04-14'


    SELECT total_sales, price FROM "pdd市场监控"
    WHERE product_id = '868851073714' AND monitor_date = '2026-04-14'


    SELECT total_sales, price FROM "pdd市场监控"
    WHERE product_id = '209020621849' AND monitor_date = '2026-04-14'


    INSERT OR REPLACE INTO "pdd市场监控"
    (product_id, title, price, total_sales, monthly_sales, weekly_sales, daily_sales_tag, hot_sales, grabbed_sales, daily_increment, product_url, monitor_date, scrape_time) 
    VALUES ('209020621849', '美的净水器反渗透全屋保'/*+55 bytes*/, 809.0, NULL, NULL, NULL, 30.0, NULL, NULL, NULL, 'https://mobile.yangkeduo.com/goo'/*+29 bytes*/, '2026-04-14', datetime('now', 'localtime'))


    SELECT total_sales, price FROM "pdd市场监控"
    WHERE product_id = '872986550973' AND monitor_date = '2026-04-14'


    INSERT OR REPLACE INTO "pdd市场监控"
    (product_id, title, price, total_sales, monthly_sales, weekly_sales, daily_sales_tag, hot_sales, grabbed_sales, daily_increment, product_url, monitor_date, scrape_time) 
    VALUES ('872986550973', '沁园【TRULIVA】可直饮龙头'/*+51 bytes*/, 82.99, NULL, NULL, NULL, 100.0, NULL, NULL, NULL, 'https://mobile.yangkeduo.com/goo'/*+29 bytes*/, '2026-04-14', datetime('now', 'localtime'))


    SELECT total_sales, price FROM "pdd市场监控"
    WHERE product_id = '824870103252' AND monitor_date = '2026-04-14'


    INSERT OR REPLACE INTO "pdd市场监控"
    (product_id, title, price, total_sales, monthly_sales, weekly_sales, daily_sales_tag, hot_sales, grabbed_sales, daily_increment, product_url, monitor_date, scrape_time) 
    VALUES ('824870103252', '海尔新款净水器前置全屋'/*+51 bytes*/, 447.0, NULL, NULL, NULL, 40.0, NULL, NULL, NULL, 'https://mobile.yangkeduo.com/goo'/*+29 bytes*/, '2026-04-14', datetime('now', 'localtime'))


    SELECT total_sales, price FROM "pdd市场监控"
    WHERE product_id = '798619001655' AND monitor_date = '2026-04-14'


    INSERT OR REPLACE INTO "pdd市场监控"
    (product_id, title, price, total_sales, monthly_sales, weekly_sales, daily_sales_tag, hot_sales, grabbed_sales, daily_increment, product_url, monitor_date, scrape_time) 
    VALUES ('798619001655', '沁园TRULIVA可直饮净水器水'/*+51 bytes*/, 168.0, NULL, NULL, NULL, 60.0, NULL, NULL, NULL, 'https://mobile.yangkeduo.com/goo'/*+29 bytes*/, '2026-04-14', datetime('now', 'localtime'))


    SELECT total_sales, price FROM "pdd市场监控"
    WHERE product_id = '626312797718' AND monitor_date = '2026-04-14'


    SELECT total_sales, price FROM "pdd市场监控"
    WHERE product_id = '711881031979' AND monitor_date = '2026-04-14'


    SELECT total_sales, price FROM "pdd市场监控"
    WHERE product_id = '785356830165' AND monitor_date = '2026-04-14'


    SELECT total_sales, price FROM "pdd市场监控"
    WHERE product_id = '758150701089' AND monitor_date = '2026-04-14'


    INSERT OR REPLACE INTO "pdd市场监控"
    (product_id, title, price, total_sales, monthly_sales, weekly_sales, daily_sales_tag, hot_sales, grabbed_sales, daily_increment, product_url, monitor_date, scrape_time) 
    VALUES ('758150701089', '沁园净水器10T大通量25微'/*+54 bytes*/, 379.0, NULL, NULL, NULL, 30.0, NULL, NULL, NULL, 'https://mobile.yangkeduo.com/goo'/*+29 bytes*/, '2026-04-14', datetime('now', 'localtime'))


    SELECT total_sales, price FROM "pdd市场监控"
    WHERE product_id = '726880345881' AND monitor_date = '2026-04-14'


    SELECT total_sales, price FROM "pdd市场监控"
    WHERE product_id = '5085107966' AND monitor_date = '2026-04-14'


    SELECT total_sales, price FROM "pdd市场监控"
    WHERE product_id = '786620855421' AND monitor_date = '2026-04-14'


    INSERT OR REPLACE INTO "pdd市场监控"
    (product_id, title, price, total_sales, monthly_sales, weekly_sales, daily_sales_tag, hot_sales, grabbed_sales, daily_increment, product_url, monitor_date, scrape_time) 
    VALUES ('786620855421', '美的净水器入户水管前置'/*+54 bytes*/, 316.0, NULL, NULL, NULL, 30.0, NULL, NULL, NULL, 'https://mobile.yangkeduo.com/goo'/*+29 bytes*/, '2026-04-14', datetime('now', 'localtime'))


    SELECT total_sales, price FROM "pdd市场监控"
    WHERE product_id = '758048463055' AND monitor_date = '2026-04-14'


    SELECT total_sales, price FROM "pdd市场监控"
    WHERE product_id = '795204016964' AND monitor_date = '2026-04-14'


    SELECT total_sales, price FROM "pdd市场监控"
    WHERE product_id = '802032083576' AND monitor_date = '2026-04-14'


    SELECT total_sales, price FROM "pdd市场监控"
    WHERE product_id = '877777336711' AND monitor_date = '2026-04-14'


    INSERT OR REPLACE INTO "pdd市场监控"
    (product_id, title, price, total_sales, monthly_sales, weekly_sales, daily_sales_tag, hot_sales, grabbed_sales, daily_increment, product_url, monitor_date, scrape_time) 
    VALUES ('877777336711', '海尔净水器1200G家用RO膜反'/*+45 bytes*/, 799.0, NULL, 527.0, NULL, NULL, NULL, NULL, NULL, 'https://mobile.yangkeduo.com/goo'/*+29 bytes*/, '2026-04-14', datetime('now', 'localtime'))


    SELECT total_sales, price FROM "pdd市场监控"
    WHERE product_id = '425381521577' AND monitor_date = '2026-04-14'


    SELECT total_sales, price FROM "pdd市场监控"
    WHERE product_id = '574194583631' AND monitor_date = '2026-04-14'


    SELECT total_sales, price FROM "pdd市场监控"
    WHERE product_id = '613380551821' AND monitor_date = '2026-04-14'


    INSERT OR REPLACE INTO "pdd市场监控"
    (product_id, title, price, total_sales, monthly_sales, weekly_sales, daily_sales_tag, hot_sales, grabbed_sales, daily_increment, product_url, monitor_date, scrape_time) 
    VALUES ('613380551821', '安吉尔前置过滤器净水器'/*+57 bytes*/, 358.0, NULL, 432.0, NULL, NULL, NULL, NULL, NULL, 'https://mobile.yangkeduo.com/goo'/*+29 bytes*/, '2026-04-14', datetime('now', 'localtime'))


    SELECT total_sales, price FROM "pdd市场监控"
    WHERE product_id = '870650993137' AND monitor_date = '2026-04-14'


    INSERT OR REPLACE INTO "pdd市场监控"
    (product_id, title, price, total_sales, monthly_sales, weekly_sales, daily_sales_tag, hot_sales, grabbed_sales, daily_increment, product_url, monitor_date, scrape_time) 
    VALUES ('870650993137', '九阳净水壶自来水过滤器'/*+51 bytes*/, 81.1, NULL, NULL, NULL, NULL, NULL, NULL, NULL, 'https://mobile.yangkeduo.com/goo'/*+29 bytes*/, '2026-04-14', datetime('now', 'localtime'))


    SELECT total_sales, price FROM "pdd市场监控"
    WHERE product_id = '5085107966' AND monitor_date = '2026-04-14'


    SELECT total_sales, price FROM "pdd市场监控"
    WHERE product_id = '695280584927' AND monitor_date = '2026-04-14'


    INSERT OR REPLACE INTO "pdd市场监控"
    (product_id, title, price, total_sales, monthly_sales, weekly_sales, daily_sales_tag, hot_sales, grabbed_sales, daily_increment, product_url, monitor_date, scrape_time) 
    VALUES ('695280584927', '小米米家即热管线机套餐'/*+57 bytes*/, 874.98, NULL, NULL, NULL, NULL, NULL, NULL, NULL, 'https://mobile.yangkeduo.com/goo'/*+29 bytes*/, '2026-04-14', datetime('now', 'localtime'))


    SELECT total_sales, price FROM "pdd市场监控"
    WHERE product_id = '925797846179' AND monitor_date = '2026-04-14'


    INSERT OR REPLACE INTO "pdd市场监控"
    (product_id, title, price, total_sales, monthly_sales, weekly_sales, daily_sales_tag, hot_sales, grabbed_sales, daily_increment, product_url, monitor_date, scrape_time) 
    VALUES ('925797846179', '海尔净水器厨下直饮家用'/*+43 bytes*/, 1839.0, NULL, 474.0, NULL, NULL, NULL, NULL, NULL, 'https://mobile.yangkeduo.com/goo'/*+29 bytes*/, '2026-04-14', datetime('now', 'localtime'))


    SELECT total_sales, price FROM "pdd市场监控"
    WHERE product_id = '868851073714' AND monitor_date = '2026-04-14'


    SELECT total_sales, price FROM "pdd市场监控"
    WHERE product_id = '798619001655' AND monitor_date = '2026-04-14'


    INSERT OR REPLACE INTO "pdd市场监控"
    (product_id, title, price, total_sales, monthly_sales, weekly_sales, daily_sales_tag, hot_sales, grabbed_sales, daily_increment, product_url, monitor_date, scrape_time) 
    VALUES ('798619001655', '沁园TRULIVA可直饮净水器水'/*+51 bytes*/, 208.0, NULL, NULL, NULL, 60.0, NULL, NULL, NULL, 'https://mobile.yangkeduo.com/goo'/*+29 bytes*/, '2026-04-14', datetime('now', 'localtime'))


    SELECT total_sales, price FROM "pdd市场监控"
    WHERE product_id = '785356830165' AND monitor_date = '2026-04-14'


    SELECT total_sales, price FROM "pdd市场监控"
    WHERE product_id = '915797572693' AND monitor_date = '2026-04-14'


    INSERT OR REPLACE INTO "pdd市场监控"
    (product_id, title, price, total_sales, monthly_sales, weekly_sales, daily_sales_tag, hot_sales, grabbed_sales, daily_increment, product_url, monitor_date, scrape_time) 
    VALUES ('915797572693', 'VIOMI云米净水器小海豚600'/*+45 bytes*/, 599.0, NULL, NULL, NULL, NULL, NULL, NULL, NULL, 'https://mobile.yangkeduo.com/goo'/*+29 bytes*/, '2026-04-14', datetime('now', 'localtime'))


    SELECT total_sales, price FROM "pdd市场监控"
    WHERE product_id = '882364625777' AND monitor_date = '2026-04-14'


    INSERT OR REPLACE INTO "pdd市场监控"
    (product_id, title, price, total_sales, monthly_sales, weekly_sales, daily_sales_tag, hot_sales, grabbed_sales, daily_increment, product_url, monitor_date, scrape_time) 
    VALUES ('882364625777', '美的净水器同比1200G大流'/*+48 bytes*/, 874.0, NULL, NULL, NULL, NULL, NULL, NULL, NULL, 'https://mobile.yangkeduo.com/goo'/*+29 bytes*/, '2026-04-14', datetime('now', 'localtime'))


    SELECT total_sales, price FROM "pdd市场监控"
    WHERE product_id = '347579110147' AND monitor_date = '2026-04-14'


    SELECT total_sales, price FROM "pdd市场监控"
    WHERE product_id = '922405222213' AND monitor_date = '2026-04-14'


    INSERT OR REPLACE INTO "pdd市场监控"
    (product_id, title, price, total_sales, monthly_sales, weekly_sales, daily_sales_tag, hot_sales, grabbed_sales, daily_increment, product_url, monitor_date, scrape_time) 
    VALUES ('922405222213', '小米米家水龙头净水器2水'/*+54 bytes*/, 90.9, NULL, NULL, NULL, 400.0, NULL, NULL, NULL, 'https://mobile.yangkeduo.com/goo'/*+29 bytes*/, '2026-04-14', datetime('now', 'localtime'))


    SELECT total_sales, price FROM "pdd市场监控"
    WHERE product_id = '425381521577' AND monitor_date = '2026-04-14'


    SELECT total_sales, price FROM "pdd市场监控"
    WHERE product_id = '131363133209' AND monitor_date = '2026-04-14'


    SELECT total_sales, price FROM "pdd市场监控"
    WHERE product_id = '901812772746' AND monitor_date = '2026-04-14'


    INSERT OR REPLACE INTO "pdd市场监控"
    (product_id, title, price, total_sales, monthly_sales, weekly_sales, daily_sales_tag, hot_sales, grabbed_sales, daily_increment, product_url, monitor_date, scrape_time) 
    VALUES ('901812772746', '小米米家即热净水器1200G'/*+52 bytes*/, 1599.0, NULL, NULL, NULL, NULL, NULL, NULL, NULL, 'https://mobile.yangkeduo.com/goo'/*+29 bytes*/, '2026-04-14', datetime('now', 'localtime'))


    SELECT total_sales, price FROM "pdd市场监控"
    WHERE product_id = '209020621849' AND monitor_date = '2026-04-14'


    INSERT OR REPLACE INTO "pdd市场监控"
    (product_id, title, price, total_sales, monthly_sales, weekly_sales, daily_sales_tag, hot_sales, grabbed_sales, daily_increment, product_url, monitor_date, scrape_time) 
    VALUES ('209020621849', '美的净水器反渗透全屋保'/*+55 bytes*/, 809.0, NULL, NULL, NULL, 30.0, NULL, NULL, NULL, 'https://mobile.yangkeduo.com/goo'/*+29 bytes*/, '2026-04-14', datetime('now', 'localtime'))


    SELECT total_sales, price FROM "pdd市场监控"
    WHERE product_id = '458897903176' AND monitor_date = '2026-04-14'


    INSERT OR REPLACE INTO "pdd市场监控"
    (product_id, title, price, total_sales, monthly_sales, weekly_sales, daily_sales_tag, hot_sales, grabbed_sales, daily_increment, product_url, monitor_date, scrape_time) 
    VALUES ('458897903176', '美的家用净水器伴侣 超薄'/*+49 bytes*/, 1479.0, NULL, NULL, NULL, NULL, NULL, NULL, NULL, 'https://mobile.yangkeduo.com/goo'/*+29 bytes*/, '2026-04-14', datetime('now', 'localtime'))


    SELECT total_sales, price FROM "pdd市场监控"
    WHERE product_id = '872010839953' AND monitor_date = '2026-04-14'


    INSERT OR REPLACE INTO "pdd市场监控"
    (product_id, title, price, total_sales, monthly_sales, weekly_sales, daily_sales_tag, hot_sales, grabbed_sales, daily_increment, product_url, monitor_date, scrape_time) 
    VALUES ('872010839953', '美的前置过滤器家用超15'/*+55 bytes*/, 459.9, NULL, 212.0, NULL, NULL, NULL, NULL, NULL, 'https://mobile.yangkeduo.com/goo'/*+29 bytes*/, '2026-04-14', datetime('now', 'localtime'))


    SELECT total_sales, price FROM "pdd市场监控"
    WHERE product_id = '798482186210' AND monitor_date = '2026-04-14'


    SELECT total_sales, price FROM "pdd市场监控"
    WHERE product_id = '869991827991' AND monitor_date = '2026-04-14'


    INSERT OR REPLACE INTO "pdd市场监控"
    (product_id, title, price, total_sales, monthly_sales, weekly_sales, daily_sales_tag, hot_sales, grabbed_sales, daily_increment, product_url, monitor_date, scrape_time) 
    VALUES ('869991827991', '沁园新品真1000G净水器大'/*+51 bytes*/, 1091.0, NULL, 322.0, NULL, NULL, NULL, NULL, NULL, 'https://mobile.yangkeduo.com/goo'/*+29 bytes*/, '2026-04-14', datetime('now', 'localtime'))

COMMIT
💾 当前页面数据已成功清洗并写入 SQLite 数据库。
💤 模拟人工停顿 4379 毫秒...

========================================
⏳ 准备访问第 5/16 个网址: https://mobile.yangkeduo.com/sjs_cat_rank_list.html?refer_share_id=oELKkqautphRMeJh1GRwwa66ZXp7qveZ&page_id=17542_1775701551450_adr6k9hl5d&refer_share_channel=copy_link&_pdd_fs=1&__list_version=2&display_type=base&list_sn=YWFpstRbTEA4KvkN3wH_RzCQ&scene_id=goods_detail&refer_share_uin=6NCWZWVQQSPG3MY5ZMDLWFR3KU_GEXDA&_pdd_tc=ffffff&_pdd_sbs=1&share_list_id=3283500823989010801&list_id=3283500823989010801
✅ 页面加载完成，开始检测登录状态...
🔓 状态正常：已识别到商品数据，免登陆直接放行！
🎉 成功提取到 14 条商品数据，进入数据清洗入库阶段...
BEGIN

    SELECT total_sales, price FROM "pdd市场监控"
    WHERE product_id = '854824820292' AND monitor_date = '2026-04-14'


    INSERT OR REPLACE INTO "pdd市场监控"
    (product_id, title, price, total_sales, monthly_sales, weekly_sales, daily_sales_tag, hot_sales, grabbed_sales, daily_increment, product_url, monitor_date, scrape_time) 
    VALUES ('854824820292', '海尔净水器家用直饮鲜活'/*+47 bytes*/, 1159.0, NULL, NULL, 100.0, NULL, NULL, 20000.0, NULL, 'https://mobile.yangkeduo.com/goo'/*+29 bytes*/, '2026-04-14', datetime('now', 'localtime'))


    SELECT total_sales, price FROM "pdd市场监控"
    WHERE product_id = '916386370228' AND monitor_date = '2026-04-14'


    INSERT OR REPLACE INTO "pdd市场监控"
    (product_id, title, price, total_sales, monthly_sales, weekly_sales, daily_sales_tag, hot_sales, grabbed_sales, daily_increment, product_url, monitor_date, scrape_time) 
    VALUES ('916386370228', '海尔净水器1200G厨下家用'/*+50 bytes*/, 1247.0, NULL, NULL, NULL, NULL, NULL, 115.0, NULL, 'https://mobile.yangkeduo.com/goo'/*+29 bytes*/, '2026-04-14', datetime('now', 'localtime'))


    SELECT total_sales, price FROM "pdd市场监控"
    WHERE product_id = '793802267792' AND monitor_date = '2026-04-14'


    SELECT total_sales FROM "pdd市场监控"
    WHERE product_id = '793802267792' AND monitor_date = '2026-04-13'


    INSERT OR REPLACE INTO "pdd市场监控"
    (product_id, title, price, total_sales, monthly_sales, weekly_sales, daily_sales_tag, hot_sales, grabbed_sales, daily_increment, product_url, monitor_date, scrape_time) 
    VALUES ('793802267792', '小米米家即热净水器1200G'/*+53 bytes*/, 1967.0, 1262.0, NULL, NULL, NULL, NULL, NULL, NULL, 'https://mobile.yangkeduo.com/goo'/*+29 bytes*/, '2026-04-14', datetime('now', 'localtime'))


    SELECT total_sales, price FROM "pdd市场监控"
    WHERE product_id = '425381521577' AND monitor_date = '2026-04-14'


    SELECT total_sales FROM "pdd市场监控"
    WHERE product_id = '425381521577' AND monitor_date = '2026-04-13'


    INSERT OR REPLACE INTO "pdd市场监控"
    (product_id, title, price, total_sales, monthly_sales, weekly_sales, daily_sales_tag, hot_sales, grabbed_sales, daily_increment, product_url, monitor_date, scrape_time) 
    VALUES ('425381521577', '海尔净水器家用厨下净水'/*+53 bytes*/, 900.0, 2212.0, 454.0, NULL, NULL, NULL, NULL, 4.0, 'https://mobile.yangkeduo.com/goo'/*+29 bytes*/, '2026-04-14', datetime('now', 'localtime'))


    SELECT total_sales, price FROM "pdd市场监控"
    WHERE product_id = '921627872916' AND monitor_date = '2026-04-14'


    SELECT total_sales FROM "pdd市场监控"
    WHERE product_id = '921627872916' AND monitor_date = '2026-04-13'


    INSERT OR REPLACE INTO "pdd市场监控"
    (product_id, title, price, total_sales, monthly_sales, weekly_sales, daily_sales_tag, hot_sales, grabbed_sales, daily_increment, product_url, monitor_date, scrape_time) 
    VALUES ('921627872916', '海尔管线机HGRZ2318厨房家'/*+54 bytes*/, 479.0, 965.0, NULL, NULL, NULL, NULL, NULL, 16.0, 'https://mobile.yangkeduo.com/goo'/*+29 bytes*/, '2026-04-14', datetime('now', 'localtime'))


    SELECT total_sales, price FROM "pdd市场监控"
    WHERE product_id = '896550700189' AND monitor_date = '2026-04-14'


    INSERT OR REPLACE INTO "pdd市场监控"
    (product_id, title, price, total_sales, monthly_sales, weekly_sales, daily_sales_tag, hot_sales, grabbed_sales, daily_increment, product_url, monitor_date, scrape_time) 
    VALUES ('896550700189', '美的净水器白月光1200GPRO'/*+52 bytes*/, 3049.0, NULL, NULL, NULL, NULL, NULL, 86.0, NULL, 'https://mobile.yangkeduo.com/goo'/*+29 bytes*/, '2026-04-14', datetime('now', 'localtime'))


    SELECT total_sales, price FROM "pdd市场监控"
    WHERE product_id = '230515442021' AND monitor_date = '2026-04-14'


    INSERT OR REPLACE INTO "pdd市场监控"
    (product_id, title, price, total_sales, monthly_sales, weekly_sales, daily_sales_tag, hot_sales, grabbed_sales, daily_increment, product_url, monitor_date, scrape_time) 
    VALUES ('230515442021', '美的净水器家用纯净双出'/*+53 bytes*/, 1809.0, NULL, NULL, NULL, NULL, NULL, 1087.0, NULL, 'https://mobile.yangkeduo.com/goo'/*+29 bytes*/, '2026-04-14', datetime('now', 'localtime'))


    SELECT total_sales, price FROM "pdd市场监控"
    WHERE product_id = '842679655438' AND monitor_date = '2026-04-14'


    INSERT OR REPLACE INTO "pdd市场监控"
    (product_id, title, price, total_sales, monthly_sales, weekly_sales, daily_sales_tag, hot_sales, grabbed_sales, daily_increment, product_url, monitor_date, scrape_time) 
    VALUES ('842679655438', '美的管线机新品UV杀菌真'/*+54 bytes*/, 1359.0, NULL, NULL, NULL, NULL, NULL, 592.0, NULL, 'https://mobile.yangkeduo.com/goo'/*+29 bytes*/, '2026-04-14', datetime('now', 'localtime'))


    SELECT total_sales, price FROM "pdd市场监控"
    WHERE product_id = '929892166268' AND monitor_date = '2026-04-14'


    INSERT OR REPLACE INTO "pdd市场监控"
    (product_id, title, price, total_sales, monthly_sales, weekly_sales, daily_sales_tag, hot_sales, grabbed_sales, daily_increment, product_url, monitor_date, scrape_time) 
    VALUES ('929892166268', '苏泊尔管线机家用速热壁'/*+54 bytes*/, 652.0, NULL, NULL, NULL, NULL, NULL, 13.0, NULL, 'https://mobile.yangkeduo.com/goo'/*+29 bytes*/, '2026-04-14', datetime('now', 'localtime'))


    SELECT total_sales, price FROM "pdd市场监控"
    WHERE product_id = '761791890068' AND monitor_date = '2026-04-14'


    INSERT OR REPLACE INTO "pdd市场监控"
    (product_id, title, price, total_sales, monthly_sales, weekly_sales, daily_sales_tag, hot_sales, grabbed_sales, daily_increment, product_url, monitor_date, scrape_time) 
    VALUES ('761791890068', '华帝A520净热一体机反渗透'/*+50 bytes*/, 1315.0, NULL, NULL, NULL, NULL, NULL, 10000.0, NULL, 'https://mobile.yangkeduo.com/goo'/*+29 bytes*/, '2026-04-14', datetime('now', 'localtime'))


    SELECT total_sales, price FROM "pdd市场监控"
    WHERE product_id = '604868594644' AND monitor_date = '2026-04-14'


    INSERT OR REPLACE INTO "pdd市场监控"
    (product_id, title, price, total_sales, monthly_sales, weekly_sales, daily_sales_tag, hot_sales, grabbed_sales, daily_increment, product_url, monitor_date, scrape_time) 
    VALUES ('604868594644', '美的管线机即热直饮六档'/*+54 bytes*/, 1224.0, NULL, NULL, NULL, NULL, NULL, 64.0, NULL, 'https://mobile.yangkeduo.com/goo'/*+29 bytes*/, '2026-04-14', datetime('now', 'localtime'))


    SELECT total_sales, price FROM "pdd市场监控"
    WHERE product_id = '917034829515' AND monitor_date = '2026-04-14'


    SELECT total_sales FROM "pdd市场监控"
    WHERE product_id = '917034829515' AND monitor_date = '2026-04-13'


    INSERT OR REPLACE INTO "pdd市场监控"
    (product_id, title, price, total_sales, monthly_sales, weekly_sales, daily_sales_tag, hot_sales, grabbed_sales, daily_increment, product_url, monitor_date, scrape_time) 
    VALUES ('917034829515', 'VIOMI云米制冷管线机壁挂'/*+53 bytes*/, 869.0, 7829.0, NULL, NULL, NULL, NULL, NULL, 0.0, 'https://mobile.yangkeduo.com/goo'/*+29 bytes*/, '2026-04-14', datetime('now', 'localtime'))


    SELECT total_sales, price FROM "pdd市场监控"
    WHERE product_id = '917001945930' AND monitor_date = '2026-04-14'


    SELECT total_sales FROM "pdd市场监控"
    WHERE product_id = '917001945930' AND monitor_date = '2026-04-13'


    INSERT OR REPLACE INTO "pdd市场监控"
    (product_id, title, price, total_sales, monthly_sales, weekly_sales, daily_sales_tag, hot_sales, grabbed_sales, daily_increment, product_url, monitor_date, scrape_time) 
    VALUES ('917001945930', '云米矿泉台式净饮机即热'/*+54 bytes*/, 931.28, 58.0, NULL, NULL, NULL, NULL, NULL, 0.0, 'https://mobile.yangkeduo.com/goo'/*+29 bytes*/, '2026-04-14', datetime('now', 'localtime'))


    SELECT total_sales, price FROM "pdd市场监控"
    WHERE product_id = '733118101766' AND monitor_date = '2026-04-14'


    INSERT OR REPLACE INTO "pdd市场监控"
    (product_id, title, price, total_sales, monthly_sales, weekly_sales, daily_sales_tag, hot_sales, grabbed_sales, daily_increment, product_url, monitor_date, scrape_time) 
    VALUES ('733118101766', '管线机壁挂式加热一体机'/*+55 bytes*/, 819.0, NULL, NULL, NULL, NULL, NULL, 3.0, NULL, 'https://mobile.yangkeduo.com/goo'/*+29 bytes*/, '2026-04-14', datetime('now', 'localtime'))

COMMIT
💾 当前页面数据已成功清洗并写入 SQLite 数据库。
💤 模拟人工停顿 4533 毫秒...

========================================
⏳ 准备访问第 6/16 个网址: https://mobile.yangkeduo.com/sjs_cat_rank_list.html?list_id=200227993010701&scene_id=goods_detail%2Crelated_goods&list_sn=YWGRw0Q0pFR5608CI7Lif-fN&__list_version=2&_pdd_fs=1&_x_share_id=iLKJf757sHkUnIicy069SB75ZkwhIUfv&refer_page_name=bangdan_list&refer_page_id=17542_1775701863123_rurzprpnud&refer_page_sn=17542&page_from=69&activeTab=0
✅ 页面加载完成，开始检测登录状态...
🔓 状态正常：已识别到商品数据，免登陆直接放行！
🎉 成功提取到 20 条商品数据，进入数据清洗入库阶段...
BEGIN

    SELECT total_sales, price FROM "pdd市场监控"
    WHERE product_id = '804401295945' AND monitor_date = '2026-04-14'


    INSERT OR REPLACE INTO "pdd市场监控"
    (product_id, title, price, total_sales, monthly_sales, weekly_sales, daily_sales_tag, hot_sales, grabbed_sales, daily_increment, product_url, monitor_date, scrape_time) 
    VALUES ('804401295945', '艾美特净水器RO反渗透直'/*+57 bytes*/, 1167.0, NULL, NULL, NULL, NULL, NULL, 289.0, NULL, 'https://mobile.yangkeduo.com/goo'/*+29 bytes*/, '2026-04-14', datetime('now', 'localtime'))


    SELECT total_sales, price FROM "pdd市场监控"
    WHERE product_id = '878506006640' AND monitor_date = '2026-04-14'


    SELECT total_sales FROM "pdd市场监控"
    WHERE product_id = '878506006640' AND monitor_date = '2026-04-13'


    INSERT OR REPLACE INTO "pdd市场监控"
    (product_id, title, price, total_sales, monthly_sales, weekly_sales, daily_sales_tag, hot_sales, grabbed_sales, daily_increment, product_url, monitor_date, scrape_time) 
    VALUES ('878506006640', '苏泊尔即热净水器家用直'/*+52 bytes*/, 1538.0, 3291.0, 230.0, NULL, NULL, NULL, NULL, 4.0, 'https://mobile.yangkeduo.com/goo'/*+29 bytes*/, '2026-04-14', datetime('now', 'localtime'))


    SELECT total_sales, price FROM "pdd市场监控"
    WHERE product_id = '571724488626' AND monitor_date = '2026-04-14'


    SELECT total_sales FROM "pdd市场监控"
    WHERE product_id = '571724488626' AND monitor_date = '2026-04-13'


    INSERT OR REPLACE INTO "pdd市场监控"
    (product_id, title, price, total_sales, monthly_sales, weekly_sales, daily_sales_tag, hot_sales, grabbed_sales, daily_increment, product_url, monitor_date, scrape_time) 
    VALUES ('571724488626', '美的净水器家用反渗透母'/*+50 bytes*/, 2553.44, 16000.0, NULL, NULL, NULL, NULL, NULL, 0.0, 'https://mobile.yangkeduo.com/goo'/*+29 bytes*/, '2026-04-14', datetime('now', 'localtime'))


    SELECT total_sales, price FROM "pdd市场监控"
    WHERE product_id = '911579535573' AND monitor_date = '2026-04-14'


    INSERT OR REPLACE INTO "pdd市场监控"
    (product_id, title, price, total_sales, monthly_sales, weekly_sales, daily_sales_tag, hot_sales, grabbed_sales, daily_increment, product_url, monitor_date, scrape_time) 
    VALUES ('911579535573', 'AO史密斯佳尼特加热净水'/*+50 bytes*/, 4079.0, NULL, NULL, NULL, NULL, NULL, 54.0, NULL, 'https://mobile.yangkeduo.com/goo'/*+29 bytes*/, '2026-04-14', datetime('now', 'localtime'))


    SELECT total_sales, price FROM "pdd市场监控"
    WHERE product_id = '927964333158' AND monitor_date = '2026-04-14'


    INSERT OR REPLACE INTO "pdd市场监控"
    (product_id, title, price, total_sales, monthly_sales, weekly_sales, daily_sales_tag, hot_sales, grabbed_sales, daily_increment, product_url, monitor_date, scrape_time) 
    VALUES ('927964333158', '美的魔方矿泉机制冷加热'/*+50 bytes*/, 2699.0, NULL, NULL, NULL, NULL, NULL, 14.0, NULL, 'https://mobile.yangkeduo.com/goo'/*+29 bytes*/, '2026-04-14', datetime('now', 'localtime'))


    SELECT total_sales, price FROM "pdd市场监控"
    WHERE product_id = '230515442021' AND monitor_date = '2026-04-14'


    INSERT OR REPLACE INTO "pdd市场监控"
    (product_id, title, price, total_sales, monthly_sales, weekly_sales, daily_sales_tag, hot_sales, grabbed_sales, daily_increment, product_url, monitor_date, scrape_time) 
    VALUES ('230515442021', '美的净水器家用纯净双出'/*+53 bytes*/, 1809.0, NULL, NULL, NULL, NULL, NULL, 1087.0, NULL, 'https://mobile.yangkeduo.com/goo'/*+29 bytes*/, '2026-04-14', datetime('now', 'localtime'))


    SELECT total_sales, price FROM "pdd市场监控"
    WHERE product_id = '920933200943' AND monitor_date = '2026-04-14'


    SELECT total_sales FROM "pdd市场监控"
    WHERE product_id = '920933200943' AND monitor_date = '2026-04-13'


    INSERT OR REPLACE INTO "pdd市场监控"
    (product_id, title, price, total_sales, monthly_sales, weekly_sales, daily_sales_tag, hot_sales, grabbed_sales, daily_increment, product_url, monitor_date, scrape_time) 
    VALUES ('920933200943', '海尔新品云朵真沸腾管线'/*+52 bytes*/, 520.0, 262.0, NULL, NULL, NULL, NULL, NULL, 140.0, 'https://mobile.yangkeduo.com/goo'/*+29 bytes*/, '2026-04-14', datetime('now', 'localtime'))


    SELECT total_sales, price FROM "pdd市场监控"
    WHERE product_id = '251362109724' AND monitor_date = '2026-04-14'


    INSERT OR REPLACE INTO "pdd市场监控"
    (product_id, title, price, total_sales, monthly_sales, weekly_sales, daily_sales_tag, hot_sales, grabbed_sales, daily_increment, product_url, monitor_date, scrape_time) 
    VALUES ('251362109724', '美的管线机壁挂式即热即'/*+52 bytes*/, 1014.09, NULL, NULL, NULL, NULL, NULL, 1166.0, NULL, 'https://mobile.yangkeduo.com/goo'/*+29 bytes*/, '2026-04-14', datetime('now', 'localtime'))


    SELECT total_sales, price FROM "pdd市场监控"
    WHERE product_id = '594970311927' AND monitor_date = '2026-04-14'


    SELECT total_sales FROM "pdd市场监控"
    WHERE product_id = '594970311927' AND monitor_date = '2026-04-13'


    INSERT OR REPLACE INTO "pdd市场监控"
    (product_id, title, price, total_sales, monthly_sales, weekly_sales, daily_sales_tag, hot_sales, grabbed_sales, daily_increment, product_url, monitor_date, scrape_time) 
    VALUES ('594970311927', '美的白月光净热一体机净'/*+52 bytes*/, 2119.0, 1452.0, NULL, NULL, NULL, NULL, NULL, NULL, 'https://mobile.yangkeduo.com/goo'/*+29 bytes*/, '2026-04-14', datetime('now', 'localtime'))


    SELECT total_sales, price FROM "pdd市场监控"
    WHERE product_id = '929892166268' AND monitor_date = '2026-04-14'


    INSERT OR REPLACE INTO "pdd市场监控"
    (product_id, title, price, total_sales, monthly_sales, weekly_sales, daily_sales_tag, hot_sales, grabbed_sales, daily_increment, product_url, monitor_date, scrape_time) 
    VALUES ('929892166268', '苏泊尔管线机家用速热壁'/*+54 bytes*/, 652.0, NULL, NULL, NULL, NULL, NULL, 13.0, NULL, 'https://mobile.yangkeduo.com/goo'/*+29 bytes*/, '2026-04-14', datetime('now', 'localtime'))


    SELECT total_sales, price FROM "pdd市场监控"
    WHERE product_id = '929919776582' AND monitor_date = '2026-04-14'


    INSERT OR REPLACE INTO "pdd市场监控"
    (product_id, title, price, total_sales, monthly_sales, weekly_sales, daily_sales_tag, hot_sales, grabbed_sales, daily_increment, product_url, monitor_date, scrape_time) 
    VALUES ('929919776582', '海尔HGRZ-TF3管线机家用壁'/*+54 bytes*/, 595.0, NULL, NULL, NULL, NULL, NULL, 17.0, NULL, 'https://mobile.yangkeduo.com/goo'/*+29 bytes*/, '2026-04-14', datetime('now', 'localtime'))


    SELECT total_sales, price FROM "pdd市场监控"
    WHERE product_id = '928583885957' AND monitor_date = '2026-04-14'


    INSERT OR REPLACE INTO "pdd市场监控"
    (product_id, title, price, total_sales, monthly_sales, weekly_sales, daily_sales_tag, hot_sales, grabbed_sales, daily_increment, product_url, monitor_date, scrape_time) 
    VALUES ('928583885957', '美的管线机家用六段控温'/*+52 bytes*/, 898.0, NULL, NULL, NULL, NULL, NULL, 13.0, NULL, 'https://mobile.yangkeduo.com/goo'/*+29 bytes*/, '2026-04-14', datetime('now', 'localtime'))


    SELECT total_sales, price FROM "pdd市场监控"
    WHERE product_id = '934573256130' AND monitor_date = '2026-04-14'


    SELECT total_sales FROM "pdd市场监控"
    WHERE product_id = '934573256130' AND monitor_date = '2026-04-13'


    INSERT OR REPLACE INTO "pdd市场监控"
    (product_id, title, price, total_sales, monthly_sales, weekly_sales, daily_sales_tag, hot_sales, grabbed_sales, daily_increment, product_url, monitor_date, scrape_time) 
    VALUES ('934573256130', '海尔净水器家用智能加热'/*+57 bytes*/, 1247.0, 20.0, NULL, NULL, NULL, NULL, NULL, NULL, 'https://mobile.yangkeduo.com/goo'/*+29 bytes*/, '2026-04-14', datetime('now', 'localtime'))


    SELECT total_sales, price FROM "pdd市场监控"
    WHERE product_id = '761791890068' AND monitor_date = '2026-04-14'


    INSERT OR REPLACE INTO "pdd市场监控"
    (product_id, title, price, total_sales, monthly_sales, weekly_sales, daily_sales_tag, hot_sales, grabbed_sales, daily_increment, product_url, monitor_date, scrape_time) 
    VALUES ('761791890068', '华帝A520净热一体机反渗透'/*+50 bytes*/, 1315.0, NULL, NULL, NULL, NULL, NULL, 10000.0, NULL, 'https://mobile.yangkeduo.com/goo'/*+29 bytes*/, '2026-04-14', datetime('now', 'localtime'))


    SELECT total_sales, price FROM "pdd市场监控"
    WHERE product_id = '925180154859' AND monitor_date = '2026-04-14'


    INSERT OR REPLACE INTO "pdd市场监控"
    (product_id, title, price, total_sales, monthly_sales, weekly_sales, daily_sales_tag, hot_sales, grabbed_sales, daily_increment, product_url, monitor_date, scrape_time) 
    VALUES ('925180154859', '美的家用直饮加热净水器'/*+48 bytes*/, 3399.0, NULL, NULL, NULL, NULL, NULL, 5.0, NULL, 'https://mobile.yangkeduo.com/goo'/*+29 bytes*/, '2026-04-14', datetime('now', 'localtime'))


    SELECT total_sales, price FROM "pdd市场监控"
    WHERE product_id = '915869367637' AND monitor_date = '2026-04-14'


    SELECT total_sales FROM "pdd市场监控"
    WHERE product_id = '915869367637' AND monitor_date = '2026-04-13'


    INSERT OR REPLACE INTO "pdd市场监控"
    (product_id, title, price, total_sales, monthly_sales, weekly_sales, daily_sales_tag, hot_sales, grabbed_sales, daily_increment, product_url, monitor_date, scrape_time) 
    VALUES ('915869367637', '九阳净泉2100G净水器厨下'/*+52 bytes*/, 1863.0, 208.0, NULL, NULL, NULL, NULL, NULL, 0.0, 'https://mobile.yangkeduo.com/goo'/*+29 bytes*/, '2026-04-14', datetime('now', 'localtime'))


    SELECT total_sales, price FROM "pdd市场监控"
    WHERE product_id = '917034829515' AND monitor_date = '2026-04-14'


    SELECT total_sales FROM "pdd市场监控"
    WHERE product_id = '917034829515' AND monitor_date = '2026-04-13'


    INSERT OR REPLACE INTO "pdd市场监控"
    (product_id, title, price, total_sales, monthly_sales, weekly_sales, daily_sales_tag, hot_sales, grabbed_sales, daily_increment, product_url, monitor_date, scrape_time) 
    VALUES ('917034829515', 'VIOMI云米制冷管线机壁挂'/*+53 bytes*/, 869.0, 7829.0, NULL, NULL, NULL, NULL, NULL, 0.0, 'https://mobile.yangkeduo.com/goo'/*+29 bytes*/, '2026-04-14', datetime('now', 'localtime'))


    SELECT total_sales, price FROM "pdd市场监控"
    WHERE product_id = '540925512199' AND monitor_date = '2026-04-14'


    INSERT OR REPLACE INTO "pdd市场监控"
    (product_id, title, price, total_sales, monthly_sales, weekly_sales, daily_sales_tag, hot_sales, grabbed_sales, daily_increment, product_url, monitor_date, scrape_time) 
    VALUES ('540925512199', '海尔台式净饮机家用净水'/*+56 bytes*/, 964.0, NULL, NULL, NULL, NULL, NULL, 51000.0, NULL, 'https://mobile.yangkeduo.com/goo'/*+29 bytes*/, '2026-04-14', datetime('now', 'localtime'))


    SELECT total_sales, price FROM "pdd市场监控"
    WHERE product_id = '917001945930' AND monitor_date = '2026-04-14'


    SELECT total_sales FROM "pdd市场监控"
    WHERE product_id = '917001945930' AND monitor_date = '2026-04-13'


    INSERT OR REPLACE INTO "pdd市场监控"
    (product_id, title, price, total_sales, monthly_sales, weekly_sales, daily_sales_tag, hot_sales, grabbed_sales, daily_increment, product_url, monitor_date, scrape_time) 
    VALUES ('917001945930', '云米矿泉台式净饮机即热'/*+54 bytes*/, 931.28, 58.0, NULL, NULL, NULL, NULL, NULL, 0.0, 'https://mobile.yangkeduo.com/goo'/*+29 bytes*/, '2026-04-14', datetime('now', 'localtime'))


    SELECT total_sales, price FROM "pdd市场监控"
    WHERE product_id = '929811894552' AND monitor_date = '2026-04-14'


    INSERT OR REPLACE INTO "pdd市场监控"
    (product_id, title, price, total_sales, monthly_sales, weekly_sales, daily_sales_tag, hot_sales, grabbed_sales, daily_increment, product_url, monitor_date, scrape_time) 
    VALUES ('929811894552', '海尔净水器净饮加热一体'/*+51 bytes*/, 3286.47, NULL, NULL, NULL, NULL, NULL, 7.0, NULL, 'https://mobile.yangkeduo.com/goo'/*+29 bytes*/, '2026-04-14', datetime('now', 'localtime'))

COMMIT
💾 当前页面数据已成功清洗并写入 SQLite 数据库。
💤 模拟人工停顿 4863 毫秒...

========================================
⏳ 准备访问第 7/16 个网址: https://mobile.yangkeduo.com/sjs_cat_rank_list.html?list_id=3283500945926010801&scene_id=goods_detail%2Crelated_goods&list_sn=YWFgklt0I9jQl1bvOU5J9V8u&__list_version=2&_pdd_fs=1&_x_share_id=oELKkqautphRMeJh1GRwwa66ZXp7qveZ&refer_page_name=bangdan_list&refer_page_id=17542_1775701551450_adr6k9hl5d&refer_page_sn=17542&page_from=69&activeTab=0
✅ 页面加载完成，开始检测登录状态...
🔓 状态正常：已识别到商品数据，免登陆直接放行！
🎉 成功提取到 20 条商品数据，进入数据清洗入库阶段...
BEGIN

    SELECT total_sales, price FROM "pdd市场监控"
    WHERE product_id = '131363133209' AND monitor_date = '2026-04-14'


    SELECT total_sales FROM "pdd市场监控"
    WHERE product_id = '131363133209' AND monitor_date = '2026-04-13'


    INSERT OR REPLACE INTO "pdd市场监控"
    (product_id, title, price, total_sales, monthly_sales, weekly_sales, daily_sales_tag, hot_sales, grabbed_sales, daily_increment, product_url, monitor_date, scrape_time) 
    VALUES ('131363133209', '海尔前置过滤器全屋自来'/*+53 bytes*/, 283.0, 142000.0, NULL, NULL, 100.0, NULL, NULL, 0.0, 'https://mobile.yangkeduo.com/goo'/*+29 bytes*/, '2026-04-14', datetime('now', 'localtime'))


    SELECT total_sales, price FROM "pdd市场监控"
    WHERE product_id = '856547421423' AND monitor_date = '2026-04-14'


    SELECT total_sales FROM "pdd市场监控"
    WHERE product_id = '856547421423' AND monitor_date = '2026-04-13'


    INSERT OR REPLACE INTO "pdd市场监控"
    (product_id, title, price, total_sales, monthly_sales, weekly_sales, daily_sales_tag, hot_sales, grabbed_sales, daily_increment, product_url, monitor_date, scrape_time) 
    VALUES ('856547421423', '海尔净水器鲜活水PROMAX家'/*+44 bytes*/, 1369.0, 2659.0, NULL, 200.0, NULL, NULL, NULL, 57.0, 'https://mobile.yangkeduo.com/goo'/*+29 bytes*/, '2026-04-14', datetime('now', 'localtime'))


    SELECT total_sales, price FROM "pdd市场监控"
    WHERE product_id = '837277953649' AND monitor_date = '2026-04-14'


    SELECT total_sales FROM "pdd市场监控"
    WHERE product_id = '837277953649' AND monitor_date = '2026-04-13'


    INSERT OR REPLACE INTO "pdd市场监控"
    (product_id, title, price, total_sales, monthly_sales, weekly_sales, daily_sales_tag, hot_sales, grabbed_sales, daily_increment, product_url, monitor_date, scrape_time) 
    VALUES ('837277953649', '【全新正品】海尔净水器'/*+41 bytes*/, 1369.0, 2659.0, NULL, NULL, 30.0, NULL, NULL, 57.0, 'https://mobile.yangkeduo.com/goo'/*+29 bytes*/, '2026-04-14', datetime('now', 'localtime'))


    SELECT total_sales, price FROM "pdd市场监控"
    WHERE product_id = '854824820292' AND monitor_date = '2026-04-14'


    INSERT OR REPLACE INTO "pdd市场监控"
    (product_id, title, price, total_sales, monthly_sales, weekly_sales, daily_sales_tag, hot_sales, grabbed_sales, daily_increment, product_url, monitor_date, scrape_time) 
    VALUES ('854824820292', '海尔净水器家用直饮鲜活'/*+47 bytes*/, 1159.0, NULL, NULL, 100.0, NULL, NULL, 20000.0, NULL, 'https://mobile.yangkeduo.com/goo'/*+29 bytes*/, '2026-04-14', datetime('now', 'localtime'))


    SELECT total_sales, price FROM "pdd市场监控"
    WHERE product_id = '726880345881' AND monitor_date = '2026-04-14'


    SELECT total_sales FROM "pdd市场监控"
    WHERE product_id = '726880345881' AND monitor_date = '2026-04-13'


    INSERT OR REPLACE INTO "pdd市场监控"
    (product_id, title, price, total_sales, monthly_sales, weekly_sales, daily_sales_tag, hot_sales, grabbed_sales, daily_increment, product_url, monitor_date, scrape_time) 
    VALUES ('726880345881', '海尔全屋前置过滤器家用'/*+57 bytes*/, 619.0, 4850.0, NULL, NULL, 30.0, NULL, NULL, 17.0, 'https://mobile.yangkeduo.com/goo'/*+29 bytes*/, '2026-04-14', datetime('now', 'localtime'))


    SELECT total_sales, price FROM "pdd市场监控"
    WHERE product_id = '711881031979' AND monitor_date = '2026-04-14'


    SELECT total_sales FROM "pdd市场监控"
    WHERE product_id = '711881031979' AND monitor_date = '2026-04-13'


    INSERT OR REPLACE INTO "pdd市场监控"
    (product_id, title, price, total_sales, monthly_sales, weekly_sales, daily_sales_tag, hot_sales, grabbed_sales, daily_increment, product_url, monitor_date, scrape_time) 
    VALUES ('711881031979', '海尔净水器家用厨下式直'/*+56 bytes*/, 844.0, 11000.0, NULL, 200.0, NULL, NULL, NULL, 0.0, 'https://mobile.yangkeduo.com/goo'/*+29 bytes*/, '2026-04-14', datetime('now', 'localtime'))


    SELECT total_sales, price FROM "pdd市场监控"
    WHERE product_id = '824870103252' AND monitor_date = '2026-04-14'


    INSERT OR REPLACE INTO "pdd市场监控"
    (product_id, title, price, total_sales, monthly_sales, weekly_sales, daily_sales_tag, hot_sales, grabbed_sales, daily_increment, product_url, monitor_date, scrape_time) 
    VALUES ('824870103252', '海尔新款净水器前置全屋'/*+51 bytes*/, 447.0, NULL, NULL, NULL, 40.0, NULL, 2111.0, NULL, 'https://mobile.yangkeduo.com/goo'/*+29 bytes*/, '2026-04-14', datetime('now', 'localtime'))


    SELECT total_sales, price FROM "pdd市场监控"
    WHERE product_id = '785356830165' AND monitor_date = '2026-04-14'


    SELECT total_sales FROM "pdd市场监控"
    WHERE product_id = '785356830165' AND monitor_date = '2026-04-13'


    INSERT OR REPLACE INTO "pdd市场监控"
    (product_id, title, price, total_sales, monthly_sales, weekly_sales, daily_sales_tag, hot_sales, grabbed_sales, daily_increment, product_url, monitor_date, scrape_time) 
    VALUES ('785356830165', '海尔1200G鲜活水抑菌芯家'/*+53 bytes*/, 999.0, 5405.0, NULL, 100.0, NULL, NULL, NULL, 0.0, 'https://mobile.yangkeduo.com/goo'/*+29 bytes*/, '2026-04-14', datetime('now', 'localtime'))


    SELECT total_sales, price FROM "pdd市场监控"
    WHERE product_id = '925797846179' AND monitor_date = '2026-04-14'


    INSERT OR REPLACE INTO "pdd市场监控"
    (product_id, title, price, total_sales, monthly_sales, weekly_sales, daily_sales_tag, hot_sales, grabbed_sales, daily_increment, product_url, monitor_date, scrape_time) 
    VALUES ('925797846179', '海尔净水器厨下直饮家用'/*+43 bytes*/, 1437.85, NULL, 474.0, NULL, NULL, NULL, 2360.0, NULL, 'https://mobile.yangkeduo.com/goo'/*+29 bytes*/, '2026-04-14', datetime('now', 'localtime'))


    SELECT total_sales, price FROM "pdd市场监控"
    WHERE product_id = '916386370228' AND monitor_date = '2026-04-14'


    INSERT OR REPLACE INTO "pdd市场监控"
    (product_id, title, price, total_sales, monthly_sales, weekly_sales, daily_sales_tag, hot_sales, grabbed_sales, daily_increment, product_url, monitor_date, scrape_time) 
    VALUES ('916386370228', '海尔净水器1200G厨下家用'/*+50 bytes*/, 1247.0, NULL, NULL, NULL, NULL, NULL, 115.0, NULL, 'https://mobile.yangkeduo.com/goo'/*+29 bytes*/, '2026-04-14', datetime('now', 'localtime'))


    SELECT total_sales, price FROM "pdd市场监控"
    WHERE product_id = '425381521577' AND monitor_date = '2026-04-14'


    SELECT total_sales FROM "pdd市场监控"
    WHERE product_id = '425381521577' AND monitor_date = '2026-04-13'


    INSERT OR REPLACE INTO "pdd市场监控"
    (product_id, title, price, total_sales, monthly_sales, weekly_sales, daily_sales_tag, hot_sales, grabbed_sales, daily_increment, product_url, monitor_date, scrape_time) 
    VALUES ('425381521577', '海尔净水器家用厨下净水'/*+53 bytes*/, 900.0, 2212.0, 454.0, NULL, NULL, NULL, NULL, 4.0, 'https://mobile.yangkeduo.com/goo'/*+29 bytes*/, '2026-04-14', datetime('now', 'localtime'))


    SELECT total_sales, price FROM "pdd市场监控"
    WHERE product_id = '921627872916' AND monitor_date = '2026-04-14'


    SELECT total_sales FROM "pdd市场监控"
    WHERE product_id = '921627872916' AND monitor_date = '2026-04-13'


    INSERT OR REPLACE INTO "pdd市场监控"
    (product_id, title, price, total_sales, monthly_sales, weekly_sales, daily_sales_tag, hot_sales, grabbed_sales, daily_increment, product_url, monitor_date, scrape_time) 
    VALUES ('921627872916', '海尔管线机HGRZ2318厨房家'/*+54 bytes*/, 479.0, 965.0, NULL, NULL, NULL, NULL, NULL, 16.0, 'https://mobile.yangkeduo.com/goo'/*+29 bytes*/, '2026-04-14', datetime('now', 'localtime'))


    SELECT total_sales, price FROM "pdd市场监控"
    WHERE product_id = '816503125802' AND monitor_date = '2026-04-14'


    INSERT OR REPLACE INTO "pdd市场监控"
    (product_id, title, price, total_sales, monthly_sales, weekly_sales, daily_sales_tag, hot_sales, grabbed_sales, daily_increment, product_url, monitor_date, scrape_time) 
    VALUES ('816503125802', '海尔净水器家用鲜活水PR'/*+54 bytes*/, 1319.0, NULL, NULL, NULL, NULL, NULL, 50000.0, NULL, 'https://mobile.yangkeduo.com/goo'/*+29 bytes*/, '2026-04-14', datetime('now', 'localtime'))


    SELECT total_sales, price FROM "pdd市场监控"
    WHERE product_id = '858161443127' AND monitor_date = '2026-04-14'


    INSERT OR REPLACE INTO "pdd市场监控"
    (product_id, title, price, total_sales, monthly_sales, weekly_sales, daily_sales_tag, hot_sales, grabbed_sales, daily_increment, product_url, monitor_date, scrape_time) 
    VALUES ('858161443127', '海尔新款鲜活水PROMAX净水'/*+48 bytes*/, 2045.32, NULL, NULL, NULL, NULL, NULL, 20.0, NULL, 'https://mobile.yangkeduo.com/goo'/*+29 bytes*/, '2026-04-14', datetime('now', 'localtime'))


    SELECT total_sales, price FROM "pdd市场监控"
    WHERE product_id = '928668117918' AND monitor_date = '2026-04-14'


    INSERT OR REPLACE INTO "pdd市场监控"
    (product_id, title, price, total_sales, monthly_sales, weekly_sales, daily_sales_tag, hot_sales, grabbed_sales, daily_increment, product_url, monitor_date, scrape_time) 
    VALUES ('928668117918', '海尔中央软水机家用全屋'/*+50 bytes*/, 2721.09, NULL, NULL, NULL, NULL, NULL, 11.0, NULL, 'https://mobile.yangkeduo.com/goo'/*+29 bytes*/, '2026-04-14', datetime('now', 'localtime'))


    SELECT total_sales, price FROM "pdd市场监控"
    WHERE product_id = '791688580592' AND monitor_date = '2026-04-14'


    SELECT total_sales FROM "pdd市场监控"
    WHERE product_id = '791688580592' AND monitor_date = '2026-04-13'


    INSERT OR REPLACE INTO "pdd市场监控"
    (product_id, title, price, total_sales, monthly_sales, weekly_sales, daily_sales_tag, hot_sales, grabbed_sales, daily_increment, product_url, monitor_date, scrape_time) 
    VALUES ('791688580592', '海尔净水器家用直饮机鲜'/*+53 bytes*/, 999.0, 5405.0, NULL, NULL, NULL, NULL, NULL, 0.0, 'https://mobile.yangkeduo.com/goo'/*+29 bytes*/, '2026-04-14', datetime('now', 'localtime'))


    SELECT total_sales, price FROM "pdd市场监控"
    WHERE product_id = '722501701976' AND monitor_date = '2026-04-14'


    INSERT OR REPLACE INTO "pdd市场监控"
    (product_id, title, price, total_sales, monthly_sales, weekly_sales, daily_sales_tag, hot_sales, grabbed_sales, daily_increment, product_url, monitor_date, scrape_time) 
    VALUES ('722501701976', '海尔家用厨下鲜活净水器'/*+49 bytes*/, 849.0, NULL, NULL, NULL, NULL, NULL, 8970.0, NULL, 'https://mobile.yangkeduo.com/goo'/*+29 bytes*/, '2026-04-14', datetime('now', 'localtime'))


    SELECT total_sales, price FROM "pdd市场监控"
    WHERE product_id = '906998197299' AND monitor_date = '2026-04-14'


    SELECT total_sales FROM "pdd市场监控"
    WHERE product_id = '906998197299' AND monitor_date = '2026-04-13'


    INSERT OR REPLACE INTO "pdd市场监控"
    (product_id, title, price, total_sales, monthly_sales, weekly_sales, daily_sales_tag, hot_sales, grabbed_sales, daily_increment, product_url, monitor_date, scrape_time) 
    VALUES ('906998197299', '海尔鲜活水3.0抑菌净水器'/*+47 bytes*/, 999.0, 5405.0, NULL, NULL, NULL, NULL, NULL, NULL, 'https://mobile.yangkeduo.com/goo'/*+29 bytes*/, '2026-04-14', datetime('now', 'localtime'))


    SELECT total_sales, price FROM "pdd市场监控"
    WHERE product_id = '915685741737' AND monitor_date = '2026-04-14'


    INSERT OR REPLACE INTO "pdd市场监控"
    (product_id, title, price, total_sales, monthly_sales, weekly_sales, daily_sales_tag, hot_sales, grabbed_sales, daily_increment, product_url, monitor_date, scrape_time) 
    VALUES ('915685741737', '海尔家用净水器小红花系'/*+54 bytes*/, 2109.0, NULL, NULL, NULL, NULL, NULL, 9.0, NULL, 'https://mobile.yangkeduo.com/goo'/*+29 bytes*/, '2026-04-14', datetime('now', 'localtime'))


    SELECT total_sales, price FROM "pdd市场监控"
    WHERE product_id = '212162612478' AND monitor_date = '2026-04-14'


    SELECT total_sales FROM "pdd市场监控"
    WHERE product_id = '212162612478' AND monitor_date = '2026-04-13'


    INSERT OR REPLACE INTO "pdd市场监控"
    (product_id, title, price, total_sales, monthly_sales, weekly_sales, daily_sales_tag, hot_sales, grabbed_sales, daily_increment, product_url, monitor_date, scrape_time) 
    VALUES ('212162612478', '海尔家用600G母婴净水器自'/*+51 bytes*/, 789.62, 885.0, NULL, NULL, NULL, NULL, NULL, 24.0, 'https://mobile.yangkeduo.com/goo'/*+29 bytes*/, '2026-04-14', datetime('now', 'localtime'))

COMMIT
💾 当前页面数据已成功清洗并写入 SQLite 数据库。
💤 模拟人工停顿 4636 毫秒...

========================================
⏳ 准备访问第 8/16 个网址: https://mobile.yangkeduo.com/sjs_cat_rank_list.html?list_id=79853010201&scene_id=goods_detail%2Crelated_goods&list_sn=YWG8FnAJIcfbwkU_A_RXQT_L&__list_version=2&_pdd_fs=1&_x_share_id=oELKkqautphRMeJh1GRwwa66ZXp7qveZ&refer_page_name=bangdan_list&refer_page_id=17542_1775701551450_adr6k9hl5d&refer_page_sn=17542&page_from=69&activeTab=0
✅ 页面加载完成，开始检测登录状态...
🔓 状态正常：已识别到商品数据，免登陆直接放行！
🎉 成功提取到 40 条商品数据，进入数据清洗入库阶段...
BEGIN

    SELECT total_sales, price FROM "pdd市场监控"
    WHERE product_id = '209020621849' AND monitor_date = '2026-04-14'


    INSERT OR REPLACE INTO "pdd市场监控"
    (product_id, title, price, total_sales, monthly_sales, weekly_sales, daily_sales_tag, hot_sales, grabbed_sales, daily_increment, product_url, monitor_date, scrape_time) 
    VALUES ('209020621849', '美的净水器反渗透全屋保'/*+55 bytes*/, 809.0, NULL, NULL, NULL, 30.0, NULL, 514000.0, NULL, 'https://mobile.yangkeduo.com/goo'/*+29 bytes*/, '2026-04-14', datetime('now', 'localtime'))


    SELECT total_sales, price FROM "pdd市场监控"
    WHERE product_id = '837277953649' AND monitor_date = '2026-04-14'


    SELECT total_sales FROM "pdd市场监控"
    WHERE product_id = '837277953649' AND monitor_date = '2026-04-13'


    INSERT OR REPLACE INTO "pdd市场监控"
    (product_id, title, price, total_sales, monthly_sales, weekly_sales, daily_sales_tag, hot_sales, grabbed_sales, daily_increment, product_url, monitor_date, scrape_time) 
    VALUES ('837277953649', '【全新正品】海尔净水器'/*+41 bytes*/, 1369.0, 2659.0, NULL, NULL, 30.0, NULL, NULL, 57.0, 'https://mobile.yangkeduo.com/goo'/*+29 bytes*/, '2026-04-14', datetime('now', 'localtime'))


    SELECT total_sales, price FROM "pdd市场监控"
    WHERE product_id = '353140007622' AND monitor_date = '2026-04-14'


    SELECT total_sales FROM "pdd市场监控"
    WHERE product_id = '353140007622' AND monitor_date = '2026-04-13'


    INSERT OR REPLACE INTO "pdd市场监控"
    (product_id, title, price, total_sales, monthly_sales, weekly_sales, daily_sales_tag, hot_sales, grabbed_sales, daily_increment, product_url, monitor_date, scrape_time) 
    VALUES ('353140007622', '美的家用净水器 6年长效'/*+52 bytes*/, 1808.9, 13000.0, NULL, 100.0, NULL, NULL, NULL, 0.0, 'https://mobile.yangkeduo.com/goo'/*+29 bytes*/, '2026-04-14', datetime('now', 'localtime'))


    SELECT total_sales, price FROM "pdd市场监控"
    WHERE product_id = '929920369076' AND monitor_date = '2026-04-14'


    INSERT OR REPLACE INTO "pdd市场监控"
    (product_id, title, price, total_sales, monthly_sales, weekly_sales, daily_sales_tag, hot_sales, grabbed_sales, daily_increment, product_url, monitor_date, scrape_time) 
    VALUES ('929920369076', '小米米家净水器800G家用厨'/*+54 bytes*/, 839.0, NULL, NULL, NULL, 50.0, NULL, 160.0, NULL, 'https://mobile.yangkeduo.com/goo'/*+29 bytes*/, '2026-04-14', datetime('now', 'localtime'))


    SELECT total_sales, price FROM "pdd市场监控"
    WHERE product_id = '711881031979' AND monitor_date = '2026-04-14'


    SELECT total_sales FROM "pdd市场监控"
    WHERE product_id = '711881031979' AND monitor_date = '2026-04-13'


    INSERT OR REPLACE INTO "pdd市场监控"
    (product_id, title, price, total_sales, monthly_sales, weekly_sales, daily_sales_tag, hot_sales, grabbed_sales, daily_increment, product_url, monitor_date, scrape_time) 
    VALUES ('711881031979', '海尔净水器家用厨下式直'/*+56 bytes*/, 844.0, 11000.0, NULL, 200.0, NULL, NULL, NULL, 0.0, 'https://mobile.yangkeduo.com/goo'/*+29 bytes*/, '2026-04-14', datetime('now', 'localtime'))


    SELECT total_sales, price FROM "pdd市场监控"
    WHERE product_id = '5085107966' AND monitor_date = '2026-04-14'


    SELECT total_sales FROM "pdd市场监控"
    WHERE product_id = '5085107966' AND monitor_date = '2026-04-13'


    INSERT OR REPLACE INTO "pdd市场监控"
    (product_id, title, price, total_sales, monthly_sales, weekly_sales, daily_sales_tag, hot_sales, grabbed_sales, daily_increment, product_url, monitor_date, scrape_time) 
    VALUES ('5085107966', '美的家用净水器直饮机厨'/*+41 bytes*/, 928.0, 187000.0, NULL, 100.0, NULL, NULL, NULL, 0.0, 'https://mobile.yangkeduo.com/goo'/*+27 bytes*/, '2026-04-14', datetime('now', 'localtime'))


    SELECT total_sales, price FROM "pdd市场监控"
    WHERE product_id = '868851073714' AND monitor_date = '2026-04-14'


    SELECT total_sales FROM "pdd市场监控"
    WHERE product_id = '868851073714' AND monitor_date = '2026-04-13'


    INSERT OR REPLACE INTO "pdd市场监控"
    (product_id, title, price, total_sales, monthly_sales, weekly_sales, daily_sales_tag, hot_sales, grabbed_sales, daily_increment, product_url, monitor_date, scrape_time) 
    VALUES ('868851073714', 'VIOMI云米小海豚3 厨下净水'/*+39 bytes*/, 499.0, 1338.0, NULL, 100.0, NULL, NULL, NULL, 10.0, 'https://mobile.yangkeduo.com/goo'/*+29 bytes*/, '2026-04-14', datetime('now', 'localtime'))


    SELECT total_sales, price FROM "pdd市场监控"
    WHERE product_id = '785356830165' AND monitor_date = '2026-04-14'


    SELECT total_sales FROM "pdd市场监控"
    WHERE product_id = '785356830165' AND monitor_date = '2026-04-13'


    INSERT OR REPLACE INTO "pdd市场监控"
    (product_id, title, price, total_sales, monthly_sales, weekly_sales, daily_sales_tag, hot_sales, grabbed_sales, daily_increment, product_url, monitor_date, scrape_time) 
    VALUES ('785356830165', '海尔1200G鲜活水抑菌芯家'/*+53 bytes*/, 999.0, 5405.0, NULL, 100.0, NULL, NULL, NULL, 0.0, 'https://mobile.yangkeduo.com/goo'/*+29 bytes*/, '2026-04-14', datetime('now', 'localtime'))


    SELECT total_sales, price FROM "pdd市场监控"
    WHERE product_id = '760102321947' AND monitor_date = '2026-04-14'


    SELECT total_sales FROM "pdd市场监控"
    WHERE product_id = '760102321947' AND monitor_date = '2026-04-13'


    INSERT OR REPLACE INTO "pdd市场监控"
    (product_id, title, price, total_sales, monthly_sales, weekly_sales, daily_sales_tag, hot_sales, grabbed_sales, daily_increment, product_url, monitor_date, scrape_time) 
    VALUES ('760102321947', '小米净水器1200G PRO家用净'/*+45 bytes*/, 1213.0, 8212.0, NULL, NULL, NULL, NULL, NULL, 33.0, 'https://mobile.yangkeduo.com/goo'/*+29 bytes*/, '2026-04-14', datetime('now', 'localtime'))


    SELECT total_sales, price FROM "pdd市场监控"
    WHERE product_id = '347579110147' AND monitor_date = '2026-04-14'


    SELECT total_sales FROM "pdd市场监控"
    WHERE product_id = '347579110147' AND monitor_date = '2026-04-13'


    INSERT OR REPLACE INTO "pdd市场监控"
    (product_id, title, price, total_sales, monthly_sales, weekly_sales, daily_sales_tag, hot_sales, grabbed_sales, daily_increment, product_url, monitor_date, scrape_time) 
    VALUES ('347579110147', '美的星河净水器反渗透陶'/*+53 bytes*/, 2689.0, 502000.0, 404.0, NULL, NULL, NULL, NULL, 0.0, 'https://mobile.yangkeduo.com/goo'/*+29 bytes*/, '2026-04-14', datetime('now', 'localtime'))


    SELECT total_sales, price FROM "pdd市场监控"
    WHERE product_id = '852161740747' AND monitor_date = '2026-04-14'


    INSERT OR REPLACE INTO "pdd市场监控"
    (product_id, title, price, total_sales, monthly_sales, weekly_sales, daily_sales_tag, hot_sales, grabbed_sales, daily_increment, product_url, monitor_date, scrape_time) 
    VALUES ('852161740747', 'VIOMI云米净水器小海豚600'/*+43 bytes*/, 899.0, NULL, NULL, 100.0, NULL, NULL, NULL, NULL, 'https://mobile.yangkeduo.com/goo'/*+29 bytes*/, '2026-04-14', datetime('now', 'localtime'))


    SELECT total_sales, price FROM "pdd市场监控"
    WHERE product_id = '925797846179' AND monitor_date = '2026-04-14'


    INSERT OR REPLACE INTO "pdd市场监控"
    (product_id, title, price, total_sales, monthly_sales, weekly_sales, daily_sales_tag, hot_sales, grabbed_sales, daily_increment, product_url, monitor_date, scrape_time) 
    VALUES ('925797846179', '海尔净水器厨下直饮家用'/*+43 bytes*/, 1437.85, NULL, 474.0, NULL, NULL, NULL, 2360.0, NULL, 'https://mobile.yangkeduo.com/goo'/*+29 bytes*/, '2026-04-14', datetime('now', 'localtime'))


    SELECT total_sales, price FROM "pdd市场监控"
    WHERE product_id = '562373219461' AND monitor_date = '2026-04-14'


    INSERT OR REPLACE INTO "pdd市场监控"
    (product_id, title, price, total_sales, monthly_sales, weekly_sales, daily_sales_tag, hot_sales, grabbed_sales, daily_increment, product_url, monitor_date, scrape_time) 
    VALUES ('562373219461', '海尔净水机家用新款母婴'/*+56 bytes*/, 849.0, NULL, NULL, 100.0, NULL, NULL, 2725.0, NULL, 'https://mobile.yangkeduo.com/goo'/*+29 bytes*/, '2026-04-14', datetime('now', 'localtime'))


    SELECT total_sales, price FROM "pdd市场监控"
    WHERE product_id = '879142169572' AND monitor_date = '2026-04-14'


    SELECT total_sales FROM "pdd市场监控"
    WHERE product_id = '879142169572' AND monitor_date = '2026-04-13'


    INSERT OR REPLACE INTO "pdd市场监控"
    (product_id, title, price, total_sales, monthly_sales, weekly_sales, daily_sales_tag, hot_sales, grabbed_sales, daily_increment, product_url, monitor_date, scrape_time) 
    VALUES ('879142169572', '海尔净水器鲜活水PRO家用'/*+45 bytes*/, 850.0, 6765.0, 203.0, NULL, NULL, NULL, NULL, 2649.0, 'https://mobile.yangkeduo.com/goo'/*+29 bytes*/, '2026-04-14', datetime('now', 'localtime'))


    SELECT total_sales, price FROM "pdd市场监控"
    WHERE product_id = '381325784135' AND monitor_date = '2026-04-14'


    SELECT total_sales FROM "pdd市场监控"
    WHERE product_id = '381325784135' AND monitor_date = '2026-04-13'


    INSERT OR REPLACE INTO "pdd市场监控"
    (product_id, title, price, total_sales, monthly_sales, weekly_sales, daily_sales_tag, hot_sales, grabbed_sales, daily_increment, product_url, monitor_date, scrape_time) 
    VALUES ('381325784135', '美的净水器家用陶氏5年R'/*+48 bytes*/, 1674.0, 1744.0, 239.0, NULL, NULL, NULL, NULL, NULL, 'https://mobile.yangkeduo.com/goo'/*+29 bytes*/, '2026-04-14', datetime('now', 'localtime'))


    SELECT total_sales, price FROM "pdd市场监控"
    WHERE product_id = '917687138596' AND monitor_date = '2026-04-14'


    SELECT total_sales FROM "pdd市场监控"
    WHERE product_id = '917687138596' AND monitor_date = '2026-04-13'


    INSERT OR REPLACE INTO "pdd市场监控"
    (product_id, title, price, total_sales, monthly_sales, weekly_sales, daily_sales_tag, hot_sales, grabbed_sales, daily_increment, product_url, monitor_date, scrape_time) 
    VALUES ('917687138596', '美的净水器1000G大通量母'/*+54 bytes*/, 1049.0, 194.0, NULL, NULL, NULL, NULL, NULL, 1.0, 'https://mobile.yangkeduo.com/goo'/*+29 bytes*/, '2026-04-14', datetime('now', 'localtime'))


    SELECT total_sales, price FROM "pdd市场监控"
    WHERE product_id = '758048911119' AND monitor_date = '2026-04-14'


    SELECT total_sales FROM "pdd市场监控"
    WHERE product_id = '758048911119' AND monitor_date = '2026-04-13'


    INSERT OR REPLACE INTO "pdd市场监控"
    (product_id, title, price, total_sales, monthly_sales, weekly_sales, daily_sales_tag, hot_sales, grabbed_sales, daily_increment, product_url, monitor_date, scrape_time) 
    VALUES ('758048911119', '美的净水器家用接近1200G'/*+54 bytes*/, 839.0, 18000.0, 389.0, NULL, NULL, NULL, NULL, 0.0, 'https://mobile.yangkeduo.com/goo'/*+29 bytes*/, '2026-04-14', datetime('now', 'localtime'))


    SELECT total_sales, price FROM "pdd市场监控"
    WHERE product_id = '916386370228' AND monitor_date = '2026-04-14'


    INSERT OR REPLACE INTO "pdd市场监控"
    (product_id, title, price, total_sales, monthly_sales, weekly_sales, daily_sales_tag, hot_sales, grabbed_sales, daily_increment, product_url, monitor_date, scrape_time) 
    VALUES ('916386370228', '海尔净水器1200G厨下家用'/*+50 bytes*/, 1247.0, NULL, NULL, NULL, NULL, NULL, 115.0, NULL, 'https://mobile.yangkeduo.com/goo'/*+29 bytes*/, '2026-04-14', datetime('now', 'localtime'))


    SELECT total_sales, price FROM "pdd市场监控"
    WHERE product_id = '723053416812' AND monitor_date = '2026-04-14'


    SELECT total_sales FROM "pdd市场监控"
    WHERE product_id = '723053416812' AND monitor_date = '2026-04-13'


    INSERT OR REPLACE INTO "pdd市场监控"
    (product_id, title, price, total_sales, monthly_sales, weekly_sales, daily_sales_tag, hot_sales, grabbed_sales, daily_increment, product_url, monitor_date, scrape_time) 
    VALUES ('723053416812', '小米净水器N1/S1 1200G家用'/*+45 bytes*/, 947.0, 4118.0, NULL, NULL, NULL, NULL, NULL, 7.0, 'https://mobile.yangkeduo.com/goo'/*+29 bytes*/, '2026-04-14', datetime('now', 'localtime'))


    SELECT total_sales, price FROM "pdd市场监控"
    WHERE product_id = '636268671849' AND monitor_date = '2026-04-14'


    SELECT total_sales FROM "pdd市场监控"
    WHERE product_id = '636268671849' AND monitor_date = '2026-04-13'


    INSERT OR REPLACE INTO "pdd市场监控"
    (product_id, title, price, total_sales, monthly_sales, weekly_sales, daily_sales_tag, hot_sales, grabbed_sales, daily_increment, product_url, monitor_date, scrape_time) 
    VALUES ('636268671849', 'AO史密斯净水器家用直饮'/*+54 bytes*/, 1515.0, 1932.0, 349.0, NULL, NULL, NULL, NULL, NULL, 'https://mobile.yangkeduo.com/goo'/*+29 bytes*/, '2026-04-14', datetime('now', 'localtime'))


    SELECT total_sales, price FROM "pdd市场监控"
    WHERE product_id = '5085107966' AND monitor_date = '2026-04-14'


    SELECT total_sales, price FROM "pdd市场监控"
    WHERE product_id = '925797846179' AND monitor_date = '2026-04-14'


    INSERT OR REPLACE INTO "pdd市场监控"
    (product_id, title, price, total_sales, monthly_sales, weekly_sales, daily_sales_tag, hot_sales, grabbed_sales, daily_increment, product_url, monitor_date, scrape_time) 
    VALUES ('925797846179', '海尔净水器厨下直饮家用'/*+43 bytes*/, 1839.0, NULL, 474.0, NULL, NULL, NULL, NULL, NULL, 'https://mobile.yangkeduo.com/goo'/*+29 bytes*/, '2026-04-14', datetime('now', 'localtime'))


    SELECT total_sales, price FROM "pdd市场监控"
    WHERE product_id = '868851073714' AND monitor_date = '2026-04-14'


    SELECT total_sales, price FROM "pdd市场监控"
    WHERE product_id = '785356830165' AND monitor_date = '2026-04-14'


    SELECT total_sales, price FROM "pdd市场监控"
    WHERE product_id = '915797572693' AND monitor_date = '2026-04-14'


    INSERT OR REPLACE INTO "pdd市场监控"
    (product_id, title, price, total_sales, monthly_sales, weekly_sales, daily_sales_tag, hot_sales, grabbed_sales, daily_increment, product_url, monitor_date, scrape_time) 
    VALUES ('915797572693', 'VIOMI云米净水器小海豚600'/*+45 bytes*/, 599.0, NULL, NULL, NULL, NULL, NULL, NULL, NULL, 'https://mobile.yangkeduo.com/goo'/*+29 bytes*/, '2026-04-14', datetime('now', 'localtime'))


    SELECT total_sales, price FROM "pdd市场监控"
    WHERE product_id = '882364625777' AND monitor_date = '2026-04-14'


    INSERT OR REPLACE INTO "pdd市场监控"
    (product_id, title, price, total_sales, monthly_sales, weekly_sales, daily_sales_tag, hot_sales, grabbed_sales, daily_increment, product_url, monitor_date, scrape_time) 
    VALUES ('882364625777', '美的净水器同比1200G大流'/*+48 bytes*/, 874.0, NULL, NULL, NULL, NULL, NULL, NULL, NULL, 'https://mobile.yangkeduo.com/goo'/*+29 bytes*/, '2026-04-14', datetime('now', 'localtime'))


    SELECT total_sales, price FROM "pdd市场监控"
    WHERE product_id = '347579110147' AND monitor_date = '2026-04-14'


    SELECT total_sales, price FROM "pdd市场监控"
    WHERE product_id = '425381521577' AND monitor_date = '2026-04-14'


    SELECT total_sales, price FROM "pdd市场监控"
    WHERE product_id = '901812772746' AND monitor_date = '2026-04-14'


    INSERT OR REPLACE INTO "pdd市场监控"
    (product_id, title, price, total_sales, monthly_sales, weekly_sales, daily_sales_tag, hot_sales, grabbed_sales, daily_increment, product_url, monitor_date, scrape_time) 
    VALUES ('901812772746', '小米米家即热净水器1200G'/*+52 bytes*/, 1599.0, NULL, NULL, NULL, NULL, NULL, NULL, NULL, 'https://mobile.yangkeduo.com/goo'/*+29 bytes*/, '2026-04-14', datetime('now', 'localtime'))


    SELECT total_sales, price FROM "pdd市场监控"
    WHERE product_id = '209020621849' AND monitor_date = '2026-04-14'


    INSERT OR REPLACE INTO "pdd市场监控"
    (product_id, title, price, total_sales, monthly_sales, weekly_sales, daily_sales_tag, hot_sales, grabbed_sales, daily_increment, product_url, monitor_date, scrape_time) 
    VALUES ('209020621849', '美的净水器反渗透全屋保'/*+55 bytes*/, 809.0, NULL, NULL, NULL, 30.0, NULL, NULL, NULL, 'https://mobile.yangkeduo.com/goo'/*+29 bytes*/, '2026-04-14', datetime('now', 'localtime'))


    SELECT total_sales, price FROM "pdd市场监控"
    WHERE product_id = '798482186210' AND monitor_date = '2026-04-14'


    SELECT total_sales, price FROM "pdd市场监控"
    WHERE product_id = '869991827991' AND monitor_date = '2026-04-14'


    INSERT OR REPLACE INTO "pdd市场监控"
    (product_id, title, price, total_sales, monthly_sales, weekly_sales, daily_sales_tag, hot_sales, grabbed_sales, daily_increment, product_url, monitor_date, scrape_time) 
    VALUES ('869991827991', '沁园新品真1000G净水器大'/*+51 bytes*/, 1091.0, NULL, 322.0, NULL, NULL, NULL, NULL, NULL, 'https://mobile.yangkeduo.com/goo'/*+29 bytes*/, '2026-04-14', datetime('now', 'localtime'))


    SELECT total_sales, price FROM "pdd市场监控"
    WHERE product_id = '392968853596' AND monitor_date = '2026-04-14'


    INSERT OR REPLACE INTO "pdd市场监控"
    (product_id, title, price, total_sales, monthly_sales, weekly_sales, daily_sales_tag, hot_sales, grabbed_sales, daily_increment, product_url, monitor_date, scrape_time) 
    VALUES ('392968853596', '美的家用净水器 5年长效'/*+50 bytes*/, 3185.78, NULL, NULL, NULL, NULL, NULL, NULL, NULL, 'https://mobile.yangkeduo.com/goo'/*+29 bytes*/, '2026-04-14', datetime('now', 'localtime'))


    SELECT total_sales, price FROM "pdd市场监控"
    WHERE product_id = '571724488626' AND monitor_date = '2026-04-14'


    SELECT total_sales, price FROM "pdd市场监控"
    WHERE product_id = '758048911119' AND monitor_date = '2026-04-14'


    SELECT total_sales, price FROM "pdd市场监控"
    WHERE product_id = '326851167288' AND monitor_date = '2026-04-14'


    INSERT OR REPLACE INTO "pdd市场监控"
    (product_id, title, price, total_sales, monthly_sales, weekly_sales, daily_sales_tag, hot_sales, grabbed_sales, daily_increment, product_url, monitor_date, scrape_time) 
    VALUES ('326851167288', '美的净水器家用双出水大'/*+55 bytes*/, 809.0, NULL, NULL, NULL, NULL, NULL, NULL, NULL, 'https://mobile.yangkeduo.com/goo'/*+29 bytes*/, '2026-04-14', datetime('now', 'localtime'))


    SELECT total_sales, price FROM "pdd市场监控"
    WHERE product_id = '913185603260' AND monitor_date = '2026-04-14'


    SELECT total_sales, price FROM "pdd市场监控"
    WHERE product_id = '804367259342' AND monitor_date = '2026-04-14'


    INSERT OR REPLACE INTO "pdd市场监控"
    (product_id, title, price, total_sales, monthly_sales, weekly_sales, daily_sales_tag, hot_sales, grabbed_sales, daily_increment, product_url, monitor_date, scrape_time) 
    VALUES ('804367259342', '沁园小白鲸净水器直饮家'/*+44 bytes*/, 1099.0, NULL, NULL, NULL, NULL, NULL, NULL, NULL, 'https://mobile.yangkeduo.com/goo'/*+29 bytes*/, '2026-04-14', datetime('now', 'localtime'))


    SELECT total_sales, price FROM "pdd市场监控"
    WHERE product_id = '265149114182' AND monitor_date = '2026-04-14'


    INSERT OR REPLACE INTO "pdd市场监控"
    (product_id, title, price, total_sales, monthly_sales, weekly_sales, daily_sales_tag, hot_sales, grabbed_sales, daily_increment, product_url, monitor_date, scrape_time) 
    VALUES ('265149114182', '美的家用净水器1200G PRO 6'/*+51 bytes*/, 2659.0, NULL, NULL, NULL, NULL, NULL, NULL, NULL, 'https://mobile.yangkeduo.com/goo'/*+29 bytes*/, '2026-04-14', datetime('now', 'localtime'))


    SELECT total_sales, price FROM "pdd市场监控"
    WHERE product_id = '918975091470' AND monitor_date = '2026-04-14'


    INSERT OR REPLACE INTO "pdd市场监控"
    (product_id, title, price, total_sales, monthly_sales, weekly_sales, daily_sales_tag, hot_sales, grabbed_sales, daily_increment, product_url, monitor_date, scrape_time) 
    VALUES ('918975091470', '美的双出水净水器小体积'/*+56 bytes*/, 959.0, NULL, NULL, NULL, NULL, NULL, NULL, NULL, 'https://mobile.yangkeduo.com/goo'/*+29 bytes*/, '2026-04-14', datetime('now', 'localtime'))

COMMIT
💾 当前页面数据已成功清洗并写入 SQLite 数据库。
💤 模拟人工停顿 3498 毫秒...

========================================
⏳ 准备访问第 9/16 个网址: https://mobile.yangkeduo.com/sjs_cat_rank_list.html?list_id=65413011501&scene_id=goods_detail%2Crelated_goods&list_sn=YWEHcnN7e1NWVhlQ30pdTbvN&__list_version=2&_pdd_fs=1&_x_share_id=oELKkqautphRMeJh1GRwwa66ZXp7qveZ&refer_page_name=bangdan_list&refer_page_id=17542_1775702641236_u6fgo829zf&refer_page_sn=17542&page_from=69&activeTab=0
✅ 页面加载完成，开始检测登录状态...
🔓 状态正常：已识别到商品数据，免登陆直接放行！
🎉 成功提取到 20 条商品数据，进入数据清洗入库阶段...
BEGIN

    SELECT total_sales, price FROM "pdd市场监控"
    WHERE product_id = '131363133209' AND monitor_date = '2026-04-14'


    SELECT total_sales FROM "pdd市场监控"
    WHERE product_id = '131363133209' AND monitor_date = '2026-04-13'


    INSERT OR REPLACE INTO "pdd市场监控"
    (product_id, title, price, total_sales, monthly_sales, weekly_sales, daily_sales_tag, hot_sales, grabbed_sales, daily_increment, product_url, monitor_date, scrape_time) 
    VALUES ('131363133209', '海尔前置过滤器全屋自来'/*+53 bytes*/, 283.0, 142000.0, NULL, NULL, 100.0, NULL, NULL, 0.0, 'https://mobile.yangkeduo.com/goo'/*+29 bytes*/, '2026-04-14', datetime('now', 'localtime'))


    SELECT total_sales, price FROM "pdd市场监控"
    WHERE product_id = '726880345881' AND monitor_date = '2026-04-14'


    SELECT total_sales FROM "pdd市场监控"
    WHERE product_id = '726880345881' AND monitor_date = '2026-04-13'


    INSERT OR REPLACE INTO "pdd市场监控"
    (product_id, title, price, total_sales, monthly_sales, weekly_sales, daily_sales_tag, hot_sales, grabbed_sales, daily_increment, product_url, monitor_date, scrape_time) 
    VALUES ('726880345881', '海尔全屋前置过滤器家用'/*+57 bytes*/, 619.0, 4850.0, NULL, NULL, 30.0, NULL, NULL, 17.0, 'https://mobile.yangkeduo.com/goo'/*+29 bytes*/, '2026-04-14', datetime('now', 'localtime'))


    SELECT total_sales, price FROM "pdd市场监控"
    WHERE product_id = '425381521577' AND monitor_date = '2026-04-14'


    SELECT total_sales FROM "pdd市场监控"
    WHERE product_id = '425381521577' AND monitor_date = '2026-04-13'


    INSERT OR REPLACE INTO "pdd市场监控"
    (product_id, title, price, total_sales, monthly_sales, weekly_sales, daily_sales_tag, hot_sales, grabbed_sales, daily_increment, product_url, monitor_date, scrape_time) 
    VALUES ('425381521577', '海尔净水器家用厨下净水'/*+53 bytes*/, 900.0, 2212.0, 454.0, NULL, NULL, NULL, NULL, 4.0, 'https://mobile.yangkeduo.com/goo'/*+29 bytes*/, '2026-04-14', datetime('now', 'localtime'))


    SELECT total_sales, price FROM "pdd市场监控"
    WHERE product_id = '330557169802' AND monitor_date = '2026-04-14'


    SELECT total_sales FROM "pdd市场监控"
    WHERE product_id = '330557169802' AND monitor_date = '2026-04-13'


    INSERT OR REPLACE INTO "pdd市场监控"
    (product_id, title, price, total_sales, monthly_sales, weekly_sales, daily_sales_tag, hot_sales, grabbed_sales, daily_increment, product_url, monitor_date, scrape_time) 
    VALUES ('330557169802', '海尔前置过滤器全屋自来'/*+53 bytes*/, 255.0, 2131.0, NULL, NULL, NULL, NULL, NULL, NULL, 'https://mobile.yangkeduo.com/goo'/*+29 bytes*/, '2026-04-14', datetime('now', 'localtime'))


    SELECT total_sales, price FROM "pdd市场监控"
    WHERE product_id = '711881031979' AND monitor_date = '2026-04-14'


    SELECT total_sales FROM "pdd市场监控"
    WHERE product_id = '711881031979' AND monitor_date = '2026-04-13'


    INSERT OR REPLACE INTO "pdd市场监控"
    (product_id, title, price, total_sales, monthly_sales, weekly_sales, daily_sales_tag, hot_sales, grabbed_sales, daily_increment, product_url, monitor_date, scrape_time) 
    VALUES ('711881031979', '海尔净水器家用厨下式直'/*+56 bytes*/, 844.0, 11000.0, NULL, 200.0, NULL, NULL, NULL, 0.0, 'https://mobile.yangkeduo.com/goo'/*+29 bytes*/, '2026-04-14', datetime('now', 'localtime'))


    SELECT total_sales, price FROM "pdd市场监控"
    WHERE product_id = '562373219461' AND monitor_date = '2026-04-14'


    INSERT OR REPLACE INTO "pdd市场监控"
    (product_id, title, price, total_sales, monthly_sales, weekly_sales, daily_sales_tag, hot_sales, grabbed_sales, daily_increment, product_url, monitor_date, scrape_time) 
    VALUES ('562373219461', '海尔净水机家用新款母婴'/*+56 bytes*/, 849.0, NULL, NULL, 100.0, NULL, NULL, 2725.0, NULL, 'https://mobile.yangkeduo.com/goo'/*+29 bytes*/, '2026-04-14', datetime('now', 'localtime'))


    SELECT total_sales, price FROM "pdd市场监控"
    WHERE product_id = '201255739108' AND monitor_date = '2026-04-14'


    INSERT OR REPLACE INTO "pdd市场监控"
    (product_id, title, price, total_sales, monthly_sales, weekly_sales, daily_sales_tag, hot_sales, grabbed_sales, daily_increment, product_url, monitor_date, scrape_time) 
    VALUES ('201255739108', '海尔净水器家用厨房自来'/*+56 bytes*/, 1308.0, NULL, NULL, NULL, NULL, NULL, 6838.0, NULL, 'https://mobile.yangkeduo.com/goo'/*+29 bytes*/, '2026-04-14', datetime('now', 'localtime'))


    SELECT total_sales, price FROM "pdd市场监控"
    WHERE product_id = '705821550891' AND monitor_date = '2026-04-14'


    INSERT OR REPLACE INTO "pdd市场监控"
    (product_id, title, price, total_sales, monthly_sales, weekly_sales, daily_sales_tag, hot_sales, grabbed_sales, daily_increment, product_url, monitor_date, scrape_time) 
    VALUES ('705821550891', '海尔管线机家用壁挂速热'/*+49 bytes*/, 969.0, NULL, NULL, NULL, NULL, NULL, NULL, NULL, 'https://mobile.yangkeduo.com/goo'/*+29 bytes*/, '2026-04-14', datetime('now', 'localtime'))


    SELECT total_sales, price FROM "pdd市场监控"
    WHERE product_id = '715871400982' AND monitor_date = '2026-04-14'


    SELECT total_sales FROM "pdd市场监控"
    WHERE product_id = '715871400982' AND monitor_date = '2026-04-13'


    INSERT OR REPLACE INTO "pdd市场监控"
    (product_id, title, price, total_sales, monthly_sales, weekly_sales, daily_sales_tag, hot_sales, grabbed_sales, daily_increment, product_url, monitor_date, scrape_time) 
    VALUES ('715871400982', '海尔前置过滤器全屋自来'/*+57 bytes*/, 279.0, 1831.0, NULL, NULL, NULL, NULL, NULL, NULL, 'https://mobile.yangkeduo.com/goo'/*+29 bytes*/, '2026-04-14', datetime('now', 'localtime'))


    SELECT total_sales, price FROM "pdd市场监控"
    WHERE product_id = '597717464799' AND monitor_date = '2026-04-14'


    SELECT total_sales FROM "pdd市场监控"
    WHERE product_id = '597717464799' AND monitor_date = '2026-04-13'


    INSERT OR REPLACE INTO "pdd市场监控"
    (product_id, title, price, total_sales, monthly_sales, weekly_sales, daily_sales_tag, hot_sales, grabbed_sales, daily_increment, product_url, monitor_date, scrape_time) 
    VALUES ('597717464799', '海尔净水器家用直饮机RO'/*+52 bytes*/, 1499.0, 10000.0, NULL, NULL, NULL, NULL, NULL, 0.0, 'https://mobile.yangkeduo.com/goo'/*+29 bytes*/, '2026-04-14', datetime('now', 'localtime'))


    SELECT total_sales, price FROM "pdd市场监控"
    WHERE product_id = '205740887267' AND monitor_date = '2026-04-14'


    SELECT total_sales FROM "pdd市场监控"
    WHERE product_id = '205740887267' AND monitor_date = '2026-04-13'


    INSERT OR REPLACE INTO "pdd市场监控"
    (product_id, title, price, total_sales, monthly_sales, weekly_sales, daily_sales_tag, hot_sales, grabbed_sales, daily_increment, product_url, monitor_date, scrape_time) 
    VALUES ('205740887267', 'HAIER海尔净水器家用全屋'/*+52 bytes*/, 1259.0, 221.0, NULL, NULL, NULL, NULL, NULL, 0.0, 'https://mobile.yangkeduo.com/goo'/*+29 bytes*/, '2026-04-14', datetime('now', 'localtime'))


    SELECT total_sales, price FROM "pdd市场监控"
    WHERE product_id = '699767517417' AND monitor_date = '2026-04-14'


    INSERT OR REPLACE INTO "pdd市场监控"
    (product_id, title, price, total_sales, monthly_sales, weekly_sales, daily_sales_tag, hot_sales, grabbed_sales, daily_increment, product_url, monitor_date, scrape_time) 
    VALUES ('699767517417', '海尔净水器HU603-5A净化/软'/*+49 bytes*/, 83.7, NULL, NULL, NULL, NULL, NULL, 200.0, NULL, 'https://mobile.yangkeduo.com/goo'/*+29 bytes*/, '2026-04-14', datetime('now', 'localtime'))


    SELECT total_sales, price FROM "pdd市场监控"
    WHERE product_id = '540925512199' AND monitor_date = '2026-04-14'


    INSERT OR REPLACE INTO "pdd市场监控"
    (product_id, title, price, total_sales, monthly_sales, weekly_sales, daily_sales_tag, hot_sales, grabbed_sales, daily_increment, product_url, monitor_date, scrape_time) 
    VALUES ('540925512199', '海尔台式净饮机家用净水'/*+56 bytes*/, 964.0, NULL, NULL, NULL, NULL, NULL, 51000.0, NULL, 'https://mobile.yangkeduo.com/goo'/*+29 bytes*/, '2026-04-14', datetime('now', 'localtime'))


    SELECT total_sales, price FROM "pdd市场监控"
    WHERE product_id = '785356830165' AND monitor_date = '2026-04-14'


    SELECT total_sales FROM "pdd市场监控"
    WHERE product_id = '785356830165' AND monitor_date = '2026-04-13'


    INSERT OR REPLACE INTO "pdd市场监控"
    (product_id, title, price, total_sales, monthly_sales, weekly_sales, daily_sales_tag, hot_sales, grabbed_sales, daily_increment, product_url, monitor_date, scrape_time) 
    VALUES ('785356830165', '海尔1200G鲜活水抑菌芯家'/*+53 bytes*/, 999.0, 5405.0, NULL, 100.0, NULL, NULL, NULL, 0.0, 'https://mobile.yangkeduo.com/goo'/*+29 bytes*/, '2026-04-14', datetime('now', 'localtime'))


    SELECT total_sales, price FROM "pdd市场监控"
    WHERE product_id = '717443110416' AND monitor_date = '2026-04-14'


    SELECT total_sales FROM "pdd市场监控"
    WHERE product_id = '717443110416' AND monitor_date = '2026-04-13'


    INSERT OR REPLACE INTO "pdd市场监控"
    (product_id, title, price, total_sales, monthly_sales, weekly_sales, daily_sales_tag, hot_sales, grabbed_sales, daily_increment, product_url, monitor_date, scrape_time) 
    VALUES ('717443110416', '海尔施特劳斯净水器机滤'/*+49 bytes*/, 100.89, 138.0, NULL, NULL, NULL, NULL, NULL, 0.0, 'https://mobile.yangkeduo.com/goo'/*+29 bytes*/, '2026-04-14', datetime('now', 'localtime'))


    SELECT total_sales, price FROM "pdd市场监控"
    WHERE product_id = '802032083576' AND monitor_date = '2026-04-14'


    SELECT total_sales FROM "pdd市场监控"
    WHERE product_id = '802032083576' AND monitor_date = '2026-04-13'


    INSERT OR REPLACE INTO "pdd市场监控"
    (product_id, title, price, total_sales, monthly_sales, weekly_sales, daily_sales_tag, hot_sales, grabbed_sales, daily_increment, product_url, monitor_date, scrape_time) 
    VALUES ('802032083576', '海尔管线机家用加热饮水'/*+51 bytes*/, 640.0, 8026.0, NULL, 100.0, NULL, NULL, NULL, 26.0, 'https://mobile.yangkeduo.com/goo'/*+29 bytes*/, '2026-04-14', datetime('now', 'localtime'))


    SELECT total_sales, price FROM "pdd市场监控"
    WHERE product_id = '759505794348' AND monitor_date = '2026-04-14'


    SELECT total_sales FROM "pdd市场监控"
    WHERE product_id = '759505794348' AND monitor_date = '2026-04-13'


    INSERT OR REPLACE INTO "pdd市场监控"
    (product_id, title, price, total_sales, monthly_sales, weekly_sales, daily_sales_tag, hot_sales, grabbed_sales, daily_increment, product_url, monitor_date, scrape_time) 
    VALUES ('759505794348', '海尔净水器家用PRO1200G鲜'/*+53 bytes*/, 957.99, 24000.0, NULL, NULL, NULL, NULL, NULL, 0.0, 'https://mobile.yangkeduo.com/goo'/*+29 bytes*/, '2026-04-14', datetime('now', 'localtime'))


    SELECT total_sales, price FROM "pdd市场监控"
    WHERE product_id = '744865103769' AND monitor_date = '2026-04-14'


    INSERT OR REPLACE INTO "pdd市场监控"
    (product_id, title, price, total_sales, monthly_sales, weekly_sales, daily_sales_tag, hot_sales, grabbed_sales, daily_increment, product_url, monitor_date, scrape_time) 
    VALUES ('744865103769', '海尔净水器鲜活水PRO家用'/*+47 bytes*/, 1034.99, NULL, NULL, NULL, NULL, NULL, 729.0, NULL, 'https://mobile.yangkeduo.com/goo'/*+29 bytes*/, '2026-04-14', datetime('now', 'localtime'))


    SELECT total_sales, price FROM "pdd市场监控"
    WHERE product_id = '209968881296' AND monitor_date = '2026-04-14'


    INSERT OR REPLACE INTO "pdd市场监控"
    (product_id, title, price, total_sales, monthly_sales, weekly_sales, daily_sales_tag, hot_sales, grabbed_sales, daily_increment, product_url, monitor_date, scrape_time) 
    VALUES ('209968881296', '创维家用净水器水龙头厨'/*+42 bytes*/, 27.0, NULL, NULL, NULL, NULL, NULL, 12000.0, NULL, 'https://mobile.yangkeduo.com/goo'/*+29 bytes*/, '2026-04-14', datetime('now', 'localtime'))


    SELECT total_sales, price FROM "pdd市场监控"
    WHERE product_id = '734304931639' AND monitor_date = '2026-04-14'


    SELECT total_sales FROM "pdd市场监控"
    WHERE product_id = '734304931639' AND monitor_date = '2026-04-13'


    INSERT OR REPLACE INTO "pdd市场监控"
    (product_id, title, price, total_sales, monthly_sales, weekly_sales, daily_sales_tag, hot_sales, grabbed_sales, daily_increment, product_url, monitor_date, scrape_time) 
    VALUES ('734304931639', '海尔台式净饮机净饮一体'/*+56 bytes*/, 1099.0, 97.0, NULL, NULL, NULL, NULL, NULL, NULL, 'https://mobile.yangkeduo.com/goo'/*+29 bytes*/, '2026-04-14', datetime('now', 'localtime'))

COMMIT
💾 当前页面数据已成功清洗并写入 SQLite 数据库。
💤 模拟人工停顿 2033 毫秒...

========================================
⏳ 准备访问第 10/16 个网址: https://mobile.yangkeduo.com/sjs_cat_rank_list.html?list_id=171369010201&scene_id=goods_detail%2Crelated_goods&list_sn=YWGyVfRiSWv89dY10urI_Kaf&__list_version=2&_pdd_fs=1&_x_share_id=oELKkqautphRMeJh1GRwwa66ZXp7qveZ&refer_page_name=bangdan_list&refer_page_id=17542_1775702648101_tqo520lac4&refer_page_sn=17542&page_from=69&activeTab=0
✅ 页面加载完成，开始检测登录状态...
🔓 状态正常：已识别到商品数据，免登陆直接放行！
🎉 成功提取到 20 条商品数据，进入数据清洗入库阶段...
BEGIN

    SELECT total_sales, price FROM "pdd市场监控"
    WHERE product_id = '626312797718' AND monitor_date = '2026-04-14'


    SELECT total_sales FROM "pdd市场监控"
    WHERE product_id = '626312797718' AND monitor_date = '2026-04-13'


    INSERT OR REPLACE INTO "pdd市场监控"
    (product_id, title, price, total_sales, monthly_sales, weekly_sales, daily_sales_tag, hot_sales, grabbed_sales, daily_increment, product_url, monitor_date, scrape_time) 
    VALUES ('626312797718', '美的北极星超滤净水器家'/*+57 bytes*/, 539.0, 129000.0, NULL, 200.0, NULL, NULL, NULL, 0.0, 'https://mobile.yangkeduo.com/goo'/*+29 bytes*/, '2026-04-14', datetime('now', 'localtime'))


    SELECT total_sales, price FROM "pdd市场监控"
    WHERE product_id = '605589037971' AND monitor_date = '2026-04-14'


    SELECT total_sales FROM "pdd市场监控"
    WHERE product_id = '605589037971' AND monitor_date = '2026-04-13'


    INSERT OR REPLACE INTO "pdd市场监控"
    (product_id, title, price, total_sales, monthly_sales, weekly_sales, daily_sales_tag, hot_sales, grabbed_sales, daily_increment, product_url, monitor_date, scrape_time) 
    VALUES ('605589037971', '美的家用净水器厨下安装'/*+54 bytes*/, 452.0, 523000.0, NULL, 100.0, NULL, NULL, NULL, NULL, 'https://mobile.yangkeduo.com/goo'/*+29 bytes*/, '2026-04-14', datetime('now', 'localtime'))


    SELECT total_sales, price FROM "pdd市场监控"
    WHERE product_id = '574194583631' AND monitor_date = '2026-04-14'


    SELECT total_sales FROM "pdd市场监控"
    WHERE product_id = '574194583631' AND monitor_date = '2026-04-13'


    INSERT OR REPLACE INTO "pdd市场监控"
    (product_id, title, price, total_sales, monthly_sales, weekly_sales, daily_sales_tag, hot_sales, grabbed_sales, daily_increment, product_url, monitor_date, scrape_time) 
    VALUES ('574194583631', '九阳净水器家用直饮厨房'/*+57 bytes*/, 231.0, 9999.0, NULL, 100.0, NULL, NULL, NULL, 20.0, 'https://mobile.yangkeduo.com/goo'/*+29 bytes*/, '2026-04-14', datetime('now', 'localtime'))


    SELECT total_sales, price FROM "pdd市场监控"
    WHERE product_id = '718759640392' AND monitor_date = '2026-04-14'


    INSERT OR REPLACE INTO "pdd市场监控"
    (product_id, title, price, total_sales, monthly_sales, weekly_sales, daily_sales_tag, hot_sales, grabbed_sales, daily_increment, product_url, monitor_date, scrape_time) 
    VALUES ('718759640392', '九阳净水器超滤家用直饮'/*+45 bytes*/, 200.6, NULL, 241.0, NULL, NULL, NULL, 1517.0, NULL, 'https://mobile.yangkeduo.com/goo'/*+29 bytes*/, '2026-04-14', datetime('now', 'localtime'))


    SELECT total_sales, price FROM "pdd市场监控"
    WHERE product_id = '796399068471' AND monitor_date = '2026-04-14'


    INSERT OR REPLACE INTO "pdd市场监控"
    (product_id, title, price, total_sales, monthly_sales, weekly_sales, daily_sales_tag, hot_sales, grabbed_sales, daily_increment, product_url, monitor_date, scrape_time) 
    VALUES ('796399068471', '九阳净水器家用厨房自来'/*+53 bytes*/, 194.9, NULL, NULL, NULL, NULL, NULL, 164.0, NULL, 'https://mobile.yangkeduo.com/goo'/*+29 bytes*/, '2026-04-14', datetime('now', 'localtime'))


    SELECT total_sales, price FROM "pdd市场监控"
    WHERE product_id = '718829314127' AND monitor_date = '2026-04-14'


    SELECT total_sales FROM "pdd市场监控"
    WHERE product_id = '718829314127' AND monitor_date = '2026-04-13'


    INSERT OR REPLACE INTO "pdd市场监控"
    (product_id, title, price, total_sales, monthly_sales, weekly_sales, daily_sales_tag, hot_sales, grabbed_sales, daily_increment, product_url, monitor_date, scrape_time) 
    VALUES ('718829314127', '沁园0阻垢剂净水器超滤家'/*+49 bytes*/, 358.0, 18000.0, NULL, NULL, NULL, NULL, NULL, 0.0, 'https://mobile.yangkeduo.com/goo'/*+29 bytes*/, '2026-04-14', datetime('now', 'localtime'))


    SELECT total_sales, price FROM "pdd市场监控"
    WHERE product_id = '639756956977' AND monitor_date = '2026-04-14'


    SELECT total_sales FROM "pdd市场监控"
    WHERE product_id = '639756956977' AND monitor_date = '2026-04-13'


    INSERT OR REPLACE INTO "pdd市场监控"
    (product_id, title, price, total_sales, monthly_sales, weekly_sales, daily_sales_tag, hot_sales, grabbed_sales, daily_increment, product_url, monitor_date, scrape_time) 
    VALUES ('639756956977', '苏泊尔UU01净水器家用厨房'/*+54 bytes*/, 297.99, 17000.0, 222.0, NULL, NULL, NULL, NULL, NULL, 'https://mobile.yangkeduo.com/goo'/*+29 bytes*/, '2026-04-14', datetime('now', 'localtime'))


    SELECT total_sales, price FROM "pdd市场监控"
    WHERE product_id = '558960594706' AND monitor_date = '2026-04-14'


    SELECT total_sales FROM "pdd市场监控"
    WHERE product_id = '558960594706' AND monitor_date = '2026-04-13'


    INSERT OR REPLACE INTO "pdd市场监控"
    (product_id, title, price, total_sales, monthly_sales, weekly_sales, daily_sales_tag, hot_sales, grabbed_sales, daily_increment, product_url, monitor_date, scrape_time) 
    VALUES ('558960594706', '飞利浦净水器家用直饮净'/*+57 bytes*/, 364.99, 1732.0, NULL, NULL, NULL, NULL, NULL, 1.0, 'https://mobile.yangkeduo.com/goo'/*+29 bytes*/, '2026-04-14', datetime('now', 'localtime'))


    SELECT total_sales, price FROM "pdd市场监控"
    WHERE product_id = '754732450555' AND monitor_date = '2026-04-14'


    INSERT OR REPLACE INTO "pdd市场监控"
    (product_id, title, price, total_sales, monthly_sales, weekly_sales, daily_sales_tag, hot_sales, grabbed_sales, daily_increment, product_url, monitor_date, scrape_time) 
    VALUES ('754732450555', '九阳净水器家用直饮超滤'/*+53 bytes*/, 180.09, NULL, NULL, NULL, NULL, NULL, 1878.0, NULL, 'https://mobile.yangkeduo.com/goo'/*+29 bytes*/, '2026-04-14', datetime('now', 'localtime'))


    SELECT total_sales, price FROM "pdd市场监控"
    WHERE product_id = '416922320046' AND monitor_date = '2026-04-14'


    SELECT total_sales FROM "pdd市场监控"
    WHERE product_id = '416922320046' AND monitor_date = '2026-04-13'


    INSERT OR REPLACE INTO "pdd市场监控"
    (product_id, title, price, total_sales, monthly_sales, weekly_sales, daily_sales_tag, hot_sales, grabbed_sales, daily_increment, product_url, monitor_date, scrape_time) 
    VALUES ('416922320046', '飞利浦净水器家用直饮净'/*+55 bytes*/, 625.94, 12000.0, NULL, NULL, NULL, NULL, NULL, NULL, 'https://mobile.yangkeduo.com/goo'/*+29 bytes*/, '2026-04-14', datetime('now', 'localtime'))


    SELECT total_sales, price FROM "pdd市场监控"
    WHERE product_id = '728615654775' AND monitor_date = '2026-04-14'


    INSERT OR REPLACE INTO "pdd市场监控"
    (product_id, title, price, total_sales, monthly_sales, weekly_sales, daily_sales_tag, hot_sales, grabbed_sales, daily_increment, product_url, monitor_date, scrape_time) 
    VALUES ('728615654775', '九阳新款1000G厨房自来水'/*+51 bytes*/, 417.0, NULL, NULL, NULL, NULL, NULL, 10000.0, NULL, 'https://mobile.yangkeduo.com/goo'/*+29 bytes*/, '2026-04-14', datetime('now', 'localtime'))


    SELECT total_sales, price FROM "pdd市场监控"
    WHERE product_id = '896702472527' AND monitor_date = '2026-04-14'


    INSERT OR REPLACE INTO "pdd市场监控"
    (product_id, title, price, total_sales, monthly_sales, weekly_sales, daily_sales_tag, hot_sales, grabbed_sales, daily_increment, product_url, monitor_date, scrape_time) 
    VALUES ('896702472527', '苏泊尔净水器家用非直饮'/*+48 bytes*/, 259.0, NULL, NULL, NULL, NULL, NULL, 36.0, NULL, 'https://mobile.yangkeduo.com/goo'/*+29 bytes*/, '2026-04-14', datetime('now', 'localtime'))


    SELECT total_sales, price FROM "pdd市场监控"
    WHERE product_id = '706194988498' AND monitor_date = '2026-04-14'


    INSERT OR REPLACE INTO "pdd市场监控"
    (product_id, title, price, total_sales, monthly_sales, weekly_sales, daily_sales_tag, hot_sales, grabbed_sales, daily_increment, product_url, monitor_date, scrape_time) 
    VALUES ('706194988498', '沁园净水器家用厨房自来'/*+55 bytes*/, 299.0, NULL, NULL, NULL, NULL, NULL, 6618.0, NULL, 'https://mobile.yangkeduo.com/goo'/*+29 bytes*/, '2026-04-14', datetime('now', 'localtime'))


    SELECT total_sales, price FROM "pdd市场监控"
    WHERE product_id = '928634810056' AND monitor_date = '2026-04-14'


    SELECT total_sales FROM "pdd市场监控"
    WHERE product_id = '928634810056' AND monitor_date = '2026-04-13'


    INSERT OR REPLACE INTO "pdd市场监控"
    (product_id, title, price, total_sales, monthly_sales, weekly_sales, daily_sales_tag, hot_sales, grabbed_sales, daily_increment, product_url, monitor_date, scrape_time) 
    VALUES ('928634810056', '小熊净水器家用直饮机厨'/*+57 bytes*/, 279.0, 11.0, NULL, NULL, NULL, NULL, NULL, 0.0, 'https://mobile.yangkeduo.com/goo'/*+29 bytes*/, '2026-04-14', datetime('now', 'localtime'))


    SELECT total_sales, price FROM "pdd市场监控"
    WHERE product_id = '334598249754' AND monitor_date = '2026-04-14'


    INSERT OR REPLACE INTO "pdd市场监控"
    (product_id, title, price, total_sales, monthly_sales, weekly_sales, daily_sales_tag, hot_sales, grabbed_sales, daily_increment, product_url, monitor_date, scrape_time) 
    VALUES ('334598249754', '爱惠浦净水器商用大流量'/*+54 bytes*/, 669.0, NULL, NULL, NULL, NULL, NULL, 50000.0, NULL, 'https://mobile.yangkeduo.com/goo'/*+29 bytes*/, '2026-04-14', datetime('now', 'localtime'))


    SELECT total_sales, price FROM "pdd市场监控"
    WHERE product_id = '435919446164' AND monitor_date = '2026-04-14'


    INSERT OR REPLACE INTO "pdd市场监控"
    (product_id, title, price, total_sales, monthly_sales, weekly_sales, daily_sales_tag, hot_sales, grabbed_sales, daily_increment, product_url, monitor_date, scrape_time) 
    VALUES ('435919446164', '九阳前置过滤器龙头自来'/*+51 bytes*/, 189.0, NULL, NULL, NULL, NULL, NULL, 1359.0, NULL, 'https://mobile.yangkeduo.com/goo'/*+29 bytes*/, '2026-04-14', datetime('now', 'localtime'))


    SELECT total_sales, price FROM "pdd市场监控"
    WHERE product_id = '832946488978' AND monitor_date = '2026-04-14'


    INSERT OR REPLACE INTO "pdd市场监控"
    (product_id, title, price, total_sales, monthly_sales, weekly_sales, daily_sales_tag, hot_sales, grabbed_sales, daily_increment, product_url, monitor_date, scrape_time) 
    VALUES ('832946488978', '九阳净水器家用超滤直饮'/*+57 bytes*/, 273.0, NULL, NULL, NULL, NULL, NULL, 88.0, NULL, 'https://mobile.yangkeduo.com/goo'/*+29 bytes*/, '2026-04-14', datetime('now', 'localtime'))


    SELECT total_sales, price FROM "pdd市场监控"
    WHERE product_id = '756998852249' AND monitor_date = '2026-04-14'


    INSERT OR REPLACE INTO "pdd市场监控"
    (product_id, title, price, total_sales, monthly_sales, weekly_sales, daily_sales_tag, hot_sales, grabbed_sales, daily_increment, product_url, monitor_date, scrape_time) 
    VALUES ('756998852249', '沁园净水器超滤官方家用'/*+57 bytes*/, 599.0, NULL, NULL, NULL, NULL, NULL, NULL, NULL, 'https://mobile.yangkeduo.com/goo'/*+29 bytes*/, '2026-04-14', datetime('now', 'localtime'))


    SELECT total_sales, price FROM "pdd市场监控"
    WHERE product_id = '681144350131' AND monitor_date = '2026-04-14'


    INSERT OR REPLACE INTO "pdd市场监控"
    (product_id, title, price, total_sales, monthly_sales, weekly_sales, daily_sales_tag, hot_sales, grabbed_sales, daily_increment, product_url, monitor_date, scrape_time) 
    VALUES ('681144350131', '【官翻机】美的出品华凌'/*+49 bytes*/, 388.0, NULL, NULL, NULL, NULL, NULL, 656.0, NULL, 'https://mobile.yangkeduo.com/goo'/*+29 bytes*/, '2026-04-14', datetime('now', 'localtime'))


    SELECT total_sales, price FROM "pdd市场监控"
    WHERE product_id = '686030832713' AND monitor_date = '2026-04-14'


    SELECT total_sales FROM "pdd市场监控"
    WHERE product_id = '686030832713' AND monitor_date = '2026-04-13'


    INSERT OR REPLACE INTO "pdd市场监控"
    (product_id, title, price, total_sales, monthly_sales, weekly_sales, daily_sales_tag, hot_sales, grabbed_sales, daily_increment, product_url, monitor_date, scrape_time) 
    VALUES ('686030832713', '九阳净水器2026年不锈钢家'/*+48 bytes*/, 368.0, 5479.0, NULL, NULL, NULL, NULL, NULL, 0.0, 'https://mobile.yangkeduo.com/goo'/*+29 bytes*/, '2026-04-14', datetime('now', 'localtime'))

COMMIT
💾 当前页面数据已成功清洗并写入 SQLite 数据库。
💤 模拟人工停顿 4187 毫秒...

========================================
⏳ 准备访问第 11/16 个网址: https://mobile.yangkeduo.com/sjs_cat_rank_list.html?list_id=45591011501&scene_id=goods_detail%2Crelated_goods&list_sn=YWHNmpo3mhci2IQ-pqPkhwXx&__list_version=2&_pdd_fs=1&_x_share_id=oELKkqautphRMeJh1GRwwa66ZXp7qveZ&refer_page_name=bangdan_list&refer_page_id=17542_1775702696846_q1df1118tp&refer_page_sn=17542&page_from=69&activeTab=0
✅ 页面加载完成，开始检测登录状态...
🔓 状态正常：已识别到商品数据，免登陆直接放行！
🎉 成功提取到 20 条商品数据，进入数据清洗入库阶段...
BEGIN

    SELECT total_sales, price FROM "pdd市场监控"
    WHERE product_id = '4815570184' AND monitor_date = '2026-04-14'


    SELECT total_sales FROM "pdd市场监控"
    WHERE product_id = '4815570184' AND monitor_date = '2026-04-13'


    INSERT OR REPLACE INTO "pdd市场监控"
    (product_id, title, price, total_sales, monthly_sales, weekly_sales, daily_sales_tag, hot_sales, grabbed_sales, daily_increment, product_url, monitor_date, scrape_time) 
    VALUES ('4815570184', '美的热水器小厨宝上出水'/*+53 bytes*/, 334.0, 35000.0, NULL, 100.0, NULL, NULL, NULL, 0.0, 'https://mobile.yangkeduo.com/goo'/*+27 bytes*/, '2026-04-14', datetime('now', 'localtime'))


    SELECT total_sales, price FROM "pdd市场监控"
    WHERE product_id = '169695269773' AND monitor_date = '2026-04-14'


    SELECT total_sales FROM "pdd市场监控"
    WHERE product_id = '169695269773' AND monitor_date = '2026-04-13'


    INSERT OR REPLACE INTO "pdd市场监控"
    (product_id, title, price, total_sales, monthly_sales, weekly_sales, daily_sales_tag, hot_sales, grabbed_sales, daily_increment, product_url, monitor_date, scrape_time) 
    VALUES ('169695269773', '苏泊尔小厨宝厨房热水器'/*+57 bytes*/, 356.6, 30000.0, NULL, NULL, NULL, NULL, NULL, 0.0, 'https://mobile.yangkeduo.com/goo'/*+29 bytes*/, '2026-04-14', datetime('now', 'localtime'))


    SELECT total_sales, price FROM "pdd市场监控"
    WHERE product_id = '247712335495' AND monitor_date = '2026-04-14'


    SELECT total_sales FROM "pdd市场监控"
    WHERE product_id = '247712335495' AND monitor_date = '2026-04-13'


    INSERT OR REPLACE INTO "pdd市场监控"
    (product_id, title, price, total_sales, monthly_sales, weekly_sales, daily_sales_tag, hot_sales, grabbed_sales, daily_increment, product_url, monitor_date, scrape_time) 
    VALUES ('247712335495', 'AO史密斯厨房6/10升上出水'/*+53 bytes*/, 557.0, 4000.0, 279.0, NULL, NULL, NULL, NULL, 0.0, 'https://mobile.yangkeduo.com/goo'/*+29 bytes*/, '2026-04-14', datetime('now', 'localtime'))


    SELECT total_sales, price FROM "pdd市场监控"
    WHERE product_id = '657680139628' AND monitor_date = '2026-04-14'


    INSERT OR REPLACE INTO "pdd市场监控"
    (product_id, title, price, total_sales, monthly_sales, weekly_sales, daily_sales_tag, hot_sales, grabbed_sales, daily_increment, product_url, monitor_date, scrape_time) 
    VALUES ('657680139628', '飞利浦家用小厨宝高性价'/*+48 bytes*/, 349.99, NULL, NULL, NULL, NULL, NULL, 7351.0, NULL, 'https://mobile.yangkeduo.com/goo'/*+29 bytes*/, '2026-04-14', datetime('now', 'localtime'))


    SELECT total_sales, price FROM "pdd市场监控"
    WHERE product_id = '653753195573' AND monitor_date = '2026-04-14'


    INSERT OR REPLACE INTO "pdd市场监控"
    (product_id, title, price, total_sales, monthly_sales, weekly_sales, daily_sales_tag, hot_sales, grabbed_sales, daily_increment, product_url, monitor_date, scrape_time) 
    VALUES ('653753195573', '苏泊尔小厨宝厨房热水器'/*+57 bytes*/, 289.0, NULL, 308.0, NULL, NULL, NULL, 3500.0, NULL, 'https://mobile.yangkeduo.com/goo'/*+29 bytes*/, '2026-04-14', datetime('now', 'localtime'))


    SELECT total_sales, price FROM "pdd市场监控"
    WHERE product_id = '638416371017' AND monitor_date = '2026-04-14'


    SELECT total_sales FROM "pdd市场监控"
    WHERE product_id = '638416371017' AND monitor_date = '2026-04-13'


    INSERT OR REPLACE INTO "pdd市场监控"
    (product_id, title, price, total_sales, monthly_sales, weekly_sales, daily_sales_tag, hot_sales, grabbed_sales, daily_increment, product_url, monitor_date, scrape_time) 
    VALUES ('638416371017', '海尔小厨宝无缝胆热水宝'/*+52 bytes*/, 559.0, 7500.0, 307.0, NULL, NULL, NULL, NULL, 0.0, 'https://mobile.yangkeduo.com/goo'/*+29 bytes*/, '2026-04-14', datetime('now', 'localtime'))


    SELECT total_sales, price FROM "pdd市场监控"
    WHERE product_id = '683272527874' AND monitor_date = '2026-04-14'


    INSERT OR REPLACE INTO "pdd市场监控"
    (product_id, title, price, total_sales, monthly_sales, weekly_sales, daily_sales_tag, hot_sales, grabbed_sales, daily_increment, product_url, monitor_date, scrape_time) 
    VALUES ('683272527874', '苏泊尔PK15小厨宝厨房热水'/*+54 bytes*/, 413.0, NULL, NULL, NULL, NULL, NULL, 4500.0, NULL, 'https://mobile.yangkeduo.com/goo'/*+29 bytes*/, '2026-04-14', datetime('now', 'localtime'))


    SELECT total_sales, price FROM "pdd市场监控"
    WHERE product_id = '422436425871' AND monitor_date = '2026-04-14'


    SELECT total_sales FROM "pdd市场监控"
    WHERE product_id = '422436425871' AND monitor_date = '2026-04-13'


    INSERT OR REPLACE INTO "pdd市场监控"
    (product_id, title, price, total_sales, monthly_sales, weekly_sales, daily_sales_tag, hot_sales, grabbed_sales, daily_increment, product_url, monitor_date, scrape_time) 
    VALUES ('422436425871', '万家乐电热水器小厨宝家'/*+48 bytes*/, 288.9, 13000.0, NULL, NULL, NULL, NULL, NULL, 0.0, 'https://mobile.yangkeduo.com/goo'/*+29 bytes*/, '2026-04-14', datetime('now', 'localtime'))


    SELECT total_sales, price FROM "pdd市场监控"
    WHERE product_id = '654008676965' AND monitor_date = '2026-04-14'


    INSERT OR REPLACE INTO "pdd市场监控"
    (product_id, title, price, total_sales, monthly_sales, weekly_sales, daily_sales_tag, hot_sales, grabbed_sales, daily_increment, product_url, monitor_date, scrape_time) 
    VALUES ('654008676965', 'AO史密斯小厨宝厨房6/10升'/*+50 bytes*/, 828.0, NULL, NULL, NULL, NULL, NULL, 300.0, NULL, 'https://mobile.yangkeduo.com/goo'/*+29 bytes*/, '2026-04-14', datetime('now', 'localtime'))


    SELECT total_sales, price FROM "pdd市场监控"
    WHERE product_id = '324192704620' AND monitor_date = '2026-04-14'


    INSERT OR REPLACE INTO "pdd市场监控"
    (product_id, title, price, total_sales, monthly_sales, weekly_sales, daily_sales_tag, hot_sales, grabbed_sales, daily_increment, product_url, monitor_date, scrape_time) 
    VALUES ('324192704620', '新品海尔小厨宝厨房热水'/*+73 bytes*/, 344.0, NULL, NULL, NULL, NULL, NULL, 3069.0, NULL, 'https://mobile.yangkeduo.com/goo'/*+29 bytes*/, '2026-04-14', datetime('now', 'localtime'))


    SELECT total_sales, price FROM "pdd市场监控"
    WHERE product_id = '233939485541' AND monitor_date = '2026-04-14'


    INSERT OR REPLACE INTO "pdd市场监控"
    (product_id, title, price, total_sales, monthly_sales, weekly_sales, daily_sales_tag, hot_sales, grabbed_sales, daily_increment, product_url, monitor_date, scrape_time) 
    VALUES ('233939485541', '海尔小厨宝8升统帅厨宝上'/*+50 bytes*/, 377.99, NULL, NULL, NULL, NULL, NULL, 1000.0, NULL, 'https://mobile.yangkeduo.com/goo'/*+29 bytes*/, '2026-04-14', datetime('now', 'localtime'))


    SELECT total_sales, price FROM "pdd市场监控"
    WHERE product_id = '67930225384' AND monitor_date = '2026-04-14'


    INSERT OR REPLACE INTO "pdd市场监控"
    (product_id, title, price, total_sales, monthly_sales, weekly_sales, daily_sales_tag, hot_sales, grabbed_sales, daily_increment, product_url, monitor_date, scrape_time) 
    VALUES ('67930225384', '【补贴15%】帅康小厨宝6.'/*+44 bytes*/, 388.0, NULL, NULL, NULL, NULL, NULL, 7499.0, NULL, 'https://mobile.yangkeduo.com/goo'/*+28 bytes*/, '2026-04-14', datetime('now', 'localtime'))


    SELECT total_sales, price FROM "pdd市场监控"
    WHERE product_id = '763072949758' AND monitor_date = '2026-04-14'


    SELECT total_sales FROM "pdd市场监控"
    WHERE product_id = '763072949758' AND monitor_date = '2026-04-13'


    INSERT OR REPLACE INTO "pdd市场监控"
    (product_id, title, price, total_sales, monthly_sales, weekly_sales, daily_sales_tag, hot_sales, grabbed_sales, daily_increment, product_url, monitor_date, scrape_time) 
    VALUES ('763072949758', 'AO史密斯小厨宝6C2厨房台'/*+55 bytes*/, 879.0, 3000.0, NULL, NULL, NULL, NULL, NULL, NULL, 'https://mobile.yangkeduo.com/goo'/*+29 bytes*/, '2026-04-14', datetime('now', 'localtime'))


    SELECT total_sales, price FROM "pdd市场监控"
    WHERE product_id = '562270582072' AND monitor_date = '2026-04-14'


    INSERT OR REPLACE INTO "pdd市场监控"
    (product_id, title, price, total_sales, monthly_sales, weekly_sales, daily_sales_tag, hot_sales, grabbed_sales, daily_increment, product_url, monitor_date, scrape_time) 
    VALUES ('562270582072', 'KKTV康佳互联网品牌小厨宝'/*+54 bytes*/, 148.0, NULL, NULL, NULL, NULL, NULL, NULL, NULL, 'https://mobile.yangkeduo.com/goo'/*+29 bytes*/, '2026-04-14', datetime('now', 'localtime'))


    SELECT total_sales, price FROM "pdd市场监控"
    WHERE product_id = '24653883068' AND monitor_date = '2026-04-14'


    SELECT total_sales FROM "pdd市场监控"
    WHERE product_id = '24653883068' AND monitor_date = '2026-04-13'


    INSERT OR REPLACE INTO "pdd市场监控"
    (product_id, title, price, total_sales, monthly_sales, weekly_sales, daily_sales_tag, hot_sales, grabbed_sales, daily_increment, product_url, monitor_date, scrape_time) 
    VALUES ('24653883068', '美的小厨宝白色小型家用'/*+56 bytes*/, 399.0, 9000.0, NULL, NULL, NULL, NULL, NULL, 0.0, 'https://mobile.yangkeduo.com/goo'/*+28 bytes*/, '2026-04-14', datetime('now', 'localtime'))


    SELECT total_sales, price FROM "pdd市场监控"
    WHERE product_id = '695805640632' AND monitor_date = '2026-04-14'


    INSERT OR REPLACE INTO "pdd市场监控"
    (product_id, title, price, total_sales, monthly_sales, weekly_sales, daily_sales_tag, hot_sales, grabbed_sales, daily_increment, product_url, monitor_date, scrape_time) 
    VALUES ('695805640632', '美的小厨宝5升F05-15A2(S)厨'/*+51 bytes*/, 299.0, NULL, NULL, NULL, NULL, NULL, 2031.0, NULL, 'https://mobile.yangkeduo.com/goo'/*+29 bytes*/, '2026-04-14', datetime('now', 'localtime'))


    SELECT total_sales, price FROM "pdd市场监控"
    WHERE product_id = '433756442019' AND monitor_date = '2026-04-14'


    INSERT OR REPLACE INTO "pdd市场监控"
    (product_id, title, price, total_sales, monthly_sales, weekly_sales, daily_sales_tag, hot_sales, grabbed_sales, daily_increment, product_url, monitor_date, scrape_time) 
    VALUES ('433756442019', '阿诗丹顿小厨宝家用厨房'/*+57 bytes*/, 329.0, NULL, NULL, NULL, NULL, NULL, 29000.0, NULL, 'https://mobile.yangkeduo.com/goo'/*+29 bytes*/, '2026-04-14', datetime('now', 'localtime'))


    SELECT total_sales, price FROM "pdd市场监控"
    WHERE product_id = '585163330424' AND monitor_date = '2026-04-14'


    INSERT OR REPLACE INTO "pdd市场监控"
    (product_id, title, price, total_sales, monthly_sales, weekly_sales, daily_sales_tag, hot_sales, grabbed_sales, daily_increment, product_url, monitor_date, scrape_time) 
    VALUES ('585163330424', '【国企出品】澳柯玛小厨'/*+48 bytes*/, 339.0, NULL, NULL, NULL, NULL, NULL, 51.0, NULL, 'https://mobile.yangkeduo.com/goo'/*+29 bytes*/, '2026-04-14', datetime('now', 'localtime'))


    SELECT total_sales, price FROM "pdd市场监控"
    WHERE product_id = '298783545885' AND monitor_date = '2026-04-14'


    INSERT OR REPLACE INTO "pdd市场监控"
    (product_id, title, price, total_sales, monthly_sales, weekly_sales, daily_sales_tag, hot_sales, grabbed_sales, daily_increment, product_url, monitor_date, scrape_time) 
    VALUES ('298783545885', '苏泊尔即热式厨宝7L厨房'/*+54 bytes*/, 345.0, NULL, NULL, NULL, NULL, NULL, 500.0, NULL, 'https://mobile.yangkeduo.com/goo'/*+29 bytes*/, '2026-04-14', datetime('now', 'localtime'))


    SELECT total_sales, price FROM "pdd市场监控"
    WHERE product_id = '849357274057' AND monitor_date = '2026-04-14'


    INSERT OR REPLACE INTO "pdd市场监控"
    (product_id, title, price, total_sales, monthly_sales, weekly_sales, daily_sales_tag, hot_sales, grabbed_sales, daily_increment, product_url, monitor_date, scrape_time) 
    VALUES ('849357274057', 'AO史密斯小厨宝厨房6/10升'/*+44 bytes*/, 768.0, NULL, NULL, NULL, NULL, NULL, 500.0, NULL, 'https://mobile.yangkeduo.com/goo'/*+29 bytes*/, '2026-04-14', datetime('now', 'localtime'))

COMMIT
💾 当前页面数据已成功清洗并写入 SQLite 数据库。
💤 模拟人工停顿 4184 毫秒...

========================================
⏳ 准备访问第 12/16 个网址: https://mobile.yangkeduo.com/sjs_cat_rank_list.html?list_id=164451010201&scene_id=goods_detail%2Crelated_goods&list_sn=YWEiZbpD2WU2qGg84hGXtKHL&__list_version=2&_pdd_fs=1&_x_share_id=oELKkqautphRMeJh1GRwwa66ZXp7qveZ&refer_page_name=bangdan_list&refer_page_id=17542_1775702845537_9nxs3kqdib&refer_page_sn=17542&page_from=69&activeTab=0
✅ 页面加载完成，开始检测登录状态...
🔓 状态正常：已识别到商品数据，免登陆直接放行！
🎉 成功提取到 20 条商品数据，进入数据清洗入库阶段...
BEGIN

    SELECT total_sales, price FROM "pdd市场监控"
    WHERE product_id = '878506006640' AND monitor_date = '2026-04-14'


    SELECT total_sales FROM "pdd市场监控"
    WHERE product_id = '878506006640' AND monitor_date = '2026-04-13'


    INSERT OR REPLACE INTO "pdd市场监控"
    (product_id, title, price, total_sales, monthly_sales, weekly_sales, daily_sales_tag, hot_sales, grabbed_sales, daily_increment, product_url, monitor_date, scrape_time) 
    VALUES ('878506006640', '苏泊尔即热净水器家用直'/*+52 bytes*/, 1538.0, 3291.0, 230.0, NULL, NULL, NULL, NULL, 4.0, 'https://mobile.yangkeduo.com/goo'/*+29 bytes*/, '2026-04-14', datetime('now', 'localtime'))


    SELECT total_sales, price FROM "pdd市场监控"
    WHERE product_id = '856906272522' AND monitor_date = '2026-04-14'


    SELECT total_sales FROM "pdd市场监控"
    WHERE product_id = '856906272522' AND monitor_date = '2026-04-13'


    INSERT OR REPLACE INTO "pdd市场监控"
    (product_id, title, price, total_sales, monthly_sales, weekly_sales, daily_sales_tag, hot_sales, grabbed_sales, daily_increment, product_url, monitor_date, scrape_time) 
    VALUES ('856906272522', '苏泊尔反渗透净水器家用'/*+51 bytes*/, 732.0, 4067.0, 297.0, NULL, NULL, NULL, NULL, 2.0, 'https://mobile.yangkeduo.com/goo'/*+29 bytes*/, '2026-04-14', datetime('now', 'localtime'))


    SELECT total_sales, price FROM "pdd市场监控"
    WHERE product_id = '639756956977' AND monitor_date = '2026-04-14'


    SELECT total_sales FROM "pdd市场监控"
    WHERE product_id = '639756956977' AND monitor_date = '2026-04-13'


    INSERT OR REPLACE INTO "pdd市场监控"
    (product_id, title, price, total_sales, monthly_sales, weekly_sales, daily_sales_tag, hot_sales, grabbed_sales, daily_increment, product_url, monitor_date, scrape_time) 
    VALUES ('639756956977', '苏泊尔UU01净水器家用厨房'/*+54 bytes*/, 297.99, 17000.0, 222.0, NULL, NULL, NULL, NULL, NULL, 'https://mobile.yangkeduo.com/goo'/*+29 bytes*/, '2026-04-14', datetime('now', 'localtime'))


    SELECT total_sales, price FROM "pdd市场监控"
    WHERE product_id = '929892166268' AND monitor_date = '2026-04-14'


    INSERT OR REPLACE INTO "pdd市场监控"
    (product_id, title, price, total_sales, monthly_sales, weekly_sales, daily_sales_tag, hot_sales, grabbed_sales, daily_increment, product_url, monitor_date, scrape_time) 
    VALUES ('929892166268', '苏泊尔管线机家用速热壁'/*+54 bytes*/, 652.0, NULL, NULL, NULL, NULL, NULL, 13.0, NULL, 'https://mobile.yangkeduo.com/goo'/*+29 bytes*/, '2026-04-14', datetime('now', 'localtime'))


    SELECT total_sales, price FROM "pdd市场监控"
    WHERE product_id = '896702472527' AND monitor_date = '2026-04-14'


    INSERT OR REPLACE INTO "pdd市场监控"
    (product_id, title, price, total_sales, monthly_sales, weekly_sales, daily_sales_tag, hot_sales, grabbed_sales, daily_increment, product_url, monitor_date, scrape_time) 
    VALUES ('896702472527', '苏泊尔净水器家用非直饮'/*+48 bytes*/, 259.0, NULL, NULL, NULL, NULL, NULL, 36.0, NULL, 'https://mobile.yangkeduo.com/goo'/*+29 bytes*/, '2026-04-14', datetime('now', 'localtime'))


    SELECT total_sales, price FROM "pdd市场监控"
    WHERE product_id = '917039553588' AND monitor_date = '2026-04-14'


    SELECT total_sales FROM "pdd市场监控"
    WHERE product_id = '917039553588' AND monitor_date = '2026-04-13'


    INSERT OR REPLACE INTO "pdd市场监控"
    (product_id, title, price, total_sales, monthly_sales, weekly_sales, daily_sales_tag, hot_sales, grabbed_sales, daily_increment, product_url, monitor_date, scrape_time) 
    VALUES ('917039553588', '苏泊尔1200G净水器家用直'/*+49 bytes*/, 1480.0, 288.0, NULL, NULL, NULL, NULL, NULL, 1.0, 'https://mobile.yangkeduo.com/goo'/*+29 bytes*/, '2026-04-14', datetime('now', 'localtime'))


    SELECT total_sales, price FROM "pdd市场监控"
    WHERE product_id = '899607568359' AND monitor_date = '2026-04-14'


    INSERT OR REPLACE INTO "pdd市场监控"
    (product_id, title, price, total_sales, monthly_sales, weekly_sales, daily_sales_tag, hot_sales, grabbed_sales, daily_increment, product_url, monitor_date, scrape_time) 
    VALUES ('899607568359', '苏泊尔厨下净水器高净大'/*+54 bytes*/, 1107.0, NULL, NULL, NULL, NULL, NULL, 20.0, NULL, 'https://mobile.yangkeduo.com/goo'/*+29 bytes*/, '2026-04-14', datetime('now', 'localtime'))


    SELECT total_sales, price FROM "pdd市场监控"
    WHERE product_id = '514029768116' AND monitor_date = '2026-04-14'


    INSERT OR REPLACE INTO "pdd市场监控"
    (product_id, title, price, total_sales, monthly_sales, weekly_sales, daily_sales_tag, hot_sales, grabbed_sales, daily_increment, product_url, monitor_date, scrape_time) 
    VALUES ('514029768116', '苏泊尔净水壶自来水过滤'/*+57 bytes*/, 74.0, NULL, NULL, NULL, NULL, NULL, 604.0, NULL, 'https://mobile.yangkeduo.com/goo'/*+29 bytes*/, '2026-04-14', datetime('now', 'localtime'))


    SELECT total_sales, price FROM "pdd市场监控"
    WHERE product_id = '922446304920' AND monitor_date = '2026-04-14'


    SELECT total_sales FROM "pdd市场监控"
    WHERE product_id = '922446304920' AND monitor_date = '2026-04-13'


    INSERT OR REPLACE INTO "pdd市场监控"
    (product_id, title, price, total_sales, monthly_sales, weekly_sales, daily_sales_tag, hot_sales, grabbed_sales, daily_increment, product_url, monitor_date, scrape_time) 
    VALUES ('922446304920', '苏泊尔净水器直饮厨房自'/*+49 bytes*/, 881.02, 2442.0, NULL, NULL, NULL, NULL, NULL, 0.0, 'https://mobile.yangkeduo.com/goo'/*+29 bytes*/, '2026-04-14', datetime('now', 'localtime'))


    SELECT total_sales, price FROM "pdd市场监控"
    WHERE product_id = '935679473664' AND monitor_date = '2026-04-14'


    SELECT total_sales FROM "pdd市场监控"
    WHERE product_id = '935679473664' AND monitor_date = '2026-04-13'


    INSERT OR REPLACE INTO "pdd市场监控"
    (product_id, title, price, total_sales, monthly_sales, weekly_sales, daily_sales_tag, hot_sales, grabbed_sales, daily_increment, product_url, monitor_date, scrape_time) 
    VALUES ('935679473664', '苏泊尔前置过滤器家用通'/*+51 bytes*/, 429.0, 4.0, NULL, NULL, NULL, NULL, NULL, 0.0, 'https://mobile.yangkeduo.com/goo'/*+29 bytes*/, '2026-04-14', datetime('now', 'localtime'))


    SELECT total_sales, price FROM "pdd市场监控"
    WHERE product_id = '805403874621' AND monitor_date = '2026-04-14'


    SELECT total_sales FROM "pdd市场监控"
    WHERE product_id = '805403874621' AND monitor_date = '2026-04-13'


    INSERT OR REPLACE INTO "pdd市场监控"
    (product_id, title, price, total_sales, monthly_sales, weekly_sales, daily_sales_tag, hot_sales, grabbed_sales, daily_increment, product_url, monitor_date, scrape_time) 
    VALUES ('805403874621', '苏泊尔超滤净水器不插电'/*+53 bytes*/, 283.0, 1527.0, NULL, NULL, NULL, NULL, NULL, 0.0, 'https://mobile.yangkeduo.com/goo'/*+29 bytes*/, '2026-04-14', datetime('now', 'localtime'))


    SELECT total_sales, price FROM "pdd市场监控"
    WHERE product_id = '887143665081' AND monitor_date = '2026-04-14'


    SELECT total_sales FROM "pdd市场监控"
    WHERE product_id = '887143665081' AND monitor_date = '2026-04-13'


    INSERT OR REPLACE INTO "pdd市场监控"
    (product_id, title, price, total_sales, monthly_sales, weekly_sales, daily_sales_tag, hot_sales, grabbed_sales, daily_increment, product_url, monitor_date, scrape_time) 
    VALUES ('887143665081', '苏泊尔净水器大通量家用'/*+43 bytes*/, 883.0, 2139.0, NULL, NULL, NULL, NULL, NULL, NULL, 'https://mobile.yangkeduo.com/goo'/*+29 bytes*/, '2026-04-14', datetime('now', 'localtime'))


    SELECT total_sales, price FROM "pdd市场监控"
    WHERE product_id = '841439291898' AND monitor_date = '2026-04-14'


    SELECT total_sales FROM "pdd市场监控"
    WHERE product_id = '841439291898' AND monitor_date = '2026-04-13'


    INSERT OR REPLACE INTO "pdd市场监控"
    (product_id, title, price, total_sales, monthly_sales, weekly_sales, daily_sales_tag, hot_sales, grabbed_sales, daily_increment, product_url, monitor_date, scrape_time) 
    VALUES ('841439291898', '苏泊尔反渗透净水器家用'/*+50 bytes*/, 797.0, 207.0, NULL, NULL, NULL, NULL, NULL, 0.0, 'https://mobile.yangkeduo.com/goo'/*+29 bytes*/, '2026-04-14', datetime('now', 'localtime'))


    SELECT total_sales, price FROM "pdd市场监控"
    WHERE product_id = '734195643473' AND monitor_date = '2026-04-14'


    INSERT OR REPLACE INTO "pdd市场监控"
    (product_id, title, price, total_sales, monthly_sales, weekly_sales, daily_sales_tag, hot_sales, grabbed_sales, daily_increment, product_url, monitor_date, scrape_time) 
    VALUES ('734195643473', '苏泊尔管线机家用壁挂式'/*+45 bytes*/, 479.0, NULL, NULL, NULL, NULL, NULL, 1098.0, NULL, 'https://mobile.yangkeduo.com/goo'/*+29 bytes*/, '2026-04-14', datetime('now', 'localtime'))


    SELECT total_sales, price FROM "pdd市场监控"
    WHERE product_id = '463838991786' AND monitor_date = '2026-04-14'


    INSERT OR REPLACE INTO "pdd市场监控"
    (product_id, title, price, total_sales, monthly_sales, weekly_sales, daily_sales_tag, hot_sales, grabbed_sales, daily_increment, product_url, monitor_date, scrape_time) 
    VALUES ('463838991786', '苏泊尔前置过滤器8.0T大通'/*+47 bytes*/, 449.0, NULL, NULL, NULL, NULL, NULL, NULL, NULL, 'https://mobile.yangkeduo.com/goo'/*+29 bytes*/, '2026-04-14', datetime('now', 'localtime'))


    SELECT total_sales, price FROM "pdd市场监控"
    WHERE product_id = '563779180788' AND monitor_date = '2026-04-14'


    SELECT total_sales FROM "pdd市场监控"
    WHERE product_id = '563779180788' AND monitor_date = '2026-04-13'


    INSERT OR REPLACE INTO "pdd市场监控"
    (product_id, title, price, total_sales, monthly_sales, weekly_sales, daily_sales_tag, hot_sales, grabbed_sales, daily_increment, product_url, monitor_date, scrape_time) 
    VALUES ('563779180788', '苏泊尔水龙头净水器家用'/*+42 bytes*/, 59.0, 20000.0, NULL, NULL, NULL, NULL, NULL, NULL, 'https://mobile.yangkeduo.com/goo'/*+29 bytes*/, '2026-04-14', datetime('now', 'localtime'))


    SELECT total_sales, price FROM "pdd市场监控"
    WHERE product_id = '935802663004' AND monitor_date = '2026-04-14'


    INSERT OR REPLACE INTO "pdd市场监控"
    (product_id, title, price, total_sales, monthly_sales, weekly_sales, daily_sales_tag, hot_sales, grabbed_sales, daily_increment, product_url, monitor_date, scrape_time) 
    VALUES ('935802663004', '苏泊尔正品前置过滤器家'/*+48 bytes*/, 399.0, NULL, NULL, NULL, NULL, NULL, 4.0, NULL, 'https://mobile.yangkeduo.com/goo'/*+29 bytes*/, '2026-04-14', datetime('now', 'localtime'))


    SELECT total_sales, price FROM "pdd市场监控"
    WHERE product_id = '442194952409' AND monitor_date = '2026-04-14'


    INSERT OR REPLACE INTO "pdd市场监控"
    (product_id, title, price, total_sales, monthly_sales, weekly_sales, daily_sales_tag, hot_sales, grabbed_sales, daily_increment, product_url, monitor_date, scrape_time) 
    VALUES ('442194952409', '苏泊尔DU2U3净水器家用直'/*+54 bytes*/, 278.99, NULL, NULL, NULL, NULL, NULL, 1083.0, NULL, 'https://mobile.yangkeduo.com/goo'/*+29 bytes*/, '2026-04-14', datetime('now', 'localtime'))


    SELECT total_sales, price FROM "pdd市场监控"
    WHERE product_id = '905223628411' AND monitor_date = '2026-04-14'


    INSERT OR REPLACE INTO "pdd市场监控"
    (product_id, title, price, total_sales, monthly_sales, weekly_sales, daily_sales_tag, hot_sales, grabbed_sales, daily_increment, product_url, monitor_date, scrape_time) 
    VALUES ('905223628411', '苏泊尔净水器家用非直饮'/*+57 bytes*/, 259.0, NULL, NULL, NULL, NULL, NULL, 1.0, NULL, 'https://mobile.yangkeduo.com/goo'/*+29 bytes*/, '2026-04-14', datetime('now', 'localtime'))


    SELECT total_sales, price FROM "pdd市场监控"
    WHERE product_id = '461539319444' AND monitor_date = '2026-04-14'


    INSERT OR REPLACE INTO "pdd市场监控"
    (product_id, title, price, total_sales, monthly_sales, weekly_sales, daily_sales_tag, hot_sales, grabbed_sales, daily_increment, product_url, monitor_date, scrape_time) 
    VALUES ('461539319444', '苏泊尔净水器水龙头过滤'/*+57 bytes*/, 79.0, NULL, NULL, NULL, NULL, NULL, 1452.0, NULL, 'https://mobile.yangkeduo.com/goo'/*+29 bytes*/, '2026-04-14', datetime('now', 'localtime'))

COMMIT
💾 当前页面数据已成功清洗并写入 SQLite 数据库。
💤 模拟人工停顿 3917 毫秒...

========================================
⏳ 准备访问第 13/16 个网址: https://mobile.yangkeduo.com/sjs_cat_rank_list.html?list_id=71122010201&scene_id=goods_detail%2Crelated_goods&list_sn=YWE1PGy9C_ugVbmQCjcC2VPp&__list_version=2&_pdd_fs=1&_x_share_id=oELKkqautphRMeJh1GRwwa66ZXp7qveZ&refer_page_name=bangdan_list&refer_page_id=17542_1775702887436_u0y3abpqcw&refer_page_sn=17542&page_from=69&activeTab=0
✅ 页面加载完成，开始检测登录状态...
🔓 状态正常：已识别到商品数据，免登陆直接放行！
🎉 成功提取到 53 条商品数据，进入数据清洗入库阶段...
BEGIN

    SELECT total_sales, price FROM "pdd市场监控"
    WHERE product_id = '131363133209' AND monitor_date = '2026-04-14'


    SELECT total_sales FROM "pdd市场监控"
    WHERE product_id = '131363133209' AND monitor_date = '2026-04-13'


    INSERT OR REPLACE INTO "pdd市场监控"
    (product_id, title, price, total_sales, monthly_sales, weekly_sales, daily_sales_tag, hot_sales, grabbed_sales, daily_increment, product_url, monitor_date, scrape_time) 
    VALUES ('131363133209', '海尔前置过滤器全屋自来'/*+53 bytes*/, 283.0, 142000.0, NULL, NULL, 100.0, NULL, NULL, 0.0, 'https://mobile.yangkeduo.com/goo'/*+29 bytes*/, '2026-04-14', datetime('now', 'localtime'))


    SELECT total_sales, price FROM "pdd市场监控"
    WHERE product_id = '922405222213' AND monitor_date = '2026-04-14'


    INSERT OR REPLACE INTO "pdd市场监控"
    (product_id, title, price, total_sales, monthly_sales, weekly_sales, daily_sales_tag, hot_sales, grabbed_sales, daily_increment, product_url, monitor_date, scrape_time) 
    VALUES ('922405222213', '小米米家水龙头净水器2水'/*+54 bytes*/, 90.9, NULL, NULL, NULL, 400.0, NULL, 3239.0, NULL, 'https://mobile.yangkeduo.com/goo'/*+29 bytes*/, '2026-04-14', datetime('now', 'localtime'))


    SELECT total_sales, price FROM "pdd市场监控"
    WHERE product_id = '717919859317' AND monitor_date = '2026-04-14'


    SELECT total_sales FROM "pdd市场监控"
    WHERE product_id = '717919859317' AND monitor_date = '2026-04-13'


    INSERT OR REPLACE INTO "pdd市场监控"
    (product_id, title, price, total_sales, monthly_sales, weekly_sales, daily_sales_tag, hot_sales, grabbed_sales, daily_increment, product_url, monitor_date, scrape_time) 
    VALUES ('717919859317', '奥克斯T3净水器水龙头自'/*+57 bytes*/, 23.9, 10000.0, NULL, NULL, 200.0, NULL, NULL, 0.0, 'https://mobile.yangkeduo.com/goo'/*+29 bytes*/, '2026-04-14', datetime('now', 'localtime'))


    SELECT total_sales, price FROM "pdd市场监控"
    WHERE product_id = '202993631127' AND monitor_date = '2026-04-14'


    SELECT total_sales FROM "pdd市场监控"
    WHERE product_id = '202993631127' AND monitor_date = '2026-04-13'


    INSERT OR REPLACE INTO "pdd市场监控"
    (product_id, title, price, total_sales, monthly_sales, weekly_sales, daily_sales_tag, hot_sales, grabbed_sales, daily_increment, product_url, monitor_date, scrape_time) 
    VALUES ('202993631127', '长虹净水器家用直饮厨房'/*+57 bytes*/, 337.0, 587000.0, NULL, NULL, 100.0, NULL, NULL, 0.0, 'https://mobile.yangkeduo.com/goo'/*+29 bytes*/, '2026-04-14', datetime('now', 'localtime'))


    SELECT total_sales, price FROM "pdd市场监控"
    WHERE product_id = '932674793778' AND monitor_date = '2026-04-14'


    INSERT OR REPLACE INTO "pdd市场监控"
    (product_id, title, price, total_sales, monthly_sales, weekly_sales, daily_sales_tag, hot_sales, grabbed_sales, daily_increment, product_url, monitor_date, scrape_time) 
    VALUES ('932674793778', '德国进口BRTIA原装滤芯通'/*+51 bytes*/, 111.88, NULL, NULL, NULL, 100.0, NULL, NULL, NULL, 'https://mobile.yangkeduo.com/goo'/*+29 bytes*/, '2026-04-14', datetime('now', 'localtime'))


    SELECT total_sales, price FROM "pdd市场监控"
    WHERE product_id = '872986550973' AND monitor_date = '2026-04-14'


    INSERT OR REPLACE INTO "pdd市场监控"
    (product_id, title, price, total_sales, monthly_sales, weekly_sales, daily_sales_tag, hot_sales, grabbed_sales, daily_increment, product_url, monitor_date, scrape_time) 
    VALUES ('872986550973', '沁园【TRULIVA】可直饮龙头'/*+51 bytes*/, 82.99, NULL, NULL, NULL, 100.0, NULL, 6833.0, NULL, 'https://mobile.yangkeduo.com/goo'/*+29 bytes*/, '2026-04-14', datetime('now', 'localtime'))


    SELECT total_sales, price FROM "pdd市场监控"
    WHERE product_id = '782079120944' AND monitor_date = '2026-04-14'


    SELECT total_sales FROM "pdd市场监控"
    WHERE product_id = '782079120944' AND monitor_date = '2026-04-13'


    INSERT OR REPLACE INTO "pdd市场监控"
    (product_id, title, price, total_sales, monthly_sales, weekly_sales, daily_sales_tag, hot_sales, grabbed_sales, daily_increment, product_url, monitor_date, scrape_time) 
    VALUES ('782079120944', '顾家超滤净水器家用直饮'/*+57 bytes*/, 268.0, 14000.0, NULL, NULL, 100.0, NULL, NULL, 0.0, 'https://mobile.yangkeduo.com/goo'/*+29 bytes*/, '2026-04-14', datetime('now', 'localtime'))


    SELECT total_sales, price FROM "pdd市场监控"
    WHERE product_id = '635594987496' AND monitor_date = '2026-04-14'


    SELECT total_sales FROM "pdd市场监控"
    WHERE product_id = '635594987496' AND monitor_date = '2026-04-13'


    INSERT OR REPLACE INTO "pdd市场监控"
    (product_id, title, price, total_sales, monthly_sales, weekly_sales, daily_sales_tag, hot_sales, grabbed_sales, daily_increment, product_url, monitor_date, scrape_time) 
    VALUES ('635594987496', '艾美特前置花洒沐浴淋浴'/*+57 bytes*/, 27.3, 594000.0, NULL, NULL, 100.0, NULL, NULL, 0.0, 'https://mobile.yangkeduo.com/goo'/*+29 bytes*/, '2026-04-14', datetime('now', 'localtime'))


    SELECT total_sales, price FROM "pdd市场监控"
    WHERE product_id = '856547421423' AND monitor_date = '2026-04-14'


    SELECT total_sales FROM "pdd市场监控"
    WHERE product_id = '856547421423' AND monitor_date = '2026-04-13'


    INSERT OR REPLACE INTO "pdd市场监控"
    (product_id, title, price, total_sales, monthly_sales, weekly_sales, daily_sales_tag, hot_sales, grabbed_sales, daily_increment, product_url, monitor_date, scrape_time) 
    VALUES ('856547421423', '海尔净水器鲜活水PROMAX家'/*+44 bytes*/, 1369.0, 2659.0, NULL, 200.0, NULL, NULL, NULL, 57.0, 'https://mobile.yangkeduo.com/goo'/*+29 bytes*/, '2026-04-14', datetime('now', 'localtime'))


    SELECT total_sales, price FROM "pdd市场监控"
    WHERE product_id = '209020621849' AND monitor_date = '2026-04-14'


    INSERT OR REPLACE INTO "pdd市场监控"
    (product_id, title, price, total_sales, monthly_sales, weekly_sales, daily_sales_tag, hot_sales, grabbed_sales, daily_increment, product_url, monitor_date, scrape_time) 
    VALUES ('209020621849', '美的净水器反渗透全屋保'/*+55 bytes*/, 809.0, NULL, NULL, NULL, 30.0, NULL, 514000.0, NULL, 'https://mobile.yangkeduo.com/goo'/*+29 bytes*/, '2026-04-14', datetime('now', 'localtime'))


    SELECT total_sales, price FROM "pdd市场监控"
    WHERE product_id = '916995438281' AND monitor_date = '2026-04-14'


    INSERT OR REPLACE INTO "pdd市场监控"
    (product_id, title, price, total_sales, monthly_sales, weekly_sales, daily_sales_tag, hot_sales, grabbed_sales, daily_increment, product_url, monitor_date, scrape_time) 
    VALUES ('916995438281', '德克史帝夫正品304不锈钢'/*+54 bytes*/, 99.0, NULL, NULL, NULL, 50.0, NULL, 2123.0, NULL, 'https://mobile.yangkeduo.com/goo'/*+29 bytes*/, '2026-04-14', datetime('now', 'localtime'))


    SELECT total_sales, price FROM "pdd市场监控"
    WHERE product_id = '758048463055' AND monitor_date = '2026-04-14'


    SELECT total_sales FROM "pdd市场监控"
    WHERE product_id = '758048463055' AND monitor_date = '2026-04-13'


    INSERT OR REPLACE INTO "pdd市场监控"
    (product_id, title, price, total_sales, monthly_sales, weekly_sales, daily_sales_tag, hot_sales, grabbed_sales, daily_increment, product_url, monitor_date, scrape_time) 
    VALUES ('758048463055', '沁园前置过滤器净水器智'/*+53 bytes*/, 593.0, 4917.0, NULL, NULL, 30.0, NULL, NULL, 34.0, 'https://mobile.yangkeduo.com/goo'/*+29 bytes*/, '2026-04-14', datetime('now', 'localtime'))


    SELECT total_sales, price FROM "pdd市场监控"
    WHERE product_id = '837277953649' AND monitor_date = '2026-04-14'


    SELECT total_sales FROM "pdd市场监控"
    WHERE product_id = '837277953649' AND monitor_date = '2026-04-13'


    INSERT OR REPLACE INTO "pdd市场监控"
    (product_id, title, price, total_sales, monthly_sales, weekly_sales, daily_sales_tag, hot_sales, grabbed_sales, daily_increment, product_url, monitor_date, scrape_time) 
    VALUES ('837277953649', '【全新正品】海尔净水器'/*+41 bytes*/, 1369.0, 2659.0, NULL, NULL, 30.0, NULL, NULL, 57.0, 'https://mobile.yangkeduo.com/goo'/*+29 bytes*/, '2026-04-14', datetime('now', 'localtime'))


    SELECT total_sales, price FROM "pdd市场监控"
    WHERE product_id = '899696765481' AND monitor_date = '2026-04-14'


    SELECT total_sales FROM "pdd市场监控"
    WHERE product_id = '899696765481' AND monitor_date = '2026-04-13'


    INSERT OR REPLACE INTO "pdd市场监控"
    (product_id, title, price, total_sales, monthly_sales, weekly_sales, daily_sales_tag, hot_sales, grabbed_sales, daily_increment, product_url, monitor_date, scrape_time) 
    VALUES ('899696765481', '菲普诺不锈钢全屋净水器'/*+54 bytes*/, 98.0, 3227.0, NULL, NULL, 30.0, NULL, NULL, 0.0, 'https://mobile.yangkeduo.com/goo'/*+29 bytes*/, '2026-04-14', datetime('now', 'localtime'))


    SELECT total_sales, price FROM "pdd市场监控"
    WHERE product_id = '353140007622' AND monitor_date = '2026-04-14'


    SELECT total_sales FROM "pdd市场监控"
    WHERE product_id = '353140007622' AND monitor_date = '2026-04-13'


    INSERT OR REPLACE INTO "pdd市场监控"
    (product_id, title, price, total_sales, monthly_sales, weekly_sales, daily_sales_tag, hot_sales, grabbed_sales, daily_increment, product_url, monitor_date, scrape_time) 
    VALUES ('353140007622', '美的家用净水器 6年长效'/*+52 bytes*/, 1808.9, 13000.0, NULL, 100.0, NULL, NULL, NULL, 0.0, 'https://mobile.yangkeduo.com/goo'/*+29 bytes*/, '2026-04-14', datetime('now', 'localtime'))


    SELECT total_sales, price FROM "pdd市场监控"
    WHERE product_id = '854824820292' AND monitor_date = '2026-04-14'


    INSERT OR REPLACE INTO "pdd市场监控"
    (product_id, title, price, total_sales, monthly_sales, weekly_sales, daily_sales_tag, hot_sales, grabbed_sales, daily_increment, product_url, monitor_date, scrape_time) 
    VALUES ('854824820292', '海尔净水器家用直饮鲜活'/*+47 bytes*/, 1159.0, NULL, NULL, 100.0, NULL, NULL, 20000.0, NULL, 'https://mobile.yangkeduo.com/goo'/*+29 bytes*/, '2026-04-14', datetime('now', 'localtime'))


    SELECT total_sales, price FROM "pdd市场监控"
    WHERE product_id = '389772889864' AND monitor_date = '2026-04-14'


    SELECT total_sales FROM "pdd市场监控"
    WHERE product_id = '389772889864' AND monitor_date = '2026-04-13'


    INSERT OR REPLACE INTO "pdd市场监控"
    (product_id, title, price, total_sales, monthly_sales, weekly_sales, daily_sales_tag, hot_sales, grabbed_sales, daily_increment, product_url, monitor_date, scrape_time) 
    VALUES ('389772889864', '美的15T大通量前置过滤器'/*+51 bytes*/, 275.0, 14000.0, NULL, NULL, 30.0, NULL, NULL, 0.0, 'https://mobile.yangkeduo.com/goo'/*+29 bytes*/, '2026-04-14', datetime('now', 'localtime'))


    SELECT total_sales, price FROM "pdd市场监控"
    WHERE product_id = '798619001655' AND monitor_date = '2026-04-14'


    INSERT OR REPLACE INTO "pdd市场监控"
    (product_id, title, price, total_sales, monthly_sales, weekly_sales, daily_sales_tag, hot_sales, grabbed_sales, daily_increment, product_url, monitor_date, scrape_time) 
    VALUES ('798619001655', '沁园TRULIVA可直饮净水器水'/*+51 bytes*/, 168.0, NULL, NULL, NULL, 60.0, NULL, 8469.0, NULL, 'https://mobile.yangkeduo.com/goo'/*+29 bytes*/, '2026-04-14', datetime('now', 'localtime'))


    SELECT total_sales, price FROM "pdd市场监控"
    WHERE product_id = '758150701089' AND monitor_date = '2026-04-14'


    INSERT OR REPLACE INTO "pdd市场监控"
    (product_id, title, price, total_sales, monthly_sales, weekly_sales, daily_sales_tag, hot_sales, grabbed_sales, daily_increment, product_url, monitor_date, scrape_time) 
    VALUES ('758150701089', '沁园净水器10T大通量25微'/*+54 bytes*/, 379.0, NULL, NULL, NULL, 30.0, NULL, 6164.0, NULL, 'https://mobile.yangkeduo.com/goo'/*+29 bytes*/, '2026-04-14', datetime('now', 'localtime'))


    SELECT total_sales, price FROM "pdd市场监控"
    WHERE product_id = '268559052855' AND monitor_date = '2026-04-14'


    SELECT total_sales FROM "pdd市场监控"
    WHERE product_id = '268559052855' AND monitor_date = '2026-04-13'


    INSERT OR REPLACE INTO "pdd市场监控"
    (product_id, title, price, total_sales, monthly_sales, weekly_sales, daily_sales_tag, hot_sales, grabbed_sales, daily_increment, product_url, monitor_date, scrape_time) 
    VALUES ('268559052855', '官方正品净水壶3.5L家用滤'/*+48 bytes*/, 36.1, 124000.0, NULL, NULL, 60.0, NULL, NULL, 0.0, 'https://mobile.yangkeduo.com/goo'/*+29 bytes*/, '2026-04-14', datetime('now', 'localtime'))


    SELECT total_sales, price FROM "pdd市场监控"
    WHERE product_id = '131363133209' AND monitor_date = '2026-04-14'


    SELECT total_sales, price FROM "pdd市场监控"
    WHERE product_id = '635594987496' AND monitor_date = '2026-04-14'


    SELECT total_sales, price FROM "pdd市场监控"
    WHERE product_id = '654991409324' AND monitor_date = '2026-04-14'


    INSERT OR REPLACE INTO "pdd市场监控"
    (product_id, title, price, total_sales, monthly_sales, weekly_sales, daily_sales_tag, hot_sales, grabbed_sales, daily_increment, product_url, monitor_date, scrape_time) 
    VALUES ('654991409324', '世净城净水器10寸透明滤'/*+55 bytes*/, 15.94, NULL, NULL, NULL, 50.0, NULL, NULL, NULL, 'https://mobile.yangkeduo.com/goo'/*+29 bytes*/, '2026-04-14', datetime('now', 'localtime'))


    SELECT total_sales, price FROM "pdd市场监控"
    WHERE product_id = '868851073714' AND monitor_date = '2026-04-14'


    SELECT total_sales, price FROM "pdd市场监控"
    WHERE product_id = '209020621849' AND monitor_date = '2026-04-14'


    INSERT OR REPLACE INTO "pdd市场监控"
    (product_id, title, price, total_sales, monthly_sales, weekly_sales, daily_sales_tag, hot_sales, grabbed_sales, daily_increment, product_url, monitor_date, scrape_time) 
    VALUES ('209020621849', '美的净水器反渗透全屋保'/*+55 bytes*/, 809.0, NULL, NULL, NULL, 30.0, NULL, NULL, NULL, 'https://mobile.yangkeduo.com/goo'/*+29 bytes*/, '2026-04-14', datetime('now', 'localtime'))


    SELECT total_sales, price FROM "pdd市场监控"
    WHERE product_id = '872986550973' AND monitor_date = '2026-04-14'


    INSERT OR REPLACE INTO "pdd市场监控"
    (product_id, title, price, total_sales, monthly_sales, weekly_sales, daily_sales_tag, hot_sales, grabbed_sales, daily_increment, product_url, monitor_date, scrape_time) 
    VALUES ('872986550973', '沁园【TRULIVA】可直饮龙头'/*+51 bytes*/, 82.99, NULL, NULL, NULL, 100.0, NULL, NULL, NULL, 'https://mobile.yangkeduo.com/goo'/*+29 bytes*/, '2026-04-14', datetime('now', 'localtime'))


    SELECT total_sales, price FROM "pdd市场监控"
    WHERE product_id = '824870103252' AND monitor_date = '2026-04-14'


    INSERT OR REPLACE INTO "pdd市场监控"
    (product_id, title, price, total_sales, monthly_sales, weekly_sales, daily_sales_tag, hot_sales, grabbed_sales, daily_increment, product_url, monitor_date, scrape_time) 
    VALUES ('824870103252', '海尔新款净水器前置全屋'/*+51 bytes*/, 447.0, NULL, NULL, NULL, 40.0, NULL, NULL, NULL, 'https://mobile.yangkeduo.com/goo'/*+29 bytes*/, '2026-04-14', datetime('now', 'localtime'))


    SELECT total_sales, price FROM "pdd市场监控"
    WHERE product_id = '798619001655' AND monitor_date = '2026-04-14'


    INSERT OR REPLACE INTO "pdd市场监控"
    (product_id, title, price, total_sales, monthly_sales, weekly_sales, daily_sales_tag, hot_sales, grabbed_sales, daily_increment, product_url, monitor_date, scrape_time) 
    VALUES ('798619001655', '沁园TRULIVA可直饮净水器水'/*+51 bytes*/, 168.0, NULL, NULL, NULL, 60.0, NULL, NULL, NULL, 'https://mobile.yangkeduo.com/goo'/*+29 bytes*/, '2026-04-14', datetime('now', 'localtime'))


    SELECT total_sales, price FROM "pdd市场监控"
    WHERE product_id = '626312797718' AND monitor_date = '2026-04-14'


    SELECT total_sales, price FROM "pdd市场监控"
    WHERE product_id = '711881031979' AND monitor_date = '2026-04-14'


    SELECT total_sales, price FROM "pdd市场监控"
    WHERE product_id = '916995438281' AND monitor_date = '2026-04-14'


    INSERT OR REPLACE INTO "pdd市场监控"
    (product_id, title, price, total_sales, monthly_sales, weekly_sales, daily_sales_tag, hot_sales, grabbed_sales, daily_increment, product_url, monitor_date, scrape_time) 
    VALUES ('916995438281', '德克史帝夫正品304不锈钢'/*+54 bytes*/, 99.0, NULL, NULL, NULL, 50.0, NULL, NULL, NULL, 'https://mobile.yangkeduo.com/goo'/*+29 bytes*/, '2026-04-14', datetime('now', 'localtime'))


    SELECT total_sales, price FROM "pdd市场监控"
    WHERE product_id = '785356830165' AND monitor_date = '2026-04-14'


    SELECT total_sales, price FROM "pdd市场监控"
    WHERE product_id = '758150701089' AND monitor_date = '2026-04-14'


    INSERT OR REPLACE INTO "pdd市场监控"
    (product_id, title, price, total_sales, monthly_sales, weekly_sales, daily_sales_tag, hot_sales, grabbed_sales, daily_increment, product_url, monitor_date, scrape_time) 
    VALUES ('758150701089', '沁园净水器10T大通量25微'/*+54 bytes*/, 379.0, NULL, NULL, NULL, 30.0, NULL, NULL, NULL, 'https://mobile.yangkeduo.com/goo'/*+29 bytes*/, '2026-04-14', datetime('now', 'localtime'))


    SELECT total_sales, price FROM "pdd市场监控"
    WHERE product_id = '482649641294' AND monitor_date = '2026-04-14'


    INSERT OR REPLACE INTO "pdd市场监控"
    (product_id, title, price, total_sales, monthly_sales, weekly_sales, daily_sales_tag, hot_sales, grabbed_sales, daily_increment, product_url, monitor_date, scrape_time) 
    VALUES ('482649641294', '家用净水器RO反渗透出水'/*+57 bytes*/, 246.0, NULL, NULL, NULL, 30.0, NULL, NULL, NULL, 'https://mobile.yangkeduo.com/goo'/*+29 bytes*/, '2026-04-14', datetime('now', 'localtime'))


    SELECT total_sales, price FROM "pdd市场监控"
    WHERE product_id = '726880345881' AND monitor_date = '2026-04-14'


    SELECT total_sales, price FROM "pdd市场监控"
    WHERE product_id = '577776948901' AND monitor_date = '2026-04-14'


    INSERT OR REPLACE INTO "pdd市场监控"
    (product_id, title, price, total_sales, monthly_sales, weekly_sales, daily_sales_tag, hot_sales, grabbed_sales, daily_increment, product_url, monitor_date, scrape_time) 
    VALUES ('577776948901', '艾比克RO反渗透家用净水'/*+57 bytes*/, 314.0, NULL, NULL, 100.0, NULL, NULL, NULL, NULL, 'https://mobile.yangkeduo.com/goo'/*+29 bytes*/, '2026-04-14', datetime('now', 'localtime'))


    SELECT total_sales, price FROM "pdd市场监控"
    WHERE product_id = '5085107966' AND monitor_date = '2026-04-14'


    SELECT total_sales, price FROM "pdd市场监控"
    WHERE product_id = '268559052855' AND monitor_date = '2026-04-14'


    SELECT total_sales, price FROM "pdd市场监控"
    WHERE product_id = '694909780784' AND monitor_date = '2026-04-14'


    INSERT OR REPLACE INTO "pdd市场监控"
    (product_id, title, price, total_sales, monthly_sales, weekly_sales, daily_sales_tag, hot_sales, grabbed_sales, daily_increment, product_url, monitor_date, scrape_time) 
    VALUES ('694909780784', '飞利浦净水壶通用滤芯AW'/*+55 bytes*/, 46.46, NULL, NULL, NULL, 30.0, NULL, NULL, NULL, 'https://mobile.yangkeduo.com/goo'/*+29 bytes*/, '2026-04-14', datetime('now', 'localtime'))


    SELECT total_sales, price FROM "pdd市场监控"
    WHERE product_id = '786620855421' AND monitor_date = '2026-04-14'


    INSERT OR REPLACE INTO "pdd市场监控"
    (product_id, title, price, total_sales, monthly_sales, weekly_sales, daily_sales_tag, hot_sales, grabbed_sales, daily_increment, product_url, monitor_date, scrape_time) 
    VALUES ('786620855421', '美的净水器入户水管前置'/*+54 bytes*/, 316.0, NULL, NULL, NULL, 30.0, NULL, NULL, NULL, 'https://mobile.yangkeduo.com/goo'/*+29 bytes*/, '2026-04-14', datetime('now', 'localtime'))


    SELECT total_sales, price FROM "pdd市场监控"
    WHERE product_id = '613380551821' AND monitor_date = '2026-04-14'


    INSERT OR REPLACE INTO "pdd市场监控"
    (product_id, title, price, total_sales, monthly_sales, weekly_sales, daily_sales_tag, hot_sales, grabbed_sales, daily_increment, product_url, monitor_date, scrape_time) 
    VALUES ('613380551821', '安吉尔前置过滤器净水器'/*+57 bytes*/, 358.0, NULL, 432.0, NULL, NULL, NULL, NULL, NULL, 'https://mobile.yangkeduo.com/goo'/*+29 bytes*/, '2026-04-14', datetime('now', 'localtime'))


    SELECT total_sales, price FROM "pdd市场监控"
    WHERE product_id = '660062932893' AND monitor_date = '2026-04-14'


    INSERT OR REPLACE INTO "pdd市场监控"
    (product_id, title, price, total_sales, monthly_sales, weekly_sales, daily_sales_tag, hot_sales, grabbed_sales, daily_increment, product_url, monitor_date, scrape_time) 
    VALUES ('660062932893', '蜜雪.冰城、幸运.伽通用'/*+55 bytes*/, 900.0, NULL, NULL, NULL, NULL, NULL, NULL, NULL, 'https://mobile.yangkeduo.com/goo'/*+29 bytes*/, '2026-04-14', datetime('now', 'localtime'))


    SELECT total_sales, price FROM "pdd市场监控"
    WHERE product_id = '870650993137' AND monitor_date = '2026-04-14'


    INSERT OR REPLACE INTO "pdd市场监控"
    (product_id, title, price, total_sales, monthly_sales, weekly_sales, daily_sales_tag, hot_sales, grabbed_sales, daily_increment, product_url, monitor_date, scrape_time) 
    VALUES ('870650993137', '九阳净水壶自来水过滤器'/*+51 bytes*/, 81.1, NULL, NULL, NULL, NULL, NULL, NULL, NULL, 'https://mobile.yangkeduo.com/goo'/*+29 bytes*/, '2026-04-14', datetime('now', 'localtime'))


    SELECT total_sales, price FROM "pdd市场监控"
    WHERE product_id = '5085107966' AND monitor_date = '2026-04-14'


    SELECT total_sales, price FROM "pdd市场监控"
    WHERE product_id = '695280584927' AND monitor_date = '2026-04-14'


    INSERT OR REPLACE INTO "pdd市场监控"
    (product_id, title, price, total_sales, monthly_sales, weekly_sales, daily_sales_tag, hot_sales, grabbed_sales, daily_increment, product_url, monitor_date, scrape_time) 
    VALUES ('695280584927', '小米米家即热管线机套餐'/*+57 bytes*/, 874.98, NULL, NULL, NULL, NULL, NULL, NULL, NULL, 'https://mobile.yangkeduo.com/goo'/*+29 bytes*/, '2026-04-14', datetime('now', 'localtime'))


    SELECT total_sales, price FROM "pdd市场监控"
    WHERE product_id = '925797846179' AND monitor_date = '2026-04-14'


    INSERT OR REPLACE INTO "pdd市场监控"
    (product_id, title, price, total_sales, monthly_sales, weekly_sales, daily_sales_tag, hot_sales, grabbed_sales, daily_increment, product_url, monitor_date, scrape_time) 
    VALUES ('925797846179', '海尔净水器厨下直饮家用'/*+43 bytes*/, 1839.0, NULL, 474.0, NULL, NULL, NULL, NULL, NULL, 'https://mobile.yangkeduo.com/goo'/*+29 bytes*/, '2026-04-14', datetime('now', 'localtime'))


    SELECT total_sales, price FROM "pdd市场监控"
    WHERE product_id = '825814342487' AND monitor_date = '2026-04-14'


    INSERT OR REPLACE INTO "pdd市场监控"
    (product_id, title, price, total_sales, monthly_sales, weekly_sales, daily_sales_tag, hot_sales, grabbed_sales, daily_increment, product_url, monitor_date, scrape_time) 
    VALUES ('825814342487', '【官方正品】原装安利净'/*+56 bytes*/, 528.0, NULL, NULL, NULL, NULL, NULL, NULL, NULL, 'https://mobile.yangkeduo.com/goo'/*+29 bytes*/, '2026-04-14', datetime('now', 'localtime'))


    SELECT total_sales, price FROM "pdd市场监控"
    WHERE product_id = '868851073714' AND monitor_date = '2026-04-14'


    SELECT total_sales, price FROM "pdd市场监控"
    WHERE product_id = '798619001655' AND monitor_date = '2026-04-14'


    INSERT OR REPLACE INTO "pdd市场监控"
    (product_id, title, price, total_sales, monthly_sales, weekly_sales, daily_sales_tag, hot_sales, grabbed_sales, daily_increment, product_url, monitor_date, scrape_time) 
    VALUES ('798619001655', '沁园TRULIVA可直饮净水器水'/*+51 bytes*/, 208.0, NULL, NULL, NULL, 60.0, NULL, NULL, NULL, 'https://mobile.yangkeduo.com/goo'/*+29 bytes*/, '2026-04-14', datetime('now', 'localtime'))


    SELECT total_sales, price FROM "pdd市场监控"
    WHERE product_id = '785356830165' AND monitor_date = '2026-04-14'


    SELECT total_sales, price FROM "pdd市场监控"
    WHERE product_id = '915797572693' AND monitor_date = '2026-04-14'


    INSERT OR REPLACE INTO "pdd市场监控"
    (product_id, title, price, total_sales, monthly_sales, weekly_sales, daily_sales_tag, hot_sales, grabbed_sales, daily_increment, product_url, monitor_date, scrape_time) 
    VALUES ('915797572693', 'VIOMI云米净水器小海豚600'/*+45 bytes*/, 599.0, NULL, NULL, NULL, NULL, NULL, NULL, NULL, 'https://mobile.yangkeduo.com/goo'/*+29 bytes*/, '2026-04-14', datetime('now', 'localtime'))


    SELECT total_sales, price FROM "pdd市场监控"
    WHERE product_id = '882364625777' AND monitor_date = '2026-04-14'


    INSERT OR REPLACE INTO "pdd市场监控"
    (product_id, title, price, total_sales, monthly_sales, weekly_sales, daily_sales_tag, hot_sales, grabbed_sales, daily_increment, product_url, monitor_date, scrape_time) 
    VALUES ('882364625777', '美的净水器同比1200G大流'/*+48 bytes*/, 874.0, NULL, NULL, NULL, NULL, NULL, NULL, NULL, 'https://mobile.yangkeduo.com/goo'/*+29 bytes*/, '2026-04-14', datetime('now', 'localtime'))


    SELECT total_sales, price FROM "pdd市场监控"
    WHERE product_id = '347579110147' AND monitor_date = '2026-04-14'

COMMIT
💾 当前页面数据已成功清洗并写入 SQLite 数据库。
💤 模拟人工停顿 4109 毫秒...

========================================
⏳ 准备访问第 14/16 个网址: https://mobile.yangkeduo.com/sjs_cat_rank_list.html?list_id=3283500376324010801&scene_id=goods_detail%2Crelated_goods&list_sn=YWEGtVMYGg0VC3QLTOb19NLE&__list_version=2&_pdd_fs=1&_x_share_id=oELKkqautphRMeJh1GRwwa66ZXp7qveZ&refer_page_name=bangdan_list&refer_page_id=17542_1775702987487_i1tp7rnl8j&refer_page_sn=17542&page_from=69&activeTab=0
✅ 页面加载完成，开始检测登录状态...
🔓 状态正常：已识别到商品数据，免登陆直接放行！
🎉 成功提取到 17 条商品数据，进入数据清洗入库阶段...
BEGIN

    SELECT total_sales, price FROM "pdd市场监控"
    WHERE product_id = '202993631127' AND monitor_date = '2026-04-14'


    SELECT total_sales FROM "pdd市场监控"
    WHERE product_id = '202993631127' AND monitor_date = '2026-04-13'


    INSERT OR REPLACE INTO "pdd市场监控"
    (product_id, title, price, total_sales, monthly_sales, weekly_sales, daily_sales_tag, hot_sales, grabbed_sales, daily_increment, product_url, monitor_date, scrape_time) 
    VALUES ('202993631127', '长虹净水器家用直饮厨房'/*+57 bytes*/, 337.0, 587000.0, NULL, NULL, 100.0, NULL, NULL, 0.0, 'https://mobile.yangkeduo.com/goo'/*+29 bytes*/, '2026-04-14', datetime('now', 'localtime'))


    SELECT total_sales, price FROM "pdd市场监控"
    WHERE product_id = '389772889864' AND monitor_date = '2026-04-14'


    SELECT total_sales FROM "pdd市场监控"
    WHERE product_id = '389772889864' AND monitor_date = '2026-04-13'


    INSERT OR REPLACE INTO "pdd市场监控"
    (product_id, title, price, total_sales, monthly_sales, weekly_sales, daily_sales_tag, hot_sales, grabbed_sales, daily_increment, product_url, monitor_date, scrape_time) 
    VALUES ('389772889864', '美的15T大通量前置过滤器'/*+51 bytes*/, 275.0, 14000.0, NULL, NULL, 30.0, NULL, NULL, 0.0, 'https://mobile.yangkeduo.com/goo'/*+29 bytes*/, '2026-04-14', datetime('now', 'localtime'))


    SELECT total_sales, price FROM "pdd市场监控"
    WHERE product_id = '626312797718' AND monitor_date = '2026-04-14'


    SELECT total_sales FROM "pdd市场监控"
    WHERE product_id = '626312797718' AND monitor_date = '2026-04-13'


    INSERT OR REPLACE INTO "pdd市场监控"
    (product_id, title, price, total_sales, monthly_sales, weekly_sales, daily_sales_tag, hot_sales, grabbed_sales, daily_increment, product_url, monitor_date, scrape_time) 
    VALUES ('626312797718', '美的北极星超滤净水器家'/*+57 bytes*/, 539.0, 129000.0, NULL, 200.0, NULL, NULL, NULL, 0.0, 'https://mobile.yangkeduo.com/goo'/*+29 bytes*/, '2026-04-14', datetime('now', 'localtime'))


    SELECT total_sales, price FROM "pdd市场监控"
    WHERE product_id = '786620855421' AND monitor_date = '2026-04-14'


    INSERT OR REPLACE INTO "pdd市场监控"
    (product_id, title, price, total_sales, monthly_sales, weekly_sales, daily_sales_tag, hot_sales, grabbed_sales, daily_increment, product_url, monitor_date, scrape_time) 
    VALUES ('786620855421', '美的净水器入户水管前置'/*+54 bytes*/, 316.0, NULL, NULL, NULL, 30.0, NULL, 14000.0, NULL, 'https://mobile.yangkeduo.com/goo'/*+29 bytes*/, '2026-04-14', datetime('now', 'localtime'))


    SELECT total_sales, price FROM "pdd市场监控"
    WHERE product_id = '593888071009' AND monitor_date = '2026-04-14'


    INSERT OR REPLACE INTO "pdd市场监控"
    (product_id, title, price, total_sales, monthly_sales, weekly_sales, daily_sales_tag, hot_sales, grabbed_sales, daily_increment, product_url, monitor_date, scrape_time) 
    VALUES ('593888071009', '长虹净水器家用直饮自来'/*+51 bytes*/, 133.0, NULL, NULL, NULL, 40.0, NULL, 516000.0, NULL, 'https://mobile.yangkeduo.com/goo'/*+29 bytes*/, '2026-04-14', datetime('now', 'localtime'))


    SELECT total_sales, price FROM "pdd市场监控"
    WHERE product_id = '633229407539' AND monitor_date = '2026-04-14'


    INSERT OR REPLACE INTO "pdd市场监控"
    (product_id, title, price, total_sales, monthly_sales, weekly_sales, daily_sales_tag, hot_sales, grabbed_sales, daily_increment, product_url, monitor_date, scrape_time) 
    VALUES ('633229407539', '长虹净水器家用直饮不锈'/*+57 bytes*/, 368.0, NULL, NULL, NULL, 30.0, NULL, 502000.0, NULL, 'https://mobile.yangkeduo.com/goo'/*+29 bytes*/, '2026-04-14', datetime('now', 'localtime'))


    SELECT total_sales, price FROM "pdd市场监控"
    WHERE product_id = '921627872916' AND monitor_date = '2026-04-14'


    SELECT total_sales FROM "pdd市场监控"
    WHERE product_id = '921627872916' AND monitor_date = '2026-04-13'


    INSERT OR REPLACE INTO "pdd市场监控"
    (product_id, title, price, total_sales, monthly_sales, weekly_sales, daily_sales_tag, hot_sales, grabbed_sales, daily_increment, product_url, monitor_date, scrape_time) 
    VALUES ('921627872916', '海尔管线机HGRZ2318厨房家'/*+54 bytes*/, 479.0, 965.0, NULL, NULL, NULL, NULL, NULL, 16.0, 'https://mobile.yangkeduo.com/goo'/*+29 bytes*/, '2026-04-14', datetime('now', 'localtime'))


    SELECT total_sales, price FROM "pdd市场监控"
    WHERE product_id = '736780887569' AND monitor_date = '2026-04-14'


    SELECT total_sales FROM "pdd市场监控"
    WHERE product_id = '736780887569' AND monitor_date = '2026-04-13'


    INSERT OR REPLACE INTO "pdd市场监控"
    (product_id, title, price, total_sales, monthly_sales, weekly_sales, daily_sales_tag, hot_sales, grabbed_sales, daily_increment, product_url, monitor_date, scrape_time) 
    VALUES ('736780887569', '云米小海豚8T前置过滤器'/*+53 bytes*/, 143.9, 20000.0, 320.0, NULL, NULL, NULL, NULL, 0.0, 'https://mobile.yangkeduo.com/goo'/*+29 bytes*/, '2026-04-14', datetime('now', 'localtime'))


    SELECT total_sales, price FROM "pdd市场监控"
    WHERE product_id = '491197094742' AND monitor_date = '2026-04-14'


    INSERT OR REPLACE INTO "pdd市场监控"
    (product_id, title, price, total_sales, monthly_sales, weekly_sales, daily_sales_tag, hot_sales, grabbed_sales, daily_increment, product_url, monitor_date, scrape_time) 
    VALUES ('491197094742', '【2芯装】九阳净水器家用'/*+53 bytes*/, 77.4, NULL, NULL, NULL, NULL, NULL, 156.0, NULL, 'https://mobile.yangkeduo.com/goo'/*+29 bytes*/, '2026-04-14', datetime('now', 'localtime'))


    SELECT total_sales, price FROM "pdd市场监控"
    WHERE product_id = '458897903176' AND monitor_date = '2026-04-14'


    INSERT OR REPLACE INTO "pdd市场监控"
    (product_id, title, price, total_sales, monthly_sales, weekly_sales, daily_sales_tag, hot_sales, grabbed_sales, daily_increment, product_url, monitor_date, scrape_time) 
    VALUES ('458897903176', '美的家用净水器伴侣 超薄'/*+49 bytes*/, 1479.0, NULL, NULL, NULL, NULL, NULL, 838.0, NULL, 'https://mobile.yangkeduo.com/goo'/*+29 bytes*/, '2026-04-14', datetime('now', 'localtime'))


    SELECT total_sales, price FROM "pdd市场监控"
    WHERE product_id = '911579535573' AND monitor_date = '2026-04-14'


    INSERT OR REPLACE INTO "pdd市场监控"
    (product_id, title, price, total_sales, monthly_sales, weekly_sales, daily_sales_tag, hot_sales, grabbed_sales, daily_increment, product_url, monitor_date, scrape_time) 
    VALUES ('911579535573', 'AO史密斯佳尼特加热净水'/*+50 bytes*/, 4079.0, NULL, NULL, NULL, NULL, NULL, 54.0, NULL, 'https://mobile.yangkeduo.com/goo'/*+29 bytes*/, '2026-04-14', datetime('now', 'localtime'))


    SELECT total_sales, price FROM "pdd市场监控"
    WHERE product_id = '637064071655' AND monitor_date = '2026-04-14'


    SELECT total_sales FROM "pdd市场监控"
    WHERE product_id = '637064071655' AND monitor_date = '2026-04-13'


    INSERT OR REPLACE INTO "pdd市场监控"
    (product_id, title, price, total_sales, monthly_sales, weekly_sales, daily_sales_tag, hot_sales, grabbed_sales, daily_increment, product_url, monitor_date, scrape_time) 
    VALUES ('637064071655', '长虹净水器家用直饮不锈'/*+51 bytes*/, 549.0, 22000.0, NULL, NULL, NULL, NULL, NULL, 0.0, 'https://mobile.yangkeduo.com/goo'/*+29 bytes*/, '2026-04-14', datetime('now', 'localtime'))


    SELECT total_sales, price FROM "pdd市场监控"
    WHERE product_id = '468462684042' AND monitor_date = '2026-04-14'


    INSERT OR REPLACE INTO "pdd市场监控"
    (product_id, title, price, total_sales, monthly_sales, weekly_sales, daily_sales_tag, hot_sales, grabbed_sales, daily_increment, product_url, monitor_date, scrape_time) 
    VALUES ('468462684042', '长虹净水器家用直饮厨房'/*+57 bytes*/, 585.0, NULL, NULL, NULL, NULL, NULL, 53000.0, NULL, 'https://mobile.yangkeduo.com/goo'/*+29 bytes*/, '2026-04-14', datetime('now', 'localtime'))


    SELECT total_sales, price FROM "pdd市场监控"
    WHERE product_id = '798615726697' AND monitor_date = '2026-04-14'


    SELECT total_sales FROM "pdd市场监控"
    WHERE product_id = '798615726697' AND monitor_date = '2026-04-13'


    INSERT OR REPLACE INTO "pdd市场监控"
    (product_id, title, price, total_sales, monthly_sales, weekly_sales, daily_sales_tag, hot_sales, grabbed_sales, daily_increment, product_url, monitor_date, scrape_time) 
    VALUES ('798615726697', '长虹商用家用净水器直饮'/*+57 bytes*/, 915.0, 10000.0, NULL, NULL, NULL, NULL, NULL, NULL, 'https://mobile.yangkeduo.com/goo'/*+29 bytes*/, '2026-04-14', datetime('now', 'localtime'))


    SELECT total_sales, price FROM "pdd市场监控"
    WHERE product_id = '205740887267' AND monitor_date = '2026-04-14'


    SELECT total_sales FROM "pdd市场监控"
    WHERE product_id = '205740887267' AND monitor_date = '2026-04-13'


    INSERT OR REPLACE INTO "pdd市场监控"
    (product_id, title, price, total_sales, monthly_sales, weekly_sales, daily_sales_tag, hot_sales, grabbed_sales, daily_increment, product_url, monitor_date, scrape_time) 
    VALUES ('205740887267', 'HAIER海尔净水器家用全屋'/*+52 bytes*/, 1259.0, 221.0, NULL, NULL, NULL, NULL, NULL, 0.0, 'https://mobile.yangkeduo.com/goo'/*+29 bytes*/, '2026-04-14', datetime('now', 'localtime'))


    SELECT total_sales, price FROM "pdd市场监控"
    WHERE product_id = '687151628153' AND monitor_date = '2026-04-14'


    INSERT OR REPLACE INTO "pdd市场监控"
    (product_id, title, price, total_sales, monthly_sales, weekly_sales, daily_sales_tag, hot_sales, grabbed_sales, daily_increment, product_url, monitor_date, scrape_time) 
    VALUES ('687151628153', '艾美特自来水前置过滤器'/*+53 bytes*/, 207.0, NULL, NULL, NULL, NULL, NULL, 64.0, NULL, 'https://mobile.yangkeduo.com/goo'/*+29 bytes*/, '2026-04-14', datetime('now', 'localtime'))


    SELECT total_sales, price FROM "pdd市场监控"
    WHERE product_id = '925152160384' AND monitor_date = '2026-04-14'


    SELECT total_sales FROM "pdd市场监控"
    WHERE product_id = '925152160384' AND monitor_date = '2026-04-13'


    INSERT OR REPLACE INTO "pdd市场监控"
    (product_id, title, price, total_sales, monthly_sales, weekly_sales, daily_sales_tag, hot_sales, grabbed_sales, daily_increment, product_url, monitor_date, scrape_time) 
    VALUES ('925152160384', '松下前置过滤器家用大流'/*+54 bytes*/, 598.0, 10.0, NULL, NULL, NULL, NULL, NULL, 0.0, 'https://mobile.yangkeduo.com/goo'/*+29 bytes*/, '2026-04-14', datetime('now', 'localtime'))

COMMIT
💾 当前页面数据已成功清洗并写入 SQLite 数据库。
💤 模拟人工停顿 4320 毫秒...

========================================
⏳ 准备访问第 15/16 个网址: https://mobile.yangkeduo.com/sjs_cat_rank_list.html?list_id=3283598229711010801&scene_id=goods_detail%2Crelated_goods&list_sn=YWHuKajJrxFrhOUXq02UwzY8&__list_version=2&_pdd_fs=1&_x_share_id=oELKkqautphRMeJh1GRwwa66ZXp7qveZ&refer_page_name=bangdan_list&refer_page_id=17542_1775703037102_i81065qgyh&refer_page_sn=17542&page_from=69&activeTab=0
✅ 页面加载完成，开始检测登录状态...
🔓 状态正常：已识别到商品数据，免登陆直接放行！
🎉 成功提取到 14 条商品数据，进入数据清洗入库阶段...
BEGIN

    SELECT total_sales, price FROM "pdd市场监控"
    WHERE product_id = '606683594093' AND monitor_date = '2026-04-14'


    SELECT total_sales FROM "pdd市场监控"
    WHERE product_id = '606683594093' AND monitor_date = '2026-04-13'


    INSERT OR REPLACE INTO "pdd市场监控"
    (product_id, title, price, total_sales, monthly_sales, weekly_sales, daily_sales_tag, hot_sales, grabbed_sales, daily_increment, product_url, monitor_date, scrape_time) 
    VALUES ('606683594093', '【孙颖莎推荐】德国BRITA'/*+50 bytes*/, 99.0, 11000.0, NULL, 200.0, NULL, NULL, NULL, 0.0, 'https://mobile.yangkeduo.com/goo'/*+29 bytes*/, '2026-04-14', datetime('now', 'localtime'))


    SELECT total_sales, price FROM "pdd市场监控"
    WHERE product_id = '719291867242' AND monitor_date = '2026-04-14'


    SELECT total_sales FROM "pdd市场监控"
    WHERE product_id = '719291867242' AND monitor_date = '2026-04-13'


    INSERT OR REPLACE INTO "pdd市场监控"
    (product_id, title, price, total_sales, monthly_sales, weekly_sales, daily_sales_tag, hot_sales, grabbed_sales, daily_increment, product_url, monitor_date, scrape_time) 
    VALUES ('719291867242', '苏泊尔净水壶UF03过滤壶过'/*+33 bytes*/, 21.28, 113000.0, NULL, 100.0, NULL, NULL, NULL, 0.0, 'https://mobile.yangkeduo.com/goo'/*+29 bytes*/, '2026-04-14', datetime('now', 'localtime'))


    SELECT total_sales, price FROM "pdd市场监控"
    WHERE product_id = '492494824697' AND monitor_date = '2026-04-14'


    SELECT total_sales FROM "pdd市场监控"
    WHERE product_id = '492494824697' AND monitor_date = '2026-04-13'


    INSERT OR REPLACE INTO "pdd市场监控"
    (product_id, title, price, total_sales, monthly_sales, weekly_sales, daily_sales_tag, hot_sales, grabbed_sales, daily_increment, product_url, monitor_date, scrape_time) 
    VALUES ('492494824697', '已接入米家APP 净水器滤芯'/*+48 bytes*/, 588.0, 25000.0, 215.0, NULL, NULL, NULL, NULL, 0.0, 'https://mobile.yangkeduo.com/goo'/*+29 bytes*/, '2026-04-14', datetime('now', 'localtime'))


    SELECT total_sales, price FROM "pdd市场监控"
    WHERE product_id = '783621397638' AND monitor_date = '2026-04-14'


    INSERT OR REPLACE INTO "pdd市场监控"
    (product_id, title, price, total_sales, monthly_sales, weekly_sales, daily_sales_tag, hot_sales, grabbed_sales, daily_increment, product_url, monitor_date, scrape_time) 
    VALUES ('783621397638', '云米1键即热净水器X1滤芯'/*+50 bytes*/, 46.9, NULL, NULL, NULL, NULL, NULL, 1258.0, NULL, 'https://mobile.yangkeduo.com/goo'/*+29 bytes*/, '2026-04-14', datetime('now', 'localtime'))


    SELECT total_sales, price FROM "pdd市场监控"
    WHERE product_id = '456512093328' AND monitor_date = '2026-04-14'


    SELECT total_sales FROM "pdd市场监控"
    WHERE product_id = '456512093328' AND monitor_date = '2026-04-13'


    INSERT OR REPLACE INTO "pdd市场监控"
    (product_id, title, price, total_sales, monthly_sales, weekly_sales, daily_sales_tag, hot_sales, grabbed_sales, daily_increment, product_url, monitor_date, scrape_time) 
    VALUES ('456512093328', '苏泊尔净水器A6原装滤芯'/*+54 bytes*/, 21.14, 5869.0, 204.0, NULL, NULL, NULL, NULL, 9.0, 'https://mobile.yangkeduo.com/goo'/*+29 bytes*/, '2026-04-14', datetime('now', 'localtime'))


    SELECT total_sales, price FROM "pdd市场监控"
    WHERE product_id = '931323121082' AND monitor_date = '2026-04-14'


    INSERT OR REPLACE INTO "pdd市场监控"
    (product_id, title, price, total_sales, monthly_sales, weekly_sales, daily_sales_tag, hot_sales, grabbed_sales, daily_increment, product_url, monitor_date, scrape_time) 
    VALUES ('931323121082', '小米净水器反渗透滤芯(6'/*+13 bytes*/, 512.0, NULL, NULL, NULL, NULL, NULL, 29.0, NULL, 'https://mobile.yangkeduo.com/goo'/*+29 bytes*/, '2026-04-14', datetime('now', 'localtime'))


    SELECT total_sales, price FROM "pdd市场监控"
    WHERE product_id = '545939007105' AND monitor_date = '2026-04-14'


    INSERT OR REPLACE INTO "pdd市场监控"
    (product_id, title, price, total_sales, monthly_sales, weekly_sales, daily_sales_tag, hot_sales, grabbed_sales, daily_increment, product_url, monitor_date, scrape_time) 
    VALUES ('545939007105', '苏泊尔净水壶滤芯过滤壶'/*+47 bytes*/, 82.0, NULL, NULL, NULL, NULL, NULL, 5133.0, NULL, 'https://mobile.yangkeduo.com/goo'/*+29 bytes*/, '2026-04-14', datetime('now', 'localtime'))


    SELECT total_sales, price FROM "pdd市场监控"
    WHERE product_id = '788401208242' AND monitor_date = '2026-04-14'


    SELECT total_sales FROM "pdd市场监控"
    WHERE product_id = '788401208242' AND monitor_date = '2026-04-13'


    INSERT OR REPLACE INTO "pdd市场监控"
    (product_id, title, price, total_sales, monthly_sales, weekly_sales, daily_sales_tag, hot_sales, grabbed_sales, daily_increment, product_url, monitor_date, scrape_time) 
    VALUES ('788401208242', '长虹净水器家用厨房直饮'/*+57 bytes*/, 139.0, 2857.0, NULL, NULL, NULL, NULL, NULL, 2.0, 'https://mobile.yangkeduo.com/goo'/*+29 bytes*/, '2026-04-14', datetime('now', 'localtime'))


    SELECT total_sales, price FROM "pdd市场监控"
    WHERE product_id = '886728068379' AND monitor_date = '2026-04-14'


    SELECT total_sales FROM "pdd市场监控"
    WHERE product_id = '886728068379' AND monitor_date = '2026-04-13'


    INSERT OR REPLACE INTO "pdd市场监控"
    (product_id, title, price, total_sales, monthly_sales, weekly_sales, daily_sales_tag, hot_sales, grabbed_sales, daily_increment, product_url, monitor_date, scrape_time) 
    VALUES ('886728068379', '格力净水器原厂复合滤芯'/*+37 bytes*/, 493.0, 177.0, NULL, NULL, NULL, NULL, NULL, 0.0, 'https://mobile.yangkeduo.com/goo'/*+29 bytes*/, '2026-04-14', datetime('now', 'localtime'))


    SELECT total_sales, price FROM "pdd市场监控"
    WHERE product_id = '931806727141' AND monitor_date = '2026-04-14'


    SELECT total_sales FROM "pdd市场监控"
    WHERE product_id = '931806727141' AND monitor_date = '2026-04-13'


    INSERT OR REPLACE INTO "pdd市场监控"
    (product_id, title, price, total_sales, monthly_sales, weekly_sales, daily_sales_tag, hot_sales, grabbed_sales, daily_increment, product_url, monitor_date, scrape_time) 
    VALUES ('931806727141', '美的小钢炮玲珑净水器40'/*+40 bytes*/, 415.66, 236.0, NULL, NULL, NULL, NULL, NULL, 0.0, 'https://mobile.yangkeduo.com/goo'/*+29 bytes*/, '2026-04-14', datetime('now', 'localtime'))


    SELECT total_sales, price FROM "pdd市场监控"
    WHERE product_id = '860410187970' AND monitor_date = '2026-04-14'


    INSERT OR REPLACE INTO "pdd市场监控"
    (product_id, title, price, total_sales, monthly_sales, weekly_sales, daily_sales_tag, hot_sales, grabbed_sales, daily_increment, product_url, monitor_date, scrape_time) 
    VALUES ('860410187970', '安吉尔前置过滤器自动反'/*+45 bytes*/, 379.0, NULL, NULL, NULL, NULL, NULL, 21.0, NULL, 'https://mobile.yangkeduo.com/goo'/*+29 bytes*/, '2026-04-14', datetime('now', 'localtime'))


    SELECT total_sales, price FROM "pdd市场监控"
    WHERE product_id = '928831980868' AND monitor_date = '2026-04-14'


    SELECT total_sales FROM "pdd市场监控"
    WHERE product_id = '928831980868' AND monitor_date = '2026-04-13'


    INSERT OR REPLACE INTO "pdd市场监控"
    (product_id, title, price, total_sales, monthly_sales, weekly_sales, daily_sales_tag, hot_sales, grabbed_sales, daily_increment, product_url, monitor_date, scrape_time) 
    VALUES ('928831980868', '美的小钢炮玲珑净水机RO'/*+48 bytes*/, 415.0, 14.0, NULL, NULL, NULL, NULL, NULL, 0.0, 'https://mobile.yangkeduo.com/goo'/*+29 bytes*/, '2026-04-14', datetime('now', 'localtime'))


    SELECT total_sales, price FROM "pdd市场监控"
    WHERE product_id = '347525905519' AND monitor_date = '2026-04-14'


    SELECT total_sales FROM "pdd市场监控"
    WHERE product_id = '347525905519' AND monitor_date = '2026-04-13'


    INSERT OR REPLACE INTO "pdd市场监控"
    (product_id, title, price, total_sales, monthly_sales, weekly_sales, daily_sales_tag, hot_sales, grabbed_sales, daily_increment, product_url, monitor_date, scrape_time) 
    VALUES ('347525905519', '海尔家用净水器5023-3/5027'/*+43 bytes*/, 185.0, 2062.0, NULL, NULL, NULL, NULL, NULL, 0.0, 'https://mobile.yangkeduo.com/goo'/*+29 bytes*/, '2026-04-14', datetime('now', 'localtime'))


    SELECT total_sales, price FROM "pdd市场监控"
    WHERE product_id = '48199965409' AND monitor_date = '2026-04-14'


    SELECT total_sales FROM "pdd市场监控"
    WHERE product_id = '48199965409' AND monitor_date = '2026-04-13'


    INSERT OR REPLACE INTO "pdd市场监控"
    (product_id, title, price, total_sales, monthly_sales, weekly_sales, daily_sales_tag, hot_sales, grabbed_sales, daily_increment, product_url, monitor_date, scrape_time) 
    VALUES ('48199965409', '海尔家用净水器滤芯HRO75'/*+47 bytes*/, 32.9, 555.0, NULL, NULL, NULL, NULL, NULL, 0.0, 'https://mobile.yangkeduo.com/goo'/*+28 bytes*/, '2026-04-14', datetime('now', 'localtime'))

COMMIT
💾 当前页面数据已成功清洗并写入 SQLite 数据库。
💤 模拟人工停顿 4738 毫秒...

========================================
⏳ 准备访问第 16/16 个网址: https://mobile.yangkeduo.com/sjs_cat_rank_list.html?list_id=50781010204&scene_id=goods_detail%2Crelated_goods&list_sn=YWHxcqqnGstfrTZRvuZbf7eH&__list_version=2&_pdd_fs=1&_x_share_id=oELKkqautphRMeJh1GRwwa66ZXp7qveZ&refer_page_name=bangdan_list&refer_page_id=17542_1775702023473_odtept7ds1&refer_page_sn=17542&page_from=69&activeTab=1
✅ 页面加载完成，开始检测登录状态...
🔓 状态正常：已识别到商品数据，免登陆直接放行！
🎉 成功提取到 39 条商品数据，进入数据清洗入库阶段...
BEGIN

    SELECT total_sales, price FROM "pdd市场监控"
    WHERE product_id = '209020621849' AND monitor_date = '2026-04-14'


    INSERT OR REPLACE INTO "pdd市场监控"
    (product_id, title, price, total_sales, monthly_sales, weekly_sales, daily_sales_tag, hot_sales, grabbed_sales, daily_increment, product_url, monitor_date, scrape_time) 
    VALUES ('209020621849', '美的净水器反渗透全屋保'/*+55 bytes*/, 809.0, NULL, NULL, NULL, 30.0, NULL, 514000.0, NULL, 'https://mobile.yangkeduo.com/goo'/*+29 bytes*/, '2026-04-14', datetime('now', 'localtime'))


    SELECT total_sales, price FROM "pdd市场监控"
    WHERE product_id = '353140007622' AND monitor_date = '2026-04-14'


    SELECT total_sales FROM "pdd市场监控"
    WHERE product_id = '353140007622' AND monitor_date = '2026-04-13'


    INSERT OR REPLACE INTO "pdd市场监控"
    (product_id, title, price, total_sales, monthly_sales, weekly_sales, daily_sales_tag, hot_sales, grabbed_sales, daily_increment, product_url, monitor_date, scrape_time) 
    VALUES ('353140007622', '美的家用净水器 6年长效'/*+52 bytes*/, 1808.9, 13000.0, NULL, 100.0, NULL, NULL, NULL, 0.0, 'https://mobile.yangkeduo.com/goo'/*+29 bytes*/, '2026-04-14', datetime('now', 'localtime'))


    SELECT total_sales, price FROM "pdd市场监控"
    WHERE product_id = '389772889864' AND monitor_date = '2026-04-14'


    SELECT total_sales FROM "pdd市场监控"
    WHERE product_id = '389772889864' AND monitor_date = '2026-04-13'


    INSERT OR REPLACE INTO "pdd市场监控"
    (product_id, title, price, total_sales, monthly_sales, weekly_sales, daily_sales_tag, hot_sales, grabbed_sales, daily_increment, product_url, monitor_date, scrape_time) 
    VALUES ('389772889864', '美的15T大通量前置过滤器'/*+51 bytes*/, 275.0, 14000.0, NULL, NULL, 30.0, NULL, NULL, 0.0, 'https://mobile.yangkeduo.com/goo'/*+29 bytes*/, '2026-04-14', datetime('now', 'localtime'))


    SELECT total_sales, price FROM "pdd市场监控"
    WHERE product_id = '626312797718' AND monitor_date = '2026-04-14'


    SELECT total_sales FROM "pdd市场监控"
    WHERE product_id = '626312797718' AND monitor_date = '2026-04-13'


    INSERT OR REPLACE INTO "pdd市场监控"
    (product_id, title, price, total_sales, monthly_sales, weekly_sales, daily_sales_tag, hot_sales, grabbed_sales, daily_increment, product_url, monitor_date, scrape_time) 
    VALUES ('626312797718', '美的北极星超滤净水器家'/*+57 bytes*/, 539.0, 129000.0, NULL, 200.0, NULL, NULL, NULL, 0.0, 'https://mobile.yangkeduo.com/goo'/*+29 bytes*/, '2026-04-14', datetime('now', 'localtime'))


    SELECT total_sales, price FROM "pdd市场监控"
    WHERE product_id = '786620855421' AND monitor_date = '2026-04-14'


    INSERT OR REPLACE INTO "pdd市场监控"
    (product_id, title, price, total_sales, monthly_sales, weekly_sales, daily_sales_tag, hot_sales, grabbed_sales, daily_increment, product_url, monitor_date, scrape_time) 
    VALUES ('786620855421', '美的净水器入户水管前置'/*+54 bytes*/, 316.0, NULL, NULL, NULL, 30.0, NULL, 14000.0, NULL, 'https://mobile.yangkeduo.com/goo'/*+29 bytes*/, '2026-04-14', datetime('now', 'localtime'))


    SELECT total_sales, price FROM "pdd市场监控"
    WHERE product_id = '5085107966' AND monitor_date = '2026-04-14'


    SELECT total_sales FROM "pdd市场监控"
    WHERE product_id = '5085107966' AND monitor_date = '2026-04-13'


    INSERT OR REPLACE INTO "pdd市场监控"
    (product_id, title, price, total_sales, monthly_sales, weekly_sales, daily_sales_tag, hot_sales, grabbed_sales, daily_increment, product_url, monitor_date, scrape_time) 
    VALUES ('5085107966', '美的家用净水器直饮机厨'/*+41 bytes*/, 928.0, 187000.0, NULL, 100.0, NULL, NULL, NULL, 0.0, 'https://mobile.yangkeduo.com/goo'/*+27 bytes*/, '2026-04-14', datetime('now', 'localtime'))


    SELECT total_sales, price FROM "pdd市场监控"
    WHERE product_id = '347579110147' AND monitor_date = '2026-04-14'


    SELECT total_sales FROM "pdd市场监控"
    WHERE product_id = '347579110147' AND monitor_date = '2026-04-13'


    INSERT OR REPLACE INTO "pdd市场监控"
    (product_id, title, price, total_sales, monthly_sales, weekly_sales, daily_sales_tag, hot_sales, grabbed_sales, daily_increment, product_url, monitor_date, scrape_time) 
    VALUES ('347579110147', '美的星河净水器反渗透陶'/*+53 bytes*/, 2689.0, 502000.0, 404.0, NULL, NULL, NULL, NULL, 0.0, 'https://mobile.yangkeduo.com/goo'/*+29 bytes*/, '2026-04-14', datetime('now', 'localtime'))


    SELECT total_sales, price FROM "pdd市场监控"
    WHERE product_id = '605589037971' AND monitor_date = '2026-04-14'


    SELECT total_sales FROM "pdd市场监控"
    WHERE product_id = '605589037971' AND monitor_date = '2026-04-13'


    INSERT OR REPLACE INTO "pdd市场监控"
    (product_id, title, price, total_sales, monthly_sales, weekly_sales, daily_sales_tag, hot_sales, grabbed_sales, daily_increment, product_url, monitor_date, scrape_time) 
    VALUES ('605589037971', '美的家用净水器厨下安装'/*+54 bytes*/, 452.0, 523000.0, NULL, 100.0, NULL, NULL, NULL, NULL, 'https://mobile.yangkeduo.com/goo'/*+29 bytes*/, '2026-04-14', datetime('now', 'localtime'))


    SELECT total_sales, price FROM "pdd市场监控"
    WHERE product_id = '381325784135' AND monitor_date = '2026-04-14'


    SELECT total_sales FROM "pdd市场监控"
    WHERE product_id = '381325784135' AND monitor_date = '2026-04-13'


    INSERT OR REPLACE INTO "pdd市场监控"
    (product_id, title, price, total_sales, monthly_sales, weekly_sales, daily_sales_tag, hot_sales, grabbed_sales, daily_increment, product_url, monitor_date, scrape_time) 
    VALUES ('381325784135', '美的净水器家用陶氏5年R'/*+48 bytes*/, 1674.0, 1744.0, 239.0, NULL, NULL, NULL, NULL, NULL, 'https://mobile.yangkeduo.com/goo'/*+29 bytes*/, '2026-04-14', datetime('now', 'localtime'))


    SELECT total_sales, price FROM "pdd市场监控"
    WHERE product_id = '917687138596' AND monitor_date = '2026-04-14'


    SELECT total_sales FROM "pdd市场监控"
    WHERE product_id = '917687138596' AND monitor_date = '2026-04-13'


    INSERT OR REPLACE INTO "pdd市场监控"
    (product_id, title, price, total_sales, monthly_sales, weekly_sales, daily_sales_tag, hot_sales, grabbed_sales, daily_increment, product_url, monitor_date, scrape_time) 
    VALUES ('917687138596', '美的净水器1000G大通量母'/*+54 bytes*/, 1049.0, 194.0, NULL, NULL, NULL, NULL, NULL, 1.0, 'https://mobile.yangkeduo.com/goo'/*+29 bytes*/, '2026-04-14', datetime('now', 'localtime'))


    SELECT total_sales, price FROM "pdd市场监控"
    WHERE product_id = '758048911119' AND monitor_date = '2026-04-14'


    SELECT total_sales FROM "pdd市场监控"
    WHERE product_id = '758048911119' AND monitor_date = '2026-04-13'


    INSERT OR REPLACE INTO "pdd市场监控"
    (product_id, title, price, total_sales, monthly_sales, weekly_sales, daily_sales_tag, hot_sales, grabbed_sales, daily_increment, product_url, monitor_date, scrape_time) 
    VALUES ('758048911119', '美的净水器家用接近1200G'/*+54 bytes*/, 839.0, 18000.0, 389.0, NULL, NULL, NULL, NULL, 0.0, 'https://mobile.yangkeduo.com/goo'/*+29 bytes*/, '2026-04-14', datetime('now', 'localtime'))


    SELECT total_sales, price FROM "pdd市场监控"
    WHERE product_id = '848527848893' AND monitor_date = '2026-04-14'


    SELECT total_sales FROM "pdd市场监控"
    WHERE product_id = '848527848893' AND monitor_date = '2026-04-13'


    INSERT OR REPLACE INTO "pdd市场监控"
    (product_id, title, price, total_sales, monthly_sales, weekly_sales, daily_sales_tag, hot_sales, grabbed_sales, daily_increment, product_url, monitor_date, scrape_time) 
    VALUES ('848527848893', '美的弱碱净水器星河3.0矿'/*+47 bytes*/, 3047.0, 98.0, NULL, NULL, NULL, NULL, NULL, 10.0, 'https://mobile.yangkeduo.com/goo'/*+29 bytes*/, '2026-04-14', datetime('now', 'localtime'))


    SELECT total_sales, price FROM "pdd市场监控"
    WHERE product_id = '856971145601' AND monitor_date = '2026-04-14'


    INSERT OR REPLACE INTO "pdd市场监控"
    (product_id, title, price, total_sales, monthly_sales, weekly_sales, daily_sales_tag, hot_sales, grabbed_sales, daily_increment, product_url, monitor_date, scrape_time) 
    VALUES ('856971145601', '美的鲜矿水净水器双出水'/*+51 bytes*/, 2187.0, NULL, NULL, NULL, NULL, NULL, 356.0, NULL, 'https://mobile.yangkeduo.com/goo'/*+29 bytes*/, '2026-04-14', datetime('now', 'localtime'))


    SELECT total_sales, price FROM "pdd市场监控"
    WHERE product_id = '872010839953' AND monitor_date = '2026-04-14'


    INSERT OR REPLACE INTO "pdd市场监控"
    (product_id, title, price, total_sales, monthly_sales, weekly_sales, daily_sales_tag, hot_sales, grabbed_sales, daily_increment, product_url, monitor_date, scrape_time) 
    VALUES ('872010839953', '美的前置过滤器家用超15'/*+55 bytes*/, 459.9, NULL, 212.0, NULL, NULL, NULL, 456.0, NULL, 'https://mobile.yangkeduo.com/goo'/*+29 bytes*/, '2026-04-14', datetime('now', 'localtime'))


    SELECT total_sales, price FROM "pdd市场监控"
    WHERE product_id = '891321537259' AND monitor_date = '2026-04-14'


    INSERT OR REPLACE INTO "pdd市场监控"
    (product_id, title, price, total_sales, monthly_sales, weekly_sales, daily_sales_tag, hot_sales, grabbed_sales, daily_increment, product_url, monitor_date, scrape_time) 
    VALUES ('891321537259', '美的星河净矿2.0净水器12'/*+51 bytes*/, 2396.0, NULL, NULL, NULL, NULL, NULL, 25.0, NULL, 'https://mobile.yangkeduo.com/goo'/*+29 bytes*/, '2026-04-14', datetime('now', 'localtime'))


    SELECT total_sales, price FROM "pdd市场监控"
    WHERE product_id = '428434536561' AND monitor_date = '2026-04-14'


    SELECT total_sales FROM "pdd市场监控"
    WHERE product_id = '428434536561' AND monitor_date = '2026-04-13'


    INSERT OR REPLACE INTO "pdd市场监控"
    (product_id, title, price, total_sales, monthly_sales, weekly_sales, daily_sales_tag, hot_sales, grabbed_sales, daily_increment, product_url, monitor_date, scrape_time) 
    VALUES ('428434536561', '美的净水器家用直饮机RO'/*+55 bytes*/, 894.0, 10000.0, NULL, NULL, NULL, NULL, NULL, 0.0, 'https://mobile.yangkeduo.com/goo'/*+29 bytes*/, '2026-04-14', datetime('now', 'localtime'))


    SELECT total_sales, price FROM "pdd市场监控"
    WHERE product_id = '423406945889' AND monitor_date = '2026-04-14'


    INSERT OR REPLACE INTO "pdd市场监控"
    (product_id, title, price, total_sales, monthly_sales, weekly_sales, daily_sales_tag, hot_sales, grabbed_sales, daily_increment, product_url, monitor_date, scrape_time) 
    VALUES ('423406945889', '美的净水器家用厨房直饮'/*+52 bytes*/, 1206.07, NULL, NULL, NULL, NULL, NULL, 599.0, NULL, 'https://mobile.yangkeduo.com/goo'/*+29 bytes*/, '2026-04-14', datetime('now', 'localtime'))


    SELECT total_sales, price FROM "pdd市场监控"
    WHERE product_id = '896550700189' AND monitor_date = '2026-04-14'


    INSERT OR REPLACE INTO "pdd市场监控"
    (product_id, title, price, total_sales, monthly_sales, weekly_sales, daily_sales_tag, hot_sales, grabbed_sales, daily_increment, product_url, monitor_date, scrape_time) 
    VALUES ('896550700189', '美的净水器白月光1200GPRO'/*+52 bytes*/, 3049.0, NULL, NULL, NULL, NULL, NULL, 86.0, NULL, 'https://mobile.yangkeduo.com/goo'/*+29 bytes*/, '2026-04-14', datetime('now', 'localtime'))


    SELECT total_sales, price FROM "pdd市场监控"
    WHERE product_id = '659181857072' AND monitor_date = '2026-04-14'


    INSERT OR REPLACE INTO "pdd市场监控"
    (product_id, title, price, total_sales, monthly_sales, weekly_sales, daily_sales_tag, hot_sales, grabbed_sales, daily_increment, product_url, monitor_date, scrape_time) 
    VALUES ('659181857072', '【官翻机】美的净水器家'/*+52 bytes*/, 1109.0, NULL, NULL, NULL, NULL, NULL, 1186.0, NULL, 'https://mobile.yangkeduo.com/goo'/*+29 bytes*/, '2026-04-14', datetime('now', 'localtime'))


    SELECT total_sales, price FROM "pdd市场监控"
    WHERE product_id = '458897903176' AND monitor_date = '2026-04-14'


    INSERT OR REPLACE INTO "pdd市场监控"
    (product_id, title, price, total_sales, monthly_sales, weekly_sales, daily_sales_tag, hot_sales, grabbed_sales, daily_increment, product_url, monitor_date, scrape_time) 
    VALUES ('458897903176', '美的家用净水器伴侣 超薄'/*+49 bytes*/, 1479.0, NULL, NULL, NULL, NULL, NULL, 838.0, NULL, 'https://mobile.yangkeduo.com/goo'/*+29 bytes*/, '2026-04-14', datetime('now', 'localtime'))


    SELECT total_sales, price FROM "pdd市场监控"
    WHERE product_id = '5085107966' AND monitor_date = '2026-04-14'


    SELECT total_sales, price FROM "pdd市场监控"
    WHERE product_id = '882364625777' AND monitor_date = '2026-04-14'


    INSERT OR REPLACE INTO "pdd市场监控"
    (product_id, title, price, total_sales, monthly_sales, weekly_sales, daily_sales_tag, hot_sales, grabbed_sales, daily_increment, product_url, monitor_date, scrape_time) 
    VALUES ('882364625777', '美的净水器同比1200G大流'/*+48 bytes*/, 874.0, NULL, NULL, NULL, NULL, NULL, NULL, NULL, 'https://mobile.yangkeduo.com/goo'/*+29 bytes*/, '2026-04-14', datetime('now', 'localtime'))


    SELECT total_sales, price FROM "pdd市场监控"
    WHERE product_id = '347579110147' AND monitor_date = '2026-04-14'


    SELECT total_sales, price FROM "pdd市场监控"
    WHERE product_id = '209020621849' AND monitor_date = '2026-04-14'


    INSERT OR REPLACE INTO "pdd市场监控"
    (product_id, title, price, total_sales, monthly_sales, weekly_sales, daily_sales_tag, hot_sales, grabbed_sales, daily_increment, product_url, monitor_date, scrape_time) 
    VALUES ('209020621849', '美的净水器反渗透全屋保'/*+55 bytes*/, 809.0, NULL, NULL, NULL, 30.0, NULL, NULL, NULL, 'https://mobile.yangkeduo.com/goo'/*+29 bytes*/, '2026-04-14', datetime('now', 'localtime'))


    SELECT total_sales, price FROM "pdd市场监控"
    WHERE product_id = '458897903176' AND monitor_date = '2026-04-14'


    INSERT OR REPLACE INTO "pdd市场监控"
    (product_id, title, price, total_sales, monthly_sales, weekly_sales, daily_sales_tag, hot_sales, grabbed_sales, daily_increment, product_url, monitor_date, scrape_time) 
    VALUES ('458897903176', '美的家用净水器伴侣 超薄'/*+49 bytes*/, 1479.0, NULL, NULL, NULL, NULL, NULL, NULL, NULL, 'https://mobile.yangkeduo.com/goo'/*+29 bytes*/, '2026-04-14', datetime('now', 'localtime'))


    SELECT total_sales, price FROM "pdd市场监控"
    WHERE product_id = '872010839953' AND monitor_date = '2026-04-14'


    INSERT OR REPLACE INTO "pdd市场监控"
    (product_id, title, price, total_sales, monthly_sales, weekly_sales, daily_sales_tag, hot_sales, grabbed_sales, daily_increment, product_url, monitor_date, scrape_time) 
    VALUES ('872010839953', '美的前置过滤器家用超15'/*+55 bytes*/, 459.9, NULL, 212.0, NULL, NULL, NULL, NULL, NULL, 'https://mobile.yangkeduo.com/goo'/*+29 bytes*/, '2026-04-14', datetime('now', 'localtime'))


    SELECT total_sales, price FROM "pdd市场监控"
    WHERE product_id = '392968853596' AND monitor_date = '2026-04-14'


    INSERT OR REPLACE INTO "pdd市场监控"
    (product_id, title, price, total_sales, monthly_sales, weekly_sales, daily_sales_tag, hot_sales, grabbed_sales, daily_increment, product_url, monitor_date, scrape_time) 
    VALUES ('392968853596', '美的家用净水器 5年长效'/*+50 bytes*/, 3185.78, NULL, NULL, NULL, NULL, NULL, NULL, NULL, 'https://mobile.yangkeduo.com/goo'/*+29 bytes*/, '2026-04-14', datetime('now', 'localtime'))


    SELECT total_sales, price FROM "pdd市场监控"
    WHERE product_id = '571724488626' AND monitor_date = '2026-04-14'


    SELECT total_sales, price FROM "pdd市场监控"
    WHERE product_id = '758048911119' AND monitor_date = '2026-04-14'


    SELECT total_sales, price FROM "pdd市场监控"
    WHERE product_id = '326851167288' AND monitor_date = '2026-04-14'


    INSERT OR REPLACE INTO "pdd市场监控"
    (product_id, title, price, total_sales, monthly_sales, weekly_sales, daily_sales_tag, hot_sales, grabbed_sales, daily_increment, product_url, monitor_date, scrape_time) 
    VALUES ('326851167288', '美的净水器家用双出水大'/*+55 bytes*/, 809.0, NULL, NULL, NULL, NULL, NULL, NULL, NULL, 'https://mobile.yangkeduo.com/goo'/*+29 bytes*/, '2026-04-14', datetime('now', 'localtime'))


    SELECT total_sales, price FROM "pdd市场监控"
    WHERE product_id = '265149114182' AND monitor_date = '2026-04-14'


    INSERT OR REPLACE INTO "pdd市场监控"
    (product_id, title, price, total_sales, monthly_sales, weekly_sales, daily_sales_tag, hot_sales, grabbed_sales, daily_increment, product_url, monitor_date, scrape_time) 
    VALUES ('265149114182', '美的家用净水器1200G PRO 6'/*+51 bytes*/, 2659.0, NULL, NULL, NULL, NULL, NULL, NULL, NULL, 'https://mobile.yangkeduo.com/goo'/*+29 bytes*/, '2026-04-14', datetime('now', 'localtime'))


    SELECT total_sales, price FROM "pdd市场监控"
    WHERE product_id = '918975091470' AND monitor_date = '2026-04-14'


    INSERT OR REPLACE INTO "pdd市场监控"
    (product_id, title, price, total_sales, monthly_sales, weekly_sales, daily_sales_tag, hot_sales, grabbed_sales, daily_increment, product_url, monitor_date, scrape_time) 
    VALUES ('918975091470', '美的双出水净水器小体积'/*+56 bytes*/, 959.0, NULL, NULL, NULL, NULL, NULL, NULL, NULL, 'https://mobile.yangkeduo.com/goo'/*+29 bytes*/, '2026-04-14', datetime('now', 'localtime'))


    SELECT total_sales, price FROM "pdd市场监控"
    WHERE product_id = '230515442021' AND monitor_date = '2026-04-14'


    INSERT OR REPLACE INTO "pdd市场监控"
    (product_id, title, price, total_sales, monthly_sales, weekly_sales, daily_sales_tag, hot_sales, grabbed_sales, daily_increment, product_url, monitor_date, scrape_time) 
    VALUES ('230515442021', '美的净水器家用纯净双出'/*+53 bytes*/, 1809.0, NULL, NULL, NULL, NULL, NULL, NULL, NULL, 'https://mobile.yangkeduo.com/goo'/*+29 bytes*/, '2026-04-14', datetime('now', 'localtime'))


    SELECT total_sales, price FROM "pdd市场监控"
    WHERE product_id = '840921680294' AND monitor_date = '2026-04-14'


    INSERT OR REPLACE INTO "pdd市场监控"
    (product_id, title, price, total_sales, monthly_sales, weekly_sales, daily_sales_tag, hot_sales, grabbed_sales, daily_increment, product_url, monitor_date, scrape_time) 
    VALUES ('840921680294', '美的净水器1000PRO大通量双'/*+51 bytes*/, 1679.0, NULL, NULL, NULL, NULL, NULL, NULL, NULL, 'https://mobile.yangkeduo.com/goo'/*+29 bytes*/, '2026-04-14', datetime('now', 'localtime'))


    SELECT total_sales, price FROM "pdd市场监控"
    WHERE product_id = '353140007622' AND monitor_date = '2026-04-14'


    SELECT total_sales, price FROM "pdd市场监控"
    WHERE product_id = '428434536561' AND monitor_date = '2026-04-14'


    SELECT total_sales, price FROM "pdd市场监控"
    WHERE product_id = '411572747691' AND monitor_date = '2026-04-14'


    SELECT total_sales, price FROM "pdd市场监控"
    WHERE product_id = '251362109724' AND monitor_date = '2026-04-14'


    INSERT OR REPLACE INTO "pdd市场监控"
    (product_id, title, price, total_sales, monthly_sales, weekly_sales, daily_sales_tag, hot_sales, grabbed_sales, daily_increment, product_url, monitor_date, scrape_time) 
    VALUES ('251362109724', '美的管线机壁挂式即热即'/*+52 bytes*/, 1014.09, NULL, NULL, NULL, NULL, NULL, NULL, NULL, 'https://mobile.yangkeduo.com/goo'/*+29 bytes*/, '2026-04-14', datetime('now', 'localtime'))


    SELECT total_sales, price FROM "pdd市场监控"
    WHERE product_id = '639976240968' AND monitor_date = '2026-04-14'


    INSERT OR REPLACE INTO "pdd市场监控"
    (product_id, title, price, total_sales, monthly_sales, weekly_sales, daily_sales_tag, hot_sales, grabbed_sales, daily_increment, product_url, monitor_date, scrape_time) 
    VALUES ('639976240968', '美的净水器家用管线机速'/*+53 bytes*/, 2241.0, NULL, NULL, NULL, NULL, NULL, NULL, NULL, 'https://mobile.yangkeduo.com/goo'/*+29 bytes*/, '2026-04-14', datetime('now', 'localtime'))

COMMIT
💾 当前页面数据已成功清洗并写入 SQLite 数据库。
💤 模拟人工停顿 4664 毫秒...

========================================
🎯 任务结束！
[ 9:51:54.69] ==============================================
[ 9:51:54.69] 任务流结束。

=======================================================
[2026/04/15/周三  9:35:01.29] 拼多多自动化定时任务触发
=======================================================
The system cannot find the path specified.
[ 9:35:01.29] ----------------------------------------------
[ 9:35:01.29] 启动阶段一：00-PDD_Unified_Full_Task.cjs
[系统日志] 数据库预定路径已解析为: D:\WorkSpace\00_Shared_Database数据库\TmallDataCenter.db

======================================================
🚀 开始执行综合业务轮询: 【云米拼多多官方旗舰店】
======================================================

--- 📦 [任务 1/2] 启动【订单报表】同步 (回溯 30 天) ---
✅ 订单数据库最新。

--- 📈 [任务 2/2] 启动【推广报表】抓取 (基于数据库查漏) ---

🔍 正在查询数据库寻找 [云米拼多多官方旗舰店] 缺失的推广报表日期...
 -> 数据库已存 15 天，缺失 0 天。
✅ [云米拼多多官方旗舰店] 的推广报表数据已在数据库中完整，无需操作。
🏁 店铺 【云米拼多多官方旗舰店】 业务收尾完成。

======================================================
🚀 开始执行综合业务轮询: 【云米拼多多专卖店_新店】
======================================================

--- 📦 [任务 1/2] 启动【订单报表】同步 (回溯 30 天) ---
✅ 订单数据库最新。

--- 📈 [任务 2/2] 启动【推广报表】抓取 (基于数据库查漏) ---

🔍 正在查询数据库寻找 [云米拼多多专卖店_新店] 缺失的推广报表日期...
 -> 数据库已存 15 天，缺失 0 天。
✅ [云米拼多多专卖店_新店] 的推广报表数据已在数据库中完整，无需操作。
🏁 店铺 【云米拼多多专卖店_新店】 业务收尾完成。

🎉 所有店铺【订单+推广】自动化数据同步任务圆满完成！
[ 9:35:01.29] ----------------------------------------------
[ 9:35:01.29] 启动阶段二：pddprice-scraper.cjs
🔗 数据库已成功挂载至中心位置: D:\WorkSpace\00_Shared_Database数据库\TmallDataCenter.db
CREATE TABLE IF NOT EXISTS "pdd市场监控" (
        id INTEGER PRIMARY KEY AUTOINCREMENT,
        product_id TEXT,        
        title TEXT,             
        price REAL,             
        total_sales INTEGER,    
        monthly_sales INTEGER,  
        weekly_sales INTEGER,   
        daily_sales_tag INTEGER,
        hot_sales INTEGER,      
        grabbed_sales INTEGER,  
        daily_increment INTEGER,
        product_url TEXT,       
        monitor_date DATE,   
        scrape_time DATETIME DEFAULT CURRENT_TIMESTAMP,
        UNIQUE(product_id, monitor_date) 
    )

🚀 正在启动带有反爬虫伪装的浏览器实例...

========================================
⏳ 准备访问第 1/16 个网址: https://mobile.yangkeduo.com/sjs_cat_rank_list.html?list_id=3283500946001010801&list_sn=YWGBa9o9B_lmiaes3Jhw_xjc&__list_version=2&_pdd_fs=1&_pdd_tc=ffffff&_pdd_sbs=1&scene_id=goods_detail&display_type=base&refer_page_name=goods_detail&refer_page_id=10014_1775610902771_ppiz639h56&refer_page_sn=10014&activeTab=0
✅ 页面加载完成，开始检测登录状态...
🔓 状态正常：已识别到商品数据，免登陆直接放行！
🎉 成功提取到 20 条商品数据，进入数据清洗入库阶段...
BEGIN

    SELECT total_sales, price FROM "pdd市场监控"
    WHERE product_id = '209020621849' AND monitor_date = '2026-04-15'


    INSERT OR REPLACE INTO "pdd市场监控"
    (product_id, title, price, total_sales, monthly_sales, weekly_sales, daily_sales_tag, hot_sales, grabbed_sales, daily_increment, product_url, monitor_date, scrape_time) 
    VALUES ('209020621849', '美的净水器反渗透全屋保'/*+55 bytes*/, 809.0, NULL, NULL, NULL, 30.0, NULL, 514000.0, NULL, 'https://mobile.yangkeduo.com/goo'/*+29 bytes*/, '2026-04-15', datetime('now', 'localtime'))


    SELECT total_sales, price FROM "pdd市场监控"
    WHERE product_id = '353140007622' AND monitor_date = '2026-04-15'


    SELECT total_sales FROM "pdd市场监控"
    WHERE product_id = '353140007622' AND monitor_date = '2026-04-14'


    INSERT OR REPLACE INTO "pdd市场监控"
    (product_id, title, price, total_sales, monthly_sales, weekly_sales, daily_sales_tag, hot_sales, grabbed_sales, daily_increment, product_url, monitor_date, scrape_time) 
    VALUES ('353140007622', '美的家用净水器 6年长效'/*+52 bytes*/, 1808.9, 13000.0, NULL, 100.0, NULL, NULL, NULL, 0.0, 'https://mobile.yangkeduo.com/goo'/*+29 bytes*/, '2026-04-15', datetime('now', 'localtime'))


    SELECT total_sales, price FROM "pdd市场监控"
    WHERE product_id = '389772889864' AND monitor_date = '2026-04-15'


    SELECT total_sales FROM "pdd市场监控"
    WHERE product_id = '389772889864' AND monitor_date = '2026-04-14'


    INSERT OR REPLACE INTO "pdd市场监控"
    (product_id, title, price, total_sales, monthly_sales, weekly_sales, daily_sales_tag, hot_sales, grabbed_sales, daily_increment, product_url, monitor_date, scrape_time) 
    VALUES ('389772889864', '美的15T大通量前置过滤器'/*+51 bytes*/, 275.0, 14000.0, NULL, NULL, 40.0, NULL, NULL, 0.0, 'https://mobile.yangkeduo.com/goo'/*+29 bytes*/, '2026-04-15', datetime('now', 'localtime'))


    SELECT total_sales, price FROM "pdd市场监控"
    WHERE product_id = '626312797718' AND monitor_date = '2026-04-15'


    SELECT total_sales FROM "pdd市场监控"
    WHERE product_id = '626312797718' AND monitor_date = '2026-04-14'


    INSERT OR REPLACE INTO "pdd市场监控"
    (product_id, title, price, total_sales, monthly_sales, weekly_sales, daily_sales_tag, hot_sales, grabbed_sales, daily_increment, product_url, monitor_date, scrape_time) 
    VALUES ('626312797718', '美的北极星超滤净水器家'/*+57 bytes*/, 539.0, 129000.0, NULL, 200.0, NULL, NULL, NULL, 0.0, 'https://mobile.yangkeduo.com/goo'/*+29 bytes*/, '2026-04-15', datetime('now', 'localtime'))


    SELECT total_sales, price FROM "pdd市场监控"
    WHERE product_id = '786620855421' AND monitor_date = '2026-04-15'


    INSERT OR REPLACE INTO "pdd市场监控"
    (product_id, title, price, total_sales, monthly_sales, weekly_sales, daily_sales_tag, hot_sales, grabbed_sales, daily_increment, product_url, monitor_date, scrape_time) 
    VALUES ('786620855421', '美的净水器入户水管前置'/*+54 bytes*/, 316.0, NULL, NULL, NULL, 30.0, NULL, 14000.0, NULL, 'https://mobile.yangkeduo.com/goo'/*+29 bytes*/, '2026-04-15', datetime('now', 'localtime'))


    SELECT total_sales, price FROM "pdd市场监控"
    WHERE product_id = '5085107966' AND monitor_date = '2026-04-15'


    SELECT total_sales FROM "pdd市场监控"
    WHERE product_id = '5085107966' AND monitor_date = '2026-04-14'


    INSERT OR REPLACE INTO "pdd市场监控"
    (product_id, title, price, total_sales, monthly_sales, weekly_sales, daily_sales_tag, hot_sales, grabbed_sales, daily_increment, product_url, monitor_date, scrape_time) 
    VALUES ('5085107966', '美的家用净水器直饮机厨'/*+41 bytes*/, 928.0, 187000.0, NULL, 100.0, NULL, NULL, NULL, 0.0, 'https://mobile.yangkeduo.com/goo'/*+27 bytes*/, '2026-04-15', datetime('now', 'localtime'))


    SELECT total_sales, price FROM "pdd市场监控"
    WHERE product_id = '347579110147' AND monitor_date = '2026-04-15'


    SELECT total_sales FROM "pdd市场监控"
    WHERE product_id = '347579110147' AND monitor_date = '2026-04-14'


    INSERT OR REPLACE INTO "pdd市场监控"
    (product_id, title, price, total_sales, monthly_sales, weekly_sales, daily_sales_tag, hot_sales, grabbed_sales, daily_increment, product_url, monitor_date, scrape_time) 
    VALUES ('347579110147', '美的星河净水器反渗透陶'/*+53 bytes*/, 2689.0, 502000.0, 399.0, NULL, NULL, NULL, NULL, 0.0, 'https://mobile.yangkeduo.com/goo'/*+29 bytes*/, '2026-04-15', datetime('now', 'localtime'))


    SELECT total_sales, price FROM "pdd市场监控"
    WHERE product_id = '381325784135' AND monitor_date = '2026-04-15'


    SELECT total_sales FROM "pdd市场监控"
    WHERE product_id = '381325784135' AND monitor_date = '2026-04-14'


    INSERT OR REPLACE INTO "pdd市场监控"
    (product_id, title, price, total_sales, monthly_sales, weekly_sales, daily_sales_tag, hot_sales, grabbed_sales, daily_increment, product_url, monitor_date, scrape_time) 
    VALUES ('381325784135', '美的净水器家用陶氏5年R'/*+48 bytes*/, 1674.0, 1757.0, 250.0, NULL, NULL, NULL, NULL, 13.0, 'https://mobile.yangkeduo.com/goo'/*+29 bytes*/, '2026-04-15', datetime('now', 'localtime'))


    SELECT total_sales, price FROM "pdd市场监控"
    WHERE product_id = '758048911119' AND monitor_date = '2026-04-15'


    SELECT total_sales FROM "pdd市场监控"
    WHERE product_id = '758048911119' AND monitor_date = '2026-04-14'


    INSERT OR REPLACE INTO "pdd市场监控"
    (product_id, title, price, total_sales, monthly_sales, weekly_sales, daily_sales_tag, hot_sales, grabbed_sales, daily_increment, product_url, monitor_date, scrape_time) 
    VALUES ('758048911119', '美的净水器家用接近1200G'/*+54 bytes*/, 809.54, 18000.0, 390.0, NULL, NULL, NULL, NULL, 0.0, 'https://mobile.yangkeduo.com/goo'/*+29 bytes*/, '2026-04-15', datetime('now', 'localtime'))


    SELECT total_sales, price FROM "pdd市场监控"
    WHERE product_id = '917687138596' AND monitor_date = '2026-04-15'


    SELECT total_sales FROM "pdd市场监控"
    WHERE product_id = '917687138596' AND monitor_date = '2026-04-14'


    INSERT OR REPLACE INTO "pdd市场监控"
    (product_id, title, price, total_sales, monthly_sales, weekly_sales, daily_sales_tag, hot_sales, grabbed_sales, daily_increment, product_url, monitor_date, scrape_time) 
    VALUES ('917687138596', '美的净水器1000G大通量母'/*+54 bytes*/, 1049.0, 201.0, NULL, NULL, NULL, NULL, NULL, 7.0, 'https://mobile.yangkeduo.com/goo'/*+29 bytes*/, '2026-04-15', datetime('now', 'localtime'))


    SELECT total_sales, price FROM "pdd市场监控"
    WHERE product_id = '535803886887' AND monitor_date = '2026-04-15'


    INSERT OR REPLACE INTO "pdd市场监控"
    (product_id, title, price, total_sales, monthly_sales, weekly_sales, daily_sales_tag, hot_sales, grabbed_sales, daily_increment, product_url, monitor_date, scrape_time) 
    VALUES ('535803886887', '美的家用净水器 厨下式1'/*+50 bytes*/, 1674.0, NULL, 346.0, NULL, NULL, NULL, 5067.0, NULL, 'https://mobile.yangkeduo.com/goo'/*+29 bytes*/, '2026-04-15', datetime('now', 'localtime'))


    SELECT total_sales, price FROM "pdd市场监控"
    WHERE product_id = '856971145601' AND monitor_date = '2026-04-15'


    INSERT OR REPLACE INTO "pdd市场监控"
    (product_id, title, price, total_sales, monthly_sales, weekly_sales, daily_sales_tag, hot_sales, grabbed_sales, daily_increment, product_url, monitor_date, scrape_time) 
    VALUES ('856971145601', '美的鲜矿水净水器双出水'/*+51 bytes*/, 2187.0, NULL, NULL, NULL, NULL, NULL, 356.0, NULL, 'https://mobile.yangkeduo.com/goo'/*+29 bytes*/, '2026-04-15', datetime('now', 'localtime'))


    SELECT total_sales, price FROM "pdd市场监控"
    WHERE product_id = '186920233423' AND monitor_date = '2026-04-15'


    INSERT OR REPLACE INTO "pdd市场监控"
    (product_id, title, price, total_sales, monthly_sales, weekly_sales, daily_sales_tag, hot_sales, grabbed_sales, daily_increment, product_url, monitor_date, scrape_time) 
    VALUES ('186920233423', '美的净水器家用前置过滤'/*+57 bytes*/, 520.0, NULL, NULL, NULL, NULL, NULL, 5949.0, NULL, 'https://mobile.yangkeduo.com/goo'/*+29 bytes*/, '2026-04-15', datetime('now', 'localtime'))


    SELECT total_sales, price FROM "pdd市场监控"
    WHERE product_id = '872010839953' AND monitor_date = '2026-04-15'


    INSERT OR REPLACE INTO "pdd市场监控"
    (product_id, title, price, total_sales, monthly_sales, weekly_sales, daily_sales_tag, hot_sales, grabbed_sales, daily_increment, product_url, monitor_date, scrape_time) 
    VALUES ('872010839953', '美的前置过滤器家用超15'/*+55 bytes*/, 459.9, NULL, 213.0, NULL, NULL, NULL, 462.0, NULL, 'https://mobile.yangkeduo.com/goo'/*+29 bytes*/, '2026-04-15', datetime('now', 'localtime'))


    SELECT total_sales, price FROM "pdd市场监控"
    WHERE product_id = '458897903176' AND monitor_date = '2026-04-15'


    INSERT OR REPLACE INTO "pdd市场监控"
    (product_id, title, price, total_sales, monthly_sales, weekly_sales, daily_sales_tag, hot_sales, grabbed_sales, daily_increment, product_url, monitor_date, scrape_time) 
    VALUES ('458897903176', '美的家用净水器伴侣 超薄'/*+49 bytes*/, 1479.0, NULL, NULL, NULL, NULL, NULL, 845.0, NULL, 'https://mobile.yangkeduo.com/goo'/*+29 bytes*/, '2026-04-15', datetime('now', 'localtime'))


    SELECT total_sales, price FROM "pdd市场监控"
    WHERE product_id = '428434536561' AND monitor_date = '2026-04-15'


    SELECT total_sales FROM "pdd市场监控"
    WHERE product_id = '428434536561' AND monitor_date = '2026-04-14'


    INSERT OR REPLACE INTO "pdd市场监控"
    (product_id, title, price, total_sales, monthly_sales, weekly_sales, daily_sales_tag, hot_sales, grabbed_sales, daily_increment, product_url, monitor_date, scrape_time) 
    VALUES ('428434536561', '美的净水器家用直饮机RO'/*+55 bytes*/, 894.0, 10000.0, NULL, NULL, NULL, NULL, NULL, 0.0, 'https://mobile.yangkeduo.com/goo'/*+29 bytes*/, '2026-04-15', datetime('now', 'localtime'))


    SELECT total_sales, price FROM "pdd市场监控"
    WHERE product_id = '423406945889' AND monitor_date = '2026-04-15'


    INSERT OR REPLACE INTO "pdd市场监控"
    (product_id, title, price, total_sales, monthly_sales, weekly_sales, daily_sales_tag, hot_sales, grabbed_sales, daily_increment, product_url, monitor_date, scrape_time) 
    VALUES ('423406945889', '美的净水器家用厨房直饮'/*+52 bytes*/, 1206.07, NULL, NULL, NULL, NULL, NULL, 600.0, NULL, 'https://mobile.yangkeduo.com/goo'/*+29 bytes*/, '2026-04-15', datetime('now', 'localtime'))


    SELECT total_sales, price FROM "pdd市场监控"
    WHERE product_id = '896550700189' AND monitor_date = '2026-04-15'


    INSERT OR REPLACE INTO "pdd市场监控"
    (product_id, title, price, total_sales, monthly_sales, weekly_sales, daily_sales_tag, hot_sales, grabbed_sales, daily_increment, product_url, monitor_date, scrape_time) 
    VALUES ('896550700189', '美的净水器白月光1200GPRO'/*+52 bytes*/, 3049.0, NULL, NULL, NULL, NULL, NULL, 88.0, NULL, 'https://mobile.yangkeduo.com/goo'/*+29 bytes*/, '2026-04-15', datetime('now', 'localtime'))


    SELECT total_sales, price FROM "pdd市场监控"
    WHERE product_id = '857375738478' AND monitor_date = '2026-04-15'


    INSERT OR REPLACE INTO "pdd市场监控"
    (product_id, title, price, total_sales, monthly_sales, weekly_sales, daily_sales_tag, hot_sales, grabbed_sales, daily_increment, product_url, monitor_date, scrape_time) 
    VALUES ('857375738478', '美的净水器母婴级家用直'/*+53 bytes*/, 1309.0, NULL, NULL, NULL, NULL, NULL, 487.0, NULL, 'https://mobile.yangkeduo.com/goo'/*+29 bytes*/, '2026-04-15', datetime('now', 'localtime'))


    SELECT total_sales, price FROM "pdd市场监控"
    WHERE product_id = '230515442021' AND monitor_date = '2026-04-15'


    INSERT OR REPLACE INTO "pdd市场监控"
    (product_id, title, price, total_sales, monthly_sales, weekly_sales, daily_sales_tag, hot_sales, grabbed_sales, daily_increment, product_url, monitor_date, scrape_time) 
    VALUES ('230515442021', '美的净水器家用纯净双出'/*+53 bytes*/, 1809.0, NULL, NULL, NULL, NULL, NULL, 1090.0, NULL, 'https://mobile.yangkeduo.com/goo'/*+29 bytes*/, '2026-04-15', datetime('now', 'localtime'))

COMMIT
💾 当前页面数据已成功清洗并写入 SQLite 数据库。
💤 模拟人工停顿 3040 毫秒...

========================================
⏳ 准备访问第 2/16 个网址: https://mobile.yangkeduo.com/sjs_cat_rank_list.html?list_id=158438010201&scene_id=goods_detail%2Crelated_goods&list_sn=YWGKOjNRP-SpmKbvEED5Q9J3&__list_version=2&_pdd_fs=1&refer_page_name=bangdan_list&refer_page_id=17542_1775617970181_16m6qofvrv&refer_page_sn=17542&page_from=69&activeTab=0
✅ 页面加载完成，开始检测登录状态...
🔓 状态正常：已识别到商品数据，免登陆直接放行！
🎉 成功提取到 25 条商品数据，进入数据清洗入库阶段...
BEGIN

    SELECT total_sales, price FROM "pdd市场监控"
    WHERE product_id = '868851073714' AND monitor_date = '2026-04-15'


    SELECT total_sales FROM "pdd市场监控"
    WHERE product_id = '868851073714' AND monitor_date = '2026-04-14'


    INSERT OR REPLACE INTO "pdd市场监控"
    (product_id, title, price, total_sales, monthly_sales, weekly_sales, daily_sales_tag, hot_sales, grabbed_sales, daily_increment, product_url, monitor_date, scrape_time) 
    VALUES ('868851073714', 'VIOMI云米小海豚3 厨下净水'/*+39 bytes*/, 499.0, 1354.0, NULL, 100.0, NULL, NULL, NULL, 16.0, 'https://mobile.yangkeduo.com/goo'/*+29 bytes*/, '2026-04-15', datetime('now', 'localtime'))


    SELECT total_sales, price FROM "pdd市场监控"
    WHERE product_id = '885690465484' AND monitor_date = '2026-04-15'


    SELECT total_sales FROM "pdd市场监控"
    WHERE product_id = '885690465484' AND monitor_date = '2026-04-14'


    INSERT OR REPLACE INTO "pdd市场监控"
    (product_id, title, price, total_sales, monthly_sales, weekly_sales, daily_sales_tag, hot_sales, grabbed_sales, daily_increment, product_url, monitor_date, scrape_time) 
    VALUES ('885690465484', 'VIOMI云米净水器小海豚600'/*+43 bytes*/, 559.0, 29000.0, NULL, NULL, 30.0, NULL, NULL, NULL, 'https://mobile.yangkeduo.com/goo'/*+29 bytes*/, '2026-04-15', datetime('now', 'localtime'))


    SELECT total_sales, price FROM "pdd市场监控"
    WHERE product_id = '736780887569' AND monitor_date = '2026-04-15'


    SELECT total_sales FROM "pdd市场监控"
    WHERE product_id = '736780887569' AND monitor_date = '2026-04-14'


    INSERT OR REPLACE INTO "pdd市场监控"
    (product_id, title, price, total_sales, monthly_sales, weekly_sales, daily_sales_tag, hot_sales, grabbed_sales, daily_increment, product_url, monitor_date, scrape_time) 
    VALUES ('736780887569', '云米小海豚8T前置过滤器'/*+53 bytes*/, 143.9, 20000.0, 332.0, NULL, NULL, NULL, NULL, 0.0, 'https://mobile.yangkeduo.com/goo'/*+29 bytes*/, '2026-04-15', datetime('now', 'localtime'))


    SELECT total_sales, price FROM "pdd市场监控"
    WHERE product_id = '798482186210' AND monitor_date = '2026-04-15'


    SELECT total_sales FROM "pdd市场监控"
    WHERE product_id = '798482186210' AND monitor_date = '2026-04-14'


    INSERT OR REPLACE INTO "pdd市场监控"
    (product_id, title, price, total_sales, monthly_sales, weekly_sales, daily_sales_tag, hot_sales, grabbed_sales, daily_increment, product_url, monitor_date, scrape_time) 
    VALUES ('798482186210', '云米小白龙800G+升级净水'/*+50 bytes*/, 639.0, 3667.0, NULL, NULL, NULL, NULL, NULL, 5.0, 'https://mobile.yangkeduo.com/goo'/*+29 bytes*/, '2026-04-15', datetime('now', 'localtime'))


    SELECT total_sales, price FROM "pdd市场监控"
    WHERE product_id = '925874862450' AND monitor_date = '2026-04-15'


    SELECT total_sales FROM "pdd市场监控"
    WHERE product_id = '925874862450' AND monitor_date = '2026-04-14'


    INSERT OR REPLACE INTO "pdd市场监控"
    (product_id, title, price, total_sales, monthly_sales, weekly_sales, daily_sales_tag, hot_sales, grabbed_sales, daily_increment, product_url, monitor_date, scrape_time) 
    VALUES ('925874862450', '云米(VIOMI) 小海豚PRO 家用'/*+44 bytes*/, 799.0, 142.0, NULL, NULL, NULL, NULL, NULL, 8.0, 'https://mobile.yangkeduo.com/goo'/*+29 bytes*/, '2026-04-15', datetime('now', 'localtime'))


    SELECT total_sales, price FROM "pdd市场监控"
    WHERE product_id = '852932116812' AND monitor_date = '2026-04-15'


    INSERT OR REPLACE INTO "pdd市场监控"
    (product_id, title, price, total_sales, monthly_sales, weekly_sales, daily_sales_tag, hot_sales, grabbed_sales, daily_increment, product_url, monitor_date, scrape_time) 
    VALUES ('852932116812', '云米净水器600G小海豚升级'/*+35 bytes*/, 712.0, NULL, 302.0, NULL, NULL, NULL, 1261.0, NULL, 'https://mobile.yangkeduo.com/goo'/*+29 bytes*/, '2026-04-15', datetime('now', 'localtime'))


    SELECT total_sales, price FROM "pdd市场监控"
    WHERE product_id = '915797572693' AND monitor_date = '2026-04-15'


    INSERT OR REPLACE INTO "pdd市场监控"
    (product_id, title, price, total_sales, monthly_sales, weekly_sales, daily_sales_tag, hot_sales, grabbed_sales, daily_increment, product_url, monitor_date, scrape_time) 
    VALUES ('915797572693', 'VIOMI云米净水器小海豚600'/*+45 bytes*/, 599.0, NULL, NULL, NULL, NULL, NULL, NULL, NULL, 'https://mobile.yangkeduo.com/goo'/*+29 bytes*/, '2026-04-15', datetime('now', 'localtime'))


    SELECT total_sales, price FROM "pdd市场监控"
    WHERE product_id = '862873034610' AND monitor_date = '2026-04-15'


    INSERT OR REPLACE INTO "pdd市场监控"
    (product_id, title, price, total_sales, monthly_sales, weekly_sales, daily_sales_tag, hot_sales, grabbed_sales, daily_increment, product_url, monitor_date, scrape_time) 
    VALUES ('862873034610', 'VIOMI云米 小海豚3新品5年'/*+48 bytes*/, 558.9, NULL, NULL, NULL, NULL, NULL, 1210.0, NULL, 'https://mobile.yangkeduo.com/goo'/*+29 bytes*/, '2026-04-15', datetime('now', 'localtime'))


    SELECT total_sales, price FROM "pdd市场监控"
    WHERE product_id = '907059476083' AND monitor_date = '2026-04-15'


    INSERT OR REPLACE INTO "pdd市场监控"
    (product_id, title, price, total_sales, monthly_sales, weekly_sales, daily_sales_tag, hot_sales, grabbed_sales, daily_increment, product_url, monitor_date, scrape_time) 
    VALUES ('907059476083', '云米净水器滤芯CROSS 3 5IN'/*+43 bytes*/, 132.0, NULL, NULL, NULL, NULL, NULL, 145.0, NULL, 'https://mobile.yangkeduo.com/goo'/*+29 bytes*/, '2026-04-15', datetime('now', 'localtime'))


    SELECT total_sales, price FROM "pdd市场监控"
    WHERE product_id = '916452280972' AND monitor_date = '2026-04-15'


    INSERT OR REPLACE INTO "pdd市场监控"
    (product_id, title, price, total_sales, monthly_sales, weekly_sales, daily_sales_tag, hot_sales, grabbed_sales, daily_increment, product_url, monitor_date, scrape_time) 
    VALUES ('916452280972', '云米(VIOMI) 小海豚900G  家'/*+48 bytes*/, 749.0, NULL, NULL, NULL, NULL, NULL, 40.0, NULL, 'https://mobile.yangkeduo.com/goo'/*+29 bytes*/, '2026-04-15', datetime('now', 'localtime'))


    SELECT total_sales, price FROM "pdd市场监控"
    WHERE product_id = '917034829515' AND monitor_date = '2026-04-15'


    SELECT total_sales FROM "pdd市场监控"
    WHERE product_id = '917034829515' AND monitor_date = '2026-04-14'


    INSERT OR REPLACE INTO "pdd市场监控"
    (product_id, title, price, total_sales, monthly_sales, weekly_sales, daily_sales_tag, hot_sales, grabbed_sales, daily_increment, product_url, monitor_date, scrape_time) 
    VALUES ('917034829515', 'VIOMI云米制冷管线机壁挂'/*+53 bytes*/, 869.0, 7831.0, NULL, NULL, NULL, NULL, NULL, 2.0, 'https://mobile.yangkeduo.com/goo'/*+29 bytes*/, '2026-04-15', datetime('now', 'localtime'))


    SELECT total_sales, price FROM "pdd市场监控"
    WHERE product_id = '917032713009' AND monitor_date = '2026-04-15'


    SELECT total_sales FROM "pdd市场监控"
    WHERE product_id = '917032713009' AND monitor_date = '2026-04-14'


    INSERT OR REPLACE INTO "pdd市场监控"
    (product_id, title, price, total_sales, monthly_sales, weekly_sales, daily_sales_tag, hot_sales, grabbed_sales, daily_increment, product_url, monitor_date, scrape_time) 
    VALUES ('917032713009', 'VIOMI云米冷热管线机饮水'/*+44 bytes*/, 657.9, 878.0, NULL, NULL, NULL, NULL, NULL, 3.0, 'https://mobile.yangkeduo.com/goo'/*+29 bytes*/, '2026-04-15', datetime('now', 'localtime'))


    SELECT total_sales, price FROM "pdd市场监控"
    WHERE product_id = '917001945930' AND monitor_date = '2026-04-15'


    SELECT total_sales FROM "pdd市场监控"
    WHERE product_id = '917001945930' AND monitor_date = '2026-04-14'


    INSERT OR REPLACE INTO "pdd市场监控"
    (product_id, title, price, total_sales, monthly_sales, weekly_sales, daily_sales_tag, hot_sales, grabbed_sales, daily_increment, product_url, monitor_date, scrape_time) 
    VALUES ('917001945930', '云米矿泉台式净饮机即热'/*+54 bytes*/, 931.28, 58.0, NULL, NULL, NULL, NULL, NULL, 0.0, 'https://mobile.yangkeduo.com/goo'/*+29 bytes*/, '2026-04-15', datetime('now', 'localtime'))


    SELECT total_sales, price FROM "pdd市场监控"
    WHERE product_id = '364990106384' AND monitor_date = '2026-04-15'


    INSERT OR REPLACE INTO "pdd市场监控"
    (product_id, title, price, total_sales, monthly_sales, weekly_sales, daily_sales_tag, hot_sales, grabbed_sales, daily_increment, product_url, monitor_date, scrape_time) 
    VALUES ('364990106384', '云米即热净水器厨房家用'/*+43 bytes*/, 1598.85, NULL, NULL, NULL, NULL, NULL, 405.0, NULL, 'https://mobile.yangkeduo.com/goo'/*+29 bytes*/, '2026-04-15', datetime('now', 'localtime'))


    SELECT total_sales, price FROM "pdd市场监控"
    WHERE product_id = '807917848763' AND monitor_date = '2026-04-15'


    SELECT total_sales FROM "pdd市场监控"
    WHERE product_id = '807917848763' AND monitor_date = '2026-04-14'


    INSERT OR REPLACE INTO "pdd市场监控"
    (product_id, title, price, total_sales, monthly_sales, weekly_sales, daily_sales_tag, hot_sales, grabbed_sales, daily_increment, product_url, monitor_date, scrape_time) 
    VALUES ('807917848763', '云米净水器鲜活泉1000G 家'/*+50 bytes*/, 930.0, 21.0, NULL, NULL, NULL, NULL, NULL, 0.0, 'https://mobile.yangkeduo.com/goo'/*+29 bytes*/, '2026-04-15', datetime('now', 'localtime'))


    SELECT total_sales, price FROM "pdd市场监控"
    WHERE product_id = '916996455515' AND monitor_date = '2026-04-15'


    INSERT OR REPLACE INTO "pdd市场监控"
    (product_id, title, price, total_sales, monthly_sales, weekly_sales, daily_sales_tag, hot_sales, grabbed_sales, daily_increment, product_url, monitor_date, scrape_time) 
    VALUES ('916996455515', 'VIOMI/云米 新品管线机 冷'/*+22 bytes*/, 1449.0, NULL, NULL, NULL, NULL, NULL, 4.0, NULL, 'https://mobile.yangkeduo.com/goo'/*+29 bytes*/, '2026-04-15', datetime('now', 'localtime'))


    SELECT total_sales, price FROM "pdd市场监控"
    WHERE product_id = '587980576746' AND monitor_date = '2026-04-15'


    INSERT OR REPLACE INTO "pdd市场监控"
    (product_id, title, price, total_sales, monthly_sales, weekly_sales, daily_sales_tag, hot_sales, grabbed_sales, daily_increment, product_url, monitor_date, scrape_time) 
    VALUES ('587980576746', '云米管线机壁挂式即热直'/*+51 bytes*/, 499.0, NULL, NULL, NULL, NULL, NULL, NULL, NULL, 'https://mobile.yangkeduo.com/goo'/*+29 bytes*/, '2026-04-15', datetime('now', 'localtime'))


    SELECT total_sales, price FROM "pdd市场监控"
    WHERE product_id = '270574611944' AND monitor_date = '2026-04-15'


    INSERT OR REPLACE INTO "pdd市场监控"
    (product_id, title, price, total_sales, monthly_sales, weekly_sales, daily_sales_tag, hot_sales, grabbed_sales, daily_increment, product_url, monitor_date, scrape_time) 
    VALUES ('270574611944', '云米净水器家用1200G直饮'/*+47 bytes*/, 1338.22, NULL, NULL, NULL, NULL, NULL, 113.0, NULL, 'https://mobile.yangkeduo.com/goo'/*+29 bytes*/, '2026-04-15', datetime('now', 'localtime'))


    SELECT total_sales, price FROM "pdd市场监控"
    WHERE product_id = '205458105137' AND monitor_date = '2026-04-15'


    INSERT OR REPLACE INTO "pdd市场监控"
    (product_id, title, price, total_sales, monthly_sales, weekly_sales, daily_sales_tag, hot_sales, grabbed_sales, daily_increment, product_url, monitor_date, scrape_time) 
    VALUES ('205458105137', 'VIOMI云米净水器1000G厨下式'/*+42 bytes*/, 899.0, NULL, NULL, NULL, NULL, NULL, 32000.0, NULL, 'https://mobile.yangkeduo.com/goo'/*+29 bytes*/, '2026-04-15', datetime('now', 'localtime'))


    SELECT total_sales, price FROM "pdd市场监控"
    WHERE product_id = '907974025123' AND monitor_date = '2026-04-15'


    INSERT OR REPLACE INTO "pdd市场监控"
    (product_id, title, price, total_sales, monthly_sales, weekly_sales, daily_sales_tag, hot_sales, grabbed_sales, daily_increment, product_url, monitor_date, scrape_time) 
    VALUES ('907974025123', 'VIOMI云米净水器1000G厨下式'/*+42 bytes*/, 899.0, NULL, NULL, NULL, NULL, NULL, 7.0, NULL, 'https://mobile.yangkeduo.com/goo'/*+29 bytes*/, '2026-04-15', datetime('now', 'localtime'))


    SELECT total_sales, price FROM "pdd市场监控"
    WHERE product_id = '868851073714' AND monitor_date = '2026-04-15'


    SELECT total_sales, price FROM "pdd市场监控"
    WHERE product_id = '915797572693' AND monitor_date = '2026-04-15'


    INSERT OR REPLACE INTO "pdd市场监控"
    (product_id, title, price, total_sales, monthly_sales, weekly_sales, daily_sales_tag, hot_sales, grabbed_sales, daily_increment, product_url, monitor_date, scrape_time) 
    VALUES ('915797572693', 'VIOMI云米净水器小海豚600'/*+45 bytes*/, 599.0, NULL, NULL, NULL, NULL, NULL, NULL, NULL, 'https://mobile.yangkeduo.com/goo'/*+29 bytes*/, '2026-04-15', datetime('now', 'localtime'))


    SELECT total_sales, price FROM "pdd市场监控"
    WHERE product_id = '798482186210' AND monitor_date = '2026-04-15'


    SELECT total_sales, price FROM "pdd市场监控"
    WHERE product_id = '885690465484' AND monitor_date = '2026-04-15'


    SELECT total_sales, price FROM "pdd市场监控"
    WHERE product_id = '736780887569' AND monitor_date = '2026-04-15'

COMMIT
💾 当前页面数据已成功清洗并写入 SQLite 数据库。
💤 模拟人工停顿 2788 毫秒...

========================================
⏳ 准备访问第 3/16 个网址: https://mobile.yangkeduo.com/sjs_cat_rank_list.html?list_id=3283500335952010801&list_sn=YWF8XVMLgYDEn8CVFmjq-aO4&__list_version=2&_pdd_fs=1&_pdd_tc=ffffff&_pdd_sbs=1&scene_id=goods_detail&display_type=base&refer_page_name=goods_detail&refer_page_id=10014_1775628390060_fve52hluwo&refer_page_sn=10014&activeTab=0
✅ 页面加载完成，开始检测登录状态...
🔓 状态正常：已识别到商品数据，免登陆直接放行！
🎉 成功提取到 20 条商品数据，进入数据清洗入库阶段...
BEGIN

    SELECT total_sales, price FROM "pdd市场监控"
    WHERE product_id = '760102321947' AND monitor_date = '2026-04-15'


    SELECT total_sales FROM "pdd市场监控"
    WHERE product_id = '760102321947' AND monitor_date = '2026-04-14'


    INSERT OR REPLACE INTO "pdd市场监控"
    (product_id, title, price, total_sales, monthly_sales, weekly_sales, daily_sales_tag, hot_sales, grabbed_sales, daily_increment, product_url, monitor_date, scrape_time) 
    VALUES ('760102321947', '小米净水器1200G PRO家用净'/*+45 bytes*/, 1213.0, 8230.0, NULL, 100.0, NULL, NULL, NULL, 18.0, 'https://mobile.yangkeduo.com/goo'/*+29 bytes*/, '2026-04-15', datetime('now', 'localtime'))


    SELECT total_sales, price FROM "pdd市场监控"
    WHERE product_id = '795204016964' AND monitor_date = '2026-04-15'


    SELECT total_sales FROM "pdd市场监控"
    WHERE product_id = '795204016964' AND monitor_date = '2026-04-14'


    INSERT OR REPLACE INTO "pdd市场监控"
    (product_id, title, price, total_sales, monthly_sales, weekly_sales, daily_sales_tag, hot_sales, grabbed_sales, daily_increment, product_url, monitor_date, scrape_time) 
    VALUES ('795204016964', '米家前置过滤器 PRO 定时'/*+32 bytes*/, 559.9, 4834.0, NULL, 100.0, NULL, NULL, NULL, 20.0, 'https://mobile.yangkeduo.com/goo'/*+29 bytes*/, '2026-04-15', datetime('now', 'localtime'))


    SELECT total_sales, price FROM "pdd市场监控"
    WHERE product_id = '935804724755' AND monitor_date = '2026-04-15'


    INSERT OR REPLACE INTO "pdd市场监控"
    (product_id, title, price, total_sales, monthly_sales, weekly_sales, daily_sales_tag, hot_sales, grabbed_sales, daily_increment, product_url, monitor_date, scrape_time) 
    VALUES ('935804724755', '小米米家龙头净水器2家用'/*+54 bytes*/, 85.9, NULL, NULL, NULL, 40.0, NULL, 234.0, NULL, 'https://mobile.yangkeduo.com/goo'/*+29 bytes*/, '2026-04-15', datetime('now', 'localtime'))


    SELECT total_sales, price FROM "pdd市场监控"
    WHERE product_id = '930637823921' AND monitor_date = '2026-04-15'


    SELECT total_sales FROM "pdd市场监控"
    WHERE product_id = '930637823921' AND monitor_date = '2026-04-14'


    INSERT OR REPLACE INTO "pdd市场监控"
    (product_id, title, price, total_sales, monthly_sales, weekly_sales, daily_sales_tag, hot_sales, grabbed_sales, daily_increment, product_url, monitor_date, scrape_time) 
    VALUES ('930637823921', '小米米家净水器S1 1200G 母'/*+45 bytes*/, 1099.0, 2866.0, NULL, NULL, NULL, NULL, NULL, 15.0, 'https://mobile.yangkeduo.com/goo'/*+29 bytes*/, '2026-04-15', datetime('now', 'localtime'))


    SELECT total_sales, price FROM "pdd市场监控"
    WHERE product_id = '648892853552' AND monitor_date = '2026-04-15'


    SELECT total_sales FROM "pdd市场监控"
    WHERE product_id = '648892853552' AND monitor_date = '2026-04-14'


    INSERT OR REPLACE INTO "pdd市场监控"
    (product_id, title, price, total_sales, monthly_sales, weekly_sales, daily_sales_tag, hot_sales, grabbed_sales, daily_increment, product_url, monitor_date, scrape_time) 
    VALUES ('648892853552', '米家小米净水器家用净水'/*+52 bytes*/, 794.0, 16000.0, 245.0, NULL, NULL, NULL, NULL, 0.0, 'https://mobile.yangkeduo.com/goo'/*+29 bytes*/, '2026-04-15', datetime('now', 'localtime'))


    SELECT total_sales, price FROM "pdd市场监控"
    WHERE product_id = '934551959234' AND monitor_date = '2026-04-15'


    INSERT OR REPLACE INTO "pdd市场监控"
    (product_id, title, price, total_sales, monthly_sales, weekly_sales, daily_sales_tag, hot_sales, grabbed_sales, daily_increment, product_url, monitor_date, scrape_time) 
    VALUES ('934551959234', '小米净水器滤芯600G/400G原'/*+48 bytes*/, 148.5, NULL, NULL, NULL, NULL, NULL, 112.0, NULL, 'https://mobile.yangkeduo.com/goo'/*+29 bytes*/, '2026-04-15', datetime('now', 'localtime'))


    SELECT total_sales, price FROM "pdd市场监控"
    WHERE product_id = '714877112304' AND monitor_date = '2026-04-15'


    SELECT total_sales FROM "pdd市场监控"
    WHERE product_id = '714877112304' AND monitor_date = '2026-04-14'


    INSERT OR REPLACE INTO "pdd市场监控"
    (product_id, title, price, total_sales, monthly_sales, weekly_sales, daily_sales_tag, hot_sales, grabbed_sales, daily_increment, product_url, monitor_date, scrape_time) 
    VALUES ('714877112304', '小米米家前置过滤器/PRO全'/*+54 bytes*/, 284.0, 6771.0, 247.0, NULL, NULL, NULL, NULL, 2.0, 'https://mobile.yangkeduo.com/goo'/*+29 bytes*/, '2026-04-15', datetime('now', 'localtime'))


    SELECT total_sales, price FROM "pdd市场监控"
    WHERE product_id = '723053416812' AND monitor_date = '2026-04-15'


    SELECT total_sales FROM "pdd市场监控"
    WHERE product_id = '723053416812' AND monitor_date = '2026-04-14'


    INSERT OR REPLACE INTO "pdd市场监控"
    (product_id, title, price, total_sales, monthly_sales, weekly_sales, daily_sales_tag, hot_sales, grabbed_sales, daily_increment, product_url, monitor_date, scrape_time) 
    VALUES ('723053416812', '小米净水器N1/S1 1200G家用'/*+45 bytes*/, 947.0, 4387.0, NULL, NULL, NULL, NULL, NULL, 269.0, 'https://mobile.yangkeduo.com/goo'/*+29 bytes*/, '2026-04-15', datetime('now', 'localtime'))


    SELECT total_sales, price FROM "pdd市场监控"
    WHERE product_id = '724524723845' AND monitor_date = '2026-04-15'


    SELECT total_sales FROM "pdd市场监控"
    WHERE product_id = '724524723845' AND monitor_date = '2026-04-14'


    INSERT OR REPLACE INTO "pdd市场监控"
    (product_id, title, price, total_sales, monthly_sales, weekly_sales, daily_sales_tag, hot_sales, grabbed_sales, daily_increment, product_url, monitor_date, scrape_time) 
    VALUES ('724524723845', '小米米家净水器1200G家用'/*+53 bytes*/, 969.0, 10000.0, 254.0, NULL, NULL, NULL, NULL, 0.0, 'https://mobile.yangkeduo.com/goo'/*+29 bytes*/, '2026-04-15', datetime('now', 'localtime'))


    SELECT total_sales, price FROM "pdd市场监控"
    WHERE product_id = '920039226801' AND monitor_date = '2026-04-15'


    SELECT total_sales FROM "pdd市场监控"
    WHERE product_id = '920039226801' AND monitor_date = '2026-04-14'


    INSERT OR REPLACE INTO "pdd市场监控"
    (product_id, title, price, total_sales, monthly_sales, weekly_sales, daily_sales_tag, hot_sales, grabbed_sales, daily_increment, product_url, monitor_date, scrape_time) 
    VALUES ('920039226801', '小米米家净水器N1 800G家用'/*+50 bytes*/, 759.0, 13000.0, NULL, NULL, NULL, NULL, NULL, 0.0, 'https://mobile.yangkeduo.com/goo'/*+29 bytes*/, '2026-04-15', datetime('now', 'localtime'))


    SELECT total_sales, price FROM "pdd市场监控"
    WHERE product_id = '929227065932' AND monitor_date = '2026-04-15'


    SELECT total_sales FROM "pdd市场监控"
    WHERE product_id = '929227065932' AND monitor_date = '2026-04-14'


    INSERT OR REPLACE INTO "pdd市场监控"
    (product_id, title, price, total_sales, monthly_sales, weekly_sales, daily_sales_tag, hot_sales, grabbed_sales, daily_increment, product_url, monitor_date, scrape_time) 
    VALUES ('929227065932', '小米米家净水器800G家用厨'/*+54 bytes*/, 794.0, 16000.0, NULL, NULL, NULL, NULL, NULL, 0.0, 'https://mobile.yangkeduo.com/goo'/*+29 bytes*/, '2026-04-15', datetime('now', 'localtime'))


    SELECT total_sales, price FROM "pdd市场监控"
    WHERE product_id = '789311163987' AND monitor_date = '2026-04-15'


    SELECT total_sales FROM "pdd市场监控"
    WHERE product_id = '789311163987' AND monitor_date = '2026-04-14'


    INSERT OR REPLACE INTO "pdd市场监控"
    (product_id, title, price, total_sales, monthly_sales, weekly_sales, daily_sales_tag, hot_sales, grabbed_sales, daily_increment, product_url, monitor_date, scrape_time) 
    VALUES ('789311163987', '小米净水器S1 1200G厨下式'/*+51 bytes*/, 1888.0, 2866.0, NULL, NULL, NULL, NULL, NULL, NULL, 'https://mobile.yangkeduo.com/goo'/*+29 bytes*/, '2026-04-15', datetime('now', 'localtime'))


    SELECT total_sales, price FROM "pdd市场监控"
    WHERE product_id = '864392956629' AND monitor_date = '2026-04-15'


    SELECT total_sales FROM "pdd市场监控"
    WHERE product_id = '864392956629' AND monitor_date = '2026-04-14'


    INSERT OR REPLACE INTO "pdd市场监控"
    (product_id, title, price, total_sales, monthly_sales, weekly_sales, daily_sales_tag, hot_sales, grabbed_sales, daily_increment, product_url, monitor_date, scrape_time) 
    VALUES ('864392956629', '小米米家前置过滤器PRO自'/*+51 bytes*/, 559.0, 4834.0, NULL, NULL, NULL, NULL, NULL, 20.0, 'https://mobile.yangkeduo.com/goo'/*+29 bytes*/, '2026-04-15', datetime('now', 'localtime'))


    SELECT total_sales, price FROM "pdd市场监控"
    WHERE product_id = '878626118056' AND monitor_date = '2026-04-15'


    SELECT total_sales FROM "pdd市场监控"
    WHERE product_id = '878626118056' AND monitor_date = '2026-04-14'


    INSERT OR REPLACE INTO "pdd市场监控"
    (product_id, title, price, total_sales, monthly_sales, weekly_sales, daily_sales_tag, hot_sales, grabbed_sales, daily_increment, product_url, monitor_date, scrape_time) 
    VALUES ('878626118056', '小米米家净水器1600GPRO双'/*+54 bytes*/, 1799.0, 2607.0, 205.0, NULL, NULL, NULL, NULL, 2.0, 'https://mobile.yangkeduo.com/goo'/*+29 bytes*/, '2026-04-15', datetime('now', 'localtime'))


    SELECT total_sales, price FROM "pdd市场监控"
    WHERE product_id = '734917908081' AND monitor_date = '2026-04-15'


    INSERT OR REPLACE INTO "pdd市场监控"
    (product_id, title, price, total_sales, monthly_sales, weekly_sales, daily_sales_tag, hot_sales, grabbed_sales, daily_increment, product_url, monitor_date, scrape_time) 
    VALUES ('734917908081', '米家小米净水器1200G PRO 厨'/*+42 bytes*/, 1261.0, NULL, NULL, NULL, NULL, NULL, 389.0, NULL, 'https://mobile.yangkeduo.com/goo'/*+29 bytes*/, '2026-04-15', datetime('now', 'localtime'))


    SELECT total_sales, price FROM "pdd市场监控"
    WHERE product_id = '861519766493' AND monitor_date = '2026-04-15'


    SELECT total_sales FROM "pdd市场监控"
    WHERE product_id = '861519766493' AND monitor_date = '2026-04-14'


    INSERT OR REPLACE INTO "pdd市场监控"
    (product_id, title, price, total_sales, monthly_sales, weekly_sales, daily_sales_tag, hot_sales, grabbed_sales, daily_increment, product_url, monitor_date, scrape_time) 
    VALUES ('861519766493', '小米米家净水器1600G家用'/*+50 bytes*/, 1351.0, 1206.0, NULL, NULL, NULL, NULL, NULL, 1.0, 'https://mobile.yangkeduo.com/goo'/*+29 bytes*/, '2026-04-15', datetime('now', 'localtime'))


    SELECT total_sales, price FROM "pdd市场监控"
    WHERE product_id = '846161125509' AND monitor_date = '2026-04-15'


    SELECT total_sales FROM "pdd市场监控"
    WHERE product_id = '846161125509' AND monitor_date = '2026-04-14'


    INSERT OR REPLACE INTO "pdd市场监控"
    (product_id, title, price, total_sales, monthly_sales, weekly_sales, daily_sales_tag, hot_sales, grabbed_sales, daily_increment, product_url, monitor_date, scrape_time) 
    VALUES ('846161125509', '小米净水器S1 1600G母婴级'/*+50 bytes*/, 1469.0, 562.0, NULL, NULL, NULL, NULL, NULL, 1.0, 'https://mobile.yangkeduo.com/goo'/*+29 bytes*/, '2026-04-15', datetime('now', 'localtime'))


    SELECT total_sales, price FROM "pdd市场监控"
    WHERE product_id = '926712475871' AND monitor_date = '2026-04-15'


    SELECT total_sales FROM "pdd市场监控"
    WHERE product_id = '926712475871' AND monitor_date = '2026-04-14'


    INSERT OR REPLACE INTO "pdd市场监控"
    (product_id, title, price, total_sales, monthly_sales, weekly_sales, daily_sales_tag, hot_sales, grabbed_sales, daily_increment, product_url, monitor_date, scrape_time) 
    VALUES ('926712475871', '小米/米家净水器PRO双出水'/*+50 bytes*/, 1459.0, 2355.0, NULL, NULL, NULL, NULL, NULL, 8.0, 'https://mobile.yangkeduo.com/goo'/*+29 bytes*/, '2026-04-15', datetime('now', 'localtime'))


    SELECT total_sales, price FROM "pdd市场监控"
    WHERE product_id = '929913312616' AND monitor_date = '2026-04-15'


    INSERT OR REPLACE INTO "pdd市场监控"
    (product_id, title, price, total_sales, monthly_sales, weekly_sales, daily_sales_tag, hot_sales, grabbed_sales, daily_increment, product_url, monitor_date, scrape_time) 
    VALUES ('929913312616', '小米米家净水器1000GPRO套'/*+54 bytes*/, 939.0, NULL, NULL, NULL, NULL, NULL, 19.0, NULL, 'https://mobile.yangkeduo.com/goo'/*+29 bytes*/, '2026-04-15', datetime('now', 'localtime'))


    SELECT total_sales, price FROM "pdd市场监控"
    WHERE product_id = '901812772746' AND monitor_date = '2026-04-15'


    SELECT total_sales FROM "pdd市场监控"
    WHERE product_id = '901812772746' AND monitor_date = '2026-04-14'


    INSERT OR REPLACE INTO "pdd市场监控"
    (product_id, title, price, total_sales, monthly_sales, weekly_sales, daily_sales_tag, hot_sales, grabbed_sales, daily_increment, product_url, monitor_date, scrape_time) 
    VALUES ('901812772746', '小米米家即热净水器1200G'/*+52 bytes*/, 1599.0, 2321.0, NULL, NULL, NULL, NULL, NULL, NULL, 'https://mobile.yangkeduo.com/goo'/*+29 bytes*/, '2026-04-15', datetime('now', 'localtime'))

COMMIT
💾 当前页面数据已成功清洗并写入 SQLite 数据库。
💤 模拟人工停顿 2713 毫秒...

========================================
⏳ 准备访问第 4/16 个网址: https://mobile.yangkeduo.com/sjs_cat_rank_list.html?refer_share_id=iLKJf757sHkUnIicy069SB75ZkwhIUfv&refer_share_channel=copy_link&_pdd_fs=1&__list_version=2&display_type=base&list_sn=YWE3UtyUoB3JnVpcQVxUEUuW&scene_id=goods_detail&refer_share_uin=6NCWZWVQQSPG3MY5ZMDLWFR3KU_GEXDA&_pdd_tc=ffffff&_pdd_sbs=1&share_list_id=9298010204&list_id=9298010204
✅ 页面加载完成，开始检测登录状态...
🔓 状态正常：已识别到商品数据，免登陆直接放行！
🎉 成功提取到 60 条商品数据，进入数据清洗入库阶段...
BEGIN

    SELECT total_sales, price FROM "pdd市场监控"
    WHERE product_id = '922405222213' AND monitor_date = '2026-04-15'


    INSERT OR REPLACE INTO "pdd市场监控"
    (product_id, title, price, total_sales, monthly_sales, weekly_sales, daily_sales_tag, hot_sales, grabbed_sales, daily_increment, product_url, monitor_date, scrape_time) 
    VALUES ('922405222213', '小米米家水龙头净水器2水'/*+54 bytes*/, 90.9, NULL, NULL, NULL, 400.0, NULL, 3607.0, NULL, 'https://mobile.yangkeduo.com/goo'/*+29 bytes*/, '2026-04-15', datetime('now', 'localtime'))


    SELECT total_sales, price FROM "pdd市场监控"
    WHERE product_id = '131363133209' AND monitor_date = '2026-04-15'


    SELECT total_sales FROM "pdd市场监控"
    WHERE product_id = '131363133209' AND monitor_date = '2026-04-14'


    INSERT OR REPLACE INTO "pdd市场监控"
    (product_id, title, price, total_sales, monthly_sales, weekly_sales, daily_sales_tag, hot_sales, grabbed_sales, daily_increment, product_url, monitor_date, scrape_time) 
    VALUES ('131363133209', '海尔前置过滤器全屋自来'/*+53 bytes*/, 287.0, 142000.0, NULL, NULL, 100.0, NULL, NULL, 0.0, 'https://mobile.yangkeduo.com/goo'/*+29 bytes*/, '2026-04-15', datetime('now', 'localtime'))


    SELECT total_sales, price FROM "pdd市场监控"
    WHERE product_id = '872986550973' AND monitor_date = '2026-04-15'


    INSERT OR REPLACE INTO "pdd市场监控"
    (product_id, title, price, total_sales, monthly_sales, weekly_sales, daily_sales_tag, hot_sales, grabbed_sales, daily_increment, product_url, monitor_date, scrape_time) 
    VALUES ('872986550973', '沁园【TRULIVA】可直饮龙头'/*+51 bytes*/, 82.99, NULL, NULL, NULL, 100.0, NULL, 6928.0, NULL, 'https://mobile.yangkeduo.com/goo'/*+29 bytes*/, '2026-04-15', datetime('now', 'localtime'))


    SELECT total_sales, price FROM "pdd市场监控"
    WHERE product_id = '635594987496' AND monitor_date = '2026-04-15'


    SELECT total_sales FROM "pdd市场监控"
    WHERE product_id = '635594987496' AND monitor_date = '2026-04-14'


    INSERT OR REPLACE INTO "pdd市场监控"
    (product_id, title, price, total_sales, monthly_sales, weekly_sales, daily_sales_tag, hot_sales, grabbed_sales, daily_increment, product_url, monitor_date, scrape_time) 
    VALUES ('635594987496', '艾美特前置花洒沐浴淋浴'/*+57 bytes*/, 27.3, 595000.0, NULL, NULL, 100.0, NULL, NULL, 1000.0, 'https://mobile.yangkeduo.com/goo'/*+29 bytes*/, '2026-04-15', datetime('now', 'localtime'))


    SELECT total_sales, price FROM "pdd市场监控"
    WHERE product_id = '209020621849' AND monitor_date = '2026-04-15'


    INSERT OR REPLACE INTO "pdd市场监控"
    (product_id, title, price, total_sales, monthly_sales, weekly_sales, daily_sales_tag, hot_sales, grabbed_sales, daily_increment, product_url, monitor_date, scrape_time) 
    VALUES ('209020621849', '美的净水器反渗透全屋保'/*+55 bytes*/, 809.0, NULL, NULL, NULL, 30.0, NULL, 514000.0, NULL, 'https://mobile.yangkeduo.com/goo'/*+29 bytes*/, '2026-04-15', datetime('now', 'localtime'))


    SELECT total_sales, price FROM "pdd市场监控"
    WHERE product_id = '758048463055' AND monitor_date = '2026-04-15'


    SELECT total_sales FROM "pdd市场监控"
    WHERE product_id = '758048463055' AND monitor_date = '2026-04-14'


    INSERT OR REPLACE INTO "pdd市场监控"
    (product_id, title, price, total_sales, monthly_sales, weekly_sales, daily_sales_tag, hot_sales, grabbed_sales, daily_increment, product_url, monitor_date, scrape_time) 
    VALUES ('758048463055', '沁园前置过滤器净水器智'/*+53 bytes*/, 593.0, 4944.0, NULL, NULL, 40.0, NULL, NULL, 27.0, 'https://mobile.yangkeduo.com/goo'/*+29 bytes*/, '2026-04-15', datetime('now', 'localtime'))


    SELECT total_sales, price FROM "pdd市场监控"
    WHERE product_id = '929920369076' AND monitor_date = '2026-04-15'


    INSERT OR REPLACE INTO "pdd市场监控"
    (product_id, title, price, total_sales, monthly_sales, weekly_sales, daily_sales_tag, hot_sales, grabbed_sales, daily_increment, product_url, monitor_date, scrape_time) 
    VALUES ('929920369076', '小米米家净水器800G家用厨'/*+54 bytes*/, 839.0, NULL, NULL, NULL, 40.0, NULL, 173.0, NULL, 'https://mobile.yangkeduo.com/goo'/*+29 bytes*/, '2026-04-15', datetime('now', 'localtime'))


    SELECT total_sales, price FROM "pdd市场监控"
    WHERE product_id = '353140007622' AND monitor_date = '2026-04-15'


    SELECT total_sales FROM "pdd市场监控"
    WHERE product_id = '353140007622' AND monitor_date = '2026-04-14'


    INSERT OR REPLACE INTO "pdd市场监控"
    (product_id, title, price, total_sales, monthly_sales, weekly_sales, daily_sales_tag, hot_sales, grabbed_sales, daily_increment, product_url, monitor_date, scrape_time) 
    VALUES ('353140007622', '美的家用净水器 6年长效'/*+52 bytes*/, 1808.9, 13000.0, NULL, 100.0, NULL, NULL, NULL, 0.0, 'https://mobile.yangkeduo.com/goo'/*+29 bytes*/, '2026-04-15', datetime('now', 'localtime'))


    SELECT total_sales, price FROM "pdd市场监控"
    WHERE product_id = '758150701089' AND monitor_date = '2026-04-15'


    INSERT OR REPLACE INTO "pdd市场监控"
    (product_id, title, price, total_sales, monthly_sales, weekly_sales, daily_sales_tag, hot_sales, grabbed_sales, daily_increment, product_url, monitor_date, scrape_time) 
    VALUES ('758150701089', '沁园净水器10T大通量25微'/*+54 bytes*/, 379.0, NULL, NULL, NULL, 30.0, NULL, 6183.0, NULL, 'https://mobile.yangkeduo.com/goo'/*+29 bytes*/, '2026-04-15', datetime('now', 'localtime'))


    SELECT total_sales, price FROM "pdd市场监控"
    WHERE product_id = '389772889864' AND monitor_date = '2026-04-15'


    SELECT total_sales FROM "pdd市场监控"
    WHERE product_id = '389772889864' AND monitor_date = '2026-04-14'


    INSERT OR REPLACE INTO "pdd市场监控"
    (product_id, title, price, total_sales, monthly_sales, weekly_sales, daily_sales_tag, hot_sales, grabbed_sales, daily_increment, product_url, monitor_date, scrape_time) 
    VALUES ('389772889864', '美的15T大通量前置过滤器'/*+51 bytes*/, 275.0, 14000.0, NULL, NULL, 40.0, NULL, NULL, 0.0, 'https://mobile.yangkeduo.com/goo'/*+29 bytes*/, '2026-04-15', datetime('now', 'localtime'))


    SELECT total_sales, price FROM "pdd市场监控"
    WHERE product_id = '726880345881' AND monitor_date = '2026-04-15'


    SELECT total_sales FROM "pdd市场监控"
    WHERE product_id = '726880345881' AND monitor_date = '2026-04-14'


    INSERT OR REPLACE INTO "pdd市场监控"
    (product_id, title, price, total_sales, monthly_sales, weekly_sales, daily_sales_tag, hot_sales, grabbed_sales, daily_increment, product_url, monitor_date, scrape_time) 
    VALUES ('726880345881', '海尔全屋前置过滤器家用'/*+57 bytes*/, 619.0, 4865.0, NULL, NULL, 30.0, NULL, NULL, 15.0, 'https://mobile.yangkeduo.com/goo'/*+29 bytes*/, '2026-04-15', datetime('now', 'localtime'))


    SELECT total_sales, price FROM "pdd市场监控"
    WHERE product_id = '854824820292' AND monitor_date = '2026-04-15'


    INSERT OR REPLACE INTO "pdd市场监控"
    (product_id, title, price, total_sales, monthly_sales, weekly_sales, daily_sales_tag, hot_sales, grabbed_sales, daily_increment, product_url, monitor_date, scrape_time) 
    VALUES ('854824820292', '海尔净水器家用直饮鲜活'/*+47 bytes*/, 1159.0, NULL, NULL, 100.0, NULL, NULL, 20000.0, NULL, 'https://mobile.yangkeduo.com/goo'/*+29 bytes*/, '2026-04-15', datetime('now', 'localtime'))


    SELECT total_sales, price FROM "pdd市场监控"
    WHERE product_id = '626312797718' AND monitor_date = '2026-04-15'


    SELECT total_sales FROM "pdd市场监控"
    WHERE product_id = '626312797718' AND monitor_date = '2026-04-14'


    INSERT OR REPLACE INTO "pdd市场监控"
    (product_id, title, price, total_sales, monthly_sales, weekly_sales, daily_sales_tag, hot_sales, grabbed_sales, daily_increment, product_url, monitor_date, scrape_time) 
    VALUES ('626312797718', '美的北极星超滤净水器家'/*+57 bytes*/, 539.0, 129000.0, NULL, 200.0, NULL, NULL, NULL, 0.0, 'https://mobile.yangkeduo.com/goo'/*+29 bytes*/, '2026-04-15', datetime('now', 'localtime'))


    SELECT total_sales, price FROM "pdd市场监控"
    WHERE product_id = '798619001655' AND monitor_date = '2026-04-15'


    INSERT OR REPLACE INTO "pdd市场监控"
    (product_id, title, price, total_sales, monthly_sales, weekly_sales, daily_sales_tag, hot_sales, grabbed_sales, daily_increment, product_url, monitor_date, scrape_time) 
    VALUES ('798619001655', '沁园TRULIVA可直饮净水器水'/*+51 bytes*/, 169.0, NULL, NULL, NULL, 30.0, NULL, 8497.0, NULL, 'https://mobile.yangkeduo.com/goo'/*+29 bytes*/, '2026-04-15', datetime('now', 'localtime'))


    SELECT total_sales, price FROM "pdd市场监控"
    WHERE product_id = '824870103252' AND monitor_date = '2026-04-15'


    INSERT OR REPLACE INTO "pdd市场监控"
    (product_id, title, price, total_sales, monthly_sales, weekly_sales, daily_sales_tag, hot_sales, grabbed_sales, daily_increment, product_url, monitor_date, scrape_time) 
    VALUES ('824870103252', '海尔新款净水器前置全屋'/*+51 bytes*/, 445.0, NULL, NULL, NULL, 30.0, NULL, 2138.0, NULL, 'https://mobile.yangkeduo.com/goo'/*+29 bytes*/, '2026-04-15', datetime('now', 'localtime'))


    SELECT total_sales, price FROM "pdd市场监控"
    WHERE product_id = '786620855421' AND monitor_date = '2026-04-15'


    INSERT OR REPLACE INTO "pdd市场监控"
    (product_id, title, price, total_sales, monthly_sales, weekly_sales, daily_sales_tag, hot_sales, grabbed_sales, daily_increment, product_url, monitor_date, scrape_time) 
    VALUES ('786620855421', '美的净水器入户水管前置'/*+54 bytes*/, 316.0, NULL, NULL, NULL, 30.0, NULL, 14000.0, NULL, 'https://mobile.yangkeduo.com/goo'/*+29 bytes*/, '2026-04-15', datetime('now', 'localtime'))


    SELECT total_sales, price FROM "pdd市场监控"
    WHERE product_id = '711881031979' AND monitor_date = '2026-04-15'


    SELECT total_sales FROM "pdd市场监控"
    WHERE product_id = '711881031979' AND monitor_date = '2026-04-14'


    INSERT OR REPLACE INTO "pdd市场监控"
    (product_id, title, price, total_sales, monthly_sales, weekly_sales, daily_sales_tag, hot_sales, grabbed_sales, daily_increment, product_url, monitor_date, scrape_time) 
    VALUES ('711881031979', '海尔净水器家用厨下式直'/*+56 bytes*/, 846.0, 11000.0, NULL, 200.0, NULL, NULL, NULL, 0.0, 'https://mobile.yangkeduo.com/goo'/*+29 bytes*/, '2026-04-15', datetime('now', 'localtime'))


    SELECT total_sales, price FROM "pdd市场监控"
    WHERE product_id = '760102321947' AND monitor_date = '2026-04-15'


    SELECT total_sales FROM "pdd市场监控"
    WHERE product_id = '760102321947' AND monitor_date = '2026-04-14'


    INSERT OR REPLACE INTO "pdd市场监控"
    (product_id, title, price, total_sales, monthly_sales, weekly_sales, daily_sales_tag, hot_sales, grabbed_sales, daily_increment, product_url, monitor_date, scrape_time) 
    VALUES ('760102321947', '小米净水器1200G PRO家用净'/*+45 bytes*/, 1213.0, 8230.0, NULL, 100.0, NULL, NULL, NULL, 18.0, 'https://mobile.yangkeduo.com/goo'/*+29 bytes*/, '2026-04-15', datetime('now', 'localtime'))


    SELECT total_sales, price FROM "pdd市场监控"
    WHERE product_id = '931166346659' AND monitor_date = '2026-04-15'


    SELECT total_sales FROM "pdd市场监控"
    WHERE product_id = '931166346659' AND monitor_date = '2026-04-14'


    INSERT OR REPLACE INTO "pdd市场监控"
    (product_id, title, price, total_sales, monthly_sales, weekly_sales, daily_sales_tag, hot_sales, grabbed_sales, daily_increment, product_url, monitor_date, scrape_time) 
    VALUES ('931166346659', '小米前置过滤器PRO全自动'/*+39 bytes*/, 534.0, 2943.0, NULL, NULL, 40.0, NULL, NULL, NULL, 'https://mobile.yangkeduo.com/goo'/*+29 bytes*/, '2026-04-15', datetime('now', 'localtime'))


    SELECT total_sales, price FROM "pdd市场监控"
    WHERE product_id = '802032083576' AND monitor_date = '2026-04-15'


    INSERT OR REPLACE INTO "pdd市场监控"
    (product_id, title, price, total_sales, monthly_sales, weekly_sales, daily_sales_tag, hot_sales, grabbed_sales, daily_increment, product_url, monitor_date, scrape_time) 
    VALUES ('802032083576', '海尔管线机家用加热饮水'/*+51 bytes*/, 637.0, NULL, NULL, 100.0, NULL, NULL, 4507.0, NULL, 'https://mobile.yangkeduo.com/goo'/*+29 bytes*/, '2026-04-15', datetime('now', 'localtime'))


    SELECT total_sales, price FROM "pdd市场监控"
    WHERE product_id = '131363133209' AND monitor_date = '2026-04-15'


    SELECT total_sales, price FROM "pdd市场监控"
    WHERE product_id = '635594987496' AND monitor_date = '2026-04-15'


    SELECT total_sales, price FROM "pdd市场监控"
    WHERE product_id = '868851073714' AND monitor_date = '2026-04-15'


    SELECT total_sales, price FROM "pdd市场监控"
    WHERE product_id = '209020621849' AND monitor_date = '2026-04-15'


    INSERT OR REPLACE INTO "pdd市场监控"
    (product_id, title, price, total_sales, monthly_sales, weekly_sales, daily_sales_tag, hot_sales, grabbed_sales, daily_increment, product_url, monitor_date, scrape_time) 
    VALUES ('209020621849', '美的净水器反渗透全屋保'/*+55 bytes*/, 809.0, NULL, NULL, NULL, 30.0, NULL, NULL, NULL, 'https://mobile.yangkeduo.com/goo'/*+29 bytes*/, '2026-04-15', datetime('now', 'localtime'))


    SELECT total_sales, price FROM "pdd市场监控"
    WHERE product_id = '872986550973' AND monitor_date = '2026-04-15'


    INSERT OR REPLACE INTO "pdd市场监控"
    (product_id, title, price, total_sales, monthly_sales, weekly_sales, daily_sales_tag, hot_sales, grabbed_sales, daily_increment, product_url, monitor_date, scrape_time) 
    VALUES ('872986550973', '沁园【TRULIVA】可直饮龙头'/*+51 bytes*/, 82.99, NULL, NULL, NULL, 100.0, NULL, NULL, NULL, 'https://mobile.yangkeduo.com/goo'/*+29 bytes*/, '2026-04-15', datetime('now', 'localtime'))


    SELECT total_sales, price FROM "pdd市场监控"
    WHERE product_id = '794044940174' AND monitor_date = '2026-04-15'


    INSERT OR REPLACE INTO "pdd市场监控"
    (product_id, title, price, total_sales, monthly_sales, weekly_sales, daily_sales_tag, hot_sales, grabbed_sales, daily_increment, product_url, monitor_date, scrape_time) 
    VALUES ('794044940174', '小米米家净水器N1 800G家用'/*+50 bytes*/, 759.0, NULL, NULL, 100.0, NULL, NULL, NULL, NULL, 'https://mobile.yangkeduo.com/goo'/*+29 bytes*/, '2026-04-15', datetime('now', 'localtime'))


    SELECT total_sales, price FROM "pdd市场监控"
    WHERE product_id = '626312797718' AND monitor_date = '2026-04-15'


    SELECT total_sales, price FROM "pdd市场监控"
    WHERE product_id = '824870103252' AND monitor_date = '2026-04-15'


    INSERT OR REPLACE INTO "pdd市场监控"
    (product_id, title, price, total_sales, monthly_sales, weekly_sales, daily_sales_tag, hot_sales, grabbed_sales, daily_increment, product_url, monitor_date, scrape_time) 
    VALUES ('824870103252', '海尔新款净水器前置全屋'/*+51 bytes*/, 445.0, NULL, NULL, NULL, 30.0, NULL, NULL, NULL, 'https://mobile.yangkeduo.com/goo'/*+29 bytes*/, '2026-04-15', datetime('now', 'localtime'))


    SELECT total_sales, price FROM "pdd市场监控"
    WHERE product_id = '711881031979' AND monitor_date = '2026-04-15'


    SELECT total_sales, price FROM "pdd市场监控"
    WHERE product_id = '798619001655' AND monitor_date = '2026-04-15'


    INSERT OR REPLACE INTO "pdd市场监控"
    (product_id, title, price, total_sales, monthly_sales, weekly_sales, daily_sales_tag, hot_sales, grabbed_sales, daily_increment, product_url, monitor_date, scrape_time) 
    VALUES ('798619001655', '沁园TRULIVA可直饮净水器水'/*+51 bytes*/, 169.0, NULL, NULL, NULL, 30.0, NULL, NULL, NULL, 'https://mobile.yangkeduo.com/goo'/*+29 bytes*/, '2026-04-15', datetime('now', 'localtime'))


    SELECT total_sales, price FROM "pdd市场监控"
    WHERE product_id = '758150701089' AND monitor_date = '2026-04-15'


    INSERT OR REPLACE INTO "pdd市场监控"
    (product_id, title, price, total_sales, monthly_sales, weekly_sales, daily_sales_tag, hot_sales, grabbed_sales, daily_increment, product_url, monitor_date, scrape_time) 
    VALUES ('758150701089', '沁园净水器10T大通量25微'/*+54 bytes*/, 379.0, NULL, NULL, NULL, 30.0, NULL, NULL, NULL, 'https://mobile.yangkeduo.com/goo'/*+29 bytes*/, '2026-04-15', datetime('now', 'localtime'))


    SELECT total_sales, price FROM "pdd市场监控"
    WHERE product_id = '785356830165' AND monitor_date = '2026-04-15'


    INSERT OR REPLACE INTO "pdd市场监控"
    (product_id, title, price, total_sales, monthly_sales, weekly_sales, daily_sales_tag, hot_sales, grabbed_sales, daily_increment, product_url, monitor_date, scrape_time) 
    VALUES ('785356830165', '海尔1200G鲜活水抑菌芯家'/*+53 bytes*/, 999.0, NULL, NULL, 100.0, NULL, NULL, NULL, NULL, 'https://mobile.yangkeduo.com/goo'/*+29 bytes*/, '2026-04-15', datetime('now', 'localtime'))


    SELECT total_sales, price FROM "pdd市场监控"
    WHERE product_id = '726880345881' AND monitor_date = '2026-04-15'


    SELECT total_sales, price FROM "pdd市场监控"
    WHERE product_id = '5085107966' AND monitor_date = '2026-04-15'


    SELECT total_sales, price FROM "pdd市场监控"
    WHERE product_id = '786620855421' AND monitor_date = '2026-04-15'


    INSERT OR REPLACE INTO "pdd市场监控"
    (product_id, title, price, total_sales, monthly_sales, weekly_sales, daily_sales_tag, hot_sales, grabbed_sales, daily_increment, product_url, monitor_date, scrape_time) 
    VALUES ('786620855421', '美的净水器入户水管前置'/*+54 bytes*/, 316.0, NULL, NULL, NULL, 30.0, NULL, NULL, NULL, 'https://mobile.yangkeduo.com/goo'/*+29 bytes*/, '2026-04-15', datetime('now', 'localtime'))


    SELECT total_sales, price FROM "pdd市场监控"
    WHERE product_id = '758048463055' AND monitor_date = '2026-04-15'


    SELECT total_sales, price FROM "pdd市场监控"
    WHERE product_id = '795204016964' AND monitor_date = '2026-04-15'


    SELECT total_sales, price FROM "pdd市场监控"
    WHERE product_id = '802032083576' AND monitor_date = '2026-04-15'


    INSERT OR REPLACE INTO "pdd市场监控"
    (product_id, title, price, total_sales, monthly_sales, weekly_sales, daily_sales_tag, hot_sales, grabbed_sales, daily_increment, product_url, monitor_date, scrape_time) 
    VALUES ('802032083576', '海尔管线机家用加热饮水'/*+51 bytes*/, 637.0, NULL, NULL, 100.0, NULL, NULL, NULL, NULL, 'https://mobile.yangkeduo.com/goo'/*+29 bytes*/, '2026-04-15', datetime('now', 'localtime'))


    SELECT total_sales, price FROM "pdd市场监控"
    WHERE product_id = '877777336711' AND monitor_date = '2026-04-15'


    INSERT OR REPLACE INTO "pdd市场监控"
    (product_id, title, price, total_sales, monthly_sales, weekly_sales, daily_sales_tag, hot_sales, grabbed_sales, daily_increment, product_url, monitor_date, scrape_time) 
    VALUES ('877777336711', '海尔净水器1200G家用RO膜反'/*+45 bytes*/, 849.0, NULL, NULL, NULL, 30.0, NULL, NULL, NULL, 'https://mobile.yangkeduo.com/goo'/*+29 bytes*/, '2026-04-15', datetime('now', 'localtime'))


    SELECT total_sales, price FROM "pdd市场监控"
    WHERE product_id = '856339889784' AND monitor_date = '2026-04-15'


    INSERT OR REPLACE INTO "pdd市场监控"
    (product_id, title, price, total_sales, monthly_sales, weekly_sales, daily_sales_tag, hot_sales, grabbed_sales, daily_increment, product_url, monitor_date, scrape_time) 
    VALUES ('856339889784', '沁园净水器15T大通量沁园'/*+54 bytes*/, 330.6, NULL, NULL, 100.0, NULL, NULL, NULL, NULL, 'https://mobile.yangkeduo.com/goo'/*+29 bytes*/, '2026-04-15', datetime('now', 'localtime'))


    SELECT total_sales, price FROM "pdd市场监控"
    WHERE product_id = '5085107966' AND monitor_date = '2026-04-15'


    SELECT total_sales, price FROM "pdd市场监控"
    WHERE product_id = '925797846179' AND monitor_date = '2026-04-15'


    INSERT OR REPLACE INTO "pdd市场监控"
    (product_id, title, price, total_sales, monthly_sales, weekly_sales, daily_sales_tag, hot_sales, grabbed_sales, daily_increment, product_url, monitor_date, scrape_time) 
    VALUES ('925797846179', '海尔净水器厨下直饮家用'/*+43 bytes*/, 1839.0, NULL, 494.0, NULL, NULL, NULL, NULL, NULL, 'https://mobile.yangkeduo.com/goo'/*+29 bytes*/, '2026-04-15', datetime('now', 'localtime'))


    SELECT total_sales, price FROM "pdd市场监控"
    WHERE product_id = '868851073714' AND monitor_date = '2026-04-15'


    SELECT total_sales, price FROM "pdd市场监控"
    WHERE product_id = '798619001655' AND monitor_date = '2026-04-15'


    INSERT OR REPLACE INTO "pdd市场监控"
    (product_id, title, price, total_sales, monthly_sales, weekly_sales, daily_sales_tag, hot_sales, grabbed_sales, daily_increment, product_url, monitor_date, scrape_time) 
    VALUES ('798619001655', '沁园TRULIVA可直饮净水器水'/*+51 bytes*/, 209.0, NULL, NULL, NULL, 30.0, NULL, NULL, NULL, 'https://mobile.yangkeduo.com/goo'/*+29 bytes*/, '2026-04-15', datetime('now', 'localtime'))


    SELECT total_sales, price FROM "pdd市场监控"
    WHERE product_id = '785356830165' AND monitor_date = '2026-04-15'


    INSERT OR REPLACE INTO "pdd市场监控"
    (product_id, title, price, total_sales, monthly_sales, weekly_sales, daily_sales_tag, hot_sales, grabbed_sales, daily_increment, product_url, monitor_date, scrape_time) 
    VALUES ('785356830165', '海尔1200G鲜活水抑菌芯家'/*+53 bytes*/, 1177.0, NULL, NULL, 100.0, NULL, NULL, NULL, NULL, 'https://mobile.yangkeduo.com/goo'/*+29 bytes*/, '2026-04-15', datetime('now', 'localtime'))


    SELECT total_sales, price FROM "pdd市场监控"
    WHERE product_id = '915797572693' AND monitor_date = '2026-04-15'


    INSERT OR REPLACE INTO "pdd市场监控"
    (product_id, title, price, total_sales, monthly_sales, weekly_sales, daily_sales_tag, hot_sales, grabbed_sales, daily_increment, product_url, monitor_date, scrape_time) 
    VALUES ('915797572693', 'VIOMI云米净水器小海豚600'/*+45 bytes*/, 599.0, NULL, NULL, NULL, NULL, NULL, NULL, NULL, 'https://mobile.yangkeduo.com/goo'/*+29 bytes*/, '2026-04-15', datetime('now', 'localtime'))


    SELECT total_sales, price FROM "pdd市场监控"
    WHERE product_id = '882364625777' AND monitor_date = '2026-04-15'


    INSERT OR REPLACE INTO "pdd市场监控"
    (product_id, title, price, total_sales, monthly_sales, weekly_sales, daily_sales_tag, hot_sales, grabbed_sales, daily_increment, product_url, monitor_date, scrape_time) 
    VALUES ('882364625777', '美的净水器同比1200G大流'/*+48 bytes*/, 874.0, NULL, NULL, NULL, NULL, NULL, NULL, NULL, 'https://mobile.yangkeduo.com/goo'/*+29 bytes*/, '2026-04-15', datetime('now', 'localtime'))


    SELECT total_sales, price FROM "pdd市场监控"
    WHERE product_id = '347579110147' AND monitor_date = '2026-04-15'


    SELECT total_sales, price FROM "pdd市场监控"
    WHERE product_id = '922405222213' AND monitor_date = '2026-04-15'


    INSERT OR REPLACE INTO "pdd市场监控"
    (product_id, title, price, total_sales, monthly_sales, weekly_sales, daily_sales_tag, hot_sales, grabbed_sales, daily_increment, product_url, monitor_date, scrape_time) 
    VALUES ('922405222213', '小米米家水龙头净水器2水'/*+54 bytes*/, 90.9, NULL, NULL, NULL, 400.0, NULL, NULL, NULL, 'https://mobile.yangkeduo.com/goo'/*+29 bytes*/, '2026-04-15', datetime('now', 'localtime'))


    SELECT total_sales, price FROM "pdd市场监控"
    WHERE product_id = '425381521577' AND monitor_date = '2026-04-15'


    INSERT OR REPLACE INTO "pdd市场监控"
    (product_id, title, price, total_sales, monthly_sales, weekly_sales, daily_sales_tag, hot_sales, grabbed_sales, daily_increment, product_url, monitor_date, scrape_time) 
    VALUES ('425381521577', '海尔净水器家用厨下净水'/*+53 bytes*/, 1912.0, NULL, 446.0, NULL, NULL, NULL, NULL, NULL, 'https://mobile.yangkeduo.com/goo'/*+29 bytes*/, '2026-04-15', datetime('now', 'localtime'))


    SELECT total_sales, price FROM "pdd市场监控"
    WHERE product_id = '458897903176' AND monitor_date = '2026-04-15'


    INSERT OR REPLACE INTO "pdd市场监控"
    (product_id, title, price, total_sales, monthly_sales, weekly_sales, daily_sales_tag, hot_sales, grabbed_sales, daily_increment, product_url, monitor_date, scrape_time) 
    VALUES ('458897903176', '美的家用净水器伴侣 超薄'/*+49 bytes*/, 1479.0, NULL, NULL, NULL, NULL, NULL, NULL, NULL, 'https://mobile.yangkeduo.com/goo'/*+29 bytes*/, '2026-04-15', datetime('now', 'localtime'))


    SELECT total_sales, price FROM "pdd市场监控"
    WHERE product_id = '901812772746' AND monitor_date = '2026-04-15'


    SELECT total_sales, price FROM "pdd市场监控"
    WHERE product_id = '758048911119' AND monitor_date = '2026-04-15'


    SELECT total_sales, price FROM "pdd市场监控"
    WHERE product_id = '131363133209' AND monitor_date = '2026-04-15'


    SELECT total_sales, price FROM "pdd市场监控"
    WHERE product_id = '872010839953' AND monitor_date = '2026-04-15'


    INSERT OR REPLACE INTO "pdd市场监控"
    (product_id, title, price, total_sales, monthly_sales, weekly_sales, daily_sales_tag, hot_sales, grabbed_sales, daily_increment, product_url, monitor_date, scrape_time) 
    VALUES ('872010839953', '美的前置过滤器家用超15'/*+55 bytes*/, 459.9, NULL, 213.0, NULL, NULL, NULL, NULL, NULL, 'https://mobile.yangkeduo.com/goo'/*+29 bytes*/, '2026-04-15', datetime('now', 'localtime'))


    SELECT total_sales, price FROM "pdd市场监控"
    WHERE product_id = '209020621849' AND monitor_date = '2026-04-15'


    INSERT OR REPLACE INTO "pdd市场监控"
    (product_id, title, price, total_sales, monthly_sales, weekly_sales, daily_sales_tag, hot_sales, grabbed_sales, daily_increment, product_url, monitor_date, scrape_time) 
    VALUES ('209020621849', '美的净水器反渗透全屋保'/*+55 bytes*/, 809.0, NULL, NULL, NULL, 30.0, NULL, NULL, NULL, 'https://mobile.yangkeduo.com/goo'/*+29 bytes*/, '2026-04-15', datetime('now', 'localtime'))


    SELECT total_sales, price FROM "pdd市场监控"
    WHERE product_id = '798482186210' AND monitor_date = '2026-04-15'


    SELECT total_sales, price FROM "pdd市场监控"
    WHERE product_id = '392968853596' AND monitor_date = '2026-04-15'


    INSERT OR REPLACE INTO "pdd市场监控"
    (product_id, title, price, total_sales, monthly_sales, weekly_sales, daily_sales_tag, hot_sales, grabbed_sales, daily_increment, product_url, monitor_date, scrape_time) 
    VALUES ('392968853596', '美的家用净水器 5年长效'/*+50 bytes*/, 3185.78, NULL, NULL, NULL, NULL, NULL, NULL, NULL, 'https://mobile.yangkeduo.com/goo'/*+29 bytes*/, '2026-04-15', datetime('now', 'localtime'))


    SELECT total_sales, price FROM "pdd市场监控"
    WHERE product_id = '571724488626' AND monitor_date = '2026-04-15'


    INSERT OR REPLACE INTO "pdd市场监控"
    (product_id, title, price, total_sales, monthly_sales, weekly_sales, daily_sales_tag, hot_sales, grabbed_sales, daily_increment, product_url, monitor_date, scrape_time) 
    VALUES ('571724488626', '美的净水器家用反渗透母'/*+50 bytes*/, 2553.44, NULL, NULL, NULL, NULL, NULL, NULL, NULL, 'https://mobile.yangkeduo.com/goo'/*+29 bytes*/, '2026-04-15', datetime('now', 'localtime'))


    SELECT total_sales, price FROM "pdd市场监控"
    WHERE product_id = '841994274812' AND monitor_date = '2026-04-15'


    INSERT OR REPLACE INTO "pdd市场监控"
    (product_id, title, price, total_sales, monthly_sales, weekly_sales, daily_sales_tag, hot_sales, grabbed_sales, daily_increment, product_url, monitor_date, scrape_time) 
    VALUES ('841994274812', '苏泊尔净热一体机UH01净水'/*+53 bytes*/, 1167.0, NULL, 305.0, NULL, NULL, NULL, NULL, NULL, 'https://mobile.yangkeduo.com/goo'/*+29 bytes*/, '2026-04-15', datetime('now', 'localtime'))

COMMIT
💾 当前页面数据已成功清洗并写入 SQLite 数据库。
💤 模拟人工停顿 4213 毫秒...

========================================
⏳ 准备访问第 5/16 个网址: https://mobile.yangkeduo.com/sjs_cat_rank_list.html?refer_share_id=oELKkqautphRMeJh1GRwwa66ZXp7qveZ&page_id=17542_1775701551450_adr6k9hl5d&refer_share_channel=copy_link&_pdd_fs=1&__list_version=2&display_type=base&list_sn=YWFpstRbTEA4KvkN3wH_RzCQ&scene_id=goods_detail&refer_share_uin=6NCWZWVQQSPG3MY5ZMDLWFR3KU_GEXDA&_pdd_tc=ffffff&_pdd_sbs=1&share_list_id=3283500823989010801&list_id=3283500823989010801
✅ 页面加载完成，开始检测登录状态...
🔓 状态正常：已识别到商品数据，免登陆直接放行！
🎉 成功提取到 15 条商品数据，进入数据清洗入库阶段...
BEGIN

    SELECT total_sales, price FROM "pdd市场监控"
    WHERE product_id = '802032083576' AND monitor_date = '2026-04-15'


    INSERT OR REPLACE INTO "pdd市场监控"
    (product_id, title, price, total_sales, monthly_sales, weekly_sales, daily_sales_tag, hot_sales, grabbed_sales, daily_increment, product_url, monitor_date, scrape_time) 
    VALUES ('802032083576', '海尔管线机家用加热饮水'/*+51 bytes*/, 637.0, NULL, NULL, 100.0, NULL, NULL, 4507.0, NULL, 'https://mobile.yangkeduo.com/goo'/*+29 bytes*/, '2026-04-15', datetime('now', 'localtime'))


    SELECT total_sales, price FROM "pdd市场监控"
    WHERE product_id = '916386370228' AND monitor_date = '2026-04-15'


    INSERT OR REPLACE INTO "pdd市场监控"
    (product_id, title, price, total_sales, monthly_sales, weekly_sales, daily_sales_tag, hot_sales, grabbed_sales, daily_increment, product_url, monitor_date, scrape_time) 
    VALUES ('916386370228', '海尔净水器1200G厨下家用'/*+50 bytes*/, 1247.0, NULL, NULL, NULL, NULL, NULL, 121.0, NULL, 'https://mobile.yangkeduo.com/goo'/*+29 bytes*/, '2026-04-15', datetime('now', 'localtime'))


    SELECT total_sales, price FROM "pdd市场监控"
    WHERE product_id = '425381521577' AND monitor_date = '2026-04-15'


    SELECT total_sales FROM "pdd市场监控"
    WHERE product_id = '425381521577' AND monitor_date = '2026-04-14'


    INSERT OR REPLACE INTO "pdd市场监控"
    (product_id, title, price, total_sales, monthly_sales, weekly_sales, daily_sales_tag, hot_sales, grabbed_sales, daily_increment, product_url, monitor_date, scrape_time) 
    VALUES ('425381521577', '海尔净水器家用厨下净水'/*+53 bytes*/, 900.0, 2217.0, 446.0, NULL, NULL, NULL, NULL, 5.0, 'https://mobile.yangkeduo.com/goo'/*+29 bytes*/, '2026-04-15', datetime('now', 'localtime'))


    SELECT total_sales, price FROM "pdd市场监控"
    WHERE product_id = '841994274812' AND monitor_date = '2026-04-15'


    SELECT total_sales FROM "pdd市场监控"
    WHERE product_id = '841994274812' AND monitor_date = '2026-04-14'


    INSERT OR REPLACE INTO "pdd市场监控"
    (product_id, title, price, total_sales, monthly_sales, weekly_sales, daily_sales_tag, hot_sales, grabbed_sales, daily_increment, product_url, monitor_date, scrape_time) 
    VALUES ('841994274812', '苏泊尔净热一体机UH01净水'/*+53 bytes*/, 1167.0, 11000.0, 305.0, NULL, NULL, NULL, NULL, NULL, 'https://mobile.yangkeduo.com/goo'/*+29 bytes*/, '2026-04-15', datetime('now', 'localtime'))


    SELECT total_sales, price FROM "pdd市场监控"
    WHERE product_id = '921627872916' AND monitor_date = '2026-04-15'


    SELECT total_sales FROM "pdd市场监控"
    WHERE product_id = '921627872916' AND monitor_date = '2026-04-14'


    INSERT OR REPLACE INTO "pdd市场监控"
    (product_id, title, price, total_sales, monthly_sales, weekly_sales, daily_sales_tag, hot_sales, grabbed_sales, daily_increment, product_url, monitor_date, scrape_time) 
    VALUES ('921627872916', '海尔管线机HGRZ2318厨房家'/*+54 bytes*/, 479.0, 978.0, NULL, NULL, NULL, NULL, NULL, 13.0, 'https://mobile.yangkeduo.com/goo'/*+29 bytes*/, '2026-04-15', datetime('now', 'localtime'))


    SELECT total_sales, price FROM "pdd市场监控"
    WHERE product_id = '896550700189' AND monitor_date = '2026-04-15'


    INSERT OR REPLACE INTO "pdd市场监控"
    (product_id, title, price, total_sales, monthly_sales, weekly_sales, daily_sales_tag, hot_sales, grabbed_sales, daily_increment, product_url, monitor_date, scrape_time) 
    VALUES ('896550700189', '美的净水器白月光1200GPRO'/*+52 bytes*/, 3049.0, NULL, NULL, NULL, NULL, NULL, 88.0, NULL, 'https://mobile.yangkeduo.com/goo'/*+29 bytes*/, '2026-04-15', datetime('now', 'localtime'))


    SELECT total_sales, price FROM "pdd市场监控"
    WHERE product_id = '230515442021' AND monitor_date = '2026-04-15'


    INSERT OR REPLACE INTO "pdd市场监控"
    (product_id, title, price, total_sales, monthly_sales, weekly_sales, daily_sales_tag, hot_sales, grabbed_sales, daily_increment, product_url, monitor_date, scrape_time) 
    VALUES ('230515442021', '美的净水器家用纯净双出'/*+53 bytes*/, 1809.0, NULL, NULL, NULL, NULL, NULL, 1090.0, NULL, 'https://mobile.yangkeduo.com/goo'/*+29 bytes*/, '2026-04-15', datetime('now', 'localtime'))


    SELECT total_sales, price FROM "pdd市场监控"
    WHERE product_id = '842679655438' AND monitor_date = '2026-04-15'


    INSERT OR REPLACE INTO "pdd市场监控"
    (product_id, title, price, total_sales, monthly_sales, weekly_sales, daily_sales_tag, hot_sales, grabbed_sales, daily_increment, product_url, monitor_date, scrape_time) 
    VALUES ('842679655438', '美的管线机新品UV杀菌真'/*+54 bytes*/, 1359.0, NULL, NULL, NULL, NULL, NULL, 594.0, NULL, 'https://mobile.yangkeduo.com/goo'/*+29 bytes*/, '2026-04-15', datetime('now', 'localtime'))


    SELECT total_sales, price FROM "pdd市场监控"
    WHERE product_id = '929892166268' AND monitor_date = '2026-04-15'


    INSERT OR REPLACE INTO "pdd市场监控"
    (product_id, title, price, total_sales, monthly_sales, weekly_sales, daily_sales_tag, hot_sales, grabbed_sales, daily_increment, product_url, monitor_date, scrape_time) 
    VALUES ('929892166268', '苏泊尔管线机家用速热壁'/*+54 bytes*/, 652.0, NULL, NULL, NULL, NULL, NULL, 14.0, NULL, 'https://mobile.yangkeduo.com/goo'/*+29 bytes*/, '2026-04-15', datetime('now', 'localtime'))


    SELECT total_sales, price FROM "pdd市场监控"
    WHERE product_id = '917034829515' AND monitor_date = '2026-04-15'


    SELECT total_sales FROM "pdd市场监控"
    WHERE product_id = '917034829515' AND monitor_date = '2026-04-14'


    INSERT OR REPLACE INTO "pdd市场监控"
    (product_id, title, price, total_sales, monthly_sales, weekly_sales, daily_sales_tag, hot_sales, grabbed_sales, daily_increment, product_url, monitor_date, scrape_time) 
    VALUES ('917034829515', 'VIOMI云米制冷管线机壁挂'/*+53 bytes*/, 869.0, 7831.0, NULL, NULL, NULL, NULL, NULL, 2.0, 'https://mobile.yangkeduo.com/goo'/*+29 bytes*/, '2026-04-15', datetime('now', 'localtime'))


    SELECT total_sales, price FROM "pdd市场监控"
    WHERE product_id = '761791890068' AND monitor_date = '2026-04-15'


    INSERT OR REPLACE INTO "pdd市场监控"
    (product_id, title, price, total_sales, monthly_sales, weekly_sales, daily_sales_tag, hot_sales, grabbed_sales, daily_increment, product_url, monitor_date, scrape_time) 
    VALUES ('761791890068', '华帝A520净热一体机反渗透'/*+50 bytes*/, 1315.0, NULL, NULL, NULL, NULL, NULL, 10000.0, NULL, 'https://mobile.yangkeduo.com/goo'/*+29 bytes*/, '2026-04-15', datetime('now', 'localtime'))


    SELECT total_sales, price FROM "pdd市场监控"
    WHERE product_id = '604868594644' AND monitor_date = '2026-04-15'


    INSERT OR REPLACE INTO "pdd市场监控"
    (product_id, title, price, total_sales, monthly_sales, weekly_sales, daily_sales_tag, hot_sales, grabbed_sales, daily_increment, product_url, monitor_date, scrape_time) 
    VALUES ('604868594644', '美的管线机即热直饮六档'/*+54 bytes*/, 1224.0, NULL, NULL, NULL, NULL, NULL, 64.0, NULL, 'https://mobile.yangkeduo.com/goo'/*+29 bytes*/, '2026-04-15', datetime('now', 'localtime'))


    SELECT total_sales, price FROM "pdd市场监控"
    WHERE product_id = '917001945930' AND monitor_date = '2026-04-15'


    SELECT total_sales FROM "pdd市场监控"
    WHERE product_id = '917001945930' AND monitor_date = '2026-04-14'


    INSERT OR REPLACE INTO "pdd市场监控"
    (product_id, title, price, total_sales, monthly_sales, weekly_sales, daily_sales_tag, hot_sales, grabbed_sales, daily_increment, product_url, monitor_date, scrape_time) 
    VALUES ('917001945930', '云米矿泉台式净饮机即热'/*+54 bytes*/, 931.28, 58.0, NULL, NULL, NULL, NULL, NULL, 0.0, 'https://mobile.yangkeduo.com/goo'/*+29 bytes*/, '2026-04-15', datetime('now', 'localtime'))


    SELECT total_sales, price FROM "pdd市场监控"
    WHERE product_id = '609571865095' AND monitor_date = '2026-04-15'


    INSERT OR REPLACE INTO "pdd市场监控"
    (product_id, title, price, total_sales, monthly_sales, weekly_sales, daily_sales_tag, hot_sales, grabbed_sales, daily_increment, product_url, monitor_date, scrape_time) 
    VALUES ('609571865095', '美的净水器RO反渗透净水'/*+54 bytes*/, 1239.0, NULL, NULL, NULL, NULL, NULL, 2064.0, NULL, 'https://mobile.yangkeduo.com/goo'/*+29 bytes*/, '2026-04-15', datetime('now', 'localtime'))


    SELECT total_sales, price FROM "pdd市场监控"
    WHERE product_id = '734377200143' AND monitor_date = '2026-04-15'


    INSERT OR REPLACE INTO "pdd市场监控"
    (product_id, title, price, total_sales, monthly_sales, weekly_sales, daily_sales_tag, hot_sales, grabbed_sales, daily_increment, product_url, monitor_date, scrape_time) 
    VALUES ('734377200143', '海尔台式净饮机鲜活水RO'/*+57 bytes*/, 1199.0, NULL, NULL, NULL, NULL, NULL, 36.0, NULL, 'https://mobile.yangkeduo.com/goo'/*+29 bytes*/, '2026-04-15', datetime('now', 'localtime'))

COMMIT
💾 当前页面数据已成功清洗并写入 SQLite 数据库。
💤 模拟人工停顿 3227 毫秒...

========================================
⏳ 准备访问第 6/16 个网址: https://mobile.yangkeduo.com/sjs_cat_rank_list.html?list_id=200227993010701&scene_id=goods_detail%2Crelated_goods&list_sn=YWGRw0Q0pFR5608CI7Lif-fN&__list_version=2&_pdd_fs=1&_x_share_id=iLKJf757sHkUnIicy069SB75ZkwhIUfv&refer_page_name=bangdan_list&refer_page_id=17542_1775701863123_rurzprpnud&refer_page_sn=17542&page_from=69&activeTab=0
✅ 页面加载完成，开始检测登录状态...
🔓 状态正常：已识别到商品数据，免登陆直接放行！
🎉 成功提取到 20 条商品数据，进入数据清洗入库阶段...
BEGIN

    SELECT total_sales, price FROM "pdd市场监控"
    WHERE product_id = '854824820292' AND monitor_date = '2026-04-15'


    INSERT OR REPLACE INTO "pdd市场监控"
    (product_id, title, price, total_sales, monthly_sales, weekly_sales, daily_sales_tag, hot_sales, grabbed_sales, daily_increment, product_url, monitor_date, scrape_time) 
    VALUES ('854824820292', '海尔净水器家用直饮鲜活'/*+47 bytes*/, 1159.0, NULL, NULL, 100.0, NULL, NULL, 20000.0, NULL, 'https://mobile.yangkeduo.com/goo'/*+29 bytes*/, '2026-04-15', datetime('now', 'localtime'))


    SELECT total_sales, price FROM "pdd市场监控"
    WHERE product_id = '841994274812' AND monitor_date = '2026-04-15'


    SELECT total_sales FROM "pdd市场监控"
    WHERE product_id = '841994274812' AND monitor_date = '2026-04-14'


    INSERT OR REPLACE INTO "pdd市场监控"
    (product_id, title, price, total_sales, monthly_sales, weekly_sales, daily_sales_tag, hot_sales, grabbed_sales, daily_increment, product_url, monitor_date, scrape_time) 
    VALUES ('841994274812', '苏泊尔净热一体机UH01净水'/*+53 bytes*/, 1167.0, 11000.0, 305.0, NULL, NULL, NULL, NULL, NULL, 'https://mobile.yangkeduo.com/goo'/*+29 bytes*/, '2026-04-15', datetime('now', 'localtime'))


    SELECT total_sales, price FROM "pdd市场监控"
    WHERE product_id = '878506006640' AND monitor_date = '2026-04-15'


    INSERT OR REPLACE INTO "pdd市场监控"
    (product_id, title, price, total_sales, monthly_sales, weekly_sales, daily_sales_tag, hot_sales, grabbed_sales, daily_increment, product_url, monitor_date, scrape_time) 
    VALUES ('878506006640', '苏泊尔即热净水器家用直'/*+52 bytes*/, 1538.0, NULL, 232.0, NULL, NULL, NULL, 1491.0, NULL, 'https://mobile.yangkeduo.com/goo'/*+29 bytes*/, '2026-04-15', datetime('now', 'localtime'))


    SELECT total_sales, price FROM "pdd市场监控"
    WHERE product_id = '804401295945' AND monitor_date = '2026-04-15'


    INSERT OR REPLACE INTO "pdd市场监控"
    (product_id, title, price, total_sales, monthly_sales, weekly_sales, daily_sales_tag, hot_sales, grabbed_sales, daily_increment, product_url, monitor_date, scrape_time) 
    VALUES ('804401295945', '艾美特净水器RO反渗透直'/*+57 bytes*/, 1248.0, NULL, NULL, NULL, NULL, NULL, 292.0, NULL, 'https://mobile.yangkeduo.com/goo'/*+29 bytes*/, '2026-04-15', datetime('now', 'localtime'))


    SELECT total_sales, price FROM "pdd市场监控"
    WHERE product_id = '230515442021' AND monitor_date = '2026-04-15'


    INSERT OR REPLACE INTO "pdd市场监控"
    (product_id, title, price, total_sales, monthly_sales, weekly_sales, daily_sales_tag, hot_sales, grabbed_sales, daily_increment, product_url, monitor_date, scrape_time) 
    VALUES ('230515442021', '美的净水器家用纯净双出'/*+53 bytes*/, 1809.0, NULL, NULL, NULL, NULL, NULL, 1090.0, NULL, 'https://mobile.yangkeduo.com/goo'/*+29 bytes*/, '2026-04-15', datetime('now', 'localtime'))


    SELECT total_sales, price FROM "pdd市场监控"
    WHERE product_id = '911579535573' AND monitor_date = '2026-04-15'


    INSERT OR REPLACE INTO "pdd市场监控"
    (product_id, title, price, total_sales, monthly_sales, weekly_sales, daily_sales_tag, hot_sales, grabbed_sales, daily_increment, product_url, monitor_date, scrape_time) 
    VALUES ('911579535573', 'AO史密斯佳尼特加热净水'/*+50 bytes*/, 4079.0, NULL, NULL, NULL, NULL, NULL, 56.0, NULL, 'https://mobile.yangkeduo.com/goo'/*+29 bytes*/, '2026-04-15', datetime('now', 'localtime'))


    SELECT total_sales, price FROM "pdd市场监控"
    WHERE product_id = '571724488626' AND monitor_date = '2026-04-15'


    SELECT total_sales FROM "pdd市场监控"
    WHERE product_id = '571724488626' AND monitor_date = '2026-04-14'


    INSERT OR REPLACE INTO "pdd市场监控"
    (product_id, title, price, total_sales, monthly_sales, weekly_sales, daily_sales_tag, hot_sales, grabbed_sales, daily_increment, product_url, monitor_date, scrape_time) 
    VALUES ('571724488626', '美的净水器家用反渗透母'/*+50 bytes*/, 2553.44, 16000.0, NULL, NULL, NULL, NULL, NULL, 0.0, 'https://mobile.yangkeduo.com/goo'/*+29 bytes*/, '2026-04-15', datetime('now', 'localtime'))


    SELECT total_sales, price FROM "pdd市场监控"
    WHERE product_id = '251362109724' AND monitor_date = '2026-04-15'


    INSERT OR REPLACE INTO "pdd市场监控"
    (product_id, title, price, total_sales, monthly_sales, weekly_sales, daily_sales_tag, hot_sales, grabbed_sales, daily_increment, product_url, monitor_date, scrape_time) 
    VALUES ('251362109724', '美的管线机壁挂式即热即'/*+52 bytes*/, 1014.09, NULL, NULL, NULL, NULL, NULL, 1166.0, NULL, 'https://mobile.yangkeduo.com/goo'/*+29 bytes*/, '2026-04-15', datetime('now', 'localtime'))


    SELECT total_sales, price FROM "pdd市场监控"
    WHERE product_id = '927964333158' AND monitor_date = '2026-04-15'


    INSERT OR REPLACE INTO "pdd市场监控"
    (product_id, title, price, total_sales, monthly_sales, weekly_sales, daily_sales_tag, hot_sales, grabbed_sales, daily_increment, product_url, monitor_date, scrape_time) 
    VALUES ('927964333158', '美的魔方矿泉机制冷加热'/*+50 bytes*/, 2699.0, NULL, NULL, NULL, NULL, NULL, 15.0, NULL, 'https://mobile.yangkeduo.com/goo'/*+29 bytes*/, '2026-04-15', datetime('now', 'localtime'))


    SELECT total_sales, price FROM "pdd市场监控"
    WHERE product_id = '929892166268' AND monitor_date = '2026-04-15'


    INSERT OR REPLACE INTO "pdd市场监控"
    (product_id, title, price, total_sales, monthly_sales, weekly_sales, daily_sales_tag, hot_sales, grabbed_sales, daily_increment, product_url, monitor_date, scrape_time) 
    VALUES ('929892166268', '苏泊尔管线机家用速热壁'/*+54 bytes*/, 652.0, NULL, NULL, NULL, NULL, NULL, 14.0, NULL, 'https://mobile.yangkeduo.com/goo'/*+29 bytes*/, '2026-04-15', datetime('now', 'localtime'))


    SELECT total_sales, price FROM "pdd市场监控"
    WHERE product_id = '929919776582' AND monitor_date = '2026-04-15'


    INSERT OR REPLACE INTO "pdd市场监控"
    (product_id, title, price, total_sales, monthly_sales, weekly_sales, daily_sales_tag, hot_sales, grabbed_sales, daily_increment, product_url, monitor_date, scrape_time) 
    VALUES ('929919776582', '海尔HGRZ-TF3管线机家用壁'/*+54 bytes*/, 595.0, NULL, NULL, NULL, NULL, NULL, 17.0, NULL, 'https://mobile.yangkeduo.com/goo'/*+29 bytes*/, '2026-04-15', datetime('now', 'localtime'))


    SELECT total_sales, price FROM "pdd市场监控"
    WHERE product_id = '934573256130' AND monitor_date = '2026-04-15'


    SELECT total_sales FROM "pdd市场监控"
    WHERE product_id = '934573256130' AND monitor_date = '2026-04-14'


    INSERT OR REPLACE INTO "pdd市场监控"
    (product_id, title, price, total_sales, monthly_sales, weekly_sales, daily_sales_tag, hot_sales, grabbed_sales, daily_increment, product_url, monitor_date, scrape_time) 
    VALUES ('934573256130', '海尔净水器家用智能加热'/*+57 bytes*/, 1247.0, 25.0, NULL, NULL, NULL, NULL, NULL, 5.0, 'https://mobile.yangkeduo.com/goo'/*+29 bytes*/, '2026-04-15', datetime('now', 'localtime'))


    SELECT total_sales, price FROM "pdd市场监控"
    WHERE product_id = '928583885957' AND monitor_date = '2026-04-15'


    INSERT OR REPLACE INTO "pdd市场监控"
    (product_id, title, price, total_sales, monthly_sales, weekly_sales, daily_sales_tag, hot_sales, grabbed_sales, daily_increment, product_url, monitor_date, scrape_time) 
    VALUES ('928583885957', '美的管线机家用六段控温'/*+52 bytes*/, 898.0, NULL, NULL, NULL, NULL, NULL, 13.0, NULL, 'https://mobile.yangkeduo.com/goo'/*+29 bytes*/, '2026-04-15', datetime('now', 'localtime'))


    SELECT total_sales, price FROM "pdd市场监控"
    WHERE product_id = '917034829515' AND monitor_date = '2026-04-15'


    SELECT total_sales FROM "pdd市场监控"
    WHERE product_id = '917034829515' AND monitor_date = '2026-04-14'


    INSERT OR REPLACE INTO "pdd市场监控"
    (product_id, title, price, total_sales, monthly_sales, weekly_sales, daily_sales_tag, hot_sales, grabbed_sales, daily_increment, product_url, monitor_date, scrape_time) 
    VALUES ('917034829515', 'VIOMI云米制冷管线机壁挂'/*+53 bytes*/, 869.0, 7831.0, NULL, NULL, NULL, NULL, NULL, 2.0, 'https://mobile.yangkeduo.com/goo'/*+29 bytes*/, '2026-04-15', datetime('now', 'localtime'))


    SELECT total_sales, price FROM "pdd市场监控"
    WHERE product_id = '761791890068' AND monitor_date = '2026-04-15'


    INSERT OR REPLACE INTO "pdd市场监控"
    (product_id, title, price, total_sales, monthly_sales, weekly_sales, daily_sales_tag, hot_sales, grabbed_sales, daily_increment, product_url, monitor_date, scrape_time) 
    VALUES ('761791890068', '华帝A520净热一体机反渗透'/*+50 bytes*/, 1315.0, NULL, NULL, NULL, NULL, NULL, 10000.0, NULL, 'https://mobile.yangkeduo.com/goo'/*+29 bytes*/, '2026-04-15', datetime('now', 'localtime'))


    SELECT total_sales, price FROM "pdd市场监控"
    WHERE product_id = '915869367637' AND monitor_date = '2026-04-15'


    SELECT total_sales FROM "pdd市场监控"
    WHERE product_id = '915869367637' AND monitor_date = '2026-04-14'


    INSERT OR REPLACE INTO "pdd市场监控"
    (product_id, title, price, total_sales, monthly_sales, weekly_sales, daily_sales_tag, hot_sales, grabbed_sales, daily_increment, product_url, monitor_date, scrape_time) 
    VALUES ('915869367637', '九阳净泉2100G净水器厨下'/*+52 bytes*/, 1863.0, 209.0, NULL, NULL, NULL, NULL, NULL, 1.0, 'https://mobile.yangkeduo.com/goo'/*+29 bytes*/, '2026-04-15', datetime('now', 'localtime'))


    SELECT total_sales, price FROM "pdd市场监控"
    WHERE product_id = '540925512199' AND monitor_date = '2026-04-15'


    INSERT OR REPLACE INTO "pdd市场监控"
    (product_id, title, price, total_sales, monthly_sales, weekly_sales, daily_sales_tag, hot_sales, grabbed_sales, daily_increment, product_url, monitor_date, scrape_time) 
    VALUES ('540925512199', '海尔台式净饮机家用净水'/*+56 bytes*/, 999.0, NULL, NULL, NULL, NULL, NULL, 51000.0, NULL, 'https://mobile.yangkeduo.com/goo'/*+29 bytes*/, '2026-04-15', datetime('now', 'localtime'))


    SELECT total_sales, price FROM "pdd市场监控"
    WHERE product_id = '917001945930' AND monitor_date = '2026-04-15'


    SELECT total_sales FROM "pdd市场监控"
    WHERE product_id = '917001945930' AND monitor_date = '2026-04-14'


    INSERT OR REPLACE INTO "pdd市场监控"
    (product_id, title, price, total_sales, monthly_sales, weekly_sales, daily_sales_tag, hot_sales, grabbed_sales, daily_increment, product_url, monitor_date, scrape_time) 
    VALUES ('917001945930', '云米矿泉台式净饮机即热'/*+54 bytes*/, 931.28, 58.0, NULL, NULL, NULL, NULL, NULL, 0.0, 'https://mobile.yangkeduo.com/goo'/*+29 bytes*/, '2026-04-15', datetime('now', 'localtime'))


    SELECT total_sales, price FROM "pdd市场监控"
    WHERE product_id = '925180154859' AND monitor_date = '2026-04-15'


    INSERT OR REPLACE INTO "pdd市场监控"
    (product_id, title, price, total_sales, monthly_sales, weekly_sales, daily_sales_tag, hot_sales, grabbed_sales, daily_increment, product_url, monitor_date, scrape_time) 
    VALUES ('925180154859', '美的家用直饮加热净水器'/*+48 bytes*/, 3399.0, NULL, NULL, NULL, NULL, NULL, 5.0, NULL, 'https://mobile.yangkeduo.com/goo'/*+29 bytes*/, '2026-04-15', datetime('now', 'localtime'))


    SELECT total_sales, price FROM "pdd市场监控"
    WHERE product_id = '364990106384' AND monitor_date = '2026-04-15'


    INSERT OR REPLACE INTO "pdd市场监控"
    (product_id, title, price, total_sales, monthly_sales, weekly_sales, daily_sales_tag, hot_sales, grabbed_sales, daily_increment, product_url, monitor_date, scrape_time) 
    VALUES ('364990106384', '云米即热净水器厨房家用'/*+43 bytes*/, 1598.85, NULL, NULL, NULL, NULL, NULL, 405.0, NULL, 'https://mobile.yangkeduo.com/goo'/*+29 bytes*/, '2026-04-15', datetime('now', 'localtime'))

COMMIT
💾 当前页面数据已成功清洗并写入 SQLite 数据库。
💤 模拟人工停顿 2288 毫秒...

========================================
⏳ 准备访问第 7/16 个网址: https://mobile.yangkeduo.com/sjs_cat_rank_list.html?list_id=3283500945926010801&scene_id=goods_detail%2Crelated_goods&list_sn=YWFgklt0I9jQl1bvOU5J9V8u&__list_version=2&_pdd_fs=1&_x_share_id=oELKkqautphRMeJh1GRwwa66ZXp7qveZ&refer_page_name=bangdan_list&refer_page_id=17542_1775701551450_adr6k9hl5d&refer_page_sn=17542&page_from=69&activeTab=0
✅ 页面加载完成，开始检测登录状态...
🔓 状态正常：已识别到商品数据，免登陆直接放行！
🎉 成功提取到 20 条商品数据，进入数据清洗入库阶段...
BEGIN

    SELECT total_sales, price FROM "pdd市场监控"
    WHERE product_id = '131363133209' AND monitor_date = '2026-04-15'


    SELECT total_sales FROM "pdd市场监控"
    WHERE product_id = '131363133209' AND monitor_date = '2026-04-14'


    INSERT OR REPLACE INTO "pdd市场监控"
    (product_id, title, price, total_sales, monthly_sales, weekly_sales, daily_sales_tag, hot_sales, grabbed_sales, daily_increment, product_url, monitor_date, scrape_time) 
    VALUES ('131363133209', '海尔前置过滤器全屋自来'/*+53 bytes*/, 287.0, 142000.0, NULL, NULL, 100.0, NULL, NULL, 0.0, 'https://mobile.yangkeduo.com/goo'/*+29 bytes*/, '2026-04-15', datetime('now', 'localtime'))


    SELECT total_sales, price FROM "pdd市场监控"
    WHERE product_id = '726880345881' AND monitor_date = '2026-04-15'


    SELECT total_sales FROM "pdd市场监控"
    WHERE product_id = '726880345881' AND monitor_date = '2026-04-14'


    INSERT OR REPLACE INTO "pdd市场监控"
    (product_id, title, price, total_sales, monthly_sales, weekly_sales, daily_sales_tag, hot_sales, grabbed_sales, daily_increment, product_url, monitor_date, scrape_time) 
    VALUES ('726880345881', '海尔全屋前置过滤器家用'/*+57 bytes*/, 619.0, 4865.0, NULL, NULL, 30.0, NULL, NULL, 15.0, 'https://mobile.yangkeduo.com/goo'/*+29 bytes*/, '2026-04-15', datetime('now', 'localtime'))


    SELECT total_sales, price FROM "pdd市场监控"
    WHERE product_id = '824870103252' AND monitor_date = '2026-04-15'


    INSERT OR REPLACE INTO "pdd市场监控"
    (product_id, title, price, total_sales, monthly_sales, weekly_sales, daily_sales_tag, hot_sales, grabbed_sales, daily_increment, product_url, monitor_date, scrape_time) 
    VALUES ('824870103252', '海尔新款净水器前置全屋'/*+51 bytes*/, 445.0, NULL, NULL, NULL, 30.0, NULL, 2138.0, NULL, 'https://mobile.yangkeduo.com/goo'/*+29 bytes*/, '2026-04-15', datetime('now', 'localtime'))


    SELECT total_sales, price FROM "pdd市场监控"
    WHERE product_id = '711881031979' AND monitor_date = '2026-04-15'


    SELECT total_sales FROM "pdd市场监控"
    WHERE product_id = '711881031979' AND monitor_date = '2026-04-14'


    INSERT OR REPLACE INTO "pdd市场监控"
    (product_id, title, price, total_sales, monthly_sales, weekly_sales, daily_sales_tag, hot_sales, grabbed_sales, daily_increment, product_url, monitor_date, scrape_time) 
    VALUES ('711881031979', '海尔净水器家用厨下式直'/*+56 bytes*/, 846.0, 11000.0, NULL, 200.0, NULL, NULL, NULL, 0.0, 'https://mobile.yangkeduo.com/goo'/*+29 bytes*/, '2026-04-15', datetime('now', 'localtime'))


    SELECT total_sales, price FROM "pdd市场监控"
    WHERE product_id = '802032083576' AND monitor_date = '2026-04-15'


    INSERT OR REPLACE INTO "pdd市场监控"
    (product_id, title, price, total_sales, monthly_sales, weekly_sales, daily_sales_tag, hot_sales, grabbed_sales, daily_increment, product_url, monitor_date, scrape_time) 
    VALUES ('802032083576', '海尔管线机家用加热饮水'/*+51 bytes*/, 637.0, NULL, NULL, 100.0, NULL, NULL, 4507.0, NULL, 'https://mobile.yangkeduo.com/goo'/*+29 bytes*/, '2026-04-15', datetime('now', 'localtime'))


    SELECT total_sales, price FROM "pdd市场监控"
    WHERE product_id = '785356830165' AND monitor_date = '2026-04-15'


    SELECT total_sales FROM "pdd市场监控"
    WHERE product_id = '785356830165' AND monitor_date = '2026-04-14'


    INSERT OR REPLACE INTO "pdd市场监控"
    (product_id, title, price, total_sales, monthly_sales, weekly_sales, daily_sales_tag, hot_sales, grabbed_sales, daily_increment, product_url, monitor_date, scrape_time) 
    VALUES ('785356830165', '海尔1200G鲜活水抑菌芯家'/*+53 bytes*/, 999.0, 5407.0, NULL, 100.0, NULL, NULL, NULL, 2.0, 'https://mobile.yangkeduo.com/goo'/*+29 bytes*/, '2026-04-15', datetime('now', 'localtime'))


    SELECT total_sales, price FROM "pdd市场监控"
    WHERE product_id = '925797846179' AND monitor_date = '2026-04-15'


    INSERT OR REPLACE INTO "pdd市场监控"
    (product_id, title, price, total_sales, monthly_sales, weekly_sales, daily_sales_tag, hot_sales, grabbed_sales, daily_increment, product_url, monitor_date, scrape_time) 
    VALUES ('925797846179', '海尔净水器厨下直饮家用'/*+43 bytes*/, 1437.85, NULL, 494.0, NULL, NULL, NULL, 2369.0, NULL, 'https://mobile.yangkeduo.com/goo'/*+29 bytes*/, '2026-04-15', datetime('now', 'localtime'))


    SELECT total_sales, price FROM "pdd市场监控"
    WHERE product_id = '916386370228' AND monitor_date = '2026-04-15'


    INSERT OR REPLACE INTO "pdd市场监控"
    (product_id, title, price, total_sales, monthly_sales, weekly_sales, daily_sales_tag, hot_sales, grabbed_sales, daily_increment, product_url, monitor_date, scrape_time) 
    VALUES ('916386370228', '海尔净水器1200G厨下家用'/*+50 bytes*/, 1247.0, NULL, NULL, NULL, NULL, NULL, 121.0, NULL, 'https://mobile.yangkeduo.com/goo'/*+29 bytes*/, '2026-04-15', datetime('now', 'localtime'))


    SELECT total_sales, price FROM "pdd市场监控"
    WHERE product_id = '425381521577' AND monitor_date = '2026-04-15'


    SELECT total_sales FROM "pdd市场监控"
    WHERE product_id = '425381521577' AND monitor_date = '2026-04-14'


    INSERT OR REPLACE INTO "pdd市场监控"
    (product_id, title, price, total_sales, monthly_sales, weekly_sales, daily_sales_tag, hot_sales, grabbed_sales, daily_increment, product_url, monitor_date, scrape_time) 
    VALUES ('425381521577', '海尔净水器家用厨下净水'/*+53 bytes*/, 900.0, 2217.0, 446.0, NULL, NULL, NULL, NULL, 5.0, 'https://mobile.yangkeduo.com/goo'/*+29 bytes*/, '2026-04-15', datetime('now', 'localtime'))


    SELECT total_sales, price FROM "pdd市场监控"
    WHERE product_id = '921627872916' AND monitor_date = '2026-04-15'


    SELECT total_sales FROM "pdd市场监控"
    WHERE product_id = '921627872916' AND monitor_date = '2026-04-14'


    INSERT OR REPLACE INTO "pdd市场监控"
    (product_id, title, price, total_sales, monthly_sales, weekly_sales, daily_sales_tag, hot_sales, grabbed_sales, daily_increment, product_url, monitor_date, scrape_time) 
    VALUES ('921627872916', '海尔管线机HGRZ2318厨房家'/*+54 bytes*/, 479.0, 978.0, NULL, NULL, NULL, NULL, NULL, 13.0, 'https://mobile.yangkeduo.com/goo'/*+29 bytes*/, '2026-04-15', datetime('now', 'localtime'))


    SELECT total_sales, price FROM "pdd市场监控"
    WHERE product_id = '816503125802' AND monitor_date = '2026-04-15'


    INSERT OR REPLACE INTO "pdd市场监控"
    (product_id, title, price, total_sales, monthly_sales, weekly_sales, daily_sales_tag, hot_sales, grabbed_sales, daily_increment, product_url, monitor_date, scrape_time) 
    VALUES ('816503125802', '海尔净水器家用鲜活水PR'/*+54 bytes*/, 1039.0, NULL, NULL, NULL, NULL, NULL, 50000.0, NULL, 'https://mobile.yangkeduo.com/goo'/*+29 bytes*/, '2026-04-15', datetime('now', 'localtime'))


    SELECT total_sales, price FROM "pdd市场监控"
    WHERE product_id = '858161443127' AND monitor_date = '2026-04-15'


    INSERT OR REPLACE INTO "pdd市场监控"
    (product_id, title, price, total_sales, monthly_sales, weekly_sales, daily_sales_tag, hot_sales, grabbed_sales, daily_increment, product_url, monitor_date, scrape_time) 
    VALUES ('858161443127', '海尔新款鲜活水PROMAX净水'/*+48 bytes*/, 2045.32, NULL, NULL, NULL, NULL, NULL, 25.0, NULL, 'https://mobile.yangkeduo.com/goo'/*+29 bytes*/, '2026-04-15', datetime('now', 'localtime'))


    SELECT total_sales, price FROM "pdd市场监控"
    WHERE product_id = '722501701976' AND monitor_date = '2026-04-15'


    INSERT OR REPLACE INTO "pdd市场监控"
    (product_id, title, price, total_sales, monthly_sales, weekly_sales, daily_sales_tag, hot_sales, grabbed_sales, daily_increment, product_url, monitor_date, scrape_time) 
    VALUES ('722501701976', '海尔家用厨下鲜活净水器'/*+49 bytes*/, 849.0, NULL, NULL, NULL, NULL, NULL, 8970.0, NULL, 'https://mobile.yangkeduo.com/goo'/*+29 bytes*/, '2026-04-15', datetime('now', 'localtime'))


    SELECT total_sales, price FROM "pdd市场监控"
    WHERE product_id = '928668117918' AND monitor_date = '2026-04-15'


    INSERT OR REPLACE INTO "pdd市场监控"
    (product_id, title, price, total_sales, monthly_sales, weekly_sales, daily_sales_tag, hot_sales, grabbed_sales, daily_increment, product_url, monitor_date, scrape_time) 
    VALUES ('928668117918', '海尔中央软水机家用全屋'/*+50 bytes*/, 2721.09, NULL, NULL, NULL, NULL, NULL, 11.0, NULL, 'https://mobile.yangkeduo.com/goo'/*+29 bytes*/, '2026-04-15', datetime('now', 'localtime'))


    SELECT total_sales, price FROM "pdd市场监控"
    WHERE product_id = '932532182246' AND monitor_date = '2026-04-15'


    SELECT total_sales FROM "pdd市场监控"
    WHERE product_id = '932532182246' AND monitor_date = '2026-04-14'


    INSERT OR REPLACE INTO "pdd市场监控"
    (product_id, title, price, total_sales, monthly_sales, weekly_sales, daily_sales_tag, hot_sales, grabbed_sales, daily_increment, product_url, monitor_date, scrape_time) 
    VALUES ('932532182246', '海尔净鲜活水家用净水器'/*+56 bytes*/, 1056.0, 102.0, NULL, NULL, NULL, NULL, NULL, NULL, 'https://mobile.yangkeduo.com/goo'/*+29 bytes*/, '2026-04-15', datetime('now', 'localtime'))


    SELECT total_sales, price FROM "pdd市场监控"
    WHERE product_id = '934573256130' AND monitor_date = '2026-04-15'


    SELECT total_sales FROM "pdd市场监控"
    WHERE product_id = '934573256130' AND monitor_date = '2026-04-14'


    INSERT OR REPLACE INTO "pdd市场监控"
    (product_id, title, price, total_sales, monthly_sales, weekly_sales, daily_sales_tag, hot_sales, grabbed_sales, daily_increment, product_url, monitor_date, scrape_time) 
    VALUES ('934573256130', '海尔净水器家用智能加热'/*+57 bytes*/, 1247.0, 25.0, NULL, NULL, NULL, NULL, NULL, 5.0, 'https://mobile.yangkeduo.com/goo'/*+29 bytes*/, '2026-04-15', datetime('now', 'localtime'))


    SELECT total_sales, price FROM "pdd市场监控"
    WHERE product_id = '201255739108' AND monitor_date = '2026-04-15'


    INSERT OR REPLACE INTO "pdd市场监控"
    (product_id, title, price, total_sales, monthly_sales, weekly_sales, daily_sales_tag, hot_sales, grabbed_sales, daily_increment, product_url, monitor_date, scrape_time) 
    VALUES ('201255739108', '海尔净水器家用厨房自来'/*+56 bytes*/, 1308.0, NULL, NULL, NULL, NULL, NULL, 6841.0, NULL, 'https://mobile.yangkeduo.com/goo'/*+29 bytes*/, '2026-04-15', datetime('now', 'localtime'))


    SELECT total_sales, price FROM "pdd市场监控"
    WHERE product_id = '915685741737' AND monitor_date = '2026-04-15'


    INSERT OR REPLACE INTO "pdd市场监控"
    (product_id, title, price, total_sales, monthly_sales, weekly_sales, daily_sales_tag, hot_sales, grabbed_sales, daily_increment, product_url, monitor_date, scrape_time) 
    VALUES ('915685741737', '海尔家用净水器小红花系'/*+54 bytes*/, 2109.0, NULL, NULL, NULL, NULL, NULL, 10.0, NULL, 'https://mobile.yangkeduo.com/goo'/*+29 bytes*/, '2026-04-15', datetime('now', 'localtime'))


    SELECT total_sales, price FROM "pdd市场监控"
    WHERE product_id = '916890425155' AND monitor_date = '2026-04-15'


    INSERT OR REPLACE INTO "pdd市场监控"
    (product_id, title, price, total_sales, monthly_sales, weekly_sales, daily_sales_tag, hot_sales, grabbed_sales, daily_increment, product_url, monitor_date, scrape_time) 
    VALUES ('916890425155', '海尔鲜活水3.0抑菌1000G家'/*+53 bytes*/, 999.0, NULL, NULL, NULL, NULL, NULL, 12.0, NULL, 'https://mobile.yangkeduo.com/goo'/*+29 bytes*/, '2026-04-15', datetime('now', 'localtime'))


    SELECT total_sales, price FROM "pdd市场监控"
    WHERE product_id = '931845754150' AND monitor_date = '2026-04-15'


    INSERT OR REPLACE INTO "pdd市场监控"
    (product_id, title, price, total_sales, monthly_sales, weekly_sales, daily_sales_tag, hot_sales, grabbed_sales, daily_increment, product_url, monitor_date, scrape_time) 
    VALUES ('931845754150', '海尔前置过滤器五涡轮自'/*+54 bytes*/, 469.0, NULL, NULL, NULL, NULL, NULL, 7.0, NULL, 'https://mobile.yangkeduo.com/goo'/*+29 bytes*/, '2026-04-15', datetime('now', 'localtime'))

COMMIT
💾 当前页面数据已成功清洗并写入 SQLite 数据库。
💤 模拟人工停顿 2782 毫秒...

========================================
⏳ 准备访问第 8/16 个网址: https://mobile.yangkeduo.com/sjs_cat_rank_list.html?list_id=79853010201&scene_id=goods_detail%2Crelated_goods&list_sn=YWG8FnAJIcfbwkU_A_RXQT_L&__list_version=2&_pdd_fs=1&_x_share_id=oELKkqautphRMeJh1GRwwa66ZXp7qveZ&refer_page_name=bangdan_list&refer_page_id=17542_1775701551450_adr6k9hl5d&refer_page_sn=17542&page_from=69&activeTab=0
✅ 页面加载完成，开始检测登录状态...
🔓 状态正常：已识别到商品数据，免登陆直接放行！
🎉 成功提取到 50 条商品数据，进入数据清洗入库阶段...
BEGIN

    SELECT total_sales, price FROM "pdd市场监控"
    WHERE product_id = '929920369076' AND monitor_date = '2026-04-15'


    INSERT OR REPLACE INTO "pdd市场监控"
    (product_id, title, price, total_sales, monthly_sales, weekly_sales, daily_sales_tag, hot_sales, grabbed_sales, daily_increment, product_url, monitor_date, scrape_time) 
    VALUES ('929920369076', '小米米家净水器800G家用厨'/*+54 bytes*/, 839.0, NULL, NULL, NULL, 40.0, NULL, 173.0, NULL, 'https://mobile.yangkeduo.com/goo'/*+29 bytes*/, '2026-04-15', datetime('now', 'localtime'))


    SELECT total_sales, price FROM "pdd市场监控"
    WHERE product_id = '353140007622' AND monitor_date = '2026-04-15'


    SELECT total_sales FROM "pdd市场监控"
    WHERE product_id = '353140007622' AND monitor_date = '2026-04-14'


    INSERT OR REPLACE INTO "pdd市场监控"
    (product_id, title, price, total_sales, monthly_sales, weekly_sales, daily_sales_tag, hot_sales, grabbed_sales, daily_increment, product_url, monitor_date, scrape_time) 
    VALUES ('353140007622', '美的家用净水器 6年长效'/*+52 bytes*/, 1808.9, 13000.0, NULL, 100.0, NULL, NULL, NULL, 0.0, 'https://mobile.yangkeduo.com/goo'/*+29 bytes*/, '2026-04-15', datetime('now', 'localtime'))


    SELECT total_sales, price FROM "pdd市场监控"
    WHERE product_id = '854824820292' AND monitor_date = '2026-04-15'


    INSERT OR REPLACE INTO "pdd市场监控"
    (product_id, title, price, total_sales, monthly_sales, weekly_sales, daily_sales_tag, hot_sales, grabbed_sales, daily_increment, product_url, monitor_date, scrape_time) 
    VALUES ('854824820292', '海尔净水器家用直饮鲜活'/*+47 bytes*/, 1159.0, NULL, NULL, 100.0, NULL, NULL, 20000.0, NULL, 'https://mobile.yangkeduo.com/goo'/*+29 bytes*/, '2026-04-15', datetime('now', 'localtime'))


    SELECT total_sales, price FROM "pdd市场监控"
    WHERE product_id = '711881031979' AND monitor_date = '2026-04-15'


    SELECT total_sales FROM "pdd市场监控"
    WHERE product_id = '711881031979' AND monitor_date = '2026-04-14'


    INSERT OR REPLACE INTO "pdd市场监控"
    (product_id, title, price, total_sales, monthly_sales, weekly_sales, daily_sales_tag, hot_sales, grabbed_sales, daily_increment, product_url, monitor_date, scrape_time) 
    VALUES ('711881031979', '海尔净水器家用厨下式直'/*+56 bytes*/, 846.0, 11000.0, NULL, 200.0, NULL, NULL, NULL, 0.0, 'https://mobile.yangkeduo.com/goo'/*+29 bytes*/, '2026-04-15', datetime('now', 'localtime'))


    SELECT total_sales, price FROM "pdd市场监控"
    WHERE product_id = '5085107966' AND monitor_date = '2026-04-15'


    SELECT total_sales FROM "pdd市场监控"
    WHERE product_id = '5085107966' AND monitor_date = '2026-04-14'


    INSERT OR REPLACE INTO "pdd市场监控"
    (product_id, title, price, total_sales, monthly_sales, weekly_sales, daily_sales_tag, hot_sales, grabbed_sales, daily_increment, product_url, monitor_date, scrape_time) 
    VALUES ('5085107966', '美的家用净水器直饮机厨'/*+41 bytes*/, 928.0, 187000.0, NULL, 100.0, NULL, NULL, NULL, 0.0, 'https://mobile.yangkeduo.com/goo'/*+27 bytes*/, '2026-04-15', datetime('now', 'localtime'))


    SELECT total_sales, price FROM "pdd市场监控"
    WHERE product_id = '868851073714' AND monitor_date = '2026-04-15'


    SELECT total_sales FROM "pdd市场监控"
    WHERE product_id = '868851073714' AND monitor_date = '2026-04-14'


    INSERT OR REPLACE INTO "pdd市场监控"
    (product_id, title, price, total_sales, monthly_sales, weekly_sales, daily_sales_tag, hot_sales, grabbed_sales, daily_increment, product_url, monitor_date, scrape_time) 
    VALUES ('868851073714', 'VIOMI云米小海豚3 厨下净水'/*+39 bytes*/, 499.0, 1354.0, NULL, 100.0, NULL, NULL, NULL, 16.0, 'https://mobile.yangkeduo.com/goo'/*+29 bytes*/, '2026-04-15', datetime('now', 'localtime'))


    SELECT total_sales, price FROM "pdd市场监控"
    WHERE product_id = '885690465484' AND monitor_date = '2026-04-15'


    SELECT total_sales FROM "pdd市场监控"
    WHERE product_id = '885690465484' AND monitor_date = '2026-04-14'


    INSERT OR REPLACE INTO "pdd市场监控"
    (product_id, title, price, total_sales, monthly_sales, weekly_sales, daily_sales_tag, hot_sales, grabbed_sales, daily_increment, product_url, monitor_date, scrape_time) 
    VALUES ('885690465484', 'VIOMI云米净水器小海豚600'/*+43 bytes*/, 559.0, 29000.0, NULL, NULL, 30.0, NULL, NULL, NULL, 'https://mobile.yangkeduo.com/goo'/*+29 bytes*/, '2026-04-15', datetime('now', 'localtime'))


    SELECT total_sales, price FROM "pdd市场监控"
    WHERE product_id = '794044940174' AND monitor_date = '2026-04-15'


    SELECT total_sales FROM "pdd市场监控"
    WHERE product_id = '794044940174' AND monitor_date = '2026-04-14'


    INSERT OR REPLACE INTO "pdd市场监控"
    (product_id, title, price, total_sales, monthly_sales, weekly_sales, daily_sales_tag, hot_sales, grabbed_sales, daily_increment, product_url, monitor_date, scrape_time) 
    VALUES ('794044940174', '小米米家净水器N1 800G家用'/*+50 bytes*/, 759.0, 13000.0, NULL, 100.0, NULL, NULL, NULL, NULL, 'https://mobile.yangkeduo.com/goo'/*+29 bytes*/, '2026-04-15', datetime('now', 'localtime'))


    SELECT total_sales, price FROM "pdd市场监控"
    WHERE product_id = '785356830165' AND monitor_date = '2026-04-15'


    SELECT total_sales FROM "pdd市场监控"
    WHERE product_id = '785356830165' AND monitor_date = '2026-04-14'


    INSERT OR REPLACE INTO "pdd市场监控"
    (product_id, title, price, total_sales, monthly_sales, weekly_sales, daily_sales_tag, hot_sales, grabbed_sales, daily_increment, product_url, monitor_date, scrape_time) 
    VALUES ('785356830165', '海尔1200G鲜活水抑菌芯家'/*+53 bytes*/, 999.0, 5407.0, NULL, 100.0, NULL, NULL, NULL, 2.0, 'https://mobile.yangkeduo.com/goo'/*+29 bytes*/, '2026-04-15', datetime('now', 'localtime'))


    SELECT total_sales, price FROM "pdd市场监控"
    WHERE product_id = '562373219461' AND monitor_date = '2026-04-15'


    INSERT OR REPLACE INTO "pdd市场监控"
    (product_id, title, price, total_sales, monthly_sales, weekly_sales, daily_sales_tag, hot_sales, grabbed_sales, daily_increment, product_url, monitor_date, scrape_time) 
    VALUES ('562373219461', '海尔净水机家用新款母婴'/*+56 bytes*/, 849.0, NULL, NULL, 100.0, NULL, NULL, 2733.0, NULL, 'https://mobile.yangkeduo.com/goo'/*+29 bytes*/, '2026-04-15', datetime('now', 'localtime'))


    SELECT total_sales, price FROM "pdd市场监控"
    WHERE product_id = '925797846179' AND monitor_date = '2026-04-15'


    INSERT OR REPLACE INTO "pdd市场监控"
    (product_id, title, price, total_sales, monthly_sales, weekly_sales, daily_sales_tag, hot_sales, grabbed_sales, daily_increment, product_url, monitor_date, scrape_time) 
    VALUES ('925797846179', '海尔净水器厨下直饮家用'/*+43 bytes*/, 1437.85, NULL, 494.0, NULL, NULL, NULL, 2369.0, NULL, 'https://mobile.yangkeduo.com/goo'/*+29 bytes*/, '2026-04-15', datetime('now', 'localtime'))


    SELECT total_sales, price FROM "pdd市场监控"
    WHERE product_id = '381325784135' AND monitor_date = '2026-04-15'


    SELECT total_sales FROM "pdd市场监控"
    WHERE product_id = '381325784135' AND monitor_date = '2026-04-14'


    INSERT OR REPLACE INTO "pdd市场监控"
    (product_id, title, price, total_sales, monthly_sales, weekly_sales, daily_sales_tag, hot_sales, grabbed_sales, daily_increment, product_url, monitor_date, scrape_time) 
    VALUES ('381325784135', '美的净水器家用陶氏5年R'/*+48 bytes*/, 1674.0, 1757.0, 250.0, NULL, NULL, NULL, NULL, 13.0, 'https://mobile.yangkeduo.com/goo'/*+29 bytes*/, '2026-04-15', datetime('now', 'localtime'))


    SELECT total_sales, price FROM "pdd市场监控"
    WHERE product_id = '758048911119' AND monitor_date = '2026-04-15'


    SELECT total_sales FROM "pdd市场监控"
    WHERE product_id = '758048911119' AND monitor_date = '2026-04-14'


    INSERT OR REPLACE INTO "pdd市场监控"
    (product_id, title, price, total_sales, monthly_sales, weekly_sales, daily_sales_tag, hot_sales, grabbed_sales, daily_increment, product_url, monitor_date, scrape_time) 
    VALUES ('758048911119', '美的净水器家用接近1200G'/*+54 bytes*/, 809.54, 18000.0, 390.0, NULL, NULL, NULL, NULL, 0.0, 'https://mobile.yangkeduo.com/goo'/*+29 bytes*/, '2026-04-15', datetime('now', 'localtime'))


    SELECT total_sales, price FROM "pdd市场监控"
    WHERE product_id = '848527848893' AND monitor_date = '2026-04-15'


    SELECT total_sales FROM "pdd市场监控"
    WHERE product_id = '848527848893' AND monitor_date = '2026-04-14'


    INSERT OR REPLACE INTO "pdd市场监控"
    (product_id, title, price, total_sales, monthly_sales, weekly_sales, daily_sales_tag, hot_sales, grabbed_sales, daily_increment, product_url, monitor_date, scrape_time) 
    VALUES ('848527848893', '美的弱碱净水器星河3.0矿'/*+47 bytes*/, 2946.99, 101.0, NULL, NULL, NULL, NULL, NULL, 3.0, 'https://mobile.yangkeduo.com/goo'/*+29 bytes*/, '2026-04-15', datetime('now', 'localtime'))


    SELECT total_sales, price FROM "pdd市场监控"
    WHERE product_id = '879142169572' AND monitor_date = '2026-04-15'


    SELECT total_sales FROM "pdd市场监控"
    WHERE product_id = '879142169572' AND monitor_date = '2026-04-14'


    INSERT OR REPLACE INTO "pdd市场监控"
    (product_id, title, price, total_sales, monthly_sales, weekly_sales, daily_sales_tag, hot_sales, grabbed_sales, daily_increment, product_url, monitor_date, scrape_time) 
    VALUES ('879142169572', '海尔净水器鲜活水PRO家用'/*+45 bytes*/, 850.0, 7478.0, 200.0, NULL, NULL, NULL, NULL, 713.0, 'https://mobile.yangkeduo.com/goo'/*+29 bytes*/, '2026-04-15', datetime('now', 'localtime'))


    SELECT total_sales, price FROM "pdd市场监控"
    WHERE product_id = '916386370228' AND monitor_date = '2026-04-15'


    INSERT OR REPLACE INTO "pdd市场监控"
    (product_id, title, price, total_sales, monthly_sales, weekly_sales, daily_sales_tag, hot_sales, grabbed_sales, daily_increment, product_url, monitor_date, scrape_time) 
    VALUES ('916386370228', '海尔净水器1200G厨下家用'/*+50 bytes*/, 1247.0, NULL, NULL, NULL, NULL, NULL, 121.0, NULL, 'https://mobile.yangkeduo.com/goo'/*+29 bytes*/, '2026-04-15', datetime('now', 'localtime'))


    SELECT total_sales, price FROM "pdd市场监控"
    WHERE product_id = '917687138596' AND monitor_date = '2026-04-15'


    SELECT total_sales FROM "pdd市场监控"
    WHERE product_id = '917687138596' AND monitor_date = '2026-04-14'


    INSERT OR REPLACE INTO "pdd市场监控"
    (product_id, title, price, total_sales, monthly_sales, weekly_sales, daily_sales_tag, hot_sales, grabbed_sales, daily_increment, product_url, monitor_date, scrape_time) 
    VALUES ('917687138596', '美的净水器1000G大通量母'/*+54 bytes*/, 1049.0, 201.0, NULL, NULL, NULL, NULL, NULL, 7.0, 'https://mobile.yangkeduo.com/goo'/*+29 bytes*/, '2026-04-15', datetime('now', 'localtime'))


    SELECT total_sales, price FROM "pdd市场监控"
    WHERE product_id = '636268671849' AND monitor_date = '2026-04-15'


    SELECT total_sales FROM "pdd市场监控"
    WHERE product_id = '636268671849' AND monitor_date = '2026-04-14'


    INSERT OR REPLACE INTO "pdd市场监控"
    (product_id, title, price, total_sales, monthly_sales, weekly_sales, daily_sales_tag, hot_sales, grabbed_sales, daily_increment, product_url, monitor_date, scrape_time) 
    VALUES ('636268671849', 'AO史密斯净水器家用直饮'/*+54 bytes*/, 1607.0, 1938.0, 327.0, NULL, NULL, NULL, NULL, 6.0, 'https://mobile.yangkeduo.com/goo'/*+29 bytes*/, '2026-04-15', datetime('now', 'localtime'))


    SELECT total_sales, price FROM "pdd市场监控"
    WHERE product_id = '425381521577' AND monitor_date = '2026-04-15'


    SELECT total_sales FROM "pdd市场监控"
    WHERE product_id = '425381521577' AND monitor_date = '2026-04-14'


    INSERT OR REPLACE INTO "pdd市场监控"
    (product_id, title, price, total_sales, monthly_sales, weekly_sales, daily_sales_tag, hot_sales, grabbed_sales, daily_increment, product_url, monitor_date, scrape_time) 
    VALUES ('425381521577', '海尔净水器家用厨下净水'/*+53 bytes*/, 900.0, 2217.0, 446.0, NULL, NULL, NULL, NULL, 5.0, 'https://mobile.yangkeduo.com/goo'/*+29 bytes*/, '2026-04-15', datetime('now', 'localtime'))


    SELECT total_sales, price FROM "pdd市场监控"
    WHERE product_id = '841994274812' AND monitor_date = '2026-04-15'


    SELECT total_sales FROM "pdd市场监控"
    WHERE product_id = '841994274812' AND monitor_date = '2026-04-14'


    INSERT OR REPLACE INTO "pdd市场监控"
    (product_id, title, price, total_sales, monthly_sales, weekly_sales, daily_sales_tag, hot_sales, grabbed_sales, daily_increment, product_url, monitor_date, scrape_time) 
    VALUES ('841994274812', '苏泊尔净热一体机UH01净水'/*+53 bytes*/, 1167.0, 11000.0, 305.0, NULL, NULL, NULL, NULL, NULL, 'https://mobile.yangkeduo.com/goo'/*+29 bytes*/, '2026-04-15', datetime('now', 'localtime'))


    SELECT total_sales, price FROM "pdd市场监控"
    WHERE product_id = '868851073714' AND monitor_date = '2026-04-15'


    SELECT total_sales, price FROM "pdd市场监控"
    WHERE product_id = '794044940174' AND monitor_date = '2026-04-15'


    SELECT total_sales, price FROM "pdd市场监控"
    WHERE product_id = '711881031979' AND monitor_date = '2026-04-15'


    SELECT total_sales, price FROM "pdd市场监控"
    WHERE product_id = '785356830165' AND monitor_date = '2026-04-15'


    SELECT total_sales, price FROM "pdd市场监控"
    WHERE product_id = '5085107966' AND monitor_date = '2026-04-15'


    SELECT total_sales, price FROM "pdd市场监控"
    WHERE product_id = '425381521577' AND monitor_date = '2026-04-15'


    SELECT total_sales, price FROM "pdd市场监控"
    WHERE product_id = '535803886887' AND monitor_date = '2026-04-15'


    INSERT OR REPLACE INTO "pdd市场监控"
    (product_id, title, price, total_sales, monthly_sales, weekly_sales, daily_sales_tag, hot_sales, grabbed_sales, daily_increment, product_url, monitor_date, scrape_time) 
    VALUES ('535803886887', '美的家用净水器 厨下式1'/*+50 bytes*/, 1674.0, NULL, 346.0, NULL, NULL, NULL, NULL, NULL, 'https://mobile.yangkeduo.com/goo'/*+29 bytes*/, '2026-04-15', datetime('now', 'localtime'))


    SELECT total_sales, price FROM "pdd市场监控"
    WHERE product_id = '636268671849' AND monitor_date = '2026-04-15'


    SELECT total_sales, price FROM "pdd市场监控"
    WHERE product_id = '758048911119' AND monitor_date = '2026-04-15'


    SELECT total_sales, price FROM "pdd市场监控"
    WHERE product_id = '724524723845' AND monitor_date = '2026-04-15'


    SELECT total_sales, price FROM "pdd市场监控"
    WHERE product_id = '5085107966' AND monitor_date = '2026-04-15'


    SELECT total_sales, price FROM "pdd市场监控"
    WHERE product_id = '925797846179' AND monitor_date = '2026-04-15'


    INSERT OR REPLACE INTO "pdd市场监控"
    (product_id, title, price, total_sales, monthly_sales, weekly_sales, daily_sales_tag, hot_sales, grabbed_sales, daily_increment, product_url, monitor_date, scrape_time) 
    VALUES ('925797846179', '海尔净水器厨下直饮家用'/*+43 bytes*/, 1839.0, NULL, 494.0, NULL, NULL, NULL, NULL, NULL, 'https://mobile.yangkeduo.com/goo'/*+29 bytes*/, '2026-04-15', datetime('now', 'localtime'))


    SELECT total_sales, price FROM "pdd市场监控"
    WHERE product_id = '868851073714' AND monitor_date = '2026-04-15'


    SELECT total_sales, price FROM "pdd市场监控"
    WHERE product_id = '785356830165' AND monitor_date = '2026-04-15'


    SELECT total_sales, price FROM "pdd市场监控"
    WHERE product_id = '915797572693' AND monitor_date = '2026-04-15'


    INSERT OR REPLACE INTO "pdd市场监控"
    (product_id, title, price, total_sales, monthly_sales, weekly_sales, daily_sales_tag, hot_sales, grabbed_sales, daily_increment, product_url, monitor_date, scrape_time) 
    VALUES ('915797572693', 'VIOMI云米净水器小海豚600'/*+45 bytes*/, 599.0, NULL, NULL, NULL, NULL, NULL, NULL, NULL, 'https://mobile.yangkeduo.com/goo'/*+29 bytes*/, '2026-04-15', datetime('now', 'localtime'))


    SELECT total_sales, price FROM "pdd市场监控"
    WHERE product_id = '882364625777' AND monitor_date = '2026-04-15'


    INSERT OR REPLACE INTO "pdd市场监控"
    (product_id, title, price, total_sales, monthly_sales, weekly_sales, daily_sales_tag, hot_sales, grabbed_sales, daily_increment, product_url, monitor_date, scrape_time) 
    VALUES ('882364625777', '美的净水器同比1200G大流'/*+48 bytes*/, 874.0, NULL, NULL, NULL, NULL, NULL, NULL, NULL, 'https://mobile.yangkeduo.com/goo'/*+29 bytes*/, '2026-04-15', datetime('now', 'localtime'))


    SELECT total_sales, price FROM "pdd市场监控"
    WHERE product_id = '425381521577' AND monitor_date = '2026-04-15'


    SELECT total_sales, price FROM "pdd市场监控"
    WHERE product_id = '901812772746' AND monitor_date = '2026-04-15'


    SELECT total_sales, price FROM "pdd市场监控"
    WHERE product_id = '758048911119' AND monitor_date = '2026-04-15'


    SELECT total_sales, price FROM "pdd市场监控"
    WHERE product_id = '798482186210' AND monitor_date = '2026-04-15'


    SELECT total_sales, price FROM "pdd市场监控"
    WHERE product_id = '571724488626' AND monitor_date = '2026-04-15'


    SELECT total_sales, price FROM "pdd市场监控"
    WHERE product_id = '841994274812' AND monitor_date = '2026-04-15'


    SELECT total_sales, price FROM "pdd市场监控"
    WHERE product_id = '885690465484' AND monitor_date = '2026-04-15'


    SELECT total_sales, price FROM "pdd市场监控"
    WHERE product_id = '326851167288' AND monitor_date = '2026-04-15'


    INSERT OR REPLACE INTO "pdd市场监控"
    (product_id, title, price, total_sales, monthly_sales, weekly_sales, daily_sales_tag, hot_sales, grabbed_sales, daily_increment, product_url, monitor_date, scrape_time) 
    VALUES ('326851167288', '美的净水器家用双出水大'/*+55 bytes*/, 809.0, NULL, NULL, NULL, NULL, NULL, NULL, NULL, 'https://mobile.yangkeduo.com/goo'/*+29 bytes*/, '2026-04-15', datetime('now', 'localtime'))


    SELECT total_sales, price FROM "pdd市场监控"
    WHERE product_id = '804367259342' AND monitor_date = '2026-04-15'


    INSERT OR REPLACE INTO "pdd市场监控"
    (product_id, title, price, total_sales, monthly_sales, weekly_sales, daily_sales_tag, hot_sales, grabbed_sales, daily_increment, product_url, monitor_date, scrape_time) 
    VALUES ('804367259342', '沁园小白鲸净水器直饮家'/*+44 bytes*/, 1099.0, NULL, NULL, NULL, NULL, NULL, NULL, NULL, 'https://mobile.yangkeduo.com/goo'/*+29 bytes*/, '2026-04-15', datetime('now', 'localtime'))


    SELECT total_sales, price FROM "pdd市场监控"
    WHERE product_id = '265149114182' AND monitor_date = '2026-04-15'


    INSERT OR REPLACE INTO "pdd市场监控"
    (product_id, title, price, total_sales, monthly_sales, weekly_sales, daily_sales_tag, hot_sales, grabbed_sales, daily_increment, product_url, monitor_date, scrape_time) 
    VALUES ('265149114182', '美的家用净水器1200G PRO 6'/*+51 bytes*/, 2659.0, NULL, NULL, NULL, NULL, NULL, NULL, NULL, 'https://mobile.yangkeduo.com/goo'/*+29 bytes*/, '2026-04-15', datetime('now', 'localtime'))


    SELECT total_sales, price FROM "pdd市场监控"
    WHERE product_id = '918975091470' AND monitor_date = '2026-04-15'


    INSERT OR REPLACE INTO "pdd市场监控"
    (product_id, title, price, total_sales, monthly_sales, weekly_sales, daily_sales_tag, hot_sales, grabbed_sales, daily_increment, product_url, monitor_date, scrape_time) 
    VALUES ('918975091470', '美的双出水净水器小体积'/*+56 bytes*/, 959.0, NULL, NULL, NULL, NULL, NULL, NULL, NULL, 'https://mobile.yangkeduo.com/goo'/*+29 bytes*/, '2026-04-15', datetime('now', 'localtime'))


    SELECT total_sales, price FROM "pdd市场监控"
    WHERE product_id = '808727226862' AND monitor_date = '2026-04-15'


    INSERT OR REPLACE INTO "pdd市场监控"
    (product_id, title, price, total_sales, monthly_sales, weekly_sales, daily_sales_tag, hot_sales, grabbed_sales, daily_increment, product_url, monitor_date, scrape_time) 
    VALUES ('808727226862', '沁园净水器家用1200G直饮'/*+46 bytes*/, 881.02, NULL, NULL, NULL, NULL, NULL, NULL, NULL, 'https://mobile.yangkeduo.com/goo'/*+29 bytes*/, '2026-04-15', datetime('now', 'localtime'))


    SELECT total_sales, price FROM "pdd市场监控"
    WHERE product_id = '353140007622' AND monitor_date = '2026-04-15'


    SELECT total_sales, price FROM "pdd市场监控"
    WHERE product_id = '428434536561' AND monitor_date = '2026-04-15'

COMMIT
💾 当前页面数据已成功清洗并写入 SQLite 数据库。
💤 模拟人工停顿 2920 毫秒...

========================================
⏳ 准备访问第 9/16 个网址: https://mobile.yangkeduo.com/sjs_cat_rank_list.html?list_id=65413011501&scene_id=goods_detail%2Crelated_goods&list_sn=YWEHcnN7e1NWVhlQ30pdTbvN&__list_version=2&_pdd_fs=1&_x_share_id=oELKkqautphRMeJh1GRwwa66ZXp7qveZ&refer_page_name=bangdan_list&refer_page_id=17542_1775702641236_u6fgo829zf&refer_page_sn=17542&page_from=69&activeTab=0
✅ 页面加载完成，开始检测登录状态...
🔓 状态正常：已识别到商品数据，免登陆直接放行！
🎉 成功提取到 20 条商品数据，进入数据清洗入库阶段...
BEGIN

    SELECT total_sales, price FROM "pdd市场监控"
    WHERE product_id = '131363133209' AND monitor_date = '2026-04-15'


    SELECT total_sales FROM "pdd市场监控"
    WHERE product_id = '131363133209' AND monitor_date = '2026-04-14'


    INSERT OR REPLACE INTO "pdd市场监控"
    (product_id, title, price, total_sales, monthly_sales, weekly_sales, daily_sales_tag, hot_sales, grabbed_sales, daily_increment, product_url, monitor_date, scrape_time) 
    VALUES ('131363133209', '海尔前置过滤器全屋自来'/*+53 bytes*/, 287.0, 142000.0, NULL, NULL, 100.0, NULL, NULL, 0.0, 'https://mobile.yangkeduo.com/goo'/*+29 bytes*/, '2026-04-15', datetime('now', 'localtime'))


    SELECT total_sales, price FROM "pdd市场监控"
    WHERE product_id = '726880345881' AND monitor_date = '2026-04-15'


    SELECT total_sales FROM "pdd市场监控"
    WHERE product_id = '726880345881' AND monitor_date = '2026-04-14'


    INSERT OR REPLACE INTO "pdd市场监控"
    (product_id, title, price, total_sales, monthly_sales, weekly_sales, daily_sales_tag, hot_sales, grabbed_sales, daily_increment, product_url, monitor_date, scrape_time) 
    VALUES ('726880345881', '海尔全屋前置过滤器家用'/*+57 bytes*/, 619.0, 4865.0, NULL, NULL, 30.0, NULL, NULL, 15.0, 'https://mobile.yangkeduo.com/goo'/*+29 bytes*/, '2026-04-15', datetime('now', 'localtime'))


    SELECT total_sales, price FROM "pdd市场监控"
    WHERE product_id = '425381521577' AND monitor_date = '2026-04-15'


    SELECT total_sales FROM "pdd市场监控"
    WHERE product_id = '425381521577' AND monitor_date = '2026-04-14'


    INSERT OR REPLACE INTO "pdd市场监控"
    (product_id, title, price, total_sales, monthly_sales, weekly_sales, daily_sales_tag, hot_sales, grabbed_sales, daily_increment, product_url, monitor_date, scrape_time) 
    VALUES ('425381521577', '海尔净水器家用厨下净水'/*+53 bytes*/, 900.0, 2217.0, 446.0, NULL, NULL, NULL, NULL, 5.0, 'https://mobile.yangkeduo.com/goo'/*+29 bytes*/, '2026-04-15', datetime('now', 'localtime'))


    SELECT total_sales, price FROM "pdd市场监控"
    WHERE product_id = '330557169802' AND monitor_date = '2026-04-15'


    SELECT total_sales FROM "pdd市场监控"
    WHERE product_id = '330557169802' AND monitor_date = '2026-04-14'


    INSERT OR REPLACE INTO "pdd市场监控"
    (product_id, title, price, total_sales, monthly_sales, weekly_sales, daily_sales_tag, hot_sales, grabbed_sales, daily_increment, product_url, monitor_date, scrape_time) 
    VALUES ('330557169802', '海尔前置过滤器全屋自来'/*+53 bytes*/, 255.0, 2133.0, NULL, NULL, NULL, NULL, NULL, 2.0, 'https://mobile.yangkeduo.com/goo'/*+29 bytes*/, '2026-04-15', datetime('now', 'localtime'))


    SELECT total_sales, price FROM "pdd市场监控"
    WHERE product_id = '711881031979' AND monitor_date = '2026-04-15'


    SELECT total_sales FROM "pdd市场监控"
    WHERE product_id = '711881031979' AND monitor_date = '2026-04-14'


    INSERT OR REPLACE INTO "pdd市场监控"
    (product_id, title, price, total_sales, monthly_sales, weekly_sales, daily_sales_tag, hot_sales, grabbed_sales, daily_increment, product_url, monitor_date, scrape_time) 
    VALUES ('711881031979', '海尔净水器家用厨下式直'/*+56 bytes*/, 846.0, 11000.0, NULL, 200.0, NULL, NULL, NULL, 0.0, 'https://mobile.yangkeduo.com/goo'/*+29 bytes*/, '2026-04-15', datetime('now', 'localtime'))


    SELECT total_sales, price FROM "pdd市场监控"
    WHERE product_id = '562373219461' AND monitor_date = '2026-04-15'


    INSERT OR REPLACE INTO "pdd市场监控"
    (product_id, title, price, total_sales, monthly_sales, weekly_sales, daily_sales_tag, hot_sales, grabbed_sales, daily_increment, product_url, monitor_date, scrape_time) 
    VALUES ('562373219461', '海尔净水机家用新款母婴'/*+56 bytes*/, 849.0, NULL, NULL, 100.0, NULL, NULL, 2733.0, NULL, 'https://mobile.yangkeduo.com/goo'/*+29 bytes*/, '2026-04-15', datetime('now', 'localtime'))


    SELECT total_sales, price FROM "pdd市场监控"
    WHERE product_id = '201255739108' AND monitor_date = '2026-04-15'


    INSERT OR REPLACE INTO "pdd市场监控"
    (product_id, title, price, total_sales, monthly_sales, weekly_sales, daily_sales_tag, hot_sales, grabbed_sales, daily_increment, product_url, monitor_date, scrape_time) 
    VALUES ('201255739108', '海尔净水器家用厨房自来'/*+56 bytes*/, 1308.0, NULL, NULL, NULL, NULL, NULL, 6841.0, NULL, 'https://mobile.yangkeduo.com/goo'/*+29 bytes*/, '2026-04-15', datetime('now', 'localtime'))


    SELECT total_sales, price FROM "pdd市场监控"
    WHERE product_id = '715871400982' AND monitor_date = '2026-04-15'


    INSERT OR REPLACE INTO "pdd市场监控"
    (product_id, title, price, total_sales, monthly_sales, weekly_sales, daily_sales_tag, hot_sales, grabbed_sales, daily_increment, product_url, monitor_date, scrape_time) 
    VALUES ('715871400982', '海尔前置过滤器全屋自来'/*+57 bytes*/, 279.0, NULL, NULL, NULL, NULL, NULL, 401.0, NULL, 'https://mobile.yangkeduo.com/goo'/*+29 bytes*/, '2026-04-15', datetime('now', 'localtime'))


    SELECT total_sales, price FROM "pdd市场监控"
    WHERE product_id = '597717464799' AND monitor_date = '2026-04-15'


    INSERT OR REPLACE INTO "pdd市场监控"
    (product_id, title, price, total_sales, monthly_sales, weekly_sales, daily_sales_tag, hot_sales, grabbed_sales, daily_increment, product_url, monitor_date, scrape_time) 
    VALUES ('597717464799', '海尔净水器家用直饮机RO'/*+52 bytes*/, 1449.0, NULL, NULL, NULL, NULL, NULL, 10000.0, NULL, 'https://mobile.yangkeduo.com/goo'/*+29 bytes*/, '2026-04-15', datetime('now', 'localtime'))


    SELECT total_sales, price FROM "pdd市场监控"
    WHERE product_id = '205740887267' AND monitor_date = '2026-04-15'


    SELECT total_sales FROM "pdd市场监控"
    WHERE product_id = '205740887267' AND monitor_date = '2026-04-14'


    INSERT OR REPLACE INTO "pdd市场监控"
    (product_id, title, price, total_sales, monthly_sales, weekly_sales, daily_sales_tag, hot_sales, grabbed_sales, daily_increment, product_url, monitor_date, scrape_time) 
    VALUES ('205740887267', 'HAIER海尔净水器家用全屋'/*+52 bytes*/, 1106.0, 221.0, NULL, NULL, NULL, NULL, NULL, 0.0, 'https://mobile.yangkeduo.com/goo'/*+29 bytes*/, '2026-04-15', datetime('now', 'localtime'))


    SELECT total_sales, price FROM "pdd市场监控"
    WHERE product_id = '540925512199' AND monitor_date = '2026-04-15'


    INSERT OR REPLACE INTO "pdd市场监控"
    (product_id, title, price, total_sales, monthly_sales, weekly_sales, daily_sales_tag, hot_sales, grabbed_sales, daily_increment, product_url, monitor_date, scrape_time) 
    VALUES ('540925512199', '海尔台式净饮机家用净水'/*+56 bytes*/, 999.0, NULL, NULL, NULL, NULL, NULL, 51000.0, NULL, 'https://mobile.yangkeduo.com/goo'/*+29 bytes*/, '2026-04-15', datetime('now', 'localtime'))


    SELECT total_sales, price FROM "pdd市场监控"
    WHERE product_id = '785356830165' AND monitor_date = '2026-04-15'


    SELECT total_sales FROM "pdd市场监控"
    WHERE product_id = '785356830165' AND monitor_date = '2026-04-14'


    INSERT OR REPLACE INTO "pdd市场监控"
    (product_id, title, price, total_sales, monthly_sales, weekly_sales, daily_sales_tag, hot_sales, grabbed_sales, daily_increment, product_url, monitor_date, scrape_time) 
    VALUES ('785356830165', '海尔1200G鲜活水抑菌芯家'/*+53 bytes*/, 999.0, 5407.0, NULL, 100.0, NULL, NULL, NULL, 2.0, 'https://mobile.yangkeduo.com/goo'/*+29 bytes*/, '2026-04-15', datetime('now', 'localtime'))


    SELECT total_sales, price FROM "pdd市场监控"
    WHERE product_id = '802032083576' AND monitor_date = '2026-04-15'


    INSERT OR REPLACE INTO "pdd市场监控"
    (product_id, title, price, total_sales, monthly_sales, weekly_sales, daily_sales_tag, hot_sales, grabbed_sales, daily_increment, product_url, monitor_date, scrape_time) 
    VALUES ('802032083576', '海尔管线机家用加热饮水'/*+51 bytes*/, 637.0, NULL, NULL, 100.0, NULL, NULL, 4507.0, NULL, 'https://mobile.yangkeduo.com/goo'/*+29 bytes*/, '2026-04-15', datetime('now', 'localtime'))


    SELECT total_sales, price FROM "pdd市场监控"
    WHERE product_id = '744865103769' AND monitor_date = '2026-04-15'


    INSERT OR REPLACE INTO "pdd市场监控"
    (product_id, title, price, total_sales, monthly_sales, weekly_sales, daily_sales_tag, hot_sales, grabbed_sales, daily_increment, product_url, monitor_date, scrape_time) 
    VALUES ('744865103769', '海尔净水器鲜活水PRO家用'/*+47 bytes*/, 1034.99, NULL, NULL, NULL, NULL, NULL, 729.0, NULL, 'https://mobile.yangkeduo.com/goo'/*+29 bytes*/, '2026-04-15', datetime('now', 'localtime'))


    SELECT total_sales, price FROM "pdd市场监控"
    WHERE product_id = '759505794348' AND monitor_date = '2026-04-15'


    SELECT total_sales FROM "pdd市场监控"
    WHERE product_id = '759505794348' AND monitor_date = '2026-04-14'


    INSERT OR REPLACE INTO "pdd市场监控"
    (product_id, title, price, total_sales, monthly_sales, weekly_sales, daily_sales_tag, hot_sales, grabbed_sales, daily_increment, product_url, monitor_date, scrape_time) 
    VALUES ('759505794348', '海尔净水器家用PRO1200G鲜'/*+53 bytes*/, 907.98, 24000.0, NULL, NULL, NULL, NULL, NULL, 0.0, 'https://mobile.yangkeduo.com/goo'/*+29 bytes*/, '2026-04-15', datetime('now', 'localtime'))


    SELECT total_sales, price FROM "pdd市场监控"
    WHERE product_id = '734304931639' AND monitor_date = '2026-04-15'


    SELECT total_sales FROM "pdd市场监控"
    WHERE product_id = '734304931639' AND monitor_date = '2026-04-14'


    INSERT OR REPLACE INTO "pdd市场监控"
    (product_id, title, price, total_sales, monthly_sales, weekly_sales, daily_sales_tag, hot_sales, grabbed_sales, daily_increment, product_url, monitor_date, scrape_time) 
    VALUES ('734304931639', '海尔台式净饮机净饮一体'/*+56 bytes*/, 1099.0, 97.0, NULL, NULL, NULL, NULL, NULL, 0.0, 'https://mobile.yangkeduo.com/goo'/*+29 bytes*/, '2026-04-15', datetime('now', 'localtime'))


    SELECT total_sales, price FROM "pdd市场监控"
    WHERE product_id = '191323389140' AND monitor_date = '2026-04-15'


    INSERT OR REPLACE INTO "pdd市场监控"
    (product_id, title, price, total_sales, monthly_sales, weekly_sales, daily_sales_tag, hot_sales, grabbed_sales, daily_increment, product_url, monitor_date, scrape_time) 
    VALUES ('191323389140', '海尔前置过滤器反冲洗双'/*+57 bytes*/, 428.0, NULL, NULL, NULL, NULL, NULL, 22000.0, NULL, 'https://mobile.yangkeduo.com/goo'/*+29 bytes*/, '2026-04-15', datetime('now', 'localtime'))


    SELECT total_sales, price FROM "pdd市场监控"
    WHERE product_id = '414763353118' AND monitor_date = '2026-04-15'


    INSERT OR REPLACE INTO "pdd市场监控"
    (product_id, title, price, total_sales, monthly_sales, weekly_sales, daily_sales_tag, hot_sales, grabbed_sales, daily_increment, product_url, monitor_date, scrape_time) 
    VALUES ('414763353118', '海尔净水器机HU103-5/104家'/*+47 bytes*/, 74.49, NULL, NULL, NULL, NULL, NULL, 80.0, NULL, 'https://mobile.yangkeduo.com/goo'/*+29 bytes*/, '2026-04-15', datetime('now', 'localtime'))


    SELECT total_sales, price FROM "pdd市场监控"
    WHERE product_id = '824870103252' AND monitor_date = '2026-04-15'


    INSERT OR REPLACE INTO "pdd市场监控"
    (product_id, title, price, total_sales, monthly_sales, weekly_sales, daily_sales_tag, hot_sales, grabbed_sales, daily_increment, product_url, monitor_date, scrape_time) 
    VALUES ('824870103252', '海尔新款净水器前置全屋'/*+51 bytes*/, 445.0, NULL, NULL, NULL, 30.0, NULL, 2138.0, NULL, 'https://mobile.yangkeduo.com/goo'/*+29 bytes*/, '2026-04-15', datetime('now', 'localtime'))


    SELECT total_sales, price FROM "pdd市场监控"
    WHERE product_id = '707666477364' AND monitor_date = '2026-04-15'


    INSERT OR REPLACE INTO "pdd市场监控"
    (product_id, title, price, total_sales, monthly_sales, weekly_sales, daily_sales_tag, hot_sales, grabbed_sales, daily_increment, product_url, monitor_date, scrape_time) 
    VALUES ('707666477364', '海尔净水器家用厨下智能'/*+54 bytes*/, 1143.0, NULL, NULL, NULL, NULL, NULL, 1476.0, NULL, 'https://mobile.yangkeduo.com/goo'/*+29 bytes*/, '2026-04-15', datetime('now', 'localtime'))

COMMIT
💾 当前页面数据已成功清洗并写入 SQLite 数据库。
💤 模拟人工停顿 2532 毫秒...

========================================
⏳ 准备访问第 10/16 个网址: https://mobile.yangkeduo.com/sjs_cat_rank_list.html?list_id=171369010201&scene_id=goods_detail%2Crelated_goods&list_sn=YWGyVfRiSWv89dY10urI_Kaf&__list_version=2&_pdd_fs=1&_x_share_id=oELKkqautphRMeJh1GRwwa66ZXp7qveZ&refer_page_name=bangdan_list&refer_page_id=17542_1775702648101_tqo520lac4&refer_page_sn=17542&page_from=69&activeTab=0
✅ 页面加载完成，开始检测登录状态...
🔓 状态正常：已识别到商品数据，免登陆直接放行！
🎉 成功提取到 20 条商品数据，进入数据清洗入库阶段...
BEGIN

    SELECT total_sales, price FROM "pdd市场监控"
    WHERE product_id = '626312797718' AND monitor_date = '2026-04-15'


    SELECT total_sales FROM "pdd市场监控"
    WHERE product_id = '626312797718' AND monitor_date = '2026-04-14'


    INSERT OR REPLACE INTO "pdd市场监控"
    (product_id, title, price, total_sales, monthly_sales, weekly_sales, daily_sales_tag, hot_sales, grabbed_sales, daily_increment, product_url, monitor_date, scrape_time) 
    VALUES ('626312797718', '美的北极星超滤净水器家'/*+57 bytes*/, 539.0, 129000.0, NULL, 200.0, NULL, NULL, NULL, 0.0, 'https://mobile.yangkeduo.com/goo'/*+29 bytes*/, '2026-04-15', datetime('now', 'localtime'))


    SELECT total_sales, price FROM "pdd市场监控"
    WHERE product_id = '574194583631' AND monitor_date = '2026-04-15'


    SELECT total_sales FROM "pdd市场监控"
    WHERE product_id = '574194583631' AND monitor_date = '2026-04-14'


    INSERT OR REPLACE INTO "pdd市场监控"
    (product_id, title, price, total_sales, monthly_sales, weekly_sales, daily_sales_tag, hot_sales, grabbed_sales, daily_increment, product_url, monitor_date, scrape_time) 
    VALUES ('574194583631', '九阳净水器家用直饮厨房'/*+57 bytes*/, 231.0, 10000.0, NULL, NULL, 30.0, NULL, NULL, 1.0, 'https://mobile.yangkeduo.com/goo'/*+29 bytes*/, '2026-04-15', datetime('now', 'localtime'))


    SELECT total_sales, price FROM "pdd市场监控"
    WHERE product_id = '718759640392' AND monitor_date = '2026-04-15'


    INSERT OR REPLACE INTO "pdd市场监控"
    (product_id, title, price, total_sales, monthly_sales, weekly_sales, daily_sales_tag, hot_sales, grabbed_sales, daily_increment, product_url, monitor_date, scrape_time) 
    VALUES ('718759640392', '九阳净水器超滤家用直饮'/*+45 bytes*/, 200.6, NULL, 238.0, NULL, NULL, NULL, 1524.0, NULL, 'https://mobile.yangkeduo.com/goo'/*+29 bytes*/, '2026-04-15', datetime('now', 'localtime'))


    SELECT total_sales, price FROM "pdd市场监控"
    WHERE product_id = '796399068471' AND monitor_date = '2026-04-15'


    INSERT OR REPLACE INTO "pdd市场监控"
    (product_id, title, price, total_sales, monthly_sales, weekly_sales, daily_sales_tag, hot_sales, grabbed_sales, daily_increment, product_url, monitor_date, scrape_time) 
    VALUES ('796399068471', '九阳净水器家用厨房自来'/*+53 bytes*/, 194.99, NULL, NULL, NULL, NULL, NULL, 166.0, NULL, 'https://mobile.yangkeduo.com/goo'/*+29 bytes*/, '2026-04-15', datetime('now', 'localtime'))


    SELECT total_sales, price FROM "pdd市场监控"
    WHERE product_id = '639756956977' AND monitor_date = '2026-04-15'


    SELECT total_sales FROM "pdd市场监控"
    WHERE product_id = '639756956977' AND monitor_date = '2026-04-14'


    INSERT OR REPLACE INTO "pdd市场监控"
    (product_id, title, price, total_sales, monthly_sales, weekly_sales, daily_sales_tag, hot_sales, grabbed_sales, daily_increment, product_url, monitor_date, scrape_time) 
    VALUES ('639756956977', '苏泊尔UU01净水器家用厨房'/*+54 bytes*/, 297.99, 17000.0, 225.0, NULL, NULL, NULL, NULL, 0.0, 'https://mobile.yangkeduo.com/goo'/*+29 bytes*/, '2026-04-15', datetime('now', 'localtime'))


    SELECT total_sales, price FROM "pdd市场监控"
    WHERE product_id = '896702472527' AND monitor_date = '2026-04-15'


    INSERT OR REPLACE INTO "pdd市场监控"
    (product_id, title, price, total_sales, monthly_sales, weekly_sales, daily_sales_tag, hot_sales, grabbed_sales, daily_increment, product_url, monitor_date, scrape_time) 
    VALUES ('896702472527', '苏泊尔净水器家用非直饮'/*+48 bytes*/, 259.0, NULL, NULL, NULL, NULL, NULL, 36.0, NULL, 'https://mobile.yangkeduo.com/goo'/*+29 bytes*/, '2026-04-15', datetime('now', 'localtime'))


    SELECT total_sales, price FROM "pdd市场监控"
    WHERE product_id = '754732450555' AND monitor_date = '2026-04-15'


    INSERT OR REPLACE INTO "pdd市场监控"
    (product_id, title, price, total_sales, monthly_sales, weekly_sales, daily_sales_tag, hot_sales, grabbed_sales, daily_increment, product_url, monitor_date, scrape_time) 
    VALUES ('754732450555', '九阳净水器家用直饮超滤'/*+53 bytes*/, 180.09, NULL, NULL, NULL, NULL, NULL, 1879.0, NULL, 'https://mobile.yangkeduo.com/goo'/*+29 bytes*/, '2026-04-15', datetime('now', 'localtime'))


    SELECT total_sales, price FROM "pdd市场监控"
    WHERE product_id = '558960594706' AND monitor_date = '2026-04-15'


    SELECT total_sales FROM "pdd市场监控"
    WHERE product_id = '558960594706' AND monitor_date = '2026-04-14'


    INSERT OR REPLACE INTO "pdd市场监控"
    (product_id, title, price, total_sales, monthly_sales, weekly_sales, daily_sales_tag, hot_sales, grabbed_sales, daily_increment, product_url, monitor_date, scrape_time) 
    VALUES ('558960594706', '飞利浦净水器家用直饮净'/*+57 bytes*/, 364.99, 1732.0, NULL, NULL, NULL, NULL, NULL, 0.0, 'https://mobile.yangkeduo.com/goo'/*+29 bytes*/, '2026-04-15', datetime('now', 'localtime'))


    SELECT total_sales, price FROM "pdd市场监控"
    WHERE product_id = '728615654775' AND monitor_date = '2026-04-15'


    INSERT OR REPLACE INTO "pdd市场监控"
    (product_id, title, price, total_sales, monthly_sales, weekly_sales, daily_sales_tag, hot_sales, grabbed_sales, daily_increment, product_url, monitor_date, scrape_time) 
    VALUES ('728615654775', '九阳新款1000G厨房自来水'/*+51 bytes*/, 440.0, NULL, NULL, NULL, NULL, NULL, 10000.0, NULL, 'https://mobile.yangkeduo.com/goo'/*+29 bytes*/, '2026-04-15', datetime('now', 'localtime'))


    SELECT total_sales, price FROM "pdd市场监控"
    WHERE product_id = '706194988498' AND monitor_date = '2026-04-15'


    INSERT OR REPLACE INTO "pdd市场监控"
    (product_id, title, price, total_sales, monthly_sales, weekly_sales, daily_sales_tag, hot_sales, grabbed_sales, daily_increment, product_url, monitor_date, scrape_time) 
    VALUES ('706194988498', '沁园净水器家用厨房自来'/*+55 bytes*/, 299.0, NULL, NULL, NULL, NULL, NULL, 6619.0, NULL, 'https://mobile.yangkeduo.com/goo'/*+29 bytes*/, '2026-04-15', datetime('now', 'localtime'))


    SELECT total_sales, price FROM "pdd市场监控"
    WHERE product_id = '416922320046' AND monitor_date = '2026-04-15'


    SELECT total_sales FROM "pdd市场监控"
    WHERE product_id = '416922320046' AND monitor_date = '2026-04-14'


    INSERT OR REPLACE INTO "pdd市场监控"
    (product_id, title, price, total_sales, monthly_sales, weekly_sales, daily_sales_tag, hot_sales, grabbed_sales, daily_increment, product_url, monitor_date, scrape_time) 
    VALUES ('416922320046', '飞利浦净水器家用直饮净'/*+55 bytes*/, 625.94, 12000.0, NULL, NULL, NULL, NULL, NULL, 0.0, 'https://mobile.yangkeduo.com/goo'/*+29 bytes*/, '2026-04-15', datetime('now', 'localtime'))


    SELECT total_sales, price FROM "pdd市场监控"
    WHERE product_id = '928634810056' AND monitor_date = '2026-04-15'


    SELECT total_sales FROM "pdd市场监控"
    WHERE product_id = '928634810056' AND monitor_date = '2026-04-14'


    INSERT OR REPLACE INTO "pdd市场监控"
    (product_id, title, price, total_sales, monthly_sales, weekly_sales, daily_sales_tag, hot_sales, grabbed_sales, daily_increment, product_url, monitor_date, scrape_time) 
    VALUES ('928634810056', '小熊净水器家用直饮机厨'/*+57 bytes*/, 279.0, 12.0, NULL, NULL, NULL, NULL, NULL, 1.0, 'https://mobile.yangkeduo.com/goo'/*+29 bytes*/, '2026-04-15', datetime('now', 'localtime'))


    SELECT total_sales, price FROM "pdd市场监控"
    WHERE product_id = '334598249754' AND monitor_date = '2026-04-15'


    INSERT OR REPLACE INTO "pdd市场监控"
    (product_id, title, price, total_sales, monthly_sales, weekly_sales, daily_sales_tag, hot_sales, grabbed_sales, daily_increment, product_url, monitor_date, scrape_time) 
    VALUES ('334598249754', '爱惠浦净水器商用大流量'/*+54 bytes*/, 669.0, NULL, NULL, NULL, NULL, NULL, 50000.0, NULL, 'https://mobile.yangkeduo.com/goo'/*+29 bytes*/, '2026-04-15', datetime('now', 'localtime'))


    SELECT total_sales, price FROM "pdd市场监控"
    WHERE product_id = '681144350131' AND monitor_date = '2026-04-15'


    INSERT OR REPLACE INTO "pdd市场监控"
    (product_id, title, price, total_sales, monthly_sales, weekly_sales, daily_sales_tag, hot_sales, grabbed_sales, daily_increment, product_url, monitor_date, scrape_time) 
    VALUES ('681144350131', '【官翻机】美的出品华凌'/*+49 bytes*/, 388.0, NULL, NULL, NULL, NULL, NULL, 656.0, NULL, 'https://mobile.yangkeduo.com/goo'/*+29 bytes*/, '2026-04-15', datetime('now', 'localtime'))


    SELECT total_sales, price FROM "pdd市场监控"
    WHERE product_id = '756998852249' AND monitor_date = '2026-04-15'


    INSERT OR REPLACE INTO "pdd市场监控"
    (product_id, title, price, total_sales, monthly_sales, weekly_sales, daily_sales_tag, hot_sales, grabbed_sales, daily_increment, product_url, monitor_date, scrape_time) 
    VALUES ('756998852249', '沁园净水器超滤官方家用'/*+57 bytes*/, 599.0, NULL, NULL, NULL, NULL, NULL, NULL, NULL, 'https://mobile.yangkeduo.com/goo'/*+29 bytes*/, '2026-04-15', datetime('now', 'localtime'))


    SELECT total_sales, price FROM "pdd市场监控"
    WHERE product_id = '832946488978' AND monitor_date = '2026-04-15'


    INSERT OR REPLACE INTO "pdd市场监控"
    (product_id, title, price, total_sales, monthly_sales, weekly_sales, daily_sales_tag, hot_sales, grabbed_sales, daily_increment, product_url, monitor_date, scrape_time) 
    VALUES ('832946488978', '九阳净水器家用超滤直饮'/*+57 bytes*/, 273.0, NULL, NULL, NULL, NULL, NULL, 89.0, NULL, 'https://mobile.yangkeduo.com/goo'/*+29 bytes*/, '2026-04-15', datetime('now', 'localtime'))


    SELECT total_sales, price FROM "pdd市场监控"
    WHERE product_id = '435919446164' AND monitor_date = '2026-04-15'


    INSERT OR REPLACE INTO "pdd市场监控"
    (product_id, title, price, total_sales, monthly_sales, weekly_sales, daily_sales_tag, hot_sales, grabbed_sales, daily_increment, product_url, monitor_date, scrape_time) 
    VALUES ('435919446164', '九阳前置过滤器龙头自来'/*+51 bytes*/, 189.0, NULL, NULL, NULL, NULL, NULL, 1359.0, NULL, 'https://mobile.yangkeduo.com/goo'/*+29 bytes*/, '2026-04-15', datetime('now', 'localtime'))


    SELECT total_sales, price FROM "pdd市场监控"
    WHERE product_id = '805403874621' AND monitor_date = '2026-04-15'


    SELECT total_sales FROM "pdd市场监控"
    WHERE product_id = '805403874621' AND monitor_date = '2026-04-14'


    INSERT OR REPLACE INTO "pdd市场监控"
    (product_id, title, price, total_sales, monthly_sales, weekly_sales, daily_sales_tag, hot_sales, grabbed_sales, daily_increment, product_url, monitor_date, scrape_time) 
    VALUES ('805403874621', '苏泊尔超滤净水器不插电'/*+53 bytes*/, 283.0, 1527.0, NULL, NULL, NULL, NULL, NULL, 0.0, 'https://mobile.yangkeduo.com/goo'/*+29 bytes*/, '2026-04-15', datetime('now', 'localtime'))


    SELECT total_sales, price FROM "pdd市场监控"
    WHERE product_id = '792104931990' AND monitor_date = '2026-04-15'


    INSERT OR REPLACE INTO "pdd市场监控"
    (product_id, title, price, total_sales, monthly_sales, weekly_sales, daily_sales_tag, hot_sales, grabbed_sales, daily_increment, product_url, monitor_date, scrape_time) 
    VALUES ('792104931990', '九阳净水器机家用厨下矿'/*+56 bytes*/, 196.88, NULL, NULL, NULL, NULL, NULL, 136.0, NULL, 'https://mobile.yangkeduo.com/goo'/*+29 bytes*/, '2026-04-15', datetime('now', 'localtime'))


    SELECT total_sales, price FROM "pdd市场监控"
    WHERE product_id = '829876586705' AND monitor_date = '2026-04-15'


    INSERT OR REPLACE INTO "pdd市场监控"
    (product_id, title, price, total_sales, monthly_sales, weekly_sales, daily_sales_tag, hot_sales, grabbed_sales, daily_increment, product_url, monitor_date, scrape_time) 
    VALUES ('829876586705', '安吉尔全屋中央净水器超'/*+50 bytes*/, 1168.0, NULL, NULL, NULL, NULL, NULL, 8.0, NULL, 'https://mobile.yangkeduo.com/goo'/*+29 bytes*/, '2026-04-15', datetime('now', 'localtime'))

COMMIT
💾 当前页面数据已成功清洗并写入 SQLite 数据库。
💤 模拟人工停顿 3159 毫秒...

========================================
⏳ 准备访问第 11/16 个网址: https://mobile.yangkeduo.com/sjs_cat_rank_list.html?list_id=45591011501&scene_id=goods_detail%2Crelated_goods&list_sn=YWHNmpo3mhci2IQ-pqPkhwXx&__list_version=2&_pdd_fs=1&_x_share_id=oELKkqautphRMeJh1GRwwa66ZXp7qveZ&refer_page_name=bangdan_list&refer_page_id=17542_1775702696846_q1df1118tp&refer_page_sn=17542&page_from=69&activeTab=0
✅ 页面加载完成，开始检测登录状态...
🔓 状态正常：已识别到商品数据，免登陆直接放行！
🎉 成功提取到 20 条商品数据，进入数据清洗入库阶段...
BEGIN

    SELECT total_sales, price FROM "pdd市场监控"
    WHERE product_id = '169695269773' AND monitor_date = '2026-04-15'


    SELECT total_sales FROM "pdd市场监控"
    WHERE product_id = '169695269773' AND monitor_date = '2026-04-14'


    INSERT OR REPLACE INTO "pdd市场监控"
    (product_id, title, price, total_sales, monthly_sales, weekly_sales, daily_sales_tag, hot_sales, grabbed_sales, daily_increment, product_url, monitor_date, scrape_time) 
    VALUES ('169695269773', '苏泊尔小厨宝厨房热水器'/*+57 bytes*/, 356.6, 30000.0, NULL, NULL, NULL, NULL, NULL, 0.0, 'https://mobile.yangkeduo.com/goo'/*+29 bytes*/, '2026-04-15', datetime('now', 'localtime'))


    SELECT total_sales, price FROM "pdd市场监控"
    WHERE product_id = '247712335495' AND monitor_date = '2026-04-15'


    SELECT total_sales FROM "pdd市场监控"
    WHERE product_id = '247712335495' AND monitor_date = '2026-04-14'


    INSERT OR REPLACE INTO "pdd市场监控"
    (product_id, title, price, total_sales, monthly_sales, weekly_sales, daily_sales_tag, hot_sales, grabbed_sales, daily_increment, product_url, monitor_date, scrape_time) 
    VALUES ('247712335495', 'AO史密斯厨房6/10升上出水'/*+53 bytes*/, 557.0, 4000.0, 271.0, NULL, NULL, NULL, NULL, 0.0, 'https://mobile.yangkeduo.com/goo'/*+29 bytes*/, '2026-04-15', datetime('now', 'localtime'))


    SELECT total_sales, price FROM "pdd市场监控"
    WHERE product_id = '653753195573' AND monitor_date = '2026-04-15'


    INSERT OR REPLACE INTO "pdd市场监控"
    (product_id, title, price, total_sales, monthly_sales, weekly_sales, daily_sales_tag, hot_sales, grabbed_sales, daily_increment, product_url, monitor_date, scrape_time) 
    VALUES ('653753195573', '苏泊尔小厨宝厨房热水器'/*+57 bytes*/, 289.0, NULL, 307.0, NULL, NULL, NULL, 3500.0, NULL, 'https://mobile.yangkeduo.com/goo'/*+29 bytes*/, '2026-04-15', datetime('now', 'localtime'))


    SELECT total_sales, price FROM "pdd市场监控"
    WHERE product_id = '638416371017' AND monitor_date = '2026-04-15'


    SELECT total_sales FROM "pdd市场监控"
    WHERE product_id = '638416371017' AND monitor_date = '2026-04-14'


    INSERT OR REPLACE INTO "pdd市场监控"
    (product_id, title, price, total_sales, monthly_sales, weekly_sales, daily_sales_tag, hot_sales, grabbed_sales, daily_increment, product_url, monitor_date, scrape_time) 
    VALUES ('638416371017', '海尔小厨宝无缝胆热水宝'/*+52 bytes*/, 559.0, 7500.0, 303.0, NULL, NULL, NULL, NULL, 0.0, 'https://mobile.yangkeduo.com/goo'/*+29 bytes*/, '2026-04-15', datetime('now', 'localtime'))


    SELECT total_sales, price FROM "pdd市场监控"
    WHERE product_id = '683272527874' AND monitor_date = '2026-04-15'


    INSERT OR REPLACE INTO "pdd市场监控"
    (product_id, title, price, total_sales, monthly_sales, weekly_sales, daily_sales_tag, hot_sales, grabbed_sales, daily_increment, product_url, monitor_date, scrape_time) 
    VALUES ('683272527874', '苏泊尔PK15小厨宝厨房热水'/*+54 bytes*/, 459.0, NULL, NULL, NULL, NULL, NULL, 4500.0, NULL, 'https://mobile.yangkeduo.com/goo'/*+29 bytes*/, '2026-04-15', datetime('now', 'localtime'))


    SELECT total_sales, price FROM "pdd市场监控"
    WHERE product_id = '422436425871' AND monitor_date = '2026-04-15'


    SELECT total_sales FROM "pdd市场监控"
    WHERE product_id = '422436425871' AND monitor_date = '2026-04-14'


    INSERT OR REPLACE INTO "pdd市场监控"
    (product_id, title, price, total_sales, monthly_sales, weekly_sales, daily_sales_tag, hot_sales, grabbed_sales, daily_increment, product_url, monitor_date, scrape_time) 
    VALUES ('422436425871', '万家乐电热水器小厨宝家'/*+48 bytes*/, 288.9, 13000.0, NULL, NULL, NULL, NULL, NULL, 0.0, 'https://mobile.yangkeduo.com/goo'/*+29 bytes*/, '2026-04-15', datetime('now', 'localtime'))


    SELECT total_sales, price FROM "pdd市场监控"
    WHERE product_id = '779987551985' AND monitor_date = '2026-04-15'


    INSERT OR REPLACE INTO "pdd市场监控"
    (product_id, title, price, total_sales, monthly_sales, weekly_sales, daily_sales_tag, hot_sales, grabbed_sales, daily_increment, product_url, monitor_date, scrape_time) 
    VALUES ('779987551985', '海尔出品金刚无缝胆6.6升'/*+44 bytes*/, 426.0, NULL, NULL, 100.0, NULL, NULL, NULL, NULL, 'https://mobile.yangkeduo.com/goo'/*+29 bytes*/, '2026-04-15', datetime('now', 'localtime'))


    SELECT total_sales, price FROM "pdd市场监控"
    WHERE product_id = '654008676965' AND monitor_date = '2026-04-15'


    INSERT OR REPLACE INTO "pdd市场监控"
    (product_id, title, price, total_sales, monthly_sales, weekly_sales, daily_sales_tag, hot_sales, grabbed_sales, daily_increment, product_url, monitor_date, scrape_time) 
    VALUES ('654008676965', 'AO史密斯小厨宝厨房6/10升'/*+50 bytes*/, 828.0, NULL, NULL, NULL, NULL, NULL, 300.0, NULL, 'https://mobile.yangkeduo.com/goo'/*+29 bytes*/, '2026-04-15', datetime('now', 'localtime'))


    SELECT total_sales, price FROM "pdd市场监控"
    WHERE product_id = '324192704620' AND monitor_date = '2026-04-15'


    INSERT OR REPLACE INTO "pdd市场监控"
    (product_id, title, price, total_sales, monthly_sales, weekly_sales, daily_sales_tag, hot_sales, grabbed_sales, daily_increment, product_url, monitor_date, scrape_time) 
    VALUES ('324192704620', '新品海尔小厨宝厨房热水'/*+73 bytes*/, 344.0, NULL, NULL, NULL, NULL, NULL, 3069.0, NULL, 'https://mobile.yangkeduo.com/goo'/*+29 bytes*/, '2026-04-15', datetime('now', 'localtime'))


    SELECT total_sales, price FROM "pdd市场监控"
    WHERE product_id = '638413059752' AND monitor_date = '2026-04-15'


    SELECT total_sales FROM "pdd市场监控"
    WHERE product_id = '638413059752' AND monitor_date = '2026-04-14'


    INSERT OR REPLACE INTO "pdd市场监控"
    (product_id, title, price, total_sales, monthly_sales, weekly_sales, daily_sales_tag, hot_sales, grabbed_sales, daily_increment, product_url, monitor_date, scrape_time) 
    VALUES ('638413059752', '海尔小厨宝锆金加热管上'/*+54 bytes*/, 363.0, 2500.0, 508.0, NULL, NULL, NULL, NULL, NULL, 'https://mobile.yangkeduo.com/goo'/*+29 bytes*/, '2026-04-15', datetime('now', 'localtime'))


    SELECT total_sales, price FROM "pdd市场监控"
    WHERE product_id = '67930225384' AND monitor_date = '2026-04-15'


    INSERT OR REPLACE INTO "pdd市场监控"
    (product_id, title, price, total_sales, monthly_sales, weekly_sales, daily_sales_tag, hot_sales, grabbed_sales, daily_increment, product_url, monitor_date, scrape_time) 
    VALUES ('67930225384', '【补贴15%】帅康小厨宝6.'/*+44 bytes*/, 388.0, NULL, NULL, NULL, NULL, NULL, 7499.0, NULL, 'https://mobile.yangkeduo.com/goo'/*+28 bytes*/, '2026-04-15', datetime('now', 'localtime'))


    SELECT total_sales, price FROM "pdd市场监控"
    WHERE product_id = '763072949758' AND monitor_date = '2026-04-15'


    SELECT total_sales FROM "pdd市场监控"
    WHERE product_id = '763072949758' AND monitor_date = '2026-04-14'


    INSERT OR REPLACE INTO "pdd市场监控"
    (product_id, title, price, total_sales, monthly_sales, weekly_sales, daily_sales_tag, hot_sales, grabbed_sales, daily_increment, product_url, monitor_date, scrape_time) 
    VALUES ('763072949758', 'AO史密斯小厨宝6C2厨房台'/*+55 bytes*/, 879.0, 3000.0, NULL, NULL, NULL, NULL, NULL, 0.0, 'https://mobile.yangkeduo.com/goo'/*+29 bytes*/, '2026-04-15', datetime('now', 'localtime'))


    SELECT total_sales, price FROM "pdd市场监控"
    WHERE product_id = '562270582072' AND monitor_date = '2026-04-15'


    INSERT OR REPLACE INTO "pdd市场监控"
    (product_id, title, price, total_sales, monthly_sales, weekly_sales, daily_sales_tag, hot_sales, grabbed_sales, daily_increment, product_url, monitor_date, scrape_time) 
    VALUES ('562270582072', 'KKTV康佳互联网品牌小厨宝'/*+54 bytes*/, 148.0, NULL, NULL, NULL, NULL, NULL, NULL, NULL, 'https://mobile.yangkeduo.com/goo'/*+29 bytes*/, '2026-04-15', datetime('now', 'localtime'))


    SELECT total_sales, price FROM "pdd市场监控"
    WHERE product_id = '24653883068' AND monitor_date = '2026-04-15'


    INSERT OR REPLACE INTO "pdd市场监控"
    (product_id, title, price, total_sales, monthly_sales, weekly_sales, daily_sales_tag, hot_sales, grabbed_sales, daily_increment, product_url, monitor_date, scrape_time) 
    VALUES ('24653883068', '美的小厨宝白色小型家用'/*+56 bytes*/, 399.0, NULL, NULL, NULL, NULL, NULL, 7000.0, NULL, 'https://mobile.yangkeduo.com/goo'/*+28 bytes*/, '2026-04-15', datetime('now', 'localtime'))


    SELECT total_sales, price FROM "pdd市场监控"
    WHERE product_id = '695805640632' AND monitor_date = '2026-04-15'


    INSERT OR REPLACE INTO "pdd市场监控"
    (product_id, title, price, total_sales, monthly_sales, weekly_sales, daily_sales_tag, hot_sales, grabbed_sales, daily_increment, product_url, monitor_date, scrape_time) 
    VALUES ('695805640632', '美的小厨宝5升F05-15A2(S)厨'/*+51 bytes*/, 299.0, NULL, NULL, NULL, NULL, NULL, 2034.0, NULL, 'https://mobile.yangkeduo.com/goo'/*+29 bytes*/, '2026-04-15', datetime('now', 'localtime'))


    SELECT total_sales, price FROM "pdd市场监控"
    WHERE product_id = '705192278342' AND monitor_date = '2026-04-15'


    SELECT total_sales FROM "pdd市场监控"
    WHERE product_id = '705192278342' AND monitor_date = '2026-04-14'


    INSERT OR REPLACE INTO "pdd市场监控"
    (product_id, title, price, total_sales, monthly_sales, weekly_sales, daily_sales_tag, hot_sales, grabbed_sales, daily_increment, product_url, monitor_date, scrape_time) 
    VALUES ('705192278342', '飞利浦储水式小厨宝2000W'/*+26 bytes*/, 335.0, 1334.0, NULL, NULL, NULL, NULL, NULL, NULL, 'https://mobile.yangkeduo.com/goo'/*+29 bytes*/, '2026-04-15', datetime('now', 'localtime'))


    SELECT total_sales, price FROM "pdd市场监控"
    WHERE product_id = '433756442019' AND monitor_date = '2026-04-15'


    INSERT OR REPLACE INTO "pdd市场监控"
    (product_id, title, price, total_sales, monthly_sales, weekly_sales, daily_sales_tag, hot_sales, grabbed_sales, daily_increment, product_url, monitor_date, scrape_time) 
    VALUES ('433756442019', '阿诗丹顿小厨宝家用厨房'/*+57 bytes*/, 329.0, NULL, NULL, NULL, NULL, NULL, 29000.0, NULL, 'https://mobile.yangkeduo.com/goo'/*+29 bytes*/, '2026-04-15', datetime('now', 'localtime'))


    SELECT total_sales, price FROM "pdd市场监控"
    WHERE product_id = '585163330424' AND monitor_date = '2026-04-15'


    INSERT OR REPLACE INTO "pdd市场监控"
    (product_id, title, price, total_sales, monthly_sales, weekly_sales, daily_sales_tag, hot_sales, grabbed_sales, daily_increment, product_url, monitor_date, scrape_time) 
    VALUES ('585163330424', '【国企出品】澳柯玛小厨'/*+48 bytes*/, 339.0, NULL, NULL, NULL, NULL, NULL, 51.0, NULL, 'https://mobile.yangkeduo.com/goo'/*+29 bytes*/, '2026-04-15', datetime('now', 'localtime'))


    SELECT total_sales, price FROM "pdd市场监控"
    WHERE product_id = '298783545885' AND monitor_date = '2026-04-15'


    INSERT OR REPLACE INTO "pdd市场监控"
    (product_id, title, price, total_sales, monthly_sales, weekly_sales, daily_sales_tag, hot_sales, grabbed_sales, daily_increment, product_url, monitor_date, scrape_time) 
    VALUES ('298783545885', '苏泊尔即热式厨宝7L厨房'/*+54 bytes*/, 345.0, NULL, NULL, NULL, NULL, NULL, 500.0, NULL, 'https://mobile.yangkeduo.com/goo'/*+29 bytes*/, '2026-04-15', datetime('now', 'localtime'))


    SELECT total_sales, price FROM "pdd市场监控"
    WHERE product_id = '813954569102' AND monitor_date = '2026-04-15'


    INSERT OR REPLACE INTO "pdd市场监控"
    (product_id, title, price, total_sales, monthly_sales, weekly_sales, daily_sales_tag, hot_sales, grabbed_sales, daily_increment, product_url, monitor_date, scrape_time) 
    VALUES ('813954569102', '海尔储水式电热水器小厨'/*+72 bytes*/, 438.0, NULL, NULL, NULL, NULL, NULL, 133.0, NULL, 'https://mobile.yangkeduo.com/goo'/*+29 bytes*/, '2026-04-15', datetime('now', 'localtime'))

COMMIT
💾 当前页面数据已成功清洗并写入 SQLite 数据库。
💤 模拟人工停顿 4547 毫秒...

========================================
⏳ 准备访问第 12/16 个网址: https://mobile.yangkeduo.com/sjs_cat_rank_list.html?list_id=164451010201&scene_id=goods_detail%2Crelated_goods&list_sn=YWEiZbpD2WU2qGg84hGXtKHL&__list_version=2&_pdd_fs=1&_x_share_id=oELKkqautphRMeJh1GRwwa66ZXp7qveZ&refer_page_name=bangdan_list&refer_page_id=17542_1775702845537_9nxs3kqdib&refer_page_sn=17542&page_from=69&activeTab=0
✅ 页面加载完成，开始检测登录状态...
🔓 状态正常：已识别到商品数据，免登陆直接放行！
🎉 成功提取到 20 条商品数据，进入数据清洗入库阶段...
BEGIN

    SELECT total_sales, price FROM "pdd市场监控"
    WHERE product_id = '841994274812' AND monitor_date = '2026-04-15'


    SELECT total_sales FROM "pdd市场监控"
    WHERE product_id = '841994274812' AND monitor_date = '2026-04-14'


    INSERT OR REPLACE INTO "pdd市场监控"
    (product_id, title, price, total_sales, monthly_sales, weekly_sales, daily_sales_tag, hot_sales, grabbed_sales, daily_increment, product_url, monitor_date, scrape_time) 
    VALUES ('841994274812', '苏泊尔净热一体机UH01净水'/*+53 bytes*/, 1167.0, 11000.0, 305.0, NULL, NULL, NULL, NULL, NULL, 'https://mobile.yangkeduo.com/goo'/*+29 bytes*/, '2026-04-15', datetime('now', 'localtime'))


    SELECT total_sales, price FROM "pdd市场监控"
    WHERE product_id = '878506006640' AND monitor_date = '2026-04-15'


    INSERT OR REPLACE INTO "pdd市场监控"
    (product_id, title, price, total_sales, monthly_sales, weekly_sales, daily_sales_tag, hot_sales, grabbed_sales, daily_increment, product_url, monitor_date, scrape_time) 
    VALUES ('878506006640', '苏泊尔即热净水器家用直'/*+52 bytes*/, 1538.0, NULL, 232.0, NULL, NULL, NULL, 1491.0, NULL, 'https://mobile.yangkeduo.com/goo'/*+29 bytes*/, '2026-04-15', datetime('now', 'localtime'))


    SELECT total_sales, price FROM "pdd市场监控"
    WHERE product_id = '929892166268' AND monitor_date = '2026-04-15'


    INSERT OR REPLACE INTO "pdd市场监控"
    (product_id, title, price, total_sales, monthly_sales, weekly_sales, daily_sales_tag, hot_sales, grabbed_sales, daily_increment, product_url, monitor_date, scrape_time) 
    VALUES ('929892166268', '苏泊尔管线机家用速热壁'/*+54 bytes*/, 652.0, NULL, NULL, NULL, NULL, NULL, 14.0, NULL, 'https://mobile.yangkeduo.com/goo'/*+29 bytes*/, '2026-04-15', datetime('now', 'localtime'))


    SELECT total_sales, price FROM "pdd市场监控"
    WHERE product_id = '639756956977' AND monitor_date = '2026-04-15'


    SELECT total_sales FROM "pdd市场监控"
    WHERE product_id = '639756956977' AND monitor_date = '2026-04-14'


    INSERT OR REPLACE INTO "pdd市场监控"
    (product_id, title, price, total_sales, monthly_sales, weekly_sales, daily_sales_tag, hot_sales, grabbed_sales, daily_increment, product_url, monitor_date, scrape_time) 
    VALUES ('639756956977', '苏泊尔UU01净水器家用厨房'/*+54 bytes*/, 297.99, 17000.0, 225.0, NULL, NULL, NULL, NULL, 0.0, 'https://mobile.yangkeduo.com/goo'/*+29 bytes*/, '2026-04-15', datetime('now', 'localtime'))


    SELECT total_sales, price FROM "pdd市场监控"
    WHERE product_id = '896702472527' AND monitor_date = '2026-04-15'


    INSERT OR REPLACE INTO "pdd市场监控"
    (product_id, title, price, total_sales, monthly_sales, weekly_sales, daily_sales_tag, hot_sales, grabbed_sales, daily_increment, product_url, monitor_date, scrape_time) 
    VALUES ('896702472527', '苏泊尔净水器家用非直饮'/*+48 bytes*/, 259.0, NULL, NULL, NULL, NULL, NULL, 36.0, NULL, 'https://mobile.yangkeduo.com/goo'/*+29 bytes*/, '2026-04-15', datetime('now', 'localtime'))


    SELECT total_sales, price FROM "pdd市场监控"
    WHERE product_id = '917039553588' AND monitor_date = '2026-04-15'


    SELECT total_sales FROM "pdd市场监控"
    WHERE product_id = '917039553588' AND monitor_date = '2026-04-14'


    INSERT OR REPLACE INTO "pdd市场监控"
    (product_id, title, price, total_sales, monthly_sales, weekly_sales, daily_sales_tag, hot_sales, grabbed_sales, daily_increment, product_url, monitor_date, scrape_time) 
    VALUES ('917039553588', '苏泊尔1200G净水器家用直'/*+49 bytes*/, 1498.02, 288.0, NULL, NULL, NULL, NULL, NULL, 0.0, 'https://mobile.yangkeduo.com/goo'/*+29 bytes*/, '2026-04-15', datetime('now', 'localtime'))


    SELECT total_sales, price FROM "pdd市场监控"
    WHERE product_id = '899607568359' AND monitor_date = '2026-04-15'


    INSERT OR REPLACE INTO "pdd市场监控"
    (product_id, title, price, total_sales, monthly_sales, weekly_sales, daily_sales_tag, hot_sales, grabbed_sales, daily_increment, product_url, monitor_date, scrape_time) 
    VALUES ('899607568359', '苏泊尔厨下净水器高净大'/*+54 bytes*/, 1171.0, NULL, NULL, NULL, NULL, NULL, 24.0, NULL, 'https://mobile.yangkeduo.com/goo'/*+29 bytes*/, '2026-04-15', datetime('now', 'localtime'))


    SELECT total_sales, price FROM "pdd市场监控"
    WHERE product_id = '514029768116' AND monitor_date = '2026-04-15'


    INSERT OR REPLACE INTO "pdd市场监控"
    (product_id, title, price, total_sales, monthly_sales, weekly_sales, daily_sales_tag, hot_sales, grabbed_sales, daily_increment, product_url, monitor_date, scrape_time) 
    VALUES ('514029768116', '苏泊尔净水壶自来水过滤'/*+57 bytes*/, 74.0, NULL, NULL, NULL, NULL, NULL, 605.0, NULL, 'https://mobile.yangkeduo.com/goo'/*+29 bytes*/, '2026-04-15', datetime('now', 'localtime'))


    SELECT total_sales, price FROM "pdd市场监控"
    WHERE product_id = '922446304920' AND monitor_date = '2026-04-15'


    SELECT total_sales FROM "pdd市场监控"
    WHERE product_id = '922446304920' AND monitor_date = '2026-04-14'


    INSERT OR REPLACE INTO "pdd市场监控"
    (product_id, title, price, total_sales, monthly_sales, weekly_sales, daily_sales_tag, hot_sales, grabbed_sales, daily_increment, product_url, monitor_date, scrape_time) 
    VALUES ('922446304920', '苏泊尔净水器直饮厨房自'/*+49 bytes*/, 819.0, 2442.0, NULL, NULL, NULL, NULL, NULL, 0.0, 'https://mobile.yangkeduo.com/goo'/*+29 bytes*/, '2026-04-15', datetime('now', 'localtime'))


    SELECT total_sales, price FROM "pdd市场监控"
    WHERE product_id = '734195643473' AND monitor_date = '2026-04-15'


    INSERT OR REPLACE INTO "pdd市场监控"
    (product_id, title, price, total_sales, monthly_sales, weekly_sales, daily_sales_tag, hot_sales, grabbed_sales, daily_increment, product_url, monitor_date, scrape_time) 
    VALUES ('734195643473', '苏泊尔管线机家用壁挂式'/*+45 bytes*/, 479.0, NULL, NULL, NULL, NULL, NULL, 1098.0, NULL, 'https://mobile.yangkeduo.com/goo'/*+29 bytes*/, '2026-04-15', datetime('now', 'localtime'))


    SELECT total_sales, price FROM "pdd市场监控"
    WHERE product_id = '935679473664' AND monitor_date = '2026-04-15'


    INSERT OR REPLACE INTO "pdd市场监控"
    (product_id, title, price, total_sales, monthly_sales, weekly_sales, daily_sales_tag, hot_sales, grabbed_sales, daily_increment, product_url, monitor_date, scrape_time) 
    VALUES ('935679473664', '苏泊尔前置过滤器家用通'/*+51 bytes*/, 429.0, NULL, NULL, NULL, NULL, NULL, NULL, NULL, 'https://mobile.yangkeduo.com/goo'/*+29 bytes*/, '2026-04-15', datetime('now', 'localtime'))


    SELECT total_sales, price FROM "pdd市场监控"
    WHERE product_id = '613358762103' AND monitor_date = '2026-04-15'


    INSERT OR REPLACE INTO "pdd市场监控"
    (product_id, title, price, total_sales, monthly_sales, weekly_sales, daily_sales_tag, hot_sales, grabbed_sales, daily_increment, product_url, monitor_date, scrape_time) 
    VALUES ('613358762103', '苏泊尔不锈钢净水器水龙'/*+51 bytes*/, 85.0, NULL, NULL, NULL, NULL, NULL, NULL, NULL, 'https://mobile.yangkeduo.com/goo'/*+29 bytes*/, '2026-04-15', datetime('now', 'localtime'))


    SELECT total_sales, price FROM "pdd市场监控"
    WHERE product_id = '805403874621' AND monitor_date = '2026-04-15'


    SELECT total_sales FROM "pdd市场监控"
    WHERE product_id = '805403874621' AND monitor_date = '2026-04-14'


    INSERT OR REPLACE INTO "pdd市场监控"
    (product_id, title, price, total_sales, monthly_sales, weekly_sales, daily_sales_tag, hot_sales, grabbed_sales, daily_increment, product_url, monitor_date, scrape_time) 
    VALUES ('805403874621', '苏泊尔超滤净水器不插电'/*+53 bytes*/, 283.0, 1527.0, NULL, NULL, NULL, NULL, NULL, 0.0, 'https://mobile.yangkeduo.com/goo'/*+29 bytes*/, '2026-04-15', datetime('now', 'localtime'))


    SELECT total_sales, price FROM "pdd市场监控"
    WHERE product_id = '887143665081' AND monitor_date = '2026-04-15'


    SELECT total_sales FROM "pdd市场监控"
    WHERE product_id = '887143665081' AND monitor_date = '2026-04-14'


    INSERT OR REPLACE INTO "pdd市场监控"
    (product_id, title, price, total_sales, monthly_sales, weekly_sales, daily_sales_tag, hot_sales, grabbed_sales, daily_increment, product_url, monitor_date, scrape_time) 
    VALUES ('887143665081', '苏泊尔净水器大通量家用'/*+43 bytes*/, 883.0, 2139.0, NULL, NULL, NULL, NULL, NULL, 0.0, 'https://mobile.yangkeduo.com/goo'/*+29 bytes*/, '2026-04-15', datetime('now', 'localtime'))


    SELECT total_sales, price FROM "pdd市场监控"
    WHERE product_id = '841439291898' AND monitor_date = '2026-04-15'


    SELECT total_sales FROM "pdd市场监控"
    WHERE product_id = '841439291898' AND monitor_date = '2026-04-14'


    INSERT OR REPLACE INTO "pdd市场监控"
    (product_id, title, price, total_sales, monthly_sales, weekly_sales, daily_sales_tag, hot_sales, grabbed_sales, daily_increment, product_url, monitor_date, scrape_time) 
    VALUES ('841439291898', '苏泊尔反渗透净水器家用'/*+50 bytes*/, 806.0, 208.0, NULL, NULL, NULL, NULL, NULL, 1.0, 'https://mobile.yangkeduo.com/goo'/*+29 bytes*/, '2026-04-15', datetime('now', 'localtime'))


    SELECT total_sales, price FROM "pdd市场监控"
    WHERE product_id = '795764985888' AND monitor_date = '2026-04-15'


    INSERT OR REPLACE INTO "pdd市场监控"
    (product_id, title, price, total_sales, monthly_sales, weekly_sales, daily_sales_tag, hot_sales, grabbed_sales, daily_increment, product_url, monitor_date, scrape_time) 
    VALUES ('795764985888', '苏泊尔净水机家用母婴直'/*+54 bytes*/, 748.0, NULL, NULL, NULL, NULL, NULL, 11.0, NULL, 'https://mobile.yangkeduo.com/goo'/*+29 bytes*/, '2026-04-15', datetime('now', 'localtime'))


    SELECT total_sales, price FROM "pdd市场监控"
    WHERE product_id = '461539319444' AND monitor_date = '2026-04-15'


    INSERT OR REPLACE INTO "pdd市场监控"
    (product_id, title, price, total_sales, monthly_sales, weekly_sales, daily_sales_tag, hot_sales, grabbed_sales, daily_increment, product_url, monitor_date, scrape_time) 
    VALUES ('461539319444', '苏泊尔净水器水龙头过滤'/*+57 bytes*/, 79.0, NULL, NULL, NULL, NULL, NULL, 1452.0, NULL, 'https://mobile.yangkeduo.com/goo'/*+29 bytes*/, '2026-04-15', datetime('now', 'localtime'))


    SELECT total_sales, price FROM "pdd市场监控"
    WHERE product_id = '463838991786' AND monitor_date = '2026-04-15'


    INSERT OR REPLACE INTO "pdd市场监控"
    (product_id, title, price, total_sales, monthly_sales, weekly_sales, daily_sales_tag, hot_sales, grabbed_sales, daily_increment, product_url, monitor_date, scrape_time) 
    VALUES ('463838991786', '苏泊尔前置过滤器8.0T大通'/*+47 bytes*/, 449.0, NULL, NULL, NULL, NULL, NULL, NULL, NULL, 'https://mobile.yangkeduo.com/goo'/*+29 bytes*/, '2026-04-15', datetime('now', 'localtime'))


    SELECT total_sales, price FROM "pdd市场监控"
    WHERE product_id = '935802663004' AND monitor_date = '2026-04-15'


    INSERT OR REPLACE INTO "pdd市场监控"
    (product_id, title, price, total_sales, monthly_sales, weekly_sales, daily_sales_tag, hot_sales, grabbed_sales, daily_increment, product_url, monitor_date, scrape_time) 
    VALUES ('935802663004', '苏泊尔正品前置过滤器家'/*+48 bytes*/, 399.0, NULL, NULL, NULL, NULL, NULL, 5.0, NULL, 'https://mobile.yangkeduo.com/goo'/*+29 bytes*/, '2026-04-15', datetime('now', 'localtime'))


    SELECT total_sales, price FROM "pdd市场监控"
    WHERE product_id = '563779180788' AND monitor_date = '2026-04-15'


    SELECT total_sales FROM "pdd市场监控"
    WHERE product_id = '563779180788' AND monitor_date = '2026-04-14'


    INSERT OR REPLACE INTO "pdd市场监控"
    (product_id, title, price, total_sales, monthly_sales, weekly_sales, daily_sales_tag, hot_sales, grabbed_sales, daily_increment, product_url, monitor_date, scrape_time) 
    VALUES ('563779180788', '苏泊尔水龙头净水器家用'/*+42 bytes*/, 59.0, 20000.0, NULL, NULL, NULL, NULL, NULL, 0.0, 'https://mobile.yangkeduo.com/goo'/*+29 bytes*/, '2026-04-15', datetime('now', 'localtime'))

COMMIT
💾 当前页面数据已成功清洗并写入 SQLite 数据库。
💤 模拟人工停顿 2207 毫秒...

========================================
⏳ 准备访问第 13/16 个网址: https://mobile.yangkeduo.com/sjs_cat_rank_list.html?list_id=71122010201&scene_id=goods_detail%2Crelated_goods&list_sn=YWE1PGy9C_ugVbmQCjcC2VPp&__list_version=2&_pdd_fs=1&_x_share_id=oELKkqautphRMeJh1GRwwa66ZXp7qveZ&refer_page_name=bangdan_list&refer_page_id=17542_1775702887436_u0y3abpqcw&refer_page_sn=17542&page_from=69&activeTab=0
✅ 页面加载完成，开始检测登录状态...
🔓 状态正常：已识别到商品数据，免登陆直接放行！
🎉 成功提取到 52 条商品数据，进入数据清洗入库阶段...
BEGIN

    SELECT total_sales, price FROM "pdd市场监控"
    WHERE product_id = '922405222213' AND monitor_date = '2026-04-15'


    INSERT OR REPLACE INTO "pdd市场监控"
    (product_id, title, price, total_sales, monthly_sales, weekly_sales, daily_sales_tag, hot_sales, grabbed_sales, daily_increment, product_url, monitor_date, scrape_time) 
    VALUES ('922405222213', '小米米家水龙头净水器2水'/*+54 bytes*/, 90.9, NULL, NULL, NULL, 400.0, NULL, 3608.0, NULL, 'https://mobile.yangkeduo.com/goo'/*+29 bytes*/, '2026-04-15', datetime('now', 'localtime'))


    SELECT total_sales, price FROM "pdd市场监控"
    WHERE product_id = '131363133209' AND monitor_date = '2026-04-15'


    SELECT total_sales FROM "pdd市场监控"
    WHERE product_id = '131363133209' AND monitor_date = '2026-04-14'


    INSERT OR REPLACE INTO "pdd市场监控"
    (product_id, title, price, total_sales, monthly_sales, weekly_sales, daily_sales_tag, hot_sales, grabbed_sales, daily_increment, product_url, monitor_date, scrape_time) 
    VALUES ('131363133209', '海尔前置过滤器全屋自来'/*+53 bytes*/, 287.0, 142000.0, NULL, NULL, 100.0, NULL, NULL, 0.0, 'https://mobile.yangkeduo.com/goo'/*+29 bytes*/, '2026-04-15', datetime('now', 'localtime'))


    SELECT total_sales, price FROM "pdd市场监控"
    WHERE product_id = '872986550973' AND monitor_date = '2026-04-15'


    INSERT OR REPLACE INTO "pdd市场监控"
    (product_id, title, price, total_sales, monthly_sales, weekly_sales, daily_sales_tag, hot_sales, grabbed_sales, daily_increment, product_url, monitor_date, scrape_time) 
    VALUES ('872986550973', '沁园【TRULIVA】可直饮龙头'/*+51 bytes*/, 82.99, NULL, NULL, NULL, 100.0, NULL, 6928.0, NULL, 'https://mobile.yangkeduo.com/goo'/*+29 bytes*/, '2026-04-15', datetime('now', 'localtime'))


    SELECT total_sales, price FROM "pdd市场监控"
    WHERE product_id = '202993631127' AND monitor_date = '2026-04-15'


    SELECT total_sales FROM "pdd市场监控"
    WHERE product_id = '202993631127' AND monitor_date = '2026-04-14'


    INSERT OR REPLACE INTO "pdd市场监控"
    (product_id, title, price, total_sales, monthly_sales, weekly_sales, daily_sales_tag, hot_sales, grabbed_sales, daily_increment, product_url, monitor_date, scrape_time) 
    VALUES ('202993631127', '长虹净水器家用直饮厨房'/*+57 bytes*/, 337.0, 587000.0, NULL, NULL, 100.0, NULL, NULL, 0.0, 'https://mobile.yangkeduo.com/goo'/*+29 bytes*/, '2026-04-15', datetime('now', 'localtime'))


    SELECT total_sales, price FROM "pdd市场监控"
    WHERE product_id = '635594987496' AND monitor_date = '2026-04-15'


    SELECT total_sales FROM "pdd市场监控"
    WHERE product_id = '635594987496' AND monitor_date = '2026-04-14'


    INSERT OR REPLACE INTO "pdd市场监控"
    (product_id, title, price, total_sales, monthly_sales, weekly_sales, daily_sales_tag, hot_sales, grabbed_sales, daily_increment, product_url, monitor_date, scrape_time) 
    VALUES ('635594987496', '艾美特前置花洒沐浴淋浴'/*+57 bytes*/, 27.3, 595000.0, NULL, NULL, 100.0, NULL, NULL, 1000.0, 'https://mobile.yangkeduo.com/goo'/*+29 bytes*/, '2026-04-15', datetime('now', 'localtime'))


    SELECT total_sales, price FROM "pdd市场监控"
    WHERE product_id = '209020621849' AND monitor_date = '2026-04-15'


    INSERT OR REPLACE INTO "pdd市场监控"
    (product_id, title, price, total_sales, monthly_sales, weekly_sales, daily_sales_tag, hot_sales, grabbed_sales, daily_increment, product_url, monitor_date, scrape_time) 
    VALUES ('209020621849', '美的净水器反渗透全屋保'/*+55 bytes*/, 809.0, NULL, NULL, NULL, 30.0, NULL, 514000.0, NULL, 'https://mobile.yangkeduo.com/goo'/*+29 bytes*/, '2026-04-15', datetime('now', 'localtime'))


    SELECT total_sales, price FROM "pdd市场监控"
    WHERE product_id = '916995438281' AND monitor_date = '2026-04-15'


    INSERT OR REPLACE INTO "pdd市场监控"
    (product_id, title, price, total_sales, monthly_sales, weekly_sales, daily_sales_tag, hot_sales, grabbed_sales, daily_increment, product_url, monitor_date, scrape_time) 
    VALUES ('916995438281', '德克史帝夫正品304不锈钢'/*+54 bytes*/, 99.0, NULL, NULL, NULL, 60.0, NULL, 2181.0, NULL, 'https://mobile.yangkeduo.com/goo'/*+29 bytes*/, '2026-04-15', datetime('now', 'localtime'))


    SELECT total_sales, price FROM "pdd市场监控"
    WHERE product_id = '758048463055' AND monitor_date = '2026-04-15'


    SELECT total_sales FROM "pdd市场监控"
    WHERE product_id = '758048463055' AND monitor_date = '2026-04-14'


    INSERT OR REPLACE INTO "pdd市场监控"
    (product_id, title, price, total_sales, monthly_sales, weekly_sales, daily_sales_tag, hot_sales, grabbed_sales, daily_increment, product_url, monitor_date, scrape_time) 
    VALUES ('758048463055', '沁园前置过滤器净水器智'/*+53 bytes*/, 593.0, 4944.0, NULL, NULL, 40.0, NULL, NULL, 27.0, 'https://mobile.yangkeduo.com/goo'/*+29 bytes*/, '2026-04-15', datetime('now', 'localtime'))


    SELECT total_sales, price FROM "pdd市场监控"
    WHERE product_id = '929920369076' AND monitor_date = '2026-04-15'


    INSERT OR REPLACE INTO "pdd市场监控"
    (product_id, title, price, total_sales, monthly_sales, weekly_sales, daily_sales_tag, hot_sales, grabbed_sales, daily_increment, product_url, monitor_date, scrape_time) 
    VALUES ('929920369076', '小米米家净水器800G家用厨'/*+54 bytes*/, 839.0, NULL, NULL, NULL, 40.0, NULL, 173.0, NULL, 'https://mobile.yangkeduo.com/goo'/*+29 bytes*/, '2026-04-15', datetime('now', 'localtime'))


    SELECT total_sales, price FROM "pdd市场监控"
    WHERE product_id = '899696765481' AND monitor_date = '2026-04-15'


    SELECT total_sales FROM "pdd市场监控"
    WHERE product_id = '899696765481' AND monitor_date = '2026-04-14'


    INSERT OR REPLACE INTO "pdd市场监控"
    (product_id, title, price, total_sales, monthly_sales, weekly_sales, daily_sales_tag, hot_sales, grabbed_sales, daily_increment, product_url, monitor_date, scrape_time) 
    VALUES ('899696765481', '菲普诺不锈钢全屋净水器'/*+54 bytes*/, 98.0, 3265.0, NULL, NULL, 50.0, NULL, NULL, 38.0, 'https://mobile.yangkeduo.com/goo'/*+29 bytes*/, '2026-04-15', datetime('now', 'localtime'))


    SELECT total_sales, price FROM "pdd市场监控"
    WHERE product_id = '353140007622' AND monitor_date = '2026-04-15'


    SELECT total_sales FROM "pdd市场监控"
    WHERE product_id = '353140007622' AND monitor_date = '2026-04-14'


    INSERT OR REPLACE INTO "pdd市场监控"
    (product_id, title, price, total_sales, monthly_sales, weekly_sales, daily_sales_tag, hot_sales, grabbed_sales, daily_increment, product_url, monitor_date, scrape_time) 
    VALUES ('353140007622', '美的家用净水器 6年长效'/*+52 bytes*/, 1808.9, 13000.0, NULL, 100.0, NULL, NULL, NULL, 0.0, 'https://mobile.yangkeduo.com/goo'/*+29 bytes*/, '2026-04-15', datetime('now', 'localtime'))


    SELECT total_sales, price FROM "pdd市场监控"
    WHERE product_id = '758150701089' AND monitor_date = '2026-04-15'


    INSERT OR REPLACE INTO "pdd市场监控"
    (product_id, title, price, total_sales, monthly_sales, weekly_sales, daily_sales_tag, hot_sales, grabbed_sales, daily_increment, product_url, monitor_date, scrape_time) 
    VALUES ('758150701089', '沁园净水器10T大通量25微'/*+54 bytes*/, 379.0, NULL, NULL, NULL, 30.0, NULL, 6183.0, NULL, 'https://mobile.yangkeduo.com/goo'/*+29 bytes*/, '2026-04-15', datetime('now', 'localtime'))


    SELECT total_sales, price FROM "pdd市场监控"
    WHERE product_id = '389772889864' AND monitor_date = '2026-04-15'


    SELECT total_sales FROM "pdd市场监控"
    WHERE product_id = '389772889864' AND monitor_date = '2026-04-14'


    INSERT OR REPLACE INTO "pdd市场监控"
    (product_id, title, price, total_sales, monthly_sales, weekly_sales, daily_sales_tag, hot_sales, grabbed_sales, daily_increment, product_url, monitor_date, scrape_time) 
    VALUES ('389772889864', '美的15T大通量前置过滤器'/*+51 bytes*/, 275.0, 14000.0, NULL, NULL, 40.0, NULL, NULL, 0.0, 'https://mobile.yangkeduo.com/goo'/*+29 bytes*/, '2026-04-15', datetime('now', 'localtime'))


    SELECT total_sales, price FROM "pdd市场监控"
    WHERE product_id = '268559052855' AND monitor_date = '2026-04-15'


    SELECT total_sales FROM "pdd市场监控"
    WHERE product_id = '268559052855' AND monitor_date = '2026-04-14'


    INSERT OR REPLACE INTO "pdd市场监控"
    (product_id, title, price, total_sales, monthly_sales, weekly_sales, daily_sales_tag, hot_sales, grabbed_sales, daily_increment, product_url, monitor_date, scrape_time) 
    VALUES ('268559052855', '官方正品净水壶3.5L家用滤'/*+48 bytes*/, 36.1, 124000.0, NULL, NULL, 70.0, NULL, NULL, 0.0, 'https://mobile.yangkeduo.com/goo'/*+29 bytes*/, '2026-04-15', datetime('now', 'localtime'))


    SELECT total_sales, price FROM "pdd市场监控"
    WHERE product_id = '726880345881' AND monitor_date = '2026-04-15'


    SELECT total_sales FROM "pdd市场监控"
    WHERE product_id = '726880345881' AND monitor_date = '2026-04-14'


    INSERT OR REPLACE INTO "pdd市场监控"
    (product_id, title, price, total_sales, monthly_sales, weekly_sales, daily_sales_tag, hot_sales, grabbed_sales, daily_increment, product_url, monitor_date, scrape_time) 
    VALUES ('726880345881', '海尔全屋前置过滤器家用'/*+57 bytes*/, 619.0, 4865.0, NULL, NULL, 30.0, NULL, NULL, 15.0, 'https://mobile.yangkeduo.com/goo'/*+29 bytes*/, '2026-04-15', datetime('now', 'localtime'))


    SELECT total_sales, price FROM "pdd市场监控"
    WHERE product_id = '854824820292' AND monitor_date = '2026-04-15'


    INSERT OR REPLACE INTO "pdd市场监控"
    (product_id, title, price, total_sales, monthly_sales, weekly_sales, daily_sales_tag, hot_sales, grabbed_sales, daily_increment, product_url, monitor_date, scrape_time) 
    VALUES ('854824820292', '海尔净水器家用直饮鲜活'/*+47 bytes*/, 1159.0, NULL, NULL, 100.0, NULL, NULL, 20000.0, NULL, 'https://mobile.yangkeduo.com/goo'/*+29 bytes*/, '2026-04-15', datetime('now', 'localtime'))


    SELECT total_sales, price FROM "pdd市场监控"
    WHERE product_id = '626312797718' AND monitor_date = '2026-04-15'


    SELECT total_sales FROM "pdd市场监控"
    WHERE product_id = '626312797718' AND monitor_date = '2026-04-14'


    INSERT OR REPLACE INTO "pdd市场监控"
    (product_id, title, price, total_sales, monthly_sales, weekly_sales, daily_sales_tag, hot_sales, grabbed_sales, daily_increment, product_url, monitor_date, scrape_time) 
    VALUES ('626312797718', '美的北极星超滤净水器家'/*+57 bytes*/, 539.0, 129000.0, NULL, 200.0, NULL, NULL, NULL, 0.0, 'https://mobile.yangkeduo.com/goo'/*+29 bytes*/, '2026-04-15', datetime('now', 'localtime'))


    SELECT total_sales, price FROM "pdd市场监控"
    WHERE product_id = '798619001655' AND monitor_date = '2026-04-15'


    INSERT OR REPLACE INTO "pdd市场监控"
    (product_id, title, price, total_sales, monthly_sales, weekly_sales, daily_sales_tag, hot_sales, grabbed_sales, daily_increment, product_url, monitor_date, scrape_time) 
    VALUES ('798619001655', '沁园TRULIVA可直饮净水器水'/*+51 bytes*/, 169.0, NULL, NULL, NULL, 30.0, NULL, 8497.0, NULL, 'https://mobile.yangkeduo.com/goo'/*+29 bytes*/, '2026-04-15', datetime('now', 'localtime'))


    SELECT total_sales, price FROM "pdd市场监控"
    WHERE product_id = '155836119570' AND monitor_date = '2026-04-15'


    SELECT total_sales FROM "pdd市场监控"
    WHERE product_id = '155836119570' AND monitor_date = '2026-04-14'


    INSERT OR REPLACE INTO "pdd市场监控"
    (product_id, title, price, total_sales, monthly_sales, weekly_sales, daily_sales_tag, hot_sales, grabbed_sales, daily_increment, product_url, monitor_date, scrape_time) 
    VALUES ('155836119570', '史密格净水器家用直饮自'/*+57 bytes*/, 238.0, 84000.0, NULL, NULL, 40.0, NULL, NULL, NULL, 'https://mobile.yangkeduo.com/goo'/*+29 bytes*/, '2026-04-15', datetime('now', 'localtime'))


    SELECT total_sales, price FROM "pdd市场监控"
    WHERE product_id = '915694601456' AND monitor_date = '2026-04-15'


    SELECT total_sales FROM "pdd市场监控"
    WHERE product_id = '915694601456' AND monitor_date = '2026-04-14'


    INSERT OR REPLACE INTO "pdd市场监控"
    (product_id, title, price, total_sales, monthly_sales, weekly_sales, daily_sales_tag, hot_sales, grabbed_sales, daily_increment, product_url, monitor_date, scrape_time) 
    VALUES ('915694601456', '长虹前置过滤器大流量自'/*+54 bytes*/, 233.0, 2119.0, NULL, NULL, 50.0, NULL, NULL, NULL, 'https://mobile.yangkeduo.com/goo'/*+29 bytes*/, '2026-04-15', datetime('now', 'localtime'))


    SELECT total_sales, price FROM "pdd市场监控"
    WHERE product_id = '131363133209' AND monitor_date = '2026-04-15'


    SELECT total_sales, price FROM "pdd市场监控"
    WHERE product_id = '635594987496' AND monitor_date = '2026-04-15'


    SELECT total_sales, price FROM "pdd市场监控"
    WHERE product_id = '868851073714' AND monitor_date = '2026-04-15'


    SELECT total_sales, price FROM "pdd市场监控"
    WHERE product_id = '654991409324' AND monitor_date = '2026-04-15'


    INSERT OR REPLACE INTO "pdd市场监控"
    (product_id, title, price, total_sales, monthly_sales, weekly_sales, daily_sales_tag, hot_sales, grabbed_sales, daily_increment, product_url, monitor_date, scrape_time) 
    VALUES ('654991409324', '世净城净水器10寸透明滤'/*+55 bytes*/, 15.94, NULL, NULL, NULL, 60.0, NULL, NULL, NULL, 'https://mobile.yangkeduo.com/goo'/*+29 bytes*/, '2026-04-15', datetime('now', 'localtime'))


    SELECT total_sales, price FROM "pdd市场监控"
    WHERE product_id = '209020621849' AND monitor_date = '2026-04-15'


    INSERT OR REPLACE INTO "pdd市场监控"
    (product_id, title, price, total_sales, monthly_sales, weekly_sales, daily_sales_tag, hot_sales, grabbed_sales, daily_increment, product_url, monitor_date, scrape_time) 
    VALUES ('209020621849', '美的净水器反渗透全屋保'/*+55 bytes*/, 809.0, NULL, NULL, NULL, 30.0, NULL, NULL, NULL, 'https://mobile.yangkeduo.com/goo'/*+29 bytes*/, '2026-04-15', datetime('now', 'localtime'))


    SELECT total_sales, price FROM "pdd市场监控"
    WHERE product_id = '872986550973' AND monitor_date = '2026-04-15'


    INSERT OR REPLACE INTO "pdd市场监控"
    (product_id, title, price, total_sales, monthly_sales, weekly_sales, daily_sales_tag, hot_sales, grabbed_sales, daily_increment, product_url, monitor_date, scrape_time) 
    VALUES ('872986550973', '沁园【TRULIVA】可直饮龙头'/*+51 bytes*/, 82.99, NULL, NULL, NULL, 100.0, NULL, NULL, NULL, 'https://mobile.yangkeduo.com/goo'/*+29 bytes*/, '2026-04-15', datetime('now', 'localtime'))


    SELECT total_sales, price FROM "pdd市场监控"
    WHERE product_id = '794044940174' AND monitor_date = '2026-04-15'


    SELECT total_sales, price FROM "pdd市场监控"
    WHERE product_id = '626312797718' AND monitor_date = '2026-04-15'


    SELECT total_sales, price FROM "pdd市场监控"
    WHERE product_id = '824870103252' AND monitor_date = '2026-04-15'


    INSERT OR REPLACE INTO "pdd市场监控"
    (product_id, title, price, total_sales, monthly_sales, weekly_sales, daily_sales_tag, hot_sales, grabbed_sales, daily_increment, product_url, monitor_date, scrape_time) 
    VALUES ('824870103252', '海尔新款净水器前置全屋'/*+51 bytes*/, 445.0, NULL, NULL, NULL, 30.0, NULL, NULL, NULL, 'https://mobile.yangkeduo.com/goo'/*+29 bytes*/, '2026-04-15', datetime('now', 'localtime'))


    SELECT total_sales, price FROM "pdd市场监控"
    WHERE product_id = '711881031979' AND monitor_date = '2026-04-15'


    SELECT total_sales, price FROM "pdd市场监控"
    WHERE product_id = '916995438281' AND monitor_date = '2026-04-15'


    INSERT OR REPLACE INTO "pdd市场监控"
    (product_id, title, price, total_sales, monthly_sales, weekly_sales, daily_sales_tag, hot_sales, grabbed_sales, daily_increment, product_url, monitor_date, scrape_time) 
    VALUES ('916995438281', '德克史帝夫正品304不锈钢'/*+54 bytes*/, 99.0, NULL, NULL, NULL, 60.0, NULL, NULL, NULL, 'https://mobile.yangkeduo.com/goo'/*+29 bytes*/, '2026-04-15', datetime('now', 'localtime'))


    SELECT total_sales, price FROM "pdd市场监控"
    WHERE product_id = '798619001655' AND monitor_date = '2026-04-15'


    INSERT OR REPLACE INTO "pdd市场监控"
    (product_id, title, price, total_sales, monthly_sales, weekly_sales, daily_sales_tag, hot_sales, grabbed_sales, daily_increment, product_url, monitor_date, scrape_time) 
    VALUES ('798619001655', '沁园TRULIVA可直饮净水器水'/*+51 bytes*/, 169.0, NULL, NULL, NULL, 30.0, NULL, NULL, NULL, 'https://mobile.yangkeduo.com/goo'/*+29 bytes*/, '2026-04-15', datetime('now', 'localtime'))


    SELECT total_sales, price FROM "pdd市场监控"
    WHERE product_id = '758150701089' AND monitor_date = '2026-04-15'


    INSERT OR REPLACE INTO "pdd市场监控"
    (product_id, title, price, total_sales, monthly_sales, weekly_sales, daily_sales_tag, hot_sales, grabbed_sales, daily_increment, product_url, monitor_date, scrape_time) 
    VALUES ('758150701089', '沁园净水器10T大通量25微'/*+54 bytes*/, 379.0, NULL, NULL, NULL, 30.0, NULL, NULL, NULL, 'https://mobile.yangkeduo.com/goo'/*+29 bytes*/, '2026-04-15', datetime('now', 'localtime'))


    SELECT total_sales, price FROM "pdd市场监控"
    WHERE product_id = '482649641294' AND monitor_date = '2026-04-15'


    INSERT OR REPLACE INTO "pdd市场监控"
    (product_id, title, price, total_sales, monthly_sales, weekly_sales, daily_sales_tag, hot_sales, grabbed_sales, daily_increment, product_url, monitor_date, scrape_time) 
    VALUES ('482649641294', '家用净水器RO反渗透出水'/*+57 bytes*/, 246.0, NULL, NULL, 100.0, NULL, NULL, NULL, NULL, 'https://mobile.yangkeduo.com/goo'/*+29 bytes*/, '2026-04-15', datetime('now', 'localtime'))


    SELECT total_sales, price FROM "pdd市场监控"
    WHERE product_id = '785356830165' AND monitor_date = '2026-04-15'


    SELECT total_sales, price FROM "pdd市场监控"
    WHERE product_id = '726880345881' AND monitor_date = '2026-04-15'


    SELECT total_sales, price FROM "pdd市场监控"
    WHERE product_id = '268559052855' AND monitor_date = '2026-04-15'


    SELECT total_sales, price FROM "pdd市场监控"
    WHERE product_id = '5085107966' AND monitor_date = '2026-04-15'


    SELECT total_sales, price FROM "pdd市场监控"
    WHERE product_id = '786620855421' AND monitor_date = '2026-04-15'


    INSERT OR REPLACE INTO "pdd市场监控"
    (product_id, title, price, total_sales, monthly_sales, weekly_sales, daily_sales_tag, hot_sales, grabbed_sales, daily_increment, product_url, monitor_date, scrape_time) 
    VALUES ('786620855421', '美的净水器入户水管前置'/*+54 bytes*/, 316.0, NULL, NULL, NULL, 30.0, NULL, NULL, NULL, 'https://mobile.yangkeduo.com/goo'/*+29 bytes*/, '2026-04-15', datetime('now', 'localtime'))


    SELECT total_sales, price FROM "pdd市场监控"
    WHERE product_id = '694909780784' AND monitor_date = '2026-04-15'


    INSERT OR REPLACE INTO "pdd市场监控"
    (product_id, title, price, total_sales, monthly_sales, weekly_sales, daily_sales_tag, hot_sales, grabbed_sales, daily_increment, product_url, monitor_date, scrape_time) 
    VALUES ('694909780784', '飞利浦净水壶通用滤芯AW'/*+55 bytes*/, 46.46, NULL, NULL, 200.0, NULL, NULL, NULL, NULL, 'https://mobile.yangkeduo.com/goo'/*+29 bytes*/, '2026-04-15', datetime('now', 'localtime'))


    SELECT total_sales, price FROM "pdd市场监控"
    WHERE product_id = '901484958667' AND monitor_date = '2026-04-15'


    INSERT OR REPLACE INTO "pdd市场监控"
    (product_id, title, price, total_sales, monthly_sales, weekly_sales, daily_sales_tag, hot_sales, grabbed_sales, daily_increment, product_url, monitor_date, scrape_time) 
    VALUES ('901484958667', '科碧泉水龙头过滤器净水'/*+57 bytes*/, 17.25, NULL, NULL, NULL, NULL, NULL, NULL, NULL, 'https://mobile.yangkeduo.com/goo'/*+29 bytes*/, '2026-04-15', datetime('now', 'localtime'))


    SELECT total_sales, price FROM "pdd市场监控"
    WHERE product_id = '202993631127' AND monitor_date = '2026-04-15'


    SELECT total_sales, price FROM "pdd市场监控"
    WHERE product_id = '5085107966' AND monitor_date = '2026-04-15'


    SELECT total_sales, price FROM "pdd市场监控"
    WHERE product_id = '925797846179' AND monitor_date = '2026-04-15'


    INSERT OR REPLACE INTO "pdd市场监控"
    (product_id, title, price, total_sales, monthly_sales, weekly_sales, daily_sales_tag, hot_sales, grabbed_sales, daily_increment, product_url, monitor_date, scrape_time) 
    VALUES ('925797846179', '海尔净水器厨下直饮家用'/*+43 bytes*/, 1839.0, NULL, 494.0, NULL, NULL, NULL, NULL, NULL, 'https://mobile.yangkeduo.com/goo'/*+29 bytes*/, '2026-04-15', datetime('now', 'localtime'))


    SELECT total_sales, price FROM "pdd市场监控"
    WHERE product_id = '868851073714' AND monitor_date = '2026-04-15'


    SELECT total_sales, price FROM "pdd市场监控"
    WHERE product_id = '798619001655' AND monitor_date = '2026-04-15'


    INSERT OR REPLACE INTO "pdd市场监控"
    (product_id, title, price, total_sales, monthly_sales, weekly_sales, daily_sales_tag, hot_sales, grabbed_sales, daily_increment, product_url, monitor_date, scrape_time) 
    VALUES ('798619001655', '沁园TRULIVA可直饮净水器水'/*+51 bytes*/, 209.0, NULL, NULL, NULL, 30.0, NULL, NULL, NULL, 'https://mobile.yangkeduo.com/goo'/*+29 bytes*/, '2026-04-15', datetime('now', 'localtime'))


    SELECT total_sales, price FROM "pdd市场监控"
    WHERE product_id = '785356830165' AND monitor_date = '2026-04-15'


    SELECT total_sales, price FROM "pdd市场监控"
    WHERE product_id = '915797572693' AND monitor_date = '2026-04-15'


    INSERT OR REPLACE INTO "pdd市场监控"
    (product_id, title, price, total_sales, monthly_sales, weekly_sales, daily_sales_tag, hot_sales, grabbed_sales, daily_increment, product_url, monitor_date, scrape_time) 
    VALUES ('915797572693', 'VIOMI云米净水器小海豚600'/*+45 bytes*/, 599.0, NULL, NULL, NULL, NULL, NULL, NULL, NULL, 'https://mobile.yangkeduo.com/goo'/*+29 bytes*/, '2026-04-15', datetime('now', 'localtime'))


    SELECT total_sales, price FROM "pdd市场监控"
    WHERE product_id = '882364625777' AND monitor_date = '2026-04-15'


    INSERT OR REPLACE INTO "pdd市场监控"
    (product_id, title, price, total_sales, monthly_sales, weekly_sales, daily_sales_tag, hot_sales, grabbed_sales, daily_increment, product_url, monitor_date, scrape_time) 
    VALUES ('882364625777', '美的净水器同比1200G大流'/*+48 bytes*/, 874.0, NULL, NULL, NULL, NULL, NULL, NULL, NULL, 'https://mobile.yangkeduo.com/goo'/*+29 bytes*/, '2026-04-15', datetime('now', 'localtime'))


    SELECT total_sales, price FROM "pdd市场监控"
    WHERE product_id = '799364629857' AND monitor_date = '2026-04-15'


    INSERT OR REPLACE INTO "pdd市场监控"
    (product_id, title, price, total_sales, monthly_sales, weekly_sales, daily_sales_tag, hot_sales, grabbed_sales, daily_increment, product_url, monitor_date, scrape_time) 
    VALUES ('799364629857', '【银色龙头版】志高净水'/*+54 bytes*/, 469.0, NULL, 253.0, NULL, NULL, NULL, NULL, NULL, 'https://mobile.yangkeduo.com/goo'/*+29 bytes*/, '2026-04-15', datetime('now', 'localtime'))


    SELECT total_sales, price FROM "pdd市场监控"
    WHERE product_id = '347579110147' AND monitor_date = '2026-04-15'


    SELECT total_sales, price FROM "pdd市场监控"
    WHERE product_id = '922405222213' AND monitor_date = '2026-04-15'


    INSERT OR REPLACE INTO "pdd市场监控"
    (product_id, title, price, total_sales, monthly_sales, weekly_sales, daily_sales_tag, hot_sales, grabbed_sales, daily_increment, product_url, monitor_date, scrape_time) 
    VALUES ('922405222213', '小米米家水龙头净水器2水'/*+54 bytes*/, 90.9, NULL, NULL, NULL, 400.0, NULL, NULL, NULL, 'https://mobile.yangkeduo.com/goo'/*+29 bytes*/, '2026-04-15', datetime('now', 'localtime'))

COMMIT
💾 当前页面数据已成功清洗并写入 SQLite 数据库。
💤 模拟人工停顿 3422 毫秒...

========================================
⏳ 准备访问第 14/16 个网址: https://mobile.yangkeduo.com/sjs_cat_rank_list.html?list_id=3283500376324010801&scene_id=goods_detail%2Crelated_goods&list_sn=YWEGtVMYGg0VC3QLTOb19NLE&__list_version=2&_pdd_fs=1&_x_share_id=oELKkqautphRMeJh1GRwwa66ZXp7qveZ&refer_page_name=bangdan_list&refer_page_id=17542_1775702987487_i1tp7rnl8j&refer_page_sn=17542&page_from=69&activeTab=0
✅ 页面加载完成，开始检测登录状态...
🔓 状态正常：已识别到商品数据，免登陆直接放行！
🎉 成功提取到 18 条商品数据，进入数据清洗入库阶段...
BEGIN

    SELECT total_sales, price FROM "pdd市场监控"
    WHERE product_id = '202993631127' AND monitor_date = '2026-04-15'


    SELECT total_sales FROM "pdd市场监控"
    WHERE product_id = '202993631127' AND monitor_date = '2026-04-14'


    INSERT OR REPLACE INTO "pdd市场监控"
    (product_id, title, price, total_sales, monthly_sales, weekly_sales, daily_sales_tag, hot_sales, grabbed_sales, daily_increment, product_url, monitor_date, scrape_time) 
    VALUES ('202993631127', '长虹净水器家用直饮厨房'/*+57 bytes*/, 337.0, 587000.0, NULL, NULL, 100.0, NULL, NULL, 0.0, 'https://mobile.yangkeduo.com/goo'/*+29 bytes*/, '2026-04-15', datetime('now', 'localtime'))


    SELECT total_sales, price FROM "pdd市场监控"
    WHERE product_id = '389772889864' AND monitor_date = '2026-04-15'


    SELECT total_sales FROM "pdd市场监控"
    WHERE product_id = '389772889864' AND monitor_date = '2026-04-14'


    INSERT OR REPLACE INTO "pdd市场监控"
    (product_id, title, price, total_sales, monthly_sales, weekly_sales, daily_sales_tag, hot_sales, grabbed_sales, daily_increment, product_url, monitor_date, scrape_time) 
    VALUES ('389772889864', '美的15T大通量前置过滤器'/*+51 bytes*/, 275.0, 14000.0, NULL, NULL, 40.0, NULL, NULL, 0.0, 'https://mobile.yangkeduo.com/goo'/*+29 bytes*/, '2026-04-15', datetime('now', 'localtime'))


    SELECT total_sales, price FROM "pdd市场监控"
    WHERE product_id = '626312797718' AND monitor_date = '2026-04-15'


    SELECT total_sales FROM "pdd市场监控"
    WHERE product_id = '626312797718' AND monitor_date = '2026-04-14'


    INSERT OR REPLACE INTO "pdd市场监控"
    (product_id, title, price, total_sales, monthly_sales, weekly_sales, daily_sales_tag, hot_sales, grabbed_sales, daily_increment, product_url, monitor_date, scrape_time) 
    VALUES ('626312797718', '美的北极星超滤净水器家'/*+57 bytes*/, 539.0, 129000.0, NULL, 200.0, NULL, NULL, NULL, 0.0, 'https://mobile.yangkeduo.com/goo'/*+29 bytes*/, '2026-04-15', datetime('now', 'localtime'))


    SELECT total_sales, price FROM "pdd市场监控"
    WHERE product_id = '786620855421' AND monitor_date = '2026-04-15'


    INSERT OR REPLACE INTO "pdd市场监控"
    (product_id, title, price, total_sales, monthly_sales, weekly_sales, daily_sales_tag, hot_sales, grabbed_sales, daily_increment, product_url, monitor_date, scrape_time) 
    VALUES ('786620855421', '美的净水器入户水管前置'/*+54 bytes*/, 316.0, NULL, NULL, NULL, 30.0, NULL, 14000.0, NULL, 'https://mobile.yangkeduo.com/goo'/*+29 bytes*/, '2026-04-15', datetime('now', 'localtime'))


    SELECT total_sales, price FROM "pdd市场监控"
    WHERE product_id = '593888071009' AND monitor_date = '2026-04-15'


    INSERT OR REPLACE INTO "pdd市场监控"
    (product_id, title, price, total_sales, monthly_sales, weekly_sales, daily_sales_tag, hot_sales, grabbed_sales, daily_increment, product_url, monitor_date, scrape_time) 
    VALUES ('593888071009', '长虹净水器家用直饮自来'/*+51 bytes*/, 133.0, NULL, NULL, NULL, 30.0, NULL, 516000.0, NULL, 'https://mobile.yangkeduo.com/goo'/*+29 bytes*/, '2026-04-15', datetime('now', 'localtime'))


    SELECT total_sales, price FROM "pdd市场监控"
    WHERE product_id = '633229407539' AND monitor_date = '2026-04-15'


    INSERT OR REPLACE INTO "pdd市场监控"
    (product_id, title, price, total_sales, monthly_sales, weekly_sales, daily_sales_tag, hot_sales, grabbed_sales, daily_increment, product_url, monitor_date, scrape_time) 
    VALUES ('633229407539', '长虹净水器家用直饮不锈'/*+57 bytes*/, 368.0, NULL, NULL, NULL, 30.0, NULL, 503000.0, NULL, 'https://mobile.yangkeduo.com/goo'/*+29 bytes*/, '2026-04-15', datetime('now', 'localtime'))


    SELECT total_sales, price FROM "pdd市场监控"
    WHERE product_id = '921627872916' AND monitor_date = '2026-04-15'


    SELECT total_sales FROM "pdd市场监控"
    WHERE product_id = '921627872916' AND monitor_date = '2026-04-14'


    INSERT OR REPLACE INTO "pdd市场监控"
    (product_id, title, price, total_sales, monthly_sales, weekly_sales, daily_sales_tag, hot_sales, grabbed_sales, daily_increment, product_url, monitor_date, scrape_time) 
    VALUES ('921627872916', '海尔管线机HGRZ2318厨房家'/*+54 bytes*/, 479.0, 978.0, NULL, NULL, NULL, NULL, NULL, 13.0, 'https://mobile.yangkeduo.com/goo'/*+29 bytes*/, '2026-04-15', datetime('now', 'localtime'))


    SELECT total_sales, price FROM "pdd市场监控"
    WHERE product_id = '736780887569' AND monitor_date = '2026-04-15'


    SELECT total_sales FROM "pdd市场监控"
    WHERE product_id = '736780887569' AND monitor_date = '2026-04-14'


    INSERT OR REPLACE INTO "pdd市场监控"
    (product_id, title, price, total_sales, monthly_sales, weekly_sales, daily_sales_tag, hot_sales, grabbed_sales, daily_increment, product_url, monitor_date, scrape_time) 
    VALUES ('736780887569', '云米小海豚8T前置过滤器'/*+53 bytes*/, 143.9, 20000.0, 332.0, NULL, NULL, NULL, NULL, 0.0, 'https://mobile.yangkeduo.com/goo'/*+29 bytes*/, '2026-04-15', datetime('now', 'localtime'))


    SELECT total_sales, price FROM "pdd市场监控"
    WHERE product_id = '186920233423' AND monitor_date = '2026-04-15'


    INSERT OR REPLACE INTO "pdd市场监控"
    (product_id, title, price, total_sales, monthly_sales, weekly_sales, daily_sales_tag, hot_sales, grabbed_sales, daily_increment, product_url, monitor_date, scrape_time) 
    VALUES ('186920233423', '美的净水器家用前置过滤'/*+57 bytes*/, 520.0, NULL, NULL, NULL, NULL, NULL, 5949.0, NULL, 'https://mobile.yangkeduo.com/goo'/*+29 bytes*/, '2026-04-15', datetime('now', 'localtime'))


    SELECT total_sales, price FROM "pdd市场监控"
    WHERE product_id = '458897903176' AND monitor_date = '2026-04-15'


    INSERT OR REPLACE INTO "pdd市场监控"
    (product_id, title, price, total_sales, monthly_sales, weekly_sales, daily_sales_tag, hot_sales, grabbed_sales, daily_increment, product_url, monitor_date, scrape_time) 
    VALUES ('458897903176', '美的家用净水器伴侣 超薄'/*+49 bytes*/, 1479.0, NULL, NULL, NULL, NULL, NULL, 845.0, NULL, 'https://mobile.yangkeduo.com/goo'/*+29 bytes*/, '2026-04-15', datetime('now', 'localtime'))


    SELECT total_sales, price FROM "pdd市场监控"
    WHERE product_id = '491197094742' AND monitor_date = '2026-04-15'


    INSERT OR REPLACE INTO "pdd市场监控"
    (product_id, title, price, total_sales, monthly_sales, weekly_sales, daily_sales_tag, hot_sales, grabbed_sales, daily_increment, product_url, monitor_date, scrape_time) 
    VALUES ('491197094742', '【2芯装】九阳净水器家用'/*+53 bytes*/, 86.13, NULL, NULL, NULL, NULL, NULL, 157.0, NULL, 'https://mobile.yangkeduo.com/goo'/*+29 bytes*/, '2026-04-15', datetime('now', 'localtime'))


    SELECT total_sales, price FROM "pdd市场监控"
    WHERE product_id = '911579535573' AND monitor_date = '2026-04-15'


    INSERT OR REPLACE INTO "pdd市场监控"
    (product_id, title, price, total_sales, monthly_sales, weekly_sales, daily_sales_tag, hot_sales, grabbed_sales, daily_increment, product_url, monitor_date, scrape_time) 
    VALUES ('911579535573', 'AO史密斯佳尼特加热净水'/*+50 bytes*/, 4079.0, NULL, NULL, NULL, NULL, NULL, 56.0, NULL, 'https://mobile.yangkeduo.com/goo'/*+29 bytes*/, '2026-04-15', datetime('now', 'localtime'))


    SELECT total_sales, price FROM "pdd市场监控"
    WHERE product_id = '687209085557' AND monitor_date = '2026-04-15'


    INSERT OR REPLACE INTO "pdd市场监控"
    (product_id, title, price, total_sales, monthly_sales, weekly_sales, daily_sales_tag, hot_sales, grabbed_sales, daily_increment, product_url, monitor_date, scrape_time) 
    VALUES ('687209085557', '长虹304不锈钢直饮净水器'/*+54 bytes*/, 235.0, NULL, NULL, NULL, NULL, NULL, 153.0, NULL, 'https://mobile.yangkeduo.com/goo'/*+29 bytes*/, '2026-04-15', datetime('now', 'localtime'))


    SELECT total_sales, price FROM "pdd市场监控"
    WHERE product_id = '453674982110' AND monitor_date = '2026-04-15'


    INSERT OR REPLACE INTO "pdd市场监控"
    (product_id, title, price, total_sales, monthly_sales, weekly_sales, daily_sales_tag, hot_sales, grabbed_sales, daily_increment, product_url, monitor_date, scrape_time) 
    VALUES ('453674982110', '长虹净水器商用直饮奶茶'/*+57 bytes*/, 1860.0, NULL, NULL, NULL, NULL, NULL, 10000.0, NULL, 'https://mobile.yangkeduo.com/goo'/*+29 bytes*/, '2026-04-15', datetime('now', 'localtime'))


    SELECT total_sales, price FROM "pdd市场监控"
    WHERE product_id = '637064071655' AND monitor_date = '2026-04-15'


    SELECT total_sales FROM "pdd市场监控"
    WHERE product_id = '637064071655' AND monitor_date = '2026-04-14'


    INSERT OR REPLACE INTO "pdd市场监控"
    (product_id, title, price, total_sales, monthly_sales, weekly_sales, daily_sales_tag, hot_sales, grabbed_sales, daily_increment, product_url, monitor_date, scrape_time) 
    VALUES ('637064071655', '长虹净水器家用直饮不锈'/*+51 bytes*/, 549.0, 22000.0, NULL, NULL, NULL, NULL, NULL, 0.0, 'https://mobile.yangkeduo.com/goo'/*+29 bytes*/, '2026-04-15', datetime('now', 'localtime'))


    SELECT total_sales, price FROM "pdd市场监控"
    WHERE product_id = '675337654278' AND monitor_date = '2026-04-15'


    INSERT OR REPLACE INTO "pdd市场监控"
    (product_id, title, price, total_sales, monthly_sales, weekly_sales, daily_sales_tag, hot_sales, grabbed_sales, daily_increment, product_url, monitor_date, scrape_time) 
    VALUES ('675337654278', '长虹净水器家用直饮厨房'/*+54 bytes*/, 547.0, NULL, NULL, NULL, NULL, NULL, 1155.0, NULL, 'https://mobile.yangkeduo.com/goo'/*+29 bytes*/, '2026-04-15', datetime('now', 'localtime'))


    SELECT total_sales, price FROM "pdd市场监控"
    WHERE product_id = '687151628153' AND monitor_date = '2026-04-15'


    INSERT OR REPLACE INTO "pdd市场监控"
    (product_id, title, price, total_sales, monthly_sales, weekly_sales, daily_sales_tag, hot_sales, grabbed_sales, daily_increment, product_url, monitor_date, scrape_time) 
    VALUES ('687151628153', '艾美特自来水前置过滤器'/*+53 bytes*/, 207.0, NULL, NULL, NULL, NULL, NULL, 64.0, NULL, 'https://mobile.yangkeduo.com/goo'/*+29 bytes*/, '2026-04-15', datetime('now', 'localtime'))


    SELECT total_sales, price FROM "pdd市场监控"
    WHERE product_id = '925152160384' AND monitor_date = '2026-04-15'


    SELECT total_sales FROM "pdd市场监控"
    WHERE product_id = '925152160384' AND monitor_date = '2026-04-14'


    INSERT OR REPLACE INTO "pdd市场监控"
    (product_id, title, price, total_sales, monthly_sales, weekly_sales, daily_sales_tag, hot_sales, grabbed_sales, daily_increment, product_url, monitor_date, scrape_time) 
    VALUES ('925152160384', '松下前置过滤器家用大流'/*+54 bytes*/, 598.0, 4.0, NULL, NULL, NULL, NULL, NULL, 0.0, 'https://mobile.yangkeduo.com/goo'/*+29 bytes*/, '2026-04-15', datetime('now', 'localtime'))

COMMIT
💾 当前页面数据已成功清洗并写入 SQLite 数据库。
💤 模拟人工停顿 2294 毫秒...

========================================
⏳ 准备访问第 15/16 个网址: https://mobile.yangkeduo.com/sjs_cat_rank_list.html?list_id=3283598229711010801&scene_id=goods_detail%2Crelated_goods&list_sn=YWHuKajJrxFrhOUXq02UwzY8&__list_version=2&_pdd_fs=1&_x_share_id=oELKkqautphRMeJh1GRwwa66ZXp7qveZ&refer_page_name=bangdan_list&refer_page_id=17542_1775703037102_i81065qgyh&refer_page_sn=17542&page_from=69&activeTab=0
✅ 页面加载完成，开始检测登录状态...
🔓 状态正常：已识别到商品数据，免登陆直接放行！
🎉 成功提取到 14 条商品数据，进入数据清洗入库阶段...
BEGIN

    SELECT total_sales, price FROM "pdd市场监控"
    WHERE product_id = '606683594093' AND monitor_date = '2026-04-15'


    SELECT total_sales FROM "pdd市场监控"
    WHERE product_id = '606683594093' AND monitor_date = '2026-04-14'


    INSERT OR REPLACE INTO "pdd市场监控"
    (product_id, title, price, total_sales, monthly_sales, weekly_sales, daily_sales_tag, hot_sales, grabbed_sales, daily_increment, product_url, monitor_date, scrape_time) 
    VALUES ('606683594093', '【孙颖莎推荐】德国BRITA'/*+50 bytes*/, 99.0, 11000.0, NULL, NULL, 30.0, NULL, NULL, 0.0, 'https://mobile.yangkeduo.com/goo'/*+29 bytes*/, '2026-04-15', datetime('now', 'localtime'))


    SELECT total_sales, price FROM "pdd市场监控"
    WHERE product_id = '719291867242' AND monitor_date = '2026-04-15'


    SELECT total_sales FROM "pdd市场监控"
    WHERE product_id = '719291867242' AND monitor_date = '2026-04-14'


    INSERT OR REPLACE INTO "pdd市场监控"
    (product_id, title, price, total_sales, monthly_sales, weekly_sales, daily_sales_tag, hot_sales, grabbed_sales, daily_increment, product_url, monitor_date, scrape_time) 
    VALUES ('719291867242', '苏泊尔净水壶UF03过滤壶过'/*+33 bytes*/, 21.28, 113000.0, NULL, 100.0, NULL, NULL, NULL, 0.0, 'https://mobile.yangkeduo.com/goo'/*+29 bytes*/, '2026-04-15', datetime('now', 'localtime'))


    SELECT total_sales, price FROM "pdd市场监控"
    WHERE product_id = '492494824697' AND monitor_date = '2026-04-15'


    SELECT total_sales FROM "pdd市场监控"
    WHERE product_id = '492494824697' AND monitor_date = '2026-04-14'


    INSERT OR REPLACE INTO "pdd市场监控"
    (product_id, title, price, total_sales, monthly_sales, weekly_sales, daily_sales_tag, hot_sales, grabbed_sales, daily_increment, product_url, monitor_date, scrape_time) 
    VALUES ('492494824697', '已接入米家APP 净水器滤芯'/*+48 bytes*/, 588.0, 25000.0, 206.0, NULL, NULL, NULL, NULL, 0.0, 'https://mobile.yangkeduo.com/goo'/*+29 bytes*/, '2026-04-15', datetime('now', 'localtime'))


    SELECT total_sales, price FROM "pdd市场监控"
    WHERE product_id = '931323121082' AND monitor_date = '2026-04-15'


    INSERT OR REPLACE INTO "pdd市场监控"
    (product_id, title, price, total_sales, monthly_sales, weekly_sales, daily_sales_tag, hot_sales, grabbed_sales, daily_increment, product_url, monitor_date, scrape_time) 
    VALUES ('931323121082', '小米净水器反渗透滤芯(6'/*+13 bytes*/, 512.0, NULL, NULL, NULL, NULL, NULL, 33.0, NULL, 'https://mobile.yangkeduo.com/goo'/*+29 bytes*/, '2026-04-15', datetime('now', 'localtime'))


    SELECT total_sales, price FROM "pdd市场监控"
    WHERE product_id = '783621397638' AND monitor_date = '2026-04-15'


    INSERT OR REPLACE INTO "pdd市场监控"
    (product_id, title, price, total_sales, monthly_sales, weekly_sales, daily_sales_tag, hot_sales, grabbed_sales, daily_increment, product_url, monitor_date, scrape_time) 
    VALUES ('783621397638', '云米1键即热净水器X1滤芯'/*+50 bytes*/, 46.9, NULL, NULL, NULL, NULL, NULL, 1262.0, NULL, 'https://mobile.yangkeduo.com/goo'/*+29 bytes*/, '2026-04-15', datetime('now', 'localtime'))


    SELECT total_sales, price FROM "pdd市场监控"
    WHERE product_id = '456512093328' AND monitor_date = '2026-04-15'


    SELECT total_sales FROM "pdd市场监控"
    WHERE product_id = '456512093328' AND monitor_date = '2026-04-14'


    INSERT OR REPLACE INTO "pdd市场监控"
    (product_id, title, price, total_sales, monthly_sales, weekly_sales, daily_sales_tag, hot_sales, grabbed_sales, daily_increment, product_url, monitor_date, scrape_time) 
    VALUES ('456512093328', '苏泊尔净水器A6原装滤芯'/*+54 bytes*/, 21.14, 5873.0, 206.0, NULL, NULL, NULL, NULL, 4.0, 'https://mobile.yangkeduo.com/goo'/*+29 bytes*/, '2026-04-15', datetime('now', 'localtime'))


    SELECT total_sales, price FROM "pdd市场监控"
    WHERE product_id = '545939007105' AND monitor_date = '2026-04-15'


    INSERT OR REPLACE INTO "pdd市场监控"
    (product_id, title, price, total_sales, monthly_sales, weekly_sales, daily_sales_tag, hot_sales, grabbed_sales, daily_increment, product_url, monitor_date, scrape_time) 
    VALUES ('545939007105', '苏泊尔净水壶滤芯过滤壶'/*+47 bytes*/, 82.0, NULL, NULL, NULL, NULL, NULL, 5136.0, NULL, 'https://mobile.yangkeduo.com/goo'/*+29 bytes*/, '2026-04-15', datetime('now', 'localtime'))


    SELECT total_sales, price FROM "pdd市场监控"
    WHERE product_id = '886728068379' AND monitor_date = '2026-04-15'


    SELECT total_sales FROM "pdd市场监控"
    WHERE product_id = '886728068379' AND monitor_date = '2026-04-14'


    INSERT OR REPLACE INTO "pdd市场监控"
    (product_id, title, price, total_sales, monthly_sales, weekly_sales, daily_sales_tag, hot_sales, grabbed_sales, daily_increment, product_url, monitor_date, scrape_time) 
    VALUES ('886728068379', '格力净水器原厂复合滤芯'/*+37 bytes*/, 493.0, 177.0, NULL, NULL, NULL, NULL, NULL, 0.0, 'https://mobile.yangkeduo.com/goo'/*+29 bytes*/, '2026-04-15', datetime('now', 'localtime'))


    SELECT total_sales, price FROM "pdd市场监控"
    WHERE product_id = '788401208242' AND monitor_date = '2026-04-15'


    SELECT total_sales FROM "pdd市场监控"
    WHERE product_id = '788401208242' AND monitor_date = '2026-04-14'


    INSERT OR REPLACE INTO "pdd市场监控"
    (product_id, title, price, total_sales, monthly_sales, weekly_sales, daily_sales_tag, hot_sales, grabbed_sales, daily_increment, product_url, monitor_date, scrape_time) 
    VALUES ('788401208242', '长虹净水器家用厨房直饮'/*+57 bytes*/, 139.0, 2861.0, NULL, NULL, NULL, NULL, NULL, 4.0, 'https://mobile.yangkeduo.com/goo'/*+29 bytes*/, '2026-04-15', datetime('now', 'localtime'))


    SELECT total_sales, price FROM "pdd市场监控"
    WHERE product_id = '931806727141' AND monitor_date = '2026-04-15'


    SELECT total_sales FROM "pdd市场监控"
    WHERE product_id = '931806727141' AND monitor_date = '2026-04-14'


    INSERT OR REPLACE INTO "pdd市场监控"
    (product_id, title, price, total_sales, monthly_sales, weekly_sales, daily_sales_tag, hot_sales, grabbed_sales, daily_increment, product_url, monitor_date, scrape_time) 
    VALUES ('931806727141', '美的小钢炮玲珑净水器40'/*+40 bytes*/, 415.66, 236.0, NULL, NULL, NULL, NULL, NULL, 0.0, 'https://mobile.yangkeduo.com/goo'/*+29 bytes*/, '2026-04-15', datetime('now', 'localtime'))


    SELECT total_sales, price FROM "pdd市场监控"
    WHERE product_id = '928831980868' AND monitor_date = '2026-04-15'


    SELECT total_sales FROM "pdd市场监控"
    WHERE product_id = '928831980868' AND monitor_date = '2026-04-14'


    INSERT OR REPLACE INTO "pdd市场监控"
    (product_id, title, price, total_sales, monthly_sales, weekly_sales, daily_sales_tag, hot_sales, grabbed_sales, daily_increment, product_url, monitor_date, scrape_time) 
    VALUES ('928831980868', '美的小钢炮玲珑净水机RO'/*+48 bytes*/, 415.0, 14.0, NULL, NULL, NULL, NULL, NULL, 0.0, 'https://mobile.yangkeduo.com/goo'/*+29 bytes*/, '2026-04-15', datetime('now', 'localtime'))


    SELECT total_sales, price FROM "pdd市场监控"
    WHERE product_id = '860410187970' AND monitor_date = '2026-04-15'


    INSERT OR REPLACE INTO "pdd市场监控"
    (product_id, title, price, total_sales, monthly_sales, weekly_sales, daily_sales_tag, hot_sales, grabbed_sales, daily_increment, product_url, monitor_date, scrape_time) 
    VALUES ('860410187970', '安吉尔前置过滤器自动反'/*+45 bytes*/, 379.0, NULL, NULL, NULL, NULL, NULL, 21.0, NULL, 'https://mobile.yangkeduo.com/goo'/*+29 bytes*/, '2026-04-15', datetime('now', 'localtime'))


    SELECT total_sales, price FROM "pdd市场监控"
    WHERE product_id = '347525905519' AND monitor_date = '2026-04-15'


    SELECT total_sales FROM "pdd市场监控"
    WHERE product_id = '347525905519' AND monitor_date = '2026-04-14'


    INSERT OR REPLACE INTO "pdd市场监控"
    (product_id, title, price, total_sales, monthly_sales, weekly_sales, daily_sales_tag, hot_sales, grabbed_sales, daily_increment, product_url, monitor_date, scrape_time) 
    VALUES ('347525905519', '海尔家用净水器5023-3/5027'/*+43 bytes*/, 185.0, 2062.0, NULL, NULL, NULL, NULL, NULL, 0.0, 'https://mobile.yangkeduo.com/goo'/*+29 bytes*/, '2026-04-15', datetime('now', 'localtime'))


    SELECT total_sales, price FROM "pdd市场监控"
    WHERE product_id = '48199965409' AND monitor_date = '2026-04-15'


    SELECT total_sales FROM "pdd市场监控"
    WHERE product_id = '48199965409' AND monitor_date = '2026-04-14'


    INSERT OR REPLACE INTO "pdd市场监控"
    (product_id, title, price, total_sales, monthly_sales, weekly_sales, daily_sales_tag, hot_sales, grabbed_sales, daily_increment, product_url, monitor_date, scrape_time) 
    VALUES ('48199965409', '海尔家用净水器滤芯HRO75'/*+47 bytes*/, 32.9, 555.0, NULL, NULL, NULL, NULL, NULL, 0.0, 'https://mobile.yangkeduo.com/goo'/*+28 bytes*/, '2026-04-15', datetime('now', 'localtime'))

COMMIT
💾 当前页面数据已成功清洗并写入 SQLite 数据库。
💤 模拟人工停顿 4388 毫秒...

========================================
⏳ 准备访问第 16/16 个网址: https://mobile.yangkeduo.com/sjs_cat_rank_list.html?list_id=50781010204&scene_id=goods_detail%2Crelated_goods&list_sn=YWHxcqqnGstfrTZRvuZbf7eH&__list_version=2&_pdd_fs=1&_x_share_id=oELKkqautphRMeJh1GRwwa66ZXp7qveZ&refer_page_name=bangdan_list&refer_page_id=17542_1775702023473_odtept7ds1&refer_page_sn=17542&page_from=69&activeTab=1
✅ 页面加载完成，开始检测登录状态...
🔓 状态正常：已识别到商品数据，免登陆直接放行！
🎉 成功提取到 36 条商品数据，进入数据清洗入库阶段...
BEGIN

    SELECT total_sales, price FROM "pdd市场监控"
    WHERE product_id = '353140007622' AND monitor_date = '2026-04-15'


    SELECT total_sales FROM "pdd市场监控"
    WHERE product_id = '353140007622' AND monitor_date = '2026-04-14'


    INSERT OR REPLACE INTO "pdd市场监控"
    (product_id, title, price, total_sales, monthly_sales, weekly_sales, daily_sales_tag, hot_sales, grabbed_sales, daily_increment, product_url, monitor_date, scrape_time) 
    VALUES ('353140007622', '美的家用净水器 6年长效'/*+52 bytes*/, 1808.9, 13000.0, NULL, 100.0, NULL, NULL, NULL, 0.0, 'https://mobile.yangkeduo.com/goo'/*+29 bytes*/, '2026-04-15', datetime('now', 'localtime'))


    SELECT total_sales, price FROM "pdd市场监控"
    WHERE product_id = '626312797718' AND monitor_date = '2026-04-15'


    SELECT total_sales FROM "pdd市场监控"
    WHERE product_id = '626312797718' AND monitor_date = '2026-04-14'


    INSERT OR REPLACE INTO "pdd市场监控"
    (product_id, title, price, total_sales, monthly_sales, weekly_sales, daily_sales_tag, hot_sales, grabbed_sales, daily_increment, product_url, monitor_date, scrape_time) 
    VALUES ('626312797718', '美的北极星超滤净水器家'/*+57 bytes*/, 539.0, 129000.0, NULL, 200.0, NULL, NULL, NULL, 0.0, 'https://mobile.yangkeduo.com/goo'/*+29 bytes*/, '2026-04-15', datetime('now', 'localtime'))


    SELECT total_sales, price FROM "pdd市场监控"
    WHERE product_id = '786620855421' AND monitor_date = '2026-04-15'


    INSERT OR REPLACE INTO "pdd市场监控"
    (product_id, title, price, total_sales, monthly_sales, weekly_sales, daily_sales_tag, hot_sales, grabbed_sales, daily_increment, product_url, monitor_date, scrape_time) 
    VALUES ('786620855421', '美的净水器入户水管前置'/*+54 bytes*/, 316.0, NULL, NULL, NULL, 30.0, NULL, 14000.0, NULL, 'https://mobile.yangkeduo.com/goo'/*+29 bytes*/, '2026-04-15', datetime('now', 'localtime'))


    SELECT total_sales, price FROM "pdd市场监控"
    WHERE product_id = '5085107966' AND monitor_date = '2026-04-15'


    SELECT total_sales FROM "pdd市场监控"
    WHERE product_id = '5085107966' AND monitor_date = '2026-04-14'


    INSERT OR REPLACE INTO "pdd市场监控"
    (product_id, title, price, total_sales, monthly_sales, weekly_sales, daily_sales_tag, hot_sales, grabbed_sales, daily_increment, product_url, monitor_date, scrape_time) 
    VALUES ('5085107966', '美的家用净水器直饮机厨'/*+41 bytes*/, 928.0, 187000.0, NULL, 100.0, NULL, NULL, NULL, 0.0, 'https://mobile.yangkeduo.com/goo'/*+27 bytes*/, '2026-04-15', datetime('now', 'localtime'))


    SELECT total_sales, price FROM "pdd市场监控"
    WHERE product_id = '381325784135' AND monitor_date = '2026-04-15'


    SELECT total_sales FROM "pdd市场监控"
    WHERE product_id = '381325784135' AND monitor_date = '2026-04-14'


    INSERT OR REPLACE INTO "pdd市场监控"
    (product_id, title, price, total_sales, monthly_sales, weekly_sales, daily_sales_tag, hot_sales, grabbed_sales, daily_increment, product_url, monitor_date, scrape_time) 
    VALUES ('381325784135', '美的净水器家用陶氏5年R'/*+48 bytes*/, 1674.0, 1757.0, 250.0, NULL, NULL, NULL, NULL, 13.0, 'https://mobile.yangkeduo.com/goo'/*+29 bytes*/, '2026-04-15', datetime('now', 'localtime'))


    SELECT total_sales, price FROM "pdd市场监控"
    WHERE product_id = '758048911119' AND monitor_date = '2026-04-15'


    SELECT total_sales FROM "pdd市场监控"
    WHERE product_id = '758048911119' AND monitor_date = '2026-04-14'


    INSERT OR REPLACE INTO "pdd市场监控"
    (product_id, title, price, total_sales, monthly_sales, weekly_sales, daily_sales_tag, hot_sales, grabbed_sales, daily_increment, product_url, monitor_date, scrape_time) 
    VALUES ('758048911119', '美的净水器家用接近1200G'/*+54 bytes*/, 809.54, 18000.0, 390.0, NULL, NULL, NULL, NULL, 0.0, 'https://mobile.yangkeduo.com/goo'/*+29 bytes*/, '2026-04-15', datetime('now', 'localtime'))


    SELECT total_sales, price FROM "pdd市场监控"
    WHERE product_id = '848527848893' AND monitor_date = '2026-04-15'


    SELECT total_sales FROM "pdd市场监控"
    WHERE product_id = '848527848893' AND monitor_date = '2026-04-14'


    INSERT OR REPLACE INTO "pdd市场监控"
    (product_id, title, price, total_sales, monthly_sales, weekly_sales, daily_sales_tag, hot_sales, grabbed_sales, daily_increment, product_url, monitor_date, scrape_time) 
    VALUES ('848527848893', '美的弱碱净水器星河3.0矿'/*+47 bytes*/, 2946.99, 101.0, NULL, NULL, NULL, NULL, NULL, 3.0, 'https://mobile.yangkeduo.com/goo'/*+29 bytes*/, '2026-04-15', datetime('now', 'localtime'))


    SELECT total_sales, price FROM "pdd市场监控"
    WHERE product_id = '917687138596' AND monitor_date = '2026-04-15'


    SELECT total_sales FROM "pdd市场监控"
    WHERE product_id = '917687138596' AND monitor_date = '2026-04-14'


    INSERT OR REPLACE INTO "pdd市场监控"
    (product_id, title, price, total_sales, monthly_sales, weekly_sales, daily_sales_tag, hot_sales, grabbed_sales, daily_increment, product_url, monitor_date, scrape_time) 
    VALUES ('917687138596', '美的净水器1000G大通量母'/*+54 bytes*/, 1049.0, 201.0, NULL, NULL, NULL, NULL, NULL, 7.0, 'https://mobile.yangkeduo.com/goo'/*+29 bytes*/, '2026-04-15', datetime('now', 'localtime'))


    SELECT total_sales, price FROM "pdd市场监控"
    WHERE product_id = '535803886887' AND monitor_date = '2026-04-15'


    INSERT OR REPLACE INTO "pdd市场监控"
    (product_id, title, price, total_sales, monthly_sales, weekly_sales, daily_sales_tag, hot_sales, grabbed_sales, daily_increment, product_url, monitor_date, scrape_time) 
    VALUES ('535803886887', '美的家用净水器 厨下式1'/*+50 bytes*/, 1674.0, NULL, 346.0, NULL, NULL, NULL, 5067.0, NULL, 'https://mobile.yangkeduo.com/goo'/*+29 bytes*/, '2026-04-15', datetime('now', 'localtime'))


    SELECT total_sales, price FROM "pdd市场监控"
    WHERE product_id = '920922189770' AND monitor_date = '2026-04-15'


    INSERT OR REPLACE INTO "pdd市场监控"
    (product_id, title, price, total_sales, monthly_sales, weekly_sales, daily_sales_tag, hot_sales, grabbed_sales, daily_increment, product_url, monitor_date, scrape_time) 
    VALUES ('920922189770', '美的净水器家用白泽1200M'/*+45 bytes*/, 1498.0, NULL, NULL, NULL, NULL, NULL, 176.0, NULL, 'https://mobile.yangkeduo.com/goo'/*+29 bytes*/, '2026-04-15', datetime('now', 'localtime'))


    SELECT total_sales, price FROM "pdd市场监控"
    WHERE product_id = '891321537259' AND monitor_date = '2026-04-15'


    SELECT total_sales FROM "pdd市场监控"
    WHERE product_id = '891321537259' AND monitor_date = '2026-04-14'


    INSERT OR REPLACE INTO "pdd市场监控"
    (product_id, title, price, total_sales, monthly_sales, weekly_sales, daily_sales_tag, hot_sales, grabbed_sales, daily_increment, product_url, monitor_date, scrape_time) 
    VALUES ('891321537259', '美的星河净矿2.0净水器12'/*+51 bytes*/, 2496.0, 4227.0, NULL, NULL, NULL, NULL, NULL, NULL, 'https://mobile.yangkeduo.com/goo'/*+29 bytes*/, '2026-04-15', datetime('now', 'localtime'))


    SELECT total_sales, price FROM "pdd市场监控"
    WHERE product_id = '856971145601' AND monitor_date = '2026-04-15'


    INSERT OR REPLACE INTO "pdd市场监控"
    (product_id, title, price, total_sales, monthly_sales, weekly_sales, daily_sales_tag, hot_sales, grabbed_sales, daily_increment, product_url, monitor_date, scrape_time) 
    VALUES ('856971145601', '美的鲜矿水净水器双出水'/*+51 bytes*/, 2187.0, NULL, NULL, NULL, NULL, NULL, 356.0, NULL, 'https://mobile.yangkeduo.com/goo'/*+29 bytes*/, '2026-04-15', datetime('now', 'localtime'))


    SELECT total_sales, price FROM "pdd市场监控"
    WHERE product_id = '872010839953' AND monitor_date = '2026-04-15'


    INSERT OR REPLACE INTO "pdd市场监控"
    (product_id, title, price, total_sales, monthly_sales, weekly_sales, daily_sales_tag, hot_sales, grabbed_sales, daily_increment, product_url, monitor_date, scrape_time) 
    VALUES ('872010839953', '美的前置过滤器家用超15'/*+55 bytes*/, 459.9, NULL, 213.0, NULL, NULL, NULL, 462.0, NULL, 'https://mobile.yangkeduo.com/goo'/*+29 bytes*/, '2026-04-15', datetime('now', 'localtime'))


    SELECT total_sales, price FROM "pdd市场监控"
    WHERE product_id = '458897903176' AND monitor_date = '2026-04-15'


    INSERT OR REPLACE INTO "pdd市场监控"
    (product_id, title, price, total_sales, monthly_sales, weekly_sales, daily_sales_tag, hot_sales, grabbed_sales, daily_increment, product_url, monitor_date, scrape_time) 
    VALUES ('458897903176', '美的家用净水器伴侣 超薄'/*+49 bytes*/, 1479.0, NULL, NULL, NULL, NULL, NULL, 845.0, NULL, 'https://mobile.yangkeduo.com/goo'/*+29 bytes*/, '2026-04-15', datetime('now', 'localtime'))


    SELECT total_sales, price FROM "pdd市场监控"
    WHERE product_id = '428434536561' AND monitor_date = '2026-04-15'


    SELECT total_sales FROM "pdd市场监控"
    WHERE product_id = '428434536561' AND monitor_date = '2026-04-14'


    INSERT OR REPLACE INTO "pdd市场监控"
    (product_id, title, price, total_sales, monthly_sales, weekly_sales, daily_sales_tag, hot_sales, grabbed_sales, daily_increment, product_url, monitor_date, scrape_time) 
    VALUES ('428434536561', '美的净水器家用直饮机RO'/*+55 bytes*/, 894.0, 10000.0, NULL, NULL, NULL, NULL, NULL, 0.0, 'https://mobile.yangkeduo.com/goo'/*+29 bytes*/, '2026-04-15', datetime('now', 'localtime'))


    SELECT total_sales, price FROM "pdd市场监控"
    WHERE product_id = '659181857072' AND monitor_date = '2026-04-15'


    INSERT OR REPLACE INTO "pdd市场监控"
    (product_id, title, price, total_sales, monthly_sales, weekly_sales, daily_sales_tag, hot_sales, grabbed_sales, daily_increment, product_url, monitor_date, scrape_time) 
    VALUES ('659181857072', '【官翻机】美的净水器家'/*+52 bytes*/, 1109.0, NULL, NULL, NULL, NULL, NULL, 1186.0, NULL, 'https://mobile.yangkeduo.com/goo'/*+29 bytes*/, '2026-04-15', datetime('now', 'localtime'))


    SELECT total_sales, price FROM "pdd市场监控"
    WHERE product_id = '394356781464' AND monitor_date = '2026-04-15'


    SELECT total_sales FROM "pdd市场监控"
    WHERE product_id = '394356781464' AND monitor_date = '2026-04-14'


    INSERT OR REPLACE INTO "pdd市场监控"
    (product_id, title, price, total_sales, monthly_sales, weekly_sales, daily_sales_tag, hot_sales, grabbed_sales, daily_increment, product_url, monitor_date, scrape_time) 
    VALUES ('394356781464', '美的全屋自来水家用前置'/*+50 bytes*/, 478.0, 27000.0, NULL, NULL, NULL, NULL, NULL, NULL, 'https://mobile.yangkeduo.com/goo'/*+29 bytes*/, '2026-04-15', datetime('now', 'localtime'))


    SELECT total_sales, price FROM "pdd市场监控"
    WHERE product_id = '423406945889' AND monitor_date = '2026-04-15'


    INSERT OR REPLACE INTO "pdd市场监控"
    (product_id, title, price, total_sales, monthly_sales, weekly_sales, daily_sales_tag, hot_sales, grabbed_sales, daily_increment, product_url, monitor_date, scrape_time) 
    VALUES ('423406945889', '美的净水器家用厨房直饮'/*+52 bytes*/, 1206.07, NULL, NULL, NULL, NULL, NULL, 600.0, NULL, 'https://mobile.yangkeduo.com/goo'/*+29 bytes*/, '2026-04-15', datetime('now', 'localtime'))


    SELECT total_sales, price FROM "pdd市场监控"
    WHERE product_id = '896550700189' AND monitor_date = '2026-04-15'


    INSERT OR REPLACE INTO "pdd市场监控"
    (product_id, title, price, total_sales, monthly_sales, weekly_sales, daily_sales_tag, hot_sales, grabbed_sales, daily_increment, product_url, monitor_date, scrape_time) 
    VALUES ('896550700189', '美的净水器白月光1200GPRO'/*+52 bytes*/, 3049.0, NULL, NULL, NULL, NULL, NULL, 88.0, NULL, 'https://mobile.yangkeduo.com/goo'/*+29 bytes*/, '2026-04-15', datetime('now', 'localtime'))


    SELECT total_sales, price FROM "pdd市场监控"
    WHERE product_id = '857375738478' AND monitor_date = '2026-04-15'


    INSERT OR REPLACE INTO "pdd市场监控"
    (product_id, title, price, total_sales, monthly_sales, weekly_sales, daily_sales_tag, hot_sales, grabbed_sales, daily_increment, product_url, monitor_date, scrape_time) 
    VALUES ('857375738478', '美的净水器母婴级家用直'/*+53 bytes*/, 1309.0, NULL, NULL, NULL, NULL, NULL, 487.0, NULL, 'https://mobile.yangkeduo.com/goo'/*+29 bytes*/, '2026-04-15', datetime('now', 'localtime'))


    SELECT total_sales, price FROM "pdd市场监控"
    WHERE product_id = '5085107966' AND monitor_date = '2026-04-15'


    SELECT total_sales, price FROM "pdd市场监控"
    WHERE product_id = '882364625777' AND monitor_date = '2026-04-15'


    INSERT OR REPLACE INTO "pdd市场监控"
    (product_id, title, price, total_sales, monthly_sales, weekly_sales, daily_sales_tag, hot_sales, grabbed_sales, daily_increment, product_url, monitor_date, scrape_time) 
    VALUES ('882364625777', '美的净水器同比1200G大流'/*+48 bytes*/, 874.0, NULL, NULL, NULL, NULL, NULL, NULL, NULL, 'https://mobile.yangkeduo.com/goo'/*+29 bytes*/, '2026-04-15', datetime('now', 'localtime'))


    SELECT total_sales, price FROM "pdd市场监控"
    WHERE product_id = '458897903176' AND monitor_date = '2026-04-15'


    INSERT OR REPLACE INTO "pdd市场监控"
    (product_id, title, price, total_sales, monthly_sales, weekly_sales, daily_sales_tag, hot_sales, grabbed_sales, daily_increment, product_url, monitor_date, scrape_time) 
    VALUES ('458897903176', '美的家用净水器伴侣 超薄'/*+49 bytes*/, 1479.0, NULL, NULL, NULL, NULL, NULL, NULL, NULL, 'https://mobile.yangkeduo.com/goo'/*+29 bytes*/, '2026-04-15', datetime('now', 'localtime'))


    SELECT total_sales, price FROM "pdd市场监控"
    WHERE product_id = '758048911119' AND monitor_date = '2026-04-15'


    SELECT total_sales, price FROM "pdd市场监控"
    WHERE product_id = '872010839953' AND monitor_date = '2026-04-15'


    INSERT OR REPLACE INTO "pdd市场监控"
    (product_id, title, price, total_sales, monthly_sales, weekly_sales, daily_sales_tag, hot_sales, grabbed_sales, daily_increment, product_url, monitor_date, scrape_time) 
    VALUES ('872010839953', '美的前置过滤器家用超15'/*+55 bytes*/, 459.9, NULL, 213.0, NULL, NULL, NULL, NULL, NULL, 'https://mobile.yangkeduo.com/goo'/*+29 bytes*/, '2026-04-15', datetime('now', 'localtime'))


    SELECT total_sales, price FROM "pdd市场监控"
    WHERE product_id = '571724488626' AND monitor_date = '2026-04-15'


    SELECT total_sales, price FROM "pdd市场监控"
    WHERE product_id = '326851167288' AND monitor_date = '2026-04-15'


    INSERT OR REPLACE INTO "pdd市场监控"
    (product_id, title, price, total_sales, monthly_sales, weekly_sales, daily_sales_tag, hot_sales, grabbed_sales, daily_increment, product_url, monitor_date, scrape_time) 
    VALUES ('326851167288', '美的净水器家用双出水大'/*+55 bytes*/, 809.0, NULL, NULL, NULL, NULL, NULL, NULL, NULL, 'https://mobile.yangkeduo.com/goo'/*+29 bytes*/, '2026-04-15', datetime('now', 'localtime'))


    SELECT total_sales, price FROM "pdd市场监控"
    WHERE product_id = '265149114182' AND monitor_date = '2026-04-15'


    INSERT OR REPLACE INTO "pdd市场监控"
    (product_id, title, price, total_sales, monthly_sales, weekly_sales, daily_sales_tag, hot_sales, grabbed_sales, daily_increment, product_url, monitor_date, scrape_time) 
    VALUES ('265149114182', '美的家用净水器1200G PRO 6'/*+51 bytes*/, 2659.0, NULL, NULL, NULL, NULL, NULL, NULL, NULL, 'https://mobile.yangkeduo.com/goo'/*+29 bytes*/, '2026-04-15', datetime('now', 'localtime'))


    SELECT total_sales, price FROM "pdd市场监控"
    WHERE product_id = '918975091470' AND monitor_date = '2026-04-15'


    INSERT OR REPLACE INTO "pdd市场监控"
    (product_id, title, price, total_sales, monthly_sales, weekly_sales, daily_sales_tag, hot_sales, grabbed_sales, daily_increment, product_url, monitor_date, scrape_time) 
    VALUES ('918975091470', '美的双出水净水器小体积'/*+56 bytes*/, 959.0, NULL, NULL, NULL, NULL, NULL, NULL, NULL, 'https://mobile.yangkeduo.com/goo'/*+29 bytes*/, '2026-04-15', datetime('now', 'localtime'))


    SELECT total_sales, price FROM "pdd市场监控"
    WHERE product_id = '230515442021' AND monitor_date = '2026-04-15'


    INSERT OR REPLACE INTO "pdd市场监控"
    (product_id, title, price, total_sales, monthly_sales, weekly_sales, daily_sales_tag, hot_sales, grabbed_sales, daily_increment, product_url, monitor_date, scrape_time) 
    VALUES ('230515442021', '美的净水器家用纯净双出'/*+53 bytes*/, 1809.0, NULL, NULL, NULL, NULL, NULL, NULL, NULL, 'https://mobile.yangkeduo.com/goo'/*+29 bytes*/, '2026-04-15', datetime('now', 'localtime'))


    SELECT total_sales, price FROM "pdd市场监控"
    WHERE product_id = '353140007622' AND monitor_date = '2026-04-15'


    SELECT total_sales, price FROM "pdd市场监控"
    WHERE product_id = '428434536561' AND monitor_date = '2026-04-15'


    SELECT total_sales, price FROM "pdd市场监控"
    WHERE product_id = '411572747691' AND monitor_date = '2026-04-15'


    INSERT OR REPLACE INTO "pdd市场监控"
    (product_id, title, price, total_sales, monthly_sales, weekly_sales, daily_sales_tag, hot_sales, grabbed_sales, daily_increment, product_url, monitor_date, scrape_time) 
    VALUES ('411572747691', '美的家用净水器 6年长效'/*+47 bytes*/, 3129.0, NULL, NULL, NULL, NULL, NULL, NULL, NULL, 'https://mobile.yangkeduo.com/goo'/*+29 bytes*/, '2026-04-15', datetime('now', 'localtime'))


    SELECT total_sales, price FROM "pdd市场监控"
    WHERE product_id = '251362109724' AND monitor_date = '2026-04-15'


    INSERT OR REPLACE INTO "pdd市场监控"
    (product_id, title, price, total_sales, monthly_sales, weekly_sales, daily_sales_tag, hot_sales, grabbed_sales, daily_increment, product_url, monitor_date, scrape_time) 
    VALUES ('251362109724', '美的管线机壁挂式即热即'/*+52 bytes*/, 1014.09, NULL, NULL, NULL, NULL, NULL, NULL, NULL, 'https://mobile.yangkeduo.com/goo'/*+29 bytes*/, '2026-04-15', datetime('now', 'localtime'))


    SELECT total_sales, price FROM "pdd市场监控"
    WHERE product_id = '859881245323' AND monitor_date = '2026-04-15'


    INSERT OR REPLACE INTO "pdd市场监控"
    (product_id, title, price, total_sales, monthly_sales, weekly_sales, daily_sales_tag, hot_sales, grabbed_sales, daily_increment, product_url, monitor_date, scrape_time) 
    VALUES ('859881245323', '美的鲜矿水净水器双出水'/*+51 bytes*/, 2497.0, NULL, NULL, NULL, NULL, NULL, NULL, NULL, 'https://mobile.yangkeduo.com/goo'/*+29 bytes*/, '2026-04-15', datetime('now', 'localtime'))


    SELECT total_sales, price FROM "pdd市场监控"
    WHERE product_id = '639976240968' AND monitor_date = '2026-04-15'


    INSERT OR REPLACE INTO "pdd市场监控"
    (product_id, title, price, total_sales, monthly_sales, weekly_sales, daily_sales_tag, hot_sales, grabbed_sales, daily_increment, product_url, monitor_date, scrape_time) 
    VALUES ('639976240968', '美的净水器家用管线机速'/*+53 bytes*/, 2241.0, NULL, NULL, NULL, NULL, NULL, NULL, NULL, 'https://mobile.yangkeduo.com/goo'/*+29 bytes*/, '2026-04-15', datetime('now', 'localtime'))

COMMIT
💾 当前页面数据已成功清洗并写入 SQLite 数据库。
💤 模拟人工停顿 3672 毫秒...

========================================
🎯 任务结束！
[ 9:35:01.29] ==============================================
[ 9:35:01.29] 任务流结束。

